آبخانە	ps	آبخانَە
اخته	ps	اخته
استقلال	ps	استقلال
امېل	ps	امېل
اوبه	ps	اوبه
اوش	ps	اوش
اړول	ps	اړُول
بارکزی	ps	بارکزَی
برابر	ps	بَرابَر
بلغاريا	ps	بُلغاريا
بکاڼه	ps	بکاڼه
تاسې	ps	تاسې
تود	ps	تود
جکړ	ps	جکړ
دغه	ps	دغه
راوستل	ps	راوستل
رڼا	ps	رُڼا
سخی	ps	سْخَی
سپوږمۍ	ps	سْپوږمۍ
شالي	ps	شالي
تانۀ	ps	تانۀ
كاچوغه	ps	كاچوغه
لړم	ps	لَړَم
ماما	ps	ماما
مني	ps	مَني
نطفه	ps	نطفه
نوي	ps	نَوي
نژدې	ps	نِژدې
ټکی	ps	ټکَی
پرتله	ps	پرْتله
پلاله	ps	پلاله
ځار	ps	ځار
ځنګل	ps	ځنګل
څادر	ps	څادَر
څرخول	ps	څَرخَول
چای	ps	چای
ډنګر	ps	ډَنګر
ژامه	ps	ژامه
ژګاګ	ps	ژِګاګ
کوټ	ps	کوټ
کېدل	ps	کېدل
ګڼ	ps	ګَڼ
روژه	ps	روژه
اب	ps	اب
ابل	ps	ابْل
ابلو	ps	ابلو
ابوبکررضی	ps	ابوْبْکرْرضی
ابېدو	ps	ابېدو
اتردې	ps	اتْرْدې
اتریش	ps	اتریش
اتشي	ps	اتشي
اتلسو	ps	اتلَسو
اتلولى	ps	اتلولِى
اتممت	ps	اتْمْمَت
اتنيكي	ps	اتنيكي
اتوبجوپه	ps	اتوبجوپه
اتومبيل	ps	اتومبيل
اتوپه	ps	اتوپه
اتوکې	ps	اتوکې
اتيژيكى	ps	اتيژيكِى
اتېژيکو	ps	اتېژيکو
اثرته	ps	اثرته
اثرلري	ps	اثَرْلري
اثري	ps	اثَري
اجد	ps	اجْد
اجز	ps	اجْز
اجوره	ps	اجوره
اجيرکيدل	ps	اجيرکيدل
احدې	ps	احَدې
احزب	ps	احْزْب
احل	ps	احْل
احمدسعيد	ps	احمدْسعيد
احمدقریشی	ps	احمدْقْریشی
احمده	ps	احْمده
احمدژوند	ps	احمدْژوْنْد
احیستی	ps	احیستی
اختردورځې	ps	اختردُورْځې
اختره	ps	اخْتره
اختریز	ps	اخْتریز
اخـــير	ps	اخـــير
اخليڅکه	ps	اخليڅکه
اخيربه	ps	اخيربه
اخيري	ps	اخيري
اخيستلو	ps	اخيسْتلو
اخيستنې	ps	اخيسْتنې
اخيستی	ps	اخيستی
اخیرينی	ps	اخیرينی
اخیستني	ps	اخیسْتني
اخیستونکي	ps	اخیستونَکي
اخیستیل	ps	اخیستیل
اخییستی	ps	اخِییستی
اخېستله	ps	اخېسْتله
اخېستی	ps	اخېستَی
ادبئ	ps	ادَبئ
ادبي	ps	ادَبي
ادبيت	ps	ادَبيت
ادر	ps	ادر
ادرس	ps	ادرْس
ادرک	ps	ادرْک
ادق	ps	ادَق
اده	ps	اده
ادڼه	ps	ادَڼه
ارتين	ps	ارتين
اردوسره	ps	اردوسره
ارزش	ps	ارزَش
ارزو	ps	ارزُو
ارسلنك	ps	ارْسْلَنك
ارشي	ps	ارشي
ارل	ps	ارْل
ارمرګروپ	ps	ارْمْرْګْروپ
ارميرویم	ps	ارميرُویم
ارنولد	ps	ارنولْد
ارو	ps	ارو
اروزلو	ps	اروزلو
اروېدلي	ps	ارُوېدلي
ارټی	ps	ارټی
ارچي	ps	ارچي
ارکښې	ps	ارْکْښې
ارګمي	ps	ارګَمي
اریب	ps	اریب
ازبکه	ps	ازْبْکه
ازجمله	ps	ازْجْمْله
ازل	ps	ازَل
ازمووين	ps	ازمووين
ازميني	ps	ازميني
ازيګر	ps	ازيګَر
ازکشور	ps	ازْکْشور
ازېتوب	ps	ازېتوب
استوګني	ps	استوګُني
استوګنځې	ps	استوګنځې
استگنو	ps	اسْتْگُنو
اسده	ps	اسَده
اسفند	ps	اسفنْد
اسلحـــــــــــــۍ	ps	اسْلحـــــــــــــۍ
اسلي	ps	اسلي
اسمو	ps	اسمو
اسودګۍ	ps	اسودَګۍ
اسویلی	ps	اسَویلی
اسيمه	ps	اسيمه
اسټیفن	ps	اسټیفن
اسپښين	ps	اسْپْښين
اسکلیت	ps	اسْکْلیت
اسګو	ps	اسګو
اسیرول	ps	اسیرول
اشبع	ps	اشبع
اشرح	ps	اشرح
اشرکي	ps	اشْرکي
اشفق	ps	اشفق
اشنـــــــــا	ps	اشنِـــــــــا
اصو	ps	اصُو
اصیلو	ps	اصیلُو
اضطر	ps	اضطر
اضیه	ps	اضِیه
افسرې	ps	افسَرې
افضل	ps	افضَل
افـــــــ	ps	افْـــــــ
افقی	ps	افقی
افيکى	ps	افيکِى
افکر	ps	افکَر
اكسفورډ	ps	اكْسْفورْډ
اكيډيمۍ	ps	اكيډيمۍ
اكړل	ps	اكْړْل
الأمره	ps	الأمره
البديهه	ps	الْبديهه
البرق	ps	البَرْق
التحريرپه	ps	التَحريرپه
التخمة	ps	التخمة
التشریع	ps	التشریع
التين	ps	التين
الجزيري	ps	الْجْزيري
الجسم	ps	الْجسم
الجیشی	ps	الجیشی
الحبیب	ps	الْحبیب
الحديد	ps	الْحديد
الحقيقة	ps	الْحقيقة
الحميد	ps	الْحميد
الزهد	ps	الْزهد
السحر	ps	الْسْحْر
السهر	ps	الْسهر
الشربت	ps	الشَربَت
الشريعه	ps	الْشريعه
الشـعـب	ps	الشَـعْـب
الظرب	ps	الظَرْب
العجب	ps	العَجْب
العزت	ps	العَزْت
العفو	ps	العَفُو
العلق	ps	العَلْق
الفحرى	ps	الفَحرِى
الفرید	ps	الْفرید
الفوت	ps	الفُوت
الفی	ps	الفی
القبس	ps	القَبْس
الكدرمن	ps	الكَدْرْمَن
المدعى	ps	الْمدَعى
المردي	ps	المَردي
المسلين	ps	المَسلين
المعجم	ps	المَعجَم
المقری	ps	المُقری
الملی	ps	الْملی
المنفعه	ps	المنْفعه
المکي	ps	المَکي
الني	ps	الني
الوتكه	ps	الوْتكه
الوتلې	ps	الوْتَلې
الوتکي	ps	الوْتکي
الوريد	ps	الوْريد
الوزوی	ps	الوْزَوی
الوشن	ps	الوْشن
الوقتو	ps	الوْقتُو
الونه	ps	الوْنه
الټی	ps	الټی
الکتريک	ps	الکَتريک
الکس	ps	الکَس
الکټل	ps	الکَټْل
امجد	ps	امجد
امرم	ps	امَرم
امروكړ	ps	امروْكْړ
امريت	ps	امَريت
امريي	ps	امرِيي
امسآ	ps	امسآ
امشب	ps	امشب
امــــــــــ	ps	امْــــــــــ
امـيــن	ps	امْـيــن
امله	ps	امَله
امنت	ps	امَنَت
امنم	ps	امَنَم
امنۍ	ps	امَنۍ
امي	ps	امي
اميـــــــل	ps	اميـــــــل
امينځ	ps	امينْځ
امیدو	ps	امیدُو
امیدۍ	ps	امیدۍ
امۍ	ps	امۍ
انترنيت	ps	انترنيت
انترنیټ	ps	انترنیټ
انترپول	ps	انترْپوْلْ
انجنیر	ps	انْجنیر
انجنیرۍ	ps	انْجنیرۍ
انجيلونه	ps	انجيلونه
انجينير	ps	انجينير
انجينيير	ps	انجينِيير
اندز	ps	اندز
اندنې	ps	انْدنې
انديشنې	ps	انديشنې
اندک	ps	انْدْک
اندیشه	ps	اندیشه
اندیښنو	ps	اندیښنو
اندېشه	ps	اندېشه
اندېښني	ps	اندېښني
انرژى	ps	انْرْژِى
انسو	ps	انسُو
انسپورت	ps	انْسْپوْرْت
انشتین	ps	انْشْتین
انيسدولتي	ps	انيسدولتي
انځرگل	ps	انځرْگْل
انځو	ps	انځو
انچو	ps	انچو
انی	ps	انی
انیستلو	ps	انیسْتلو
اهده	ps	اهده
اهليته	ps	اهليته
اهميتلکه	ps	اهمَيتلَکه
اهيت	ps	اهيت
اهیم	ps	اهیم
اوبتلو	ps	اوبْتلو
اوبخپله	ps	اوبْخْپله
اوبدبختی	ps	اوبْدْبختی
اوبرخلیک	ps	اوبْرْخلیک
اوبشرې	ps	اوبْشْرې
اوبـــو	ps	اوبْـــو
اوبلجیمی	ps	اوبلَجیمی
اوبلو	ps	اوبلو
اوبلي	ps	اوبلي
اوبوپروژې	ps	اوبوْپْروژې
اوبياد	ps	اوبياد
اوبيزې	ps	اوبيزې
اوبیله	ps	اوبیله
اوبېل	ps	اوبېل
اوترو	ps	اوتَرو
اوتروس	ps	اوتَروس
اوترکومه	ps	اوترکومه
اوترې	ps	اوتَرې
اوتشکر	ps	اوتْشْکر
اوتفريحي	ps	اوتفريحي
اوتیرودولتونوته	ps	اوتیرودولتونوته
اوختې	ps	اوختې
اوخرځه	ps	اوخْرْځه
اوخصلت	ps	اوخْصلت
اوخليل	ps	اوخليل
اوخوردې	ps	اوخوردې
اوخون	ps	اوخون
اودبدبه	ps	اودبدبه
اودردديوه	ps	اودرْدْديوه
اودره	ps	اودَره
اودروسي	ps	اودَروْسْي
اودرپه	ps	اودَرپه
اودسرتير	ps	اودَسرتير
اودسستۍ	ps	اودَسستۍ
اودشبکې	ps	اودشبکې
اودملکی	ps	اودْملَکی
اودمچولو	ps	اودْمْچولو
اودننه	ps	اودْننه
اودټپي	ps	اودْټْپي
اودپردونه	ps	اودْپْرْدونه
اودپلي	ps	اودْپْلي
اودپوښ	ps	اودپوښ
اودپيښې	ps	اودپيښې
اودپښتوله	ps	اودْپْښْتوله
اودډېرو	ps	اودډېرو
اودښه	ps	اودښه
اوربــل	ps	اوربــل
اوربندپه	ps	اوربنْدْپه
اوردند	ps	اوردنْد
اورورين	ps	اورورين
اوروزی	ps	اوروزی
اورومه	ps	اورومه
اورونوکې	ps	اورونوکې
اوريدلوبه	ps	اوريدلوبه
اوريدولونه	ps	اوريدولونه
اوريزخمي	ps	اوريزخَمي
اورينه	ps	اورينه
اورپکى	ps	اورْپْکِى
اورژېدل	ps	اورژېدَل
اوست	ps	اوسْت
اوسترګود	ps	اوسْتْرګود
اوستلې	ps	اوسْتلې
اوستونزمن	ps	اوستونْزمن
اوستونځمن	ps	اوستونْځْمن
اوستې	ps	اوستې
اوسرچينه	ps	اوسرچينه
اوسستی	ps	اوسستی
اوســـــــــــه	ps	اوسْـــــــــــه
اوسنۍ	ps	اوسَنۍ
اوسو	ps	اوسُو
اوسيلې	ps	اوسيلې
اوسپرلي	ps	اوسپَرلي
اوسپنی	ps	اوسْپنی
اوسپوږمې	ps	اوسپوږمې
اوسپڅلي	ps	اوسپڅلي
اوسپییڅلی	ps	اوسپییڅلی
اوسړک	ps	اوسړک
اوسیدلو	ps	اوسیدلو
اوسیږی	ps	اوسیږی
اوسېدلم	ps	اوسېدلم
اوسېدوخونې	ps	اوسېدوخونې
اوشخصيت	ps	اوشْخصيت
اوشرق	ps	اوشْرْق
اوشمل	ps	اوشمَل
اوشنډی	ps	اوشنَډی
اوشيرپورزړه	ps	اوشيرپورْزْړه
اوشپيته	ps	اوشپيته
اوشړل	ps	اوشْړْل
اوصدقه	ps	اوصَدَقه
اوصوبه	ps	اوصُوبه
اوكركې	ps	اوكْرْكې
اوكـــــــــړيدل	ps	اوكـــــــــړيدل
اوكنترول	ps	اوكْنْتْرول
اوكي	ps	اوكي
اوكړنوته	ps	اوكْړنوته
اولر	ps	اولر
اولســــ	ps	اولْسْــــ
اولسمه	ps	اولْسْمه
اولفظي	ps	اولْفْظي
اولمنځه	ps	اولْمْنځه
اولکې	ps	اولکې
اومرسته	ps	اومَرسته
اومرمی	ps	اومرمی
اومرکزی	ps	اومرْکزی
اومستدله	ps	اومستدله
اومسلكې	ps	اومسْلكې
اومسلکي	ps	اومسْلکي
اومشرک	ps	اومشرْک
اومشکل	ps	اومشکْل
اومصنوعي	ps	اومصنوعي
اومقصد	ps	اومقصد
اوموسم	ps	اوموسم
اومين	ps	اومين
اومپوري	ps	اومپوري
اومیلیت	ps	اومیلیت
اون	ps	اون
اونبض	ps	اونَبَض
اونجونو	ps	اونَجونو
اونزدي	ps	اونَزَدي
اونميروز	ps	اونَميروز
اونورددې	ps	اونوْرْدَدې
اونورلوګ	ps	اونوْرْلوْګْ
اونورنه	ps	اونوْرْنه
اونيكې	ps	اونيكې
اونیستۍ	ps	اونیستۍ
اونیکې	ps	اونیکې
اونېزې	ps	اونېزې
اوهــــدف	ps	اوهــــدَف
اووتل	ps	اووتْل
اووسلو	ps	اووسلُو
اووښتو	ps	اووښتو
اووینم	ps	اووینم
اووېویل	ps	اووېویل
اويخنۍ	ps	اويخنۍ
اوټولې	ps	اوټولې
اوټک	ps	اوټْک
اوپرتمينه	ps	اوپْرْتمينه
اوپردي	ps	اوپْرْدي
اوپښويې	ps	اوپَښويې
اوپکې	ps	اوپَکې
اوپیرې	ps	اوپیرې
اوځنې	ps	اوځَنې
اوځينو	ps	اوځينو
اوځېنې	ps	اوځېنې
اوڅـــــه	ps	اوڅْـــــه
اوڅوك	ps	اوڅوك
اوڅښلو	ps	اوڅښلو
اوڅېړنيزي	ps	اوڅېړَنيزي
اوچتيدل	ps	اوچَتيدل
اوچورلي	ps	اوچَورلي
اوچيرې	ps	اوچيرې
اوچټکی	ps	اوچټَکی
اوچی	ps	اوچی
اوډلی	ps	اوډلی
اوډوزڅخه	ps	اوډوزْڅْخه
اوډير	ps	اوډير
اوډيريدل	ps	اوډيريدل
اوډیر	ps	اوډیر
اوډیرژربه	ps	اوډیرژربه
اوډېرو	ps	اوډېرو
اوړنه	ps	اوړَنه
اوړوپه	ps	اوړوپه
اوړیدئ	ps	اوړیدئ
اوږديسوله	ps	اوږديسوله
اوږدیدوته	ps	اوږدیدوته
اوږلي	ps	اوږلي
اوښكى	ps	اوښكِى
اوښڅينه	ps	اوښڅينه
اوښکو	ps	اوښکُو
اوښکی	ps	اوښکی
اوک	ps	اوک
اوکله	ps	اوکله
اوکلیدی	ps	اوکلیدی
اوکي	ps	اوکي
اوکړم	ps	اوکْړْم
اوکښته	ps	اوکْښْته
اوګرمې	ps	اوګَرَمې
اوګمبېري	ps	اوګَمبېري
اوګوری	ps	اوګوری
اوګوښه	ps	اوګوښه
اوګړندي	ps	اوګړندي
اوگډه	ps	اوگډه
اویقینی	ps	اویقینی
اویوموټروسله	ps	اویوموټروسله
اياګ	ps	اياګ
ايرې	ps	ايرې
ايس	ps	ايس
ايسترن	ps	ايسترْن
ايستلى	ps	ايسْتلِى
ايسوسي	ps	ايسوسي
ايسېدی	ps	ايسېدی
ايشور	ps	ايشور
ايشين	ps	ايشين
ايښى	ps	ايښى
ايکل	ps	ايکْل
ايگو	ps	ايگو
اټكلى	ps	اټْكْلى
اټمې	ps	اټمې
اټولی	ps	اټولی
اپتونه	ps	اپتونه
اپرېدو	ps	اپرېدو
اپولو	ps	اپولو
اپينو	ps	اپينو
اځي	ps	اځي
اڅرګنديدو	ps	اڅْرْګنديدُو
اچو	ps	اچو
اډمن	ps	اډمن
اډول	ps	اډول
اډيت	ps	اډيت
اډکين	ps	اډکين
اړخى	ps	اړخِى
اړخیزه	ps	اړخیزه
اړخېزې	ps	اړخېزې
اړنګ	ps	اړنګ
اړولود	ps	اړوْلود
اړيكو	ps	اړيكو
اړيګې	ps	اړيګې
اړیـن	ps	اړیـن
اړېكې	ps	اړېكې
اژآنس	ps	اژآنْس
اښټ	ps	اښْټ
اکثر	ps	اکثر
اکرمي	ps	اکْرمي
اکسېل	ps	اکسېل
اکمنۍ	ps	اکْمنۍ
اکونه	ps	اکونه
اکړو	ps	اکړو
اکې	ps	اکې
اګرده	ps	اګْرده
اگره	ps	اگره
اڼترنيت	ps	اڼترنيت
ایام	ps	ایام
ایکره	ps	ایکره
ایکو	ps	ایکو
اېکن	ps	اېکَن
بآره	ps	بآره
ببرسر	ps	ببْرْسر
ببريمش	ps	ببريمش
بتصرف	ps	بتصرف
بث	ps	بث
بجزحبیب	ps	بجزْحبیب
بجوپر	ps	بجوپر
بحثه	ps	بحَثه
بحرمة	ps	بَحْرْمة
بحشید	ps	بَحشید
بحيرې	ps	بَحيرې
بختۍ	ps	بختۍ
بخصلة	ps	بخْصلة
بخمس	ps	بخْمْس
بخوندې	ps	بخوندې
بخپل	ps	بخپل
بخښلی	ps	بخْښلی
بخښوني	ps	بخښوني
بخښی	ps	بخښی
بدبخته	ps	بدبخته
بدبينه	ps	بدبينه
بدتروه	ps	بدتروه
بدخلقه	ps	بدْخْلقه
بدره	ps	بدره
بدست	ps	بدْسْت
بدلـــېدل	ps	بدَلْـــېدَل
بدلیدلو	ps	بدَلیدَلُو
بدمستۍ	ps	بدمَستۍ
بدمينتون	ps	بدمينتون
بدنصیبۍ	ps	بدَنصیبۍ
بدنيتو	ps	بدَنيتو
بدوله	ps	بدوله
بدوی	ps	بدوی
بدکړنو	ps	بدْکْړْنو
بدګي	ps	بَدګي
بدیل	ps	بَدیل
بربند	ps	بْربنْد
بربک	ps	بْرْبک
برتون	ps	بْرْتون
برجورې	ps	بْرْجورې
برخ	ps	بْرْخ
برخليک	ps	بْرْخْليک
برخمنی	ps	بْرْخمَنی
برخۍ	ps	برخۍ
بردندو	ps	بَردندو
بررسی	ps	بَرْرسی
برسلز	ps	برَسَلز
برسیر	ps	برَسیر
برعکس	ps	بَرعْکْس
برك	ps	بَرك
بركي	ps	بَركَي
برم	ps	بَرْم
برنز	ps	بَرنَز
برنگشته	ps	برْنگشته
بروز	ps	بَروز
بروكلين	ps	بَروكلين
بروی	ps	بْرُوی
بريددشپې	ps	بْريدْدْشْپې
بريدلري	ps	بْريدْلْري
بريدو	ps	بْريدو
بريدوكړچي	ps	بْريدوكْړْچي
بريدپر	ps	بْريدپر
برييښى	ps	بْرِييښِى
بريښتې	ps	بْريښتې
بريکه	ps	بْريکه
برچو	ps	بَرچُو
برژینسکی	ps	بَرژینْسْکی
برکلی	ps	بَرکَلی
بریدونو	ps	بْریدونو
بریدوکړ	ps	بْریدوکْړ
بریدکي	ps	بْریدکي
بریکه	ps	بْریکه
برېنېک	ps	بْرېنېک
برېښېد	ps	بْرېښېد
بزركه	ps	بْزركه
بزرگ	ps	بْزَرْگ
بزن	ps	بْزْن
بزودی	ps	بْزودی
بزګرې	ps	بزْګرې
بسترونه	ps	بسْترونه
بستری	ps	بسْتری
بستې	ps	بستې
بســـــــــــــــمل	ps	بســـــــــــــــمِل
بسنه	ps	بسَنه
بسيفين	ps	بسيفين
بسپنو	ps	بسْپنو
بشردوستي	ps	بشْرْدوستي
بشري	ps	بشري
بشكل	ps	بشكل
بشي	ps	بشي
بشپره	ps	بشْپْره
بشپړشي	ps	بشپړشي
بشپړوکولو	ps	بشْپړوکولو
بشپړیدل	ps	بشْپړیدل
بصير	ps	بصير
بطري	ps	بطَري
بطه	ps	بطه
بعضه	ps	بعَضه
بعلت	ps	بعَلت
بـرېــښـېــده	ps	بـرېــښْـېــده
بــدلېدو	ps	بــدَلېدو
بـــر	ps	بـــر
بــــشګفت	ps	بــــشګفْت
بـــــــد	ps	بـــــــد
بــــــــــــدله	ps	بــــــــــــدله
بــــــــــــــــــــــــــــه	ps	بْــــــــــــــــــــــــــــه
بـــــــــــــې	ps	بِـــــــــــــې
بـــــــه	ps	بْـــــــه
بــــــڼو	ps	بــــــڼُو
بــــي	ps	بِــــي
بـــم	ps	بـــم
بـــیلــــتون	ps	بْـــیلــــتون
بــن	ps	بــن
بــچي	ps	بــچي
بــې	ps	بْــې
بـنــډلــونــه	ps	بـنْــډلْــونْــه
بـڼ	ps	بـڼ
بـیی	ps	بِـیی
بفرستد	ps	بفرستد
بقتل	ps	بقتل
بقه	ps	بقه
بكم	ps	بكْم
بلبله	ps	بلْبله
بلجیمي	ps	بلجیمي
بلدتېا	ps	بلدتېا
بلدي	ps	بلَدي
بلـنــلــیک	ps	بلْـنــلْــیک
بلكی	ps	بلَكی
بللى	ps	بلَلِى
بلني	ps	بلَني
بلکه	ps	بْلْکه
بلی	ps	بلی
بلېده	ps	بْلېده
بمبو	ps	بمبَو
بمجرد	ps	بمجرْد
بنبو	ps	بَنبُو
بنحوی	ps	بَنحَوی
بندحکم	ps	بَنْدْحَکْم
بنديده	ps	بنديده
بنديزيې	ps	بنديزِيې
بندڅخه	ps	بنْدْڅخه
بندی	ps	بندی
بندیزنشته	ps	بندیزنشته
بنسبة	ps	بنْسْبة
بنسيټيز	ps	بنسيټيز
بنشينيم	ps	بنشينيم
بنم	ps	بنْم
بنوسليم	ps	بنوسليم
بنونصر	ps	بنونصر
بنيل	ps	بنيل
بنډولو	ps	بنډولو
بنیس	ps	بنیس
بوولی	ps	بوولی
بى	ps	بِى
بياکله	ps	بياکله
بيتر	ps	بيتْر
بيتې	ps	بيتې
بيخ	ps	بيخ
بيدون	ps	بيدون
بيرت	ps	بيرْت
بيروت	ps	بيروت
بيروي	ps	بيروي
بيستريز	ps	بيسْتْريز
بيطرفي	ps	بيطَرَفي
بيــــــل	ps	بيــــــل
بيكر	ps	بيكَر
بيلد	ps	بيلْد
بيلو	ps	بيلو
بيلگو	ps	بيلگُو
بين	ps	بين
بينش	ps	بينْش
بينی	ps	بينی
بټلیر	ps	بْټْلیر
بپرک	ps	بَپرْک
بڅرې	ps	بڅَرې
بړزې	ps	بَړزې
بړید	ps	بْړید
بږرکی	ps	بږْرکی
بک	ps	بَک
بکس	ps	بَکْس
بڼو	ps	بڼو
بڼوکې	ps	بڼوکې
بڼگړي	ps	بڼْگْړي
بیاځلې	ps	بیاځلې
بیخي	ps	بیخي
بیدن	ps	بیدن
بیرجو	ps	بیرجُو
بیریږ	ps	بیریږ
بیسکیټو	ps	بیسکیټُو
بیلجیم	ps	بیلجیم
بیلی	ps	بیلی
بینظی	ps	بینظی
بیټني	ps	بیټني
بیډۍ	ps	بیډۍ
بیژندل	ps	بیژْنْدل
بیګی	ps	بیګی
بېترۍ	ps	بېترۍ
بېخبره	ps	بېخْبْره
بېخولې	ps	بېخولې
بېرېدني	ps	بېرېدني
بېسو	ps	بېسو
بېشرمه	ps	بېشْرْمه
بېطرف	ps	بېطرَف
بېـــــخي	ps	بېـــــخي
بېلو	ps	بېلو
بېليګي	ps	بېليګي
بېمې	ps	بېمې
بېنو	ps	بېنو
بېپته	ps	بېپته
بېړ	ps	بېړ
تأریخی	ps	تَأریخی
تأليفونو	ps	تَأليفونو
تأمینوله	ps	تأمینوْله
تؤ	ps	تؤ
تبري	ps	تَبري
تبریزی	ps	تَبریزی
تبقى	ps	تَبقِى
تبليع	ps	تَبليع
تبى	ps	تَبِى
تبیله	ps	تبیله
تتيلکه	ps	تتيلکه
تجر	ps	تَجْر
تجرربي	ps	تَجرُربي
تجريددۍ	ps	تَجريددۍ
تجرۍ	ps	تَجرۍ
تجسس	ps	تَجسُس
تجليل	ps	تَجليل
تجهيز	ps	تَجهيز
تحدث	ps	تَحَدَث
تحرير	ps	تَحرير
تحريمه	ps	تحريمه
تحرک	ps	تَحرَک
تحقق	ps	تَحقَق
تحليګر	ps	تَحليګَر
تحمل	ps	تَحَمَل
تحي	ps	تَحي
تخنیکر	ps	تخنیکر
تخیله	ps	تخیله
تدبيق	ps	تدبيق
تدر	ps	تدْر
تدريسي	ps	تدريسي
تدریسوی	ps	تدریسُوی
تدني	ps	تدني
تذ	ps	تذ
تذکيه	ps	تذکَيه
تربجن	ps	ترْبجن
تربل	ps	تربل
تربورولي	ps	تربورولي
تربګني	ps	تربګني
ترتل	ps	ترتل
ترتولـو	ps	ترتولْـو
ترجع	ps	ترجع
ترجمة	ps	ترْجمَة
ترجېح	ps	ترجېح
ترخــــــــــــــــ	ps	ترْخْــــــــــــــــ
ترخيده	ps	ترخيده
ترخې	ps	ترخې
ترديده	ps	ترديده
تردیرشوزرو	ps	تردیرشوزرو
ترستورو	ps	ترْسْتورو
ترسرحده	ps	ترسرْحده
ترسلګونه	ps	ترسلګونه
ترسيمې	ps	ترسيمې
ترسپیځلی	ps	ترْسْپیځلی
ترشو	ps	ترشُو
ترشکنجې	ps	ترْشْکنجې
ترقی	ps	ترقی
تركومه	ps	تركومه
ترلمړي	ps	ترْلْمْړي
ترلېدو	ps	ترلېدو
ترمديريت	ps	ترْمْديرِيت
ترمرګونی	ps	ترْمْرْګونی
ترمعرفي	ps	ترْمعرفي
ترمنولوژۍد	ps	ترْمنولوژۍد
ترمو	ps	ترمو
ترمينخ	ps	ترمينخ
ترورزم	ps	ترورْزْم
تروريستې	ps	تروريستې
تروریسي	ps	تروریسي
تروستن	ps	تروستن
ترومن	ps	ترومن
تروړي	ps	تْروړي
ترى	ps	تْرِى
تريخ	ps	تْريخ
تريزي	ps	تْريزي
ترپلټنو	ps	ترْپلَټَنو
ترپوزی	ps	ترپوزی
ترځنه	ps	ترْځْنه
ترڅنك	ps	ترْڅْنك
ترڅوبل	ps	ترڅوبْل
ترڅوخپله	ps	ترڅوخْپله
ترڅوزه	ps	ترڅوزه
ترڅوچې	ps	ترڅوچې
ترڅي	ps	ترڅي
ترکـ	ps	ترْکْـ
ترکو	ps	ترکو
ترکې	ps	ترکې
ترګلونـــــــووه	ps	ترْګْلونْـــــــووه
تریفر	ps	تْریفر
تریني	ps	تْریني
تریو	ps	تْرِیو
ترېخ	ps	تْرېخ
ترېګلي	ps	تْرېګلي
تسبوح	ps	تْسبُوحْ
تستفيد	ps	تْسْتفيد
تسدريس	ps	تْسدريس
تسلت	ps	تْسلْت
تسلي	ps	تْسلي
تسليميدل	ps	تسليميدل
تسلیح	ps	تسلیح
تسلیمیږم	ps	تسلیمیږم
تسمح	ps	تسمح
تسنیم	ps	تسنیم
تسپې	ps	تسپې
تشبس	ps	تشبس
تشتونې	ps	تشتونې
تشد	ps	تشْد
تشريعي	ps	تشريعي
تشرېح	ps	تشرېح
تشنيه	ps	تشنَيه
تشولى	ps	تشولِى
تشکیل	ps	تشکیل
تشی	ps	تشی
تصحيخ	ps	تصَحيخ
تصدیدو	ps	تصَدیدو
تطبیقی	ps	تَطبیقی
تظر	ps	تَظْر
تعبض	ps	تَعبَض
تعبيرنه	ps	تَعبيرنه
تعبیر	ps	تَعبیر
تعبیرکړه	ps	تعبیرْکْړه
تعر	ps	تَعْر
تعريفد	ps	تَعريفْد
تعریفونه	ps	تعریفونه
تعزیر	ps	تَعزیر
تعصوبي	ps	تَعصوبي
تعقيبوله	ps	تعقيبوله
تعقیبوم	ps	تَعقیبوم
تعلم	ps	تَعلَم
تعلیق	ps	تَعلیق
تعمعه	ps	تعْمعه
تعميره	ps	تعميره
تعنې	ps	تَعنې
تـسلي	ps	تـسلي
تــــبـيــلــې	ps	تــــبْـيــلْــې
تــــــــــــــوپ	ps	تْــــــــــــــوپ
تــــــــــوهين	ps	تْــــــــــوهين
تـــــــورټکی	ps	تْـــــــورْټْکی
تــــول	ps	تْــــول
تــن	ps	تَــن
تــوفــيـق	ps	تْــوفْــيـق
تــېر	ps	تْــېر
تـګ	ps	تَـګ
تفتيش	ps	تَفتيش
تفرقه	ps	تفْرقه
تفسيرونو	ps	تَفسيرونو
تفليسي	ps	تَفليسي
تفهیم	ps	تَفهیم
تق	ps	تَق
تقدسي	ps	تَقَدُسي
تقدیره	ps	تقدیره
تقرر	ps	تَقَرَر
تقريبى	ps	تَقريبِى
تقریبي	ps	تَقریبي
تقـــــــــــــــــديرمي	ps	تَقـــــــــــــــــديرمي
تقیی	ps	تَقیی
تكتسب	ps	تَكتَسَب
تكه	ps	تكه
تلزرزي	ps	تَلزَرزي
تلقی	ps	تَلقی
تللـــــــې	ps	تَللْـــــــې
تللىمزى	ps	تَللِىمزِى
تللېپه	ps	تللېپه
تلوته	ps	تلوته
تلي	ps	تلي
تلينو	ps	تلينو
تلیفون	ps	تلیفون
تلېفون	ps	تلېفون
تمد	ps	تَمد
تمديد	ps	تَمديد
تمرين	ps	تمَرين
تملك	ps	تَملْك
تمنۍ	ps	تمَنۍ
تمیدو	ps	تمیدو
تنآب	ps	تنآب
تنفیذ	ps	تنفیذ
تنن	ps	تنْن
تهيليل	ps	تهيليل
توبی	ps	توبی
توتستي	ps	توتْسْتي
توتګه	ps	توتګه
توخه	ps	توخه
تودوخی	ps	تودوخی
توديدو	ps	توديدو
تودې	ps	تودې
تورسره	ps	تورْسره
تورسي	ps	تورسي
تورل	ps	تورَل
تورنټو	ps	تورَنټو
تورپیکۍ	ps	تورپیکۍ
توری	ps	توری
تورېمورې	ps	تورېمورې
توست	ps	توسْت
توش	ps	توش
توشېح	ps	توشېح
توضح	ps	تَوضُح
توط	ps	تَوطْ
توفیق	ps	توفیق
توكلزي	ps	توكلزي
توكه	ps	توكه
تولنی	ps	تولنی
توليد	ps	توليد
توليدولو	ps	توليدولو
توليدېزي	ps	توليدېزي
تولی	ps	تولی
تولیدونکي	ps	تولیدونَکي
تومو	ps	تومو
تومورچې	ps	تومورچې
توهوکو	ps	توهوکو
توپيريزو	ps	توپيريزُو
توپکيان	ps	توپکيان
توپیري	ps	توپیري
توک	ps	توک
توکمنو	ps	توکْمنو
توکميزو	ps	توکميزو
توکمیزې	ps	توکمیزې
توکونه	ps	توکونه
توکيز	ps	توکيز
توګه	ps	توګه
توگه	ps	توگه
تيت	ps	تيت
تيركړل	ps	تيرْكْړل
تيريدسره	ps	تيريدْسْره
تيرژی	ps	تيرژی
تيرۍدسر	ps	تيرۍدسر
تيزئ	ps	تيزئ
تيزو	ps	تيزو
تيسير	ps	تيسير
تيليفونچي	ps	تيليفونچي
تپی	ps	تَپی
تړله	ps	تړَله
تړمچې	ps	تړَمچې
تړپیده	ps	تړَپیده
تږه	ps	تږه
تژدې	ps	تژدې
تښتونكی	ps	تښتونُكی
تښتونکى	ps	تښتونُکِى
تښتيدلې	ps	تښتيدَلې
تښيته	ps	تښيته
تکبير	ps	تکَبير
تکتيک	ps	تکَتيک
تکسی	ps	تَکسی
تکميليدو	ps	تَکميليدُو
تکور	ps	تَکور
تکی	ps	تَکی
تګره	ps	تګره
تګلورى	ps	تَګلورِى
تگ	ps	تَگ
تیردلو	ps	تیرْدْلُو
تیرل	ps	تیرْل
تیرږي	ps	تیرږي
تیریدو	ps	تیریدو
تیریو	ps	تیرِیو
تیریژی	ps	تیریژی
تیزې	ps	تیزې
تیقیص	ps	تیقیص
تیمز	ps	تیمْز
تیندکې	ps	تیندَکې
تیږ	ps	تیږ
تیګی	ps	تیګی
تېرشوم	ps	تېرَشوم
تېركړۀ	ps	تېرْكْړۀ
تېروخت	ps	تېروخْت
تېروله	ps	تېروله
تېروڅوكلونو	ps	تېروڅوكلونو
تېريدنې	ps	تېريدنې
تېريږيد	ps	تېريږيد
تېرکړ	ps	تېرْکْړ
تېریم	ps	تېریم
تېرېدلو	ps	تېرېدَلو
تېزلکه	ps	تېزْلکه
تېلفون	ps	تېلفون
تېښې	ps	تېښې
ثبتېدل	ps	ثبتېدل
ثره	ps	ثره
ثقة	ps	ثقَة
ثمروي	ps	ثمروي
ثوم	ps	ثوم
ثی	ps	ثی
جبرآ	ps	جبرآ
جبریلي	ps	جبریلي
جبیره	ps	جبیره
جحیم	ps	جحیم
جده	ps	جده
جديې	ps	جدِيې
جذبول	ps	جَذبول
جذبېدو	ps	جَذبېدُو
جرنيل	ps	جرنيل
جريده	ps	جريده
جريمې	ps	جريمې
جرکې	ps	جرکې
جرګومرکو	ps	جرګومرکو
جریمې	ps	جریمې
جرﺋـت	ps	جرَﺋـت
جزبه	ps	جزبه
جزي	ps	جَزي
جزڅخه	ps	جزْڅخه
جسته	ps	جَسته
جسدپه	ps	جَسدپه
جسمی	ps	جَسمی
جعف	ps	جَعْف
جعل	ps	جَعْل
جــ	ps	جْــ
جـــرګــوکــــړې	ps	جَـــرګْــوکــــړې
جـــــ	ps	جْـــــ
جـــــــــ	ps	جْـــــــــ
جلم	ps	جلْم
جليل	ps	جليل
جلې	ps	جلې
جمدر	ps	جمدر
جمشيدپه	ps	جمشيدپه
جمعيتي	ps	جمعيتي
جمل	ps	جمْل
جموع	ps	جَموع
جميعتيان	ps	جميعَتيان
جمیز	ps	جَمیز
جمېل	ps	جَمېل
جنبي	ps	جنبي
جنتو	ps	جنَتو
جنتی	ps	جنَتی
جندوګل	ps	جندوګل
جنسی	ps	جنسی
جنو	ps	جِنو
جنټل	ps	جِنټل
جنید	ps	جَنید
جوبي	ps	جوبي
جوتیزي	ps	جوتیزي
جوخته	ps	جوخته
جور	ps	جور
جورش	ps	جورْش
جورښت	ps	جورْښْت
جوزي	ps	جوزي
جوسګوره	ps	جوسګوره
جوله	ps	جوله
جولی	ps	جولی
جوړشې	ps	جوړشې
جوړلى	ps	جوړلى
جوړه	ps	جوړه
جوړولوكښې	ps	جوړولوكښې
جوړونکو	ps	جوړونُکو
جوړيدنه	ps	جوړيدنه
جوړيچي	ps	جوړيچي
جوړښتو	ps	جوړْښْتو
جوړکـړم	ps	جوړْکـړم
جوړکړو	ps	جوړْکړو
جوړکړېدې	ps	جوړْکړېدې
جوړیده	ps	جوړیده
جوړیړيپه	ps	جوړیړيپه
جوړېدلې	ps	جوړېدَلې
جوړېدونه	ps	جوړېدونه
جوړېږی	ps	جوړېږی
جوګي	ps	جوګي
جویی	ps	جویی
جيبه	ps	جيبه
جيدو	ps	جيدو
جيف	ps	جيف
جيلم	ps	جيلم
جيمس	ps	جيمْس
جينيفر	ps	جينيفر
جينې	ps	جينې
جګري	ps	جګري
جګولو	ps	جګولو
جګيږيوسوم	ps	جګيږِيوسوم
جګړني	ps	جګْړْني
جګړوته	ps	جګړوته
جګړیزي	ps	جګړیزي
جګیږی	ps	جګیږی
جگرې	ps	جگرې
جگپوړې	ps	جگپوړې
جگړو	ps	جگړو
جگړیز	ps	جگړیز
جی	ps	جی
جید	ps	جید
جیسی	ps	جیسی
جیلونو	ps	جیلونو
جین	ps	جین
جیګي	ps	جیګي
جېكټ	ps	جېكْټ
جېنېتیک	ps	جېنېتیک
حبره	ps	حبره
حبيبزي	ps	حبيبَزي
حبیب	ps	حبیب
حتې	ps	حتې
حجرې	ps	حجرې
حدونو	ps	حدونو
حديقه	ps	حديقه
حربن	ps	حرْبْن
حرض	ps	حرْض
حسنو	ps	حسنو
حسوده	ps	حسوده
حسینی	ps	حسینی
حشرنشر	ps	حشْرْنشْر
حصكفى	ps	حصْكفِى
حضرتي	ps	حضْرْتي
حضورترسره	ps	حضورترْسْره
حـ	ps	حْـ
حفص	ps	حفْص
حفېظ	ps	حفېظ
حقبين	ps	حقَبين
حقله	ps	حقله
حقيقتو	ps	حقيقَتو
حقیقه	ps	حقیقه
حكو	ps	حكو
حكومتي	ps	حكومَتي
حلقى	ps	حلقِى
حلي	ps	حلي
حلیـږی	ps	حلیـږی
حلېدو	ps	حلېدو
حمت	ps	حَمْت
حمدمعين	ps	حَمْدْمَعين
حمله	ps	حمله
حمن	ps	حَمْن
حميعت	ps	حَميعَت
حمیدیه	ps	حمیدَیه
حنظله	ps	حنْظله
حياء	ps	حياء
حيدرخیل	ps	حيدَرخیل
حيسن	ps	حيسن
حيق	ps	حَيقْ
حيي	ps	حَيي
حکمه	ps	حکمه
حکمې	ps	حُکمې
حکيمي	ps	حُکيمي
حیضه	ps	حیضه
حېدري	ps	حېدَري
خبررسولو	ps	خبرْرْسولو
خبرشو	ps	خبرشو
خبرشﺉ	ps	خبرشﺉ
خبروتېریدل	ps	خبروتېریدل
خبروركړي	ps	خبرورْكړي
خبرورکړی	ps	خبرورْکړی
خبرول	ps	خبرول
خبرونې	ps	خبرونې
خبرىد	ps	خبرِىد
خبريې	ps	خْبرِيې
خبرکړئ	ps	خْبرْکْړئ
خبرګڼل	ps	خْبرْګْڼل
خبریی	ps	خْبریی
خبرېدل	ps	خْبرېدل
خبـر	ps	خْبـر
خبــــــــر	ps	خْبــــــــر
خبيثي	ps	خْبيثي
ختزو	ps	خَتزو
ختلو	ps	خَتلو
ختمول	ps	خَتمول
ختمڅوک	ps	ختْمْڅوک
ختمېدل	ps	خَتمېدَل
ختى	ps	خَتِى
ختیح	ps	خَتیح
خخونه	ps	خخونه
خدمتوڅخه	ps	خدْمتوڅَخه
خديجې	ps	خديجې
خذله	ps	خذله
خربوزه	ps	خْربوْزه
خرخښنې	ps	خْرَخښَنې
خرفة	ps	خْرَفَة
خروشتي	ps	خْرَوشْتي
خروړي	ps	خْرُوړي
خرځول	ps	خْرځول
خرڅونکی	ps	خرڅونَکی
خرچلکی	ps	خرچلکی
خرکوسي	ps	خرکوسي
خرېيل	ps	خرېيل
خزن	ps	خزْن
خزېمه	ps	خزېمه
خسرو	ps	خسرو
خسکى	ps	خسَکى
خشك	ps	خشْك
خشکه	ps	خشکه
خصی	ps	خصی
خضير	ps	خضير
خطـــــــــــر	ps	خَطَـــــــــــر
خطيره	ps	خطيره
خــتلـي	ps	خــتلِـي
خــــرو	ps	خْــــرو
خــــــــــدمت	ps	خْــــــــــدْمت
خـــــــــــــــ	ps	خْـــــــــــــــ
خــــــــــــــــــــوري	ps	خْــــــــــــــــــــوري
خـــــــــو	ps	خْـــــــــو
خــــــپلي	ps	خْــــــپْلي
خـــوښي	ps	خْـــوښي
خــفه	ps	خْــفه
خــورو	ps	خْــورو
خــویـي	ps	خْــویـي
خــپلې	ps	خْــپلې
خـوله	ps	خْـوله
خـپـــــل	ps	خْـپـــــل
خفي	ps	خفي
خقمل	ps	خقمل
خلد	ps	خْلَد
خلـق	ps	خْلَـق
خلكودډزو	ps	خْلَكودْډْزو
خلكوڅخه	ps	خْلكوڅخه
خلګوكي	ps	خلګوكي
خلګووینې	ps	خلګووینې
خلیلی	ps	خلیلی
خمني	ps	خمني
خمی	ps	خمی
آبکند	ps	آبکنْد
اخلم	ps	اخلم
استول	ps	استَول
انا	ps	انا
اور	ps	اور
اوشه	ps	اوشه
اړين	ps	اړين
بازو	ps	بازُو
بخښل	ps	بَخښل
برايي	ps	برايي
بلغاريه	ps	بلغاريه
بولم	ps	بولم
بڼ	ps	بَڼ
جام	ps	جام
جګ	ps	جِګ
درنه	ps	دْرنه
دغه	ps	دَغه
رڼا	ps	رڼا
زېږېدل	ps	زېږېدل
سره	ps	سره
سوماليا	ps	سوماليا
سپين	ps	سْپين
غالۍ	ps	غالۍ
غنم	ps	غَنم
غټ	ps	غَټ
كره	ps	كره
لشه	ps	لشه
لوستل	ps	لوْستل
لړه	ps	لړه
ماندې	ps	ماندې
مرغۀ	ps	مرغۀ
منټ	ps	مِنټ
میرزا	ps	میرزا
مېښه	ps	مېښه
پارسه	ps	پارسه
پلاله	ps	پْلاله
پيشو	ps	پيشو
ځان	ps	ځان
څونوټ	ps	څونوټ
ډول	ps	ډَولْ
ژباړل	ps	ژْباړل
ښايي	ps	ښايي
ښکاره	ps	ښْکاره
کاګل	ps	کاګل
کنوه	ps	کنوه
کوټه	ps	کوټه
ګام	ps	ګام
ګڼل	ps	ګَڼل
شوه	ps	شوه
دقیقه	ps	دقیقه
حج	ps	حج
زوړ	ps	زوړ
ابآد	ps	ابآد
ابتد	ps	ابتَد
ابدولو	ps	ابدولو
ابرقدرتې	ps	ابرَقْدرَتې
ابلوک	ps	ابلوک
ابيدو	ps	ابيدو
ابی	ps	ابی
اتح	ps	اتْح
اترط	ps	اتْرْط
اتریشي	ps	اتریشي
اتشکدې	ps	اتْشْکْدې
اتكړۍ	ps	اتْكْړۍ
اتلسوتنه	ps	اتْلسوتنه
اتلولي	ps	اتلولي
اتنه	ps	اتنه
اتنيكې	ps	اتنيكې
اتوبجوپورې	ps	اتوبجوپورې
اتوف	ps	اتوف
اتومې	ps	اتومې
اتيژيكي	ps	اتيژيكي
اتړته	ps	اتْړْته
اتکر	ps	اتکَر
اتېژيکي	ps	اتېژيکي
اثرخلكوته	ps	اثرْخْلكوته
اثرليکی	ps	اثَرليکی
اثريي	ps	اثَرِيي
اجنبى	ps	اجْنبِى
اجيری	ps	اجيری
احمدزى	ps	احمدزِى
احمدسعيدي	ps	احمدْسعيدي
احمدکم	ps	احمدکم
اخبث	ps	اخبث
اختردى	ps	اختردِى
اخترله	ps	اخترله
اختري	ps	اخْتري
اختریې	ps	اخْترِیې
اختـــــــــــــــــــــر	ps	اختـــــــــــــــــــــر
اخلمه	ps	اخْلمه
اخليچې	ps	اخليچې
اخندد	ps	اخندْد
اخوه	ps	اخوه
اخيربيرته	ps	اخيربيرته
اخيرين	ps	اخيرين
اخيستلوته	ps	اخيسْتلوته
اخيسته	ps	اخيسته
اخيستۍ	ps	اخيستۍ
اخپرنيزه	ps	اخپرنيزه
اخیرکله	ps	اخیرْکْله
اخیستله	ps	اخیسْتله
اخیستنځی	ps	اخیستنځَی
اخیستونکی	ps	اخیستونَکَی
اخیستیوه	ps	اخیستیوه
اخۍ	ps	اخۍ
اخېستلو	ps	اخېسْتلو
اخېستې	ps	اخېستې
ادرسه	ps	ادرسه
ادری	ps	ادَری
ادكه	ps	ادكه
ادمه	ps	ادَمه
ادي	ps	ادَي
ادی	ps	ادَی
اذن	ps	اذَن
اربن	ps	ارَبْن
اربکيو	ps	ارْبکِيو
ارجستر	ps	ارجِستِر
اردودخوست	ps	اردودخوسْت
ارزشت	ps	ارزَشْت
ارزښتم	ps	ارزَښْتْم
ارسرليک	ps	ارسَرليک
ارشيف	ps	ارشيف
ارقم	ps	ارْقْم
ارمنى	ps	ارْمنِى
ارميـــرويم	ps	ارميـــرُويم
اروزنه	ps	اروزنه
ارومرومري	ps	ارومرومري
اروېدلې	ps	ارُوېدلې
ارينزى	ps	ارينزِى
ازدين	ps	ازدين
ازرقي	ps	ازْرْقي
ازلــــه	ps	ازَلْــــه
ازمووينه	ps	ازمووينه
ازمينې	ps	ازمينې
ازمې	ps	ازمې
ازى	ps	ازِى
ازيې	ps	ازِيې
ازکله	ps	ازْکله
ازېلي	ps	ازېلي
اسبري	ps	اسْبْري
استرګې	ps	استرګې
استوګنی	ps	استوګُنی
استيمسون	ps	استيمسون
استی	ps	استی
اسلحه	ps	اسْلحه
اسليك	ps	اسليك
اسمونه	ps	اسمونه
اسنجلس	ps	اسنجلس
اسوزي	ps	اسوزي
اسویلیو	ps	اسَویلیو
اسټېشنرز	ps	اسټېشَنرْز
اسپښین	ps	اسْپْښین
اسی	ps	اسی
اسیته	ps	اسیته
اسیرولیـــــدی	ps	اسیرولیـــــدی
اشتر	ps	اشتر
اشتری	ps	اشْتری
اشدی	ps	اشدی
اشرف	ps	اشرف
اشرکړل	ps	اشرکړل
اشفل	ps	اشفل
اصلبورن	ps	اصلبوْرْن
اصى	ps	اصى
اضې	ps	اضې
افتد	ps	افتَد
افتند	ps	افتَنْد
افرين	ps	افرين
افســــا	ps	افسِــــا
افضله	ps	افْضله
افقې	ps	افقې
افيکي	ps	افيکي
افکنی	ps	افکَنی
افیر	ps	افیر
اكرم	ps	اكرَم
اكيږي	ps	اكيږي
اكړم	ps	اكْړْم
البديهي	ps	البَديهي
البركة	ps	البَركَة
البشير	ps	البَشير
التحریر	ps	التَحریر
التدخين	ps	التدخين
التشکیل	ps	التشکیل
التفسير	ps	التفسير
التمر	ps	التمْر
التوحيد	ps	الْتوْحْيد
الجريان	ps	الْجْريان
الجزيرې	ps	الْجْزيرې
الجعفرى	ps	الجعْفرى
الح	ps	الْح
الحج	ps	الحج
الحسن	ps	الْحسن
الحليم	ps	الْحليم
الحميري	ps	الْحميري
الذى	ps	الذِى
الزى	ps	الزِى
السعدي	ps	الْسْعْدي
السهلي	ps	الْسهلي
الشربۀ	ps	الشربۀ
الشريف	ps	الشَريف
الطف	ps	الطَف
العجل	ps	العَجْل
العزم	ps	العَزْم
العصر	ps	العَصْر
العلل	ps	العَلْل
الفحم	ps	الفَحْم
الفور	ps	الفُور
القبلتين	ps	القَبْلتين
القلب	ps	القَلْب
الكبد	ps	الكَبَد
الكذب	ps	الكَذْب
اللیل	ps	اللیل
المدن	ps	الْمدَن
المسلیمین	ps	المَسلیمین
المعدة	ps	المَعدَة
المفلس	ps	المُفلِس
المقس	ps	المُقَس
الملح	ps	المَلْح
الميسر	ps	المَيسِر
الوتكو	ps	الوْتكو
الوتنه	ps	الوْتنه
الوتکيد	ps	الوْتکيد
الوحدة	ps	الوْحدة
الوری	ps	الوْری
الوزوې	ps	الوْزَوې
الونو	ps	الوْنُو
الپ	ps	الْپ
الکتريکي	ps	الکَتريکي
الکین	ps	الکین
الیعن	ps	الیعْن
امتوي	ps	امتَوي
امحأ	ps	امحأ
امرصيب	ps	امرصيب
امريسيم	ps	امَريسيم
امريک	ps	امريک
امريکن	ps	امريکن
امریکېد	ps	امریکېد
امشر	ps	امشر
امـید	ps	امْـید
امننه	ps	امننه
امنډې	ps	امَنډې
اميرته	ps	اميرَته
اميرمقرر	ps	اميرَمقرر
اميل	ps	اميل
امينی	ps	امينی
امپلي	ps	امْپْلي
امکۍ	ps	امَکۍ
امین	ps	امین
امې	ps	امې
امېرخېل	ps	امېرخېل
انترنيتي	ps	انترنيتي
انجلس	ps	انْجْلس
انجنۍ	ps	انْجنۍ
انجيلونو	ps	انجيلونو
انجیل	ps	انجیل
انجینیرپه	ps	انجینیرپه
اندزه	ps	انْدزه
انده	ps	انده
اندوکله	ps	انْدوْکْله
انديشه	ps	انديشه
انديښنو	ps	انديښنو
اندپه	ps	انْدْپه
اندکه	ps	انْدْکه
اندیشو	ps	اندیشو
اندېـښنه	ps	اندېـښنه
اندېښنی	ps	اندېښنی
انرژي	ps	انْرْژي
انستیزی	ps	انْسْتیزی
انسپورتي	ps	انْسْپوْرْتي
انشد	ps	انْشْد
انيسم	ps	انيسْم
انچيسکو	ps	انچيسکو
اهدو	ps	اهدو
اهلک	ps	اهلک
اهيرو	ps	اهيرو
اوبخښنه	ps	اوبْخْښنه
اوبدبختۍ	ps	اوبْدْبختۍ
اوبدله	ps	اوبْدله
اوبرخه	ps	اوبْرْخه
اوبرمته	ps	اوبْرْمْته
اوبریښ	ps	اوبریښ
اوبشپړ	ps	اوبْشْپْړ
اوبـــې	ps	اوبْـــې
اوبليات	ps	اوبليات
اوبندګی	ps	اوبْنْدْګی
اوبهرنيو	ps	اوبهرْنِيو
اوبوش	ps	اوبوْشْ
اوبوپریمنځه	ps	اوبوْپْریمنځه
اوبيان	ps	اوبيان
اوبيشکه	ps	اوبيشکه
اوبیت	ps	اوبیت
اوتروم	ps	اوتَروم
اوترټو	ps	اوترټو
اوترکومی	ps	اوترکومی
اوترېخت	ps	اوتَرېخْت
اوتشکيل	ps	اوتْشْکيل
اوتفريط	ps	اوتفريط
اوتولو	ps	اوتولو
اوتيری	ps	اوتيری
اوتېری	ps	اوتېری
اوثقيل	ps	اوثقيل
اوجرتونه	ps	اوجرتونه
اوخرڅ	ps	اوخْرْڅ
اوخليلي	ps	اوخليلي
اوخلکوپه	ps	اوخْلکوپه
اوخورك	ps	اوخورْك
اوخونړۍ	ps	اوخونړۍ
اودبریدته	ps	اودْبریدته
اودبلی	ps	اودبَلی
اودبې	ps	اودبې
اودرنده	ps	اودَرنده
اودرژيم	ps	اودَرژيم
اودسب	ps	اودَسب
اودسیسه	ps	اودسیسه
اودشته	ps	اودْشته
اودملګ	ps	اودْملَګ
اودمنفی	ps	اودمُنفی
اودمړی	ps	اودْمْړی
اودنرخ	ps	اودنَرْخ
اودنوموړي	ps	اودنوموړي
اودټولنو	ps	اودټولنو
اودټولونه	ps	اودټولونه
اودپلټنی	ps	اودْپْلټنی
اودپوليسوله	ps	اودپوليسوله
اودپوښتنې	ps	اودپوښْتنې
اودپښتون	ps	اودْپْښْتون
اودځمکې	ps	اودځمکې
اوربل	ps	اوربل
اوربه	ps	اوربه
اورده	ps	اورده
اوروحي	ps	اوروحي
اوروز	ps	اوروز
اوروزۍ	ps	اوروزۍ
اوروني	ps	اوروني
اوريبه	ps	اوريبه
اوريدلوسره	ps	اوريدلوسره
اوريزه	ps	اوريزه
اوريښتنې	ps	اوريښْتْنې
اورپکي	ps	اورْپْکي
اورښت	ps	اورْښْت
اورښتيني	ps	اورْښْتيني
اورکزی	ps	اورْکْزی
اوسترګوكي	ps	اوسْتْرګوكي
اوستم	ps	اوستم
اوستونزمنه	ps	اوستونْزمَنه
اوستونځمنی	ps	اوستونْځْمنی
اوستېچې	ps	اوستېچې
اوسدخيبر	ps	اوسْدْخيبر
اوسرب	ps	اوسرْب
اوسرحدلري	ps	اوسرحدْلري
اوسره	ps	اوسَره
اوسرچينې	ps	اوسرچينې
اوســـــــــــپر	ps	اوسَـــــــــــپر
اوسليقه	ps	اوسليقه
اوسنۍدره	ps	اوسَنۍدره
اوسيتين	ps	اوسيتين
اوسيزه	ps	اوسيزه
اوسيم	ps	اوسيم
اوسيمې	ps	اوسيمې
اوسپنیز	ps	اوسْپنیز
اوسپي	ps	اوسپي
اوسپړل	ps	اوسْپړل
اوسپېره	ps	اوسپېره
اوسیدلي	ps	اوسیدلي
اوسیمه	ps	اوسیمه
اوسیږې	ps	اوسیږې
اوسېدله	ps	اوسېدله
اوسېدورځې	ps	اوسېدورځې
اوشتمن	ps	اوشْتْمن
اوشرقي	ps	اوشْرْقي
اوشملې	ps	اوشمَلې
اوشک	ps	اوشْک
اوشیبې	ps	اوشیبې
اوصبرڅخه	ps	اوصبْرْڅخه
اوصدقي	ps	اوصَدَقي
اوصلح	ps	اوصَلْح
اوصورت	ps	اوصَورَت
اوكرم	ps	اوكرم
اوكلنۍ	ps	اوكْلنۍ
اوكنجيدر	ps	اوكْنْجيدر
اوكونړ	ps	اوكونْړ
اولتني	ps	اولْتْني
اولسمي	ps	اولْسْمَي
اولكه	ps	اولكه
اولړو	ps	اولړو
اولګه	ps	اولګه
اولیکنه	ps	اولیکنه
اومدد	ps	اومدْد
اومدینی	ps	اومَدینی
اومرستو	ps	اومَرستو
اومرمیو	ps	اومرمِیو
اومرکزې	ps	اومرْکزې
اومزدورى	ps	اومزدورِى
اومستري	ps	اومسْتري
اومسلم	ps	اومسلم
اومسکینو	ps	اومسکینو
اومشرکینو	ps	اومشرکینو
اومفكرپه	ps	اومفكْرْپه
اومقصدونو	ps	اومقْصدونو
اوموسيقي	ps	اوموسيقي
اوميندو	ps	اوميندو
اومړي	ps	اومړي
اومیلې	ps	اومیلې
اومۍ	ps	اومۍ
اونجونود	ps	اونَجونود
اونصيب	ps	اونَصيب
اونمک	ps	اونَمَک
اونوربی	ps	اونوْرْبی
اونورسخت	ps	اونوْرْسَخْت
اونورلکه	ps	اونوْرْلکه
اونورنو	ps	اونوْرْنو
اونيزې	ps	اونيزې
اونيلو	ps	اونيلُو
اونۍ	ps	اونۍ
اونېستمن	ps	اونېسْتْمَن
اوهلی	ps	اوهلی
اوهمدې	ps	اوهمْدې
اوهميشه	ps	اوهميشه
اووتله	ps	اووتْله
اووښتون	ps	اووښتون
اووینه	ps	اووینه
اوټولوته	ps	اوټولوته
اوټونه	ps	اوټونه
اوټکر	ps	اوټکَر
اوپرتميني	ps	اوپْرْتميني
اوپرديتوب	ps	اوپْرْديتوب
اوپرسریې	ps	اوپْرْسْرَیې
اوپښوکې	ps	اوپَښوکې
اوپۀ	ps	اوپۀ
اوپیسه	ps	اوپیسه
اوځكلول	ps	اوځَكَلول
اوځمکنۍ	ps	اوځَمَکَنۍ
اوځه	ps	اوځه
اوځينوته	ps	اوځينوته
اوځینوبه	ps	اوځینوبه
اوڅ	ps	اوڅ
اوڅلو	ps	اوڅلو
اوڅېړنیز	ps	اوڅېړَنیز
اوچتيږي	ps	اوچَتيږي
اوچشمو	ps	اوچَشمو
اوچورلې	ps	اوچَورلې
اوچين	ps	اوچين
اوچټکۍ	ps	اوچټَکۍ
اوچیرته	ps	اوچیرته
اوډلییز	ps	اوډلِییز
اوډول	ps	اوډول
اوډیربیرته	ps	اوډیربیرته
اوډیرښه	ps	اوډیرښه
اوړنو	ps	اوړَنو
اوړى	ps	اوړى
اوږدمدتې	ps	اوږْدْمدتې
اوږدولو	ps	اوږدولو
اوږدوکي	ps	اوږدوکي
اوږديږى	ps	اوږديږِى
اوږدیږي	ps	اوږدیږي
اوږلۍ	ps	اوږلۍ
اوږى	ps	اوږِى
اوښكي	ps	اوښكي
اوکرزي	ps	اوکْرْزي
اوکسب	ps	اوکْسْب
اوکشک	ps	اوکْشْک
اوکلو	ps	اوکلُو
اوکيب	ps	اوکيب
اوکچری	ps	اوکْچْری
اوکړن	ps	اوکْړْن
اوکړي	ps	اوکړي
اوکښتۍ	ps	اوکْښْتۍ
اوګروهوبشري	ps	اوګروهوبشَري
اوګمرکي	ps	اوګَمَرکي
اوګورې	ps	اوګورې
اوګړه	ps	اوګړه
اوگډود	ps	اوگډود
اویخی	ps	اویخی
اویل	ps	اویلْ
اویوبل	ps	اویوبْل
اویوشمیرنورو	ps	اویوشمیرنورو
اویومیل	ps	اویومیل
ايز	ps	ايز
ايزوتوپونو	ps	ايزوتوپونُو
ايزوټوپ	ps	ايزوټوپ
ايستـــلي	ps	ايسْتْـــلي
ايستلي	ps	ايسْتلي
ايستى	ps	ايستِى
ايښـــــــــــى	ps	ايښـــــــــــى
ايښودنه	ps	ايښودَنه
ايښودى	ps	ايښودى
ايکر	ps	ايکْر
ايکن	ps	ايکْن
ايگور	ps	ايگور
اټكلي	ps	اټْكْلي
اټن	ps	اټْن
اپتونو	ps	اپتونو
اپرتونيزم	ps	اپرَتونيزْم
اپرچونيست	ps	اپْرْچونيسْت
اپرېدي	ps	اپرېدي
اپورتر	ps	اپورتر
اپوزي	ps	اپوزي
اپونه	ps	اپونه
اپينود	ps	اپينود
اپیدکړه	ps	اپیدْکْړه
اڅرگندوي	ps	اڅْرْگندُوي
اڅکزی	ps	اڅْکْزی
اچوئ	ps	اچوئ
اچولوپه	ps	اچولوپه
اچوني	ps	اچوني
اډميرل	ps	اډميرل
اډولف	ps	اډولْف
اډګیرنې	ps	اډګیرنې
اړخوتو	ps	اړخوتو
اړخي	ps	اړخي
اړخیزو	ps	اړخیزو
اړد	ps	اړْد
اړلی	ps	اړلی
اړنگ	ps	اړنگ
اړولوسره	ps	اړوْلوسَره
اړيكى	ps	اړيكِى
اړيړې	ps	اړيړې
اړيکوسره	ps	اړيکوْسْره
اړکړي	ps	اړْکْړي
اړیكی	ps	اړیكی
اړېن	ps	اړېن
اښت	ps	اښْت
اکثرآ	ps	اکْثرآ
اکرمکم	ps	اکرمکم
اکش	ps	اکْش
اکمه	ps	اکمه
اکو	ps	اکو
اکونو	ps	اکونو
اکړي	ps	اکړي
اکېډمى	ps	اکېډَمى
اګردیدم	ps	اګْردیدم
اګرې	ps	اګرې
اګڼو	ps	اګڼو
اگرى	ps	اگرى
اڼټ	ps	اڼْټ
ایاښځه	ps	ایاښځه
اېکنبري	ps	اېکَنبَري
ببرسردۍ	ps	ببْرْسردۍ
ببـــره	ps	ببـــره
بتوب	ps	بتوب
بجزدر	ps	بجزدر
بجۍ	ps	بجۍ
بحثو	ps	بحَثُو
بحرني	ps	بَحْرْني
بخششي	ps	بخْشْشي
بخمل	ps	بخْمْل
بخپله	ps	بخْپله
بخښلۍ	ps	بخْښلۍ
بخښۍ	ps	بخښۍ
بدبختو	ps	بدبَختو
بدبه	ps	بدبه
بدتري	ps	بدتَري
بدخ	ps	بدْخ
بدخلقي	ps	بدْخْلَقي
بدلو	ps	بدَلُو
بدلیدلی	ps	بدَلیدَلی
بدلېدلو	ps	بدَلېدَلُو
بدمستې	ps	بدمَستې
بدمې	ps	بدمې
بدنظر	ps	بدَنْظْر
بدنيتي	ps	بدَنيتي
بدور	ps	بدور
بدولو	ps	بدولو
بديهي	ps	بديهي
بدګرځېده	ps	بدګرځېده
بدګڼل	ps	بَدْګْڼل
بدیلو	ps	بَدیلو
برآن	ps	برآن
برتي	ps	بْرْتي
برجونه	ps	بْرْجونه
برخليکه	ps	بْرْخْليکه
برخې	ps	برخې
بردنن	ps	بَرْدنن
بررسۍ	ps	بَرْرسۍ
برسللز	ps	برَسَللْز
برسیرن	ps	برَسیرن
برش	ps	بَرش
بركړه	ps	برْكْړه
برنس	ps	بَرنَس
برنیم	ps	بَرنیم
بروزو	ps	بَروزو
بروله	ps	بروله
برى	ps	بْرِى
بريدبه	ps	بْريدبه
بريددشپېتوپه	ps	بْريدْدْشْپېتوپه
بريدله	ps	بْريدله
بريدوخبر	ps	بْريدوخَبْر
بريدوكړچې	ps	بْريدوكْړْچې
بريم	ps	بْريم
بريښدل	ps	بْريښدل
برښليك	ps	بَرْښْليك
برښي	ps	بَرښي
برکة	ps	بَرکَة
برګر	ps	بَرګَر
برگشت	ps	بَرْگْشَت
بریدترسره	ps	بْریدْتْرْسْره
بریدمن	ps	بْریدْمْن
بریدکی	ps	بْریدکی
بریوه	ps	بْریوه
بریښی	ps	بْریښی
بریکړه	ps	بْریکړه
برېد	ps	بْرېد
برېښليك	ps	بْرېښليك
برېښېدل	ps	بْرېښېدْل
بزرګ	ps	بْزَرْګ
بزنجو	ps	بْزْنْجو
بستدند	ps	بسْتدَنْد
بسترونو	ps	بسْترونو
بسد	ps	بسَد
بســــــــــــــمل	ps	بســــــــــــــمِل
بسله	ps	بسله
بسنټ	ps	بسَنْټ
بسيم	ps	بسيم
بسپني	ps	بسْپني
بسیج	ps	بسیج
بشردوستی	ps	بشْرْدوستی
بشرککم	ps	بشْرْککم
بشكه	ps	بشكه
بشپري	ps	بشْپْري
بشپړیدله	ps	بشْپړیدله
بشکو	ps	بشکو
بصد	ps	بصد
بصیرنکته	ps	بصیرنکته
بطری	ps	بطَری
بعلم	ps	بعَلم
بـتـکې	ps	بـتَـکې
بـزګـــــردي	ps	بـزګـــــردي
بــده	ps	بــده
بـــرج	ps	بـــرْج
بـــــ	ps	بـــــ
بـــــس	ps	بـــــس
بـــــــدر	ps	بـــــــدر
بـــــــــايـــــــد	ps	بَـــــــــايـــــــد
بــــــــــــي	ps	بِــــــــــــي
بـــــــهـتره	ps	بـــــــهـتره
بــــــی	ps	بِــــــی
بـــن	ps	بـــن
بـــیړه	ps	بْـــیړه
بــندي	ps	بــندي
بـه	ps	بْـه
بـيــخ	ps	بْـيــخ
بـی	ps	بِـی
بـې	ps	بْـې
بقدر	ps	بقدر
بقو	ps	بقو
بلبلو	ps	بلْبلو
بلجیمی	ps	بلجیمی
بلديت	ps	بلَديت
بلـه	ps	بلْـه
بلكې	ps	بلَكې
بللي	ps	بلَلي
بلوسي	ps	بْلوسي
بليدل	ps	بْليدل
بلکى	ps	بْلْکِى
بلېدو	ps	بْلېدُو
بمحمد	ps	بمْحمد
بند	ps	بَنْد
بنددي	ps	بَنْدْدي
بندری	ps	بَنْدْری
بندنه	ps	بنْدْنه
بنديدو	ps	بنديدو
بنديلي	ps	بنديلي
بندڅه	ps	بنْدْڅه
بندیزنه	ps	بندیزنه
بندېدل	ps	بندېدل
بنست	ps	بنْسْت
بنشین	ps	بنشین
بنوطى	ps	بنوطَى
بنونضيرقبېلې	ps	بنونضيرْقبېلې
بنين	ps	بنين
بنډولوکی	ps	بنډولوکی
بنین	ps	بنین
بىا	ps	بىا
بياپدي	ps	بياپدي
بياکلي	ps	بياکلي
بيبه	ps	بيبه
بيج	ps	بيج
بيخبر	ps	بيخْبْر
بيدوي	ps	بيدوي
بيرته	ps	بيرته
بيروته	ps	بيروته
بيستم	ps	بيسْتْم
بيسودو	ps	بيسودو
بيشرمى	ps	بيشَرمِى
بيطرفۍ	ps	بيطَرَفۍ
بيـ	ps	بيـ
بيـــــي	ps	بيـــــي
بيلدوزر	ps	بيلدوزر
بيلوي	ps	بيلُوي
بينۍ	ps	بينۍ
بټن	ps	بْټْن
بچم	ps	بَچْم
بډ	ps	بَډ
بړس	ps	بَړْس
بړول	ps	بْړول
بړیده	ps	بْړیده
بگذردزین	ps	بِگْذْردزین
بڼۀ	ps	بڼۀ
بیتی	ps	بیتی
بیحه	ps	بیحه
بیخچن	ps	بیخچن
بیده	ps	بیده
بیرجین	ps	بیرجین
بیریږم	ps	بیریږم
بیسی	ps	بیسی
بیـــــــه	ps	بیـــــــه
بیلبو	ps	بیلبو
بیلد	ps	بیلْد
بیلمز	ps	بیلمز
بیلید	ps	بیلید
بینظیر	ps	بینظیر
بیړني	ps	بیړني
بیکر	ps	بیکْر
بیګې	ps	بیګې
بۍ	ps	بۍ
بېتونه	ps	بېتونه
بېخبري	ps	بېخْبْري
بېخونده	ps	بېخونده
بېرحمی	ps	بېرْحْمی
بېرول	ps	بېرول
بېري	ps	بېري
بېرېدى	ps	بېرېدِى
بېشرمو	ps	بېشْرْمو
بېـــــرېــــــدلـــــه	ps	بېـــــرېــــــدَلْـــــه
بېفکره	ps	بېفْکْره
بېلچې	ps	بېلچې
بېن	ps	بېن
بېنوا	ps	بېنوا
بېړې	ps	بېړې
تآسف	ps	تآسف
تأریچه	ps	تأریچه
تألیف	ps	تَألیف
تؤت	ps	تؤت
تبرته	ps	تبْرته
تبريز	ps	تَبريز
تبریم	ps	تَبریم
تبصروکې	ps	تَبْصروکې
تبي	ps	تَبي
تبیلو	ps	تَبیلُو
تترك	ps	تَترَك
تتۍ	ps	تَتۍ
تجربـــې	ps	تَجْرْبْـــې
تجرو	ps	تَجرُو
تجريده	ps	تجريده
تجرېبو	ps	تَجرېبُو
تجسسي	ps	تَجسُسي
تجلی	ps	تَجلی
تحده	ps	تحَده
تحريمو	ps	تَحريمُو
تحقي	ps	تَحقي
تحقیقي	ps	تَحقیقي
تحمله	ps	تحَمَله
تحمیق	ps	تَحمیق
تخنيکم	ps	تخنيکم
تخیلي	ps	تخیلي
تدبیر	ps	تدبیر
تدرجي	ps	تدْرجي
تدريسيږي	ps	تدريسيږي
تدریسي	ps	تدریسي
تده	ps	تده
تربحث	ps	ترْبحث
تربله	ps	ترْبله
تربورولۍ	ps	تربورولۍ
تربګنيت	ps	تربګنيت
تربگنۍ	ps	تربگنۍ
ترتبه	ps	ترْتبه
ترتله	ps	ترْتله
ترتولو	ps	ترتولو
ترجمعه	ps	ترجمعه
ترجوړيد	ps	ترجوړيد
ترجېع	ps	ترجېع
ترخيدو	ps	ترخيدو
ترد	ps	ترْد
ترزنی	ps	ترْزْنی
ترسينې	ps	ترسينې
تركومي	ps	تركومي
تركچي	ps	ترْكچي
ترلمړی	ps	ترْلْمْړی
ترلي	ps	ترلي
ترم	ps	ترْم
ترمذ	ps	ترْمْذ
ترمرگه	ps	ترْمْرْگه
ترميم	ps	ترميم
ترمينل	ps	ترمينل
ترن	ps	ترْن
ترنظره	ps	ترْنظَره
ترنوركله	ps	ترنورْكله
تروتنې	ps	تروتنې
ترورزي	ps	ترورزي
تروريســــــتی	ps	تروريســــــتی
ترورکړل	ps	ترورْکْړل
تروسله	ps	تروسله
ترون	ps	ترون
تروگم	ps	تْروگْم
تري	ps	تْري
تريخه	ps	تْريخه
ترينزي	ps	تْرينزي
ترپوزې	ps	ترپوزې
ترپير	ps	ترپير
ترڅوبه	ps	ترڅوبه
ترڅودبيرته	ps	ترڅودبيرته
ترڅولدې	ps	ترڅولدې
ترڅويو	ps	ترڅويو
ترڅيړني	ps	ترڅيړَني
ترچتر	ps	ترْچتر
ترکله	ps	ترْکْله
ترکېب	ps	ترکېب
ترګمۍ	ps	ترْګْمۍ
ترګوټ	ps	ترګوټ
تریب	ps	تْریب
تریلر	ps	تْریلر
تریوتندی	ps	تْرِیوتندی
ترېخی	ps	تْرېخی
تسبيح	ps	تْسبيح
تسرفو	ps	تْسرفُو
تسلد	ps	تْسلْد
تسليت	ps	تْسليت
تسليميدو	ps	تسليميدو
تسلیمیږي	ps	تسلیمیږي
تسمع	ps	تسمع
تسپېد	ps	تسپېد
تشتیدلی	ps	تشتیدلی
تشدد	ps	تشدد
تشريف	ps	تشريف
تشه	ps	تشه
تشون	ps	تشون
تشکر	ps	تشکر
تصحیح	ps	تصَحیح
تصدیق	ps	تصَدیق
تصــــــــــــــــــویر	ps	تصَــــــــــــــــــویر
تطبیقیدل	ps	تَطبیقیدل
تظلم	ps	تَظلَم
تعبـــیر	ps	تَعبْـــیر
تعبيره	ps	تَعبيره
تعبیری	ps	تَعبیری
تعرض	ps	تَعرَض
تعريفه	ps	تعريفه
تعریفونو	ps	تَعریفونو
تعزیه	ps	تعزَیه
تعصبونه	ps	تعْصبونه
تعصوبيزو	ps	تَعصوبيزو
تعقيبولو	ps	تَعقيبولو
تعقیبونو	ps	تَعقیبونو
تعلمه	ps	تعْلمه
تعليقى	ps	تَعليقِى
تعلیم	ps	تَعلیم
تعمق	ps	تَعمَق
تعميرو	ps	تَعميرو
تـش	ps	تـش
تــصـویــر	ps	تــصـویــر
تــــخـــت	ps	تــــخْـــت
تـــــتـــه	ps	تـــــتْـــه
تــــــشـــــدد	ps	تــــــشـــــدَد
تـــــــــــــــــــــــــــــــــــــــــــــــــه	ps	تْـــــــــــــــــــــــــــــــــــــــــــــــــه
تـــــــورېدلي	ps	تْـــــــورېدلي
تـــــقــــــــريــــــبـــــــي	ps	تـــــقــــــــريــــــبِـــــــي
تـــــيره	ps	تْـــــيره
تـــه	ps	تْـــه
تــندی	ps	تَــندی
تــول	ps	تْــول
تـفسير	ps	تَـفسير
تـنـدی	ps	تَـنـدی
تـورو	ps	تْـورو
تـیر	ps	تْـیر
تفتيشي	ps	تَفتيشي
تفرقو	ps	تَفرَقو
تفریحی	ps	تَفریحی
تفسيرونوکې	ps	تَفسيرونوکې
تفسیرول	ps	تَفسیرول
تفصيله	ps	تفصيله
تفضل	ps	تَفضل
تفلیس	ps	تَفلیس
تفورد	ps	تَفوْرْد
تقدسی	ps	تَقَدُسی
تقررد	ps	تَقَرَرْد
تقريبي	ps	تَقريبي
تقریر	ps	تَقریر
تقسيميدل	ps	تَقسيميدَل
تقــــــــــــــــــــدیر	ps	تَقــــــــــــــــــــدیر
تقنينی	ps	تَقنينی
تقېسم	ps	تَقېسَم
تكتيك	ps	تَكتيك
تكلـــــــــــ	ps	تَكَلْـــــــــــ
تكمېلېدو	ps	تَكمېلېدو
تكو	ps	تَكو
تلزم	ps	تَلزَم
تلفی	ps	تَلفی
تلقیح	ps	تَلقیح
تللــــــي	ps	تَللِــــــي
تللي	ps	تَللي
تلوحكم	ps	تَلوحُكْم
تلولى	ps	تَلولِى
تليج	ps	تليج
تمبل	ps	تَمبل
تمدن	ps	تمَدن
تمديدولو	ps	تَمديدولو
تمله	ps	تمَله
تمنې	ps	تمَنې
تمیز	ps	تمیز
تنبيهي	ps	تنبيهي
تنفیظ	ps	تنفیظ
تنندي	ps	تنندي
تنکۍ	ps	تنَکۍ
توبـــــــه	ps	توبْـــــــه
توبیر	ps	توبیر
توتسيز	ps	توتسيز
توثيق	ps	توثيق
توجيی	ps	توجِيی
توخو	ps	توخو
تودزرى	ps	تودْزْرِى
تودوخې	ps	تودوخې
توديدې	ps	توديدې
تودېدلو	ps	تودېدلو
تورتب	ps	تورَتْب
تورنول	ps	تورَنول
توروسترگو	ps	توروسْتْرْگو
تورومه	ps	تورومه
تورونوپه	ps	تورونوپه
توروڅېروپه	ps	توروڅېروپه
تورپېکۍ	ps	تورپېکۍ
تورکمني	ps	تورکمني
توصي	ps	تَوصي
توطؤ	ps	تُوطؤ
توطيو	ps	تَوطيو
توظيف	ps	تَوظيف
توفر	ps	تَوفَر
توفیقي	ps	توفیقي
توكلو	ps	توكَلو
توكوپه	ps	توكوپه
تولد	ps	تولْد
تولنیز	ps	تولنیز
توليدى	ps	توليدِى
توليدېږي	ps	توليدېږي
تولید	ps	تولید
تولیدونکی	ps	تولیدونَکی
تولیدی	ps	تولیدی
تولېده	ps	تولېده
تومور	ps	تومور
تومونو	ps	تومونو
توهين	ps	توهين
توپك	ps	توپْك
توپيرنشته	ps	توپيرْنْشْته
توکمه	ps	توکمه
توکميزې	ps	توکميزې
توکمې	ps	توکمې
توکونو	ps	توکونو
توگي	ps	توگي
تي	ps	تي
تيركړى	ps	تيرْكْړى
تيريدل	ps	تيريدْل
تيرې	ps	تيرې
تيسيس	ps	تيسيس
تيلفونى	ps	تيلفونِى
تيندلر	ps	تينْدْلر
تپ	ps	تَپ
تپوم	ps	تَپوم
تړلو	ps	تړَلُو
تړمی	ps	تړَمی
تړپیدو	ps	تړَپیدُو
تږو	ps	تږُو
تښ	ps	تښ
تښتولو	ps	تښتولو
تښتونكې	ps	تښتونُكې
تښتونکي	ps	تښتونُکي
تښتيده	ps	تښتيده
تښټول	ps	تښټول
تکتيکه	ps	تکَتيکه
تکشنه	ps	تَکْشْنه
تکلف	ps	تَکلَف
تکلیف	ps	تَکلیف
تکمیدلو	ps	تَکمیدلُو
تګلوري	ps	تَګلوري
تیردو	ps	تیردو
تیرسی	ps	تیرسی
تیرلو	ps	تیرلو
تیرید	ps	تیرید
تیریدوسره	ps	تیریدوسره
تیل	ps	تیل
تیننت	ps	تینَنْت
تیږلوړه	ps	تیږلوړه
تیگې	ps	تیگې
تېرشوى	ps	تېرَشوى
تېركې	ps	تېركې
تېرولو	ps	تېرولو
تېروڅوکلونوکې	ps	تېروڅوکلونوکې
تېريدو	ps	تېريدو
تېريږيپ	ps	تېريږيپ
تېریو	ps	تېرِیو
تېرېدلودومره	ps	تېرېدَلودومره
تېزن	ps	تېزَن
تېلفونونه	ps	تېلفونونه
ثبتولوسره	ps	ثبتولوسره
ثبتېدو	ps	ثبتېدو
ثری	ps	ثری
ثقفى	ps	ثقفِى
ثمرکړي	ps	ثمرْکْړي
ثونه	ps	ثونه
ثیر	ps	ثیر
جب	ps	جب
جبرأ	ps	جبرَأ
جبرې	ps	جبرې
جبین	ps	جبین
جثه	ps	جثه
جخت	ps	جخْت
جدو	ps	جدو
جدک	ps	جدَک
جرسي	ps	جَرَسي
جرمونوسره	ps	جرمونوسره
جريان	ps	جريان
جريدو	ps	جريدو
جرين	ps	جرين
جرګ	ps	جرْګ
جرګوکی	ps	جرګوکی
جرین	ps	جرین
جز	ps	جز
جزبی	ps	جَزبی
جزګڼل	ps	جَزْګڼل
جستو	ps	جَستو
جسدپورته	ps	جَسدپورته
جسمې	ps	جَسمې
جعفر	ps	جَعفر
جعلت	ps	جَعلت
جــــ	ps	جْــــ
جكه	ps	جكه
جلبي	ps	جلبي
جلدي	ps	جلدي
جلسي	ps	جلسي
جليلي	ps	جليلي
جلېلي	ps	جلېلي
جمر	ps	جمر
جمشید	ps	جمشید
جملګي	ps	جمْلْګي
جموعه	ps	جموعه
جمیزجونز	ps	جَمیزجونْز
جن	ps	جَن
جنب	ps	جنْب
جنبښ	ps	جنبښ
جنتوبه	ps	جنَتوبه
جنر	ps	جنْر
جنیش	ps	جَنیش
جوبټه	ps	جوبټه
جوتیږي	ps	جوتیږي
جورف	ps	جورْف
جورکړ	ps	جورکَړ
جوزيف	ps	جوزيف
جوسې	ps	جوسې
جولو	ps	جولو
جوټه	ps	جوټه
جوړكري	ps	جوړْكْري
جوړكړي	ps	جوړْكْړي
جوړلې	ps	جوړلې
جوړولد	ps	جوړولْد
جوړولوتیر	ps	جوړولوتیر
جوړولوكې	ps	جوړولوكې
جوړومه	ps	جوړومه
جوړى	ps	جوړِى
جوړيدني	ps	جوړيدني
جوړيږ	ps	جوړيږ
جوړښتون	ps	جوړْښْتوْنْ
جوړکـړی	ps	جوړْکـړی
جوړیدو	ps	جوړیدو
جوړیږ	ps	جوړیږ
جوړې	ps	جوړې
جوړېدونکو	ps	جوړېدونَکو
جوګيزي	ps	جوګيزي
جيبو	ps	جيبو
جيله	ps	جيله
جيپ	ps	جيپ
جټو	ps	جْټو
جچملې	ps	جْچْمْلې
جړي	ps	جْړي
جکړه	ps	جکړه
جګريږي	ps	جګريږي
جګولى	ps	جګولِى
جګپو	ps	جګپو
جګړنی	ps	جګْړْنی
جګړيزه	ps	جګړيزه
جګړیزی	ps	جګړیزی
جګۍ	ps	جګۍ
جگــړې	ps	جگــړې
جگړ	ps	جگْړ
جگړیزو	ps	جگړیزو
جیش	ps	جیش
جیلونوکې	ps	جیلونوکې
جینیتیک	ps	جینیتیک
جیپور	ps	جیپور
جیګیده	ps	جیګیده
جېل	ps	جېل
جېټ	ps	جېټ
حبری	ps	حبری
حبــــش	ps	حبْــــش
حبيبزی	ps	حبيبَزی
حثيت	ps	حثَيت
حجش	ps	حجْش
حدي	ps	حدي
حدکې	ps	حدکې
حربه	ps	حربه
حرف	ps	حرْف
حسنونه	ps	حسنونه
حسينه	ps	حسينه
حسینې	ps	حسینې
حشره	ps	حشره
حصی	ps	حصی
حضرتې	ps	حضْرْتې
حضورته	ps	حضورته
حضير	ps	حضير
حـا	ps	حِـا
حــريت	ps	حــريت
حــــــريم	ps	حــــــريم
حـــــــــــــــسن	ps	حـــــــــــــــسن
حـق	ps	حـق
حفصه	ps	حفصه
حق	ps	حق
حقبین	ps	حقَبین
حقمل	ps	حقمل
حقيقتونه	ps	حقيقَتونه
حقیقي	ps	حَقیقي
حكمة	ps	حكمَة
حكوت	ps	حكوت
حكومتيان	ps	حكومَتيان
حلقي	ps	حلقي
حلول	ps	حلول
حمته	ps	حمته
حمزہ	ps	حَمزَہ
حمه	ps	حمه
حميدزي	ps	حَميدزي
حميمي	ps	حَميمي
حمیدې	ps	حَمیدې
حنظلچې	ps	حَنظَلچې
حويلۍ	ps	حُويلۍ
حيان	ps	حيان
حيثه	ps	حيثه
حيدرخېل	ps	حيدَرخېل
حيسني	ps	حيسَني
حيقيت	ps	حَيقيت
حکمو	ps	حُکمُو
خآن	ps	خآن
خبرد	ps	خبرْد
خبررشي	ps	خبرْرْشي
خبرصحي	ps	خبرْصحي
خبرلیک	ps	خبرلیک
خبروخبرو	ps	خبروخبرو
خبروسربیره	ps	خبروسربیره
خبرونه	ps	خبرونه
خبري	ps	خبري
خبرپآڼه	ps	خْبرْپآڼه
خبرکړل	ps	خْبرْکْړل
خبرګۍ	ps	خْبرګۍ
خبرید	ps	خْبرید
خبریې	ps	خْبرِیې
خبرېهسې	ps	خْبرېهسې
خبـره	ps	خْبـره
خبيثې	ps	خْبيثې
ختــــــ	ps	خَتْــــــ
ختلى	ps	خَتلِى
ختمکیدو	ps	خَتْمْکیدو
ختمېدلو	ps	خَتمېدلو
ختن	ps	خَتْن
ختي	ps	خَتي
ختيځه	ps	ختيځه
ختځ	ps	ختْځ
ختیخو	ps	خَتیخو
خخونې	ps	خخونې
خذمت	ps	خذمت
خربوزو	ps	خْربوْزو
خرخښه	ps	خْرخښه
خرقه	ps	خْرقه
خروښ	ps	خْرَوښْ
خرځولی	ps	خْرځولی
خرچه	ps	خرچه
خرکی	ps	خرکی
خس	ps	خس
خسکي	ps	خسَکي
خشکیده	ps	خشکیده
خصم	ps	خصْم
خصوصى	ps	خصوصِى
خصوصې	ps	خصوصې
خط	ps	خط
خطــــــــــــــــــــــــا	ps	خطِــــــــــــــــــــــــا
خطه	ps	خطه
خطکش	ps	خَطکَش
خــــروښېـــدلــي	ps	خْــــروښېـــدَلِــي
خــــــــــرد	ps	خْــــــــــرْد
خــــــــــــولې	ps	خْــــــــــــولې
خــــــــوشـــــــــ	ps	خْــــــــوشْـــــــــ
خــــــو	ps	خْــــــو
خـــــلــــک	ps	خْـــــلْــــک
خـــــپــــــــــل	ps	خْـــــپــــــــــل
خــــپــــل	ps	خْــــپــــل
خــلـــــــــیـــــــــله	ps	خْــلْـــــــــیـــــــــله
خــوري	ps	خْــوري
خــیام	ps	خْــیام
خـولې	ps	خْـولې
خفيفة	ps	خفيفة
خلـك	ps	خْلَـك
خلقى	ps	خْلَقِى
خلقې	ps	خْلَقې
خلګودسرپه	ps	خلګودسرپه
خلګولره	ps	خلګولره
خلۀ	ps	خلۀ
خمتمه	ps	خمْتْمه
خمنډکي	ps	خمْنْډْکي
خمیر	ps	خمیر
اتلس	ps	اتَلس
اردن	ps	اردن
اغوستل	ps	اغوستل
الوتل	ps	الوْتل
اهاړ	ps	اهاړ
اوړه	ps	اوړه
اينو	ps	اينو
باد	ps	باد
باچا	ps	باچا
بدلول	ps	بَدَلَول
بغداد	ps	بَغداد
بنګېدل	ps	بنګېدل
تماله	ps	تماله
تۀ	ps	تۀ
ختل	ps	خَتل
خوږ	ps	خوږ
درکول	ps	دَرکَول
دېګلی	ps	دېګلَی
رنګین	ps	رَنګین
زر	ps	زَر
زنه	ps	زنه
ستاسې	ps	سْتاسې
سل	ps	سل
سيند	ps	سينْد
شلتالو	ps	شَلتالُو
غلا	ps	غْلا
غڼه	ps	غڼه
فلسطین	ps	فَلَسطین
لرل	ps	لَرل
لوی	ps	لوی
مل	ps	مَل
مړه	ps	مړه
مېله	ps	مېله
نجلۍ	ps	نْجلۍ
نه	ps	نه
پتخ	ps	پَتَخ
پنځوس	ps	پنځوس
پوځ	ps	پَوځْ
پښتنه	ps	پښْتنه
پګړۍ	ps	پګَړۍ
څنګل	ps	څنګل
څکه	ps	څکه
ډاکه	ps	ډاکه
ښه	ps	ښه
ښځينه	ps	ښځينه
ښۀ	ps	ښۀ
کول	ps	کول
کښې	ps	کْښې
ګټه	ps	ګټه
شوي	ps	شُوي
مشه	ps	مشه
بزګر	ps	بزګر
ابجد	ps	ابجَد
ابدسی	ps	ابدَسی
ابر	ps	ابْر
ابرتزد	ps	ابرَتْزْد
ابری	ps	ابرَی
ابس	ps	ابْس
ابطوپه	ps	ابطوپه
ابلل	ps	ابلل
ابلیت	ps	ابلیت
ابيو	ps	ابِيو
ابیو	ps	ابِیو
ابېڅې	ps	ابېڅې
اتريخت	ps	اتريخْت
اتسلمه	ps	اتْسْلْمه
اتـفـ	ps	اتْـفْـ
اتلسمه	ps	اتلسمه
اتن	ps	اتْن
اتوريتې	ps	اتوريتې
اتومونو	ps	اتومونو
اتيژې	ps	اتيژې
اتړکوي	ps	اتْړْکوي
اتیرېدل	ps	اتیرېدَل
اتیک	ps	اتیک
اثردی	ps	اثَردی
اثرونو	ps	اثَرونو
اثــــردي	ps	اثَــــردي
اجرأ	ps	اجرَأ
اجرت	ps	اجرت
اجــــــــــــــــل	ps	اجْــــــــــــــــل
اجه	ps	اجه
اجی	ps	اجی
اجې	ps	اجې
احد	ps	احَد
احديث	ps	احَديث
احمدصمد	ps	احمدصَمد
احمدى	ps	احْمدِى
احمدې	ps	احْمدې
احمقه	ps	احمِقه
اخمد	ps	اخمد
اخيتسى	ps	اخيتسِى
اخيرنى	ps	اخيرنِى
اخيستلې	ps	اخيسْتلې
اخيــــستى	ps	اخيــــستِى
اخځليكونو	ps	اخْځْليكونو
اخیرت	ps	اخیرْت
اخیستلی	ps	اخیسْتلی
اخیستول	ps	اخیستول
اخېری	ps	اخېری
اخېستونكي	ps	اخېستونَكي
ادبـي	ps	ادَبِـي
ادبی	ps	ادَبی
ادمخیل	ps	ادَمخیل
ادپت	ps	ادَپْت
اربك	ps	ارَبْك
ارتودوکس	ps	ارتودوکْس
ارثي	ps	ارثي
ارحمني	ps	ارْحْمِني
اردنی	ps	ارْدْنی
اردودپوليسو	ps	اردودپوليسو
ارزيدل	ps	ارزيدْل
ارزښتمو	ps	ارزَښْتْمُو
ارزېدی	ps	ارزېدی
ارسېدوله	ps	ارسېدوله
ارشد	ps	ارْشْد
ارضى	ps	ارضِى
اروح	ps	اروح
اروی	ps	ارُوی
اريون	ps	ارِيون
ارځيدل	ps	ارځيدْل
ارگ	ps	ارْگ
ارڼۍ	ps	ارڼۍ
ارین	ps	ارین
ازموده	ps	ازموده
ازمويېنه	ps	ازمويېنه
ازمیلی	ps	ازمیلی
ازمېیلی	ps	ازمېیلی
ازیشن	ps	ازیشَن
اسب	ps	اسْب
استخلف	ps	استخْلْف
استروجن	ps	اسْتْروجن
استوګنو	ps	استوګُنو
استوگني	ps	استوگُني
استینه	ps	استینه
اسحق	ps	اسَحْق
اسر	ps	اسَر
اسرو	ps	اسرو
اسلسی	ps	اسْلسی
اسمريتي	ps	اسْمْريتي
اسو	ps	اسو
اسويلی	ps	اسُويلی
اسيدبن	ps	اسيدبن
اسيري	ps	اسيري
اسپيشل	ps	اسپيشل
اسېا	ps	اسېا
اصلن	ps	اصلن
اصلې	ps	اصلې
اطعة	ps	اطعَة
افروز	ps	افرَوزْ
افسره	ps	افْسره
افظه	ps	افظه
افندی	ps	افَندی
افيم	ps	افيم
افیکو	ps	افیکُو
اقبل	ps	اقبَل
اكلم	ps	اكلَم
اكي	ps	اكي
البحرپ	ps	البَحْرْپ
البرة	ps	البَرَة
البرښځه	ps	البرْښْځه
البقيع	ps	البَقيع
التحقيق	ps	التحقيق
الترم	ps	الترْم
الترک	ps	الترْک
الجدید	ps	الْجْدید
الجزیزی	ps	الْجْزیزی
الجمل	ps	الْجمل
الجنه	ps	الْجنه
الحجی	ps	الْحجی
الحرير	ps	الْحرير
الذمت	ps	الْذْمَت
الذی	ps	الذی
الستون	ps	الْسْتوْنْ
السلمي	ps	الْسْلْمي
السنت	ps	الْسْنْت
السوک	ps	الْسوْکْ
السکرحتی	ps	الْسْکْرْحْتی
الشديد	ps	الشَديد
الشرقيه	ps	الشرقَيه
الشمس	ps	الشَمْس
الشوق	ps	الشَوقْ
الطريق	ps	الطَريق
العدو	ps	العَدُو
العظمى	ps	العَظمَى
العقيده	ps	العَقيده
الفرق	ps	الفَرْق
القدردشپې	ps	القدْرْدشپې
القریب	ps	القَریب
الك	ps	الْك
اللبنة	ps	اللَبنَة
اللقمة	ps	اللَقمَة
اللو	ps	اللُو
المدت	ps	الْمدَت
المذکو	ps	المذکو
المرتجز	ps	المَرْتجَز
المزر	ps	المَزْر
المش	ps	المَش
المعتزله	ps	المعْتزَله
المعنى	ps	المَعنَى
المقدسي	ps	المُقدَسي
المنير	ps	المُنير
الموردى	ps	المَورْدِى
المپیک	ps	المِپیک
النبين	ps	النَبين
النعيمي	ps	الْنْعيمي
النميمة	ps	النَميمَة
الوت	ps	الوْت
الوتكې	ps	الوْتكې
الوته	ps	الوْته
الوتک	ps	الوْتک
الوتکولولپه	ps	الوْتکولولپه
الود	ps	الوْد
الوسطی	ps	الوْسَطی
الکفرة	ps	الکَفرَة
الیزه	ps	الیزه
امآ	ps	امآ
امخکښې	ps	امْخْکْښې
امدید	ps	امدید
امرخيل	ps	امرخيل
امركوم	ps	امرْكوْمْ
امروز	ps	امروْزْ
امريكی	ps	امريكی
امرکې	ps	امْرْکې
امریکي	ps	امریکي
امــــيدونه	ps	امْــــيدونه
املې	ps	امَلې
امند	ps	امَنْد
امنيټ	ps	امَنيټ
امنېي	ps	امَنېي
اميرزى	ps	اميرَزِى
اميرم	ps	اميرَم
اميـــد	ps	اميـــد
اميني	ps	اميني
امپر	ps	امْپْر
امپرطوري	ps	امْپْرطوري
امک	ps	امک
امیتی	ps	امیتی
امیدونه	ps	امیدونه
امیربند	ps	امیربنْد
امیزه	ps	امیزه
امینی	ps	امینی
امېدونه	ps	امېدونه
انترنټي	ps	انترْنْټي
انتيكه	ps	انتيكه
انتیک	ps	انتیک
انجونوډک	ps	انجونوډک
انجينري	ps	انجينَري
انجینير	ps	انجینير
انخينر	ps	انَخينر
اندني	ps	انْدني
انديښـنې	ps	انديښـنې
انديښنې	ps	انديښنې
اندړو	ps	انْدْړو
اندیز	ps	اندیز
اندیښمند	ps	اندیښمنْد
اندۍ	ps	اندۍ
انريکو	ps	انريکو
انرژې	ps	انْرْژې
انسرجنسي	ps	انْسْرجنسي
انسیتوت	ps	انسیتوت
انشي	ps	انشي
انيزه	ps	انيزه
انځل	ps	انْځْل
انڅور	ps	انڅور
انیزي	ps	انیزي
اهنري	ps	اهنْري
اهکو	ps	اهکو
اوبحرنی	ps	اوبحرنی
اوبدمخی	ps	اوبْدْمخی
اوبدنې	ps	اوبْدْنې
اوبدۍ	ps	اوبدۍ
اوبريک	ps	اوبريک
اوبزګرچې	ps	اوبْزْګَرچې
اوبشردوستی	ps	اوبْشْرْدوستی
اوبلنه	ps	اوبْلنه
اوبندول	ps	اوبْنْدول
اوبهر	ps	اوبهر
اوبيرته	ps	اوبيرته
اوبړینه	ps	اوبړینه
اوبیشکه	ps	اوبیشکه
اوترنن	ps	اوترنن
اوتروريستي	ps	اوتَروريستي
اوترینه	ps	اوتَرینه
اوتوښو	ps	اوتوښو
اوتيره	ps	اوتيره
اوتيښته	ps	اوتيښته
اوتکلیفونه	ps	اوتْکْلیفونه
اوتۍ	ps	اوتۍ
اوثبت	ps	اوثبَت
اوجدي	ps	اوجدي
اوخرد	ps	اوخرد
اوخزری	ps	اوخْزْری
اوخلكويې	ps	اوخلِكويې
اوخلگو	ps	اوخلِگو
اوخنځير	ps	اوخْنځير
اوخونديتوب	ps	اوخونديتوب
اوخوګ	ps	اوخوګ
اوخپ	ps	اوخْپ
اوخپه	ps	اوخپه
اود	ps	اود
اودببرك	ps	اودْبْبَرْك
اودبلجیم	ps	اودبَلجیم
اودرس	ps	اودَرْس
اودرمي	ps	اودَرمي
اودريم	ps	اودَريم
اودریګوني	ps	اودَریګوْنْي
اودزم	ps	اودَزْم
اودس	ps	اودَس
اودسيسي	ps	اودسيسي
اودسپکی	ps	اودسپکی
اودشرق	ps	اودْشرق
اودطورخم	ps	اودطورخْم
اودملت	ps	اودْملَت
اودممــبر	ps	اودمَمــبَر
اودنفرت	ps	اودنَفرَت
اودپرمخ	ps	اودْپْرْمخ
اودپه	ps	اودپه
اودپوهيدلویوه	ps	اودپوهيدلویوه
اودپښتو	ps	اودْپْښْتو
اودپښټوژبې	ps	اودپښټوژَبې
اودځينوچي	ps	اودځينوچي
اودچينه	ps	اودچينه
اودډيري	ps	اودډيري
اودژمی	ps	اودْژمی
اودښمن	ps	اودْښْمن
اودښځینه	ps	اودْښْځینه
اورته	ps	اورته
اوروزنیز	ps	اوروزنیز
اوريدنې	ps	اوريدنې
اوريفورم	ps	اوريفورْم
اوريځو	ps	اوريځو
اورپكۍ	ps	اورْپْكۍ
اوستورو	ps	اوستورو
اوستونزي	ps	اوستونزي
اوسرته	ps	اوسرته
اوسرليک	ps	اوسرليک
اوسروې	ps	اوسَرَوې
اوسری	ps	اوسَری
اوســـو	ps	اوسَـــو
اوسكندرذى	ps	اوسكندرذِى
اوسله	ps	اوسله
اوسمندری	ps	اوسَمَندَری
اوسمي	ps	اوسَمي
اوسند	ps	اوسَنْد
اوسوچ	ps	اوسوچ
اوسيمي	ps	اوسيمي
اوسپني	ps	اوسْپْني
اوسی	ps	اوسی
اوسیده	ps	اوسیده
اوسیـږی	ps	اوسیـږی
اوشبه	ps	اوشبه
اوشتۀ	ps	اوشتۀ
اوشننو	ps	اوشنَنو
اوشوکت	ps	اوشوکْت
اوشپه	ps	اوشپه
اوشپیتمو	ps	اوشپیتمو
اوشکل	ps	اوشکَل
اوصحيفې	ps	اوصَحيفې
اوصفتونه	ps	اوصفتونه
اوكسيجن	ps	اوكسيجن
اوكمزورو	ps	اوكْمْزورو
اوكيښ	ps	اوكيښ
اولري	ps	اولَري
اولسمشريزو	ps	اولْسْمْشريزُو
اولسی	ps	اولسی
اولمسی	ps	اولْمْسی
اوليکلې	ps	اوليکلې
اولپ	ps	اولْپ
اولښته	ps	اولْښْته
اولی	ps	اولی
اولینن	ps	اولینِن
اومرشدله	ps	اومرشدله
اومرکز	ps	اومرکز
اومستۍ	ps	اومستۍ
اومشروطه	ps	اومْشروطه
اومشوره	ps	اومشُوره
اومصرف	ps	اومَصرْف
اومقدمې	ps	اومقْدمې
اوموخه	ps	اوموخه
اومورچل	ps	اومورچل
اوموډی	ps	اوموډی
اوميد	ps	اوميد
اومکی	ps	اومکی
اومیشت	ps	اومیشْت
اومینې	ps	اومینې
اومېلې	ps	اومېلې
اونثر	ps	اونَثَر
اوندبحث	ps	اونَدَبَحْث
اونسج	ps	اونَسَج
اونورملکي	ps	اونوْرْمَلکي
اونيزه	ps	اونيزه
اونړي	ps	اونړي
اونیز	ps	اونیز
اونۍکې	ps	اونۍکې
اوهلوځلو	ps	اوهلوځلو
اوهمت	ps	اوهمَت
اوهمېشه	ps	اوهمېشه
اوهوس	ps	اوهوس
اوهوډمی	ps	اوهوډمی
اووتي	ps	اووتي
اووی	ps	اووی
اوویشتمې	ps	اوویشْتمې
اويب	ps	اويب
اويس	ps	اويس
اوټبر	ps	اوټبَر
اوټولنه	ps	اوټولَنه
اوټولي	ps	اوټولي
اوټپونو	ps	اوټپونو
اوپ	ps	اوپ
اوپدل	ps	اوپدل
اوپرخوله	ps	اوپْرْخوله
اوپرلپسي	ps	اوپْرْلپسي
اوپښتوملى	ps	اوپښتومَلى
اوپښتوژبی	ps	اوپښتوژَبی
اوځم	ps	اوځم
اوځنډ	ps	اوځَنډ
اوځيڼې	ps	اوځيڼې
اوځیني	ps	اوځیني
اوڅرمن	ps	اوڅرمن
اوڅلورنوري	ps	اوڅلورنوري
اوڅوتنه	ps	اوڅوتَنه
اوڅونوري	ps	اوڅونوري
اوڅيري	ps	اوڅيري
اوڅېرې	ps	اوڅېرې
اوچتووچې	ps	اوچَتووچې
اوچتېږی	ps	اوچَتېږی
اوچلنددى	ps	اوچَلنْدْدِى
اوچندڼ	ps	اوچَندڼ
اوچټل	ps	اوچټَل
اوچېرته	ps	اوچېرته
اوډبره	ps	اوډْبره
اوډلوكي	ps	اوډلوكي
اوډنه	ps	اوډنه
اوډيرو	ps	اوډيرو
اوډېر	ps	اوډېر
اوډېرځله	ps	اوډېرْځله
اوړلې	ps	اوړلې
اوړيسوله	ps	اوړيسوله
اوږدسي	ps	اوږْدْسي
اوږدی	ps	اوږدی
اوږدېدو	ps	اوږدېدو
اوږۍ	ps	اوږۍ
اوژبي	ps	اوژبي
اوښځي	ps	اوښځي
اوښیګڼي	ps	اوښیګَڼي
اوکجل	ps	اوکجل
اوکرکجن	ps	اوکْرْکْجن
اوکشرتوب	ps	اوکْشْرْتوب
اوکفري	ps	اوکْفْري
اوکن	ps	اوکن
اوکيندنې	ps	اوکينْدْنې
اوکړني	ps	اوکْړْني
اوکړۍ	ps	اوکړۍ
اوکېدلى	ps	اوکېدَلى
اوګذره	ps	اوګْذْره
اوګرم	ps	اوګَرَم
اوګلز	ps	اوګَلْز
اوګډوډ	ps	اوګډوډ
اوګیله	ps	اوګیله
اوگټور	ps	اوگټور
اویوله	ps	اویوله
اویوڅه	ps	اویوڅه
اياز	ps	اياز
ايام	ps	ايام
ايزدفتر	ps	ايزدَفتَر
ايزني	ps	ايزني
ايسبي	ps	ايسبي
ايسل	ps	ايسْل
ايشتیرې	ps	ايشتیرې
ايښېدسندرو	ps	ايښېدسنْدْرو
اټكل	ps	اټكل
اټوله	ps	اټوله
اټومی	ps	اټومی
اپريدي	ps	اپريدي
اپریل	ps	اپریل
اپسې	ps	اپسې
اپورونوته	ps	اپورونوته
اپښين	ps	اپښين
اځو	ps	اځو
اځۍ	ps	اځۍ
اڅک	ps	اڅْک
اڅکې	ps	اڅکې
اچـــولي	ps	اچْـــولي
اچوم	ps	اچوم
اچونې	ps	اچونې
اچکزی	ps	اچْکْزی
اډرين	ps	اډرين
اړ	ps	اړ
اړخيزی	ps	اړخيزی
اړخې	ps	اړخې
اړدي	ps	اړدي
اړكړل	ps	اړْكْړل
اړمېدلو	ps	اړمېدلُو
اړومه	ps	اړوْمه
اړيستل	ps	اړيسْتْل
اړيكوكي	ps	اړيكوْكْي
اړينو	ps	اړينو
اړيکود	ps	اړيکوْدْ
اړيکي	ps	اړيکي
اړینی	ps	اړینی
اړېته	ps	اړېته
اړېکى	ps	اړېکِى
اژوندی	ps	اژوْندی
اښی	ps	اښی
اکبـــــــــــــــری	ps	اکْبـــــــــــــــری
اکتوبرکې	ps	اکتوبرکې
اکثرن	ps	اکْثرن
اکثرپکې	ps	اکثرْپکې
اکریم	ps	اکریم
اکستیک	ps	اکْسْتیک
اکن	ps	اکن
اکول	ps	اکول
اکوړي	ps	اکوړي
اکی	ps	اکی
اګرځيدم	ps	اګْرْځيدم
اگه	ps	اگه
اڼه	ps	اڼه
ایادسیمه	ps	ایادسیمه
ایکل	ps	ایکل
ایگور	ps	ایگور
بآورلري	ps	بآورلَري
ببرنه	ps	ببْرنه
ببری	ps	ببری
ببوزى	ps	ببوزِى
ببینند	ps	ببیننْد
بتکره	ps	بتَکَره
بجور	ps	بجور
بحریه	ps	بحرَیه
بختي	ps	بخَتي
بخس	ps	بخْس
بخشيده	ps	بخشيده
بخـښلى	ps	بخْـښْلِى
بخو	ps	بخو
بخور	ps	بخور
بخيزه	ps	بخيزه
بخښلوته	ps	بخْښلوته
بخښو	ps	بخښو
بخښى	ps	بخښِى
بدأ	ps	بدَأ
بدت	ps	بدْت
بدترینو	ps	بدتَرینو
بدخشي	ps	بدْخْشي
بدخونده	ps	بدْخوْنْده
بدرگې	ps	بدْرگې
بدشكله	ps	بدْشْكْله
بدقسمتۍ	ps	بدقسمَتۍ
بدليدلې	ps	بدَليدَلې
بدليږې	ps	بدَليږې
بدلیږی	ps	بدَلیږی
بدلېږی	ps	بدَلېږی
بدنسله	ps	بدنْسْله
بدنونه	ps	بدَنونه
بدنې	ps	بدَنې
بدوکــ	ps	بدوکْــ
بديل	ps	بديل
بدچلن	ps	بدْچْلَن
بدې	ps	بَدې
بر	ps	بَر
بربریک	ps	بْربریک
برترې	ps	بْرْتْرې
برجريده	ps	بْرْجْريده
برخـه	ps	بْرْخْـه
برخوكې	ps	بْرْخوكې
برخي	ps	برخي
بردكه	ps	برْدْكه
بردی	ps	بَردی
برزه	ps	برزه
برسي	ps	برَسي
برسېرنو	ps	برَسېرنو
برضد	ps	بَرضْد
برطرفی	ps	برَطَرَفی
برق	ps	بَرق
برقي	ps	برَقي
برلين	ps	بَرلين
برمر	ps	بَرمَر
برنده	ps	برْنْده
برنډۍ	ps	بَرْنْډۍ
بريان	ps	بْريان
بريت	ps	بْريت
بريدد	ps	بْريدْد
بريدكړي	ps	بْريدْكْړي
بريدنه	ps	بْريدنه
بريدوشوچي	ps	بْريدوشوچي
بريدوکړي	ps	بْريدوکړي
بريدګر	ps	بْريدْګْر
بريژنف	ps	بْريژنف
بريښيدی	ps	بْريښيدی
برڅیره	ps	برڅیره
برژنسکی	ps	بَرْژْنَسکی
برکتي	ps	بَرکَتي
برکی	ps	بَرکی
برگی	ps	بَرگی
بریتونو	ps	بْریتونو
بریدوروسته	ps	بْریدوروسته
بریدونوڅخه	ps	بْریدونوڅخه
بریس	ps	بْریس
بریښې	ps	بْریښې
برېتور	ps	بْرېتور
برېـښېد	ps	بْرېـښېد
برېښيدل	ps	بْرېښيدْل
بزدل	ps	بْزْدَل
بزرګرو	ps	بْزَرګَرو
بزنيم	ps	بْزْنيم
بزکشيو	ps	بزْکشِيو
بزګري	ps	بزْګري
بزگري	ps	بزْگري
بسبنه	ps	بسبنه
بسترشی	ps	بسترشی
بسترکړ	ps	بسترکړ
بستني	ps	بسْتني
بسـمل	ps	بسـمِل
بسمه	ps	بسمه
بسونوکې	ps	بسونوکې
بسی	ps	بسی
بشردوست	ps	بشْرْدوسْت
بشره	ps	بشره
بشــــر	ps	بشْــــر
بشيري	ps	بشيري
بشپړيږي	ps	بشْپړيږي
بشپړېدوسره	ps	بشْپړېدوسره
بشیرمومن	ps	بشیرمومِن
بصفة	ps	بصفَة
بضه	ps	بضه
بطليموس	ps	بطَليموس
بعشق	ps	بعشْق
بـرخـه	ps	بـرخْـه
بــد	ps	بــد
بـــخــــښـــنه	ps	بـــخْــــښـــنه
بـــــدلـــــېده	ps	بـــــدَلْـــــېده
بـــــــ	ps	بـــــــ
بــــــــدله	ps	بــــــــدله
بــــــــــرخه	ps	بــــــــــرخه
بــــــــــيده	ps	بْــــــــــيده
بـــــه	ps	بْـــــه
بــــې	ps	بْــــې
بـــوټي	ps	بْـــوټي
بــوړې	ps	بْــوړې
بــیـ	ps	بْــیـ
بـمـونـه	ps	بـمْـونْـه
بـوټـۍ	ps	بْـوټـۍ
بقصد	ps	بقصد
بقې	ps	بقې
بكش	ps	بكْش
بلخې	ps	بلخې
بلر	ps	بلر
بلقيس	ps	بلقيس
بلورنځی	ps	بْلورْنْځی
بليش	ps	بْليش
بلګي	ps	بْلْګي
بلیر	ps	بْلیر
بمى	ps	بمِى
بندکړي	ps	بنْدْکْړي
بندګې	ps	بنْدْګې
بندیز	ps	بندیز
بنــــده	ps	بنــــده
بنفشه	ps	بنْفشه
بنوحنيفه	ps	بنوحنيفه
بنوكنده	ps	بنوكنده
بنچه	ps	بنچه
بنډله	ps	بنْډله
بنېر	ps	بنېر
بياپ	ps	بياپ
بيبی	ps	بيبی
بيتي	ps	بيتي
بيخى	ps	بيخِى
بيدل	ps	بيدْل
بيرونه	ps	بيرونه
بيريدلو	ps	بيريدلو
بيری	ps	بيری
بيسو	ps	بيسو
بيش	ps	بيش
بيلتونه	ps	بيلتونه
بيلــــګه	ps	بيلــــګه
بيلوده	ps	بيلوده
بيلي	ps	بيلي
بيهقى	ps	بيهقِى
بڅرکو	ps	بڅرکو
بچت	ps	بَچْت
بچي	ps	بَچي
بچۍ	ps	بَچۍ
بډی	ps	بَډی
بړيڅي	ps	بْړيڅي
بړېڅ	ps	بْړېڅ
بکره	ps	بکره
بګــــــــــــــــــړۍ	ps	بګــــــــــــــــــړۍ
بګړي	ps	بګړي
بگرديم	ps	بِگْرْديم
بڼكه	ps	بڼكه
بڼکه	ps	بڼکه
بیخلنه	ps	بیخْلنه
بیدرده	ps	بیدرده
بیر	ps	بیر
بیردي	ps	بیردي
بیریدل	ps	بیریدل
بیزنیس	ps	بیزنیس
بیشرمۍ	ps	بیشرمۍ
بیلګی	ps	بیلګی
بیلیله	ps	بیلیله
بینو	ps	بینُو
بیني	ps	بیني
بیهدبخت	ps	بیهدبخْت
بیوزلو	ps	بیوزَلو
بیوی	ps	بیوی
بېبي	ps	بېبي
بېخو	ps	بېخو
بېد	ps	بېد
بېرنتسن	ps	بېرْنْتْسْن
بېرېدلم	ps	بېرېدْلْم
بېسيم	ps	بېسيم
بېشمېرو	ps	بېشمېرو
بېعزته	ps	بېعْزْته
بېــــړۍ	ps	بېــــړۍ
بېلكې	ps	بېلكې
بېلګۍ	ps	بېلګۍ
بېلېدو	ps	بېلېدو
بېنظيرې	ps	بېنظيرې
بېڅوکه	ps	بېڅوکه
بېکړه	ps	بېکړه
ةترجمه	ps	ةترْجمه
تأخیر	ps	تَأخیر
تأميني	ps	تَأميني
تبديل	ps	تَبديل
تبره	ps	تبره
تبرکولز	ps	تَبرکوْلْز
تبشیرزېری	ps	تَبشیرزېری
تبله	ps	تبله
تبکر	ps	تَبکَر
تتمه	ps	تتمه
تثبیت	ps	تَثبیت
تجديدبه	ps	تجديدبه
تجربى	ps	تَجرُبِى
تجريبه	ps	تجريبه
تجریدو	ps	تَجریدُو
تجزیه	ps	تجزَیه
تجميع	ps	تَجميع
تحرف	ps	تَحَرَف
تحسبن	ps	تَحْسْبَن
تحفو	ps	تَحفُو
تحقيق	ps	تَحقيق
تحقیق	ps	تَحقیق
تحليف	ps	تَحليف
تحليلگر	ps	تَحليلگَر
تحلیلګر	ps	تَحلیلګَر
تحنیکی	ps	تَحنیکی
تحې	ps	تَحې
تخمېن	ps	تخمېن
تخنيكونو	ps	تخنيكونو
تخنيکې	ps	تخنيکې
تخنېک	ps	تخنېک
تدبېر	ps	تدبېر
تدريجې	ps	تدريجې
تدفن	ps	تدفن
تذكيره	ps	تذكيره
تذکرووېشل	ps	تذْکرووېشل
ترأبده	ps	ترأبده
ترب	ps	ترْب
تربو	ps	تربو
تربوچه	ps	تربوچه
تربیی	ps	تربیی
ترتسلط	ps	ترتسلط
ترجګړه	ps	ترجګړه
ترحسين	ps	ترْحسين
ترحکم	ps	ترحکْم
ترخته	ps	ترْخته
ترخپل	ps	ترْخْپل
ترخګرى	ps	ترْخْګرِى
تردمه	ps	ترْدمه
تررسیدو	ps	ترْرْسیدو
ترسبقو	ps	ترْسْبْقو
ترسترگو	ps	ترْسْترگو
ترسختی	ps	ترسختی
ترسره	ps	ترْسره
ترسلو	ps	ترْسلو
ترسپين	ps	ترْسْپين
ترضيض	ps	ترضيض
تركلكې	ps	ترْكْلكې
تركيبونو	ps	تركيبونو
ترلسمې	ps	ترْلْسمې
ترلمبو	ps	ترْلْمْبو
ترلومړې	ps	ترلومړې
ترمحکمې	ps	ترْمْحکمې
ترمرکزه	ps	ترْمْرْکْزه
ترمیمول	ps	ترمیمول
ترنن	ps	ترنن
ترني	ps	ترني
ترورول	ps	ترورول
تروريسته	ps	تروريسته
ترورځ	ps	ترورْځ
تروریستو	ps	تروریستو
تروپوسفير	ps	تْروپوسفير
تريبون	ps	تْريبون
تريخې	ps	تْريخې
ترپرون	ps	ترْپرون
ترپپيښوره	ps	ترْپپيښوره
ترځوخپل	ps	ترځوخپل
ترځوپه	ps	ترځوپه
ترڅلورو	ps	ترْڅْلورو
ترڅومره	ps	ترڅومَره
ترڅوکوم	ps	ترڅوکوم
ترڅېړنې	ps	ترڅېړَنې
ترژور	ps	ترژور
ترکرزې	ps	ترْکْرْزې
ترکومی	ps	ترکومی
ترۀ	ps	ترۀ
تریدلي	ps	تْریدَلي
ترینر	ps	تْرینر
تریپولی	ps	تْریپولی
ترېن	ps	تْرېن
تستأذن	ps	تْسْتَأذن
تسخير	ps	تْسخير
تسف	ps	تْسف
تسلميدل	ps	تْسلميدل
تسليمولو	ps	تسليمولو
تسليمېده	ps	تسليمېده
تسلیمولو	ps	تسلیمولو
تسلېمې	ps	تسلېمې
تشبې	ps	تشبې
تشخیص	ps	تشخیص
تشریف	ps	تشریف
تشفى	ps	تشفِى
تشوش	ps	تشوش
تشکي	ps	تشکي
تشېدو	ps	تشېدو
تصديقه	ps	تصَديقه
تطبیقولو	ps	تَطبیقولو
تطمېع	ps	تَطمېع
تعبيردى	ps	تَعبيردِى
تعبیرونه	ps	تَعبیرونه
تعدد	ps	تَعدَد
تعذيبولو	ps	تَعذيبولو
تعرفو	ps	تَعرِفو
تعصوبونه	ps	تعصوبونه
تعظيـــــــم	ps	تَعظيـــــــم
تعقلون	ps	تَعقَلون
تعقيبېږي	ps	تَعقيبېږي
تعليميافته	ps	تعليميافته
تعلې	ps	تَعلې
تعميرکي	ps	تَعميرکي
تعمیرې	ps	تَعمیرې
تعود	ps	تعوْد
تـ	ps	تَـ
تــرمنځ	ps	تــرمنْځ
تـــــرې	ps	تـــــرې
تــــــــــــــا	ps	تِــــــــــــــا
تـــــــــــــــــه	ps	تْـــــــــــــــــه
تــــــــــل	ps	تــــــــــل
تـــــور	ps	تْـــــور
تــــنو	ps	تَــــنو
تـــل	ps	تَـــل
تـــوري	ps	تْـــوري
تــل	ps	تَــل
تــور	ps	تْــور
تـلو	ps	تَـلو
تـپـوس	ps	تَـپْـوس
تف	ps	تَف
تفر	ps	تَفر
تفرېط	ps	تَفرېط
تفسيرکې	ps	تَفسيرکې
تفصلي	ps	تَفْصلي
تفکيک	ps	تَفکيک
تقت	ps	تَقَت
تقدیر	ps	تَقدیر
تقرآ	ps	تقَرآ
تقسير	ps	تَقسير
تقلیدي	ps	تَقلیدي
تقير	ps	تَقير
تكبر	ps	تَكَبُر
تكې	ps	تَكې
تلد	ps	تَلَد
تلسیم	ps	تَلسیم
تلفي	ps	تَلفي
تلن	ps	تَلَن
تلونو	ps	تَلونو
تمبوي	ps	تَمبوي
تمدنی	ps	تمَدَنی
تمر	ps	تَمر
تمرکزله	ps	تمرکزله
تمسون	ps	تمَسون
تمــه	ps	تمْــه
تمنى	ps	تمَنى
تميدلی	ps	تميدلی
تمينی	ps	تمينی
تمکیل	ps	تمکیل
تمېدل	ps	تمېدل
تنفس	ps	تنفس
تنو	ps	تنو
تنونه	ps	تنونه
تنوپوری	ps	تنوپوری
تني	ps	تني
تنې	ps	تَنې
توبت	ps	توبْت
توتون	ps	توتون
توحش	ps	توحْش
تودوښې	ps	تودوښې
توربخنو	ps	تورَبْخْنو
توربین	ps	تورَبین
تورزنو	ps	تورَزنُو
تورسن	ps	تورسَن
تورليست	ps	تورَليسْت
تورلیست	ps	تورَلیسْت
تورمخی	ps	تورمَخی
تورنمينت	ps	تورَنمينَت
تورني	ps	تورَني
تورنېدل	ps	تورَنېدَل
توروز	ps	توروز
تورونوته	ps	تورونوته
تورپه	ps	تورپه
تورپيکى	ps	تورپيکِى
تورکڼي	ps	تورْکْڼي
توزک	ps	توزَک
توشک	ps	توشَک
توصيې	ps	تَوصِيې
توطـﺋـو	ps	تَوطُـﺋـو
توفي	ps	توفي
توكديمير	ps	توكديمير
توكميزو	ps	توكميزو
توكوله	ps	توكوله
توكې	ps	توكې
تولنو	ps	تولنو
تولولی	ps	تولولی
تولګتو	ps	تولْګْتو
تولیزه	ps	تولیزه
تومتي	ps	تومتي
تومی	ps	تومی
توپي	ps	توپي
توپیرخوشته	ps	توپیرخوشته
توپېرونو	ps	توپېروْنو
توکل	ps	توکْل
توکمیزه	ps	توکمیزه
توکولو	ps	توکولو
توکی	ps	توکی
توکې	ps	توکې
توګې	ps	توګې
تيب	ps	تيب
تيخونوف	ps	تيخونوف
تيرديدو	ps	تيرديدُو
تيرشی	ps	تيرشی
تيريدم	ps	تيريدْم
تيريدی	ps	تيريدی
تيرځل	ps	تيرځل
تيرکړيد	ps	تيرْکْړيد
تيرېدې	ps	تيرېدې
تيكو	ps	تيكو
تيلور	ps	تيلور
تيليفون	ps	تيليفون
تين	ps	تين
تيپ	ps	تيپ
تيڼګه	ps	تيڼګه
تپرست	ps	تَپرَسْت
تپه	ps	تپه
تډمل	ps	تْډْمَل
تړمو	ps	تړَمُو
تږی	ps	تږی
تښتولې	ps	تښتولې
تښتونکو	ps	تښتونُکو
تښتې	ps	تښتې
تښه	ps	تښه
تښېدنې	ps	تښېدَنې
تکبیرونه	ps	تکَبیرونه
تکزي	ps	تَکزي
تکم	ps	تَکْم
تکو	ps	تَکو
تکيه	ps	تَکيه
تګيه	ps	تګيه
تڼي	ps	تَڼي
تی	ps	تی
تیرسو	ps	تیرسو
تیرشوی	ps	تیرشوی
تیرهیرکړي	ps	تیرهیرْکْړي
تیرولې	ps	تیرولې
تیريشپه	ps	تیريشپه
تیرکړی	ps	تیرْکْړی
تیریدلی	ps	تیریدلی
تیریدې	ps	تیریدې
تیریږيپرون	ps	تیریږيپرون
تیميه	ps	تیميه
تیښته	ps	تیښته
تیکی	ps	تیکی
تېد	ps	تېد
تېردوه	ps	تېردوه
تېرشو	ps	تېرَشو
تېرشې	ps	تېرشې
تېروتورو	ps	تېروتورو
تېریده	ps	تېریده
تېز	ps	تېز
تېزېپ	ps	تېزېپ
تېـــر	ps	تېـــر
تېمور	ps	تېمور
ثبتو	ps	ثبَتو
ثبتي	ps	ثبتي
ثبوتوي	ps	ثبوتوي
ثرى	ps	ثرِى
ثقیم	ps	ثقیم
ثم	ps	ثم
ثمرخيلو	ps	ثمرخيلو
ثمين	ps	ثمين
ثوا	ps	ثوا
ثين	ps	ثين
جبركې	ps	جبْرْكې
جبرييل	ps	جبرِييل
جبين	ps	جبين
جتفسیر	ps	جتْفسیر
جحره	ps	جحره
جديت	ps	جديت
جدېدو	ps	جدېدُو
جذبي	ps	جَذبي
جرآت	ps	جرآت
جرحه	ps	جرَحه
جركي	ps	جَركي
جرمنى	ps	جرْمنى
جرمونه	ps	جرمونه
جرمین	ps	جرمین
جروبحث	ps	جروبَحث
جريبند	ps	جريبنْد
جرګی	ps	جرګی
جرگې	ps	جرگې
جریدی	ps	جریدی
جرېبو	ps	جرېبو
جزئيې	ps	جزئيې
جزب	ps	جَزْب
جزم	ps	جَزْم
جزیرو	ps	جَزیرو
جست	ps	جَسْت
جسدونه	ps	جسَدونه
جسمو	ps	جَسمو
جشمی	ps	جَشمی
جع	ps	جَع
جعفره	ps	جَعْفره
جـ	ps	جْـ
جــرس	ps	جَــرَس
جـــــــــــــلوه	ps	جـــــــــــــلوه
جفتونه	ps	جفتونه
جلدة	ps	جلدة
جلوگيری	ps	جلوگيری
جلی	ps	جلی
جمتو	ps	جمتُو
جملوپه	ps	جملوپه
جميع	ps	جَميع
جمپر	ps	جَمپر
جمیله	ps	جمیله
جنترۍته	ps	جنترۍته
جنتوکــــــړی	ps	جنَتوکــــــړی
جندب	ps	جنْدْب
جنريټري	ps	جنريټري
جنسى	ps	جنسِى
جنــــــته	ps	جنَــــــته
جنيټيک	ps	جِنيټيک
جوج	ps	جوج
جوده	ps	جوده
جورجينو	ps	جورجينو
جوري	ps	جوري
جوسلین	ps	جوسلین
جوشي	ps	جوشي
جوكه	ps	جوكه
جوند	ps	جونْد
جووړنې	ps	جووړْنې
جوپی	ps	جوپی
جوړسوي	ps	جوړسوي
جوړكړه	ps	جوړْكْړه
جوړلو	ps	جوړلو
جوړنکړي	ps	جوړنکړي
جوړولوپیل	ps	جوړولوپیل
جوړولې	ps	جوړولې
جوړونكې	ps	جوړونُكې
جوړيدونكي	ps	جوړيدونُكي
جوړيدې	ps	جوړيدې
جوړيږيچه	ps	جوړيږيچه
جوړښت	ps	جوړْښْت
جوړښتي	ps	جوړْښْتي
جوړکړیده	ps	جوړْکړیده
جوړیدونکې	ps	جوړیدونَکې
جوړېـږي	ps	جوړېـږي
جيجيق	ps	جيجيق
جيسي	ps	جيسي
جيم	ps	جيم
جينونه	ps	جينونه
جګدلک	ps	جګْدلک
جګيلوـ	ps	جګيلوـ
جګړ	ps	جګْړ
جګړوسره	ps	جګړوسره
جګړوکي	ps	جګړوکي
جګړیز	ps	جګړیز
جگ	ps	جگ
جگړن	ps	جگْړْن
جگړي	ps	جگړي
جڼى	ps	جڼِى
جیبونه	ps	جیبونه
جیزو	ps	جیزو
جېبونه	ps	جېبونه
جېمز	ps	جېمْز
حببي	ps	حببي
حبشيان	ps	حبشيان
حبيب	ps	حبيب
حبيبيي	ps	حبيبِيي
حبیبې	ps	حبیبې
حتــــــا	ps	حتِــــــا
حتى	ps	حتِى
حجر	ps	حجر
حجررحمه	ps	حجَرَرحمه
حجروډیرښت	ps	حجروډیرْښْت
حجيت	ps	حجيت
حدته	ps	حدته
حدف	ps	حدْف
حرشه	ps	حرشه
حسنیی	ps	حسنِیی
حسیب	ps	حسیب
حشر	ps	حشْر
حشیش	ps	حشیش
حصول	ps	حصول
حطيم	ps	حطيم
حــا	ps	حِــا
حــل	ps	حــل
حفيظته	ps	حفيظته
حقـیـقت	ps	حقْـیـقَت
حقيق	ps	حَقيق
حقيقی	ps	حَقيقی
حقیق	ps	حَقیق
حلقو	ps	حلقو
حلمي	ps	حلمي
حلولی	ps	حلولی
حملى	ps	حَملِى
حميدګل	ps	حَميدګَل
حنيفه	ps	حنيفه
حویلۍ	ps	حُویلۍ
حير	ps	حير
حين	ps	حَينْ
حېث	ps	حېث
حېرت	ps	حېرَت
خبرتوکې	ps	خبرتوکې
خبرخ	ps	خبرْخ
خبردى	ps	خبردِى
خبرسوم	ps	خبرسوم
خبرشوچې	ps	خبرشوچې
خبركې	ps	خبركې
خبرنه	ps	خبرنه
خبرولید	ps	خبرولید
خبرووچې	ps	خبرووچې
خبروپه	ps	خبروپه
خبريدلې	ps	خبريدلې
خبريږو	ps	خبريږو
خبرچی	ps	خْبرچَی
خبرکړې	ps	خْبرْکْړې
خبرېعجيبه	ps	خْبرېعجيبه
خبرېږو	ps	خْبرېږو
خبـــــري	ps	خْبـــــري
خبي	ps	خْبي
خبیثو	ps	خَبیثو
ختمـــه	ps	ختمْـــه
ختمونو	ps	خَتمونو
ختميدوته	ps	ختميدوته
ختمیدوسره	ps	ختمیدوسره
ختيزوبر	ps	خَتيزوبَر
ختگ	ps	خَتْگ
خجند	ps	خجَنْد
خدیجې	ps	خدیجې
خذیفه	ps	خذیفه
خرجن	ps	خْرَجَن
خرس	ps	خْرَس
خرمه	ps	خْرمه
خروسره	ps	خْرُوسْره
خرپولو	ps	خْرَپولو
خرڅه	ps	خْرڅه
خرڅونوسره	ps	خرڅونوسره
خرک	ps	خرْک
خرگوش	ps	خرگوش
خریم	ps	خریم
خزب	ps	خزْب
خزيمة	ps	خزيمَة
خست	ps	خسْت
خسر	ps	خسْر
خسوف	ps	خسوف
خشتو	ps	خشتو
خصوصی	ps	خصوصی
خض	ps	خض
خطبه	ps	خطبه
خطرد	ps	خَطَرْد
خطرکې	ps	خَطَرکې
خطمي	ps	خَطَمي
خظره	ps	خظره
خـبرې	ps	خْـبرې
خـطـــــــــــا	ps	خـطِـــــــــــا
خــبرورکول	ps	خْــبروْرکول
خـــبرېزړه	ps	خْـــبرېزړه
خــــبره	ps	خْــــبره
خـــــبر	ps	خْـــــبر
خــــــبــره	ps	خْــــــبــره
خــــــــــــبريچي	ps	خْــــــــــــبريچي
خـــــــــــــــــــــــــــــــــــــو	ps	خْـــــــــــــــــــــــــــــــــــــو
خــــــــــوب	ps	خْــــــــــوب
خــــــــلــــه	ps	خْــــــــلْــــه
خـــــــونی	ps	خْـــــــونی
خــــــومـوږ	ps	خْــــــومْـوږ
خـــلــــک	ps	خْـــلَــــک
خـــپلې	ps	خْـــپلې
خــوخــپــــه	ps	خْــوخــپْــــه
خــپــلـې	ps	خْــپــلْـې
خـود	ps	خْـود
خـوښي	ps	خْـوښي
خـپلـي	ps	خْـپلِـي
خلأکې	ps	خلَأکې
خلت	ps	خْلَت
خلطوکی	ps	خْلَطوکی
خلـــــكو	ps	خْلُـــــكو
خلقه	ps	خْلقه
خلكومرستې	ps	خْلَكومَرْسْتې
خلم	ps	خْلَم
خلکــــــــــــــــو	ps	خْلَکْــــــــــــــــو
خلګ	ps	خَلْګ
خلګوس	ps	خلګوس
خلګوهیله	ps	خلګوهیله
خلګوکي	ps	خلګوکي
خلیفه	ps	خلیفه
خلېفه	ps	خلېفه
خمسكم	ps	خمْسْكم
خمينى	ps	خمينِى
اتله	ps	اتَله
ارزان	ps	ارزان
الوتکه	ps	الوْتَکه
اوړی	ps	اوړَی
اپريدی	ps	اپريدَی
بادام	ps	بادام
باڼه	ps	باڼه
بدلېدل	ps	بَدلېدل
بغری	ps	بَغَرَی
به	ps	به
بيژکۍ	ps	بيژَکۍ
تېروتل	ps	تېروْتل
جوړ	ps	جوړ
ختيځ	ps	خَتيځ
درې	ps	دْرې
ذکر	ps	ذِکر
زر	ps	زر
زه	ps	زه
ستايل	ps	سْتايل
سم	ps	سم
سټک	ps	سَټَک
شمېر	ps	شْمېر
غلط	ps	غَلَط
لوبه	ps	لوبه
ملګری	ps	ملْګرَی
مېلوه	ps	مېلَوه
نرکاشه	ps	نرکاشه
نو	ps	نو
نړۍ	ps	نړۍ
ټوکه	ps	ټوکه
پتخه	ps	پتَخه
پسه	ps	پْسه
پښتنه	ps	پښْتنه
پیل	ps	پیل
ځم	ps	ځم
ځکه	ps	ځکه
ډاکو	ps	ډاکُو
ژور	ps	ژُور
ښاغلی	ps	ښاغَلَی
ښه	ps	ښه
ښځينه	ps	ښځينه
کابل	ps	کابل
کله	ps	کله
کښې	ps	کْښې
ګرځول	ps	ګرځَول
قلم	ps	قلم
ابترۍ	ps	ابتَرۍ
ابجدو	ps	ابجَدو
ابدل	ps	ابدَل
ابطې	ps	ابطې
ابللو	ps	ابْللو
ابلیس	ps	ابلیس
ابوبكر	ps	ابوْبْكر
ابيب	ps	ابيب
ابیوردی	ps	ابِیوردی
ابېکس	ps	ابېکْس
اتريش	ps	اتريش
اتطيعوه	ps	اتطيعوه
اتقصه	ps	اتْقْصه
اتلسمى	ps	اتلَسمِى
اتومى	ps	اتومِى
اتيت	ps	اتيت
اتيژي	ps	اتيژي
اتيک	ps	اتيک
اتړی	ps	اتړی
اتیکو	ps	اتیکو
اثرونوله	ps	اثَرونوله
اثـــــرپــــه	ps	اثـــــرپْــــه
اجرأت	ps	اجرَأت
اجــــــل	ps	اجْــــــل
اجنسي	ps	اجْنسي
احدکم	ps	احَدکم
احرى	ps	احرِى
احمدرحمه	ps	احمدرحمه
احمدزۍ	ps	احمدزۍ
احمدصميم	ps	احمدصَميم
احمدف	ps	احمدْف
احمدنوري	ps	احمدْنوْرْي
احمر	ps	احمر
اختردسه	ps	اخترْدسه
اخترمونځ	ps	اخترْموْنْځ
اخترښه	ps	اخترښه
اخـــــــــــلي	ps	اخـــــــــــلي
اخفی	ps	اخفی
اخليستل	ps	اخليستل
اخمدی	ps	اخْمدی
اخيدو	ps	اخيدو
اخيستنه	ps	اخيسْتنه
اخيستىى	ps	اخيستِىى
اخيـــــر	ps	اخيـــــر
اخځليک	ps	اخْځْليک
اخیرش	ps	اخیرْش
اخیستـــی	ps	اخیستِـــی
اخیستلې	ps	اخیسْتلې
اخیستوله	ps	اخیستوله
اخیــ	ps	اخیــ
اخېست	ps	اخېسْت
ادبـی	ps	ادَبِـی
ادري	ps	ادَري
ادمدنی	ps	ادَمدَنی
ادوي	ps	ادَوي
ارب	ps	ارَب
اربكى	ps	ارَبكِى
ارتور	ps	ارتور
ارثی	ps	ارثی
ارخ	ps	ارْخ
ارده	ps	ارده
ارزيدو	ps	ارزيدُو
ارزښته	ps	ارزښته
ارس	ps	ارْس
ارش	ps	ارْش
ارضي	ps	ارضي
اركى	ps	اركِى
ارنه	ps	ارنه
ارولو	ps	ارولو
ارویدلی	ps	ارُویدلی
اريس	ps	اريس
اريک	ps	اريک
ارځښتمن	ps	ارْځْښْتْمن
اری	ps	اری
ارینزي	ps	ارینزي
ازخیزی	ps	ازخیزی
اززښت	ps	ازْزْښْت
ازقر	ps	ازقَر
ازمورخ	ps	ازمورَخ
ازمینه	ps	ازمینه
ازنظر	ps	ازْنْظَر
ازورنو	ps	ازورنو
ازيك	ps	ازيك
ازین	ps	ازین
استثنآ	ps	استثنآ
استخلفه	ps	استخْلْفه
استرحم	ps	استرحم
استروفزیک	ps	اسْتْروفَزیک
استوګنځى	ps	استوګنځى
استینو	ps	استینو
اسري	ps	اسري
اســـــــــره	ps	اســـــــــره
اسفندیی	ps	اسفندیی
اسلم	ps	اسلم
اسمش	ps	اسْمْش
اسيدلو	ps	اسيدلو
اسيريدل	ps	اسيريدل
اسټنلي	ps	اسټنلي
اسپيكمن	ps	اسپيكمن
اسکری	ps	اسْکْری
اسیردي	ps	اسیردي
اسېدو	ps	اسېدو
اشتې	ps	اشتې
اشد	ps	اشْد
اصله	ps	اصله
اصیدو	ps	اصیدُو
اطعمني	ps	اطْعْمَني
اعت	ps	اعْت
افترض	ps	افتَرَض
افري	ps	افري
افظې	ps	افظې
افى	ps	افِى
افين	ps	افين
افگند	ps	افگَنْد
افیکي	ps	افیکي
اقبې	ps	اقبې
اكسري	ps	اكْسْري
اكم	ps	اكَم
اكنبري	ps	اكَنبَري
اكير	ps	اكير
الأم	ps	الَأم
البدل	ps	البَدْل
البرت	ps	البَرْت
الترمذي	ps	الترْمْذي
الترکي	ps	الترکي
التـــــه	ps	التـــــه
التكيف	ps	الْتكيف
الجزیزې	ps	الْجْزیزې
الحجې	ps	الْحجې
الحريري	ps	الْحريري
الحلبي	ps	الْحلَبي
الذمتوب	ps	الْذْمَتوب
الذیدی	ps	الذیدی
السكر	ps	الْسْكْر
السند	ps	الْسْنْد
السکوت	ps	الْسْکوْتْ
الشر	ps	الشَر
الشرك	ps	الشِرْك
الطريقة	ps	الطَريقة
العديد	ps	العَديد
العشر	ps	العَشْر
العظمی	ps	العَظمی
الفجر	ps	الفجْر
الفيل	ps	الفيل
القدرشپه	ps	القدْرْشْپه
القمر	ps	القَمَر
القويمة	ps	القُويمَة
اللبي	ps	اللَبي
اللمس	ps	اللَمْس
الليبي	ps	الليبي
المدثر	ps	الْمدَثَر
المذکورة	ps	المذکورَة
المرتد	ps	المَرتَد
المزعج	ps	المَزعَج
المسلم	ps	المُسلِم
المنطلقة	ps	المُنطَلِقَة
المنځو	ps	المنځو
المړمنين	ps	المَړمِنين
النبيين	ps	النَبِيين
النسآء	ps	الْنسآء
النوع	ps	النَوعْ
الهيار	ps	الهيار
الوتلو	ps	الوْتَلو
الوتو	ps	الوْتو
الوثقی	ps	الوْثقی
الوسنټ	ps	الوْسنْټ
الومه	ps	الوْمه
الټرمن	ps	الْټْرْمَن
الکت	ps	الکَت
الکي	ps	الکي
الګډه	ps	الْګْډه
الیزید	ps	الیزید
الې	ps	الې
امد	ps	امْد
امر	ps	امر
امرخيلد	ps	امرخيلْد
امروکړه	ps	امروْکْړه
امريكۍ	ps	امريكۍ
امرکيږي	ps	امْرْکيږي
امرګڼي	ps	امْرْګڼي
امریکی	ps	امریکی
امسرفورت	ps	امسرْفوْرْت
امــن	ps	امــن
امم	ps	امَم
امندو	ps	امَندُو
امنیو	ps	امَنیو
اميدجرېدې	ps	اميدْجرېدې
اميرزي	ps	اميرَزي
اميرمح	ps	اميرَمح
امينت	ps	امينت
امينيت	ps	امينيت
امید	ps	امید
امیدونو	ps	امیدونو
امیـــده	ps	امیـــده
امینیت	ps	امینیت
امېدونو	ps	امېدونو
امېن	ps	امېن
انترنی	ps	انترنی
انتلجنس	ps	انْتلجنس
انتيكو	ps	انتيكو
انتیکه	ps	انتیکه
انجنيردى	ps	انْجْنيردى
انجنيرۍ	ps	انْجنيرۍ
انجنیرمړی	ps	انْجنیرْمړی
انجونى	ps	انجونِى
انجينرپرته	ps	انجينرپرته
انجينيرمړى	ps	انجينيرْمړى
انجيينر	ps	انجِيينر
انجینیر	ps	انجینیر
انح	ps	انح
انخیل	ps	انَخیل
انددی	ps	انْددی
اندرین	ps	انْدرین
انديز	ps	انديز
انديښمن	ps	انديښمن
انديښنېسره	ps	انديښنېسره
اندښنو	ps	انْدْښْنو
اندیش	ps	اندیش
اندیښمنه	ps	اندیښْمنه
اندې	ps	اندې
اندېښنـــو	ps	اندېښنْـــو
انرگو	ps	انْرْگو
انسره	ps	انْسْره
انسي	ps	انسي
انسې	ps	انسې
انى	ps	انى
انيزو	ps	انيزو
انيستي	ps	انيستي
انځرنه	ps	انځرنه
انځله	ps	انْځْله
انیزی	ps	انیزی
انیل	ps	انیل
انېستې	ps	انېستې
اهـ	ps	اهـ
اهله	ps	اهله
اهني	ps	اهني
اهی	ps	اهی
اوبحری	ps	اوبْحری
اوبده	ps	اوبده
اوبدې	ps	اوبدې
اوبرق	ps	اوبْرْق
اوبس	ps	اوبْس
اوبشردوستۍ	ps	اوبْشْرْدوستۍ
اوبــــــــو	ps	اوبْــــــــو
اوبلنو	ps	اوبْلنو
اوبندي	ps	اوبْنْدي
اوبهركې	ps	اوبهرْكې
اوبورد	ps	اوبوْرْد
اوبيرتي	ps	اوبيرتي
اوبيلګه	ps	اوبيلګه
اوبړېڅو	ps	اوبړېڅو
اوبیل	ps	اوبیل
اوبېره	ps	اوبېره
اوترننه	ps	اوترْننه
اوتريش	ps	اوتَريش
اوترکتني	ps	اوترْکْتني
اوتشریح	ps	اوتْشْریح
اوتصور	ps	اوتصور
اوتطبیقول	ps	اوتطبیقول
اوتوښې	ps	اوتوښې
اوتيرو	ps	اوتيرو
اوتپل	ps	اوتپل
اوتې	ps	اوتې
اوثبوت	ps	اوثبوت
اوجديت	ps	اوجديت
اوختی	ps	اوختی
اوخره	ps	اوخره
اوخلل	ps	اوخلل
اوخلکود	ps	اوخلِکود
اوخلیل	ps	اوخلیل
اوخنډ	ps	اوخنِډ
اوخوف	ps	اوخوف
اوخوندپوهه	ps	اوخونْدْپوهه
اوخپورسي	ps	اوخپورسي
اودآب	ps	اودآب
اودبحث	ps	اودبَحَث
اودبلخ	ps	اودبَلْخ
اودرست	ps	اودَرْسْت
اودروس	ps	اودَروْسْ
اودريمه	ps	اودَريمه
اودرې	ps	اودَرې
اودسلوک	ps	اودْسلوک
اودسپین	ps	اودْسپین
اودشركت	ps	اودْشركْت
اودشیرزې	ps	اودشیرزې
اودمملکت	ps	اودمَملَکت
اودموټر	ps	اودموټَر
اودمينوښخول	ps	اودمينوښخول
اودنده	ps	اودنده
اودنفس	ps	اودنَفْس
اودټولې	ps	اودټولې
اودپخیدلو	ps	اودْپْخیدلو
اودپوديستې	ps	اودپوديستې
اودپوهی	ps	اودپوهی
اودځیني	ps	اودځیني
اودڅښن	ps	اودْڅښن
اودچپه	ps	اودْچپه
اودډيرې	ps	اودډيرې
اودژند	ps	اودژنْد
اودښځې	ps	اودْښْځې
اوربندد	ps	اوربنْدْد
اورتو	ps	اورتُو
اورد	ps	اورْد
اوروزنې	ps	اوروزنې
اورولی	ps	اورولی
اورونود	ps	اورونود
اوريده	ps	اوريده
اورپكې	ps	اورْپْكې
اورڅخه	ps	اورْڅْخه
اوستره	ps	اوسْتْره
اوستونزی	ps	اوستونزی
اوسرتير	ps	اوسرتير
اوسرسري	ps	اوسرْسْري
اوسرلښکريې	ps	اوسرْلْښْکْرِيې
اوسري	ps	اوسَري
اوسریې	ps	اوسَرَیې
اوسل	ps	اوسل
اوسلو	ps	اوسلُو
اوسمڅو	ps	اوسمڅُو
اوسوچه	ps	اوسوچه
اوسيدنې	ps	اوسيدنې
اوسيميز	ps	اوسيميز
اوسيپه	ps	اوسيپه
اوسپنيز	ps	اوسْپْنيز
اوسپيځلي	ps	اوسپيځلي
اوسپینه	ps	اوسپینه
اوسړه	ps	اوسړه
اوسید	ps	اوسید
اوسیدو	ps	اوسیدو
اوسیږم	ps	اوسیږم
اوشتې	ps	اوشتې
اوشدت	ps	اوشْدْت
اوشنه	ps	اوشنه
اوشپو	ps	اوشپو
اوشپې	ps	اوشپې
اوشکنجه	ps	اوشکنجه
اوصحی	ps	اوصَحی
اوصفتونو	ps	اوصَفتونو
اوكش	ps	اوكْش
اوكلتوري	ps	اوكْلْتوري
اوكمزورى	ps	اوكْمْزورِى
اوكوچينۍكيسه	ps	اوكوچينۍكيسه
اوكښته	ps	اوكْښْته
اولريش	ps	اولَريش
اولـــه	ps	اولْـــه
اوليکنه	ps	اوليکنه
اولپه	ps	اولپه
اولکس	ps	اولِکْس
اولیه	ps	اولَیه
اومدنی	ps	اومَدَنی
اومردم	ps	اومردم
اومركز	ps	اومركز
اومسخرو	ps	اومسْخْرو
اومشخصه	ps	اومشْخصه
اومشروع	ps	اومْشروع
اومشورو	ps	اومشُورو
اومصرفونه	ps	اومَصرفونه
اومطبعې	ps	اومَطبعې
اوموخوپر	ps	اوموخوپر
اوميړني	ps	اوميړني
اومړشو	ps	اومْړْشو
اومګنیزیمو	ps	اومْګْنیزیمو
اومیــــــــــــد	ps	اومیــــــــــــد
اومیوځل	ps	اومیوځل
اونثري	ps	اونَثَري
اوندي	ps	اونَدي
اونرمې	ps	اونَرَمې
اونسق	ps	اونَسَق
اونمبرونه	ps	اونَمَبَرونه
اوننيز	ps	اونَنيز
اونوردی	ps	اونوْرْدی
اونورملگري	ps	اونوْرْمَلگَري
اونيزو	ps	اونيزُو
اونیزه	ps	اونیزه
اونې	ps	اونې
اوهستوګن	ps	اوهسْتوګن
اوهلوځلوخبرې	ps	اوهلوځلوخْبْرې
اوهوډڅخه	ps	اوهوډْڅْخه
اووبجو	ps	اووبْجُو
اووختی	ps	اووختی
اوویل	ps	اوویل
اووېري	ps	اووېري
اويبلې	ps	اويبلې
اوټر	ps	اوټَر
اوټولنو	ps	اوټولَنو
اوټوليز	ps	اوټوليز
اوټي	ps	اوټي
اوټپي	ps	اوټپي
اوپدي	ps	اوپدي
اوپربې	ps	اوپْرْبې
اوپرخپل	ps	اوپْرْخْپْل
اوپردې	ps	اوپْرْدې
اوپرلپسې	ps	اوپْرْلپسې
اوپښتومورديوه	ps	اوپښتومورديوه
اوپښتوژبې	ps	اوپښتوژَبې
اوپېرودل	ps	اوپېرودل
اوځینی	ps	اوځینی
اوڅوتنوقومي	ps	اوڅوتَنوقومي
اوڅونورې	ps	اوڅونورې
اوڅيرې	ps	اوڅيرې
اوڅپره	ps	اوڅپره
اوڅېړنه	ps	اوڅېړَنه
اوچتو	ps	اوچَتو
اوچر	ps	اوچَر
اوچلندورپه	ps	اوچَلنْدوْرپه
اوچټلی	ps	اوچټَلی
اوچړچو	ps	اوچړچو
اوډبرو	ps	اوډْبرو
اوډلى	ps	اوډلِى
اوډنډوره	ps	اوډْنْډوره
اوډوډی	ps	اوډوډی
اوډپ	ps	اوډْپ
اوډیره	ps	اوډیره
اوډېری	ps	اوډېری
اوړيسې	ps	اوړيسې
اوږدشو	ps	اوږْدْشو
اوږدمودیزه	ps	اوږْدْمودیزه
اوږدى	ps	اوږدِى
اوږدیدل	ps	اوږدیدل
اوږدېدی	ps	اوږدېدی
اوږې	ps	اوږې
اوښكووه	ps	اوښكُووه
اوښه	ps	اوښه
اوښځينه	ps	اوښځينه
اوښکنځل	ps	اوښکنځل
اوکبرته	ps	اوکْبْرْته
اوکرنیزې	ps	اوکْرْنیزې
اوکرکه	ps	اوکْرْکه
اوکفری	ps	اوکْفْری
اوکلک	ps	اوکْلْک
اوکنترول	ps	اوکنْتْرول
اوکيني	ps	اوکيني
اوکړې	ps	اوکړې
اوکېدى	ps	اوکېدِى
اوګريان	ps	اوګريان
اوګورم	ps	اوګورَم
اوګوډ	ps	اوګوډ
اوګډوډي	ps	اوګډوډي
اوگرځي	ps	اوگْرْځي
اوگټوره	ps	اوگټوره
اویح	ps	اویحْ
اویستلو	ps	اویسْتْلو
اویوم	ps	اویوم
اویوڅوک	ps	اویوڅوک
ايرکنډېشن	ps	ايرکَنډېشن
ايزه	ps	ايزه
ايزډول	ps	ايزډول
ايست	ps	ايسْت
ايستلوته	ps	ايسْتلوته
ايستو	ps	ايستو
ايسټ	ps	ايسْټ
ايشلي	ps	ايشلي
ايژې	ps	ايژې
ايښېده	ps	ايښېده
ايکسپرس	ps	ايکْسْپْرس
اټلي	ps	اټلي
اټولو	ps	اټولو
اټومې	ps	اټومې
اپرین	ps	اپرین
اپشنه	ps	اپْشنه
اپه	ps	اپه
اپوريميک	ps	اپوريميک
اپښین	ps	اپښین
اپۍ	ps	اپۍ
اځې	ps	اځې
اڅکز	ps	اڅْکْز
اڅګزى	ps	اڅْګْزى
اچـولی	ps	اچْـولی
اچومټوله	ps	اچومټوله
اچوونې	ps	اچوونې
اچی	ps	اچی
اډرکړی	ps	اډْرْکْړی
اډود	ps	اډود
اړخنيوي	ps	اړْخنيوي
اړخيزې	ps	اړخيزې
اړخېرې	ps	اړخېرې
اړدی	ps	اړدی
اړكړو	ps	اړْكْړو
اړند	ps	اړْنْد
اړوله	ps	اړوْله
اړوه	ps	اړوه
اړيستي	ps	اړيستي
اړینې	ps	اړینې
اړېسته	ps	اړېسته
اړېکي	ps	اړېکي
اک	ps	اک
اکبربری	ps	اکبرْبری
اکت	ps	اکت
اکتور	ps	اکتور
اکتیويتي	ps	اکتیويتي
اکثره	ps	اکْثره
اکثرچې	ps	اکثرچې
اکرې	ps	اکرې
اکسجن	ps	اکْسْجن
اکسي	ps	اکسي
اکسیر	ps	اکسیر
اکنبیړي	ps	اکنبیړي
اکوړې	ps	اکوړې
اکډمیسن	ps	اکْډمیسن
اګرچی	ps	اګْرْچی
اګير	ps	اګير
اڼو	ps	اڼو
ایکن	ps	ایکن
ببدن	ps	ببدن
ببره	ps	ببره
ببوزي	ps	ببوزي
ببینید	ps	ببینید
بتریږو	ps	بتَریږو
بتو	ps	بتو
بتکرې	ps	بتَکَرې
بجه	ps	بجه
بجوسه	ps	بجوسه
بجي	ps	بجي
بخش	ps	بخْش
بخشيديد	ps	بخشيديد
بخل	ps	بخْل
بخيل	ps	بخيل
بخښلى	ps	بخْښلِى
بخښولو	ps	بخښولو
بخښي	ps	بخښي
بدأت	ps	بدَأت
بدبخت	ps	بدبَخْت
بدتــــر	ps	بدتَــــر
بدرقه	ps	بدْرقه
بدری	ps	بدری
بدشو	ps	بدشو
بدقمستي	ps	بدْقْمَستي
بدليده	ps	بدَليده
بدلی	ps	بدَلی
بدلېږې	ps	بدَلېږې
بدنصـــــــيبو	ps	بدَنصْـــــــيبو
بدنونو	ps	بدَنونو
بدوك	ps	بدوك
بدوکي	ps	بدوکي
بديله	ps	بديله
بدچلند	ps	بدْچْلَنْد
بدېده	ps	بدېده
برآت	ps	برآت
بربست	ps	بْربْسْت
برجسته	ps	بْرْجسته
برحذر	ps	بْرْحذر
برخمند	ps	بْرْخمنْد
برخوته	ps	بْرْخوته
برخولکه	ps	بْرْخولَکه
بردل	ps	بَردل
بردیر	ps	بَردیر
برزين	ps	بَرزين
برسير	ps	برَسير
برسېرنۍ	ps	برَسېرنۍ
برطرفۍ	ps	برَطَرَفۍ
برقدرت	ps	بَرقْدرت
بركسل	ps	بَرْكْسَل
برليني	ps	بَرليني
برمردم	ps	بَرمَردَم
برندو	ps	بَرْنْدو
برنډې	ps	بَرْنْډې
برود	ps	بَرود
برونمرزي	ps	بَرونمَرزي
بريالتوب	ps	بْريالتوب
بريددتيري	ps	بْريدْدْتيري
بريدكښې	ps	بْريدْكْښې
بريدنو	ps	بْريدنو
بريدوشوچې	ps	بْريدوشوچې
بريدى	ps	بْريدِى
بريدګرو	ps	بْريدْګْرُو
بريلي	ps	بْريلي
بريژنيف	ps	بْريژنيف
بريښی	ps	بْريښی
برڅېرن	ps	برڅېرن
برژنف	ps	بَرْژْنف
برکسل	ps	بَرْکْسَل
برکیدل	ps	بَرکیدَل
برګي	ps	بَرګي
برگردد	ps	بَرگَردَد
بریتی	ps	بْریتی
بریدوشو	ps	بْریدوشو
بریښي	ps	بْریښي
بریښېدل	ps	بْریښېدْل
برېتورو	ps	بْرېتورو
برېكه	ps	بْرېكه
برېژنف	ps	بْرېژنَف
بزم	ps	بْزْم
بزنیس	ps	بْزْنیس
بزکشی	ps	بزْکشی
بزگرپه	ps	بزگرپه
بستركي	ps	بستركي
بسترکړو	ps	بسترْکړو
بسته	ps	بسته
بســـــ	ps	بسْـــــ
بسكيټ	ps	بسكيټ
بسمو	ps	بسمو
بسوګۍ	ps	بسوګۍ
بشرپر	ps	بشْرْپر
بشيرې	ps	بشيرې
بشپړډول	ps	بشپړډول
بشیرنومیده	ps	بشیرنومیده
بصيرې	ps	بصيرې
بطليموسن	ps	بطَليموسْن
بعدترین	ps	بعدْترین
بعيد	ps	بعيد
بـرخه	ps	بـرخه
بــدل	ps	بــدل
بـــ	ps	بـــ
بـــد	ps	بـــد
بــــرخــــه	ps	بــــرخْــــه
بـــــدله	ps	بـــــدله
بـــــــا	ps	بِـــــــا
بــــــــرګو	ps	بــــــــرګُو
بــــــــــرو	ps	بــــــــــرُو
بـــــــــــــــــبر	ps	بـــــــــــــــــبْر
بــــــــــې	ps	بِــــــــــې
بــــــنديان	ps	بــــــنديان
بــــودم	ps	بْــــودم
بـــي	ps	بِـــي
بــلـبــلـــې	ps	بــلْـبــلْـــې
بــيتي	ps	بْــيتي
بـندي	ps	بـندي
بـچـی	ps	بـچِـی
بك	ps	بك
بكشت	ps	بكْشْت
بلت	ps	بلَت
بلد	ps	بلَد
بلــــــه	ps	بلْــــــه
بلك	ps	بلَك
بللو	ps	بلَلُو
بلنلیک	ps	بلَنلیک
بلوري	ps	بْلوري
بلک	ps	بْلْک
بلګی	ps	بْلْګی
بلیک	ps	بْلیک
بلېک	ps	بْلېک
بمب	ps	بمْب
بمبیې	ps	بمبِیې
بمىي	ps	بمِىي
بندى	ps	بندِى
بنديکت	ps	بنديکت
بندکړيوي	ps	بنْدْکْړيوي
بندیزتړون	ps	بندیزْتْړون
بندیکت	ps	بندیکت
بنــــدیـــم	ps	بنــــدیـــم
بنوخزرج	ps	بنوخْزْرج
بنچو	ps	بنچو
بنډلو	ps	بنْډلو
بوولسمی	ps	بوولْسمی
بياښځه	ps	بياښځه
بيت	ps	بيت
بيتيزه	ps	بيتيزه
بيجين	ps	بيجين
بيخي	ps	بيخي
بيردن	ps	بيرْدْن
بيرونو	ps	بيرونو
بيريدلي	ps	بيريدلي
بيریلیم	ps	بيریلیم
بيزوته	ps	بيزوته
بيضة	ps	بيضَة
بيــــرته	ps	بيــــرته
بيك	ps	بيك
بيلكس	ps	بيلْكْس
بيلګى	ps	بيلګِى
بيمنت	ps	بيمَنْت
بينـــا	ps	بينِـــا
بيهقي	ps	بيهقي
بپرته	ps	بپرته
بچــــــــ	ps	بَچْــــــــ
بچې	ps	بَچې
بډل	ps	بَډل
بړبړ	ps	بَړبَړ
بړيچ	ps	بْړيچ
بړېڅو	ps	بْړېڅو
بکرو	ps	بَکرو
بګل	ps	بِګل
بگت	ps	بِگت
بگريزند	ps	بِگريزنْد
بڼست	ps	بڼْسْت
بڼكو	ps	بڼكو
بڼکو	ps	بڼکو
بیخه	ps	بیخه
بیره	ps	بیره
بیریدلي	ps	بیریدَلي
بیزو	ps	بیزُو
بیلرچی	ps	بیلْرْچی
بیلګې	ps	بیلګې
بیندینکت	ps	بیندینِکْت
بیهقي	ps	بیهقي
بیوزلي	ps	بیوزَلي
بیي	ps	بیي
بیړۍ	ps	بیړۍ
بیگم	ps	بیگْم
بېت	ps	بېت
بېحوصلې	ps	بېحوْصلې
بېخوبه	ps	بېخوبه
بېرونی	ps	بېرونی
بېرېدلى	ps	بېرېدلِى
بېسکوټ	ps	بېسکوټ
بېشوخونده	ps	بېشوخونده
بېعزتي	ps	بېعْزْتي
بېلم	ps	بېلْم
بېلي	ps	بېلي
بېلګې	ps	بېلګې
بېنظیر	ps	بېنظیر
بېنځول	ps	بېنځول
بېټ	ps	بېټ
بېکر	ps	بېکر
بېګ	ps	بېګ
تأث	ps	تَأث
تأکيد	ps	تَأکيد
تبجن	ps	تَبجن
تبذير	ps	تَبذير
تبرګو	ps	تَبْرګو
تبص	ps	تَبْص
تبلو	ps	تَبلو
تبلی	ps	تَبلی
تبکه	ps	تبکه
تثبیتوی	ps	تَثبیتُوی
تجدید	ps	تَجدید
تجربي	ps	تَجرُبي
تجريبو	ps	تَجريبُو
تجزیی	ps	تَجزیی
تجنس	ps	تَجنَس
تجګ	ps	تَجْګ
تحتې	ps	تَحتې
تحرك	ps	تَحَرَك
تحريفګر	ps	تَحريفګَر
تحریموي	ps	تَحریمُوي
تحسن	ps	تَحسَن
تحفى	ps	تَحفِى
تحليل	ps	تَحليل
تحلیلگر	ps	تَحلیلگَر
تحميلوي	ps	تَحميلُوي
تحه	ps	تَحه
تخنيكى	ps	تخنيكِى
تخنک	ps	تخنک
تخنېکي	ps	تخنېکي
تدبيرنو	ps	تدبيرنو
تدبېرونه	ps	تدبېرونه
تدريس	ps	تدريس
تدریجي	ps	تدریجي
تدفين	ps	تدفين
تذل	ps	تذْل
تذکرى	ps	تذْکرِى
تربريد	ps	ترْبريد
تربشپړې	ps	تربشْپْړې
تربور	ps	تربور
تربي	ps	تربي
تربټۍ	ps	ترْبټۍ
ترتشو	ps	ترْتشو
ترتوت	ps	ترتوت
ترجنوبه	ps	ترجنوْبه
ترجګړې	ps	ترجګړې
ترحشم	ps	ترْحشم
ترخپله	ps	ترْخْپله
ترخی	ps	ترخی
تردد	ps	تردد
تردری	ps	ترْدری
تردندې	ps	تردندې
تردوی	ps	تردَوی
تررسېدلو	ps	ترْرْسېدلو
ترسد	ps	ترسد
ترشبنم	ps	ترْشْبنم
ترشپیتو	ps	ترْشْپیتُو
ترقى	ps	ترقِى
تركله	ps	ترْكْله
تركيبى	ps	تركيبِى
ترلسه	ps	ترْلْسه
ترلمر	ps	ترْلْمر
ترلکۍ	ps	ترْلْکۍ
ترمخ	ps	ترمخ
ترمرکو	ps	ترْمْرْکو
ترمصر	ps	ترْمصر
ترموټره	ps	ترموټَره
ترمیمولو	ps	ترمیمولو
ترمې	ps	ترمې
ترنشلیزم	ps	ترنشلیزْم
ترننه	ps	ترْننه
ترنورومې	ps	ترنورومې
ترنیمې	ps	ترنیمې
ترورتګ	ps	ترورْتْګ
ترورستي	ps	ترورْسْتي
ترورولو	ps	ترورولو
ترورځو	ps	ترورځو
تروریستي	ps	تروریستي
ترولكې	ps	ترولكې
تروپوسفیر	ps	تْروپوسفیر
تروژل	ps	تْروژْل
ترينې	ps	تْرينې
تريوی	ps	تْريوی
ترپرونه	ps	ترْپرونه
ترپلو	ps	ترْپلو
ترپه	ps	ترپه
ترپوښتني	ps	ترپوښْتني
ترځوچي	ps	ترځوچي
ترڅه	ps	ترڅه
ترڅودنوتهي	ps	ترڅودنوتهي
ترڅوريس	ps	ترڅوريس
ترڅومعلومه	ps	ترڅومعلومه
ترژوري	ps	ترژوري
ترکومې	ps	ترکومې
ترکچی	ps	ترْکْچی
ترګوتوکړي	ps	ترګوتوکړي
تری	ps	تری
تریدو	ps	تْریدو
ترینــــــــه	ps	تْرینْــــــــه
ترېنه	ps	تْرېنه
تسخيرشی	ps	تْسخيرشی
تسلميدو	ps	تْسلميدُو
تسليمولوكې	ps	تسليمولوكې
تسليمېدو	ps	تسليمېدو
تسمې	ps	تسمې
تشبېه	ps	تشبېه
تشريح	ps	تشريح
تشكر	ps	تشكر
تشيدو	ps	تشيدو
تشکيل	ps	تشکيل
تصبرڅخه	ps	تصبْرڅَخه
تصريح	ps	تصَريح
تطبیقولوسره	ps	تطبیقولوسره
تعبد	ps	تَعبَد
تعبيرشي	ps	تَعبيرشي
تعبيريږي	ps	تَعبيريږي
تعبیرونو	ps	تَعبیرونو
تعجيزولو	ps	تَعجيزولو
تعددو	ps	تَعدَدو
تعذيبونه	ps	تعذيبونه
تعرفي	ps	تَعرِفي
تعصوبونو	ps	تَعصوبونو
تعظيم	ps	تَعظيم
تعقلي	ps	تَعقَلي
تعقیب	ps	تَعقیب
تعلى	ps	تَعلَى
تعليمی	ps	تَعليمی
تعلېم	ps	تَعلېم
تعميری	ps	تَعميری
تعمیل	ps	تَعمیل
تـا	ps	تِـا
تـــــش	ps	تـــــش
تــــــــــــــبر	ps	تــــــــــــــبْر
تــــــــــلو	ps	تــــــــــلو
تــــــوره	ps	تْــــــوره
تـــــوره	ps	تْـــــوره
تــــه	ps	تْــــه
تـــورې	ps	تْـــورې
تــوره	ps	تْــوره
تــیر	ps	تْــیر
تـو	ps	تْـو
تـړلی	ps	تـړلی
تفريحی	ps	تَفريحی
تفرېق	ps	تَفرېق
تفسيره	ps	تفسيره
تفسيری	ps	تَفسيری
تفصي	ps	تَفصي
تفصیله	ps	تفصیله
تفكير	ps	تَفكير
تفکیر	ps	تَفکیر
تقتل	ps	تَقتَل
تقديرمي	ps	تَقديرمي
تقصير	ps	تَقصير
تقــدير	ps	تَقــدير
تقلبى	ps	تَقَلبِى
تقلیدی	ps	تَقلیدی
تقين	ps	تَقين
تكبرنه	ps	تكَبرنه
تكــــــړه	ps	تكــــــړه
تلدلته	ps	تلدلته
تلطف	ps	تَلطَف
تلقى	ps	تَلقِى
تلنه	ps	تلنه
تلوسه	ps	تلوسه
تلونى	ps	تَلونِى
تلوکې	ps	تلوکې
تليفوني	ps	تليفوني
تلې	ps	تلې
تمبیږی	ps	تمبیږَی
تمرکزه	ps	تَمرْکزه
تمسک	ps	تَمسْک
تمـه	ps	تمْـه
تمني	ps	تمَني
تمهید	ps	تمهید
تميرګره	ps	تميرْګْره
تميږي	ps	تميږي
تمکین	ps	تمکین
تمېدمه	ps	تمېدمه
تنبه	ps	تنبه
تنفسي	ps	تنْفسي
تنوسرتیرو	ps	تنوسرتیرو
تنوقومي	ps	تنوقومي
تنوپورې	ps	تنوپورې
توبى	ps	توبِى
توحيد	ps	توحيد
تودکړ	ps	تودکړ
توربخني	ps	تورَبْخْني
تورسند	ps	تورسَنْد
تورشي	ps	تورشي
تورمخې	ps	تورمَخې
تورنمينټ	ps	تورَنمينْټ
تورنيسي	ps	تورَنيسي
تورنېدو	ps	تورَنېدو
توروزلفو	ps	توروزْلْفو
تورپوستو	ps	تورپوستو
تورپيکي	ps	تورپيکي
تورچي	ps	تورچي
تورکیې	ps	تورکِیې
تورېت	ps	تورېت
توزی	ps	توزی
توسن	ps	توسَن
توشکه	ps	توشکه
توصیف	ps	تَوصیف
توطه	ps	تُوطه
توفير	ps	توفير
توكر	ps	توكْر
توكميزې	ps	توكميزې
توكېد	ps	توكېد
تولني	ps	تولني
توليدنه	ps	توليدنه
تولګى	ps	تولګِى
تولیدول	ps	تولیدول
تولیــــدي	ps	تولیــــدي
تومره	ps	تومره
تومورنه	ps	تومورنه
توهينېږم	ps	توهينېږم
توپكچه	ps	توپْكْچه
توپير	ps	توپير
توپيرلري	ps	توپيرْلْري
توپیرد	ps	توپیرْد
توکمیزو	ps	توکمیزو
توکیدلي	ps	توکیدلي
توگ	ps	توگ
تيردې	ps	تيردې
تيرشې	ps	تيرشې
تيرنفرت	ps	تيرْنْفرْت
تيرى	ps	تيرِى
تيريدنه	ps	تيريدنه
تيريدې	ps	تيريدې
تيرڅولسيزو	ps	تيرڅولسيزو
تيرکړی	ps	تيرْکْړی
تيزلكه	ps	تيزْلكه
تيزچې	ps	تيزچې
تيلووړلوپه	ps	تيلووړْلوپه
تيمم	ps	تيمم
تينۍ	ps	تينۍ
تيپه	ps	تيپه
تيکون	ps	تيکون
تيې	ps	تِيې
تپش	ps	تَپْش
تړ	ps	تَړ
تړي	ps	تړَي
تړۍ	ps	تړۍ
تږیه	ps	تږَیه
تښتوم	ps	تښتوم
تښتيدلى	ps	تښتيدَلى
تښتېد	ps	تښتېد
تښوتل	ps	تښوتل
تک	ps	تک
تکب	ps	تکب
تکبیرونو	ps	تکَبیرونو
تکس	ps	تَکْس
تکفيرولو	ps	تکفيروْلو
تکمن	ps	تَکمن
تکنتلوجي	ps	تَکْنْتْلوجي
تګړه	ps	تګړه
تڼيه	ps	تڼيه
تیدیس	ps	تیدیس
تیرشي	ps	تیرشي
تیرو	ps	تیرو
تیروم	ps	تیروم
تیريو	ps	تیرِيو
تیرکړیوی	ps	تیرْکْړیوی
تیریدلې	ps	تیریدلې
تیریدېخو	ps	تیریدېخو
تیریږيډ	ps	تیریږيډ
تیرېدې	ps	تیرېدې
تیزي	ps	تیزي
تیلیفوني	ps	تیلیفوني
تیوز	ps	تیوزْ
تیکې	ps	تیکې
تېدم	ps	تېدَم
تېره	ps	تېره
تېروتونو	ps	تېروتونو
تېروزي	ps	تېروزي
تېرومپه	ps	تېرومپه
تېرييو	ps	تېرييو
تېریدو	ps	تېریدو
تېرېدو	ps	تېرېدو
تېرېدې	ps	تېرېدې
تېــــشه	ps	تېــــشه
تېښته	ps	تېښته
ثبتوئ	ps	ثبَتوئ
ثبتيږي	ps	ثبتيږي
ثبوط	ps	ثبوط
ثل	ps	ثل
ثينو	ps	ثينو
جبرل	ps	جبرل
جبرپر	ps	جبْرْپر
جبينش	ps	جبينْش
جحش	ps	جحْش
جديته	ps	جديته
جذ	ps	جَذ
جرأ	ps	جَرَأ
جرخند	ps	جَرخَنْد
جركې	ps	جَركې
جرمونو	ps	جرمونو
جرمې	ps	جرمې
جروبحثونو	ps	جروبَحَثونو
جريبه	ps	جريبه
جرکدوکلي	ps	جرْکدوکَلي
جرګو	ps	جرګو
جریدې	ps	جریدې
جرېدې	ps	جرېدې
جزیري	ps	جَزیري
جسدونو	ps	جسَدونو
جشن	ps	جَشْن
جعبه	ps	جَعبه
جعلى	ps	جَعَلِى
جـدل	ps	جَـدَل
جــرمــن	ps	جَــرمَــن
جــــــــــبــــــــــــــــهـــــــــــه	ps	جــــــــــبَــــــــــــــــهـــــــــــه
جـــــــــــــهته	ps	جـــــــــــــهته
جفتکو	ps	جفْتکو
جلدك	ps	جلدك
جلسه	ps	جلسه
جلـــګي	ps	جلـــګي
جلوت	ps	جلوت
جلوگیری	ps	جلوگیری
جمس	ps	جمْس
جمعه	ps	جمعه
جملوکي	ps	جملوکي
جمهره	ps	جمهره
جمور	ps	جَمور
جمیلي	ps	جَمیلي
جنتـــــــــــونو	ps	جنَتْـــــــــــونو
جنتوکې	ps	جنَتوکې
جندر	ps	جندر
جنریتر	ps	جنریتر
جنسي	ps	جنسي
جنــــــــــــــــت	ps	جنَــــــــــــــــت
جنيټکي	ps	جِنيټکي
جوريدو	ps	جوريدُو
جوزف	ps	جوزْف
جوسن	ps	جوسَن
جوشيدو	ps	جوشيدو
جوكۍ	ps	جوكۍ
جوليت	ps	جوليت
جونز	ps	جونْز
جونی	ps	جونی
جووړوني	ps	جووړوني
جوپې	ps	جوپې
جوړدىپر	ps	جوړْدىپر
جوړشول	ps	جوړشول
جوړكړو	ps	جوړْكْړو
جوړلوكي	ps	جوړلوكي
جوړنکی	ps	جوړْنکی
جوړولوڅخه	ps	جوړولوڅخه
جوړونه	ps	جوړونه
جوړونکې	ps	جوړونُکې
جوړيدلو	ps	جوړيدلو
جوړيدونكې	ps	جوړيدونُكې
جوړيږيچې	ps	جوړيږيچې
جوړښتيز	ps	جوړْښْتيز
جوړکړیدی	ps	جوړْکړیدی
جوړیدله	ps	جوړیدَله
جوړیدوکې	ps	جوړیدوکې
جوړیږیم	ps	جوړیږیم
جوړېدله	ps	جوړېدَله
جوړېدوسره	ps	جوړېدوسَره
جوړېپرښتو	ps	جوړېپرْښْتو
جوکړي	ps	جوکَړي
جویس	ps	جویس
جيح	ps	جيح
جيني	ps	جيني
جيګه	ps	جيګه
جړه	ps	جْړه
جکسن	ps	جْکْسَن
جګر	ps	جګْر
جګيو	ps	جګِيو
جګړوکی	ps	جګړوکی
جګی	ps	جګی
جگدلک	ps	جگْدلک
جگړه	ps	جگړه
جگړيز	ps	جگړيز
جڼي	ps	جڼي
جیبونو	ps	جیبونو
جیزګر	ps	جیزَګر
جیمس	ps	جیمْس
جېبونو	ps	جېبونو
جېمو	ps	جېمو
حآلت	ps	حآلْت
حبة	ps	حبَة
حبشیان	ps	حبشیان
حبيبيې	ps	حبيبِيې
حبییې	ps	حبییې
حتم	ps	حتم
حتي	ps	حتي
حجروکي	ps	حجروکي
حرص	ps	حرْص
حرفي	ps	حرفي
حرمته	ps	حرْمْته
حسنة	ps	حسنة
حسنې	ps	حسنې
حسيب	ps	حسيب
حسین	ps	حسین
حشیشو	ps	حشیشو
حصوله	ps	حصوله
حضرب	ps	حضْرْب
حضورمشوری	ps	حضورْمشوری
حـــــــق	ps	حـــــــق
حــمــت	ps	حــمــت
حفيظه	ps	حفيظه
حقـیقـت	ps	حقْـیقَـت
حقيقة	ps	حَقيقَة
حقیقت	ps	حَقیقت
حل	ps	حل
حلبى	ps	حلبِى
حلولې	ps	حلولې
حليږى	ps	حليږِى
حمدیه	ps	حمدَیه
حمل	ps	حَمْل
حملي	ps	حَملي
حميدی	ps	حَميدی
حمیده	ps	حمیده
حنبل	ps	حَنبَل
حنيفکه	ps	حنيفکه
حوېلۍ	ps	حُوېلۍ
حيــــــــدري	ps	حَيــــــــدْري
حڅور	ps	حڅور
حکميت	ps	حُکميت
حی	ps	حَیَ
حېثيت	ps	حېثيت
خبردي	ps	خبردي
خبرسووچي	ps	خبرسووچي
خبرلرم	ps	خبرْلرم
خبرنو	ps	خبرنو
خبروتر	ps	خبروتر
خبرورکړه	ps	خبرورْکړه
خبروم	ps	خبروم
خبروپيل	ps	خبروپيل
خبريده	ps	خبريده
خبريږى	ps	خبريږِى
خبرپخلي	ps	خْبرپخلي
خبرچې	ps	خْبرچې
خبریم	ps	خْبریم
خبرېد	ps	خْبرېد
خبرېكړي	ps	خْبرېكړي
خبرېږي	ps	خْبرېږي
خبــــــر	ps	خْبــــــر
خبل	ps	خْبل
خبيث	ps	خْبيث
ختلف	ps	خَتلِف
ختمـه	ps	ختمْـه
ختونه	ps	ختونه
ختی	ps	خَتی
ختېځې	ps	خْتېځې
خجندي	ps	خجَندي
خدوزي	ps	خدوزي
خر	ps	خر
خرجو	ps	خْرَجو
خروټو	ps	خْرَوټو
خري	ps	خْرَي
خرپي	ps	خْرَپي
خرځېل	ps	خْرځېل
خرڅو	ps	خرڅو
خرڅوني	ps	خرڅوني
خری	ps	خری
خرینېدل	ps	خرینېدل
خزر	ps	خزْر
خزيمه	ps	خزيمه
خشتي	ps	خشتي
خصلة	ps	خصلَة
خطبو	ps	خَطبو
خطردي	ps	خَطَردي
خطری	ps	خَطَری
خطميدو	ps	خَطَميدو
خطيان	ps	خطيان
خـبـ	ps	خْـبْـ
خــ	ps	خْــ
خــبرې	ps	خْــبرې
خــــتــــم	ps	خْــــتــــم
خــــــتم	ps	خْــــــتم
خــــــــــــتلی	ps	خْــــــــــــتلی
خــــــــــــــــــــــــــــــــــور	ps	خْــــــــــــــــــــــــــــــــــور
خــــــــــورک	ps	خْــــــــــورْک
خـــــولې	ps	خْـــــولې
خـــلـــک	ps	خْـــلَـــک
خـــولو	ps	خْـــولو
خـــړپـوسې	ps	خْـــړْپْـوسې
خــودزړه	ps	خْــودْزْړه
خـوره	ps	خْـوره
خـير	ps	خْـير
خـپله	ps	خْـپله
خلته	ps	خْلته
خلطي	ps	خْلَطي
خلــــکو	ps	خْلُــــکو
خلقو	ps	خْلَقو
خلقک	ps	خْلَقَک
خلكود	ps	خْلَكود
خلكونظر	ps	خْلَكونظَر
خلوق	ps	خْلُوق
خليلزي	ps	خْلَيلزي
خلکـو	ps	خْلَکْـو
خلګود	ps	خَلګود
خلګوکښي	ps	خلګوکښي
خلیق	ps	خلیق
خلېلي	ps	خلېلي
خمسه	ps	خمسه
خميني	ps	خميني
اته	ps	اته
ارزانه	ps	ارزانه
الوزم	ps	الوْزم
اوسم	ps	اوسم
اپيم	ps	اپيم
بادول	ps	بادَول
بته	ps	بته
بدمخی	ps	بدْمخَی
بغور	ps	بغوْر
بڅرکی	ps	بڅرکَی
بېلچه	ps	بېلچه
ته	ps	ته
تېروتنه	ps	تېروْتَنه
جوړول	ps	جوړُول
خيرن	ps	خيرن
در	ps	دَر
درېدل	ps	دْرېدل
دوی	ps	دوی
را	ps	را
روغتانۀ	ps	روغتانۀ
زوی	ps	زوی
ستر	ps	سْتر
سمندر	ps	سمندر
شپېته	ps	شْپېته
غم	ps	غَم
غوښه	ps	غوْښه
غېږ	ps	غېږ
قصه	ps	قصه
لوبول	ps	لوبَول
ليدل	ps	ليدل
مرغ	ps	مْرَغ
ملګرې	ps	ملْګرې
مړې	ps	مړې
مېچن	ps	مېچن
نزدې	ps	نِزدې
نو	ps	نُو
هوکړه	ps	هوکړه
ټوکي	ps	ټوکي
پتنګ	ps	پَتَنْګ
پسې	ps	پسې
په	ps	په
پوڅه	ps	پوڅه
پښتو	ps	پَښتو
پې	ps	پې
څاښکه	ps	څاښکه
څنګه	ps	څنګه
څېره	ps	څېره
ډبل	ps	ډَبل
ږغېدل	ps	ږَغېدل
کارغه	ps	کارغه
کلک	ps	کْلَک
کونه	ps	کوْنه
کښې	ps	کْښې
ګرځېدل	ps	ګرځېدل
ګډی	ps	ګډَی
پولیس	ps	پولیس
لنډ	ps	لنْډ
ابتسم	ps	ابتَسَم
ابجدي	ps	ابجَدي
ابرسېره	ps	ابْرسېره
ابسوله	ps	ابسوله
ابللي	ps	ابْللي
ابلې	ps	ابلې
ابيک	ps	ابيک
اتبعني	ps	اتْبْعْني
اتريشى	ps	اتريشِى
اتش	ps	اتْش
اتقضين	ps	اتْقْضين
اتلسمي	ps	اتلَسمي
اتمرپه	ps	اتمرپه
اتنوگرفیکي	ps	اتنوگرَفیکي
اتورۍ	ps	اتورۍ
اتوکي	ps	اتوکي
اتيتکم	ps	اتيتکَم
اتيکو	ps	اتيکو
اتژیک	ps	اتژیک
اتیکې	ps	اتیکې
اثـــنی	ps	اثَـــنی
اجرأتو	ps	اجرَأتو
اجرتى	ps	اجْرتِى
اجـــــمل	ps	اجْـــــمْل
اجند	ps	اجند
اجيره	ps	اجيره
احدی	ps	احَدی
احضر	ps	احْضْر
احمدرشيد	ps	احمَدْرْشيد
احمدزې	ps	احمدزې
احمدي	ps	احْمدي
احممدي	ps	احممدي
اخترمېله	ps	اخترمېله
اخترکی	ps	اخترکی
اخلـــــی	ps	اخلِـــــی
اخليمستي	ps	اخليمستي
اخند	ps	اخند
اخير	ps	اخير
اخيرنۍ	ps	اخيرنۍ
اخيستنو	ps	اخيسْتنو
اخيستىپر	ps	اخيستِىپَر
اخيــــــ	ps	اخيــــــ
اخیرنی	ps	اخیرنی
اخیستـنی	ps	اخیسْتْـنی
اخیستولو	ps	اخیستولو
اخیستید	ps	اخیستید
اخیلود	ps	اخیلود
اخېستئ	ps	اخېستئ
اخېستونکي	ps	اخېستونَکي
ادخپل	ps	ادْخْپل
ادند	ps	ادَنْد
ادويه	ps	ادُويه
ادۍ	ps	ادۍ
اذوقه	ps	اذوْقه
اربكي	ps	ارَبكي
ارتق	ps	ارتِق
ارتورو	ps	ارتورو
ارثې	ps	ارثې
ارخه	ps	ارخه
اردو	ps	اردو
اردوجوړکړ	ps	اردوجوړْکْړ
ارزم	ps	ارْزْم
ارزيږې	ps	ارزيږې
ارزښتو	ps	ارزَښتُو
ارشو	ps	ارشو
ارضی	ps	ارضی
ارق	ps	ارْق
اركين	ps	اركين
ارمر	ps	ارْمْر
ارمـــ	ps	ارمَـــ
ارود	ps	ارود
اروم	ps	اروم
ارویزو	ps	ارُویزو
اريکين	ps	اريکين
ارچ	ps	ارْچ
ارینزی	ps	ارینزی
ارۍ	ps	ارۍ
ازد	ps	ازْد
ازمى	ps	ازمِى
ازمینې	ps	ازمینې
ازوطن	ps	ازوْطن
ازيكى	ps	ازيكِى
استثنأ	ps	استثنَأ
استثنى	ps	استثنَى
استد	ps	استد
استروفیزیک	ps	اسْتْروفیزیک
استوګنځي	ps	استوګنځي
استوگنځي	ps	استوگنځي
استې	ps	استې
اسری	ps	اسری
اســـی	ps	اسِـــی
اسفرې	ps	اسْفرې
اسفندې	ps	اسفندې
اسلمي	ps	اسْلمي
اسويلې	ps	اسُويلې
اسيدو	ps	اسيدو
اسيريو	ps	اسيريو
اسپيښن	ps	اسپيښن
اشتېیل	ps	اشتېیل
اشــــــــــ	ps	اشْــــــــــ
اصلو	ps	اصلُو
اصیل	ps	اصیل
اضري	ps	اضري
اطعه	ps	اطعه
اطيب	ps	اطيب
افريدى	ps	افريدِى
افق	ps	افْق
افكر	ps	افكَر
افه	ps	افه
افي	ps	افي
افينو	ps	افينُو
افگنده	ps	افگنده
افې	ps	افې
اقت	ps	اقْت
اكر	ps	اكَر
اكسريت	ps	اكْسْريت
اكو	ps	اكُو
اكين	ps	اكين
الأنس	ps	الَأنَس
البدن	ps	البَدْن
البس	ps	البَس
البكر	ps	البَكْر
البليتين	ps	البَليتين
الت	ps	الْت
التحليل	ps	التحليل
الترمذی	ps	الترْمْذی
الثبوت	ps	الْثْبوْتْ
الجميع	ps	الْجميع
الجی	ps	الجی
الحد	ps	الحد
الحريه	ps	الْحرَيه
الحلبيه	ps	الْحلَبَيه
الذمه	ps	الْذْمه
الذین	ps	الذین
السرور	ps	الْسْروْرْ
السكري	ps	الْسْكْري
السلوك	ps	الْسْلوْكْ
السنن	ps	الْسْنْن
الشرنقة	ps	الشَرنَقَة
الشيء	ps	الشَيءْ
الطريقی	ps	الطَريقی
العبيدى	ps	العَبيدِى
العظيم	ps	العَظيم
الفرقة	ps	الفَرقَة
الفلق	ps	الفلْق
الفړد	ps	الْفړد
القياس	ps	القياس
الكسيس	ps	الْكْسيس
اللبیبي	ps	اللَبیبي
الليث	ps	الليث
المدح	ps	الْمدَح
المر	ps	المَر
المزعجة	ps	المَزْعجَة
المستصفى	ps	المُستَصفَى
المعتمد	ps	المُعْتمِد
المو	ps	المُو
النوعه	ps	النُوعه
الوتوشو	ps	الوْتوشو
الوتکوپه	ps	الوْتکوپه
الوده	ps	الوْده
الوسى	ps	الوْسى
الوفیق	ps	الوْفیق
الوموي	ps	الوْمُوي
الکریم	ps	الکَریم
الکفرين	ps	الکَفرين
الګډې	ps	الْګْډې
الیس	ps	الیس
امبو	ps	امبُو
امرخیل	ps	امرخیل
امرشده	ps	امرْشده
امركړی	ps	امرْكْړی
امروکړی	ps	امروْکْړی
امريكې	ps	امريكې
امريې	ps	امرِيې
امری	ps	امری
امــــر	ps	امــــر
امــو	ps	امْــو
اممر	ps	امَمَر
امندي	ps	امَندي
امه	ps	امه
اميدلرل	ps	اميدْلرل
اميربند	ps	اميرَبنْد
اميرزيب	ps	اميرَزيب
اميرمحم	ps	اميرَمحْم
اميرپه	ps	اميرپه
امينتى	ps	امينَتى
امينيتى	ps	امينيتِى
امیدي	ps	امیدي
امیرته	ps	امیرته
امیـــدونه	ps	امیـــدونه
امینیتي	ps	امینیتي
امېنت	ps	امېنت
انترنیت	ps	انترنیت
انتم	ps	انتم
انتين	ps	انتين
انتیګ	ps	انتیګ
انجنيرسيد	ps	انْجْنيرسَيدْ
انجنينير	ps	انْجنينير
انجوني	ps	انجوني
انجير	ps	انجير
انجينرګ	ps	انجينرْګ
انجينيرى	ps	انجينيرِى
انجړه	ps	انْجْړه
اندأ	ps	اندأ
اندر	ps	اندر
اندره	ps	انْدره
انديش	ps	انديش
انديښمند	ps	انديښمنْد
انديښي	ps	انديښي
اندښنوکي	ps	انْدْښْنوکي
اندیښمني	ps	اندیښْمني
اندېښنه	ps	اندېښنه
انزوري	ps	انزوري
انسـ	ps	انْسْـ
انش	ps	انْش
انلفېشن	ps	انْلْفېشْن
اني	ps	اني
انيزي	ps	انيزي
انيستيتوت	ps	انيستيتوت
انځرووخت	ps	انْځرووخْت
انځلو	ps	انْځْلو
انیزۍ	ps	انیزۍ
اهدم	ps	اهدم
اهمــيت	ps	اهمــيت
اهیت	ps	اهیت
اوبخت	ps	اوبخت
اوبدبخت	ps	اوبْدْبخْت
اوبدو	ps	اوبدو
اوبر	ps	اوبْر
اوبركت	ps	اوبْرْكْت
اوبست	ps	اوبْسْت
اوبشري	ps	اوبْشْري
اوبهرني	ps	اوبهرْني
اوبوري	ps	اوبوْرْي
اوبوکي	ps	اوبوْکْي
اوبيلګی	ps	اوبيلګَی
اوتروریزم	ps	اوتَروریزْم
اوترکمن	ps	اوترْکْمَن
اوتصورمي	ps	اوتصورمي
اوتوکم	ps	اوتوکَم
اوتيروتنوډي	ps	اوتيروتَنوډي
اوتپه	ps	اوتپه
اوتېرمنی	ps	اوتېرمَنی
اوثبوتونه	ps	اوثبوتونه
اوجذب	ps	اوجذَب
اوختیز	ps	اوختیز
اوخللکو	ps	اوخللکو
اوخول	ps	اوخول
اوخوندی	ps	اوخوندی
اودب	ps	اودْب
اودبله	ps	اودْبله
اودرسول	ps	اودَرْسوْلْ
اودرنښتپه	ps	اودَرنْښْتْپه
اودروم	ps	اودَروْمْ
اودريمې	ps	اودَريمې
اودرېد	ps	اودَرېد
اودسختي	ps	اودَسْختي
اودسلیم	ps	اودْسلیم
اودسيمه	ps	اودسيمه
اودسړک	ps	اودْسړک
اودشرم	ps	اودْشرم
اودط	ps	اودْط
اودظلم	ps	اودْظلم
اودملى	ps	اودْملِى
اودمملګت	ps	اودمَملَګت
اودمينې	ps	اودمينې
اودمېوو	ps	اودمېوو
اودندو	ps	اودندو
اودهیم	ps	اودهیم
اودپوره	ps	اودپوره
اودپوهۍ	ps	اودپوهۍ
اودپينځو	ps	اودپينځو
اودچپې	ps	اودْچپې
اوربشو	ps	اورْبشو
اوردلته	ps	اوردلته
اوروته	ps	اوروته
اورورته	ps	اورورَته
اوروسیه	ps	اوروسیه
اورولې	ps	اورولې
اورونوسره	ps	اورونوسره
اوروژي	ps	اوروژي
اوروڼ	ps	اوروڼ
اوريدلـــــــيتـــه	ps	اوريدلْـــــــيتْـــه
اوريدو	ps	اوريدو
اوريدي	ps	اوريدي
اوريځې	ps	اوريځې
اورپه	ps	اورپه
اورکز	ps	اورْکْز
اورکېزه	ps	اورکېزه
اوسترو	ps	اوسْتْرو
اوستلو	ps	اوسْتلو
اوستوری	ps	اوستوری
اوستونزې	ps	اوستونزې
اوستړې	ps	اوسْتړې
اوسختی	ps	اوسْخْتی
اوسرتيرو	ps	اوسرتيرُو
اوسرشميرنه	ps	اوسرْشْميرنه
اوسريي	ps	اوسَرَيي
اوسرې	ps	اوسَرې
اوسمسو	ps	اوسَمسو
اوسمچي	ps	اوسَمچي
اوسندره	ps	اوسنْدْره
اوسه	ps	اوسه
اوسيدلي	ps	اوسيدَلي
اوسيده	ps	اوسيده
اوسيلو	ps	اوسيلو
اوسيچې	ps	اوسيچې
اوسپنيزه	ps	اوسْپْنيزه
اوسپوږ	ps	اوسپوږ
اوسپینږیرو	ps	اوسپینږیرو
اوسړى	ps	اوسړى
اوسیږو	ps	اوسیږو
اوشر	ps	اوشْر
اوشریک	ps	اوشریک
اوشورددې	ps	اوشوردَدې
اوشي	ps	اوشي
اوشپون	ps	اوشپون
اوشپېته	ps	اوشپېته
اوشکه	ps	اوشکه
اوصبر	ps	اوصَبْر
اوصحیح	ps	اوصَحیح
اوكشفول	ps	اوكْشْفوْلْ
اوكمزوري	ps	اوكْمْزوري
اوكورته	ps	اوكورته
اوكومه	ps	اوكومه
اوكوښښ	ps	اوكوښْښ
اوكښل	ps	اوكښل
اولری	ps	اولَری
اولسې	ps	اولسې
اولمشره	ps	اولْمْشره
اوليکنو	ps	اوليکنو
اولپينډۍ	ps	اولپينډۍ
اولکه	ps	اولکه
اومدنې	ps	اومَدَنې
اومرده	ps	اومرده
اومركزي	ps	اومرْكزي
اومرکزي	ps	اومرْکزي
اومسطح	ps	اومسطح
اومشر	ps	اومَشر
اومشروعيت	ps	اومْشروعَيت
اومشوروترسره	ps	اومشُوروترْسْره
اومظلو	ps	اومظلُو
اوموخي	ps	اوموخي
اومونيزم	ps	اومونيزم
اوميلمه	ps	اوميلمه
اوميړه	ps	اوميړه
اومڼو	ps	اومَڼو
اومیلم	ps	اومیلم
اوندیښمن	ps	اونَدیښمَن
اونسل	ps	اونَسَل
اونفت	ps	اونَفَت
اونقل	ps	اونَقَل
اونورخلک	ps	اونوْرْخَلْک
اونوردیني	ps	اونوْرْدیني
اونيمګړې	ps	اونيمْګْړې
اونیزو	ps	اونیزو
اونیمې	ps	اونیمې
اونیکو	ps	اونیکو
اونېدلې	ps	اونېدلې
اونېکي	ps	اونېکي
اوهلوځلوپه	ps	اوهلوځلوپه
اوهمدلته	ps	اوهمْدْلْته
اوهوږه	ps	اوهوږه
اووبل	ps	اووبْل
اووزرې	ps	اووزرې
اووېرې	ps	اووېرې
اوټولني	ps	اوټولَني
اوټولنيزي	ps	اوټولَنيزي
اوټولنیزی	ps	اوټولَنیزی
اوپديدي	ps	اوپديدي
اوپرلېمو	ps	اوپْرْلېمو
اوپښتومومل	ps	اوپښتومومل
اوپښتویې	ps	اوپښتویې
اوپکي	ps	اوپَکي
اوپیورفین	ps	اوپیورفین
اوځمكي	ps	اوځَمَكي
اوځي	ps	اوځي
اوځکه	ps	اوځَکه
اوځینې	ps	اوځینې
اوڅلورو	ps	اوڅلورو
اوڅوتنوملکي	ps	اوڅوتَنوملکي
اوڅونيمګړي	ps	اوڅونيمګړي
اوڅيړنه	ps	اوڅيړَنه
اوڅپل	ps	اوڅَپل
اوڅېړنو	ps	اوڅېړَنو
اوچرته	ps	اوچرته
اوچلولو	ps	اوچَلولو
اوچټيات	ps	اوچټيات
اوچېټي	ps	اوچېټي
اوډبرينې	ps	اوډْبرينې
اوډلي	ps	اوډلي
اوډيروخت	ps	اوډيروخْت
اوډک	ps	اوډْک
اوډیرو	ps	اوډیرو
اوډېرزر	ps	اوډېرزر
اوډېرې	ps	اوډېرې
اوړند	ps	اوړنْد
اوږدشي	ps	اوږْدْشي
اوږدنه	ps	اوږْدنه
اوږدوكي	ps	اوږدوكي
اوږدوه	ps	اوږْدوه
اوږدي	ps	اوږدي
اوږدېږي	ps	اوږدېږي
اوښو	ps	اوښُو
اوښى	ps	اوښِى
اوښځينووه	ps	اوښځينَووه
اوښکنځلو	ps	اوښکنْځْلُو
اوښکي	ps	اوښکي
اوکرنې	ps	اوکْرْنې
اوکرکی	ps	اوکْرْکی
اوکفیت	ps	اوکفیت
اوکلکه	ps	اوکْلْکه
اوکمپلکس	ps	اوکْمْپْلْکْس
اوکند	ps	اوکنْد
اوکينې	ps	اوکينې
اوکړنی	ps	اوکْړْنی
اوکړېدلي	ps	اوکړېدلي
اوګلشن	ps	اوګَلشَن
اوګوره	ps	اوګوره
اوګډوډی	ps	اوګډوډی
اوګې	ps	اوګې
اویعقوب	ps	اویعَقوب
اویوسترملی	ps	اویوسْتْرْمْلی
اویومحصله	ps	اویومحصله
اياتثلث	ps	اياتثلْث
ايازبه	ps	ايازبه
اياک	ps	اياک
ايرکنډېشنې	ps	ايرکنډېشَنې
ايزده	ps	ايزده
ايزو	ps	ايزو
ايستلولړی	ps	ايسْتلولړی
ايسن	ps	ايسْن
ايسکريم	ps	ايسْکْريم
ايشمزه	ps	ايشْمْزه
ايشيدلو	ps	ايشيدلو
ايک	ps	ايک
ايکسپريس	ps	ايکْسْپْريس
ايګليشيه	ps	ايګليشيه
اټم	ps	اټْم
اټولول	ps	اټولول
اټونه	ps	اټونه
اپريشن	ps	اپريشن
اپشنونه	ps	اپْشنونه
اپو	ps	اپو
اپکښي	ps	اپْکْښي
اپې	ps	اپې
اځودې	ps	اځودې
اڅ	ps	اڅ
اڅګزي	ps	اڅْګْزي
اچقبر	ps	اچْقْبر
اچووي	ps	اچووي
اچیلیس	ps	اچیلیس
اډز	ps	اډْز
اړخی	ps	اړخی
اړخېز	ps	اړخېز
اړسم	ps	اړسم
اړكړي	ps	اړْكْړي
اړنده	ps	اړْنْده
اړولو	ps	اړوْلو
اړون	ps	اړوْن
اړيستی	ps	اړيستی
اړيني	ps	اړيني
اړيکی	ps	اړيکی
اړکړ	ps	اړْکْړ
اړیستل	ps	اړیستَل
اړېكو	ps	اړېكُو
اژير	ps	اژير
اکبربه	ps	اکبربه
اکتفآ	ps	اکْتفآ
اکتون	ps	اکتون
اکتیویتي	ps	اکتیویتي
اکثرو	ps	اکْثرو
اکثریب	ps	اکْثریب
اکزو	ps	اکزو
اکسيجن	ps	اکسيجن
اکسیل	ps	اکسیل
اکمل	ps	اکمل
اکنة	ps	اکنة
اکولته	ps	اکولته
اکړ	ps	اکْړ
اکین	ps	اکین
اګرچې	ps	اګْرْچې
اګن	ps	اګْن
اګيز	ps	اګيز
اگوستو	ps	اگوستو
اڼور	ps	اڼور
ایادقرآن	ps	ایادقَرآن
ببدنک	ps	ببْدنک
ببرو	ps	ببرو
ببریم	ps	ببریم
بتګر	ps	بتَګر
بجبور	ps	بجَبور
بجيان	ps	بجيان
بحبل	ps	بَحبل
بحجم	ps	بَحجم
بحرو	ps	بَحرُو
بحرې	ps	بَحرې
بخت	ps	بَخت
بختيار	ps	بخَتيار
بخشی	ps	بخشی
بخولو	ps	بخولو
بخښلي	ps	بخْښلي
بدبختۍ	ps	بدبَختۍ
بدتر	ps	بدتَر
بدخشی	ps	بدْخْشی
بدخوندۍ	ps	بدْخوْنْدۍ
بدرقی	ps	بدْرقی
بدرۍ	ps	بدرۍ
بدشکله	ps	بدْشْکْله
بدلد	ps	بدَلْد
بدليدو	ps	بدَليدُو
بدلې	ps	بدَلې
بدم	ps	بدَم
بدمسته	ps	بدمسته
بدنصــيب	ps	بدَنصْــيب
بدنى	ps	بدَنِى
بديلو	ps	بديلو
بدچلنده	ps	بدْچْلنده
بدکوي	ps	بدکوي
بربـ	ps	بْربْـ
برتله	ps	بْرْتْله
برجلد	ps	بْرْجلْد
برحق	ps	بْرْحق
برخودپه	ps	بْرْخودپه
برخونه	ps	بْرْخونه
برخۀ	ps	برخۀ
بردم	ps	بَردم
برسرمن	ps	برَسرمن
برسيرن	ps	برَسيرن
برسېرنې	ps	برَسېرنې
برع	ps	بَرع
برلین	ps	بَرلین
برن	ps	بَرْن
برنژر	ps	بَرْنْژَر
برودل	ps	بَرودَل
بروفین	ps	بَروفین
برونمرزی	ps	بَرونمَرزی
بريدكې	ps	بْريدكې
بريدوكړ	ps	بْريدوكْړ
بريدينه	ps	بْريدينه
بريدگر	ps	بْريدْگْر
بريليك	ps	بْريليك
برينې	ps	بْرينې
بريژيت	ps	بْريژيت
بريښې	ps	بْريښې
برچسپ	ps	بَرچَسْپ
برژنيف	ps	بَرْژْنيف
بری	ps	بَری
بریتیش	ps	بْریتیش
بریدونوکې	ps	بْریدونوکې
بریښېدله	ps	بْریښېدله
برېمند	ps	بْرېمَنْد
برېژنيف	ps	بْرېژنيف
برېښيدی	ps	بْرېښيدی
بزرګو	ps	بْزَرګو
بزکشۍ	ps	بزْکشۍ
بزګرپه	ps	بزګرپه
بزی	ps	بزی
بست	ps	بَسْت
بسترکړي	ps	بسترْکړي
بستو	ps	بستو
بســـــــــــط	ps	بسَـــــــــــط
بسكټ	ps	بسكټ
بسميلي	ps	بسميلي
بسوگۍ	ps	بسوگۍ
بسيجي	ps	بسيجي
بشرپه	ps	بشْرْپه
بشـــــــر	ps	بشْـــــــر
بشهيد	ps	بشهيد
بشينى	ps	بشينِى
بشپړشوه	ps	بشپړْشوه
بشپړه	ps	بشْپړه
بشپړکړي	ps	بشپړْکړي
بشپړېږي	ps	بشْپړېږي
بصه	ps	بصه
بصیر	ps	بصیر
بط	ps	بط
بطلیموس	ps	بطَلیموس
بعدم	ps	بعَدم
بعص	ps	بعص
بعين	ps	بعين
بـ	ps	بـ
بـرم	ps	بـرْم
بــدلش	ps	بــدلْش
بـــا	ps	بـــا
بــــره	ps	بــــره
بـــــدن	ps	بـــــدْن
بــــــــس	ps	بــــــــس
بــــــــــــــــــد	ps	بــــــــــــــــــد
بـــــــــــــل	ps	بـــــــــــــل
بـــــــقره	ps	بـــــــقره
بــــــه	ps	بْــــــه
بــــولم	ps	بْــــولم
بـــل	ps	بـــل
بــلـبـل	ps	بــلـبـل
بــیــان	ps	بْــیــان
بـنسټ	ps	بـنسټ
بـى	ps	بِـى
بـچى	ps	بـچِى
بـیـلـتـون	ps	بْـیـلـتْـون
بفهمند	ps	بفهمنْد
بقـــــره	ps	بقـــــره
بكشيد	ps	بكشيد
بلجيم	ps	بلجيم
بلدؤ	ps	بلَدؤ
بلكل	ps	بلَكل
بلن	ps	بلَن
بلنه	ps	بلَنه
بلوز	ps	بْلوز
بلوی	ps	بْلُوی
بليك	ps	بْليك
بلګې	ps	بْلْګې
بلینډه	ps	بْلینډه
بلۍ	ps	بْلۍ
بلېکس	ps	بْلېکْس
بمبئي	ps	بمبئي
بمبر	ps	بمبر
بمبۍ	ps	بمبۍ
بندبه	ps	بنْدْبه
بندكړي	ps	بنْدْكْړي
بنديګري	ps	بنديګري
بندکړی	ps	بنْدْکْړی
بندیزدی	ps	بندیزدی
بنــــــد	ps	بنْــــــد
بنور	ps	بنور
بنوم	ps	بنوم
بنډ	ps	بنْډ
بنډلونه	ps	بنْډلونه
بنیدیکت	ps	بنیدیکت
بوولو	ps	بوولو
بيخی	ps	بيخی
بيدلوله	ps	بيدلوله
بيدې	ps	بيدې
بيردي	ps	بيردي
بيره	ps	بيره
بيرونى	ps	بيرونِى
بيريدلې	ps	بيريدلې
بيست	ps	بيسْت
بيضوي	ps	بيضَوي
بيلكل	ps	بيلكل
بيلوسي	ps	بيلوسي
بيليخ	ps	بيليخ
بيلګي	ps	بيلګي
بيمه	ps	بيمه
بيهقی	ps	بيهقی
بټى	ps	بْټِى
بڅرکوفزیک	ps	بڅرکوفَزیک
بچـــــــــــــــــــــــــــــــــــــــــي	ps	بَچِـــــــــــــــــــــــــــــــــــــــــي
بچی	ps	بَچی
بډې	ps	بَډې
بړبړې	ps	بَړبَړې
بړچ	ps	بْړْچ
بړېڅى	ps	بْړېڅى
بکشد	ps	بَکشَد
بکو	ps	بَکو
بګوش	ps	بِګوْشْ
بګړی	ps	بګړی
بگتي	ps	بگَتي
بگرېښي	ps	بِگرېښي
بڼسته	ps	بڼْسْته
بڼكې	ps	بڼكې
بڼکي	ps	بڼکي
بیائى	ps	بیائى
بیانوه	ps	بیانوه
بیته	ps	بیته
بیح	ps	بیح
بیدری	ps	بیدَری
بیرته	ps	بیرته
بیرو	ps	بیرُو
بیریدلی	ps	بیریدَلی
بیس	ps	بیس
بیلــــوي	ps	بیلــــوي
بیلگه	ps	بیلگه
بیلیو	ps	بیلیو
بینس	ps	بینْس
بینځه	ps	بینځه
بیهقی	ps	بیهقی
بیوزلی	ps	بیوزَلی
بیټ	ps	بیټ
بیړې	ps	بیړې
بېخوبي	ps	بېخوبي
بېدل	ps	بېدْل
بېرېدلي	ps	بېرېدلي
بېشک	ps	بېشْک
بېــلګه	ps	بېــلګه
بېلولو	ps	بېلولو
بېلگه	ps	بېلگه
بېړه	ps	بېړه
بېګه	ps	بېګه
تأدیب	ps	تَأدیب
تأقيد	ps	تَأقيد
تبجنو	ps	تَبْجنو
تبديله	ps	تبديله
تبر	ps	تَبْر
تبرګى	ps	تَبْرګِى
تبصر	ps	تَبصر
تبليس	ps	تَبليس
تبلیسي	ps	تَبلیسي
تبو	ps	تَبُو
تبی	ps	تَبی
تتجلى	ps	تَتَجلَى
تته	ps	تته
تثلیت	ps	تَثلیت
تجدیدنظر	ps	تَجدیدنَظر
تجربی	ps	تَجرُبی
تجریدی	ps	تَجریدی
تجزییه	ps	تجزییه
تجله	ps	تجله
تجنيس	ps	تَجنيس
تجی	ps	تَجی
تحجد	ps	تَحجَد
تحريك	ps	تَحريك
تحريکو	ps	تَحريکُو
تحریمي	ps	تَحریمي
تحفي	ps	تَحفي
تحميلوی	ps	تَحميلُوی
تحو	ps	تَحُو
تخنكي	ps	تخْنكي
تخنيكي	ps	تخنيكي
تخنکي	ps	تخْنکي
تخنېکی	ps	تخنېکی
تدبيره	ps	تدبيره
تدبېق	ps	تدبېق
تدریجی	ps	تدریجی
تدفین	ps	تدفین
تذلل	ps	تذلل
تذکرکیږ	ps	تذکرکیږ
تربت	ps	تربت
تربيت	ps	تربيت
تربګڼۍ	ps	تربګڼۍ
تربې	ps	تربې
ترتور	ps	ترتور
ترجح	ps	ترجح
ترجیح	ps	ترجیح
ترحق	ps	ترحق
ترخوړو	ps	ترخوړو
ترخپلو	ps	ترْخْپلو
ترده	ps	ترده
تردیدپرته	ps	تردیدپرته
ترزیق	ps	ترزیق
ترست	ps	ترْسْت
ترسر	ps	ترسر
ترسيم	ps	ترسيم
ترشپې	ps	ترْشْپې
ترقي	ps	ترقي
تركلي	ps	ترْكْلي
تركه	ps	تركه
تركيز	ps	تركيز
ترلسو	ps	ترْلْسو
ترلګۍ	ps	ترْلْګۍ
ترمخه	ps	ترْمخه
ترمرګ	ps	ترْمْرْګ
ترمستوڼ	ps	ترمستوڼ
ترملي	ps	ترْملي
ترمنچ	ps	ترمنْچ
ترموږ	ps	ترموږ
ترمیموي	ps	ترمیموي
ترننوتو	ps	ترْننوتو
ترورخ	ps	ترورْخ
ترورستی	ps	ترورْسْتی
ترورونه	ps	ترورونه
تروريستى	ps	تروريستِى
ترورځي	ps	ترورځي
ترورېستی	ps	ترورېستی
ترولکه	ps	ترولکه
تروړ	ps	تْروړ
تريدني	ps	تْريدني
ترين	ps	تْرين
تريوې	ps	تْريوې
ترپ	ps	ترْپ
ترپورتني	ps	ترپورْتني
ترپوښتنی	ps	ترپوښْتنی
ترپښتنو	ps	ترپښْتنو
ترځوچی	ps	ترځوچی
ترڅو	ps	ترڅو
ترڅوبدی	ps	ترڅوبدی
ترڅوزده	ps	ترڅوزده
ترڅوعسل	ps	ترڅوعَسل
ترڅوڅه	ps	ترڅوڅه
ترکرښې	ps	ترْکْرْښې
ترکوټه	ps	ترکوټه
ترکچې	ps	ترْکْچې
ترګردې	ps	ترْګْرْدې
ترګوتوکړې	ps	ترګوتوکړې
تریاج	ps	تْریاج
تریک	ps	تْریک
تسبح	ps	تْسبح
تسخيرول	ps	تْسخيروْل
تسكين	ps	تْسكين
تسلميږي	ps	تْسلميږي
تسليمولې	ps	تسليمولې
تسليمېدوسره	ps	تسليمېدوسره
تسلیمی	ps	تسلیمی
تسلېمېږي	ps	تسلېمېږي
تسن	ps	تسْن
تشبث	ps	تشبث
تشت	ps	تشْت
تشكل	ps	تشكل
تصح	ps	تصَح
تصریح	ps	تصَریح
تطبیقوم	ps	تَطبیقوم
تطهيري	ps	تَطهيري
تظيم	ps	تَظيم
تعجيل	ps	تَعجيل
تعدل	ps	تَعدَل
تعذيبونو	ps	تَعذيبونو
تعرفې	ps	تَعرِفې
تعزيرى	ps	تَعزيرِى
تعظيمه	ps	تعظيمه
تعقيب	ps	تَعقيب
تعلي	ps	تَعلي
تعميل	ps	تَعميل
تعمیم	ps	تَعمیم
تعوذ	ps	تعوْذ
تـرې	ps	تـرې
تــرې	ps	تــرې
تـــحــفـــه	ps	تـــحــفْـــه
تــــــ	ps	تــــــ
تــــــــر	ps	تــــــــر
تـــــــــــــــ	ps	تـــــــــــــــ
تــــــــــــــــه	ps	تْــــــــــــــــه
تــــــــــمه	ps	تــــــــــمه
تـــــــل	ps	تـــــــل
تــــــورې	ps	تْــــــورې
تـــــوري	ps	تْـــــوري
تــــوبه	ps	تْــــوبه
تـــلوسې	ps	تَـــلوسې
تـــوګه	ps	تْـــوګه
تــلــلــــي	ps	تَــلَــلِــــي
تـوبوده	ps	تْـوبوده
تـړښتـلیک	ps	تـړْښْتـلیک
تفريط	ps	تَفريط
تفسر	ps	تَفسر
تفسيرو	ps	تَفسيرو
تفسيم	ps	تَفسيم
تفصير	ps	تَفصير
تفصیلي	ps	تَفصیلي
تفكيك	ps	تَفكيك
تفکیک	ps	تَفکیک
تقديره	ps	تقديره
تقسيم	ps	تَقسيم
تقــــدس	ps	تَقــــدُس
تقلبي	ps	تَقَلبي
تقلیق	ps	تَقلیق
تقيني	ps	تَقيني
تكبير	ps	تَكبير
تكــــړه	ps	تكــــړه
تلفيق	ps	تَلفيق
تلقي	ps	تَلقي
تللبريد	ps	تَللَبريد
تللوهېڅ	ps	تللوهېڅ
تللۍ	ps	تَللۍ
تلنی	ps	تَلنی
تليفونی	ps	تليفونی
تلی	ps	تلی
تمت	ps	تَمت
تمرد	ps	تَمرْد
تمرکزو	ps	تَمرْکزو
تمكن	ps	تَمكن
تمنييو	ps	تمَنييو
تمهیدي	ps	تمهیدي
تميز	ps	تميز
تمکینه	ps	تمکینه
تنبو	ps	تنبو
تنفسی	ps	تنْفسی
تنوسره	ps	تنوسَره
تنوپوليسو	ps	تنوپوليسو
توبي	ps	توبي
توحيدسره	ps	توحيدْسْره
تودی	ps	تودی
توربخون	ps	تورَبخون
تورد	ps	تورَد
تورزړې	ps	تورَزړې
تورشی	ps	تورشی
توركى	ps	توركِى
تورم	ps	تورَم
تورنمینټ	ps	تورَنمینْټ
تورونوسره	ps	تورونوسره
تورپوستوته	ps	تورپوستوته
تورپيکۍ	ps	تورپيکۍ
تورچپره	ps	تورْچْپره
تورکمن	ps	تورْکمن
تورکۍ	ps	تورکۍ
تورېدل	ps	تورېدل
توسي	ps	توسي
توشکو	ps	توشکو
توصیفي	ps	تَوصیفي
توضیحی	ps	تَوضیحی
توطى	ps	تَوطِى
توطیی	ps	تَوطِیی
تول	ps	تول
تولنيز	ps	تولنيز
توليده	ps	توليده
تولګي	ps	تولګي
تولیدولو	ps	تولیدولو
تومن	ps	تومن
توهین	ps	توهین
توپيرؤ	ps	توپيرؤ
توپيرلری	ps	توپيرْلْری
توپیردخپل	ps	توپیرْدْخْپل
توپیرونه	ps	توپیروْنه
توڅخه	ps	توڅخه
توکلي	ps	توکلي
توکموژنې	ps	توکموژَنې
توکود	ps	توکود
توکومرسته	ps	توکومرسته
توکوکمښت	ps	توکوکمښْت
توکیدلی	ps	توکیدلی
توگخه	ps	توگخه
تيبة	ps	تيبَة
تير	ps	تير
تيرنه	ps	تيرنه
تيري	ps	تيري
تيريدنى	ps	تيريدنِى
تيرچې	ps	تيرچې
تيرکړۍ	ps	تيرْکْړۍ
تيزم	ps	تيزم
تيزښکته	ps	تيزْښْکته
تيل	ps	تيل
تيليفونو	ps	تيليفونو
تيمنى	ps	تيمنِى
تيپيک	ps	تيپيک
تيکي	ps	تيکي
تيېره	ps	تَيېره
تپــــــــوس	ps	تَپْــــــــوس
تپو	ps	تَپو
تپيدل	ps	تَپيدَل
تړلې	ps	تړَلې
تښته	ps	تښته
تښتومه	ps	تښتومه
تښتونکود	ps	تښتونُکود
تښتيدلي	ps	تښتيدَلي
تښول	ps	تښول
تکبر	ps	تکبْر
تکسر	ps	تَکسر
تکفين	ps	تَکفين
تکمه	ps	تَکمه
تکنده	ps	تَکْنْده
تکړ	ps	تکْړ
تګک	ps	تَګَک
تیر	ps	تیر
تیروئ	ps	تیروئ
تیرکړې	ps	تیرْکْړې
تیریدنه	ps	تیریدنه
تیرېږي	ps	تیرېږي
تیزژبئ	ps	تیزْژْبئ
تیـ	ps	تیـ
تیلیفونی	ps	تیلیفونی
تیټ	ps	تیټ
تیښتي	ps	تیښتي
تیګه	ps	تیګه
تېر	ps	تېر
تېرسره	ps	تېرسره
تېروتى	ps	تېروتِى
تېريږ	ps	تېريږ
تېریدوسره	ps	تېریدوسره
تېرېدل	ps	تېرېدَل
تېشه	ps	تېشه
تېــــــره	ps	تېــــــره
تېښتي	ps	تېښتي
ثبتيږی	ps	ثبتيږَیَ
ثر	ps	ثر
ثلأ	ps	ثلَأ
ثمرقند	ps	ثمرقَنْد
ثوره	ps	ثوره
جبرڅخه	ps	جبْرْڅخه
جبينه	ps	جبينه
جدل	ps	جدَل
جديد	ps	جديد
جذبه	ps	جذبه
جذبی	ps	جَذبی
جرأت	ps	جَرَأت
جردن	ps	جَردَن
جرنت	ps	جرنت
جروح	ps	جروح
جريبو	ps	جريبو
جريرطبرى	ps	جريرطبرى
جرکه	ps	جرکه
جرګوته	ps	جرګوته
جرګې	ps	جرګې
جری	ps	جری
جریر	ps	جریر
جرېر	ps	جرېر
جزیری	ps	جَزیری
جسدوکی	ps	جسَدوکی
جشنو	ps	جَشنو
جعبې	ps	جَعبې
جعفرو	ps	جَعْفرو
جعلي	ps	جَعَلي
جـدي	ps	جَـدي
جــرګې	ps	جَــرګې
جـــدي	ps	جَـــدي
جــــده	ps	جــــده
جـــــــــــ	ps	جْـــــــــــ
جفري	ps	جفري
جلدله	ps	جلْدْله
جلسو	ps	جلسو
جلیل	ps	جلیل
جمجمې	ps	جمْجْمې
جمشيد	ps	جمشيد
جملوکې	ps	جملوکې
جمهمور	ps	جمهمور
جمورريس	ps	جَمورريس
جمیلې	ps	جَمیلې
جنبني	ps	جنْبْني
جنتـــــــه	ps	جنَتْـــــــه
جنتي	ps	جنَتي
جندقی	ps	جنْدْقی
جنریتور	ps	جنریتور
جنه	ps	جنه
جنی	ps	جَنی
جه	ps	جه
جوتي	ps	جوتي
جوجو	ps	جوجو
جودو	ps	جودو
جوريه	ps	جورَيه
جوزليلو	ps	جوزليلو
جوسو	ps	جوسو
جوشی	ps	جوشی
جول	ps	جول
جوليز	ps	جوليز
جونزه	ps	جونزه
جونیت	ps	جونیت
جوچې	ps	جوچې
جوړدي	ps	جوړدي
جوړشولو	ps	جوړشولو
جوړشى	ps	جوړشى
جوړنکې	ps	جوړْنکې
جوړوم	ps	جوړوم
جوړونو	ps	جوړونو
جوړونی	ps	جوړونی
جوړيدلى	ps	جوړيدلِى
جوړيدونکي	ps	جوړيدونُکي
جوړيزي	ps	جوړيزي
جوړيږی	ps	جوړيږی
جوړښتی	ps	جوړْښْتی
جوړکړل	ps	جوړکړْل
جوړیدلو	ps	جوړیدَلو
جوړیدي	ps	جوړیدي
جوړېدلو	ps	جوړېدَلو
جوړېدونكو	ps	جوړېدونَكو
جوړېږ	ps	جوړېږ
جویل	ps	جویل
جيد	ps	جيد
جيش	ps	جيش
جيمز	ps	جيمْز
جينجه	ps	جينجه
جپو	ps	جْپو
جړو	ps	جْړو
جکسون	ps	جْکْسون
جګرشو	ps	جګْرْشو
جګيړيز	ps	جګيړيز
جګړم	ps	جګْړْم
جګړوكي	ps	جګړوكي
جګړوکې	ps	جګړوکې
جګیدل	ps	جګیدل
جگده	ps	جگده
جگړيزه	ps	جگړيزه
جیبي	ps	جیبي
جیزگر	ps	جیزَگر
جیلم	ps	جیلم
جیمه	ps	جیمه
جیوف	ps	جیوف
جیټ	ps	جیټ
جیکومو	ps	جیکومو
جېبي	ps	جېبي
جېمی	ps	جېمی
حآمد	ps	حآمْد
حبت	ps	حبت
حبيبی	ps	حبيبی
حبېبه	ps	حبېبه
حتمآ	ps	حتَمآ
حتی	ps	حتی
حجره	ps	حجَره
حجروکې	ps	حجروکې
حدث	ps	حدْث
حدنه	ps	حدنه
حرفی	ps	حرفی
حرمتونو	ps	حرْمْتونو
حسنت	ps	حسنت
حسنېنو	ps	حسنېنو
حسيت	ps	حسيت
حسینخیلو	ps	حسینخیلو
حشیشین	ps	حشیشین
حصر	ps	حصْر
حصولې	ps	حصولې
حضرت	ps	حضْرْت
حضورنه	ps	حضورنه
حضورکی	ps	حضورکی
حــــــق	ps	حــــــق
حفیط	ps	حفیط
حقق	ps	حقْق
حقيقت	ps	حَقيقت
حقیقتآ	ps	حقیقَتآ
حلبچه	ps	حلْبْچه
حله	ps	حله
حلوم	ps	حلوم
حليږي	ps	حليږي
حمدصلی	ps	حَمْدْصَلی
حملکو	ps	حَمْلْکُو
حميددوی	ps	حَميددُوی
حميدې	ps	حَميدې
حمیدوردګ	ps	حمیدوْردګ
حنبلى	ps	حَنبَلِى
حنيفې	ps	حَنيفې
حوېلۍته	ps	حُوېلۍته
حيرته	ps	حيرته
حيه	ps	حَيه
حچ	ps	حَچ
حیره	ps	حیره
خبرخپور	ps	خبرْخْپوْرْ
خبردکومې	ps	خبرْدْکومې
خبرسي	ps	خبرسي
خبرلرو	ps	خبرْلرو
خبرنوم	ps	خبرنوم
خبرورکړى	ps	خبرورْکړى
خبروكي	ps	خبروكي
خبرومن	ps	خبرومن
خبروڅخه	ps	خبروڅَخه
خبريدو	ps	خبريدُو
خبريږي	ps	خبريږي
خبرپري	ps	خْبرْپري
خبریږم	ps	خْبریږم
خبرېله	ps	خْبرېله
خبرېږې	ps	خْبرېږې
خبــــــره	ps	خْبــــــره
خبلرى	ps	خْبلرِى
خبیر	ps	خَبیر
ختلفو	ps	خَتلِفو
ختونو	ps	خَتونو
ختيزي	ps	خَتيزي
خجنه	ps	خجَنه
خدمتو	ps	خدْمتو
خدوم	ps	خدوم
خدېجة	ps	خدېجَة
خرنمى	ps	خْرَنمِى
خروټي	ps	خْرَوټي
خرځ	ps	خْرځ
خرڅ	ps	خْرڅ
خرڅونکو	ps	خرڅونَکو
خرڅی	ps	خرڅی
خزرج	ps	خزرَج
خسيس	ps	خسيس
خصلت	ps	خصلَت
خصوصیات	ps	خصوصیات
خضر	ps	خضْر
خطبي	ps	خَطبي
خطرزنګ	ps	خَطَرْزنَګ
خطرو	ps	خَطَرو
خطرې	ps	خَطَرې
خطيب	ps	خَطيب
خـ	ps	خْـ
خـبـر	ps	خْـبـر
خــبـر	ps	خْــبـر
خــركـه	ps	خْــرْكْـه
خـــــبره	ps	خْـــــبره
خــــــــــــتمه	ps	خْــــــــــــتمه
خـــــــــــــوشـــــــــــحـــــ	ps	خْـــــــــــــوشـــــــــــحَـــــ
خــــــــــوشـــــبويـــــــي	ps	خْــــــــــوشـــــبويـــــــي
خــــــــو	ps	خْــــــــو
خــــو	ps	خْــــو
خــــوکلــه	ps	خْــــوکَلْــه
خـــلـک	ps	خْـــلَـک
خـــولې	ps	خْـــولې
خــفـــه	ps	خْــفْـــه
خــور	ps	خْــور
خـنـثي	ps	خـنـثي
خـوري	ps	خْـوري
خـيـرن	ps	خْـيـرن
خـپلو	ps	خْـپلو
خفـــــه	ps	خفْـــــه
خفی	ps	خفی
خلتې	ps	خْلَتې
خلطی	ps	خْلَطی
خلـــګ	ps	خْلَـــګ
خلقوته	ps	خْلقوته
خلقکم	ps	خْلَقَکَم
خلکله	ps	خْلکله
خلګـو	ps	خَلګْـو
خلګوسره	ps	خلګوسره
خلګوورته	ps	خلګوورْته
خلګوکی	ps	خلګوکی
خلیل	ps	خلیل
خم	ps	خم
خمينی	ps	خمينی
اتيا	ps	اتيا
ارمان	ps	ارمان
اغږل	ps	اغږل
امريکا	ps	امريکا
اوسېدل	ps	اوسېدل
اپين	ps	اپين
بخارا	ps	بُخارا
بده	ps	بده
بل	ps	بل
بچ	ps	بَچ
بېړۍ	ps	بېړۍ
ته	ps	ته
تېرۀ	ps	تېرۀ
خټک	ps	خټک
درزي	ps	دَرزي
راتلل	ps	راتلل
زغره	ps	زْغره
زړه	ps	زْړه
سترګه	ps	سْترګه
سنډا	ps	سَنډا
سپره	ps	سْپره
سکالو	ps	سْکالو
شوتالو	ps	شَوتالُو
شډل	ps	شډل
غمجن	ps	غَمجَن
قصه	ps	قصه
لرګی	ps	لرګَی
لوبېدل	ps	لوبېدل
لېږل	ps	لېږل
مرغه	ps	مرغه
منل	ps	مَنل
مېړګی	ps	مېړګَی
نس	ps	نَس
نور	ps	نوْر
نږدې	ps	نِږدې
هيله	ps	هيله
پخلی	ps	پخلَی
پشۍ	ps	پشۍ
پوړۍ	ps	پوړۍ
پېرل	ps	پېرل
ځمکه	ps	ځْمکه
څاښکه	ps	څاښکه
څېړنه	ps	څېړَنه
ډز	ps	ډَز
ژوندينکه	ps	ژوْندينَکه
ښامار	ps	ښامار
کال	ps	کال
کینخي	ps	کینَخي
ګډېدل	ps	ګَډېدل
شي	ps	شي
موټر	ps	موټر
جنت	ps	جنت
پلن	ps	پْلن
ءت	ps	ءت
ابجن	ps	ابجَن
ابن	ps	ابْن
ابوبکر	ps	ابوْبْکر
ابچی	ps	ابچی
ابۍ	ps	ابۍ
ات	ps	ات
اترپردېش	ps	اتْرْپْرْدېش
اتـل	ps	اتْـل
اتقو	ps	اتقو
اتلسمی	ps	اتلَسمی
اتمرڅخه	ps	اتمرْڅْخه
اتنوڼه	ps	اتنوڼه
اتوزروډېر	ps	اتوزروډېر
اتومي	ps	اتومي
اتوي	ps	اتوي
اتوکښي	ps	اتوکښي
اتيجي	ps	اتيجي
اتيژيك	ps	اتيژيك
اتيګ	ps	اتيګ
اتک	ps	اتْک
اتیني	ps	اتیني
اتې	ps	اتې
اثرسره	ps	اثرْسْره
اثن	ps	اثْن
اجرتي	ps	اجْرتي
اجرډيه	ps	اجْرْډيه
اجستر	ps	اجْسْتر
اجــل	ps	اجْــل
اجندآ	ps	اجْندآ
اجو	ps	اجو
اجيرو	ps	اجيرو
اح	ps	اح
احبکم	ps	احَبکم
احطب	ps	احْطْب
احمدز	ps	احمَدْز
احمدزﺉ	ps	احمدزِﺉ
احمــد	ps	احمــد
احمين	ps	احمين
اخترنــــــــــــــــه	ps	اخترنْــــــــــــــــه
اخترکې	ps	اخترکې
اختـر	ps	اختـر
اخـــــلم	ps	اخـــــلم
اخلمتر	ps	اخلمتر
اخلينور	ps	اخلينور
اخيرنې	ps	اخيرنې
اخيستنى	ps	اخيسْتنِى
اخيستىپه	ps	اخيسْتىپه
اخځلیک	ps	اخْځْلیک
اخګر	ps	اخګَر
اخیره	ps	اخیره
اخیستل	ps	اخیستل
اخیستنل	ps	اخیسْتنل
اخیه	ps	اخَیه
اخېستونکې	ps	اخېستونَکې
ادبه	ps	ادَبه
ادد	ps	ادد
ادريس	ps	ادَريس
ادمز	ps	ادَمْز
ادنى	ps	ادَنِى
ادوړي	ps	ادُوړي
ادکي	ps	ادَکي
اذل	ps	اذَل
اذيت	ps	اذيت
اربکى	ps	ارْبکِى
ارتقأ	ps	ارتِقَأ
ارتوه	ps	ارْتوه
ارج	ps	ارْج
ارخیز	ps	ارخیز
ارزنده	ps	ارزنده
ارزښ	ps	ارزَښ
ارزی	ps	ارزی
ارستنيدو	ps	ارْسْتنيدو
اركيټ	ps	اركيټ
ارمرستي	ps	ارْمْرْسْتي
ارمى	ps	ارمِى
ارنو	ps	ارنو
ارودو	ps	ارودو
اروین	ps	ارُوین
اريك	ps	اريك
اريې	ps	ارِيې
ارکي	ps	ارکي
اریه	ps	ارَیه
ارې	ps	ارې
ازبك	ps	ازْبْك
ازكه	ps	ازكه
ازمي	ps	ازمي
ازني	ps	ازني
ازيل	ps	ازيل
استثنأتو	ps	استثنَأتُو
استر	ps	استر
استرد	ps	استرْد
استرونومي	ps	اسْتْرونومي
استوګنوپه	ps	استوګُنوپه
اسح	ps	اسَح
اسدلله	ps	اسدْلله
اسرې	ps	اسرې
اسـت	ps	اسْـت
اسفل	ps	اسفل
اسلو	ps	اسلو
اسمعيل	ps	اسْمعيل
اسمه	ps	اسمه
اسوه	ps	اسَوه
اسویلل	ps	اسَویلْل
اسى	ps	اسى
اسټين	ps	اسټين
اسپړل	ps	اسْپْړل
اشجع	ps	اشجع
اشرک	ps	اشرک
اشف	ps	اشْف
اضرينو	ps	اضرينُو
اضی	ps	اضی
اطـ	ps	اطْـ
اطيت	ps	اطيت
اعتبآر	ps	اعْتْبآر
افريدي	ps	افريدي
افسري	ps	افسَري
افيوي	ps	افيوي
افی	ps	افی
افېرز	ps	افېرْز
اكسرې	ps	اكْسْرې
اكيو	ps	اكيو
الأمة	ps	الَأمَة
البدو	ps	البَدُو
البستي	ps	البَستي
البم	ps	البَم
البيع	ps	البَيعْ
الترميزي	ps	الترميزي
التزم	ps	التِزْم
التوليدي	ps	الْتوْلْيدي
الثدي	ps	الْثْدي
الجزيرة	ps	الْجْزيرة
الجميل	ps	الْجميل
الحدس	ps	الْحدس
الحریري	ps	الْحریري
الحــــــــــق	ps	الحــــــــــق
الحلف	ps	الحلْف
الذنب	ps	الْذْنَب
الذېن	ps	الذېن
الس	ps	الْس
السرير	ps	الْسْرير
الشرى	ps	الشَرَى
الطریق	ps	الطَریق
العبيدي	ps	العَبيدي
العذر	ps	العَذْر
العريف	ps	العَريف
العشيره	ps	العَشيره
العظيمين	ps	العَظيمين
الفجرة	ps	الفجرَة
الفريد	ps	الْفريد
الفکر	ps	الفکْر
القدره	ps	القدره
القربي	ps	القربي
القيام	ps	القيام
الكثير	ps	الكَثير
الكعبين	ps	الكَعبين
اللحم	ps	اللَحْم
اللملي	ps	اللَملي
الليل	ps	الليل
المرء	ps	المَرْء
المرجب	ps	المَرجَب
المزمن	ps	المَزمَن
المسلمين	ps	المُسلِمين
المعثكلة	ps	المعْثكَلة
المقرب	ps	المُقرَب
الملي	ps	الْملي
المنع	ps	المَنْع
المکرم	ps	المَکرَم
النبلآء	ps	النبلآء
النبی	ps	النَبی
النفس	ps	النَفْس
النوم	ps	النَومْ
الوتلى	ps	الوْتَلى
الوتکو	ps	الوْتکو
الوسي	ps	الوْسي
الکتب	ps	الکُتُب
الکل	ps	الکَل
امته	ps	امته
امرأة	ps	امَرأة
امرخیلې	ps	امرخیلې
امرلطيف	ps	امرْلطيف
امروزي	ps	امروْزْي
امرى	ps	امَرى
امرين	ps	امرين
امرپه	ps	امْرْپه
امنستی	ps	امَنَستی
اميدلرم	ps	اميدْلرم
اميرزی	ps	اميرَزی
اميرمحمد	ps	اميرَمحمد
اميـــــــــر	ps	اميـــــــــر
امينتي	ps	امينَتي
امينيتي	ps	امينيتي
امیدچې	ps	امیدچې
امیرمحم	ps	امیرمحْم
امیل	ps	امیل
امېر	ps	امېر
انت	ps	انْت
انترنیتي	ps	انترنیتي
انتــ	ps	انتــ
انتن	ps	انتن
انتيک	ps	انتيک
انجلې	ps	انْجْلې
انجنو	ps	انْجْنو
انجنيير	ps	انْجنِيير
انجنیري	ps	انْجنیري
انجيل	ps	انجيل
انجينيري	ps	انجينيري
انجکشن	ps	انْجْکْشن
اندخپله	ps	اندخْپله
اندرو	ps	انْدرُو
انديښمنه	ps	انديښْمنه
انديښگنو	ps	انديښْگنو
اندښنى	ps	انْدْښْنِى
اندیښنه	ps	اندیښنه
اندېش	ps	اندېش
اندېښنو	ps	اندېښنو
انرژ	ps	انْرْژ
انزوریزی	ps	انزوریزی
انسكوره	ps	انْسْكوره
انسيتوت	ps	انسيتوت
انيزی	ps	انيزی
انيستيتوتونو	ps	انيستيتوتونو
انځنه	ps	انْځْنه
انچ	ps	انْچ
انیس	ps	انیس
انیمل	ps	انیمل
انېيو	ps	انېيو
اهلو	ps	اهلو
اهمه	ps	اهمه
اهي	ps	اهي
اهیسي	ps	اهیسي
اوببرک	ps	اوبْبْرک
اوبختور	ps	اوبْختور
اوبرچي	ps	اوبْرْچي
اوبریتونه	ps	اوبریتونه
اوبسترې	ps	اوبْسْتْرې
اوبشريت	ps	اوبْشْريت
اوبــــــو	ps	اوبْــــــو
اوبلوچ	ps	اوبلوچ
اوبوخت	ps	اوبوْخْت
اوبولي	ps	اوبوْلْي
اوبيلې	ps	اوبيلې
اوبیاخپل	ps	اوبیاخپل
اوبیان	ps	اوبیان
اوبیړني	ps	اوبیړني
اوبېشرمۍ	ps	اوبېشْرمۍ
اوتروریست	ps	اوتَروریسْت
اوتريونيم	ps	اوتَرَيونيم
اوترپيښې	ps	اوترپيښې
اوتریوه	ps	اوتَریوه
اوتشه	ps	اوتشه
اوتصورپه	ps	اوتصورپه
اوتوهينيږي	ps	اوتوهينيږي
اوتوکمي	ps	اوتوکَمي
اوتيرى	ps	اوتيرِى
اوتکيه	ps	اوتْکيه
اوتیر	ps	اوتیر
اوثروتونو	ps	اوثروتونو
اوجذبه	ps	اوجْذْبه
اوختیزپه	ps	اوختیزپه
اوخدیجی	ps	اوخدیجی
اوخلوت	ps	اوخْلوْتْ
اوخوله	ps	اوخوله
اوخونړى	ps	اوخونړى
اوخپلومينه	ps	اوخْپْلومينه
اودبرکلي	ps	اودبَرْکْلي
اودرسی	ps	اودَرسی
اودرومي	ps	اودَروْمْي
اودريو	ps	اودَرِيو
اودرېږې	ps	اودَرېږې
اودزمري	ps	اودَزْمْري
اودسخي	ps	اودَسخي
اودسمون	ps	اودْسمون
اودسيمي	ps	اودسيمي
اودشرک	ps	اودْشرک
اودملي	ps	اودْملي
اودموټرځخه	ps	اودموټرْځخه
اودندی	ps	اودندی
اودنقل	ps	اودنَقْل
اودنورو	ps	اودنورو
اودنيشه	ps	اودنيشه
اودټو	ps	اودټو
اودټوپک	ps	اودټوپک
اودپوستکو	ps	اودپوسْتْکو
اودپیسو	ps	اودپیسو
اودځلورم	ps	اودْځلورْم
اودڅېرې	ps	اودڅېرې
اودښمني	ps	اودْښْمني
اودښکته	ps	اودْښْکته
اوربشي	ps	اورْبشي
اوردم	ps	اوردم
اوروح	ps	اوروح
اورورزني	ps	اورورْزني
اوروزي	ps	اوروزي
اوروم	ps	اوروم
اورونوكي	ps	اورونوكي
اوروژی	ps	اوروژی
اوريدله	ps	اوريدله
اوريدوسره	ps	اوريدوسره
اوريدی	ps	اوريدی
اوريمد	ps	اوريمَد
اوريچې	ps	اوريچې
اورژبى	ps	اورْژْبِى
اورکزو	ps	اورْکْزو
اورکېپه	ps	اورکېپه
اوسبه	ps	اوسبه
اوستلود	ps	اوسْتلود
اوستی	ps	اوستی
اوسرتيري	ps	اوسرتيري
اوسرمي	ps	اوسرمي
اوسريې	ps	اوسَرَيې
اوســمیز	ps	اوسَــمیز
اوسمه	ps	اوسَمه
اوسمیزو	ps	اوسَمیزُو
اوسندرو	ps	اوسَنْدْرُو
اوسى	ps	اوسِى
اوسيدلی	ps	اوسيدَلی
اوسيدو	ps	اوسيدو
اوسپنيزو	ps	اوسْپْنيزو
اوسپوږمي	ps	اوسپوږمي
اوسپيڅلو	ps	اوسپيڅلو
اوسپیځلي	ps	اوسپیځلي
اوسړي	ps	اوسړي
اوسیدل	ps	اوسیدل
اوسیدولو	ps	اوسیدولو
اوسیلو	ps	اوسیلو
اوسیږودلته	ps	اوسیږودْلته
اوسېدنې	ps	اوسېدنې
اوشخص	ps	اوشخص
اوشمس	ps	اوشمَس
اوشنډ	ps	اوشنَډ
اوشيخ	ps	اوشيخ
اوشپېلۍ	ps	اوشپېلۍ
اوصبرته	ps	اوصبْرْته
اوكشمير	ps	اوكْشْمير
اوكلتورې	ps	اوكْلْتورې
اوكمونيزم	ps	اوكمونيزْم
اوكورنى	ps	اوكورنِى
اوكومو	ps	اوكومو
اولدي	ps	اولدي
اولریکسن	ps	اولَریکسن
اولسمشری	ps	اولْسْمْشری
اولسولي	ps	اولسولي
اولـه	ps	اولْـه
اوليکني	ps	اوليکني
اولڅه	ps	اولڅه
اولیوه	ps	اولیوه
اومركي	ps	اومركي
اومرکزيت	ps	اومرْکزيت
اومسبته	ps	اومَسبته
اومسياربه	ps	اومَسياربه
اومشوري	ps	اومشُوري
اوموخې	ps	اوموخې
اوميله	ps	اوميله
اومی	ps	اومی
اومیړنی	ps	اومیړنی
اونر	ps	اونَر
اونسلونه	ps	اونَسَلونه
اونقلي	ps	اونَقَلي
اونوردې	ps	اونوْرْدې
اونيزى	ps	اونيزِى
اونيكو	ps	اونيكُو
اونيژدي	ps	اونيژدي
اونیزي	ps	اونیزي
اونېزه	ps	اونېزه
اونېکې	ps	اونېکې
اوهستی	ps	اوهسْتی
اوهلي	ps	اوهلي
اوهمده	ps	اوهمْده
اوهو	ps	اوهو
اووبه	ps	اووبه
اووستل	ps	اووستل
اووښتل	ps	اووښتل
اوویلی	ps	اوویلی
اووېسته	ps	اووېسته
اويصرف	ps	اويصرف
اوټكوني	ps	اوټكوني
اوټولنيز	ps	اوټولَنيز
اوټولنې	ps	اوټولنې
اوټولی	ps	اوټولی
اوپدی	ps	اوپدی
اوپرتله	ps	اوپْرْتله
اوپرده	ps	اوپْرْده
اوپرس	ps	اوپْرْس
اوپښتومينه	ps	اوپښتومينه
اوپښه	ps	اوپَښه
اوپکښي	ps	اوپکښي
اوپیر	ps	اوپیر
اوځمكې	ps	اوځَمَكې
اوځی	ps	اوځی
اوځیځیرونه	ps	اوځیځیرونه
اوڅرگند	ps	اوڅرگنْد
اوڅوشېبې	ps	اوڅوشېبې
اوڅېړني	ps	اوڅېړَني
اوچرس	ps	اوچَرْس
اوچه	ps	اوچه
اوچوی	ps	اوچَوی
اوچټک	ps	اوچټَک
اوچښک	ps	اوچَښَک
اوډ	ps	اوډ
اوډبول	ps	اوډبول
اوډليزو	ps	اوډليزو
اوډي	ps	اوډي
اوډيرونوروپټو	ps	اوډيرونوروپټو
اوډکه	ps	اوډکه
اوډېرزيات	ps	اوډېرزيات
اوړ	ps	اوړ
اوړندو	ps	اوړندو
اوړو	ps	اوړو
اوږده	ps	اوږده
اوږدوكښې	ps	اوږدوكښې
اوږديدل	ps	اوږديدل
اوږدیدلو	ps	اوږدیدَلو
اوږدېږی	ps	اوږدېږی
اوښي	ps	اوښي
اوښځی	ps	اوښځی
اوښکه	ps	اوښکه
اوکره	ps	اوکره
اوکرکې	ps	اوکْرْکې
اوکشفي	ps	اوکْشْفي
اوکل	ps	اوکْل
اوکلسیم	ps	اوکْلْسیم
اوکمزو	ps	اوکْمْزُو
اوکمپلې	ps	اوکْمْپْلې
اوکندز	ps	اوکنْدْز
اوکنړ	ps	اوکنْړ
اوکيڼ	ps	اوکيڼ
اوکړنې	ps	اوکْړْنې
اوکړﺉ	ps	اوکړﺉ
اوکینه	ps	اوکینه
اوګ	ps	اوګ
اوګرمه	ps	اوګَرَمه
اوګرځولې	ps	اوګرْځوْلې
اوګلم	ps	اوګَلَم
اوګورو	ps	اوګورو
اوگټووېشلوپه	ps	اوگټووېشلوپه
اویخ	ps	اویخْ
اویومظلوم	ps	اویومْظْلوم
ايزدودله	ps	ايزدودله
ايزی	ps	ايزی
ايستلوپر	ps	ايسْتلوپْر
ايستولو	ps	ايستولو
ايسې	ps	ايسې
ايشن	ps	ايشْن
ايشيدلې	ps	ايشيدلې
ايښودلى	ps	ايښودَلى
ايګور	ps	ايګور
اټكلونه	ps	اټْكْلونه
اټموسفر	ps	اټموسفر
اپريل	ps	اپريل
اپـریـل	ps	اپـریـل
اپوب	ps	اپوب
اپوزیشن	ps	اپوزیشن
اپېنو	ps	اپېنو
اڅخه	ps	اڅخه
اڅګزی	ps	اڅْګْزی
اچكزي	ps	اچْكْزي
اچولوسره	ps	اچولوسره
اچوولي	ps	اچوولي
اچۍ	ps	اچۍ
اډسن	ps	اډسن
اډورکړ	ps	اډورْکْړ
اډيټ	ps	اډيټ
اړخه	ps	اړخه
اړخیز	ps	اړخیز
اړخېزه	ps	اړخېزه
اړسو	ps	اړسُو
اړكې	ps	اړكې
اړنلري	ps	اړْنْلري
اړيك	ps	اړيك
اړينی	ps	اړينی
اړيکې	ps	اړيکې
اړکړل	ps	اړْکْړْل
اړیستلي	ps	اړیستَلي
اړېكى	ps	اړېكِى
اړېکی	ps	اړېکی
اژدر	ps	اژدَر
اښ	ps	اښ
اکتر	ps	اکتر
اکتفأ	ps	اکْتفأ
اکتونه	ps	اکتونه
اکتیویتې	ps	اکتیویتې
اکزي	ps	اکزي
اکسره	ps	اکْسْره
اکسير	ps	اکسير
اکملت	ps	اکملْت
اکوله	ps	اکوله
اکى	ps	اکِى
اکړل	ps	اکړل
اکیټي	ps	اکیټي
اګرد	ps	اګرد
اګرکس	ps	اګْرْکْس
اګنده	ps	اګْنْده
اګيزه	ps	اګيزه
اگر	ps	اگْر
اگوه	ps	اگوه
اڼوريرحم	ps	اڼوريرحم
ایکنبري	ps	ایکنْبْري
ببر	ps	ببْر
ببرې	ps	ببرې
بة	ps	بة
بتی	ps	بتی
بجی	ps	بجی
بحت	ps	بَحت
بحجه	ps	بحجه
بحزم	ps	بَحزم
بحيره	ps	بحيره
بخشد	ps	بخْشْد
بخشید	ps	بخشید
بخولي	ps	بخولي
بخيلتوب	ps	بخيلتوب
بخښليه	ps	بخْښلِيه
بخښيپـه	ps	بخښيپْـه
بدئی	ps	بدئی
بدبختې	ps	بدبَختې
بدتربل	ps	بدتَربل
بدح	ps	بدْح
بدركه	ps	بدْركه
بدرې	ps	بدرې
بدمستو	ps	بدمَستو
بدنصيبه	ps	بدنصيبه
بدني	ps	بدَني
بدوكړو	ps	بدوكړو
بديلونه	ps	بديلونه
بدیدلی	ps	بَدیدلی
برآم	ps	برآم
بربه	ps	بْرْبه
برجه	ps	بْرْجه
برحقه	ps	بْرْحقه
برخليك	ps	بْرْخْليك
برخمنه	ps	بْرْخمَنه
برخور	ps	بْرْخور
برخی	ps	برخی
بردمى	ps	بَرْدمِى
برزگ	ps	بَرزگ
برعكس	ps	بَرعْكْس
برقی	ps	برَقی
بركلي	ps	بَركَلي
برلس	ps	بَرلَس
برمه	ps	برمه
برندین	ps	بَرْنْدین
برنګي	ps	بَرنَګي
برودي	ps	بَرودي
برونه	ps	برونه
بريد	ps	بْريد
بريده	ps	بْريده
بريديې	ps	بْريدِيې
بريدگرو	ps	بْريدْگْرُو
بريو	ps	بْرِيو
بريښ	ps	بْريښ
بريښېدله	ps	بْريښېدله
برچمن	ps	بَرچَمَن
برژنیف	ps	بَرْژْنیف
بریخیده	ps	بْریخیده
بریدله	ps	بْریدله
بریش	ps	بْریش
بریښېده	ps	بْریښېده
برېښ	ps	بْرېښ
بزدلي	ps	بْزْدَلي
بزګ	ps	بزْګ
بزېرې	ps	بزېرې
بستركې	ps	بستركې
بسترکړی	ps	بسترْکړی
بستونه	ps	بستونه
بســـــــــــــــــــمل	ps	بســـــــــــــــــــمِل
بسيسكو	ps	بسيسكو
بشرته	ps	بشْرْته
بشرپوهنې	ps	بشْرْپوهنې
بشو	ps	بشُو
بشپ	ps	بشْپ
بشپړکړی	ps	بشپړْکړی
بشپړېږی	ps	بشْپړېږی
بشېړې	ps	بشېړې
بصورة	ps	بصورَة
بطن	ps	بطن
بعده	ps	بعَده
بعض	ps	بعض
بعينه	ps	بعينه
بـا	ps	بـا
بـریـدونـه	ps	بـریـدونْـه
بــدلــــ	ps	بــدلْــــ
بـــدر	ps	بـــدر
بــــــــشــــر	ps	بــــــــشــــر
بـــــــــــــلي	ps	بـــــــــــــلي
بـــــــــنــــــــــدکــــــې	ps	بـــــــــنْــــــــــدْکِــــــې
بـــــــل	ps	بـــــــل
بــــولي	ps	بْــــولي
بـــلــــه	ps	بـــلْــــه
بــلـــل	ps	بــلـــل
بـنـا	ps	بـنِـا
بـیلـیونو	ps	بْـیلـیونُو
بفهميم	ps	بفهميم
بقلة	ps	بقلَة
بكشيم	ps	بكشيم
بلجيمنه	ps	بلجيمنه
بلكه	ps	بلَكه
بلند	ps	بلنْد
بلنو	ps	بلَنُو
بلوې	ps	بْلُوې
بليكس	ps	بْليكْس
بلینډې	ps	بْلینډې
بلې	ps	بْلې
بلېگه	ps	بْلېگه
بمبرو	ps	بمْبرُو
بمفرده	ps	بمفرده
بمي	ps	بمي
بندته	ps	بنْدْته
بندل	ps	بَندل
بندکیدي	ps	بنْدْکیدي
بندگى	ps	بنْدْگِى
بندې	ps	بندې
بنسي	ps	بنسي
بنشين	ps	بنشين
بنوري	ps	بنوري
بنډلونو	ps	بنْډلونو
بنیر	ps	بنیر
بيب	ps	بيب
بيتک	ps	بيتْک
بيخې	ps	بيخې
بيدلي	ps	بيدلي
بير	ps	بير
بيروني	ps	بيروني
بيريز	ps	بيريز
بيرې	ps	بيرې
بيشتر	ps	بيشتَر
بيطرف	ps	بيطَرف
بيـــــتونه	ps	بيـــــتونه
بيلكې	ps	بيلكې
بيليد	ps	بيليد
بيلګی	ps	بيلګی
بيمو	ps	بيمُو
بينـي	ps	بينِـي
بټ	ps	بْټ
بټي	ps	بْټي
بپرس	ps	بَپرْس
بڅرکي	ps	بڅرکي
بچــــــــــــی	ps	بَچِــــــــــــی
بډېري	ps	بَډېري
بړبکۍ	ps	بَړْبکۍ
بړو	ps	بْړو
بړګندي	ps	بْړْګَندي
بکري	ps	بَکري
بکشید	ps	بَکشید
بکګرونډ	ps	بَکْګْرونْډ
بګړۍ	ps	بګړۍ
بگتی	ps	بگَتی
بگفت	ps	بِگفت
بڼستیزه	ps	بڼْسْتیزه
بڼه	ps	بڼه
بڼکۍ	ps	بڼکۍ
بیائي	ps	بیائي
بیخودي	ps	بیخوْدْي
بیریدم	ps	بیریدم
بیلـــگه	ps	بیلـــگه
بیلگي	ps	بیلگي
بیوزلۍ	ps	بیوزَلۍ
بیټر	ps	بیټْر
بیږو	ps	بیږو
بیی	ps	بیی
بېخ	ps	بېخ
بېخوبۍ	ps	بېخوبۍ
بېدلې	ps	بېدلې
بېرحمه	ps	بېرْحْمه
بېره	ps	بېره
بېروک	ps	بېروک
بېرېدلې	ps	بېرېدلې
بېشکه	ps	بېشکه
بېعقلي	ps	بېعْقْلي
بېـل	ps	بېـل
بېلمز	ps	بېلْمْز
بېلولى	ps	بېلولِى
بېلگو	ps	بېلگو
بېړي	ps	بېړي
بېګي	ps	بېګي
تآ	ps	تآ
تأریخ	ps	تَأریخ
تأكيد	ps	تَأكيد
تأمین	ps	تَأمین
تأکید	ps	تَأکید
تبحر	ps	تَبحر
تبرګي	ps	تَبْرګي
تبصره	ps	تبْصره
تبـا	ps	تبِـا
تبليسى	ps	تَبليسِى
تبلیسی	ps	تَبلیسی
تبیت	ps	تَبیت
تتو	ps	تَتُو
تثلیث	ps	تَثلیث
تجربې	ps	تَجرُبې
تجريبې	ps	تَجريبې
تجلو	ps	تَجلُو
تح	ps	تَح
تحجر	ps	تَحجَر
تحریمی	ps	تَحریمی
تحسين	ps	تَحسين
تحفۀ	ps	تحفۀ
تحليلر	ps	تَحليلَر
تحليلی	ps	تَحليلی
تحلیلی	ps	تَحلیلی
تحميلي	ps	تَحميلي
تحول	ps	تحوْل
تخنيكې	ps	تخنيكې
تخنیدو	ps	تخنیدو
تخنېکې	ps	تخنېکې
تدبيرونه	ps	تدبيرونه
تدخل	ps	تدخل
تدریجې	ps	تدریجې
تدقي	ps	تدقي
تدين	ps	تدين
تذلیل	ps	تذلیل
تذکری	ps	تذْکری
تربتو	ps	ترْبتُو
تربګینت	ps	ترْبګینْت
تربېنتونو	ps	تربېنتونو
ترتطبیق	ps	ترتطبیق
ترتورو	ps	ترتورو
ترجدي	ps	ترْجدي
ترحقیقت	ps	ترْحقیقت
ترخ	ps	ترْخ
ترخوړولو	ps	ترخوړولو
ترخیل	ps	ترخیل
تردى	ps	تردِى
تردیدی	ps	تردیدی
ترروزني	ps	ترروزني
ترزنه	ps	ترْزنه
ترستر	ps	ترْسْتر
ترستـرګـو	ps	ترْسْتـرګْـو
ترش	ps	ترْش
ترشح	ps	ترْشْح
ترشمری	ps	ترْشْمری
ترشپېته	ps	ترْشْپېته
ترفرښتې	ps	ترْفْرْښْتې
تركيه	ps	تركِيه
ترلسوزرو	ps	ترْلْسوزرو
ترلمنی	ps	ترْلْمنی
ترلیدو	ps	ترلیدو
ترمخکي	ps	ترمخکي
ترملې	ps	ترْملې
ترمنفي	ps	ترمنفي
ترموږه	ps	ترموږه
ترنني	ps	ترْنني
ترنيمى	ps	ترنيمِى
تروبګنيو	ps	تروبْګْنِيو
ترورسره	ps	ترورْسْره
ترورونو	ps	ترورونو
تروريستي	ps	تروريستي
ترورځينو	ps	ترورځينو
تروریستی	ps	تروریستی
ترولکې	ps	ترولکې
تروژنی	ps	تْروژنی
تريين	ps	تْرِيين
ترپريكړې	ps	ترْپريكَړې
ترپلونه	ps	ترْپلونه
ترپورته	ps	ترپورته
ترپوښتنې	ps	ترپوښْتنې
ترپښتو	ps	ترپښتو
ترځمكې	ps	ترْځْمكې
ترڅوبر	ps	ترڅوبْر
ترڅوخلک	ps	ترڅوخلک
ترڅودسيمې	ps	ترڅودسيمې
ترڅوملت	ps	ترڅومَلت
ترڅوچه	ps	ترڅوچه
ترڅویوموټی	ps	ترڅویوموټی
ترکړکۍ	ps	ترْکْړْکۍ
ترګرمو	ps	ترْګْرْمو
ترینه	ps	تْرینه
تسل	ps	تْسل
تسلمیږي	ps	تْسلمیږي
تسليمېږي	ps	تسليمېږي
تسلیمید	ps	تسلیمید
تسلېمېږې	ps	تسلېمېږې
تسنس	ps	تسْنْس
تسپو	ps	تسپو
تشتت	ps	تشتت
تشخیصی	ps	تشخیصی
تشريحي	ps	تشريحي
تشكي	ps	تشكي
تشنج	ps	تشنْج
تشول	ps	تشول
تشکييل	ps	تشکِييل
تشکېل	ps	تشکېل
تصحب	ps	تصَحْب
تصدييو	ps	تصَدييو
تطبيقول	ps	تَطبيقول
تع	ps	تَع
تعبدي	ps	تَعبَدي
تعبيركووپه	ps	تَعبيركووپه
تعبيرېدى	ps	تَعبيرېدِى
تعدى	ps	تَعدَى
تعریف	ps	تَعریف
تعزيري	ps	تَعزيري
تعظیم	ps	تَعظیم
تعقیبول	ps	تَعقیبول
تعلقم	ps	تَعلُقْم
تعليق	ps	تَعليق
تعليمې	ps	تَعليمې
تعم	ps	تَعْم
تعميم	ps	تَعميم
تــــــا	ps	تِــــــا
تـــــــــ	ps	تـــــــــ
تــــــــــن	ps	تــــــــــن
تـــــــلــــــــو	ps	تـــــــلْــــــــو
تــــور	ps	تْــــور
تـــمــــدن	ps	تَـــمَــــدَن
تــلـلــــه	ps	تــلَـلْــــه
تــورو	ps	تْــورو
تــیـر	ps	تْــیـر
تـن	ps	تَـن
تـوده	ps	تْـوده
تفرف	ps	تَفرَف
تفريق	ps	تَفريق
تفسير	ps	تَفسير
تفسيرول	ps	تَفسيرول
تفسی	ps	تَفسی
تفصيل	ps	تَفصيل
تفصیلی	ps	تَفصیلی
تقتير	ps	تَقتير
تقرب	ps	تَقَرَب
تقریبآ	ps	تقریبآ
تقصيل	ps	تَقصيل
تقــــــ	ps	تَقْــــــ
تقلېد	ps	تَقلېد
تقی	ps	تَقی
تكبيروله	ps	تكبيرُوله
تكفير	ps	تَكفير
تكمه	ps	تكمه
تلذذت	ps	تَلَذَذَت
تلفظ	ps	تَلَفْظ
تلفيقوي	ps	تَلفيقوي
تلقيح	ps	تَلقيح
تللـــئ	ps	تللِـــئ
تللې	ps	تَللې
تلنې	ps	تَلنې
تلوسو	ps	تَلوسو
تليفونې	ps	تليفونې
تمتص	ps	تَمتْص
تمركز	ps	تَمركز
تمرکزوي	ps	تَمرْکزوي
تمع	ps	تَمع
تمكين	ps	تَمكين
تمنټ	ps	تَمنْټ
تمو	ps	تمو
تمېدو	ps	تمېدو
تنبور	ps	تنبور
تنفيذ	ps	تنفيذ
تنودولتى	ps	تنودُولتى
تنووسله	ps	تنووسَله
تنوپولیسو	ps	تنوپولیسو
تنيکي	ps	تَنيکي
تنکی	ps	تنَکی
توبره	ps	توبره
توبيخ	ps	توبيخ
توتکي	ps	توتکي
توجيح	ps	توجيح
توخم	ps	توخْم
تودخه	ps	تودخه
تودوبی	ps	تودوبی
تودى	ps	تودِى
تودیده	ps	تودیده
توربخونه	ps	توربخونه
تورة	ps	تورَة
تورسه	ps	تورسه
توركړى	ps	تورْكْړى
تورموخي	ps	تورَموخي
تورنه	ps	تورَنه
تورونوله	ps	تورونوله
تورى	ps	تورِى
تورپوستوکې	ps	تورپوستوکې
تورچې	ps	تورچې
تورګ	ps	تورْګ
تورېدلي	ps	تورېدَلي
توصیه	ps	تُوصَیه
توطي	ps	تَوطي
توطیې	ps	تَوطِیې
توف	ps	تَوفْ
توفيق	ps	توفيق
توكــم	ps	توكْــم
تولنيزو	ps	تولنيزو
تولى	ps	تولِى
توليدو	ps	توليدو
توليدی	ps	توليدی
تولیدولی	ps	تولیدولی
تولې	ps	تولې
تومنه	ps	تومَنه
تومورونه	ps	تومورونه
توهینولو	ps	توهینولو
توپنچه	ps	توپْنْچه
توپيرله	ps	توپيرله
توپیرونو	ps	توپیروْنو
توچو	ps	توچُو
توکمي	ps	توکمي
توکمیزي	ps	توکمیزي
توکوکې	ps	توکوکې
توکیل	ps	توکیل
توګ	ps	توګ
تيبت	ps	تيبت
تيرزيديز	ps	تيرزيديز
تيرشوه	ps	تيرْشوه
تيره	ps	تيره
تيريد	ps	تيريد
تيريدنی	ps	تيريدنی
تيريمست	ps	تيريمْسْت
تيری	ps	تيری
تيزی	ps	تيزی
تيلفون	ps	تيلفون
تيمو	ps	تيمو
تينبيرګ	ps	تينبيرْګ
تيپې	ps	تيپې
تيکې	ps	تيکې
تټ	ps	تْټ
تپـــه	ps	تپْـــه
تپور	ps	تَپور
تړلى	ps	تړَلى
تړلېده	ps	تړَلېده
تړه	ps	تړه
تښتو	ps	تښتُو
تښتونكو	ps	تښتونُكو
تښتونکودي	ps	تښتونُکودي
تښونه	ps	تښونه
تکت	ps	تکت
تکفیر	ps	تَکفیر
تکميل	ps	تَکميل
تکنو	ps	تَکنو
تکړه	ps	تکړه
تګی	ps	تَګی
تیرشی	ps	تیرشی
تیرومه	ps	تیرومه
تیرپیتڅ	ps	تیرپیتْڅ
تیرکې	ps	تیرکې
تیریدني	ps	تیریدني
تیریږی	ps	تیریږی
تیرېږی	ps	تیرېږی
تیزی	ps	تیزی
تیلود	ps	تیلود
تیندک	ps	تیندَک
تیپ	ps	تیپ
تیښتی	ps	تیښتی
تېرسه	ps	تېرَسه
تېروتي	ps	تېروتي
تېروكلونو	ps	تېروكلونو
تېروځي	ps	تېروځي
تېريږم	ps	تېريږْم
تېریدی	ps	تېریدی
تېرېدوسره	ps	تېرېدوسره
تېرېيو	ps	تېرېيو
تېشو	ps	تېشو
تېـــــــره	ps	تېـــــــره
تېښتې	ps	تېښتې
ثبتول	ps	ثبَتول
ثبتی	ps	ثبتی
ثمرقندي	ps	ثمرقَندي
ثورى	ps	ثورِى
جبرنه	ps	جبْرنه
جبرچې	ps	جبْرْچې
جبیب	ps	جبیب
جتمعت	ps	جتمَعت
جدلي	ps	جدلي
جديده	ps	جديده
جرس	ps	جَرَس
جرم	ps	جَرَم
جرمني	ps	جرْمني
جرمونوته	ps	جرمونوته
جرنده	ps	جرْنده
جروسلیم	ps	جروسلیم
جريج	ps	جريج
جريمبه	ps	جريمبه
جریمه	ps	جریمه
جرېمه	ps	جرېمه
جزو	ps	جَزو
جزیرې	ps	جَزیرې
جسدي	ps	جسَدي
جسموډبرینو	ps	جَسموډبرینو
جعدي	ps	جَعدي
جعفري	ps	جَعْفري
جعليات	ps	جعَليات
جـدی	ps	جَـدی
جـــذبه	ps	جـــذَبه
جــــدی	ps	جَــــدی
جف	ps	جف
جفری	ps	جفری
جلده	ps	جلده
جلسوته	ps	جلسوته
جلوزو	ps	جلوزو
جلي	ps	جلي
جلیلي	ps	جلیلي
جمجومی	ps	جمجومی
جمشيدي	ps	جمشيدي
جمعى	ps	جمعِى
جملى	ps	جملِى
جمهمورریس	ps	جمهمورریس
جموری	ps	جَموری
جميعت	ps	جَميعَت
جنبه	ps	جنبه
جنتــــونوکې	ps	جنَتْــــونوکې
جنده	ps	جنده
جنریتورونه	ps	جنریتورونه
جوتيدل	ps	جوتيدَل
جورد	ps	جورْد
جورچ	ps	جورْچ
جوسون	ps	جوسون
جوليزه	ps	جوليزه
جونزپه	ps	جونْزْپه
جونې	ps	جونې
جوډ	ps	جوډ
جوړدی	ps	جوړدی
جوړشي	ps	جوړشي
جوړكړى	ps	جوړْكْړى
جوړيدلي	ps	جوړيدلي
جوړيدونکی	ps	جوړيدونُکی
جوړيږې	ps	جوړيږې
جوړښتن	ps	جوړْښْتن
جوړښټ	ps	جوړْښْټ
جوړکړم	ps	جوړکړْم
جوړکړیدې	ps	جوړْکړیدې
جوړیدلی	ps	جوړیدَلی
جوړیدی	ps	جوړیدی
جوړیږې	ps	جوړیږې
جوړېدونكى	ps	جوړېدونَكى
جوړېږي	ps	جوړېږي
جيشن	ps	جيشَن
جينس	ps	جينْس
جينيتيکي	ps	جينيتيکي
جينی	ps	جينی
جټ	ps	جْټ
جپوت	ps	جْپوت
جړوبي	ps	جْړوبي
جکه	ps	جْکه
جګره	ps	جګره
جګيږه	ps	جګيږه
جګړوكې	ps	جګړوكې
جګړى	ps	جګړى
جګړیزه	ps	جګړیزه
جګیدو	ps	جګیدو
جگره	ps	جگره
جگپوړي	ps	جگپوړي
جگړيزو	ps	جگړيزو
جیبی	ps	جیبی
جیسن	ps	جیسن
جیله	ps	جیله
جیمی	ps	جیمی
جیپ	ps	جیپ
جیکی	ps	جیکی
جېن	ps	جېن
حآمدکرزی	ps	حآمْدْکرزی
حبته	ps	حبَته
حبشې	ps	حبشې
حبيبة	ps	حبيبَة
حبيبې	ps	حبيبې
حبېبي	ps	حبېبي
حتمأ	ps	حتَمأ
حجري	ps	حجري
حد	ps	حد
حدثتني	ps	حدثِتني
حديد	ps	حديد
حرصه	ps	حرصه
حرفې	ps	حرفې
حسين	ps	حسين
حسینه	ps	حسینه
حشیشینو	ps	حشیشینو
حصرت	ps	حصْرْت
حصي	ps	حصي
حضوره	ps	حضوره
حضورکې	ps	حضورکې
حظيت	ps	حظيت
حــبيبي	ps	حَــبيبي
حفیظ	ps	حفیظ
حققت	ps	حققَت
حقيقتآ	ps	حقيقَتآ
حقیقته	ps	حقیقَته
حكله	ps	حكله
حكمي	ps	حكمي
حلبې	ps	حلبې
حليږې	ps	حليږې
حمز	ps	حَمْز
حملی	ps	حَملی
حمیدي	ps	حَمیدي
حنبلي	ps	حَنبَلي
حنين	ps	حَنين
حويطب	ps	حُويطَب
حى	ps	حِى
حيت	ps	حيت
حک	ps	حُک
حکمتي	ps	حُکْمْتي
حکمی	ps	حُکمی
حکيم	ps	حُکيم
حید	ps	حید
حیسن	ps	حیسَن
حېثېت	ps	حېثېت
خبردی	ps	خبردی
خبرشي	ps	خبرشي
خبرله	ps	خبرله
خبرو	ps	خبَرو
خبرورکړي	ps	خبرورْکړي
خبروكړي	ps	خبروكَړي
خبرومه	ps	خبرومه
خبروڅو	ps	خبروڅو
خبريدى	ps	خبريدِى
خبرپسي	ps	خْبرْپسي
خبرکی	ps	خْبرکَی
خبریږو	ps	خْبریږو
خبرېمو	ps	خْبرېمو
خبــــــري	ps	خْبــــــري
خبلمنخې	ps	خْبلمنخې
ختتیځو	ps	ختتیځو
ختللو	ps	خَتْلْلو
ختمه	ps	ختمه
ختيزی	ps	خَتيزی
ختيځپوهنې	ps	ختيځپوهنې
خج	ps	خج
خجيز	ps	خجيز
خدمتوته	ps	خدْمتوته
خدي	ps	خدي
خرخشه	ps	خْرخشه
خرنې	ps	خْرَنې
خروش	ps	خْرَوشْ
خروټی	ps	خْرَوټی
خرڅیدل	ps	خرڅیدل
خرید	ps	خرید
خرې	ps	خرې
خزل	ps	خزْل
خزيي	ps	خزِيي
خسيسه	ps	خسيسه
خصلته	ps	خصْلته
خطبی	ps	خَطبی
خطرونه	ps	خطَرونه
خطشې	ps	خطشې
خطمیدل	ps	خَطَمیدَل
خـبـره	ps	خْـبـره
خــبــر	ps	خْــبــر
خــره	ps	خْــره
خــــــدمت	ps	خْــــــدْمت
خـــــــطره	ps	خْـــــــطره
خــــــــــــــــــــــــــــو	ps	خْــــــــــــــــــــــــــــو
خـــــــــــــوځېدلی	ps	خْـــــــــــــوځېدَلی
خـــــــوړلې	ps	خْـــــــوړلې
خــــــټي	ps	خْــــــټي
خـــوڅـــه	ps	خْـــوڅْـــه
خــفــه	ps	خْــفْــه
خــو	ps	خْــو
خــوړو	ps	خْــوړو
خــپـلی	ps	خْــپـلی
خـنـد	ps	خـنْـد
خـټو	ps	خْـټو
خفـه	ps	خفْـه
خفیفه	ps	خفیفه
خلج	ps	خْلَج
خلطې	ps	خْلَطې
خلــك	ps	خْلَــك
خلقول	ps	خْلَقول
خلقی	ps	خْلَقی
خلو	ps	خْلُو
خلکه	ps	خْلکه
خلګو	ps	خَلګو
خلګووو	ps	خلګووو
خلګوکې	ps	خلګوکې
خمكه	ps	خمكه
خمکه	ps	خمکه
اتڼ	ps	اتَڼ
اري	ps	اري
اغږل	ps	اغږل
اچول	ps	اچَول
باران	ps	باران
بدي	ps	بدي
بلا	ps	بلا
بوخت	ps	بوخْت
بډایه	ps	بډایه
تاجیکستان	ps	تاجیکِستان
جږګی	ps	جْږګَی
خمچې	ps	خمَچې
درمل	ps	دَرمَل
درېږم	ps	دَرېږم
راسې	ps	راسې
روغتيا	ps	روغْتيا
زغره	ps	زْغره
ستورڅک	ps	سْتورڅَک
سکه	ps	سکه
شول	ps	شوْل
شېر	ps	شېر
غونډاری	ps	غوْنډارَی
غيم	ps	غَيم
لرې	ps	لرې
لور	ps	لور
لپاره	ps	لپاره
مالک	ps	مالِک
مرغه	ps	مرغه
مګر	ps	مګر
مېړۀ	ps	مېړۀ
نږدې	ps	نِږدې
ټينګ	ps	ټينْګ
پخول	ps	پَخَول
پلاز	ps	پْلاز
پښتو	ps	پښتو
پېړۍ	ps	پېړۍ
ځې	ps	ځې
څه	ps	څه
ډله	ps	ډله
ژوندی	ps	ژوْندَی
ښامار	ps	ښامار
ښوونځی	ps	ښوونځَی
ښکار	ps	ښْکار
کالنی	ps	کالَنَی
کلی	ps	کلَی
کینخي	ps	کینَخي
ګل	ps	ګُل
ګړدود	ps	ګړدود
خو	ps	خو
کولو	ps	کولُو
سړک	ps	سړک
دوزخ	ps	دوزخ
نری	ps	نرَیَ
ابت	ps	ابْت
ابرقدرت	ps	ابرَقْدرَت
ابله	ps	ابله
ابنته	ps	ابْنْته
ابک	ps	ابک
ابې	ps	ابې
اتبو	ps	اتبو
اتحقیر	ps	اتْحْقیر
اترت	ps	اتْرْت
اترپه	ps	اتْرْپه
اتشه	ps	اتشه
اتــــــــــ	ps	اتْــــــــــ
اتـڼ	ps	اتْـڼ
اتلسمې	ps	اتلَسمې
اتلول	ps	اتلول
اتني	ps	اتني
اتوب	ps	اتوب
اتوسترو	ps	اتوسْتْرو
اتومی	ps	اتومی
اتوکښی	ps	اتوکښی
اتيدوکي	ps	اتيدوکي
اتيژيكه	ps	اتيژيكه
اتکأ	ps	اتکَأ
اتینې	ps	اتینې
اثربلل	ps	اثَربَلَل
اثرـ	ps	اثَرْـ
اثروکړچې	ps	اثَروکْړْچې
اجب	ps	اجْب
اجرتی	ps	اجْرتی
اجندأ	ps	اجْندَأ
اجنسې	ps	اجْنسې
اجوج	ps	اجوج
احت	ps	احَت
احدبلور	ps	احَدْبْلور
احمدزئ	ps	احمدزئ
احمدس	ps	احمدْس
احمدنګر	ps	احمدنِګْر
احمدپه	ps	احمدپه
احیت	ps	احیت
اخترګل	ps	اخترګل
اختــر	ps	اختــر
اخــــلی	ps	اخــــلی
اخلمــــــــ	ps	اخلمْــــــــ
اخيره	ps	اخيره
اخيستني	ps	اخيسْتني
اخيستي	ps	اخيستي
اخيل	ps	اخيل
اخګرخېلو	ps	اخګَرخېلو
اخیرو	ps	اخیرو
اخیستنه	ps	اخیسْتنه
اخیستونکئ	ps	اخیستونَکئ
اخیځلیک	ps	اخیځَلیک
اخېستل	ps	اخېستل
ادبونه	ps	ادَبونه
ادربي	ps	ادربي
ادريمزي	ps	ادَريمزي
ادمس	ps	ادَمْس
ادنی	ps	ادَنی
اذلة	ps	اذَلة
اذيته	ps	اذيته
اربکي	ps	ارْبکي
ارتي	ps	ارتي
ارخېلو	ps	ارخېلو
اردود	ps	اردود
اردوسرتيري	ps	اردوسَرتيري
ارزښت	ps	ارزَښْت
ارستو	ps	ارْسْتو
ارشوکي	ps	ارشوکي
اركړيپه	ps	ارْكْړيپه
ارمي	ps	ارمي
ارهي	ps	ارهي
اروېدل	ps	ارُوېدْل
اريل	ps	اريل
ارټى	ps	ارټِى
ارچق	ps	ارْچْق
ارک	ps	ارْک
ارکيده	ps	ارکيده
ارېان	ps	ارېان
ازكي	ps	ازكي
ازمير	ps	ازمير
ازه	ps	ازه
ازين	ps	ازين
ازۍ	ps	ازۍ
استبد	ps	اسْتبَد
استتيک	ps	اسْتتيک
استثنأیی	ps	استثنَأیی
استثنىپرته	ps	استثنىپْرته
استوګنځی	ps	استوګنځی
استوگنی	ps	استوگُنی
استيكي	ps	استيكي
استګل	ps	اسْتْګَل
اسدله	ps	اسدله
اسس	ps	اسْس
اسلبورن	ps	اسْلبورْن
اسمعیل	ps	اسْمعیل
اسود	ps	اسود
اسویلو	ps	اسَویلو
اسي	ps	اسي
اسپړلو	ps	اسْپْړلو
اسکېرلو	ps	اسکېرلو
اسیره	ps	اسیره
اش	ps	اش
اشترلي	ps	اشترلي
اشدت	ps	اشدت
اشرکت	ps	اشْرکت
اشنــــــا	ps	اشنِــــــا
اضط	ps	اضْط
اطيعو	ps	اطيعو
افريدی	ps	افريدی
افسرپه	ps	افسرپه
افصلبل	ps	افصَلبل
افقونه	ps	افقونه
افيوی	ps	افيوی
اق	ps	اق
اكيډمى	ps	اكيډَمِى
اكړ	ps	اكْړ
الأمر	ps	الَأمَر
البدين	ps	البَدين
البسه	ps	الْبسه
البيعه	ps	البَيعه
التجميل	ps	التَجميل
التي	ps	التي
الجزيره	ps	الْجْزيره
الجسد	ps	الْجسد
الجن	ps	الجن
الجیش	ps	الجیش
الحب	ps	الحب
الحديث	ps	الْحديث
الحزن	ps	الحزْن
الحق	ps	الحق
الحلم	ps	الحلْم
الحمر	ps	الحمْر
السكوت	ps	الْسْكوْتْ
الشيخ	ps	الشَيخْ
الع	ps	الْع
العترة	ps	العَترة
العظیم	ps	العَظیم
الفريض	ps	الْفريض
الفن	ps	الفَن
القدرپه	ps	القدْرْپه
القرحة	ps	القرحَة
الكثيرة	ps	الكَثيرَة
اللحیف	ps	اللَحیف
المدخول	ps	الْمدَخول
المرءة	ps	المَرءَة
المرجع	ps	المَرجَع
المزمنة	ps	المَزْمنَة
المسلمین	ps	المُسلِمین
المشرفه	ps	الْمشرفه
المفسرين	ps	المُفسِرين
المقربين	ps	المُقْربين
الملک	ps	المَلِک
المنعم	ps	المُنعِم
الميتة	ps	المَيتَة
النبین	ps	النَبین
الوتلي	ps	الوْتَلي
الوتکوکښي	ps	الوْتکوکښي
الوسيلة	ps	الوْسيلة
الوميده	ps	الوْميده
الوکيل	ps	الوْکيل
الټرنټيف	ps	الْټْرْنْټيف
الکترو	ps	الکَترُو
الی	ps	الی
امتو	ps	امتُو
امرأته	ps	امَرَأته
امرخېل	ps	امرخېل
امرله	ps	امرله
امرينو	ps	امرينو
امرڅخه	ps	امْرْڅْخه
امریت	ps	امریت
امسکي	ps	امْسْکي
امطلب	ps	امْطلب
املریک	ps	امْلریک
امن	ps	امَن
امنسوله	ps	امَنسوْله
امى	ps	امِى
اميده	ps	اميده
اميدى	ps	اميدِى
اميرڅخه	ps	اميرْڅخه
اميــــــــــــــــــــــــد	ps	اميــــــــــــــــــــــــد
امينتې	ps	امينَتې
امپلس	ps	امْپْلس
امیددی	ps	امیددی
امیرحبیب	ps	امیرْحبیب
امیرمحمد	ps	امیرمحمد
انترنیشنل	ps	انترنیشنل
انتيکو	ps	انتيکو
انتې	ps	انتې
انجم	ps	انْجْم
انجنیرچی	ps	انْجنیرچی
انجونی	ps	انجونی
انجينرگ	ps	انجينرْگ
انجينيرۍ	ps	انجينيرۍ
انجګشن	ps	انْجْګْشن
اندد	ps	اندد
اندرې	ps	انْدرې
انديشمن	ps	انديشمن
انديښمني	ps	انديښْمني
انديښې	ps	انديښې
اندښنې	ps	انْدْښْنې
اندیشة	ps	اندیشَة
اندېشنه	ps	اندېشنه
انزيت	ps	انزيت
انســ	ps	انْسْــ
انسيو	ps	انسيو
انه	ps	انه
انو	ps	انو
انيزې	ps	انيزې
انځرګل	ps	انځرْګْل
انځني	ps	انْځْني
انیستل	ps	انیستل
اهــ	ps	اهــ
اهلي	ps	اهلي
اهمو	ps	اهمو
اهيان	ps	اهيان
اهیسی	ps	اهیسی
اوببرې	ps	اوبْبْرې
اوبخشش	ps	اوبخشْش
اوبدبخته	ps	اوبْدْبخته
اوبرچې	ps	اوبْرْچې
اوبرید	ps	اوبرید
اوبسم	ps	اوبْسْم
اوبشری	ps	اوبْشْری
اوبــــو	ps	اوبْــــو
اوبلجيم	ps	اوبلَجيم
اوبلنې	ps	اوبْلنې
اوبندګئ	ps	اوبْنْدْګئ
اوبوزيد	ps	اوبوْزْيد
اوبولټ	ps	اوبوْلْټ
اوبوکښې	ps	اوبوْکْښې
اوبياڅومره	ps	اوبياڅوْمْره
اوبيره	ps	اوبيره
اوبين	ps	اوبين
اوبچي	ps	اوبچي
اوبیړی	ps	اوبیړی
اوبېشمېره	ps	اوبېشمېره
اوترنک	ps	اوترنک
اوتريوه	ps	اوتَريوه
اوترکمنو	ps	اوترْکْمَنو
اوتفرقه	ps	اوتفْرْقه
اوتيري	ps	اوتيري
اوتکړه	ps	اوتْکْړه
اوتیروبڼو	ps	اوتیروبڼو
اوتېرو	ps	اوتېرو
اوجر	ps	اوجَر
اوختیځ	ps	اوختیځ
اوخر	ps	اوخْر
اوخرپه	ps	اوخْرْپه
اوخلوص	ps	اوخْلوْصْ
اوخنثى	ps	اوخْنْثِى
اوخو	ps	اوخو
اوخولو	ps	اوخولو
اوخونړي	ps	اوخونړي
اوخړ	ps	اوخْړ
اودرشوت	ps	اودَرْشوْتْ
اودرنی	ps	اودَرَنی
اودروند	ps	اودَروْنْد
اودرييمه	ps	اودَرييمه
اودز	ps	اودَز
اودزمزم	ps	اودَزْمْزم
اودسر	ps	اودَسر
اودسيمې	ps	اودسيمې
اودسکون	ps	اودْسکون
اودصحت	ps	اودْصحت
اودملک	ps	اودْملَک
اودن	ps	اودْن
اودندې	ps	اودندې
اودنولسمې	ps	اودنولْسْمې
اودنيل	ps	اودنيل
اودنړی	ps	اودْنْړی
اودنیک	ps	اودنیک
اودټول	ps	اودټول
اودپلرونو	ps	اودْپْلرونو
اودپوستی	ps	اودپوستی
اودپيژندني	ps	اودپيژنْدْني
اودځمكې	ps	اودځمكې
اودډیر	ps	اودډیر
اوربشې	ps	اورْبشې
اوردمينيچي	ps	اورْدمينيچي
اوروسې	ps	اوروسې
اورونوله	ps	اورونوله
اوروژې	ps	اوروژې
اوروڼه	ps	اوروڼه
اوريدولو	ps	اوريدولو
اوريدې	ps	اوريدې
اورژني	ps	اورْژْني
اورښتينو	ps	اورْښْتينو
اورکزى	ps	اورْکْزِى
اورګ	ps	اورْګ
اوسبک	ps	اوسبک
اوستلي	ps	اوسْتلي
اوسرټمبگی	ps	اوسرټمْبگی
اوسنيوزلمو	ps	اوسَنيوزْلَمُو
اوسيدلې	ps	اوسيدَلې
اوسيدوكي	ps	اوسيدوكي
اوسيدى	ps	اوسيدِى
اوسيلي	ps	اوسيلي
اوسپخپلو	ps	اوسْپْخْپْلو
اوسپنيزي	ps	اوسْپْنيزي
اوسپوږمی	ps	اوسپوږمی
اوسپيڅلي	ps	اوسپيڅلي
اوسپیڅلي	ps	اوسپیڅلي
اوسړيتوب	ps	اوسړيتوب
اوسیدونو	ps	اوسیدونو
اوسیلي	ps	اوسیلي
اوسیږي	ps	اوسیږي
اوسېده	ps	اوسېده
اوشبکې	ps	اوشْبْکې
اوشمسی	ps	اوشمَسی
اوشنډه	ps	اوشْنډه
اوشپوکي	ps	اوشپوکي
اوصنعت	ps	اوصَنَعْت
اوكرزې	ps	اوكْرْزې
اوكمي	ps	اوكمي
اوكورنۍ	ps	اوكورنۍ
اوكومي	ps	اوكومي
اول	ps	اول
اولت	ps	اولْت
اولدې	ps	اولدې
اولرې	ps	اولَرې
اولصفت	ps	اولْصْفت
اولف	ps	اولْف
اوليکنې	ps	اوليکنې
اولکړه	ps	اولْکْړه
اومرکزکی	ps	اومرکزکی
اومزدور	ps	اومزدور
اومستبدو	ps	اومستبدو
اومسلخ	ps	اومسلخ
اومسلو	ps	اومسلو
اومسکو	ps	اومسکو
اومشري	ps	اومْشري
اومشوری	ps	اومشُوری
اومفدیت	ps	اومْفدیت
اوموسسه	ps	اوموسسه
اوميلي	ps	اوميلي
اومټ	ps	اومټ
اومړه	ps	اومړه
اومیړه	ps	اومیړه
اومېړني	ps	اومېړني
اونربې	ps	اونَرَبې
اونسي	ps	اونَسي
اونظر	ps	اونَظَر
اونفرت	ps	اونَفَرْت
اونقيض	ps	اونَقَيضْ
اونمرودیې	ps	اونَمَرودِیې
اونوربه	ps	اونوْرْبه
اونورمړه	ps	اونوْرْمړه
اونيزي	ps	اونيزي
اونيک	ps	اونيک
اونښتو	ps	اونْښْتو
اونیزی	ps	اونیزی
اونیکوتر	ps	اونیکوتْر
اونېزو	ps	اونېزو
اوهســـــــي	ps	اوهسِـــــــي
اوهمدومره	ps	اوهمْدومره
اوهملته	ps	اوهمْلْته
اووت	ps	اووتْ
اووښتلو	ps	اووښتَلو
اووکلن	ps	اووکَلن
اووېــــــــشــلـــي	ps	اووېــــــــشــلِـــي
اوټولنی	ps	اوټولَنی
اوټوله	ps	اوټوله
اوټګي	ps	اوټګي
اوپدې	ps	اوپدې
اوپرتم	ps	اوپْرْتم
اوپردولتي	ps	اوپْرْدولَتي
اوپښتون	ps	اوپښتون
اوپښوتړلی	ps	اوپَښوتَړَلی
اوپکښې	ps	اوپکښې
اوپیچلي	ps	اوپیچَلي
اوځمکني	ps	اوځَمَکَني
اوځنی	ps	اوځَنی
اوځيرکو	ps	اوځيرکو
اوځیګر	ps	اوځیګر
اوڅيړني	ps	اوڅيړَني
اوچتي	ps	اوچَتي
اوچي	ps	اوچي
اوډبولو	ps	اوډبولو
اوډلګيو	ps	اوډْلْګِيو
اوډوب	ps	اوډوب
اوډيرى	ps	اوډيرِى
اوډګر	ps	اوډګر
اوډېرشتمن	ps	اوډېرْشْتمن
اوړندي	ps	اوړندي
اوړوموږ	ps	اوړوموْږ
اوږدلست	ps	اوږْدْلسْت
اوږدو	ps	اوږدو
اوږدوكې	ps	اوږدوكې
اوږديده	ps	اوږديده
اوږدیده	ps	اوږدیده
اوښځینه	ps	اوښځینه
اوښکيله	ps	اوښکيله
اوکلتو	ps	اوکْلْتُو
اوکلکې	ps	اوکْلْکې
اوکمپو	ps	اوکْمْپُو
اوکندل	ps	اوکندل
اوکټ	ps	اوکْټ
اوکړس	ps	اوکْړْس
اوکړه	ps	اوکړه
اوکږه	ps	اوکږه
اوکینې	ps	اوکینې
اوګرمو	ps	اوګَرَمُو
اوګلوبولین	ps	اوګَلوبولین
اوګورى	ps	اوګورِى
اوګډي	ps	اوګډي
اوگټې	ps	اوگټې
اویخني	ps	اویخْني
اویوشخص	ps	اویوشخص
ايزدى	ps	ايزدِى
ايزوه	ps	ايزوه
ايزې	ps	ايزې
ايستلوپه	ps	ايسْتلوپه
ايسه	ps	ايسه
ايسېدل	ps	ايسېدل
ايشنده	ps	ايشنده
ايشيده	ps	ايشيده
ايښت	ps	ايښْت
ايښودلي	ps	ايښودَلي
ايکسپلورر	ps	ايکْسْپْلورر
ايګون	ps	ايګون
اټكلونو	ps	اټْكْلونو
اټمي	ps	اټمي
اټولونه	ps	اټولونه
اټيل	ps	اټيل
اپرې	ps	اپرې
اپــر	ps	اپْــر
اپور	ps	اپور
اپيل	ps	اپيل
اپېژني	ps	اپېژني
اځوړند	ps	اځوړنْد
اڅکزى	ps	اڅْکْزى
اڅګزۍ	ps	اڅْګْزۍ
اچل	ps	اچْل
اچونه	ps	اچونه
اچوولی	ps	اچوولی
اچې	ps	اچې
اډم	ps	اډْم
اډوسره	ps	اډوسره
اډيېنس	ps	اډِيېنْس
اړخو	ps	اړخو
اړخېزو	ps	اړخېزو
اړشوه	ps	اړْشوه
اړل	ps	اړْل
اړنه	ps	اړنه
اړينې	ps	اړينې
اړکړله	ps	اړْکْړْله
اړیستلی	ps	اړیستَلی
اړېكي	ps	اړېكي
اړېکې	ps	اړېکې
اژده	ps	اژده
اښي	ps	اښي
اکبرته	ps	اکبرته
اکبره	ps	اکْبره
اکتیویف	ps	اکتیویف
اکربکر	ps	اکْرْبکْر
اکس	ps	اکْس
اکسريز	ps	اکْسْريز
اکسېجن	ps	اکسېجن
اکمله	ps	اکْمله
اکومولیشن	ps	اکومولیشن
اکي	ps	اکي
اکړلهېله	ps	اکړلهېله
اکیږی	ps	اکیږی
اګرګه	ps	اګْرْګه
اګه	ps	اګه
اګچه	ps	اګچه
اگرخرده	ps	اگْرْخْرْده
اگیر	ps	اگیر
اڼي	ps	اڼي
ایادولت	ps	ایادوْلت
ایاك	ps	ایاك
اېک	ps	اېک
بآ	ps	بآ
ببرى	ps	ببرِى
ببرېږې	ps	ببرېږې
بت	ps	بت
بجرد	ps	بجرْد
بجويي	ps	بجويي
بحدی	ps	بَحدی
بحسب	ps	بَحسب
بحيري	ps	بَحيري
بختيارهيڅکله	ps	بخَتيارهيڅْکله
بخشش	ps	بخْشْش
بخشیده	ps	بخشیده
بخلي	ps	بخلي
بخولې	ps	بخولې
بخيلو	ps	بخيلو
بخښيځکه	ps	بخښيځَکه
بدبين	ps	بدبين
بدرمنلې	ps	بدرمْنْلې
بدلرې	ps	بدَلرې
بدله	ps	بدَله
بدلیدل	ps	بدَلیدَل
بدمستيه	ps	بدمستَيه
بدنصیبه	ps	بدنصیبه
بدنيت	ps	بدَنيت
بدوکی	ps	بدوکی
بديلې	ps	بديلې
بدکيږي	ps	بَدکيږي
بربل	ps	بْربل
برتنک	ps	بْرْتْنک
برجو	ps	بْرْجو
برحقې	ps	بْرْحقې
برخليكه	ps	بْرْخْليكه
برخمني	ps	بْرْخمَني
برخورد	ps	بْرْخورْد
برخوودې	ps	بْرْخوودې
برخیتوب	ps	برخیتوب
بردن	ps	بَردن
بررسى	ps	بَرْرسِى
برسل	ps	برَسل
برسيم	ps	برَسيم
برلېن	ps	بَرلېن
برمو	ps	بَرمو
برندې	ps	بَرْنْدې
برورته	ps	برورته
برونو	ps	بَرونو
بريدددوي	ps	بْريدْدْدَوي
بريريد	ps	بْريريد
بريښېده	ps	بْريښېده
برټش	ps	بْرْټْش
برچمي	ps	بَرچَمي
برژينسكي	ps	بَرژينْسْكي
برښه	ps	برښه
برکل	ps	بَرکَل
برکې	ps	بَرکې
برید	ps	بْرید
بریدمرګ	ps	بْریدْمْرْګ
بریدون	ps	بْریدون
بریک	ps	بْریک
برېن	ps	بْرېن
برېښی	ps	بْرېښی
بز	ps	بَز
بزدوي	ps	بْزْدَوي
بزرګي	ps	بْزَرګي
بزو	ps	بْزو
بس	ps	بَس
بستره	ps	بسْتره
بسترکی	ps	بسترکی
بستونو	ps	بستونو
بســـــــــــــــــمل	ps	بســـــــــــــــــمِل
بسند	ps	بسَنْد
بسویی	ps	بسویی
بسيطه	ps	بسيطه
بسپن	ps	بسپن
بشرح	ps	بشرح
بشردوسته	ps	بشْرْدوسته
بشپر	ps	بشپر
بشپړو	ps	بشْپړو
بشپړکېدو	ps	بشپړکېدو
بشړه	ps	بشړه
بصورت	ps	بصورت
بصیرت	ps	بصیرت
بطرف	ps	بطَرف
بطنة	ps	بطَنة
بعی	ps	بعی
بــدلــون	ps	بــدَلْــون
بــــس	ps	بــــس
بـــــــــ	ps	بـــــــــ
بـــــــــــــه	ps	بْـــــــــــــه
بـــــــــه	ps	بْـــــــــه
بـــــي	ps	بِـــــي
بــــوټــو	ps	بْــــوټْــو
بـــلـــنـــه	ps	بـــلـــنْـــه
بـــيــــلـــتـونه	ps	بْـــيــــلـــتْـونه
بــلــنــه	ps	بــلــنْــه
بــيـــخ	ps	بْــيـــخ
بــیـــــــل	ps	بْــیـــــــل
بـنــد	ps	بـنْــد
بـړېــڅ	ps	بـړېــڅ
بفترة	ps	بفْترَة
بق	ps	بق
بقلم	ps	بقلم
بكل	ps	بكْل
بلبلدي	ps	بلبلدي
بلكى	ps	بلَكِى
بلوزى	ps	بْلوزِى
بلى	ps	بْلِى
بليل	ps	بْليل
بليک	ps	بْليک
بلکل	ps	بْلْکْل
بلیو	ps	بْلیو
بم	ps	بم
بمبري	ps	بمْبري
بمثل	ps	بمثل
بنبأ	ps	بَنبَأ
بندتړل	ps	بنْدْتړل
بنديدل	ps	بنديدل
بندکې	ps	بنْدْکې
بندگي	ps	بنْدْگي
بندیزلګول	ps	بندیزْلګول
بندېان	ps	بندېان
بنسيټ	ps	بنسيټ
بنشينــي	ps	بنشينِــي
بنوری	ps	بنوری
بنومره	ps	بنومره
بنير	ps	بنير
بنډه	ps	بنډه
بنیرو	ps	بنیرو
بوولى	ps	بوولِى
بيتی	ps	بيتی
بيح	ps	بيح
بيد	ps	بيد
بيده	ps	بيده
بيرو	ps	بيرو
بيرونی	ps	بيرونی
بيستر	ps	بيسْتْر
بيشترين	ps	بيشتَرين
بيـــــر	ps	بيـــــر
بيلول	ps	بيلول
بيليدل	ps	بيليدَل
بيلګې	ps	بيلګې
بينز	ps	بينْز
بپرسند	ps	بَپرسِنْد
بڅرکۍ	ps	بڅرکۍ
بچېه	ps	بَچېه
بړ	ps	بَړ
بړبکۍپه	ps	بَړْبکۍپه
بړوتې	ps	بْړوتې
بړګندی	ps	بْړْګَندی
بړېڅي	ps	بْړېڅي
بکت	ps	بَکْت
بکرۍ	ps	بَکرۍ
بکل	ps	بَکَل
بکی	ps	بَکی
بګنولي	ps	بِګْنوْلْي
بگخمل	ps	بِگْخْمل
بگذردبیش	ps	بِگْذْردبیش
بڼستې	ps	بڼْسْتې
بڼوويشتلى	ps	بڼوويشْتْلِى
بڼکې	ps	بڼکې
بیائی	ps	بیائی
بیحده	ps	بیحده
بیرتو	ps	بیرتُو
بیشمیره	ps	بیشمیره
بیلفر	ps	بیلفر
بیلگی	ps	بیلگی
بینش	ps	بینْش
بیوزلې	ps	بیوزَلې
بیټری	ps	بیټری
بیږی	ps	بیږی
بیګي	ps	بیګي
بېخود	ps	بېخود
بېده	ps	بېده
بېرحمو	ps	بېرْحْمو
بېرو	ps	بېرو
بېرېدم	ps	بېرېدْم
بېستون	ps	بېستون
بېشر	ps	بېشْر
بېعه	ps	بېعه
بېـرته	ps	بېـرته
بېلند	ps	بېلَنْد
بېلولۍ	ps	بېلولۍ
بېلگي	ps	بېلگي
بېنه	ps	بېنه
بېټل	ps	بېټْل
بېکسه	ps	بېکسه
بېګټې	ps	بېګټې
تأثير	ps	تَأثير
تأریخي	ps	تَأریخي
تألم	ps	تَألم
تأمینه	ps	تأمینه
تبخي	ps	تَبخي
تبصرو	ps	تَبْصرو
تبليسي	ps	تَبليسي
تبیره	ps	تبیره
تتحسن	ps	تَتَحسَن
تثنیه	ps	تثنَیه
تجربېڅو	ps	تجْربېڅُو
تجريد	ps	تَجريد
تجزې	ps	تَجزې
تجلي	ps	تَجلي
تحد	ps	تَحَد
تحرميږي	ps	تَحَرميږي
تحریک	ps	تَحریک
تحسین	ps	تَحسین
تحفی	ps	تَحفی
تحليلو	ps	تَحليلُو
تحليلې	ps	تَحليلې
تحلېل	ps	تَحلېل
تخنيږي	ps	تخنيږي
تخنیک	ps	تخنیک
تدبيرونو	ps	تدبيرونو
تدخلو	ps	تدخُلو
تدريسوي	ps	تدريسُوي
تدریس	ps	تدریس
تدقیق	ps	تدقیق
تدین	ps	تدین
تذکرې	ps	تذْکرې
تربورشو	ps	تربورشو
تربيتى	ps	تربيتِى
تربگني	ps	تربگني
ترتعليمې	ps	ترتعليمې
ترجرمنۍ	ps	ترجرْمنۍ
ترخوږ	ps	ترخوږ
ترخیلو	ps	ترخیلو
تردرې	ps	ترْدرې
تردي	ps	تردي
ترروزنی	ps	ترروزنی
ترزني	ps	ترْزْني
ترس	ps	ترْس
ترسترګومې	ps	ترْسْترګومې
ترستـرگو	ps	ترْسْتـرگو
ترسپیدو	ps	ترْسْپیدُو
ترشخصي	ps	ترْشْخْصي
ترظلم	ps	ترْظلم
ترفزیکی	ps	ترْفْزیکی
ترقدرت	ps	ترْقْدْرت
تركم	ps	تركم
تركور	ps	تركور
تركيي	ps	تركِيي
ترلمنې	ps	ترْلْمنې
ترلوړ	ps	ترلوړ
ترمخکې	ps	ترمخکې
ترمرګه	ps	ترْمْرْګه
ترمسلكې	ps	ترمسْلكې
ترمطلب	ps	ترْمطَلب
ترمم	ps	ترمم
ترنظر	ps	ترْنظر
ترنه	ps	ترنه
ترنيمې	ps	ترنيمې
تره	ps	تره
ترو	ps	ترو
ترورريستي	ps	ترورريستي
تروريستی	ps	تروريستی
ترورځی	ps	ترورځی
تروریستې	ps	تروریستې
تروزيره	ps	تروزيره
تروړبريده	ps	تْروړْبْريده
تروژنې	ps	تْروژنې
تريتوم	ps	تْريتوم
تريپولي	ps	تْريپولي
ترپرځيدو	ps	ترپرځيدو
ترپلونو	ps	ترْپلونو
ترپوره	ps	ترپوره
ترپښو	ps	ترْپښو
ترځمکه	ps	ترْځْمکه
ترځوددې	ps	ترځوددې
ترڅ	ps	ترْڅ
ترڅلي	ps	ترْڅْلي
ترڅوخلکوته	ps	ترڅوخْلکوته
ترڅودنړۍ	ps	ترڅودْنْړۍ
ترڅوكو	ps	ترڅوكو
ترڅوپدې	ps	ترڅوپَدې
ترڅوچي	ps	ترڅوچي
ترڅویوځل	ps	ترڅویوځل
ترکه	ps	ترکه
ترکى	ps	ترکِى
تریاک	ps	تْریاک
تریشل	ps	تْریشل
ترینو	ps	تْرینو
ترې	ps	تْرې
تسخيرپه	ps	تْسخيرپه
تسله	ps	تْسله
تسليمى	ps	تسليمِى
تسلی	ps	تسلی
تسلیمیدل	ps	تسلیمیدل
تسم	ps	تسْم
تسنن	ps	تسْنْن
تسپي	ps	تسپي
تشتول	ps	تشتول
تشخیصیږي	ps	تشخیصیږي
تشريع	ps	تشريع
تشریق	ps	تشریق
تشكيك	ps	تشكيك
تشولو	ps	تشولو
تشکيکی	ps	تشکيکی
تطبيقولو	ps	تَطبيقولو
تعبر	ps	تَعبَر
تعبيركړي	ps	تعبيرْكْړي
تعجیل	ps	تَعجیل
تعدي	ps	تَعدي
تعذیب	ps	تَعذیب
تعريض	ps	تَعريض
تعریفه	ps	تعریفه
تعزيه	ps	تعزَيه
تعصبه	ps	تعْصبه
تعقيبول	ps	تَعقيبول
تعقیبولو	ps	تَعقیبولو
تعلقي	ps	تَعلُقي
تعلی	ps	تَعلی
تعمد	ps	تَعمَد
تعميرسره	ps	تعميرْسْره
تعمید	ps	تَعمید
تعنو	ps	تَعنو
تـزپریکړه	ps	تـزْپْریکړه
تــش	ps	تــش
تـــخـــت	ps	تـــخْـــت
تـــــــــر	ps	تـــــــــر
تـــــــــــــــو	ps	تْـــــــــــــــو
تــــــــــه	ps	تْــــــــــه
تـــــــه	ps	تْـــــــه
تــــــۀ	ps	تــــــۀ
تــــوره	ps	تْــــوره
تـــړلـىلــکــــه	ps	تـــړْلـىلَــکْــــه
تــلۍ	ps	تَــلۍ
تــوري	ps	تْــوري
تـنبل	ps	تَـنبَل
تـورمـخـئ	ps	تْـورمَـخـئ
تفرق	ps	تَفرَق
تفریح	ps	تَفریح
تفسيرولو	ps	تَفسيرولو
تفسیر	ps	تَفسیر
تفصیلې	ps	تَفصیلې
تقد	ps	تَقَد
تقدیرته	ps	تقدیرته
تقريبن	ps	تَقريبَن
تقریبأ	ps	تَقریبَأ
تقصیر	ps	تَقصیر
تقــــــــ	ps	تَقْــــــــ
تقلبی	ps	تَقَلبی
تقنين	ps	تَقنين
تقیبوي	ps	تَقیبَوي
تكفيري	ps	تَكفيري
تكميل	ps	تَكميل
تكنيك	ps	تَكنيك
تلری	ps	تَلری
تلقين	ps	تَلقين
تللـــــــــــــــــــې	ps	تَللْـــــــــــــــــــې
تللى	ps	تَللِى
تله	ps	تله
تلوسی	ps	تَلوسی
تلين	ps	تلين
تلیزه	ps	تلیزه
تمتع	ps	تمَتع
تمجید	ps	تَمجید
تمرن	ps	تَمرْن
تمرکزیت	ps	تَمرْکزیت
تمعه	ps	تمَعه
تمل	ps	تَمل
تمنی	ps	تمَنی
تموز	ps	تموز
تميزمن	ps	تميزمن
تمی	ps	تمی
تمېږي	ps	تمېږي
تنبولی	ps	تنبولی
تنفيذي	ps	تنفيذي
تنم	ps	تنْم
تنودوژل	ps	تنودُوژل
تنوسپين	ps	تنوسپين
تنولي	ps	تنولي
تنووژل	ps	تنووژل
تنپرست	ps	تَنپَرَسْت
تو	ps	تو
توترمنځ	ps	توتْرْمْنْځ
توتکی	ps	توتکی
توحيده	ps	توحيده
تودخې	ps	تودخې
تودوخبرو	ps	تودوخْبْرو
تودي	ps	تودي
تودیدو	ps	تودیدو
توربریښ	ps	تورَبریښ
تورت	ps	تورَت
تورسترګې	ps	تورَسْتْرْګې
تورسوری	ps	تورسوری
توركړي	ps	تورْكْړي
تورمې	ps	تورَمې
توره	ps	توره
توري	ps	توري
تورپوستى	ps	تورپوستِى
تورګل	ps	تورګل
تورېدلې	ps	تورېدَلې
توس	ps	توس
توسيږم	ps	توسيږَم
توشکې	ps	توشکې
توضېح	ps	تَوضېح
توطیېو	ps	تَوطِیېو
توفيقد	ps	توفيقْد
توكل	ps	توكل
تولي	ps	تولي
توليدول	ps	توليدول
توليدیږی	ps	توليدیږی
تولګی	ps	تولګی
تولیدونکو	ps	تولیدونَکو
تولېد	ps	تولېد
تومنو	ps	تومَنو
توهینونو	ps	توهینونو
توپنچی	ps	توپْنْچی
توپچي	ps	توپچي
توپیرسره	ps	توپیرْسْره
توپیرونوته	ps	توپیروْنوته
توړي	ps	توړي
توکم	ps	توکْم
توکميز	ps	توکميز
توکى	ps	توکِى
توگـــه	ps	توگْـــه
تيريده	ps	تيريده
تيرين	ps	تيرين
تيرژ	ps	تيرْژ
تيزنی	ps	تيزنی
تيزۍ	ps	تيزۍ
تيلفونو	ps	تيلفونو
تيمور	ps	تيمور
تپل	ps	تَپْل
تړلـــــــــي	ps	تړَلِـــــــــي
تړلىدى	ps	تړَلَىدى
تړلېدښمني	ps	تړَلېدښْمني
تړمي	ps	تړَمي
تړو	ps	تړَو
تړټلې	ps	تړټلې
تږ	ps	تږ
تښتونكي	ps	تښتونُكي
تښتونکوسره	ps	تښتونُکوسره
تښتيدلی	ps	تښتيدَلی
تښونکی	ps	تښونُکی
تکبرنه	ps	تکبْرنه
تکتو	ps	تکَتو
تکسي	ps	تَکسي
تکفین	ps	تَکفین
تکميله	ps	تَکميله
تکړې	ps	تکړې
تګې	ps	تَګې
تیرونه	ps	تیرونه
تیرځل	ps	تیرځل
تیری	ps	تیری
تیریدنی	ps	تیریدنی
تیریږې	ps	تیریږې
تیرﺉ	ps	تیرِﺉ
تیزیدل	ps	تیزیدل
تیلور	ps	تیلور
تیم	ps	تیم
تیندکو	ps	تیندَکو
تیپه	ps	تیپه
تیښتې	ps	تیښتې
تیګو	ps	تیګو
تېرسو	ps	تېرَسو
تېرشول	ps	تېرَشول
تېركړل	ps	تېرْكْړل
تېرو	ps	تېرو
تېروتې	ps	تېروتې
تېرول	ps	تېرول
تېروڅه	ps	تېروڅه
تېرى	ps	تېرِى
تېريږو	ps	تېريږو
تېرکلونو	ps	تېرْکْلونو
تېریستون	ps	تېریستون
تېرېدلم	ps	تېرېدَلْم
تېرېدوســــــره	ps	تېرېدوســــــره
تېشوني	ps	تېشوني
تېـــــــــــــــــــــــــــــروتـــــنــــه	ps	تېـــــــــــــــــــــــــــــروتَـــــنْــــه
تېمپلېت	ps	تېمْپْلېت
تېښتېدلېد	ps	تېښتېدلېد
ثبتیږی	ps	ثبتیږَیَ
ثمرمن	ps	ثمرمن
ثوري	ps	ثوري
جبت	ps	جبْت
جبره	ps	جبره
جبری	ps	جبری
جبیبی	ps	جبیبی
جحيم	ps	جحيم
جديدي	ps	جديدي
جذبو	ps	جَذبو
جرسلكه	ps	جرسْلكه
جرمنيان	ps	جرْمنيان
جرنل	ps	جرنل
جروم	ps	جروم
جريحه	ps	جريحه
جريمه	ps	جريمه
جرکي	ps	جرکي
جرګوسره	ps	جرګوسره
جریان	ps	جریان
جریمو	ps	جریمو
جرﺃت	ps	جرَﺃت
جزٴو	ps	جَزْٴو
جسمى	ps	جَسمِى
جعفری	ps	جَعْفری
جعليتوب	ps	جَعَليتوب
جـرح	ps	جَـرَح
جـــ	ps	جْـــ
جــــرګـې	ps	جَــــرګْـې
جــــــــ	ps	جْــــــــ
جق	ps	جق
جلدو	ps	جلدو
جلسودجوړېد	ps	جلسودجوړېد
جلـګو	ps	جلـګو
جلوزي	ps	جلوزي
جلیلی	ps	جلیلی
جمجې	ps	جمجې
جمعي	ps	جمعي
جمـــــــله	ps	جمـــــــله
جملي	ps	جملي
جمهموري	ps	جمهموري
جموریت	ps	جَموریت
جميعتى	ps	جَميعَتِى
جمکزی	ps	جَمْکْزی
جمې	ps	جَمې
جنبو	ps	جنبو
جنته	ps	جنَته
جنتيکي	ps	جنَتيکي
جندول	ps	جندول
جنریټر	ps	جنریټر
جني	ps	جِني
جنیت	ps	جَنیت
جوبلي	ps	جوبلي
جوتيږي	ps	جوتيږي
جوخت	ps	جوخْت
جودي	ps	جودي
جوردو	ps	جوردو
جورډن	ps	جورډَن
جوزو	ps	جوزو
جوسونو	ps	جوسونو
جوع	ps	جوع
جوليزې	ps	جوليزې
جونس	ps	جونْس
جونېجو	ps	جونېجو
جوډرتې	ps	جوډَرتې
جوړولوت	ps	جوړولوتَ
جوړونى	ps	جوړونِى
جوړونې	ps	جوړونې
جوړيدلی	ps	جوړيدلی
جوړيل	ps	جوړيل
جوړيښت	ps	جوړيښْت
جوړښکلی	ps	جوړْښْکلی
جوړکړمه	ps	جوړکړمه
جوړیدنه	ps	جوړیدَنه
جوړیدې	ps	جوړیدې
جوړیکړي	ps	جوړیکَړي
جوړېدلوڅخه	ps	جوړېدَلوڅَخه
جوړېدونكي	ps	جوړېدونَكي
جوړېږيد	ps	جوړېږيد
جوین	ps	جوین
جيب	ps	جيب
جيمزجونز	ps	جيمْزْجونْز
جينسي	ps	جينسي
جينيتکي	ps	جينيتکي
جينۍ	ps	جينۍ
جپوتي	ps	جْپوتي
جړوربل	ps	جْړوربل
جکو	ps	جْکو
جګرو	ps	جګرو
جګول	ps	جګول
جګيږي	ps	جګيږي
جګړي	ps	جګړي
جګړیزو	ps	جګړیزو
جګیزو	ps	جګیزو
جگري	ps	جگري
جگړپه	ps	جگْړپه
جڼيږی	ps	جڼيږی
جیح	ps	جیح
جیسکن	ps	جیسکن
جیلو	ps	جیلو
جیګ	ps	جیګ
جېحی	ps	جېحی
جېنوا	ps	جېنوا
حبطت	ps	حبطت
حبکم	ps	حبکم
حت	ps	حت
حتیځو	ps	حتیځو
حجرو	ps	حجَرو
حجرګۍ	ps	حجْرګۍ
حدو	ps	حدو
حديده	ps	حديده
حرصونه	ps	حرصونه
حرقه	ps	حرقه
حسنزي	ps	حسنزي
حسینو	ps	حسینو
حشرة	ps	حشرة
حصيت	ps	حصيت
حضورب	ps	حضورْب
حضوری	ps	حضوری
حظیم	ps	حظیم
حــبیب	ps	حَــبیب
حـــــــــــــرم	ps	حـــــــــــــرم
حــکم	ps	حــکْم
حفیظد	ps	حفیظْد
حقپرست	ps	حَقْپرسْت
حقیقتونه	ps	حقیقَتونه
حكم	ps	حكْم
حكميت	ps	حكمِيت
حكومتوپورې	ps	حكومَتوپورې
حلت	ps	حلْت
حلقوکې	ps	حلقوکې
حلکو	ps	حلکو
حمبلي	ps	حَمبَلي
حمدلله	ps	حمدلله
حمزة	ps	حَمزَة
حملیات	ps	حملیات
حمیدګل	ps	حَمیدګَل
حنت	ps	حَنْت
حويلى	ps	حُويلِى
حي	ps	حي
حيال	ps	حيال
حيث	ps	حيث
حيدرخيل	ps	حيدَرخيل
حيري	ps	حيري
حيف	ps	حَيفْ
حکله	ps	حکله
حکمیت	ps	حُکمیت
حیاء	ps	حیاء
خبردۍ	ps	خبردۍ
خبرسی	ps	خبرسی
خبرشی	ps	خبرشی
خبرلوڅ	ps	خبرْلوْڅْ
خبروئ	ps	خبَروئ
خبروته	ps	خبروته
خبروركړ	ps	خبروركړ
خبروكښې	ps	خبروكښې
خبرومو	ps	خبرومُو
خبروني	ps	خبروني
خبروچه	ps	خبروچه
خبرپسې	ps	خْبرْپسې
خبرکې	ps	خْبرکې
خبریږي	ps	خْبریږي
خبرېنن	ps	خْبرېنن
خبــــــرې	ps	خْبــــــرې
خبله	ps	خْبله
خبيثه	ps	خْبيثه
ختر	ps	خَتْر
ختللي	ps	خَتْلْلي
ختميدی	ps	خَتميدی
ختيزې	ps	خَتيزې
ختيځې	ps	ختيځې
خخه	ps	خخه
خديجة	ps	خديجَة
خذ	ps	خذ
خربه	ps	خْربه
خرخشو	ps	خْرَخشو
خرشه	ps	خْرشه
خره	ps	خْره
خروټې	ps	خْرَوټې
خرځه	ps	خْرځه
خرڅونکي	ps	خرڅونَکي
خرېد	ps	خرېد
خزلو	ps	خزلو
خزیې	ps	خزِیې
خسرخيل	ps	خسْرخيل
خسيسي	ps	خسيسي
خشره	ps	خشره
خشک	ps	خشْک
خصلتو	ps	خصلَتو
خصيصه	ps	خصَيصه
خضرسیمه	ps	خضْرْسیمه
خطبې	ps	خَطبې
خطرسره	ps	خطرْسْره
خطرونو	ps	خَطَرونو
خطــا	ps	خطِــا
خـبـرې	ps	خْـبـرې
خــتــون	ps	خــتْــون
خــرڅ	ps	خْــرڅ
خـــــبـري	ps	خْـــــبـري
خــــــرڅـــــ	ps	خْــــــرْڅْـــــ
خــــــــــبره	ps	خْــــــــــبره
خــــــــــــلکو	ps	خْــــــــــــلْکو
خـــــــپل	ps	خْـــــــپْل
خــــــپـــل	ps	خْــــــپْـــل
خـــــوکه	ps	خْـــــوکه
خــــيرن	ps	خْــــيرن
خـــو	ps	خْـــو
خــورم	ps	خْــورم
خــوړې	ps	خْــوړې
خــپل	ps	خْــپل
خـولـــه	ps	خْـولْـــه
خـړ	ps	خْـړ
خفف	ps	خفف
خفیه	ps	خفِیه
خلجي	ps	خْلَجي
خلع	ps	خْلَع
خلــک	ps	خْلَــک
خلقولو	ps	خْلَقولو
خلقیان	ps	خْلقیان
خلوت	ps	خْلُوت
خليج	ps	خْلَيج
خلګودبي	ps	خَلګودبي
خلگ	ps	خلْگ
خمن	ps	خمْن
خمکو	ps	خمکو
خنتمه	ps	خنْتْمه
اخ	ps	اخ
اس	ps	اس
اوبدل	ps	اوبدل
اړخ	ps	اړْخ
بارول	ps	بارَول
بخښل	ps	بَخښل
بدپوری	ps	بدپورَی
بړستن	ps	بْړستن
تاسو	ps	تاسو
جږګی	ps	جِږګَی
خپسه	ps	خپَسه
دپاره	ps	دپاره
راهیسې	ps	راهیسې
رول	ps	رول
زغمل	ps	زْغَمل
ستوری	ps	سْتورَی
سېلۍ	ps	سېلۍ
شوملې	ps	شوملې
طالب	ps	طالِب
غمی	ps	غَمَی
غوول	ps	غوول
غيڼ	ps	غيڼ
قطر	ps	قَطر
لس	ps	لَس
لپه	ps	لپه
مالګه	ps	مالګه
مرغه	ps	مرغه
منو	ps	مَنو
مگر	ps	مگر
نشت	ps	نشْت
ټپاکی	ps	ټُپاکَی
پخېدل	ps	پخېدل
پلازمېنه	ps	پْلازمېنه
پوليس	ps	پوليس
پوښتنه	ps	پوښْتنه
پښتو	ps	پښتو
ځنډ	ps	ځنْډ
ځېل	ps	ځېل
څرخ	ps	څَرَخ
چاکلېټ	ps	چاکلېټ
ډنډ	ps	ډَنْډ
ژونکه	ps	ژوْنَکه
ښامار	ps	ښامار
کالي	ps	کالي
کوهاټ	ps	کوهاټ
کې	ps	کې
ګلاب	ps	ګُلاب
له	ps	له
خلک	ps	خلک
شپه	ps	شْپه
ابده	ps	ابده
ابقيق	ps	ابقيق
ابند	ps	ابْنْد
ابو	ps	ابُو
ابوبکررض	ps	ابوْبْکررض
ابکله	ps	ابَکَله
ابېجه	ps	ابېجه
اتری	ps	اتری
اتشو	ps	اتشو
اتــــــــــــــــــــــــــــــــــــڼ	ps	اتْــــــــــــــــــــــــــــــــــــڼ
اتقی	ps	اتقی
اتلسه	ps	اتْلسه
اتمــــــه	ps	اتمْــــــه
اتنفس	ps	اتنَفْس
اتنيكى	ps	اتنيكِى
اتوبجو	ps	اتوبجو
اتوسره	ps	اتوسره
اتوکی	ps	اتوکی
اتيرېله	ps	اتيرېله
اتيژيكو	ps	اتيژيكو
اتړ	ps	اتْړ
اتېر	ps	اتېر
اثرت	ps	اثَرْت
اثركې	ps	اثَركې
اثروکړې	ps	اثَروکړې
اجل	ps	اجل
اجنټ	ps	اجْنْټ
اجوخت	ps	اجوخْت
اجيري	ps	اجيري
اجیر	ps	اجیر
احدد	ps	احَدْد
احدیت	ps	احَدیت
احمدسره	ps	احمدْسْره
احمدنیرو	ps	احمدنیرو
احمدپوپل	ps	احمدْپوْپْل
احیتي	ps	احیتي
اختردنيک	ps	اختردَنيک
اختروکې	ps	اخْتروکې
اخترگل	ps	اخترگل
اختـــر	ps	اختـــر
اخلمـــــــــــــــ	ps	اخلمْـــــــــــــــ
اخيرو	ps	اخيرو
اخيستله	ps	اخيسْتله
اخيستنی	ps	اخيسْتنی
اخيستيوريځه	ps	اخيستيوريځه
اخځن	ps	اخځن
اخیري	ps	اخیري
اخیستنو	ps	اخیسْتنو
اخیستونکو	ps	اخیستونَکو
اخېستي	ps	اخېستي
ادب	ps	ادب
ادبى	ps	ادَبى
ادردمن	ps	ادرْدْمن
ادرين	ps	ادَرين
ادمـــــــــــــــــــــــــــــــــــــــه	ps	ادَمْـــــــــــــــــــــــــــــــــــــــه
ادورنو	ps	ادُورنو
ادوین	ps	ادَوین
اذله	ps	اذَله
اربکيان	ps	ارْبکيان
ارتيالري	ps	ارتيالري
ارد	ps	ارْد
اردوسرتیري	ps	اردوسَرتیري
ارزبين	ps	ارْزْبين
ارزنه	ps	ارْزْنه
اركېټ	ps	اركېټ
ارمرډ	ps	ارْمْرْډ
ارمــــ	ps	ارمَــــ
ارمل	ps	ارمل
ارومرو	ps	ارومرو
اروېدلى	ps	ارُوېدلِى
ارين	ps	ارين
ارټي	ps	ارټي
ارچه	ps	ارچه
ارکيلو	ps	ارکيلو
ارګر	ps	ارګَر
ازجلوس	ps	ازْجْلوْسْ
ازدي	ps	ازدي
ازرده	ps	ازْرْده
ازسمت	ps	ازْسْمت
ازمينه	ps	ازمينه
ازيږيدلي	ps	ازيږيدلي
ازې	ps	ازې
استثني	ps	استثني
استرس	ps	استرْس
استوګنى	ps	استوګُنِى
استوگنې	ps	استوگُنې
استګليس	ps	اسْتْګَليس
اسدنه	ps	اسدنه
اسسر	ps	اسسر
اسلوب	ps	اسلوب
اسمعېل	ps	اسْمعېل
اسوده	ps	اسوده
اسویلي	ps	اسَویلي
اسيل	ps	اسيلَ
اسټی	ps	اسټی
اسپـه	ps	اسپْـه
اسکېرلي	ps	اسکېرلي
اسیرو	ps	اسیرو
اشترى	ps	اشْترى
اشنــــــــا	ps	اشنِــــــــا
اصه	ps	اصه
اصیله	ps	اصیله
افسریم	ps	افسَریم
افــسوس	ps	افــسوس
افقي	ps	افقي
افيکو	ps	افيکُو
اكسفورد	ps	اكْسْفورْد
اكيډمي	ps	اكيډَمي
الأربعين	ps	الَأرْبْعين
البردي	ps	البَردي
البشر	ps	البَشْر
البنآء	ps	الْبنآء
التحرير	ps	التَحرير
التفت	ps	التفْت
التوبکي	ps	الْتوْبْکي
الجزيرى	ps	الْجْزيرِى
الجیشي	ps	الجیشي
الحبش	ps	الحبْش
الحديثة	ps	الْحديثة
الحليب	ps	الْحليب
الحمزه	ps	الحمزه
الزور	ps	الْزوْرْ
السل	ps	الْسْل
السم	ps	الْسْم
السنين	ps	الْسْنين
الشربة	ps	الشَربَة
الشريعة	ps	الشَريعَة
الشعير	ps	الشَعير
العبء	ps	العَبْء
العزة	ps	العَزة
العصبي	ps	العَصبي
الفريضة	ps	الْفريضَة
الفکره	ps	الفکره
القبر	ps	القَبْر
القدس	ps	القُدْس
القرحي	ps	القرحي
القصبي	ps	القِصَبي
الكدر	ps	الكَدْر
الكفر	ps	الكَفْر
اللکنوي	ps	اللَکنُوي
المشرق	ps	المَشرِق
المعجزة	ps	المَعجِزَة
المفسيرين	ps	المُفسيرين
الملت	ps	المَلْت
الملکي	ps	الْملِکي
المنفع	ps	المُنفَع
الميره	ps	المَيره
المکلف	ps	المَکلِف
النبیین	ps	النَبِیین
النفسي	ps	النَفسي
النوی	ps	النَوی
الهه	ps	الهه
الوتك	ps	الوْتك
الوتلی	ps	الوْتَلی
الوتکى	ps	الوْتکى
الورم	ps	الوْرم
الوزوي	ps	الوْزُوي
الوسې	ps	الوْسې
الوقته	ps	الوْقته
الون	ps	الوْن
الټن	ps	الټَن
الکټريک	ps	الکَټريک
امرخېله	ps	امرخېله
امرليرې	ps	امرليرې
امري	ps	امَري
امريه	ps	امرَيه
امرڅومره	ps	امْرْڅومره
امریکې	ps	امریکې
امش	ps	امْش
امــــــــ	ps	امْــــــــ
امـيدونــــه	ps	امْـيدونْــــه
امل	ps	امَل
امللي	ps	امَللي
امنشين	ps	امَنشين
امىر	ps	امِىر
اميدو	ps	اميدو
اميدي	ps	اميدي
اميــــــــــــــلو	ps	اميــــــــــــــلو
اميند	ps	امينْد
امينپه	ps	امينپه
امیده	ps	امیده
امیدی	ps	امیدی
امیرحمزه	ps	امیرحمزه
امیکو	ps	امیکو
ان	ps	ان
انترنیوز	ps	انترنیوزْ
انتريتي	ps	انْتريتي
انتـــ	ps	انتـــ
انتپت	ps	انتپْت
انج	ps	انْج
انجنوته	ps	انْجْنوته
انجنی	ps	انْجنی
انجنیری	ps	انْجنیری
انجينرۍ	ps	انجينَرۍ
انجينيز	ps	انجينيز
انجیر	ps	انجیر
انجینیرسید	ps	انجینیرسید
اندرېس	ps	انْدرېس
انديشمند	ps	انديشمنْد
انديښنه	ps	انديښنه
انديکړ	ps	انديکْړ
اندښيني	ps	انْدْښيني
اندیشنې	ps	اندیشنې
اندېشنې	ps	اندېشنې
اندېښنى	ps	اندېښنِى
انرژتيکو	ps	انْرْژْتيکو
انس	ps	انْس
انسه	ps	انسه
انيس	ps	انيس
انيستې	ps	انيستې
انځرګله	ps	انځرْګْله
انځه	ps	انځه
انچه	ps	انچه
انړۍ	ps	انړۍ
انیستله	ps	انیسْتله
اه	ps	اه
اهليت	ps	اهليت
اهميت	ps	اهمَيت
اهیسې	ps	اهیسې
اوبتل	ps	اوبتل
اوبدبختي	ps	اوبْدْبختي
اوبرخليك	ps	اوبْرْخليك
اوبرم	ps	اوبْرْم
اوبرین	ps	اوبرین
اوبشریت	ps	اوبْشْریت
اوبلجیم	ps	اوبلَجیم
اوبله	ps	اوبله
اوبوسره	ps	اوبوْسْره
اوبوټي	ps	اوبوْټْي
اوبيز	ps	اوبيز
اوبېطرفه	ps	اوبېطْرفه
اوتره	ps	اوتَره
اوتريوڅه	ps	اوتَريوڅه
اوترڅ	ps	اوترْڅ
اوترکوم	ps	اوترکوم
اوترۍ	ps	اوتَرۍ
اوتفريح	ps	اوتفريح
اوتوپ	ps	اوتوپ
اوتيريدني	ps	اوتيريدني
اوتړی	ps	اوتړی
اوتګ	ps	اوتْګ
اوتیروتنه	ps	اوتیروتنه
اوتېري	ps	اوتېري
اوجبر	ps	اوجبَر
اوجرأت	ps	اوجَرَأت
اوختیځو	ps	اوختیځو
اوخرځ	ps	اوخْرْځ
اوخليفه	ps	اوخليفه
اوخلکوسره	ps	اوخْلکوسره
اوخولې	ps	اوخولې
اوخپره	ps	اوخْپْره
اودبد	ps	اودبَد
اودبلي	ps	اودبَلي
اودرنې	ps	اودَرَنې
اودريځ	ps	اودَريځ
اودستور	ps	اودَسْتوْرْ
اودسنځلې	ps	اودسنْځلې
اودسيندڅپې	ps	اودسينْدْڅپې
اودصحیح	ps	اودْصحیح
اودمفسرينو	ps	اودْمْفَسرينو
اودملکي	ps	اودْملَکي
اودميږي	ps	اودميږي
اودنر	ps	اودنَر
اودنظر	ps	اودْنْظَر
اودننني	ps	اودننني
اودنوم	ps	اودنوم
اودنېشنل	ps	اودنېشنَل
اودټيکس	ps	اودټيکْس
اودپردو	ps	اودْپْرْدُو
اودپوليسو	ps	اودپوليسو
اودپيښي	ps	اودپيښي
اودپښتوكلمه	ps	اودْپْښْتوكلمه
اودپیسوپه	ps	اودپیسوپه
اودځمکی	ps	اودځمکی
اودډیلي	ps	اودډیلي
اوربــــل	ps	اوربــــل
اورتګزېب	ps	اورتګزېب
اوردن	ps	اوردن
اوروش	ps	اوروش
اورومرګ	ps	اورومرْګ
اورونوچيري	ps	اورونوچيري
اوريدلو	ps	اوريدلو
اورين	ps	اورين
اورپکو	ps	اورْپْکو
اورژيمونو	ps	اورژيمونو
اورښتينولي	ps	اورْښْتينولي
اورکزي	ps	اورْکْزي
اوستلی	ps	اوسْتلی
اوستوني	ps	اوستوني
اوسخپ	ps	اوسْخْپ
اوسرحد	ps	اوسرحد
اوســـئ	ps	اوســـئ
اوسن	ps	اوسَن
اوسي	ps	اوسي
اوسيدم	ps	اوسيدَم
اوسيدول	ps	اوسيدول
اوسيدۀ	ps	اوسيدۀ
اوسيلۍ	ps	اوسيلۍ
اوسپر	ps	اوسپَر
اوسپنيزې	ps	اوسْپنيزې
اوسپوږمۍ	ps	اوسپوږمۍ
اوسپيڅلی	ps	اوسپيڅلی
اوسپیڅلی	ps	اوسپیڅلی
اوسړيو	ps	اوسړَيو
اوسیدله	ps	اوسیدله
اوسیلې	ps	اوسیلې
اوسېدو	ps	اوسېدو
اوشت	ps	اوشْت
اوشخصي	ps	اوشْخصي
اوشرف	ps	اوشْرْف
اوشمعي	ps	اوشمَعي
اوشنډکړل	ps	اوشنډْکْړل
اوشيرينه	ps	اوشيرينه
اوشپي	ps	اوشپي
اوشکيل	ps	اوشکيل
اوصنعتي	ps	اوصَنَعتي
اوكركه	ps	اوكْرْكه
اوكلك	ps	اوكلك
اوكومې	ps	اوكومې
اوكى	ps	اوكِى
اوكړنه	ps	اوكْړنه
اولذت	ps	اولذت
اولسمل	ps	اولْسْمل
اولطیف	ps	اولطیف
اولمن	ps	اولْمْن
اولکی	ps	اولکی
اومر	ps	اومر
اومرکزکې	ps	اومرکزکې
اومستحب	ps	اومسْتحب
اومسلكي	ps	اومسْلكي
اومسلک	ps	اومسلک
اومشرپه	ps	اومشرپه
اومشورې	ps	اومشُورې
اومصلحت	ps	اومَصلحت
اومور	ps	اومور
اوموسسي	ps	اوموسسي
اوميلې	ps	اوميلې
اومټي	ps	اومَټي
اومړو	ps	اومړو
اومېړه	ps	اومېړه
اونصب	ps	اونَصَب
اونفرته	ps	اونَفرته
اونورددی	ps	اونوْرْدَدی
اونيزی	ps	اونيزی
اونيكي	ps	اونيكي
اونیزې	ps	اونیزې
اونیکی	ps	اونیکی
اونېزي	ps	اونېزي
اوهسك	ps	اوهسْك
اووخپل	ps	اووخپل
اووسله	ps	اووسله
اووښته	ps	اووښته
اووکلنو	ps	اووکَلَنو
اويعتقد	ps	اويعتَقد
اوټولنیز	ps	اوټولَنیز
اوټولو	ps	اوټولو
اوټپې	ps	اوټپې
اوټګی	ps	اوټګی
اوپر	ps	اوپْر
اوپښونه	ps	اوپَښونه
اوپکی	ps	اوپَکی
اوپیچلی	ps	اوپیچَلی
اوځمکنی	ps	اوځَمَکَنی
اوځيرکې	ps	اوځيرکې
اوځینو	ps	اوځینو
اوځې	ps	اوځې
اوڅلویښتو	ps	اوڅلویښتو
اوڅوقدمه	ps	اوڅوقَدَمه
اوڅيړنيز	ps	اوڅيړَنيز
اوڅښتن	ps	اوڅښتن
اوچتول	ps	اوچَتول
اوچسپه	ps	اوچسپه
اوچيرته	ps	اوچيرته
اوډيري	ps	اوډيري
اوډی	ps	اوډی
اوډیرپه	ps	اوډیرپه
اوډېره	ps	اوډېره
اوړندې	ps	اوړندې
اوږدم	ps	اوږدم
اوږدول	ps	اوږدول
اوږديدو	ps	اوږديدو
اوږدیدو	ps	اوږدیدو
اوښکيڅه	ps	اوښکيڅه
اوکبيره	ps	اوکبيره
اوکشمیر	ps	اوکْشْمیر
اوکلی	ps	اوکلی
اوکندني	ps	اوکنْدْني
اوکه	ps	اوکه
اوکى	ps	اوکِى
اوکړسنده	ps	اوکْړْسنده
اوکړو	ps	اوکړُو
اوکښت	ps	اوکْښْت
اوګرمي	ps	اوګَرَمي
اوګلون	ps	اوګَلون
اوګوري	ps	اوګوري
اوګډې	ps	اوګډې
اوگډ	ps	اوگْډ
اویوشمیر	ps	اویوشمیر
اویومل	ps	اویومل
ايان	ps	ايان
ايری	ps	ايری
ايزېشنـن	ps	ايزېشَنـن
ايستر	ps	ايستر
ايستلوکې	ps	ايسْتلوکې
ايسورت	ps	ايسورْت
ايسېده	ps	ايسېده
ايښودلې	ps	ايښودَلې
ايکسچېنج	ps	ايکْسْچېنْج
ايګوندې	ps	ايګوندې
اټمی	ps	اټمی
اپتل	ps	اپتل
اپرېد	ps	اپرېد
اپل	ps	اپل
اپوزشن	ps	اپوزشن
اپوزېشن	ps	اپوزېشن
اپيمو	ps	اپيمو
اځى	ps	اځى
اڅرګنده	ps	اڅْرْګنده
اڅکزي	ps	اڅْکْزي
اچ	ps	اچ
اچه	ps	اچه
اچونو	ps	اچونو
اډ	ps	اډ
اډمس	ps	اډمس
اډوكی	ps	اډوكی
اډټ	ps	اډْټ
اړخېزي	ps	اړخېزي
اړلري	ps	اړْلري
اړيكه	ps	اړيكه
اړيګو	ps	اړيګو
اړکړم	ps	اړْکْړْم
اړیسته	ps	اړیسته
اژ	ps	اژ
اښيي	ps	اښِيي
اکبرتوب	ps	اکبرتوب
اکتيف	ps	اکتيف
اکث	ps	اکْث
اکثروسیموکی	ps	اکْثروسیموکی
اکرم	ps	اکرم
اکسېجنو	ps	اکسېجَنو
اکه	ps	اکه
اکون	ps	اکون
اکيس	ps	اکيس
اکړه	ps	اکړه
اکۍ	ps	اکۍ
اګری	ps	اګری
اګډ	ps	اګْډ
اڼ	ps	اڼ
اڼيرى	ps	اڼيرى
ایکرمن	ps	ایکرمن
ایکه	ps	ایکه
اییز	ps	اییز
بآبآ	ps	بآبآ
ببرد	ps	ببرد
ببري	ps	ببري
بتأثيره	ps	بتَأثيره
بتشکن	ps	بتشکن
بتې	ps	بتې
بجز	ps	بجز
بجو	ps	بجو
بجیپتـــــــــــــــــــــــــــــه	ps	بجیپتْـــــــــــــــــــــــــــــه
بحث	ps	بَحث
بحر	ps	بَحْر
بحرد	ps	بَحْرْد
بحسن	ps	بَحسن
بحيری	ps	بَحيری
بخشې	ps	بخشې
بخلی	ps	بخلی
بخون	ps	بخون
بخښښ	ps	بخْښْښ
بدبخترينه	ps	بدبخْترينه
بدبد	ps	بدبَد
بدتره	ps	بدْتره
بدرند	ps	بدرنْد
بدظنه	ps	بدْظْنه
بدلزي	ps	بدَلزي
بدمستیو	ps	بدمَستِیو
بدنصیبو	ps	بدَنصیبو
بدنيته	ps	بدَنيته
بدولن	ps	بدولَن
بدوي	ps	بدوي
بدوکې	ps	بدوکې
بدين	ps	بدين
بدکړ	ps	بدْکْړ
بربن	ps	بْربن
برته	ps	بْرْته
برجوره	ps	بْرْجوره
برحمتک	ps	بْرْحمَتک
برخو	ps	بْرْخو
برخوويشل	ps	بْرْخوويشل
بردند	ps	بَردنْد
بررسي	ps	بَرْرسي
برس	ps	بَرس
برسلر	ps	برَسَلر
برعهده	ps	بَرعهده
برقې	ps	برَقې
برلېنه	ps	برلېنه
برمــــــــــــــــــــــــــــــــه	ps	بَرمَــــــــــــــــــــــــــــــــه
برنر	ps	بَرنَر
برنگشت	ps	بَرنَگَشْت
بروري	ps	بَروري
بروكسل	ps	بَروكسَل
برياليه	ps	بْرياليه
بريدوكړي	ps	بْريدوكړي
بريدپخلۍ	ps	بْريدپخلۍ
بريليک	ps	بْريليک
بريک	ps	بْريک
برچه	ps	برچه
برژينسکي	ps	بَرژينْسْکي
برښو	ps	بَرښُو
برکلي	ps	بَرکَلي
برګ	ps	بَرْګ
برګی	ps	بَرګی
بریاګڼم	ps	بریاګڼم
بریدونه	ps	بْریدونه
بریدوکي	ps	بْریدوکي
برېښې	ps	بْرېښې
بزر	ps	بْزَر
بزودترین	ps	بْزودْتْرین
بزګرۍ	ps	بزْګرۍ
بسترو	ps	بسْترو
بسترکې	ps	بسترکې
بستيم	ps	بستيم
بســــــــــــــــمل	ps	بســــــــــــــــمِل
بسلطنت	ps	بسَلطَنَت
بسي	ps	بسي
بسيطي	ps	بسيطي
بسپنه	ps	بسْپنه
بشرحق	ps	بشْرْحق
بشردوستو	ps	بشْرْدوستو
بشرى	ps	بشرِى
بشرڅوک	ps	بشْرْڅوک
بشى	ps	بشِى
بشپړی	ps	بشْپړی
بشکل	ps	بشکل
بصي	ps	بصي
بطرفم	ps	بطَرفْم
بطنه	ps	بطَنه
بعضكم	ps	بعضْكْم
بـرېـتـونـه	ps	بـرېـتْـونْـه
بــدلـون	ps	بــدَلْـون
بــــســــــنه	ps	بــــسَــــــنه
بـــــري	ps	بـــــري
بـــــــايـــــــــد	ps	بَـــــــايـــــــــد
بــــــــــــدل	ps	بــــــــــــدل
بـــــــــي	ps	بِـــــــــي
بــــــچى	ps	بــــــچِى
بـــــيرته	ps	بْـــــيرته
بــلې	ps	بــلې
بـیه	ps	بِـیه
بفر	ps	بفْر
بقأ	ps	بقَأ
بقت	ps	بقْت
بقليل	ps	بقليل
بكت	ps	بكْت
بكلمة	ps	بكلَمَة
بلبلنو	ps	بلبلنو
بلجیم	ps	بلجیم
بلكي	ps	بلَكي
بلندلیک	ps	بلنْدْلیک
بلنى	ps	بلَنِى
بلوزي	ps	بْلوزي
بلي	ps	بْلي
بليلي	ps	بْليلي
بليېر	ps	بْلِيېر
بلکن	ps	بْلْکْن
بلگې	ps	بلگې
بلېدل	ps	بْلېدل
بمبـیـي	ps	بمبِـیـي
بمجر	ps	بمجر
بميرد	ps	بميرد
بنبست	ps	بَنبَسْت
بندري	ps	بَنْدْري
بندمح	ps	بَنْدْمَح
بنديدلو	ps	بنديدَلو
بندپه	ps	بنْدْپه
بندگی	ps	بنْدْگی
بنشينيد	ps	بنشينيد
بنون	ps	بنون
بنيسي	ps	بنيسي
بنډو	ps	بنډو
بنیزونو	ps	بنیزونو
بوولي	ps	بوولي
بيدآس	ps	بيدآس
بيريلیم	ps	بيريلیم
بيز	ps	بيز
بيزوګی	ps	بيزوګی
بيستره	ps	بيسْتْره
بيشر	ps	بيشَر
بيطرفه	ps	بيطَرَفه
بيـــــرتـــه	ps	بيـــــرتْـــه
بيـــــــل	ps	بيـــــــل
بيلجيم	ps	بيلجيم
بيله	ps	بيله
بيلگه	ps	بيلگه
بيمې	ps	بيمې
بټلر	ps	بْټْلْر
بپرسي	ps	بَپرسي
بڅری	ps	بڅَری
بړزن	ps	بَړزن
بړوزي	ps	بْړوزي
بړګندۍ	ps	بْړْګَندۍ
بږ	ps	بږ
بکرې	ps	بَکرې
بکله	ps	بکله
بکې	ps	بَکې
بگو	ps	بِگو
بڼسټ	ps	بڼْسْټ
بڼوکی	ps	بڼوکی
بڼګې	ps	بڼګې
بیاځلي	ps	بیاځلي
بیبزی	ps	بیبزی
بیدل	ps	بیدل
بیرینتسن	ps	بیرینْتْسن
بیسکیټ	ps	بیسکیټ
بیشکه	ps	بیشکه
بیلجــیـم	ps	بیلجْــیـم
بیلل	ps	بیلْل
بیلي	ps	بیلي
بیلگې	ps	بیلگې
بینظمي	ps	بینْظمي
بیو	ps	بیو
بیژن	ps	بیژْن
بیګټم	ps	بیګټَم
بېخوده	ps	بېخوده
بېرحمي	ps	بېرْحْمي
بېروت	ps	بېروت
بېرېدمه	ps	بېرېدمه
بېسده	ps	بېسده
بېـله	ps	بېـله
بېله	ps	بېله
بېلگې	ps	بېلگې
بېموډه	ps	بېموډه
بېټني	ps	بېټني
بېړی	ps	بېړی
بېگ	ps	بېگ
تآثير	ps	تآثير
تأليف	ps	تَأليف
تأمینول	ps	تَأمینوْل
تأیید	ps	تَأیید
تبخیر	ps	تَبخیر
تبریز	ps	تَبریز
تبليسی	ps	تَبليسی
تتي	ps	تَتي
تج	ps	تَج
تجدېد	ps	تَجدېد
تجرد	ps	تَجرُد
تحريم	ps	تَحريم
تحريکوي	ps	تَحريکُوي
تحشيه	ps	تحْشيه
تحفې	ps	تَحفې
تحقیقق	ps	تَحقیقْق
تحليه	ps	تحْليه
تحم	ps	تَحَم
تحميلی	ps	تَحميلی
تخنيک	ps	تخنيک
تخیل	ps	تخیل
تدبر	ps	تدبر
تدريسى	ps	تدريسِى
تدمير	ps	تدمير
تدې	ps	تدې
تذهیب	ps	تذهیب
تذکيرې	ps	تذکيرې
تربتې	ps	ترْبتې
تربريده	ps	ترْبريده
تربيتي	ps	تربيتي
تربګنى	ps	تربګنِى
ترتب	ps	ترتب
ترتفع	ps	ترْتفع
ترتورې	ps	ترتورې
ترجروبو	ps	ترْجروبو
ترجیع	ps	ترجیع
ترحم	ps	ترحم
ترخي	ps	ترخي
ترخیټې	ps	ترخیټې
تردرم	ps	تردرْم
تردوسو	ps	تردُوسو
ترديد	ps	ترديد
تردیرشو	ps	تردیرشو
ترسترګو	ps	ترْسْترګو
ترسترګونه	ps	ترْسْترګونه
ترستم	ps	ترْسْتم
ترسليک	ps	ترْسليک
ترشخړو	ps	ترْشْخْړُو
ترشنه	ps	ترْشْنه
ترشک	ps	ترْشْک
ترقدم	ps	ترْقْدم
تركوم	ps	تركوم
تركيې	ps	تركِيې
ترلمونځه	ps	ترْلْمونځه
ترلوړې	ps	ترلوړې
ترلیکلو	ps	ترلیکلو
ترمخې	ps	ترْمخې
ترممکنه	ps	ترممْکنه
ترمنلوژي	ps	ترمنلوژي
ترمينح	ps	ترمينح
ترمړوندو	ps	ترْمْړوندو
ترنوروټولو	ps	ترنوروټولو
تروتلو	ps	تروتلو
ترورز	ps	ترورْز
ترورش	ps	ترورْش
تروريستۍ	ps	تروريستۍ
ترورځې	ps	ترورځې
تروریسم	ps	تروریسْم
تروس	ps	تروس
تروړلې	ps	تْروړلې
تريزى	ps	تْريزِى
ترينر	ps	تْرينر
ترپریکړي	ps	ترْپریکَړي
ترپلي	ps	ترْپلي
ترپورې	ps	ترپورې
ترپوښښ	ps	ترپوښښ
ترځمکی	ps	ترْځْمکی
ترڅمکه	ps	ترْڅْمکه
ترڅوخپل	ps	ترڅوخپل
ترڅودبوش	ps	ترڅودْبوْشْ
ترڅوكيسې	ps	ترڅوكيسې
ترڅوچی	ps	ترڅوچی
ترڅویې	ps	ترڅویې
ترکي	ps	ترکي
ترکی	ps	ترکی
ترکۍ	ps	ترکۍ
ترګوندي	ps	ترګوندي
تریــــشل	ps	تْریــــشل
ترینی	ps	تْرینی
ترېتم	ps	تْرېتم
ترېکړه	ps	تْرېکړه
تسلى	ps	تْسلِى
تسليمي	ps	تسليمي
تسلیت	ps	تسلیت
تسلیمیدو	ps	تسلیمیدو
تسنيم	ps	تسنيم
تسپيپرې	ps	تسپيپرې
تشبح	ps	تشبح
تشتولو	ps	تشتولو
تشخېص	ps	تشخېص
تشريعى	ps	تشريعِى
تشریځ	ps	تشریځ
تشكيل	ps	تشكيل
تشنه	ps	تشنه
تشکی	ps	تشکی
تشګیل	ps	تشګیل
تصحيح	ps	تصَحيح
تصدی	ps	تصَدی
تطبیقي	ps	تَطبیقي
تعبرونه	ps	تَعبَرونه
تعبی	ps	تَعبی
تعبیرکولو	ps	تَعبیرکولو
تعد	ps	تَعْد
تعديل	ps	تَعديل
تعذیبونه	ps	تعذیبونه
تعريف	ps	تَعريف
تعریفوئ	ps	تَعریفوئ
تعزیت	ps	تَعزیت
تعصبو	ps	تَعصَبو
تعــــزيم	ps	تَعــــزيم
تعلل	ps	تَعلَل
تعلیـــــمی	ps	تَعلیـــــمی
تعمدت	ps	تَعمَدَت
تعمیر	ps	تَعمیر
تعني	ps	تَعني
تـسبــــې	ps	تـسبْــــې
تــشـــې	ps	تــشْـــې
تـــر	ps	تـــر
تــــــر	ps	تــــــر
تــــــــــــــه	ps	تْــــــــــــــه
تــــــــــورو	ps	تْــــــــــورو
تـــــــوره	ps	تْـــــــوره
تـــــقدير	ps	تـــــقدير
تــــورې	ps	تْــــورې
تـــمه	ps	تـــمه
تـــړلی	ps	تـــړلی
تــمـــه	ps	تــمْـــه
تــورې	ps	تْــورې
تـنده	ps	تـنده
تـوره	ps	تْـوره
تـښتيدلي	ps	تَـښتيدلي
تفتش	ps	تَفتَش
تفرقت	ps	تَفرَقَت
تفریحي	ps	تَفریحي
تفسيرونه	ps	تفسيرونه
تفصېل	ps	تَفصېل
تفليس	ps	تَفليس
تفهيم	ps	تَفهيم
تقدس	ps	تَقَدُس
تقدیرله	ps	تقدیرله
تقــــــــــــــــديردی	ps	تَقــــــــــــــــديردی
تقليد	ps	تَقليد
تقنيني	ps	تَقنيني
تقیف	ps	تَقیف
تكتب	ps	تَكتَب
تكل	ps	تَكَل
تكميله	ps	تكميله
تلبيس	ps	تَلبيس
تلفظوي	ps	تَلَفظوي
تلقينوي	ps	تَلقينوي
تللـــــــي	ps	تَللِـــــــي
تللىد	ps	تَللِىد
تلو	ps	تَلو
تلوتلو	ps	تَلوتَلو
تلوسې	ps	تَلوسې
تلى	ps	تلِى
تلينه	ps	تلينه
تمتنع	ps	تمَتَنع
تمرنین	ps	تَمرنین
تمرین	ps	تمَرین
تملق	ps	تَملْق
تميل	ps	تميل
تمیدلي	ps	تمیدلي
تن	ps	تن
تنبونه	ps	تنبونه
تنفيظي	ps	تنفيظي
تنميې	ps	تنمِيې
تنوديني	ps	تنوديني
تنوسړي	ps	تنوسړي
تنوليكل	ps	تنوليكل
تنووژنه	ps	تنووژَنه
توتکۍ	ps	توتکۍ
توحيدي	ps	توحيدي
توددي	ps	توددي
تودوخه	ps	تودوخه
توديدلو	ps	توديدلو
تودیږي	ps	تودیږي
توربندي	ps	تورَبْنْدي
تورسر	ps	تورَسْر
توركښ	ps	تورْكْښ
تورن	ps	تورَن
تورنو	ps	تورَنو
توروم	ps	توروم
توروڅخه	ps	توروڅخه
تورپوستي	ps	تورپوستي
تورپیکی	ps	تورپیکی
تورګه	ps	تورګه
تورېدو	ps	تورېدو
توسې	ps	توسې
توشیح	ps	توشیح
توصیې	ps	تَوصِیې
توفیر	ps	توفیر
توكلت	ps	توكلْت
تولج	ps	تولْج
تولنيزي	ps	تولنيزي
توليتم	ps	توليتم
توليدوله	ps	توليدوله
توليدې	ps	توليدې
تولګې	ps	تولګې
تولیدونکوسیمو	ps	تولیدونَکوسیمو
تومنې	ps	تومَنې
تومورپه	ps	تومورپه
توهېن	ps	توهېن
توپنچې	ps	توپْنْچې
توپيرد	ps	توپيرْد
توپيري	ps	توپيري
توپچی	ps	توپچی
توپکي	ps	توپکي
توپیرشته	ps	توپیرْشْته
توړۍ	ps	توړۍ
توکمد	ps	توکمد
توکميزه	ps	توکميزه
توکي	ps	توکي
توگل	ps	توگل
تى	ps	تِى
تيبیت	ps	تيبیت
تيرسو	ps	تيرسُو
تيركړ	ps	تيرْكْړ
تيرو	ps	تيرُو
تيريدو	ps	تيريدُو
تيرينه	ps	تيرينه
تيرۍ	ps	تيرۍ
تيز	ps	تيز
تيزه	ps	تيزه
تيزې	ps	تيزې
تيليفوني	ps	تيليفوني
تيموردکورنۍ	ps	تيمورْدْکورنۍ
تيک	ps	تيک
تيګه	ps	تيګه
تټرپه	ps	تْټْرْپه
تړلـــــــي	ps	تړَلِـــــــي
تړلي	ps	تړَلي
تړمپه	ps	تړمپه
تړپ	ps	تړَپ
تږې	ps	تږې
تښتونکوله	ps	تښتونُکوله
تښتيدلۍ	ps	تښتيدَلۍ
تکبره	ps	تکبره
تکتور	ps	تکَتور
تکل	ps	تَکْل
تکميلي	ps	تَکميلي
تګلورو	ps	تَګلورُو
تیرجسته	ps	تیرْجْسْته
تیروسره	ps	تیروسره
تیروی	ps	تیروی
تیریم	ps	تیریم
تیریږﺉ	ps	تیریږِﺉ
تیز	ps	تیز
تیزۍ	ps	تیزۍ
تیــــریدو	ps	تیــــریدو
تیلوفن	ps	تیلوفَن
تیپې	ps	تیپې
تیک	ps	تیک
تېرب	ps	تېرَب
تېرسول	ps	تېرَسول
تېركړى	ps	تېرْكْړى
تېروني	ps	تېروني
تېروڅو	ps	تېروڅو
تېري	ps	تېري
تېريږي	ps	تېريږي
تېرکه	ps	تېرکه
تېرېدله	ps	تېرېدَله
تېشې	ps	تېشې
تېل	ps	تېل
تېښه	ps	تېښه
ثبتولو	ps	ثبتولو
ثبتې	ps	ثبتې
ثمره	ps	ثمره
ثوق	ps	ثوق
ثپوت	ps	ثپوت
جبر	ps	جبْر
جبریل	ps	جبریل
جبیر	ps	جبیر
جديدپه	ps	جديدپه
جذبوخوړلی	ps	جذبوخوړلی
جذبې	ps	جَذبې
جرسه	ps	جرَسه
جرمونود	ps	جرمونود
جري	ps	جري
جريد	ps	جريد
جريمي	ps	جريمي
جرکی	ps	جرکی
جرگه	ps	جرگه
جریمی	ps	جریمی
جرﺋت	ps	جرَﺋت
جزبـــ	ps	جَزْبْـــ
جسدټوټی	ps	جَسدټوټی
جسمي	ps	جَسمي
جعفرې	ps	جَعْفرې
جـرګه	ps	جـرګه
جـــرګـــې	ps	جَـــرګْـــې
جــــعل	ps	جَــــعَل
جك	ps	جك
جليـل	ps	جليـل
جلۍ	ps	جلۍ
جمحل	ps	جمحل
جمعيت	ps	جمعيت
جمـلو	ps	جمـلو
جمليه	ps	جمْليه
جمهو	ps	جمهو
جميعتي	ps	جَميعَتي
جمېز	ps	جَمېز
جنبوری	ps	جنبوری
جنتګورې	ps	جنَتګورې
جندوله	ps	جندوله
جنسکن	ps	جنْسْکن
جنیتیک	ps	جَنیتیک
جوتیدو	ps	جوتیدُو
جوختــــــــه	ps	جوختْــــــــه
جوديت	ps	جوديت
جورړ	ps	جورْړ
جوزى	ps	جوزِى
جوسيف	ps	جوسيف
جونسن	ps	جونسن
جوړؤ	ps	جوړؤ
جوړسوی	ps	جوړسوی
جوړشونودي	ps	جوړشونودي
جوړشی	ps	جوړشی
جوړلوپه	ps	جوړلوپه
جوړنې	ps	جوړنې
جوړولوته	ps	جوړولوته
جوړولوكي	ps	جوړولوكي
جوړومحیلې	ps	جوړومَحیلې
جوړوني	ps	جوړوني
جوړيدلې	ps	جوړيدلې
جوړيدونکې	ps	جوړيدونُکې
جوړيې	ps	جوړِيې
جوړښته	ps	جوړْښْته
جوړښکلې	ps	جوړْښْکلې
جوړکړه	ps	جوړْکړه
جوړکړې	ps	جوړْکړې
جوړیدنې	ps	جوړیدَنې
جوړیګي	ps	جوړیګي
جوړېدلى	ps	جوړېدَلى
جوړېدونكې	ps	جوړېدونَكې
جوړېږينظيف	ps	جوړېږينَظيف
جوګه	ps	جوګه
جيبم	ps	جيبْم
جيدة	ps	جيدَة
جيـــــــــبــــه	ps	جيـــــــــبْــــه
جيلك	ps	جيلك
جينـــۍ	ps	جينـــۍ
جينيس	ps	جينيس
جينۍزه	ps	جينۍزه
جپوړي	ps	جْپوړي
جکپوړی	ps	جْکْپوړی
جګرى	ps	جګرِى
جګړوله	ps	جګړوله
جګړيز	ps	جګړيز
جګیږ	ps	جګیږ
جگری	ps	جگری
جگپوړی	ps	جگپوړی
جگړی	ps	جگړی
جڼېده	ps	جڼېده
جیلونه	ps	جیلونه
جیمې	ps	جیمې
جینی	ps	جینی
جیګه	ps	جیګه
جېش	ps	جېش
جېنیتیکي	ps	جېنیتیکي
حأل	ps	حَأل
حبرة	ps	حبرَة
حبطه	ps	حبطه
حبيبزى	ps	حبيبَزى
حبی	ps	حبی
حجری	ps	حجری
حدونه	ps	حدونه
حديــــــــث	ps	حديــــــــث
حرب	ps	حرْب
حرصونو	ps	حرصونو
حسنه	ps	حسنه
حسود	ps	حسود
حسیني	ps	حسیني
حشرتې	ps	حشْرْتې
حصصو	ps	حصصو
حصين	ps	حصين
حضرته	ps	حضْرْته
حضوربلکې	ps	حضوربلکې
حضورې	ps	حضورې
حظې	ps	حظې
حــج	ps	حــج
حـــــضرت	ps	حـــــضرَت
حقيقته	ps	حقيقَته
حقیقتونو	ps	حقیقَتونو
حكمتېار	ps	حكْمتېار
حكومتى	ps	حكومَتى
حلتين	ps	حلتين
حلی	ps	حلی
حلېدلې	ps	حلېدلې
حمة	ps	حَمَة
حمزه	ps	حمزه
حملـه	ps	حملْـه
حملې	ps	حَملې
حميدزو	ps	حَميدزُو
حمیدی	ps	حَمیدی
حويلي	ps	حُويلي
حيثت	ps	حيثْت
حيريه	ps	حيرَيه
حکم	ps	حُکْم
حکمیزی	ps	حُکمیزی
حکيمى	ps	حُکيمِى
حیر	ps	حیر
حیض	ps	حیض
خبرشه	ps	خبرشه
خبرشې	ps	خبرشې
خبروركړى	ps	خبرورْكړى
خبرورکړچې	ps	خبرورکړچې
خبروكې	ps	خبروكې
خبرومی	ps	خبرومی
خبرونی	ps	خبرونی
خبروچې	ps	خبروچې
خبرى	ps	خبرِى
خبريزه	ps	خبريزه
خبريږی	ps	خْبريږَی
خبرپه	ps	خْبرپه
خبرکله	ps	خْبرْکله
خبریږی	ps	خْبریږَی
خبرېددې	ps	خْبرېددې
خبط	ps	خْبط
خبـــــــر	ps	خْبـــــــر
خبلو	ps	خْبلو
خبيثو	ps	خْبيثو
ختري	ps	خَتري
ختله	ps	ختله
ختمو	ps	خَتمو
ختمې	ps	خَتمې
ختيـځ	ps	ختيـځ
خخو	ps	خخو
خديجه	ps	خديجه
خرخښنه	ps	خْرخْښنه
خروشتى	ps	خْرَوشْتِى
خرځو	ps	خْرځو
خرڅونکيو	ps	خرڅونَکَيو
خرچ	ps	خرْچ
خرکوس	ps	خرکوس
خزلوته	ps	خزلوته
خزې	ps	خزې
خسرخيلو	ps	خسْرخيلو
خسک	ps	خسک
خصيه	ps	خصَيه
خطر	ps	خَطَر
خطركې	ps	خَطَركې
خطرونودی	ps	خَطَرونودی
خطــــا	ps	خطِــــا
خطمیدو	ps	خَطَمیدو
خــتـيـځ	ps	خــتْـيـځ
خــریدو	ps	خْــریدو
خــــره	ps	خْــــره
خـــــتم	ps	خْـــــتم
خــــــــــــــبره	ps	خْــــــــــــــبره
خــــــــــــو	ps	خْــــــــــــو
خــــــــوب	ps	خْــــــــوب
خـــــــپلو	ps	خْـــــــپْلو
خــــــپل	ps	خْــــــپْل
خــــيره	ps	خْــــيره
خــفـه	ps	خْــفْـه
خــوره	ps	خْــوره
خــپلو	ps	خْــپلو
خـو	ps	خْـو
خـولــې	ps	خْـولْــې
خـپـ	ps	خْـپْـ
خـړه	ps	خْـړه
خفه	ps	خفه
خق	ps	خق
خلجی	ps	خْلَجی
خلعت	ps	خْلَعَت
خلــګ	ps	خْلَــګ
خلكوپه	ps	خْلكوپه
خلکو	ps	خْلَکو
خلګوویل	ps	خلګوویل
خلگو	ps	خلگو
خلیلي	ps	خلیلي
خمت	ps	خمْت
خمنه	ps	خمنه
خمکې	ps	خمکې
خنجرومه	ps	خنْجْرومه
آر	ps	آر
اخيستل	ps	اخيستل
افغانستان	ps	افغانِستان
انار	ps	انار
اوږه	ps	اوږه
اګل	ps	اګَل
بخښل	ps	بَخښل
بربنډ	ps	بربنْډ
بلغاريه	ps	بلغاريه
بونا	ps	بونا
تاشکند	ps	تاشکَنْد
جاپان	ps	جاپان
جګتيا	ps	جګْتيا
خوب	ps	خوب
خپه	ps	خپه
دلته	ps	دلته
راوړل	ps	راوړل
زما	ps	زْما
سا	ps	سا
سپک	ps	سْپَک
شرم	ps	شَرَم
شونی	ps	شونَی
غو	ps	غو
غپا	ps	غَپا
غاړی	ps	غاړَی
كوتره	ps	كُوتَره
لمانځل	ps	لْمانځل
مانګر	ps	مانګر
مرغۀ	ps	مرغۀ
منځ	ps	منْځ
مې	ps	مې
مېښه	ps	مېښه
نمازديګر	ps	نمازديګَر
نوښار	ps	نوښار
نښتر	ps	نښتَر
پارسیوان	ps	پارسیوان
پروت	ps	پْروت
پلم	ps	پِلْم
پوهاند	ps	پوهانْد
څلور	ps	څَلور
څوک	ps	څوک
چوپړ	ps	چوپړ
ډول	ps	ډول
ژباړه	ps	ژْباړه
ژېړ	ps	ژېړ
ښکاره	ps	ښْکاره
کب	ps	کَب
ګنډل	ps	ګَنډل
ګېنډی	ps	ګېنډَی
کړي	ps	کړي
لکه	ps	لکه
ابتل	ps	ابتَل
ابدومن	ps	ابدومَن
ابركړي	ps	ابركړي
ابلي	ps	ابلي
ابوبکرصدیق	ps	ابوْبْکرْصدیق
ابير	ps	ابير
ابېل	ps	ابېل
اتحآد	ps	اتحآد
اترو	ps	اترو
اترې	ps	اترې
اتشی	ps	اتشی
اتــــم	ps	اتْــــم
اتلل	ps	اتلَل
اتمه	ps	اتمه
اتنو	ps	اتنو
اتنيمو	ps	اتنيمو
اتومختلفو	ps	اتومُخْتلِفو
اتيژيو	ps	اتيژِيو
اتړلي	ps	اتْړْلي
اتکل	ps	اتکَل
اتېژکي	ps	اتېژکي
اثرخپل	ps	اثَرْخْپل
اثنتي	ps	اثْنْتي
اجله	ps	اجله
اجمل	ps	اجمل
اجنبي	ps	اجْنبي
اجول	ps	اجول
احليت	ps	احليت
احمدحسين	ps	احمَدحَسين
احمدزي	ps	احمدزي
احمدله	ps	احمدله
اخبر	ps	اخبر
اختردي	ps	اختردي
اخــــــرت	ps	اخــــــرت
اخلى	ps	اخلى
اخليکه	ps	اخليکه
اخيرت	ps	اخيرْت
اخيرينوشيبوکي	ps	اخيرينوشيبوکي
اخيستلوسره	ps	اخيسْتلوسره
اخيستو	ps	اخيستو
اخيستې	ps	اخيستې
اخپرونې	ps	اخپَرونې
اخیرکي	ps	اخیرکي
اخیستلو	ps	اخیسْتلو
اخیستنی	ps	اخیسْتنَی
اخیستونکې	ps	اخیستونَکې
اخیستۍ	ps	اخیستۍ
اخې	ps	اخې
اخېل	ps	اخېل
ادبۍ	ps	ادَبۍ
ادریس	ps	ادَریس
ادكې	ps	ادكې
اذنبته	ps	اذَنْبته
اذیت	ps	اذیت
ارتدت	ps	ارتِدْت
ارز	ps	ارْز
ارزشتمن	ps	ارزَشْتْمَن
ارزى	ps	ارزِى
ارزښتمن	ps	ارزَښْتْمَن
ارسطو	ps	ارْسْطو
ارسيدلي	ps	ارسيدلي
ارشيفه	ps	ارشيفه
ارك	ps	ارْك
ارلر	ps	ارْلْر
ارمني	ps	ارْمني
ارمی	ps	ارمی
اروزنې	ps	اروزنې
اروېل	ps	ارُوېل
ارينزي	ps	ارينزي
ازديونه	ps	ازديونه
ازرقی	ps	ازْرْقی
ازلـه	ps	ازَلْـه
ازمن	ps	ازمَن
ازمووينو	ps	ازمووينو
ازمېنه	ps	ازمېنه
ازي	ps	ازي
ازکمر	ps	ازکَمْر
اسبق	ps	اسبَق
استوګنې	ps	استوګُنې
استى	ps	استِى
استين	ps	استين
استید	ps	استید
اسدهېڅكله	ps	اسدهېڅْكْله
اســويلــي	ps	اســويلِــي
اسفنده	ps	اسفنده
اسلحو	ps	اسْلحو
اسليک	ps	اسليک
اسمبلئ	ps	اسْمْبْلئ
اسمونو	ps	اسمونو
اسير	ps	اسير
اسټ	ps	اسْټ
اسپ	ps	اسْپ
اسپندې	ps	اسپندې
اسپی	ps	اسپی
اسکندر	ps	اسکندر
اسید	ps	اسید
اسیري	ps	اسیري
اشت	ps	اشْت
اشتوش	ps	اشتوش
اشر	ps	اشر
اشرفه	ps	اشْرفه
اشك	ps	اشْك
اصلح	ps	اصلح
اصلى	ps	اصلى
اصيبه	ps	اصيبه
اصې	ps	اصې
اط	ps	اط
اطرح	ps	اطرَح
اطیت	ps	اطیت
افتونه	ps	افتونه
افرشته	ps	افرشته
افرينونه	ps	افرينونه
افسو	ps	افسو
افضلى	ps	افضَلِى
افك	ps	افْك
افیرز	ps	افیرْز
اكسير	ps	اكسير
اكټ	ps	اكْټ
الآعلى	ps	الآعلى
الأحمد	ps	الَأحمَد
الأعلی	ps	الأعلی
البتر	ps	البَتر
البر	ps	البَر
البرنی	ps	البَرنی
البشیر	ps	البَشیر
البندین	ps	البَندین
التدليك	ps	التدليك
التصدې	ps	التصدې
التفسیر	ps	التفسیر
التمش	ps	التمْش
الجبر	ps	الْجْبِر
الجز	ps	الْجْز
الجزيه	ps	الْجْزِيه
الجعفري	ps	الجعْفري
الحدیث	ps	الْحدیث
الحلييه	ps	الْحلييه
الحمید	ps	الْحمید
الذي	ps	الذي
الزي	ps	الزي
السبب	ps	الْسْبْب
السحور	ps	الْسْحوْرْ
السعود	ps	الْسْعوْدْ
الشريفة	ps	الشَريفَة
الطقطقى	ps	الطَقطَقِى
الظل	ps	الظَل
العرب	ps	العَرَب
العزمه	ps	العَزمه
العلم	ps	العَلْم
الفرح	ps	الْفرَح
الق	ps	الْق
القرن	ps	القَرْن
القلبي	ps	القَلبي
القيس	ps	القَيسْ
الكبر	ps	الكَبْر
الكرء	ps	الكَرْء
الم	ps	الْم
المدنيه	ps	الْمدَنَيه
المرسلين	ps	المَرْسلين
المس	ps	المَس
المسند	ps	المَسنَد
المقفع	ps	المُقَفَع
الموقعين	ps	المَوقِعين
الميسرة	ps	المَيسِرَة
المیه	ps	المَیه
النکتة	ps	النُکتَة
الوتكوته	ps	الوْتكوته
الوتنو	ps	الوْتنو
الوتونو	ps	الوْتونو
الوحيد	ps	الوْحيد
الوزي	ps	الوْزي
الوطن	ps	الوْطن
الى	ps	الى
الکند	ps	الکَنْد
الکینو	ps	الکینُو
الیف	ps	الیف
امدكرزي	ps	امْدْكرزي
امرنه	ps	امرنه
امروكړم	ps	امروْكْړم
امريکه	ps	امريکه
امرینو	ps	امرینو
امریې	ps	امرَیې
امـ	ps	امْـ
امنه	ps	امَنه
امنی	ps	امَنی
امنې	ps	امَنې
اميب	ps	اميب
اميرتوب	ps	اميرَتوب
اميرشېر	ps	اميرَشېر
اميره	ps	اميره
اميرګل	ps	اميرګل
اميله	ps	اميله
امينې	ps	امينې
امکې	ps	امَکې
امیر	ps	امیر
امیره	ps	امیره
امینت	ps	امینت
امېج	ps	امېج
انتحر	ps	انتَحْر
انترنيتی	ps	انترنيتی
انتي	ps	انتي
انتگريشن	ps	انتگريشْن
انجلسپه	ps	انْجْلسپه
انجني	ps	انْجْني
انجيلونوكي	ps	انجيلونوكي
انجينیر	ps	انجينیر
انجینیرۍ	ps	انجینیرۍ
انددختيځ	ps	انددْخْتيځ
انديشي	ps	انديشي
اندکي	ps	انْدْکي
اندیشیده	ps	اندیشیده
اندېـښنې	ps	اندېـښنې
اندېښنې	ps	اندېښنې
انرژيتيکي	ps	انْرْژيتيکي
انستیوت	ps	انْسْتَیوت
انسورت	ps	انسورْت
انسپورتی	ps	انْسْپوْرْتی
انن	ps	انْن
انيسه	ps	انيسه
انچی	ps	انچی
انژ	ps	انْژ
انیستي	ps	انیستي
اهتم	ps	اهتم
اهدي	ps	اهدي
اهيسي	ps	اهيسي
اهین	ps	اهین
اوبخښنې	ps	اوبْخْښنې
اوبدلو	ps	اوبْدلو
اوبدن	ps	اوبدن
اوبدوپوهیده	ps	اوبدوپوهیده
اوبرخي	ps	اوبْرْخي
اوبرمل	ps	اوبْرْمل
اوبرکت	ps	اوبْرْکْت
اوبلوڅ	ps	اوبلوڅ
اوبمونه	ps	اوبمونه
اوبندی	ps	اوبْنْدی
اوبود	ps	اوبوْدْ
اوبوشبکه	ps	اوبوْشْبکه
اوبى	ps	اوبِى
اوبګنيده	ps	اوبْګْنيده
اوبیلګې	ps	اوبیلګې
اوبې	ps	اوبې
اوت	ps	اوت
اوترور	ps	اوتَرور
اوترټولو	ps	اوترټولو
اوترکي	ps	اوترکي
اوتشکیل	ps	اوتْشْکیل
اوتفریط	ps	اوتفریط
اوتوليد	ps	اوتوليد
اوتوپونه	ps	اوتوپونه
اوتي	ps	اوتي
اوتيرۍ	ps	اوتيرۍ
اوتیری	ps	اوتیری
اوتېرې	ps	اوتېرې
اوثمبول	ps	اوثْمْبول
اوجبري	ps	اوجبَري
اوجرتي	ps	اوجَرتي
اوخليلی	ps	اوخليلی
اوخلکوکی	ps	اوخلِکوکی
اوخورلڼو	ps	اوخورلَڼو
اوخوند	ps	اوخونْد
اوخوښ	ps	اوخوښ
اودبلې	ps	اودبَلې
اودتجريبو	ps	اودتَجريبو
اودرده	ps	اودرده
اودرندو	ps	اودَرندو
اودرو	ps	اودَرو
اودرک	ps	اودَرْک
اودسیسو	ps	اودسیسو
اودصرف	ps	اودْصرف
اودطبي	ps	اودْطبي
اودمقدس	ps	اودمَقدَس
اودملګرو	ps	اودْملَګرو
اودنرپه	ps	اودنرپه
اودنوموړی	ps	اودنوموړی
اودپلټنې	ps	اودْپْلټنې
اودپي	ps	اودپي
اودپښتنو	ps	اودْپْښْتنو
اودښې	ps	اودښې
اوروحيه	ps	اوروحيه
اوروزلو	ps	اوروزلو
اوروس	ps	اوروس
اورولكه	ps	اورولكه
اورونـــــــه	ps	اورونْـــــــه
اوريد	ps	اوريد
اوريدلوكې	ps	اوريدلوكې
اوريزو	ps	اوريزو
اوريو	ps	اورِيو
اوريښتوني	ps	اوريښتوني
اورپکيزي	ps	اورْپْکيزي
اورښتنو	ps	اورْښْتْنو
اورکزۍ	ps	اورْکْزۍ
اوستر	ps	اوسْتْر
اوسترګوكې	ps	اوسْتْرګوكې
اوستمي	ps	اوسْتمي
اوستونزمنو	ps	اوستونْزمَنو
اوستونځو	ps	اوستونځو
اوسجده	ps	اوسْجْده
اوسدل	ps	اوسدل
اوسرحدي	ps	اوسرْحدي
اوسرو	ps	اوسَرُو
اوسرښندني	ps	اوسرښنْدْني
اوسط	ps	اوسط
اوســــــــــه	ps	اوسْــــــــــه
اوسليقي	ps	اوسليقي
اوسنيوشخړو	ps	اوسَنيوشْخْړُو
اوسيد	ps	اوسيد
اوسيزي	ps	اوسيزي
اوسين	ps	اوسين
اوسپرپه	ps	اوسپرپه
اوسپنیزه	ps	اوسْپنیزه
اوسپک	ps	اوسپک
اوسپېرو	ps	اوسپېرو
اوسړی	ps	اوسړی
اوسیدلی	ps	اوسیدلی
اوسیدی	ps	اوسیدی
اوسیمي	ps	اوسیمي
اوسیژی	ps	اوسیژی
اوسېدلو	ps	اوسېدلو
اوشتمنه	ps	اوشْتْمنه
اوشرقی	ps	اوشْرْقی
اوشفقت	ps	اوشْفْقْت
اوشمير	ps	اوشمير
اوشنې	ps	اوشنې
اوشوق	ps	اوشوق
اوشیدې	ps	اوشیدې
اوصبرچي	ps	اوصَبْرْچي
اوصدقی	ps	اوصَدَقی
اوصلحی	ps	اوصَلحی
اوكرمي	ps	اوكْرمي
اوكفري	ps	اوكْفْري
اوكله	ps	اوكله
اوكړنې	ps	اوكْړنې
اولتيمو	ps	اولتيمو
اولسم	ps	اولْسْم
اولم	ps	اولْم
اولمير	ps	اولمير
اولیت	ps	اولیت
اومأموريت	ps	اومَأموْرْيت
اومدینې	ps	اومَدینې
اومرستى	ps	اومَرستى
اومرکو	ps	اومرکو
اومزدوری	ps	اومزدوری
اومستقل	ps	اومستقْل
اومسلکی	ps	اومسْلکی
اومسیحیان	ps	اومَسیحیان
اومشرۍ	ps	اومْشرۍ
اومورته	ps	اومورَته
اوموټر	ps	اوموټر
اومير	ps	اومير
اوميندي	ps	اوميندي
اومځکه	ps	اومْځکه
اومړينه	ps	اومړينه
اومیم	ps	اومیم
اومې	ps	اومې
اونبي	ps	اونَبي
اونجوني	ps	اونَجوني
اونزديکت	ps	اونَزَديکَت
اونشته	ps	اونشته
اونصيت	ps	اونَصيت
اونفس	ps	اونَفَس
اونن	ps	اونَن
اونوح	ps	اونوْحْ
اونوردلته	ps	اونوْرْدلته
اونورلیرې	ps	اونوْرْلیرې
اونى	ps	اونِى
اونيست	ps	اونيسْت
اونيم	ps	اونيم
اونيکه	ps	اونيکه
اونیل	ps	اونیل
اونۍبه	ps	اونۍبه
اوهسک	ps	اوهسْک
اوهــم	ps	اوهــم
اوهلې	ps	اوهلې
اوهمزولو	ps	اوهمْزولو
اوهمچو	ps	اوهمْچو
اوهوله	ps	اوهوله
اووتلو	ps	اووتْلو
اووحدت	ps	اووحْدَت
اويذبل	ps	اويذبل
اوټوټی	ps	اوټوټی
اوپخه	ps	اوپخه
اوپرتمینه	ps	اوپْرْتمینه
اوپرديس	ps	اوپْرْديس
اوپښي	ps	اوپَښي
اوپی	ps	اوپی
اوپیسو	ps	اوپیسو
اوځمکنې	ps	اوځَمَکَنې
اوځو	ps	اوځُو
اوځينوخلكو	ps	اوځينوخلكو
اوڅوكلنوته	ps	اوڅوكلنوته
اوڅوځله	ps	اوڅوځَله
اوڅښه	ps	اوڅَښه
اوچتيږې	ps	اوچَتيږې
اوچــت	ps	اوچَــت
اوچلوټي	ps	اوچَلوټي
اوچورلېږي	ps	اوچَورلېږي
اوچپ	ps	اوچَپ
اوچیری	ps	اوچیری
اوډزبندته	ps	اوډْزْبنْدْته
اوډلې	ps	اوډلې
اوډيرښت	ps	اوډيرْښْت
اوډیرګټورشیان	ps	اوډیرْګْټورشیان
اوړي	ps	اوړي
اوړۍ	ps	اوړۍ
اوږدولوسره	ps	اوږدولوسَره
اوږدوکښي	ps	اوږدوکښي
اوږديږي	ps	اوږديږي
اوږدیږی	ps	اوږدیږی
اوږلۍخلکوته	ps	اوږلۍخلکوته
اوږي	ps	اوږي
اوژبني	ps	اوژْبني
اوښيو	ps	اوښيو
اوښکته	ps	اوښْکته
اوکرزی	ps	اوکْرْزی
اوکچه	ps	اوکچه
اوکړيدلي	ps	اوکړيدلي
اوکښيکښلی	ps	اوکښيکْښْلی
اوګوست	ps	اوګوسْت
اوګيدړي	ps	اوګيدړي
اوګړودي	ps	اوګړودي
اوگوت	ps	اوگوت
اوگډوطن	ps	اوگډوطَن
اویدو	ps	اویدو
اویم	ps	اویمْ
ايزوټوپو	ps	ايزوټوپو
ايستـل	ps	ايستـل
ايستلی	ps	ايسْتلی
ايستي	ps	ايستي
ايسولى	ps	ايسولِى
ايښــــــي	ps	ايښِــــــي
ايښودني	ps	ايښودَني
ايښودی	ps	ايښودی
ايښي	ps	ايښي
ايکروفون	ps	ايکروفوْنْ
ايکنبري	ps	ايکْنْبْري
اټكليزه	ps	اټْكْليزه
اټنونه	ps	اټنونه
اټولې	ps	اټولې
اپرزولو	ps	اپْرْزولو
اپرچونيستی	ps	اپْرْچونيستی
اپورته	ps	اپورته
اپوزيسون	ps	اپوزيسون
اپوټه	ps	اپوټه
اپينولومړنې	ps	اپينولومْړنې
اپیل	ps	اپیل
اڅرگنديږي	ps	اڅْرْگنديږي
اچتول	ps	اچتول
اچورلي	ps	اچورلي
اچولوپوری	ps	اچولوپوری
اچوونه	ps	اچوونه
اډيتور	ps	اډيتور
اډی	ps	اډی
اړخيز	ps	اړخيز
اړدئ	ps	اړدئ
اړم	ps	اړْم
اړه	ps	اړه
اړولوپه	ps	اړوْلوپه
اړيكي	ps	اړيكي
اړپ	ps	اړْپ
اړکړچی	ps	اړْکْړْچی
اړیكې	ps	اړیكې
اړیکي	ps	اړیکي
اړېنه	ps	اړېنه
اښتنو	ps	اښتُنُو
اکب	ps	اکب
اکبرد	ps	اکبرْد
اکبروردگ	ps	اکبروْردگ
اکثرأ	ps	اکْثرأ
اکره	ps	اکره
اکشن	ps	اکشن
اکوئ	ps	اکوئ
اکونوميست	ps	اکونوميسْت
اکړی	ps	اکړی
اکېډيمي	ps	اکېډيمي
اگرچه	ps	اگْرْچه
اڼګړ	ps	اڼْګْړ
ایکروفونو	ps	ایکروفونو
ایکي	ps	ایکي
اېکنبېري	ps	اېکَنبېري
بآن	ps	بآن
ببرسرو	ps	ببْرْسرو
ببرڅټي	ps	ببْرْڅټي
ببــــــــــــــــر	ps	ببْــــــــــــــــر
بتوفيق	ps	بتوفيق
بجـو	ps	بجْـو
بجوجمعـــــــه	ps	بجوجمعْـــــــه
بجې	ps	بجې
بحرنيان	ps	بحْرْنيان
بحرى	ps	بَحرِى
بحـــــــــــــــر	ps	بَحْـــــــــــــــر
بختيان	ps	بخَتيان
بختې	ps	بختې
بخشـش	ps	بخْشْـش
بخمله	ps	بخْمْله
بخونه	ps	بخونه
بخپلى	ps	بخْپلِى
بخښلې	ps	بخْښلې
بخښې	ps	بخښې
بدبينى	ps	بدبينِى
بدترين	ps	بدتَرين
بدخلك	ps	بدْخْلك
بدسترګي	ps	بدْسْترګي
بدكتو	ps	بدْكتو
بدلمنه	ps	بدلْمنه
بدليدى	ps	بدَليدِى
بدلیده	ps	بدَلیده
بدلېده	ps	بدَلېده
بدن	ps	بدَن
بدنظرنه	ps	بدنْظْرْنه
بدنيتيو	ps	بدَنيتِيو
بدورده	ps	بدورده
بدولون	ps	بدولون
بديهی	ps	بديهی
بدګڼه	ps	بدْګْڼه
بدیلی	ps	بَدیلی
برتخت	ps	بْرْتْخْت
برجونو	ps	بْرْجونو
برخلګ	ps	بْرْخلګ
برخه	ps	بْرْخه
برخېتوب	ps	برخېتوب
برده	ps	برده
برسمیت	ps	بَرسمیت
برقعه	ps	برقعه
بركۍ	ps	بَركۍ
برلن	ps	بَرلَن
برمي	ps	بَرمي
برنه	ps	برنه
برنیټ	ps	بَرنیټ
بروس	ps	بَروس
بروم	ps	بَروم
بري	ps	بْري
بريدپه	ps	بْريدپه
بريمن	ps	بْريمن
برښلیک	ps	بَرْښْلیک
برښيدل	ps	بَرښيدَل
برکت	ps	بَرکَت
برګې	ps	بَرګې
بریدن	ps	بْریدْن
بریدکې	ps	بْریدکې
بریــښی	ps	بْریــښی
بریښیدل	ps	بْریښیدْل
بریکی	ps	بْریکی
برېښليک	ps	بْرېښليک
برېښنـــا	ps	بْرېښنِـــا
بزرگتر	ps	بْزَرگَتْر
بزند	ps	بْزْنْد
بزير	ps	بْزير
بزگر	ps	بزگَر
بستر	ps	بستَر
بســــــــــــمل	ps	بســــــــــــمِل
بسلیټ	ps	بسلیټ
بسنې	ps	بسَنې
بسين	ps	بسين
بسپنيزه	ps	بسْپنيزه
بسیط	ps	بسیط
بشبلي	ps	بشْبْلي
بشری	ps	بشری
بشكې	ps	بشكې
بشير	ps	بشير
بشپرې	ps	بشْپْرې
بشپړى	ps	بشْپړِى
بشپړیدو	ps	بشْپړیدو
بشکيک	ps	بشکيک
بصر	ps	بصر
بصیره	ps	بصیره
بطور	ps	بطور
بعد	ps	بعد
بعدى	ps	بعَدى
بعضو	ps	بعَضو
بعلمه	ps	بعَلَمه
بـخت	ps	بـخْت
بـس	ps	بـس
بــر	ps	بــر
بـــرخـــــه	ps	بـــرخْـــــه
بـــــــدل	ps	بـــــــدل
بــــــــــــس	ps	بــــــــــــس
بـــــــــې	ps	بِـــــــــې
بـــیړۍ	ps	بْـــیړۍ
بــګريستي	ps	بــګريستي
بـل	ps	بـل
بفروش	ps	بفروش
بقدرة	ps	بقْدرَة
بكر	ps	بكْر
بلبلودي	ps	بلْبلودي
بلخ	ps	بلَخ
بلــــبل	ps	بلــــبُل
بللکيده	ps	بللکيده
بلنده	ps	بلنده
بلنچت	ps	بلَنچت
بليدو	ps	بْليدو
بلځه	ps	بْلْځه
بلکي	ps	بْلْکي
بمدستي	ps	بمدستي
بمن	ps	بمْن
بمکة	ps	بمکَة
بندسو	ps	بَنْدْسُو
بندنو	ps	بَنْدْنُو
بندوه	ps	بندَوه
بندين	ps	بندين
بندچک	ps	بنْدْچک
بندیتوب	ps	بندیتوب
بندېدلو	ps	بندېدَلو
بنـته	ps	بنـته
بنه	ps	بنه
بنډي	ps	بنډي
بنینت	ps	بنینْت
بو	ps	بُو
بووښووله	ps	بووښووله
بياځلي	ps	بياځلي
بيبو	ps	بيبو
بيتريک	ps	بيتريک
بيخبره	ps	بيخْبْره
بيدي	ps	بيدي
بيرتو	ps	بيرتو
بيروك	ps	بيروك
بيزوگی	ps	بيزوگی
بيستون	ps	بيستون
بيسيم	ps	بيسيم
بيشرمۍ	ps	بيشَرمۍ
بيــــــت	ps	بيــــــت
بيــــړی	ps	بيــــړی
بيلچه	ps	بيلچه
بيلگي	ps	بيلگي
بينې	ps	بينې
بټنه	ps	بْټْنه
بټک	ps	بْټْک
بچن	ps	بَچْن
بړستنه	ps	بَړْسْتنه
بړوڅو	ps	بْړوڅو
بکلي	ps	بَکلي
بکورې	ps	بَکورې
بګ	ps	بَګ
بڼوترسره	ps	بڼوترسره
بڼى	ps	بڼِى
بڼی	ps	بڼی
بیتیږي	ps	بیتیږي
بیخی	ps	بیخی
بیریږو	ps	بیریږُو
بیست	ps	بیسْت
بیسیم	ps	بیسیم
بیطرف	ps	بیطرف
بیلدوزر	ps	بیلدوزر
بیلمېس	ps	بیلمېس
بیلچه	ps	بیلچه
بیپلوم	ps	بیپلوم
بیژنم	ps	بیژنَم
بیگ	ps	بیگ
بېا	ps	بېا
بېتونو	ps	بېتونو
بېخبری	ps	بېخْبْری
بېخوندي	ps	بېخوندي
بېدرده	ps	بېدْرْده
بېرحمۍ	ps	بېرْحْمۍ
بېرولو	ps	بېرولو
بېرېــــږه	ps	بېرېــــږه
بېزوګی	ps	بېزوګَی
بېشرمي	ps	بېشْرْمي
بېطرفه	ps	بېطْرفه
بېلښت	ps	بېلْښْت
بېلېدى	ps	بېلېدِى
بېنېډېکټ	ps	بېنېډېکْټ
بېپنده	ps	بېپنده
بېژبو	ps	بېژبو
تآسیس	ps	تآسیس
تأثيره	ps	تأثيره
تأرېخ	ps	تَأرېخ
تأمینولی	ps	تَأمینوْلی
تؤد	ps	تؤد
تبديلي	ps	تَبديلي
تبرج	ps	تَبرج
تبريزي	ps	تَبريزي
تبریک	ps	تَبریک
تبصرى	ps	تَبْصرِى
تبيان	ps	تبيان
تبیلې	ps	تَبیلې
تتريجي	ps	تَتريجي
تتې	ps	تَتې
تجربه	ps	تجْرْبه
تجرېبې	ps	تَجرېبې
تجسم	ps	تَجسَم
تجلیل	ps	تَجلیل
تحدو	ps	تَحَدُو
تحـــــــــــــــــــــرک	ps	تَحـــــــــــــــــــــرَک
تحقير	ps	تَحقير
تحقیقی	ps	تَحقیقی
تحلیف	ps	تَحلیف
تحميد	ps	تَحميد
تحمیل	ps	تَحمیل
تحير	ps	تَحير
تخنوه	ps	تخنُوه
تخنيکونه	ps	تخنيکونه
تخیلی	ps	تخیلی
تدبــير	ps	تدبْــير
تدبیرد	ps	تدبیرْد
تدرس	ps	تدرس
تدريسې	ps	تدريسې
تدریسی	ps	تدریسی
تذبذب	ps	تذْبذب
تذکيې	ps	تذکِيې
تربورونه	ps	تربورونه
تربی	ps	تربی
ترتلو	ps	ترْتلو
ترجمه	ps	ترْجمه
ترجوړيدو	ps	ترجوړيدو
ترح	ps	ترْح
ترخلقت	ps	ترخلقت
تردرملنې	ps	تردرملنې
تردولتي	ps	تردُولْتي
ترديدي	ps	ترديدي
تردې	ps	تردې
ترزنې	ps	ترْزْنې
ترسترګوښه	ps	ترْسْترګوښه
ترسرخط	ps	ترسرخط
ترســـــــره	ps	ترْســـــــره
ترسم	ps	ترسم
ترشیله	ps	ترشیله
تركمن	ps	ترْكْمن
تركومې	ps	تركومې
تركچې	ps	ترْكچې
ترلندنه	ps	ترْلْنْدْنه
ترليدني	ps	ترليدني
ترمبلي	ps	ترْمْبْلي
ترمذى	ps	ترْمْذِى
ترمرۍ	ps	ترْمْرۍ
ترمشرف	ps	ترْمشَرف
ترمودو	ps	ترمودو
ترمينلوژۍ	ps	ترمينلوژۍ
ترمړيني	ps	ترْمْړيني
ترنبل	ps	ترْنبل
ترنعره	ps	ترنعره
ترنورو	ps	ترنورو
تروجیلو	ps	تروجیلو
تروريز	ps	تروريز
تروريسم	ps	تروريسْم
ترورکړه	ps	ترورْکْړه
تروسه	ps	تروسه
تريشل	ps	تْريشَل
ترپوست	ps	ترپوسْت
ترځنک	ps	ترْځْنک
ترڅنک	ps	ترْڅْنک
ترڅوخپلي	ps	ترڅوخْپلي
ترڅوددي	ps	ترڅوددي
ترڅولكه	ps	ترڅولكه
ترڅوپــــــــه	ps	ترڅوپْــــــــه
ترڅوژر	ps	ترڅوژر
ترڅيړنې	ps	ترڅيړَنې
ترژ	ps	ترْژ
ترکبن	ps	ترْکْبْن
ترکلونو	ps	ترْکْلونو
ترکمنو	ps	ترْکْمْنو
ترکور	ps	ترکور
ترکېبي	ps	ترکېبي
ترګنډه	ps	ترْګْنْډه
ترګي	ps	ترګي
تریوتندې	ps	تْرِیوتندې
ترېدو	ps	تْرېدو
تس	ps	تْس
تسلسل	ps	تْسلسل
تسليميږي	ps	تسليميږي
تسلیمیږی	ps	تسلیمیږی
تسمه	ps	تسمه
تسړي	ps	تسړي
تشجيع	ps	تشجيع
تشددد	ps	تشْدْدد
تشونې	ps	تشونې
تشکل	ps	تشکل
تصد	ps	تصَد
تصدیقونه	ps	تصَدیقونه
تصــــــــــــــويرونــو	ps	تصَــــــــــــــويرونْــو
تطبیقیږي	ps	تَطبیقیږي
تظم	ps	تَظْم
تعبیریږي	ps	تَعبیریږي
تعسف	ps	تَعسَف
تعصبونو	ps	تَعصَبونو
تعــــــــــبيردی	ps	تَعــــــــــبيردی
تعقيبولې	ps	تَعقيبولې
تعلمون	ps	تَعلَمون
تعليم	ps	تَعليم
تعمل	ps	تَعمَل
تـشه	ps	تـشه
تـــ	ps	تـــ
تـــرڅــو	ps	تـــرڅْــو
تــــر	ps	تــــر
تـــــتـه	ps	تـــــتْـه
تــــــعـــبـــیر	ps	تــــــعـــبْـــیر
تــــــــــر	ps	تــــــــــر
تـــــــــــــــــــــــــــــورو	ps	تْـــــــــــــــــــــــــــــورو
تـــــــــــــه	ps	تْـــــــــــــه
تـــــــــندي	ps	تـــــــــندي
تـــــــير	ps	تْـــــــير
تـــــكل	ps	تـــــكل
تــــي	ps	تِــــي
تـــکیه	ps	تـــکیه
تــنـدی	ps	تَــنـدی
تــولــو	ps	تْــولْــو
تـنـــــده	ps	تـنـــــده
تـوروشپو	ps	تْـوروشپو
تـیریدې	ps	تْـیریدې
تفتی	ps	تَفتی
تفریحې	ps	تَفریحې
تفسيروی	ps	تَفسيروی
تفسیرونه	ps	تفسیرونه
تفصيلى	ps	تَفصيلِى
تفندون	ps	تَفْنْدوْنْ
تفوق	ps	تَفوْقْ
تقدم	ps	تَقَدُم
تقرري	ps	تَقَرَري
تقرير	ps	تَقرير
تقریره	ps	تقریره
تقسيميږي	ps	تَقسيميږي
تقنينې	ps	تَقنينې
تك	ps	تَك
تكلف	ps	تَكَلَف
تكن	ps	تَكَن
تلبيي	ps	تَلبيي
تلزه	ps	تلزه
تلفن	ps	تَلفَن
تلقین	ps	تَلقین
تللــى	ps	تَللِــى
تلليد	ps	تَلليد
تلم	ps	تَلْم
تلوخبرنه	ps	تلوخْبرَنه
تلوليتوب	ps	تَلوليتوب
تليز	ps	تليز
تلپه	ps	تلپه
تلېفوني	ps	تلېفوني
تمبله	ps	تمْبله
تمدنه	ps	تمَدَنه
تمديدوي	ps	تَمديدوي
تمـدن	ps	تمَـدن
تمه	ps	تمه
تموليږي	ps	تموليږي
تميم	ps	تميم
تنفیظي	ps	تنفیظي
تننۍ	ps	تننۍ
تنوته	ps	تنوته
تنورد	ps	تنورْد
تنکې	ps	تنَکې
توا	ps	توا
توتكي	ps	توتكي
توحيدې	ps	توحيدې
تودسو	ps	تودسو
تودول	ps	تودول
توديع	ps	توديع
تودېدلې	ps	تودېدلې
تورسرو	ps	تورسَرو
تورسيلو	ps	تورسيلو
تورمحکمه	ps	تورمحْکمه
تورنولو	ps	تورَنولو
تورود	ps	تورود
توروشپو	ps	توروشپو
توروني	ps	توروني
توروچې	ps	توروچې
تورپوستی	ps	تورپوستی
تورکمیس	ps	تورْکمیس
تورېږي	ps	تورېږي
توسره	ps	توسره
توشكه	ps	توشكه
توصيف	ps	تَوصيف
توظیف	ps	تَوظیف
توفیقپه	ps	توفیقپه
توكلې	ps	توكَلې
توكو	ps	توكو
توكوڅخه	ps	توكوڅَخه
توليدي	ps	توليدي
توليز	ps	توليز
تولیدیږي	ps	تولیدیږي
توموګ	ps	توموګ
توهينه	ps	توهينه
توپه	ps	توپه
توپيردمينې	ps	توپيرْدْمينې
توپيرنه	ps	توپيرنه
توپيريې	ps	توپيرِيې
توپچې	ps	توپچې
توپکی	ps	توپکی
توپیرپه	ps	توپیرپه
توکمو	ps	توکمو
توکمېزو	ps	توکمېزو
توگی	ps	توگی
تيتب	ps	تيتْب
تيركړي	ps	تيرْكْړي
تيرکده	ps	تيرْکْده
تيرېدئ	ps	تيرېدئ
تيلفوني	ps	تيلفوني
تيندک	ps	تينْدْک
تيګو	ps	تيګو
تپله	ps	تپله
تپونه	ps	تپونه
تپیدم	ps	تَپیدَم
تړمې	ps	تړَمې
تړپیږي	ps	تړَپیږي
تښتولوپه	ps	تښتولوپه
تښتونه	ps	تښتونه
تښتونکی	ps	تښتونُکی
تښتيدو	ps	تښتيدو
تښــتــیــدلی	ps	تښــتْــیــدَلی
تښټوله	ps	تښټوله
تکبيرو	ps	تکَبيرو
تکتيکونه	ps	تکَتيکونه
تکلیفه	ps	تَکلیفه
تکمیل	ps	تَکمیل
تکول	ps	تَکول
تکیسی	ps	تَکیسی
تڼيوکې	ps	تَڼيوکې
تیب	ps	تیب
تیرشه	ps	تیرشه
تیریدولو	ps	تیریدولو
تیرۍ	ps	تیرۍ
تیلسکوپ	ps	تیلْسْکوپ
تیمو	ps	تیمو
تیني	ps	تیني
تیږلوړې	ps	تیږلوړې
تیکري	ps	تیکري
تۍ	ps	تۍ
تېرسوه	ps	تېرسوه
تېرلمريز	ps	تېرلمريز
تېروتلى	ps	تېروتلِى
تېريدوسره	ps	تېريدوسره
تېريږيپه	ps	تېريږيپه
تېرکړل	ps	تېرْکْړل
تېریږي	ps	تېریږي
تېرېدلې	ps	تېرېدَلې
تېرېدونه	ps	تېرېدونه
تېزه	ps	تېزه
تېلفونونو	ps	تېلفونونو
ثبتوم	ps	ثبتوم
ثبتېږي	ps	ثبتېږي
ثروت	ps	ثروت
ثقفي	ps	ثقفي
ثمرګل	ps	ثمرګل
ثونو	ps	ثونو
جثې	ps	جثې
جد	ps	جد
جدی	ps	جدی
جذبولو	ps	جَذبولو
جرت	ps	جَرَت
جرسی	ps	جَرَسی
جرمنيپوره	ps	جرْمنيپوره
جرمونوكولو	ps	جرمونوكولو
جرينو	ps	جرينو
جرګوکې	ps	جرګوکې
جرگو	ps	جرگو
جرینو	ps	جرینو
جزبې	ps	جَزبې
جزی	ps	جَزی
جســدونه	ps	جسَــدونه
جعفربن	ps	جَعفربن
جعلی	ps	جَعَلی
جــــا	ps	جِــــا
جلبی	ps	جلبی
جلدک	ps	جلدک
جلسې	ps	جلسې
جلمې	ps	جلمې
جليلی	ps	جليلی
جم	ps	جم
جمرة	ps	جمرَة
جمشېد	ps	جمشېد
جملی	ps	جملی
جموعي	ps	جَموعي
جميعتی	ps	جَميعَتی
جنبش	ps	جنبش
جنبیش	ps	جنبیش
جنتوكې	ps	جنَتوكې
جنجر	ps	جنجر
جنرېټورونه	ps	جنرېټورونه
جنسې	ps	جنسې
جنیف	ps	جَنیف
جوبیان	ps	جوبیان
جوتیږی	ps	جوتیږی
جوختې	ps	جوختې
جوزپ	ps	جوزْپ
جوش	ps	جوش
جولونه	ps	جولونه
جونه	ps	جونه
جوهنموشن	ps	جوهنْموشن
جوټي	ps	جوټي
جوړسو	ps	جوړسو
جوړسي	ps	جوړسي
جوړكى	ps	جوړكى
جوړكړيدى	ps	جوړْكْړيدى
جوړم	ps	جوړْم
جوړوله	ps	جوړوله
جوړولوخيال	ps	جوړولوخيال
جوړولوکي	ps	جوړولوکي
جوړي	ps	جوړي
جوړيده	ps	جوړيده
جوړيدوپرېکړه	ps	جوړيدوپرېکړه
جوړيږم	ps	جوړيږم
جوړکه	ps	جوړکه
جوړکی	ps	جوړکی
جوړیدوبه	ps	جوړیدوبه
جوړیږم	ps	جوړیږم
جوړېد	ps	جوړېد
جوړېدنكي	ps	جوړېدَنَكي
جوړېدونکى	ps	جوړېدونَکى
جوړېږې	ps	جوړېږې
جوګی	ps	جوګی
جيبود	ps	جيبود
جيرته	ps	جيرته
جيفك	ps	جيفك
جيلو	ps	جيلو
جيمون	ps	جيمون
جيويت	ps	جيويت
جټي	ps	جْټي
جړ	ps	جْړ
جړی	ps	جْړی
جکړو	ps	جکړو
جګرې	ps	جګرې
جګپوړو	ps	جګپوړو
جګړوتود	ps	جګړوتود
جګړيزو	ps	جګړيزو
جګړیزې	ps	جګړیزې
جګې	ps	جګې
جگه	ps	جگه
جگړۍ	ps	جگړۍ
جیان	ps	جیان
جیدو	ps	جیدو
جیف	ps	جیف
جیم	ps	جیم
جیپولوتیک	ps	جیپولوتیک
جیگیدلو	ps	جیگیدَلو
جېک	ps	جېک
حبزي	ps	حبزي
حبـــيبي	ps	حبْـــيبي
حبيبـــــــــــــي	ps	حبيبِـــــــــــــي
حبیبزي	ps	حبیبَزي
حتمن	ps	حتَمن
حجرودودې	ps	حجَرودودې
حدی	ps	حدی
حربى	ps	حربِى
حرفه	ps	حرفه
حركت	ps	حرْكْت
حسنونو	ps	حسنونو
حسينو	ps	حسينو
حسۍ	ps	حسۍ
حصلين	ps	حصلين
حصې	ps	حصې
حضرف	ps	حضْرْف
حضورولري	ps	حضورولري
حضيره	ps	حضيره
حـــا	ps	حِـــا
حـــــــد	ps	حَـــــــد
حــــــــــــــــرم	ps	حــــــــــــــــرم
حــــــــــــق	ps	حــــــــــــق
حـــق	ps	حـــق
حفظ	ps	حفْظ
حقدوست	ps	حقدوسْت
حقملد	ps	حقملْد
حقيقتونو	ps	حقيقَتونو
حقی	ps	حَقی
حقیقی	ps	حَقیقی
حكمت	ps	حكمت
حكوم	ps	حكوم
حكومتپرته	ps	حكومتْپْرته
حلقۀ	ps	حلقۀ
حلیم	ps	حلیم
حلېم	ps	حلېم
حمد	ps	حَمْد
حمده	ps	حمده
حمص	ps	حَمْص
حملو	ps	حَملُو
حميږي	ps	حَميږي
حنف	ps	حَنْف
حنیف	ps	حَنیف
حويلې	ps	حُويلې
حيثيت	ps	حيثيت
حيدرخېلو	ps	حيدَرخېلو
حيصه	ps	حيصه
حيل	ps	حَيلْ
حيې	ps	حَيې
حکمة	ps	حُکمَة
حکو	ps	حُکُو
حکیم	ps	حُکیم
حیات	ps	حیات
حیف	ps	حیف
خآورې	ps	خآورې
خبرتر	ps	خبرتر
خبركي	ps	خبركي
خبروخبروكې	ps	خبروخبروكې
خبروركړچې	ps	خبروركړچې
خبروسرنه	ps	خبروسرنه
خبرۍ	ps	خْبرۍ
خبرېدلو	ps	خْبرېدَلو
خبــره	ps	خْبــره
خبـــــــــ	ps	خْبـــــــــ
خبلوسړى	ps	خْبلوسړى
خبير	ps	خْبير
ختلي	ps	خَتلي
ختمولو	ps	خَتمولو
ختمی	ps	خَتمی
ختمېدلود	ps	خَتمېدلود
ختنم	ps	خَتنَم
ختيځو	ps	ختيځو
ختځو	ps	ختځو
خد	ps	خد
خدمتي	ps	خدْمتي
خديه	ps	خدَيه
خربوزې	ps	خْربوْزې
خرقي	ps	خْرَقي
خروشه	ps	خْرُوشه
خروښـــــــــــــيږي	ps	خْرَوښْـــــــــــــيږي
خرڅخه	ps	خْرڅَخه
خرڅونکې	ps	خرڅونَکې
خرڅې	ps	خرڅې
خرچو	ps	خرچو
خزنده	ps	خزْنده
خشكي	ps	خشكي
خشکین	ps	خشکین
خصوصي	ps	خصوصي
خصومت	ps	خصومت
خطرلری	ps	خَطَرْلری
خطري	ps	خَطَري
خطم	ps	خَطَم
خطو	ps	خَطو
خطی	ps	خَطی
خــــــــدمت	ps	خْــــــــدْمت
خـــــــــــــــــــنـــــــــــــ	ps	خْـــــــــــــــــــنْـــــــــــــ
خـــــــــــم	ps	خْـــــــــــم
خـــــم	ps	خْـــــم
خـــــپــــــــل	ps	خْـــــپــــــــل
خــــپـله	ps	خْــــپـله
خـــيركه	ps	خْـــيركه
خــلــــګو	ps	خْــلــــګو
خــټك	ps	خْــټك
خـفـه	ps	خْـفْـه
خـپـل	ps	خْـپـل
خف	ps	خف
خقيقت	ps	خقيقت
خلـكو	ps	خْلُـكو
خلفي	ps	خْلَفي
خلقي	ps	خْلَقي
خلقېږي	ps	خْلَقېږي
خلكوکې	ps	خْلَكوکې
خليف	ps	خْلَيف
خلګوله	ps	خلګوله
خلګوپخپله	ps	خلګوپخْپله
خلی	ps	خلی
خمر	ps	خمْر
خمه	ps	خمه
آره	ps	آره
اسمان	ps	اسمان
اند	ps	انْد
اورلوبه	ps	اورلوبه
ایټالیا	ps	ایټالیا
باغ	ps	باغ
برتانيه	ps	برتانيه
بلل	ps	بَلل
تور	ps	تور
جلا	ps	جلا
جګړن	ps	جګړن
خور	ps	خور
خړ	ps	خړ
دلې	ps	دلې
دښمن	ps	دُښمَن
راکول	ps	راکَول
رېبز	ps	رېبز
زمری	ps	زْمَرَی
سرېښ	ps	سَرېښ
سوټک	ps	سوټَک
سپک	ps	سْپک
شيدې	ps	شيدې
غاښ	ps	غاښ
غوږ	ps	غوْږ
غپل	ps	غَپل
لار	ps	لار
لمر	ps	لْمَر
لږ	ps	لږ
مرګ	ps	مَرْګ
نارنجي	ps	نارنجي
نماسخوتن	ps	نماسخوتَن
نښتر	ps	نښتَر
ټاپو	ps	ټاپُو
پامدور	ps	پامَدور
پروړه	ps	پْروړه
پلم	ps	پِلم
پيل	ps	پيل
څټک	ps	څَټَک
ژبه	ps	ژبه
ښایسته	ps	ښایسْته
کتاب	ps	کِتاب
که	ps	که
ګاډی	ps	ګاډَی
ګېډه	ps	ګېډه
پورې	ps	پورې
ابرمی	ps	ابْرمی
ابـا	ps	ابِـا
ابليت	ps	ابليت
ابنز	ps	ابْنْز
ابيشيك	ps	ابيشيك
ابیب	ps	ابیب
ابېلو	ps	ابېلو
اتروته	ps	اتروته
اتشې	ps	اتشې
اتــــڼ	ps	اتْــــڼ
اتللم	ps	اتلَلْم
اتلولی	ps	اتلولی
اتموسفير	ps	اتموسفير
اتود	ps	اتود
اتوكي	ps	اتوكي
اتيژيک	ps	اتيژيک
اتړو	ps	اتړُو
اتیژي	ps	اتیژي
اتېژی	ps	اتېژی
اثرخپورشو	ps	اثَرْخْپورشو
اثرنه	ps	اثرنه
اثرپرې	ps	اثَرْپْرې
اثنی	ps	اثنی
اجر	ps	اجْر
اجرعظيم	ps	اجرَعظيم
اجمله	ps	اجْمْله
اجونی	ps	اجونی
اجينسي	ps	اجينسي
احم	ps	احْم
احمدبصير	ps	احمَدبَصير
احمدسمير	ps	احمدْسْمير
اختربه	ps	اختربه
اخترم	ps	اخترْم
اختريزه	ps	اخْتريزه
اختفى	ps	اختَفِى
اخلي	ps	اخلي
اخلی	ps	اخلی
اخيرته	ps	اخيرته
اخيستېده	ps	اخيستېده
اخپل	ps	اخپل
اخیرکې	ps	اخیرکې
اخیستنې	ps	اخیسْتنې
اخیستوپرته	ps	اخیستوپْرته
اخیستې	ps	اخیستې
اخېدو	ps	اخېدو
اخېستلوپه	ps	اخېسْتلوپه
اد	ps	اد
ادبې	ps	ادَبې
ادرین	ps	ادَرین
ادل	ps	ادَل
ادمى	ps	ادَمِى
ادوس	ps	ادَوسْ
اذر	ps	اذَر
اذنه	ps	اذَنه
اربر	ps	ارَبْر
اربه	ps	ارَبه
اربکی	ps	ارْبکی
ارتگ	ps	ارتِگ
ارزشتنو	ps	ارزَشْتْنُو
ارزي	ps	ارزي
ارزښـت	ps	ارزَښْـت
ارزیدئ	ps	ارزیدئ
ارسيدلی	ps	ارسيدلی
ارشيفونه	ps	ارشيفونه
ارله	ps	ارله
ارمـــــا	ps	ارمِـــــا
ارني	ps	ارني
اروزو	ps	اروزو
ارون	ps	ارون
ارى	ps	ارِى
ارينزی	ps	ارينزی
ارښت	ps	ارْښْت
ارکېټ	ps	ارکېټ
ارګندي	ps	ارګَندي
اریتروپویسیس	ps	اریتروپویسیس
ارېښت	ps	ارېښْت
ازبکي	ps	ازْبْکي
ازحق	ps	ازحق
ازديګر	ps	ازديګر
ازره	ps	ازره
ازش	ps	ازْش
ازله	ps	ازَله
ازموويني	ps	ازموويني
ازمېنې	ps	ازمېنې
اسبلت	ps	اسْبْلَت
استدل	ps	استدْل
استوګه	ps	استوګه
استي	ps	استي
اسد	ps	اسَد
اسدورته	ps	اسدوْرته
اسـرې	ps	اسـرې
اســپــــه	ps	اســپْــــه
اسفندي	ps	اسفندي
اسكر	ps	اسكر
اسلیک	ps	اسلیک
اسمبله	ps	اسْمْبْله
اسمـــعیل	ps	اسْمـــعیل
اسنعيل	ps	اسْنعيل
اسویلې	ps	اسَویلې
اسپنو	ps	اسْپنو
اسیدبن	ps	اسیدبن
اسیرکړي	ps	اسیرْکْړي
اشتول	ps	اشتول
اشرفي	ps	اشْرفي
اصلحو	ps	اصْلحُو
اصلي	ps	اصلي
اصيدو	ps	اصيدُو
اضمن	ps	اضمن
اطريش	ps	اطريش
اطلب	ps	اطلَب
اطو	ps	اطو
افتونو	ps	افتونو
افرط	ps	افرَط
افرينى	ps	افرينِى
افسرد	ps	افسَرْد
افسوز	ps	افسوز
افضلي	ps	افضَلي
افـریـقـا	ps	افـریـقِـا
افــــــــرين	ps	افــــــــرين
افلتې	ps	افلُتې
افوزي	ps	افوْزي
افيرز	ps	افيرْز
افیرس	ps	افیرْس
اكرى	ps	اكَرِى
اكټر	ps	اكټَر
اكړي	ps	اكړي
الأزرقي	ps	الَأزْرْقي
الأمم	ps	الَأمْم
البته	ps	البَته
البدء	ps	البَدْء
البصر	ps	البَصْر
البق	ps	البَق
التحسن	ps	التَحسَن
التر	ps	التر
الترنتيف	ps	الترنِتيف
التصرف	ps	التصرف
التفصيل	ps	التفصيل
التمن	ps	التمْن
التوفي	ps	الْتوْفْي
التی	ps	التی
الجبره	ps	الْجْبِره
الجزیات	ps	الْجْزیات
الجلد	ps	الْجلد
الحسنة	ps	الْحسَنة
الحكم	ps	الحكْم
الحم	ps	الحم
الذيات	ps	الذيات
السبط	ps	الْسْبْط
الشرح	ps	الشَرْح
الشريفين	ps	الشَريفين
الشيعة	ps	الشيعَة
الظلم	ps	الظَلْم
العجم	ps	العَجْم
العربى	ps	العَرَبِى
العزيز	ps	العَزيز
العلمأ	ps	العَلمَأ
الفتى	ps	الْفتَى
الفخرى	ps	الفخرِى
الفرد	ps	الفَرْد
الفسق	ps	الفَسْق
الفقر	ps	الفَقْر
الفوز	ps	الفُوز
القدير	ps	الْقدير
القرني	ps	القرني
القيم	ps	القَيمْ
الكلي	ps	الكَلي
الل	ps	الْل
المآء	ps	المآء
المدونة	ps	الْمدونَة
المستمر	ps	المُستَمِر
المشوره	ps	المشوْره
الملقى	ps	الملقَى
المنذر	ps	المُنذِر
المولد	ps	المَولِد
المیې	ps	المِیې
النجدين	ps	النِجدين
النفير	ps	النُفير
الهې	ps	الهې
الوتكودې	ps	الوْتكودې
الوتنوم	ps	الوْتنوم
الوتکوتر	ps	الوْتکوتر
الوتکی	ps	الوْتکی
الوحيدة	ps	الوْحيدة
الوزيدلي	ps	الوْزيدلي
الول	ps	الوْل
الکبر	ps	الکَبْر
الکثير	ps	الکَثير
الکسندر	ps	الکَسَندَر
الکندي	ps	الکَندي
الکیټریکس	ps	الکیټریکْس
الیقین	ps	الیقین
امتى	ps	امَتِى
امدن	ps	امدن
امرت	ps	امَرت
امردکلي	ps	امردکلي
امره	ps	امَره
امروكړچي	ps	امروْكْړْچي
امريکي	ps	امريکي
امریه	ps	امرَیه
املو	ps	امَلُو
امنتي	ps	امَنَتي
امنو	ps	امَنُو
امنېت	ps	امَنېت
امو	ps	امُو
اميبي	ps	اميبي
اميدځکه	ps	اميدْځکه
اميرحبيب	ps	اميرَحَبيب
اميری	ps	اميری
اميلوسره	ps	اميلوسره
امينزي	ps	امينزي
اميه	ps	اميه
امپلیگین	ps	امْپْلیگین
امی	ps	امی
امیردوست	ps	امیردوسْت
امینتي	ps	امینَتي
امېد	ps	امېد
امېرېتونو	ps	امېرېتونُو
انترنيتې	ps	انترنيتې
انتی	ps	انتی
انجلى	ps	انْجْلى
انجنير	ps	انْجْنير
انجينركه	ps	انجينركه
انجیلوکی	ps	انجیلوکی
اندسيمه	ps	انْدسيمه
اندى	ps	اندِى
انديــښــنو	ps	انديــښــنو
انديښنوكې	ps	انديښنوكې
اندکی	ps	انْدْکی
اندیشې	ps	اندیشې
اندیښنود	ps	اندیښنود
اندېښېنې	ps	اندېښېنې
انرژيكي	ps	انْرْژيكي
انستې	ps	انْسْتې
انسولین	ps	انسولین
انيستل	ps	انيسْتْل
انيسي	ps	انيسي
انچې	ps	انچې
انژدي	ps	انْژْدي
انیژدې	ps	انیژدې
اهديکم	ps	اهديکم
اهلی	ps	اهلی
اهيسې	ps	اهيسې
اهۍ	ps	اهۍ
اوبتلي	ps	اوبْتلي
اوبخښه	ps	اوبْخْښه
اوبدبیني	ps	اوبْدْبیني
اوبدي	ps	اوبدي
اوبرخې	ps	اوبْرْخې
اوبرکتمن	ps	اوبْرْکْتْمن
اوبرې	ps	اوبرې
اوبش	ps	اوبْش
اوبشپړو	ps	اوبْشْپْړو
اوبــری	ps	اوبــری
اوبــو	ps	اوبْــو
اوبمونو	ps	اوبمونو
اوبي	ps	اوبي
اوبيړنۍ	ps	اوبيړنۍ
اوبګړۍ	ps	اوبْګْړۍ
اوبیخلن	ps	اوبیخلَن
اوبیمه	ps	اوبیمه
اوبېا	ps	اوبېا
اوترلمر	ps	اوترْلْمَر
اوترټولوبده	ps	اوترټولوبده
اوترڅو	ps	اوترڅُو
اوترکيی	ps	اوترکِيی
اوتفریطه	ps	اوتفریطه
اوتوليدله	ps	اوتوليدله
اوتګلوري	ps	اوتْګْلوري
اوتیریدنې	ps	اوتیریدنې
اوتېزتګ	ps	اوتېزتګ
اوثمره	ps	اوثْمْره
اوجبه	ps	اوجبه
اوجرم	ps	اوجرَم
اوخرڅول	ps	اوخْرْڅول
اوخليلې	ps	اوخليلې
اوخلکوګټې	ps	اوخْلکوګَټې
اوخوب	ps	اوخوب
اوخوندلري	ps	اوخونْدْلَري
اوخوښه	ps	اوخوښه
اوخپريدل	ps	اوخْپْريدَل
اوخپلوکوروته	ps	اوخْپْلوکوروته
اودبزک	ps	اودبَزْک
اودبشري	ps	اودبَشري
اودتحت	ps	اودتَحْت
اودرندې	ps	اودَرندې
اودزحمت	ps	اودَزْحمت
اودستورنه	ps	اودسْتوْرْنه
اودسرزیان	ps	اودَسرزیان
اودسیسي	ps	اودسیسي
اودشر	ps	اودشر
اودموظف	ps	اودمَوظَف
اودنس	ps	اودنَس
اودنوموړې	ps	اودنوموړې
اودټولني	ps	اودټولني
اودپ	ps	اودْپ
اودپردي	ps	اودْپْرْدي
اودپولیسو	ps	اودپولیسو
اودڅه	ps	اودڅه
اودډول	ps	اودډول
اوربيس	ps	اوربيس
اورحمت	ps	اورْحْمت
اوردو	ps	اوردُو
اوروحی	ps	اوروحی
اوروزلي	ps	اوروزلي
اورولم	ps	اورولَم
اوروچي	ps	اوروچي
اوروښتونو	ps	اوروښتونو
اوريدئ	ps	اوريدئ
اوريزړه	ps	اوريزړه
اوريوتر	ps	اورِيوتَر
اورپکی	ps	اورْپْکی
اورښتني	ps	اورْښْتْني
اورکندې	ps	اورْکْنْدې
اوسترګوله	ps	اوسْتْرګوله
اوستونزمنې	ps	اوستونْزمَنې
اوسخ	ps	اوسْخ
اوسده	ps	اوسده
اوسربند	ps	اوسربنْد
اوسرقلفي	ps	اوسرقُلفي
اوسليم	ps	اوسليم
اوسمسوره	ps	اوسمسوره
اوسنت	ps	اوسَنْت
اوسندري	ps	اوسَنْدْري
اوسنۍملی	ps	اوسَنۍملی
اوسيندددې	ps	اوسينْدْدْدې
اوسپــــين	ps	اوسپْــــين
اوسپنیزو	ps	اوسْپنیزو
اوسپيتوب	ps	اوسپيتوب
اوسپېرې	ps	اوسپېرې
اوسړې	ps	اوسړې
اوسیدلې	ps	اوسیدلې
اوسیرت	ps	اوسیرْت
اوسیمی	ps	اوسیمی
اوسییږ	ps	اوسِییږ
اوسېدلوله	ps	اوسېدلوله
اوشتمنو	ps	اوشْتْمنو
اوشخصی	ps	اوشْخصی
اوشرم	ps	اوشْرْم
اوشك	ps	اوشْك
اوشميرني	ps	اوشميرني
اوشو	ps	اوشو
اوشوكت	ps	اوشوكْت
اوشیرزې	ps	اوشیرزې
اوصرف	ps	اوصَرْف
اوصلو	ps	اوصَلو
اوكرنې	ps	اوكْرنې
اوكفرۍ	ps	اوكْفْرۍ
اوكلي	ps	اوكلي
اوكورونوكې	ps	اوكورونوكې
اوكيسې	ps	اوكيسې
اوكړه	ps	اوكړه
اولسمشر	ps	اولْسْمْشر
اولسن	ps	اولْسْن
اولسوورځو	ps	اولسوورْځو
اولميرت	ps	اولميرت
اولیتو	ps	اولیتو
اومدرسه	ps	اومدْرسه
اومرستي	ps	اومَرستي
اومرکي	ps	اومرکي
اومزې	ps	اومَزې
اومستقیمه	ps	اومسْتقیمه
اومسلې	ps	اومسلې
اومشقتونه	ps	اومشقتونه
اومطلب	ps	اومَطَلب
اومفکورو	ps	اومْفکورو
اومقبره	ps	اومَقبره
اومقننه	ps	اومقْننه
اوموسکند	ps	اوموسکنْد
اوموټرترې	ps	اوموټرْتْرې
اومينه	ps	اومينه
اومچ	ps	اومچ
اومړينی	ps	اومړينی
اومیند	ps	اومینْد
اومېد	ps	اومېد
اونجونې	ps	اونَجونې
اونزله	ps	اونَزَله
اونصيحت	ps	اونَصيحَت
اونظريات	ps	اونَظَريات
اونفل	ps	اونَفَل
اونلي	ps	اونَلي
اوننی	ps	اونَنی
اونور	ps	اونوْرْ
اوني	ps	اوني
اونيستمن	ps	اونيسْتْمن
اونيکي	ps	اونيکي
اونیم	ps	اونیم
اونېكې	ps	اونېكې
اوهسکې	ps	اوهسْکې
اوهم	ps	اوهم
اوهومره	ps	اوهومره
اووتلي	ps	اووتْلي
اووحشت	ps	اووحْشْت
اووښتى	ps	اووښتِى
اووګوری	ps	اووګوری
اووینځو	ps	اووینځو
اوټولنیزه	ps	اوټولَنیزه
اوټوټې	ps	اوټوټې
اوټيټ	ps	اوټيټ
اوټکول	ps	اوټکول
اوپت	ps	اوپْت
اوپخو	ps	اوپخو
اوپرته	ps	اوپْرْته
اوپرديسى	ps	اوپْرْديسى
اوپښتني	ps	اوپښْتني
اوپښی	ps	اوپَښی
اوپیسی	ps	اوپیسی
اوپیښلیک	ps	اوپیښَلیک
اوپېښوترسره	ps	اوپېښوترْسره
اوځمکه	ps	اوځَمَکه
اوځينونورو	ps	اوځينونورو
اوڅر	ps	اوڅر
اوڅرګند	ps	اوڅرګنْد
اوڅلور	ps	اوڅلور
اوڅوكۍ	ps	اوڅوكۍ
اوڅوځلي	ps	اوڅوځَلي
اوڅيړنې	ps	اوڅيړَنې
اوڅښې	ps	اوڅَښې
اوڅېړنیزی	ps	اوڅېړَنیزی
اوچتولو	ps	اوچَتولو
اوچتیده	ps	اوچَتیده
اوچــــته	ps	اوچَــــته
اوچينل	ps	اوچينَل
اوچیرې	ps	اوچیرې
اوډسپلینو	ps	اوډْسْپْلینُو
اوډم	ps	اوډْم
اوډولوسم	ps	اوډولوسم
اوډيرښه	ps	اوډيرښه
اوډیرخلګ	ps	اوډیرْخلګ
اوډیری	ps	اوډیری
اوړد	ps	اوړْد
اوړني	ps	اوړَني
اوړې	ps	اوړې
اوږدولونه	ps	اوږدولونه
اوږدوکښې	ps	اوږدوکښې
اوږديږيروڼي	ps	اوږديږيروڼي
اوږدۍ	ps	اوږدۍ
اوږمدتي	ps	اوږمدتي
اوژبنيز	ps	اوژْبنيز
اوښكې	ps	اوښكې
اوکرزې	ps	اوکْرْزې
اوکسلت	ps	اوکْسْلْت
اوکو	ps	اوکُو
اوکچیري	ps	اوکچیري
اوککړ	ps	اوککْړ
اوګرد	ps	اوګَرْد
اوګرويګنې	ps	اوګرويګنې
اوګير	ps	اوګير
اوګډ	ps	اوګْډ
اوګړي	ps	اوګړي
اوگډون	ps	اوگډون
اویه	ps	اویه
اویوبی	ps	اویوبی
ايستلۍ	ps	ايسْتلۍ
ايستيتيکه	ps	ايستيتيکه
ايشوله	ps	ايشوله
ايښــــى	ps	ايښــــى
ايښودې	ps	ايښودې
ايښيدي	ps	ايښيدي
ايکرونه	ps	ايکرونه
ايکه	ps	ايکه
اټكلېدلى	ps	اټْكْلېدلى
اټنونو	ps	اټنونو
اپ	ps	اپ
اپرزیدو	ps	اپْرْزیدو
اپرچونیستۍ	ps	اپْرْچونیستۍ
اپرېدی	ps	اپرېدی
اپورتونیستو	ps	اپورتونیستو
اپوښتنه	ps	اپوښْتنه
اپيني	ps	اپيني
اپیم	ps	اپیم
اڅك	ps	اڅْك
اچتولو	ps	اچتولو
اچولوڅخه	ps	اچولوڅخه
اچوونو	ps	اچوونو
اډه	ps	اډه
اډونه	ps	اډونه
اډيسن	ps	اډيسن
اړخيزتوب	ps	اړخيزتوب
اړخیزي	ps	اړخیزي
اړمن	ps	اړمن
اړځيز	ps	اړځيز
اړکړی	ps	اړْکْړی
اړیم	ps	اړیم
اړیکـه	ps	اړیکْـه
اړیکی	ps	اړیکی
اړېنې	ps	اړېنې
اښتنې	ps	اښتُنې
اښکته	ps	اښْکته
اکبر	ps	اکبر
اکبري	ps	اکْبري
اکر	ps	اکْر
اکرو	ps	اکرو
اکسرې	ps	اکْسْرې
اکـــــرم	ps	اکـــــرم
اکمي	ps	اکمي
اکړې	ps	اکړې
اکېډيمۍ	ps	اکېډيمۍ
اګرمرګ	ps	اګْرْمرْګ
اګزودس	ps	اګزودس
اگرچی	ps	اگْرْچی
اڼريزي	ps	اڼريزي
اڼی	ps	اڼی
ایکس	ps	ایکْس
ایکړ	ps	ایکْړ
اېکو	ps	اېکو
بآندي	ps	بآندي
بب	ps	بب
ببرسري	ps	ببْرْسري
ببرڅڼو	ps	ببْرْڅڼو
ببوکي	ps	ببوکي
بتول	ps	بتول
بثی	ps	بثی
بجلي	ps	بجلي
بجوجمعـــــه	ps	بجوجمعْـــــه
بجېدرېم	ps	بجېدرېم
بحري	ps	بَحري
بحق	ps	بَحْق
بخته	ps	بخَته
بخشنه	ps	بخْشْنه
بخط	ps	بخْط
بخملو	ps	بخْمْلو
بخڅه	ps	بخڅه
بخیر	ps	بخیر
بدبيني	ps	بدبيني
بدترينه	ps	بدْترينه
بدختۍ	ps	بدْخْتۍ
بدري	ps	بدري
بدسر	ps	بدسر
بدلمنو	ps	بدَلْمنو
بدلى	ps	بدَلِى
بدليدی	ps	بدَليدی
بدلیدو	ps	بدَلیدُو
بدلېدو	ps	بدَلېدُو
بدنيتۍ	ps	بدَنيتۍ
بدوردو	ps	بدوردُو
بدون	ps	بدون
بدګڼي	ps	بَدْګْڼي
بدیلې	ps	بَدیلې
بذكر	ps	بَذْكْر
برتر	ps	بْرْتْر
برخر	ps	بْرْخر
برخلیک	ps	بْرْخْلیک
برد	ps	بَرْد
برسند	ps	برَسنْد
برسیرنو	ps	برَسیرنو
برلور	ps	بَرلور
برمك	ps	بَرمَك
برنوشته	ps	برنوشته
بره	ps	بره
بروسل	ps	بَروسَل
برون	ps	بَرون
بريدة	ps	بْريدَة
بريددي	ps	بْريددي
بريدمخه	ps	بْريدْمْخه
بريدپيل	ps	بْريدپيل
بريمنه	ps	بْريمَنه
بريښول	ps	بْريښول
برچى	ps	بَرچِى
برښېدله	ps	برښېدَله
برګزیده	ps	برْګْزیده
برگـذ	ps	بَرْگْـذ
بریال	ps	بریال
بریدونوته	ps	بْریدونوته
بریدپه	ps	بْریدپه
بریدګر	ps	بْریدْګْر
بریلیکونو	ps	بْریلیکونو
بریښیدله	ps	بْریښیدله
برېښلیک	ps	بْرېښلیک
برېښنيک	ps	بْرېښنيک
برېښېدلى	ps	بْرېښېدلِى
بزرگترین	ps	بْزَرگَترین
بزنس	ps	بْزْنْس
بزک	ps	بْزْک
بسترؤ	ps	بسْترؤ
بسترى	ps	بسْترِى
بستریز	ps	بسْتریز
بسر	ps	بسَر
بســـــــــم	ps	بسْـــــــــم
بسم	ps	بسْم
بسه	ps	بسه
بسپنی	ps	بسْپنی
بسیم	ps	بسیم
بشتل	ps	بشتل
بشرد	ps	بشْرْد
بشردوستې	ps	بشْرْدوستې
بشلې	ps	بشلې
بشپـړ	ps	بشپـړ
بشپړد	ps	بشپړْد
بشپړكړ	ps	بشپړكړ
بشپړي	ps	بشْپړي
بشپړیدی	ps	بشْپړیدی
بشکیک	ps	بشکیک
بصره	ps	بصره
بعدي	ps	بعَدي
بعمل	ps	بعَمل
بـخـته	ps	بـخـته
بـسكله	ps	بـسْكله
بــرتــري	ps	بــرْتــري
بـــره	ps	بـــره
بــــــ	ps	بــــــ
بـــــــدله	ps	بـــــــدله
بــــــــــــــــــــې	ps	بِــــــــــــــــــــې
بــــــــــــی	ps	بِــــــــــــی
بــــــــل	ps	بــــــــل
بـــــې	ps	بِـــــې
بـــه	ps	بْـــه
بـــې	ps	بْـــې
بــه	ps	بْــه
بــڼــــود	ps	بــڼْــــود
بـوتلــم	ps	بْـوتَلــم
بـیان	ps	بْـیان
بـېشــكه	ps	بْـېشــكه
بقدرت	ps	بقْدرت
بقول	ps	بقول
بكرزى	ps	بكْرْزِى
بكى	ps	بكِى
بلـــــــخ	ps	بلَـــــــخ
بللی	ps	بلَلی
بلنچيت	ps	بلَنچيت
بلوسېدل	ps	بْلوسېدل
بلوي	ps	بْلُوي
بلير	ps	بْلير
بلکۀ	ps	بْلْکۀ
بلیدل	ps	بْلیدل
بمی	ps	بمی
بنبې	ps	بَنبې
بندديکت	ps	بَنْدْديکْت
بندو	ps	بَندُو
بنديدکت	ps	بنديدکت
بندښت	ps	بنْدْښْت
بندېده	ps	بندېده
بنستيز	ps	بنْسْتيز
بنو	ps	بنو
بنوکښې	ps	بنوکښې
بنټه	ps	بنټه
بىبى	ps	بِىبِى
بياځلې	ps	بياځلې
بيبي	ps	بيبي
بيخبرو	ps	بيخْبْرو
بيرج	ps	بيرْج
بيرق	ps	بيرْق
بيسين	ps	بيسين
بيشك	ps	بيشك
بيــــــرته	ps	بيــــــرته
بيكن	ps	بيكَن
بيلولو	ps	بيلولو
بيلگی	ps	بيلگی
بټنې	ps	بْټْنې
بټی	ps	بټی
بڅی	ps	بڅی
بچنين	ps	بَچنين
بچیله	ps	بَچیله
بړستنو	ps	بَړْسْتنو
بړوچ	ps	بْړوچ
بړیڅو	ps	بْړیڅو
بکسه	ps	بکسه
بکلی	ps	بَکلی
بګرد	ps	بِګرد
بگټي	ps	بِگټي
بڼي	ps	بڼي
بڼې	ps	بڼې
بیاکوم	ps	بیاکوْمْ
بیبي	ps	بیبي
بیتۍ	ps	بیتۍ
بیخ	ps	بیخ
بیخې	ps	بیخې
بیدون	ps	بیدوْنْ
بیرحمه	ps	بیرْحْمه
بیریږي	ps	بیریږي
بیستره	ps	بیسْتْره
بیــــړه	ps	بیــــړه
بیله	ps	بیله
بیلچو	ps	بیلچو
بیلیدت	ps	بیلیدْت
بیمه	ps	بیمه
بینی	ps	بینی
بیړنی	ps	بیړنی
بیکټ	ps	بیکْټ
بېتينه	ps	بېتينه
بېخبرۍ	ps	بېخْبْرۍ
بېخوندۍ	ps	بېخوندۍ
بېدردو	ps	بېدْرْدو
بېرولی	ps	بېرولی
بېريږي	ps	بېريږي
بېشرمۍ	ps	بېشْرْمۍ
بېطرفو	ps	بېطرَفو
بېلر	ps	بېلْر
بېلګه	ps	بېلګه
بېلې	ps	بېلې
بېند	ps	بېنْد
بېه	ps	بېه
بېژن	ps	بېژْن
بېګــ	ps	بېګْــ
بېگم	ps	بېگم
تؤدي	ps	تؤدي
تبخېر	ps	تَبخېر
تبدیل	ps	تَبدیل
تبريك	ps	تَبريك
تبصری	ps	تَبْصری
تبيت	ps	تَبيت
تبۍ	ps	تَبۍ
تتعبيريږې	ps	تَتَعبيريږې
تث	ps	تَث
تجربو	ps	تَجْرْبُو
تجريدي	ps	تَجريدي
تجزع	ps	تَجزُع
تجع	ps	تَجَع
تحديد	ps	تَحديد
تحريردې	ps	تَحريردې
تحریب	ps	تَحریب
تحریکوي	ps	تَحریکُوي
تحــــفو	ps	تَحــــفُو
تحقيقه	ps	تحقيقه
تحقېق	ps	تَحقېق
تحليلوي	ps	تَحليلُوي
تحلیل	ps	تَحلیل
تحميدي	ps	تَحميدي
تحيق	ps	تَحيق
تخنوي	ps	تخنُوي
تخنيکونو	ps	تخنيکونو
تخنیکو	ps	تخنیکو
تخي	ps	تخي
تدبي	ps	تدبي
تدبیرش	ps	تدبیرْش
تدريج	ps	تدريج
تدريسېدل	ps	تدريسېدل
تدریسیږي	ps	تدریسیږي
تذريقول	ps	تذريقول
تذکر	ps	تذکر
تذکیره	ps	تذکیره
تربدترو	ps	تربدْتْرو
تربرید	ps	ترْبرید
تربلي	ps	ترْبلي
تربورڅيرمه	ps	تربورڅيرمه
ترتحقيق	ps	ترتحقيق
ترتن	ps	ترتن
ترجم	ps	ترجم
تردولسم	ps	تردُولْسم
ترديدکړيدې	ps	ترديدْکْړيدې
تردېد	ps	تردېد
ترستونې	ps	ترْسْتونې
ترسرشوه	ps	ترسرْشوه
ترسمندره	ps	ترْسمنْدْره
ترسید	ps	ترسید
ترشيش	ps	ترشيش
ترصبح	ps	ترصبْح
ترفقر	ps	ترْفْقر
ترقـــــــی	ps	ترقِـــــــی
تركت	ps	تركت
تركونړه	ps	تركونړه
تركړى	ps	ترْكْړى
ترلسوپوري	ps	ترْلْسوپوري
ترليدو	ps	ترليدو
ترمذي	ps	ترْمْذي
ترمز	ps	ترْمْز
ترمشره	ps	ترْمشَره
ترمور	ps	ترمور
ترمينو	ps	ترمينو
ترمړینی	ps	ترْمْړینی
ترنتیف	ps	ترْنتیف
ترنوروښه	ps	ترنوروښه
تروخت	ps	تروخْت
ترورزیم	ps	ترورزیم
تروريزم	ps	تروريزْم
تروريسي	ps	تروريسي
تروریریزم	ps	تروریریزْم
تروسې	ps	تروسې
ترياق	ps	تْرياق
تريوه	ps	تْريوه
ترپزي	ps	ترْپزي
ترپلټنې	ps	ترْپلَټَنې
ترپولو	ps	ترپولو
ترڅنکه	ps	ترْڅْنکه
ترڅوخپلی	ps	ترڅوخْپلی
ترڅوددی	ps	ترڅوددی
ترڅوله	ps	ترڅوله
ترڅوپه	ps	ترڅوپه
ترڅکي	ps	ترْڅکي
ترښه	ps	ترښه
ترکت	ps	ترْکْت
ترکلي	ps	ترْکْلي
ترکمني	ps	ترْکْمْني
ترکورنې	ps	ترکورنې
ترکېبې	ps	ترکېبې
ترګټويې	ps	ترْګْټويې
تریتین	ps	تْریتین
تریوحده	ps	تْرِیوحده
ترېريږم	ps	تْرېريږم
تسأل	ps	تْسَأل
تسبيحو	ps	تْسبيحو
تسـأله	ps	تْسـأله
تسلسلي	ps	تْسلْسلي
تسليمږي	ps	تسليمږي
تسلیمۍ	ps	تسلیمۍ
تسمو	ps	تسمو
تسکين	ps	تسکين
تشخب	ps	تشخب
تشددي	ps	تشْددي
تشوي	ps	تشوي
تشیال	ps	تشیال
تصــــــــور	ps	تصَــــــــور
تطبيقي	ps	تَطبيقي
تطبېق	ps	تَطبېق
تظمين	ps	تَظمين
تعبي	ps	تَعبي
تعدی	ps	تَعدی
تعرضه	ps	تعْرضه
تعص	ps	تَعْص
تعصبونودله	ps	تعْصبونودله
تعضیم	ps	تَعضیم
تعــلیم	ps	تَعــلیم
تعقيبوم	ps	تَعقيبوم
تعلمي	ps	تَعلَمي
تعملون	ps	تَعمَلوْنْ
تعميرونه	ps	تعميرونه
تـــا	ps	تِـــا
تـــــجـــربې	ps	تـــــجـــرِبې
تـــــــا	ps	تِـــــــا
تـــــــــــ	ps	تـــــــــــ
تـــــــــــــــــــــــــــود	ps	تْـــــــــــــــــــــــــــود
تـــــــــــــور	ps	تْـــــــــــــور
تـــــــــه	ps	تْـــــــــه
تـــــــړلي	ps	تـــــــړلي
تـــــم	ps	تـــــم
تـــــړون	ps	تـــــړون
تـــو	ps	تْـــو
تـــیریم	ps	تْـــیریم
تــه	ps	تْــه
تـقـدیــر	ps	تَـقـدیــر
تـوري	ps	تْـوري
تفتیده	ps	تفتیده
تفرقوته	ps	تفْرقوته
تفریط	ps	تَفریط
تفسيرد	ps	تَفسيرْد
تفسيري	ps	تَفسيري
تفسیرونو	ps	تَفسیرونو
تفصيلي	ps	تَفصيلي
تفعل	ps	تَفعل
تقدير	ps	تَقدير
تقدیرپه	ps	تقدیرپه
تقريرسره	ps	تقريرْسْره
تقسيميږی	ps	تَقسيميږی
تقليدي	ps	تَقليدي
تقنین	ps	تَقنین
تكريت	ps	تَكريت
تكلفه	ps	تكَلَفه
تلــــــــه	ps	تلْــــــــه
تلفو	ps	تَلفو
تلقینولو	ps	تَلقینولو
تللــي	ps	تَللِــي
تللينو	ps	تَللينو
تلمس	ps	تَلمَس
تلودی	ps	تَلودی
تلولی	ps	تَلولی
تلينې	ps	تلينې
تلیفونوپه	ps	تلیفونوپه
تمديديږي	ps	تَمديديږي
تمریني	ps	تمَریني
تممخ	ps	تمَمخ
تمونه	ps	تمونه
تميمه	ps	تميمه
تمځـي	ps	تمځِـي
تمیزنه	ps	تمیزنه
تنب	ps	تنْب
تنه	ps	تنه
تنوڅخه	ps	تنوڅَخه
تنکـي	ps	تنَکِـي
توبلى	ps	توبلِى
توجه	ps	توجه
توجیح	ps	توجیح
توحين	ps	توحين
توخى	ps	توخِى
تودشي	ps	تودشي
تودولو	ps	تودولو
توديعي	ps	توديعي
تودېدو	ps	تودېدو
توربيله	ps	تورَبيله
تورتم	ps	تورَتْم
تورسپر	ps	تورْسْپَر
تورمخ	ps	تورمَخ
تورنتو	ps	تورَنتو
تورنی	ps	تورَنی
توروشپوکې	ps	توروشپوکې
تورټولنې	ps	تورټولنې
تورپوستې	ps	تورپوستې
تورځپل	ps	تورْځپل
تورک	ps	تورْک
تورکو	ps	تورکو
توسط	ps	تَوسُط
توضيح	ps	تَوضيح
توفیقژوندی	ps	توفیقْژوْندی
توكم	ps	توكْم
تولنیزو	ps	تولنیزو
توليزه	ps	توليزه
تولیدیږی	ps	تولیدیږی
تولېدي	ps	تولېدي
توهينولم	ps	توهينولم
توپو	ps	توپو
توپيردى	ps	توپيردِى
توپيره	ps	توپيره
توپک	ps	توپْک
توپکیان	ps	توپکیان
توکمېزې	ps	توکمېزې
توکودکرلو	ps	توکودکرلو
توکوي	ps	توکوي
توګو	ps	توګو
توگې	ps	توگې
تيركې	ps	تيركې
تيرکــــړي	ps	تيرْکْــــړي
تيزودتيزۍ	ps	تيزودتيزۍ
تيشه	ps	تيشه
تيله	ps	تيله
تيګونه	ps	تيګونه
تپلو	ps	تَپلو
تپونو	ps	تَپونو
تړن	ps	تړَن
تړپېدل	ps	تړَپېدَل
تښتولوکې	ps	تښتولوکې
تښتونو	ps	تښتونو
تښتونکې	ps	تښتونُکې
تښتيدوته	ps	تښتيدوته
تښټونه	ps	تښټونه
تکبيرونه	ps	تکَبيرونه
تکتيکونو	ps	تکَتيکونو
تکلم	ps	تَکلَم
تکمیله	ps	تَکمیله
تکنيک	ps	تَکنيک
تکون	ps	تَکون
تکیه	ps	تَکیه
تګلوری	ps	تَګلوری
تڼی	ps	تَڼی
تیرشو	ps	تیرشُو
تیرول	ps	تیرول
تیرکلونه	ps	تیرْکْلونه
تیریږ	ps	تیریږ
تیرې	ps	تیرې
تیلفون	ps	تیلفون
تیلي	ps	تیلي
تیږه	ps	تیږه
تیکریټ	ps	تیکریټ
تې	ps	تې
تېرله	ps	تېرله
تېروتلي	ps	تېروتلي
تېرولوڅخه	ps	تېرولوڅخه
تېروک	ps	تېروک
تېريږی	ps	تېريږی
تېریږی	ps	تېریږی
تېرېدم	ps	تېرېدَم
تېزو	ps	تېزو
تېلفوني	ps	تېلفوني
ثبو	ps	ثبو
ثروتم	ps	ثروتم
ثقل	ps	ثقل
ثمرگل	ps	ثمرگل
ثیل	ps	ثیل
جبل	ps	جبل
جبینه	ps	جبینه
ججه	ps	ججه
جدول	ps	جدول
جدیت	ps	جدیت
جذب	ps	جَذْب
جرتي	ps	جَرَتي
جرمن	ps	جَرمَن
جرمنی	ps	جرْمنی
جرمونوله	ps	جرمونوله
جرنيلي	ps	جرنيلي
جريدي	ps	جريدي
جرګى	ps	جرګى
جریکي	ps	جریکي
جزيرة	ps	جَزيرَة
جستي	ps	جَستي
جسم	ps	جَسْم
جسون	ps	جَسون
جعلې	ps	جَعَلې
جـــــرس	ps	جَـــــرَس
جكړه	ps	جكړه
جلدکې	ps	جلْدکې
جلند	ps	جلْنْد
جلوه	ps	جلوه
جلينيک	ps	جلينيک
جمردو	ps	جمردُو
جمعين	ps	جمعين
جملې	ps	جملې
جموعی	ps	جَموعی
جنبشله	ps	جنبشله
جنبې	ps	جنبې
جنتونه	ps	جنَتونه
جنتۍ	ps	جنَتۍ
جنرېټورونو	ps	جنرېټورونو
جنش	ps	جنْش
جنيدي	ps	جِنيدي
جنین	ps	جَنین
جوت	ps	جوت
جوتیږې	ps	جوتیږې
جوختېدوس	ps	جوختېدوس
جوریژی	ps	جوریژی
جوزګون	ps	جوزګون
جولوړو	ps	جولوړو
جولین	ps	جولین
جومه	ps	جومه
جونو	ps	جونو
جوهي	ps	جوهي
جوټې	ps	جوټې
جوړئی	ps	جوړئی
جوړحق	ps	جوړحق
جوړسی	ps	جوړسی
جوړشوي	ps	جوړشوي
جوړكړ	ps	جوړْكْړ
جوړكړيدي	ps	جوړْكْړيدي
جوړنشو	ps	جوړْنشو
جوړو	ps	جوړو
جوړولو	ps	جوړولو
جوړولود	ps	جوړولود
جوړولوله	ps	جوړولوله
جوړولوکې	ps	جوړولوکې
جوړيد	ps	جوړيد
جوړيدو	ps	جوړيدو
جوړيدوپه	ps	جوړيدوپه
جوړيږه	ps	جوړيږه
جوړپه	ps	جوړپه
جوړښتونو	ps	جوړْښْتونو
جوړکي	ps	جوړکي
جوړی	ps	جوړی
جوړیدوته	ps	جوړیدوته
جوړیږو	ps	جوړیږو
جوړېدنه	ps	جوړېدَنه
جوړېدونکي	ps	جوړېدونَکي
جوگه	ps	جوگه
جى	ps	جِى
جيبونه	ps	جيبونه
جيرمي	ps	جيرمي
جيفې	ps	جيفې
جيلونه	ps	جيلونه
جيمى	ps	جيمِى
جيهلم	ps	جيهلَم
جټکه	ps	جْټْکه
جړۍ	ps	جْړۍ
جګـــــړې	ps	جګـــــړې
جګوړې	ps	جګوړې
جګړود	ps	جګړود
جګړيزى	ps	جګړيزى
جګړیږ	ps	جګړیږ
جګېدل	ps	جګېدل
جگو	ps	جگو
جگړة	ps	جگړة
جگړووروسته	ps	جگړُووروسته
جگړې	ps	جگړې
جیرسي	ps	جیرسي
جیمز	ps	جیمْز
جینۍ	ps	جینۍ
جیچي	ps	جیچي
جۍ	ps	جۍ
جېکب	ps	جېکْب
حبس	ps	حبْس
حبل	ps	حبْل
حبيبك	ps	حبيبك
حبیبزی	ps	حبیبَزی
حتمى	ps	حتَمى
حثې	ps	حثې
حجم	ps	حجْم
حدثني	ps	حدثِني
حديبيى	ps	حديبيى
حربي	ps	حربي
حركته	ps	حرْكْته
حسولى	ps	حسولِى
حسينى	ps	حسينِى
حسېن	ps	حسېن
حشرې	ps	حشرې
حصلينو	ps	حصلينو
حض	ps	حض
حضرموت	ps	حضْرْموت
حضوري	ps	حضوري
حضيرې	ps	حضيرې
حـــــــسن	ps	حـــــــسن
حـل	ps	حـل
حقجو	ps	حقجو
حقر	ps	حقْر
حقمله	ps	حقْمله
حقیقیت	ps	حَقیقیت
حكمته	ps	حكْمته
حكومت	ps	حكومت
حكومتپه	ps	حكومتپه
حلف	ps	حلْف
حلقی	ps	حلقی
حليدلې	ps	حليدلې
حلیمه	ps	حلیمه
حلېږي	ps	حلېږي
حمدآصف	ps	حمْدآصف
حمض	ps	حَمْض
حمو	ps	حَمُو
حميدلله	ps	حميدلله
حنفى	ps	حَنفِى
حنیفه	ps	حنیفه
حيات	ps	حيات
حيثيته	ps	حيثيته
حيصيت	ps	حَيصيت
حپ	ps	حَپ
حکمت	ps	حُکمَت
خبركړ	ps	خبرْكْړ
خبره	ps	خبَره
خبروخت	ps	خبروخُت
خبروسره	ps	خبروسَره
خبروله	ps	خبروله
خبرونو	ps	خبرونُو
خبروکي	ps	خبروکي
خبريم	ps	خبريم
خبرکړم	ps	خْبرْکْړم
خبری	ps	خْبری
خبرې	ps	خْبرې
خبرېدم	ps	خْبرېدم
خبــري	ps	خْبــري
خبـــــــــري	ps	خْبـــــــــري
خبيس	ps	خْبيس
ختمولوته	ps	ختمولوته
ختمېده	ps	ختمېده
ختنه	ps	ختنه
ختيځوسيمو	ps	ختيځوسيمو
ختځوسيموكې	ps	ختځوسيموكې
ختیز	ps	خَتیز
خديو	ps	خدِيو
خربوني	ps	خْرَبوني
خرخښو	ps	خْرَخښو
خرقی	ps	خْرَقی
خروته	ps	خْرُوته
خروښـــــــــــــيږيد	ps	خْرَوښْـــــــــــــيږيد
خرځونې	ps	خْرځونې
خرڅــوي	ps	خْرڅَــوي
خرڅونې	ps	خرڅونې
خرچونه	ps	خرچونه
خز	ps	خز
خزندو	ps	خزْندو
خسرپه	ps	خسْرْپه
خش	ps	خش
خشم	ps	خشْم
خص	ps	خص
خصوصيات	ps	خصوصيات
خطمه	ps	خطَمه
خطیب	ps	خَطیب
خـــــطـره	ps	خْـــــطـره
خـــــــــــــــــپل	ps	خْـــــــــــــــــپْل
خـــــــــــو	ps	خْـــــــــــو
خــــــــپـــل	ps	خْــــــــپْـــل
خـــــو	ps	خْـــــو
خـــــپلـه	ps	خْـــــپلْـه
خــــوت	ps	خْــــوت
خــــپل	ps	خْــــپل
خــلـــک	ps	خْــلَـــک
خــوب	ps	خْــوب
خــپـ	ps	خْــپْـ
خـفه	ps	خْـفه
خـپـلـــه	ps	خْـپـلْـــه
خفيفه	ps	خفيفه
خقیقت	ps	خقیقت
خلدين	ps	خْلَدين
خلـــــط	ps	خْلَـــــط
خلـکو	ps	خْلُـکو
خلفک	ps	خْلَفَک
خلقيان	ps	خْلقيان
خلك	ps	خْلَك
خلكوبه	ps	خْلكوبه
خلكوسره	ps	خْلكوسره
خلكي	ps	خْلَكي
خلګوبل	ps	خَلګوبل
خلګوپه	ps	خلګوپه
خلیلې	ps	خلیلې
خمیره	ps	خمیره
خنجرپه	ps	خنْجْرْپه
آسو	ps	آسُو
اخښل	ps	اخښل
اسماني	ps	اسماني
البانيا	ps	البانيا
انځور	ps	انځور
اېخ	ps	اېخ
برج	ps	بْرج
بڼکی	ps	بڼکَی
تاو	ps	تاو
جګړه	ps	جګَړه
خېل	ps	خېل
دروستل	ps	دروْستل
دوبی	ps	دوبَی
دی	ps	دَی
رحم	ps	رَحم
زامبه	ps	زامبه
زمرۍ	ps	زْمَرۍ
ساپټ	ps	ساپَټ
سرېښ	ps	سَرېښ
سپی	ps	سْپَی
شرمښ	ps	شرمښ
شين	ps	شين
غاښ	ps	غاښ
غوږ	ps	غوْږ
غپول	ps	غَپَول
ځی	ps	ځَی
لمريز	ps	لْمَريز
لږ	ps	لږ
ماښام	ps	ماښام
مرګری	ps	مَرْګرَی
منځنی	ps	منْځنَی
مېخ	ps	مېخ
ناسم	ps	ناسم
نښتر	ps	نښتَر
ټبر	ps	ټَبَر
پلورل	ps	پْلورل
پټکی	ps	پَټکَی
ځای	ps	ځای
ځوان	ps	ځَوان
څلور	ps	څلوْر
څپلۍ	ps	څَپلۍ
ډوډۍ	ps	ډوډۍ
ښار	ps	ښار
کتاب	ps	کِتاب
کيسۍ	ps	کيسۍ
ګاڼه	ps	ګاڼه
ګېډه	ps	ګېډه
کوي	ps	کُوي
مو	ps	مُو
قرآن	ps	قرآن
سپین	ps	سْپین
ابد	ps	ابْد
ابدى	ps	ابدِى
ابروي	ps	ابرُوي
ابليس	ps	ابليس
ابى	ps	ابِى
ابيل	ps	ابيل
ابیجي	ps	ابیجي
ابېلوبشري	ps	ابېلوبشري
اتروتېر	ps	اتروتېر
اتـــم	ps	اتْـــم
اتفق	ps	اتْفْق
اتلم	ps	اتلَم
اتلولۍ	ps	اتلولۍ
اتموسفیر	ps	اتموسفیر
اتنيموبجوپه	ps	اتنيموبَجوپه
اتول	ps	اتول
اتومسفيرکې	ps	اتومْسْفيرکې
اتوڅخه	ps	اتوڅخه
اتيژيکه	ps	اتيژيکه
اتګ	ps	اتْګ
اتیژی	ps	اتیژی
اث	ps	اث
اثردخپلو	ps	اثَرْدْخْپلو
اثره	ps	اثَره
اثرچي	ps	اثَرچي
اثنینو	ps	اثنینو
اجرآ	ps	اجرآ
اجلونوكي	ps	اجلونوكي
اجينټ	ps	اجينْټ
اجیره	ps	اجیره
احدى	ps	احَدِى
احمدزيب	ps	احمدزيب
احمـــــــــــــــد	ps	احمـــــــــــــــد
اختربې	ps	اختربې
اختردی	ps	اختردی
اختريزې	ps	اخْتريزې
اختل	ps	اختل
اخــــــــترکې	ps	اخــــــــترکې
اخـلـو	ps	اخـلُـو
اخلیخره	ps	اخلیخره
اخيرکي	ps	اخيرکي
اخيسل	ps	اخيسل
اخپله	ps	اخْپله
اخیتسل	ps	اخیتسل
اخیری	ps	اخیری
اخیستلوته	ps	اخیسْتلوته
اخیسته	ps	اخیسته
اخیستوپه	ps	اخیستوپه
اخیسلو	ps	اخیسلو
اخېر	ps	اخېر
ادآ	ps	ادآ
ادت	ps	ادت
ادرسکن	ps	ادرْسْکن
ادرې	ps	ادَرې
ادميت	ps	ادَميت
ادولف	ps	ادَولْف
اديان	ps	اديان
ادیان	ps	ادیان
اذ	ps	اذ
اربشو	ps	ارَبشو
اربو	ps	ارَبو
اربکیان	ps	ارْبکیان
ارتی	ps	ارتی
اردبيلی	ps	ارْدْبيلی
ارزشمن	ps	ارزَشمَن
ارزښتمنده	ps	ارزښْتْمنده
ارزښـــت	ps	ارزَښْـــت
ارزیدله	ps	ارزیدَله
ارسيدو	ps	ارسيدو
ارشی	ps	ارشی
ارلوف	ps	ارلوف
ارمطلق	ps	ارْمْطْلَق
ارمۍ	ps	ارمۍ
ارنيخيلو	ps	ارنيخيلو
اروزول	ps	اروزول
ارينزﺉ	ps	ارينزِﺉ
ارچې	ps	ارچې
ارښتمن	ps	ارْښْتْمَن
ارګه	ps	ارګه
از	ps	از
ازبکی	ps	ازْبْکی
ازدرحق	ps	ازْدْرْحق
ازديگرځم	ps	ازديگرځْم
ازمه	ps	ازمه
ازمويه	ps	ازمويه
ازمېيله	ps	ازمېيله
ازپشت	ps	ازْپْشْت
ازگفته	ps	ازگفته
اسبه	ps	اسبه
اسلحوبريد	ps	اسْلحوبريد
اسلیکولو	ps	اسلیکولو
اسمبلو	ps	اسْمْبْلو
اسمي	ps	اسمي
اسنۍ	ps	اسنۍ
اسوي	ps	اسُوي
اسپنيزو	ps	اسْپنيزو
اسپې	ps	اسپې
اسکندره	ps	اسکنْدره
اسیده	ps	اسیده
اسیمه	ps	اسیمه
اشتوي	ps	اشتوي
اشرفيه	ps	اشرفيه
اصيل	ps	اصيل
اصېل	ps	اصېل
اضه	ps	اضه
اطريشي	ps	اطريشي
اطلس	ps	اطلَس
اطېع	ps	اطېع
اع	ps	اع
اف	ps	اف
افتر	ps	افتَر
افتونوپه	ps	افتونوپه
افرطي	ps	افرَطي
افرین	ps	افرین
افزود	ps	افزود
افسرده	ps	افسرده
افسوس	ps	افسوس
افضلی	ps	افضَلی
افعى	ps	افعِى
افلح	ps	افلَح
افوق	ps	افوْق
افيزر	ps	افيزَر
افیس	ps	افیس
اقتد	ps	اقتَد
اكمل	ps	اكمَل
الآن	ps	الآن
البصیر	ps	البَصیر
الترنتیف	ps	الترنِتیف
التصوف	ps	التصوْفْ
التفكير	ps	التفكير
التمهيد	ps	التمهيد
التوفيق	ps	الْتوْفْيق
الثوري	ps	الْثوْرْي
الجزیره	ps	الْجْزیره
الجنة	ps	الْجنة
الجور	ps	الْجوْرْ
الحجة	ps	الْحجة
الحرب	ps	الحرْب
الحسنه	ps	الْحسَنه
الذيدى	ps	الذيدِى
السبع	ps	الْسْبْع
السمع	ps	الْسْمْع
الشرع	ps	الشَرْع
الشریف	ps	الشَریف
الشيعه	ps	الشيعه
الطبيعة	ps	الطَبيعة
الطلب	ps	الطَلَب
الظلمه	ps	الظَلمه
العجیلي	ps	العَجیلي
العربي	ps	العَرَبي
العزيمة	ps	العَزيمة
الفتي	ps	الْفتي
الفردو	ps	الفَردُو
الفسټن	ps	الفَسټَن
القتل	ps	القَتْل
القرنين	ps	القرنَين
القلق	ps	القَلْق
القيمة	ps	القَيمَة
الكبرى	ps	الكَبرَى
الكليتين	ps	الكَليتَينْ
اللعنة	ps	اللَعنَة
المديد	ps	الْمديد
المسجد	ps	المَسجِد
الملك	ps	المَلِك
المنذري	ps	المُنذِري
المېرت	ps	المېرْت
النبوي	ps	النُبُوي
النجم	ps	النِجْم
النسب	ps	النَسْب
النفيس	ps	النُفيس
الوتكوله	ps	الوْتكوله
الوتکوته	ps	الوْتکوته
الوتکې	ps	الوْتکې
الوحیشی	ps	الوْحیشی
الوزن	ps	الوْزن
الوزير	ps	الوْزير
الوځي	ps	الوْځي
الي	ps	الي
الکبرى	ps	الکُبرَى
الکسې	ps	الکَسې
الیبي	ps	الیبي
الیم	ps	الیم
الیک	ps	الیک
امبې	ps	امبې
امتي	ps	امَتي
امده	ps	امده
امرتر	ps	امَرَتر
امضأ	ps	امضأ
امـــــــــــــــــر	ps	امـــــــــــــــــر
امنتيي	ps	امَنَتيي
امنیزه	ps	امَنیزه
امنېته	ps	امَنېته
اميت	ps	اميت
اميدی	ps	اميدی
اميرحسن	ps	اميرَحَسن
اميرى	ps	اميرِى
اميزه	ps	اميزه
امينزی	ps	امينزی
امپونو	ps	امپونو
امیرپه	ps	امیرپه
امینزی	ps	امینزی
امېدنه	ps	امېدنه
امېزه	ps	امېزه
انجلي	ps	انْجْلي
انجيليټو	ps	انجيليټو
انجينيرته	ps	انجينيرته
انجیلي	ps	انجیلي
انجینرنقشه	ps	انجینرنقشه
انددلته	ps	انددْلته
اندري	ps	انْدري
اندسکوپي	ps	اندسکوپي
اندو	ps	اندُو
اندي	ps	اندي
انديم	ps	انديم
اندکې	ps	انْدْکې
اندینی	ps	اندینی
اندیښنوکې	ps	اندیښنوکې
اندېښم	ps	اندېښْم
انستېتوت	ps	انْسْتېتوت
انند	ps	انْنْد
انوپم	ps	انوپْم
انيت	ps	انيت
انيستله	ps	انيسْتْله
انيسې	ps	انيسې
انژدې	ps	انْژْدې
انیستې	ps	انیستې
انۍ	ps	انۍ
اهلیت	ps	اهلیت
اهې	ps	اهې
اوبتن	ps	اوبتن
اوبدتر	ps	اوبْدْتر
اوبرېتونه	ps	اوبرېتونه
اوبشپړولو	ps	اوبْشْپْړولو
اوبلکل	ps	اوبلکْل
اوبوكښې	ps	اوبوْكْښې
اوبيت	ps	اوبيت
اوبيل	ps	اوبيل
اوبيړې	ps	اوبيړې
اوبډو	ps	اوبډو
اوبڼه	ps	اوبڼه
اوبیدو	ps	اوبیدُو
اوبین	ps	اوبین
اوبېله	ps	اوبېله
اوتأیید	ps	اوتَأیید
اوترکيې	ps	اوترکِيې
اوتسلسل	ps	اوتسلسل
اوتشی	ps	اوتشی
اوتفریق	ps	اوتفریق
اوتوپير	ps	اوتوپير
اوتيزه	ps	اوتيزه
اوتیرې	ps	اوتیرې
اوتېزي	ps	اوتېزي
اوثمرې	ps	اوثْمْرې
اوجرمني	ps	اوجرَمني
اوخرڅولي	ps	اوخْرْڅولي
اوخلف	ps	اوخلَف
اوخلک	ps	اوخلِک
اوخوري	ps	اوخوري
اوخوښي	ps	اوخوښي
اوخپريدو	ps	اوخْپْريدو
اوخپلوګټوپه	ps	اوخْپْلوګَټوپه
اودبدن	ps	اودبَدْن
اودبشريت	ps	اودبَشريت
اودبن	ps	اودبَن
اودتحصل	ps	اودتَحصَل
اودرنه	ps	اودَرَنه
اودری	ps	اودَری
اودسیسی	ps	اودسیسی
اودشمزی	ps	اودشمزی
اودصفر	ps	اودْصفر
اودمه	ps	اودمه
اودمکتب	ps	اودمَکتَب
اودنبي	ps	اودنَبي
اودنسبی	ps	اودنَسبی
اودنه	ps	اودنه
اودنوروله	ps	اودنوروله
اودنومړي	ps	اودنومړي
اودټولنيز	ps	اودټولنيز
اودپرديسو	ps	اودْپْرْديسو
اودپولې	ps	اودپولې
اودپير	ps	اودپير
اودپښتوپه	ps	اودپَښتوپه
اودڅو	ps	اودڅو
اوربين	ps	اوربين
اوروحې	ps	اوروحې
اوروزلی	ps	اوروزلی
اوروله	ps	اوروله
اورونـه	ps	اورونْـه
اوروچې	ps	اوروچې
اوريدلى	ps	اوريدلِى
اوريدونه	ps	اوريدونه
اوريس	ps	اوريس
اوريورك	ps	اورِيورْك
اوريښتينې	ps	اوريښتينې
اورپکۍ	ps	اورْپْکۍ
اورښتنی	ps	اورْښْتْنی
اورښتین	ps	اورْښْتین
اورکي	ps	اورکي
اوسترګي	ps	اوسْتْرګي
اوستمی	ps	اوسْتمی
اوستونزه	ps	اوستونزه
اوستونځی	ps	اوستونځی
اوسربيره	ps	اوسربيره
اوسركښ	ps	اوسرْكْښ
اوسرور	ps	اوسروْر
اوسطح	ps	اوسَطح
اوســــــم	ps	اوسَــــــم
اوسلګو	ps	اوسْلګُو
اوسمبول	ps	اوسَمبول
اوسمسوري	ps	اوسَمسوري
اوسنتو	ps	اوسَنتُو
اوسندرې	ps	اوسَنْدْرې
اوسنۍنه	ps	اوسَنۍنه
اوسيسې	ps	اوسيسې
اوسپنیزې	ps	اوسْپنیزې
اوسپيره	ps	اوسپيره
اوسږوته	ps	اوسږوته
اوسیدم	ps	اوسیدم
اوسیری	ps	اوسیری
اوسیمییزو	ps	اوسیمِییزو
اوسۍ	ps	اوسۍ
اوسېدلوکې	ps	اوسېدلوکې
اوشخصیت	ps	اوشْخصیت
اوشربة	ps	اوشْرْبَة
اوشرمنده	ps	اوشْرْمنده
اوشميري	ps	اوشميري
اوشوم	ps	اوشوم
اوشيعه	ps	اوشيعه
اوكره	ps	اوكره
اوكليدي	ps	اوكليدي
اوكوڅو	ps	اوكوڅو
اوكيفي	ps	اوكيفي
اوكړولې	ps	اوكړُولې
اولسنیم	ps	اولْسْنیم
اولسوورځوته	ps	اولسوورْځوته
اولمبې	ps	اولْمْبې
اولمپيك	ps	اولْمْپيك
اولید	ps	اولید
اومدرسو	ps	اومدْرسو
اومرستيال	ps	اومَرستيال
اومره	ps	اومَره
اومرکې	ps	اومرکې
اومس	ps	اومس
اومستقیمو	ps	اومسْتقیمو
اومسو	ps	اومَسو
اومشرب	ps	اومَشرْب
اومشكل	ps	اومشكْل
اومطلبي	ps	اومَطَلَبي
اومقنینه	ps	اومقنینه
اوموسکه	ps	اوموسکه
اومولوي	ps	اومولوي
اوموټرجوړولو	ps	اوموټرجوړولو
اوميرمن	ps	اوميرمن
اومډرن	ps	اومْډرن
اومړينې	ps	اومړينې
اومکلف	ps	اومْکلف
اومیده	ps	اومیده
اومېده	ps	اومېده
اونجيب	ps	اونَجيب
اونرسره	ps	اونَرسره
اونصیحت	ps	اونَصیحَت
اونفلونه	ps	اونَفَلونه
اونننی	ps	اونَنَنی
اونه	ps	اونه
اونورمحمد	ps	اونوْرْمَحمَد
اونيکې	ps	اونيکې
اونژدي	ps	اونْژْدي
اونیمرزو	ps	اونیمْرْزو
اونېمگړې	ps	اونېمْگړې
اوهسی	ps	اوهسی
اوهلته	ps	اوهلْته
اووتلی	ps	اووتْلی
اووحشي	ps	اووحْشي
اووس	ps	اووس
اووسلي	ps	اووسلي
اووشپېته	ps	اووشپېته
اووښتىوه	ps	اووښتَىوه
اووګړنیزې	ps	اووګْړْنیزې
اوویر	ps	اوویر
اوټولنيزه	ps	اوټولَنيزه
اوټولنیزو	ps	اوټولَنیزو
اوټوپك	ps	اوټوپَك
اوټيټه	ps	اوټيټه
اوټکولو	ps	اوټکولو
اوپتري	ps	اوپْتْري
اوپرتو	ps	اوپْرْتو
اوپرديو	ps	اوپْرْدَيو
اوپښتنی	ps	اوپښْتنی
اوپښتوپر	ps	اوپښتوپر
اوپښې	ps	اوپَښې
اوپیسې	ps	اوپیسې
اوپیښه	ps	اوپیښه
اوپېښور	ps	اوپېښور
اوځمکوته	ps	اوځَمَکوته
اوځينونوروتوکې	ps	اوځينونوروتوکې
اوڅه	ps	اوڅه
اوڅوم	ps	اوڅوم
اوڅوک	ps	اوڅوک
اوڅیرې	ps	اوڅیرې
اوڅېړنې	ps	اوڅېړَنې
اوچتولوبه	ps	اوچَتولوبه
اوچتیږی	ps	اوچَتیږی
اوچـــــــته	ps	اوچَـــــــته
اوچلېږي	ps	اوچَلېږي
اوچيني	ps	اوچيني
اوډش	ps	اوډْش
اوډولونه	ps	اوډولونه
اوډیرزربه	ps	اوډیرزربه
اوډېروچرګوړو	ps	اوډېروچرګوړو
اوړل	ps	اوړل
اوړنډه	ps	اوړنډه
اوړيدلي	ps	اوړيدَلي
اوړېدو	ps	اوړېدو
اوږدولي	ps	اوږدولي
اوږدوکی	ps	اوږدوکی
اوږدۍتــقــدیــر	ps	اوږدۍتَــقــدیــر
اوږمدتې	ps	اوږمدتې
اوښلن	ps	اوښلن
اوښکـــــــــــــو	ps	اوښکُـــــــــــــو
اوکرسمس	ps	اوکْرْسْمْس
اوکسى	ps	اوکسِى
اوکـــــــه	ps	اوکْـــــــه
اوکلیک	ps	اوکلیک
اوکندې	ps	اوکندې
اوکيديشې	ps	اوکيديشې
اوکچې	ps	اوکچې
اوکیک	ps	اوکیک
اوګرده	ps	اوګرده
اوګروپ	ps	اوګروپ
اوګوند	ps	اوګونْد
اوګڼ	ps	اوګْڼ
اوڼل	ps	اوڼل
اویهودي	ps	اویهودي
اویوشمیرټپیان	ps	اویوشمیرْټْپیان
اياد	ps	اياد
ايزوخلكو	ps	ايزوخَلكو
ايستلې	ps	ايسْتلې
ايسوټ	ps	ايسوْټ
ايشولي	ps	ايشولي
ايښــى	ps	ايښــى
ايښودنې	ps	ايښودَنې
ايښول	ps	ايښول
ايکريت	ps	ايکريت
ايکو	ps	ايکو
اټوم	ps	اټوم
اپدي	ps	اپدي
اپروچ	ps	اپروچ
اپریتر	ps	اپریتر
اپرېدۍ	ps	اپرېدۍ
اپى	ps	اپِى
اپیمو	ps	اپیمو
اځل	ps	اځْل
اچولوکې	ps	اچولوکې
اچي	ps	اچي
اډو	ps	اډو
اډوپه	ps	اډوپه
اډيسون	ps	اډيسون
اړخیزډول	ps	اړخیزډول
اړسي	ps	اړسي
اړمنه	ps	اړْمنه
اړولى	ps	اړوْلى
اړيکشمېرې	ps	اړيکْشْمېرې
اړچي	ps	اړچي
اړین	ps	اړین
اړیکه	ps	اړیکه
اړېينه	ps	اړېينه
اکترنظر	ps	اکترنظْر
اکميت	ps	اکميت
اکښته	ps	اکْښْته
اکېډېمۍ	ps	اکېډېمۍ
اګرنى	ps	اګْرْنى
اګونه	ps	اګونه
اګیزه	ps	اګیزه
اگرکرزی	ps	اگْرْکرزی
اڼۍ	ps	اڼۍ
ایکړه	ps	ایکړه
اییل	ps	اییل
بآندی	ps	بآندی
ببرک	ps	ببرک
ببلي	ps	ببلي
ببوګۍ	ps	ببوګۍ
بتدول	ps	بتَدول
بتفكيك	ps	بتفكيك
بتون	ps	بتون
بجلکو	ps	بجلکو
بحرنی	ps	بَحْرْنی
بحرين	ps	بَحرِينْ
بحقه	ps	بحقه
بحیر	ps	بَحیر
بخدي	ps	بخدي
بخشه	ps	بخشه
بخـت	ps	بخْـت
بخونې	ps	بخونې
بخښ	ps	بخْښ
بخښنو	ps	بخْښنو
بخیزد	ps	بخیزْد
بدبختى	ps	بدبَختِى
بدبينی	ps	بدبينی
بدترينو	ps	بدتَرينو
بدرد	ps	بدرد
بدلمنى	ps	بدَلْمنِى
بدلي	ps	بدَلي
بدليل	ps	بدَليل
بدو	ps	بدو
بدوردې	ps	بدوردې
بدونه	ps	بدونه
بدوڅخه	ps	بدوڅخه
بدین	ps	بَدین
بذل	ps	بَذْل
برئت	ps	برئت
برت	ps	بْرْت
برتره	ps	بْرْتْره
برجوړدی	ps	بْرْجوړدی
برخـــــــــــــــــــــــــه	ps	بْرْخْـــــــــــــــــــــــــه
برخلیکه	ps	بْرْخْلیکه
بررید	ps	بَررید
برسیرنې	ps	برَسیرنې
برقم	ps	بَرقْم
بركة	ps	برَكة
برمل	ps	بَرمَل
برني	ps	بَرني
بروسلز	ps	بَروسَلْز
بروند	ps	بَرونْد
بريدترسره	ps	بْريدْتْرسره
بريدمرګ	ps	بْريدْمْرْګ
بريدوسو	ps	بْريدوسو
بريدپړه	ps	بْريدْپْړه
بريدکي	ps	بْريدکي
بريمنې	ps	بْريمَنې
برچي	ps	بَرچي
برک	ps	بَرْک
برګشت	ps	بَرْګْشَت
برگ	ps	بَرْگ
بریدنه	ps	بْریدنه
بریدڅخه	ps	بْریدْڅْخه
بریدګرو	ps	بْریدْګْرو
بریم	ps	بْریم
بریښ	ps	بْریښ
بریښیده	ps	بْریښیده
برې	ps	بْرې
برېدمن	ps	بْرېدمَن
برېښول	ps	بْرېښول
بزرگد	ps	بْزَرْگْد
بزنش	ps	بْزْنْش
بستري	ps	بسْتري
بستریزه	ps	بسْتریزه
بســـــــــمل	ps	بســـــــــمِل
بسپنې	ps	بسْپنې
بسین	ps	بسین
بشپپړ	ps	بشْپْپړ
بشپړتوب	ps	بشپړتوب
بشپړكړي	ps	بشپړْكړي
بشپړوخت	ps	بشْپړوخْت
بشپړیږي	ps	بشْپړیږي
بشکې	ps	بشکې
بصرى	ps	بصرِى
بصيرة	ps	بصيرَة
بصیرې	ps	بصیرې
بعدپه	ps	بعدپه
بـد	ps	بـد
بـشـپړه	ps	بـشْـپْړه
بــره	ps	بــره
بـــري	ps	بـــري
بـــــــدن	ps	بـــــــدْن
بـــــــــحر	ps	بـــــــــحر
بـــــــــــه	ps	بْـــــــــــه
بــــــې	ps	بِــــــې
بــــل	ps	بــــل
بــــڼ	ps	بــــڼ
بــڼونــه	ps	بــڼونْــه
بـوجۍ	ps	بْـوجۍ
بـېـزو	ps	بْـېـزو
بفریبند	ps	بفریبنْد
بقوله	ps	بقوله
بكره	ps	بكره
بكي	ps	بكي
بلبلي	ps	بلبُلي
بلدنه	ps	بلدنه
بلدکړي	ps	بلدْکْړي
بلــــــــــــــــــــد	ps	بلَــــــــــــــــــــد
بللۍ	ps	بلَلۍ
بلنچیت	ps	بلَنچیت
بلو	ps	بلُو
بلويته	ps	بْلُويته
بلکی	ps	بْلْکی
بلیده	ps	بْلیده
بمنزلة	ps	بمنزَلَة
بمیرند	ps	بمیرنْد
بنت	ps	بَنْت
بندر	ps	بَندَر
بندسي	ps	بَنْدْسي
بنديز	ps	بنديز
بندښه	ps	بنْدْښه
بندېدو	ps	بندېدو
بنستيزه	ps	بنْسْتيزه
بنـــــــم	ps	بنْـــــــم
بنوکې	ps	بنوکې
بنټيزه	ps	بنټيزه
بنډیدو	ps	بنډیدو
بنی	ps	بنی
بنۍ	ps	بنۍ
بي	ps	بي
بياځنی	ps	بياځنی
بياکړه	ps	بياکړه
بيته	ps	بيته
بيختن	ps	بيختن
بيرك	ps	بيرْك
بيس	ps	بيس
بيسده	ps	بيسده
بيشكه	ps	بيشكه
بيكوره	ps	بيكوره
بيلولى	ps	بيلولِى
بيليدې	ps	بيليدې
بيلگې	ps	بيلگې
بينى	ps	بينِى
بټه	ps	بْټه
بچيم	ps	بَچيم
بړبوكى	ps	بَړبوكِى
بړستني	ps	بَړْسْتني
بړي	ps	بْړي
بړیڅي	ps	بْړیڅي
بکسو	ps	بَکسو
بکم	ps	بَکَم
بکي	ps	بَکي
بګروند	ps	بِګْروْنْد
بگذردپیل	ps	بِگْذْردپیل
بگړۍ	ps	بگړۍ
بڼيز	ps	بڼيز
بیاټول	ps	بیاټوْلْ
بیبی	ps	بیبی
بیتې	ps	بیتې
بید	ps	بید
بیرحمو	ps	بیرْحْمُو
بیرق	ps	بیرْق
بیریږی	ps	بیریږی
بیستری	ps	بیسْتْری
بیش	ps	بیش
بیطرفه	ps	بیطْرفه
بیلو	ps	بیلُو
بیلیدل	ps	بیلیدْل
بیمو	ps	بیمو
بینظیره	ps	بینظیره
بیورلی	ps	بیورلی
بیژنی	ps	بیژنی
بیکچی	ps	بیکچی
بېخونه	ps	بېخونه
بېدينه	ps	بېدينه
بېرون	ps	بېرون
بېريږيد	ps	بېريږيد
بېرېږم	ps	بېرېږْم
بېشكه	ps	بېشكه
بېطرفي	ps	بېطرَفي
بېلګو	ps	بېلګو
بېنر	ps	بېنْر
بېهو	ps	بېهو
تأثيرپه	ps	تأثيرپه
تأم	ps	تَأم
تؤطيې	ps	تؤطَيې
تبت	ps	تَبت
تبد	ps	تَبْد
تبدیله	ps	تبدیله
تبريه	ps	تبرَيه
تبریکي	ps	تَبریکي
تبصرې	ps	تَبْصرې
تبيتي	ps	تَبيتي
تبې	ps	تَبې
تثبت	ps	تَثبَت
تجريديي	ps	تَجريديي
تجزه	ps	تجزه
تجعينو	ps	تَجَعينُو
تجلې	ps	تَجلې
تحريرى	ps	تَحريرِى
تحریر	ps	تَحریر
تحریکوی	ps	تَحریکُوی
تحـفه	ps	تحـفه
تحقيقي	ps	تَحقيقي
تحليلى	ps	تَحليلِى
تحميق	ps	تَحميق
تخنوې	ps	تخنُوې
تخنيکى	ps	تخنيکِى
تخنیکونه	ps	تخنیکونه
تخيـــل	ps	تخيـــل
تدبير	ps	تدبير
تدبیره	ps	تدبیره
تدريسېږي	ps	تدريسېږي
تدریسېدل	ps	تدریسېدل
تذكر	ps	تذكر
تذکیرو	ps	تذکیرو
تربلی	ps	ترْبلی
تربورګلوئ	ps	تربورْګْلوئ
تربیت	ps	تربیت
ترتحقیق	ps	ترتحقیق
ترتنظيمي	ps	ترتنظيمي
ترتړل	ps	ترْتْړل
ترجمو	ps	ترْجمو
ترجوړښت	ps	ترجوړښْت
ترحج	ps	ترحج
ترحملي	ps	ترحملي
ترخه	ps	ترخه
ترخيلو	ps	ترخيلو
ترخپلي	ps	ترْخْپلي
تردومره	ps	تردُومْره
ترديدی	ps	ترديدی
تردېرش	ps	تردېرْش
ترستړی	ps	ترْسْتْړی
ترسرشي	ps	ترسرشي
ترسفر	ps	ترْسْفر
ترسیل	ps	ترسیل
ترشك	ps	ترْشْك
ترقلم	ps	ترْقْلم
تركتنى	ps	تركتنِى
تركۍ	ps	تركۍ
ترلري	ps	ترْلْري
ترلسوپورې	ps	ترْلْسوپورې
ترله	ps	ترله
ترليمومي	ps	ترليمومي
ترمذی	ps	ترْمْذی
ترمشرى	ps	ترْمشَرى
ترمنتر	ps	ترمنتر
ترمورۍ	ps	ترمورۍ
ترميمول	ps	ترميمول
ترمړینې	ps	ترْمْړینې
ترندی	ps	ترْندی
ترنورپه	ps	ترنورپه
تروخته	ps	تروخته
ترورست	ps	ترورْسْت
ترورل	ps	ترورْل
تروريزيم	ps	تروريزيم
تروریزم	ps	تروریزْم
تروش	ps	تروش
ترياك	ps	تْرياك
تريوولو	ps	تْريوولو
ترپسرلی	ps	ترْپسرلی
ترپيل	ps	ترپيل
ترپښوپورې	ps	ترْپښوپورې
ترڅلور	ps	ترْڅْلور
ترڅوبيرته	ps	ترڅوبيرته
ترڅوخپلې	ps	ترڅوخْپلې
ترڅودتيري	ps	ترڅودتيري
ترڅوسرله	ps	ترڅوسرله
ترڅونه	ps	ترڅونه
ترڅوپوري	ps	ترڅوپوري
ترڅڼ	ps	ترڅڼ
ترژبه	ps	ترْژْبه
ترکلی	ps	ترْکْلَی
ترکمنی	ps	ترْکْمْنی
ترکوره	ps	ترکوره
ترکېست	ps	ترکېسْت
ترګډون	ps	ترْګْډون
تریخ	ps	تْریخ
تریوه	ps	تْرَیوه
تسبیح	ps	تْسبیح
تسلط	ps	تْسلْط
تسليم	ps	تْسليم
تسلیم	ps	تسلیم
تسلیمېدنه	ps	تسلیمېدنه
تسموم	ps	تسموم
تسو	ps	تسو
تسکین	ps	تسکین
تشددڅخه	ps	تشددْڅخه
تشريق	ps	تشريق
تصـــــــویر	ps	تصَـــــــویر
تضمینی	ps	تَضمینی
تطرف	ps	تَطرَف
تظمينونه	ps	تَظمينونه
تعبير	ps	تَعبير
تعبیرمــــ	ps	تَعبیرْمْــــ
تعبېر	ps	تَعبېر
تعدیل	ps	تَعدیل
تعريفولو	ps	تَعريفولو
تعریفې	ps	تَعریفې
تعصب	ps	تَعصَب
تعصبي	ps	تَعصَبي
تعطف	ps	تَعطَف
تعف	ps	تَعْف
تعلميات	ps	تعْلميات
تعمه	ps	تعمه
تعمیرو	ps	تَعمیرو
تـتۍ	ps	تَـتۍ
تـضــرع	ps	تـضــرَع
تــبـا	ps	تــبِـا
تـــرڅو	ps	تـــرڅو
تــــرخــــې	ps	تــــرخْــــې
تـــــــــــا	ps	تِـــــــــــا
تـــــــــــــــــــــــــــور	ps	تْـــــــــــــــــــــــــــور
تــــــــــــه	ps	تْــــــــــــه
تـــــــګ	ps	تـــــــګ
تـــــندې	ps	تـــــندې
تـــــکبر	ps	تَـــــکبَر
تــــړون	ps	تــــړون
تــهجـــــي	ps	تَــهجِـــــي
تـل	ps	تَـل
تـنو	ps	تَـنو
تـیـر	ps	تْـیـر
تفرقي	ps	تَفرَقي
تفریظ	ps	تَفریظ
تفسيريږي	ps	تَفسيريږي
تفسیروي	ps	تَفسیروي
تفصيلی	ps	تَفصيلی
تقديري	ps	تَقديري
تقدیم	ps	تَقدیم
تقريب	ps	تَقريب
تقسیم	ps	تَقسیم
تقل	ps	تَقَل
تقليدی	ps	تَقليدی
تقنیني	ps	تَقنیني
تكتيكي	ps	تَكتيكي
تكلم	ps	تَكَلَم
تلتك	ps	تَلتَك
تلستوی	ps	تَلْسْتوی
تلـــــه	ps	تلْـــــه
تلفول	ps	تَلفول
تلفۍ	ps	تَلفۍ
تلك	ps	تَلْك
تللم	ps	تَللَم
تلولۍ	ps	تَلولۍ
تليفو	ps	تليفو
تلیفوني	ps	تلیفوني
تلېپه	ps	تلېپه
تمبه	ps	تمبه
تمدنو	ps	تمَدَنو
تمدید	ps	تَمدید
تمرېن	ps	تمَرېن
تمن	ps	تَمن
تمونو	ps	تمونو
تميمي	ps	تميمي
تمځي	ps	تمځي
تمیل	ps	تمیل
تنتج	ps	تنتج
تنوملكي	ps	تنوملكي
توبه	ps	توبه
توتكۍ	ps	توتكۍ
توحید	ps	توحید
توخي	ps	توخي
تودوم	ps	تودوم
توديږي	ps	توديږي
تودېدودې	ps	تودېدودې
توربين	ps	تورَبين
تورحم	ps	تورَحْم
تورسري	ps	تورسَري
تورسپین	ps	تورْسْپین
تورلست	ps	تورَلَسْت
توروتمبو	ps	توروتَمبو
تورون	ps	تورون
تورپوټکو	ps	تورپوټکو
تورکى	ps	تورکِى
توسطه	ps	تُوسَطه
توشكې	ps	توشكې
توصيفى	ps	تَوصيفِى
توطيي	ps	تَوطِيي
توفق	ps	تَوفْق
توق	ps	توق
توكمه	ps	توكمه
توكود	ps	توكود
توكى	ps	توكِى
توليديږي	ps	توليديږي
توليې	ps	تولِيې
تولیدې	ps	تولیدې
تولېدې	ps	تولېدې
تومبى	ps	تومبِى
تومورحجرو	ps	تومورحجرو
توپول	ps	توپول
توپيردي	ps	توپيردي
توپيرپرته	ps	توپيرْپْرته
توپکه	ps	توپکه
توپیرنسته	ps	توپیرنسته
توکه	ps	توکه
توکوپر	ps	توکوپر
توګوتو	ps	توګوتو
تيتلر	ps	تيتلر
تيرته	ps	تيرته
تيرله	ps	تيرله
تيروه	ps	تيرُوه
تيرکړ	ps	تيرْکْړ
تيرېدل	ps	تيرېدل
تيشو	ps	تيشو
تيــــــــــــــ	ps	تيــــــــــــــ
تيلو	ps	تيلو
تيلې	ps	تيلې
تيموري	ps	تيموري
تينس	ps	تينْس
تيګوپورې	ps	تيګوپورې
تپلى	ps	تَپلِى
تړم	ps	تړَم
تړښت	ps	تړښْت
تږى	ps	تږِى
تښتولى	ps	تښتولِى
تښتونی	ps	تښتونی
تښتيدونکی	ps	تښتيدونُکی
تکبيرونو	ps	تکَبيرونو
تکتيکى	ps	تکَتيکى
تکلو	ps	تَکلو
تکمیلولو	ps	تکمیلوْلو
تیبلیسی	ps	تیبلیسی
تیروي	ps	تیروي
تیریږمکه	ps	تیریږْمکه
تیرېدلو	ps	تیرېدلو
تیسیر	ps	تیسیر
تیلفونه	ps	تیلفونه
تیليفون	ps	تیليفون
تیږو	ps	تیږو
تېار	ps	تېار
تېرلوست	ps	تېرلوسْت
تېروتلې	ps	تېروتلې
تېرودرې	ps	تېرودرې
تېرولوکې	ps	تېرولوکې
تېروکلونوکې	ps	تېروکلونوکې
تېريدې	ps	تېريدې
تېرپه	ps	تېرپه
تېرکړى	ps	تېرْکْړى
تېریږې	ps	تېریږې
تېرېدمه	ps	تېرېدَمه
تېله	ps	تېله
تېکنولوجي	ps	تېکنولوجي
ثبوت	ps	ثبوت
ثلث	ps	ثلْث
ثمبول	ps	ثمبول
ثمری	ps	ثمری
ثوب	ps	ثوب
ثي	ps	ثي
ثیلوي	ps	ثیلوي
جبرى	ps	جبرِى
جبله	ps	جبَله
جدید	ps	جدید
جذبولى	ps	جَذبولِى
جذر	ps	جَذْر
جرثقيل	ps	جَرْثْقيل
جرمنیان	ps	جرْمنیان
جرنیل	ps	جرنیل
جريدۀ	ps	جريدۀ
جرګــه	ps	جرګْــه
جرګي	ps	جرګي
جرگي	ps	جرگي
جریب	ps	جریب
جرې	ps	جرې
جزأ	ps	جزأ
جزيره	ps	جزيره
جزیات	ps	جزیات
جزﺋـیات	ps	جزْﺋـیات
جسد	ps	جَسد
جسمآ	ps	جسمآ
جسوپ	ps	جَسوپ
جشني	ps	جَشني
جعفرخیلو	ps	جَعفرخیلو
جعمې	ps	جَعَمې
جــــــــــــــــــــو	ps	جْــــــــــــــــــــو
جكړو	ps	جكړو
جلب	ps	جلْب
جلدګ	ps	جلدګ
جلندر	ps	جلْنْدْر
جلکۍ	ps	جلکۍ
جمره	ps	جمره
جمشېدي	ps	جمشېدي
جمعی	ps	جمعی
جمى	ps	جَمِى
جميعيت	ps	جَميعيت
جمیع	ps	جَمیع
جنبشو	ps	جنْبشو
جنة	ps	جنَة
جنتې	ps	جنَتې
جنس	ps	جنْس
جنشنونه	ps	جنْشْنونه
جنيسي	ps	جِنيسي
جنینو	ps	جَنینو
جوته	ps	جوته
جوتې	ps	جوتې
جوختېدوسره	ps	جوختېدوسره
جورت	ps	جورْت
جوره	ps	جوره
جورې	ps	جورې
جوزیف	ps	جوزیف
جولى	ps	جولِى
جولۍ	ps	جولۍ
جومي	ps	جومي
جوپ	ps	جوپ
جوړخو	ps	جوړخو
جوړسوخوپه	ps	جوړسوخوپه
جوړسۍ	ps	جوړسۍ
جوړكړيڅه	ps	جوړْكْړيڅه
جوړنشي	ps	جوړْنشي
جوړوئ	ps	جوړوئ
جوړولوګټه	ps	جوړولوګَټه
جوړونكو	ps	جوړونُكو
جوړونکويي	ps	جوړونُکويي
جوړوړه	ps	جوړوړه
جوړيدوڅخه	ps	جوړيدوڅخه
جوړيږو	ps	جوړيږو
جوړکړ	ps	جوړکړ
جوړکړوچې	ps	جوړْکړوچې
جوړید	ps	جوړید
جوړیدوسبب	ps	جوړیدوسَبب
جوړیږي	ps	جوړیږي
جوړېدنې	ps	جوړېدَنې
جوړېدونکی	ps	جوړېدونَکی
جوگي	ps	جوگي
جي	ps	جي
جيبونو	ps	جيبونو
جيك	ps	جيك
جيلونو	ps	جيلونو
جيمي	ps	جيمي
جيپور	ps	جيپور
جټکې	ps	جْټْکې
جړې	ps	جْړې
جکړى	ps	جکړى
جګـــړه	ps	جګـــړه
جګپوړى	ps	جګپوړى
جګړيزې	ps	جګړيزې
جګړییز	ps	جګړییز
جګېدلی	ps	جګېدلی
جگړم	ps	جگْړْم
جگې	ps	جگې
جیرمه	ps	جیرمه
جیفري	ps	جیفري
جینه	ps	جینه
جینې	ps	جینې
جیک	ps	جیک
جېان	ps	جېان
جېکټ	ps	جېکْټ
حبسونو	ps	حبسونو
حبه	ps	حبه
حبيبه	ps	حبيبه
حبیبه	ps	حبیبه
حتمي	ps	حتَمي
حدثک	ps	حدْثْک
حديبې	ps	حديبې
حربی	ps	حربی
حرفو	ps	حرفو
حركتونه	ps	حرْكْتونه
حسنى	ps	حسنِى
حسونه	ps	حسونه
حسيني	ps	حسيني
حسېږي	ps	حسېږي
حصلینو	ps	حصلینو
حضرن	ps	حضْرْن
حضوريې	ps	حضورِيې
حضیر	ps	حضیر
حـجره	ps	حـجره
حـــــــــــوصلې	ps	حـــــــــــوصَلې
حـــوض	ps	حـــوضْ
حفظه	ps	حفظه
حقد	ps	حقْد
حقيت	ps	حَقيت
حقیت	ps	حَقیت
حقیقې	ps	حَقیقې
حكمتو	ps	حكْمتو
حكومتد	ps	حكومتْد
حكومو	ps	حكومو
حلفى	ps	حلفِى
حلقۍ	ps	حلقۍ
حليف	ps	حليف
حلیمي	ps	حلیمي
حم	ps	حم
حمدولي	ps	حمْدوْلي
حميده	ps	حميده
حمیم	ps	حَمیم
حنفي	ps	حَنفي
حنیفي	ps	حَنیفي
حيض	ps	حَيضْ
حيله	ps	حَيله
حیقیقت	ps	حیقیقَت
خبرزه	ps	خبرزه
خبرشول	ps	خبرشول
خبركړم	ps	خبرْكْړم
خبرلېک	ps	خبرلېک
خبروخپل	ps	خبروخپل
خبروسم	ps	خبروسم
خبرولو	ps	خبرولُو
خبروپر	ps	خبروپر
خبريو	ps	خبريو
خبرکړه	ps	خْبرْکْړه
خبرېا	ps	خْبرېا
خبرېده	ps	خْبرېده
خبرېټول	ps	خْبرېټول
خبـــ	ps	خْبـــ
خبــــــــــر	ps	خْبــــــــــر
خبلی	ps	خْبلی
خبپه	ps	خْبپه
ختلی	ps	خَتلی
ختمولوله	ps	ختمولوله
ختمیدل	ps	خَتمیدَل
ختمېدو	ps	خَتمېدو
ختنیک	ps	خَتنیک
ختېز	ps	خْتېز
خدمـت	ps	خدمـت
خدکوول	ps	خدکوول
خربيدو	ps	خْرَبيدُو
خرد	ps	خْرَد
خرقې	ps	خْرَقې
خروتی	ps	خْرَوتی
خروم	ps	خْرَومْ
خروښنده	ps	خْرُوښنده
خرڅېدل	ps	خرڅېدل
خرچي	ps	خرچي
خزندي	ps	خزْندي
خسرڅخه	ps	خسْرْڅخه
خشمه	ps	خشمه
خصه	ps	خصه
خطرمخ	ps	خَطَرمخ
خطرپه	ps	خطرپه
خطمول	ps	خَطَمول
خطور	ps	خَطور
خـــ	ps	خْـــ
خــــ	ps	خْــــ
خــــطـــر	ps	خْــــطـــر
خــــــ	ps	خْــــــ
خــــــــطرځـم	ps	خْــــــــطرځـم
خــــــــپل	ps	خْــــــــپْل
خـــــپله	ps	خْـــــپله
خــــپلو	ps	خْــــپلو
خـــوب	ps	خْـــوب
خـــټـک	ps	خْـــټـک
خــلـــګ	ps	خْــلـــګ
خــوریــدی	ps	خْــوریــدی
خــپـــل	ps	خْــپـــل
خفيه	ps	خفِيه
خك	ps	خك
خلص	ps	خْلَص
خلـــــــــــــــــکو	ps	خْلُـــــــــــــــــکو
خلـګ	ps	خْلَـګ
خلق	ps	خْلَق
خلكـو	ps	خْلَكْـو
خلكوتر	ps	خْلَكوتَر
خلكوشمير	ps	خْلَكوشمير
خلل	ps	خْلَل
خليک	ps	خْلَيک
خلګوبللې	ps	خَلګوبللې
خلګوم	ps	خلګوم
خلیج	ps	خلیج
خلیچ	ps	خلیچ
خمرو	ps	خمرو
خمیرکوی	ps	خمیرکوی
خنج	ps	خنْج
خنجریم	ps	خنْجْریم
آلمان	ps	آلمان
اخښل	ps	اخښل
اسټراليا	ps	اسْټْراليا
البند	ps	البنْد
اېسټونيا	ps	اېسټونيا
بخښنه	ps	بخْښنه
برجۍ	ps	برجۍ
بن	ps	بن
بېخي	ps	بېخي
تاوان	ps	تاوان
توپان	ps	توپان
جنکۍ	ps	جنَکۍ
جګړول	ps	جګړُول
خېټه	ps	خېټه
دروغ	ps	دْروغ
دود	ps	دود
دې	ps	دې
زاګرېب	ps	زاګرېب
سرېښ	ps	سَرېښ
سوړ	ps	سوړ
شرمښ	ps	شرمښ
شيګره	ps	شيګَره
غوبه	ps	غوبه
غپېدل	ps	غَپېدل
لاس	ps	لاس
لمسول	ps	لمسُول
ماڼو	ps	ماڼو
مزری	ps	مْزَرَی
منډه	ps	منډه
نا	ps	نا
نماسپېښين	ps	نماسپېښين
هاړ	ps	هاړ
هو	ps	هو
ټماټر	ps	ټَماټر
پوهه	ps	پوهه
پړانګ	ps	پْړانْګ
څپېړه	ps	څپېړه
چيچل	ps	چيچل
ژبکۍ	ps	ژَبَکۍ
کتل	ps	کَتل
کور	ps	کور
کټی	ps	کَټَی
ګبين	ps	ګَبين
ګورل	ps	ګورل
خپل	ps	خپل
وه	ps	وه
حدیث	ps	حدیث
شین	ps	شین
ابدأ	ps	ابدَأ
ابدي	ps	ابدي
ابرويي	ps	ابرُويي
ابــا	ps	ابِــا
ابنه	ps	ابنه
ابيلو	ps	ابيلو
اتزمو	ps	اتْزْمو
اتق	ps	اتْق
اتلمل	ps	اتلَمَل
اتلي	ps	اتلي
اتمونو	ps	اتمونو
اتنيموبجوڅخه	ps	اتنيموبَجوڅخه
اتوله	ps	اتوله
اتومسفیر	ps	اتومْسْفیر
اتي	ps	اتي
اتيني	ps	اتيني
اتيژيکي	ps	اتيژيکي
اتگ	ps	اتْگ
اتۀ	ps	اتۀ
اتیژیک	ps	اتیژیک
اثردخپلي	ps	اثَرْدْخْپلي
اثرو	ps	اثَرو
اثرچې	ps	اثَرچې
اثونو	ps	اثونُو
اجة	ps	اجَة
اجرآت	ps	اجرآت
اجرم	ps	اجرم
اجلى	ps	اجلِى
اجمي	ps	اجمي
اجنبی	ps	اجْنبی
اجوړه	ps	اجوړه
اجیرو	ps	اجیرو
احسن	ps	احسَن
احمد	ps	احمَد
احمدبن	ps	احمَدبَن
احمدخسرو	ps	احمَدخَسرُو
احمدشرح	ps	احمدشرْح
احمدورته	ps	احمدوْرْته
احيت	ps	احيت
اخترته	ps	اخترته
اختردۍ	ps	اختردۍ
اخترو	ps	اخْترو
اختريست	ps	اخْتريسْت
اخلمچې	ps	اخلمچې
اخلیدو	ps	اخلیدُو
اخيركى	ps	اخيركِى
اخيستوسره	ps	اخيستوسره
اخيسني	ps	اخيسني
اخپلو	ps	اخْپلو
اخیتسی	ps	اخیتسی
اخیز	ps	اخیز
اخیستلوحق	ps	اخیسْتلوحُق
اخیستو	ps	اخیستو
اخیستوڅخه	ps	اخیستوڅَخه
اخیسی	ps	اخیسی
اخېرت	ps	اخېرَت
اخېستلي	ps	اخېسْتلي
ادأ	ps	ادَأ
ادتمندى	ps	ادتمَندِى
ادزئ	ps	ادزئ
ادلى	ps	ادَلِى
اربطه	ps	ارَبطه
اربور	ps	ارَبور
ارتروز	ps	ارتِروز
ارتل	ps	ارتِل
ارجو	ps	ارجو
اردودلومړی	ps	اردودلومړی
ارزشه	ps	ارْزشه
ارزښمتن	ps	ارزَښْمْتَن
ارزیده	ps	ارزیده
ارشیف	ps	ارشیف
ارلګيدنه	ps	ارْلْګيدنه
ارمې	ps	ارمې
اريخ	ps	اريخ
ارينه	ps	ارينه
ارپه	ps	ارپه
ارډر	ps	ارْډْر
ارګ	ps	ارْګ
ارګو	ps	ارګو
ارید	ps	ارید
اریک	ps	اریک
ازبکې	ps	ازْبْکې
ازخط	ps	ازخط
ازدیګر	ps	ازدیګر
ازروش	ps	ازْروْشْ
ازلى	ps	ازَلِى
ازمويو	ps	ازمويو
ازمېينو	ps	ازمېينو
ازو	ps	ازو
ازپه	ps	ازپه
ازی	ps	ازی
اسبی	ps	اسبی
استوګي	ps	استوګي
استيتك	ps	استيتَك
اسدي	ps	اسَدي
اســد	ps	اسْــد
اسكېرلو	ps	اسكېرلو
اسلحوتر	ps	اسْلحوتر
اسم	ps	اسْم
اسمبلى	ps	اسْمْبْلى
اسميتي	ps	اسميتي
اسه	ps	اسه
اسويلـــی	ps	اسُويلِـــی
اسوېلو	ps	اسَوېلو
اسپېرین	ps	اسپېرین
اسکندريه	ps	اسکنْدرَيه
اسیدیک	ps	اسیدیک
اسیمو	ps	اسیمو
اشتبآه	ps	اشْتبآه
اشتي	ps	اشتي
اشرفی	ps	اشْرفی
اشكريز	ps	اشْكْريز
اصليت	ps	اصليت
اصيله	ps	اصيله
اض	ps	اض
اضو	ps	اضُو
اطم	ps	اطْم
افتونى	ps	افتونِى
افری	ps	افری
افریني	ps	افریني
افزوده	ps	افزوده
افسردګی	ps	افسَرْدْګی
افسوسه	ps	افسوسه
افضلیت	ps	افضَلیت
افعي	ps	افعي
افـــــــــ	ps	افْـــــــــ
افله	ps	افله
افول	ps	افوْل
افيسر	ps	افيسَر
افګن	ps	افګَن
افیسر	ps	افیسَر
اكسپورت	ps	اكْسْپورْت
اكټو	ps	اكټو
اكېدمۍ	ps	اكېدَمۍ
البجلى	ps	البَجلِى
البنيه	ps	الْبنَيه
التحصيل	ps	التحصيل
التعبير	ps	التعبير
التوفيقـ	ps	الْتوْفْيقْـ
الث	ps	الْث
الثيب	ps	الثيب
الجبن	ps	الْجْبِن
الجزیري	ps	الْجْزیري
الجوع	ps	الْجوْعْ
الحجر	ps	الْحجر
الحسنى	ps	الْحسَنى
الحكمة	ps	الْحكَمة
الذيدي	ps	الذيدي
الزهمي	ps	الْزهمي
السبيل	ps	الْسْبيل
السيف	ps	السيف
الشع	ps	الشَع
الشکر	ps	الشُکْر
الطير	ps	الطَير
الظلمين	ps	الظَلمين
العد	ps	العَد
العربيه	ps	العَرَبِيه
العزیز	ps	العَزیز
العقد	ps	العَقْد
الفدين	ps	الْفدين
الفقره	ps	الفقره
الفنستن	ps	الْفنَستَن
القديم	ps	الْقديم
القلم	ps	القَلَم
القيمه	ps	القَيمه
الكبير	ps	الكَبير
الكرم	ps	الكَرَم
المدينة	ps	الْمدينَة
المرعى	ps	المَرعَى
المسودي	ps	المسوْدي
المعبد	ps	المعبَد
المعرفة	ps	المَعرِفَة
الملل	ps	المَلِل
المنزل	ps	المَنزِل
الموت	ps	المَوتْ
المولې	ps	المَولې
الميه	ps	المَيه
الن	ps	الْن
النحل	ps	النَحْل
النسفى	ps	النَسفِى
الوتكونه	ps	الوْتكونه
الوتنوڅخه	ps	الوْتنوڅخه
الوتکود	ps	الوْتکود
الوحې	ps	الوْحې
الوزو	ps	الوْزُو
الوزی	ps	الوْزی
الولو	ps	الوْلُو
الوځی	ps	الوْځی
الچه	ps	الچه
الکبری	ps	الکُبری
الکذب	ps	الکَذْب
الکسېس	ps	الکَسېس
الیدن	ps	الیدَن
الیمني	ps	الیمني
امة	ps	امَة
امتدت	ps	امتَدَت
امدي	ps	امدي
امرتسر	ps	امَرتسر
امردی	ps	امردی
امریکـــــا	ps	امریکِـــــا
امنتی	ps	امَنَتی
امنين	ps	امَنين
امنیسستی	ps	امَنیسَستی
امنېتى	ps	امَنېتِى
اميرحمزه	ps	اميرَحمزه
اميري	ps	اميري
اميزو	ps	اميزو
امینه	ps	امینه
امېده	ps	امېده
امېــــــــــــل	ps	امېــــــــــــل
انترنيوز	ps	انترنيوزْ
انجليس	ps	انْجْليس
انجه	ps	انجه
انجين	ps	انجين
انجیینر	ps	انجِیینر
اندبه	ps	انْدبه
انددوه	ps	انددوه
اندربیر	ps	اندربیر
اندريس	ps	انْدريس
اندڅوك	ps	انْدْڅوك
اندیښني	ps	اندیښني
اندېښمن	ps	اندېښمن
انر	ps	انْر
انرژيکي	ps	انْرْژيکي
انزل	ps	انزل
انستېتيوت	ps	انْسْتېتَيوت
انوپه	ps	انوپه
انيستلو	ps	انيسْتْلو
انيل	ps	انيل
انيک	ps	انيک
انځـــــور	ps	انځْـــــور
انژرۍ	ps	انْژْرۍ
انیت	ps	انیت
انیسه	ps	انیسه
انې	ps	انې
اهلیته	ps	اهلیته
اهيم	ps	اهيم
اوبحث	ps	اوبحث
اوبدترينو	ps	اوبْدْترينو
اوبربريت	ps	اوبْرْبْريت
اوبرست	ps	اوبْرْسْت
اوبريد	ps	اوبريد
اوبرګی	ps	اوبْرْګی
اوبرېښليک	ps	اوبرېښليک
اوبشر	ps	اوبْشْر
اوبصري	ps	اوبْصْري
اوبـــر	ps	اوبْـــر
اوبــې	ps	اوبْــې
اوبلل	ps	اوبلل
اوبلی	ps	اوبلی
اوبمي	ps	اوبمي
اوبودجې	ps	اوبوْدْجې
اوبيائي	ps	اوبيائي
اوبډوپه	ps	اوبډوپه
اوبڼې	ps	اوبڼې
اوبیرته	ps	اوبیرته
اوترمخه	ps	اوترْمخه
اوتسکین	ps	اوتْسْکین
اوتوپيردملي	ps	اوتوپيردَملي
اوتيزي	ps	اوتيزي
اوتکس	ps	اوتْکْس
اوتیز	ps	اوتیز
اوتېښتې	ps	اوتېښتې
اوجرمي	ps	اوجرَمي
اوخرچ	ps	اوخْرْچ
اوخصوصي	ps	اوخْصوْصْي
اوخلکو	ps	اوخلِکو
اوخلګ	ps	اوخلِګ
اوخندني	ps	اوخنِدني
اوخوبولې	ps	اوخوبولې
اوخوريدو	ps	اوخوريدو
اوخوندو	ps	اوخوندو
اوخوښی	ps	اوخوښی
اوخپل	ps	اوخْپْل
اودآينې	ps	اودآينې
اودبده	ps	اودْبده
اودبش	ps	اودبَش
اودبشرپه	ps	اودبشْرْپه
اودبنده	ps	اودبنده
اودتحقيق	ps	اودتَحقيق
اودرمل	ps	اودَرمل
اودرنو	ps	اودَرَنو
اودرى	ps	اودَرِى
اودریشۍکې	ps	اودَریشۍکې
اودزده	ps	اودزده
اودزون	ps	اودَزوْنْ
اودسبق	ps	اودَسبق
اودسفرپه	ps	اودَسفرپه
اودسپلين	ps	اودسپلين
اودسیمي	ps	اودسیمي
اودشمير	ps	اودْشمير
اودطريقت	ps	اودْطريقت
اودمكتب	ps	اودمَكتَب
اودميرګي	ps	اودميرګي
اودمکی	ps	اودمَکی
اودنبی	ps	اودنَبی
اودنړي	ps	اودْنْړي
اودټولي	ps	اودټولي
اودپرڼ	ps	اودْپْرڼ
اودپنجشنبې	ps	اودپَنْجْشنبې
اودپښتوژبي	ps	اودپښتوژَبي
اودډير	ps	اودډير
اوربړي	ps	اورْبْړي
اورحمن	ps	اورْحْمن
اورود	ps	اورود
اوروزمره	ps	اوروزْمْره
اوروسته	ps	اوروسته
اورولو	ps	اورولو
اورونه	ps	اورونه
اوروړن	ps	اوروړن
اوريدلي	ps	اوريدلي
اوريښې	ps	اوريښې
اورپرې	ps	اورْپْرې
اورپکې	ps	اورْپْکې
اورښتنې	ps	اورْښْتْنې
اورښتینی	ps	اورْښْتینی
اورکيڅونه	ps	اورکيڅونه
اوسترګې	ps	اوسْتْرګې
اوستن	ps	اوستن
اوستونزو	ps	اوستونزو
اوسخت	ps	اوسْخْت
اوسربیره	ps	اوسربیره
اوسرکښ	ps	اوسرْکْښ
اوسطحي	ps	اوسَطَحي
اوســــــه	ps	اوسْــــــه
اوسفر	ps	اوسفر
اوسمبوليکې	ps	اوسَمبوليکې
اوسنده	ps	اوسنده
اوسنۍنړۍ	ps	اوسَنۍنړۍ
اوسيمه	ps	اوسيمه
اوسيندکي	ps	اوسينْدْکي
اوسپكې	ps	اوسْپْكې
اوسپنۍ	ps	اوسْپنۍ
اوسپين	ps	اوسپين
اوسپکه	ps	اوسْپکه
اوسپېڅلي	ps	اوسپېڅلي
اوسږي	ps	اوسږي
اوسیستمونه	ps	اوسیسْتمونه
اوسین	ps	اوسین
اوسې	ps	اوسې
اوسېدلى	ps	اوسېدلِى
اوشتمني	ps	اوشْتْمني
اوشخصې	ps	اوشْخصې
اوشرحه	ps	اوشْرْحه
اوشمیریې	ps	اوشمیرِیې
اوشيعو	ps	اوشيعو
اوشکر	ps	اوشکَر
اوصلیب	ps	اوصَلیب
اوكنه	ps	اوكنه
اوكوڅوكي	ps	اوكوڅوكي
اولسه	ps	اولسه
اولـس	ps	اولْـس
اولمر	ps	اولمر
اولمپيک	ps	اولْمْپيک
اولګيدنه	ps	اولګيدنه
اومدرسې	ps	اومدْرسې
اومرو	ps	اومَرو
اومرګ	ps	اومرْګ
اومسؤل	ps	اومَسؤل
اومستند	ps	اومستنْد
اومشکیني	ps	اومْشکیني
اومطلق	ps	اومَطَلق
اومقتدر	ps	اومقْتدر
اومورووژل	ps	اومورووژل
اوموسکی	ps	اوموسکی
اومومن	ps	اومومن
اوموټرورسره	ps	اوموټَرورْسْره
اوميرمني	ps	اوميرْمني
اوميني	ps	اوميني
اومړ	ps	اومړ
اومکلفه	ps	اومْکلَفه
اومیندی	ps	اومیندی
اونتجه	ps	اونَتَجه
اونجیب	ps	اونَجیب
اونس	ps	اونَس
اونفلی	ps	اونَفَلی
اونورتخنيكي	ps	اونوْرْتَخنيكي
اونيت	ps	اونيت
اونيسې	ps	اونيسې
اونړیول	ps	اونړیول
اونژدی	ps	اونْژْدی
اونیمروزپه	ps	اونیمروزپه
اونۍر	ps	اونۍر
اوهسې	ps	اوهسې
اوهلك	ps	اوهلك
اوهمسلك	ps	اوهمْسلك
اوهوټلونه	ps	اوهوټلونه
اووتم	ps	اووتْم
اووسلې	ps	اووسلې
اووښتي	ps	اووښتي
اووګړي	ps	اووګْړي
اوویره	ps	اوویره
اويل	ps	اويل
اوټولنيزو	ps	اوټولَنيزو
اوټوپک	ps	اوټوپَک
اوپخې	ps	اوپخې
اوپښتنې	ps	اوپښْتنې
اوپښتوپه	ps	اوپښتوپه
اوپک	ps	اوپک
اوپیښی	ps	اوپیښی
اوپېک	ps	اوپېک
اوځمکي	ps	اوځَمَکي
اوڅربه	ps	اوڅربه
اوڅلورتنه	ps	اوڅلورْتنه
اوڅومره	ps	اوڅومَره
اوڅيړونكي	ps	اوڅيړونَكي
اوڅیزونو	ps	اوڅیزونو
اوچتولى	ps	اوچَتولِى
اوچتې	ps	اوچَتې
اوچل	ps	اوچَل
اوچم	ps	اوچَم
اوچول	ps	اوچَول
اوچيښلوڅخه	ps	اوچيښلوڅَخه
اوچین	ps	اوچین
اوډون	ps	اوډون
اوډیرې	ps	اوډیرې
اوړلو	ps	اوړلو
اوړيدو	ps	اوړيدو
اوږدولی	ps	اوږدولی
اوږدوکې	ps	اوږدوکې
اوږدې	ps	اوږدې
اوږمنزله	ps	اوږمنْزله
اوژبنی	ps	اوژْبنی
اوښيګڼي	ps	اوښيګَڼي
اوښګي	ps	اوښګي
اوکتل	ps	اوکتل
اوکرسي	ps	اوکْرْسي
اوکسيدينت	ps	اوکسيدينْت
اوکـــه	ps	اوکْـــه
اوکلي	ps	اوکلي
اوکيسي	ps	اوکيسي
اوکډه	ps	اوکډه
اوکیڼ	ps	اوکیڼ
اوګبدين	ps	اوګبَدين
اوګردي	ps	اوګَردي
اوګل	ps	اوګَل
اوګڼه	ps	اوګڼه
اوڼي	ps	اوڼي
اویو	ps	اویو
اویوتن	ps	اویوتْن
اویوشمېر	ps	اویوشمېر
ايزوټوپونو	ps	ايزوټوپونُو
ايستم	ps	ايستم
ايستی	ps	ايستی
ايښمه	ps	ايښمه
ايښوده	ps	ايښوده
ايکزوپېري	ps	ايکزوپېري
ايکوم	ps	ايکوم
اټرو	ps	اټرو
اټه	ps	اټه
اپدې	ps	اپدې
اپریتي	ps	اپریتي
اپرېشن	ps	اپرېشن
اپلتو	ps	اپْلتو
اپي	ps	اپي
اپيپ	ps	اپيپ
اپین	ps	اپین
اځم	ps	اځْم
اځيګر	ps	اځيګر
اڅكزى	ps	اڅْكْزى
اڅکزیپښــــــــتو	ps	اڅْکْزیپْښْــــــــتو
اچـــــــــــــــــــولی	ps	اچْـــــــــــــــــــولی
اچولى	ps	اچولى
اچيلنيک	ps	اچيلنيک
اډوچمتو	ps	اډوچْمتو
اډيم	ps	اډيم
اړخيزه	ps	اړخيزه
اړخیزی	ps	اړخیزی
اړده	ps	اړده
اړسی	ps	اړسی
اړمنو	ps	اړْمنو
اړولي	ps	اړوْلي
اړوني	ps	اړوْنْي
اړى	ps	اړِى
اړيكوبده	ps	اړيكوْبْده
اړيکلي	ps	اړيکلي
اړچې	ps	اړچې
اړکې	ps	اړکې
اړینتوب	ps	اړینتوب
اړیکو	ps	اړیکُو
اړیکې	ps	اړیکې
اژنس	ps	اژنَس
اکبردکړکۍ	ps	اکبرْدْکړکۍ
اکتروفو	ps	اکْتروفو
اکتو	ps	اکتو
اکثريت	ps	اکْثرَيت
اکلند	ps	اکلنْد
اکمپو	ps	اکْمْپُو
اکښل	ps	اکښل
اګ	ps	اګ
اګره	ps	اګره
اګست	ps	اګْسْت
اګونو	ps	اګونو
اګیله	ps	اګیله
اڼرېزي	ps	اڼرېزي
اڼې	ps	اڼې
ایاز	ps	ایاز
بآندې	ps	بآندې
ببرسرې	ps	ببْرْسرې
ببرکزي	ps	ببرکزي
ببين	ps	ببين
بتونه	ps	بتونه
بجلکي	ps	بجلکي
بجود	ps	بجود
بحرنیان	ps	بحْرْنیان
بحريه	ps	بحرَيه
بحمد	ps	بَحمد
بختو	ps	بخَتُو
بخـــــــتور	ps	بخـــــــتور
بخملي	ps	بخْمْلي
بخوبي	ps	بخوبي
بخي	ps	بخي
بخښلئ	ps	بخْښلئ
بخښنى	ps	بخْښنِى
بخیل	ps	بخیل
بدبختي	ps	بدبَختي
بدبينۍ	ps	بدبينۍ
بدترينې	ps	بدتَرينې
بدريځه	ps	بدريځه
بدسلوک	ps	بدْسْلوک
بدقت	ps	بدقَت
بدل	ps	بدَل
بدلمني	ps	بدَلْمني
بدنو	ps	بدَنو
بدنی	ps	بدَنی
بدورږي	ps	بدورږي
بدوړي	ps	بدوړي
بدى	ps	بدِى
بديږي	ps	بديږي
بذلت	ps	بَذلَت
برئس	ps	برئس
برترو	ps	بْرْتْرو
برجيش	ps	بْرْجيش
برخــــــــــــــــه	ps	بْرْخْــــــــــــــــه
بردي	ps	بَردي
برستی	ps	بَرستی
برقو	ps	برَقو
بركت	ps	برَكت
برمته	ps	برْمته
برمک	ps	بَرمَک
برنت	ps	بَرنَت
برنير	ps	بَرنير
بروسلي	ps	بَروسَلي
برونز	ps	بَرونْز
بروهلی	ps	بْروهلی
برياد	ps	بْرياد
بريدوشو	ps	بْريدوشو
بريدڅخه	ps	بْريدْڅْخه
بريمه	ps	بْريمه
بريټش	ps	بْريټْش
بريښى	ps	بْريښِى
بريګيدير	ps	بْريګيدير
برچک	ps	بَرچَک
برکته	ps	برْکته
برکه	ps	برکه
برگذ	ps	بَرْگْذ
برگن	ps	بَرْگْن
بریدنو	ps	بْریدنو
بریدونومخه	ps	بْریدونومخه
بریدچي	ps	بْریدچي
بریدگر	ps	بْریدْگْر
بریمن	ps	بْریمْن
بریښد	ps	بْریښْد
بریښیدې	ps	بْریښیدې
برېښولې	ps	بْرېښولې
بزنم	ps	بْزْنْم
بزکش	ps	بْزْکْش
بستريز	ps	بسْتريز
بسترې	ps	بسْترې
بسرعة	ps	بسرعة
بســـــــــمله	ps	بسْـــــــــمله
بسمـل	ps	بسمِـل
بسو	ps	بسو
بسټ	ps	بسَټ
بسکرويل	ps	بسْکْرُويل
بشدت	ps	بشدت
بشپړ	ps	بشپړ
بشپړله	ps	بشپړله
بشپړيد	ps	بشْپړيد
بشی	ps	بشی
بصري	ps	بصري
بصيرت	ps	بصيرت
بعدی	ps	بعَدی
بــرکـت	ps	بــرکـت
بــــدبه	ps	بــــدبه
بــــــت	ps	بــــــت
بـــــــدو	ps	بـــــــدُو
بــــــــــ	ps	بــــــــــ
بــــــــــــــرخه	ps	بــــــــــــــرخه
بـــــــــــــــــــیان	ps	بْـــــــــــــــــــیان
بـــــــــــې	ps	بِـــــــــــې
بـــــــڼو	ps	بـــــــڼُو
بـــــل	ps	بـــــل
بــــلبـــــل	ps	بــــلبـــــل
بــــڼــو	ps	بــــڼْــو
بـــودم	ps	بْـــودم
بـــېلو	ps	بْـــېلو
بــوتــ	ps	بْــوتْــ
بــۀ	ps	بــۀ
بـلبـل	ps	بـلبـل
بـود	ps	بْـود
بـيــــــخ	ps	بْـيــــــخ
بفضل	ps	بفضل
بقوم	ps	بقوم
بكرې	ps	بكرې
بكير	ps	بكير
بلبلچې	ps	بلبُلچې
بلخه	ps	بلخه
بلخى	ps	بلخِى
بلــــــــــــــــــــــد	ps	بلَــــــــــــــــــــــد
بلفور	ps	بلفور
بلنی	ps	بلَنی
بلکې	ps	بْلْکې
بمرحلة	ps	بمرَحلَة
بمې	ps	بمې
بنتسټ	ps	بَنْتْسْټ
بندش	ps	بَنْدْش
بندکولو	ps	بنْدْکولو
بندیزپه	ps	بندیزپه
بندېدې	ps	بندېدې
بنښټ	ps	بنښَټ
بنې	ps	بنې
بياخپل	ps	بياخپل
بيخه	ps	بيخه
بيرحمه	ps	بيرْحْمه
بيركزي	ps	بيرْكْزي
بيسر	ps	بيسْر
بيـــــــرته	ps	بيـــــــرته
بيف	ps	بيف
بيكيفيته	ps	بيكيفيته
بيلر	ps	بيلر
بيليرى	ps	بيليرِى
بيلکنت	ps	بيلکَنْت
بيلی	ps	بيلی
بينه	ps	بينه
بيني	ps	بيني
بيهي	ps	بيهي
بټهو	ps	بْټهو
بټۍ	ps	بټۍ
بچيه	ps	بَچيه
بچیه	ps	بَچیه
بړبوکه	ps	بَړبوکه
بړستنې	ps	بَړْسْتنې
بړيسي	ps	بْړيسي
بړیڅی	ps	بْړیڅی
بکر	ps	بَکْر
بکسونه	ps	بکسونه
بکنم	ps	بَکنَم
بګت	ps	بَګَت
بګني	ps	بِګني
بګۍ	ps	بګۍ
بگذرد	ps	بِگْذْرد
بڼسټیزه	ps	بڼْسْټیزه
بڼوسره	ps	بڼوسره
بۀ	ps	بۀ
بیاپدی	ps	بیاپدی
بیت	ps	بیت
بیث	ps	بیث
بیرحمی	ps	بیرْحْمی
بیرل	ps	بیرْل
بیریژی	ps	بیریژی
بیسز	ps	بیسْز
بیشتر	ps	بیشتر
بیطرفۍ	ps	بیطْرفۍ
بیـ	ps	بیـ
بیــه	ps	بیــه
بیلکې	ps	بیلکې
بیلیدم	ps	بیلیدْم
بیمې	ps	بیمې
بینظیري	ps	بینظیري
بینیدیکت	ps	بینیدیکْت
بیړنۍ	ps	بیړنۍ
بیښه	ps	بیښه
بیګ	ps	بیګ
بېخرته	ps	بېخْرْته
بېخى	ps	بېخِى
بېرونه	ps	بېرونه
بېرګ	ps	بېرْګ
بېرېږو	ps	بېرېږو
بېس	ps	بېس
بېشكېك	ps	بېشكېك
بېطرفۍ	ps	بېطرَفۍ
بېلرو	ps	بېلرو
بېلوه	ps	بېلوه
بېهوده	ps	بېهوده
بېښه	ps	بېښه
بېګم	ps	بېګم
تأثیر	ps	تَأثیر
تأسف	ps	تَأسف
تأمل	ps	تَأمل
تؤكد	ps	تؤكد
تبتسم	ps	تَبتسم
تبدل	ps	تَبدل
تبرزين	ps	تَبرَزين
تبريک	ps	تَبريک
تبریکی	ps	تَبریکی
تت	ps	تَت
تجريو	ps	تَجريو
تجزيه	ps	تجزَيه
تجمع	ps	تَجمَع
تحريري	ps	تَحريري
تحریکې	ps	تَحریکې
تحـفو	ps	تَحـفُو
تحقيركړي	ps	تَحقيرْكْړي
تحقيقی	ps	تَحقيقی
تحليلي	ps	تَحليلي
تحميل	ps	تَحميل
تحمیلي	ps	تَحمیلي
تحينو	ps	تَحينُو
تخنيد	ps	تخنيد
تخنیکونو	ps	تخنیکونو
تخيل	ps	تخيل
تدبیرو	ps	تدبیرو
تدريجى	ps	تدريجِى
تدريسېږې	ps	تدريسېږې
تدرې	ps	تدرې
تذكركم	ps	تذكركم
تذکرة	ps	تذْکرَة
تذکیری	ps	تذکیری
تربر	ps	تربر
تربریده	ps	ترْبریده
تربلې	ps	ترْبلې
تربيى	ps	تربيى
تربګنی	ps	تربګنی
تربیتی	ps	تربیتی
ترتحلیل	ps	ترتحلیل
ترتنظيمې	ps	ترتنظيمې
ترتېب	ps	ترتېب
ترجمي	ps	ترْجمي
ترجوړیدو	ps	ترجوړیدو
ترحد	ps	ترحد
ترحملې	ps	ترحملې
ترخيمو	ps	ترخيمو
ترخپلی	ps	ترْخْپلی
تردونیم	ps	تردُونیم
ترديرش	ps	ترديرْش
تردېرشو	ps	تردېرشو
ترریښتینی	ps	ترریښتینی
ترزيده	ps	ترزيده
ترسترګوکیده	ps	ترْسْترګوکیده
ترسرليك	ps	ترسرليك
ترسه	ps	ترسه
ترسیم	ps	ترسیم
ترشل	ps	ترْشْل
تركرښو	ps	تركرښو
تركى	ps	تركِى
تركې	ps	تركې
ترلری	ps	ترْلْری
ترلوبي	ps	ترلوبي
ترمذې	ps	ترْمْذې
ترمزل	ps	ترْمْزل
ترمشري	ps	ترْمشَري
ترمل	ps	ترمل
ترموز	ps	ترموز
ترميمولو	ps	ترميمولو
ترمينولوژي	ps	ترمينولوژي
ترمینل	ps	ترمینل
ترنر	ps	ترنر
ترنــك	ps	ترنــك
ترنورډير	ps	ترنورډير
ترور	ps	ترور
تروره	ps	تروره
تروريست	ps	تروريسْت
تروریست	ps	تروریسْت
تروشه	ps	تروشه
ترونه	ps	ترونه
ترينه	ps	تْرينه
تريوي	ps	تْريوي
ترپــــكـــي	ps	ترْپــــكِـــي
ترپولوپورې	ps	ترپولوپورې
ترپکوکوردې	ps	ترْپکوکورَدې
ترځوهیشه	ps	ترځوهیشه
ترڅوبېرته	ps	ترڅوبېرته
ترڅود	ps	ترڅود
ترڅوددې	ps	ترڅوددې
ترڅونورح	ps	ترڅونورح
ترڅويوځل	ps	ترڅويوځل
ترڅوپورې	ps	ترڅوپورې
ترژبی	ps	ترْژْبی
ترښپو	ps	ترْښْپو
ترکمه	ps	ترْکْمه
ترکولو	ps	ترکولو
ترکېه	ps	ترکېه
تریخو	ps	تْریخو
تریوڅه	ps	تْرَیوڅه
ترېشر	ps	تْرېشر
تسجيل	ps	تْسجيل
تسلطه	ps	تْسلطه
تسليمی	ps	تسليمی
تسلیمدو	ps	تسلیمدو
تسلیمېدو	ps	تسلیمېدو
تسکینول	ps	تسکینول
تشخص	ps	تشخص
تشرين	ps	تشرين
تشـــــــــــــ	ps	تشْـــــــــــــ
تشکيله	ps	تشکيله
تصدى	ps	تصَدى
تصدېق	ps	تصَدېق
تضی	ps	تَضی
تطبيقيږي	ps	تَطبيقيږي
تظمین	ps	تَظمین
تعبيرونه	ps	تَعبيرونه
تعبیرمـــــي	ps	تَعبیرمِـــــي
تعتبر	ps	تَعْتْبَر
تعرضونه	ps	تعْرضونه
تعريفولوى	ps	تَعريفولوى
تعرېف	ps	تَعرېف
تعصبګرو	ps	تَعصَبْګْرو
تعطل	ps	تَعطَل
تعفن	ps	تَعفَن
تعقېب	ps	تَعقېب
تعلمی	ps	تَعلَمی
تعمي	ps	تَعمي
تعميرونو	ps	تَعميرونو
تـجله	ps	تـجله
تــحشـد	ps	تــحشَـد
تـــش	ps	تـــش
تــــرشېـــز	ps	تــــرشېـــز
تـــــدبيــــــر	ps	تـــــدبيــــــر
تـــــــــــر	ps	تـــــــــــر
تــــــــــــيره	ps	تْــــــــــــيره
تـــــــــې	ps	تْـــــــــې
تـــــــېزلکـــــه	ps	تْـــــــېزْلْکْـــــه
تـــــه	ps	تْـــــه
تـــــې	ps	تْـــــې
تــــکل	ps	تَــــکَل
تـــور	ps	تْـــور
تــهلــكــه	ps	تــهلــكْــه
تفتیش	ps	تَفتیش
تفرقی	ps	تَفرَقی
تفریق	ps	تَفریق
تفسيرپه	ps	تَفسيرپه
تفسیرپه	ps	تَفسیرپه
تفصيلې	ps	تَفصيلې
تفق	ps	تَفْق
تفني	ps	تَفني
تفکر	ps	تَفکر
تقبل	ps	تَقَبُل
تقريبآ	ps	تقريبآ
تقلید	ps	تَقلید
تقنینی	ps	تَقنینی
تكثر	ps	تَكَثُر
تلسط	ps	تَلسَط
تلـــــو	ps	تَلْـــــو
تلفون	ps	تَلفون
تلفېدل	ps	تَلفېدَل
تلله	ps	تلله
تلمه	ps	تلمه
تليفون	ps	تليفون
تلچیک	ps	تلچیک
تلیفونی	ps	تلیفونی
تلېکله	ps	تلېکله
تمبو	ps	تَمبو
تمدیدسې	ps	تَمدیدسې
تمريني	ps	تمَريني
تمس	ps	تَمس
تموي	ps	تموي
تميمی	ps	تميمی
تمیم	ps	تمیم
تنتظيمونه	ps	تنْتظيمونه
تند	ps	تَنْد
تنـــه	ps	تنْـــه
تنوخپل	ps	تنوخپل
تنومنده	ps	تنومنده
تنوکې	ps	تنوکې
تنکه	ps	تنَکه
تنی	ps	تَنی
توب	ps	توب
توتلى	ps	توتلِى
توديږی	ps	توديږی
تودېږه	ps	تودېږه
تورسری	ps	تورسَری
تورسېلو	ps	تورسېلو
تورمخو	ps	تورمَخو
تورنتوكې	ps	تورَنتوكې
تورونتو	ps	تورونتو
تورپرې	ps	تورْپْرې
تورپوړنۍ	ps	تورپوړنۍ
تورڅلورکسه	ps	تورْڅْلورْکْسه
تورکي	ps	تورکي
توشه	ps	توشه
توصيفي	ps	تَوصيفي
توطيی	ps	تَوطِيی
توكي	ps	توكي
تولنیزی	ps	تولنیزی
توليديږی	ps	توليديږی
تولیدېده	ps	تولیدېده
تولېدېږي	ps	تولېدېږي
تومبي	ps	تومبي
توپيردی	ps	توپيردی
توپيرو	ps	توپيرو
توپيرپه	ps	توپيرپه
توپکو	ps	توپکو
توپکې	ps	توپکې
توپیرنشته	ps	توپیرنشته
توپې	ps	توپې
توکمپوهنه	ps	توکْمْپوهنه
توکوسره	ps	توکوسره
تيتو	ps	تيتو
تيرسي	ps	تيرسي
تيريدله	ps	تيريدله
تيريوه	ps	تيريوه
تيشي	ps	تيشي
تيلېفون	ps	تيلېفون
تيژ	ps	تيژ
تيکنولوجي	ps	تيکَنولوجي
تيګي	ps	تيګي
تپلي	ps	تَپلي
تپى	ps	تَپِى
تړليښه	ps	تړَليښه
تړمد	ps	تړَمْد
تړښتي	ps	تړښتي
تږي	ps	تږي
تښتولىته	ps	تښتولِىته
تښتونونه	ps	تښتونونه
تښتونې	ps	تښتونې
تښتيه	ps	تښتِيه
تکبينو	ps	تکَبينو
تکتيکي	ps	تکَتيکي
تکرم	ps	تَکرَم
تکــــــــــــــل	ps	تَکْــــــــــــــل
تګه	ps	تګه
تڼـۍ	ps	تَڼـۍ
تیبه	ps	تیبه
تیردیرش	ps	تیردیرْش
تیرى	ps	تیرِى
تیرکړ	ps	تیرْکْړ
تیریدل	ps	تیریدل
تیریږو	ps	تیریږو
تیسیرعلونی	ps	تیسیرْعلونی
تیلفونو	ps	تیلفونو
تېروتنو	ps	تېروتنو
تېرودوه	ps	تېرودوه
تېرولى	ps	تېرولِى
تېرځل	ps	تېرځل
تېرکړي	ps	تېرْکْړي
تېرېدنه	ps	تېرېدَنه
تېزولو	ps	تېزولو
تېلو	ps	تېلو
تېيو	ps	تېيو
تېکه	ps	تېکه
ثبوته	ps	ثبوته
ثسو	ps	ثسو
ثقيل	ps	ثقيل
ثمر	ps	ثمر
ثمرې	ps	ثمرې
ثيب	ps	ثيب
ثیلی	ps	ثیلی
جبرب	ps	جبرب
جبري	ps	جبري
جبليه	ps	جبَلَيه
جبې	ps	جبې
جدیدي	ps	جدیدي
جرثقیل	ps	جَرْثْقیل
جرمونوپه	ps	جرمونوپه
جرنېتر	ps	جرنېتر
جريدی	ps	جريدی
جرګګی	ps	جرْګګی
جرگگیو	ps	جرْگگَیو
جریبه	ps	جریبه
جرېان	ps	جرېان
جزئي	ps	جزئي
جزدى	ps	جَزدِى
جزيرو	ps	جَزيرو
جس	ps	جَس
جسيم	ps	جَسيم
جشنی	ps	جَشنی
جعفررضي	ps	جَعفرْرضي
جعه	ps	جعه
جــــــــــــــرګو	ps	جَــــــــــــــرګو
جكړى	ps	جكړى
جلت	ps	جلْت
جلريز	ps	جلريز
جلګه	ps	جلګه
جمع	ps	جمْع
جمعیت	ps	جمعیت
جملـه	ps	جملْـه
جمي	ps	جَمي
جنبشونه	ps	جنْبشونه
جنتونو	ps	جنَتونو
جنج	ps	جنْج
جنشونه	ps	جنشونه
جنيفر	ps	جِنيفر
جنینی	ps	جَنینی
جوتېده	ps	جوتېده
جود	ps	جود
جوز	ps	جوز
جوزېف	ps	جوزېف
جوف	ps	جوف
جولي	ps	جولي
جولې	ps	جولې
جون	ps	جون
جونوسیل	ps	جونوسیل
جوړبلكي	ps	جوړْبْلكي
جوړد	ps	جوړْد
جوړسوددی	ps	جوړسوددی
جوړسې	ps	جوړسې
جوړكړخيال	ps	جوړْكْړْخيال
جوړكړی	ps	جوړْكْړی
جوړنكړي	ps	جوړنكړي
جوړولى	ps	جوړولِى
جوړونکى	ps	جوړونُکِى
جوړيږى	ps	جوړيږِى
جوړکړى	ps	جوړْکړى
جوړیدوسره	ps	جوړیدوسَره
جوړیږيد	ps	جوړیږيد
جوړېده	ps	جوړېده
جوړېدونکې	ps	جوړېدونَکې
جوژ	ps	جوژ
جيبي	ps	جيبي
جيكس	ps	جيكْس
جيلونوته	ps	جيلونوته
جيمينز	ps	جيمينْز
جينلونو	ps	جينلونو
جينکييوپه	ps	جينَکييوپه
جيپوركې	ps	جيپوركې
جټګی	ps	جْټْګی
جړق	ps	جْړْق
جکړي	ps	جکړي
جګي	ps	جګي
جګپوړي	ps	جګپوړي
جګړييزه	ps	جګړَييزه
جګړۍ	ps	جګړۍ
جګېدلې	ps	جګېدلې
جگېږي	ps	جگېږي
جیب	ps	جیب
جیرمی	ps	جیرمی
جیفری	ps	جیفری
جیمزجونز	ps	جیمْزْجونْز
جینو	ps	جینو
جیکبز	ps	جیکبز
جېب	ps	جېب
جېلم	ps	جېلم
حآج	ps	حآج
حب	ps	حب
حبو	ps	حبو
حبيبى	ps	حبيبِى
حبیبي	ps	حبیبي
حتر	ps	حتر
حتميدل	ps	حتَميدل
حجة	ps	حجَة
حدخوبه	ps	حدخوبه
حديت	ps	حديت
حربې	ps	حربې
حرفونه	ps	حرفونه
حركتونو	ps	حرْكْتونو
حسلبه	ps	حسْلبه
حسني	ps	حسني
حسونو	ps	حسونو
حسينيه	ps	حسينيه
حش	ps	حش
حشم	ps	حشْم
حصن	ps	حصْن
حضو	ps	حضو
حضورسره	ps	حضورْسْره
حضیره	ps	حضیره
حـديره	ps	حـديره
حفمل	ps	حفمل
حقه	ps	حقه
حقير	ps	حَقير
حقيقوتو	ps	حَقيقوتو
حقیتونو	ps	حَقیتونو
حقې	ps	حَقې
حكمتونه	ps	حكْمتونه
حكوميت	ps	حكومِيت
حلق	ps	حلْق
حلقې	ps	حلقې
حليفه	ps	حليفه
حلیمی	ps	حلیمی
حمدى	ps	حَمدِى
حمـــــــــــیدي	ps	حَمْـــــــــــیدي
حمۍ	ps	حمۍ
حنفيت	ps	حنفَيت
حيضر	ps	حَيضْر
حيلو	ps	حَيلُو
حپل	ps	حَپْل
حیله	ps	حیله
خبرشولو	ps	خبرشولو
خبركړه	ps	خبرْكْړه
خبرمني	ps	خبرْمني
خبرود	ps	خبرود
خبروکړی	ps	خبروکَړی
خبرکړو	ps	خْبرْکْړو
خبریدل	ps	خْبریدل
خبرېدو	ps	خْبرېدو
خبرېپدې	ps	خْبرېپدې
خبـــر	ps	خْبـــر
خبــــــــــره	ps	خْبــــــــــره
خبلې	ps	خْبلې
خبیب	ps	خَبیب
ختلیزه	ps	ختلیزه
ختمي	ps	خَتمي
ختمیدلو	ps	خَتمیدلو
ختمېدودي	ps	خَتمېدودي
خته	ps	خته
ختيځوسيموكي	ps	ختيځوسيموكي
ختګ	ps	خَتْګ
ختېزه	ps	خْتېزه
خدمــت	ps	خدمــت
خدی	ps	خدی
خرت	ps	خْرَت
خرك	ps	خْرَك
خرمستو	ps	خْرَمْسْتو
خروج	ps	خْرُوج
خرونو	ps	خْرَونو
خروښه	ps	خْرُوښه
خرټی	ps	خْرَټی
خرڅي	ps	خرڅي
خرڅېدله	ps	خرڅېدَله
خرچيلكو	ps	خرچيلَكو
خزندې	ps	خزْندې
خسرګنۍ	ps	خسْرْګنۍ
خشمگین	ps	خشْمْگین
خصو	ps	خصو
خصوصيت	ps	خصوصَيت
خطرمنلوته	ps	خطرمنلوته
خطوط	ps	خَطوط
خـرڅ	ps	خْـرڅ
خـــــ	ps	خْـــــ
خـــــــــــــــو	ps	خْـــــــــــــــو
خـــــــــــټو	ps	خْـــــــــــټو
خـــــــــوړلې	ps	خْـــــــــوړلې
خــــــــړ	ps	خْــــــــړ
خــــولـ	ps	خْــــولْـ
خــــړ	ps	خْــــړ
خـــوبه	ps	خْـــوبه
خـــټو	ps	خْـــټو
خــلــکـو	ps	خْــلَــکُـو
خــوبشر	ps	خْــوبشر
خــورې	ps	خْــورې
خــپــل	ps	خْــپــل
خـلــی	ps	خْـلِــی
خـوب	ps	خْـوب
خـپـلــي	ps	خْـپـلِــي
خلف	ps	خْلَف
خلكم	ps	خْلَكَم
خللكو	ps	خْلَلكو
خلوتګر	ps	خْلُوتګر
خليق	ps	خْلَيق
خليیار	ps	خْلَيیار
خلګوبه	ps	خلګوبه
خلګومچ	ps	خلګومْچ
خلګوڅخه	ps	خلګوڅَخه
خلیجه	ps	خلیجه
خلیک	ps	خلیک
خمیس	ps	خمیس
خنجــــــــــر	ps	خنْجْــــــــــر
آيات	ps	آيات
اخښل	ps	اخښل
الجزایر	ps	الْجزایر
انځورګر	ps	انځورګَر
اېموجي	ps	اېموجي
بالښت	ps	بالښْت
بد	ps	بد
برطانيه	ps	برطانيه
بنج	ps	بَنْج
بيا	ps	بيا
بېرته	ps	بېرته
تيپي	ps	تيپي
جنګ	ps	جنْګ
جې	ps	جې
خوټه	ps	خوْټه
دا	ps	دا
دېرش	ps	دېرْش
رستم	ps	رُستَم
زاڼه	ps	زاڼه
شرمښ	ps	شُرمښ
غر	ps	غَر
غوره	ps	غوْره
لامبل	ps	لامبل
لمسی	ps	لْمَسَی
ماڼۍ	ps	ماڼۍ
مسه	ps	مْسه
منګر	ps	مَنګر
مينه	ps	مينه
مېشت	ps	مېشْت
نيا	ps	نيا
هېر	ps	هېر
ټنډه	ps	ټنډه
پاړو	ps	پاړُو
پرښته	ps	پرښته
پنير	ps	پَنير
پړسوب	ps	پَړسوب
ځغستل	ps	ځْغستل
څانګه	ps	څانګه
چین	ps	چین
ډک	ps	ډَک
ښارو	ps	ښارو
ښکنځل	ps	ښْکنځل
کوربه	ps	کوربه
کړ	ps	کړ
ګرجستان	ps	ګُرجِستان
ګورم	ps	ګورم
تر	ps	تر
کولی	ps	کُولَیَ
دوست	ps	دوسْت
سنت	ps	سنت
ابتدڅخه	ps	ابتدْڅْخه
ابديت	ps	ابديت
ابزرفر	ps	ابزَرفر
ابلس	ps	ابْلْس
ابليسى	ps	ابليسِى
ابني	ps	ابني
اتــل	ps	اتْــل
اتلو	ps	اتلو
اتلولې	ps	اتلولې
اتلڅه	ps	اتْلْڅه
اتمر	ps	اتمَر
اتمى	ps	اتمِى
اتنيکي	ps	اتنيکي
اتو	ps	اتو
اتور	ps	اتور
اتولو	ps	اتولو
اتومفسد	ps	اتومفَسْد
اتينی	ps	اتينی
اتيژيکی	ps	اتيژيکی
اتی	ps	اتی
اتیت	ps	اتیت
اتیژیکو	ps	اتیژیکو
اثرکي	ps	اثَرکي
اثير	ps	اثير
اجت	ps	اجْت
اجرآتو	ps	اجْرآتو
اجم	ps	اجْم
اجمير	ps	اجمير
اجي	ps	اجي
احدىچې	ps	احَدِىچې
احسنه	ps	احْسنه
احمدبه	ps	احمدبه
احمدزی	ps	احمدزی
احمدوردګ	ps	احمدوْرْدِګ
احمدی	ps	احْمدی
احمق	ps	احمِق
احيته	ps	احيته
احکم	ps	احکِم
اخبره	ps	اخْبره
اختر	ps	اختر
اختردې	ps	اختردې
اخترورځ	ps	اخْترورْځ
اخترپه	ps	اخترپه
اخـــــــــــتر	ps	اخـــــــــــتر
اخـلـی	ps	اخـلِـی
اخليته	ps	اخليته
اخندي	ps	اخْندي
اخيركي	ps	اخيركي
اخيری	ps	اخيری
اخيستلوپه	ps	اخيسْتلوپه
اخيسى	ps	اخيسِى
اخپلې	ps	اخْپلې
اخیتسې	ps	اخیتسې
اخیزه	ps	اخیزه
اخیستلوسره	ps	اخیسْتلوسره
اخیسیتی	ps	اخیسیتی
اخېستنه	ps	اخېسْتنه
ادته	ps	ادَته
ادزړه	ps	ادْزْړه
ادم	ps	ادَم
ادمیت	ps	ادَمیت
ادونه	ps	ادُونه
ار	ps	ار
اربکیو	ps	ارْبکِیو
ارتروزه	ps	ارْتروزه
ارتې	ps	ارتې
ارجله	ps	ارْجْله
ارزښتمنه	ps	ارزښْتْمنه
ارزښمن	ps	ارزَښمَن
ارلګيدنې	ps	ارْلْګيدنې
ارن	ps	ارْن
ارنې	ps	ارنې
اريد	ps	اريد
اريه	ps	ارَيه
ارپوهنې	ps	ارپوهنې
ارډن	ps	ارْډْن
ارګولیس	ps	ارګولیس
اریکړ	ps	اریکْړ
ازآل	ps	ازآل
ازبكي	ps	ازْبْكي
ازبین	ps	ازبین
ازدل	ps	ازدل
ازشيوه	ps	ازشيوه
ازلي	ps	ازَلي
ازمو	ps	ازمو
ازمويولو	ps	ازمويولو
ازچه	ps	ازچه
اسبیست	ps	اسبیسْت
استرلېا	ps	اسْتْرلېا
استيتيک	ps	استيتيک
استيکي	ps	استيکي
اسدبه	ps	اسدبه
اسكېرلى	ps	اسكېرلى
اسلحى	ps	اسْلحى
اسمبلي	ps	اسْمْبْلي
اسن	ps	اسْن
اسويلى	ps	اسُويلى
اسوېلى	ps	اسَوېلى
اسټري	ps	اسْټْري
اسپوری	ps	اسپوری
اسکندریه	ps	اسکنْدرَیه
اسیر	ps	اسیر
اشكمش	ps	اشْكْمش
اصلزي	ps	اصْلزي
اصيلو	ps	اصيلُو
اطریش	ps	اطریش
اظ	ps	اظ
افتونی	ps	افتونی
افرن	ps	افرَن
افریدي	ps	افریدي
افزون	ps	افزون
افسردی	ps	افسَردی
افسوسچی	ps	افسوسچی
افین	ps	افین
اقتص	ps	اقتِص
اكتوبر	ps	اكتوبَر
اكټوبر	ps	اكټوبَر
اكېډمۍ	ps	اكېډَمۍ
الأمي	ps	الَأمي
البجيرمي	ps	البَجيرمي
البطن	ps	البَطْن
البقرة	ps	البَقرَة
البي	ps	البَي
التعظيم	ps	التعظيم
الج	ps	الْج
الجثه	ps	الْجْثه
الجزیری	ps	الْجْزیری
الجليس	ps	الْجليس
الجيد	ps	الجيد
الحركة	ps	الحركة
الحكميه	ps	الْحكَمَيه
الحور	ps	الْحوْرْ
الذين	ps	الذين
الزم	ps	الْزْم
السبیل	ps	الْسْبیل
السديس	ps	الْسْديس
السفر	ps	الْسْفْر
السيل	ps	السيل
الشرعيه	ps	الشرعَيه
الشقري	ps	الشَقري
الشکري	ps	الشُکري
العربیه	ps	العَرَبِیه
العسری	ps	العَسری
العقل	ps	العَقْل
الفتيار	ps	الْفتيار
الفي	ps	الفي
القرى	ps	الْقرَى
الكبيرة	ps	الكَبيرَة
الكريات	ps	الْكريات
الكميات	ps	الْكميات
المدینه	ps	الْمدینه
المركز	ps	المَركَز
المسرفين	ps	المُسرِفين
المسيء	ps	المَسيء
المل	ps	المَل
المللى	ps	المَللِى
المنزله	ps	المنْزله
الموتپه	ps	المُوتْپه
الميپک	ps	المِيپَک
النحيل	ps	النَحيل
النسله	ps	النسله
النعم	ps	الْنْعَم
النوب	ps	النوب
الوتكى	ps	الوْتكى
الوتني	ps	الوْتني
الوتی	ps	الوْتی
الوخيل	ps	الوْخيل
الوزې	ps	الوْزې
الولي	ps	الوْلي
الوځې	ps	الوْځې
الکرسي	ps	الکُرسي
الکعبة	ps	الکَعبَة
الګمینه	ps	الْګمینه
الیدی	ps	الیدی
امبر	ps	امبَر
امت	ps	امَت
امتک	ps	امتَک
امدين	ps	امدين
امرته	ps	امَرَته
امريكنې	ps	امريكنې
امريکيت	ps	امريکيت
امرکی	ps	امْرْکی
امریکن	ps	امریکن
امـــــــــــــــــــن	ps	امـــــــــــــــــــن
امنتیت	ps	امَنَتیت
امنى	ps	امَنِى
امنیسټی	ps	امَنیسټی
امنېتي	ps	امَنېتي
اميدې	ps	اميدې
اميزي	ps	اميزي
اميلي	ps	اميلي
امیت	ps	امیت
امیرزی	ps	امیرزی
امیرگل	ps	امیرگل
انتر	ps	انتر
انترنيټ	ps	انترنيټ
انتل	ps	انتل
انتيجن	ps	انتيجن
انجن	ps	انْجْن
انجو	ps	انجو
انجينبر	ps	انجينبر
انجينيرسيف	ps	انجينيرسيف
انجین	ps	انجین
انجینري	ps	انجینَري
انحنأ	ps	انحنأ
اندبيخ	ps	انْدبيخ
انددى	ps	انْددِى
اندرز	ps	اندرْز
اندرين	ps	انْدرين
اندكه	ps	انْدكه
انديښنى	ps	انديښنِى
اندڅومره	ps	انْدْڅومره
اندګۍ	ps	انْدْګۍ
اندیښنی	ps	اندیښنی
اندېښمند	ps	اندېښمنْد
انرژی	ps	انْرْژی
انسکوره	ps	انْسْکوره
انشق	ps	انْشْق
انوب	ps	انوب
انوپيس	ps	انوپيس
انيترپول	ps	انيتْرْپول
انيستلې	ps	انيسْتْلې
انيمو	ps	انيمو
انژي	ps	انژي
انیدو	ps	انیدو
انیسي	ps	انیسي
انېزل	ps	انېزل
اهد	ps	اهد
اهلبېت	ps	اهلْبېت
اهلۍ	ps	اهلۍ
اهمې	ps	اهمې
اهيميت	ps	اهيمَيت
اوبدته	ps	اوبْدْته
اوبدلى	ps	اوبْدلِى
اوبدني	ps	اوبْدْني
اوبربریت	ps	اوبْرْبْریت
اوبرگی	ps	اوبْرْگی
اوبشرته	ps	اوبْشْرْته
اوبصيرت	ps	اوبصيرِت
اوبللورته	ps	اوبْللورته
اوبلۍ	ps	اوبلۍ
اوبن	ps	اوبْن
اوبنن	ps	اوبنن
اوبيائی	ps	اوبيائی
اوبيلتون	ps	اوبيلْتوْنْ
اوبډې	ps	اوبډې
اوبۀ	ps	اوبۀ
اوبېلګه	ps	اوبېلګه
اوترمذي	ps	اوترْمذي
اوترورله	ps	اوتَرورله
اوترټولووړه	ps	اوترټولووړه
اوترچې	ps	اوترچې
اوتری	ps	اوتَری
اوتش	ps	اوتْش
اوتصديق	ps	اوتْصْديق
اوتفسيركولو	ps	اوتفسيركولو
اوتوپيره	ps	اوتوپيره
اوتيل	ps	اوتيل
اوتکسی	ps	اوتْکْسی
اوتڼي	ps	اوتڼي
اوتیزي	ps	اوتیزي
اوث	ps	اوث
اوجته	ps	اوجته
اوجره	ps	اوجره
اوخدمت	ps	اوخْدْمت
اوخرید	ps	اوخرید
اوخلك	ps	اوخلِك
اوخلګو	ps	اوخلِګو
اوخنده	ps	اوخْنده
اوخود	ps	اوخود
اوخوندور	ps	اوخوندور
اوخپله	ps	اوخْپْله
اوخپلى	ps	اوخْپْلِى
اودبدو	ps	اودبَدو
اودبشر	ps	اودبَشْر
اودبشری	ps	اودبَشری
اودبنديدو	ps	اودبَنديدو
اودبوش	ps	اودبوش
اودت	ps	اودْت
اودتدریس	ps	اودتَدریس
اودرديدلو	ps	اودَرديدلو
اودرملتون	ps	اودَرملْتوْنْ
اودري	ps	اودَري
اودریم	ps	اودَریم
اودست	ps	اودَسْت
اودسپلین	ps	اودسپلین
اودسیمی	ps	اودسیمی
اودشمیر	ps	اودْشمیر
اودصميم	ps	اودْصميم
اودطریقت	ps	اودْطریقت
اودمل	ps	اودمَل
اودميل	ps	اودميل
اودمکې	ps	اودمَکې
اودنو	ps	اودنو
اودټولنی	ps	اودټولنی
اودپریس	ps	اودْپْریس
اودپيسو	ps	اودپيسو
اودپښتوژبې	ps	اودپښتوژَبې
اودچم	ps	اودچم
اودښته	ps	اودْښته
اورب	ps	اورْب
اورحيم	ps	اورحيم
اورو	ps	اورو
اوروزنه	ps	اوروزنه
اوروسوځيد	ps	اوروسوځيد
اوروژنه	ps	اوروژنه
اورى	ps	اورِى
اوريدل	ps	اوريدَل
اوريدلی	ps	اوريدلی
اوريوپه	ps	اورَيوپه
اوريګن	ps	اوريګَن
اورپكو	ps	اورْپْكو
اورځني	ps	اورْځْني
اورښتو	ps	اورْښْتو
اورښخ	ps	اورْښْخ
اورکښي	ps	اورْکْښي
اوستری	ps	اوسْتْری
اوسته	ps	اوسته
اوستى	ps	اوستِى
اوسخته	ps	اوسْخْته
اوسربېرن	ps	اوسربېرْن
اوسرورديد	ps	اوسروْرديد
اوسطى	ps	اوسَطى
اوسلطنتی	ps	اوسُلطَنتی
اوسمتي	ps	اوسَمتي
اوسملکه	ps	اوسَملکه
اوسنتي	ps	اوسَنتي
اوسنو	ps	اوسَنُو
اوسنی	ps	اوسَنی
اوسنۍهلي	ps	اوسَنۍهلي
اوسيدني	ps	اوسيدني
اوسيف	ps	اوسيف
اوسيمو	ps	اوسيمو
اوسيک	ps	اوسيک
اوسپنبز	ps	اوسْپْنْبْز
اوسپنې	ps	اوسْپنې
اوسپکو	ps	اوسْپکو
اوسپېڅلی	ps	اوسپېڅلی
اوسینو	ps	اوسینو
اوسېدلي	ps	اوسېدلي
اوشخړه	ps	اوشْخْړه
اوشرمندګي	ps	اوشْرْمنْدْګي
اوشكل	ps	اوشْكْل
اوشونډود	ps	اوشونډود
اوشیعه	ps	اوشیعه
اوصحت	ps	اوصَحَت
اوصلیبی	ps	اوصَلیبی
اوكرپشن	ps	اوكْرْپْشن
اوكلتور	ps	اوكْلْتور
اوكم	ps	اوكْم
اوكه	ps	اوكه
اوكوچنى	ps	اوكوچنِى
اوكيني	ps	اوكيني
اولرم	ps	اولرْم
اولسو	ps	اولسو
اولسى	ps	اولسِى
اولــ	ps	اولْــ
اولمرت	ps	اولمرْت
اولمیر	ps	اولمیر
اولګښت	ps	اولْګْښْت
اولیدلې	ps	اولیدلې
اومرتبه	ps	اومرْتبه
اومرور	ps	اومَرور
اومستو	ps	اومستو
اومطلقه	ps	اومَطَلَقه
اومقدس	ps	اومقدس
اومكلفيتونه	ps	اومْكْلفيتونه
اومورووژله	ps	اومورووژَله
اوموسی	ps	اوموسی
اومومي	ps	اومومي
اوموټريي	ps	اوموټَريي
اومي	ps	اومي
اوميرژكه	ps	اوميرْژْكه
اومينې	ps	اومينې
اومړکړل	ps	اومْړْکْړل
اومکلفيت	ps	اومکلفَيت
اومینه	ps	اومینه
اومېرمن	ps	اومېرمَن
اونجیل	ps	اونَجیل
اونظم	ps	اونَظَم
اونــــــه	ps	اونْــــــه
اوننه	ps	اونَنه
اونوردي	ps	اونوْرْدي
اونورمسلکي	ps	اونوْرْمَسلَکي
اونيشه	ps	اونيشه
اونيمه	ps	اونيمه
اونړی	ps	اونړی
اونړیی	ps	اونړَیی
اونژدې	ps	اونْژْدې
اونیمروزکی	ps	اونیمروزکی
اونۍمخكي	ps	اونۍمخكي
اونېږدې	ps	اونېږدې
اوهرې	ps	اوهرې
اوهضمی	ps	اوهضْمی
اوهمصنفي	ps	اوهمْصنفي
اوهوټلونو	ps	اوهوټلونو
اووتنو	ps	اووتْنو
اووحشی	ps	اووحشی
اووښتی	ps	اووښتی
اووګړی	ps	اووګْړی
اوټو	ps	اوټو
اوټیټ	ps	اوټیټ
اوپد	ps	اوپْد
اوپرديوته	ps	اوپْرْدَيوته
اوپرفلم	ps	اوپْرْفلم
اوپښتو	ps	اوپښتو
اوپښتوژبه	ps	اوپښتوژَبه
اوپیک	ps	اوپیک
اوځ	ps	اوځ
اوځلوويښت	ps	اوځَلوويښْت
اوځمکی	ps	اوځَمَکی
اوڅرخ	ps	اوڅرْخ
اوڅلوركوټې	ps	اوڅلوركوټې
اوڅو	ps	اوڅو
اوڅيړونکو	ps	اوڅيړونَکو
اوڅیړنه	ps	اوڅیړَنه
اوچت	ps	اوچَت
اوچتېدل	ps	اوچَتېدل
اوچمتودي	ps	اوچَمتودي
اوچيکړې	ps	اوچيکړې
اوچیږيعجبه	ps	اوچیږيعجبه
اوډل	ps	اوډْل
اوډيرې	ps	اوډيرې
اوډیزو	ps	اوډیزو
اوډېرى	ps	اوډېرِى
اوړيدومخه	ps	اوړيدومَخه
اوږ	ps	اوږ
اوږدوم	ps	اوږدوم
اوږدکړی	ps	اوږْدْکْړی
اوږدېدل	ps	اوږدېدل
اوږډه	ps	اوږډه
اوژبنۍ	ps	اوژْبنۍ
اوښځه	ps	اوښځه
اوښۀ	ps	اوښۀ
اوکتلې	ps	اوکْتلې
اوکليو	ps	اوکليو
اوکلې	ps	اوکلې
اوکيفيت	ps	اوکيفيت
اوکړنه	ps	اوکْړْنه
اوکړکۍ	ps	اوکْړْکۍ
اوکیسه	ps	اوکیسه
اوکې	ps	اوکې
اوګد	ps	اوګْد
اوګرديز	ps	اوګَرديز
اوګروپي	ps	اوګروپي
اوګډو	ps	اوګډو
اوګڼو	ps	اوګڼو
اویرو	ps	اویرو
اویوشمېرنورو	ps	اویوشمېرنورو
اياسرشميرنه	ps	اياسرشميرنه
ايزم	ps	ايزْم
ايستلت	ps	ايستلْت
ايستنه	ps	ايسْتنه
ايستۍ	ps	ايستۍ
ايسى	ps	ايسِى
ايشتل	ps	ايشتل
ايشي	ps	ايشي
ايښو	ps	ايښو
ايښودو	ps	ايښودو
ايښی	ps	ايښی
اټكه	ps	اټكه
اټو	ps	اټو
اټومونه	ps	اټومونه
اټيکي	ps	اټيکي
اپت	ps	اپْت
اپري	ps	اپري
اپریدي	ps	اپریدي
اپرېشنونه	ps	اپرېشَنونه
اپلتې	ps	اپْلتې
اپوره	ps	اپوره
اپوزيشن	ps	اپوزيشن
اپډیټ	ps	اپډیټ
اپینه	ps	اپینه
اځمه	ps	اځمه
اڅکزۍ	ps	اڅْکْزۍ
اچولي	ps	اچولي
اچين	ps	اچين
اډوکي	ps	اډوکي
اړخيزو	ps	اړخيزو
اړخیزې	ps	اړخیزې
اړشي	ps	اړشي
اړولی	ps	اړوْلی
اړي	ps	اړي
اړيكی	ps	اړيكی
اړيکه	ps	اړيکه
اړيکوپه	ps	اړيکوپه
اړینه	ps	اړینه
اژوبلې	ps	اژوْبلې
اښکو	ps	اښکُو
اکتريت	ps	اکْتريت
اکتوبر	ps	اکتوبر
اکتيويتي	ps	اکتيويتي
اکثرخوښوي	ps	اکثرخوښُوي
اکرون	ps	اکرون
اکسفور	ps	اکْسْفور
اکله	ps	اکله
اکمی	ps	اکمی
اکښون	ps	اکښون
اګثرو	ps	اګْثْرو
اګرو	ps	اګرو
اگست	ps	اگْسْت
اڼـــه	ps	اڼْـــه
اۀ	ps	اۀ
ایان	ps	ایان
ایکې	ps	ایکې
ببرك	ps	ببرك
ببرکزی	ps	ببرکزی
ببينم	ps	ببينم
بتر	ps	بتر
بتم	ps	بتم
بتوی	ps	بتوی
بجلی	ps	بجلی
بجېپته	ps	بجېپته
بحريې	ps	بَحرِيې
بحمده	ps	بحْمده
بحیره	ps	بحیره
بختی	ps	بخَتی
بخشو	ps	بخشو
بخـــــــــتور	ps	بخـــــــــتور
بخملی	ps	بخْمْلی
بخوبی	ps	بخوبی
بخښني	ps	بخْښني
بخیله	ps	بخیله
بدبینه	ps	بدبینه
بدترڅخه	ps	بدترْڅْخه
بددرپسی	ps	بددرْپْسی
بدرپه	ps	بدْرپه
بدسلوکي	ps	بدْسْلوکي
بدقســمت	ps	بدقســمَت
بدلمنی	ps	بدَلْمنی
بدليدل	ps	بدَليدَل
بدليږ	ps	بدَليږ
بدنوشۍ	ps	بدَنوشۍ
بدنیته	ps	بدَنیته
بدوست	ps	بدوسْت
بدونو	ps	بدونو
بدوړی	ps	بدوړی
بديد	ps	بديد
بذلك	ps	بَذْلْك
بربريان	ps	بْربريان
برترى	ps	بْرْتْرى
برجينر	ps	بْرْجينر
برخـــــــــــــــه	ps	بْرْخْـــــــــــــــه
برديدوكړي	ps	بَرديدوكړي
برزخ	ps	بَرزَخ
برسد	ps	برَسد
برسۍ	ps	برَسۍ
برشور	ps	برَشور
برليتز	ps	بَرليتْز
برمتی	ps	بَرمَتی
برنتي	ps	بَرنَتي
برنټ	ps	بَرْنْټ
بروسه	ps	بروسه
برونزو	ps	بَرونزو
بروهلې	ps	بْروهلې
بريادده	ps	بْريادده
بريتش	ps	بْريتْش
بريدمل	ps	بْريدمَل
بريدچې	ps	بْريدچې
بريدکړى	ps	بْريدْکْړِى
بريــښي	ps	بْريــښي
برين	ps	بْرين
بريټيش	ps	بْريټيش
بريښي	ps	بْريښي
برچی	ps	بَرچی
برکو	ps	بَرکُو
برګه	ps	برګه
برگه	ps	برگه
بریدسره	ps	بْریدْسْره
بریدنې	ps	بْریدنې
بریدکو	ps	بْریدکو
بریدگي	ps	بْریدگي
بریمنده	ps	بْریمْنْده
بریښلیک	ps	بْریښلیک
بریښیز	ps	بْریښیز
برېښېدى	ps	بْرېښېدِى
بزرگش	ps	بْزَرْگْش
بزنند	ps	بْزْنْنْد
بزگرته	ps	بزگرته
بستردى	ps	بستردى
بستز	ps	بستَز
بســــمل	ps	بســــمِل
بسمل	ps	بسمِل
بسوخت	ps	بسوخْت
بشر	ps	بشْر
بشرسره	ps	بشْرْسْره
بشرې	ps	بشرې
بشيربن	ps	بشيربن
بشپړتوګه	ps	بشپړتوګه
بشپړول	ps	بشْپړول
بشپړيدل	ps	بشْپړيدل
بشپړې	ps	بشْپړې
بشیر	ps	بشیر
بصرين	ps	بصرين
بصيردملي	ps	بصيردملي
بض	ps	بض
بطي	ps	بطي
بعدې	ps	بعَدې
بـده	ps	بـده
بــرګ	ps	بــرْګ
بـــس	ps	بـــس
بـــــايـــــد	ps	بَـــــايـــــد
بــــــدلــــوي	ps	بــــــدْلــــوي
بــــــــــــــشریت	ps	بــــــــــــــشَریت
بــــــــــه	ps	بْــــــــــه
بــــلد	ps	بــــلْد
بــــی	ps	بِــــی
بـــودند	ps	بْـــودنْد
بــوج	ps	بْــوج
بـیده	ps	بْـیده
بفضلک	ps	بفْضلک
بقرة	ps	بقرَة
بقي	ps	بقي
بكس	ps	بكْس
بكټي	ps	بكټي
بلب	ps	بلْب
بلبلې	ps	بلبُلې
بلخي	ps	بلخي
بلده	ps	بلَده
بلدیت	ps	بلَدیت
بلــــــــــــــــــــــــــخ	ps	بلَــــــــــــــــــــــــــخ
بللې	ps	بلَلې
بلنــــــــــــــــــــ	ps	بلَنْــــــــــــــــــــ
بلنې	ps	بلَنې
بليري	ps	بْليري
بلژبو	ps	بْلْژْبُو
بلیدو	ps	بْلیدُو
بمبي	ps	بمبَي
بمردم	ps	بمْرْدم
بنآ	ps	بنآ
بندرته	ps	بندرته
بندشو	ps	بَنْدْشُو
بندوي	ps	بَندُوي
بندکي	ps	بنْدْکي
بندېز	ps	بندېز
بنـــده	ps	بنـــده
بنف	ps	بنْف
بنى	ps	بنِى
بنځمه	ps	بنْځْمه
بنېا	ps	بنېا
بيابښنه	ps	بيابښَنه
بياخپله	ps	بياخپَله
بياپرې	ps	بياپرې
بيبيسي	ps	بيبيسي
بيتو	ps	بيتو
بيجن	ps	بيجن
بيخو	ps	بيخو
بيديدو	ps	بيديدو
بيرحمو	ps	بيرْحْمو
بيرل	ps	بيرْل
بيسک	ps	بيسْک
بيشميره	ps	بيشميره
بيــــــــ	ps	بيــــــــ
بيفتد	ps	بيفتَد
بيل	ps	بيل
بيلرته	ps	بيلرته
بيلکه	ps	بيلکه
بينيم	ps	بينيم
بټو	ps	بْټو
بټې	ps	بټې
بڅ	ps	بڅ
بړبوکي	ps	بَړبوکي
بړيڅ	ps	بْړيڅ
بړیږې	ps	بْړیږې
بکرة	ps	بَکرَة
بکسونو	ps	بَکسونُو
بکنند	ps	بَکنَنْد
بګتي	ps	بَګَتي
بګنۍ	ps	بګنۍ
بګټى	ps	بِګټِى
بګېل	ps	بِګېل
بگذردآب	ps	بگْذْردآب
بگذشت	ps	بِگْذْشت
بڼسټیزی	ps	بڼْسْټیزی
بیاپدې	ps	بیاپدې
بیاکډه	ps	بیاکډه
بیخبره	ps	بیخْبره
بیرحمۍ	ps	بیرْحْمۍ
بیرله	ps	بیرله
بیري	ps	بیري
بیرې	ps	بیرې
بیسم	ps	بیسْم
بیظیر	ps	بیظیر
بیلتو	ps	بیلتو
بیلګه	ps	بیلګه
بیلیدو	ps	بیلیدُو
بین	ps	بین
بینیم	ps	بینیم
بیړنې	ps	بیړنې
بیښي	ps	بیښي
بیګلي	ps	بیګلي
بېخرتو	ps	بېخْرْتو
بېخړتې	ps	بېخْړْتې
بېدینه	ps	بېدینه
بېرل	ps	بېرْل
بېروني	ps	بېروني
بېری	ps	بېری
بېرېږي	ps	بېرېږي
بېعته	ps	بېعته
بېــــــګم	ps	بېــــــګَم
بېنس	ps	بېنْس
بېهوشه	ps	بېهوشه
بېړنى	ps	بېړنى
بېښور	ps	بېښور
تآمين	ps	تآمين
تأسيس	ps	تَأسيس
تأمين	ps	تَأمين
تؤم	ps	تؤم
تب	ps	تَب
تبتي	ps	تبَتي
تبرزین	ps	تَبرَزین
تبريکي	ps	تَبريکي
تبرېز	ps	تَبرېز
تتلي	ps	تَتلي
تثبيت	ps	تَثبيت
تجتمع	ps	تَجتَمع
تجری	ps	تَجری
تجزيى	ps	تَجزيى
تجـــربو	ps	تَجْـــرْبُو
تجمل	ps	تَجمَل
تحدين	ps	تَحدين
تحريف	ps	تَحريف
تحریف	ps	تَحریف
تحف	ps	تَحْف
تحقی	ps	تَحقی
تحليلګر	ps	تَحليلګَر
تحمیلږی	ps	تحمیلږَی
تحکم	ps	تَحکُم
تخنيك	ps	تخنيك
تخنیکي	ps	تخنیکي
تد	ps	تد
تدبیرونه	ps	تدبیرونه
تدريجي	ps	تدريجي
تدرټولو	ps	تدْرْټولو
تدرېس	ps	تدرېس
تذكره	ps	تذْكره
تذکرت	ps	تذْکرت
تربم	ps	تربم
تربيي	ps	تربيي
ترتختې	ps	ترتختې
ترتګ	ps	ترتګ
ترتېر	ps	ترتېر
ترجمين	ps	ترْجمين
ترجوړېدو	ps	ترجوړېدو
ترخبرو	ps	ترخبرو
ترخو	ps	ترخو
ترخوله	ps	ترخوله
ترخپلې	ps	ترْخْپلې
ترديرشو	ps	ترديرشو
تررسمي	ps	ترْرْسمي
ترز	ps	ترْز
ترزيق	ps	ترزيق
ترسرليک	ps	ترسرليک
ترشلمي	ps	ترْشْلمي
ترشپيته	ps	ترْشْپيته
ترصيم	ps	ترصيم
ترفلک	ps	ترْفْلک
ترقۍ	ps	ترقۍ
تركي	ps	تركي
ترلس	ps	ترْلْس
ترلسګونو	ps	ترْلْسْګونو
ترلوست	ps	ترلوسْت
ترمزله	ps	ترْمْزله
ترمنح	ps	ترْمنح
ترميموي	ps	ترميموي
ترمينولوژی	ps	ترمينولوژی
ترمیذی	ps	ترمیذی
ترمینلونو	ps	ترمینلونو
ترنرو	ps	ترْنرو
ترنوروبه	ps	ترنوروبه
ترنوم	ps	ترنوم
ترورو	ps	ترورو
تروريم	ps	تروريم
ترورې	ps	ترورې
تروشې	ps	تروشې
ترونو	ps	ترونو
تريـــخ	ps	تْريـــخ
ترينو	ps	تْرينو
تريويدو	ps	تْريويدو
ترپخی	ps	ترْپْخی
ترپـښو	ps	ترْپـښو
ترپولي	ps	ترپولي
ترپکې	ps	ترْپکې
ترځو	ps	ترځو
ترځووکولی	ps	ترځووکولی
ترڅلورم	ps	ترْڅْلورْم
ترڅوجنسي	ps	ترڅوجْنْسي
ترڅوسوچه	ps	ترڅوسوچه
ترڅوورته	ps	ترڅوورته
ترڅويي	ps	ترڅويي
ترڅوښه	ps	ترڅوښه
ترڅیړنو	ps	ترڅیړَنو
ترژبې	ps	ترْژْبې
ترښځ	ps	ترْښْځ
ترکتنی	ps	ترْکْتْنی
ترکم	ps	ترْکْم
ترکمپنۍ	ps	ترْکْمْپنۍ
ترکوم	ps	ترکوم
ترګوتو	ps	ترګوتو
ترګڼو	ps	ترْګْڼو
ترېشل	ps	تْرېشل
تسبې	ps	تْسبې
تســـــــليم	ps	تْســـــــليم
تسليمۍ	ps	تسليمۍ
تسمى	ps	تسمِى
تسکیني	ps	تسکیني
تشخيص	ps	تشخيص
تشديد	ps	تشديد
تشریح	ps	تشریح
تشــــکر	ps	تشــــکر
تشوژمنو	ps	تشوژَمَنو
تشکيلولو	ps	تشکيلولو
تشکیلوله	ps	تشکیلوله
تصدي	ps	تصَدي
تصدېقولى	ps	تصَدېقولى
تط	ps	تَط
تطبيقی	ps	تَطبيقی
تظمینول	ps	تَظمینول
تعبيرونو	ps	تَعبيرونو
تعبیرنه	ps	تَعبیرنه
تعرضي	ps	تَعرَضي
تعريفولی	ps	تَعريفولی
تعزيت	ps	تَعزيت
تعصبی	ps	تَعصَبی
تعطي	ps	تَعطي
تعق	ps	تَعْق
تعل	ps	تَعْل
تعلمیافته	ps	تعْلمیافته
تعليمه	ps	تعليمه
تعلیمه	ps	تعلیمه
تعميد	ps	تَعميد
تعمیرونه	ps	تعمیرونه
تـر	ps	تَـر
تــ	ps	تــ
تــر	ps	تــر
تـــعـــقــیــبـه	ps	تـــعـــقْــیــبْـه
تــــرمخ	ps	تــــرمخ
تـــــر	ps	تـــــر
تـــــــر	ps	تـــــــر
تــــــــــــ	ps	تــــــــــــ
تـــــــــــه	ps	تْـــــــــــه
تــــــــه	ps	تْــــــــه
تــــل	ps	تَــــل
تـــورمې	ps	تْـــورمې
تـــې	ps	تْـــې
تـلـقــیـن	ps	تَـلـقْــیـن
تـه	ps	تْـه
تـول	ps	تْـول
تفتېش	ps	تَفتېش
تفرقې	ps	تَفرَقې
تفریقې	ps	تَفریقې
تفسیرکي	ps	تَفسیرکي
تفصی	ps	تَفصی
تفقه	ps	تفقه
تفنښى	ps	تَفْنْښِى
تقبله	ps	تقَبَله
تقديس	ps	تَقديس
تقريبأ	ps	تَقريبَأ
تقســـــــــــيميږي	ps	تَقسْـــــــــــيميږي
تقلب	ps	تَقَلْب
تقلیدته	ps	تقلیدته
تكثيرېدو	ps	تَكثيرېدو
تكس	ps	تَكْس
تكليف	ps	تَكليف
تلتک	ps	تَلتَک
تلق	ps	تَلْق
تللو	ps	تَللو
تللی	ps	تَللی
تلوپریکړه	ps	تلوپریکړه
تليفونو	ps	تليفونو
تلک	ps	تلْک
تلین	ps	تلین
تم	ps	تم
تمبول	ps	تَمبول
تمدیدمخه	ps	تمدیدْمخه
تمرينی	ps	تمَرينی
تمين	ps	تمين
تمیمي	ps	تمیمي
تنبل	ps	تنبل
تنجم	ps	تنجم
تنـو	ps	تنْـو
تنود	ps	تنود
تنومړي	ps	تنومړي
تنکو	ps	تنَکو
توحیدي	ps	توحیدي
توخی	ps	توخی
توديږې	ps	توديږې
تودېږي	ps	تودېږي
تورزخم	ps	تورَزْخْم
تورسرۍ	ps	تورسَرۍ
تورشو	ps	تورشو
تورنتوپه	ps	تورنتوپه
توروته	ps	توروته
توروكه	ps	توروكه
تورونرى	ps	تورونرِى
تورپستو	ps	تورپستو
تورپوښي	ps	تورپوښي
تورڅوك	ps	تورڅوك
تورکيسه	ps	تورکيسه
توصيه	ps	تُوصَيه
توضيحي	ps	تَوضيحي
توطيې	ps	تَوطِيې
تولسي	ps	تولسي
تولنې	ps	تولنې
توليديږې	ps	توليديږې
تولیدېږي	ps	تولیدېږي
توم	ps	توم
تومت	ps	تومْت
توپيرځه	ps	توپيرځه
توپی	ps	توپی
توپېر	ps	توپېر
توکرو	ps	توکرو
توکمپوهنيزو	ps	توکْمْپوهنيزو
توکو	ps	توکو
توکوپه	ps	توکوپه
توګوګه	ps	توګوګه
تيتول	ps	تيتول
تيردو	ps	تيردُو
تيرشه	ps	تيرشه
تيرشى	ps	تيرشِى
تيريدلو	ps	تيريدلُو
تيرېدني	ps	تيرېدني
تيزس	ps	تيزس
تيعين	ps	تيعين
تيك	ps	تيك
تيم	ps	تيم
تيينو	ps	تِيينو
تيژني	ps	تيژني
تيکه	ps	تيکه
تيګې	ps	تيګې
تپلی	ps	تَپلی
تپي	ps	تَپي
تپې	ps	تَپې
تړليې	ps	تړَلَيې
تړمكه	ps	تړمكه
تښتولي	ps	تښتولي
تښتيږي	ps	تښتيږي
تښی	ps	تښی
تکبیر	ps	تکَبیر
تکتيکې	ps	تکَتيکې
تکريت	ps	تَکريت
تکــــــړه	ps	تکــــــړه
تکمیلېدو	ps	تَکمیلېدُو
تکې	ps	تَکې
تیت	ps	تیت
تیرر	ps	تیرْر
تیرشوم	ps	تیرشوم
تیرنشو	ps	تیرْنْشو
تیري	ps	تیري
تیرکړل	ps	تیرْکْړل
تیریږي	ps	تیریږي
تیرېدنې	ps	تیرېدنې
تیشته	ps	تیشته
تیږي	ps	تیږي
تېرسي	ps	تېرَسي
تېروتنوته	ps	تېروتنوته
تېرولې	ps	تېرولې
تېرين	ps	تېرين
تېرځلي	ps	تېرْځلي
تېرکړی	ps	تېرْکْړی
تېرې	ps	تېرې
تېرېدني	ps	تېرېدَني
تېرېدوڅخه	ps	تېرېدوڅخه
تېزي	ps	تېزي
تېکي	ps	تېکي
ثبب	ps	ثبَب
ثبوتو	ps	ثبوتو
ثروتمنده	ps	ثروتمنده
ثـ	ps	ثْـ
ثلثه	ps	ثلثه
ثمن	ps	ثمن
ثوبه	ps	ثوبه
ثير	ps	ثير
جبريل	ps	جبريل
جبلی	ps	جبَلی
جبېره	ps	جبېره
جدت	ps	جدَت
جدون	ps	جدون
جدیدې	ps	جدیدې
جرج	ps	جَرْج
جرقدوق	ps	جَرْقْدوق
جره	ps	جره
جريدې	ps	جريدې
جرګه	ps	جرګه
جریبو	ps	جریبو
جزرومد	ps	جَزرومد
جزيرى	ps	جَزيرِى
جشکن	ps	جَشکن
جعو	ps	جَعو
جكړي	ps	جكړي
جلبل	ps	جلْبْل
جلتې	ps	جلتې
جلریز	ps	جلریز
جلــــــــي	ps	جلِــــــــي
جلندرشه	ps	جلْنْدْرْشه
جلوګیری	ps	جلوګیری
جلګو	ps	جلګو
جمبر	ps	جمبر
جمعآ	ps	جمعآ
جمعیتي	ps	جمعیتي
جمله	ps	جمله
جميت	ps	جَميت
جميل	ps	جَميل
جمیعت	ps	جَمیعَت
جنبشونو	ps	جنْبشونو
جنتونوته	ps	جنَتونوته
جند	ps	جنْد
جنرتور	ps	جنْرتور
جوتېږى	ps	جوتېږِى
جورج	ps	جورْج
جوروج	ps	جوروج
جوزېپ	ps	جوزېپ
جوشد	ps	جوشَد
جوفريزر	ps	جوفريزَر
جوم	ps	جوم
جوني	ps	جوني
جوپه	ps	جوپه
جوړبه	ps	جوړبه
جوړدآي	ps	جوړدآي
جوړسول	ps	جوړسول
جوړشت	ps	جوړْشْت
جوړكړل	ps	جوړْكْړْل
جوړل	ps	جوړْل
جوړنه	ps	جوړنه
جوړولي	ps	جوړولي
جوړونکي	ps	جوړونُکي
جوړيدوبه	ps	جوړيدوبه
جوړيدوکښې	ps	جوړيدوکښې
جوړيږي	ps	جوړيږي
جوړڅوک	ps	جوړڅوک
جوړښتونوته	ps	جوړْښْتونوته
جوړکړي	ps	جوړْکړي
جوړېدو	ps	جوړېدو
جوړېدوپر	ps	جوړېدوپر
جوښت	ps	جوښْت
جيبی	ps	جيبی
جيكسن	ps	جيكسَن
جين	ps	جين
جينو	ps	جينو
جپ	ps	جْپ
جړقونه	ps	جْړْقونه
جکړی	ps	جکړی
جګه	ps	جګه
جګپوړی	ps	جګپوړی
جګړوټول	ps	جګړوټول
جګړييزو	ps	جګړَييزو
جګړې	ps	جګړې
جګېدو	ps	جګېدو
جگي	ps	جگي
جڼ	ps	جڼ
جیل	ps	جیل
جیکبزتوپ	ps	جیکبزتوپ
جېبت	ps	جېبْت
حآجي	ps	حآجي
حبش	ps	حبْش
حبوب	ps	حبوب
حبيبي	ps	حبيبي
حبیبی	ps	حبیبی
حتمٱ	ps	حتَمٱ
حجت	ps	حجت
حجونه	ps	حجونه
حدد	ps	حدْد
حديث	ps	حديث
حدې	ps	حدې
حرت	ps	حرْت
حرفونو	ps	حرفونو
حرم	ps	حرْم
حسن	ps	حسن
حسونوله	ps	حسونوله
حسينی	ps	حسينی
حشمت	ps	حشمت
حضر	ps	حضْر
حضور	ps	حضور
حضورپه	ps	حضورپه
حط	ps	حط
حـرکت	ps	حـرکَت
حــــــــج	ps	حــــــــج
حـــــــــــــــــــــــــریت	ps	حـــــــــــــــــــــــــریت
حفيرة	ps	حفيرَة
حقــــــــــــیقت	ps	حقْــــــــــــیقَت
حقيقى	ps	حَقيقِى
حقیر	ps	حَقیر
حقېقت	ps	حَقېقت
حلولو	ps	حلولو
حليم	ps	حليم
حمدي	ps	حَمدي
حمــــــــلو	ps	حَمــــــــلُو
حمید	ps	حَمید
حن	ps	حَن
حنفيه	ps	حنفَيه
حنېف	ps	حَنېف
حيثیت	ps	حيثیت
حيضو	ps	حَيضُو
حيلي	ps	حَيلي
حپلو	ps	حَپلُو
حکمته	ps	حکْمْته
حکیمي	ps	حُکیمي
حیاث	ps	حیاث
حیلي	ps	حیلي
حییم	ps	حِییم
خبرترکومه	ps	خبرترکومه
خبردرنو	ps	خبرْدْرنو
خبرشوم	ps	خبرشوم
خبركړو	ps	خبرْكْړو
خبرمي	ps	خبرمي
خبرورکوي	ps	خبرورکُوي
خبروپسي	ps	خبروپَسي
خبروکښي	ps	خبروکښي
خبريتښته	ps	خبريتْښْته
خبريي	ps	خبرِيي
خبرڅه	ps	خْبرڅه
خبرکړي	ps	خْبرْکْړي
خبریدنه	ps	خْبریدَنه
خبرېپه	ps	خْبرېپه
خبــــر	ps	خْبــــر
خبــــــــــــره	ps	خْبــــــــــــره
خبور	ps	خْبور
خبیث	ps	خَبیث
ختلۍ	ps	خَتلۍ
ختمولى	ps	خَتمولِى
ختمیدلی	ps	خَتمیدلی
ختمېدوسره	ps	ختمېدوسره
ختو	ps	خَتو
ختيز	ps	خَتيز
ختګونه	ps	ختګونه
ختېزو	ps	خْتېزو
خجت	ps	خجَت
خدمــــــــــــــت	ps	خدمــــــــــــــت
خدیجة	ps	خدیجَة
خذونه	ps	خذوْنه
خرته	ps	خْرته
خردوم	ps	خْرَدوم
خرمستي	ps	خْرَمْسْتي
خروښولي	ps	خْرَوښولي
خرپ	ps	خْرَپ
خرڅوم	ps	خرڅوم
خرڅيدل	ps	خرڅيدل
خرڅېدلې	ps	خرڅېدَلې
خرچې	ps	خرچې
خزه	ps	خزه
خشن	ps	خشْن
خصوص	ps	خصوص
خصى	ps	خصِى
خطرڅخه	ps	خطرْڅخه
خطونه	ps	خطونه
خطیبي	ps	خَطیبي
خـــــــبر	ps	خْـــــــبر
خـــــــــــر	ps	خْـــــــــــر
خـــــــــــــــــــــ	ps	خْـــــــــــــــــــــ
خــــــــــــــو	ps	خْــــــــــــــو
خــــــــــلکو	ps	خْــــــــــلْکو
خـــــــفه	ps	خْـــــــفه
خـــــوب	ps	خْـــــوب
خـــودبينــو	ps	خْـــودبينْــو
خـــپــ	ps	خْـــپْــ
خــلکـو	ps	خْــلَکُـو
خــوبــه	ps	خْــوبْــه
خــوســت	ps	خْــوسْــت
خــپــلـــه	ps	خْــپــلْـــه
خـلـك	ps	خْـلَـك
خـپـله	ps	خْـپـله
خكي	ps	خكي
خلط	ps	خْلَط
خلقت	ps	خْلَقَت
خلكه	ps	خْلكه
خلكوكي	ps	خْلَكوكي
خلپې	ps	خْلَپې
خلګودینی	ps	خَلګودینی
خلګوچي	ps	خلګوچي
خلیجي	ps	خلیجي
خمری	ps	خمری
خمیني	ps	خمیني
خند	ps	خنْد
آيرلنډ	ps	آيرْلنْډ
اسپه	ps	اسپه
المانيا	ps	المانيا
انګلستان	ps	انْګْلستان
اوريګامي	ps	اوريګامي
ايستل	ps	ايستل
بام	ps	بام
بدرو	ps	بَدرُو
برغټ	ps	برغټ
بنده	ps	بنده
بې	ps	بې
ترکيه	ps	ترْکيه
تپوس	ps	تَپوس
جنګول	ps	جنګُول
خوړل	ps	خوْړل
دارو	ps	دارُو
درول	ps	درُول
دونه	ps	دونه
رسنۍ	ps	رسَنۍ
زباتل	ps	زْباتل
ساک	ps	ساک
سرېښ	ps	سْرېښ
سپېلني	ps	سْپېلَني
غريز	ps	غَريز
غورځنګ	ps	غورځَنْګ
غړی	ps	غړَی
لامبو	ps	لامبو
لمن	ps	لَمن
لوړ	ps	لوْړ
مصر	ps	مِصَر
منی	ps	منَی
مېشيکو	ps	مېشيکو
ناڅاپی	ps	ناڅاپی
نماښام	ps	نماښام
پاکستان	ps	پاکِستان
پرېز	ps	پَرېز
پنځلس	ps	پنْځلس
پوهېدل	ps	پوهېدل
پړی	ps	پړَی
پښه	ps	پْښه
ځغلم	ps	ځْغلم
څاوار	ps	څاوار
څښاک	ps	څْښاک
چېرته	ps	چېرته
ډګه	ps	ډګه
ژرنده	ps	ژْرنده
ښارو	ps	ښارو
ښه	ps	ښه
ښځه	ps	ښځه
کرټ	ps	کْرټ
کورنۍ	ps	کورَنۍ
کړ	ps	کْړ
ګرد	ps	ګرْد
ګوړه	ps	ګوْړه
دي	ps	دي
فرض	ps	فرْض
ابته	ps	ابته
ابدی	ps	ابدی
ابري	ps	ابرَي
ابــش	ps	ابْــش
ابلسى	ps	ابْلْسِى
ابليسي	ps	ابليسي
ابي	ps	ابي
ابیل	ps	ابیل
ابېلې	ps	ابېلې
اتديښنې	ps	اتديښنې
اتروکې	ps	اتروکې
اتــنــده	ps	اتْــنْــده
اتلر	ps	اتلَر
اتلی	ps	اتلی
اتمي	ps	اتمي
اتولوبډلوپه	ps	اتولوبْډْلوپه
اتومه	ps	اتومه
اتيژيکې	ps	اتيژيکې
اتړى	ps	اتړِى
اتیجۍ	ps	اتیجۍ
اتیژیکي	ps	اتیژیکي
اثر	ps	اثَر
اثرکې	ps	اثَرکې
اج	ps	اج
اجرآتوکي	ps	اجْرآتوکي
اجره	ps	اجره
اجمیر	ps	اجمیر
اجینت	ps	اجینْت
احتم	ps	احَتْم
احدي	ps	احَدي
احـم	ps	احْـم
احمدخېل	ps	احمَدخېل
احمدوف	ps	احمدوْفْ
احول	ps	احوْلْ
احی	ps	احی
اخت	ps	اخْت
اخترد	ps	اخترْد
اخترچه	ps	اخترچه
اخله	ps	اخله
اخليد	ps	اخليد
اخلۍ	ps	اخلۍ
اخي	ps	اخي
اخيرمي	ps	اخيرمي
اخيرې	ps	اخيرې
اخيستلى	ps	اخيسْتلِى
اخيستولو	ps	اخيستولو
اخيستوټولې	ps	اخيستوټولې
اخيسي	ps	اخيسي
اخځ	ps	اخْځ
اخیدلو	ps	اخیدلو
اخیستوخبره	ps	اخیستوخبره
اخیستي	ps	اخیستي
اخیسیتې	ps	اخیسیتې
اخېستنې	ps	اخېسْتنې
ادبپوهنه	ps	ادبپوهنه
ادثی	ps	ادَثی
ادره	ps	ادَره
ادزین	ps	ادزین
ادن	ps	ادَن
ادونو	ps	ادَونو
اذري	ps	اذَري
اربعين	ps	ارَبعين
اربي	ps	ارَبي
اربکې	ps	ارْبکې
ارته	ps	ارته
ارتېدل	ps	ارتېدِل
اردليان	ps	ارْدْليان
اردوده	ps	اردوده
ارزشو	ps	ارزَشُو
ارزښتمنو	ps	ارزَښْتْمَنُو
ارزښمنه	ps	ارزښْمنه
ارض	ps	ارْض
ارم	ps	ارْم
اريو	ps	ارِيو
ارپى	ps	ارپِى
ارډیره	ps	ارډیره
ارکستر	ps	ارکَستَر
اریکی	ps	اریکی
ازآن	ps	ازآن
ازبكيت	ps	ازْبْكيت
ازبیک	ps	ازبیک
ازده	ps	ازده
ازدۍ	ps	ازدۍ
ازرښت	ps	ازْرْښْت
ازطرف	ps	ازْطرف
ازلی	ps	ازَلی
ازمويي	ps	ازمويي
ازمی	ps	ازمی
ازير	ps	ازير
ازږدو	ps	ازْږْدو
ازیت	ps	ازیت
اسبې	ps	اسبې
استرتيژى	ps	استرتيژى
استرن	ps	استرْن
استوځګر	ps	استوځګر
استوگن	ps	استوگُن
استيتکي	ps	استيتَکي
اسدپه	ps	اسدپه
اسرسي	ps	اسْرسي
اسكېرلي	ps	اسكېرلي
اسلحي	ps	اسْلحي
اسمبلی	ps	اسْمْبْلی
اسويلي	ps	اسُويلي
اسوېلي	ps	اسَوېلي
اسيب	ps	اسيب
اسپوڅى	ps	اسپوڅى
اسکو	ps	اسکو
اسیکه	ps	اسیکه
اشـــنـــا	ps	اشـــنِـــا
اصلزيه	ps	اصْلزَيه
اصلی	ps	اصلی
اصيلې	ps	اصيلې
اطریشي	ps	اطریشي
اطوری	ps	اطوری
افتح	ps	افتَح
افتي	ps	افتي
افره	ps	افره
افریدی	ps	افریدی
افس	ps	افْس
افسرقشون	ps	افسَرقَشون
افن	ps	افْن
افيكي	ps	افيكي
افینو	ps	افینُو
اكس	ps	اكْس
اكــــبـــــــــر	ps	اكــــبَـــــــــر
اكمنـې	ps	اكمَنْـې
ال	ps	ال
الأ	ps	الَأ
الأسود	ps	الأسوْد
الأمين	ps	الَأمين
البقره	ps	البقره
البيان	ps	البيان
البیان	ps	البیان
التحصيله	ps	التحصيله
التعفف	ps	التعفف
التنبی	ps	التنبی
التوفيقپه	ps	الْتوْفْيقپه
الجد	ps	الْجْد
الجزیرې	ps	الْجْزیرې
الجليل	ps	الْجليل
الجنس	ps	الجنْس
الحرم	ps	الحرْم
الحكيم	ps	الْحكيم
الذکر	ps	الذِکْر
السر	ps	الْسْر
السلم	ps	الْسْلْم
السموم	ps	الْسْموْمْ
السيوطي	ps	السيوطي
الشعر	ps	الشَعْر
الشكل	ps	الشَكْل
الظن	ps	الظَن
العبد	ps	العَبْد
العرش	ps	العَرْش
العسل	ps	العَسْل
العقله	ps	العَقله
الف	ps	الِف
الفتيح	ps	الْفتيح
الفرض	ps	الفَرْض
الفنسټن	ps	الْفنَسټَن
القدر	ps	القدْر
القريب	ps	الْقريب
القلي	ps	القَلي
القی	ps	القَیَ
الكبيركى	ps	الكَبيركِى
الكريم	ps	الكَريم
المدینې	ps	الْمدینې
المري	ps	الْمري
المسك	ps	المِسْك
المعتبرة	ps	المُعْتبِرَة
المللي	ps	المَللي
الموتی	ps	المَوتی
المپيك	ps	المِپيك
النسيمي	ps	النَسيمي
النوبه	ps	النوبه
الوتكي	ps	الوْتكي
الوتنی	ps	الوْتنی
الوتوکو	ps	الوْتوکو
الوخيمة	ps	الوْخيمة
الوعد	ps	الوْعد
الوليد	ps	الوْليد
الکبير	ps	الکَبير
الکرسی	ps	الکُرسی
الکــرسی	ps	الکُــرسی
الکو	ps	الکُو
الګه	ps	الګه
امبريو	ps	امْبْريو
امتی	ps	امتی
امرربي	ps	امرْربي
امرود	ps	امروْدْ
امريكه	ps	امريكه
امريکی	ps	امريکی
امرکلی	ps	امْرْکلی
امریکني	ps	امریکَني
امــــــله	ps	امــــــله
امنتیي	ps	امَنَتیي
امني	ps	امَني
امنیته	ps	امَنیته
امنېتی	ps	امَنېتی
امير	ps	امير
امين	ps	امين
امينه	ps	امينه
اميګرېشن	ps	اميګرېشن
امپیر	ps	امپیر
امینو	ps	امینو
امېلو	ps	امېلُو
انترنيټي	ps	انترنيټي
انترکس	ps	انترْکْس
انتيجین	ps	انتيجین
انجلينه	ps	انْجْلينه
انجنر	ps	انْجْنر
انجنيرى	ps	انْجْنيرى
انجونو	ps	انجونو
انجينر	ps	انجينر
انجينره	ps	انجينَره
انخور	ps	انَخور
اندبښنې	ps	اندبْښْنې
انددي	ps	انْددي
اندرس	ps	اندرْس
اندلدې	ps	اندلدې
انديښ	ps	انديښ
انديښني	ps	انديښني
اندی	ps	اندی
اندیښنې	ps	اندیښنې
اندېښمنه	ps	اندېښْمنه
انرجي	ps	انْرْجي
انستېزی	ps	انْسْتېزی
انســــــ	ps	انْسْــــــ
انوکوم	ps	انوکوم
انيجينر	ps	انيجينْر
انيستنې	ps	انيسْتْنې
انيميشن	ps	انيميشْن
انښت	ps	انْښْت
انیدښنوڅخه	ps	انیدښنوڅَخه
انېزي	ps	انېزي
اهدأ	ps	اهدَأ
اهلبېتو	ps	اهلْبېتو
اهلې	ps	اهلې
اهين	ps	اهين
اوبد	ps	اوبْد
اوبدلي	ps	اوبْدلي
اوبرو	ps	اوبرو
اوبری	ps	اوبری
اوبصیرت	ps	اوبصیرِت
اوبـــــدلـــو	ps	اوبْـــــدلْـــو
اوبقآ	ps	اوبقآ
اوبلن	ps	اوبلن
اوبلې	ps	اوبلې
اوبني	ps	اوبني
اوبوديزم	ps	اوبوْدْيزْم
اوبول	ps	اوبوْلْ
اوبيده	ps	اوبيده
اوبی	ps	اوبی
اوبېدل	ps	اوبېدَل
اوبېلګې	ps	اوبېلګې
اوترمنځ	ps	اوترمنْځ
اوتري	ps	اوتَري
اوتریخ	ps	اوتَریخ
اوتضمين	ps	اوتْضمين
اوتوپيرونه	ps	اوتوپيرونه
اوتيلو	ps	اوتيلو
اوتکليف	ps	اوتْکْليف
اوتیزی	ps	اوتیزی
اوجتيږي	ps	اوجتيږي
اوخلكو	ps	اوخلِكو
اوخلکوتر	ps	اوخلِکوتر
اوخوست	ps	اوخوسْت
اوخوشمند	ps	اوخوشمَنْد
اوخوندوري	ps	اوخوندوري
اوخوښۍ	ps	اوخوښۍ
اوخپلو	ps	اوخْپْلو
اوخپلي	ps	اوخْپْلي
اودبدی	ps	اودبَدی
اودبشپړه	ps	اودبشْپْړه
اودبندېدو	ps	اودبَندېدو
اودبی	ps	اودبی
اودترسره	ps	اودترْسْره
اودرملنې	ps	اودَرملنې
اودرني	ps	اودَرَني
اودرياستي	ps	اودَرياستي
اودریمه	ps	اودَریمه
اودستونزو	ps	اودَسْتوْنْزو
اودسیمې	ps	اودسیمې
اودشنه	ps	اودْشنه
اودشپږم	ps	اودشپږم
اودطلب	ps	اودْطلب
اودملی	ps	اودْملی
اودمڼې	ps	اودمَڼې
اودنشه	ps	اودْنشه
اودنورووختوپه	ps	اودنورووختوپه
اودټولنیزو	ps	اودټولنیزو
اودپریکړنده	ps	اودْپْریکړنده
اودپنجشیر	ps	اودپَنْجْشیر
اودپيسونور	ps	اودپيسونور
اودپښتوګټنه	ps	اودپښتوګَټَنه
اودځينو	ps	اودځينو
اودچمن	ps	اودْچمن
اودډيرو	ps	اودډيرو
اودژبي	ps	اودْژبي
اورتبو	ps	اورْتبو
اورحیم	ps	اورحیم
اوروده	ps	اوروده
اوروزني	ps	اوروزني
اوروسوځی	ps	اوروسوځی
اورولوسره	ps	اورولوسره
اوروژني	ps	اوروژني
اورىدلې	ps	اورِىدلې
اوريدلې	ps	اوريدلې
اوريشيخ	ps	اوريشيخ
اورييم	ps	اورييم
اوريې	ps	اورِيې
اورپكوله	ps	اورْپْكوله
اورځي	ps	اورځي
اورښتونه	ps	اورْښْتونه
اورښيتنى	ps	اورښيتنِى
اورکښې	ps	اورْکْښې
اوسترې	ps	اوسْتْرې
اوستونزوله	ps	اوستونزوله
اوستي	ps	اوستي
اوسختو	ps	اوسْخْتُو
اوسديل	ps	اوسديل
اوسربېره	ps	اوسربېره
اوسطی	ps	اوسَطی
اوســــه	ps	اوسْــــه
اوسلفو	ps	اوسْلْفُو
اوسلی	ps	اوسلی
اوسمد	ps	اوسَمْد
اوسمندر	ps	اوسَمَندَر
اوسنجو	ps	اوسَنجُو
اوسنى	ps	اوسَنِى
اوسنۍوچ	ps	اوسَنۍوچْ
اوسوکه	ps	اوسوکه
اوسيدل	ps	اوسيدَل
اوسيكلــــه	ps	اوسيكلْــــه
اوسيموكي	ps	اوسيموكي
اوسينو	ps	اوسينو
اوسټنډرډ	ps	اوسټَنْډْرْډ
اوسپنه	ps	اوسْپْنه
اوسپنېزو	ps	اوسْپنېزو
اوسپينه	ps	اوسپينه
اوسپکی	ps	اوسْپکی
اوسپېڅلۍ	ps	اوسپېڅَلۍ
اوسیـدلی	ps	اوسیـدلی
اوسیورې	ps	اوسِیورې
اوسېدلی	ps	اوسېدلی
اوشتمنې	ps	اوشْتْمنې
اوشرشم	ps	اوشْرْشْم
اوشرمه	ps	اوشْرْمه
اوشل	ps	اوشْل
اوشين	ps	اوشين
اوشین	ps	اوشین
اوكس	ps	اوكْس
اوكلتورته	ps	اوكْلْتورته
اوكوچني	ps	اوكوچني
اوكينې	ps	اوكينې
اوكړي	ps	اوكړي
اولحم	ps	اولحم
اولرو	ps	اولَرو
اولسمشره	ps	اولْسْمْشره
اولسي	ps	اولسي
اولـــس	ps	اولْـــس
اولمېرت	ps	اولمېرت
اوليک	ps	اوليک
اوليکي	ps	اوليکي
اولیکی	ps	اولیکی
اومدعي	ps	اومَدَعي
اومرتقبت	ps	اومرْتقَبت
اومري	ps	اومَري
اومرگ	ps	اومرْگ
اومستي	ps	اومستي
اومشرتوب	ps	اومَشرتوب
اومطمين	ps	اومَطَمين
اومـــــ	ps	اومْـــــ
اوموريد	ps	اوموريد
اوموندل	ps	اوموندل
اوموټريې	ps	اوموټَرَيې
اوميشت	ps	اوميشْت
اوميوه	ps	اوميوه
اومړی	ps	اومړی
اومیني	ps	اومیني
اومېرمنې	ps	اومېرمَنې
اونتيجه	ps	اونَتيجه
اونخرې	ps	اونَخرې
اونرم	ps	اونَرَم
اونسب	ps	اونَسَب
اونشرکړی	ps	اونشرکړی
اونظمونه	ps	اونَظَمونه
اونـــــه	ps	اونْـــــه
اونقش	ps	اونَقَش
اونورديته	ps	اونوْرْديته
اونيره	ps	اونيره
اونيـــزی	ps	اونيـــزی
اونيمو	ps	اونيمُو
اونړیده	ps	اونړیده
اونیمه	ps	اونیمه
اونۍنه	ps	اونۍنه
اونېژدې	ps	اونېژدې
اوهلمند	ps	اوهلْمنْد
اوهمدردپه	ps	اوهمْدرْدْپه
اوهوټلي	ps	اوهوټلي
اووښتې	ps	اووښتې
اووگړو	ps	اووگْړو
اوویری	ps	اوویری
اووۍ	ps	اووۍ
اوټولوپه	ps	اوټولوپه
اوټيکه	ps	اوټيکه
اوټکي	ps	اوټکي
اوپرحقيقت	ps	اوپْرْحقيقت
اوپردښمن	ps	اوپْرْدښمن
اوپښتوژبو	ps	اوپښتوژَبو
اوځمکې	ps	اوځَمَکې
اوځيني	ps	اوځيني
اوځینونورو	ps	اوځینونورو
اوڅرخیدونکی	ps	اوڅرخیدونَکی
اوڅوکۍ	ps	اوڅوکۍ
اوڅيړونکي	ps	اوڅيړونَکي
اوڅیړنو	ps	اوڅیړَنو
اوچتېدو	ps	اوچَتېدو
اوچټك	ps	اوچټَك
اوچپن	ps	اوچَپَن
اوچیښی	ps	اوچیښی
اوډلــــــــــې	ps	اوډلْــــــــــې
اوډېري	ps	اوډېري
اوړلوکې	ps	اوړلوکې
اوړنې	ps	اوړَنې
اوړيدی	ps	اوړيدی
اوږئ	ps	اوږئ
اوږدکړۍ	ps	اوږْدْکْړۍ
اوږدېدله	ps	اوږدېدَله
اوږو	ps	اوږو
اوږډو	ps	اوږډو
اوژبه	ps	اوژبه
اوښندلو	ps	اوښنْدْلُو
اوښځو	ps	اوښځُو
اوښکلى	ps	اوښْکْلِى
اوښی	ps	اوښی
اوکتنه	ps	اوکْتنه
اوکرين	ps	اوکرين
اوکسین	ps	اوکسین
اوکفر	ps	اوکْفْر
اوکم	ps	اوکْم
اوکمښت	ps	اوکمْښْت
اوکنه	ps	اوکَنه
اوکړ	ps	اوکْړ
اوکړنو	ps	اوکْړْنُو
اوکړکېچ	ps	اوکْړْکېچ
اوکیسې	ps	اوکیسې
اوګرزوم	ps	اوګَرزوم
اوګروپی	ps	اوګروپی
اوګنډلې	ps	اوګَنډَلې
اوګوندي	ps	اوګوندي
اوګډون	ps	اوګډون
اوگروپ	ps	اوگروپ
اویب	ps	اویبْ
اویودبل	ps	اویودْبْل
اویوعجیب	ps	اویوعجیب
اياك	ps	اياك
ايزى	ps	ايزِى
ايستلم	ps	ايستلْم
ايستني	ps	ايسْتني
ايستې	ps	ايستې
ايسي	ps	ايسي
ايشتلو	ps	ايشْتلو
ايښود	ps	ايښود
ايښودوسره	ps	ايښودوسره
ايښۍ	ps	ايښۍ
ايکس	ps	ايکْس
ايکي	ps	ايکي
اټـــــــکل	ps	اټـــــــکل
اټكي	ps	اټكي
اټومونو	ps	اټومونو
اټک	ps	اټْک
اپر	ps	اپْر
اپريتي	ps	اپريتي
اپریدی	ps	اپریدی
اپرېشنونو	ps	اپرېشَنونو
اپورو	ps	اپورو
اپيتیل	ps	اپيتیل
اپډېټ	ps	اپډېټ
اپینو	ps	اپینو
اځمکه	ps	اځْمْکه
اځکه	ps	اځکه
اڅه	ps	اڅه
اڅکزې	ps	اڅْکْزې
اچوله	ps	اچوله
اچولی	ps	اچولی
اچينليک	ps	اچينليک
اډوکې	ps	اډوکې
اډۍ	ps	اډۍ
اړة	ps	اړة
اړختوب	ps	اړختوب
اړدوړ	ps	اړدوړ
اړشم	ps	اړشم
اړمنې	ps	اړْمنې
اړولۍ	ps	اړوْلۍ
اړوک	ps	اړوْکْ
اړيکو	ps	اړيکو
اړيکوډير	ps	اړيکوډير
اړکله	ps	اړْکْله
اړینو	ps	اړینُو
اړېکه	ps	اړېکه
اژوندى	ps	اژوْندى
اښكته	ps	اښْكته
اکتريسې	ps	اکْتريسې
اکتوبرد	ps	اکتوبرْد
اکتيويتې	ps	اکتيويتې
اکثرسرحدې	ps	اکثرسرْحدې
اکرونو	ps	اکرونو
اکسفورد	ps	اکْسْفورْد
اکليل	ps	اکليل
اکمیت	ps	اکمیت
اکوپه	ps	اکوپه
اکښي	ps	اکښي
اګدري	ps	اګْدْري
اګوني	ps	اګوني
اګۍ	ps	اګۍ
اڼليس	ps	اڼليس
ایاددی	ps	ایاددی
ببركزى	ps	ببركزِى
ببندد	ps	ببندد
بتىن	ps	بتِىن
بحرکی	ps	بَحْرْکی
بحمدک	ps	بَحْمدَک
بحیری	ps	بَحیری
بخرد	ps	بخْرْد
بخشود	ps	بخشود
بخــــــــــــتوره	ps	بخــــــــــــتوره
بخن	ps	بخْن
بخود	ps	بخود
بخير	ps	بخير
بخښنی	ps	بخْښنی
بخیلي	ps	بخیلي
بدبیني	ps	بدبیني
بدتری	ps	بدتَری
بددى	ps	بددِى
بدرګه	ps	بدْرګه
بدسلوکی	ps	بدْسْلوکی
بدقسمته	ps	بدقسْمته
بدلمنۍ	ps	بدَلْمنۍ
بدليدلو	ps	بدَليدَلُو
بدليږى	ps	بدَليږِى
بدلیدي	ps	بدَلیدي
بدمخو	ps	بدَمخُو
بدنوم	ps	بدَنوم
بدنیتي	ps	بدَنیتي
بذلک	ps	بَذْلْک
بربريت	ps	بْربريت
برتري	ps	بْرْتْري
برتیش	ps	بْرْتیش
برجک	ps	بْرْجک
برخـــــــــــه	ps	بْرْخْـــــــــــه
برخلېک	ps	بْرْخْلېک
بردګى	ps	بَرْدګِى
برزخه	ps	برْزخه
برسرآن	ps	برَسَرآن
برسې	ps	برَسې
برطرف	ps	برَطَرف
برف	ps	بَرف
برقوم	ps	برَقوم
بركته	ps	برَكَته
برمتې	ps	بَرمَتې
برمی	ps	بَرمی
برنډ	ps	بَرْنْډ
برو	ps	بَرو
بروشر	ps	بَروشَر
برويد	ps	بْرُويد
بريدته	ps	بْريدته
بريدكي	ps	بْريدكي
بريدمن	ps	بْريدمَن
بريدکړي	ps	بْريدْکْړي
بريك	ps	بْريك
برينت	ps	بْرينْت
بريښيدل	ps	بْريښيدل
بريی	ps	بْرِيی
برچې	ps	بَرچې
برکتو	ps	بَرکَتُو
برکى	ps	بَرکِى
برګو	ps	بَرګُو
برگو	ps	بَرگُو
بریتوره	ps	بْریتوره
بریده	ps	بْریده
بریندن	ps	بْرینْدْن
برېښېدې	ps	بْرېښېدې
بزرګر	ps	بْزَرګَر
بزګرله	ps	بزګرله
بستردي	ps	بستردي
بستــرکــــې	ps	بستــرکْــــې
بسسرې	ps	بسْسرې
بســـمل	ps	بســـمِل
بسمله	ps	بسْمله
بسټر	ps	بسَټْر
بسکټ	ps	بسکټ
بسېدوله	ps	بسېدوْله
بشرضد	ps	بشْرْضد
بشرېت	ps	بشرېت
بشپړيدلی	ps	بشْپړيدَلی
بصری	ps	بصری
بصيرستورى	ps	بصيرْسْتورِى
بطل	ps	بطل
بعزم	ps	بعزْم
بعضى	ps	بعَضى
بعو	ps	بعُو
بـديـــلـه	ps	بـديـــلْـه
بــ	ps	بــ
بــخــتــوره	ps	بــخــتْــوره
بــس	ps	بــس
بـــسترڅــخه	ps	بـــسترْڅْــخه
بــــدرڼه	ps	بــــدْرڼه
بــــــدو	ps	بــــــدُو
بــــــــ	ps	بــــــــ
بــــــــــــــــــې	ps	بِــــــــــــــــــې
بــــــــه	ps	بْــــــــه
بــــن	ps	بــــن
بــول	ps	بْــول
بــیان	ps	بْــیان
بـولـمد	ps	بْـولـمْد
بـيـل	ps	بْـيـل
بـیرته	ps	بْـیرته
بفعل	ps	بفعل
بقره	ps	بقره
بقيع	ps	بقيع
بكسه	ps	بكسه
بكښى	ps	بكښِى
بلخيلو	ps	بلخيلُو
بلدو	ps	بلَدُو
بلدیږي	ps	بلَدیږي
بللل	ps	بلَلل
بلم	ps	بلَم
بلنليك	ps	بلَنليك
بله	ps	بله
بلور	ps	بْلور
بليزم	ps	بْليزم
بلژيك	ps	بْلْژيك
بلګه	ps	بْلْګه
بندره	ps	بنْدْره
بنديتوب	ps	بنديتوب
بندکړ	ps	بنْدْکْړ
بندګي	ps	بنْدْګي
بندیدل	ps	بندیدل
بنستیزه	ps	بنْسْتیزه
بنفسه	ps	بنْفسه
بنوقريظه	ps	بنوقريظه
بني	ps	بني
بنځه	ps	بنځه
بياخپلي	ps	بياخپَلي
بياپسې	ps	بياپسې
بياګټه	ps	بياګټه
بيبيسې	ps	بيبيسې
بيتونه	ps	بيتونه
بيخوده	ps	بيخوده
بيرحمي	ps	بيرْحْمي
بيرله	ps	بيرله
بيرى	ps	بيرِى
بيسم	ps	بيسْم
بيشک	ps	بيشک
بيـــروني	ps	بيـــروني
بيــــــــت	ps	بيــــــــت
بيق	ps	بيق
بيلتون	ps	بيلتون
بيلوبرخوکې	ps	بيلوبرخوکې
بيلوی	ps	بيلُوی
بيلګه	ps	بيلګه
بيلې	ps	بيلې
بينين	ps	بينين
بپ	ps	بَپ
بڅر	ps	بڅر
بړق	ps	بْړْق
بړيڅو	ps	بْړيڅو
بړۍد	ps	بْړۍد
بژه	ps	بژه
بکرخيلو	ps	بَکْرْخيلو
بکسي	ps	بَکسي
بکنید	ps	بَکنید
بګتۍ	ps	بَګَتۍ
بګټي	ps	بِګټي
بڼـــــــــــــــــــــــــــــــــــــــــــــــکي	ps	بڼـــــــــــــــــــــــــــــــــــــــــــــــکي
بڼډه	ps	بڼډه
بی	ps	بی
بیاپربی	ps	بیاپرَبی
بیاکړی	ps	بیاکړی
بیخبري	ps	بیخْبري
بیدیدو	ps	بیدیدُو
بیرد	ps	بیرْد
بیرلو	ps	بیرلُو
بیرژنسکي	ps	بیرْژْنسکي
بیرېږم	ps	بیرېږم
بیشتری	ps	بیشْتری
بیظیري	ps	بیظیري
بیـرته	ps	بیـرته
بیـه	ps	بیـه
بیلدیت	ps	بیلدیت
بیلګو	ps	بیلګو
بیلې	ps	بیلې
بینم	ps	بینم
بینۍ	ps	بینۍ
بیڅوکه	ps	بیڅوکه
بیړه	ps	بیړه
بیک	ps	بیک
بیګلې	ps	بیګلې
بېخره	ps	بېخره
بېخکي	ps	بېخکي
بېدې	ps	بېدې
بېرله	ps	بېرله
بېریږی	ps	بېریږی
بېرېږی	ps	بېرېږی
بېـــــلــګې	ps	بېـــــلــګې
بېلبره	ps	بېلْبْره
بېلـــــــګــــي	ps	بېلـــــــګِــــي
بېلګي	ps	بېلګي
بېلېدم	ps	بېلېدَم
بېنظير	ps	بېنظير
بېهوښه	ps	بېهوښه
بېړني	ps	بېړني
بېک	ps	بېک
بېکم	ps	بېکْم
تآمین	ps	تآمین
تأثیره	ps	تأثیره
تأمينول	ps	تَأمينوْل
تأويل	ps	تَأويل
تبدیلی	ps	تَبدیلی
تبزه	ps	تبزه
تبين	ps	تَبين
تتب	ps	تَتَب
تتم	ps	تَتَم
تثبيته	ps	تثبيته
تجد	ps	تَجْد
تجریبه	ps	تجریبه
تجزيي	ps	تَجزيي
تجـــــــــــــــــ	ps	تَجْـــــــــــــــــ
تجملي	ps	تَجمَلي
تجهیز	ps	تَجهیز
تحب	ps	تَحَب
تحدین	ps	تَحدین
تحفة	ps	تَحفَة
تحقيروي	ps	تَحقيرُوي
تحكم	ps	تَحكَم
تحمیلیږی	ps	تَحمیلیږَی
تحکيم	ps	تَحکيم
تخنيکي	ps	تخنيکي
تخنیکی	ps	تخنیکی
تدبیرونو	ps	تدبیرونو
تدرک	ps	تدرک
تذكرو	ps	تذْكرو
تذکره	ps	تذْکره
ترآخره	ps	ترآخره
تربمي	ps	ترْبمي
تربورګلۍ	ps	تربورْګْلۍ
ترجمۀ	ps	ترْجمۀ
ترجيح	ps	ترجيح
ترحنظــل	ps	ترحنظــل
ترخبري	ps	ترخبري
ترخپ	ps	ترْخْپ
ترخځه	ps	ترْخْځه
تردري	ps	ترْدري
تردلبره	ps	تردلْبره
ترسحره	ps	ترسحره
ترسرلیک	ps	ترسرلیک
ترسل	ps	ترسل
ترسو	ps	ترسو
ترشلو	ps	ترْشْلُو
ترضربی	ps	ترْضْربی
ترفه	ps	ترفه
ترقۍزينه	ps	ترقۍزينه
تركشفي	ps	تركشفي
تركمنو	ps	ترْكْمنو
تركيب	ps	تركيب
ترلكي	ps	ترْلْكي
ترلوستويې	ps	ترلوستويې
ترليک	ps	ترليک
ترمزه	ps	ترْمزه
ترمشری	ps	ترْمشَری
ترمنخ	ps	ترْمنخ
ترموقتی	ps	ترموقتی
ترمينولوژۍ	ps	ترمينولوژۍ
ترمیزه	ps	ترمیزه
ترمینولوژي	ps	ترمینولوژي
ترنك	ps	ترنك
تروريي	ps	ترورِيي
ترورېزم	ps	ترورېزْم
ترونې	ps	ترونې
تريلر	ps	تْريلر
ترينيتي	ps	تْرينيتي
ترپكو	ps	ترْپكو
ترپولې	ps	ترپولې
ترپيښې	ps	ترپيښې
ترڅلورمه	ps	ترْڅْلورمه
ترڅوورڅخه	ps	ترڅوورڅَخه
ترڅويې	ps	ترڅويې
ترڅوپوهـ	ps	ترڅوپوهـ
ترژر	ps	ترژر
ترښکري	ps	ترْښْکْري
ترکتنې	ps	ترْکْتْنې
ترکمرک	ps	ترْکْمْرْک
ترکمی	ps	ترْکْمی
ترکومه	ps	ترکومه
ترګ	ps	ترْګ
ترګېنت	ps	ترګېنْت
ترېشې	ps	تْرېشې
تسبېح	ps	تْسبېح
تسجیل	ps	تْسجیل
تســــليم	ps	تْســــليم
تسلـــــــــــيم	ps	تْسلْـــــــــــيم
تسليمدل	ps	تسليمَدل
تسليمې	ps	تسليمې
تسلیمه	ps	تسلیمه
تسلې	ps	تسلې
تسمي	ps	تسمي
تسونیف	ps	تسونیف
تسی	ps	تسی
تشدید	ps	تشدید
تشریحي	ps	تشریحي
تشو	ps	تشو
تشوی	ps	تشوی
تشکیلولو	ps	تشکیلولو
تصديق	ps	تصَديق
تصر	ps	تصر
تطبيقېږي	ps	تَطبيقېږي
تطمع	ps	تَطمَع
تظمینونه	ps	تَظمینونه
تعبیره	ps	تَعبیره
تعجب	ps	تَعجَب
تعدیلونو	ps	تَعدیلونو
تعرضی	ps	تَعرَضی
تعريفونه	ps	تعريفونه
تعزيتي	ps	تَعزيتي
تعصبې	ps	تَعصَبې
تعطيل	ps	تَعطيل
تعقب	ps	تَعقَب
تعلمیه	ps	تعْلمَیه
تعليمونه	ps	تعليمونه
تعلیمي	ps	تَعلیمي
تعمير	ps	تَعمير
تعمیرونو	ps	تَعمیرونو
تــا	ps	تِــا
تــربـګـن	ps	تــرْبـګـن
تــــ	ps	تــــ
تــــرڅــو	ps	تــــرڅْــو
تـــــــرخيبره	ps	تـــــــرخيبره
تــــــــــــا	ps	تِــــــــــــا
تــــــــــــــــــــه	ps	تْــــــــــــــــــــه
تــــېرېـــدل	ps	تْــــېرېـــدل
تـــوره	ps	تْـــوره
تـلـل	ps	تَـلْـل
تـې	ps	تْـې
تفريح	ps	تَفريح
تفرېح	ps	تَفرېح
تفسېر	ps	تَفسېر
تفصیر	ps	تَفصیر
تفكر	ps	تَفكر
تقبيح	ps	تَقبيح
تقديم	ps	تَقديم
تقريبإ	ps	تَقريبَإ
تقسميږي	ps	تَقسِميږي
تقلیدد	ps	تَقلیدْد
تكذيب	ps	تَكذيب
تكليفسره	ps	تكليفْسْره
تكي	ps	تَكي
تلـــمه	ps	تلـــمه
تلفوني	ps	تَلفوني
تللوته	ps	تللوته
تليپورته	ps	تليپورته
تلکه	ps	تلکه
تمبولو	ps	تَمبولو
تمدیديږي	ps	تَمدیديږي
تمرکز	ps	تَمرکز
تمهيد	ps	تمهيد
تموی	ps	تموی
تمي	ps	تمي
تمينه	ps	تمينه
تمکيل	ps	تمکيل
تمینې	ps	تمینې
تنبلي	ps	تنْبْلي
تنوپر	ps	تنوپر
توبو	ps	توبُو
توته	ps	توته
توحیدی	ps	توحیدی
توخې	ps	توخې
تودټکی	ps	تودْټْکی
تورسرې	ps	تورسَرې
تورشوسم	ps	تورشوسَم
تورله	ps	تورَله
تورور	ps	تورور
تورول	ps	تورول
تورونه	ps	تورونه
توروکی	ps	توروکی
تورپــــــــېکی	ps	تورپْــــــــېکی
تورپيكى	ps	تورپيكِى
تورڅوک	ps	تورڅوک
تورکيې	ps	تورکِيې
توطی	ps	تَوطی
توكمي	ps	توكمي
توكوسره	ps	توكوسره
تولسې	ps	تولسې
توله	ps	توله
توليدد	ps	توليدْد
توليدپه	ps	توليدپه
تولیدېږی	ps	تولیدېږی
تومتوم	ps	تومتوم
تومى	ps	تومِى
توپكو	ps	توپكو
توپيرسته	ps	توپيرْسْته
توپيرچې	ps	توپيرچې
توپیر	ps	توپیر
توپیرنه	ps	توپیرنه
توپېره	ps	توپېره
توکرک	ps	توکرک
توکمپوهنې	ps	توکْمْپوهنې
توکوپوري	ps	توکوپوْرْي
توکړه	ps	توکړه
توګي	ps	توګي
تيتولو	ps	تيتولو
تيردوه	ps	تيردُوه
تيرشو	ps	تيرشُو
تيرشي	ps	تيرشي
تيرکړل	ps	تيرْکْړل
تيرېده	ps	تيرېده
تيزسس	ps	تيزَسس
تيزى	ps	تيزِى
تيكري	ps	تيكري
تيلوبيه	ps	تيلوبيه
تيلى	ps	تيلِى
تيټ	ps	تيټ
تيژي	ps	تيژي
تيگه	ps	تيگه
تپېده	ps	تپېده
تړخلګ	ps	تړخلَګ
تړلی	ps	تړَلی
تړون	ps	تړُون
تړک	ps	تړَک
تښتولی	ps	تښتولی
تښتونوکو	ps	تښتونوکو
تښتي	ps	تښتي
تښتی	ps	تښتی
تښتیږي	ps	تښتیږي
تښــــــــــــــتیدلی	ps	تښــــــــــــــتیدَلی
تښیتده	ps	تښیتَده
تکتیک	ps	تکَتیک
تکريتي	ps	تَکريتي
تکــل	ps	تَکْــل
تکليف	ps	تَکليف
تکمې	ps	تَکمې
تګ	ps	تَګ
تڼه	ps	تڼه
تیررو	ps	تیررُو
تیرنه	ps	تیرنه
تیرولو	ps	تیرولو
تیريدل	ps	تیريدل
تیریدوکرزې	ps	تیریدوکْرْزې
تیشې	ps	تیشې
تیلفوني	ps	تیلفوني
تیلی	ps	تیلی
تیږی	ps	تیږی
تېربه	ps	تېرَبه
تېرشي	ps	تېرشي
تېروتني	ps	تېروتني
تېرودېر	ps	تېرودېر
تېروم	ps	تېروم
تېريو	ps	تېرِيو
تېرچې	ps	تېرچې
تېرکی	ps	تېرکی
تېرېد	ps	تېرېد
تېرېدنی	ps	تېرېدَنی
تېرېدوکي	ps	تېرېدوکي
تېزی	ps	تېزی
تېـره	ps	تېـره
ثبت	ps	ثبَت
ثبوتولو	ps	ثبوتولو
ثـــمر	ps	ثـــمَر
ثقيله	ps	ثقيله
ثلثین	ps	ثلثین
ثمود	ps	ثمود
ثنيات	ps	ثنيات
ثودی	ps	ثودی
جبريله	ps	جبريله
جبن	ps	جبْن
جبير	ps	جبير
جة	ps	جة
جح	ps	جح
جددى	ps	جددِى
جدونو	ps	جدونُو
جدې	ps	جدې
جذبوي	ps	جَذبَوي
جر	ps	جَر
جرقه	ps	جرقه
جرمنـــي	ps	جَرمَنِـــي
جرمونوکې	ps	جرمونوکې
جرو	ps	جرو
جرير	ps	جرير
جرگۀ	ps	جرگۀ
جریت	ps	جریت
جرېب	ps	جرېب
جزرى	ps	جَزرِى
جزيرې	ps	جَزيرې
جسټر	ps	جَسټر
جشګوټی	ps	جَشګوټی
جعون	ps	جَعون
جكړې	ps	جكړې
جلبه	ps	جلبه
جلجل	ps	جلجل
جلرېز	ps	جلرېز
جله	ps	جله
جلوگير	ps	جلوگير
جمعأ	ps	جمعَأ
جملو	ps	جملو
جميد	ps	جميد
جميله	ps	جميله
جمیعتي	ps	جَمیعَتي
جنتر	ps	جنَتر
جنرل	ps	جنرل
جنسه	ps	جنسه
جنـت	ps	جنَـت
جنين	ps	جِنين
جوتېږي	ps	جوتېږي
جودر	ps	جودَر
جورول	ps	جورول
جوس	ps	جوس
جوشن	ps	جوشَن
جوفك	ps	جوفَك
جونيجو	ps	جونيجو
جوپو	ps	جوپو
جوړتوکی	ps	جوړتوکی
جوړدئ	ps	جوړدئ
جوړشو	ps	جوړشو
جوړشوی	ps	جوړشوی
جوړني	ps	جوړني
جوړولړ	ps	جوړولْړ
جوړونكى	ps	جوړونُكِى
جوړونکی	ps	جوړونُکی
جوړيدوته	ps	جوړيدوته
جوړيدى	ps	جوړيدِى
جوړښتونونه	ps	جوړْښْتونونه
جوړکړيدي	ps	جوړْکړيدي
جوړیدولو	ps	جوړیدولو
جوړېدل	ps	جوړېدل
جوړېدوبه	ps	جوړېدوبه
جيت	ps	جيت
جيكسون	ps	جيكسون
جيلونوکي	ps	جيلونوکي
جيورج	ps	جيورْج
جکړې	ps	جکړې
جګو	ps	جګو
جګپوړیو	ps	جګپوړَیو
جګړو	ps	جګړو
جګړييزي	ps	جګړَييزي
جګړېز	ps	جګړېز
جگپوړه	ps	جگپوړه
جڼدې	ps	جڼدې
جیبه	ps	جیبه
جیروم	ps	جیروم
جیکس	ps	جیکْس
جېبــونه	ps	جېبْــونه
جېلونه	ps	جېلونه
حبشه	ps	حبشه
حبيبيئ	ps	حبيبيئ
حبیبیه	ps	حبیبَیه
حترم	ps	حترْم
حتمی	ps	حتَمی
حجونو	ps	حجونو
حدېث	ps	حدېث
حر	ps	حر
حرج	ps	حرْج
حسنين	ps	حسنين
حسينې	ps	حسينې
حشت	ps	حشْت
حشمته	ps	حشْمته
حصو	ps	حصو
حضورلری	ps	حضورْلْری
حضورڅخه	ps	حضورْڅخه
حطة	ps	حطة
حـسـن	ps	حـسـن
حـــرم	ps	حـــرم
حــــــــــــــــــــــــــريفــي	ps	حــــــــــــــــــــــــــريفِــي
حـــــــــق	ps	حـــــــــق
حفيظ	ps	حفيظ
حقو	ps	حَقو
حقيرو	ps	حَقيرو
حقيقي	ps	حَقيقي
حقیرو	ps	حَقیرو
حقېقي	ps	حَقېقي
حكمه	ps	حكمه
حكومته	ps	حكومَته
حكيم	ps	حكيم
حلم	ps	حلْم
حليمه	ps	حليمه
حلیږي	ps	حلیږي
حمـــــید	ps	حَمْـــــید
حمي	ps	حَمي
حميدوردګ	ps	حميدوْردګ
حنفی	ps	حَنفی
حه	ps	حه
حياتپه	ps	حياتپه
حيدرى	ps	حيدَرِى
حيلې	ps	حَيلې
حکمتو	ps	حُکْمْتُو
حکیمی	ps	حُکیمی
حیالرې	ps	حیالرې
حیم	ps	حیم
حې	ps	حې
خبرته	ps	خبرته
خبردشپې	ps	خبرْدْشْپې
خبرسره	ps	خبرْسْره
خبرشونوپه	ps	خبرشونوپه
خبركړى	ps	خبرْكْړى
خبرندی	ps	خبرْندی
خبرورکوی	ps	خبرورکُوی
خبروشو	ps	خبروشو
خبروورسره	ps	خبروورسَره
خبروپل	ps	خبروپل
خبروکښې	ps	خبروکښې
خبريپه	ps	خبريپه
خبرڅومره	ps	خْبرڅومره
خبرکړيدی	ps	خْبرْکْړيدَی
خبریدنې	ps	خْبریدَنې
خبرېڅومره	ps	خْبرېڅومره
خبــــري	ps	خْبــــري
خبــــــــــــــــره	ps	خْبــــــــــــــــره
ختلې	ps	خَتلې
ختموم	ps	خَتموم
ختميدلو	ps	خَتميدلو
ختمیده	ps	ختمیده
ختيزه	ps	ختيزه
ختګونو	ps	خَتګونو
ختېزې	ps	خْتېزې
خجسته	ps	خجسته
خدمه	ps	خدمه
خدیجـــــه	ps	خدیجْـــــه
خرتوب	ps	خْرَتوب
خردومره	ps	خْردومره
خركډو	ps	خْرَكډو
خروښيـــــــــــــــــدلود	ps	خْرَوښيـــــــــــــــــدلود
خرځیدل	ps	خْرځیدل
خرڅون	ps	خرڅون
خرڅيدلې	ps	خرڅيدَلې
خرڅېدو	ps	خرڅېدو
خریده	ps	خریده
خزو	ps	خزو
خسن	ps	خسَن
خشو	ps	خشو
خصبه	ps	خصبه
خصوصآ	ps	خصوصآ
خصي	ps	خصي
خصیی	ps	خصِیی
خطرنه	ps	خطرنه
خطمولو	ps	خَطَمولو
خطونو	ps	خَطونو
خطیبی	ps	خَطیبی
خـــــــبره	ps	خْـــــــبره
خــــــــــــ	ps	خْــــــــــــ
خــــــــــــــوب	ps	خْــــــــــــــوب
خــــــــــو	ps	خْــــــــــو
خـــــــو	ps	خْـــــــو
خــــــوفرق	ps	خْــــــوفرْق
خــــلــــکــــو	ps	خْــــلَــــکُــــو
خــــولــی	ps	خْــــولِــی
خــــې	ps	خْــــې
خـــور	ps	خْـــور
خـــپــره	ps	خْـــپــره
خــپــلــه	ps	خْــپــلْــه
خـلكـو	ps	خْـلَكُـو
خـويې	ps	خْـويې
خكې	ps	خكې
خلطه	ps	خْلطه
خلـــــــکو	ps	خْلُـــــــکو
خلكو	ps	خْلَكو
خلكوته	ps	خْلكوته
خلور	ps	خْلُور
خليك	ps	خْلَيك
خلکي	ps	خَلکي
خلګوتر	ps	خَلګوتر
خلګورسم	ps	خلګورَسم
خلګوښه	ps	خلګوښه
خلیجی	ps	خلیجی
خلې	ps	خلې
خمس	ps	خمْس
خمي	ps	خمي
خمینی	ps	خمینی
خنجر	ps	خنْجْر
ابادول	ps	ابادَول
اخښی	ps	اخښَی
اسکيمو	ps	اسکيمو
المانی	ps	المانَی
اورګاډی	ps	اورګاډَی
اويم	ps	اويم
بابا	ps	بابا
باندې	ps	باندې
بدسترګی	ps	بَدْسْترګَی
بريتانيا	ps	بْريتانِيا
بندول	ps	بندُول
بيزو	ps	بيزو
بېل	ps	بېل
تل	ps	تَل
تړل	ps	تړل
خام	ps	خام
خوړنځی	ps	خوْړنځَی
داسې	ps	داسې
درولم	ps	دروْلم
دوه	ps	دوه
رنډۍ	ps	رنډۍ
زبرګ	ps	زْبرْګ
ستا	ps	سْتا
سرېښ	ps	سْرېښ
سيلۍ	ps	سيلۍ
سړه	ps	سړه
شغال	ps	شَغال
شپږ	ps	شْپَږ
غرڅنی	ps	غَرْڅنَی
غورځول	ps	غورځَول
لبنان	ps	لُبنان
لوړل	ps	لوړل
لېور	ps	لېور
مور	ps	مور
مټ	ps	مټ
مېشکوړ	ps	مېشکوړ
نيلي	ps	نيلي
هېلۍ	ps	هېلۍ
ټول	ps	ټول
پاڼه	ps	پاڼه
پرېکړه	ps	پْرېکړه
پنځه	ps	پنځه
ځغلول	ps	ځْغلُول
ځيرک	ps	ځيرَک
څاپېړه	ps	څاپېړه
څنډه	ps	څنډه
څکل	ps	څْکل
چېري	ps	چېري
ډګه	ps	ډګه
ښارو	ps	ښارو
ښه	ps	ښه
ښۀ	ps	ښۀ
کرکره	ps	کرْکره
کوس	ps	کوْس
کړه	ps	کْړه
ګردی	ps	ګردَی
ګيټۍ	ps	ګيټۍ
شو	ps	شو
بنفش	ps	بنفْش
ابدبه	ps	ابْدْبه
ابدیت	ps	ابدیت
ابربل	ps	ابرَبْل
ابـــد	ps	ابْـــد
ابيلې	ps	ابيلې
ابیله	ps	ابیله
ابېڅو	ps	ابېڅو
اتر	ps	اتْر
اترى	ps	اترِى
اتلســــم	ps	اتلَسْــــم
اتلې	ps	اتلې
اتمرخيل	ps	اتمَرخيل
اتمی	ps	اتمی
اتنیکي	ps	اتنیکي
اتوره	ps	اتوره
اتولی	ps	اتولی
اتومو	ps	اتومو
اتيون	ps	اتِيون
اتيژی	ps	اتيژی
اتړي	ps	اتړي
اتیدنه	ps	اتیدنه
اتیژیکی	ps	اتیژیکی
اثروسره	ps	اثروْسْره
اثری	ps	اثَری
اجــر	ps	اجْــر
اجمیرشریف	ps	اجمیرْشْریف
اجنت	ps	اجنت
اجيبك	ps	اجيبك
اجک	ps	اجک
اجینټ	ps	اجینْټ
احب	ps	احَب
احـمـد	ps	احـمَـد
احمدد	ps	احمَدْد
احمدشکیب	ps	احمدْشْکیب
احمدولي	ps	احمدوْلْي
اخترچې	ps	اخترچې
اخلې	ps	اخلې
اخيرمې	ps	اخيرمې
اخيست	ps	اخيسْت
اخيستلي	ps	اخيسْتلي
اخيستى	ps	اخيستِى
اخيسی	ps	اخيسی
اخیر	ps	اخیر
اخیست	ps	اخیسْت
اخیستلوپه	ps	اخیسْتلوپه
اخیستودملکی	ps	اخیستودمْلکی
اخیستپه	ps	اخیسْتْپه
اخیسې	ps	اخیسې
اخېسته	ps	اخېسته
ادبپوهني	ps	ادبپوهني
ادخل	ps	ادخل
ادرو	ps	ادَرو
ادس	ps	ادس
ادونوته	ps	ادُونوته
اربعین	ps	ارَبعین
ارتش	ps	ارتِش
ارتو	ps	ارتو
ارث	ps	ارْث
ارجن	ps	ارجِن
ارحم	ps	ارْحْم
اردودومره	ps	اردودومره
ارزيد	ps	ارزيد
ارزښتمني	ps	ارزَښْتْمَني
ارزښتنو	ps	ارزَښْتْنُو
ارزېدل	ps	ارزېدَل
اركلي	ps	ارْكْلي
ارنج	ps	ارنج
اريدو	ps	اريدو
اريوب	ps	ارِيوب
ارپکو	ps	ارْپْکو
ارړکړ	ps	ارْړْکْړ
ارښود	ps	ارښود
ارکسي	ps	ارْکْسي
ارګون	ps	ارګون
ارگن	ps	ارگَن
اریکې	ps	اریکې
ازبين	ps	ازبين
ازم	ps	ازَم
ازيرن	ps	ازيرَن
است	ps	اسْت
استح	ps	استح
استحل	ps	استحْل
استخف	ps	استخْف
استرتیزې	ps	استرتیزې
استرنومي	ps	استرنومي
استوګن	ps	استوګُن
استوگنه	ps	استوگَنه
اسدی	ps	اسَدی
اسرفت	ps	اسرفْت
اسل	ps	اسْل
اسلحی	ps	اسْلحی
اسمبلۍ	ps	اسْمْبْلۍ
اسويليو	ps	اسُويليو
اسوېليو	ps	اسَوېليو
اسيتلی	ps	اسيتلی
اسيره	ps	اسيره
اسپوڅي	ps	اسپوڅي
اشكوز	ps	اشكوز
اصلزی	ps	اصْلزی
اصلیت	ps	اصلیت
اضر	ps	اضْر
اضى	ps	اضِى
اطع	ps	اطْع
اطورۍ	ps	اطورۍ
اعبده	ps	اعْبْده
افروخت	ps	افرَوخْت
افریدۍ	ps	افریدۍ
افسرلومړي	ps	افسرلومړي
افسون	ps	افسون
افــــروخــتــه	ps	افــــروخــتْــه
افيكې	ps	افيكې
افیون	ps	افیون
اكتوپر	ps	اكتوپَر
اكـــــبــــــــــر	ps	اكـــــبَــــــــــر
اكمه	ps	اكمه
الآ	ps	الآ
الأن	ps	الَأن
البحر	ps	البَحْر
البدر	ps	البَدْر
البريشت	ps	البَريشْت
البلد	ps	البَلْد
التبه	ps	الْتبه
التحصیل	ps	التحصیل
التركي	ps	التركي
الجدلي	ps	الْجْدِلي
الجزیزة	ps	الْجْزیزة
الجيش	ps	الجيش
الحل	ps	الحل
الحى	ps	الحى
الزمر	ps	الْزْمْر
السلمت	ps	الْسْلْمْت
السميع	ps	الْسْميع
السټیل	ps	الْسْټیل
الشرفيه	ps	الْشرَفَيه
العبدفي	ps	العَبْدْفي
العدس	ps	العَدِس
العسکر	ps	العَسْکْر
الـــه	ps	الَـــه
القدرة	ps	القدرَة
القرين	ps	الْقرين
القليل	ps	القَليل
المسكر	ps	المَسكِر
المسيب	ps	المَسيب
المعتدل	ps	المُعْتدِل
المــه	ps	المَــه
المقدس	ps	المُقدَس
المللی	ps	المَللی
المپيک	ps	المِپيک
النبى	ps	النَبِى
النده	ps	الْنده
النم	ps	النَم
الهي	ps	الهي
الوتى	ps	الوْتى
الوتې	ps	الوْتې
الوخېل	ps	الوْخېل
الوسط	ps	الوْسط
الوم	ps	الوْم
الټ	ps	الْټ
الک	ps	الْک
الکبیر	ps	الکَبیر
الکرم	ps	الکَرَم
الکوثر	ps	الکَوثَر
الګو	ps	الګُو
الینزر	ps	الینزَر
امبرټو	ps	امبَرټُو
امتې	ps	امتې
امدک	ps	امدک
امرز	ps	امَرز
امرورته	ps	امروْرته
امريكى	ps	امريكِى
امريکۍ	ps	امريکۍ
امریکنی	ps	امریکَنی
امـــــله	ps	امـــــله
املي	ps	امَلي
امنتۍ	ps	امَنَتۍ
امنيو	ps	امَنيو
امنین	ps	امَنین
اميتي	ps	اميتي
اميرد	ps	اميرَد
اميرعلي	ps	اميرَعَلي
اميسو	ps	اميسو
امينو	ps	امينو
امیدوسره	ps	امیدوسره
انترنيټی	ps	انترنيټی
انتیجین	ps	انتیجین
انجلی	ps	انْجْلی
انجنیرصیب	ps	انْجنیرصیب
انجونوته	ps	انجونوته
انجینری	ps	انجینَری
انخورونه	ps	انَخورونه
اندرسن	ps	اندرسن
اندلس	ps	اندلْس
انديښسنه	ps	انديښْسنه
انديښنی	ps	انديښنی
اندچي	ps	انْدْچي
اندیښتوته	ps	اندیښتوته
اندیښه	ps	اندیښه
اندېښمنو	ps	اندېښْمنو
انرجۍ	ps	انْرْجۍ
انرژیکی	ps	انْرْژیکی
انسکي	ps	انْسْکي
انوکښی	ps	انوکښی
انيسته	ps	انيسته
انيميشنونو	ps	انيميشنونو
انیسې	ps	انیسې
انېزيت	ps	انېزيت
اهلته	ps	اهلته
اهم	ps	اهم
اهيڅ	ps	اهيڅ
اوبدلې	ps	اوبْدلې
اوبدنی	ps	اوبْدْنی
اوبشردوست	ps	اوبْشْرْدوسْت
اوبعضى	ps	اوبْعْضِى
اوبم	ps	اوبْم
اوبند	ps	اوبْنْد
اوبوديستې	ps	اوبوْدْيستې
اوبيله	ps	اوبيله
اوبړينه	ps	اوبړينه
اوبیاسره	ps	اوبیاسره
اوبیاځلې	ps	اوبیاځلې
اوبېلگوله	ps	اوبېلگوله
اوترميم	ps	اوترميم
اوتروريزم	ps	اوتَروريزْم
اوتريخ	ps	اوتَريخ
اوترپ	ps	اوترْپ
اوتریش	ps	اوتَریش
اوتشريح	ps	اوتْشْريح
اوتصرف	ps	اوتْصْرف
اوتضمین	ps	اوتْضمین
اوتوپک	ps	اوتوپَک
اوتير	ps	اوتير
اوتيليفوني	ps	اوتيليفوني
اوتکليفي	ps	اوتْکْليفي
اوتڼی	ps	اوتڼی
اوتیل	ps	اوتیل
اوج	ps	اوج
اوخــــــــــــــفه	ps	اوخــــــــــــــفه
اوخلګوضد	ps	اوخلِګوضْد
اوخور	ps	اوخور
اوخوســت	ps	اوخوسْــت
اوخوشي	ps	اوخوشي
اوخوړلي	ps	اوخوړلي
اوخوښۍله	ps	اوخوښۍله
اوخپلی	ps	اوخْپْلی
اودبل	ps	اودبَل
اودبي	ps	اودبي
اودترميم	ps	اودتَرميم
اودرملو	ps	اودَرْملو
اودرنښت	ps	اودَرنْښْت
اودريس	ps	اودَريس
اودزړه	ps	اودَزړه
اودسيسو	ps	اودسيسو
اودسپين	ps	اودْسپين
اودشنې	ps	اودْشنې
اودشپې	ps	اودْشپې
اودملیشو	ps	اودْملیشو
اودنشي	ps	اودنَشي
اودنوبل	ps	اودنوبَل
اودټولنې	ps	اودټولنې
اودپردې	ps	اودْپْرْدې
اودپرې	ps	اودْپْرې
اودپيسوپه	ps	اودپيسوپه
اودپښين	ps	اودپَښين
اودڅټ	ps	اودڅټ
اودژبی	ps	اودْژبی
اودژوندی	ps	اودْژوْندی
اودښځي	ps	اودْښْځي
اوربن	ps	اوربن
اورتبې	ps	اورْتبې
اوروزنځي	ps	اوروزْنْځي
اوروسي	ps	اوروسي
اورولى	ps	اورولِى
اوروژنې	ps	اوروژنې
اوري	ps	اوري
اوريـــــدلي	ps	اوريـــــدلي
اوريپر	ps	اوريپَر
اورپكى	ps	اورْپْكِى
اورځپلي	ps	اورْځْپْلي
اورښتونو	ps	اورْښْتونو
اورښکي	ps	اورْښْکي
اورکی	ps	اورکی
اورګون	ps	اورګون
اوسبب	ps	اوسبب
اوستو	ps	اوستو
اوستونزوڅخه	ps	اوستونزوڅخه
اوستړي	ps	اوسْتړي
اوســــی	ps	اوسَــــی
اوسلفي	ps	اوسْلْفي
اوسلیقی	ps	اوسلیقی
اوسمدستي	ps	اوسَمدَستي
اوسمندرونو	ps	اوسَمَندَرونُو
اوسنىۍ	ps	اوسَنىۍ
اوسنې	ps	اوسَنې
اوسوځي	ps	اوسوځي
اوسوکي	ps	اوسوکي
اوسيدله	ps	اوسيدَله
اوسيل	ps	اوسيل
اوسيموکې	ps	اوسيموکې
اوسينور	ps	اوسينور
اوسټول	ps	اوسټول
اوسپنو	ps	اوسْپْنو
اوسپنېزې	ps	اوسْپنېزې
اوسپينو	ps	اوسپينو
اوسپکې	ps	اوسْپکې
اوسپېڅلې	ps	اوسپېڅلې
اوسیڅوک	ps	اوسیڅوک
اوسېد	ps	اوسېد
اوسېدلې	ps	اوسېدلې
اوشته	ps	اوشته
اوشخړی	ps	اوشْخْړَی
اوشرط	ps	اوشْرْط
اوشور	ps	اوشور
اوصحي	ps	اوصَحي
اوصميمت	ps	اوصَميمَت
اوكتنى	ps	اوكْتنِى
اوكولي	ps	اوكولي
اوكيږدۍ	ps	اوكيږدۍ
اوكړيكې	ps	اوكړيكې
اولــــس	ps	اولْــــس
اولمرپه	ps	اولمرپه
اولن	ps	اولْن
اوليکی	ps	اوليکی
اولگښت	ps	اولْگْښْت
اولیرې	ps	اولیرې
اولې	ps	اولې
اومدني	ps	اومَدَني
اومرستې	ps	اومَرستې
اومريخ	ps	اومَريخ
اومستيو	ps	اومستِيو
اومقدسه	ps	اومقْدسه
اومورپه	ps	اومورپه
اوموندلی	ps	اومونْدلی
اوموټى	ps	اوموټِى
اوميچ	ps	اوميچ
اومیرې	ps	اومیرې
اومینځ	ps	اومینْځ
اونخسه	ps	اونَخَسه
اونسبت	ps	اونَسَبَت
اونظيف	ps	اونَظيف
اونــفـــرت	ps	اونَــفَـــرْت
اونقشه	ps	اونَقَشه
اونيرې	ps	اونيرې
اونيك	ps	اونيك
اونيمي	ps	اونيمي
اونی	ps	اونی
اونیک	ps	اونیک
اونېک	ps	اونېک
اوهمدردی	ps	اوهمْدردی
اوهوډ	ps	اوهوډ
اووته	ps	اووته
اووگړي	ps	اووگْړي
اوویشت	ps	اوویشْت
اووې	ps	اووې
اويز	ps	اويز
اوټ	ps	اوټ
اوټول	ps	اوټول
اوټولنیزوښېګڼو	ps	اوټولَنیزوښېګَڼو
اوټوکه	ps	اوټوکه
اوټپلي	ps	اوټْپْلي
اوټکټونه	ps	اوټْکْټونه
اوټېل	ps	اوټېل
اوپربدن	ps	اوپْرْبدن
اوپرخلکو	ps	اوپْرْخلکو
اوپردی	ps	اوپْرْدی
اوپرقدرت	ps	اوپْرْقدرت
اوپښتوته	ps	اوپښتوته
اوپېد	ps	اوپېد
اوځليږې	ps	اوځَليږې
اوځنوبه	ps	اوځَنوبه
اوځينی	ps	اوځينی
اوڅرخیدونکې	ps	اوڅرخیدونَکې
اوڅلورم	ps	اوڅلورْم
اوڅونه	ps	اوڅونه
اوڅوکې	ps	اوڅوکې
اوڅيړونکې	ps	اوڅيړونَکې
اوڅیړنی	ps	اوڅیړَنی
اوچ	ps	اوچ
اوچتلو	ps	اوچَتلو
اوچتېږم	ps	اوچَتېږم
اوچلند	ps	اوچَلنْد
اوچمن	ps	اوچَمَن
اوچپنه	ps	اوچَپَنه
اوچیک	ps	اوچیک
اوډب	ps	اوډْب
اوډله	ps	اوډله
اوډنــډه	ps	اوډْنْــډه
اوډيرنيږدې	ps	اوډيرنيږدې
اوډيو	ps	اوډِيو
اوډېريی	ps	اوډېرِيی
اوړلي	ps	اوړلي
اوړيزه	ps	اوړيزه
اوږدومه	ps	اوږدومه
اوږدکړې	ps	اوږْدْکْړې
اوږدېدلى	ps	اوږدېدَلى
اوږی	ps	اوږی
اوژبو	ps	اوژبو
اوښکلي	ps	اوښْکْلي
اوکرلي	ps	اوکْرْلي
اوکريږې	ps	اوکريږې
اوکشر	ps	اوکْشْر
اوکمک	ps	اوکَمک
اوکیفیت	ps	اوکیفیت
اوګرزي	ps	اوګَرزي
اوګلبدين	ps	اوګَلبَدين
اوګودر	ps	اوګودر
اوګوندی	ps	اوګوندی
اوګیروکې	ps	اوګیروکې
اویس	ps	اویسْ
اویودملی	ps	اویودْمْلی
اویوځل	ps	اویوځْل
ايار	ps	ايار
ايزمي	ps	ايزمي
ايزي	ps	ايزي
ايستله	ps	ايسْتله
ايستنې	ps	ايسْتنې
ايسسي	ps	ايسسي
ايسيده	ps	ايسيده
ايشتلي	ps	ايشْتلي
ايښودل	ps	ايښودل
ايښوول	ps	ايښوول
ايښې	ps	ايښې
ايکسرې	ps	ايکْسْرې
ايکينبيري	ps	ايکينبيري
اټـــومـــی	ps	اټْـــومِـــی
اټل	ps	اټْل
اټول	ps	اټول
اټومى	ps	اټومى
اټکل	ps	اټکل
اپريدو	ps	اپريدو
اپریشن	ps	اپریشن
اپرېل	ps	اپرېل
اپورونه	ps	اپورونه
اپوزی	ps	اپوزی
اپيتېل	ps	اپيتېل
اپینوپه	ps	اپینوپه
اځنی	ps	اځنی
اځی	ps	اځی
اڅو	ps	اڅو
اڅکي	ps	اڅکي
اچــــول	ps	اچْــــول
اچولو	ps	اچولو
اچولۍ	ps	اچولۍ
اچيني	ps	اچيني
اډى	ps	اډِى
اډې	ps	اډې
اړخد	ps	اړخْد
اړخيزي	ps	اړخيزي
اړخیځ	ps	اړخیځ
اړشو	ps	اړشُو
اړمه	ps	اړمه
اړولئ	ps	اړوْلئ
اړولې	ps	اړوْلې
اړيكوخپل	ps	اړيكوْخْپَل
اړيكې	ps	اړيكې
اړيکوکې	ps	اړيکوکې
اړی	ps	اړی
اړې	ps	اړې
اړېکو	ps	اړېکُو
اژوندي	ps	اژوْندي
اکبرسره	ps	اکبرْسْره
اکبری	ps	اکْبری
اکتس	ps	اکتس
اکروکر	ps	اکروکر
اکست	ps	اکْسْت
اکسیجن	ps	اکسیجن
اکم	ps	اکْم
اکمیدل	ps	اکمیدل
اکوزه	ps	اکوزه
اکګرو	ps	اکْګْرو
اګر	ps	اګْر
اګريمنت	ps	اګريمنْت
اګـر	ps	اګْـر
اګي	ps	اګي
اګې	ps	اګې
اگلیسي	ps	اگلیسي
اڼليسى	ps	اڼليسى
ایکسپلورر	ps	ایکْسْپْلورر
ایګنورکړی	ps	ایګنورْکْړی
بآور	ps	بآور
ببركزي	ps	ببركزي
ببرکړل	ps	ببرکړل
ببندند	ps	ببندنْد
ببړني	ps	ببْړني
بترس	ps	بترْس
بتنظيمه	ps	بتْنظيمه
بتک	ps	بتک
بجنة	ps	بجنَة
بجودعظیم	ps	بجودعظیم
بح	ps	بَح
بحرنۍ	ps	بَحْرْنۍ
بحری	ps	بَحری
بحه	ps	بحه
بحیرې	ps	بَحیرې
بخره	ps	بخره
بخشى	ps	بخشِى
بخــــــــــــــــته	ps	بخــــــــــــــــته
بخندبد	ps	بخْنْدْبْد
بخودي	ps	بخودي
بخښله	ps	بخْښله
بخښنې	ps	بخْښنې
بخیلې	ps	بخیلې
بدبینی	ps	بدبینی
بدترین	ps	بدتَرین
بددي	ps	بددي
بدرستی	ps	بدرستی
بدرګې	ps	بدْرګې
بدقسمتي	ps	بدقسمَتي
بدلمنې	ps	بدَلْمنې
بدليدلى	ps	بدَليدَلِى
بدليږي	ps	بدَليږي
بدلیدی	ps	بدَلیدی
بدلېدى	ps	بدَلېدِى
بدمخې	ps	بدَمخې
بدنومي	ps	بدَنومي
بدنیتۍ	ps	بدَنیتۍ
بدوسترګوپه	ps	بدوسْتْرْګوپه
بدپرځېده	ps	بدْپْرْځېده
بدیږي	ps	بَدیږي
برب	ps	بْرب
بربری	ps	بْربری
برتری	ps	بْرْتْری
برخــــــه	ps	بْرْخْــــــه
برخم	ps	بْرْخم
بردگی	ps	بَرْدگی
برزل	ps	بَرزل
برسېرن	ps	برَسېرْن
برص	ps	بَرص
برفك	ps	بَرفْك
برليس	ps	بَرليس
برمخ	ps	بَرمَخ
برمیگردیم	ps	بَرمیگَردیم
برند	ps	بَرْنْد
برنډه	ps	برْنْډه
برونس	ps	بَرونْس
بريتو	ps	بْريتو
بريدكچه	ps	بْريدْكْچه
بريدمه	ps	بْريدمه
بريدکړی	ps	بْريدْکْړی
برينن	ps	بْرينن
بريښيدله	ps	بْريښيدله
برټ	ps	بْرْټ
برډ	ps	بَرْډ
برکي	ps	بَرکي
برگر	ps	بَرگَر
برگي	ps	بَرگي
بریان	ps	بریان
بریتونه	ps	بْریتونه
بریدو	ps	بْریدو
بریدیوه	ps	بْریدیوه
برینر	ps	بْرینْر
بریښول	ps	بْریښول
بریښیڅوک	ps	بْریښیڅوک
برېتو	ps	بْرېتُو
برېدگي	ps	بْرېدُگي
برېښى	ps	بْرېښِى
بزنيس	ps	بْزْنيس
بزکشو	ps	بزْکشو
بزګرو	ps	بزْګرو
بزگره	ps	بزْگره
بسببه	ps	بسببه
بسترپرته	ps	بسترْپْرته
بستن	ps	بستَن
بسط	ps	بسَط
بســـمه	ps	بســـمه
بسملو	ps	بسمِلو
بسونه	ps	بسونه
بسټه	ps	بسَټه
بسکېټ	ps	بسکېټ
بش	ps	بش
بشرمل	ps	بشْرْمل
بشـر	ps	بشْـر
بشنو	ps	بشنُو
بشپړيدو	ps	بشْپړيدو
بشپړېدلو	ps	بشْپړېدلو
بصرې	ps	بصرې
بصيرستوري	ps	بصيرْسْتوري
بضع	ps	بضَع
بعزیز	ps	بعَزیز
بـر	ps	بـر
بــا	ps	بــا
بــخـــتــوره	ps	بــخـــتْــوره
بــشــر	ps	بــشــر
بـــبـــرسرونــــه	ps	بـــبـــرْسرونْــــه
بـــشـــر	ps	بـــشـــر
بــــدلې	ps	بــــدلې
بــــــل	ps	بــــــل
بـــــلي	ps	بـــــلي
بـــوری	ps	بْـــوری
بــولــي	ps	بْــولِــي
بـلله	ps	بـلله
بـولي	ps	بْـولي
بـیعقل	ps	بْـیعقْل
بـېلونو	ps	بْـېلونُو
بقرى	ps	بقرِى
بقيه	ps	بقيه
بكسونه	ps	بكسونه
بلآخره	ps	بلآخره
بلبل	ps	بلبل
بلبن	ps	بلبن
بلخی	ps	بلخی
بلدۍ	ps	بلَدۍ
بلقـــیس	ps	بلقْـــیس
بللم	ps	بلَلم
بلمبرګ	ps	بلَمبرْګ
بلنليک	ps	بلَنليک
بليزنيكو	ps	بْليزنيكو
بلژيک	ps	بْلْژيک
بلګو	ps	بْلْګو
بمبيي	ps	بمبِيي
بمنی	ps	بمَنی
بنأ	ps	بَنَأ
بنديزنوپه	ps	بنديزنوپه
بندکړم	ps	بنْدْکْړم
بندګی	ps	بنْدْګی
بندیدلو	ps	بندیدَلو
بنستیزو	ps	بنْسْتیزو
بنځو	ps	بنځو
بنډتوب	ps	بنْډْتوب
بووش	ps	بووشْ
بياخپلې	ps	بياخپَلې
بيبينم	ps	بيبينم
بيدر	ps	بيدْر
بيدينه	ps	بيدينه
بيرمي	ps	بيرمي
بيرول	ps	بيرول
بيري	ps	بيري
بيرپته	ps	بيرْپْته
بيسکوتو	ps	بيسکوتو
بيشکه	ps	بيشکه
بيقدرۍ	ps	بيقْدرۍ
بيلرو	ps	بيلَرو
بيلوبيلو	ps	بيلوبيلو
بيلوې	ps	بيلُوې
بيلګو	ps	بيلګُو
بينيډيکټ	ps	بينيډيکْټ
بټوه	ps	بْټوه
بڅرى	ps	بڅَرى
بچى	ps	بَچِى
بډى	ps	بَډِى
بړبوکۍ	ps	بَړبوکۍ
بړقې	ps	بْړْقې
بړې	ps	بْړې
بکرل	ps	بَکرَل
بکسک	ps	بَکْسْک
بکنیم	ps	بَکنیم
بګريسته	ps	بګريسته
بګو	ps	بِګو
بگ	ps	بِگ
بگذردآن	ps	بگْذْردآن
بڼـــــو	ps	بڼْـــــو
بڼوكي	ps	بڼوكي
بڼښ	ps	بڼْښ
بیاپرمستۍ	ps	بیاپرَمستۍ
بیجن	ps	بیجن
بیخبری	ps	بیخْبری
بیدیږی	ps	بیدیږی
بیردن	ps	بیردن
بیرنتس	ps	بیرْنْتْس
بیرگین	ps	بیرگین
بیزقل	ps	بیزقل
بیشر	ps	بیشر
بیقدرې	ps	بیقْدرې
بیلره	ps	بیلره
بیلګي	ps	بیلګي
بیلېګې	ps	بیلېګې
بینه	ps	بینه
بینې	ps	بینې
بیچ	ps	بیچ
بیړو	ps	بیړو
بیګم	ps	بیګْم
بېحده	ps	بېحده
بېخی	ps	بېخی
بېدرکه	ps	بېدْرْکه
بېر	ps	بېر
بېرمل	ps	بېرْمْل
بېرې	ps	بېرې
بېشميره	ps	بېشميره
بېـــــلګــــې	ps	بېـــــلګْــــې
بېكچې	ps	بېكچې
بېلبرې	ps	بېلْبْرې
بېلـګو	ps	بېلـګو
بېلوبېلو	ps	بېلوبېلو
بېلګړي	ps	بېلْګْړي
بېلېدمه	ps	بېلېدَمه
بېکوره	ps	بېکوره
تأجيل	ps	تَأجيل
تأييد	ps	تَأييد
تؤمنون	ps	تؤمنون
تبدلېده	ps	تبْدلېده
تبرک	ps	تَبرک
تبسم	ps	تَبسم
تبه	ps	تبه
تجدد	ps	تَجَدُد
تجریبې	ps	تَجریبې
تجل	ps	تَجَل
تجملی	ps	تَجمَلی
تحدینو	ps	تَحدینُو
تحريمی	ps	تَحريمی
تحرېک	ps	تَحرېک
تحقیر	ps	تَحقیر
تحلیلوي	ps	تَحلیلُوي
تحی	ps	تَحی
تخنیکې	ps	تخنیکې
تدبيركړه	ps	تدبيرْكْړه
تدبیرکومه	ps	تدبیرکومه
تدریج	ps	تدریج
تدعوه	ps	تدعُوه
تذکرو	ps	تذْکرو
تربرو	ps	ترْبرو
تربوسو	ps	تربوسو
تربګنۍ	ps	تربګنۍ
ترتركي	ps	ترتركي
ترجمی	ps	ترْجمی
ترجيحي	ps	ترجيحي
ترحده	ps	ترْحده
ترخولې	ps	ترخولې
ترخګر	ps	ترْخْګر
تردريمی	ps	ترْدريمی
تردی	ps	تردی
تررسيدو	ps	ترْرْسيدو
ترزره	ps	ترْزره
ترزړښت	ps	ترْزْړْښْت
ترسخت	ps	ترسخْت
ترسرمي	ps	ترسرمي
ترسپك	ps	ترْسْپك
ترسیور	ps	ترسیور
ترقې	ps	ترقې
تركلتوري	ps	تركلتوري
تركمني	ps	ترْكْمني
ترلسم	ps	ترْلْسم
ترلكۍ	ps	ترْلْكۍ
ترلومړيو	ps	ترلومړَيو
ترمحل	ps	ترْمْحل
ترمزی	ps	ترْمزی
ترمشرۍ	ps	ترْمشَرۍ
ترمنزل	ps	ترمنزل
ترمونه	ps	ترمونه
ترمیم	ps	ترمیم
ترمینولوژۍ	ps	ترمینولوژۍ
ترنم	ps	ترنم
تروروستي	ps	تروروستي
تروريږم	ps	تروريږْم
ترورېست	ps	ترورېسْت
تروكې	ps	تروكې
ترياک	ps	تْرياک
تريخى	ps	تْريخِى
تريلون	ps	تْريلون
ترپردى	ps	ترپردى
ترپكې	ps	ترْپكې
ترپوځې	ps	ترپوځې
ترپیل	ps	ترپیل
ترځوبه	ps	ترځوبه
ترڅوجگړه	ps	ترڅوجْگْړه
ترڅووسله	ps	ترڅووسله
ترڅوټول	ps	ترڅوټول
ترڅوپټه	ps	ترڅوپَټه
ترڅوښکلی	ps	ترڅوښکلی
ترڅیړنی	ps	ترڅیړَنی
ترژره	ps	ترْژْره
ترښکلو	ps	ترْښْکْلو
ترکمیشن	ps	ترْکْمیشْن
تریمبلي	ps	تْریمْبلي
تســـل	ps	تْســـل
تسلم	ps	تْسلْم
تسليمه	ps	تسليمه
تسليمېدل	ps	تسليمېدل
تسلیمو	ps	تسلیمو
تسلېت	ps	تسلېت
تش	ps	تش
تشخيصول	ps	تشخيصول
تشرح	ps	تشرح
تشریع	ps	تشریع
تشــکیل	ps	تشــکیل
تشوخبر	ps	تشوخَبر
تشى	ps	تشِى
تشکلیوی	ps	تشْکلیوی
تصبح	ps	تصَبْح
تصرف	ps	تصرْف
تطبیق	ps	تَطبیق
تطميع	ps	تَطميع
تعبيرونوکې	ps	تَعبيرونوکې
تعبیروشو	ps	تَعبیروشو
تعذر	ps	تَعذُر
تعرف	ps	تَعرِف
تعزيتی	ps	تَعزيتی
تعصوب	ps	تَعصوب
تعطیل	ps	تَعطیل
تعقيبي	ps	تَعقيبي
تعلفر	ps	تَعْلْفَر
تعليمى	ps	تَعليمِى
تعلیمی	ps	تَعلیمی
تعميرونوسره	ps	تعميرونوسره
تعمیري	ps	تَعمیري
تــــا	ps	تِــــا
تــــرې	ps	تــــرې
تـــــــرڅـــــو	ps	تـــــــرڅْـــــو
تــــــــــــشه	ps	تــــــــــــشه
تـــــــــــــــــــه	ps	تْـــــــــــــــــــه
تــــــه	ps	تْــــــه
تـــــوبــــــــه	ps	تْـــــوبْــــــــه
تــــن	ps	تَــــن
تـــقديــر	ps	تَـــقديــر
تـــورو	ps	تْـــورو
تـللو	ps	تَـللو
تـيـر	ps	تْـيـر
تـېـر	ps	تْـېـر
تفريحى	ps	تَفريحِى
تفسيرکوي	ps	تَفسيرکوي
تفشل	ps	تَفشل
تفصیل	ps	تَفصیل
تقبيل	ps	تَقبيل
تقدېر	ps	تَقدېر
تقريري	ps	تَقريري
تقسمیږي	ps	تَقسِمیږي
تقسیمیږی	ps	تَقسیمیږی
تقى	ps	تَقِى
تكليفه	ps	تكليفه
تلف	ps	تَلَف
تلفونی	ps	تَلفونی
تللوسرم	ps	تَللوسَرْم
تلوپه	ps	تلوپه
تلکيچي	ps	تلکيچي
تمبولي	ps	تَمبولي
تمدنى	ps	تمَدَنى
تمدیدیږي	ps	تَمدیدیږي
تمنه	ps	تمَنه
تمهيدو	ps	تمهيدو
تميثل	ps	تميثل
تمينو	ps	تمينو
تمکين	ps	تمکين
تمیږي	ps	تمیږي
تنبلی	ps	تنْبْلی
تنف	ps	تنْف
تنوددې	ps	تنوددې
تنوپه	ps	تنوپه
تنویی	ps	تنویی
تنکى	ps	تنَکى
توتو	ps	توتو
توحین	ps	توحین
تودو	ps	تودو
تودوښه	ps	تودوښه
تودښت	ps	تودْښْت
توربچي	ps	تورَبچي
تورخم	ps	تورَخْم
تورزن	ps	تورَزْن
تورلوګي	ps	تورَلوګي
تورمخي	ps	تورمَخي
تورنې	ps	تورَنې
تورو	ps	تورو
توروره	ps	توروره
تورونو	ps	تورونو
تورووچې	ps	تورووچې
تورپلن	ps	تورْپلن
تورپيكۍ	ps	تورپيكۍ
تورڅپری	ps	تورڅپری
تورکړی	ps	تورْکْړی
تورۍ	ps	تورۍ
توزرگشت	ps	توزْرْگَشْت
توشيح	ps	توشيح
توضیح	ps	تَوضیح
توكميز	ps	توكميز
تولـد	ps	تولْـد
تولو	ps	تولو
توليدڅخه	ps	توليدْڅخه
تولک	ps	تولْک
تولیدي	ps	تولیدي
تومتونه	ps	تومتونه
تومورحجرې	ps	تومورحجرې
تومي	ps	تومي
توټې	ps	توټې
توپيرسره	ps	توپيرْسْره
توپیره	ps	توپیره
توکسیک	ps	توکسیک
توکمی	ps	توکمی
توکول	ps	توکول
توکوڅخه	ps	توکوڅخه
توکړو	ps	توکړو
تيردى	ps	تيردِى
تيرشپه	ps	تيرْشْپه
تيريدلى	ps	تيريدلِى
تيريدى	ps	تيريدِى
تيريژي	ps	تيريژي
تيرکړه	ps	تيرْکْړه
تيرېدو	ps	تيرېدو
تيزي	ps	تيزي
تيلوجګړې	ps	تيلوجْګْړې
تيلي	ps	تيلي
تيټه	ps	تيټه
تيکو	ps	تيکو
تيگو	ps	تيگو
تپلې	ps	تَپلې
تړمه	ps	تړَمه
تړوکړي	ps	تړُوکړي
تږيه	ps	تږَيه
تښتم	ps	تښتَم
تښتولۍ	ps	تښتولۍ
تښتوني	ps	تښتوني
تښتيدل	ps	تښتيدل
تښتید	ps	تښتید
تښتیږی	ps	تښتیږی
تښیدلي	ps	تښیدَلي
تکریت	ps	تَکریت
تکــور	ps	تَکْــور
تکليفو	ps	تَکليفُو
تکلیفی	ps	تَکلیفی
تکن	ps	تَکْن
تکه	ps	تَکه
تکي	ps	تَکي
تګي	ps	تَګي
تڼې	ps	تَڼې
تیرریدو	ps	تیرریدُو
تیرشوي	ps	تیرشوي
تیرولونه	ps	تیرولونه
تیرکړو	ps	تیرْکْړو
تیریدلو	ps	تیریدلو
تیریدي	ps	تیریدي
تیرېدو	ps	تیرېدو
تیزس	ps	تیزْس
تیلمن	ps	تیلمَن
تیلیفون	ps	تیلیفون
تیږې	ps	تیږې
تیکو	ps	تیکو
تېرشـــــــو	ps	تېرَشْـــــــو
تېرشپه	ps	تېرْشْپه
تېروتنی	ps	تېروتنی
تېرور	ps	تېرور
تېريوتورن	ps	تېرِيوتورْن
تېرژمی	ps	تېرْژْمی
تېرکې	ps	تېرکې
تېرېدنې	ps	تېرېدَنې
تېرېدى	ps	تېرېدِى
تېزۍ	ps	تېزۍ
تېلي	ps	تېلي
ثبتوي	ps	ثبتوي
ثقیل	ps	ثقیل
ثليقې	ps	ثليقې
ثمربخـش	ps	ثمرْبخـش
ثموده	ps	ثموده
ثه	ps	ثه
ثور	ps	ثور
ثيقه	ps	ثيقه
جبريلي	ps	جبريلي
جبه	ps	جبه
جبيره	ps	جبيره
جت	ps	جت
جددي	ps	جددي
جدى	ps	جدِى
جدېت	ps	جدېت
جذبوی	ps	جَذبَوی
جرجي	ps	جَرجي
جركه	ps	جركه
جرمنو	ps	جرْمنو
جرمنې	ps	جرْمنې
جرمي	ps	جرمي
جريب	ps	جريب
جريربن	ps	جريربن
جرگی	ps	جرگی
جریده	ps	جریده
جزري	ps	جَزري
جزیرة	ps	جَزیرَة
جسدو	ps	جسَدو
جسټس	ps	جَسټس
جعې	ps	جَعې
جــبـــــهـــــــه	ps	جــبَـــــهـــــــه
جـــــــــرمـــــــــنـــــی	ps	جَـــــــــرمَـــــــــنِـــــی
جـــــــــــــــبر	ps	جَـــــــــــــــبَر
جفت	ps	جفْت
جل	ps	جل
جلس	ps	جلْس
جلوگيرى	ps	جلوگيرِى
جلګې	ps	جلګې
جمبه	ps	جمبه
جمعۍ	ps	جمعۍ
جملوته	ps	جملوته
جمند	ps	جمْنْد
جمو	ps	جَمو
جمير	ps	جَمير
جميلې	ps	جَميلې
جمیعتیان	ps	جمیعَتیان
جنبشي	ps	جنْبشي
جنسو	ps	جنسو
جنــــتونه	ps	جنَــــتونه
جنيه	ps	جنيه
جنې	ps	جَنې
جو	ps	جو
جوتوله	ps	جوتوله
جوتېږی	ps	جوتېږی
جودلو	ps	جودلو
جورجه	ps	جورجه
جوزجآني	ps	جوزْجآني
جوسر	ps	جوسَر
جوشه	ps	جوشه
جوفه	ps	جوفه
جونپړه	ps	جونْپْړه
جوپړ	ps	جوپْړ
جوړنکو	ps	جوړْنکو
جوړولکله	ps	جوړولْکله
جوړونكي	ps	جوړونُكي
جوړيدود	ps	جوړيدود
جوړيدي	ps	جوړيدي
جوړښتونونو	ps	جوړْښْتونونو
جوړکړيدې	ps	جوړْکړيدې
جوړیدونکي	ps	جوړیدونَکي
جوړېدى	ps	جوړېدى
جوک	ps	جوک
جيتي	ps	جيتي
جيكسونه	ps	جيكسونه
جيلى	ps	جيلِى
جيورجو	ps	جيورْجو
جيکب	ps	جيکَب
جپـــه	ps	جْپْـــه
جړقېدو	ps	جْړْقېدو
جک	ps	جْک
جګتورن	ps	جګتورن
جګيدلې	ps	جګيدلې
جګپوړۍ	ps	جګپوړۍ
جګړورپوټ	ps	جګړورپوټ
جګړييزې	ps	جګړَييزې
جګړېزو	ps	جګړېزو
جګېږئ	ps	جګېږئ
جگپوړو	ps	جگپوړو
جیبو	ps	جیبو
جیری	ps	جیری
جیمزکرومیتي	ps	جیمْزْکْرومیتي
جینونه	ps	جینونه
جیکسن	ps	جیکسن
جېبه	ps	جېبه
جېلونو	ps	جېلونو
حآل	ps	حآل
حبشى	ps	حبشِى
حبيبيان	ps	حبيبيان
حبیبیی	ps	حبیبِیی
حترمو	ps	حترمو
حتمې	ps	حتَمې
حجحج	ps	حجحج
حدة	ps	حدَة
حدس	ps	حدْس
حرمة	ps	حرمَة
حسنينو	ps	حسنينو
حسی	ps	حسی
حشي	ps	حشي
حضورله	ps	حضورله
حضورښودنه	ps	حضورښودَنه
حطر	ps	حطْر
حـــرکـــت	ps	حـــرکَـــت
حــــــــريـــــــــص	ps	حــــــــريـــــــــص
حـــــــــوصلو	ps	حـــــــــوصَلو
حــق	ps	حــق
حقيـقت	ps	حَقيـقت
حقیـــــقت	ps	حَقیـــــقت
حقېقې	ps	حَقېقې
حكمو	ps	حكمو
حكومتو	ps	حكومَتو
حلمــــــــــا	ps	حلمِــــــــــا
حلولوکي	ps	حلولوکي
حليمي	ps	حليمي
حلیږی	ps	حلیږی
حمــــلــــو	ps	حَمــــلُــــو
حميدى	ps	حَميدِى
حنيف	ps	حَنيف
حویت	ps	حُویت
حيد	ps	حيد
حيدري	ps	حيدَري
حيرت	ps	حيرْت
حيم	ps	حَيمْ
حکبم	ps	حُکبَم
حیان	ps	حیان
حیرت	ps	حیرَت
حینف	ps	حینَف
حېا	ps	حېا
خبرتوکي	ps	خبرتوکي
خبرتېا	ps	خبرتېا
خبرده	ps	خبرده
خبررد	ps	خبرْرْد
خبرسو	ps	خبرسو
خبركړي	ps	خبرْكْړي
خبرنشول	ps	خبرْنشول
خبروبلنه	ps	خبروبلنه
خبرورکړ	ps	خبرورکړ
خبروشوه	ps	خبروشوه
خبروپلوي	ps	خبروپلُوي
خبروکی	ps	خبروکی
خبريدل	ps	خبريدل
خبريځکه	ps	خبريځَکه
خبرچه	ps	خْبرچه
خبرکړی	ps	خْبرْکْړَی
خبریدو	ps	خْبریدو
خبرېب	ps	خْبرېب
خبرېږم	ps	خْبرېږم
خبـــــ	ps	خْبـــــ
خبــــــــــــــــريله	ps	خْبــــــــــــــــريله
خبون	ps	خْبوْنْ
ختم	ps	خَتْم
ختميدو	ps	خَتميدو
ختمیدو	ps	خَتمیدو
ختولو	ps	خَتولو
ختيزو	ps	خَتيزو
ختيځى	ps	ختيځى
ختېځ	ps	خْتېځ
خجل	ps	خجل
خدیجه	ps	خدیجه
خذي	ps	خذي
خرج	ps	خْرَج
خردی	ps	خْرَدی
خرلې	ps	خْرَلې
خرمن	ps	خْرَمْن
خرودل	ps	خْرَودَل
خروي	ps	خْرَوي
خروښيږي	ps	خْرَوښيږي
خرځیږي	ps	خْرځیږي
خرڅونه	ps	خرڅونه
خرڅېدونکي	ps	خرڅېدونَکي
خریلو	ps	خریلو
خزوشو	ps	خزوشو
خسه	ps	خسه
خشبويول	ps	خشبويول
خصت	ps	خصَت
خصيت	ps	خصَيت
خصیې	ps	خصِیې
خطرنو	ps	خَطَرنو
خطرکي	ps	خَطَرکي
خطي	ps	خَطي
خطیر	ps	خَطیر
خـبر	ps	خْـبر
خـس	ps	خْـس
خــبرنه	ps	خْــبرنه
خــــــبر	ps	خْــــــبر
خـــــــتـــــــــل	ps	خْـــــــتـــــــــل
خــــــــــــــوســــــــــترګې	ps	خْــــــــــــــوســــــــــترګې
خـــــــــپـ	ps	خْـــــــــپْـ
خـــــــور	ps	خْـــــــور
خــــــولـــــــه	ps	خْــــــولْـــــــه
خـــــودبـــ	ps	خْـــــودْبْـــ
خــــوله	ps	خْــــوله
خـــوره	ps	خْـــوره
خـــپـــل	ps	خْـــپـــل
خــم	ps	خــم
خــولــی	ps	خْــولِــی
خــپــلــې	ps	خْــپــلْــې
خـلک	ps	خْـلَک
خـوړلـو	ps	خْـوړلْـو
خـپل	ps	خْـپل
خفة	ps	خفة
خل	ps	خل
خلطو	ps	خْلَطو
خلكوله	ps	خْلكوله
خللک	ps	خْلَلَک
خلوص	ps	خْلُوص
خلکتل	ps	خْلَکتَل
خلکپه	ps	خلْکْپه
خلګوته	ps	خلګوته
خلګوکرکې	ps	خلګوکرکې
خلېج	ps	خلېج
خميره	ps	خميره
خمینې	ps	خمینې
اتل	ps	اتل
اخښی	ps	اخښَی
اغزی	ps	اغزَی
انګوړی	ps	انګوړَی
ايغلو	ps	ايغلُو
بدلاری	ps	بَدلارَی
برېت	ps	بْرېت
بندي	ps	بندي
بيول	ps	بيول
تلل	ps	تْلل
تڼۍ	ps	تَڼۍ
جنۍ	ps	جنۍ
خت	ps	خت
دانه	ps	دانه
دېګ	ps	دېګ
رنګ	ps	رَنْګ
زده	ps	زْده
ستاسو	ps	سْتاسو
سرېښ	ps	سْرېښ
سيمه	ps	سيمه
سړی	ps	سړَی
شل	ps	شل
شپږ	ps	شْپَږ
غل	ps	غَل
فردوس	ps	فِردَوسْ
لوښي	ps	لوښي
مېلمه	ps	مېلمه
نبي	ps	نَبي
ننګ	ps	ننْګ
نيمبو	ps	نيمبُو
هېواد	ps	هېواد
پت	ps	پَت
پسته	ps	پسته
پوهېږي	ps	پوهېږي
پکان	ps	پَکان
ځل	ps	ځل
ځينې	ps	ځينې
څکل	ps	څْکل
ډېر	ps	ډېر
ژمی	ps	ژمَی
ښه	ps	ښه
ښۀ	ps	ښۀ
کسم	ps	کسم
کول	ps	کَول
ګرمي	ps	ګَرمي
ګټل	ps	ګَټل
لري	ps	لري
ستړی	ps	سْتړَیَ
ابتر	ps	ابتَر
ابدس	ps	ابدَس
ابدې	ps	ابدې
ابرتز	ps	ابرَتْز
ابطه	ps	ابطه
ابــــد	ps	ابْــــد
ابلی	ps	ابلی
ابين	ps	ابين
ابیلو	ps	ابیلو
ابېڅي	ps	ابېڅي
اتبع	ps	اتْبْع
اتري	ps	اتري
اتلسم	ps	اتلَسْم
اتم	ps	اتْم
اتمې	ps	اتمې
اتنیکې	ps	اتنیکې
اتوريته	ps	اتوريته
اتوم	ps	اتوم
اتومونه	ps	اتومونه
اتيژۍ	ps	اتيژۍ
اتیره	ps	اتیره
اتیژۍ	ps	اتیژۍ
اثردى	ps	اثَردِى
اثرونه	ps	اثَرونه
اثـــر	ps	اثَـــر
اجرآکړی	ps	اجرآکړی
اجربه	ps	اجْرْبه
اجرو	ps	اجرو
اجـــــــــر	ps	اجْـــــــــر
اجن	ps	اجْن
اجنډې	ps	اجْنْډې
اجير	ps	اجير
اجګړه	ps	اجګړه
احمدزیله	ps	احمدزیله
احي	ps	احي
اخترمو	ps	اخترمو
اخــــــــــــــــــــتر	ps	اخــــــــــــــــــــتر
اخلو	ps	اخلُو
اخليدې	ps	اخليدې
اخلېکله	ps	اخلېکَله
اخيستلی	ps	اخيسْتلی
اخيسې	ps	اخيسې
اخځليكونه	ps	اخْځْليكونه
اخیربه	ps	اخیربه
اخیستلي	ps	اخیسْتلي
اخیستوسره	ps	اخیستوسَره
اخیستی	ps	اخیستَی
اخېره	ps	اخېره
اخېستو	ps	اخېستو
ادبــی	ps	ادَبِــی
ادبپوهنې	ps	ادبپوهنې
ادخلتني	ps	ادخلْتني
ادع	ps	ادع
ادوه	ps	ادَوه
ادپ	ps	ادَپ
اذرې	ps	اذَرې
اربيزه	ps	ارَبيزه
ارت	ps	ارْت
ارتد	ps	ارتِد
ارثر	ps	ارْثْر
ارحمن	ps	ارْحْمِن
اردني	ps	ارْدْني
اردودوه	ps	اردودوه
ارزښتمنې	ps	ارزَښْتْمَنې
ارزېده	ps	ارزېده
ارسېدو	ps	ارسېدو
اركنديشن	ps	ارْكْنْديشْن
ارمــ	ps	ارْمْــ
ارمه	ps	ارمه
ارنست	ps	ارنِسْت
اروبند	ps	اروبنْد
ارول	ps	ارول
اريزه	ps	اريزه
اريوبي	ps	ارِيوبي
ارځم	ps	ارْځْم
ارړیکي	ps	ارړیکي
ارکندیشن	ps	ارکَندیشَن
ارگو	ps	ارگو
اریقط	ps	اریقَط
اریګ	ps	اریګ
ازآه	ps	ازآه
ازبک	ps	ازْبْک
ازخود	ps	ازْخوْدْ
ازر	ps	ازْر
ازرې	ps	ازرې
ازق	ps	ازْق
ازمودن	ps	ازمودَن
ازمويی	ps	ازمويی
ازمیل	ps	ازمیل
ازيري	ps	ازيري
استره	ps	اسْتره
استوګنه	ps	استوګَنه
استوگنو	ps	استوگُنو
اسدې	ps	اسَدې
اسره	ps	اسره
اسلأم	ps	اسلأم
اسلحې	ps	اسْلحې
اسمبلې	ps	اسْمْبْلې
اسوېلی	ps	اسَوېلی
اسيد	ps	اسيد
اسيرو	ps	اسيرُو
اسپيره	ps	اسپيره
اسې	ps	اسې
اشرق	ps	اشرق
اشم	ps	اشْم
اصلف	ps	اصلف
اضي	ps	اضي
اطي	ps	اطي
اعبدو	ps	اعْبْدو
افت	ps	افْت
افر	ps	افْر
افرودیت	ps	افرَودیت
افریدې	ps	افریدې
افسر	ps	افسَر
افسرنه	ps	افسرنه
افسوټر	ps	افسوټَر
افظ	ps	افْظ
افندي	ps	افَندي
افيله	ps	افيله
افگن	ps	افگَن
افیوی	ps	افیوی
اقبت	ps	اقبَت
اكست	ps	اكْسْت
اكـــوي	ps	اكـــوي
الآت	ps	الآت
الأبد	ps	الَأبَد
الأدب	ps	الَأدَب
الأكبر	ps	الَأكبَر
البدري	ps	البَدري
البقري	ps	البَقري
البو	ps	البَو
التركيز	ps	التركيز
التنزيل	ps	التنزيل
الجديد	ps	الْجْديد
الجزیزه	ps	الْجْزیزه
الجيشي	ps	الجيشي
الحجه	ps	الْحجه
الحرمين	ps	الحرمين
الحمد	ps	الحمْد
الحي	ps	الحي
الذکری	ps	الذِکری
الزی	ps	الزی
السکب	ps	الْسْکْب
الشرق	ps	الشَرْق
الشمري	ps	الشَمري
الطرق	ps	الطَرَق
الظ	ps	الْظ
العدل	ps	العَدْل
العرف	ps	العَرْف
العش	ps	العَش
العقيدة	ps	العَقيدة
الفه	ps	الفه
القدرت	ps	القدرَت
القری	ps	الْقری
القوي	ps	القُوي
الكو	ps	الكُو
اللبن	ps	اللَبَن
اللقم	ps	اللَقْم
المرت	ps	المَرْت
المسكين	ps	المَسكين
المسير	ps	المَسير
المعتزلة	ps	المُعْتزِلَة
المعلمين	ps	المَعلِمين
المفرد	ps	المُفرِد
المقدسة	ps	المُقدَسَة
المودة	ps	المَودَة
النبي	ps	النَبي
النعيم	ps	الْنْعيم
النمل	ps	النَمْل
الوبل	ps	الوْبل
الوتكی	ps	الوْتكی
الوتنې	ps	الوْتنې
الوتي	ps	الوْتي
الوتکوله	ps	الوْتکوله
الوث	ps	الوْث
الوخېلو	ps	الوْخېلو
الوسطى	ps	الوْسَطى
الکريم	ps	الکَريم
الکفر	ps	الکَفْر
الګور	ps	الګور
الیزبیت	ps	الیزَبیت
الیکټرک	ps	الیکَټرَک
ام	ps	ام
امدکرزي	ps	امْدْکرزي
امرخبری	ps	امرخبری
امرسره	ps	امرْسره
امركم	ps	امركم
امريكي	ps	امريكي
امريکې	ps	امريکې
امریکه	ps	امریکه
امـــــیل	ps	امْـــــیل
املیږی	ps	امَلیږی
امنتې	ps	امَنَتې
امنيته	ps	امَنيته
اميد	ps	اميد
اميردوست	ps	اميرَدوسْت
اميـد	ps	اميـد
امپ	ps	امْپ
امیدونـــــه	ps	امیدونْـــــه
امیز	ps	امیز
امیني	ps	امیني
انترنټ	ps	انترْنْټ
انتون	ps	انتُون
انتيك	ps	انتيك
انجنيري	ps	انْجْنيري
انجونوسره	ps	انجونوسَره
انجينرى	ps	انجينَرى
انجينيرمح	ps	انجينيرمح
انجینرۍ	ps	انجینَرۍ
انخيل	ps	انَخيل
انددټولنې	ps	انددټولنې
اندری	ps	انْدری
اندلسي	ps	اندلسي
انديښـــ	ps	انديښْـــ
انديښنۍ	ps	انديښنۍ
اندړ	ps	انْدْړ
اندیښمن	ps	اندیښمن
انروز	ps	انروز
انرژۍ	ps	انْرْژۍ
انسی	ps	انسی
انشورنس	ps	انْشوْرْنْس
انوکې	ps	انوکې
انيزم	ps	انيزْم
انينو	ps	انينو
انځر	ps	انځر
انځــوروركول	ps	انځْــوروركول
انیز	ps	انیز
انیشتین	ps	انیشتین
اهن	ps	اهن
اهه	ps	اهه
اوبحرني	ps	اوبحرني
اوبدخلک	ps	اوبْدْخلک
اوبدنیتۍ	ps	اوبْدْنیتۍ
اوبدیی	ps	اوبدِیی
اوبري	ps	اوبري
اوبزنيس	ps	اوبْزْنيس
اوبعضي	ps	اوبْعْضي
اوبل	ps	اوبْل
اوبلندپت	ps	اوبلنْدْپْت
اوبنده	ps	اوبْنْده
اوبوډکې	ps	اوبوْډْکې
اوبړین	ps	اوبړین
اوبیالکه	ps	اوبیالکه
اوبیاچپه	ps	اوبیاچپه
اوبیش	ps	اوبیش
اوبېرته	ps	اوبېرته
اوبېلېدلو	ps	اوبېلېدلو
اوتروريست	ps	اوتَروريسْت
اوتريخت	ps	اوتَريخْت
اوترین	ps	اوتَرین
اوتشريف	ps	اوتْشْريف
اوتصمیم	ps	اوتْصْمیم
اوتطبيق	ps	اوتطبيق
اوتفسی	ps	اوتفسی
اوتکلیفو	ps	اوتْکْلیفو
اوتی	ps	اوتی
اوتیښتې	ps	اوتیښتې
اوجدلونو	ps	اوجدَلونو
اوخفه	ps	اوخفه
اوخلكومين	ps	اوخلِكومين
اوخلګوپه	ps	اوخْلګوپه
اوخوشکي	ps	اوخوشکي
اوخوندي	ps	اوخوندي
اوخوښې	ps	اوخوښې
اوخپلوخلګوته	ps	اوخْپْلوخلګوته
اوخپلې	ps	اوخْپْلې
اودبلبل	ps	اودبَلبَل
اودتره	ps	اودْتره
اودرزق	ps	اودَرزق
اودريشي	ps	اودَريشي
اودریږه	ps	اودَریږه
اودزلمي	ps	اودَزْلمي
اودسره	ps	اودَسَره
اودسولي	ps	اودْسوْلْي
اودسپينږيرو	ps	اودْسپينږيرو
اودشرف	ps	اودْشرف
اودطنزپه	ps	اودطنْزْپه
اودملې	ps	اودمَلې
اودميلمنوپه	ps	اودميلْمنوپه
اودنشيي	ps	اودنَشيي
اودنفتو	ps	اودنَفتو
اودنور	ps	اودنور
اودټولو	ps	اودټولو
اودپسرلي	ps	اودْپْسرلي
اودپنځه	ps	اودپنځه
اودپوهي	ps	اودپوهي
اودپيشلمي	ps	اودپيشْلمي
اودپښتنوپه	ps	اودْپْښْتنوپه
اودژبې	ps	اودْژبې
اودښځی	ps	اودْښْځی
اوربند	ps	اوربنْد
اورتعبیرکــړله	ps	اورتعبیرْکْــړْله
اورخصت	ps	اورخصْت
اوروزنی	ps	اوروزنی
اوروسيه	ps	اوروسيه
اورولي	ps	اورولي
اورونو	ps	اورونو
اوروژه	ps	اوروژه
اوروکــي	ps	اوروکِــي
اوريدنکى	ps	اوريدْنکِى
اوريځ	ps	اوريځ
اورپكي	ps	اورْپْكي
اورځې	ps	اورځې
اورښتونی	ps	اورْښْتونی
اورک	ps	اورْک
اورکې	ps	اورکې
اورګونه	ps	اورګونه
اوسترزي	ps	اوسْتْرزي
اوستل	ps	اوستل
اوستړی	ps	اوسْتړَی
اوسختي	ps	اوسْخْتي
اوسر	ps	اوسر
اوسرتمبگي	ps	اوسرتمْبگي
اوسلم	ps	اوسلم
اوسلې	ps	اوسلې
اوسمندري	ps	اوسَمَندَري
اوسني	ps	اوسَني
اوسوځېدلې	ps	اوسوځېدلې
اوسيدلو	ps	اوسيدَلو
اوسيلئ	ps	اوسيلئ
اوسيمى	ps	اوسيمِى
اوسينورمي	ps	اوسينورمي
اوسپنى	ps	اوسْپْنِى
اوسپه	ps	اوسپه
اوسپین	ps	اوسپین
اوسیدنې	ps	اوسیدنې
اوسیږ	ps	اوسیږ
اوسېدم	ps	اوسېدم
اوشبنم	ps	اوشْبْنم
اوشتو	ps	اوشتو
اوشرطه	ps	اوشْرْطه
اوشننه	ps	اوشْننه
اوشوټ	ps	اوشوټ
اوشپني	ps	اوشپَني
اوشکریې	ps	اوشکَرِیې
اوصب	ps	اوصَب
اوصحيح	ps	اوصَحيح
اوصفت	ps	اوصَفْت
اوكوم	ps	اوكوم
اوكيږي	ps	اوكيږي
اوكړۍ	ps	اوكړۍ
اولروژه	ps	اولَروژه
اولسمشري	ps	اولْسْمْشري
اولــــــه	ps	اولْــــــه
اولمس	ps	اولْمْس
اولند	ps	اولْنْد
اوليکلي	ps	اوليکلي
اولټي	ps	اولټي
اولین	ps	اولین
اومدنيت	ps	اومَدَنَيت
اومرشد	ps	اومرشد
اومريمي	ps	اومَريمي
اومستی	ps	اومستی
اومشرف	ps	اومْشرَف
اومصر	ps	اومَصر
اومورڅ	ps	اومورْڅ
اوموندنې	ps	اومونْدنې
اوموډسره	ps	اوموډسره
اوميل	ps	اوميل
اومړې	ps	اومړې
اومکمل	ps	اومْکمل
اومینی	ps	اومینی
اومېلمه	ps	اومېلمه
اونتیجه	ps	اونَتیجه
اونخي	ps	اونَخي
اونرمی	ps	اونَرَمی
اونسبي	ps	اونَسَبي
اونشه	ps	اونَشه
اونقشې	ps	اونَقَشې
اونيز	ps	اونيز
اونيكم	ps	اونيكْم
اونړې	ps	اونړې
اونیکبختۍ	ps	اونیکبختۍ
اونېکبخته	ps	اونېکبخته
اوهستم	ps	اوهسْتم
اوهلمندکې	ps	اوهلْمنْدْکې
اوهمبرګر	ps	اوهمْبرګر
اوهورې	ps	اوهورې
اوهوډمن	ps	اوهوډمن
اووتو	ps	اووتو
اوویشتمه	ps	اوویشْتمه
اوټولن	ps	اوټولَن
اوټولوګډون	ps	اوټولوګَډون
اوټپلې	ps	اوټْپْلې
اوټکی	ps	اوټکی
اوپربل	ps	اوپْرْبل
اوپرخه	ps	اوپْرْخه
اوپردۍ	ps	اوپْرْدۍ
اوپرله	ps	اوپْرْله
اوپیل	ps	اوپیل
اوځني	ps	اوځَني
اوځينې	ps	اوځينې
اوڅرلی	ps	اوڅرلی
اوڅلورمه	ps	اوڅلورمه
اوڅوبل	ps	اوڅوبل
اوڅيرونکي	ps	اوڅيرونَکي
اوڅټ	ps	اوڅټ
اوڅیړونکو	ps	اوڅیړونَکو
اوچته	ps	اوچَته
اوچتېږي	ps	اوچَتېږي
اوچپه	ps	اوچَپه
اوچې	ps	اوچې
اوډبر	ps	اوډبر
اوډلو	ps	اوډلو
اوډيره	ps	اوډيره
اوډېرپه	ps	اوډېرپه
اوړلی	ps	اوړلی
اوږددی	ps	اوږْدْدی
اوږدود	ps	اوږدود
اوږدونه	ps	اوږدونه
اوږدۀ	ps	اوږدۀ
اوږدېده	ps	اوږدېده
اوږونه	ps	اوږونه
اوږیدو	ps	اوږیدو
اوژبودتفق	ps	اوژبودتفق
اوښځى	ps	اوښځى
اوښکلی	ps	اوښْکْلی
اوښیګڼو	ps	اوښیګَڼُو
اوکتوبر	ps	اوکتوبْر
اوکرم	ps	اوکْرْم
اوکرکتر	ps	اوکْرْکْتر
اوکفرورڅخه	ps	اوکْفْرورْڅْخه
اوکمين	ps	اوکمين
اوکمی	ps	اوکَمی
اوکنټرول	ps	اوکنْټْرول
اوکړی	ps	اوکړی
اوګرشك	ps	اوګَرشَك
اوګلبدین	ps	اوګَلبَدین
اوګو	ps	اوګو
اوګودرې	ps	اوګودَرې
اوګوټ	ps	اوګوټ
اوگټه	ps	اوگټه
اویتیم	ps	اویتیم
اویوځوتنه	ps	اویوځوتنه
ايات	ps	ايات
اياپكې	ps	اياپكې
ايزخلک	ps	ايزخَلْک
ايستلو	ps	ايسْتلو
ايسته	ps	ايسته
ايسيدي	ps	ايسيدي
ايکینبېري	ps	ايکینبېري
اټ	ps	اټ
اټك	ps	اټْك
اټولنه	ps	اټولَنه
اټومي	ps	اټومي
اپريدى	ps	اپريدِى
اپریشنونوله	ps	اپریشَنونوله
اپورونو	ps	اپورونو
اپوزیسون	ps	اپوزیسون
اځه	ps	اځه
اځینوخلګو	ps	اځینوخْلْګُو
اڅکی	ps	اڅکی
اچــــولــی	ps	اچْــــولِــی
اچولې	ps	اچولې
اچونی	ps	اچونی
اچکزى	ps	اچْکْزِى
اډر	ps	اډْر
اډي	ps	اډي
اډېسون	ps	اډېسون
اړخك	ps	اړخك
اړخۍ	ps	اړخۍ
اړدى	ps	اړدِى
اړكي	ps	اړكي
اړوم	ps	اړوْم
اړيست	ps	اړيسْت
اړينه	ps	اړينه
اړيکى	ps	اړيکى
اړیني	ps	اړیني
اښه	ps	اښه
اښکېلیدل	ps	اښکېلیدَل
اکبرشم	ps	اکبرشم
اکبرې	ps	اکْبرې
اکتوبرپه	ps	اکتوبرپه
اکثريو	ps	اکْثرَيو
اکری	ps	اکری
اکسیجنو	ps	اکسیجَنو
اکمې	ps	اکمې
اکوزي	ps	اکوزَي
اکوړه	ps	اکوړه
اګـــــــــــا	ps	اګِـــــــــــا
اګېر	ps	اګېر
اگنېتيک	ps	اگنېتيک
اڼليسي	ps	اڼليسي
ایادسند	ps	ایادسنْد
ایاس	ps	ایاس
ایکسپوسفیر	ps	ایکْسْپوسفیر
ایګوستیک	ps	ایګوستیک
بآورلرم	ps	بآورلَرم
ببرند	ps	ببرنْد
ببرگ	ps	ببرگ
ببو	ps	ببو
ببین	ps	ببین
بتحقيق	ps	بتحقيق
بتره	ps	بتَره
بتنقيته	ps	بتْنقيته
بتکده	ps	بتَکَده
بحره	ps	بحره
بحو	ps	بَحُو
بخ	ps	بَخ
بخرچ	ps	بخْرْچ
بخشي	ps	بخشي
بخــښيد	ps	بخــښيد
بخنه	ps	بخنه
بخودی	ps	بخودی
بخيزد	ps	بخيزْد
بخښلو	ps	بخْښلو
بخښه	ps	بخښه
بدبختی	ps	بدبَختی
بدبینۍ	ps	بدبینۍ
بدترینه	ps	بدْترینه
بدر	ps	بدْر
بدرفت	ps	بدرفْت
بدرگه	ps	بدْرگه
بدلن	ps	بدَلَن
بدليدلي	ps	بدَليدَلي
بدليږی	ps	بدَليږی
بدلیږي	ps	بدَلیږي
بدلېږي	ps	بدَلېږي
بدندی	ps	بدَندی
بدنومې	ps	بدَنومې
بدنیست	ps	بدَنیسْت
بدوش	ps	بدوش
بدوکس	ps	بدوکْس
بدپوهېږې	ps	بدپوهېږې
بدی	ps	بَدی
بدۍ	ps	بَدۍ
بربریت	ps	بْربریت
برجر	ps	بْرْجر
برخــــه	ps	بْرْخْــــه
برخمن	ps	بْرْخمن
برخوكي	ps	بْرْخوكي
برخى	ps	برخِى
بردۀ	ps	بَردۀ
برزن	ps	بَرزن
برسرته	ps	برَسرته
برصفحه	ps	برَصفحه
برطرفي	ps	برَطَرَفي
برفک	ps	بَرفْک
برمې	ps	بَرمې
برنډو	ps	بَرْنْډو
بروتخند	ps	بَروتَخَنْد
بروشور	ps	بَروشور
برونشیت	ps	بَرونشیت
بريال	ps	بْريال
بريتور	ps	بْريتور
بريدكړى	ps	بْريدْكْړى
بريدنن	ps	بْريدنَن
بريدوشوچه	ps	بْريدوشوچه
بريدوکړ	ps	بْريدوکْړ
بريدکې	ps	بْريدکې
برينو	ps	بْرينو
بريژنسکي	ps	بْريژْنْسْکي
بريښيده	ps	بْريښيده
برڅيره	ps	برڅيره
برژنسکي	ps	بَرْژْنَسکي
برکړی	ps	برْکْړی
بریدونوپه	ps	بْریدونوپه
بریزی	ps	بْریزی
برینز	ps	بْرینْز
بریښولې	ps	بْریښولې
برېښي	ps	بْرېښي
بزنيش	ps	بْزْنيش
بزکشي	ps	بزْکشي
بزگروته	ps	بزْگروته
بسبع	ps	بسَبْع
بستردی	ps	بستردی
بسترڅخه	ps	بسترْڅخه
بستند	ps	بستَنْد
بســ	ps	بسْــ
بســمل	ps	بســمِل
بسمن	ps	بسمَن
بسونو	ps	بسونو
بسټونو	ps	بسَټونو
بسکېټو	ps	بسکېټو
بشردم	ps	بشْرْدم
بشرمو	ps	بشْرْمو
بشــرجوړ	ps	بشْــرْجوړ
بشيرى	ps	بشيرِى
بشپړسي	ps	بشپړسي
بشپړيدوسره	ps	بشْپړيدوسره
بشپړېدو	ps	بشْپړېدو
بصـيرت	ps	بصْـيرت
بصيري	ps	بصيري
بطلب	ps	بطَلب
بع	ps	بع
بعشر	ps	بعَشر
بــخښــــــيد	ps	بــخښْــــــيد
بـــحر	ps	بـــحر
بــــدن	ps	بــــدْن
بـــــدل	ps	بـــــدل
بــــــربریت	ps	بــــــرْبریت
بــــــــــدله	ps	بــــــــــدله
بــــــــــــــــدلي	ps	بــــــــــــــــدلي
بــــــــــــــــیــــــــــ	ps	بْــــــــــــــــیــــــــــ
بــــــله	ps	بــــــله
بــــه	ps	بْــــه
بــــیلتونه	ps	بْــــیلتونه
بـــوټــــــي	ps	بْـــوټِــــــي
بــل	ps	بــل
بــیرته	ps	بْــیرته
بـم	ps	بـم
بـولې	ps	بْـولې
بـيلـتون	ps	بْـيلـتون
بفقر	ps	بفقر
بقرې	ps	بقرې
بقیه	ps	بقیه
بكسونو	ps	بكسونو
بلبو	ps	بلبُو
بلخیتصور	ps	بلخیتَصُورْ
بلذ	ps	بلَذ
بلله	ps	بلَله
بلمز	ps	بلَمْز
بلورلي	ps	بْلورلي
بليزې	ps	بْليزې
بلژيکي	ps	بْلْژيکي
بلیدې	ps	بْلیدې
بمبی	ps	بمبَی
بمو	ps	بمُو
بندشی	ps	بَنْدْشی
بندوی	ps	بَندُوی
بنديزو	ps	بنديزو
بندکړو	ps	بنْدْکْړو
بندیدو	ps	بندیدو
بندیځ	ps	بندیځ
بنستیزي	ps	بنْسْتیزي
بنــــدنه	ps	بنْــــدنه
بنوحنظله	ps	بنوحنظله
بنوكلب	ps	بنوكلب
بنځوس	ps	بنځوس
بنډل	ps	بنډل
بنیت	ps	بنیت
بوول	ps	بوولْ
بيات	ps	بيات
بياد	ps	بياد
بيتونو	ps	بيتونو
بيجي	ps	بيجي
بيرحمې	ps	بيرْحْمې
بيرمی	ps	بيرمی
بيرون	ps	بيرون
بيريد	ps	بيريد
بيرډن	ps	بيرْډْن
بيزنس	ps	بيزْنْس
بيسموت	ps	بيسموت
بيسکيټ	ps	بيسکيټ
بيصبرۍ	ps	بيصبرۍ
بيـــــــــرته	ps	بيـــــــــرته
بيلودلو	ps	بيلودلو
بيلى	ps	بيلِى
بيم	ps	بيم
بينو	ps	بينُو
بڅري	ps	بڅَري
بچة	ps	بَچَة
بچىپه	ps	بَچِىپه
بچکو	ps	بَچکو
بچیږي	ps	بَچیږي
بډي	ps	بَډي
بړبوکې	ps	بَړبوکې
بړيڅى	ps	بْړيڅى
بړېدلو	ps	بْړېدلو
بکسې	ps	بَکسې
بکه	ps	بکه
بکيت	ps	بَکيت
بګر	ps	بَګَر
بګټې	ps	بِګټې
بڼد	ps	بڼْد
بڼـــه	ps	بڼْـــه
بیاډکه	ps	بیاډکه
بیب	ps	بیب
بیخبرۍ	ps	بیخْبرۍ
بیدې	ps	بیدې
بیرنتسن	ps	بیرْنْتْسن
بیری	ps	بیری
بیزنس	ps	بیزنس
بیــان	ps	بیــان
بیل	ps	بیل
بیلرو	ps	بیلرو
بیلګړنې	ps	بیلْګْړنې
بیم	ps	بیم
بیوزله	ps	بیوزَله
بیړی	ps	بیړی
بیگر	ps	بیگْر
بېحرمتي	ps	بېحْرْمَتي
بېخه	ps	بېخه
بېخې	ps	بېخې
بېرن	ps	بېرْن
بېرېدل	ps	بېرېدْل
بېز	ps	بېز
بېشمېره	ps	بېشمېره
بېلـګې	ps	بېلـګې
بېلول	ps	بېلول
بېلګی	ps	بېلګی
بېلېدنی	ps	بېلېدَنی
بېنومو	ps	بېنومو
بېڅوک	ps	بېڅوک
بېړنی	ps	بېړنی
بېکچې	ps	بېکچې
تأ	ps	تَأ
تأخير	ps	تَأخير
تأسیس	ps	تَأسیس
تبدي	ps	تَبدي
تبركم	ps	تَبْركم
تبرکلوز	ps	تَبرکلوز
تبسمك	ps	تَبْسمك
تبيين	ps	تَبِيين
تتمدد	ps	تَتَمَدَد
تثبيتېږي	ps	تَثبيتېږي
تجديد	ps	تَجديد
تجري	ps	تَجري
تجرید	ps	تَجرید
تجيز	ps	تَجيز
تحت	ps	تَحْت
تحر	ps	تَحَر
تحريک	ps	تَحريک
تحریم	ps	تَحریم
تحفه	ps	تحفه
تحكيم	ps	تَحكيم
تحلیلي	ps	تَحلیلي
تحنیکي	ps	تَحنیکي
تخنيكربه	ps	تخنيكْربه
تخنيکی	ps	تخنيکی
تخنېږي	ps	تخنېږي
تخيلي	ps	تخيلي
تدبیق	ps	تدبیق
تدريجی	ps	تدريجی
تدریجأ	ps	تدریجَأ
تذكرې	ps	تذْكرې
تذکروويشل	ps	تذْکروويشل
تربيی	ps	تربيی
تربګنې	ps	تربګنې
ترتو	ps	ترتو
ترجمې	ps	ترْجمې
ترجيع	ps	ترجيع
ترختنله	ps	ترختْنله
ترخوړلو	ps	ترخوړلو
ترخپریدو	ps	ترْخْپریدو
ترخګرو	ps	ترْخْګرو
تردم	ps	تردم
تردید	ps	تردید
ترزګه	ps	ترْزګه
ترسختو	ps	ترسختو
ترسرنه	ps	ترسرنه
ترسورې	ps	ترسورې
ترضى	ps	ترضِى
ترك	ps	ترْك
تركلك	ps	ترْكْلك
تركمه	ps	ترْكْمه
تركيبونه	ps	تركيبونه
ترلسمه	ps	ترْلْسمه
ترلومړۍ	ps	ترلومړۍ
ترمحله	ps	ترْمْحله
ترمركزه	ps	ترْمْرْكْزه
ترمنزله	ps	ترمنْزله
ترمونو	ps	ترمونو
ترنمونو	ps	ترْنمونو
ترنوک	ps	ترنوک
ترورسته	ps	ترورْسْته
تروروستۍ	ps	تروروستۍ
تريخي	ps	تْريخي
تريلونو	ps	تْريلونو
ترپردې	ps	ترپردې
ترپل	ps	ترپل
ترپوښتنو	ps	ترپوښْتنو
ترپټی	ps	ترْپټی
ترپیله	ps	ترپیله
ترڅوکرزی	ps	ترڅوکرزی
ترڅیړنې	ps	ترڅیړَنې
ترژوبل	ps	ترژوبْل
ترک	ps	ترْک
ترکرزي	ps	ترْکْرْزي
ترکمن	ps	ترْکْمْن
ترکومي	ps	ترکومي
ترکیش	ps	ترکیش
ترګدون	ps	ترْګْدون
تریدل	ps	تْریدل
ترین	ps	تْرین
تستأ	ps	تْسْتَأ
تســـلي	ps	تْســـلي
تسلمي	ps	تْسلمي
تسليمول	ps	تسليمول
تسليمېدلو	ps	تسليمېدلو
تسلیمول	ps	تسلیمول
تسلېم	ps	تسلېم
تسميى	ps	تسميى
تشرع	ps	تشرع
تشریعي	ps	تشریعي
تشوخبرو	ps	تشوخَبَرو
تشي	ps	تشي
تشکند	ps	تشکنْد
تشې	ps	تشې
تطبي	ps	تَطبي
تطبیقول	ps	تَطبیقول
تطمیع	ps	تَطمیع
تظنن	ps	تَظنَن
تعجبه	ps	تَعجَبه
تعذيب	ps	تَعذيب
تعرفه	ps	تعْرفه
تعريفونو	ps	تَعريفونو
تعزير	ps	تَعزير
تعصوبه	ps	تعصوبه
تعطیلی	ps	تَعطیلی
تعقل	ps	تَعقَل
تعقيبيږي	ps	تَعقيبيږي
تعلق	ps	تَعلُق
تعلمې	ps	تَعلَمې
تعليمي	ps	تَعليمي
تعلیمې	ps	تَعلیمې
تعميري	ps	تَعميري
تعمیرټوله	ps	تعمیرټوله
تـرقـۍ	ps	تَـرقـۍ
تــرقــــــــــي	ps	تــرقِــــــــــي
تـــــا	ps	تِـــــا
تـــــرجــمــــــه	ps	تـــــرْجْــمْــــــه
تـــــــــــــس	ps	تـــــــــــــس
تــــــــــــــــــه	ps	تْــــــــــــــــــه
تــــــــول	ps	تْــــــــول
تــــــور	ps	تْــــــور
تـــــوتـــــي	ps	تْـــــوتِـــــي
تــوبو	ps	تْــوبو
تـله	ps	تـله
تـيـري	ps	تْـيـري
تـېـرېـــدلــ	ps	تْـېـرېـــدلْــ
تفريحي	ps	تَفريحي
تفرېحې	ps	تَفرېحې
تفسيرکي	ps	تَفسيرکي
تفصل	ps	تَفصل
تقبیح	ps	تَقبیح
تقديرش	ps	تَقديرْش
تقدی	ps	تَقدی
تقر	ps	تَقَر
تقسمېږي	ps	تَقسِمېږي
تقش	ps	تَقَش
تقي	ps	تَقي
تكنو	ps	تَكنو
تكړه	ps	تكړه
تلفونې	ps	تَلفونې
تلقظ	ps	تَلقَظ
تللوسلسه	ps	تللوسلسه
تلوسره	ps	تلوسره
تلونه	ps	تلونه
تلوچې	ps	تلوچې
تمبولې	ps	تَمبولې
تمدني	ps	تمَدَني
تمدیدیږی	ps	تمدیدیږَی
تمنو	ps	تمَنو
تمهيدي	ps	تمهيدي
تميدل	ps	تميدل
تميني	ps	تميني
تمکينه	ps	تمکينه
تمې	ps	تمې
تنش	ps	تَنْش
تنفر	ps	تنفر
تنوزده	ps	تنوزده
تنونرو	ps	تنونرو
تنوپو	ps	تنوپو
تنى	ps	تنِى
تنکي	ps	تنَکي
تنۍ	ps	تَنۍ
توبة	ps	توبَة
توجو	ps	توجُو
توحېد	ps	توحېد
تودوښي	ps	تودوښي
تودښې	ps	تودښې
توربت	ps	تورَبْت
توربکس	ps	تورَبْکْس
تورلوګی	ps	تورَلوګی
تورمخيه	ps	تورمخيه
تورنمنټ	ps	تورَنمَنْټ
تورنى	ps	تورَنِى
توروریست	ps	توروریسْت
تورپنځه	ps	تورپنځه
تورپين	ps	تورپين
تورکم	ps	تورکم
تورکښ	ps	تورْکْښ
تورې	ps	تورې
توسل	ps	تَوسُل
توشپلو	ps	توشْپْلو
توصيي	ps	تَوصِيي
توطـ	ps	تَوطْـ
توطیو	ps	تَوطیو
توك	ps	توك
توكميزه	ps	توكميزه
توكوكي	ps	توكوكي
توكړ	ps	توكْړ
تولنه	ps	تولنه
توليدكړ	ps	توليدْكْړ
توليدچي	ps	توليدچي
تولیز	ps	تولیز
تومتونو	ps	تومتونو
تومپسن	ps	تومْپْسن
تووکړې	ps	تووکړې
توپ	ps	توپ
توپكي	ps	توپكي
توپيرشته	ps	توپيرْشْته
توپيرولري	ps	توپيرولري
توپيری	ps	توپيری
توپېرونه	ps	توپېروْنه
توکمیز	ps	توکمیز
توکوله	ps	توکوله
توکوډک	ps	توکوډک
توکړې	ps	توکړې
توکۍ	ps	توکۍ
توګی	ps	توګی
تيردي	ps	تيردي
تيريدلي	ps	تيريدلي
تيريدي	ps	تيريدي
تيرپه	ps	تيرپه
تيرکړي	ps	تيرْکْړي
تيرېدوسره	ps	تيرېدوسره
تيزين	ps	تيزين
تيلود	ps	تيلود
تيليفوت	ps	تيليفوت
تيمر	ps	تيمر
تيميه	ps	تيميه
تيټی	ps	تيټی
تيژې	ps	تيژې
تپم	ps	تَپْم
تړوڼ	ps	تړُوڼ
تړی	ps	تړَی
تښتن	ps	تښتَن
تښتولۍدى	ps	تښتولۍدِى
تښتيدلو	ps	تښتيدَلو
تښتۍ	ps	تښتۍ
تښـــــــــــــــــتولې	ps	تښـــــــــــــــــتولې
تښۍ	ps	تښۍ
تکبیره	ps	تکَبیره
تکفير	ps	تَکفير
تکلیفیږې	ps	تَکلیفیږې
تکيتکي	ps	تَکيتَکي
تګين	ps	تَګين
تڼ	ps	تَڼ
تڼى	ps	تَڼِى
تیتې	ps	تیتې
تیرزه	ps	تیرزه
تیرشوچې	ps	تیرشوچې
تیرولی	ps	تیرولی
تیريدو	ps	تیريدو
تیرکړي	ps	تیرْکْړي
تیریدلوسره	ps	تیریدلوسره
تیریدی	ps	تیریدی
تیلو	ps	تیلو
تیلیفونو	ps	تیلیفونو
تیهه	ps	تیهه
تیژی	ps	تیژی
تیکي	ps	تیکي
تېبت	ps	تېبَت
تېردو	ps	تېرَدو
تېرشم	ps	تېرَشم
تېرشی	ps	تېرشی
تېرنه	ps	تېرنه
تېروتنې	ps	تېروتنې
تېريومخه	ps	تېرَيومخه
تېری	ps	تېری
تېرېده	ps	تېرېده
تېرېدی	ps	تېرېدی
تېرﺉ	ps	تېرﺉ
تېزې	ps	تېزې
تېلېفون	ps	تېلېفون
ثبته	ps	ثبَته
ثبوتونو	ps	ثبوتونو
ثروتونو	ps	ثروتونو
ثقیله	ps	ثقیله
ثلينو	ps	ثلينو
ثو	ps	ثو
ثورد	ps	ثورْد
ثيل	ps	ثيل
جبرــ	ps	جبْرْــ
جبريه	ps	جبرِيه
جبيل	ps	جبيل
جتري	ps	جتري
جحد	ps	جحْد
جددی	ps	جددی
جدي	ps	جدي
جدېد	ps	جدېد
جذبى	ps	جَذبِى
جرح	ps	جَرَح
جركى	ps	جَركِى
جرمه	ps	جرمه
جرمی	ps	جرمی
جریدو	ps	جریدو
جرېبه	ps	جرېبه
جزئيه	ps	جزئيه
جزله	ps	جَزله
جزيي	ps	جَزِيي
جزیره	ps	جزیره
جسدون	ps	جسَدون
جسمه	ps	جَسمه
جسیم	ps	جَسیم
جضرت	ps	جَضرت
جعفرنومېده	ps	جَعفرنومېده
جعلني	ps	جَعَلني
جــدي	ps	جَــدي
جــــــذبـــــه	ps	جــــــذَبْـــــه
جـــــــــــــــرګي	ps	جَـــــــــــــــرګي
جــــــــــــــنت	ps	جَــــــــــــــنَت
جلد	ps	جلْد
جلو	ps	جلو
جلوگيري	ps	جلوگيري
جلگه	ps	جلگه
جمة	ps	جمَة
جمعت	ps	جمعَت
جمعې	ps	جمعې
جمود	ps	جَمود
جميز	ps	جَميز
جمپ	ps	جَمْپ
جمیل	ps	جَمیل
جنترۍ	ps	جنَترۍ
جنتونوپه	ps	جنَتونوپه
جنريتور	ps	جنريتور
جنسونو	ps	جنسونو
جنلیتر	ps	جِنلیتر
جنېتیک	ps	جَنېتیک
جوب	ps	جوب
جوتولى	ps	جوتولِى
جوتېږې	ps	جوتېږې
جودنیل	ps	جودنیل
جورى	ps	جورِى
جوسف	ps	جوسَف
جوشو	ps	جوشو
جوقه	ps	جوقه
جونپړۍ	ps	جونْپْړۍ
جوويل	ps	جوويل
جوپړه	ps	جوپړه
جوړتيار	ps	جوړتيار
جوړدلته	ps	جوړْدْلته
جوړشورقيب	ps	جوړشورقيب
جوړلرې	ps	جوړْلرې
جوړنکي	ps	جوړْنکي
جوړولوسره	ps	جوړولوسره
جوړولوپه	ps	جوړولوپه
جوړولی	ps	جوړولی
جوړيدل	ps	جوړيدْل
جوړيدوسره	ps	جوړيدوسره
جوړکړی	ps	جوړْکړی
جوړیدل	ps	جوړیدل
جوړیدونکی	ps	جوړیدونَکی
جوړیږی	ps	جوړیږی
جوړېدوخبري	ps	جوړېدوخَبَري
جوړېدې	ps	جوړېدې
جيتې	ps	جيتې
جيسن	ps	جيسْن
جيل	ps	جيل
جيلګه	ps	جيلَګه
جيګ	ps	جيګ
جپه	ps	جْپه
جړن	ps	جْړْن
جګد	ps	جګْد
جګيدو	ps	جګيدو
جګپوړې	ps	جګپوړې
جګړوزموږ	ps	جګړوزموږ
جګړوځپلې	ps	جګړوځْپْلې
جګړی	ps	جګړی
جګړېژبي	ps	جګړېژبي
جګېږي	ps	جګېږي
جگړى	ps	جگړِى
جیبوته	ps	جیبوته
جیلب	ps	جیلب
جینونو	ps	جینونو
جیکسون	ps	جیکسون
جېبو	ps	جېبو
جېم	ps	جېم
حبب	ps	حبب
حبشي	ps	حبشي
حبيبيه	ps	حبيبَيه
حبیبیې	ps	حبیبِیې
حتونه	ps	حتونه
حجد	ps	حجد
حجروڅخه	ps	حجروڅَخه
حدت	ps	حدْت
حدېد	ps	حدېد
حرس	ps	حرْس
حرمت	ps	حرْمْت
حسنی	ps	حسنی
حسي	ps	حسي
حشتو	ps	حشتو
حضورکي	ps	حضورکي
حطى	ps	حطِى
حــ	ps	حْــ
حـــرکــــت	ps	حـــرکَــــت
حــــــــرکـــــــت	ps	حــــــــرکَـــــــت
حقـیـ	ps	حقْـیـ
حقي	ps	حَقي
حقيفت	ps	حَقيفْت
حقيقيت	ps	حَقيقيت
حقیفت	ps	حَقیفْت
حكيمه	ps	حكيمه
حلقه	ps	حلقه
حلمه	ps	حلمه
حلولى	ps	حلولِى
حلې	ps	حلې
حمدی	ps	حَمدی
حمقل	ps	حَمقَل
حميد	ps	حَميد
حميدي	ps	حَميدي
حنيفة	ps	حَنيفَة
حو	ps	حُو
حيدر	ps	حيدَر
حيدری	ps	حيدَری
حيـــرت	ps	حَيـــرَت
حيمى	ps	حَيمِى
حکمي	ps	حُکمي
حیه	ps	حَیه
خبرتوکیو	ps	خبرتوکِیو
خبرسول	ps	خبرسول
خبركړی	ps	خبرْكْړی
خبرنشي	ps	خبرْنشي
خبروبه	ps	خبروبه
خبروضرر	ps	خبروضرْر
خبروپلي	ps	خبروپلي
خبروکې	ps	خبروکې
خبريدلو	ps	خبريدلُو
خبريږم	ps	خبريږم
خبرچي	ps	خْبرچي
خبرکړۍ	ps	خْبرْکْړۍ
خبریرږی	ps	خْبریرَږَی
خبرېته	ps	خْبرېته
خبرېږمد	ps	خْبرېږمْد
خبـــــر	ps	خْبـــــر
خبـــــــــــــــــــري	ps	خْبـــــــــــــــــــري
خبیثه	ps	خبیثه
ختمونه	ps	ختمونه
ختمیدودسړي	ps	ختمیدودسړي
ختيځي	ps	ختيځي
ختګي	ps	خَتګي
ختېځه	ps	خْتېځه
خجلته	ps	خجَلَته
خدو	ps	خدو
خدیجی	ps	خدیجی
خذيمه	ps	خذيمه
خرجت	ps	خْرَجَت
خرم	ps	خْرَم
خرورو	ps	خْرَورو
خروټ	ps	خْرَوټْ
خروښېدلو	ps	خْرَوښېدلو
خرپه	ps	خْرپه
خرځیږی	ps	خْرځیږی
خرڅونو	ps	خرڅونو
خرڅېدې	ps	خرڅېدې
خرښو	ps	خرښو
خریلی	ps	خریلی
خزي	ps	خزي
خسو	ps	خسو
خشت	ps	خشْت
خشونت	ps	خشونت
خصتیدو	ps	خصَتیدو
خصوصأ	ps	خصوصَأ
خصې	ps	خصې
خطرحتى	ps	خَطَرحَتِى
خطره	ps	خطَره
خطرکی	ps	خَطَرکی
خطمى	ps	خَطَمِى
خطې	ps	خَطې
خـبره	ps	خْـبره
خـطر	ps	خَـطَر
خــبره	ps	خْــبره
خـــبر	ps	خْـــبر
خــــــبرېپـــر	ps	خْــــــبرېپـــر
خــــــــــــبر	ps	خْــــــــــــبر
خــــــــــــــــــــــــــــرو	ps	خْــــــــــــــــــــــــــــرو
خــــــــــــــوښ	ps	خْــــــــــــــوښ
خـــــــــپلو	ps	خْـــــــــپْلو
خـــــــولې	ps	خْـــــــولې
خــــــوله	ps	خْــــــوله
خـــــورې	ps	خْـــــورې
خــــلګ	ps	خْــــلګ
خــــوړلو	ps	خْــــوړلو
خـــورینـــــــــ	ps	خْـــورینْـــــــــ
خـــپل	ps	خْـــپل
خــوبو	ps	خْــوبو
خــوله	ps	خْــوله
خـلګ	ps	خْـلګ
خفت	ps	خفْت
خلأ	ps	خلَأ
خلطولو	ps	خْلَطولو
خلــــــک	ps	خْلَــــــک
خلقيت	ps	خْلقَيت
خلكوليكنې	ps	خْلَكوليكنې
خللکو	ps	خْلَلکو
خليل	ps	خْلَيل
خلکد	ps	خْلَکْد
خلګوحت	ps	خَلګوحت
خلیفة	ps	خلیفَة
خمسة	ps	خمسَة
خميس	ps	خميس
خن	ps	خن
