آئرلینڈ	urd	ɑːɪɾlɛːnɖ
آئی	urd	ɑːiː
آئین	urd	ɑːiːn
آئینہ	urd	ɑːiːnɑː
آب	urd	ɑːb
آباد	urd	ɑːbɑːd̪
آبادانی	urd	ɑːbɑːd̪ɑːniː
آبادی	urd	ɑːbɑːd̪iː
آبادیات	urd	ɑːbɑːd̪ɪjɑːt̪
آبدوز	urd	ɑːbd̪oːz
آبشار	urd	ɑːbʃɑːɾ
آبنائے	urd	ɑːbnɑːeː
آبچین	urd	ɑːbt͡ʃiːn
آبی	urd	ɑːbiː
آتش	urd	ɑːt̪ɪʃ
آتما	urd	ɑːt̪mɑː
آتنکوادی	urd	ɑːt̪əŋkʋɑːd̪iː
آج	urd	ɑːd͡ʒ
آخرت	urd	ɑːxɪɾət̪
آخری	urd	ɑːxɪɾiː
آخن	urd	ɑːxən
آخور	urd	ɑːxoːɾ
آدا	urd	ɑːd̪ɑː
آداب	urd	ɑːd̪ɑːb
آدر	urd	ɑːd̪əɾ
آدرنیہ	urd	ɑːd̪əɾnɪjɑː
آدم	urd	ɑːd̪əm
آدمی	urd	ɑːd̪miː
آدھا	urd	ɑːd̪ʱɑː
آدھنک	urd	ɑːd̪ʱʊnɪk
آدھوں	urd	ɑːd̪ʱõː
آدھی	urd	ɑːd̪ʱiː
آدھے	urd	ɑːd̪ʱeː
آذر	urd	ɑːzəɾ
آذربائیجان	urd	ɑːzəɾbɑːɪd͡ʒɑːn
آرام	urd	ɑːɾɑːm
آربل	urd	ɑːɾbəl
آرزو	urd	ɑːɾzuː
آرمبھ	urd	ɑːɾəmbʱ
آرمی	urd	ɑːɾmiː
آرمینیا	urd	ɑːɾmeːnɪjɑː
آروگیہ	urd	ɑːɾoːɡjɑː
آری	urd	ɑːɾiː
آریامن	urd	ɑːɾjəmən
آریہ	urd	ɑːɾj
آرے	urd	ɑːɾeː
آزاد	urd	ɑːzɑːd̪
آزادی	urd	ɑːzɑːd̪iː
آزادیاں	urd	ɑːzɑːd̪ɪjɑ̃ː
آزادیوں	urd	ɑːzɑːd̪ɪjõː
آزاری	urd	ɑːzɑːɾiː
آزمائش	urd	ɑːzmɑːɪʃ
آزمائشوں	urd	ɑːzmɑːɪʃõː
آزمائشیں	urd	ɑːzmɑːɪʃẽː
آزمانا	urd	ɑːzmɑːnɑː
آزمودگی	urd	ɑːzmuːd̪əɡiː
آزمودہ	urd	ɑːzmuːd̪ɑː
آس	urd	ɑːs
آسام	urd	ɑːsɑːm
آسامی	urd	ɑːsɑːmiː
آسان	urd	ɑːsɑːn
آسانی	urd	ɑːsɑːniː
آساں	urd	ɑːsɑ̃ː
آستھا	urd	ɑːst̪ʰɑː
آستین	urd	ɑːst̪iːn
آسرا	urd	ɑːsɾɑː
آسمان	urd	ɑːsmɑːn
آسمانوں	urd	ɑːsmɑːnõː
آسمانی	urd	ɑːsmɑːniː
آسماں	urd	ɑːsmɑ̃ː
آسن	urd	ɑːsən
آسند	urd	ɑːsənd̪
آسٹریا	urd	ɑːsʈɾɪjɑː
آسٹریلیا	urd	ɑːsʈɾeːlɪjɑː
آسکت	urd	ɑːsəkt̪
آسکول	urd	ɑːskoːl
آسیب	urd	ɑːseːb
آشا	urd	ɑːʃɑː
آشنا	urd	ɑːʃnɑː
آشچریہ	urd	ɑːʃt͡ʃəɾj
آشکارا	urd	ɑːʃkɑːɾɑː
آشیرواد	urd	ɑːʃiːɾʋɑːd̪
آغا	urd	ɑːɣɑː
آغاز	urd	ɑːɣɑːz
آغوش	urd	ɑːɣoːʃ
آفات	urd	ɑːfɑːt̪
آفت	urd	ɑːfət̪
آفتاب	urd	ɑːft̪ɑːb
آفتابی	urd	ɑːft̪ɑːbiː
آفتوں	urd	ɑːfət̪õː
آفتیں	urd	ɑːfət̪ẽː
آفریدی	urd	ɑːfɾiːd̪iː
آفرین	urd	ɑːfɾiːn
آفیسر	urd	ɑːfiːsəɾ
آقا	urd	ɑːqɑː
آقچہ	urd	ɑːqt͡ʃɑː
آلس	urd	ɑːləs
آلسی	urd	ɑːlsiː
آلنگن	urd	ɑːlɪŋɡən
آلو	urd	ɑːluː
آلود	urd	ɑːluːd̪
آلودگی	urd	ɑːluːd̪əɡiː
آلودگیاں	urd	ɑːluːd̪əɡɪjɑ̃ː
آلودگیو	urd	ɑːluːd̪əɡɪjoː
آلودگیوں	urd	ɑːluːd̪əɡɪjõː
آلودہ	urd	ɑːluːd̪ɑː
آلوچنا	urd	ɑːloːt͡ʃnɑː
آلوچہ	urd	ɑːluːt͡ʃɑː
آلچی	urd	ɑːlt͡ʃiː
آلہ	urd	ɑːlɑː
آم	urd	ɑːm
آمد	urd	ɑːməd̪
آمدنی	urd	ɑːmd̪əniː
آمر	urd	ɑːmɪɾ
آمریت	urd	ɑːmɪɾɪjət̪
آملہ	urd	ɑːmlɑː
آمنہ	urd	ɑːmɪnɑː
آموختہ	urd	ɑːmoːxt̪ɑː
آمود	urd	ɑːmoːd̪
آموزش	urd	ɑːmoːzɪʃ
آمیزش	urd	ɑːmeːzɪʃ
آنا	urd	ɑːnɑː
آندھی	urd	ɑːnd̪ʱiː
آندھیاں	urd	ɑːnd̪ʱɪjɑ̃ː
آندھیوں	urd	ɑːnd̪ʱɪjõː
آنساؤ	urd	ɑːnɪsɑːoː
آنساؤں	urd	ɑːnɪsɑːõː
آنسائیں	urd	ɑːnɪsɑːẽː
آنسو	urd	ɑ̃ːsuː
آنسہ	urd	ɑːnɪsɑː
آنول	urd	ɑ̃ːʋəl
آنچل	urd	ɑ̃ːt͡ʃəl
آنکھ	urd	ɑ̃ːkʰ
آنکھو	urd	ɑ̃ːŋkʰoː
آنکھوں	urd	ɑ̃ːkʰõː
آنکھیں	urd	ɑ̃ːkʰẽː
آنگن	urd	ɑːŋɡən
آنہ	urd	ɑːnə
آواران	urd	ɑːʋɑːɾɑːn
آوارہ	urd	ɑːʋɑːɾə
آواز	urd	ɑːʋɑːz
آوازو	urd	ɑːʋɑːzoː
آوازوں	urd	ɑːʋɑːzõː
آوازیں	urd	ɑːʋɑːzẽː
آوشيکتا	urd	ɑːʋəʃjəkt̪ɑː
آٹا	urd	ɑːʈɑː
آٹھ	urd	ɑːʈʰ
آٹھواں	urd	ɑːʈʰʋɑ̃ː
آٹھویں	urd	ɑːʈʰʋĩː
آپ	urd	ɑːp
آپا	urd	ɑːpɑː
آپی	urd	ɑːpiː
آچار	urd	ɑːt͡ʃɑːɾ
آڑو	urd	ɑːɽuː
آکاش	urd	ɑːkɑːʃ
آکاشی	urd	ɑːkɑːʃiː
آکرشت	urd	ɑːkəɾʃɪt̪
آکرمن	urd	ɑːkɾəmən
آکھیٹ	urd	ɑːkʰeːʈ
آگ	urd	ɑːɡ
آگار	urd	ɑːɡɑːɾ
آگاہ	urd	ɑːɡɑːɦ
آگرہ	urd	ɑːɡɾəɦ
آگھات	urd	ɑːɡʱɑːt̪
آگے	urd	ɑːɡeː
آہ	urd	ɑːɦ
آہستہ	urd	ɑːɦɪst̪ɑː
آہنگ	urd	ɑːɦəŋɡ
آہو	urd	ɑːɦuː
آیا	urd	ɑːjɑː
آیت	urd	ɑːjət̪
آیتوں	urd	ɑːjət̪õː
آیتیں	urd	ɑːjət̪ẽː
ابا	urd	əbːɑː
ابابیل	urd	əbɑːbiːl
اباضی	urd	ɪbɑːziː
ابال	urd	ʊbɑːl
ابالنا	urd	ʊbɑːlnɑː
ابتدا	urd	ɪbt̪ɪd̪ɑː
ابتدائی	urd	ɪbt̪ɪd̪ɑːiː
ابتسام	urd	ɪbt̪ɪsɑːm
ابدا	urd	əbd̪ən
ابداع	urd	ɪbd̪ɑːʔ
ابراہیم	urd	ɪbɾɑːɦiːm
ابرق	urd	əbɾəq
ابرنجن	urd	əbɾənd͡ʒən
ابرنجین	urd	əbɾənd͡ʒiːn
ابرو	urd	əbɾuː
ابریق	urd	ɪbɾiːq
ابصار	urd	əbsɑːɾ
ابلق	urd	əbləq
ابلنا	urd	ʊbəlnɑː
ابلیس	urd	ɪbliːs
ابلیسیانہ	urd	ɪbliːsɪjɑːnɑː
ابن	urd	ɪbn
ابنہ	urd	ɪbnɑː
ابو	urd	əbːuː
ابٹن	urd	ʊbʈən
ابکائی	urd	ʊbkɑːiː
ابھار	urd	ʊbʱɑːɾ
ابھال	urd	əbʱɑːl
ابھاو	urd	əbʱɑːʋ
ابھرتا	urd	ʊbʱəɾt̪ɑː
ابھشیک	urd	əbʱɪʃeːk
ابھلاش	urd	əbʱɪlɑːʃɑː
ابھمان	urd	əbʱɪmɑːn
ابھیاس	urd	əbʱjɑːs
ابہام	urd	ɪbɦɑːm
اتار	urd	ʊt̪ɑːɾ
اتارنا	urd	ʊt̪ɑːɾnɑː
اتاق	urd	uːt̪ɑːq
اتالیق	urd	ət̪ɑːliːq
اتحاد	urd	ɪt̪ːɪɦɑːd̪
اتحادی	urd	ɪt̪t̪ɪɦɑːd̪iː
اترنا	urd	ʊt̪əɾnɑː
اتصال	urd	ɪt̪t̪ɪsɑːl
اتفاق	urd	ɪt̪t̪ɪfɑːq
اتفاقا	urd	ɪt̪t̪ɪfɑːqən
اتم	urd	ət̪əm
اتمام	urd	ɪt̪mɑːm
اتمک	urd	ət̪mək
اتوار	urd	ɪt̪ʋɑːɾ
اتھان	urd	ʊt̪t̪ʰɑːn
اتھاہ	urd	ət̪ʰɑːɦ
اتہاس	urd	ɪt̪ɪɦɑːs
اتہام	urd	ɪt̪t̪ɪɦɑːm
اتیاچاری	urd	ət̪jɑːt͡ʃɑːɾiː
اثاث	urd	əsɑːs
اثبات	urd	ɪsbɑːt̪
اثباتی	urd	ɪsbɑːt̪iː
اثر	urd	əsəɾ
اثنا	urd	əsnɑː
اجازت	urd	ɪd͡ʒɑːzət̪
اجازتوں	urd	ɪd͡ʒɑːzət̪õː
اجازتیں	urd	ɪd͡ʒɑːzət̪ẽː
اجالا	urd	ʊd͡ʒɑːlɑː
اجالنا	urd	ʊd͡ʒɑːlnɑː
اجتماع	urd	ɪd͡ʒt̪ɪmɑː
اجر	urd	əd͡ʒɾ
اجرا	urd	ɪd͡ʒɾɑː
اجرت	urd	ʊd͡ʒɾət̪
اجرک	urd	əd͡ʒɾək
اجزا	urd	əd͡ʒzɑː
اجل	urd	əd͡ʒəl
اجلاس	urd	ɪd͡ʒlɑːs
اجمالی	urd	ɪd͡ʒmɑːliː
اجمود	urd	əd͡ʒmoːd̪
اجمودا	urd	əd͡ʒmoːd̪ɑː
اجنبی	urd	əd͡ʒnəbiː
اجوائن	urd	əd͡ʒʋɑːɪn
اجڈ	urd	ʊd͡ʒəɖɖ
اجگر	urd	əd͡ʒɡəɾ
اجی	urd	əd͡ʒiː
اجیر	urd	əd͡ʒiːɾ
اجین	urd	ʊd̪d͡ʒɛːn
احاطہ	urd	əɦɑːt̪ɑː
احباب	urd	əɦbɑːb
احتجاج	urd	eːɦt̪ɪd͡ʒɑːd͡ʒ
احترام	urd	ɪɦt̪ɪɾɑːm
احتمال	urd	ɪɦt̪ɪmɑːl
احتیاج	urd	ɪɦt̪ɪjɑːd͡ʒ
احتیاط	urd	ɪɦt̪ɪjɑːt̪
احساس	urd	ɪɦsɑːs
احساساتی	urd	ɪɦsɑːsɑːt̪iː
احسان	urd	ɪɦsɑːn
احشا	urd	əɦʃɑː
احمد	urd	əɦməd̪
احمق	urd	əɦməq
احمقانہ	urd	əɦməqɑːnɑː
احوال	urd	əɦʋɑːl
احیا	urd	ɪɦjɑː
اخاہ	urd	əxːɑːɦ
اخبار	urd	əxbɑːɾ
اختر	urd	əxt̪əɾ
اختصار	urd	ɪxt̪ɪsɑːɾ
اختلاف	urd	ɪxt̪ɪlɑːf
اختلافات	urd	ɪxt̪ɪlɑːfɑːt̪
اختہ	urd	əxt̪ɑː
اختیار	urd	ɪxt̪ɪjɑːɾ
اختیاری	urd	ɪxt̪ɪjɑːɾiː
اخذ	urd	əxz
اخروٹ	urd	əxɾoːʈ
اخلاط	urd	əxlɑːt̪
اخلاق	urd	əxlɑːq
اخلاقا	urd	ɪxlɑːqən
ادا	urd	əd̪ɑː
ادائیگی	urd	əd̪ɑːiːɡiː
ادارتی	urd	ɪd̪ɑːɾət̪iː
ادارہ	urd	ɪd̪ɑːɾɑː
اداری	urd	ɪd̪ɑːɾiː
اداس	urd	ʊd̪ɑːs
اداسی	urd	ʊd̪ɑːsiː
اداسیاں	urd	ʊd̪ɑːsɪjɑ̃ː
اداسیوں	urd	ʊd̪ɑːsɪjõː
اداہرن	urd	ʊd̪ɑːɦɾən
ادب	urd	əd̪əb
ادبا	urd	ʊd̪əbɑː
ادبی	urd	əd̪biː
ادبیات	urd	əd̪əbɪjɑːt̪
ادرنہ	urd	əd̪ɪɾnɑː
ادرک	urd	əd̪ɾək
ادریس	urd	ɪd̪ɾiːs
ادنی	urd	əd̪nɑː
ادوان	urd	əd̪ʋɑːn
اديان	urd	əd̪jɑːn
ادھار	urd	ʊd̪ʱɑːɾ
ادھلنا	urd	ʊd̪ʱəlnɑː
ادھماس	urd	əd̪ʱɪmɑːs
ادھورا	urd	əd̪ʱuːɾɑː
ادھکار	urd	əd̪ʱɪkɑːɾ
ادھکاری	urd	əd̪ʱɪkɑːɾiː
ادھیڑ	urd	əd̪ʱeːɽ
ادہم	urd	əd̪ɦəm
ادیب	urd	əd̪iːb
ادیہ	urd	əd̪j
اذن	urd	ɪzn
اذہان	urd	əzɦɑːn
اذیت	urd	əzɪjət̪
ارادو	urd	ɪɾɑːd̪oː
ارادوں	urd	ɪɾɑːd̪õː
ارادہ	urd	ɪɾɑːd̪ɑː
ارادے	urd	ɪɾɑːd̪eː
ارب	urd	əɾəb
ارتداد	urd	ɪɾt̪ɪd̪ɑːd̪
ارتعاش	urd	ɪɾt̪ɪɑːʃ
ارتھ	urd	əɾt̪ʰ
ارجت	urd	əɾd͡ʒɪt̪
ارجن	urd	əɾd͡ʒən
ارجنٹائن	urd	əɾd͡ʒənʈɑːɪn
اردلی	urd	əɾd̪əliː
اردن	urd	ʊɾd̪ʊn
اردو	urd	ʊɾd̪uː
ارز	urd	əɾz
ارزانی	urd	əɾzɑːniː
ارزاں	urd	əɾzɑ̃ː
ارسطو	urd	əɾəst̪uː
ارسل	urd	əɾsəl
ارسلہ	urd	əɾsəlɑː
ارش	urd	əɾʃ
ارض	urd	əɾz
ارغوانی	urd	əɾɣʋɑːniː
ارمان	urd	əɾmɑːn
ارمنستان	urd	əɾmənɪst̪ɑːn
ارمیا	urd	ɪɾmɪjɑː
ارے	urd	əɾeː
از	urd	əz
ازار	urd	ɪzɑːɾ
ازبک	urd	ʊzbək
ازبکستان	urd	ʊzbəkɪst̪ɑːn
ازدواج	urd	ɪzd̪ɪʋɑːd͡ʒ
اساس	urd	əsɑːs
اساسی	urd	əsɑːsiː
اسامی	urd	əsɑːmiː
اسباب	urd	əsbɑːb
استاد	urd	ʊst̪ɑːd̪
استانی	urd	ʊst̪ɑːniː
استبداد	urd	ɪst̪ɪbd̪ɑːd̪
استحکام	urd	ɪst̪ɪɦkɑːm
استخلاف	urd	ɪst̪ɪxlɑːf
استخوان	urd	ʊst̪ʊxʋɑːn
استر	urd	əst̪əɾ
استری	urd	ɪst̪ɾiː
استعفا	urd	ɪst̪iːfɑː
استعمال	urd	ɪst̪eːmɑːl
استقبال	urd	ɪst̪ɪqbɑːl
استقلال	urd	ɪst̪ɪqlɑːl
استنبول	urd	ɪst̪əmboːl
استنجا	urd	ɪst̪ɪnd͡ʒɑːʔ
استوار	urd	ʊst̪ʊʋɑːɾ
استور	urd	əst̪oːɾ
استھ	urd	əst̪ʰiː
اسحاق	urd	ɪsɦɑːq
اسد	urd	əsəd̪
اسرائیل	urd	ɪsɾɑːiːl
اسراف	urd	ɪsɾɑːf
اسطوخودوس	urd	ʊst̪oːxʊd̪d̪uːs
اسفنج	urd	ɪsfənd͡ʒ
اسلام	urd	ɪslɑːm
اسلامی	urd	ɪslɑːmiː
اسلحہ	urd	əslɪɦɑː
اسلوب	urd	ʊsluːb
اسم	urd	ɪsm
اسماعیل	urd	ɪsmɑːiːl
اسٹرابیری	urd	ɪsʈɾɑːbeːɾiː
اسٹیشن	urd	ɪsʈeːʃən
اسٹیڈیم	urd	ɪsʈeːɖɪjəm
اسپ	urd	əsp
اسپات	urd	ɪspɑːt̪
اسپتال	urd	əspət̪ɑːl
اسپغول	urd	ɪspəɣoːl
اسکندریہ	urd	ɪskənd̪əɾɪj
اسکول	urd	ɪskuːl
اسکولوں	urd	ɪskuːlõː
اسہال	urd	ɪsɦɑːl
اسیر	urd	əsiːɾ
اسیران	urd	əsiːɾɑːn
اسیرو	urd	əsiːɾoː
اسیروں	urd	əsiːɾõː
اسیری	urd	əsiːɾiː
اشارو	urd	ɪʃɑːɾoː
اشاروں	urd	ɪʃɑːɾõː
اشارہ	urd	ɪʃɑːɾɑː
اشارے	urd	ɪʃɑːɾeː
اشاعت	urd	ɪʃɑːʔət̪
اشبھ	urd	əʃʊbʱ
اشبیلیہ	urd	əʃbiːlɪjɑːɦ
اشتباہا	urd	ɪʃt̪ɪbɑːɦən
اشتراک	urd	ɪʃt̪ɪɾɑːk
اشتراکیت	urd	ɪʃt̪ɪɾɑːkɪjət̪
اشتقاق	urd	ɪʃt̪ɪqɑːq
اشتمالیت	urd	ɪʃt̪emɑːlɪjət̪
اشتہا	urd	ɪʃt̪ɪɦɑː
اشتہار	urd	ɪʃt̪ɪɦɑːɾ
اشتیاق	urd	ɪʃt̪ɪjɑːq
اشراق	urd	ɪʃɾɑːq
اشوک	urd	əʃoːk
اشک	urd	əʃk
اصطبل	urd	əst̪əbəl
اصطلاح	urd	ɪst̪ɪlɑːɦ
اصغر	urd	əsɣəɾ
اصفہان	urd	ɪsfəɦɑːn
اصل	urd	əsəl
اصلاح	urd	ɪslɑːɦ
اصول	urd	ʊsuːl
اصہار	urd	əsɦɑːɾ
اصیل	urd	əsiːl
اضافت	urd	ɪzɑːfət̪
اضافہ	urd	ɪzɑːfɑː
اضطراب	urd	ɪzt̪ɪɾɑːb
اضطراری	urd	ɪzt̪ɪɾɑːɾiː
اطاعت	urd	ɪt̪ɑːʔət̪
اطالیہ	urd	ɪt̪ɑːlɪjɑː
اطفال	urd	ət̪fɑːl
اطلاع	urd	ɪt̪t̪ɪlɑːʔ
اطلاقی	urd	ɪt̪lɑːqiː
اطلس	urd	ət̪ləs
اطمینان	urd	ɪt̪miːnɑːn
اظہار	urd	ɪzɦɑːɾ
اعتبار	urd	ɪʔt̪ɪbɑːɾ
اعتدال	urd	eːʔt̪ed̪ɑːl
اعتراض	urd	ɪʔt̪ɪɾɑːz
اعتراضات	urd	ɪʔt̪ɪɾɑːzɑːt̪
اعتراضوں	urd	ɪʔt̪ɪɾɑːzõː
اعتراف	urd	eːʔt̪ɪɾɑːf
اعتماد	urd	ɪʔt̪ɪmɑːd̪
اعضا	urd	əʔzɑː
اعظم	urd	əʔzəm
اعلی	urd	əʔlɑː
اغوا	urd	ɪɣʋɑː
افراد	urd	əfɾɑːd̪
افریقہ	urd	əfɾiːqɑː
افریقی	urd	əfɾiːqiː
افزائش	urd	əfzɑːɪʃ
افسانو	urd	əfsɑːnoː
افسانوں	urd	əfsɑːnõː
افسانوی	urd	əfsɑːnʋiː
افسانہ	urd	əfsɑːnɑː
افسانے	urd	əfsɑːneː
افسر	urd	əfsəɾ
افسردہ	urd	əfsʊɾd̪
افضال	urd	əfzɑːl
افطار	urd	ɪft̪ɑːɾ
افطاری	urd	ɪft̪ɑːɾiː
افغان	urd	əfɣɑːn
افغانستان	urd	əfɣɑːnɪst̪ɑːn
افق	urd	ʊfʊq
افلاس	urd	ɪflɑːs
افواہ	urd	əfʋɑːɦ
افیون	urd	əfjuːn
اقامت	urd	ɪqɑːmət̪
اقتدار	urd	ɪqt̪ɪd̪ɑːɾ
اقتصادی	urd	ɪqt̪ɪsɑːd̪iː
اقلیت	urd	əqəllɪjət̪
اقلیم	urd	ɪqliːm
اقوام	urd	əqʋɑːm
الائچی	urd	ɪlɑːjt͡ʃiː
البانیا	urd	əlbɑːnɪjɑː
البتہ	urd	əlbət̪t̪ɑː
البیلا	urd	əlbeːlɑː
الجزائر	urd	əld͡ʒəzɑːɪɾ
الحاق	urd	ɪlɦɑːq
الزام	urd	ɪlzɑːm
الف	urd	əlɪf
الفاظ	urd	əlfɑːz
اللہ	urd	əllɑː
الم	urd	ələm
الماری	urd	əlmɑːɾiː
الماس	urd	əlmɑːs
النکار	urd	ələŋkɑːɾ
النکرت	urd	ələŋkɾɪt̪
الو	urd	ʊlluː
الوداع	urd	əlʋɪd̪ɑː
الٹنا	urd	ʊləʈnɑː
الٹی	urd	ʊlʈiː
الٹیاں	urd	ʊlʈjɑ̃ː
الٹیوں	urd	ʊlʈjõː
الکحل	urd	əlkʊɦʊl
الگ	urd	ələɡ
الہام	urd	ɪlɦɑːm
الہاموں	urd	ɪlɦɑːmõː
الیاس	urd	ɪljɑːs
الیسع	urd	əljəsəʔ
امارت	urd	ɪmɑːɾət̪
امام	urd	ɪmɑːm
امانت	urd	əmɑːnət̪
امانتو	urd	əmɑːnət̪oː
امانتوں	urd	əmɑːnət̪õː
امانتیں	urd	əmɑːnət̪ẽː
امتحان	urd	ɪmt̪ɪɦɑːn
امتحانات	urd	ɪmt̪ɪɦɑːnɑːt̪
امتحانوں	urd	ɪmt̪ɪɦɑːnõː
امداد	urd	ɪmd̪ɑːd̪
امر	urd	əmɾ
امرا	urd	ʊməɾɑː
امرت	urd	əmɾɪt̪
امرتسر	urd	əmɾɪt̪səɾ
امرود	urd	əmɾuːd̪
امروز	urd	ɪmɾoːz
امریکا	urd	əmɾiːkɑː
امریکہ	urd	əmɾiːkɑː
امل	urd	əməl
املا	urd	ɪmlɑː
املی	urd	ɪmliː
امن	urd	əmən
امور	urd	ʊmuːɾ
امکان	urd	ɪmkɑːn
امی	urd	əmːiː
امید	urd	ʊmmiːd̪
امیدوار	urd	ʊmmiːd̪ʋɑːɾ
امیر	urd	əmiːɾ
امینہ	urd	əmiːnɑː
اناتھ	urd	ənɑːt̪ʰ
انار	urd	ənɑːɾ
انارکلی	urd	ənɑːɾkəliː
انبار	urd	əmbɑːɾ
انبیاء	urd	əmbɪjɑː
انت	urd	ənt̪
انتباہ	urd	ɪnt̪ɪbɑːɦ
انتخاب	urd	ɪnt̪ɪxɑːb
انتر	urd	ənt̪əɾ
انترم	urd	ənt̪ɾɪm
انتظار	urd	ɪnt̪ɪzɑːɾ
انتظام	urd	ɪnt̪ɪzɑːm
انتظامی	urd	ɪnt̪ɪzɑːmiː
انتظامیہ	urd	ɪnt̪ɪzɑːmɪjɑː
انتقال	urd	ɪnt̪ɪqɑːl
انتقام	urd	ɪnt̪ɪqɑːm
انتم	urd	ənt̪ɪm
انتہا	urd	ɪnt̪ɪɦɑː
انتہائی	urd	ɪnt̪ɪɦɑːiː
انتہاپسند	urd	ɪnt̪eɦɑːpəsənd̪
انتیس	urd	ʊnt̪iːs
انجام	urd	ənd͡ʒɑːm
انجانا	urd	ənd͡ʒɑːnɑː
انجماد	urd	ɪnd͡ʒɪmɑːd̪
انجمن	urd	ənd͡ʒʊmən
انجیر	urd	ənd͡ʒiːɾ
انداز	urd	ənd̪ɑːz
اندر	urd	ənd̪əɾ
اندراج	urd	ɪnd̪ɪɾɑːd͡ʒ
اندرون	urd	ənd̪ɾuːn
اندلس	urd	ʊnd̪ʊlʊs
اندھا	urd	ənd̪ʱɑː
اندھو	urd	ənd̪ʱoː
اندھوں	urd	ənd̪ʱõː
اندھکار	urd	ənd̪ʱkɑːɾ
اندھی	urd	ənd̪ʱiː
اندھیرا	urd	ənd̪ʱeːɾɑː
اندھیروں	urd	ənd̪ʱeːɾõː
اندھیری	urd	ənd̪ʱeːɾiː
اندھیرے	urd	ənd̪ʱeːɾeː
اندھے	urd	ənd̪ʱeː
اندیشوں	urd	ənd̪eːʃõː
اندیشہ	urd	ənd̪eːʃɑː
اندیشے	urd	ənd̪eːʃeː
اندیکھا	urd	ənd̪eːkʰɑː
انسان	urd	ɪnsɑːn
انسانی	urd	ɪnsɑːniː
انسانیت	urd	ɪnsɑːnɪjət̪
انسداد	urd	ɪnsɪd̪ɑːd̪
انش	urd	ənʃ
انصاف	urd	ɪnsɑːf
انطاکیہ	urd	ənt̪ɑːkɪjɑː
انطلیاس	urd	ənt̪ɪljɑːs
انعام	urd	ɪnʔɑːm
انعامو	urd	ɪnʔɑːmoː
انعاموں	urd	ɪnʔɑːmõː
انقلاب	urd	ɪnqɪlɑːb
انل	urd	ənɪl
انوادک	urd	ənʊʋɑːd̪ək
انوکھا	urd	ənoːkʰɑː
انوکھی	urd	ənoːkʰiː
انوکھے	urd	ənoːkʰeː
انٹارکٹکا	urd	əɳʈɑːɾkʈɪkɑː
انٹرنیشنل	urd	ɪnʈəɾnɛːʃɪnəl
انپم	urd	ənʊpəm
انچل	urd	ənt͡ʃəl
انڈا	urd	əɳɖɑː
انڈو	urd	ənɖoː
انڈونیشیا	urd	ɪnɖoːneːʃɪjɑː
انڈوں	urd	ənɖõː
انڈکوش	urd	ənɖəkoːʃ
انڈیا	urd	ɪnɖɪjɑː
انڈے	urd	ənɖeː
انکار	urd	ɪnkɑːɾ
انکشاف	urd	ɪnkɪʃɑːf
انکشافات	urd	ɪnkɪʃɑːfɑːt̪
انکل	urd	əŋkəl
انگریز	urd	əŋɡɾeːz
انگریزی	urd	ə̃ŋɡɾeːziː
انگلستان	urd	ɪŋɡlɪst̪ɑːn
انگلی	urd	ʊŋɡliː
انگلینڈ	urd	ɪŋɡlɛːnɖ
انگور	urd	əŋɡuːɾ
انگوری	urd	əŋɡuːɾiː
انگولہ	urd	əŋɡoːlɑː
انگوٹھا	urd	əŋɡuːʈʰɑː
انگوٹھی	urd	əŋɡuːʈʰiː
انگڑائی	urd	əŋɡɽɑːiː
انگھیٹی	urd	əŋɡʱiːʈiː
انھیں	urd	ɪnɦẽː
انہ	urd	ɑːnɑː
انہیں	urd	ɪnɦẽː
انیس	urd	ʊnniːs
انیک	urd	əneːk
اهہ	urd	ɪɦ
اوتار	urd	əʋt̪ɑːɾ
اوتھل	urd	uːt̪ʰɑːl
اودا	urd	uːd̪ɑː
اودبلاؤ	urd	uːd̪bɪlɑːoː
اودھی	urd	əʋəd̪ʱiː
اور	urd	ɔːɾ
اورماڑا	urd	oːɾmɑːɽɑː
اورنگ	urd	ɔːɾəŋɡ
اورنگزیب	urd	ɔːɾəŋɡzeːb
اوروں	urd	ɔːɾõː
اوس	urd	oːs
اوساکا	urd	oːsɑːkɑː
اوسطا	urd	ɔːst̪ən
اوقات	urd	ɔːqɑːt̪
اوقیانوس	urd	uːqɪjɑːnuːs
اول	urd	əʋːəl
اولا	urd	oːlɑː
اولاد	urd	ɔːlɑːd̪
اولو	urd	ʊluː
اولی	urd	uːlɑː
اون	urd	uːn
اونٹ	urd	ũːʈ
اونٹوں	urd	ũːʈõː
اونچا	urd	uːnt͡ʃɑː
اونچائی	urd	ũːt͡ʃɑːiː
اونگھ	urd	ũːŋɡʱ
اوپر	urd	uːpəɾ
اوڈیشہ	urd	oːɽiːʃɑː
اوڑی	urd	uːɽiː
اوکاش	urd	əʋkɑːʃ
اوکاڑہ	urd	oːkɑːɽɑː
اوکھل	urd	uːkʰəl
اوکھی	urd	ɔːkʰiː
اوہ	urd	uːɦ
اویغور	urd	uːɪɣuːɾ
اویغورستان	urd	uːɪɣuːɾɪst̪ɑːn
اٹاری	urd	əʈɑːɾiː
اٹاچی	urd	əʈɛːt͡ʃiː
اٹک	urd	əʈək
اٹھائیس	urd	əʈʈʰɑːiːs
اٹھارہ	urd	əʈʰɑːɾəɦ
اٹھانا	urd	ʊʈʰɑːnɑː
اٹھنا	urd	ʊʈʰnɑː
اپاسک	urd	ʊpɑːsək
اپاہج	urd	əpɑːɦɪd͡ʒ
اپدهان	urd	ʊpd̪ʱɑːn
اپدیش	urd	ʊpd̪eːʃ
اپرادھ	urd	əpɾɑːd̪ʱ
اپرادھی	urd	əpɾɑːd̪ʱiː
اپرمپار	urd	əpɾəmpɑːɾ
اپریل	urd	əpɾɛːl
اپستھت	urd	ʊpəst̪ʰɪt̪
اپلبدھ	urd	ʊpləbd̪ʱ
اپنا	urd	əpnɑː
اپنيتر	urd	ʊpneːt̪ɾ
اپواس	urd	ʊpʋɑːs
اپہار	urd	ʊpʰɑːɾ
اپیوگ	urd	ʊpjoːɡ
اچار	urd	ət͡ʃɑːɾ
اچانک	urd	ət͡ʃɑːnək
اچت	urd	ʊt͡ʃɪt̪
اچکیریہ	urd	ɪt͡ʃkiːɾjɑː
اچھا	urd	ət̪t͡ʃʰɑː
اچھلنا	urd	ʊt͡ʃʰəlnɑː
اچھوت	urd	ət͡ʃʰuːt̪
اچھوتا	urd	ət͡ʃʰuːt̪ɑː
اچھوتی	urd	ət͡ʃʰuːt̪iː
اچھی	urd	ət̪t͡ʃʰiː
اچھے	urd	ət̪t͡ʃʰeː
اڑان	urd	ʊɽɑːn
اڑانا	urd	ʊɽɑːnɑː
اڑنا	urd	ʊɽnɑː
اڑھائی	urd	əɽʱɑːiː
اژدہا	urd	əʒd̪əɦɑː
اژدہو	urd	əʒd̪əɦoː
اژدہوں	urd	əʒd̪əɦõː
اژدہے	urd	əʒd̪əɦeː
اک	urd	ɪk
اکا	urd	ɪkkɑː
اکائی	urd	ɪkɑːiː
اکادمک	urd	əkɑːd̪mɪk
اکادمی	urd	əkɑːd̪miː
اکال	urd	əkɑːl
اکانوے	urd	ɪkɑːnʋeː
اکتاہٹ	urd	ʊkt̪ɑːɦəʈ
اکتوبر	urd	əkt̪uːbəɾ
اکثر	urd	əksəɾ
اکثریت	urd	əksəɾɪjət̪
اکشر	urd	əkʃəɾ
اکلوتا	urd	ɪklɔːt̪ɑː
اکلوتی	urd	ɪklɔːt̪iː
اکلوتے	urd	ɪklɔːt̪eː
اکنون	urd	əknuːn
اکٹھا	urd	ɪkəʈʈʰɑː
اکڑ	urd	əkəɽ
اکھاڑا	urd	əkʰɑːɽɑː
اکھروٹ	urd	əkʰɾoːʈ
اکیس	urd	ɪkkiːs
اکیلا	urd	əkeːlɑː
اکیلاپن	urd	əkeːlɑːpən
اکیلی	urd	əkeːliː
اکیلے	urd	əkeːleː
اگر	urd	əɡəɾ
اگربتی	urd	əɡəɾbət̪t̪iː
اگرچہ	urd	əɡəɾt͡ʃeː
اگست	urd	əɡəst̪
اگلا	urd	əɡlɑː
اگلی	urd	əɡliː
اگلے	urd	əɡleː
اگن	urd	əɡən
اگنا	urd	ʊɡnɑː
اگنی	urd	əɡniː
اہلیاؤ	urd	əɦlɪjɑːoː
اہلیاؤں	urd	əɦlɪjɑːõː
اہلیائیں	urd	əɦlɪjɑːẽː
اہلیہ	urd	əɦlɪjɑː
اہم	urd	əɦəm
ایالت	urd	ɪjɑːlət̪
ایت	urd	əjʊt̪
ایتھنز	urd	eːt̪ʰənz
ایتھوپیا	urd	ɪt̪ʰɪjoːpɪjɑː
ایجنٹ	urd	eːd͡ʒənʈ
ایران	urd	iːɾɑːn
ایرانی	urd	iːɾɑːniː
ایرشا	urd	iːɾʃɑː
ایرکھا	urd	iːɾkʰɑː
ایزد	urd	iːzɪd̪
ایسٹر	urd	iːsʈəɾ
ایشور	urd	iːʃʋəɾ
ایلچی	urd	eːlt͡ʃiː
ایمان	urd	iːmɑːn
ایماندار	urd	iːmɑːnd̪ɑːɾ
ایمانوں	urd	iːmɑːnõː
ایندھن	urd	iːnd̪ʱən
اینٹ	urd	ĩːʈ
اینٹوں	urd	ĩːʈõː
اینٹیں	urd	ĩːʈẽː
ایوان	urd	ɛːʋɑːn
ایوب	urd	əjjuːb
ایڈنبرا	urd	iːɖɪnbɾɑː
ایک	urd	eːk
ایکواڈور	urd	eːkʋɑːɖoːɾ
ایکھ	urd	iːkʰ
اے	urd	eː
بآواز	urd	bəɑːʋɑːz
بائبل	urd	bɑːɪbɪl
بائیس	urd	bɑːiːs
بائیسکل	urd	bɑːiːsɪkəl
بابو	urd	bɑːbuː
بابی	urd	bɑːbiː
بات	urd	bɑːt̪
باتری	urd	bɑːt̪ɾiː
باتوں	urd	bɑːt̪õː
باتھروم	urd	bɑːt̪ʰɾuːm
باتیں	urd	bɑːt̪ẽː
باجی	urd	bɑːd͡ʒiː
باختر	urd	bɑːxt̪əɾ
باد	urd	bɑːd̪
بادام	urd	bɑːd̪ɑːm
بادامی	urd	bɑːd̪̪ɑːmɪː
بادرنگ	urd	bɑːd̪ɾəŋɡ
بادشاہ	urd	bɑːd̪ʃɑːɦ
بادشاہت	urd	bɑːd̪ʃɑːɦət̪
بادل	urd	bɑːd̪əl
بادلو	urd	bɑːd̪əloː
بادلوں	urd	bɑːd̪əlõː
بادنجان	urd	bɑːd̪ənd͡ʒɑːn
بار	urd	bɑːɾ
بارات	urd	bɑːɾɑːt̪
باراں	urd	bɑːɾɑ̃ː
بارش	urd	bɑːɾɪʃ
بارشوں	urd	bɑːɾɪʃõː
بارشیں	urd	bɑːɾɪʃẽː
بارکھان	urd	bɑːɾkʰɑːn
بارہ	urd	bɑːɾəɦ
بارہا	urd	bɑːɾɦɑː
باریک	urd	bɑːɾiːk
باز	urd	bɑːz
بازار	urd	bɑːzɑːɾ
بازاروں	urd	bɑːzɑːɾõː
بازو	urd	bɑːzuː
بازوبند	urd	bɑːzuːbənd̪
بازی	urd	bɑːziː
بازیچوں	urd	bɑːziːt͡ʃõː
بازیچہ	urd	bɑːziːt͡ʃɑː
بازیچے	urd	bɑːziːt͡ʃeː
باسن	urd	bɑːsən
باسی	urd	bɑːsiː
باشندہ	urd	bɑːʃɪnd̪ɑː
باعث	urd	bɑːʔɪs
باغ	urd	bɑːɣ
باغوں	urd	bɑːɣõː
باغی	urd	bɑːɣiː
باغیچہ	urd	bɑːɣiːt͡ʃɑː
باقی	urd	bɑːqiː
بال	urd	bɑːl
بالآخر	urd	bɪlɑːxɪɾ
بالش	urd	bɑːlɪʃ
بالفرض	urd	bɪlfəɾz
بالفعل	urd	bɪlfɪʔl
بالم	urd	bɑːləm
بالمیکی	urd	bɑːlmiːkiː
بالٹی	urd	bɑːlʈiː
بالکل	urd	bɪlkʊl
باندھنا	urd	bɑːnd̪ʱnɑː
بانس	urd	bɑ̃ːs
بانسری	urd	bɑ̃ːsʊɾiː
بانسو	urd	bɑ̃ːsoː
بانسوں	urd	bɑ̃ːnsõː
بانو	urd	bɑːnuː
بانٹنا	urd	bɑ̃ːʈnɑː
بانچنا	urd	bɑ̃ːt͡ʃnɑː
بانگ	urd	bɑːŋɡ
بانگی	urd	bɑːŋɡiː
بانہو	urd	bɑ̃ːɦõː
بانہوں	urd	bɑ̃ːɦõː
بانہہ	urd	bɑ̃ːɦ
بانہیں	urd	bɑ̃ːɦẽː
بانی	urd	bɑːniː
باور	urd	bɑːʋəɾ
باورچی	urd	bɑːʋəɾt͡ʃiː
باون	urd	bɑːʋən
باٹ	urd	bɑːʈ
باڑ	urd	bɑːɽ
باڑھ	urd	bɑːɽʱ
باکو	urd	bɑːkuː
باہر	urd	bɑːɦəɾ
باہم	urd	bɑːɦəm
باہمی	urd	bɑːɦəmiː
باہوبلی	urd	bɑːɦʊbəliː
بایاں	urd	bɑːjɑ̃ː
بباد	urd	bɪbɑːd̪
ببھکشا	urd	bʊbʱʊkʃɑː
بت	urd	bʊt̪
بتانا	urd	bɪt̪ɑːnɑː
بتوں	urd	bət̪õː
بجائے	urd	bəd͡ʒɑːeː
بجری	urd	bəd͡ʒɾiː
بجلی	urd	bɪd͡ʒliː
بجلیاں	urd	bɪd͡ʒlɪjɑ̃ː
بجلیوں	urd	bɪd͡ʒlɪjõː
بجنا	urd	bəd͡ʒnɑː
بجے	urd	bəd͡ʒeː
بحال	urd	bəɦɑːl
بحث	urd	bəɦəs
بحر	urd	bəɦɾ
بحران	urd	boːɦɾɑːn
بحرین	urd	bəɦɾiːn
بحریہ	urd	bəɦɾɪjɑː
بخار	urd	bʊxɑːɾ
بخت	urd	bəxt̪
بخش	urd	bəxʃ
بخشش	urd	bəxʃɪʃ
بخیریت	urd	bəxɛːɾɪjət̪
بخیل	urd	bəxiːl
بدبو	urd	bəd̪buː
بدتر	urd	bəd̪t̪əɾ
بددعا	urd	bəd̪d̪ʊɑː
بدر	urd	bəd̪əɾ
بدصورت	urd	bəd̪suːɾət̪
بدعت	urd	bɪd̪ət̪
بدعتوں	urd	bɪd̪ʔət̪õː
بدعنوانی	urd	bəd̪ʔʊnʋɑːniː
بدقسمت	urd	bəd̪qɪsmət̪
بدلنا	urd	bəd̪əlnɑː
بدلوانا	urd	bəd̪əlʋɑːnɑː
بدلہ	urd	bəd̪lə
بدمعاشوں	urd	bəd̪məʔɑːʃõː
بدن	urd	bəd̪ən
بدنصیب	urd	bəd̪nəsiːb
بدنوں	urd	bəd̪ənõː
بدنیت	urd	bəd̪niːt̪
بدولت	urd	bəd̪ɔːlət̪
بدھ	urd	bʊd̪ʱ
بدھائی	urd	bəd̪ʱɑːiː
بدھو	urd	bʊd̪d̪ʱuː
بدھوار	urd	bʊd̪ʱʋɑːɾ
بدھیا	urd	bəd̪ʱɪjɑː
بدی	urd	bəd̪iː
بدیع	urd	bəd̪iːʔ
بدین	urd	bəd̪iːn
برآمد	urd	bəɾɑːməd̪
برا	urd	bʊɾɑː
برات	urd	bəɾɑːt̪
براتو	urd	bəɾɑːt̪oː
براتوں	urd	bəɾɑːt̪õː
براتیں	urd	bəɾɑːt̪ẽː
برازیل	urd	bɾɑːziːl
براعظم	urd	bəɾɾɪəʔzəm
براعظمی	urd	bəɾɾɪəʔzəmiː
برباد	urd	bəɾbɑːd̪
برت	urd	bəɾət̪
برتاؤ	urd	bəɾt̪ɑːoː
برتن	urd	bəɾt̪ən
برج	urd	bʊɾd͡ʒ
برخاست	urd	bəɾxɑːst̪
برخاستوں	urd	bəɾxɑːst̪õː
برخاستیں	urd	bəɾxɑːst̪ẽː
برداشت	urd	bəɾd̪ɑːʃt̪
برس	urd	bəɾəs
برسات	urd	bəɾsɑːt̪
برساتوں	urd	bəɾsɑːt̪õː
برساتیں	urd	bəɾsɑːt̪ẽː
برسلز	urd	bɾəsəlz
برسنا	urd	bəɾəsnɑː
برسی	urd	bəɾsiː
برسیاں	urd	bəɾsɪjɑ̃ː
برسیوں	urd	bəɾsɪjõː
برصغیر	urd	bəɾːesəɣiːɾ
برطانوی	urd	bəɾt̪ɑːnʋiː
برطانیہ	urd	bəɾt̪ɑːnɪjɑː
برف	urd	bəɾf
برق	urd	bəɾq
برقع	urd	bʊɾqəʔ
برقی	urd	bəɾqiː
برلن	urd	bəɾlɪn
برما	urd	bəɾmɑː
برمنگھم	urd	bəɾmɪŋɡʱəm
بروخے	urd	bɾuːxeː
برودت	urd	bʊɾuːd̪ət̪
برونائی	urd	bɾuːnɑːiː
برٹش	urd	bɪɾʈɪʃ
برچھا	urd	bəɾt͡ʃʰɑː
برچھیت	urd	bəɾt͡ʃʰɛːt̪
برکات	urd	bəɾəkɑːt̪
برکت	urd	bəɾkət̪
برکتوں	urd	bəɾkət̪õː
برکتیں	urd	bəɾkət̪ẽː
برکھا	urd	bəɾkʰɑː
برگزیدہ	urd	bəɾɡʊziːd̪ɑː
برہا	urd	bɪɾɦɑː
برہسپت	urd	bɪɾɦəspət̪
برہما	urd	bəɾɦəmɑː
برہنہ	urd	bəɾəɦnɑː
بری	urd	bʊɾiː
بریانی	urd	bɪɾjɑːniː
بریشال	urd	bəɾiːsɦɑːl
برے	urd	bʊɾeː
بزار	urd	bəzɑːɾ
بزرگ	urd	bʊzʊɾɡ
بزرگی	urd	bʊzəɾɡiː
بس	urd	bəs
بستر	urd	bɪst̪əɾ
بستی	urd	bəst̪iː
بستیاں	urd	bəst̪ɪjɑ̃ː
بستیو	urd	bəst̪ɪjoː
بستیوں	urd	bəst̪ɪjõː
بسنا	urd	bəsnɑː
بسنت	urd	bəsənt̪
بسکٹ	urd	bɪskɪʈ
بسیار	urd	bɪsjɑːɾ
بشیر	urd	bəʃiːɾ
بشیشن	urd	bɪʃeːʃən
بضاعت	urd	bɪzɑːʔət̪
بطخ	urd	bət̪t̪əx
بظاہر	urd	bəzɑːɦɪɾ
بعث	urd	bəʔs
بعثت	urd	bɪʔsət̪
بعد	urd	bɑːd̪
بعض	urd	bɑːz
بعلبک	urd	bəʔləbək
بغاوت	urd	bəɣɑːʋət̪
بغاوتوں	urd	bəɣɑːʋət̪õː
بغاوتیں	urd	bəɣɑːʋət̪ẽː
بغل	urd	bəɣəl
بغیر	urd	bəɣɛːɾ
بغیچہ	urd	bəɣiːt͡ʃɑː
بقا	urd	bəqɑː
بقار	urd	bəqqɑːɾ
بقر	urd	bəqəɾ
بقرعید	urd	bəqəɾʔiːd̪
بقرہ	urd	bəqəɾɑː
بلا	urd	bəlɑː
بلب	urd	bəlb
بلبل	urd	bʊlbʊl
بلبلو	urd	bʊlbʊloː
بلبلوں	urd	bʊlbʊlõː
بلبلیں	urd	bʊlbʊlẽː
بلغاری	urd	bʊlɣɑːɾiː
بلغاریہ	urd	bʊlɣɑːɾɪjɑː
بلغم	urd	bəlɣəm
بلند	urd	bələnd̪
بلوغ	urd	bʊluːɣ
بلوغت	urd	bʊluːɣət̪
بلوچ	urd	bəloːt͡ʃ
بلوچستان	urd	bəloːt͡ʃɪst̪ɑːn
بلکہ	urd	bəlkiː
بلہ	urd	bəllɑː
بلہار	urd	bəlɪɦɑːɾ
بلی	urd	bɪlliː
بلیدہ	urd	bʊlɛːd̪ɑː
بلے	urd	bəleː
بم	urd	bəm
بمبئی	urd	bəmbəiː
بمباری	urd	bəmbɑːɾiː
بمبہ	urd	bəmb
بمقابلہ	urd	bəmʊqɑːbɪlɑː
بنا	urd	bɪnɑː
بنارس	urd	bənɑːɾəs
بنانا	urd	bənɑːnɑː
بناوٹ	urd	bənɑːʋət̪
بناوٹی	urd	bənɑːʋəʈiː
بنت	urd	bɪnt̪
بنتی	urd	bɪnt̪iː
بنجارا	urd	bənd͡ʒɑːɾɑː
بنجی	urd	bʊnd͡ʒiː
بند	urd	bənd̪
بندر	urd	bənd̪əɾ
بندش	urd	bənd̪ɪʃ
بندو	urd	bənd̪oː
بندوق	urd	bənd̪uːq
بندوں	urd	bənd̪õː
بندگی	urd	bənd̪əɡiː
بندھن	urd	bənd̪ʱən
بندہ	urd	bənd̪ɑː
بندے	urd	bənd̪eː
بنزین	urd	bənziːn
بنفشی	urd	bənəfʃiː
بنٹنا	urd	bə̃ʈnɑː
بنگ	urd	bəŋɡ
بنگال	urd	bəŋɡɑːl
بنگالن	urd	bəŋɡɑːlən
بنگالی	urd	bənɡɑːliː
بنگلہ	urd	bəŋɡlɑː
بنیاد	urd	bʊnjɑːd̪
بنیادی	urd	bʊnɪjɑːd̪iː
بنیان	urd	bənɪjɑːn
بو	urd	buː
بوا	urd	bʊʋɑː
بواؤ	urd	buːɑːoː
بواؤں	urd	buːɑːõː
بوائیں	urd	buːɑːẽː
بواب	urd	bəʋʋɑːb
بوتل	urd	boːt̪əl
بوجھ	urd	boːd͡ʒʱ
بوجھوں	urd	boːd͡ʒʱõː
بودار	urd	buːd̪ɑːɾ
بور	urd	boːɾ
بوریت	urd	boːɾɪjət̪
بوستان	urd	boːst̪ɑːn
بوسنیا	urd	boːsnɪjɑː
بوسيدہ	urd	boːsiːd̪ɑː
بوسہ	urd	boːsɑː
بولنا	urd	boːlnɑː
بولی	urd	boːliː
بوم	urd	buːm
بونا	urd	bɔːnɑː
بونڈر	urd	bəʋənɖəɾ
بونگا	urd	bɔːŋɡɑː
بوٹ	urd	buːʈ
بوچڑ	urd	buːt͡ʃəɽ
بوچھار	urd	bɔːt͡ʃʰɑːɾ
بوچھاڑ	urd	bɔːt͡ʃʰɑːɽ
بوڑھا	urd	buːɽʱɑː
بوڑھو	urd	buːɽʱoː
بوڑھوں	urd	buːɽʱõː
بوڑھی	urd	buːɽʱiː
بوڑھے	urd	buːɽʱeː
بٹن	urd	bəʈən
بٹوا	urd	bəʈʋɑː
بٹورنا	urd	bəʈoːɾnɑː
بٹھانا	urd	bɪʈʰɑːnɑː
بپتسمہ	urd	bəpt̪ɪsmɑː
بچانا	urd	bət͡ʃɑːnɑː
بچنا	urd	bət͡ʃnɑː
بچو	urd	bət̪t͡ʃoː
بچوں	urd	bət̪t͡ʃõː
بچپن	urd	bət͡ʃpən
بچھانا	urd	bɪt͡ʃʰɑːnɑː
بچھو	urd	bɪt̪t͡ʃʰuː
بچہ	urd	bət̪t͡ʃɑː
بچی	urd	bət̪t͡ʃiː
بچے	urd	bət̪t͡ʃeː
بڑا	urd	bəɽɑː
بڑائی	urd	bəɽɑːiː
بڑھاپا	urd	bʊɽʱɑːpɑː
بڑھنا	urd	bəɽʱnɑː
بڑھیا	urd	bʊɽʱjɑː
بڑی	urd	bəɽiː
بڑے	urd	bəɽeː
بکاؤ	urd	bɪkɑːuː
بکتاش	urd	bəkt̪ɑːʃ
بکتاشی	urd	bəkt̪ɑːʃiː
بکرا	urd	bəkɾɑː
بکری	urd	bəkɾiː
بکس	urd	bəks
بکم	urd	bəkkəm
بکھراو	urd	bɪkʰɾɑːʋ
بھائی	urd	bʱɑːiː
بھائیو	urd	bʱɑːɪjoː
بھائیوں	urd	bʱɑːɪjõː
بھابھی	urd	bʱɑːbʱiː
بھابی	urd	bʱɑːbiː
بھابیاں	urd	bʱɑːbɪjɑ̃ː
بھابیو	urd	bʱɑːbɪjoː
بھابیوں	urd	bʱɑːbɪjõː
بھاجن	urd	bʱɑːd͡ʒən
بھادوں	urd	bʱɑːd̪õː
بھارت	urd	bʱɑːɾət̪
بھارتی	urd	bʱɑːɾt̪iː
بھاشا	urd	bʱɑːʃɑː
بھاشن	urd	bʱɑːʃən
بھاشنوں	urd	bʱɑːʃənõː
بھاشیہ	urd	bʱɑːʃj
بھالو	urd	bʱɑːluː
بھانجا	urd	bʱɑːnd͡ʒɑː
بھانجو	urd	bʱɑːnd͡ʒoː
بھانجوں	urd	bʱɑːnd͡ʒõː
بھانجی	urd	bʱɑːnd͡ʒiː
بھانجیاں	urd	bʱɑːnd͡ʒɪjɑ̃ː
بھانجیو	urd	bʱɑːnd͡ʒɪjoː
بھانجیوں	urd	bʱɑːnd͡ʒɪjõː
بھانجے	urd	bʱɑːnd͡ʒeː
بھانگ	urd	bʱɑːŋɡ
بھاپ	urd	bʱɑːp
بھاکھا	urd	bʱɑːkʰɑː
بھاگ	urd	bʱɑːɡ
بھاگنا	urd	bʱɑːɡnɑː
بھاگیہ	urd	bʱɑːɡj
بھتیجا	urd	bʱət̪iːd͡ʒɑː
بھتیجی	urd	bʱət̪iːd͡ʒiː
بھجن	urd	bʱəd͡ʒən
بھراتا	urd	bʱɾɑːt̪ɑː
بھراتر	urd	bʱɾɑːt̪ɾ
بھرم	urd	bʱəɾəm
بھرن	urd	bʱəɾən
بھرنا	urd	bʱəɾnɑː
بھروسہ	urd	bʱəɾoːsɑː
بھلوال	urd	bʱəlʋɑːl
بھلکڑ	urd	bʱʊləkkəɽ
بھنجک	urd	bʱənd͡ʒək
بھنور	urd	bʱə̃ʋəɾ
بھنورو	urd	bʱə̃ʋəɾoː
بھنوروں	urd	bʱə̃ʋəɾõː
بھنوریں	urd	bʱə̃ʋəɾẽː
بھنڈ	urd	bʱənɖ
بھنڈی	urd	bʱɪɳɖɪː
بھوت	urd	bʱuːt̪
بھوتل	urd	bʱuːt̪əl
بھوتنی	urd	bʱuːt̪niː
بھوجن	urd	bʱoːd͡ʒən
بھور	urd	bʱoːɾ
بھورا	urd	bʱuːɾɑː
بھوسڑی	urd	bʱoːsɽiː
بھولا	urd	bʱoːlɑː
بھولنا	urd	bʱuːlnɑː
بھومکا	urd	bʱuːmɪkɑː
بھومی	urd	bʱuːmiː
بھونکنا	urd	bʱõːknɑː
بھونیشور	urd	bʱʊʋneːʃʋəɾ
بھوٹان	urd	bʱuːʈɑːn
بھوک	urd	bʱuːk
بھوکا	urd	bʱuːkɑː
بھوکی	urd	bʱuːkiː
بھوکے	urd	bʱuːkeː
بھوگول	urd	bʱuːɡoːl
بھکت	urd	bʱəkt̪
بھکتی	urd	bʱəkt̪iː
بھکر	urd	bʱəkkəɾ
بھگدڑ	urd	bʱəɡd̪əɽ
بھگوان	urd	bʱəɡʋɑːn
بھی	urd	bʱiː
بھیا	urd	bʱəjjɑː
بھیانک	urd	bʱəjɑːnək
بھیجنا	urd	bʱeːd͡ʒnɑː
بھید	urd	bʱeːd̪
بھیدوں	urd	bʱeːd̪õː
بھیس	urd	bʱeːs
بھینا	urd	bʱɛːnɑː
بھینس	urd	bʱɛ̃ːs
بھیڑ	urd	bʱeːɽ
بھیڑو	urd	bʱeːɽoː
بھیڑوں	urd	bʱeːɽõː
بھیڑیں	urd	bʱeːɽẽː
بھیک	urd	bʱiːk
بہ	urd	bɑː
بہاء	urd	bəɦɑː
بہاؤالدین	urd	bəɦɑːʔʊd̪d̪iːn
بہائی	urd	bəɦɑːiː
بہادری	urd	bəɦɑːd̪ʊɾiː
بہار	urd	bəɦɑːɾ
بہارا	urd	bəɦɑːɾɑː
بہاراں	urd	bəɦɑːɾɑ̃ː
بہارو	urd	bəɦɑːɾoː
بہاروں	urd	bəɦɑːɾõː
بہاریں	urd	bəɦɑːɾẽː
بہاولنگر	urd	bəɦɑːʋəlnəɡəɾ
بہت	urd	bəɦoːt̪
بہتان	urd	bʊɦt̪ɑːn
بہتانوں	urd	bʊɦt̪ɑːnõː
بہتر	urd	bəɦət̪t̪əɾ
بہرا	urd	bəɦɾɑː
بہرام	urd	bəɦɾɑːm
بہروز	urd	beːɦɾoːz
بہشت	urd	bəɦɪʃt̪
بہن	urd	bəɦən
بہنا	urd	bəɦnɑː
بہنو	urd	bəɦənoː
بہنوئی	urd	bəɦnoːiː
بہنوئیو	urd	bəɦnoːɪjoː
بہنوئیوں	urd	bəɦnoːɪjõː
بہنوں	urd	bəɦənõː
بہنیں	urd	bəɦənẽː
بہو	urd	bəɦuː
بہی	urd	bɪɦiː
بیابان	urd	bəjɑːbɑːn
بیاباں	urd	bəjɑːbɑ̃ː
بیاض	urd	bəjɑːz
بیان	urd	bəjɑːn
بیاہ	urd	bɪjɑːɦ
بیت	urd	bɛːt̪
بیتا	urd	biːt̪ɑː
بیج	urd	biːd͡ʒ
بیجا	urd	beːd͡ʒɑː
بیجنگ	urd	beːd͡ʒɪŋɡ
بیخ	urd	biːx
بید	urd	bɛːd̪
بیدار	urd	beːd̪ɑːɾ
بیدق	urd	bɛːd̪əq
بیر	urd	biːɾ
بیروت	urd	bɛːɾuːt̪
بیزار	urd	beːzɑːɾ
بیزتی	urd	beːzt̪iː
بیس	urd	biːs
بیستی	urd	beːst̪iː
بیش	urd	beːʃ
بیشک	urd	beːʃək
بیعانوں	urd	bɛːʔɑːnõː
بیعانہ	urd	bɛːʔɑːnɑː
بیعانے	urd	bɛːʔɑːneː
بیعت	urd	bɛːʔət̪
بیعتو	urd	bɛːʔət̪oː
بیعتوں	urd	bɛːʔət̪õː
بیعتیں	urd	bɛːʔət̪ẽː
بیل	urd	beːl
بیلاروس	urd	beːlɑːɾuːs
بیلجیم	urd	beːld͡ʒɪjəm
بیلن	urd	beːlən
بیلچہ	urd	beːlt͡ʃɑː
بیلہ	urd	beːlɑː
بیمار	urd	biːmɑːɾ
بیماری	urd	biːmɑːɾiː
بین	urd	bɛːn
بینک	urd	bɛːŋk
بینگن	urd	bɛːŋɡən
بیوقوف	urd	beːʋʊquːf
بیوقوفی	urd	beːʋəquːfiː
بیوہ	urd	beːʋɑː
بیوی	urd	biːʋiː
بیویاں	urd	biːʋɪjɑ̃ː
بیویو	urd	biːʋɪjoː
بیویوں	urd	biːʋɪjõː
بیٹا	urd	beːʈɑː
بیٹو	urd	beːʈoː
بیٹوں	urd	beːʈõː
بیٹھنا	urd	bɛːʈʰnɑː
بیٹھک	urd	bɛːʈʰək
بیٹی	urd	beːʈiː
بیٹیاں	urd	beːʈɪjɑ̃ː
بیٹیو	urd	beːʈɪjoː
بیٹیوں	urd	beːʈɪjõː
بیٹے	urd	beːʈeː
بیچ	urd	biːt͡ʃ
بیچنا	urd	beːt͡ʃnɑː
بیڑا	urd	beːɽɑː
بیکر	urd	beːkəɾ
بیگ	urd	beːɡ
بیگار	urd	beːɡɑːɾ
بیگم	urd	beːɡəm
بے	urd	beː
تا	urd	t̪ɑː
تائو	urd	t̪ɑːoː
تائوں	urd	t̪ɑːõː
تائید	urd	t̪ɑːiːd̪
تائیدات	urd	t̪ɑːiːd̪ɑːt̪
تائیدوں	urd	t̪ɑːiːd̪õː
تائیدیں	urd	t̪ɑːiːd̪ẽː
تائیوان	urd	t̪ɑːiːʋɑːn
تائے	urd	t̪ɑːeː
تابش	urd	t̪ɑːbɪʃ
تابندہ	urd	t̪ɑːbɪnd̪ɑː
تابوت	urd	t̪ɑːbuːt̪
تابکار	urd	t̪ɑːbkɑːɾ
تاتارستان	urd	t̪ɑːt̪ɑːɾɪst̪ɑːn
تاثیر	urd	t̪ɑːsiːɾ
تاثیرو	urd	t̪ɑːsiːɾoː
تاثیروں	urd	t̪ɑːsiːɾõː
تاثیریں	urd	t̪ɑːsiːɾẽː
تاج	urd	t̪ɑːd͡ʒ
تاجکستان	urd	t̪ɑːd͡ʒɪkɪst̪ɑːn
تار	urd	t̪ɑːɾ
تارا	urd	t̪ɑːɾɑː
تارو	urd	t̪ɑːɾoː
تاروں	urd	t̪ɑːɾõː
تارکین	urd	t̪ɑːɾɪkiːn
تاریخ	urd	t̪ɑːɾiːx
تاریخچہ	urd	t̪ɑːɾiːxt͡ʃɑː
تاریخی	urd	t̪ɑːɾiːxiː
تاریک	urd	t̪ɑːɾiːk
تاریکی	urd	t̪ɑːɾiːkiː
تارے	urd	t̪ɑːɾeː
تازہ	urd	t̪ɑːzɑː
تازی	urd	t̪ɑːziː
تازے	urd	t̪ɑːzeː
تاش	urd	t̪ɑːʃ
تاشقند	urd	t̪ɑːʃqənd̪
تال	urd	t̪ɑːl
تالا	urd	t̪ɑːlɑː
تالو	urd	t̪ɑːluː
تالی	urd	t̪ɑːliː
تاناشاہ	urd	t̪ɑːnɑːʃɑːɦ
تانبا	urd	t̪ɑːmbɑː
تانگا	urd	t̪ɑːŋɡɑː
تاپ	urd	t̪ɑːp
تاپنا	urd	t̪ɑːpnɑː
تاڑ	urd	t̪ɑːɽ
تاڑی	urd	t̪ɑːɽiː
تاہم	urd	t̪ɑːɦəm
تایا	urd	t̪ɑːjɑː
تب	urd	t̪əb
تبادلہ	urd	t̪əbɑːd̪ɪlɑɦ
تباہ	urd	t̪əbɑːɦ
تبت	urd	t̪ɪbbət̪
تبدیل	urd	t̪əbd̪iːl
تبرک	urd	t̪əbəɾɾʊk
تبرکات	urd	t̪əbəɾɾʊkɑːt̪
تبرکوں	urd	t̪əbəɾɾʊkõː
تبریر	urd	t̪əbɾiːɾ
تبریز	urd	t̪əbɾeːz
تبسم	urd	t̪əbəssʊm
تبصرہ	urd	t̪əbsɪɾɑː
تتلی	urd	t̪ɪt̪liː
تتلیاں	urd	t̪ɪt̪lɪjɑ̃ː
تتلیو	urd	t̪ɪt̪lɪjoː
تتلیوں	urd	t̪ɪt̪lɪjõː
تجارت	urd	t̪ɪd͡ʒɑːɾət̪
تجارتی	urd	t̪ɪd͡ʒɑːɾət̪iː
تجاوز	urd	t̪əd͡ʒɑːʋʊz
تجربہ	urd	t̪əd͡ʒɾɪbə
تجزیہ	urd	t̪əd͡ʒzɪjɑː
تجسس	urd	t̪əd͡ʒəssʊs
تجھے	urd	t̪ʊd͡ʒʱeː
تحریر	urd	t̪əɦɾiːɾ
تحریک	urd	t̪əɦɾiːk
تحصیل	urd	t̪əɦsiːl
تحفظ	urd	t̪əɦəffʊz
تحفہ	urd	t̪ʊɦfɑː
تحقیق	urd	t̪əɦqiːq
تخت	urd	t̪əxt̪
تختہ	urd	t̪əxt̪ɑː
تخلیق	urd	t̪əxliːq
تخم	urd	t̪ʊxm
تخمہ	urd	t̪ʊxmɑː
تخیل	urd	t̪əxəijʊl
ترائی	urd	t̪əɾɑːiː
ترازو	urd	t̪əɾɑːzuː
ترانہ	urd	t̪əɾɑːnɑː
تراویح	urd	t̪əɾɑːʋiːɦ
تربت	urd	t̪ʊɾbət̪
تربیت	urd	t̪əɾbɪjjət̪
ترتیب	urd	t̪əɾt̪iːb
ترجمان	urd	t̪əɾd͡ʒʊmɑːn
ترجموں	urd	t̪əɾd͡ʒəmõː
ترجمہ	urd	t̪əɾd͡ʒəmɑː
ترجمے	urd	t̪əɾd͡ʒəmeː
ترجیح	urd	t̪əɾd͡ʒiːɦ
ترس	urd	t̪əɾəs
ترسوں	urd	t̪əɾsõː
ترقی	urd	t̪əɾəqqiː
ترنگ	urd	t̪ʊɾəŋɡ
ترٹی	urd	t̪ɾʊʈiː
ترک	urd	t̪ʊɾk
ترکاری	urd	t̪əɾkɑːɾiː
ترکستان	urd	t̪ʊɾkɪst̪ɑːn
ترکمانستان	urd	t̪ʊɾkmɑːnɪst̪ɑːn
ترکی	urd	t̪ʊɾkiː
ترکیہ	urd	t̪ʊɾkɪjɑː
ترکیے	urd	t̪ʊɾkɪjeː
تریاق	urd	t̪ɪɾjɑːq
تریپورہ	urd	t̪ɾiːpuːɾɑː
تسبیح	urd	t̪əsbiːɦ
تسلی	urd	t̪əsəlliː
تسلیم	urd	t̪əsliːm
تسمہ	urd	t̪əsm
تشدد	urd	t̪əʃəd̪d̪ʊd̪
تشریح	urd	t̪əʃɾiːɦ
تشریف	urd	t̪əʃɾiːf
تشنگی	urd	t̪ɪʃnəɡiː
تشنگیاں	urd	t̪ɪʃnəɡɪjɑ̃ː
تشنگیوں	urd	t̪ɪʃnəɡɪjõː
تشنہ	urd	t̪ɪʃnɑː
تشویشناک	urd	t̪əʃʋiːʃnɑːk
تشکیل	urd	t̪əʃkiːl
تصاویر	urd	t̪əsɑːʋiːɾ
تصدیق	urd	t̪əsd̪iːq
تصریف	urd	t̪əsɾiːf
تصمیم	urd	t̪əsmiːm
تصور	urd	t̪əsəʋʋʊɾ
تصویر	urd	t̪əsʋiːɾ
تصویرو	urd	t̪əsʋiːɾoː
تصویروں	urd	t̪əsʋiːɾõː
تصویریں	urd	t̪əsʋiːɾẽː
تعارف	urd	t̪əʔɑːɾʊf
تعبیر	urd	t̪əʔbiːɾ
تعبیرو	urd	t̪əʔbiːɾoː
تعبیروں	urd	t̪əʔbiːɾõː
تعبیریں	urd	t̪əʔbiːɾẽː
تعجب	urd	t̪əʔəd̪d͡ʒʊb
تعجبو	urd	t̪əʔəd̪d͡ʒʊboː
تعجبوں	urd	t̪əʔəd̪d͡ʒʊbõː
تعداد	urd	t̪ɑːd̪ɑːd̪
تعدد	urd	tɑːd̪d̪ʊd̪
تعریف	urd	t̪ɑːɾiːf
تعزیت	urd	t̪əʔzɪjət̪
تعزیہ	urd	t̪əʔzɪj
تعطیل	urd	t̪ɑːt̪iːl
تعلق	urd	t̪əʔəllʊq
تعلقات	urd	t̪əʔəllʊqɑːt̪
تعلقوں	urd	t̪əʔəllʊqõː
تعلیم	urd	t̪ɑːliːm
تعلیمات	urd	t̪əʔliːmɑːt̪
تعلیموں	urd	t̪əʔliːmõː
تعلیمیں	urd	t̪əʔliːmẽː
تعویذ	urd	t̪ɑːʋiːz
تغافل	urd	t̪əɣɑːfʊl
تغییر	urd	t̪əɣjiːɾ
تفاح	urd	t̪ʊffɑːɦ
تفسیر	urd	t̪əfsiːɾ
تفصیل	urd	t̪əfsiːl
تفصیلات	urd	t̪əfsiːlɑːt̪
تفصیلوں	urd	t̪əfsiːlõː
تفصیلیں	urd	t̪əfsiːlẽː
تفنگ	urd	t̪ʊfəŋɡ
تقدس	urd	t̪əqəd̪d̪ʊs
تقدیر	urd	t̪əqd̪iːɾ
تقریبا	urd	t̪əqɾiːbən
تقریر	urd	t̪əqɾiːɾ
تقسیم	urd	t̪əqsiːm
تقلید	urd	t̪əqliːd̪
تقوی	urd	t̪əqʋɑː
تلا	urd	t̪ʊlɑː
تلاوت	urd	t̪ɪlɑːʋət̪
تلخ	urd	t̪əl̪x
تلخی	urd	t̪əlxiː
تلسی	urd	t̪ʊlsiː
تلفظ	urd	t̪ələffʊz
تلنگانہ	urd	t̪ɪləŋɡɑːna
تلوار	urd	t̪əlʋɑːɾ
تلواروں	urd	t̪əlʋɑːɾõː
تلواریں	urd	t̪əlʋɑːɾẽː
تم	urd	t̪ʊm
تماشا	urd	t̪əmɑːʃɑː
تماشائی	urd	t̪əmɑːʃɑːiː
تماشوں	urd	t̪əmɑːʃõː
تماشہ	urd	t̪əmɑːʃɑː
تماشے	urd	t̪əmɑːʃeː
تمام	urd	t̪əmɑːm
تمباکو	urd	t̪əmbɑːkuː
تمبوڑی	urd	t̪əmbuːɽiː
تمرکز	urd	t̪əməɾkʊz
تمغا	urd	t̪əmɣɑː
تملق	urd	t̪əməllʊq
تمنا	urd	t̪əmənnɑː
تمناؤ	urd	t̪əmənnɑːoː
تمناؤں	urd	t̪əmənnɑːõː
تمنائیں	urd	t̪əmənnɑːẽː
تمنچہ	urd	t̪əmənt͡ʃɑː
تمپ	urd	t̪ʊmp
تمھیں	urd	t̪ʊmʱẽː
تمہارا	urd	t̪ʊmɦɑːɾɑː
تمہیں	urd	t̪ʊmɦẽː
تمیز	urd	t̪əmiːz
تن	urd	t̪ən
تنازع	urd	t̪ənɑːzoːʔ
تناول	urd	t̪ənɑːʋʊl
تنباکو	urd	t̪ənbɑːkuː
تنبو	urd	t̪əmbuː
تنبولی	urd	t̪əmboːliː
تندر	urd	t̪ʊnd̪əɾ
تندرست	urd	t̪ənd̪ʊɾʊst̪
تندرستی	urd	t̪ənd̪ʊɾʊst̪iː
تندور	urd	t̪ənd̪uːɾ
تنزانیہ	urd	t̪ənzɑːnɪjɑː
تنظیم	urd	t̪ənziːm
تنظیمی	urd	t̪ənziːmiː
تنقید	urd	t̪əŋqiːd̪
تنگ	urd	t̪əŋɡ
تنہ	urd	t̪ən
تنہائی	urd	t̪ənɦɑːiː
تو	urd	t̪uː
توانا	urd	t̪əʋɑːnɑː
توانائی	urd	t̪əʋɑːnɑːj
توبہ	urd	t̪ɔːbɑː
توجہ	urd	t̪əʋəd̪d͡ʒʊɦ
توحید	urd	t̪ɔːɦiːd̪
تودہ	urd	t̪oːd̪
توران	urd	t̪uːɾɑːn
توقع	urd	t̪əʋəqqoːʔ
تولد	urd	t̪əʋəllʊd̪
تولیہ	urd	t̪ɔːlɪjɑː
تولیے	urd	t̪ɔːlɪjeː
توند	urd	t̪oːnd̪
توپ	urd	t̪oːp
توچا	urd	t̪ʋət͡ʃɑː
توڑنا	urd	t̪oːɽnɑː
توہین	urd	t̪ɔːɦiːn
تڑت	urd	t̪əɽɪt̪
تڑپنا	urd	t̪əɽəpnɑː
تکبر	urd	t̪əkəbbʊɾ
تکبیر	urd	t̪əkbiːɾ
تکرار	urd	t̪əkɾɑːɾ
تکلیف	urd	t̪əkliːf
تکمیل	urd	t̪əkmiːl
تکھان	urd	t̪əkʰɑːn
تکیہ	urd	t̪əkjɑː
تگنا	urd	t̪ɪɡnɑː
تھا	urd	t̪ʰɑː
تھائیلینڈ	urd	t̪ʰɑːiːlɛːnɖ
تھانہ	urd	t̪ʰɑːnə
تھل	urd	t̪ʰəl
تھوڑا	urd	t̪ʰoːɽɑː
تھوک	urd	t̪ʰuːk
تھوکنا	urd	t̪ʰuːknɑː
تھکنا	urd	t̪ʰəknɑː
تھی	urd	t̪ʰiː
تھے	urd	t̪ʰeː
تہ	urd	t̪əɦ
تہائی	urd	t̪ɪɦɑːiː
تہجد	urd	t̪əɦəd̪d͡ʒʊd̪
تہجی	urd	t̪əɦəd͡ʒːiː
تہذیب	urd	t̪əɦziːb
تہران	urd	t̪ɛɦɾɑːn
تہمت	urd	t̪ʊɦmət̪
تہمتوں	urd	t̪ʊɦmət̪õː
تہمتیں	urd	t̪ʊɦmət̪ẽː
تہوار	urd	t̪ɪɦʋɑːɾ
تہواروں	urd	t̪ɪɦʋɑːɾõː
تہہ	urd	t̪əɦ
تیئیس	urd	t̪eːiːs
تیار	urd	t̪əijɑːɾ
تیاری	urd	t̪əijɑːɾiː
تیاگ	urd	t̪jɑːɡ
تیرا	urd	t̪eːɾɑː
تیراک	urd	t̪ɛːɾɑːk
تیراکوں	urd	t̪ɛːɾɑːkõː
تیرتھنکر	urd	t̪iːɾt̪ʰəŋkəɾ
تیرنا	urd	t̪ɛːɾnɑː
تیرگی	urd	t̪iːɾəɡiː
تیرہ	urd	t̪eːɾəɦ
تیز	urd	t̪eːz
تیزاب	urd	t̪eːzaːb
تیزابیت	urd	t̪eːzɑːbɪjət̪
تیس	urd	t̪iːs
تیسرا	urd	t̪iːsɾɑː
تیغ	urd	t̪eːɣ
تیل	urd	t̪eːl
تیمور	urd	t̪ɛːmuːɾ
تین	urd	t̪iːn
تیکھا	urd	t̪iːkʰɑː
ثابت	urd	sɑːbɪt̪
ثانیہ	urd	sɑːnɪjɑː
ثبوت	urd	səbuːt̪
ثروت	urd	səɾʋət̪
ثریا	urd	sʊɾəjjɑː
ثقافت	urd	səqɑːfət̪
ثقافتی	urd	səqɑːfət̪iː
ثقالت	urd	səqɑːlət̪
ثم	urd	sʊmm
ثواب	urd	səʋɑːb
ثورہ	urd	sɔːɾɑː
جائداد	urd	d͡ʒɑːjd̪ɑːd̪
جائزہ	urd	d͡ʒɑːɪzɑː
جائپھل	urd	d͡ʒɑːɪpʰəl
جائیدادوں	urd	d͡ʒɑːeːd̪ɑːd̪õː
جائیدادیں	urd	d͡ʒɑːeːd̪ɑːd̪ẽː
جادو	urd	d͡ʒɑːd̪uː
جادوگر	urd	d͡ʒɑːd̪uːɡəɾ
جارجیا	urd	d͡ʒɑːɾd͡ʒɪjɑː
جاری	urd	d͡ʒɑːɾiː
جال	urd	d͡ʒɑːl
جالندھر	urd	d͡ʒɑːlənd̪ʱəɾ
جالوں	urd	d͡ʒɑːlõː
جام	urd	d͡ʒɑːm
جامعہ	urd	d͡ʒɑːmɪʔɑː
جامن	urd	d͡ʒɑːmən
جامنی	urd	d͡ʒɑːmniː
جامہ	urd	d͡ʒɑːmɑː
جان	urd	d͡ʒɑːn
جانب	urd	d͡ʒɑːnɪb
جاننا	urd	d͡ʒɑːnnɑː
جانو	urd	d͡ʒɑːnoː
جانور	urd	d͡ʒɑːnʋəɾ
جانوں	urd	d͡ʒɑːnõː
جانچنا	urd	d͡ʒɑːnt͡ʃnɑː
جانکاری	urd	d͡ʒɑːnkɑːɾiː
جانیں	urd	d͡ʒɑːnẽː
جاوید	urd	d͡ʒɑːʋeːd̪
جاپان	urd	d͡ʒɑːpɑːn
جاپانی	urd	d͡ʒɑːpɑːniː
جاگ	urd	d͡ʒɑːɡ
جاگنا	urd	d͡ʒɑːɡnɑː
جاگہ	urd	d͡ʒɑːɡɑː
جاہل	urd	d͡ʒɑːɦɪl
جب	urd	d͡ʒəb
جبرائیل	urd	d͡ʒɪbɾɑːiːl
جبرالٹر	urd	d͡ʒɪbɾɑːlʈəɾ
جبوتی	urd	d͡ʒɪbuːt̪iː
جبڑا	urd	d͡ʒəbɽɑː
جبیل	urd	d͡ʒʊbɛːl
جتوئی	urd	d͡ʒət̪oːiː
جج	urd	d͡ʒəd͡ʒ
جدا	urd	d͡ʒʊd̪ɑː
جدید	urd	d͡ʒəd̪iːd̪
جذب	urd	d͡ʒəzb
جذبہ	urd	d͡ʒəzb
جرأت	urd	d͡ʒʊɾɾət̪
جراثیم	urd	d͡ʒəɾɑːsiːm
جراح	urd	d͡ʒəɾɾɑːɦ
جراحت	urd	d͡ʒəɾɑːɦət̪
جرثومہ	urd	d͡ʒʊɾsuːmə
جرح	urd	d͡ʒʊɾɦ
جرسی	urd	d͡ʒəɾsiː
جرم	urd	d͡ʒʊɾm
جرمانوں	urd	d͡ʒʊɾmɑːnõː
جرمانہ	urd	d͡ʒʊɾmɑːnɑː
جرمانے	urd	d͡ʒʊɾmɑːneː
جرمن	urd	d͡ʒəɾmən
جرمنی	urd	d͡ʒəɾməniː
جرگہ	urd	d͡ʒɪɾɡɑː
جزیرہ	urd	d͡ʒəziːɾɑː
جسامت	urd	d͡ʒəsɑːmət̪
جست	urd	d͡ʒəst̪
جستجو	urd	d͡ʒʊst̪əd͡ʒuː
جسد	urd	d͡ʒəsəd̪
جسم	urd	d͡ʒɪsm
جسور	urd	d͡ʒəsuːɾ
جشن	urd	d͡ʒəʃən
جعلی	urd	d͡ʒɑːliː
جغرافیائی	urd	d͡ʒʊɣɾɑːfɪjɑːiː
جغرافیہ	urd	d͡ʒʊɣɾɑːfiːjə
جفتی	urd	d͡ʒʊft̪iː
جل	urd	d͡ʒəl
جلانا	urd	d͡ʒəlɑːnɑː
جلسو	urd	d͡ʒəlsoː
جلسوں	urd	d͡ʒəlsõː
جلسہ	urd	d͡ʒəlsɑː
جلسے	urd	d͡ʒəlseː
جلنا	urd	d͡ʒəlnɑː
جلوس	urd	d͡ʒʊluːs
جلوو	urd	d͡ʒəlʋoː
جلووں	urd	d͡ʒəlʋõː
جلوہ	urd	d͡ʒəlʋɑː
جلوے	urd	d͡ʒəlʋeː
جماعت	urd	d͡ʒəmɑːʔət̪
جماعتو	urd	d͡ʒəmɑːʔət̪oː
جماعتوں	urd	d͡ʒəmɑːʔət̪õː
جماعتیں	urd	d͡ʒəmɑːʔət̪ẽː
جماگی	urd	d͡ʒʊmɑːɡiː
جمعرات	urd	d͡ʒʊmɪʔɾɑːt̪
جمعراتوں	urd	d͡ʒʊmɪʔɾɑːt̪õː
جمعو	urd	d͡ʒʊmʔoː
جمعوں	urd	d͡ʒʊmʔõː
جمعہ	urd	d͡ʒʊmʔɑː
جمعے	urd	d͡ʒʊmʔeː
جملہ	urd	d͡ʒʊmlɑː
جمنا	urd	d͡ʒəmnɑː
جموں	urd	d͡ʒəmmũː
جمہوری	urd	d͡ʒəmɦuːɾiː
جمہوریت	urd	d͡ʒəmɦuːɾɪjət̪
جمہوریہ	urd	d͡ʒəmɦuːɾɪjə
جن	urd	d͡ʒɪn
جناب	urd	d͡ʒənɑːb
جناح	urd	d͡ʒɪnɑːɦ
جنازو	urd	d͡ʒənɑːzoː
جنازوں	urd	d͡ʒənɑːzõː
جنازہ	urd	d͡ʒənɑːzɑː
جنازے	urd	d͡ʒənɑːzeː
جنت	urd	d͡ʒənnət̪
جنتا	urd	d͡ʒənt̪ɑː
جنتری	urd	d͡ʒənt̪əɾiː
جنتو	urd	d͡ʒənnət̪oː
جنتوں	urd	d͡ʒənnət̪õː
جنتی	urd	d͡ʒənːət̪iː
جنتیں	urd	d͡ʒənnət̪ẽː
جنرل	urd	d͡ʒənɾəl
جنسی	urd	d͡ʒɪnsiː
جنم	urd	d͡ʒənəm
جنوب	urd	d͡ʒənuːb
جنوبی	urd	d͡ʒʊnuːbiː
جنوری	urd	d͡ʒənʋəɾiː
جنون	urd	d͡ʒʊnuːn
جنگ	urd	d͡ʒəŋɡ
جنگجو	urd	d͡ʒəŋɡd͡ʒuː
جنگل	urd	d͡ʒəŋɡəl
جنگلا	urd	d͡ʒəŋɡlɑː
جنگی	urd	d͡ʒəŋɡiː
جنیئو	urd	d͡ʒəneːuː
جو	urd	d͡ʒoː
جوا	urd	d͡ʒʊɑː
جواب	urd	d͡ʒəʋɑːb
جواد	urd	d͡ʒəʋʋɑːd̪
جواز	urd	d͡ʒəʋɑːz
جوازوں	urd	d͡ʒəʋɑːzõː
جوان	urd	d͡ʒəʋɑːn
جوانو	urd	d͡ʒəʋɑːnoː
جوانوں	urd	d͡ʒəʋɑːnõː
جوانی	urd	d͡ʒəʋɑːniː
جوت	urd	d͡ʒoːt̪
جوتا	urd	d͡ʒuːt̪ɑː
جوتوں	urd	d͡ʒuːt̪õː
جوتے	urd	d͡ʒuːt̪eː
جوجھنا	urd	d͡ʒuːd͡ʒʱnɑː
جور	urd	d͡ʒʋəɾ
جوز	urd	d͡ʒɔːz
جوش	urd	d͡ʒoːʃ
جولائی	urd	d͡ʒʊlɑːiː
جون	urd	d͡ʒuːn
جوناگڑھ	urd	d͡ʒuːnɑːɡəɽʱ
جونپوری	urd	d͡ʒɔːnpuːɾiː
جوڈیو	urd	d͡ʒuːɖɪjoː
جوڑ	urd	d͡ʒoːɽ
جوڑنا	urd	d͡ʒoːɽnɑː
جوکھم	urd	d͡ʒoːkʰɪm
جوں	urd	d͡ʒũː
جوہر	urd	d͡ʒɔːɦəɾ
جوہری	urd	d͡ʒɔːɦəɾiː
جوہی	urd	d͡ʒuːɦiː
جٹا	urd	d͡ʒəʈɑː
جٹھانی	urd	d͡ʒɪʈʰɑːniː
جٹھانیاں	urd	d͡ʒɪʈʰɑːnɪjɑ̃ː
جٹھانیو	urd	d͡ʒɪʈʰɑːnɪjoː
جٹھانیوں	urd	d͡ʒɪʈʰɑːnɪjõː
جپنا	urd	d͡ʒəpnɑː
جڑ	urd	d͡ʒəɽ
جڑانوالہ	urd	d͡ʒəɽɑːnʋɑːlɑː
جڑواں	urd	d͡ʒʊɽʋɑ̃ː
جگ	urd	d͡ʒəɡ
جگاڑ	urd	d͡ʒʊɡɑːɽ
جگر	urd	d͡ʒɪɡəɾ
جگنا	urd	d͡ʒəɡnɑː
جگناتھ	urd	d͡ʒəɡənnɑːt̪ʰ
جگنو	urd	d͡ʒʊɡnuː
جگہ	urd	d͡ʒəɡɑː
جھارکھنڈ	urd	d͡ʒʱɑːɾkʰənɖ
جھانجھ	urd	d͡ʒʱɑ̃ːd͡ʒʱ
جھاڑنا	urd	d͡ʒʱɑːɽnɑː
جھاڑو	urd	d͡ʒʱɑːɽuː
جھلمل	urd	d͡ʒʱɪlmɪl
جھمیلا	urd	d͡ʒʱəmeːlɑː
جھمیلو	urd	d͡ʒʱəmeːloː
جھمیلوں	urd	d͡ʒʱəmeːlõː
جھمیلے	urd	d͡ʒʱəmeːleː
جھنڈا	urd	d͡ʒʱənɖɑː
جھنگ	urd	d͡ʒʱənɡ
جھولا	urd	d͡ʒʱuːlɑː
جھونپڑی	urd	d͡ʒʱõːpɽiː
جھوٹ	urd	d͡ʒʱuːʈ
جھوٹا	urd	d͡ʒʱuːʈɑː
جھوٹوں	urd	d͡ʒʱuːʈõː
جھوٹھ	urd	d͡ʒʱuːʈʰ
جھٹک	urd	d͡ʒʱəʈək
جھٹکا	urd	d͡ʒʱəʈkɑː
جھٹکانا	urd	d͡ʒʱəʈkɑːnɑː
جھٹکنا	urd	d͡ʒʱəʈəknɑː
جھٹکوں	urd	d͡ʒʱəʈkõː
جھٹکے	urd	d͡ʒʱəʈkeː
جھکنا	urd	d͡ʒʱʊknɑː
جھگڑا	urd	d͡ʒʱəɡɽɑː
جھیل	urd	d͡ʒʱiːl
جھیلمی	urd	d͡ʒʱeːləmiː
جہاد	urd	d͡ʒɪɦɑːd̪
جہاز	urd	d͡ʒəɦɑːz
جہازوں	urd	d͡ʒəɦɑːzõː
جہازی	urd	d͡ʒəɦɑːziː
جہان	urd	d͡ʒəɦɑːn
جہاں	urd	d͡ʒəɦɑ̃ː
جہلم	urd	d͡ʒɪɦləm
جہنم	urd	d͡ʒəɦənnəm
جہنمو	urd	d͡ʒəɦənnəmoː
جہنموں	urd	d͡ʒəɦənnəmõː
جہیز	urd	d͡ʒəɦeːz
جی	urd	d͡ʒiː
جیالا	urd	d͡ʒɪjɑːlɑː
جیب	urd	d͡ʒeːb
جیبوں	urd	d͡ʒeːbõː
جیبھ	urd	d͡ʒiːbʱ
جیبیں	urd	d͡ʒeːbẽː
جیت	urd	d͡ʒiːt̪
جیرا	urd	d͡ʒiːɾɑː
جیش	urd	d͡ʒɛːʃ
جیل	urd	d͡ʒeːl
جین	urd	d͡ʒɛːn
جینا	urd	d͡ʒiːnɑː
جیوتی	urd	d͡ʒjoːt̪iː
جیومیٹری	urd	d͡ʒɪoːmeːʈɾiː
جیون	urd	d͡ʒiːʋən
جیونی	urd	d͡ʒiːʋəniː
جیٹھ	urd	d͡ʒeːʈʰ
جیٹھانی	urd	d͡ʒeːʈʰɑːniː
جیٹھوں	urd	d͡ʒeːʈʰõː
حائل	urd	ɦɑːɪl
حاجت	urd	ɦɑːd͡ʒət̪
حادثات	urd	ɦɑːd̪ɪsɑːt̪
حادثوں	urd	ɦɑːd̪ɪsõː
حادثہ	urd	ɦɑːd̪ɪsɑː
حادثے	urd	ɦɑːd̪ɪseː
حاسب	urd	ɦɑːsɪb
حاصل	urd	ɦɑːsɪl
حاضری	urd	ɦɑːzɪɾiː
حافظ	urd	ɦɑːfɪz
حافظہ	urd	ɦɑːfɪzɑː
حال	urd	ɦɑːl
حالا	urd	ɦɑːlɑː
حالانکہ	urd	ɦɑːlɑ̃ːkeː
حالت	urd	ɦɑːlət̪
حالیہ	urd	ɦɑːlɪjɑː
حامی	urd	ɦɑːmiː
حامیو	urd	ɦɑːmɪjoː
حامیوں	urd	ɦɑːmɪjõː
حب	urd	ɦəb
حبش	urd	ɦəbəʃ
حبشن	urd	ɦəbʃən
حبشہ	urd	ɦəbʃɑː
حبشی	urd	ɦəbʃiː
حبقوق	urd	ɦəbəqquːq
حج	urd	ɦəd̪d͡ʒ
حجام	urd	ɦəd̪d͡ʒɑːm
حجرہ	urd	ɦʊd͡ʒɾɑː
حدیث	urd	ɦəd̪iːs
حرارت	urd	ɦəɾɑːɾət̪
حراست	urd	ɦɪɾɑːsət̪
حرام	urd	ɦəɾɑːm
حرف	urd	ɦəɾf
حرمت	urd	ɦʊɾmət̪
حرمزئی	urd	ɦʊɾməzəiː
حساب	urd	ɦɪsɑːb
حسد	urd	ɦəsəd̪
حسرت	urd	ɦəsɾət̪
حسین	urd	ɦəsiːn
حسیں	urd	ɦəsĩː
حشرہ	urd	ɦəʃəɾɑː
حشفہ	urd	ɦəʃəfɑː
حشیش	urd	ɦəʃiːʃ
حصہ	urd	ɦɪssɑː
حضرات	urd	ɦəzɾɑːt̪
حضرت	urd	ɦəd̪ɾət̪
حضور	urd	ɦʊzuːɾ
حفاظت	urd	ɦɪfɑːzət̪
حق	urd	ɦəq
حقائق	urd	ɦəqɑːɪq
حقو	urd	ɦəqoː
حقوق	urd	ɦʊquːq
حقوں	urd	ɦəqõː
حقہ	urd	ɦʊqqə
حقیر	urd	ɦəqiːɾ
حقیقت	urd	ɦəqiːqət̪
حقے	urd	ɦʊqqeː
حلال	urd	ɦəlɑːl
حلب	urd	ɦələb
حلقہ	urd	ɦəlqɑː
حلم	urd	ɦʊlm
حلوہ	urd	ɦəlʋɑː
حلیہ	urd	ɦʊlɪjɑː
حمار	urd	ɦɪmɑːɾ
حمارہ	urd	ɦɪmɑːɾɑː
حماقت	urd	ɦɪmɑːqət̪
حمام	urd	ɦəmmɑːm
حمایت	urd	ɦɪmɑːjət̪
حمد	urd	ɦəmd̪
حملوں	urd	ɦəmlõː
حملہ	urd	ɦəmlɑː
حملے	urd	ɦəmleː
حنا	urd	ɦɪnɑː
حنوکاہ	urd	ɦənuːkɑːɦ
حواری	urd	ɦəʋɑːɾiː
حواریو	urd	ɦəʋɑːɾɪjoː
حواریوں	urd	ɦəʋɑːɾjõː
حوالہ	urd	ɦəʋɑːlɑː
حور	urd	ɦuːɾ
حورو	urd	ɦuːɾoː
حوروں	urd	ɦuːɾõː
حوریں	urd	ɦuːɾẽː
حوصلہ	urd	ɦɔːsəlɑː
حوض	urd	ɦɔːz
حول	urd	ɦɔːl
حویلی	urd	ɦəʋeːliː
حکایت	urd	ɦɪkɑːjət̪
حکم	urd	ɦʊkm
حکومت	urd	ɦʊkuːmət̪
حکیم	urd	ɦəkiːm
حیا	urd	ɦəjɑː
حیات	urd	ɦəjɑːt̪
حیاتیات	urd	ɦəjɑːt̪ɪjɑːt̪
حیاتین	urd	ɦəjɑːt̪iːn
حیران	urd	ɦɛːɾɑːn
حیرانگی	urd	ɦɛːɾɑːnɡiː
حیرانگیاں	urd	ɦɛːɾɑːnɡɪjɑ̃ː
حیرانگیو	urd	ɦɛːɾɑːnɡɪjoː
حیرانگیوں	urd	ɦɛːɾɑːnɡɪjõː
حیراں	urd	ɦɛːɾɑ̃ː
حیرت	urd	ɦɛːɾət̪
حیرتو	urd	ɦɛːɾət̪oː
حیرتوں	urd	ɦɛːɾət̪õː
حیرتیں	urd	ɦɛːɾət̪ẽː
حیفا	urd	ɦɛːfɑː
حیوان	urd	ɦɛːʋɑːn
حیوانیات	urd	ɦɛːʋɑːnɪjɑːt̪
خاتمہ	urd	xɑːt̪ɪmɑː
خاتون	urd	xɑːt̪uːn
خادم	urd	xɑːd̪ɪm
خار	urd	xɑːɾ
خاران	urd	xɑːɾɑːn
خارج	urd	xɑːɾɪd͡ʒ
خارجہ	urd	xɑːɾɪd͡ʒ
خارجی	urd	xɑːɾɪd͡ʒiː
خارش	urd	xɑːɾɪʃ
خاص	urd	xɑːs
خاصا	urd	xɑːsɑː
خاصگی	urd	xɑːsɡiː
خاصی	urd	xɑːsiː
خاطر	urd	xɑːt̪ɪɾ
خاقان	urd	xɑːqɑːn
خاقانیت	urd	xɑːqɑːnɪjət̪
خال	urd	xɑːl
خالق	urd	xɑːlɪq
خالو	urd	xɑːluː
خالہ	urd	xɑːlɑː
خالی	urd	xɑːliː
خام	urd	xɑːm
خاموش	urd	xɑːmoːʃ
خاموشی	urd	xɑːmoːʃiː
خان	urd	xɑːn
خاندان	urd	xɑːnd̪ɑːn
خانسامان	urd	xɑːnsɑːmɑːn
خانساماں	urd	xɑːnsɑːmɑ̃ː
خانقاہ	urd	xɑːnəqɑːɦ
خانوزئی	urd	xɑːnoːzəiː
خانپور	urd	xɑːnpuːɾ
خانہ	urd	xɑːnɑː
خانیت	urd	xɑːnɪjət̪
خانیوال	urd	xɑːneːʋɑːl
خاکسار	urd	xɑːksɑːɾ
خاکستری	urd	xɑːkɪst̪əɾiː
خاکنائے	urd	xɑːknɑːeː
خاکی	urd	xɑːkiː
خبر	urd	xəbəɾ
ختم	urd	xət̪m
خجیر	urd	xəd͡ʒiːɾ
خدا	urd	xʊd̪ɑː
خداوند	urd	xʊd̪ɑːʋənd̪
خدمات	urd	xɪd̪mɑːt̪
خدمت	urd	xɪd̪mət̪
خدمتوں	urd	xɪd̪mət̪õː
خدمتیں	urd	xɪd̪mət̪ẽː
خدیو	urd	xɪd̪eːʋ
خراب	urd	xəɾɑːb
خرابی	urd	xɑːɾɑːbiː
خراش	urd	xəɾɑːʃ
خراٹا	urd	xəɾɾɑːʈɑː
خربوزہ	urd	xəɾbuːzə
خرد	urd	xʊɾd̪
خرس	urd	xɪɾs
خرچ	urd	xəɾt͡ʃ
خرچہ	urd	xəɾt͡ʃɑː
خرگوش	urd	xəɾɡoːʃ
خریدنا	urd	xəɾiːd̪nɑː
خریدوانا	urd	xəɾiːd̪ʋɑːnɑː
خزاؤں	urd	xɪzɑːõː
خزائیں	urd	xɪzɑːẽː
خزانہ	urd	xəzɑːnɑː
خزاں	urd	xɪzɑ̃ː
خسارہ	urd	xɪsɑːɾɑː
خستہ	urd	xəst̪ɑː
خسرہ	urd	xəsɾɑː
خشبو	urd	xʊʃbuː
خشت	urd	xɪʃt̪
خشم	urd	xəʃm
خشک	urd	xʊʃk
خصم	urd	xəsm
خصوصا	urd	xʊsuːsən
خصوصی	urd	xʊsuːsiː
خضدار	urd	xʊzd̪ɑːɾ
خط	urd	xət̪
خطا	urd	xət̪ɑː
خطاؤں	urd	xət̪ɑːõː
خطائی	urd	xət̪ɑːiː
خطائیں	urd	xət̪ɑːẽː
خطبا	urd	xʊt̪əbɑː
خطبوں	urd	xʊt̪bõː
خطبہ	urd	xʊt̪bɑː
خطبے	urd	xʊt̪beː
خطرو	urd	xət̪ɾoː
خطروں	urd	xət̪ɾõː
خطرہ	urd	xət̪ɾɑː
خطرے	urd	xət̪ɾeː
خطہ	urd	xɪt̪t̪ɑː
خطیب	urd	xət̪iːb
خطیر	urd	xət̪iːɾ
خطیہ	urd	xət̪ɪjjɑː
خفیہ	urd	xʊfjɑː
خلا	urd	xəlɑː
خلاف	urd	xɪlɑːf
خلافت	urd	xɪlɑːfət̪
خلفا	urd	xʊləfɑː
خلق	urd	xəlq
خلقت	urd	xɪlqət̪
خلل	urd	xələl
خلوی	urd	xʊlʋiː
خلیج	urd	xəliːd͡ʒ
خلیفہ	urd	xəliːfɑː
خمیر	urd	xəmiːɾ
خنازیر	urd	xənɑːziːɾ
خنجر	urd	xənd͡ʒəɾ
خنجرو	urd	xənd͡ʒəɾoː
خنجروں	urd	xənd͡ʒəɾõː
خنزیر	urd	xɪnziːɾ
خنزیرو	urd	xɪnziːɾoː
خنزیروں	urd	xɪnziːɾõː
خواب	urd	xʷɑːb
خوابوں	urd	xʋɑːbõː
خواتین	urd	xəʋɑːt̪iːn
خواجہ	urd	xɑːd͡ʒə
خواہ	urd	xɑːɦ
خواہر	urd	xɑːɦəɾ
خواہش	urd	xɑːɦɪʃ
خواہشوں	urd	xʋɑːɦɪʃõː
خواہشیں	urd	xʋɑːɦɪʃẽː
خوب	urd	xuːb
خوبانی	urd	xuːbɑːniː
خوبصورت	urd	xuːbsuːɾət̪
خوجہ	urd	xoːd͡ʒɑː
خود	urd	xʊd̪
خودمختاری	urd	xʊd̪mʊxt̪ɑːɾiː
خودکش	urd	xʊd̪kʊʃ
خودکشی	urd	xʊd̪kʊʃiː
خوراک	urd	xʊɾɑːk
خورشید	urd	xʊɾʃiːd̪
خوش	urd	xʊʃ
خوشاب	urd	xʊʃɑːb
خوشبو	urd	xʊʃbuː
خوشبودار	urd	xʊʃbuːd̪ɑːɾ
خوشی	urd	xʊʃiː
خوشیاں	urd	xoːʃɪjɑ̃ː
خوشیوں	urd	xoːʃɪjõː
خوف	urd	xɔːf
خوفناک	urd	xɔːfnɑːk
خول	urd	xoːl
خون	urd	xuːn
خونی	urd	xuːniː
خوک	urd	xuːk
خوں	urd	xũː
خپلو	urd	xəpluː
خچر	urd	xət̪t͡ʃəɾ
خیابان	urd	xɪjɑːbɑːn
خیاط	urd	xəjjɑːt̪
خیال	urd	xəjɑːl
خیالوں	urd	xəjɑːlõː
خیر	urd	xɛːɾ
خیرپور	urd	xɛːɾpuːɾ
خیریت	urd	xɛːɾɪjət̪
خیط	urd	xɛːt̪
خیلا	urd	xeːlɑː
خیمہ	urd	xɛːmɑː
داؤد	urd	d̪ɑːuːd̪
دائی	urd	d̪ɑːiː
داخل	urd	d̪ɑːxɪl
داخلہ	urd	d̪ɑːxɪlɑː
داخلی	urd	d̪ɑːxɪliː
دادا	urd	d̪ɑːd̪ɑː
دادو	urd	d̪ɑːd̪oː
دادوں	urd	d̪ɑːd̪õː
دادی	urd	d̪ɑːd̪iː
دادے	urd	d̪ɑːd̪eː
دار	urd	d̪ɑːɾ
داردر	urd	d̪ɑːɾɪd̪ɾ
دارو	urd	d̪ɑːɾuː
داریل	urd	d̪ɑːɾeːl
داستان	urd	d̪ɑːst̪ɑːn
داستانوں	urd	d̪ɑːst̪ɑːnõː
داستانیں	urd	d̪ɑːst̪ɑːnẽː
داسی	urd	d̪ɑːsiː
داعش	urd	d̪ɑːɪʃ
داغ	urd	d̪ɑːɣ
داغستان	urd	d̪ɑːɣɪst̪ɑːn
دال	urd	d̪ɑːl
دالبندین	urd	d̪ɑːlbənd̪iːn
دام	urd	d̪ɑːm
داماد	urd	d̪ɑːmɑːd̪
دامادو	urd	d̪ɑːmɑːd̪oː
دامادوں	urd	d̪ɑːmɑːd̪õː
دامن	urd	d̪ɑːmən
دانت	urd	d̪ɑ̃ːt̪
دانتی	urd	d̪ɑ̃ːt̪iː
دانش	urd	d̪ɑːnɪʃ
داڑم	urd	d̪ɑːɽɪm
داڑھی	urd	d̪ɑːɽʱiː
داڑی	urd	d̪ɑːɽiː
داہنا	urd	d̪ɑːɦɪnɑː
دایاں	urd	d̪ɑːjɑ̃ː
دایہ	urd	d̪ɑːj
دبئی	urd	d̪ʊbəiː
دباؤ	urd	d̪əbɑːoː
دبانا	urd	d̪əbɑːnɑː
دبستان	urd	d̪əbɪst̪ɑːn
دبنا	urd	d̪əbnɑː
دبنگ	urd	d̪əbəŋɡ
دجلہ	urd	d̪əd͡ʒlɑː
دختر	urd	d̪ʊxt̪əɾ
دخمہ	urd	d̪əxmɑː
دراز	urd	d̪əɾɑːz
دراصل	urd	d̪əɾəsəl
دربار	urd	d̪əɾbɑːɾ
درجات	urd	d̪əɾd͡ʒɑːt̪
درجن	urd	d̪əɾd͡ʒən
درجہ	urd	d̪əɾd͡ʒɑː
درخت	urd	d̪əɾəxt̪
درخش	urd	d̪əɾəxʃ
درخواست	urd	d̪əɾxʷɑːst̪
درد	urd	d̪əɾd̪
دردو	urd	d̪əɾd̪oː
دردوں	urd	d̪əɾd̪õː
درزی	urd	d̪əɾziː
درس	urd	d̪əɾs
درست	urd	d̪ʊɾʊst̪
درفش	urd	d̪ʊɾəfʃ
درندو	urd	d̪əɾɪnd̪oː
درندوں	urd	d̪əɾɪnd̪õː
درندے	urd	d̪əɾɪnd̪eː
دروازوں	urd	d̪əɾʋɑːzõː
دروازہ	urd	d̪əɾʋɑːzɑː
دروازے	urd	d̪əɾʋɑːzeː
درود	urd	d̪ʊɾuːd̪
درودوں	urd	d̪ʊɾuːd̪õː
درویش	urd	d̪əɾʋeːʃ
درویشان	urd	d̪əɾʋeːʃɑːn
درویشو	urd	d̪əɾʋeːʃoː
درویشوں	urd	d̪əɾʋeːʃõː
درکار	urd	d̪əɾkɑːɾ
درگ	urd	d̪ʊɾɡ
درگاہ	urd	d̪əɾɡɑːɦ
درگت	urd	d̪ʊɾɡət̪
درہال	urd	d̪əɾɦɑːl
دری	urd	d̪ʊɾiː
دریا	urd	d̪əɾjɑː
دریاچہ	urd	d̪əɾɪjɑːt͡ʃɑː
دریجی	urd	d̪ʊɾɛːd͡ʒiː
دریودھن	urd	d̪ʊɾɪjoːd̪ʱən
دزد	urd	d̪ʊzd̪
دس	urd	d̪əs
دست	urd	d̪əst̪
دستار	urd	d̪əst̪ɑːɾ
دستاروں	urd	d̪əst̪ɑːɾõː
دستاریں	urd	d̪əst̪ɑːɾẽː
دستانو	urd	d̪əst̪ɑːnoː
دستانوں	urd	d̪əst̪ɑːnõː
دستانہ	urd	d̪əst̪ɑːnɑː
دستانے	urd	d̪əst̪ɑːneː
دستاویز	urd	d̪əst̪ɑːʋeːz
دستخط	urd	d̪əst̪xət̪
دستور	urd	d̪əst̪uːɾ
دستک	urd	d̪əst̪ək
دستکاری	urd	d̪əst̪kɑːɾiː
دستہ	urd	d̪əst̪ɑː
دسمبر	urd	d̪ɪsəmbəɾ
دسواں	urd	d̪əsʋɑ̃ː
دشت	urd	d̪əʃt̪
دشمن	urd	d̪ʊʃmən
دشمنوں	urd	d̪ʊʃmənõː
دشمنی	urd	d̪ʊʃməniː
دشک	urd	d̪əʃək
دعا	urd	d̪ʊʔɑː
دعاؤں	urd	d̪ʊʔɑːõː
دعائیں	urd	d̪ʊʔɑːẽː
دعوت	urd	d̪əʔʋət̪
دعوتوں	urd	d̪əʔʋət̪õː
دعوتیں	urd	d̪əʔʋət̪ẽː
دعوی	urd	d̪əʔʋɑː
دغا	urd	d̪əɣɑː
دفاع	urd	d̪ɪfɑːʔ
دفتر	urd	d̪əft̪əɾ
دفعہ	urd	d̪əfʔɑː
دفن	urd	d̪əfn
دفنانا	urd	d̪əfnɑːnɑː
دقت	urd	d̪ɪqqət̪
دقتوں	urd	d̪ɪqqət̪õː
دقتیں	urd	d̪ɪqqət̪ẽː
دقیقہ	urd	d̪əqiːqɑː
دل	urd	d̪ɪl
دلدادہ	urd	d̪ɪld̪ɑːd̪ɑː
دلربا	urd	d̪ɪlɾʊbɑː
دلو	urd	d̪ɪloː
دلوں	urd	d̪ɪlõː
دلچسپ	urd	d̪ɪlt͡ʃəsp
دلکش	urd	d̪ɪlkəʃ
دلہا	urd	d̪ʊlɦɑː
دلہن	urd	d̪ʊlɦən
دلہنو	urd	d̪ʊlɦənoː
دلہنوں	urd	d̪ʊlɦənõː
دلہنیں	urd	d̪ʊlɦənẽː
دلی	urd	d̪ɪlliː
دم	urd	d̪əm
دماغ	urd	d̪ɪmɑːɣ
دماغو	urd	d̪ɪmɑːɣoː
دماغوں	urd	d̪ɪmɑːɣõː
دمشق	urd	d̪əmɪʃq
دموں	urd	d̪əmõː
دمہ	urd	d̪əmɑː
دمے	urd	d̪əmeː
دن	urd	d̪ɪn
دنداسہ	urd	d̪ənd̪ɑːsɑː
دنوں	urd	d̪ɪnõː
دنڈ	urd	d̪ənɖ
دنیا	urd	d̪ʊnjɑː
دنیاؤں	urd	d̪ʊnjɑːõː
دنیائیں	urd	d̪ʊnjɑːẽː
دنیاوی	urd	d̪ʊnjɑːʋiː
دنیور	urd	d̪ənjoːɾ
دو	urd	d̪oː
دوائی	urd	d̪əʋɑːiː
دوات	urd	d̪əʋɑːt̪
دواتیں	urd	d̪əʋɑːt̪ẽː
دواخانہ	urd	d̪əʋɑːxɑːnɑː
دوالی	urd	d̪ɪʋɑːliː
دوبارہ	urd	d̪oːbɑːɾɑː
دودمان	urd	d̪uːd̪mɑːn
دودھ	urd	d̪uːd̪ʱ
دور	urd	d̪uːɾ
دورانیہ	urd	d̪ɔːɾɑːnɪjɑː
دوربین	urd	d̪uːɾbiːn
دوردرشن	urd	d̪uːɾd̪əɾʃən
دورلیکھ	urd	d̪uːɾleːkʰ
دوزخ	urd	d̪oːzəx
دوست	urd	d̪oːst̪
دوستانہ	urd	d̪oːst̪ɑːnə
دوستو	urd	d̪oːst̪oː
دوستوں	urd	d̪oːst̪õː
دوستی	urd	d̪oːst̪iː
دوسرا	urd	d̪uːsɾɑː
دوش	urd	d̪oːʃ
دوشنبہ	urd	d̪oːʃəmbɑː
دوشیزاؤ	urd	d̪oːʃiːzɑːoː
دوشیزاؤں	urd	d̪oːʃiːzɑːõː
دوشیزائیں	urd	d̪oːʃiːzɑːẽː
دوشیزہ	urd	d̪oːʃiːzɑː
دوغلا	urd	d̪oːɣlɑː
دولت	urd	d̪ɔːlət̪
دولتوں	urd	d̪ɔːlət̪õː
دولتیں	urd	d̪ɔːlət̪ẽː
دولہا	urd	d̪uːlɦɑː
دولہو	urd	d̪uːlɦoː
دولہوں	urd	d̪uːlɦõː
دولہے	urd	d̪uːlɦeː
دوم	urd	d̪ʊʋəm
دونا	urd	d̪uːnɑː
دونمہ	urd	d̪uːnmɑː
دوپٹوں	urd	d̪oːpəʈʈõː
دوپٹہ	urd	d̪ʊpəʈʈɑː
دوپٹے	urd	d̪oːpəʈʈeː
دوپہر	urd	d̪oːpəɦəɾ
دوڑنا	urd	d̪ɔːɽnɑː
دوکی	urd	d̪uːkiː
دوگنا	urd	d̪oːɡʊnɑː
دژ	urd	d̪əʒ
دژم	urd	d̪ɪʒəm
دکان	urd	d̪ʊkɑːn
دکھ	urd	d̪ʊkʰ
دکھانا	urd	d̪ɪkʰɑːnɑː
دکھاوا	urd	d̪ɪkʰɑːʋɑː
دکھن	urd	d̪əkkʰɪn
دکھنا	urd	d̪ɪkʰnɑː
دگنا	urd	d̪ʊɡnɑː
دھات	urd	d̪ʱɑːt̪
دھادر	urd	d̪ʱɑːd̪əɾ
دھارا	urd	d̪ʱɑːɾɑː
دھارمک	urd	d̪ʱɑːɾmɪk
دھاندل	urd	d̪ʱɑːnd̪əl
دھاندلی	urd	d̪ʱɑːnd̪liː
دھاگا	urd	d̪ʱɑːɡɑː
دھبا	urd	d̪ʱəbbɑː
دھرتی	urd	d̪ʱəɾt̪iː
دھرم	urd	d̪ʱəɾm
دھرمو	urd	d̪ʱəɾmoː
دھرموں	urd	d̪ʱəɾmõː
دھلائی	urd	d̪ʱʊlɑːiː
دھمال	urd	d̪ʱəmmɑːl
دھماکہ	urd	d̪ʱəmɑːkɑːɦ
دھن	urd	d̪ʱʊn
دھند	urd	d̪ʱʊnd̪
دھندا	urd	d̪ʱənd̪ɑː
دھندوں	urd	d̪ʱʊnd̪õː
دھندھ	urd	d̪ʱʊnd̪ʱ
دھندھا	urd	d̪ʱənd̪ʱɑː
دھندہ	urd	d̪ʱənd̪ɑː
دھندیں	urd	d̪ʱʊnd̪ẽː
دھواں	urd	d̪ʱuːɑ̃ː
دھوج	urd	d̪ʱʋəd͡ʒ
دھوسر	urd	d̪ʱuːsəɾ
دھول	urd	d̪ʱuːl
دھوم	urd	d̪ʱuːm
دھونا	urd	d̪ʱuːnɑː
دھوندھر	urd	d̪ʱʊɾənd̪ʱəɾ
دھوپ	urd	d̪ʱuːp
دھوپوں	urd	d̪ʱuːpõː
دھوپیں	urd	d̪ʱuːpẽː
دھچکا	urd	d̪ʱət͡ʃkɑː
دھچکانا	urd	d̪ʱət͡ʃkɑːnɑː
دھچکنا	urd	d̪ʱət͡ʃəknɑː
دھڑکن	urd	d̪ʱəɽkən
دھڑکنوں	urd	d̪ʱəɽkənõː
دھڑکنیں	urd	d̪ʱəɽkənẽː
دھکا	urd	d̪ʱəkkɑː
دھکوں	urd	d̪ʱəkkõː
دھکے	urd	d̪ʱəkkeː
دھیان	urd	d̪ʱjɑːn
دھیریہ	urd	d̪ʱɛːɾj
دہ	urd	d̪ɪɦ
دہائی	urd	d̪əɦɑːiː
دہائیاں	urd	d̪əɦɑːɪjɑ̃ː
دہائیو	urd	d̪əɦɑːɪjoː
دہائیوں	urd	d̪əɦɑːɪjõː
دہان	urd	d̪əɦɑːn
دہشت	urd	d̪əɦʃət̪
دہقان	urd	d̪ɪɦqɑːn
دہلوی	urd	d̪ɪɦləʋiː
دہلی	urd	d̪ɪɦliː
دہی	urd	d̪əɦiː
دہیز	urd	d̪əɦeːz
دیا	urd	d̪əjɑː
دیاوان	urd	d̪əjɑːʋɑːn
دیباچہ	urd	d̪iːbɑːt͡ʃɑː
دید	urd	d̪iːd̪
دیدار	urd	d̪iːd̪ɑːɾ
دیدو	urd	d̪iːd̪oː
دیدوں	urd	d̪iːd̪õː
دیدیں	urd	d̪iːd̪ẽː
دیروز	urd	d̪iːɾoːz
دیز	urd	d̪eːz
دیس	urd	d̪eːs
دیسو	urd	d̪eːsoː
دیسوں	urd	d̪eːsõː
دیسی	urd	d̪eːsiː
دیش	urd	d̪eːʃ
دیشج	urd	d̪eːʃəd͡ʒ
دینا	urd	d̪eːnɑː
دینی	urd	d̪iːniː
دینے	urd	d̪eːneː
دیوانہ	urd	d̪iːʋɑːnɑː
دیوبندی	urd	d̪eːʋbənd̪iː
دیوث	urd	d̪əjjuːs
دیور	urd	d̪eːʋəɾ
دیورانی	urd	d̪eːʋɾɑːniː
دیورانیاں	urd	d̪eːʋɾɑːnɪjɑ̃ː
دیورانیو	urd	d̪eːʋɾɑːnɪjoː
دیورانیوں	urd	d̪eːʋɾɑːnɪjõː
دیورو	urd	d̪eːʋəɾoː
دیوروں	urd	d̪eːʋəɾõː
دیوناگری	urd	d̪eːʋnɑːɡɾiː
دیپ	urd	d̪iːp
دیپک	urd	d̪iːpək
دیپکا	urd	d̪iːpɪkɑː
دیکھنا	urd	d̪eːkʰnɑː
دیکھنے	urd	d̪eːkʰneː
دیگچی	urd	d̪eːɡt͡ʃiː
دیہات	urd	d̪eːɦɑːt̪
ذائقو	urd	zɑːɪqoː
ذائقوں	urd	zɑːɪqõː
ذائقہ	urd	zɑːɪqɑː
ذائقے	urd	zɑːɪqeː
ذات	urd	zɑːt̪
ذبح	urd	zəbʱ
ذرائع	urd	zəɾɑːeː
ذرہ	urd	zəɾɾɑː
ذریعہ	urd	zəɾɪjɑː
ذلت	urd	zɪlːət̪
ذلیل	urd	zəliːl
ذمہ	urd	zɪmmɑː
ذوق	urd	zɔːq
ذکر	urd	zəkəɾ
ذیابیطس	urd	zɪjɑːbiːt̪əs
رؤسا	urd	ɾʊʔəsɑː
رئیس	urd	ɾəʔiːs
رائس	urd	ɾɑːɪs
رائے	urd	ɾɑːeː
رابطہ	urd	ɾɑːbt̪ɑː
رات	urd	ɾɑːt̪
راتا	urd	ɾɑːt̪ɑː
راتوں	urd	ɾɑːt̪õː
راتیں	urd	ɾɑːt̪ẽː
راج	urd	ɾɑːd͡ʒ
راجا	urd	ɾɑːd͡ʒɑː
راجدھانی	urd	ɾɑːd͡ʒd̪ʱɑːniː
راجستھان	urd	ɾɑːd͡ʒəst̪ʰɑːn
راجستھانی	urd	ɾɑːd͡ʒəst̪ʰɑːniː
راجشاہی	urd	ɾɑːd͡ʒsɦɑːɦiː
راجنیہ	urd	ɾɑːd͡ʒənjɑː
راجوری	urd	ɾɑːd͡ʒɔːɾiː
راجپوت	urd	ɾɑːd͡ʒpuːt̪
راحت	urd	ɾɑːɦət̪
راحتو	urd	ɾɑːɦət̪oː
راحتوں	urd	ɾɑːɦət̪õː
راحتیں	urd	ɾɑːɦət̪ẽː
راز	urd	ɾɑːz
راستوں	urd	ɾɑːst̪õː
راستہ	urd	ɾɑːst̪ə
راستے	urd	ɾɑːst̪eː
راشٹر	urd	ɾɑːʃʈɾ
راضی	urd	ɾɑːziː
رال	urd	ɾɑːl
رامائن	urd	ɾɑːmɑːjən
ران	urd	ɾɑːn
رانجھا	urd	ɾɑːnd͡ʒʱɑː
رانجھو	urd	ɾɑːnd͡ʒʱoː
رانجھوں	urd	ɾɑːnd͡ʒʱõː
رانجھے	urd	ɾɑːnd͡ʒʱeː
رانی	urd	ɾɑːniː
رانیاں	urd	ɾɑːnɪjɑ̃ː
رانیو	urd	ɾɑːnɪjoː
رانیوں	urd	ɾɑːnɪjõː
راولپنڈی	urd	ɾɑːʋəlpɪnɖiː
راکٹ	urd	ɾɑːkɪʈ
راکھ	urd	ɾɑːkʰ
راکھس	urd	ɾɑːkʰəs
راکھشس	urd	ɾɑːkʃəs
راکھو	urd	ɾɑːkʰoː
راکھوں	urd	ɾɑːkʰõː
راکھیں	urd	ɾɑːkʰẽː
راہ	urd	ɾɑːɦ
راہب	urd	ɾɑːɦɪb
راہبہ	urd	ɾɑːɦɪbɑː
راہداری	urd	ɾɑːɦd̪ɑːɾiː
راہو	urd	ɾɑːɦoː
راہوں	urd	ɾɑːɦõː
راہیں	urd	ɾɑːɦẽː
رب	urd	ɾəb
ربا	urd	ɾəbbɑː
رباعی	urd	ɾʊbɑːʔiː
ربوہ	urd	ɾəbʋɑɦ
رتبہ	urd	ɾʊt̪bɑː
رتن	urd	ɾət̪ən
رتھ	urd	ɾət̪ʰ
رجا	urd	ɾəd͡ʒɑː
رجعت	urd	ɾəd͡ʒət̪
رجل	urd	ɾəd͡ʒʊl
رحیم	urd	ɾəɦiːm
رخ	urd	ɾʊx
رخسار	urd	ɾʊxsɑːɾ
رخشان	urd	ɾəxʃɑːn
رخصت	urd	ɾʊxsət̪
رخصتی	urd	ɾʊxsət̪iː
رد	urd	ɾəd̪d̪
ردیف	urd	ɾəd̪iːf
ررا	urd	ɾəɾɾɑː
رزق	urd	ɾɪzq
رس	urd	ɾəs
رسالہ	urd	ɾɪsɑːlɑː
رستم	urd	ɾʊst̪əm
رسن	urd	ɾəsən
رسول	urd	ɾəsuːl
رسولو	urd	ɾəsuːloː
رسولوں	urd	ɾəsuːlõː
رسی	urd	ɾəsːiː
رسید	urd	ɾəsiːd̪
رسیدو	urd	ɾəsiːd̪oː
رسیدوں	urd	ɾəsiːd̪õː
رسیدیں	urd	ɾəsiːd̪ẽː
رشتو	urd	ɾɪʃt̪oː
رشتوں	urd	ɾɪʃt̪õː
رشتہ	urd	ɾɪʃt̪ɑː
رشتے	urd	ɾɪʃt̪eː
رشوت	urd	ɾɪʃʋət̪
رشوتوں	urd	ɾɪʃʋət̪õː
رشوتیں	urd	ɾɪʃʋət̪ẽː
رشک	urd	ɾəʃk
رشی	urd	ɾɪʃiː
رشیو	urd	ɾɪʃɪjoː
رشیوں	urd	ɾɪʃɪjõː
رضا	urd	ɾəzɑː
رضامند	urd	ɾəzɑːmənd̪
رضیع	urd	ɾəziːʔ
رعایت	urd	ɾɪʔɑːjət̪
رفتار	urd	ɾəft̪ɑːɾ
رفع	urd	ɾəfʔ
رفقا	urd	ɾʊfəqɑː
رقص	urd	ɾəqs
رقیب	urd	ɾəqiːb
رقیبو	urd	ɾəqiːboː
رقیبوں	urd	ɾəqiːbõː
رمزی	urd	ɾəmziː
رمضان	urd	ɾəməzɑːn
رمہ	urd	ɾəmɑː
رنڈی	urd	ɾəɳɖiː
رنگ	urd	ɾəŋɡ
رنگت	urd	ɾəŋɡət̪
رنگو	urd	ɾəŋɡoː
رنگولی	urd	ɾəŋɡoːliː
رنگوں	urd	ɾəŋɡõː
رنگپور	urd	ɾənɡpuːɾ
رنگیلا	urd	ɾəŋɡiːlɑː
روان	urd	ɾəʋɑːn~ɾəʋɑːn
روانڈا	urd	ɾəʋɑːnɖɑː
روانگی	urd	ɾəʋɑːŋɡiː
روانہ	urd	ɾəʋɑːnɑː
رواں	urd	ɾəʋɑ̃ː
روایت	urd	ɾɪʋɑːjət̪
روح	urd	ɾuːɦ
روحانی	urd	ɾuːɦɑːniː
روحو	urd	ɾuːɦoː
روحوں	urd	ɾuːɦõː
روحیں	urd	ɾuːɦẽː
رود	urd	ɾuːd̪
روز	urd	ɾoːz
روزانہ	urd	ɾoːzɑːnə
روزن	urd	ɾɔːzən
روزنامہ	urd	ɾoːznɑːmɑː
روزوں	urd	ɾoːzõː
روزہ	urd	ɾoːzɑː
روزے	urd	ɾoːzeː
روس	urd	ɾuːs
روسنا	urd	ɾuːsnɑː
روسی	urd	ɾuːsiː
روشن	urd	ɾɔːʃən
روشنی	urd	ɾɔːʃniː
روغن	urd	ɾɔːɣən
روم	urd	ɾuːm
رومال	urd	ɾuːmɑːl
رومان	urd	ɾuːmɑːn
رومانس	urd	ɾoːmɑːns
رومانیہ	urd	ɾoːmɑːnɪjɑː
رومی	urd	ɾuːmiː
رونا	urd	ɾoːnɑː
رونق	urd	ɾɔːnəq
رونقو	urd	ɾɔːnəqoː
رونقوں	urd	ɾɔːnəqõː
رونقیں	urd	ɾɔːnəqẽː
روٹی	urd	ɾoːʈiː
روپ	urd	ɾuːp
روپیہ	urd	ɾʊpəjɑː
روچڈیل	urd	ɾɑːt͡ʃɖeːl
روگ	urd	ɾoːɡ
روگوں	urd	ɾoːɡõː
روی	urd	ɾəʋiː
رویئہ	urd	ɾəʋəiə
رویہ	urd	ɾəʋəijɑː
رڑک	urd	ɾəɽək
رکاز	urd	ɾɪkɑːz
رکاوٹ	urd	ɾʊkɑːʋəʈ
رکت	urd	ɾəkt̪
رکشا	urd	ɾəkʃɑː
رکعت	urd	ɾəkʔət̪
رگوید	urd	ɾɪɡʋeːd̪
رہائش	urd	ɾəɦɑːɪʃ
رہبر	urd	ɾəɦbəɾ
رہسیہ	urd	ɾəɦəsjɑː
رہنا	urd	ɾəɦnɑː
ریاست	urd	ɾɪjɑːsət̪
ریاستہا	urd	ɾɪjɑːsət̪ɦɑː
ریاض	urd	ɾɪjɑːz
ریاضی	urd	ɾɪjɑːziː
ریب	urd	ɾɛːb
ریت	urd	ɾeːt̪
ریتوں	urd	ɾeːt̪õː
ریتیں	urd	ɾeːt̪ẽː
ریختہ	urd	ɾeːxt̪ɑː
ریش	urd	ɾiːʃ
ریشم	urd	ɾeːʃəm
ریشمی	urd	ɾeːʃmiː
ریشہ	urd	ɾeːʃɑː
رین	urd	ɾɛːn
رینو	urd	ɾɛːnoː
رینوں	urd	ɾɛːnõː
رینیں	urd	ɾɛːnẽː
ریوڑ	urd	ɾeːːʋəɽ
ریپھ	urd	ɾeːpʰ
ریچھ	urd	ɾiːt͡ʃʰ
ریڈیو	urd	ɾeːɖɪjoː
ریکھا	urd	ɾeːkʰɑː
ریگستان	urd	ɾeːɡɪst̪ɑːn
زائر	urd	zɑːjɪɾ
زائنہ	urd	zɑːɪnɑː
زار	urd	zɑːɾ
زایندہ	urd	zɑːjɪnd̪
زبان	urd	zəbɑːn
زبانو	urd	zəbɑːnoː
زبانوں	urd	zəbɑːnõː
زبانیں	urd	zəbɑːnẽː
زباں	urd	zəbɑ̃ː
زبر	urd	zəbəɾ
زبردستی	urd	zəbəɾd̪əst̪iː
زحمت	urd	zəɦmət̪
زخم	urd	zəxm
زراعت	urd	zɪɾɑːt̪
زرافہ	urd	zɪɾɑːfɑː
زرتشت	urd	zəɾt̪əʃt̪
زردوزی	urd	zəɾd̪oːziː
زرشک	urd	zɪɾɪʃk
زعفران	urd	zəʔfɾɑːn
زلزلو	urd	zəlzəloː
زلزلوں	urd	zəlzəlõː
زلزلہ	urd	zəlzəlɑː
زلزلے	urd	zəlzəleː
زلف	urd	zʊlf
زلفوں	urd	zʊlfõː
زلفیں	urd	zʊlfẽː
زمانو	urd	zəmɑːnoː
زمانوں	urd	zəmɑːnõː
زمانہ	urd	zəmɑːnɑː
زمانے	urd	zəmɑːneː
زمرد	urd	zʊmʊɾɾʊd̪
زمین	urd	zəmiːn
زمینو	urd	zəmiːnoː
زمینوں	urd	zəmiːnõː
زمینیں	urd	zəmiːnẽː
زن	urd	zən
زنانہ	urd	zənɑːn
زنجیر	urd	zənd͡ʒiːɾ
زنجیرو	urd	zənd͡ʒiːɾoː
زنجیروں	urd	zənd͡ʒiːɾõː
زنجیریں	urd	zənd͡ʒiːɾẽː
زنخا	urd	zənxɑːpən
زندان	urd	zɪnd̪ɑːn
زندانو	urd	zɪnd̪ɑːnoː
زندانوں	urd	zɪnd̪ɑːnõː
زندگی	urd	zɪnd̪əɡiː
زندگیاں	urd	zɪnd̪əɡɪjɑ̃ː
زندگیو	urd	zɪnd̪əɡɪjoː
زندگیوں	urd	zɪnd̪əɡɪjõː
زندہ	urd	zɪnd̪ɑː
زنگ	urd	zəŋɡ
زنگبار	urd	zəŋɡbɑːɾ
زنگی	urd	zəŋɡiː
زور	urd	zoːɾ
زوردار	urd	zoːɾd̪ɑːɾ
زون	urd	zoːn
زکات	urd	zəkɑːt̪
زکریا	urd	zəkəɾɪjjɑː
زکوۃ	urd	zəkɑːt̪
زہر	urd	zəɦɾ
زہری	urd	zəɦɾiː
زہیب	urd	zʊɦeːb
زیادتی	urd	zɪjɑːd̪ət̪iː
زیادتیاں	urd	zɪjɑːd̪ət̪ɪjɑ̃ː
زیادتیوں	urd	zɪjɑːd̪ət̪ɪjõː
زیارت	urd	zɪjɑːɾət̪
زیتون	urd	zɛːt̪uːn
زیربند	urd	zeːɾbənd̪
زین	urd	zɛːn
زینت	urd	ziːnət̪
زینتو	urd	ziːnət̪oː
زینتوں	urd	ziːnət̪õː
زینتیں	urd	ziːnət̪ẽː
زینہ	urd	ziːnɑː
زیور	urd	zeːʋəɾ
سؤر	urd	suːəɾ
سؤرو	urd	sʊəɾoː
سؤروں	urd	sʊəɾõː
سا	urd	sɑː
سائز	urd	sɑːɪz
سائمہ	urd	sɑːɪmɑː
سائنس	urd	sɑːɪns
سائنسدان	urd	sɑːɪnsd̪ɑːn
سائنسی	urd	sɑːɪnsiː
سائیکل	urd	sɑːiːkɪl
سائیں	urd	sɑːĩː
سات	urd	sɑːt̪
ساتواں	urd	sɑːt̪ʋɑ̃ː
ساتھ	urd	sɑːt̪ʰ
ساتھی	urd	sɑːt̪ʰiː
ساحل	urd	sɑːɦɪl
ساحلی	urd	sɑːɦɪliː
ساخت	urd	sɑːxt̪
سادگی	urd	sɑːd̪ɡiː
سادہ	urd	sɑːd̪ə
سارا	urd	sɑːɾɑː
سارنگی	urd	sɑːɾəŋɡiː
ساری	urd	sɑːɾiː
سارے	urd	sɑːɾeː
ساز	urd	sɑːz
سازش	urd	sɑːzɪʃ
ساس	urd	sɑːs
ساسانی	urd	sɑːsɑːniː
ساسو	urd	sɑːsoː
ساسوں	urd	sɑːsõː
ساسیں	urd	sɑːsẽː
ساقی	urd	sɑːqiː
سال	urd	sɑːl
سالانہ	urd	sɑːlɑːnɑː
سالمہ	urd	sɑːlm
سالن	urd	sɑːlən
سالگرہ	urd	sɑːlɡɪɾəɦ
سامان	urd	sɑːmɑːn
سامراجیہ	urd	sɑːmɾɑːd͡ʒj
سامعین	urd	sɑːmeːʔiːn
سامنا	urd	sɑːmnɑː
سامی	urd	sɑːmiː
سامیہ	urd	sɑːmɪjɑː
سانبہ	urd	sɑ̃ːmbɑː
سانس	urd	sɑ̃ːs
سانسوں	urd	sɑ̃ːsõː
سانسیں	urd	sɑ̃ːsẽː
سانول	urd	sɑ̃ːʋəl
سانولا	urd	sɑ̃ːʋlɑː
سانپ	urd	sɑ̃ːp
ساودھان	urd	sɑːʋd̪ʱɑːn
ساون	urd	sɑːʋən
ساڑھے	urd	sɑːɽʱeː
ساڑی	urd	sɑːɽiː
ساکشیہ	urd	sɑːkʃj
ساگر	urd	sɑːɡəɾ
ساگرتٹ	urd	sɑːɡəɾt̪əʈ
ساہ	urd	sɑːɦ
ساہتیہ	urd	sɑːɦɪt̪j
ساہیوال	urd	sɑːɦiːʋɑːl
سایہ	urd	sɑːjɑː
سب	urd	səb
سبب	urd	səbəb
سبت	urd	səbt̪
سبد	urd	səbʊd̪
سبز	urd	səbz
سبزی	urd	səbziː
سبزیاں	urd	səbzɪjɑ̃ː
سبزیوں	urd	səbzɪjõː
سبھا	urd	səbʱɑː
سبھی	urd	səbʱiː
سبی	urd	sɪbiː
ستائیس	urd	sət̪t̪ɑːiːs
ستارو	urd	sɪt̪ɑːɾoː
ستاروں	urd	sɪt̪ɑːɾõː
ستارہ	urd	sɪt̪ɑːɾə
ستارے	urd	sɪt̪ɑːɾeː
سترک	urd	sət̪əɾk
سترہ	urd	sət̪ɾəɦ
ستم	urd	sɪt̪əm
ستمبر	urd	sɪt̪əmbəɾ
ستون	urd	sʊt̪uːn
ستھان	urd	st̪ʰɑːn
سجدو	urd	səd͡ʒd̪oː
سجدوں	urd	səd͡ʒd̪õː
سجدہ	urd	səd͡ʒd̪ɑː
سجدے	urd	səd͡ʒd̪eː
سحر	urd	sɛɦɛɾ
سحری	urd	səɦəɾiː
سحریاں	urd	səɦəɾɪjɑ̃ː
سحریوں	urd	səɦəɾɪjõː
سخت	urd	səxt̪
سخی	urd	səxiː
سدابہار	urd	səd̪ɑːbəɦɑːɾ
سدن	urd	səd̪ən
سدھارنا	urd	sʊd̪ʱɑːɾnɑː
سدھارک	urd	sʊd̪ʱɑːɾək
سرائیکی	urd	səɾɑːiːkiː
سراب	urd	səɾɑːb
سراسر	urd	səɾɑːsəɾ
سرانان	urd	səɾɑːnɑːn
سراہنا	urd	səɾɑːɦnɑː
سربیا	urd	səɾbɪjɑː
سرحد	urd	səɾɦəd̪
سرحدوں	urd	səɾɦəd̪õː
سرحدیں	urd	səɾɦəd̪ẽː
سرخ	urd	sʊɾx
سرخی	urd	sʊɾxiː
سردی	urd	səɾd̪iː
سردیاں	urd	səɾd̪ɪjɑ̃ː
سرزمین	urd	səɾzəmiːn
سرسائی	urd	səɾsɑːiː
سرسوتی	urd	səɾəsʋət̪iː
سرسوں	urd	səɾsõː
سرشت	urd	səɾɪʃt̪
سرشٹی	urd	sɪɾɪʃʈiː
سرفروش	urd	səɾfəɾoːʃ
سرمئی	urd	sʊɾməiː
سرما	urd	sʊɾmɑː
سرمایہ	urd	səɾmɑːjɑː
سرمہ	urd	sʊɾmə
سرنگ	urd	sʊɾəŋɡ
سرنگوں	urd	sʊɾəŋɡõː
سرنگیں	urd	sʊɾəŋɡẽː
سرور	urd	sʊɾuːɾ
سرورق	urd	səɾʋəɾəq
سروش	urd	səɾoːʃ
سرونام	urd	səɾʋnɑːm
سرکار	urd	səɾkɑːɾ
سرکس	urd	səɾkəs
سرکو	urd	sɪɾkoː
سرکوں	urd	sɪɾkõː
سرکہ	urd	sɪɾkɑː
سرکے	urd	sɪɾkeː
سرگ	urd	sʊɾɡ
سرگرم	urd	səɾɡəɾm
سرگرمی	urd	səɾɡəɾmiː
سرگودھا	urd	səɾɡoːd̪ʱɑː
سرہانہ	urd	sɪɾɦɑːnɑː
سریانی	urd	sʊɾjɑːniː
سریر	urd	səɾiːɾ
سریع	urd	səɾiː
سزا	urd	səzɑː
سسا	urd	səssɑː
سست	urd	sʊst̪
سستا	urd	səst̪ɑː
سستی	urd	sʊst̪iː
سسر	urd	sɪsɪɾ
سسرال	urd	sʊsɾɑːl
سسروں	urd	sʊsəɾõː
سسری	urd	səsʊɾiː
سطح	urd	sət̪əɦ
سطحی	urd	sət̪ɦiː
سطر	urd	sət̪ɾ
سعتر	urd	sɑːt̪əɾ
سغدی	urd	sʊɣd̪iː
سفارت	urd	sɪfɑːɾət̪
سفارش	urd	sɪfɑːɾɪʃ
سفال	urd	sɪfɑːl
سفر	urd	səfəɾ
سفرو	urd	səfəɾoː
سفروں	urd	səfəɾõː
سفید	urd	səfeːd̪
سفیر	urd	səfiːɾ
سلاح	urd	sɪlɑː
سلاخ	urd	səlɑːx
سلاد	urd	səlɑːd̪
سلام	urd	səlɑːm
سلامت	urd	səlɑːmət̪
سلامتی	urd	səlɑːmt̪iː
سلجوق	urd	səld͡ʒuːq
سلجوقی	urd	səld͡ʒuːqiː
سلسلہ	urd	sɪlsɪlɑː
سلطان	urd	sʊlt̪ɑːn
سلطنت	urd	səlt̪ənət̪
سلمی	urd	səlmɑː
سلوواکیہ	urd	sloːʋɑːkɪjɑː
سلوک	urd	sʊluːk
سلہٹ	urd	sɪlɦəʈ
سلیمان	urd	sʊlɛːmɑːn
سمئے	urd	səməj
سماج	urd	səmɑːd͡ʒ
سمادھان	urd	səmɑːd̪ʱɑːn
سماس	urd	səmɑːs
سماعت	urd	səmɑːʔət̪
سماپت	urd	səmɑːpt̪
سماپن	urd	səmɑːpən
سماچار	urd	səmɑːt͡ʃɑːɾ
سماں	urd	səmɑ̃ː
سمبڑیال	urd	səmbɽɪjɑːl
سمجھ	urd	səməd͡ʒʱ
سمجھدار	urd	səməd͡ʒʱd̪ɑːɾ
سمجھنا	urd	səməd͡ʒʱnɑː
سمجھوتہ	urd	səmd͡ʒʱɔːt̪ɑː
سمدائے	urd	səmʊd̪ɑːeː
سمدر	urd	səmʊd̪ɾ
سمراج	urd	səmɾɑːd͡ʒ
سمراٹ	urd	səmɾɑːʈ
سمرتھک	urd	səməɾt̪ʰək
سمرتی	urd	smɾɪt̪iː
سمرقند	urd	səməɾqənd̪
سمسم	urd	sɪmsɪm
سمع	urd	səmʔ
سمندر	urd	səmʊnd̪əɾ
سمندروں	urd	səmʊnd̪əɾõː
سمندری	urd	səmʊnd̪ɾiː
سموسہ	urd	səmoːsə
سموہ	urd	səmuːɦ
سمپردائے	urd	səmpɾəd̪ɑːeː
سمکالین	urd	səmkɑːliːn
سمکھ	urd	səmmʊkʰ
سمین	urd	səmiːn
سن	urd	sɪn
سناتن	urd	sənɑːt̪ən
سنار	urd	sʊnɑːɾ
سنارو	urd	sʊnɑːɾoː
سناروں	urd	sʊnɑːɾõː
سنانا	urd	sʊnɑːnɑː
سناٹا	urd	sənnɑːʈɑː
سنبھالنا	urd	səmbʱɑːlnɑː
سنت	urd	sʊnnət̪
سنتان	urd	sənt̪ɑːn
سنترا	urd	sənt̪əɾɑː
سنتھالی	urd	sənt̪ʰɑːliː
سنجھا	urd	sənd͡ʒʱɑː
سنجیدہ	urd	sənd͡ʒiːd̪ɑː
سندر	urd	sʊnd̪əɾ
سندھ	urd	sɪnd̪ʱ
سندھی	urd	sɪnd̪ʱiː
سندیش	urd	sənd̪eːʃ
سندیہہ	urd	sənd̪eːɦ
سنسار	urd	sənsɑːɾ
سنسان	urd	sʊnsɑːn
سنسکرت	urd	sənskɾɪt̪
سنشیہ	urd	sənʃəjɑː
سننا	urd	sʊnnɑː
سنچائی	urd	sɪ̃t͡ʃɑːiː
سنچری	urd	sɪnt͡ʃʊɾiː
سنگ	urd	səŋɡ
سنگار	urd	sɪŋɡɑːɾ
سنگاپور	urd	sɪŋɡɑːpuːɾ
سنگم	urd	səŋɡəm
سنگھ	urd	sɪ̃ŋɡʱ
سنگھرش	urd	səŋɡʱəɾʃ
سنگیت	urd	səŋɡiːt̪
سنگین	urd	səŋɡiːn
سنہ	urd	sɪ̃ŋɦ
سنیاسی	urd	sənjɑːsiː
سنیوگ	urd	sə̃joːɡ
سنیچر	urd	səniːt͡ʃəɾ
سوئی	urd	suːiː
سواد	urd	sʋɑːd̪
سوادو	urd	sʋɑːd̪uː
سوال	urd	səʋɑːl
سوالات	urd	səʋɑːlɑːt̪
سوالو	urd	səʋɑːloː
سوالوں	urd	səʋɑːlõː
سوامی	urd	sʋɑːmiː
سوانگ	urd	sʋɑːŋɡ
سواگت	urd	sʋɑːɡət̪
سوتا	urd	soːt̪ɑː
سوتن	urd	sɔːt̪ən
سوتنو	urd	sɔːt̪ənoː
سوتنوں	urd	sɔːt̪ənõː
سوتنیں	urd	sɔːt̪ənẽː
سوتیلا	urd	sɔːt̪eːlɑː
سوتیلی	urd	sɔːt̪eːliː
سوتیلے	urd	sɔːt̪eːleː
سوتے	urd	soːt̪eː
سوجن	urd	suːd͡ʒən
سوجنا	urd	suːd͡ʒnɑː
سودا	urd	sɔːd̪ɑː
سوراب	urd	suːɾɑːb
سورج	urd	suːɾəd͡ʒ
سورجو	urd	suːɾəd͡ʒoː
سورجوں	urd	suːɾəd͡ʒõː
سورہ	urd	suːɾɑː
سوری	urd	suːɾiː
سوریہ	urd	suːɾj
سوستک	urd	sʋəst̪ɪk
سوغات	urd	sɔːɣɑːt̪
سولہ	urd	soːləɦ
سوم	urd	soːm
سوموار	urd	soːmʋɑːɾ
سونا	urd	suːnɑː
سونگھنا	urd	suːŋɡʱnɑː
سوویت	urd	soːʋɪjət̪
سويمور	urd	sʋəjəmʋəɾ
سوپن	urd	sʋəpn
سوچنا	urd	soːt͡ʃnɑː
سوڈا	urd	soːɖɑː
سوڈان	urd	suːɖɑːn
سوڈیم	urd	soːɖɪjəm
سوکھا	urd	suːkʰɑː
سوگ	urd	soːɡ
سوگند	urd	sɔːɡənd̪
سوہن	urd	soːɦən
سویرا	urd	səʋeːɾɑː
سویٹزرلینڈ	urd	sʋiːʈzəɾlɛːnɖ
سویڈن	urd	sʋiːɖən
سپارو	urd	sɪpɑːɾoː
سپاروں	urd	sɪpɑːɾõː
سپارہ	urd	sɪpɑːɾɑː
سپارے	urd	sɪpɑːɾeː
سپاس	urd	sʊpɑːs
سپاہ	urd	sɪpɑːɦ
سپاہنی	urd	sɪpɑːɦniː
سپاہی	urd	sɪpɑːɦiː
سپاہیو	urd	sɪpɑːɦɪjoː
سپاہیوں	urd	sɪpɑːɦɪjõː
سپتاہ	urd	səpt̪ɑːɦ
سپر	urd	sɪpəɾ
سپنا	urd	səpnɑː
سپنوں	urd	səpnõː
سپنے	urd	səpnõː
سچ	urd	sət͡ʃ
سچا	urd	sət̪t͡ʃɑː
سچی	urd	sət̪t͡ʃiː
سچے	urd	sət̪t͡ʃeː
سڑا	urd	səɽɑː
سڑک	urd	səɽək
سکا	urd	səkɑː
سکردو	urd	sɪkəɾd̪uː
سکنا	urd	səknɑː
سکندر	urd	sɪkənd̪əɾ
سکون	urd	sʊkuːn
سکھ	urd	sʊkʰ
سکھر	urd	səkkʰəɾ
سکھی	urd	səkʰiː
سکہ	urd	sɪkkɑː
سگ	urd	səɡ
سگریٹ	urd	sɪɡɾeːʈ
سہارا	urd	səɦɑːɾɑː
سہاگ	urd	sʊɦɑːɡ
سہایک	urd	səɦɑːjək
سہج	urd	səɦəd͡ʒ
سہس	urd	səɦəs
سہسرابد	urd	səɦəsɾɑːbd̪
سہلانا	urd	səɦlɑːnɑː
سہم	urd	səɦm
سہمانا	urd	səɦmɑːnɑː
سہمت	urd	səɦmət̪
سہمنا	urd	səɦəmnɑː
سہواس	urd	səɦʋɑːs
سہولت	urd	sʊɦuːlət̪
سہیلی	urd	səɦeːliː
سہیلیاں	urd	səɦeːlɪjɑ̃ː
سہیلیو	urd	səɦeːlɪjoː
سہیلیوں	urd	səɦeːlɪjõː
سیاح	urd	səjjɑːɦ
سیاحت	urd	sɪjɑːɦət̪
سیاروں	urd	səjjɑːɾõː
سیارہ	urd	səjjɑːɾɑː
سیارے	urd	səjjɑːɾeː
سیاست	urd	sɪjɑːsət̪
سیاستدان	urd	sɪjɑːsət̪d̪ɑːn
سیاسی	urd	sɪjɑːsiː
سیالکوٹ	urd	sɪjɑːlkoːʈ
سیب	urd	seːb
سیتا	urd	siːt̪ɑː
سیخ	urd	siːx
سیدھا	urd	siːd̪ʱɑː
سیر	urd	sɛːɾ
سیرت	urd	siːɾət̪
سیلاب	urd	sɛːlɑːb
سینو	urd	siːnoː
سینوں	urd	siːnõː
سینچنا	urd	sĩːt͡ʃnɑː
سینکڑا	urd	sɛ̃ːkɽɑː
سینگ	urd	siːŋɡ
سینہ	urd	siːnɑː
سینیٹر	urd	siːneːʈəɾ
سینے	urd	siːneː
سیٹھا	urd	siːʈʰɑː
سیڑھی	urd	siːɽʱiː
سیکھنا	urd	siːkʰnɑː
سے	urd	seː
شاباش	urd	ʃɑːbɑːʃ
شاخ	urd	ʃɑːx
شاد	urd	ʃɑːd̪
شاداب	urd	ʃɑːd̪ɑːb
شادی	urd	ʃɑːd̪iː
شارجہ	urd	ʃɑːɾd͡ʒɑːɦ
شارع	urd	ʃɑːɾeːʔ
شارک	urd	ʃɑːɾk
شاستر	urd	ʃɑːst̪əɾ
شاسن	urd	ʃɑːsən
شاسک	urd	ʃɑːsək
شاطر	urd	ʃɑːt̪ɪɾ
شاعر	urd	ʃɑːʔɪɾ
شاعرہ	urd	ʃɑːjɾɑː
شاعری	urd	ʃɑːʔɪɾiː
شال	urd	ʃɑːl
شام	urd	ʃɑːm
شامل	urd	ʃɑːmɪl
شاموں	urd	ʃɑːmõː
شامیں	urd	ʃɑːmẽː
شان	urd	ʃɑːn
شانتی	urd	ʃɑːnt̪iː
شانو	urd	ʃɑːnoː
شانوں	urd	ʃɑːnõː
شانہ	urd	ʃɑːnɑː
شانے	urd	ʃɑːneː
شاور	urd	ʃɑːʋəɾ
شاپر	urd	ʃɑːpəɾ
شاگرد	urd	ʃɑːɡɪɾd̪
شاگردوں	urd	ʃɑːɡɪɾd̪õː
شاہ	urd	ʃɑːɦ
شاہراہ	urd	ʃɑːɦɾɑːɦ
شاہی	urd	ʃɑːɦiː
شاہین	urd	ʃɑːɦiːn
شایان	urd	ʃɑːjɑːn
شاید	urd	ʃɑːjəd̪
شب	urd	ʃəb
شبانہ	urd	ʃəbɑːnɑː
شبد	urd	ʃəbd̪
شبدکوش	urd	ʃəbd̪əkoːʃ
شبستان	urd	ʃəbɪst̪ɑːn
شبنم	urd	ʃəbnəm
شبھ	urd	ʃʊbʱ
شتابدی	urd	ʃət̪ɑːbd̪iː
شتر	urd	ʃʊt̪ʊɾ
شترمرغ	urd	ʃʊt̪ʊɾmʊɾɣ
شترو	urd	ʃət̪ɾuː
شتک	urd	ʃət̪ək
شجر	urd	ʃəd͡ʒəɾ
شخص	urd	ʃəxs
شدت	urd	ʃɪd̪d̪ət̪
شدھ	urd	ʃʊd̪d̪ʱ
شدید	urd	ʃəd̪iːd̪
شراب	urd	ʃəɾɑːb
شرارت	urd	ʃəɾɑːɾət̪
شرارتو	urd	ʃəɾɑːɾət̪oː
شرارتوں	urd	ʃəɾɑːɾət̪õː
شرارتی	urd	ʃəɾɑːɾət̪iː
شرارتیں	urd	ʃəɾɑːɾət̪ẽː
شرافت	urd	ʃəɾɑːfət̪
شرط	urd	ʃəɾt̪
شرطی	urd	ʃʊɾt̪iː
شرفا	urd	ʃʊɾəfɑː
شرم	urd	ʃəɾm
شرمگیں	urd	ʃəɾmɡĩː
شرک	urd	ʃɪɾk
شرکت	urd	ʃɪɾkət̪
شرکرا	urd	ʃəɾkəɾɑː
شریر	urd	ʃəɾiːɾ
شریعت	urd	ʃəɾiːʔət̪
شریعتوں	urd	ʃəɾiːʔət̪õː
شریعتیں	urd	ʃəɾiːʔət̪ẽː
شریف	urd	ʃəɾiːf
شرینگر	urd	ʃɾiːnəɡəɾ
ششن	urd	ʃɪʃn
ششک	urd	ʃəʃək
شطرنج	urd	ʃət̪ɾənd͡ʒ
شعر	urd	ʃiʔɾ
شعرا	urd	ʃʊʔəɾɑː
شعلوں	urd	ʃʊʔlõː
شعلہ	urd	ʃʊʔlɑː
شعلے	urd	ʃʊʔleː
شعور	urd	ʃʊʔuːɾ
شعیب	urd	ʃʊʔɛːb
شفا	urd	ʃɪfɑː
شفقت	urd	ʃəfqət̪
شفقتوں	urd	ʃəfqət̪õː
شفقتیں	urd	ʃəfqət̪ẽː
شفیق	urd	ʃəfiːq
شقرا	urd	ʃəqɾɑː
شلپشالا	urd	ʃɪlpʃɑːlɑː
شلیہ	urd	ʃəlɪjɑː
شماریات	urd	ʃʊmɑːɾjɑːt̪
شمال	urd	ʃʊmɑːl
شمس	urd	ʃəms
شمشیر	urd	ʃəmʃiːɾ
شمع	urd	ʃəmʔə
شمعو	urd	ʃəmʔoː
شمعوں	urd	ʃəmʔõː
شمعیں	urd	ʃəmʔẽː
شناخت	urd	ʃɪnɑːxt̪
شنتانو	urd	ʃənt̪ənuː
شوخی	urd	sɦoːkʰiː
شوربا	urd	ʃoːɾbɑː
شوریدہ	urd	ʃoːɾiːd̪ɑː
شوق	urd	ʃɔːq
شوپیاں	urd	ʃoːpɪjɑ̃ː
شوہر	urd	ʃɔːɦəɾ
شيخوپورہ	urd	ʃeːxuːpuːɾɑː
شکار	urd	ʃɪkɑːɾ
شکارپور	urd	ʃɪkɑːɾpuːɾ
شکاری	urd	ʃɪkɑːɾiː
شکایت	urd	ʃɪkɑːjət̪
شکتی	urd	ʃəkt̪iː
شکر	urd	ʃʊkɾ
شکرانو	urd	ʃʊkɾɑːnoː
شکرانوں	urd	ʃʊkɾɑːnõː
شکرانہ	urd	ʃʊkɾɑːnɑː
شکرانے	urd	ʃʊkɾɑːneː
شکریہ	urd	ʃʊkɾɪjɑː
شکست	urd	ʃɪkəst̪
شکنجہ	urd	ʃɪkənd͡ʒ
شکووں	urd	ʃɪkʋõː
شکوہ	urd	ʃɪkʋɑː
شکوہو	urd	ʃɪkoːɦoː
شکوہوں	urd	ʃɪkoːɦõː
شکوے	urd	ʃɪkʋeː
شکی	urd	ʃəkiː
شگن	urd	ʃəɡʊn
شہادت	urd	ʃəɦɑːd̪ət̪
شہباز	urd	ʃəɦbɑːz
شہتوت	urd	ʃəɦt̪uːt̪
شہدا	urd	ʃʊɦəd̪ɑː
شہر	urd	ʃəɦɾ
شہرت	urd	ʃʊɦɾət̪
شہرتوں	urd	ʃʊɦɾət̪ẽː
شہرتیں	urd	ʃʊɦɾət̪õː
شہروز	urd	ʃəɦɾoːz
شہروں	urd	ʃɛɦɾõː
شہری	urd	ʃəɦɾiː
شہزادہ	urd	ʃəɦzɑːd̪ɑː
شہزادی	urd	ʃəɦzɑːd̪iː
شہلا	urd	ʃəɦlɑː
شہمات	urd	ʃəɦmɑːt̪
شہنشاہ	urd	ʃəɦənʃɑːɦ
شہید	urd	ʃəɦiːd̪
شہیدو	urd	ʃəɦiːd̪oː
شہیدوں	urd	ʃəɦiːd̪õː
شیخ	urd	ʃeːx
شیخی	urd	ʃeːxiː
شیدا	urd	ʃɛːd̪ɑː
شیر	urd	ʃeːɾ
شیریں	urd	ʃiːɾĩː
شیشو	urd	ʃiːʃoː
شیشوں	urd	ʃiːʃõː
شیشہ	urd	ʃiːʃɑː
شیشے	urd	ʃiːʃeː
شیطان	urd	ʃɛːt̪ɑːn
شیفیلڈ	urd	ʃɛːfiːlɖ
شیو	urd	ʃiːʋ
شیوہ	urd	ʃeːʋɑː
شیکھاواٹی	urd	ʃeːkʰɑːʋɑːʈiː
شے	urd	ʃeː
صائب	urd	sɑːɪb
صابر	urd	sɑːbɪɾ
صابن	urd	sɑːbʊn
صاحب	urd	sɑːɦəb
صاحبان	urd	sɑːɦɪbɑːn
صاحبزادہ	urd	sɑːɦəbzɑːd̪
صاحبہ	urd	sɑːɦɪb
صارف	urd	sɑːɾɪf
صارفین	urd	sɑːɾɪfiːn
صاف	urd	sɑːf
صالح	urd	sɑːliːɦ
صبح	urd	sʊbəɦ
صبر	urd	səbɾ
صحافی	urd	sɪɦɑːfiː
صحبت	urd	sʊɦbət̪
صحت	urd	seːɦət̪
صحرا	urd	səɦɾɑː
صحن	urd	səɦn
صحیح	urd	səɦiːɦ
صحیفہ	urd	səɦiːfɑː
صدا	urd	səd̪ɑː
صداقت	urd	səd̪ɑːqət̪
صدر	urd	səd̪ɾ
صدرو	urd	səd̪ɾoː
صدروں	urd	səd̪ɾõː
صدقہ	urd	səd̪qɑː
صدی	urd	səd̪iː
صدیاں	urd	səd̪ɪjɑ̃ː
صدیوں	urd	səd̪ɪjõː
صرف	urd	sɪɾf
صعب	urd	səʔb
صغیر	urd	səɣiːɾ
صفائی	urd	səfɑːiː
صفحو	urd	səfɦoː
صفحوں	urd	səfɦõː
صفحہ	urd	səfɦɑː
صفحے	urd	səfɦeː
صفر	urd	sɪfɾ
صفرواں	urd	sɪfəɾʋɑ̃ː
صلاح	urd	səlɑːɦ
صلاحیت	urd	səlɑːɦɪjət̪
صلوۃ	urd	səlɑːt̪
صلہ	urd	sɪlə
صلی	urd	səllɑː
صلیب	urd	səliːb
صلیبی	urd	səliːbiː
صنعت	urd	sənʔət̪
صنف	urd	sɪnf
صنم	urd	sənəm
صنمیات	urd	sənəmɪjɑːt̪
صنوبر	urd	sənoːbəɾ
صوابی	urd	sʋɑːbiː
صوبہ	urd	suːbɑː
صورت	urd	suːɾət̪
صورتو	urd	suːɾət̪oː
صورتوں	urd	suːɾət̪õː
صورتیں	urd	suːɾət̪ẽː
صومالیہ	urd	soːmɑːlɪjɑː
ضائع	urd	zɑːjɪʔ
ضابطہ	urd	zɑːbɪt̪ɑː
ضبط	urd	zəbt̪
ضد	urd	zɪd̪
ضدی	urd	zɪd̪d̪iː
ضرر	urd	zəɾəɾ
ضرور	urd	zʊɾuːɾ
ضرورت	urd	zəɾuːɾət̪
ضروری	urd	zəɾuːɾiː
ضعفا	urd	zʊʔəfɑː
ضعیف	urd	zəʔiːf
ضعیفو	urd	zəʔiːfoː
ضعیفوں	urd	zəʔiːfõː
ضعیفہ	urd	zəʔiːf
ضلع	urd	zɪlʔə
ضلعوں	urd	zɪlʔõː
ضلعے	urd	zɪlʔeː
ضم	urd	zəm
ضمانت	urd	zəmɑːnət̪
ضمیر	urd	zəmiːɾ
ضمیمہ	urd	zəmiːmɑː
ضیافت	urd	zɪjɑːfət̪
طائرانہ	urd	t̪ɑːjɪɾɑːnɑː
طاعون	urd	t̪ɑːʔuːn
طاقت	urd	t̪ɑːqət̪
طاقتو	urd	t̪ɑːqət̪oː
طاقتور	urd	t̪ɑːqət̪ʋəɾ
طاقتوں	urd	t̪ɑːqət̪õː
طاقتیں	urd	t̪ɑːqət̪ẽː
طالبان	urd	t̪ɑːlɪbɑːn
طبق	urd	t̪əbəq
طبقو	urd	t̪əbəqoː
طبقوں	urd	t̪əbəqõː
طبقہ	urd	t̪əbəqɑː
طبقے	urd	t̪əbəqeː
طبلہ	urd	t̪əblɑː
طبی	urd	t̪ɪbbiː
طبیب	urd	t̪əbiːb
طبیعت	urd	t̪əbiːʔət̪
طبیعی	urd	t̪əbiːʔiː
طبیعیات	urd	t̪əbiːʔɪjjɑːt̪
طرابلس	urd	t̪əɾɑːbʊlʊs
طرح	urd	t̪əɾɑː
طرز	urd	t̪əɾz
طرزوں	urd	t̪əɾzõː
طرزیات	urd	t̪əɾzɪjɑːt̪
طرزیں	urd	t̪əɾzẽː
طرف	urd	t̪əɾəf
طریقہ	urd	t̪əɾiːqɑː
طشتری	urd	t̪əʃt̪əɾiː
طعام	urd	t̪əʔɑːm
طعنو	urd	t̪əʔnoː
طعنوں	urd	t̪əʔnõː
طعنہ	urd	t̪ɑːnɑː
طعنے	urd	t̪əʔneː
طفل	urd	t̪ɪfl
طلاق	urd	t̪əlɑːq
طلب	urd	t̪ələb
طلبگارو	urd	t̪ələbɡɑːɾoː
طلبگاروں	urd	t̪ələbɡɑːɾõː
طلعت	urd	t̪əlʔət̪
طلوع	urd	t̪ʊluːʔ
طوائف	urd	t̪əʋɑːɪf
طوبی	urd	t̪uːbɑː
طور	urd	t̪uːɾ
طوفان	urd	t̪uːfɑːn
طیاروں	urd	t̪əjjɑːɾõː
طیارہ	urd	t̪əjjɑːɾɑː
طیارے	urd	t̪əjjɑːɾeː
طیب	urd	t̪əjjɪb
طیر	urd	t̪ɛːɾ
طے	urd	t̪ɛː
ظالم	urd	zɑːlɪm
ظرف	urd	zəɾf
ظروف	urd	zʊɾuːf
ظفر	urd	zəfəɾ
ظلم	urd	zʊlm
ظہرانہ	urd	zoɦɾɑːnɑː
ظہور	urd	zʊɦuːɾ
عائلہ	urd	ʔɑːɪlɑː
عائلی	urd	ʔɑːɪliː
عابد	urd	ʔɑːbɪd̪
عابدہ	urd	ʔɑːbɪd̪ɑː
عاجزی	urd	ʔɑːd͡ʒɪziː
عادت	urd	ɑːd̪ət̪
عاشق	urd	ʔɑːʃɪq
عاصی	urd	ʔɑːsiː
عالم	urd	ɑːlɪm
عالیہ	urd	ʔɑːlɪjɑː
عام	urd	ʔɑːm
عاملہ	urd	ʔɑːmɪlɑː
عبادت	urd	ʔɪbɑːd̪ət̪
عبادتوں	urd	ʔɪbɑːd̪ət̪õː
عبادتی	urd	ɪbɑːd̪ət̪iː
عبادتیں	urd	ʔɪbɑːd̪ət̪ẽː
عبرانی	urd	ɪbɾɑːniː
عبری	urd	ɪbɾiː
عجائب	urd	əd͡ʒɑːɪb
عجب	urd	ʔəd͡ʒəb
عجمی	urd	əd͡ʒəmiː
عجیب	urd	əd͡ʒiːb
عدالت	urd	əd̪ɑːlət̪
عدد	urd	ʔəd̪əd̪
عدس	urd	ʔəd̪əs
عدم	urd	ʔəd̪əm
عذاب	urd	ʔəzɑːb
عراق	urd	ɪɾɑːq
عربستان	urd	ʔəɾbɪst̪ɑːn
عربی	urd	ʔəɾbiː
عرش	urd	ʔəɾʃ
عرشی	urd	ʔəɾʃiː
عرض	urd	əɾz
عرضی	urd	əɾziː
عرف	urd	ʊɾf
عرق	urd	ʔəɾəq
عروج	urd	ʔʊɾuːd͡ʒ
عزت	urd	ʔɪzzət̪
عزیز	urd	əziːz
عسل	urd	ʔəsəl
عشائیہ	urd	ʔɪʃɑːɪjɑː
عشق	urd	ɪʃq
عشقو	urd	ʔɪʃqoː
عشقوں	urd	ʔɪʃqõː
عصیان	urd	ʔɪsjɑːn
عضو	urd	ʊzʋ
عطر	urd	ʔɪt̪ɾ
عظم	urd	ʔəzm
عظمت	urd	ʔəzmət̪
عظمتو	urd	ʔəzmət̪oː
عظمتوں	urd	ʔəzmət̪õː
عظمتیں	urd	ʔəzmət̪ẽː
عظیم	urd	ʔəziːm
عفو	urd	ʔəfʋ
عقاب	urd	ʔʊqɑːb
عقل	urd	ʔəql
عقلمند	urd	ʔəqlmənd̪
عقی	urd	ʔɪqiː
عقیلہ	urd	əqiːlɑː
علاج	urd	ʔɪlɑːd͡ʒ
علاقو	urd	ʔɪlɑːqoː
علاقوں	urd	ʔɪlɑːqõː
علاقہ	urd	ʔɪlɑːqɑː
علاقے	urd	ʔɪlɑːqeː
علامت	urd	ʔəlɑːmət̪
علامتو	urd	ʔəlɑːmət̪oː
علامتوں	urd	ʔəlɑːmət̪õː
علامتیں	urd	ʔəlɑːmət̪ẽː
علف	urd	ʔələf
علم	urd	ɪlm
علما	urd	ʊləmɑː
علمی	urd	ɪlmiː
علمیات	urd	ɪlmɪjɑːt̪
علوم	urd	ʔʊluːm
علی	urd	ʔəliː
علیحدگی	urd	ʔəlɛːɦɪd̪əɡiː
علیحدہ	urd	ʔəlɛːɦɪd̪ɑː
علیزہ	urd	ʔəliːzɑː
علینہ	urd	əliːnɑː
عمان	urd	omɑːn
عمدہ	urd	ʔʊmd̪ɑː
عمر	urd	ʊmɾ
عمران	urd	ʔɪmɾɑːn
عمرکوٹ	urd	ʔʊməɾkoːʈ
عمرہ	urd	ʊmɾɑː
عمل	urd	əməl
عملہ	urd	ʔəməlɑː
عموما	urd	ʊmuːmən
عمومی	urd	ʊmuːmiː
عنابی	urd	ʊnnɑːbiː
عنایات	urd	ʔɪnɑːjɑːt̪
عنایت	urd	ʔɪnɑːjət̪
عنایتوں	urd	ʔɪnɑːjət̪õː
عنایتیں	urd	ʔɪnɑːjət̪ẽː
عنب	urd	ɪneːb
عنصر	urd	ʔʊnsʊɾ
عنوان	urd	ʔʊnʋɑːn
عوام	urd	ʔəʋɑːm
عورت	urd	ɔːɾət̪
عورتو	urd	ɔːɾət̪oː
عورتوں	urd	ɔːɾət̪õː
عورتیں	urd	ɔːɾət̪ẽː
عکرشہ	urd	ʔɪkɾəʃɑː
عکس	urd	ʔəks
عہد	urd	əɦəd̪
عہدوں	urd	ʔʊɦd̪õː
عہدہ	urd	ʊɦd̪ɑː
عہدے	urd	ʔʊɦd̪eː
عیادت	urd	ʔəjɑːd̪ət̪
عیادتوں	urd	ʔɪjɑːd̪ət̪õː
عیادتیں	urd	ʔɪjɑːd̪ət̪ẽː
عیار	urd	ʔɪjɑːɾ
عیاشی	urd	ʔəijɑːʃiː
عیاں	urd	ʔəjɑ̃ː
عیب	urd	ʔɛːb
عید	urd	ʔiːd̪
عیسائی	urd	ʔiːsɑːiː
عیسائیت	urd	ʔiːsɑːɪjət̪
عیسی	urd	iːsɑː
عیش	urd	ʔɛːʃ
عین	urd	ʔɛːn
عینک	urd	ʔɛːnək
غائب	urd	ɣɑːjəb
غار	urd	ɣɑːɾ
غاروں	urd	ɣɑːɾõː
غالب	urd	ɣɑːlɪb
غالبا	urd	ɣɑːlɪbən
غالی	urd	ɣɑːliː
غبارہ	urd	ɣʊbbɑːɾ
غدار	urd	ɣəd̪d̪ɑːɾ
غدارو	urd	ɣəd̪d̪ɑːɾoː
غداروں	urd	ɣəd̪d̪ɑːɾõː
غذا	urd	ɣɪzɑː
غرض	urd	ɣəɾəz
غرق	urd	ɣəɾq
غرناطہ	urd	ɣəɾnɑːt̪ɑːɦ
غروب	urd	ɣʊɾuːb
غرور	urd	ɣʊɾuːɾ
غریب	urd	ɣəɾiːb
غریبو	urd	ɣəɾiːboː
غریبوں	urd	ɣəɾiːbõː
غزل	urd	ɣəzəl
غزوہ	urd	ɣəzʋɑː
غزہ	urd	ɣəzzɑː
غسل	urd	ɣʊsl
غسلخانہ	urd	ɣʊslxɑːnɑː
غش	urd	ɣəʃ
غضب	urd	ɣəzəb
غفلت	urd	ɣəflət̪
غلام	urd	ɣʊlɑːm
غلامو	urd	ɣʊlɑːmoː
غلاموں	urd	ɣʊlɑːmõː
غلط	urd	ɣələt̪
غلطی	urd	ɣəlt̪iː
غلطیاں	urd	ɣələt̪ɪjɑ̃ː
غلطیو	urd	ɣələt̪ɪjoː
غلطیوں	urd	ɣələt̪ɪjõː
غلہ	urd	ɣəllɑː
غلیظ	urd	ɣəliːz
غم	urd	ɣəm
غمر	urd	ɣʊməɾ
غمو	urd	ɣəmoː
غموں	urd	ɣəmõː
غمگین	urd	ɣəmɡiːn
غنائیت	urd	ɣʊnnɑːiːjət̪
غنودگی	urd	ɣʊnuːd̪əɡiː
غنودگیاں	urd	ɣʊnuːd̪əɡɪjɑ̃ː
غنودگیوں	urd	ɣʊnuːd̪əɡɪjõː
غنودہ	urd	ɣʊnuːd̪ɑː
غنچہ	urd	ɣʊnt͡ʃɑː
غنڈہ	urd	ɣʊnɖɑː
غنہ	urd	ɣʊnnɑː
غنیمت	urd	ɣəniːmət̪
غور	urd	ɣɔːɾ
غوطہ	urd	ɣoːt̪
غوٹہ	urd	ɣoːʈɑː
غٹاغٹ	urd	ɣəʈɑːɣəʈ
غژماں	urd	ɣʊʒmɑ̃ː
غیر	urd	ɣɛːɾ
غیرت	urd	ɣɛːɾət̪
ـستان	urd	st̪ɑːn
ـگی	urd	ɡiː
فائدہ	urd	fɑːɪd̪
فادر	urd	fɑːd̪əɾ
فارس	urd	fɑːɾs
فارسی	urd	fɑːɾsiː
فارغ	urd	fɑːɾɪɣ
فاس	urd	fɑːs
فاسد	urd	fɑːsɪd̪
فاصلہ	urd	fɑːsɪlɑː
فاضل	urd	fɑːzɪl
فاقہ	urd	fɑːqɑː
فالتو	urd	fɑːlt̪uː
فالج	urd	fɑːlɪd͡ʒ
فالجوں	urd	fɑːlɪd͡ʒõː
فالحال	urd	fɪlɦɑːl
فالسئی	urd	fɑːlsəiː
فالسہ	urd	fɑːlsɑː
فالودہ	urd	fɑːluːd̪ɑː
فانوس	urd	fɑːnuːs
فانی	urd	fɑːniː
فاکہہ	urd	fɑːkɪɦɑː
فایدہ	urd	fɑːjɪd̪
فتح	urd	fət̪əɦ
فتنہ	urd	fɪt̪nɑː
فتور	urd	fʊt̪uːɾ
فتورو	urd	fʊt̪uːɾoː
فتوروں	urd	fʊt̪uːɾõː
فتیلہ	urd	fət̪iːl
فجی	urd	fɪd͡ʒiː
فحش	urd	fʊɦʃ
فخر	urd	fəxɾ
فدیہ	urd	fɪd̪jɑː
فرات	urd	fʊɾɑːt̪
فراز	urd	fəɾɑːz
فراق	urd	fɪɾɑːq
فراقوں	urd	fɪɾɑːqõː
فراموش	urd	fəɾɑːmoːʃ
فراموشی	urd	fəɾɑːmoːʃiː
فرانس	urd	fɾɑːns
فرانسیسی	urd	fəɾɑːnsiːsiː
فراہم	urd	fəɾɑːɦəm
فربہ	urd	fəɾbɑː
فرزند	urd	fəɾzənd̪
فرزی	urd	fəɾziː
فرزین	urd	fəɾziːn
فرزیں	urd	fəɾzĩː
فرش	urd	fəɾʃ
فرشتو	urd	fəɾɪʃt̪oː
فرشتوں	urd	fəɾɪʃt̪õː
فرشتہ	urd	fəɾɪʃt̪ɑː
فرشتے	urd	fəɾɪʃt̪eː
فرصت	urd	fʊɾsət̪
فرصتو	urd	fʊɾsət̪oː
فرصتوں	urd	fʊɾsət̪õː
فرصتیں	urd	fʊɾsət̪ẽː
فرض	urd	fəɾz
فرضی	urd	fəɾziː
فرعون	urd	fɪɾʔɔːn
فرقہ	urd	fɪɾqɑː
فرمائش	urd	fəɾmɑːɪʃ
فرمان	urd	fəɾmɑːn
فرمانا	urd	fəɾmɑːnɑː
فرنگی	urd	fɪɾəŋɡiː
فروری	urd	fəɾʋəɾiː
فرہاد	urd	fəɾɦɑːd̪
فرہنگ	urd	fəɾɦəŋɡ
فریاد	urd	fəɾjɑːd̪
فریال	urd	fəɾjɑːl
فریب	urd	fəɾeːb
فریبو	urd	fəɾeːboː
فریبوں	urd	fəɾeːbõː
فریق	urd	fəɾiːq
فرینکفرٹ	urd	fɾɛːŋkfəɾʈ
فزان	urd	fəzzɑːn
فساد	urd	fəsɑːd̪
فسادی	urd	fəsɑːd̪iː
فسانہ	urd	fəsɑːnɑː
فصل	urd	fəsl
فضا	urd	fəzɑː
فضائیہ	urd	fɪzɑːɪjɑː
فضل	urd	fəzl
فضلو	urd	fəzloː
فضلوں	urd	fəzlõː
فضول	urd	fʊzuːl
فطرت	urd	fɪt̪ɾət̪
فعل	urd	feːʔl
فغاں	urd	fʊɣɑ̃ː
فقروں	urd	fɪqɾõː
فقرہ	urd	fɪqɾɑː
فقرے	urd	fɪqɾeː
فقہ	urd	fɪqɦ
فقیر	urd	fəqiːɾ
فلائٹ	urd	flɑːɪʈ
فلاں	urd	fʊlɑ̃ː
فلسطین	urd	fɪlɪst̪iːn
فلسفہ	urd	fəlsəf
فلم	urd	fɪlm
فلپائن	urd	fɪlpɑːɪn
فلک	urd	fələk
فلکیات	urd	fəlkiːjɑːt̪
فن	urd	fən
فوتگی	urd	fɔːt̪ɪɡiː
فوج	urd	fɔːd͡ʒ
فوجو	urd	foːd͡ʒoː
فوجوں	urd	foːd͡ʒõː
فوجی	urd	fɔːd͡ʒiː
فوجیں	urd	foːd͡ʒẽː
فورا	urd	fɔːɾən
فولاد	urd	fɔːlɑːd̪
فولادو	urd	fɔːlɑːd̪oː
فولادوں	urd	fɔːlɑːd̪õː
فون	urd	fuːn
فٹ	urd	fʊʈ
فٹافٹ	urd	fəʈɑːfəʈ
فکر	urd	fɪkɾ
فہرست	urd	fəɦɾɪst̪
فہم	urd	fəɦm
فیروزہ	urd	fiːɾoːzɑː
فیروزی	urd	feːɾoːziː
فیصد	urd	fiːsəd̪
فیصل	urd	fɛːsəl
فیصلہ	urd	fɛːslɑː
فیضانو	urd	fɛːzɑːnoː
فیضانوں	urd	fɛːzɑːnõː
فیل	urd	fiːl
فیلا	urd	fiːlɑː
فیلان	urd	fiːlɑːn
فیلاں	urd	fiːlɑ̃ː
فیلہ	urd	fiːlɑː
قائل	urd	qɑːʔɪl
قائم	urd	qɑːjɪm
قاب	urd	qɑːb
قابض	urd	qɑːbɪz
قابل	urd	qɑːbɪl
قابلیت	urd	qɑːblɪjət̪
قاتل	urd	qɑːt̪ɪl
قادیان	urd	qɑːd̪ɪjɑːn
قاری	urd	qɑːɾiː
قاضی	urd	qɑːziː
قاعدو	urd	qɑːʔɪd̪oː
قاعدوں	urd	qɑːʔɪd̪õː
قاعدہ	urd	qɑːjd̪ɑː
قاعدے	urd	qɑːʔɪd̪eː
قافلو	urd	qɑːfɪloː
قافلوں	urd	qɑːfɪlõː
قافلہ	urd	qɑːfɪlɑː
قافلے	urd	qɑːfɪleː
قافیہ	urd	qɑːfɪjɑː
قاقم	urd	qɑːqʊm
قالین	urd	qɑːliːn
قالینوں	urd	qɑːliːnõː
قاموس	urd	qɑːmuːs
قانون	urd	qɑːnuːn
قانونوں	urd	qɑːnuːnõː
قانونی	urd	qɑːnuːniː
قاچاقی	urd	qɑːt͡ʃɑːqiː
قاہرہ	urd	qɑːɦɪɾɑː
قباحت	urd	qəbɑːɦət̪
قباحتو	urd	qəbɑːɦət̪oː
قباحتوں	urd	qəbɑːɦət̪õː
قباحتیں	urd	qəbɑːɦət̪ẽː
قبر	urd	qəbɾ
قبرستان	urd	qəbɾɪst̪ɑːn
قبرص	urd	qɪbɾɪs
قبض	urd	qəbz
قبضوں	urd	qəbzõː
قبضہ	urd	qəbzɑː
قبل	urd	qəbl
قبلتین	urd	qɪblət̪ɛːn
قبول	urd	qʊbuːl
قتل	urd	qət̪l
قدر	urd	qəd̪ɾ
قدرت	urd	qʊd̪ɾət̪
قدرتو	urd	qʊd̪ɾət̪oː
قدرتوں	urd	qʊd̪ɾət̪õː
قدرتیں	urd	qʊd̪ɾət̪ẽː
قدم	urd	qəd̪əm
قدیم	urd	qəd̪iːm
قذف	urd	qəzf
قرآن	urd	qʊɾʔɑːn
قرار	urd	qəɾɑːɾ
قراقرم	urd	qəɾɑːqʊɾəm
قربان	urd	qʊɾbɑːn
قربانی	urd	qʊɾbɑːniː
قرض	urd	qəɾz
قرضہ	urd	qəɾzɑː
قرطبہ	urd	qʊɾt̪ʊbɑːɦ
قرمز	urd	qɪɾmɪz
قرمزی	urd	qɪɾmɪziː
قرنطینہ	urd	qəɾənt̪iːnɑː
قرہ	urd	qəɾɑː
قریب	urd	qəɾiːb
قریں	urd	qəɾĩː
قزاقستان	urd	qəzɑːqɪst̪ɑːn
قسط	urd	qɪst̪
قسطنطنیہ	urd	qʊst̪ʊnt̪ʊnɪjɑː
قسطوں	urd	qɪst̪õː
قسطیں	urd	qɪst̪ẽː
قسم	urd	qɪsm
قسمت	urd	qɪsmət̪
قسموں	urd	qɪsmõː
قسمیں	urd	qɪsmẽː
قشنگ	urd	qəʃəŋɡ
قصائی	urd	qəsɑːiː
قصاب	urd	qəssɑːb
قصاص	urd	qɪsɑːs
قصبات	urd	qəsbɑːt̪
قصبوں	urd	qəsbõː
قصبہ	urd	qəsbɑː
قصبے	urd	qəsbeː
قصور	urd	qəsuːɾ
قصہ	urd	qɪssɑː
قصیدو	urd	qəsiːd̪oː
قصیدوں	urd	qəsiːd̪õː
قصیدہ	urd	qəsiːd̪ɑː
قصیدے	urd	qəsiːd̪eː
قضا	urd	qəzɑː
قضات	urd	qʊzɑːt̪
قضیب	urd	qəziːb
قطار	urd	qɪt̪ɑːɾ
قطب	urd	qʊt̪b
قطر	urd	qət̪əɾ
قطرات	urd	qət̪ɾɑːt̪
قطرو	urd	qət̪ɾoː
قطروں	urd	qət̪ɾõː
قطرہ	urd	qət̪ɾɑː
قطرے	urd	qət̪ɾeː
قطعا	urd	qət̪ʔən
قطعی	urd	qət̪əiː
قفس	urd	qəfəs
ققنس	urd	qəqnʊs
ققنوس	urd	qʊqnuːs
قلات	urd	qəlɑːt̪
قلب	urd	qəlb
قلعو	urd	qɪlʔoː
قلعوں	urd	qɪlʔõː
قلعہ	urd	qɪlʔɑː
قلعے	urd	qɪlʔeː
قلفی	urd	qʊlfiː
قلم	urd	qələm
قلندر	urd	qələnd̪əɾ
قلی	urd	qʊliː
قمچی	urd	qʊmt͡ʃiː
قمیص	urd	qəmiːs
قمیض	urd	qəmiːz
قواعد	urd	qəʋɑːjəd̪
قوالی	urd	qəʋʋɑːliː
قوانین	urd	qəʋɑːniːn
قوت	urd	quːt̪
قوطی	urd	quːt̪iː
قوق	urd	qɔːq
قول	urd	qɔːl
قوم	urd	qɔːm
قومی	urd	qɔːmiː
قومیت	urd	qɔːmɪjət̪
قوی	urd	qəʋiː
قہر	urd	qəɦɾ
قہقہہ	urd	qəɦqəɦɑː
قہوہ	urd	qəɦʋɑː
قیادت	urd	qɪjɑːd̪ət̪
قیادتوں	urd	qɪjɑːd̪ət̪õː
قیادتیں	urd	qɪjɑːd̪ət̪ẽː
قیامت	urd	qəjɑːmət̪
قید	urd	qɛːd̪
قیمت	urd	qiːmət̪
قیمتی	urd	qiːmt̪iː
قیمہ	urd	qiːmɑː
قینچی	urd	qɛ̃ːt͡ʃiː
قے	urd	qɛː
لئے	urd	lɪjeː
لاؤس	urd	lɑːoːs
لائبریری	urd	lɑːɪbɾeːɾiː
لائٹر	urd	lɑːɪʈəɾ
لاج	urd	lɑːd͡ʒ
لاجورد	urd	lɑːd͡ʒʋəɾd̪
لاجوردی	urd	lɑːd͡ʒʋəɾd̪iː
لاجوں	urd	lɑːd͡ʒõː
لاجیں	urd	lɑːd͡ʒẽː
لاحق	urd	lɑːɦɪq
لازم	urd	lɑːzɪm
لاش	urd	lɑːʃ
لاشو	urd	lɑːʃoː
لاشیں	urd	lɑːʃẽː
لاطینی	urd	lɑːt̪iːniː
لال	urd	lɑːl
لالٹین	urd	lɑːlʈeːn
لالہ	urd	lɑːlɑː
لامتناہی	urd	lɑːmʊt̪ənɑːɦiː
لانا	urd	lɑːnɑː
لانڈگا	urd	lɑ̃ːɖɡɑː
لاوارث	urd	lɑːʋɑːɾɪs
لاٹری	urd	lɑːʈəɾiː
لاٹھی	urd	lɑːʈʰiː
لاپتہ	urd	lɑːpət̪ɑː
لاپروا	urd	lɑːpəɾʋɑː
لاڈلہ	urd	lɑːɖlɑː
لاڈلی	urd	lɑːɖliː
لاڑکانہ	urd	lɑːɽkɑːnɑː
لاکھ	urd	lɑːkʰ
لاگت	urd	lɑːɡət̪
لاگتوں	urd	lɑːɡət̪õː
لاگتیں	urd	lɑːɡət̪ẽː
لاہور	urd	lɑːɦɔːɾ
لاہوری	urd	lɑːɦɔːɾiː
لب	urd	ləb
لباس	urd	lɪbɑːs
لبنان	urd	lɪbnɑːn
لبوں	urd	ləbõː
لبھانا	urd	lʊbʱɑːnɑː
لتھوینیا	urd	lɪt̪ʰʊeːnɪjɑː
لجنہ	urd	ləd͡ʒənɑː
لحظوں	urd	ləɦzõː
لحظہ	urd	ləɦzɑː
لحظے	urd	ləɦzeː
لحم	urd	ləɦəm
لداخ	urd	ləd̪d̪ɑːx
لدھیانہ	urd	lʊd̪ʱɪjɑːnɑː
لذات	urd	ləzzɑːt̪
لذت	urd	ləzzət̪
لذتوں	urd	ləzzət̪õː
لذتیں	urd	ləzzət̪ẽː
لرزاں	urd	ləɾzɑ̃ː
لسان	urd	lɪsɑːn
لسانیات	urd	lɪsɑːnɪjɑːt̪
لشکر	urd	ləʃkəɾ
لطفا	urd	lʊt̪fən
لطیفہ	urd	lət̪iːfɑː
لعب	urd	ləʔb
لغت	urd	lʊɣət̪
لغو	urd	ləɣʋ
لغوی	urd	lʊɣʋiː
لفافو	urd	lɪfɑːfoː
لفافوں	urd	lɪfɑːfõː
لفافہ	urd	lɪfɑːfɑː
لفافے	urd	lɪfɑːfeː
لفظ	urd	ləfz
لفنگا	urd	ləfəŋɡɑː
لقب	urd	ləqəb
لقمان	urd	lʊqmɑːn
للاٹ	urd	ləlɑːʈ
لمبا	urd	ləmbɑː
لمبائی	urd	lə̃mbɑːiː
لمحاتی	urd	ləmɦɑːt̪iː
لمحہ	urd	ləmɦ
لمپٹ	urd	ləmpəʈ
لندن	urd	lənd̪ən
لنگ	urd	lɪŋɡ
لنگایت	urd	lɪŋɡɑːjət̪
لنگڑا	urd	ləŋɡɽɑː
لنگڑانا	urd	ləŋɡɽɑːnɑː
لوبیا	urd	loːbɪjɑː
لوتھ	urd	loːt̪ʰ
لودهراں	urd	loːd̪ʱɾɑ̃ː
لورالائی	urd	loːɾɑːlɑːiː
لوری	urd	loːɾiː
لوسیل	urd	luːsɛːl
لوط	urd	luːt̪
لوقا	urd	luːqɑː
لومڑی	urd	loːmɽiː
لوٹ	urd	luːʈ
لوٹا	urd	luːʈɑː
لوٹو	urd	loːʈoː
لوٹوں	urd	loːʈõː
لوٹے	urd	loːʈeː
لوگ	urd	loːɡ
لوگو	urd	loːɡoː
لوگوں	urd	loːɡõː
لوہا	urd	loːɦɑː
لوہار	urd	loːɦɑːɾ
لوہوں	urd	loːɦõː
لوہے	urd	loːɦeː
لٹکنا	urd	ləʈəknɑː
لپٹنا	urd	lɪpəʈnɑː
لچک	urd	lət͡ʃək
لڑائی	urd	ləɽɑːiː
لڑنا	urd	ləɽnɑː
لڑکا	urd	ləɽkɑː
لڑکی	urd	ləɽkiː
لڑھکنا	urd	lʊɽʱəknɑː
لکشادیپ	urd	ləkʃɑːd̪iːp
لکشمی	urd	ləkʃmiː
لکڑی	urd	ləkɽiː
لکھائی	urd	lɪkʰɑːiː
لکھنؤ	urd	ləkʰnəuː
لکھنا	urd	lɪkʰnɑː
لکھنوی	urd	ləkʰnəʋiː
لگام	urd	ləɡɑːm
لگانا	urd	ləɡɑːnɑː
لگن	urd	ləɡən
لگے	urd	ləɡeː
لہجوں	urd	ləɦd͡ʒõː
لہجہ	urd	ləɦd͡ʒɑː
لہجے	urd	ləɦd͡ʒeː
لہذا	urd	lɪɦɑːzɑː
لہرانا	urd	lɛɦɾɑːnɑː
لہسن	urd	ləɦsʊn
لہنگا	urd	lɛːɦɛːŋɡɑː
لہو	urd	ləɦuː
لہہ	urd	leːɦ
لیئج	urd	lɪjeːd͡ʒ
لیسٹر	urd	lɛːsʈəɾ
لیل	urd	liːl
لیلام	urd	liːlɑːm
لیلی	urd	lɛːlɑː
لیموں	urd	liːmuː
لینا	urd	leːnɑː
لیون	urd	lɪjoːn
لیوں	urd	lɪjõː
لیٹنا	urd	leːʈnɑː
لیکن	urd	leːkɪn
لیکھ	urd	leːkʰ
لیکھنی	urd	leːkʰəniː
لیکھک	urd	leːkʰək
لیہہ	urd	leːɦ
لیے	urd	lɪjeː
لے	urd	leː
مآل	urd	məɑːl
مآلات	urd	məɑːlɑːt̪
مؤثر	urd	mʊʔəssɪɾ
مؤذن	urd	mʊəzzɪn
مؤسسہ	urd	mʊʔəssɪsə
مؤنث	urd	mʊʔənnəs
مئی	urd	məiː
ماء	urd	mɑːʔ
ماتا	urd	mɑːt̪ɑː
ماتم	urd	mɑːt̪əm
ماتھا	urd	mɑːt̪ʰɑː
ماتھو	urd	mɑːt̪ʰoː
ماتھوں	urd	mɑːt̪ʰõː
ماتھے	urd	mɑːt̪ʰeː
ماحول	urd	mɑːɦɔːl
ماخولیا	urd	mɑːxuːlɪjɑː
مادہ	urd	mɑːd̪ɑː
مادیت	urd	mɑːd̪d̪ɪjət̪
مارتول	urd	mɑːɾt̪ɔːl
مارنا	urd	mɑːɾnɑː
مارونی	urd	mɑːɾuːniː
مارچ	urd	mɑːɾt͡ʃ
مارگ	urd	mɑːɾɡ
ماسٹر	urd	mɑːsʈəɾ
ماسکو	urd	mɑːskoː
ماسی	urd	mɑːsiː
ماسیاں	urd	mɑːsɪjɑ̃ː
ماسیو	urd	mɑːsɪjoː
ماسیوں	urd	mɑːsɪjõː
ماضی	urd	mɑːziː
مالا	urd	mɑːlɑː
مالدووا	urd	mɑːld̪oːʋɑː
مالدیپ	urd	mɑːld̪iːp
مالٹا	urd	mɑːlʈɑː
مالٹوں	urd	mɑːlʈõː
مالٹے	urd	mɑːlʈeː
مالک	urd	mɑːlɪk
مالیخولیا	urd	mɑːliːxuːlɪjɑː
ماما	urd	mɑːmɑː
ماموں	urd	mɑːmũː
مامے	urd	mɑːmeː
ماندہ	urd	mɑːnd̪ɑː
مانسہرہ	urd	mɑːnsɛɦɾɑː
مانو	urd	mɑːnoː
مانوس	urd	mɑːnuːs
مانچسٹر	urd	mɑːnt͡ʃɪsʈəɾ
مانگ	urd	mɑːŋɡ
مانگنا	urd	mɑːŋɡnɑː
ماٹی	urd	mɑːʈiː
ماہ	urd	mɑːɦ
ماہانہ	urd	mɑːɦɑːnɑː
ماہر	urd	mɑːɦɪɾ
ماہرین	urd	mɑːɦɪɾiːn
ماہی	urd	mɑːɦiː
ماہ‌جبیں	urd	mɑːɦd͡ʒəbĩː
مبارزہ	urd	mʊbɑːɾəzɑː
مبارک	urd	mʊbɑːɾɪk
مبلغ	urd	mʊbəllɪɣ
مبنی	urd	məbnɑː
مت	urd	mət̪
متجسس	urd	mʊt̪əd͡ʒəssɪs
مترا	urd	mɪt̪ɾɑː
مترائی	urd	mɪt̪ɾɑːiː
مترجم	urd	mʊt̪əɾd͡ʒɪm
متسیہ	urd	mət̪sjɑː
متعارف	urd	mʊt̪əʔɑːɾəf
متعدد	urd	mʊt̪əʔəd̪d̪ɪd̪
متعلق	urd	mʊt̪əʔəllɪq
متفرق	urd	mʊt̪əfəɾɾɪq
متلی	urd	mət̪liː
متنوع	urd	mʊt̪ənəʋʋeːʔ
متوالا	urd	mət̪ʋɑːlɑː
متوالی	urd	mʊt̪əʋɑːliː
متوجہ	urd	mʊt̪əʋəd̪d͡ʒ
متولد	urd	mʊt̪əʋəllɪd̪
متولی	urd	mʊt̪əʋəlliː
متکلم	urd	mʊt̪əkəllɪm
متھرا	urd	mət̪ʰʊɾɑː
مثال	urd	mɪsɑːl
مثلا	urd	məsələn
مثلثیات	urd	mʊsəlsɪjɑːt̪
مجارستان	urd	məd͡ʒɑːɾɪst̪ɑːn
مجال	urd	məd͡ʒɑːl
مجبور	urd	məd͡ʒbuːɾ
مجرم	urd	mʊd͡ʒɾɪm
مجمع	urd	məd͡ʒməʔ
مجمعو	urd	məd͡ʒmoː
مجمعوں	urd	məd͡ʒmõː
مجمعے	urd	məd͡ʒmeː
مجموعو	urd	məd͡ʒmuːʔoː
مجموعوں	urd	məd͡ʒmuːʔõː
مجموعہ	urd	məd͡ʒmuːʔɑː
مجموعے	urd	məd͡ʒmuːʔeː
مجنون	urd	məd͡ʒnuːn
مجھ	urd	mʊd͡ʒʱ
مجھے	urd	mʊd͡ʒʱeː
مجہول	urd	məd͡ʒɦuːl
محاسب	urd	mʊɦɑːsɪb
محافظ	urd	mʊɦɑːfɪz
محافظت	urd	mʊɦɑːfəzət̪
محافظو	urd	mʊɦɑːfɪzoː
محافظوں	urd	mʊɦɑːfɪzõː
محال	urd	mʊɦɑːl
محبت	urd	mʊɦəbbət̪
محبتوں	urd	mʊɦəbbət̪õː
محبتیں	urd	mʊɦəbbət̪ẽː
محتاط	urd	mʊɦt̪ɑːt̪
محترم	urd	mʊɦt̪əɾəm
محترمہ	urd	mʊɦt̪əɾmɑː
محتسب	urd	moːɦt̪əsɪb
محروم	urd	məɦɾuːm
محسن	urd	moːɦsɪn
محسوس	urd	məɦsuːs
محشر	urd	məɦʃəɾ
محفل	urd	məɦfɪl
محل	urd	məɦəl
محلات	urd	məɦəllɑːt̪
محلوں	urd	məɦəllõː
محلہ	urd	məɦəllɑː
محلے	urd	məɦəlleː
محمد	urd	mʊɦəmməd̪
محمدی	urd	mʊɦəmːəd̪iː
محنت	urd	mɪɦnət̪
محنتو	urd	mɪɦnət̪oː
محنتوں	urd	mɪɦnət̪õː
محنتی	urd	mɪɦnət̪iː
محنتیں	urd	mɪɦnət̪ẽː
محکمہ	urd	məɦkəmɑː
مخالف	urd	mʊxɑːlɪf
مخالفت	urd	mʊxɑːlɪfət̪
مخالفتوں	urd	mʊxɑːlɪfət̪õː
مخالفتیں	urd	mʊxɑːlɪfət̪ẽː
مخالفو	urd	mʊxɑːlɪfoː
مخالفوں	urd	mʊxɑːlɪfõː
مختصر	urd	mʊxt̪əsəɾ
مختصرا	urd	mʊxt̪əsəɾən
مختلف	urd	mʊxt̪əlɪf
مخدوم	urd	məxd̪uːm
مخزن	urd	məxzən
مخلوط	urd	məxluːt̪
مخمل	urd	məxməl
مخملی	urd	məxməliː
مدت	urd	mʊd̪d̪ət̪
مدد	urd	məd̪əd̪
مددو	urd	məd̪əd̪oː
مددوں	urd	məd̪əd̪õː
مددگار	urd	məd̪əd̪ɡɑːɾ
مددیں	urd	məd̪əd̪ẽː
مدرا	urd	mʊd̪əɾɑː
مدراس	urd	məd̪ɾɑːs
مدعو	urd	məd̪ʔuː
مدعی	urd	mʊd̪d̪əʔɑː
مدفون	urd	məd̪fuːn
مدھم	urd	məd̪ːʰəm
مدھو	urd	məd̪ʱuː
مدھوبن	urd	məd̪ʱuːbən
مدہوش	urd	məd̪ɦoːʃ
مدیر	urd	mʊd̪iːɾ
مدیرا	urd	məd̪iːɾɑː
مدینہ	urd	məd̪iːnɑː
مذاق	urd	məzɑːq
مذاکرات	urd	mʊzɑːkəɾɑːt̪
مذاکرہ	urd	mʊzɑːkəɾɑː
مذمت	urd	məzəmmət̪
مذکر	urd	mʊzəkkəɾ
مذکور	urd	məzkuːɾ
مذہب	urd	məzɦəb
مذہبوں	urd	məzɦəbõː
مذہبی	urd	məzɦəbiː
مرا	urd	mɪɾɑː
مراد	urd	mʊɾɑːd̪
مرادوں	urd	mʊɾɑːd̪õː
مرادیں	urd	mʊɾɑːd̪ẽː
مراٹھی	urd	məɾɑːʈʰiː
مراکش	urd	məɾɑːkɪʃ
مربا	urd	mʊɾəbbɑː
مربع	urd	mʊɾəbbɑːʔ
مربی	urd	mʊɾəbbiː
مرتبہ	urd	məɾt̪əbɑː
مرتد	urd	mʊɾt̪əd̪
مرتیو	urd	məɾɪt̪juː
مرثیہ	urd	məɾsɪjɑː
مرد	urd	məɾd̪
مردار	urd	mʊɾd̪ɑːɾ
مردان	urd	məɾd̪ɑːn
مردانگی	urd	mɪɾd̪ɑːŋɡiː
مردانہ	urd	məɾd̪ɑːnɑː
مردد	urd	mʊɾəd̪d̪ɪd̪
مردنی	urd	mʊɾd̪əniː
مردو	urd	məɾd̪oː
مردوں	urd	məɾd̪õː
مردہ	urd	mʊɾd̪ɑː
مردے	urd	mʊɾd̪eː
مرض	urd	məɾz
مرضی	urd	məɾziː
مرعش	urd	məɾʔəʃ
مرغابی	urd	mʊɾɣɑːbiː
مرغی	urd	mʊɾɣiː
مرغیاں	urd	mʊɾɣɪjɑ̃ː
مرغیو	urd	mʊɾɣɪjoː
مرغیوں	urd	mʊɾɣɪjõː
مرمت	urd	məɾəmːət̪
مرنا	urd	məɾnɑː
مروانا	urd	məɾʋɑːnɑː
مرکز	urd	məɾkəz
مرکزی	urd	məɾkəziː
مرگ	urd	məɾɡ
مرگی	urd	mɪɾɡiː
مریادا	urd	məɾjɑːd̪ɑː
مریخ	urd	mɪɾɾiːx
مریدکے	urd	mʊɾiːd̪keː
مریض	urd	məɾiːz
مریم	urd	məɾjəm
مزاج	urd	mɪzɑːd͡ʒ
مزاحمت	urd	mʊzɑːɦəmət̪
مزدور	urd	məzd̪uːɾ
مزور	urd	məzuːɾ
مزہ	urd	məzɑː
مزید	urd	məziːd̪
مزیدار	urd	məzeːd̪ɑːɾ
مسئلوں	urd	məsəlõː
مسئلہ	urd	məsʔəlɑː
مسئلے	urd	məsəleː
مسائل	urd	məsɑːɪl
مساجد	urd	məsɑːd͡ʒɪd̪
مسافر	urd	mʊsɑːfɪɾ
مساکیت	urd	məsɑːkɪjət̪
مست	urd	məst̪
مستحق	urd	mʊst̪əɦəq
مستحکم	urd	mʊst̪əɦkəm
مستراح	urd	mʊst̪əɾɑːɦ
مسترد	urd	mʊst̪əɾəd̪
مستری	urd	mɪst̪ɾiː
مستعفی	urd	mʊst̪əʔfiː
مستقبل	urd	mʊst̪əqbɪl
مستقر	urd	mʊst̪əqəɾ
مستقل	urd	mʊst̪əqɪl
مستونگ	urd	məst̪uːŋɡ
مسجد	urd	məsd͡ʒɪd̪
مسجدوں	urd	məsd͡ʒɪd̪õː
مسجدیں	urd	məsd͡ʒɪd̪ẽː
مسقط	urd	məsqət̪
مسلسل	urd	mʊsəlsəl
مسلط	urd	mʊsəllət̪
مسلم	urd	mʊslɪm
مسلمان	urd	mʊsəlmɑːn
مسلمہ	urd	mʊsəlləmɑː
مسود	urd	mʊsəʋʋəd̪
مسوڑا	urd	məsuːɽɑː
مسوڑو	urd	məsuːɽoː
مسوڑوں	urd	məsuːɽõː
مسوڑھا	urd	məsuːɽʱɑː
مسوڑھو	urd	məsuːɽʱoː
مسوڑھوں	urd	məsuːɽʱõː
مسوڑھے	urd	məsuːɽʱeː
مسوڑے	urd	məsuːɽeː
مسٹنڈا	urd	mʊsʈənɖɑː
مسکراہٹ	urd	mʊskʊɾɑːɦəʈ
مسکراہٹوں	urd	mʊskʊɾɑːɦəʈõː
مسکراہٹیں	urd	mʊskʊɾɑːɦəʈẽː
مسیح	urd	məsiːɦ
مسیحا	urd	məsiːɦɑː
مسیحی	urd	məsiːɦiː
مسیحیت	urd	məsiːɦɪjət̪
مشاور	urd	mʊʃɑːʋɪɾ
مشاہدات	urd	mʊʃɑːɦɪd̪ɑːt̪
مشاہدو	urd	mʊʃɑːɦɪd̪oː
مشاہدوں	urd	mʊʃɑːɦɪd̪õː
مشاہدہ	urd	mʊʃɑːɦɪd̪ɑː
مشاہدے	urd	mʊʃɑːɦɪd̪eː
مشترکہ	urd	mʊʃt̪əɾəkɑː
مشدد	urd	mʊʃəd̪d̪əd̪
مشرق	urd	məʃɾɪq
مشرک	urd	mʊʃɾɪk
مشعل	urd	məʃʔəl
مشغلہ	urd	məʃɣəlɑː
مشغول	urd	məʃɣuːl
مشق	urd	məʃq
مشقت	urd	məʃəqːət̪
مشوروں	urd	məʃʋəɾõː
مشورہ	urd	məʃʋəɾɑː
مشورے	urd	məʃʋəɾeː
مشک	urd	mʊʃk
مشکل	urd	mʊʃkɪl
مشکوک	urd	məʃkuːk
مشہد	urd	məʃɦəd̪
مشہور	urd	məʃɦuːɾ
مشہوری	urd	məʃɦuːɾiː
مشہوریاں	urd	məʃɦuːɾɪjɑ̃ː
مشہوریوں	urd	məʃɦuːɾɪjõː
مشین	urd	məʃiːn
مصالحہ	urd	məsɑːlɦɑː
مصر	urd	mɪsɾ
مصروف	urd	məsɾuːf
مصری	urd	mɪsɾiː
مصنف	urd	mʊsənnɪf
مصنفہ	urd	mʊsənnɪf
مصیبت	urd	mʊsiːbət̪
مضبوط	urd	məzbuːt̪
مضر	urd	mʊzɪɾ
مضموم	urd	məzmuːm
مضمون	urd	məzmuːn
مطالعہ	urd	mʊt̪ɑːləʔɑː
مطعم	urd	mət̪ʔəm
مطلب	urd	mət̪ləb
مطلبی	urd	mət̪ləbiː
مطلقا	urd	mʊt̪ləqən
مطمئن	urd	mʊt̪məɪn
مظاہرہ	urd	mʊzɑːɦɪɾɑː
مظاہرین	urd	mʊzɑːɦɪɾiːn
مظلوم	urd	məzluːm
مع	urd	məʔ
معائنوں	urd	mʊʔɑːɪnõː
معائنہ	urd	mʊʔɑːɪnɑː
معائنے	urd	mʊʔɑːɪneː
معاش	urd	məʔɑːʃ
معاشرہ	urd	mʊʔɑːʃəɾɑː
معاصر	urd	mʊʔɑːsəɾ
معاف	urd	mʊʔɑːf
معافی	urd	mʊʔɑːfiː
معافیاں	urd	mʊʔɑːfɪjɑ̃ː
معافیوں	urd	mʊʔɑːfɪjõː
معاملات	urd	mʊʔɑːməlɑːt̪
معاملہ	urd	mʊʔɑːmlɑː
معاہدو	urd	mʊʔɑːɦəd̪oː
معاہدوں	urd	mʊʔɑːɦəd̪õː
معاہدہ	urd	mʊʔɑːɦəd̪ɑː
معاہدے	urd	mʊʔɑːɦəd̪eː
معبد	urd	məʔbəd̪
معبود	urd	mɑːʔbuːd̪
معتمد	urd	moːʔt̪əməd̪
معجزات	urd	mʊʔd͡ʒɪzɑːt̪
معجزو	urd	mʊʔd͡ʒɪzoː
معجزوں	urd	mʊʔd͡ʒɪzõː
معجزہ	urd	mʊʔd͡ʒɪzə
معجزے	urd	mʊʔd͡ʒɪzeː
معجم	urd	mʊʔd͡ʒəm
معجمہ	urd	mʊʔd͡ʒəmɑː
معدہ	urd	mɛːd̪a
معذرت	urd	məʔzəɾət̪
معذرتو	urd	məʔzəɾət̪oː
معذرتوں	urd	məʔzəɾət̪õː
معذرتیں	urd	məʔzəɾət̪ẽː
معذور	urd	məʔzuːɾ
معروف	urd	məʔɾuːf
معرکہ	urd	məʔɾəkɑː
معصوم	urd	məʔsuːm
معصومو	urd	məʔsuːmoː
معصوموں	urd	məʔsuːmõː
معطل	urd	mʊʔət̪t̪əl
معلم	urd	mʊʔəllɪm
معلوم	urd	mɑːluːm
معمار	urd	meːʔmɑːɾ
معمر	urd	mʊʔəmːəɾ
معمول	urd	mɑːmuːl
معمولی	urd	mɑːmuːliː
معنوی	urd	mɑːʔnəʋiː
معیار	urd	meːʔjɑːɾ
معیاروں	urd	mɪʔjɑːɾõː
معیاری	urd	meːʔjɑːɾiː
معیشت	urd	məʔiːʃət̪
مغرب	urd	məɣɾɪb
مغل	urd	mʊɣəl
مغلوط	urd	məɣluːt̪
مفاہمت	urd	mʊfɑːɦɪmət̪
مفت	urd	mʊft̪
مفتوح	urd	məft̪uːɦ
مفتی	urd	mʊft̪iː
مفسد	urd	mʊfsɪd̪
مفہوم	urd	məfɦuːm
مقاصد	urd	məqɑːsɪd̪
مقامی	urd	məqɑːmiː
مقاومت	urd	mʊqɑːʋəmət̪
مقبوض	urd	məqbuːz
مقبوضہ	urd	məqbuːzɑː
مقبول	urd	məqbuːl
مقبولیت	urd	məqbuːlɪjjət̪
مقتل	urd	məqt̪əl
مقدار	urd	mɪqd̪ɑːɾ
مقدسہ	urd	mʊqəd̪ːəsɑː
مقدمہ	urd	mʊqəd̪mɑː
مقدونی	urd	məqd̪uːniː
مقروض	urd	məqɾuːz
مقصد	urd	məqsəd̪
مقصود	urd	məqsuːd̪
مقطع	urd	məqt̪ɑː
مقناطيس	urd	məqnɑːt̪iːs
مقناطیس	urd	məqnɑːt̪iːs
مقننہ	urd	mʊqənnɪnɑː
مقید	urd	mʊqəjjəd̪
مقیم	urd	mʊqiːm
ملائم	urd	mʊlɑːjəm
ملائیشیا	urd	mələjʃɪjɑː
ملاحظہ	urd	mʊlɑːɦəzɑː
ملازمت	urd	mʊlɑːzəmət̪
ملاقات	urd	mʊlɑːqɑːt̪
ملاقاتو	urd	mʊlɑːqɑːt̪oː
ملاقاتوں	urd	mʊlɑːqɑːt̪õː
ملاقاتیں	urd	mʊlɑːqɑːt̪ẽː
ملامت	urd	məlɑːmət̪
ملانا	urd	mɪlɑːnɑː
ملبوس	urd	məlbuːs
ملتان	urd	mʊlt̪ɑːn
ملتانی	urd	mʊlt̪ɑːniː
ملزم	urd	mʊlzɪm
ململ	urd	məlməl
ملن	urd	mɪlən
ملنا	urd	mɪlnɑː
ملنسار	urd	mɪlənsɑːɾ
ملنگ	urd	mələŋɡ
ملوث	urd	mʊləʋʋəs
ملک	urd	mʊlk
ملکاؤ	urd	məlɪkɑːoː
ملکاؤں	urd	məlɪkɑːõː
ملکائیں	urd	məlɪkɑːẽː
ملکو	urd	mʊlkoː
ملکوں	urd	mʊlkõː
ملکہ	urd	məlɪkɑː
ملکی	urd	mʊlkiː
ملکیت	urd	mɪlɪkɪjjət̪
ملی	urd	məlliː
ملیامیٹ	urd	məlɪjɑːmeːʈ
ممالک	urd	məmɑːlɪk
ممانی	urd	mʊmɑːniː
ممبئی	urd	mʊmbəiː
ممباسہ	urd	mʊmbɑːsɑː
ممتاز	urd	mʊmt̪ɑːz
مملکت	urd	məmlʊkət̪
ممنوع	urd	məmnuːʔ
ممکن	urd	mʊmkɪn
ممی	urd	məmiː
منا	urd	mʊnnɑː
منازل	urd	mənɑːzɪl
مناسب	urd	mʊnɑːsɪb
مناسبت	urd	mʊnɑːsəbət̪
مناظر	urd	mənɑːzɪɾ
مناعت	urd	mənɑːʔət̪
منافقانہ	urd	mʊnɑːfɪqɑːn
منانا	urd	mənɑːnɑː
منتخب	urd	mʊnt̪əxəb
منتر	urd	mənt̪əɾ
منتظم	urd	mʊnt̪əzɪm
منجمد	urd	mʊnd͡ʒəmɪd̪
منحصر	urd	mʊnɦəsɪɾ
منحوس	urd	mənɦuːs
مند	urd	mənd̪
مندر	urd	mənd̪ɪɾ
مندروں	urd	mənd̪ɪɾõː
منزل	urd	mənzɪl
منزلو	urd	mənzɪloː
منزلوں	urd	mənzɪlõː
منزلیں	urd	mənzɪlẽː
منسلک	urd	mʊnsəlɪk
منسوخ	urd	mənsuːx
منشور	urd	mənʃuːɾ
منشوروں	urd	mənʃuːɾõː
منشی	urd	mʊnʃiː
منشیات	urd	mʊnəʃʃɪjɑːt̪
منشیہ	urd	mənʊʃjɑː
منصوبہ	urd	mənsuːbɑː
منظر	urd	mənzəɾ
منظم	urd	mʊnəzzəm
منظور	urd	mənzuːɾ
منظوری	urd	mənzuːɾiː
منع	urd	mənɑː
منفرد	urd	mʊnfəɾɪd̪
منقبت	urd	mənqəbət̪
منقطع	urd	mʊnqət̪ɪʔ
منٹ	urd	mɪnəʈ
منڈا	urd	mʊnɖɑː
منکر	urd	mʊnkəɾ
منکھ	urd	mənʊkʰ
منگنی	urd	məŋɡniː
منگوانا	urd	məŋɡʋɑːnɑː
منگولیا	urd	məŋɡoːlɪjɑː
منگیتر	urd	məŋɡeːt̪əɾ
منہ	urd	mʊ̃ɦ
منہدم	urd	mʊnɦəd̪ɪm
منی	urd	məniː
منیت	urd	mʊnjət̪
مواصلات	urd	mʊʋɑːsəlɑːt̪
مواقع	urd	məʋɑːqeː
موبائل	urd	moːbɑːjl
موت	urd	mɔːt̪
موتر	urd	muːt̪ɾ
موتوں	urd	mɔːt̪õː
موتی	urd	moːt̪iː
موتیو	urd	moːt̪ɪjoː
موتیوں	urd	moːt̪ɪjõː
موتیں	urd	mɔːt̪ẽː
موج	urd	mɔːd͡ʒ
موجود	urd	mɔːd͡ʒuːd̪
موجودگی	urd	mɔːd͡ʒuːd̪əɡiː
موجودہ	urd	mɔːd͡ʒuːd̪ɑː
مور	urd	moːɾ
مورت	urd	muːɾət̪
مورتی	urd	muːɾt̪iː
مورمن	urd	mɔɾmən
مورچہ	urd	moːɾt͡ʃɑː
موز	urd	mɔːz
موزمبیق	urd	moːzɑːmbiːq
موسم	urd	mɔːsəm
موسمبی	urd	mɔːsəmbiː
موسموں	urd	mɔːsəmõː
موسوم	urd	mɔːsuːm
موسی	urd	muːsɑː
موسیقار	urd	muːsiːqɑːɾ
موسیقارو	urd	muːsiːqɑːɾoː
موسیقاروں	urd	muːsiːqɑːɾõː
موسیقی	urd	muːsiːqiː
موضوع	urd	mɔːzuːʔ
موضوعات	urd	mɔːzuːʔɑːt̪
موقع	urd	mɔːqɑː
موقعوں	urd	mɔːqʔõː
موقعے	urd	mɔːqʔeː
مول	urd	muːl
مولا	urd	mɔːlɑː
مولود	urd	mɔːluːd̪
مومن	urd	moːmɪn
مومنو	urd	moːmɪnoː
مومنوں	urd	moːmɪnõː
مومنہ	urd	moːmɪnɑː
مومنین	urd	moːmɪniːn
مونٹینیگرو	urd	moːnʈeːniːɡɾoː
مونچھ	urd	mũːt͡ʃʰ
مونچھوں	urd	mũːt͡ʃʰõː
مونچھیں	urd	mũːt͡ʃʰẽː
مووی	urd	muːʋiː
موٹا	urd	moːʈɑː
موٹی	urd	moːʈiː
مویشی	urd	məʋeːʃiː
ميت	urd	məjjət̪
مٹانا	urd	mɪʈɑːnɑː
مٹاپا	urd	mʊʈɑːpɑː
مٹاپوں	urd	mʊʈɑːpõː
مٹاپے	urd	mʊʈɑːpeː
مٹر	urd	məʈəɾ
مٹنا	urd	mɪʈnɑː
مٹکی	urd	məʈkiː
مٹھ	urd	məʈʰ
مٹھائی	urd	mɪʈʰɑːiː
مٹھائیاں	urd	mɪʈʰɑːɪjɑ̃ː
مٹھائیوں	urd	mɪʈʰɑːɪjõː
مٹھی	urd	mʊʈʈʰiː
مٹی	urd	mɪʈʈiː
مچھ	urd	mət̪t͡ʃʰ
مچھر	urd	mət͡ʃːʰəɾ
مچھلی	urd	mət͡ʃʰliː
مژگانی	urd	mɪʒɡɑːniː
مکا	urd	məkkɑː
مکاتب	urd	məkɑːt̪ɪb
مکالمہ	urd	mʊkɑːləmɑː
مکان	urd	məkɑːn
مکتب	urd	məkt̪əb
مکروہ	urd	məkɾuːɦ
مکسور	urd	məksuːɾ
مکمل	urd	mʊkəmməl
مکنون	urd	məknuːn
مکھ	urd	mʊkʰ
مکھن	urd	məkkʰən
مکھنوں	urd	məkkʰənõː
مکھڑا	urd	mʊkʰɽɑː
مکھی	urd	məkkʰiː
مکھیاں	urd	məkkʰɪjɑ̃ː
مکھیو	urd	məkkʰɪjoː
مکھیوں	urd	məkkʰɪjõː
مکہ	urd	məkkɑː
مگرمچھ	urd	məɡəɾmət͡ʃʰ
مہا	urd	məɦɑː
مہابھارت	urd	məɦɑːbʱɑːɾət̪
مہاتما	urd	məɦɑːt̪mɑː
مہاجر	urd	mʊɦɑːd͡ʒɪɾ
مہاجرت	urd	mʊɦɑːd͡ʒəɾət̪
مہاجرین	urd	mʊɦɑːd͡ʒɪɾiːn
مہاراشٹر	urd	məɦɑːɾɑːʃʈɾɑː
مہارانی	urd	məɦɑːɾɑːniː
مہارت	urd	məɦɑːɾət̪
مہان	urd	məɦɑːn
مہاوت	urd	məɦɑːʋət̪
مہر	urd	meːɦəɾ
مہران	urd	meːɦɾɑːn
مہربان	urd	meːɦɾbɑːn
مہرہ	urd	mʊɦɾɑː
مہلت	urd	mʊɦlət̪
مہلتوں	urd	mʊɦlət̪õː
مہلتیں	urd	mʊɦlət̪ẽː
مہمان	urd	meːɦmɑːn
مہمانی	urd	mɪɦmɑːniː
مہندس	urd	mʊɦənd̪ɪs
مہندی	urd	meːɦənd̪iː
مہنڈر	urd	mɪɦɪnɖəɾ
مہنگا	urd	məɦəŋɡɑː
مہنگائی	urd	məɦəŋɡɑːiː
مہک	urd	məɦək
مہکار	urd	məɦəkɑːɾ
مہکو	urd	məɦəkoː
مہکوں	urd	məɦəkõː
مہکیں	urd	məɦəkẽː
مہیلا	urd	məɦiːlɑː
مہینا	urd	məɦiːnɑː
مہینہ	urd	məɦiːnɑː
میانمار	urd	mɪjɑːnmɑːɾ
میانوالی	urd	mɪjɑ̃ːʋɑːliː
میاں	urd	mɪjɑ̃ː
میتھن	urd	mɛːt̪ʰʊn
میخانہ	urd	mɛːxɑːnɑː
میدان	urd	mɛːd̪ɑːn
میدھا	urd	meːd̪ʱɑː
میرا	urd	meːɾɑː
میرپور	urd	miːɾpuːɾ
میری	urd	meːɾiː
میز	urd	meːz
میزان	urd	miːzɑːn
میزبان	urd	meːzbɑːn
میزورم	urd	miːzoːɾəm
میش	urd	meːʃ
میغ	urd	meːɣ
میل	urd	mɛːl
میمن	urd	mɛːmən
مینو	urd	miːnuː
مینڈھا	urd	mɛːnɖʱɑː
مینڈھر	urd	meːnɖʱəɾ
مینڈھک	urd	meːnɖʱək
مینگورہ	urd	miːŋɡoːɾɑː
مینہ	urd	mẽːɦ
میور	urd	məjuːɾ
میونخ	urd	mjuːnɪx
میوہ	urd	meːʋɑː
میٹھا	urd	miːʈʰɑː
میکائیل	urd	miːkɑːiːl
میکسیکو	urd	meːksiːkoː
میگھ	urd	meːɡʱ
میگھالیہ	urd	meːɡʱɑːlɪjəɦ
میں	urd	mẽː
مے	urd	məj
نئی	urd	nəiː
نا	urd	nɑː
نائب	urd	nɑːɪb
نائی	urd	nɑːiː
نائیجیریا	urd	nɑːiːd͡ʒiːɾɪjɑː
ناامید	urd	nɑːʊmmiːd̪
ناانصافی	urd	nɑːɪnsɑːfiː
نابینا	urd	nɑːbiːnɑː
ناتن	urd	nɑːt̪ɪn
ناتی	urd	nɑːt̪iː
ناخدا	urd	nɑːxʊd̪ɑː
ناخن	urd	nɑːxʊn
نادار	urd	nɑːd̪ɑːɾ
نادان	urd	nɑːd̪ɑːn
نادر	urd	nɑːd̪ɪɾ
ناراض	urd	nɑːɾɑːz
ناراضگی	urd	nɑːɾɑːzɡiː
نارنجی	urd	nɑːɾənd͡ʒiː
نارنگی	urd	nɑːɾəŋɡiː
ناروا	urd	nɑːɾəʋɑː
نارووال	urd	nɑːɾoːʋɑːl
ناروے	urd	nɑːɾʋeː
ناریل	urd	nɑːɾɪjəl
ناز	urd	nɑːz
نازل	urd	nɑːzɪl
نازک	urd	nɑːzʊk
نازیبا	urd	nɑːzeːbɑː
ناستک	urd	nɑːst̪ɪk
ناشتا	urd	nɑːʃt̪ɑː
ناشتوں	urd	nɑːʃt̪õː
ناشتے	urd	nɑːʃt̪eː
ناشر	urd	nɑːʃɪɾ
ناشپاتی	urd	nɑːʃpɑːt̪iː
ناصح	urd	nɑːseːɦ
ناصر	urd	nɑːsɪɾ
ناصرت	urd	nɑːsəɾət̪
ناصرہ	urd	nɑːsɪɾɑː
ناصور	urd	nɑːsuːɾ
ناظر	urd	nɑːzɪɾ
ناظم	urd	nɑːzɪm
ناف	urd	nɑːf
نافرمان	urd	nɑːfəɾmɑːn
نافرمانبرداری	urd	nɑːfəɾmɑ̃ːbəɾd̪ɑːɾiː
ناقص	urd	nɑːqɪs
ناقوس	urd	nɑːquːs
نال	urd	nɑːl
نالی	urd	nɑːliː
نام	urd	nɑːm
نامرد	urd	nɑːməɾd̪
نامردی	urd	nɑːməɾd̪iː
ناممکن	urd	nɑːmʊmkɪn
نامنظور	urd	nɑːmənzuːɾ
نامنظوری	urd	nɑːmənzuːɾiː
نامہ	urd	nɑːmɑː
نامی	urd	nɑːmiː
نان	urd	nɑːn
نانا	urd	nɑːnɑː
نانگل	urd	nɑːŋɡəl
نانی	urd	nɑːniː
ناو	urd	nɑːʋ
ناول	urd	nɑːʋɪl
ناٹک	urd	nɑːʈək
ناپاک	urd	nɑːpɑːk
ناچ	urd	nɑːt͡ʃ
ناچنا	urd	nɑːt͡ʃnɑː
ناک	urd	nɑːk
ناکارہ	urd	nɑːkɑːɾɑː
ناکام	urd	nɑːkɑːm
ناکہ	urd	nɑːkɑː
ناگ	urd	nɑːɡ
ناگالینڈ	urd	nɑːɡɑːlɛːnɖ
ناگرک	urd	nɑːɡɾɪk
ناہر	urd	nɑːɦəɾ
نایاب	urd	nɑːjɑːb
نباتیات	urd	nəbɑːt̪ɪjɑːt̪
نبض	urd	nəbz
نبھانا	urd	nɪbʱɑːnɑː
نتیجتا	urd	nət̪iːd͡ʒət̪ən
نتیجہ	urd	nət̪iːd͡ʒɑː
نثر	urd	nəsɾ
نجار	urd	nəd̪d͡ʒɑːɾ
نجبا	urd	nʊd͡ʒəbɑː
نجم	urd	nəd͡ʒm
نجوم	urd	nʊd͡ʒuːm
نجی	urd	nɪd͡ʒiː
نجیب	urd	nəd͡ʒiːb
نخرا	urd	nəxɾɑː
نخست	urd	nʊxʊst̪
نخستین	urd	nxʊst̪iːn
نخلستان	urd	nəxlɪst̪ɑːn
نخچیر	urd	nəxt͡ʃiːɾ
ندرشن	urd	nɪd̪əɾʃən
ندی	urd	nəd̪iː
ندیاں	urd	nəd̪ɪjɑ̃ː
ندیو	urd	nəd̪ɪjoː
ندیوں	urd	nəd̪ɪjõː
نر	urd	nəɾ
نردوش	urd	nɪɾd̪oːʃ
نرست	urd	nɪɾəst̪
نرم	urd	nəɾm
نرمان	urd	nɪɾmɑːn
نرمی	urd	nəɾmiː
نرنایک	urd	nɪɾnɑːjək
نرگس	urd	nəɾɡɪs
نزاکت	urd	nəzɑːkət̪
نزدیک	urd	nəzd̪iːk
نزدیکی	urd	nəzd̪iːkiː
نزہت	urd	nʊzɦət̪
نسا	urd	nɪsɑː
نسائیت	urd	nɪsɑːɪjət̪
نسبتا	urd	nɪsbət̪ən
نستعلیق	urd	nəst̪əʔliːq
نسخ	urd	nəsx
نسخہ	urd	nʊsxɑː
نسل	urd	nəsl
نسیم	urd	nəsiːm
نسیموں	urd	nəsiːmõː
نسیمیں	urd	nəsiːmẽː
نشان	urd	nɪʃɑːn
نشانی	urd	nɪʃɑːniː
نشریات	urd	nəʃɾɪjjɑːt̪
نشریہ	urd	nəʃɾɪjɑː
نشست	urd	nəʃɪst̪
نشور	urd	nʊʃuːɾ
نشٹ	urd	nəʃʈ
نشچت	urd	nɪʃt͡ʃɪt̪
نشہ	urd	nəʃə
نصاب	urd	nɪsɑːb
نصاری	urd	nəsɑːɾɑː
نصرانی	urd	nəsɾɑːniː
نصرت	urd	nʊsɾət̪
نصیب	urd	nəsiːb
نصیبو	urd	nəsiːboː
نصیبوں	urd	nəsiːbõː
نصیحت	urd	nəsiːɦət̪
نطرون	urd	nət̪ɾuːn
نظارہ	urd	nəzɑːɾɑː
نظام	urd	nɪzɑːm
نظامت	urd	nɪzɑːmət̪
نظر	urd	nəzəɾ
نظریہ	urd	nəzəɾɪjɑː
نظم	urd	nəzm
نظموں	urd	nəzmõː
نظمیں	urd	nəzmẽː
نظیف	urd	nəziːf
نعت	urd	nɑːt̪
نعتوں	urd	nəʔət̪õː
نعتیں	urd	nəʔət̪ẽː
نعرہ	urd	nɑːɾɑːɦ
نعل	urd	nəʔl
نعمت	urd	nɪʔmət̪
نعمتو	urd	nɪʔmət̪oː
نعمتوں	urd	nɪʔmət̪õː
نعمتیں	urd	nɪʔmət̪ẽː
نغمات	urd	nəɣmɑːt̪
نغمو	urd	nəɣmoː
نغموں	urd	nəɣmõː
نغمہ	urd	nəɣmɑː
نغمے	urd	nəɣmeː
نفاذ	urd	nəfɑːz
نفاق	urd	nəfɑːq
نفرت	urd	nəfɾət̪
نفرتوں	urd	nəfɾət̪õː
نفرتیں	urd	nəfɾət̪ẽː
نقاب	urd	nɪqɑːb
نقارہ	urd	nəqqɑːɾɑː
نقاش	urd	nəqqɑːʃ
نقاشی	urd	nəqqɑːʃiː
نقشہ	urd	nəqʃəɦ
نقصان	urd	nʊqsɑːn
نقطہ	urd	nʊqt̪ɑː
نقلی	urd	nəqliː
نلکا	urd	nəlkɑː
نمائندگی	urd	nʊmɑːɪnd̪əɡiː
نماز	urd	nəmɑːz
نمازوں	urd	nəmɑːzõː
نمازیں	urd	nəmɑːzẽː
نمبو	urd	nɪmbuː
نمرودیت	urd	nəmɾuːd̪ɪjjət̪
نمستے	urd	nəməst̪eː
نمونہ	urd	nəmuːn
نمک	urd	nəmək
نمکین	urd	nəmkiːn
نمی	urd	nəmiː
نن	urd	nən
نند	urd	nənd̪
نندو	urd	nənd̪oː
نندوئی	urd	nənd̪oːiː
نندوئیو	urd	nənd̪oːɪjoː
نندوئیوں	urd	nənd̪oːɪjõː
نندوں	urd	nənd̪õː
نندیں	urd	nənd̪ẽː
ننگا	urd	nə̃ŋɡɑː
ننھا	urd	nənʱɑː
نو	urd	nɔː
نوآبادیاتی	urd	nɔːɑːbɑːd̪ɪjɑːt̪iː
نوابشاہ	urd	nəʋɑːbʃɑːɦ
نوازش	urd	nəʋɑːzɪʃ
نوازشوں	urd	nəʋɑːzɪʃõː
نوازشیں	urd	nəʋɑːzɪʃẽː
نواسو	urd	nəʋɑːsoː
نواسوں	urd	nəʋɑːsõː
نواسہ	urd	nəʋɑːsɑː
نواسے	urd	nəʋɑːseː
نوبت	urd	nɔːbət̪
نوجوان	urd	nɔːd͡ʒəʋɑːn
نوجوانو	urd	nɔːd͡ʒəʋɑːnoː
نوجوانوں	urd	nɔːd͡ʒəʋɑːnõː
نوح	urd	nuːɦ
نور	urd	nuːɾ
نوش	urd	noːʃ
نوشکی	urd	nuːʃkiː
نوشہرہ	urd	nɔːʃɛɦɾɑː
نوشی	urd	noːʃiː
نومبر	urd	nəʋəmbəɾ
نونہال	urd	nɔːnɪɦɑːl
نونہالان	urd	nɔːnɪɦɑːlɑːn
نونہالو	urd	nɔːnɪɦɑːloː
نونہالوں	urd	nɔːnɪɦɑːlõː
نوواں	urd	nəuʋɑ̃ː
نوکر	urd	nɔːkəɾ
نوکرانی	urd	nɔːkɾɑːniː
نوکری	urd	nɔːkɾiː
نوید	urd	nəʋiːd̪
نویدن	urd	nɪʋeːd̪ən
نویس	urd	nəʋiːs
نویسندہ	urd	nəʋiːsənd̪ɑː
نيت	urd	niːt̪
نپولین	urd	nəpoːlɪjən
نچوڑنا	urd	nɪt͡ʃoːɽnɑː
نڈر	urd	nɪɖəɾ
نژاد	urd	nɪʒɑːd̪
نکاح	urd	nɪkɑːɦ
نکاراتمک	urd	nəkɑːɾɑːt̪mək
نکالنا	urd	nɪkɑːlnɑː
نکسیر	urd	nəksiːɾ
نکما	urd	nɪkəmmɑː
نگاڑا	urd	nəɡɑːɽɑː
نگاہ	urd	nɪɡɑːɦ
نگاہوں	urd	nɪɡɑːɦõː
نگاہیں	urd	nɪɡɑːɦẽː
نگر	urd	nəɡəɾ
نگرانی	urd	nɪɡɾɑːniː
نہ	urd	nə
نہاد	urd	nɪɦɑːd̪
نہایت	urd	nɪhɑːjət̪
نہتا	urd	nɪɦət̪t̪ɑː
نہتی	urd	nɪɦət̪t̪iː
نہتے	urd	nɪɦət̪t̪eː
نہضت	urd	nəɦzət̪
نہیں	urd	nəɦĩː
نیا	urd	nəjɑː
نیت	urd	nɪjjət̪
نیتو	urd	nɪjjət̪oː
نیتوں	urd	nɪjjət̪õː
نیتیں	urd	nɪjjət̪ẽː
نیدرلینڈ	urd	niːd̪əɾlɛːnɖ
نیر	urd	niːɾ
نیز	urd	niːz
نیزوں	urd	neːzõː
نیزہ	urd	neːzɑː
نیزے	urd	neːzeː
نیشکر	urd	nɛːʃəkəɾ
نیلام	urd	niːlɑːm
نیم	urd	neːm
نین	urd	nɛːn
نیند	urd	niːnd̪
نیندوں	urd	niːnd̪õː
نیندیں	urd	niːnd̪ẽː
نینوں	urd	nɛːnõː
نیوجن	urd	nɪjoːd͡ʒən
نیٹرون	urd	nɛːʈɾoːn
نیپال	urd	neːpɑːl
نیچا	urd	niːt͡ʃɑː
نیک	urd	neːk
نے	urd	neː
وا	urd	ʋɑː
وابستگی	urd	ʋɑːbəst̪əɡiː
واجب	urd	ʋɑːd͡ʒɪb
واحد	urd	ʋɑːɦɪd̪
وادی	urd	ʋɑːd̪iː
وار	urd	ʋɑːɾ
وارانسی	urd	ʋɑːɾɑːnsiː
وارث	urd	ʋɑːɾɪs
وارد	urd	ʋɑːɾɪd̪
واسط	urd	ʋɑːsɪt̪
واسطہ	urd	ʋɑːsɪt̪ɑː
واسع	urd	ʋɑːseː
واسی	urd	ʋɑːsiː
واشک	urd	ʋɑːʃʊk
واضح	urd	ʋɑːziːɦ
واقع	urd	ʋɑːqeː
واقعات	urd	ʋɑːqɪʔɑːt̪
واقعہ	urd	ʋɑːqɪʔɑː
واقف	urd	ʋɑːqɪf
والا	urd	ʋɑːlɑː
والد	urd	ʋɑːlɪd̪
والدہ	urd	ʋɑːlɪd̪ɑː
والدین	urd	ʋɑːlɪd̪ɛːn
وامن	urd	ʋɑːmən
وان	urd	ʋɑːn
واپس	urd	ʋɑːpəs
واکیہ	urd	ʋɑːkj
واہ	urd	ʋɑːɦ
واہک	urd	ʋɑːɦək
وبا	urd	ʋəbɑː
وبھاگ	urd	ʋɪbʱɑːɡ
وتر	urd	ʋət̪əɾ
وجود	urd	ʋəd͡ʒuːd̪
وجودیات	urd	ʋʊd͡ʒuːd̪ɪjɑːt̪
وحیدہ	urd	ʋəɦiːd̪ɑː
ودھان	urd	ʋɪd̪ʱɑːn
ودھوا	urd	ʋɪd̪ʱʋɑː
ودیارتھی	urd	ʋɪd̪jɑːɾt̪ʰiː
وراثات	urd	ʋɪɾɑːsɑːt̪
وراثت	urd	ʋɪɾɑːsət̪
وراثتو	urd	ʋɪɾɑːsət̪oː
وراثتوں	urd	ʋɪɾɑːsət̪õː
وراثتیں	urd	ʋɪɾɑːsət̪ẽː
ورزش	urd	ʋəɾzɪʃ
ورودھ	urd	ʋɪɾoːd̪ʱ
وزارت	urd	ʋɪzɑːɾət̪
وزرا	urd	ʋʊzəɾɑː
وزیر	urd	ʋəziːɾ
وستو	urd	ʋəst̪uː
وسعت	urd	ʋʊsʔət̪
وسنت	urd	ʋəsənt̪
وسیع	urd	ʋəsiːʔ
وشنو	urd	ʋɪʃnuː
وشواس	urd	ʋɪʃʋɑːs
وصال	urd	ʋɪsɑːl
وصیت	urd	ʋəsɪjət̪
وضع	urd	ʋəzʔ
وضو	urd	ʋʊzuː
وطن	urd	ʋət̪ən
وطنوں	urd	ʋət̪ənõː
وعدو	urd	ʋəʔd̪oː
وعدوں	urd	ʋəʔd̪õː
وعدہ	urd	ʋəʔd̪ɑː
وعدے	urd	ʋəʔd̪eː
وغیرہ	urd	ʋəɣɛːɾəɦ
وفا	urd	ʋəfɑː
وفاؤ	urd	ʋəfɑːoː
وفاؤں	urd	ʋəfɑːõː
وفائیں	urd	ʋəfɑːẽː
وفات	urd	ʋəfɑːt̪
وفاق	urd	ʋəfɑːq
وفد	urd	ʋəfd̪
وقار	urd	ʋəqɑːɾ
وقارو	urd	ʋəqɑːɾoː
وقاروں	urd	ʋəqɑːɾõː
وقت	urd	ʋəqt̪
وقف	urd	ʋəqf
وقوع	urd	ʋʊquːʔ
ولایت	urd	ʋɪlɑːjət̪
ولایتی	urd	ʋɪlɑːɪt̪iː
ولد	urd	ʋələd̪
ولندیز	urd	ʋələnd̪eːz
ولی	urd	ʋəliː
ونا	urd	ʋɪnɑː
وندر	urd	ʋɪnd̪əɾ
ونشج	urd	ʋənʃəd͡ʒ
وواد	urd	ʋɪʋɑːd̪
وواہ	urd	ʋɪʋɑːɦ
وچ	urd	ʋət͡ʃ
وچن	urd	ʋət͡ʃən
وڈھ	urd	ʋəɖʱ
وڑا	urd	ʋəɽɑː
وکٹ	urd	ʋɪkəʈ
وکھیات	urd	ʋɪkʰjɑːt̪
وگیان	urd	ʋɪɡjɑːn
وہ	urd	ʋəɦ
وہاڑی	urd	ʋɪɦɑːɽiː
وہاں	urd	ʋəɦɑ̃ː
وہران	urd	ʋəɦɾɑːn
وہم	urd	ʋəɦm
وہموں	urd	ʋəɦmõː
وہی	urd	ʋəɦiː
ویاکرن	urd	ʋjɑːkəɾən
ویتنام	urd	ʋiːjət̪nɑːm
وید	urd	ʋeːd̪
ویدک	urd	ʋɛːd̪ɪk
ویر	urd	ʋiːɾ
ویران	urd	ʋiːɾɑːn
ویریہ	urd	ʋiːɾjɑː
وینجن	urd	ʋjənd͡ʒən
وینیزویلا	urd	ʋɛːniːzʋɛːlɑː
ویژن	urd	ʋiːʒən
وے	urd	ʋeː
ٹائٹ	urd	ʈɑːjɪʈ
ٹالنا	urd	ʈɑːlnɑː
ٹانگ	urd	ʈɑːŋɡ
ٹانگوں	urd	ʈɑːŋɡõː
ٹانگیں	urd	ʈɑːŋɡẽː
ٹاپو	urd	ʈɑːpuː
ٹخنا	urd	ʈəxnɑː
ٹخنوں	urd	ʈəxnõː
ٹخنے	urd	ʈəxneː
ٹرام	urd	ʈɾɑːm
ٹرو	urd	ʈəɾɾuː
ٹرک	urd	ʈɾək
ٹریکٹر	urd	ʈɾɛːkʈəɾ
ٹرے	urd	ʈɾeː
ٹلفورڈ	urd	ʈɪlfoːɾɖ
ٹماٹر	urd	ʈəmɑːʈəɾ
ٹوٹا	urd	ʈuːʈɑː
ٹوٹنا	urd	ʈuːʈnɑː
ٹوٹی	urd	ʈuːʈiː
ٹوٹیاں	urd	ʈuːʈɪjɑ̃ː
ٹوٹیوں	urd	ʈuːʈɪjõː
ٹوٹے	urd	ʈuːʈeː
ٹوپی	urd	ʈoːpiː
ٹوکری	urd	ʈoːkɾiː
ٹٹی	urd	ʈəʈʈiː
ٹکا	urd	ʈəkɑː
ٹکر	urd	ʈəkkəɾ
ٹکراو	urd	ʈəkɾɑːʋ
ٹکوں	urd	ʈəkõː
ٹکٹ	urd	ʈɪkəʈ
ٹکڑا	urd	ʈʊkɽɑː
ٹکے	urd	ʈəkeː
ٹھرکی	urd	ʈʰəɾkiː
ٹھنڈا	urd	ʈʰənɖɑː
ٹھنگنا	urd	ʈʰɪ̃ɡnɑː
ٹھوس	urd	ʈʰoːs
ٹھوڑی	urd	ʈʰoːɽiː
ٹھڈی	urd	ʈʰʊɖɖiː
ٹھکانا	urd	ʈʰɪkɑːnɑː
ٹھگ	urd	ʈʰəɡ
ٹھہرنا	urd	ʈʰəɦəɾnɑː
ٹھیس	urd	ʈʰeːs
ٹھیلا	urd	ʈʰeːlɑː
ٹھیکا	urd	ʈʰeːkɑː
ٹھیکیدار	urd	ʈʰeːkeːd̪ɑːɾ
ٹینگی	urd	ʈẽːɡiː
ٹیپ	urd	ʈeːp
ٹیچر	urd	ʈiːt͡ʃəɾ
ٹیچرو	urd	ʈiːt͡ʃəɾoː
ٹیچروں	urd	ʈiːt͡ʃəɾõː
ٹیڑھا	urd	ʈeːɽʱɑː
ٹیکا	urd	ʈiːkɑː
ٹیکسلا	urd	ʈɛːksɪlɑː
ٹیکسی	urd	ʈɛːksiː
ٹیکوں	urd	ʈiːkõː
ٹیکے	urd	ʈiːkeː
پاؤں	urd	pɑːũː
پائخانہ	urd	pɑːʔɪxɑːnɑː
پائپ	urd	pɑːɪp
پابند	urd	pɑːbənd̪
پاجامہ	urd	pɑːd͡ʒɑːmɑː
پاخانہ	urd	pɑːxɑːnɑː
پاد	urd	pɑːd̪
پادری	urd	pɑːd̪ɾiː
پادشاہ	urd	pɑːd̪ʃɑːɦ
پارسی	urd	pɑːɾsiː
پارچہ	urd	pɑːɾt͡ʃɑː
پارہ	urd	pɑːɾ
پاریکھ	urd	pɑːɾeːkʰ
پازیب	urd	pɑːzeːb
پاس	urd	pɑːs
پاسبان	urd	pɑːsbɑːn
پاستا	urd	pɑːst̪ɑː
پاسپورٹ	urd	pɑːspoːɾʈ
پال	urd	pɑːl
پالتو	urd	pɑːlt̪uː
پالم	urd	pɑːləm
پالنا	urd	pɑːlnɑː
پالک	urd	pɑːlək
پان	urd	pɑːn
پانا	urd	pɑːnɑː
پانو	urd	pɑ̃ːoː
پانچ	urd	pɑ̃ːt͡ʃ
پانچواں	urd	pɑ̃ːt͡ʃʋɑ̃ː
پانڈو	urd	pɑːnɖəʋ
پانہ	urd	pɑːnɑː
پانی	urd	pɑːniː
پاٹھک	urd	pɑːʈʰək
پاپ	urd	pɑːp
پاک	urd	pɑːk
پاکستان	urd	pɑːkɪst̪ɑːn
پاکستانی	urd	pɑːkɪst̪ɑːniː
پاکپتن	urd	pɑːkpət̪t̪ən
پاگل	urd	pɑːɡəl
پاگلو	urd	pɑːɡəloː
پاگلوں	urd	pɑːɡəlõː
پایدان	urd	pɑːjd̪ɑːn
پایل	urd	pɑːjəl
پتا	urd	pət̪ɑː
پتر	urd	pɪt̪ɾ
پتری	urd	pʊt̪ɾiː
پتلا	urd	pət̪lɑː
پتلون	urd	pət̪luːn
پتنگ	urd	pət̪əŋɡ
پتنی	urd	pət̪niː
پتھ	urd	pət̪ʰ
پتھر	urd	pət̪t̪ʰəɾ
پتھروں	urd	pət̪t̪ʰəɾõː
پتھک	urd	pət̪ʰɪk
پتہ	urd	pət̪ɑː
پتی	urd	pət̪t̪iː
پختہ	urd	pʊxt̪
پد	urd	pəd̪
پدر	urd	pɪd̪əɾ
پدینہ	urd	pʊd̪iːnɑː
پذیر	urd	pəziːɾ
پر	urd	pəɾ
پراتن	urd	pʊɾɑːt̪ən
پرانا	urd	pʊɾɑːnɑː
پرانت	urd	pɾɑːnt̪
پراٹھا	urd	pəɾɑːʈʰɑː
پراپت	urd	pɾɑːpt̪
پراچین	urd	pɾɑːt͡ʃiːn
پراکرت	urd	pɾɑːkɾɪt̪
پربھات	urd	pɾəbʱɑːt̪
پربھاو	urd	pəɾbʱɑːʋ
پرتگال	urd	pʊɾt̪ʊɡɑːl
پرتگیا	urd	pɾət̪ɪɡjɑː
پردوں	urd	pəɾd̪õː
پردہ	urd	pəɾd̪ɑː
پردیسی	urd	pəɾd̪eːsiː
پردیش	urd	pɾəd̪eːʃ
پردے	urd	pəɾd̪eː
پرزہ	urd	pʊɾzɑː
پرستان	urd	pəɾɪst̪ɑːn
پرستش	urd	pəɾəst̪ɪʃ
پرسوں	urd	pəɾsõː
پرش	urd	pəɾʊʃ
پرشنسا	urd	pɾəʃənsɑː
پرشیا	urd	pəɾʃɪjɑː
پرمکھ	urd	pɾəmʊkʰ
پرمیشور	urd	pəɾmeːʃʋəɾ
پرندو	urd	pəɾɪnd̪oː
پرندوں	urd	pəɾɪnd̪õː
پرندہ	urd	pəɾənd̪ɑː
پرندے	urd	pəɾɪnd̪eː
پرنی	urd	pəɾniː
پروا	urd	pəɾʋɑː
پروار	urd	pəɾɪʋɑːɾ
پرواز	urd	pəɾʋɑːz
پروانو	urd	pəɾʋɑːnoː
پروانوں	urd	pəɾʋɑːnõː
پروانہ	urd	pʊɾʋɑːnɑː
پروانے	urd	pəɾʋɑːneː
پروت	urd	pəɾʋət̪
پروردگار	urd	pəɾʋəɾd̪ɪɡɑːɾ
پرورش	urd	pəɾʋəɾɪʃ
پرول	urd	pəɾʋəl
پرونا	urd	pɪɾoːnɑː
پرچار	urd	pəɾt͡ʃɑːɾ
پرچم	urd	pəɾt͡ʃəm
پرچمو	urd	pəɾt͡ʃəmoː
پرچموں	urd	pəɾt͡ʃəmõː
پرچہ	urd	pəɾt͡ʃə
پرچی	urd	pəɾt͡ʃiː
پرکاش	urd	pɾəkɑːʃ
پرکاشک	urd	pəɾkɑːʃək
پرکھ	urd	pʊɾʊkʰ
پرکھیات	urd	pɾəkʰjɑːt̪
پری	urd	pəɾiː
پریت	urd	pəɾiːt̪
پریتم	urd	pɾiːt̪əm
پریتمو	urd	pɾiːt̪əmoː
پریتموں	urd	pɾiːt̪əmõː
پریشان	urd	pəɾeːʃɑːn
پریم	urd	pəɾeːm
پریڈ	urd	pəɾɛːɖ
پریکشا	urd	pəɾiːkʃɑː
پریکشائیں	urd	pəɾiːkʃɑːẽː
پستان	urd	pɪst̪ɑːn
پستول	urd	pɪst̪ɔːl
پستک	urd	pʊst̪ək
پستہ	urd	pɪst̪ɑː
پسر	urd	pɪsəɾ
پسلی	urd	pəsliː
پسلیاں	urd	pəslɪjɑ̃ː
پسلیو	urd	pəslɪjoː
پسلیوں	urd	pəslɪjõː
پسند	urd	pəsənd̪
پسندیدہ	urd	pəsənd̪iːd̪ɑː
پسنی	urd	pəsniː
پسو	urd	pɪssuː
پسینہ	urd	pəsiːnɑː
پشاور	urd	pɪʃɑːʋəɾ
پشت	urd	pʊʃt̪
پشتو	urd	pəʃt̪oː
پشپ	urd	pʊʃp
پشچم	urd	pəʃt͡ʃɪm
پشکلاوتی	urd	pʊʃkəlɑːʋət̪iː
پشیمان	urd	pəʃeːmɑːn
پشین	urd	pɪʃiːn
پل	urd	pʊl
پلانڈو	urd	pəlɑːnɖuː
پلنگ	urd	pələŋɡ
پلٹنا	urd	pələʈnɑː
پلیٹ	urd	plɛːʈ
پنا	urd	pənnɑː
پناہ	urd	pənɑːɦ
پناہو	urd	pənɑːɦoː
پناہوں	urd	pənɑːɦõː
پناہیں	urd	pənɑːɦẽː
پنجاب	urd	pənd͡ʒɑːb
پنجہ	urd	pənd͡ʒɑː
پندرہ	urd	pənd̪ɾəɦ
پنسل	urd	pɪnsɪl
پنچھی	urd	pənt͡ʃʰiː
پنڈال	urd	pɪnɖɑːl
پنڈت	urd	pənɖɪt̪
پنکھ	urd	pəŋkʰ
پنکھا	urd	pəŋkʰɑː
پنکھڑی	urd	pəŋkʰʊɽiː
پنگھٹ	urd	pənɡʱəʈ
پنیر	urd	pəniːɾ
پنیہ	urd	pʊnjɑː
پوت	urd	puːt̪
پوتا	urd	poːt̪ɑː
پوتو	urd	poːt̪oː
پوتوں	urd	poːt̪õː
پوتھی	urd	poːt̪ʰiː
پوتی	urd	poːt̪iː
پوتے	urd	poːt̪eː
پوجا	urd	puːd͡ʒɑː
پوجنا	urd	puːd͡ʒnɑː
پوجک	urd	puːd͡ʒək
پودینہ	urd	poːd̪iːnɑː
پور	urd	puːɾ
پورا	urd	puːɾɑː
پوربی	urd	puːɾbiː
پوروج	urd	puːɾʋəd͡ʒ
پوست	urd	poːst̪
پوشاک	urd	poːʃɑːk
پوشیدگی	urd	poːʃiːd̪ɡiː
پوشیدہ	urd	poːʃiːd̪
پول	urd	poːl
پولس	urd	pʊliːs
پولینڈ	urd	poːlæːnɖ
پون	urd	pəʋən
پونچھ	urd	pũːt͡ʃʰ
پونچھنا	urd	põːt̪͡ʃʰnɑː
پونے	urd	pɔːneː
پوپ	urd	poːp
پوچھنا	urd	puːt͡ʃʰnɑː
پٹاخا	urd	pəʈɑːxɑː
پٹل	urd	pəʈəl
پٹواری	urd	pəʈʋɑːɾiː
پٹواریو	urd	pəʈʋɑːɾɪjoː
پٹواریوں	urd	pəʈʋɑːɾɪjõː
پٹول	urd	pəʈoːl
پٹھان	urd	pəʈʰɑːn
پٹھانو	urd	pəʈʰɑːnoː
پٹھانوں	urd	pəʈʰɑːnõː
پٹی	urd	pəʈʈiː
پچکاری	urd	pɪt͡ʃkɑːɾiː
پچھتر	urd	pət͡ʃʰət̪əɾ
پچھم	urd	pət̪t͡ʃʰəm
پچھواڑا	urd	pɪt͡ʃʰʋɑːɽɑː
پچیس	urd	pət̪t͡ʃiːs
پڑوسی	urd	pəɽoːsiː
پڑھائی	urd	pəɽʱɑːiː
پڑھنا	urd	pəɽʱnɑː
پژمردگی	urd	pəʒmʊɾd̪əɡiː
پژوہش	urd	pɪʒoːɦɪʃ
پکا	urd	pəkːɑː
پکار	urd	pʊkɑːɾ
پکارنا	urd	pʊkɑːɾnɑː
پکانا	urd	pəkɑːnɑː
پکنا	urd	pəknɑː
پکوان	urd	pəkʋɑːn
پکڑنا	urd	pəkəɽnɑː
پگار	urd	pəɡɑːɾ
پھانسی	urd	pʰɑ̃ːsiː
پھاوڑا	urd	pʰɑːʋɽɑː
پھاٹک	urd	pʰɑːʈək
پھاٹکوں	urd	pʰɑːʈəkõː
پھدی	urd	pʰʊd̪d̪iː
پھرنا	urd	pʰɪɾnɑː
پھریرے	urd	pʰəɾɛːɾeː
پھل	urd	pʰəl
پھلنا	urd	pʰəlnɑː
پھوار	urd	pʰʊʋɑːɾ
پھول	urd	pʰuːl
پھولو	urd	pʰuːloː
پھولوں	urd	pʰuːlõː
پھوپھا	urd	pʰuːpʰɑː
پھوڑا	urd	pʰoːɽɑː
پھیرا	urd	pʰeːɾɑː
پھیلاو	urd	pʰɛːlɑːʋ
پھینکنا	urd	pʰẽːknɑː
پہ	urd	peː
پہاڑ	urd	pəɦɑːɽ
پہر	urd	pəɦəɾ
پہرہ	urd	pəɦɾ
پہلا	urd	pəɦlɑː
پہلوان	urd	pɛʱlʋɑːn
پہلی	urd	pəɦliː
پہلے	urd	pəɦleː
پہننا	urd	pəɦənnɑː
پہنچنا	urd	pəɦʊ̃t͡ʃnɑː
پہچان	urd	pəɦt͡ʃɑːn
پہچاننا	urd	pəɦt͡ʃɑːnnɑː
پہیا	urd	pəɦɪjːɑː
پہیلی	urd	pəɦeːliː
پیادہ	urd	pjɑːd̪ɑː
پیار	urd	pɪjɑːɾ
پیارا	urd	pjɑːɾɑː
پیارو	urd	pɪjɑːɾoː
پیاروں	urd	pɪjɑːɾõː
پیاز	urd	pjɑːz
پیاس	urd	pjɑːs
پیاسا	urd	pjɑːsɑː
پیالہ	urd	pjɑːlɑː
پیانو	urd	pɪjɑːnoː
پیتل	urd	piːt̪əl
پیج	urd	pɛːd͡ʒ
پیدا	urd	pɛːd̪ɑː
پیدائش	urd	pɛːd̪ɑːɪʃ
پیر	urd	pɛːɾ
پیرس	urd	pɛːɾɪs
پیرو	urd	peːɾuː
پیروزہ	urd	piːɾoːzɑː
پیروں	urd	pɛːɾõː
پیروی	urd	pɛːɾəʋiː
پیسو	urd	pɛːsoː
پیسوں	urd	pɛːsõː
پیسہ	urd	pɛːsɑː
پیسے	urd	pɛːseː
پیش	urd	peːʃ
پیشاب	urd	peːʃɑːb
پیشانی	urd	peːʃɑːniː
پیشگوئی	urd	peːʃɡoːjiː
پیغام	urd	pɛːɣɑːm
پیغمبر	urd	pɛːɣəmbəɾ
پیل	urd	piːl
پیمان	urd	pɛːmɑːn
پیمانہ	urd	pɛːmɑːnɑː
پینا	urd	piːnɑː
پینسل	urd	peːnsɪl
پیوند	urd	pɛːʋənd̪
پیٹ	urd	peːʈ
پیٹرول	urd	peːʈɾoːl
پیڑ	urd	peːɽ
چا	urd	t͡ʃɑː
چائے	urd	t͡ʃɑːeː
چابھی	urd	t͡ʃɑːbʱiː
چابی	urd	t͡ʃɑːbiː
چادر	urd	t͡ʃɑːd̪əɾ
چار	urd	t͡ʃɑːɾ
چارسدہ	urd	t͡ʃɑːɾsəd̪d̪ɑː
چاشت	urd	t͡ʃɑːʃt̪
چاشنی	urd	t͡ʃɑːʃniː
چاق	urd	t͡ʃɑːq
چاقو	urd	t͡ʃɑːquː
چال	urd	t͡ʃɑːl
چالان	urd	t͡ʃɑːlɑːn
چالانوں	urd	t͡ʃɑːlɑːnõː
چالاک	urd	t͡ʃɑːlɑːk
چالک	urd	t͡ʃɑːlək
چاند	urd	t͡ʃɑ̃ːd̪
چاندوں	urd	t͡ʃɑ̃ːd̪õː
چاندی	urd	t͡ʃɑ̃ːd̪iː
چانٹا	urd	t͡ʃɑ̃ːʈɑː
چاول	urd	t͡ʃɑːʋəl
چاٹ	urd	t͡ʃɑːʈ
چاٹنا	urd	t͡ʃɑːʈnɑː
چاٹگام	urd	t͡ʃɑːʈɡɑːm
چاچو	urd	t͡ʃɑːt͡ʃuː
چاچی	urd	t͡ʃɑːt͡ʃiː
چاک	urd	t͡ʃɑːk
چاکلیٹ	urd	t͡ʃɑːkleːʈ
چاہت	urd	t͡ʃɑːɦət̪
چاہتو	urd	t͡ʃɑːɦət̪oː
چاہتوں	urd	t͡ʃɑːɦət̪õː
چاہتیں	urd	t͡ʃɑːɦət̪ẽː
چاہنا	urd	t͡ʃɑːɦnɑː
چاہے	urd	t͡ʃɑːɦeː
چای	urd	t͡ʃɑːj
چبک	urd	t͡ʃɪbʊk
چتا	urd	t͡ʃɪt̪ɑː
چتاؤ	urd	t͡ʃɪt̪ɑːoː
چتاؤں	urd	t͡ʃɪt̪ɑːõː
چتائیں	urd	t͡ʃɪt̪ɑːẽː
چتکان	urd	t͡ʃɪt̪kɑːn
چراغ	urd	t͡ʃəɾɑːɣ
چراک	urd	t͡ʃəɾɑːk
چربی	urd	t͡ʃəɾbiː
چرخہ	urd	t͡ʃəɾxə
چرس	urd	t͡ʃəɾəs
چرپرا	urd	t͡ʃəɾpəɾɑː
چرچ	urd	t͡ʃəɾt͡ʃ
چست	urd	t͡ʃʊst̪
چشتیاں	urd	t͡ʃɪʃt̪ɪjɑ̃ː
چشم	urd	t͡ʃəʃm
چشموں	urd	t͡ʃəʃmõː
چشمک	urd	t͡ʃəʃmək
چشمہ	urd	t͡ʃəʃmɑː
چشمے	urd	t͡ʃəʃmeː
چغتائی	urd	t͡ʃʊɣt̪ɑːiː
چغد	urd	t͡ʃʊɣəd̪
چفتی	urd	t͡ʃəft̪iː
چق	urd	t͡ʃɪq
چقماق	urd	t͡ʃəqmɑːq
چقمق	urd	t͡ʃəqməq
چلاس	urd	t͡ʃɪlɑːs
چلان	urd	t͡ʃəlɑːn
چلانا	urd	t͡ʃəlɑːnɑː
چلاہٹ	urd	t͡ʃɪllɑːɦət̪
چلم	urd	t͡ʃɪləm
چلمن	urd	t͡ʃɪlmən
چلن	urd	t͡ʃələn
چلنا	urd	t͡ʃəlnɑː
چلون	urd	t͡ʃɪlʋən
چلچتر	urd	t͡ʃəlt͡ʃɪt̪ɾə
چلی	urd	t͡ʃɪliː
چماٹ	urd	t͡ʃəmɑːʈ
چمبیلی	urd	t͡ʃəmbeːliː
چمن	urd	t͡ʃəmən
چمو	urd	t͡ʃəmuː
چمچ	urd	t͡ʃəmmət͡ʃ
چمچو	urd	t͡ʃəmt͡ʃoː
چمچوں	urd	t͡ʃəmt͡ʃõː
چمچہ	urd	t͡ʃəmt͡ʃɑː
چمچے	urd	t͡ʃəmt͡ʃeː
چمکار	urd	t͡ʃəmkɑːɾ
چنئی	urd	t͡ʃənːəiː
چنا	urd	t͡ʃənɑː
چناب	urd	t͡ʃənɑːb
چنتا	urd	t͡ʃɪnt̪ɑː
چند	urd	t͡ʃənd̪
چندر	urd	t͡ʃənd̪ɾ
چندربند	urd	t͡ʃənd̪əɾəbɪnd̪ʊ
چندن	urd	t͡ʃənd̪ən
چننا	urd	t͡ʃɪnnɑː
چنيوٹی	urd	t͡ʃɪnjoːʈiː
چنگال	urd	t͡ʃəŋɡɑːl
چنیوٹ	urd	t͡ʃɪnɪjoːʈ
چوبیس	urd	t͡ʃɔːbiːs
چوبے	urd	t͡ʃɔːbeː
چوت	urd	t͡ʃuːt̪
چوتر	urd	t͡ʃuːt̪əɾ
چوتڑ	urd	t͡ʃuːt̪əɽ
چوتھا	urd	t͡ʃɔːt̪ʰɑː
چوتھائی	urd	t͡ʃɔːt̪ʰɑːiː
چود	urd	t͡ʃoːd̪
چودنا	urd	t͡ʃoːd̪nɑː
چودہ	urd	t͡ʃɔːd̪əɦ
چور	urd	t͡ʃoːɾ
چورنگی	urd	t͡ʃɔːɾəŋɡiː
چورو	urd	t͡ʃoːɾoː
چوروں	urd	t͡ʃoːɾõː
چوری	urd	t͡ʃoːɾiː
چوسنا	urd	t͡ʃuːsnɑː
چول	urd	t͡ʃuːl
چولھا	urd	t͡ʃuːlɦɑː
چومنا	urd	t͡ʃuːmnɑː
چونا	urd	t͡ʃuːnɑː
چوٹ	urd	t͡ʃoːʈ
چوپان	urd	t͡ʃɔːpɑːn
چوڑا	urd	t͡ʃɔːɽɑː
چوڑائی	urd	t͡ʃɔːɽɑːiː
چوڑی	urd	t͡ʃuːɽiː
چوک	urd	t͡ʃɔːk
چوکا	urd	t͡ʃɔːkɑː
چوکی	urd	t͡ʃɔːkiː
چوکیدار	urd	t͡ʃɔːkiːd̪ɑːɾ
چوگنا	urd	t͡ʃɔːɡʊnɑː
چوں	urd	t͡ʃũː
چوہا	urd	t͡ʃuːɦɑː
چٹکی	urd	t͡ʃʊʈkiː
چٹگاؤں	urd	t͡ʃəʈɡɑːõː
چپ	urd	t͡ʃʊp
چپاتی	urd	t͡ʃəpɑːt̪iː
چپقلش	urd	t͡ʃəpqʊləʃ
چپل	urd	t͡ʃəpːəl
چپٹی	urd	t͡ʃəpʈiː
چچی	urd	t͡ʃət͡ʃiː
چڑھانا	urd	t͡ʃəɽʱɑːnɑː
چڑھنا	urd	t͡ʃəɽʱnɑː
چڑیل	urd	t͡ʃʊɽɛːl
چکت	urd	t͡ʃəkɪt̪
چکمہ	urd	t͡ʃəkmɑː
چکنا	urd	t͡ʃəknɑː
چکنگنیا	urd	t͡ʃɪkənɡʊnɪjɑː
چکوال	urd	t͡ʃəkʋɑːl
چکھنا	urd	t͡ʃəkʰnɑː
چکی	urd	t͡ʃəkkiː
چگونہ	urd	t͡ʃɪɡuːnɑː
چھ	urd	t͡ʃʰ
چھاؤنی	urd	t͡ʃʰɑːʊniː
چھاؤں	urd	t͡ʃʰɑ̃ːõː
چھائی	urd	t͡ʃʰɑːiː
چھاتر	urd	t͡ʃʰɑːt̪əɾ
چھال	urd	t͡ʃʰɑːl
چھاپنا	urd	t͡ʃʰɑːpnɑː
چھاپہ	urd	t͡ʃʰɑːpɑː
چھایا	urd	t͡ʃʰɑːjɑː
چھبیس	urd	t͡ʃʰəbbiːs
چھت	urd	t͡ʃʰət̪
چھتری	urd	t͡ʃʰət̪ɾiː
چھتوں	urd	t͡ʃʰət̪õː
چھتیں	urd	t͡ʃʰət̪ẽː
چھلانگ	urd	t͡ʃʰəlɑːŋɡ
چھلکا	urd	t͡ʃʰɪlkɑː
چھوارے	urd	t͡ʃʰʊʋɑːɾeː
چھولا	urd	t͡ʃʰoːlɑː
چھونا	urd	t͡ʃʰuːnɑː
چھوٹ	urd	t͡ʃʰuːʈ
چھوٹا	urd	t͡ʃʰoːʈɑː
چھوٹنا	urd	t͡ʃʰuːʈnɑː
چھٹا	urd	t͡ʃʰʊʈʈɑː
چھٹپٹانا	urd	t͡ʃʰəʈpəʈɑːnɑː
چھٹی	urd	t͡ʃʰʊʈːiː
چھٹیاں	urd	t͡ʃʰʊʈʈɪjɑ̃ː
چھٹیوں	urd	t͡ʃʰʊʈʈɪjõː
چھپانا	urd	t͡ʃʰʊpɑːnɑː
چھپنا	urd	t͡ʃʰəpnɑː
چھپکلی	urd	t͡ʃʰɪpkəliː
چھڑکاؤ	urd	t͡ʃʰɪɾkɑːoː
چھکا	urd	t͡ʃʰəkkɑː
چھکو	urd	t͡ʃʰəkkoː
چھکوں	urd	t͡ʃʰəkkõː
چھکے	urd	t͡ʃʰəkkeː
چھہ	urd	t͡ʃʰɛɦ
چھیلا	urd	t͡ʃʰɛːlɑː
چھیننا	urd	t͡ʃʰiːnnɑː
چھینک	urd	t͡ʃʰĩːk
چھیڑنا	urd	t͡ʃʰeːɽnɑː
چہارم	urd	t͡ʃəɦɑːɾʊm
چہرو	urd	t͡ʃɪɦɾoː
چہروں	urd	t͡ʃɪɦɾõː
چہرہ	urd	t͡ʃɪɦɾɑː
چہرے	urd	t͡ʃɪɦɾeː
چیت	urd	t͡ʃɛːt̪
چیخ	urd	t͡ʃiːx
چیرنا	urd	t͡ʃiːɾnɑː
چیز	urd	t͡ʃiːz
چیزو	urd	t͡ʃiːzoː
چیزوں	urd	t͡ʃiːzõː
چیزیں	urd	t͡ʃiːzẽː
چیل	urd	t͡ʃiːl
چیلینجی	urd	t͡ʃiːlliːnd͡ʒiː
چین	urd	t͡ʃɛːn
چینٹی	urd	t͡ʃĩːʈiː
چینی	urd	t͡ʃiːniː
چیونٹی	urd	t͡ʃɪjũːʈiː
چیچنیا	urd	t͡ʃeːt͡ʃənjɑː
ڈائن	urd	ɖɑːɪn
ڈائنو	urd	ɖɑːɪnoː
ڈائنوں	urd	ɖɑːɪnõː
ڈائنیں	urd	ɖɑːɪnẽː
ڈاری	urd	ɖɑːɾiː
ڈالنا	urd	ɖɑːlnɑː
ڈاڈو	urd	ɖɑːɖuː
ڈاڑھ	urd	ɖɑːɽʱ
ڈاڑھی	urd	ɖɑːɽʱiː
ڈاک	urd	ɖɑːk
ڈاکا	urd	ɖɑːkɑː
ڈاکو	urd	ɖɑːkuː
ڈاکٹر	urd	ɖɑːkʈəɾ
ڈاکیا	urd	ɖɑːkɪjɑː
ڈاکیہ	urd	ɖɑːkɪjɑː
ڈبے	urd	ɖɪbbeː
ڈراؤنا	urd	ɖəɾɑːʋnɑː
ڈرنا	urd	ɖəɾnɑː
ڈرپوک	urd	ɖəɾpoːk
ڈسکہ	urd	ɖəskɑː
ڈمبوداس	urd	ɖəmbuːd̪ɑːs
ڈمرو	urd	ɖəmɾuː
ڈنمارک	urd	ɖɪnmɑːɾk
ڈنڈا	urd	ɖənɖɑː
ڈنکرک	urd	ɖənkəɾk
ڈنکی	urd	ɖəŋkiː
ڈوری	urd	ɖoːɾiː
ڈونگا	urd	ɖoːŋɡɑː
ڈوور	urd	ɖoːʋəɾ
ڈچ	urd	ɖət͡ʃ
ڈڑھیل	urd	ɖəɽʱjəl
ڈکار	urd	ɖəkɑːɾ
ڈکارنا	urd	ɖəkɑːɾnɑː
ڈکی	urd	ɖɪkːiː
ڈگمگانا	urd	ɖəɡməɡɑːnɑː
ڈگی	urd	ɖɪɡːiː
ڈھائی	urd	ɖʱɑːiː
ڈھانپنا	urd	ɖʱɑ̃ːpnɑː
ڈھانچہ	urd	ɖʱɑːnt͡ʃɑː
ڈھاڑھی	urd	ɖʱɑːɽʱiː
ڈھاکہ	urd	ɖʱɑːkɑː
ڈھول	urd	ɖʱoːl
ڈھولک	urd	ɖʱoːlək
ڈھونڈنا	urd	ɖʱuːnɖnɑː
ڈھونڈھ	urd	ɖʱuːnɖʱ
ڈھيٹ	urd	ɖʱiːʈ
ڈھکار	urd	ɖʱəkɑːɾ
ڈھکن	urd	ɖʱəkkən
ڈھینچوں	urd	ɖʱɛ̃ːt͡ʃũː
ڈہرکی	urd	ɖəɦəɾkiː
ڈیرہ	urd	ɖeːɾɑː
ڈیوڑھی	urd	ɖeːoːɽʱiː
ڈیٹابیس	urd	ɖeːʈɑːbeːs
ڈیٹھ	urd	ɖiːʈʰ
ڈیڑھ	urd	ɖeːɽʱ
ژاغہ	urd	ʒɑːɣɑː
ژالہ	urd	ʒɑːlɑː
ژاژ	urd	ʒɑːʒ
ژنده	urd	ʒənd̪ɑː
ژوب	urd	ʒoːb
ژون	urd	ʒuːn
ژیان	urd	ʒəjɑːn
ژیاں	urd	ʒɪjɑ̃ː
کا	urd	kɑː
کائنات	urd	kɑːɪnɑːt̪
کائناتو	urd	kɑːɪnɑːt̪oː
کائناتوں	urd	kɑːɪnɑːt̪õː
کائناتیں	urd	kɑːɪnɑːt̪ẽː
کابل	urd	kɑːbʊl
کابوس	urd	kɑːbuːs
کاتب	urd	kɑːt̪ɪb
کاتھولک	urd	kɑːt̪ʰoːlɪk
کاج	urd	kɑːd͡ʒ
کاجو	urd	kɑːd͡ʒuː
کارا	urd	kɑːɾɑː
کارخانہ	urd	kɑːɾxɑːnɑː
کارروائی	urd	kɑːɾɾəʋɑːiː
کارزار	urd	kɑːɾzɑːɾ
کارن	urd	kɑːɾən
کارنامہ	urd	kɑːɾnɑːmɑː
کارواں	urd	kɑːɾʋɑ̃ː
کاروبار	urd	kɑːɾoːbɑːɾ
کاروباری	urd	kɑːɾoːbɑːɾiː
کارٹون	urd	kɑːɾʈuːn
کارکردگی	urd	kɑːɾkəɾd̪əɡiː
کاش	urd	kɑːʃ
کاشت	urd	kɑːʃt̪
کاشغر	urd	kɑːʃɣəɾ
کاغذ	urd	kɑːɣəz
کاغذات	urd	kɑːɣzɑːt̪
کاغذوں	urd	kɑːɣəzõː
کافی	urd	kɑːfiː
کالا	urd	kɑːlɑː
کالج	urd	kɑːlɪd͡ʒ
کالسروئے	urd	kɑːlsɾuːeː
کالی	urd	kɑːliː
کالے	urd	kɑːleː
کام	urd	kɑːm
کامل	urd	kɑːmɪl
کامونکے	urd	kɑːmoːŋkeː
کامیاب	urd	kɑːmjɑːb
کامیابی	urd	kɑːmjɑːbiː
کان	urd	kɑːn
کانٹا	urd	kɑːnʈɑː
کانٹو	urd	kɑ̃ːʈoː
کانٹوں	urd	kɑːnʈõː
کانپنا	urd	kɑ̃ːpnɑː
کانچ	urd	kɑ̃ːt͡ʃ
کانچوں	urd	kɑ̃ːt͡ʃõː
کاویہ	urd	kɑːʋjə
کاٹھیاواڑ	urd	kɑːʈʰjɑːʋɑːɽ
کاٹھیاواڑی	urd	kɑːʈʰjɑːʋɑːɽiː
کاپی	urd	kɑːpiː
کاڑھا	urd	kɑːɽʱɑː
کب	urd	kəb
کبابیر	urd	kəbɑːbiːɾ
کباڑ	urd	kəbɑːɽ
کبج	urd	kʊbd͡ʒ
کبریت	urd	kɪbɾiːt̪
کبل	urd	kəbəl
کبھو	urd	kəbʱuː
کبھی	urd	kəbʱiː
کبیر	urd	kəbiːɾ
کتا	urd	kʊt̪t̪ɑː
کتاب	urd	kɪt̪ɑːb
کتراپی	urd	kʊt̪ɾɑːpiː
کتنا	urd	kɪt̪nɑː
کتو	urd	kʊt̪t̪oː
کتوں	urd	kʊt̪t̪õː
کتھن	urd	kət̪ʰən
کتھک	urd	kət̪ʰək
کتی	urd	kət̪iː
کتے	urd	kʊt̪t̪eː
کثرت	urd	kəsɾət̪
کج	urd	kəd͡ʒ
کجرا	urd	kəd͡ʒɾɑː
کدو	urd	kəd̪d̪uː
کر	urd	kəɾ
کراٹے	urd	kəɾɑːʈeː
کراچوی	urd	kəɾɑːt͡ʃəʋiː
کراچی	urd	kəɾɑːt͡ʃiː
کراہنا	urd	kəɾɑːɦnɑː
کرخندار	urd	kəɾxənd̪ɑːɾ
کردار	urd	kɪɾd̪ɑːɾ
کردارو	urd	kɪɾd̪ɑːɾoː
کرداروں	urd	kɪɾd̪ɑːɾõː
کردستان	urd	kʊɾd̪ɪst̪ɑːn
کردن	urd	kəɾd̪ən
کردنت	urd	kɾɪd̪ənt̪
کرسی	urd	kʊɾsiː
کرشمو	urd	kəɾɪʃmoː
کرشموں	urd	kəɾɪʃmõː
کرشمہ	urd	kəɾɪʃmə
کرشمے	urd	kəɾɪʃmeː
کرغیزستان	urd	kɪɾɣiːzəst̪ɑːn
کرم	urd	kəɾəm
کرن	urd	kəɾən
کرنا	urd	kəɾnɑː
کرناٹک	urd	kəɾnɑːʈək
کرنو	urd	kɪɾənoː
کرنوں	urd	kɪɾənõː
کرنیں	urd	kɪɾənẽː
کرو	urd	kʊɾuː
کروانا	urd	kəɾʋɑːnɑː
کرکٹ	urd	kɪɾkɪʈ
کری	urd	kəɾiː
کریم	urd	kəɾiːm
کس	urd	kʊs
کسان	urd	kɪsɑːn
کسرت	urd	kəsɾət̪
کسی	urd	kɪsiː
کشتی	urd	kəʃt̪iː
کشتیاں	urd	kɪʃt̪ɪjɑ̃ː
کشتیوں	urd	kɪʃt̪ɪjõː
کشدھا	urd	kʃʊd̪ʱɑː
کشف	urd	kəʃəf
کشفو	urd	kəʃfoː
کشفوں	urd	kəʃfõː
کشما	urd	kʃəmɑː
کشمیر	urd	kəʃmiːɾ
کشن	urd	kɪʃən
کشندہ	urd	kʊʃɪnd̪ɑː
کشور	urd	kɪʃʋəɾ
کشٹ	urd	kəʃʈ
کشی	urd	kəʃiː
کشیدگی	urd	kəʃiːd̪ɡiː
کعبہ	urd	kɑːbɑː
کفارہ	urd	kəffɑːɾɑː
کل	urd	kəl
کلائی	urd	kəlɑːiː
کلائیاں	urd	kəlɑːɪjɑ̃ː
کلائیو	urd	kəlɑːɪjoː
کلائیوں	urd	kəlɑːɪjõː
کلاشنکوف	urd	klɑːʃɪnkoːf
کلام	urd	kəlɑːm
کلاوا	urd	kəlɑːʋɑː
کلاونت	urd	kəlɑːʋənt̪
کلاں	urd	kəlɑ̃ː
کلب	urd	kləb
کلبھ	urd	kələbʱ
کلبہ	urd	kʊlbɑː
کلمہ	urd	kəlɪmɑː
کلو	urd	kəlluː
کلکتہ	urd	koːlkɑːt̪ɑː
کلی	urd	kəliː
کلیان	urd	kəljɑːn
کلیجا	urd	kəleːd͡ʒɑː
کلیسیا	urd	kəliːsɪjɑː
کلیہ	urd	kəljɑː
کم	urd	kəm
کمائی	urd	kəmɑːiː
کمال	urd	kəmɑːl
کمالیہ	urd	kəmɑːlɪjɑː
کمان	urd	kəmɑːn
کمانا	urd	kəmɑːnɑː
کمبخت	urd	kəmbəxt̪
کمبل	urd	kəmbəl
کمبوڈیا	urd	kəmboːɖɪjɑː
کمبھ	urd	kʊmbʱ
کمتر	urd	kəmt̪əɾ
کمر	urd	kəməɾ
کمرو	urd	kəmɾoː
کمروں	urd	kəmɾõː
کمرہ	urd	kəmɾɑː
کمری	urd	kəmɾiː
کمرے	urd	kəmɾeː
کمزور	urd	kəmzoːɾ
کمزوری	urd	kəmzoːɾiː
کمل	urd	kəməl
کملا	urd	kʊmɪllɑː
کملائی	urd	kʊmɪllɑːiː
کمپ	urd	kəmp
کمپت	urd	kəmpɪt̪
کمپن	urd	kəmpən
کمپیوٹر	urd	kəmpjuːʈəɾ
کمھلانا	urd	kʊmʱlɑːnɑː
کمھڑا	urd	kʊmʱɽɑː
کمی	urd	kəmiː
کمیاب	urd	kəmjɑːb
کمینہ	urd	kəmiːnɑː
کمیٹی	urd	kəmeːʈiː
کنارو	urd	kɪnɑːɾoː
کناروں	urd	kɪnɑːɾõː
کنارہ	urd	kɪnɑːɾɑː
کنارے	urd	kɪnɑːɾeː
کنجی	urd	kʊnd͡ʒiː
کندرا	urd	kənd̪əɾɑː
کندھا	urd	kənd̪ʱɑː
کندھوں	urd	kənd̪ʱõː
کندھے	urd	kənd̪ʱeː
کنشت	urd	kʊnɪʃt̪
کنعان	urd	kənʔɑːn
کنفیوشس	urd	kənfʊʃəs
کنوا	urd	kʊ̃ʋɑː
کنواری	urd	kʊ̃ʋɑːɾiː
کنواں	urd	kʊ̃ʋɑ̃ː
کنور	urd	kʊ̃ʋəɾ
کنول	urd	kə̃ʋəl
کنٹرول	urd	kənʈɾoːl
کنڑ	urd	kʊnəɽ
کنکال	urd	kəŋkɑːl
کنگارو	urd	kəŋɡɑːɾuː
کنگال	urd	kəŋɡɑːl
کنگن	urd	kəŋɡən
کنگھی	urd	kəŋɡʱiː
کنہیا	urd	kənɦəjjɑː
کنیا	urd	kənjɑː
کنیز	urd	kəniːz
کنیسہ	urd	kəniːsə
کو	urd	koː
کوئٹہ	urd	koːɪʈə
کوئی	urd	koːiː
کوا	urd	kəʋʋɑː
کواں	urd	kʊʋɑ̃ː
کوتا	urd	kəʋɪt̪ɑː
کوتاہ	urd	koːt̪ɑːɦ
کوتھمیر	urd	koːt̪ʰmiːɾ
کوثر	urd	kɔːsəɾ
کورو	urd	kɔːɾəʋ
کوشش	urd	koːʃɪʃ
کوفی	urd	kɔːfiː
کولر	urd	kuːləɾ
کولمبیا	urd	koːləmbɪjɑː
کولن	urd	koːlən
کولہو	urd	koːlɦuː
کون	urd	kɔːn
کووا	urd	kʊʋɑː
کووں	urd	kəʋʋõː
کوٹری	urd	koːʈɾiː
کوٹھی	urd	koːʈʰiː
کوکب	urd	kɔːkəb
کوہ	urd	koːɦ
کوہاٹ	urd	koːɦɑːʈ
کوہرا	urd	kʊɦɾɑː
کوہلو	urd	koːɦluː
کویت	urd	kʊʋeːt̪
کوے	urd	kəuʋeː
کٹرائی	urd	kəʈɾɑːiː
کٹھل	urd	kəʈʰəl
کٹھور	urd	kəʈʰōɾ
کٹی	urd	kəʈiː
کپ	urd	kəp
کپاس	urd	kəpɑːs
کپاسی	urd	kəpɑːsiː
کپتان	urd	kəpt̪ɑːn
کپوت	urd	kəpoːt̪
کپڑا	urd	kəpɽɑː
کپڑوں	urd	kəpɽõː
کپڑے	urd	kəpɽeː
کچا	urd	kət̪t͡ʃɑː
کچھ	urd	kʊt͡ʃʰ
کچھوا	urd	kət͡ʃʰʊɑː
کڑوا	urd	kəɽʋɑː
کژدم	urd	kəʒd̪ʊm
ککر	urd	kʊkəɾ
ککشہ	urd	kəkʃ
کھاتا	urd	kʰɑːt̪ɑː
کھاتوں	urd	kʰɑːt̪õː
کھاتے	urd	kʰɑːt̪eː
کھاد	urd	kʰɑːd̪
کھان	urd	kʰɑːn
کھانا	urd	kʰɑːnɑː
کھانگ	urd	kʰɑ̃ːɡ
کھانی	urd	kʰɑːniː
کھاگ	urd	kʰɑːɡ
کھجلی	urd	kʰʊd͡ʒliː
کھجور	urd	kʰəd͡ʒuːɾ
کھدیوت	urd	kʰəd̪joːt̪
کھر	urd	kʰʊɾ
کھرجو	urd	kʰəɾd͡ʒuː
کھرنا	urd	kʰʊɾnɑː
کھرچنا	urd	kʰʊɾət̪͡ʃnɑː
کھسرا	urd	kʰʊsɾɑː
کھلنا	urd	kʰʊlnɑː
کھلونا	urd	kʰɪlɔːnɑː
کھلونوں	urd	kʰɪlɔːnõː
کھلونے	urd	kʰɪlɔːneː
کھمبی	urd	kʰʊmbiː
کھنن	urd	kʰənən
کھنچنا	urd	kʰɪ̃t͡ʃnɑː
کھنڈر	urd	kʰənɖəɾ
کھنڈرات	urd	kʰənɖəɾɑːt̪
کھنڈروں	urd	kʰənɖəɾõː
کھنک	urd	kʰənək
کھنکنا	urd	kʰənəknɑː
کھوتا	urd	kʰoːt̪ɑː
کھوتو	urd	kʰoːt̪oː
کھوتوں	urd	kʰoːt̪õː
کھوتے	urd	kʰoːt̪eː
کھوج	urd	kʰoːd͡ʒ
کھودنا	urd	kʰoːd̪nɑː
کھوٹا	urd	kʰoːʈɑː
کھٹا	urd	kʰəʈʈɑː
کھٹائی	urd	kʰəʈɑːiː
کھٹمل	urd	kʰəʈməl
کھڈا	urd	kʰəɖɖɑː
کھڑا	urd	kʰəɽɑː
کھڑکی	urd	kʰɪɽkiː
کھڑی	urd	kʰəɽiː
کھڑے	urd	kʰəɽeː
کھیت	urd	kʰeːt̪
کھیتو	urd	kʰeːt̪oː
کھیتوں	urd	kʰeːt̪õː
کھیرا	urd	kʰiːɾɑː
کھیل	urd	kʰeːl
کھیلا	urd	kʰeːlɑː
کھیلنا	urd	kʰeːlnɑː
کھینچنا	urd	kʰẽːt͡ʃnɑː
کہ	urd	ke
کہانی	urd	kəɦɑːniː
کہاوت	urd	kəɦɑːʋət̪
کہاں	urd	kəɦɑ̃ː
کہر	urd	kəɦəɾ
کہرا	urd	kʊɦɾɑː
کہنا	urd	kəɦnɑː
کہنی	urd	kʊɦniː
کہکشاؤں	urd	kəɦkəʃɑːõː
کہکشائیں	urd	kəɦkəʃɑːẽː
کہکشاں	urd	kəɦkəʃɑ̃ː
کی	urd	kiː
کیا	urd	kjɑː
کیاری	urd	kɪjɑːɾiː
کیتھولک	urd	kɛːt̪ʰoːlɪk
کیرل	urd	keːɾəl
کیرلا	urd	keːɾəlɑː
کیسے	urd	kɛːseː
کیش	urd	keːʃ
کیف	urd	kiːf
کیفے	urd	kɛːfeː
کیل	urd	kiːl
کیلئے	urd	keːlɪjeː
کیلا	urd	keːlɑː
کیلکولیٹر	urd	kɛːlkuːleːʈəɾ
کیلی	urd	keːliː
کیلے	urd	kɛːleː
کیمرہ	urd	kɛːmɾɑː
کیمیا	urd	kiːmɪjɑː
کیمیائی	urd	kiːmɪjɑːiː
کینسر	urd	kɛːnsəɾ
کینچلی	urd	kẽːt͡ʃʊliː
کینڈی	urd	kɛːnɖiː
کینیا	urd	kiːnɪjɑː
کینیڈا	urd	kɛːneːɖɑː
کیوبا	urd	kjuːbɑː
کیوبیک	urd	kʋɪbɛk
کیول	urd	keːʋəl
کیونکہ	urd	kjũːkeː
کیوں	urd	kjõː
کیچڑ	urd	kiːt͡ʃəɽ
کیڑا	urd	kiːɽɑː
کیک	urd	keːk
کیکر	urd	kiːkəɾ
کے	urd	keː
گاؤں	urd	ɡɑ̃ːoː
گائے	urd	ɡɑːeː
گاتر	urd	ɡɑːt̪ɾ
گاجر	urd	ɡɑːd͡ʒəɾ
گال	urd	ɡɑːl
گالی	urd	ɡɑːliː
گام	urd	ɡɑːm
گان	urd	ɡɑːn
گانا	urd	ɡɑːnɑː
گانجا	urd	ɡɑːnd͡ʒɑː
گاندھی	urd	ɡɑːnd̪ʱiː
گانو	urd	ɡɑːnoː
گانوں	urd	ɡɑːnõː
گانڈ	urd	ɡɑːnɖ
گانڈو	urd	ɡɑːnɖuː
گانے	urd	ɡɑːneː
گاو	urd	ɡɑːʋ
گاڑھا	urd	ɡɑːɽʰɑː
گاڑی	urd	ɡɑːɽiː
گاہ	urd	ɡɑːɦ
گایک	urd	ɡɑːjək
گتا	urd	ɡət̪t̪ɑː
گج	urd	ɡəd͡ʒ
گجرا	urd	ɡəd͡ʒɾɑː
گجرات	urd	ɡʊd͡ʒɾɑːt̪
گجراتی	urd	ɡʊd͡ʒɾɑːt̪iː
گجروں	urd	ɡəd͡ʒɾõː
گجرے	urd	ɡəd͡ʒɾeː
گدا	urd	ɡʊd̪ɑː
گدگدانا	urd	ɡʊd̪ɡʊd̪ɑːnɑː
گدھ	urd	ɡɪd̪d̪ʱ
گدھا	urd	ɡəd̪ʱɑː
گدھو	urd	ɡəd̪ʱoː
گدھوں	urd	ɡəd̪ʱõː
گدھی	urd	ɡəd̪ʱiː
گدھیاں	urd	ɡəd̪ʱɪjɑ̃ː
گدھیو	urd	ɡəd̪ʱɪjoː
گدھیوں	urd	ɡəd̪ʱɪjõː
گدھے	urd	ɡəd̪ʱeː
گذارنا	urd	ɡʊzɑːɾnɑː
گذراننا	urd	ɡʊzɾɑːnnɑː
گذرنا	urd	ɡʊzəɾnɑː
گذشتہ	urd	ɡʊzəʃt̪
گرام	urd	ɡɾɑːm
گرامر	urd	ɡɾɑːməɾ
گرانا	urd	ɡɪɾɑːnɑː
گرج	urd	ɡəɾəd͡ʒ
گرجا	urd	ɡɪɾd͡ʒɑː
گرجنا	urd	ɡəɾəd͡ʒnɑː
گرجوں	urd	ɡɪɾd͡ʒõː
گرجے	urd	ɡɪɾd͡ʒeː
گردش	urd	ɡəɾd̪ɪʃ
گردن	urd	ɡəɾd̪ən
گردنوں	urd	ɡəɾd̪ənõː
گردنیں	urd	ɡəɾd̪ənẽː
گردوارہ	urd	ɡʊɾd̪ʊɑːɾɑː
گردوں	urd	ɡʊɾd̪õː
گردہ	urd	ɡʊɾd̪ɑː
گردے	urd	ɡʊɾd̪eː
گرز	urd	ɡʊɾz
گرم	urd	ɡəɾəm
گرما	urd	ɡəɾmɑː
گرمکھی	urd	ɡʊɾmʊkʰiː
گرمی	urd	ɡəɾmiː
گرمیاں	urd	ɡəɾmɪjɑ̃ː
گرمیو	urd	ɡəɾmɪjoː
گرمیوں	urd	ɡəɾmɪjõː
گرنا	urd	ɡɪɾnɑː
گرنتھ	urd	ɡəɾənt̪ʰ
گرو	urd	ɡʊɾuː
گروپ	urd	ɡɾuːp
گروہ	urd	ɡɪɾoːɦ
گرڈ	urd	ɡəɾʊɖ
گرگٹ	urd	ɡɪɾɡɪʈ
گرہن	urd	ɡɾəɦən
گزارش	urd	ɡʊzɑːɾɪʃ
گزارہ	urd	ɡʊzɑːɾɑː
گزشتہ	urd	ɡʊzəʃt̪
گستاخ	urd	ɡʊst̪ɑːx
گستاخی	urd	ɡʊst̪ɑːxiː
گشت	urd	ɡəʃt̪
گشتی	urd	ɡəʃt̪iː
گشتیاں	urd	ɡəʃt̪ɪjɑ̃ː
گشتیو	urd	ɡəʃt̪ɪjoː
گشتیوں	urd	ɡəʃt̪ɪjõː
گفتار	urd	ɡʊft̪ɑːɾ
گفتگو	urd	ɡʊft̪ɡuː
گلاب	urd	ɡʊlɑːb
گلابی	urd	ɡʊlɑːbiː
گلاس	urd	ɡlɑːs
گلال	urd	ɡʊlɑːl
گلانی	urd	ɡlɑːniː
گلستان	urd	ɡʊlɪst̪ɑːn
گلشن	urd	ɡʊlʃən
گلفام	urd	ɡʊlfɑːm
گلو	urd	ɡʊloː
گلوں	urd	ɡəlõː
گلگت	urd	ɡɪlɡɪt̪
گلہ	urd	ɡɪlɑː
گلہری	urd	ɡɪləɦɾiː
گلی	urd	ɡəliː
گلیاں	urd	ɡəlɪjɑ̃ː
گلیل	urd	ɡəliːl
گلیم	urd	ɡɪliːm
گلیو	urd	ɡəlɪjoː
گلیوں	urd	ɡəlɪjõː
گلے	urd	ɡəleː
گم	urd	ɡʊm
گمان	urd	ɡʊmɑːn
گمانا	urd	ɡʊmɑːnɑː
گمبھیر	urd	ɡəmbʱiːɾ
گملا	urd	ɡəmlɑː
گمنام	urd	ɡʊmnɑːm
گنا	urd	ɡənnɑː
گناہ	urd	ɡʊnɑːɦ
گنبد	urd	ɡʊmbəd̪
گنبذ	urd	ɡʊmbəz
گنبھیر	urd	ɡə̃mbʱiːɾ
گنت	urd	ɡənɪt̪
گنتی	urd	ɡɪnt̪iː
گنجا	urd	ɡənd͡ʒɑː
گندم	urd	ɡənd̪ʊm
گندمی	urd	ɡənd̪ʊmiː
گندگی	urd	ɡənd̪əɡiː
گندھ	urd	ɡənd̪ʱ
گندھک	urd	ɡənd̪ʱək
گندہ	urd	ɡənd̪ɑː
گنگا	urd	ɡəŋɡɑː
گنگنا	urd	ɡʊnɡʊnɑː
گنی	urd	ɡɪniː
گنیش	urd	ɡəneːʃ
گوا	urd	ɡoːɑː
گوادر	urd	ɡʋɑːd̪əɾ
گوبھی	urd	ɡoːbʱiː
گوجرانوالہ	urd	ɡʊd͡ʒɾɑ̃ːʋɑːlɑː
گوجرہ	urd	ɡoːd͡ʒɾɑːɦ
گودام	urd	ɡoːd̪ɑːm
گورا	urd	ɡoːɾɑː
گورداسپور	urd	ɡoːɾd̪ɑːspuːɾ
گورستان	urd	ɡoːɾɪst̪ɑːn
گورمنٹ	urd	ɡoːɾmənʈ
گورو	urd	ɡɔːɾəʋ
گورکن	urd	ɡoːɾkən
گورکھا	urd	ɡoːɾkʰɑː
گوزن	urd	ɡɔːzən
گوسفند	urd	ɡoːsfənd̪
گوشت	urd	ɡoːʃ
گول	urd	ɡoːl
گولا	urd	ɡoːlɑː
گولی	urd	ɡoːliː
گونج	urd	ɡuːnd͡ʒ
گونگا	urd	ɡuːŋɡɑː
گوٹھ	urd	ɡoːʈʰ
گوٹی	urd	ɡoːʈiː
گوٹیاں	urd	ɡoːʈɪjɑ̃ː
گوٹیو	urd	ɡoːʈɪjoː
گوٹیوں	urd	ɡoːʈɪjõː
گوگرد	urd	ɡoːɡɪɾd̪
گٹار	urd	ɡɪʈɑːɾ
گٹھری	urd	ɡəʈʰɾiː
گپ	urd	ɡəp
گڈا	urd	ɡʊɖɖɑː
گڑ	urd	ɡʊɽ
گڑبڑ	urd	ɡəɽbəɽ
گڑھ	urd	ɡəɽʱ
گڑیا	urd	ɡʊɽɪjɑː
گگن	urd	ɡəɡən
گھاس	urd	ɡʱɑːs
گھام	urd	ɡʱɑːm
گھانا	urd	ɡʱɑːnɑː
گھاو	urd	ɡʱɑːʋ
گھاٹا	urd	ɡʱɑːʈɑː
گھبرانا	urd	ɡʱəbɾɑːnɑː
گھر	urd	ɡʱəɾ
گھرانا	urd	ɡʱəɾɑːnɑː
گھرنا	urd	ɡʱɪɾnɑː
گھروں	urd	ɡʱəɾõː
گھریلو	urd	ɡʱəɾeːluː
گھمنڈ	urd	ɡʱəmənɖ
گھنا	urd	ɡʱənɑː
گھناؤنا	urd	ɡʱɪnɑːoːnɑː
گھناؤنی	urd	ɡʱɪnɑːoːniː
گھناؤنے	urd	ɡʱɪnɑːoːneː
گھنونا	urd	ɡʱɪnɔːnɑː
گھنونی	urd	ɡʱɪnɔːniː
گھنونے	urd	ɡʱɪnɔːneː
گھنٹا	urd	ɡʱənʈɑː
گھنٹو	urd	ɡʱənʈoː
گھنٹوں	urd	ɡʱənʈõː
گھنٹہ	urd	ɡʱənʈɑː
گھنٹی	urd	ɡʱənʈiː
گھنٹے	urd	ɡʱənʈeː
گھنی	urd	ɡʱəniː
گھنے	urd	ɡʱəneː
گھوش	urd	ɡʱoːʃ
گھونسلہ	urd	ɡʱõːslə
گھونٹ	urd	ɡʱuːnʈ
گھونٹوں	urd	ɡʱũːʈõː
گھوٹکی	urd	ɡʱoːʈkiː
گھوڑا	urd	ɡʱoːɽɑː
گھوڑو	urd	ɡʱoːɽoː
گھوڑوں	urd	ɡʱoːɽõː
گھوڑی	urd	ɡʱoːɽiː
گھوڑے	urd	ɡʱoːɽeː
گھٹنا	urd	ɡʱəʈnɑː
گھڑی	urd	ɡʱəɽiː
گھڑیال	urd	ɡʱəɽɪjɑːl
گھی	urd	ɡʱiː
گہرا	urd	ɡəɦɾɑː
گہنا	urd	ɡəɦnɑː
گیا	urd	ɡəjɑː
گیارہ	urd	ɡjɑːɾəɦ
گیت	urd	ɡiːt̪
گیدڑ	urd	ɡiːd̪əɽ
گیر	urd	ɡɛːɾ
گیزر	urd	ɡiːzəɾ
گیس	urd	ɡæːs
گیسن	urd	ɡiːsən
گیسو	urd	ɡeːsuː
گیلا	urd	ɡiːlɑː
گیند	urd	ɡeːnd̪
گیندوں	urd	ɡeːnd̪õː
گیندیں	urd	ɡeːnd̪ẽː
گینڈا	urd	ɡeːnɖɑː
گیہوں	urd	ɡeːɦũː
گے	urd	ɡeː
ہائیڈروجن	urd	ɦɑːiːɖɾoːd͡ʒən
ہائے	urd	ɦɑːj
ہاتھ	urd	ɦɑːt̪ʰ
ہاتھوں	urd	ɦɑːt̪ʰõː
ہاتھی	urd	ɦɑːt̪ʰiː
ہار	urd	ɦɑːɾ
ہاردک	urd	ɦɑːɾd̪ɪk
ہارون	urd	ɦɑːɾuːn
ہالا	urd	ɦɑːlɑː
ہانڈی	urd	ɦɑːnɖiː
ہانڈیاں	urd	ɦɑːnɖɪjɑ̃ː
ہانڈیو	urd	ɦɑːnɖɪjoː
ہانڈیوں	urd	ɦɑːnɖɪjõː
ہانک	urd	ɦɑ̃ːk
ہانکنا	urd	ɦɑːŋknɑː
ہانیہ	urd	ɦɑːnɪjɑː
ہاٹ	urd	ɦɑːʈ
ہاں	urd	ɦɑ̃ː
ہتھیار	urd	ɦət̪ʰɪjɑːɾ
ہتھیلی	urd	ɦət̪ʰeːliː
ہتھیلیاں	urd	ɦət̪ʰeːlɪjɑ̃ː
ہتھیلیو	urd	ɦət̪ʰeːlɪjoː
ہتھیلیوں	urd	ɦət̪ʰeːlɪjõː
ہجر	urd	ɦɪd͡ʒɾ
ہجروں	urd	ɦɪd͡ʒɾõː
ہجو	urd	ɦəd͡ʒʋ
ہجوم	urd	ɦʊd͡ʒuːm
ہجے	urd	ɦɪd̪d͡ʒeː
ہخامنش	urd	ɦəxɑːmənɪʃ
ہخامنشی	urd	ɦəxɑːmənɪʃiː
ہدایات	urd	ɦɪd̪ɑːjɑːt̪
ہدایت	urd	ɦɪd̪ɑːjət̪
ہدایتوں	urd	ɦɪd̪ɑːjət̪õː
ہدایتیں	urd	ɦəd̪ɑːjət̪ẽː
ہدف	urd	ɦəd̪əf
ہرا	urd	ɦəɾɑː
ہرانا	urd	ɦəɾɑːnɑː
ہردے	urd	ɦɪɾd̪eː
ہرن	urd	ɦɪɾən
ہرنائی	urd	ɦəɾnɑːiː
ہرگز	urd	ɦəɾɡɪz
ہریالی	urd	ɦəɾɪjɑːliː
ہریانہ	urd	ɦəɾɪjɑːnɑː
ہستی	urd	ɦəst̪iː
ہستیاں	urd	ɦəst̪ɪjɑ̃ː
ہستیو	urd	ɦəst̪ɪjoː
ہستیوں	urd	ɦəst̪ɪjõː
ہسپانی	urd	ɦəspɑːniː
ہسپانیہ	urd	ɦəspɑːnɪjɑː
ہفتو	urd	ɦəft̪oː
ہفتوں	urd	ɦəft̪õː
ہفتہ	urd	ɦəft̪ɑː
ہفتے	urd	ɦəft̪eː
ہفوۃ	urd	ɦəfʋət̪
ہل	urd	ɦəl
ہلال	urd	ɦɪlɑːl
ہلانا	urd	ɦɪlɑːnɑː
ہلاک	urd	ɦəlɑːk
ہلاکت	urd	ɦəlɑːkət̪
ہلاکتوں	urd	ɦəlɑːkət̪õː
ہلاکتیں	urd	ɦəlɑːkət̪ẽː
ہلاکوں	urd	ɦəlɑːkõː
ہلسہ	urd	ɦɪlsɑː
ہلو	urd	həlːuː
ہلکا	urd	ɦəlkɑː
ہلکان	urd	ɦəlkɑːn
ہم	urd	ɦəm
ہمارا	urd	ɦəmɑːɾɑː
ہمالیہ	urd	ɦɪmɑːlɪjə
ہماہمی	urd	ɦəmɑːɦəmiː
ہمایوں	urd	ɦʊmɑːjũː
ہمت	urd	ɦɪmmət̪
ہمجنسیت	urd	ɦəmd͡ʒɪnsɪjət̪
ہمسایہ	urd	ɦəmsɑːjɑː
ہمسفر	urd	ɦəmsəfəɾ
ہموار	urd	ɦəmʋɑːɾ
ہمیشگی	urd	ɦəmeːʃɡiː
ہمیشہ	urd	ɦəmeːʃɑː
ہمیں	urd	ɦəmẽː
ہند	urd	ɦɪnd̪
ہندسوں	urd	ɦɪnd̪ɪsõː
ہندسہ	urd	ɦɪnd̪ɪsɑː
ہندسے	urd	ɦɪnd̪ɪseː
ہندو	urd	ɦɪnd̪uː
ہندوتوا	urd	ɦɪnd̪uːt̪ʋɑː
ہندوستان	urd	ɦɪnd̪oːst̪ɑːn
ہندوستانی	urd	ɦɪnd̪ʊst̪ɑːniː
ہندوکش	urd	ɦɪnd̪uːkʊʃ
ہندوی	urd	ɦɪnd̪ʋiː
ہندی	urd	ɦɪnd̪iː
ہندیہ	urd	ɦɪnd̪ɪjɑː
ہنزلو	urd	ɦənzloː
ہنسا	urd	ɦɪnsɑː
ہنساتمک	urd	ɦɪ̃nsɑːt̪mək
ہنسلو	urd	ɦənsloː
ہنسنا	urd	ɦə̃snɑː
ہنومان	urd	ɦənuːmɑːn
ہنڈار	urd	ɦʊnɖɑːɾ
ہنڈی	urd	ɦʊnɖiː
ہنگامی	urd	ɦəŋɡɑːmiː
ہنہنانا	urd	ɦɪnɦɪnɑːnɑː
ہنہناہٹ	urd	ɦɪnɦɪnɑːɦəʈ
ہو	urd	ɦoː
ہوئے	urd	ɦʊeː
ہوا	urd	ɦuːɑː
ہواؤں	urd	ɦʋɑːõː
ہوائی	urd	ɦəʋɑːiː
ہوائیں	urd	ɦʋɑːẽː
ہوتا	urd	ɦoːt̪ɑː
ہود	urd	ɦuːd̪
ہودہ	urd	ɦɔːd̪ɑː
ہوس	urd	ɦəʋəs
ہوسیع	urd	ɦoːseːʔə
ہوش	urd	ɦoːʃ
ہوشنگ	urd	ɦoːʃəŋɡ
ہوشوں	urd	ɦoːʃõː
ہوشیار	urd	ɦoːʃɪjɑːɾ
ہوشیع	urd	ɦoːʃeːʔə
ہولی	urd	ɦoːliː
ہونا	urd	ɦoːnɑː
ہونٹ	urd	ɦõːʈ
ہونٹو	urd	ɦoːnʈoː
ہونٹوں	urd	ɦoːnʈõː
ہونٹھ	urd	ɦoːnʈʰ
ہوٹل	urd	ɦoːʈəl
ہوں	urd	ɦũː
ہٹانا	urd	ɦəʈɑːnɑː
ہٹنا	urd	ɦəʈnɑː
ہچکنا	urd	ɦɪt͡ʃəknɑː
ہچکی	urd	ɦɪt͡ʃkiː
ہڈی	urd	ɦəɖːiː
ہڑبڑاہٹ	urd	ɦəɽbəɽɑːɦəʈ
ہڑتال	urd	ɦəɽt̪ɑːl
ہڑپہ	urd	ɦəɽəppɑː
ہکا	urd	ɦɪkkɑː
ہی	urd	ɦiː
ہیجڑا	urd	ɦiːd͡ʒɽɑː
ہیر	urd	ɦiːɾ
ہیرا	urd	ɦiːɾɑː
ہیضہ	urd	ɦɛːzɑː
ہیمبرگ	urd	ɦɛːmbəɾɡ
ہینسنا	urd	ɦĩːsnɑː
ہیک	urd	ɦiːk
ہیں	urd	ɦɛ̃ː
ہے	urd	ɦeː
یا	urd	jɑː
یات	urd	ɪjɑːt̪
یاتری	urd	jɑːt̪ɾiː
یاد	urd	jɑːd̪
یادداشت	urd	jɑːd̪d̪ɑːʃt̪
یادو	urd	jɑːd̪oː
یادوں	urd	jɑːd̪õː
یادگار	urd	jɑːd̪ɡɑːɾ
یادیں	urd	jɑːd̪ẽː
یار	urd	jɑːɾ
یارو	urd	jɑːɾoː
یاروں	urd	jɑːɾõː
یاس	urd	jəʔs
یاسمین	urd	jɑːsəmiːn
یاقوت	urd	jɑːquːt̪
یال	urd	jɑːl
یاور	urd	jɑːʋəɾ
یت	urd	jʊt̪
یتیم	urd	jət̪iːm
یحیی	urd	jəɦjɑː
یخ	urd	jəx
یخنی	urd	jəxniː
یدھ	urd	jʊd̪ʱ
یرغمال	urd	jəɾɣəmɑːl
یرمیاہ	urd	jɪɾmɪjɑːɦ
یروشلم	urd	jəɾoːʃləm
یزدان	urd	jəzd̪ɑːn
یزیدیت	urd	jəziːd̪ɪjət̪
یسعیاہ	urd	jəsɑːʔjɑːɦ
یسوع	urd	jəsuːʔ
یشوع	urd	jəʃuːʔ
یعقوب	urd	jəʔquːb
یعنی	urd	jɑːniː
یقین	urd	jəqiːn
یقینا	urd	jəqiːnən
یقیں	urd	jəqĩː
یلغار	urd	jəlɣɑːɾ
یلغارو	urd	jəlɣɑːɾoː
یلغاروں	urd	jəlɣɑːɾõː
یلغاریں	urd	jəlɣɑːɾẽː
یمن	urd	jəmən
یمنا	urd	jəmʊnɑː
ین	urd	iːn
یوحنا	urd	juːɦənnɑː
یوراگوئے	urd	juːɾɑːɡʋeː
یورش	urd	juːɾɪʃ
یوروپ	urd	juːɾoːp
یورپ	urd	juːɾəp
یوسف	urd	juːsʊf
یوغ	urd	joːɣ
یوم	urd	jɔːm
یون	urd	jəʋən
یونان	urd	juːnɑːn
یونانی	urd	juːnɑːniː
یونس	urd	juːnʊs
یوکرین	urd	juːkɾeːn
یوگدان	urd	joːɡd̪ɑːn
یوگنڈا	urd	juːɡənɖɑː
یوگیتو	urd	joːɡjət̪ʋ
یوگیہ	urd	joːɡj
یوں	urd	jõː
یک	urd	jək
یکتا	urd	jəkt̪ɑː
یکم	urd	jəkʊm
یکیدم	urd	jəkiːd̪əm
یگانہ	urd	jəɡɑːnɑː
یہ	urd	jəɦ
یہاں	urd	jəɦɑ̃ː
یہودنی	urd	jəɦuːd̪niː
یہودی	urd	jəɦuːd̪iː
یہودیت	urd	jəɦuːd̪ɪjət̪
یہودیہ	urd	jəɦuːd̪ɪjɑː
