آئی	urd	ɑːiː
آئین	urd	ɑːiːn
آئینہ	urd	ɑːiːnɑ
آب	urd	ɑːb
آباد	urd	ɑːbɑːd̪
آبادانی	urd	ɑːbɑːd̪ɑːniː
آبادی	urd	ɑːbɑːd̪iː
آبادیات	urd	ɑːbɑːd̪ʊjɑːt̪
آبدوز	urd	ɑːbəd̪oːz
آبشار	urd	ɑːbəʃɑːɾ
آبچین	urd	ɑːbət͡ʃiːn
آبی	urd	ɑːbiː
آتش	urd	ɑːt̪əʃ
آتما	urd	ɑːt̪əmɑː
آتنکوادی	urd	ɑːt̪ənkʋɑːd̪iː
آج	urd	ɑːd͡ʒ
آخرت	urd	ɑːxə̲ɾət̪
آخری	urd	ɑːxə̲ɾiː
آخن	urd	ɑːxən
آخور	urd	ɑːxoːɾ
آدا	urd	ɑːd̪ɑː
آداب	urd	ɑːd̪ɑːb
آدر	urd	ɑːd̪əɾ
آدم	urd	ɑːd̪əm
آدمی	urd	ɑːd̪əmiː
آدھا	urd	ɑːd̪ʱɑː
آدھنک	urd	ɑːd̪ʱə̲nək
آدھوں	urd	ɑːd̪ʱoː̃
آدھی	urd	ɑːd̪ʱiː
آدھے	urd	ɑːd̪ʱeː
آذر	urd	ɑːzəɾ
آرام	urd	ɑːɾɑːm
آربل	urd	ɑːɾəbəl
آرزو	urd	ɑːɾəzuː
آرمبھ	urd	ɑːɾəmbʱ
آرمی	urd	ɑːɾəmiː
آرمینیا	urd	ɑːɾəmeːnʊjɑː
آری	urd	ɑːɾiː
آرے	urd	ɑːɾeː
آزاد	urd	ɑːzɑːd̪
آزادی	urd	ɑːzɑːd̪iː
آزادیاں	urd	ɑːzɑːd̪ʊjɑː̃
آزادیوں	urd	ɑːzɑːd̪ʊjoː̃
آزاری	urd	ɑːzɑːɾiː
آزمانا	urd	ɑːzəmɑːnɑː
آزمودگی	urd	ɑːzəmuːd̪ə̲ɡiː
آزمودہ	urd	ɑːzəmuːd̪ɑ
آس	urd	ɑːs
آسام	urd	ɑːsɑːm
آسامی	urd	ɑːsɑːmiː
آسان	urd	ɑːsɑːn
آسانی	urd	ɑːsɑːniː
آساں	urd	ɑːsɑː̃
آستھا	urd	ɑːsət̪ʰɑː
آستین	urd	ɑːsət̪iːn
آسرا	urd	ɑːsəɾɑː
آسمان	urd	ɑːsəmɑːn
آسمانوں	urd	ɑːsəmɑːnoː̃
آسمانی	urd	ɑːsəmɑːniː
آسماں	urd	ɑːsəmɑː̃
آسن	urd	ɑːsən
آسند	urd	ɑːsənd̪
آسٹریا	urd	ɑːsʈɾʊjɑː
آسٹریلیا	urd	ɑːsʈɾeːljɑː
آسکت	urd	ɑːsəkt̪
آسکول	urd	ɑːsəkoːl
آسیب	urd	ɑːseːb
آشا	urd	ɑːʃɑː
آشنا	urd	ɑːʃənɑː
آشکارا	urd	ɑːʃəkɑːɾɑː
آشیرواد	urd	ɑːʃiːɾʋɑːd̪
آغا	urd	ɑːɣɑː
آغاز	urd	ɑːɣɑːz
آغوش	urd	ɑːɣoːʃ
آفت	urd	ɑːfət̪
آفتاب	urd	ɑːfət̪ɑːb
آفتابی	urd	ɑːfət̪ɑːbiː
آفتوں	urd	ɑːfə̲t̪oː̃
آفتیں	urd	ɑːfə̲t̪eː̃
آفریدی	urd	ɑːfəɾiːd̪iː
آفرین	urd	ɑːfəɾiːn
آفیسر	urd	ɑːfiːsəɾ
آقا	urd	ɑːqɑː
آقچہ	urd	ɑːqət͡ʃɑ
آلس	urd	ɑːləs
آلسی	urd	ɑːləsiː
آلنگن	urd	ɑːlənəɡən
آلو	urd	ɑːluː
آلود	urd	ɑːluːd̪
آلودگی	urd	ɑːluːd̪ə̲ɡiː
آلودگیاں	urd	ɑːluːd̪ə̲ɡʊjɑː̃
آلودگیو	urd	ɑːluːd̪ə̲ɡʊjoː
آلودگیوں	urd	ɑːluːd̪ə̲ɡʊjoː̃
آلودہ	urd	ɑːluːd̪ɑ
آلوچنا	urd	ɑːloːt͡ʃənɑː
آلوچہ	urd	ɑːluːt͡ʃɑ
آلچی	urd	ɑːlət͡ʃiː
آلہ	urd	ɑːlɑ
آم	urd	ɑːm
آمد	urd	ɑːməd̪
آمدنی	urd	ɑːmd̪əniː
آمر	urd	ɑːməɾ
آملہ	urd	ɑːməlɑ
آمنہ	urd	ɑːmə̲nɑ
آموختہ	urd	ɑːmoːxət̪ɑ
آمود	urd	ɑːmoːd̪
آموزش	urd	ɑːmoːzəʃ
آمیزش	urd	ɑːmeːzəʃ
آنا	urd	ɑːnɑː
آندھی	urd	ɑːnəd̪ʱiː
آندھیاں	urd	ɑːnəd̪ʱʊjɑː̃
آندھیوں	urd	ɑːnəd̪ʱʊjoː̃
آنساؤ	urd	ɑːnə̲sɑːoː
آنساؤں	urd	ɑːnə̲sɑːoː̃
آنسہ	urd	ɑːnə̲sɑ
آنکھو	urd	ɑːnəkʰoː
آنگن	urd	ɑːnəɡən
آواران	urd	ɑːʋɑːɾɑːn
آواز	urd	ɑːʋɑːz
آوازو	urd	ɑːʋɑːzoː
آوازوں	urd	ɑːʋɑːzoː̃
آوازیں	urd	ɑːʋɑːzeː̃
آٹا	urd	ɑːʈɑː
آٹھ	urd	ɑːʈʰ
آٹھواں	urd	ɑːʈʰʋɑː̃
آٹھویں	urd	ɑːʈʰʋiː̃
آپ	urd	ɑːp
آپا	urd	ɑːpɑː
آپی	urd	ɑːpiː
آچار	urd	ɑːt͡ʃɑːɾ
آڑو	urd	ɑːɽuː
آکاش	urd	ɑːkɑːʃ
آکاشی	urd	ɑːkɑːʃiː
آکرشت	urd	ɑːkəɾəʃət̪
آکرمن	urd	ɑːkɾəmən
آکھیٹ	urd	ɑːkʰeːʈ
آگ	urd	ɑːɡ
آگار	urd	ɑːɡɑːɾ
آگاہ	urd	ɑːɡɑːɦ
آگرہ	urd	ɑːɡəɾɪɦ
آگھات	urd	ɑːɡʱɑːt̪
آگے	urd	ɑːɡeː
آہ	urd	ɑːɦ
آیا	urd	ɑːjɑː
اب	urd	əb
ابا	urd	əbɑː
ابابیل	urd	əbɑːbiːl
اباضی	urd	əbɑːziː
ابال	urd	əbɑːl
ابالنا	urd	əbɑːlənɑː
ابتدا	urd	əbt̪əd̪ɑː
ابتدائی	urd	əbt̪əd̪ɑːiː
ابتسام	urd	əbt̪əsɑːm
ابداع	urd	əbəd̪ɑːʔ
ابراہیم	urd	əbəɾɑːɦiːm
ابرق	urd	əbəɾəq
ابرنجن	urd	əbəɾənəd͡ʒən
ابرنجین	urd	əbəɾənəd͡ʒiːn
ابرو	urd	əbəɾuː
ابریق	urd	əbəɾiːq
ابصار	urd	əbəsɑːɾ
ابلق	urd	əbələq
ابلنا	urd	əbələnɑː
ابلیس	urd	əbəliːs
ابلیسیانہ	urd	əbəliːsʊjɑːnɑ
ابن	urd	əbn
ابنہ	urd	əbənɑ
ابو	urd	əbuː
ابٹن	urd	əbəʈən
ابکائی	urd	əbəkɑːiː
ابھار	urd	əbʱɑːɾ
ابھال	urd	əbʱɑːl
ابھاو	urd	əbʱɑːʋ
ابھرتا	urd	əbʱəɾət̪ɑː
ابھشیک	urd	əbʱə̲ʃeːk
ابھمان	urd	əbʱə̲mɑːn
ابھی	urd	əbʱiː
ابھیاس	urd	əbʱjɑːs
ابہام	urd	əbəɦɑːm
اتارنا	urd	ət̪ɑːɾənɑː
اتالیق	urd	ət̪ɑːliːq
اتحاد	urd	ət̪ə̲ɦɑːd̪
اتحادی	urd	ət̪ə̲ɦɑːd̪iː
اترنا	urd	ət̪əɾənɑː
اتصال	urd	ət̪ə̲sɑːl
اتفاق	urd	ət̪ə̲fɑːq
اتم	urd	ət̪əm
اتمام	urd	ət̪əmɑːm
اتمک	urd	ət̪əmək
اتوار	urd	ət̪ʋɑːɾ
اتکا	urd	ət̪ə̲kɑː
اتھان	urd	ət̪ʰɑːn
اتہاس	urd	ət̪ə̲ɦɑːs
اتہام	urd	ət̪ə̲ɦɑːm
اتیاچاری	urd	ət̪jɑːt͡ʃɑːɾiː
اثاث	urd	əsɑːs
اثبات	urd	əsəbɑːt̪
اثباتی	urd	əsəbɑːt̪iː
اثر	urd	əsəɾ
اثنا	urd	əsənɑː
اجازت	urd	əd͡ʒɑːzət̪
اجازتوں	urd	əd͡ʒɑːzə̲t̪oː̃
اجازتیں	urd	əd͡ʒɑːzə̲t̪eː̃
اجالا	urd	əd͡ʒɑːlɑː
اجالنا	urd	əd͡ʒɑːlənɑː
اجر	urd	əd͡ʒɾ
اجرا	urd	əd͡ʒəɾɑː
اجرت	urd	əd͡ʒəɾət̪
اجرک	urd	əd͡ʒəɾək
اجزا	urd	əd͡ʒəzɑː
اجل	urd	əd͡ʒəl
اجلاس	urd	əd͡ʒəlɑːs
اجمالی	urd	əd͡ʒəmɑːliː
اجمود	urd	əd͡ʒəmoːd̪
اجمودا	urd	əd͡ʒəmoːd̪ɑː
اجنبی	urd	əd͡ʒnəbiː
اجڈ	urd	əd͡ʒəɖ
اجگر	urd	əd͡ʒəɡəɾ
اجی	urd	əd͡ʒiː
اجیر	urd	əd͡ʒiːɾ
احاطہ	urd	əɦɑːt̪ɑ
احباب	urd	əɦəbɑːb
احترام	urd	əɦt̪əɾɑːm
احتلام	urd	əɦt̪əlɑːm
احتیاج	urd	əɦət̪ʊjɑːd͡ʒ
احتیاط	urd	əɦət̪ʊjɑːt̪
احساس	urd	əɦəsɑːs
احساساتی	urd	əɦəsɑːsɑːt̪iː
احسان	urd	əɦəsɑːn
احشا	urd	əɦəʃɑː
احمد	urd	əɦəməd̪
احمق	urd	əɦəməq
احمقانہ	urd	əɦməqɑːnɑ
احوال	urd	əɦʋɑːl
احیا	urd	əɦjɑː
اخاہ	urd	əxɑːɦ
اخبار	urd	əxəbɑːɾ
اختر	urd	əxət̪əɾ
اختصار	urd	əxt̪əsɑːɾ
اختلاف	urd	əxt̪əlɑːf
اختلافات	urd	əxt̪əlɑːfɑːt̪
اختہ	urd	əxət̪ɑ
اختیار	urd	əxət̪ʊjɑːɾ
اختیاری	urd	əxət̪ʊjɑːɾiː
اخذ	urd	əxz
اخروٹ	urd	əxəɾoːʈ
اخلاط	urd	əxəlɑːt̪
اخلاق	urd	əxəlɑːq
ادا	urd	əd̪ɑː
ادائیگی	urd	əd̪ɑːiːɡiː
ادارتی	urd	əd̪ɑːɾə̲t̪iː
ادارہ	urd	əd̪ɑːɾɑ
اداری	urd	əd̪ɑːɾiː
اداس	urd	əd̪ɑːs
اداسی	urd	əd̪ɑːsiː
اداسیاں	urd	əd̪ɑːsʊjɑː̃
اداسیوں	urd	əd̪ɑːsʊjoː̃
اداہرن	urd	əd̪ɑːɦɾən
ادب	urd	əd̪əb
ادبا	urd	əd̪ə̲bɑː
ادبی	urd	əd̪əbiː
ادبیات	urd	əd̪ə̲bʊjɑːt̪
ادرنہ	urd	əd̪əɾənɑ
ادرک	urd	əd̪əɾək
ادریس	urd	əd̪əɾiːs
ادوان	urd	əd̪ʋɑːn
ادھار	urd	əd̪ʱɑːɾ
ادھلنا	urd	əd̪ʱələnɑː
ادھماس	urd	əd̪ʱə̲mɑːs
ادھورا	urd	əd̪ʱuːɾɑː
ادھکار	urd	əd̪ʱə̲kɑːɾ
ادھکاری	urd	əd̪ʱə̲kɑːɾiː
ادھیڑ	urd	əd̪ʱeːɽ
ادیب	urd	əd̪iːb
اذن	urd	əzn
اذہان	urd	əzəɦɑːn
ارادو	urd	əɾɑːd̪oː
ارادوں	urd	əɾɑːd̪oː̃
ارادہ	urd	əɾɑːd̪ɑ
ارادے	urd	əɾɑːd̪eː
ارب	urd	əɾəb
ارتداد	urd	əɾt̪əd̪ɑːd̪
ارتقا	urd	əɾt̪əqɑː
ارتھ	urd	əɾt̪ʰ
ارجت	urd	əɾəd͡ʒət̪
ارجن	urd	əɾəd͡ʒən
اردلی	urd	əɾd̪əliː
اردن	urd	əɾəd̪ən
اردو	urd	əɾəd̪uː
ارز	urd	əɾz
ارزانی	urd	əɾəzɑːniː
ارسطو	urd	əɾəsət̪uː
ارسل	urd	əɾəsəl
ارسلہ	urd	əɾsəlɑ
ارش	urd	əɾʃ
ارض	urd	əɾz
ارغوانی	urd	əɾɣʋɑːniː
ارمان	urd	əɾəmɑːn
ارمنستان	urd	əɾmənəsət̪ɑːn
ارمیا	urd	əɾəmʊjɑː
ارے	urd	əɾeː
از	urd	əz
ازار	urd	əzɑːɾ
ازبک	urd	əzəbək
ازبکستان	urd	əzbəkəsət̪ɑːn
ازدواج	urd	əzəd̪ɪʋɑːd͡ʒ
اساس	urd	əsɑːs
اساسی	urd	əsɑːsiː
اساطیر	urd	əsɑːt̪iːɾ
اساطیری	urd	əsɑːt̪iːɾiː
اسباب	urd	əsəbɑːb
استاد	urd	əsət̪ɑːd̪
استانی	urd	əsət̪ɑːniː
استبداد	urd	əsət̪əbəd̪ɑːd̪
استحکام	urd	əsət̪əɦəkɑːm
استخلاف	urd	əsət̪əxəlɑːf
استر	urd	əsət̪əɾ
استری	urd	əst̪əɾiː
استقبال	urd	əsət̪əqəbɑːl
استقلال	urd	əsət̪əqəlɑːl
استنبول	urd	əsət̪ənəboːl
استوار	urd	əsət̪ɪʋɑːɾ
استور	urd	əsət̪oːɾ
اسحاق	urd	əsəɦɑːq
اسد	urd	əsəd̪
اسرائیل	urd	əsəɾɑːiːl
اسراف	urd	əsəɾɑːf
اسطوخودوس	urd	əsət̪oːxuːd̪uːs
اسطورہ	urd	əsət̪uːɾɑ
اسطوری	urd	əsət̪uːɾiː
اسفنج	urd	əsəfənd͡ʒ
اسلام	urd	əsəlɑːm
اسلامی	urd	əsəlɑːmiː
اسلحہ	urd	əsləɦɑ
اسلوب	urd	əsəluːb
اسم	urd	əsəm
اسٹرابیری	urd	əsʈɾɑːbeːɾiː
اسٹیشن	urd	əsəʈeːʃən
اسپ	urd	əsp
اسپات	urd	əsəpɑːt̪
اسپتال	urd	əspət̪ɑːl
اسپغول	urd	əspəɣoːl
اسکول	urd	əsəkuːl
اسکولوں	urd	əsəkuːloː̃
اسہال	urd	əsəɦɑːl
اسیر	urd	əsiːɾ
اسیران	urd	əsiːɾɑːn
اسیرو	urd	əsiːɾoː
اسیروں	urd	əsiːɾoː̃
اسیری	urd	əsiːɾiː
اشارو	urd	əʃɑːɾoː
اشاروں	urd	əʃɑːɾoː̃
اشارہ	urd	əʃɑːɾɑ
اشارے	urd	əʃɑːɾeː
اشاعت	urd	əʃɑːʔət̪
اشبھ	urd	əʃəbʱ
اشتراک	urd	əʃt̪əɾɑːk
اشتقاق	urd	əʃt̪əqɑːq
اشتہا	urd	əʃt̪əɦɑː
اشتہار	urd	əʃt̪əɦɑːɾ
اشتیاق	urd	əʃət̪ʊjɑːq
اشراق	urd	əʃəɾɑːq
اشوک	urd	əʃoːk
اشک	urd	əʃk
اصطبل	urd	əst̪əbəl
اصطلاح	urd	əst̪əlɑːɦ
اصغر	urd	əsəɣəɾ
اصفہان	urd	əsfəɦɑːn
اصل	urd	əsl
اصلاح	urd	əsəlɑːɦ
اصول	urd	əsuːl
اصہار	urd	əsəɦɑːɾ
اصیل	urd	əsiːl
اضافت	urd	əzɑːfət̪
اضافہ	urd	əzɑːfɑ
اضطراب	urd	əzt̪əɾɑːb
اضطراری	urd	əzt̪əɾɑːɾiː
اطراف	urd	ət̪əɾɑːf
اطفال	urd	ət̪əfɑːl
اطلاع	urd	ət̪ə̲lɑːʔ
اطلاقی	urd	ət̪əlɑːqiː
اطلس	urd	ət̪ələs
اطمینان	urd	ət̪əmiːnɑːn
اظہار	urd	əzəɦɑːɾ
اعتراض	urd	əʔt̪əɾɑːz
اعتراضات	urd	əʔt̪əɾɑːzɑːt̪
اعتراضوں	urd	əʔt̪əɾɑːzoː̃
اعتماد	urd	əʔt̪əmɑːd̪
اعضا	urd	əʔəzɑː
اعظم	urd	əʔəzəm
اغوا	urd	əɣʋɑː
افراد	urd	əfəɾɑːd̪
افریقہ	urd	əfəɾiːqɑ
افریقی	urd	əfəɾiːqiː
افسانو	urd	əfəsɑːnoː
افسانوں	urd	əfəsɑːnoː̃
افسانوی	urd	əfəsɑːnʋiː
افسانہ	urd	əfəsɑːnɑ
افسانے	urd	əfəsɑːneː
افسر	urd	əfəsəɾ
افطار	urd	əfət̪ɑːɾ
افطاری	urd	əfət̪ɑːɾiː
افغان	urd	əfəɣɑːn
افغانستان	urd	əfəɣɑːnəsət̪ɑːn
افق	urd	əfəq
افلاس	urd	əfəlɑːs
افواہ	urd	əfʋɑːɦ
اقامت	urd	əqɑːmət̪
اقتدار	urd	əqt̪əd̪ɑːɾ
اقتصادی	urd	əqt̪əsɑːd̪iː
اقلیم	urd	əqəliːm
اقوام	urd	əqʋɑːm
البانیا	urd	ələbɑːnʊjɑː
البتہ	urd	əlbət̪ɑ
البیلا	urd	ələbeːlɑː
الحاق	urd	ələɦɑːq
الزام	urd	ələzɑːm
الف	urd	ələf
الفاظ	urd	ələfɑːz
اللہ	urd	ələlɑ
الم	urd	ələm
الماری	urd	ələmɑːɾiː
الماس	urd	ələmɑːs
المغرب	urd	ələməɣəɾəb
النکار	urd	ələnəkɑːɾ
النکرت	urd	ələnkɾət̪
الو	urd	əluː
الٹنا	urd	ələʈənɑː
الٹی	urd	ələʈiː
الٹیاں	urd	əlʈjɑː̃
الٹیوں	urd	əlʈjoː̃
الکحل	urd	əlkəɦəl
الگ	urd	ələɡ
الہام	urd	ələɦɑːm
الہاموں	urd	ələɦɑːmoː̃
الیاس	urd	əljɑːs
امارت	urd	əmɑːɾət̪
امام	urd	əmɑːm
امانت	urd	əmɑːnət̪
امانتو	urd	əmɑːnə̲t̪oː
امانتوں	urd	əmɑːnə̲t̪oː̃
امانتیں	urd	əmɑːnə̲t̪eː̃
امتحان	urd	əmt̪əɦɑːn
امتحانوں	urd	əmt̪əɦɑːnoː̃
امداد	urd	əməd̪ɑːd̪
امر	urd	əmɾ
امرا	urd	əmə̲ɾɑː
امرت	urd	əməɾət̪
امرتسر	urd	əməɾət̪əsəɾ
امرود	urd	əməɾuːd̪
امروز	urd	əməɾoːz
امریکا	urd	əməɾiːkɑː
امریکہ	urd	əməɾiːkɑ
امل	urd	əməl
املا	urd	əməlɑː
املی	urd	əməliː
امن	urd	əmən
امور	urd	əmuːɾ
امکان	urd	əməkɑːn
امی	urd	əmiː
امید	urd	əmeːd̪
امیدوار	urd	əmeːd̪ʋɑːɾ
امیر	urd	əmiːɾ
امینہ	urd	əmiːnɑ
اناتھ	urd	ənɑːt̪ʰ
انار	urd	ənɑːɾ
انارکلی	urd	ənɑːɾkəliː
انبار	urd	ənəbɑːɾ
انت	urd	ənt̪
انتباہ	urd	ənt̪əbɑːɦ
انتخاب	urd	ənt̪əxɑːb
انتر	urd	ənət̪əɾ
انترم	urd	ənt̪ɾəm
انتظار	urd	ənt̪əzɑːɾ
انتظام	urd	ənt̪əzɑːm
انتظامی	urd	ənt̪əzɑːmiː
انتقال	urd	ənt̪əqɑːl
انتقام	urd	ənt̪əqɑːm
انتم	urd	ənət̪əm
انتہا	urd	ənt̪əɦɑː
انتہائی	urd	ənt̪əɦɑːiː
انجام	urd	ənəd͡ʒɑːm
انجانا	urd	ənəd͡ʒɑːnɑː
انجماد	urd	ənd͡ʒəmɑːd̪
انجمن	urd	ənd͡ʒəmən
انجیر	urd	ənəd͡ʒiːɾ
انداز	urd	ənəd̪ɑːz
اندر	urd	ənəd̪əɾ
اندراج	urd	ənd̪əɾɑːd͡ʒ
اندرون	urd	ənd̪ɾuːn
اندلس	urd	ənd̪ələs
اندھا	urd	ənəd̪ʱɑː
اندھو	urd	ənəd̪ʱoː
اندھوں	urd	ənəd̪ʱoː̃
اندھکار	urd	ənd̪ʱkɑːɾ
اندھی	urd	ənəd̪ʱiː
اندھیرا	urd	ənəd̪ʱeːɾɑː
اندھیروں	urd	ənəd̪ʱeːɾoː̃
اندھیری	urd	ənəd̪ʱeːɾiː
اندھیرے	urd	ənəd̪ʱeːɾeː
اندھے	urd	ənəd̪ʱeː
اندیشوں	urd	ənəd̪eːʃoː̃
اندیشہ	urd	ənəd̪eːʃɑ
اندیشے	urd	ənəd̪eːʃeː
اندیکھا	urd	ənəd̪eːkʰɑː
انسان	urd	ənəsɑːn
انسانی	urd	ənəsɑːniː
انسداد	urd	ənsəd̪ɑːd̪
انش	urd	ənʃ
انصاف	urd	ənəsɑːf
انطلیاس	urd	ənət̪əljɑːs
انعام	urd	ənəʔɑːm
انعامو	urd	ənəʔɑːmoː
انعاموں	urd	ənəʔɑːmoː̃
انقلاب	urd	ənqəlɑːb
انل	urd	ənəl
انوادک	urd	ənɪʋɑːd̪ək
انوکھا	urd	ənoːkʰɑː
انوکھی	urd	ənoːkʰiː
انوکھے	urd	ənoːkʰeː
انپم	urd	ənə̲pəm
انچل	urd	ənət͡ʃəl
انڈو	urd	ənəɖoː
انڈونیشیا	urd	ənəɖoːneːʃʊjɑː
انڈوں	urd	ənəɖoː̃
انڈکوش	urd	ənɖəkoːʃ
انڈیا	urd	ənəɖʊjɑː
انڈے	urd	ənəɖeː
انکل	urd	ənəkəl
انگریز	urd	ənɡɾeːz
انگریزی	urd	ənɡɾeːziː
انگلستان	urd	ənɡləsət̪ɑːn
انگلی	urd	ənɡliː
انگور	urd	ənəɡuːɾ
انگوری	urd	ənəɡuːɾiː
انگولہ	urd	ənəɡoːlɑ
انگوٹھا	urd	ənəɡuːʈʰɑː
انگوٹھی	urd	ənəɡuːʈʰiː
انگڑائی	urd	ənɡɽɑːiː
انگھیٹی	urd	ənəɡʱiːʈiː
انھیں	urd	ənɦeː̃
انیس	urd	əniːs
انیک	urd	əneːk
اهہ	urd	əɦ
اورماڑا	urd	oːɾəmɑːɽɑː
اوس	urd	oːs
اوساکا	urd	oːsɑːkɑː
اولا	urd	oːlɑː
اوکاڑہ	urd	oːkɑːɽɑ
اٹاری	urd	əʈɑːɾiː
اٹاچی	urd	əʈɑːt͡ʃiː
اٹک	urd	əʈək
اٹھارہ	urd	əʈʰɑːɾɪɦ
اٹھانا	urd	əʈʰɑːnɑː
اٹھنا	urd	əʈʰənɑː
اپاسک	urd	əpɑːsək
اپدیش	urd	əpəd̪eːʃ
اپرادھ	urd	əpəɾɑːd̪ʱ
اپرادھی	urd	əpəɾɑːd̪ʱiː
اپرمپار	urd	əpəɾəməpɑːɾ
اپستھت	urd	əpəsət̪ʰət̪
اپلبدھ	urd	əpələbd̪ʱ
اپنا	urd	əpənɑː
اپواس	urd	əpʋɑːs
اپیوگ	urd	əpjoːɡ
اچار	urd	ət͡ʃɑːɾ
اچانک	urd	ət͡ʃɑːnək
اچت	urd	ət͡ʃət̪
اچھا	urd	ət͡ʃʰɑː
اچھلنا	urd	ət͡ʃʰələnɑː
اچھوت	urd	ət͡ʃʰuːt̪
اچھوتا	urd	ət͡ʃʰuːt̪ɑː
اچھوتی	urd	ət͡ʃʰuːt̪iː
اچھی	urd	ət͡ʃʰiː
اچھے	urd	ət͡ʃʰeː
اڑان	urd	əɽɑːn
اڑانا	urd	əɽɑːnɑː
اڑنا	urd	əɽənɑː
اڑھائی	urd	əɽʱɑːiː
اژدہا	urd	əʒd̪əɦɑː
اژدہو	urd	əʒd̪əɦoː
اژدہوں	urd	əʒd̪əɦoː̃
اژدہے	urd	əʒd̪əɦeː
اک	urd	ək
اکا	urd	əkɑː
اکائی	urd	əkɑːiː
اکادمک	urd	əkɑːd̪əmək
اکادمی	urd	əkɑːd̪əmiː
اکال	urd	əkɑːl
اکانوے	urd	əkɑːnʋeː
اکتوبر	urd	əkət̪uːbəɾ
اکثر	urd	əkəsəɾ
اکشر	urd	əkəʃəɾ
اکنون	urd	əkənuːn
اکٹھا	urd	əkə̲ʈʰɑː
اکڑ	urd	əkəɽ
اکھاڑا	urd	əkʰɑːɽɑː
اکھروٹ	urd	əkʰəɾoːʈ
اکیس	urd	əkiːs
اکیلا	urd	əkeːlɑː
اکیلاپن	urd	əkeːlɑːpən
اکیلی	urd	əkeːliː
اکیلے	urd	əkeːleː
اگر	urd	əɡəɾ
اگربتی	urd	əɡəɾbət̪iː
اگست	urd	əɡəst̪
اگلا	urd	əɡəlɑː
اگلی	urd	əɡəliː
اگلے	urd	əɡəleː
اگن	urd	əɡən
اگنا	urd	əɡənɑː
اگنی	urd	əɡəniː
اہلیاؤ	urd	əɦlʊjɑːoː
اہلیاؤں	urd	əɦlʊjɑːoː̃
ایتھنز	urd	eːt̪ʰənz
ایجنٹ	urd	eːd͡ʒənʈ
ایزد	urd	eːzəd̪
ایلچی	urd	eːlət͡ʃiː
ایک	urd	eːk
ایکواڈور	urd	eːkʋɑːɖoːɾ
اے	urd	eː
بائیسکل	urd	bɑːiːsə̲kəl
بابو	urd	bɑːbuː
بابی	urd	bɑːbiː
بات	urd	bɑːt̪
باتری	urd	bɑːt̪əɾiː
باتوں	urd	bɑːt̪oː̃
باتھروم	urd	bɑːt̪ʰəɾuːm
باتیں	urd	bɑːt̪eː̃
باجی	urd	bɑːd͡ʒiː
باختر	urd	bɑːxət̪əɾ
باد	urd	bɑːd̪
بادام	urd	bɑːd̪ɑːm
بادرنگ	urd	bɑːd̪əɾənɡ
بادشاہ	urd	bɑːd̪əʃɑːɦ
بادل	urd	bɑːd̪əl
بادلو	urd	bɑːd̪ə̲loː
بادلوں	urd	bɑːd̪ə̲loː̃
بادنجان	urd	bɑːd̪ənəd͡ʒɑːn
بار	urd	bɑːɾ
بارات	urd	bɑːɾɑːt̪
باراں	urd	bɑːɾɑː̃
بارش	urd	bɑːɾəʃ
بارشوں	urd	bɑːɾə̲ʃoː̃
بارشیں	urd	bɑːɾə̲ʃeː̃
بارکھان	urd	bɑːɾəkʰɑːn
بارہ	urd	bɑːɾɑ
بارہا	urd	bɑːɾəɦɑː
باریک	urd	bɑːɾiːk
باز	urd	bɑːz
بازار	urd	bɑːzɑːɾ
بازاروں	urd	bɑːzɑːɾoː̃
بازو	urd	bɑːzuː
بازوبند	urd	bɑːzuːbənd̪
بازی	urd	bɑːziː
باسن	urd	bɑːsən
باسی	urd	bɑːsiː
باشندہ	urd	bɑːʃənəd̪ɑ
باعث	urd	bɑːʔəs
باغ	urd	bɑːɣ
باغوں	urd	bɑːɣoː̃
باغی	urd	bɑːɣiː
باغیچہ	urd	bɑːɣiːt͡ʃɑ
باقی	urd	bɑːqiː
بال	urd	bɑːl
بالش	urd	bɑːləʃ
بالم	urd	bɑːləm
بالمیکی	urd	bɑːləmiːkiː
بالٹی	urd	bɑːləʈiː
باندھنا	urd	bɑːnd̪ʱnɑː
بانسوں	urd	bɑːnəsoː̃
بانو	urd	bɑːnoː
بانگ	urd	bɑːnɡ
بانگی	urd	bɑːnəɡiː
بانی	urd	bɑːniː
باٹ	urd	bɑːʈ
باڑ	urd	bɑːɽ
باڑھ	urd	bɑːɽʱ
باکو	urd	bɑːkuː
بایاں	urd	bɑːjɑː̃
بباد	urd	bəbɑːd̪
ببھکشا	urd	bəbʱəkəʃɑː
بت	urd	bət̪
بتانا	urd	bət̪ɑːnɑː
بتوں	urd	bət̪oː̃
بجری	urd	bəd͡ʒəɾiː
بجلی	urd	bəd͡ʒəliː
بجلیاں	urd	bəd͡ʒəlʊjɑː̃
بجلیوں	urd	bəd͡ʒəlʊjoː̃
بجنا	urd	bəd͡ʒənɑː
بجے	urd	bəd͡ʒeː
بحال	urd	bəɦɑːl
بحث	urd	bəɦəs
بحر	urd	bəɦɾ
بحرین	urd	bəɦəɾiːn
بخار	urd	bəxɑːɾ
بخت	urd	bəxt̪
بخش	urd	bəxʃ
بخیل	urd	bəxiːl
بدبو	urd	bəd̪əboː
بدتر	urd	bəd̪ət̪əɾ
بدر	urd	bəd̪əɾ
بدصورت	urd	bəd̪əsuːɾət̪
بدعتوں	urd	bəd̪ʔət̪oː̃
بدعنوانی	urd	bəd̪əʔənʋɑːniː
بدقسمت	urd	bəd̪əqəsəmət̪
بدلنا	urd	bəd̪ələnɑː
بدلوانا	urd	bəd̪əlʋɑːnɑː
بدمعاشوں	urd	bəd̪məʔɑːʃoː̃
بدن	urd	bəd̪ən
بدنصیب	urd	bəd̪nəsiːb
بدنوں	urd	bəd̪ə̲noː̃
بدنیت	urd	bəd̪əniːt̪
بدھ	urd	bəd̪ʱ
بدھائی	urd	bəd̪ʱɑːiː
بدھو	urd	bəd̪ʱuː
بدھوار	urd	bəd̪ʱʋɑːɾ
بدھیا	urd	bəd̪ʱʊjɑː
بدی	urd	bəd̪iː
بدیع	urd	bəd̪iːʔ
بدین	urd	bəd̪iːn
برآمد	urd	bəɾɑːməd̪
برا	urd	bəɾɑː
برات	urd	bəɾɑːt̪
براتو	urd	bəɾɑːt̪oː
براتوں	urd	bəɾɑːt̪oː̃
براتیں	urd	bəɾɑːt̪eː̃
برازیل	urd	bɾɑːziːl
برباد	urd	bəɾəbɑːd̪
برت	urd	bəɾət̪
برتاؤ	urd	bəɾət̪ɑːoː
برتن	urd	bəɾət̪ən
برج	urd	bəɾd͡ʒ
برخاست	urd	bəɾəxɑːst̪
برخاستوں	urd	bəɾəxɑːsət̪oː̃
برخاستیں	urd	bəɾəxɑːsət̪eː̃
برس	urd	bəɾəs
برسات	urd	bəɾəsɑːt̪
برساتوں	urd	bəɾəsɑːt̪oː̃
برساتیں	urd	bəɾəsɑːt̪eː̃
برسلز	urd	bɾəsəlz
برسنا	urd	bəɾəsənɑː
برسی	urd	bəɾəsiː
برسیاں	urd	bəɾəsʊjɑː̃
برسیوں	urd	bəɾəsʊjoː̃
برطانوی	urd	bəɾət̪ɑːnʋiː
برف	urd	bəɾf
برق	urd	bəɾq
برقع	urd	bəɾəqəʔ
برقی	urd	bəɾəqiː
برلن	urd	bəɾələn
برما	urd	bəɾəmɑː
بروخے	urd	bɾuːxeː
برودت	urd	bəɾuːd̪ət̪
برٹش	urd	bəɾəʈəʃ
برچھا	urd	bəɾət͡ʃʰɑː
برکات	urd	bəɾə̲kɑːt̪
برکت	urd	bəɾəkət̪
برکتوں	urd	bəɾkət̪oː̃
برکتیں	urd	bəɾkət̪eː̃
برکھا	urd	bəɾəkʰɑː
برگزیدہ	urd	bəɾɡəziːd̪ɑ
برہا	urd	bəɾəɦɑː
برہما	urd	bəɾəɦmɑː
برہنہ	urd	bəɾəɦnɑ
بری	urd	bəɾiː
بریانی	urd	bəɾjɑːniː
برے	urd	bəɾeː
بزار	urd	bəzɑːɾ
بزرگ	urd	bəzəɾɡ
بزرگی	urd	bəzəɾəɡiː
بس	urd	bəs
بستر	urd	bəsət̪əɾ
بستی	urd	bəsət̪iː
بستیاں	urd	bəsət̪ʊjɑː̃
بستیو	urd	bəsət̪ʊjoː
بستیوں	urd	bəsət̪ʊjoː̃
بسنا	urd	bəsənɑː
بسنت	urd	bəsənt̪
بسکٹ	urd	bəsəkəʈ
بسیار	urd	bəsjɑːɾ
بشیر	urd	bəʃiːɾ
بشیشن	urd	bəʃeːʃən
بضاعت	urd	bəzɑːʔət̪
بطخ	urd	bət̪əx
بعث	urd	bəʔs
بعثت	urd	bəʔəsət̪
بعلبک	urd	bəʔləbək
بغل	urd	bəɣəl
بغیچہ	urd	bəɣiːt͡ʃɑ
بقا	urd	bəqɑː
بقار	urd	bəqɑːɾ
بقر	urd	bəqəɾ
بقرعید	urd	bəqəɾəʔiːd̪
بقرہ	urd	bəqə̲ɾɑ
بلا	urd	bəlɑː
بلب	urd	bəlb
بلبل	urd	bələbəl
بلبلو	urd	bəlbəloː
بلبلوں	urd	bəlbəloː̃
بلبلیں	urd	bəlbəleː̃
بلغاری	urd	bələɣɑːɾiː
بلغم	urd	bələɣəm
بلند	urd	bələnd̪
بلوغت	urd	bəluːɣət̪
بلوچ	urd	bəloːt͡ʃ
بلوچستان	urd	bəloːt͡ʃəsət̪ɑːn
بلہ	urd	bəlɑ
بلہار	urd	bələ̲ɦɑːɾ
بلی	urd	bəliː
بلے	urd	bəleː
بم	urd	bəm
بمبئی	urd	bəməbəiː
بمباری	urd	bəməbɑːɾiː
بمقابلہ	urd	bəmə̲qɑːbə̲lɑ
بنا	urd	bənɑː
بنارس	urd	bənɑːɾəs
بنانا	urd	bənɑːnɑː
بنت	urd	bənt̪
بنتی	urd	bənət̪iː
بنجارا	urd	bənəd͡ʒɑːɾɑː
بنجی	urd	bənəd͡ʒiː
بند	urd	bənd̪
بندر	urd	bənəd̪əɾ
بندش	urd	bənəd̪əʃ
بندو	urd	bənəd̪oː
بندوق	urd	bənəd̪uːq
بندوں	urd	bənəd̪oː̃
بندگی	urd	bənd̪əɡiː
بندھن	urd	bənəd̪ʱən
بندہ	urd	bənəd̪ɑ
بندے	urd	bənəd̪eː
بنزین	urd	bənəziːn
بنفشی	urd	bənəfəʃiː
بنگ	urd	bənɡ
بنگال	urd	bənəɡɑːl
بنگالن	urd	bənəɡɑːlən
بنگلہ	urd	bənɡlɑ
بنیاد	urd	bənjɑːd̪
بنیادی	urd	bənʊjɑːd̪iː
بنیان	urd	bənʊjɑːn
بو	urd	boː
بوا	urd	bɪʋɑː
بواؤ	urd	buːɑːoː
بواؤں	urd	buːɑːoː̃
بواب	urd	bɪʋɑːb
بوتل	urd	boːt̪əl
بوجھ	urd	boːd͡ʒʱ
بوجھوں	urd	boːd͡ʒʱoː̃
بودار	urd	buːd̪ɑːɾ
بور	urd	boːɾ
بوستان	urd	boːsət̪ɑːn
بوسنیا	urd	boːsənʊjɑː
بوسہ	urd	boːsɑ
بولنا	urd	boːlənɑː
بولی	urd	boːliː
بوم	urd	buːm
بونا	urd	boːnɑː
بوٹ	urd	buːʈ
بوچڑ	urd	buːt͡ʃəɽ
بوڑھا	urd	buːɽʱɑː
بوڑھو	urd	buːɽʱoː
بوڑھوں	urd	buːɽʱoː̃
بوڑھی	urd	buːɽʱiː
بوڑھے	urd	buːɽʱeː
بٹن	urd	bəʈən
بٹوا	urd	bəʈʋɑː
بٹورنا	urd	bəʈoːɾənɑː
بٹھانا	urd	bəʈʰɑːnɑː
بپتسمہ	urd	bəpət̪əsəmɑ
بچانا	urd	bət͡ʃɑːnɑː
بچنا	urd	bət͡ʃənɑː
بچو	urd	bət͡ʃoː
بچوں	urd	bət͡ʃoː̃
بچپن	urd	bət͡ʃəpən
بچھانا	urd	bət͡ʃʰɑːnɑː
بچھو	urd	bət͡ʃʰuː
بچہ	urd	bət͡ʃɑ
بچی	urd	bət͡ʃiː
بچے	urd	bət͡ʃeː
بڑا	urd	bəɽɑː
بڑائی	urd	bəɽɑːiː
بڑھاپا	urd	bəɽʱɑːpɑː
بڑھنا	urd	bəɽʱənɑː
بڑھیا	urd	bəɽʱjɑː
بڑی	urd	bəɽiː
بڑے	urd	bəɽeː
بکاؤ	urd	bəkɑːoː
بکتاش	urd	bəkət̪ɑːʃ
بکتاشی	urd	bəkət̪ɑːʃiː
بکرا	urd	bəkəɾɑː
بکری	urd	bəkəɾiː
بکس	urd	bəks
بکم	urd	bəkəm
بکواس	urd	bəkʋɑːs
بکھراو	urd	bəkʰəɾɑːʋ
بھائی	urd	bʱɑːiː
بھابھی	urd	bʱɑːbʱiː
بھابی	urd	bʱɑːbiː
بھابیاں	urd	bʱɑːbʊjɑː̃
بھابیو	urd	bʱɑːbʊjoː
بھابیوں	urd	bʱɑːbʊjoː̃
بھاجن	urd	bʱɑːd͡ʒən
بھادوں	urd	bʱɑːd̪oː̃
بھارت	urd	bʱɑːɾət̪
بھارتی	urd	bʱɑːɾət̪iː
بھاشا	urd	bʱɑːʃɑː
بھاشن	urd	bʱɑːʃən
بھاشنوں	urd	bʱɑːʃə̲noː̃
بھالو	urd	bʱɑːluː
بھانجا	urd	bʱɑːnəd͡ʒɑː
بھانجو	urd	bʱɑːnəd͡ʒoː
بھانجوں	urd	bʱɑːnəd͡ʒoː̃
بھانجی	urd	bʱɑːnəd͡ʒiː
بھانجیاں	urd	bʱɑːnəd͡ʒʊjɑː̃
بھانجیو	urd	bʱɑːnəd͡ʒʊjoː
بھانجیوں	urd	bʱɑːnəd͡ʒʊjoː̃
بھانجے	urd	bʱɑːnəd͡ʒeː
بھانگ	urd	bʱɑːnɡ
بھاپ	urd	bʱɑːp
بھاکھا	urd	bʱɑːkʰɑː
بھاگ	urd	bʱɑːɡ
بھاگنا	urd	bʱɑːɡənɑː
بھتیجا	urd	bʱət̪iːd͡ʒɑː
بھتیجی	urd	bʱət̪iːd͡ʒiː
بھجن	urd	bʱəd͡ʒən
بھراتا	urd	bʱɾɑːt̪ɑː
بھراتر	urd	bʱɾɑːt̪ɾ
بھرم	urd	bʱəɾəm
بھرن	urd	bʱəɾən
بھرنا	urd	bʱəɾənɑː
بھلوال	urd	bʱəlʋɑːl
بھلکڑ	urd	bʱələ̲kəɽ
بھنجک	urd	bʱənəd͡ʒək
بھنڈ	urd	bʱənɖ
بھوت	urd	bʱuːt̪
بھوتل	urd	bʱuːt̪əl
بھوتنی	urd	bʱuːt̪əniː
بھوجن	urd	bʱoːd͡ʒən
بھور	urd	bʱoːɾ
بھورا	urd	bʱuːɾɑː
بھوسڑی	urd	bʱoːsəɽiː
بھولنا	urd	bʱuːlənɑː
بھومکا	urd	bʱuːmə̲kɑː
بھومی	urd	bʱuːmiː
بھوٹان	urd	bʱuːʈɑːn
بھوک	urd	bʱuːk
بھوکا	urd	bʱuːkɑː
بھوکی	urd	bʱuːkiː
بھوکے	urd	bʱuːkeː
بھوگول	urd	bʱuːɡoːl
بھکت	urd	bʱəkt̪
بھکتی	urd	bʱəkət̪iː
بھکر	urd	bʱəkəɾ
بھگدڑ	urd	bʱəɡəd̪əɽ
بھگوان	urd	bʱəɡʋɑːn
بھی	urd	bʱiː
بھیا	urd	bʱʊjɑː
بھیانک	urd	bʱʊjɑːnək
بھیجنا	urd	bʱeːd͡ʒənɑː
بھید	urd	bʱeːd̪
بھیدوں	urd	bʱeːd̪oː̃
بھیس	urd	bʱeːs
بھینا	urd	bʱiːnɑː
بھیڑ	urd	bʱeːɽ
بھیڑو	urd	bʱeːɽoː
بھیڑوں	urd	bʱeːɽoː̃
بھیڑیں	urd	bʱeːɽeː̃
بھیک	urd	bʱiːk
بہ	urd	bɑ
بہائی	urd	bəɦɑːiː
بہادری	urd	bəɦɑːd̪ə̲ɾiː
بہار	urd	bəɦɑːɾ
بہارا	urd	bəɦɑːɾɑː
بہاراں	urd	bəɦɑːɾɑː̃
بہارو	urd	bəɦɑːɾoː
بہاروں	urd	bəɦɑːɾoː̃
بہاریں	urd	bəɦɑːɾeː̃
بہتان	urd	bəɦt̪ɑːn
بہتانوں	urd	bəɦt̪ɑːnoː̃
بہتر	urd	bəɦt̪əɾ
بہرا	urd	bəɦɾɑː
بہرام	urd	bəɦɾɑːm
بہنا	urd	bəɦnɑː
بہنوئی	urd	bəɦnoːiː
بہی	urd	bəɦiː
بیابان	urd	bʊjɑːbɑːn
بیاباں	urd	bʊjɑːbɑː̃
بیاض	urd	bʊjɑːz
بیان	urd	bʊjɑːn
بیاہ	urd	bjɑːɦ
بیتا	urd	biːt̪ɑː
بیج	urd	biːd͡ʒ
بیجا	urd	beːd͡ʒɑː
بیجنگ	urd	beːd͡ʒənɡ
بیخ	urd	beːx
بیدار	urd	beːd̪ɑːɾ
بیر	urd	biːɾ
بیزار	urd	beːzɑːɾ
بیزتی	urd	beːzət̪iː
بیس	urd	biːs
بیستی	urd	beːsət̪iː
بیش	urd	beːʃ
بیشک	urd	beːʃək
بیل	urd	beːl
بیلاروس	urd	beːlɑːɾuːs
بیلن	urd	beːlən
بیلہ	urd	beːlɑ
بیمار	urd	biːmɑːɾ
بیماری	urd	biːmɑːɾiː
بین	urd	biːn
بیوی	urd	biːʋiː
بیٹا	urd	beːʈɑː
بیٹو	urd	beːʈoː
بیٹوں	urd	beːʈoː̃
بیٹی	urd	beːʈiː
بیٹیاں	urd	beːʈʊjɑː̃
بیٹیو	urd	beːʈʊjoː
بیٹیوں	urd	beːʈʊjoː̃
بیٹے	urd	beːʈeː
بیچ	urd	biːt͡ʃ
بیچنا	urd	beːt͡ʃənɑː
بیڑا	urd	beːɽɑː
بیکر	urd	beːkəɾ
بیگ	urd	beːɡ
بیگار	urd	beːɡɑːɾ
بیگم	urd	beːɡəm
بے	urd	beː
تا	urd	t̪ɑː
تابش	urd	t̪ɑːbəʃ
تابندہ	urd	t̪ɑːbənəd̪ɑ
تابوت	urd	t̪ɑːbuːt̪
تابکار	urd	t̪ɑːbəkɑːɾ
تاثیر	urd	t̪ɑːsiːɾ
تاثیرو	urd	t̪ɑːsiːɾoː
تاثیروں	urd	t̪ɑːsiːɾoː̃
تاثیریں	urd	t̪ɑːsiːɾeː̃
تاج	urd	t̪ɑːd͡ʒ
تاجکستان	urd	t̪ɑːd͡ʒə̲kəsət̪ɑːn
تار	urd	t̪ɑːɾ
تارا	urd	t̪ɑːɾɑː
تارو	urd	t̪ɑːɾoː
تاروں	urd	t̪ɑːɾoː̃
تارکین	urd	t̪ɑːɾə̲kiːn
تاریخ	urd	t̪ɑːɾiːx
تاریخچہ	urd	t̪ɑːɾiːxət͡ʃɑ
تاریخی	urd	t̪ɑːɾiːxiː
تاریک	urd	t̪ɑːɾiːk
تاریکی	urd	t̪ɑːɾiːkiː
تارے	urd	t̪ɑːɾeː
تازہ	urd	t̪ɑːzɑ
تازی	urd	t̪ɑːziː
تازے	urd	t̪ɑːzeː
تاش	urd	t̪ɑːʃ
تاشقند	urd	t̪ɑːʃəqənd̪
تال	urd	t̪ɑːl
تالا	urd	t̪ɑːlɑː
تالو	urd	t̪ɑːluː
تالی	urd	t̪ɑːliː
تاناشاہ	urd	t̪ɑːnɑːʃɑːɦ
تانبا	urd	t̪ɑːnəbɑː
تانگا	urd	t̪ɑːnəɡɑː
تاپ	urd	t̪ɑːp
تاپنا	urd	t̪ɑːpənɑː
تاڑ	urd	t̪ɑːɽ
تاڑی	urd	t̪ɑːɽiː
تایا	urd	t̪ɑːjɑː
تب	urd	t̪əb
تبادلہ	urd	t̪əbɑːd̪əlɑ
تباہ	urd	t̪əbɑːɦ
تبت	urd	t̪əbət̪
تبدیل	urd	t̪əbəd̪iːl
تبرک	urd	t̪əbə̲ɾək
تبرکات	urd	t̪əbə̲ɾə̲kɑːt̪
تبرکوں	urd	t̪əbə̲ɾə̲koː̃
تبریر	urd	t̪əbəɾiːɾ
تبریز	urd	t̪əbəɾeːz
تبسم	urd	t̪əbə̲səm
تبصرہ	urd	t̪əbsəɾɑ
تتلی	urd	t̪ət̪əliː
تتلیاں	urd	t̪ət̪əlʊjɑː̃
تتلیو	urd	t̪ət̪əlʊjoː
تتلیوں	urd	t̪ət̪əlʊjoː̃
تجارت	urd	t̪əd͡ʒɑːɾət̪
تجارتی	urd	t̪əd͡ʒɑːɾə̲t̪iː
تجسس	urd	t̪əd͡ʒə̲səs
تجھے	urd	t̪əd͡ʒʱeː
تحریر	urd	t̪əɦəɾiːɾ
تحریک	urd	t̪əɦəɾiːk
تحصیل	urd	t̪əɦəsiːl
تحفظ	urd	t̪əɦə̲fəz
تحقیق	urd	t̪əɦəqiːq
تخت	urd	t̪əxt̪
تختہ	urd	t̪əxət̪ɑ
تخلیق	urd	t̪əxəliːq
تخم	urd	t̪əxm
تخمہ	urd	t̪əxəmɑ
ترائی	urd	t̪əɾɑːiː
ترازو	urd	t̪əɾɑːzuː
ترانہ	urd	t̪əɾɑːnɑ
تراویح	urd	t̪əɾɑːʋiːɦ
تربت	urd	t̪əɾəbət̪
ترتیب	urd	t̪əɾət̪iːb
ترجمان	urd	t̪əɾd͡ʒəmɑːn
ترجموں	urd	t̪əɾd͡ʒəmoː̃
ترجمہ	urd	t̪əɾd͡ʒəmɑ
ترجمے	urd	t̪əɾd͡ʒəmeː
ترجیح	urd	t̪əɾəd͡ʒiːɦ
ترس	urd	t̪əɾəs
ترسوں	urd	t̪əɾəsoː̃
ترقی	urd	t̪əɾə̲qiː
ترنگ	urd	t̪əɾənɡ
ترٹی	urd	t̪ɾəʈiː
ترک	urd	t̪əɾk
ترکاری	urd	t̪əɾəkɑːɾiː
ترکستان	urd	t̪əɾəkəsət̪ɑːn
ترکی	urd	t̪əɾəkiː
ترکیے	urd	t̪əɾəkʊjeː
تریپورہ	urd	t̪ɾiːpuːɾɑ
تسبیح	urd	t̪əsəbiːɦ
تسلی	urd	t̪əsə̲liː
تسلیم	urd	t̪əsəliːm
تشدد	urd	t̪əʃə̲d̪əd̪
تشریح	urd	t̪əʃəɾiːɦ
تشریف	urd	t̪əʃəɾiːf
تشنہ	urd	t̪əʃənɑ
تشویشناک	urd	t̪əʃʋiːʃənɑːk
تشکیل	urd	t̪əʃəkiːl
تصاویر	urd	t̪əsɑːʋiːɾ
تصدیق	urd	t̪əsəd̪iːq
تصریف	urd	t̪əsəɾiːf
تصمیم	urd	t̪əsəmiːm
تصویر	urd	t̪əsʋiːɾ
تصویرو	urd	t̪əsʋiːɾoː
تصویروں	urd	t̪əsʋiːɾoː̃
تصویریں	urd	t̪əsʋiːɾeː̃
تعارف	urd	t̪əʔɑːɾəf
تعبیر	urd	t̪əʔəbiːɾ
تعبیرو	urd	t̪əʔəbiːɾoː
تعبیروں	urd	t̪əʔəbiːɾoː̃
تعبیریں	urd	t̪əʔəbiːɾeː̃
تعجب	urd	t̪əʔə̲d͡ʒəb
تعجبو	urd	t̪əʔə̲d͡ʒə̲boː
تعجبوں	urd	t̪əʔə̲d͡ʒə̲boː̃
تعداد	urd	t̪əʔəd̪ɑːd̪
تعطیل	urd	t̪əʔət̪iːl
تعلق	urd	t̪əʔə̲ləq
تعلقات	urd	t̪əʔə̲lə̲qɑːt̪
تعلقوں	urd	t̪əʔə̲lə̲qoː̃
تعلیمات	urd	t̪əʔəliːmɑːt̪
تعلیموں	urd	t̪əʔəliːmoː̃
تعلیمیں	urd	t̪əʔəliːmeː̃
تعویذ	urd	t̪əʔʋiːz
تغافل	urd	t̪əɣɑːfəl
تغییر	urd	t̪əɣjiːɾ
تفاح	urd	t̪əfɑːɦ
تفسیر	urd	t̪əfəsiːɾ
تفصیل	urd	t̪əfəsiːl
تفصیلات	urd	t̪əfəsiːlɑːt̪
تفصیلوں	urd	t̪əfəsiːloː̃
تفصیلیں	urd	t̪əfəsiːleː̃
تفنگ	urd	t̪əfənɡ
تقدس	urd	t̪əqə̲d̪əs
تقدیر	urd	t̪əqəd̪iːɾ
تقریر	urd	t̪əqəɾiːɾ
تقسیم	urd	t̪əqəsiːm
تقلید	urd	t̪əqəliːd̪
تلا	urd	t̪əlɑː
تلخ	urd	t̪əlx
تلخی	urd	t̪ələxiː
تلسی	urd	t̪ələsiː
تلفظ	urd	t̪ələ̲fəz
تلوار	urd	t̪əlʋɑːɾ
تلواروں	urd	t̪əlʋɑːɾoː̃
تلواریں	urd	t̪əlʋɑːɾeː̃
تم	urd	t̪əm
تماشا	urd	t̪əmɑːʃɑː
تماشائی	urd	t̪əmɑːʃɑːiː
تماشوں	urd	t̪əmɑːʃoː̃
تماشہ	urd	t̪əmɑːʃɑ
تماشے	urd	t̪əmɑːʃeː
تمام	urd	t̪əmɑːm
تمباکو	urd	t̪əməbɑːkuː
تمبوڑی	urd	t̪əməbuːɽiː
تمرکز	urd	t̪əməɾəkəz
تمغا	urd	t̪əməɣɑː
تملق	urd	t̪əmə̲ləq
تمنا	urd	t̪əmə̲nɑː
تمناؤ	urd	t̪əmə̲nɑːoː
تمناؤں	urd	t̪əmə̲nɑːoː̃
تمنچہ	urd	t̪əmənət͡ʃɑ
تمپ	urd	t̪əmp
تمھیں	urd	t̪əmʱeː̃
تمہارا	urd	t̪əməɦɑːɾɑː
تمیز	urd	t̪əmiːz
تن	urd	t̪ən
تنبولی	urd	t̪ənəboːliː
تندر	urd	t̪ənəd̪əɾ
تندرست	urd	t̪ənd̪əɾəst̪
تندرستی	urd	t̪ənd̪əɾəsət̪iː
تندور	urd	t̪ənəd̪uːɾ
تنظیم	urd	t̪ənəziːm
تنظیمی	urd	t̪ənəziːmiː
تنگ	urd	t̪ənɡ
تنہائی	urd	t̪ənəɦɑːiː
تو	urd	t̪oː
توانا	urd	t̪ɪʋɑːnɑː
توران	urd	t̪uːɾɑːn
توند	urd	t̪oːnd̪
توپ	urd	t̪oːp
توڑنا	urd	t̪oːɽənɑː
تڑت	urd	t̪əɽət̪
تڑپنا	urd	t̪əɽəpənɑː
تکبر	urd	t̪əkə̲bəɾ
تکبیر	urd	t̪əkəbiːɾ
تکرار	urd	t̪əkəɾɑːɾ
تکلیف	urd	t̪əkəliːf
تکمیل	urd	t̪əkəmiːl
تکھان	urd	t̪əkʰɑːn
تگنا	urd	t̪əɡənɑː
تھا	urd	t̪ʰɑː
تھل	urd	t̪ʰəl
تھوڑا	urd	t̪ʰoːɽɑː
تھوک	urd	t̪ʰuːk
تھوکنا	urd	t̪ʰuːkənɑː
تھکنا	urd	t̪ʰəkənɑː
تھی	urd	t̪ʰiː
تھے	urd	t̪ʰeː
تہ	urd	t̪ɪɦ
تہائی	urd	t̪əɦɑːiː
تہذیب	urd	t̪əɦziːb
تہمت	urd	t̪əɦmət̪
تہمتوں	urd	t̪əɦmət̪oː̃
تہمتیں	urd	t̪əɦmət̪eː̃
تہہ	urd	t̪əɦɦ
تیاگ	urd	t̪jɑːɡ
تیرا	urd	t̪eːɾɑː
تیرتھنکر	urd	t̪iːɾət̪ʰənəkəɾ
تیرگی	urd	t̪iːɾə̲ɡiː
تیرہ	urd	t̪eːɾɑ
تیز	urd	t̪eːz
تیسرا	urd	t̪iːsəɾɑː
تیل	urd	t̪eːl
تین	urd	t̪iːn
تیکھا	urd	t̪iːkʰɑː
ثابت	urd	sɑːbət̪
ثبوت	urd	səbuːt̪
ثریا	urd	səɾʊjɑː
ثقافت	urd	səqɑːfət̪
ثقافتی	urd	səqɑːfə̲t̪iː
ثقالت	urd	səqɑːlət̪
ثواب	urd	sɪʋɑːb
جادو	urd	d͡ʒɑːd̪uː
جادوگر	urd	d͡ʒɑːd̪uːɡəɾ
جارجیا	urd	d͡ʒɑːɾəd͡ʒʊjɑː
جاری	urd	d͡ʒɑːɾiː
جال	urd	d͡ʒɑːl
جالندھر	urd	d͡ʒɑːlənəd̪ʱəɾ
جالوں	urd	d͡ʒɑːloː̃
جام	urd	d͡ʒɑːm
جامعہ	urd	d͡ʒɑːmə̲ʔɑ
جامن	urd	d͡ʒɑːmən
جامنی	urd	d͡ʒɑːməniː
جامہ	urd	d͡ʒɑːmɑ
جان	urd	d͡ʒɑːn
جانا	urd	d͡ʒɑːnɑː
جانب	urd	d͡ʒɑːnəb
جاننا	urd	d͡ʒɑːnənɑː
جانو	urd	d͡ʒɑːnoː
جانوں	urd	d͡ʒɑːnoː̃
جانچنا	urd	d͡ʒɑːnt͡ʃnɑː
جانیں	urd	d͡ʒɑːneː̃
جاوید	urd	d͡ʒɑːʋiːd̪
جاپان	urd	d͡ʒɑːpɑːn
جاپانی	urd	d͡ʒɑːpɑːniː
جاگ	urd	d͡ʒɑːɡ
جاگنا	urd	d͡ʒɑːɡənɑː
جاگہ	urd	d͡ʒɑːɡɑ
جب	urd	d͡ʒəb
جبرائیل	urd	d͡ʒəbəɾɑːiːl
جبرالٹر	urd	d͡ʒəbəɾɑːləʈəɾ
جبوتی	urd	d͡ʒəbuːt̪iː
جبڑا	urd	d͡ʒəbəɽɑː
جتوئی	urd	d͡ʒət̪oːiː
جج	urd	d͡ʒəd͡ʒ
جدا	urd	d͡ʒəd̪ɑː
جدید	urd	d͡ʒəd̪iːd̪
جذب	urd	d͡ʒəzb
جرأت	urd	d͡ʒəɾət̪
جراثیم	urd	d͡ʒəɾɑːsiːm
جراح	urd	d͡ʒəɾɑːɦ
جراحت	urd	d͡ʒəɾɑːɦət̪
جرح	urd	d͡ʒəɾɦ
جرسی	urd	d͡ʒəɾəsiː
جرم	urd	d͡ʒəɾm
جرمانوں	urd	d͡ʒəɾəmɑːnoː̃
جرمانہ	urd	d͡ʒəɾəmɑːnɑ
جرمانے	urd	d͡ʒəɾəmɑːneː
جرمن	urd	d͡ʒəɾəmən
جرمنی	urd	d͡ʒəɾməniː
جرگہ	urd	d͡ʒəɾəɡɑ
جزیرہ	urd	d͡ʒəziːɾɑ
جسامت	urd	d͡ʒəsɑːmət̪
جست	urd	d͡ʒəst̪
جستجو	urd	d͡ʒəst̪əd͡ʒuː
جسد	urd	d͡ʒəsəd̪
جسم	urd	d͡ʒəsm
جسور	urd	d͡ʒəsuːɾ
جشن	urd	d͡ʒəʃn
جغرافیائی	urd	d͡ʒəɣəɾɑːfʊjɑːiː
جفتی	urd	d͡ʒəfət̪iː
جل	urd	d͡ʒəl
جلانا	urd	d͡ʒəlɑːnɑː
جلسو	urd	d͡ʒələsoː
جلسوں	urd	d͡ʒələsoː̃
جلسہ	urd	d͡ʒələsɑ
جلسے	urd	d͡ʒələseː
جلنا	urd	d͡ʒələnɑː
جلوس	urd	d͡ʒəluːs
جلوو	urd	d͡ʒəlʋoː
جلووں	urd	d͡ʒəlʋoː̃
جلوے	urd	d͡ʒəlʋeː
جماعت	urd	d͡ʒəmɑːʔət̪
جماعتو	urd	d͡ʒəmɑːʔə̲t̪oː
جماعتوں	urd	d͡ʒəmɑːʔə̲t̪oː̃
جماعتیں	urd	d͡ʒəmɑːʔə̲t̪eː̃
جماگی	urd	d͡ʒəmɑːɡiː
جمعرات	urd	d͡ʒəməʔəɾɑːt̪
جمعراتوں	urd	d͡ʒəməʔəɾɑːt̪oː̃
جمعو	urd	d͡ʒəməʔoː
جمعوں	urd	d͡ʒəməʔoː̃
جمعہ	urd	d͡ʒəməʔɑ
جمعے	urd	d͡ʒəməʔeː
جملہ	urd	d͡ʒəməlɑ
جمنا	urd	d͡ʒəmənɑː
جموں	urd	d͡ʒəmuː̃
جن	urd	d͡ʒən
جناب	urd	d͡ʒənɑːb
جناح	urd	d͡ʒənɑːɦ
جنازو	urd	d͡ʒənɑːzoː
جنازوں	urd	d͡ʒənɑːzoː̃
جنازہ	urd	d͡ʒənɑːzɑ
جنازے	urd	d͡ʒənɑːzeː
جنت	urd	d͡ʒənət̪
جنتا	urd	d͡ʒənət̪ɑː
جنتری	urd	d͡ʒənt̪əɾiː
جنتو	urd	d͡ʒənə̲t̪oː
جنتوں	urd	d͡ʒənə̲t̪oː̃
جنتی	urd	d͡ʒənə̲t̪iː
جنتیں	urd	d͡ʒənə̲t̪eː̃
جنرل	urd	d͡ʒənəɾəl
جنسی	urd	d͡ʒənəsiː
جنم	urd	d͡ʒənəm
جنوب	urd	d͡ʒənuːb
جنوبی	urd	d͡ʒənuːbiː
جنون	urd	d͡ʒənuːn
جنگ	urd	d͡ʒənɡ
جنگل	urd	d͡ʒənəɡəl
جنگلا	urd	d͡ʒənɡlɑː
جنگی	urd	d͡ʒənəɡiː
جو	urd	d͡ʒoː
جوا	urd	d͡ʒuːɑː
جواب	urd	d͡ʒɪʋɑːb
جواد	urd	d͡ʒɪʋɑːd̪
جواز	urd	d͡ʒɪʋɑːz
جوازوں	urd	d͡ʒɪʋɑːzoː̃
جوان	urd	d͡ʒɪʋɑːn
جوانو	urd	d͡ʒɪʋɑːnoː
جوانوں	urd	d͡ʒɪʋɑːnoː̃
جوانی	urd	d͡ʒɪʋɑːniː
جوت	urd	d͡ʒoːt̪
جوتا	urd	d͡ʒuːt̪ɑː
جوتوں	urd	d͡ʒuːt̪oː̃
جوتے	urd	d͡ʒuːt̪eː
جوجھنا	urd	d͡ʒuːd͡ʒʱənɑː
جون	urd	d͡ʒuːn
جوناگڑھ	urd	d͡ʒuːnɑːɡəɽʱ
جوڈیو	urd	d͡ʒuːɖʊjoː
جوڑ	urd	d͡ʒoːɽ
جوڑنا	urd	d͡ʒoːɽənɑː
جوکھم	urd	d͡ʒoːkʰəm
جوگی	urd	d͡ʒoːɡiː
جوں	urd	d͡ʒuː̃
جوہی	urd	d͡ʒuːɦiː
جٹا	urd	d͡ʒəʈɑː
جٹھانی	urd	d͡ʒəʈʰɑːniː
جٹھانیاں	urd	d͡ʒəʈʰɑːnʊjɑː̃
جٹھانیو	urd	d͡ʒəʈʰɑːnʊjoː
جٹھانیوں	urd	d͡ʒəʈʰɑːnʊjoː̃
جپنا	urd	d͡ʒəpənɑː
جڑ	urd	d͡ʒəɽ
جڑانوالہ	urd	d͡ʒəɽɑːnʋɑːlɑ
جڑواں	urd	d͡ʒəɽʋɑː̃
جگ	urd	d͡ʒəɡ
جگاڑ	urd	d͡ʒəɡɑːɽ
جگر	urd	d͡ʒəɡəɾ
جگنا	urd	d͡ʒəɡənɑː
جگناتھ	urd	d͡ʒəɡə̲nɑːt̪ʰ
جگنو	urd	d͡ʒəɡənuː
جگہ	urd	d͡ʒəɡɑ
جھارکھنڈ	urd	d͡ʒʱɑːɾəkʰənɖ
جھاڑنا	urd	d͡ʒʱɑːɽənɑː
جھاڑو	urd	d͡ʒʱɑːɽuː
جھلمل	urd	d͡ʒʱələməl
جھمیلا	urd	d͡ʒʱəmeːlɑː
جھمیلو	urd	d͡ʒʱəmeːloː
جھمیلوں	urd	d͡ʒʱəmeːloː̃
جھمیلے	urd	d͡ʒʱəmeːleː
جھنڈا	urd	d͡ʒʱənəɖɑː
جھولا	urd	d͡ʒʱuːlɑː
جھوٹ	urd	d͡ʒʱuːʈ
جھوٹا	urd	d͡ʒʱuːʈɑː
جھوٹوں	urd	d͡ʒʱuːʈoː̃
جھوٹھ	urd	d͡ʒʱuːʈʰ
جھٹکا	urd	d͡ʒʱəʈəkɑː
جھٹکوں	urd	d͡ʒʱəʈəkoː̃
جھٹکے	urd	d͡ʒʱəʈəkeː
جھگڑا	urd	d͡ʒʱəɡəɽɑː
جھیل	urd	d͡ʒʱiːl
جھیلمی	urd	d͡ʒʱeːlə̲miː
جہاد	urd	d͡ʒəɦɑːd̪
جہاز	urd	d͡ʒəɦɑːz
جہازوں	urd	d͡ʒəɦɑːzoː̃
جہازی	urd	d͡ʒəɦɑːziː
جہان	urd	d͡ʒəɦɑːn
جہاں	urd	d͡ʒəɦɑː̃
جہلم	urd	d͡ʒəɦləm
جی	urd	d͡ʒiː
جیالا	urd	d͡ʒʊjɑːlɑː
جیب	urd	d͡ʒeːb
جیبوں	urd	d͡ʒeːboː̃
جیبھ	urd	d͡ʒiːbʱ
جیبیں	urd	d͡ʒeːbeː̃
جیت	urd	d͡ʒiːt̪
جیرا	urd	d͡ʒiːɾɑː
جیل	urd	d͡ʒeːl
جینا	urd	d͡ʒiːnɑː
جیوتی	urd	d͡ʒjoːt̪iː
جیٹھ	urd	d͡ʒeːʈʰ
جیٹھانی	urd	d͡ʒeːʈʰɑːniː
جیٹھوں	urd	d͡ʒeːʈʰoː̃
حاجت	urd	ɦɑːd͡ʒət̪
حادثات	urd	ɦɑːd̪ə̲sɑːt̪
حادثوں	urd	ɦɑːd̪ə̲soː̃
حادثہ	urd	ɦɑːd̪ə̲sɑ
حادثے	urd	ɦɑːd̪ə̲seː
حاسب	urd	ɦɑːsəb
حاصل	urd	ɦɑːsəl
حاضری	urd	ɦɑːzə̲ɾiː
حافظ	urd	ɦɑːfəz
حافظہ	urd	ɦɑːfə̲zɑ
حال	urd	ɦɑːl
حالت	urd	ɦɑːlət̪
حامی	urd	ɦɑːmiː
حامیو	urd	ɦɑːmʊjoː
حامیوں	urd	ɦɑːmʊjoː̃
حب	urd	ɦəb
حبش	urd	ɦəbəʃ
حبشن	urd	ɦəbəʃən
حبشہ	urd	ɦəbəʃɑ
حبشی	urd	ɦəbəʃiː
حبقوق	urd	ɦəbə̲quːq
حج	urd	ɦəd͡ʒ
حجام	urd	ɦəd͡ʒɑːm
حجرہ	urd	ɦəd͡ʒəɾɑ
حدیث	urd	ɦəd̪iːs
حرارت	urd	ɦəɾɑːɾət̪
حراست	urd	ɦəɾɑːsət̪
حرام	urd	ɦəɾɑːm
حرف	urd	ɦəɾf
حرمت	urd	ɦəɾəmət̪
حرمزئی	urd	ɦəɾməzəiː
حساب	urd	ɦəsɑːb
حسد	urd	ɦəsəd̪
حسرت	urd	ɦəsəɾət̪
حسین	urd	ɦəsiːn
حسیں	urd	ɦəsiː̃
حشرہ	urd	ɦəʃə̲ɾɑ
حشفہ	urd	ɦəʃə̲fɑ
حشیش	urd	ɦəʃiːʃ
حصہ	urd	ɦəsɑ
حضرات	urd	ɦəzəɾɑːt̪
حضور	urd	ɦəzuːɾ
حفاظت	urd	ɦəfɑːzət̪
حق	urd	ɦəq
حقو	urd	ɦəqoː
حقوق	urd	ɦəquːq
حقوں	urd	ɦəqoː̃
حقیر	urd	ɦəqiːɾ
حقیقت	urd	ɦəqiːqət̪
حقے	urd	ɦəqeː
حلال	urd	ɦəlɑːl
حلب	urd	ɦələb
حلقہ	urd	ɦələqɑ
حلم	urd	ɦəlm
حمار	urd	ɦəmɑːɾ
حمارہ	urd	ɦəmɑːɾɑ
حماقت	urd	ɦəmɑːqət̪
حمام	urd	ɦəmɑːm
حمد	urd	ɦəmd̪
حملوں	urd	ɦəməloː̃
حملہ	urd	ɦəməlɑ
حملے	urd	ɦəməleː
حنا	urd	ɦənɑː
حنوکاہ	urd	ɦənuːkɑːɦ
حواری	urd	ɦɪʋɑːɾiː
حواریو	urd	ɦɪʋɑːɾʊjoː
حواریوں	urd	ɦɪʋɑːɾjoː̃
حوالہ	urd	ɦɪʋɑːlɑ
حور	urd	ɦuːɾ
حورو	urd	ɦuːɾoː
حوروں	urd	ɦuːɾoː̃
حوریں	urd	ɦuːɾeː̃
حکم	urd	ɦəkm
حکومت	urd	ɦəkuːmət̪
حکیم	urd	ɦəkiːm
حیا	urd	ɦʊjɑː
حیات	urd	ɦʊjɑːt̪
حیاتیات	urd	ɦʊjɑːt̪ʊjɑːt̪
حیاتین	urd	ɦʊjɑːt̪iːn
خاتمہ	urd	xɑːt̪əmɑ
خاتون	urd	xɑːt̪uːn
خادم	urd	xɑːd̪əm
خار	urd	xɑːɾ
خاران	urd	xɑːɾɑːn
خارج	urd	xɑːɾəd͡ʒ
خارجی	urd	xɑːɾəd͡ʒiː
خارش	urd	xɑːɾəʃ
خاص	urd	xɑːs
خاصا	urd	xɑːsɑː
خاصگی	urd	xɑːsəɡiː
خاصی	urd	xɑːsiː
خاطر	urd	xɑːt̪əɾ
خال	urd	xɑːl
خالق	urd	xɑːləq
خالو	urd	xɑːluː
خالہ	urd	xɑːlɑ
خالی	urd	xɑːliː
خام	urd	xɑːm
خاموش	urd	xɑːmoːʃ
خاموشی	urd	xɑːmoːʃiː
خان	urd	xɑːn
خاندان	urd	xɑːnəd̪ɑːn
خانسامان	urd	xɑːnəsɑːmɑːn
خانساماں	urd	xɑːnəsɑːmɑː̃
خانقاہ	urd	xɑːnəqɑːɦ
خانوزئی	urd	xɑːnoːzəiː
خانہ	urd	xɑːnɑ
خاکسار	urd	xɑːkəsɑːɾ
خاکستری	urd	xɑːkəst̪əɾiː
خاکی	urd	xɑːkiː
خبر	urd	xəbəɾ
ختم	urd	xət̪m
خجیر	urd	xəd͡ʒiːɾ
خدا	urd	xəd̪ɑː
خدمات	urd	xəd̪əmɑːt̪
خدمت	urd	xəd̪əmət̪
خدمتوں	urd	xəd̪mət̪oː̃
خدمتیں	urd	xəd̪mət̪eː̃
خدیو	urd	xəd̪iːʋ
خراب	urd	xəɾɑːb
خراش	urd	xəɾɑːʃ
خراٹا	urd	xəɾɑːʈɑː
خرد	urd	xəɾəd̪
خرس	urd	xəɾs
خرچ	urd	xəɾt͡ʃ
خرچہ	urd	xəɾət͡ʃɑ
خرگوش	urd	xəɾəɡoːʃ
خریدنا	urd	xəɾiːd̪ənɑː
خریدوانا	urd	xəɾiːd̪ʋɑːnɑː
خزاؤں	urd	xəzɑːoː̃
خزانہ	urd	xəzɑːnɑ
خزاں	urd	xəzɑː̃
خسارہ	urd	xəsɑːɾɑ
خستہ	urd	xəsət̪ɑ
خسرہ	urd	xəsəɾɑ
خشبو	urd	xəʃəbuː
خشت	urd	xəʃt̪
خشم	urd	xəʃm
خشک	urd	xəʃk
خصم	urd	xəsm
خصوصی	urd	xəsuːsiː
خضدار	urd	xəzəd̪ɑːɾ
خط	urd	xət̪
خطا	urd	xət̪ɑː
خطاؤں	urd	xət̪ɑːoː̃
خطائی	urd	xət̪ɑːiː
خطبا	urd	xət̪ə̲bɑː
خطبوں	urd	xət̪əboː̃
خطبہ	urd	xət̪əbɑ
خطبے	urd	xət̪əbeː
خطرو	urd	xət̪əɾoː
خطروں	urd	xət̪əɾoː̃
خطرہ	urd	xət̪əɾɑ
خطرے	urd	xət̪əɾeː
خطہ	urd	xət̪ɑ
خطیب	urd	xət̪eːb
خطیر	urd	xət̪iːɾ
خلا	urd	xəlɑː
خلاف	urd	xəlɑːf
خلافت	urd	xəlɑːfət̪
خلفا	urd	xələ̲fɑː
خلق	urd	xəlq
خلقت	urd	xələqət̪
خلل	urd	xələl
خلوی	urd	xəlʋiː
خلیج	urd	xəliːd͡ʒ
خلیفہ	urd	xəliːfɑ
خنازیر	urd	xənɑːziːɾ
خنجر	urd	xənəd͡ʒəɾ
خنجرو	urd	xənd͡ʒəɾoː
خنجروں	urd	xənd͡ʒəɾoː̃
خنزیر	urd	xənəziːɾ
خنزیرو	urd	xənəziːɾoː
خنزیروں	urd	xənəziːɾoː̃
خنزیریں	urd	xənəziːɾeː̃
خوابوں	urd	xʋɑːboː̃
خواتین	urd	xɪʋɑːt̪iːn
خوب	urd	xuːb
خوبانی	urd	xuːbɑːniː
خوبصورت	urd	xuːbəsuːɾət̪
خوجہ	urd	xoːd͡ʒɑ
خوشیاں	urd	xoːʃʊjɑː̃
خوشیوں	urd	xoːʃʊjoː̃
خول	urd	xoːl
خون	urd	xuːn
خونی	urd	xuːniː
خوک	urd	xuːk
خوں	urd	xuː̃
خپلو	urd	xəpəluː
خچر	urd	xət͡ʃəɾ
خیابان	urd	xʊjɑːbɑːn
خیاط	urd	xʊjɑːt̪
خیال	urd	xjɑːl
خیالوں	urd	xʊjɑːloː̃
خیلا	urd	xeːlɑː
دائی	urd	d̪ɑːiː
داخل	urd	d̪ɑːxəl
داخلہ	urd	d̪ɑːxə̲lɑ
داخلی	urd	d̪ɑːxə̲liː
دادا	urd	d̪ɑːd̪ɑː
دادو	urd	d̪ɑːd̪oː
دادوں	urd	d̪ɑːd̪oː̃
دادی	urd	d̪ɑːd̪iː
دادے	urd	d̪ɑːd̪eː
دار	urd	d̪ɑːɾ
دارو	urd	d̪ɑːɾuː
داریل	urd	d̪ɑːɾeːl
داستان	urd	d̪ɑːsət̪ɑːn
داستانوں	urd	d̪ɑːsət̪ɑːnoː̃
داستانیں	urd	d̪ɑːsət̪ɑːneː̃
داسی	urd	d̪ɑːsiː
داغ	urd	d̪ɑːɣ
داغستان	urd	d̪ɑːɣəsət̪ɑːn
دال	urd	d̪ɑːl
دالبندین	urd	d̪ɑːləbənəd̪iːn
دام	urd	d̪ɑːm
داماد	urd	d̪ɑːmɑːd̪
دامادو	urd	d̪ɑːmɑːd̪oː
دامادوں	urd	d̪ɑːmɑːd̪oː̃
دامن	urd	d̪ɑːmən
دانش	urd	d̪ɑːnəʃ
داڑم	urd	d̪ɑːɽəm
داڑھی	urd	d̪ɑːɽʱiː
دایاں	urd	d̪ɑːjɑː̃
دبئی	urd	d̪əbəiː
دباؤ	urd	d̪əbɑːoː
دبانا	urd	d̪əbɑːnɑː
دبستان	urd	d̪əbəsət̪ɑːn
دبنگ	urd	d̪əbənɡ
دجلہ	urd	d̪əd͡ʒəlɑ
دختر	urd	d̪əxət̪əɾ
دخمہ	urd	d̪əxəmɑ
دربار	urd	d̪əɾəbɑːɾ
درجات	urd	d̪əɾəd͡ʒɑːt̪
درجن	urd	d̪əɾəd͡ʒən
درجہ	urd	d̪əɾəd͡ʒɑ
درخت	urd	d̪əɾəxt̪
درخش	urd	d̪əɾəxʃ
درد	urd	d̪əɾd̪
دردو	urd	d̪əɾəd̪oː
دردوں	urd	d̪əɾəd̪oː̃
درزی	urd	d̪əɾəziː
درس	urd	d̪əɾs
درست	urd	d̪əɾəst̪
درفش	urd	d̪əɾəfʃ
درمیان	urd	d̪əɾəmʊjɑːn
درمیانی	urd	d̪əɾəmʊjɑːniː
درندو	urd	d̪əɾənəd̪oː
درندوں	urd	d̪əɾənəd̪oː̃
درندے	urd	d̪əɾənəd̪eː
دروازوں	urd	d̪əɾʋɑːzoː̃
دروازہ	urd	d̪əɾʋɑːzɑ
دروازے	urd	d̪əɾʋɑːzeː
دروبست	urd	d̪əɾoːbəst̪
درود	urd	d̪əɾuːd̪
درودوں	urd	d̪əɾuːd̪oː̃
درکار	urd	d̪əɾəkɑːɾ
درگ	urd	d̪əɾɡ
درگاہ	urd	d̪əɾəɡɑːɦ
درگت	urd	d̪əɾəɡət̪
درہال	urd	d̪əɾəɦɑːl
دری	urd	d̪əɾiː
دریا	urd	d̪əɾjɑː
دریاچہ	urd	d̪əɾʊjɑːt͡ʃɑ
دریودھن	urd	d̪əɾʊjoːd̪ʱən
دزد	urd	d̪əzd̪
دس	urd	d̪əs
دست	urd	d̪əst̪
دستار	urd	d̪əsət̪ɑːɾ
دستانو	urd	d̪əsət̪ɑːnoː
دستانوں	urd	d̪əsət̪ɑːnoː̃
دستانہ	urd	d̪əsət̪ɑːnɑ
دستانے	urd	d̪əsət̪ɑːneː
دستخط	urd	d̪əst̪xət̪
دستور	urd	d̪əsət̪uːɾ
دستک	urd	d̪əsət̪ək
دستکاری	urd	d̪əst̪kɑːɾiː
دستہ	urd	d̪əsət̪ɑ
دسمبر	urd	d̪əsəməbəɾ
دسواں	urd	d̪əsʋɑː̃
دشت	urd	d̪əʃt̪
دشمن	urd	d̪əʃəmən
دشمنوں	urd	d̪əʃmənoː̃
دشمنی	urd	d̪əʃməniː
دشک	urd	d̪əʃək
دعا	urd	d̪əʔɑː
دعاؤں	urd	d̪əʔɑːoː̃
دغا	urd	d̪əɣɑː
دفاع	urd	d̪əfɑːʔ
دفتر	urd	d̪əfət̪əɾ
دفعہ	urd	d̪əfəʔɑ
دفنانا	urd	d̪əfənɑːnɑː
دقت	urd	d̪əqət̪
دقتوں	urd	d̪əqə̲t̪oː̃
دقتیں	urd	d̪əqə̲t̪eː̃
دقیقہ	urd	d̪əqiːqɑ
دل	urd	d̪əl
دلدادہ	urd	d̪ələd̪ɑːd̪ɑ
دلربا	urd	d̪əlɾəbɑː
دلو	urd	d̪əloː
دلوں	urd	d̪əloː̃
دلچسپ	urd	d̪ələt͡ʃəsp
دلکش	urd	d̪ələkəʃ
دلہا	urd	d̪ələɦɑː
دلی	urd	d̪əliː
دم	urd	d̪əm
دماغ	urd	d̪əmɑːɣ
دماغو	urd	d̪əmɑːɣoː
دماغوں	urd	d̪əmɑːɣoː̃
دمشق	urd	d̪əməʃq
دموں	urd	d̪əmoː̃
دمہ	urd	d̪əmɑ
دمے	urd	d̪əmeː
دن	urd	d̪ən
دنداسہ	urd	d̪ənəd̪ɑːsɑ
دنوں	urd	d̪ənoː̃
دنڈ	urd	d̪ənɖ
دنیا	urd	d̪ənjɑː
دنیاؤں	urd	d̪ənjɑːoː̃
دنیاوی	urd	d̪ənjɑːʋiː
دنیور	urd	d̪ənjoːɾ
دو	urd	d̪oː
دوائی	urd	d̪ɪʋɑːiː
دوات	urd	d̪ɪʋɑːt̪
دواتیں	urd	d̪ɪʋɑːt̪eː̃
دواخانہ	urd	d̪ɪʋɑːxɑːnɑ
دوالی	urd	d̪ɪʋɑːliː
دوبارہ	urd	d̪oːbɑːɾɑ
دودمان	urd	d̪uːd̪əmɑːn
دودھ	urd	d̪uːd̪ʱ
دور	urd	d̪uːɾ
دوربین	urd	d̪uːɾəbiːn
دوردرشن	urd	d̪uːɾəd̪əɾəʃən
دورلیکھ	urd	d̪uːɾəleːkʰ
دوزخ	urd	d̪oːzəx
دوست	urd	d̪oːst̪
دوستو	urd	d̪oːsət̪oː
دوستوں	urd	d̪oːsət̪oː̃
دوستی	urd	d̪oːsət̪iː
دوسرا	urd	d̪uːsəɾɑː
دوش	urd	d̪oːʃ
دوشنبہ	urd	d̪oːʃənəbɑ
دوشیزاؤ	urd	d̪oːʃiːzɑːoː
دوشیزاؤں	urd	d̪oːʃiːzɑːoː̃
دوشیزہ	urd	d̪oːʃiːzɑ
دوغلا	urd	d̪oːɣəlɑː
دولہا	urd	d̪uːləɦɑː
دولہو	urd	d̪uːləɦoː
دولہوں	urd	d̪uːləɦoː̃
دولہے	urd	d̪uːləɦeː
دونا	urd	d̪uːnɑː
دونمہ	urd	d̪uːnəmɑ
دوپٹوں	urd	d̪oːpə̲ʈoː̃
دوپٹے	urd	d̪oːpə̲ʈeː
دوکی	urd	d̪uːkiː
دوگنا	urd	d̪oːɡə̲nɑː
دژ	urd	d̪əʒ
دژم	urd	d̪əʒəm
دکان	urd	d̪əkɑːn
دکھ	urd	d̪əkʰ
دکھانا	urd	d̪əkʰɑːnɑː
دکھاوا	urd	d̪əkʰɑːʋɑː
دکھن	urd	d̪əkʰən
دکھنا	urd	d̪əkʰənɑː
دگنا	urd	d̪əɡənɑː
دھات	urd	d̪ʱɑːt̪
دھادر	urd	d̪ʱɑːd̪əɾ
دھارا	urd	d̪ʱɑːɾɑː
دھارمک	urd	d̪ʱɑːɾəmək
دھاندل	urd	d̪ʱɑːnəd̪əl
دھاندلی	urd	d̪ʱɑːnd̪liː
دھبا	urd	d̪ʱəbɑː
دھرتی	urd	d̪ʱəɾət̪iː
دھرم	urd	d̪ʱəɾm
دھرمو	urd	d̪ʱəɾəmoː
دھرموں	urd	d̪ʱəɾəmoː̃
دھلائی	urd	d̪ʱəlɑːiː
دھمال	urd	d̪ʱəmɑːl
دھماکہ	urd	d̪ʱəmɑːkɑ
دھن	urd	d̪ʱən
دھند	urd	d̪ʱənd̪
دھندا	urd	d̪ʱənəd̪ɑː
دھندوں	urd	d̪ʱənəd̪oː̃
دھندھ	urd	d̪ʱənd̪ʱ
دھندھا	urd	d̪ʱənəd̪ʱɑː
دھندہ	urd	d̪ʱənəd̪ɑ
دھندیں	urd	d̪ʱənəd̪eː̃
دھواں	urd	d̪ʱuːɑː̃
دھوسر	urd	d̪ʱuːsəɾ
دھول	urd	d̪ʱuːl
دھوم	urd	d̪ʱuːm
دھونا	urd	d̪ʱoːnɑː
دھوپ	urd	d̪ʱuːp
دھوپوں	urd	d̪ʱuːpoː̃
دھوپیں	urd	d̪ʱuːpeː̃
دھڑکن	urd	d̪ʱəɽəkən
دھڑکنوں	urd	d̪ʱəɽkənoː̃
دھڑکنیں	urd	d̪ʱəɽkəneː̃
دھکا	urd	d̪ʱəkɑː
دھکوں	urd	d̪ʱəkoː̃
دھکے	urd	d̪ʱəkeː
دھیان	urd	d̪ʱjɑːn
دہ	urd	d̪ɪɦ
دہائی	urd	d̪əɦɑːiː
دہان	urd	d̪əɦɑːn
دہشت	urd	d̪əɦʃət̪
دہقان	urd	d̪əɦqɑːn
دہلوی	urd	d̪əɦlɪʋiː
دہلی	urd	d̪əɦliː
دہی	urd	d̪əɦiː
دیا	urd	d̪ʊjɑː
دیاوان	urd	d̪ʊjɑːʋɑːn
دیباچہ	urd	d̪iːbɑːt͡ʃɑ
دیدار	urd	d̪iːd̪ɑːɾ
دیروز	urd	d̪iːɾoːz
دیز	urd	d̪eːz
دیس	urd	d̪eːs
دیسو	urd	d̪eːsoː
دیسوں	urd	d̪eːsoː̃
دیسی	urd	d̪eːsiː
دیش	urd	d̪eːʃ
دیشج	urd	d̪eːʃəd͡ʒ
دینا	urd	d̪eːnɑː
دینی	urd	d̪iːniː
دینے	urd	d̪eːneː
دیوانہ	urd	d̪iːʋɑːnɑ
دیپ	urd	d̪iːp
دیپک	urd	d̪iːpək
دیپکا	urd	d̪iːpə̲kɑː
دیکھنا	urd	d̪eːkʰənɑː
دیکھنے	urd	d̪eːkʰəneː
دیگچی	urd	d̪eːɡət͡ʃiː
دیہات	urd	d̪eːɦɑːt̪
ذات	urd	zɑːt̪
ذرہ	urd	zəɾɑ
ذلت	urd	zələt̪
ذلیل	urd	zəliːl
ذکر	urd	zəkəɾ
ذہن	urd	zəɦn
ذیابیطس	urd	zʊjɑːbiːt̪əs
رئیس	urd	ɾəiːs
رابطہ	urd	ɾɑːbət̪ɑ
رات	urd	ɾɑːt̪
راتا	urd	ɾɑːt̪ɑː
راتوں	urd	ɾɑːt̪oː̃
راتیں	urd	ɾɑːt̪eː̃
راج	urd	ɾɑːd͡ʒ
راجا	urd	ɾɑːd͡ʒɑː
راجدھانی	urd	ɾɑːd͡ʒəd̪ʱɑːniː
راجستھان	urd	ɾɑːd͡ʒəsət̪ʰɑːn
راجستھانی	urd	ɾɑːd͡ʒəsət̪ʰɑːniː
راحت	urd	ɾɑːɦət̪
راحتو	urd	ɾɑːɦə̲t̪oː
راحتوں	urd	ɾɑːɦə̲t̪oː̃
راحتیں	urd	ɾɑːɦə̲t̪eː̃
راز	urd	ɾɑːz
راستوں	urd	ɾɑːsət̪oː̃
راستے	urd	ɾɑːsət̪eː
راضی	urd	ɾɑːziː
رال	urd	ɾɑːl
رام	urd	ɾɑːm
ران	urd	ɾɑːn
رانجھا	urd	ɾɑːnəd͡ʒʱɑː
رانجھو	urd	ɾɑːnəd͡ʒʱoː
رانجھوں	urd	ɾɑːnəd͡ʒʱoː̃
رانجھے	urd	ɾɑːnəd͡ʒʱeː
رانی	urd	ɾɑːniː
رانیاں	urd	ɾɑːnʊjɑː̃
رانیو	urd	ɾɑːnʊjoː
رانیوں	urd	ɾɑːnʊjoː̃
راکٹ	urd	ɾɑːkəʈ
راکھ	urd	ɾɑːkʰ
راکھس	urd	ɾɑːkʰəs
راکھو	urd	ɾɑːkʰoː
راکھوں	urd	ɾɑːkʰoː̃
راکھیں	urd	ɾɑːkʰeː̃
راہ	urd	ɾɑːɦ
راہداری	urd	ɾɑːɦd̪ɑːɾiː
راہو	urd	ɾɑːɦoː
راہوں	urd	ɾɑːɦoː̃
رب	urd	ɾəb
ربا	urd	ɾəbɑː
رباعی	urd	ɾəbɑːʔiː
رتبہ	urd	ɾət̪əbɑ
رتن	urd	ɾət̪ən
رتھ	urd	ɾət̪ʰ
رجا	urd	ɾəd͡ʒɑː
رجل	urd	ɾəd͡ʒəl
رحیم	urd	ɾəɦiːm
رخ	urd	ɾəx
رخسار	urd	ɾəxəsɑːɾ
رخشان	urd	ɾəxəʃɑːn
رخصت	urd	ɾəxəsət̪
رخصتی	urd	ɾəxsət̪iː
رد	urd	ɾəd̪
ردیف	urd	ɾəd̪iːf
رزق	urd	ɾəzq
رس	urd	ɾəs
رسالہ	urd	ɾəsɑːlɑ
رستم	urd	ɾəsət̪əm
رسن	urd	ɾəsən
رسول	urd	ɾəsuːl
رسولو	urd	ɾəsuːloː
رسولوں	urd	ɾəsuːloː̃
رسی	urd	ɾəsiː
رسید	urd	ɾəsiːd̪
رسیدو	urd	ɾəsiːd̪oː
رسیدوں	urd	ɾəsiːd̪oː̃
رسیدیں	urd	ɾəsiːd̪eː̃
رشتو	urd	ɾəʃət̪oː
رشتوں	urd	ɾəʃət̪oː̃
رشتہ	urd	ɾəʃət̪ɑ
رشتے	urd	ɾəʃət̪eː
رشک	urd	ɾəʃk
رشی	urd	ɾəʃiː
رشیو	urd	ɾəʃʊjoː
رشیوں	urd	ɾəʃʊjoː̃
رضا	urd	ɾəzɑː
رضیع	urd	ɾəziːʔ
رفتار	urd	ɾəfət̪ɑːɾ
رفع	urd	ɾəfʔ
رفقا	urd	ɾəfə̲qɑː
رقص	urd	ɾəqs
رقیب	urd	ɾəqiːb
رقیبو	urd	ɾəqiːboː
رقیبوں	urd	ɾəqiːboː̃
رمزی	urd	ɾəməziː
رمضان	urd	ɾəməzɑːn
رمہ	urd	ɾəmɑ
رنگ	urd	ɾənɡ
رنگت	urd	ɾənəɡət̪
رنگو	urd	ɾənəɡoː
رنگولی	urd	ɾənəɡoːliː
رنگوں	urd	ɾənəɡoː̃
رنگیلا	urd	ɾənəɡiːlɑː
روانڈا	urd	ɾɪʋɑːnəɖɑː
روانگی	urd	ɾɪʋɑːnəɡiː
روانہ	urd	ɾɪʋɑːnɑ
رواں	urd	ɾɪʋɑː̃
روح	urd	ɾuːɦ
روحانی	urd	ɾuːɦɑːniː
روحو	urd	ɾuːɦoː
روحوں	urd	ɾuːɦoː̃
روحیں	urd	ɾuːɦeː̃
رود	urd	ɾuːd̪
روز	urd	ɾoːz
روزنامہ	urd	ɾoːzənɑːmɑ
روزوں	urd	ɾoːzoː̃
روزہ	urd	ɾoːzɑ
روزے	urd	ɾoːzeː
روس	urd	ɾuːs
روسنا	urd	ɾuːsənɑː
روسی	urd	ɾuːsiː
روشن	urd	ɾoːʃən
روشنی	urd	ɾoːʃəniː
روغن	urd	ɾoːɣən
روم	urd	ɾuːm
رومال	urd	ɾuːmɑːl
رومان	urd	ɾuːmɑːn
رومانس	urd	ɾoːmɑːns
رومی	urd	ɾuːmiː
رونا	urd	ɾoːnɑː
روٹی	urd	ɾoːʈiː
روپ	urd	ɾuːp
روچڈیل	urd	ɾoːt͡ʃəɖeːl
روگ	urd	ɾoːɡ
روگوں	urd	ɾoːɡoː̃
روی	urd	ɾɪʋiː
رڑک	urd	ɾəɽək
رکاز	urd	ɾəkɑːz
رکت	urd	ɾəkt̪
رکشا	urd	ɾəkəʃɑː
رکعت	urd	ɾəkəʔət̪
رہبر	urd	ɾəɦbəɾ
رہنا	urd	ɾəɦnɑː
ریاست	urd	ɾʊjɑːsət̪
ریاستہا	urd	ɾʊjɑːsət̪əɦɑː
ریاض	urd	ɾʊjɑːz
ریاضی	urd	ɾʊjɑːziː
ریت	urd	ɾeːt̪
ریتوں	urd	ɾeːt̪oː̃
ریتیں	urd	ɾeːt̪eː̃
ریختہ	urd	ɾeːxət̪ɑ
ریش	urd	ɾeːʃ
ریشم	urd	ɾeːʃəm
ریشمی	urd	ɾeːʃəmiː
ریشہ	urd	ɾeːʃɑ
ریپھ	urd	ɾeːpʰ
ریچھ	urd	ɾiːt͡ʃʰ
ریڈیو	urd	ɾeːɖʊjoː
ریکھا	urd	ɾeːkʰɑː
ریگستان	urd	ɾeːɡəsət̪ɑːn
زار	urd	zɑːɾ
زبان	urd	zəbɑːn
زبانو	urd	zəbɑːnoː
زبانوں	urd	zəbɑːnoː̃
زبانیں	urd	zəbɑːneː̃
زباں	urd	zəbɑː̃
زبر	urd	zəbəɾ
زبردستی	urd	zəbəɾəd̪əsət̪iː
زحمت	urd	zəɦəmət̪
زخم	urd	zəxm
زرافہ	urd	zəɾɑːfɑ
زرتشت	urd	zəɾət̪əʃt̪
زردوزی	urd	zəɾəd̪oːziː
زرشک	urd	zəɾəʃk
زعفران	urd	zəʔfɾɑːn
زلزلو	urd	zəlzəloː
زلزلوں	urd	zəlzəloː̃
زلزلہ	urd	zəlzəlɑ
زلزلے	urd	zəlzəleː
زلف	urd	zəlf
زلفوں	urd	zələfoː̃
زلفیں	urd	zələfeː̃
زمانو	urd	zəmɑːnoː
زمانوں	urd	zəmɑːnoː̃
زمانہ	urd	zəmɑːnɑ
زمانے	urd	zəmɑːneː
زمستان	urd	zəməsət̪ɑːn
زمین	urd	zəmiːn
زمینو	urd	zəmiːnoː
زمینوں	urd	zəmiːnoː̃
زمینیں	urd	zəmiːneː̃
زن	urd	zən
زنجیر	urd	zənəd͡ʒiːɾ
زنجیرو	urd	zənəd͡ʒiːɾoː
زنجیروں	urd	zənəd͡ʒiːɾoː̃
زنجیریں	urd	zənəd͡ʒiːɾeː̃
زندان	urd	zənəd̪ɑːn
زندانو	urd	zənəd̪ɑːnoː
زندانوں	urd	zənəd̪ɑːnoː̃
زندگی	urd	zənd̪əɡiː
زندگیاں	urd	zənd̪əɡʊjɑː̃
زندگیو	urd	zənd̪əɡʊjoː
زندگیوں	urd	zənd̪əɡʊjoː̃
زندہ	urd	zənəd̪ɑ
زنگ	urd	zənɡ
زنگبار	urd	zənɡbɑːɾ
زنگی	urd	zənəɡiː
زور	urd	zoːɾ
زوردار	urd	zoːɾəd̪ɑːɾ
زون	urd	zoːn
زکات	urd	zəkɑːt̪
زکریا	urd	zəkə̲ɾʊjɑː
زہر	urd	zəɦɾ
زہری	urd	zəɦɾiː
زیادتی	urd	zjɑːd̪ət̪iː
زیادتیاں	urd	zʊjɑːd̪ə̲t̪ʊjɑː̃
زیادتیوں	urd	zʊjɑːd̪ə̲t̪ʊjoː̃
زیارت	urd	zʊjɑːɾət̪
زیربند	urd	zeːɾəbənd̪
زینت	urd	ziːnət̪
زینتو	urd	ziːnə̲t̪oː
زینتوں	urd	ziːnə̲t̪oː̃
زینتیں	urd	ziːnə̲t̪eː̃
زینہ	urd	ziːnɑ
سا	urd	sɑː
سائیکل	urd	sɑːiːkəl
سائیں	urd	sɑːiː̃
سات	urd	sɑːt̪
ساتواں	urd	sɑːt̪ʋɑː̃
ساتھ	urd	sɑːt̪ʰ
ساتھی	urd	sɑːt̪ʰiː
ساحل	urd	sɑːɦəl
ساحلی	urd	sɑːɦə̲liː
ساخت	urd	sɑːxt̪
سادگی	urd	sɑːd̪əɡiː
سارا	urd	sɑːɾɑː
سارنگی	urd	sɑːɾənəɡiː
ساری	urd	sɑːɾiː
سارے	urd	sɑːɾeː
ساز	urd	sɑːz
سازش	urd	sɑːzəʃ
ساس	urd	sɑːs
ساسانی	urd	sɑːsɑːniː
ساسو	urd	sɑːsoː
ساسوں	urd	sɑːsoː̃
ساسیں	urd	sɑːseː̃
ساقی	urd	sɑːqiː
سال	urd	sɑːl
سالانہ	urd	sɑːlɑːnɑ
سالن	urd	sɑːlən
سالگرہ	urd	sɑːlɡəɾɪɦ
سامان	urd	sɑːmɑːn
سامنا	urd	sɑːmənɑː
سامی	urd	sɑːmiː
سانبہ	urd	sɑːnəbɑ
ساودھان	urd	sɑːʋd̪ʱɑːn
ساڑھے	urd	sɑːɽʱeː
ساڑی	urd	sɑːɽiː
ساگر	urd	sɑːɡəɾ
ساگرتٹ	urd	sɑːɡəɾət̪əʈ
ساہیوال	urd	sɑːɦiːʋɑːl
سایہ	urd	sɑːjɑ
سب	urd	səb
سبب	urd	səbəb
سبت	urd	səbt̪
سبد	urd	səbəd̪
سبز	urd	səbz
سبزی	urd	səbəziː
سبزیاں	urd	səbəzʊjɑː̃
سبزیوں	urd	səbəzʊjoː̃
سبق	urd	səbəq
سبھا	urd	səbʱɑː
سبھی	urd	səbʱiː
سبی	urd	səbiː
ستارو	urd	sət̪ɑːɾoː
ستاروں	urd	sət̪ɑːɾoː̃
ستارے	urd	sət̪ɑːɾeː
سترک	urd	sət̪əɾk
سترہ	urd	sət̪əɾɑ
ستم	urd	sət̪əm
ستمبر	urd	sət̪əməbəɾ
ستون	urd	sət̪uːn
ستھان	urd	st̪ʰɑːn
سجدو	urd	səd͡ʒəd̪oː
سجدوں	urd	səd͡ʒəd̪oː̃
سجدہ	urd	səd͡ʒəd̪ɑ
سجدے	urd	səd͡ʒəd̪eː
سحر	urd	səɦəɾ
سحری	urd	səɦə̲ɾiː
سحریاں	urd	səɦə̲ɾʊjɑː̃
سحریوں	urd	səɦə̲ɾʊjoː̃
سخت	urd	səxt̪
سخی	urd	səxiː
سدابہار	urd	səd̪ɑːbə̲ɦɑːɾ
سدن	urd	səd̪ən
سدھارنا	urd	səd̪ʱɑːɾənɑː
سدھارک	urd	səd̪ʱɑːɾək
سرائیکی	urd	səɾɑːiːkiː
سراب	urd	səɾɑːb
سراسر	urd	səɾɑːsəɾ
سرانان	urd	səɾɑːnɑːn
سراہنا	urd	səɾɑːɦnɑː
سربیا	urd	səɾəbʊjɑː
سرحد	urd	səɾəɦəd̪
سرحدوں	urd	səɾɦəd̪oː̃
سرحدیں	urd	səɾɦəd̪eː̃
سرخ	urd	səɾx
سرخی	urd	səɾəxiː
سردی	urd	səɾəd̪iː
سردیاں	urd	səɾəd̪ʊjɑː̃
سرزمین	urd	səɾzəmiːn
سرسائی	urd	səɾəsɑːiː
سرسوتی	urd	səɾəsuːt̪iː
سرسوں	urd	səɾəsoː̃
سرشت	urd	səɾəʃt̪
سرشٹی	urd	səɾəʃəʈiː
سرفروش	urd	səɾfəɾoːʃ
سرمئی	urd	səɾəməiː
سرما	urd	səɾəmɑː
سرمایہ	urd	səɾəmɑːjɑ
سرنگ	urd	səɾənɡ
سرنگوں	urd	səɾənəɡoː̃
سرنگیں	urd	səɾənəɡeː̃
سرور	urd	səɾuːɾ
سروش	urd	səɾoːʃ
سرکار	urd	səɾəkɑːɾ
سرکس	urd	səɾəkəs
سرکو	urd	səɾəkoː
سرکوں	urd	səɾəkoː̃
سرکہ	urd	səɾəkɑ
سرکے	urd	səɾəkeː
سرگ	urd	səɾɡ
سرگرم	urd	səɾəɡəɾm
سرگرمی	urd	səɾəɡəɾəmiː
سرگودھا	urd	səɾəɡoːd̪ʱɑː
سرہانہ	urd	səɾəɦɑːnɑ
سریانی	urd	səɾjɑːniː
سریر	urd	səɾiːɾ
سزا	urd	səzɑː
سسا	urd	səsɑː
سست	urd	səst̪
سستا	urd	səsət̪ɑː
سستی	urd	səsət̪iː
سسر	urd	səsəɾ
سسرال	urd	səsəɾɑːl
سسروں	urd	səsə̲ɾoː̃
سسری	urd	səsə̲ɾiː
سطح	urd	sət̪əɦ
سطحی	urd	sət̪əɦiː
سطر	urd	sət̪ɾ
سغدی	urd	səɣəd̪iː
سفارت	urd	səfɑːɾət̪
سفارش	urd	səfɑːɾəʃ
سفال	urd	səfɑːl
سفر	urd	səfəɾ
سفرو	urd	səfə̲ɾoː
سفروں	urd	səfə̲ɾoː̃
سفید	urd	səfeːd̪
سفیر	urd	səfiːɾ
سلاخ	urd	səlɑːx
سلاد	urd	səlɑːd̪
سلام	urd	səlɑːm
سلامت	urd	səlɑːmət̪
سلامتی	urd	səlɑːmət̪iː
سلجوق	urd	sələd͡ʒuːq
سلجوقی	urd	sələd͡ʒuːqiː
سلسلہ	urd	səlsəlɑ
سلطان	urd	sələt̪ɑːn
سلطنت	urd	səlt̪ənət̪
سلوک	urd	səluːk
سماج	urd	səmɑːd͡ʒ
سمادھان	urd	səmɑːd̪ʱɑːn
سماس	urd	səmɑːs
سماعت	urd	səmɑːʔət̪
سماپت	urd	səmɑːpt̪
سماپن	urd	səmɑːpən
سماچار	urd	səmɑːt͡ʃɑːɾ
سماں	urd	səmɑː̃
سمبڑیال	urd	səmbɽʊjɑːl
سمجھ	urd	səməd͡ʒʱ
سمجھدار	urd	səməd͡ʒʱəd̪ɑːɾ
سمجھنا	urd	səməd͡ʒʱənɑː
سمراج	urd	səməɾɑːd͡ʒ
سمراٹ	urd	səməɾɑːʈ
سمرتھک	urd	səməɾət̪ʰək
سمرتی	urd	smɾət̪iː
سمرقند	urd	səməɾəqənd̪
سمسم	urd	səməsəm
سمع	urd	səmʔ
سمندر	urd	səmənəd̪əɾ
سمندروں	urd	səmənd̪əɾoː̃
سمندری	urd	səmənd̪ɾiː
سموہ	urd	səmuːɦ
سمکالین	urd	səməkɑːliːn
سمکھ	urd	səməkʰ
سمین	urd	səmiːn
سن	urd	sən
سناتن	urd	sənɑːt̪ən
سنار	urd	sənɑːɾ
سنارو	urd	sənɑːɾoː
سناروں	urd	sənɑːɾoː̃
سنانا	urd	sənɑːnɑː
سناٹا	urd	sənɑːʈɑː
سنبھالنا	urd	sənəbʱɑːlənɑː
سنت	urd	sənt̪
سنتان	urd	sənət̪ɑːn
سنترا	urd	sənt̪əɾɑː
سنتھالی	urd	sənət̪ʰɑːliː
سنجھا	urd	sənəd͡ʒʱɑː
سنجیدہ	urd	sənəd͡ʒiːd̪ɑ
سندر	urd	sənəd̪əɾ
سندھ	urd	sənd̪ʱ
سندھی	urd	sənəd̪ʱiː
سندیش	urd	sənəd̪eːʃ
سندیہہ	urd	sənəd̪eːɦɦ
سنسار	urd	sənəsɑːɾ
سنسان	urd	sənəsɑːn
سنسکرت	urd	sənskɾət̪
سننا	urd	sənənɑː
سنچری	urd	sənt͡ʃəɾiː
سنگ	urd	sənɡ
سنگار	urd	sənəɡɑːɾ
سنگاپور	urd	sənəɡɑːpuːɾ
سنگم	urd	sənəɡəm
سنگھ	urd	sənɡʱ
سنگھرش	urd	sənəɡʱəɾʃ
سنگیت	urd	sənəɡiːt̪
سنگین	urd	sənəɡiːn
سنیاسی	urd	sənjɑːsiː
سنیچر	urd	səniːt͡ʃəɾ
سوئی	urd	suːiː
سواد	urd	sʋɑːd̪
سوادو	urd	sʋɑːd̪uː
سوال	urd	sɪʋɑːl
سوالات	urd	sɪʋɑːlɑːt̪
سوالو	urd	sɪʋɑːloː
سوالوں	urd	sɪʋɑːloː̃
سوامی	urd	sʋɑːmiː
سوانگ	urd	sʋɑːnɡ
سواگت	urd	sʋɑːɡət̪
سوتا	urd	soːt̪ɑː
سوتے	urd	soːt̪eː
سوجن	urd	suːd͡ʒən
سوجنا	urd	suːd͡ʒənɑː
سوراب	urd	suːɾɑːb
سورج	urd	suːɾəd͡ʒ
سورجو	urd	suːɾə̲d͡ʒoː
سورجوں	urd	suːɾə̲d͡ʒoː̃
سورہ	urd	suːɾɑ
سوری	urd	suːɾiː
سولہ	urd	soːlɑ
سوم	urd	soːm
سوموار	urd	soːmʋɑːɾ
سونا	urd	soːnɑː
سونگھنا	urd	suːnɡʱnɑː
سوچنا	urd	soːt͡ʃənɑː
سوڈا	urd	soːɖɑː
سوڈان	urd	suːɖɑːn
سوکھا	urd	suːkʰɑː
سوکھنا	urd	soːkʰənɑː
سوگ	urd	soːɡ
سویڈن	urd	sʋiːɖən
سپارو	urd	səpɑːɾoː
سپاروں	urd	səpɑːɾoː̃
سپارہ	urd	səpɑːɾɑ
سپارے	urd	səpɑːɾeː
سپاس	urd	səpɑːs
سپاہ	urd	səpɑːɦ
سپاہنی	urd	səpɑːɦniː
سپاہی	urd	səpɑːɦiː
سپتاہ	urd	səpət̪ɑːɦ
سپنا	urd	səpənɑː
سپنوں	urd	səpənoː̃
سچ	urd	sət͡ʃ
سچا	urd	sət͡ʃɑː
سچی	urd	sət͡ʃiː
سچے	urd	sət͡ʃeː
سڑا	urd	səɽɑː
سڑک	urd	səɽək
سکا	urd	səkɑː
سکنا	urd	səkənɑː
سکندر	urd	səkənəd̪əɾ
سکون	urd	səkuːn
سکھ	urd	səkʰ
سکھانا	urd	səkʰɑːnɑː
سکھر	urd	səkʰəɾ
سکھی	urd	səkʰiː
سکہ	urd	səkɑ
سگ	urd	səɡ
سگریٹ	urd	səɡəɾeːʈ
سہارا	urd	səɦɑːɾɑː
سہاگ	urd	səɦɑːɡ
سہلانا	urd	səɦlɑːnɑː
سہمانا	urd	səɦmɑːnɑː
سہمت	urd	səɦmət̪
سیاح	urd	sʊjɑːɦ
سیاحت	urd	sʊjɑːɦət̪
سیاروں	urd	sʊjɑːɾoː̃
سیارہ	urd	sʊjɑːɾɑ
سیارے	urd	sʊjɑːɾeː
سیاست	urd	sʊjɑːsət̪
سیاستدان	urd	sʊjɑːsət̪əd̪ɑːn
سیاسی	urd	sʊjɑːsiː
سیالکوٹ	urd	sʊjɑːləkoːʈ
سیب	urd	seːb
سیتا	urd	siːt̪ɑː
سیخ	urd	siːx
سیدھا	urd	siːd̪ʱɑː
سیرت	urd	siːɾət̪
سینو	urd	siːnoː
سینوں	urd	siːnoː̃
سینگ	urd	siːnɡ
سینہ	urd	siːnɑ
سینیٹر	urd	siːneːʈəɾ
سینے	urd	siːneː
سیٹھا	urd	siːʈʰɑː
سیڑھی	urd	siːɽʱiː
سیکھنا	urd	siːkʰənɑː
سے	urd	seː
شاباش	urd	ʃɑːbɑːʃ
شاخ	urd	ʃɑːx
شاد	urd	ʃɑːd̪
شاداب	urd	ʃɑːd̪ɑːb
شادی	urd	ʃɑːd̪iː
شارجہ	urd	ʃɑːɾəd͡ʒɑ
شارک	urd	ʃɑːɾk
شاستر	urd	ʃɑːsət̪əɾ
شاسن	urd	ʃɑːsən
شاسک	urd	ʃɑːsək
شاطر	urd	ʃɑːt̪əɾ
شاعر	urd	ʃɑːʔəɾ
شاعری	urd	ʃɑːʔə̲ɾiː
شال	urd	ʃɑːl
شام	urd	ʃɑːm
شامل	urd	ʃɑːməl
شاموں	urd	ʃɑːmoː̃
شامیں	urd	ʃɑːmeː̃
شان	urd	ʃɑːn
شانتی	urd	ʃɑːnət̪iː
شانو	urd	ʃɑːnoː
شانوں	urd	ʃɑːnoː̃
شانہ	urd	ʃɑːnɑ
شانے	urd	ʃɑːneː
شاپر	urd	ʃɑːpəɾ
شاگرد	urd	ʃɑːɡəɾd̪
شاگردوں	urd	ʃɑːɡəɾəd̪oː̃
شاہ	urd	ʃɑːɦ
شاہراہ	urd	ʃɑːɦɾɑːɦ
شاہی	urd	ʃɑːɦiː
شاہین	urd	ʃɑːɦiːn
شب	urd	ʃəb
شبد	urd	ʃəbd̪
شبدکوش	urd	ʃəbd̪əkoːʃ
شبنم	urd	ʃəbənəm
شبھ	urd	ʃəbʱ
شتابدی	urd	ʃət̪ɑːbəd̪iː
شترو	urd	ʃət̪əɾuː
شتک	urd	ʃət̪ək
شجر	urd	ʃəd͡ʒəɾ
شخص	urd	ʃəxs
شدت	urd	ʃəd̪ət̪
شدھ	urd	ʃəd̪ʱ
شراب	urd	ʃəɾɑːb
شرارت	urd	ʃəɾɑːɾət̪
شرارتو	urd	ʃəɾɑːɾə̲t̪oː
شرارتوں	urd	ʃəɾɑːɾə̲t̪oː̃
شرارتی	urd	ʃəɾɑːɾə̲t̪iː
شرارتیں	urd	ʃəɾɑːɾə̲t̪eː̃
شرافت	urd	ʃəɾɑːfət̪
شرط	urd	ʃəɾt̪
شرطی	urd	ʃəɾət̪iː
شرفا	urd	ʃəɾə̲fɑː
شرم	urd	ʃəɾm
شرمگیں	urd	ʃəɾmɡiː̃
شرک	urd	ʃəɾk
شرکت	urd	ʃəɾəkət̪
شرکرا	urd	ʃəɾkəɾɑː
شریر	urd	ʃəɾiːɾ
شریعت	urd	ʃəɾiːʔət̪
شریعتوں	urd	ʃəɾiːʔə̲t̪oː̃
شریعتیں	urd	ʃəɾiːʔə̲t̪eː̃
شریف	urd	ʃəɾiːf
شرینگر	urd	ʃɾiːnə̲ɡəɾ
ششن	urd	ʃəʃn
ششک	urd	ʃəʃək
شطرنج	urd	ʃət̪əɾənd͡ʒ
شعرا	urd	ʃəʔə̲ɾɑː
شعور	urd	ʃəʔuːɾ
شفا	urd	ʃəfɑː
شفقت	urd	ʃəfəqət̪
شفقتوں	urd	ʃəfqət̪oː̃
شفقتیں	urd	ʃəfqət̪eː̃
شفیق	urd	ʃəfiːq
شقرا	urd	ʃəqəɾɑː
شلپشالا	urd	ʃəlpʃɑːlɑː
شمال	urd	ʃəmɑːl
شمس	urd	ʃəms
شمشیر	urd	ʃəməʃeːɾ
شمع	urd	ʃəməʔə̲
شمعو	urd	ʃəməʔoː
شمعوں	urd	ʃəməʔoː̃
شمعیں	urd	ʃəməʔeː̃
شناخت	urd	ʃənɑːxt̪
شوربا	urd	ʃoːɾəbɑː
شوپیاں	urd	ʃoːpʊjɑː̃
شکار	urd	ʃəkɑːɾ
شکارپور	urd	ʃəkɑːɾəpuːɾ
شکاری	urd	ʃəkɑːɾiː
شکتی	urd	ʃəkət̪iː
شکر	urd	ʃəkəɾ
شکرانو	urd	ʃəkəɾɑːnoː
شکرانوں	urd	ʃəkəɾɑːnoː̃
شکرانہ	urd	ʃəkəɾɑːnɑ
شکرانے	urd	ʃəkəɾɑːneː
شکست	urd	ʃəkəst̪
شکووں	urd	ʃəkʋoː̃
شکوہ	urd	ʃəkoːɦ
شکوہو	urd	ʃəkoːɦoː
شکوہوں	urd	ʃəkoːɦoː̃
شکوے	urd	ʃəkʋeː
شکی	urd	ʃəkiː
شگن	urd	ʃəɡən
شہادت	urd	ʃəɦɑːd̪ət̪
شہباز	urd	ʃəɦbɑːz
شہتوت	urd	ʃəɦt̪uːt̪
شہر	urd	ʃəɦɾ
شہرت	urd	ʃəɦɾət̪
شہروز	urd	ʃəɦɾoːz
شہری	urd	ʃəɦɾiː
شہزادہ	urd	ʃəɦzɑːd̪ɑ
شہزادی	urd	ʃəɦzɑːd̪iː
شہلا	urd	ʃəɦlɑː
شہمات	urd	ʃəɦmɑːt̪
شہید	urd	ʃəɦiːd̪
شہیدو	urd	ʃəɦiːd̪oː
شہیدوں	urd	ʃəɦiːd̪oː̃
شیخ	urd	ʃeːx
شیخی	urd	ʃeːxiː
شیر	urd	ʃeːɾ
شیریں	urd	ʃiːɾiː̃
شیشو	urd	ʃiːʃoː
شیشوں	urd	ʃiːʃoː̃
شیشہ	urd	ʃiːʃɑ
شیشے	urd	ʃiːʃeː
شیو	urd	ʃiːʋ
شیکھاواٹی	urd	ʃeːkʰɑːʋɑːʈiː
شے	urd	ʃeː
صابر	urd	sɑːbəɾ
صابن	urd	sɑːbən
صاحب	urd	sɑːɦəb
صارف	urd	sɑːɾəf
صارفین	urd	sɑːɾə̲fiːn
صاف	urd	sɑːf
صبح	urd	səbəɦ
صبر	urd	səbəɾ
صحافی	urd	səɦɑːfiː
صحبت	urd	səɦəbət̪
صحت	urd	səɦət̪
صحرا	urd	səɦəɾɑː
صحن	urd	səɦn
صحیح	urd	səɦiːɦ
صحیفہ	urd	səɦiːfɑ
صدا	urd	səd̪ɑː
صداقت	urd	səd̪ɑːqət̪
صدر	urd	səd̪ɾ
صدرو	urd	səd̪əɾoː
صدروں	urd	səd̪əɾoː̃
صدقہ	urd	səd̪əqɑ
صدی	urd	səd̪iː
صدیاں	urd	səd̪ʊjɑː̃
صدیوں	urd	səd̪ʊjoː̃
صرف	urd	səɾf
صعب	urd	səʔb
صغیر	urd	səɣiːɾ
صفائی	urd	səfɑːiː
صفحو	urd	səfəɦoː
صفحوں	urd	səfəɦoː̃
صفحہ	urd	səfəɦɑ
صفحے	urd	səfəɦeː
صفر	urd	səfɾ
صفرواں	urd	səfəɾʋɑː̃
صلاح	urd	səlɑːɦ
صلیب	urd	səliːb
صلیبی	urd	səliːbiː
صنعت	urd	sənəʔət̪
صنف	urd	sənf
صنم	urd	sənəm
صنمیات	urd	sənə̲mʊjɑːt̪
صنوبر	urd	sənoːbəɾ
صوبہ	urd	suːbɑ
صورت	urd	suːɾət̪
صورتو	urd	suːɾə̲t̪oː
صورتوں	urd	suːɾə̲t̪oː̃
صورتیں	urd	suːɾə̲t̪eː̃
ضابطہ	urd	zɑːbə̲t̪ɑ
ضبط	urd	zəbt̪
ضد	urd	zəd̪
ضدی	urd	zəd̪iː
ضرر	urd	zəɾəɾ
ضرور	urd	zəɾuːɾ
ضرورت	urd	zəɾuːɾət̪
ضروری	urd	zəɾuːɾiː
ضعفا	urd	zəʔə̲fɑː
ضعیف	urd	zəʔiːf
ضعیفو	urd	zəʔiːfoː
ضعیفوں	urd	zəʔiːfoː̃
ضلع	urd	zələʔə̲
ضلعوں	urd	zələʔoː̃
ضلعے	urd	zələʔeː
ضم	urd	zəm
ضمانت	urd	zəmɑːnət̪
ضمیر	urd	zəmiːɾ
ضمیمہ	urd	zəmiːmɑ
ضیافت	urd	zʊjɑːfət̪
طاعون	urd	t̪ɑːʔuːn
طاقت	urd	t̪ɑːqət̪
طاقتو	urd	t̪ɑːqə̲t̪oː
طاقتوں	urd	t̪ɑːqə̲t̪oː̃
طاقتیں	urd	t̪ɑːqə̲t̪eː̃
طالبان	urd	t̪ɑːlə̲bɑːn
طبق	urd	t̪əbəq
طبقو	urd	t̪əbə̲qoː
طبقوں	urd	t̪əbə̲qoː̃
طبقہ	urd	t̪əbə̲qɑ
طبقے	urd	t̪əbə̲qeː
طبلہ	urd	t̪əbəlɑ
طبی	urd	t̪əbiː
طبیب	urd	t̪əbiːb
طبیعت	urd	t̪əbiːʔət̪
طبیعی	urd	t̪əbiːʔiː
طبیعیات	urd	t̪əbiːʔʊjɑːt̪
طرابلس	urd	t̪əɾɑːbə̲ləs
طرح	urd	t̪əɾəɦ
طرز	urd	t̪əɾz
طرزوں	urd	t̪əɾəzoː̃
طرزیات	urd	t̪əɾəzʊjɑːt̪
طرزیں	urd	t̪əɾəzeː̃
طرف	urd	t̪əɾəf
طریقہ	urd	t̪əɾiːqɑ
طشتری	urd	t̪əʃt̪əɾiː
طعام	urd	t̪əʔɑːm
طعنو	urd	t̪əʔənoː
طعنوں	urd	t̪əʔənoː̃
طعنہ	urd	t̪əʔənɑ
طعنے	urd	t̪əʔəneː
طفل	urd	t̪əfl
طلاق	urd	t̪əlɑːq
طلب	urd	t̪ələb
طلبگارو	urd	t̪ələbəɡɑːɾoː
طلبگاروں	urd	t̪ələbəɡɑːɾoː̃
طلوع	urd	t̪əluːʔ
طور	urd	t̪uːɾ
طوفان	urd	t̪uːfɑːn
طیاروں	urd	t̪ʊjɑːɾoː̃
طیارہ	urd	t̪ʊjɑːɾɑ
طیارے	urd	t̪ʊjɑːɾeː
طیب	urd	t̪iːb
ظالم	urd	zɑːləm
ظرف	urd	zəɾf
ظروف	urd	zəɾuːf
ظفر	urd	zəfəɾ
ظلم	urd	zəlm
عابد	urd	ʔɑːbəd̪
عاجزی	urd	ʔɑːd͡ʒə̲ziː
عاشق	urd	ʔɑːʃəq
عاصی	urd	ʔɑːsiː
عام	urd	ʔɑːm
عبادت	urd	ʔəbɑːd̪ət̪
عبادتوں	urd	ʔəbɑːd̪ə̲t̪oː̃
عبادتیں	urd	ʔəbɑːd̪ə̲t̪eː̃
عجب	urd	ʔəd͡ʒəb
عدس	urd	ʔəd̪əs
عدم	urd	ʔəd̪əm
عذاب	urd	ʔəzɑːb
عربستان	urd	ʔəɾəbəsət̪ɑːn
عربی	urd	ʔəɾəbiː
عرش	urd	ʔəɾʃ
عرشی	urd	ʔəɾəʃiː
عرق	urd	ʔəɾəq
عروج	urd	ʔəɾuːd͡ʒ
عزت	urd	ʔəzət̪
عسل	urd	ʔəsəl
عشق	urd	ʔəʃq
عشقو	urd	ʔəʃəqoː
عشقوں	urd	ʔəʃəqoː̃
عصیان	urd	ʔəsjɑːn
عطر	urd	ʔət̪ɾ
عظم	urd	ʔəzm
عظمت	urd	ʔəzəmət̪
عظمتو	urd	ʔəzmət̪oː
عظمتوں	urd	ʔəzmət̪oː̃
عظمتیں	urd	ʔəzmət̪eː̃
عظیم	urd	ʔəziːm
عقاب	urd	ʔəqɑːb
عقل	urd	ʔəql
عقلمند	urd	ʔəqlmənd̪
علاج	urd	ʔəlɑːd͡ʒ
علاقو	urd	ʔəlɑːqoː
علاقوں	urd	ʔəlɑːqoː̃
علاقہ	urd	ʔəlɑːqɑ
علاقے	urd	ʔəlɑːqeː
علامت	urd	ʔəlɑːmət̪
علامتو	urd	ʔəlɑːmə̲t̪oː
علامتوں	urd	ʔəlɑːmə̲t̪oː̃
علامتیں	urd	ʔəlɑːmə̲t̪eː̃
علف	urd	ʔələf
علوم	urd	ʔəluːm
علی	urd	ʔəliː
علیزہ	urd	ʔəliːzɑ
عمدہ	urd	ʔəməd̪ɑ
عمران	urd	ʔəməɾɑːn
عمرکوٹ	urd	ʔəməɾəkoːʈ
عملہ	urd	ʔəmə̲lɑ
عنایات	urd	ʔənɑːjɑːt̪
عنصر	urd	ʔənəsəɾ
عنوان	urd	ʔənʋɑːn
عوام	urd	ʔɪʋɑːm
عکرشہ	urd	ʔəkɾəʃɑ
عکس	urd	ʔəks
عہدوں	urd	ʔəɦd̪oː̃
عہدے	urd	ʔəɦd̪eː
عیادتوں	urd	ʔʊjɑːd̪ə̲t̪oː̃
عیادتیں	urd	ʔʊjɑːd̪ə̲t̪eː̃
عیاشی	urd	ʔʊjɑːʃiː
عیاں	urd	ʔʊjɑː̃
عید	urd	ʔiːd̪
عیسائی	urd	ʔiːsɑːiː
غار	urd	ɣɑːɾ
غاروں	urd	ɣɑːɾoː̃
غالب	urd	ɣɑːləb
غالی	urd	ɣɑːliː
غدار	urd	ɣəd̪ɑːɾ
غدارو	urd	ɣəd̪ɑːɾoː
غداروں	urd	ɣəd̪ɑːɾoː̃
غذا	urd	ɣəzɑː
غرض	urd	ɣəɾəz
غرق	urd	ɣəɾq
غرناطہ	urd	ɣəɾənɑːt̪ɑ
غروب	urd	ɣəɾuːb
غرور	urd	ɣəɾuːɾ
غریب	urd	ɣəɾiːb
غریبو	urd	ɣəɾiːboː
غریبوں	urd	ɣəɾiːboː̃
غزل	urd	ɣəzəl
غزہ	urd	ɣəzɑ
غسل	urd	ɣəsl
غسلخانہ	urd	ɣəslxɑːnɑ
غش	urd	ɣəʃ
غضب	urd	ɣəzəb
غفلت	urd	ɣəfələt̪
غلام	urd	ɣəlɑːm
غلامو	urd	ɣəlɑːmoː
غلاموں	urd	ɣəlɑːmoː̃
غلط	urd	ɣələt̪
غلطی	urd	ɣələt̪iː
غلطیاں	urd	ɣələ̲t̪ʊjɑː̃
غلطیو	urd	ɣələ̲t̪ʊjoː
غلطیوں	urd	ɣələ̲t̪ʊjoː̃
غلہ	urd	ɣəlɑ
غلیظ	urd	ɣəliːz
غم	urd	ɣəm
غمر	urd	ɣəməɾ
غمو	urd	ɣəmoː
غموں	urd	ɣəmoː̃
غمگین	urd	ɣəməɡiːn
غنودگی	urd	ɣənuːd̪ə̲ɡiː
غنودگیاں	urd	ɣənuːd̪ə̲ɡʊjɑː̃
غنودگیوں	urd	ɣənuːd̪ə̲ɡʊjoː̃
غنودہ	urd	ɣənuːd̪ɑ
غنچہ	urd	ɣənət͡ʃɑ
غنڈہ	urd	ɣənəɖɑ
غنیمت	urd	ɣəniːmət̪
غوٹہ	urd	ɣoːʈɑ
غٹاغٹ	urd	ɣəʈɑːɣəʈ
غژماں	urd	ɣəʒəmɑː̃
ستان	urd	st̪ɑːn
فادر	urd	fɑːd̪əɾ
فارس	urd	fɑːɾs
فارسی	urd	fɑːɾəsiː
فارغ	urd	fɑːɾəɣ
فاس	urd	fɑːs
فاسد	urd	fɑːsəd̪
فاصلہ	urd	fɑːsəlɑ
فاضل	urd	fɑːzəl
فاقہ	urd	fɑːqɑ
فالتو	urd	fɑːlət̪uː
فالج	urd	fɑːləd͡ʒ
فالجوں	urd	fɑːlə̲d͡ʒoː̃
فالسئی	urd	fɑːləsəiː
فالسہ	urd	fɑːləsɑ
فالودہ	urd	fɑːluːd̪ɑ
فانوس	urd	fɑːnuːs
فانی	urd	fɑːniː
فاکہہ	urd	fɑːkə̲ɦɑ
فتح	urd	fət̪əɦ
فتنہ	urd	fət̪ənɑ
فتور	urd	fət̪uːɾ
فتورو	urd	fət̪uːɾoː
فتوروں	urd	fət̪uːɾoː̃
فجی	urd	fəd͡ʒiː
فحش	urd	fəɦʃ
فخر	urd	fəxɾ
فرات	urd	fəɾɑːt̪
فراز	urd	fəɾɑːz
فراق	urd	fəɾɑːq
فراقوں	urd	fəɾɑːqoː̃
فراموش	urd	fəɾɑːmoːʃ
فراموشی	urd	fəɾɑːmoːʃiː
فرانس	urd	fɾɑːns
فرانسیسی	urd	fəɾɑːnəsiːsiː
فربہ	urd	fəɾəbɑ
فرزند	urd	fəɾəzənd̪
فرزی	urd	fəɾəziː
فرزین	urd	fəɾəziːn
فرزیں	urd	fəɾəziː̃
فرش	urd	fəɾʃ
فرشتو	urd	fəɾəʃət̪oː
فرشتوں	urd	fəɾəʃət̪oː̃
فرشتہ	urd	fəɾəʃət̪ɑ
فرشتے	urd	fəɾəʃət̪eː
فرصت	urd	fəɾəsət̪
فرصتو	urd	fəɾsət̪oː
فرصتوں	urd	fəɾsət̪oː̃
فرصتیں	urd	fəɾsət̪eː̃
فرض	urd	fəɾz
فرضی	urd	fəɾəziː
فرقہ	urd	fəɾəqɑ
فرمان	urd	fəɾəmɑːn
فرمانا	urd	fəɾəmɑːnɑː
فرنگی	urd	fəɾənəɡiː
فرہاد	urd	fəɾəɦɑːd̪
فریاد	urd	fəɾjɑːd̪
فریال	urd	fəɾjɑːl
فریب	urd	fəɾeːb
فریبو	urd	fəɾeːboː
فریبوں	urd	fəɾeːboː̃
فریق	urd	fəɾiːq
فزان	urd	fəzɑːn
فساد	urd	fəsɑːd̪
فسادی	urd	fəsɑːd̪iː
فسانہ	urd	fəsɑːnɑ
فصل	urd	fəsl
فضا	urd	fəzɑː
فضل	urd	fəzl
فضلو	urd	fəzəloː
فضلوں	urd	fəzəloː̃
فضول	urd	fəzuːl
فطرت	urd	fət̪əɾət̪
فعل	urd	fəʔl
فغاں	urd	fəɣɑː̃
فقروں	urd	fəqəɾoː̃
فقرہ	urd	fəqəɾɑ
فقرے	urd	fəqəɾeː
فقہ	urd	fəqɦ
فقیر	urd	fəqiːɾ
فلاں	urd	fəlɑː̃
فلسطین	urd	fələsət̪iːn
فلم	urd	fəlm
فلک	urd	fələk
فن	urd	fən
فوجو	urd	foːd͡ʒoː
فوجوں	urd	foːd͡ʒoː̃
فوجیں	urd	foːd͡ʒeː̃
فولاد	urd	fuːlɑːd̪
فون	urd	foːn
فٹ	urd	fəʈ
فٹافٹ	urd	fəʈɑːfəʈ
فکر	urd	fəkɾ
فہرست	urd	fəɦɾəst̪
فہم	urd	fəɦm
فیروزہ	urd	fiːɾoːzɑ
فیروزی	urd	feːɾoːziː
فیصد	urd	fiːsəd̪
فیل	urd	fiːl
فیلا	urd	fiːlɑː
فیلان	urd	fiːlɑːn
فیلاں	urd	fiːlɑː̃
فیلہ	urd	fiːlɑ
قاب	urd	qɑːb
قابض	urd	qɑːbəz
قابل	urd	qɑːbəl
قاتل	urd	qɑːt̪əl
قادیان	urd	qɑːd̪ʊjɑːn
قاری	urd	qɑːɾiː
قاضی	urd	qɑːziː
قاعدو	urd	qɑːʔə̲d̪oː
قاعدوں	urd	qɑːʔə̲d̪oː̃
قاعدے	urd	qɑːʔə̲d̪eː
قافلو	urd	qɑːfə̲loː
قافلوں	urd	qɑːfə̲loː̃
قافلہ	urd	qɑːfəlɑ
قافلے	urd	qɑːfə̲leː
قاقم	urd	qɑːqəm
قالین	urd	qɑːliːn
قالینوں	urd	qɑːliːnoː̃
قاموس	urd	qɑːmuːs
قانون	urd	qɑːnuːn
قانونوں	urd	qɑːnuːnoː̃
قانونی	urd	qɑːnuːniː
قاچاقی	urd	qɑːt͡ʃɑːqiː
قباحت	urd	qəbɑːɦət̪
قباحتو	urd	qəbɑːɦə̲t̪oː
قباحتوں	urd	qəbɑːɦə̲t̪oː̃
قباحتیں	urd	qəbɑːɦə̲t̪eː̃
قبر	urd	qəbɾ
قبرستان	urd	qəbəɾəsət̪ɑːn
قبرص	urd	qəbəɾəs
قبض	urd	qəbz
قبضوں	urd	qəbəzoː̃
قبضہ	urd	qəbəzɑ
قبل	urd	qəbl
قبول	urd	qəbuːl
قتل	urd	qət̪l
قدر	urd	qəd̪ɾ
قدرت	urd	qəd̪əɾət̪
قدرتو	urd	qəd̪ɾət̪oː
قدرتوں	urd	qəd̪ɾət̪oː̃
قدرتیں	urd	qəd̪ɾət̪eː̃
قدم	urd	qəd̪əm
قدیم	urd	qəd̪iːm
قرار	urd	qəɾɑːɾ
قراقرم	urd	qəɾɑːqə̲ɾəm
قربان	urd	qəɾəbɑːn
قربانی	urd	qəɾəbɑːniː
قرض	urd	qəɾz
قرضہ	urd	qəɾəzɑ
قرطبہ	urd	qəɾt̪əbɑ
قرمز	urd	qəɾəməz
قرمزی	urd	qəɾməziː
قرنطینہ	urd	qəɾənət̪iːnɑ
قرہ	urd	qəɾɑ
قریب	urd	qəɾiːb
قریں	urd	qəɾiː̃
قزاقستان	urd	qəzɑːqəsət̪ɑːn
قسط	urd	qəst̪
قسطوں	urd	qəsət̪oː̃
قسطیں	urd	qəsət̪eː̃
قسم	urd	qəsəm
قسمت	urd	qəsəmət̪
قسموں	urd	qəsə̲moː̃
قسمیں	urd	qəsə̲meː̃
قشنگ	urd	qəʃənɡ
قصائی	urd	qəsɑːiː
قصاب	urd	qəsɑːb
قصاص	urd	qəsɑːs
قصبات	urd	qəsəbɑːt̪
قصبوں	urd	qəsəboː̃
قصبہ	urd	qəsəbɑ
قصبے	urd	qəsəbeː
قصور	urd	qəsuːɾ
قصہ	urd	qəsɑ
قصیدو	urd	qəsiːd̪oː
قصیدوں	urd	qəsiːd̪oː̃
قصیدہ	urd	qəsiːd̪ɑ
قصیدے	urd	qəsiːd̪eː
قضا	urd	qəzɑː
قضات	urd	qəzɑːt̪
قطار	urd	qət̪ɑːɾ
قطب	urd	qət̪b
قطر	urd	qət̪əɾ
قطرہ	urd	qət̪əɾɑ
قفس	urd	qəfəs
ققنس	urd	qəqənəs
ققنوس	urd	qəqənuːs
قلات	urd	qəlɑːt̪
قلب	urd	qəlb
قلع	urd	qəlʔ
قلعو	urd	qələʔoː
قلعوں	urd	qələʔoː̃
قلعہ	urd	qələʔɑ
قلعے	urd	qələʔeː
قلفی	urd	qələfiː
قلم	urd	qələm
قلندر	urd	qələnəd̪əɾ
قلی	urd	qəliː
قمچی	urd	qəmət͡ʃiː
قمیص	urd	qəmiːs
قمیض	urd	qəmiːz
قوالی	urd	qɪʋɑːliː
قوانین	urd	qɪʋɑːniːn
قوت	urd	quːt̪
قوطی	urd	quːt̪iː
قوی	urd	qɪʋiː
قہر	urd	qəɦɾ
قہرمان	urd	qəɦɾmɑːn
قہقہہ	urd	qəɦqəɦɑ
قیادت	urd	qʊjɑːd̪ət̪
قیامت	urd	qʊjɑːmət̪
قیمت	urd	qiːmət̪
قیمتی	urd	qiːmət̪iː
قیمہ	urd	qiːmɑ
لاج	urd	lɑːd͡ʒ
لاجوں	urd	lɑːd͡ʒoː̃
لاجیں	urd	lɑːd͡ʒeː̃
لاحق	urd	lɑːɦəq
لازم	urd	lɑːzəm
لاش	urd	lɑːʃ
لاشو	urd	lɑːʃoː
لاشیں	urd	lɑːʃeː̃
لاطینی	urd	lɑːt̪iːniː
لال	urd	lɑːl
لالٹین	urd	lɑːləʈeːn
لالہ	urd	lɑːlɑ
لامتناہی	urd	lɑːmə̲t̪ə̲nɑːɦiː
لانا	urd	lɑːnɑː
لاوارث	urd	lɑːʋɑːɾəs
لاٹری	urd	lɑːʈə̲ɾiː
لاٹھی	urd	lɑːʈʰiː
لاپتہ	urd	lɑːpə̲t̪ɑ
لاپروا	urd	lɑːpəɾʋɑː
لاڈلہ	urd	lɑːɖəlɑ
لاڈلی	urd	lɑːɖəliː
لاڑکانہ	urd	lɑːɽəkɑːnɑ
لاکھ	urd	lɑːkʰ
لاگت	urd	lɑːɡət̪
لاگتوں	urd	lɑːɡə̲t̪oː̃
لاگتیں	urd	lɑːɡə̲t̪eː̃
لب	urd	ləb
لباس	urd	ləbɑːs
لبنان	urd	ləbənɑːn
لبوں	urd	ləboː̃
لبھانا	urd	ləbʱɑːnɑː
لجنہ	urd	ləd͡ʒənɑ
لحظوں	urd	ləɦəzoː̃
لحظہ	urd	ləɦəzɑ
لحظے	urd	ləɦəzeː
لحم	urd	ləɦəm
لداخ	urd	ləd̪ɑːx
لدھیانہ	urd	ləd̪ʱʊjɑːnɑ
لذات	urd	ləzɑːt̪
لذت	urd	ləzət̪
لذتوں	urd	ləzə̲t̪oː̃
لذتیں	urd	ləzə̲t̪eː̃
لرزاں	urd	ləɾəzɑː̃
لسان	urd	ləsɑːn
لسانیات	urd	ləsɑːnʊjɑːt̪
لشکر	urd	ləʃəkəɾ
لطیفہ	urd	lət̪iːfɑ
لعب	urd	ləʔb
لغت	urd	ləɣət̪
لغوی	urd	ləɣʋiː
لفافو	urd	ləfɑːfoː
لفافوں	urd	ləfɑːfoː̃
لفافہ	urd	ləfɑːfɑ
لفافے	urd	ləfɑːfeː
لفظ	urd	ləfz
لفنگا	urd	ləfənəɡɑː
لقب	urd	ləqəb
لقمان	urd	ləqəmɑːn
للاٹ	urd	ləlɑːʈ
لمبا	urd	ləməbɑː
لمبائی	urd	ləməbɑːiː
لمحاتی	urd	ləməɦɑːt̪iː
لمپٹ	urd	ləməpəʈ
لندن	urd	lənəd̪ən
لنگ	urd	lənɡ
لوبیا	urd	loːbʊjɑː
لوتھ	urd	loːt̪ʰ
لورالائی	urd	loːɾɑːlɑːiː
لوری	urd	loːɾiː
لوط	urd	luːt̪
لومڑی	urd	loːməɽiː
لوٹا	urd	loːʈɑː
لوٹو	urd	loːʈoː
لوٹوں	urd	loːʈoː̃
لوٹے	urd	loːʈeː
لوگ	urd	loːɡ
لوگو	urd	loːɡoː
لوگوں	urd	loːɡoː̃
لوہا	urd	loːɦɑː
لوہار	urd	loːɦɑːɾ
لوہوں	urd	loːɦoː̃
لوہے	urd	loːɦeː
لٹکنا	urd	ləʈəkənɑː
لپٹنا	urd	ləpəʈənɑː
لڑائی	urd	ləɽɑːiː
لڑنا	urd	ləɽənɑː
لڑکا	urd	ləɽəkɑː
لڑکی	urd	ləɽəkiː
لڑھکنا	urd	ləɽʱəkənɑː
لکشادیپ	urd	ləkəʃɑːd̪iːp
لکشمی	urd	ləkʃmiː
لکڑی	urd	ləkəɽiː
لکھائی	urd	ləkʰɑːiː
لکھنا	urd	ləkʰənɑː
لکھنوی	urd	ləkʰənɪʋiː
لکیر	urd	ləkiːɾ
لگام	urd	ləɡɑːm
لگانا	urd	ləɡɑːnɑː
لگن	urd	ləɡən
لگے	urd	ləɡeː
لہجوں	urd	ləɦd͡ʒoː̃
لہجہ	urd	ləɦd͡ʒɑ
لہجے	urd	ləɦd͡ʒeː
لہسن	urd	ləɦsən
لیبیا	urd	liːbʊjɑː
لیل	urd	liːl
لیموں	urd	liːmuː̃
لینا	urd	leːnɑː
لیون	urd	lʊjoːn
لیوں	urd	lʊjoː̃
لیٹنا	urd	leːʈənɑː
لیکن	urd	leːkən
لیکھ	urd	leːkʰ
لیکھنی	urd	leːkʰə̲niː
لیکھک	urd	leːkʰək
لیہہ	urd	leːɦɦ
لیے	urd	lʊjeː
لے	urd	leː
مئی	urd	məiː
ماء	urd	mɑːʔ
ماتا	urd	mɑːt̪ɑː
ماتم	urd	mɑːt̪əm
ماتھا	urd	mɑːt̪ʰɑː
ماتھو	urd	mɑːt̪ʰoː
ماتھوں	urd	mɑːt̪ʰoː̃
ماتھے	urd	mɑːt̪ʰeː
ماخولیا	urd	mɑːxuːlʊjɑː
مادہ	urd	mɑːd̪ɑ
مارتول	urd	mɑːɾət̪oːl
مارنا	urd	mɑːɾənɑː
مارونی	urd	mɑːɾuːniː
مارچ	urd	mɑːɾt͡ʃ
مارگ	urd	mɑːɾɡ
ماسٹر	urd	mɑːsəʈəɾ
ماسکو	urd	mɑːsəkoː
ماسی	urd	mɑːsiː
ماضی	urd	mɑːziː
مالا	urd	mɑːlɑː
مالدووا	urd	mɑːləd̪oːʋɑː
مالدیپ	urd	mɑːləd̪iːp
مالٹا	urd	mɑːləʈɑː
مالٹوں	urd	mɑːləʈoː̃
مالٹے	urd	mɑːləʈeː
مالک	urd	mɑːlək
مالیخولیا	urd	mɑːliːxuːlʊjɑː
ماما	urd	mɑːmɑː
ماموں	urd	mɑːmuː̃
مامے	urd	mɑːmeː
ماندہ	urd	mɑːnəd̪ɑ
مانوس	urd	mɑːnuːs
مانچسٹر	urd	mɑːnət͡ʃəsəʈəɾ
مانگ	urd	mɑːnɡ
مانگنا	urd	mɑːnɡnɑː
ماں	urd	mɑː̃
ماہ	urd	mɑːɦ
ماہانہ	urd	mɑːɦɑːnɑ
ماہی	urd	mɑːɦiː
ماہ‌جبیں	urd	mɑːɦd͡ʒəbiː̃
مبارزہ	urd	məbɑːɾə̲zɑ
مبارک	urd	məbɑːɾək
مبلغ	urd	məbələɣ
مت	urd	mət̪
متجسس	urd	mət̪ə̲d͡ʒə̲səs
مترا	urd	mət̪əɾɑː
مترائی	urd	mət̪əɾɑːiː
مترجم	urd	mət̪əɾəd͡ʒəm
متعارف	urd	mət̪ə̲ʔɑːɾəf
متعلق	urd	mət̪ə̲ʔə̲ləq
متفرق	urd	mət̪ə̲fə̲ɾəq
متلی	urd	mət̪əliː
متوالا	urd	mət̪ʋɑːlɑː
متوالی	urd	mət̪ɪʋɑːliː
متکلم	urd	mət̪ə̲kə̲ləm
متھرا	urd	mət̪ʰə̲ɾɑː
مثال	urd	məsɑːl
مثلثیات	urd	məsələsʊjɑːt̪
مجارستان	urd	məd͡ʒɑːɾəsət̪ɑːn
مجال	urd	məd͡ʒɑːl
مجبور	urd	məd͡ʒəbuːɾ
مجرم	urd	məd͡ʒəɾəm
مجمع	urd	məd͡ʒəməʔ
مجموعو	urd	məd͡ʒəmuːʔoː
مجموعوں	urd	məd͡ʒəmuːʔoː̃
مجموعہ	urd	məd͡ʒəmuːʔɑ
مجموعے	urd	məd͡ʒəmuːʔeː
مجنون	urd	məd͡ʒənuːn
مجھ	urd	məd͡ʒʱ
مجھے	urd	məd͡ʒʱeː
محاسب	urd	məɦɑːsəb
محافظ	urd	məɦɑːfəz
محافظت	urd	məɦɑːfə̲zət̪
محافظو	urd	məɦɑːfə̲zoː
محافظوں	urd	məɦɑːfə̲zoː̃
محال	urd	məɦɑːl
محبت	urd	məɦə̲bət̪
محبتوں	urd	məɦə̲bə̲t̪oː̃
محبتیں	urd	məɦə̲bə̲t̪eː̃
محتاط	urd	məɦət̪ɑːt̪
محترم	urd	məɦt̪əɾəm
محترمہ	urd	məɦət̪əɾəmɑ
محراب	urd	məɦəɾɑːb
محروم	urd	məɦəɾuːm
محسوس	urd	məɦəsuːs
محشر	urd	məɦəʃəɾ
محفل	urd	məɦəfəl
محل	urd	məɦəl
محلات	urd	məɦə̲lɑːt̪
محلوں	urd	məɦə̲loː̃
محلہ	urd	məɦə̲lɑ
محلے	urd	məɦə̲leː
محمد	urd	məɦə̲məd̪
محمدی	urd	məɦə̲mə̲d̪iː
محنت	urd	məɦənət̪
محنتو	urd	məɦnət̪oː
محنتوں	urd	məɦnət̪oː̃
محنتی	urd	məɦnət̪iː
محنتیں	urd	məɦnət̪eː̃
مخالف	urd	məxɑːləf
مخالفت	urd	məxɑːlə̲fət̪
مخالفتوں	urd	məxɑːlə̲fə̲t̪oː̃
مخالفتیں	urd	məxɑːlə̲fə̲t̪eː̃
مخالفو	urd	məxɑːlə̲foː
مخالفوں	urd	məxɑːlə̲foː̃
مختصر	urd	məxt̪əsəɾ
مختلف	urd	məxt̪ələf
مخدوم	urd	məxəd̪uːm
مخزن	urd	məxəzən
مخلوط	urd	məxəluːt̪
مخمل	urd	məxəməl
مخملی	urd	məxməliː
مدت	urd	məd̪ət̪
مدد	urd	məd̪əd̪
مددو	urd	məd̪ə̲d̪oː
مددوں	urd	məd̪ə̲d̪oː̃
مددگار	urd	məd̪əd̪əɡɑːɾ
مددیں	urd	məd̪ə̲d̪eː̃
مدرا	urd	məd̪ə̲ɾɑː
مدراس	urd	məd̪əɾɑːs
مدعو	urd	məd̪əʔuː
مدعی	urd	məd̪ə̲ʔiː
مدفون	urd	məd̪əfuːn
مدھو	urd	məd̪ʱuː
مدہوش	urd	məd̪əɦoːʃ
مدیر	urd	məd̪iːɾ
مدیرا	urd	məd̪iːɾɑː
مدینہ	urd	məd̪iːnɑ
مذاق	urd	məzɑːq
مذاکرات	urd	məzɑːkə̲ɾɑːt̪
مذاکرہ	urd	məzɑːkə̲ɾɑ
مذمت	urd	məzə̲mət̪
مذکر	urd	məzə̲kəɾ
مذکور	urd	məzəkuːɾ
مرا	urd	məɾɑː
مراد	urd	məɾɑːd̪
مراٹھی	urd	məɾɑːʈʰiː
مراکش	urd	məɾɑːkəʃ
مربا	urd	məɾə̲bɑː
مربی	urd	məɾə̲biː
مرتبہ	urd	məɾt̪əbɑ
مرد	urd	məɾd̪
مردار	urd	məɾəd̪ɑːɾ
مردان	urd	məɾəd̪ɑːn
مردانگی	urd	məɾəd̪ɑːnəɡiː
مردانہ	urd	məɾəd̪ɑːnɑ
مردد	urd	məɾə̲d̪əd̪
مردنی	urd	məɾd̪əniː
مردو	urd	məɾəd̪oː
مردوں	urd	məɾəd̪oː̃
مردہ	urd	məɾəd̪ɑ
مردے	urd	məɾəd̪eː
مرض	urd	məɾz
مرضی	urd	məɾəziː
مرعش	urd	məɾəʔəʃ
مرغابی	urd	məɾəɣɑːbiː
مرغی	urd	məɾəɣiː
مرغیاں	urd	məɾəɣʊjɑː̃
مرغیو	urd	məɾəɣʊjoː
مرغیوں	urd	məɾəɣʊjoː̃
مرمت	urd	məɾə̲mət̪
مرنا	urd	məɾənɑː
مروانا	urd	məɾʋɑːnɑː
مرکز	urd	məɾəkəz
مرکزی	urd	məɾkəziː
مرگ	urd	məɾɡ
مرگی	urd	məɾəɡiː
مریادا	urd	məɾjɑːd̪ɑː
مریخ	urd	məɾiːx
مریدکے	urd	məɾiːd̪əkeː
مریض	urd	məɾiːz
مزاج	urd	məzɑːd͡ʒ
مزاحمت	urd	məzɑːɦə̲mət̪
مزدور	urd	məzəd̪uːɾ
مزور	urd	məzuːɾ
مزہ	urd	məzɑ
مزید	urd	məziːd̪
مزیدار	urd	məzeːd̪ɑːɾ
مساجد	urd	məsɑːd͡ʒəd̪
مسافر	urd	məsɑːfəɾ
مست	urd	məst̪
مستحق	urd	məst̪əɦəq
مستحکم	urd	məsət̪əɦəkəm
مستراح	urd	məst̪əɾɑːɦ
مسترد	urd	məst̪əɾəd̪
مستری	urd	məst̪əɾiː
مستعفی	urd	məsət̪əʔəfiː
مستقبل	urd	məsət̪əqəbəl
مستقر	urd	məst̪əqəɾ
مستقل	urd	məst̪əqəl
مستونگ	urd	məsət̪uːnɡ
مسجد	urd	məsəd͡ʒəd̪
مسجدوں	urd	məsd͡ʒəd̪oː̃
مسجدیں	urd	məsd͡ʒəd̪eː̃
مسقط	urd	məsəqət̪
مسلسل	urd	məsələsəl
مسلط	urd	məsə̲lət̪
مسلم	urd	məsələm
مسلمان	urd	məsələmɑːn
مسلمہ	urd	məsə̲lə̲mɑ
مسوڑا	urd	məsuːɽɑː
مسوڑو	urd	məsuːɽoː
مسوڑوں	urd	məsuːɽoː̃
مسوڑھا	urd	məsuːɽʱɑː
مسوڑھو	urd	məsuːɽʱoː
مسوڑھوں	urd	məsuːɽʱoː̃
مسوڑھے	urd	məsuːɽʱeː
مسوڑے	urd	məsuːɽeː
مسٹنڈا	urd	məsəʈənəɖɑː
مسیح	urd	məsiːɦ
مسیحا	urd	məsiːɦɑː
مسیحی	urd	məsiːɦiː
مشترکہ	urd	məʃət̪əɾəkɑ
مشدد	urd	məʃə̲d̪əd̪
مشرق	urd	məʃəɾəq
مشرک	urd	məʃəɾək
مشعل	urd	məʃəʔəl
مشغلہ	urd	məʃɣəlɑ
مشغول	urd	məʃəɣuːl
مشق	urd	məʃq
مشقت	urd	məʃə̲qət̪
مشک	urd	məʃk
مشکل	urd	məʃəkəl
مشکوک	urd	məʃəkuːk
مشین	urd	məʃiːn
مصالحہ	urd	məsɑːləɦɑ
مصر	urd	məsəɾ
مصروف	urd	məsəɾuːf
مصری	urd	məsəɾiː
مصنف	urd	məsə̲nəf
مصیبت	urd	məsiːbət̪
مضر	urd	məzəɾ
مضموم	urd	məzəmuːm
مضمون	urd	məzəmuːn
مطالعہ	urd	mət̪ɑːlə̲ʔɑ
مطعم	urd	mət̪əʔəm
مطلب	urd	mət̪ələb
مطلبی	urd	mət̪ləbiː
مظلوم	urd	məzəluːm
مع	urd	məʔ
معاش	urd	məʔɑːʃ
معاشرہ	urd	məʔɑːʃə̲ɾɑ
معاصر	urd	məʔɑːsəɾ
معاف	urd	məʔɑːf
معافی	urd	məʔɑːfiː
معافیاں	urd	məʔɑːfʊjɑː̃
معافیوں	urd	məʔɑːfʊjoː̃
معاملات	urd	məʔɑːmə̲lɑːt̪
معاملہ	urd	məʔɑːməlɑ
معبد	urd	məʔəbəd̪
معجزات	urd	məʔd͡ʒəzɑːt̪
معجزو	urd	məʔd͡ʒəzoː
معجزوں	urd	məʔd͡ʒəzoː̃
معجزے	urd	məʔd͡ʒəzeː
معجم	urd	məʔəd͡ʒəm
معجمہ	urd	məʔd͡ʒəmɑ
معذرت	urd	məʔzəɾət̪
معذرتو	urd	məʔzəɾə̲t̪oː
معذرتوں	urd	məʔzəɾə̲t̪oː̃
معذرتیں	urd	məʔzəɾə̲t̪eː̃
معرکہ	urd	məʔɾəkɑ
معصوم	urd	məʔəsuːm
معصومو	urd	məʔəsuːmoː
معصوموں	urd	məʔəsuːmoː̃
معطل	urd	məʔə̲t̪əl
معلم	urd	məʔə̲ləm
معماری	urd	məʔəmɑːɾiː
معمر	urd	məʔəməɾ
معیاروں	urd	məʔjɑːɾoː̃
معیشت	urd	məʔiːʃət̪
مغرب	urd	məɣəɾəb
مغربی	urd	məɣɾəbiː
مغل	urd	məɣəl
مغلوط	urd	məɣəluːt̪
مفت	urd	məft̪
مفتوح	urd	məfət̪uːɦ
مفتی	urd	məfət̪iː
مفسد	urd	məfəsəd̪
مقاصد	urd	məqɑːsəd̪
مقامی	urd	məqɑːmiː
مقبوض	urd	məqəbuːz
مقبوضہ	urd	məqəbuːzɑ
مقبول	urd	məqəbuːl
مقتل	urd	məqət̪əl
مقدار	urd	məqəd̪ɑːɾ
مقدسہ	urd	məqə̲d̪ə̲sɑ
مقدمہ	urd	məqə̲d̪ə̲mɑ
مقدونی	urd	məqəd̪uːniː
مقروض	urd	məqəɾuːz
مقصد	urd	məqəsəd̪
مقصود	urd	məqəsuːd̪
مقطع	urd	məqət̪əʔ
مقناطیس	urd	məqənɑːt̪iːs
مقننہ	urd	məqə̲nə̲nɑ
مقیم	urd	məqiːm
ملاحظہ	urd	məlɑːɦə̲zɑ
ملازمت	urd	məlɑːzəmət̪
ملاقات	urd	məlɑːqɑːt̪
ملامت	urd	məlɑːmət̪
ملانا	urd	məlɑːnɑː
ملبوس	urd	mələbuːs
ملتان	urd	mələt̪ɑːn
ملتانی	urd	mələt̪ɑːniː
ملزم	urd	mələzəm
ململ	urd	mələməl
ملن	urd	mələn
ملنا	urd	mələnɑː
ملنسار	urd	mələnəsɑːɾ
ملنگ	urd	mələnɡ
ملک	urd	məlk
ملکاؤ	urd	mələ̲kɑːoː
ملکاؤں	urd	mələ̲kɑːoː̃
ملکو	urd	mələkoː
ملکوں	urd	mələkoː̃
ملکہ	urd	mələkɑ
ملکی	urd	mələkiː
ملی	urd	məliː
ملیامیٹ	urd	məlʊjɑːmeːʈ
ممالک	urd	məmɑːlək
ممانی	urd	məmɑːniː
ممبئی	urd	məməbəiː
ممباسہ	urd	məməbɑːsɑ
ممتاز	urd	məmət̪ɑːz
مملکت	urd	məmləkət̪
ممنوع	urd	məmənuːʔ
ممکن	urd	məməkən
ممی	urd	məmiː
منا	urd	mənɑː
منازل	urd	mənɑːzəl
مناسب	urd	mənɑːsəb
مناسبت	urd	mənɑːsə̲bət̪
مناظر	urd	mənɑːzəɾ
مناعت	urd	mənɑːʔət̪
منانا	urd	mənɑːnɑː
منتخب	urd	mənt̪əxəb
منتر	urd	mənət̪əɾ
منتظم	urd	mənt̪əzəm
منجمد	urd	mənd͡ʒəməd̪
منحصر	urd	mənɦəsəɾ
منحوس	urd	mənəɦuːs
مند	urd	mənd̪
مندر	urd	mənəd̪əɾ
مندروں	urd	mənd̪əɾoː̃
منزل	urd	mənəzəl
منزلو	urd	mənzəloː
منزلوں	urd	mənzəloː̃
منزلیں	urd	mənzəleː̃
منسلک	urd	mənsələk
منسوخ	urd	mənəsuːx
منشور	urd	mənəʃuːɾ
منشوروں	urd	mənəʃuːɾoː̃
منشی	urd	mənə̲ʃiː
منشیات	urd	mənə̲ʃʊjɑːt̪
منصوبہ	urd	mənəsuːbɑ
منظر	urd	mənəzəɾ
منظم	urd	mənə̲zəm
منظور	urd	mənəzuːɾ
منفرد	urd	mənfəɾəd̪
منقبت	urd	mənqəbət̪
منقطع	urd	mənqət̪əʔ
منٹ	urd	mənəʈ
منڈا	urd	mənəɖɑː
منکھ	urd	mənəkʰ
منگنی	urd	mənɡniː
منگوانا	urd	mənɡʋɑːnɑː
منگیتر	urd	mənəɡeːt̪əɾ
منی	urd	məniː
مواصلات	urd	moːɑːsə̲lɑːt̪
موت	urd	muːt̪
موتر	urd	muːt̪əɾ
موتوں	urd	muːt̪oː̃
موتی	urd	moːt̪iː
موتیو	urd	moːt̪ʊjoː
موتیوں	urd	moːt̪ʊjoː̃
مور	urd	moːɾ
مورت	urd	muːɾət̪
مورتی	urd	muːɾət̪iː
مورچہ	urd	moːɾət͡ʃɑ
موسیقار	urd	muːsiːqɑːɾ
موسیقارو	urd	muːsiːqɑːɾoː
موسیقاروں	urd	muːsiːqɑːɾoː̃
موسیقی	urd	muːsiːqiː
مول	urd	moːl
مومن	urd	moːmən
مومنو	urd	moːmə̲noː
مومنوں	urd	moːmə̲noː̃
مومنہ	urd	moːmə̲nɑ
مومنین	urd	moːmə̲niːn
مونٹینیگرو	urd	moːnəʈeːniːɡəɾoː
موٹا	urd	moːʈɑː
موٹی	urd	moːʈiː
مٹانا	urd	məʈɑːnɑː
مٹاپا	urd	məʈɑːpɑː
مٹاپوں	urd	məʈɑːpoː̃
مٹاپے	urd	məʈɑːpeː
مٹر	urd	məʈəɾ
مٹنا	urd	məʈənɑː
مٹکی	urd	məʈəkiː
مٹھ	urd	məʈʰ
مٹھائی	urd	məʈʰɑːiː
مٹھاس	urd	məʈʰɑːs
مٹھی	urd	məʈʰiː
مچھ	urd	mət͡ʃʰ
مچھر	urd	mət͡ʃʰəɾ
مچھلی	urd	mət͡ʃʰəliː
مژگانی	urd	məʒəɡɑːniː
مکا	urd	məkɑː
مکاتب	urd	məkɑːt̪əb
مکالمہ	urd	məkɑːlə̲mɑ
مکان	urd	məkɑːn
مکتب	urd	məkət̪əb
مکروہ	urd	məkəɾuːɦ
مکسور	urd	məkəsuːɾ
مکمل	urd	məkə̲məl
مکنون	urd	məkənuːn
مکھ	urd	məkʰ
مکھن	urd	məkʰən
مکھنوں	urd	məkʰə̲noː̃
مکھڑا	urd	məkʰəɽɑː
مکھی	urd	məkʰiː
مکھیاں	urd	məkʰʊjɑː̃
مکھیو	urd	məkʰʊjoː
مکھیوں	urd	məkʰʊjoː̃
مکہ	urd	məkɑ
مگرمچھ	urd	məɡəɾəmət͡ʃʰ
مہا	urd	məɦɑː
مہابھارت	urd	məɦɑːbʱɑːɾət̪
مہاتما	urd	məɦɑːt̪əmɑː
مہاجر	urd	məɦɑːd͡ʒəɾ
مہاجرت	urd	məɦɑːd͡ʒə̲ɾət̪
مہاجرین	urd	məɦɑːd͡ʒə̲ɾiːn
مہاراشٹر	urd	məɦɑːɾɑːʃəʈəɾ
مہارانی	urd	məɦɑːɾɑːniː
مہارت	urd	məɦɑːɾət̪
مہان	urd	məɦɑːn
مہران	urd	məɦɾɑːn
مہربان	urd	məɦɾbɑːn
مہرہ	urd	məɦɾɑ
مہلت	urd	məɦlət̪
مہلتوں	urd	məɦlət̪oː̃
مہلتیں	urd	məɦlət̪eː̃
مہمان	urd	məɦmɑːn
مہمانی	urd	məɦmɑːniː
مہیلا	urd	məɦiːlɑː
مہینا	urd	məɦiːnɑː
مہینہ	urd	məɦiːnɑ
میانمار	urd	mʊjɑːnəmɑːɾ
میاں	urd	mʊjɑː̃
میدھا	urd	meːd̪ʱɑː
میرا	urd	meːɾɑː
میرپور	urd	miːɾəpuːɾ
میری	urd	meːɾiː
میز	urd	meːz
میزان	urd	miːzɑːn
میزبان	urd	meːzəbɑːn
میزورم	urd	miːzoːɾəm
میش	urd	meːʃ
میغ	urd	meːɣ
میل	urd	miːl
میلاد	urd	miːlɑːd̪
مینو	urd	miːnuː
مینڈک	urd	meːnəɖək
مینڈھر	urd	meːnəɖʱəɾ
مینڈھک	urd	meːnəɖʱək
مینگورہ	urd	miːnəɡoːɾɑ
میٹھا	urd	miːʈʰɑː
میکائیل	urd	miːkɑːiːl
میکسیکو	urd	meːkəsiːkoː
میگھ	urd	meːɡʱ
میں	urd	meː̃
نئی	urd	nəiː
نا	urd	nɑː
نائی	urd	nɑːiː
نائیجیریا	urd	nɑːiːd͡ʒiːɾʊjɑː
نابینا	urd	nɑːbiːnɑː
ناتن	urd	nɑːt̪ən
ناتی	urd	nɑːt̪iː
ناخدا	urd	nɑːxə̲d̪ɑː
ناخن	urd	nɑːxən
نادار	urd	nɑːd̪ɑːɾ
نادان	urd	nɑːd̪ɑːn
نادر	urd	nɑːd̪əɾ
ناراض	urd	nɑːɾɑːz
ناراضگی	urd	nɑːɾɑːzəɡiː
نارنجی	urd	nɑːɾənəd͡ʒiː
نارنگی	urd	nɑːɾənəɡiː
ناروا	urd	nɑːɾɪʋɑː
نارووال	urd	nɑːɾoːʋɑːl
ناروے	urd	nɑːɾʋeː
ناز	urd	nɑːz
نازل	urd	nɑːzəl
نازک	urd	nɑːzək
نازیبا	urd	nɑːzeːbɑː
ناستک	urd	nɑːsət̪ək
ناشتا	urd	nɑːʃət̪ɑː
ناشتوں	urd	nɑːʃət̪oː̃
ناشتے	urd	nɑːʃət̪eː
ناشر	urd	nɑːʃəɾ
ناشپاتی	urd	nɑːʃəpɑːt̪iː
ناصر	urd	nɑːsəɾ
ناصرت	urd	nɑːsə̲ɾət̪
ناصرہ	urd	nɑːsə̲ɾɑ
ناظر	urd	nɑːzəɾ
ناظم	urd	nɑːzəm
ناف	urd	nɑːf
نافرمان	urd	nɑːfəɾəmɑːn
ناقوس	urd	nɑːquːs
نال	urd	nɑːl
نالی	urd	nɑːliː
نام	urd	nɑːm
نامرد	urd	nɑːməɾd̪
نامردی	urd	nɑːməɾəd̪iː
ناممکن	urd	nɑːməməkən
نامنظور	urd	nɑːmənəzuːɾ
نامنظوری	urd	nɑːmənəzuːɾiː
نامہ	urd	nɑːmɑ
نامی	urd	nɑːmiː
نان	urd	nɑːn
نانا	urd	nɑːnɑː
نانگل	urd	nɑːnəɡəl
نانی	urd	nɑːniː
ناو	urd	nɑːʋ
ناٹک	urd	nɑːʈək
ناپاک	urd	nɑːpɑːk
ناچ	urd	nɑːt͡ʃ
ناچنا	urd	nɑːt͡ʃənɑː
ناک	urd	nɑːk
ناکارہ	urd	nɑːkɑːɾɑ
ناکام	urd	nɑːkɑːm
ناکہ	urd	nɑːkɑ
ناگ	urd	nɑːɡ
ناگرک	urd	nɑːɡəɾək
نایاب	urd	nɑːjɑːb
نباتیات	urd	nəbɑːt̪ʊjɑːt̪
نبض	urd	nəbz
نبھانا	urd	nəbʱɑːnɑː
نتیجہ	urd	nət̪iːd͡ʒɑ
نثر	urd	nəsɾ
نجار	urd	nəd͡ʒɑːɾ
نجبا	urd	nəd͡ʒə̲bɑː
نجم	urd	nəd͡ʒm
نجوم	urd	nəd͡ʒuːm
نجی	urd	nəd͡ʒiː
نجیب	urd	nəd͡ʒiːb
نخرا	urd	nəxəɾɑː
نخست	urd	nəxəst̪
نخستین	urd	nxəsət̪iːn
نخلستان	urd	nəxələsət̪ɑːn
نخچیر	urd	nəxət͡ʃiːɾ
ندرشن	urd	nəd̪əɾəʃən
ندی	urd	nəd̪iː
ندیاں	urd	nəd̪ʊjɑː̃
ندیو	urd	nəd̪ʊjoː
ندیوں	urd	nəd̪ʊjoː̃
نر	urd	nəɾ
نردوش	urd	nəɾəd̪oːʃ
نرست	urd	nəɾəst̪
نرم	urd	nəɾm
نرمان	urd	nəɾəmɑːn
نرمی	urd	nəɾəmiː
نرگس	urd	nəɾəɡəs
نزاکت	urd	nəzɑːkət̪
نزدیک	urd	nəzəd̪iːk
نزدیکی	urd	nəzəd̪iːkiː
نس	urd	nəs
نسا	urd	nəsɑː
نسخ	urd	nəsx
نسخہ	urd	nəsəxɑ
نسل	urd	nəsl
نسیم	urd	nəsiːm
نسیموں	urd	nəsiːmoː̃
نسیمیں	urd	nəsiːmeː̃
نشان	urd	nəʃɑːn
نشانی	urd	nəʃɑːniː
نشریات	urd	nəʃəɾʊjɑːt̪
نشست	urd	nəʃəst̪
نشور	urd	nəʃuːɾ
نشچت	urd	nəʃət͡ʃət̪
نصاب	urd	nəsɑːb
نصرانی	urd	nəsəɾɑːniː
نصرت	urd	nəsəɾət̪
نصیب	urd	nəsiːb
نصیبو	urd	nəsiːboː
نصیبوں	urd	nəsiːboː̃
نصیحت	urd	nəsiːɦət̪
نطرون	urd	nət̪əɾuːn
نظارہ	urd	nəzɑːɾɑ
نظام	urd	nəzɑːm
نظامت	urd	nəzɑːmət̪
نظر	urd	nəzəɾ
نظم	urd	nəzm
نظموں	urd	nəzəmoː̃
نظمیں	urd	nəzəmeː̃
نظیف	urd	nəziːf
نعتوں	urd	nəʔə̲t̪oː̃
نعتیں	urd	nəʔə̲t̪eː̃
نعمت	urd	nəʔəmət̪
نعمتو	urd	nəʔmət̪oː
نعمتوں	urd	nəʔmət̪oː̃
نعمتیں	urd	nəʔmət̪eː̃
نغمات	urd	nəɣəmɑːt̪
نغمو	urd	nəɣəmoː
نغموں	urd	nəɣəmoː̃
نغمہ	urd	nəɣəmɑ
نغمے	urd	nəɣəmeː
نفاذ	urd	nəfɑːz
نفاق	urd	nəfɑːq
نفرت	urd	nəfəɾət̪
نفرتوں	urd	nəfɾət̪oː̃
نفرتیں	urd	nəfɾət̪eː̃
نقاب	urd	nəqɑːb
نقارہ	urd	nəqɑːɾɑ
نقاش	urd	nəqɑːʃ
نقاشی	urd	nəqɑːʃiː
نقشہ	urd	nəqəʃɑ
نقصان	urd	nəqəsɑːn
نقطہ	urd	nəqət̪ɑ
نقلی	urd	nəqəliː
نلکا	urd	nələkɑː
نماز	urd	nəmɑːz
نمازوں	urd	nəmɑːzoː̃
نمازیں	urd	nəmɑːzeː̃
نمبو	urd	nəməbuː
نمستے	urd	nəməsət̪eː
نمک	urd	nəmək
نمکین	urd	nəməkiːn
نمی	urd	nəmiː
نن	urd	nən
نند	urd	nənd̪
نندو	urd	nənəd̪oː
نندوئی	urd	nənəd̪oːiː
نندوں	urd	nənəd̪oː̃
نندیں	urd	nənəd̪eː̃
ننگا	urd	nənəɡɑː
ننھا	urd	nənʱɑː
نوابشاہ	urd	nɪʋɑːbəʃɑːɦ
نوازش	urd	nɪʋɑːzəʃ
نوازشوں	urd	nɪʋɑːzə̲ʃoː̃
نوازشیں	urd	nɪʋɑːzə̲ʃeː̃
نواسو	urd	nɪʋɑːsoː
نواسوں	urd	nɪʋɑːsoː̃
نواسہ	urd	nɪʋɑːsɑ
نواسے	urd	nɪʋɑːseː
نوح	urd	nuːɦ
نور	urd	nuːɾ
نوش	urd	noːʃ
نوشکی	urd	nuːʃəkiː
نوشی	urd	noːʃiː
نوید	urd	nɪʋiːd̪
نویس	urd	nɪʋiːs
نویسندہ	urd	nɪʋiːsənəd̪ɑ
نچوڑنا	urd	nət͡ʃoːɽənɑː
نڈر	urd	nəɖəɾ
نژاد	urd	nəʒɑːd̪
نکاح	urd	nəkɑːɦ
نکاراتمک	urd	nəkɑːɾɑːt̪əmək
نکالنا	urd	nəkɑːlənɑː
نکسیر	urd	nəkəsiːɾ
نکما	urd	nəkə̲mɑː
نگاڑا	urd	nəɡɑːɽɑː
نگاہ	urd	nəɡɑːɦ
نگاہوں	urd	nəɡɑːɦoː̃
نگر	urd	nəɡəɾ
نگرانی	urd	nəɡəɾɑːniː
نہاد	urd	nəɦɑːd̪
نہضت	urd	nəɦzət̪
نہیں	urd	nəɦiː̃
نیا	urd	nʊjɑː
نیدرلینڈ	urd	neːd̪əɾəleːnɖ
نیر	urd	niːɾ
نیز	urd	niːz
نیزوں	urd	neːzoː̃
نیزہ	urd	neːzɑ
نیزے	urd	neːzeː
نیلام	urd	niːlɑːm
نیم	urd	neːm
نیند	urd	niːnd̪
نیندوں	urd	niːnəd̪oː̃
نیندیں	urd	niːnəd̪eː̃
نیوجن	urd	nʊjoːd͡ʒən
نیپال	urd	neːpɑːl
نیچا	urd	niːt͡ʃɑː
نیک	urd	neːk
نے	urd	neː
ٹالنا	urd	ʈɑːlənɑː
ٹانگ	urd	ʈɑːnɡ
ٹانگوں	urd	ʈɑːnəɡoː̃
ٹانگیں	urd	ʈɑːnəɡeː̃
ٹاپو	urd	ʈɑːpuː
ٹخنا	urd	ʈəxənɑː
ٹخنوں	urd	ʈəxənoː̃
ٹخنے	urd	ʈəxəneː
ٹرام	urd	ʈɾɑːm
ٹرو	urd	ʈəɾuː
ٹرک	urd	ʈɾək
ٹرے	urd	ʈɾeː
ٹلفورڈ	urd	ʈələfoːɾɖ
ٹماٹر	urd	ʈəmɑːʈəɾ
ٹوٹا	urd	ʈuːʈɑː
ٹوٹنا	urd	ʈuːʈənɑː
ٹوٹی	urd	ʈuːʈiː
ٹوٹیاں	urd	ʈuːʈʊjɑː̃
ٹوٹیوں	urd	ʈuːʈʊjoː̃
ٹوٹے	urd	ʈuːʈeː
ٹوپی	urd	ʈoːpiː
ٹوکری	urd	ʈoːkəɾiː
ٹٹی	urd	ʈəʈiː
ٹکا	urd	ʈəkɑː
ٹکر	urd	ʈəkəɾ
ٹکراو	urd	ʈəkəɾɑːʋ
ٹکوں	urd	ʈəkoː̃
ٹکٹ	urd	ʈəkəʈ
ٹکڑا	urd	ʈəkəɽɑː
ٹکے	urd	ʈəkeː
ٹھرکی	urd	ʈʰəɾəkiː
ٹھنڈا	urd	ʈʰənəɖɑː
ٹھوس	urd	ʈʰoːs
ٹھوڑی	urd	ʈʰoːɽiː
ٹھڈی	urd	ʈʰəɖiː
ٹھکانا	urd	ʈʰəkɑːnɑː
ٹھگ	urd	ʈʰəɡ
ٹھیس	urd	ʈʰeːs
ٹھیلا	urd	ʈʰeːlɑː
ٹھیکا	urd	ʈʰeːkɑː
ٹھیکیدار	urd	ʈʰeːkeːd̪ɑːɾ
ٹیپ	urd	ʈeːp
ٹیچر	urd	ʈiːt͡ʃəɾ
ٹیچرو	urd	ʈiːt͡ʃə̲ɾoː
ٹیچروں	urd	ʈiːt͡ʃə̲ɾoː̃
ٹیڑھا	urd	ʈeːɽʱɑː
پابند	urd	pɑːbənd̪
پاجامہ	urd	pɑːd͡ʒɑːmɑ
پاخانہ	urd	pɑːxɑːnɑ
پاد	urd	pɑːd̪
پادری	urd	pɑːd̪əɾiː
پادشاہ	urd	pɑːd̪əʃɑːɦ
پارسی	urd	pɑːɾəsiː
پاروتی	urd	pɑːɾuːt̪iː
پارچہ	urd	pɑːɾət͡ʃɑ
پاریکھ	urd	pɑːɾeːkʰ
پازیب	urd	pɑːzeːb
پاس	urd	pɑːs
پاسبان	urd	pɑːsəbɑːn
پاستا	urd	pɑːsət̪ɑː
پاسپورٹ	urd	pɑːsəpoːɾʈ
پال	urd	pɑːl
پالتو	urd	pɑːlət̪uː
پالم	urd	pɑːləm
پالنا	urd	pɑːlənɑː
پالک	urd	pɑːlək
پان	urd	pɑːn
پانا	urd	pɑːnɑː
پانہ	urd	pɑːnɑ
پانی	urd	pɑːniː
پاٹھک	urd	pɑːʈʰək
پاپ	urd	pɑːp
پاک	urd	pɑːk
پاکستان	urd	pɑːkəsət̪ɑːn
پاکستانی	urd	pɑːkəsət̪ɑːniː
پاکپتن	urd	pɑːkpət̪ən
پاگل	urd	pɑːɡəl
پاگلو	urd	pɑːɡə̲loː
پاگلوں	urd	pɑːɡə̲loː̃
پایدان	urd	pɑːjd̪ɑːn
پتا	urd	pət̪ɑː
پتری	urd	pət̪əɾiː
پتلا	urd	pət̪əlɑː
پتلون	urd	pət̪əluːn
پتنگ	urd	pət̪ənɡ
پتنی	urd	pət̪əniː
پتھ	urd	pət̪ʰ
پتھر	urd	pət̪ʰəɾ
پتھروں	urd	pət̪ʰə̲ɾoː̃
پتھک	urd	pət̪ʰək
پتہ	urd	pət̪ɑ
پتی	urd	pət̪iː
پد	urd	pəd̪
پدر	urd	pəd̪əɾ
پذیر	urd	pəziːɾ
پر	urd	pəɾ
پراتن	urd	pəɾɑːt̪ən
پرانا	urd	pəɾɑːnɑː
پرانت	urd	pɾɑːnt̪
پراٹھا	urd	pəɾɑːʈʰɑː
پراپت	urd	pɾɑːpt̪
پراچین	urd	pɾɑːt͡ʃiːn
پراکرت	urd	pɾɑːkəɾət̪
پربھات	urd	pɾəbʱɑːt̪
پربھاو	urd	pəɾəbʱɑːʋ
پرتگال	urd	pəɾt̪əɡɑːl
پرتگیا	urd	pɾət̪əɡjɑː
پردوں	urd	pəɾəd̪oː̃
پردہ	urd	pəɾəd̪ɑ
پردیسی	urd	pəɾəd̪eːsiː
پردیش	urd	pɾəd̪eːʃ
پردے	urd	pəɾəd̪eː
پرزہ	urd	pəɾəzɑ
پرستان	urd	pəɾəsət̪ɑːn
پرستش	urd	pəɾəsət̪əʃ
پرسوں	urd	pəɾəsoː̃
پرش	urd	pəɾəʃ
پرشنسا	urd	pɾəʃənəsɑː
پرشیا	urd	pəɾəʃʊjɑː
پرمکھ	urd	pɾəməkʰ
پرندو	urd	pəɾənəd̪oː
پرندوں	urd	pəɾənəd̪oː̃
پرندہ	urd	pəɾənəd̪ɑ
پرندے	urd	pəɾənəd̪eː
پرنی	urd	pəɾəniː
پروا	urd	pəɾʋɑː
پروار	urd	pəɾɪʋɑːɾ
پرواز	urd	pəɾʋɑːz
پروانو	urd	pəɾʋɑːnoː
پروانوں	urd	pəɾʋɑːnoː̃
پروانہ	urd	pəɾʋɑːnɑ
پروانے	urd	pəɾʋɑːneː
پرونا	urd	pəɾoːnɑː
پرچار	urd	pəɾət͡ʃɑːɾ
پرچم	urd	pəɾət͡ʃəm
پرچمو	urd	pəɾt͡ʃəmoː
پرچموں	urd	pəɾt͡ʃəmoː̃
پرچہ	urd	pəɾət͡ʃɑ
پرچی	urd	pəɾət͡ʃiː
پرکاش	urd	pɾəkɑːʃ
پرکاشک	urd	pəɾəkɑːʃək
پرکھ	urd	pəɾəkʰ
پرکھیات	urd	pɾəkʰjɑːt̪
پری	urd	pəɾiː
پریت	urd	pəɾeːt̪
پریتم	urd	pɾiːt̪əm
پریتمو	urd	pɾiːt̪ə̲moː
پریتموں	urd	pɾiːt̪ə̲moː̃
پریشان	urd	pəɾeːʃɑːn
پریم	urd	pəɾeːm
پریکشا	urd	pəɾiːkəʃɑː
پستان	urd	pəsət̪ɑːn
پستک	urd	pəsət̪ək
پستہ	urd	pəsət̪ɑ
پسر	urd	pəsəɾ
پسلی	urd	pəsəliː
پسلیاں	urd	pəsəlʊjɑː̃
پسلیو	urd	pəsəlʊjoː
پسلیوں	urd	pəsəlʊjoː̃
پسند	urd	pəsənd̪
پسندیدہ	urd	pəsənəd̪iːd̪ɑ
پسنی	urd	pəsəniː
پسو	urd	pəsuː
پسینہ	urd	pəsiːnɑ
پشت	urd	pəʃt̪
پشتو	urd	pəʃət̪oː
پشپ	urd	pəʃp
پشچم	urd	pəʃət͡ʃəm
پشیمان	urd	pəʃeːmɑːn
پشین	urd	pəʃiːn
پل	urd	pəl
پلانڈو	urd	pəlɑːnəɖuː
پلنگ	urd	pələnɡ
پلٹنا	urd	pələʈənɑː
پنا	urd	pənɑː
پناہ	urd	pənɑːɦ
پناہو	urd	pənɑːɦoː
پناہوں	urd	pənɑːɦoː̃
پنجاب	urd	pənəd͡ʒɑːb
پنجابی	urd	pənəd͡ʒɑːbiː
پنجہ	urd	pənəd͡ʒɑ
پندرہ	urd	pənd̪ɾɑ
پنسل	urd	pənəsəl
پنچھی	urd	pənət͡ʃʰiː
پنڈال	urd	pənəɖɑːl
پنڈت	urd	pənəɖət̪
پنکھ	urd	pənkʰ
پنکھا	urd	pənəkʰɑː
پنکھڑی	urd	pənkʰəɽiː
پنیر	urd	pəniːɾ
پوت	urd	puːt̪
پوتا	urd	poːt̪ɑː
پوتو	urd	poːt̪oː
پوتوں	urd	poːt̪oː̃
پوتھی	urd	poːt̪ʰiː
پوتی	urd	poːt̪iː
پوتے	urd	poːt̪eː
پوجا	urd	puːd͡ʒɑː
پوجنا	urd	puːd͡ʒənɑː
پوجک	urd	puːd͡ʒək
پور	urd	puːɾ
پورا	urd	puːɾɑː
پوربی	urd	puːɾəbiː
پوست	urd	poːst̪
پوشاک	urd	poːʃɑːk
پول	urd	poːl
پولس	urd	puːləs
پوپ	urd	poːp
پوچھنا	urd	puːt͡ʃʰənɑː
پٹاخا	urd	pəʈɑːxɑː
پٹل	urd	pəʈəl
پٹواری	urd	pəʈʋɑːɾiː
پٹواریو	urd	pəʈʋɑːɾʊjoː
پٹواریوں	urd	pəʈʋɑːɾʊjoː̃
پٹول	urd	pəʈoːl
پٹھان	urd	pəʈʰɑːn
پٹھانو	urd	pəʈʰɑːnoː
پٹھانوں	urd	pəʈʰɑːnoː̃
پٹی	urd	pəʈiː
پچکاری	urd	pət͡ʃəkɑːɾiː
پچھتر	urd	pət͡ʃʰə̲t̪əɾ
پچھم	urd	pət͡ʃʰəm
پچھواڑا	urd	pət͡ʃʰʋɑːɽɑː
پڑوسی	urd	pəɽoːsiː
پڑھائی	urd	pəɽʱɑːiː
پڑھنا	urd	pəɽʱənɑː
پژمردگی	urd	pəʒəməɾd̪əɡiː
پکا	urd	pəkɑː
پکار	urd	pəkɑːɾ
پکارنا	urd	pəkɑːɾənɑː
پکانا	urd	pəkɑːnɑː
پکنا	urd	pəkənɑː
پکڑنا	urd	pəkəɽənɑː
پگار	urd	pəɡɑːɾ
پھاوڑا	urd	pʰɑːʋɽɑː
پھاٹک	urd	pʰɑːʈək
پھاٹکوں	urd	pʰɑːʈə̲koː̃
پھدی	urd	pʰəd̪iː
پھرنا	urd	pʰəɾənɑː
پھل	urd	pʰəl
پھلنا	urd	pʰələnɑː
پھوار	urd	pʰɪʋɑːɾ
پھول	urd	pʰuːl
پھولو	urd	pʰuːloː
پھولوں	urd	pʰuːloː̃
پھوپھا	urd	pʰuːpʰɑː
پھوڑا	urd	pʰoːɽɑː
پھیرا	urd	pʰeːɾɑː
پہاڑ	urd	pəɦɑːɽ
پہلا	urd	pəɦlɑː
پہلی	urd	pəɦliː
پہلے	urd	pəɦleː
پہچان	urd	pəɦt͡ʃɑːn
پہچاننا	urd	pəɦt͡ʃɑːnənɑː
پیادہ	urd	pjɑːd̪ɑ
پیار	urd	pjɑːɾ
پیارا	urd	pjɑːɾɑː
پیارو	urd	pʊjɑːɾoː
پیاروں	urd	pʊjɑːɾoː̃
پیاز	urd	pjɑːz
پیاس	urd	pjɑːs
پیاسا	urd	pjɑːsɑː
پیانو	urd	pʊjɑːnoː
پیتل	urd	piːt̪əl
پیر	urd	piːɾ
پیرو	urd	piːɾuː
پیروزہ	urd	piːɾoːzɑ
پیروں	urd	piːɾoː̃
پیش	urd	peːʃ
پیشاب	urd	peːʃɑːb
پیشانی	urd	peːʃɑːniː
پیل	urd	piːl
پینا	urd	piːnɑː
پینسل	urd	peːnəsəl
پیٹ	urd	peːʈ
پیٹرول	urd	peːʈəɾoːl
پیڑ	urd	peːɽ
چا	urd	t͡ʃɑː
چابھی	urd	t͡ʃɑːbʱiː
چابی	urd	t͡ʃɑːbiː
چادر	urd	t͡ʃɑːd̪əɾ
چار	urd	t͡ʃɑːɾ
چارسدہ	urd	t͡ʃɑːɾsəd̪ɑ
چاشت	urd	t͡ʃɑːʃt̪
چاشنی	urd	t͡ʃɑːʃəniː
چاق	urd	t͡ʃɑːq
چاقو	urd	t͡ʃɑːquː
چال	urd	t͡ʃɑːl
چالان	urd	t͡ʃɑːlɑːn
چالانوں	urd	t͡ʃɑːlɑːnoː̃
چالاک	urd	t͡ʃɑːlɑːk
چالک	urd	t͡ʃɑːlək
چاند	urd	t͡ʃɑːnd̪
چاندی	urd	t͡ʃɑːnəd̪iː
چاٹ	urd	t͡ʃɑːʈ
چاٹنا	urd	t͡ʃɑːʈənɑː
چاٹگام	urd	t͡ʃɑːʈəɡɑːm
چاچو	urd	t͡ʃɑːt͡ʃuː
چاچی	urd	t͡ʃɑːt͡ʃiː
چاک	urd	t͡ʃɑːk
چاکلیٹ	urd	t͡ʃɑːkəleːʈ
چاہنا	urd	t͡ʃɑːɦnɑː
چاہے	urd	t͡ʃɑːɦeː
چای	urd	t͡ʃɑːj
چتا	urd	t͡ʃət̪ɑː
چتاؤ	urd	t͡ʃət̪ɑːoː
چتاؤں	urd	t͡ʃət̪ɑːoː̃
چتکان	urd	t͡ʃət̪əkɑːn
چراغ	urd	t͡ʃəɾɑːɣ
چراک	urd	t͡ʃəɾɑːk
چربی	urd	t͡ʃəɾəbiː
چرس	urd	t͡ʃəɾəs
چرپرا	urd	t͡ʃəɾpəɾɑː
چرچ	urd	t͡ʃəɾt͡ʃ
چست	urd	t͡ʃəst̪
چشتیاں	urd	t͡ʃəʃət̪ʊjɑː̃
چشم	urd	t͡ʃəʃm
چشموں	urd	t͡ʃəʃəmoː̃
چشمک	urd	t͡ʃəʃəmək
چشمہ	urd	t͡ʃəʃəmɑ
چشمے	urd	t͡ʃəʃəmeː
چغتائی	urd	t͡ʃəɣət̪ɑːiː
چغد	urd	t͡ʃəɣd̪
چفتی	urd	t͡ʃəfət̪iː
چق	urd	t͡ʃəq
چقماق	urd	t͡ʃəqəmɑːq
چقمق	urd	t͡ʃəqəməq
چلاس	urd	t͡ʃəlɑːs
چلان	urd	t͡ʃəlɑːn
چلانا	urd	t͡ʃəlɑːnɑː
چلم	urd	t͡ʃələm
چلمن	urd	t͡ʃələmən
چلن	urd	t͡ʃələn
چلنا	urd	t͡ʃələnɑː
چلچتر	urd	t͡ʃələt͡ʃət̪əɾə̲
چلی	urd	t͡ʃəliː
چماٹ	urd	t͡ʃəmɑːʈ
چمبیلی	urd	t͡ʃəməbeːliː
چمن	urd	t͡ʃəmən
چمو	urd	t͡ʃəmuː
چمچ	urd	t͡ʃəmət͡ʃ
چمچو	urd	t͡ʃəmət͡ʃoː
چمچوں	urd	t͡ʃəmət͡ʃoː̃
چمچہ	urd	t͡ʃəmət͡ʃɑ
چمچے	urd	t͡ʃəmət͡ʃeː
چمکار	urd	t͡ʃəməkɑːɾ
چنئی	urd	t͡ʃənəiː
چناب	urd	t͡ʃənɑːb
چنتا	urd	t͡ʃənət̪ɑː
چند	urd	t͡ʃənd̪
چندن	urd	t͡ʃənəd̪ən
چننا	urd	t͡ʃənənɑː
چنگال	urd	t͡ʃənəɡɑːl
چنیوٹ	urd	t͡ʃənʊjoːʈ
چوت	urd	t͡ʃuːt̪
چوتر	urd	t͡ʃuːt̪əɾ
چوتڑ	urd	t͡ʃuːt̪əɽ
چود	urd	t͡ʃoːd̪
چودنا	urd	t͡ʃoːd̪ənɑː
چور	urd	t͡ʃoːɾ
چورو	urd	t͡ʃoːɾoː
چوروں	urd	t͡ʃoːɾoː̃
چوری	urd	t͡ʃoːɾiː
چوسنا	urd	t͡ʃuːsənɑː
چول	urd	t͡ʃuːl
چولھا	urd	t͡ʃuːlɦɑː
چومنا	urd	t͡ʃuːmənɑː
چونا	urd	t͡ʃuːnɑː
چوٹ	urd	t͡ʃoːʈ
چوپان	urd	t͡ʃoːpɑːn
چوڑی	urd	t͡ʃuːɽiː
چوں	urd	t͡ʃuː̃
چوہا	urd	t͡ʃuːɦɑː
چٹکی	urd	t͡ʃəʈəkiː
چٹگاؤں	urd	t͡ʃəʈəɡɑːoː̃
چپ	urd	t͡ʃəp
چپاتی	urd	t͡ʃəpɑːt̪iː
چپقلش	urd	t͡ʃəpqələʃ
چپل	urd	t͡ʃəpəl
چپٹی	urd	t͡ʃəpəʈiː
چچی	urd	t͡ʃət͡ʃiː
چڑھانا	urd	t͡ʃəɽʱɑːnɑː
چڑھنا	urd	t͡ʃəɽʱənɑː
چڑیا	urd	t͡ʃəɽʊjɑː
چڑیل	urd	t͡ʃəɽeːl
چکت	urd	t͡ʃəkət̪
چکمہ	urd	t͡ʃəkəmɑ
چکنا	urd	t͡ʃəkənɑː
چکوال	urd	t͡ʃəkʋɑːl
چکھنا	urd	t͡ʃəkʰənɑː
چکی	urd	t͡ʃəkiː
چگونہ	urd	t͡ʃəɡuːnɑ
چھاؤں	urd	t͡ʃʰɑːoː̃
چھائی	urd	t͡ʃʰɑːiː
چھاتر	urd	t͡ʃʰɑːt̪əɾ
چھال	urd	t͡ʃʰɑːl
چھاپنا	urd	t͡ʃʰɑːpənɑː
چھاپہ	urd	t͡ʃʰɑːpɑ
چھایا	urd	t͡ʃʰɑːjɑː
چھت	urd	t͡ʃʰət̪
چھتری	urd	t͡ʃʰət̪əɾiː
چھتوں	urd	t͡ʃʰət̪oː̃
چھتیں	urd	t͡ʃʰət̪eː̃
چھلانگ	urd	t͡ʃʰəlɑːnɡ
چھلکا	urd	t͡ʃʰələkɑː
چھوارے	urd	t͡ʃʰɪʋɑːɾeː
چھولا	urd	t͡ʃʰoːlɑː
چھونا	urd	t͡ʃʰuːnɑː
چھوٹ	urd	t͡ʃʰuːʈ
چھوٹا	urd	t͡ʃʰoːʈɑː
چھوٹنا	urd	t͡ʃʰuːʈənɑː
چھٹا	urd	t͡ʃʰəʈɑː
چھٹپٹانا	urd	t͡ʃʰəʈpəʈɑːnɑː
چھٹی	urd	t͡ʃʰəʈiː
چھٹیاں	urd	t͡ʃʰəʈʊjɑː̃
چھٹیوں	urd	t͡ʃʰəʈʊjoː̃
چھپانا	urd	t͡ʃʰəpɑːnɑː
چھپنا	urd	t͡ʃʰəpənɑː
چھپکلی	urd	t͡ʃʰəpkəliː
چھکا	urd	t͡ʃʰəkɑː
چھکو	urd	t͡ʃʰəkoː
چھکوں	urd	t͡ʃʰəkoː̃
چھکے	urd	t͡ʃʰəkeː
چھیننا	urd	t͡ʃʰiːnənɑː
چھیڑنا	urd	t͡ʃʰeːɽənɑː
چہارم	urd	t͡ʃəɦɑːɾəm
چہرو	urd	t͡ʃəɦɾoː
چہروں	urd	t͡ʃəɦɾoː̃
چہرہ	urd	t͡ʃəɦɾɑ
چہرے	urd	t͡ʃəɦɾeː
چیخ	urd	t͡ʃiːx
چیرنا	urd	t͡ʃiːɾənɑː
چیز	urd	t͡ʃiːz
چیزو	urd	t͡ʃiːzoː
چیزوں	urd	t͡ʃiːzoː̃
چیزیں	urd	t͡ʃiːzeː̃
چیل	urd	t͡ʃiːl
چیلینجی	urd	t͡ʃiːliːnəd͡ʒiː
چین	urd	t͡ʃeːn
چینی	urd	t͡ʃiːniː
چیچنیا	urd	t͡ʃeːt͡ʃənjɑː
چیکیا	urd	t͡ʃeːkʊjɑː
ڈالنا	urd	ɖɑːlənɑː
ڈاڈو	urd	ɖɑːɖuː
ڈاک	urd	ɖɑːk
ڈاکا	urd	ɖɑːkɑː
ڈاکو	urd	ɖɑːkuː
ڈاکٹر	urd	ɖɑːkəʈəɾ
ڈاکیا	urd	ɖɑːkʊjɑː
ڈبے	urd	ɖəbeː
ڈراؤنا	urd	ɖəɾɑːoːnɑː
ڈرنا	urd	ɖəɾənɑː
ڈرپوک	urd	ɖəɾəpoːk
ڈسکہ	urd	ɖəsəkɑ
ڈمبوداس	urd	ɖəməbuːd̪ɑːs
ڈمرو	urd	ɖəməɾuː
ڈنمارک	urd	ɖənəmɑːɾk
ڈنڈا	urd	ɖənəɖɑː
ڈنکی	urd	ɖənəkiː
ڈوری	urd	ɖoːɾiː
ڈونگا	urd	ɖoːnəɡɑː
ڈچ	urd	ɖət͡ʃ
ڈکار	urd	ɖəkɑːɾ
ڈکی	urd	ɖəkiː
ڈگمگانا	urd	ɖəɡməɡɑːnɑː
ڈگی	urd	ɖəɡiː
ڈھائی	urd	ɖʱɑːiː
ڈھانچہ	urd	ɖʱɑːnət͡ʃɑ
ڈھاکہ	urd	ɖʱɑːkɑ
ڈھول	urd	ɖʱoːl
ڈھولک	urd	ɖʱoːlək
ڈھونڈنا	urd	ɖʱuːnɖnɑː
ڈھونڈھ	urd	ɖʱuːnɖʱ
ڈھکن	urd	ɖʱəkən
ڈیرہ	urd	ɖeːɾɑ
ڈیٹابیس	urd	ɖeːʈɑːbeːs
ڈیٹھ	urd	ɖiːʈʰ
ڈیڑھ	urd	ɖeːɽʱ
ژالہ	urd	ʒɑːlɑ
ژاژ	urd	ʒɑːʒ
ژوب	urd	ʒoːb
ژیان	urd	ʒʊjɑːn
ژیاں	urd	ʒʊjɑː̃
کا	urd	kɑː
کابل	urd	kɑːbəl
کابوس	urd	kɑːbuːs
کاتب	urd	kɑːt̪əb
کاتھولک	urd	kɑːt̪ʰoːlək
کاج	urd	kɑːd͡ʒ
کاجو	urd	kɑːd͡ʒuː
کارا	urd	kɑːɾɑː
کارخانہ	urd	kɑːɾəxɑːnɑ
کارروائی	urd	kɑːɾəɾɪʋɑːiː
کارزار	urd	kɑːɾəzɑːɾ
کارن	urd	kɑːɾən
کارواں	urd	kɑːɾʋɑː̃
کاروبار	urd	kɑːɾoːbɑːɾ
کاروباری	urd	kɑːɾoːbɑːɾiː
کارٹون	urd	kɑːɾəʈuːn
کارکردگی	urd	kɑːɾəkəɾd̪əɡiː
کاش	urd	kɑːʃ
کاشغر	urd	kɑːʃəɣəɾ
کاغذ	urd	kɑːɣəz
کاغذات	urd	kɑːɣəzɑːt̪
کاغذوں	urd	kɑːɣə̲zoː̃
کافی	urd	kɑːfiː
کالا	urd	kɑːlɑː
کالج	urd	kɑːləd͡ʒ
کالی	urd	kɑːliː
کالے	urd	kɑːleː
کام	urd	kɑːm
کامل	urd	kɑːməl
کامونکے	urd	kɑːmoːnəkeː
کامیاب	urd	kɑːmjɑːb
کامیابی	urd	kɑːmjɑːbiː
کان	urd	kɑːn
کانٹا	urd	kɑːnəʈɑː
کانٹوں	urd	kɑːnəʈoː̃
کاٹھیاواڑ	urd	kɑːʈʰjɑːʋɑːɽ
کاٹھیاواڑی	urd	kɑːʈʰjɑːʋɑːɽiː
کاپی	urd	kɑːpiː
کاڑھا	urd	kɑːɽʱɑː
کاہکشان	urd	kɑːɦkəʃɑːn
کب	urd	kəb
کبابیر	urd	kəbɑːbiːɾ
کباڑ	urd	kəbɑːɽ
کبج	urd	kəbd͡ʒ
کبریت	urd	kəbəɾiːt̪
کبل	urd	kəbəl
کبھو	urd	kəbʱuː
کبھی	urd	kəbʱiː
کبیر	urd	kəbiːɾ
کتا	urd	kət̪ɑː
کتاب	urd	kət̪ɑːb
کتراپی	urd	kət̪əɾɑːpiː
کتنا	urd	kət̪ənɑː
کتو	urd	kət̪oː
کتوں	urd	kət̪oː̃
کتھن	urd	kət̪ʰən
کتھک	urd	kət̪ʰək
کتی	urd	kət̪iː
کتے	urd	kət̪eː
کثرت	urd	kəsəɾət̪
کجرا	urd	kəd͡ʒəɾɑː
کدو	urd	kəd̪uː
کر	urd	kəɾ
کراٹے	urd	kəɾɑːʈeː
کراچوی	urd	kəɾɑːt͡ʃɪʋiː
کراچی	urd	kəɾɑːt͡ʃiː
کراہنا	urd	kəɾɑːɦnɑː
کرخندار	urd	kəɾəxənəd̪ɑːɾ
کردار	urd	kəɾəd̪ɑːɾ
کردارو	urd	kəɾəd̪ɑːɾoː
کرداروں	urd	kəɾəd̪ɑːɾoː̃
کردستان	urd	kəɾəd̪əsət̪ɑːn
کردن	urd	kəɾəd̪ən
کردنت	urd	kɾəd̪ənt̪
کرسی	urd	kəɾəsiː
کرشمو	urd	kəɾəʃəmoː
کرشموں	urd	kəɾəʃəmoː̃
کرشمے	urd	kəɾəʃəmeː
کرغیزستان	urd	kəɾəɣiːzəsət̪ɑːn
کرم	urd	kəɾəm
کرن	urd	kəɾən
کرنا	urd	kəɾənɑː
کرناٹک	urd	kəɾənɑːʈək
کرنو	urd	kəɾə̲noː
کرنوں	urd	kəɾə̲noː̃
کرنیں	urd	kəɾə̲neː̃
کرو	urd	kəɾoː
کروانا	urd	kəɾʋɑːnɑː
کرکٹ	urd	kəɾəkəʈ
کری	urd	kəɾiː
کریم	urd	kəɾiːm
کس	urd	kəs
کسان	urd	kəsɑːn
کسرت	urd	kəsəɾət̪
کسی	urd	kəsiː
کشتی	urd	kəʃət̪iː
کشتیاں	urd	kəʃət̪ʊjɑː̃
کشتیوں	urd	kəʃət̪ʊjoː̃
کشدھا	urd	kʃəd̪ʱɑː
کشف	urd	kəʃf
کشفو	urd	kəʃəfoː
کشفوں	urd	kəʃəfoː̃
کشما	urd	kʃəmɑː
کشمیر	urd	kəʃəmiːɾ
کشن	urd	kəʃən
کشندہ	urd	kəʃənəd̪ɑ
کشور	urd	kəʃoːɾ
کشٹ	urd	kəʃʈ
کشی	urd	kəʃiː
کشیدگی	urd	kəʃiːd̪əɡiː
کفارہ	urd	kəfɑːɾɑ
کل	urd	kəl
کلائی	urd	kəlɑːiː
کلام	urd	kəlɑːm
کلاوا	urd	kəlɑːʋɑː
کلاں	urd	kəlɑː̃
کلب	urd	kləb
کلمہ	urd	kələmɑ
کلو	urd	kəluː
کلی	urd	kəliː
کلیان	urd	kəljɑːn
کلیجا	urd	kəleːd͡ʒɑː
کلیسیا	urd	kəliːsʊjɑː
کم	urd	kəm
کمائی	urd	kəmɑːiː
کمال	urd	kəmɑːl
کمان	urd	kəmɑːn
کمانا	urd	kəmɑːnɑː
کمبخت	urd	kəməbəxt̪
کمبل	urd	kəməbəl
کمبوڈیا	urd	kəməboːɖʊjɑː
کمبھ	urd	kəmbʱ
کمتر	urd	kəmət̪əɾ
کمر	urd	kəməɾ
کمرو	urd	kəməɾoː
کمروں	urd	kəməɾoː̃
کمرہ	urd	kəməɾɑ
کمری	urd	kəməɾiː
کمرے	urd	kəməɾeː
کمزور	urd	kəməzoːɾ
کمزوری	urd	kəməzoːɾiː
کمل	urd	kəməl
کملا	urd	kəmə̲lɑː
کملائی	urd	kəmə̲lɑːiː
کمپ	urd	kəmp
کمپت	urd	kəməpət̪
کمپن	urd	kəməpən
کمھلانا	urd	kəmʱəlɑːnɑː
کمھڑا	urd	kəmʱəɽɑː
کمی	urd	kəmiː
کمیاب	urd	kəmjɑːb
کمینہ	urd	kəmiːnɑ
کمیٹی	urd	kəmeːʈiː
کنارو	urd	kənɑːɾoː
کناروں	urd	kənɑːɾoː̃
کنارہ	urd	kənɑːɾɑ
کنارے	urd	kənɑːɾeː
کنجی	urd	kənəd͡ʒiː
کندرا	urd	kənd̪əɾɑː
کندھا	urd	kənəd̪ʱɑː
کندھوں	urd	kənəd̪ʱoː̃
کندھے	urd	kənəd̪ʱeː
کنشت	urd	kənəʃt̪
کنعان	urd	kənəʔɑːn
کنٹرول	urd	kənʈɾoːl
کنڑ	urd	kənəɽ
کنکال	urd	kənəkɑːl
کنگارو	urd	kənəɡɑːɾuː
کنگال	urd	kənəɡɑːl
کنگن	urd	kənəɡən
کنگھی	urd	kənəɡʱiː
کنیا	urd	kənjɑː
کنیز	urd	kəniːz
کو	urd	koː
کوئی	urd	koːiː
کوا	urd	kɪʋɑː
کواں	urd	kɪʋɑː̃
کوتاہ	urd	koːt̪ɑːɦ
کوتھمیر	urd	koːt̪ʰəmiːɾ
کوشش	urd	koːʃəʃ
کوفی	urd	koːfiː
کولر	urd	kuːləɾ
کولمبیا	urd	koːləməbʊjɑː
کولن	urd	koːlən
کون	urd	koːn
کووں	urd	kɪʋoː̃
کوٹری	urd	koːʈəɾiː
کوٹھی	urd	koːʈʰiː
کوہ	urd	koːɦ
کوہاٹ	urd	koːɦɑːʈ
کوہلو	urd	koːɦluː
کٹرائی	urd	kəʈəɾɑːiː
کٹھل	urd	kəʈʰəl
کٹھور	urd	kəʈʰoːɾ
کٹی	urd	kəʈiː
کپ	urd	kəp
کپاس	urd	kəpɑːs
کپاسی	urd	kəpɑːsiː
کپتان	urd	kəpət̪ɑːn
کپوت	urd	kəpoːt̪
کپڑا	urd	kəpəɽɑː
کپڑوں	urd	kəpəɽoː̃
کپڑے	urd	kəpəɽeː
کچا	urd	kət͡ʃɑː
کچھ	urd	kət͡ʃʰ
کچھوا	urd	kət͡ʃʰɪʋɑː
کڑوا	urd	kəɽʋɑː
کژدم	urd	kəʒəd̪əm
ککر	urd	kəkəɾ
کھاتا	urd	kʰɑːt̪ɑː
کھاتوں	urd	kʰɑːt̪oː̃
کھاتے	urd	kʰɑːt̪eː
کھاد	urd	kʰɑːd̪
کھان	urd	kʰɑːn
کھانا	urd	kʰɑːnɑː
کھانگ	urd	kʰɑːnɡ
کھانی	urd	kʰɑːniː
کھاگ	urd	kʰɑːɡ
کھجلی	urd	kʰəd͡ʒə̲liː
کھجور	urd	kʰəd͡ʒuːɾ
کھدیوت	urd	kʰəd̪joːt̪
کھر	urd	kʰəɾ
کھرجو	urd	kʰəɾəd͡ʒuː
کھرنا	urd	kʰəɾənɑː
کھرچنا	urd	kʰəɾət͡ʃənɑː
کھسرا	urd	kʰəsəɾɑː
کھلنا	urd	kʰələnɑː
کھمبی	urd	kʰəməbiː
کھنن	urd	kʰənən
کھنڈر	urd	kʰənəɖəɾ
کھنڈرات	urd	kʰənɖəɾɑːt̪
کھنڈروں	urd	kʰənɖəɾoː̃
کھنک	urd	kʰənək
کھنکنا	urd	kʰənəkənɑː
کھوتا	urd	kʰoːt̪ɑː
کھوتو	urd	kʰoːt̪oː
کھوتوں	urd	kʰoːt̪oː̃
کھوتے	urd	kʰoːt̪eː
کھوج	urd	kʰoːd͡ʒ
کھودنا	urd	kʰoːd̪ənɑː
کھوٹا	urd	kʰoːʈɑː
کھٹا	urd	kʰəʈɑː
کھٹائی	urd	kʰəʈɑːiː
کھٹمل	urd	kʰəʈəməl
کھڈا	urd	kʰəɖɑː
کھڑا	urd	kʰəɽɑː
کھڑکی	urd	kʰəɽəkiː
کھڑی	urd	kʰəɽiː
کھڑے	urd	kʰəɽeː
کھیت	urd	kʰeːt̪
کھیتو	urd	kʰeːt̪oː
کھیتوں	urd	kʰeːt̪oː̃
کھیرا	urd	kʰiːɾɑː
کھیل	urd	kʰeːl
کھیلا	urd	kʰeːlɑː
کھیلنا	urd	kʰeːlənɑː
کہانی	urd	kəɦɑːniː
کہاں	urd	kəɦɑː̃
کہرا	urd	kəɦɾɑː
کہنا	urd	kəɦnɑː
کہنی	urd	kəɦniː
کہکشاؤں	urd	kəɦkəʃɑːoː̃
کی	urd	kiː
کیا	urd	kjɑː
کیاری	urd	kʊjɑːɾiː
کیرل	urd	keːɾəl
کیرلا	urd	keːɾə̲lɑː
کیش	urd	keːʃ
کیف	urd	kiːf
کیل	urd	kiːl
کیلا	urd	keːlɑː
کیلی	urd	keːliː
کیمیا	urd	kiːmʊjɑː
کیمیائی	urd	kiːmʊjɑːiː
کینیا	urd	kiːnʊjɑː
کیوں	urd	kjoː̃
کیچڑ	urd	kiːt͡ʃəɽ
کیڑا	urd	kiːɽɑː
کیک	urd	keːk
کیکر	urd	kiːkəɾ
کے	urd	keː
گاؤں	urd	ɡɑːoː̃
گاجر	urd	ɡɑːd͡ʒəɾ
گال	urd	ɡɑːl
گالی	urd	ɡɑːliː
گام	urd	ɡɑːm
گان	urd	ɡɑːn
گانا	urd	ɡɑːnɑː
گانجا	urd	ɡɑːnəd͡ʒɑː
گاندھی	urd	ɡɑːnəd̪ʱiː
گانو	urd	ɡɑːnoː
گانوں	urd	ɡɑːnoː̃
گانڈ	urd	ɡɑːnɖ
گانڈو	urd	ɡɑːnəɖuː
گانے	urd	ɡɑːneː
گاو	urd	ɡɑːʋ
گاڑی	urd	ɡɑːɽiː
گتا	urd	ɡət̪ɑː
گج	urd	ɡəd͡ʒ
گجرا	urd	ɡəd͡ʒəɾɑː
گجراتی	urd	ɡəd͡ʒəɾɑːt̪iː
گجروں	urd	ɡəd͡ʒəɾoː̃
گجرے	urd	ɡəd͡ʒəɾeː
گدا	urd	ɡəd̪ɑː
گدگدانا	urd	ɡəd̪ɡəd̪ɑːnɑː
گدھ	urd	ɡəd̪ʱ
گدھا	urd	ɡəd̪ʱɑː
گدھو	urd	ɡəd̪ʱoː
گدھوں	urd	ɡəd̪ʱoː̃
گدھی	urd	ɡəd̪ʱiː
گدھیاں	urd	ɡəd̪ʱʊjɑː̃
گدھیو	urd	ɡəd̪ʱʊjoː
گدھیوں	urd	ɡəd̪ʱʊjoː̃
گدھے	urd	ɡəd̪ʱeː
گذارنا	urd	ɡəzɑːɾənɑː
گذراننا	urd	ɡəzəɾɑːnənɑː
گذرنا	urd	ɡəzəɾənɑː
گرام	urd	ɡɾɑːm
گرامر	urd	ɡɾɑːməɾ
گرانا	urd	ɡəɾɑːnɑː
گرج	urd	ɡəɾəd͡ʒ
گرجا	urd	ɡəɾəd͡ʒɑː
گرجنا	urd	ɡəɾəd͡ʒənɑː
گرجوں	urd	ɡəɾəd͡ʒoː̃
گرجے	urd	ɡəɾəd͡ʒeː
گردش	urd	ɡəɾəd̪əʃ
گردن	urd	ɡəɾəd̪ən
گردنوں	urd	ɡəɾd̪ənoː̃
گردنیں	urd	ɡəɾd̪əneː̃
گردوارہ	urd	ɡəɾd̪ʋɑːɾɑ
گردوں	urd	ɡəɾəd̪oː̃
گردہ	urd	ɡəɾəd̪ɑ
گردے	urd	ɡəɾəd̪eː
گرز	urd	ɡəɾz
گرم	urd	ɡəɾm
گرما	urd	ɡəɾəmɑː
گرمکھی	urd	ɡəɾməkʰiː
گرمی	urd	ɡəɾəmiː
گرمیاں	urd	ɡəɾəmʊjɑː̃
گرمیو	urd	ɡəɾəmʊjoː
گرمیوں	urd	ɡəɾəmʊjoː̃
گرنا	urd	ɡəɾənɑː
گرنتھ	urd	ɡəɾənt̪ʰ
گرو	urd	ɡəɾuː
گروپ	urd	ɡɾuːp
گروہ	urd	ɡəɾoːɦ
گرڈ	urd	ɡəɾəɖ
گرگٹ	urd	ɡəɾəɡəʈ
گزارش	urd	ɡəzɑːɾəʃ
گزارہ	urd	ɡəzɑːɾɑ
گستاخ	urd	ɡəsət̪ɑːx
گستاخی	urd	ɡəsət̪ɑːxiː
گشت	urd	ɡəʃt̪
گشتی	urd	ɡəʃət̪iː
گشتیاں	urd	ɡəʃət̪ʊjɑː̃
گشتیو	urd	ɡəʃət̪ʊjoː
گشتیوں	urd	ɡəʃət̪ʊjoː̃
گفتار	urd	ɡəfət̪ɑːɾ
گفتگو	urd	ɡəft̪ɡuː
گلاب	urd	ɡəlɑːb
گلابی	urd	ɡəlɑːbiː
گلاس	urd	ɡlɑːs
گلال	urd	ɡəlɑːl
گلانی	urd	ɡlɑːniː
گلستان	urd	ɡələsət̪ɑːn
گلشن	urd	ɡələʃən
گلو	urd	ɡəloː
گلوں	urd	ɡəloː̃
گلگت	urd	ɡələɡət̪
گلہ	urd	ɡəlɑ
گلہری	urd	ɡələɦɾiː
گلی	urd	ɡəliː
گلیاں	urd	ɡəlʊjɑː̃
گلیل	urd	ɡəliːl
گلیم	urd	ɡəliːm
گلیو	urd	ɡəlʊjoː
گلیوں	urd	ɡəlʊjoː̃
گلے	urd	ɡəleː
گم	urd	ɡəm
گمان	urd	ɡəmɑːn
گمانا	urd	ɡəmɑːnɑː
گمبھیر	urd	ɡəməbʱiːɾ
گملا	urd	ɡəməlɑː
گمنام	urd	ɡəmənɑːm
گنا	urd	ɡənɑː
گناہ	urd	ɡənɑːɦ
گنبد	urd	ɡənəbəd̪
گنبذ	urd	ɡənəbəz
گنبھیر	urd	ɡənəbʱiːɾ
گنت	urd	ɡənət̪
گنتی	urd	ɡənət̪iː
گنجا	urd	ɡənəd͡ʒɑː
گندم	urd	ɡənəd̪əm
گندمی	urd	ɡənd̪əmiː
گندگی	urd	ɡənd̪əɡiː
گندھک	urd	ɡənəd̪ʱək
گندہ	urd	ɡənəd̪ɑ
گنگا	urd	ɡənəɡɑː
گنی	urd	ɡəniː
گنیش	urd	ɡəneːʃ
گوا	urd	ɡoːɑː
گوادر	urd	ɡʋɑːd̪əɾ
گوبھی	urd	ɡoːbʱiː
گودام	urd	ɡoːd̪ɑːm
گورا	urd	ɡoːɾɑː
گورداسپور	urd	ɡoːɾəd̪ɑːsəpuːɾ
گورستان	urd	ɡoːɾəsət̪ɑːn
گورمنٹ	urd	ɡoːɾəmənʈ
گورکن	urd	ɡoːɾəkən
گورکھا	urd	ɡoːɾəkʰɑː
گوسفند	urd	ɡoːsəfənd̪
گوشت	urd	ɡoːʃt̪
گول	urd	ɡoːl
گولا	urd	ɡoːlɑː
گولی	urd	ɡoːliː
گونج	urd	ɡuːnd͡ʒ
گونگا	urd	ɡuːnəɡɑː
گوٹھ	urd	ɡoːʈʰ
گوٹی	urd	ɡoːʈiː
گوٹیاں	urd	ɡoːʈʊjɑː̃
گوٹیو	urd	ɡoːʈʊjoː
گوٹیوں	urd	ɡoːʈʊjoː̃
گوگرد	urd	ɡoːɡəɾd̪
گٹار	urd	ɡəʈɑːɾ
گٹھری	urd	ɡəʈʰəɾiː
گپ	urd	ɡəp
گڈا	urd	ɡəɖɑː
گڑ	urd	ɡəɽ
گڑھ	urd	ɡəɽʱ
گڑیا	urd	ɡəɽʊjɑː
گگن	urd	ɡəɡən
گھاس	urd	ɡʱɑːs
گھام	urd	ɡʱɑːm
گھانا	urd	ɡʱɑːnɑː
گھاو	urd	ɡʱɑːʋ
گھاٹا	urd	ɡʱɑːʈɑː
گھبرانا	urd	ɡʱəbəɾɑːnɑː
گھر	urd	ɡʱəɾ
گھرانا	urd	ɡʱəɾɑːnɑː
گھرنا	urd	ɡʱəɾənɑː
گھروں	urd	ɡʱəɾoː̃
گھریلو	urd	ɡʱəɾeːluː
گھمنڈ	urd	ɡʱəmənɖ
گھنا	urd	ɡʱənɑː
گھناؤنا	urd	ɡʱənɑːoːnɑː
گھناؤنی	urd	ɡʱənɑːoːniː
گھناؤنے	urd	ɡʱənɑːoːneː
گھنٹا	urd	ɡʱənəʈɑː
گھنٹو	urd	ɡʱənəʈoː
گھنٹوں	urd	ɡʱənəʈoː̃
گھنٹہ	urd	ɡʱənəʈɑ
گھنٹی	urd	ɡʱənəʈiː
گھنٹے	urd	ɡʱənəʈeː
گھنی	urd	ɡʱəniː
گھنے	urd	ɡʱəneː
گھوش	urd	ɡʱoːʃ
گھونٹ	urd	ɡʱuːnʈ
گھوٹکی	urd	ɡʱoːʈəkiː
گھوڑا	urd	ɡʱoːɽɑː
گھوڑو	urd	ɡʱoːɽoː
گھوڑوں	urd	ɡʱoːɽoː̃
گھوڑی	urd	ɡʱoːɽiː
گھوڑے	urd	ɡʱoːɽeː
گھٹنا	urd	ɡʱəʈənɑː
گھڑی	urd	ɡʱəɽiː
گھڑیال	urd	ɡʱəɽʊjɑːl
گھی	urd	ɡʱiː
گہرا	urd	ɡəɦɾɑː
گہنا	urd	ɡəɦnɑː
گیا	urd	ɡʊjɑː
گیارہ	urd	ɡjɑːɾɑ
گیت	urd	ɡiːt̪
گیدڑ	urd	ɡiːd̪əɽ
گیزر	urd	ɡiːzəɾ
گیسن	urd	ɡiːsən
گیسو	urd	ɡeːsuː
گیلا	urd	ɡiːlɑː
گیند	urd	ɡeːnd̪
گیندوں	urd	ɡeːnəd̪oː̃
گیندیں	urd	ɡeːnəd̪eː̃
گینڈا	urd	ɡeːnəɖɑː
گے	urd	ɡeː
ہاتھ	urd	ɦɑːt̪ʰ
ہاتھوں	urd	ɦɑːt̪ʰoː̃
ہاتھی	urd	ɦɑːt̪ʰiː
ہار	urd	ɦɑːɾ
ہاردک	urd	ɦɑːɾəd̪ək
ہارون	urd	ɦɑːɾuːn
ہانڈی	urd	ɦɑːnəɖiː
ہانڈیاں	urd	ɦɑːnəɖʊjɑː̃
ہانڈیو	urd	ɦɑːnəɖʊjoː
ہانڈیوں	urd	ɦɑːnəɖʊjoː̃
ہانکنا	urd	ɦɑːnknɑː
ہاٹ	urd	ɦɑːʈ
ہاں	urd	ɦɑː̃
ہو	urd	ɦoː
ہوتا	urd	ɦoːt̪ɑː
ہوش	urd	ɦoːʃ
ہوشنگ	urd	ɦoːʃənɡ
ہوشوں	urd	ɦoːʃoː̃
ہوشیار	urd	ɦoːʃʊjɑːɾ
ہولی	urd	ɦoːliː
ہونا	urd	ɦoːnɑː
ہونٹ	urd	ɦoːnʈ
ہونٹو	urd	ɦoːnəʈoː
ہونٹوں	urd	ɦoːnəʈoː̃
ہونٹھ	urd	ɦoːnʈʰ
ہوٹل	urd	ɦoːʈəl
ہی	urd	ɦiː
ہیجڑا	urd	ɦiːd͡ʒəɽɑː
ہیر	urd	ɦiːɾ
ہیرا	urd	ɦiːɾɑː
ہیک	urd	ɦiːk
ہے	urd	ɦeː
ین	urd	iːn
او	urd	oː
سمدر	urd	səməd̪ɾ
پلک	urd	pələk
تیر	urd	t̪iːɾ
اوم	urd	oːm
نیپالی	urd	neːpɑːliː
گرہ	urd	ɡɾɪɦ
مورکھ	urd	muːɾkʰ
مدھر	urd	məd̪ʱəɾ
انواد	urd	ənɪʋɑːd̪
انراگ	urd	ənə̲ɾɑːɡ
پرماتما	urd	pəɾəmɑːt̪əmɑː
بنگلور	urd	bənɡəluːɾ
سندوری	urd	sənəd̪uːɾiː
سندور	urd	sənəd̪uːɾ
نیلا	urd	niːlɑː
بنگالی	urd	bənəɡɑːliː
ماتر	urd	mɑːt̪əɾə̲
اٹلی	urd	əʈəliː
کبوتر	urd	kəbuːt̪əɾ
تامر	urd	t̪ɑːmɾ
لاوا	urd	lɑːʋɑː
حلق	urd	ɦələq
کرسمس	urd	kɾəsəməs
سربیائی	urd	səɾəbʊjɑːiː
ذرا	urd	zəɾɑː
مگر	urd	məɡəɾ
دوار	urd	d̪ʋɑːɾ
دیہ	urd	d̪eːɦ
ادھرم	urd	əd̪ʱəɾm
مان	urd	mɑːn
گندھ	urd	ɡənd̪ʱ
اس	urd	əs
ان	urd	ən
تک	urd	t̪ək
سارہ	urd	sɑːɾɑ
زیادہ	urd	zjɑːd̪ɑ
دوتاواس	urd	d̪uːt̪ɑːʋɑːs
آواس	urd	ɑːʋɑːs
مادر	urd	mɑːd̪əɾ
قرآن	urd	qəɾɑːn
آنہ	urd	ɑːnɑ
بتی	urd	bət̪iː
ستری	urd	st̪ɾiː
مستشک	urd	məsət̪əʃk
من	urd	mən
سچائی	urd	sət͡ʃɑːiː
نیتگرنتھ	urd	niːt̪əɡəɾənt̪ʰ
باپ	urd	bɑːp
جئی	urd	d͡ʒəiː
انناس	urd	ənə̲nɑːs
ایشیا	urd	eːʃʊjɑː
غلامی	urd	ɣəlɑːmiː
اربی	urd	əɾəbiː
کوریائی	urd	koːɾʊjɑːiː
منگلوار	urd	mənəɡəlʋɑːɾ
شکروار	urd	ʃəkəɾɪʋɑːɾ
چھہ	urd	t͡ʃʰɪɦ
تیس	urd	t̪iːs
چالیس	urd	t͡ʃɑːliːs
پچاس	urd	pət͡ʃɑːs
ساٹھ	urd	sɑːʈʰ
ستر	urd	sət̪əɾ
اسی	urd	əsiː
نوے	urd	nɪʋeː
گیتکار	urd	ɡiːt̪əkɑːɾ
پجاری	urd	pəd͡ʒɑːɾiː
مزدوری	urd	məzəd̪uːɾiː
کلا	urd	kəlɑː
جاز	urd	d͡ʒɑːz
کشیترفل	urd	kʃeːt̪ɾəfəl
بل	urd	bəl
کیٹ	urd	kiːʈ
سریسرپ	urd	səɾiːsəɾəp
سرپ	urd	səɾp
پرتھوی	urd	pɾət̪ʰʋiː
منگل	urd	mənəɡəl
پلوٹو	urd	pluːʈoː
کوارٹز	urd	kʋɑːɾəʈəz
ٹن	urd	ʈən
لیکھن	urd	leːkʰən
چکر	urd	t͡ʃəkɾ
اچالن	urd	ət͡ʃɑːlən
ایسپیرانتو	urd	eːsəpeːɾɑːnət̪oː
پرمڈ	urd	pəɾəməɖ
دیوار	urd	d̪iːʋɑːɾ
ملیریا	urd	məleːɾʊjɑː
بدھرتا	urd	bəd̪ʱəɾət̪ɑː
پیلا	urd	piːlɑː
کیسری	urd	keːsəɾiː
سالا	urd	sɑːlɑː
سالی	urd	sɑːliː
دوربھاش	urd	d̪uːɾəbʱɑːʃ
انٹرنیٹ	urd	ənəʈəɾəneːʈ
پلیہا	urd	pliːɦɑː
ستن	urd	st̪ən
مستک	urd	məsət̪ək
کوڑھ	urd	koːɽʱ
ٹیکا	urd	ʈiːkɑː
تسونامی	urd	t̪suːnɑːmiː
جلدی	urd	d͡ʒələd̪iː
دھیرے	urd	d̪ʱiːɾeː
دیر	urd	d̪eːɾ
اتھلا	urd	ət̪ʰəlɑː
دھیما	urd	d̪ʱiːmɑː
چھوڑنا	urd	t͡ʃʰoːɽənɑː
کھوجنا	urd	kʰoːd͡ʒənɑː
پیشہ	urd	peːʃɑ
کریا	urd	kɾʊjɑː
ڈیل	urd	ɖiːl
اکٹوبر	urd	əkəʈuːbəɾ
افسوس	urd	əfəsoːs
ابھلاشا	urd	əbʱə̲lɑːʃɑː
ابھلاش	urd	əbʱə̲lɑːʃ
اماں	urd	əmɑː̃
آخر	urd	ɑːxəɾ
آنند	urd	ɑːnənd̪
آوارہ	urd	ɑːʋɑːɾɑ
ادھک	urd	əd̪ʱək
تواریخ	urd	t̪ɪʋɑːɾiːx
اتر	urd	ət̪əɾ
اتری	urd	ət̪ə̲ɾiː
گجرات	urd	ɡəd͡ʒəɾɑːt̪
اڑیسہ	urd	əɽiːsɑ
گند	urd	ɡənd̪
گلا	urd	ɡəlɑː
گربھ	urd	ɡəɾbʱ
گزر	urd	ɡəzəɾ
غصہ	urd	ɣəsɑ
گیتا	urd	ɡiːt̪ɑː
گریشم	urd	ɡɾiːʃm
گود	urd	ɡoːd̪
گھٹنی	urd	ɡʱəʈəniː
چمکنا	urd	t͡ʃəməkənɑː
چمڑا	urd	t͡ʃəməɽɑː
ماتھ	urd	mɑːt̪ʰ
متر	urd	mət̪ɾ
تنور	urd	t̪ənuːɾ
خواب	urd	xʋɑːb
ادار	urd	əd̪ɑːɾ
کھونا	urd	kʰoːnɑː
کھید	urd	kʰeːd̪
جگت	urd	d͡ʒəɡət̪
ناتھ	urd	nɑːt̪ʰ
چندا	urd	t͡ʃənəd̪ɑː
اجلائی	urd	əd͡ʒəlɑːiː
اتھاہ	urd	ət̪ʰɑːɦ
ادر	urd	əd̪əɾ
بارود	urd	bɑːɾuːd̪
چاکر	urd	t͡ʃɑːkəɾ
چتھڑا	urd	t͡ʃət̪ʰəɽɑː
کٹھن	urd	kəʈʰən
کٹھنائی	urd	kəʈʰə̲nɑːiː
کڑا	urd	kəɽɑː
کوی	urd	kɪʋiː
حل	urd	ɦəl
ایسٹونیا	urd	eːsəʈoːnʊjɑː
کار	urd	kɑːɾ
زرد	urd	zəɾd̪
بد	urd	bəd̪
کباب	urd	kəbɑːb
خاک	urd	xɑːk
توتی	urd	t̪oːt̪iː
توتا	urd	t̪oːt̪ɑː
پگوڈا	urd	pəɡoːɖɑː
کشورا	urd	kəʃoːɾɑː
کشوری	urd	kəʃoːɾiː
ذاتی	urd	zɑːt̪iː
باکرہ	urd	bɑːkə̲ɾɑ
کلیجی	urd	kəleːd͡ʒiː
اصلی	urd	əsəliː
راگ	urd	ɾɑːɡ
درہ	urd	d̪əɾɑ
اما	urd	əmɑː
دریائی	urd	d̪əɾjɑːiː
شبہہ	urd	ʃəbəɦɑ
گھرم	urd	ɡʱəɾm
ایڑی	urd	eːɽiː
ایڑ	urd	eːɽ
اوکھلی	urd	oːkʰəliː
کشری	urd	kʃəɾiː
کسک	urd	kəsək
کھوپ	urd	kʰoːp
مدرسہ	urd	məd̪ɾəsɑ
مایی	urd	mɑːjiː
مایا	urd	mɑːjɑː
لچک	urd	lət͡ʃək
مردن	urd	məɾəd̪ən
مردنیا	urd	məɾd̪ənʊjɑː
گور	urd	ɡoːɾ
نم	urd	nəm
تیج	urd	t̪iːd͡ʒ
چرم	urd	t͡ʃəɾəm
رفتہ	urd	ɾəfət̪ɑ
مال	urd	mɑːl
چاپ	urd	t͡ʃɑːp
دھنش	urd	d̪ʱənəʃ
سکم	urd	səkəm
خاقان	urd	xɑːqɑːn
کوارک	urd	kʋɑːɾk
گل	urd	ɡəl
ابچل	urd	əbə̲t͡ʃəl
گنتارا	urd	ɡənət̪ɑːɾɑː
پتر	urd	pət̪ɾ
چیک	urd	t͡ʃeːk
پدھارنا	urd	pəd̪ʱɑːɾənɑː
اطالوی	urd	ət̪ɑːlʋiː
بھلا	urd	bʱəlɑː
پردیشی	urd	pəɾəd̪eːʃiː
پدم	urd	pəd̪m
توا	urd	t̪ɪʋɑː
نردیی	urd	nəɾəd̪ʊjiː
کاندا	urd	kɑːnəd̪ɑː
نونی	urd	noːniː
بائیس	urd	bɑːiːs
پچیس	urd	pət͡ʃiːs
چھبیس	urd	t͡ʃʰəbiːs
چمبن	urd	t͡ʃəməbən
ستائیس	urd	sət̪ɑːiːs
اٹھائیس	urd	əʈʰɑːiːs
انتیس	urd	ənət̪iːs
اکتیس	urd	əkət̪iːs
بتیس	urd	bət̪iːs
چھتیس	urd	t͡ʃʰət̪iːs
اڑتیس	urd	əɽət̪iːs
انتالیس	urd	ənət̪ɑːliːs
اکتالیس	urd	əkət̪ɑːliːs
بیالیس	urd	bʊjɑːliːs
چوالیس	urd	t͡ʃɪʋɑːliːs
چھیالیس	urd	t͡ʃʰʊjɑːliːs
اڑتالیس	urd	əɽət̪ɑːliːs
انچاس	urd	ənət͡ʃɑːs
ترپن	urd	t̪əɾəpən
پچپن	urd	pət͡ʃəpən
چھپن	urd	t͡ʃʰəpən
انسٹھ	urd	ənəsəʈʰ
اکسٹھ	urd	əkəsəʈʰ
باسٹھ	urd	bɑːsəʈʰ
ترسٹھ	urd	t̪əɾəsəʈʰ
چھیاسٹھ	urd	t͡ʃʰʊjɑːsəʈʰ
سرسٹھ	urd	səɾəsəʈʰ
اڑسٹھ	urd	əɽəsəʈʰ
انیاسی	urd	ənjɑːsiː
اکیاسی	urd	əkjɑːsiː
بیاسی	urd	bʊjɑːsiː
تراسی	urd	t̪əɾɑːsiː
پچاسی	urd	pət͡ʃɑːsiː
چھیاسی	urd	t͡ʃʰʊjɑːsiː
ستاسی	urd	sət̪ɑːsiː
اٹھاسی	urd	əʈʰɑːsiː
نواسی	urd	nɪʋɑːsiː
اکیانوے	urd	əkjɑːnʋeː
بانوے	urd	bɑːnʋeː
ترانوے	urd	t̪əɾɑːnʋeː
چھیانوے	urd	t͡ʃʰʊjɑːnʋeː
ستانوے	urd	sət̪ɑːnʋeː
اٹھانوے	urd	əʈʰɑːnʋeː
ننیانوے	urd	nənjɑːnʋeː
اکاسی	urd	əkɑːsiː
اناسی	urd	ənɑːsiː
ننانوے	urd	nənɑːnʋeː
سڑسٹھ	urd	səɽəsəʈʰ
کھولنا	urd	kʰoːlənɑː
چرانا	urd	t͡ʃəɾɑːnɑː
مرغا	urd	məɾəɣɑː
دادر	urd	d̪ɑːd̪əɾ
دیرگھ	urd	d̪iːɾɡʱ
اشر	urd	əʃəɾə̲
چت	urd	t͡ʃət̪
تبتی	urd	t̪əbə̲t̪iː
جا	urd	d͡ʒɑː
دھی	urd	d̪ʱiː
شاکھا	urd	ʃɑːkʰɑː
استھ	urd	əsət̪ʰə̲
پکشی	urd	pəkəʃiː
آلوک	urd	ɑːloːk
موہ	urd	moːɦ
اکش	urd	əkʃ
کاٹنا	urd	kɑːʈənɑː
روکنا	urd	ɾoːkənɑː
ناری	urd	nɑːɾiː
جایا	urd	d͡ʒɑːjɑː
پت	urd	pət̪
دگدھ	urd	d̪əɡd̪ʱ
الپ	urd	əlp
کناڈا	urd	kənɑːɖɑː
اکشم	urd	əkəʃəm
بالا	urd	bɑːlɑː
کامسوتر	urd	kɑːməsuːt̪ɾ
سینا	urd	seːnɑː
کھمیر	urd	kʰmeːɾ
بھگ	urd	bʱəɡ
کچرا	urd	kət͡ʃəɾɑː
ستارہ	urd	sət̪ɑːɾɑ
چٹنی	urd	t͡ʃəʈəniː
مکڑا	urd	məkəɽɑː
جستا	urd	d͡ʒəsət̪ɑː
پرشن	urd	pɾəʃn
دان	urd	d̪ɑːn
کوش	urd	koːʃ
مل	urd	məl
ماس	urd	mɑːs
اسر	urd	əsəɾ
فایدہ	urd	fɑːjd̪ɑ
مرلی	urd	məɾəliː
آشرم	urd	ɑːʃəɾəm
دروان	urd	d̪əɾʋɑːn
مارخور	urd	mɑːɾəxoːɾ
شکم	urd	ʃəkəm
مالاگاسی	urd	mɑːlɑːɡɑːsiː
سوت	urd	suːt̪
شستر	urd	ʃəst̪ɾ
کشمیری	urd	kəʃəmiːɾiː
کال	urd	kɑːl
سمر	urd	səməɾ
ثمر	urd	səməɾ
آیمارا	urd	ɑːjmɑːɾɑː
صندوقچہ	urd	sənəd̪uːqət͡ʃɑ
صندوق	urd	sənəd̪uːq
لسی	urd	ləsiː
ختنہ	urd	xət̪ənɑ
تھائی	urd	t̪ʰɑːiː
جبل	urd	d͡ʒəbəl
کھلانا	urd	kʰəlɑːnɑː
مکھابھگم	urd	məkʰɑːbʱə̲ɡəm
شیشی	urd	ʃiːʃiː
شلا	urd	ʃəlɑː
لار	urd	lɑːɾ
بھاشاؤ	urd	bʱɑːʃɑːoː
گودنا	urd	ɡoːd̪ənɑː
موترمارگ	urd	muːt̪ɾəmɑːɾɡ
پروسٹیٹ	urd	pɾoːsəʈeːʈ
چبک	urd	t͡ʃəbək
ملیالم	urd	məljɑːləm
موچھ	urd	muːt͡ʃʰ
سیکھانا	urd	siːkʰɑːnɑː
ستمبھن	urd	st̪əməbʱən
جورجیا	urd	d͡ʒoːɾəd͡ʒʊjɑː
تجھ	urd	t̪əd͡ʒʱ
متھیا	urd	mət̪ʰjɑː
پہاڑی	urd	pəɦɑːɽiː
پپنی	urd	pəpəniː
ننگاپن	urd	nənəɡɑːpən
پن	urd	pən
تلی	urd	t̪əliː
سیکس	urd	seːks
انسوار	urd	ənəsʋɑːɾ
ڈلڈو	urd	ɖələɖoː
کامک	urd	kɑːmək
کامکتا	urd	kɑːməkət̪ɑː
کپال	urd	kəpɑːl
پرچھائیں	urd	pəɾət͡ʃʰɑːiː̃
ٹھیک	urd	ʈʰiːk
سم	urd	səm
چھید	urd	t͡ʃʰeːd̪
کرنے	urd	kəɾəneː
خرید	urd	xəɾiːd̪
تھیں	urd	t̪ʰiː̃
رہا	urd	ɾəɦɑː
رہے	urd	ɾəɦeː
رہی	urd	ɾəɦiː
لکھ	urd	ləkʰ
لگنا	urd	ləɡənɑː
سیاہ	urd	sjɑːɦ
ریگ	urd	ɾeːɡ
پگڑی	urd	pəɡəɽiː
بخارا	urd	bəxɑːɾɑː
نہانا	urd	nəɦɑːnɑː
اپسرگ	urd	əpəsəɾɡ
اپیوگی	urd	əpjoːɡiː
پڑنا	urd	pəɽənɑː
بدھمان	urd	bəd̪ʱə̲mɑːn
پھر	urd	pʰəɾ
ادبھت	urd	əd̪əbʱət̪
ننداسا	urd	nənəd̪ɑːsɑː
سوچناتمک	urd	suːt͡ʃənɑːt̪əmək
کامی	urd	kɑːmiː
دیشی	urd	d̪eːʃiː
راشٹر	urd	ɾɑːʃʈɾ
سکھلن	urd	skʰələn
آرمینیائی	urd	ɑːɾəmiːnʊjɑːiː
سہودر	urd	səɦoːd̪əɾ
پراتھمک	urd	pɾɑːt̪ʰəmək
بیتنا	urd	biːt̪ənɑː
باروت	urd	bɑːɾuːt̪
مولادھار	urd	muːlɑːd̪ʱɑːɾ
گدادوار	urd	ɡəd̪ɑːd̪ʋɑːɾ
سواحلی	urd	sʋɑːɦə̲liː
تربوز	urd	t̪əɾəbuːz
گریس	urd	ɡɾiːs
الجیریا	urd	ələd͡ʒiːɾʊjɑː
چیچین	urd	t͡ʃeːt͡ʃeːn
مد	urd	məd̪
کوریا	urd	koːɾʊjɑː
کرگز	urd	kəɾəɡəz
بھاجی	urd	bʱɑːd͡ʒiː
بٹاٹا	urd	bəʈɑːʈɑː
بناوٹی	urd	bənɑːʋʈiː
اوبامہ	urd	oːbɑːmɑ
خمیر	urd	xəmiːɾ
امہاری	urd	əməɦɑːɾiː
کچالو	urd	kət͡ʃɑːluː
چاچا	urd	t͡ʃɑːt͡ʃɑː
کمہار	urd	kəməɦɑːɾ
داس	urd	d̪ɑːs
بالک	urd	bɑːlək
گپت	urd	ɡəpt̪
پرجا	urd	pɾəd͡ʒɑː
رم	urd	ɾəm
کرودھ	urd	kɾoːd̪ʱ
سمسیا	urd	səməsjɑː
درشن	urd	d̪əɾəʃən
پرہار	urd	pɾəɦɑːɾ
باگھ	urd	bɑːɡʱ
سٹیشن	urd	sʈeːʃən
ٹرین	urd	ʈɾeːn
پیٹھ	urd	piːʈʰ
پھینکنا	urd	pʰeːnkənɑː
پھیکا	urd	pʰiːkɑː
خطرناک	urd	xət̪əɾənɑːk
غریبی	urd	ɣəɾiːbiː
مستی	urd	məsət̪iː
چوچک	urd	t͡ʃuːt͡ʃək
نشہ	urd	nəʃɑ
چھپا	urd	t͡ʃʰəpɑː
دبو	urd	d̪əbuː
چسنا	urd	t͡ʃəsənɑː
بالو	urd	bɑːluː
جانگھ	urd	d͡ʒɑːnɡʱ
سمبھوگ	urd	səməbʱoːɡ
نیتا	urd	neːt̪ɑː
چدانا	urd	t͡ʃəd̪ɑːnɑː
پکوڑا	urd	pəkoːɽɑː
گاڑھا	urd	ɡɑːɽʱɑː
بھاری	urd	bʱɑːɾiː
دندان	urd	d̪ənəd̪ɑːn
نمسکار	urd	nəməsəkɑːɾ
بہادر	urd	bəɦɑːd̪əɾ
انگیا	urd	ənəɡʊjɑː
کروس	urd	kɾuːs
ہاجرہ	urd	ɦɑːd͡ʒə̲ɾɑ
موسا	urd	muːsɑː
گواہی	urd	ɡɪʋɑːɦiː
انگد	urd	ənəɡəd̪
لابھ	urd	lɑːbʱ
اشا	urd	əʃɑː
بھول	urd	bʱuːl
خردبین	urd	xəɾd̪əbiːn
پرسنن	urd	pɾəsənn
اکھڑ	urd	əkʰəɽ
نیتر	urd	neːt̪ɾ
پیڑا	urd	piːɽɑː
چتر	urd	t͡ʃət̪ɾ
منپسند	urd	mənəpəsənd̪
آتپ	urd	ɑːt̪əp
ڈر	urd	ɖəɾ
ڈرانا	urd	ɖəɾɑːnɑː
توڑا	urd	t̪oːɽɑː
توڑ	urd	t̪oːɽ
ڈراونا	urd	ɖəɾɑːʋnɑː
سامنے	urd	sɑːməneː
سامھنے	urd	sɑːmɦəneː
ڈراتی	urd	ɖəɾɑːt̪iː
ڈرپنا	urd	ɖəɾəpənɑː
تسار	urd	t̪sɑːɾ
سمت	urd	səmət̪
ڈراوا	urd	ɖəɾɑːʋɑː
سدا	urd	səd̪ɑː
مکت	urd	məkt̪
پرارمبھک	urd	pɾɑːɾəməbʱək
جدائی	urd	d͡ʒəd̪ɑːiː
ذمہ	urd	zəmɑ
بدل	urd	bəd̪əl
مضبوط	urd	məzəbuːt̪
درڑھ	urd	d̪ɾəɽʱ
بلوان	urd	bəlʋɑːn
تگڑا	urd	t̪əɡəɽɑː
دھنی	urd	d̪ʱəniː
گھن	urd	ɡʱən
کور	urd	koːɾ
باجا	urd	bɑːd͡ʒɑː
کومل	urd	koːməl
دوری	urd	d̪uːɾiː
سرل	urd	səɾəl
جمانا	urd	d͡ʒəmɑːnɑː
مڑنا	urd	məɽənɑː
جھکنا	urd	d͡ʒʱəkənɑː
اٹکل	urd	əʈəkəl
چھری	urd	t͡ʃʰəɾiː
اپن	urd	əpən
رکنا	urd	ɾəkənɑː
اقرار	urd	əqəɾɑːɾ
ماننا	urd	mɑːnənɑː
تانا	urd	t̪ɑːnɑː
تاننا	urd	t̪ɑːnənɑː
اقبال	urd	əqəbɑːl
جھگڑنا	urd	d͡ʒʱəɡəɽənɑː
رگڑنا	urd	ɾəɡəɽənɑː
گننا	urd	ɡənənɑː
الفت	urd	ələfət̪
تلاش	urd	t̪əlɑːʃ
رت	urd	ɾət̪
لوٹ	urd	luːʈ
سدھ	urd	səd̪ʱ
سمائ	urd	səmɑːiː
پھٹ	urd	pʰəʈ
بکنا	urd	bəkənɑː
تقاضا	urd	t̪əqɑːzɑː
کھوپڑی	urd	kʰoːpəɽiː
لٹو	urd	ləʈuː
داداگری	urd	d̪ɑːd̪ɑːɡə̲ɾiː
پیالہ	urd	pjɑːlɑ
پیالی	urd	pjɑːliː
ٹینشن	urd	ʈeːnəʃən
جذبہ	urd	d͡ʒəzəbɑ
ٹہنی	urd	ʈəɦniː
جوڑا	urd	d͡ʒoːɽɑː
سمبندھ	urd	səməbənd̪ʱ
نروگ	urd	nəɾoːɡ
دنگا	urd	d̪ənəɡɑː
تلواری	urd	t̪əlʋɑːɾiː
اتار	urd	ət̪ɑːɾ
بالی	urd	bɑːliː
کوٹنا	urd	kuːʈənɑː
جھومنا	urd	d͡ʒʱuːmənɑː
جھوم	urd	d͡ʒʱuːm
برابر	urd	bəɾɑːbəɾ
محبوبہ	urd	məɦəbuːbɑ
محبوب	urd	məɦəbuːb
کرپیا	urd	kɾəpjɑː
راجیش	urd	ɾɑːd͡ʒeːʃ
روچک	urd	ɾoːt͡ʃək
سر	urd	səɾ
شپتھ	urd	ʃəpət̪ʰ
پرتگالی	urd	pəɾt̪əɡɑːliː
سہانا	urd	səɦɑːnɑː
بلانا	urd	bəlɑːnɑː
راستہ	urd	ɾɑːsət̪ɑ
رستہ	urd	ɾəsət̪ɑ
اپنانا	urd	əpənɑːnɑː
پیشی	urd	peːʃiː
پٹھا	urd	pəʈʰɑː
ڑھ	urd	ɽʱə̲
بنداس	urd	bənəd̪ɑːs
ڈھونا	urd	ɖʱoːnɑː
اتنا	urd	ət̪ənɑː
نشٹھا	urd	nəʃəʈʰɑː
پایہ	urd	pɑːjɑ
حکمت	urd	ɦəkəmət̪
کامنا	urd	kɑːmənɑː
ساکھ	urd	sɑːkʰ
نشانہ	urd	nəʃɑːnɑ
سدھار	urd	səd̪ʱɑːɾ
جالی	urd	d͡ʒɑːliː
اشدھ	urd	əʃəd̪ʱ
سہایتا	urd	səɦɑːjt̪ɑː
ادھر	urd	əd̪ʱəɾ
کئی	urd	kəiː
بادھا	urd	bɑːd̪ʱɑː
تھکا	urd	t̪ʰəkɑː
سددھ	urd	səd̪əd̪ʱə̲
ناسمجھ	urd	nɑːsəməd͡ʒʱ
سپھل	urd	səpʰəl
جوکھمی	urd	d͡ʒoːkʰə̲miː
دربل	urd	d̪əɾəbəl
شوک	urd	ʃoːk
اشکت	urd	əʃəkt̪
چمکیلا	urd	t͡ʃəməkiːlɑː
چمک	urd	t͡ʃəmək
تڑکا	urd	t̪əɽəkɑː
چھوچھا	urd	t͡ʃʰuːt͡ʃʰɑː
بھروسا	urd	bʱəɾoːsɑː
چبانا	urd	t͡ʃəbɑːnɑː
کاگد	urd	kɑːɡəd̪
نبھاگا	urd	nəbʱɑːɡɑː
زنا	urd	zənɑː
سمان	urd	səmɑːn
چرنا	urd	t͡ʃəɾənɑː
دوس	urd	d̪oːs
انچھید	urd	ənə̲t͡ʃʰeːd̪
ابھرام	urd	əbʱə̲ɾɑːm
ناش	urd	nɑːʃ
گھاٹ	urd	ɡʱɑːʈ
چشک	urd	t͡ʃəʃək
روٹھا	urd	ɾuːʈʰɑː
ٹھٹھا	urd	ʈʰəʈʰɑː
پرہاس	urd	pəɾə̲ɦɑːs
روکھا	urd	ɾuːkʰɑː
پرتشٹھا	urd	pɾət̪əʃəʈʰɑː
بگڑا	urd	bəɡəɽɑː
پرستاو	urd	pɾəsət̪ɑːʋ
سوادشٹ	urd	sʋɑːd̪əʃʈ
سرد	urd	səɾəd̪
آکھر	urd	ɑːkʰəɾ
گھٹیا	urd	ɡʱəʈʊjɑː
بھاڑا	urd	bʱɑːɽɑː
پاٹل	urd	pɑːʈəl
مرستھل	urd	məɾəsət̪ʰəl
شمشان	urd	ʃməʃɑːn
مرگھٹ	urd	məɾəɡʱəʈ
کاراگار	urd	kɑːɾɑːɡɑːɾ
بندیگھر	urd	bənəd̪iːɡʱəɾ
بندی	urd	bənəd̪iː
گھوس	urd	ɡʱuːs
مکھر	urd	məkʰəɾ
ساجن	urd	sɑːd͡ʒən
ٹونا	urd	ʈoːnɑː
روکڑ	urd	ɾoːkəɽ
بچارا	urd	bət͡ʃɑːɾɑː
بیچارہ	urd	beːt͡ʃɑːɾɑ
باتچیت	urd	bɑːt̪ət͡ʃiːt̪
چکور	urd	t͡ʃəkoːɾ
پریاپت	urd	pəɾjɑːpt̪
ناڑی	urd	nɑːɽiː
کاکا	urd	kɑːkɑː
مامی	urd	mɑːmiː
زیرہ	urd	ziːɾɑ
ردراکش	urd	ɾəd̪əɾɑːkʃ
پرانگار	urd	pɾɑːnəɡɑːɾ
ادجن	urd	əd̪əd͡ʒən
نیرجی	urd	niːɾəd͡ʒiː
جارک	urd	d͡ʒɑːɾək
دراگھری	urd	d̪əɾɑːɡʱəɾiː
بھرشلا	urd	bʱɾəʃəlɑː
انانتر	urd	ənɑːnt̪ɾ
الاہنا	urd	əlɑːɦnɑː
درگندھ	urd	d̪əɾəɡənd̪ʱ
انمان	urd	ənə̲mɑːn
دھیمے	urd	d̪ʱiːmeː
نکھ	urd	nəkʰ
لوک	urd	loːk
چھاتی	urd	t͡ʃʰɑːt̪iː
شور	urd	ʃoːɾ
ڈھنگ	urd	ɖʱənɡ
بھیجا	urd	bʱeːd͡ʒɑː
شرد	urd	ʃəɾəd̪
شرت	urd	ʃəɾət̪
تل	urd	t̪əl
کنک	urd	kənək
پگ	urd	pəɡ
الس	urd	ələs
اپہار	urd	əpəɦɑːɾ
تان	urd	t̪ɑːn
دروغ	urd	d̪əɾoːɣ
شنکا	urd	ʃənəkɑː
ڈاہ	urd	ɖɑːɦ
امراوتی	urd	əməɾɑːʋt̪iː
کتھا	urd	kət̪ʰɑː
بلدان	urd	bələ̲d̪ɑːn
سہی	urd	səɦiː
بہانہ	urd	bəɦɑːnɑ
مس	urd	məs
سیما	urd	siːmɑː
آمکشا	urd	ɑːməkəʃɑː
شکشا	urd	ʃəkəʃɑː
باری	urd	bɑːɾiː
چقندر	urd	t͡ʃəqənəd̪əɾ
کھرا	urd	kʰəɾɑː
آنن	urd	ɑːnən
کروڑ	urd	kəɾoːɽ
تیرتھ	urd	t̪iːɾt̪ʰ
مرچ	urd	məɾt͡ʃ
رگ	urd	ɾəɡ
آکار	urd	ɑːkɑːɾ
کرایہ	urd	kəɾɑːjɑ
چمبک	urd	t͡ʃəməbək
مدھمکھی	urd	məd̪ʱə̲mə̲kʰiː
قلت	urd	qələt̪
انترکش	urd	ənt̪əɾəkʃ
چرچا	urd	t͡ʃəɾət͡ʃɑː
کوکاکولا	urd	koːkɑːkoːlɑː
گھوشک	urd	ɡʱoːʃək
چیتا	urd	t͡ʃiːt̪ɑː
بھیڑیا	urd	bʱeːɽʊjɑː
بھڑ	urd	bʱəɽ
سکت	urd	səkət̪
پوتھا	urd	poːt̪ʰɑː
سابق	urd	sɑːbəq
دھمکانا	urd	d̪ʱəməkɑːnɑː
شیل	urd	ʃiːl
چنا	urd	t͡ʃənɑː
کلتھی	urd	kələt̪ʰiː
اڑد	urd	əɽəd̪
سپین	urd	speːn
پلیز	urd	pliːz
دوا	urd	d̪ɪʋɑː
گوداوری	urd	ɡoːd̪ɑːʋɾiː
نشٹ	urd	nəʃʈ
انگولا	urd	ənəɡoːlɑː
انگوٹ	urd	ənəɡoːʈ
پپاسا	urd	pəpɑːsɑː
مدھیاہن	urd	məd̪ʱjɑːɦn
مگدھ	urd	məɡd̪ʱ
اروڑا	urd	əɾoːɽɑː
گپتا	urd	ɡəpət̪ɑː
کلچہ	urd	kələt͡ʃɑ
بھوانی	urd	bʱɪʋɑːniː
ایسیٹون	urd	eːsiːʈoːn
مٹی	urd	məʈiː
جینس	urd	d͡ʒiːns
بڈھا	urd	bəɖʱɑː
ہوتے	urd	ɦoːt̪eː
گوگل	urd	ɡuːɡəl
اپنے	urd	əpəneː
کہا	urd	kəɦɑː
سوانا	urd	sɪʋɑːnɑː
چواوا	urd	t͡ʃɪʋɑːʋɑː
جستی	urd	d͡ʒəsət̪iː
زہریلا	urd	zəɦɾiːlɑː
اوب	urd	oːb
آتنکواد	urd	ɑːt̪ənəkɪʋɑːd̪
سوٹکیس	urd	suːʈəkeːs
ادھیاپک	urd	əd̪ʱjɑːpək
دبلا	urd	d̪əbəlɑː
بھوجل	urd	bʱuːd͡ʒəl
رکھنا	urd	ɾəkʰənɑː
پارستھتکی	urd	pɑːɾəst̪ʰət̪ə̲kiː
چھاتا	urd	t͡ʃʰɑːt̪ɑː
پلیٹ	urd	pleːʈ
کمپنی	urd	kəmpəniː
پارٹی	urd	pɑːɾəʈiː
ہونے	urd	ɦoːneː
ڈزنی	urd	ɖəzəniː
بنگلی	urd	bənɡliː
رچرا	urd	ɾət͡ʃə̲ɾɑː
چکوترا	urd	t͡ʃəkoːt̪əɾɑː
دیپاولی	urd	d̪iːpɑːʋliː
ستھرانک	urd	st̪ʰəɾɑːnk
پٹھار	urd	pəʈʰɑːɾ
دھشم	urd	d̪ʱəʃəm
بڑھئی	urd	bəɽʱəiː
چراگاہ	urd	t͡ʃəɾɑːɡɑːɦ
میرے	urd	meːɾeː
تیری	urd	t̪eːɾiː
تیرے	urd	t̪eːɾeː
دلدل	urd	d̪ələd̪əl
جھینگر	urd	d͡ʒʱiːnəɡəɾ
امریکن	urd	əməɾiːkən
چٹھی	urd	t͡ʃəʈʰiː
تنباکو	urd	t̪ənəbɑːkuː
ککرمتا	urd	kəkəɾmət̪ɑː
الی	urd	əliː
ہوتی	urd	ɦoːt̪iː
ناپنا	urd	nɑːpənɑː
لڈو	urd	ləɖuː
مکڑی	urd	məkəɽiː
دوستانہ	urd	d̪oːsət̪ɑːnɑ
لذیذ	urd	ləziːz
سیار	urd	sʊjɑːɾ
جین	urd	d͡ʒiːn
فقیرانہ	urd	fəqiːɾɑːnɑ
برفانی	urd	bəɾəfɑːniː
رگبی	urd	ɾəɡəbiː
ٹینس	urd	ʈeːnəs
پنگی	urd	pənəɡiː
گرجستان	urd	ɡəɾəd͡ʒəsət̪ɑːn
رتالو	urd	ɾət̪ɑːluː
جمیکند	urd	d͡ʒəmiːkənd̪
سردار	urd	səɾəd̪ɑːɾ
کند	urd	kənd̪
ستار	urd	sət̪ɑːɾ
مذاقیا	urd	məzɑːqʊjɑː
اپنی	urd	əpəniː
بابا	urd	bɑːbɑː
کھاڑی	urd	kʰɑːɽiː
بہری	urd	bəɦɾiː
چندر	urd	t͡ʃənd̪ɾ
جاتا	urd	d͡ʒɑːt̪ɑː
دارچینی	urd	d̪ɑːɾət͡ʃiːniː
ٹنکی	urd	ʈənəkiː
چھیلنا	urd	t͡ʃʰiːlənɑː
گذارہ	urd	ɡəzɑːɾɑ
گذر	urd	ɡəzəɾ
جہازمار	urd	d͡ʒəɦɑːzəmɑːɾ
کن	urd	kən
بچھڑہ	urd	bət͡ʃʰəɽɑ
محاورہ	urd	məɦɑːʋɾɑ
رچنا	urd	ɾət͡ʃənɑː
رسوئی	urd	ɾəsoːiː
بدلہ	urd	bəd̪əlɑ
ناٹا	urd	nɑːʈɑː
تتسم	urd	t̪ət̪əsəm
دیوان	urd	d̪iːʋɑːn
پیچھے	urd	piːt͡ʃʰeː
پیچھا	urd	piːt͡ʃʰɑː
پھوٹنا	urd	pʰuːʈənɑː
زکام	urd	zəkɑːm
بندرگاہ	urd	bənəd̪əɾəɡɑːɦ
بجانا	urd	bəd͡ʒɑːnɑː
مہایان	urd	məɦɑːjɑːn
چابک	urd	t͡ʃɑːbək
اناتولی	urd	ənɑːt̪oːliː
کشدر	urd	kʃəd̪ɾ
شودر	urd	ʃuːd̪ɾ
دلت	urd	d̪ələt̪
کوٹھری	urd	koːʈʰəɾiː
پریشانی	urd	pəɾeːʃɑːniː
بستہ	urd	bəsət̪ɑ
لیٹر	urd	liːʈəɾ
برفی	urd	bəɾəfiː
بھٹورا	urd	bʱəʈuːɾɑː
چھاچھ	urd	t͡ʃʰɑːt͡ʃʰ
سموسہ	urd	səmoːsɑ
نکلنا	urd	nəkələnɑː
پڑھانا	urd	pəɽʱɑːnɑː
فرق	urd	fəɾq
پراکرتک	urd	pɾɑːkɾət̪ək
بننا	urd	bənənɑː
زمیندار	urd	zəmiːnəd̪ɑːɾ
اڈلی	urd	əɖəliː
نیمبو	urd	niːməbuː
گھومنا	urd	ɡʱuːmənɑː
حرکت	urd	ɦəɾəkət̪
استرا	urd	əst̪əɾɑː
ڈلوانا	urd	ɖəlʋɑːnɑː
آنے	urd	ɑːneː
خبردار	urd	xəbəɾəd̪ɑːɾ
کلف	urd	kələf
چالاکی	urd	t͡ʃɑːlɑːkiː
گھسنا	urd	ɡʱəsənɑː
گوری	urd	ɡoːɾiː
زبردست	urd	zəbəɾəd̪əst̪
نیلگای	urd	niːləɡɑːj
نیل	urd	niːl
کدھر	urd	kəd̪ʱəɾ
لیچی	urd	liːt͡ʃiː
کونا	urd	koːnɑː
نکڑ	urd	nəkəɽ
ہارنا	urd	ɦɑːɾənɑː
کریلا	urd	kəɾeːlɑː
جھولنا	urd	d͡ʒʱuːlənɑː
مینا	urd	miːnɑː
پیرس	urd	peːɾəs
گریگوری	urd	ɡɾeːɡoːɾiː
ڈھیلا	urd	ɖʱiːlɑː
برابری	urd	bəɾɑːbəɾiː
کتى	urd	kət̪ə
ہامی	urd	ɦɑːmiː
کوٹھا	urd	koːʈʰɑː
مولبھوت	urd	muːləbʱuːt̪
موڑنا	urd	moːɽənɑː
ٹولی	urd	ʈoːliː
ارضی	urd	əɾəziː
لائی	urd	lɑːiː
سمجھانا	urd	səməd͡ʒʱɑːnɑː
گپھا	urd	ɡəpʰɑː
دیدی	urd	d̪iːd̪iː
کھیر	urd	kʰiːɾ
گڈھا	urd	ɡəɖʱɑː
ال	urd	ələ̲
پھسلنا	urd	pʰəsələnɑː
دوہرانا	urd	d̪oːɦɾɑːnɑː
اٹکنا	urd	əʈəkənɑː
انگارا	urd	ənəɡɑːɾɑː
پاپا	urd	pɑːpɑː
بھیڑا	urd	bʱeːɽɑː
بلوچی	urd	bəluːt͡ʃiː
انادر	urd	ənɑːd̪əɾ
انگ	urd	ənɡ
تھانہ	urd	t̪ʰɑːnɑ
جیجا	urd	d͡ʒiːd͡ʒɑː
کیجریوال	urd	keːd͡ʒəɾiːʋɑːl
چمکدار	urd	t͡ʃəməkəd̪ɑːɾ
ڈبل	urd	ɖəbəl
جاسوس	urd	d͡ʒɑːsuːs
ٹوپ	urd	ʈoːp
مروڑنا	urd	məɾoːɽənɑː
کسنا	urd	kəsənɑː
شک	urd	ʃək
شکل	urd	ʃəkl
نواب	urd	nɪʋɑːb
مینار	urd	miːnɑːɾ
اندازہ	urd	ənəd̪ɑːzɑ
دھوبی	urd	d̪ʱoːbiː
ٹپکنا	urd	ʈəpəkənɑː
ٹب	urd	ʈəb
رکشہ	urd	ɾəkəʃɑ
راجپوت	urd	ɾɑːd͡ʒəpuːt̪
کٹار	urd	kəʈɑːɾ
ترسنا	urd	t̪əɾəsənɑː
پیشوا	urd	peːʃʋɑː
تندوری	urd	t̪ənəd̪uːɾiː
بدنام	urd	bəd̪ənɑːm
بدنامی	urd	bəd̪ənɑːmiː
بدتمیز	urd	bəd̪ət̪əmiːz
پچھلا	urd	pət͡ʃʰəlɑː
دراز	urd	d̪əɾɑːz
پزا	urd	pəzɑː
جدھر	urd	d͡ʒəd̪ʱəɾ
ڈھیر	urd	ɖʱeːɾ
کاغذی	urd	kɑːɣəziː
جافنا	urd	d͡ʒɑːfənɑː
لنکا	urd	lənəkɑː
روزگار	urd	ɾoːzəɡɑːɾ
رجت	urd	ɾəd͡ʒət̪
اپبھوگ	urd	əpəbʱoːɡ
ڈوبنا	urd	ɖuːbənɑː
بھیتر	urd	bʱiːt̪əɾ
سفیدی	urd	səfeːd̪iː
راجشاہی	urd	ɾɑːd͡ʒəʃɑːɦiː
کافر	urd	kɑːfəɾ
بھٹھی	urd	bʱəʈʰiː
بگلا	urd	bəɡəlɑː
چھوری	urd	t͡ʃʰoːɾiː
کرتہ	urd	kəɾət̪ɑ
جما	urd	d͡ʒəmɑː
بھیگا	urd	bʱiːɡɑː
پیچیدہ	urd	peːt͡ʃiːd̪ɑ
کرانا	urd	kəɾɑːnɑː
دھڑکنا	urd	d̪ʱəɽəkənɑː
کٹوری	urd	kəʈoːɾiː
اساماجک	urd	əsɑːmɑːd͡ʒək
نکٹ	urd	nəkəʈ
نیکی	urd	neːkiː
پرستت	urd	pɾəsət̪ət̪
مقبرہ	urd	məqəbəɾɑ
گوہ	urd	ɡoːɦ
ٹیلا	urd	ʈiːlɑː
ساہی	urd	sɑːɦiː
مہل	urd	məɦl
تر	urd	t̪əɾ
اکارتھ	urd	əkɑːɾət̪ʰ
رمی	urd	ɾəmiː
نقل	urd	nəqəl
شاباشی	urd	ʃɑːbɑːʃiː
اجگری	urd	əd͡ʒəɡəɾiː
ابد	urd	əbd̪
پشچمی	urd	pəʃt͡ʃəmiː
چمڑی	urd	t͡ʃəməɽiː
انتڑی	urd	ənt̪əɽiː
تبارہ	urd	t̪əbɑːɾɑ
کایا	urd	kɑːjɑː
آموات	urd	ɑːmʋɑːt̪
تنگی	urd	t̪ənəɡiː
دھاگا	urd	d̪ʱɑːɡɑː
لگاتار	urd	ləɡɑːt̪ɑːɾ
پورب	urd	puːɾəb
پرکاشن	urd	pɾəkɑːʃən
کرپا	urd	kɾəpɑː
شانت	urd	ʃɑːnt̪
گرفتار	urd	ɡəɾəfət̪ɑːɾ
چھی	urd	t͡ʃʰiː
مالی	urd	mɑːliː
کنشٹھا	urd	kənəʃəʈʰɑː
ترنت	urd	t̪əɾənt̪
تکنیک	urd	t̪əkəniːk
سمبندھی	urd	səməbənəd̪ʱiː
ناتا	urd	nɑːt̪ɑː
صندل	urd	sənəd̪əl
شنکھ	urd	ʃənkʰ
لاؤس	urd	lɑːoːs
ابے	urd	əbeː
سیریا	urd	siːɾʊjɑː
پریمی	urd	pɾeːmiː
زردہ	urd	zəɾəd̪ɑ
پاپڑ	urd	pɑːpəɽ
شاندار	urd	ʃɑːnəd̪ɑːɾ
سڑنا	urd	səɽənɑː
چڑوا	urd	t͡ʃəɽʋɑː
مراٹھا	urd	məɾɑːʈʰɑː
کلش	urd	kələʃ
شیلا	urd	ʃiːlɑː
پٹیل	urd	pəʈeːl
اپنام	urd	əpənɑːm
پسیجنا	urd	pəsiːd͡ʒənɑː
پٹنا	urd	pəʈənɑː
پٹنہ	urd	pəʈənɑ
چھینی	urd	t͡ʃʰeːniː
دانہ	urd	d̪ɑːnɑ
بان	urd	bɑːn
بیت	urd	beːt̪
آگرا	urd	ɑːɡəɾɑː
سیٹی	urd	siːʈiː
سوجی	urd	suːd͡ʒiː
سیہی	urd	seːɦiː
اندھیر	urd	ənəd̪ʱeːɾ
گڑبڑ	urd	ɡəɽəbəɽ
مسکان	urd	məsəkɑːn
دوجا	urd	d̪uːd͡ʒɑː
اپج	urd	əpəd͡ʒ
میرٹھ	urd	meːɾəʈʰ
سورت	urd	suːɾət̪
تپائی	urd	t̪əpɑːiː
بھارا	urd	bʱɑːɾɑː
جسمانی	urd	d͡ʒəsəmɑːniː
سارس	urd	sɑːɾəs
بھیلپوری	urd	bʱeːləpuːɾiː
پوری	urd	puːɾiː
حضرت	urd	ɦəzəɾət̪
ادھجل	urd	əd̪ʱəd͡ʒəl
چڈی	urd	t͡ʃəɖiː
جڑنا	urd	d͡ʒəɽənɑː
توپچی	urd	t̪oːpət͡ʃiː
راکھی	urd	ɾɑːkʰiː
شوا	urd	ʃʋɑː
گھاٹی	urd	ɡʱɑːʈiː
ایشیائی	urd	eːʃʊjɑːiː
تھالی	urd	t̪ʰɑːliː
باہری	urd	bɑːɦɾiː
رضائی	urd	ɾəzɑːiː
کوفتہ	urd	koːfət̪ɑ
البم	urd	ələbəm
حد	urd	ɦəd̪
راجما	urd	ɾɑːd͡ʒəmɑː
سمدری	urd	səməd̪əɾiː
دشا	urd	d̪əʃɑː
موزہ	urd	moːzɑ
ٹھگی	urd	ʈʰəɡiː
پھٹنا	urd	pʰəʈənɑː
تنہا	urd	t̪ənəɦɑː
مطابق	urd	mət̪ɑːbəq
سرجن	urd	sɾəd͡ʒən
جلن	urd	d͡ʒələn
پکچر	urd	pəkət͡ʃəɾ
فلمی	urd	fələmiː
پارس	urd	pɑːɾəs
بھگتنا	urd	bʱəɡət̪ənɑː
لاٹ	urd	lɑːʈ
لاٹھ	urd	lɑːʈʰ
بھٹا	urd	bʱəʈɑː
بکھرنا	urd	bəkʰəɾənɑː
چمار	urd	t͡ʃəmɑːɾ
کھچڑی	urd	kʰət͡ʃəɽiː
ڈبہ	urd	ɖəbɑ
ملائی	urd	məlɑːiː
پادنا	urd	pɑːd̪ənɑː
نکل	urd	nəkəl
ساگ	urd	sɑːɡ
شتپاد	urd	ʃət̪əpɑːd̪
چالیسپد	urd	t͡ʃɑːliːsəpəd̪
بھنا	urd	bʱənɑː
منیم	urd	məniːm
کابلی	urd	kɑːbə̲liː
میتھی	urd	meːt̪ʰiː
صوفہ	urd	soːfɑ
بھوپال	urd	bʱoːpɑːl
نکھارنا	urd	nəkʰɑːɾənɑː
تھاپنا	urd	t̪ʰɑːpənɑː
بجٹ	urd	bəd͡ʒəʈ
رسم	urd	ɾəsm
شیتل	urd	ʃiːt̪əl
داڑھ	urd	d̪ɑːɽʱ
ستی	urd	sət̪iː
پربھا	urd	pɾəbʱɑː
پوچھتاچھ	urd	puːt͡ʃʰət̪ɑːt͡ʃʰ
اڈہ	urd	əɖɑ
چدکڑ	urd	t͡ʃəd̪ə̲kəɽ
پکھیرو	urd	pəkʰeːɾuː
چلمچی	urd	t͡ʃələmət͡ʃiː
جمائی	urd	d͡ʒəmɑːiː
چپی	urd	t͡ʃəpiː
بھکھاری	urd	bʱəkʰɑːɾiː
تلک	urd	t̪ələk
کھاٹ	urd	kʰɑːʈ
مکر	urd	məkəɾ
گمن	urd	ɡəmən
نیبو	urd	niːbuː
جیوی	urd	d͡ʒiːʋiː
ٹھاکر	urd	ʈʰɑːkəɾ
بٹیا	urd	bəʈʊjɑː
بھرت	urd	bʱəɾət̪
تائی	urd	t̪ɑːiː
پھوپھی	urd	pʰuːpʰiː
روبوٹ	urd	ɾoːboːʈ
سیاہی	urd	sjɑːɦiː
ڈال	urd	ɖɑːl
سنگٹھن	urd	sənɡəʈʰən
گگری	urd	ɡəɡəɾiː
شامن	urd	ʃɑːmən
سوچ	urd	soːt͡ʃ
باسمتی	urd	bɑːsəmət̪iː
کورٹ	urd	koːɾʈ
سائی	urd	sɑːiː
ٹھلا	urd	ʈʰəlɑː
نریندر	urd	nəɾeːnd̪ɾ
ریل	urd	ɾeːl
بکسا	urd	bəkəsɑː
جاگرت	urd	d͡ʒɑːɡəɾət̪
حرم	urd	ɦəɾəm
بولچال	urd	boːlət͡ʃɑːl
جھاڑ	urd	d͡ʒʱɑːɽ
بکوانا	urd	bəkʋɑːnɑː
الاسکا	urd	əlɑːsəkɑː
پورٹ	urd	poːɾʈ
کاٹھ	urd	kɑːʈʰ
دروہ	urd	d̪ɾoːɦ
کھارا	urd	kʰɑːɾɑː
اپیل	urd	əpiːl
میانما	urd	mjɑːnəmɑː
روک	urd	ɾoːk
ٹوسٹ	urd	ʈoːsʈ
گری	urd	ɡəɾiː
راجمحل	urd	ɾɑːd͡ʒəməɦəl
حاضر	urd	ɦɑːzəɾ
مالدیو	urd	mɑːləd̪iːʋ
سجاتا	urd	səd͡ʒɑːt̪ɑː
پھیرنا	urd	pʰeːɾənɑː
نکوبار	urd	nəkoːbɑːɾ
تیزاب	urd	t̪eːzɑːb
کشمش	urd	kəʃəməʃ
شملہ	urd	ʃəməlɑ
الوک	urd	əluːk
کرگھا	urd	kəɾəɡʱɑː
ڈراما	urd	ɖɾɑːmɑː
بکچود	urd	bəkət͡ʃoːd̪
بکچودی	urd	bəkət͡ʃoːd̪iː
بھسڑ	urd	bʱəsəɽ
چوتیا	urd	t͡ʃuːt̪ʊjɑː
چوتیاگری	urd	t͡ʃuːt̪ʊjɑːɡə̲ɾiː
کوس	urd	koːs
آبکار	urd	ɑːbəkɑːɾ
رسالدار	urd	ɾəsɑːləd̪ɑːɾ
چمیلی	urd	t͡ʃəmeːliː
پاپڑی	urd	pɑːpəɽiː
موساد	urd	moːsɑːd̪
پالن	urd	pɑːlən
گھوسلا	urd	ɡʱoːsəlɑː
نیڑ	urd	niːɽ
نیڑج	urd	niːɽəd͡ʒ
کلاس	urd	klɑːs
شلاجیت	urd	ʃəlɑːd͡ʒiːt̪
نثار	urd	nəsɑːɾ
تربوزہ	urd	t̪əɾəbuːzɑ
سینکنا	urd	seːnkənɑː
کرنل	urd	kəɾənəl
پھوڑنا	urd	pʰoːɽənɑː
بھیگنا	urd	bʱiːɡənɑː
زندگانی	urd	zənd̪əɡɑːniː
منسوب	urd	mənəsuːb
صوفی	urd	suːfiː
چمپا	urd	t͡ʃəməpɑː
کھلبلی	urd	kʰələbəliː
سیول	urd	sʊjoːl
سام	urd	sɑːm
اوٹھ	urd	oːʈʰ
اکھروٹی	urd	əkʰəɾoːʈiː
اگزام	urd	əɡəzɑːm
بھجنگ	urd	bʱəd͡ʒənɡ
لون	urd	loːn
پرکھنا	urd	pəɾəkʰənɑː
ڈی	urd	ɖiː
امرکوش	urd	əməɾəkoːʃ
رتناولی	urd	ɾət̪ənɑːʋliː
جھلک	urd	d͡ʒʱələk
جھڑنا	urd	d͡ʒʱəɽənɑː
گیم	urd	ɡeːm
کڑکڑانا	urd	kəɽəkəɽɑːnɑː
رنگین	urd	ɾənəɡiːn
نپٹنا	urd	nəpəʈənɑː
مجنوں	urd	məd͡ʒənuː̃
ٹوکیو	urd	ʈoːkjoː
نجد	urd	nəd͡ʒd̪
امبر	urd	əməbəɾ
انبر	urd	ənəbəɾ
کوشکا	urd	koːʃə̲kɑː
زہریلی	urd	zəɦɾiːliː
گولگپا	urd	ɡoːlɡəpɑː
سامبر	urd	sɑːməbəɾ
باوجود	urd	bɑːʋd͡ʒuːd̪
موس	urd	muːs
ہیرو	urd	ɦiːɾoː
لٹکانا	urd	ləʈəkɑːnɑː
پکڑ	urd	pəkəɽ
ستا	urd	sət̪ɑː
مولی	urd	muːliː
آیوجن	urd	ɑːjoːd͡ʒən
آپس	urd	ɑːpəs
چھماہی	urd	t͡ʃʰəmɑːɦiː
دلال	urd	d̪əlɑːl
باک	urd	bɑːk
کرکلا	urd	kəɾkəlɑː
جیتنا	urd	d͡ʒiːt̪ənɑː
بخشش	urd	bəxəʃəʃ
ایکڑ	urd	eːkəɽ
اچکن	urd	ət͡ʃəkən
گاڑا	urd	ɡɑːɽɑː
اذان	urd	əzɑːn
پائی	urd	pɑːiː
بڑھیلا	urd	bəɽʱeːlɑː
چکانا	urd	t͡ʃəkɑːnɑː
چاو	urd	t͡ʃɑːʋ
چاہ	urd	t͡ʃɑːɦ
ہینگ	urd	ɦiːnɡ
جونک	urd	d͡ʒoːnk
بجھانا	urd	bəd͡ʒʱɑːnɑː
پیپسی	urd	peːpəsiː
شیرنی	urd	ʃeːɾəniː
رن	urd	ɾən
نوچنا	urd	noːt͡ʃənɑː
سچمچ	urd	sət͡ʃəmət͡ʃ
صدمہ	urd	səd̪əmɑ
ترنگا	urd	t̪əɾənəɡɑː
روڈ	urd	ɾoːɖ
مچانا	urd	mət͡ʃɑːnɑː
جوجے	urd	d͡ʒoːd͡ʒeː
پات	urd	pɑːt̪
رے	urd	ɾeː
نیلم	urd	niːləm
نجات	urd	nəd͡ʒɑːt̪
بازیچہ	urd	bɑːziːt͡ʃɑ
نمبر	urd	nəməbəɾ
لا	urd	lɑː
سوا	urd	sɪʋɑː
مستانہ	urd	məsət̪ɑːnɑ
اناڑی	urd	ənɑːɽiː
افیم	urd	əfiːm
کوسنا	urd	koːsənɑː
بھولا	urd	bʱoːlɑː
اگلنا	urd	əɡələnɑː
کاکی	urd	kɑːkiː
کیسر	urd	keːsəɾ
مقام	urd	məqɑːm
کہلانا	urd	kəɦlɑːnɑː
پلستر	urd	pələsət̪əɾ
کلومیٹر	urd	kəloːmiːʈəɾ
اپکار	urd	əpəkɑːɾ
جیجی	urd	d͡ʒiːd͡ʒiː
ککش	urd	kəkʃ
تجوری	urd	t̪əd͡ʒoːɾiː
جتنا	urd	d͡ʒət̪ənɑː
پھونک	urd	pʰuːnk
لپھڑا	urd	ləpʰəɽɑː
تھپڑ	urd	t̪ʰəpəɽ
سرمہ	urd	səɾəmɑ
تمے	urd	t̪əmeː
کپور	urd	kəpuːɾ
رٹنا	urd	ɾəʈənɑː
بابر	urd	bɑːbəɾ
پالکی	urd	pɑːləkiː
پگلا	urd	pəɡəlɑː
تغلق	urd	t̪əɣələq
ماچس	urd	mɑːt͡ʃəs
پار	urd	pɑːɾ
اجمیر	urd	əd͡ʒəmeːɾ
مارکیٹ	urd	mɑːɾəkeːʈ
ہونہار	urd	ɦoːnəɦɑːɾ
گردی	urd	ɡəɾəd̪iː
روانی	urd	ɾɪʋɑːniː
بن	urd	bən
پوتنا	urd	poːt̪ənɑː
جھینگا	urd	d͡ʒʱiːnəɡɑː
بٹیر	urd	bəʈeːɾ
شیرش	urd	ʃiːɾʃ
کھٹکھٹانا	urd	kʰəʈəkʰəʈɑːnɑː
کھٹ	urd	kʰəʈ
کداپي	urd	kəd̪ɑːpə
تباہی	urd	t̪əbɑːɦiː
ماجوپھل	urd	mɑːd͡ʒuːpʰəl
بک	urd	bək
نوٹ	urd	noːʈ
پرواہ	urd	pəɾʋɑːɦ
دھلنا	urd	d̪ʱələnɑː
تیلی	urd	t̪iːliː
مات	urd	mɑːt̪
پپیتا	urd	pəpiːt̪ɑː
کوچی	urd	koːt͡ʃiː
گواہاٹی	urd	ɡɪʋɑːɦɑːʈiː
جاڑا	urd	d͡ʒɑːɽɑː
سہنا	urd	səɦnɑː
برداشت	urd	bəɾəd̪ɑːʃt̪
کودنا	urd	kuːd̪ənɑː
کھسکنا	urd	kʰəsəkənɑː
آک	urd	ɑːk
تھوپنا	urd	t̪ʰoːpənɑː
دھان	urd	d̪ʱɑːn
پھولنا	urd	pʰuːlənɑː
بلبلا	urd	bəlbəlɑː
نادرشاہی	urd	nɑːd̪əɾəʃɑːɦiː
خریداری	urd	xəɾiːd̪ɑːɾiː
خریدار	urd	xəɾiːd̪ɑːɾ
مجبوری	urd	məd͡ʒəbuːɾiː
سنہرا	urd	sənəɦɾɑː
الجھنا	urd	ələd͡ʒʱənɑː
چما	urd	t͡ʃəmɑː
بوجھل	urd	boːd͡ʒʱəl
پھڑپھڑانا	urd	pʰəɽəpʰəɽɑːnɑː
لاڑ	urd	lɑːɽ
میم	urd	meːm
ادھڑنا	urd	əd̪ʱəɽənɑː
اچکنا	urd	ət͡ʃəkənɑː
اچکا	urd	ət͡ʃə̲kɑː
تالاب	urd	t̪ɑːlɑːb
پوپلا	urd	poːpəlɑː
پیلیا	urd	piːlʊjɑː
پشاچ	urd	pəʃɑːt͡ʃ
پیچ	urd	peːt͡ʃ
لادنا	urd	lɑːd̪ənɑː
نکاس	urd	nəkɑːs
آروپ	urd	ɑːɾoːp
درج	urd	d̪əɾd͡ʒ
چٹائی	urd	t͡ʃəʈɑːiː
میٹرو	urd	meːʈəɾoː
میلہ	urd	meːlɑ
چپکنا	urd	t͡ʃəpəkənɑː
کھدیڑنا	urd	kʰəd̪eːɽənɑː
سمدھی	urd	səməd̪ʱiː
چھیدنا	urd	t͡ʃʰeːd̪ənɑː
تلہٹی	urd	t̪ələɦʈiː
چوٹی	urd	t͡ʃoːʈiː
استھما	urd	əst̪ʰəmɑː
رسبھری	urd	ɾəsəbʱəɾiː
لپیٹنا	urd	ləpeːʈənɑː
دھرنا	urd	d̪ʱəɾənɑː
ڈھکنا	urd	ɖʱəkənɑː
سوار	urd	sɪʋɑːɾ
گٹھن	urd	ɡəʈʰən
پٹاکا	urd	pəʈɑːkɑː
گت	urd	ɡət̪
سندھپاد	urd	sənd̪ʱəpɑːd̪
جھونکا	urd	d͡ʒʱoːnəkɑː
ملاح	urd	məlɑːɦ
خدرہ	urd	xəd̪əɾɑ
پلیتہ	urd	pəliːt̪ɑ
بسرنا	urd	bəsəɾənɑː
لطف	urd	lət̪f
نمونہ	urd	nəmuːnɑ
اٹکانا	urd	əʈəkɑːnɑː
فاختہ	urd	fɑːxət̪ɑ
تیتر	urd	t̪iːt̪əɾ
کوٹ	urd	koːʈ
تنخواہ	urd	t̪ənəxʋɑːɦ
آنت	urd	ɑːnt̪
با	urd	bɑː
جذبات	urd	d͡ʒəzəbɑːt̪
طالب	urd	t̪ɑːləb
مجلس	urd	məd͡ʒələs
باخدا	urd	bɑːxə̲d̪ɑː
نالا	urd	nɑːlɑː
حبیب	urd	ɦəbiːb
گوالا	urd	ɡʋɑːlɑː
ستانا	urd	sət̪ɑːnɑː
ڈولنا	urd	ɖoːlənɑː
بھدا	urd	bʱəd̪ɑː
گواہ	urd	ɡɪʋɑːɦ
مقابلہ	urd	məqɑːbəlɑ
اسے	urd	əseː
کٹورا	urd	kəʈoːɾɑː
کڑھائی	urd	kəɽʱɑːiː
کبڈی	urd	kəbə̲ɖiː
باڑی	urd	bɑːɽiː
کھینا	urd	kʰeːnɑː
گز	urd	ɡəz
گرڑ	urd	ɡəɾəɽ
تلنا	urd	t̪ələnɑː
تشتری	urd	t̪əʃt̪əɾiː
پرجن	urd	pəɾəd͡ʒən
پیٹھا	urd	peːʈʰɑː
دھنیا	urd	d̪ʱənʊjɑː
کڑھی	urd	kəɽʱiː
گھیر	urd	ɡʱeːɾ
پیسنا	urd	piːsənɑː
گھیرنا	urd	ɡʱeːɾənɑː
پیپل	urd	piːpəl
انیندا	urd	əniːnəd̪ɑː
گرد	urd	ɡəɾd̪
دنگل	urd	d̪ənəɡəl
منگولیا	urd	mənəɡoːlʊjɑː
کسم	urd	kəsəm
تنہ	urd	t̪ənɑ
بیمیل	urd	beːmeːl
سکھا	urd	səkʰɑː
اناج	urd	ənɑːd͡ʒ
گجھیا	urd	ɡəd͡ʒʱʊjɑː
کودو	urd	koːd̪oː
کولہا	urd	kuːləɦɑː
ریڑھ	urd	ɾiːɽʱ
چوچی	urd	t͡ʃuːt͡ʃiː
انامکا	urd	ənɑːmə̲kɑː
بھرکٹی	urd	bʱɾəkə̲ʈiː
لات	urd	lɑːt̪
گرفت	urd	ɡəɾəft̪
ممیرا	urd	məmeːɾɑː
چوغا	urd	t͡ʃoːɣɑː
بیلنا	urd	beːlənɑː
خربوزہ	urd	xəɾəbuːzɑ
ٹمٹمانا	urd	ʈəmʈəmɑːnɑː
پھلکا	urd	pʰələkɑː
سپتنی	urd	səpət̪əniː
دوہا	urd	d̪oːɦɑː
دوحہ	urd	d̪oːɦɑ
خالص	urd	xɑːləs
فاش	urd	fɑːʃ
آبرو	urd	ɑːbəɾuː
محفوظ	urd	məɦəfuːz
شیری	urd	ʃiːɾiː
چپکو	urd	t͡ʃəpəkuː
میت	urd	miːt̪
ساد	urd	sɑːd̪
چپراسی	urd	t͡ʃəpəɾɑːsiː
کماری	urd	kəmɑːɾiː
بہلانا	urd	bəɦlɑːnɑː
تپسوی	urd	t̪əpəsʋiː
تیوہار	urd	t̪joːɦɑːɾ
بھوننا	urd	bʱuːnənɑː
اوجھا	urd	oːd͡ʒʱɑː
جس	urd	d͡ʒəs
جسے	urd	d͡ʒəseː
بچھڑنا	urd	bət͡ʃʰəɽənɑː
گدڑی	urd	ɡəd̪əɽiː
گھٹا	urd	ɡʱəʈɑː
گڑگڑانا	urd	ɡəɽɡəɽɑːnɑː
چیخنا	urd	t͡ʃiːxənɑː
پالنہ	urd	pɑːlənɑ
بیڑی	urd	biːɽiː
بھئی	urd	bʱəiː
تھمانا	urd	t̪ʰəmɑːnɑː
جھری	urd	d͡ʒʱəɾiː
اوڑھنا	urd	oːɽʱənɑː
دھکیلنا	urd	d̪ʱəkeːlənɑː
سلونا	urd	səloːnɑː
بگڑنا	urd	bəɡəɽənɑː
بھڑکنا	urd	bʱəɽəkənɑː
روزی	urd	ɾoːziː
ابھرنا	urd	əbʱəɾənɑː
دنگ	urd	d̪ənɡ
ٹلنا	urd	ʈələnɑː
سادھنا	urd	sɑːd̪ʱənɑː
سادھوی	urd	sɑːd̪ʱʋiː
دفن	urd	d̪əfən
آشنکا	urd	ɑːʃənəkɑː
حوالات	urd	ɦɪʋɑːlɑːt̪
بھنکس	urd	bʱənəkəs
گمصم	urd	ɡəməsəm
شدہ	urd	ʃəd̪ɑ
جتانا	urd	d͡ʒət̪ɑːnɑː
سنسنی	urd	sənəsəniː
ذخیرہ	urd	zəxiːɾɑ
بھرتی	urd	bʱəɾət̪iː
کیرتن	urd	kiːɾət̪ən
سیانا	urd	sʊjɑːnɑː
رہائی	urd	ɾəɦɑːiː
پاری	urd	pɑːɾiː
لنگور	urd	lənəɡuːɾ
ملازم	urd	məlɑːzəm
جھونپڑا	urd	d͡ʒʱoːnpəɽɑː
استھایی	urd	əsət̪ʰɑːjiː
جوش	urd	d͡ʒoːʃ
ڈیزل	urd	ɖiːzəl
پیپا	urd	piːpɑː
فیتہ	urd	fiːt̪ɑ
بمبہ	urd	bəməbɑ
برآمدہ	urd	bəɾɑːməd̪ɑ
مستول	urd	məsət̪uːl
ڈھور	urd	ɖʱoːɾ
دشوار	urd	d̪əʃʋɑːɾ
گھسیٹنا	urd	ɡʱəsiːʈənɑː
کوٹا	urd	koːʈɑː
کوٹہ	urd	koːʈɑ
چوکھا	urd	t͡ʃoːkʰɑː
امس	urd	əməs
تلوا	urd	t̪əlʋɑː
نکیل	urd	nəkeːl
خطاب	urd	xət̪ɑːb
الجھانا	urd	ələd͡ʒʱɑːnɑː
رقبہ	urd	ɾəqəbɑ
روپنا	urd	ɾoːpənɑː
کرنال	urd	kəɾənɑːl
شرمناک	urd	ʃəɾmənɑːk
تماچہ	urd	t̪əmɑːt͡ʃɑ
گوبر	urd	ɡoːbəɾ
مچھی	urd	mət͡ʃʰiː
چھلکنا	urd	t͡ʃʰələkənɑː
مثل	urd	məsəl
مسل	urd	məsəl
کانا	urd	kɑːnɑː
فیس	urd	fiːs
کفایتی	urd	kəfɑːjt̪iː
کوڑا	urd	kuːɽɑː
تماہی	urd	t̪əmɑːɦiː
چپچپا	urd	t͡ʃəpt͡ʃəpɑː
تتکالین	urd	t̪ət̪əkɑːliːn
خاندانی	urd	xɑːnəd̪ɑːniː
خوبی	urd	xuːbiː
ڈسنا	urd	ɖəsənɑː
سمیٹنا	urd	səmeːʈənɑː
مندی	urd	mənəd̪iː
کھوا	urd	kʰoːɑː
تسلا	urd	t̪əsəlɑː
دھمنی	urd	d̪ʱəməniː
پھیپھڑا	urd	pʰeːpʰəɽɑː
کاڑھنا	urd	kɑːɽʱənɑː
کنپٹی	urd	kənəpəʈiː
موچ	urd	moːt͡ʃ
بواسیر	urd	bɪʋɑːsiːɾ
اجاگر	urd	əd͡ʒɑːɡəɾ
مامو	urd	mɑːmuː
سلٹانا	urd	sələʈɑːnɑː
سلجھانا	urd	sələd͡ʒʱɑːnɑː
بریلی	urd	bəɾeːliː
کوکھ	urd	koːkʰ
میچنا	urd	miːt͡ʃənɑː
چیچک	urd	t͡ʃeːt͡ʃək
ٹھنگنا	urd	ʈʰənɡənɑː
گولمال	urd	ɡoːləmɑːl
ٹیم	urd	ʈiːm
کھتری	urd	kʰət̪əɾiː
در	urd	d̪əɾ
سمیت	urd	səmeːt̪
پڑوس	urd	pəɽoːs
تسمہ	urd	t̪əsəmɑ
بتا	urd	bət̪ɑː
جھرنا	urd	d͡ʒʱəɾənɑː
گاچھ	urd	ɡɑːt͡ʃʰ
خاکا	urd	xɑːkɑː
گلدستہ	urd	ɡələd̪əsət̪ɑ
جوتنا	urd	d͡ʒoːt̪ənɑː
اجڑنا	urd	əd͡ʒəɽənɑː
سگھوش	urd	səɡʱoːʃ
توندی	urd	t̪oːnəd̪iː
حالات	urd	ɦɑːlɑːt̪
گوارپاٹھا	urd	ɡʋɑːɾəpɑːʈʰɑː
پسار	urd	pəsɑːɾ
ڈھلنا	urd	ɖʱələnɑː
گریبان	urd	ɡəɾeːbɑːn
چیتانا	urd	t͡ʃeːt̪ɑːnɑː
اف	urd	əf
لاپھا	urd	lɑːpʰɑː
زبانی	urd	zəbɑːniː
مسور	urd	məsuːɾ
کھوکا	urd	kʰoːkɑː
پیٹی	urd	peːʈiː
چمنی	urd	t͡ʃəməniː
بھیدنا	urd	bʱeːd̪ənɑː
لٹ	urd	ləʈ
بنیا	urd	bənʊjɑː
مسند	urd	məsənəd̪
سریکھا	urd	səɾiːkʰɑː
اتراردھ	urd	ət̪ə̲ɾɑːɾd̪ʱ
پشمینہ	urd	pəʃəmiːnɑ
چایخانہ	urd	t͡ʃɑːjxɑːnɑ
چایدان	urd	t͡ʃɑːjd̪ɑːn
انکہا	urd	ənəkəɦɑː
انکٹا	urd	ənəkəʈɑː
انہونا	urd	ənəɦoːnɑː
انتھک	urd	ənət̪ʰək
انٹوٹا	urd	ənəʈuːʈɑː
اپجنا	urd	əpəd͡ʒənɑː
انچکھا	urd	ənət͡ʃəkʰɑː
انسلجھا	urd	ənəsələd͡ʒʱɑː
پچنا	urd	pət͡ʃənɑː
کارگو	urd	kɑːɾəɡoː
پڑیا	urd	pəɽʊjɑː
سیاپا	urd	sʊjɑːpɑː
جوجھ	urd	d͡ʒuːd͡ʒʱ
خدمتگار	urd	xəd̪əmət̪əɡɑːɾ
لڑکھڑانا	urd	ləɽəkʰəɽɑːnɑː
خانساما	urd	xɑːnəsɑːmɑː
کارگر	urd	kɑːɾəɡəɾ
نیوں	urd	niːʋ
ٹویٹ	urd	ʈʋiːʈ
فروش	urd	fəɾoːʃ
بوال	urd	bɪʋɑːl
کنکڑ	urd	kənəkəɽ
کھلوانا	urd	kʰəlʋɑːnɑː
ناسک	urd	nɑːsək
ڈھاکا	urd	ɖʱɑːkɑː
تاکنا	urd	t̪ɑːkənɑː
لیسٹر	urd	leːsəʈəɾ
ڈربن	urd	ɖəɾəbən
سڈنی	urd	səɖəniː
مالکانہ	urd	mɑːlə̲kɑːnɑ
میان	urd	mjɑːn
اگرتلا	urd	əɡəɾət̪əlɑː
سمانا	urd	səmɑːnɑː
بیتاب	urd	beːt̪ɑːb
روزانہ	urd	ɾoːzɑːnɑ
پہلو	urd	pəɦluː
تراشنا	urd	t̪əɾɑːʃənɑː
فنا	urd	fənɑː
تخلص	urd	t̪əxə̲ləs
آشیانہ	urd	ɑːʃʊjɑːnɑ
رمبھا	urd	ɾəməbʱɑː
مردم	urd	məɾəd̪əm
نادانی	urd	nɑːd̪ɑːniː
صیاد	urd	sʊjɑːd̪
نازکی	urd	nɑːzə̲kiː
ملا	urd	məlɑː
مقدر	urd	məqə̲d̪əɾ
اترانا	urd	ət̪əɾɑːnɑː
ٹڈی	urd	ʈəɖiː
بیگناہ	urd	beːɡə̲nɑːɦ
کھرپا	urd	kʰəɾəpɑː
کدال	urd	kəd̪ɑːl
دنالی	urd	d̪ənɑːliː
جکارتہ	urd	d͡ʒəkɑːɾət̪ɑ
صفت	urd	səfət̪
ماٹی	urd	mɑːʈiː
گیرو	urd	ɡeːɾuː
خالصتان	urd	xɑːləsət̪ɑːn
دینار	urd	d̪iːnɑːɾ
چھترانا	urd	t͡ʃʰət̪əɾɑːnɑː
ابر	urd	əbɾ
مہتاب	urd	məɦt̪ɑːb
سرب	urd	səɾb
جھڑپ	urd	d͡ʒʱəɽəp
مٹکا	urd	məʈəkɑː
دخل	urd	d̪əxəl
خفہ	urd	xəfɑ
مغالطہ	urd	məɣɑːlət̪ɑ
پیڑھی	urd	piːɽʱiː
نزربندی	urd	nəzəɾəbənəd̪iː
سرود	urd	səɾoːd̪
پرسار	urd	pɾəsɑːɾ
محمود	urd	məɦəmuːd̪
فلسفہ	urd	fələsəfɑ
انگل	urd	ənəɡəl
انگوچھا	urd	ənəɡoːt͡ʃʰɑː
پوکا	urd	poːkɑː
پارسیک	urd	pɑːɾəseːk
اکاج	urd	əkɑːd͡ʒ
اکھرنا	urd	əkʰəɾənɑː
جلوا	urd	d͡ʒəlʋɑː
ماشوق	urd	mɑːʃuːq
بھانا	urd	bʱɑːnɑː
میزپوش	urd	meːzəpoːʃ
دلیری	urd	d̪əleːɾiː
دبدبہ	urd	d̪əbəd̪əbɑ
مشروم	urd	məʃəɾuːm
ٹھیٹھ	urd	ʈʰeːʈʰ
سدھکڑی	urd	səd̪ʱə̲kə̲ɽiː
کچہری	urd	kət͡ʃəɦɾiː
سیٹ	urd	siːʈ
کسر	urd	kəsəɾ
بیسن	urd	beːsən
نواز	urd	nɪʋɑːz
کتک	urd	kət̪ək
پیام	urd	pʊjɑːm
مرجھانا	urd	məɾəd͡ʒʱɑːnɑː
بنج	urd	bənəd͡ʒ
سجانا	urd	səd͡ʒɑːnɑː
نہان	urd	nəɦɑːn
سوریاست	urd	suːɾjɑːst̪
پسرنا	urd	pəsəɾənɑː
بھات	urd	bʱɑːt̪
رفو	urd	ɾəfuː
حسن	urd	ɦəsn
چھاپ	urd	t͡ʃʰɑːp
ککڑی	urd	kəkəɽiː
شربت	urd	ʃəɾəbət̪
اوٹاوا	urd	oːʈɑːʋɑː
موچی	urd	moːt͡ʃiː
سیٹھ	urd	seːʈʰ
چمگادڑ	urd	t͡ʃəməɡɑːd̪əɽ
کلسا	urd	kələsɑː
للکارنا	urd	lələkɑːɾənɑː
للکار	urd	lələkɑːɾ
اسیسا	urd	əsiːsɑː
بیمہ	urd	biːmɑ
صرافہ	urd	səɾɑːfɑ
کومپل	urd	koːməpəl
پہرہ	urd	pəɦɾɑ
جھجھک	urd	d͡ʒʱəd͡ʒʱək
پابندی	urd	pɑːbənəd̪iː
پہناوا	urd	pəɦnɑːʋɑː
گلزار	urd	ɡələzɑːɾ
سادہ	urd	sɑːd̪ɑ
سلیقہ	urd	səliːqɑ
چیڑ	urd	t͡ʃiːɽ
کشمکش	urd	kəʃəməkəʃ
چلوانا	urd	t͡ʃəlʋɑːnɑː
میر	urd	miːɾ
کھائی	urd	kʰɑːiː
چھل	urd	t͡ʃʰəl
شرما	urd	ʃəɾəmɑː
سانی	urd	sɑːniː
ثانی	urd	sɑːniː
بیگانہ	urd	beːɡɑːnɑ
برقرار	urd	bəɾəqəɾɑːɾ
سکوڑنا	urd	səkoːɽənɑː
بیدخلی	urd	beːd̪əxəliː
بیدخل	urd	beːd̪əxəl
بیونت	urd	bjoːnt̪
بیباق	urd	beːbɑːq
لوقا	urd	luːqɑː
محرم	urd	məɦə̲ɾəm
گھیرا	urd	ɡʱeːɾɑː
پوچھ	urd	puːt͡ʃʰ
لجانا	urd	ləd͡ʒɑːnɑː
شرمندہ	urd	ʃəɾəmənəd̪ɑ
پوروی	urd	puːɾʋiː
آگاہی	urd	ɑːɡɑːɦiː
تاک	urd	t̪ɑːk
گئی	urd	ɡəiː
گھولنا	urd	ɡʱoːlənɑː
مجیٹھ	urd	məd͡ʒiːʈʰ
ستھرا	urd	sət̪ʰəɾɑː
بیگھہ	urd	biːɡʱɑ
لاپسی	urd	lɑːpəsiː
شجرہ	urd	ʃəd͡ʒəɾɑ
بیکانیر	urd	biːkɑːneːɾ
جھولی	urd	d͡ʒʱoːliː
تلاو	urd	t̪əlɑːʋ
مدار	urd	məd̪ɑːɾ
تنبول	urd	t̪ənəboːl
بڑ	urd	bəɽ
ٹوکرا	urd	ʈoːkəɾɑː
سیج	urd	seːd͡ʒ
مثنوی	urd	məsənʋiː
اٹل	urd	əʈəl
بڈھی	urd	bəɖʱiː
روٹھنا	urd	ɾuːʈʰənɑː
انترال	urd	ənt̪əɾɑːl
بابت	urd	bɑːbət̪
سنوائی	urd	sənʋɑːiː
کارڈ	urd	kɑːɾɖ
صلح	urd	sələɦ
جھلنا	urd	d͡ʒʱələnɑː
انوٹھا	urd	ənuːʈʰɑː
اوچھا	urd	oːt͡ʃʰɑː
مقدور	urd	məqəd̪uːɾ
پچھتانا	urd	pət͡ʃʰət̪ɑːnɑː
پرتھ	urd	pəɾt̪ʰ
برسبین	urd	bɾəsəbeːn
گلاسگو	urd	ɡlɑːsəɡoː
کارڈف	urd	kɑːɾəɖəf
بیلفاسٹ	urd	beːləfɑːsʈ
ڈبلن	urd	ɖəbələn
بہکانا	urd	bəɦkɑːnɑː
ہوبارٹ	urd	ɦoːbɑːɾʈ
سرت	urd	səɾət̪
سپرد	urd	səpəɾd̪
سلامی	urd	səlɑːmiː
لغات	urd	ləɣɑːt̪
الجھن	urd	ələd͡ʒʱən
آگھ	urd	ɑːɡʱ
سارتھ	urd	sɑːɾt̪ʰ
شاپ	urd	ʃɑːp
اکسانا	urd	əkəsɑːnɑː
رسا	urd	ɾəsɑː
گڑھوال	urd	ɡəɽʱʋɑːl
کوت	urd	kuːt̪
کمشنر	urd	kəməʃənəɾ
سرا	urd	səɾɑː
کرارا	urd	kəɾɑːɾɑː
ڈونگر	urd	ɖuːnəɡəɾ
ارمچی	urd	əɾəmət͡ʃiː
بتلانا	urd	bət̪əlɑːnɑː
بخشنا	urd	bəxʃənɑː
مغز	urd	məɣəz
گرمٹ	urd	ɡəɾəməʈ
آبدست	urd	ɑːbəd̪əst̪
مرتبان	urd	məɾt̪əbɑːn
منت	urd	mənət̪
سفارتخانہ	urd	səfɑːɾət̪əxɑːnɑ
خرافات	urd	xəɾɑːfɑːt̪
تراشہ	urd	t̪əɾɑːʃɑ
فنتاسی	urd	fənət̪ɑːsiː
ڈھونگ	urd	ɖʱoːnɡ
اولمپک	urd	oːləməpək
بدو	urd	bəd̪uː
تھرتھرانا	urd	t̪ʰəɾət̪ʰəɾɑːnɑː
باجرا	urd	bɑːd͡ʒəɾɑː
اتسار	urd	ət̪ə̲sɑːɾ
ارکتتا	urd	əɾəkt̪ət̪ɑː
بنام	urd	bənɑːm
پاشا	urd	pɑːʃɑː
تھوتھن	urd	t̪ʰuːt̪ʰən
اندھڑ	urd	ənəd̪ʱəɽ
آبلہ	urd	ɑːbəlɑ
کاجل	urd	kɑːd͡ʒəl
چھالا	urd	t͡ʃʰɑːlɑː
مہین	urd	məɦiːn
کالاپن	urd	kɑːlɑːpən
رحمان	urd	ɾəɦəmɑːn
پتاکا	urd	pət̪ɑːkɑː
پیا	urd	pʊjɑː
سیس	urd	siːs
گلنا	urd	ɡələnɑː
کھڑیا	urd	kʰəɽʊjɑː
آثار	urd	ɑːsɑːɾ
فلورڈا	urd	floːɾə̲ɖɑː
خامی	urd	xɑːmiː
سونار	urd	soːnɑːɾ
جزا	urd	d͡ʒəzɑː
دلیل	urd	d̪əliːl
کھیسا	urd	kʰiːsɑː
جنھائی	urd	d͡ʒənɦɑːiː
کچنار	urd	kət͡ʃənɑːɾ
داب	urd	d̪ɑːb
ٹوفو	urd	ʈoːfuː
باپو	urd	bɑːpuː
لیکھا	urd	leːkʰɑː
تیوں	urd	t̪joː̃
ملال	urd	məlɑːl
نگلنا	urd	nəɡələnɑː
بکھان	urd	bəkʰɑːn
سوآ	urd	suːɑː
سگا	urd	səɡɑː
سکتہ	urd	səkət̪ɑ
موم	urd	moːm
ٹھوکنا	urd	ʈʰoːkənɑː
کردھ	urd	kɾəd̪ʱ
بگھارنا	urd	bəɡʱɑːɾənɑː
سمیر	urd	səmiːɾ
بڑبڑانا	urd	bəɽəbəɽɑːnɑː
گاڑنا	urd	ɡɑːɽənɑː
کھمبھا	urd	kʰəməbʱɑː
بڑھانا	urd	bəɽʱɑːnɑː
التجا	urd	əlt̪əd͡ʒɑː
مدراسی	urd	məd̪əɾɑːsiː
جلد	urd	d͡ʒəld̪
رقم	urd	ɾəqəm
انچاہا	urd	ənət͡ʃɑːɦɑː
نکھرنا	urd	nəkʰəɾənɑː
رضامند	urd	ɾəzɑːmənd̪
ریزگاری	urd	ɾeːzəɡɑːɾiː
چوزہ	urd	t͡ʃuːzɑ
لڑاکا	urd	ləɽɑːkɑː
سوچی	urd	soːt͡ʃiː
پرے	urd	pəɾeː
ستھول	urd	st̪ʰuːl
کھرائی	urd	kʰəɾɑːiː
گوپی	urd	ɡoːpiː
رکھوالا	urd	ɾəkʰʋɑːlɑː
فدا	urd	fəd̪ɑː
کوٹھاری	urd	koːʈʰɑːɾiː
بلکھنا	urd	bələkʰənɑː
پختہ	urd	pəxət̪ɑ
موزامبیک	urd	moːzɑːməbiːk
بغداد	urd	bəɣəd̪ɑːd̪
موسل	urd	muːsəl
موصل	urd	muːsəl
رہنما	urd	ɾəɦnəmɑː
ٹڈا	urd	ʈəɖɑː
پب	urd	pəb
صدری	urd	səd̪əɾiː
مدھم	urd	məd̪ʱəm
دھیرا	urd	d̪ʱiːɾɑː
بیلچہ	urd	beːlət͡ʃɑ
ڈلنا	urd	ɖələnɑː
سلجھا	urd	sələd͡ʒʱɑː
تھن	urd	t̪ʰən
روا	urd	ɾɪʋɑː
بوجھنا	urd	buːd͡ʒʱənɑː
اچھنا	urd	ət͡ʃʰənɑː
کگار	urd	kəɡɑːɾ
ٹرمپ	urd	ʈɾəmp
چڑھائی	urd	t͡ʃəɽʱɑːiː
لٹیرا	urd	ləʈeːɾɑː
آڑ	urd	ɑːɽ
سگار	urd	səɡɑːɾ
شکھر	urd	ʃəkʰəɾ
سٹار	urd	sʈɑːɾ
کرشمہ	urd	kəɾəʃəmɑ
نربھکشی	urd	nəɾəbʱəkəʃiː
نیترچھد	urd	neːt̪ɾət͡ʃʰəd̪
حرامی	urd	ɦəɾɑːmiː
غبن	urd	ɣəbən
کترنا	urd	kət̪əɾənɑː
پادپ	urd	pɑːd̪əp
سرحدی	urd	səɾəɦəd̪iː
کیندرت	urd	keːnd̪ɾət̪
مودی	urd	moːd̪iː
خلاصہ	urd	xəlɑːsɑ
روزمرہ	urd	ɾoːzməɾɑ
قد	urd	qəd̪
رزلٹ	urd	ɾəzəlʈ
ڈپٹی	urd	ɖəpəʈiː
چھیڑ	urd	t͡ʃʰeːɽ
ترہی	urd	t̪əɾəɦiː
جوہنا	urd	d͡ʒoːɦnɑː
سنی	urd	səniː
لیلنا	urd	liːlənɑː
کچھارا	urd	kət͡ʃʰɑːɾɑː
ترپاٹھی	urd	t̪ɾəpɑːʈʰiː
تواری	urd	t̪ɪʋɑːɾiː
مادریچا	urd	mɑːd̪əɾeːt͡ʃɑː
ہیرانندانی	urd	ɦiːɾɑːnənəd̪ɑːniː
کشواہا	urd	kəʃʋɑːɦɑː
اگروال	urd	əɡəɾɪʋɑːl
شندے	urd	ʃənəd̪eː
مکھرجی	urd	məkʰəɾəd͡ʒiː
اسلم	urd	əsələm
تیندلکر	urd	t̪eːnəd̪ələkəɾ
نیارا	urd	njɑːɾɑː
تنبو	urd	t̪ənəbuː
شامیانہ	urd	ʃɑːmʊjɑːnɑ
درانتی	urd	d̪əɾɑːnət̪iː
تبادلا	urd	t̪əbɑːd̪əlɑː
سرخاب	urd	səɾəxɑːb
ماجرا	urd	mɑːd͡ʒəɾɑː
سود	urd	suːd̪
حمص	urd	ɦəməs
گلیارا	urd	ɡəlʊjɑːɾɑː
چٹان	urd	t͡ʃəʈɑːn
گوکھلے	urd	ɡoːkʰəleː
منگیشکر	urd	mənəɡeːʃəkəɾ
لہاسا	urd	lɦɑːsɑː
جھالر	urd	d͡ʒʱɑːləɾ
شکرکند	urd	ʃəkəɾəkənd̪
مرجئی	urd	məɾəd͡ʒəiː
خم	urd	xəm
راجکوٹ	urd	ɾɑːd͡ʒəkoːʈ
تکلف	urd	t̪əkə̲ləf
لمحہ	urd	ləməɦɑ
جھرمٹ	urd	d͡ʒʱəɾəməʈ
تلے	urd	t̪əleː
ڈھالنا	urd	ɖʱɑːlənɑː
مغلئی	urd	məɣələiː
نہارنا	urd	nəɦɑːɾənɑː
اگلو	urd	əɡəluː
زمینی	urd	zəmiːniː
بیاہنا	urd	bjɑːɦnɑː
دہلیز	urd	d̪əɦliːz
چھڑی	urd	t͡ʃʰəɽiː
ڈور	urd	ɖoːɾ
سٹا	urd	səʈɑː
بڑھاوا	urd	bəɽʱɑːʋɑː
مالن	urd	mɑːlən
بندریا	urd	bənd̪əɾʊjɑː
چھننی	urd	t͡ʃʰənəniː
ٹیکنا	urd	ʈeːkənɑː
ابرنا	urd	əbəɾənɑː
اچرج	urd	ət͡ʃəɾəd͡ʒ
پھلجھڑی	urd	pʰələd͡ʒʱəɽiː
غوطہ	urd	ɣoːt̪ɑ
چھرا	urd	t͡ʃʰəɾɑː
لسن	urd	ləsən
رہ	urd	ɾɪɦ
ڈولا	urd	ɖoːlɑː
ڈولی	urd	ɖoːliː
تجربہ	urd	t̪əd͡ʒəɾəbɑ
اجلا	urd	əd͡ʒəlɑː
الاو	urd	əlɑːʋ
دلبر	urd	d̪ələbəɾ
چمتکار	urd	t͡ʃəmət̪əkɑːɾ
پالتھی	urd	pɑːlət̪ʰiː
بالپن	urd	bɑːləpən
بیشمار	urd	beːʃə̲mɑːɾ
کھڑوس	urd	kʰəɽuːs
ببر	urd	bəbəɾ
دمبھ	urd	d̪əmbʱ
مرید	urd	məɾiːd̪
چیلا	urd	t͡ʃeːlɑː
رواج	urd	ɾɪʋɑːd͡ʒ
ندارد	urd	nəd̪ɑːɾəd̪
پارک	urd	pɑːɾk
ڈگمگ	urd	ɖəɡəməɡ
قاتلانا	urd	qɑːt̪ə̲lɑːnɑː
فیسبک	urd	feːsəbək
انتاکشری	urd	ənət̪ɑːkʃəɾiː
اپشکن	urd	əpəʃəkən
پچھاڑنا	urd	pət͡ʃʰɑːɽənɑː
لگائی	urd	ləɡɑːiː
مکھنی	urd	məkʰəniː
اداکار	urd	əd̪ɑːkɑːɾ
گٹھلی	urd	ɡəʈʰəliː
جوار	urd	d͡ʒʋɑːɾ
امڑنا	urd	əməɽənɑː
کوچ	urd	kuːt͡ʃ
رار	urd	ɾɑːɾ
روہتک	urd	ɾoːɦt̪ək
ستلج	urd	sət̪ələd͡ʒ
دروغہ	urd	d̪əɾoːɣɑ
جادوگرنی	urd	d͡ʒɑːd̪uːɡəɾəniː
سگائی	urd	səɡɑːiː
بھاگی	urd	bʱɑːɡiː
تھو	urd	t̪ʰuː
گرفتاری	urd	ɡəɾəfət̪ɑːɾiː
مالش	urd	mɑːləʃ
فرار	urd	fəɾɑːɾ
موتنا	urd	muːt̪ənɑː
قوال	urd	qɪʋɑːl
کچن	urd	kət͡ʃən
پھندا	urd	pʰənəd̪ɑː
کارتوس	urd	kɑːɾət̪uːs
زنانہ	urd	zənɑːnɑ
دیہاتی	urd	d̪eːɦɑːt̪iː
دے	urd	d̪eː
نندنی	urd	nənd̪əniː
راہی	urd	ɾɑːɦiː
میمنا	urd	meːmənɑː
کہیں	urd	kəɦiː̃
زخمی	urd	zəxəmiː
مرحبا	urd	məɾəɦəbɑː
ترچھا	urd	t̪əɾət͡ʃʰɑː
سلیم	urd	səliːm
سلیمان	urd	səleːmɑːn
برادر	urd	bəɾɑːd̪əɾ
جالا	urd	d͡ʒɑːlɑː
دوج	urd	d̪uːd͡ʒ
لشکری	urd	ləʃkəɾiː
بزدل	urd	bəzəd̪əl
نوازنا	urd	nɪʋɑːzənɑː
رقاصہ	urd	ɾəqɑːsɑ
مداخلت	urd	məd̪ɑːxələt̪
سلطانہ	urd	sələt̪ɑːnɑ
اشرفی	urd	əʃəɾəfiː
گلدان	urd	ɡələd̪ɑːn
حکمران	urd	ɦəkməɾɑːn
حسینہ	urd	ɦəsiːnɑ
جمبھ	urd	d͡ʒəmbʱ
نوالہ	urd	nɪʋɑːlɑ
چمچمانا	urd	t͡ʃəmət͡ʃəmɑːnɑː
شترمرغ	urd	ʃət̪əɾəməɾɣ
شتر	urd	ʃət̪əɾ
ریٹ	urd	ɾeːʈ
چڑی	urd	t͡ʃəɽiː
جھا	urd	d͡ʒʱɑː
اناہار	urd	ənɑːɦɑːɾ
قاصد	urd	qɑːsəd̪
اصرار	urd	əsəɾɑːɾ
زمبابوے	urd	zəməbɑːbʋeː
مورکو	urd	moːɾə̲koː
سینیگل	urd	seːneːɡəl
موناکو	urd	moːnɑːkoː
سرووچ	urd	səɾʋoːt͡ʃ
پرایا	urd	pəɾɑːjɑː
سرکنا	urd	səɾəkənɑː
سرشپ	urd	səɾəʃəp
رشیا	urd	ɾəʃʊjɑː
پنس	urd	pənəs
جلیبی	urd	d͡ʒəleːbiː
ڈھوکلا	urd	ɖʱoːkəlɑː
قابو	urd	qɑːbuː
چندہ	urd	t͡ʃənəd̪ɑ
کیوی	urd	kiːʋiː
چیری	urd	t͡ʃeːɾiː
ڈونٹ	urd	ɖoːnəʈ
خواجہ	urd	xʋɑːd͡ʒɑ
جلال	urd	d͡ʒəlɑːl
ڈھیل	urd	ɖʱiːl
اکسنگا	urd	əkəsənəɡɑː
قبیلہ	urd	qəbiːlɑ
مقرر	urd	məqə̲ɾəɾ
اوگھ	urd	oːɡʱ
الکھ	urd	ələkʰ
سمالوچنا	urd	səmɑːloːt͡ʃənɑː
کیکڑا	urd	keːkəɽɑː
پشکلاوتی	urd	pəʃkəlɑːʋt̪iː
ببول	urd	bəbuːl
کوٹوال	urd	koːʈʋɑːl
کوتوال	urd	koːt̪ʋɑːl
نیکٹائی	urd	neːkəʈɑːiː
ٹھکرانا	urd	ʈʰəkəɾɑːnɑː
فتوا	urd	fət̪ʋɑː
مزار	urd	məzɑːɾ
نمازگاہ	urd	nəmɑːzəɡɑːɦ
نجومی	urd	nəd͡ʒuːmiː
گولنداز	urd	ɡoːlənəd̪ɑːz
ڈھشوم	urd	ɖʱəʃuːm
کترانا	urd	kət̪əɾɑːnɑː
لالچ	urd	lɑːlət͡ʃ
القترا	urd	ələqət̪əɾɑː
پرات	urd	pəɾɑːt̪
پرچ	urd	pəɾət͡ʃ
اولندیز	urd	oːlənəd̪eːz
ریستراں	urd	ɾeːst̪əɾɑː̃
آلپین	urd	ɑːləpiːn
جھاگ	urd	d͡ʒʱɑːɡ
کھپت	urd	kʰəpət̪
سرکل	urd	səɾəkəl
چتور	urd	t͡ʃət̪uːɾ
رگڑن	urd	ɾəɡəɽən
سقراط	urd	səqəɾɑːt̪
افلاطون	urd	əfəlɑːt̪uːn
کابینہ	urd	kɑːbiːnɑ
گودی	urd	ɡoːd̪iː
مٹھبھیڑ	urd	məʈʰəbʱeːɽ
ٹنیل	urd	ʈəneːl
ملہوترا	urd	mələɦoːt̪əɾɑː
سکسینا	urd	səkəseːnɑː
تہری	urd	t̪əɦɾiː
کٹج	urd	kəʈəd͡ʒ
ترل	urd	t̪əɾəl
چوکنا	urd	t͡ʃuːkənɑː
اکڑن	urd	əkəɽən
اکڑنا	urd	əkəɽənɑː
اجان	urd	əd͡ʒɑːn
اجلد	urd	əd͡ʒəld̪
اٹوٹ	urd	əʈuːʈ
اٹھا	urd	əʈʰɑː
دکی	urd	d̪əkiː
تکی	urd	t̪əkiː
نہلا	urd	nəɦlɑː
دہلا	urd	d̪əɦlɑː
اڑنگا	urd	əɽənəɡɑː
اڑچن	urd	əɽət͡ʃən
اتھک	urd	ət̪ʰək
انبیاہا	urd	ənəbjɑːɦɑː
انسنا	urd	ənsənɑː
اپھرنا	urd	əpʰəɾənɑː
ابھاگا	urd	əbʱɑːɡɑː
امچور	urd	əmət͡ʃuːɾ
امک	urd	əmək
انمول	urd	ənəmoːl
اموگھ	urd	əmoːɡʱ
ارتھی	urd	əɾət̪ʰiː
شروتا	urd	ʃɾoːt̪ɑː
نہائی	urd	nəɦɑːiː
اراروٹ	urd	əɾɑːɾoːʈ
دوارکا	urd	d̪ʋɑːɾəkɑː
راگی	urd	ɾɑːɡiː
پگلی	urd	pəɡəliː
فلانا	urd	fəlɑːnɑː
چبوترا	urd	t͡ʃəbuːt̪əɾɑː
دفترشاہ	urd	d̪əfət̪əɾəʃɑːɦ
خلش	urd	xələʃ
فوارہ	urd	fɪʋɑːɾɑ
مونگا	urd	muːnəɡɑː
پپوٹا	urd	pəpoːʈɑː
گہا	urd	ɡəɦɑː
پراچی	urd	pɾɑːt͡ʃiː
جنکشن	urd	d͡ʒənkʃən
ایسکیلیٹر	urd	eːsəkeːleːʈəɾ
کاگ	urd	kɑːɡ
چرخہ	urd	t͡ʃəɾəxɑ
دادس	urd	d̪ɑːd̪əs
دادسرا	urd	d̪ɑːd̪əsəɾɑː
نانس	urd	nɑːnəs
نانسرا	urd	nɑːnəsəɾɑː
پیتسرا	urd	piːt̪əsəɾɑː
پیتس	urd	piːt̪əs
کفن	urd	kəfən
کلرک	urd	kləɾk
نوٹس	urd	noːʈəs
بقایا	urd	bəqɑːjɑː
بھتا	urd	bʱət̪ɑː
کشت	urd	kəʃt̪
ادھشچیتک	urd	əd̪ʱəʃət͡ʃeːt̪ək
جوہانسبرگ	urd	d͡ʒoːɦɑːnəsəbəɾɡ
چرکٹ	urd	t͡ʃəɾəkəʈ
مکار	urd	məkɑːɾ
کھلاڑی	urd	kʰəlɑːɽiː
کلہاڑی	urd	kələɦɑːɽiː
چولا	urd	t͡ʃoːlɑː
کچھا	urd	kət͡ʃʰɑː
حجامت	urd	ɦəd͡ʒɑːmət̪
سیپ	urd	siːp
کجاوہ	urd	kəd͡ʒɑːʋɑ
تسکر	urd	t̪əsəkəɾ
چرمروگ	urd	t͡ʃəɾməɾoːɡ
پھرتی	urd	pʰəɾət̪iː
نرالا	urd	nəɾɑːlɑː
گمچھا	urd	ɡəmət͡ʃʰɑː
پردادا	urd	pəɾəd̪ɑːd̪ɑː
پردادی	urd	pəɾəd̪ɑːd̪iː
پرنانا	urd	pəɾənɑːnɑː
پرنانی	urd	pəɾənɑːniː
تاکید	urd	t̪ɑːkiːd̪
گرماگرم	urd	ɡəɾəmɑːɡəɾm
تارپین	urd	t̪ɑːɾəpiːn
اسبغول	urd	əsəbəɣoːl
تباشیر	urd	t̪əbɑːʃiːɾ
ابجد	urd	əbəd͡ʒəd̪
تکہ	urd	t̪əkɑ
سکار	urd	səkɑːɾ
آنگل	urd	ɑːnɡl
اسٹام	urd	əsəʈɑːm
ترپال	urd	t̪əɾəpɑːl
ٹمٹم	urd	ʈəməʈəm
بخوبی	urd	bəxuːbiː
چرٹ	urd	t͡ʃəɾəʈ
انگنی	urd	ənɡəniː
سلپٹ	urd	sələpəʈ
بزم	urd	bəzm
کنکریٹ	urd	kənkɾiːʈ
گزشتہ	urd	ɡəzəʃət̪ɑ
مجسمہ	urd	məd͡ʒə̲sə̲mɑ
رینگنا	urd	ɾeːnɡənɑː
ٹوک	urd	ʈuːk
منتظر	urd	mənt̪əzəɾ
لاچار	urd	lɑːt͡ʃɑːɾ
مسکہ	urd	məsəkɑ
شاہانہ	urd	ʃɑːɦɑːnɑ
ماسک	urd	mɑːsk
چھلنا	urd	t͡ʃʰələnɑː
چھلاوا	urd	t͡ʃʰəlɑːʋɑː
ٹھیلنا	urd	ʈʰeːlənɑː
مدکچی	urd	məd̪əkət͡ʃiː
مدک	urd	məd̪ək
سپگیٹی	urd	spəɡeːʈiː
ماشہ	urd	mɑːʃɑ
رونگٹا	urd	ɾoːnɡəʈɑː
پمپ	urd	pəmp
پکھراج	urd	pəkʰəɾɑːd͡ʒ
پھالسہ	urd	pʰɑːləsɑ
کھناکھن	urd	kʰənɑːkʰən
جاٹ	urd	d͡ʒɑːʈ
گھونگا	urd	ɡʱoːnəɡɑː
سبیل	urd	səbiːl
آزار	urd	ɑːzɑːɾ
تروتازہ	urd	t̪əɾoːt̪ɑːzɑ
نائیں	urd	nɑːiː̃
تالابندی	urd	t̪ɑːlɑːbənəd̪iː
چکا	urd	t͡ʃəkɑː
چھینا	urd	t͡ʃʰeːnɑː
مرانا	urd	məɾɑːnɑː
پچھل	urd	pət͡ʃʰəl
تجنا	urd	t̪əd͡ʒənɑː
نوانا	urd	nɪʋɑːnɑː
چدوانا	urd	t͡ʃəd̪ʋɑːnɑː
سپینی	urd	speːniː
پرچھائی	urd	pəɾət͡ʃʰɑːiː
گوار	urd	ɡʋɑːɾ
ٹھینگا	urd	ʈʰeːnəɡɑː
جموانا	urd	d͡ʒəmʋɑːnɑː
کلور	urd	kəloːɾ
اتاولا	urd	ət̪ɑːʋlɑː
نقد	urd	nəqəd̪
مسخری	urd	məsəxəɾiː
ممنون	urd	məmənuːn
شریفہ	urd	ʃəɾiːfɑ
سرہانا	urd	səɾəɦɑːnɑː
جوبن	urd	d͡ʒoːbən
جنگجو	urd	d͡ʒənɡəd͡ʒuː
درندہ	urd	d̪əɾənəd̪ɑ
پرگنہ	urd	pəɾəɡənɑ
جلاد	urd	d͡ʒəlɑːd̪
سیخچہ	urd	siːxət͡ʃɑ
خوبصورتی	urd	xuːbəsuːɾət̪iː
جھاڑی	urd	d͡ʒʱɑːɽiː
گرجاگھر	urd	ɡəɾəd͡ʒɑːɡʱəɾ
پھیپھڑے	urd	pʰeːpʰəɽeː
چھور	urd	t͡ʃʰoːɾ
کالو	urd	kɑːluː
خلاصی	urd	xəlɑːsiː
مافیا	urd	mɑːfʊjɑː
پھوڑ	urd	pʰoːɽ
الونا	urd	əloːnɑː
الٹیمیٹم	urd	ələʈiːmeːʈəm
پتلی	urd	pət̪əliː
بخرا	urd	bəxəɾɑː
آساڑھ	urd	ɑːsɑːɽʱ
کوموروس	urd	koːmoːɾoːs
زر	urd	zəɾ
اسیمبلی	urd	əseːmbəliː
روبل	urd	ɾuːbəl
اتپیٹھکا	urd	ət̪əpiːʈʰə̲kɑː
جھڑی	urd	d͡ʒʱəɽiː
آنریری	urd	ɑːnəɾeːɾiː
کسیرا	urd	kəseːɾɑː
آن	urd	ɑːn
آلا	urd	ɑːlɑː
دودھی	urd	d̪uːd̪ʱiː
آپسی	urd	ɑːpəsiː
گھییا	urd	ɡʱiːjɑː
کڑی	urd	kəɽiː
کھمبا	urd	kʰəməbɑː
فرج	urd	fɾəd͡ʒ
کٹکی	urd	kəʈəkiː
موٹھ	urd	muːʈʰ
البانیائی	urd	ələbɑːnʊjɑːiː
موہنا	urd	moːɦnɑː
چارا	urd	t͡ʃɑːɾɑː
چارہ	urd	t͡ʃɑːɾɑ
سنک	urd	sənək
ابھنندن	urd	əbʱə̲nənəd̪ən
مشتاق	urd	məʃət̪ɑːq
کمدنی	urd	kəmə̲d̪ə̲niː
جوکر	urd	d͡ʒoːkəɾ
پرچارک	urd	pɾət͡ʃɑːɾək
دت	urd	d̪ət̪
رسد	urd	ɾəsəd̪
گچھا	urd	ɡət͡ʃʰɑː
بھڑنا	urd	bʱəɽənɑː
اکھلیش	urd	əkʰə̲leːʃ
سیک	urd	seːk
کش	urd	kəʃ
داغنا	urd	d̪ɑːɣənɑː
خمیازہ	urd	xəmʊjɑːzɑ
امبا	urd	əməbɑː
کاری	urd	kɑːɾiː
ٹوری	urd	ʈoːɾiː
فرنگ	urd	fəɾənɡ
ادھنا	urd	əd̪ʱə̲nɑː
دیٹھ	urd	d̪iːʈʰ
اکھاڑنا	urd	əkʰɑːɽənɑː
پراورت	urd	pɾɑːʋɾət̪ə̲
اکھڑنا	urd	əkʰəɽənɑː
نانو	urd	nɑːnuː
رکابی	urd	ɾəkɑːbiː
گوارہ	urd	ɡɪʋɑːɾɑ
اوہو	urd	oːɦoː
چینا	urd	t͡ʃeːnɑː
جنہار	urd	d͡ʒənəɦɑːɾ
مکئی	urd	məkəiː
شگوفہ	urd	ʃəɡuːfɑ
جننا	urd	d͡ʒənənɑː
کوروناوایرس	urd	koːɾoːnɑːʋɑːjɾəs
باچھ	urd	bɑːt͡ʃʰ
پونم	urd	puːnəm
گاتر	urd	ɡɑːt̪ɾ
انوپ	urd	ənuːp
دھور	urd	d̪ʱuːɾ
لگوہا	urd	ləɡuːɦɑː
لمبھا	urd	ləməbʱɑː
چمس	urd	t͡ʃəməs
سنکنا	urd	sənəkənɑː
انگلش	urd	ənɡləʃ
چھٹھ	urd	t͡ʃʰəʈʰ
چیکو	urd	t͡ʃiːkuː
بدترین	urd	bəd̪ət̪əɾiːn
افتتاح	urd	əft̪ət̪ɑːɦ
نقدی	urd	nəqəd̪iː
کھرے	urd	kʰəɾeː
گھسڑنا	urd	ɡʱəsəɽənɑː
پٹرا	urd	pəʈəɾɑː
کرچھی	urd	kəɾət͡ʃʰiː
دمن	urd	d̪əmən
جاماتا	urd	d͡ʒɑːmɑːt̪ɑː
پرا	urd	pəɾɑː
ڈپھ	urd	ɖəpʰ
بست	urd	bəst̪
پھوکٹ	urd	pʰoːkəʈ
بھاڑ	urd	bʱɑːɽ
آکرت	urd	ɑːkəɾət̪
شباب	urd	ʃəbɑːb
دھیرج	urd	d̪ʱiːɾəd͡ʒ
تھاٹ	urd	t̪ʰɑːʈ
کامود	urd	kɑːmoːd̪
سورٹھ	urd	soːɾəʈʰ
ناکا	urd	nɑːkɑː
کاریگر	urd	kɑːɾiːɡəɾ
کلفٹن	urd	kləfəʈən
پاش	urd	pɑːʃ
برچھی	urd	bəɾət͡ʃʰiː
گبرو	urd	ɡəbəɾuː
سنگتراش	urd	sənəɡət̪əɾɑːʃ
ناس	urd	nɑːs
گر	urd	ɡəɾ
امیبا	urd	əmiːbɑː
تجلی	urd	t̪əd͡ʒə̲liː
نرگسی	urd	nəɾɡəsiː
ملہار	urd	mələɦɑːɾ
گبر	urd	ɡəbəɾ
رفیج	urd	ɾəfeːd͡ʒ
بر	urd	bəɾ
ہونی	urd	ɦoːniː
ہوتیں	urd	ɦoːt̪iː̃
ہونیں	urd	ɦoːniː̃
جاؤ	urd	d͡ʒɑːoː
ڈاب	urd	ɖɑːb
اوگ	urd	oːɡ
اپنگ	urd	əpənɡ
محاق	urd	məɦɑːq
لبدھ	urd	ləbd̪ʱ
متل	urd	mət̪əl
کپٹی	urd	kəpəʈiː
نجیر	urd	nəd͡ʒeːɾ
نجاشی	urd	nəd͡ʒɑːʃiː
داردر	urd	d̪ɑːɾəd̪ɾ
نسدن	urd	nəsəd̪ən
پیشگی	urd	peːʃəɡiː
پھڑیا	urd	pʰəɽʊjɑː
پیپ	urd	piːp
بابل	urd	bɑːbəl
نکال	urd	nəkɑːl
شوبھنا	urd	ʃoːbʱənɑː
دھری	urd	d̪ʱəɾiː
رائی	urd	ɾɑːiː
چلغوزہ	urd	t͡ʃələɣoːzɑ
کرپور	urd	kəɾəpuːɾ
چھینک	urd	t͡ʃʰiːnk
فقط	urd	fəqət̪
مقدس	urd	məqə̲d̪əs
مرحوم	urd	məɾəɦuːm
نادری	urd	nɑːd̪ə̲ɾiː
تراتا	urd	t̪ɾɑːt̪ɑː
ارس	urd	əɾəs
چلو	urd	t͡ʃəluː
ملول	urd	məluːl
سرپرستی	urd	səɾəpəɾəsət̪iː
پراچیر	urd	pɾɑːt͡ʃiːɾ
پرتھا	urd	pɾət̪ʰɑː
کوبا	urd	kuːbɑː
آرش	urd	ɑːɾəʃ
بیٹ	urd	biːʈ
سرسبز	urd	səɾəsəbz
بازیگر	urd	bɑːziːɡəɾ
چھلانا	urd	t͡ʃʰəlɑːnɑː
نکر	urd	nəkɾ
بھیت	urd	bʱiːt̪
دردی	urd	d̪əɾəd̪iː
انیش	urd	əniːʃ
نار	urd	nɑːɾ
ناگاساکی	urd	nɑːɡɑːsɑːkiː
ساسن	urd	sɑːsən
تتا	urd	t̪ət̪ɑː
تاتا	urd	t̪ɑːt̪ɑː
کرکرا	urd	kəɾkəɾɑː
آپو	urd	ɑːpoː
کھاری	urd	kʰɑːɾiː
ڈنکا	urd	ɖənəkɑː
حام	urd	ɦɑːm
طرفداری	urd	t̪əɾəfəd̪ɑːɾiː
کڑوے	urd	kəɽʋeː
کڑوی	urd	kəɽʋiː
کولمبو	urd	koːləməboː
تھمپھو	urd	t̪ʰəməpʰuː
مفلسی	urd	məfləsiː
نبی	urd	nəbiː
کمک	urd	kəmək
زین	urd	ziːn
باغبان	urd	bɑːɣəbɑːn
کاکنج	urd	kɑːkənəd͡ʒ
اشٹرپکشی	urd	əʃʈɾəpəkəʃiː
بھرمار	urd	bʱəɾəmɑːɾ
پچھتاوا	urd	pət͡ʃʰət̪ɑːʋɑː
کھول	urd	kʰoːl
اگواڑا	urd	əɡʋɑːɽɑː
اگواڑے	urd	əɡʋɑːɽeː
اگواڑوں	urd	əɡʋɑːɽoː̃
چھچھورا	urd	t͡ʃʰət͡ʃʰoːɾɑː
بسیٹھ	urd	bəsiːʈʰ
مرشد	urd	məɾəʃəd̪
اوڑھنی	urd	oːɽʱəniː
کمبھکار	urd	kəmbʱəkɑːɾ
آمول	urd	ɑːmuːl
چنگھاڑ	urd	t͡ʃənəɡʱɑːɽ
ہوڑی	urd	ɦoːɽiː
مسلنا	urd	məsələnɑː
نکچڑھا	urd	nəkət͡ʃəɽʱɑː
رو	urd	ɾuː
باغبانی	urd	bɑːɣəbɑːniː
ہاہاکار	urd	ɦɑːɦɑːkɑːɾ
بھوسڑیکا	urd	bʱoːsəɽiːkɑː
گروی	urd	ɡəɾʋiː
دبے	urd	d̪əbeː
چٹپٹا	urd	t͡ʃəʈəpəʈɑː
گابھن	urd	ɡɑːbʱən
نابالغ	urd	nɑːbɑːləɣ
تمولی	urd	t̪əmoːliː
پنواڑی	urd	pənʋɑːɽiː
ڈگری	urd	ɖəɡəɾiː
شرابی	urd	ʃəɾɑːbiː
پوکیمون	urd	poːkeːmoːn
ستمگر	urd	sət̪əməɡəɾ
سماوی	urd	səmɑːʋiː
سپیرا	urd	səpeːɾɑː
سنتری	urd	sənt̪əɾiː
بلبلیدار	urd	bəlbəleːd̪ɑːɾ
گھڑکنا	urd	ɡʱəɽəkənɑː
کرتوت	urd	kəɾət̪uːt̪
جوشی	urd	d͡ʒoːʃiː
تھان	urd	t̪ʰɑːn
ترکش	urd	t̪əɾəkəʃ
ساکن	urd	sɑːkən
بیچتا	urd	beːt͡ʃət̪ɑː
نکھٹو	urd	nəkʰə̲ʈuː
جگے	urd	d͡ʒəɡeː
جگا	urd	d͡ʒəɡɑː
ٹھیکرا	urd	ʈʰiːkəɾɑː
چرمرانا	urd	t͡ʃəɾəməɾɑːnɑː
کڑھنا	urd	kəɽʱənɑː
مخلوق	urd	məxəluːq
ڈومین	urd	ɖoːmeːn
اداکارہ	urd	əd̪ɑːkɑːɾɑ
لفٹ	urd	ləfʈ
کھیلتے	urd	kʰeːlət̪eː
پستئی	urd	pəsət̪əiː
جواٹھ	urd	d͡ʒuːɑːʈʰ
جواٹ	urd	d͡ʒuːɑːʈ
کڑھاہی	urd	kəɽʱɑːɦiː
کڑاہی	urd	kəɽɑːɦiː
بیلاروسی	urd	beːlɑːɾuːsiː
کھرہا	urd	kʰəɾəɦɑː
کالابازاری	urd	kɑːlɑːbɑːzɑːɾiː
ہوے	urd	ɦoːeː
پیے	urd	pʊjeː
پیتا	urd	piːt̪ɑː
پیتی	urd	piːt̪iː
پیتے	urd	piːt̪eː
آتے	urd	ɑːt̪eː
کاشی	urd	kɑːʃiː
گھروالا	urd	ɡʱəɾʋɑːlɑː
جھک	urd	d͡ʒʱək
کھٹاس	urd	kʰəʈɑːs
ٹھوکر	urd	ʈʰoːkəɾ
افسردگی	urd	əfsəɾəd̪əɡiː
زوال	urd	zɪʋɑːl
مصلحت	urd	məsələɦət̪
بکنگھم	urd	bəkənəɡʱəm
چاروں	urd	t͡ʃɑːɾoː̃
کڑمچودی	urd	kəɽəmət͡ʃoːd̪iː
بھلائی	urd	bʱəlɑːiː
ساہ	urd	sɑːɦ
اضافی	urd	əzɑːfiː
بیلیز	urd	beːliːz
سیسا	urd	siːsɑː
گوگولا	urd	ɡoːɡoːlɑː
ساجھی	urd	sɑːd͡ʒʱiː
پیٹھی	urd	piːʈʰiː
دیشواسی	urd	d̪eːʃʋɑːsiː
شرمسار	urd	ʃəɾməsɑːɾ
پھنس	urd	pʰənəs
لکھانا	urd	ləkʰɑːnɑː
کھپنا	urd	kʰəpənɑː
پوناوالا	urd	puːnɑːʋɑːlɑː
پروین	urd	pəɾʋiːn
شالوم	urd	ʃɑːloːm
سندربن	urd	sənəd̪əɾəbən
راس	urd	ɾɑːs
کلیسا	urd	kəliːsɑː
قادیاں	urd	qɑːd̪ʊjɑː̃
چشمش	urd	t͡ʃəʃəməʃ
لکنا	urd	ləkənɑː
جوگن	urd	d͡ʒoːɡən
سین	urd	seːn
پارسل	urd	pɑːɾəsəl
جادوٹونا	urd	d͡ʒɑːd̪uːʈoːnɑː
ٹیلیگراف	urd	ʈeːliːɡəɾɑːf
کسے	urd	kəseː
کنھیں	urd	kənɦeː̃
فجر	urd	fəd͡ʒəɾ
گھس	urd	ɡʱəs
طب	urd	t̪əb
حلف	urd	ɦələf
غلطناما	urd	ɣələt̪ənɑːmɑː
ضمانتناما	urd	zəmɑːnət̪ənɑːmɑː
نکاحنامہ	urd	nəkɑːɦənɑːmɑ
جیر	urd	d͡ʒiːɾ
کھٹوا	urd	kʰəʈʋɑː
پیرج	urd	peːɾəd͡ʒ
دستکار	urd	d̪əst̪əkɑːɾ
شکاگو	urd	ʃəkɑːɡoː
اکسنا	urd	əkəsənɑː
دقیانوسی	urd	d̪əqʊjɑːnuːsiː
بیدرد	urd	beːd̪əɾd̪
رسوا	urd	ɾəsʋɑː
دبنا	urd	d̪əbənɑː
کھل	urd	kʰəl
سولی	urd	suːliː
جھول	urd	d͡ʒʱoːl
جیمنا	urd	d͡ʒiːmənɑː
بھوتنیکے	urd	bʱuːt̪əniːkeː
قمار	urd	qəmɑːɾ
غمزہ	urd	ɣəməzɑ
گلمچھا	urd	ɡəlmət͡ʃʰɑː
پانیپت	urd	pɑːniːpət̪
گمراہ	urd	ɡəməɾɑːɦ
گمنامی	urd	ɡəmənɑːmiː
گمراہی	urd	ɡəməɾɑːɦiː
چھٹھا	urd	t͡ʃʰəʈʰɑː
تاڑنا	urd	t̪ɑːɽənɑː
کوچنا	urd	koːt͡ʃənɑː
سراغ	urd	səɾɑːɣ
بیدھنا	urd	beːd̪ʱənɑː
شراکت	urd	ʃəɾɑːkət̪
کھٹکا	urd	kʰəʈəkɑː
گھنانا	urd	ɡʱənɑːnɑː
اگانا	urd	əɡɑːnɑː
شمار	urd	ʃəmɑːɾ
جھپٹا	urd	d͡ʒʱəpə̲ʈɑː
جھپٹ	urd	d͡ʒʱəpəʈ
جاتے	urd	d͡ʒɑːt̪eː
پڑتی	urd	pəɽət̪iː
مشت	urd	məʃt̪
جٹ	urd	d͡ʒəʈ
جٹنا	urd	d͡ʒəʈənɑː
لکھوانا	urd	ləkʰʋɑːnɑː
دیجیے	urd	d̪iːd͡ʒʊjeː
گھالنا	urd	ɡʱɑːlənɑː
سیکھ	urd	siːkʰ
رکھوانا	urd	ɾəkʰʋɑːnɑː
لگ	urd	ləɡ
دلوانا	urd	d̪əlʋɑːnɑː
توتاچشم	urd	t̪oːt̪ɑːt͡ʃəʃm
پینک	urd	piːnək
کھلیانا	urd	kʰəlʊjɑːnɑː
بھوندو	urd	bʱoːnəd̪uː
نیاز	urd	nʊjɑːz
کشتہ	urd	kəʃət̪ɑ
تدبیر	urd	t̪əd̪əbiːɾ
شایان	urd	ʃɑːjɑːn
گوسائیں	urd	ɡoːsɑːiː̃
مگری	urd	məɡə̲ɾiː
کڑما	urd	kəɽəmɑː
ترنا	urd	t̪əɾənɑː
دلکشی	urd	d̪ələkəʃiː
پاکیزہ	urd	pɑːkiːzɑ
گلفام	urd	ɡələfɑːm
پاسا	urd	pɑːsɑː
کوپی	urd	kuːpiː
گوپن	urd	ɡoːpən
نباہنا	urd	nəbɑːɦnɑː
نباہ	urd	nəbɑːɦ
غربت	urd	ɣəɾəbət̪
سراپا	urd	səɾɑːpɑː
لننا	urd	lənənɑː
لیسنا	urd	leːsənɑː
لوچنا	urd	loːt͡ʃənɑː
مکرنا	urd	məkəɾənɑː
دہنا	urd	d̪əɦnɑː
ریجھنا	urd	ɾiːd͡ʒʱənɑː
ڈھلکنا	urd	ɖʱələkənɑː
مسخرہ	urd	məsəxəɾɑ
حاضرات	urd	ɦɑːzə̲ɾɑːt̪
چام	urd	t͡ʃɑːm
افواج	urd	əfʋɑːd͡ʒ
مفتش	urd	məfə̲t̪əʃ
سگسار	urd	səɡəsɑːɾ
مرمر	urd	məɾəməɾ
افسا	urd	əfəsɑː
چکما	urd	t͡ʃəkəmɑː
فرد	urd	fəɾd̪
بادہ	urd	bɑːd̪ɑ
خوار	urd	xʋɑːɾ
خواری	urd	xʋɑːɾiː
بوزا	urd	buːzɑː
سخن	urd	səxən
کرستان	urd	kɾəsət̪ɑːn
ساگو	urd	sɑːɡuː
روزنامچہ	urd	ɾoːzənɑːmət͡ʃɑ
خلد	urd	xəld̪
طرہ	urd	t̪əɾɑ
آشامی	urd	ɑːʃɑːmiː
جم	urd	d͡ʒəm
تیغ	urd	t̪eːɣ
ٹھاننا	urd	ʈʰɑːnənɑː
دھدھکنا	urd	d̪ʱəd̪ʱəkənɑː
جاگیں	urd	d͡ʒɑːɡeː̃
لولو	urd	luːluː
بادبان	urd	bɑːd̪əbɑːn
سرسرانا	urd	səɾəsəɾɑːnɑː
طلسم	urd	t̪ələsm
سلفہ	urd	sələfɑ
بمبو	urd	bəməbuː
صن	urd	sən
غافل	urd	ɣɑːfəl
پانوس	urd	pɑːnuːs
ہوڑ	urd	ɦoːɽ
کوچہ	urd	kuːt͡ʃɑ
خستگی	urd	xəst̪əɡiː
قامت	urd	qɑːmət̪
فلاکت	urd	fəlɑːkət̪
ساننا	urd	sɑːnənɑː
گربہ	urd	ɡəɾəbɑ
اخلاص	urd	əxəlɑːs
پاٹنا	urd	pɑːʈənɑː
پٹانا	urd	pəʈɑːnɑː
تھنیلا	urd	t̪ʰəneːlɑː
صراف	urd	səɾɑːf
گرکٹ	urd	ɡəɾəkəʈ
جکڑنا	urd	d͡ʒəkəɽənɑː
جمگھٹ	urd	d͡ʒəməɡʱəʈ
فرنگستان	urd	fəɾənəɡəsət̪ɑːn
اکد	urd	əkəd̪
اکدی	urd	əkə̲d̪iː
نمایان	urd	nəmɑːjɑːn
نمایاں	urd	nəmɑːjɑː̃
چیر	urd	t͡ʃiːɾ
شپا	urd	ʃəpɑː
غارب	urd	ɣɑːɾəb
گاہ	urd	ɡɑːɦ
سامری	urd	sɑːməɾiː
فصح	urd	fəsəɦ
موآب	urd	moːɑːb
کبک	urd	kəbk
اخضر	urd	əxəzəɾ
اپجانا	urd	əpəd͡ʒɑːnɑː
مشتری	urd	məʃt̪əɾiː
سرغنہ	urd	səɾəɣənɑ
ننگٹا	urd	nənɡəʈɑː
مغفر	urd	məɣəfəɾ
ساحر	urd	sɑːɦəɾ
ساحری	urd	sɑːɦə̲ɾiː
ساحرہ	urd	sɑːɦə̲ɾɑ
تھوبڑا	urd	t̪ʰoːbəɽɑː
جھلم	urd	d͡ʒʱələm
زرہ	urd	zəɾɪɦ
بکتر	urd	bəkət̪əɾ
جوشن	urd	d͡ʒoːʃən
چلتہ	urd	t͡ʃələt̪ɑ
چپکانا	urd	t͡ʃəpəkɑːnɑː
کھال	urd	kʰɑːl
جلوانا	urd	d͡ʒəlʋɑːnɑː
دچھتی	urd	d̪ət͡ʃʰə̲t̪iː
جندڑی	urd	d͡ʒənd̪əɽiː
ساکنان	urd	sɑːkə̲nɑːn
کبڑا	urd	kəbəɽɑː
اگورنا	urd	əɡoːɾənɑː
چی	urd	t͡ʃiː
زنبورک	urd	zənəbuːɾək
دھت	urd	d̪ʱət̪
سمرنا	urd	səməɾənɑː
بنفشہ	urd	bənəfəʃɑ
کسیس	urd	kəsiːs
غلیل	urd	ɣəleːl
زنگار	urd	zənəɡɑːɾ
ترش	urd	t̪əɾʃ
صالح	urd	sɑːləɦ
بربادی	urd	bəɾəbɑːd̪iː
مذہبی	urd	məzəɦbiː
پھسپھس	urd	pʰəsəpʰəs
اگاہنا	urd	əɡɑːɦnɑː
شکن	urd	ʃəkən
جادوگری	urd	d͡ʒɑːd̪uːɡəɾiː
کرچ	urd	kəɾət͡ʃ
رولنا	urd	ɾoːlənɑː
موذی	urd	muːziː
ناپسندی	urd	nɑːpəsənəd̪iː
گی	urd	ɡiː
ہاتھا	urd	ɦɑːt̪ʰɑː
دبوسہ	urd	d̪əbuːsɑ
دنبال	urd	d̪ənəbɑːl
دنبالہ	urd	d̪ənəbɑːlɑ
دنبہ	urd	d̪ənəbɑ
دلدار	urd	d̪ələd̪ɑːɾ
نتھنا	urd	nət̪ʰənɑː
ابانا	urd	əbɑːnɑː
ملولا	urd	məloːlɑː
دغدغہ	urd	d̪əɣəd̪əɣɑ
قزاق	urd	qəzɑːq
کٹک	urd	kəʈək
اہرام	urd	əɦɾɑːm
احرام	urd	əɦəɾɑːm
چپراس	urd	t͡ʃəpəɾɑːs
جراب	urd	d͡ʒəɾɑːb
میگھنا	urd	meːɡʱənɑː
فروز	urd	fəɾoːz
خبطی	urd	xəbət̪iː
شغل	urd	ʃəɣəl
خندق	urd	xənəd̪əq
گھپلا	urd	ɡʱəpəlɑː
دلخراش	urd	d̪ələxəɾɑːʃ
کواڑ	urd	kɪʋɑːɽ
دھار	urd	d̪ʱɑːɾ
طفلانہ	urd	t̪əfəlɑːnɑ
زچہ	urd	zət͡ʃɑ
پلید	urd	pəliːd̪
قلزم	urd	qələzəm
پیچش	urd	peːt͡ʃəʃ
کانی	urd	kɑːniː
سلیمانی	urd	səleːmɑːniː
طحال	urd	t̪əɦɑːl
انگڑانا	urd	ənɡəɽɑːnɑː
کینہ	urd	kiːnɑ
کھنس	urd	kʰənəs
چھتہ	urd	t͡ʃʰət̪ɑ
شاہکار	urd	ʃɑːɦkɑːɾ
ذلالت	urd	zəlɑːlət̪
ضلالت	urd	zəlɑːlət̪
زلت	urd	zələt̪
کھٹیا	urd	kʰəʈʊjɑː
زک	urd	zək
دق	urd	d̪əq
چیس	urd	t͡ʃeːs
مادری	urd	mɑːd̪əɾiː
گھلنا	urd	ɡʱələnɑː
اتاق	urd	ət̪ɑːq
کنگھا	urd	kənəɡʱɑː
کھبا	urd	kʰəbɑː
کپا	urd	kəpɑː
کلول	urd	kəloːl
گپچپ	urd	ɡəpət͡ʃəp
الجھیڑا	urd	ələd͡ʒʱeːɽɑː
الجھیڑیا	urd	ələd͡ʒʱeːɽʊjɑː
کچکچ	urd	kət͡ʃəkət͡ʃ
پیشکش	urd	peːʃəkəʃ
نیہا	urd	neːɦɑː
پرس	urd	pəɾs
گوڈسے	urd	ɡoːɖəseː
بامھن	urd	bɑːmɦən
چھوپنا	urd	t͡ʃʰoːpənɑː
مہاراشٹری	urd	məɦɑːɾɑːʃʈɾiː
چیت	urd	t͡ʃiːt̪
پاںت	urd	pɑː̃t̪
اترادھنک	urd	ət̪ə̲ɾɑːd̪ʱə̲nək
گمڑا	urd	ɡəməɽɑː
سوہنا	urd	soːɦnɑː
آتھنا	urd	ɑːt̪ʰənɑː
پکھارنا	urd	pəkʰɑːɾənɑː
املتاس	urd	əmələt̪ɑːs
چوہڑا	urd	t͡ʃuːɦɽɑː
آدھنکتاواد	urd	ɑːd̪ʱə̲nəkət̪ɑːʋɑːd̪
بہلی	urd	bəɦliː
دادنی	urd	d̪ɑːd̪əniː
چاکھنا	urd	t͡ʃɑːkʰənɑː
پرسا	urd	pəɾəsɑː
کٹھ	urd	kəʈʰ
بیالو	urd	bjɑːluː
اپھننا	urd	əpʰənənɑː
اپھان	urd	əpʰɑːn
کشیپ	urd	kʃeːp
جار	urd	d͡ʒɑːɾ
دھکار	urd	d̪ʱəkɑːɾ
کلاپ	urd	kəlɑːp
بجھنا	urd	bəd͡ʒʱənɑː
موچن	urd	moːt͡ʃən
نرموہ	urd	nəɾəmoːɦ
صراحی	urd	səɾɑːɦiː
آڑھت	urd	ɑːɽʱət̪
ستھیا	urd	sət̪ʰʊjɑː
کنیسہ	urd	kəniːsɑ
کلال	urd	kəlɑːl
کلوار	urd	kəlʋɑːɾ
حجاب	urd	ɦəd͡ʒɑːb
ڈھہنا	urd	ɖʱəɦnɑː
ڈھاہنا	urd	ɖʱɑːɦnɑː
ڈھانا	urd	ɖʱɑːnɑː
ڈھہانا	urd	ɖʱəɦɑːnɑː
ڈھٹھائی	urd	ɖʱəʈʰɑːiː
سیزر	urd	siːzəɾ
دہکانا	urd	d̪əɦkɑːnɑː
پھسلانا	urd	pʰəsəlɑːnɑː
سجیلا	urd	səd͡ʒiːlɑː
اچلنا	urd	ət͡ʃələnɑː
کلسنا	urd	kələsənɑː
کلسانا	urd	kələsɑːnɑː
گھمکڑ	urd	ɡʱəmə̲kəɽ
کھلکڑ	urd	kʰələ̲kəɽ
کلس	urd	kələs
اناہ	urd	ənɑːɦ
ساکے	urd	sɑːkeː
ساکی	urd	sɑːkiː
اوجھ	urd	oːd͡ʒʱ
ساکھی	urd	sɑːkʰiː
روٹھ	urd	ɾuːʈʰ
سلگنا	urd	sələɡənɑː
سلگانا	urd	sələɡɑːnɑː
پکھڑی	urd	pəkʰə̲ɽiː
اٹا	urd	əʈɑː
سوجھنا	urd	suːd͡ʒʱənɑː
سوجھ	urd	suːd͡ʒʱ
سجھائی	urd	səd͡ʒʱɑːiː
جلدباز	urd	d͡ʒəld̪əbɑːz
پاٹ	urd	pɑːʈ
بھجیا	urd	bʱəd͡ʒʊjɑː
بھرجی	urd	bʱəɾəd͡ʒiː
چھپری	urd	t͡ʃʰəpəɾiː
چھپر	urd	t͡ʃʰəpəɾ
چھپڑ	urd	t͡ʃʰəpəɽ
شہ	urd	ʃɪɦ
بھیل	urd	bʱeːl
پشپکا	urd	pəʃpəkɑː
چالنا	urd	t͡ʃɑːlənɑː
اپاٹنا	urd	əpɑːʈənɑː
ٹھاڑھا	urd	ʈʰɑːɽʱɑː
گاںٹھنا	urd	ɡɑː̃ʈʰənɑː
چھاڑنا	urd	t͡ʃʰɑːɽənɑː
دہاڑا	urd	d̪əɦɑːɽɑː
کھود	urd	kʰuːd̪
سسواد	urd	səsʋɑːd̪
کٹھیار	urd	kəʈʰʊjɑːɾ
ستلی	urd	sət̪əliː
سان	urd	sɑːn
سل	urd	səl
چورا	urd	t͡ʃuːɾɑː
مرک	urd	məɾək
موگرا	urd	moːɡəɾɑː
نکٹا	urd	nəkəʈɑː
پارا	urd	pɑːɾɑː
پیندا	urd	peːnəd̪ɑː
ایتوار	urd	eːt̪ʋɑːɾ
بھانوار	urd	bʱɑːnɪʋɑːɾ
گون	urd	ɡoːn
پھن	urd	pʰən
گاگر	urd	ɡɑːɡəɾ
النگ	urd	ələnɡ
گوسوامی	urd	ɡoːsʋɑːmiː
تیورس	urd	t̪joːɾəs
نکھت	urd	nəkʰət̪
فلمانا	urd	fələmɑːnɑː
نوک	urd	noːk
منہاری	urd	mənə̲ɦɑːɾiː
منیار	urd	mənʊjɑːɾ
بکھاننا	urd	bəkʰɑːnənɑː
روپا	urd	ɾuːpɑː
چترماس	urd	t͡ʃət̪əɾəmɑːs
سدھنا	urd	səd̪ʱənɑː
ادیٹھ	urd	əd̪iːʈʰ
کیتکی	urd	keːt̪əkiː
سادھ	urd	sɑːd̪ʱ
سیٹھن	urd	seːʈʰən
چوٹا	urd	t͡ʃoːʈɑː
انیٹھ	urd	əniːʈʰ
سیل	urd	siːl
کلوٹا	urd	kəluːʈɑː
پگلانا	urd	pəɡəlɑːnɑː
کلہاڑا	urd	kələɦɑːɽɑː
سنریا	urd	sənəɾʊjɑː
پسارنا	urd	pəsɑːɾənɑː
پپڑی	urd	pəpəɽiː
جوگ	urd	d͡ʒoːɡ
سیجنا	urd	siːd͡ʒənɑː
گاجنا	urd	ɡɑːd͡ʒənɑː
گوڑھا	urd	ɡuːɽʱɑː
تراہا	urd	t̪əɾɑːɦɑː
ککنا	urd	kəkənɑː
گنہگار	urd	ɡənəɦɡɑːɾ
غالیچا	urd	ɣɑːliːt͡ʃɑː
کچومر	urd	kət͡ʃuːməɾ
چنگڑا	urd	t͡ʃənɡəɽɑː
کاچھ	urd	kɑːt͡ʃʰ
چابنا	urd	t͡ʃɑːbənɑː
چابھنا	urd	t͡ʃɑːbʱənɑː
پلیتھن	urd	pəleːt̪ʰən
مانک	urd	mɑːnək
ددا	urd	d̪əd̪ɑː
درک	urd	d̪ɾək
درش	urd	d̪ɾəʃ
راڑ	urd	ɾɑːɽ
درشا	urd	d̪ɾəʃɑː
پیکھنا	urd	peːkʰənɑː
بسندر	urd	bəsənəd̪əɾ
باڑوانل	urd	bɑːɽʋɑːnəl
ڈاڑھا	urd	ɖɑːɽʱɑː
جلجون	urd	d͡ʒələd͡ʒoːnə̲
انبج	urd	ənəbəd͡ʒ
الکشمی	urd	ələkʃmiː
نکرت	urd	nəkɾət̪ə̲
چنبا	urd	t͡ʃənəbɑː
گھروالی	urd	ɡʱəɾʋɑːliː
انبھ	urd	ənbʱ
شبھاکانکشی	urd	ʃəbʱɑːkɑːnkʃiː
چنتک	urd	t͡ʃənət̪ək
چدائی	urd	t͡ʃəd̪ɑːiː
انگمن	urd	ənəɡəmən
اپسنگمن	urd	əpəsənɡəmən
اپگم	urd	əpəɡəm
کریر	urd	kəɾiːɾ
ستریگمن	urd	st̪ɾiːɡəmən
پیوندھ	urd	pʊjoːnə̲d̪ʱə̲
پاتھودھ	urd	pɑːt̪ʰoːd̪ʱə̲
تویدھ	urd	t̪oːjd̪ʱə̲
ابھمانت	urd	əbʱə̲mɑːnət̪
آپت	urd	ɑːpət̪ə̲
جنبھن	urd	d͡ʒənəbʱən
رسنا	urd	ɾəsənɑː
رتکرم	urd	ɾət̪ə̲kəɾm
رتلکش	urd	ɾət̪ə̲ləkʃ
ستریبھوگ	urd	st̪ɾiːbʱoːɡ
مہاسکھ	urd	məɦɑːsəkʰ
پشدھرم	urd	pəʃə̲d̪ʱəɾm
چپنا	urd	t͡ʃəpənɑː
چپنی	urd	t͡ʃəpəniː
اٹھان	urd	əʈʰɑːn
راڑی	urd	ɾɑːɽiː
راڑیا	urd	ɾɑːɽʊjɑː
گندھانا	urd	ɡənəd̪ʱɑːnɑː
رسانا	urd	ɾəsɑːnɑː
پپولنا	urd	pəpoːlənɑː
لسنا	urd	ləsənɑː
بیڑھ	urd	beːɽʱ
چندربھاگا	urd	t͡ʃənd̪ɾəbʱɑːɡɑː
اچکانا	urd	ət͡ʃəkɑːnɑː
سندیس	urd	sənəd̪eːs
خبیث	urd	xəbiːs
دھائی	urd	d̪ʱɑːiː
دھای	urd	d̪ʱɑːj
گدی	urd	ɡəd̪iː
بھاٹیا	urd	bʱɑːʈʊjɑː
ڈھل	urd	ɖʱəl
چکارا	urd	t͡ʃəkɑːɾɑː
چٹیا	urd	t͡ʃəʈʊjɑː
چیتل	urd	t͡ʃiːt̪əl
پوہا	urd	poːɦɑː
چھوہرا	urd	t͡ʃʰoːɦɾɑː
کرانی	urd	kəɾɑːniː
پلینا	urd	pəleːnɑː
برادران	urd	bəɾɑːd̪əɾɑːn
انتظامات	urd	ənt̪əzɑːmɑːt̪
ناگل	urd	nɑːɡəl
کھٹولا	urd	kʰəʈoːlɑː
سلائی	urd	səlɑːiː
نذرانہ	urd	nəzəɾɑːnɑ
نہاری	urd	nəɦɑːɾiː
پھبنا	urd	pʰəbənɑː
تابڑتوڑ	urd	t̪ɑːbəɽət̪oːɽ
آکھنا	urd	ɑːkʰənɑː
بھادرپد	urd	bʱɑːd̪ɾəpəd̪
جفا	urd	d͡ʒəfɑː
پنگا	urd	pənəɡɑː
سوجھا	urd	soːd͡ʒʱɑː
ناٹھ	urd	nɑːʈʰ
نیہ	urd	neːɦ
بساہنا	urd	bəsɑːɦnɑː
مڑھنا	urd	məɽʱənɑː
ساچ	urd	sɑːt͡ʃ
کھیجنا	urd	kʰiːd͡ʒənɑː
گابھ	urd	ɡɑːbʱ
کوٹوار	urd	koːʈʋɑːɾ
ڈیوڑھی	urd	ɖjoːɽʱiː
پراںٹھا	urd	pəɾɑː̃ʈʰɑː
تیسی	urd	t̪iːsiː
اوسارا	urd	oːsɑːɾɑː
اڑن	urd	əɽən
سمدھن	urd	səməd̪ʱən
بدتمیزی	urd	bəd̪ət̪əmiːziː
بوہنی	urd	boːɦniː
جھگا	urd	d͡ʒʱəɡɑː
توتلا	urd	t̪oːt̪əlɑː
چھینکا	urd	t͡ʃʰiːnəkɑː
بونی	urd	boːniː
ادھکچرا	urd	əd̪ʱəkət͡ʃəɾɑː
ڈھکوسلا	urd	ɖʱəkoːsəlɑː
تھاتی	urd	t̪ʰɑːt̪iː
تھاتھی	urd	t̪ʰɑːt̪ʰiː
ندھڑک	urd	nəd̪ʱəɽək
اچھالنا	urd	ət͡ʃʰɑːlənɑː
کڑکنا	urd	kəɽəkənɑː
ستو	urd	sət̪uː
بٹرنا	urd	bəʈəɾənɑː
اٹھوارا	urd	əʈʰʋɑːɾɑː
متھا	urd	mət̪ʰɑː
متھے	urd	mət̪ʰeː
بیکسی	urd	beːkəsiː
جنبش	urd	d͡ʒənəbəʃ
شدیدہ	urd	ʃəd̪iːd̪ɑ
شدید	urd	ʃəd̪iːd̪
مظالم	urd	məzɑːləm
چرخ	urd	t͡ʃəɾx
باب	urd	bɑːb
اسامی	urd	əsɑːmiː
نوپر	urd	nuːpəɾ
بشر	urd	bəʃəɾ
رپٹنا	urd	ɾəpəʈənɑː
پوشیدہ	urd	poːʃiːd̪ɑ
گرویدہ	urd	ɡəɾʋiːd̪ɑ
پوشیدگی	urd	poːʃiːd̪əɡiː
دڑھ	urd	d̪əɽʱ
جودھا	urd	d͡ʒoːd̪ʱɑː
شاردا	urd	ʃɑːɾəd̪ɑː
گٹا	urd	ɡəʈɑː
گوٹا	urd	ɡoːʈɑː
بےمثال	urd	beːmə̲sɑːl
ٹٹکا	urd	ʈəʈəkɑː
باچھنا	urd	bɑːt͡ʃʰənɑː
ڈبڈبانا	urd	ɖəbəɖəbɑːnɑː
شبو	urd	ʃəboː
ناچیز	urd	nɑːt͡ʃiːz
گڑھا	urd	ɡəɽʱɑː
بجرا	urd	bəd͡ʒəɾɑː
چوبدار	urd	t͡ʃoːbəd̪ɑːɾ
کلنگ	urd	kələnɡ
دون	urd	d̪uːn
دارا	urd	d̪ɑːɾɑː
لوبان	urd	loːbɑːn
کوآلا	urd	koːɑːlɑː
بالغ	urd	bɑːləɣ
چچیرا	urd	t͡ʃət͡ʃeːɾɑː
پھپھیرا	urd	pʰəpʰeːɾɑː
اگھانا	urd	əɡʱɑːnɑː
لبریز	urd	ləbəɾeːz
پرشانت	urd	pɾəʃɑːnt̪
چچک	urd	t͡ʃət͡ʃək
پرکھا	urd	pəɾəkʰɑː
برغلانا	urd	bəɾəɣəlɑːnɑː
باڑا	urd	bɑːɽɑː
نروات	urd	nəɾʋɑːt̪
مانوں	urd	mɑːnoː̃
لتھیڑنا	urd	lət̪ʰeːɽənɑː
چکتا	urd	t͡ʃəkə̲t̪ɑː
ٹھرک	urd	ʈʰəɾək
پرکوٹا	urd	pəɾəkoːʈɑː
برکنا	urd	bəɾəkənɑː
شامت	urd	ʃɑːmət̪
کنیاکماری	urd	kənjɑːkə̲mɑːɾiː
بیانا	urd	bjɑːnɑː
بوڑنا	urd	buːɽənɑː
مجھولا	urd	məd͡ʒʱoːlɑː
چرائی	urd	t͡ʃəɾɑːiː
پتن	urd	pət̪ən
دپنا	urd	d̪əpənɑː
براجنا	urd	bəɾɑːd͡ʒənɑː
گھراتی	urd	ɡʱəɾɑːt̪iː
نچنا	urd	nət͡ʃənɑː
سرانا	urd	səɾɑːnɑː
پتیانا	urd	pət̪ʊjɑːnɑː
لٹنا	urd	ləʈənɑː
پروسنا	urd	pəɾoːsənɑː
لیہ	urd	leːɦ
کارگل	urd	kɑːɾəɡəl
نہار	urd	nəɦɑːɾ
گھساو	urd	ɡʱəsɑːʋ
دنیاداری	urd	d̪ənʊjɑːd̪ɑːɾiː
ابکنا	urd	əbəkənɑː
کھٹارا	urd	kʰəʈɑːɾɑː
سجنا	urd	səd͡ʒənɑː
نبہنا	urd	nəbəɦnɑː
سیمل	urd	seːməl
سلبٹا	urd	səlbəʈɑː
پیڑھا	urd	piːɽʱɑː
چھجا	urd	t͡ʃʰəd͡ʒɑː
چنندہ	urd	t͡ʃənənəd̪ɑ
گیانا	urd	ɡʊjɑːnɑː
بنائی	urd	bənɑːiː
گھنتا	urd	ɡʱənət̪ɑː
کمترین	urd	kəmət̪əɾiːn
گھڑیالی	urd	ɡʱəɽʊjɑːliː
ڈاٹنا	urd	ɖɑːʈənɑː
تتواودھان	urd	t̪ət̪ʋɑːʋd̪ʱɑːn
تازگی	urd	t̪ɑːzəɡiː
رنگنا	urd	ɾənɡənɑː
تتلانا	urd	t̪ət̪əlɑːnɑː
تتلا	urd	t̪ət̪əlɑː
لچیلا	urd	lət͡ʃiːlɑː
چستی	urd	t͡ʃəsət̪iː
چیتنا	urd	t͡ʃiːt̪ənɑː
لپلپانا	urd	ləpələpɑːnɑː
کھڑک	urd	kʰəɽək
آروپی	urd	ɑːɾoːpiː
اترائی	urd	ət̪əɾɑːiː
ساکشات	urd	sɑːkəʃɑːt̪
لٹانا	urd	ləʈɑːnɑː
گٹکنا	urd	ɡəʈəkənɑː
گٹھیلا	urd	ɡəʈʰiːlɑː
نیکا	urd	niːkɑː
پلیا	urd	pəlʊjɑː
نقلچی	urd	nəqələt͡ʃiː
نکسرا	urd	nəksəɾɑː
نکسراپن	urd	nəksəɾɑːpən
بادامی	urd	bɑːd̪ɑːmiː
گریانا	urd	ɡəɾʊjɑːnɑː
گلیانا	urd	ɡəlʊjɑːnɑː
کنگالی	urd	kənəɡɑːliː
تھوتھا	urd	t̪ʰoːt̪ʰɑː
تھوتا	urd	t̪ʰoːt̪ɑː
کھوکھلا	urd	kʰoːkʰəlɑː
کھوکلا	urd	kʰoːkəlɑː
کھوکھل	urd	kʰoːkʰəl
۔جیوی	urd	d͡ʒiːʋiː
چانگچون	urd	t͡ʃɑːnɡət͡ʃuːn
نانچانگ	urd	nɑːnət͡ʃɑːnɡ
بیجنا	urd	biːd͡ʒənɑː
گھنگرج	urd	ɡʱənəɡəɾəd͡ʒ
ڈنک	urd	ɖənk
کانازاوا	urd	kɑːnɑːzɑːʋɑː
اوکایاما	urd	oːkɑːjɑːmɑː
توتوری	urd	t̪oːt̪oːɾiː
ٹنک	urd	ʈənk
لسا	urd	ləsɑː
نتھ	urd	nət̪ʰ
السٹر	urd	ələsəʈəɾ
روپیا	urd	ɾuːpjɑː
بھبھکا	urd	bʱəbʱəkɑː
بھبھکنا	urd	bʱəbʱəkənɑː
کاتنا	urd	kɑːt̪ənɑː
بترا	urd	bət̪əɾɑː
پلئی	urd	pələiː
اپراہن	urd	əpəɾɑːɦn
گلچھرا	urd	ɡəlt͡ʃʰəɾɑː
تیسواں	urd	t̪iːsʋɑː̃
ڈھرا	urd	ɖʱəɾɑː
پھلیل	urd	pʰəleːl
سکچ	urd	səkət͡ʃ
سکچانا	urd	səkə̲t͡ʃɑːnɑː
سکچائی	urd	səkə̲t͡ʃɑːiː
سکچیلا	urd	səkə̲t͡ʃiːlɑː
بھنک	urd	bʱənək
بھٹکانا	urd	bʱəʈəkɑːnɑː
امیٹھی	urd	əmeːʈʰiː
امروہا	urd	əməɾoːɦɑː
باگپت	urd	bɑːɡəpət̪
باندا	urd	bɑːnəd̪ɑː
لیما	urd	liːmɑː
رباط	urd	ɾəbɑːt̪
پراگ	urd	pɾɑːɡ
چترکوٹ	urd	t͡ʃət̪ɾəkuːʈ
ایٹا	urd	eːʈɑː
مٹھری	urd	məʈʰəɾiː
ٹھٹھری	urd	ʈʰəʈʰəɾiː
دانتکی	urd	d̪ɑːnt̪əkiː
اٹاوا	urd	əʈɑːʋɑː
کھکھوڑنا	urd	kʰəkʰoːɽənɑː
قرینہ	urd	qəɾiːnɑ
ڈٹنا	urd	ɖəʈənɑː
ربڑی	urd	ɾəbəɽiː
رابڑی	urd	ɾɑːbəɽiː
مکھانا	urd	məkʰɑːnɑː
مرغ	urd	məɾɣ
بلوڑنا	urd	bəloːɽənɑː
نککٹا	urd	nəkəkəʈɑː
سرنا	urd	səɾənɑː
پطرس	urd	pət̪əɾəs
متی	urd	mət̪iː
سارنا	urd	sɑːɾənɑː
تاجک	urd	t̪ɑːd͡ʒək
خسرو	urd	xəsəɾoː
جمشید	urd	d͡ʒəməʃeːd̪
بنرجی	urd	bənəɾəd͡ʒiː
امبانی	urd	əməbɑːniː
دوے	urd	d̪ɪʋeː
شیٹیے	urd	ʃeːʈjeː
ادانی	urd	əd̪ɑːniː
مینون	urd	meːnoːn
باخ	urd	bɑːx
بیکاری	urd	beːkɑːɾiː
اپوہ	urd	əpoːɦ
ملاکا	urd	məlɑːkɑː
افغانی	urd	əfəɣɑːniː
سلانگور	urd	səlɑːnəɡoːɾ
نتاشا	urd	nət̪ɑːʃɑː
شاملی	urd	ʃɑːməliː
ہاپڑ	urd	ɦɑːpəɽ
بھروا	urd	bʱəɾʋɑː
بدچلن	urd	bəd̪ət͡ʃələn
لرزش	urd	ləɾəzəʃ
اکرا	urd	əkəɾɑː
لاگوس	urd	lɑːɡoːs
ادھپکا	urd	əd̪ʱəpəkɑː
بگھی	urd	bəɡʱiː
سکردو	urd	skəɾəd̪uː
کوسووو	urd	koːsoːʋoː
بلتستان	urd	bələt̪əsət̪ɑːn
ڈیٹ	urd	ɖeːʈ
گڑنا	urd	ɡəɽənɑː
گڑانا	urd	ɡəɽɑːnɑː
گڑوانا	urd	ɡəɽʋɑːnɑː
گرمانا	urd	ɡəɾəmɑːnɑː
سیندھا	urd	seːnəd̪ʱɑː
خاسکر	urd	xɑːsəkəɾ
دھماکیدار	urd	d̪ʱəmɑːkeːd̪ɑːɾ
خاطرداری	urd	xɑːt̪əɾəd̪ɑːɾiː
مٹیار	urd	məʈʊjɑːɾ
سمبھل	urd	səməbʱəl
کھیپ	urd	kʰeːp
بھاٹا	urd	bʱɑːʈɑː
سلاپ	urd	səlɑːp
بیاس	urd	bjɑːs
راوی	urd	ɾɑːʋiː
فاطمہ	urd	fɑːt̪ə̲mɑ
چکرانا	urd	t͡ʃəkəɾɑːnɑː
بیندھنا	urd	biːnd̪ʱənɑː
ناکامیاب	urd	nɑːkɑːmjɑːb
ناکامیابی	urd	nɑːkɑːmjɑːbiː
بقراط	urd	bəqəɾɑːt̪
دمدار	urd	d̪əməd̪ɑːɾ
چاڈ	urd	t͡ʃɑːɖ
بوتا	urd	buːt̪ɑː
جوڈو	urd	d͡ʒuːɖoː
سوات	urd	sʋɑːt̪
کھلبل	urd	kʰələbəl
صدیق	urd	səd̪iːq
کوبڑ	urd	kuːbəɽ
ترکیب	urd	t̪əɾəkiːb
شیرین	urd	ʃiːɾiːn
لت	urd	lət̪
حنوک	urd	ɦənoːk
ماچا	urd	mɑːt͡ʃɑː
اسفندیار	urd	əsəfənəd̪ʊjɑːɾ
اروبا	urd	əɾuːbɑː
سوہ	urd	soːɦ
بکسو	urd	bəkəsoː
چنار	urd	t͡ʃənɑːɾ
پکڑانا	urd	pəkəɽɑːnɑː
گھسوانا	urd	ɡʱəsʋɑːnɑː
رجھنا	urd	ɾəd͡ʒʱənɑː
ڈگنا	urd	ɖəɡənɑː
ڈگانا	urd	ɖəɡɑːnɑː
جوٹھا	urd	d͡ʒuːʈʰɑː
دابھ	urd	d̪ɑːbʱ
امیٹھنا	urd	əmeːʈʰənɑː
ڈاسنا	urd	ɖɑːsənɑː
گندھار	urd	ɡənəd̪ʱɑːɾ
منوج	urd	mənoːd͡ʒ
تھکانا	urd	t̪ʰəkɑːnɑː
تھرنا	urd	t̪ʰəɾənɑː
پٹھانی	urd	pəʈʰɑːniː
سیلکھڑی	urd	seːləkʰəɽiː
ٹڈو	urd	ʈəɖoː
اندریاس	urd	ənd̪ɾʊjɑːs
چنری	urd	t͡ʃənəɾiː
ٹونگا	urd	ʈoːnəɡɑː
سپہسالار	urd	səpəɦsɑːlɑːɾ
پھہرانا	urd	pʰəɦɾɑːnɑː
ابخازیا	urd	əbəxɑːzʊjɑː
تاتارستان	urd	t̪ɑːt̪ɑːɾəsət̪ɑːn
ابخاز	urd	əbəxɑːz
باندرہ	urd	bɑːnd̪ɾɑ
سانتاکروز	urd	sɑːnət̪ɑːkəɾuːz
بمب	urd	bəmb
اجھکنا	urd	əd͡ʒʱəkənɑː
کوشر	urd	koːʃəɾ
باغان	urd	bɑːɣɑːn
پھرپھرانا	urd	pʰəɾpʰəɾɑːnɑː
تھار	urd	t̪ʰɑːɾ
رریانا	urd	ɾəɾʊjɑːnɑː
ٹھنکنا	urd	ʈʰənəkənɑː
ٹھنک	urd	ʈʰənək
چھڑنا	urd	t͡ʃʰəɽənɑː
بقلاوہ	urd	bəqəlɑːʋɑ
جھلملانا	urd	d͡ʒʱəlməlɑːnɑː
جھلملا	urd	d͡ʒʱəlməlɑː
جھلملی	urd	d͡ʒʱəlməliː
کوجنا	urd	kuːd͡ʒənɑː
تھرکنا	urd	t̪ʰəɾəkənɑː
کلپنا	urd	kələpənɑː
کلپانا	urd	kələpɑːnɑː
ملاوی	urd	məlɑːʋiː
چراغدان	urd	t͡ʃəɾɑːɣəd̪ɑːn
اسقاط	urd	əsəqɑːt̪
چروانا	urd	t͡ʃəɾʋɑːnɑː
رنک	urd	ɾənk
نسوار	urd	nəsʋɑːɾ
پنک	urd	pənk
اتھانا	urd	ət̪ʰɑːnɑː
ٹھاٹھ	urd	ʈʰɑːʈʰ
ترپنا	urd	t̪əɾəpənɑː
ٹھٹھکنا	urd	ʈʰəʈʰəkənɑː
ٹھالا	urd	ʈʰɑːlɑː
بیکا	urd	biːkɑː
دبلانا	urd	d̪əbəlɑːnɑː
جھال	urd	d͡ʒʱɑːl
ہان	urd	ɦɑːn
جھالنا	urd	d͡ʒʱɑːlənɑː
زناخی	urd	zənɑːxiː
دسنا	urd	d̪əsənɑː
ڈھیلنا	urd	ɖʱiːlənɑː
ڈھیلاپن	urd	ɖʱiːlɑːpən
ڈھیٹھتا	urd	ɖʱiːʈʰət̪ɑː
ڈھیٹھپن	urd	ɖʱiːʈʰəpən
کپل	urd	kəpəl
مرقس	urd	məɾəqəs
برسانا	urd	bəɾəsɑːnɑː
گوڑ	urd	ɡoːɽ
سلمان	urd	sələmɑːn
پدی	urd	pəd̪iː
سکڑنا	urd	səkəɽənɑː
اہیر	urd	əɦiːɾ
نرکھنا	urd	nəɾəkʰənɑː
جڑی	urd	d͡ʒəɽiː
کمکم	urd	kəməkəm
بوٹا	urd	buːʈɑː
بوٹی	urd	buːʈiː
اوج	urd	oːd͡ʒ
اسیرنا	urd	əseːɾənɑː
دستوری	urd	d̪əsət̪uːɾiː
سالار	urd	sɑːlɑːɾ
گاہنا	urd	ɡɑːɦnɑː
رندہ	urd	ɾənəd̪ɑ
مندیپ	urd	mənəd̪iːp
دیپا	urd	d̪iːpɑː
سپر	urd	səpəɾ
خلاص	urd	xəlɑːs
ناسور	urd	nɑːsuːɾ
صابی	urd	sɑːbiː
ناصری	urd	nɑːsəɾiː
چیتھنا	urd	t͡ʃiːt̪ʰənɑː
چیتھڑا	urd	t͡ʃiːt̪ʰəɽɑː
چتھاڑنا	urd	t͡ʃət̪ʰɑːɽənɑː
چتھڑیا	urd	t͡ʃət̪ʰəɽʊjɑː
چھٹکنا	urd	t͡ʃʰəʈəkənɑː
بدبدانا	urd	bəd̪bəd̪ɑːnɑː
بدبد	urd	bəd̪əbəd̪
زیر	urd	zeːɾ
خومانی	urd	xuːmɑːniː
خر	urd	xəɾ
دارجلنگ	urd	d̪ɑːɾd͡ʒələnɡ
چرخاب	urd	t͡ʃəɾəxɑːb
چکوا	urd	t͡ʃəkʋɑː
قذف	urd	qəzf
ربی	urd	ɾəbiː
ٹھر	urd	ʈʰəɾ
سسک	urd	səsək
سسکی	urd	səsəkiː
پردھان	urd	pəɾə̲d̪ʱɑːn
ناسنا	urd	nɑːsənɑː
ناشنا	urd	nɑːʃənɑː
نسنا	urd	nəsənɑː
ناقص	urd	nɑːqəs
بھیدی	urd	bʱeːd̪iː
بھیدیا	urd	bʱeːd̪ʊjɑː
جھکورنا	urd	d͡ʒʱəkoːɾənɑː
سجن	urd	səd͡ʒən
