㔂甘蔗	lân-kam-tsià
㝗港	láng-káng
㤉𡳞	gê-lān
㧎㧎	khê-khê
㧎空	khê-khang
㧎跤㧎手	khê-kha-khê-tshiú
㧎關	khê-kuan
㧎馬	khê-bé
㧣風	tu-hong
㧣風搢水	tu-hong-tsìnn-tsuí
㨂甲	tàng-kah
㪉紙機	kap-tsuá-ki
㾀屎	khiap-sái
䆀手	bái-tshiú
䆀手仔	bái-tshiú-á
䆀手仔枴	bái-tshiú-á-kuái
䆀才	bái-tsâi
䆀抉	bái-kuat
䆀料	bái-liāu
䆀樣	bái-iūnn
䆀火	bái-hué
䆀甲有賰	bái-kah-ū-tshun
䆀甲有齊勻	bái-kah-ū-tsiâu-ûn
䆀貨	bái-huè
䇭履仔	ló-lí-á
䉪錢	luí-tsînn
䖙倒起腰	the-tó-khí-io
䖳仔	thē-á
䖳仔水	thē-ái-tsúi
䖳魚	thē-hî
䠡街按路	tshê/tshuê-ke/kue-àn-lōo
䢢往	tshiāng-óng
䢢拄䢢拄著	tshiāng-tú-tshiāng-tú-tio̍h
䫐一下	lìm-tsi̍t-ē
一丈差九尺	tsi̍t-tn̄g-tsha-káu-tshioh
一丈槌無留三尺後	tsi̍t-tn̄g-thuî-bô-lâu-sann-tshioh-āu
一丈槌著留三尺後	tsi̍t-tn̄g-thuî-tio̍h-lâu-sann-tshioh-āu
一丈紅	it-tiōng-hông
一下	tsi̍t-ē
一下仔	tsi̍t-ē-á
一下子	tsi̍t-ē-á
一下子囝	tsi̍t-ē-á-kiánn
一下手	tsi̍t-ē-tshiú
一下按呢	tsi̍t-ê-án-ne
一下轉到厝	tsi̍t-ē-tńg-kàu-tshù
一世	it-sè
一世人	tsi̍t-sì-lâng
一个	tsi̍t-ê
一个一个	tsi̍t-ê-tsi̍t-ê
一个人	tsi̍t-ê-lâng
一个人無雙重才	tsi̍t-ê-lâng-bô-siang-tîng-tsâi
一个人無雙頭才	tsi̍t-ê-lâng-bô-siang-thâu-tsâi
一个仔一个	tsi̍t-ê-á-tsi̍t-ê
一个喙若拍磟碡仔	tsi̍t-ê-tshuì-nā-phah-la̍k-ta̍k-á
一个喙若雞母尻川	tsi̍t-ê-tshuì-ná-ke-bó-kha-tshuinn
一个接一个	tsi̍t-ê-tsiap-tsi̍t-ê
一个某較好三个天公祖	tsi̍t-ê-bóo-khah-hó-sann-ê-Thinn-kong-tsóo
一个查某囝允兩个親情	tsi̍t-ê-tsa-bóo-kiánn-ín-nn̄g-ê-tshin-tsiânn
一个紅龜按一个位	tsi̍t-ê-âng-ku-àn-tsi̍t-ê-uī
一个錢拍廿四个結	tsi̍t-ê-tsînn-phah-jia̍p-sì-ê-kat
一串紅	it-tshuàn-hông
一丹好	it-tan-hó
一久仔	it-kú-á
一九九二年	it-kiú-kiú-jī-nî
一九扣	it-kiú-khàu
一五一十	it-gōo-it-tsa̍p
一五二貫七	it-gōo-jī-kuàn-tshit
一人害眾人	tsi̍t-lâng-hāi-tsìng-lâng
一人行一路	tsi̍t-lâng-kiânn-tsi̍t-lōo
一人袂比得一人	tsi̍t-lâng-bē-pí-tit-tsi̍t-lâng
一人講一款	tsi̍t-lâng-kóng-tsi̍t-khuán
一人講一話	tsi̍t-lâng-kóng-tsi̍t-uē
一人逆眾人	tsi̍t-lâng-gi̍k-tsiòng-lâng
一仙五厘	tsi̍t-sián-gōo-lî
一件	tsi̍t-kiānn
一份	tsi̍t-hūn
一來	it-lâi
一例一休	it-lē-it-hiu
一例一歇	tsi̍t-lē-tsi̍t-hioh
一倒水	it-tó-tsuí
一停仔	tsi̍t-thîng-á
一兩工	tsi̍t-nn̄g-kang
一兩日	tsi̍t-nn̄g-ji̍t
一再	it-tsài
一刀見肉	tsi̍t-to-kìnn-bah
一分錢拍二十四个結	tsi̍t-hun-tsînn-phah-jī-tsa̍p-sì-ê-kat
一分鐘	tsi̍t-hun-tsing
一切	it-tshè
一切攏是假影的	It-tshè-lóng-sī-ké-iánn-ê
一切攏是假的	it-tshè-lóng-sī-ké-ê
一列	tsi̍t-lia̍t
一則	it-tsik
一劫過一劫	tsi̍t-kiap-kuè-tsi̍t-kiap
一勞永逸	it-lô-íng-i̍k
一勻一勻	tsi̍t-ûn-tsi̍t-ûn
一匕一中	it-pí-it-tiòng
一匕中	it-pí-tiòng
一千賒毋值八百現	tsi̍t-tshing-sia-m̄-ta̍t-peh-pah-hiàn
一千賒毋達八百現	tsi̍t-tshian-sia-m̄-ta̍t-peh-pah-hiàn
一半工	tsi̍t-puànn-kang
一半擺仔	tsi̍t-puànn-pái-á
一半日	tsi̍t-puànn-ji̍t
一半過仔	tsi̍t-puànn-kuè-á
一卡通	it-khá-thong
一去不回頭	it-khì-p-huê-thâu
一句半句	tsi̍t-kù-puànn-kù
一句講就袂曉話	tsi̍t-kū-kóng-tō-bē-hiáu-uē
一句講都袂曉話	tsi̍t-kù-kóng-to-bē-hiáu-uē
一叫一應	tsi̍t-kiò-tsi̍t-ìng
一向	it-hiòng
一周	tsi̍t-tsiu
一味	it-bī
一喙傳一耳	tsi̍t-tshuì-thuân-tsi̍t-hīnn
一喙掛雙舌	tsi̍t-tshuì-kuà-siang-tsi̍h
一喙氣	tsi̍t-tshuì-khuì
一喙雙頭	tsi̍t-tshuì-siang-thâu
一喙雙頭出	tsi̍t-tshuì-siang-thâu-tshut
一嘴氣	tsi̍t-tshuì-khuì
一四界	tsi̍t-sì-kè
一囷草	tsi̍t-khûn-tsháu
一圈	tsi̍t-khian
一國兩制	It-kok-lióng-tsè
一坵田	tsi̍t-khu-tshân
一垺尿	tsi̍t-pû-jiō
一夥	tsi̍t-hué
一失一得	it-sit-it-tit
一子	tsi̍t-jí
一字平	it-jī-pênn
一字毋捌一劃	tsi̍t-jī-m̄-bat-tsi̍t-ue̍h
一定	it-tīng
一家一家	tsi̍t-ke-tsi̍t-ke
一家口	tsi̍t-ke-kháu
一寡	tsi̍t-kuá
一寡仔	tsi̍t-kuá-á
一寸仔	tsi̍t-tshǹg-á
一對時	tsi̍t-tuì-sî
一尾	it-bué
一尾魚	chı̍t-bóe-hî
一尾魚落鼎	tsi̍t-bué-hî-lo̍h-tiánn
一屑仔	tsi̍t-sut-á
一工	tsi̍t-kang
一工到暗	tsi̍t-kang-kàu-àm
一工貼貼	tsi̍t-kang-tah-tah
一己	it-kí
一帆風順	it-phâng-hong-sūn
一席之地	it-si̍k-tsi-tē
一帶	it-tài
一幅圖	tsi̍t-pak-tôo
一年	tsi̍t-nî
一年半載	it-liân-puàn-tsài
一年換二十四个頭家	tsi̍t-nî-uānn-jī-tsa̍p-sì-ê-thâu-ke
一年迵天	tsi̍t-nî-thàng-thinn
一年透冬	tsi̍t-nî-thàu-tang
一庀仔	tsi̍t-phí-á
一庀庀仔	tsi̍t-phí-phí-á
一床包仔	tsi̍t-sn̂g-pau-á
一度	it-tó
一度一	it-tó-it
一度好	it-tó-hó
一廂情願	it-siong-tsîng-guān
一張眠床	tsi̍t-tiunn-bîn-tshn̂g
一律	it-lu̍t
一得一失	it-tit-it-sit
一徛一畫	tsi̍t-khiā-tsi̍t-uē
一心一意	it-sim-it-ì
一心二用	it-sim-nn̄g-īong
一心憶著	tsi̍t-sim-i̍t-tio̍h
一意孤行	it-ì-koo-hîng
一應俱全	it-ìng-kū-tsuân
一所在	tsi̍t-sóo-tsāi
一手	tsi̍t-tshiú
一手包辦	tsi̍t-tshiú-pau-pān
一技之長	it-ki-tsi-tiông
一把抓	it-pá-tsua
一括	tsi̍t-kuah
一拳無夠死	tsi̍t-kûn-bô-kàu-sí
一捲	tsi̍t-kńg
一掃空	it-sóo-khong
一掃而空	it-sàu-jî-khong
一掠長	tsi̍t-lia̍h-tn̂g
一搦米	tsi̍t-la̍k-bí
一搭	tsi̍t-tah
一撇	tsi̍t-phuat
一撮	tsi̍t-tshok
一撮仔	tsi̍t-tshok-á
一擺	tsi̍t-pái
一擺半擺	tsi̍t-pái-puànn-pái
一擺閣一擺	tsi̍t-pái-koh-tsi̍t-pái
一支喙親像破雞筅	tsi̍t-ki-tshuì-tshin-tshiūnn-phuà-ke-tshíng
一文不值	it-bûn-put-ti̍t
一斗	tsi̍t-táu
一方破一方	tsi̍t-hng-phuà-tsi̍t-hng
一方通行	it-hong-thong-hîng
一方面	tsi̍t-hong-bīn
一旁	tsi̍t-pîng
一日一日	tsi̍t-ji̍t-tsi̍t-ji̍t
一日三行情	tsi̍t-ji̍t-sann-hâng-tsîng
一日不見如三秋	it-ji̍t-put-kiàn-jû-sann-tshiu
一旦	it-tàn
一早	it-tsá
一是一二是二	it-sī-it-lī-sī-lī
一時	tsi̍t-sî
一時之間	it-sî-tsi-kan
一時仔	tsi̍t-sî-á
一時失覺察	tsi̍t-sî-sit-kak-tshat
一時心適興	tsi̍t-sî-sim-sik-hing
一時無張持	tsi̍t-sî-bô-tiunn-tî
一時無斟酌	tsi̍t-sî-bô-tsim-tsiok
一時無注意	tsi̍t-sî-bô-tsù-ì
一時袂比得一時	tsi̍t-sî-bē-pí-tit-tsi̍t-sî
一時風駛一時船	Tsi̍t-sî-hong-sái-tsi̍t-sî-tsûn
一晡	tsi̍t-poo
一晡久	tsi̍t-poo-kú
一暝日	tsi̍t-mê-ji̍t
一暫仔	tsi̍t-tsām-á
一月	it-gue̍h
一月外	tsi̍t-gue̍h-guā
一月捅	tsi̍t-gue̍h-thóng
一望無盡	it-bōng-bô7-tsīn
一朝	it-tiau
一本萬利	it-pún-bān-lī
一板一眼	it-pán-it-gán
一枇弓蕉	tsi̍t-pî-king-tsio
一枝獨秀	it-ki-to̍k-siù
一枝竹篙壓倒一船載	tsi̍t-ki-tik-ko-ah-tó-tsi̍t-tsûn-tsài
一枝花	it-ki-hue
一枝香	tsi̍t-ki-hiunn
一桮	tsi̍t-pue
一條根	it-tiâu-kin
一條歌	tsi̍t-tiâu-kua
一條腸仔通尻川	tsi̍t-tiâu-tn̂g-á-thong-kha-tshng
一條錢	tsi̍t-tiâu-tsînn
一概	it-khài
一模一樣	it-bôo-it-iūnn
一樣	tsi̍t-iūnn
一樣米飼百樣人	tsi̍t-iūnn-bí-tshī-pah-iūnn-lâng
一欉香	tsi̍t-tsâng-hiunn
一步取	tsi̍t-pōo-tshú
一步登天	it-pōo-ting-thian
一步𬦰上天	tsi̍t-pōo-peh-tsiūnn-thinn
一死百了	it-sú-pah-liáu
一毛不拔	it-môo-put-pua̍t
一氣	tsi̍t-khuì
一氧化碳	it-iông-huà-thuànn
一決雌雄	it-kuat-tshu-hiông
一波三折	it-pho-sam-tsiat
一注錢	tsi̍t-tù-tsînn
一派胡言	it-phài-hôo-giân
一流	it-iû
一流水	it-liû-suí
一清二楚	it-tshing-jī-tshó
一清二白	it-tshing-jī-pi̍k
一港風	tsi̍t-káng-hong
一溜仔囝	tsi̍t-liu-á-kiánn
一炮而紅	it-phàu-jî-hông
一炷香	tsi̍t-tsù-hiunn
一無所知	it-bû-sóo-ti
一無所長	it-bû-sóo-tiông
一爿	tsi̍t-pîng
一爿一國	tsi̍t-pîng-tsi̍t-kok
一片帆	tsi̍t-phìnn-phâng
一牛車	tsi̍t-gû-tshia
一生	it-sing
一畦田	tsi̍t-hê-tshân
一番獎	it-huan-tsióng
一疕仔	tsi̍t-phí-á
一痎	it-hai
一百	tsi̍t-pà
一百空七年	tsi̍t-pah-khòng-tshit-nî
一百箍	tsi̍t-pah-khoo
一百蔭九赤	tsi̍t-pe̍h-ìm-káu-tshiah
一盡	it-tsīn
一目	it-bo̍k
一目了然	it-bo̍k-liáu-jiân
一目仔	tsi̍t-ba̍k-á
一目瞬	tsi̍t-ba̍k-sut
一目𥍉	tsi̍t-ba̍k-nih
一目𥍉仔	tsi̍t-ba̍k-nih-á
一目𥍉仔久	tsi̍t-ba̍k-nih-á-kú
一直	it-ti̍t
一直到	it-ti̍t-kàu
一直咧	it-ti̍t-leh
一眉仔	tsi̍t-bâi-á
一眼分明	it-gán-hun-bîng
一睏	tsi̍t-khùn
一睏仔	tsi̍t-khùn-á
一睏懶	tsi̍t-khùn-lán
一睏手	tsi̍t-khùn-tshiú
一知半解	it-ti-puànn-kái
一禮拜	tsi̍t-lé-pài
一空一隙	tsi̍t-khang-tsi̍t-khiah
一空掠兩尾	tsi̍t-khang-lia̍h-nn̄g-bué
一空掠雙隻	tsi̍t-khang-lia̍h-siang-tsiah
一窟死窟仔水	tsi̍t-khut-sí-khut-á-tsuí
一筆勾銷	it-pit-kau-siau
一筆成	it-pit-sîng
一筆錢	tsi̍t-pit-tsînn
一等	it-tíng
一等一	it-tíng-it
一等好	it-tíng-hó
一箍	tsi̍t-khoo
一箍人	tsi̍t-khoo-lâng
一箍圍	tsi̍t-khoo-uî
一箍拄天	tsi̍t-khoo-tú-thinn
一箍若天柱	tsi̍t-khoo-nā-thinn-thiāu
一節課	tsi̍t-tsiat-khò
一篷人	tsi̍t-phâng-lâng
一簇仔	tsi̍t-tshok-á
一籌莫展	it-tiû-bo̍k-tián
一籠	tsi̍t-láng
一粒一	it-lia̍p-it
一粒珠	tsi̍t-lia̍p-tsu
一紀年	tsi̍t-khí-nî
一紙	tsi̍t-tsí
一統	it-thóng
一絲一厘都無差	tsi̍t-si-tsi̍t-lî-to-bô-tsha
一絲不掛	it-si-put-kuà
一絲仔	tsi̍t-si-á
一絲仔就袂走閃得	tsi̍t-si-á-tō-bē-tsáu-siám-tit
一絲絲仔	tsi̍t-si-si-á
一網打盡	it-bóng-tánn-tsīn
一緊	it-kín
一罐	tsi̍t-kuàn
一耙食到冬尾	tsi̍t-pê-tsia̍h-kàu-tang-bué
一耦鱟	tsi̍t-ngauh-hāu
一腳	tsi̍t-kha
一腹火	tsi̍t-pak-hué
一臂之力	it-pì-tsi-li̍k
一致	it-tì
一致性	it-tì-sìng
一舉	it-kí
一舉兩得	it-kí-lióng-tit
一般	it-puann
一般性	it-puann-sìng
一色	it-sik
一莢弓蕉	tsi̍t-ngeh-king-tsio
一落千丈	it-lo̍h-tshian-tn̄g
一葉草	it-hio̍h-tsháu
一葩火	tsi̍t-pha-hué
一蕊	tsi̍t-luí
一行	tsi̍t-kiânn
一表人才	it-piáu-jîn-tsâi
一視同仁	it-sī-tông-jîn
一覽表	it-lám-pió
一角	tsi̍t-kak
一角剝	tsi̍t-kak-pak
一觸即發	it-tshiok-tsik-huat
一言不合	it-giân-put-ha̍p
一言堂	it-giân-tông
一語	it-gí
一諾千金	it-lo̍k-tshian-kim
一貫	it-kuàn
一跤一手	tsi̍t-kha-tsi̍t-tshiú
一跤一跡	tsi̍t-kha-tsi̍t-jiah
一路	tsi̍t-lōo
一路上	tsi̍t-lōo-siāng
一路取	tsi̍t-lōo-tshú
一路順風	tsi̍t-lōo-sūn-hong
一蹶不振	it-kuat-put-tsín
一身	tsi̍t-sin
一身頭尾	tsi̍t-sin-thâu-bué
一軀	tsi̍t-su
一輒久	tsi̍t-tiap-kú
一輒仔久	tsi̍t-tiap-á-kú
一輦	tsi̍t-liàn
一迣	tsi̍t-tsuā
一透	tsi̍t-thàu
一透早	tsi̍t-thàu-tsá
一逝	tsi̍t-tsuā
一遍	tsi̍t-piàn
一過半過	tsi̍t-kuè-puànn-kuè
一邊	tsi̍t-pinn
一酸化炭素	it-sng-huà-thuànn-sòo
一醒	tsi̍t-tshénn
一錯再錯	it-tshò-tsài-tshò
一開始	tsi̍t-khai-sí
一闖	tsi̍t-tshuàng
一關過了又一關	tsit-kuan-kuè-liáu-iū-tsit-kuan
一陣	tsi̍t-tsūn
一陣人	tsi̍t-tīn-lâng
一陣仔	tsi̍t-tsūn-á
一陣風	tsi̍t-tsūn-hong
一隻	tsi̍t-tsiah
一隻囝	tsi̍t-tsiah-kiánn
一隻牛剝雙領皮	tsi̍t-tsiah-gû-pak-siang-niá-phuê
一隻蝨母謗甲水牛大	tsi̍t-tsiah-sat-bó-pòng-kah-tsuí-gû-tuā
一雷天下響	it-luî-thian-hā-hiáng
一霎仔	tsi̍t-tia̍p-á
一霎仔久	tsi̍t-tiap-á-kú
一面	tsi̍t-bīn
一面倒	tsi̍t-bīn-tó
一面抹壁雙面光	tsi̍t-bīn-buah-piah-siang-bīn-kng
一頂眠床	tsi̍t-tíng-bîn-tshn̂g
一領	tsi̍t-niá
一頭霧水	tsi̍t-thâu-bū-tsuí
一顯	tsi̍t-hiánn
一餌釣雙魚	tsi̍t-jī-tiò-siang-hî
一首歌	tsi̍t-siú-kua
一馬掛雙鞍	it-má-kuà-siang-uann
一馬當先	it-má-tong-sian
一體	it-thé
一鳴驚人	it-bîng-king-jîn
一點一揬	tsi̍t-tiám-tsi̍t-tuh
一點一滴	tsi̍t-tiám-tsi̍t-tih
一點仔	tsi̍t-tiám-á
一點仔囝	tsi̍t-tiám-á-kiánn
一點紅	it-tiám-hông
一點點仔	tsi̍t-tiám-tiám-á
一齊	tsi̍t-tsê
一齣菜	tsi̍t-tshut-tshài
丁字壩	ting-lī-pà
丁字尺	ting-jī-tshioh
丁字褲	ting-jī-khòo
丁抹國	Ting-buat-kok
丁挽舅	ting-bán-kū
丁挽舊旗魚	ting-bán-kū-kî-hî
丁斑	ting-pan
丁蓮	ting-nî
丁香	ting-hiunn
丁香魚	ting-hiunn-hî
丁香鳥	ting-hiunn-tsiáu
七也八也	tshit-ā-peh-ā
七仔	tshit-á
七仔科	tshit-á-khue
七仔笑八仔	tshit-á-tshiò-peh-á
七創八創	tshit-tshòng-peh-tshòng
七匼八笑	tshit-khap-peh-tshiò
七叉八耙	tshit-tshe-peh-pê
七堵	Tshit-tóo
七夕	tshit-si̍k
七奇八怪	tshit-kî-peh-kuài
七姑星	tshit-koo-tshenn
七娘媽	Tshit-niû-má
七孔	tshit-khóng
七寸金	tshit-tshùn-kim
七尺槌無留三尺後	tshit-tshioh-thuî-bô-lâu-sann-tshioh-āu
七層塔	tshit-tsàn-thah
七巧圖	tshit-khá-tôo
七彩	tshit-tshái
七彩筆	tshit-tshái-pit
七扣八扣	tshit-khàu-peh-khàu
七扣八除	tshit-khàu-peh-tû
七拐八拐	tshit-kuái-peh-kuái
七捏八捏	tshit-lia̍p-peh-lia̍p
七早八早	tshit-tsá-peh-tsá
七星	Tshit-tshenn
七星尺	tshit-tshenn-tshioh
七星草	tshit-tshenn-tsháu
七星魚	tshit-tshenn-hî
七星鱸	tshit-tshenn-lôo
七曜	tshit-iāu
七月半	tshit-gue̍h-puànn
七月半鴨仔毋知死	tshit-gue̍h-puànn-ah-á-m̄-tsai-sí
七月尾	tshit-gue̍h-bué
七步蛇	tshit-pōo-tsuâ
七歪八拐	tshit-uai-peh-kuái
七歪八斜	tshit-uai-peh-tshua̍h
七煞八敗	tshit-suah-peh-pāi
七爺八爺	tshit-iâ-peh-iâ
七的	tshit-ê
七硞八硞	tshit-kho̍k-peh-kho̍k
七竅衝煙	tshit-khiàu-tshìng-ian
七美	Tshit-bí
七老八拄	Tshit-lāu-peh-tú
七老八老	tshit-lāu-peh-lāu
七股臺灣鹽博物館	Tshit-kóo-Tâi-uân-Iâm-Phok-bu̍t-kuán
七腸仔	tshit-tn̂g-á
七色	tshit-sik
七色圖	tshit-sik-tôo
七葉膽	tshit-hio̍h-tánn
七葉蓮	tshit-hio̍h-liân
七葉蘭	tshit-hio̍h-lân
七號仔	tshit-hō-á
七號𥴊仔店	tshit-hō-kám-á-tiàm
七覆八笑	tshit-phak-peh-tshiò
七訣八訣	tshit-kuat-peh-kuat
七講八講	tshit-kóng-peh-kóng
七變八變	tshit-pìnn-peh-pìnn
七起八落	tshit-khí-peh-lo̍h
七跤八手	tshit-kha-peh-tshiú
七身無夠死	tshit-sin-bô-kàu-sí
七里香	tshit-lí-hiang
七除八扣	tshit-tû-peh-khàu
七顛八笑	tshit-tian-peh-tshiò
七鬥八鬥	tshit-tàu-peh-tàu
七點	tshit-tiám
丈人	tiūnn-lâng
丈人伯	tiūnn-lâng-peh
丈人爸	tiūnn-lâng-pâ
丈夫	tiōng-hu
丈姆	tiūnn-ḿ
丈姆婆	tiūnn-ḿ-pô
三七二十一	sann-tshit-jī-tsa̍p-it
三七仔	sam-tshit-á
三三五五	sam-sam-ngóo-ngóo
三三八八	sam-sam-pat-pat
三不五時	sam-put-gōo-sî
三不服	sam-put-ho̍k
三不正	sam-put-tsiànn
三不正時	sann-put-tsìng-sî
三不等	sam-put-tíng
三不管	sam-put-kuán
三个半人	sann-ê-puànn-lâng
三人兩面	sann-lâng-nn̄g-bīn
三仔三十一	sann-á-sann-tsa̍p-it
三仙台	Sam-sian-tâi
三令五申	sam-līng-ngóo-sin
三伏天	sam-ho̍k-thinn
三作四歇	sann-tsoh-sì-hioh
三做四歇	sann-tsò-sì-hioh
三做四毋著	sann-tsò-sì-m̄-tio̍h
三元	Sam-guân
三元仔	sam-guân-á
三元魚	sam-guân-hî
三光	sam-kong
三兩人講四斤話	sann-niú-lâng-kóng-sì-kin-uē
三兩句話	sann-nn̄g-kù-uē
三兩工仔	sann-nn̄g-kang-á
三八	sam-pat
三八假賢慧	sam-pat-ké-hiân-huē
三八叮咚	sam-pat-ting-tong
三八叮噹	sam-pat-ting-tang
三八哩囉	sam-pat-li-lo
三八嘴	sam-pat-tshuì
三八婆	sam-pat-pô
三八查某	sam-pat-tsa-bóo
三八氣	sam-pat-khuì
三八無藥醫	sam-pat-bô-io̍h-i
三八甲有賰	sam-pat-kah-ū-tshun
三八膣	sam-pat-tsi
三八芝	sam-pat-tsi
三八赤	sam-pat-tshiah
三八雨	sam-pat-hōo
三兵神	sam-phiann-sîn
三冬花	sam-tang-hue
三分球	sann-hun-kiû
三加皮	sann-ka-phî
三十	sann-tsa̍p
三十下昏	sann-tsa̍p-e-huinn
三十六計走為先	sann-tsa̍p-la̍k-kè-tsáu-uī-sian
三十張犁	sann-tsa̍p-tiunn-lê
三十捅	sann-tsa̍p-thóng
三千年一擺海漲	sann-tshing-nî-tsi̍t-pái-hái-tiòng
三千年的狗屎也提出來講	sann-tshing-nî-ê-káu-sái-iā-the̍h-tshut-lâi-kóng
三叉	sam-tshe
三叉河	Sam-tshe-hô
三叉草	sann-tshe-tsháu
三叉路	sam-tshe-lōo
三友花	sam-iú-hua
三合	sann-ha̍p
三合一	sann-ha̍p-it
三合院	sann-ha̍p-īnn
三商銀	Sam-siong-gîn
三國	Sam-kok
三國志	sam-kok-tsì
三國演義	Sam-kok-ián-gī
三國鼎立	sam-kok-tíng-li̍p
三圍	sam-uî
三地門	Sam-tē-mn̂g
三堡三	sann-pó-sann
三塊厝	Sann-tè-tshù
三壘手	sann-luí-tshiú
三大法人	sann-tuā-huat-jîn
三姑六婆	sam-koo-lio̍k-pô
三娘	sam-niû
三字塗連做伙	sann-jī-thôo-liân-tsò-hué
三字經	sam-jī-king
三官大帝	Sam-kuan-Tāi-tè
三密擠	sam-bi̍t-tsik
三寶	sann-pó
三寶顏	Sam-pó-gân
三寶顏市	Sam-pó-gân-tshī
三層	sam-tsàn
三層樓	sann-tsàn-lâu
三層肉	sam-tsàn-bah
三峽	Sam-kiap
三巴壟	sam-pa-lang
三弦	sam-hiân
三彎兩斡	sann-uan-nn̄g-uat
三彎兩轉	sann-uan-nn̄g-tsuán
三心兩意	sam-sim-lióng-ì
三思	sàm-su
三思而後行	sam-su-jî-hiō-hîng
三思而行	sàm-su-jî-hîng
三扣四扣	sann-khàu-sì-khàu
三把車	sann-pé-tshia
三指	sann-tsáinn
三揀四揀	sann-kíng-sì-kíng
三擺兩擺	sann-pái-nn̄g-pái
三支手	sann-ki-tshiú
三改	sann-kái
三敆鐵	Sann-kap-thih
三教九流	sam-kàu-kiú-liû
三文魚	sam-bûn-hî
三斑	sam-pan
三斑娘	sam-pan-niû
三斑弄濁水	sam-pan-lāng-lô-tsuí
三斑搖	sam-pan-iô
三斑魚	sam-pan-hî
三斤貓咬四斤鳥鼠	sann-kin-niau-kā-sì-kin-niáu-tshí
三日不見久溜溜	sann-ji̍t-put-kiàn-kiú-liu-liu
三日新	sann-ji̍t-sin
三日節	sann-ji̍t-tseh
三明	Sam-bîng
三星	Sann-tshenn
三時風兩時雨	sann-sî-hong,-nn̄g-sî-hōo
三更半暝	sann-kenn-puànn-mê
三更暝半	sann-kinn-mê-puànn
三月痟媽祖	sann-gue̍h-siáu-Má-tsóo
三月節	sann-gue̍h-tseh
三杯卵糕	sann-pue-nn̄g-ko
三林鎮	Sam-lîm-tìn
三步做一伐	sann-pōo-tsò-tsi̍t-hua̍h
三毛球	sam-môo-kiû
三民主義	Sam-bîn-tsú-gī
三流	sann-liû
三消病	sam-siau-pēnn
三消症	sann-siau-tsìng
三溫暖	sam-un-luán
三火	sann-hué
三爽	sàm-sóng
三牲胚	sam-sing-phue
三牲頭	sam-sing-thâu
三生	sann-senn
三界公	sam-kài-kong
三界公生	Sann-kài-kong-senn
三番五次	sann-huan-ngóo-tshù
三番五覆	sam-huan-ngóo-hok
三白	sam-pi̍k
三皇五帝	Sam-hông-Ngóo-tè
三目鐵	Sann-ba̍k-thih
三碗飯	sann-uánn-pn̄g
三立	Sam-li̍p
三等二號	sann-tíng-jī-hō
三等十二號	sann-tíng-tsa̍p-jī-hō
三節仔	sann-tsat-á
三節六蹺	sann-tsat-la̍k-khiau
三節曲	sann-tsat-khiau
三節蹺	sann-tsat-khiau
三級跳	sann-kip-thiàu
三綱鳥	sam-kong-tsiáu
三線路	sam-suànn-lōo
三總	Sam-tsóng
三義	Sam-gī
三耳草	sann-hīnn-tsháu
三聘五聘	sam-phìng-ngóo-phìng
三腳丁	sann-kha-ting
三腳仔	sann-kha-á
三腳剪	sann-kha-tsián
三腳弓	sann-kha-king
三腳推	sann-kha-tu
三腳架	sann-kha-kè
三腳株	sann-kha-tu
三腳桌	sann-kha-toh
三腳皮	sann-kha-phuê
三腳砧	sann-kha-tiam
三腳破	sann-kha-phuà
三腳虎	sann-kha-hóo
三腳貓	sann-kha-niau
三腳釘	sann-kha-ting
三腳馬	sann-kha-bé
三腳鱉	sann-kha-pih
三腳鼊	sann-kha-pih
三腳鼎	sann-kha-tiánn
三色	sam-sik
三色人講五色話	sam-sik-lâng-kóng-ngóo-sik-uē
三色豆	sam-sik-tāu
三芝	Sam-tsi
三花	sam-hua
三葉蘭	sann-hio̍h-lân
三葉酸	sann-hio̍h-sng
三薟草	sann-liâm-tsháu
三藍	sam-lâm
三藏	sam-tsōng
三親六認	sann-tshin-la̍k-jīn
三觀五覆	sam-kuan-ngóo-hok
三角	sann-kak
三角仔	sann-kak-á
三角六肩	sann-kak-la̍k-king
三角姑	sann-kak-koo
三角娘仔	sann-kak-niû-á
三角店	Sann-kak-tiàm
三角形	sann-kak-hîng
三角格仔	sann-kak-keh-á
三角梅	sann-kak-muî
三角楓	sann-kak-png
三角法	sann-kak-huat
三角目	sann-kak-ba̍k
三角箛	sann-kak-koo
三角肉	sann-kak-bah
三角肌	sann-kak-ki
三角肩	sann-kak-king
三角花	sann-kak-hue
三角薸	sann-kak-phiô
三角蛾	Sam-kak-ia̍h
三角身	sann-kak-sin
三角鉤	sann-kak-koo
三角鑽	sann-kak-tsǹg
三角鯧	sann-kak-tshiunn
三角龍	sann-kak-liông
三言兩語	sann-giân-lióng-gí
三請五喙	sann-tshiánn-gōo-tshuì
三請四姑情	sam-tshiánn-sì-koo-tsiânn
三講四毋著	sann-kóng-sì-m̄-tio̍h
三講四落氣	sann-kóng-sì-làu-khuì
三讀會	sam-tho̍k-huē
三貂角	Sam-tiau-kak
三跤仔	sann-kha-á
三跤娘仔	sann-kha-niû-á
三跤欠一跤	sann-kha-khiàm-tsi̍t-kha
三跤步一坎店	sann-kha-pōo-tsi̍t-khám-tiàm
三跤豬僫刣	sann-kha-ti-oh-thâi
三跤貓笑一目狗	sann-kha-niau-tshiò-tsi̍t-ba̍k-káu
三跤馬	sann-kha-bé
三跤鱉	sann-kha-pih
三軍	sann-kun
三軍總醫院	Sam-kun-tsóng-i-īnn
三輕	Sann-khin
三輪仔車	sann-lián-á-tshia
三輪車仔	sann-lián-tshia-á
三辣	sam-lua̍h
三遷四遷	sann-tshian-sì-tshian
三部曲	sann-pōo-khik
三重	sam-tîng
三重埔	Sann-tīng-poo
三重市	Sam-tiông-tshī
三長兩短	sann-tn̂g-nn̄g-té
三長四短命	sann-tn̂g-sì-té-miā
三門	Sam-bûn
三關兩意	sam-kuan-lióng-ì
三隻手	sann-ki-tshiú
三隻豬仔	sann-tsiah-ti-á
三頓綴人袂著	sann-tǹg-tuè-lâng-bē-tio̍h
三頓袂齊勻	sann-tn̄g-bē-tsiâu-ûn
三頓逐無一頓飽	sann-tn̄g-jiok-bô-tsit-tǹg-pá
三頭二	sann-thâu-jī
三頭兩面	sann-thâu-nn̄g-bīn
三頭四	sann-thâu-sì
三頭鳥	Sann-thâu-tsiáu
三顧茅蘆	sam-kòo-mâu-lôo
三餐不度	sam-tshan-put-tōo
三鬚	sann-tshiu
三麴	sam-khiok
三點仔	sann-tiám-á
三齣頭	sann-tshut-thâu
上丁	tsiūnn-ting
上上落落	tsiūnn-tsiūnn-lo̍h-lo̍h
上下跤	siōng-ē-kha
上不正即下歪	siōng-put-tsìng-tsik-hā-uai
上代先	siōng-tāi-sing
上任	tsiūnn-jīm
上位	siāng-uī
上來	tsiunn-lâi
上傳	siōng-thuân
上儕	siāng-tsē
上元	siāng-guân
上元節	siāng-guân-tseh
上凊瘼	tshiūnn-tshìn-mooh
上加	siāng-ke
上北	tsiūnn-pak
上卌	tsiūnn-siap
上卌著袂攝	tsiūnn-siap-tio̍h-bē-liap
上去	tsiūnn-khì
上取	tsiūnn-tshú
上台	tsiūnn-tâi
上品	siāng-phín
上城	Siōng-siânn
上堂	tsiūnn-tn̂g
上場	tsiūnn-tiûnn
上墓	tshiūnn-bōng
上大	siāng-tuā
上大代死煞	siāng-tuā-tāi-sí-suah
上天	tsiūnn-thinn
上好	siāng-hó
上好勢	siāng-hó-sì
上好是	siōng-hó-sī
上媠	siāng-suí
上學	tsiūnn-o̍h
上官	tsiūnn-kuann
上家甲	tsiūnn-ke-kah
上尉	siāng-uì
上少	siāng-tsió
上尾	siāng-bué
上尾仔	siōng-bué-á
上尾手	siāng-bué-tshiú
上尾的	siāng-bué-ê
上尾線	siōng-búe-suànn
上山	tsiūnn-suann
上岸	tsiūnn-huānn
上崎	tsiūnn-kiā
上市	tsiūnn-tshī
上帝	siāng-tè
上帝公	siāng-tè-kong
上帝爺	siāng-tè-iâ
上床	tsiūnn-tshn̂g
上店窗	tshiūnn-tiàm-thang
上廁所	tsiūnn-tshè-sóo
上後壁	siāng-āu-piah
上後腳	tshiūnn-āu-kha
上愛	siōng-ài
上懸	siāng-kuân
上手	tsiūnn-tshiú
上教	tsiūnn-kà
上早	siāng-tsá
上春	tsiūnn-tshun
上杭	Siōng-hâng
上架	tsiūnn-kè
上校	siāng-hāu
上格	tsiūnn-keh
上梁	tsiūnn-niû
上樓	tsiūnn-lâu
上樣	tsiūnn-iūnn
上櫃	tsiūnn-kuī
上歡喜	siāng-huann-hí
上正	tsiūnn-tsiànn
上歲頭	tsiūnn-huè-thâu
上歹	siāng-phái
上殕	tshiūnn-phú
上水	tshiūnn-tsuí
上海	Siōng-hái
上海市	Siōng-hái-tshī
上海毛蟹	Siōng-hái-moo-hē
上海雞	siāng-hái-ke
上溡	tshiūnn-tshî
上滿盤	siōng-buán-puânn
上濛	tshiūnn-bông
上濟	siāng-tsē
上烏斑	tshiūnn-oo-pan
上無	siāng-bô
上煞尾	siāng-suah-bué
上片	tsiūnn-phìnn
上班	siāng-pan
上疆	tsiūnn-kiunn
上目	tsiūnn-ba̍k
上童	tsiūnn-tâng
上等上	siāng-tíng-siāng
上算	tsiūnn-sǹg
上範	tsiūnn-pān
上緊	siāng-kín
上聲	sióng-siann
上肉	tsiūnn-bah
上腳	tsiūnn-kioh
上膊骨	siōng-phok-kut
上至少	siāng-tsì-tsió
上船	tsiūnn-tsûn
上色	tsiūnn-sik
上菜市	tsiūnn-tshài-tshī
上落	tsiūnn-lo̍h
上蓋	siāng-kài
上蓋儕	siāng-kài-tsē
上蓋大	siāng-kài-tuā
上蓋好	siāng-kài-hó
上蓋戇	siōng-kài-gōng
上蓋近	siāng-kài-kīn
上虞	Siōng-gû
上街	tsiūnn-ke
上課	siōng-khò
上諓	tsiūnn-tsînn
上路尾	siāng-lōo-bué
上身	tsiūnn-sin
上車	tsiūnn-tshia
上近	siāng-kīn
上運	tsiūnn-ūn
上釣	tsiūnn-tiò
上門	tsiūnn-mn̂g
上門娶	tsiūnn-mn̂g-tshuā
上閹雞膋	tsiūnn-iam-ke-lâ
上陣	tsiūnn-tīn
上陸	tsiūnn-lio̍k
上離吊	tsiūnn-lī-tiàu
上雺	tsiūnn-bông
上頭	tshiūnn-thâu
上頭一下	siōng-thâu-tsi̍t-ē
上頭上面	tsiūnn-thâu-tsiūnn-bīn
上頭仔	siāng-thâu-á
上顎骨	siōng-go̍k-kut
上香	siāng-hiang
上馬寒	tsiūnn-bé-hân
上馬風	tsiūnn-bé-hong
下一个	ē-tsi̍t-ê
下一勻	ē-tsi̍t-ûn
下一椽	ē-tsi̍t-iân
下一沿	ē-tsi̍t-iân
下一站	ē-tsi̍t-tsām
下一腳	ē-tsi̍t-kha
下一輩	ē-tsi̍t-puè
下世人	ē-sì-lâng
下仔	ē-á
下令	hā-līng
下任	ē-līm
下位	ē-uī
下作	hā-tsoh
下元	hā-guân
下冬	ē-tang
下凡	hā-huān
下出世	ē-tshut-sì
下列	hā-lia̍t
下剸	ē-tn̂g
下力	hē-la̍t
下功夫	hē-kang-hu
下勢風	ē-sì-hong
下勻	ē-ûn
下午	hā-ngóo
下午茶	hā-ngóo-tê
下半工	ē-puànn-kang
下半年	ē-puànn-nî
下半日	ē-puànn-ji̍t
下半晝仔	ē-puànn-tàu-á
下半晡	ē-puànn-poo
下半晡仔	ē-puànn-poo-á
下半暝	ē-puànn-mê
下半月	ē-puànn-gue̍h
下半身	ē-puànn-sin
下南	hā-lâm
下厝	ē-tshù
下台	hā-tâi
下司	ē-si
下命	hē-miā
下命令	hā-bīng-līng
下唇	ē-tûn
下回	ē-huê
下城	Ē-siânn
下埔	Ē-poo
下埤頭	Ē-pi-thâu
下場	hā-tiûnn
下墜	hā-tuī
下士	hā-sū
下大靜脈	ē-tuā-tsīng-me̍h
下女	hā-lí
下嫁	hā-kà
下孤注	hē-koo-tù
下學期	ē-ha̍k-kî
下家	ē-ke
下屆	ē-kài
下層	hā-tsân
下屬	hā-sio̍k
下山	hā-san
下工夫	hē-kang-hu
下幫	ē-pang
下底	ē-té
下底衫	ē-té-sann
下後手	hē-āu-tshiú
下心神	hā-sim-sîn
下性命	hē-sènn-miā
下情	hā-tsîng
下意識	hā-ì-sik
下房	ē-pâng
下手	ē-tshiú
下挫	hā-tshò
下搗	ē-táu
下擺	ē-pái
下擺袂使	ē-pái-bē-sái
下改	ē-kái
下放	hā-hòng
下文	hā-bûn
下斗	ē-táu
下斗鬚	ē-táu-tshiu
下旁	ē-pîng
下日	ē-ji̍t
下早	ē-tsái
下早仔	e-tsái-á
下早市	ē-tsái-tshī
下早頓	e-tsái-tǹg
下早飯	e-tsái-pn̄g
下旬	hā-sûn
下昏	ē-hng
下昏暗	ē-hng-àm
下昏暝	ē-hng-mê
下昏討無明仔早起頓	e-hng-thó-bô-bîng-á-tsá-khí-tǹg
下昏頓	ē-hng-tǹg
下昏飯	ē-hng-pn̄g
下晝	ē-tàu
下晝時	ē-tàu-sî
下晝時仔	ē-tàu-sî-á
下晝晡	ē-tàu-poo
下晝頓	ē-tàu-tǹg
下晝飯	ē-tàu-pn̄g
下晡	ē-poo
下晡市	e-poo-tshī
下晡時	ē-poo-sî
下晡時仔	ē-poo-sî-á
下晡點心	e-poo-tiám-sim
下暗	ē-àm
下暗做伙睏	e-àm-tsò-hué-khùn
下暗頓	e-àm-tǹg
下暗飯	e-àm-pn̄g
下期	ē-kî
下本	hē-pún
下本錢	hē-pún-tsînn
下格	ē-keh
下梢	hā-sau
下榻	hā-thah
下樓	hā-lâu
下橈	hē-giô
下橛	ē-kue̍h
下次	ē-tshù
下毒	hē-to̍k
下毒手	hē-to̍k-tshiú
下水	hā-suí
下水溝	hā-tsuí-kau
下水道	hā-tsuí-tō
下沿	ē-iân
下流	hā-liû
下消	hā-siau
下港	ē-káng
下港人	ē-káng-lâng
下游	hā-iû
下滿	ē-muá
下營	Ē-iânn
下班	ē-pan
下痟	hā-siau
下痢	hā-lī
下盤生理	ē-puânn-sing-lí
下神託佛	hē-sîn-thok-pu̍t
下禮拜	ē-lé-pài
下端	ē-tuan
下筆	hē-pit
下等	hā-tíng
下等下	hā-tíng-hā
下等貨	hā-tíng-huè
下策	hā-tshik
下級	hā-kip
下結論	hā-kiat-lūn
下肥	hē-puî
下腰	ē-io
下腳	ē-kha
下腳手	ē-kha-tshiú
下腳裾	ē-kha-ki
下腹	ē-pak
下腹仔	ē-pak-á
下腿	ē-thuí
下船	hē-tsûn
下色	hē-sik
下落	hē-lo̍h
下葬	hā-tsòng
下藥	hā-io̍h
下行	hā-hîng
下裾	ē-ki
下課	hā-khò
下貨	hā-huè
下賂	hē-lōo
下賤	hā-tsiān
下跤手人	ē-kha-tshiú-lâng
下跤料	hā-kha-liāu
下跤踏庄	Ē-kha-ta̍h-tsng
下跪	hā-kuī
下身	ē-sin
下輩	ē-puè
下述	hā-su̍t
下遊	hā-iû
下過	ē-kuè
下達	hā-ta̍t
下部	ē-pōo
下鄉	hā-hiong
下重	hē-tāng
下野	hā-iá
下錠	hē-tiānn
下降	hā-kàng
下限	hā-hān
下陷	hā-hām
下面	ē-bīn
下頦	ē-huâi
下頦骨	ē-hâi-kut
下頭	ē-thâu
下頷	ē-ham
下顎	ē-gok
下願	hē-guān
下馬威	hā-má-ui
下體	hā-thé
不一而足	put-it-jî-tsiok
不七不八	put-tshit-put-pat
不三似兩	put-sam-sū-lióng
不三時	put-sam-sî
不中用	put-tiòng-iōng
不丹	Put-tan
不二價	put-jī-kè
不二法門	put-jī-huat-mn̂g
不亦樂乎	put-i̍k-lo̍k-hòo
不以為然	put-í-uî-jiân
不但	put-tān
不住	put-tsū
不使鬼	put-sú-kuí
不便	put-piān
不修	put-siu
不倒翁	put-tó-ong
不克	put-khik
不免	put-bián
不全	put-tsuân
不八不七	put-pat-put-tshit
不共戴天	put-kiōng-tè-thian
不准	put-tsún
不凡	put-huân
不切實際	put-tshiat-si̍t-tsè
不利	put-lī
不務正業	put-bū-tsìng-gia̍p
不勝酒力	put-sìng-tsiú-li̍k
不勞而獲	put-lô-jî-hi̍k
不厭其煩	put-iàm-kî-huân
不受教	put-siū-kàu
不只	put-tsí
不可多得	put-khó-to-tit
不可思議	put-khó-su-gī
不可收拾	put-khó-siu-sip
不可理喻	put-khó-lí-jū
不可知論	put-khó-ti-lūn
不可諱言	put-khó-huì-giân
不合時宜	put-ha̍p-sî-gî
不吉	put-kiat
不同點	put-tông-tiám
不周	put-tsiu
不善	put-siān
不在	put-tsāi
不在此限	put-tsāi-tshú-hān
不在話下	put-tsāi-uē-hā
不堪一擊	put-kham-it-kik
不堪設想	put-kham-siat-sióng
不夜城	put-iā-siânn
不失為	put-sit-uî
不女仔	put-lú-á
不如	put-jî
不如意	put-jî-ì
不妙	put-biāu
不妥	put-thò
不妨	put-hông
不孕症	put-īn-tsìng
不存天	put-tshûn-thinn
不孝	put-hàu
不孝囝	put-hàu-kiánn
不孝子	put-hàu-tsú
不安	put-an
不定	put-tīng
不宜	put-gî
不容置疑	put-iông-tì-gî
不少	put-siáu
不屑	put-sut
不常在	put-tshîng-tsāi
不平	put-pîng
不平之鳴	put-pîng-tsi-bîng
不幸	put-hīng
不度	put-tōo
不廉	put-liâm
不廉嘴	put-liâm-tshuì
不得不	put-tit-put
不得了	put-tik-liáu
不得已	put-tik-í
不得而知	put-tit-lî-ti
不必	put-pit
不忘	put-bông
不悅	put-ia̍t
不情	put-tsîng
不情不願	put-tsîng-put-guān
不惑	put-hi̍k
不意中	put-ì-tiong
不慎	put-sīn
不應該	put-ing-kai
不成蒜	put-sîng-suàn
不才	put-tsâi
不折不扣	put-tsiat-put-khàu
不接一	put-tsiap-it
不擇手段	put-ti̍k-tshiú-tuānn
不支倒地	put-tsi-tó-tē
不敢當	put-kám-tong
不敵	put-ti̍k
不斷	put-tuān
不明	put-bîng
不明不白	put-bîng-put-pe̍h
不是	put-sī
不時	put-sî
不服	put-ho̍k
不朽	put-hiú
不橐不束	put-lok-put-sok
不歡而散	put-huan-lî-sàn
不止	put-tsí
不止仔	put-tsí-á
不止仔好	put-tsí-á-hó
不止是	put-tsí-sī
不正	put-tsìng
不正當	put-tsìng-tong
不死草	put-sú-tsháu
不死鬼	put-sú-kuí
不比	put-pí
不治	put-tī
不法	put-huat
不渡	put-tōo
不滿	put-buán
不為所動	put-uî-sóo-tōng
不無	put-bô
不甘寂寞	put-kam-tsi̍k-bo̍k
不由分說	put-iû-hun-sueh
不由自主	put-iû-tsū-tsú
不當	put-tòng
不白之冤	put-pe̍h-tsi-uan
不盡	put-tsīn
不目	put-ba̍k
不直	put-ti̍t
不相干	put-siang-kan
不省人事	put-síng-jîn-sū
不眠不休	put-bîn-put-hiu
不知不覺	put-tsai-put-kak
不知去向	put-ti-khì-hiòng
不知所云	put-ti-sóo-ûn
不知者不罪	put-ti-tsiá-put-tsuē
不知足	put-ti-tsiok
不禁	put-kìm
不移	put-î
不符	put-hû
不等	put-tíng
不答不七	put-tap-put-tshit
不管	put-kuán
不管時	put-kuán-sî
不約而同	put-iok-lî-tông
不結	put-kiat
不絕	put-tsua̍t
不絕於耳	put-tsua̍t-û-ní
不義	put-gī
不而過	put-jî-kò
不耐煩	put-nāi-huân
不肖	put-siàu
不肖丁	put-siàu-ting
不肖子	put-siàu-tsú
不能不	put-lîng-put
不脛而走	put-kìng-jî-tsáu
不自覺	put-tsū-kak
不良	put-liâng
不良份子	put-liâng-hūn-tsú
不良少年	put-liâng-siàu-liân
不藥而癒	put-io̍h-jî-jú
不虛此行	put-hi-tshú-hîng
不見天	put-kiàn-thian
不見天王	Put-kiàn-thian-ông
不覺	put-kak
不解	put-kái
不計	put-kè
不計其數	put-kè-kî-sòo
不該	put-kai
不詳	put-siông
不論	put-lūn
不謀而合	put-bôo-jî-ha̍p
不識時務	put-sik-sî-bū
不變	put-piàn
不負眾望	put-hū-tsiòng-bōng
不貪不取	put-tham-put-tshú
不足	put-tsiok
不足為外人道	put-tsiok-uî-guā-jîn-tō
不足為奇	put-tsiok-uî-kî
不軌	put-khuí
不輸上下	put-su-siōng-hā
不通	put-thong
不通不	put-thong-put
不通潲	put-thong-siâu
不速之客	put-sok-tsi-kheh
不遂	put-suī
不過	put-kò
不配	put-phuè
不雅	put-ngá
不離三寶	put-lī-sam-pó
不離匙	put-lī-sî
不順眼	put-sūn-gán
不齒	put-khí
丑仔	thiú-á
丑仔戲	thiú-á-hì
丑旦	thiunn-tuànn
丑腳	thiúnn-kioh
丑鴨	thiúnn-ah
且一邊	tshiánn-tsi̍t-pinn
且看	tshiánn-khuànn
且說	tshiánn-sueh
世上	sè-siāng
世事	sè-sū
世交	sè-kau
世代	sè-tāi
世俗	sè-sio̍k
世俗事	sè-sio̍k-sū
世俗人	sè-sio̍k-lâng
世外桃源	sè-guā-thô-guân
世宗	Sè-tsong
世家	sè-ka
世家底	sè-ka-té
世局	sè-kio̍k
世居	sè-ki
世情	sè-tsîng
世新大學	Sè-sin-Tāi-ha̍k
世景	sè-kíng
世界	sè-kài
世界協調時間	Sè-kài-Hia̍p-tiau-Sî-kan
世界大戰	sè-kài-tāi-tsiàn
世界性	sè-kài-sìng
世界杯	sè-kài-pue
世界潮流	sè-kài-tiâu-liû
世界無薰日	sè-kài-bô-hun-ji̍t
世界級	sè-kài-kip
世界衛生組織	sè-kài-uē-sing-tsoo-tsit
世界觀	sè-kài-kuan
世盟	Sè-bîng
世紀	sè-kí
世紀帝國	Sè-kí-tè-kok
世貿中心	sè-bōo-tiong-sim
世間	sè-kan
世間事	sè-kan-sū
世間事予你袂𠢕得	sè-kan-sū-hōo-lí-bē-gâu-tit
世間人	sè-kan-lâng
丘薸	khu-phiô
丙等	piánn-tíng
丙組	piánn-tsoo
丞相	sîng-siùnn
丟丟	tiu-tiu
並且	pīng-tshiánn
並出	pīng-tshut
並列	pīng-lia̍t
並存	pīng-tsûn
並排	pīng-pâi
並排行	pīng-pâi-kiânn
並無	pìng-bô
並無不當	pīng-bô-put-tòng
並立	pīng-li̍p
並肩	pīng-king
並行	pīng-hîng
並進	pīng-tsìn
並重	pīng-tiōng
並駕齊驅	pīng-kà-tsê-khu
中上	tiong-siāng
中下	tiong-hā
中下游	tiong-hā-iû
中中	tiong-tiong
中中仔	tiong-tiong-á
中亞	Tiong-a
中人	tiong-lâng
中人禮	tiong-lâng-lé
中人錢	tiong-lâng-tsînn
中介	tiong-kài
中傷	tiòng-siong
中元	tiong-guân
中元節	tiong-guân-tseh
中共	tiong-kiōng
中剸	tiong-tn̂g
中北部	tiong-pak-pōo
中區	tiong-khu
中午	tiong-ngóo
中南海	Tiong-lâm-hái
中南美	Tiong-lâm-bí
中南美洲	Tiong-lâm-bí-tsiu
中南部	tiong-lâm-pōo
中原	Tiong-guân
中原大學	Tiong-guân-tāi-ha̍k
中古	tiong-kóo
中古時代	tiong-kóo-sî-tāi
中和	tiong-hô
中和市	Tiong-hô-tshī
中國	Tiong-kok
中國人	Tiong-kok-lâng
中國商銀	Tiong-kok-siong-gîn
中國國民黨	Tiong-kok-kok-bîn-tóng
中國城	Tiong-kok-siânn
中國大陸	Tiong-kok-Tāi-lio̍k
中國式	Tiong-kok-sik
中國文化大學	Tiong-kok-bûn-huà-tāi-ha̍k
中國料理	Tiong-kok-liāu-lí
中國時報	Tiong-kok-sî-pò
中國海	Tiong-kok-hái
中國石油公司	Tiong-kok-tsio̍h-iû-kong-si
中國結	tiong-kok-kat
中國話	Tiong-kok-uē
中國醫藥學院	Tiong-kok-i-io̍h-ha̍k-īnn
中國銀行	Tiong-kok-gîn-hâng
中土	tiong-thóo
中型	tiong-hîng
中堂	tiong-tông
中堅	tiong-kian
中壢	Tiong-li̍k
中壢市	Tiong-li̍k-tshī
中外	tiong-guā
中央	tiong-iang
中央信託局	Tiong-iang-sìn-thok-kio̍k
中央圖書館	Tiong-iang-tôo-su-kuán
中央大學	Tiong-iang-tuā-ha̍k
中央委員	tiong-iang-uí-uân
中央山脈	tiong-iang-suann-me̍h
中央政府	tiong-iong-tsìng-hú
中央日報	Tiong-iang-ji̍t-pò
中央標準局	Tiong-iang-phiau-tsún-kio̍k
中央氣象局	Tiong-ng-khì-siōng-kio̍k
中央研究院	Tiong-iang-gián-kiù-īnn
中央社	Tiong-iang-siā
中央處理器	tiong-iong-tshú-lí-khì
中央選舉委員會	Tiong-iong-Suán-kí-Uí-uân-huē
中央銀行	Tiong-iang-gîn-hâng
中央集權	tiong-iang-tsi̍p-kuân
中央黨部	tiong-iang-tóng-pōo
中套仔	tiong-thò-á
中套仔人	tiong-thò-á-lâng
中妥扮	tiong-thò-pān
中子	tiong-tsú
中學	tiong-ha̍k
中學生	tiong-ha̍k-sing
中宗	Tiong-tsong
中宵	tiong-siau
中將	tiong-tsiòng
中尉	tiong-uì
中對中	tiong-tuì-tiong
中小	tiong-sió
中小企業	tiong-sió-khì-gia̍p
中尺度對流系統	tiong-tshioh-tōo-tùi-liû-hē-thóng
中山	Tiong-san
中山區	Tiong-san-khu
中山堂	Tiong-san-tn̂g
中山大學	Tiong-san-tāi-ha̍k
中山路	Tiong-san-lōo
中崙仔	Ting-lūn-á
中年	tiong-liân
中年人	tiong-liân-lâng
中年級	tiong-nî-kip
中度	tiong-tōo
中度失能	tiong-tōo-sit-lîng
中庭	tiong-tîng
中庸	Tiong-iông
中廣	Tiong-kóng
中式	tiong-sik
中彈	tiong-tuânn
中影	Tiong-iánn
中心	tiong-sim
中心人物	tiong-sim-jîn-bu̍t
中心線	tiong-sim-suànn
中性	tiong-sìng
中意	tìng-ì
中扮	tiong-pān
中扮人	tiong-pān-lâng
中扮仔	tiong-pān-á
中指	tiong-tsáinn
中文	Tiong-bûn
中文系	tiong-bûn-hē
中斑	tiong-pan
中斷	tiong-tuān
中旬	tiong-sûn
中時晚報	tiong-sî-buán-pò
中晝	tiong-tàu
中晝前	tiong-tàu-tsîng
中晝崎	tiong-tàu-kiā
中晝後	tiong-tàu-āu
中晝心	tiong-tàu-sim
中晝頓	tiong-tàu-tǹg
中晝飯	tiong-tàu-pn̄g
中暑	tiòng-sú
中期	tiong-kî
中東	Tiong-tang
中東國家	tiong-tang-kok-ka
中東地區	tiong-tang-tē-khu
中校	tiong-hāu
中梁	tiong-niû
中楹	tiong-înn
中樑	tiong-niû
中樞	tiong-tshu
中樞神經	tiong-tshu-sîn-king
中欄	tiong-lân
中歐	Tiong-au
中止	tiong-tsí
中正	tiong-tsìng
中正機場	Tiong-tsìng-ki-tiûnn
中正紀念堂	Tiong-tsìng-kí-liām-tn̂g
中正路	Tiong-tsìng-lōo
中毒	tiòng-to̍k
中氣	tiòng-khì
中油	Tiong-iû
中波	tiong-pho
中洲	Tiong-tsiu
中深烘	tiong-tshim-hang
中港溪	Tiong-káng-khe
中游	tiong-iû
中烘	tiong-hang
中燈	tiong-ting
中營	tiong-iânn
中爪	tiong-jiáu
中狀元	tiòng-tsiōng-guân
中獎	tiòng-tsióng
中環	Tiong-huân
中生代	tiong-sing-tāi
中產階級	tiong-sán-kai-kip
中用	tiòng-iōng
中盤	tiong-puânn
中研院	Tiong-gián-īnn
中秋	Tiong-tshiu
中科院	Tiong-kho-īnn
中空	tiong-khong
中立	tiong-li̍p
中立區	tiong-li̍p-khu
中立國	tiong-li̍p-kok
中立地帶	tiong-li̍p-tē-tài
中立政府	tiong-li̍p-tsìng-hu
中立法	tiong-li̍p-huat
中立派	tiong-li̍p-phài
中站	tiong-tsām
中等	tiong-tíng
中等教育	tiong-tíng-kàu-io̍k
中等跤兜	tiong-tíng-kha-tau
中等身材	tiong-tíng-sin-tsâi
中等階級	tiong-tíng-kai-kip
中範	tiong-pān
中級	tiong-kip
中絕	tiong-tsua̍t
中線	tiong-suànn
中縣	Tiong-kuān
中美	Tiong-Bí
中美洲	Tiong-bí-tsiu
中耳炎	tiong-ní-iām
中聲喉	tuā-siann-âu
中聽	tìng-thiann
中脊	tiong-tsit
中脊梁	tiong-tsit-niû
中脊楹	tiong-tsit-ênn
中興	tiong-hing
中興大學	tiong-hing-tāi-ha̍k
中興新村	Tiong-hing-sin-tshuan
中華	Tiong-huâ
中華人民共和國	Tiong-huâ-lîn-bîn-kiōng-hô-kok
中華文化	Tiong-huâ-bûn-huà
中華民國	Tiong-huâ-bîn-kok
中華民族	Tiong-huâ-bîn-tso̍k
中華隊	Tiong-huâ-tuī
中藥	Tiong-io̍h
中蛇蠱	tiòng-tsuâ-kóo
中西	tiong-se
中西部	tiong-se-pōo
中見人	tiong-kìnn-lâng
中視	Tiong-sī
中計	tiòng-kè
中質	tiong-tsit
中途	tiong-tôo
中選	tiòng-suán
中邪	tiòng-siâ
中部	tiong-pōo
中醫	tiong-i
中醫學	tiong-i-ha̍k
中鋒	tiong-hong
中鋼	Tiong-kǹg
中間	tiong-kan
中間人	tiong-kan-lâng
中間商	tiong-kan-siong
中間派	tiong-kan-phài
中隊	tiong-tuī
中離	tiong-lî
中非	tiong-hui
中音	tiong-im
中風	tiòng-hong
中餐	tiong-tshan
中麶	tiong-thi
中麶麵粉	tiong-thi-mī-hún
中鼓	tiong-kóo
中齒	tiong-khí
串仔	tshńg-á
串仔魚	tshńg-á-hî
串供	tshuàn-king
串口供	tshuàn-kháu-king
串同	tshuàn-tông
串椏	tshuàn-ue
串牙	tshuàn-gê
串瓜子	tshńg-kue-tsí
串穎	tshuàn-ínn
串聯	tshuàn-liân
串芽	tshuàn-gê
串話縫	tshńg-uē-phāng
串講	tshuàn-kóng
串透	kuàn-thàu
串通	tshuàn-thong
串過	tshǹg-kuè
串門	tshuàn-mn̂g
丸仔	uân-á
丸仔球	uân-á-kiû
丸仔蟲	uân-á-thâng
丹尼爾	Tan-nî-ní
丹招樹	tan-tsio-tshiū
丹桂	tan-kuì
丹毒	tan-to̍k
丹田	tan-tiân
丹疽	tan-tsu
丹痧	tan-sua
丹青	tan-tshing
丹麥	Tan-be̍h
主事者	tsú-sū-tsiá
主人	tsú-lâng
主人家	tsú-lâng-ka
主人翁	tsú-jîn-ong
主任	tsú-jīm
主使	tsú-sú
主修	tsú-siu
主公	tsú-kong
主力	tsú-li̍k
主動	tsú-tōng
主唱	tsú-tshiònn
主因	tsú-in
主委	tsú-uí
主婚	tsú-hun
主婦	tsú-hū
主宰	tsú-tsáinn
主審	tsú-sím
主將	tsú-tsiòng
主導	tsú-tō
主峰	tsú-hong
主席	tsú-si̍k
主幹	tsú-kàn
主張	tsú-tiunn
主後	Tsú-āu
主從	tsú-tsiông
主心定	tsú-sim-tiānn
主意	tsú-ì
主戰	tsú-tsiàn
主持	tsú-tshî
主持人	tsú-tshî-jîn
主攻	tsú-kong
主政	tsú-tsìng
主教	tsú-kàu
主日學	tsú-ji̍t-o̍h
主旨	tsú-tsí
主機	tsú-ki
主機板	tsú-ki-pán
主機枋	tsú-ki-pang
主權	tsú-kuân
主權爭議	tsú-kuân-tsing-gī
主決	tsú-kuat
主治	tsú-tī
主治醫師	tsú-tī-i-su
主流	tsú-liû
主演	tsú-ián
主盤	tsú-puânn
主祭	tsú-tsè
主禮人	tsú-lé-jîn
主筆	tsú-pit
主管	tsú-kuán
主編	tsú-phian
主義	tsú-gī
主裁	tsú-tshâi
主要	tsú-iàu
主見	tsú-kiàn
主觀	tsú-kuan
主角	tsú-kak
主計	tsú-kè
主計室	tsú-kè-sik
主計處	tsú-kè-tshù
主計長	tsú-kè-tiúnn
主語	tsú-gí
主講	tsú-káng
主賓	tsú-pin
主軸	tsú-ti̍k
主辦	tsú-pān
主辦權	tsú-pān-kuân
主頭	tsú-thâu
主題	tsú-tê
主顧	tsú-kòo
主顧客	tsú-kòo-kheh
主食	tsú-si̍t
主體	tsú-thé
丼巴斯	Tôm-pa-su
丼飯	tòng-pn̄g
乃掃水	nai-sò-tsuí
乃父	nái-hū
久久	kú-kú
久仰	kiú-gióng
久來	kú-lài
久候	kú-hāu
久別	kiú-pia̍t
久年	kú-nî
久年冤	kú-nî-uan
久年病	kú-nî-pēnn
久年百載	kú-nî-pah-tsài
久年萬代	kú-nî-bān-tāi
久年長月	kú-nî-tn̂g-gue̍h
久年願	kú-nî-guān
久旱逢甘霖	kiú-hān-hông-kâm-lîm
久病	kú-pēnn
久耐	kiú-nāi
久見	kiú-kiàn
久違	kiú-uî
久長	kú-tn̂g
久長冤	kú-tn̂g-uan
久長步	kú-tn̂g-pōo
久長病	kú-tn̂g-pēnn
久長雨	kú-tn̂g-hōo
之上	tsi-siāng
之下	tsi-hā
之中	tsi-tiong
之交	tsi-kau
之內	tsi-lāi
之初	tsi-tshoo
之前	tsi-tsîng
之外	tsi-guā
之後	tsi-āu
之於	tsi-î
之時	tsi-sî
之鑽	tsi-tsǹg
之間	tsi-kan
之類	tsi-luī
之龜力	tsi-ku-la̍t
之龜溜	tsi-ku-liù
乏乏	ha̍t-ha̍t
乏人問津	hua̍t-jîn-būn-tsin
乏制	ha̍t-tsè
乏善可陳	ha̍t-siān-khó-tîn
乏定著	ha̍t-tiānn-tio̍h
乏水	ha̍t-tsuí
乏窩	ha̍t-o
乒乓	phín-phóng
乖乖	kuai-kuai
乖巧	kuai-khá
乖張	kuai-tsiang
乖旋	kuāinn-tsn̄g
乖癖	kuai-phiah
乖眠	kue-bîn
乖筋	kuāi-kin
乖育育	kuai-ió-ió
乖著	kuāinn-tio̍h
乖螺	kuāinn-lê
乘勝追擊	sîng-sìng-tui-kik
乘勢	sîng-sì
乘合仔	sîng-ha̍p-á
乘坐	sîng-tsō
乘客	sîng-kheh
乘搭	sîng-tah
乘暗烏	sīng-àm-oo
乘歹	sīng-pháinn
乘法	sîng-huat
乘波	sîng-pho
乘紲	sīng-suà
乘虔	sīng-khiân
乙太	it-thài
乙太坊	It-thài-hong
乙太幣	It-thài-pè
乙烯	it-hi
乙狀結腸	it-tsōng-kiat-tn̂g
乜人	mih-lâng
乜代	mih-tāi
乜形壓霸	mi-hîng-ah-pà
九九合數	kiú-kiú-ha̍p-sòo
九九算	kiú-kiú-suàn
九五	kiú-ngóo
九份仔	káu-hun-á
九信藥	káu-sìn-io̍h
九八人	káu-peh-lâng
九冬十月	káu-tang-tsa̍p-gue̍h
九塊厝	Káu-tè-tshù
九孔	káu-kháng
九官鳥	kiú-kuan-tsiáu
九尾金	Káu-bué-kim
九層	káu-tsan
九層塔	káu-tsàn-thah
九州	kiú-tsiu
九年一貫	káu-nî-it-kuàn
九彎十八斡	káu-uan-tsa̍p-peh-uat
九支尾	Káu-ki-bué
九方陣	kiú-hong-tīn
九族	kiáu-tso̍k
九月	káu-gue̍h
九月重陽	káu-gue̍h-tiông-iâng
九槽	káu-tsô
九歸	kiú-kui
九歸乘法	kiú-kui-sîng-huat
九歸殼	kiú-kui-khak
九歸算法	kiú-kui-suàn-huat
九江	káu-kang
九泉	kiú-tsuân
九目仔	káu-ba̍k-á
九筆榕	káu-pit-tshîng
九節仔	káu-tsat-á
九節蓮	káu-tsat-liân
九節蝦	káu-tsat-hê
九節貓	káu-tsat-niau
九節風	káu-tsat-hong
九芎	kiú-kiong
九芎城	Kiú-kiong-siânn
九芎柯	kiú-kiong-kho
九螺仔花	káu-lê-á-hue
九里香	káu-lí-hiong
九重吹	káu-tîng-tshue
九重桐	kiú-tiông-tông
九重榕	káu-tîng-tshîng
九重樹	káu-tîng-tshiū
九重炊	káu-tîng-tshue
九降水	káu-kàng-tsuí
九降流	káu-kàng-lâu
九降風	káu-kàng-hong
九頭龍閃	kiú-thôo-liông-siám
九鮡	káu-thiâu
九點二	káu-tiám-jī
九龍	Kiú-liông
乞丐趕廟公	khit-tsia̍h-kuánn-biō-kong
乞個	khit-ê
乞求	khit-kiû
乞的	khit-ê
乞討	khit-thó
乞雨	khit-hōo
乞食	khit-tsia̍h
乞食下大願	khit-tsia̍h-hē-tuā-guān
乞食仙	khit-tsia̍h-sian
乞食做忌	khit-tsia̍h-tsò-kī
乞食揀碗箸	khit-tsia̍h-kíng-uánn-tī
乞食生	khit-tsia̍h-senn
乞食症	khit-tsia̍h-tsìng
乞食相	khit-tsia̍h-siàng
乞食碗	khit-tsia̍h-uánn
乞食講仙話	khit-tsia̍h-kóng-sian-uē
乞食趕廟公	khit-tsia̍h-kuánn-biō-kong
乞食骨	khit-tsia̍h-kut
乞食鬼	khit-tsia̍h-kuí
也好	iā-hó
也好笑也好啼	iā-hó-tshiò-iā-hó-thî
也就是	iā-tsiū-sī
也就是講	iā-tsiū-sī-kóng
也捌	iā-bat
也敢	iā-kánn
也是	iā-sī
也會使	iā-ē-sái
也算	iā-sǹg
也著	iā-tio̍h
乳名	jú-miâ
乳母	jú-bó
乳瓜	jú-kue
乾了	kan-liáu
乾仔乾孫	kan-á-kan-sun
乾冰	kan-ping
乾凋	kan-ta
乾凋有	kan-ta-ū
乾呃	kan-eh
乾嗽	kan-sàu
乾嘔	kan-áu
乾坤	khiân-khun
乾旱	kan-hān
乾杯	kan-pue
乾果	kan-kó
乾死	ta-sí
乾洗	kan-sé
乾溪	Ta-khe
乾燥	kan-sò
乾燥機	ta-sò-ki
乾燥燥	ta-sò-sò
乾片	khiân-phiàn
乾瘦	ta-sán
乾癬	kan-sián
乾竭	kan-kia̍t
乾證	kan-tsìng
乾酪	kan-lo̍k
乾隆	Khiân-liông
乾電池	kan-tiān-tî
乾風颱	kan-hong-thai
乾颱	kan-thai
乾鬆	ta-sang
亂世	luān-sè
亂主來	luān-tsú-lâi
亂主吵	luān-tsú-tshá
亂主言	luān-tsú-giân
亂主說	luān-tsú-sueh
亂主講	luān-tsú-kóng
亂交參	luān-kau-tsham
亂使	luān-sú
亂使來	luān-sú-lâi
亂使創	luān-sú-tshòng
亂使吵	luān-sú-tshá
亂使想	luān-sú-siūnn
亂使用	luān-sú-iōng
亂使講	luān-sú-kóng
亂使變	luān-sú-pìnn
亂使走	lūan-sú-tsáu
亂使鬧	luān-sú-nāu
亂來	luān-lâi
亂創	luān-tshòng
亂吵	luān-tshá
亂吵吵	luān-tshau-tshau
亂嗤吵	luān-tshī-tshā
亂嘈嘈	luān-tsô-tsô
亂子來	luān-tsú-lâi
亂心	luān-sim
亂性	luān-sìng
亂惝	luān-siàng
亂戽	luān-hòo
亂捏	luān-liap
亂掖	luān-iā
亂操操	luān-tshau-tshau
亂攪吵	luān-kiáu-tshá
亂流	luān-liû
亂皂	luān-tsō
亂真	luān-tsin
亂神	lān-sîn
亂紛紛	luān-hun-hun
亂絞絞	luān-kà-kà
亂經	luān-king
亂罵	luān-mē
亂臆	luān-ioh
亂茹	luān-jû
亂諍	luān-tsènn
亂講	luān-kóng
亂變	luān-pìnn
亂販	luān-phuànn
亂走	luān-tsáu
亂鐘	luān-tsing
亂馬馬	luān-bé-bé
亂鬧	luān-nāu
了不得	liáu-put-tik
了不起	liáu-put-khí
了了	liáu-liáu
了事	liáu-sū
了傢伙	liáu-ke-hué
了儕咯	liáu-tsē-lòo
了力	liáu-la̍t
了去	liáu-khì
了嘍	liáu-loo
了嘴	liáu-tshuì
了大錢	liáu-tuā-tsînn
了家仔	liáu-ke-á
了家伙	liáu-ke-hué
了家囝	liáu-ke-kiánn
了尾	liáu-bué
了局	liáu-kio̍k
了工	liáu-kang
了後	liáu-āu
了徹	liáu-thiat
了悟	liáu-ngōo
了截	liáu-tsia̍t
了捷	liáu-tsia̍t
了斷	liáu-tuān
了本	liáu-pún
了然	liáu-jiân
了白力	liáu-pe̍h-la̍t
了白工	liáu-pe̍h-kang
了盡	liáu-tsīn
了神	liáu-sîn
了結	liáu-kiat
了腳手	liáu-kha-tshiú
了解	liáu-kái
了解著	liáu-kái-tio̍h
了錢	liáu-tsînn
了錢貨	liáu-tsînn-huè
了離	liáu-lī
了電	liáu-tiān
了鳥囝	liáu-tsiáu-kiánn
了鳥胚	liáu-tsiáu-phue
予人	hōo-lâng
予人倖歹的頭家	hōo-lâng-sīng-pháinn-ê-thâu-ke
予人做肉砧	hōo-lâng-tsò-bah-tiam
予人呸喙瀾	hōo-lâng-phuì-tshuì-nuā
予人想攏無	hōo-lâng-siūnn-lóng-bô
予人招	hōo-lâng-tsio
予人欺負	hōo-lāng-khi-hū
予人看現現	hōo-lâng-khuànn-hiān-hiān
予人硩定矣	hōo-lâng-teh-tiānn-ah
予人罵	hōo-lâng-mē
予人請	hōo-lâng-tshiánn
予人起雞母皮	hōo-lâng-khí-ke-bó-phuê
予以	û-í
予你	hōo-lí
予你焐	Hōo-lí-ù
予你熨	Hōo-lí-ut
予你臆	hōo-lí-ioh
予做	ho-tsò
予取予求	û-tshú-û-kiû
予咱	hōo-lán
予啦箍仔	hōo-la-khoo-á
予我	hōo-guá
予我請	hōo-guá-tshiánn
予焦啦	hōo-ta-lah
事主	sū-tsú
事事	sū-sū
事件	sū-kiānn
事件視界	sū-kiānn-sī-kài
事件視界召鏡	sū-kiānn-sī-kài-tiàu-kiànn
事例	sū-lē
事倍功半	sū-puē-kong-puànn
事假	sū-ká
事先	sū-sian
事務	sū-bū
事務官	sū-bū-kuann
事務性	sū-bū-sìng
事務所	sū-bū-sóo
事半功倍	sū-puànn-kong-puē
事因	sū-in
事在人為	sū-tsāi-jîn-uî
事宜	sū-gî
事實	sū-si̍t
事尾	sū-bué
事後	sū-āu
事情	sū-tsîng
事態	sū-thài
事故	sū-kòo
事業	sū-gia̍p
事業家	sū-gia̍p-ka
事業巡	sū-gia̍p-sûn
事業線	sū-gia̍p-suànn
事業部	sū-gia̍p-pōo
事權	sū-kuân
事物	sū-bu̍t
事理	sū-lí
事由	sū-iû
事破	sū-phuà
事端	sū-tuan
事變	sū-piàn
事象地平	sū-siōng-tē-pênn
事跡	sū-liah
事路	sū-lōo
事蹟	sū-tsik
事項	sū-hāng
二一添作五	jī-it-thiam-tsò-ngóo
二七仔	jī-tshit-á
二九下昏	jī-káu-ê-hng
二九暗	jī-káu-àm
二九暝	jī-káu-mê
二二八	Jī-jī-pat
二二八事件	Jī-jī-pat-sū-kiānn
二伯	jī-peh
二來	jī-lâi
二元	jī-guân
二八佳人	jī-pat-ka-jîn
二八年	jī-pat-liân
二出	lī-tshut
二出人	jī-tshut-lâng
二副	jī-hù
二十	ji-tsa̍p
二品碗公	jī-phín-uánn-kong
二四小時	jī-sì-sió-sî
二四猛	lī-sì-bíng
二圍	Jī-uî
二壘手	jī-luí-tshiú
二婚親	jī-hun-tshin
二嫂	jī-só
二專	jī-tsuan
二弦	jī-hiân
二戰	Jī-tsiàn
二房	jī-pâng
二手	jī-tshiú
二指	jī-tsáinn
二撇鬚	jī-phiat-tshiu
二月	jī-gue̍h
二林	Jī-lîm
二極體	jī-ki̍k-thé
二步八	lī-pōo-peh
二比	jī-pí
二水	Jī-tsuí
二爺	lī-iâ
二竹圍	Jī-tik-uî
二等貨	jī-tíng-huè
二級市場	jī-kip-tshī-tiûnn
二緣妻	jī-iân-tshe
二者	jī-tsiá
二花	lī-hue
二花面	lī-hue-bīn
二藍	jī-lâm
二路八	lī-lōo-peh
二路八師	lī-lōo-peh-sai
二路厝貸	jī-lōo-tshù-tāi
二路司	jī-lōo-sai
二路貨	jī-lōo-huè
二進位	jī-tsìn-uī
二部制	jī-pōo-tsè
二酸化炭素	lī-sng-huà-thuànn-sòo
二重門	lī-tîng-mn̂g
云境	ûn-kíng
云庄	ûn-tsng
云衫	hûn-sam
互不侵犯	hōo-put-tshim-huān
互不相讓	hōo-put-sio-niū
互人招	hōo-lâng-tsio
互人掠包	hōo-lâng-lia̍h-pau
互人請	hōo-lâng-tshiánn
互信	hōo-sìn
互利	hōo-lī
互利有	hōo-lī-ū
互助	hōo-tsōo
互動	hōo-tōng
互惠	hōo-huī
互換	hōo-uānn
互斥	hōo-thik
互斥事件	hōo-thik-sū-kiān
互異	hōo-ī
互相	hōo-siang
互相門相共	hōo-siong-tàu-sann-kāng
互聯網	hōo-liân-bāng
互補	hōo-póo
互通	hōo-thong
互連	hōo-liâm
互選	hōo-suán
五世其昌	ngóo-sè-kî-tshiong
五仁	ngóo-jîn
五代孫	ngóo-tāi-sun
五倫	ngóo-lûn
五凍	ngóo-tàng
五分五分	gōo-hun-gōo-hun
五分仔車	gōo-hun-á-tshia
五加皮	ngóo-ka-phî
五加蔘	ngóo-ka-sim
五十嵐	Ngóo-si̍p-lâm
五叉水路	Gōo-tshe-tsuí-lōo
五四三	gōo-sì-sann
五圍	Gōo-uî
五堵	Gōo-tóo
五宅茄	gōo-the̍h-kiô
五官	ngóo-kuan
五官器	ngóo-kuan-khì
五官端正	ngóo-kuan-tuan-tsìng
五專	ngóo-tsuan
五屜桌	gōo-thuah-toh
五峰	ngóo-hong
五常	ngóo-siông
五形配搭	ngóo-hîng-phuè-tah
五彩	ngóo-tshái
五彩燈	ngóo-tshái-ting
五彩畫	ngóo-tshái-uē
五彩繽紛	ngóo-tshái-phin-hun
五彩色	ngóo-tshái-sik
五彩虹	ngóo-tshái-khīng
五掌楠	gōo-tsiáng-lâm
五摠頭	ngóo-tsáng-thâu
五支鬚	gōo-ki-tshiu
五斂子	ngóo-liām-tsí
五斤番薯臭八十戒兩	gōo-kin-han-tsî-tshàu-peh-tsa̍p-it-niú
五日節	gōo-ji̍t-tseh
五日節雨	gōo-ji̍t-tseh-hōo
五星	ngóo-tshinn
五星旗	ngóo-tshenn-kî
五更早	gōo-kenn-tsá
五更時	gōo-kinn-sî
五更透早	gōo-kenn-thàu-tsá
五更雞	gōo-kenn-ke
五月天	Gōo-gue̍h-thinn
五月節	gōo-gue̍h-tseh
五月艾	gōo-gue̍h-hiānn
五月花	gōo-gue̍h-hue
五月雪	gōo-gue̍h-seh
五服	ngóo-ho̍k
五服內	ngóo-ho̍k-lāi
五服外	ngóo-ho̍k-guā
五服親	ngóo-ho̍k-tshin
五柳居	ngóo-liú-ki
五根草	gōo-kin-tsháu
五樓	gōo-lâu
五樓你按怎看	Gōo-lâu-lí-án-tsuánn-khuànn
五權	ngóo-kuân
五步虎	gōo-pōo-hóo
五步蛇	gōo-pōo-tsuâ
五濁惡世	ngóo-tso̍k-ok-sè
五營五廳	gōo-iânn-gōo-thiann
五爪仔	gōo-jiáu-á
五爪桐	gōo-jiáu-tông
五爪楠	gōo-jiáu-lâm
五爪金英	ngóo-jiáu-kim-ing
五爪龍	gōo-jiáu-lîng
五甲	Gōo-kah
五皮	ngóo-phî
五短生	ngóo-té-senn
五短身	ngóo-té-sin
五穀	ngóo-kok
五竭	ngóo-kia̍t
五竭頭	ngóo-kia̍t-thâu
五筋鮭	gōo-kin-kê
五結	Gōo-kiat
五經	ngóo-king
五總頭	gōo-tsáng-thâu
五股	ngóo-kóo
五腳	gōo-kha
五腳梨	gōo-kha-lâi
五腳記	gōo-kha-kì
五腳里	gōo-kha-lí
五臟	ngóo-tsōng
五臟六腑	ngóo-tsōng-lio̍k-hú
五色人	ngóo-sik-lâng
五色人講十色話	ngóo-sik-lâng-kóng-tsa̍p-sik-uē
五色草	ngóo-sik-tsháu
五色鳥	ngóo-sik-tsiáu
五花	gōo-hue
五花五花	gōo-hue-gōo-hue
五花十色	ngóo-hue-tsa̍p-sik
五花精	gōo-hue-tsiann
五花肉	gōo-hue-bah
五葉楠	gōo-hio̍h-lâm
五虎下山	ngóo-hóo-hā-san
五虎利	ngóo-hóo-lāi
五角大廈	ngóo-kak-tāi-hā
五角大樓	Ngóo-kak-Tuā-lâu
五言絕	ngóo-giân-tsua̍t
五言詩	ngóo-giân-si
五賽	gōo-sài
五跤氣	gōo-kha-khì
五跤見現	gōo-kha-kiàn-hiān
五跤趖出來	gōo-kha-sô-tshut-lâi
五跪三叩頭	gōo-kuī-sann-kháu-thâu
五路	ngóo-lōo
五路人	ngóo-lōo-lâng
五輕	ngóo-khin
五金	ngóo-kim
五雷令	ngóo-luî-līng
五雷摃死	ngóo-luî-kòng-sí
五雷蓋頂	ngóo-luî-kài-tíng
五顏六色	ngóo-gân-lio̍k-sik
五香	ngóo-hiong
五香粉	ngóo-hiang-hún
五香豆乾	ngóo-hiong-tāu-kuann
五馬分屍	ngóo-má-hun-si
五體	ngóo-thé
五鬼絕命个所在	ngóo-kuí-tsua̍t-bīng-ê-sóo-tsāi
五鳴雞	ngóo-bîng-ke
井勘	tsénn-khàm
井崁	tsénn-khàm
井底水雞	tsénn-té-tsuí-ke
井底鮕鮘	tsénn-té-koo-tai
井欄	tsénn-nuâ
井水	tsénn-tsuí
井盤	tsénn-puânn
井蓋	tsénn-kuà
井邊	tsénn-pinn
井邊草	tsénn-pinn-tsháu
亙古	kìng-kóo
亞伯拉罕	A-pik-la-hán
亞塞拜然	a-sài-pài-jiân
亞太	A-thài
亞杉	a-sam
亞東	A-tang
亞東關係協會	A-tang-kuan-hē-hia̍p-huē
亞洲	a-tsiu
亞熱帶	a-jia̍t-tài
亞熱眉正	A-jia̍t-bâi-tsiànn
亞當	A-tong
亞細亞	A-sè-a
亞裔	a-è
亞軍	a-kun
亞運	A-ūn
亞運會	A-ūn-huē
亞鉛	a-iân
亞鉛板	a-iân-pán
亞鉛桶	a-iân-tháng
亞鉛線	a-iân-suànn
亞鉛鉼	a-iân-phiánn
亞鉛鐵	a-iân-thih
亞馬遜	A-má-sùn
亞麻	a-muâ
亟需	kik-su
亡命	bông-bīng
亡命天涯	bông-bīng-thian-gâi
亡國奴	bông-kok-lôo
亡羊補牢	bông-iûnn-póo-tiâu
亡靈	bông-lîng
亡魂	bông-hûn
亢旱	khòng-huānn
交互	kau-hōo
交仗	kau-tiāng
交付	kau-hù
交代	kau-tāi
交保	kau-pó
交冬	kau-tang
交冷恂	ka-líng-sún
交出	kau-tshut
交割	kau-kuah
交加	kau-ka
交參	kau-tsham
交叉口	kau-tshe-kháu
交叉點	kau-tshe-tiám
交友	kau-iú
交含	kau-kânn
交唅	kau-kâm
交大	Kau-tāi
交姻	kau-in
交定	ka-tiānn
交尾	kau-bué
交崙	ka-nn̂g
交帶	kau-tài
交往	kau-óng
交待	kau-thāi
交怙	kau-kōo
交情	kau-tsîng
交惡	kau-ok
交懍恂	ka-lún-sún
交戰	kau-tsiàn
交手	kau-tshiú
交拜	kau-pài
交拼	kau-penn
交接	kau-tsiap
交插	kau-tshah
交換	kau-uānn
交換手	kau-uānn-tshiú
交換機	kau-uānn-ki
交摻	kau-tsham
交攙	kau-tsham
交數	kau-siàu
交易	ka-ia̍h
交易所	kau-i̍k-sóo
交易稅	kau-i̍k-suè
交春	kau-tshun
交替	kau-thè
交會	kau-huē
交枝連	kau-ki-liân
交椅	kau-í
交流	kau-liû
交涉	kau-sia̍p
交球	kau-kiû
交界	kau-kài
交界處	kau-kài-tshù
交白卷	kau-pe̍h-kuàn
交盤	kau-puânn
交睡	ka-tsuē
交秋	kau-tshiu
交結	kau-kiat
交絞	kiau-ká
交織	kau-tsit
交繚	kau-liâu
交纏	kau-tînn
交聊	kau-liâu
交與	kau-í
交落	ka-la̍k
交落枕	ka-la̍uh-tsím
交落水	ka-la̍uh-tsuí
交落胎	ka-la̍uh-the
交落身	ka-la̍uh-sin
交著	kau-tio̍h
交葛	kau-kat
交誼	kau-gī
交誼廳	kau-gī-thiann
交談	kau-tâm
交貨	kau-huè
交起去	kau-khí-khì
交趾	kau-tsí
交輦覆	ka-lián-phak
交通	kau-thong
交通大學	Kau-thong-tāi-ha̍k
交通局	Kau-thong-kio̍k
交通網	kau-thong-bāng
交通處	kau-thong-tshù
交通車	kau-thong-tshia
交通部	Kau-thong-pōo
交還	kau-huân
交釘	kau-ting
交針釘	kau-tsiam-tìng
交銜	kau-kâm
交鋒	kau-hong
交關	kau-kuan
交陪	kau-puê
交陰	ka-iam
交際	kau-tsè
交際舞	kau-tsè-bú
交集	kau-tsi̍p
交響曲	kau-hiáng-khik
交響樂	kau-hiáng-ga̍k
交魚	kau-hî
交鶲	kau-ong
亥在	hāi-tsāi
亥在亥在	hāi-tsāi-hāi-tsāi
亥革	Hâi-kik
亦是	ia̍h-sī
亨利	Hing-lī
亨通	hing-thong
享受	hiáng-siū
享年	hióng-liân
享有	hiáng-iú
享樂	hiáng-lo̍k
享用	hiáng-iōng
享福	hiáng-hok
享譽	hiáng-ī
京城	kiann-siânn
京戲	kiann-hì
京東菜	kiann-tang-tshài
京華	kiann-huâ
京都	Kiann-too
亭亭玉立	tîng-tîng-gio̍k-li̍p
亭仔	tîng-á
亭仔腳	tîng-á-kha
亮度	liāng-tōo
亮票	liāng-phiò
亮趁	liāng-thìn
亮麗	liāng-lē
人丁	jîn-ting
人丁稀微	jîn-ting-hi-bî
人世	jîn-sè
人中	jîn-tiong
人中齒	jîn-tiong-khí
人主	jîn-tsú
人之常情	jîn-tsi-siông-tsîng
人乾	lâng-kuann
人事	jîn-sū
人事室	jîn-sū-sik
人事物	jîn-sū-bu̍t
人事處	jîn-sū-tshù
人事行政局	Jîn-sū-hîng-tsìng-kio̍k
人人	jîn-jîn
人人自危	jîn-lâng-tsū-guî
人來來去去	lâng-lâi-lâi-khì-khì
人來客去	lâng-lâi-kheh-khì
人倫	jîn-lûn
人傑	jîn-kia̍t
人像	jîn-siōng
人公鼓	jîn-kang-kóo
人力	jîn-li̍k
人力車	jîn-li̍k-tshia
人去公園	lâng-khì-kong-hn̂g
人參	jîn-sam
人參榕	jîn-sim-tshîng
人口	jîn-kháu
人名	lâng-miâ
人命	jîn-bīng
人命案	jîn-bīng-àn
人命關天	jîn-bīng-kuan-thian
人和	jîn-hô
人品	jîn-phín
人員	jîn-uân
人喙上毒	lâng-tshuì-siāng-to̍k
人喙毒毒	lâng-tshuì-to̍k-to̍k
人在人情在	jîn-tsāi-jîn-tsîng-tsāi
人地兩疏	jîn-tē-lióng-soo
人地生疏	jîn-tē-senn-soo
人士	jîn-sū
人奶	lâng-ling
人妖	jîn-iau
人字扯	jîn-jī-tshé
人客	lâng-kheh
人客伴	lâng-kheh-phuānn
人客官	lâng-kheh-kuann
人客廳	lâng-kheh-thiann
人客房	lâng-kheh-pâng
人客間	lâng-kheh-king
人家	jîn-ke
人家人	jîn-ke-lâng
人家厝	jîn-ke-tshù
人家女	lâng-ke-li
人山人海	jîn-san-jîn-hái
人工	jîn-kang
人工尻川口	lâng-kang-kha-tshng-kháu
人工抄底	lâng-kang-tshau-té
人工拍種	lâng-kang-phah-tsíng
人工智慧	jîn-kang-tì-huī
人工智能	jîn-kang-tì-lêng
人工流產	jîn-kang-liû-sán
人工神經網路	jîn-kang-sîn-king-bāng-lōo
人工糞口	jîn-kang-phùn-kháu
人巴	lâng-pa
人形	lâng-hîng
人影	lâng-iánn
人心	jîn-sim
人心不足蛇吞象	jîn-sim-put-tsiok-siâ-thun-tshiūnn
人心佇內僫得料	jîn-sim-tī-lāi-oh-tit-liāu
人心惶惶	jîn-sim-hông-hông
人心狗腸肚	lâng-sim-káu-tn̂g-tōo
人心生佇腹內	jîn-sim-senn-tī-pak-lāi
人性	jîn-sìng
人情	jîn-tsîng
人情世事	lîn-tsîng-sè-sū
人情債	jîn-tsîng-tsè
人情冷暖	jîn-tsîng-líng-luán
人情味	jîn-tsîng-bī
人情義理	jîn-tsîng-gī-lí
人情話	lîn-tsîng-uē
人情較薄信紙	jîn-tsîng-khah-po̍h-sìn-tsuá
人惹	lîn-liá
人懶懶	lâng-nuā-nuā
人懸漢大	lâng-kuân-hàn-tuā
人手	jîn-tshiú
人才	jîn-tsâi
人扮	lâng-pān
人數	jîn-sòo
人文	jîn-bûn
人文地景	jîn-bûn-tē-kíng
人望	jîn-bōng
人材	jîn-tsâi
人格	jîn-keh
人格者	jîn-keh-tsiá
人樣	lâng-iūnn
人權	jîn-kuân
人次	jîn-tshù
人款	lâng-khuán
人殼	lâng-khak
人民	jîn-bîn
人民幣	jîn-bîn-pè
人民日報	Jîn-bîn-ji̍t-pò
人民票	jîn-bîn-phiò
人氣	jîn-khì
人氣歌	jîn-khì-kua
人洘秫秫	lâng-khó-tsu̍t-tsu̍t
人海	jîn-hái
人滿四山	lâng-muá-sì-suann
人滿為患	jîn-muá-uî-huān
人潮	jîn-tiâu
人濟代誌著濟	lâng-tsē-tāi-tsì-tio̍h-tsē
人濟是非濟	lâng-tsê-sī-hui-tsē
人濟話著濟	lâng-tsē-uē-tio̍h-tsē
人災	lâng-tse
人為	jîn-uî
人無爽快	lâng-bô-sóng-khuài
人煙	jîn-ian
人熊	lâng-hîm
人物	jîn-bu̍t
人物畫	jîn-bu̍t-uē
人犯	jîn-huān
人猿	jîn-uân
人王	lâng-ông
人瑞	jîn-suī
人生	jîn-sing
人生如戲	jîn-sing-jû-hì
人生親像一場夢	jîn-sing-tshin-tshiūnn-tsi̍t-tiûnn-bāng
人生親像做人客	jîn-sing-tshin-tshiūnn-tsò-lâng-kheh
人生觀	jîn-sing-kuan
人畜	jîn-thiok
人疊人	lâng-tha̍h-lâng
人瘟	lâng-un
人癖	lâng-phiah
人盡皆知	jîn-tsīn-kai-ti
人看人	lâng-khuànn-lâng
人眾	lâng-tsìng
人眾眾	lâng-tsìng-tsìng
人種	jîn-tsíng
人稱	jîn-tshing
人稱代名詞	jîn-tshing-tāi-bîng-sû
人窮志不窮	jîn-kîng-tsì-put-kîng
人範	lâng-pān
人緣	jîn-iân
人緣䆀	lâng-iân-bái
人緣差	lâng-iân-tsha
人群	jîn-kûn
人聲喊喝	lâng-siann-hiàm-huah
人聲沖沖滾	lâng-siann-tshiâng-tshiâng-kún
人胚	lâng-phue
人胞	jîn-pau
人色	lâng-sik
人蔘	jîn-sim
人蔘榕	jîn-sim-tshîng
人行道	jîn-hîng-tō
人評	jîn-phîng
人講綴人講	lâng-kóng-tuè-lâng-kóng
人證	jîn-tsìng
人豚仔	lâng-thûn-á
人質	jîn-tsit
人質症	jîn-tsik-tsìng
人跡	jîn-tsik
人跤跡有肥	lâng-kha-jiah-ū-puî
人踏人	lâng-ta̍h-lâng
人身	jîn-sin
人車	lâng-tshia
人較濟過屎礐仔蟲	lâng-khah-tsē-kuè-sái-ha̍k-á-thâng
人較濟過戲棚跤	lâng-khah-tsē-kuè-hì-pênn-kha
人較濟過粒仔血	lâng-khah-tsē-kuè-lia̍p-á-hueh
人造	jîn-tsō
人造智慧	jîn-tsō-tì-huì
人造話語	jîn-tsō-uē-gí
人過中年天過晝	lâng-kuè-tiong-liân-thinn-kuè-tàu
人道	jîn-tō
人選	jîn-suán
人酺	lâng-pôo
人間	jîn-kan
人間蒸發	jîn-kan-tsing-huat
人際	jîn-tsè
人際網路	jîn-tsè-bāng-lōo
人面	lâng-bīn
人面冊	lâng-bīn-tsheh
人面竹	jîn-biān-tik
人面闊	lâng-bīn-khuah
人頭	lâng-thâu
人頭殼	lâng-thâu-khak
人頭生	lâng-thâu-tshenn
人額	lâng-gia̍h
人類	jîn-luī
人颼	lâng-sau
人馬	jîn-má
人體	jîn-thé
人鵠	lâng-go̍k
仁仁仁	jîn-jîn-jîn
仁仔粕	lîn-á-phoh
仁仔餅	jîn-á-piánn
仁兄	jîn-hing
仁刺蔥	jîn-tshì-tshang
仁宗	Jîn-tsong
仁德	jîn-tik
仁愛	jîn-ài
仁愛路	Jîn-ài-lōo
仁愛醫院	Jîn-ài-i-īnn
仁慈	jîn-tsû
仁杞	jîn-kí
仁枯	lîn-khoo
仁武	Jîn-bú
仁粕	jîn-phoh
仁義	jîn-gī
仁義禮智信	jîn-gī-lé-tì-sìn
仁骨蛇	jîn-kut-tsuâ
仄聲	tseh-siann
仆咧仆咧較袂著蹭	phak-leh-phak-leh-khah-bē-tio̍h-tshìng
仆咧嘛著銃	phak-leh-mā-tio̍h-tshìng
仆水泅	phak-tsuí-siû
仆耳孔	phak-hīnn-khang
仇人	siû-jîn
仇敵	siû-ti̍k
今世	kim-sè
今仔再	kin-á-tsài
今仔日	kin-á-jit
今仔日上媠氣	kin-á-ji̍t-siōng-súi-khùi
今仔日上對同	kin-á-ji̍t-siōng-tuì-tâng
今仔日上對筒	kin-á-ji̍t-siōng-tuì-tâng
今仔日天氣真好	kin-á-ji̍t-thinn-khì-tsin-hó
今仔日的我無極限	kin-á-ji̍t-ê-guá-bô-ki̍k-hān
今仔早起	kin-á-tsá-khí
今仔暗	kin-á-àm
今仔載	kin-á-tsài
今夜	kim-iā
今天	kin-thian
今年	kin-nî
今式	tann-sik
今後	kim-āu
今日	kim-ji̍t
今暗	kim-àm
今生	kim-sing
介入	kài-ji̍p
介意	kài-ì
介懷	kài-huâi
介於	kài-î
介紹	kài-siāu
介紹人	kài-siāu-jîn
介紹所	kài-siāu-sóo
介質	kài-tsit
介面	kài-bīn
介面卡	kài-bīn-khah
仔細	tsú-sè
仕女	sū-lí
他殺	tha-sat
他項	tá-hāng
付出	hù-tshut
付印	hù-ìn
付數	hù-siàu
付款	hù-khuán
付清	hù-tshing
付現金	hù-hiān-kim
付給	hù-kip
付託	hù-thok
付諸東流	hù-tsu-tong-lîu
付錢	hù-tsînn
仙丹	sian-tan
仙丹花	sian-tan-hue
仙人	sian-jîn
仙人凍	sian-jîn-tàng
仙人掌	sian-jîn-tsiáng
仙人草	sian-jîn-tsháu
仙公	sian-kong
仙公步	sian-kong-pōo
仙古	sian-kóo
仙台	sian-tâi
仙境	sian-kíng
仙女	sian-lí
仙子	sian-tsú
仙尪仔	sian-ang-á
仙居	Sian-ku
仙巴掌	sian-pa-tsiáng
仙想就想袂伸	sian-siūnn-tō-siūnn-bē-tshun
仙想就想袂到	sian-siūnn-tō-siūnn-bē-kàu
仙想就想袂曉	sian-siūnn-tō-siūnn-bē-hiáu
仙拚仙	sian-piànn-sian
仙桃	sian-thô
仙桃樹	sian-thô-tshiū
仙毋通	sian-m̄-thang
仙草	sian-tsháu
仙遊	Sian-iû
仙鶴	sian-ho̍h
仙鶴草	sian-ho̍h-tsháu
仙鼠	sian-tshí
仝一个模樣	kāng-tsi̍t-ê-bôo-iūnn
仝一樣	kâng-tsi̍t-iūnn
仝床無仝心	kāng-tshn̂g-bô-kāng-sim
仝心	kâng-sim
仝性戀	kāng-sìng-luân
仝旁	kâng-pîng
仝時	kâng-sî
仝桌	kâng-toh
仝條水个	kāng-tiâu-tsuí-ê
仝梯	kāng-the
仝款	kâng-khuán
仝款看待	kâng-khuán-khuànn-thāi
仝穿一領褲	kāng-tshīng-tsi̍t-niá-khòo
仝聲	kâng-siann
仝號	kâng-hō
仝行	kâng-hâng
仝輩	kâng-puè
仝途	kâng-tôo
仝類	kâng-luī
仝黨	kâng-tóng
仝齣頭	kāng-tshut-thâu
代代	tāi-tāi
代價	tāi-kè
代先	tāi-sing
代勞	tāi-lô
代印	tāi-ìn
代名詞	tāi-bîng-sû
代工	tāi-kang
代幣	tāi-pè
代才	tāi-tsâi
代打	tāi-tánn
代收	tāi-siu
代數	tāi-sòo
代書	tāi-su
代替	tāi-thè
代替金	tāi-thè-kim
代步	tāi-pōo
代溝	tāi-kau
代為	tāi-uî
代理	tāi-lí
代理人	tāi-lí-jîn
代理商	tāi-lí-siong
代用	tāi-iōng
代碼	tāi-bé
代管	tāi-kuán
代罪羔羊	tāi-tsuē-ko-iûnn
代號	tāi-hō
代行	tāi-hîng
代表	tāi-piáu
代表人	tāi-piáu-jîn
代表作	tāi-piáu-tsok
代言	tāi-giân
代言人	tāi-giân-jîn
代誌	tāi-tsì
代誌大條	tāi-tsì-tuā-tiâu
代誌大碗	tāi-tsì-tuā-uánn
代誌歪臍	tāi-tsì-uai-tsâi
代誌毋好	tāi-tsì-m̄-hó
代誌現花	tāi-tsì-hiàn-hue
代課	tāi-khò
代謝	tāi-siā
代議士	tāi-gī-sū
代買	tāi-bé
代起先	tāi-khí-sing
代辦	tāi-pān
代銷	tāi-siau
令和	Līng-hô
令堂	līng-tông
令妹	līng-muē
令姊	līng-tsé
令姪	līng-ti̍t
令尊	līng-tsun
令弟	līng-tē
令旗	līng-kî
令郎	līng-lông
以上	í-siāng
以下	í-hā
以來	í-lâi
以便	í-piān
以免	ì-bián
以內	í-lāi
以前	í-tsîng
以北	í-pak
以南	í-lâm
以及	í-ki̍p
以外	í-guā
以太	Í-thài
以往	í-óng
以後	í-āu
以撒	Í-sat
以早	í-tsá
以東	í-tang
以此	í-tshú
以毒攻毒	í-to̍k-kong-to̍k
以為	í-uî
以牙還牙	í-gê-huân-gê
以致	í-tì
以色列	Í-sik-lia̍t
以西結	Í-se-kiat
以賽亞	Í-sài-a
以身作則	í-sin-tsok-tsik
以身試法	í-sin-tshì-huat
以防	í-hông
以鬼就鬼	í-kuí-tsiū-kuí
仰慕	gióng-bōo
仰望	gióng-bōng
仰求	gióng-kiû
仰角	gióng-kak
仰賴	gióng-nāi
仲由	Tiōng-Iû
仲裁	tiōng-tshâi
仵作	gōo-tsoh
件數	kiānn-sòo
任事	jīm-sū
任何	jīm-hô
任免	jīm-bián
任內	jīm-lāi
任務	jīm-bū
任命	jīm-bīng
任性	jīm-sìng
任意	jīm-ì
任教	jīm-kàu
任期	jīm-kî
任用	jīm-iōng
任職	jīm-tsit
份保	hūn-pó
份內	hūn-lāi
份外	hūn-guā
份股	hūn-kóo
份股份	hūn-kóo-hūn
份股株	hūn-kóo-tu
份量	hūn-liāng
份額	hūn-gia̍h
仿仔	hóng-á
仿仔囝	hóng-á-kiánn
仿古	hóng-kóo
仿生人	hóng-sing-jîn
仿製	hóng-tsè
仿造	hóng-tsō
企劃	khì-hi̍k
企劃廳	khì-uē-thiann
企圖	khì-tôo
企望	khì-bōng
企業	khì-gia̍p
企業化	khì-gia̍p-huà
企業家	khì-gia̍p-ka
企業管理	khì-gia̍p-kuán-lí
企管	khiā-kuán
企鵝	khì-gô
伉儷	khòng-lē
伊拉克	I-lá-khik
伊斯蘭	I-su-lân
伊斯蘭教	I-su-lân-kàu
伊朗	I-lang
伊未	i-bī
伊查跤也	i-tsa-kha-iá
伊無救矣	i-bô-kiù-ah
伊的	i-ê
伎倆	kī-lióng
伏拜	phak-pài
伏筆	ho̍k-pit
伏羲	ho̍k-hi
伏膿	pū-lâng
伏面	ho̍k-bīn
伐大步	hua̍h-tuā-pōo
伐木	hua̍t-bo̍k
伐過	hua̍h-kuè
休假	hiu-kà
休克	hiu-khik
休兵	hiu-ping
休刊	hiu-khan
休士頓	Hiu-sū-tùn
休字	hiu-jī
休學	hiu-ha̍k
休息室	hiu-sik-sik
休憩	hiû-khé
休戰	hiu-tsiàn
休書	hiu-su
休會	hiu-huē
休止	hiu-tsí
休止符	hiu-tsí-hû
休耕	hiu-king
休閒活動	hiu-îng-ua̍h-tāng
休養	hiu-iáng
伙計	hué-kì
伙計仔	hué-kì-á
伙頭軍	hué-thâu-kun
伙食	hué-si̍t
伨人矣	thīn-lâng-ah
伯仲	pik-tiōng
伯公	peh-kong
伯公祖	peh-kong-tsóo
伯利恆	Pik-lī-hîng
伯勞仔	pit-lô-á
伯呂色勒	Pik-lū-sik-li̍k
伯姆	peh-ḿ
伯婆	peh-pô
伯爵	pik-tsiok
伯牛	Pek-giû
估價	kóo-kè
估價單	kóo-kè-tuann
估數	kóo-siàu
估算	kóo-sǹg
估計	kóo-kè
伴侶	phuānn-lī
伴侶盟	Phuānn-lī-bîng
伴唱	phuānn-tshiùnn
伴坐	phuānn-tsē
伴壇	phuānn-tuânn
伴奏	phuānn-tsàu
伴娶	phuānn-tshuā
伴嫁	phuānn-kè
伴房	phuānn-pâng
伴手	phuānn-tshiú
伴景	phuānn-kíng
伴濫	phuānn-lām
伴膽	phuānn-tánn
伴舞	phuānn-bú
伴行	phuānn-kiânn
伶俐	líng-lī
伶利	líng-lī
伸入	tshun-ji̍p
伸冤	sin-uan
伸勻	tshun-ûn
伸勼	tshun-kiu
伸勼帶	tshun-kiu-tuà
伸圇	tshun-lûn
伸展	tshun-tián
伸張	sin-tiong
伸手	tshun-tshiú
伸港	Sin-káng
伸的	tshun-ê
伸筋草	tshun-kin-tsháu
伸筋藤	tshun-kin-tîn
伸腳	tshun-kha
伸課球	sin-khò-kiû
伸長	tshun-tn̂g
伸長手	tshun-tn̂g-tshiú
伸頭	tshun-thâu
伸頭䀐	tshun-thâu-siam
伸頭瞻	tshun-thâu-siam
伺候	sù-hāu
伺機而動	sū-ki-lî-tōng
伻還	phenn-hîng
伻鋪	phenn-phoo
伻鋪納	phenn-phoo-la̍p
伻鋪還	phenn-phoo-hîng
似是而非	sū-sī-lî-hui
伽藍爺	khiā-lâm-iâ
伽藍鳥	ka-lâm-tsiáu
佃契	tiān-khè
佃戶	tiān-hōo
佃批	tān-phe
佃農	tiān-lông
但但	tān-tān
但使	nā-sái
但在	tān-tsāi
但是	tān-sī
但書	tān-su
但有	nā-sū
佇佗位	tī-tó-uī
佇厝	tī-tshù
佇厝裡	tī-tshù-lí
佇咧	tī-leh
佇江湖走跳	tī-kang-ôo-tsáu-thiàu
佇足	tū-tsiok
佇遐	tī-hia
佇遮	tī-tsia
佈下	pòo-hā
佈告	pòo-kò
佈局	pòo-kio̍k
佈搭	pòo-tah
佈施	pòo-si
佈景	pòo-kíng
佈滿	pòo-muá
佈置	pòo-tì
佈署	pòo-sū
佈道	pòo-tō
佈達	pòo-ta̍t
佈雷	pòo-luî
位元	uī-guân
位元幣	uī-guân-pè
位元組	uī-guân-tsoo
位元錢	uī-guân-tsînn
位居	uī-ki
位數	uī-sòo
位置	uī-tì
低下	kē-hā
低估	kē-kóo
低價	kē-kè
低分	kē-hun
低厝仔	kē-tshù-á
低地	kē-tē
低壓	kē-ap
低姿態	kē-tsu-thài
低成本	kē-sîng-pún
低收入戶	kē-siu-ji̍p-hōo
低於	kē-î
低椅	kē-í
低椅頭仔	kē-í-thâu-á
低氣壓	kē-khì-ap
低水	kē-tsuí
低沈	kē-tîm
低湖	kē-ôo
低溫	kē-un
低空	te-khong
低窩	kē-o
低能兒	te-lîng-jî
低腳狗	kē-kha-káu
低落	kē-lo̍h
低調	kē-tiāu
低路	kē-lōo
低路司	kē-lōo-sai
低路貨	kē-lōo-huè
低階	kē-kai
低音	kē-im
低音管	kē-im-kuán
低黐麵粉	kē-thi-mī-hún
住址	tsū-tsí
住宅	tsū-the̍h
住宅區	tsū-the̍h-khu
住屋	tsū-ok
住所	tsū-sóo
住手	tsū-tshiú
住持	tsū-tshî
住民	tsū-bîn
住處	tsū-tshù
住院	tsū-īnn
佐敦	Tsò-tun
佐料	tsô-liāu
佐證	tsó-tsìng
佔上風	tsiàm-siāng-hong
佔代先	tsiàm-tāi-sing
佔位	tsiàm-uī
佔去	tsiàm-khì
佔地	tsiàm-tē
佔大	tsiàm-tuā
佔大頭	tsiàm-tuā-thâu
佔尾名	tsiàm-bué-miâ
佔據	tsiàm-kì
佔有	tsiàm-iú
佔柱	tsiàm-thiāu
佔權	tsiàm-khuân
佔用	tsiàm-iōng
佔穩	tsiàm-ún
佔線	tsiàm-suànn
佔著	tsiàm-tio̍h
佔贏	tsiàm-iânn
佔開	tsiàm-khui
佔領	tsiàm-líng
佔領區	tsiàm-niá-khu
佔頭前	tsiàm-thâu-tsîng
佔頭名	tsiàm-thâu-miâ
佔頭坎	tsiàm-thâu-khám
佔風頭	tsiàm-hong-thâu
何乜苦	hô-mih-khóo
何去何從	hô-khì-hô-tsiông
何在	hô-tsāi
何干	hô-kan
何得而苦	hô-tit-lî-khóo
何得苦	hô-tit-khóo
何必	hô-pit
何必苦	hô-pit-khóo
何故	hô-kòo
何方	hô-hong
何樂不為	hô-lo̍k-put-uî
何況	hô-hòng
何等	hô-tíng
何苦	hô-khóo
何處	hô-tshù
何首烏	hô-siú-oo
佗一位	toh-tsi̍t-uī
佗一工	tó-tsi̍t-kang
佗位	tah-uī
佗位仔	toh-uī-á
佗落	tá-lo̍h
余天	Û-Thian
余姚	Î-iâu
余杭	Î-hâng
余清芳	Û-Tshing-hong
余陳月瑛	Û-Tân-Gua̍t-ing
佛事	hu̍t-sū
佛仔	pu̍t-á
佛仔土	pu̍t-á-thôo
佛仔生	hu̍t-á-senn
佛像	hu̍t-siōng
佛公	pu̍t-kong
佛去才知佛聖	hu̍t-khì-tsiah-tsai-hu̍t-siànn
佛國	Hu̍t-kok
佛堂	hu̍t-tn̂g
佛塔	hu̍t-thah
佛字	pu̍t-jī
佛學	hu̍t-ha̍k
佛宮	pu̍t-king
佛家	hu̍t-ka
佛寺	hu̍t-sī
佛廟	pu̍t-biō
佛心	pu̍t-sim
佛心投資者	pu̍t-sim-tâu-tsu-tsiá
佛性	hu̍t-sìng
佛手	pu̍t-tshiú
佛手柑	hu̍t-tshiú-kam
佛手瓜	hu̍t-tshiú-kue
佛手瓜鬚	hu̍t-tshiú-kue-tshiu
佛掌薯	hu̍t-tsiáng-tsî
佛教	Hu̍t-kàu
佛桌	pu̍t-toh
佛桑花	hu̍t-song-hue
佛殿	hu̍t-tiān
佛法	hu̍t-huat
佛洛伊德	Hu̍t-lo̍k-i-ti̍k
佛珠	hu̍t-tsu
佛眼竹	hu̍t-gán-tik
佛祖	hu̍t-tsóo
佛祖生	pu̍t-tsóo-senn
佛經	hu̍t-king
佛耳草	hu̍t-hīnn-tsháu
佛蘭西	Hu̍t-lân-se
佛門	hu̍t-bûn
佛陀	hu̍t-tô
佛頭果	hu̍t-thâu-kó
佛骨	hu̍t-hut
佛龕	hu̍t-kham
作亂	tsok-luān
作伙濺	tsò-hué-tsuānn
作假	tsok-ké
作品	tsok-phín
作孽	tsok-gia̍t
作家	tsok-ka
作對	tsò-tuì
作對頭	tsò-tuì-thâu
作弄	tsok-lōng
作弊	tsok-pè
作彩	tsok-tshái
作怪	tsok-kuài
作息	tsok-sit
作戰	tsok-tsiàn
作文	tsok-bûn
作暗號	tsò-àm-hō
作曲	tsok-khik
作曲家	tsok-khik-ka
作業	tsok-gia̍p
作業員	tsok-gia̍p-uân
作樂	tsoh-lo̍k
作法	tsok-huat
作為	tsok-uî
作用	tsò-iōng
作畫	tsoh-uē
作祟	tsok-suī
作穡	tsoh-sit
作者	tsok-tsiá
作譴	tsok-khiàn
作風	tsok-hong
你仝管	lí-kâng-kuán
你佇佗位	lí-tī-tó-uī
你兄我弟	lí-hiann-guá-tī
你到底予我看啥	lí-tàu-té-hōo-guá-khuànn-siánn
你去死	Lí-khì-sí
你叫啥名	lí-kiò-siánn-miâ
你咧創啥	lí-leh-tshòng-siánn
你咧創啥貨	lí-leh-tshòng-siánn-huè
你咧大聲啥啦	lí-leh-tuā-siann-siánn-lah
你咧講啥	Lí-teh-kóng-siánn
你咧講啥潲	lí-leh-kóng-siánn-siâu
你嘛卡好	lí-mā-khah-hó
你嘛會使	lí-mā-ē-sái
你嘛較拜託的	lí-mā-khah-pài-thok-ê
你好	lí-hó
你家治	lí-ka-tī
你就好鬥陣	lí-tō-hó-tàu-tīn
你徛佗位	lí-khiā-tó-uī
你愛我	lí-ài-guá
你我	lí-guá
你我糖甘蜜甜	lí-guá-thn̂g-kam-bi̍t-tinn
你按怎攏袂忝	lí-án-tsuánn-lóng-bē-thiám
你攏無歇睏喔	lí-lóng-bô-hioh-khùn-ooh
你放屁	lí-pàng-phuì
你敢攏無歇睏	lí-kám-lóng-bô-hioh-khùn
你敢欲	lí-kánn-beh?
你是啥人	Lí-sī-siánn-lâng
你是啥物人	lí-sī-siánn-mih-lâng
你有咧掠寶無	Lí-ū-leh-lia̍h-pó-bô
你有咧無閒無	lí-ū-leh-bô-îng-bô
你有夠害	Lí-ū-kàu-hāi
你欲信無我落人予你死	Lí-beh-sìn-bô?-Guá-làu-lâng-hōo-lí-sí
你欲去佗	lí-beh-khì-toh/tah
你欲去佗位	lí-beh-khì-tó-uī
你死我活	lí-sí-guá-ua̍h
你溜我旋	lí-liu-guá-suan
你的意見	lí-ê-ì-kiàn
你真奇怪	lí-tsin-kî-kuài
你真烏	lí-tsin-oo
你真無效	lÍ-tsin-bô-hāu
你自己	lí-tsū-kí
你袂䆀	lí-bē-bái
你誠緣投	lí-tsiânn-iân-tâu
你請	lí-tshiánn
你講咧	lí-kóng-leh
你講啥	lí-kóng-siánn
你足好鬥陣	lí-tsiok-hó-tàu-tīn
你足媠	lí-tsiok-suí
你足戇	lí-tsiok-gōng
你足討厭	li-tsiòk-thó-ià
你這馬敢有閒	lí-tsit-má-kám-ū-îng
你那坐	lí-ná-tsē
你都好鬥陣	lí-to-hó-tàu-tīn
你鬼我閻羅	lí-kuí-guá-giâm-lô
佣金	iōng-kim
佩劍	puē-kiàm
佩命	phē-miā
佩性命	phē-sìnn-miā
佩服	puē-ho̍k
佩槌	phua̍h-thuî
佩甲	phua̍h-kah
佩紅	phua̍h-âng
佩腳	phua̍h-kha
佩衫	phua̍h-sann
佩風	phua̍h-hong
佬仔	láu-á
佬仔指	láu-á-tsáinn
佬仔步	láu-á-pōo
佬沃	Láu-ak
佮你啥底代	kah-lí-siànn-tī-tāi
佮你底代	kah-lí-tī-tāi
佮你底大代	kah-lí-tī-tuā-tāi
佮你有啥底代	kah-lí-ū-siánn-tī-tāi
佮你無底代	kah-lí-bô-tī-tāi
佮便的	kah-piān-ê
佮嘴	kap-tshuì
佮天地仝歲壽	kah-thinn-tē-kāng-huè-siū
佮意你	kah-ì-lí
佮意的人	kah-ì-ê-lâng
佮柴柱	kap-tshâ-thiāu
佮線	kap-suànn
佮肩胛頭平闊	kah-king-kah-thâu-pênn/pînn-khuah
佮色	kah-sik
佮藥	kap-io̍k
佯三角目	tìnn-sann-kak-ba̍k
佯恬恬	tènn-tiām-tiām
佯悾佯痟	tìnn-khong-tìnn-siáu
佳人	ka-jîn
佳作	ka-tsok
佳偶	ka-ngóo
佳冬	Ka-tang
佳哉	ka-tsài
佳在無	ka-tsài-bô
佳節	ka-tsiat
佳落哉	ka-lo̍h-tsài
佳薩克	Ka-sat-khik
佳話	ka-uē
佳里	Ka-lí
佳音	ka-im
佳餚	ka-ngâu
佳麗	ka-lē
併久	pìng-kú
併吞	pìng-thun
併案	pìng-àn
併科	pìng-kho
佻弄	thiau-lāng
使仙公	sái-sian-kong
使倒拖刀	sái-tò-thua-to
使倒頭槌	sái-tò-thâu-thuî
使倨	sái-kù
使出	sái-tshut
使勢	sái-sì
使勢頭	sái-sì-thâu
使君子	sú-kun-tsú
使命	sù-bīng
使命感	sù-bīng-kám
使唆	sái-so
使嘴學舌	sái-tshuì-o̍h-tsi̍h
使嘴撮	sái-tshuì-tshok
使嘴花	sái-tshuì-hue
使嘴食袂完	sái-tshuì-tsia̍h-bē-uân
使土地	su̍t-thóo-tī
使姦撟	sái-kàn-kiāu
使姦肏	sái-kàn-tshoh
使尻川	sái-kha-tshng
使弄	sái-lōng
使後栓	sái-āu-sng
使得過	sái-tit-kuè
使徛目	sái-khiā-ba̍k
使心行	sái-sim-hīng
使性	sái-sìng
使性地	sái-sìng-tē
使性搦地	sái-sìng-la̍k-tē
使性鳥	Sái-sìng-tsiáu
使手路	sái-tshiú-lōo
使抐水	sái-lā-tsuí
使拒	sái-kū
使斜目	sái-tshua̍h-ba̍k
使暗力	sái-àm-la̍t
使暗步	sái-àm-pōo
使暗毒	sái-àm-to̍k
使暗箭	sái-àm-tsìnn
使暗行	sái-àm-hīng
使暗路	sái-àm-lōo
使暗針	sái-àm-tsiam
使替	sái-thuì
使替包	sái-thuì-pau
使會行	sái-ē-kiânn
使會走	sái-ē-tsáu
使極步	sái-ki̍k-pōo
使橫	sái-huâinn
使歹	sái-phài
使歹譜	sái-phái-phóo
使派	sái-phài
使然	sú-jiân
使用	sái-īng
使用人	sú-iōng-lâng
使用權	sú-iōng-kuân
使用率	sú-iōng-lu̍t
使用者	sú-iōng-tsiá
使用者感受	sú-iōng-tsiá-kám-siū
使用者體驗	sú-iōng-tsiá-thé-giām
使用費	sái-iōng-huì
使畚	sái-phún
使癖	sái-phiah
使目尾	sái-ba̍k-bué
使目箭	sái-ba̍k-tsìnn
使目色	sái-ba̍k-sik
使目角	sái-ba̍k-kak
使直喉	sái-ti̍t-âu
使破爛	sái-phuà-nuā
使硬鼻	sái-ngē-phīnn
使翸用	sái-phún-iōng
使者	sú-tsiá
使色水	sái-sik-tsuí
使蕩	sái-tn̄g
使褪包	sái-thǹg-pau
使覆手	sái-phak-tshiú
使見色	sái-kiàn-sik
使話抵	sái-uē-tú
使話栓	sái-uē-sng
使象的	sái-tshiūnn-ê
使賂	sái-lōo
使過掛	sái-kuè-kuà
使過面	sái-kuè-bīn
使過馬	sái-kuè-bé
使館	sài-kuán
使驚	sái-kiann
使體	sái-thué
侄仔	ti̍t-á
來不及	lâi-put-ki̍p
來世	lâi-sè
來來去去	lâi-lâi-khì-khì
來信	lâi-sìn
來函	lâi-hâm
來到	lâi-kàu
來勢	lâi-sì
來去	lâi-khì
來去倒	lâi-khì-tò
來去數	lâi-khì-siàu
來去轉	lâi-khì-tńg
來回	lâi-huê
來客	lâi-kheh
來往	lâi-óng
來往數	lâi-óng-siàu
來意	lâi-ì
來批	lâi-phe
來歷	lâi-li̍k
來歷不明	lâi-li̍k-put-bîng
來洗	lâi-sê
來源	lâi-guân
來生	lâi-sing
來的人	lâi-ê-lâng
來自	lâi-tsū
來若風去若窸倏	lâi-ná-hong,-khì-ná-sī-suā
來若風去若絲線	lâi-ná-hong,-khì-ná-si-suànn
來訪	lâi-hóng
來賓	lâi-pin
來路	lâi-lōo
來路不明	lâi-lōo-put-bîng
來轉	lâi-tńg
來電	lâi-tiān
例假日	lē-ká-ji̍t
例外	lē-guā
例會	lē-huē
例案	lē-àn
例行	lē-hîng
例行公事	lē-hîng-kong-sū
例證	lē-tsìng
侍候	sū-hāu
侍從	sū-tsiông
侍衛	sī-uē
侗戇	tòng-gōng
供出	king-tshut
供口供	king-kháu-king
供應	kiong-ìng
供投	king-tâu
供水	kiong-tsuí
供求	kiong-kiû
供物	kìng-mi̍h
供稱	kiong-tshing
供端	king-tuan
供給	kiong-kip
供衣	king-i
供衣紙	king-i-tsuá
供詞	kiong-sû
供述	kiong-su̍t
供銷	kiong-siau
供需	kìng-su
供體	king-thé
供鼠	kióng-tshí
依依	i-i
依依不捨	i-i-put-sià
依依曰曰	i-i-ua̍t-ua̍t
依倚	i-uá
依原	i-guân
依存	i-tsûn
依序	i-sū
依撒依亞	I-sat-i-a
依據	i-kì
依次	i-tshù
依歸	i-kui
依法	i-huat
依然	i-jiân
依照	i-tsiàu
依約	i-iok
依聿	i-u̍t
依賴	i-lāi
依賴地	i-lāi-tē
依賴度	i-lāi-tōo
依賴性	i-lāi-sìng
依附	i-hù
依靠	i-khò
侮弄	bú-lāng
侮慢	bú-bān
侮辱	bú-jio̍k
侯伯寮	Hâu-peh-liâu
侵人錢	tshim-lâng-tsînn
侵佔	tshim-tsiàm
侵債	tshim-tsè
侵入	tshim-ji̍p
侵占	tshim-tsiàm
侵取	tshim-tshú
侵害	tshim-hāi
侵擾	tshim-jiáu
侵權	tshim-khuân
侵權行為	tshim-khuân-hîng-uî
侵欠	tshim-khiàm
侵犯	tshim-huān
侵用	tshim-īng
侵略	tshim-lia̍k
侵略者	tshim-lia̍k-tsiá
侵蝕	tshim-si̍h
侵襲	tshim-si̍p
侵錢	tshim-tsînn
侵門踏戶	tshim-mn̂g-ta̍h-hōo
侷限	kio̍k-hān
便便	piān-piān
便利	piān-lī
便利商店	piān-lī-siong-tiàm
便利貼	piān-lī-tah
便印	piān-ìn
便品	piān-phín
便器	piān-khì
便套藥	piān-thò-io̍h
便套話	piān-thò-uē
便套飯	piān-thò-pn̄g
便宜	pân-gî
便宜貨	pân-gî-huè
便工課	piān-khang-khuè
便所	piān-sóo
便所紙	piān-sóo-tsuá
便拗椅	piān-áu-í
便捷	piān-tsia̍p
便插	piān-tshah
便方	piān-hng
便有	piān-iú
便服	piān-ho̍k
便條	piān-tiâu
便椅	piān-í
便橋	piān-kiô
便步若	piān-pōo-nā
便民	piān-bîn
便物	piān-mi̍h
便當	piān-tong
便當盒	piān-tong-a̍h
便看	piān-khuànn
便秘	piān-pì
便空課	piān-khang-khuè
便若	piān-nā
便若是	piān-nā-sī
便菜	piān-tshài
便菜飯	piān-tshài-pn̄g
便藥	piān-io̍h
便衣	piān-i
便衫	piān-sann
便貨	piān-huè
便貨市場	piān-huè-tshī-tiûnn
便車	piān-tshia
便道	piān-tō
便飯	piān-pn̄g
係數	hē-sòo
係項	hē-hāng
促使	tshiok-sú
促倚	tshik-uá
促就	tshik-tsiū
促成	tshiok-sîng
促時間	tshik-sî-kan
促歲壽	tshik-huè-siū
促死人	tsak-sí-lâng
促減	tshik-kiám
促短	tshik-té
促糟	tsak-tso
促細	tshik-sè
促耳	tsak-hī
促請	tshiok-tshíng
促近	tshik-kīn
促進	tshiok-tsìn
促銷	tshiok-siau
促馬勢	tshik-bé-sì
俄國	ngôo-kok
俄文	Gô-bûn
俄羅	gô-lô
俄羅斯	Gô-lô-su
俄羅斯共和國	ngôo-lô-su-kiōng-hô-kok
俄羅斯疊磚仔	Gô-lô-su-thiap-tsng-á
俄羅斯鬥四角	Gô-lô-su-tàu-sì-kak
俄語	Gô-gí
俊傑	tsùn-kia̍t
俊秀	tsùn-siù
俏綠	tshiò-li̍k
俏色	tshió-sik
俐落	lī-lo̍h
俗事	sio̍k-sū
俗例	sio̍k-lē
俗俗仔病	sio̍k-sio̍k-á-pēnn
俗價	sio̍k-kè
俗價航空	sio̍k-kè-hâng-khong
俗名	sio̍k-miâ
俗掔	sio̍h-khiàn
俗氣	sio̍k-khì
俗物	sio̍k-mi̍h
俗物仔	sio̍k-mih-á
俗癖	sio̍h-phiah
俗稱	sio̍k-tshing
俗話說	sio̍k-uē-sueh
俗語	sio̍k-gí
俗語話	sio̍k-gí-uē
俗語講	sio̍k-gí-kóng
俗貨	sio̍k-huè
俗買	sio̍k-bé
俗賣	sio̍k-bē
俗醫	sio̍k-i
俗飛行機	sio̍k-hue-lîng-ki
俗麭	sio̍k-pháng
俗麭𩛩	sio̍k-pháng-kauh
俘虜	hu-lóo
保人壽	pó-jîn-siū
保住	pó-tsū
保佑	pó-iū
保值	pó-ta̍t
保健	pó-kiān
保健中心	pó-kiàn-tiong-sim
保全	pó-tsuân
保加利亞	Pó-ka-lī-a
保存	pó-tsûn
保守	pó-siú
保守派	pó-siú-phài
保守黨	pó-siú-tóng
保安	pó-an
保安刀	pó-an-to
保家	pó-ke
保家人	pó-ke-lâng
保家單	pó-ke-tuann
保家字	pó-ke-jī
保家批	pó-ke-phe
保家燈	pó-ke-ting
保密	pó-bi̍t
保庇	pó-pì
保惜	pó-sioh
保持	pó-tshî
保暖	pó-luán
保有	pó-iú
保本基金	pó-pún-ki-kim
保水險	pó-tsuí-hiám
保溫杯	pó-un-pue
保溫箱	pó-un-siunn
保溫罐	pó-un-kuàn
保留	pó-liû
保留地	pó-liû-tē
保稅	pó-suè
保管	pó-kuán
保管人	pó-kuán-jîn
保羅	Pó-lô
保育	pó-io̍k
保胎	pó-thai
保衛	pó-uē
保証	pó-tsìng
保認	pó-jīn
保證	pó-tsìng
保證人	pó-tsìng-līn
保證書	pó-tsìng-su
保證金	pó-tsìng-kim
保警	pó-kíng
保護	pó-hōo
保護令	pó-hōo-līng
保費	pó-huì
保身符	pó-sin-hû
保送	pó-sàng
保釋	pó-sik
保重	pó-tiōng
保鏢	pó-pio
保鑣	pó-pio
保防	pó-hông
保障	pó-tsiàng
保險	pó-hiám
保險套	pó-hiám-thò
保險柱	pó-hiám-thiāu
保險櫃	pó-hiám-kuī
保險法	pó-hiám-huat
保險箱	pó-hiám-siunn
保險絲	pó-hiám-si
保險費	pó-hiám-huì
保險金	pó-hiám-kim
保領	pó-niá
保養	pó-iáng
保養品	pó-iáng-phín
保鮮	pó-sian
保鮮膜	pó-tshinn-mo̍oh
保麗龍	pó-lê-liông
信仰	sìn-gióng
信件	sìn-kiānn
信任	sìn-jīm
信任案	sìn-jīm-àn
信借	sìn-tsioh
信函	sìn-hâm
信天翁	sìn-thian-ong
信奉	sìn-hōng
信守	sìn-siú
信心	sìn-sim
信念	sìn-liām
信息	sìn-sit
信憑	sìn-pîn
信教	sìn-kàu
信服	sìn-ho̍k
信用	sìn-iōng
信用借	sìn-iōng-tsioh
信用卡	sìn-iōng-khah
信用片	sìn-iōng-phìnn
信箱	sìn-siunn
信篤篤	sìn-tauh-tauh
信紙	sìn-tsuá
信義	sìn-gī
信者	sìn-tsiá
信耶穌	sìn-iâ-soo
信聖	sìn-siànn
信號	sìn-hō
信號彈	sìn-hō-tuânn
信號燈	sìn-hō-ting
信號銃	sìn-hō-tshìng
信袋	sìn-tē
信託	sìn-thok
信譽	sìn-ī
信賴	sìn-lāi
信錯	sìn-tshò
信靠	sìn-khò
信魚	sìn-hî
修削	siu-siah
修剪	siu-tsián
修善	siu-siān
修女	siu-lí
修好	siu-hó
修定	siu-tīng
修建	siu-kiàn
修復	siu-ho̍k
修持	siu-tî
修改	siu-kái
修整	siu-tsíng
修業	siu-gia̍p
修正	siu-tsìng
修正案	siu-tsìng-àn
修正液	siu-tsìng-i̍k
修理	siu-lí
修理紗窗	siu-lí-se-thang
修理費	siu-lí-huì
修築	siu-tio̍k
修繕	siu-siān
修習	siu-si̍p
修腳	siu-kha
修行	siu-hīng
修補	siu-póo
修訂	siu-tìng
修護	siu-hōo
修路	siu-lōo
修身	siu-sin
修造	siu-tsō
修道	siu-tō
修鍊	siu-liān
修養	siu-iáng
修齊	siu-tsê
俯視	hú-sī
俱佳	kū-ka
俱備	kū-pī
俱全	kū-tsuân
俱樂部	khū-lo̍k-pōo
俳優	pâi-iu
俸給	hōng-kip
俺伯	án-peh
俺公	án-kong
俺叔	án-tsik
俺姐	án-tsé
俺姑	án-koo
俺娘	án-niâ
俺媽	án-má
俺媽體	án-má-thé
俺嬸	án-tsím
俺扁	án-pínn
俺祖	án-tsóo
俺細的	án-sè-ê
倉促	tshong-tshiok
倉山	Tshng-suann
倉庫	tshng-khòo
倉碰	tshong-pōng
倉磅	tshong-pōng
倉頡	tshong-khiat
倉鼠	tshng-tshí
個人	kò-jîn
個人床	kò-jîn-tshn̂g
個人房	kok-jîn-pâng
個人資料	kò-jîn-tsu-liāu
個個	kô-kô
個別	kò-pia̍t
個外月	kò-guā-gue̍h
個性	kò-sìng
個捅月	kò-thóng-gue̍h
個數	kò-sòo
個案	kò-àn
個資	kò-tsu
個體	kò-thé
倍增	puē-tsīng
倍數	puē-sòo
倒來	tò-lâi
倒侵	tò-tshim
倒倒	tò-táu
倒出來	tò-tshut-lâi
倒剃	tò-thì
倒削	tò-siah
倒剾	tò-khau
倒勘	tò-khàm
倒勼	tò-kiu
倒勼燈	tò-kiu-ting
倒包	tò-pau
倒包來	tò-pau-lâi
倒匍	tó-pôo
倒去	tò-khì
倒反	tò-píng
倒反照	tò-huán-tsiò
倒反行	tò-píng-kiânn
倒反話	tò-píng-uē
倒反講	tò-píng-kóng
倒台	tó-tâi
倒吊	tò-tiàu
倒吊癀	tò-tiàu-hông
倒吊蓮	tò-tiàu-liân
倒吊風	tò-tiàu-hong
倒向	tò-hiàng
倒向天	tò-hiàng-thian
倒咧	tò-leh
倒咧予你拖	tó-leh-hōo-lí-thua
倒咧嘛著銃	tó-leh-mā-tio̍h-tshìng
倒咬	tò-kā
倒咬人	tò-kā-lâng
倒咬狗	tò-kā-káu
倒問	tò-mn̄g
倒地柃	tó-tē-lîng
倒地瓊	tó-tē-khīng
倒坐罪	tò-tsē-tsuē
倒坦敧	tó-thán-khi
倒坦蓋	tó-thán-khap
倒塌	tò-thap
倒塌坐	tò-lap-tsē
倒少年	tò-siàu-liân
倒山樹	tó-suann-tshiū
倒帶	táu-tuà
倒床	tó-tshn̂g
倒店	tó-tiàm
倒彈	tò-tuānn
倒徛眉	tò-khiā-bâi
倒徛騰	tò-khiā-thîng
倒戽	tò-hòo
倒房	tó-pâng
倒手	tò-tshiú
倒手仔	tò-tshiú-á
倒手仔剾刀	tò-tshiú-á-khau-to
倒手仔枴	tò-tshiú-á-kuái
倒手仔歪	ttò-tshiú-á-uainn
倒手仔猴	tò-tshiú-á-kâu
倒手仔𨂿	tò-tshiú-á-uáinn
倒手抉	tò-tshiú-kuat
倒手枴仔	tò-tshiú-kuái-á
倒手爿	tò-tshiú-pîng
倒手狗仔	tò-tshiú-káu-á
倒手骨	tò-tshiú-kut
倒扮	tò-pān
倒拋	tò-pha
倒拋獅	tò-pha-sai
倒拖刀	tò-thua-to
倒拖槌	tò-thua-thuî
倒插筆	tò-tshah-pit
倒換	táu-uānn
倒揜	tò-hop
倒摔向	tó-siàng-hiàng
倒摳	tò-khau
倒擔	tó-tànn
倒攄	tò-lu
倒攄車	tò-lu-tshia
倒數	tó-siàu
倒斡	tò-uat
倒架生	tò-kè-senn
倒栽	tò-tsai
倒案	tó-àn
倒椅	tó-í
倒欉	tó-tsâng
倒欺	tò-khia
倒泍	tò-pūn
倒泍流	tò-pūn-lâu
倒泍風	tò-pūn-hong
倒流	tò-lâu
倒激	tò-kik
倒照	tò-tsiò
倒照影	tò-tsiò-iánn
倒照日	tò-tsiò-ji̍t
倒照牆	tò-tsiò-tshiûnn
倒爿	tò-pîng
倒爿下仔	tò-pîng-ē-á
倒爿踅	tò-pîng-se̍h
倒爿頂仔	tò-pîng-tíng-á
倒產	tó-sán
倒祖	tò-tsóo
倒祧	tó-thiāu
倒笑天	tò-tshiò-thinn
倒箍踅	tò-khoo-se̍h
倒籬顛斗	tó-lî-tian-táu
倒絞帶	tò-ká-tuà
倒絞水	tò-ká-tsuí
倒絞流	tò-ká-lâu
倒翻箍	tò-huan-khoo
倒翻頭	tò-huan-thâu
倒聲	tó-siann
倒腰	tó-io
倒腳	tò-kha
倒落	tó-lo̍h
倒蓋	tò-khap
倒袒平	tó-thán-pênn
倒袒笑	tó-thán-tshiò
倒貼	tò-thiap
倒路站	táu-lōo-tsām
倒踅	tò-se̍h
倒踏	tò-ta̍h
倒踏算	tò-ta̍h-sǹg
倒踏計時器	tò-ta̍h-kè-sî-khì
倒踏蹬	tò-ta̍h-tinn
倒踏錢	tò-ta̍h-tsînn
倒踢	tò-that
倒蹺蹺	tó-khiàu-khiàu
倒躡青	tò-nih-tshinn
倒車	táu-tshia
倒轉	tó-tńg
倒轉來	tò-tńg-lâi
倒轉去	tò-tńg-khì
倒轉問家己	tò-tuínn-muī-ka-tī
倒退	tò-thè
倒退攄	tò-thè-lu
倒退行	tò-thè-kiânn
倒退車	tò-thè-tshia
倒退鱟	tò-thè-hāu
倒運	tó-ūn
倒酒	tò-tsiú
倒鉤刺	tò-kau-tshì
倒鉤齒	tò-kau-khí
倒鏡	tó-kiànn
倒陽	tó-iâng
倒離離	tó-lī-lī
倒青春	tò-tshing-tshun
倒面	tò-bīn
倒頭	tó-thâu
倒頭包	tò-thâu-pau
倒頭吊	tò-thâu-tiàu
倒頭唸	tò-thâu-liām
倒頭插	tò-thâu-tshah
倒頭栽	tò-thâu-tsai
倒頭槌	tò-thâu-thuî
倒頭流	tò-thâu-lâu
倒頭烏	tò-thâu-oo
倒頭生	tò-thâu-senn
倒頭算	tò-thâu-sǹg
倒頭算時	tò-thâu-sǹg-sî
倒頭行	tò-thâu-kiânn
倒頭訕	tò-thâu-suān
倒頭路	tò-thâu-lōo
倒風內海	Tò-hong-luē-hái
倒風內海故事館	Tò-hong-luē-hái-Kòo-sū-kuán
倒麒麟	tó-kî-lîn
倔強	khut-kiông
倕糬	thuī-tsî
倖免	hīng-bián
候下	hāu-hē
候價	hāu-kè
候機室	hāu-ki-sik
候示	hāu-sī
候等	hāu-tán
候缺	hāu-khueh
候脈	hāu-me̍h
候補	hāu-póo
候車室	hāu-tshia-sik
候選	hāu-suán
候駕	hāu-kà
倚並	uá-phīng
倚伙食	uá-hué-si̍t
倚倚	uá-uá
倚偏邊	uá-phian-pinn
倚傍	uá-pn̄g
倚勢	uá-sì
倚壁	uá-piah
倚天	í-thian
倚岸	uá-huānn
倚帶	uá-tuà
倚年	uá-nî
倚意	uá-ì
倚按	uá-huānn
倚摸	uá-bong
倚晝	uá-tàu
倚暗	uá-àm
倚桌	uá-toh
倚桌仔	uá-toh-á
倚樣	uá-iūnn
倚欲	uá-beh
倚歸爿	uá-kui-pîng
倚海	uá-hái
倚牢	uá-tiâu
倚理	uá-lí
倚磕	uá-kha̍p
倚窗仔	uá-thang-á
倚節	uá-tseh
倚索仔分錢	uá-soh-á-pun-tsînn
倚舵	uá-tuā
倚船	uá-tsûn
倚行	uá-hâng
倚街	uá-ke
倚規爿	uá-kui-pîng
倚親	uá-tshin
倚賴	uá-luā
倚身	uá-sin
倚車	uá-tshia
倚近	uá-kīn
倚邊	uá-pinn
倚重	uá-tiōng
倚門提督	uá-mn̂g-thê-tok
倚險	uá-hiám
倚靠	uá-khò
倚音	uá-im
倚韻讀	uá-ūn-tha̍k
倚食	uá-tsia̍h
倚駕	uá-kà
借來	tsioh-lâi
借出	tsioh-tshut
借助	tsioh-tsōo
借口	tsioh-kháu
借問	tsioh-mn̄g
借單	tsioh-tuann
借嘴	tsioh-tshuì
借地	tsioh-tē
借字	tsioh-jī
借屍還魂	tsioh-si-huân-hûn
借帶	tsioh-tuà
借徛	tsioh-khiā
借我	tsioh-guá
借據	tsioh-kì
借款	tsioh-khuán
借歇	tsioh-hioh
借殼上市	tsioh-khak-tsiūnn-tshī
借用	tsioh-iōng
借著	tsioh-tio̍h
借詞	tsiah-sû
借話	tsioh-uē
借貸	tsioh-tāi
借車	tsioh-tshia
借重	tsioh-tiōng
借錢	tsioh-tsînn
借鏡	tsioh-kiànn
倡導	tshiòng-tō
倡言	tshiòng-giân
倡頭	tshiàng-thâu
倩人	tshiànn-lâng
倩工	tshiànn-kang
倩的	tshiànn-ê
倩船	tshiànn-tsûn
倩賊顧更	tshiànn-tsha̍t-kòo-kenn
倩車	tshiànn-tshia
倩鬼拆藥單	tshiànn-kuí-thiah-io̍h-tuann
倫敦	Lûn-tun
倫理	lûn-lí
倯倯	sông-sông
倯壁壁	sông-piah-piah
倯氣	sông-khuì
倯閣漚郎	sông-koh-àu-lông
值代	tī-tāi
值勤	ti̍t-khîn
值夜	ti̍t-iā
值大代	tī-tuā-tāi
值得	ta̍t-tit
值得看	ta̍t-tit-khuànn
值日	ti̍t-ji̍t
值日官	ti̍t-ji̍t-kuann
值日生	ti̍t-ji̍t-sing
值星	ti̍t-sing
值星官	ti̍t-sing-kuann
值班	ti̍t-pan
值錢	ta̍t-tsînn
偃交仔	ián-kau-á
偃倒	ián-tó
偃徛	ián-khiā
偃桌	ián-toh
偃耳	ànn-hīnn
偃耳聽	ànn-hīnn-thiann
偃覆	ián-phak
偆錢	tshun-tsînn
偆額	tshun-gia̍h
偆飯	tshun-pn̄g
假上諓	ké-tsiūnn-tsînn
假人	ké-lâng
假仙	ké-sian
假仙假觸	ké-sian-ké-tak
假以時日	ká-í-sî-ji̍t
假佯	ké-iànn
假使	ká-sú
假使電話亭	ká-sú-tiān-uē-tîng
假俳	ké-pai
假借	ká-tsià
假做	ké-tsò
假先知	ké-sian-ti
假出獄	ké-tshut-ga̍k
假分數	ké-hun-sòo
假勇	ké-ióng
假包	ké-pâu
假博	ké-phok
假古博	ké-kóo-phok
假名	ké-miâ
假君子	ké-kun-tsú
假嘴齒	ké-tshuì-khí
假夠禮	ké-kàu-lé
假大範	ké-tuā-pān
假好心	ké-hó-sim
假好衰	ké-hó-sue
假好額	ké-hó-gia̍h
假定	ká-tīng
假山	ké-suann
假影	ké-iánn
假影銀行	ké-iánn-gîn-hâng
假心	ké-sim
假想敵	ká-sióng-ti̍k
假意	ké-ì
假慈悲	ké-tsû-pi
假戇	ké-gōng
假戇槌	ké-gōng-thuî
假手	ké-tshiú
假扣押	ké-khàu-ah
假扮	ké-pān
假捌	ké-bat
假掔乖	ké-kiān-kuai
假散	ké-sàn
假數	ké-siàu
假斯文	ké-su-bûn
假日	kà-ji̍t
假有心	ké-ū-sim
假期	ká-kî
假枝路	ké-ki-lōo
假死	ké-sí
假無意	ké-bô-ì
假牌個	ké-pâi-ê
假物	ké-mi̍h
假猛	ké-mé
假現實	ké-hiān-si̍t
假痟	ké-siáu
假的	ké-ê
假皮	ké-phuê
假盡情	ké-tsīn-tsîng
假目頭	ké-ba̍k-thâu
假睏	ké-khùn
假破病	ké-phuà-pēnn
假空	ké-khang
假空假榫	ké-khang-ké-sńg
假童	ké-tâng
假精光	ké-tsing-kong
假老大	ké-lāu-tuā
假老實	ké-láu-si̍t
假聖人	ké-sìng-jîn
假聲	ké-siann
假肉桂	ké-jio̍k-kuì
假肢	ká-ki
假肩	ké-king
假腳	ké-kha
假若	ká-ná
假若真	ké-ná-tsin
假苦瓜	ké-khóo-kue
假茄苳	ké-ka-tang
假莧菜	ké-hīng-tshài
假虔	ké-khiân
假虔意	ké-khiân-ì
假虔笑	ké-khiân-tshiò
假袍	ké-pâu
假裝	ká-tsong
假設	ká-siat
假說	ká-suat
假證	ké-tsìng
假象	ké-siōng
假貨	ké-huè
假造	ké-tsō
假那	ká-ná
假醉	ké-tsuì
假釋	ká-sik
假鈔票	ké-tshau-piò
假錢	ké-tsînn
假面騎士	ké-bīn-khî-sū
假頭毛	ké-thâu-mn̂g
假鬼六怪	ké-kuí-la̍k-kuài
假點陳	ké-tiám-tîn
假齒	ké-khí
假𠢕假賢慧	ké-gâu-ké-hiân-huē
偉人	uí-jîn
偉大	uí-tāi
偉績	uí-tsik
偌久	juā-kú
偌仔	guā-á
偌仔呢	guā-á-nī
偌儕	juā-tsē
偌呢	juā-nī
偌大	juā-tuā
偌好	juā-hó
偌怎樣	juā-tsáinn-iūnn
偌懸	juā-kuâinn
偌濟	juā-tsē
偌濟擺	guā-tsē-pái
偌濟錢	guā-tsē-tsînn
偌爾	juā-ní
偌爾仔	juā-ní-á
偌重	juā-tāng
偎倚	ue-uá
偎揳	ue-sueh
偏人	phenn-lâng
偏低	phian-kē
偏偏	phian-phian
偏偏欲	phian-phian-bueh
偏僻	phian-phiah
偏僻話	phian-phiah-uē
偏僻路	phian-phiah-lōo
偏北	phian-pak
偏名	phian-miâ
偏向	phian-hiòng
偏執	phian-tsip
偏好	phian-hó
偏差	phian-tsha
偏強	phian-kióng
偏心	phian-sim
偏愛	phian-ài
偏房	phian-pâng
偏殿	phian-tiān
偏溪缺	phian-khe-khih
偏產	phian-sán
偏祧	phian-thiāu
偏私	phian-su
偏秤頭	phenn-tshìn-thâu
偏空暗路	phian-khang-àm-lōo
偏竅	phian-khiàu
偏舖還	phenn-phoo-hîng
偏號	phian-hō
偏蝕日	phian-sit-ji̍t
偏袒	phian-thán
偏見	phian-kiàn
偏視	phian-sī
偏護	phian-hōo
偏路	phian-lōo
偏途	phian-tôo
偏遠	phian-uán
偏還	phenn-hîng
偏邊	phian-pinn
偏鄉	phian-hiong
偏重	phian-tiōng
偏門	phian-mn̂g
偏離	phian-lī
偏頭	phenn-thâu
偏頭痛	phian-thâu-thiànn
偏頭風	phian-thâu-hong
偏食	phian-si̍t
偓促	ak-tsak
偓促火	ak-tsak-hué
偓促熱	ak-tsak-jua̍h
做一	tsò-tse
做一下	tsò-tsi̍t-ē
做一喙	tsò-tsi̍t-tshuì
做一嘴	tsò-tsi̍t-tshuì
做一時	tsò-tsi̍t-sî
做一氣	tsò-tsi̍t-khuì
做一睏	tsò-tsi̍t-khùn
做七	tsò-tshit
做三牲	tsò-sam-sing
做不正	tsò-put-tsìng
做不端	tsò-put-tuan
做中人	tsò-tiong-lâng
做主	tsò-tsú
做主人	tsò-tsú-lâng
做了	tsò-liáu
做予人	tsò-hōo-lâng
做事	tsoh-sū
做交替	tsò-kau-thè
做人	tsò-lâng
做人嘍	tsò-lâng-loo
做人客	tsò-lâng-kheh
做人情	tsò-jîn-tsîng
做人矣	tsò-lâng-ah
做仙	tsò-sian
做代	tsò-tāi
做代誌	tsò-tāi-tsì
做代誌的板路	tsò-tāi-tsì-ê-pán-lōo
做件	tsò-kiānn
做件個	tsò-kiānn-ê
做伊	tsò-i
做伊走	tsò-i-tsáu
做伙	tsò-hué
做伙去死	tsò-hué-khì-sí
做伙激頭腦	tsò-hué-kik-thâu-náu
做伴	tsò-phuānn
做伴行	tsò-phuānn-kiânn
做便	tsò-piān
做便的	tsò-piān-ê
做保家	tsò-pó-ke
做假	tsò-ké
做傢夥	tsò-ke-hué
做價	tsoh-kè
做先鋒	tsò-sian-hong
做公親	tsò-kong-tshin
做兵	tsò-ping
做出	tsò-tshut
做出來	tsò-tshut-lâi
做到	tsò-kàu
做功	tsò-kang
做功德	tsò-kong-tik
做勻	tsò-ûn
做參做桂	Tsò-som-tsò-kuì
做句	tsò-kù
做司公	tsò-sai-kong
做唯是	tsò-bî-sī
做善事	tsò-siān-sū
做囝仔戲	tsò-gín-á-hì
做園	tsoh-hn̂g
做園的	tsò-huînn-ê
做土	tsò-thôo
做土的	tsò-thôo-ê
做堆	tsò-tui
做堆徛	tsò-tui-khiā
做塗	tsò-thôo
做塗水	tsò-thôo-tsuí
做塗水的	tsò-thôo-tsuí-ê
做夢	tsò-bāng
做夥	tsò-hé
做夥行	tsò-hué-kiânn
做大旱	tsò-tuā-uānn
做大水	tsò-tuā-tsuí
做天也袂中眾人意	tsò-thinn-iā-bē-tìng-tsìng-lâng-ì
做套	tsò-thò
做好	tsò-hó
做好事	tsò-hó-sū
做婊	tsò-piáu
做媒人	tsò-hm̂-lâng
做孔	tsò-khang
做完	tsò-uân
做客	tsò-kheh
做家	tsò-ke
做家伙	tsò-ke-hué
做對	tsò-tuì
做對年	tsò-tuì-nî
做對頭	tsò-tuì-thâu
做尾牙	tsò-bué-gê
做局	tsò-kio̍k
做山	tsò-suann
做岫	tsò-siū
做工	tsò-kang
做工仔人	tsò-kang-á-lâng
做工藝	tsò-kang-gē
做工課	tsò-khang-khuè
做心酸的	tsò-sim-sng-ê
做忌	tsò-kì
做息	tsoh-sik
做情	tsò-tsîng
做意致	tsò-ì-tì
做慶成	tsò-khìng-sîng
做成	tsò-sîng
做戲	tsò-hì
做戲仔	tsò-hì-á
做手	tsò-tshiú
做掔爽	tsò-khiàn-sńg
做掩護	tsò-iám-hōo
做放	tsò-pàng
做散工	tsò-suànn-kang
做散氣	tsò-sán-khuì
做旱	tsò-uānn
做晃個	tsò-hóng-ê
做晃兮	tsò-hóng-ê
做替	tsò-thè
做會	tsò-huē
做會來	tsò-ē-lâi
做會到	tsò-ē-kàu
做月	tsò-gue̍h
做月內	tsò-gue̍h-lāi
做木	tsò-ba̍k
做木個	tsò-ba̍k-ê
做木師傅	tsò-ba̍k-sai-hū
做木的	tsò-ba̍k-ê
做東	tsò-tong
做案	tsò-àn
做歹	tsò-phái
做歹人	tsò-pháinn-lâng
做水	tsò-tsuí
做水災	tsò-tsuí-tsai
做法	tsò-huat
做涌	tsò-íng
做烏龜	tsò-oo-kui
做無正經頭路	tsò-bô-tsìng-king-thâu-lōo
做牛無惜力	tsò-gû-bô-sioh-la̍t
做物	tsoh-bu̍t
做狗毋認路食屎	tsò-káu-m̄-jīn-lōo-tsia̍h-sái
做猴著會𬦰樹	tsò-kâu-tioh-ē-peh-tshiū
做王	tsò-ông
做生日	tsò-senn-ji̍t
做生理	tsò-sing-lí
做田	tsò-tshân
做田人	tsò-tshân-lâng
做田囝	tsò-tshân-kiánn
做痢	tsò-lī
做瘦氣	tsò-sán-khuì
做硌硞	tsò-lo̍k-kho̍k
做神	tsò-sîn
做秀	tsò-sió
做科	tsò-khe
做穡	tsò-sit
做穡人	tsò-sit-lâng
做穡的	tsò-sit-ê
做空	tsò-khang
做空做榫	tsò-khang-tsò-sún
做空氣場	tsò-khong-khì-tiûnn
做竅	tsò-khiò
做竅害人	tsò-khiò-hāi-lâng
做答	tsoh-tap
做節	tsò-tseh
做縈纏	tsò-înn-tînn
做纓纏	tsò-inn-tînn
做聖人	tsò-siànn-lâng
做聲	tsò-siann
做肉	tsò-bah
做肉砧	tsò-bah-tiam
做肉餅	tsò-bah-piánn
做腳手	tsò-kha-tshiú
做腳無雙重才	tsò-kioh-bô-siang-tîng-tsâi
做膽	tsò-tánn
做臭人	tsò-tshàu-lâng
做臭頭雞仔	tsò-tshàu-thâu-ke-á
做色	tsò-sik
做苦旱	tsò-khóo-uānn
做茶	tsò-tê
做莊	tsò-tsng
做著	tsò-tio̍h
做藝	tsò-gē
做藝量	tsò-gē-niū
做虎頭	tsò-hóo-thâu
做號	tsò-hō
做見本	tsò-kiàn-pún
做親情	tsò-tshin-tsiânn
做記號	tsò-kì-hō
做記認	tsò-kì-jīn
做誆	tsò-khōng
做證	tsò-tsìng
做證據	tsò-tsìng-kì
做議量	tsò-gī-niū
做譴爽	tsò-khiàn-sńg
做豬予人刣	tsò-ti-hōo-lâng-thâi
做貴	tsò-kuì
做起	tsò-khí
做過掛	tsò-kuè-kuà
做過頭	tsò-kuè-thâu
做醮	tsò-tsiò
做長工	tsò-tn̂g-kang
做陣	tsò-tsūn
做陣痛	tsò-tsūn-thiànn
做陣行	tsò-tīn-kiânn
做陪客	tsò-puê-kheh
做雜工	tsò-tsa̍p-kang
做雜粹工	tsò-tsa̍p-tshuì-kan
做靠山	tsò-khò-suann
做頭	tsò-thâu
做頭家	tsò-thâu-ke
做風做湧	tsò-hong-tsò-íng
做風颱	tsò-hong-thai
做體統	tsò-thé-thóng
做體藝	tsò-thé-gē
做鬼	tsò-kuí
做鬼做祟	tsò-kuí-tsò-suī
做麵猴	tsò-mī-kâu
停刊	thîng-khan
停喘	thîng-tshuán
停嘴	thîng-tshuì
停學	thîng-o̍h
停屍	thîng-si
停工	thîng-kang
停戰	thîng-tsiàn
停手	thîng-tshiú
停板	thîng-pán
停業	thîng-gia̍p
停機	thîng-ki
停歇	thîng-hioh
停止	thîng-tsí
停步	thîng-pōo
停氣	thîng-khuì
停水	thîng-tsuí
停火	thîng-hué
停版	thîng-pán
停產	thîng-sán
停盤	thîng-puânn
停相並	thîng-sio-phīng
停睏	thîng-khùn
停碇	thîng-tiànn
停等倒斡	thîng-tán-tò-uat
停經	thîng-king
停職	thîng-tsit
停腳	thîng-kha
停話	thîng-uē
停課	thîng-khò
停起來	thîng-khí-lâi
停車	thîng-tshia
停車場	thîng-tshia-tiûnn
停車格仔	thîng-tshia-keh-á
停辦	thîng-pān
停電	thîng-tiān
停靈	thîng-lîng
停靠	thîng-khò
停頓	thîng-tùn
健丟	kiān-tiu
健丟閣發喙鬚	kiān-tiu-koh-huat-tshuì-tshiu
健乖	kiān-kuai
健保署	kiān-pó-sú
健兒	kiān-jî
健全	kiān-tsuân
健在	kiān-tsāi
健將	kiān-tsiòng
健康	kiān-khong
健康中心	kiān-khong-tiong-sim
健忘	kiān-bông
健忘症	kiān-bōng-tsìng
健欉	kiānn-tsâng
健美	kiān-bí
健行	kiān-hîng
健談	kiān-tâm
健身	kiānn-sin
健身房	kiān-sin-pâng
側柏	tshik-peh
側門	tshik-mn̂g
偵察	tsing-tshat
偵察機	tsing-tshat-ki
偵探	tsing-thàm
偵查	tsing-tsa
偵測	tsing-tshik
偵測器	tsing-tshik-khì
偵破	tsing-phò
偵訊	tsing-sìn
偵辦	tsing-pān
偵防	tsing-hông
偶像	ngóo-siōng
偶數	ngóo-sòo
偶然	ngóo-jiân
偶發	ngóo-huat
偷伏	thau-ho̍k
偷來黯去	thau-lâi-ám-khì
偷偷仔	thau-thau-á
偷含	thau-kânn
偷咬雞	thau-kā-ke
偷坑	thau-khiang
偷報	thau-pò
偷壘	thau-luí
偷定親	thau-tīng-tshin
偷微	thau-bî
偷拈	thau-ni
偷拈偷捻	thau-ni-thau-liàm
偷挩	thau-uè
偷捻手	thau-liàm-tshiú
偷提	thau-the̍h
偷換包	thau-uānn-pau
偷換概念	thau-uānn-kài-liām
偷揜	thau-iap
偷撥工	thau-puah-kang
偷歡喜	thau-huann-hí
偷渡	thau-tōo
偷生囝	thau-senn-kiánn
偷生的	thau-senn-ê
偷看	thau-khuànn
偷瞇	thau-bi
偷瞭	thau-lió
偷瞻	thau-tsiam
偷秤頭	thau-tshìn-thâu
偷聽	thau-thiann
偷藏	thau-tshàng
偷襲	thau-si̍p
偷賣	thau-bē
偷走	thau-tsáu
偷走兵	thau-tsáu-ping
偷走厝	thau-tsáu-tshù
偷走壘	thau-tsáu-luí
偷走學	thau-tsáu-o̍h
偷走書	thau-tsáu-tsu
偷走班	thau-tsáu-pan
偷走稅	thau-tsáu-suè
偷走課	thau-tsáu-khò
偷重	thau-tāng
偷閒	thau-îng
偷電	thau-tiān
偷領	thau-niá
偷食	thau-tsia̍h
偷食步	thau-tsia̍h-pōo
偷食臊	thau-tsia̍h-tsho
偷𤆬	thau-tshuā
偽君子	guī-kun-tsú
偽幣	guī-pè
偽藥	guī-io̍h
偽裝	guī-tsong
偽證	guī-tsìng
偽造	guī-tsō
傀儡	ka-lé
傀儡戲	ka-lé-hì
傀儡腳	ka-lé-kha
傀儡關	Ka-lé-kuan
傍官靠勢	pn̄g-kuann-khò-sì
傍瘍	pn̄g-siûnn
傍福氣	pn̄g-hok-khì
傍蔭	pn̄g-ìm
傍衰	pn̄g-sue
傑作	kia̍t-tsok
傑克	Kiat-khik
傑出	kia̍t-tshut
傑魚	kia̍t-hî
傖傖	sông-sông
傖壁壁	sông-piah-piah
傖筒	sông-tâng
傖筒氣	sông-tâng-khì
傘兵	suànn-ping
備取	pī-tshú
備受	pī-siū
備忘錄	pī-bông-lio̍k
備戰	pī-tsiàn
備有	pī-iú
備查	pī-tsa
備案	pī-àn
備用	pī-iōng
備而不用	pī-jî-put-iōng
備胎	pī-thai
備課	pī-khò
備辦	pī-pān
傢伙頭	ke-hué-thâu
傢俱	ka-kū
傢司	ke-si
催促	tshui-tshiok
催化	tshui-huà
催千	tshui-tshian
催告	tshui-kò
催死	tshui-sí
催油	tshui-iû
催淚彈	tshui-luī-tuânn
催眠	tshui-bîn
催眠曲	tshui-bîn-khiok
催速仔	tsui-sok-á
催速器	tshui-sok-khì
催速的	tsui-sok-ê
催陣	tshui-tsūn
傱牛節	tsông-gû-tseh
傱眾人錢	tsông-tsìng-lâng-tsînn
傱錢	tsông-tsînn
傲嬌	ngōo-kiau
傲慢	ngōo-bān
傲視	ngōo-sī
傳世	thuân-sè
傳代	thuân-tāi
傳令	thuân-līng
傳來	thuân-lâi
傳信	thuân-sìn
傳出	thuân-tshut
傳到	thuân-kàu
傳動	thuân-tōng
傳召	thuân-tiàu
傳名	thuân-miâ
傳名聲	thuân-miâ-siann
傳單	thuân-tuann
傳嗣	thuân-sû
傳囝孫	thuân-kiánn-sun
傳回	thuân-huê
傳奇	thuân-kî
傳宗接代	thuân-tsong-tsiap-tāi
傳家	thuân-ka
傳家寶	thuân-ka-pó
傳導	thuân-tō
傳後嗣	thn̂g-āu-sû
傳情	thuân-tsîng
傳承	thuân-sîng
傳授	thuân-siū
傳接	thuân-tsiap
傳揚	thuân-iông
傳播	thuân-pòo
傳播謠言	thuân-pòo-iâu-giân
傳教	thuân-kàu
傳教區	thuân-kàu-khu
傳教員	thuân-kàu-uân
傳教士	thuân-káu-sū
傳染	thuân-jiám
傳染病	thuân-jiám-pēnn
傳熱	thuân-jia̍t
傳真	thuân-tsin
傳真機	thuân-tsin-ki
傳票	thuân-phiò
傳福音	thuân-hok-im
傳種	thn̂g-tsíng
傳統	thuân-thóng
傳習	thuân-si̍p
傳聞	thuân-bûn
傳落去	thuân-lo̍h-khì
傳言	thuân-giân
傳訊	thuân-sìn
傳訊線	thuân-sìn-suànn
傳記	tuān-kì
傳話筒	thuân-uē-tâng
傳說	thuân-suat
傳說對決	thuân-suat-tuì-kuat
傳起去	thuân-khí-lih
傳輸	thuân-su
傳輸線	thuân-su-suànn
傳述	thuân-su̍t
傳送	thuân-sàng
傳遍	thuân-piàn
傳道	thuân-tō
傳道師	thuân-tō-su
傳達	thuân-ta̍t
傳達室	thuân-ta̍t-sik
傳遞	thuân-tē
傳鑼	thuân-lô
傳開	thuân-khui
傳閱	thuân-ua̍t
傳香火	thn̂g-hiunn-hué
傳香煙	thn̂g-hiunn-ian
債主	tsè-tsú
債券	tsè-kǹg
債務	tsè-bū
債務人	tsè-bū-jîn
債台高築	tsè-tâi-ko-tio̍k
債權	tsè-kuân
債權人	tsè-khuân-jîn
傷亡	siong-bông
傷介	siunn-kài
傷勢	siong-sì
傷嘴	siong-tshuì
傷害	siong-hāi
傷害到	siong-hāi-tio̍h
傷害罪	siong-hāi-tsuē
傷寒	siong-hân
傷寢	siunn-tshím
傷少	siunn-tsió
傷心	siong-sim
傷心酒店	siong-sim-tsiú-tiàm
傷患	siong-huān
傷情	siong-tsîng
傷感	siong-kám
傷感情	siong-kám-tsîng
傷慢	siunn-bān
傷慢矣	siunn-bān-ā
傷懸	siunn-kuâinn
傷早	siunn-tsá
傷晏	siunn-uànn
傷暑	siong-sú
傷本	siong-pún
傷本錢	siong-pún-tsînn
傷殘	siong-tshân
傷無款	siunn-bô-khuán
傷爽	siunn-sńg
傷甜	siunn-tinn
傷產	siong-sán
傷症	siong-tsìng
傷痕	siong-hûn
傷痕累累	siong-hûn-luí-luí
傷痛	siong-thiànn
傷短	siunn-té
傷礙	siong-gāi
傷細	siunn-sè
傷縛	siunn-pa̍k
傷者	siong-tsiá
傷肚	siong-tōo
傷肥	siunn-puî
傷胃	siong-uī
傷脾	siong-pî
傷腦筋	siong-náu-kin
傷譀	siunn-hàm
傷譀古	siunn-hàm-kóo
傷譀啦	siūnn-hàm-lah
傷超過矣	sionn-tshiau-kuè-ah
傷跡	siong-hûn
傷路	siunn-kè
傷過	siunn-kuè
傷過份	siunn-kuè-hūn
傷過份矣	sionn-kuè-hūn-ah
傷過頭	siūnn-kuè-thàu
傷遠	siunn-hn̄g
傷酒	siong-tsiú
傷重	siong-tiōng
傷重病	siong-tiōng-pēnn
傷風	siong-hong
傷食	siong-si̍t
傾倒	khing-tó
傾吐	khing-thòo
傾向	khing-hiòng
傾巢而出	khing-tsâu-jî-tshut
傾心	khing-sim
傾空	khing-khang
傾聽	khing-thing
傾銷	khing-siau
傾銷稅	khing-siau-suè
僅有	kín-iú
僅次於	kīn-tshù-î
僉舉	tshiam-kí
僎便	tshuân-piān
僎料	tshuân-liāu
僎辦	tshuân-pān
像一位	siâng-tsi̍t-uī
像一路	siâng-tsi̍t-lōo
像勻	siâng-ûn
像年	siâng-nî
像徛內	siāng-khiā-lāi
像心	siāng-sim
像房頭	siâng-pâng-thâu
像括	siâng-kuah
像是	siâng-sī
像時	siâng-sî
像柱	siâng-thiāu
像條心	siâng-tiâu-sim
像樣	siāng-iūnn
像款	tshiūnn-khuán
像歲	siâng-huè
像氣路	siâng-khuì-lōo
像洞門	siâng-tōng-mn̂g
像班	siâng-pan
像社里	siâng-siā-lí
像祖公	siâng-tsóo-kong
像篷	siâng-phâng
像腹	siâng-pak
像行	siâng-hâng
像路	siâng-lōo
像輩	siâng-puè
像途	siâng-tôo
像鄉里	siâng-hiunn-lí
僑務	kiâu-bū
僑務委員會	Kiâu-bū-uí-uân-huē
僑團	kiâu-thuân
僑委會	Kiâu-uí-huē
僑居	kiâu-ki
僑民	kiâu-bîn
僑生	kiâu-sing
僑界	kiâu-kài
僑胞	kiâu-pau
僕耳腔	phak-hī-khang
僚儸	liâu-lô
僥人	hiau-lâng
僥倖	hiâu-hīng
僥倖死	hiau-hīng-sí
僥倖錢	hiau-hīng-tsînn
僥反	hiau-huán
僥心	giâu-sim
僥籠底	hiau-láng-té
僥背	hiau-puē
僥蟶	hiau-than
僥行喔	hiau-hīng-ooh
僥負	hiau-hū
僥起	hiau-khí
僧伽	tsing-ka
僧侶	tsing-lī
僧多粥少	tsing-to-tsiok-siáu
僫撨	oh-tshiâu
僫講	oh-kóng
僫趁	oh-thàn
僫車	oh-tshia
僫辦	oh-pān
僫鬥陣	oh-tàu-tīn
僬勻	tsiâu-ûn
僬著	tsiâu-tio̍h
僭位	tsiàm-uī
僭分	tshiàm-hūn
僭功	tshiàm-kong
僭大	tsiàm-tuā
僭權	tsiàm-khuân
僭煞	tsiàm-suah
僭話	tsiàm-uē
僭越	tshiàm-ua̍t
僭開	tsiàm-khui
僭隊	tshiàm-tuī
僱主	kòo-tsú
僱員	kòo-uân
僱工	kòo-kang
僵化	kiong-huà
僵局	kiong-kio̍k
僵屍	khiong-si
僵持	kiong-tshî
價位	kè-uī
價值	kè-ta̍t
價值款	kè-ta̍t-khuán
價值觀	kè-ta̍t-kuan
價差	kè-tsha
價數	kè-siàu
價格	kè-kik
價款	kè-khuán
價目	kè-bo̍k
價碼	kè-bé
價聲	kè-siann
價腳	kè-kha
價錢	kè-tsînn
僻嗇	phiah-siah
僻症	phiah-tsìng
僻角	phiah-kak
僻話	phiah-uē
僻遠	phiah-hn̄g
僻靜	phik-tsīng
僻鼻	phiah-phīnn
儀器	gî-khì
儀容	gî-iông
儀式	gî-sik
儀態	gî-thài
儀表	gî-piáu
儀隊	gî-tuī
億伯仔	ik-peh-á
億載金城	Ik-tsáinn-kim-sîng
儉入去	khiām-ji̍p-khì
儉喙	khiām-tshuì
儉嘴	khiām-tshuì
儉斂	khiām-liám
儉樸	khiām-phok
儉死死	khiām-sí-sí
儉水	khiām-tsuí
儉用	khiām-iōng
儉相	khiūnn-siùnn
儉省	khiām-síng
儉約	khiām-iok
儉能減碳	khiām-lîng-kiám-thàn
儉錢	khiām-tsînn
儉電減碳	khiām-tiān-kiám-thàn
儉額	khiām-gia̍h
儌仙	kiáu-sian
儌伴	kiáu-phuānn
儌岫	kiáu-siū
儌徒	kiáu-tôo
儌數	kiáu-siàu
儌本	kiáu-pún
儌東	kiáu-tong
儌棍	kiáu-kùn
儌注	kiáu-tù
儌腳	kiáu-kha
儌豬	kiáu-ti
儌間	kiáu-king
儑人	gām-lâng
儑仔魚	gām-á-hî
儑想	gām-siūnn
儑拗仔	gām-áu-á
儑目袂曉看三色	gām-ba̍k-bē-hiáu-khuànn-sam-sik
儑目袂曉看懸低	gām-ba̍k-bē-hiáu-khuànn-kuân-kē
儑薯生股溝	gām-tsî-senn-kóo-kau
儑蟳等鱟	gām-tsîm-tán-hāu
儑面	gām-bīn
儑頭怪	Gām-thâu-kuài
儑頭河馬	gām-thâu-hô-bé
儒學	jû-ha̍k
儒家	jû-ka
儒教	Jû-kàu
儒艮	jû-kùn
儒醫	jû-i
儒雅	jû-ngá
儕彌滿	tsuē-mí-muá
儕話	tsuē-uē
儘管	tsīn-kuán
償債	sióng-tsè
償命	siông-miā
儢拒	lū-kū
優先	iu-sian
優克蘭	Iu-khik-lân
優劣	iu-lia̍t
優勝	iu-sìng
優勢	iu-sì
優厚	iu-hōo
優待	iu-thāi
優惠	iu-huī
優惠待遇	iu-huī-thāi-gū
優於	iu-î
優易	iu-ia̍h
優曇花	iu-thâm-hue
優柔	iu-jiû
優渥	iu-ak
優生	iu-sing
優秀	iu-siù
優等	iu-tíng
優缺點	iu-khuat-tiám
優美	iu-bí
優良	iu-liâng
優越	iu-ua̍t
優越性	iu-ua̍t-sìng
優雅	iu-ngá
優點	iu-tiám
儲備	thú-pī
儲存	thú-tsûn
儲戶	thú-hōo
儲款	thú-khuán
儲蓄	thú-thiok
儲蓄銀行	thú-thiok-gîn-hâng
儲藏	thú-tsông
儲量	thû-liāng
儲金	thú-kim
儳腰	sām-io
儼然	giám-jiân
儼硬	giám-ngē
兀花	gu̍t-hue
允人	ín-lâng
允人矣	ín-lâng-ah
允人較慘欠人	ín-lâng-khah-tshám-khiàm-lâng
允准	ín-tsún
允喙允舌	ín-tshuí-ín-tsi̍h
允桮	ín-pue
允穡	ín-sit
允穡頭	ín-sit-thâu
允親	ín-tshin
允許	ín-hí
允頓	ín-tùn
允頭路	ín-thâu-lōo
元兇	guân-hiong
元始天尊	guân-sú-thian-tsun
元宵	guân-siau
元宵節	guân-siau-tseh
元寶	guân-pó
元帥	guân-suè
元年	guân-nî
元掌	Guân-tsióng
元旦	guân-tàn
元曲	Guân-khik
元氣	guân-khì
元素	guân-sòo
元老	guân-ló
元首	guân-siú
兄哥	hiann-ko
兄妹	hiann-muē
兄嫂	hiann-só
兄嫂人	hiann-só-lâng
兄弟	hing-tē
兄弟仔	hiann-tî-á
兄弟仔群	hiann-tī-á-kûn
兄長	hing-tióng
兄頭	hiann-thâu
充任	tshiong-jīm
充作	tshiong-tsok
充公	tshiong-kong
充分	tshiong-hun
充填	tshiong-thiân
充官	tshiong-kuann
充實	tshiong-si̍t
充氣	tshiong-khì
充沛	tshiong-phài
充滿	tshiong-buán
充當	tshiong-tòng
充盛	tshiong-sīng
充耳不聞	tshiong-ní-put-bûn
充落公	tshiong-lo̍h-kong
充落官	tshiong-lo̍h-kuann
充血	tshiong-hueh
充足	tshiong-tsiok
充電	tshiong-tiān
充電器	tshiong-tiān-khì
兆頭	tiāu-thâu
兇刀	hiong-to
兇嫌	hiong-hiâm
兇年歹冬	hiong-nî-pháinn-tang
兇心	hiong-sim
兇惡	hiong-ok
兇手	hiong-tshiú
兇暴	hiong-pō
兇死	hiong-sí
兇死拍	hiong-sí-phah
兇殺	hiong-sat
兇犯	hiong-huān
兇狂	hiong-kông
兇猛	hiong-bíng
兇蓋蓋	hiong-kài-kài
兇身	hiong-sin
兇險	hiong-hiám
兇霸霸	hiong-pà-pà
兇鬼鬼	hiong-kuí-kuí
先交定	sian-ka-tiānn
先人	sian-jîn
先來	sing-lâi
先例	sian-lē
先入為主	sian-ji̍p-uî-tsú
先呼	sing-hoo
先品明	sing-phín-bîng
先唱明	sing-tshiàng-bîng
先天	sian-thian
先天性	sian-thian-sìng
先尪仔	sian-ang-á
先後	sian-hōo
先承認你就是恁朋友	Sing-sîng-jīn-lí-tō-sī-lín-pîng-iú
先放尿一下	sing-pàng-jiō-tsi̍t-ē
先明品	sing-bîng-phín
先期	sian-kî
先機	sian-ki
先民	sian-bîn
先決	sian-kuat
先烈	sian-lia̍t
先燃予燒	sing-hiânn-hōo-sio
先生	sian-senn
先生仔	sian-senn-á
先生公	sian-senn-kong
先生娘	sian-senn-niû
先生媽	sian-senn-má
先生禮	sian-senn-lé
先發	sian-huat
先知	sian-ti
先祖	sian-tsóo
先端	sian-tuan
先行	sing-kiânn
先行者	sian-hîng-tsiá
先見之明	sian-kiàn-tsi-bîng
先覺	sian-kak
先託頭	sing-thok-thâu
先講明	sing-kóng-bîng
先賢	sian-hiân
先輩	sia̋n-pái
先進	sian-tsìn
先鋒	sian-hong
先驅	sian-khu
光光	kng-kng
光全	kng-tsn̂g
光化學	kng-huà-ha̍k
光合作用	kng-ha̍p-tsok-iōng
光合成	kng-ha̍p-sîng
光大	kong-tāi
光天白日	kuinn-thinn-pe̍h-ji̍t
光學	kong-ha̍k
光尾草	Kng-bué-tsháu
光帶	kng-tuà
光年	kong-liân
光度	kng-tōo
光彩	kong-tshái
光復	kong-ho̍k
光復節	kong-ho̍k-tsiat
光復香港時代革命	Kong-ho̍k-Hiong-káng.-Sî-tāi-kik-bīng.
光批	kng-phe
光明	kong-bîng
光明會	Kong-bîng-huē
光景	kong-kíng
光景鏡	kong-kíng-kiànn
光棍槌	kong-kùn-thuî
光榮	kong-îng
光洘山	kng-khó-suann
光湛湛	kng-tam-tam
光源	kng-guân
光溜溜	kng-liu-liu
光溝	kng-kau
光滑	kng-ku̍t
光潔	kng-kueh
光澤	Kong-ti̍k
光炎	kng-iām
光炎炎	kng-iānn-iānn
光焰焰	kng-iām-iām
光焱焱	kng-iānn-iānn
光焱焱的海湧	kng-iānn-iānn-ê-hái-íng
光熠熠	kng-sih-sih
光熾熾	kng-sih-sih
光爁爁	kng-nà-nà
光生	kng-tshenn
光療	kng-liâu
光目	kng-ba̍k
光眼	kong-gán
光碟機	kong-tia̍p-ki
光碼	kng-bé
光箍	kong-khoo
光緒	Kong-sū
光線	kng-suànn
光纖	kng-tshiam
光耀	kong-iāu
光膏	kng-kō
光膏膏	kng-kō-kō
光臨	kong-lîm
光艷	kng-iām
光芒	kong-bông
光華	kong-huâ
光起來	kng-khí-lâi
光輝	kong-hui
光通	kng-thang
光速	kong-sok
光金	kng-kim
光鎖	kng-só
光鏡	kng-kiànn
光閃閃	kng-siám-siám
光陰	kong-im
光電	kng-tiān
光頭	kng-thâu
光頭哥哥	Kng-thâu-Ko-koh
光頭山	kng-thâu-suann
光顧	kong-kòo
光顯	kng-hiánn
光𣮈	kng-khu̍t
光𣮈𣮈	kuinn-khu̍t-khu̍t
克制	khik-tsè
克復	khik-ho̍k
克拉	khah-lah
克服	khik-ho̍k
克根	khat-kin
克苦	khat-khóo
克虧	khik-khui
克里米亞	khik-lí-bí-à
克里米亞半島	khik-lí-bí-à-puàn-tó
克難	khik-lān
兌平	luí-pênn
兌換	luí-uānn
兌毛	thuì-mn̂g
兌獎	thuì-tsióng
兌錢	luí-tsînn
兌齊	luí-tsê
免仔	bián-á
免你管	bián-lí-kuán
免偌久	bián-luā-kú
免削鉛筆	bián-siah-iân-pit
免向	bián-ǹg
免問嘛知	bián-muī-mā-tsai
免客氣	bián-kheh-khì
免得	bián-tit
免想	bián-siūnn
免數想	bián-siàu-siūnn
免於	bián-î
免用	bián-iōng
免用到	bián-iōng-kàu
免畏	bián-uì
免疫	bián-i̍k
免疫力	bián-i̍k-li̍k
免疫系統	bián-i̍k-hē-thóng
免禮	bián-lé
免稅	bián-suè
免稅品	bián-suè-phín
免細膩	bián-sè-jī
免職	bián-tsit
免試	bián-tshì
免講	bián-kóng
免講嘛知	bián-kóng-mā-tsai
免責權	bián-tsik-kuân
免費	bián-huì
免錢	bián-tsînn
免除	bián-tî
免驚	bián-kiann
兒戲	jî-hì
兒童	jî-tông
兒童局	jî-tông-kio̍k
兒童節	jî-tông-tsiat
兔仔	thòo-á
兔仔尾	thòo-á-bué
兔仔皮	thòo-á-phuê
兔仔空	thóo-á-khang
兔仔草	thòo-á-tsháu
兔仔菜	thòo-á-tshài
兔唇	thòo-tûn
兔尾草	thòo-bué-tsháu
兔耳草	thòo-hīnn-tsháu
兔脫	thòo-thuat
兔角龜毛	thòo-kak-ku-moo
兜倚	tau-uá
兜捎	tau-sau
兜搭	tau-tah
兜梢	tau-sau
兜樓	tau-lâu
兜無	tau-bû
兜留	tau-liû
兜的直直	tàu-ê-ti̍t-ti̍t
兜私	tau-su
兜羹	tau-kinn
兜蟲	tau-thâng
兜鈴	tau-lîng
兜顧客	tau-kòo-kheh
兢心	kin-sim
入世	ji̍p-sè
入主	ji̍p-tsú
入伍	ji̍p-ngóo
入伙	li̍p-hué
入來	ji̍p-lâi
入來坐	ji̍p-lâi-tsē
入侵	ji̍p-tshim
入冬	ji̍p-tang
入力	ji̍p-li̍k
入厝	ji̍p-tshù
入去	ji̍p-khì
入口	ji̍p-kháu
入呈	ji̍p-tiânn
入喙就烌	ji̍p-tshuì-tsiū-hu
入喙隨溶	ji̍p-tshuì-suî-iûnn
入嘴	ji̍p-tshuì
入圍	ji̍p-uî
入土	ji̍p-thóo
入坑	ji̍p-khenn
入場	ji̍p-tiûnn
入場券	ji̍p-tiûnn-kǹg
入境	ji̍p-kíng
入夏	ji̍p-hē
入子	ji̍p-tsí
入字法	ji̍p-jī-huat
入學	ji̍p-ha̍k
入宅	ji̍p-the̍h
入家甲	ji̍p-ke-kah
入小學	ji̍p-sió-ha̍k
入山	ji̍p-suann
入席	ji̍p-si̍k
入幼學	ji̍p-iù-ha̍k
入庫	ji̍p-khòo
入情入理	ji̍p-tsîng-ji̍p-lí
入意	ji̍p-ì
入戶口	ji̍p-hōo-kháu
入手	ji̍p-tshiú
入批	li̍p-phe
入教	ji̍p-kàu
入數	ji̍p-siàu
入新厝	ji̍p-sin-tshù
入春	ji̍p-tshun
入暝	li̍p-mê
入會	ji̍p-huē
入木	ji̍p-bo̍k
入札	ji̍p-tsat
入柴	ji̍p-tshâ
入棺	ji̍p-kuan
入榫	ji̍p-sún
入殮	ji̍p-liām
入毛虎	li̍p-mn̂g-hóo
入水	ji̍p-tsuí
入港	ji̍p-káng
入滾水	li̍p-kún-tsuí
入營	ji̍p-iânn
入狀	ji̍p-tsn̄g
入眠	ji̍p-bîn
入神	ji̍p-sîn
入秋	ji̍p-tshiu
入空	ji̍p-khang
入籍	ji̍p-tsi̍k
入耳	ji̍p-hīnn
入聲	ji̍p-siann
入股	ji̍p-kóo
入螺鈿	ji̍p-lê-tiān
入被	li̍p-phuē
入超	ji̍p-tshiau
入迷	ji̍p-bê
入運	ji̍p-ūn
入選	ji̍p-suán
入鄉隨俗	li̍p-hiong-suî-sio̍k
入錢	ji̍p-tsînn
入門	ji̍p-bûn
入閣	ji̍p-koh
入院	ji̍p-īnn
入霧	ji̍p-bū
入題	ji̍p-tê
入風隨俗	li̍p-hong-suî-sio̍k
入骨	ji̍p-kut
入黨	ji̍p-tóng
內䘥仔	lāi-kah-á
內中	lāi-tiong
內亂	lāi-luān
內債	lāi-tsè
內傷	lāi-siang
內公	lāi-kong
內出血	lāi-tshut-hueh
內分泌	lāi-hun-pì
內功	lāi-kong
內務	lāi-bū
內勤	lāi-khîn
內勻	lāi-ûn
內叛	lāi-puān
內口	lāi-kháu
內在	lāi-tsāi
內在的	lāi-tsāi-ê
內地	luē-tē
內埔	Lāi-poo
內埕	lāi-tiânn
內壢	Lāi-li̍k
內外	lāi-guā
內外攻	lāi-guā-kong
內奶	lāi-ling
內奸	lāi-kan
內媽	lāi-má
內孫	lāi-sun
內定	lāi-tīng
內家	lāi-ke
內容	lāi-iông
內山	lāi-suann
內山人	lāi-suann-lâng
內山倯	lāi-suann-sông
內山做大水	lāi-suann-tsò-tuā-tsuí
內山傖	lāi-suann-sông
內山出水	lāi-suann-tshut-tsuí
內山客	lāi-suann-kheh
內山猴	lāi-suann-kâu
內山菅榛	lāi-suann-kuann-tsin
內幕	luē-bōo
內底	lāi-té
內底坐	lāi-té-tsē
內底衫	lāi-té-sann
內底食	lāi-té-tsia̍h
內心	lāi-sim
內情	luē-tsîng
內應	lāi-ìng
內戰	luē-tsiàn
內房	lāi-pâng
內才	lāi-tsâi
內政	luē-tsìng
內政部	Lāi-tsìng-pōo
內政部長	lāi-tsìng-pōo-tiúnn
內斜視	lāi-tshiâ-sī
內景	lāi-kíng
內服	lāi-ho̍k
內椽	lāi-iân
內河	lāi-hô
內海	lāi-hái
內海仔	lāi-hái-á
內涵	lāi-hâm
內港	lāi-káng
內湖	Lāi-ôo
內湖區	Lāi-ôo-khu
內爿	lāi-pîng
內牆	lāi-tshiûnn
內疚	lāi-kiù
內症	lāi-tsìng
內痔	lāi-tī
內祖	lāi-tsóo
內神通外鬼	lāi-sîn-thong-guā-kuí
內科	lāi-kho
內科醫生	lāi-kho-i-sing
內稈	lāi-kuáinn
內籬仔	lāi-lî-á
內線	lāi-suànn
內緣	lāi-iân
內胎	lāi-thai
內腎	lāi-sīn
內腳目骨	lāi-kha-ba̍k-kut
內腹	lāi-pak
內臟	luē-tsōng
內茅埔	Lāi-hm̂-poo
內華達	Luē-hua-ta̍t
內蒙古	Lāi-bông-kóo
內蒙古自治區	Lāi-bông-kóo-Tsū-tī-khu
內行	lāi-hâng
內行人	lāi-hâng-lâng
內行個	lāi-hâng-ê
內行的	lāi-hâng-ê
內衣	lāi-i
內衫	lāi-sann
內衫褲	lāi-sann-khòo
內裌仔	lāi-kah-á
內裙	lāi-kûn
內裡	lāi-lí
內裾	lāi-ku
內褲	lāi-khòo
內視鏡	lāi-sī-kiànn
內親	lāi-tshin
內角	lāi-kak
內訌	lāi-hōng
內身	lāi-sin
內道	lāi-tō
內部	lāi-pōo
內里	lāi-lí
內重巡	lāi-tîng-sûn
內野	lāi-iá
內野手	lāi-iá-tshiú
內銷	lāi-siau
內門	lāi-mn̂g
內閣	luē-koh
內閣制	lāi-koh-tsè
內陸	lāi-lio̍k
內障	lāi-tsiàng
內面	lāi-bīn
內面間	lāi-bīn-king
內領衫	lāi-niá-sann
內頭	lāi-thâu
內首	lāi-tshiú
內骱	lāi-kái
全世界	tsuân-sè-kài
全世界我上佮意你	tsuân-sè-kài-guá-siōng-kah-ì-lí
全你个詼諧	tsuân-lí-ê-khue-hâi
全備	tsn̂g-pī
全副	tsuân-hù
全副武裝	tsuân-hù-bú-tsong
全力	tsuân-li̍k
全力以赴	tsuân-li̍k-í-hù
全員	tsuân-uân
全國	tsuân-kok
全國性	tsuân-kok-sìng
全壘打	tsuân-luî-tánn
全天下	tsuân-thian-hā
全失日	tsuân-sit-ji̍t
全屍	tsuân-si
全年	tsuân-nî
全心神	tsuân-sim-sîn
全成板	tsn̂g-siânn-pán
全才	tsuân-tsâi
全數	tsuân-sòo
全新	tsuân-sin
全書	tsuân-su
全會	tsuân-huē
全權	tsuân-kuân
全民	tsuân-bîn
全民健保	tsuân-bîn-kiān-pó
全滅	tsuân-bia̍t
全無膽懾	tsuân-bô-tánn-liap
全然	tsuân-jiân
全然無仝	tsuân-jiân-bô-kâng
全班	tsuân-pan
全球	tsuân-kiû
全癒	tsuân-jú
全盛	tsuân-sīng
全盤	tsuân-puânn
全盤檢討	tsuân-puânn-kiám-thó
全神貫注	tsuân-sîn-kuàn-tsù
全票	tsuân-phiò
全聯	Tsuân-liân
全能	tsuân-lîng
全蝕	tsuân-sit
全蝕日	tsuân-sit-ji̍t
全貌	tsuân-māu
全責	tsuân-tsik
全身	tsuân-sin
全身軀	tsuân-sin-khu
全軍	tsuân-kun
全軍覆沒	tsuân-kun-hok-bu̍t
全部	tsuân-pōo
全部攏看無	tsuân-pōo-lóng-khuànn-bô
全長	tsuân-tn̂g
全集	tsuân-tsi̍p
全面	tsuân-bīn
全面的	tsuân-bīn-tik
全額	tsuân-gia̍h
全體	tsuân-thé
全髮	tsuân-huat
兩三輾手	nn̄g-sann-lián-tshiú
兩三輾轉	nn̄g-sann-lián-tńg
兩个仔嗅嗅	nn̄g-ê-á-hiù-hiù
兩个仔噴噴	nn̄g-ê-á-phùn-phùn
兩个半手	nn̄g-ê-puànn-tshiú
兩交含	lióng-kau-kânn
兩伊	nn̄g-i
兩個	nn̄g-ê
兩個手	nn̄g-ê-tshiú
兩倍	nn̄g-puē
兩兄弟	nn̄g-hiann-tī
兩光	lióng-kong
兩全	lióng-tsuân
兩半	niú-puànn
兩句半話	nn̄g-kù-puànn-uē
兩喙半舌	nn̄g-tshuì-puànn-tsi̍h
兩層	nn̄g-tîng
兩岸	lióng-gān
兩巡	nn̄g-sûn
兩心願	liáng-sim-guān
兩想	niú-siúnn
兩抵償	lióng-tú-sióng
兩撇鬚	nn̄g-phiat-tshiu
兩敗俱傷	lióng-pāi-kū-siong
兩方	lióng-hong
兩方面	nn̄g-hong-bīn
兩旁	nn̄g-pîng
兩晡	nn̄g-poo
兩棲	lióng-tshe
兩極	lióng-ki̍k
兩樣心	nn̄g-iūnn-sim
兩步七仔	nn̄g-pōo-tshit-á
兩步半	nn̄g-pōo-puànn
兩段倒斡	nn̄g-tuānn-tò-uat
兩爿	nn̄g-pîng
兩用	lióng-iōng
兩相	niú-siùnn
兩眼	lióng-gán
兩箍	nn̄g-khoo
兩翁仔某	nn̄g-ang-á-bóo
兩者	lióng-tsiá
兩腳行	lióng-kha-kiânn
兩腳騎	lióng-kha-khiâ
兩親	lióng-tshin
兩賞	niú-siúnn
兩造	lióng-tsō
兩重親	nn̄g-tîng-tshin
兩鋪路	nn̄g-phòo-lōo
兩難	lióng-lân
兩面	lióng-bīn
兩韓	Lióng-hân
兩頭含	lióng-thâu-kânn
兩點	nn̄g-tiám
八五折	pat-ngóo-tsiat
八人扛	peh-lâng-kng
八仙	pat-sian
八仙屏	pat-sian-pîn
八仙投資人	pat-sian-tâu-tsu-jîn
八仙果	pat-sian-kó
八仙桌	pat-sian-toh
八仙樂園	Pat-sian-Lo̍k-hn̂g
八仙綵	pat-sian-tshái
八仙花	pat-sian-hue
八個月	peh-kòo-gue̍h
八兩笑半斤	peh-niú-tshiò-puànn-kin
八分	pat-hun
八卦	pat-kuà
八卦山	Pat-kuà-suann
八卦紅	pat-kuà-hông
八卦草	pat-kuà-tsháu
八卦路	pat-kuà-lōo
八哥	pat-ko
八堵	Pat-tóo
八婆	pat-pô
八字	peh-jī
八字命	peh-jī-miā
八字帖	peh-jī-thiap
八字步	pat-jī-pōo
八字眉	pat-jī-bâi
八字腳	pat-jī-kha
八字重	peh-jī-tāng
八字鬚	pat-jī-tshiu
八寶	pat-pó
八寶樹	pat-pó-tshiū
八寶湯	pat-pó-thng
八寶糜	pat-pó-muâi
八寶衫	pat-pó-sann
八德	pat-tik
八成	peh-siânn
八戒	pat-kài
八掌溪	Pat-tsiáng-khe
八斗仔	Peh-táu-á
八斗子	Pat-táu-tsí
八方	pat-hong
八方雲集	Pat-hong-hûn-tsi̍p
八景	pat-kíng
八月	peh-gue̍h
八月日	peh-gue̍h-ji̍t
八月節	peh-gue̍h-tseh
八步	peh-pōo
八比	pat-pí
八比仔	pat-pí-á
八珍	pat-tin
八田與一	Pat-tiân-Ú-it
八腳	pat-kioh
八萬仔	peh-bān-á
八號分機	Peh-hō-hun-ki
八角	peh-kak
八角茴香	peh-kak-huê-hiunn
八角蓮	peh-kak-liân
八角金盤	peh-kak-kim-puânn
八角香	peh-kak-hiunn
八角鷹	peh-kak-ing
八跤眠床	peh-kha-bîn-tshn̂g
八跤魚	peh-kha-hî
八通關	Pat-thong-kuan
八里	Pat-lí
八里沙	pat-lí-sa
八音	pat-im
八鵰	peh-tiau
公主	kong-tsú
公主抱	kong-tsú-phō
公事	kong-sū
公事包	kong-sū-pau
公交車	kong-kau-tshia
公代	kong-tāi
公休日	kong-hiu-ji̍t
公佈	kong-pòo
公佈欄	kong-pòo-lân
公使	kong-sài
公保	kong-pó
公信力	kong-sìn-li̍k
公假	kong-ká
公債	kong-tsè
公僕	kong-po̍k
公價	kong-kè
公元	kong-guân
公克	kong-khik
公共	kong-kiōng
公共場所	kong-kiōng-tiûnn-sóo
公共電視	Kong-kiōng-tiān-sī
公冢	kong-thióng
公函	kong-hâm
公分	kong-hun
公判	kong-phuànn
公務	kong-bū
公務員	kong-bū-uân
公升	kong-tsin
公厘	kong-lî
公司	kong-si
公司債	kong-si-tsè
公司法	kong-si-huat
公告	kong-kò
公告欄	kong-kò-lân
公哥	kang-ko
公噸	kong-tùn
公園	kong-hn̂g
公地	kong-tē
公堂	kong-tn̂g
公報	kong-pò
公塚	kong-thióng
公墓	kong-bōng
公婆龕	kong-pô-kham
公媽	kong-má
公媽牌	kong-má-pâi
公媽龕	kong-má-kham
公子	kong-tsú
公子爺	kong-tsú-iâ
公子爺舍	kong-tsú-iâ-sià
公孫	kong-sun
公孫仔	kong-sun-á
公孫樹	kong-sun-tshiū
公安	kong-an
公安局	Kong-an-kio̍k
公定	kong-tīng
公害	kong-hāi
公家	kong-ka
公家債	kong-ka-tsè
公家擔	kong-ke-tann
公家用	kong-ke-iōng
公家納	kong-ke-la̍p
公家翁婿	kong-ke-ang-sài
公家辦公室	kong-ke-pān-kong-sik
公寓	kong-gū
公審	kong-sím
公尺	kong-tshioh
公差	kong-tshai
公帑	kong-thóng
公平	kong-pênn
公廁	kong-tshik
公廳	kong-thiann
公式	kong-sik
公德心	kong-tik-sim
公意	kong-ì
公憤	kong-hùn
公所	kong-sóo
公推	kong-tshui
公揹婆	kong-āinn-pô
公攤	kong-thuann
公教	kong-kàu
公敵	kong-ti̍k
公文	kong-bûn
公文書	kong-bûn-su
公斤	kong-kin
公族	kong-tso̍k
公會	kong-huē
公有	kong-iú
公案桌	kong-àn-toh
公權	kong-kuân
公款	kong-khuán
公歇	kong-hioh
公正	kong-tsìng
公母	kang-bó
公母套	kang-bó-thò
公民	kong-bîn
公民投票	kong-bîn-tâu-phiò
公決	kong-kuat
公海	kong-hái
公演	kong-ián
公然	kong-jiân
公營	kong-îng
公爵	kong-tsiok
公物	kong-bu̍t
公玳	kong-tāi
公理	kong-lí
公產	kong-sán
公用	kong-iōng
公畝	kong-bóo
公益	kong-ik
公眾	kong-tsìng
公示	kong-sī
公社	kong-siā
公祭	kong-tsè
公私	kong-su
公立	kong-li̍p
公約	kong-iok
公署	kong-sū
公義	kong-gī
公職	kong-tsit
公聽會	kong-thiann-huē
公花	kang-hue
公視	Kong-sī
公親	kong-tshin
公設	kong-siat
公訴	kong-sòo
公論	kong-lūn
公諸於世	kong-tsu-û-sè
公證	kong-tsìng
公費	kong-huì
公費接種	kong-huì-tsiap-tsìng
公費注射	kong-huì-tsù-siā
公路	kong-lōo
公路局	kong-lōo-kio̍k
公車	kong-tshia
公車處	kong-tshia-tshù
公車龍	Kong-tshia-liông
公道	kong-tō
公道人	kong-tō-lâng
公道伯	kong-tō-peh
公里	kong-lí
公釐	kong-lî
公金	kong-kim
公銀	kong-gîn
公錢	kong-tsînn
公開	kong-khai
公開信	kong-khai-sìn
公開賽	kong-khai-sài
公關	kong-kuan
公頃	kong-khíng
公題	kong-tê
公餘	kong-î
公館	kong-kuán
公魚	kong-hî
公鹿	kang-lo̍k
公黃	kong-huînn
六信	La̍k-sìn
六六大順	lio̍k-lio̍k-tāi-sūn
六六粉	lio̍k-lio̍k-hún
六十石山	La̍k-tsa̍p-tsio̍h-suann
六合	lio̍k-ha̍p
六合彩	Lio̍k-ha̍p-tshái
六和	lio̍k-hô
六堆	Lio̍k-tui
六堵	La̍k-tóo
六大洲	la̍k-tāi-tsiu
六尾紅	La̍k-bué-âng
六年	la̍k-nî
六指的	la̍k-tsáinn-ê
六捻仔	la̍k-liām-á
六支尾	La̍k-ki-bué
六月	la̍k-gue̍h
六月冬	la̍k-gue̍h-tang
六月冬仔	la̍k-gue̍h-tang-á
六月賣火籠	la̍k-gue̍h-bē-hué-lang
六月雪	la̍k-gue̍h-seh
六朝	Lio̍k-tiâu
六根	lio̍k-kin
六桱床	la̍k-kènn-tshn̂g
六無	lio̍k-bû
六甲	la̍k-kah
六畜	lio̍k-thiok
六神草	lio̍k-sîn-tsháu
六禮	lio̍k-lé
六腳	La̍k-kha
六藝	lio̍k-gē
六親	lio̍k-tshin
六角	la̍k-kak
六角傘	la̍k-kak-suànn
六角散	la̍k-kak-sán
六角英	la̍k-kak-ing
六角草	la̍k-kak-tsháu
六賊	lio̍k-tsha̍t
六輕	la̍k-khin
六連六	la̍k-liân-la̍k
六點	la̍k-tiám
六點半	la̍k-tiám-puànn
六龜	La̍k-ku
六龜里社	La̍k-ku-lí-siā
共一家	kāng-tsi̍t-ke
共一樣	kāng-tsi̍t-iūnn
共事	kiōng-sū
共享	kiōng-hióng
共人	kā-lâng
共人刁	kā-lâng-tiau
共人唌	kā-lâng-siânn
共人嗙	kā-lâng-phngh
共人欺負	kā-lâng-khi-hū
共伊燒死	kā-i-sio-sí
共伴	kāng-phuānn
共勻	kāng-ûn
共匪	kiōng-huí
共厝內	kāng-tshù-lāi
共厝徛	kāng-tshù-khiā
共口灶	kāng-kháu-tsàu
共同	kiōng-tông
共同市場	Kiōng-tông-tshī-tiûnn
共名	kāng-miâ
共和	kiōng-hô
共和國	kiōng-hô-kok
共和黨	Kiōng-hô-tóng
共姓	kāng-sìnn
共姓仔	kāng-sènn-á
共字勻	kāng-jī-ûn
共字姓	kāng-jī-sènn
共字寫	kāng-jī-siá
共存	kiōng-tsûn
共工	Kiōng-kong
共帆	kāng-phâng
共彼个查某囡仔放開	kā-hit-ê-tsa-bóo-gín-á-pàng-khui
共心	kâng-sim
共我	kā-guá
共房頭	kāng-pâng-thâu
共有	kiōng-iú
共條水	kāng-tiâu-tsuí
共業	kiōng-gia̍p
共款	kāng-khuán
共沿	kāng-iân
共犯	kiōng-huān
共班	kāng-pan
共生	kiōng-sing
共產	kiōng-sán
共產黨	Kiōng-sán-tóng
共症頭	kāng-tsìng-thâu
共祖先	kāng-tsóo-sian
共祧	kāng-thiāu
共種傳	kāng-tsíng-thn̂g
共管	kiōng-kuán
共籠傳	kāng-láng-thn̂g
共總	kāng-tsóng
共聲嗽	kāng-siann-sàu
共腹內	kāng-pak-lāi
共葛	kāng-kuah
共融式遊具	kiōng-iông-sik-iû-kū
共謀	kiōng-bôo
共識	kiōng-sik
共路	kāng-lōo
共軍	kiōng-kun
共輩	kāng-puè
共途	kāng-tôo
共通	kiōng-thong
共陣	kāng-tīn
共面	kāng-bīn
共鳴	kiōng-bîng
共黨	kāng-táng
兵亂	ping-luān
兵仔	ping-á
兵仔伴	ping-á-phuānn
兵仔寮	ping-á-liâu
兵仔舍	ping-á-sià
兵仔鳥	Ping-á-tsiáu
兵力	ping-li̍k
兵卒	ping-tsut
兵單	ping-tuann
兵器	ping-khì
兵團	ping-thuân
兵工廠	ping-kang-tshiúnn
兵庫	Ping-khòo
兵庫縣	Ping-khòo-kuān
兵役	ping-ia̍h
兵權	ping-kuân
兵法	ping-huat
兵營	ping-iânn
兵種	ping-tsióng
兵符	ping-hû
兵糧	ping-niû
兵腳仔	ping-kha-á
兵衫	ping-sann
兵變	ping-piàn
兵隊	ping-tuī
兵馬	ping-bé
兵馬尪仔	ping-bé-ang-á
其一	kî-it
其中	kî-tiong
其二	kî-lī
其他	kî-thann
其內	kî-lāi
其外	kî-guā
其實	kî-si̍t
其後	kî-āu
其時	kî-sî
其次	kî-tshù
其間	kî-kan
其餘	kî-î
具備	khū-pī
具有	kū-iú
具結	khū-kiat
具體	khū-thé
典世	tián-sè
典型	tián-hîng
典契	tián-khuè
典故	tián-kòo
典獄官	tián-ga̍k-kuann
典獄長	tián-ga̍k-tiúnn
典禮	tián-lé
典範	tián-huān
典籍	tián-tsi̍k
典賣	tián-bē
典雅	tián-ngá
兼任	kiam-jīm
兼具	kiam-khū
兼勢	kiam-sì
兼塊做	kiam-tè-tsò
兼寄	kiam-kià
兼差	kiam-tshai
兼得	kiam-tit
兼營	kiam-îng
兼用	kiam-iōng
兼祧	kiam-thiāu
兼管	kiam-kuán
兼職	kiam-tsit
兼課	kiam-khò
兼辦	kiam-pān
兼顧	kiam-kòo
冇丹樹	phànn-tan-tshiū
冇冇	phànn-phànn
冇卵	phànn-nn̄g
冇古	phànn-kóo
冇含	phànn-ham
冇心	phànn-sim
冇手	phànn-tshiú
冇數	phànn-siàu
冇柑	phànn-kam
冇柴	phànn-tshâ
冇桂	phànn-kuì
冇樟	phànn-tsiunn
冇浡	phànn-phu̍h
冇炭	phànn-thuànn
冇石	phànn-tsio̍h
冇管仔草	phànn-kóng-á-tsháu
冇管麻	phànn-kóng-muâ
冇米仔	phànn-bí-á
冇粒	phànn-lia̍p
冇粟	phànn-tshik
冇粟仔	phànn-tshik-á
冇胎	phànn-thai
冇虹	phànn-khīng
冇蟳夯籠	phànn-tsîm-giâ-láng
冇蟳無膏	phànn-tsîm-bô-ko
冇計	phànn-kè
冇話	phànn-uē
冇談	phànn-tâm
冇頭	phànn-thâu
冇頭仔	phànn-thâu-á
冇頭鰱	phànn-thâu-liân
冇額	phànn-gia̍h
冇骨消	phànn-kut-siau
冉仲弓	Jiám-Tiōng-kiong
冉冉	liam-liam
冉求	Jiám-Kîu
冉腳冉手	liam-kha-liam-tshiú
冊包	tsheh-pau
冊包帶	tsheh-pau-tuà
冊名	tsheh-miâ
冊囊	tsheh-lông
冊型電腦	tsheh-hîng-tiān-náu
冊尻脊	tsheh-kha-tsiah
冊底	tsheh-té
冊店	tsheh-tiàm
冊庫	tsheh-khòo
冊房	tsheh-pâng
冊揹仔	tsheh-phāinn-á
冊架	tsheh-kè
冊楔仔	tsheh-seh-á
冊橐仔	tsheh-lok-á
冊櫥	tsheh-tû
冊疊仔	tsheh-thiap-á
冊皮	tsheh-phuê
冊簽	tsheh-tshiam
冊紙	tsheh-tsuá
冊苴仔	tsheh-tsū-á
冊蟲	tsheh-thâng
冊鑢仔	tsheh-lù-á
冊頁	tsheh-ia̍h
冊龜仔	tsheh-ku-á
再三	tsài-sann
再三再四	tsài-sann-tsài-sì
再出世	tsài-tshut-sì
再婚	tsài-hun
再接再厲	tsài-tsiap-tsài-lē
再敗	tsài-pāi
再會	tsài-huē
再次	tsài-tshù
再版	tsài-pán
再生	tsài-sing
再者	tsài-tsiá
再見	tsài-kiàn
再講	tsài-kóng
再起	tsài-khí
冒之冒捏	mōo-tsi-mōo-liap
冒充	mōo-tshiong
冒名	mōo-miâ
冒告	mōo-kò
冒失	bōo-sit
冒尖	mōo-tsiam
冒捏	mōo-liap
冒攝	mōo-liap
冒暑	mōo-sú
冒牌	mōo-pâi
冒犯	bōo-huān
冒稱	mōo-tshing
冒證	mōo-tsìng
冒險	bōo-hiám
冒雨	mōo-hōo
冒領	mōo-niá
冕旒	bián-liû
冗一氣	líng-tsi̍t-khuì
冗冗	līng-līng
冗剩	liōng-sīng
冗去	līng-khì
冗早	liōng-tsá
冗氣	līng-khuì
冗盛	liōng-sīng
冗空	līng-khang
冗絚	līng-ân
冗限	liōng-hān
冗霍霍	līng-hòo-hòo
冗鬆	līng-sang
冠亞軍	kuàn-a-kun
冠狀動脈	kuan-tsōng-tōng-me̍h
冠狀病毒	kuan-tsōng-pēnn-to̍k
冠軍	kuàn-kun
冠郭公	kuan-kueh-kong
冠首詩	kuàn-siú-si
冠鳩	kuan-khiu
冢仔地	thióng-á-tē
冢仔埔	thióng-á-poo
冢仔山	thióng-á-suann
冢地	thióng-tē
冢山	thióng-suann
冤仇	uan-siû
冤仇人	uan-siû-lâng
冤家	uan-ke
冤家主	uan-ke-tsú
冤家人	uan-ke-lâng
冤家變親家	uan-ke-piàn-tshin-ke
冤家量債	uan-ke-niû-tsè
冤屈	uan-khut
冤情	uan-tsîng
冤枉	uan-óng
冤枉球	uan-óng-kiû
冤枉路	uan-óng-lōo
冤獄	uan-ga̍k
冤禍	uan-ē
冤讎	uan-siû
冤讎人	uan-siû-lâng
冤鬼	uan-kuí
冤魂	uan-hûn
冥王星	Bîng-ông-tshenn
冥財	bîng-tsâi
冬令救濟	tong-līng-kiù-tsè
冬天	tang-thinn
冬季	tong-kuì
冬尾	tang-bué
冬尾天	tang-bué-thinn
冬尾時天	tang-bué-sî-thinn
冬帽	tang-bō
冬瓜	tang-kue
冬瓜好看無好食	tang-kue-hó-khuànn-bô-hó-tsiah
冬瓜山	Tang-kue-suann
冬瓜料	tang-kue-liāu
冬瓜糖	tang-kue-thn̂g
冬眠	tong-bîn
冬筍	tang-sún
冬節	tang-tseh
冬節圓	tang-tseh-înn
冬節食圓	Tang-tseh-tsia̍h-înn
冬粉	tang-hún
冬至	tang-tsì
冬菇	tang-koo
冬菜	tang-tshài
冬葉樹	tang-hio̍h-tshiū
冬蟲	tong-thiông
冬防	tong-hông
冬青	tang-tshenn
冬頭	tang-thâu
冰人	ping-jîn
冰仔水	ping-á-tsuí
冰克林姆	ping-khu-lín-mù
冰冷	ping-líng
冰凍	ping-tòng
冰原	ping-guân
冰地	Ping-tē
冰塊	ping-tè
冰山	ping-suann
冰山一角	ping-suann-tsit-kak
冰島	Ping-tó
冰店	ping-tiàm
冰庫	ping-khòo
冰廠	ping-tshiúnn
冰枕	ping-tsím
冰枝	ping-ki
冰條	ping-tiâu
冰櫃	ping-kuī
冰櫥	ping-tû
冰水	ping-tsuí
冰沙	ping-sua
冰河	ping-hô
冰淇淋	ping-kî-lîm
冰箱	ping-siunn
冰糕	ping-ko
冰糖	ping-thn̂g
冰袋	ping-tē
冰角	ping-kak
冰解	ping-kái
冰車	ping-tshia
冰雪	ping-seh
冰雪奇緣	Ping-suat-kî-iân
冰雹	ping-pha̍uh
冰霜	ping-sng
冰鞋	ping-ê
冰魚	ping-hî
冰麒麟	ping-kî-lîn
冰點	ping-tiám
冶金	iá-kim
冷冷仔	líng-líng-á
冷凊	líng-tshìn
冷凊凊	líng-tshìn-tshìn
冷凍	líng-tòng
冷凍劑	líng-tòng-tse
冷凍機	líng-tòng-ki
冷凍食品	líng-tòng-si̍t-phín
冷凍鳥	Líng-tòng-tsiáu
冷利	líng-lāi
冷卻	líng-khiok
冷吱吱	líng-ki-ki
冷嗖嗖	líng-sngh-sngh
冷嘶嘶	líng-sih-sih
冷場	líng-tiûnn
冷媒	líng-buê
冷宮	líng-kiong
冷性	líng-sìng
冷感症	líng-kám-tsìng
冷戰	líng-tsiàn
冷房	líng-pâng
冷拌	líng-puānn
冷支支	líng-ki-ki
冷森森	líng-sim-sim
冷氣	líng-khì
冷氣機	líng-khì-ki
冷氣設備	líng-khì-siat-pī
冷水	líng-tsuí
冷汗	líng-kuānn
冷泉	líng-tsuânn
冷淡	líng-tām
冷清	líng-tshing
冷清清	líng-tshing-tshing
冷滾水	líng-kún-tsuí
冷漠	líng-bo̍k
冷瀉	líng-sià
冷皙皙	líng-sih-sih
冷盤	líng-puânn
冷眼	líng-gán
冷笑	líng-tshiò
冷笑話	líng-tshiò-uē
冷管	líng-kuán
冷色	líng-sik
冷菜	líng-tshài
冷落	líng-lo̍k
冷著	líng-tio̍h
冷藏	líng-tsông
冷血	líng-hiat
冷酷	líng-khok
冷銃	líng-tshìng
冷鋒	líng-hong
冷門	líng-mn̂g
冷門貨	líng-mn̂g-huè
冷霜霜	líng-sng-sng
冷靜	líng-tsīng
冷靜落來	líng-tsīng-lo̍h-lâi
冷面	líng-bīn
冷風	líng-hong
冷飯	líng-pn̄g
冷飯團	líng-pn̄g-thuân
冷飯藤	líng-pn̄g-tîn
冷麵	líng-mī
冷鼎	líng-tiánn
准予	tsún-û
准數	tsún-siàu
准考證	tsún-khó-tsìng
凊乓乓	tshìn-piann-piann
凊凊	tshìn-tshìn
凊凊采采	tshìn-tshìn-tshái-tshái
凊吶	tshìn-nah
凊場	tshìn-tiûnn
凊塊塊	tshìn-teh-teh
凊市	tshìn-tshī
凊彩	tshìn-tshái
凊彩想	tshìn-tshái-siūnn
凊彩時	tshìn-tshái-sî
凊彩講	tshìn-tshái-kóng
凊心	tshìn-sim
凊心失志	tshìn-sim-sit-tsì
凊支支	tshìn-ki-ki
凊水	tshìn-tsuí
凊汗	tshìn-kuānn
凊油飯	tshìng-iû-pn̄g
凊瘼	tshìn-mooh
凊瘼吶	tshìn-mooh-nah
凊笑	tshìn-tshiò
凊糜	tshìn-muâi
凊膜	tshìn-mo̍oh
凊膜凹	tshìn-mooh-nah
凊色	tshìn-sik
凊菜	tshìn-tshài
凊采	tshìn-tshái
凊采采	tshìn-tshái-tshái
凊面	tshìn-bīn
凊飯	tshìn-pn̄g
凊飯藤	tshìn-pn̄g-tîn
凋井	ta-tsénn
凋呃	ta-eh
凋嗽	ta-sàu
凋尾	ta-bué
凋心	ta-sim
凋必	ta-pit
凋料	ta-liāu
凋枝	ta-ki
凋枯	ta-kho̍k
凋柴	ta-tshâ
凋椏	ta-ue
凋樹	ta-tshiū
凋水	ta-tsuí
凋洘	ta-khó
凋涸涸	ta-kho̍k-kho̍k
凋炭	ta-thuànn
凋燥	ta-sò
凋燥熱	ta-sò-jia̍t
凋燥燥	ta-sò-sò
凋疥	ta-kè
凋瘼	ta-mooh
凋瘼瘼	ta-mooh-mooh
凋癬	ta-sián
凋碇	ta-tīng
凋經	ta-king
凋耳	ta-hīnn
凋肘	ta-tiú
凋脯	ta-pôo
凋脯脯	ta-póo-póo
凋草	ta-tsháu
凋葉	ta-hio̍h
凋蔫	ta-lian
凋謝	tiau-siā
凋身	ta-sin
凋離	ta-lī
凋零	tiau-lîng
凋頭	tiau-thâu
凋鬆	ta-sang
凋黃	ta-n̂g
凌亂	lîng-luān
凌勒	lîng-li̍k
凌晨	lîng-sîn
凌治	lîng-tī
凌轢	lîng-li̍k
凌辱	lîng-jio̍k
凌遲	lîng-tî
凌雲	lîng-hûn
凌霄花	lîng-siau-hue
凌駕	lîng-kà
凍傷	tàng-siong
凍子	tàng-tsí
凍戇	tòng-gōng
凍機	tàng-ki
凍死	tàng-sí
凍水	tàng-tsuí
凍水機	tàng-tsuí-ki
凍甲	tàng-kah
凍瘡	tòng-tshong
凍結	tòng-kiat
凍趾	tàng-tsí
凍酸	tàng-sng
凍霜	tàng-sng
凍霜仔	tàng-sng-á
凍霜天	tàng-sng-thinn
凍霜客	tàng-sng-kheh
凍露	tàng-lōo
凍露水	tàng-lōo-tsuí
凜凜仔	lím-lím-á
凜墘	lím-kînn
凝心	gîng-sim
凝惡	gîn-ok
凝惡惡	gîng-ok-ok
凝水石	gîng-tsuí-tsio̍h
凝聚	gîng-tsū
凝聚力	gîng-tsū-li̍k
凝血	gîng-hueh
凝血功能異常	gîng-hueh-kong-lîng-ī-siông
凝重	gîng-tāng
凝霜	gîng-sng
凝點	gîng-tiám
凝𠕇	kiàn-tīng
几桌	kí-toh
几桌仔	kí-toh-á
凡事	huân-sū
凡但	huân-nā
凡勢	huān-sì
凡在	huân-tsāi
凡塵	huân-tîn
凡是	huân-sī
凡若	huân-nā
凡若是	huân-nā-sī
凡間	huān-kan
凰鳳	hông-hōng
凱撒	Khái-sat
凱旋	khái-suân
凱旋門	Khái-suân-mn̂g
凱道	Khái-tō
凱達格蘭	khái-ta̍t-keh-lân
凶勢	hiong-sì
凶器	hiong-khì
凶夢	hiong-bāng
凶巴哩貓	hiong-pa-lí-niau
凶年	hiong-liân
凶手	hiong-tshiú
凶拳毋拍笑面	hiong-kûn-m̄-phah-tshiò-bīn
凶歲	hiong-suè
凶猛	hiong-bíng
凶身	hiong-sin
凶陷	hong-hām
凶險	hiong-hiám
凶險症	hong-hiám-tsìng
凸出	phok-tshut
凸字	phòng-jī
凸目雷	thóo-ba̍k-luî
凸鏡	phòng-kiànn
凸面鏡	phòng-bīn-kiànn
凹一窟	naih-tsi̍t-khut
凹字	lap-jī
凹目鮕	thap-ba̍k-koo
凹磕	lap-kha̍p
凹腰	nah-io
凹落去	au-lo̍h-khì
凹鏡	lap-kiànn
凹頭推	thap-thâu-tshia
凹頭栽	thap-thâu-tsai
凹鼻仔	naih-phīnn-á
出丁	tshut-ting
出不產	tshut-put-sán
出不盡	tshut-put-tsīn
出世	tshut-sè
出世命	tshut-sì-miā
出世的所在	tshut-sì-ê-sóo-tsāi
出主意	tshut-tsú-ì
出事	tshut-sū
出人前	tshut-lâng-tsiân
出代誌	tshut-tāi-tsì
出任	tshut-jīm
出伸	tshut-tshun
出來	tshut-lâi
出來盤撋早慢攏是愛還的	tshut-lâi-puânn-nuá-tsá-bān-lóng-sī-ài-hîng/huân-ê
出來矣	tshut-lâi-ah
出來講	tshut-lâi-kóng
出借	tshut-tsioh
出傖	tshut-sông
出價	tshut-kè
出光	tshut-kng
出入	tshut-ji̍p
出入口	tshut-ji̍p-kháu
出入境	tshut-ji̍p-kíng
出兵	tshut-ping
出剩	tshut-sīng
出力	tshut-la̍t
出動	tshut-tōng
出勤	tshut-khîn
出厄	tshut-eh
出去	tshut-khì
出去耍	tshut-khì-sńg
出取	tshut-tshú
出口	tshut-kháu
出口商	tshut-kháu-siong
出叫	tshut-kiò
出台	tshut-tâi
出名	tshut-miâ
出名人	tshut-miâ-lâng
出品	tshut-phín
出售	tshut-siû
出喙有話	tshut-tshuì-ū-uē
出嘴	tshut-tshuì
出國	tshut-kok
出土	tshut-thóo
出在	tshut-tsāi
出在人	tshut-tsāi-lâng
出在伊	tshut-tsāi-i
出在你	tshut-tsāi-lí
出在家己	tshut-tsāi-ka-kī
出在我	tshut-tsāi-guá
出場	tshut-tiûnn
出境	tshut-kíng
出外	tshut-guā
出外人	tshut-guā-lâng
出外景	tshut-guā-kíng
出外洋	tshut-guā-iûnn
出大力	tshut-tuā-la̍t
出天	tshut-thian
出奇	tshut-kî
出嫁	tshut-kè
出家	tshut-ke
出家人	tshut-ke-lâng
出尾	tshut-bué
出局	tshut-kio̍k
出山	tshut-san
出巡	tshut-sûn
出差	tshut-tshai
出帆	tshut-phâng
出師	tshut-sai
出師表	Tshut-su-piáu
出席	tshut-si̍k
出平儕	tshut-pênn-tsē
出床	tshut-sn̂g
出庭	tshut-tîng
出廠	tshut-tshiúnn
出張	tshut-tiunn
出征	tshut-tsing
出恭	tshut-kiong
出戰	tshut-tsiàn
出手	tshut-tshiú
出招	tshut-tsiau
出挑	tshut-thio
出挓	tshut-tioh
出掌	tshut-tsiáng
出擊	tshut-kik
出擢	tshut-tioh
出收	tshut-siu
出料	tshut-liāu
出於	tshut-î
出日	tshut-ji̍t
出日頭	tshut-ji̍t-thâu
出書	tshut-su
出月	tshut-gue̍h
出業	tshut-gia̍p
出櫥	tshut-tû
出正	tshut-tsiann
出殯	tshut-pìn
出氣	tshut-khuì
出水	tshut-tsuí
出水珠	tshut-tsuí-tsu
出水筒	tshut-tsuí-tâng
出汗	tshut-kuānn
出沒	tshut-bu̍t
出泉	tshut-tsuânn
出洋	tshut-iûnn
出海	tshut-hái
出港	tshut-káng
出演	tshut-ián
出潲	tshut-siâu
出火	tshut-hué
出火星	tshut-hué-tshenn
出炊	tshut-tshue
出煙	tshut-ian
出爐	tshut-lôo
出版	tshut-pán
出版商	tshut-pán-siong
出版業	tshut-pán-gia̍p
出版社	tshut-pán-siā
出獄	tshut-ga̍k
出珠	tshut-tsu
出現	tshut-hiān
出生	tshut-senn
出生入死	tshut-sing-ji̍p-sú
出生日期	tshut-sing-ji̍t-kî
出產	tshut-sán
出疹	tshut-tsín
出痕	tshut-hûn
出痲仔	tshut-muâ-á
出癖仔	tshut-phia̍h-á
出發	tshut-huat
出發點	tshut-huat-tiám
出眾	tshut-tsìng
出破	tshut-phuà
出磺口	tshut-hông-kháu
出示	tshut-sī
出神	tshut-sîn
出租	tshut-tsoo
出穗	tshut-suī
出空頭	tshut-khang-thâu
出笑話	tshut-tshiò-uē
出範	tshut-pān
出篷	tshut-phâng
出籠	tshut-lam
出納	tshut-la̍p
出納員	tshut-la̍p-uân
出經入典	tshut-king-ji̍p-tián
出缺	tshut-khuat
出罪	tshut-tsuē
出聲	tshut-siann
出脫	tshut-thuat
出脹	tshut-tiòng
出腳	tshut-kioh
出腳手	tshut-kha-tshiú
出自	tshut-tsū
出色	tshut-sik
出芽	tshut-gê
出茅	tshut-m̂
出菜	tshut-tshài
出葬	tshut-tsòng
出處	tshut-tshù
出虹	tshut-khīng
出血	tshut-hueh
出計智	tshut-kè-tì
出請	tshut-tshiánn
出貨	tshut-huè
出貴	tshut-kuì
出資	tshut-tsu
出賒	tshut-sia
出賞格	tshut-siúnn-keh
出賣	tshut-bē
出賽	tshut-sài
出超	tshut-tshiau
出路	tshut-lōo
出蹟	tshut-tsik
出身	tshut-sin
出身命	tshut-sin-miā
出軌	tshut-kuí
出遊	tshut-iû
出運	tshut-ūn
出道	tshut-tō
出酒	tshut-tsiú
出醜	tshut-tshiú
出錢	tshut-tsînn
出錯	tshut-tshò
出門	tshut-mn̂g
出門人	tshut-mn̂g-lâng
出閨	tshut-kui
出院	tshut-īnn
出陣	tshut-tīn
出青	tshut-tshenn
出面	tshut-bīn
出頭	tshut-thâu
出頭出跤	tshut-thâu-tshut-kha
出頭天	tshut-thâu-thinn
出頭繏脰	tshut-thâu-sǹg-tāu
出頭落角	tshut-thâu-lo̍h-kak
出題	tshut-tê
出額	tshut-gia̍h
出風頭	tshut-hong-thâu
出養	tshut-ióng
出首	tshut-siù
出馬	tshut-bé
出骨	tshut-kut
出鬼	tshut-kuí
出麻	tshut-muâ
函寄	hâm-kià
函授	hâm-siū
函數	hâm-sòo
函送	hâm-sàng
函養	hâm-iáng
刀仔	to-á
刀仔囝	to-á-kiánn
刀仔箭	to-á-tsìnn
刀傷草	to-siong-tsháu
刀光劍影	to-kong-kiàm-iánn
刀兵水火劫	to-ping-tsuí-hué-kiap
刀喙	to-tshuì
刀嘴	to-tshuì
刀子	to-tsí
刀尾	to-bué
刀岭	to-niā
刀嶺	to-niá
刀斧手	to-póo-tshiú
刀束	to-sok
刀板	to-pán
刀板仁豆	to-pán-jîn-tāu
刀柄	to-pìnn
刀殼	to-khak
刀痕	to-hûn
刀石	to-tsio̍h
刀砧	to-tiam
刀肉	to-bah
刀背	to-puē
刀脊	to-tsit
刀蓮	to-nî
刀豆	to-tāu
刀路	to-lōo
刀路深	to-lōo-tshim
刀銎	to-khing
刀鋩	to-mî
刀鞘	to-siò
刀首	to-siù
刀骿	to-phiann
刀魚	to-hî
刁人	tiau-lâng
刁價	tiau-kè
刁古董	tiau-kóo-tóng
刁工	thiau-kang
刁意	thiàui-kòo
刁意故	tiau-ì-kòo
刁持	thiau-tî
刁故意	thiau-kòo-ì
刁斷	tiau-tn̄g
刁蠻	thiau-bân
刁賴	tiau-nuā
刁難	thiau-lân
刁難人	tiau-lân-lâng
刁靠	tiau-khò
刁頑	thiau-bân
刁鴨	thiau-ah
分享	hun-hiáng
分佈	hun-pòo
分個	pun-ê
分傢伙	pun-ke-hué
分光鏡	hun-kong-kiànn
分公司	hun-kong-si
分公餅	pun-kong-piánn
分出	hun-tshut
分分仔	hun-hun-á
分別	hun-pia̍t
分割	hun-kuah
分化	hun-huà
分區	hun-khu
分厘	hun-lî
分叉	hun-tshe
分叉枝	hun-tshe-ki
分叉流	pun-tshe-lâu
分叉路	hun-tshe-lōo
分合	hun-ha̍p
分單字	hun-tan-jī
分囝	pun-kiánn
分場	hun-tiûnn
分外	hun-guā
分娩	hun-bián
分子	hun-tsú
分家伙	pun-ke-hué
分寸	hun-tshùn
分局	hun-kio̍k
分居	hun-ki
分屍	hun-si
分屍拆腿	hun-si-thiah-thuí
分層負責	hun-tsân-hū-tsik
分工	hun-kang
分布	hun-pòo
分平	pun-pênn
分張	pun-tiunn
分得	hun-tit
分心	hun-sim
分憂	hun-iu
分成	hun-sîng
分手	hun-tshiú
分批	hun-phe
分批的	pun-phue-ê
分抨	pun-phinn
分拆	hun-thiah
分摒	pun-phinn
分撥	hun-puah
分擔	hun-tam
分攤	hun-thuann
分支	hun-tsi
分散	hun-sàn
分數	hun-siàu
分文	hun-bûn
分明	hun-bîng
分曉	hun-hiáu
分書	hun-su
分會	hun-hē
分期	hun-kî
分析	hun-sik
分析家	hun-sik-ka
分校	hun-hāu
分椏	hun-ue
分業	hun-gia̍p
分權	hun-kuân
分歧	hun-kî
分段	hun-tuānn
分母	hun-bó
分水	pun-tsuí
分汊流	pun-tshe-lâu
分泌	hun-pì
分泌物	hun-pì-bu̍t
分派	hun-phài
分流	hun-lâu
分灶	pun-tsàu
分為	hun-uî
分班	hun-pan
分界	hun-kài
分發	hun-huat
分的	pun-ê
分的較贏買的	pun-ê-khah-iânn-bé-ê
分神	hun-sîn
分租	hun-tsoo
分立	hun-li̍p
分紅利	pun-âng-lī
分級	hun-kip
分組	hun-tsoo
分線	hun-suànn
分聲	hun-siann
分股	pun-kóo
分蜢薛	pun-meh-sih
分行	hun-hâng
分裂	hun-lia̍t
分解	hun-kái
分訴	hun-sòo
分詞	hun-sû
分讓	pun-niū
分貝	hun-puè
分財產	pun-tsâi-sán
分贓	hun-tsong
分路	pun-lōo
分辨	hun-piān
分辯	hun-piān
分道	pun-tō
分道嘴	pun-tō-tshuì
分部	hun-pōo
分配	hun-phuè
分野	hun-iá
分量	hūn-liāng
分金	hun-kim
分針	hun-tsiam
分銷	hun-siau
分鐘	hun-tsing
分開	hun-khui
分開帶	hun-khui-tuà
分開食	pun-khui-tsia̍h
分院	hun-īnn
分隊	hun-tuī
分隔	hun-keh
分離	hun-lī
分額	hūn-gia̍h
分類	hun-luī
分類械鬥	Hun-luī-hāi-tàu
分食	pun-tsia̍h
分食的	pun-tsia̍h-ê
分飯	pun-pn̄g
分餅	pun-piánn
分香	hun-hiunn
切仔球	tshiat-á-kiû
切傷	tshiat-siong
切入	tshiat-ji̍p
切削	tshiat-siah
切勿	tshiat-bu̍t
切合	tshiat-ha̍p
切實	tshiat-si̍t
切忌	tshiat-khī
切氣	tshiat-khì
切片	tshiat-phìnn
切碎	tshiat-tshuì
切結	tshiat-kiat
切結書	tshiat-kiat-su
切腹	tshiat-pak
切腹自殺	tshiat-pak-tsū-sat
切莫	tshiat-bo̍k
切菜	tshiat-tshài
切記	tshiat-kì
切貨	tshiat-huè
切身	tshiat-sin
切開	tshiat-khui
切除	tshiat-tî
刊出	khan-tshut
刊物	khan-bu̍t
刊登	khan-ting
刊行	khan-hîng
刊載	khan-tsài
刐感情	táinn-kám-tsîng
刑事	hîng-sū
刑具	hîng-khū
刑務所	hîng-bū-sóo
刑場	hîng-tiûnn
刑庭	hîng-tîng
刑期	hîng-kî
刑案	hîng-àn
刑求	hîng-kiû
刑法	hîng-huat
刑罰	hîng-hua̍t
刑警	hîng-kíng
刑責	hîng-tsik
划棑仔	kò-pâi-á
划橫流	kò-huâinn-lâu
划算	huâ-sǹg
划船	kò-tsûn
划船的	kò-tsûn-ê
列位	lia̍t-uī
列入	lia̍t-ji̍p
列出	lia̍t-tshut
列印	lia̍t-ìn
列單	lia̍t-tuann
列國	lia̍t-kok
列宙峇	Lia̍t-tiū-bâ
列寧	Lia̍t-lîng
列島	lia̍t-tó
列席	lia̍t-si̍k
列強	lia̍t-kiông
列為	lia̍t-uî
列祖	lia̍t-tsóo
列舉	lia̍t-kí
列表	lia̍t-pió
列車	lia̍t-tshia
列隊	lia̍t-tuī
刜草	phut-tsháu
初一	tshue-it
初中	tshoo-tiong
初中生	tshoo-tiong-sing
初二病	tshoo-jī-pēnn
初初	tshoo-tshoo
初學者	tshoo-ha̍k-tsiá
初審	tshoo-sím
初戀	tshoo-luân
初旬	tshoo-sûn
初時	tshoo-sî
初期	tshoo-kî
初步	tshoo-pōo
初犯	tshoo-huān
初皮	tshoo-phuê
初稿	tshoo-kó
初級	tshoo-kip
初衷	tshoo-tsiong
初診	tshoo-tsín
初試	tshoo-tshì
初賽	tshoo-sài
初選	tshoo-suán
初音未來	tshoo-im-bī-lâi
刣價	thâi-kè
刣割	thâi-kuah
刣文	thâi-bûn
刣肉仔	thâi-bah-á
刣豬	thâi-ti
刣豬的	thâi-ti-ê
刣雞用牛刀	thâi-ke-īng-gû-to
判例	phuànn-lē
判刑	phuànn-hîng
判官	phuànn-kuann
判定	phuànn-tīng
判斷	phuànn-tuàn
判案	phuànn-àn
判決	phuànn-kuat
判決書	phuànn-kuat-su
別世	pia̍t-sè
別人	pa̍t-lâng
別人个某較媠	pa̍t-lâng-ê-bóo-khah-suí
別人妻袂過五更	pa̍t-lâng-tshe-bē-kuè-gōo-kenn
別人的桌頂夾肉飼大家	pa̍t-lâng-ê-toh-tíng-ngeh-bah-tshī-ta-ke
別位	pa̍t-uī
別位無	pa̍t-uī-bô
別個	pa̍t-ê
別出心裁	pia̍t-tshut-sim-tshâi
別卦	pa̍t-kuà
別墅	pia̍t-sū
別姓	pa̍t-sènn
別客氣	bián-kheh-khì
別帶	pa̍t-tè
別庄頭	pa̍t-tsng-thâu
別所在	pa̍t-sóo-tsāi
別搭	pa̍t-tah
別日	pa̍t-ji̍t
別日仔	pa̍t-ji̍t-á
別樣	pa̍t-iūnn
別款	pa̍t-khuán
別派	pa̍t-phài
別的人	pa̍t-ê-lâng
別種	pa̍t-tsióng
別莊	pia̍t-tsong
別號	pia̍t-hō
別跡	pa̍t-jiah
別離	pia̍t-lī
別項	pa̍t-hāng
利上利	lī-siāng-lī
利上加利	lī-siāng-ka-lī
利仔錢	lāi-á-tsînn
利他	lī-tá
利便	lī-piān
利便商店	lī-piān-siong-tiàm
利便店	lī-piān-tiàm
利刀	lāi-to
利割	lāi-kuah
利劍劍	lāi-kiàm-kiàm
利口	lī-kháu
利器	lāi-khì
利子	lī-tsú
利害關係	lī-hāi-kuan-hē
利害關係人	lī-hāi-kuan-hē-jîn
利尿	lī-jiō
利尿劑	lī-jiō-tse
利己	lī-kí
利市	lī-tshī
利希頓斯坦	Lī-hi-tùn-su-thán
利弊	lī-pè
利得	lī-tit
利息	lāi-sit
利於	lī-î
利樂皇	lī-lo̍k-hông
利欲	lī-io̍k
利比亞	Lī-pí-a
利水	lī-tsuí
利流	lī-lâu
利澤簡	lī-ti̍k-kán
利率	lī-lu̍t
利用	lī-iōng
利用廢物	lī-iōng-huè-bu̍t
利用機會	lī-iōng-ki-huē
利用良機	lī-iōng-liâng-ki
利益	lī-ik
利益人	lī-ik-lâng
利純	lī-sûn
利絞利	lāi-ká-lāi
利綁	lī-póng
利脾	lī-pî
利誘	lī-iú
利路	lī-lōo
利錢	lāi-tsînn
利頭	lī-thâu
利馬	Lī-má
刪予擲捒	san-hōo-tàn-sak
刪減	san-kiám
刪除	san-tî
刮先	khue-sian
刮皮	kueh-phuê
到今	kàu-tann
到佇	kàu-tī
到位	kàu-uī
到南港的展覽館的官方網站	kàu-Lâm-káng-ê-tián-lám-kuán-ê-kuann-hong-bāng-tsām
到厝	kàu-tshù
到地	kàu-tè
到坎	kàu-khám
到塊	kàu-tè
到家齣	tò-ka-tshut
到尾	kàu-bué
到尾仔	kàu-bué-á
到尾來	kàu-bué-lâi
到崁	kàu-khàm
到底	kàu-té
到所在	kàu-sóo-tsāi
到手	kàu-tshiú
到手芳	tò-tshiú-phang
到旦	kàu-tann
到時	kàu-sî
到月	kàu-gue̍h
到期	kàu-kî
到本	kàu-pún
到極角	kàu-ki̍k-kak
到歲	kàu-huè
到熟水	kàu-sik-tsuí
到甲	kàu-kah
到盡磅	kàu-tsīn-pōng
到矣	kàu-ah
到站	kàu-tsām
到籬顛倒	tò-lî-tian-táu
到絕風嶺	kàu-tsua̍t-hong-niá
到繼草	kàu-kè-tsháu
到職	kàu-tsit
到落尾	kàu-lo̍h-bué
到著	tio̍h-tio̍h
到詣	kàu-gē
到路尾	kàu-lōo-bué
到載	kàu-tsāi
到透底	kàu-thàu-té
到限	kàu-hān
到齊	kàu-tsê
到齣	kàu-tshut
制伏	tsè-ho̍k
制喉	tsè-âu
制壓	tsè-ap
制定	tsè-tīng
制度	tsè-tōo
制度化	tsè-tōo-huà
制式	tsè-sik
制憲	tsè-hiàn
制服	tsè-ho̍k
制煞	tsè-suah
制空權	tsè-khong-kuân
制約	tsè-iok
制衡	tsè-hîng
制裁	tsè-tshâi
制訂	tsè-tìng
制誥	tsè-khò
制限	tsè-hān
刷新	seh-sin
刺䲅	tshì-kui
刺乳	tshì-jú
刺五加	tshì-ngóo-ka
刺人目	tshiah-lâng-ba̍k
刺仔	tshì-á
刺仔埔	tshì-á-poo
刺仔子	tshì-á-tsí
刺仔心	tshì-á-sim
刺仔花	tshì-á-hue
刺冬	tshì-tang
刺刀	tshì-to
刺吐	tshiah-thòo
刺字	tshià-jī
刺客	tshì-khik
刺心	tshiah-sim
刺杜密	tshì-tōo-bi̍t
刺果	tshì-kué
刺柑仔	tshì-kam-á
刺柿	tshì-phè
刺格	tshì-keh
刺桐	tshì-tông
刺楠	tshì-lâm
刺殺	tshì-sat
刺殼仔	tshì-khak-á
刺毛仔蟲	tshì-mn̂g-á-thâng
刺毛捋	tshì-môo-lua̍h
刺毛狗蟲	tshì-môo-káu-thâng
刺毛蟲	tshì-moo-thâng
刺毛蟲仔	tshì-moo-thâng-á
刺江某	tshì-kang-bóo
刺波	tshì-pho
刺海馬	Tshiah-hái-bé
刺激	tshì-kik
刺激性	tshì-kik-sìng
刺球	tshì-kiû
刺球仔	tshì-kiû-á
刺球花	tshì-kiû-hue
刺球豬	tshì-kiû-ti
刺瓜	tshì-kue
刺瓜仔	tshì-kue-á
刺疫	tshiah-ia̍h
刺皮鞋	tshiah-phuê-ê
刺盤	tshì-puânn
刺目	tshì-ba̍k
刺竹	tshì-tik
刺繡	tshì-siù
刺羅仔蟲	tshì-lô-á-thâng
刺羅蟲	tshì-lô-thâng
刺膨紗	tshiah-phòng-se
刺膽	tshì-tám
刺花	tshiah-hue
刺茄	tshì-kiô
刺草	tshì-tsháu
刺莓	tshì-m̂
刺莧	tshì-hīng
刺蒐	tshì-soo
刺蔥	tshì-tshang
刺號	tshiah-hō
刺虯	tshì-khiû
刺蝟	tshì-uī
刺螺	tshì-lê
刺血刀	tshiah-hueh-to
刺豬	tshì-ti
刺豬鼠	Tshì-ti-tshí
刺身	tshiah-sin
刺酸	tshiah-sng
刺鑿	tshì-tsha̍k
刺面	tshiah-bīn
刺鞋的	tshiah-ê-ê
刺鼠菇	tshì-tshí-koo
刺龍仔	Tshì-liông-á
刺龍公	Tshì-liông-kang
刺龍爸	Tshì-liông-pē
刻不容緩	khik-put-iông-uān
刻刀	khik-to
刻剝	khik-pak
刻劃	khik-uē
刻印	khik-ìn
刻印仔	khik-ìn-á
刻字	khik-jī
刻意	khik-ì
刻板	khik-pán
刻沉	khik-tiâm
刻浮	khik-phû
刻版	khik-pán
刻筆	khik-pit
刻花	khik-hue
刻苦	khik-khóo
刻薄	khik-po̍k
刻針	khik-tsiam
剁掉	tok-tiāu
剁斷	tok-tn̄g
剁肉	tok-bah
剁頭	tok-thâu
剃光光	thì-kng-kng
剃光頭	thì-kng-thâu
剃嘴鬚	thì-tshuì-tshiu
剃平頭	thì-pênn-thâu
剃頭	thì-thâu
剃頭刀	thì-thâu-to
剃頭師傅	thì-thâu-sai-hū
剃頭店	thì-thâu-tiàm
剉掉	tshò-tiāu
剉柴	tshò-tshâ
剉柴夫	tshò-tshâ-hu
剉樹	tshò-tshiū
剉樹仔	tshò-tshiū-á
削人	siah-lâng
削刀	siah-to
削削叫	siah-siah-kiò
削奅	siah-phānn
削孤枝	siah-koo-ki
削弱	siah-jio̍k
削減	siah-kiám
削皮	siah-phuê
削皮魚	siah-phuê-hî
削竹箭	siah-tik-tsìnn
削肉	siah-bah
削肩	siah-king
削蚵	siah-ô
削面子皮	siah-bīn-tsú-phuê
剋斂	khik-liám
剋星	khik-tshenn
剋歛	khik-liám
剋父母	khik-pē-bó
前一工	tsîng-tsi̍t-kang
前一暝	tsîng-tsi̍t-mê
前世	tsîng-sì
前世人	tsîng-sì-lâng
前世債	tsîng-sì-tsè
前世冤	tsîng-sì-uan
前世業	tsîng-sè-gia̍p
前人	tsîng-lâng
前人囝	tsîng-lâng-kiánn
前仔	tsîng-á
前任	tsîng-jīm
前來	tsiân-lâi
前例	tsiân-lē
前兆	tsîng-tiāu
前功盡棄	tsiân-kong-tsīn-khì
前半暝	tsîng-puànn-mê
前回	tsîng-huê
前因	tsîng-in
前埕	tsîng-tiânn
前夜	tsîng-iā
前妻	tsîng-tshe
前嫌	tsîng-hiâm
前幫	tsîng-pang
前年	tsîng-nî
前往	tsiân-óng
前後	tsîng-āu
前所未見	tsiân-sóo-bī-kiàn
前手	tsîng-tshiú
前提	tsiân-tê
前擴	tsîng-khok
前擺	tsîng-pái
前改	tsîng-kái
前數後補	tsîng-sòo-āu-póo
前斗	tsîng-táu
前方	tsiân-hong
前日	tsîng-ji̍t
前景	tsiân-kíng
前暗	tsîng-àm
前暝	tsîng-mê
前某	tsîng-bóo
前某囝	tsîng-bóo-kiánn
前毛	tsîng-mn̂g
前氣接袂著後氣	tsîng-khuì-tsiap-bē-tio̍h-āu-khuì
前氣毋接後氣	tsîng-khuì-m̄-tsiap-āu-khuì
前瞻	tsiân-tsiam
前瞻計畫	tsiân-tsiam-kè-uē
前科	tsiân-kho
前線	tsiân-suànn
前緣	tsîng-iân
前翁	tsîng-ang
前者	tsîng-tsiá
前落	tsîng-lo̍h
前衛	tsiân-uē
前裾	tsîng-ki
前言	tsiân-giân
前身	tsiân-sin
前車之鑑	tsîng-tshia-tsi-kàm
前輩	tsiân-puè
前述	tsiân-su̍t
前途	tsiân-tôo
前進	tsîng-tsìn
前過	tsîng-kuè
前鋒	tsiân-hong
前鎮	Tsîng-tìn
前門	tsîng-mn̂g
前院	tsîng-īnn
前陣	tsiân-tīn
前面	tsîng-bīn
前齒	tsîng-khí
剔剔	thak-thik
剔嘴齒	thak-tshuì-khí
剔指	thak-tsí
剔斥	thak-thik
剔算盤	thak-sǹg-puânn
剖屍	phuà-si
剖旁	phuà-pîng
剖開	phuà-khui
剛強	kong-kiông
剛果	Kong-kó
剝光光	pak-kng-kng
剝削	pak-siah
剝喙罨	pak-tshuì-am
剝地皮	pak-tē-phuê
剝奪	pak-tuat
剝殼	peh-khak
剝皮	pak-phuê
剝皮羊	pak-phuê-iûnn
剝皮魚	pak-phuê-hî
剝裼裼	pak-theh-theh
剝走	pak-tsáu
剝開	pak-khui
剝面皮	pak-bīn-phuê
剝骨	pak-kut
剝黜	pak-lut
剩的	sīn-ê
剩落來	sīng-lo̍h-lâi
剩額	sīn-gia̍h
剩飯	sīn-pn̄g
剩餘	sīng-î
剪仔	tsián-á
剪仔龜	tsián-á-ku
剪儌	tsián-kiáu
剪報	tsián-pò
剪接	tsián-tsiap
剪眉	tsián-bî
剪票	tsián-phiò
剪筊	tsián-kiáu
剪紐仔	tsián-liú-á
剪紙	tsián-tsuá
剪絨	tsián-jiông
剪絨仔花	tsián-jiông-á-hue
剪絨花	tsián-jiông-hue
剪綵	tsián-tshái
剪綹仔蟲	tsián-liú-á-thâng
剪落來	tsián-lo̍h-lâi
剪蚻	tsián-tsua̍h
剪蟲	tsián-thâng
剪裁	tsián-tshâi
剪車	tsián-tshia
剪輯	tsián-tsip
剪鑼	tsián-lô
剪頭	tsián-thâu
剪頭鬃	tsián-thâu-tsang
剪魚	tsián-hî
剪龜仔	tsián-ku-á
副主席	hù-tsú-si̍k
副作用	hù-tsok-iōng
副刊	hù-khan
副司令	hù-su-līng
副寄	hù-kià
副廠長	hù-tshiúnn-tiúnn
副房	hù-pâng
副所長	hù-sóo-tiúnn
副教授	hù-kàu-siū
副會長	hù-huē-tiúnn
副本	hù-pún
副校長	hù-hāu-tiúnn
副業	hù-gia̍p
副歌	hù-kua
副理	hù-lí
副產品	hù-sán-phín
副產物	hù-sán-bu̍t
副省級	Hù-sí͘ng-kip
副社長	hù-siā-tiúnn
副總	hù-tsóng
副總裁	hù-tsóng-tshâi
副署	hù-sū
副虹	hù-khīng
副詞	hù-sû
副議長	hù-gī-tiúnn
副院長	hù-īnn-tiúnn
副食	hù-si̍t
割傷	kuah-siong
割價	kuah-kè
割喉	kuah-âu
割喉無血	kuah-âu-bô-hueh
割嘴鬚	kuah-tshuì-tshiu
割定	kuah-tiānn
割店	kuah-tiàm
割引	kuah-ín
割捨	kuah-siá
割斷	kat-tuān
割火	kuah-hué
割犁仔	kuah-lê-á
割疼	kuah-thiànn
割盲腸	kuah-bông-tn̂g
割禮	kat-lé
割稻仔	kuah-tiū-á
割稻尾	kuah-tiū-bué
割絕	kat-tsua̍t
割腸肚	kuah-tn̂g-tōo
割草	kuah-tsháu
割草刀	kuah-tsháu-to
割草機	kuah-tsháu-ki
割讓	kuah-niū
割豬肉	kuah-ti-bah
割貨	kuah-huè
割車單	kuah-tshia-tuann
割金	kuah-kim
割除	kuah-tî
割頷	kuah-ām
割香	kuah-hiunn
割麭	kuah-pháng
創下	tshòng-hā
創作	tshòng-tsok
創傷	tshòng-siong
創出	tshòng-tshut
創刊	tshòng-khan
創厝	tshòng-tshù
創啥	tshòng-siánn
創啥乜	tshòng-siánn-mih
創啥啦	tshòng-siánn-lah
創啥潲	tshòng-siánn-siâu
創啥物	tshòng-siánn-mi̍h
創啥貨	tshòng-siánn-huè
創垃圾	tshòng-lah-sap
創始人	tshòng-sí-jîn
創局	tshòng-kio̍k
創建	tshòng-kiàn
創意	tshòng-ì
創戇	tshòng-gōng
創新	tshòng-sin
創景	tshòng-kíng
創景人	tshòng-kíng-lâng
創業	tshòng-gia̍p
創歹	tshòng-pháinn
創治	tshòng-tī
創清楚	tshóng-tshing-tshó
創無好	tshòng-bô-hó
創空	tshòng-khang
創空球	tshòng-khang-kiû
創立	tshòng-li̍p
創耍個	tshòng-sńg-ê
創舉	tshòng-kí
創設	tshòng-siat
創辦	tshòng-pān
創辦人	tshòng-pān-jîn
創造	tshòng-tsō
創造出	tshòng-tsō-tshut
創造力	tshòng-tsō-li̍k
剷平	tshán-pîng
剷草	thuánn-tsháu
剷除	sán-tî
剸死	tsân-sí
剸殺	tsân-sat
剸臍	tńg-tsâi
剺一下	le̍h-tsi̍t-ē
剺花	le̍h-hue
剾仔	khau-á
剾刀	khau-to
剾喙鬚	khau-tshuì-tshiu
剾手銃	khau-tshiú-tshìng
剾洗	khau-sé
剾焦	khau-ta
剿滅	tsâu-bia̍t
劃一	uē-it
劃一不二	uē-it-put-lī
劃出	uē-tshut
劃分	uē-hun
劃定	uē-tīng
劃撥	i̍k-puat
劃時代	uē-sî-tāi
劃歸	uē-kui
劃法	uē-huat
劃清	uā-tshing
劃清界線	uē-tshing-kài-suànn
劃界	uē-kài
劃策	ui̍h/uē-tshik
劇中	ki̍k-tiong
劇作家	kio̍k-tsok-ka
劇團	ki̍k-thuân
劇場	ki̍k-tiûnn
劇情	ki̍k-tsîng
劇本	ki̍k-pún
劇毒	ki̍k-to̍k
劇烈	ki̍k-lia̍t
劇牙	kia̍k-gê
劇變	kia̍k-piàn
劇院	ki̍k-īnn
劉備	Lâu-Pī
劉寄奴	lâu-kià-lôo
劉永福	Lâu-Éng-hok
劉邦	Lâu-pang
劉銘傳	Lâu-Bîng-thuân
劊子手	kuè-tsú-tshiú
劌痧	kuè-sua
劍俠	kiàm-kiap
劍匣	kiàm-a̍h
劍束	kiàm-sok
劍橋	Kiàm-kiô
劍潭	Kiàm-thâm
劍脊	kiàm-tsit
劍英草	kiàm-ing-tsháu
劍蘭	kiàm-lân
劍道	kiàm-tō
劍靈	Kiàm-Lîng
劍鞘	kiàm-siò
劍魚	kiàm-hî
劍魟	kiàm-hang
劍鯊	kiàm-sua
力不從心	li̍k-put-tsiông-sim
力勸	li̍k-khǹg
力圖	li̍k-tôo
力士	li̍k-sū
力尾	la̍t-bué
力帝	la̍t-tè
力水	la̍t-tsuí
力求	li̍k-kiû
力爭	li̍k-tsing
力草	la̍t-tsháu
力行	li̍k-hîng
力調	li̍k-tiāu
力量	li̍k-liāng
力頭	la̍t-thâu
力魚	li̍k-hî
功不可沒	kong-put-khó-bu̍t
功利	kong-lī
功力	kong-li̍k
功勞	kong-lô
功勞錢	kong-lô-tsînn
功名	kong-bîng
功夫	kang-hu
功夫學倒巡	kang-hu-o̍h-tò-sûn
功夫底	kang-hu-té
功德	kong-tik
功效	kong-hāu
功率	kong-lu̍t
功用	kong-iōng
功績	kong-tsik
功能	kong-lîng
功臣	kong-sîn
功課	kong-khò
功過	kong-kò
加上	ka-siāng
加了工	ke-liáu-kang
加以	ka-í
加侖	ka-lûn
加倍	ka-puē
加值	ka-ta̍t
加偌	ke-juā
加入	ka-ji̍p
加入舊	ka-ji̍p-kū
加冠面	ka-kuan-bīn
加冷損	ka-líng-sún
加出來	ke-tshut-lâi
加加	Ke-ke
加加減減	ke-ke-kiám-kiám
加十	ka-tsa̍p
加卡	ke-khah
加印	ka-ìn
加句	ke-kù
加喙加舌	ke-tshuì-ke-tsi̍h
加嘴	ke-tshuì
加嘴舌	ke-tshuì-tsi̍h
加囉嗦	ke-lo-so
加圇	ka-nn̂g
加圇個	ka-nn̄g-ê
加圇吞	ka-nn̂g-thun
加壓	ka-ap
加大	ka-tuā
加好友	ka-hó-iú
加孔魚	ka-kháng-hî
加定	ka-tiānn
加害	ka-hāi
加密	ka-bi̍t
加少	ke-tsió
加少仔	ke-tsió-á
加工	ka-kang
加工區	ka-kang-khu
加工品	ka-kang-phín
加工廠	ka-kang-tshiúnn
加工業	ka-kang-gia̍p
加工費	ka-kang-huì
加布棉	ka-pòo-mî
加張	ka-tiunn
加強	ka-kiông
加快	ka-khuài
加惱的	ke-lóo-ê
加成	ka-sîng
加拿大	Ka-ná-tāi
加持	ka-tshî
加掛	ke-kuà
加插	ka-tshah
加收	ke-siu
加數	ka-sòo
加權	ka-kuân
加歇睏	ke-hioh-khùn
加歡喜	ke-huann-hí
加氣惱的	ke-khí-lóo-ê
加水	ke-tsuí
加油	ka-iû
加油添醋	ka-iû-thiam-tshòo
加油站	ka-iû-tsām
加法	ka-huat
加派	ka-phài
加深	ke-tshim
加添	ka-thiam
加減	ke-kiám
加減乘除	ke-kiám-sîng-tû
加減仔食	ke-kiám-á-tsia̍h
加減好	ke-kiám-hó
加減聽	ke-kiám-thiann
加減講	ke-kiám-kóng
加無閒	ke-bô-îng
加無閒的	ke-bô-îng-ê
加煩惱	ke-huân-ló
加熱	ka-jia̍t
加班	ka-pan
加現實	ke-hiān-si̍t
加用	ke-iōng
加的字	ke-ê-jī
加盟	ka-bîng
加真好	ke-tsin-hó
加真貴	ke-tsin-kuì
加破埔	ka-phuà-poo
加穿衫	ke-tshīng-sann
加答兒	ka-tap-jî
加簽	ka-tshiam
加給	ka-kip
加網	ka-bóng
加緊	ka-kín
加苦氣	ke-khóo-khì
加菜	ka-tshài
加菜金	ka-tshài-kim
加薦仔	ka-tsì-á
加薪	ka-sin
加蚋仔	Ka-la̍h-á
加蚋吧	ka-lâ-pa
加補	ke-póo
加註	ke-tsù
加話	ke-uē
加話莫講	ke-uē-mài-kóng
加誣	ka-bû
加謗	ke-pòng
加講話	ke-kóng-uē
加護	ka-hōo
加護病房	ka-hōo-pēnn-pâng
加貝	ka-pue
加起來	ka-khí-lâi
加車股	ka-tshia-kóo
加轆	ka-lak
加退選	ka-thè-suán
加速	ka-sok
加速度	ka-sok-tōo
加里	Ka-lí
加重	ke-tāng
加長	ka-tn̂g
加長個	ke-tiông-ê
加閣	ke-koh
加陰	ka-iam
加陰寒	ka-iam-kuânn
加額	ke-gia̍h
加高	ka-kuân
加鵻	Ka-tsui
劣勢	lua̍t-sì
助力	tsōo-li̍k
助動詞	tsōo-tōng-sû
助學金	tsōo-ha̍k-kim
助手	tsōo-tshiú
助教	tsōo-kàu
助曝	tsōo-pha̍k
助理	tsōo-lí
助理員	tsōo-lí-uân
助產士	tsōo-sán-sū
助益	tsōo-ik
助聽器	tsōo-thiann-khì
助膽	tsōo-tánn
助詞	tsōo-sû
助贊	tsōo-tsàn
助長	tsōo-tióng
助陣	tsōo-tīn
努力	lóo-li̍k
努氣	lóo-khì
劫匪	kiap-huí
劫富濟貧	kiap-hù-tsè-pîn
劫持	kiap-tshî
劫掠	kiap-lia̍h
劫數	kiap-sòo
劫棺	kiap-kuan
劫棺的	kiap-kuan-ê
劫機	kiap-ki
劫監	kiap-kann
劫難	kiap-lān
勁來勁去	kīng-lâi-kīng-khì
勁敵	kìng-ti̍k
勁旅	kìng-lí
勁風	kìng-hong
勃勃	pu̍t-pu̍t
勃然	pu̍t-jiân
勃牙利	Pu̍t-gâ-lī
勇俠	ióng-kiap
勇健	ióng-kiānn
勇勇馬縛佇將軍柱	ióng-ióng-bé-pa̍k-tī-tsiong-kun-thiāu
勇固	ióng-kòo
勇士	ióng-sū
勇壯	ióng-tsòng
勇往直前	ióng-óng-ti̍t-tsiân
勇掔掔	ióng-khiàn-khiàn
勇敢	ióng-kám
勇於	ióng-î
勇桀桀	ióng-khia̍t-khia̍t
勇氣	ióng-khì
勇猛	ióng-bíng
勇身	ióng-sin
勇身命	ióng-sin-miā
勇龍龍	ióng-lîng-lîng
勉力	bián-li̍k
勉勵	bián-lē
勉強	bián-kióng
勉為其難	bián-uî-kî-lân
勍仔	khiang-á
勒令	li̍k-līng
勒痕	li̍k-hûn
勒目眉	li̍k-ba̍k-bâi
勒索	lik-sik
勒贖	li̍k-sio̍k
勒馬	li̍k-bé
勒馬索	li̍k-bé-soh
動亂	tōng-luān
動人	tōng-jîn
動作	tōng-tsok
動兵	tōng-ping
動刀兵	tōng-to-ping
動力	tōng-li̍k
動力學	tōng-li̍k-ha̍k
動力火車	Tōng-li̍k-hué-tshia
動力鐵枝仔路	tōng-li̍k-thih-ki-á-lōo
動名詞	tōng-bîng-sû
動向	tōng-hiòng
動員	tōng-uân
動員令	tōng-uân-līng
動土	tāng-thóo
動天覆地	tāng-thinn-hok-tē
動容	tōng-iông
動工	tāng-kang
動干戈	tōng-kan-ko
動心	tōng-sim
動情	tōng-tsîng
動態	tōng-thài
動手	tâng-tshiú
動手動腳	tāng-tshiú-tāng-kha
動手術	tang-tshiú-su̍t
動拳頭	tāng-kûn-thâu
動拳頭母	tāng-kûn-thâu-bó
動搖	tōng-iâu
動植物	tōng-si̍t-bu̍t
動機	tōng-ki
動武	tâng-bú
動漫	tōng-bān
動火	tōng-hué
動物	tōng-bu̍t
動物伴	tōng-bu̍t-phuānn
動物園	tōng-bu̍t-hn̂g
動物學	tōng-bu̍t-ha̍k
動物性膠質	tōng-bu̍t-sìng-ka-tsit
動物標本	tōng-bu̍t-phiau-pún
動物界	tōng-bu̍t-kài
動產	tōng-sán
動用	tōng-iōng
動畫	tōng-uē
動盪	tōng-tōng
動筆	tāng-pit
動粗法	tāng-tshoo-huat
動胎神	tāng-thai-sîn
動能	tōng-lîng
動脈	tōng-me̍h
動脈硬化	tōng-me̍h-ngē-huà
動腳手	tāng-kha-tshiú
動著	tāng-tio̍h
動詞	tōng-sû
動議	tōng-gī
動身	tōng-sin
動車	tōng-tshia
動輦車	tōng-lián-tshia
動輪車	tōng-lián-tshia
動量	tōng-liōng
動鏈車	tōng-lián-tshia
動霆	tōng-tân
動靜	tōng-tsīng
動黏沙	tōng-liâm-sua
動鼓樂	tāng-kóo-ga̍k
勘印仔	khàm-ìn-á
勘土	khàm-thôo
勘察	khàm-tshat
勘查	khàm-tsa
勘查人員	khàm-tsa-jîn-uân
勘步	khàm-pōo
勘測	khàm-tshik
勘雨	khàm-hōo
勘驗	khàm-giām
務實	bū-si̍t
務本	bū-pún
務求	bū-kiû
勝任	sìng-jīm
勝利	sìng-lī
勝利者	sìng-lī-tsiá
勝券	sìng-kǹg
勝地	sìng-tē
勝景	sìng-kíng
勝算	sìng-suàn
勝訴	sìng-sòo
勞作	lô-tsok
勞保	lô-pó
勞保局	lô-pó-kio̍k
勞力	lô-li̍k
勞力士	Lô-li̍k-sū
勞動	lô-tōng
勞動力	lô-tōng-li̍k
勞動基準法	Lô-tōng-ki-tsún-huat
勞動檢查	lô-tōng-kiám-tsa
勞務	lô-bū
勞基法	lô-ki-huat
勞工	lô-kang
勞役	lô-ia̍h
勞心	lô-sim
勞方	lô-hong
勞業	lô-gia̍p
勞民	lô-bîn
勞煩	lô-huân
勞碌	lô-lo̍k
勞碌命	lô-lo̍k-miā
勞神	lô-sîn
勞累	lô-li̍k
勞苦	lô-khóo
勞資	lô-tsu
勞軍	lô-kun
勞里散	Lô-lí-sán
勞駕	lô-kà
募得	bōo-tit
募捐	bōo-kuan
募款	bōo-khuán
募集	bōo-tsi̍p
勢位字	sè-uī-jī
勢力	sì-li̍k
勢在必得	sì-tsāi-pit-tit
勢在必行	sì-tsāi-pit-hîng
勢將	sì-tsiòng
勢所難免	sì-sóo-lān-bián
勢故	sì-kòo
勢面	sì-bīn
勢頭	sì-thâu
勤儉	khîn-khiām
勤勉	khîn-bián
勤務	khîn-bū
勤務兵	khîn-bū-ping
勤奮	khîn-hùn
勤學	khîn-ha̍k
勤快	khîn-khuài
勤練	khîn-liān
勤苦	khîn-khóo
勤讀	khîn-tha̍k
勥查某	khiàng-tsa-bóo
勥跤查某	khiàng-kha-tsa-bóo
勳章	hun-tsiong
勵志	lē-tsì
勸世	khǹg-sè
勸世宗親會	khuán-sè-tsong-tshin-huē
勸世文	khuàn-sè-bûn
勸募	khuàn-bōo
勸勸	khuàn-khǹg
勸化	khuàn-huà
勸告	khuàn-kò
勸和	khǹg-hô
勸善	khǹg-siān
勸業	khuàn-gia̍p
勸煞	khǹg-suah
勸解	khuàn-kái
勸誘	khuàn-iú
勺仔	sia̍h-á
勻仔	ûn-á
勻仔是	ûn-á-sī
勻仔行	ûn-á-kiânn
勻位字	ûn-uī-jī
勻勻	ûn-ûn
勻勻仔	ûn-ûn-á
勻勻仔來	ûn-ûn-á-lâi
勻勻仔是	ûn-ûn-á-sī
勻勻仔行	ûn-ûn-á-kiânn
勻街	ûn-ke
勼之溜	kiu-tsi-liù
勼勼	kiu-kiu
勼勼凹凹	kiu-kiu-neh-neh
勼勼狹狹	kiu-kiu-kue̍h-kue̍h
勼去	kiu-khì
勼手	kiu-tshiú
勼水	kiu-tsuí
勼燒	kiu-sio
勼狹	kiu-kue̍h
勼短	kiu-té
勼筋	kiù-kin
勼細	kiu-sè
勼絞痛	kiù-ká-thiànn
勼腳	kiu-kha
勼腳站	kiu-kha-tiàm
勼腳筋	kiù-kha-kin
勼退	kiu-thè
勼鼻	kiù-phīnn
勾引	kau-ín
勾當	kau-tang
勾目尾	kau-ba̍k-bué
勾結	kau-kiat
勾起	kau-khí
勾起來	kau-khí-lâi
包仔	pau-á
包仔囝	pau-á-kiánn
包仔嬰	pau-á-inn
包仔款款咧緊來旋	pau-á-khuán-khuán-leh-kín-lâi-suan
包仔鞋	pau-á-ê
包伙食	pau-hué-si̍t
包保	pau-pó
包傷布	pau-siong-pòo
包公	pau-kong
包冊紙	pau-tsheh-tsuá
包包	pau-pau
包含	pau-hâm
包商	pau-siong
包圍	pau-uî
包墘	pau-kînn
包容	pau-iông
包封	pau-hong
包尿帕仔	pau-jiō-phè-á
包山包海	pau-suann-pau-hái
包工	pau-kang
包帶	pau-tuà
包庇	pau-pì
包廂	pau-siunn
包心白仔	pau-sim-pe̍h-á
包抄	pau-tshau
包括	pau-kuat
包換	pau-uānn
包攬	pau-lám
包攬尾	pau-lám-bué
包月	pau-gue̍h
包機	pau-ki
包死	pau-sí
包水餃	pau-tshuí-kiáu
包決	pau-kuat
包涵	pau-hâm
包用	pau-iōng
包療	pau-liâu
包的	pau-ê
包皮	pau-phuê
包皮紙	pau-phuê-tsuá
包種茶	pau-tsióng-tê
包穡頭	pau-sit-thâu
包穩	pau-ún
包紙	pau-tsuá
包紮	pau-tsat
包羅萬象	pau-lô-bān-siōng
包脣	bau-tûn
包腹	pau-pak
包船	pau-tsûn
包莖	pau-king
包葉蟲	pau-hio̍h-thâng
包蓑	pau-sui
包袱	pau-ho̍k
包裝	pau-tsong
包裝紙	pau-tsong-tsuá
包裹	pau-kó
包贏	pau-iânn
包起來	pau-khí-lâi
包車	pau-tshia
包輸	pau-su
包辦	pau-pān
包醫	pau-i
包銷	pau-siau
包面皮	pau-bīn-phuê/phê
包領	pau-niá
包頭	pau-thâu
包頭巾	pau-thâu-kin
包頭白	pau-thâu-pe̍h
包食穿	pau-tsia̍h-tshīng
包飯	pau-pn̄g
包飼	pau-tshī
包養	pau-ióng
包餡	pau-ānn
包餡都無夠	pau-ānn-to-bô-kàu
包𡳞	pau-lān
匆促	tshong-tshiok
匈奴	hiong-lôo
匈牙利	Hiong-gê-lī
匊首仔	kiuh-siù-á
匏仔	pû-á
匏仔寮	Pû-á-liâu
匏桸	pû-hia
匕首	pí-siú
化人	huà-lâng
化化	huà-huà
化合物	huà-ha̍p-bu̍t
化名	huà-miâ
化妝	huà-tsong
化妝品	huà-tsong-phín
化妝水	huà-tsong-tsuí
化妝間	huà-tsong-king
化學工程	huà-ha̍k-kang-tîng
化工	huà-kang
化工業	huà-kang-gia̍p
化整為零	huà-tsíng-uî-lîng
化景	huà-kíng
化石	huà-tsio̍h
化石樹	uà-tsio̍h-tshiū
化石草	huà-tsio̍h-tsháu
化礐	huà-ha̍k
化糞池	huà-hùn-tî
化緣	huà-iân
化裝	huà-tsong
化裝油	huà-tsong-iû
化解	huà-kái
化身	huà-sin
化驗	huà-giām
北上	pak-siāng
北五堵	Pak-gōo-tóo
北京大學	Pak-kiann-tāi-ha̍k
北京話	Pak-kiann-uē
北京語	pak-kiann-gí
北京鴨	Pak-kiann-ah
北仔	pak-á
北仔癖	pak-á-phiah
北仔話	Pak-á-uē
北仔餅	pak-á-piánn
北伐	pak-hua̍h
北侖	Pak-lûn
北勢	pak-sì
北區	pak-khu
北半球	pak-puànn-kiû
北城	Pak-siânn
北埔	Pak-poo
北大	Pak-tāi
北大西洋	Pak-tuā-se-iûnn
北宜	Pak-gî
北岸	pak-huānn
北市	Pak-tshī
北帶	pak-tài
北平	Pak-pîng
北成	Pak-sîng
北投	Pak-tâu
北投區	Pak-tâu-khu
北斗	Pak-táu
北斗星	pak-táu-tshenn
北方	pak-hong
北旁	pak-pîng
北極	Pak-ki̍k
北歐	Pak-au
北海	Pak-hái
北海岸	pak-hái-huānn
北海道	Pak-hái-tō
北港	Pak-káng
北港溪	Pak-káng-khe
北溫帶	pak-un-tài
北爿	pak-pîng
北管	pak-kuán
北管戲	pak-kuán-hì
北約	Pak-iok
北絲鬮	Pak-si-khau
北絲鬮部落	Pak-si-khau-pōo-lo̍k
北緯	pak-huī
北縣	Pak-kuān
北美	Pak-bí
北美洲	Pak-bí-tsiu
北蔥	pak-tshang
北迴歸線	Pak-huê-kui-suànn
北部	pak-pōo
北醫	Pak-i
北門	Pak-mn̂g
北門嶼	Pak-mn̂g-sū
北非	Pak-hui
北面	pak-bīn
北韓	Pak-Hân
北頂	pak-tíng
北頂人	pak-tíng-lâng
北頂話	pak-tíng-uē
北風	pak-hong
北馬	pak-bé
北鴨	pak-ah
北鷂	pak-iāu
北鼓	piak-kóo
匙仔	sî-á
匙仔糖	sî-á-thn̂g
匠心	tshiūnn-sim
匡列	khong-lia̍t
匡正	khong-tsìng
匣仔	a̍h-á
匪徒	huí-tôo
匪諜	huí-tia̍p
匪類	huí-luī
匯兌	huê-tuī
匯出	huē-tshut
匯單	huē-tuann
匯報	huê-pò
匯整	huē-tsíng
匯款	huē-khuán
匯水	huē-tsuí
匯流	huē-lâu
匯流排	huē-liû-pâi
匯率	huê-lu̍t
匯票	huē-phiò
匯豐銀行	huê-hong-gîn-hîng
匯費	huê-huì
匯錢	huē-tsînn
匯集	huê-tsi̍p
匹偶	phit-ngóo
匹夫之勇	phit-hu-tsi-ióng
匹敵	phit-ti̍k
匹配	phit-phuè
匹配矣	phit-phuè-ah
匹頭	phit-thâu
匼桮	khap-pue
匾額	pián-gia̍h
匿名	li̍k-miâ
區公所	khu-kong-sóo
區分	khu-hun
區別	khu-pia̍t
區別字	khu-pia̍t-jī
區別部	khu-pia̍t-pōo
區劃	khu-i̍k
區區	khu-khu
區域	khu-hi̍k
區域性	khu-hi̍k-sìng
區塊鏈	khu-tè-liān
區段	khu-tuānn
區長	khu-tiúnn
區間	khu-kan
區間車	khu-kan-tshia
區隔	khu-keh
十一叔	tsa̍p-it-tsik
十一哥	tsa̍p-it-ko
十一哥仔	tsa̍p-it-ko-á
十一指	tsa̍p-it-tsáinn
十一號仔	tsa̍p-it-hō-á
十三天外	tsa̍p-sann-thinn-guā
十三行	Tsa̍p-sann-hâng
十三點	tsa̍p-sann-tiám
十二月冬	tsa̍p-lī-gue̍h-tang
十二紅	tsa̍p-jī-âng
十二點摃十二下	tsa̍p-jī-tiám-kòng-tsa̍p-jī-ē
十做九不成	tsa̍p-tsò-káu-put-sîng
十全	tsa̍p-tsn̂g
十全十美	si̍p-tsuân-si̍p-bí
十全大補	si̍p-tsuân-tāi-póo
十八仔	si̍p-pat-á
十八殿	tsa̍p-peh-tiān
十八狗	si̍p-pat-káu
十分	tsa̍p-hūn
十分佔九分九	tsa̍p-hun-tsiàm-káu-hun-káu
十分的	tsa̍p-hun-ê
十喙九尻川	tsa̍p-tshuì-káu-kha-tshng
十喙九頭面	tsa̍p-tshuì-káu-thâu-bīn
十四張	Tsa̍p-sì-tiunn
十四逝詩	tsa̍p-sì-tsuā-si
十大功勞	tsa̍p-tuā-kong-lô
十字互	si̍p-jī-hòo
十字扯	si̍p-jī-tshé
十字架	si̍p-jī-kè
十字語	si̍p-jī-gí
十字路	si̍p-jī-lōo
十字路頭	si̍p-jī-lōo-thâu
十字軍	Si̍p-jī-kun
十成金	tsa̍p-siânn-kim
十成銀	tsa̍p-siânn-gîn
十扳仔	si̍p-pán-á
十指有長短	tsa̍p-tsáinn-ū-tn̂g-té
十指迵心肝	tsa̍p-tsáinn-thàng-sim-kuann
十月冬	tsa̍p-gue̍h-tang
十月液	tsa̍p-gue̍h-sio̍h
十桱床	tsa̍p-kènn-tshn̂g
十條誡	tsa̍p-tiâu-kài
十樣錦	tsa̍p-iūnn-kím
十穀米	si̍p-kok-bí
十箍	tsa̍p-khoo
十虎利	tsa̍p-hóo-lāi
十足	tsa̍p-tsiok
十跤五手	tsa̍p-kha-gōo-tshiú
十路全	tsa̍p-lōo-tsn̂g
十里香	tsa̍p-lí-hiang
十限九無影	tsa̍p-ān-káu-bô-iánn
十鼓仁糖文創園區	Si̍p-kóo-Jîn-thn̂g-Bûn-tshòng-Uân-khu
十齊五全	tsa̍p-tsê-gōo-tsuân
千不幸	tshian-put-hīng
千人共見	tshian-jîn-kiōng-kiàn
千刀萬割	tshian-to-bān-kuah
千古	tshian-kóo
千家貨	tshian-ka-huè
千家路	tshian-ka-lōo
千富萬爛	tshian-pù-bān-nuā
千層剝	tshian-tsân-pak
千層皮	tshian-tîng-phuê
千年桐	tshian-nî-tông
千思萬想	tshian-su-bān-sióng
千抵千	tshian-tú-tshian
千拄千	tshian-tú-tshian
千斤力	tshian-kin-la̍t
千斤拔	tshian-kin-pua̍t
千斤秤	tshian-kin-tshìn
千斤草	tshian-kin-tsháu
千日紅	tshian-ji̍t-hông
千本櫻	tshian-pún-ing
千歲蘭	tshian-suè-lân
千燭	tshian-tsik
千瘡百孔	tshian-tshng-pik-khóng
千真萬確	tshian-tsin-bān-khak
千票	tshing-phiò
千篇一律	tshian-phian-it-lu̍t
千萬	tshian-bān
千萬不可	tshian-bān-put-khó
千萬富翁	tshian-bān-hù-ong
千葉	Tshian-ia̍p
千葉縣	Tshian-ia̍p-kuān
千言萬語	tshian-giân-bān-gí
千赫	tshian-hik
千辛萬苦	tshian-sin-bān-khóo
千里光	tshian-lí-kng
千里彪	tshian-lí-piu
千里急	tshian-lí-kip
千里鏡	tshian-lí-kiànn
千里馬	tshian-lí-bé
千里駒	tshian-lí-khu
千金	tshian-kim
千鎂	tshing-bí
千頭萬緒	tshian-thâu-bān-sū
卅九日烏	siap-káu-li̍t-oo
升值	sing-ta̍t
升學	sing-ha̍k
升學主義	sing-ha̍k-tsú-gī
升官	sing-kuann
升旗	sing-kî
升旗典禮	sing-kî-tián-lé
升旗台	sing-kî-tâi
升格	sing-keh
升空	sing-khong
升等考試	sing-tíng-khó-tshì
升級	sing-kip
升聲	tsin-siann
升起	sing-khí
升遷	sing-tshian
升降	sing-kàng
升降機	sing-kàng-ki
升高	sing-ko
午仔魚	ngóo-á-hî
午休	ngóo-hiu
午夜	ngóo-iā
午安	�ngóo-an
午時	gōo-sî
午時正	gōo-sî-tsiànn
午時花	gōo-sî-hue
午時蓮	ngóo-sî-liân
午線	ngóo-suànn
午間	ngóo-kan
午餐	gōo-tshan
半䖙死	puànn-the-sí
半丁	puàn-ting
半上仔	puànn-tsiūnn-á
半上路下	puànn-tsiūnn-lōo-ē
半上路站	puànn-tsiūnn-lōo-tsām
半世人	puànn-sì-lâng
半世代人	puànn-sì-tāi-lâng
半中剸	puànn-tiong-tn̂g
半中央	puànn-tiong-ng
半中欄	puànn-tiong-nuâ
半中段	puànn-tiong-tn̂g
半中站	puànn-tiong-tsām
半中而剸	puànn-tiong-lî-tn̂g
半中腰	puànn-tiong-io
半中途	puànn-tiong-tôo
半仙	puàn-sian
半仿仔	puànn-hóng-á
半信半疑	puànn-sìn-puànn-gî
半信疑	puànn-sìn-gî
半個月	puànn-kóo-gue̍h
半倒水	puànn-tó-tsuí
半價	puànn-kè
半公母仔	puànn-kang-bó-á
半冬	puànn-tang
半凋	puànn-ta
半剸	puànn-tn̂g
半剸歇	puànn-tn̂g-hioh
半叮噹	puànn-thīn-thōng
半吊	puànn-tiàu
半吞吐	puànn-thun-thòo
半命	puànn-miā
半囝	puànn-kiánn
半圓	puànn-înn
半坐椅	puànn-tsē-í
半坪	puànn-phiânn
半夏	puàn-hā
半天	puànn-thinn
半天仔	puànn-thinn-á
半天雷	puàn-thian-luî
半天飛	puàn-thian-hui
半天鳥	puànn-thinn-tsiáu
半奸忠	puànn-kan-tiong
半子	puàn-tsú
半季考	puànn-kuì-khó
半導體	puànn-tō-thé
半小死	puànn-sió-sí
半山	puànn-suann
半山仔	puànn-suann-á
半山肚	puànn-suann-tóo
半山腰	puànn-suann-io
半島	puàn-tó
半崁	puànn-khàm
半嶺	puànn-niá
半工	puànn-kang
半年紅	puànn-nî-âng
半強欲	puànn-kiâng-bueh
半徑	puànn-kìng
半心適	puànn-sim-sik
半憨	puànn-khám
半戇定	puànn-gōng-tiānn
半打	puànn-tánn
半挨推	puànn-e-the
半掩是兩	puànn-am-sī-nn̄g
半攬浮	puànn-lám-phû
半支蓮	puànn-ki-liân
半數	puànn-sòo
半斤八兩	puànn-kin-peh-niú
半新	puànn-sin
半新舊	puànn-sin-kū
半旁	puànn-pîng
半旁天	puànn-pîng-thinn
半旗	puàn-kî
半日	puànn-ji̍t
半明半暗	puànn-bîng-puànn-àm
半晝仔	puànn-tàu-á
半晡	puànn-poo
半暝	puànn-mê
半暝仔	puànn-mê-á
半暝半	puànn-mê-puànn
半暝後	puànn-mê-āu
半暝月	puànn-mê-gue̍h
半月日	puànn-gue̍h-li̍t
半枝蓮	puànn-ki-liân
半桶司	puànn-tháng-sai
半桶屎	puànn-tháng-sái
半桶師	puànn-tháng-sai
半桶水	puànn-tháng-tsuí
半桶靴	puànn-tháng-hia
半條命	puànn-tiâu-miā
半條氣	puànn-tiâu-khuì
半樓	puànn-lâu
半樓仔	puànn-lâu-á
半橛	puànn-kue̍h
半歁	puànn-khám
半死	puànn-sí
半沉浮	puànn-tîm-phû
半浮沉	puànn-phû-tîm
半減期	puànn-kiám-kî
半澹凋	puànn-tâm-ta
半烏白	puànn-oo-pe̍h
半熟	puànn-si̍k
半熟卵	puànn-si̍k-nn̄g
半燒冷	puànn-sio-líng
半燒冷水	puànn-sio-líng-tsuí
半爿	puànn-pîng
半爿天	puànn-pîng-thinn
半爿魚	puànn-pîng-hî
半牆仔	puànn-tshiûnn-á
半球	puànn-kiû
半生	puàn-sing
半生拉熟	puànn-tshenn-bīn-si̍k
半生殽	puànn-tshenn-hâunn
半生熟	puànn-tshenn-sik
半產	puànn-sán
半男陽	puànn-lâm-iûnn
半番	puànn-huan
半病	puàn-pēnn
半痟	puànn-siáu
半癲戇	puànn-tian-gōng
半白	puànn-pe̍h
半百	puànn-pah
半目開瞎	puànn-ba̍k-khui-khueh
半睏醒	puànn-khùn-tshénn
半硬軟	puànn-ngē-nńg
半票	puànn-phiò
半站	puànn-tsām
半節	puànn-tsat
半簸箕	puànn-puà-ki
半簾懸	puànn-lâm-hânn
半籠是兩	puànn-lam-sī-nn̄g
半籠浮	puànn-lám-phû
半籠米	puànn-láng-bí
半精戇	puànn-tsing-gōng
半精白	puà-tsiann-pe̍h
半精肉	puànn-tsiann-bah
半精肥	puànn-tsiann-puî
半絲	puànn-si
半老少	puànn-lāu-siàu
半老老	puànn-ló-lāu
半耍笑	puànn-sńg-tshiò
半聲半	puànn-siann-puànn
半腰	puànn-io
半舊	puànn-kū
半舊相	puànn-kū-siùnn
半舊落	puànn-kū-lo̍h
半舊落仔	puànn-kū-lo̍h-á
半草楷	puànn-tshó-khái
半行走	puànn-kiânn-tsáu
半謽軟	puànn-kiūnn-nńg
半買半送	puànn-bē-puànn-sàng
半赤白	puànn-tshiah-pe̍h
半赤肉	puànn-tshiah-bah
半赤肥	puànn-tshiah-puî
半跪	puànn-kuī
半路	puànn-lōo
半路司	puànn-lōo-sai
半路師	puànn-lōo-sai
半路折扁擔	puànn-lōo-tsi̍h-pùn-tann
半路死	puànn-lōo-sí
半路站	puànn-lōo-tsām
半身	puànn-sin
半身不遂	puàn-sin-put-suī
半身像	puànn-sin-siōng
半躺倒	puànn-thenn-tó
半載	puànn-tsài
半途	puànn-tôo
半途而廢	puànn-tôo-jî-huì
半遂	piàn-suī
半邊蓮	puànn-pinn-liân
半醉	puànn-tsuì
半醒半睏	puànn-tshénn-puànn-khùn
半醒眠	puànn-tshénn-bîn
半長短	puànn-tn̂g-té
半陰陽	puànn-iam-iûnn
半面	puànn-bīn
半面相識	puànn-bīn-siong-sik
半靴	puànn-hia
半響仔	puànn-hiáng-á
半頭生	puànn-thâu-tshenn
半頭青	puànn-thâu-tshenn
半頭風	puànn-thâu-hong
半食餓	puànn-tsia̍h-gō
半飽	puànn-pá
半點鐘	puànn-tiám-tsing
半𨑨迌	puànn-thit-thô
卑下	pi-hā
卑南	Pi-lâm
卑微	pi-bî
卑賤	pi-tsiān
卑鄙	pi-phí
卒仔	tsut-á
卒業	tsut-gia̍p
卓榮泰	Toh-Îng-thài
卓溪	Toh-khe
卓蘭	Toh-lân
卓鯤	toh-khun
協作	hia̍p-tsok
協作會議	hia̍p-tsok-huē-gī
協力	hia̍p-li̍k
協助	hia̍p-tsōo
協同	hia̍p-tông
協和	hia̍p-hô
協商	hia̍p-siong
協奏	hia̍p-tsàu
協奏曲	hia̍p-tsàu-khik
協定	hia̍p-tīng
協心	hia̍p-sim
協會	hia̍p-huē
協理	hia̍p-lí
協約	hia̍p-iok
協調	hia̍p-tiau
協談	hia̍p-tâm
協議	hia̍p-gī
協辦	hia̍p-pān
南下	lâm-hā
南亞	Lâm-a
南京	Lâm-kiann
南京三民	Lâm-kiann-Sam-bîn
南京東路	Lâm-kiann-tang-lōo
南側	lâm-tshik
南勢	lâm-sì
南北	lâm-pak
南北交	lâm-pak-kau
南北貨	lâm-pak-huè
南區	lâm-khu
南台	Lâm-tâi
南安	Lâm-uann
南屯	Lâm-tūn
南山	Lâm-suann
南山人壽	Lâm-san-jîn-siū
南島語系	Lâm-tó-gí-hē
南崁	Lâm-khàm
南庄	Lâm-tsng
南投	Lâm-tâu
南投市	Lâm-tâu-tshī
南投楠	lâm-tâu-lâm
南投縣	Lâm-tâu-kuān
南斯拉夫	Lâm-su-lá-hu
南方	lâm-hong
南方公園	Lâm-hong-Kong-hn̂g
南方四島	lâm-hong-sù-tó
南方澳	Lâm-hong-ò
南方澳仔	Lâm-hong-ò-á
南旁	lâm-pîng
南昌	Lâm-tshiong
南極	lâm-ki̍k
南極洲	Lâm-ki̍k-tsiu
南橫	Lâm-huâinn
南橫公路	lâm-huâinn-kong-lōo
南洋	lâm-iûnn
南洋仔	lâm-iûnn/iônn-á
南洋杉	lâm-iûnn-sam
南洋群島	Lâm-iûnn-kûn-tó
南洋𩸙仔	lâm-iûnn/iônn-tāi-á
南海	Lâm-hái
南港	Lâm-káng
南港區	Lâm-káng-khu
南港展覽館	Lâm-káng-Tián-lám-kuán
南湖	Lâm-ôo
南潯	Lâm-sîm
南澳	Lâm-ò
南澳柑	lâm-ò-kam
南瀛	Lâm-îng
南瀛天文館	Lâm-îng-Thian-bûn-kuán
南爿	lâm-pîng
南端	lâm-tuan
南竹	lâm-tik
南竿	Lâm-kan
南竿塘	Lâm-kan-tn̂g
南管	lâm-kuán
南緯	lâm-uī
南美	Lâm-bí
南美洲	Lâm-bí-tsiu
南茶	lâm-tê
南蒙古	Lâm-bông-kóo
南蛇	lâm-tsuâ
南蠻辛	lâm-bân-sin
南路鷹	lâm-lōo-ing
南迴歸線	lâm-huê-kui-suànn
南迴鐵路	lâm-huê-thih-lōo
南部	lâm-pōo
南部人	lâm-pōo-lâng
南門	Lâm-mn̂g
南開	Lâm-khai
南陽	Lâm-iông
南非	Lâm-hui
南面	lâm-bīn
南韓	Lâm-Hân
南風	lâm-hong
南風天	lâm-hong-thinn
南風戇	lâm-hong-gōng
南風草	lâm-hong-tsháu
博儌	pua̍h-kiáu
博儌仙	pua̍h-kiáu-sian
博儌漢	pua̍h-kiáu-hàn
博儌腳	pua̍h-kiáu-kha
博取	phok-tshú
博士	phok-sū
博士博	phok-sū-phok
博士班	phok-sū-pan
博大儌	pua̍h-tuā-kiáu
博孑	phok-kiat
博字運	poh-jī-ūn
博學	phok-ha̍k
博定	phoh-tiānn
博性命	pua̍h-sènn-miā
博愛	phok-ài
博歹儌	pua̍h-pháinn-kiáu
博物	phok-bu̍t
博物館	phok-bu̍t-kuán
博聞	phok-bûn
博路儌	pua̍h-lōo-kiáu
博雅	phok-ngá
博面	poh-bīn
卜卦	pok-kuà
卜卦先	pok-kuà-sian
占仔米	tsiam-á-bí
占仔粟	tsiam-á-tshik
占仔角仔	tsiam-á-kak-á
占便宜	tsiàm-pân-gî
占找	tsiam-tsāu
占煞	tsiàm-suah
占買加	Tsiam-mái-ka
占買甲	Tsiam-mái-kah
占買角	Tsiam-mái-kak
卡丁車	khá-ting-tshia
卡咪龜	Khah-mi-ku
卡帶	khah-tuà
卡式	khá-sik
卡斯	khah-suh
卡比獸	Khah-pí-siù
卡片	khah-phìnn
卡賓銃	khà-pin-tshìng
卡車	khah-tshia
卡通	khah-thong
卡達	khah-ta̍t
卡門	Khah-mn̂g
卡關	kha̍h-kuan
卯名	báu-miâ
卯嘴	máu-tshuì
卯嘴的	mauh-tshuì-ê
卯死矣	báu-sí-ah
卯目	báu-ba̍k
卯落去	mauh-lo̍h-khì
卯著	báu-tio̍h
卯齒	máu-khí
印仔	ìn-á
印信	ìn-sìn
印冊	ìn-tsheh
印出	ìn-tshut
印刷	ìn-suat
印刷品	ìn-suat-phín
印刷廠	ìn-suat-tshiúnn
印刷機	ìn-suat-ki
印地安	Ìn-tē-an
印堂	ìn-tông
印字機	ìn-jī-ki
印尼	Ìn-nî
印工	ìn-kang
印度	Ìn-tōo
印度尼西亞	Ìn-tōo-nî-se-a
印度洋	Ìn-tōo-iûnn
印度綢	ìn-tōo-tiû
印戳	ìn-tsho̍p
印本	ìn-pún
印染	ìn-ní
印模	ìn-bôo
印版	ìn-pán
印版店	ìn-pán-tiàm
印發	ìn-huat
印章	ìn-tsiong
印第安	Ìn-tē-an
印臺	ìn-tâi
印色	ìn-sik
印色盒	ìn-sik-a̍h
印花	ìn-hue
印花票	ìn-hue-phiò
印花稅	ìn-hue-suè
印行	ìn-hîng
印表機	ìn-pió-ki
印證	ìn-tsìng
印象	ìn-siōng
印金	ìn-kim
印鑑	ìn-kàm
印魚	ìn-hî
危及	guî-ki̍p
危害	guî-hāi
危急	guî-kip
危樓	guî-lâu
危機	guî-ki
危險	guî-hiám
危難	guî-lān
即位	tsik-uī
即使	tsik-sú
即個	tsiah-ê
即刻	tsik-khik
即可	tsik-khó
即告	tsik-kò
即呢	tsiah-ní
即呢仔大	tsiah-ní-á-tuā
即席	tsik-si̍k
即日	tsik-ji̍t
即時	tsik-sî
即時死	tsik-sî-sí
即時通	tsik-sî-thong
即為	tsik-uî
即興	tsit-hìng
即霎	tsit-tia̍p
卵仁	nn̄g-jîn
卵仁酥	nn̄g-jîn-soo
卵仁醬	nn̄g-jîn-tsiùnn
卵仔	nn̄g-á
卵包	nn̄g-pau
卵包飯	nn̄g-pau-pn̄g
卵塊	nn̄g-tè
卵塔	nn̄g-thah
卵子	nn̄g-tsú
卵孵仔	nn̄g-pū-á
卵尾仔	nn̄g-bué-á
卵巢	nn̄g-tsâu
卵抐仔	nn̄g-lā-á
卵有形	nn̄g-ū-hîng
卵殼	nn̄g-khak
卵清	nn̄g-tshing
卵湯	nn̄g-thng
卵炒飯	nn̄g-tshá-pn̄g
卵煎餅	nn̄g-tsian-piánn
卵燥	nn̄g-sò
卵珠	nn̄g-tsu
卵白	nn̄g-pe̍h
卵白質	nn̄g-peh-tsit
卵端	nn̄g-tuann
卵粉	nn̄g-hún
卵細胞	nn̄g-sè-pau
卵絲	nn̄g-si
卵蛋	nn̄g-tuann
卵餅煎	nn̄g-piánn-tsian
卷仔	kńg-á
卷宗	kǹg-tsong
卷尺	kńg-tshioh
卷柏	kńg-peh
卷螺	kǹg-lê
卷螺仔	kńg-lê-á
卸下	sià-hā
卸世上	sià-sì-tsiūnn
卸世卸眾	sià-sì-sià-tsìng
卸世眾	sià-sì-tsìng
卸任	sià-jīm
卸擔	sià-tànn
卸甲離離離	sià-kah-lī-lī-lī
卸磨刣牛	sià-bō-thâi-gû
卸祖公	sià-tsóo-kong
卸肩	sià-king
卸草	sià-tsháu
卸裝	sià-tsong
卸貨底	sià-huè-té
卸責任	sià-tsik-jīm
卸身離	sià-sin-lī
卸錠	sià-tiānn
卸離身	sià-lī-sin
卸面子	sià-bīn-tsú
卸體面	sià-thé-biān
卻是	khiok-sī
卻步	khiok-pōo
厄垃素	eh-lah-sòo
厄運	eh-ūn
厄難	ik-lān
厘厘	lî-lî
厘戥	lî-tíng
厘米	lî-bí
厘絲	lî-si
厚事屎	kāu-sū-sái
厚事路	kāu-sū-lōo
厚代誌	kāu-tāi-tsì
厚利	kāu-lī
厚刺	kāu-tshì
厚口舌	kāu-kháu-tsi̍h
厚唇	kāu-tûn
厚嘴舌	kāu-tshuì-tsi̍h
厚嘴花	kāu-tshuì-hue
厚實	kāu-tsa̍t
厚尿	kāu-jiō
厚屎	kāu-sái
厚工	kāu-kang
厚度	kāu-tōo
厚徼兆	kāu-khiò-tiō
厚心思	kāu-sim-su
厚性地	kāu-sìng-tē
厚愛	hōo-ài
厚手液	kāu-tshiú-sio̍h
厚掔	kāu-khiàn
厚掔損	kāu-khiàn-sńg
厚掔頭	kāu-khiàn-thâu
厚操煩	kāu-tshau-huân
厚枝葉	kāu-ki-hio̍h
厚殼丁	kāu-khak-ting
厚殼仔	kāu-khak-á
厚殼魚	kāu-khak-hî
厚毛病	kāu-môo-pēnn
厚沙屑	kāu-sua-sap
厚洘	kāu-khó
厚渣滓	kāu-tse-tái
厚濛	kāu-bông
厚煩惱	kāu-huân-ló
厚熏	kāu-hun
厚熏吹	kāu-hun-tshue
厚病	kāu-pēnn
厚病痛	kāu-pēnn-thiànn
厚症頭	kāu-tsìng-thâu
厚痰	kāu-thâm
厚癖	kāu-phiah
厚的俗麭	kāu-ê-sio̍k-pháng
厚皮	kāu-phuê
厚皮甕	kāu-phuê-àng
厚皮菜	kāu-phuê-tshài
厚皮香	kāu-phuê-hiunn
厚禮	kāu-lé
厚禮數	kāu-lé-sòo
厚筋	kāu-kin
厚篤篤	kāu-tut-tut
厚篱㧎	kāu-lē-khê
厚肉	kāu-bah
厚肉仔	kāu-bah-á
厚茉菜	kāu-bua̍h-tshài
厚茶	kāu-tê
厚菇	kāu-koo
厚薄	kāu-po̍h
厚薰	kāu-hun
厚蚶	kāu-ham
厚行	kāu-hīng
厚衫	kāu-sann
厚言語	kāu-giân-gí
厚話	kāu-uē
厚話屎	kāu-uē-sái
厚詼諧	kāu-khue-hâi
厚誼	hōo-gī
厚資料	kāu-tsu-liāu
厚酒	kāu-tsiú
厚重	hiō-tiōng
厚雨	kāu-hōo
厚雨水	kāu-hōo-tsuí
厚面孔	kāu-bīn-kháng
厚面皮	kāu-bīn-phuê
厚麶	kāu-thi
厚齣頭	kāu-tshut-thâu
厝主	tshù-tsú
厝佃	tshù-tiān
厝價	tshù-kè
厝內	tshù-lāi
厝內人	tshù-lāi-lâng
厝內囝兒	tshù-lāi-kiánn-jî
厝內坐監	tshù-lāi-tsē-kann
厝內龜	tshù-lāi-ku
厝地	tshù-tē
厝契	tshù-khè
厝宅	tshù-the̍h
厝尾頂	tshù-bué-tíng
厝徛	tshù-khiā
厝架	tshù-kè
厝業	tshù-gia̍p
厝殼	tshù-khak
厝瓦	tshù-hiā
厝租	tshù-tsoo
厝稅	tshù-suè
厝簷	tshù-tsînn
厝緊便	tshù-kín-piān
厝脊	tshù-tsit
厝腳	tshù-kha
厝腳仔	tshù-kha-á
厝蓋	tshù-kuà
厝角	tshù-kak
厝角鳥	tshù-kak-tsiáu
厝貸	tshù-tāi
厝邊	tshù-pinn
厝邊兜	tshù-pinn-tau
厝邊間	tshù-pinn-kan
厝邊頭尾	tshù-pinn-thâu-bué
厝配	tshù-phuè
厝間	tshù-king
厝頂	tshù-tíng
厝頂起	tshù-tíng-khí
厝頭家	tshù-thâu-ke
厝鳥仔	tshù-tsiáu-á
原主	guân-tsú
原也	uân-ā
原仔	guân-á
原件	guân-kiānn
原任	guân-jīm
原位	guân-uī
原住民	guân-tsū-bîn
原來	guân-lâi
原來如此	guân-lâi-jû-tshú
原價	guân-kè
原先	guân-sian
原全	guân-tsuân
原再	guân-tsài
原初	guân-tshoo
原初鳥	Guân-tshoo-tsiáu
原則	guân-tsik
原前	guân-tsiân
原原照舊	guân-guân-tsiàu-kū
原原豆醬店	guân-guân-tāu-tsiùnn-tiàm
原名	guân-miâ
原告	guân-kò
原因	guân-in
原在	guân-tsāi
原地	guân-tē
原型	guân-hîng
原始	guân-sí
原始碼	guân-sí-bé
原子	guân-tsú
原子彈	guân-tsú-tuânn
原子番號	guân-tsú-huan-hō
原子能	guân-tsú-lîng
原子能委員會	Guân-tsú-lîng-uí-uân-huē
原子質量	guân-tsú-tsit-liōng
原子鐘	guân-tsí-tsing
原封不動	guân-hong-put-tōng
原底	guân-té
原形	guân-hîng
原形質	guân-hîng-tsit
原性不改	guân-sìng-put-kái
原情	guân-tsîng
原意	guân-ì
原文	guân-bûn
原料	guân-liāu
原早	guân-tsá
原是	guân-sī
原有	guân-iú
原木	guân-bo̍k
原本	guân-pún
原材料	guân-tsâi-liāu
原案	guân-àn
原汁	guân-tsiap
原油	guân-iû
原版	guân-pán
原狀	guân-tsōng
原理	guân-lí
原璧奉還	guân-phik-hōng-huân
原璧歸趙	guân-phik-kui-tiāu
原產	guân-sán
原由	guân-iû
原症	guân-tsìng
原碼	guân-bé
原稿	guân-kó
原籍	guân-tsi̍k
原紙	guân-tsuá
原義	guân-gī
原舊	guân-kū
原色	guân-sik
原著	guân-tio̍h
原處	guân-tshù
原裝	guân-tsong
原諒	guân-liōng
原貌	guân-māu
原起先	guân-khí-sing
原路	guân-lōo
原配	guân-phuè
原野	guân-iá
原鋪	guân-phoo
原音	guân-im
原頭	guân-thâu
原點	guân-tiám
厭世	iàm-sè
厭女	Iàm-lú
厭恨	iàm-hīn
厭懶	ià-lán
厭氣	iàn-khì
厭落落	ià-lak-lak
厭食症	iàm-si̍t-tsìng
厲害	lī-hāi
厲害病	lī-hāi-pēnn
厲害藥	lī-hāi-io̍h
厲行	lī-hîng
去世	khì-sè
去中心化	khì-tiong-sim-huà
去了了	khì-liáu-liáu
去予	khì-hōo
去予人招	khì-hōo-lâng-tsio
去任	khì-jīm
去佗位	khì-tó-uī
去便所	khì-piān-sóo
去倒	khì-tó
去倒䆀	khì-tò-bái
去倒了	khì-tò-liáu
去倒好	khì-tò-hó
去倒害	khì-tò-hāi
去倒死	khì-tò-sí
去傷解鬱	khì-siong-kái-ut
去函	khì-hâm
去向	khì-hiòng
去啊	khì-ah
去孝孤	khì-hàu-koo
去就	khì-tsiū
去恁兜	khì-lín-tau
去掉	khì-tiāu
去未	khì-bē
去死	khì-sí
去氧核糖核酸	khì-ióng-hu̍t-thn̂g-hu̍t-sng
去濕	khì-sip
去濕機	khì-sip-ki
去火	khì-hué
去留	khì-liû
去番旁	khì-huan-pîng
去痰	khì-thâm
去睏	khì-khùn
去老還少	khì-nóo-huân-siàu
去老還童	khì-nóo-huân-tông
去職	khì-tsit
去西方極樂世界	khì-se-hong-ki̍k-lo̍k-sè-kài
去路	khì-lōo
去遠遠	khì-hn̄g-hn̄g
去除	khì-tî
去髮	khì-huat
去魯	khì-lóo
參一腳	tsham-tsi̍t-kha
參事	tsham-sū
參仔	som-á
參仝	sann-kâng
參佮	tsham-kah
參依倚	sann-i-uá
參倚	sann-uá
參倚位	sann-uá-uī
參倚傍	sann-uá-pn̄g
參倚近	sann-uá-kīn
參出路	sann-tshut-lōo
參加	tsham-ka
參加者	tsham-ka-tsiá
參勸	sann-khǹg
參及	sann-kap
參合	sann-ha̍h
參同	sann-tâng
參唬	sann-hóo
參報參號	sann-pò-sann-hō
參塊	sim-tè
參天	tsham-thian
參夾	sann-kah
參審制	tsham-sím-tsè
參寶寶	sim-pó-pó
參展	tsham-tián
參差	tsham-tshu
參幫贊	sann-pang-tsān
參戰	tsham-tsiàn
參抱	sann-phō
參拚	sann-piànn
參拜	sann-pài
參拱	sann-kióng
參捌	sann-pat
參政	tsham-tsìng
參政權	tsham-tsìng-kuân
參桀	sann-ke̍h
參混	sann-hūn
參濫	sann-lām
參濫參	sann-lām-tsham
參瀉	sann-sià
參瀉號命	sann-sià-hō-miā
參照	tsham-tsiàu
參爭	sann-tsenn
參白	tsham-pe̍h
參睨	sann-gió
參知	sann-tsai
參考	tsham-khó
參考書	tsham-khó-su
參與感	tsham-ú-kám
參衒	sann-hīng
參見	tsham-kìnn
參親像	sann-tshin-tshiūnn
參觀	tsham-kuan
參觀者	tsham-kuan-tsiá
參詳	tsham-siâng
參諍	sann-tsènn
參謀	tsham-bôo
參謀長	tsham-bôo-tiúnn
參謔	sann-gio̍h
參議員	tsham-gī-uân
參議院	Tsham-gī-īnn
參賽	sann-sè
參賽者	tsham-sài-tsiá
參趁	sann-thàn
參輸	sann-su
參輸贏	sann-su-iânn
參辭	sann-sî
參選	tsham-suán
參閱	tsham-ia̍t
參院	tsham-īnn
參離	sann-lī
參食黏	sann-tsia̍h-liâm
又愛又恨	iū-ài-iū-hūn
又歌又舞	iū-ko-iū-bú
又閣	iū-koh
叉仔球	tshe-á-kiû
叉改	tshe-kái
叉死	tshe-sí
叉燒	tsha-sio
及時	ki̍p-sî
及時雨	ki̍p-sî-ú
及格	ki̍p-keh
及第	ki̍p-tē
友善	iú-siān
友好	iú-hó
友情	iú-tsîng
友愛	iú-ài
友禿伯	iú-thuh-peh
友誼	iú-gī
友邦	iú-pang
双叉路	siang-tshe-lōo
反串	huán-tshuàn
反之	huán-tsi
反亂	huán-luān
反來反去	píng-lâi-píng-khì
反供	huán-king
反倉	píng-tshng
反倒轉	huán-tó-tńg
反倒轉來講	píng-tò-tńg-lâi-kóng
反僥	huán-hiau
反光	huán-kng
反共	huán-kiōng
反冊	píng-tsheh
反出反入	píng-tshut-píng-li̍p
反動	huán-tōng
反動派	huán-tōng-phài
反勢	huān-sè
反卦	huán-kuà
反叛	huán-puān
反口供	huán-kháu-king
反向	huán-hiòng
反味	huán-bī
反咬	huán-kā
反問	huán-būn
反喙	huán-tshuì
反嘩	huán-huā
反嘴	huán-tshuì
反坦笑	píng-thán-tshiò
反坦蓋	píng-thán-khap
反坦覆	píng-thán-phak
反天	huán-thinn
反射	huán-siā
反對	huán-tuì
反對派	huán-tuì-phài
反對黨	huán-tuì-tóng
反差	huán-tsha
反常	huán-siông
反彈	huán-tuānn
反形	huán-hîng
反復	huán-ho̍k
反心	huán-sim
反悔	huán-hué
反感	huán-kám
反應	huán-ìng
反戰	huán-tsiàn
反戾	huán-lē
反手	huán-tshiú
反抗	huán-khòng
反抗期	huán-khòng-kî
反擊	huán-kik
反攻	huán-kong
反新	píng-sin
反映	huán-ìng
反映出	huán-ìng-tshut
反桌	píng-toh
反梟	huán-hiau
反正	huán-tsìng
反死	huán-sí
反流	huán-lâu
反湠澹法	huán-thuànn-tâm-huat
反烏	huán-oo
反烏反白	píng-oo-píng-pe̍h
反照	huán-tsiò
反營	huán-iânn
反爿	píng-pîng
反狗仔	píng-káu-á
反狗仔爿	píng-káu-á-pîng
反生	huán-senn
反症	huán-tsìng
反白仁	píng-pe̍h-jîn
反白個	píng-pe̍h-kâinn
反白目	píng-pe̍h-ba̍k
反監	huán-kann
反目成仇	huán-bo̍k-sîng-siû
反相	huán-siàng
反省	huán-sénn
反種	huán-tsíng
反粒子	huán-lia̍p-tsú
反肚痧	píng-tōo-sua
反胃	píng-uī
反背	huán-puē
反腹	huán-pak
反舌	huán-sia̍t
反舌關	píng-tsi̍h-kuan
反船	píng-tsûn
反色	huán-sik
反蓋	píng-khap
反藤	píng-tîn
反覆	píng-phak
反觀	huán-kuan
反角	huán-kak
反調	huán-tiāu
反諷	huán-hong
反譁	huán-huā
反證	huán-tsìng
反變	huán-piàn
反賣	píng-bē
反起反倒	huán-khí-huán-tó
反身	píng-sin
反車	píng-tshia
反車魚	píng-tshia-hî
反軟	huán-nńg
反輦轉	píng-liàn-tńg
反轉	huán-tsuán
反醒	huán-tshénn
反間計	huán-kàn-kè
反面	huán-bīn
反顛倒	huán-tian-tò
反駁	huán-pok
反黃	huán-n̂g
叔伯	tsik-peh
叔伯兄	tsik-peh-hiann
叔伯小妹	tsik-peh-sió-muē
叔伯小弟	tsik-peh-sió-tī
叔伯阿兄	tsik-peh-a-hiann
叔伯阿姊	tsik-peh-a-tsí
叔公	tsik-kong
叔孫	tsik-sun
取中範	tshú-tiong-pān
取代	tshú-tāi
取出	tshú-tshut
取勝	tshú-sìng
取名	tshú-miâ
取和	tshú-hô
取回	tshú-huê
取得	tshú-tit
取折	tshú-tsiat
取捨	tshú-siá
取材	tshú-tsâi
取樣	tshú-iūnn
取款	tshú-khuán
取決	tshú-kuat
取消	tshú-siau
取用	tshú-iōng
取直	tshú-ti̍t
取締	tshú-tè
取自	tshú-tsū
取道	tshú-tō
取齊	tshú-tsê
受債	siū-tsè
受傷	siū-siong
受刑	siū-hîng
受制	siū-tsè
受命	siū-bīng
受委屈	siū-uí-khut
受孕	siū-īn
受害	siū-hāi
受害人	siū-hāi-lâng
受害者	siū-hāi-tsiá
受屈	siū-khut
受形	siū-hîng
受恿	siū-sīng
受恿囝	siū-sīng-kiánn
受惠	siū-huī
受拖累	siū-thua-luī
受掠	siū-lia̍h
受教	siū-kà
受毒	siū-to̍k
受氣	siū-khì
受災	siū-tsai
受獎	siū-tsióng
受理	siū-lí
受益	siū-ik
受益人	siū-ik-jîn
受益費	siū-ik-huì
受盡	siū-tsīn
受磨	siū-buâ
受精	siū-tsing
受罪	siū-tsuē
受罰	siū-hua̍t
受聘	siū-phìng
受苦	siū-khóo
受著	siū-tio̍h
受虧	siū-khui
受訓	siū-hùn
受託	siū-thok
受訪者	siū-hóng-tsiá
受詞	siū-sû
受辱	siū-jio̍k
受過	siū-kuè
受限	siū-hān
受雇	siū-kòo
受難	siū-lān
受騙	siū-phiàn
叛亂	puān-luān
叛兵	puān-ping
叛國	puān-kok
叛客	puān-kheh
叛將	puān-tsiòng
叛教	puān-kàu
叛背	puān-puē
叛變	puān-pián
叛軍	puān-kun
叛逆	puān-gi̍k
叛逆期	puān-gi̍k-kî
叛骨	puān-kut
叢書	tsông-su
叢談	tsông-tâm
口令	kháu-līng
口供	kháu-king
口傳	kháu-thuân
口允無憑準	kháu-ín-bô-pîn-tsún
口口聲聲	kháu-kháu-siann-siann
口吻	kháu-bún
口味	kháu-bī
口味䆀	kháu-bī-bái
口實	kháu-si̍t
口山	kháu-suann
口座	kháu-tsō
口座暗碼	kháu-tsō-àm-bé
口徑	kháu-kìng
口感	kháu-kám
口房	kháu-pâng
口才	kháu-tsâi
口技	kháu-ki
口教	kháu-kàu
口是心非	khóo-sī-sim-hui
口桀	kháu-ke̍h
口氣	kháu-khì
口湖	Kháu-ôo
口灶	kháu-tsàu
口琴	kháu-khîm
口白	kháu-pe̍h
口碑	kháu-pi
口福	kháu-hok
口糧	kháu-niû
口紅	kháu-hông
口罩	kháu-tà
口腔	kháu-khiunn
口舌	kháu-tsi̍h
口舌利便	kháu-tsi̍h-lī-piān
口號	kháu-hō
口角	khió-kak
口訣	kháu-kuat
口試	kháu-tshì
口語	kháu-gí
口譯	kháu-i̍k
口蹄疫	kháu-tê-i̍k
口身	kháu-sin
口述	kháu-su̍t
口逆	káu-ke̍h
口靈舌辯	kháu-lîng-sia̍t-piān
口面	kháu-bīn
口音	kháu-im
口頭	kháu-thâu
口頭話	kháu-thâu-uē
古井	kóo-tsénn
古井牆	kóo-tsénn-tshiûnn
古交	kóo-kau
古亭區	kóo-tîng-khu
古今	kóo-kim
古代	kóo-tāi
古典	kóo-tián
古冊	kóo-tsheh
古博	kóo-phok
古古怪怪	kóo-kóo-kuài-kuài
古國	kóo-kok
古坑	Kóo-khenn
古堡	kóo-pó
古巴	Kóo-pa
古年舊數	kóo-nî-kū-siàu
古怪	kóo-kuài
古怪癖	kóo-kuài-phiah
古意	kóo-ì
古早	kóo-tsá
古早人	kóo-tsá-lâng
古早例	kóo-tsá-lē
古早冊	kóo-tsá-tsheh
古早味	kóo-tsá-bī
古早時	kóo-tsá-sî
古早物	kóo-tsá-mi̍h
古早花	kóo-tsá-hue
古時	kóo-sî
古曆	kóo-li̍k
古月	kóo-gua̍t
古月根	kóo-gua̍t-kin
古朋友	kóo-pîng-iú
古板	kóo-pán
古椎	kóo-tsui
古樸	kóo-phok
古款	kóo-khuán
古派	kóo-phài
古清明	kóo-tshing-bîng
古玩	kóo-guán
古田	Kóo-tshân
古禮	kóo-lé
古箏	kóo-tsiam
古老	kóo-ló
古老博	kóo-láu-phauh
古致	kóo-tì
古董	kóo-tóng
古蘭經	Kóo-lân-king
古裝	kóo-tsong
古譎	kóo-khiat
古蹟	kóo-tsik
古都	kóo-too
古錐	kóo-tsui
古風	kóo-hong
古魯碩古	kóo-lóo-so̍k-kóo
古黠	kóo-khia̍t
古黠話	kóo-khia̍t-uē
古鼓	kóo-kóo
句囝	kù-kiánn
句型	kù-hîng
句號	kù-hō
句讀	kù-tāu
句讀清	kù-tāu-tshing
句點	kù-tiám
另回	līng-huê
另外	līng-guā
另外食	līng-guā-tsia̍h
另家各食	līng-ke-kok-si̍t
另工	līng-kang
另擺仔	līng-pái-á
另方面	līng-hong-bīn
另日	līng-ji̍t
另行	līng-hîng
另訂	līng-tīng
另起爐灶	līng-khí-lôo-tsàu
另逝	līng-tsuā
叨一個	toh-tsi̍t-ê
叨位	tó-uī
叨撚	lo-lián
叨甪	lo-lut
叨語場	tho-gú-tiûnn
叩拜	khàu-pài
叩謝	khiò-siā
叩頭	khàu-thâu
只好	tsí-hó
只得	tsí-tik
只是	tsí-sī
只有	tsí-ū
只欲	tsí-beh
只欲是	tsí-beh-sī
只管	tsí-kuán
只要	tsí-iàu
只見	tsí-kiàn
叫做	kiò-tsò
叫冤枉	kiò-uan-óng
叫出	kiò-tshut
叫出冬	kiò-tshut-tang
叫叫嚷	kiàu-kiàu-lióng
叫名	kiò-miâ
叫喝	kiò-huah
叫嘴	kiò-tshuì
叫天叫地	kiò-thinn-kiò-tē
叫天鳥	kiò-thinn-tsiáu
叫官箠	kiò-kuann-tshuê
叫客	kiò-kheh
叫座	kiò-tsō
叫應	kiò-ìn
叫救人	kiò-kiù-lâng
叫救護	kiò-kiù-hōo
叫是	kiò-sī
叫更	kiò-kenn
叫歡喜	kiò-huann-hí
叫米	kiò-bí
叫精神	kiò-tsing-sîn
叫耍個	kiò-sńg-ê
叫聲	kiò-siann
叫苦	kiò-khóo
叫菜	kiò-tshài
叫起來	kiò-khí-lâi
叫醒	kiò-tshénn
叫金鼓	kiò-kim-kóo
叫鈴	kiò-lîng
叫鐘	kiò-tsing
叫門	kiò-mn̂g
叫陣	kiò-tīn
叫電話	kiò-tiān-uē
叫魂	kiò-hûn
召兵	tiàu-ping
召募	tiàu-bōo
召南	Siāu-lâm
召問	tiàu-mn̄g
召喚	tiàu-huàn
召單	tiàu-tuann
召回	tiàu-huê
召工人	tiàu-kang-lâng
召日仔	tiàu-ji̍t-á
召燈	tiàu-ting
召見	tiàu-kiàn
召鏡	tiàu-kiànn
召開	tiàu-khai
召集	tiàu-tsi̍p
召集人	tiàu-tsi̍p-jîn
叮嘴舌	tìng-tshuì-tsi̍h
叮嚀	ting-lîng
叮囑	ting-tsiok
叮目睭	tìng-ba̍k-tsiu
叮著	tìng-tio̍h
可人	khó-jîn
可以	khó-í
可佩	khó-puē
可信	khó-sìn
可傷	khó-siong
可取	khó-tshú
可口	khó-kháu
可吉卓	khóo-kiat-toh
可喜	khó-hí
可嘉	khó-ka
可怕	khó-phànn
可恥	khó-thí
可恨	khó-hīn
可悲	khó-pi
可惜	khó-sioh
可惡	khó-ònn
可惱	khó-náu
可想而知	khó-sióng-jî-ti
可愛	khó-ài
可憐	khó-liân
可憐代	khó-liân-tāi
可持續性	khó-tî-sio̍k-sìng
可敬	khó-kìng
可樂	khó-lo̍k
可比	khó-pí
可比講	khó-pí-kóng
可永續性	khó-íng-sio̍k-sìng
可溶性	khó-iông-sìng
可燃性	khó-jiân-sìng
可畏	khó-uì
可疑	khó-gî
可笑	khó-tshiò
可能	khó-lîng
可能性	khó-lîng-sìng
可蘭經	khóo-lân-king
可行	khó-hîng
可行性	khó-hîng-sìng
可見	khó-kiàn
可觀	khó-kuan
可讀	khó-tho̍k
可貴	khó-kuì
可連紲性	khó-liân-suà-sìng
可靠	khó-khò
可靠性	khó-khò-sìng
可驚	khó-kiann
台上	tâi-siāng
台下	tâi-hā
台中	Tâi-tiong
台中市	Tâi-tiong-tshī
台中縣	Tâi-tiong-kuān
台前	tâi-tsîng
台北	Tâi-pak
台北一空一	Tâi-pak-It-khòng-it
台北小巨蛋	tâi-pak-sió-kū-tàn
台北市	Tâi-pak-tshī
台北縣	Tâi-pak-kuān
台南	Tâi-lâm
台南市	Tâi-lâm-tshī
台南縣	Tâi-lâm-kuān
台商	Tâi-siong
台啟	tâi-khé
台大	Tâi-tāi
台大醫學院	Tâi-tāi-I-ha̍k-īnn
台大醫院	Tâi-tāi-i-īnn
台奸	Tâi-kan
台州	Tâi-tsiu
台幣	tâi-pè
台式	tâi-sik
台文	Tâi-bûn
台東	Tâi-tang
台東釋迦節	Tâi-tang-Sik-khia-tseh
台江內海	Tâi-kang-lāi-hái
台江國家公園	Tâi-kang-Kok-ka-Kong-hn̂g
台江文化中心	Tâi-kang-Bûn-huà-Tiong-sim
台派	tâi-phài
台灣	Tâi-uân
台灣人	Tâi-uân-lâng
台灣共和國	Tâi-uân-kiōng-hô-kok
台灣國	Tâi-uân-kok
台灣大學	Tâi-uân-tāi-ha̍k
台灣就是台灣	Tâi-uân-tō-sī-Tâi-uân
台灣山羊仔	Tâi-uân-suann-iûnn-á
台灣島	Tâi-uân-tó
台灣文	Tâi-uân-bûn
台灣料理	Tâi-uân-liāu-lí
台灣日本時代	Tâi-uân-Ji̍t-pún-sî-tāi
台灣杉	tâi-uân-sam
台灣查埔人	Tâi-uân-tsa-poo-lâng
台灣榕	tâi-uân-tshîng
台灣樹	tâi-uân-tshiū
台灣海峽	Tâi-uân-Hái-kiap
台灣烏熊	Tâi-uân-Oo-hîm
台灣猴	tâi-uân-kâu
台灣猴山仔	Tâi-uân-kâu-san-á
台灣獨立	Tâi-uân-to̍k-li̍p
台灣獨立運動	Tâi-uân-to̍k-li̍p-ūn-tōng
台灣省	Tâi-uân-síng
台灣積體電路	Tâi-uân-Tsik-thé-Tiān-lōo
台灣積體電路製造股份有限公司	Tâi-uân-Tsik-thé-Tiān-lōo-Tsè-tsō-Kóo-hūn-Iú-hān-Kong-si
台灣總督	Tâi-uân-Tsóng-tok
台灣羅馬字	Tâi-uân-lô-má-jī
台灣菜	Tâi-uân-tshài
台灣言語平台	Tâi-uân-giân-gí-pîng-tâi
台灣話	Tâi-uân-uē
台灣話文	Tâi-uân-uē-bûn
台灣語	Tâi-uân-gí
台灣銀行	Tâi-uân-gîn-hâng
台灣電力公司	Tâi-uân-tiān-li̍k-kong-si
台照	tâi-tsiàu
台燈	tâi-ting
台獨	Tâi-to̍k
台省	Tâi-síng
台票	Tâi-phiò
台積電	Tâi-tsik-tiān
台端	tâi-tuan
台糖公司	Tâi-thn̂g-kong-si
台羅	tâi-lô
台羅字	Tâi-lô-jī
台聯黨	Tâi-liân-tóng
台西	Tâi-se
台視	Tâi-sī
台詞	tâi-sû
台話	Tâi-uē
台話文	Tâi-uē-bûn
台語	Tâi-gí
台語台	Tâi-gí-tâi
台語按怎唸	Tâi-gí-án-tsuánn-liām
台語羅馬字	Tâi-gí-lô-má-jī
台銀	Tâi-gîn
台鐵	Tâi-thih
台鑒	tâi-kàm
台電	Tâi-tiān
台駕	tâi-kà
史哲	Sú-Tiat
史學	sú-ha̍k
史家	sú-ka
史密斯	Sú-bi̍t-su
史實	sú-si̍t
史料	sú-liāu
史記	Sú-kì
史蹟	sú-tsik
史達林	Sú-ta̍t-lîm
史館	sú-kuán
右上	iū-siāng
右下	iū-hā
右旁	iū-pîng
右派	iū-phài
右翼	iū-i̍k
右腳	iū-kha
司仔	sai-á
司仔工	sai-á-kang
司令	su-līng
司令台	su-līng-tâi
司令官	su-līng-kuann
司令部	su-līng-pōo
司傅	sai-hū
司儀	su-gî
司公	sai-kong
司公仔	sai-kong-á
司公仔象桮	sai-kong-á-siūnn-pue
司公仔鳥	sai-kong-á-tsiáu
司公帽	sai-kong-bō
司公腳	sai-kong-kha
司公袍	sai-kong-phâu
司公襖	sai-kong-ó
司公象桮結相黏	sai-kong-siūnn-pue-kat-sio-liâm
司公鈃	sai-kong-giang
司公鈃仔花	sai-kong-giang-á-hue
司公髻	sai-kong-kè
司孫仔	sai-sun-á
司捕車	su-póo-tshia
司機	su-ki
司法	su-huat
司法博物館	Su-huat-Phok-bu̍t-kuán
司法官	su-huat-kuann
司法權	su-huat-kuân
司法界	su-huat-kài
司法部	Su-huat-pōo
司法院	Su-huat-īnn
司長	su-tiúnn
司馬	Su-má
叼一款	toh-tsi̍t-khuán
叼一種	toh-tsi̍t-tsióng
叼位	toh-uī
叼落	toh-lo̍h
吁吁叫	hū-hū-kiò
吁吁霆	hū-hū-tân
吃完	tsia̍h-uân
吃草	tsia̍h-tsháu
吃著	tsia̍h-tio̍h
吃起來	tsia̍h-khí-lâi
吃錢檯仔	tsia̍h-tsînn-tâi-á
各人	kok-lâng
各人有各人个拍算	kok-lâng-ū-kok-lâng-ê-phah-sǹg
各人行各路	kok-lâng-kiânn-kok-lōo
各位	kok-uī
各國	kok-kok
各地	kok-tē
各式各樣	kok-sik-kok-iūnn
各憋	kok-pih
各方面	kok-hong-bīn
各樣	koh-iūnn
各界	kok-kài
各種	kok-tsióng
各自	kok-tsū
各行	kok-hâng
各行其是	kok-hîng-kî-sī
各馝	kok-pih
合一下吞落	kap-tsi̍t-ē-thun-lo̍h
合人個	kah-lâng-ê
合仔	ha̍p-á
合仔扇	ha̍p-á-sìnn
合仔椅	ha̍p-á-í
合仔趁	ha̍p-á-thàn
合任	ha̍h-jīm
合作	ha̍p-tsok
合作社	ha̍p-tsok-siā
合併	ha̍p-pìng
合倚	ha̍p-uá
合做夥	ha̍p-tsò-hué
合共	ha̍p-kiōng
合冊	kap-tsheh
合冊紙	kap-tsheh-tsuá
合力	ha̍p-li̍k
合十	ha̍p-si̍p
合參	kah-tsham
合口味	ha̍h-kháu-bī
合合	ha̍p-kah
合同	ha̍p-tông
合味	ha̍h-bī
合和	ha̍p-hô
合唱	ha̍p-tshiùnn
合唱團	ha̍p-tshiùnn-thuân
合嘴	ha̍h-tshuì
合夥	ha̍p-hué
合奏	ha̍p-tsàu
合婚	ha̍p-hun
合宜	ha̍p-gî
合家	ha̍p-ka
合居	ha̍p-ki
合巹	ha̍p-kín
合巹酒	ha̍p-kín-tsiú
合影	ha̍p-iánn
合情	ha̍p-tsîng
合情合理	ha̍p-tsîng-ha̍p-lí
合意	ha̍h-ì
合應	ha̍p-ìng
合應該	ha̍p-ìng-kai
合成	ha̍p-sîng
合房	ka̍p-pâng
合手	ha̍h-tshiú
合扮	ha̍p-pān
合掌拜	ha̍p-tsiáng-pài
合掛	kah-kuà
合插	kah-tshah
合於	ha̍p-î
合時	ha̍h-sî
合時勢	ha̍h-sî-sì
合時機	ha̍h-sî-ki
合景	kah-kíng
合會落	ha̍h-ē-lo̍h
合板	ha̍p-pán
合枕	ha̍p-tsím
合枝	kah-ki
合格	ha̍p-keh
合格者	ha̍p-keh-tsiá
合欄	ha̍h-nuâ
合歡	ha̍p-huan
合歡山	Ha̍p-huan-suann
合歡樹	ha̍p-huan-tshiū
合歡草	ha̍p-huan-tsháu
合氣	ha̍h-khuì
合水	kap-tsuí
合法	ha̍p-huat
合法化	ha̍p-huat-huà
合法性	ha̍p-huat-sìng
合流	kap-lâu
合港	kap-káng
合照	ha̍p-tsiàu
合營	ha̍p-îng
合理	ha̍p-lí
合理化	ha̍p-lí-huà
合用	ha̍h-īng
合界	kap-kài
合盤	ha̍h-puânn
合目	kah-ba̍k
合算	ha̍p-suàn
合約	ha̍p-iok
合組	ha̍p-tsoo
合絚	ha̍h-ân
合線	kap-suànn
合緣	ha̍h-iân
合縒	kap-tsua̍h
合縫	kap-phāng
合總	ha̍p-tsóng
合群	ha̍p-kûn
合耳	ha̍h-hī
合聽	ha̍h-thiann
合股	ha̍p-kóo
合脾	ha̍h-pî
合臺	ha̍h-tâi
合色	kah-sik
合菜	ha̍p-tshài
合葬	ha̍p-tsòng
合藥	kap-io̍h
合藥仔	kap-io̍h-á
合虎藥	kap-hóo-io̍h
合訂本	ha̍p-tìng-pún
合計	ha̍p-kè
合該	ha̍p-kai
合該然	ha̍p-kai-jiân
合資經營	ha̍p-tsu-king-îng
合起來	ha̍p-khí-lâi
合身	ha̍h-sin
合軀	ha̍h-su
合辦	ha̍p-pān
合迣	kap-tsuā
合適	ha̍p-sik
合金	ha̍p-kim
合銅	ha̍p-tâng
合頭槌	ha̍h-thâu-thuî
合點	ha̍p-tiám
吉丁蟲	kiat-ting-thâng
吉兆	kiat-tiāu
吉凶	kiat-hiong
吉利	kiat-lī
吉日	kiat-ji̍t
吉普	jì-phuh
吉林	Kiat-lîm
吉林省	Kiat-lîm-síng
吉甫	jì-puh
吉祥	kiat-siông
吉祥卵	Kiat-siông-nn̄g
吉貝棉	ka-po̍k-mî
吉貝耍	Kiat-puè-sú
吉野	Kiat-iá
吉隆坡	Kiat-liông-pho
吊䘥仔	tiàu-kah-á
吊亭	tiàu-tîng
吊倒頭	tiàu-tò-thâu
吊傀儡	tiàu-ka-lé
吊傷	tiàu-siong
吊大筒	tiàu-tuā-tâng
吊媠的	tiàu-suí-ê
吊孤槓	tiàu-koo-kńg
吊帶	tiàu-tuà
吊床	tiàu-tshn̂g
吊懸低	tiàu-kôan-kē
吊扁	tiàu-pín
吊扇	tiàu-sìnn
吊手	tiàu-tshiú
吊杯	tiàu-pue
吊架	tiàu-kè
吊梯	tiàu-thui
吊槔	tiàu-oo
吊槔秤	tiàu-oo-tshìn
吊樹猴	tiàu-tshiū-kâu
吊橋	tiàu-kiô
吊歪	tiàu-uai
吊死	tiàu-sí
吊毒	tiàu-to̍k
吊烏	tiàu-oo
吊燈	tiàu-ting
吊燈褲	tiàu-ting-khòo
吊燥	tiàu-sò
吊爐	tiàu-lôo
吊猴	tiàu-kâu
吊環	tiàu-khuân
吊白仁	tiàu-pe̍h-jîn
吊白目	tiàu-pe̍h-ba̍k
吊禮	tiàu-lé
吊秤	tiàu-tshìn
吊空五	tiàu-khòng-ngóo
吊窗	tiàu-thang
吊絲蟲	tiàu-si-thâng
吊線	tiàu-suànn
吊脰	tiàu-tāu
吊脰鬼	tiàu-tāu-kuí
吊腳痧	tiàu-kha-sua
吊膏	tiàu-ko
吊膿	tiàu-lâng
吊藥	tiàu-io̍h
吊衫	tiàu-sann
吊褲	tiàu-khòo
吊襪帶	tiàu-be̍h-tuà
吊角	tiàu-kak
吊角逝	tiàu-kak-tsuā
吊起來	tiàu-khí-lâi
吊車	tiàu-tshia
吊車尾	tiàu-tshia-bué
吊銷	tiàu-siau
吊銷執照	tiàu-siau-tsip-tsiàu
吊鏡	tiàu-kiànn
吊鐘	tiàu-tsing
吊鐘花	tiàu-tsing-hue
吊頷	tiàu-ām
吊鬼	tiàu-kuí
吊鬼仔	tiàu-kuí-á
吊鼎	tiàu-tiánn
同事	tông-sū
同享	tông-hiáng
同仁	tông-jîn
同伴	tâng-phuānn
同位素	tông-uī-sòo
同位角	tông-uī-kak
同位語	tông-uī-gí
同僚	tông-liâu
同力合作	tông-li̍k-ha̍p-tsok
同化	tông-huà
同在	tông-tsāi
同堂	tông-tn̂g
同姒	tâng-sāi
同姓	tông-sìng
同字勻	tâng-lī-ûn
同學	tâng-o̍h
同學會	tông-ha̍k-huē
同安	tâng-uann
同宗	tông-tsong
同宿	tông-siok
同居	tông-ki
同席	tông-si̍k
同年	tâng-nî
同床	tông-tshn̂g
同床異夢	tông-tshn̂g-ī-bōng
同心	tâng-sim
同心協力	tông-sim-hia̍p-li̍k
同心合意	tông-sim-ha̍p-ì
同志	tông-tsì
同性愛	tông-sìng-ài
同性戀	tông-sìng-luân
同情	tông-tsîng
同情心	tông-tsîng-sim
同意	tông-ì
同意書	tông-ì-su
同感	tông-kám
同慶	tông-khìng
同房	tâng-pâng
同族	tông-tso̍k
同時	tâng-sî
同期	tông-kî
同柱	tâng-thiāu
同業	tông-gia̍p
同業公會	tông-gia̍p-kong-huē
同樂	tông-lo̍k
同樂晚會	tông-lo̍k-buán-huē
同樣	tâng-iūnn
同歸於盡	tông-kui-î-tsīn
同母異父	tông-bó-ī-hū
同治	Tông-tī
同治草	tông-tī-tsháu
同父異母	tông-hū-ī-bió
同班	tông-pan
同理	tông-lí
同理心	tông-lí-sim
同甘共苦	tông-kam-kiōng-khóo
同病相憐	tông-pēnn-siang-lîn
同的	tông-ê
同盟	tông-bîng
同祧	tâng-thiāu
同種	tông-tsióng
同窗	tông-tshong
同窗會	tông-tshong-huē
同等	tông-tíng
同等學力	tông-tíng-ha̍k-li̍k
同胞	tông-pau
同胞異父	tông-pau-ī-hū
同舟共濟	tông-tsiu-kiōng-tsè
同苦同甜	tâng-khóo-tâng-tinn
同行	tông-hâng
同行同命	tông-hîng-tông-bīng
同襟	tông-khim
同謀	tông-bôo
同輩	tông-puè
同途	tâng-tôo
同進退	tông-tsìn-thè
同道	tông-tō
同鄉	tâng-hiong
同鄉會	tông-hiong-huē
同門	tâng-mn̂g
同門丈	tâng-mn̂g-tiūnn
同門的	tâng-mn̂g-ê
同音異義	tông-im-ī-gī
同類	tông-luī
同齊	tâng-tsê
同齊作戰	tâng-tsuê-tsok-tsiàn
同齊吼	tâng-tsê-háu
同齊納	tâng-kap-la̍p
同齊行	tâng-tsê-kiânn
同齊講臺語	tâng-tsê-kóng-Tâi-gí
名人	bîng-jîn
名人堂	bîng-jîn-tông
名份	bîng-hūn
名冊	miâ-tsheh
名分	miâ-hūn
名列	miâ-lia̍t
名利	miâ-lī
名利枷	bîng-lī-kê
名刺	bîng-tshì
名副其實	miâ-hù-kî-si̍t
名勝	bîng-sìng
名古屋	Bîng-kóo-ok
名叫	miâ-kiò
名喙	bîng-tshuì
名單	miâ-tuann
名姓	miâ-sènn
名字	miâ-jī
名家	miâ-ka
名將	miâ-tsiòng
名師	bîng-su
名望	bîng-bōng
名望家	bîng-bōng-ka
名次	miâ-tshù
名正言順	bîng-tsìng-giân-sūn
名氣	miâ-khì
名流	miâ-liû
名片	bîng-phìnn
名牌	miâ-pâi
名產	bîng-sán
名目	miâ-ba̍k
名節	bîng-tsiat
名簿	miâ-phōo
名義	bîng-gī
名聲	miâ-siann
名聲敁	miâ-siann-tháu
名聲敨	miâ-siann-tháu
名聲真敨	miâ-siann-tsin-tháu
名聲透	miâ-siann-tháu
名聲透京城	miâ-siann-thàu-Kiann-siânn
名聲透屎	miâ-siann-thàu-sái
名著	miâ-tù
名號	miâ-hō
名言	miâ-giân
名詞	bîng-sû
名誌	bîng-tsì
名講	miâ-kóng
名譽	bîng-ī
名貴	bîng-kuì
名醫	miâ-i
名門	bîng-bûn
名間	Bîng-kan
名頭	miâ-thâu
名額	miâ-gia̍h
后土	hōo-thóo
后座	hōo-tsō
后羿	hōo-gē
吐佮落	thòo-kah-làu
吐出來	thóo-tshut-lâi
吐出真情	thòo-tshut-tsin-tsîng
吐劍光	thòo-kiàm-kong
吐劑	thòo-tse
吐呃	thòo-eh
吐大氣	thóo-tuā-khuì
吐大話	thòo-tuā-uē
吐奶	thòo-ling
吐屎	thò͘-sái
吐捅頭	thóo-thóng-thâu
吐本	thòo-pún
吐氣	thóo-khuì
吐氣揚眉	thòo-khì-iông-bî
吐水	thòo-tsuí
吐澇	thòo-làu
吐瀉症	thòo-sià-tsìng
吐目	thóo-ba̍k
吐目雷	thòo-ba̍k-luî
吐穗	thòo-suī
吐紅	thòo-hông
吐絲	thòo-si
吐肉箭	thóo-bah-tsìnn
吐腸頭	thóo-tn̂g-thâu
吐膦蓑	thóo-lān-sui
吐舌	thóo-tsi̍h
吐舌仔帽	thóo-tsi̍h-á-bō
吐舌帽	thóo-tsi̍h-bō
吐舌蚶仔	Thóo-tsi̍h-ham-á
吐蓑	thóo-sui
吐藥	thóo-io̍h
吐蘡	thóo-ínn
吐血	thòo-hiat
吐血吐沱	thòo-hueh-thòo-tô
吐血鳥	thòo-hueh-tsiáu
吐谷渾	Thóo-kio̍k-hûn
吐連涎	thòo-liân-siân
吐露	thòo-lō
吐鬚	thòo-tshiu
吐鹹瞻	thòo-kiâm-siam
吐龍涎	thòo-liông-siân
向上	hiàng-siāng
向下	hiòng-hā
向來	hiàng-lâi
向前	hiànn-tsîng
向前行	hiòng-tsiân-kiânn
向北	hiòng-pak
向南	ǹg-lâm
向向	hiànn-hiànn
向善	hiòng-siān
向外	hiòng-guā
向外口	hiòng-guā-kháu
向天	hiòng-thinn
向天保佑	ǹg-thinn-pó-iū
向天盞	hiòng-thian-tsuánn
向往	hiòng-óng
向後	hiàng-āu
向心力	hiàng-sim-li̍k
向日	hiòng-ji̍t
向日葵	hiàng-ji̍t-kuî
向時	hiànn-sî
向望	ǹg-bāng
向流	hiànn-lâu
向牛	ǹg-gû
向羊	ǹg-iûnn
向腰	hiànn-io
向身	hiànn-sin
向開	hiànn-khui
向阿共	hiòng-a-kiōng
向陽	hiàng-iâng
向頓	ǹg-tǹg
向頭	ànn-thâu
向頭族	ànn-thâu-tso̍k
向風	hiàng-hong
君主	kun-tsú
君子	kun-tsú
君子樹	kun-tsú-tshiū
君子賊	kun-tsú-tsha̍t
君子鎖	kun-tsú-só
吝嗇	nì-sìnn
吝嗇鬼	nì-sìnn-kuí
吞佔	thun-tsiàm
吞併	thun-pìng
吞占	thun-tsiàm
吞吐	thun-thòo
吞噬	thun-sē
吞奪	thun-tua̍t
吞忍	thun-lún
吞聲	thun-siann
吞落去	thun-lo̍h-khì
吞食	thun-tsia̍h
吞食人	thun-tsia̍h-lâng
吟味	gîm-bī
吟唱	gîm-tshiùnn
吟詩	gîm-si
吟詩答對	gîm-si-tap-tuì
吟誦	gîm-siōng
吠聲吠影	puī-siann-puī-iánn
否定	hóo-tīng
否決	hió-kuat
否決權	hóo-kuat-kuân
否認	hóo-jīm
吧咾魚	pa-láu-hî
吩咐	huan-hù
含三缺四	hâm-sann-khueh-sì
含之糊之	hâm-tsi-hôo-tsi
含冤	hâm-uan
含口算	hâm-kháu-sǹg
含含	hâm-hâm
含含𤲍𤲍	kânn-kânn-kheh-kheh
含唇	kâm-tûn
含塊做	kânn-tè-tsò
含尋	hâm-tsîm
含忍	hâm-jím
含怨	hâm-uàn
含恨	hâm-hīn
含意	hâm-ì
含水	hâm-tsuí
含水量	kâm-tsuí-liōng
含淚	hâm-luī
含珠不吐	hâm-tsu-put-thòo
含痕	hâm-hûn
含痚	hâm-he
含痚聲	hâm-he-siann
含眠	hâm-bîn
含笑	hâm-siàu
含笑梅	hâm-siàu-muî
含笑花	hâm-tshiàu-hue
含糊	hâm-hôo
含罅	hâm-he
含羞草	hâm-siu-tsháu
含義	hâm-gī
含脣	kâm-tûn
含茄	kâm-kiô
含蓄	hâm-thiok
含蕊	hâm-luí
含血霧天	kâm-hueh-bū-thinn
含酥	hâm-sau
含量	hâm-liāng
含鞭	kâm-pian
含颼	hâm-sau
含颼痕	hâm-sau-hûn
含飯	bām-pn̄g
吭吭叫	khngh-khngh-kiò
吭翹枋	khōng-khiàu-pang
吭跤翹	khōng-kha-khiàu
吮空	tshńg-khang
吮膣屄	tsn̄g-tsi-bai
吱吱叫	ki-ki-kiò
吱吱霆	tsi-tsi-tân
吱娃娃	tsi-uâ-uâ
吱蟀仔	ki-sut-á
吱蟬	ki-siân
吳剛	Ngôo-Kong
吳剛剉桂	Ngôo-kong-tshò-kuì
吳園藝文中心	Ngôo-uân-Gē-bûn-Tiong-sim
吳敦義	ngôo-tun-gī
吳興	Ngôo-hing
吳郭魚	gôo-kueh-hî
吳鳳	ngôo-hōng
吵人眠	tshá-lâng-bîn
吵嘴	tshá-tshuì
吵嘴齒	tshá-tshuì-khí
吵嚷	tshá-jiáng
吵家媌	tshá-ke-bâ
吵撈	tshá-lā
吵攪	tshá-kiáu
吵新娘	tshá-sin-niû
吵死人	tshá-sí-lâng
吵班	tshá-pan
吵精神	tshá-tsing-sîn
吵衰	tshá-sue
吵醒	tshá-tshénn
吵雜	tshá-tsa̍p
吵音	tshá-im
吵鬧	tshá-nāu
吸入	khip-ji̍p
吸取	khip-tshú
吸塵器	khip-tîn-khì
吸引	khip-ín
吸引人	khip-ín-lâng
吸引力	khip-ín-la̍t
吸掃器	khip-sàu-khì
吸收	khip-siu
吸收不良	khip-siu-put-liông
吸毒	khip-to̍k
吸氣	khip-khì
吸水	khip-tsuí
吸水機	khip-tsuí-ki
吸汗	khip-kuānn
吸油機	khip-iû-ki
吸清器	khip-tshing-khì
吸煙	khip-ian
吸盤	khip-puânn
吸石	khip-tsio̍h
吸石仔	khip-tsio̍h-á
吸石怪	Khip-tsio̍h-kuài
吸管	suh-kóng
吸薰	kiuh-hun
吸血	khip-hueh
吸血鬼	khip-hiat-kuí
吸鐵	khip-thih
吸附	khip-hù
吸音	khip-im
吸風魚	khip-hong-hî
吹凋	tshue-ta
吹向	tshue-hiòng
吹涼	tshue-liâng
吹焦	tshue-ta
吹狗螺	tshue-káu-lê
吹管	tshue-kóng
吹起來	tshue-khí-lâi
吹頭毛	tshue-thâu-moo
吹頭鬃	tshue-thâu-tsang
吹風	tshue-hong
吻吻仔笑	bún-bún-á-tshiò
吻笑	bún-tshiò
吼叫	háu-kiò
吼哼	háu-hinn
吼喝	háu-huah
吼救救	háu-kiù-kiù
吼疼	háu-thiànn
吼痛	háu-thiànn
吼雞	háu-ke
吼雞母	háu-ke-bó
吼面	háu-bīn
呂宋	Lū-sòng
呂宋客	lī-sòng-kheh
呂秀蓮	Lū-Siù-liân
呃奶	eh-ni
呃酸	eh-sng
呈報	thîng-pò
呈獻	thîng-hiàn
呈現	tîng-hiān
呈請	tîng-tshíng
呈送	thîng-sàng
告一段落	kò-tsi̍t-tuānn-lo̍h
告倒轉	kò-tó-tńg
告別	kò-pia̍t
告別式	kò-pia̍t-sik
告學臺	kò-ha̍k-tâi
告急	kò-kip
告慰	kò-uì
告狀	kò-tsn̄g
告發	kò-huat
告白	kò-pi̍k
告知	kò-ti
告示	kò-sī
告訴	kò-sòo
告訴乃論	kò-sòo-nái-lūn
告誡	kò-kài
告貸	kò-tāi
告贏	kò-iânn
告輸	kò-su
告辭	kò-sî
呔哪	thái-tó
呔會	thài-ē
呢仔	nî-á
呢仔線	nî-á-suànn
呢的	nî-ê
呢線	nî-suànn
周刊	tsiu-khan
周到	tsiu-tò
周南	Tsiu-lâm
周圍	tsiu-uî
周子瑜	Tsiu-Tsú-jû
周密	tsiu-bi̍t
周寧	Tsiu-lîng
周怡怡	Tsiu-î-î
周旋	tsiu-suân
周杰倫	Tsiu-Kia̍t-lûn
周柏雅	Tsiu-Pek-ngá
周瑜	Tsiu-jû
周知	tsiu-ti
周章	tsiu-tsiong
周詳	tsiu-siông
周邊	tsiu-pinn
呯呯叫	phǹg-phǹg-kiò
呱呱叫	kua-kua-kiò
味噌草	bī-soh-tsháu
味素	bī-sòo
味素粉	bī-sòo-hún
味覺	bī-kak
呵咾	o-ló
呵咾甲會徛起來	o-ló-kah-ē-khiā-khí-lâi
呵咾甲會觸舌	o-ló-kah-ē-tak-tsi̍h
呵囉唆	hō-ló-sō
呵燒	ha-sio
呵茶	ha-tê
呸嘴瀾	phuì-tshuì-nuā
呸瀾	phuì-nuā
呸痰	phuì-thâm
呸白瀾	phuì-pe̍h-nuā
呸臭瀾	phuì-tshàu-nuā
呸血	phuì-hueh
呸面	phuì-bīn
呸頭呸面	phuì-thâu-phuì-bīn
呻食人	tshan-tsia̍h-lâng
呼之欲出	hoo-tsi-io̍k-tshut
呼倚來	khoo-uá-lâi
呼八音	hoo-pat-im
呼列拉	khoo-le-lah
呼叫	hoo-kiò
呼叫器	hoo-kiò-khì
呼名	hoo-miâ
呼吸	hoo-khip
呼吸器	hoo-khip-khì
呼吸治療師	hoo-khip-tī-liâu-su
呼吸道	hoo-khip-tō
呼吼	hoo-háu
呼呃	khoo-eh
呼呼叫	huh-huh-kiò
呼哨仔	khoo-su-á
呼噎仔	khoo-ù-á
呼屎呃	khoo-sái-eh
呼救	hoo-kiù
呼機仔	khoo-ki-á
呼氣	hoo-khì
呼氣治療師	hoo-khuì-tī-liâu-su
呼籲	hoo-io̍k
呼約	hoo-iok
呼聲	hoo-siann
呼觱仔	khoo-pi-á
呼請	hoo-tshiánn
呼雞	khoo-ke
呼音	hoo-im
呼風喚雨	hoo-hong-huàn-ú
呼鵓鵓	hoo-pu̍t-pu̍t
命中	miā-tiong
命令	bīng-līng
命冊	miā-tsheh
命底好	miā-té-hó
命數	miā-sòo
命根	miā-kin
命案	bīng-àn
命絲仔	miā-si-á
命絲根	miā-si-kin
命脈	miā-me̍h
命薄	miā-po̍h
命途	miā-tôo
命運	miā-ūn
命題	bīng-tê
咁好	kám-hó
咁按呢	kám-àn-ne
咁會	kám-ē
咁有影	kám-ū-iánn
咇咇掣	phi̍h-phi̍h-tshuah
咇噗惝	phi̍h-pho̍k-tshíng
咇噗跳	phi̍h-pho̍k-thiàu
咇怦喘	phi̍h-phēnn-tshuán
咈咈跳	phut-phut-thiàu
咋舌	nà-tsi̍h
和事佬	hô-sū-ló
和事老	hô-sū-ló
和力	hô-la̍t
和協	hô-hia̍p
和合	hô-ha̍p
和同	hô-tâng
和善	hô-siān
和好	hô-hó
和尚	huê-siūnn
和尚仔	huê-siūnn-á
和尚仔囝	huê-siūnn-á-kiánn
和尚洲	Hê-siūnn-tsiu
和尚衫	huê-siūnn-sann
和尚魚	huê-siūnn-hî
和尚龜	Huê-siūnn-ku
和局	hô-kio̍k
和平	hô-pîng
和平島	Hô-pîng-tó
和數	hô-sòo
和暖	hô-luán
和服	hô-ho̍k
和樂	hô-lo̍k
和歌	hô-kua
和氣	hô-khì
和牛	hô-gû
和盤	hô-puânn
和目鏡	hô-ba̍k-kiànn
和眾	hô-tsiòng
和睦	hô-bo̍k
和約	hô-iok
和絃	hô-hiân
和美	hô-bí
和聲	hô-sing
和肉敆	hām-bah-kap
和藥	hô-io̍h
和藹	hô-ái
和藹可親	hô-ái-khó-tshin
和親	hô-tshin
和解	hô-kái
和解書	hô-kái-su
和諧	hô-hâi
和議	hô-gī
和鎖匙	hô-só-sî
和音	hô-im
和順	hô-sūn
和風	hô-hong
和齊	hô-tsê
咍腮	hai-sai
咒天咒地	tsiù-thinn-tsiù-tē
咒懺	tsiù-tshàm
咒罵	tsiù-mē
咒詛	tsiù-tsóo
咒誓	tsiù-tsuā
咒誓予別人死	tsiù-tsuā-hōo-pa̍t-lâng-sí
咒語	tsiù-gí
咒讖	tsiù-tshàm
咖咖仔	ka-ka-á
咖哩	ka-lí
咖哩咖咾	ka-lí-ka-ló
咖哩飯	ka-lí-pn̄g
咖啡	ka-pi
咖啡因	ka-pi-in
咖啡園	ka-pi-hn̂g
咖啡壺	ka-pi-ôo
咖啡屋	ka-pi-ok
咖啡店	ka-pi-tiàm
咖啡廳	ka-pi-thiann
咖啡杯	ka-pi-pue
咖啡樹仔	ka-pi-tshiū-á
咖啡機	ka-pi-ki
咖啡欉	ka-pi-tsâng
咖啡甌	ka-pi-au
咖啡田	ka-pi-tshân
咖啡磨	ka-pi-bō
咖啡罐	ka-pi-kuàn
咖啡色	ka-pi-sik
咖啡豆仔	ka-pi-tāu-á
咖啡館	ka-pi-kuán
咖喱粉	ka-lí-hún
咩咩叫	me-me-kiò
咬人狗	kā-lâng-káu
咬人貓	kā-lâng-niau
咬個	kā-kâinn
咬合	Kā-ha̍p
咬嘴	kā-tshuì
咬嘴齒根	kā-tshuì-khí-kin
咬字	kā-lī
咬定	kā-tiānn
咬岫	kā-siū
咬指甲	kā-tsńg-kah
咬根	kā-kin
咬椆椆	kā-tiâu-tiâu
咬檳榔	kā-pin-nn̂g
咬死死	kā-sí-sí
咬牙	kā-gê
咬狗	kā-káu
咬甘	kā-kam
咬破	kā-phuà
咬破布	kā-phuà-pòo
咬群	kā-kûn
咬舌	kā-tsi̍h
咬芳	kā-phang
咬音	kā-im
咬食	kā-tsia̍h
咬齒	kā-khí
咯咯	keh-keh
咯嘴	lo̍k-tshuì
咯紅	kha̍k-hông
咯血	kha̍k-hueh
咱人	lán-lâng
咱去菜市仔	lán-khì-tshài-tshī-á
咱國	lán-kok
咱的	lán-ê
咱遮人	lán-tsiâ-lâng
咳咳嗽	khù-khù-sàu
咳啾	ka-tshiùnn
咳喀	khâm-khe̍h
咳嗽	ka-sàu
咳浞	ka-tsa̍k
咸豐	Hâm-hong
咸豐草	hâm-hong-tsháu
咻咻叫	hiu-hiu-kiò
咻咻吼	hu-hu-háu
咻喝	hiu-huah
咻應	hiu-ìng
咽喉	ian-âu
咿噁	ìnn-ònn
哀傷	ai-siong
哀勒伯	Ai-li̍k-pik
哀哀叫	ai-ai-kiò
哀哀呻	ai-ai-tshan
哀哀抽	ai-ai-thiu
哀哼	ai-hainn
哀怨	ai-uàn
哀悼	ai-tō
哀慟	ai-tōng
哀榮	ai-îng
哀求	ai-kiû
哀父叫母	ai-pē-kiò-bú
哀爸哭娘嬭	ai-pē-khàu-niû-lé
哀班	kiann-pan
哀痛	ai-thiànn
哀耳蘭	Ai-jínn-lân
哀詞	ai-sû
品仔	phín-á
品仔膜	phín-á-mo̍oh
品功	phín-kong
品勢頭	phín-sì-thâu
品名	phín-miâ
品嘗	phín-siông
品學兼優	phín-ha̍k-kiam-iu
品寶	phín-pó
品德	phín-tik
品捧	phín-phóng
品文品武	phín-bûn-phín-bú
品明	phín-bîng
品有錢	phín-ū-tsînn
品格	phín-keh
品牌	phín-pâi
品目	phín-ba̍k
品碗	phín-uánn
品種	phín-tsíng
品管	phín-kuán
品級	phín-kip
品茗	phín-bîng
品行	phín-hīng
品評	phín-phîng
品貌	phín-māu
品質	phín-tsit
品類	phín-luī
品鱸鰻	phín-lôo-muâ
哄人	hánn-lâng
哄勢	hánn-sì
哄喝	háng-huah
哄嚇	hánn-heh
哄孔	háng-khang
哄狗相咬	hōng-káu-sio-kā
哄翕	hánn-hip
哄頭	hánn-thâu
哄騙	háng-phiàn
哄驚	hánn-kiann
哆囉嘓	To-lô-kok
哆囉嘓東下堡	To-lô-kok-tang-ē-pó
哆囉嘓東頂堡	To-lô-kok-tang-tíng-pó
哆囉嘓西堡	To-lô-kok-sai-pó
哆囉滿	To-lô-buán
哇仔	ua-á
哇子	ua-tsú
哇雞	ua-ke
哈仙	hap-sian
哈佛	Ha-hu̍t
哈佛大學	Ha-hu̍t-tāi-ha̍k
哈哈笑	ha-ha-tshiò
哈哈鏡	ha-ha-kiànn
哈唏	hah-hi
哈啄	há-tok
哈啾	hah-tshiùnn
哈囉	ha-looh
哈巴狗	ha-pa-káu
哈日	hah-Ji̍t
哈氣	ha-khuì
哈耶國	Ha-iâ-kok
哈肺	hah-hì
哈達	ha-ta̍t
哈韓	hah-Hân
哈馬星	Há-má-sing
哎喲有影會曉呢	aih-ió-ū-iánn-ē-hiáu-neh
哞哞哮	mà-mà-háu
哞哞睏	moo-moo-khùn
員外	guân-guē
員山	Înn-suann
員山仔	Înn-suann-á
員工	uân-kang
員差	uân-tshe
員林	Uân-lîm
員警	uân-kíng
哥倫比亞	Ko-lûn-pí-a
哥哥	ko-ko
哥本哈根	Ko-pún-ha-kin
哥裕利亞	Ko-jū-lī-a
哧場	hiánn-tiûnn
哨尿	si-jiō
哨角	sàu-kak
哨角隊	siàu-kak-tuī
哩哩塌塌	lî-lî-lap-lap
哩哩律律	lí-li-lu̍t-lu̍t
哩哩落落	lí-li-lo̍k-lo̍k
哩囉	li-lo
哪吒	lô-tshia
哪會按呢	ná-ē-an-nē
哪有	ná-ū
哪有可能	ná-ū-khó-lîng
哭佮啼	khàu-kah-thî
哭呻	khàu-tshan
哭哼	khàu-hinn
哭啜	khàu-tshueh
哭喪杖	khok-song-tiōng
哭嚎	khàu-âu
哭山杖	khok-san-tiōng
哭慼	khàu-tshueh
哭投	khàu-tâu
哭枵	khàu-iau
哭死賴人	khàu-sí-luā-lâng
哭父	khàu-pē
哭爸	khàu-pē
哭爸哭母	khàu-pē-khàu-bú
哭痛	khàu-thiànn
哭篤舍	khàu-tok-sià
哭聲	khàu-siann
哭苦	khàu-khóo
哭訴	khàu-sòo
哭賴	khàu-luā
哮叫	hàu-kiò
哮呻	háu-tshan
哮咩咩	háu-me-me
哮哼	háu-hinn
哮啁啁	háu-tsiuh-tsiuh
哮雞	háu-ke
哱哱喘	phu̍h-phu̍h-tshuán
哱痧藥	phuh-sua-io̍h
哲人	tiat-jîn
哲學	thiat-ha̍k
哲學家	tiat-ha̍k-ka
哲學系	tiat-ha̍k-hē
哲理	thiat-lí
哳哳叫	tsiauh-tsiauh-kiò
哺檳榔	pōo-pin-nn̂g
哺育	pōo-io̍k
哺舌	pōo-tsi̍h
哺薰	pōo-hun
哺豆仔	pōo-tāu-á
哺食	pōo-tsia̍h
哺齒	pōo-khí
哼人	hng-lâng
哼呻	hainn-tshan
哼哼叫	hainn-hainn-kiò
哼哼呻	hainn-hainn-tshan
哼哼哮	hinn-hinn-háu
哼哼哼哼	hinn-hinn-hainn-hainn
哼哼喘	hinn-hinn-tshuán
哼艱苦	hainn-kan-khóo
哽著	kénn-tio̍h
唁唁唸	ngia̍uh-ngia̍uh-liām
唁噭	ngiauh-kiauh
唅飯	ām-pn̄g
唆使	so-sú
唆弄	so-lōng
唇紅	tûn-hông
唇紅齒白	tûn-hông-tshí-pi̍k
唇齒	tûn-khí
唉呀	ai-iah
唉呻	ai-tshan
唉點	hāinn-tiám
唌人	siânn-lâng
唌人睏	siânn-lâng-khùn
唌愛	siânn-ài
唌睏	siânn-khùn
唌迷	siânn-bê
唏嚇叫	hì-heh-kiò
唐三藏	Tông-Sam-tsōng
唐人字	tn̂g-lâng-jī
唐人街	tông-jîn-ke
唐代	tông-tāi
唐山	Tn̂g-suann
唐山屎食袂了	Tn̂g-suann-sái-tsia̍h-bē-liáu
唐景崧	Tn̂g-Kíng-siông
唐朝	tông-tiâu
唐突	tông-tu̍t
唐突間	tông-thu̍t-kan
唐老鴨	Tông-lāu-ah
唐裝	tông-tsong
唐詩三百首	Tông-si-Sam-pik-siú
唐風	Tông-hong
唐鴨仔	Tn̂g-ah-á
唔口	onn-káu
唔口仔	onn-káu-á
唚一下	tsim-tsi̍t-ē
唚嘴	tsim-tshuì
唦聲	sau-siann
唪唪嗤	phōng-phōng-tshi
唬人	hóo-lâng
唬秤頭	hóo-tshìn-thâu
唭哩岸	Kì-lí-gān
售價	siû-kè
售出	siû-tshut
售票	siû-phiò
售票員	siû-phiò-uân
唯一	î-it
唯利是圖	uî-lī-sī-tôo
唯恐天下不亂	uî-khióng-thian-hā-put-luān
唯是	bī-sī
唯有	î-iú
唯美	î-bí
唱價	tshiàng-kè
唱出	tshiùnn-tshut
唱反調	tshiàng-huán-tiāu
唱名	tshiàng-miâ
唱明	tshiàng-bîng
唱曲	tshiùnn-khik
唱機	tshiùnn-ki
唱歌	tshiùnn-kua
唱注	tshiàng-tù
唱片	tshiònn-phìnn
唱盤	tshiùnn-puânn
唱盤機	tshiùnn-puânn-ki
唱禮	tshiàng-lé
唱聲	tshiàng-siann
唱衰	tshiàng-sue
唱調	tshiùnn-tiāu
唱起	tshiùnn-khí
唸夢話	liām-bāng-uē
唸套頭	liām-thò-thâu
唸書	liām-tsu
唸歌訣	liām-ko-kuat
唸經	liām-king
唸茹	liām-jû
唸訣	liām-kuat
唸誆	liām-kōng
唼一嘴	tsip-tsi̍t-tshuì
啄價	tok-kè
啄嗶仔	tok-pit-á
啄樹仔鳥	tok-tshiū-á-tsiáu
啄樹鳥	tok-tshiū-tsiáu
啄殼	tok-khak
啄毛	tok-mn̂g
啄花	tok-hue
啄蛀	tok-tsiù
啄鼻	tok-phīnn
啄鼻仔	tok-phīnn-á
啄鼻仔花	tok-phīnn-á-hue
啄龜	tok-ku
商人	siong-jîn
商務	siong-bū
商務部	siong-bū-pōo
商品	siong-phín
商品化	siong-phín-huà
商品標示	siong-phín-phiau-sī
商場	siong-tiûnn
商家	siong-ka
商專	siong-tsuan
商展	siang-tián
商店	siong-tiàm
商情	siong-tsîng
商數	siong-sòo
商會	siong-huē
商業	siong-gia̍p
商業化	siong-gia̍p-huà
商業區	siong-gia̍p-khu
商標	siong-phiau
商標權	siong-phiau-kuân
商法	siong-huat
商港	siong-káng
商用	siong-iōng
商界	siong-kài
商社	siong-siā
商科	siong-kho
商職	siong-tsit
商船	siong-tsûn
商號	siong-hō
商訂	siong-tìng
商討	siong-thó
商談	siong-tâm
商議	siong-gī
商譽	siong-ī
商量	siong-liông
商銀	siong-gîn
商陸	siong-lio̍k
商隊	siong-tuī
啉予焦	lim-hōo-ta
啉咖啡	lim-ka-pi
啉燒酒	lim-sio-tsiú
啉甲飽	lim-kah-pá
啉迵海	lim-thàng-hái
啉食𨑨	lim-tsia̍h-tshit
啊你毋就足𠢕	ah-lí-m̄-tio̍h-tsiok-gâu
啊毋就	ah-m̄-tō
啊毋就按呢	ah-m̄-tō-án-ne
問世	būn-sè
問仙	muī-sian
問候	būn-hāu
問卷	mn̄g-kuàn
問卷調查	Mn̄g-kuàn-tiāu-tsa
問喪	būn-song
問好	būn-hó
問徒	būn-tôo
問心無愧	būn-sim-bô-khuì
問津	būn-tin
問甲一支柄	mn̄g-kah-tsi̍t-ki-pènn
問答	būn-tap
問著	mn̄g-tio̍h
問號	būn-hō
問覓	mn̄g-bāi
問話	būn-uē
問路	mn̄g-lōo
問長問短	mn̄g-tn̂g-mn̄g-té
問題	būn-tê
問點	mn̄g-tiám
啖一嘴	tam-tsi̍t-tshuì
啖看覓	tam-khuànn-bāi
啖糝	tām-sám
啞口	é-káu
啞口仔電影	é-káu-á-tiān-iánn
啞口痧	é-káu-sua
啞口的	é-káu-ê
啞口聲	é-káu-siann
啞口花	é-káu-hue
啞口鐵	é-káu-thih
啞聲	é-siann
啞鈴	à-lîng
啞鐘	é-tsing
啟事	khé-sū
啟動	khé-tōng
啟德機場	Khé-tik-ki-tiûnn
啟明	khé-bîng
啟明星	khé-bîng-tshenn
啟智	khé-tì
啟用	khé-iōng
啟發	khé-huat
啟示	khé-sī
啟航	khé-hâng
啟蒙	khé-bông
啟露笠	khé-lōo-le̍h
啡仔	pe-á
啡啡子	pi-pi-á
啡子	pi-á
啤酒	bih-luh
啤酒肚	bih-luh-tóo
啥乜	siánn-mih
啥乜人	siánn-mih-lâng
啥乜款	siánn-mih-khuán
啥事	siánn-sū
啥人	siánn-lâng
啥人知	siánn-lâng-tsai
啥仔	sánn-á
啥代	siannh-tāi
啥扮勢	siánn-pān-sì
啥時	siánn-sî
啥時陣	siánn-sî-tsūn
啥樣	siánn-iūnn
啥款	siánn-khuán
啥步	siannh-pōo
啥潲	sánn-siâu
啥物	sannh-mih
啥物代誌	siánn-mih-tāi-tsì
啥物時陣	siánn-mih-sî-tsūn
啥物款	siánn-mi̍h-khuán
啥物物件	siánn-mih-mi̍h-kiānn
啥物碗糕	siánn-mih-uánn-ko
啥空	siánn-khang
啥貨	siánn-huè
啦啦隊	lah-lah-tuī
啪啦拳	Pha-la-kheng
啪啪霆	phia̍k-phia̍k-tân
啪靂	pi̍k-li̍k
啼叫	thî-kiò
啼哭	thî-khàu
啼更	thî-kenn
啼笑皆非	thî-tshiò-kai-hui
喀痰藥	khe̍nnh-thâm-io̍h
喁喁唸	ngāu-ngāu-liām
喃喃自語	lâm-lâm-tsū-gí
善事	siān-sū
善人	siān-jîn
善加	siān-ka
善化	Siān-huà
善堂	siān-tn̂g
善待	siān-thāi
善後	siān-hiō
善心	siān-sim
善惡	siān-ok
善意	siān-ì
善男	siān-lâm
善終	siān-tsiong
善緣	siān-iân
善良	siān-liâng
善蟲仔	siān-thâng-á
善行	siān-hīng
喇叭	là-pa
喇叭花	lah-pah-hue
喇嘛	lah-mah
喇嘻	la-hi
喇天	la-thian
喇榮	la-îng
喇涼	la-liâng
喇涼話	la-liâng-uē
喇絡	la-le
喇缽	la-puah
喇閒	la-îng
喈喈叫	kainn-kainn-kiò
喉實	âu-tsa̍t
喉淀	âu-tīnn
喉焦喙渴	âu-ta-tshuì-khuah
喉焦舌渴	âu-ta-tsi̍h-khuah
喉痺	âu-pì
喉空	âu-khang
喉管淀	âu-kńg-tīnn
喉蛾	âu-ngôo
喉鐘	âu-tsing
喉韻	âu-ūn
喊予伊走	hiàm-hōo-i-tsáu
喊冤	hán-uan
喊叫	hiàm-kiò
喊名	hiàm-miâ
喊咻	hiàm-hiu
喊喝	hán-huah
喊嗽	khām-sàu
喊班	hán-pan
喊甲會夯起來	hiàm-kah-ē-giâ-khí-lâi
喊苦	hiàm-khóo
喊車	hiàm-tshia
喊雞	hiàm-ke
喊魂	hiàm-hûn
喋常	thi̍h-siông
喋無停	thi̍h-bô-thîng
喋詳	thi̍h-siông
喑噁	ìnn-ònn
喘大氣	tshuán-tuā-khuì
喘氣	tshuán-khuì
喘病	tshuán-pēnn
喙䫌紅	tshuì-phué-âng
喙䫌骨	tshuì-phè-kut
喙下頦	tshuì-ē-hâi
喙下𦜆	tshuì-ē-ham
喙佮心肝對逆	tshuì-kah-sim-kuann-tuì-gi̍k
喙口	tshuì-kháu
喙口定	tshuì-kháu-tiānn
喙口話	tshuì-kháu-uē
喙口願	tshuì-kháu-guān
喙呼	tshuì-hoo
喙密	tshuì-ba̍t
喙尖舌利	tshuì-tsiam-tsi̍h-lāi
喙應	tshuì-ìng
喙掩仔	tshuì-ng-á
喙斗	tshuì-táu
喙櫳	tshuì-lang
喙歪目睭斜	tshuì-uai-ba̍k-tsiu-tshua̍h
喙歹心肝好	tshuì-pháinn-sim-kuann-hó
喙水	tshuì-suí
喙滑	tshuì-ku̍t
喙潲	tshuì-siâu
喙瀾	tshuì-nuā
喙瀾水	tshuì-nuā-tsuí
喙瀾腺	tshuì-nuā-suànn
喙瀾花	Tshuì-nuā-hue
喙無掛牛喙罨	tshuì-bô-kuà-gû-tshuì-lam
喙無迵心肝	tshuì-bô-thàng-sim-kuann
喙焦喉渴	tshuì-ta-âu-khuah
喙焦嚨喉渴	tshuì-ta-nâ-âu-khuah
喙爪	tshuì-jiáu
喙琴	tshuì-khîm
喙甜心肝烏	tshuì-tinn-sim-kuann-oo
喙目鼻	tshuì-ba̍k-phīnn
喙硬	tshuì-ngē
喙空癌	tshuì-khang-gâm
喙空黏膜	tshuì-khang-liâm-mo̍oh
喙約	tshuì-iok
喙緊	tshuì-kín
喙罨囊	tshuì-am-lông
喙罨囊仔	tshuì-am-lông-á
喙罨套仔	tshuì-am-thò-á
喙罩	tshuì-tà
喙脣	tshuì-tûn
喙脣皮相款待	tshuì-tûn-phuê-sio-khuán-thāi
喙脣膏	tshuì-tûn-ko
喙舌拍結	tshuì-tsi̍h-phah-kat
喙舌頭仔	tshuì-tsi̍h-thâu-á
喙花	tshuì-hue
喙花利	tshuì-hue-lāi
喙角	tshuì-kak
喙角全泡	tshuì-kak-tsuân-pho
喙講	tshuì-kóng
喙講無憑	tshuì-kóng-bô-pîn
喙講甲無油	tshuì-kóng-kah-bô-iû
喙路	tshuì-lōo
喙踏脫	tshuì-ta̍h-thut
喙較密閣米篩目枋	tshuì-khah-ba̍t-koh-bí-thai-ba̍k-pang
喙較密閣菜籃	tshuì-khah-ba̍t-koh-tshài-nâ
喙較櫳過褲頭	Tshuì-khah-lang-kuè-khòo-thâu
喙邊	tshuì-pinn
喙鈍	tshuì-tun
喙限	tshuì-ān
喙頭儼硬	tshuì-thâu-giám-ngē
喙食物仔	tshuì-tsia̍h-mi̍h-á
喙鬚	tshuì-tshiu
喙鬚剾仔	tshuì-tshiu-khau-á
喙鬚剾刀	tshuì-tshiu-khau-to
喙鬚節仔	tshuì-tshiu-tsat-á
喙齒	tshuì-khí
喙齒佮喙舌也會相觸著	tshuì-khí-kah-tshuì-tsi̍h-iā-ē-sio-tak-tio̍h
喙齒疼	tshuì-khí-thiànn
喙𪁎	tshuì-tshio
喚士	huàn-sū
喚起	huàn-khí
喚醒	huàn-tshénn
喜事	hí-sū
喜劇	hí-ki̍k
喜劇片	hí-kio̍k-phìnn
喜宴	hí-iàn
喜帖	hí-thiap
喜形於色	hí-hîng-û-sik
喜悅	hí-ia̍t
喜愛	hí-ài
喜慶	hí-khìng
喜新厭舊	hí-sin-iàm-kū
喜樂	hí-lo̍k
喜氣	hí-khì
喜洋洋	hí-iông-iông
喜筵	hí-iân
喜糖	hí-thn̂g
喜色	hí-sik
喜訊	hí-sìn
喜轎	hí-kiō
喜酒	hí-tsiú
喜鵲	hí-tshiok
喜齣	hí-tshut
喝一下是	huah-tsi̍t-ē-sī
喝令	huah-līng
喝價	huah-kè
喝冤枉	huah-uan-óng
喝出	huah-tshut
喝卓	hat-tok
喝咻	huah-hiu
喝唏	huah-hi
喝喊	huah-hiàm
喝好	huah-hó
喝彩	hat-tshái
喝拂	huah-hut
喝拳	huah-kûn
喝救	huah-kiù
喝救人	huah-kiù-lâng
喝救護	huah-kiù-hōo
喝水會堅凍	huah-tsuí-ē-kian-tàng
喝烏喝白	huah-oo-huah-pe̍h
喝煞	huah-suah
喝熊喝虎	huah-hîm-huah-hóo
喝玲瓏	huah-lîng-long
喝聲	huah-siann
喝賊	huah-tsha̍t
喝賣	huah-bē
喝路	huah-lōo
喝退	hat-thè
喝道	huah-tō
喝醒	huah-tshénn
喝采	hat-tshái
喝開路	huah-khui-lōo
喝頭	hat-thâu
喢喢念	tsha̍p-tsha̍p-liām
喢喢滴	tsha̍p-tsha̍p-tih
喢心氣	sannh-sim-khuì
喢著風	sannh-tio̍h-hong
喢頭不起	sannh-thâu-put-khí
喧嘩	suan-hua
喧鬧	suan-nāu
喨仔	liāng-á
喨仔共揤落	liâng-á-kā-tshi̍h-lueh
喨仔切予開	liang-á-tshiat-hōo-khui
喪事	song-sū
喪假	song-ká
喪命	sòng-bīng
喪喜事	song-hí-sū
喪失	sòng-sit
喪孝	sng-hà
喪家	song-ke
喪屍	sòng-si
喪心失德	sòng-sim-sit-tik
喪心敗德	sòng-sim-pāi-tik
喪服	song-ho̍k
喪煞	sng-suah
喪生	sòng-sing
喪禮	song-lé
喪膽	sòng-tánn
喪葬	song-tsòng
喪鐘	song-tsiong
喪鬮煞	sng-khau-suah
喫瓜子	khè-kue-tsí
喬人	khiâu-lâng
喬吊	khiâu-tiàu
喬木	khiâu-bo̍k
喬治亞	Kiâu-tī-a
喬苦	khiâu-khóo
喬裝	kiâu-tsong
喬酷	khiâu-khok
單一	tan-it
單丁	tan-ting
單丁過代	tuann-ting-kuè-tāi
單人床	tan-jîn-tshn̂g
單仔	tuann-á
單位	tan-uī
單個	tuann-ê
單價	tan-kè
單元	tan-guân
單元操作	tan-guân-tshau-tsok
單冬	tuann-tāngtiu
單刀赴馬	tan-to-hù-má
單單	tan-tan
單大鉗	Tuann-tuā-khînn
單字	tan-jī
單字元	tan-jī-guân
單字尾	tan-jī-bué
單字庫	tan-jī-khòo
單字彙	tan-jī-luī
單字性	tan-jī-sìng
單字綴	tan-jī-tuè
單字頭	tan-jī-thâu
單尾	tuann-bué
單巡	tuann-sûn
單循環	tan-sûn-khuân
單扇門	tuann-sìnn-mn̂g
單打	tan-tánn
單打獨鬥	tan-tánn-to̍k-tàu
單摘	tuann-tiah
單據	tan-kì
單數	tan-sòo
單方	tan-hong
單方面	tan-hong-bīn
單日	tan-ji̍t
單月	tan-gue̍h
單板橋	tan-pán-kiô
單條	tan-tiâu
單槍匹馬	tan-tshiu-phit-bé
單槓	tan-kǹg
單水	tuann-tsuí
單獨	tan-to̍k
單生囝	tuann-senn-kiánn
單目仔	tuann-ba̍k-á
單眼皮	tan-gán-phuê
單純	tan-sûn
單線	tan-suànn
單腳手	tuann-kha-tshiú
單色	tan-sik
單草一糊	tan-tsháu-tsi̍t-kôo
單號	tuann-hō
單行	tan-hîng
單行道	tan-hîng-tō
單調	tan-tiāu
單身	tan-sin
單身匹馬	tuann-sin-phit-bé
單身哥仔	tuann-sin-ko-á
單身漢	tuann-sin-hàn
單車	tan-tshia
單逝	tuann-tsuā
單面	tuann-bīn
單音	tan-im
單項	tan-hāng
喻為	jū-uî
嗅鼻	sngh-phīnn
嗍奶	suh-ling
嗍氣	soh-khuì
嗍汗	soh-kuānn
嗍燻	suh-hun
嗍血	suh-hueh
嗎一聲	ma-tsi̍t-siann
嗎啡	môo-hui
嗒嗒嘀	tah-tah-ti
嗖嗖叫	sǹg-sǹg-kiò
嗣而後	sū-lî-hōo
嗤呲	tshi-tshu
嗤喳叫	tshi-tshā-kiò
嗤嗤嗆嗆	tshi-tshi-tshngh-tshngh
嗤悄	tshih-tshiauh
嗯旋	ng-tsn̂g
嗶噗筅	phi̍h-pho̍k-tsháinn
嗶噗跳	pi̍h-pho̍k-thiàu
嗷嗷唸	ka̍uh-ka̍uh-liām
嗷嗷念	ngâu-ngâu-liām
嗺一下	sui-tsi̍t-ē
嗽痰	sàu-thâm
嘆息	thàn-sik
嘈促	tso-tsak
嘈嘈	tshāu-tshāu
嘈嘈唸	tsha̍uh-tsha̍uh-liām
嘈嘈念	tshāu-tshāu-liām
嘈死	tsō-sí
嘈齪	tsô-tsak
嘉勉	ka-bián
嘉南	ka-lâm
嘉南大圳	Ka-lâm-tuā-tsùn
嘉善	Ka-siān
嘉寶瓜	ka-pó-kue
嘉年華	Ka-liân-huâ
嘉惠	ka-huī
嘉慶	ka-khìng
嘉獎	ka-tsióng
嘉禮	ka-lé
嘉禮戲	ka-lí-hì
嘉禾	Ka-hô
嘉義	Ka-gī
嘉義四角酥	Ka-gī-sì-kak-soo
嘉義東堡	Ka-gī-tang-pó
嘉義縣	Ka-gī-kuān
嘉義西堡	Ka-gī-sai-pó
嘉義農專	Ka-gī-lông-tsuan
嘉義農林學校	Ka-gī-Lông-lîm-Ha̍k-hāu
嘉義青虳	Ka-gī-tshenn-ioh
嘉興	Ka-hing
嘉許	ka-hí
嘉農	Ka-lông
嘉鱸仔	ka-lôo-á
嘎嘎叫	ka̍h-ka̍h-kiò
嘎嘎滾	ka̍h-ka̍h-kún
嘐嘐叫	lō-lō-kiò
嘐搦八級	hau-la̍k-peh-kip
嘐潲	hau-siâu
嘓仔槌	kho̍k-á-thuî
嘔吐	áu-thòo
嘔心血	áu-sim-hiat
嘔漏	áu-làu
嘔紅	áu-âng
嘔興	ió-hìng
嘔落	áu-làu
嘔藥	áu-io̍h
嘔血	áu-hueh
嘖嘖稱奇	tsik-tsik-tshing-kî
嘛是	mā-sī
嘛有	mā-ū
嘛著	mā-tio̍h
嘛閣	mā-koh
嘛閣敢	mā-koh-kánn
嘟嘴	tu-tshuì
嘩嘩吼	huā-huā-háu
嘩嘩嚷	huā-huā-lióng
嘩嘩滾	huā-huā-kún
嘩滾	huā-kún
嘩酒	huā-tsiú
嘮哩仔	lô-lí-á
嘮嘮舌	lo-lo-sia̍t
嘰嘰攪攪	ki-ki-kia̍uh-kia̍uh
嘲皮	sau-phî
嘲笑	sau-tshiò
嘲臉	sau-lián
嘲諷	tau-hóng
嘴下斗	tshuì-ē-táu
嘴下頦	tshuì-ē-huâi
嘴下頷	tshuì-ē-ham
嘴凊	tshuì-tshìn
嘴口	tshuì-kháu
嘴口定	tshuì-kháu-tiānn
嘴口話	tshuì-kháu-uē
嘴口願	tshuì-kháu-guān
嘴呼	tshuì-hoo
嘴唇	tshuì-tûn
嘴唇珠	tshuì-tûn-tsu
嘴唇皮	tshuì-tûn-phuê
嘴密	tshuì-ba̍t
嘴尾	tshuì-bué
嘴峭	tshuì-tshio
嘴強	tshuì-kiāng
嘴快	tshuì-khuài
嘴應	tshuì-ín
嘴扁	tshuì-pínn
嘴掩	tshuì-am
嘴放冗	tshuì-pàng-līng
嘴斗	tshuì-táu
嘴殘	tshuì-tsuânn
嘴水	tshuì-tsuí
嘴汫	tshuì-tsiánn
嘴汫汫	tshuì-tsiánn-tsiánn
嘴滑	tshuì-ku̍t
嘴瀾	tshuì-nuā
嘴瀾水	tshuì-nuā-tsuí
嘴琴	tshuì-khîm
嘴甜	tshuì-tinn
嘴白	tshuì-pe̍h
嘴目鼻	tshuì-ba̍k-phīnn
嘴硬	tshuì-ngē
嘴空	tshuì-khang
嘴笑目笑	tshuì-tshiò-ba̍k-tshiò
嘴粕粕	tshuì-phoh-phoh
嘴約	tshuì-iok
嘴緊	tshuì-kín
嘴罩	tshuì-tà
嘴聖	tshuì-siànn
嘴腔	tshuì-khang
嘴腮	tshuì-sai
嘴臭	tshuì-tshàu
嘴舌	tshuì-tsi̍h
嘴舌尾	tshuì-tsi̍h-bué
嘴舌根	tshuì-tsi̍h-kin
嘴舌頭	tshuì-tsi̍h-thâu
嘴花	tshuì-hue
嘴花利	tshuì-hue-lāi
嘴苦	tshuì-khóo
嘴角	tshuì-kak
嘴觸舌	tshuì-tak-tsi̍h
嘴講	tshuì-kóng
嘴譯	tshuì-i̍k
嘴起凊	tshuì-khí-tshìn
嘴路	tshuì-lōo
嘴踏脫	tshuì-ta̍h-thut
嘴邊	tshuì-pinn
嘴鈍	tshuì-tun
嘴錦	tshuì-gím
嘴限	tshuì-ān
嘴面	tshuì-bīn
嘴食物	tshuì-tsia̍h-mi̍h
嘴食緊	tshuì-tsia̍h-kín
嘴飫	tshuì-uì
嘴饞	tshuì-sâi
嘴鬚	tshuì-tshiu
嘴鬚糖	tshuì-tshiu-thn̂g
嘴鶺	tshuì-tshio
嘴麩	tshuì-pho
嘴鼻	tshuì-phīnn
嘴齒	tshuì-khí
嘴齒凸凸	tshuì-khí-phok-phok
嘴齒岸	tshuì-khí-huānn
嘴齒暴暴	tshuì-khí-pauh-pauh
嘴齒根	tshuì-khí-kin
嘴齒標標	tshuì-khí-pio-pio
嘴齒瘍	tshuì-khí-siûnn
嘴齒縫	tshuì-khí-phāng
嘴齒腳	tshuì-khí-kha
嘴齒頭	tshuì-khí-thâu
嘴齒齦	tshuì-khí-jîn
嘶尿	si-jiō
嘶聲	sau-siann
嘹喨	liâu-liāng
嘻嘻笑	hi-hi-tshiò
噁噁嚷	ònn-ònn-jiáng
噌鼻	tshn̍gh-phīnn
噍吧哖	Ta-pa-nî
噎奶	eh-ling
噓哈	hìnn-hannh
噓嚇叫	hìnn-heh-kiò
噗仔聲	pho̍k-á-siann
噗仔聲鼓勵一下	pho̍k-á-siann-kóo-lē-tsi̍t-ē
噗噗惝	pho̍k-pho̍k-tshíng
噗矸錘	po̍k-kan-thuî
噗肚岸	phok-tóo-huānn
噗薰	pok-hun
器具	khì-khū
器官	khì-kuan
器材	khì-tsâi
器械	khì-hâi
器皿	khì-bíng
器重	khì-tiōng
噪人耳	tshò-lâng-hīnn
噪耳	tshò-hīnn
噪耳聲	tshò-hīnn-siann
噪音	tshò-im
噬狗	sē-káu
噭噭叫	kiauh-kiauh-kiò
噭噭嚷	kiauh-kiauh-jióng
噭噭死	kiauh-kiauh-sí
噯仔	ái-á
噯喲	ai-ioh
噴傾	phùn-khing
噴出	phùn-tshut
噴出來	phùn-tshut-lâi
噴出岩	phùn-tshut-giâm
噴劑	phùn-tse
噴嘴	phùn-tshuì
噴噴	phùn-phùn
噴噴仔	phùn-phùn-á
噴射	phùn-siā
噴射機	phùn-siā-ki
噴氣	phùn-khì
噴水	phùn-tsuí
噴水壺	phùn-tsuí-ôo
噴水池	phùn-tsuí-tî
噴泉	phùn-tsuânn
噴漆	phùn-tshat
噴潲	phùn-siâu
噴濺	phùn-tsuānn
噴瀾	phùn-nuā
噴火器	phùn-hué-khì
噴火山	phùn-hué-suann
噴火龍	Phùn-hué-liông
噴著	phùn-tio̍h
噴雨	phùn-hōo
噴雨仔	phùn-hōo-á
噴雨鬚	phùn-hōo-tshiu
噴雨鬚仔	phùn-hōo-tshiu-á
噴雨點	phùn-hōo-tiám
噴雪	phùn-seh
噴雪霎仔	phùn-seh-sap-á
噴霧器	phùn-bū-khì
噴點	phùn-tiám
噶哈巫	Kā-ha-bu
噷噷	hm̍h-hm̍h
噷噷叫	hm-hm-kiò
噷噷食三碗公半	hm̍h-hm̍h-tsia̍h-sann-uánn-kong-puànn
噸位	tùn-uī
噸數	tòng-sòo
嚇價	hiannh-kè
嚇半死	heh-puànn-sí
嚇呢	hann-nih
嚇我袂倒	hennh-guá-bē-tó
嚇止	heh-tsí
嚇死	heh-sí
嚇著	heh-tio̍h
嚇頭	hánn-thâu
嚇風	hiannh-hong
嚇驚	heh-kiann
嚇驚人	heh-kiann-lâng
嚎叫	âu-kiò
嚎糟	âu-tsau
嚐著	tam-tio̍h
嚓嚓趒	tshia̍k-tshia̍k-tiô
嚜碼	ba̍k-bé
嚥氣	iàn-khì
嚨喉	nâ-âu
嚨喉奶仔	nâ-âu-ni-á
嚨喉框仔	nâ-âu-khing-á
嚨喉淀	nâ-âu-tīnn
嚨喉滴仔	nâ-âu-tih-á
嚨喉症	nâ-âu-tsìng
嚨喉痛	nâ-âu-thiànn
嚨喉空	nâ-âu-khang
嚨喉管	nâ-âu-kńg
嚨喉蒂仔	nâ-âu-tì-á
嚨喉蛾	nâ-âu-ngôo
嚨喉鍾仔	nâ-âu-tsing-á
嚨喉鐘	nâ-âu-tsing
嚨喉鐘仔	nâ-âu-tsing-á
嚨喉鐘仔骨	nâ-âu-ttsing-á-kut
嚨喉骨	nâ-âu-kut
嚮導	hiáng-tō
嚮時	hiàng-sî
嚴冬	giâm-tong
嚴刑	giâm-hîng
嚴刑峻法	giâm-hîng-tsùn-huat
嚴厲	giâm-lē
嚴啀	giâm-gâi
嚴守	giâm-siú
嚴家淦	Giâm-Ka-kàm
嚴密	giâm-bi̍t
嚴寒	giâm-hân
嚴審	giâm-sím
嚴峻	giâm-tsùn
嚴懲	giâm-tîng
嚴明	giâm-bîng
嚴暑	giâm-sú
嚴格	giâm-keh
嚴正	giâm-tsìng
嚴父	giâm-hū
嚴禁	giâm-kìm
嚴罰	giâm-hua̍t
嚴肅	giâm-siok
嚴苛	giâm-kho
嚴詞	giâm-sû
嚴謹	giâm-kín
嚴辦	giâm-pān
嚴重	giâm-tiōng
嚴防	giâm-hông
嚴陣以待	giâm-tīn-í-thāi
嚶嚶叫	ng-ng-kiò
嚶嚶哮	ng-ng-háu
嚷喝	jióng-huah
嚷罵	jióng-mē
嚷鬧	jióng-nāu
嚼嚼吼	tsia̍uh-tsia̍uh-háu
嚾歸黨	uang-kui-tóng
嚾葛	uang-kuah
囂俳	hiau-pai
囂掰	hiau-pai
囈囈顫	gē-gē-tsùn
囉叨	lô-tho
囉哩啼	lo-li-thi
囉哩囉翱	lô-lí-lô-kô
囉啼	lo-thi
囉喋喋	lô-thi-thi
囉嗦	lô-so
囉嗦話	lô-so-uē
囉囉啼	lô-lô-thi
囉囉喋	lô-lô-thi
囉囉撅	lô-lô-kuat
囊仔	long-á
囊入	lông-li̍p
囊手束	lông-tshiú-sok
囊批	lông-phe
囊箍仔	long-khoo-á
囊衫	lông-sann
囑咐	tsiok-hù
囑託	tsiok-thok
囓仔	giat-á
囓仔蟲	giat-á-thâng
囚犯	siû-huān
囚禁	siû-kìm
四乂猫	Sù-ngāi-bâ
四九五月	sì-káu-gōo-gue̍h
四五路	sì-ngóo-lōo
四仙屏	sì-sian-pîn
四伨	sì-thīn
四健會	sù-kiānn-huē
四兩鈗仔無除	sì-niú-ńg-á-bô-tî
四出	sì-tshut
四十捅	sì-tsa̍p-thóng
四叉貓	sì-tshe-niau
四句仔	sì-kù-á
四合院	sì-ha̍p-īnn
四周	sì-tsiu
四周圍	sì-tsiu-uî
四周墘	sì-tsiu-kînn
四四散散	sì-sì-suànn-suànn
四圍	sì-uî
四城	Sì-siânn
四塊厝	sì-tè-tshù
四壯	sì-tsàng
四媵	sì-thīn
四季	sù-kuì
四季春	sù-kuì-tshun
四季花	sù-kuì-hue
四季豆	sù-kuì-tāu
四射	sì-siā
四小龍	sì-sió-lîng
四川	Sù-tshuan
四川省	Sù-tshuan-síng
四川菜	sù-tshuan-tshài
四常	sù-siông
四平山	sù-pîng-san
四序	sù-sī
四序箍仔	sù-sī-khoo-á
四念白	sì-liām-pe̍h
四指	sì-tsáinn
四捻	sì-liām
四捻互	sì-liàm-hòo
四支手	Sì-ki-tshiú
四支擋	sì-ki-tóng
四散	sì-suànn
四散來	sì-suànn-lâi
四散散	sì-suànn-suànn
四散講	sì-suànn-kóng
四散離落	sì-suànn-lī-la̍uh
四方	sì-hng
四方尺	sù-hong-tshioh
四方紙	sù-hong-tsuá
四方金	sù-hong-kim
四方體	sù-hong-thé
四旁	sì-pîng
四是	sù-sī
四時春	sù-sî-tshun
四書五經	sù-su-ngóo-king
四月	sì-gue̍h
四果	sù-kó
四枝釘仔未霆毋知哭	sì-ki-ting-á-bē-tân-m̄-tsai-khàu
四枝頓	sì-ki-tàm
四桶齊	sì-tháng-tsê
四棒	sì-pāng
四正	sì-tsiànn
四海	sù-hái
四海遊龍	Sù-hái-iû-liông
四淋垂	sì-lâm-suî
四漣垂	sì-liân-suî
四爪仔	sì-jiáu-á
四片枋仔	sì-phìnn-pang-á
四物	sù-bu̍t
四獸山	Sù-siù-suann
四界	sì-kè
四界投	sì-kè-tâu
四界捋捋趖	sì-kè-lua̍h-lua̍h-sô
四界散	sì-kè-sàn
四界竄	sì-kè-tshuàn
四界賴賴趖	sì-kè-luā-luā-sô
四界走	sì-kè-tsáu
四界趖	sì-kè-sô
四界踅	sì-kè-se̍h
四界輾	sì-kè-lìn
四界遊	sì-kè-iû
四界遨	sì-kè-gô
四界飛	sì-kè-pue
四目鹿	sì-ba̍k-lo̍k
四眉	sì-bâi
四破	sì-phuà
四神	sù-sîn
四秀仔	sì-siù-á
四箍兜	sì-khoo-tau
四箍圍	sì-khoo-uî
四箍圍仔	sì-khoo-uî-á
四箍輾圍	sì-khoo-lìn-uî
四箍輾轉	sì-khoo-lìn-tńg
四米草	sù-bí-tsháu
四結	Sì-kiat
四結果	sì-kiat-kó
四維	sù-uî
四肢	sù-ki
四腳	sì-kha
四腳仔	sì-kha-á
四腳杜定	sì-kha-tōo-tīng
四腳蛇	sì-kha-tsuâ
四腳跳仔	sì-kha-thiàu-á
四腳魚	sì-kha-hî
四色牌	sì-sik-pâi
四草生態文化園區	Sù-tshó-Sing-thài-Bûn-huà-Uân-khu
四葉紫蘇	sì-hio̍h-tsí-soo
四處	sì-tshù
四號仔	sì-hō-á
四角	sì-kak
四角字	sì-kak-jī
四角形	sì-kak-hîng
四角框	sì-kak-khing
四角桌	sì-kak-toh
四角桌仔	sì-kak-toh-á
四角褲	sì-kak-khòo
四角酥	sì-kak-soo
四角頭	sì-kak-thâu
四跤拔直直	sì-kha-pue̍h-ti̍t-ti̍t
四跤水仙	Sì-kha-tsuí-sian
四跤海翁	Sì-kha-hái-ang
四跤肚丁	sì-kha-tōo-ting
四跤花	Sì-kha-hue
四跤草	Sì-kha-tsháu
四送个	sì-sàng-ê
四通八達	sù-thong-pat-ta̍t
四週	sì-tsiu
四週圍	sì-tsiu-uî
四邊	sì-pinn
四邊仔	sì-pinn-á
四邊無一倚	sì-pinn-bô-tsi̍t-uá
四配	sù-phuè
四面	sì-bīn
四面八方	sù-bīn-pat-hong
四面攬	sì-bīn-lám
四驅車	sì-khu-tshia
四齒	sì-khí
囝仔	kín-á
囝仔伴	gín-á-phuānn
囝仔孫	kánn-á-sun
囝仔工	gín-ná-kang
囝兒	kiánn-jî
囝兒孫	kiánn-jî-sun
囝囝孫孫	kiánn-kiánn-sun-sun
囝婿	kiánn-sài
囝婿伴	kiánn-sài-phuānn
囝婿倌	kiánn-sài-kuann
囝婿撐	kiánn-sài-thinn
囝婿替	kiánn-sài-thueh
囝孫	kiánn-sun
囝孫桶	kiánn-sun-tháng
囝孫袋	kiánn-sun-tē
囝弟	kiánn-tī
囝新婦	kiánn-sin-pū
囝母仔	kiánn-bó-á
囝父仔	kiánn-pē-á
囝甘仔囝	kiánn-kam-á-kiánn
回信	huê-sìn
回到	huê-kàu
回南	hê-lâm
回南風	huê-lâm-hong
回合	huê-ha̍p
回味	huê-bī
回嘴	hê-tshuì
回回教	Hê-hê-kàu
回國	hê-kok
回報	huê-pò
回帖	hê-thiap
回復	hê-ho̍k
回心轉意	huê-sim-tsuán-ì
回想	hê-sióng
回憶	hê-i̍k
回憶起	huê-i̍k-khí
回應	hê-ìng
回手	hê-tshiú
回扣	hê-khàu
回批	hê-phe
回掉	huê-tiāu
回收	huê-siu
回教	hê-kàu
回敬	hê-kìng
回數票	Hê-sòo-phiò
回文	huê-bûn
回本	huê-pún
回條	hê-tiâu
回棋	huê-kî
回檔	huê-tóng
回步	huê-pōo
回溯	huê-sok
回火	huê-hué
回爐	huê-lôo
回禮	huê-lé
回答	hê-tap
回籠	hê-láng
回絕	huê-tsua̍t
回罪	hê-tsuē
回聲	hê-siann
回舊	huê-kū
回落	huê-lo̍h
回覆	huê-hok
回話	hê-uē
回跌	huê-tia̍t
回軟	hê-nńg
回轉	hê-tsuán
回避	hê-pī
回重	hê-tāng
回陽	hê-iông
回電	huê-tiān
回音	hê-im
回響	huê-hiáng
回頭	hê-thâu
回頭是岸	huê-thâu-sī-gān
回頭烏	huê-thâu-oo
回頭車	huê-thâu-tshia
回顧	hê-kòo
回食病	huê-si̍t-pēnn
回饋	huê-kuī
回魂	hê-hûn
囟仔	sìn-á
囟帽	sìn-bō
囟會	sìn-huē
囟會骨	sìn-huē-kut
囟號	sìn-hō
囟門	sìn-mn̂g
囟鬃	sìn-tsang
因何	in-hô
因依	in-i
因子	in-tsí
因應	in-ìng
因材施教	in-tsâi-si-kàu
因果	in-kó
因此	in-tshú
因為	in-uī
因由	in-iû
因端	in-tuann
因素	in-sòo
因緣	in-iân
因而	in-jî
因致端	in-tì-tuann
囡仔	gín-á
囡仔人	gín-á-lâng
囡仔人起大人禍	gín-á-lâng-khí-tuā-lâng-hō
囡仔兄	gín-á-hiann
囡仔冊	gín-á-tsheh
囡仔古	gín-á-kóo
囡仔姊	gín-á-tsé
囡仔嬰	gín-á-enn
囡仔屎放未了	gín-á-sái-pàng-buē-liáu
囡仔庀	gín-á-phí
囡仔性	gín-á-sìng
囡仔性帶重	gín-á-sìng-tài-tāng
囡仔撓仔	gín-á-ngiáu-á
囡仔時	gín-á-sî
囡仔栽	gín-á-tsai
囡仔款	gín-á-khuán
囡仔猴	gín-á-kâu
囡仔疕	gín-á-phí
囡仔科	gín-á-kho
囡仔精	gín-á-tsiann
囡仔色	gín-á-sik
囡仔豚	gín-á-thûn
囡仔騙大人	gín-á-phiàn-tuā-lâng
囡仔鬼	gín-á-kuí
囡仔齒	gín-á-khí
囡仔齣	gín-á-tshut
囤水	tún-tsuí
囤疊	tún-tha̍h
囤積	tún-tsik
囤糧	tūn-niû
囤糴	tún-tia̍h
囤糶	tūn-tia̍h
囤貨	tún-huè
囥歲	khǹg-huè
囪號	sìn-hō
囫三碗公	hut-sann-uánn-kong
困境	khùn-kíng
困局	khùn-kio̍k
困惑	khùn-hi̍k
困擾	khùn-jiáu
困苦	khùn-khóo
困難	khùn-lân
囷線	khûn-suànn
囷蛇	khûn-tsuâ
囷身蛇	khûn-sin-tsuâ
囷遠路	khûn-hn̄g-lōo
囷金線	khûn-kim-suànn
囷金邊	khûn-kim-pinn
囷龍	khûn-liông
固喙器	kòo-tshuì-khì
固執	kòo-tsip
固守	kòo-siú
固定	kòo-tīng
固有	kòo-iú
固有名詞	kòo-iú-bîng-sû
固然	kòo-jiân
固體	kòo-thé
圇痀	lun-ku
圇走	lun-tsáu
圇雨	lun-hōo
圈仔糋	khian-á-tsìnn
圈內	khuân-lāi
圈套	khuân-thò
圈破	khng-phuà
圈選	khuân-suán
圈金邊	khong-kim-pinn
國中	kok-tiong
國中生	kok-tiong-sing
國事	kok-sū
國人	kok-jîn
國代	kok-tāi
國光	Kok-kong
國光號	Kok-kong-hō
國內	kok-lāi
國內外	kok-lāi-guā
國公	kok-kong
國劇	kok-kio̍k
國力	kok-li̍k
國務	kok-bū
國務卿	kok-bū-khing
國務院	Kok-bū-īnn
國協	kok-hia̍p
國史館	kok-su-kuán
國土	kok-thóo
國基	kok-ki
國境	kok-kíng
國士	kok-sū
國外	kok-guā
國姓	Kok-sìng
國姓埔	Kok-sìng-poo
國姓爺	Kok-sìng-iâ
國姓蛇	kok-sìng-tsuâ
國姓蟯	kok-sìng-giô
國姓魚	kok-sìng-hî
國字殼	kok-jī-khak
國字面	kok-jī-bīn
國學	kok-ha̍k
國安法	kok-an-huat
國家	kok-ka
國家主義	kok-ka-tsú-gī
國家公園	kok-ka-kong-hn̂g
國寶	kok-pó
國寶級	kok-pó-kip
國小	kok-sió
國度	kok-tōo
國庫	kok-khòo
國庫券	kok-khòo-kǹg
國建	kok-kiàn
國徽	kok-hui
國恥	kok-thí
國恩	kok-un
國情	kok-tsîng
國慶	kok-khìng
國慶日	kok-khìng-ji̍t
國慶鳥	kok-khìng-tsiáu
國憲	kok-hiàn
國戚	kok-tshik
國手	kok-tshiú
國教	kok-kàu
國文	kok-bûn
國旗	kok-kî
國是	kok-sī
國曆	kok-li̍k
國書	kok-su
國會	kok-huē
國會大廈	kok-huē-tāi-hā
國會大樓	kok-huē-tuā-lâu
國有	kok-iú
國有財產局	Kok-iú-tsâi-sán-kio̍k
國本	kok-pún
國校	kok-hāu
國校仔	kok-hāu-á
國樂	kok-ga̍k
國權	kok-kuân
國歌	kok-kua
國民	kok-bîn
國民兵	kok-bîn-ping
國民黨	Kok-bîn-tóng
國法	kok-huat
國泰	kok-thài
國泰人壽	Kok-thài-lâng-siū
國泰民安	kok-thài-bîn-an
國泰病院	Kok-thài-pēnn-īnn
國泰醫院	Kok-thài-i-īnn
國營	kok-îng
國父	kok-hū
國父紀念館	Kok-hū-kí-liām-kuán
國片	kok-phìnn
國王	kok-ông
國璽	kok-sí
國產	kok-sán
國界	kok-kài
國畫	kok-uē
國破家亡	kok-phò-ka-bông
國科會	Kok-kho-huē
國稅	kok-suè
國稅局	Kok-suè-kio̍k
國立	kok-li̍p
國立中山大學	Kok-li̍p-Tiong-san-tāi-ha̍k
國立公園	kok-li̍p-kong-hn̂g
國立臺灣史前文化博物館南科考古館	Kok-li̍p-Tâi-uân-Sú-tsiân-Bûn-huà-Phok-bu̍t-kuán-Lâm-Kho-Khó-kóo-kuán
國立臺灣文學館	Kok-li̍p-Tâi-uân-Bûn-ha̍k-kuán
國立臺灣歷史博物館	Kok-li̍p-Tâi-uân-Li̍k-sú-Phok-bu̍t-kuán
國立藝專	Kok-li̍p-gē-tsuan
國策	kok-tshik
國籍	kok-tsi̍k
國粹	kok-suì
國聯	Kok-liân
國華人壽	Kok-huâ-jîn-siū
國葬	kok-tsòng
國號	kok-hō
國術	kok-su̍t
國語	kok-gí
國貨	kok-huè
國貿	kok-bōo
國貿局	kok-bōo-kio̍k
國賊	kok-tsha̍t
國賓	kok-pin
國軍	kok-kun
國輪	kok-lûn
國運	kok-ūn
國都	kok-too
國門	kok-mn̂g
國防	kok-hông
國防部	Kok-hông-pōo
國際	kok-tsè
國際化	kok-tsè-huà
國際商專	Kok-tsè-siong-tsuan
國際性	kok-tsè-sìng
國際期刊	kok-tsè-kî-khan
國際法	kok-tsè-huat
國際法庭	Kok-tsè-huat-tîng
國際特赦組織	Kok-tsè-ti̍k-sià-tsoo-tsit
國際觀	kok-tsè-kuan
國風	kok-hong
國體	kok-thé
國鱉	kok-pih
圍仔內	Uî-á-lāi
圍住	uî-tsū
圍佔	uî-tsiàm
圍倚	uî-uá
圍剿	uî-tsâu
圍圍	uî-uî
圍場	uî-tshiâng
圍堵	uî-tóo
圍壘	uî-luí
圍屏	uî-pîn
圍岸	uî-huānn
圍巾	uî-kin
圍懸	uî-thâm
圍截	uî-tsa̍h
圍捕	uî-póo
圍棋	uî-kî
圍標	uî-pio
圍爐	uî-lôo
圍爐暗	uî-lôo-àm
圍爐菜	uî-lôo-tshài
圍牆	uî-tshiûnn
圍牆仔	uî-tshiûnn-á
圍獵	uî-la̍h
圍觀	uî-kuan
圍起來	uî-khí-lâi
圍身巾	uî-sin-kin
圍身裙	uî-sin-kûn
圍軀裙	uî-su-kûn
圍閘	uî-tsa̍h
園丁	hn̂g-ting
園仔	hn̂g-á
園區	hn̂g-khu
園地	hn̂g-tē
園契	hn̂g-khuè
園稻	hn̂g-tiū
園藝	uân-gē
園遊會	uân-iû-huē
園長	uân-tiúnn
圓仔	înn-á
圓仔花	înn-á-hue
圓參	înn-som
圓周率	înn-tsiu-lu̍t
圓嘴鵯	înn-tshuì-pi
圓圈	înn-khian
圓圓	înn-înn
圓圓轉	înn-înn-tńg
圓圓遨	înn-înn-gô
圓夢	uân-bāng
圓寂	uân-tsi̍p
圓寶	uân-pó
圓尺	înn-tshioh
圓山	Înn-suann
圓山仔	Înn-suann-á
圓形	înn-hîng
圓徑	înn-kìng
圓拱橋	uân-kong-kiô
圓拱眉	uân-kong-bâi
圓拱門	uân-kong-mn̂g
圓柏	înn-peh
圓柱	înn-thiāu
圓栱館	uân-kong-kuán
圓桌	înn-toh
圓棍棍	înn-kùn-kùn
圓淀	înn-tīnn
圓滑	înn-ku̍t
圓滑律術	înn-ku̍t-lu̍t-su̍t
圓滾滾	înn-kùn-kùn
圓滿	uân-buán
圓球內妖怪	Înn-kiû-lāi-iau-kuài
圓球妖怪	Înn-kiû-iau-kuài
圓環	înn-khuân
圓瓏踅	înn-long-se̍h
圓目仔	înn-ba̍k-á
圓窗	înn-thang
圓箍仔	înn-khoo-á
圓篷	uân-phâng
圓翱翱	înn-kô-kô
圓舞曲	uân-bú-khik
圓菜頭	înn-tshài-thâu
圓話	uân-uē
圓車車	înn-tshia-tshia
圓輾輾	înn-lìn-lìn
圓通	uân-thong
圓鍬仔	înn-tshiu-á
圓鑢	înn-lē
圓面	înn-bīn
圓領	uân-niá
圓頭	înn-thâu
圓頭仔	înn-thâu-á
圓頭菜	înn-thâu-tshài
圓麭	înn-pháng
圓麵包	înn-mī-pau
圖像	tôo-siōng
圖利	tôo-lī
圖幛	tôo-tsiùnn
圖式	tôo-sik
圖形	tôo-hîng
圖書	tôo-su
圖書室	tôo-su-sik
圖書館	tôo-su-kuán
圖案	tôo-àn
圖樣	tôo-iūnn
圖求	tôo-kiû
圖片	tôo-phìnn
圖畫	tôo-uē
圖畫釘	tôo-uī-ting
圖示	tôo-sī
圖稿	tôo-kó
圖章	tôo-tsiong
圖花	tôo-hue
圖表	tôo-pió
圖解	tôo-kái
圖說	tôo-sueh
圖謀	tôo-bôo
圖釘	tôo-ting
圖銷作廢	tôo-siau-tsok-huè
圖面	tôo-bīn
圖騰	tôo-tîng
團員	thuân-uân
團圓	thuân-înn
團團圍住	thuân-thuân-uî-tsū
團團圓	thuân-thuân-înn
團拜	thuân-pài
團結	thuân-kiat
團結力	thuân-kiat-li̍k
團結心	thuân-kiat-sim
團聚	thuân-tsū
團長	thuân-tiúnn
團隊	thuân-tuī
團隊合作	thuân-tuī-ha̍p-tsok
團體	thuân-thé
團體操	thuân-thé-tshau
團體旅行	thuân-thé-lí-hîng
團體活動	thuân-thé-ua̍h-tōng
團體生活	thuân-thé-sing-ua̍h
團體精神	thuân-thé-tsing-sîn
團體行動	thuân-thé-hîng-tōng
土丸仔	thôo-uân-á
土人	thóo-lâng
土人參	thóo-jîn-sim
土人蔘	thóo-jîn-sim
土仁	thôo-jîn
土佛仔	thôo-hu̍t-á
土俗	thóo-sio̍k
土倯	thóo-sông
土傖	thóo-sông
土像	thôo-siāng
土公	thóo-kong
土公仔	thóo-kong-á
土公直	thóo-kong-ti̍t
土刀	thôo-to
土剃仔	thôo-thì-á
土剛	thóo-kong
土剛性	thóo-kong-sìng
土剛直	thóo-kong-ti̍t
土剸	thôo-tn̂g
土力	thóo-la̍t
土包仔	thóo-pau-á
土匪	thóo-huí
土匪仔	thóo-huí-á
土匪頭	thóo-huí-thâu
土半夏	thóo-puàn-hā
土名	thóo-miâ
土味	thôo-bī
土嗶仔	thôo-pi-á
土嗶垺	thôo-pi-pu
土土	thóo-thóo
土土土	thôo-thô-thôo
土地	thóo-tē
土地公	thó-tī-kong
土地公伯	thóo-tē-kong-peh
土地公僫請	Thóo-tē-kong-oh-tshiánn
土地公廟	thóo-tē-kong-biō
土地公廟仔	Thóo-tē-kong-biō-á
土地公擽跤底	Thóo-tē-kong-ngiau-kha-té
土地公金	thóo-tē-kong-kim
土地公錢	thóo-tē-kong-tsînn
土地媽	thó-tī-má
土地廟	thóo-tē-biō
土地改革	thóo-tē-kái-kik
土地稅	thóo-tē-suè
土地資源	thóo-tē-tsu-guân
土地重劃	thóo-tē-tiōng-ue̍h
土地銀行	thóo-tē-gîn-hâng
土垢	thôo-káu
土城	Thóo-siânn
土堆	thôo-tui
土塊	thôo-tè
土塘	thôo-tn̂g
土塥	thôo-keh
土壙	thôo-khàng
土壙蜂	thôo-khòng-phang
土壤	thôo-jiáng
土大黃	thóo-tuā-hông
土婆	thôo-pô
土婆湧	thôo-pô-íng
土婊	thóo-piáu
土家族	Thóo-ka-tso̍k
土富仔	thóo-pù-á
土尪仔	thôo-ang-á
土層	thóo-tsân
土岩油	thôo-gâm-iû
土崙	thôo-lûn
土崙仔	thôo-lūn-á
土川連	thóo-tshuan-liân
土州	thôo-tsiu
土工	thóo-kong
土巴佬	thóo-pa-láu
土巴老	thôo-pa-láu
土布	thóo-pòo
土師仔	thóo-sai-á
土底	thôo-té
土庫	Thóo-khòo
土庫曼	Thóo-khòo-bān
土性	thóo-sìng
土想	thóo-siūnn
土戕	thôo-tshiâng
土扒船	thôo-pê-tsûn
土托	thôo-thuh
土托魚	thôo-thuh-hî
土扛楹	thôo-kng-înn
土抹	thôo-buah
土拖魚	thôo-thua-hî
土改	thóo-kái
土斑仔	thóo-pan-á
土料	thôo-liāu
土方	thóo-hng
土星	Thóo-tshenn
土木系	thóo-bo̍k-hē
土木鱉	thóo-bo̍k-pih
土杉	thóo-sam
土板仁豆	thóo-pán-jîn-tāu
土核	thôo-hu̍t
土桂	thóo-kuì
土棍	thóo-kùn
土樟	thó-tsiunn
土母	thôo-bó
土氣	thôo-khì
土水	thôo-tsuí
土水工	thôo-tsuí-kang
土水師	thôo-tsuí-sai
土沉香	thóo-tîm-hiunn
土沙	thôo-sua
土沙粉	thôo-sua-hún
土油	thôo-iû
土法	thóo-huat
土溜	thôo-liu
土溝糜	thôo-kau-muâi
土漿	thôo-tsiunn
土灰	thôo-hu
土炭	thôo-thuànn
土炭屎	thôo-thuànn-sái
土炭幼	thôo-thuànn-iù
土炭末	thôo-thuànn-bua̍h
土炭氣	thôo-thuànn-khì
土炭油	thôo-thuànn-iû
土炭灰	thôo-thuànn-hu
土炭爐	thôo-thuànn-lôo
土煙	thóo-hun
土煞	thóo-suah
土燕子	thóo-iàn-tsú
土牆	thôo-tshiûnn
土牆春	thôo-tshiûnn-tsing
土牛	thôo-gû
土牛七	thóo-giû-tshit
土牛膝	thóo-giû-tshik
土狗仔	thôo-káu-á
土猴	thôo-kâu
土珠	thôo-tsu
土甕	thôo-àng
土生仔	thóo-senn-á
土產	thóo-sán
土番	thóo-huan
土白菜	thóo-pe̍h-tshài
土盤	thôo-puânn
土直	thóo-ti̍t
土知母	thóo-ti-bó
土礱	thôo-lâng
土礱心	thôo-lâng-sim
土空	thôo-khang
土窟	thôo-khut
土筆	thôo-pit
土筍	thôo-sún
土算	thóo-sǹg
土米仔	thóo-bí-á
土米沙	thôo-bí-sua
土米砂	thôo-bí-sua
土粉	thôo-hún
土粒	thôo-lia̍p
土糜	thôo-mê
土糜漿	thôo-buê-tsiunn
土糜窟	thôo-muâi-khut
土糜膏	thôo-muâi-ko
土糜龜	thóo-bê-kui
土糞	thôo-pùn
土耳其	Thóo-nī-kî
土耳古	thóo-ní-kóo
土肉	thôo-bah
土肉桂	thóo-jio̍k-kuì
土肥	thôo-puî
土胚	thôo-phue
土腔	thóo-khiunn
土腰	thóo-io
土腳	thôo-kha
土腳兜	thôo-kha-tau
土腳底	thôo-kha-té
土腳頂	thôo-kha-tíng
土色	thôo-sik
土茯苓	thóo-ho̍k-lîng
土荊芥	thóo-king-kài
土著	thóo-tù
土葬	thôo-tsòng
土藤	thôo-tîn
土號	thóo-hō
土虱	thôo-sat
土蚓	thôo-ún
土蜂	thôo-phang
土蜅	thôo-phú
土製	thóo-tsè
土角	thôo-kak
土角窟	thôo-kak-khut
土話	thóo-uē
土豆	thôo-tāu
土豆仁	thôo-tāu-jîn
土豆油	thôo-tāu-iû
土豆粒	thôo-tāu-lia̍p
土豆糖	thôo-tāu-thn̂g
土豆膜	thôo-tāu-mo̍oh
土豆舅	thôo-tāu-kū
土豆莢	thôo-tāu-ngeh
土豆麩	thôo-tāu-hu
土象	thóo-siōng
土貝	thôo-pue
土質	thóo-tsit
土銀	Thóo-gîn
土銃	thóo-tshìng
土鍋	thôo-e
土鍘	thôo-tshiah
土陷	thôo-hām
土雜肥	thôo-tsa̍p-puî
土雞仔	thóo-ke-á
土霸	thóo-pà
土霸王	thóo-pà-ông
土面	thôo-bīn
土音	thóo-im
土頭	thôo-thâu
土風舞	thóo-hong-bú
土香	thôo-hiunn
土香頭	thôo-hiunn-thâu
土骨	thôo-kut
土高麗參	thóo-ko-lê-sim
土鬼	thôo-kuí
土魚	thóo-hî
土魠	thôo-thuh
土鯪	thôo-lîng
土鯽仔	thóo-tsit-á
土鰍	thôo-liu
土鱉	thôo-pih
土黃	thôo-n̂g
土黃柏	thóo-n̂g-peh
土黨參	thóo-tóng-sim
土鼓藤	thôo-kóo-tîn
土龍	thôo-lîng
土龜	thôo-ku
在下	tsāi-hā
在世	tsāi-sè
在人	tsāi-lâng
在人個	tsāi-lâng-ê
在伊	tsāi-i
在伍	tsāi-ngóo
在佇	tsāi-tī
在位	tsāi-uī
在你去	tsāi-lí-khì
在你行	tsāi-lí-kiânn
在來	tsāi-lâi
在來米	tsāi-lâi-bí
在先	tsāi-sian
在內	tsāi-lāi
在即	tsāi-tsik
在去	tsāi-khì
在商言商	tsāi-siong-giân-siong
在在	tsāi-tsāi
在地	tsāi-tē
在地人	tsāi-tē-lâng
在場	tsāi-tiûnn
在壁壁	tsāi-piah-piah
在外	tsāi-guā
在天龍	Tsāi-thian-liông
在學	tsāi-ha̍k
在定	tsāi-tiānn
在室	tsāi-sik
在室女	tsāi-sik-lú
在室男	tsāi-sik-lâm
在家名	tsāi-ke-miâ
在帶	tsāi-tuà
在底	tsāi-té
在座	tsāi-tsō
在庫	tsāi-khòo
在意	tsāi-ì
在我	tsāi-guá
在所不惜	tsāi-sóo-put-sik
在所難免	tsāi-sóo-lān-bián
在手	tsāi-tshiú
在早	tsāi-tsá
在朝	tsāi-tiâu
在本	tsāi-pún
在案	tsāi-àn
在此	tsāi-tshú
在步	tsāi-pōo
在水	tsāi-tsuí
在準	tsāi-tsún
在生	tsāi-senn
在種	tsāi-tsíng
在穩	tsāi-ún
在職	tsāi-tsit
在職怨職	tsāi-tsit-uàn-tsit
在膽	tsāi-tánn
在膽袂驚	tsāi-tánn-bē-kiann
在近	tsāi-kīn
在逃	tsāi-tô
在野	tsāi-iá
在野黨	tsāi-iá-tóng
在錢	tsāi-tsînn
在頭	tsāi-thâu
在額	tsāi-gia̍h
圭仔魚	kue-á-hî
圭角	ke-kak
地丁	tē-ting
地下	tē-ē
地下室	tē-hā-sik
地下水	tē-hā-tsuí
地下磅	tē-hā-pōng
地下道	tē-hā-tō
地下鐵	tē-hā-thih
地中海	Tē-tiong-hái
地主	tē-tsú
地主國	tē-tsú-kok
地位	tē-uī
地價	tē-kè
地利	tē-lī
地動	tē-tāng
地動尾	tē-tāng-bué
地勢	tē-sì
地區	tē-khu
地名	tē-miâ
地味	tē-bī
地圖	tē-tôo
地土	tē-thóo
地址	tē-tsí
地域	tē-hi̍k
地基	tē-ki
地基主	tē-ki-tsú
地基石	tē-ki-tsio̍h
地基腳	tē-ki-kha
地場	tē-tiûnn
地契	tē-khè
地層	tē-tsân
地峽	tē-kiap
地帶	tē-tài
地平線	tē-pīng-suànn
地府	tē-hú
地形	tē-hîng
地心	tē-sim
地支	tē-tsi
地政	tē-tsìng
地文學	tē-bûn-ha̍k
地斬頭	tē-tsām-thâu
地方	tē-hng
地方創生	tē-hng-tshòng-sing
地方性	tē-hong-sìng
地方腔	tē-hng-khiunn
地板	tē-pán
地棍	tē-kùn
地權	tē-kuân
地步	tē-pōo
地段	tē-tuān
地殼	tē-khak
地毯	tē-thán
地氈	tē-tsian
地氣	tē-khì
地熱	tē-jia̍t
地牛相觸	tē-gû-sio-tak
地牢	tē-lô
地獄	tē-ga̍k
地球	tē-kiû
地球儀	tē-kiû-gî
地球科學	tē-kiû-kho-ha̍k
地理	tē-lí
地理仙	tē-lí-sian
地理仙仔	tē-lí-sian-á
地理先	tē-lí-sian
地理先生	tē-lí-sian-senn
地理師	tē-lí-su
地理師仔	tē-lí-su-á
地產	tē-sán
地界	tē-kài
地皮	tē-phuê
地監	tē-kann
地盤	tē-puânn
地石龍	Tē-tsio̍h-liông
地磅	tē-pōng
地租	tē-tsoo
地秤	tē-tshìn
地稅	tē-suè
地穴	tē-hia̍t
地籍圖	tē-tsi̍k-tôo
地米菜	tē-bí-tshài
地級	tē-kip
地級市	tē-kip-tshī
地緣	tē-iân
地腰	tē-io
地膽草	tē-tánn-tsháu
地葵	tē-kuî
地藏王	tē-tsông-ông
地處	tē-tshù
地號	tē-hō
地號名	tē-hō-miâ
地號番	tē-hō-huan
地蚓	tē-kín
地蜈蚣	tē-giâ-kang
地衡風	tē-hîng-hong
地衣	tē-i
地表	tē-piáu
地質	tē-tsit
地道	tē-tō
地鐵	tē-thih
地門冬	tē-bûn-tong
地陷	tē-hām
地陷腳	tē-hām-kha
地雷	tē-luî
地面	tē-bīn
地面頂	tē-bīn-tíng
地頭	tē-thâu
地頭生疏	tē-thâu-tshenn/tshinn-soo
地頭蛇	tē-thâu-tsuâ
地骨	tē-kut
地骨皮	tē-kut-phî
地黃蒲	tē-n̂g-pôo
地點	tē-tiám
地鼠	tē-tshí
地龍蜂	tē-lîng-phang
圳溝	tsùn-kau
圾洗	sap-sé
均勢	kin-sì
均富	kin-hù
均屬	kin-sio̍k
均平	kin-pîng
均衡	kin-hîng
均都	kin-to
坉予平	thūn-hōo-pênn
坉塗	thūn-thôo
坉滇	thūn-tīnn
坍塌	tam-thap
坍方	tam-hong
坎仔	khám-á
坎坷	khám-khiat
坎培拉	Khám-puê-lá
坎碣	khám-khia̍t
坎站	khám-tsām
坐下	tsē-hā
坐不是	tsē-put-sī
坐中堵船	tsē-tiong-tóo-tsûn
坐井看天	tsē-tsénn-khuànn-thinn
坐位	tsē-uī
坐低	tsē-kē
坐冰箱	tsē-ping-siunn
坐勢	tsē-sè
坐十一號仔	tsē-tsa̍p-it-hō-á
坐單	tsē-tuann
坐址	tsē-tsí
坐墊	tsē-tiām
坐大	tsō-tuā
坐天	tsē-thinn
坐徛	tsē-khiā
坐投	tsē-tâu
坐擔	tsē-tann
坐收	tsē-siu
坐數	tsē-siàu
坐桌	tsē-toh
坐涼	tsē-liâng
坐清	tsē-tshing
坐澹凋	tsē-tâm-ta
坐牢	tsē-lô
坐理	tsē-lí
坐疶咧等	tsē-tshuah-leh-tán
坐痀	tsē-ku
坐盆	tsē-phûn
坐監	tsē-kann
坐禁	tsē-kìm
坐禪	tsē-siân
坐禮	tsē-lé
坐罪	tsē-tsuē
坐胎	tsē-thai
坐船	tsē-tsûn
坐草	tsē-tsháu
坐落	tsē-lo̍h
坐落來	tsē-lo̍h-lâi
坐落去	tsē-lo̍h-khì
坐著	tsē-tio̍h
坐視	tsē-sī
坐車	tsē-tshia
坐轎	tsē-kiō
坐轎毋知扛轎艱苦	tsē-kiō-m̄-tsai-kng-kiō-kan-khóo
坐鎮	tsē-tìn
坐額	tsē-gia̍h
坐骨	tsē-kut
坑仔	khenn-á
坑仔口	Khenn-á-kháu
坑仔水	khenn-á-tsuí
坑口	khenn-kháu
坑坎	khenn-khàm
坑崁	khenn-khàm
坑洞	khenn-tōng
坑溝	khenn-kau
坑谷	khenn-kok
坑道	khinn-tō
坑門	khenn-mn̂g
坡地	pho-tē
坡度	pho-tōo
坦倒	thán-tó
坦克車	thán-khik-tshia
坦平	thán-pênn
坦平線	thán-pênn-suànn
坦徛	thán-khiā
坦承	thán-sîng
坦敧	thán-khi
坦敧倒	thán-khi-tó
坦敧坐	thán-khi-tsē
坦敧棍	thán-khi-kùn
坦敧棍轉體	thán-khi-kùn-tsuán-thé
坦敧睏	thán-khi-khùn
坦敧身	thán-khi-sin
坦斜	thán-tshiâ
坦斜目	thán-tshua̍h-ba̍k
坦斜身	thán-tshiâ-sin
坦斜逝	thán-tshua̍h-tsuā
坦橫	thán-huâinn
坦橫十二	thán-huâinn-tsa̍p-jī
坦橫坐	thán-huînn-tsē
坦橫生	thán-huâinn-senn
坦橫行	thán-huâinn-kiânn
坦然	thán-jiân
坦白	thán-pi̍k
坦直	thán-ti̍t
坦笑	thán-tshiò
坦笑天	thán-tshiò-thian
坦笑泅	thán-tshiò-siû
坦覆	thán-phak
坦誠	thán-sîng
坦蹁	thán-phiân
坦蹁身	thán-phiân-sin
坦邊	thán-pinn
坦邊身	thán-pinn-sin
坩仔	khann-á
坩仔仙	khann-á-sian
坩仔賴	Khann-á-nāi
坩仔間	khann-á-king
坩仔陣	khann-á-tīn
坪數	pênn-sòo
坪林	Phiânn-lîm
坯叫是	phe-kiò-sī
坱埃	ing-ia
坱蓬蓬	ing-phōng-phōng
垂危	suî-guî
垂垂	suê-suê
垂敗	suê-pāi
垂枝柳	suî-ki-liú
垂柳	suî-liú
垂楊柳	suî-iông-liú
垂氣	suê-khì
垂直	suî-ti̍t
垂絲柳	suî-si-liú
垂肩	suē-king
垂落來	suē-lo̍h-lâi
垂落去	suê-lo̍h-khì
垂詢	suî-sûn
垂青	suî-tshenn
垃儳	lâ-sâm
垃儳物	lâ-sâm-mi̍h
垃儳雨	lâ-sâm-hōo
垃圾	lah-sap
垃圾代	lap-sap-tāi
垃圾嘴	lah-sap-tshuì
垃圾水	lah-sap-tsuí
垃圾物	lah-sap-mi̍h
垃圾病	lah-sap-pēnn
垃圾肥	lah-sap-puî
垃圾血	lah-sap-hueh
垃圾話	lah-sap-uē
垃圾錢	lah-sap-tsînn
垃圾鬼	lah-sap-kuí
型式	hîng-sik
型態	hîng-thài
型模	hîng-bôo
型號	hîng-hō
垛衫	té-sann
垢潔鉎	káu-kueh-sian
垢膾	káu-kuè
埃及	Ia-ki̍p
埋伏	bâi-ho̍k
埋喪	bāi-sng
埋怨	bâi-uàn
埋案底	tâi-àn-té
埋沒	bâi-bu̍t
埋葬	bâi-tsōng
埋藏	bâi-tsông
埋設	bâi-siat
埋頭苦幹	mâi-thâu-khóo-kàn
城中	siânn-tiong
城中區	Siânn-tiong-khu
城仲模	Siânn-Tiōng-bôo
城內	siânn-lāi
城垛子	siânn-tó-tsí
城堞	siânn-tia̍p
城堡	siânn-pó
城市	siânn-tshī
城廂	siânn-siunn
城池	siânn-tî
城溝	siânn-kau
城空	siânn-khang
城腳	siânn-kha
城邊	siânn-pinn
城鄉	siânn-hiong
城鎮	siânn-tìn
城門	siânn-mn̂g
城門仔	Siânn-mn̂g-á
城隍	sîng-hông
城隍公	Sîng-hông-kong
城隍爺	sîng-hông-iâ
埒底	Lua̍h-té
埔仔墘	Poo-á-kînn
埔墘	Poo-kînn
埔姜	poo-kiunn
埔姜崙	Poo-kiunn-lun
埔姜頭	Poo-kiunn-thâu
埔尖湧	poo-tsiam-íng
埔崙	poo-lūn
埔心	Poo-sim
埔直	poo-ti̍t
埔稻	poo-tiū
埔筆仔	poo-pit-á
埔肘仔	poo-tiú-á
埔草樣	poo-tsháu-hiūnn
埔薑	poo-kiunn
埔薑茶	poo-kiunn-tê
埔蛯	poo-láu
埔里	Poo-lí
埔銀	poo-gîn
埔鳥	poo-tsiáu
埔鹽	poo-iâm
埕斗	tiânn-táu
埕鯊	tiânn-sua
埠頭	poo-thâu
埤圳	pi-tsùn
埤塘	pi-tn̂g
埤頭	Pi-thâu
執一	tsip-it
執古	tsip-kóo
執古板	tsip-kóo-pán
執委會	tsip-uí-huē
執導	tsip-tō
執意	tsip-ì
執政	tsip-tsìng
執政黨	tsip-tsìng-tóng
執教	tsip-kàu
執業	tsip-gia̍p
執死板	tsip-sí-pán
執死訣	tsip-sí-kuat
執法	tsip-huat
執照	tsip-tsiàu
執癖	tsip-phiah
執筆	tsip-pit
執行	tsip-hîng
執行長	tsip-hîng-tiúnn
執訣	tsip-kuat
執迷不悟	tsip-bê-put-ngōo
培地茅	puē-tē-mâu
培墓	pē-bōng
培壟	pê-lîng
培根	pē-kng
培植	puê-si̍t
培育	puê-io̍k
培育出	puê-io̍k-tshut
培訓	puê-hùn
培養	puê-iáng
培養出	puê-iáng-tshut
基因	ki-in
基地	ki-tē
基層	ki-tsân
基岩	ki-gâm
基座	ki-tsō
基數	ki-sòo
基於	ki-î
基本	ki-pún
基本上	ki-pún-siāng
基本的	ki-pún-ti̍k
基業	ki-gia̍p
基極	ki-ki̍k
基模	ki-bôo
基準	ki-tsún
基瑙斯	Ki-lóo-su
基督	Ki-tok
基督徒	ki-tok-tôo
基督教	Ki-tok-kàu
基督教徒	Ki-tok-kàu-tôo
基督教青年會	Ki-tok-kàu-tshing-liân-huē
基礎	ki-tshóo
基礎在	ki-tshóo-tsāi
基線	ki-suànn
基調	ki-tiāu
基金	ki-kim
基金會	ki-kim-huē
基隆	Ke-lâng
基隆嶼	ke-lâng-sū
基隆市	Ke-lâng-tshī
基隆杙	ke-lâng-khi̍t
基隆河	Ke-lâng-hô
基隆港	Ke-lâng-káng
基隆港務局	Ke-lâng-káng-bū-kio̍k
基點	ki-tiám
埽池	sò-tî
堂上	tông-siāng
堂個	tông-ê
堂堂	tông-tông
堂的	tông-ê
堂皇	tông-hông
堂號	tn̂g-hō
堅信	kian-sìn
堅冰	kian-ping
堅凍	kian-tàng
堅固	kian-kòo
堅固質	kian-kòo-tsit
堅守	kian-siú
堅定	kian-tīng
堅干	kian-kuann
堅強	kian-kiông
堅心	kian-sim
堅拒	kian-kī
堅持	kian-tshî
堅果	kian-kó
堅決	kian-kuat
堅疕	kian-phí
堅疕仔	kian-phí-á
堅疤	kian-pa
堅碇	kian-tīng
堅稱	kian-tshing
堅血球	kian-hueh-kiû
堅貞	kian-tsing
堅起來	kian-khí-lâi
堅霜	kian-sng
堅風	kian-hong
堆山堆海	tui-suann-tui-hái
堆山積海	tui-suann-tsik-hái
堆積	tui-tsik
堆積如山	tui-tsik-jî-suann
堆肥	tui-puî
堆高仔	tui-ko-á
堆高機	tui-ko-ki
堡包	pó-pau
堡壘	pó-luí
堤岸	thê-huānn
堤防	thê-hông
堪得	kham-tit
堪會去	kham-ē-khì
堪袂去	kham-bē-khì
堪該	kham-kai
堯舜	giâu-sùn
堯韭	giâu-kú
報人知	pò-lâng-tsai
報仇	pò-siû
報你焐	Pò-lí-ù
報你熨	Pò-lí-ut
報佳音	pò-ka-im
報備	pò-pī
報價	pò-kè
報償	pò-siông
報冤仇	pò-uan-siû
報刊	pò-khan
報到	pò-tò
報名	pò-miâ
報名表	pò-miâ-pió
報名費	pò-miâ-huì
報告	pò-kò
報告書	pò-kò-su
報喜	pò-hí
報喪	pò-song
報單	pò-tuann
報嘴	pò-tshuì
報國	pò-kok
報導	pò-tō
報廢	pò-huè
報復	pò-ho̍k
報復性消費	pò-ho̍k-sìng-siau-huì
報應	pò-ìng
報戶口	pò-hōo-kháu
報數	pò-siàu
報春花	pòo-tshun-hue
報春蘭	pò-tshun-lân
報時	pò-sî
報格仔	pò-keh-á
報案	pò-àn
報業	pò-gia̍p
報歲蘭	pò-suè-lân
報死	pò-sí
報水	pò-tsuí
報消	pò-siau
報界	pò-kài
報白	pò-pe̍h
報知	pò-tsai
報社	pò-siā
報禁	pò-kìm
報稅	pò-suè
報章	pò-tsiong
報答	pò-tap
報箍仔	pò-khoo-á
報紙	pò-tsuá
報考	pò-khó
報表	pò-pió
報訃音	pò-hù-im
報說	pò-sueh
報警	pò-kíng
報貨單	pò-huè-tuann
報費	pò-huì
報起來	pò-khí-lâi
報路	pò-lōo
報載	pò-tsài
報酬	pò-siû
報銷	pò-siau
報關	pò-kuan
報關行	pò-kuan-hâng
報頭	pò-thâu
報頭風	pòo-thâu-hong
報風聲	pò-hong-siann
報館	pò-kuán
報馬	pò-bé
報馬仔	pò-bé-á
場合	tiûnn-ha̍p
場地	tiûnn-tē
場所	tiûnn-sóo
場見人	tiûnn-kìnn-lâng
場面	tiûnn-bīn
場面大	tiûnn-bīn-tuā
堵住	tóo-tsū
堵方	tóo-hong
塌一空	lap-tsi̍t-khang
塌人	lap-lâng
塌仔底	Lap-á-té
塌堵	thap-tóo
塌塢	lap-ù
塌字	thap-jī
塌字陣	thap-jī-tīn
塌帽仔	lap-bō-á
塌底	lap-té
塌方	thap-hong
塌替	thap-thè
塌洿	lap-u
塌牌	thap-pâi
塌石	thap-tsio̍h
塌磕	thap-kha̍p
塌空	thap-khang
塌窟	lap-khut
塌窟仔	lap-khut-á
塌窩	lap-o
塌績	lap-tseh
塌腰	lap-io
塌腳	thap-kha
塌落	lap-lo̍h
塌落來	lap-lo̍h-lâi
塌落去	lap-lo̍h-khì
塌頭	thap-thâu
塌額	thap-gia̍h
塌鼻仔	lap-phīnn-á
塑像	sok-siōng
塑膠	sok-ka
塑膠橐仔	sok-ka-lok-á
塑膠矸仔	sok-ka-kan-á
塑膠筍	sok-ka-sún
塑膠管	sok-ka-kóng
塑膠罐仔	sok-ka-kuàn-á
塑膠袋	sok-ka-tē
塑膠車	sok-ka-tshia
塑膠𡳞	sok-ka-lān
塑造	sok-tsō
塔志克	Thah-tsì-khik
塔斯社	Thah-su-siā
塔羅牌	Thah-lô-pâi
塔落	thah-lo̍h
塗吸	thôo-khip
塗味	thôo-bī
塗坪	thôo-phiânn
塗埆	thôo-kak
塗堆	thôo-tui
塗塗塗	thôo-thôo-thôo
塗墼厝	thôo-kat-tshù
塗壤	thôo-jióng
塗婆湧	thôo-pô-íng
塗崙仔	thôo-lūn-á
塗州	thôo-tsiu
塗師	thôo-sai
塗庫莊	Thôo-khòo-tsng
塗戕	thôo-tshiâng
塗捀	thôo-phang
塗掣流	thôo-tshuah-lâu
塗改	tôo-kái
塗方	thôo-hong
塗水	thôo-tsuí
塗水工	thôo-tsuí-kang
塗水師傅	thôo-tsuí-sai-hū
塗水蟻	thôo-tsuí-hiā
塗沙	thôo-sua
塗沙粉	thôo-sua-hún
塗沙粉仔	thôo-sua-hún-á
塗溝糜	thôo-kau-muê
塗炭	thôo-thuànn
塗炭仔	thôo-thuánn-á
塗炭屎	thôo-thuànn-sái
塗牛	thôo-gû
塗牛翻身	thôo-gû-huan-sin
塗猴	thôo-kâu
塗獺	thôo-thuah
塗白	thôo-pe̍h
塗礱	thôo-lâng
塗礱鉤仔	thôo-lâng-kau-á
塗窟	thôo-khut
塗筍	thôo-sún
塗粉欶仔	thôo-hún-suh-á
塗粉蝨	thôo-hún-sat
塗糜	thôo-muê
塗糜漿	thôo-muê-tsiunn
塗糜膏	thôo-bê-ko
塗肉	thôo-bah
塗膏石頭	thôo-ko-tsio̍h-thâu
塗葛窟	Thôo-kat-khut
塗葛窟港	Thôo-kat-khut-káng
塗葬	thôo-tsòng
塗藤	thôo-tîn
塗虱	thôo-sat
塗蜂	thôo-phang
塗蜂仔	thôo-phang-á
塗角厝	thôo-kak-tshù
塗觱仔	thôo-pi-á
塗觱哹	thôo-pi-pu
塗豆仁	thôo-tāu-jîn
塗豆塊仔	thôo-tāu-tè-á
塗豆舅	thôo-tāu-kū
塗豆醬	thôo-tāu-tsiùnn
塗豆麩	thôo-tāu-hu
塗質	thôo-tsit
塗跤苴	thôo-kha-tsū
塗面	thôo-bīn
塗頭	thôo-thâu
塗骨	thôo-kut
塗魠	thôo-thuh
塗龍	thôo-liông
塘鵝	tn̂g-gô
塚仔	thióng-á
塚仔埔	thióng-á-poo
塚仔山	thióng-á-suann
塚仔鳥	thióng-á-tsiáu
塚山	thióng-suann
塞倒街	that-tó-ke
塞入	that-ji̍p
塞嘴空	that-tshuì-khang
塞塞淀	that-that-tīnn
塞後手	seh-āu-tshiú
塞後錢	seh-āu-tsînn
塞手縫	that-tshiú-phāng
塞暗烏	siap-àm-oo
塞椆	that-tiâu
塞死	that-sí
塞死死	sat-sí-sí
塞滿	that-muá
塞疊	siap-tia̍p
塞翁失馬	sài-ong-sit-má
塞著	that-tio̍h
塞車	that-tshia
塞錢	seh-tsînn
塞鼻	sat-phīnn
填位	tìn-uī
填倒街	thūn-tó-ke
填充	thiân-tshiong
填嘴空	thūn-tshuì-khang
填土	thūn-thôo
填字猜	thiām-jī-tshai
填寫	thiân-siá
填履歷表	thiân-lí-li̍k-pió
填平	thiân-pênn
填底	thiām-té
填本	thūn-pún
填海造地	thūn-hái-tsō-tē
填滿	thiân-buán
填發	thiân-huat
填腹肚	thūn-pak-tóo
填表	thiân-pió
填補	thiân-póo
塭仔	ún-á
塭地	ùn-tē
塵埃	thûn-ai
塵埃雨	tîn-ai-hōo
塵尾	sú-bí
塵拖	tîn-thua
塵汏	thûn-thuā
塵蜱	tîn-pi
境內	kíng-lāi
境地	kíng-tē
境外	kíng-guā
境況	kíng-hóng
境界	kíng-kài
境遇	kíng-gū
墊仔	tiām-á
墊付	tiām-hù
墊倉	thūn-tshng
墊卡高	tiām-khah-kuân
墊定	tiām-tiānn
墊實	tiām-tsa̍t
墊枝	tiām-ki
墊款	tiām-khuán
墊腳石	tiām-kha-tsio̍h
墊腹	thūn-pak
墊花籽	tiām-hue-tsí
墊藤	tiām-tîn
墓仔	bōng-á
墓仔埔	bōng-á-poo
墓園	bōng-hn̂g
墓地	bōng-tē
墓坑鳥	bōng-khenn-tsiáu
墓埕	bōng-tiânn
墓堆	bōng-tui
墓壙	bōng-khòng
墓壙山	bōng-khòng-suann
墓壙空	bōng-khòng-khang
墓壙鳥	bōng-khòng-tsiáu
墓牌	bōng-pâi
墓牌齒	bōng-pâi-khí
墓石	bōng-tsio̍h
墓穴	bōng-hiat
墓窟	bōng-khut
墓龜	bōng-ku
墘仔	kînn-á
墘角	kînn-kak
墘頭仔	kînn-thâu-á
墜仔	tuī-á
墜地	tuī-tē
墜墜	tuī-tuī
墜樓	tuī-lâu
墜毀	tuī-huí
墜氣	tuī-khì
墜水	tuī-tsuí
墜直	tuī-ti̍t
墜精	tuī-tsing
墜繩	tuī-tsîn
墜胎	tuī-thai
墜腸	tuī-tiông
墜落	tuī-lo̍h
墜落來	tuī-lo̍h-lâi
增值	tsing-ta̍t
增加	tsing-ka
增加到	tsīng-ka-kàu
增加率	tsing-ka-lu̍t
增多	tsing-to
增大	tsing-tuā
增建	tsing-kiàn
增強	tsing-kiông
增援	tsing-uān
增添	tsing-thiam
增減	tsing-kiám
增產	tsing-sán
增補	tsing-póo
增資	tsing-tsu
增進	tsing-tsìn
增長	tsing-tióng
增高	tsing-ko
墡糗土	siān-khiū-thôo
墨斗	ba̍k-táu
墨斗線	ba̍k-táu-suànn
墨斗繩	ba̍k-táu-tsîn
墨斗魚	ba̍k-táu-hî
墨槌	ba̍k-thuî
墨水	ba̍k-tsuí
墨汁	ba̍k-tsiap
墨烏	ba̍k-oo
墨盤	ba̍k-puânn
墨硯	ba̍k-hīnn
墨箭	ba̍k-tsìnn
墨繩	ba̍k-tsîn
墨膏	ba̍k-ko
墨西哥	Bi̍k-se-ko
墨賊	ba̍k-tsa̍t
墨賊仔	ba̍k-tsa̍t-á
墨賊仔馬	Ba̍k-tsa̍t-á-bé
墨賊子	ba̍k-tsa̍t-jí
墨賊槧	ba̍k-tsa̍t-tshiám
墨賊煙	ba̍k-tsa̍t-ian
墨賊船	ba̍k-tsa̍t-tsûn
墨魚	ba̍k-hî
墮胎	tuī-thai
墮落	tuī-lo̍h
墳墓	phûn-bōng
墾丁	Khún-ting
墾荒	khún-hong
壁先生	piah-sian-senn
壁報	piah-pò
壁堵	piah-tóo
壁壘	piah-luí
壁壘分明	piah-luí-hun-bîng
壁宋盼	piah-sòng-phàn
壁櫥	piah-tû
壁燈	piah-ting
壁爐	piah-lôo
壁畫	piah-uē
壁癌	piah-gâm
壁腳	piah-kha
壁腳邊	piah-kha-pinn
壁虎	piah-hóo
壁蛇	piah-tsuâ
壁角	piah-kak
壁角仔囝	piah-kak-á-kiánn
壁邊	piah-pinn
壁鐘	piah-tsing
壁頂	piah-tíng
壁頭	piah-thâu
壁魚	piah-hî
壅田	ìng-tshân
壅肥	ìng-puî
壓低	a̍h-kē
壓倒人	ap-tó-lâng
壓倒性	ap-tó-sìng
壓制	ap-tsè
壓力	ap-li̍k
壓力板	ap-li̍k-pán
壓力枋	ap-li̍k-pang
壓力枋仔	ap-li̍k-pang-á
壓力海深	ap-li̍k-hái-tshim
壓味	ah-bī
壓境	a̍h-kíng
壓尺	a̍h-tshioh
壓抑	a̍h-ik
壓板	a̍h-pán
壓模	ap-bôo
壓煞	ap-suah
壓籠戲	ah-láng-hì
壓縮	ap-siok
壓縮機	ap-sok-ki
壓落	teh-lo̍h
壓落底	ah-lo̍h-té
壓落性	ah-lo̍h-sìng
壓虎	ah-hóo
壓迫	ap-pik
壓迫感	ap-pik-kám
壓霸	ah-pà
壓驚	ap-kiann
壘球	luí-kiû
壘錢	luí-tsînn
壙空	khòng-khang
壞心毒行	pháinn-sim-to̍k-hīng
壞死	hāi-sí
壟斷	lióng-tn̄g
壟溝	lîng-kau
壩灰	pà-hue
士兵	sū-ping
士官	sū-kuann
士官長	sū-kuann-tiúnn
士官鳥	Sū-kuann-tsiáu
士打北史	sū-tá-pak-sú
士林	Sū-lîm
士林區	Sū-lîm-khu
士氣	sū-khì
壯兄	tshuàng-hiann
壯國體	tsòng-kok-thé
壯圍	Tsòng-uî
壯士	tsòng-sū
壯大	tsòng-tāi
壯年	tsòng-liân
壯旺	tsòng-ōng
壯氣	tsòng-khì
壯犅	tshuàng-káng
壯膽	tsòng-tánn
壯觀	tsòng-kuan
壯逼逼	tsòng-piak-piak
壯陽	tsòng-iông
壯麗	tsòng-lē
壯點	tshuàng-tiám
壽元	siū-guân
壽具	siū-khū
壽司	siu-si
壽命	siū-miā
壽域	siū-i̍k
壽墳	siū-phûn
壽字花	siū-lī-hue
壽寧	Siū-lîng
壽山	Siū-suann
壽數	siū-sòo
壽星	siū-sing
壽木	siū-bo̍k
壽板	siū-pán
壽枋	siū-pang
壽穴	siū-hia̍t
壽算	siū-suàn
壽衣	siū-i
壽險	siū-hiám
壽麵	siū-mī
壽龜	siū-ku
夏令	hā-līng
夏令營	hā-līng-iânn
夏哈烏	hā-ha-oo
夏天	hā-thinn
夏威夷	Hā-uá-ì
夏娃	Hā-ua
夏季	hā-kuì
夏日	hā-ji̍t
夏服	hā-ho̍k
夏枯草	hē-koo-tsháu
夏糜	hē-buê
夏至	hā-tsì
夏藤	hē-tîn
夏金瓜	hē-kim-kue
夏鷸	hā-u̍t
夕陽	si̍k-iông
外久	guā-kú
外交	guā-kau
外交官	guā-kau-kuann
外交界	guā-kau-kài
外交縛陣	guā-kau-pa̍k-tīn
外交部	Guā-kau-pōo
外人	guā-lâng
外位	guā-uī
外來語	guā-lâi-gí
外側	guā-tshik
外傳	guā-thuân
外債	guā-tsè
外傷	guā-siong
外僑	guā-kiâu
外公	guā-kong
外出	guā-tshut
外力	guā-li̍k
外務	guā-bū
外務員	guā-bū-uân
外務省	Guā-bū-síng
外務部	guā-bū-pōo
外勞	guā-lô
外勤	guā-khîn
外勻	guā-ûn
外匯	guā-huē
外口	guā-kháu
外口衫	guā-kháu-sann
外向	guā-hiàng
外商	guā-siong
外國	guā-kok
外國人	guā-kok-lâng
外國番	guā-kok-huan
外國薰	guā-kok-hun
外國話	guā-kok-uē
外國語	guā-kok-gí
外國錢	guā-kok-tsînn
外國齣	guā-kok-tshut
外圍	guā-uî
外在	guā-tsāi
外地人	guā-tē-lâng
外型	guā-hîng
外埔	Guā-poo
外埠	guā-poo
外埠頭	guā-pōo-thâu
外境	guā-kíng
外外	guā-guā
外套	guā-thò
外奶	guā-ling
外姓	guā-sènn
外媽	guā-má
外孫	guā-sun
外孫女	guā-sun-lú
外客	guā-kheh
外室仔	guā-sik-á
外家	guā-ke
外家厝	guā-ke-tshù
外家孫	guē-ke-sun
外家孫仔	guā-ke-sun-á
外家親	guā-ke-tshin
外容	guā-iông
外宿	guā-siok
外島	guā-tó
外幣	guā-pè
外庄	guā-tsng
外形	guā-hîng
外形仔	guā-hîng-á
外患	guā-huān
外戚	guā-tshik
外才	guā-tsâi
外扮	guā-pān
外揚	guā-iông
外援	guā-uān
外攻內應	guā-kong-lāi-ìng
外放	guā-hòng
外文系	guā-bûn-hē
外族	guā-tso̍k
外景	guā-kíng
外柱	guā-thiāu
外椽	guā-iân
外模	guā-bôo
外款	guā-khuán
外殼	guā-khak
外氣	guā-khì
外水	guā-tsuí
外江人	guā-kang-lâng
外洋	guā-iûnn
外流	guā-liû
外海	guā-hái
外港	guā-káng
外澳仔	Guā-ò-á
外爿	guā-pîng
外牆	guā-tshiûnn
外甥	guā-sing
外甥女	guē-sing-lí
外用	guā-iōng
外界	guā-kài
外界線	guā-kài-suànn
外痔	guā-tī
外皮	guā-phuê
外相	guā-siòng
外省	guā-síng
外省人	guā-síng-lâng
外省豬	guā-síng-ti
外祖	guā-tsóo
外神	guā-sîn
外祧	guā-thiāu
外票	guā-phiò
外科	guā-kho
外範	guā-pān
外籍	guā-tsi̍k
外線	guā-suànn
外緣	guā-iân
外縣市	guā-kuān-tshī
外胎	guā-thai
外腎	guā-sīn
外莊頭	guā-tsng-thâu
外蒙	Guā-bông
外蒙古	Guā-bông-kóo
外號	guā-hō
外行	guā-hâng
外行人	guā-hâng-lâng
外衣	guā-i
外表	guā-piáu
外衫	guā-sann
外觀	guā-kuan
外語	guā-gí
外貌	guā-māu
外貨	guā-huè
外貿	guā-bōo
外貿協會	Guā-ba̍uh-hia̍p-huē
外資	guā-tsu
外賓	guā-pin
外贊	guā-tsàn
外路	guā-lōo
外路仔	guā-lōo-á
外路錢	guā-lōo-tsînn
外身	guā-sin
外輦	guā-lián
外輪	guā-lián
外送	guā-sàng
外遇	guā-gū
外邦	guā-pang
外部	guā-pōo
外鄉	guā-hiong
外野	guā-iá
外野手	guā-iá-tshiú
外銷	guā-siau
外長	guā-tiúnn
外電	guā-tiān
外面	guā-bīn
外面人	guā-bīn-lâng
外面家	guā-bīn-ke
外頭	guā-thâu
外頭家神	guā-thâu-ke-sîn
外頭山	guā-thâu-suann
外頭親	guā-thâu-tshin
夙世	siok-sè
夙願	siok-guān
多事	to-sū
多倫多	To-lûn-to
多元性別	to-guân-sìng-pia̍t
多元意見	to-guân-ì-kiàn
多嘴	to-tshuì
多型	to-hîng
多士	to-sū
多少	to-siáu
多層電光	to-tsân-tiān-kong
多心	to-sim
多才	to-tsâi
多敢	to-kánn
多明尼加	To-bîng-nî-ka
多樣性	to-iūnn-sìng
多疑	to-gî
多益	To-ik
多禮	to-lé
多端	to-tuan
多語言	to-gí-giân
多謝	to-siā
多謝恁的牽成	tō-siā-lín-ê-khan-sîng
多頭	to-thâu
夜交藤	iā-kau-tîn
夜來香	iā-lâi-hiong
夜光錶	iā-kong-pió
夜勤	iā-khîn
夜叉	iā-tshe
夜合	iā-ha̍p
夜婆	iā-pô
夜婆俠	iā-pô-kiap
夜學	iā-o̍h
夜市	iā-tshī
夜市仔	iā-tshī-á
夜店	iā-tiàm
夜明珠	iā-bîng-tsu
夜景	iā-kíng
夜校	iā-hāu
夜班	iā-pan
夜生活	iā-sing-ua̍h
夜盜蟲	iā-tō-thâng
夜色	iā-sik
夜行	iā-hîng
夜車	iā-tshia
夜遊	iā-iû
夜間	iā-kan
夜間部	iā-kan-pōo
夜雁	iā-gān
夠分	kàu-hun
夠力	kàu-la̍t
夠坎	kàu-khám
夠工	kàu-kang
夠忝頭	kàu-thiám-thâu
夠擋	kàu-tòng
夠本	kàu-pún
夠格	kàu-keh
夠極	kàu-ki̍k
夠殄	kàu-thiám
夠氣	kàu-khuì
夠水	kàu-tsuí
夠熟	kàu-sik
夠熟水	kàu-si̍k-tsuí
夠磅	kàu-pōng
夠角	kàu-kak
夠載	kàu-tsài
夠通	kàu-thang
夠重	kàu-tāng
夠鋩夠角	kàu-mî-kàu-kak
夠額	kàu-gia̍h
夢境	bāng-kíng
夢山果	bōng-san-kó
夢幻	bāng-huàn
夢想	bāng-sióng
夢泄	bōng-siat
夢洩	bōng-siat
夢著	bāng-tio̍h
夢見	bāng-kìnn
夢遊病	bāng-iû-pēnn
夢遺	bōng-uî
夢鄉	bāng-hiong
夥伴	hué-phuānn
夥同	hué-tông
夥計	hué-kì
夥計某	hué-kì-bóo
大一	tāi-it
大一統	tuā-it-thóng
大丁	tuā-ting
大丁香	tuā-ting-hiong
大丁黃	tāi-ting-hông
大丈夫	tāi-tiōng-hu
大三	tāi-sann
大不列顛國	Tāi-put-lia̍t-tian-kok
大不同	tāi-put-tông
大不如前	tāi-put-jî-tsiân
大不相同	tāi-put-siang-tông
大个	tuā-ê
大主公	tuā-tsú-kong
大主大意	tuā-tsú-tuā-ì
大主意	tuā-tsú-ì
大乘	Tāi-sîng
大亂	tāi-luān
大事	tāi-sū
大事不秒	tāi-sū-put-biāu
大二	tāi-jī
大亨	tuā-tân
大人	tāi-jîn
大人囡仔	tuā-lâng-gín-á
大人大種	tuā-lâng-tuā-tsíng
大人物	tāi-jîn-bu̍t
大人齒	tuā-lâng-khí
大人𤆬囡仔去𨑨迌	tuā-lâng-tshuā-gín-á-khì-tshit-thô
大仙	tuā-sian
大份	tuā-hūn
大份田仔底	Tuā-hūn-tshân-á-té
大伐	tuā-hua̍h
大伐行	tuā-hua̍h-kiânn
大伯	tuā-peh
大位	tuā-uī
大作	tāi-tsok
大使	tāi-sài
大使館	tāi-sài-kuán
大便	tāi-piān
大俠	tāi-kiap
大個	tuā-ê
大倍司	tua-beh-suh
大做大抐	tuā-tsò-tuā-lā
大傢伙	tuā-ke-hué
大兄	tuā-hiann
大光棍	tuā-kong-kùn
大內	Tuā-lāi
大公	tāi-kong
大公報	Tuā-kong-pò
大公大道	tāi-kong-tāi-tō
大兵	tuā-ping
大典	tāi-tián
大冇樹	tuā-phànn-tshiū
大冬	tuā-tang
大出	tuā-tshut
大出手	tuā-tshut-tshiú
大刀	tuā-to
大刣	tuā-thâi
大利	tuā-lāi
大到載	tuā-kàu-tsāi
大割賣	tuā-kuah-bē
大力	tāi-li̍k
大功告成	tāi-kong-kò-sîng
大功業	tuā-kong-gia̍p
大加蚋	tuā-ka-la̍h
大動干戈	tāi-tōng-kan-ko
大動脈	tuā-tōng-me̍h
大勢	tāi-sì
大勢所趨	tuā-sì-sóo-tshu
大包細包	tuā-pau-sè-pau
大午	tuā-ngóo
大半	tuā-puànn
大厝	tuā-tshù
大厝內	tuā-tshù-lāi
大厝宅	tuā-tshù-the̍h
大厝底	tuā-tshù-té
大受氣	tuā-siū-khì
大口唅	tuā-kháu-hâm
大口家	tuā-kháu-ke
大口灶	tuā-kháu-tsàu
大句話	tuā-kù-uē
大台北	Tuā-tâi-pak
大台北區	Tuā-tâi-pak-khu
大台南公車故事館	Tāi-Tâi-lâm-Kong-tshia-Kòo-sū-kuán
大司祭	tuā-su-tsè
大吉	tāi-kiat
大吉大利	tāi-kiat-tāi-lī
大同	tāi-tông
大同仔水雞	Tāi-tông-á-tsuí-ke
大同區	Tāi-tông-khu
大同小異	tāi-tông-sió-ī
大名鼎鼎	tāi-bîng-tíng-tíng
大吹	tuā-tshue
大吹大擂	tuā-tshui-tuā-luî
大命	tuā-miā
大和	Tāi-hô
大品碗	tuā-phín-uánn
大員	Tāi-uân
大喉孔	tuā-âu-khang
大喉空	tuā-âu-khang
大喙密婆	Tuā-tshuì-bi̍t-pô
大喙舌	Tuā-tshuì-tsi̍h
大喙雀	Tuā-tshuì-tshiok
大嘴吞	tuā-tshuì-thun
大嘴唅	tuā-tshuì-hâm
大嘴斗	tuā-tshuì-táu
大嘴鷗	tuā-tshuì-oo
大嚨喉空	tuā-nâ-âu-khang
大四	tāi-sì
大四界	tuā-sì-kè
大四肢	tāu-sù-ki
大囝	tuā-kiánn
大回魂	tuā-huê-hûn
大園仔	Tuā-hn̂g-á
大圓埕	tuā-înn-tiânn
大團圓	tuā-thuân-uân
大土	tuā-thôo
大地主	tuā-tē-tsú
大圳	tuā-tsùn
大坑罟	Tuā-khenn-koo
大垺翁	tuā-pû-ong
大埔	Tuā-poo
大埠頭	tuā-poo-thâu
大埤湖	Tuā-pi-ôo
大塊	tuā-tè
大塗蜂	tuā-thôo-phang
大墓公	tuā-bōng-kong
大墩	Tāi-tun
大壽	tuā-siū
大多數	tāi-to-sòo
大大	tuā-tuā
大大方方	tāi-tāi-hong-hong
大大箍	tuā-tuā-khoo
大大細細	tuā-tuā-sè-sè
大夫	tāi-hu
大失所望	tāi-sit-sóo-bōng
大套	tāi-thò
大奸	tāi-kan
大好大敗	tuā-hó-tuā-pāi
大好額	tuā-hó-gia̍h
大好額人	tuā-hó-gia̍h-lâng
大妗嘴	tuā-kīm-tshuì
大姐	tuā-tsiá
大娘姑	tuā-niû-koo
大娶	tuā-tshuā
大嫁娶	tuā-kè-tshuā
大嫂	suā-só
大字	tuā-jī
大存年	tuā-tsûn-nî
大孫	tuā-sun
大學	tāi-ha̍k
大學生	tāi-ha̍k-sing
大它	tuā-tô
大安	Tuā-an
大安區	Tuā-an-khu
大安溪	Tāi-an-khe
大官	ta-kuann
大官和新婦同床	ta-kuann-hām-sin-pū-tông-tshn̂g
大官虎	tuā-kuann-hóo
大家	tāi-ke
大家事	tuā-ke-sū
大家伙	tuā-ke-hué
大家口	tuā-ke-kháu
大家口眾	tuā-ke-kháu-tsìng
大家官	tā-ke-kuann
大家庭	tuā-ka-tîng
大家新婦	ta-ke-sin-pū
大家族	tuā-ka-tso̍k
大家樂	tāi-ke-lo̍k
大家甲	tuā-ke-kah
大富	tuā-pù
大富戶家	tuā-hù-hōo-ka
大寒	tāi-hân
大寒天	tuā-kuânn-thinn
大寫	tuā-siá
大寮	Tuā-liâu
大將	tāi-tsiòng
大專	tāi-tsuan
大專院校	tāi-tsuan-īnn-hāu
大小便	tuā-sió-piān
大小姐	tuā-sió-tsiá
大少爺	tuā-siàu-iâ
大尖山	Tuā-tsiam-suann
大尻川	tuā-kha-tshng
大尻川龍	Tuā-kha-tshng-liông
大尾	tuā-bué
大尾溜	tuā-bué-liu
大尾脽龍	Tuā-bué-tsui-liông
大局	tāi-kio̍k
大展	tāi-tián
大屠殺	tuā-tôo-sat
大層	tuā-tsan
大屯	Tuā-tūn
大屯山	Tuā-tūn-suann
大山母	tuā-suann-bó
大峽谷	Tuā-kiap-kok
大工事	tuā-kang-sū
大工程	tuā-kang-tîng
大帝	tuā-tè
大帽	tuā-bō
大幅	tāi-hok
大幔	tuā-mua
大平台	tuā-pîng-tâi
大平陽	tuā-pîng-iûnn
大年	tuā-nî
大庄	Tuā-tsng
大庄鄉	Tuā-tsng-hiong
大床	tuā-sn̂g
大度量	tuā-tōo-liāng
大廈	tāi-hā
大廞使騃錢	tuā-him-sái-gâi-tsînn
大廳	tuā-thiann
大廳堂	tuā-thiann-tn̂g
大後年	tuā-āu-nî
大後日	tuā-āu-ji̍t
大後生	tuā-hāu-senn
大徒弟	tuā-tôo-tē
大德	tāi-tik
大心思	tuā-sim-sū
大心氣	tuā-sim-khuì
大心肝	tuā-sim-kuann
大心胸	tuā-sim-hiong
大心行	tuā-sim-hīng
大志	tāi-tsì
大悲咒	tāi-pi-tsiù
大惑不解	tāi-hi̍k-put-kái
大意	tāi-ì
大慈大悲	tāi-tsû-tāi-pi
大慼	tuā-tsheh
大戇樹	tuā-gōng-tshiū
大戇鯊	tuā-gōng-sua
大戰	tāi-tsiàn
大戲	tuā-hì
大房	tuā-pâng
大房食細房	tuā-pâng-tsia̍h-sè-pâng
大手面	tuā-tshiú-bīn
大才	tāi-tsâi
大才小用	tuā-tsâi-sió-īng
大扮	tuā-pān
大批	tuā-phe
大把錢	tuā-pah-tsînn
大抐一場	tuā-lā-tsi̍t-tiûnn
大拇公	tuā-bó-kong
大拇翁	tuā-bó-ong
大拚	tuā-piànn
大捷	tāi-tsia̍t
大掘	tuā-ku̍t
大揚	Tāi-iâng
大揲溜溜	tāi-ia̍t-liu-liu
大摒掃	tuā-piànn-sàu
大摸	tuā-bong
大支柱	tuā-ki-thiāu
大收	tuā-siu
大政府	tuā-tsìng-hú
大政府主義	tuā-tsìng-hú-tsú-gī
大故	tāi-kòo
大敗市	tuā-pāi-tshī
大數據	tāi-sòo-kì/kù
大斂	tāi-liām
大斗碗	tuā-táu-uánn
大斡彎	tuā-uat-uan
大新婦	tuā-sin-pū
大方	tāi-hong
大方大方	tāi-hong-tāi-hong
大於	tāi-î
大旁	tuā-pîng
大日	tuā-ji̍t
大日本帝國	Tāi-Ji̍t-pún-Tè-kok
大日虎	tuā-ji̍t-hóo
大日頭	tuā-ji̍t-thâu
大旱	tāi-hān
大昨日	tuā-tso̍h-ji̍t
大晡日	tuā-poo-ji̍t
大智	tāi-tì
大暑	tāi-sú
大暝日	tuā-mê-ji̍t
大會	tāi-huē
大月	tuā-gue̍h
大有人在	tāi-iú-jîn-tsāi
大有康人	tuā-ū-khang-lâng
大有為	tāi-iú-uî
大有空人	tuā-ū-khang-lâng
大朝年	tuā-tiâu-nî
大木博士	Tāi-bo̍k-Phok-sū
大本	tuā-pún
大本字	tuā-pún-jī
大本山葡萄	tuā-pún-suann-pô-tô
大本營	tāi-pún-iânn
大本白馬屎	tuā-pún-pe̍h-bé-sái
大本碼字	tuā-pún-bé-jī
大杉	tuā-sam
大村鄉	Tāi-tshuan-hiong
大板	tuā-pán
大板筋	tuā-pán-kin
大板車	tuā-pán-tshia
大林	Tuā-nâ
大枝骨	tuā-ki-kut
大柄	tuā-pènn
大某	tāi-bóo
大柱	tuā-thiāu
大株	tuā-lu
大根	tāi-kun
大格	tuā-keh
大格種	tuā-keh-tsíng
大格雞慢啼	tuā-keh-ke-bān-thî
大梁	tuā-niû
大條錢	tuā-tiâu-tsînn
大業	tāi-gia̍p
大業戶	tuā-gia̍p-hōo
大概	tāi-khài
大槓	tuā-kòng
大樓	tuā-lâu
大樹	tuā-tshiū
大樹好蔭影	tuā-tshiū-hó-ìm-ńg
大樹破有柴	tuā-tshiū-phuà-ū-tshâ
大檔錢	tuā-tòng-tsînn
大欉	tuā-tsâng
大欉樹	tuā-tsâng-tshiū
大權	tāi-kuân
大步	tuā-pōo
大步拇	tuā-pōo-bú
大步行	tuā-pōo-kiânn
大武窟部落	Tuā-bú-khut-Pōo-lo̍k
大段	tāi-tuān
大殼薸	tuā-khak-phiô
大殿	tuā-tiān
大母	tuā-bó
大母漢	tuā-bó-hàn
大母聲	tuā-bó-siann
大母頭	tuā-bó-thâu
大比鳥	Tuā-pí-tsiáu
大氣	tuā-khì
大氣喘	tuā-khuì-tshuán
大氣喘袂離	tuā-khuì-tshuán-bē-lī
大氣壓	tāi-khì-ap
大氣層	tāi-khì-tsân
大氣欶到底	tuā-khuì-suh-kàu-té
大氣注	tuā-khuì-tū
大氣頭	tuā-khuì-thâu
大水	tuā-tsuí
大水北	tuā-tsuí-pak
大水柴	tuā-tsuí-tshâ
大水狗蟻	tuā-tsuí-káu-hiā
大水碗	tuā-tsuí-uánn
大水薸	tuā-tsuí-phiô
大水蚊	tuā-tsuí-báng
大水蝶	tuā-tsuí-ia̍h
大水蟻	tuā-tsuí-hiā
大水雨	tuā-tsuí-hōo
大汗四簾垂	tuā-kuānn-sì-liâm-suî
大沙鵻	tuā-sua-tsui
大油	tuā-iû
大注錢	tuā-tù-tsînn
大洋	tāi-iûnn
大洋洲	Tuā-iûnn-tsiu
大派	tuā-phài
大流	tuā-lâu
大流水	tuā-lâu-tsuí
大流行	tuā-liû-hîng
大浪泵社	tuā-lōng-pōng-siā
大海	tuā-hái
大海摸針	tuā-hái-bong-tsiam
大海毋驚大水	tuā-hái-m̄-kiann-tuā-tsuí
大海湧	tuā-hái-íng
大海賊	tuā-hái-tsha̍t
大港	tuā-káng
大港你贏矣	Tuā-káng-lí-iânn-ah
大湖	Tuā-ôo
大湖底	Tuā-ôo-té
大湧	tuā-íng
大湳	Tuā-làm
大溝	tuā-kau
大溪	Tāi-khe
大滕	tuā-thîn
大滾水	tuā-kún-tsuí
大漢	tuā-hàn
大漢人	tuā-hàn-lâng
大漢囝	tuā-hàn-kiánn
大漢嬰	tuā-hàn-enn
大漢食細漢	tuā-hàn-ttsia̍h-sè-hàn
大漲	tuā-tiòng
大潤發	Tāi-jūn-huat
大澳	Tuā-ò
大濛	tuā-bông
大濛霧	tuā-bông-bū
大灶	tuā-tsàu
大炮	tuā-phàu
大炮客	tuā-phàu-kheh
大熱	tuā-jua̍h
大燈	tuā-ting
大爺二爺	tuā-iâ-jī-iâ
大爺細爺	tuā-iâ-sè-iâ
大爿	tuā-pîng
大版稿	tuā-pán-kó
大牌	tuā-pâi
大牙	tuā-gê
大牛無惜力	tuā-gû-bô-sioh-la̍t
大牢	tuā-lô
大狗盤牆細狗看樣	tuā-káu-puânn-tshiûnn-sè-káu-khuànn-iūnn
大猩猩	tuā-sing-sing
大獃	tuā-tāi
大王	tāi-ông
大班	tuā-pan
大理概	tāi-lí-kài
大理石	tāi-lí-tsio̍h
大琉璃	tuā-liû-lî
大生	tuā-senn
大生理人	tuā-sing-lí-lâng
大田	Tāi-tshân
大甲席	tāi-kah-tshiōh
大甲溪	Tāi-kah-khe
大甲草	tāi-kah-tsháu
大甲蓆	tāi-kah-tshio̍h
大甲馬祖文化節	Tāi-kah-Má-tsóo-Bûn-huà-tseh
大略	tāi-lia̍k
大番	tuā-huan
大異其趣	tāi-ī-kî-tshù
大病	tuā-pēnn
大病院	Tuā-pēnn-īnn
大症頭	tuā-tsìng-thâu
大發	tuā-huat
大發家	tuā-huat-ke
大發彩	tuā-huat-tshái
大發雷霆	tāi-huat-luî-tîng
大百	tuā-pah
大百錢	tuā-pah-tsînn
大的	tuā-ê
大盤	tuā-puânn
大盤生理	tuā-puânn-sing-lí
大目	tuā-ba̍k
大目串	tuā-ba̍k-tshǹg
大目仔	tuā-ba̍k-á
大目側仔	tuā-ba̍k-tsik-á
大目孔	tuā-ba̍k-kháng
大目框仔	tuā-ba̍k-khing-á
大目海鰱	tuā-ba̍k-hái-liân
大目船	tuā-ba̍k-tsûn
大目鏡片	tuā-ba̍k-kiànn-phìnn
大目降	Tuā-ba̍k-kàng
大目降文化園區	Tuā-ba̍k-kàng-Bûn-huà-Uân-khu
大直	Tāi-ti̍t
大眾	tāi-tsiòng
大眾傱錢	tāi-tsiòng-tsông-tsînn
大眾爺	Tāi-tsiòng-iâ
大睏	tuā-khùn
大睏眠	tuā-khùn-bîn
大砲	tuā-phàu
大砲子	tuā-phàu-tsí
大碗公	tuā-uánn-kong
大碼	tuā-bé
大社	Tuā-siā
大社欺負小社	tuā-siā-khi-hū-sió-siā
大祹	tuā-tô
大禹	Tāi-ú
大種	tuā-tsíng
大稻埕	Tuā-tiū-tiânn
大穹頂	Tua-khiong-tíng
大空話	tuā-khang-uē
大窟	tuā-khut
大端	tāi-tuan
大笨鐘	Tuā-pūn-tsing
大筒仔蜂	Tuā-tâng-á-phang
大箍	tuā-khoo
大箍丁	tuā-khoo-ting
大箍个	tuā-khoo-ê
大箍人	tuā-khoo-lâng
大箍人好看頭	tuā-khoo-lâng-hó-khuànn-thâu
大箍個	tuā-khoo-ê
大箍冇	tuā-khoo-phànn
大箍呆	tuā-khoo-tai
大箍把	tuā-khoo-pé
大箍箍丁	tuā-khoo-khoo-ting
大箍肥	tuā-khoo-puî
大箍菜頭蓬心	tuā-khoo-tshài-thâu-pōng-sim
大箍鱉仔	tuā-khoo-pih-á
大管仙	tuā-kóng-sian
大管薰	tuā-kóng-hun
大管蝦	tuā-kóng-hê
大管蟬	tuā-kóng-siân
大箱	tuā-siunn
大範	tuā-pān
大粒人	tuā-lia̍p-lâng
大粒卵	tuā-lia̍p-nn̄g
大粒奶	tuā-lia̍p-ling
大粒株	tuā-lia̍p-lu
大粒汗	tuā-lia̍p-kuānn
大粒汗細粒汗	tuā-lia̍p-kuānn-sè-lia̍p-kuānn
大粒頭	tuā-lia̍p-thâu
大糞	tuā-pùn
大約	tāi-iok
大紅	tuā-âng
大紅心	tuā-âng-sim
大紅腿	tuā-âng-thuí
大紅花	tuā-âng-hue
大紅袍	tuā-âng-phàu
大索	tuā-soh
大細	tuā-sè
大細丈	tuā-sè-tiūnn
大細仙	tuā-sè-sian
大細心	tuā-sè-sim
大細漢	tuā-sè-hàn
大細爿	tuā-sè-pîng
大細目	tuā-sè-ba̍k
大細粒	tuā-sè-lia̍p
大細聲	tuā-sè-siann
大細腎	tuā-sè-siān
大細輦	tuā-sè-lián
大細頭	tuā-sè-thâu
大綱	tāi-kong
大繩	tuā-soh
大翅尾	tuā-si̍t-bué
大翻頭	tuā-huan-thâu
大老關	tuā-láu-kuan
大耳豬	tuā-hīnn-ti
大聖	tāi-sìng
大聲	tuā-siann
大聲哭	tuā-siann-khàu
大聲喝	tuā-siann-huah
大聲的	tuā-siann-ê
大聲細聲	tuā-siann-sè-siann
大聲話	tuā-siann-uē
大聲野喉	tuā-siann-iá-âu
大聲門	tuā-siann-mn̂g
大聲馬喉	tuā-siann-bé-âu
大肆	tāi-sù
大肆機	tāi-sù-ki
大肚	tuā-tōo
大肚仔	tuā-tōo-á
大肚奶仔	tuā-tōo-nai-á
大肚胿仔	tuā-tōo-kuai-á
大肚魚仔	tuā-tōo-hî-á
大肥	tuā-puî
大肥相偃	tuā-puî-sio-ián
大胃王	tuā-uī-ông
大胚	tuā-phe
大腦	tuā-náu
大腳	tuā-kha
大腳婆	tuā-kha-pô
大腳數	tuā-kioh-siàu
大腳桶	tuā-kha-tháng
大腳胴	tuā-kha-tâng
大腳色	tuā-kioh-sik
大腳蹄	tuā-kha-tê
大腸	tuā-tn̂g
大腸頭	tuā-tn̂g-thâu
大腸香腸	tuā-tn̂g-ian-tshiâng
大腹肚	tuā-pak-tóo
大腹肚桶	tuā-pak-tóo-tháng
大腿	tuā-thuí
大腿頭	tuā-thuí-thâu
大腿骨	tuā-thuí-kut
大膦脬	tuā-lān-pha
大膽	tuā-tánn
大臣	tāi-sîn
大自然	tāi-tsū-jiân
大舅仔	tuā-kū-á
大興	tuā-hing
大興土木	tāi-hing-thóo-bo̍k
大舌	tuā-tsi̍h
大舌口	tuā-tsi̍h-káu
大舌怪	Tuā-tsi̍h-kuài
大舌興喋	tuā-tsi̍h-hìng-thi̍h
大舌閣興喋	tuā-tsi̍h-koh-hìng-thi̍h
大舖	tuā-phoo
大舖排	tuā-phoo-pâi
大舞大抐	tuā-bú-tuā-lā
大舞抐	tuā-bú-lā
大舞撓	tuā-bú-lā
大船僫起碇	tuā-tsûn-oh-khí-tiānn
大船入港	tuā-tsûn-ji̍p-káng
大色	tuā-sik
大色貨	tuā-sik-huè
大花	tuā-hue
大花斑	tuā-hue-pan
大花虎	tuā-hue-hóo
大花鵰	tuā-hue-tiau
大茴	tāi-huê
大茴香	tāi-huê-hiong
大草	tuā-tsháu
大草唅	tuā-tsháu-hâm
大菁	tuā-tshinn
大菁蘭	tuā-tshinn-lân
大菇蟳	Tuā-koo-tsîm
大菜	tuā-tshài
大落價	tuā-lo̍h-kè
大落厝	tuā-lo̍h-tshù
大葉九重炊	tuā-hio̍h-káu-tîng-tshue
大葉冇	tuā-hio̍h-phànn
大葉杜	tuā-hio̍h-tōo
大葉松	tuā-hio̍h-siông
大葉校栗	ttuā-hio̍h-kàu-la̍t
大葉楠	tuā-hio̍h-lâm
大著時	tuā-tio̍h-sî
大著驚	tuā-tio̍h-kiann
大葩尾	tuā-pha-bué
大蕊薸	tuā-luí-phiô
大薸	tuā-phiô
大號種	tuā-hō-tsíng
大蛇	tuā-tsuâ
大蛚	tuā-lē
大蝕本	tuā-si̍h-pún
大螺仔	tuā-lê-á
大蟒	tuā-báng
大衣	tuā-i
大袁頭	tuā-uân-thâu
大裾	tuā-ku
大西洋	Tāi-se-iûnn
大要	tāi-iàu
大觀	tāi-kuan
大角喙	tuā-kak-tshuì
大言	tāi-giân
大言不慚	tāi-giân-put-tshân
大計	tāi-kè
大話	tuā-uē
大調	tuā-tiāu
大變	tāi-piàn
大豆	tuā-tāu
大象	tuā-tshiūnn
大豬	tuā-ti
大豬客	tuā-ti-kheh
大貓狸	Tuā-bâ-lî
大財主	tuā-tsâi-tsú
大貢	tuā-kòng
大資料	tuā-tsu-liāu
大賊古	tuā-tsha̍t-kóo
大賣	tuā-bē
大賣場	tuā-bē-tiûnn
大贏	tuā-iânn
大赦	tāi-sià
大起	tuā-khí
大起大落	tuā-khí-tuā-lo̍h
大趁錢	tuā-thàn-tsînn
大跋	tuā-pua̍h
大跤	tuā-kha
大跤桶	tuā-kha-tháng
大跤胴	tuā-kha-tâng
大路	tuā-lōo
大路撞	tuā-lōo-tn̄g
大路頭	tuā-lōo-thâu
大身	tuā-sian
大身尪	tuā-sian-ang
大身閣滾龍	tuā-sin-koh-kún-liông
大車夯	tuā-tshia-giâ
大車路	tuā-tshia-lōo
大通	tuā-thong
大連	Tāi-liân
大逼虎	tuā-piak-hóo
大過	tāi-kò
大道	tuā-tō
大選	tāi-suán
大還魂	tuā-huân-hûn
大部份	tāi-pōo-hūn
大部分	tuā-pōo-hūn
大部拇	tuā-pōo-bó
大都市	tuā-too-tshī
大里	Tāi-lí
大里簡	Tāi-lí-kán
大量	tāi-liāng
大金英	tuā-kim-ing
大金蘭	tuā-kim-lân
大金面	Tuā-kim-bīn
大針蜂	Tuā-tsiam-phang
大銀	tuā-gîn
大銃	tuā-tshìng
大銷	tuā-siau
大錘	tuā-thuî
大錢	tuā-tsînn
大鑼	tuā-lô
大鑼大鼓	tuā-lô-tuā-kóo
大門大戶	tuā-muî-tuā-hōo
大門戶	tuā-mn̂g-hōo
大門風	tuā-bûn-hong
大開	tuā-khui
大闢	Tāi-pi̍t
大阪	Tāi-pán
大阪城	Tāi-pán-siânn
大阪燒	Tāi-pán-sio
大阿	tuā-o
大院落	tuā-īnn-lo̍h
大陸	tāi-lio̍k
大陸筍菜	tāi-lio̍k-sún-tshài
大陸萵仔菜	tāi-lio̍k-meh-á-tshài
大隊	tuā-tuī
大隘	Tuā-ài
大隻	tuā-tsiah
大隻野狼	tuā-tsiah-iá-lông
大隻雞慢啼	tuā-tsia̍h-ke-bān-thî
大雅	Tāi-ngá
大雪	tāi-suat
大雪山	Tuā-seh-suann
大雷	tuā-luî
大雺	tuā-bông
大雺霧	tuā-bông-bū
大霧	tuā-bū
大青	tuā-tshenn
大面	tuā-bīn
大面婆	tuā-bīn-pô
大面孔	tuā-bīn-kháng
大面神	tuā-bīn-sîn
大韓民國	Tāi-Hân-bîn-kok
大頓	tuā-tǹg
大頭	tuā-thâu
大頭丁	tuā-thâu-ting
大頭使	tuā-thâu-su̍t
大頭大面	tuā-thâu-tuā-bīn
大頭家	tuā-thâu-ke
大頭尪仔	tuā-thâu-ang-á
大頭拇	tuā-thâu-bó
大頭拇公	tuā-thâu-bú-kong
大頭拇反	Tuā-thâu-bú-píng
大頭母	tuā-thâu-bó
大頭母人	tuā-thâu-bú-lâng
大頭狗母	tuā-thâu-káu-bó
大頭病	tuā-thâu-pēnn
大頭症	tuā-thâu-tsìng
大頭茶	tuā-thâu-tê
大頭菜	tuā-thâu-tshài
大頭蔥	tuā-thâu-tshang
大頭蛇	tuā-thâu-tsuâ
大頭蝦	Tuā-thâu-hê
大頭釘	tuā-thâu-ting
大頭鰱	tuā-thâu-liân
大頭龜	tuā-thâu-ku
大頷瘤	tuā-ām-liû
大頷胿	tuā-ām-kui
大頷頸胿	tuā-ām-kún-kui
大題目	tuā-tê-ba̍k
大風大湧	tuā-hong-tuā-íng
大風草	tuā-hong-tsháu
大風藤	tuā-hong-tîn
大風雨	tuā-hong-hōo
大食	tuā-tsia̍h
大食佛	tuā-tsia̍h-hu̍t
大食公	tuā-tsia̍h-kong
大食客	tuā-tsia̍h-kheh
大食王	tuā-tsia̍h-ông
大食神	tuā-tsia̍h-sîn
大食細	tuā-tsia̍h-sè
大食虎	tuā-tsia̍h-hóo
大食親姆	tuā-tsia̍h-tshenn-ḿ
大飯店	tuā-pn̄g-tiàm
大餅	tuā-piánn
大餅圖	tuā-piánn-tôo
大餐	tāi-tshan
大館犬	tāi-kuán-khián
大駕	tāi-kà
大驚小怪	tuā-kiann-sió-kuài
大骨	tuā-kut
大骿皮	tuā-phiann-phuê
大體	tāi-thé
大體上	tāi-thé-siāng
大鬧熱	tuā-lāu-jia̍t
大魚大肉	tuā-hî-tuā-bah
大魬仔	tuā-puánn-á
大鯊	tuā-sua
大鯧	tuā-tshiunn
大麵	tuā-mī
大麻鴨	tuā-muâ-ah
大黃草	tuā-hông-tsháu
大點雨	tuā-tiám-hōo
大鼎炒狗蟻	tuā-tiánn-tshá-káu-hiā
大鼎菜	tuā-tiánn-tshài
大鼎飯	tuā-tiánn-pn̄g
大鼻獅	tuā-phīnn-sai
大齣戲	tuā-tshut-hì
大齣頭	tuā-tshut-thâu
大龐	tuā-phiāng
大龜母	tuā-ku-bó
天上聖母	Thian-siāng-sìng-bó
天下	thian-hā
天下大亂	thian-hā-tāi-luān
天下為公	thian-hā-uî-kong
天下萬物	thian-hā-bān-bu̍t
天不從人願	thinn-put-tsiông-lâng-guān
天主	Thian-tsú
天主教	Thian-tsú-kàu
天丼	thian-tóng
天九	thian-kiú
天九牌	thian-kiú-pâi
天九金	Thian-káu-kim
天井	thian-tsénn
天仙果	thian-sian-kó
天仙藤	thian-sian-tîn
天份	thian-hūn
天位	thinn-uī
天佑	thian-iū
天作之合	thian-tsok-tsi-ha̍p
天使	thian-sài
天使投資人	thinn-sài-tâu-tsu-jîn
天使投資者	thinn-sài-tâu-tsu-tsiá
天倫	thian-lûn
天倫之樂	thian-lûn-tsi-lo̍k
天做天晟	thinn-tsò-thinn-tshiânn
天光	thinn-kng
天光卯	thinn-kng-báu
天光早	thinn-kng-tsá
天光時	thinn-kng-sî
天公	thinn-kong
天公仔囝	thinn-kong-á-kiánn
天公伯	thinn-kong-peh
天公伯仔	thinn-kong-peh-á
天公地道	thian-kong-tē-tō
天公壇	thinn-kong-tuânn
天公帶著	thinn-kong-tuà-tio̍h
天公曲	thian-kong-khiàu
天公有帶著	thinn-kong-ū-tuà-tio̍h
天公無帶著	thinn-kong-bô-tuà-tio̍h
天公無平正	thinn-kong-bô-pênn-tsiànn
天公無目睭	thinn-kong-bô-ba̍k-tsiu
天公爐	thinn-kong-lôo
天公生	thinn-kong-senn
天公破	thinn-kong-phuà
天公祖	thinn-kong-tsóo
天公頂	thinn-kong-tíng
天兵	phin-phiann
天兵日	phian-phiann-ji̍t
天兵神	phin-phiann-sîn
天冬	thian-tong
天凋燥	thinn-ta-sò
天分	thian-hūn
天助	thian-tsōo
天台	thian-tâi
天合合	thinn-a̍p-a̍p
天名精	thian-bîng-tsing
天后	thian-hiō
天后宮	thian-hiō-king
天命	thian-bīng
天國	thian-kok
天地	thian-tē
天地內	thinn-tē-lāi
天地尾	thinn-tē-bué
天地捙畚斗	thinn-tē-tshia-pùn-táu
天地數	thian-tē-sòo
天地炮	thian-tē-phàu
天地無餓死人	thinn-tē-bô-gō-sí-lâng
天地良心	thian-tē-liâng-sim
天地行災	thian-tē-hîng-tsai
天地邊	thinn-tē-pinn
天地間	thian-tē-kan
天地顛倒踅	thinn-tē-tian-tò-se̍h
天堂	thian-tông
天堂地獄	thian-tông-tē-gi̍k
天外	thian-guā
天外有天	thian-guā-iú-thian
天大	thinn-tuā
天天	thian-thian
天天二四點	thian-thian-lī-sí-tiám
天妃	thian-hui
天姿	thian-tsu
天媽	thinn-má
天子	thian-tsú
天子萬年	thian-tsú-bān-nî
天孑	thian-khiat
天安門	Thian-an-mn̂g
天安門埕	Thian-an-mn̂g-tiânn
天安門廣場	Thian-an-bûn-kóng-tiûnn
天宮	thian-kiong
天尺	thinn-tshioh
天山	Thian-san
天差咧地	thinn-tsha-leh-tē
天差地	thinn-tsha-tē
天差地別	thinn-tsha-tē-pia̍t
天差淵	thian-tsha-ian
天師	thian-su
天師壇出貴	thian-su-tuânn-tshut-kuí
天幕	thian-bōo
天干	thian-kan
天平	thian-pîng
天平子	thian-pîng-tsí
天平秤	thian-pîng-tshìn
天年	thinn-nî
天幻幻	thinn-huánn-huánn
天府	thian-hú
天庭	thian-tîng
天性	thian-sìng
天恩	thian-in
天意	thian-ì
天懷	thian-huâi
天房	thian-pông
天才	thian-tsâi
天才欲光	thinn-tsiah-beh-kuinn
天拄欲暗	thinn-tú-beh-àm
天拆笚	thinn-thiah-ha̍h
天拆箬	thinn-thiah-ha̍h
天拋子	thian-phau-tsí
天拋果	thian-phau-kó
天拋藤	thian-phau-tîn
天攀藤	thinn-phan-tîn
天敵	thian-ti̍k
天數	thian-sòo
天文	thian-bûn
天文台	thian-bûn-tâi
天文單位	thian-bûn-tan-uī
天文圖	thian-bûn-tôo
天文地理	thian-bûn-tē-lí
天文學	thian-bûn-ha̍k
天旁	thian-pîng
天星	thinn-tshinn
天昲光	thinn-phú-kng
天時	thian-sî
天時預報	thinn-sî-ī-pò
天暗	thinn-àm
天暗啊	thinn-àm-ah
天書	thian-su
天有目	thinn-ū-ba̍k
天未光	thinn-buē-kng
天梯	thinn-thui
天棚	thinn-pînn
天橋	thian-kiô
天機	thian-ki
天欲光	thinn-beh-kng
天欲光矣	thinn-beh-kuinn-ah
天欲暗矣	thinn-beh-àm-ah
天殕殕光	thinn-phú-phú-kuinn
天母	Thian-bó
天氣	thinn-khì
天氣預報	thinn-khì-ī-pò
天池	Thian-tî
天河	thian-hô
天河井	thian-hô-tsénn
天河板	thian-hô-pán
天津	thian-tsin
天涯海角	thian-gâi-hái-kak
天清	thinn-tshing
天港	thian-káng
天火	thinn-hué
天災	thian-tsai
天災人厄	thian-tsai-jîn-eh
天災人禍	thian-tsai-jîn-hō
天烏	thinn-oo
天烏地暗	thinn-oo-tē-àm
天烏陰	thinn-oo-im
天無目	thinn-bô-ba̍k
天無絕人之路	thinn-bô-tsua̍t-lâng-tsi-lōo
天焦燥	thinn-ta-sò
天然	thian-jiân
天然氣	thian-jiân-khì
天然痘	thian-jiân-tāu
天然色	thian-jiân-sik
天燈	thian-ting
天父	thinn-pē
天爸	thinn-pē
天牢	thian-lô
天狗	thian-káu
天狗日	thian-káu-ji̍t
天狗月	thian-káu-gue̍h
天狗熱	thian-káu-jia̍t
天狗食日	thian-káu-tsia̍h-ji̍t
天狗食月	thian-káu-tsia̍h-gue̍h
天猶未光	thinn-iáu-bē-kuinn
天王	thian-ông
天王星	Thian-ông-tshenn
天珠	thian-tsu
天理	thian-lí
天理昭昭	thian-lí-tsiau-tsiau
天生	thian-sing
天生地養	thinn-senn-tē-iúnn
天生尤物	thian-sing-iû-bu̍t
天生自然	thian-sing-tsū-jiân
天生麗質	thian-sing-lē-tsit
天瘡	thinn-tshng
天癸	thian-kuì
天癸水	thian-kuì-tsuí
天皇	thian-hông
天相	thian-siōng
天真	thian-tsin
天真活潑	thian-tsin-ua̍h-phuat
天知地知	thinn-tsai-tē-tsai
天神	thian-sîn
天祥	Thian-siông
天祭線	thian-tsè-suànn
天秤座	Thian-pîng-tsō
天空	thian-khong
天窗	thinn-thang
天竹	thian-tik
天篷	thian-pông
天經地義	thian-king-tē-gī
天網恢恢	thian-bóng-khue-khue
天線	thian-suànn
天罡	thian-kong
天罡神	thian-kong-sîn
天罰	thian-hua̍t
天羅地網	thian-lô-tē-bóng
天羅板	thian-lô-pán
天翕烏	thinn-hiannh-oo
天翻地亂	thian-huan-tē-luān
天翻地覆	thian-huan-tē-hok
天職	thian-tsit
天胎	thian-thai
天能	Thian-lîng
天腳下	thinn-kha-ē
天良	thian-liâng
天良講	thian-liâng-kóng
天色	thinn-sik
天花	thian-hua
天花亂墜	thian-hua-luān-tuī
天花板	thian-hua-pán
天花珠	thian-hue-tsu
天落甘露	thinn-lo̍h-kam-lōo
天落紅雨	thinn-lo̍h-âng-hōo
天落紅雨馬發角	thinn-lo̍h-âng-hōo-bé-huat-kak
天葵子	thian-khuê-tsí
天蔓菁	thian-bān-tshing
天藍色	thian-lâm-sik
天蠍	Thian-gait
天蠍座	Thian-giat-tsō
天行瘡	thian-hîng-tshng
天規	thinn-kui
天註定	thinn-tsù-tiānn
天變地變	thinn-piàn-tē-piàn
天財票	thian-tsâi-phiò
天貺節	thian-hóng-tsiat
天資	thian-tsu
天賜	thian-sù
天賦	thian-hù
天賦之才	thian-hù-tsi-tsâi
天賦才能	thian-hù-tsâi-lîng
天路	thinn-lōo
天車	thian-tshia
天送埤	Thian-sàng-pi
天道	thian-tō
天邊	thinn-pinn
天邊海角	thinn-pinn-hái-kak
天都烏一爿	thinn-to-oo-tsi̍t-pîng
天酡	thian-tho̍h
天長地久	thian-tiông-tē-kiú
天門冬	thian-bûn-tang
天門精	thian-mn̂g-tsing
天開	thinn-khui
天降甘露	thian-kàng-kam-lōo
天際	thian-tsè
天險	thian-hiám
天雲尾	thinn-hûn-bué
天露	thinn-lōo
天霸王	thian-pà-ông
天靈蓋	thian-lîng-kài
天頂	thinn-tíng
天頂價	thinn-tíng-kè
天頂地下	thinn-tíng-tē-ē
天頂白茫茫	thinn-tíng-pe̍h-bông-bông
天頂雲尾	thinn-tíng-hûn-bué
天風	thian-hong
天體	thian-thé
天鵝	thian-gô
天鵝湖	Thian-gô-ôo
天鵝絨	thian-gô-jiông
天龍	thian-liông
天龍人	thian-liông-lâng
天龍國	Thian-liông-kok
太上天皇	thài-siōng-thian-hông
太上老君	thài-siōng-ló-kun
太保	thài-pó
太公	thài-kong
太和雞	thài-hô-ke
太基祖	thài-ki-tsóo
太太	thài-thài
太妹	thài-muāi
太姥山	Thài-bú-suann
太媽	thài-má
太子	thài-tsú
太子宮堡	Thài-tsú-kiong-pó
太師交椅	thài-su-kau-í
太師椅	thài-su-í
太平	thài-pîng
太平山	Thài-pîng-suann
太平島	Thài-pîng-tóo
太平洋	Thài-pîng-iûnn
太座	thài-tsō
太昊	Thài-hō
太極	thài-ki̍k
太極拳	thài-ki̍k-kûn
太歲星	thài-suè-tshenn
太白星	thài-pi̍k-tshenn
太白粉	thài-pe̍h-hún
太白金星	thài-pi̍k-kim-tshenn
太盡	thài-tsīn
太監	thài-kàm
太祖	thài-tsóo
太祖个	thài-tsóo-ê
太祖個	thài-tsóo-ê
太祖公	thài-tsóo-kong
太祖媽	thài-tsóo-má
太祖牌	thài-tsóo-pâi
太空	thài-khong
太空人	thài-khong-jîn
太空梭	thài-khong-so
太空站	thài-khong-tsām
太空船	thài-khong-tsûn
太空衫	thài-khong-sann
太空電梯	thài-khong-tiān-thui
太虛	thài-hi
太過份	thài-kuè-hūn
太陽	thài-iông
太陽公	thài-iông-kong
太陽星君	Thài-iâng-sing-kun
太陽能	thài-iông-lîng
太陽花	thài-iông-hue
太陽邊	thài-iông-pian
太陽餅	thài-iông-piánn
太魯閣	Thài-lóo-koh
夫人	hu-jîn
夫人媽	hu-jîn-má
夫君	hu-kun
夫妻	hu-tshe
夫婦	hu-hū
夫子	hu-tsú
夫家	hu-ka
夭壽	iáu-siū
夭壽亡	iáu-siū-bông
夭壽人	iáu-siū-lâng
夭壽喔	iáu-siū-ooh
夭壽好食	iáu-siū-hó-tsia̍h
夭壽步	iáu-siū-pōo
夭壽災	iáu-siū-tse
夭壽短命	iáu-siū-té-miā
夭壽骨	iáu-siū-kut
夭壽骨人	iáu-siū-kut-lâng
夭壽鬼	iáu-siū-kuí
夭折	iáu-tsiat
夭殤	iau-siong
央三託四	iang-sann-thok-sì
央人	iang-lâng
央及	iang-ki̍p
央教	iang-kà
央行	Iang-hâng
央託	iang-thok
央請	iang-tshiánn
夯一个天來崁	giâ-tsi̍t-ê-thinn-lâi-khàm
夯刀探病牛	giâ-to-thàm-pēnn-gû
夯勢故	giâ-sè-kòo
夯勢頭	giâ-sè-thâu
夯枷	giâ-kê
夯石碾	giâ-tsio̍h-lián
夯石輪	giâ-tsio̍h-lián
夯硬篙	giâ-ngē-ko
夯篙尺	giâ-ko-tshioh
夯起來	giâ-khí-lâi
夯重	giâ-tāng
夯鐵輪	giâ-thih-lián
夯雉雞	giâ-thī-ke
夯順風旗的	giâ-sūn-hong-kî-ê
夯飯匙拄貓	giâ-pn̄g-sî-tú-niau
夯𡳞毋知轉肩	giâ-lān-mt-sai-tńg-king
失主	sit-tsú
失主意	sit-tsú-ì
失事	sit-sū
失人禮	sit-lâng-lé
失信	sit-sìn
失修	sit-siu
失傳	sit-thuân
失勢	sit-sì
失去	sit-khì
失口	sit-kháu
失嘴	sit-tshuì
失土	sit-thóo
失地	sit-tē
失學	sit-ha̍k
失守	sit-siú
失寵	sit-thióng
失對	sit-tuì
失對頭	sit-tuì-thâu
失常	sit-siông
失序	sit-sū
失德	sit-tik
失德罵	sit-tik-mē
失德錢	sit-tik-tsînn
失心	sit-sim
失志	sit-tsì
失意	sit-ì
失戀	sit-luân
失手	sit-tshiú
失收	sit-siu
失敗	sit-pāi
失日	sit-li̍t
失時	sit-sî
失智	sit-tì
失智症	sit-tì-tsìng
失月	sit-gue̍h
失望	sit-bāng
失格	sit-keh
失業	sit-gia̍p
失檢	sit-kiám
失檢點	sit-kiám-tiám
失欉	sit-tsâng
失氣	sit-khì
失氣血	sit-khì-hiat
失水	sit-tsuí
失火	sit-hué
失眠	sit-bîn
失神	sit-sîn
失禮	sit-lé
失策	sit-tshik
失算	sit-sǹg
失精神	sit-tsing-sîn
失精英	sit-tsing-ing
失約	sit-iok
失約定	sit-iok-tiānn
失罪	sit-tsuē
失聲	sit-siann
失腳	sit-kha
失膽	sit-tánn
失臉	sit-lián
失臉面	sit-lián-bīn
失興	sit-hìng
失色	sit-sik
失落	sit-lo̍h
失血	sit-hiat
失覺察	sit-kak-tshat
失角擦	sit-kak-tshat
失言	sit-giân
失調	sit-tiâu
失讀	sit-tha̍k
失路	sit-lōo
失身	sit-sin
失迎	sit-gîng
失重	sit-tāng
失錯	sit-tshò
失陪	sit-puê
失電	sit-tiān
失面子	sit-bīn-tsú
失音	sit-im
失風	sit-hong
失體面	sit-thé-biān
失點點	sit-kiám-tiám
夾仔	giap-á
夾仔蟹	Ngeh-á-hē
夾層	kah-tsân
夾帶	kiap-tuà
夾插	kah-tshah
夾擊	kiap-kik
夾板	kiap-pán
夾桃	kiap-thô
夾的	kah-ê
夾竹桃	kiap-tik-thô
夾細囝	kap-sè-kiánn
夾縫	giap-phāng
夾色	kah-sik
夾菜	nge̍h-tshài
夾銅夾鐵	kiap-tâng-kiap-thih
夾鍋	kiap-ue
夾雙仔	kah-siang-á
夾雜	kiap-tsa̍p
夾鼎	kiap-tiánn
奄奄一息	am-am-it-sik
奅姼仔	phānn-tshit-á
奅查某	phānn-tsa-bóo
奇兵	kî-ping
奇力仔	kî-li̍k-á
奇力簡	Kî-li̍k-kán
奇南香	kî-lâm-hiunn
奇奇怪怪	kî-kî-kuài-kuài
奇妙	kî-biāu
奇巧	kî-khá
奇巧話	kî-khá-uē
奇形	kî-hîng
奇怪	kî-kuài
奇怪癖	kî-kuài-phiah
奇想	kî-sióng
奇才	kî-tsâi
奇數	khia-sòo
奇景	kî-kíng
奇檬字	ki̋-moo-jī
奇異	kî-īnn
奇箸	khia-tī
奇美博物館	Kî-bí-Phok-bu̍t-kuán
奇萊	Kî-lâi
奇號	khia-hō
奇蛇	kî-siâ
奇襲	kî-si̍p
奇觀	kî-kuan
奇跤	kî-kha
奇蹟	kî-tsik
奇門遁甲	kî-mn̂g-tūn-kah
奇雙	khia-siang
奈何	nāi-hô
奈及利亞	Nāi-ki̍p-lī-a
奈米	nāi-bí
奉令	hōng-līng
奉公守法	hōng-kong-siú-huat
奉勸	hōng-khǹg
奉化	Hōng-huà
奉命	hōng-bīng
奉待	hōng-thāi
奉派	hōng-phài
奉獻	hōng-hiàn
奉祀	hōng-sū
奉行	hōng-hîng
奉請	hōng-tshiánn
奉送	hōng-sàng
奉金	hông-kim
奉金甕	hông-kim-àng
奉陪	hōng-puê
奉飼	hōng-tshī
奉養	hōng-iáng
奏嘴	tsàu-tshuì
奏嘴媌	tsàu-tshuì-bâ
奏板	tsàu-pán
奏樂	tsàu-ga̍k
奏歹話	tsàu-pháinn-uē
奏話	tsàu-uē
奏雞仔	tsàu-ke-á
奏鳴曲	tsàu-bîng-khik
契作	khè-tsok
契兄	khè-hiann
契兄公	khè-hiann-kong
契兄哥	khè-hiann-ko
契兄囝	khè-hiann-kiánn
契兄婆	khuè-hiann-pô
契兄頭	khè-hiann-thâu
契囝	khè-kiánn
契姐妹	khè-tsí-muē
契字	khè-jī
契查某囝	khè-tsa-bóo-kiánn
契機	khuè-ki
契母	khè-bó
契父	khè-pē
契爸	khuè-pē
契稅	khè-suè
契約	khè-iak
契阿兄	khè-a-hiann
奓肘	ta-tiú
奔向	phun-hiòng
奔命	phun-bīng
奔喪	phun-song
奔放	phun-hòng
奔波	phun-pho
奔流	phun-liû
奔走	phun-tsáu
奔逃	pun-tô
奕包包仔	ī-pau-pau-á
奕物仔	ī-mih-á
奕珠仔	ī-tsu-á
奕者	ī-tsiá
奕耍	ī-sńg
套供	thò-king
套俗	thò-sio̍k
套利	thò-lī
套劇	thò-kio̍k
套匯	thò-huē
套口供	thò-kháu-king
套咧	thò-leh
套壽衣	thò-siū-i
套套	thò-thò
套布	thò-pòo
套徹	thò-thiat
套戲	thò-hì
套房	thò-pâng
套招	thò-tsiau
套椆	thò-tiâu
套櫼	thò-tsinn
套牢	thò-lô
套牢咧	thò-tiâu-leh
套直	thò-ti̍t
套空	thò-khang
套腳步	thò-kha-pōo
套袍	thò-phâu
套裝	thò-tsng
套裝軟體	thò-tsong-nńg-thé
套裡	thò-lí
套謀	thò-bôo
套錢	thò-tsînn
套頭	thò-thâu
套頭話	thò-thâu-uē
套餐	thò-tshan
奚角頭	hê-kak-thâu
奠下	tiān-hā
奠儀	tiān-gî
奢侈	tshia-tshí
奢侈品	tshia-tshí-phín
奢華	tshia-hua
奢颺	tshia-iānn
奧克蘭	Ò-khik-lân
奧地利	Ò-tē-lī
奧妙	àu-biāu
奧援	Ò-uān
奧斯卡	Ò-su-khah
奧斯陸	Ò-su-lio̍k
奧斯馬加	Ò-su-má-ka
奧林匹克	Ò-lîm-phit-khik
奧秘	ò-pì
奧運	Ò-ūn
奧運會	Ò-ūn-huē
奧魚	ò-hî
奪利	tua̍t-lī
奪取	tua̍t-tshú
奪回	tua̍t-huê
奪得	tua̍t-tit
奪權	tua̍t-kuân
奪理	tua̍t-lí
奪目	tua̍t-bo̍k
奪錦標	tua̍t-kím-phiau
奪門	tua̍t-mn̂g
奮不顧身	hùn-put-kòo-sin
奮力	hùn-li̍k
奮勇	hùn-ióng
奮志	hùn-tsì
奮戰	hùn-tsiàn
奮發	hùn-huat
奮起	hùn-khí
奮鬥	hùn-tàu
女丑	lú-thiú
女中	lí-tiong
女主人	lí-tsú-lâng
女主角	lí-tsú-kak
女人	lí-jîn
女人國	lí-jîn-kok
女人心	lí-jîn-sim
女伴	lí-phuānn
女使	lú-sú
女修院	lí-siu-īnn
女傑	lí-kia̍t
女傭	lí-iong
女僕	lí-po̍k
女兒	lí-jî
女公子	lí-kong-tsú
女友	lí-iú
女司機	lí-su-ki
女同志	lú-tông-tsì
女同性戀	lú-tông-sìng-luân
女囚	lí-siû
女士	lí-sū
女大當嫁	lí-tāi-tong-kè
女奴	lí-lôo
女姪	lí-ti̍t
女婢	lí-pī
女婿	lí-sài
女媧	lú-o
女子	lí-tsú
女子漢	lú-tsú-hàn
女學	lú-o̍h
女學校	lí-ha̍k-hāu
女學生	lí-ha̍k-sing
女家	lí-ka
女將	lí-tsiòng
女工	lí-kang
女巫	lú-bû
女師	lí-su
女幹事	lí-kàn-sū
女店員	lí-tiàm-uân
女徒弟	lí-tôo-tē
女德	lí-tik
女性	lí-sìng
女性主義	lú-sìng-tsú-gī
女扮男裝	lí-pān-lâm-tsong
女教員	lí-kàu-uân
女方	lí-hong
女旁	lú-pîng
女明星	lí-bîng-sing
女星	lú-tshenn
女朋友	lú-pîng-iú
女校長	lí-hāu-tiúnn
女楨	lú-tsing
女權	lí-kuân
女權運動	lí-kuân-ūn-tōng
女歌星	lí-kua-sing
女流	lí-liû
女演員	lí-ián-uân
女爿	lí-pîng
女王	lí-ông
女王頭	Lú-ông-thâu
女生	lí-sing
女用	lí-iōng
女皇	lí-hông
女眷	lí-kuàn
女神	lí-sîn
女秘書	lí-pì-su
女童子軍	lí-tông-tsú-kun
女童軍	lí-tông-kun
女管家	lí-kuán-ke
女色	lí-sik
女英雄	lí-ing-hiông
女裝	lí-tsong
女詩人	lí-si-jîn
女警	lí-kíng
女議員	lí-gī-uân
女郎	lí-lông
女醫	lí-i
女醫生	lí-i-sing
女鞋	lí-ê
女高音	lí-ko-im
奴僕	lôo-po̍k
奴才	lôo-tsâi
奴才相	lôo-tsâi-siàng
奴隸	lôo-lē
奶仔	ling-á
奶仔茶	ling-á-tê
奶仔草	ling-á-tsháu
奶仔頭	ni-á-thâu
奶凍捲	ling-tòng-kńg
奶劑	ni-tse
奶包	lin-pau
奶匏	ling-pû
奶名	ling-miâ
奶品	ling-phín
奶嘴	ni-tshuì
奶嘴仔	ling-tshuì-á
奶套	ling-thò
奶奶	nái-nái
奶巡	ling-sûn
奶帕仔	ling-phè-á
奶房	ling-pâng
奶敆茶	ling-kap-tê
奶昔	ling-sik
奶模	ling-bôo
奶母	ling-bó
奶母力	ling-bó-la̍t
奶母車	ling-bó-tshia
奶母車龍	Ni-bó-tshia-liông
奶水	ling-tsuí
奶油	ling-iû
奶泉	ling-tsuânn
奶液	ling-i̍k
奶牛	ling-gû
奶珠	ling-tsu
奶瓶	ling/ni/lin-pân
奶癌	ling-gâm
奶癰	ling-ing
奶碰	ni-phòng
奶粉	ling-hún
奶糖	ling-thn̂g
奶素	ling-sòo
奶罩	ling-tà
奶胎	ling-thai
奶脯	ling-pôo
奶蔥	ling-tshang
奶藤	lin-tîng
奶虎	ling-hóo
奶豆草	lin-tāu-tsháu
奶豬	ling-ti
奶豬仔	ling-ti-á
奶透茶	ling-thàu-tê
奶酪	ni-lo̍k
奶酸	ling-sng
奶頭	ling-thâu
奶齒	ling-khí
奸商	kan-siong
奸巧	kan-khiáu
奸拐	kan-kuái
奸細	kan-sè
奸臣	kan-sîn
奸臣仔	kan-sîn-á
奸臣仔笑	kan-sîn-á-tshiò
奸臣仔鳥	kan-sîn-á-tsiáu
奸計	kan-kè
奸詐	kan-tsà
奸賊	kan-tsha̍t
奸雄	kan-hiông
奸雄步	kan-hiông-pōo
奸鬼	kan-kuí
好下	hó-ē
好中球	hònn-tiong-kiû
好了解	hó-láu-kái
好事	hó-sū
好事像	hònn-sū-siōng
好事象	hònn-sū-siōng
好人	hó-lâng
好人仔無底代	hó-lâng-á-bô-tī-tāi
好代	hó-tāi
好代得	hó-tāi-tit
好佳哉	hó-ka-tsài
好像才	hó-siōng-tsâi
好價	hó-kè
好價數	hó-kè-siàu
好兄弟	hó-hiann-tī
好兆	hó-tiāu
好兆頭	hó-tiāu-thâu
好入喙	hó-ji̍p-tshuì
好冬	hó-tang
好冬道	hó-tang-tō
好利路	hó-lī-lōo
好勝	hònn-sìng
好勢	hó-sì
好口唅	hó-kháu-hâm
好口才	hóo-kháu-tsâi
好口舌	hóo-kháu-sia̍t
好吉兆	hó-kiat-tiāu
好名聲	hó-miâ-siann
好否	hó-bòo
好命	hó-miā
好命囝	hó-miā-kiánn
好哄頭	hó-hánn-thâu
好唯是	hó-bî-sī
好啉	hó-lim
好啊啦	hó-ah-lah
好啦	hó-là
好嘴	hó-tshuì
好嘴斗	hó-tshuì-táu
好嘴癖	hó-tshuì-phiah
好囝	hó-kiánn
好天	hó-thinn
好天好時	hó-thinn-hó-sî
好天年	hó-thinn-nî
好天霆脆雷	hó-thinn-tân-tshè-luî
好奇	hònn-kî
好奇心	hònn-kî-sim
好女德	hó-lí-tik
好好	hó-hó
好好仔	hó-hó-á
好好吼	hónn-hónn-háu
好姦	hó-kàn
好嫖	hònn-phiâu
好孔	hó-khang
好字運	hó-jī-ūn
好學	hó-o̍h
好學問	hó-ha̍k-būn
好客	hònn-kheh
好客情	hó-kheh-tsîng
好家事	hóo-ke-sū
好家棟	hó-ke-tàng
好尾	hó-bué
好尾景	hó-bué-kíng
好尾梢	hó-bué-sau
好尾結	hó-bué-kiat
好尾路	hó-bué-lōo
好市	hó-tshī
好市多	Hó-tshī-to
好市草	hó-tshī-tsháu
好年冬	hó-nî-tang
好強	hó-kiông
好彩頭	hó-tshái-thâu
好得	hó-tit
好得佳哉	hó-lí-ka-tsài
好德行	hó-tik-hīng
好心	hó-sim
好心予雷唚	hó-sim-hōo-luî-tsim
好心好行	hó-sim-hó-hīng
好心好量	hó-sim-hó-liōng
好心行	hó-sim-hīng
好心行行	hó-sim-hó-hīng
好心適	hó-sim-sik
好性地	hó-sìng-tē
好情意	hó-tsîng-ì
好惡	hònn-ok
好意	hó-ì
好意神	hó-ì-sîn
好感	hó-kám
好戰	hònn-tsiàn
好所在	hó-sóo-tsāi
好手勢	hó-tshiú-sì
好手段	hó-tshiú-tuānn
好扭搦	hó-liú-la̍k
好收	hó-siu
好收成	hó-siu-sîng
好料	hó-liāu
好日	hó-ji̍t
好星	hó-tshenn
好是是	hó-sī-sī
好時好日	hó-sî-hó-ji̍t
好景	hó-kíng
好景不常	hó-kíng-put-siông
好朋友	hó-pîng-iú
好板	hó-pán
好模樣	hó-bôo-iūnn
好樣	hó-iūnn
好機會	hó-ki-huē
好款	hó-khuán
好款待	hó-khuán-thāi
好步	hó-pōo
好步數	hó-pōo-sòo
好歹	hó-pháinn
好歹事	hó-pháinn-sū
好歹夾雜	hó-phái-kiap-tsa̍p
好歹運	hó-pháinn-ūn
好死毋死	hó-sí-m̄-sí
好比	hó-pí
好氣	hó-khuì
好流擺	hó-lâu-pái
好溜溜	hó-liu-liu
好漢	hó-hàn
好無	hó-bô
好物仔	hó-mih-á
好狗運	hó-káu-ūn
好玄	hònn-hiân
好用	hó-īng
好田	hó-tshân
好當當	hó-tang-tang
好癖	hó-phiah
好目識	hó-ba̍k-sik
好看	hó-khuànn
好看無好食	hó-khuànn-bô-hó-tsia̍h
好看相	hó-khuànn-siùnn
好看頭	hó-khuànn-thâu
好眠	hó-bîn
好眼力	hó-gán-li̍k
好眼識	hó-gán-sik
好禮	hó-lé
好禮仔	hó-lé-á
好空	hó-khang
好空人	hó-khang-lâng
好笑	hó-tshiò
好笑神	hó-tshiò-sîn
好維是	hó-bī-sī
好缺	hó-khueh
好翁某	hó-ang-bóo
好耍	hó-sńg
好聲說	hó-siann-sueh
好聽	hó-thiann
好聽話	hó-thiann-uē
好育飼	hó-io-tshī
好腳	hó-kioh
好腳手	hó-kha-tshiú
好腳數	hó-kha-siàu
好膽	hó-tánn
好膽莫走	hó-tánn-mài-tsáu
好膽頭	hó-tánn-thâu
好色	hònn-sik
好草唅	hó-tsháu-hâm
好萊塢	Hó-lâi-ù
好藥	hó-io̍h
好處	hó-tshù
好衰	hó-sue
好親像	hó-tshin-tshiūnn
好記性	hó-kì-sìng
好記才	hó-kì-tsâi
好記持	hó-kì-tî
好評	hó-phîng
好詞訟	hònn-sû-siōng
好話	hó-uē
好講話	hó-kóng-uē
好貨	hó-huè
好賢	hònn-hiân
好轉	hó-tsuán
好辯	hònn-piān
好運	hó-ūn
好過	hó-kuè
好過日	hó-kuè-ji̍t
好酒沉甕底	hó-tsiú-tîm-àng-té
好量	hó-liāng
好銷	hó-siau
好險	hó-hiám
好離	hó-lī
好面腔	hó-bīn-tshiunn
好頭嘴	hó-thâu-tshuì
好額	hó-gia̍h
好額人	hó-gia̍h-lâng
好額人囝	hó-gia̍h-lâng-kiánn
好額厝	hó-gia̍h-tshù
好額囝	hó-gia̍h-kiánn
好額媠	hó-gia̍h-suí
好風日	hó-hong-ji̍t
好食	hó-tsia̍h
好食無	hó-tsia̍h-bô
好食物	hó-tsia̍h-mi̍h
好食的物件	hó-tsia̍h-ê-mi̍h-kiānn
好食睏	hó-tsia̍h-khùn
好飼	hó-tshī
好馬	hó-bé
好馬猛	hó-bé-bíng
好骨骼	hó-kut-keh
好鬥陣	hó-tàu-tīn
好魚好肉	hó-hî-hó-bah
好鼻找	hó-phīnn-tshuē
好鼻獅	hó-phīnn-sai
好𤆬頭	hó-tshuā-thâu
如一	jî-it
如上	jî-siāng
如下	jî-hā
如今	jî-kim
如何	jî-hô
如來	jî-lâi
如出一轍	jî-tshut-it-tia̍t
如同	jî-tông
如左	jî-tsó
如常	jî-siông
如廁	jî-tshik
如意	jî-ì
如意算盤	jî-ì-sǹg-puânn
如故	jî-kòo
如日中天	jî-ji̍t-tiong-thinn
如期	jî-kî
如果	jî-kó
如此	jî-tshú
如此一來	jî-tshú-i̍t-lâi
如此仔如此	jû-tshú-á-jû-tshú
如此如此	jû-tshú-jû-tshú
如此這般	jû-tshú-tsit-pan
如法炮製	jî-huat-phàu-tsè
如虎添翼	jî-hóo-thiam-i̍k
如釋重負	jî-sik-tiōng-hū
如願	jî-guān
如願以償	jî-guān-í-siông
妄傖客	bōng-sông-kheh
妄妄	bòng-bòng
妄想	bōng-sióng
妄狀	bōng-tsōng
妄狀漢	bōng-tsōng-hàn
妄狀鬼	bōng-tsōng-kuí
妄用	bōng-iōng
妄自菲薄	bōng-tsū-hui-po̍k
妍塊塊	gián-tè-tè
妒心	tòo-sim
妒忌	tòo-khī
妒恨	tòo-hīn
妒賢	tòo-hiân
妓女	ki-lí
妓女間	kī-lí-king
妖嬌	iau-kiau
妖嬌美麗	iau-kiau-bí-lē
妖怪	iau-kuài
妖星	iau-tshenn
妖法	iau-huat
妖精	iau-tsiann
妖艷	iau-iām
妖術	iau-su̍t
妖道	iau-tō
妖邪	iau-siâ
妖魔	iau-môo
妗仔	kīm-á
妗婆	kīm-pô
妙方	biāu-hong
妙步	miāu-pōo
妙用	biāu-iōng
妙蛤仔種子	Miāu-kap-á-tsíng-tsí
妙蛤仔花	Miāu-kap-á-hue
妙蛤仔草	Miāu-kap-á-tsháu
妙計	biāu-kè
妝奩	tsng-liâm
妝娗	tsng-thānn
妝閣	tsng-koh
妞妞仔	niu-niu-á
妥協	thò-hia̍p
妥妥仔	thò-thò-á
妥當	thò-tòng
妥直	thò-ti̍t
妥直人	thò-ti̍t-lâng
妨害	hông-hāi
妨礙	hông-gāi
妨礙公務	hông-gāi-kong-bū
妲己	tat-kí
妹婿	muē-sài
妻妗仔	tshe-kīm-á
妻室	tshe-sik
妻母	tshe-bó
妻舅	tshe-kū
妻舅仔	tshe-kū-á
妾身	tshiap-sin
姆婆	ḿ-pô
姊兄	tsí-hiann
姊夫	tsé-hu
姊妹	tsí-bē
姊妹市	tsí-bē-tshī
姊姊	tsé-tsé
姊母	tsiá-bó
始料未及	sí-liāu-bī-ki̍p
始末	sí-bua̍t
始祖	sí-tsóo
始終	sí-tsiong
姐母	tsé-bó
姑丈	koo-tiūnn
姑丈公	koo-tiūnn-kong
姑不二三將	koo-put-jī-sann-tsiong
姑不將	koo-put-tsiang
姑不終	koo-put-tsiong
姑不而終	koo-put-lî-tsiong
姑仔	koo-á
姑姨舅妗	koo-î-kū-kīm
姑娘	koo-niû
姑娘花	koo-niû-hue
姑婆	koo-pô
姑婆祖	koo-pô-tsóo
姑婆芋	koo-pô-ōo
姑婆草	koo-pô-tsháu
姑嫂仔	koo-só-á
姑嫂鳥	koo-só-tsiáu
姑孫仔	koo-sun-á
姑將無奈	koo-tsiong-bô-nāi
姑巡	koo-sûn
姑情	koo-tsiânn
姑惡鳥	koo-ok-tsiáu
姑成	koo-tsiânn
姑換嫂	koo-uānn-só
姑星	koo-tshenn
姑爺	koo-iâ
姑表	koo-piáu
姑鳥	koo-tsiáu
姓名	sènn-miâ
姓啥	sènn-sannh
姓氏	sènn-sī
委任	uí-jīm
委員	uí-uân
委員會	uí-uân-huē
委員長	uí-uân-tiúnn
委士記	uí-sū-kì
委婉	uí-uán
委屈	uí-khut
委屈求全	uí-khut-kiû-tsuân
委曲	uí-khiok
委派	uí-phài
委託	uí-thok
委辦	uí-pān
姚嘉文	Iâu-Ka-bûn
姜仔寮	kiong-á-liâu
姜太公	khiong-thài-kong
姜子牙	khiong-tsú-gâ
姦古	kàn-kóo
姦夫	kan-hu
姦婦	kan-hū
姦尻川	kàn-kha-tshng
姦恁娘	kàn-lín-niâ
姦情	kan-tsîng
姦撟	kàn-kiāu
姦撟一睏	kàn-kiāu-tsi̍t-khùn
姦殺	kan-sat
姦淫	kan-îm
姦淫瘺	kan-îm-lāu
姨丈	î-tiūnn
姨仔	î-á
姨太太	î-thài-thài
姨妹	î-muē
姨婆	î-pô
姨媽	î-má
姨母	î-bó
姨表	î-piáu
姪仔	ti̍t-á
姪仔孫	ti̍t-á-sun
姪女	ti̍t-lí
姻家	ian-ka
姻緣	im-iân
姻親	ian-tshin
姼仔狗	tshit-á-káu
姼仔癌	tshit-á-gâm
姼仔詼	tshit-á-khue
姿勢	tsu-sì
姿娘	tsu-niû
姿態	tsú-thài
姿色	tsu-sik
威信	ui-sìn
威力	ui-li̍k
威勢	ui-sē
威嚇	ui-hik
威嚴	ui-giâm
威士忌	ui-sū-kī
威廉	Ui-liâm
威形	ui-hîng
威斯康辛	Ui-su-khong-sin
威望	ui-bōng
威權	ui-kuân
威武	ui-bú
威脅	ui-hia̍p
威逼	ui-pik
威靈	ui-lîng
威靈仙	ui-lîng-sian
威靈公	ui-lîng-kong
威風	ui-hong
娘仔	niû-á
娘仔卵	niû-á-nn̄g
娘仔囝	niû-á-kiánn
娘仔屎	niû-á-sái
娘仔帽	niû-á-bō
娘仔棗	niû-á-tsó
娘仔樹	niû-á-tshiū
娘仔樹子	niû-á-tshiū-tsí
娘仔殼	niû-á-khok
娘仔瓜	niû-á-kue
娘仔箔	niû-á-po̍h
娘仔絲	niû-á-si
娘仔繭	niû-á-kián
娘仔葉	niû-á-hio̍h
娘仔蝦	niû-á-hê
娘仔蝶	niû-á-ia̍h
娘仔蟻	niû-á-hiā
娘仔豆	niû-á-tāu
娘咧喂	niû-leh-ueh
娘囝	niû-kiánn
娘子軍	niû-tsú-kun
娘帽	niû-bō
娘父	niû-pē
娘繭	niû-kián
娘葉蟲	Niû-hio̍h-thâng
娘親	niû-tshin
娘𡢃	niû-kán
娛樂	gû-lo̍k
娛樂場所	gôo-lo̍k-tiûnn-sóo
娟塊塊	gián-tè-tè
娥眉	ngôo-bî
娶妻	tshuā-tshe
娶嫁	tshuā-kè
娶家後	tshuā-ke-āu
娶新娘	tshuā-sin-niû
娶某	tshuā-bóo
娶查某	tshuā-tsa-bóo
娶牽手	tshuā-khan-tshiú
娶香火	tshuā-hiunn-hué
娼仔	tshiong-á
娼妓	tshiong-ki
娼婊	tshiong-piáu
娼婦	tshiong-hū
娼媌	tshiong-bâ
娼寮	tshiong-liâu
娼頭	tshang-thâu
婆仔	pô-á
婆姐	pô-tsiá
婉勸	uán-khuàn
婉拒	uán-kī
婉言	uán-giân
婉謝	uán-siā
婉轉	uán-tsuán
婉辭	uán-sû
婊人	piáu-lâng
婊仔	piáu-á
婊仔頭	piáu-á-thâu
婊囝	piáu-kiánn
婊子	piáu-tsú
婊子囝	piáu-tsú-kiánn
婊間	piáu-king
婊頭	piáu-thâu
婚事	hun-sū
婚假	hun-ká
婚前	hun-tsiân
婚喪喜慶	hun-song-hí-khìng
婚姻	hun-in
婚姻平權	hun-in-pîng-khuân
婚嫁	hun-kè
婚宴	hun-iàn
婚後	hun-āu
婚指	hun-tsí
婚期	hun-kî
婚禮	hun-lé
婚約	hun-iok
婚配	hun-phuè
婦人	hū-jîn
婦人人	hū-jîn-lâng
婦人病	hū-jîn-pēnn
婦女	hū-lí
婦女會	hū-lí-huē
婦女節	hū-lí-tsiat
婦孺	hū-jû
婦德	hū-tik
婦產科	hū-sán-kho
婦科	hū-kho
婦聯	hū-liân
婦聯會	Hū-liân-huē
婦道	hū-tō
婺城	Bū-siânn
媌仔	bâ-á
媌仔間	bâ-á-king
媌母	bâ-bó
媌頭	bâ-thâu
媒人	muâi-lâng
媒人公	muâi-lâng-kong
媒人嘴	muâi-lâng-tshuì
媒人姊	muâi-lâng-tsí
媒人婆	hm̂-lâng-pô
媒介	muî-kài
媒婆	muê-pô
媒體	muî-thé
媠啦	suí-lah
媠喔	suí-ooh
媠噹噹	suí-tang-tang
媠姑娘	suí-koo-niû
媠姑娘仔佮歹物仔	suí-koo-niû-á-kah-pháinn-mih-á
媠媽媽	suí-má-mah
媠氣	suí-khuì
媠甲十全	suí-kah-tsa̍p-tsn̂g
媠豬教	suí-ti-kàu
媠面	suí-bīn
媠體	suí-thé
媬姆	pó-bó
媵到底	thīn-kàu-té
媵頭	thīn-thâu
媽姨	má-î
媽姨厝	má-î-tshù
媽媽	ma-ma
媽孫	má-sun
媽孫仔	má-sun-á
媽宮	má-king
媽當奴	Má-tong-lôo
媽祖	Má-tsóo
媽祖娘	má-tsóo-niû
媽祖婆	má-tsóo-pô
媽祖宮	má-tsóo-king
媽祖廟	má-tsóo-biō
媽祖田	Má-tsóo-tshân
媽祖魚	Má-tsóo-hî
媾和	kòo-hô
媾姦撟	koo-kàn-kiāu
嫁互	kè-hōo
嫁人	kè-lâng
嫁妝	kè-tsng
嫁妝錢	kè-tsng-tsînn
嫁娶	kè-tshuā
嫁翁	kè-ang
嫌唯是	hiâm-bī-sī
嫌我䆀	hiâm-guá-bái
嫌東嫌西	hiâm-tang-hiâm-sai
嫌犯	hiâm-huān
嫌疑	hiâm-gî
嫌肝嫌胘	hiâm-kuann-hiâm-kiān
嫌艱苦	hiâm-kan-khóo
嫖婊	phiâu-piáu
嫖客	phiâu-kheh
嫖查某	phiâu-tsa-bóo
嫖賭飲	phiâu-tóo-ím
嫣投	ian-tâu
嫣水	ian-tsuí
嫣頭	ian-thâu
嫦娥	siông-ngôo
嫻雅	hân-ngá
嬈嗲嗲	hiâu-teh-teh
嬈妹仔	hiâu-muē-á
嬈尻川	hiâu-kha-tshng
嬈查某	hiâu-tsâ-bóo
嬈玲瓏	hiâu-lîng-long
嬈記記	hiâu-kì-kì
嬉嬉嘩嘩	hi-hi-huā-huā
嬉弄	hi-lāng
嬋娟	siân-kuan
嬌仔	kiau-á
嬌仔譜	kiau-á-phóo
嬌喘	kiau-tshuán
嬌妻	kiau-tshe
嬌小	kiau-sió
嬌態	kiau-thài
嬌滴滴	kiau-tih-tih
嬌矍	kiau-kiah
嬌蠻	kiau-bân
嬌頭	kiau-thâu
嬭枉	ne-óng
嬰仔	enn-á
嬰仔名	enn-á-miâ
嬰仔潮	enn-á-tiâu
嬰兒室	ing-jî-sik
嬰孩	ing-hâi
嬴在	iânn-tsāi
嬴過	iânn-kuè
嬸婆	tsím-pô
嬸媽	tsím-má
子仔	tsí-á
子午	tsú-ngóo
子午儀	tsú-ngóo-gî
子午星	tsú-ngóo-tshenn
子午線	tsú-ngóo-suànn
子午花	tsú-ngóo-hue
子午蓮	tsú-ngóo-liân
子午針	tsú-ngóo-tsiam
子夏	Tsú-hā
子孫	tsú-sun
子宮	tsú-kiong
子宮喙	tsú-kiong-tshuì
子宮喙癌	tsú-kiong-tshuì-gâm
子宮頭	tsú-kiong-thâu
子宮頸	tsú-kiong-kíng
子弟	tsú-tē
子弟兵	tsú-tē-ping
子弟尾	tsú-tē-bué
子弟戲	tsú-tē-hì
子弟班	tsú-tē-pan
子弟虎	tsú-tē-hóo
子張	Tsú-tiunn
子民	tsú-bîn
子游	Tsú-iû
子葉	tsú-hio̍h
子貢	Tsú-kòng
子路	Tsú-lōo
子音	tsú-im
孔嘴	khang-tshuì
孔子	khóng-tsú
孔子公	khóng-tsú-kong
孔子字	khóng-tsú-jī
孔子教	Khóng-tsú-kàu
孔廟	khong-biō
孔廟文化園區	Khóng-biō-Bûn-huà-Uân-khu
孔教	Khóng-kàu
孔文車	khóng-bûn-tshia
孔方	khóng-hong
孔明	khóng-bîng
孔明燈	khóng-bîng-ting
孔明車	khóng-bîng-tshia
孔雀	khóng-tshiok
孔雀杉	khóng-tshiok-sam
孔雀蚶	khóng-tshiok-ham
孔雀豆	khóng-tshiok-tāu
孔雀餅	Khóng-tshiok-piánn
孕育	īn-io̍k
字典	jī-tián
字劃	jī-ue̍h
字勻	jī-ûn
字卡	jī-khah
字句	jī-kù
字名	jī-miâ
字型	jī-hîng
字姓	jī-sènn
字屎	jī-sái
字帖	jī-thiap
字幕	jī-bōo
字彙	jī-luī
字形	jī-hîng
字據	jī-kì
字數	jī-sòo
字旁	jī-pîng
字條	jī-tiâu
字樣	jī-iūnn
字母	jī-bó
字源	jī-guân
字爿	jī-pîng
字猜	jī-tshai
字畫	jī-uē
字畫聯仔	lī-uī-liân-á
字盤	jī-puânn
字目	jī-ba̍k
字目深	jī-ba̍k-tshim
字目淺	jī-ba̍k-tshián
字眼	jī-gán
字節跳動	Jī-tsiat-Thiàu-tōng
字紙	jī-tsuá
字紙籠	jī-tsuá-láng
字縫內	jī-phāng-lāi
字義	jī-gī
字號	jī-hō
字跡	jī-jiah
字輩	jī-puè
字運	jī-ūn
字音	jī-im
字骨	jī-kut
存亡	tsûn-bông
存取	tsûn-tshú
存命	tshûn-miā
存單	tsûn-tuann
存在	tsûn-tsāi
存天良	tshûn-thian-liâng
存年	tsûn-nî
存廢	tsûn-huè
存後	tshûn-āu
存後步	tshûn-āu-pōo
存心	tshûn-sim
存心重	tshûn-sim-tāng
存意	tsûn-ì
存戶	tsûn-hōo
存有	tsûn-iú
存檔	tsûn-tòng
存款	tsûn-khuán
存歹心	tshûn-pháinn-sim
存死	tshûn-sí
存活	tsûn-ua̍h
存理	tsûn-lí
存生死	tshûn-senn-sí
存留	tsûn-liû
存疑	tsûn-gî
存私傢	tshûn-sai-khia
存糧	tsûn-niû
存記	tsûn-kì
存證	tsûn-tsìng
存貨	tsûn-huè
存辦	tshûn-pān
存辦死	tshûn-pān-sí
存量	tsûn-liāng
存金	tsûn-kim
存錢	tshûn-tsînn
孜孜	tsu-tsu
孜孜仔想	tsu-tsu-á-siūnn
孜孜想	tsu-tsu-siūnn
孜孜相	tsu-tsu-siòng
孜孜看	tsû-tsû-khuànn
孝呆	hàu-tai
孝堂	hàu-tn̂g
孝女	hàu-lí
孝子	hàu-tsú
孝孤	hàu-koo
孝尾囝	hà-bué-kiánn
孝心	hàu-sim
孝敬	hàu-kìng
孝服	hà-ho̍k
孝杖	hà-thn̄g
孝物	hàu-mi̍h
孝獃	hàu-tai
孝男	hàu-lâm
孝男相	hàu-lâm-siōng
孝男神	hàu-lâm-sîn
孝男面	hàu-lâm-bīn
孝行	hàu-hīng
孝衫	hà-sann
孝路店	hà-lōo-tiàm
孝道	hàu-tō
孝順	hàu-sūn
孝飯	hàu-pn̄g
孝飽傷閒	hàu-pá-siunn-îng
孝養	hà-iōng
孝鳥	hàu-tsiáu
孟加拉	Bīng-ka-lá
孟子	bīng-tsú
孟宗竹	bīng-tsong-tik
孢子	pau-tsí
季刊	kuì-khan
季節	kuì-tsiat
季軍	kuì-kun
季風	kuì-hong
孤一	koo-tsi̍t
孤一人	koo-tsi̍t-lâng
孤一個	koo-tsi̍t-ê
孤丁	koo-ting
孤人房	koo-lâng-pâng
孤介	koo-kài
孤佔	koo-tsiàm
孤佬	koo-láu
孤個	koo-ê
孤兒	koo-jî
孤兒院	koo-jî-īnn
孤分全壘打	koo-hun-tsuân-luí-tánn
孤吊孤	koo-tiàu-koo
孤味	koo-bī
孤單	koo-tan
孤單一个	koo-tuann-tsi̍t-ê
孤單一身	koo-tuann-tsi̍t-sin
孤單囝	koo-tuann-kiánn
孤單徛	koo-tuann-khiā
孤單身	koo-tuann-sin
孤單間	koo-tuann-king
孤囝	koo-kiánn
孤塊厝	koo-tè-tshù
孤奇	koo-khia
孤奇爿	koo-khia-pîng
孤孀	koo-sng
孤子	koo-tsú
孤字	koo-jī
孤孤	koo-koo
孤寂	koo-tsi̍k
孤對個	koo-tuì-ê
孤對削	koo-tuì-siah
孤對啄	koo-tuì-tok
孤對棧	koo-tuì-tshián
孤對腳	koo-tuì-kha
孤對釘	koo-tuì-tìng
孤徛蜂	koo-khiā-phang
孤日	koo-ji̍t
孤星赤帶魚	koo-tshenn-tshiah-tuà-hî
孤星酒魚	koo-tshenn-tsiú-hî
孤枝	koo-ki
孤條根	koo-tiâu-kin
孤棧	koo-tsàn
孤死酸	koo-sí-sng
孤毛	koo-moo
孤獨	koo-ta̍k
孤獨僻	koo-ta̍k-phiah
孤獨癖	koo-ta̍k-phiah
孤獨神	koo-ta̍k-sîn
孤癖	koo-phiah
孤立	koo-li̍p
孤線	koo-suànn
孤老	koo-láu
孤腳戲	koo-kioh-hì
孤腳蹌	koo-kha-tshiàng
孤色	koo-sik
孤苦	koo-khóo
孤行獨市	koo-hâng-to̍k-tshī
孤身	koo-sin
孤軍	koo-kun
孤輪車	koo-lián-tshia
孤逝	koo-tsuā
孤鉤股	koo-kau-kóo
孤間厝	koo-king-tshù
孤雁	koo-gān
孤雞	koo-ke
孤項	koo-hāng
孤飛	koo-pue
孤魂	koo-hûn
孤鳥	koo-tsiáu
孤鳥插人群	koo-tsiáu-tshah-lâng-kûn
孤鸞	koo-luân
孤黃	koo-n̂g
孤黃貓	koo-n̂g-niau
孤𣮈的	koo-khu̍t-ê
孤𣮈的勸無嗣的	koo-khu̍t-ê-khǹg-bô-sû-ê
孤𣮈笑無嗣	koo-khu̍t-tshiò-bô-sû
孤𣮈絕種	koo-khu̍t-tse̍h-tsíng
孩兒	hâi-jî
孩童	hâi-tông
孫中山	Sun-tiong-san
孫仔	sun-á
孫女	sun-lú
孫婿	sun-sài
孫嫂	sun-só
孫悟空	Sun-ngōo-khong
孫新婦	sun-sin-pū
孵卵	pū-nn̄g
孵卵的	pū-nn̄g-ê
孵岫	pū-siū
孵泡	pū-pho
孵膿	pū-lâng
學乖	o̍h-kuai
學人	ha̍k-jîn
學人喙尾	o̍h-lâng-tshuì-bué
學仔	o̍h-á
學以致用	ha̍k-í-tì-iōng
學位	ha̍k-uī
學分	ha̍k-hun
學制	ha̍k-tsè
學力	ha̍k-li̍k
學務	ha̍k-bū
學區	ha̍k-khu
學友	ha̍k-iú
學名	ha̍k-miâ
學員	ha̍k-uân
學問	ha̍k-būn
學園	ha̍k-hn̂g
學堂	o̍h-tn̂g
學堂生	o̍h-tn̂g-sing
學士	ha̍k-sū
學如逆水行舟	ha̍k-jû-gi̍k-súi-hîng-tsiu
學妹	ha̍k-muē
學姊仔	ha̍k-tsí-á
學姐	ha̍k-tsí
學子	ha̍k-tsú
學家	ha̍k-ka
學寫字	o̍h-siá-jī
學寮	ha̍k-liâu
學工夫	o̍h-kang-hu
學巧	o̍h-khiáu
學年	ha̍k-nî
學年度	ha̍k-nî-tōo
學府	ha̍k-hú
學弟	ha̍k-tī
學弟仔	ha̍k-tē-á
學成	ha̍k-sîng
學手藝	o̍h-tshiú-gē
學會	ha̍k-huē
學有專長	ha̍k-iú-tsuan-tióng
學期	ha̍k-kî
學校	ha̍k-hāu
學校的角仔	ha̍k-hāu-ê-kak-á
學校長	ha̍k-hāu-tiúnn
學業	ha̍k-gia̍p
學樣	o̍h-iūnn
學歷	ha̍k-li̍k
學歹	o̍h-pháinn
學派	ha̍k-phài
學測	ha̍k-tshik
學理	ha̍k-lí
學生	ha̍k-sing
學生仔	ha̍k-sing-á
學生會	ha̍k-sing-huē
學生計算機年會	Ha̍k-sing-kè-sǹg-ki-nî-huē
學生證	ha̍k-sing-tsìng
學甲堡	Ha̍k-kah-pó
學界	ha̍k-kài
學社	ha̍k-siā
學科	ha̍k-kho
學童	ha̍k-tông
學籍	ha̍k-tsi̍k
學精	o̍h-tsing
學系	ha̍k-hē
學級	ha̍k-kip
學習	ha̍k-si̍p
學者	ha̍k-tsiá
學臺	ha̍k-tâi
學舍	ha̍k-sià
學著	o̍h-tio̍h
學藝	ha̍k-gē
學術	ha̍k-su̍t
學術性	ha̍k-su̍t-sìng
學術界	ha̍k-su̍t-kài
學話	o̍h-uē
學說	ha̍k-suat
學識	ha̍k-sik
學費	ha̍k-huì
學運	ha̍k-ūn
學長	ha̍k-tiúnn
學門	ha̍k-mn̂g
學閥	ha̍k-hua̍t
學院	ha̍k-īnn
學霸	ha̍k-pà
學風	ha̍k-hong
學養	ha̍k-iáng
學館	ha̍k-kuán
學齡	ha̍k-lîng
孽仔話	gia̍t-á-uē
孽子	gia̍t-tsú
孽孽	gia̍t-gia̍t
孽潲話	gia̍t-siâu-uē
孽物	gia̍t-bu̍t
孽緣	gia̍t-iân
孽話	gia̍t-uē
孽雞	gia̍t-ke
宅宅	the̍h-the̍h
宅急便	the̍h-kip-piān
宇克蘭	Ú-khik-lân
宇宙	í-tiū
宇宙人	ú-tiū-lâng
宇志白	Ú-tsì-pi̍k
宇航者	ú-hâng-tsiá
宇航船	ú-hâng-tsûn
守份	siú-hūn
守信	siú-sìn
守備	siú-pī
守分	siú-hūn
守則	siú-tsik
守勢	siú-sì
守口如瓶	siú-kháu-jî-pân
守城份	Siú-siânn-hūn
守孤身	siú-koo-sin
守宮硝	siú-kiong-sau
守寡	tsiú-kuá
守年	siú-nî
守成	siú-sîng
守暗	tsiú-àm
守暝	tsiú-mê
守更	tsiú-kinn
守望	siú-bōng
守望相助	siú-bōng-siang-tsōo
守本份	siú-pún-hūn
守本分	siú-pún-hūn
守株待兔	siú-tsu-thāi-thòo
守法	siú-huat
守生寡	tsiú-senn-kuánn
守空房	siú-khang-pâng
守節	tsiú-tsiat
守老	tsiú-lāu
守舊	siú-kū
守衛	siú-uē
守規矩	siú-kui-kí
守護	siú-hōo
守護神	siú-hōo-sîn
守軍	siú-kun
守錢奴	tsiú-tsînn-lôo
守門員	siú-mn̂g-uân
安份	an-hūn
安兄	án-hiann
安全	an-tsuân
安全套	an-tsuân-thò
安全島	an-tsuân-tó
安全帶	an-tsuân-tuà
安全帽	an-tsuân-bō
安全感	an-tsuân-kám
安全梯	an-tsuân-thui
安全椅	an-tsuân-í
安全針	an-tsuân-tsiam
安公聖毋值安某定	an-kong-siànn-m̄-ta̍t-an-bóo-tiānn
安南	An-lâm
安危	an-guî
安厝	an-tshù
安和	an-hô
安哥拉	An-ko-lá
安土	an-thóo
安基	an-ki
安套	an-thò
安套仔	an-thò-á
安妮	An-nî
安娘	an-niâ
安娜	An-nā
安定	an-tīng
安定性	an-tīng-sìng
安家	an-ka
安寧	an-lîng
安平	an-pîng
安平古堡	An-pîng-kóo-pó
安平港	An-pîng-káng
安平魚	an-pîng-hî
安康	an-khong
安徽	An-hui
安心	an-sim
安怎	an-tsuánn
安怎創	an-tsuánn-tshòng
安怎講	an-tsuánn-kóng
安怎辦	an-tsuánn-pān
安息	an-sik
安慰	an-uì
安打	an-tánn
安排	an-pâi
安插	an-tshah
安搭	an-tah
安撫	an-hú
安於	an-î
安杓仔	an-sia̍h-á
安東	An-tang
安樂	an-lo̍k
安樂公	an-lo̍k-kong
安樂椅	an-lo̍k-í
安樂死	an-lo̍k-sí
安樂窩	an-lo̍k-o
安然	an-jiân
安然無恙	an-jiân-bô-iāng
安營	an-iânn
安理會	An-lí-huē
安產	an-sán
安眠	an-bîn
安眠藥	an-bîn-io̍h
安睡	an-suī
安神藥	an-sîn-io̍h
安祥	an-siông
安穩	an-ún
安童仔喂	an-tông-á-uê
安童喂	an-tông-uê
安置	an-tì
安胎	an-thai
安胎符	an-thai-hû
安葬	an-tsōng
安裝	an-tsong
安親班	an-tshin-pan
安酷	an-khok
安金	an-kim
安靈	an-lîng
安靜	an-tsīng
安非他命	an-hui-tha-bīng
安頓	an-tùn
安養	an-iáng
宋代	sòng-tāi
宋兇	sòng-hiong
宋兇人	sòng-hiong-lâng
宋凶	sòng-hiong
宋判	sòng-phàn
宋朝	sòng-tiâu
宋盼	sòng-phàn
宋美齡	Sòng-Bí-lîng
宋詞	Sòng-sû
完仙夢	uân-sian-bāng
完備	uân-pī
完全	uân-tsuân
完善	uân-siān
完夢	uân-bāng
完好	uân-hó
完婚	uân-hun
完封	uân-hong
完工	uân-kang
完成	uân-sîng
完整	uân-tsíng
完整性	uân-tsíng-sìng
完畢	uân-pit
完盆	uân-phûn
完稅	uân-suè
完糧	uân-niû
完結	uân-kiat
完美	uân-bí
完美世界	uân-bí-sè-kài
完聘	uân-phìng
完錢糧	uân-tsînn-niû
完餉	uân-hiòng
宏仁	hông-jîn
宏偉	hông-uí
宏大	hông-tāi
宏牙利	Hông-gâ-lī
宏觀	hông-kuan
宕工	thōng-kang
宕時日	thōng-sî-ji̍t
宕脫	tōng-thut
宗教	tsong-kàu
宗教佬仔	tsong-kàu-láu-á
宗教信仰	tsong-kàu-sìn-gióng
宗族	tsong-tso̍k
宗旨	tsong-tsí
宗祧	tsong-thiāu
宗藩	tsong-phuan
宗親	tsong-tshin
宗長	tsong-tiúnn
官人	kuann-lâng
官僚	kuann-liâu
官兵	kuann-ping
官史	kuann-sú
官司	kuann-si
官吏	kuann-lī
官員	kuann-uân
官場	kuann-tiûnn
官宅	kuann-the̍h
官差	kuann-tshe
官帽	kuann-bō
官府	kuann-hú
官廳	kuann-thiann
官方	kuann-hong
官校	kuann-hāu
官氣	kuann-khuì
官田	kuann-tshân
官符	kuann-hû
官網	kuann-bāng
官署	kuann-sú
官職	kuann-tsit
官能	kuann-lîng
官舍	kuann-sià
官蘭	kuann-lân
官蘭花	kuann-lân-hue
官話	kuann-uē
官邸	kuann-té
官銜	kuann-hâm
定人去矣	tiānn-lâng-khì-ah
定人矣	tiānn-lâng-ah
定位	tīng-uī
定價	tīng-kè
定價表	tīng-kè-pió
定准	tīng-tsún
定出	tīng-tshut
定去	tiānn-khì
定向	tīng-hiòng
定型	tiānn-hîng
定婚	tīng-hun
定存	tīng-tsûn
定定	tiānn-tiānn
定定慎	tiānn-tiānn-sīm
定定有	tiānn-tiānn-ū
定局	tiānn-kio̍k
定居	tīng-ki
定心	tīng-sim
定性	tīng-sìng
定數	tīng-sòo
定期	tīng-kì
定期船	tīng-kî-tsûn
定案	tīng-àn
定業	tīng-gia̍p
定洗手	tiānn-sé-tshiú
定海	Tī͘ng-hái
定準	tīng-tsún
定理	tīng-lí
定當	tīng-tòng
定盤	tīng-puânn
定盤秤	tīng-puânn-tshìn
定禮	tiānn-lé
定篤	tīng-tauh
定約	tīng-iok
定經草	tīng-king-tsháu
定罪	tīng-tsuē
定義	tīng-gī
定落來	tiānn-lo̍h-lâi
定著	tiānn-tio̍h
定著會互	tiānn-tio̍h-ē-hōo
定著著	tiānn-tio̍h-tio̍h
定製	tīng-tsè
定規	tīng-kui
定論	tīng-lūn
定都	tīng-too
定量	tīng-liāng
定金	tiānn-kim
定銀	tiānn-gîn
定錢	tiānn-tsînn
定頭	tiānn-thâu
定額	tīng-gia̍h
定風針	tīng-hong-tsiam
定點	tīng-tiám
宛然	uán-jiân
宜梧	gî-ngôo
宜縣	Gî-kuān
宜蘭	Gî-lân
宜蘭市	Gî-lân-tshī
宜蘭童玩節	Gî-lân-Tông-guán-tseh
宜蘭縣	Gî-lân-kuān
客串	kheh-tshuàn
客人	kheh-lâng
客人仔話	Kheh-lâng-á-uē
客人庄	kheh-lâng-tsng
客伴	kheh-phuānn
客停車	kheh-thîng-tshia
客兄	khè-hiann
客商	kheh-siong
客套話	kheh-thò-uē
客家人	Kheh-ka-lâng
客家文	kheh-ka-bûn
客家話	Kheh-ka-uē
客席	kheh-si̍k
客店	kheh-tiàm
客廳	kheh-thiann
客情	kheh-tsîng
客戶	kheh-hōo
客服	kheh-ho̍k
客棧	kheh-tsàn
客機	kheh-ki
客氣	kheh-khì
客氣話	kheh-khì-uē
客滿	kheh-buán
客行車	kheh-lîng-tshia
客觀	kheh-kuan
客話	kheh-uē
客語	Kheh-gí
客車	kheh-tshia
客輪	kheh-lûn
客運	kheh-ūn
客運亭	kheh-ūn-tîng
客運的	kheh-ūn-ê
客門	kheh-mn̂g
客面	kheh-bīn
客頭	kheh-thâu
客鳥	kheh-tsiáu
客鳥花	kheh-tsiáu-hue
客鴣	khik-koo
宣佈	suan-pòo
宣傳	suan-thuân
宣傳單	suan-thuân-tuann
宣判	suan-phuànn
宣告	suan-kò
宣導	suan-tō
宣帽	suan-bō
宣慰	suan-uì
宣戰	suan-tsiàn
宣揚	suan-iông
宣教	suan-kàu
宣洩	suan-sia̍p
宣示	suan-sī
宣稱	suan-tshing
宣紙	suan-tsuá
宣藤	suan-tîn
宣言	suan-giân
宣誓	suan-sè
宣誓就職	suan-sè-tsiū-tsit
宣讀	suan-tho̍k
室內	sik-lāi
室友	sik-iú
室外	sik-guā
宦官	huān-kuann
宮公	king-kong
宮廟	king-biō
宮廷	kiong-tîng
宮殿	kiong-tiān
宮燈	kiong-ting
宮硝	kiong-sau
宰制	tsáinn-tsè
宰我	Tsáinn-Ngóo
宰相	tsáinn-siòng
害了了	hāi-liáu-liáu
害人	hāi-lâng
害去	hāi-khì
害去矣	hāi-khì-ah
害慘慘	hāi-tshám-tshám
害我毋知影愛講啥	hāi-guá-m̄-tsai-iánn-ài-kóng-siánn
害我毋知欲講啥物	hāi-guá-m̄-tsai-beh-kóng-siánn-mih
害扭扭	hāi-liú-liú
害桶	hāi-tháng
害死	hāi-sí
害溜溜	hāi-liú-liú
害物	hāi-mi̍h
害猴	hāi-kâu
害甲塗塗塗	hāi-kah-thôo-thôo-thôo
害當當	hāi-tòng-tòng
害矣	hāi-ah
害群之馬	hāi-kûn-tsi-má
害翏翏	hāi-liù-liù
害處	hāi-tshù
害蟲	hāi-thâng
害貨	hāi-huè
害車	hāi-tshia
宴客	iàn-kheh
宴席	iàn-si̍k
宴會	iàn-huē
宴桌	iàn-toh
宵夜	siau-iā
宵禁	siau-kìm
家世	ka-sè
家主	ke-tsú
家事	ka-sū
家人	ka-jîn
家伙	ke-hué
家伙仔	ke-hué-á
家伙底	ke-hué-té
家內	ke-lāi
家內事	ke-lāi-sū
家內穡	ke-lāi-sit
家具	ka-khū
家務	ka-bū
家務事	ka-bū-sū
家勢	ke-sì
家勢尾	ke-sì-bué
家口	ke-kháu
家商	ka-siong
家喻戶曉	ka-jū-hōo-hiáu
家園	ka-hn̂g
家境	ka-kíng
家婆	ke-pô
家官	ke-kuann
家室	ka-sik
家家戶戶	ke-ke-hōo-hōo
家宿	ka-siok
家寶	ka-pó
家專	ka-tsuan
家居	ka-ki
家屬	ka-sio̍k
家己	ka-kī
家己主心願	ka-kī-tsú-sim-guān
家己人	ka-kī-lâng
家己來	ka-kī-lâi
家己做得來	ka-kī-tsò-tit-lâi
家己呵	ka-kī-o
家己喃	ka-kī-nauh
家己擔肥毋知臭	ka-kī-tann-puî-m̄-tsai-tshàu
家己用	ka-kī-iōng
家己褒	ka-kī-po
家己阿	ka-kī-o
家己飼	ka-kī-tshī
家常	ka-siông
家常便飯	ka-siông-piān-pn̄g
家庭	ka-tîng
家庭主婦	ka-tîng-tsú-hū
家庭暴力	ka-tîng-pō-li̍k
家後	ke-āu
家批	ka-phe
家政	ka-tsìng
家教	ka-kàu
家族	ka-tso̍k
家暴	ka-pō
家棟	ka-tàng
家業	ka-gia̍p
家樂福	Ka-lo̍k-hok
家母	ka-bó
家治	ka-tī
家父	ka-hū
家產	ka-sán
家甲	ke-kah
家甲簿	ke-kah-phōo
家甲簿仔	kek-ah-phōo-á
家畜	ka-thiok
家眷	ka-kuàn
家神牌	ke-sîn-pâi
家私	ke-si
家私人	ke-si-lâng
家私頭	ke-si-thâu
家私頭仔	ke-si-thâu-á
家系	ke-hē
家蚤睏	ka-tsáu-khùn
家蚤蚊	ka-tsáu-báng
家計	ka-kè
家譜	ka-phóo
家變	ke-piàn
家財	ka-tsâi
家財萬貫	ka-tsâi-bān-kuàn
家費	ka-huì
家運	ke-ūn
家運敗	ke-ūn-pāi
家鄉	ka-hiong
家醜	ka-tshiú
家長	ka-tiúnn
家長會	ka-tiúnn-huē
家門	ka-bûn
家電	ka-tiān
家電業	ka-tiān-gia̍p
家風	ka-hong
家齊	ka-tsê
容允	iông-ín
容器	iông-khì
容易	iông-ī
容積	iông-tsik
容積率	iông-tsik-lu̍t
容貌	iông-māu
容身	iông-sin
容量	iông-liāng
宿命	sok-miā
宿精	sik-tsinn
宿舍	siok-sià
宿霧	Sok-bū
宿題	siok-tê
宿鬼	sik-kuí
宿鳥	sik-tsiáu
宿龜	sik-ku
寂寞	tsi̍k-bo̍k
寄下	kià-khē
寄互	kià-hōo
寄付	kià-hù
寄伙食	kià-hué-si̍t
寄來	kià-lâi
寄出	kià-tshut
寄嘴	kià-tshuì
寄回	kià-huê
寄子託妻	kià-tsú-thok-tshe
寄存	kì-tsûn
寄學	kià-o̍h
寄居	kià-ki
寄居蟲	kià-ki-thâng
寄帶	kià-tuà
寄徛	kià-khiā
寄恨	kià-hīn
寄批	kià-phe
寄望	kì-bōng
寄棺	kià-kuan
寄生	kià-senn
寄生蟲	kià-sing-thâng
寄罪	kià-tsuē
寄聲	kià-siann
寄腳	kià-kha
寄託	kì-thok
寄話	kià-uē
寄貨	kià-huè
寄賣	kià-bē
寄蹛	kià-tuà
寄金	kià-kim
寄金簿	kià-kim-phōo
寄金簿仔	kià-kim-phōo-á
寄錢	kià-tsînn
寄附	kià-hù
寄食	kià-tsia̍h
寄養	kì-iáng
寄養家庭	kì-iáng-ka-tîng
寅時	în-sî
密佈	bi̍t-pòo
密切	bi̍t-tshiat
密友	bi̍t-iú
密告	bi̍t-kò
密啁啁	ba̍t-tsiuh-tsiuh
密喙	ba̍t-tshuì
密嘴	ba̍t-tshuì
密報	bi̍t-pò
密婆	bi̍t-pô
密室	bi̍t-sik
密密	bā-bā
密密孔	ba̍t-ba̍t-khang
密密是	ba̍t-ba̍t-sī
密密生	ba̍t-ba̍t-senn
密實	ba̍t-tsa̍t
密封	bi̍t-hong
密度	bi̍t-tōo
密接	bi̍t-tsiap
密碼	bi̍t-bé
密碼貨幣	bi̍t-bé-huè-pè
密碼錢	bi̍t-bé-tsînn
密箍銀	bi̍t-khoo-gîn
密箍銀現金	Bi̍t-khoo-gîn-Hiān-kim
密落去	bi̍t-lo̍h-khì
密號	bi̍t-hō
密西根	Ba̍t-se-kin
密談	bi̍t-tâm
密謀	bi̍t-bôo
密醫	bi̍t-i
密閃閃	ba̍t-siám-siám
密閉	bi̍t-pì
密集	bi̍t-tsi̍p
富人	pù-lâng
富倒	pù-táu
富商	hù-siong
富國	hù-kok
富士山	Hù-sū-suann
富家	hù-ka
富家翁	hù-ka-ong
富庶	hù-sù
富強	hù-kiông
富戶家	hù-hōo-ka
富斗	pù-táu
富死	pù-sí
富翁	hù-ong
富蘭克林	Hù-lân-khik-lîm
富裕	hù-jū
富豪	hù-hô
富貴	hù-kuì
富貴病	hù-kuì-pēnn
富貴相	hù-kuì-siòng
富貴花	hù-kuì-hue
富貴角	Hù-kuì-kak
富足	hù-tsiok
富陽	Hù-iông
富麗	hù-lê
寐一下	bî-tsi̍t-ē
寐寐火	bái-bái-hué
寐火	bái-hué
寒人	kuânn-lâng
寒人个時	kuânn-lâng-ê-sî
寒假	hân-ká
寒冬	hân-tong
寒冷	hân-líng
寒凊	kuânn-tshìn
寒凊凊	kuânn-tshìn-tshìn
寒凍	kuânn-tàng
寒夜	hân-iā
寒天	kuânn-thinn
寒天衫	kuânn-thinn-sann
寒帶	hân-tài
寒帽	kuânn-bō
寒心	hân-sim
寒暑	hân-sú
寒死	kuânn-sí
寒氣	hân-khì
寒流	hân-liû
寒瀉	hân-sià
寒熱	kuânn-jua̍h
寒熱仔	kuânn-jia̍t-á
寒熱症	kuânn-jia̍t-tsìng
寒甲咇咇掣	kuânn-kah-phi̍h-phi̍h-tshuah
寒甲死無人	kuânn-kah-sí-bô-lâng
寒舍	hân-sià
寒色風	hân-sik-hong
寒著	kuânn-tio̍h
寒衣	hân-i
寒衫	kuânn-sann
寒酸	hân-suan
寒陰	kuânn-iam
寒露	hân-lōo
寒風	hân-hong
寓意	gū-ì
寓教於樂	gū-kàu-û-lo̍k
寓言	gū-giân
察奪	tshat-tua̍t
察理	tshat-lí
察覺	tshat-kak
寡婦	kuánn-hū
寢仔	tshím-á
寢台列車	tshím-tâi-lia̍t-tshia
寢室	tshím-sik
寢寢	tshím-tshím
寢臺車	tshím-tâi-tshia
寥寥無幾	liâu-liâu-bû-kí
實作	si̍t-tsoh
實例	si̍t-lē
實值	si̍t-ta̍t
實價	si̍t-kè
實力	si̍t-li̍k
實務	si̍t-bū
實喉	tsa̍t-âu
實在	si̍t-tsāi
實在就是	si̍t-tsāi-tsiū-sī
實在是	tsa̍t-tsāi-sī
實在無	si̍t-tsāi-bô
實在講	Si̍t-tsāi-kóng
實地	si̍t-tē
實地調查	si̍t-tē-tiau-tsa
實境秀	si̍t-kiàⁿ-siù
實字	si̍t-jī
實實	si̍t-si̍t
實心	si̍t-sim
實情	si̍t-tsîng
實掙掙	tsa̍t-tsinn-tsinn
實收	si̍t-siu
實效	si̍t-hāu
實數	sı̍t-sòo
實施	si̍t-si
實有	si̍t-iú
實業	si̍t-gia̍p
實權	si̍t-kuân
實歲	si̍t-huè
實況	si̍t-hóng
實況主	sit-hóng-tsú
實物	si̍t-bu̍t
實用	si̍t-iōng
實用性	si̍t-iōng-sìng
實目	tsa̍t-ba̍k
實績	si̍t-tsik
實習	si̍t-si̍p
實習生	si̍t-si̍p-sing
實習醫師	si̍t-si̍p-i-su
實聯制	si̍t-liân-tsè
實腹	tsa̍t-pak
實膜	tsa̍t-mo̍oh
實至名歸	si̍t-tsì-miâ-kui
實落得	si̍t-lo̍h-tit
實行	si̍t-hîng
實話	si̍t-uē
實講	si̍t-kóng
實證	si̍t-tsìng
實質	si̍t-tsit
實趁	si̍t-thàn
實踐	si̍t-tsiān
實重	si̍t-tāng
實際	si̍t-tsè
實頭	tsa̍t-thâu
實頭實腦	tsa̍t-thâu-tsa̍t-náu
實頭間	tsa̍t-thâu-king
實驗	si̍t-giām
實驗室	si̍t-giām-sik
實體	si̍t-thé
寧化	Lîng-huà
寧可	lîng-khó
寧夏	Lîng-hā
寧夏回族自治區	Lîng-hā-Huê-tso̍k-Tsū-tī-khu
寧德	Lîng-tek
寧波	Lîng-pho
寧海	Lîng-hái
寧靜	lîng-tsīng
寧願	lîng-guān
審判	sím-phuànn
審判長	sím-phuànn-tiúnn
審問	sím-būn
審定	sím-tīng
審實	sím-si̍t
審慎	sím-sīn
審查	sím-tsa
審查會	sím-tsa-huē
審核	sím-hi̍k
審理	sím-lí
審結	sím-kiat
審視	sím-sī
審計	sím-kè
審計處	Sím-kè-tshù
審計部	sím-kè-pōo
審訊	sím-sìn
審議	sím-gī
審閱	sím-ua̍t
寫作	siá-tsok
寫作班	siá-tsok-pan
寫出	siá-tshut
寫功課	siá-kong-khò
寫字	siá-jī
寫字桌	siá-jī-toh
寫完	siá-uân
寫實	siá-si̍t
寫感想	siá-kám-sióng
寫成	siá-sîng
寫批	siá-phe
寫法	siá-huat
寫照	siá-tsiàu
寫生	siá-sing
寫真	siá-tsin
寫票	siá-phiò
寫程序	siá-thêng-sū
寫稿	siá-kó
寫落來	siá-lo̍h-lâi
寫許	siá-khóo
寬仔	khuann-á
寬仔是	khuann-á-sī
寬仔行	khuann-á-kiânn
寬大	khuan-tāi
寬容	khuan-iông
寬寬仔	khuann-khuann-á
寬寬仔來	khuann-khuann-á-lâi
寬度	khuan-tōo
寬心懶性	khuann-sim-nuā-sìng
寬恕	khuan-sù
寬慢	khuann-bān
寬慰	khuan-uì
寬曠	khuan-khòng
寬緊	khuann-kín
寬裕	khuan-jū
寬諒	khuan-liōng
寬赦	khuan-sià
寬走	khuann-tsáu
寬闊	khuan-khuah
寬限	khuan-ān
寬鬆	khuan-sang
寮仔	liâu-á
寮仔間	liâu-á-king
寮國	Liâu-kok
寵乘	thíng-sīng
寵佑	thióng-iū
寵兒	thióng-jî
寵恿	thíng-sīng
寵愛	thióng-ài
寵權	thióng-khuân
寶價望	pó-kè-bōng
寶典	pó-tián
寶劍	pó-kiàm
寶可夢	Pó-khó-bōng
寶地	pó-tē
寶塔	pó-thah
寶山	pó-suann
寶島	pó-tó
寶座	pó-tsō
寶惜	pó-sioh
寶慶	Pó-khìng
寶斗	Pó-táu
寶斗厝	Pó-táu-tshù
寶斗鎮	Pó-táu-tìn
寶桑莊	Pó-song-tsng
寶玉	pó-gi̍k
寶珠	pó-tsu
寶盒	pó-a̍p
寶石	pó-tsio̍h
寶石藍	pó-tsio̍h-lâm
寶礦力水得	pó-khòng-la̍t-tsuí-tik
寶藏	pó-tsōng
寶螺	pó-lê
寶貝	pó-puè
寶貝球	pó-puè-kiû
寶貴	pó-kuì
寶釧	Pó-tshuan
寸尺	tshùn-tshioh
寸棗	tshùn-tsó
寸步	tshùn-pōo
寸白蟲	tshùn-pe̍h-thâng
寸金仔	tshùn-kim-á
寺廟	sī-biō
寺院	sī-īnn
封印	hong-ìn
封喙	hong-tshuì
封喙袋仔	hong-tshuì-tē-á
封嘴	hong-tshuì
封城	hong-siânn
封子	hong-tsí
封存	hong-tsûn
封建	hong-kiàn
封旨	hong-tsí
封條	hong-tiâu
封死	hong-sí
封殺	hong-sat
封炕滷	hong-khòng-lóo
封焢滷	hong-khòng-lóo
封筒	hong-tâng
封號	hong-hō
封裝	hong-tsng
封角	hong-kak
封釘	hong-ting
封鎖	hong-só
封面	hong-bīn
封面里	hong-bīn-lí
射出	siā-tshut
射干	siā-kan
射手	siā-tshiú
射手座	Siā-tshiú-tsō
射擗仔	siā-phia̍k-á
射殺	siā-sat
射石	siā-tsio̍h
射筒	siā-tâng
射箭	siā-tsìnn
射精	siā-tsing
射著	siā-tio̍h
射銃	siā-tshìng
射門	siā-mn̂g
射靶	siā-pé
將不然	tsiang-put-jiân
將仔就	tsiang-á-tsiū
將令	tsiòng-līng
將來	tsiang-lâi
將士	tsiòng-sū
將就	tsiang-tsiū
將心比心	tsiong-sim-pí-sim
將才	tsiàng-tsâi
將時	tsiàng-sî
將樂	Tsiong-lo̍k
將軍	tsiang-kun
將軍帳	tsiong-kun-tiùnn
將軍澳	Tsiong-kun-ò
將軍莊	Tsiong-kun-tsng
將近	tsiang-kīn
將進酒	Tsiong-tsìn-tsiú
將門	tsiòng-mn̂g
將領	tsiòng-líng
專一	tsuan-it
專事	tsuan-sū
專人	tsuan-jîn
專任	tsuan-jīm
專修	tsuan-siu
專做名聲	tsuan-tsò-miâ-siann
專刊	tsuan-khan
專利	tsuan-lī
專利權	tsuan-lī-kuân
專利法	tsuan-lī-huat
專制	tsuan-tsè
專司	tsuan-si
專員	tsuan-uân
專家	tsuan-ka
專工	tsuan-kang
專心	tsuan-sim
專心專意	tsuan-sim-tsuan-ì
專意	tsuan-ì
專戶	tsuan-hōo
專才	tsuan-tsâi
專攻	tsuan-kong
專政	tsuan-tsìng
專文	tsuan-bûn
專斷	tsuan-tuàn
專校	tsuan-hāu
專案	tsuan-àn
專業	tsuan-gia̍p
專業化	tsuan-gia̍p-huà
專機	tsuan-ki
專櫃	tsuan-kuī
專欄	tsuan-nuâ
專權	tsuan-kuân
專款	tsuan-khuán
專注	tsuan-tsù
專營	tsuan-îng
專用	tsuan-iōng
專用道	tsuan-iōng-tō
專科	tsuan-kho
專程	tsuan-thîng
專精	tsuan-tsing
專線	tsuan-suànn
專練	tsuan-liān
專美於前	tsuan-bí-û-tsîng
專職	tsuan-tsit
專色	tsuan-sik
專訪	tsuan-hóng
專貫	tsuan-kuàn
專賣	tsuan-bē
專車	tsuan-tshia
專輯	tsuan-tsip
專途	tsuan-tôo
專金	tsuan-kim
專長	tsuân-tióng
專門	tsuan-bûn
專門單字	tsuan-bûn-tan-jī
專電	tsuan-tiān
專題	tsuan-tê
尊卑	tsun-pi
尊嚴	tsun-giâm
尊存	tsun-tshûn
尊崇	tsun-tsông
尊敬	tsun-kìng
尊稱	tsun-tshing
尊翁	tsun-ong
尊貴	tsun-kuì
尊重	tsun-tiōng
尊長	tsun-tióng
尋求	siâm-kiû
尋訪	sîm-hóng
對上	tuì-siāng
對下到頂	tuì-ē-kàu-tíng
對不住	tuì-pu̍t-tsū
對不起	tuì-put-khí
對中	tuì-tiong
對中晝	tuì-tiong-tàu
對中點	tuì-tiong-tiám
對付	tuì-hù
對伊討	tuì-i-thó
對伊講	tuì-i-kóng
對分	tuì-pun
對削	tuì-siah
對剸	tuì-tn̂g
對千	tuì-tshian
對午衝	tuì-ngóo-tshiong
對半	tuì-puànn
對半分	tuì-puànn-pun
對半扯	tuì-puànn-tshé
對半折	tuì-puànn-tsiat
對半拗	tuì-puànn-áu
對半楔	tuì-puànn-seh
對半破	tuì-puànn-phuà
對半趁	tuì-puànn-thàn
對反	tuì-huán
對句	tuì-kù
對同	tuì-tâng
對向	tuì-hiòng
對問	tuì-mn̄g
對喙㤉洗	tuì-tshuì-gé-sé
對嘴	tuì-tshuì
對嘴參瀉	tuì-tshuì-sann-sià
對嘴應	tuì-tshuì-ìn
對嘴睨視	tuì-tshuì-gé-sē
對坐	tuì-tsē
對壘	tuì-luí
對外	tuì-guā
對媵	tuì-thīn
對對	tuì-tuì
對局	tuì-kio̍k
對岸	tuì-huānn
對年	tuì-nî
對年忌	tuì-nî-kī
對待	tuì-thāi
對忤沖	tuì-ngóo-tshiong
對應	tuì-ìng
對戕	tuì-tshiâng
對戛	tuì-khiat
對手	tuì-tshiú
對打	tuì-tánn
對扦	tuì-tshian
對抗	tuì-khòng
對抗賽	tuì-khòng-sài
對折	tuì-tsiat
對抵	tuì-tú
對拗	tuì-áu
對拚	tuì-piànn
對拜	tuì-pài
對指	tuì-tsí
對捻	tuì-liām
對排	tuì-pâi
對推	tuì-tu
對插	tuì-tshah
對換	tuì-uānn
對摵	tuì-tshi̍k
對摺	tuì-tsih
對攙	tuì-tsham
對敵	tuì-ti̍k
對數	tuì-sòo
對數表	tuì-sòo-pió
對斜	tuì-tshua̍h
對方	tuì-hong
對於	tuì-î
對旁	tuì-pîng
對景	tuì-kíng
對期	tuì-kî
對株	tuì-tu
對歲	tuì-huè
對比	tuì-pí
對決	tuì-kuat
對沖	tuì-tshiong
對流	tuì-liû
對流圈	tuì-liû-khuan
對準	tuì-tsún
對烏	tuì-oo
對照	tuì-tsiàu
對牛彈琴	tuì-gû-tuânn-khîm
對牛讀經	tuì-gû-tha̍k-king
對獎	tuì-tsióng
對症	tuì-tsìng
對白	tuì-pe̍h
對直	tuì-ti̍t
對相	tuì-siàng
對看	tuì-khuànn
對稱	tuì-tshing
對稿	tuì-kó
對空	tuì-khang
對空射擊	tuì-khong-siā-kik
對窄	tuì-tsik
對立	tuì-li̍p
對筆跡	tuì-pit-tsik
對等	tuì-tíng
對答	tuì-tap
對策	tuì-tshik
對範	tuì-pān
對細	tuì-sè
對繩	tuì-tsîn
對繩行路	tuì-tsîn-kiânn-lōo
對耀	tuì-tshiō
對聯	tuì-liân
對腳博	tuì-kha-pua̍h
對腳戰	tuì-kha-tsiàn
對葉蓮	tuì-hio̍h-liân
對著	tuì-tio̍h
對號	tuì-hō
對號入座	tuì-hō-ji̍p-tsō
對衝	tuì-tshiong
對親	tuì-tshin
對角	tuì-kak
對角線	tuì-kak-suànn
對觸	tuì-tak
對訂	tuì-tànn
對訊	tuì-sìn
對話	tuì-uē
對話機	tuì-uē-ki
對調	tuì-tiàu
對談	tuì-tâm
對講機	tuì-káng-ki
對象	tuì-siōng
對責	tuì-tsik
對路	tuì-lōo
對逆	tuì-ke̍h
對這條路	tuì-tsit-tiâu-lōo
對遮	tuì-tsia
對遮去	tuì-tsia-khì
對都	tuì-too
對重	tuì-tāng
對開	tuì-khui
對陣	tuì-tīn
對除	tuì-tî
對面	tuì-bīn
對面刺	tuì-bīn-tshiah
對面厝	tuì-bīn-tshù
對面烏	tuì-bīn-oo
對面門	tuì-bīn-mn̂g
對面風	tuì-bīn-hong
對頭	tuì-thâu
對頭來	tuì-thâu-lâi
對頭到尾	tuì-thâu-kàu-bué
對頭削	tuì-thâu-siah
對頭親	tuì-thâu-tshin
對頭誤	tuì-thâu-gōo
對頭講	tuì-thâu-kóng
對頭風	tuì-thâu-hong
對點	tuì-tiám
對齊	tuì-tsê
導的	tō-ê
小䉪咧	sió-luí-leh
小七仔	siáu-tshit-á
小七仔笑	siáu-tshit-á-tshiò
小七哥仔	sió-tshit-ko-á
小七面	siáu-tshit-bīn
小三花	siáu-sam-hue
小丑	siáu-thiú
小丑仔	siáu-thiúnn-á
小丑魚	sió-thiú-hî
小串	sió-tshńg
小事	sió-sū
小人	siáu-jîn
小人國	sió-lâng-kok
小人步	siáu-jîn-pōo
小人物	sió-jîn-bu̍t
小伸筋	sió-tshun-kin
小使仔	siáu-sú-á
小便	siáu-piān
小停	sió-thîng
小停仔	sió-thîng-á
小傷	sió-siong
小兒	siáu-jî
小兒科	siáu-jî-kho
小兵	sió-ping
小冬	sió-tang
小出仔	sió-tshut-á
小刀	sió-to
小包	sió-pau
小包車	sió-pau-tshia
小卒仔	siáu-tsut-á
小卷	sió-kńg
小厝仔	sió-tshù-á
小叔	sió-tsik
小叔仔	sió-tsik-á
小口	sió-kháu
小口灶	sió-kháu-tsàu
小可	sió-khuá
小可事變做大曠臼	sió-khuá-sū-piàn-tsó-tuā-khàng-khū
小可人个查某囝	sió-khuá-lâng-ê-tsa-bóo-kiánn
小可人仔	sió-khuá-lâng-á
小可仔	sió-khuá-á
小可代	sió-khuá-tāi
小可代誌	sió-khuá-tāi-tsì
小可大代誌	sió-khuá-tuā-tāi-tsì
小可物	sió-khuá-mi̍h
小可生理	sió-khuá-sing-lí
小可錢	sió-khuá-tsînn
小可鹹	sió-khuá-kiâm
小名	sió-miâ
小吹	sió-tshue
小和尚	sió-huê-siūnn
小品	sió-phín
小喇叭	sió-lat-pah
小器	siáu-khì
小囝	sió-kiánn
小囝精	sió-kiánn-tsinn
小圈仔	sió-khuân-á
小型	sió-hîng
小埠頭	sió-poo-thâu
小夜曲	sió-iā-khik
小女	sió-lí
小妹	sió-bē
小姐	sió-tsiá
小姑	sió-koo
小姑仔	sió-koo-á
小娘姑	sió-niû-koo
小嬸	sió-tsím
小學	sió-ha̍k
小宗	sió-tsong
小家事	sió-ke-sū
小家口	sió-ke-kháu
小家庭	sió-ka-tîng
小家數	sió-ka-sòo
小家棟	sió-ka-tàng
小寐	sió-bī
小寒	siáu-hân
小寡早	sió-khuá-tsá
小將	sió-tsiòng
小局	siáu-kio̍k
小屁股	siáu-phí-ku
小山崙	sió-suann-lūn
小山崙仔	sió-suann-lūn-á
小島	sió-tó
小工	sió-kang
小巨蛋	sió-kī-tàn
小巷	sió-hāng
小干樂	sió-kan-lo̍k
小弟	sió-tī
小弟仔	sió-tī-á
小弟小妹	sió-tī-sió-bē
小彩	sió-tshái
小影	siáu-íng
小心	sió-sim
小心細膩	sió-sim-sè-jī
小成鯊	sió-sîng-sua
小手面	sió-tshiú-bīn
小才	sió-tsâi
小提琴	sió-thê-khîm
小政府主義	sió-tsìng-hú-tsú-gī
小故	sió-kòo
小數	sió-sòo
小數點	sió-sòo-tiám
小於	sió-î
小旦	sió-tuànn
小時	sió-sî
小晝	sió-tàu
小晝仔	sió-tàu-á
小暑	siáu-sú
小月	sió-gue̍h
小朋友	sió-pîng-iú
小木	sió-ba̍k
小本	sió-pún
小格種	sió-keh-tsíng
小樣	sió-iūnn
小檳榔	sió-pin-nn̂g
小歇	sió-hioh
小氣	siáu-khì
小氣鬼	siáu-khì-kuí
小水	siáu-suí
小沃	sió-ak
小油坑	sió-iû-khenn
小流	sió-lâu
小流水	sió-lâu-tsuí
小港	Sió-káng
小湧	sió-íng
小溪墘	sió-khe-kînn
小滕	sió-thîn
小滿	sió-muá
小潮	sió-tiâu
小澳	Sió-ò
小火龍	Sió-hué-liông
小烏	sió-oo
小熊貓	sió-hîm-niau
小犬	siáu-khián
小琉球	Sió-liû-kiû
小生	sió-sing
小生年	sió-senn-nî
小生理	sió-sing-lí
小產	siáu-sán
小病	sió-pēnn
小百萬	sió-pah-bān
小眯者	sió-bî-tse
小確幸	sió-khak-hīng
小碼	sió-bé
小票	sió-phiò
小禮花	sió-lé-hue
小等	sió-tán
小等一下	sió-tán-tsi̍t-ē
小筋草	sió-kin-tsháu
小箍圍	sió-khoo-uî
小管	sió-kńg
小管仔	sió-kóng-á
小節	sió-tsiat
小節目	sió-tsiat-bo̍k
小米麵	sió-bí-mī
小粒子	sió-lia̍p-tsí
小考	sió-khó
小聽候一下	sió-thìng-hāu-tsi̍t-ē
小肚	sió-tōo
小腦	sió-náu
小腳數	sió-kioh-siàu
小腸	sió-tn̂g
小腸墜	siáu-tn̂g-tuī
小腸疝	siáu-tn̂g-sàn
小腿	sió-thuí
小腿骨	sió-thuí-kut
小膽	sió-tánn
小臂	sió-pì
小臟	sió-tsn̄g
小船	sió-tsûn
小船袂堪得重載	sió-tsûn-bē-kham-tit-tāng-tsāi
小艇	sió-thíng
小苦藥	sió-khóo-io̍h
小草	sió-tsháu
小菁	sió-tshinn
小菜	sió-tshài
小葫蘆	sió-hôo-lôo
小蠟樹	sió-la̍h-tshiū
小血球	sió-hueh-kiû
小見	siáu-kiàn
小解	siáu-kái
小說	siáu-suat
小說家	sió-suat-ka
小貪	siáu-tham
小費	sió-huì
小貿頭	sió-bāu-thâu
小資	sió-tsu
小賊仔	sió-tsha̍t-á
小賣	sió-bē
小賣店	sió-bē-tiàm
小趨坡	sió-tshu-pho
小路	sió-lōo
小路仔	sió-lōo-á
小身份	sió-sin-hūn
小過	sió-kuè
小過年	sió-kuè-nî
小過年仔	sió-kuè-nî-á
小還魂	sió-huân-hûn
小郭狗	siáu-kueh-káu
小鄙臉	siáu-phí-gián
小鄙龜	siáu-phí-ku
小金花	sió-kim-hue
小金英	sió-kim-ing
小金面	Sió-kim-bīn
小門風	sió-mn̂g-hong
小陽春	siáu-iông-tshun
小雨	sió-hōo
小雪	siáu-suat
小面神	sió-bīn-sîn
小題大作	sió-tê-tāi-tsok
小食	sió-tsia̍h
小飲	siáu-ím
小馬	sió-bé
小駁骨丹	sió-pok-kut-tan
小體	siáu-thé
小髫	siáu-thiâu
小鬼	sió-kuí
小鬼仔	sió-kuí-á
小鬼仔殼	siáu-kuí-á-khak
小鬼仔毋捌見過大把金	sió-kuí-á-m̄-bat-kìnn-kuè-tuā-pé-kim
小鬼仔毋捌見過大豬頭	sió-kuí-á-m̄-bat-kìnn-kuè-tuā-ti-thâu
小鬼仔氣	sió-kuí-á-khì
小鬼仔相	sió-kuí-á-siòng
小鬼袂做得大頭路	sió-kuí-bē-tsò-tit-tuā-thâu-lōo
小鬼面	siáu-kuí-bīn
小麥	sió-be̍h
小點	sió-tiám
小點仔	sió-tiám-á
小齣	sió-tshut
小齣戲	sió-tshut-hì
少主娘	siáu-tsú-niû
少囝化	tsió-kiánn-huà
少壯	siàu-tsòng
少女	siàu-lí
少女時代	Siàu-lí-sî-tāi
少奶奶	siáu-nái-nái
少婦	siàu-hū
少將	siáu-tsiòng
少少	tsió-tsió
少少仔	tsió-tsió-á
少年	siàu-liân
少年个	siàu-liân-ê
少年亡	siàu-liân-bông
少年人	sià-liân-lâng
少年個	siàu-liân-ê
少年家	siàu-liân-ke
少年毋捌代誌	siàu-liân-m̄-bat-tāi-tsì
少年法庭	siàu-liân-huat-tîng
少年熟骨	siàu-liân-si̍k-kut
少年犯	siàu-liân-huān
少年翁某	siàu-liân-ang-bóo
少年老成	siàu-liân-ló-sîng
少年衝碰	siàu-liân-tshóng-pōng
少年雞桃仔	siàu-liân-ke-thô-á
少年頭家	siàu-liân-thâu-ke
少數	tsió-sòo
少昊	Siàu-hō
少本	tsió-pún
少林	Siàu-lîm
少林寺	Siàu-lîm-sī
少校	siáu-hāu
少棒	siàu-pāng
少棒賽	siàu-pāng-sài
少棒隊	siàu-pāng-tuī
少歲	tsió-huè
少滿缺	tsió-muá-khueh
少爺	siàu-iâ
少爺囝	siàu-iâ-kiánn
少缺	tsió-khueh
少艾	siàu-gāi
少量	tsió-liāng
少頭喙	tsió-thâu-tshuì
少頭嘴	tsió-thâu-tshuì
尖仔	tsiam-á
尖仔米	tsiam-á-bí
尖兵	tsiam-ping
尖刀	tsiam-to
尖利	tsiam-lāi
尖刻	tsiam-khik
尖叫	tsiam-kiò
尖喙的	tsiam-tshuì-ê
尖喙鳥	Tsiam-tshuì-tsiáu
尖嘴	tsiam-tshuì
尖嘴仔	tsiam-tshuì-á
尖嘴個	tsiam-tshuì-ê
尖嘴椒	tsiam-tshuì-tsio
尖嘴薄舌	tsiam-tshuì-po̍h-tsi̍h
尖尖	tsiam-tsiam
尖尾	tsiam-bué
尖尾仔	tsiam-bué-á
尖尾刀	tsiam-bué-to
尖尾風	tsiam-bué-hong
尖尾鳳	tsiam-bué-hōng
尖山	Tsiam-suann
尖峰	tsiam-hong
尖幼幼	tsiam-iù-iù
尖擔	tsiam-tann
尖斂	tsiam-liám
尖梭魚	tsiam-so-hî
尖沙喙	tsiam-sua-tshuì
尖淨	tsiam-tsīnn
尖石	Tsiam-tsio̍h
尖秫仔	tsiam-tsu̍t-á
尖端	tsiam-tuan
尖角	tsiam-kak
尖起來	tsiam-khí-lâi
尖銳	tsiam-juē
尖鑽	tsiam-tsǹg
尖閣諸島	Tsiam-koh-tsu-tó
尖頭	tsiam-thâu
尖頭仔	tsiam-thâu-á
尖餅殼	tsiam-piánn-khak
尖鼠	tsiam-tshí
尚且	siōng-tshiánn
尚書	Siōng-su
尚齒會	siōng-tshí-huē
尤其	iû-kî
尤溪	Iû-khe
尪仔	ang-á
尪仔仁	ang-á-jîn
尪仔先	ang-á-sian
尪仔冊	ang-á-tsheh
尪仔出	ang-á-tshut
尪仔卵	Ang-á-nn̄g
尪仔圖	ang-á-tôo
尪仔戲	ang-á-hì
尪仔標	ang-á-phiau
尪仔物	ang-á-mi̍h
尪仔轎	ang-á-kiō
尪仔面	ang-á-bīn
尪仔頭	ang-á-thâu
尪仔頭鏡	ang-á-thâu-kiànn
尪姨	ang-î
尪姨厝	ang-î-tshù
尪姨婆	ang-î-pô
尪姨順話尾	ang-î-sūn-uē-bué
尪婆	ang-pô
尪架桌	ang-kè-toh
尪聯	ang-liân
尪閣桌	ang-keh-toh
就任	tsiū-jīm
就位	tsiū-uī
就使	tsiū-sú
就倚	tsiū-uá
就勢	tsiū-sì
就地	tsiū-tē
就地取材	tsiū-tē-tshú-tsâi
就坐	tsiū-tsō
就學	tsiū-ha̍k
就寢	tsiū-tshím
就愛	tō-ài
就按呢	tsiū-án-ni
就是	tsiū-sī
就是白痴就是狂	tō-sī-pe̍h-tshi-tō-sī-kông
就會使	tsiu-ē-sái
就業	tsiū-gia̍p
就此	tsiū-tshú
就煞	tsiū-suah
就算	tsiū-sǹg
就範	tsiū-huān
就緊	tsiū-kín
就職	tsiū-tsit
就若	tsiū-nā
就著毋	tō-tio̍h-m̄
就讀	tsiū-tho̍k
就近	tsiūnn-kīn
就逮	tsiū-tāi
就醫	tsiū-i
就養	tsiū-iáng
尺仔磚	tshioh-á-tsng
尺度	tshioh-tōo
尺斗稱	tshioh-táu-tshìn
尺篙	tshioh-ko
尺頭	tshioh-thâu
尺骨	tshioh-kut
尻坦覆	ka-thán-phak
尻川	kha-tshng
尻川口	kha-tshng-kháu
尻川啦	kha-tshng-lah
尻川店	kha-tshng-tiàm
尻川後	kha-tshng-āu
尻川撓	kha-tshng-ngiau
尻川斗	kha-tshng-táu
尻川毛	kha-tshng-moo
尻川球	kha-tshng-kiû
尻川癢	kha-tshng-tsiūnn
尻川空	kha-tshng-khang
尻川窒	kha-tshng-that
尻川袂牢椅	kha-tshng-bē-tiâu-í
尻川門	kha-tshuinn-muî
尻川頭	kha-tshng-thâu
尻川骨	kha-tshng-kut
尻川鬥爍爁	kha-tshuinn-tàu-sih-nah
尻穿	kha-tshng
尻脊	kha-tsiah
尻脊岭	kha-tsiah-niā
尻脊後	kha-tsiah-āu
尻脊骨	kha-tsiah-kut
尻脊骿	kha-tsiah-phiann
尼克森	Nî-khik-sim
尼加拉瓜	Nî-ka-lá-kua
尼姑	nî-koo
尼姑做滿月	nî-koo-tsò-muá-gue̍h
尼姑庵	nî-koo-am
尼泊爾	Nî-po̍h-ní
尼龍	nî-liông
尾二名	bué-jī-miâ
尾二指	bué-jī-tsáinn
尾仔	bué-á
尾仔名	bué-á-miâ
尾仔囝	bué-á-kiánn
尾仔指	bué-á-tsáinn
尾仔算來	bué-á-sǹg-lâi
尾位	bué-uī
尾來	bué-lâi
尾口	bué-kháu
尾名	bué-miâ
尾囝	bué-kiánn
尾坐	bué-tsē
尾境	bué-kíng
尾尾	bué-bué
尾局	bué-kio̍k
尾岭骨	bué-niā-kut
尾工	bué-kang
尾帖藥	bué-thiap-io̍h
尾後	bué-āu
尾手	bué-tshiú
尾指	bué-tsáinn
尾指仔	bué-tsáinn-á
尾指指	bué-tsíng-tsáinn
尾指指仔	bué-tsíng-tsáinn-á
尾接	bué-tsiap
尾數	bué-sòo
尾日	bué-ji̍t
尾景	bué-kíng
尾暗仔	bué-àm-á
尾暗仔時	bué-àm-á-sî
尾暗矣	bué-àm-má
尾期	bué-kî
尾梢	bué-sau
尾椎	bué-tsui
尾椎骨	bué-tsui-kut
尾款	bué-khuán
尾步	bué-pōo
尾氣	bué-khuì
尾流	bué-lâu
尾溜	bué-liu
尾溜火	Bué-liu-hué
尾牙	bué-gê
尾班車	bué-pan-tshia
尾站	bué-tsām
尾結	bué-kiat
尾綴	bué-tuè
尾聲	bué-siann
尾胴骨	bué-tâng-kut
尾花芋	bué-hue-ōo
尾號	bué-hō
尾蝶	bué-ia̍h
尾蝶仔	bué-ia̍h-á
尾蝶花	bué-ia̍h-hue
尾蟯仔	bué-ngia̍uh-á
尾路	bué-lōo
尾身	bué-sin
尾運	bué-ūn
尾隨	bué-suî
尾面	bué-bīn
尾頭	bué-thâu
尾首	bué-siú
尿嘴	jiō-tshuì
尿壺	jiō-hôo
尿巾仔	jiō-kin-á
尿帕	jiō-phè
尿急	liō-kip
尿斗	jiō-táu
尿桶	jiō-tháng
尿桸	liō-hia
尿液	jiō-i̍k
尿燥	liō-sò
尿科	jiō-kho
尿管	jiō-kńg
尿緊	jiō-kín
尿脬	jiō-pha
尿苴仔	jiō-tsū-á
尿蜚	jiō-puī
尿袋	jiō-tē
尿道	jiō-tō
尿鈷	jiō-kóo
尿鱉	jiō-pih
尿𦉎	jiō-sui
尿𦉎棍仔	jiō-sui-kùn-á
局不局	kio̍k-put-kio̍k
局勢	kio̍k-sì
局外	kio̍k-guā
局外人	kio̍k-guā-lâng
局無的	kio̍k-bô-ê
局部	kio̍k-pōo
局長	kio̍k-tiúnn
局限	kio̍k-hān
局面	kio̍k-bīn
屁囝	phuì-kiánn
屁塞仔	phuì-that-á
屁窒仔	phuì-that-á
屁窒囡仔	phuì-that-gín-á
屁話	phuì-uē
屁面	phuì-bīn
屁面話	phuì-bīn-uē
居下風	ki-hā-hong
居中	ki-tiong
居住	ki-tsū
居功	ki-kong
居喪	ki-song
居士	ki-sū
居多	ki-to
居家	ki-ka
居家服務	ki-ka-ho̍k-bū
居心	ki-sim
居所	ki-sóo
居比路	Ku-pí-lōo
居民	ki-bîn
居留	ki-liû
居留權	ki-liû-kuân
居處	ki-tshù
居里	ki-lí
居間	ki-kan
屆時	kài-sî
屆滿	kài-muá
屈低	khut-kē
屈勢	khut-sì
屈原	Khut-guân
屈天理	khut-thinn-lí
屈就	khut-tsiū
屈尺	khut-tshioh
屈尺角	khut-tshioh-kak
屈手	khut-tshiú
屈拗	ut-áu
屈曲	khut-khiok
屈服	khut-ho̍k
屈枕	ut-tsím
屈棍球	khut-kùn-kiû
屈橋	khut-kiô
屈死	ut-sí
屈腰	khut-io
屈角	khut-kak
屈辱	khut-jio̍k
屈額	khut-gia̍h
屋久島	Ok-kiú-tó
屍骨	si-kut
屍體	si-thé
屎人	sái-lâng
屎仔空	sái-á-khang
屎啦	sái-lah
屎尾	sái-bué
屎尿	sái-jiō
屎尿布	sái-jiō-pòo
屎尿肥	sái-jiō-puî
屎尿裙	sái-jiō-kûn
屎撥	sái-puah
屎桮齒	sái-pue-khí
屎桶	sái-tháng
屎桶蓋	sái-tháng-kuà
屎殼螂	sái-khak-lông
屎水	sái-tsuí
屎滾	sái-kún
屎潑雨	sái-phuah-hōo
屎眥	sái-tsū
屎礐	sái-ha̍k
屎礐仔	sái-ha̍k-á
屎空	sái-khang
屎肚	sái-tōo
屎腹	sái-pak
屎虎	sái-hóo
屎蠅	sái-sîn
屎頭屎尾	sái-thâu-sái-bué
屎魚	sái-hî
屎龜蟲	Sái-ku-thâng
屏南	Pîng-lâm
屏堵	pîn-tóo
屏堵門	pîn-tóo-mn̂g
屏壁	pîn-piah
屏排	pîn-pâi
屏東	Pîn-tong
屏東市	Pîn-tong-tshī
屏東縣	Pîn-tong-kuān
屏枋	pîn-pang
屏牌	pîn-pâi
屏閘	pîn-tsa̍h
屏障	pîn-tsiòng
屏風	pîn-hong
屑仔	sap-á
屑屑仔	sut-sut-á
展一步	tián-tsi̍t-pōo
展出	tián-tshut
展功勞	tián-kong-lô
展功夫	tián-kang-hu
展勇	tián-ióng
展大	tián-tuā
展威	tián-ui
展威力	tián-ui-la̍t
展威形	tián-ui-hîng
展威風	tián-ui-hong
展寶	tián-pó
展寶文	tián-pó-bûn
展展出來	tián-tián-tshut-lâi
展工夫	tián-kang-hu
展延	tián-iân
展手路	tián-tshiú-lōo
展有空	tián-ū-khang
展望	tián-bōng
展本事	tián-pún-sū
展歌	tián-kua
展牙	tián-gê
展皇	tián-hông
展示會	tián-sī-huē
展空	tián-khang
展紅	tián-hông
展緩	thián-uān
展翅	thián-si̍t
展翼	thián-si̍t
展腳坐	thián-kha-tsē
展腳手	tián-kha-tshiú
展覽	tián-lám
展覽館	tián-lám-kuán
展譜	tián-phóo
展身勢	tián-sin-sì
展金金	thián-kim-kim
展開	thián-khui
展限	thián-ān
展風神	tián-hong-sîn
屘仔	ban-á
屘仔囝	ban-á-kiánn
屘叔	ban-tsik
屘叔仔	ban-tsik-á
屘囝	ban-kiánn
屘妗	ban-kīm
屘姑	ban-koo
屘姨	ban-î
屘嬸	ban-tsím
屘舅	ban-kū
屜仔	thuah-á
屜抽	thuah-thiu
屜紐	thuah-liú
屠刀	tôo-to
屠夫	tôo-hu
屠宰	tôo-tsáinn
屠宰場	tôo-tsái-tiûnn
屠殺	tóo-sat
屠殺場	tóo-sat-tiûnn
屢屢	luí-luí
層出不窮	tsân-tshut-put-kîng
層次	tsân-tshù
層雲	tsân-hûn
層面	tsân-bīn
履歷	lí-li̍k
履歷表	lí-li̍k-pió
履約	lí-iok
履行	lí-hîng
履行義務	lí-hîng-gī-bū
屧暗烏	siap-àm-oo
屬下	sio̍k-hā
屬佇	sio̍k-tī
屬單字	sio̍k-tan-jī
屬國	sio̍k-kok
屬地	sio̍k-tē
屬實	sio̍k-si̍t
屬性	sio̍k-sìng
屬於	sio̍k-î
屬託	sio̍k-thok
屯兵	tūn-ping
屯聚	tūn-tsū
山下	suann-ē
山丘	suann-tsiu
山串藤	suann-tshuàn-tîn
山丹花	suann-tan-hue
山人	san-jîn
山仔	suann-á
山仔港	Suann-á-káng
山仔跤	Suann-á-kha
山仙楂	suann-sian-tsa
山倯	suann-sông
山兔	suann-thòo
山內	suann-lāi
山內人	suann-lāi-lâng
山冬瓜	suann-tang-kue
山剌	suann-lua̍h
山勢	suann-sì
山厚活	suann-kāu-ua̍h
山古鱉	suann-kóo-pih
山味	suann-bī
山呼相	suann-hoo-siunn
山嘴口	suann-tshuì-kháu
山園	suann-hn̂g
山圓	suann-înn
山土豆	suann-thôo-tāu
山地	suann-tē
山地門	Suann-tē-mn̂g
山地門鄉	Suann-tē-mn̂g-hiong
山坑	suann-khenn
山坑仔	suann-khenn-á
山坡	suann-pho
山坡地	suann-pho-tē
山坪	suann-phiânn
山坪仔	suann-phiânn-á
山垵	suann-uann
山城	suann-siânn
山埒	suann-lua̍h
山埔	suann-poo
山埔姜	suann-poo-kiunn
山埔崙	suann-poo-lūn
山埔根	suann-poo-kin
山埔銀	suann-poo-gîn
山埔鹽	suann-poo-iâm
山場	suann-tiûnn
山塗豆	suann-thôo-tāu
山壁	suann-piah
山大丹	suann-tuā-tan
山大人	suann-tuā-lâng
山奈	suann-nāi
山姆	San-ḿ
山娘仔	suann-niû-á
山寨	suann-tsē
山寺	san-sī
山尖	suann-tsiam
山尾	suann-bué
山尾尖	suann-bué-tsiam
山尾溜	suann-bué-liu
山岩	suann-giâm
山岭	suann-niā
山岳	suann-ga̍k
山峰	suann-hong
山崁	suann-khàm
山崁底	suann-khàm-té
山崁腳	suann-khàm-kha
山崎	suann-kiā
山崙	suann-lūn
山崙仔	suann-lūn-á
山嶺	suann-niá
山嶼	suann-sū
山嶽	suann-ga̍k
山巖	suann-gâm
山川	san-tshuan
山布鳥	san-pòo-tsiáu
山後鳥	suann-āu-tsiáu
山慈姑	suann-tsû-koo
山懸	suann-kuâinn
山懸水牛大	suann-kuân-tsuí-gû-tuā
山斑鳩	suann-pan-khiu
山明水秀	san-bîng-tsuí-siù
山暗光	suann-àm-kong
山杉	suann-sam
山東	Suann-tang
山東梨	suann-tang-lâi
山東白仔	suann-tang-pe̍h-á
山東省	Suann-tang-síng
山東綢	suann-tang-tiû
山東菜	suann-tang-tshài
山松	suann-tshîng
山松柏	suann-tshîng-peh
山枇杷	suann-gî-pê
山林	suann-nâ
山柑	suann-kam
山查鋟	sian-tsa-tshiám
山柿仔	suann-khī-á
山根龍	suann-kin-lîng
山桂花	suann-kuì-hue
山桃仔	suann-thô-á
山梔	suann-kinn
山棕	suann-tsang
山棕貓	suann-tsang-niau
山棧花	suann-tsàn-hue
山楂	san-tsa
山楊麻	suann-iûnn-muâ
山榕	suann-tshîng
山檨仔	suann-suāinn-á
山檳榔	suann-pin-nn̂g
山櫻桃	suann-ing-thô
山櫻花	suann-ing-hue
山欖	suann-lám
山歌	san-ko
山母	suann-bó
山毛	suann-mn̂g
山水	suann-tsuí
山水柳	suann-tsuí-liú
山河	suann-hô
山洞	suann-tōng
山洪	suann-hông
山洿	suann-u
山溝	suann-kau
山溪仔水	suann-khe-á-tsuí
山漆	suann-tshat
山火	suann-hué
山烏珠	suann-oo-tsu
山烏虹	suann-oo-khīng
山烏鶖	suann-oo-tshiu
山煙草	suann-hun-tsháu
山熊	suann-hîm
山牛	suann-gû
山牛奶	suann-gû-ling
山牛犅	suann-gû-káng
山獐	suann-kiunn
山獺	suann-thuah
山王萊	suann-ông-lâi
山珍海錯	san-tin-hái-tshò
山球	suann-kiû
山瑞香	suann-suī-hiong
山瑪魚	suann-bé-hî
山瓜	suann-kue
山瓜菜	suann-kue-tshài
山甘草	suann-kam-tshó
山產	suann-sán
山產品	suann-sán-phín
山產物	suann-sán-bu̍t
山田	suann-tshân
山發	suann-huat
山白菜	suann-pe̍h-tshài
山相思	suann-siunn-si
山短	san-té
山石榴	suann-sia̍h-liû
山神	suann-sîn
山禽	suann-khîm
山秀英	suann-siù-ing
山空	suann-khang
山空內	suann-khang-lāi
山窟	suann-khut
山窩	suann-o
山窮海竭	san-khîng-hái-kiat
山竹	suann-tik
山粉圓	suann-hún-înn
山粉鳥	suann-hún-tsiáu
山精	suann-tsiann
山紅柿	suann-âng-khī
山紅棗	suann-âng-tsó
山素英	suann-sòo-ing
山縫	suann-phāng
山羊	suann-iûnn
山羊仔	suann-iûnn-á
山羊耳	suann-iûnn-hīnn
山羌	suann-kiunn
山肉桂	suann-jio̍k-kuì
山肉豆	suann-bah-tāu
山胞	suann-pau
山胡椒	suann-hôo-tsio
山脈	suann-me̍h
山脊	suann-tsit
山腰	suann-io
山腳	suann-kha
山腳尖	suann-kha-tsiam
山腹	suann-pak
山臭樟	suann-tshàu-tsiunn
山芋	suann-ōo
山芎蕉	suann-kin-tsio
山芒	suann-bang
山芙蓉	suann-phû-iông
山芥菜	suann-kuà-tshài
山芹菜	suann-khîn-tshài
山苦桃	suann-khóo-thô
山苦楝	suann-khóo-līng
山苦瓜	suann-khóo-kue
山茄	suann-kiô
山茄報	suann-kiô-pò
山茭破	suann-ka-phuà
山茱萸	suann-tsu-jû
山茶	suann-tê
山茼蒿	suann-tâng-o
山草	suann-tsháu
山荖葉	suann-láu-hio̍h
山莊	san-tsong
山菁	suann-tshinn
山菅蘭	suann-kuann-lân
山菊花	suann-kiok-hue
山菜豆	suann-tshài-tāu
山菠薐	suann-pue-lîng
山萵仔菜	suann-ue-á-tshài
山葡萄	suann-pô-tô
山蒜頭	suann-suàn-thâu
山蕉	suann-tsio
山蕨貓	suann-keh-niau
山薑	suann-kiunn
山薯	suann-tsî
山藍	suann-lâm
山藥	suann-io̍h
山藥薯	suann-io̍h-tsî
山蘿蔔	suann-lô-po̍k
山虹	suann-khīng
山蚊母	suann-bûn-bó
山蠶	suann-tshâm
山裡花	suann-lí-hue
山西	Suann-se
山西省	Suann-sai-síng
山觳	suann-khok
山谷	suann-kok
山豪鼠	suann-hô-tshí
山豬	suann-ti
山豬毛	Suann-ti-mn̂g
山豬毛鄉	Suann-ti-mn̂g-hiong
山豬肉	suann-ti-bah
山豬肝	suann-ti-kuann
山貓	suann-niau
山賊	suann-tsha̍t
山路	suann-lōo
山轎	suann-kiō
山道	suann-tō
山邊	suann-pinn
山野	suann-iá
山金針	suann-kim-tsiam
山鉸剪	suann-ka-tsián
山鐵摔	suann-thih-sut
山門	suann-muî
山院	suann-īnn
山陵	suann-niā
山隙	suann-khiah
山雞	suann-ke
山霧	suann-bôo
山頂	suann-tíng
山頂人入街	suann-tíng-lâng-ji̍p-ke
山頂尾	suann-tíng-bué
山頂尾溜	suann-tíng-bué-liu
山頭	suann-thâu
山頭仔	suann-thâu-á
山頭嶺尾	suann-thâu-niá-bué
山頭擴尾	suann-thâu-khok-bué
山頭落廓尾	suann-thâu-lo̍k-khok-bué
山頭鹿角尾	suann-thâu-lo̍k-kak-bué
山香	suann-hiunn
山馬薯	suann-bé-tsî
山馬蹄	suann-bé-tê
山鬼	suann-kuí
山魈	sam-siau
山鰱仔	suann-liân-á
山鱟	suann-hāu
山鳳尾	suann-hōng-bué
山鴗	suann-li̍p
山鷓鴣	suann-tsià-koo
山鹽	suann-iâm
山鹽婆	suann-iâm-pô
山鹽豉	suann-iâm-sînn
山鹽酸	suann-iâm-sng
山鹽青	suann-iâm-tshenn
山麻仔	suann-muâ-á
山麻草	suann-muâ-tsháu
山麻雀	suann-muâ-tshiok
山黃梔	suann-n̂g-kinn
山黃麻	suann-n̂g-muâ
山鼠	suann-tshí
山鼻仔	Suann-phīnn-á
山龍	suann-lîng
山龍眼	suann-lîng-gíng
山龜	suann-ku
屹立	kit-li̍p
岌岌可危	gi̍p-gi̍p-khó-guî
岐阜	Kî-hū
岐阜縣	Kî-hū-kuān
岑仔	gám-á
岔路口	tshe-lōo-kháu
岡山	Kong-san
岩公	giâm-kong
岩層	giâm-tsân
岩桐	gâm-tông
岩洞	gâm-tōng
岩漿	gâm-tsiunn
岩漿岩	gâm-tsiunn-giâm
岩熔	gâm-iûnn
岩石	gâm-tsio̍h
岩色	gâm-sik
岩鹽	gâm-iâm
岱山	Tāi-san
岳母	ga̍k-bó
岳父	ga̍k-hū
岳陽	Ga̍k-iông
岳飛	Ga̍k-hui
岸上	huānn-siāng
岸索	huānn-soh
岸邊	huānn-pinn
峇厘	bâ-lî
峇吻	bâ-bún
峇嗖嗖	bā-sngh-sngh
峇峇仔	bâ-bâ-á
峇斗	bā-táu
峇里	Bâ-lí
峇里島	Bâ-lí-tó
峭槽	tshiò-tsô
峭脊	tshio-tsit
峭角	tshio-kak
峰迴路轉	hong-huê-lōo-tsuán
島國	tó-kok
島嶼	tó-sū
島嶼天光	tó-sū-thinn-kng
島民	tó-bîn
崁一張牌共這回合結束	khàm-tsi̍t-tiunn-pâi-kā-tsit-huê-ha̍p-kiat-sok
崁下	khàm-hā
崁仔跤	khàm-á-kha
崁步	khàm-pōo
崁浮輪	khàm-phû-lián
崁火鍋	khàm-hué-ko
崁瑕膏	khàm-hâ-ko
崁耳仔帽	khàm-hīnn-á-bō
崁腳	khàm-kha
崁蓋	khàm-kuà
崁跤	khàm-kha
崁面	khàm-bīn
崁頂	khàm-tíng
崁頭鴨	Khàm-thâu-ah
崇光	Tsông-kong
崇尚	tsông-siōng
崇德	Tsông-tik
崇拜	tsông-pài
崇高	tsông-ko
崎仔棧	kiā-á-tsàn
崎嘴	kiā-tshuì
崎坡	kiā-pho
崎壁	kiā-piah
崎崙	kiā-lūn
崎度	kiā-tōo
崎路	kiā-lōo
崎頂	kiā-tíng
崑山	khun-san
崑曲	Khun-khik
崗位	kang-uī
崙仔	lûn-á
崙仔頂	lūn-á-tíng
崙背	Lûn-puē
崛起	ku̍t-khí
崩去	pang-khì
崩坪	pang-phiânn
崩塌	pang-thap
崩山	pang-suann
崩岸	pang-huānn
崩崁	pang-khàm
崩心	pang-sim
崩敗	pang-pāi
崩敗家	pang-pāi-ke
崩敗爺	pang-pāi-iâ
崩漏	phing-lāu
崩潰	phing-huì
崩疶	pang-tshuah
崩盤	pang-puânn
崩裂	phing-lia̍t
崩陷	pang-hām
崩隙	pang-khiah
崩雪	pang-seh
嵁硈	khâm-khia̍t
嵊州	Sīng-tsiu
嵊泗	Sī͘ng-sù
嵌頭屋	Khàm-thâu-ok
嵩重油	siong-tiōng-iû
嶄巖	tsâm-gâm
嶄然	tsám-jiân
嶺南	Líng-lâm
嶺東	Niá-tang
嶺脊	niá-tsit
嶺路	niá-lōo
嶺頂	niá-tíng
嶺頭	niá-thâu
巉價	tsàm-kè
巉岩	tsâm-giâm
巒大杉	luân-tuā-sam
巔峰	tian-hong
川七	tshuan-tshit
川仔溝	tshuan-á-kau
川堂	tshuan-tn̂g
川普	Tshuan-phóo
川殼	tshuan-khak
川泡桐	tshuan-phàu-tông
川芎	tshuan-kiong
川菜	tshuan-tshài
川貝枇杷膏	tshuan-puè-gî-pê-ko
州仔	tsiu-á
州長	tsiu-tiúnn
巡境	sun̂-kíng
巡墓	sûn-bōng
巡官	sûn-kuann
巡察	sûn-tshat
巡山	sûn-suann
巡庄	sûn-tsng
巡撫	sûn-bú
巡暝	sûn-mê
巡查	sûn-tsa
巡洋	sûn-iûnn
巡洋艦	sûn-iûnn-lām
巡灰	sûn-hue
巡禮	sûn-lé
巡緝	sûn-tsip
巡視	sûn-sī
巡迴	sûn-huê
巡迴車	sûn-huê-tshia
巡邏	sûn-lô
巡防	sûn-hông
巡防艦	sûn-hông-lām
工事	kang-sū
工人	kang-lâng
工作	kang-tsok
工作室	kang-tsok-sik
工作會	kang-tsok-huē
工作證	kang-tsok-tsìng
工倍功半	kang-puē-kong-puànn
工兵	kang-ping
工具	kang-khū
工具冊	kang-kū-tsheh
工具機	kang-khū-ki
工具間	kang-khū-king
工務	kang-bū
工務局	Kang-bū-kio̍k
工半功倍	kang-puànn-kong-puē
工友	kang-iú
工商時報	Kang-siong-sî-pò
工商業	kang-siong-gia̍p
工商界	kang-siong-kài
工地	kang-tē
工場	kang-tiûnn
工夫	kang-hu
工夫人	kang-hu-lâng
工夫卵	kang-hu-nn̄g
工夫病	kang-hu-pēnn
工學院	kang-ha̍k-īnn
工寮	kang-liâu
工專	kang-tsuan
工尺	kong-tshe
工廠	kang-tshiáng
工情	kang-tsîng
工時	kang-sî
工會	kang-huē
工本費	kang-pún-huì
工業	kang-gia̍p
工業化	kang-gia̍p-huà
工業區	kang-gia̍p-khu
工業國	kang-gia̍p-kok
工業國家	kang-gia̍p-kok-ke
工業局	Kang-gia̍p-kio̍k
工業技術學院	Kang-gia̍p-ki-su̍t-ha̍k-īnn
工業界	kang-gia̍p-kài
工業社會	kang-gia̍p-siā-huē
工業設計	kang-gia̍p-siat-kè
工業革命	Kang-gia̍p-kik-bīng
工研院	Kang-gián-īnn
工礦	kang-khòng
工科	kang-kho
工程	kang-tîng
工程數學	kang-tîng-sòo-ha̍k
工筆	kang-pit
工聯	kang-liân
工職	kang-tsit
工腳仔	kang-kioh-á
工藝	kang-gē
工藝品	kang-gē-phín
工課	kang-khuè
工課路	khang-khuè-lōo
工讀生	kang-tho̍k-sing
工資	kang-tsu
工部	Kang-pōo
工錢	kang-tsînn
工頭	kang-thâu
工黨	kang-tóng
左側	tsó-tshik
左右	tsó-iū
左右手	tsó-iū-tshiú
左右為難	tsó-iū-uî-lân
左右鄰	tsó-iū-lîn
左旁	tsó-pîng
左派	tsó-phài
左營	Tsó-iânn
左翼	tsó-i̍k
左輪	tsó-lûn
左鎮	Tsó-tìn
巧人	khiáu-lâng
巧克力	khiáu-khik-li̍k
巧利	khiáu-lāi
巧勢	khiáu-sì
巧司購	Khá-su-kòo
巧合	khá-ha̍p
巧塊塊	khiáu-teh-teh
巧士購	Khá-sū-kòo
巧奇	khá-kî
巧妙	khiáu-biāu
巧婦鳥	kháu-hū-tsiáu
巧巧人	khiáu-khiáu-lâng
巧思	khá-su
巧怪	khá-kuài
巧所	kháu-sóo
巧手機仔	khiáu-tshiú-ki-á
巧機仔	khiáu-ki-á
巧步	khá-pōo
巧氣	khá-khì
巧氣病	kháu-khì-pēnn
巧神	khiáu-sîn
巧虎	khiáu-hóo
巧裝	khiáu-tsng
巧言	kháu-giân
巧話	khá-uē
巧路	khiáu-lōo
巧遇	khiáu-gū
巧頭	khiáu-thâu
巧骨	khiáu-kut
巨人	kī-lâng
巨人類	kī-jîn-luī
巨匠	kī-tshiūnn
巨型	kī-hîng
巨大	kī-tāi
巨幅	kī-pak
巨星	kī-tshenn
巨款	kī-khuán
巨浪	kī-lōng
巨無霸	kī-bû-pà
巨蟹	Kī-hē
巨資	kī-tsu
巨量	kī-liāng
巨響	kī-hiáng
巨頭	kī-thâu
巨額	kī-gia̍h
巫醫	bû-i
差一天地	tsha-tsi̍t-thinn-tē
差一氣	tsha-tsi̍t-khuì
差不多	tsha-put-to
差使	tshe-sái
差價	tsha-kè
差別	tsha-pia̍t
差勢	tsha-sì
差叫	tshe-kiò
差味	tsua̍h-bī
差大碼	tsha-tuā-bé
差小可	tsha-sió-khuá
差役	tshe-ia̍h
差教	tshe-kah
差旅費	tshe-lí-huì
差氣	tsha-khuì
差派	tshe-phài
差淡薄仔	tsha-tām-po̍h-á
差無偌	tsha-bô-luā
差用	tshe-īng
差異	tsha-īnn
差誤	tsha-ngōo
差距	tsha-kī
差遣	tshe-khián
差錯	tsha-tshò
差額	tsha-gia̍h
己亥	kí-hāi
己見	kí-kiàn
已婚	í-hun
已然	í-jiân
已經	í-king
已經過定	ik-ing-kuè-tiānn
巳時	tsī-sî
巴仙掌	pa-sian-tsiúnn
巴克禮	Pa-khik-lé
巴刀	pa-to
巴勒斯坦	Pa-li̍k-su-thán
巴哈	Pa-ha
巴喜	Pa-hí
巴圇	pa-lûn
巴圇吞	pa-lûn-thun
巴圇哺草	pa-lûn-pōo-tsháu
巴國	Pa-kok
巴基斯坦	Pa-ki-su-thàn
巴塞隆納	Pa-sài-liông-la̍p
巴壟衛	Pa-lóng-ué
巴士	bá-suh
巴大蛾仔	Pa-tuā-ia̍h-á
巴弄	pa-lang
巴拉圭	Pa-lá-kui
巴拿馬	Pa-ná-má
巴掌	pa-tsiúnn
巴林	Pa-lîm
巴格達	Pa-keh-ta̍t
巴比倫	Pa-pí-lûn
巴籠魚	pa-lang-hî
巴糊仔	pa-kôo-á
巴結	pa-kiat
巴絡	pa-le
巴脊	pa-tsiah
巴落	Pa-la̍uh
巴西	Pa-se
巴豆	pa-tāu
巴銳	pa-luē
巴黎	Pa-lê
巷仔	hāng-á
巷仔內	hāng-á-lāi
巷仔內个	hāng-á-lāi-ê
巷仔口	hāng-á-kháu
巷仔頭	hāng-á-thâu
巷尾	hāng-bué
巷廊	hāng-lông
巷弄	hāng-lōng
巷街	hāng-ke
巷路	hāng-lōo
巾幗	kin-kok
市中心	tshī-tiong-sim
市仔	tshī-á
市價	tshī-kè
市內	tshī-lāi
市公所	tshī-kong-sóo
市區	tshī-khu
市地	tshī-tē
市場	tshī-tiûnn
市外	tshī-guā
市委	tshī-uí
市容	tshī-iông
市府	tshī-hú
市政	tshī-tsìng
市政府	tshī-tsìng-hú
市政廳	Tshī-tsìng-thiann
市民	tshī-bîn
市況	tshī-hóng
市立	tshī-li̍p
市立療養院	Tshī-li̍p-liâu-iáng-īnn
市草	tshī-tsháu
市草䆀	tshī-tsháu-bái
市議員	tshī-gī-uân
市議會	Tshī-gī-huē
市郊	tshī-kau
市鎮	tshī-tìn
市長	tshī-tiúnn
市集	tshī-tsi̍p
市面	tshī-bīn
市黨部	Tshī-tóng-pōo
布丁	pòo-ting
布丈	pòo-tn̄g
布交	pòo-kau
布宜諾斯	Pòo-gî-lo̍k-su
布尪仔	pòo-ang-á
布尾	pòo-bué
布尾仔	pòo-bué-á
布布	pòo-pòo
布帆	pòo-phâng
布幅	pòo-pak
布幕	pòo-bōo
布店	pòo-tiàm
布扎	pòo-tsat
布扎仔	pòo-tsat-á
布拖仔	pòo-thua-á
布指	pòo-tsáinn
布掛仔	pòo-kuà-á
布搭	pòo-tah
布攄仔	pòo-lu-á
布料	pòo-liāu
布景	pòo-kíng
布朗	Pòo-lang
布札仔	pòo-tsat-á
布枋	pòo-pang
布條	pòo-liâu
布條仔	pòo-liâu-á
布棚	pòo-pênn
布機	pòo-kui
布瓜	pòo-kue
布目	pòo-ba̍k
布碎	pòo-tshuì
布碎仔	pòo-tshuì-á
布篷	pòo-phâng
布篷厝	pòo-phâng-tshù
布簾	pòo-lî
布籬仔	pòo-lî-á
布行	pòo-hâng
布袋	pòo-tē
布袋喙	Pòo-tē-tshuì
布袋戲	pòo-tē-hì
布袋竹	pòo-tē-tik
布袋蓮	pòo-tē-liân
布袋針	pòo-tē-tsiam
布袋鳥	pòo-tē-tsiáu
布袋鵝	pòo-tē-gô
布袋鼠	pòo-tē-tshí
布裏	pòo-lí
布身	pòo-sin
布農族	Pòo-lông-tso̍k
布達佩斯	Pòo-ta̍t-phuè-su
布達拉宮	pòo-ta̍t-la-king
布里斯托	pòo-lí-su-thok
布里斯瑪	pòo-lí-su-má
布鈕	pòo-liú
布門	pòo-mn̂g
布鞋	pòo-ê
布鞋仔	pòo-ê-á
布鞋底	pòo-ê-té
布頭	pòo-thâu
布頭布尾	pòo-thâu-pòo-bué
帆厝	phâng-tshù
帆布	phâng-pòo
帆布袋仔	phâng-pòo-tē-á
帆船	phâng-tsûn
希伯來	Hi-pik-lâi
希有	hi-iú
希望	hi-bāng
希特勒	Hi-ti̍k-li̍k
希臘	Hi-lia̍p
帕仔	phè-á
帕仔巾	phè-á-kin
帕仔裝	phè-á-tsong
帕嬰仔	phè-enn-á
帕尾	phè-bué
帕後斗	phè-āu-táu
帕手	phè-tshiú
帖仔	thiap-á
帛琉	Pe̍k-liû
帝制	tè-tsè
帝君	tè-kun
帝嚳	Tè-khok
帝國	té-kok
帝堯	Tè-giâu
帝王	tè-ông
帝王蜂	tè-ông-phang
帝舜	Tè-sùn
帝鐘	tè-tsing
師丈	su-tiūnn
師事	su-sū
師仔工	sai-á-kang
師傅	sai-hū
師兄	sai-hiann
師團	sai-thuân
師大	Su-tāi
師妹	su-muē
師姑	sai-koo
師專	Su-tsuan
師尊	su-tsun
師母	su-bó
師法	su-huat
師父	su-hū
師父工	sai-hū-kang
師爺	su-iâ
師生	su-sing
師範	su-huān
師範大學	Su-huān-tāi-ha̍k
師範學院	su-huān-ha̍k-īnn
師翁	su-ong
師資	su-tsu
師長	su-tiúnn
師院	su-īnn
席位	si̍k-uī
席次	si̍k-tshù
帳務	siàu-bū
帳帷	tiùnn-uî
帳幕	tiùnn-bōo
帳房	tiùnn-pâng
帳棚	tiùnn-pînn
帶仔蟲	tuà-á-thâng
帶佇	tuà-tī
帶傷	tài-siong
帶動	tài-tōng
帶原	tài-guân
帶喪孝	tuà-sng-hà
帶天路	tuà-thinn-lōo
帶孝	tuà-hà
帶孤鸞	tài-koo-luân
帶官符	tuà-kuann-hû
帶家齣	tuà-ka-tshut
帶屎	tài-sái
帶帶著	tài-tài-tio̍h
帶念	tài-liām
帶憂容	tài-iu-iông
帶懷	tuà-kuī
帶手	tuà-tshiú
帶暗貴	tài-àm-kuì
帶暝	tuà-mê
帶有	tài-iú
帶歇	tuà-hioh
帶疑	tài-gî
帶疾	tài-tsi̍t
帶病	tài-pēnn
帶病入境	tuà-pēnn-ji̍p-kíng
帶症	tài-tsìng
帶症頭	tài-tsìng-thâu
帶白	tuà-pe̍h
帶著	tài-tio̍h
帶衰	tài-sue
帶衰人	tài-sue-lâng
帶衰旺	tài-sue-ōng
帶路	tài-lōo
帶身	tuà-sin
帶身人	tuà-sin-lâng
帶身命	tài-sin-miā
帶野馬	tài-iá-bé
帶隊	tuà-tuī
帶霜孝	tuà-sng-khau
帶領	tài-niá
帶飯	tuà-pn̄g
常在	tshîng-tshāi
常委會	Siông-uí-huē
常山	siông-san
常山尼	siông-san-lî
常常	siâng-siâng
常年	siông-nî
常春藤	siông-tshun-tîng
帽仔	bō-á
帽仔墘	bō-á-kînn
帽仔沿	bō-á-iân
帽唇	bō-tûn
幅員	hok-uân
幅度	hok-tōo
幌中秋	hàinn-tiong-tshiu
幌動州	hàinn-tōng-tsiu
幌囉唆	hāinn-ló-sō
幌掉	hìnn-tiāu
幌栱鞦	hàinn-kông-tshiu
幌盪鞦	hàinn-tōng-tshiu
幌籃仔	hàinn-nâ-á
幌籮仔	hàinn-lô-á
幌跤	hàinn-kha
幌韆鞦	hàinn-tshian-tshiu
幌頭	hàinn-thâu
幌頭仔	hàinn-thâu-á
幌𡳞	hàinn-lān
幔山	mua-suann
幔巾	mua-kin
幔衫	mua-sann
幕僚	bōo-liâu
幕府	bōo-hú
幢幡	tōng-huan
幣值	pè-ti̍t
幣制	pē-tsē
幫一份	png-tsi̍t-hūn
幫保	pang-pó
幫兇	pang-hiong
幫助	pang-tsōo
幫忙	pang-bâng
幫手	pang-tshiú
幫扎	pang-tsah
幫敗	pang-pāi
幫會	pang-huē
幫浦	phàng-phuh
幫補	pang-póo
幫貼	pang-thiap
幫贊	pang-tsān
幫辦	pang-pān
幫闊	png-khuah
干仔霧	Kan-á-bū
干休	kan-hiu
干係	kan-hē
干單	kan-nā
干單伸	kan-ta-tshun
干單到	kan-ta-kàu
干單是	kan-ta-sī
干單有	kan-tann-ū
干單欠	kan-ta-khiàm
干干	kan-kan
干戈	kan-ko
干政	kan-tsìng
干於	kan-î
干樂	kan-lo̍k
干樂踅啊踅	kan-lo̍k-se̍h-ah-se̍h
干涉	kan-sia̍p
干烏	kan-oo
干焦會	kan-na-ē
干焦會當	kan-tann-ē-tàng
干瘺	kan-lāu
干礁	kan-ta
干礁急	kan-ta-kip
干礁欲	kan-ta-bueh
干礙	kan-gāi
干經	kan-kenn
干花	kan-hue
干證	kan-tsìng
干豆	Kan-tāu
干貝	kan-puè
干轆	kan-lo̍k
干連	kan-liân
干過	kan-kuè
干邑	Kan-ip
干邑物蘭池	Kan-ip-Bu̍t-lân-tî
干針	kan-tsiam
干阿達	Kan-o-ta̍t
干預	kan-ī
干食	kan-tsia̍h
平亂	pîng-luān
平交道	pîng-kau-tō
平仄	piânn-tseh
平份	pênn-hūn
平信	pîng-sìn
平倒盆	pênn-tó-phûn
平倒轉	pîng-tò-tńg
平價	pênn-kè
平光鏡	pîng-kng-kiànn
平凡	pîng-huân
平分	pênn-pun
平劇	pîng-ki̍k
平厝仔	pênn-tshù-á
平原	pîng-guân
平反	pîng-huán
平和	pîng-hô
平和曬熏	Bîng-hô-sài-hun
平地	pênn-tē
平地人	pênn-tē-lâng
平均	pîng-kin
平均值	pîng-kin-ta̍t
平均功率	pîng-kun-kong-lu̍t
平均加速度	pîng-kun-ka-sok-tōo
平均數	pîng-kin-sòo
平均速度	pîng-kin-sok-tōo
平均速率	pîng-kin-sok-lu̍t
平坐徛	pênn-tsē-khiā
平坡	pênn-pho
平坡坡	pênn-pho-pho
平坦	pênn-thánn
平坦坦	pênn-thánn-thánn
平埔	pênn-poo
平埔族	pênn-poo-tso̍k
平報盆	pênn-pò-phûn
平大	pênn-tuā
平安	pîng-an
平安夜	pîng-an-iā
平安時代	Pîng-an-Sî-tāi
平安無事	pîng-an-bô-sū
平安醮	pîng-an-tsiò
平定	pîng-tīng
平家厝	pênn-ke-tshù
平實	pîng-si̍t
平屋	pîng-ok
平差數逝	pêⁿ-chha-sò͘-chōa
平常	pîng-siông
平常人	pîng-siông-lâng
平常年	pîng-siông-nî
平常時	pîng-siâng-sî
平平	pênn-pênn
平平安安	pîng-pîng-an-an
平幼幼	pênn-iù-iù
平快	pîng-khuài
平息	pîng-sik
平手	pênn-tshiú
平抑	pîng-ik
平抵撐	pênn-tú-thing
平抵直	pênn-tú-ti̍t
平抵過	pênn-tú-kuè
平排	pênn-pâi
平方	pîng-hong
平方公分	pîng-hong-kong-hun
平方根	pîng-hong-kun
平日	pîng-ji̍t
平時	pîng-sî
平本	phînn-pún
平板	pîng-pán
平枋電腦	pênn-pang-tiān-náu
平林	pênn-nâ
平棒	pênn-pāng
平正	pênn-tsiànn
平正論	pênn-tsiànn-lūn
平步青雲	pîng-pōo-tshenn-hûn
平歲	pênn-huè
平比數逝	pêⁿ-pí-sò͘-chōa
平民	pîng-bîn
平洋	pênn-iûnn
平洋曠土	pîng-iông-khòng-thóo
平淡	pîng-tām
平湖	Pîng-ôo
平溜溜	pênn-liu-liu
平溪	Pîng-khe
平潭	Pîng-thâm
平潭縣	Pîng-thâm-kuān
平濟歲	pênn-tsē-huè
平生	pîng-sing
平看	pênn-khuànn
平穩	pîng-ún
平等	pîng-tíng
平等互惠	pîng-tíng-hōo-huī
平等待遇	pîng-tíng-thāi-gū
平素時	pîng-sòo-sî
平緩	pîng-uān
平聲	piânn-siann
平般樣	pênn-puann-iūnn
平行	pênn-kiânn
平行時空	pîng-hîng-sî-khong
平衡	pênn-hîng
平衡感	pîng-hîng-kám
平路	pênn-lōo
平車車	pênn-tshia-tshia
平輩	pênn-puè
平過	pênn-kuè
平重	pênn-tāng
平鎮	Pîng-tìn
平鎮區	Pîng-tìn-khu
平陽	pênn-iûnn
平靜	pîng-tsīng
平面	pênn-bīn
平順	pîng-sūn
平鼻仔	pênn-phīnn-á
平齊	pênn-tsê
年久失修	liân-kiú-sit-siu
年事	nî-sū
年事已高	nî-sū-í-ko
年仔	nî-á
年代	nî-tāi
年來	nî-lâi
年倚	nî-uá
年假	nî-ká
年兜	nî-tau
年兜暗	nî-tau-àm
年兜邊	nî-tau-pinn
年共月	nî-kāng-gue̍h
年冬	nî-tang
年分	nî-hun
年初	nî-tshue
年利率	nî-lī-lu̍t
年勻	nî-ûn
年報	nî-pò
年夜飯	nî-iā-pn̄g
年尾	nî-bué
年巡	nî-sûn
年年偆	nî-nî-tshun
年年春	nî-nî-tshun
年幼	nî-iù
年底獎金	nî-té-tsióng-kim
年度	nî-tōo
年後	nî-āu
年息	nî-sik
年拄年	nî-tú-nî
年數	nî-sòo
年旬	nî-sûn
年旬真好	nî-sûn-tsin-hó
年時	nî-sî
年會	nî-huē
年柑	nî-kam
年次	nî-tshù
年歲	nî-huè
年歲大	nî-huè-tuā
年歲有	nî-huè-ū
年獸	nî-siù
年率	nî-lu̍t
年禮	nî-lé
年節	nî-tseh
年節墘	nî-tseh-kînn
年節時	nî-tseh-sî
年紀	nî-kí
年紀輕	nî-kì-khin
年級	nî-kip
年老	nî-lāu
年菜	nî-tshài
年華	nî-huâ
年薪	nî-sin
年號	nî-hō
年表	nî-pió
年貨	nî-huè
年資	nî-tsu
年輕	nî-khin
年輕貌美	nî-khin-māu-bí
年輪	liân-lûn
年逢	nî-hông
年金	liân-kim
年金改革	nî-kim-kái-kik
年鑑	liân-kàm
年長	nî-tióng
年閣	nî-kō
年關	nî-kuan
年限	nî-hān
年頭	nî-thâu
年頭到年尾	ni-thâu-kàu-nî-bué
年魚	nî-hî
年齡	liân-lîng
年齡制限	liân-lîng-tsè-hān
幸得	hīng-tit
幸福	hīng-hok
幹事	kàn-sū
幹大乾坤	kàn-tuā-khiân-khun
幹尻川	kàn-kha-tshng
幹當	kàn-tǹg
幹當難	kàn-tǹg-lān
幹線	kàn-suànn
幹練	kàn-liān
幹道	kàn-tō
幹部	kàn-pōo
幻境	huàn-kíng
幻幻	huánn-huánn
幻影	huàn-íng
幻想	huàn-sióng
幻想化	huàn-sióng-huà
幻想曲	huàn-sióng-khik
幻景	huàn-kíng
幻暗	huánn-àm
幻滅	huàn-bia̍t
幻燈	huàn-ting
幻紅	huánn-âng
幻覺	huàn-kak
幻象	huàn-siōng
幼兒	iù-jî
幼刀石	iù-to-tsio̍h
幼叢	iù-tsâng
幼囝	iù-kiánn
幼囡仔	iù-gín-á
幼女	iù-lú
幼妓	iù-ki
幼嫩	iù-lūn
幼嬰	iù-enn
幼屑屑	iù-sap-sap
幼工	iù-kang
幼工課	iù-khang-khuè
幼巧	iù-khá
幼年	iù-nî
幼幼	iù-iù
幼教	iù-kàu
幼景	iù-kíng
幼末	iù-bua̍h
幼根	iù-kin
幼毛	iù-mn̂g
幼毛毛	iù-mn̂g-mn̂g
幼毛雞	iù-mn̂g-ke
幼獅	Iù-sai
幼瓷	iù-huî
幼皮	iù-phuê
幼皮料	iù-phuê-liāu
幼石仔	iù-tsio̍h-á
幼秀	iù-siù
幼秀物	iù-siù-mi̍h
幼稚	iù-tī
幼稚園	iù-tī-hn̂g
幼稚園車	iù-tī-hn̂g-tshia
幼穡	iù-sit
幼空課	iù-khang-khuè
幼童	iù-tông
幼粒仔	iù-lia̍p-á
幼粒物	iù-lia̍p-mi̍h
幼紗	iù-se
幼紡紡	iù-pháng-pháng
幼細	iù-sè
幼肉	iù-bah
幼腳	iù-kioh
幼膩	iù-jī
幼苗	iù-biâu
幼葉	iù-hio̍h
幼貨	iù-huè
幼路	iù-lōo
幼軟	iù-nńg
幼針黹	iù-tsiam-tsí
幼骨	iù-kut
幼鹽	iù-iâm
幼麵	iù-mī
幼麵麵	iù-mī-mī
幼齒	Iù-khí
幼齒的	iù-khí-ê
幽幽仔疼	iu-iu-á-thiànn
幽情	iu-tsîng
幽會	iu-huē
幽浮	iu-phû
幽門	iu-mn̂g
幽雅	iu-ngá
幽靈	iu-lîng
幽默	iu-bi̍k
幽默感	iu-bi̍k-kám
幾个	kuí-ê
幾位	kuí-uī
幾何	kí-hô
幾何個	kuí-ā-ê
幾何工	kuí-ā-kang
幾倍	kuí-puē
幾內亞	Kuí-lāi-a
幾十	kuí-tsa̍p
幾圓	kuí-înn
幾年	kuí-nî
幾年前	kuí-nî-tsîng
幾成	kuí-siânn
幾擺	kuí-pái
幾日前	kuí-ji̍t-tsîng
幾次	kuí-tshù
幾番	kuí-huan
幾箍銀	kuí-khoo-gîn
幾若	kuí-lō
幾若個	kuí-nā-ê
幾若工	kuí-nā-kang
幾若擺	kuí-nā-pái
幾落日	kuí-lo̍h-ji̍t
幾號	kuí-hō
幾過	kuí-kuè
幾點	kuí-tiám
庀庀仔	phí-phí-á
庄社	tsng-siā
庄腳	tsng-kha
庄腳人	tsng-kha-lâng
庄腳傖	tsng-kha-sông
庄裡人	tsng-lí-lâng
庄裡倯	tsng-lí-sông
庄裡傖	tsng-lí-sông
庄跤人	tsng-kha-lâng
庄跤倯	tsng-kha-sông
庄雞	tsng-ke
庄頭	tsng-thâu
庇佑	pì-iū
庇能	Pī-néeng
庇蔭	pì-ìm
庇護	pì-hōo
床位	tshn̂g-uī
床婆	tshn̂g-pô
床巾	tshn̂g-kin
床底	tshn̂g-té
床母	tshn̂g-bó
床球	tshn̂g-kiû
床舖	tshn̂g-phoo
床道	tshn̂g-tō
床鋪	tshn̂g-phoo
床頂	tshn̂g-tíng
序大	sī-tuā
序大人	sī-tuā-lâng
序大圖	sī-tuā-tôo
序幕	sī-bōo
序曲	sī-khik
序細	sī-sè
底價	té-kè
底土	té-thôo
底墜四	té-tuī-sù
底層	té-tsân
底座	té-tsō
底挓	té-tioh
底時	tī-sî
底柢	té-tì
底柢厚	té-tì-kāu
底止	tí-tsí
底片	té-phìnn
底盤	té-puânn
底稿	té-kó
底糞	té-pùn
底系	té-hē
底細	té-sè
底線	té-suànn
底置	té-tì
底蒂	té-tì
底蒂在	té-tì-tsāi
底薪	té-sin
底衫	té-sann
底裡	té-lí
底褲	té-khòo
底踏	té-ta̍h
底邊	té-pinn
底部	té-pōo
底限	té-hān
底頭	té-thâu
店主	tiàm-tsú
店亭仔	tiàm-tîng-á
店仔	tiàm-á
店仔口	Tiám-á-kháu
店倒	tiàm-tó
店口	tiàm-kháu
店名	tiàm-miâ
店員	tiàm-uân
店小二	tiàm-sió-jī
店底	tiàm-té
店戶	tiàm-hōo
店租	tiàm-tsoo
店稅	tiàm-suè
店窗枋	tiàm-thang-pang
店舖	tiàm-phòo
店號	tiàm-hō
店長	tiàm-tiúnn
店面	tiàm-bīn
店面厝	tiàm-bīn-tshù
店頭	tiàm-thâu
店頭家	tiàm-thâu-ke
庚子年	kenn-tsú-nî
庚帖	kenn-thiap
府中	hú-tiong
府玉	hú-gio̍k
府第	hú-tē
度三頓	tōo-sann-tǹg
度世	tōo-sè
度伙食	tōo-hué-si̍t
度口	tōo-kháu
度嘴食	tōo-tshuì-tsia̍h
度嘴飽	tōo-tshuì-pá
度外	tōo-guā
度小月	tōo-sió-gue̍h
度性命	tōo-sènn-miā
度數	tōo-sòo
度日	tōo-ji̍t
度日如年	tōo-ji̍t-jî-nî
度日子	tōo-ji̍t-tsí
度晬	tōo-tsè
度會活	tōo-ē-ua̍h
度活	tōo-ua̍h
度生	tōo-senn
度生度死	tōo-senn-tōo-sí
度過	tōo-kuè
度量	tōo-liāng
度量大	tōo-liāng-tuā
度量狹	tōo-liāng-e̍h
度針	tōo-tsiam
度食	tōo-tsia̍h
度飽	tōo-pá
度體溫	tōo-thé-un
座位	tsō-uī
座右銘	tsō-iū-bîng
座椅	tsō-í
座標	tsō-piau
座無虛席	tsō-bô-hi-si̍k
座談	tsō-tâm
座談會	tsō-tâm-huē
座車	tsō-tshia
庫存	khòo-tsûn
庫錢	khòo-tsînn
庭上	tîng-siāng
庭訊	tîng-sìn
庭長	tîng-tiúnn
庭院	tîng-īnn
庵古坑	Am-kóo-khenn
庵廟	am-biō
庵院	am-īnn
庶務	sù-bū
庶母	sù-bó
庶民	sù-bîn
康健	khong-kiān
康寧	khong-lîng
康復	khong-ho̍k
康樂	khong-lo̍k
康熙	Khong-hi
庸夫俗子	iông-hu-sio̍k-tsú
庸醫	iông-i
廁所	tshik-sóo
廁池	tshik-tî
廂仔車	siunn-á-tshia
廈門	Ē-mn̂g
廉價	liâm-kè
廉售	liâm-siû
廉明	liâm-bîng
廉潔	liâm-kiat
廉直	liâm-ti̍t
廉肚	liám-tóo
廕化	ìm-hua
廕肥	ìm-puî
廖峻	Liāu-tsùn
廚具	tû-khū
廚子	tôo-tsí
廚子師	tôo-tsí-sai
廚師	tû-su
廟公	biō-kong
廟埕	biō-tiânn
廟堂	biō-tn̂g
廟宇	biō-ú
廟寺	biō-sī
廟尪仔	biō-ang-á
廟祝	biō-tsiok
廟裡	biō-lí
廠商	tshiúnn-siong
廠址	tshiúnn-tsí
廠房	tshiúnn-pâng
廠方	tshiúnn-hong
廠牌	tshiúnn-pâi
廠長	tshiúnn-tiúnn
廢人	huè-jîn
廢墜	huì-tuī
廢墟	huè-hi
廢婚	huè-hun
廢掉	huè-tiāu
廢文	huì-bûn
廢料	huè-liāu
廢棄	huè-khì
廢棄物	huè-khì-bu̍t
廢止	huè-tsí
廢氣	huè-khì
廢水	huè-tsuí
廢無	huè-bô
廢物利用	huè-bu̍t-lī-iōng
廢票	huè-phiò
廢紙	huè-tsuá
廢話減講	huì-uē-kiám-kóng
廢鐵	huè-thih
廢除	huè-tî
廣仔	kóng-á
廣告	kóng-kò
廣告費	kóng-kò-huì
廣場	kóng-tiûnn
廣大	kóng-tāi
廣島	Kóng-tó
廣島縣	Kóng-tó-kuān
廣州	Kńg-tshiu
廣州杉	kńg-tsiu-sam
廣州話	Kńg-tsiu-uē
廣府話	Kńg-hú-uē
廣播	kóng-pò
廣播界	kóng-pòo-kài
廣播電台	kóng-pòo-tiān-tâi
廣東	kńg-tang
廣東省	Kńg-tang-síng
廣東話	Kńg-tang-uē
廣泛	kóng-huàn
廣澤尊王	Kóng-ti̍k-tsun-ông
廣義	kóng-gī
廣興	Kóng-hing
廣葉杉	kóng-hio̍h-sam
廣西	Kńg-se
廣西壯族自治區	Kńg-sai-Tsòng-tso̍k-Tsū-tī-khu
廬山	Lôo-suann
廳堂花	thiann-tn̂g-hue
廳舍	thiann-sià
廳長	thiann-tiúnn
廳頭交椅輪流坐	thiann-thâu-kau-í-lûn-liû-tsē
延平	Iân-pîng
延平郡王	Iân-pîng-kūn-ông
延延	iân-tshiân
延後	iân-āu
延攬	iân-lám
延期	iân-kî
延燒	iân-sio
延畢	iân-pit
延緩	iân-uān
延續	iân-sio̍k
延續到	iân-sio̍k-kàu
延腦	iân-náu
延至	iân-tsì
延誤	iân-gōo
延請	iân-tshíng
延遲	iân-tî
延遷	iân-tshiân
延長	iân-tiông
延長線	iân-tn̂g-suànn
建中	Kiàn-tiong
建交	kiàn-kau
建制	kiàn-tsè
建功	kiàn-kong
建古	kiàn-kóo
建台	kiàn-tâi
建國	kiàn-kok
建地	kiàn-tē
建坪	kiàn-phênn
建好	kiàn-hó
建安	Kiàn-an
建寧	Kiàn-lîng
建廠	kiàn-tshiúnn
建德	Kiàn-tik
建成	kiàn-sîng
建材	kiàn-tsâi
建構	kiàn-kòo
建樹	kiàn-tshiū
建甌	Kiàn-au
建立	kiàn-li̍p
建立起	kiàn-li̍p-khí
建築	kiàn-tio̍k
建築商	kiàn-tio̍k-siong
建築師	kiàn-tio̍k-su
建築業	kiàn-tio̍k-gia̍p
建築物	kiàn-tio̍k-bu̍t
建置	kiàn-tì
建置家後	kiàn-tì-ke-āu
建蔽率	kiàn-pè-lu̍t
建蘭	kiàn-lân
建言	kiàn-giân
建設	kiàn-siat
建設局	Kiàn-siat-kio̍k
建設廳	Kiàn-siat-thiann
建設所	kiàn-siat-sóo
建議	kiàn-gī
建議案	kiàn-gī-àn
建軍	kiàn-kun
建造	kiàn-tsō
建醮	kiàn-tsiò
建陽	Kiàn-iông
建黨	kiàn-tóng
弄傢俬	lāng-ke-si
弄刀弄劍	lāng-to-lāng-kiàm
弄到	lāng-kàu
弄喙花	lāng-tshùi-hue
弄嘴花	lāng-tshuì-hue
弄囡仔	lāng-gín-á
弄大刀	lāng-tuā-to
弄家散宅	lōng-ke-suánn-the̍h
弄幫	lōng-pang
弄弊	lōng-pè
弄恨	lāng-gīn
弄慫	lōng-sóng
弄拐仔花	lāng-kuái-á-hue
弄揚	lōng-iông
弄新娘	lāng-sin-niû
弄權	lōng-khuân
弄溜嗹	lōng-liu-lian
弄牙	lāng-gê
弄狗熊	lāng-káu-hîm
弄猌	lāng-gīn
弄獅	lāng-sai
弄獅頭	lāng-sai-thâu
弄筆仔尾	lāng-pit-á-bué
弄筆墨	lāng-pit-ba̍k
弄筆尾	lāng-pit-bué
弄翼	lāng-si̍t
弄股	lāng-kóo
弄臣	lāng-sîn
弄舌	lāng-tsi̍h
弄花	lāng-hue
弄花字	lāng-hue-jī
弄花鼓	lāng-hue-kóo
弄藤	lāng-tîn
弄被	lāng-phuē
弄貓枝	lāng-niau-ki
弄貓棍	lāng-niau-kùn
弄險	lāng-hiám
弄風	lāng-hong
弄鬆	lāng-sang
弄鬼	lōng-kuí
弄鼓	lāng-kóo
弄龍	lāng-lîng
弄龍弄獅	lāng-lîng-lāng-sai
弊害	pè-hāi
弊案	pè-àn
弊病	pè-pēnn
弊端	pè-tuan
式場	sik-tiûnn
式微	sik-bî
弓仔	king-á
弓仔跤	King-á-kha
弓布篷	king-pòo-phâng
弓帆	king-phâng
弓直	king-ti̍t
弓箭	king-tsìnn
弓箭士	king-tsìnn-sū
弓肥	king-puî
弓蕉	king-tsio
弓蕉油	king-tsio-iû
弓蕉綠	king-tsio-li̍k
弓蕉鼠	King-tsio-tshí
弓衫	king-sann
弓開	king-khui
弓鞋	kiong-ê
弔問	tiàu-būn
弔喪	tiàu-song
弔文	tiàu-bûn
弔祭	tiàu-tsè
弔禮	tiàu-lé
弔詞	tiàu-sû
弔辭	tiàu-sû
引人	ín-lâng
引人入勝	ín-jîn-ji̍p-sìng
引人注目	ín-lâng-tsù-bo̍k
引人矚目	ín-jîn-tsiok-bo̍k
引以為傲	ín-í-uî-ngōo
引來	ín-lâi
引入	ín-ji̍p
引冊	ín-tsheh
引出	ín-tshut
引力	ín-li̍k
引句點	ín-kù-tiám
引就	ín-tsiū
引度	ín-tōo
引得	ín-tit
引擎	iân-jín
引據	ín-kì
引水蕉	ín-tsuí-tsio
引汏	ín-thuā
引渡	ín-tōo
引火	ín-hué
引燃	ín-jiân
引爆	ín-po̍k
引用	ín-iōng
引發	ín-huat
引磬	ín-khìng
引禍	ín-hō
引線	ín-suànn
引見	ín-kiàn
引言	ín-giân
引誘	ín-iú
引證	ín-tsìng
引起	ín-khí
引路	ín-lōo
引路司	ín-lōo-sai
引路獅	ín-lōo-sai
引述	ín-su̍t
引退	ín-thè
引進	ín-tsìn
引道	ín-tō
引電	ín-tiān
引領	ín-niá
引鬼入宅	ín-kuí-li̍p-the̍h
引魂	ín-hûn
引𤆬	ín-tshuā
弗素	hut-sòo
弘毅	hông-gē
弘法	hông-huat
弟婦	tē-hū
弟婦仔	tē-hū-á
弟子	tē-tsú
弟弟	tī-tî
弦仔	hiân-á
弦倍司	hiân-beh-suh
弦樂	hiân-ga̍k
弧家	ôo-ke
弧形	ôo-hîng
弱勢	jio̍k-sì
弱小	jio̍k-sió
弱者	jio̍k-tsiá
弱點	jio̍k-tiám
張七郎	Tiunn-Tshit-lông
張勢面	tiunn-sì-bīn
張嫁	tiunn-kè
張打	tiunn-tánn
張持	tiunn-tî
張持無蝕本	tiunn-tî-bô-si̍h-pún
張掇	tiunn-tshuah
張格	tiunn-keh
張樣	tiunn-iūnn
張款	tiunn-khuán
張溫鷹	Tiunn-Un-ing
張祐寧	Tiunn-iū-lîng
張等	tiunn-tán
張老衫	tiunn-lāu-sann
張葦航	Tiunn-Uí-hâng
張蠓仔燈	tng-báng-á-ting
張詠翔	Tiunn-īng-siâng
張身勢	tiunn-sin-sì
張鬥	tiunn-tàu
強佔	kiông-tsiàm
強偏弱	kiông-phenn-jio̍k
強制	kiông-tsè
強制罪	kiông-tsè-tsuē
強力	kiông-li̍k
強力糊	kiông-li̍k-kôo
強力膠	kiông-li̍k-ka
強加誣	kiông-ka-bû
強劫	kiông-kiap
強劫賊	kiông-kiap-tsha̍t
強勁	kiông-kìng
強勢	kiông-sì
強勸	kiông-khǹg
強化	kiông-huà
強嘴	kiūnn-tshuì
強固	kiông-kòo
強國	kiông-kok
強壓	kiông-ap
強壯	kiông-tsòng
強大	kiông-tāi
強奪	kiông-tua̍t
強姦	kiâng-kan
強子	kiông-tsú
強子對挵機	kiông-tsú-tuì-lòng-ki
強屈	kiông-khut
強度	kiông-tōo
強弱	kiông-jio̍k
強強	kiông-kiông
強強欲	kiông-kiông-beh
強徒	kiông-tôo
強心劑	kiông-sim-tse
強心針	kiông-sim-tsiam
強忍	kiông-lún
強房	kiông-pâng
強扒躡	kiūnn-peh-nì
強押	kiông-ah
強搶	kiông-tshiúnn
強摃	kiông-kòng
強摃賊	kiông-kòng-tsha̍t
強敵	kiông-ti̍k
強暴	kiông-pō
強有力	kiông-iú-li̍k
強棒	kiông-pāng
強棖	kiông-tìnn
強權	kiông-kuân
強欲	kiông-beh
強求	kiông-kiû
強法	kiông-huat
強烈	kiông-lia̍t
強牚	kiông-thìnn
強癖	kiūnn-phiah
強盛	kiông-sīng
強盜	kiông-tō
強硬	kiông-ngē
強者	kiông-tsiá
強行	kiông-hîng
強調	kiông-tiāu
強路	kiûnn-kè
強身	kiông-sin
強辯	kióng-piān
強迫	kiâng-pik
強霸	kiông-pà
強風	kiông-hong
強食弱	kiông-tsia̍h-jio̍k
強食軟	kiông-tsia̍h-nńg
強骨	kiūnn-kut
彈丸之地	tuânn-uân-tsi-tē
彈出去	tuānn-tshut-khì
彈力	tân-li̍k
彈力性	tuānn-li̍k-sìng
彈力質	tân-li̍k-tsit
彈劾	tân-hāi
彈唱	tuânn-tshiùnn
彈回	tân-huê
彈壓	tân-ap
彈奏	tuânn-tsàu
彈性	tân-sìng
彈掉	tuânn-tiāu
彈琴	tuânn-khîm
彈空	tuânn-khang
彈簧	tân-hông
彈藥庫	tân-io̍h-khòo
彈道	tân-tō
彈銃	tuānn-tshìng
彈鋼琴	tuânn-kǹg-khîm
彈頭	tuânn-thâu
彌勒佛	mî-li̍k-hu̍t
彌勒爺	mî-li̍k-iâ
彌撒	mî-sat
彌滿	mî-buán
彌補	mî-póo
彌賽亞	Mî-sài-a
彌陀	Mî-tô
彎人	uainn-lâng
彎來斡去	uan-lâi-uat-khì
彎刀	uan-to
彎弓	uan-kiong
彎弓橋	uan-kiong-kiô
彎弓門	uan-kiong-mn̂g
彎彎	uan-uan
彎彎斡斡	uan-uan-uat-uat
彎斡	uan-uat
彎斡走廊	uan-uat-tsáu-lông
彎斡路	uan-uat-lōo
彎曲	uan-khiau
彎線	uan-suànn
彎者彎者	uainn-tse-uainn-tse
彎蜷	uan-khûn
彎街斡角	uan-ke-uat-kak
彎蹺	uan-khiau
彔空	lak-khang
彗星	huī-tshenn
彙編	luī-phian
彙集	luī-tsi̍p
形像	hîng-siōng
形勢	hîng-sì
形同	hîng-tông
形同虛設	hîng-tông-hi-siat
形圖	hîng-tôo
形威	hîng-ui
形容	hîng-iông
形容詞	hîng-iông-sû
形式	hîng-sik
形影	hîng-iánn
形態	hîng-thài
形成	hîng-sîng
形成層	hîng-sîng-tsân
形模	hîng-bôo
形款	hîng-khuán
形狀	hîng-tsōng
形象	hîng-siāng
形貌	hîng-māu
形跡	hîng-tsik
形頭	hîng-thâu
形骸	hîng-hâi
形體	hîng-thé
彩仔紙	tshái-á-tsuá
彩兆	tshái-tiāu
彩券	tshái-kǹg
彩劵	tshái-kuàn
彩排	tshái-pâi
彩旦	tshái-tuànn
彩棚	tshái-pênn
彩樓	tshái-lâu
彩畫	tshái-uē
彩票	tshái-phiò
彩筆	tshái-pit
彩繪	tshái-huē
彩色	tshái-sik
彩色筆	tshái-sik-pit
彩色紙	tshái-sik-tsuá
彩色鉛筆	tshái-sik-iân-pit
彩色馬	Tshái-sik-bé
彩虹	tshái-khīng
彩蛋	tshái-tàn
彩街	tshái-ke
彩褲	tshái-khòo
彩路	tshái-lōo
彩轎	tshái-kiō
彩雲	tshái-hûn
彩霞	tshái-hê
彩頭	tshái-thâu
彪婆	piu-pô
彪婆仔	piu-pô-á
彭佳嶼	phênn-ka-sū
彭加嶼	phênn-ka-sū
彭明敏	Phênn-Bîng-bín
彭清靠	Phênn-Tshing-khò
彭祖	phênn-tsóo
彰化	Tsiong-huà
彰化人	Tsiong-huà-lâng
彰化市	Tsiong-huà-tshī
彰化縣	Tsiong-huà-kuān
彰顯	tsiong-hián
影一下	iánn-tsi̍t-ē
影像	íng-siōng
影像感溫儀	iánn-siōng-kám-un-gî
影劇	iánn-kio̍k
影劇圈	iánn-kio̍k-khuân
影印	iánn-ìn
影印機	iánn-ìn-ki
影城	iánn-siânn
影壇	iánn-tuânn
影射	iánn-siā
影展	iánn-tián
影帝	iánn-tè
影影	iánn-iánn
影戲	iánn-hì
影戲館	iánn-hì-kuán
影揚	iánn-iâng
影星	iánn-tshenn
影本	iánn-pún
影燈	iánn-ting
影片	iánn-phìnn
影目	iánn-ba̍k
影著	iánn-tio̍h
影訊	iánn-sìn
影評	iánn-phîng
影跡	iánn-tsiah
影迷	iánn-bê
影銀行	iánn-gîn-hâng
影響	íng-hiáng
影響力	íng-hiáng-li̍k
影響著	íng-hiáng-tio̍h
彷彿	hóng-hut
役場	ia̍h-tiûnn
役男	ia̍h-lâm
役畢	ia̍h-pit
彼久	hit-kú
彼位	hit-uī
彼位仔	hit-uī-á
彼個	hit-ê
彼坎站	hit-khám-tsām
彼塊	hit-tè
彼字	hit-jī
彼寡	hit-kuá
彼岸	pí-gān
彼工	hit-kang
彼帶	hit-tè
彼幾日	hit-kuí-ji̍t
彼庀仔	hit-phí-á
彼得	Pí-tik
彼所在	hit-sóo-tsāi
彼接	pí-tsiap
彼搭	hit-tah
彼擺	hit-pái
彼日	hit-ji̍t
彼時	hit-sî
彼時陣	hit-sî-tsūn
彼暗	hit-àm
彼東時	hit-tang-sî
彼樣	hit-iūnn
彼款	hit-khuán
彼此	pí-tshú
彼流擺	hit-lâu-pái
彼爿頭	hit-pîng-thâu
彼當時	hit-tong-sî
彼當陣	hit-tang-tsūn
彼種	hit-tsióng
彼站	hit-tsām
彼站仔	hit-tsām-á
彼號	hit-hō
彼角勢	hit-kak-sì
彼角頭	hit-kak-thâu
彼跡	hit-jiah
彼輒仔	hit-tiap-á
彼過	hit-kuè
彼陣	hit-tsūn
彼陣仔	hit-tsūn-á
彼頭	hit-thâu
彼點仔	hit-tiám-á
往上	óng-siāng
往下	óng-hā
往事	óng-sū
往來	óng-lâi
往例	óng-lē
往回	óng-huê
往回單	óng-huê-tuann
往常	íng-siâng
往常時	íng-siông-sî
往常過	íng-siông-kuè
往年	íng-nî
往往	íng-íng
往後	óng-hiō
往得	íng-kè
往復	óng-ho̍k
往復單	óng-ho̍k-tuann
往擺	íng-pái
往日	íng-ji̍t
往昔	óng-sik
往時	íng-sî
往有	íng-ū
往生	óng-sing
往當時	óng-tang-sî
往診	óng-tsín
往路	óng-kè
往過	íng-kuè
往陣	íng-tsūn
征戰	tsing-tsiàn
征收	tsing-siu
征服	tsing-ho̍k
待命	thāi-bīng
待客	thāi-kheh
待查	thāi-tsa
待續	thāi-sio̍k
待遇	thāi-gū
律師	lu̍t-su
律法	lu̍t-huat
律詩	lu̍t-si
後一个	āu-tsit-ê
後一位	āu-tsi̍t-uī
後一站	āu-tsi̍t-tsām
後下手	āu-hē-tshiú
後世	āu-sè
後世人	āu-sì-lâng
後也	āu-ā
後事	hōo-sū
後仔	āu-á
後代	āu-tāi
後代人	āu-tāi-lâng
後任	āu-jīm
後來	āu-lâi
後來居上	āu-lâi-ki-siāng
後個月	āu-kòo-gue̍h
後出世	āu-tshut-sì
後勤	āu-khîn
後半暝	āu-puànn-mê
後叔	āu-tsik
後台	āu-tâi
後嗣	āu-sû
後坐	āu-tsē
後坐肉	āu-tsē-bah
後埔	Āu-poo
後埕	āu-tiânn
後塗除	āu-thôo-tî
後塵	hōo-tîn
後壁	āu-piah
後壁厝	Āu-piah-tshù
後壁寮	Āu-piah-liâu
後壁山	āu-piah-suann
後壁形	āu-piah-hîng
後壁的	āu-piah-ê
後壁門	āu-piah-mn̂g
後壁面	āu-piah-bīn
後壁體位	āu-piah-thé-uī
後天	hōo-thian
後天的	hiō-thian-ê
後妻	āu-tshe
後娶	āu-tshuā
後宮	hōo-kiong
後尾	āu-bué
後尾仔	āu-bué-á
後尾埕	āu-bué-tiânn
後尾門	āu-bué-mn̂g
後屆	āu-kài
後層	āu-tsan
後山	āu-suann
後山崎	āu-suann-kiā
後市	āu-tshī
後幫	āu-pang
後年	āu-nî
後座	āu-tsō
後形	āu-hîng
後悔	hiō-hué
後悔莫及	hiō-hué-bo̍k-ki̍p
後患	hōo-huān
後房	āu-pâng
後手	āu-tshiú
後手錢	āu-tshiú-tsînn
後援	hōo-uān
後撐	āu-thènn
後擴	āu-khok
後擺	āu-pái
後擺袂使	āu-pái-bē-sái
後斗	āu-táu
後斗操	āu-táu-tshau
後斗擴仔	āu-táu-khok-á
後斗銃	āu-táu-tshìng
後方	āu-hong
後旁	āu-pîng
後日	āu-ji̍t
後日仔	āu-ji̍t-á
後時	āu-sî
後暝	āu-mê
後曾齒	āu-tsan-khí
後月日	āu-gue̍h-ji̍t
後期	hōo-kî
後枕	āu-tsím
後枕骨	āu-tsím-kut
後果	hiō-kó
後架	āu-kè
後某	āu-bóo
後桶	āu-tháng
後步	āu-pōo
後段	āu-tuānn
後母	āu-bó
後母婊	āu-bó-piáu
後母媌	āu-bó-bâ
後氣	āu-khuì
後注	āu-tù
後港	Āu-káng
後父	āu-pē
後爿	āu-pîng
後牛埔	āu-gû-poo
後甌	āu-au
後生	hāu-senn
後生家	āu-senn-ke
後生查某囝	hāu-senn-tsa-bóo-kiánn
後症頭	āu-tsìng-thâu
後禁	āu-kìm
後禍	āu-ē
後禮拜	āu-lé-pài
後紐	āu-liú
後繼	hōo-kè
後翁	āu-ang
後者	hōo-tsiá
後腦	āu-náu
後腦骨	āu-náu-kut
後腳	āu-kha
後腳跟	āu-kha-kin
後腿	āu-thuí
後落	āu-lo̍h
後衛	hōo-uē
後裔	hōo-è
後裾	āu-ki
後起之秀	āu-khí-tsi-siù
後路	āu-lōo
後蹬	āu-tenn
後車斗	āu-tshia-táu
後車箱	āu-tshia-siunn
後輩	hiō-puè
後退	hōo-thè
後逝	āu-tsuā
後進	āu-tsìn
後遍	āu-piàn
後過	āu-kuè
後遺症	āu-uî-tsìng
後門	āu-mn̂g
後閘	āu-tsa̍h
後院	āu-īnn
後面	āu-bīn
後靪	āu-tinn
後頭	āu-thâu
後頭厝	āu-thâu-tshù
後頭擴	āu-thâu-khok
後頭銃	āu-thâu-tshìng
後頭骨	āu-thâu-kut
後顧之憂	hiō-kòo-tsi-iu
後驛	āu-ia̍h
後齒	āu-khí
後龍	Āu-lâng
徐欣瑩	Tshî-Him-êng
徑賽	kìng-sài
徒弟	tôo-tē
徒行	tôo-hîng
得一望二	tit-it-bōng-jī
得中	tik-tiong
得人心	tik-jîn-sim
得人惜	tit-lâng-sioh
得人疼	tit-lâng-thiànn
得人緣	tit-lâng-iân
得來	tit-lâi
得來不易	tit-lâi-put-i̍k
得出	tit-tshut
得分	tit-hun
得力助手	tit-li̍k-tsōo-tshiú
得勝	tit-sìng
得取	tit-tshú
得天下	tit-thian-hā
得失	tik-sit
得定	tik-tiānn
得宜	tik-gî
得寸進尺	tik-tshùn-tsìn-tshioh
得心	tik-sim
得心應手	tit-sim-ìng-tshiú
得志	tik-tsì
得意	tik-ì
得意揚揚	tik-ì-iông-iông
得手	tit-tshiú
得救	tit-kiù
得數	tit-sòo
得標人	tit-pio-jîn
得橫財	tit-huâinn-tsâi
得欲	tit-beh
得欲晝	tit-beh-tàu
得民心	tik-bîn-sim
得獎	ti̍t-tsióng
得獎人	ti̍t-tsióng-jîn
得票	tit-phiò
得罪	tik-tsuē
得罪人	tik-tsuē-lâng
得著	tit-tio̍h
得訣	tik-kuat
得財	tik-tsâi
得道	tit-tō
得隴望蜀	tik-lióng-bōng-sio̍k
徘徊	pâi-huâi
徙位	suá-uī
徙到	suá-kàu
徙動	suá-tāng
徙厝	suá-tshù
徙岫	suá-siū
徙工	suá-kang
徙振動	suá-tín-tāng
徙栽	suá-tsai
徙步	suá-pōo
徙用	suá-īng
徙腳	suá-kha
徙舖	suá-phoo
徙走	suá-tsáu
徙錢	suá-tsînn
徙開	suá-khui
徛中	khiā-tiong
徛予在	khiā-hōo-tsāi
徛予好	khiā-hōo-hó
徛予正	khiā-hōo-tsiànn
徛亭亭	khiā-thîng-thîng
徛人爿	khiā-jîn-pîng
徛仝爿	khiā-kāng-pîng
徛佇	khiā-tī
徛倒騰	khiā-tò-thîng
徛像	khiā-siōng
徛分	khiā-hun
徛卵	khiā-nn̄g
徛厝	khiā-tshù
徛叢白花草	khiā-tsâng-pe̍h-hue-tsháu
徛名	khiā-miâ
徛咧	khiā-leh
徛哨	khiā-sàu
徛喪	khiā-sng
徛在	khiā-tsāi
徛壁	khiā-piah
徛壁個	khiā-piah-ê
徛大股	khiā-tuā-kóo
徛大頭	khiā-tuā-thâu
徛天路	khiā-thinn-lōo
徛孝	khiā-hà
徛家	khiā-ke
徛家人	khiā-ke-lâng
徛家厝	khiā-ke-tshù
徛尪	khiā-ang
徛屍騰	khiā-si-thîng
徛屏	khiā-pîn
徛山	khiā-suann
徛山頭家	khiā-suann-thâu-ke
徛峙	khiā-tshāi
徛帶	khiā-tuà
徛廚	khiā-tû
徛心爿	khiā-sim-pîng
徛慎	khiā-sīm
徛戶頭	khiā-hōo-thâu
徛擂台	khiā-luî-tâi
徛方	khiā-hong
徛更	khiā-kenn
徛會椆	khiā-ē-tiâu
徛會稠	khiā-ē-tiâu
徛格	khiā-kê
徛桌櫃	khiā-toh-kuī
徛桮	khiā-pue
徛椆	khiā-tiâu
徛正	khiā-tsiànn
徛死	khiā-sí
徛泅	khiā-siû
徛深水	khiā-tshim-tsuí
徛烘	khiā-hang
徛猴	khiā-kâu
徛猴癮	khiā-kâu-giàn
徛琴	Khiā-khîm
徛白魚	khiā-pe̍h-hî
徛的	khiā-ê
徛直	khiā-ti̍t
徛直直	khiā-ti̍t-ti̍t
徛眉	khiā-bâi
徛真徛現	khiā-tsin-khiā-hiān
徛睏	khiā-khùn
徛票	khiā-phiò
徛秋	khiā-tshiu
徛稠	khiā-tiâu
徛穩	khiā-ún
徛窗	khiā-thang
徛算	khiā-sǹg
徛聯	khiā-liân
徛股	khiā-kóo
徛腳	khiā-kha
徛著	khiā-tio̍h
徛衛兵	khiā-uē-ping
徛諍王	khiā-tsènn-ông
徛起	khiā-khí
徛起來	khiā-khí-lâi
徛跤	khiā-kha
徛遐	khiā-hia
徛遮	khiā-tsia
徛閃	khiā-siám
徛靈	khiā-lîng
徛面骨	khiā-bīn-kut
徛領	khiā-niá
徛頭	khiā-thâu
徛頭名	khiā-thâu-miâ
徛風	khiā-hong
徛飛魚	khiā-pue-hî
徛馬勢	khiā-bé-sì
徛騰	khiā-thîng
徛鵝	khiā-gô
徛黃	khiā-n̂g
徛鼠	Khiā-tshí
從中	tsiông-tiong
從來	tsîng-lâi
從優	tsiông-iu
從公	tsiông-kong
從到今	tsîng-kàu-tann
從前	tsiông-tsiân
從即起	tsîng-tsit-khí
從古無	tsn̂g-kóo-bô
從商	tsiông-siong
從善如流	tsiông-siān-jî-liû
從嚴	tsiông-giâm
從寬	tsiông-khuan
從屬	tsiông-sio̍k
從政	tsiông-tsìng
從業	tsiông-gia̍p
從簡	tsiông-kán
從細	tsîng-sè
從細漢甲大漢	tsîng-sè-hàn-kah-tuā-hàn
從軍	tsiông-kun
從輕發落	tsiông-khin-huat-lo̍h
從開始	tsīng-khai-sí
御用	gī-iōng
御賜	gī-sù
復仇	ho̍k-siû
復倒轉	ho̍k-tò-tńg
復健	ho̍k-kiān
復原	ho̍k-guân
復古	ho̍k-kóo
復國	ho̍k-kok
復學	ho̍k-ha̍k
復工	ho̍k-kang
復振	ho̍k-tsín
復旦大學	Ho̍k-tàn-tāi-ha̍k
復業	ho̍k-gia̍p
復活	ho̍k-hua̍t
復活節	ho̍k-hua̍t-tsiat
復甦	ho̍k-soo
復發	ho̍k-huat
復習	ho̍k-si̍p
復職	ho̍k-tsit
復育	ho̍k-io̍k
復興	ho̍k-hing
復舊	ho̍k-kū
復辟	ho̍k-phik
循字	sûn-lī
循序	sûn-sū
循環	sûn-huân
循紅簿	sûn-hông-phōo
徬徨	pông-hông
微分	bî-hun
微創	bî-tshòng
微妙	bî-biāu
微弱	bî-jio̍k
微微仔	bî-bî-á
微微仔光	bî-bî-á-kng
微微風	bî-bî-hong
微波	bî-pho
微波爐	bî-pho-lôo
微渺	bî-biáu
微準準	bî-tsún-tsún
微生物	bî-sing-bu̍t
微生菌	bî-sing-khún
微積分	bî-tsik-hun
微處理機	bî-tshù-lí-ki
微言	bî-giân
微軟	Bî-nńg
微量	bî-liāng
微電影	bî-tiān-iánn
微電腦	bî-tiān-náu
徵信	ting-sìn
徵信所	ting-sìn-sóo
徵信社	ting-sìn-siā
徵召	ting-tiàu
徵收	ting-siu
徵文	ting-bûn
徵求	ting-kiû
徵著	ting-tio̍h
徵詢	ting-sûn
徵調	ting-tiàu
德光	tik-kong
德化	Tik-huà
德國	Tik-kok
德國人	Tik-kok-lâng
德國簫	tek-kok-siau
德基水庫	Tik-ki-tsuí-khòo
德性	tik-sìng
德意志	Tik-ì-tsì
德拉瓦	tik-lá-uá
德拉瓦州	tik-lá-uá-tsiu
德政	tik-tsìng
德清	Tik-tshing
德育	tik-io̍k
德行	tik-hīng
德軍	Tik-kun
德里	Tik-lí
德高望重	tik-ko-bōng-tiōng
德黑蘭	Tik-oo-lân
徹夜	thiat-iā
徹底	thiat-té
徹底澄清	thiat-té-tîng-tshing
徹悟	thiat-ngōo
徹查	thiat-tsa
徹理	thiat-lí
徹透	thiat-thò
徼兆	khiò-tiō
徽章	hui-tsiong
心之所在	sim-tsi-sóo-tsāi
心事	sim-sū
心仔	sim-á
心內	sim-lāi
心內事	sim-lāi-sū
心內意	sim-lāi-ì
心內有數	sim-lāi-iú-sòo
心內知知	sim-lāi-tsai-tsai
心內話	sim-lāi-uē
心內話大冒險	sim-lāi-uē-tuā-mōo-hiám
心切	sim-tshiat
心力	sim-li̍k
心力交瘁	sim-li̍k-kau-tshuì
心動	sim-tōng
心包油	sim-pau-iû
心卡凊水	sim-khah-tshìn-tsuí
心向	sim-hiòng
心向所在	sim-hiòng-sóo-tsāi
心地	sim-tē
心境	sim-kíng
心存僥倖	sim-tsûn-hiau-hīng
心安	sim-an
心室中膈缺損	sim-sik-tiong-keh-khueh-sún
心寒	sim-hân
心寶寶	sim-pó-pó
心導管	sim-tō-kuán
心平氣和	sim-pîng-khì-hô
心弦	sim-hiân
心得	sim-tik
心心念念	sim-sim-liām-liām
心志	sim-tsì
心念	sim-liām
心思	sim-si
心性	sim-sìng
心悶	sim-būn
心情	sim-tsîng
心惝	sim-tshíng
心意	sim-ì
心愛	sim-ài
心愛的	sim-ài-ê
心態	sim-thài
心慒	sim-tso
心懷	sim-huâi
心戰	sim-tsiàn
心房	sim-pâng
心房中膈缺損	sim-pâng-tiong-keh-khueh-sún
心掠在	sim-lia̍h-tsāi
心放開	sim-pàng-khui
心智	sim-tì
心智圖	sim-tì-tôo
心曠神怡	sim-khòng-sîn-î
心服	sim-ho̍k
心服口服	sim-ho̍k-kháu-ho̍k
心梗窒	sim-kénn-that
心槽	sim-tsô
心機	sim-ki
心橫	sim-huâinn
心涼脾土開	sim-liâng-pî-thóo-khui
心滿意足	sim-muá-ì-tsiok
心火	sim-hué
心火著	sim-hué-to̍h
心灰意冷	sim-hue-ì-líng
心煩	sim-huân
心燈	sim-ting
心爽	sim-sóng
心狂火熱	sim-kông-hué-jia̍t
心狂火著	sim-kông-hué-to̍h
心狂燥熱	sim-kông-sò-jia̍t
心理	sim-lí
心理學	sim-lí-ha̍k
心理性別	sim-lí-sìng-pia̍t
心甘情願	sim-kam-tsîng-guān
心田	sim-tiân
心疼	sim-thiànn
心痛	sim-thiànn
心目中	sim-ba̍k-tiong
心直喙快	sim-ti̍t-tshuì-khuài
心真殺	sim-tsin-sat
心碎	sim-tshuì
心神	sim-sîn
心算	sim-sǹg
心經火	sim-king-hué
心經火著	sim-king-hué-to̍h
心緒	sim-sū
心聲	sim-siann
心肌	sim-ki
心肌梗塞	sim-ki-kénn-that
心肝	sim-kuann
心肝仔	sim-kuann-á
心肝仔囝	sim-kuann-á-kiánn
心肝仔狗	sim-kuann-á-káu
心肝仔貓	sim-kuann-á-niau
心肝內	sim-kuann-lāi
心肝冷	sim-kuann-líng
心肝凝	sim-kuann-gîng
心肝咇噗惝	sim-kuann-phi̍h-pho̍k-tshíng
心肝好	sim-kuann-hó
心肝嬰	sim-kuann-inn
心肝寶貝	sim-kuann-pó-puè
心肝帶爍爁	sim-kuann-tuà-sih-nah
心肝底	sim-kuann-té
心肝想	sim-kuann-sióng
心肝慌	sim-kuann-hong
心肝慒	sim-kuann-tso
心肝掠坦橫	sim-kuann-lia̍h-thán-huâinn
心肝放放	sim-kuann-hòng-hòng
心肝殘	sim-kuann-tshân
心肝殺	sim-kuann-sat
心肝清	sim-kuann-tshing
心肝火夯起來	sim-kuann-hué-giâ-khí-lâi
心肝無意向	sim-kuann-bô-ì-hiàng
心肝無趁喙	sim-kuann-bô-thàn-tshuì
心肝狹	sim-kuann-e̍h
心肝畏畏	sim-kuann-uì-uì
心肝的	sim-kuann-ê
心肝硬	sim-kuann-ngē
心肝窟	sim-kuann-khut
心肝結規丸	sim-kuann-kiat-kui-uân
心肝肉	sim-kuann-bah
心肝芛	sim-kuann-ínn
心肝荒	sim-kuann-hong
心肝蒂	sim-kuann-tì
心肝袂囥得話	sim-kuann-bē-khǹg-tit-uē
心肝軟	sim-kuann-nńg
心肝較大牛肺	sim-kuann-khah-tuā-gû-hì
心肝較大過牛肺	sim-kuann-khah-tuā-kuè-gû-hì
心肝開	sim-kuann-khui
心肝雄	sim-kuann-hiông
心肝頭	sim-kuann-thâu
心肝頭噗噗衝	sim-kuann-thâu-pho̍k-pho̍k-tshìng
心肝頭放外外	sim-kuann-thâu-pàng-guā-guā
心肝頭知知	sim-kuann-thâu-tsai-tsai
心肝頭膽膽	sim-kuann-thâu-tám-tám
心胞膜炎	sim-pau-mo̍oh-iām
心胞膜發炎	sim-pau-mo̍oh-huat-iām
心胸	sim-hing
心胸大	sim-hiong-tuā
心腸	sim-tn̂g
心腹	sim-pak
心腹內	sim-pak-lāi
心腹腸肚	sim-pak-tn̂g-tōo
心臟	sim-tsōng
心臟病	sim-tsōng-pēnn
心臟碰碰跳	sim-tsōng-phìng-phōng-thiàu
心臟科	sim-tsōng-kho
心花當開	sim-hue-tong-khui
心花開	sim-hue-khui
心荒	sim-hong
心虛	sim-hi
心血	sim-hiat
心血來潮	sim-hiat-lâi-tiâu
心行	sim-hīng
心術	sim-su̍t
心計	sim-kè
心身	sim-sin
心軟	sim-nńg
心適	sim-sik
心適氣	sim-sik-khuì
心適界	sim-sik-kài
心適興	sim-sik-hìng
心酸	sim-sng
心電圖	sim-tiān-tôo
心靈	sim-lîng
心頭內	sim-thâu-lāi
心頭定	sim-thâu-tiānn
心頭慒	sim-thâu-tso
心頭掠袂定	sim-thâu-lia̍h-buē-tiānn
心頭無定	sim-thâu-bô-tiānn
心頭鏡鏡	sim-thâu-kiànn-kiànn
心願	sim-guān
心驚	sim-kiann
心驚膽跳	sim-kiann-tánn-thiàu
必修科	pit-siu-kho
必備	pit-pī
必唇	pit-tûn
必定	pit-tīng
必巡	pit-sûn
必得	pit-tit
必然	pit-jiân
必痕	pit-hûn
必祚	pit-tsà
必穿	pit-tshng
必箍銀	Pit-khoo-gîn
必粿	pit-kué
必紃	pit-sûn
必紮	pit-tsah
必縫	pit-phāng
必裂	pit-le̍h
必要	pit-iàu
必開	pit-khui
必需	pit-su
必需品	pit-su-phín
必須	pit-su
忌克	khī-khik
忌剋	khī-khik
忌嘴	khī-tshuì
忌床	khī-tshn̂g
忌日	kī-ji̍t
忌舖	khī-phoo
忌蓆	kī-tshio̍h
忌諱	khī-huì
忌食	khī-tsia̍h
忍一下	lún-tsi̍t-ē
忍倒	lún-táu
忍冬花	jím-tong-hue
忍冬藤	jím-tong-tîn
忍受	jím-siū
忍喙儉舌	jún-tshuì-khiām-tsi̍h
忍嘴	lún-tshuì
忍尿	lún-jiō
忍心	jím-sim
忍性	jím-sìng
忍氣	jím-khì
忍氣吞聲	lím-khì-thun-siann
忍無可忍	jím-bô-khó-jím
忍痛	jím-thiànn
忍耐	jím-nāi
忍膽	lún-tánn
忍袂牢	lún-bē-tiâu
忍辱	jím-jio̍k
志向	tsì-hiòng
志在	tsì-tsāi
志士	tsì-sū
志成	Tsì-sîng
志業	tsì-gia̍p
志氣	tsì-khì
志趣	tsì-tshù
志願	tsì-guān
忘八	bông-pat
忘年會	boo-lian-khái
忘恩背義	bōng-un-puē-gī
忘情	bông-tsîng
忘憂草	bōng-iu-tsháu
忘懷	bông-huâi
忙亂	bâng-luān
忝吼	thiám-háu
忝忝	thiám-thiám
忝罵	thiám-mē
忝頭	thiám-thâu
忠信	tiong-sìn
忠值	tiong-ti̍t
忠勇	tiong-ióng
忠厚	tiong-hōo
忠告	tiong-kò
忠孝	tiong-hàu
忠孝東路	Tiong-hàu-tang-lōo
忠實	tiong-si̍t
忠心	tiong-sim
忠心菊	tiong-sim-kiok
忠於	tiong-î
忠烈	tiong-lia̍t
忠烈祠	tiong-lia̍t-sû
忠直	tiong-ti̍t
忠義	tiong-gī
忠臣	tiong-sîn
忠良	tiong-liâng
忠言	tiong-giân
忠誠	tiong-sîng
忠貞	tiong-tsing
忤逆	ngóo-gi̍k
忤逆兒	ngóo-gi̍k-jî
快信	khuài-sìn
快取	khuài-tshú
快受氣	khuài-siū-khì
快嘴	khuài-tshuì
快報	khuài-pò
快快來	khuài-khuài-lâi
快感	khuài-kám
快捷	khuài-tsia̍p
快攻	khuài-kong
快板	khuài-pán
快樂	khuài-lo̍k
快步	khuài-pōo
快死未老	khuài-sí-buē-lāu
快活	khuànn-ua̍h
快活錢	khuìnn-ua̍h-tsînn
快相	khuài-siōng
快篩	khuài-thai
快緊	khuài-kín
快老	khuài-lāu
快興快退	khuài-hing-khuài-thè
快艇	khuài-thíng
快變面	khuài-pìnn-bīn
快車	khuài-tshia
快車道	khuài-tshia-tō
快速	khuài-sok
快速帖	khuài-sok-thiap
快遞	khuài-tē
快門	khuài-mn̂g
快靴	khuài-hia
快餐	khuài-tshan
快龍	khuài-liông
念佛	liām-pu̍t
念咒	liām-tsiù
念父母	liām-pē-bó
念珠	liām-tsu
念經	liām-king
念菇	liām-lû
念詩	liām-si
念誆	liām-khōng
念頭	liām-thâu
忽一下	hut-tsi̍t-ē
忽然	hut-jiân
忽略	hut-lia̍k
忽視	hut-sī
忿忿不平	hún-hún-put-pîng
怎仔	tsáinn-á
怎仔樣	tsáinn-á-iūnn
怎仔樣的	tsáinn-ánn-iūnn-ê
怎好	tsuánn-hó
怎會	tsuánn-ē
怎樣	tsáinn-iūnn
怎樣生	tsáinn-iūnn-senn
怎樣辦	tsuánn-iūnn-pān
怎通	tsáinn-thang
怏忳	ǹg-tǹg
怏頓	ǹg-tǹg
怐先	khòo-sian
怐怐	khòo-khòo
怐神	khòo-sîn
怒氣	lōo-khì
怒火	lōo-hué
怒罵	lōo-mē
怒青	nōo-tshing
怙喙講个無準算	kōo-tshuì-kóng-ê-bô-tsún-sǹg
怙武個	kōo-bú-ê
思古	su-kóo
思念	su-liām
思思念念	su-su-liām-liām
思想	su-sióng
思慕	su-bōo
思明	Su-bîng
思春	su-tshun
思潮	su-tiâu
思索	su-sok
思維	su-uî
思考	su-khó
思覺失調症	Su-kak-Sit-tiâu-Tsìng
思路	su-lōo
思鄉	su-hiong
思量	su-liāng
怠工	tāi-kang
怠慢	tāi-bān
怢怢	gāng-gāng
急事	kip-sū
急件	kip-kiānn
急切	kip-tshiat
急劇	kip-kio̍k
急就章	kip-tsiū-tsiong
急待	kip-thāi
急急如律令	kip-kip-jû-lu̍t-līng
急性	kip-sìng
急救	kip-kiù
急智	kip-tì
急流	kip-liû
急病	kip-pēnn
急症	kip-tsìng
急腳鬼	kip-kha-kuí
急診	kip-tsín
急診室	kip-tsín-sik
急躁	kip-sò
急轉	kip-tsuán
急轉彎	kip-tńg-uan
急進	kip-tsìn
急遽	kip-kū
急難	kip-lān
急電	kip-tiān
急需	kip-su
急驚風	kip-king-hong
怦怦喘	phēnn-phēnn-tshuán
性交	sìng-kau
性侵	sìng-tshim
性傾向	sìng-khing-hiòng
性別	sìng-pia̍t
性別氣質	sìng-pia̍t-khì-tsit
性別認同	sìng-pia̍t-jīn-tông
性向	sìng-hiòng
性命	sènn-miā
性命根	sìnn-miā-kin
性器官	sìng-khì-kuan
性地	sìng-tē
性平	sìng-pîng
性平教育	sìng-pîng-kàu-io̍k
性情	sìng-tsîng
性愛	sìng-ài
性感	sìng-kám
性慾	sìng-io̍k
性教育	sìng-kàu-io̍k
性格	sìng-keh
性病	sìng-pēnn
性癖	sìng-phiah
性知識	sìng-tì-sik
性能	sìng-lîng
性能力	sìng-lîng-li̍k
性行為	sìng-hîng-uî
性變態	sìng-piàn-thài
性質	sìng-tsit
性關係	sìng-kuan-hē
怨入心	uàn-ji̍p-sim
怨入骨	uàn-ji̍p-kut
怨嘆	uàn-thàn
怨天	uàn-thinn
怨天尤人	uàn-thinn-iû-jîn
怨天怨地	uàn-thinn-uàn-tē
怨天慼地	uàn-thinn-tsheh-tē
怨妒	uàn-tòo
怨底	uàn-té
怨怪	uàn-kuè
怨恨	uàn-hīn
怨慼	uàn-tsheh
怨生無怨死	uàn-senn-bô-uàn-sí
怨聲	uàn-siann
怨聲載道	uàn-siann-tsài-tō
怨言	uàn-giân
怨身慼命	uàn-sin-tshueh-miā
怪事	kuài-sū
怪人	kuài-jîn
怪力亂神	kuài-li̍k-luān-sîn
怪味	kuài-bī
怪奇	kuài-kî
怪奇古	kuài-kî-kóo
怪孽	kuài-gia̍t
怪巧	kuài-khá
怪手	kuài-tshiú
怪死	kuài-sí
怪物	kuài-bu̍t
怪獸	kuài-siù
怪異	kuài-ī
怪疑	kuài-gî
怪病	kuài-pēnn
怪癖	kuài-phiah
怪石	kuài-tsio̍h
怪罪	kuài-tsuē
怪羶	kuài-hiàn
怪跤	kuài-kha
怪風	kuài-hong
怯勢	khiap-sì
怯命	khiap-miā
怯膽	khiap-tánn
怳示逝	gông-sī-suā
怳車車	gông-tshia-tshia
恁厝	lín-tshù
恁好	lín-hó
恁娘	lín-niâ
恁娘咧	lín-niâ-leh
恁娘的	lín-niâ-ê
恁娘蹺去	lín-niâ-khiau-khì
恁娘較好	lín-niâ-khah-hó
恁母	lín-bó
恁父	lín-pē
恁爸	lín-pē
恁爸嘛是人	lín-pē-mā-sī-lâng
恁祖媽	lín-tsóo-má
恁遮的	lín-tsia-ê
恁阿母敢知影你佇遮發廢文	Lín-a-bú-kám-tsai-iánn-lí-tī-tsia-huat-huì-bûn
恆久	hîng-kiú
恆定	hîng-tīng
恆定性	hîng-tīng-sìng
恆常	hîng-siông
恆常性	hîng-siông-sìng
恆心	hîng-sim
恆春	Hîng-tshun
恍哧	hóng-hiánn
恍惚	hóng-hut
恍然大悟	hóng-jiân-tāi-ngōo
恐嚇	khióng-hat
恐怖	khióng-pòo
恐怖主義	khióng-pòo-tsú-gī
恐怖份子	khióng-pòo-hūn-tsú
恐惶	khióng-hông
恐懼感	khióng-khū-kám
恐畏	khióng-uì
恐驚	khióng-kiann
恐龍	khióng-liông
恕罪	sù-tsuē
恢復	he-ho̍k
恤貧	sut-pîn
恤金	sut-kim
恥笑	thí-tshiò
恥辱	thí-jio̍k
恥骨	thí-kut
恨天怨地	hūn-thinn-uàn-tē
恨氣	hīn-khì
恨膦	gīn-lān
恩主公廟	Un-tsú-kong-biō
恩人	in-jîn
恩仇	in-siû
恩光	in-kong
恩典	in-tián
恩准	in-tsún
恩客	in-kheh
恩師	in-su
恩怨	in-uàn
恩情	in-tsîng
恩惠	in-huī
恩愛	in-ài
恩賜	in-sù
恫杖	thang-thn̄g
恬卒卒	tiām-tsut-tsut
恬去	tiām-khì
恬啁啁	tiām-tsiuh-tsiuh
恬寂寂	tiām-tsih-tsih
恬實	tiām-tsa̍t
恬恬	tiām-tiām
恬恬想	tiām-tiām-siūnn
恬恬毋敢出喙	tiām-tiām-m̄-kánn-tshut-tshuì
恬恬食三碗公半	tiām-tiām-tsia̍h-sann-uánn-kong-puànn
恬才	tiām-tsâi
恬氣	tiām-khuì
恬淀	tiām-tīnn
恬淒淒	tiām-tshinn-tshinn
恬碇	tiām-tīng
恬稚	tiām-tī
恬著	tiām-tio̍k
恬靜	tiām-tsīng
恬風	tiām-hong
恬鹽	tiām-iâm
恭候	kiong-hōo
恭喜	kiong-hí
恭喜發財	kiong-hí-huat-tsâi
恭敬	kiong-kìng
恭請	kiong-tshíng
恭賀	kiong-hō
息事寧人	sik-sū-lîng-jîn
息息相關	sik-sik-siang-kuan
恰當	thò-tòng
悉嗦叫	si̍h-sua̍h-kiò
悍馬仔	Hán-bé-á
悔婚	hué-hun
悔心	hué-sim
悔悟	hué-ngōo
悔意	hué-ì
悔改	hué-kái
悔親	hué-tshin
悔過	hué-kò
悔過書	hué-kò-su
悟出	ngōo-tshut
悟性	ngōo-sìng
悟空	ngōo-khong
悠久	iû-kiú
悠遊卡	iu-iû-khah
悠風號	iu-hong-hō
患動	huān-tōng
患病	huān-pēnn
患者	huān-tsiá
患部	huān-pōo
患難	huān-lān
悲傷	pi-siong
悲劇	pi-kio̍k
悲哀	pi-ai
悲嘆	pi-thàn
悲壯	pi-tsòng
悲惻	pi-tshik
悲慘	pi-tshám
悲歌	pi-kua
悲歡離合	pi-huan-lī-ha̍p
悲痛	pi-thòng
悲觀	pi-kuan
悲鬱	pi-ut
悲鳴	pi-bîng
悵心	tiòng-sim
悵心恨	tiòng-sim-hīn
悶悶不樂	būn-būn-put-lo̍k
悶悶慒慒	būn-būn-tso-tso
悶慒慒	būn-tso-tso
悶憂憂	būn-iu-iu
悶焦焦	būn-tsau-tsau
悶飯	būn-pn̄g
悽慘	tshi-tshám
悽慘代	tshi-tshám-tāi
悽慘哭	tshi-tshám-khàu
悽慘啜	tshi-tshám-tshueh
悽慘笑	tshi-tshám-tshiò
悾悾	khong-khong
悾歁	khong-khám
悾氣	khong-khì
悾癲	khong-tian
悾闇	khong-am
悿罵	thiám-mē
悿身	thiám-sin
悿頭	thiám-thâu
情人	tsîng-jîn
情人節	tsîng-jîn-tseh
情份	tsîng-hūn
情伴	tsîng-phuānn
情單字	tsîng-tan-jī
情報局	Tsîng-pò-kio̍k
情形	tsîng-hîng
情意	tsîng-ì
情愛	tsîng-ài
情感	tsîng-kám
情慾	tsîng-io̍k
情懷	tsîng-huâi
情操	tsîng-tshau
情有可原	tsîng-iú-khó-guân
情死	tsîng-sí
情況	tsîng-hóng
情狀	tsîng-tsōng
情理話	tsîng-lí-uē
情盡	tsîng-tsīn
情節	tsîng-tsat
情結	tsîng-kat
情緣	tsîng-iân
情誼	tsîng-gī
情趣	tsîng-tshù
情迷	tsîng-bê
情面	tsîng-bīn
情願	tsîng-guān
惜份	sioh-hūn
惜倌	sioh-kuann
惜別	sik-pia̍t
惜命	sioh-miā
惜命命	sioh-miā-miā
惜囝	sioh-kiánn
惜寶	sioh-pó
惜性命	sioh-sènn-miā
惜情	sioh-tsîng
惜本份	sioh-pún-hūn
惜某	sioh-bóo
惜略	sioh-lio̍h
惜皮	sioh-phuê
惜福	sioh-hok
惜腳手	sioh-kha-tshiú
惜花連盆	sioh-hue-liân-phûn
惜錢	sioh-tsînn
惜面皮	sioh-bīn-phuê
惜面頂皮	sioh-bīn-tíng-phuê
惜體面	sioh-thé-biān
惝大空	siàng-tuā-khang
惝科	siàng-khe
惝跋坐	siàng-pua̍h-tsē
惠安	huī-uann
惠安話	Hūi-uann-uē
惠民	Huī-bîn
惡人	ok-lâng
惡人先投	ok-lâng-sing-tâu
惡人無膽	ok-lâng-bô-tánn
惡人自有惡人磨	ok-lâng-tsū-iú-ok-lâng-buâ
惡例	ok-lē
惡勢	ok-sì
惡勢力	ok-sì-li̍k
惡化	ok-huà
惡厝	ok-tshù
惡夢	ok-bāng
惡妒	ònn-tòo
惡婦	ok-hū
惡嬌	ok-kiau
惡客	ok-kheh
惡心	ok-sim
惡念	ok-liām
惡性	ok-sìng
惡意	ok-ì
惡感	ok-kám
惡有惡報	Ok-iú-ok-pò
惡果	ok-kó
惡毒	ok-to̍k
惡毒步	ok-to̍k-pōo
惡毒熱	ok-to̍k-jua̍h
惡毒物	ok-to̍k-mi̍h
惡溜	ok-liu
惡煞	ok-suah
惡甲無人問	ok-kah-bô-lâng-mn̄g
惡疾	ok-tsi̍t
惡症	ok-tsìng
惡癬	ok-sián
惡神	ok-sîn
惡緣	ok-iân
惡習	ok-si̍p
惡蛇	ok-tsuâ
惡行	ok-hîng
惡補	ok-póo
惡話	ok-uē
惡質	ok-tsit
惡跡	ok-tsik
惡酒	ok-tsiú
惡霸	ok-pà
惡霸霸	ok-pà-pà
惡靈	ok-lîng
惡面	ok-bīn
惡面相看	ok-bīn-sio-khuànn
惡馬	ok-bé
惡骨	ok-kut
惡鬼	ok-kuí
惡魔	ok-môo
惡鳥	ok-tsiáu
惱恨	náu-hīn
惱氣	lóo-khì
想你	siūnn-lí
想來	siūnn-lâi
想倒轉來	siūnn-tò-tuínn-lâi
想偏	siūnn-phian
想像	sióng-siōng
想像力	sióng-siōng-li̍k
想出	siūnn-tshut
想到	siūnn-kàu
想厝	siūnn-tshù
想善	siūnn-siān
想定	siūnn-tiānn
想差	siūnn-tsha
想心	siūnn-sim
想心肝	siūnn-sim-kuann
想必	siūnn-pit
想愛	siūnn-ài
想懶	siūnn-lán
想攏無	siūnn-lóng-bô
想會到	siūnn-ē-kàu
想會開	siūnn-ē-khui
想欲	siūnn-beh
想欲吼	siūnn-beh-háu
想步	siūnn-pōo
想歪	siūnn-uai
想歹	siūnn-pháinn
想死卡閒	siūnn-sí-khah-îng
想法	siūnn-huat
想無	siūnn-bô
想無到	siūnn-bô-kàu
想無計	siūnn-bô-kè
想無路	siūnn-bô-lōo
想看覓	siūnn-khuànn-māi
想真	siūnn-tsin
想短見	siūnn-tuán-kiàn
想短路	siūnn-té-lōo
想空想縫	siūnn-khang-siūnn-phāng
想著	siūnn-tio̍h
想行	siūnn-hīng
想袂到	siūnn-bē-kàu
想見	siūnn-kinn
想計	siūnn-kè
想起	siūnn-khí
想起來	siūnn-khí-lâi
想路	siūnn-lōo
想轉	siūnn-tńg
想辦法	siūnn-pān-huat
想退悔	siūnn-thè-hué
想錯	siūnn-tshò
惶惶	hông-hông
惶顯	hông-hiánn
惹事	jiá-sū
惹事端	jiá-sū-tuan
惹代誌	jiá-tāi-tsì
惹來	jiá-lâi
惹出	jiá-tshut
惹火	jiá-hué
惹禍	jiá-ē
惹空	jiá-khang
愁容	tshiû-iông
愁面	tshiû-bīn
愈來愈	jú-lâi-jú
愈來愈惡化	jú-lâi-jú-ok-huà
愈做愈害	lú-tsò-lú-hāi
愈愈	lú-lú
愈揀愈細粒	jú-kíng-jú-sè-lia̍p
愉快	jû-khuài
愍忌	bián-kī
意下	ì-hā
意中	ì-tiong
意中人	ì-tiong-jîn
意向	ì-hiòng
意味	ì-bī
意國	Ì-kok
意圖	ì-tôo
意在言外	ì-tsāi-giân-guā
意基	ì-ki
意境	ì-kíng
意外	ì-guā
意外險	ì-guā-hiám
意大利	Ì-tāi-lī
意式烘餅	ì-sik-hang-piánn
意式燒餅	ì-sik-sio-piánn
意式麵	ì-sit-mī
意志	ì-tsì
意志力	ì-tsì-li̍k
意志消沉	ì-tsì-siau-tîm
意念	ì-liām
意思	ì-sù
意思就是	ì-sù-tsiū-sī
意愛	ì-ài
意料	ì-liāu
意料之外	ì-liāu-tsi-guā
意旨	ì-tsí
意氣	ì-khì
意氣風發	ì-khì-hong-huat
意猶未盡	ì-iû-bē-tsīn
意神	ì-sîn
意義	ì-gī
意興闌珊	ì-hìng-lân-san
意見	ì-kiàn
意識	ì-sik
意識形態	ì-sik-hîng-thài
意識著	ì-sik-tio̍h
意譯	ì-i̍k
意象	ì-siōng
意願	ì-guān
愚人節	Gû-jîn-tsiat
愚圖	gû-tû
愚弄	gû-lōng
愚戇	gû-gōng
愚民	gû-bîn
愚蠢	gû-tshún
愚見	gû-kiàn
愚躕	gû-tû
愛丁堡	Ài-ting-pó
愛不釋手	ài-put-sik-tshiú
愛事	ài-sū
愛人	ài-jîn
愛人仔	ài-jîn-á
愛人撫撫	ài-lâng-hu-hu
愛人撫撫咧	ài-lâng-hu-hu-leh
愛台語	ài-tâi-gí
愛哭	ài-khàu
愛哭妃仔	ài-khàu-hui-á
愛哭神	ài-khàu-sîn
愛哭面	ài-khàu-bīn
愛哮	ài-háu
愛國	ài-kok
愛國心	ài-kok-sim
愛女	ài-lí
愛妻	ài-tshe
愛媛	Ài-uān
愛媛縣	Ài-uān-kuān
愛媠	ài-suí
愛嬌	ài-kiau
愛子	ài-tsú
愛展	ài-tián
愛德華	Ài-tik-huâ
愛心	ài-sim
愛恨	ài-hīn
愛恨交摻	ài-hūn-kau-tsham
愛情	ài-tsîng
愛惜	ài-sioh
愛慕	ài-bōo
愛戴	ài-tài
愛抐	ài-lā
愛抨人	ài-phinn-lâng
愛拚才會贏	ài-piànn-tsiah-ē-iânn
愛插事	ài-tshap-sū
愛斯提	Ài-su-tê
愛新覺羅	Ài-sin-kak-lô
愛樂	ài-ga̍k
愛橐錢的洗衫機	ài-lok-tsînn-ê-sé-sann-ki
愛欲	ài-beh
愛河	Ài-hô
愛清氣	ài-tshing-khì
愛爾蘭	Ài-nī-lân
愛犬	ài-khián
愛玉仔	ài-gio̍k-á
愛玉子	ài-gio̍k-tsí
愛用	ài-īng
愛睏	ài-khùn
愛睏樹	ài-khùn-tshiū
愛睏目	ài-khùn-ba̍k
愛睏神	ài-khùn-sîn
愛睏藥	ài-khùn-io̍h
愛睏鬼	ài-khùn-kuí
愛知	Ài-ti
愛知縣	Ài-ti-kuān
愛神	Ài-sîn
愛笑	ài-tshiò
愛紅	ài-hông
愛而蘭	Ài-jî-lân
愛耍	ài-sńg
愛臺語	ài-Tâi-gí
愛著	ài-tio̍h
愛著較慘死	ài-tio̍h-khah-tshám-sí
愛諍	ài-tsènn
愛講話	ài-kóng-uē
愛護	ài-hōo
愛迪生	Ài-ti̍k-sing
愛運動	ài-ūn-tōng
愛錢死好	ài-tsînn-sí-hó
愛阿蘭	Ài-o-lân
愛面子	ài-bīn-tsú
愛顧	ài-kòo
愛風神	ài-hong-sîn
愛體面	ài-thé-biān
愜意	kah-ì
感人	kám-jîn
感介	kám-kài
感佩	kám-phuè
感傷	kám-siong
感冒	kám-mōo
感冒液	kám-mōo-i̍k
感冷	kám-líng
感動	kám-tōng
感化	kám-huà
感受	kám-siū
感受著	kám-siū-tio̍h
感嘆	kám-thàn
感官	kám-kuan
感心	kám-sim
感性	kám-sìng
感恩	kám-in
感恩節	kám-in-tsiat
感情	kám-tsîng
感情威脅	kám-tsîng-ui-hia̍p
感情綁票	kám-tsîng-páng-phiò
感情要脅	kám-tsîng-iau-hia̍p
感想	kám-sióng
感慨	kám-khài
感應	kám-ìng
感應器	kám-ìng-khì
感懷	kám-huâi
感服	kám-ho̍k
感染	kám-jiám
感測鐵枝仔路	kám-tshik-thih-ki-á-lōo
感激	kám-kik
感著	kám-tio̍h
感著風	kám-tio̍h-hong
感覺	kám-kak
感覺著	kám-kak-tio̍h
感觸	kám-tshiok
感言	kám-giân
感謝	kám-siā
感謝恁的支持	kám-siā-lín-ê-tsi-tshî
感謝狀	Kám-siā-tsn̄g
感謝逐家	kám-siā-ta̍k-ke
感邪	kám-siâ
感風	kám-hong
愣愣去	gāng-gāng-khì
愣目	gāng-ba̍k
愣路	gāng-lōo
愣路神	gāng-lōo-sîn
愣面	gāng-bīn
愧疚	khuì-kiù
慄價	lik-kè
慄前腳	lik-tsîng-kha
慄勢	lik-sì
慄節	lik-tsat
慄膽	lik-tánn
慄色	lik-sik
慄落去	lik-lo̍h-khì
慄鼻	lik-phīnn
慈利	Tsû-lī
慈善	tsû-siān
慈姑	tsû-koo
慈幼	tsû-iù
慈悲	tsû-pi
慈惠堂	Tsû-huī-tn̂g
慈母	tsû-bó
慈湖	Tsû-ôo
慈祥	tsû-siông
慈禧太后	Tsû-hí-thài-hōo
慈谿	Tsû-khe
態度	thài-tōo
慌張	hong-tiong
慌狂	hiong-kông
慍忳	ùn-thùn
慎重	sīm-tiōng
慎重其事	sīn-tiōng-kî-sū
慒心	tso-sim
慒悶	tso-būn
慕名	bōo-bîng
慘不忍睹	tshám-put-jím-tóo
慘劇	tshám-kio̍k
慘慼	tshám-tsheh
慘敗	tshám-pāi
慘案	tshám-àn
慘死	tshám-sí
慘死了	tshám-sí-liáu
慘淡	tshám-tām
慘澹經營	tshám-tâm-king-îng
慘烈	tshám-lia̍t
慘狀	tshám-tsōng
慘痛	tshám-thòng
慘落	tshám-lo̍h
慘遇	tshám-gū
慘重	tshám-tiōng
慘齣	tshám-tshut
慚愧	tshâm-khuì
慢一跤步	bān-tsi̍t-kha-pōo
慢且	bān-tshiánn
慢且是	bān-tshiánn-sī
慢且走	bān-tshiánn-tsáu
慢來	bān-lâi
慢冬	bān-tang
慢冬稻	bān-tang-tiū
慢分	bān-hun
慢即	bān-tsiah
慢吞吞	bān-thun-thun
慢婚	bān-hun
慢性	bān-sìng
慢性病	bān-sìng-pēnn
慢慢	bān-bān
慢慢仔	bān-bān-á
慢手	bān-tshiú
慢步	bān-pōo
慢火	bān-hué
慢熟	bān-si̍k
慢皮	bān-phuê
慢經風	bān-king-hong
慢脾	bān-pî
慢脾風	bān-pî-hong
慢腳香	bān-kha-hiunn
慢走	bān-tsáu
慢趖	bān-sô
慢車	bān-tshia
慢車道	bān-tshia-tō
慢辱	bān-lio̍k
慢速野球	bān-sok-iá-kiû
慢鈍	bān-tūn
慢點	bān-tiám
慣例	kuàn-lē
慣勢	kuàn-sì
慣常	kuàn-siông
慣性	kuàn-sìng
慣手	kuàinn-tshiú
慣熟	kuàn-si̍k
慣用語	kuàn-iōng-gí
慣竊	kuàn-tshiap
慣練	kuàn-liān
慧根	huī-kin
慨嘆	khài-thàn
慨歎	khài-thàn
慨然	khài-jiân
慫使	sóng-su̍t
慰勉	uì-bián
慰勞	uì-lô
慰問	uì-būn
慰問金	uì-būn-kim
慰留	uì-liû
慶元	Khing-guân
慶典	khìng-tián
慶功宴	khìng-kong-iàn
慶幸	khìng-hīng
慶成	khìng-sîng
慶祝	khìng-tsiok
慶賀	khìng-hō
慷交	khóng-kau
慷慨	khóng-khài
慼入心	tsheh-ji̍p-sim
慼入骨	tsheh-ji̍p-kut
慼半死	tsheh-puànn-sí
慼心	tsheh-sim
慼變	tsheh-pìnn
慾望	io̍k-bōng
憂傷	iu-siong
憂容	iu-iông
憂心	iu-sim
憂患意識	iu-huān-ì-sik
憂悶	iu-būn
憂愁	iu-tshiû
憂慮	iu-lu
憂結結	iu-kat-kat
憂鬱症	iu-ut-tsìng
憋心憋肝	peh-sim-peh-kuann
憋腹	peh-pak
憐憫	lîn-bín
憑依	pîn-i
憑信	pîng-sìn
憑准	pîn-tsún
憑掠準	pîn-lia̍h-tsún
憑據	pîn-kì
憑本事	pîn-pún-sū
憑條	pîn-tiâu
憑準	pîn-tsún
憑福氣	pîn-hok-khì
憑良心	pîn-liâng-sim
憑藉	pîn-tsià
憑證	pîng-tsìng
憑頭	pîn-thâu
憑頭來	pîn-thâu-lâi
憔悴	tsiâu-tsuī
憚骨	tuānn-kut
憢疑	giâu-gî
憤怒	hùn-nōo
憤恨	hùn-hīn
憤慨	hùn-khài
憤憤不平	hùn-hùn-put-pîng
憤然	hùn-jiân
憨呆鴨	gōng-tai-ah
憨囝	khám-kiánn
憨大獃	khám-tuā-tai
憨大舍	khám-tuā-sià
憨戇	khám-gōng
憨氣	khám-khì
憨獃	khám-tai
憨的	khám-ê
憨笑	khám-tshiò
憨話	khám-uē
憲兵	hiàn-ping
憲宗	Hiàn-tsong
憲政	hiàn-tsìng
憲法	hiàn-huat
憲章	hiàn-tsiong
憶著	it-tio̍h
憾事	hām-sū
懂哧	táng-hiánn
懇切	khún-tshiat
懇求	khún-kiû
懇談	khún-tâm
懇請	khún-tshíng
應世	ìng-sè
應付	ìng-hù
應信	ìn-sìn
應允	ìng-ín
應分	ìng-hūn
應募	ìng-bōo
應卯	ìng-báu
應召	ìng-tiàu
應召站	ìng-tiàu-tsām
應呃	ìn-eh
應和	ìng-hô
應嘴	ìn-tshuì
應嘴應舌	ìn-tshuì-ìn-tsi̍h
應媵	ìn-thīn
應對	ìng-tuì
應對如流	ìng-tuì-jî-liû
應屆	ìng-kài
應市	ìng-tshī
應得	ìng-tit
應徵	ìng-ting
應急	ìng-kip
應戰	ìng-tsiàn
應承	ìng-sîng
應接	ìng-tsiap
應援	ìng-uān
應效	ìng-hāu
應景	ìng-kíng
應有盡有	ìng-iú-tsīn-iú
應滕	ín-thīn
應用	ìng-iōng
應當	ìng-tong
應答	ìn-tap
應米	ìn-bí
應聘	ìng-phìng
應聲	ìng-siann
應聲鑼	ìn-siann-lô
應試	ìng-tshì
應話	ìn-uē
應該	ìng-kai
應該然	ìng-kai-jiân
應諾	ìng-lo̍k
應護	ìng-hōo
應變	ìng-piàn
應運而生	ìng-ūn-lî-sing
應選	ìng-suán
應邀	ìng-iau
應酬	ìng-siû
應額	ìng-gia̍h
應驗	ìng-giām
懊呃	àu-eh
懊嘟嘟	àu-tū-tū
懊嘟面	àu-tū-bīn
懊恨	àu-hīn
懊惱	àu-náu
懊惱熱	àu-náu-jua̍h
懊惱癖	àu-náu-phiah
懊落	ò-lo̍h
懊頭凊面	àu-thâu-tshìn-bīn
懊鬱	àu-ut
懍懍	lún-lún
懍懾	lún-liap
懍膽	lún-tánn
懦勢	nōo-sì
懦性	nōo-sìng
懦懦	nōo-nōo
懫治	tsì-tī
懮容	iu-iông
懮鬱	iu-ut
懲戒	tîng-kài
懲罰	tîng-hua̍t
懵懂懵懂	bóng-bóng-tóng-tóng
懵膽	bòng-tánn
懶勢	nuā-sì
懶孵	nuā-pū
懶屍	lán-si
懶屍怪	Lán-si-kuài
懶屍睏	lán-si-khùn
懶屍蛇	lán-si-tsuâ
懶屍豬	lán-si-ti
懶屍骨	lán-si-kut
懶性	nuā-sìng
懶性地	nuā-sìng-tē
懶惰	lán-tō
懶懶	lán-lán
懶賤	nuā-tsuānn
懷囡仔	kuî-gín-á
懷孕	huâi-īn
懷德	huâi-tik
懷念	huâi-liām
懷恨	huâi-hīn
懷懷捾捾	kuî-kuî-kuānn-kuānn
懷抱	huâi-phō
懷時錶	kuî-sî-pió
懷水	kuî-tsuí
懷爐	huâi-lôo
懷疑	huâi-gî
懷疑主義	huâi-gî-tsú-gī
懷疑是	huâi-gî-sī
懷舊	huâi-kū
懷裡	huâi-nih
懷鄉	huâi-hiong
懸低爿	kuân-kē-pîng
懸低肩	kuân-kē-king
懸坎	kuân-khám
懸壓	kuân-ap
懸屐仔	kuân-kia̍h-á
懸案	hiân-àn
懸殊	hiân-sû
懸牆	kuan-tshiông
懸而未決	hiân-jî-bē-kuat
懸賞	hiân-sióng
懸踏	kuân-ta̍h
懸踏仔	kuân-ta̍h-á
懸踏鞋	kuân-ta̍h-ê
懸黐麵粉	kuân-thi-mī-hún
懺悔	tshàm-hué
懼怕	khū-phà
懼懼戰	khū-khū-tsùn
懼懼蹲	khū-khū-tsun
懼懼顫	khū-khū-tsun
懾人	liap-lâng
懾膽	liap-tám
戀人	luân-jîn
戀情	luân-tsîng
戀愛	luân-ài
戀歌	luân-kua
戇人	gōng-lâng
戇人節	gōng-jîn-tsiat
戇仔	gōng-á
戇仔魚	gōng-á-hî
戇仔鯊	gōng-á-sua
戇代誌	gōng-tāi-tsì
戇去	gōng-khì
戇呆	gōng-tai
戇哞哞	gōng-mà-mà
戇嘟嘟	gōng-tuh-tuh
戇囝	gōng-kiánn
戇囝仔	gōng-gín-ná
戇囡仔	gōng-gín-á
戇大呆	gōng-tuā-tai
戇大獃	gōng-tuā-tai
戇大豬	gōng-tuā-ti
戇子弟	gōng-tsú-tē
戇想	gōng-siūnn
戇愕	gōng-gia̍h
戇戇	gōng-gōng
戇戇想	gōng-gōng-siūnn
戇戇笑	gōng-gōng-tshiò
戇戇草	gōng-gōng-tsháu
戇戇踅	gōng-gōng-se̍h
戇柴柴	gōng-tshâ-tshâ
戇樹	gōng-tshiū
戇牛	gōng-gû
戇狗	gōng-káu
戇猴	gōng-kâu
戇猴挵石頭	gōng-kâu-lòng-tsio̍h-thâu
戇猴擔石頭	gōng-kâu-tann-tsio̍h-thâu
戇獃	gōng-tai
戇甲袂扒癢	gōng-kah-bē-pê-tsiūnn
戇目	gōng-ba̍k
戇直	gōng-ti̍t
戇神	gōng-sîn
戇福	gōng-hok
戇笑	gōng-tshiò
戇膽	gōng-tánn
戇虎	gōng-hóo
戇虎咬炮紙	gōng-hóo-kā-phàu-tsuá
戇蠓叮神明	gōng-báng-tìng-sîn-bîng
戇話	gōng-uē
戇豬	gōng-ti
戇趖	gōng-sô
戇阿舍	gōng-a-sià
戇霸霸	gōng-pà-pà
戇面	gōng-bīn
戇頭戇面	gōng-thâu-gōng-bīn
戇魚	gōng-hî
戇龜	gōng-ku
戊戌	bōo-sut
戊戌年	bōo-sut-nî
成丁	sîng-ting
成交	sîng-kau
成交量	sîng-kau-liāng
成人	tsiânn-lâng
成人好	tshiânn-lâng-hó
成人成	tshiânn-lâng-tsiânn
成仁	sîng-jîn
成仔	sîng-á
成份	sîng-hūn
成個月	tsiânn-kò-gue̍h
成做	tsiânn-tsò
成全	sîng-tsuân
成分	sîng-hun
成功	sîng-kong
成功大學	Sîng-kong-tāi-ha̍k
成功嶺	Sîng-kong-niá
成千	tsiânn-tshing
成千上萬	tsiânn-tshing-tsiūnn-bān
成吉思汗	Sîng-kiat-su-hān
成名	sîng-miâ
成命	tshiânn-miā
成員	sîng-uân
成員國	sîng-uân-kok
成問題	sîng-būn-tê
成囝	tsiânn-kiánn
成因	sîng-in
成堆	tsiânn-tui
成大	Sîng-tāi
成大病院	Sîng-tāi-Pēnn-īnn
成婚	sîng-hun
成宗	sîng-tsong
成家	tshiânn-ke
成家立業	sîng-ka-li̍p-gia̍p
成實	tsiânn-si̍t
成對	sîng-tuì
成就	sîng-tsiū
成就感	sîng-tsiū-kám
成年	tsiânn-nî
成年人	sîng-liân-lâng
成形	tsiânn-hîng
成成	tsiânn-tsiânn
成才出腳	tsiânn-tsâi-tshut-kioh
成擒	sîng-khîm
成敗	sîng-pāi
成文	sîng-bûn
成料	tsiânn-liāu
成本	sîng-pún
成本低	sîng-pún-kē
成材	sîng-tsâi
成果	sîng-kó
成格	tshiânn-kik
成樣	tsiânn-iūnn
成款	tsiânn-khuán
成物	tsiânn-mi̍h
成狀	tsîng-tsông
成甲無一塊著	sîng-kah-bô-tsi̍t-tè-tio̍h
成甲無拍交落	sîng-kah-bô-phah-ka-la̍uh
成百	tsiânn-pah
成立	sîng-li̍p
成章	sîng-tsiong
成算	sîng-suàn
成粒子	tsiânn-lia̍p-tsí
成績	sîng-tsik
成績單	sîng-tsik-tuann
成群結隊	sîng-kûn-kiat-tuī
成聖人	tsiânn-siànn-lâng
成腳數	tsiânn-kha-siàu
成萬	tsiânn-bān
成藥	sîng-io̍h
成見	sîng-kiàn
成親	sîng-tshin
成語	sîng-gí
成較那模仔印个	sîng-kah-ná-bôo-á-ìn-ê
成都	Sîng-too
成長	sîng-tióng
成長率	sîng-tióng-lu̍t
成雙	sîng-siang
成體	tsiânn-thé
我佇厝	guá-tī-tshù
我佮你	guá-kah-lí
我佮意你	guá-kah-ì-lí
我共你講	Guá-kā-lí-kóng
我到底看著啥	guá-tàu-té-khuànn-tio̍h-siánn
我到底看著啥物	guá-tàu-té-khuànn-tio̍h-siánn-mih
我去	guá-khì
我台語講了真好	guá-Tâi-gí-kóng-liáu-tsin-hó
我嘛是人	guá-mā-sī-lâng
我嘛欲	guá-mā-beh
我國	ngóo-kok
我干焦愛你	guá-kan-na-ài-lí
我強欲袂赴矣	Guá-kiōng-beh-bē-hù-ah
我恨你	guá-hūn-lí
我想欲去便所	guá-siūnn-beh-khì-piān-sóo
我愛你	guá-ài-lí
我愛台灣	guá-ài-Tâi-uân
我愛台語	guá-ài-Tâi-gí
我愛臺灣	guá-ài-Tâi-uân
我感覺	guá-kám-kak
我感覺袂歹用	guá-kám-kak-buē-pháinn-iōng
我感覺誠好用	guá-kám-kak-tsiânn-hó-īng
我拄啉過	guá-tú-lim-kuè
我拄才啉過	guá-tú-tsiah-lim-kuè
我方	ngóo-hong
我是台灣人	guá-sī-Tâi-uân-lâng
我是啥人	guá-sī-siánn-lâng
我是緣投仔桑	guá-sī-iân-tâu-á-sáng
我是香港人	Guá-sī-Hiong-káng-lâng
我會曉	guá-ē-hiáu
我會曉講	guá-ē-hiáu-kóng
我會驚	guá-ē-kiann
我欲	guá-beh
我欲來去𨑨迌	guá-beh-lâi-khì-tshit-thô
我欲來轉	Guá-beh-lâi-tńg
我欲出海去看海翁	guá-beh-tshut-hái-khì-khuànn-hái-ang
我欲去便所	guá-beh-khì-piān-sóo
我欲去台灣結婚辦桌	guá-beh-khì-Tâi-uân-kiat-hun-pān-toh
我欲去玩	Guá-beh-khì-sńg
我欲去食中晝	guá-beh-khì-tsia̍h-tiong-tàu
我欲去食晝	guá-beh-khì-tsia̍h-tàu
我欲去𨑨迌	Guá-beh-khì-tshit-thô
我欲學臺語	guá-beh-o̍h-Tâi-gí
我欲講的	guá-beh-kóng-ê
我毋知	guá-m̄-tsai
我毋知呢	guá-m̄-tsai-neh
我沒咧驚	guá-bô-leh-kiann
我沒錢	guá-bô-tsînn
我無想欲予汝睏	guá-bô-siūnn-beh-hōo-lí-khùn
我無想欲共你講	guá-bô-siūnn-beh-kā-lí-kóng
我無愛	guá-bô-ài
我無通食	guá-bô-thang-tsia̍h
我無錢	guá-bô-tsînn
我無錢啦	guá-bô-tsînn-lah
我猶原是我	guá-iû-guân-sī-guá
我看無	guá-khuànn-bô
我真𠢕	guá-tsin-gâu
我知影	guá-tsai-iánn
我砰啊	guá-piàng-ah
我聽攏無	guá-thiann-lóng-bô
我聽無	guá-thiann-bô
我苦	guá-khóo
我行我素	guá-hîng-ngóo-sòo
我袂曉	guá-bē-hiáu
我認為	guá-jīn-uî
我誠𠢕講台語	guá-tsiânn-gâu-kóng-Tâi-gí
我足佮意你	guá-tsiok-kah-ì-lí
我軍	ngóo-kun
我遮	guá-tsia
我間乃	guá-káinn-nái
戒備	kài-pī
戒嚴	kài-giâm
戒子	kài-tsí
戒心	kài-sim
戒急用忍	kài-kip-iōng-jím
戒慎	kài-sīn
戒掉	kài-tiāu
戒毒所	kài-to̍k-sóo
戒火草	kài-hué-tsháu
戒煙	kài-ian
戒燻	kài-hun
戒護	kài-hōo
戒酒	kài-tsiú
戕仔	tshiâng-á
戕害	tshiâng-hāi
或是	hi̍k-sī
或者	hi̍k-tsiá
戛仔	khat-á
戛仔球	khat-á-kiû
戛仔頭	khiat-á-thâu
戛土車	khat-thôo-tshia
戛水	khat-tsuí
戛火石	khiat-hué-tsio̍h
戛頭殼	khia̍k-thâu-khak
戡亂	kham-luān
戥仔	tíng-á
戥仔儀	tíng-á-gî
戥公仔	tíng-kong-á
截圖	tsia̍t-tôo
截拳道	tsia̍t-kûn-tō
截椅	tsa̍h-í
截止	tsia̍t-tsí
截然	tsia̍t-jiân
截然不同	tsia̍t-jiân-put-tông
截獲	tsia̍t-hi̍k
截稿	tsia̍t-kó
截肢	tsia̍t-ki
截銃道	tsia̍t-tshìng-tō
截開	tsue̍h-khui
戮力	lio̍k-li̍k
戮璇	lak-suān
戮空	lak-khang
戰亂	tsiàn-luān
戰事	tsiàn-sū
戰俘	tsiàn-hû
戰備	tsiàn-pī
戰前	tsiàn-tsîng
戰力	tsiàn-li̍k
戰區	tsiàn-khu
戰友	tsiàn-iú
戰史	tsiàn-sú
戰地	tsiàn-tē
戰場	tsiàn-tiûnn
戰壕	tsiàn-hô
戰士	tsiàn-sū
戰將	tsiàn-tsiòng
戰局	tsiàn-kio̍k
戰崎	tsiàn-kiā
戰役	tsiàn-ia̍h
戰後	tsiàn-āu
戰戰兢兢	tsiàn-tsiàn-king-king
戰敗	tsiàn-pāi
戰時	tsiàn-sî
戰果	tsiàn-kó
戰棚	tsiàn-pênn
戰機	tsiàn-ki
戰死	tsiàn-sí
戰況	tsiàn-hóng
戰湧	tsiàn-íng
戰火	tsiàn-hué
戰爭	tsiàn-tsing
戰狼	tsiàn-lông
戰狼式外交	tsiàn-lông-sik-guā-kau
戰甲	tsiàn-kah
戰甲蟲	tsiàn-kah-thâng
戰略	tsiàn-lia̍k
戰盔	tsiàn-khue
戰神	tsiàn-sîn
戰線	tsiàn-suànn
戰績	tsiàn-tsik
戰船	tsiàn-tsûn
戰艦	tsiàn-lām
戰術	tsiàn-su̍t
戰袍	tsiàn-pâu
戰車	tsiàn-tshia
戰雲密佈	tsiàn-hûn-bi̍t-pòo
戰風湧	tsiàn-hong-íng
戰鬥	tsiàn-tòo
戰鬥力	tsiàn-tòo-li̍k
戰鬥員	tsiàn-tòo-uân
戰鬥機	tsiàn-tòo-ki
戰鼓	tsiàn-kóo
戲份	hì-hūn
戲劇	hì-ki̍k
戲劇化	hì-ki̍k-huà
戲劇性	hì-ki̍k-sìng
戲台	hì-tâi
戲園	hì-hn̂g
戲弄	hì-lāng
戲弄節	Hì-lāng-tseh
戲搤搤出來	hì-iah-iah-tshut-lâi
戲文	hì-bûn
戲旦	hì-tuànn
戲曲	hì-khik
戲服	hì-ho̍k
戲棚	hì-pênn
戲棚腳	hì-pênn-kha
戲狀元	hì-tsiōng-guân
戲班	hì-pan
戲班仔	hì-pan-á
戲神	hì-sîn
戲簿	hì-phōo
戲精	hì-tsiann
戲肉	hì-bah
戲腳	hì-kioh
戲虎	hì-hóo
戲衫	hì-sann
戲言	hì-giân
戲謔	hì-hiauh
戲豬	hì-ti
戲路	hì-lōo
戲迷	hì-bê
戲院	hì-īnn
戲館	hì-kuán
戲齣	hì-tshut
戳仔	thok-á
戳印仔	tshop-ìn-á
戳記	tsho̍k-kì
戳透	thok-thàu
戳頭	thok-thâu
戴任	tè-jīm
戴口罩	kuà-tshuì-am
戴大帽	tì-tuā-bō
戴小鬼仔殼	tì-siáu-kuí-á-khak
戴山帽	tì-san-bō
戴帽仔	tì-bō-á
戴星草	tì-tshenn-tsháu
戴疕	tì-phí
戴笠	tì-lue̍h
戴笠仔	tì-le̍h-á
戴起來	tì-khí-lâi
戴髻鳥	tì-kè-tsiáu
戶主	hōo-tsú
戶內	hōo-lāi
戶口	hōo-kháu
戶口冊	hōo-kháu-tsheh
戶口簿	hōo-kháu-phōo
戶口簿仔	hōo-kháu-phōo-á
戶名	hōo-miâ
戶外	hōo-guā
戶尉	hōo-uì
戶戶	hōo-hōo
戶政	hōo-tsìng
戶橂	hōo-tīng
戶碇	hōo-tīng
戶碇腳	hōo-tīng-kha
戶籍	hōo-tsi̍k
戶長	hōo-tiúnn
戶頭	hōo-thâu
戽人客	hòo-lâng-kheh
戽台	hòo-tâi
戽後斗	hòo-āu-táu
戽掖	hòo-iā
戽斗	hòo-táu
戽斗星	hòo-táu-tshenn
戽斗面	hòo-táu-bīn
戽杓	hòo-sia̍h
戽桸	hòo-hia
戽水	hòo-tsuí
戽走	hòo-tsáu
戾恝話	lih-khiat-uē
房中術	pâng-tiong-su̍t
房事	pâng-sū
房價	pâng-kè
房厝	pâng-tshù
房契	pâng-khè
房客	pâng-kheh
房屋	pâng-ok
房捐稅	pâng-kuan-suè
房東	pâng-tong
房柱	pâng-thiāu
房產	pâng-sán
房祧	pâng-thiāu
房租	pâng-tsoo
房舍	pâng-sià
房貸	pâng-tāi
房門	pâng-mn̂g
房間	pâng-king
房頭	pâng-thâu
所以	sóo-í
所以然	sóo-í-jiân
所入不及所出	sóo-ji̍p-put-kip-sóo-tshut
所及	sóo-ki̍p
所在	sóo-tsāi
所在地	sóo-tsāi-tē
所學	sóo-ha̍k
所屬	sóo-sio̍k
所幸	sóo-hīng
所得	sóo-tik
所得稅	sóo-tit-suè
所擺	sóo-pái
所有	sóo-iú
所有人	sóo-iú-jîn
所為	sóo-uî
所發	sóo-huat
所益	sóo-ik
所羅門	Sóo-lô-bûn
所羅門群島	Sóo-lô-bûn-Kûn-tó
所致	sóo-tì
所裡	sóo-lí
所謂	sóo-uī
所講	sóo-kóng
所講的	sóo-kóng-ê
所費	sóo-huì
所辦	sóo-pān
所長	sóo-tiông
所靠	sóo-khò
扁嘴	pínn-tshuì
扁擔	pín-tann
扁擔葉	pin-tann-hio̍h
扁柏	pínn-peh
扁桃泉	pínn-thô-tsuânn
扁桃線	pínn-thô-suànn
扁竹	pínn-tik
扁籠	pínn-láng
扁翱	pínn-kô
扁蓄	pián-hiok
扁蟹	pínn-huē
扁豆	pínn-tāu
扁鑢	pínn-lē
扁鑽	pínn-tsǹg
扁食	pián-sit
扁食擔	pián-si̍t-tànn
扁食湯	pián-si̍t-thng
扁食皮	pián-si̍t-phuê
扁魚	pínn-hî
扁鼻	pínn-phīnn
扂定	tiām-tiānn
扂扂	tiām-tiām
扂扂仔	tiām-tiām-á
扂才	tiām-tsâi
扂治	tiām-tī
扂滇	tiām-tīnn
扂靜	tiām-tsīng
扇墜	sìnn-tuī
扇形車庫	sìnn-hîng-tshia-khòo
扇肉	sìnn-bah
扇葉	sìnn-hio̍h
扇骨	sìnn-kut
手䘼囊	tshiú-ńg-lông
手下	tshiú-ē
手下節	tshiú-ē-tsat
手中心	tshiú-tiong-sim
手交手	tshiú-kau-tshiú
手信	tshiú-sìn
手冊	tshiú-tsheh
手冗	tshiú-līng
手則	tshiú-tsik
手動	tshiú-tōng
手勢	tshiú-sì
手印	tshiú-ìn
手叉	tshiú-tshe
手只	tshiú-tsí
手囊	tshiú-lông
手大步拇	tshiú-tuā-pōo-bó
手套	tshiú-thò
手尾	tshiú-bué
手尾力	tshiú-bué-la̍t
手尾字	tshiú-bué-jī
手尾物	tshiú-bué-mi̍h
手尾錢	tshiú-bué-tsînn
手工	tshiú-kang
手工業	tshiú-kang-gia̍p
手工藝	tshiú-kang-gē
手巾	tshiú-kin
手巾蛇	tshiú-kin-tsuâ
手底	tshiú-té
手底撓	tshiú-té-ngiau
手底痕	tshiú-té-hûn
手彎	tshiú-uan
手形	tshiú-hîng
手後卵	tshiú-āu-nn̄g
手後彎	tshiú-āu-uan
手後窩	tshiú-āu-o
手後肚	tshiú-āu-tóo
手後臼	tshiú-āu-khū
手後蹬	tshiú-āu-tenn
手後蹺	tshiú-āu-khiau
手心	tshiú-sim
手扞仔	tshiú-huānn-á
手技	tshiú-ki
手指	tshiú-tsáinn
手按	tshiú-huānn
手挲	tshiú-so
手挹後	tshiú-iap-āu
手掌	tshiú-tsiúnn
手控	tshiú-khòng
手提包	tshiú-thê-pau
手提式	tshiú-thê-sik
手提袋	tshiú-thê-tē
手提電腦	tshiú-the̍h-tiān-náu
手揜後	tshiú-iap-āu
手摵茶	tshiú-tshi̍k-tê
手摸	tshiú-bong
手摺仔簿	tshiú-tsih-á-phōo
手摺簿	tshiú-tsih-phōo
手撐	tshiú-the
手撓	tshiú-ngiau
手擋	tshiú-tòng
手擋仔	tshiú-tòng-á
手攑孝杖才知哀	tshiú-gia̍h-hà-tn̄g-tsiah-tsai-ai
手數料	tshiú-sòo-liāu
手料錢	tshiú-liāu-tsînn
手斡彎	tshiú-uat-uan
手曲	tshiú-khiau
手杆	tshiú-kuainn
手束	tshiú-sok
手板	tshiú-pán
手枕	tshiú-tsím
手梳攑懸	tshiú-se-gia̍h-kuân
手榴彈	tshiú-liû-tuânn
手模	tshiú-bôo
手橐	tshiú-lok
手橐仔	tshiú-lok-á
手機	tshiú-ki
手機仔殼	tshiú-ki-á-khak
手機仔納錢	tshiú-ki-á-la̍p-tsînn
手機仔電動	tshiú-ki-á-tiān-tōng
手段	tshiú-tuānn
手氣	tshiú-khì
手汗	tshiú-kuānn
手法	tshiú-huat
手液	tshiú-sio̍h
手燒	tshiú-sio
手爪	tshiú-jiáu
手爪賤	tshiú-jiáu-tsiān
手牽手	tshiú-khan-tshiú
手琴	tshiú-khîm
手環	tshiú-khuân
手痕	tshiú-hûn
手痠錢	tshiú-sng-tsînn
手癢	tshiú-tsiūnn
手盤	tshiú-puânn
手目	tshiú-ba̍k
手相	tshiú-siòng
手眉深	tshiú-bâi-tshim
手碗	tshiú-uánn
手神重	tshiú-sîn-tāng
手禁	tshiú-kìm
手稿	tshiú-kó
手筆	tshiú-pit
手節	tshiú-tsat
手粘	tshiú-liâm
手紗攑懸	tshiú-se-gia̍h-kuân
手絡	tshiú-le
手縫	tshiú-phāng
手縫疏	tshiú-phāng-se
手續	tshiú-sio̍k
手續費	tshiú-sio̍k-huì
手肚	tshiú-tóo
手肚仁	tshiú-tóo-jîn
手肚肉	tshiú-tóo-bah
手股	tshiú-kóo
手股頭	tshiú-kóo-thâu
手腕	tshiú-uán
手腕骨	tshiú-uán-kut
手腡	tshiú-lê
手膏	tshiú-ko
手臂	tshiú-pì
手臼	tshiú-khū
手舉鼎	tshiú-gia̍h-tiánn
手藝	tshiú-gē
手螺	tshiú-lê
手術	tshiú-su̍t
手袂	tshiú-ńg
手袖	tshiú-siū
手襯	tshiú-tshìn
手襯仔	tshiú-tshìn-á
手豬仔	tshiú-ti-á
手賤	tshiú-tsiān
手足	tshiú-tsiok
手路	tshiú-lōo
手路戲	tshiú-lōo-hì
手路菜	tshiú-lōo-tshài
手蹄賤	tshiú-tê-tsiān
手蹺	tshiú-khiau
手車	tshiú-tshia
手車仔	tshiú-tshia-á
手轎	tshiú-kiō
手銃	tshiú-tshìng
手銃仔	tshiú-tshìng-á
手銃杯	tshiú-tshìng-pue
手銬	tshiú-khàu
手鋸	tshiú-kì
手錶	tshiú-pió
手鐲	tshiú-soh
手門	tshiú-mn̂g
手閒	tshiú-îng
手隨	tshiú-suî
手雷彈	tshiú-luî-tân
手電	tshiú-tiān
手電仔	tshiú-tiān-á
手電火	tshiú-tiān-hué
手霸	tshiú-pà
手靠	tshiú-khò
手面	tshiú-bīn
手面台	tshiú-bīn-tâi
手面錢	tshiú-bīn-tsînn
手頂節	tshiú-tíng-tsat
手頭	tshiú-thâu
手頭冗	tshiú-thâu-līng
手頭重	tshiú-thâu-tāng
手風	tshiú-hong
手風琴	tshiú-hong-khîm
手骨	tshiú-kut
手鼓	tshiú-kóo
才來	tsiah-lâi
才具	tsâi-khū
才女	tsâi-lú
才子	tsâi-tsú
才情	tsâi-tsîng
才才	tsiah-tsiah
才拄	tsiah-tú
才會使	tsiah-ē-sái
才氣	tsâi-khì
才疏	tsâi-soo
才疏學淺	tsâi-soo-ha̍k-tshián
才能	tsâi-lîng
才華	tsâi-huâ
才藝	tsâi-gē
才調	tsâi-tiāu
才閣講	tsiah-koh-kóng
扎咖啡	tāng-ko-pi
扎氣	tsah-khuì
扒倚	pê-uá
扒四展	peh-sì-thián
扒拔	peh-pui̍h
扒拼	peh-penn
扒控挖	pê-khàng-iah
扒癢	pê-tsiūnn
扒腹	peh-pak
扒船	pê-tsûn
扒虎貓	peh-hóo-niau
扒飯	pe-pn̄g
扒龍船	pê-lîng-tsûn
打件	tánn-kiānn
打倒	tánn-tó
打入	tánn-ji̍p
打劫	tánn-kiap
打動	tánn-tōng
打包票	tánn-pau-phiò
打卡	tánn-khah
打合	tánn-ha̍p
打坐	tánn-tsō
打字	tánn-jī
打官話	tánn-kuann-uē
打扎	tánn-tsah
打扮	tánn-pān
打扮做	tánn-pān-tsò
打折	tánn-tsiat
打折扣	tánn-tsiat-khàu
打抱不平	tánn-phō-put-pîng
打掃	tánn-sàu
打探	tánn-thàm
打揲	tánn-tia̍p
打撈	tánn-lô
打擂台	tánn-luî-tâi
打擊	tánn-kik
打擊率	tánn-kik-lu̍t
打擊者	tánn-kik-tsiá
打擾	tánn-jiáu
打敗	tánn-pāi
打整	tánn-tsíng
打斷	tánn-tuān
打歌	tánn-kua
打氣	tánn-khì
打法	tánn-huat
打消	tánn-siau
打游擊	tánn-iû-kik
打瀾	Tá-lân
打狗	tánn-káu
打猫	Tá-bâ
打現	tánn-hiān
打現金	tánn-hiān-kim
打疊	tánn-tia̍p
打發	tánn-huat
打算	tánn-sǹg
打罵	tánn-mē
打胎	tánn-thai
打角	tánn-kak
打貓	tánn-niau
打賭	tánn-tóo
打邊鼓	tánn-pian-kóo
打錢	tánn-tsînn
打限	tánn-hān
打饘	tánn-tsian
打馬武窟	Tánn-má-bú-khut
打馬油	tánn-má-iû
打馬火	tánn-má-hué
打馬煙	Tá-má-ian
打馬膠	tánn-má-ka
打鬥	tánn-tàu
打點	tánn-tiám
打鼓嶺	Tánn-kóo-niá
打鼓社	Tánn-kóo-siā
托下斗	thuh-ē-táu
托下頦	thuh-ē-huâi
托兒所	thok-jî-sóo
托嘴齒	thuh-tshuì-khí
托夢	thok-bāng
托枴仔	thuh-kuái-á
托椆	thuh-tiâu
托破	thuh-phuà
托福測驗	thok-hok-tshik-giām
托精神	thuh-tsing-sîn
托缽	thok-puat
托臭	thuh-tshàu
托話骨	thuh-uē-kut
托運	thok-ūn
托醒	thuh-tshénn
托頭	thok-thâu
托體能	thuh-thé-lîng
扛出	kng-tshut
扛桌仔	kng-toh-á
扛棺柴兼貿哭	kng-kuann-tshâ-kiam-bāu-khàu
扛轎	kng-kiō
扛轎个無雙頭才	kng-kiō-ê-bô-siang-thâu-tsâi
扞事人	huānn-sū-lâng
扞手	huānn-tshiú
扞梯	huānn-thui
扣壓	khàu-ap
扣抵	khàu-tú
扣押	khàu-ah
扣掉	khàu-tiāu
扣減	khàu-kiám
扣留	khàu-liû
扣破	khà-phuà
扣稅	khiò-suè
扣籃	khàu-nâ
扣繳	khàu-kiáu
扣繳憑單	khàu-kiáu-pîng-tuann
扣膦柝	khà-lān-kho̍k
扣薪	khàu-sin
扣虎膦	khà-hóo-lān
扣錢	khàu-tsînn
扣門	khà-mn̂g
扣除	khàu-tî
扣雷	khà-luî
扣電話	khà-tiān-uē
扦刺	tshuann-tshì
扭㨑	liú-tsang
扭力	niú-li̍k
扭大索	giú-tuā-soh
扭尻川	ngiú-kha-tshng
扭後腳	giú-āu-kha
扭掠	liú-lia̍h
扭曲	niú-khiok
扭橫科	giú-huâinn-kho
扭生理	giú-sing-lí
扭著	láu-tio̍h
扭著手	láu-tio̍h-tshiú
扭著筋	láu-tio̍h-kin
扭著頷管	láu-tio̍h-ām-kún
扭轆	liú-lak
扭鬃	liú-tsang
扮仙	pān-sian
扮勢	pān-sì
扮笑面	pān-tshiò-bīn
扮腳	pān-kioh
扮頭	pān-thâu
扯消	tshé-siau
扯煞	tshé-suah
扯筊	tshé-�kiáu
扲帶	gīm-tuà
扲手	gīm-tshiú
扲糖無洗手的朋友	gīm-thn̂g-bô-sé-tshiú-ê-pîng-iú
扲脈	gīm-me̍h
扳仔	pán-á
扳倒	pan-tó
扳手	pán-tshiú
扳斷	pan-tn̄g
扳金	pán-kim
扴耳	ke̍h-hīnn
扴膏	ke̍h-kô
扴跤扴手	ke̍h-kha-ke̍h-tshiú
扴路	ke̍h-lōo
扴𡳞拐	ke̍h-lān-kuāinn
扶人	phôo-lâng
扶仙	phôo-sian
扶大仙	hû-tuā-sian
扶尻川	phôo-kha-tshng
扶後腳	phôo-āu-kha
扶手	hû-tshiú
扶扎	phôo-tsah
扶扶挺挺	phôo-phôo-thánn-thánn
扶持	hû-tshî
扶挺	phôo-thánn
扶插	hû-tshah
扶搖直上	phôo-iô-ti̍t-siāng
扶搡	phôo-sáng
扶桌仔	phôo-toh-á
扶桑花	hû-song-hue
扶植	hû-si̍t
扶腳	phôo-kha
扶膦	phôo-lān
扶膦仙	phôo-lān-sian
扶膦脬	phôo-lān-pha
扶起來	phôo-khí-lâi
扶輪社	Hû-lûn-siā
扶阿共仔	phôo-a-kiōng-á
扶養	hû-iáng
批仔	phi-á
批令	phe-līng
批件	phe-kiānn
批信	phe-sìn
批准	phe-tsún
批判	phe-phuànn
批呢西仁	phe-ne-se-lîn
批囊	phe-lông
批局	phe-ki̍k
批改	phe-kái
批札	phe-tsat
批桶	phe-tháng
批橐	phe-lok
批橐仔	phe-lok-á
批殼	phe-khak
批水批	phue-tsuí-phue
批水披	phue-tsuí-phi
批發	phe-huat
批發價	phe-huat-kè
批皮	phe-phuê
批示	phe-sī
批筒	phe-tâng
批箱	phe-siunn
批紙	phe-tsuá
批肉	phue-bah
批覆	phe-hok
批評	phe-phîng
批評者	phe-phîng-tsiá
批貨	phe-huè
批購	phe-kòo
批車	phe-tshia
批銀	phe-gîn
批閱	phe-ua̍t
批駁	phe-pok
扽張	tùn-tiunn
扽手	tùn-tshiú
找死路	tshuē-sí-lōo
找空縫	tshuē-khang-phāng
找錢	tsāu-tsînn
找零星的	tsāu-lân-san-ê
找頭路	tshuē-thâu-lōo
找食	tshuē-tsia̍h
找麻煩	tsāu-mâ-huân
承包	sîng-pau
承包商	sîng-pau-siong
承受	sîng-siū
承德	Sîng-tik
承接	sîng-tsiap
承擔	sîng-tam
承攬	sîng-lám
承水	sîn-tsuí
承球	sîn-kiû
承發	sîng-huat
承租	sîng-tsoo
承續	sîng-sio̍k
承落來	sîn-lo̍h-lâi
承製	sîng-tsè
承話鬚	sîn-uē-tshiu
承認	sîng-jīn
承諾	sîng-lo̍k
承辦	sîng-pān
承造	sîng-tsō
承運	sîng-ūn
承銃子	sîn-tshìng-tsí
承銷	sîng-siau
承銷人	sîng-siau-jîn
承雨	sîn-hōo
承頭槌	sîn-thâu-thuî
技士	ki-sū
技工	ki-kang
技巧	ki-khiáu
技師	ki-su
技手	ki-tshiú
技正	ki-tsìng
技能	ki-lîng
技藝	ki-gē
技術	ki-su̍t
技術員	ki-su̍t-uân
技術學院	ki-su̍t-ha̍k-īnn
抄人	tshau-lâng
抄人膎	tshiau-lâng-kê
抄人鮭	tshiau-lâng-kê
抄家	tshiau-ke
抄寫	tshau-siá
抄底	tshau-té
抄找	tshiau-tshuē
抄正	tshau-tsiànn
抄身軀	tshiau-sin-khu
抄近路	tshau-kīn-lōo
抄錄	tshau-lo̍k
抈壁	mooh-piah
抈壁廚	mooh-piah-tû
抈壁鬼	mooh-piah-kuí
抈鼻仔	mooh-phīnn-á
抉擇	kuat-ti̍k
抉豬胚	kuat-ti-phue
把場	pé-tiûnn
把守	pá-siú
把戲	pá-hì
把手面	pé-tshiú-bīn
把持	pá-tshî
把握	pá-ak
把柄	pá-pìnn
把水	pé-tsuí
把玩	pá-uán
把盞	pé-tsuánn
把縛	pé-pa̍k
把路	pé-lōo
把關	pá-kuan
把風	pá-hong
抌掉	tìm-tiāu
抌篤	tìm-táu
抌色	tìm-sik
抐屎	lā-sái
抐枝	lā-ki
抐舌	lā-tsi̍h
抐豬屎	lā-ti-sái
抑低	ah-kē
抑屈	ah-khut
抑早	iah-tsá
抑是	ia̍h-sī
抒情詩	su-tsîng-si
抒發	su-huat
抓仔	jiàu-á
抓扒仔	jiàu-pê-á
抓癢	jiàu-tsiūnn
抔起來	put-khí-lâi
投丁	tâu-ting
投人	tâu-lâng
投保	tâu-pó
投入	tâu-ji̍p
投合	tâu-ha̍p
投告	tâu-kò
投奔	tâu-phun
投嫌	tâu-hiâm
投宿	tâu-siok
投射	tâu-siā
投影機	tâu-iánn-ki
投影燈	tâu-iánn-ting
投影片	tâu-iánn-phìnn
投手	tâu-tshiú
投效	tâu-hāu
投文	tâu-bûn
投文書	tâu-bûn-su
投書	tâu-su
投案	tâu-àn
投標	tâu-pio
投機	tâu-ki
投水	tâu-tsuí
投水死	thiàu-tsuí-sí
投注	tâu-tsù
投球	tâu-kiû
投石	tâu-tsio̍h
投石問路	tâu-tsio̍h-būn-lōo
投票	tâu-phiò
投票所	tâu-phiò-sóo
投稿	tâu-kó
投籃	tâu-nâ
投網	tâu-bāng
投考	tâu-khó
投者	tâu-tsiá
投胎	tâu-thai
投苦	tâu-khóo
投訴	tâu-sòo
投話	tâu-uē
投誠	tâu-sîng
投資	tâu-tsu
投資人	tâu-tsu-jîn
投資回報率	tâu-tsu-huê-pò-lu̍t
投身	tâu-sin
投軍	tâu-kun
投降	tâu-hâng
投靠	tâu-khò
抗原	khòng-guân
抗命	khòng-bīng
抗戰	khòng-tsiàn
抗拒	khòng-kī
抗日	khòng-ji̍t
抗暴	khòng-pō
抗熱	khòng-jia̍t
抗爭	khòng-tsing
抗生素	khòng-sing-sòo
抗組織胺	khòng-tsoo-tsit-an
抗衡	khòng-hîng
抗議	khòng-gī
抗議書	khòng-gī-su
抗辯	khòng-piān
抗體	khòng-thé
折人	tsi̍h-lâng
折仔戲	tsiat-á-hì
折半	tsiat-puànn
折對半	tsiat-tuì-puànn
折尪仔	tsih-ang-á
折成	tsiat-sîng
折扣	tsiat-khàu
折拗	tsih-áu
折揚	tsi̍h-iāng
折磨	tsiat-buâ
折福	tsiat-hok
折站	tsi̍h-tsām
折節	tsi̍h-tsat
折聲	tsiat-siann
折舊	tsiat-kū
折落	thiah-làu
折衷	tsiat-tiong
折返	tsiat-huán
折錢	tsiat-tsînn
折頭	tsiat-thâu
抨擊	pîng-kik
抨石頭	phiann-tsio̍h-thâu
抨轉來	phinn-tńg-lâi
披凋	phi-ta
披埕	phi-tiânn
披掛上陣	phi-kuà-siāng-tīn
披曝	phi-pha̍k
披粟	phi-tshik
披肩	phi-kian
披衫	phi-sann
披身	phi-sin
披開	phi-khui
披露	phi-lōo
抬舉	thai-kí
抱不平	phāu-put-pîng
抱佛腳	phāu-hu̍t-kha
抱來的	phō-lâi-ê
抱個	phō-ê
抱動	phō-tāng
抱去摸	phō-khì-bong
抱去瘼	phō-khì-moh
抱去𢯾	phōo-khì-mooh
抱咧	phō-leh
抱囝仔	phō-gín-á
抱大腿	phō-tuā-thuí
抱定	phō-tīng
抱心	phō-sim
抱心旁	phō-sim-pîng
抱心痧	phō-sim-sua
抱怨	phāu-uàn
抱悲觀	phāu-pi-kuan
抱抱挺挺	phō-phō-thánn-thánn
抱持	phō-tî
抱枕	phō-tsím
抱樂觀	phāu-lok-kuan
抱樹蓮	phō-tshiū-liân
抱樹蕨	phō-tshiū-kueh
抱歉	phō-khiām
抱決心	phāu-kuat-sim
抱生	phō-senn
抱的	phō-ê
抱穩	phō-ún
抱負	phāu-hū
抱起毛	phō-khí-moo
抱重	phō-tāng
抱頭鼠竄	phāu-thâu-tshú-tshuàn
抱魁魍	phō-khe-bóng
抵付	tí-hù
抵住	tí-tsū
抵償	tí-sióng
抵制	té-tsè
抵塞	tí-sik
抵好	tú-hó
抵平	tú-pênn
抵手	tú-tshiú
抵扣	tí-khàu
抵抗	té-khòng
抵抗力	tí-khòng-li̍k
抵抗性	tí-khòng-sìng
抵抵	tú-tú
抵抵走	tú-tú-tsáu
抵押	tí-ah
抵押品	tí-ah-phín
抵押權	tí-ah-kuân
抵採	tú-tshái
抵撞	tú-tn̄g
抵擋	tí-tòng
抵敵	tí-tik
抵數	tú-siàu
抵水	tú-tsuí
抵消	tí-siau
抵當	tí-tong
抵禦	tí-gū
抵統	té-thóng
抵罪	tí-tsuē
抵著	tú-tio̍h
抵觸	tí-tshiok
抵起	tú-khí
抵達	tí-ta̍t
抵還	tí-huân
抵銷	tí-siau
抵額	tí-gia̍h
抹刀	buah-to
抹壁雙面光	buah-piah-siang-bīn-kng
抹平	buah-pênn
抹烏	buah-oo
抹片	buah-phìnn
抹粉	buah-hún
抹茶	buat-tê
押出	ah-tshut
押利	ah-lāi
押匯	ah-huē
押尾	ah-bué
押尾後	ah-bué-āu
押後	ah-āu
押數	ah-siàu
押榜	ah-pńg
押標金	ah-pio-kim
押煞	ah-suah
押票	ah-phiò
押解	ah-kái
押載	ah-tsài
押送	ah-sàng
押金	ah-kim
押韻	ah-ūn
抽份	thiu-hūn
抽兵	thiu-ping
抽出	thiu-tshut
抽刀	thiu-to
抽分	thiu-hun
抽劍	thiu-kiàm
抽動	thiu-tāng
抽卡	tiuh-khah
抽取	thiu-tshú
抽壽	thiu-siū
抽弄	thiu-thāng
抽後線	thiu-āu-suànn
抽後腳	thiu-āu-kha
抽成	thiu-siânn
抽抽	thiu-thiu
抽換	thiu-uānn
抽撥	thiu-puah
抽數撬仔	thiu-siàu-kiāu-á
抽查	thiu-tsa
抽樣	thiu-iūnn
抽歲壽	thiu-huè-siū
抽氣機	thiu-khì-ki
抽水	thiu-tsuí
抽水機	thiu-tsuí-ki
抽油煙機	thiu-iû-ian-ki
抽獎	thiu-tsióng
抽疼	thiu-thiànn
抽痛	thiu-thiànn
抽砂	thiu-sua
抽稅	thiu-suè
抽稿	thiu-kó
抽空	thiu-khang
抽筋	thiu-kin
抽筋症	thiu-kin-tsìng
抽篙	thiu-ko
抽籤	thiu-tshiam
抽絲	thiu-si
抽考	thiu-khó
抽脫	thiu-thuah
抽虎鬚	liu-hóo-tshiu
抽血	thiu-hueh
抽象	thiu-siōng
抽象名詞	thiu-siōng-bîng-sû
抽象概念	thiu-siōng-khài-liām
抽象畫	thiu-siōng-uē
抽象論	thiu-siōng-lūn
抽豬母稅	thiu-ti-bó-suè
抽退	thiu-thè
抽長	thiu-tn̂g
抽頭	thiu-thâu
抽風機	thiu-hong-ki
抽高	thiu-ko
抽鬮	liu-khau
抾人个屎尾	khioh-lâng-ê-sái-bué
抾囝	khioh-kiánn
抾囝母	khioh-kiánn-bó
抾囡仔	khioh-gín-á
抾媽	khioh-má
抾拾	khioh-si̍p
抾捔	khioh-ka̍k
抾水池	khioh-tsuí-tî
抾燈火屎	khioh-ting-hué-sái
抾物件	khioh-mi̍h-kiānn
抾獲	khioh-hi̍k
抾稅	khioh-suè
抾箬仔	khioh-ha̍h-á
抾結	khioh-kat
抾習	khioh-si̍p
抾菜	khioh-tshài
抾著	khioh-tio̍h
抾著銃	khioh-tio̍h-tshìng
抾錢	khioh-tsînn
抿仔	bín-á
抿喙齒	bín-tshuì-khí
抿洗	bín-sé
拂塵	hu̍t-tîn
拂落去	hut-lo̍h-khì
拂走	put-tsáu
拄仔好	tú-á-hó
拄才	tú-tsiah
拄拄仔	tú-tú-á
拄拄仔好	tú-tú-á-hó
拄拄好	tú-tú-hó
拄著	tú-tio̍h
拄開始	tú-khai-sí
拆伙灶	thiah-hué-tsàu
拆伙鼎	thiah-hué-tiánn
拆厝	thiah-tshù
拆合	thiah-ha̍h
拆單	thiah-tuann
拆壇	thiah-tuânn
拆夥	thiah-hué
拆夥計	thiah-hué-kì
拆字	thiah-jī
拆字數	thiah-jī-sòo
拆害	thiah-hāi
拆封	thiah-hong
拆封條	thiah-hong-tiâu
拆批	thiah-phe
拆掉	thiah-tiāu
拆散	thiah-suànn
拆散賣	thiah-suánn-bē
拆明	thiah-bîng
拆杈	thiah-tshe
拆毀	thiah-huí
拆白	thiah-pe̍h
拆破	thiah-phuà
拆碎碎	thiah-tshuì-tshuì
拆票	thiah-phiò
拆笚	thiah-ha̍h
拆箬	thiah-ha̍h
拆股	thiah-kóo
拆腿	thiah-thuí
拆落	thiah-lo̍h
拆藥	thiah-io̍h
拆藥仔	thiah-io̍h-á
拆藥單	thiah-io̍h-tuann
拆裂	thiah-li̍h
拆身	thiah-sin
拆開	thiah-khui
拆開用	thiah-khui-īng
拆閱	thiah-ia̍t
拆除	thiah-tî
拆食	thiah-tsia̍h
拆食落腹	thiah-tsia̍h-lo̍h-pak
拈田嬰	liam-tshân-enn
拈香	liam-hiunn
拈鬮	liam-khau
拈鬮仔	liam-khau-á
拉丁	la-ting
拉丁字	La-ting-jī
拉丁教會	La-ting-kàu-huē
拉丁美洲	La-ting-bí-tsiu
拉丁語	La-ting-gí
拉借	la-tsioh
拉嘻拉嘻	la-hi-la-hi
拉回	la-huê
拉圇仔燒	la-lun-á-sio
拉圇燒	la-lûn-sio
拉拉山	La-lá-suann
拉涼	la-liâng
拉涼話	la-liâng-uē
拉穇	la-sam
拉薩	La-sat
拉鉤	la-kau
拉鍊	la-liān
拉閒	la-îng
拉饞	la-sâm
拉麵	la-mī
拊仔	hú-á
拊拊咧	hú-hú-leh
拊拊的	hú-hú-ê
拋下	phau-hā
拋倒轉	pha-tò-tńg
拋光	phau-kng
拋出	phau-tshut
拋售	pha-siû
拋妻離子	phau-tshe-lî-tsú
拋彎路	pha-uan-lōo
拋拋走	pha-pha-tsáu
拋拋走節目	pha-pha-tsáu-tsiat-bo̍k
拋捎	pha-sa
拋搔	pha-sa
拋棄	pha-khì
拋物線	phau-bu̍t-suànn
拋碇	pha-tiānn
拋磚引玉	pha-tsng-ín-gi̍k
拋籐	pha-tîn
拋網	pha-bāng
拋繡球	phau-siù-kiû
拋船	pha-tsûn
拋荒	pha-hng
拋荒地	pha-hng-tē
拋藤	pha-tîn
拋車輦	pha-tshia-lián
拋車輾斗	pha-tshia-lìn-táu
拋輦斗	pha-lián-táu
拋輾斗	pha-lìn-táu
拋近路	pha-kīn-lōo
拋遠路	pha-hn̄g-lōo
拋錠	pha-tiānn
拋魚	pha-hî
拋麒麟	pha-kî-lîn
拌嘴舌	puānn-tshuì-tsi̍h
拌土粉	puānn-thôo-hún
拌掉	puānn-tiāu
拌紅毛土	puânn-âng-mn̂g-thôo
拌胡蠅	puānn-hôo-sîn
拌蚊	puānn-báng
拌鬖	puānn-sàm
拌鬚	puānn-tshiu
拍七折	phah-tshit-tsiat
拍交落	phah-ka-la̍uh
拍人	phah-lâng
拍人無心適	phah-lâng-bô-sim-sik
拍人無風神	phah-lâng-bô-hong-sîn
拍人的喝救人	phah-lâng-ê-huah-kiù-lâng
拍伊無張持	phah-i-bô-tiunn-tî
拍來	phah-lâi
拍做	phah-tsò
拍價	phah-kè
拍冷	phah-líng
拍冷銃	phah-líng-tshìng
拍凊	phah-tshìn
拍出	phah-tshut
拍分數	phah-hun-sòo
拍刺酸呃	phah-tshiah-suinn-eh
拍前站	phah-tsiân-tsām
拍劫	phah-kiap
拍包	phah-pau
拍卡	phah-khah
拍叉	phah-tshe
拍叉仔	phah-tshe-á
拍嘴古	phah-tshuì-kóo
拍嘴鼓	phah-tshuì-kóo
拍噎	phah-eh
拍噗仔	phah-phòo-á
拍嚮	phah-hiáng
拍垃圾	phah-lah-sap
拍基礎	phah-ki-tshóo
拍壞	phah-hāi
拍子	phah-tsí
拍孔	phah-khang
拍字	phah-jī
拍字機	phah-lī-ki
拍字法	phah-jī-huat
拍字盤	phah-jī-puânn
拍字行	phah-jī-hâng
拍官司	phah-kuann-si
拍定	phah-tiānn
拍害	phah-hāi
拍富	phah-hù
拍工	phah-kang
拍幾下	phah-kuí-ē
拍形	phah-hîng
拍徛格	phah-khiā-kê
拍手	phah-tshiú
拍手銃	phah-tshiú-tshìng
拍抐涼	phah-lā-liâng
拍折	phah-tsiat
拍折貨	phah-tsiat-huè
拍拄起	phah-tú-khí
拍拉涼	phah-la-liâng
拍拍器	phah-phik-khì
拍拚	phah-piànn
拍拚做工	phah-piànn-tsò-kang
拍招呼	phah-tsio-hoo
拍拳	phah-kûn
拍拳師	Phah-kûn-sai
拍拳頭	phah-kûn-thâu
拍捋	phah-lua̍h
拍插	phah-tshap
拍擂台	phah-luî-tâi
拍擦銷	phah-tshat-siau
拍散	phah-suànn
拍斷手骨顛倒勇	Phah-tn̄g-tshiú-kut-tian-tò-ióng
拍斷鼓柄	phah-tn̄g-kóo-pìnn
拍暗號	phah-àm-hō
拍木勝	phah-bo̍k-sìng
拍板	phik-pán
拍架	phah-kè
拍桀	phah-ke̍h
拍棉仔	phah-mî-á
拍棉被	phah-mî-phuē
拍棒球	phah-pāng-kiû
拍槍	siā-ki̍k
拍模	phah-bôo
拍樣	phah-iūnn
拍歌	phah-kua
拍武	phah-bú
拍死人膽	phah-sí-lâng-tánn
拍死板	phah-sí-pán
拍死結	phah-sí-kat
拍殕仔光	phah-phú-á-kng
拍殕光	phah-phú-kuinn
拍氣	phah-khì
拍游擊	phah-iû-kik
拍滷	phah-lóo
拍澹	phah-tâm
拍瀑拉族	Phah-po̍k-lá-tso̍k
拍火	phah-hué
拍火兄弟	phah-hué-hiann-tī
拍火機	phah-hué-ki
拍火水頭	phah-hué-tsuí-thâu
拍火燒	phah-hué-sio
拍火罐	phah-hué-kuàn
拍炮	phah-phàu
拍無	phah-bô
拍無去	phah-bô-khì
拍無著	phah-bô-tio̍h
拍煙腸	phah-ian-tshiâng
拍爽	Phah-sóng
拍狗毋出門个天	phah-káu-m̄-tshut-muî-ê-thinn
拍獵	phah-la̍h
拍獵者	phah-la̍h-tsiá
拍珠仔	phah-tsu-á
拍球	phah-kiû
拍皺	phah-jiâu
拍石	phah-tsio̍h
拍石師	phah-tsio̍h-sai
拍石的	phah-tsio̍h-ê
拍矸轆	phah-kan-lo̍k
拍碎	phah-tshuì
拍票	phah-phiò
拍種	phah-tsíng
拍稿	phah-kó
拍空	phah-khang
拍第一	phah-tē-it
拍箍	phah-khoo
拍箍仔	phah-khoo-á
拍箍飛	phah-khoo-pue
拍算	phah-sǹg
拍籃球	phah-nâ-kiû
拍粟	phah-tshik
拍紙漿	phah-tsuá-tsiunn
拍結	phah-kat
拍結球	phah-kat-kiû
拍網球	phah-bāng-kiû
拍總	phah-tsóng
拍胡蠅	phah-hôo-sîn
拍胸	phah-hing
拍胸坎	phah-hing-khám
拍脈	lia̍h-me̍h
拍脫身	phah-thuat-sin
拍腳倉	phah-kha-tshng
拍膭	phah-kuī
拍茹	phah-lû
拍荒	phah-hng
拍落	phah-lo̍h
拍落公	phah-lo̍h-kong
拍落水狗	phah-lo̍h-tsuí-káu
拍薄	phah-po̍h
拍虎掠賊也著親兄弟	Phah-hóo-lia̍h-tsha̍t-iā-tio̍h-tshin-hiann-tī
拍蜂	phah-phang
拍蠓機	phah-báng-ki
拍蠟	phah-la̍h
拍袪	phah-khiap
拍觸衰	phah-tshik-sue
拍賣	phah-bē
拍贏	phah-iânn
拍走去	phah-tsáu-khì
拍起	phah-khí
拍趕	phah-kuánn
拍車單	phah-tshia-tuann
拍車票	phah-tshia-phiò
拍通套	phah-thong-thò
拍通透	phah-thong-thàu
拍遨	phah-gô
拍還動	phah-huân-tōng
拍醒	phah-tshénn
拍釘仔	phah-ting-á
拍針	phah-tsiam
拍銃	phah-tshìng
拍銅鑼	phah-tâng-lô
拍鐵仔	phah-thih-á
拍鐵仔師	phah-thih-á-sai
拍鐵仔師傅	phah-thih-á-sai-hū
拍鐵婆	phah-thih-pô
拍鐵師	phah-thih-sai
拍鐵師傅	phah-thih-sai-hū
拍鐵的	phah-thih-ê
拍鑼鼓	phah-lô-kóo
拍門	phah-mn̂g
拍雷公	phah-luî-kong
拍電影	phah-tiān-iánn
拍電腦	phah-tiān-náu
拍電話	phah-tiān-uē
拍青驚	phah-tshenn-kiann
拍預防針	phah-ū-hông-tsiam
拍頭子	phah-thâu-tsí
拍風	phah-hong
拍風雷	phah-hong-luî
拍饒	phah-liâu
拍騙	phah-phiàn
拍驚	phah-kiann
拍驚動	phah-kiann-tāng
拍鱗	phah-lân
拍鳥	phah-tsiáu
拍鳥仔喙	phah-tsiáu-á-tshuì
拍鳥弓仔	phah-tsiáu-king-á
拍麻雀	phah-muâ-tshiok
拍鼓	phah-kóo
拎桌仔	lîng-toh-á
拎馬	lîng-bé
拐仔	kuái-á
拐帶	kuái-tài
拐弄	kuái-lāng
拐棍	kuái-kùn
拐王	kuái-ông
拐誘	kuái-iú
拐賣	kuái-bē
拐走	kuái-tsáu
拐馬跤	kuáinn-bé-kha
拐騙	kuái-phiàn
拑家	khînn-ke
拒付	kī-hù
拒捕	kī-póo
拒絕	kī-tsua̍t
拒繳	kī-kiáu
拒食症	kū-si̍t-tsìng
拓寬	thok-khuan
拓展	thok-tián
拓張	thok-tiong
拓荒	thok-hong
拔仔票	pa̍t-á-phiò
拔出	pui̍h-tshut
拔劍	pue̍h-kiàm
拔大索	pue̍h-tuā-soh
拔封	pui̍h-hong
拔封栱	pui̍h-hong-kóng
拔掉	pui̍h-tiāu
拔桶	pue̍h-tháng
拔河	pua̍t-hô
拔猴頭	pui̍h-kâu-thâu
拔痕	pue̍h-hûn
拔目	pui̍h-ba̍k
拔直	pua̍h-ti̍t
拔索	pui̍h-soh
拔脛	pue̍h-kènn
拔腳	pua̍h-kha
拔虎鬚	pue̍h-hóo-tshiu
拔起來	pui̍h-khí-lâi
拔除	pua̍t-tî
拔馬社	Pua̍h-bé-siā
拔骨	pue̍h-kut
拔高	pue̍h-ko
拔鹿角	pue̍h-lo̍k-kak
拖仔	thua-á
拖仔鞋	thua-á-ê
拖倒	thua-tó
拖債	thua-tsè
拖命	thua-miā
拖喋	thua-thi̍h
拖土	thua-thôo
拖塗跤	thua-thôo-kha
拖墜	thua-thuī
拖尾星	thua-bué-tshenn
拖屎連	thua-sái-liân
拖工	thua-kang
拖布	thua-pòo
拖帆	thua-phâng
拖平	thua-pênn
拖延	thua-iân
拖延戰術	thua-iân-tsiàn-su̍t
拖後腿	thua-āu-thuí
拖懶	thua-nuā
拖拖沙沙	thua-thua-sua-sua
拖提	thua-thê
拖摧	thua-tshuê
拖斗	thua-táu
拖昳	thua-thi̍h
拖時間	thua-sî-kan
拖棚	thua-pênn
拖欠	thua-khiàm
拖沙	thua-sua
拖病	thua-pēnn
拖目	thuah-ba̍k
拖目尾	thua-ba̍k-bué
拖直	thua-ti̍t
拖磨	thua-buà
拖窗	thuah-thang
拖窗目	thuah-thang-ba̍k
拖累	thua-luī
拖網漁船	thua-bāng-hî-tsûn
拖纏	thua-tînn
拖老命	thua-lāu-miā
拖船	thua-tsûn
拖身命	thua-sin-miā
拖車	thua-tshia
拖過	thua-kuè
拖過去	thua-kuè-khì
拖鍊仔	thuah-liān-á
拖長	thua-tn̂g
拖門	thuah-mn̂g
拖駁	thua-pok
拖骿	thua-phiann
拗人	áu-lâng
拗價	áu-kè
拗口	áu-kháu
拗喙口	áu-tshuì-kháu
拗執	áu-tsip
拗屈	áu-khut
拗彎	áu-uan
拗折	áu-tsi̍h
拗斷	áu-tn̄g
拗橫	áu-huâinn
拗氣	áu-khì
拗理	áu-lí
拗疊	áu-thia̍p
拗疊手機	áu-thia̍p-tshiú-ki
拗癖	áu-phiah
拗相公	áu-siòng-kong
拗秤頭	áu-tshìn-thâu
拗紙	áu-tsuá
拗紨	áu-pôo
拗落拖	áu-lo̍h-thua
拗蠻	áu-bân
拗蠻仔	áu-bân-á
拗角	áu-kak
拗話	áu-uē
拗跤	áu-kha
拗蹺	áu-khiau
拗遏手機	áu-at-tshiú-ki
拗量頭	áu-niū-thâu
拗鞋靪	áu-ê-tinn
拗韻	áu-ūn
拗鬱	áu-ut
拗黃	áu-n̂g
拘執	khu-tsip
拘役	khu-ia̍h
拘押	khu-ah
拘捕	khu-póo
拘提	khu-thê
拘束	khu-sok
拘留	khu-liû
拘留所	khu-liû-sóo
拘票	khu-phiò
拘禁	khu-kìm
拘謹	khu-kín
拘那花	khu-ná-hue
拘鵝	khu-gô
拙荊	tsuat-king
拚一下厚薄	piànn-tsi̍t-ē-kāu-po̍h
拚一个公母	piànn-tsi̍t-ê-kang-bó
拚一个厚薄	piànn-tsi̍t-ê-kāu-po̍h
拚一个懸低	piànn-tsi̍t-ê-kuân-kē
拚俗	piànn-sio̍k
拚俗貨	piànn-sio̍k-huè
拚價	piànn-kè
拚價數	piànn-kè-siàu
拚入	piànn-ji̍p
拚入來	piànn-ji̍p-lâi
拚凊汗	piànn-tshìn-kuānn
拚出去	piànn-tshut-khì
拚到位	piànn-kàu-uī
拚力	piànn-la̍t
拚勢	piànn-sì
拚博	piànn-poh
拚厚薄	piànn-kāu-po̍h
拚台	piànn-tâi
拚命	piànn-miā
拚孤注	piànn-koo-tù
拚性命	piànn-sènn-miā
拚房	piànn-pâng
拚掃	piànn-sàu
拚摔	piànn-siak
拚暝	piànn-mê
拚暝工	piànn-mê-kang
拚死	piànn-sí
拚氣	piànn-khuì
拚注	piànn-tù
拚瀉	piànn-sià
拚生死	piànn-senn-sí
拚生理	piànn-sing-lí
拚白虎湯	piànn-pe̍h-hóo-thng
拚盤	piànn-puânn
拚緊	piànn-kín
拚緊車	piànn-kín-tshia
拚腹	piànn-pak
拚落去	piànn-lo̍h-khì
拚血	piànn-hueh
拚角頭	piànn-kak-thâu
拚計智	piànn-kè-tì
拚貨底	piànn-huè-té
拚路	piànn-lōo
拚身死	piànn-sin-sí
拚車	phe-tshia
拚輸贏	piànn-su-iânn
拚陣	piànn-tīn
拚電動	piàⁿ-tiān-tōng
拚頭前	piànn-thâu-tsîng
拚頭殼	piànn-thâu-khak
拚館	piànn-kuán
拚鬥	piànn-tàu
招人	tsio-lâng
招人客	tsio-lâng-kheh
招人買	tsio-lâng-bé
招來	tsio-lâi
招倚	tsio-uá
招兵買馬	tsio-ping-mái-má
招募	tsio-bōo
招呼	tsio-hoo
招呼站	tsio-hoo-tsām
招囝婿	tsio-kiánn-sài
招婿	tsio-sài
招待	tsiau-thāi
招惹	tsio-jiá
招搖	tsiau-iâu
招攬	tsiau-lám
招數	tsiau-sòo
招架	tsiau-kà
招標	tsio-pio
招歸黨	tsio-kui-tóng
招牌	tsiau-pâi
招牌菜	tsiau-pâi-tshài
招生	tsiau-sing
招生理	tsio-sing-lí
招租	tsio-tsoo
招翁	tsio-ang
招考	tsio-khó
招腳	tsio-kha
招腳手	tsio-kha-tshiú
招致	tsiau-tì
招認	tsiau-jīn
招財樹	tsio-tsâi-tshiū
招財王	tsiau-tsâi-ông
招買	tsio-bé
招賣	tsio-bē
拜一	pài-it
拜三	pài-sann
拜上帝	pài-siāng-tè
拜二	pài-jī
拜五	pài-gōo
拜亭	pài-tîng
拜仁州	Pài-jîn-tsiu
拜佛	pài-hu̍t
拜候	pài-hāu
拜先生	pài-sian-senn
拜六	pài-la̍k
拜六禮拜	pài-la̍k-lé-pài
拜別	pài-pia̍t
拜四	pài-sì
拜堂	pài-tn̂g
拜墓	pài-bōng
拜壽	pài-siū
拜天地	pài-thinn-tē
拜尪	pài-ang
拜帖	pài-thiap
拜師傅	pài-sai-hū
拜年	pài-nî
拜幾	pài-kuí
拜托	pài-thok
拜拜	pài-pài
拜探	pài-thàm
拜斗	pài-táu
拜日	pài-ji̍t
拜會	pài-huē
拜月	pài-gue̍h
拜服	pài-ho̍k
拜桌	pài-toh
拜正	pài-tsiann
拜歲蘭	pài-suè-lân
拜火教	pài-hué-kàu
拜生日	pài-senn-ji̍t
拜祖	pài-tsóo
拜祖宗	pài-tsóo-tsong
拜神	pài-sîn
拜聖體	pài-sìng-thé
拜見	pài-kiàn
拜託	pài-thok
拜訪	pài-hóng
拜讀	pài-tho̍k
括弧	kuat-hôo
括流	kuah-lâu
括號	kuat-hō
拭仔	tshit-á
拭仔帶	tshit-á-tuà
拭仔條	tshit-á-tiâu
拭仔糊	tshit-á-kôo
拭仔膏	tshit-á-ko
拭嘴	tshit-tshuì
拭塗跤	tshit-thôo-kha
拭尻川	tshit-kha-tshng
拭布	tshit-pòo
拭手	tshit-tshiú
拭桌仔	tshit-toh-á
拯救	tsín-kiù
拱墅	Gióng-sú
拱手	kióng-tshiú
拱相倚	kīng-sio-uá
拱龜	kīng-ku
拳擊	kûn-kik
拳母猴	Kûn-bó-kâu
拳母石	Kûn-bó-tsio̍h
拳王	kûn-ông
拳賽	kûn-sài
拳路	kûn-lōo
拳頭	kûn-thâu
拳頭司	kûn-thâu-sai
拳頭師	kûn-thâu-sai
拳頭拇	kûn-thâu-bó
拳頭拇收佇手䘼內	kûn-thâu-bú-siu-tī-tshiú-ńg-lāi
拳頭步	kûn-thâu-pōo
拳頭母	kûn-thâu-bó
拳頭高高在上	kûn-thâu-ko-ko-tsāi-siōng
拵頭	tsūn-thâu
拶指	suán-tsí
拷貝	khop-pih
拸開	thí-khui
拹閣	hia̍p-koh
拹閣爽	hia̍p-koh-sóng
拼手尾	pinn-tshiú-bué
拼扒	pinn-peh
拼拔	pinn-pui̍h
拼法	ping-huat
拼盤	phìng-puânn
拼音	ping-im
拼音文字	phing-im-bûn-jī
拽尿	tshuā-liō
拽手	ia̍t-tshiú
拽火	ia̍t-hué
拽風	ia̍t-hong
拾互齊	khioh-hōo-tsê
拾來飼	khioh-lâi-tshī
拾倚	khioh-uá
拾做伙	khioh-tsò-hué
拾囝	khioh-kiánn
拾囝仔婆	khioh-kín-á-pô
拾字	khioh-jī
拾客	khioh-kheh
拾怨	khioh-uàn
拾恨	khioh-hīn
拾拾	khioh-si̍p
拾柴	khioh-tshâ
拾獲	khioh-hi̍k
拾稅	khioh-suè
拾芒	khioh-mî
拾著	khioh-tio̍h
拾著錢	khioh-tio̍h-tsînn
拾貨	khioh-huè
拾起	khioh-khí
拾起來	khioh-khí-lâi
拾郵票	khioh-iû-phiò
拾金	khioh-kim
拾錢	khioh-tsînn
拾骨頭	khioh-kut-thâu
拿出來	the̍h-tshut-lâi
拿手	ná-tshiú
拿破崙	Ná-phò-lûn
持久	tshî-kú
持分	tshî-hun
持家	tshî-ke
持有	tshî-iú
持股	tshî-kóo
持防	tî-hông
挂墓紙	kuì-bōng-tsuá
指中指	kí-tiong-tsáinn
指令	tsí-līng
指令四方體	tsí-līng-sù-hong-thé
指使	tsí-sú
指出	tsí-tshut
指南	tsí-lâm
指名	tsí-miâ
指向	tsí-hiòng
指壓	tsí-ap
指天椒	tsí-thian-tsio
指定	tsí-tīng
指導	tsí-tō
指導員	tsí-tō-uân
指尖	tsí-tsiam
指尖干樂	tsí-tsiam-kan-lo̍k
指山	kí-suann
指引	tsí-ín
指指	kí-tsáinn
指控	tsí-khòng
指揮	tsí-hui
指揮官	tsí-hui-kuann
指揮家	tsí-hui-ka
指揮所	tsí-hui-sóo
指揮部	tsí-hui-pōo
指揮骨仔	tsí-hui-kut-á
指摘	tsí-tik
指教	tsí-kàu
指數	tsí-sòo
指數型基金	tsí-sòo-hîng-ki-kim
指明	tsí-bîng
指東行西	kí-tang-kiânn-sai
指標	tsí-phiau
指模	tsí-bôo
指正	tsí-tsìng
指為	tsí-uî
指甲	tsíng-kah
指甲刀仔	tsíng-kah-to-á
指甲剪	tsíng-kah-tsián
指甲剪仔	tsíng-kah-tsián-á
指甲彩	tsíng-kah-tshái
指甲扦	tsńg-kah-tshuann
指甲油	tsíng-kah-iû
指甲花	tsńg-kah-hue
指甲茸	tsíng-kah-jiông
指痕	tsí-hûn
指示	tsí-sī
指稱	tsí-tshing
指紋	tsí-bûn
指葉仔	tsáinn-ia̍p-á
指號	tsí-hō
指講	tsí-kóng
指證	tsí-tsìng
指譜	tsáinn-phóo
指責	tsí-tsik
指針	tsí-tsiam
指陳	tsí-tîn
指頭仔	tsíng-thâu-á
指頭仔伸出來無平長	tsíng-thâu-á-tshun-tshut-lâi-bô-pênn-tn̂g
指頭仔干樂	tsíng-thâu-á-kan-lo̍k
指頭公	tsíng-thâu-kong
指頭拇	tsńg-thâu-bó
指點	tsí-tiám
挈批的	khe̍h-phue-ê
挈汁	khueh-tsiap
挈腳	khue̍h-kha
按下	àn-hā
按例	àn-lē
按兵不動	àn-ping-put-tōng
按呢	án-ne
按呢仔	án-ní-á
按呢好無	án-ne-hó-bô
按呢就好	án-ne-tō-hó
按呢我毋就閣愛出去一逝	Án-ne-guá-m̄-tō-koh-ài-tshut-khì-tsi̍t-tsuā
按呢敢好	án-ne-kám-hó
按呢爾爾	án-ne-niā-niā
按呢生	án-ní-senn
按定	àn-tiānn
按尾仔算	àn-bué-á-sǹg
按律	àn-lu̍t
按怎	án-tsáinn
按怎創	án-tsuánn-tshòng
按怎寫	án-tsuánn-siá
按怎樣	án-tsuánn-iūnn
按怎講	án-tsuánn-kóng
按摩	àn-môo
按摩棒	àn-môo-pāng
按日	àn-ji̍t
按時	àn-sî
按會	án-huē
按月	án-gue̍h
按期	àn-kî
按樣	àn-iūnn
按法	àn-huat
按照	àn-tsiàu
按理	àn-lí
按盤	àn-puânn
按算	àn-sǹg
按脈	àn-me̍h
按那	án-ná
按部就班	àn-pōo-tsiū-pan
按鈕	àn-liú
按鍵	án-kiān
按頭來	àn-thâu-lâi
挐氅氅	jû-tsháng-tsháng
挑亮	thiau-liāng
挑俍	thiau-lāng
挑唆	thiau-so
挑堂	thiau-tn̂g
挑夫	thiau-hu
挑弄	thiau-lāng
挑弄是非	thiau-lōng-sī-hui
挑戰	thiau-tsiàn
挑戰書	thiau-tsiàn-su
挑戰行為	thiau-tsiàn-hîng-uî
挑戲	thiau-hì
挑手爿	thio-tshiú-pîng
挑撥	thiau-puah
挑撥離間	thiau-puah-lī-kan
挑明	thio-bîng
挑暢	thiau-thiòng
挑燈	thio-ting
挑疳	thio-kam
挑肥揀瘦	thio-puî-kíng-sán
挑花	thio-hue
挑觸	thio-tak
挑起	thiau-khí
挑輕驚重	thio-khin-kiann-tāng
挑選	thiau-suán
挑醒	thio-tshénn
挑錢	thio-tsînn
挓根底	thà-kin-té
挓舌根	tioh-tsi̍h-kin
挓開	thà-khui
挔柴添火著	Hiannh-tshā-thinn-hué-to̍h.
挕捒	hìnn-sak
挖出	óo-tshut
挖土	iah-thôo
挖土機	óo-thóo-ki
挖土車	ué-thôo-tshia
挖孔	iah-khang
挖底	iah-té
挖底柢	iah-té-tì
挖底蒂	iah-té-tì
挖掐	iah-khàng
挖撈	iah-lā
挖根底	iah-kin-té
挖牆腳	óo-tshiûnn-kha
挖空	iah-khang
挖耳屎	ué-hīnn-sái
挖耳空	óo-hīnn-khang
挖走	iah-tsáu
挖鼻屎	ué-phīnn-sái
挨倒	e-tó
挨吹唱	ue-tshue-tshiùnn
挨吹拍	ue-tshue-phah
挨小提琴	e-sió-thê-khîm
挨弦仔	e-hiân-á
挨挨轉	ue-ue-tńg
挨推	e-the
挨煞	ue-suah
挨癢	ue-tsiūnn
挨石磨	e-tsio̍h-bō
挨磨	e-bō
挨礱	e-lâng
挨米所	e-bí-sóo
挨米機	e-bí-ki
挨粿	e-kué
挨著	e-tio̍h
挨虱母人	ue-sat-bó-lâng
挨螺	e-lê
挨過身	ue-kuè-sin
挨餓	ai-gō
挩枋仔	thuah-pang-á
挩物件	uè-mi̍h-kiānn
挩鍊仔	thauh-liān-á
挪威	nôo-ui
挪用公款	nôo-iōng-kong-khuán
挫傷	tshò-siong
挫敗	tshò-pāi
振作	tsín-tsok
振動	tsín-tāng
振動著	tín-tāng-tio̍h
振奮	tsín-hùn
振興	tsín-hing
挲圓仔	so-înn-á
挲平	so-pênn
挲手	so-tshiú
挲挲	so-so
挲捋	so-lua̍h
挲目子	so-ba̍k-tsí
挲草	so-tsháu
挲頭殼仔	so-thâu-khak-á
挵挵車	lòng-lòng-tshia
挵紅燈	lòng-âng-ting
挵著	lòng-tio̍h
挵課	lòng-khò
挵關	lòng-kuan
挹僻	iap-phiah
挹尾	iap-bué
挹手	iap-tshiú
挹肥	ip-puî
挹角	iap-kak
挹貼	iap-thiap
挺元氣	thiānn-guân-khì
挺升	thíng-sing
挺性命	thiānn-sènn-miā
挺膽	thiānn-tánn
挺身	thíng-sin
挽嘴齒	bán-tshuì-khí
挽回	bán-huê
挽搣	bán-me
挽救	bán-kiù
挽毛	bán-moo
挽水	bán-tsuí
挽瓜揫藤	bán-kue-tshiû-tîn
挽留	bán-liû
挽筋	bán-kin
挽筋草	bán-kin-tsháu
挽肉	bán-bah
挽脈	bán-me̍h
挽脛	bán-kènn
挽花	bán-hue
挽茶	bán-tê
挽草	bán-tsháu
挽菜	bán-tshài
挽落	bán-lo̍h
挽藥	bán-io̍h
挽藥草	bán-io̍h-tsháu
挽起來	bán-khí-lâi
挽面	bán-bīn
挽頭折脰	bán-thâu-tsi̍h-tāu
挽齒	bán-khí
挾仔	giap-á
挾勢	hia̍p-sì
挾嫌	hia̍p-hiâm
挾帶	hia̍p-tuà
挾持	hia̍p-tshî
捀場	phâng-tiûnn
捀羅經	phâng-lô-kenn
捀菜	phâng-tshài
捂捂睏	onn-onn-khùn
捂細囝	onn-sè-kiánn
捅出來	thóng-tshut-lâi
捅外月	thóng-guā-gue̍h
捅頭	thóng-thâu
捅鬚	thóng-tshiu
捅鼻	thóng-phīnn
捆工	khún-kang
捉拿	tshiok-ná
捋仔	lua̍h-á
捋仔田	lua̍h-á-tshân
捋平	lua̍h-pênn
捋手	lua̍h-tshiú
捋牛奶	lu̍t-gû-ling
捋痧	leh-sua
捋蟲	lua̍h-thâng
捋錢	lut-tsînn
捋面	lua̍h-bīn
捋頭	lua̍h-thâu
捋頭毛	lua̍h-thâu-moo
捋頭鬃	lua̍h-thâu-tsang
捋齒膏	lu̍t-khí-ko
捌代誌	bat-tāi-tsì
捌字	pat-lī
捌想	pat-siūnn
捌見笑	pat-kiàn-siàu
捌貨	pat-huè
捍衛	hān-uē
捎倒	siau-táu
捎攏無	sa-lóng-bô
捎溜	sa-liu
捎無寮仔門	sa-bô-liâu-á-muî
捎無摠	sa-bô-tsáng
捎無總	sa-bô-tsáng
捎無頭摠	sa-bô-thâu-tsáng
捎馬	sau-bé
捏勒控	ni-leh-khàng
捏吊	ji̍h-tiàu
捏吊鬼	ji̍h-tiàu-kuí
捏報	lia̍p-pò
捏拳頭	ni̍h-kûn-thâu
捏拳頭母	ni̍h-kûn-thâu-bó
捏死	ni̍h-sí
捏造	lia̍p-tsō
捏造謠言	lia̍p-tsō-iâu-giân
捏電鈴	ji̍h-tiān-lîng
捏風琴	ni̍h-hong-khîm
捏麵尪仔	lia̍p-mī-ang-á
捏麵猴	lia̍p-mī-kâu
捏齒膏	ni̍h-khí-ko
捐出	kuan-tshut
捐助	kuan-tsōo
捐款	kuan-khuánn
捐獻	kuan-hiàn
捐血	kuan-hueh
捐贈	kuan-tsān
捐金	iân-kim
捐銀	iân-gîn
捐錢	iân-tsînn
捐題	iân-tê
捒做堆	sak-tsò-tui
捒文	sak-bûn
捒炮	sak-phàu
捒爆去	sak-po̍k-khì
捒風	sak-hong
捕手	pōo-tshiú
捕撈	póo-lô
捕殺	póo-sat
捕頭	póo-thâu
捕風捉影	póo-hong-tshiok-íng
捘螺絲	tsūn-lôo-si
捙倒醋甕	tshia-tó-tshòo-àng
捙拚	tshia-piànn
捙跋反	tshia-pua̍h-píng
捧場	phâng-tiûnn
捧碗	phâng-uánn
捧茶	phâng-tê
捧茶旦	phâng-tê-tuànn
捧菜	phâng-tshài
捧飯	phâng-pn̄g
捨心	siá-sim
捨施	siá-sì
捱摧	uê-tshuê
捱稽	ê-khue
捲入	kńg-ji̍p
捲喉	kńg-âu
捲心白仔	kuínn-sim-pe̍h-á
捲旋	kńg-tsn̄g
捲旋流	kńg-tsn̄g-lâu
捲毛	kńg-moo
捲漩	kńg-tsn̄g
捲螺	kńg-lê
捲螺仔	kńg-lê-á
捲螺仔旋	kńg-lê-á-tsn̄g
捲螺仔水	kńg-lê-á-tsuí
捲螺仔風	kuínn-lê-á-hong
捲螺水	kńg-lê-tsuí
捲軸	kńg-ti̍k
捲風	kńg-hong
捶心肝	tuî-sim-kuann
捶烏豆	tuî-oo-tāu
捶筋仔	tuî-kin-á
捷克	Tsia̍p-khik
捷報	tsia̍t-pò
捷才	tsia̍t-tsâi
捷捷	tsia̍p-tsia̍p
捷捷出	tsia̍p-tsia̍p-tshut
捷洗手	tsia̍p-sé-tshiú
捷用	tsia̍p-iōng
捷甪甪	tsia̍p-lut-lut
捷看	tsia̍p-khuànn
捷腳捷手	tsiap-kha-tsiap-tshiú
捷足先登	tsia̍p-tsiok-sian-ting
捷運	tsia̍t-ūn
捷運站	tsia̍t-ūn-tsām
捷運驛	tsia̍t-ūn-ia̍h
捻皇	liàm-hông
捻花	liàm-hue
捻菜	liàm-tshài
捻菜葉	liàm-tshài-hio̍h
捻雞膏	liàm-ke-ko
捽仔喇叭	sut-á-lá-pah
捽土地	sut-thóo-tē
捽棍	sut-kùn
捽烏	tsu̍t-oo
捾定	kuānn-tiānn
捾桶仔	kuānn-tháng-á
掀冊	hian-tsheh
掀蓋車	hian-kuà-tshia
掀起	hian-khí
掀開	hian-khui
掀龜蓋	hian-ku-kuà
掃土腳	sàu-thôo-kha
掃地	sàu-tè
掃塗跤的	sàu-thôo-kha-ê
掃墓	sàu-bōng
掃射	sàu-siā
掃帚	sàu-tshiú
掃帚星	sàu-tshiú-tshenn
掃帚星雨	sàu-tshiú-tshenn-hōo
掃帚竹	sàu-tshiú-tik
掃帚蝦	sàu-tshiú-hê
掃描器	sàu-biâu-khì
掃梳	sàu-se
掃瞄	sàu-biâu
掃瞄器	sàu-biâu-khì
掃蕩	sàu-tōng
掃路的	sàu-lōo-ê
掃酒	sàu-sè
掃除	sàu-tî
掃雷	sàu-luî
掃體面	sàu-thé-biān
授予	siū-ú
授信	siū-sìn
授冊	siū-tsheh
授意	siū-ì
授旗	siū-kî
授權	siū-khuân
授田	siū-tiân
掉以輕心	tiō-í-khin-sim
掉換包	tiàu-uānn-pau
掌上壓	tsiáng-siōng-ap
掌上明珠	tsióng-siōng-bîn-tsu
掌中戲	tsiáng-tiong-hì
掌中班	tsiáng-tiong-pan
掌心雷	tsiáng-sim-luî
掌握	tsiáng-ak
掌權	tsiáng-khuân
掌痕	tsiúnn-hûn
掌管	tsiáng-kuán
掌頭	tsiáng-thâu
掐毒	khàng-to̍k
排仔	pâi-á
排仔頭	pâi-á-thâu
排仔骨	pâi-á-kut
排他性	pâi-tá-sìng
排仙	pâi-sian
排仿	pâi-hóng
排八仙	pâi-pat-sian
排八字	pâi-peh-jī
排出	pâi-tshut
排出來	pâi-tshut-lâi
排列	pâi-lia̍t
排到	pâi-kàu
排印	pâi-ìn
排卵期	pâi-nn̄g-kî
排卸	pâi-sià
排古董	pâi-kóo-tóng
排只	pâi-tsí
排名	pâi-miâ
排場	pâi-tshiâng
排壇	pâi-tuânn
排外	pâi-guā
排字	pâi-jī
排字陣	pâi-jī-tīn
排定	pâi-tīng
排戲	pâi-hì
排插	pâi-tshah
排擂台	pâi-luî-tâi
排放	pâi-hòng
排斥	pâi-thik
排有生相	pâi-ū-senn-siùnn
排架子	pâi-kà-tsú
排桌	pâi-toh
排棋局	pâi-kî-kio̍k
排樣	pâi-iūnn
排比	pâi-pí
排氣	pâi-khì
排氣管	pâi-khì-kóng
排水	pâi-tsuí
排水溝	pâi-tsuí-kau
排水空	pâi-tsuí-khang
排泄	pâi-sià
排泄器	pâi-siat-khì
排洩	pâi-sià
排演	pâi-ián
排熱	pâi-jua̍h
排版	pâi-pán
排班	pâi-pan
排球	pâi-kiû
排球賽	pâi-kiû-sài
排甲躼躼長	pâi-kah-lò-lò-tn̂g
排白	pâi-pe̍h
排盤	pâi-puânn
排碗箸	pâi-uánn-tī
排祉	pâi-tsí
排第一	pâi-tē-it
排第幾	pâi-tē-kuí
排線	pâi-suànn
排練	pâi-liān
排行	pâi-hâng
排行榜	pâi-hâng-pńg
排解	pâi-kái
排設	pâi-siat
排課	pâi-khò
排長	pâi-tiúnn
排長蛇陣	pâi-tn̂g-tsuâ-tīn
排門面	pâi-mn̂g-bīn
排陣	pâi-tīn
排除	pâi-tî
排隊	pâi-tuī
排隊排甲若長蛇陣	pâi-tuī-pâi-kah-ná-tn̂g-tsuâ-tīn
排頭來	pâi-thâu-lâi
排頭為準	pâi-thâu-uî-tsún
排頭爹	pâi-thâu-tia
排香桌	pâi-hiunn-toh
排骨	pâi-kut
排齊	pâi-tsê
掔乖	kiān-kuai
掔損	khiàn-sńg
掔相	khiàn-siùnn
掔石頭	khian-tsio̍h-thâu
掔芳	khiàn-phang
掔芳料	khiàn-phang-liāu
掔頭	khiàn-thâu
掔頭話	khiàn-thâu-uē
掖名刺	iā-mè-sì
掖散	iā-suànn
掖種	iā-tsíng
掖種子	iā-tsíng-tsí
掖肥	iā-puî
掖錢	iā-tsînn
掘仔	ku̍t-á
掘土	ku̍t-thôo
掘土機	ku̍t-thôo-ki
掘塗	ku̍t-thôo
掘窟	ku̍t-khut
掘金	ku̍t-kim
掙油	tsinn-iû
掙藥	tsinn-io̍h
掛上	kuà-siāng
掛下	khuà-hē
掛保證	kuà-pó-tsìng
掛保險	kuà-pó-hiám
掛吊	kuà-tiàu
掛名	kuà-miâ
掛喙掩	kuà-tshuì-om
掛喙掩仔	kuà-tshuì-ng-á
掛喙罨	kuà-tshuì-am
掛喙罩	kuà-tshuì-tà
掛失	kuà-sit
掛孝	kuà-hà
掛帥	kuà-suè
掛彩	kuà-tshái
掛心	khuà-sim
掛念	khuà-liām
掛意	khuà-ì
掛慮	khuà-lī
掛懷	kuà-huâi
掛招牌	kuà-tsiau-pâi
掛斗	kuà-táu
掛斷	kuà-tn̄g
掛無事牌	kuà-bô-sū-pâi
掛煩	kuà-huân
掛燈	kuà-ting
掛牌	kuà-pâi
掛疑	kuà-gî
掛目鏡	kuà-ba̍k-kiànn
掛礙	kuà-gāi
掛管靴	kuà-kóng-hia
掛紙	kuì-tsuá
掛累	kuà-luī
掛耳包	kuà-hīnn-pau
掛肚	kuà-tōo
掛腳	khuè-kha
掛號	kuà-hō
掛衫	kuì-sann
掛衫間	kuà-sann-king
掛骨	kuà-kut
掛麵	kuà-mī
掜粉	tau-hún
掞掉	tàn-tiāu
掞石頭	tàn-tsio̍h-thâu
掠中範	lia̍h-tiong-pān
掠交替	Lia̍h-kau-thè
掠人	lia̍h-lâng
掠低	lia̍h-kē
掠來辦	lia̍h-lâi-pān
掠包	lia̍h-pau
掠去填海	lia̍h-khì-thiām-hái
掠壯丁	lia̍h-tsòng-ting
掠大誤	lia̍h-tuā-gōo
掠天湳湳	lia̍h-thinn-làm-làm
掠妖	lia̍h-iau
掠寶	lia̍h-pó
掠平	lia̍h-pênn
掠平感	lia̍h-pênn-kám
掠挑夫	lia̍h-thiau-hu
掠數	lia̍h-siàu
掠有意思	lia̍h-ū-ì-sù
掠準	lia̍h-tsún
掠準講	lia̍h-tsún-kóng
掠漁的	lia̍h-hî-ê
掠漏	lia̍h-lāu
掠無頭總	lia̍h-bô-thâu-tsáng
掠煞	lia̍h-suah
掠犯人	lia̍h-huān-lâng
掠狂	lia̍h-kông
掠狂馬	Lia̍h-kông-bé
掠猴	lia̍h-kâu
掠痧	lia̍h-sua
掠白兔	lia̍h-pe̍h-thòo
掠白賊	lia̍h-pe̍h-tsha̍t
掠直	lia̍h-ti̍t
掠直路	lia̍h-ti̍t-lōo
掠看覓	lia̍h-khuànn-bāi
掠空縫	lia̍h-khang-phāng
掠算	lia̍h-sǹg
掠篙泅	lia̍h-ko-siû
掠肉	lia̍h-bah
掠落來	lia̍h-lo̍h-lâi
掠著暢筋	lia̍h-tio̍h-thiòng-kin
掠著根頭	lia̍h-tio̍h-kin-thâu
掠蟲	lia̍h-thâng
掠蠓仔燈	lia̍h-báng-á-ting
掠話縫	lia̍h-uē-phāng
掠話虱	lia̍h-uē-sat
掠講	lia̍h-kóng
掠譜	lia̍h-phóo
掠賊	lia̍h-tsha̍t
掠走私	lia̍h-tsáu-su
掠車	lia̍h-tshia
掠過馬	lia̍h-kuè-bé
掠配	lia̍h-phuè
掠長補短	lia̍h-tn̂g-póo-té
掠風搓圓	lia̍h-hong-so-înn
掠風趿影	lia̍h-hong-sannh-iánn
掠魚	lia̍h-hî
掠魚的	lia̍h-hî-ê
掠魚船	lia̍h-hî-tsûn
掠鱟	lia̍h-hāu
掠鹹魚放生	lia̍h-kiâm-hî-pàng-senn
掠齊	lia̍h-tsê
掠龍	lia̍h-lîng
掠龍的	lia̍h-lîng-ê
採信	tshái-sìn
採取	tshái-tshú
採掘	tshái-ku̍t
採摘	tshái-tiah
採收	tshái-siu
採用	tshái-iōng
採礦	tshái-khòng
採納	tshái-la̍p
採花	tshái-hue
採花蜂	tshái-hue-phang
採花賊	tshái-hue-tsha̍t
採茶	tshái-tê
採藥草	tshái-io̍h-tsháu
採行	tshái-hîng
採訪	tshái-hóng
採買	tshái-bé
採購	tshái-káng
採集	tshái-tsi̍p
採風問俗	tshái-hong-būn-sio̍k
採點	tshái-tiám
探仔	thàm-á
探偵	thàm-tsing
探勘	thàm-khàm
探員	thàm-uân
探囊取物	thàm-lông-tshú-bu̍t
探子	thàm-tsú
探子馬	thàm-tsú-má
探查	thàm-tsa
探橋	thàm-kiô
探求	thàm-kiû
探測	thàm-tshik
探測器	thàm-tshik-khì
探病	thàm-pēnn
探監	thàm-kann
探知	thàm-ti
探礦	thàm-khóng
探究	thàm-kiù
探索	thàm-soh
探聽	thàm-thiann
探聽知	thàm-thiann-tsai
探親	thàm-tshin
探討	thàm-thó
探訪	thàm-hóng
探詢	thàm-sûn
探路草	thàm-lōo-tsháu
探路關	thàm-lōo-kuan
探身	thàm-sin
探險	thàm-hiám
探險隊	thàm-hiám-tuī
探頭	thàm-thâu
探馬	thàm-má
掣一趒	tshuah-tsi̍t-tîo
掣咧等	tshuah-leh-tán
掣掣	tshuah-tshuah
掣斷腦筋	tshuah-tuīnn-náu-kin
掣流	tshuah-lâu
掣流水	tshuah-lâu-tsuí
接一	tsiap-it
接二連三	tsiap-lī-liân-sann
接任	tsiap-jīm
接個手	tsiap-ê-tshiú
接個腳	tsiap-ê-kha
接力	tsiap-li̍k
接助	tsiap-tsōo
接受	tsiap-siū
接哥姆	tsih-ko-ḿ
接嘴	tsiap-tshuì
接地	tsiap-tē
接外家	tsih-guā-ke
接客	tsiap-kheh
接待	tsiap-thāi
接後岫	tsiap-āu-siū
接應	tsiap-ìng
接掌	tsiap-tsiáng
接接	tsih-tsiap
接接接接	tsih-tsih-tsiap-tsiap
接收	tsiap-siu
接替	tsiap-thè
接枝	tsiap-ki
接棒	tsiap-pāng
接榫	tsiap-sún
接氣	tsiap-khuì
接洽	tsiap-ha̍p
接流	tsiap-lâu
接濟	tsiap-tsè
接獲	tsiap-hi̍k
接班人	tsiap-pan-jîn
接生	tsiap-senn
接種	tsiap-tsìng
接管	tsiap-kuán
接納	tsiap-la̍p
接紲	tsiap-suà
接線	tsiap-suànn
接線生	tsiap-suànn-sing
接縫	tsiap-phāng
接續	tsiap-sio̍k
接肉肉	tsiap-hi̍k-bah
接肋肉	tsiap-li̍k-bah
接腳	tsiap-kha
接腳來	tsiap-kha-lâi
接腳個	tsiap-kha-ê
接落來	tsiap-lo̍h-lâi
接著	tsiap-tio̍h
接見	tsiap-kiàn
接觸	tsiap-tshiok
接觸著	tsiap-tshiok-tio̍h
接財神	tsih-tsâi-sîn
接走	tsiap-tsáu
接起來	tsiap-khí-lâi
接踵而來	tsiap-tsíng-jî-lâi
接載	tsih-tsài
接載袂牢	tsih-tsài-bē-tiâu
接辦	tsiap-pān
接辭	tsiap-sû
接近	tsiap-kīn
接送	tsiap-sàng
接通	tsiap-thong
接運	tsiap-ūn
接重	tsih-tāng
接銜	tsiap-hâm
接雨	tsih-hōo
接頭	tsiap-thâu
接風	tsiap-hong
接骨	tsiap-kut
接骨丹	tsiap-kut-tan
接骨筒	tsiap-kut-tâng
接骨草	tsiap-kut-tsháu
控制	khòng-tsè
控制器	khòng-tsè-khì
控制權	khàng-tsè-kuân
控告	khòng-kò
控固力	không-kuh-lih
控山	khàng-suann
控山壁	khàng-suann-piah
控機仔	khòng-ki-á
控毒	khàng-to̍k
控球	khòng-kiû
控空控縫	iah-khang-iah-phāng
控股	khòng-kóo
控訴	khòng-sòo
控起來	khàng-khí-lâi
控錢	khàng-tsînn
控頭殼	khàng-thâu-khak
推三牲	tu-sam-sing
推上	thui-siāng
推事	tshui-sū
推促	tshui-tshiok
推倒	tshia-tó
推光	thui-kng
推出	thui-tshut
推動	thui-tōng
推卸	thui-sià
推卸責任	thui-sià-tsik-jīm
推向	thui-hiòng
推外外	the-guā-guā
推套	Thui-thò
推妥	thui-thò
推定	tshui-tīng
推屎蟲	tshia-sái-thâng
推展	thui-tián
推崇	thui-tsông
推廣	thui-kóng
推想	thui-sióng
推撨	tshui-tshiâu
推文	thui-bûn
推斷	thui-tuàn
推派	thui-phài
推派代表	thui-phài-tāi-piáu
推流	tu-lâu
推測	tshui-tshik
推演	thui-ián
推理	tshui-lí
推畚斗	tshia-pùn-táu
推疊	tshui-tha̍h
推病	the-pēnn
推的	Thui-ê
推硬仔	thui-ngē-á
推移	thui-î
推算	tshui-sǹg
推翻	thui-huan
推腳	thui-kha
推舉	thui-kí
推荐	thui-tsiàn
推薦	tshui-tsiàn
推薦書	thui-tsiàn-su
推蠟	thui-la̍h
推行	thui-hîng
推行人	thui-hîng-jîn
推西魯	tu-se-lóo
推託	thui-thok
推論	tshui-lūn
推讓	thui-jiōng
推責任	thui-tsik-jīm
推跋反	tshia-pua̍h-píng
推軟仔	thui-nńg-á
推輦斗	tshia-lián-táu
推辭	the-sì
推進	thui-tsìn
推進機	thui-tsìn-ki
推選	thui-suán
推金	thui-kim
推銷	tshui-siau
推銷員	thui-siau-uân
推開	the-khui
推離離	the-lī-lī
掩人目	iám-lâng-ba̍k
掩來差去	am-lâi-tshé-khì
掩咯雞	am-ko̍k-ke
掩喙的	am-tshuì-ê
掩喙罨	om-tshuì-am
掩埋場	iám-mâi-tiûnn
掩揜	ng-iap
掩攔	am-ânn
掩死魚	iám-sí-hî
掩目雞	om-ba̍k-ke
掩肚	iám-tóo
掩胡	am-ôo
掩臭	iám-tshàu
掩護	iám-hōo
掩貪	am-tham
掩起來	om-khí-lâi
掩身	iám-sin
掩身法	iám-sin-huat
掩身術	iám-sin-su̍t
掩門	iám-mn̂g
掩面	am-bīn
掩風	iám-hong
掩飾	iám-sik
掩體	iám-thé
掩鼻	am-phīnn
措施	tshò-si
措詞	tshò-sû
措辭	tshòo-sû
掰哈	peh-ha̍h
掰喙	pué-tshuì
掰嘴	pué-tshuì
掰手機仔	pué-tshiú-ki-á
掰會	pué-huē
掰皮	peh-phuê
掰破面	peh-phuà-bīn
掰笚仔	peh-ha̍h-á
掰箬仔	pué-ha̍h-á
掰草揣親	pué-tsháu-tshuē-tshin
掰袂離	pué-bē-lī
掰錢	pué-tsînn
掰離	pué-lī
揀人撒油	kíng-lâng-suah-iû
揀伸的	kíng-tshun-ê
揀出	kíng-tshut
揀好的	kíng-hó-ê
揀選	kíng-suán
揀食	kíng-tsia̍h
揆水	kuî-tsuí
揉土腳	jiû-thôo-kha
揉桌	liû-toh
揉死	juê-sí
揉灶跤	jiû-tsàu-kha
揉身軀	jiû-sin-khu
揉身驅	jiû-sin-khu
揍身	bok-sin
描寫	biâu-siá
描繪	biâu-huē
描說	biâu-suat
描述	biâu-su̍t
提交	thê-kau
提供	thê-kiong
提供給	thê-kiong-hōo
提倡	thê-tshiòng
提出	thê-tshut
提到	thê-kàu
提前	thê-tsîng
提升	thê-sing
提去	the̍h-khì
提及	thê-ki̍p
提取	thê-tshú
提古關	thê-kóo-kuan
提名	thê-miâ
提名者	thê-miâ-tsiá
提囡仔	the̍h-gín-á
提存	thê-tsûn
提批仔	the̍h-phe-á
提批的	the̍h-phe-ê
提拔	thê-pua̍t
提掉	the̍h-tiāu
提攜	thê-hê
提早	thê-tsá
提昇	thê-sing
提案	thê-àn
提案人	thê-àn-jîn
提桌	the̍h-toh
提款	thê-khuán
提款片	thê-khuán-phìnn
提煉	thê-liān
提燈	thê-ting
提琴家	thê-khîm-ka
提石頭鎮路	the̍h-tsio̍h-thâu-tìn-lōo
提神	thê-sîn
提著	the̍h-tio̍h
提請	thê-tshíng
提議	thê-gî
提貨	thê-huè
提貨單	thê-huè-tuann
提走	the̍h-tsáu
提起	thê-khí
提通來窒窗	the̍h-tháng-lâi-that-thang
提醒	thê-tshénn
提錢	the̍h-tsînn
提防	thê-hông
提頭	thê-thâu
提頭話	thê-thâu-uē
提高	thê-ko
插一腳	tshap-tsi̍t-kha
插上	tshah-siāng
插事	tshap-sū
插入	tshah-ji̍p
插喙	tshap-tshuì
插嘴	tshah-tshuì
插嘴插舌	tshap-tshuì-tshap-tsi̍h
插嘴筅	tshap-tshuì-tshíng
插座	tshah-tsō
插手	tshah-tshiú
插插插	tshah-tshah-tshah
插春	tshah-tshun
插曲	tshah-khik
插有著	tshap-ū-tio̍h
插條	tshah-tiâu
插濫	tshap-lām
插牌	tshap-pâi
插犁尾	tshah-lê-bué
插空	tshah-khang
插筆	tshah-pit
插管	tshap-kuán
插簪	tshah-tsiam
插胳	tshah-koh
插腰	tshah-io
插腳	tshah-kha
插花	tshah-hue
插花仔	tshah-hue-á
插著	tshap-tio̍h
插話	tshah-uē
插走	tshap-tsáu
插起來	tshah-khí-lâi
插車	tshah-tshia
插隊	tshah-tuī
插雜	tshap-tsa̍p
插頭	tshah-thâu
插頭櫼仔	tshah-thâu-tsinn-á
插魚	tshah-hî
揕石頭	tìm-tsio̍h-thâu
揖仔	tship-á
揖墓粿	ioh-bōng-kué
揖禮	ip-lé
揚人	tshiûnn-lâng
揚威	iōng-ui
揚棄	iānn-khì
揚氣	iâng-khì
揚波	iông-pho
揚琴	iānn-khîm
揚眉吐氣	iong-bâi-thòo-khì
揚言	iông-giân
揚起	iâng-khí
揚長而去	iông-tiông-jî-khì
換一下	uānn-tsit-ē
換乳齒	uānn-ling-khí
換人	uānn-lâng
換位	uānn-uī
換來	uānn-lâi
換做	uānn-tsò
換冬	uānn-tang
換口味	uānn-kháu-bī
換句話講	uānn-kù-uē-kóng
換嘴	uānn-tshuì
換嘴齒	uānn-tshuì-khí
換奶齒	uānn-ni-khí
換工	uānn-kang
換帖	uānn-thiap
換帖個	uānn-thiap-ê
換帖的	uānn-thiap-ê
換年號	uān-nî-hō
換手	uānn-tshiú
換掉	uānn-tiāu
換擺	uānn-pái
換散錢	uānn-suánn-tsînn
換新	uānn-sin
換日	uānn-li̍t
換朝代	uānn-tiâu-tē
換栽	uānn-tsai
換檔	uānn-tóng
換毛	uānn-mn̂g
換氣	uānn-khì
換湯無換藥	uānn-thng-bô-uānn-io̍h
換準	uānn-tsún
換烏油	uānn-oo-iû
換爿	uānn-pîng
換種	uānn-tsìng
換算	uānn-sǹg
換約	uānn-iok
換紅	uānn-âng
換肚	uānn-tōo
換舖	uānn-phoo
換藥	uānn-io̍h
換藥仔	uānn-io̍h-á
換行	uānn-hâng
換衫	uānn-sann
換衫褲	uānn-sann-khòo
換裝	uānn-tsong
換話來講	uānn-uē-lâi-kóng
換起來	uānn-khì-lâi
換車	uānn-tshia
換途	uānn-tôo
換速球	uānn-sok-kiû
換錢	uānn-tsînn
換防	uānn-hông
換面	uānn-bīn
換頭路	uānn-thâu-lōo
換齒	uānn-khí
換齣	uānn-tshut
揜僻	iap-phiah
揜塞	iap-siap
揜手	iap-tshiú
揜揜貼貼	iap-iap-thiap-thiap
揜瞻	iap-siam
揜落來	hop-lo̍h-lâi
揜角	iap-kak
揜貼	iap-thiap
揠腳泅	iah-kha-siû
握手	ak-tshiú
握有	ak-iú
揣三姑	tshuē-sann-koo
揣測	tsué-tshik
揣無	tshuē-bô
揣無路	tshuē-bô-lōo
揣著	tshuē-tio̍h
揣袂著	tshuē-bē-tio̍h
揣轉來	tshuē-tńg-lâi
揣錢	tshēr-tsînn
揤倚來	tshi̍h-uá-lâi
揤吊	ji̍h-tiàu
揤子	tshi̍h-jí
揤控	tshi̍h-khòng
揤落	tshi̍h-loh
揤讚	tshi̍h-tsán
揤鈕	tshi̍h-liú
揩油	khà-iû
揪大索	khiú-tuā-soh
揪後腳	khiú-āu-kha
揪斷	khiú-tn̄g
揪根元	tshiû-kin-guân
揪直	khiú-ti̍t
揪碇	tshiû-tiānn
揪話	tshiû-uē
揪錠	tshiû-tiànn
揪門	khiú-mn̂g
揪鬥陣	khiú-tàu-tīn
揫墓	tshiû-bōng
揬破盲點	tu̍h-phuà-bông-tiám
揬臭	tu̍h-tshàu
揬𡳞	tu̍h-lān
揭幕	kiat-bōo
揭拗	kiat-áu
揭揭抓	khia̍t-khia̍t-jiàu
揭發	kiat-huat
揭示	kiat-sī
揭開	giah-khui
揮刀	hui-to
揮別	hui-pia̍t
揮手	hui-tshiú
揮毫	hui-hô
揮發	hui-huat
揮發油	hui-huat-iû
揮舞	hui-bú
揮軍	hui-kun
揳後手	sueh-āu-tshiú
揳空	sueh-khang
揳車	kheh-tshia
揳錢	seh-tsînn
援例	huān-lē
援助	uān-tsōo
援助者	uān-tsōo-tsiá
援巢右	Uān-tsâu-iū
援引	uân-ín
援手	uān-tshiú
援救	uān-kiù
援用	uān-iōng
揹仔	phāinn-á
揹仔客	phāinn-á-kheh
揹仔跤	phāinn-á-kha
揹債	phāinn-tsè
揹冊揹仔	phāinn-tsheh-phāinn-á
揹錢走	phāinn-tsînn-tsáu
揹鳳金欲去共人看風水	phāinn-hōng-kim-beh-khì-kā-lâng-khuànn-hong-suí
揻心肝	ui-sim-kuann
揻針	ui-tsiam
搋目	thí-ba̍k
搋開	thí-khui
損丁破財	sún-ting-phuà-tsâi
損丁落財	sún-ting-làu-tsâi
損債囝	sńg-tsè-kiánn
損傷	sún-siong
損失	sún-sit
損害	sún-hāi
損斷	sńg-tn̄g
損毀	sńg-huí
損益	sńg-ik
損目	sńg-ba̍k
損目睭	sún-ba̍k-tsiu
損眼	sún-gán
損神	sńg-sîn
損胃	sńg-uī
損蕩	sńg-tn̄g
損身	sún-sin
搏動	phok-tōng
搏拊	phok-hú
搐搐	tiuh-tiuh
搐搐彈	tiuh-tiuh-tuānn
搓圓	so-înn
搓圓仔	so-înn-á
搓圓仔湯	so-înn-á-thng
搓幼幼	so-iù-iù
搓手	so-tshiú
搓烏面	so-oo-bīn
搓草	so-tsháu
搔手	so-tshiú
搔捋	so-lua̍h
搔烏面	so-oo-bīn
搔癢	so-tsiūnn
搔草	so-tsháu
搔頭	so-thâu
搔頭殼	so-thâu-khak
搖囝菜	iô-kiánn-tshài
搖圈仔	iô-khoo-á
搖尾	iô-bué
搖尾狗	iô-bué-káu
搖幌州	iô-hàinn-tsiu
搖床	iô-tshn̂g
搖手	iô-tshiú
搖搖擺擺	iô-iô-pái-pái
搖擺	iô-pái
搖擺不定	iô-pái-put-tīng
搖擺州	iô-pái-tsiu
搖會	iô-huē
搖杯仔	iô-pue-á
搖柄	iô-pìnn
搖桿	iô-kuáinn
搖椅	iô-í
搖櫓仔	iô-lóo-á
搖泄	iô-tsuah
搖泏	iô-tsuah
搖滾	iô-kún
搖滾樂	iô-kún-ga̍k
搖瘺	iô-lōo
搖笱	iô-kô
搖箍仔	iô-khoo-á
搖籃	iô-nâ
搖腳倉花	iô-kha-tshng-hue
搖蕩	iô-tōng
搖身一變	iô-sin-tsi̍t-piàn
搖錢樹	iô-tsînn-tshiū
搖頭	iô-thâu
搖頭擺腦	iô-thâu-pái-náu
搖風	iô-hong
搖鼓	iô-kóo
搖鼓鼕	iô-kóo-long
搗牌	táu-pâi
搗臭空	óo-tshàu-khang
搜出	tshiau-tshut
搜塗	tshiau-thôo
搜底	tshiau-té
搜揣	tshiau-tshuē
搜救	soo-kiù
搜查	sóo-tsa
搜索	soo-sik
搜酵	tshiau-kànn
搜集	soo-tsi̍p
搝孤槓	giú-koo-kńg
搝後跤	giú-āu-kha
搝心肝	khiú-sim-kuann
搝搦	khiú-la̍k
搝生理	giú-sing-lí
搝票	giú-phiò
搝空鐘仔	khiú-khang-tsing-á
搝索仔	giú-soh-á
搝頭鬃	khiú-thâu-tsang
搢兌	tsìnn-tuī
搢入	tsìnn-ji̍p
搢水	tsìnn-tsuí
搢流	tsìnn-lâu
搢進前	tsìnn-tsìn-tsîng
搢頭標	tsìnn-thâu-pio
搢頭陣	tsìnn-thâu-tīn
搢風	tsìnn-hong
搣屎毋知臭	me-sái-m̄-tsai-tshàu
搤塗	iah-thôo
搤水	iah-tsuí
搤空者	iah-khang-tsiá
搥心肝	tuî-sim-kuann
搥扁	tuî-pínn
搥胸	tuî-hing
搥腰脊骨	tuî-io-tsiah-kut
搦來搦去	la̍k-lâi-la̍k-khì
搦屎搦尿	la̍k-sái-la̍k-jiō
搦有	la̍k-iú
搦權	la̍k-khuân
搧喙䫌	siàn-tshuì-phué
搧嘴鼓	siàn-tshuì-kóo
搧大耳	siàn-tuā-hīnn
搧嫣投	siàn-ian-tâu
搧巴掌	siàn-pa-tsiúnn
搧抽	siàn-thiu
搧東風	siàn-tang-hong
搧紨	siàn-pôo
搧面	siàn-bīn
搧風	siàn-hong
搨本	thah-pún
搨海坪	lio̍k-hái-phiânn
搨片	thap-phìnn
搪著	tn̄g-tio̍h
搪衫	tn̄g-sann
搬上	puann-tsiūnn
搬仝齣	puann-kāng-tshut
搬位	puann-uī
搬倉	puann-tshng
搬出	puann-tshut
搬到	puann-kàu
搬厝	puann-tshù
搬嘴	puann-tshuì
搬嘴舌	puann-tshuì-tsi̍h
搬嘴錦	puann-tshuì-gím
搬大戲	puann-tuā-hì
搬布袋戲	puann-pòo-tē-hì
搬徙	puann-suá
搬徙位	puann-suá-uī
搬戲	puann-hì
搬挑	puann-thiau
搬振動	puann-tín-tōng
搬推	puann-tshia
搬救兵	puann-kiù-ping
搬物件	puann-mi̍h-kiānn
搬硨	puann-tshia
搬舖	puann-phoo
搬請	puann-tshiánn
搬貨	puann-huè
搬走	puann-tsáu
搬運	puann-ūn
搬運費	puann-ūn-huì
搬遷	puann-tshian
搬鋪	puann-phoo
搬電影	puann-tiān-iánn
搭久仔	tah-kú-á
搭伙食	tah-hué-si̍t
搭倚	tah-uá
搭告示	tah-kò-sī
搭嚇	tah-hiannh
搭壁	tah-piah
搭壁紙	tah-piah-tsuá
搭壁蓮	tah-piah-liân
搭壁黃	tah-piah-n̂g
搭客	tah-kheh
搭密	tah-bā
搭寮仔	tah-liâu-á
搭岸	tah-huānn
搭峇	tah-bā
搭布篷	tah-pòo-phâng
搭布蓬	tah-pòo-phâng
搭底	tah-té
搭建	tah-kiàn
搭心	tah-sim
搭心仔	tah-sim-á
搭戰棚	tah-tsiàn-pênn
搭戲棚	tah-tsiàn-pînn
搭手	tah-tshiú
搭搭	tah-tah
搭擂台	tah-luî-tâi
搭救	tah-kiù
搭春聯	tah-tshun-liân
搭架	tah-kè
搭桌仔	tah-toh-á
搭棚	tah-pênn
搭機	tah-ki
搭沙魚	tah-sua-hî
搭油	tah-iû
搭渡	tah-tōo
搭營	tah-iânn
搭秤頭	tah-tshìn-thâu
搭粒	tah-lia̍p
搭紙	tah-tsuá
搭肉刺	tah-bah-tshì
搭肉綾	tah-bah-lîng
搭胸	tah-hing
搭胸坎	tah-hing-khám
搭船	tah-tsûn
搭著賊船	tah-tio̍h-tsha̍t-tsûn
搭話	tah-uē
搭起來	tah-khí-lâi
搭車	tah-tshia
搭載	tah-tsài
搭近	tah-kīn
搭連	tah-liân
搭郵票	tah-iû-phiò
搭配	tah-phuè
搭酒	tah-tsiú
搭里霧	Tā-lí-buh
搭金	tah-kim
搭鉤	tah-kau
搭頭	tah-thâu
搭魦	tah-se
搰力	kut-la̍t
搰力腳	kut-la̍t-kha
搵料	ùn-liāu
搵水	ùn-tsuí
搵澹	ùn-tâm
搵豆油	ùn-tāu-iû
搵醬	ùn-tsiùnn
搶修	tshiúnn-siu
搶兌	tshiúnn-tuī
搶剝	tshiúnn-pak
搶剝賊	tshiúnn-pak-tsha̍t
搶功	tshiúnn-kong
搶劫	tshiúnn-kiap
搶奪	tshiúnn-tua̍t
搶嫌	tshiúnn-hiâm
搶孤	tshiúnn-koo
搶市	tshiúnn-tshī
搶戲	tshiúnn-hì
搶手	tshiúnn-tshiú
搶救	tshiúnn-kiù
搶時間	tshiúnn-sî-kan
搶暗烏	tshiúnn-àm-oo
搶案	tshiúnn-àn
搶灘	tshiúnn-than
搶火燒	tshiúnn-hué-sio
搶眼	tshiúnn-gán
搶秤頭	tshiúnn-tshìn-thâu
搶話頭	tshiúnn-uē-thâu
搶購	tshiúnn-kòo
搶走	tshiúnn-tsáu
搶酥	tshiúnn-soo
搶頭前	tshiúnn-thâu-tsîng
搶頭標	tshiúnn-thâu-pio
搶頭香	tshiúnn-thâu-hiunn
搾猴管	tsik-kâu-kńg
搾齒膏	tsik-khí-ko
摃丸	kòng-uân
摃傷	kòng-siong
摃坩仔	kòng-khann-á
摃大客	kòng-tuā-kheh
摃寇	kòng-Kòo
摃尻川	kòng-kha-tshng
摃槌仔	kòng-thuî-á
摃槌仔譜	kòng-thuî-á-phóo
摃槌仔龍	kòng-thûi-á-liông
摃死版	kòng-sí-pán
摃球	kòng-kiû
摃番頭	kòng-huan-thâu
摃盼仔	kòng-phàn-á
摃破	kòng-phuà
摃破花	kòng-phuà-hue
摃空	kòng-khang
摃空仔	kòng-khang-á
摃糖	kòng-thn̂g
摃肥料	kòng-puî-liāu
摃蚊	kòng-báng
摃角	kòng-kak
摃銀牛	kòng-gîn-gû
摃錢	kòng-tsînn
摃電話	kòng-tiān-uē
摃頭殼	kòng-thâu-khak
摃龜	kòng-ku
摑一邊	kok-tsi̍t-pinn
摑磚仔	kok-tsng-á
摑風	kok-hong
摒了了	piànn-liáu-liáu
摒倉	piànn-tshng
摒倉庫	piànn-tshng-khòo
摒出去	piànn-tshut-khì
摒園	piànn-hn̂g
摒房間	piànn-pâng-king
摒掃	piànn-sàu
摒掃的	piànn-sàu-ê
摒掉	phiann-tiāu
摒水	piànn-tsuí
摒海埔	piànn-hái-poo
摒牢	piànn-tiâu
摒盪	piànn-tn̄g
摒石頭	piann-tsio̍h-thâu
摒糞埽	piànn-pùn-sò
摒舖	piànn-phoo
摒蕩	piànn-tn̄g
摒討掬	phiann-thó-ka̍k
摒賣	piànn-bē
摒除	pìng-tî
摔仔	sut-á
摔倒	siak-tó
摔大眠	siàng-tuā-bîn
摔大雨	siàng-tuā-hōo
摔大風	siàng-tuā-hong
摔尾後	siàng-bué-āu
摔後炮	sut-āu-phàu
摔拍	siak-phah
摔柝戛	sut-khok-khia̍k
摔桌椅	siak-toh-í
摔桶	siak-tháng
摔椅摔桌	siak-í-siak-toh
摔死	siak-sí
摔目	sut-ba̍k
摔目尾	sut-ba̍k-bué
摔目箭	sut-ba̍k-tsìnn
摔破	siak-phuà
摔粟	siak-tshik
摔胸	siàng-hing
摔著傷	siak-tio̍h-siong
摔角	sut-kak
摔跋坐	siàng-pua̍h-tsē
摔風	siàng-hong
摔鹽米	siak-iâm-bí
摖傷	tshè-siong
摘夾	tiah-ngeh
摘孤單	tiah-koo-tuann
摘孤飛	tiah-koo-pue
摘戲	tiah-hì
摘職	tiah-tsit
摘花	tiah-hue
摘菜	tiah-tshài
摘要	tik-iau
摘讀	tiah-tha̍k
摘鋏	tiah-ngeh
摘齣	tiah-tshut
摧仔	tshuê-á
摧價數	tsuî-kè-siàu
摧死	tshui-sí
摧殘	tshui-tshân
摧毀	tshui-huí
摧頷頸	tshui-ām-kún
摩勒都峇	Môo-li̍k-too-bâ
摩天	môo-thian
摩天輪	môo-thian-lûn
摩擦	môo-tshat
摩洛哥	môo-lo̍k-ko
摩羯	Môo-kiat
摩薩德	môo-sat-tik
摳皮	khau-phuê
摳門	kho̍k-仔頭
摵仔茶	tshi̍k-á-tê
摵仔麵	tshi̍k-á-mī
摶土	tshio̍k-thôo
摸不著	bong-bē-tio̍h
摸城隍爺个尻川	bong-Sîng-hông-iâ-ê-kha-tshuinn
摸彩	moo-tshái
摸手底	bong-tshiú-té
摸控	bong-khòng
摸暗	bong-àm
摸暝	bong-mê
摸無總	bong-bô-tsáng
摸無路	bong-bô-lōo
摸無門	bong-bô-mn̂g
摸無頭摠	bong-bô-thâu-tsáng
摸無頭總	bong-bô-thâu-tsáng
摸王爺尻川	bong-ông-iâ-kha-tshuinn
摸脈	bong-me̍h
摸腹肚	bong-pak-tóo
摸著	bong-tio̍h
摸著星花凊凊	bong-tio̍h-tshenn-hue-tshìn-tshìn
摸蜊仔兼洗褲	bong-lâ-á-kiam-sé-khòo
摸閻羅王个尻川	bong-Giâm-lô-ông-ê-kha-tshuinn
摸飛	moo-hui
摸魚	bong-hî
摺屏	tsih-pîn
摺紙	tsih-tsuá
摻做夥	tsham-tsò-hué
摻插	tsham-tshap
摻濫	tsham-lām
摻翸	sám-phún
摻色	tshàm-sik
摻藥粉	sám-io̍h-hún
摻開	sám-khai
摻雜	tsham-tsa̍p
摻鹽	sám-iâm
摽人	pio-lâng
摽嘩	pio-huā
摽歌	pio-kua
摽滾	pio-kún
摽滾嘩	pio-kún-huā
摽笑	pio-tshiò
撇仔	phiat-á
撇仔餅	phiat-á-piáⁿ
撇叉	phiat-tshe
撇尾	phia̍t-bué
撇桑	phiat-sàng
撇步	phiat-pōo
撇清	phiat-tshing
撇翼	phia̍t-si̍t
撇腳	phuat-kha
撈話	lau-uē
撈話頭	lā-uē-thâu
撋琖	nuá-tshuánn
撋麵粉	nuá-mī-hún
撏出	jîm-tshut
撏椆椆	siâm-tiâu-tiâu
撏虎舌	jîm-hóo-tsi̍h
撏錢	jîm-tsînn
撐在	thìnn-tsāi
撐場面	thìnn-tiûnn-bīn
撐椅	thenn-í
撐椆	thènn-tiâu
撐渡	the-tōo
撐竿跳	thing-kan-thiàu
撐腮	thènn-sai
撐腿	thìnn-thuí
撐門面	thìnn-mn̂g-bīn
撐開	thènn-khui
撐頭	thènn-thâu
撐頭番薯	thìnn-thâu-huan-tsî
撐頷	thènn-ām
撒旦	Sat-tàn
撒潑	sāi-phuat
撒潑爛	sāi-phuà-nuā
撒白糖	suah-pe̍h-thn̂g
撒破爛	sāi-phuà-nuā
撒胡椒	suah-hôo-tsio
撒行	sāi-hīng
撒豆油	suah-tāu-iû
撒釘行	sāi-tìng-hīng
撒體	sāi-thái
撒鹽	seh-iâm
撓事	lā-sū
撓尻川	ngiau-kha-tshng
撓根絡	lā-kin-le
撓物件	lā-mi̍h-kiānn
撓空	lā-khang
撓空頭	lā-khang-thâu
撓筋	láu-kin
撓絞	lā-ká
撓耳屎	ngiáu-hīnn-sái
撓耳空	ngiáu-hīnn-khang
撓肥	lā-puî
撓菜	lā-tshài
撓著	láu-tio̍h
撓著筋	láu-tio̍h-kin
撓蚶	lā-ham
撓話頭	lā-uē-thâu
撓鉤仔	ngiáu-kau-á
撓門路	lā-mn̂g-lōo
撓開	ngiáu-khui
撓頭	lā-thâu
撕票	liah-phiò
撙節	tsún-tsat
撚仔	lián-á
撚嘴花	lián-tshuì-hue
撚寶	lián-pó
撚寶餅	lián-pó-piánn
撚盤	lián-puânn
撚耳仔	lián-hīnn-á
撚耳空	lián-hīnn-khang
撚螺絲	lián-lô-si
撚遨仔	lián-gô-á
撚錢	lián-tsînn
撚骰	lián-tâu
撞倒	lòng-tó
撞枴仔	tōng-kuái-á
撞歹	lòng-pháinn
撞死	lòng-sí
撞球	tōng-kiû
撞球間	tōng-kiû-king
撞破	tōng-phuà
撞空	tōng-khang
撞突	tōng-tu̍t
撞著	tn̄g-tio̍h
撞著傷	lòng-tio̍h-siong
撞頭	tn̄g-thâu
撟中營	kiāu-tiong-iânn
撟仔	kiāu-á
撟仔原理	kiāu-á-guân-lí
撟起來	kiāu-khí-lâi
撟開	kiāu-khui
撠去	ngiauh-khì
撠嘴	ngiauh-tshuì
撠蝦	ngiauh-hê
撠蟶	ngiauh-than
撠起	ngiauh-khí
撠起來	ngiauh-khí-lâi
撤任	thiat-jīm
撤兵	thiat-ping
撤出	thiat-tshut
撤勇	thiat-ióng
撤回	thiat-huê
撤守	thiat-siú
撤換	thiat-uānn
撤消	thiat-siau
撤職	thiat-tsit
撤走	thiat-tsáu
撤退	thiat-thè
撤防	thiat-hông
撤除	thiat-tî
撤離	thiat-lī
撤靈	thiat-lîng
撥交	puah-kau
撥人	puah-lâng
撥付	puah-hù
撥出	puah-tshut
撥工	puah-kang
撥所在	puah-sóo-tsāi
撥找	pué-tshuē
撥時間	puah-sî-kan
撥款	puah-khuán
撥用	puah-iōng
撥發	puah-huat
撥腳	puat-kha
撥號	puah-hō
撥邊	puah-pinn
撥錢	puah-tsînn
撥開	puah-khui
撨價數	tshiâu-kè-siàu
撨好勢	tshiâu-hó-sè
撨測	tshiâu-tshik
撨話	tshiâu-uē
撩布	liâu-pòo
撩柴	liâu-tshâ
撩水	liâu-tsuí
撩油	liô-iû
撩紙	liâu-tsuá
撩豆皮	liô-tāu-phuê
撫卹	hú-sut
撫台	bú-tâi
撫平	hú-pîng
撫恤	bú-sut
撫慰	hú-uì
撫育	hú-io̍k
撫胝	bū-ti
撫遠	hú-uán
撬仔買賣	kiāu-á-bé-bē
播出	pòo-tshut
播放	pòo-hòng
播春	pòo-tshun
播田	pòo-tshân
播秧仔	pòo-ng-á
播種	pòo-tsíng
播稻	pòo-tiū
播箍仔	pòo-khoo-á
播送	pòo-sàng
播音	pòo-im
撮仔	tshè-á
撮傷	tshè-siong
撮治	tseh-tī
撮要	tsuat-iàu
撰寫	tsuān-siá
撰文	tsuān-bûn
撰述	tsuān-su̍t
撲克牌	phok-khik-pâi
撲噗彈	pho̍k-pho̍k-tuānn
撲地虎	phak-tē-hóo
撲撲	phok-phok
撲撲彈	phok-phok-tuānn
撲撲筅	pho̍k-pho̍k-tsháinn
撲撲趒	phut-phut-tiô
撲撲車	phok-phok-tshia
撲撲飛	phū-phū-pue
撲救	phok-kiù
撲殺	phok-sat
撲滅	phok-bia̍t
撲無著	pho̍k-bô-tio̍h
撲空	phok-khang
撲著	pho̍k-tio̍h
撼仔	hám-á
撼大草	hám-tuā-tsháu
撼死	hmh-sí
擁塞	ióng-sat
擁戴	ióng-tài
擁有	ióng-iú
擁護	ióng-hōo
擂台	luî-tâi
擂椎	luî-thuî
擂槌	luî-thuî
擂水	luî-tsuí
擂盆	luî-phûn
擂粉	luî-hún
擂缽	luî-puah
擇婆	ti̍k-pô
擇期	ti̍k-kî
擇菜	to̍h-tshài
擉仔	tia̍k-á
擉真珠仔	tia̍k-tsin-tsu-á
擉金珠仔	tia̍k-kim-tsu-á
擊倒	kik-tó
擊出	kik-tshut
擊敗	kik-pāi
擊沉	kik-tîm
擊潰	kik-khuì
擊石頭	kiat-tsio̍h-thâu
擊破	kik-phuà
擊退	kik-thè
擋久	tòng-kú
擋仔	tòng-á
擋仔皮	tòng-á-phuê
擋卡久	tòng-khah-kú
擋搗	tòng-táu
擋撇	tòng-phiat
擋曝膏	tòng-pha̍k-ko
擋無三下斧頭銎	tòng-bô-sann-ē-póo-thâu-khin
擋皮仔	tòng-phuê-á
擋索仔	tòng-soh-á
擋聲壁	tòng-siann-piah
擋落屎藥	tòng-làu-sái-io̍h
擋蠓水	tòng-báng-tsuí
擋袂牢	tòng-bē-tiâu
擋贏	tòng-iânn
擋路	tòng-lōo
擋車	tòng-tshia
擋車輻射	tòng-tshia-hok-siā
擋輸	tòng-su
擋門	tòng-mn̂g
擋頭	tòng-thâu
擋風玻璃	tòng-hong-po-lê
擋駕	tòng-kà
操作	tshau-tsok
操作員	tshau-tsok-uân
操作系統	tshau-tsok-hē-thóng
操兵	tshau-ping
操刀	tsho-to
操勞	tshau-lô
操場	tshau-tiûnn
操守	tshau-siú
操心	tshau-sim
操心擘腹	tshau-sim-peh-pak
操曲	tshau-khik
操演	tshau-ián
操煩	tshau-huân
操琴	tshò-khîm
操練	tshau-liān
操縱	tshau-tshiòng
操舟	tshau-tsiu
操行	tsho-hīng
擎天	khîng-thian
擒家	khînn-ke
擒帶	khîm-tuà
擒扱	khînn-khi̍p
擒拿	khîm-ná
擒烏烏	khînn-oo-oo
擒獲	khîm-hi̍k
擒糊	khînn-kôo
擒轎	khînn-kiō
擔仔	tànn-á
擔仔車	tànn-á-tshia
擔仔麵	tànn-á-mī
擔任	tam-jīm
擔保	tam-pó
擔工	tann-kang
擔帶	tam-tài
擔心	tam-sim
擔憂	tam-iu
擔承	tam-sîng
擔擔	tann-tànn
擔架床	tam-kà-tshn̂g
擔水	tann-tsuí
擔煩	tam-huân
擔當	tam-tng
擔笚	tànn-kah
擔籠較興藝旦	tann-lang-khah-hìng-gē-tuànn
擔粗	tann-tshoo
擔罪	tann-tsuē
擔肩	tann-king
擔負	tann-hū
擔負起	tam-hū-khí
擔責任	tann-tsik-jīm
擔責成	tann-tsik-sîng
擔身命	tam-sin-miā
擔輸贏	tam-su-iânn
擔領	tam-niá
擔頭	tànn-thâu
擔頭重	tànn-thâu-tāng
擗仔	phia̍k-á
擗出	phia̍k-tshut
擗土	phia̍k-thôo
擗擗仔	pia̍k-pia̍k-á
擗龜	Phiak-ku
擘哈	peh-ha
擘皮	peh-phuê
擘破	peh-phuà
據伊家己	kì-i-ka-kī
據在	kì-tsāi
據在人	kì-tsāi-lâng
據在伊	kì-tsāi-i
據在你	kì-tsāi-lí
據在我	kì-tsāi-guá
據報	kì-pò
據實	kì-si̍t
據為己有	kì-uî-kí-iú
據理	kì-lí
據稱	kì-tshing
據點	kì-tiám
擛手	ia̍t-tshiú
擠人	tsinn-lâng
擠出	tsik-tshut
擠豆奶	tsinn-tāu-ling
擠𤶃仔	tsik-thiāu-á
擢傀儡	tioh-ka-lé
擢價	tioh-kè
擢味	tioh-bī
擢懸	tioh-kuâinn
擢手	tioh-tshiú
擢手尾	tioh-tshiú-bué
擢棋	tioh-kî
擢舌根	tioh-tsi̍h-kin
擤鼻	tshǹg-phīnn
擦仔	tshat-á
擦拭	tshat-tshit
擦色	tshat-sik
擦銷	tshat-siau
擬妥	gí-thò
擬定	gí-tīng
擬徒	gí-tôo
擬流	gí-liû
擬稿	gí-kó
擬罪	gí-tsuē
擬訂	gí-tìng
擬請	gí-tshiánn
擬議	gí-gī
擬辦	gí-pān
擱垵	kua-uann
擱港	kua-káng
擲㧒捔	tàn-hiat-ka̍k
擲挕捒	tàn-hìnn-sak
擲掉	tàn-tiāu
擲石討玉	tàn-tsio̍h-thó-gio̍k
擴充	khok-tshiong
擴大	khok-tāi
擴展	khok-tián
擴展到	khok-tián-kàu
擴建	khok-kiàn
擴建工廠	khok-kiàn-kang-tshiúnn
擴張	khok-tiong
擴散	khok-sàn
擴聲機	khok-sing-ki
擴音	mai-khuh
擴音器	khok-im-khì
擴音機	khok-im-ki
擴頭	khok-thâu
擴頭盤	khok-thâu-puânn
擴額	khok-hia̍h
擷取	hiat-tshú
擷手	hiat-tshiú
擺仔	pái-á
擺佈	pái-pòo
擺出	pái-tshut
擺出來	pái-tshut-lâi
擺尺	pái-tshioh
擺平	pái-pîng
擺弄	pái-lōng
擺態	pái-thāinn
擺換	pái-uānn
擺撥	pái-puah
擺擺	pái-pái
擺明	pái-bîng
擺替	pái-thè
擺聲	pái-siann
擺脫	pái-thuat
擺腳	pái-kha
擽呧	ngiau-ti
擾亂	jiáu-luān
擾動	jiáu-tōng
擾民	jiáu-bîn
擿動雞	tih-tāng-ke
擿啄龜	tih-tok-ku
擿注	tih-tuh
擿熾	tih-sih
擿熾手	tih-sih-tshiú
攀升	pan-sing
攀登	phan-ting
攀開	pan-khui
攀附	phan-hū
攄仔	lù-á
攄倒	lu-tó
攄嘴齒	lù-tshuì-khí
攄土車	lu-thôo-tshia
攄塗跤	lu-thôo-kha
攄平	lu-pênn
攄手機仔	lu-tshiú-ki-á
攄機仔	lu-ki-á
攄毛	lu-moo
攄芋頭	lu-ōo-thâu
攇衫	hiannh-sann
攏做	lóng-tsò
攏是	lóng-sī
攏會使	lóng-ē-sái
攏有	lóng-ū
攏熟矣	lóng-si̍k-ah
攏總	lóng-tsóng
攏髮	lóng-huat
攑刀探牛病	gia̍h-to-thàm-gû-pēnn
攑刀攑銃	gia̍h-to-gia̍h-tshìng
攑旗軍仔	gia̍h-kî-kun-á
攑旗軍仔喝咿呵	gia̍h-kî-kun-á-huah-i-o
攑槌攑棍	gia̍h-thuî-gia̍h-kùn
攑燈毋知燈跤暗	gia̍h-ting-m̄-tsai-ting-kha-àm
攑牌仔	gia̍h-pâi-á
攑石輪仔囝	gia̍h-tsio̍h-lián-á-kiánn
攑硬篙	gia̍h-ngē-ko
攑竹篙概倒街	gia̍h-tik-ko-kài-tó-ke
攑鐵仔	gia̍h-thih-á
攑雨傘	gia̍h-hōo-suànn
攑順風旗	gia̍h-sūn-hong-kî
攑頭三尺有神明	gia̍h-thâu-sann-tshioh-ū-sîn-bîng
攑頭看天	gia̍h-thâu-khuànn-thinn
攑香綴拜	gia̍h-hiunn-tuè-pài
攑鼓仔扇去欱飛來飛去的火金姑	gia̍h-kóo-á-sìnn-khì-hap/hop-pue-lâi-pue-khì-ê-hué-kim-koo
攔截	nuâ-tsa̍h
攔親	ânn-tshin
攔閘	nuâ-tsa̍h
攔阻	nuâ-tsóo
攔頭	nuâ-thâu
攕刀	tshiám-to
攕烘肉	tshiám-hang-bah
攙濫	tsham-lām
攝仔客	liap-á-kheh
攝去	liap-khì
攝取	liap-tshú
攝尿	liap-jiō
攝屎	liap-sái
攝屎客	liap-sái-kheh
攝影	liap-iánn
攝影家	liap-iánn-ka
攝影師	liap-iánn-su
攝影棚	liap-iánn-pînn
攝影機	liap-iánn-ki
攝攝	liap-liap
攝氏	liap-sī
攝牢	liap-tiâu
攝理	liap-lí
攝私傢	liap-sai-khia
攝脯脯	liap-póo-póo
攝襉	liap-kíng
攝護腺	liap-hōo-suànn
攝雨傘	liap-hōo-suànn
攢便便	tshuân-piān-piān
攢咧等	tshuân-leh-tán
攢空	tshuân-khang
攤位	thuann-uī
攤底	thuann-té
攤款	thuann-khuán
攤販	thuann-huàn
攤還	thuann-hîng
攤錢	thuann-tsînn
攤頭	thuann-thâu
攪亂	kiáu-luān
攪仔螺	kiáu-á-lê
攪冬瓜	kiáu-tang-kue
攪吵	kiáu-tshá
攪唆	kiáu-so
攪撈	kiáu-lā
攪撓	kiáu-lā
攪擾	kiáu-jiáu
攪散	kiáu-suànn
攪新娘	ká-sin-niû
攪水	kiáu-tsuí
攪絞	kiáu-ká
攪絞痛	kiau-ká-thiànn
攪色	kiáu-sik
攪色盤仔	kiáu-sik-puânn-á
攪褙	kiáu-pè
攪飯	kiáu-pn̄g
攬來	láng-lâi
攬勝	lám-sìng
攬咧跳	lám-teh-thiáu
攬尾	lám-bué
攬椆椆	lám-tiâu-tiâu
攬胸	lám-hing
攬腰	lám-io
支付	tsi-hù
支伯拉的	Tsi-pik-lia̍p-tik
支出	tsi-tshut
支厘	tsi-lî
支局	tsi-kio̍k
支持	tsi-tshî
支援	tsi-uān
支支厘厘	tsi-tsi-lî-lî
支會	tsi-huē
支柱	tsi-thiāu
支流	tsi-liû
支理	tsi-lí
支用	tsi-iōng
支票	tsi-phiò
支線	tsi-suànn
支那	Tsi-ná
支那人	Tsi-ná-lâng
支那仔仙	Tsi-ná-á-sian
支那字	Tsi-ná-jī
支那文	Tsi-ná-bûn
支那肝吸蟲	Tsi-ná-kuann-khip-thâng
支那話	Tsi-ná-uē
支部	tsi-pōo
支配	tsi-phuè
支釐	tsi-lî
支領	tsi-niá
支頭	ki-thâu
攲一爿	khi-tsi̍t-pîng
攲規爿	khi-kui-pîng
攲蹺	khi-khiau
攲頭	khi-thâu
收事	siu-sū
收件	siu-kiānn
收件人	siu-kiānn-jîn
收倒轉	siu-tò-tńg
收入	siu-ji̍p
收兵	siu-ping
收冬	siu-tang
收割	siu-kuah
收割車	siu-kuah-tshia
收取	siu-tshú
收受	siu-siū
收單	siu-tuann
收嘴	siu-tshuì
收回	siu-huê
收回錢	siu-hê-tsînn
收囥	siu-khǹg
收堅	siu-kian
收場	siu-tiûnn
收塞疊	siu-siap-tia̍p
收存	siu-tsûn
收容	siu-iông
收容所	siu-iông-sóo
收密	siu-ba̍t
收尾	siu-bué
收山	siu-suann
收工	siu-kang
收店	siu-tiàm
收徒弟	siu-tôo-tē
收得	siu-tit
收復	siu-ho̍k
收成	siu-sîng
收成前	siu-sîng-tsîng
收押	siu-ah
收拾	siu-si̍p
收捐	siu-iân
收擔	siu-tànn
收據	siu-kì
收支	siu-tsi
收支平衡	siu-tsi-pîng-hîng
收效	siu-hāu
收斂	siu-liám
收方	siu-hong
收束	siu-sok
收板	siu-pán
收條	siu-tiâu
收棺	siu-kuan
收款	siu-khuán
收歸	siu-kui
收殮	siu-liām
收殯	siu-pìn
收水	siu-tsuí
收濕	siu-sip
收煞	siu-suah
收獲	siu-hi̍k
收留	siu-liû
收疕	siu-phí
收發	siu-huat
收皮	siu-phuê
收益	siu-ik
收監	siu-kann
收盤	siu-puânn
收看	siu-khuànn
收租	siu-tsoo
收稅	siu-suè
收積	siu-tsik
收筆	siu-pit
收紅包	siu-âng-pau
收編	siu-phian
收縮	siu-siok
收聽	siu-thiann
收聽著	siu-thiann-tio̍h
收腳	siu-kha
收落來	siu-lo̍h-lâi
收著	siu-tio̍h
收藏	siu-tsông
收藏家	siu-tsông-ka
收視	siu-sī
收視率	siu-sī-lu̍t
收買	siu-bé
收費	siu-huì
收賄	siu-huè
收購	siu-kòo
收銀機	siu-gîn-ki
收錄	siu-lo̍k
收錢	siu-tsînn
收集	siu-tsi̍p
收音	siu-im
收音機	siu-im-ki
收養	siu-iáng
收驚	siu-kiann
改任	kái-jīm
改判	kái-phuànn
改制	kái-tsè
改名	kái-miâ
改向	kái-hiòng
改善	kái-siān
改孤體	kái-koo-thué
改小	kái-sió
改弦易轍	kái-hiân-i̍k-tia̍t
改成	kái-sîng
改掉	kái-tiāu
改換	kái-uānn
改期	kái-kî
改正	kái-tsìng
改為	kái-uî
改移	kái-î
改組	kái-tsoo
改編	kái-phian
改良	kái-liâng
改良場	kái-liâng-tiûnn
改薰	kái-hun
改行	kái-hâng
改裝	kái-tsong
改觀	kái-kuan
改訂	kái-tìng
改變	kái-piàn
改途	kái-tôo
改造	kái-tsō
改進	kái-tsìn
改過自新	kái-kè-tsū-sin
改道	kái-tō
改選	kái-suán
改酒	kái-tsiú
改錯	kái-tshò
改革	kái-kik
改革派	kái-kik-phài
改鬱	kái-ut
攻下	kong-hā
攻佔	kong-tsiàm
攻克	kong-khik
攻勢	kong-sì
攻占	kong-tsiàm
攻城	kong-siânn
攻守	kong-siú
攻家	kong-ka
攻打	kong-tánn
攻擊	kong-kik
攻殼機動隊	Kong-Khok-Ki-tōng-Tuì
攻讀	kong-tho̍k
攻錯	kong-tshò
放下	pàng-hē
放任	hòng-jīm
放伊煞	pàng-i-suah
放伴	pàng-phuānn
放倒轉	pàng-tò-tńg
放假	hòng-ká
放價	pàng-kè
放入	pàng-ji̍p
放冗	pàng-līng
放冬	pàng-tang
放凊彩	pàng-tshìn-tshái
放出	pàng-tshut
放刁	pàng-tiau
放利息	pàng-lī-sik
放十虎	pàng-tsa̍p-hóo
放半目	pàng-puànn-ba̍k
放卵	pàng-nn̄g
放外外	pàng-guā-guā
放大	hòng-tuā
放大縮小	hòng-tuā-sok-sió
放孔子	pàng-kóng-pe̍h
放孤飛	pàng-koo-pue
放學	pàng-ha̍k
放定	pang-tiānn
放家伙	pàng-ke-hué
放寬	hòng-khuan
放射	hòng-siā
放射性	hòng-siā-sìng
放射線	hòng-siā-suànn
放尿	pàng-jiō
放尿攪沙袂做堆	pàng-jiō-kiáu-sua-bē-tsò-tui
放屁	pàng-phuì
放屁安狗心	pàng-phuì-an-káu-sim
放屁車	pàng-phuì-tshia
放屎	pàng-sái
放屎尿	pàng-sái-jiō
放屎無𠕇	pàng-sái-bô-tīng
放工	pàng-kang
放帖	pàng-thiap
放影	hòng-iánn
放心	hòng-sim
放懶懶	pàng-nuā-nuā
放手	pàng-tshiú
放拋荒	pàng-pha-hng
放捒	pàng-sak
放掉	pàng-tiāu
放掬	pàng-kak
放提	pàng-sak
放撥	pàng-puah
放據在	pàng-kì-tsāi
放據在伊	pàng-kì-tsāi-i
放放	hòng-hòng
放放放	pàng-hòng-hòng
放散	pàng-suànn
放數	pàng-siàu
放早	pàng-tsá
放暇	pàng-hē
放棄	hòng-khì
放榜	hòng-pńg
放橫債	pàng-huâinn-tsè
放權	pàng-khuân
放款	hòng-khuán
放步	pàng-pōo
放步行	pàng-pōo-kiânn
放毒	pàng-to̍k
放毛	pàng-moo
放水	pàng-tsuí
放水流	pàng-tsuí-lâu
放水燈	pàng-tsuí-ting
放洋	pàng-iûnn
放港	pàng-káng
放港的	pàng-káng-ê
放濕濕	pàng-sip-sip
放火	pàng-hué
放火燒	páng-hué-sio
放炮	pàng-phàu
放炮仔	pàng-phàu-á
放煙火	pàng-ian-hué
放煞	pàng-suah
放熱	pàng-jua̍h
放熱時	pàng-lua̍h-sî
放牛	pàng-gû
放牛班	pàng-gû-pan
放牧	pàng-bo̍k
放狗屁	pàng-káu-phuì
放生	hòng-sing
放生池	hòng-sing-tî
放痢	pàng-lī
放痢肚仔	pàng-lī-tóo-á
放瘦氣	pàng-sán-khuì
放白帖	pàng-pe̍h-thiap
放盡磅	pàng-tsīn-pōng
放目	pàng-ba̍k
放直	pàng-ti̍t
放眼	hòng-gán
放禮砲	pàng-lé-phàu
放種	pàng-tsíng
放空	pàng-khang
放空營	pàng-khang-iânn
放空車	pàng-khang-tshia
放空銃	pàng-khang-tshìng
放筆	pàng-pit
放箛	pàng-koo
放粉鳥	pàng-hún-tsiáu
放粟青	pàng-tshik-tshenn
放糞	pàng-pùn
放紅	pàng-âng
放紙虎	pàng-tsuá-hóo
放紨	pàng-pôo
放網	pàng-bāng
放緄仔	pàng-kún-á
放線	pàng-suànn
放縱	hòng-tshiòng
放羊	pàng-iûnn
放聲	pàng-siann
放聲哭	pàng-siann-khàu
放肆	hòng-sù
放腳筋	pàng-kha-kin
放膽	hòng-tánn
放臭屁	pàng-tshàu-phuì
放荏荏	pàng-lám-lám
放荒	pàng-hng
放落	pàng-lo̍h
放落去	pang-lo̍h-khì
放落軟	pàng-lo̍h-nńg
放蕩	hòng-tōng
放蕩不羈	hòng-tōng-put-ki
放蕩子	hòng-tōng-tsú
放虎利	pàng-hóo-lāi
放蚊罩	pàng-báng-tà
放蜜	pàng-bi̍t
放蟲	pàng-thâng
放血	pàng-hueh
放行	hòng-hîng
放訂	pàng-tiānn
放話栓	pàng-uē-sng
放誆	pàng-kōng
放賒	pàng-sia
放走	pàng-tsáu
放軟	pàng-nńg
放送	hòng-sàng
放送員	hòng-sàng-uân
放送局	hòng-sàng-kio̍k
放送機	hòng-sàng-ki
放送頭	hòng-sàng-thâu
放逐	hòng-tio̍k
放重債	pàng-tāng-tsè
放重利	pàng-tāng-lāi
放釣	pàng-tiò
放銃	pàng-tshìng
放開	pàng-khui
放雨白	pàng-hōo-pe̍h
放電	pàng-tiān
放靶	pàng-pé
放領	hòng-niá
放風	pàng-hong
放風吹	pàng-hong-tshue
放風聲	pàng-hong-siann
放飛	pàng-pue
放飼	pàng-tshī
放鬆	pàng-sang
放魚	pàng-hî
放鳥	pàng-tsiáu
放點	pàng-tiám
政事	tsìng-sū
政令	tsìng-līng
政制	tsìng-tsè
政務	tsìng-bū
政務官	tsìng-bū-kuann
政和	Tsìng-hô
政商	tsìng-siong
政壇	tsìng-tuânn
政大	Tsìng-tāi
政委	tsìng-uí
政客	tsìng-kheh
政局	tsìng-kio̍k
政府	tsìng-hú
政府軍	tsìng-hú-kun
政情	tsìng-tsîng
政戰部	Tsìng-tsiàn-pōo
政權	tsìng-kuân
政治	tsìng-tī
政治人物	tsìng-tī-jîn-bu̍t
政治大學	Tsìng-tī-tāi-ha̍k
政治學	tsìng-tī-ha̍k
政治家	tsìng-tī-ka
政治局	Tsìng-tī-kio̍k
政治性	tsìng-tī-sìng
政治犯	tsìng-tī-huān
政界	tsìng-kài
政策	tsìng-tshik
政策研擬	tsìng-tshik-gián-gí
政策規劃	tsìng-tshik-kui-uē
政經	tsìng-king
政績	tsìng-tsik
政要	tsìng-iàu
政見	tsìng-kiàn
政論	tsìng-lūn
政變	tsìng-piàn
政體	tsìng-thé
政黨	tsìng-tóng
敁嚨喉	tinn-nâ-âu
敁放	tháu-pàng
敁氣	tháu-khì
敁縛	tháu-pa̍k
敁脫	tháu-thuah
敁開	tháu-khui
故事	kòo-sū
故事書	kòo-sū-su
故交	kòo-kau
故典	kòo-tián
故宮	kòo-kiong
故宮博物院	Kòo-kiong-phok-bu̍t-īnn
故宮博物館	Kòo-kiong-phok-bu̍t-kuán
故居	kòo-ki
故意	kòo-ì
故殺	kòo-sat
故紙	kòo-tsuá
故鄉	kòo-hiong
故障	kòo-tsiòng
敆作	kap-tsoh
敆倚	kap-uá
敆做夥	kap-tsò-hué
敆嘴	kap-tshuì
敆峇	kap-bā
敆痕	kap-hûn
敆目	kap-ba̍k
敆紃	kap-sûn
敆線	kap-suànn
敆路	kap-lōo
敆蹛病房	kap-tuà-pēnn-pâng
敆逝	kap-tsuā
敆陣	kap-tīn
敆餅	kap-piánn
效力	hāu-li̍k
效勞	hāu-lô
效命	hāu-bīng
效尤	hāu-iû
效忠	hāu-tiong
效果	hāu-kó
效法	hāu-huat
效率	hāu-lu̍t
效用	hāu-iōng
效益	hāu-ik
效能	hāu-lîng
效驗	hāu-giām
敏感	bín-kám
敏感度	bín-kám-tōo
敏感性	bín-kám-sìng
敏捷	bín-tsia̍t
敏豆	bín-tāu
敏豆蛹	Bín-tāu-ióng
救世	kiù-sè
救世軍	kiù-sè-kun
救主誕	kiù-tsú-tàn
救人	kiù-lâng
救兵	kiù-ping
救出	kiù-tshut
救助	kiù-tsōo
救命	kiù-miā
救命環	kiù-miā-khuân
救命箍仔	kiù-miā-khoo-á
救命船	kiù-miā-tsûn
救心草	kiù-sim-tsháu
救急	kiù-kip
救援	kiù-uān
救本	kiù-pún
救治	kiù-tī
救濟	kiù-tsè
救火	kiù-hué
救火車	kiù-hué-tshia
救災	kiù-tsai
救生員	kiù-sing-uân
救生環	kiù-sing-khuân
救生箍仔	kiù-sing-khoo-á
救生船	kiù-sing-tsûn
救生衣	kiù-sing-i
救苦救難	kiù-khóo-kiù-lān
救護	kiù-hōo
救護車	kiù-hōo-tshia
救贖	kiù-sio̍k
救起	kiù-khí
救難	kiù-lān
敕令	thik-līng
敕封	thik-hong
敗價	pāi-kè
敗北	pāi-pak
敗去	pāi-khì
敗名	pāi-miâ
敗嘍	pāi-loo
敗壞	pāi-huāi
敗害	pāi-hāi
敗家	pāi-ke
敗將	pāi-tsiòng
敗市	pāi-tshī
敗德	pāi-tik
敗戰	pāi-tsiàn
敗手	pāi-tshiú
敗板	pāi-pán
敗機	pāi-ki
敗毒	pāi-to̍k
敗火	pāi-hué
敗甲塗塗塗	pāi-kah-thôo-thôo-thôo
敗甲貼底	pāi-kah-tah-té
敗筆	pāi-pit
敗統囝	pāi-thóng-kiánn
敗績	pāi-tsik
敗聲	pāi-siann
敗腎	pāi-sīn
敗興	pāi-hìng
敗血	pāi-hiat
敗血症	pāi-hiat-tsìng
敗訴	pāi-sòo
敗輦	pāi-lián
敗輪	pāi-lián
敗退	pāi-thè
敗門風	pāi-mn̂g-hong
敗陷	pāi-hām
敗露	pāi-lōo
敗類	pāi-luī
敗馬	pāi-bé
敘利亞	Sū-lī-a
敘述	sū-su̍t
教主	kàu-tsú
教乖	kà-kuai
教具	kàu-khū
教冊	kà-tsheh
教務	kàu-bū
教務處	kàu-bū-tshù
教務長	kàu-bū-tiúnn
教化	kàu-huà
教友	kàu-iú
教員	kàu-uân
教團	kàu-thuân
教堂	kàu-tn̂g
教壇	kàu-tuânn
教學	kàu-ha̍k
教學法	kàu-ha̍k-huat
教宗	kàu-tsong
教官	kàu-kuann
教室	kàu-sik
教導	kàu-tō
教局	kàu-kio̍k
教師	kàu-su
教師節	kàu-su-tsiat
教廷	kàu-tîng
教授	kàu-siū
教會	kàu-huē
教材	kàu-tsâi
教條	kàu-tiâu
教權	kàu-kuân
教歹囡仔大細	kà-pháinn-gín-á-tuā-sè
教派	kàu-phài
教父	kàu-hū
教皇	kàu-hông
教督	kàu-tok
教示	kà-sī
教科書	kàu-kho-su
教精	kà-tsing
教練	kàu-liān
教義	kàu-gī
教職	kàu-tsit
教職員	kàu-tsit-uân
教育	kàu-io̍k
教育家	kàu-io̍k-ka
教育局	Kàu-io̍k-kio̍k
教育廳	Kàu-io̍k-thiann
教育界	kàu-io̍k-kài
教育程度	kàu-io̍k-thîng-tōo
教育系	kàu-io̍k-hē
教育部	kàu-io̍k-pōo
教規	kàu-kui
教訓	kàu-hùn
教誨	kàu-huè
教課	kà-khò
教鞭	kàu-pian
教養	kàu-iáng
教養院	kàu-iáng-īnn
敢但	kánn-nā
敢使	kánn-sái
敢使著	kám-sái-tio̍h
敢即呢	kánn-tsiah-ní
敢問	kánn-mn̄g
敢彩	kám-tshái
敢按呢	kám-án-ne
敢敢	kánn-kánn
敢敢通	kám-kánn-thang
敢是	kánn-sī
敢是啊	kánn-sī-ā
敢會	kám-ē
敢會使	kám-ē-sái
敢會使佮你鬥陣	Kám-ē-sái-kah-lí-tàu-tīn
敢會無閒	kám-ē-bô-îng
敢會用	kám-ē-īng
敢會當	kám-ē-tàng
敢會當佮你鬥陣	kám-ē-tàng-kah-lí-tàu-tīn
敢會食得	kám-ē-tsia̍h-tit
敢有	kám-ū
敢有影	kám-ū-iánn
敢有法度	kám-ū-huat-tōo
敢有閒	kám-ū-îng
敢死	kánn-sí
敢死隊	kám-sú-tuī
敢毋是	kánn-m̄-sī
敢煞	kám-suah
敢甲	kám-kah
敢真的	kám-tsin-ê
敢若捌看過	kán-ná-pat-khuànn-kuè
敢若是	kánn-nā-sī
敢若袂䆀	ká-ná-buē-bái
敢著	kám-tio̍h
敢著快做媽	kánn-tio̍h-khuài-tsò-má
敢誠實的	kám-tsiânn-si̍t-ê
敢講	kám-kóng
敢通	kám-thang
敢遮爾	kánn-tsiah-nī
敢食汽油	kánn-tsia̍h-khì-iû
散亂	sàn-luān
散了了	suànn-liáu-liáu
散交	suànn-kau
散仙	suànn-sian
散佈	sàn-pòo
散兇	sàn-hiong
散兇人	sàn-hiong-lâng
散凶人	sàn-hiong-lâng
散占	suánn-tsiam
散占散角	suánn-tsiam-suánn-kak
散去	suànn-khì
散場	suànn-tiûnn
散子仔	suànn-jí-á
散學	suànn-o̍h
散尾葵	suànn-bué-khuê
散工	suànn-kang
散市	suànn-tshī
散布	sàn-pòo
散庄	sàn-tsng
散彈銃	suànn-tuânn-tshìng
散形	suànn-hîng
散形怪	Suànn-hîng-kuài
散心	sàn-sim
散心仔想	sàn-sim-á-siūnn
散心仔遊	sàn-sim-á-iû
散想	sám-siūnn
散懨懨	sàn-giān-giān
散掖掖	suánn-iā-iā
散掖鬼	suànn-iā-kuí
散插	suánn-tshap
散操	suànn-tshau
散攤	suànn-thuann
散散	sàm-sàm
散文	sàn-bûn
散斗	suànn-táu
散會	sàn-huē
散本	sàn-pún
散步	sàm-pōo
散毛狗	sàm-môo-káu
散氣	sàn-khuì
散汗	sàn-kuānn
散淡	sàm-tām
散滂滂	suànn-phóng-phóng
散漫	sàn-bān
散狗	suánn-káu
散甲割喉無血	sàn-kah-kuah-âu-bô-hueh
散甲無半項	sàn-kah-bô-puànn-hāng
散甲鬼欲掠去	sàn-kah-kuí-beh-lia̍h-khì
散疕疕	sàn-phí-phí
散發	sàn-huat
散票	suànn-phiò
散種	suánn-tsíng
散縮縮	sàn-giuh-giuh
散翸	sàn-phún
散翸翸	suànn-phún-phún
散股	suànn-kóo
散膽	sàn-tánn
散茫茫	suànn-bông-bông
散落落	suànn-lak-lak
散蓬蓬	suànn-phōng-phōng
散藥	sàn-io̍h
散藥仔	sán-io̍h-á
散血草	suànn-hueh-tsháu
散街路	sàn-ke-lōo
散裝	suànn-tsng
散角	suánn-kak
散貓	suánn-niau
散賣	suànn-bē
散赤	sàn-tshiah
散赤人	sàn-tshiah-lâng
散赤人仔	sàn-tshiah-lâng-á
散赤囝	sàn-tshiah-kiánn
散赤底	sàn-tshiah-té
散趁	suánn-thàn
散鄉	sàn-hiong
散酒	sàn-tsiú
散鉛	suànn-iân
散開	suànn-khui
散陣	suànn-tīn
散雄	suànn-hîng
散雪	suànn-seh
散食	sàn-tsia̍h
散食人	sàn-tsia̍h-lâng
散館	suànn-kuán
散鬼	sàn-kuí
散鬼鬼	sàn-kuí-kuí
散魂	sàn-hûn
敦厚	tun-hōo
敦樸	tun-phok
敦煌	Tun-hông
敦睦	tun-bo̍k
敦請	tun-tshíng
敧一爿	khi-tsi̍t-pîng
敧倒	khi-tó
敧敧	khi-khi
敧歸爿	khi-kui-pîng
敧爿	khi-pîng
敧頭	khí-thâu
敧頭看	khi-thâu-khuànn
敨喙罨	tháu-tshuì-am
敬仰	kìng-gióng
敬佩	kìng-phuè
敬意	kìng-ì
敬愛	kìng-ài
敬慕	kìng-bōo
敬業	kìng-gia̍p
敬畏	kìng-uì
敬祝	kìng-tsiok
敬神	kìng-sîn
敬禮	kìng-lé
敬稱	kìng-tshing
敬老	kìng-ló
敬老會	kìng-nóo-huē
敬虔	kìng-khiân
敬請	kìng-tshíng
敬謝	kìng-siā
敬酒	kìng-tsiú
敬重	kìng-tiōng
敲仙古	khà-sian-kóo
敲卵	khà-nn̄g
敲字	khà-jī
敲字機	khà-jī-ki
敲字盤	khà-jī-puânn
敲字行	khà-jī-hâng
敲手機仔	khà-tshiú-ki-á
敲柝	khà-kho̍k
敲機仔	khà-ki-á
敲油	khà-iû
敲爍爁	khà-sih-nà
敲破	khà-phuà
敲碗	khà-uánn
敲虎膦	khà-hóo-lān
敲邊鼓	khà-pinn-kóo
敲開	khà-khui
敲頭	khà-thâu
整修	tsíng-siu
整個	tsíng-kô
整匯	tsíng-huē
整合	tsíng-ha̍p
整合性	tsíng-ha̍p-sìng
整地	tsíng-tē
整容	tsíng-iông
整建	tsíng-kiàn
整形	tsíng-hîng
整形外科	tsíng-hîng-guā-kho
整整	tsíng-tsíng
整日	tsíng-ji̍t
整會	tsíng-huē
整本	tsíng-pún
整潔	tsíng-kiat
整理	tsíng-lí
整編	tsíng-phian
整聲	tsíng-siann
整肅	tsíng-siok
整裝	tsíng-tsong
整錢	tsíng-tsînn
整頓	tsíng-tùn
整體	tsíng-thé
整齊	tsíng-tsê
敵人	ti̍k-jîn
敵對	ti̍k-tuì
敵後	ti̍k-hiō
敵情	ti̍k-tsîng
敵意	ti̍k-ì
敵手	ti̍k-tshiú
敵方	ti̍k-hong
敵機	ti̍k-ki
敵營	ti̍k-iânn
敵視	ti̍k-sī
敵軍	ti̍k-kun
敷敷	hu-hu
敷衍	hu-ián
敷貓	hu-niau
數位	sòo-uī
數位化	sòo-uī-huà
數位支付	sòo-uī-tsi-hù
數佛做粿	siàu-hu̍t-tsò-kué
數佻	siàu-tiáu
數個仔	siàu-ê-á
數值	sòo-ta̍t
數值分析	sòo-ti̍t-hun-sik
數冊	siàu-tsheh
數單	siàu-tuann
數字	sòo-jī
數字仔琢	siàu-lī-á-tok
數學	sòo-ha̍k
數學科	sòo-ha̍k-kho
數尾	siàu-bué
數念	siàu-liām
數念我	siàu-liām-guá
數想	siàu-siūnn
數戶	siàu-hōo
數房	siàu-pâng
數據	sòo-kì
數據機	sòo-kì-ki
數會著	siàu-ē-tio̍h
數條仔排	siàu-tiâu-á-pâi
數條仔講	siàu-tiâu-á-kóng
數櫃	siàu-kuī
數款	siàu-khuán
數珠	sòo-tsu
數珠仔	sòo-tsu-á
數理	sòo-lí
數目	siàu-ba̍k
數碼	sòo-má
數碼冊	sòo-má-tsheh
數碼化	sòo-má-huà
數碼商務	sòo-má-siong-bū
數碼報紙	sòo-má-pò-tsuá
數碼字	siàu-bé-jī
數碼怪獸	sòo-bé-kuài-siù
數碼批	sòo-má-phue
數碼獸	sòo-má-siù
數碼發票	sòo-má-huat-phiò
數碼納數	sòo-bé-la̍p-siàu
數碼翕相機	sòo-má-hip-siòng-ki
數碼錢	sòo-bé-tsînn
數碼雞	sòo-má-ke
數碼電視	sòo-má-tiān-sī
數簿	siàu-phōo
數號	siàu-hō
數詞	sòo-sû
數逝	sò͘-chōa
數量	sòo-liāng
數陣	sò͘-tīn
斂力	liàm-la̍t
斂勒	liám-leh
斂嘴	liàm-tshuì
斂嘴頭	liàm-tshuì-thâu
斂墘	lím-kînn
斂房	liám-pâng
斂手	liám-tshiú
斂斂	lím-lím
斂斂仔	liám-liám-á
斂流	lím-lâu
斂省	liám-síng
斂秤頭	liám-tshìn-thâu
斂色	liám-sik
斂錢	liám-tsînn
文人	bûn-jîn
文人畫	bûn-jîn-uē
文人雅士	bûn-jîn-ngá-sū
文仙果	bûn-sian-kó
文件	bûn-kiānn
文光尺	bûn-kong-tshioh
文公尺	bûn-kong-tshioh
文具	bûn-khū
文具店	bûn-kū-tiàm
文創	bûn-tshòng
文化	bûn-huà
文化界	bûn-huà-kài
文史	bûn-sú
文壇	bûn-tân
文字	bûn-jī
文字獄	bûn-jī-ga̍k
文學	bûn-ha̍k
文學院	bûn-ha̍k-īnn
文宗	Bûn-tsong
文官	bûn-kuann
文寫稿	bûn-siá-kó
文山	Bûn-san
文庫	bûn-khòo
文建會	Bûn-kiàn-huē
文德	bûn-tik
文心蘭	bûn-sim-lân
文憑	bûn-pîn
文成	Bûn-sîng
文摘	bûn-tiah
文教	bûn-kàu
文教區	bûn-kàu-khu
文文	bûn-bûn
文旁	bûn-pîng
文旦	bûn-tàn
文昌	Bûn-tshiong
文明	bûn-bîng
文書	bûn-su
文本	bûn-pún
文案	bûn-àn
文棋	bûn-kî
文樹蘭	bûn-tshiū-lân
文武	bûn-bú
文武雙才	bûn-bú-siang-tsâi
文法	bûn-huat
文火	bûn-hué
文物	bûn-bu̍t
文獻	bûn-hiàn
文獻會	Bûn-hiàn-huē
文珠蘭	bûn-tsu-lân
文理	bûn-lí
文理人	bûn-lí-lâng
文科	bûn-kho
文稿	bûn-kó
文章	bûn-tsiong
文竹	bûn-tik
文筆	bûn-pit
文義	bûn-gī
文聖	bûn-sìng
文職	bûn-tsit
文華	bûn-huâ
文華高中	Bûn-huâ-Ko-tiong
文藝	bûn-gē
文藝青年	bûn-gē-tshing-liân
文藻	Bûn-tsó
文蛤	bûn-kap
文言	bûn-giân
文言文	bûn-giân-bûn
文讀	bûn-tho̍k
文豪	bûn-hô
文選	bûn-suán
文雅	bûn-ngá
文集	bûn-tsi̍p
文青	bûn-tshing
文革	bûn-kik
文風	bûn-hong
文體	bûn-thé
文魯彬	Bûn-Ló͘-pin
斑枝	pan-ki
斑痧	pan-sua
斑白	pan-pe̍h
斑竹	pan-tik
斑竹相思	pan-tik-siunn-si
斑節相思	pan-tsat-siunn-si
斑節蝦	pan-tsat-hê
斑紋	pan-bûn
斑芝花	pan-tsi-hue
斑蝦	pan-hê
斑貓	pan-niau
斑靈貓	pan-lîng-niau
斑馬	pan-bé
斑馬線	pan-má-suànn
斑駁	pan-pok
斑鯃	pan-gôo
斑鳩	pan-kah
斑鳩飯	pan-khiu-pn̄g
斑鴿	pan-kah
斑鴿鷹	pang-kah-ing
斑點	pan-tiám
斗六	Táu-la̍k
斗六市	Táu-la̍k-tshī
斗南	Táu-lâm
斗拱	táu-kia̍h
斗方	táu-hong
斗稱尺	táu-tshìn-tshioh
斗笠	táu-le̍h
斗籠	táu-láng
斗籠仔本	táu-láng-á-pún
斗葛	Táu-kat
斗葛族	Táu-kat-tso̍k
斗葛話	Táu-kat-uē
斗鈕	táu-liú
斗鹿	táu-lo̍k
料做	liāu-tsò
料到	liāu-kàu
料叫	liāu-kiò
料小	liāu-siáu
料想	liāu-sióng
料理	liāu-lí
料理包	liāu-lí-pau
料理店	liāu-lí-tiàm
料算	liāu-sǹg
料絲	liāu-si
料草	liāu-tsháu
料身	liāu-sin
斛菜	ha̍k-tshài
斜仔灣	Tshiâ-á-uan
斜坡	siâ-pho
斜對面	tshua̍h-tuì-bīn
斜斜	siâ-siâ
斜株形	tshiâ-tu-hîng
斜照	tshiâ-tsiò
斜率	tshiâ-lu̍t
斜目	tshiâ-ba̍k
斜糕形	tshiâ-ko-hîng
斜紋布	siâ-bûn-pòo
斜線	tshua̍h-suànn
斜西	tshiâ-sai
斜視	siâ-sī
斜角	tshua̍h-kak
斜角線	tshua̍h-kak-suànn
斜角逝	tshua̍h-kak-tsuā
斜路	tshua̍h-lōo
斜逝	tshiâ-tsuā
斜面	tshiâ-bīn
斜骿	siâu-phiann
斟茶	thîn-tê
斟酌	tsim-tsiok
斟酒	thîn-tsiú
斡倒爿	uat-tò-pîng
斡倒轉	uat-tó-tńg
斡彎	uat-uan
斡彎栱	uat-uan-kóng
斡手	uat-tshiú
斡旋	uat-suân
斡正手	uat-tsiànn-tshiú
斡正爿	uat-tsiànn-pîng
斡角	uat-kak
斡輾轉	uat-lìn-tńg
斡轉	uat-tńg
斡轉腳	uat-tńg-kha
斡轉身	uat-tńg-sin
斡這平	uat-tsit-pîng
斡頭	ua̍t-thâu
斤兩	kin-niú
斤半	kin-puànn
斤聲	kin-siann
斥罵	thik-mē
斥資	thik-tsu
斧頭	póo-thâu
斬六將	tsám-lio̍k-tsiòng
斬剉	tsám-tshò
斬尾	tsánn-bué
斬截	tsám-tsue̍h
斬斷	tsám-tn̄g
斬木	tsám-bo̍k
斬柴	tsám-tshâ
斬獲	tsám-hi̍k
斬稻尾	tsánn-tiū-bué
斬過	tsánn-kuè
斬釘截鐵	tsám-ting-tsia̍t-thih
斬頭	tsām-thâu
斯久勒	Su-kú-li̍k
斯康	su-khong
斯拉夫	Su-lá-hu
斯文	su-bûn
斯文捌禮	su-bûn-pat-lé
斯文氣	su-bûn-khuì
斯洛綿	Su-lo̍k-biân
斯洛茉	Su-lo̍k-ba̍k
斯當時	su-tong-sî
斯里蘭卡	Su-lí-lân-khah
新一代	sin-tsi̍t-tāi
新世界	sin-sè-kài
新人	sin-lâng
新任	sin-jīm
新住民	sin-tsū-bîn
新光	Sin-kong
新光人壽	Sin-kong-jîn-siū
新公園	Sin-kong-hn̂g
新兵	sin-ping
新冊	sin-tsheh
新制	sin-tsè
新創仔	sin-tshòng-á
新創公司	sin-tshòng-kong-si
新創的	sin-tshòng-ê
新劇	sin-kio̍k
新力	Sin-li̍k
新加坡	Sin-ka-pho
新化	Sin-huà
新南向	sin-lâm-hiòng
新厝	sin-tshù
新厝仔	Sin-tshù-á
新厝莊	Sin-tshù-tsng
新台幣	sin-tâi-pè
新台票	sin-tâi-phiò
新型	sin-hîng
新城	Sin-siânn
新埔	Sin-poo
新埤	Sin-pi
新埤頭	Sin-pi-thâu
新堀江	Sin-khut-kang
新天地	sin-thian-tē
新奇	sin-kî
新娘	sin-niû
新娘伴	sin-niû-phuānn
新娘床	sin-niû-tshn̂g
新娘房	sin-niû-pâng
新娘撐	sin-niû-thènn
新娘替	sin-niû-thueh
新娘燈	sin-niû-ting
新娘花	sin-niû-hue
新娘草	sin-niû-tsháu
新娘衫	sin-niû-sann
新娘轎	sin-niû-kiō
新娘餅	sin-niû-piánn
新婚	sin-hun
新婦	sim-pū
新婦仔	sim-pū-á
新婦仔相	sin-pū-á-siòng
新婦仔神	sin-pū-á-sîn
新婦仔體	sin-pū-á-the3
新嫣	sin-ian
新學山	sin-o̍h-suann
新安	Sin-an
新宿	Sin-sok
新尪仔	sin-ang-á
新居	sin-ki
新屋	Sin-ok
新屎礐仔三日新	sin-sái-ha̍k-á-sann-ji̍t-sin
新市	sin-tshī
新年	sin-nî
新幹線	Sin-kàn-suànn
新庄仔	Sin-tsng-á
新店	Sin-tiàm
新店市	Sin-tiàm-tshī
新店溪	Sin-tiàm-khe
新建	sin-kiàn
新式	sin-sik
新形	sin-hîng
新手	sin-tshiú
新政	sin-tsìng
新教	Sin-kàu
新文化	sin-bûn-huà
新新娘	sin-sin-niû
新新婦	sin-sin-pū
新昌	Sin-tshiong
新春	sin-tshun
新時代	sin-sî-tāi
新曆	sin-li̍k
新村	sin-tshuan
新樣	sin-iūnn
新款	sin-khuán
新歌	sin-kua
新歡	sin-huan
新正	sin-tsiann
新正年頭	sin-tsiann-nî-thâu
新氣象	sin-khì-siōng
新法	sin-huat
新派	sin-phài
新港	Sin-káng
新港糖仔	Sin-káng-thn̂g-á
新港飴	Sin-káng-î
新潮	sin-tiâu
新營	Sin-iânn
新營市	Sin-iânn-tshī
新營鐵道文化園區	Sin-iânn-Thih-tō-Bûn-huà-Uân-khu
新片	sin-phìnn
新版	sin-pán
新璫璫	sin-tang-tang
新生	sin-sing
新生仔	sin-senn-á
新生代	sin-sing-tāi
新生地	sin-sing-tē
新生報	Sin-sing-pò
新界	Sin-kài
新疆	Sin-kiong
新知	sin-ti
新秀	sin-siù
新穎	sin-íng
新竹	Sin-tik
新竹市	Sin-tik-tshī
新篤篤	sin-tak-tak
新簇簇	sin-tshak-tshak
新紀元	sin-kì-guân
新紀錄	sin-kì-lo̍k
新約	Sin-iok
新編	sin-phian
新羅	Sin-lô
新聞	sin-bûn
新聞局	Sin-bûn-kio̍k
新聞界	sin-bûn-kài
新聞稿	sin-bûn-kó
新聞紙	sin-bûn-tsuá
新腳數	sin-kha-siàu
新興	sin-hing
新莊	Sin-tsng
新莊市	Sin-tsng-tshī
新華社	Sin-huâ-siā
新落山	sin-lo̍h-suann
新蘡	sin-ínn
新虎尾溪	Sin-hóo-bé-khe
新衫	sin-sann
新裝	sin-tsong
新設	sin-siat
新語	sin-gí
新豐	Sin-hong
新貴	sin-kuì
新起事業	sin-khí-sū-gia̍p
新近	sin-kīn
新造	sin-tsō
新進	sin-tsìn
新進人員	sin-tsìn-jîn-uân
新郎	sin-lông
新郎公	sin-niôo-kang
新金山	sin-kim-san
新銳	sin-luē
新開幕	sin-khui-bōo
新陳代謝	sin-tîn-tāi-siā
新鮮	sin-sian
新點點	sin-tiám-tiám
斷交	tuān-kau
斷人煙	tn̄g-lâng-ian
斷半仙	tn̄g-puànn-sián
斷半圓	tn̄g-puànn-înn
斷半屑	tn̄g-puànn-sut
斷半紗縒	tn̄g-puànn-se-tsua̍h
斷半鮮	tn̄g-puànn-sián
斷奶	tn̄g-ling
斷定	tuàn-tīng
斷寸鐵	tn̄g-tshùn-thih
斷屑	tn̄g-sut
斷崖	tuān-gâi
斷崖絕壁	tuān-gâi-tsua̍t-piah
斷嶄	tn̄g-tsám
斷掌	tn̄g-tsiúnn
斷根	tn̄g-kin
斷氣	tn̄g-khuì
斷水	tuān-tsuí
斷沙屑	tn̄g-sua-sap
斷火薰	tn̄g-hué-hun
斷產	tn̄g-suánn
斷痕瑕	tn̄g-hûn-hê
斷種	tn̄g-tsíng
斷站	tn̄g-tsām
斷節	tn̄g-tsat
斷糧	tuān-niû
斷約	tuàn-iok
斷紗逝	tn̄g-se-tsuā
斷絕	tuān-tsua̍t
斷絕來往	tuān-tsua̍t-lâi-óng
斷絕邦交	tuān-tsua̍t-pang-kau
斷絕關係	tuān-tsua̍t-kuan-hē
斷線綴	tn̄g-suànn-tsuē
斷腸	tuān-tiông
斷腸草	tuān-tiông-tsháu
斷腸詩	tuān-tiông-si
斷血路	tuān-hueh-lōo
斷言	tuàn-giân
斷路	tn̄g-lōo
斷路頭	tn̄g-lōo-thâu
斷面圖	tuān-bīn-tôo
斷飲食	tuān-ím-si̍t
斷香火	tn̄g-hiunn-hué
斷骨熱	tn̄g-kut-jia̍t
斷魂	tuān-hûn
斷點塵	tn̄g-tiám-tîn
斷點聲	tn̄g-tiám-siann
方位	hong-uī
方便	hong-piān
方向	hong-hiàng
方向燈	hong-hiòng-ting
方向盤	hong-hiòng-puânn
方圓	hong-înn
方塊酥	hong-tè-soo
方子	hong-tsí
方寸	hong-tshùn
方式	hong-sik
方志	hong-tsì
方時雨	png-sî-hōo
方時風	puinn-sî-hong
方格	hong-keh
方案	hong-àn
方步	hong-pōo
方法	hong-huat
方眼紙	hong-gán-tsuá
方興未艾	hong-hing-bī-ngāi
方舟	hong-tsiu
方言	hong-giân
方針	hong-tsiam
方陣	hong-tīn
方面	hong-bīn
方頭	hng-thâu
於法無據	î-huat-bô-kì
施予	si-ú
施以	si-í
施加	si-ka
施展	si-tián
施工	si-kang
施捨	si-siá
施放	si-hòng
施政	si-tsìng
施政報告	si-tsìng-pò-kò
施明德	Si-Bîng-tik
施暴	si-pō
施琅	Si-Lông
施用	si-iōng
施藥	si-io̍h
施行	si-hîng
施行細則	si-hîng-sè-tsik
施設	si-siat
旁聽	pông-thing
旁聽席	pông-thiann-si̍k
旁衰	pn̄g-sue
旁觀	pông-kuan
旁觀者	pông-kuan-tsiá
旁邊	pông-pinn
旅客	lí-kheh
旅居	lí-ki
旅日	lí-ji̍t
旅社	lí-siā
旅行	lí-hîng
旅行支票	lí-hîng-tsi-phiò
旅行袋	lí-hîng-tē
旅行車	lí-hîng-tshia
旅費	lí-huì
旅途	lí-tôo
旅遊	lí-iû
旅遊業	lí-iû-gia̍p
旅長	lí-tiúnn
旅館	lí-kuán
旆巾	phua̍h-kin
旆紅	phua̍h-âng
旆鍊	phua̍h-liān
旋囈	suan-ngiāu
旋律	suân-lu̍t
旋繞	suan-ngiāu
旋風	suān-hong
旋鰍	suân-liu
旋鰍古	suân-liu-kóo
族人	tso̍k-jîn
族姪	tso̍k-ti̍t
族群	tso̍k-kûn
族裔	tso̍k-è
族親	tso̍k-tshin
族譜	tso̍k-phóo
族長	tso̍k-tiúnn
旗下	kî-hā
旗仔	kî-á
旗仔跤	kî-á-kha
旗山	Kî-san
旗杆	kî-kuann
旗柱	kî-thiāu
旗桿	kî-kuáinn
旗津	Kî-tin
旗津區	Kî-tin-khu
旗竿	kî-kuann
旗篙	kî-ko
旗號	kî-hō
旗袍	kî-phâu
旗軍仔	kî-kun-á
旗軍仔跤	kî-kun-á-kha
旗魚	kî-hî
旗魚舅	kî-hî-kū
旛仔	huan-á
既好	kah-hó
既定	kì-tīng
既已	kí-í
既得利益者	kí-tik-lī-ik-tsiá
既是	kah-sī
既然	kì-jiân
既視感	kì-sī-kám
日中晝	ji̍t-tiong-tàu
日久他鄉成故鄉	ji̍t-kiú-thann-hiong-sîng-kòo-hiong
日仔	ji̍t-á
日仔先	ji̍t-á-sian
日仔利	li̍t-á-lāi
日仔工	ji̍t-á-kang
日傭	ji̍t-iông
日光	ji̍t-kng
日光燈	ji̍t-kong-ting
日內瓦	Ji̍t-lāi-uā
日共	Ji̍t-kiōng
日冕	jit-mian
日冠	jit-kuan
日出	ji̍t-tshut
日出申時	ji̍t-tshut-sin-sî
日出辰	ji̍t-tshut-sîn
日刊	ji̍t-khan
日利	ji̍t-lī
日哧烏	ji̍t-hiánn-oo
日商	ji̍t-siong
日圓	ji̍t-uân
日報	ji̍t-pò
日夜	ji̍t-iā
日奭著	ji̍t-tshioh-tio̍h
日婆	ji̍t-pô
日子	ji̍t-tsí
日子圖	ji̍t-tsí-tôo
日射病	ji̍t-siā-pēnn
日對中	ji̍t-tuì-tiong
日常	ji̍t-siông
日幣	Ji̍t-pè
日幻	ji̍t-huánn
日影	ji̍t-iánn
日後	ji̍t-āu
日懸山	ji̍t-hânn-suann
日懸烏	ji̍t-hânn-oo
日戴笠	ji̍t-tì-le̍h
日拆	ji̍t-thiah
日拆仔	ji̍t-thiah-á
日據時代	Ji̍t-kì-sî-tāi
日文	Ji̍t-bûn
日斜西	li̍t-tshiâ-sai
日新	ji̍t-sin
日新月異	jı̍t-sin-gua̍t-ī
日日	ji̍t-ji̍t
日日春	ji̍t-ji̍t-tshun
日時	ji̍t-sî
日時頭	ji̍t-sî-thâu
日晝	ji̍t-tàu
日晝前	ji̍t-tàu-tsîng
日晝後	ji̍t-tàu-āu
日晝時	li̍t-tàu-sî
日晝晝	ji̍t-tàu-tàu
日晝過	li̍t-tàu-kuè
日晝頓	ji̍t-tàu-tǹg
日晝飯	ji̍t-tàu-pn̄g
日暗	ji̍t-àm
日暝	ji̍t-mê
日曆	ji̍t-li̍k
日曝	li̍t-pha̍k
日月	ji̍t-gue̍h
日月潭	Li̍t-gua̍t-thâm
日月眼	ji̍t-gua̍t-gán
日期	ji̍t-kî
日本	Ji̍t-pún
日本人	Ji̍p-pún-lâng
日本摵仔麵	Ji̍t-pún-tshi̍k-á-mī
日本文	Ji̍t-pún-bûn
日本料理	Ji̍t-pún-liāu-lí
日本時代	Ji̍t-pún-sî-tāi
日本杉	ji̍t-pún-sam
日本票	Ji̍t-pún-phiò
日本腦炎	Ji̍t-pún-náu-iām
日本話	Ji̍t-pún-uē
日本錢	Ji̍t-pún-tsînn
日本鰻	ji̍t-pún-muâ
日本齣	Ji̍t-pún-tshut
日杉	ji̍t-sam
日欲晝	ji̍t-beh-tàu
日欲暗	ji̍t-beh-àm
日欲暗仔	ji̍t-beh-àm-á
日欲落	ji̍t-bueh-lo̍h
日清簿	ji̍t-tshing-phōo
日烏來	ji̍t-oo-lâi
日烏出	li̍t-oo-lài
日照	ji̍t-tsiàu
日班	ji̍t-pan
日環箍	ji̍t-huân-khoo
日用品	ji̍t-iōng-phín
日當崎	ji̍t-tng-kiā
日當徛	ji̍t-tng-khiā
日益	ji̍t-ik
日票	Ji̍t-phiò
日程表	ji̍t-tîng-pió
日積月累	ji̍t-tsik-gua̍t-luī
日章旗	ji̍t-tsiong-kî
日箍	ji̍t-khoo
日簽	li̍t-tshiam
日素	jı̍t-sòo
日能源	ji̍t-lîng-guân
日腳	ji̍t-kha
日花	ji̍t-hue
日落	ji̍t-lo̍h
日落山	ji̍t-lo̍h-suann
日落申	ji̍t-lo̍h-sin
日蝕	ji̍t-sit
日規	ji̍t-kui
日記	ji̍t-kì
日記數	ji̍t-kì-siàu
日記簿	ji̍t-kì-phōo
日誌	ji̍t-tsì
日語	Ji̍t-gí
日貨	ji̍t-huè
日軍	Ji̍t-kun
日進	li̍t-tsìn
日銀	Ji̍t-gîn
日銜烏	li̍t-khânn-oo
日間	ji̍t-kan
日間部	ji̍t-kan-pōo
日頭	ji̍t-thâu
日頭光	ji̍t-thâu-kng
日頭光探測器	ji̍t-thâu-kng-thàm-tshik-khì
日頭公	ji̍t-thâu-kong
日頭夯枷	ji̍t-thâu-giâ-kê
日頭擔架	ji̍t-thâu-tann-kè
日頭晝	ji̍t-thâu-tàu
日頭暗	ji̍t-thâu-àm
日頭曝尻川	ji̍t-thâu-pha̍k-kha-tshuinn
日頭欲落山	ji̍t-thâu-beh-lo̍h-suann
日頭炎	li̍t-thâu-iām
日頭猛	ji̍t-thâu-mé
日頭短	ji̍t-thâu-té
日頭膏	jı̍t-thâu-ko
日頭花	ji̍t-thâu-hue
日頭落山	ji̍t-thâu-lo̍h-suann
日頭赤炎炎	ji̍t-thâu-tshiah-iām-iām
日頭赤焱焱	ji̍t-thâu-tshiah-iānn-iānn
日頭雨	ji̍t-thâu-hōo
日頭餅	ji̍t-thâu-piánn
日食	ji̍t-si̍t
日食月	ji̍t-tsia̍h-gue̍h
日食難度	ji̍t-si̍t-lân-tōo
日鬚	ji̍t-tshiu
旦即	tann-tsiah
旦夕	tàn-si̍k
旦才	tann-tsiah
旨意	tsí-ì
早冬	tsá-tang
早前	tsá-tsîng
早報	tsá-pò
早嫁	tsá-kè
早市	tsái-tshī
早年	tsá-nî
早慢	tsá-bān
早日	tsá-ji̍t
早春	tsá-tshun
早時	tsá-sî
早時仔	tsá-sî-á
早晏	tsá-uànn
早晡	tsá-poo
早暗	tsá-àm
早期	tsá-kî
早死	tsá-sí
早水	tsá-tsuí
早流	tsá-lâu
早淀	tsá-tīnn
早生貴子	tsá-senn-kuì-tsú
早產	tsá-sán
早當時	tsá-tong-sî
早知影	tsá-tsai-iánn
早自習	tsá-tsū-si̍p
早著	tsá-tio̍h
早起	tsá-khí
早起時	tsá-khí-sî
早起晡	tsá-khí-poo
早起頓	tsá-khí-tǹg
早起飯	tsá-khí-pn̄g
早逝	tsá-sē
早頓	tsá-tǹg
早頓店	tsá-tǹg-tiàm
早頭	tsá-thâu
早餐	tsá-tshan
早𪁎	tsá-tshio
旭日	hiok-ji̍t
旱地	hàn-tē
旱災	hān-tsai
旱蓮	hān-liân
旱蓮草	hān-liân-tshó
旱象	hān-siōng
旱魃嘴	hān-pua̍t-tshuì
旺勢	ōng-sì
旺季	ōng-kuì
旺手	ōng-tshiú
旺梨葛	ōng-lâi-kuah
旺氣	ōng-khì
旺火	ōng-hué
旺盛	ōng-sīng
旺聲	āng-siann
旺艷	ōng-iām
旺角	Ōng-kak
昂愕	gông-gia̍h
昂聲	âng-siann
昂船洲	Gông-tsûn-tsiu
昆明	Khun-bîng
昆蟲	khun-thiông
昆陽	Khun-iông
昇華	sing-huâ
昇起	sing-khí
昌明	tshiong-bîng
昌盛	tshiong-sīng
昌陽	tshiong-iông
昌颺	tshiann-iānn
明亮	bîng-liāng
明仁	Bîng-jîn
明仔再	hân-á-tsài
明仔後日	bîn-lo-āu-ji̍t
明仔日	bîn-á-ji̍t
明仔暗	bîn-á-àm
明仔載	bîn-á-tsài
明代	bîng-tāi
明令	bîng-līng
明信片	bîng-sìn-phìnn
明其	bîng-kî
明其知	bîng-kî-tsai
明句逗	bîng-kù-tāu
明呼	bîng-hoo
明呼明唱	bîng-hoo-bîng-tshiàng
明品	bîng-phín
明哲	bîng-tiat
明唱	bîng-tshiàng
明墩	bîn-tun
明天	bîng-thian
明學	bîng-ha̍k
明年	mâ-nî
明後日	bîn-āu-ji̍t
明德水庫	Bîng-tik-tsuí-khòo
明志	bîng-tsì
明文	bîng-bûn
明文規定	bîng-bûn-kui-tīng
明明	bîng-bîng
明明知影	bîng-bîng-tsai-iánn
明星	bîng-sing
明春	bîng-tshun
明智	bîng-tì
明月	bîng-gua̍t
明朗	bîng-láng
明朗化	bîng-lóng-huà
明朝	bîng-tiâu
明查暗訪	bîng-tsa-àm-hóng
明氣	bîng-khì
明治	Bîng-tī
明治維新	Bîng-tī-î-sin
明洞	Bîng-tōng
明溪	Bîng-khe
明爭暗鬥	bîng-tsing-àm-tòo
明牌	bîng-pâi
明王	bîng-ông
明玻璃	bîng-po-lê
明珠	bîng-tsu
明理	bîng-lí
明白	bîng-pe̍h
明目張膽	bîng-ba̍k-tiunn-tánn
明眼人	bîng-gán-jîn
明瞭	bîng-liâu
明知	bîng-tsai
明知故問	bîng-ti-kòo-būn
明確	bîng-khak
明礬	bîng-huân
明示	bîng-sī
明禮	bîng-lé
明細	bîng-sè
明膠	bîng-ka
明言	bîng-giân
明訂	bîng-tīng
明說	bîng-sueh
明講	bîng-kóng
明證	bîng-tsìng
明辨	bîng-piān
明通	bîng-thong
明道	bîng-tō
明達	bîng-ta̍t
明鏡	bîng-kiànn
明顯	bîng-hián
明體	bîng-thé
昏倒	hūn-tó
昏去	hun-khì
昏睡	hun-suī
昏迷	hun-bê
昏迷不醒	hun-bê-put-tshénn
昏頭	hun-thâu
易學	i̍k-ha̍k
易手	i̍k-tshiú
易經	i̍k-king
易言之	i̍k-giân-tsi
星仔	tshenn-á
星光	tshenn-kng
星宿	tshenn-siù
星屎	tshenn-sái
星巴克	sing-pa-khat
星座	tshenn-tsō
星期	sing-kî
星期四	sing-kî-sì
星泄屎	tshenn-tshuā-sái
星爆氣流斬	sing-po̍k-khì-liû-tsám
星球	sing-kiû
星石	tshenn-tsio̍h
星空	sing-khong
星系	tshenn-hē
星辰	tshenn-sîn
星際	sing-tsè
星際大戰	Sing-tsè-Tāi-tsiàn
星雲	tshenn-hûn
星馬	Sing-má
映日果	iòng-ji̍t-kó
映望	ǹg-bāng
映目	iānn-ba̍k
春不老	tshun-put-ló
春仔	tshun-á
春仔花	tshun-á-hue
春假	tshun-ká
春分	Tshun-hun
春夏秋冬	tshun-hā-tshiu-tang
春天	tshun-thinn
春子	tshun-tsí
春季	tshun-kuì
春宮	tshun-kiong
春宵	tshun-siau
春尾	tshun-bué
春心動	tshun-sim-tāng
春方	tshun-hong
春日	tshun-ji̍t
春暉	tshun-hui
春梅	tshun-muî
春水簾雨	tshun-tsuí-hînn-hōo
春畫	tshun-uā
春秋	tshun-tshiu
春耕	tshun-king
春聯	tshun-liân
春花	tshun-hue
春菜	tshun-tshài
春華	tshun-huâ
春蘭	tshun-lân
春訊	tshun-sìn
春酒	Tshun-tsiú
春陰	tshun-im
春頭	tshun-thâu
春風	tshun-hong
春飯	tshun-pn̄g
春餅	tshun-piánn
昨夜	tsa-iā
昨日	tsa̍h-ji̍t
昨昏	tsah-hng
昨昏暗	tsa-hng-àm
昨暗	tsa-àm
昨暝	tsa-mê
昭可力	tsiau-khó-li̍k
昭可洛	tsiau-khó-lo̍k
昭和	Tsiau-hô
昭和草	tsiau-hô-tsháu
昭示	tsiau-sī
是乎	sī-honnh
是否	sī-bòo
是咧發爐	sī-leh-huat-lôo?
是啥物	sī-siánn-mih
是啦	sī-là
是嘴	sī-tshuì
是年八節	sī-nî-peh-tsiat
是按會	sī-án-huē
是敢	sī-kánn
是數	sī-siàu
是時	sī-sî
是欲按怎活	sī-beh-àn-tsuánn-ua̍h
是毋是	sī-m̄-sī
是無	sī-bô
是誰	sī-tsuî
是豈	sī-ká
是都著	sī-to-tio̍h
是非	sī-hui
是頓	sī-tǹg
昲仔光	phú-á-kng
昲光	phú-kng
昲公菜	phú-kong-tshài
昲昲	phú-phú
昲杙	phú-khi̍t
昲目	phú-ba̍k
昲綠	phú-li̍k
昲色	phú-sik
昲蔥	phú-tshang
昳半日	thi̍h-puànn-li̍t
昳拖	thi̍h-thua
昳昳吼	thi̍h-thi̍h-háu
昴星	báu-tshenn
時事	sî-sū
時代	sî-tāi
時代力量	Sî-tāi-Li̍k-liōng
時來運轉	sî-lâi-ūn-tsuán
時候	sî-hāu
時價	sî-kè
時光	sî-kong
時冬季	sî-tang-kuì
時到	sî-kàu
時刻	sî-khik
時加果	sî-ke-kó
時勢	sî-sì
時區	sî-khu
時咕仔	sî-koo-á
時報	sî-pò
時季	sî-kuì
時宜	sî-gî
時尚	sî-siōng
時尾	sî-bué
時局	sî-kio̍k
時常	sî-siông
時序	sî-sū
時態	sî-thài
時效	sî-hāu
時效性	sî-hāu-sìng
時日	sî-ji̍t
時時	sî-sî
時時刻刻	sî-sî-khik-khik
時景	sî-kíng
時期	sî-kî
時樣	sî-iūnn
時機	sî-ki
時機成熟	sî-ki-sîng-si̍k
時機末	sî-ki-bua̍t
時機竭	sî-ki-kia̍t
時段	sî-tuānn
時氣感	sî-khì-kám
時氣病	sî-khì-pēnn
時派	sî-phài
時疫	sî-i̍k
時空	sî-khong
時站	sî-tsām
時節	sî-tseh
時行	sî-kiânn
時行歌	sî-kiânn-kua
時行症	sî-kiânn-tsìng
時裝	sî-tsong
時計果	sî-kè-kó
時辰	sî-sîn
時速	sî-sok
時運	sî-ūn
時錶	sî-pió
時錶仔	sî-pió-á
時鐘	sî-tsing
時鐘墜	sî-tsing-tuī
時鐘瓜	sî-tsing-kue
時鐘鳥	sî-tsing-tsiáu
時間	sî-kan
時間倒算	sî-kan-tò-sǹg
時間性	sî-kan-sìng
時間表	sî-kan-pió
時限	sî-hān
時陣	sî-tsūn
時頓	sî-tǹg
晃嚇	hóng-hiannh
晉升	tsìn-sing
晉安	Tsìn-an
晉江	Tsìn-kang
晉江話	Tsìn-kang-uē
晉用	tsìn-iōng
晉級	tsìn-kip
晉見	tsìn-kiàn
晉身	tsìn-sin
晏來	uànn-lâi
晏到	uànn-kàu
晏婚	uànn-hun
晏睏	uànn-khùn
晏起來	uànn-khí-lâi
晏點	uànn-tiám
晚冬	mńg-tang
晚囝	mńg-kiánn
晚報	buán-pò
晚季	buán-kuì
晚安	buán-an
晚宴	buán-iàn
晚年	buán-liân
晚春	buán-tshun
晚晡	mńg-poo
晚景	buán-kíng
晚會	buán-huē
晚歲	buán-suè
晚禮服	buán-lé-ho̍k
晚秋	buán-tshiu
晚稻	mńg-tiū
晚芳花	mńg-phang-hue
晚輩	buán-puè
晚餐	buán-tshan
晚香玉	buán-hiong-gio̍k
晝矣	tàu-ah
晟人	tshiânn-lâng
晟囝	tshiânn-kiánn
晟家	tshiânn-ke
晟持	tshiânn-tî
晟教	tshiânn-kà
晟隔	tshiânn-kik
晟養	tshiânn-iúnn
晤談	ngōo-tâm
晨光	sîn-kong
晨間	sîn-kan
普其略	phóo-kî-lia̍k
普其略仔	phóo-kî-lio̍k-á
普及	phóo-ki̍p
普天下	phóo-thian-hā
普度	phóo-tōo
普度公	phóo-tōo-kong
普悠瑪	Phóo-iu-má
普普	phóo-phóo
普普仔	phóo-phóo-á
普普仔知影	phóo-phóo-á-tsai-iánn
普查	phóo-tsa
普渡	phóo-tōo
普濟	phóo-tsè
普照	phóo-tsiàu
普略	phóo-lia̍k
普略仔	phóo-lia̍k-á
普篩	phóo-thai
普考	phóo-khó
普通	phóo-thong
普通人	phóo-thong-lâng
普通批	phóo-thong-phe
普通日	phóo-thong-ji̍t
普通時	phóo-thong-sî
普通話	phóo-thong-uē
普通車	phóo-thong-tshia
普遍	phóo-phiàn
普遍化	phóo-phiàn-huà
普選	phóo-suán
普陀	Phóo-tô
景仰	kíng-gióng
景品	kíng-phín
景寧	Kíng-lîng
景差	Kíng-Tsho
景德	Kíng-tik
景德鎮	Kíng-tik-tìn
景氣	kíng-khì
景氣䆀	kíng-khì-bái
景況	kíng-hóng
景物	kíng-bu̍t
景緻	kíng-tì
景美	Kíng-bé
景致	kíng-tì
景興國小	Kíng-hing-Kok-sió
景色	kíng-sik
景觀	kíng-kuan
景象	kíng-siōng
晴和	tsîng-hô
晴空塔	Tsîng-khong-thah
晶片	tsing-phìnn
晶珠	tsing-tsu
智利	Tì-lī
智力	tì-li̍k
智取	tì-tshú
智商	tì-siong
智囊	tì-lông
智囊團	tì-lông-thuân
智慧	tì-huī
智慧型	tì-huī-hîng
智慧型手機	tì-huī-hîng-tshiú-ki
智略	tì-lia̍k
智者	tì-tsiá
智育	tì-io̍k
智能	tì-lîng
智能低	tì-lîng-kē
智能犯	tì-lîng-huān
智能電話	tì-lîng-tiān-uē
智覺	tì-kak
智覺著	tì-kak-tio̍h
智謀	tì-bôo
智識	tì-sik
智障	tì-tsiòng
智齒	tì-khí
晾衫	nî-sann
暈倒	hūn-tó
暈去	hūn-khì
暍燒	hannh-sio
暑假	sú-ká
暑味著	sú-bī-to̍h
暖壽	luán-siū
暖帽	luán-bō
暖氣	luán-khì
暖流	luán-liû
暖爐	luán-lôo
暖身	luán-sin
暖鍋	luán-e
暗中	àm-tiong
暗中創空	àm-tiong-tshòng-khang
暗串	àm-tshǹg
暗伏	àm-ho̍k
暗作期	àm-tsoh-kî
暗傷	àm-siong
暗光	àm-kong
暗光鳥	àm-kong-tsiáu
暗分	àm-hūn
暗名	àm-miâ
暗唸	àm-liām
暗地	àm-tē
暗報	àm-pò
暗場	àm-tiûnn
暗奏	àm-tsàu
暗學	àm-o̍h
暗學仔	àm-o̍h-á
暗安	àm-an
暗安台灣	àm-an-Tâi-uân
暗定	àm-tiānn
暗室	àm-sik
暗密	àm-ba̍t
暗射	àm-siā
暗崁	àm-khàm
暗影	àm-iánn
暗意識	àm-ì-sik
暗房	àm-pâng
暗掛鳥	àm-kuà-tsiáu
暗摸捎	àm-bong-sa
暗摸摸	àm-bong-bong
暗時	àm-sî
暗時仔	àm-sî-á
暗晏鳥	àm-uànn-tsiáu
暗晡	àm-poo
暗晡仔	àm-poo-á
暗暝	àm-mê
暗暢	àm-thiòng
暗會	àm-huē
暗查	àm-tsa
暗槓	àm-kàng
暗樓仔	àm-lâu-á
暗歡喜	àm-huann-hí
暗步	àm-pōo
暗殕	àm-phú
暗殺	àm-sat
暗殺者	àm-sat-tsiá
暗毒	àm-to̍k
暗毿	àm-sàm
暗洞	àm-tōng
暗流	àm-lâu
暗淀	àm-tīnn
暗淡	àm-tām
暗溝	àm-kau
暗滇	àm-tīnn
暗漠漠	àm-bo̍k-bo̍k
暗潮	àm-tiâu
暗火	àm-hué
暗爽	àm-sóng
暗班	àm-pan
暗病	àm-pēnn
暗痕	àm-hûn
暗癮	àm-giàn
暗眠挲貓	àm-bîn-so-niau
暗眠摸	àm-bîn-bong
暗眠摸山貓	àm-bîn-bong-suann-niau
暗睏	àm-khùn
暗瞇挲貓	àm-mi-so-niau
暗碼貨幣	àm-bé-huè-pè
暗碼錢	àm-bé-tsînn
暗礁	àm-ta
暗礁仔	àm-ta-á
暗示	àm-sī
暗空	àm-khang
暗空仔	àm-khang-á
暗笑	àm-tshiò
暗算	àm-sǹg
暗箭	àm-tsìnn
暗綠	àm-li̍k
暗股	àm-kóo
暗自	àm-tsū
暗色	àm-sik
暗著想	àm-tio̍h-siūnn
暗藍	àm-lâm
暗藏	àm-tshàng
暗處	àm-tshù
暗號	àm-hō
暗號貨幣	àm-hō-huè-pè
暗號錢	àm-hō-tsînn
暗虹	àm-khīng
暗行	àm-hīng
暗袋仔	àm-tē-á
暗計	àm-kè
暗記	àm-kì
暗記號	àm-kì-hō
暗訣	àm-kuat
暗訪	àm-hóng
暗誦	àm-siōng
暗謀	àm-bôo
暗貓貓	àm-niau-niau
暗路	àm-lōo
暗車	àm-tshia
暗逝	àm-tsuā
暗酉	àm-iú
暗鈕	àm-liú
暗銃	àm-tshìng
暗鎖	àm-só
暗間	àm-king
暗間仔	àm-king-á
暗雨	àm-hōo
暗雲	àm-hûn
暗霞	àm-hâ
暗靜	àm-tsīnn
暗靜仔	àm-tsīnn-á
暗頓	àm-tǹg
暗頓欲食啥	àm-tǹg-beh-tsia̍h-siánn
暗頓食啥	àm-tǹg-tsia̍h-siánn
暗頭	àm-thâu
暗頭仔	àm-thâu-á
暗飯	àm-pn̄g
暗香	àm-hiong
暗鬼	àm-kuí
暗鬼仔	àm-kuí-á
暗鯧	àm-tshiunn
暗麝	àm-siā
暝半	mê-puànn
暝場	mê-tiûnn
暝尾	mê-bué
暝尾仔	mê-bué-á
暝工	mê-kang
暝市	mê-tshī
暝日	mê-ji̍t
暝日拚	mê-ji̍t-piànn
暝日數念	mê-ji̍t-siàu-liām
暝日趕	mê-ji̍t-kuánn
暝昏	mê-hng
暝時	mê-sî
暝暗討無明仔早起頓	mê-àm-thó-bô-bîng-á-tsái-khí-tuìnn
暝深	mê-tshim
暝班	mê-pan
暝路	mê-lōo
暝車	mê-tshia
暝長夢濟	mê-tn̂g-bāng-tsē
暝間	mê-kan
暝頭	mê-thâu
暝頭長	mê-thâu-tn̂g
暢勿勿	thiòng-but-but
暢古	thiòng-kóo
暢尿	thiòng-jiō
暢快	thiòng-khuài
暢暢	thiòng-thiòng
暢板	thiòng-pán
暢樂	thiòng-lo̍k
暢甲毋知人	thiòng-kah-m̄-tsai-lâng
暢甲𡳞脬落去	thiòng-kah-lān-pha-lak-khì
暢粅粅	thiòng-but-but
暢舍	thiòng-sià
暢舍囝	thiòng-sià-kiánn
暢話	thiòng-uē
暢談	thiòng-tâm
暢達	thiòng-ta̍t
暢銷	thiòng-siau
暢銷書	thiòng-siau-su
暢頭	thiòng-thâu
暫且	tsiām-tshiánn
暫代	tsiām-tāi
暫停	tsiām-thîng
暫定	tsiām-tīng
暫度	tsiām-tōo
暫慢	tsiām-bān
暫時	tsiām-sî
暫時性	tsiām-sî-sìng
暫時莫佮我講話	tsiām-sî-mài-kah-guá-kóng-uē
暫權	tsiām-khuân
暫節	tsiām-tsat
暫緩	tsiām-uān
暫行	tsiām-hîng
暴亂	pō-luān
暴其然	pō-kî-jiân
暴利	po̍k-lī
暴力	pō-li̍k
暴動	pō-tōng
暴憑	pō-pîn
暴政	pō-tsìng
暴斃	pō-pè
暴暴跳	po̍k-po̍k-thiàu
暴棉	pok-mî
暴民	pō-bîn
暴漲	pō-tiòng
暴牙	pauh-gê
暴發	pō-huat
暴蘖	pok-ínn
暴虐	pō-lio̍k
暴行	pō-hîng
暴起暴落	pok-khí-pok-lo̍h
暴跌	pō-tia̍t
暴躁	po̍k-sò
暴辱	pō-lio̍k
暴露	pō-lôo
暴露出	pō-lōo-tshut
暴頭	pò-thâu
暴風	pō-hong
暴風雨	pō-hong-ú
暴風雪	pok-hong-seh
暴龍	pō-liông
暹羅	Siâm-lô
暹邏	siām-lô
曆日	la̍h-ji̍t
曆日圖	la̍h-ji̍t-tôo
曇花	thâm-hue
曉悟	hiáu-gōo
曉晴	sio-tsīnn
曉理	hiáu-lí
曉陽	hiáu-iông
曖昧	ài-māi
曙光	sú-kng
曝予焦	pha̍k-hōo-ta
曝予著傷	pha̍k-hōo-tio̍h-siong
曝光	pho̍k-kng
曝凋	pha̍k-ta
曝干	pha̍k-kuann
曝日	pha̍k-ji̍t
曝日花	pha̍k-ji̍t-hue
曝日頭	pha̍k-ji̍t-thâu
曝死	pha̍k-sí
曝烏去	pha̍k-oo-khì
曝焦	pha̍k-ta
曝燒	pha̍k-sio
曝粟	pha̍k-tshik
曝粟埕	pha̍k-tshik-tiânn
曝衫	pha̍k-sann
曝露	pho̍k-lōo
曠地	khàng-tē
曠埔	khòng-poo
曠床	khòng-tshn̂g
曠職	khòng-tsit
曠課	khòng-khò
曠野	khòng-iá
曠闊	khòng-khuah
曲去	khiau-khì
曲尺	khiok-tshioh
曲引	khik-ín
曲棍球	khiok-kùn-kîu
曲片	khik-phìnn
曲痀	khiau-ku
曲痀仔菜	khiau-ku-á-tshài
曲痀蟲	khiau-ku-thâng
曲盤	khik-puânn
曲直	khiok-ti̍t
曲線	khiok-suànn
曲解	khiok-kái
曲詩	khik-si
曲調	khik-tiāu
曲譜	khik-phóo
曲頭	khik-thâu
曳手	ia̍t-tshiú
更且	kīng-tshiánn
更加	kìng-ka
更動	king-tōng
更寮	kenn-liâu
更布	kinn-pòo
更年期	king-liân-kî
更改	king-kái
更新	king-sin
更替	kinn-thueh
更柝	kinn-kho̍k
更樓	kinn-lâu
更正	king-tsìng
更深	kinn-tshim
更漏	kinn-lāu
更生	king-sing
更衣室	king-i-sik
曷知	a̍h-tsai
書信	su-sìn
書刊	su-khan
書包	tsu-pau
書句	tsu-kù
書呆	tsu-tai
書商	su-siong
書報	su-pò
書寫	su-siá
書局	su-kio̍k
書展	su-tián
書帶草	tsu-tuà-tsháu
書店	tsu-tiàm
書庫	su-khòo
書房	tsu-pâng
書方紙	su-hong-tsuá
書本	su-pún
書法	su-huat
書法家	su-huat-ka
書生	su-sing
書畫	su-uē
書畫家	su-uē-ka
書癲	tsu-tian
書經	Su-king
書記	su-kì
書記官	su-kì-kuann
書鋏	tsu-giap
書院	su-īnn
書面	su-bīn
書類	su-luī
書館	su-kuán
書香	su-hiong
曹操	Tsô-Tshò
曹族	Tsô-tso̍k
曹風	Tsô-hong
曼谷	Bān-kok
曾古無	tsîng-kóo-bô
曾孫	tsing-sun
曾文	Tsan-bûn
曾文水庫	Tsan-bûn-tsuí-khòo
曾文溪	Tsan-bûn-khe
曾柏元	Tsan-Pik-guân
曾經	tsan-king
替人	thè-lâng
替人死	thè-lâng-sí
替人食罪	thè-lâng-tsia̍h-tsuē
替代	thuì-tāi
替代役	thè-tai-ik
替包	thuì-pau
替實字	thè-si̍t-jī
替手	thè-tshiú
替換	thè-uānn
替換死	thè-uānn-sí
替槍	thè-tshiunn
替死鬼	thè-sí-kuí
替腳	thè-kioh
替號	thè-hō
替補	thuì-póo
替身	thè-sin
替身仔	thè-sin-á
替身銀行	thè-sin-gîn-hâng
替齒	thuì-khí
最低價	tsuè-kē-kè
最佳	tsuè-ka
最優	tsuè-iu
最初	tsuè-tshoo
最基本	tsuè-ki-pún
最好	tsuè-hó
最後	tsuè-āu
最後通牒	tsuè-āu-thong-tia̍p
最終	tsuè-tsiong
最近	tsuè-kīn
最近好無	tsuè-kīn-hó-bô
最高峰	tsuè-ko-hong
最高法院	tsuè-ko-huat-īnn
最高潮	tsuè-ko-tiâu
最高點	tsuè-ko-tiám
會不是	huē-put-sī
會交仗	ē-kau-tiāng
會人情	hē-jîn-tsîng
會仔	huē-á
會仔錢	huē-á-tsînn
會仔頭	hē-á-thâu
會伸勼	ē-tshun-kiu
會使	ē-sái
會使得	ē-sái-tit
會使講	ē-sái-kóng
會來	ē-lâi
會信憑	ē-sìn-pîn
會值得	ē-ta̍t-tit
會凍	ē-tàng
會凍過	ē-tàng-kuè
會出得	ē-tshut-tit
會務	huē-bū
會卡	ē-khah
會友	huē-iú
會合	ē-ha̍h
會同	huē-tông
會吐	ē-thòo
會和	ē-hô
會和盤	ē-hô-puânn
會員	huē-uân
會員國	huē-uân-kok
會商	huē-siong
會址	huē-tsí
會堂	huē-tn̂g
會堪得	ē-kham-tit
會堪得講	ē-kham-tit-kóng
會報	huē-pò
會場	huē-tiûnn
會大	ē-tuā
會失禮	huē-sit-lé
會客	huē-kheh
會客室	huē-kheh-sik
會客廳	huē-kheh-thiann
會審	huē-sím
會師	huē-su
會得	ē-tit
會得赴	ē-tit-hù
會得通	ē-tit-thang
會得過	ē-tit-kuè
會意	huē-ì
會戰	huē-tsiàn
會所	huē-sóo
會排壇直	ē-pâi-tuânn-tit
會擋得	ē-tòng-tit
會數	huē-siàu
會晤	huē-gōo
會曉	ē-hiáu
會曉得	ē-hiáu-tsit
會曉想	ē-hiáu-siūnn
會期	huē-kî
會死會活	ē-sí-ē-ua̍h
會比並得	ē-pí-phīng-tit
會無	Ē-bô
會用	ē-īng
會用得	ē-īng-tsit
會當	ē-tàng
會看口	ē-khuànn-kháu
會看口得	ē-khuànn-kháu-tit
會眾	huē-tsiòng
會社	huē-siā
會章	huē-tsiong
會笑面	huē-tshiò-bīn
會算得實字	ē-sǹg-tit-si̍t-jī
會籍	huē-tsi̍k
會考	huē-khó
會腳	huē-kha
會落	ē-lo̍h
會要	huē-iàu
會見	huē-kiàn
會見得人眾	ē-kìnn-tit-lâng-tsìng
會見眾	ē-kìnn-tsìng
會見眾得	ē-kìnn-tsìng-tit
會規	huē-kui
會計	huē-kè
會計師	huē-kè-su
會記得	ē-kì-tit
會診	huē-tsín
會話	huē-uē
會談	huē-tâm
會議	huē-gī
會議室	huē-gī-sik
會議廳	huē-gī-thiann
會議記錄	huē-gī-kì-lo̍k
會費	huē-huì
會賺	ē-thàn
會赴	ē-hù
會赴市	ē-hù-tshī
會通	ē-thang
會過心	ē-kuè-sim
會長	huē-tiúnn
會閣發	ē-koh-huat
會靠得	ē-khò-tit
會面	huē-biān
會頂	huē-tíng
會頭	huē-thâu
會餐	huē-tshan
會館	huē-kuán
會鬥得	ē-tàu-tit
會齊	huē-tsê
月下老人	gua̍t-hā-ló-jîn
月下香	gue̍h-ē-hiong
月世界	Gue̍h-sè-kài
月事	gue̍h-sū
月事文章	gue̍h-sū-bûn-tsiong
月亮	gue̍h-liāng
月仔利	gue̍h-á-lāi
月來香	gue̍h-lâi-hiong
月信	gue̍h-sìn
月俸	gue̍h-hōng
月光	gue̍h-kng
月光暝	gue̍h-kng-mê
月內	gue̍h-lāi
月內人	gue̍h-lāi-lâng
月內房	gue̍h-lāi-pâng
月內病	gue̍h-lāi-pēnn
月內風	gue̍h-lāi-hong
月分	gue̍h-hūn
月刊	gue̍h-khan
月初	gue̍h-tshue
月台	gue̍h-tâi
月圍箍	gue̍h-uî-khoo
月圓	gue̍h-înn
月報	gue̍h-pò
月外日	gue̍h-guā-ji̍t
月大	gue̍h-tuā
月娘	gue̍h-niû
月娘圍箍	gue̍h-niû-uî-khoo
月娘箍	gue̍h-niû-khoo
月娘草	Gue̍h-niû-tsháu
月宮	gue̍h-kiong
月小	gue̍h-sió
月尾	gue̍h-bué
月帖仔	gue̍h-thiap-á
月底	gue̍h-té
月戴笠	gue̍h-tì-le̍h
月捅日	gue̍h-thóng-ji̍t
月暈	gue̍h-n̄g
月暗暝	gue̍h-àm-mê
月曆	gue̍h-li̍k
月月光	ge̍h-ge̍h-kng
月桃	gue̍h-thô
月桃花	gue̍h-thô-hue
月橘	gue̍h-kiat
月津港	Gua̍t-tin-káng
月清	gue̍h-tshing
月潲	ge̍h-siâu
月熄	gue̍h-sit
月爿	gue̍h-pîng
月球	gue̍h-kiû
月琴	gue̍h-khîm
月痕仔	gue̍h-hûn-á
月白	gue̍h-pe̍h
月眉	gue̍h-bâi
月眉尾	gue̍h-bâi-bué
月票	gue̍h-phiò
月窗門	gue̍h-thang-mn̂g
月箍	gue̍h-khoo
月細	gue̍h-sè
月給	gue̍h-kip
月經	gue̍h-king
月經文	gue̍h-king-bûn
月老	gua̍t-ló
月老公	gua̍t-ló-kong
月考	gue̍h-khó
月花	gue̍h-hue
月薪	gue̍h-sin
月蝕	gue̍h-si̍t
月頭	gue̍h-thâu
月食日	gue̍h-tsia̍h-ji̍t
月餅	gue̍h-piánn
月鱧	gue̍h-lē
月鼠仔	gue̍h-tshí-á
有䆀無一好	ū-bái-bô-tsi̍t-hó
有一个人款	ū-tsi̍t-ê-lâng-khuán
有一个人範	ū-tsi̍t-ê-lâng-pān
有一二步拭矣	ū-tsi̍t-nn̄g-pōo-tshit-ah
有一說	ū-tsi̍t-sueh
有下落	ū-hē-lo̍h
有个無个	ū-ê-bô-ê
有中用	ū-tiòng-iōng
有事	iú-sū
有事使	ū-sū-sái
有亍	ū-tù
有亍頭	ū-tù-thâu
有人佇咧無	ū-lâng-tī-leh-bô
有人有份	ū-lâng-ū-hūn
有人望	ū-jîn-bōng
有人緣	ū-lâng-iân
有代誌	ū-tāi-tsì
有份	ū-hūn
有伴	ū-phuānn
有伸	ū-tshun
有併久	ū-pìng-kú
有來有去	ū-lâi-ū-khì
有來有往	ū-lâi-ū-óng
有信憑	ū-sìn-pîn
有偆	ū-tshun
有偏	ū-phenn
有備無患	iú-pī-bû-huān
有價證券	ū-kè-tsìng-kǹg
有兜捎	ū-tau-sau
有兜有捎	ū-tau-ū-sau
有內才	ū-lāi-tsâi
有兩步	ū-nn̄g-pōo
有兩步七仔	ū-nn̄g-pōo-tshit-á
有出入	ū-tshut-ji̍p
有分張	ū-pun-tiunn
有利	iú-lī
有利可圖	iú-lī-khó-tôo
有利頭	ū-lī-thâu
有力	ū-la̍t
有力盡量	ū-la̍t-tsīn-liōng
有功	iú-kong
有助	iú-tsōo
有勻	ū-ûn
有勻捷巡	ū-ûn-tsia̍p-sûn
有博	ū-poh
有句讀	ū-kù-tāu
有司官	iú-si-kuann
有合	ū-ha̍h
有名	iú-miâ
有名聲	ū-miâ-siann
有向	ū-ǹg
有向望	ū-ǹg-bāng
有含	ū-hâm
有味素	ū-bī-sòo
有問題	ū-būn-tê
有問題嗎	ū-būn-tê-bô
有喙水	ū-tshuì-tsuí
有嘴水	ū-tshuì-tsuí
有嘴無瀾	ū-tshuì-bô-nuā
有囡仔	ū-gín-á
有坐徛	ū-tsē-khiā
有夠	ū-kàu
有夠力	ū-kàu-la̍t
有夠讚	ū-kàu-tsán
有夠趣味	ū-kàu-tshù-bī
有夠通	ū-kàu-thang
有天無日頭	ū-thinn-bô-ji̍t-thâu
有好	ū-hó
有好毋知惜寶	ū-hó-m̄-tsai-sioh-pó
有如	ū-jî
有字眼	ū-jī-gán
有孝	iú-hàu
有孝囝	iú-hàu-kiánn
有害	iú-hāi
有寡	ū-kuá
有局	ū-kio̍k
有工就有夫	ū-kang-tsiū-ū-hu
有幸	iú-hīng
有幾若日	ū-kuí-nā-li̍t
有底	ū-té
有底蒂	ū-té-tì
有度量	ū-tōo-liāng
有康人	ū-khang-lâng
有形	ū-hîng
有形威	ū-hîng-ui
有形體的	ū-hîng-thé-ê
有影	ū-iánn
有影有一隻	ū-iánn-ū-tsi̍t-tsiah
有影有跡	ū-iánn-ū-tsiah
有影無	ū-iánn-bô
有影無跡	ū-iánn-bô-tsiah
有待參詳	ū-thāi-tsham-siông
有得	ū-tit
有德	ū-tik
有心	ū-sim
有心人	iú-sim-jîn
有心無力	ū-sim-bô-la̍t
有志	iú-tsì
有志一同	iú-tsì-it-tông
有志者	iú-tsì-tsiá
有情	ū-tsîng
有想心	ū-siūnn-sim
有意	iú-ì
有感而發	iú-kám-lî-huat
有愧	iú-khuì
有慼變	ū-tsheh-pìnn
有應公	iú-ìng-kong
有懷	ū-kuī
有成	iú-sîng
有所	iú-sóo
有才	iú-tsâi
有才調	ū-tsâi-tiāu
有抱	ū-phā
有拚	ū-piànn
有拚面	ū-piànn-bīn
有拼	ū-penn
有擋	ū-tòng
有擋頭	ū-tòng-thâu
有擔當	ū-tam-tng
有擔頭矣	ū-tànn-thâu-ah
有救	ū-kiù
有時	ū-sî
有時仔	ū-sî-á
有時有陣	ū-sî-ū-tsūn
有時間	ū-sî-kan
有時陣	ū-sî-tsūn
有景	ū-kíng
有暝無日	ū-ê-bô-ji̍t
有暫岑	ū-tsām-gâm
有望	ū-bāng
有朝一日	iú-tiau-tsi̍t-ji̍t
有板	ū-pán
有染	iú-jiám
有條有段	iú-tiâu-iú-tuānn
有機化合物	iú-ki-huà-ha̍p-bu̍t
有機化學	iú-ki-huà-ha̍k
有機可乘	iú-ki-khó-sîng
有機物	iú-ki-bu̍t
有權	ū-kuân
有步	ū-pōo
有歲	ū-huè
有歲數	ū-huè-sòo
有歲矣	ū-huè-ā
有歲頭	ū-huè-thâu
有毒	ū-to̍k
有比並	ū-pí-phīng
有氣的	ū-khuì-ê
有氣頭	ū-khuì-thâu
有氧舞蹈	iú-ióng-bú-tō
有泉	ū-tsuánn
有法有破	Iú-huat,-iú-phò
有派頭	ū-phài-thâu
有淡薄	ū-tām-po̍h
有淡薄仔	ū-tām-po̍h-á
有淡薄幫助	ū-tām-po̍h-pang-tsōo
有火氣	ū-hué-khì
有為	iú-uî
有無	ū-bô
有理	ū-lí
有理有路	ū-lí-ū-lōo
有生之年	iú-sing-tsi-nî
有當	ū-tàng
有當仔	ū-tang-á
有當著仔	ū-tang-tio̍h-á
有病	ū-pēnn
有痕無影	ū-hûn-bô-iánn
有的人	ū-ê-lâng
有盤	ū-puânn
有盤口	ū-puânn-kháu
有眉目	ū-bî-bo̍k
有眼	ū-gán
有眼無珠	iú-gán-bû-tsu
有神	ū-sîn
有神彩	ū-sîn-tshái
有神論	iú-sîn-lūn
有禮數	ū-lé-sòo
有種	ū-tsíng
有空	ū-khang
有空人	ū-khang-lâng
有空無榫	ū-khang-bô-sún
有站巖	ū-tsām-gâm
有站有節	ū-tsām-ū-tsat
有站節	ū-tsām-tsat
有範	ū-pān
有線	iú-suànn
有緣	iú-iân
有繃	ū-penn
有繐無捾	ū-sui-bô-kuānn
有罪	ū-tsuē
有羶有臊	ū-hiàn-ū-tsho
有耐	ū-nāi
有聖	ū-siànn
有聲無影	ū-siann-bô-iánn
有聽著無	ū-thiann-tio̍h-bô
有肉片	ū-bah-phìnn
有肚量	ū-tōo-liāng
有胎	ū-the
有腹腸	ū-pak-tn̂g
有膽	ū-tánn
有膽量	ū-tám-liāng
有興趣	ū-hìng-tshù
有興頭	ū-hìng-thâu
有花字	ū-hue-jī
有若無	ū-ná-bô
有落名	ū-lo̍h-miâ
有藝	ū-gē
有行氣	ū-kiânn-khì
有補	ū-póo
有話囥袂牢	ū-uē-khǹg-bē-tiâu
有話講	ū-uē-kóng
有請	iú-tshíng
有識之士	ū-sik-tsi-sū
有譜	ū-phóo
有貴	ū-kuì
有起色	ū-khí-sik
有跤行無路	ū-kha-kiânn-bô-lōo
有路	ū-lōo
有路無厝	ū-lōo-bô-tshù
有路用	ū-lōo-īng
有身	ū-sin
有身人	ū-sin-lâng
有身孕	ū-sin-īn
有較媠	ū-khah-suí
有轉	ū-tńg
有通	ū-thang
有連線	ū-liân-suànn
有道	iú-tō
有那無	ū-ná-bô
有重	ū-tāng
有量	ū-liāng
有銷	ū-siau
有錢	ū-tsînn
有鐳	ū-lui
有鑑於	ū-kàm-î
有鑑於此	ū-kàm-û-tshú
有長	ū-tióng
有閒	ū-îng
有關	iú-kuan
有關著	iú-kuan-tio̍h
有阻礙	ū-tsóo-gāi
有限	iú-hān
有雄	ū-hîng
有面	ū-bīn
有頭有面	ū-thâu-ū-bīn
有頭面	ū-thâu-bīn
有額	ū-gia̍h
有風毋通駛盡帆	ū-hong-m̄-thang-sái-tsīn-phâng
有風颱才有樹葉掃	ū-hong-thai-tsiah-ū-tshiū-hio̍h-sàu
有食半暝糜	ū-tsia̍h-puànn-mê-muê
有食閣有掠	ū-tsia̍h-koh-ū-lia̍h
有鬥搭	ū-tàu-tah
有魂無影	ū-hûn-bô-iánn
有龍骨个動物	ū-liōng-kut-ê-tōng-bu̍t
朋友	pîng-iú
服下	ho̍k-hā
服事	ho̍k-sāi
服侍	ho̍k-sāi
服兵役	ho̍k-ping-ia̍h
服刑	ho̍k-hîng
服務台	ho̍k-bū-tâi
服務員	ho̍k-bū-uân
服務所	ho̍k-bū-sóo
服務業	ho̍k-bū-gia̍p
服務生	ho̍k-bū-sing
服務社	ho̍k-bū-siā
服務站	ho̍k-bū-tsām
服務處	ho̍k-bū-tshù
服務鈴	ho̍k-bū-lîng
服勤	ho̍k-khîn
服役	ho̍k-ia̍h
服從	ho̍k-tsiông
服毒	ho̍k-to̍k
服氣	ho̍k-khì
服用	ho̍k-iōng
服祀	ho̍k-sāi
服藥	ho̍k-io̍h
服裝	ho̍k-tsong
服貿協議	Ho̍k-bōo-Hia̍p-gī
服面	ho̍k-bīn
服食	ho̍k-si̍t
服飾	ho̍k-sik
朔啡亞	sok-pi-a
朕垌	tīm-tâng
朕鍋	tīm-ue
朗讀	lóng-tho̍k
朗讀比賽	lóng-tho̍k-pí-sài
朗讀稿	lóng-tho̍k-kó
望其項背	bāng-kî-hāng-puē
望冬	bāng-tang
望塵莫及	bōng-tîn-bo̍k-ki̍p
望安	Bāng-an
望族	bāng-tso̍k
望日	bōng-ji̍t
望春風	Bāng-Tshun-hong
望月占星	bāng-gue̍h-tsiam-tshenn
望眼鏡	bōng-gán-kiànn
望財貓	Bōng-tsâi-niau
望遠鏡	bōng-uán-kiànn
望頭	bāng-thâu
望高樓	bāng-ko-lâu
朝代	tiâu-tāi
朝代尾	tiâu-tāi-bué
朝北	tiâu-pak
朝南	tiâu-lâm
朝天	tiâu-thinn
朝對	tiâu-tuì
朝帽	tiâu-bō
朝廷	tiâu-tîng
朝拜	tiâu-pài
朝日	tiâu-ji̍t
朝日新聞	Tiâu-ji̍t-sin-bûn
朝會	tiau-huē
朝板	tiâu-pán
朝聖	tiâu-sìng
朝聖地	tiâu-sìng-tē
朝臣	tiâu-sîn
朝野	tiâu-iá
朝陽	tiau-iông
朝露	tiau-lōo
朝鞋	tiâu-ê
朝鮮	Tiâu-sián
朝鮮日本時代	Tiâu-sián-Ji̍t-pún-sî-tāi
朝鮮桐	tiâu-sián-tông
朝鮮王朝	Tiâu-sián-ông-tiâu
朝鮮語	Tiâu-sián-gí
期中	kî-tiong
期中考	kî-tiong-khó
期刊	kî-khan
期尾	kî-bué
期待	kî-thāi
期日	kî-ji̍t
期望	kî-bōng
期末考	kî-bua̍t-khó
期滿	kî-muá
期盼	kî-phàn
期約	kî-iok
期考	kî-khó
期船	kî-tsûn
期許	kî-hí
期貨	kî-huè
期間	kî-kan
期限	kî-hān
木主	bo̍k-tsú
木乃伊	bo̍k-nái-i
木刻	bo̍k-khik
木匠	ba̍k-tshiūnn
木匠師	ba̍k-tshiūnn-sai
木匠師傅	ba̍k-tshiūnn-sai-hū
木司	ba̍k-sai
木器	bo̍k-khì
木子樹	bo̍k-tsí-tshiū
木屐	ba̍k-kia̍h
木屐搭	ba̍k-kia̍h-tah
木屐耳	ba̍k-kia̍h-hīnn
木屐蘭	Ba̍k-kia̍h-lân
木工	bo̍k-kang
木星	bo̍k-tshenn
木材	bo̍k-tsâi
木柵	Ba̍k-sa
木棉	bo̍k-mî
木棉花	bo̍k-biân-hua
木棍	bo̍k-kùn
木棒	bo̍k-pāng
木業	bo̍k-gia̍p
木槿	bo̍k-kín
木欏	bo̍k-lô
木欒仔	bo̍k-luân-á
木油樹	ba̍k-iû-tshiū
木片	bo̍k-phìnn
木犀	bo̍k-se
木瓜	bo̍k-kue
木瓜奶	bo̍k-kue-ling
木瓜欉	bo̍k-kue-tsâng
木瓜牛奶	bo̍k-kue-gû-ling
木瓜藤	bo̍k-kue-tîng
木筆	bo̍k-pit
木箱	bo̍k-siunn
木耳	bo̍k-ní
木船	bo̍k-tsûn
木芙蓉	bo̍k-hû-iông
木蓮	bo̍k-liân
木蘭	bo̍k-lân
木蘭池	bo̍k-lân-tî
木蘭花	bo̍k-lân-hue
木虱笑尿蜚	ba̍k-sat-tshiò-jiō-puī
木虱笑樹蜚	ba̍k-sat-tshiò-tshiū-puī
木虱草	ba̍k-sat-tsháu
木蝨	ba̍k-sat
木蝨食客	ba̍k-sat-tsia̍h-kheh
木製	bo̍k-tsè
木賊	bo̍k-tsi̍k
木質	bo̍k-tsit
木質部	bo̍k-tsit-pōo
木造	bo̍k-tsō
木雕	bo̍k-tiau
木香	ba̍k-hiunn
木馬	bo̍k-bé
木魚	bo̍k-hî
木鱉子	bo̍k-pih-tsí
木麻	bo̍k-muâ
木麻黃	bo̍k-muâ-hông
未且	buē-tshiánn
未且是	buē-tshiánn-sī
未了	buē-liáu
未來	bī-lâi
未來式	bī-lâi-sik
未做人	buē-tsò-lâng
未免	buē-bián
未免得	bī-bián-tit
未到	bē-kàu
未博假博	buē-phok-ké-phok
未婚	bī-hun
未婚夫	bī-hun-hu
未婚妻	bī-hun-tshe
未定	buē-tīng
未必	bī-pit
未必然	bī-pit-jiân
未成丁	buē-sîng-ting
未成年	bī-sîng-liân
未拍先走	buē-phah-sing-tsáu
未捌	buē-bat
未是	buē-sī
未曾	buē-tsîng
未曾學行著欲學飛	buē-tsîng-o̍h-kiânn-tio̍h-beh-o̍h-pue
未曾未	buē-tsîng-buē
未滿	buē-muá
未知	bī-ti
未知數	bī-ti-sòo
未躊躇	buē-tiû-tû
未遂	bī-suī
未雨綢繆	bī-ú-tiû-biû
未食三年仙屎著欲上西天	bē-tsia̍h-sann-nî-sian-sái-tio̍h-beh-tsiūnn-se-thian
末世	bua̍t-sè
末代	bua̍t-tāi
末尾囝	bua̍t-bué-kiánn
末席	bua̍t-si̍k
末年	bua̍t-nî
末日	bua̍t-ji̍t
末末	bua̍h-bua̍h
末路	bua̍t-lōo
末魚	bua̍h-hî
本主	pún-tsú
本事	pún-sū
本人	pún-lâng
本份	pún-hūn
本位	pún-uī
本來	pún-lâi
本俸	pún-hōng
本元	pún-guân
本原	pún-guân
本名	pún-miâ
本國	pún-kok
本土	pún-thóo
本土化	pún-thóo-huà
本地	pún-tē
本地人	pún-tē-lâng
本地香袂芳	pún-tē-hiunn-bē-phang
本報	pún-pò
本壘	pún-luí
本家	pún-ke
本島	pún-tó
本市	pún-tshī
本常時	pún-siâng-sî
本年	pún-nî
本年度	pún-nî-tōo
本底	pún-té
本性	pún-sìng
本息	pún-sik
本意	pún-ì
本成	pún-tsiânn
本房	pún-pâng
本文	pún-bûn
本校	pún-hāu
本案	pún-àn
本業	pún-gia̍p
本源	pún-guân
本然	pún-jiân
本益比	pún-ik-pí
本相	pún-siàng
本省	pún-síng
本票	pún-phiò
本等	pún-tíng
本籍	pún-tsi̍k
本能	pún-lîng
本色	pún-sik
本菁	pún-tshinn
本行	pún-hâng
本質	pún-tsit
本身	pún-sin
本身人	pún-sin-lâng
本身湯	pún-sin-thng
本途	pún-tôo
本邦	pún-pang
本部	pún-pōo
本鄉	pún-hiong
本金	pún-kim
本銀	pún-gîn
本錢	pún-tsînn
本頂	pún-tíng
本領	pún-líng
本體	pún-thé
本黨	pún-tóng
朱一貴	Tsu-It-kuì
朱仔	tsu-á
朱元璋	Tsu-Guân-tsiong
朱古力	tsu-kóo-la̍t
朱子	Tsu-tsú
朱子草	tsu-tsú-tsháu
朱朱紅	tsu-tsu-âng
朱桐花	tsu-tông-hue
朱欒	tsu-luân
朱瓜	tsu-kue
朱砂	tsu-se
朱砂痣	tsu-se-kì
朱砂紅	tsu-se-âng
朱立倫	Tsu-Li̍p-lûn
朱紅	tsu-âng
朱紅色	tsu-âng-sik
朱蕉	tsu-tsio
朱衣	tsu-i
朱連雀	tsu-liân-tshiok
朱錦花	tsu-gím-hue
朱頂花	tsu-tíng-hue
朱鷺	tsu-lōo
朴仔	phoh-á
朴仔樹	phoh-á-tshiū
朴仔草	pho̍k-á-tsháu
朴仔跤	Phoh-á-kha
朴子	Phò-tsí
朴實	phoh-si̍t
朴硝	phok-siau
朽爛	hiú-nuā
杉仔	sam-á
杉仔柴	sam-á-tshâ
杉仔行	sam-á-hâng
杉仔鳥	sam-á-tsiáu
杉料	sam-liāu
杉林	sam-lîm
杉林溪	Sam-lîm-khe
杉桐仔	sam-tâng-á
李仁貴	Lí-Jîn-kùi
李仔	lí-á
李仔扦	lí-á-tshiám
李仔攕	lí-á-tshiám
李仔糕	lí-á-ko
李仔糖	lí-á-thn̂g
李克強	Lí-Khik-kiōng
李哪吒	Lí-lô-tshia
李應元	Lí-Èng-guân
李托枴	lí-thok-kuái
李旁	lí-pîng
李昕霈	Lí-sin-phuè
李樹	lí-tshiū
李登輝	Lí-ting-hui
李白	Lí-pe̍h
李老君	lí-ló-kun
李遠哲	Lí-Uán-tiat
李鐵枴	lí-thiat-kuái
李鹹	lí-kiâm
杏仁	hīng-jîn
杏仁露	hīng-jîn-lōo
杏壇	hīng-tuânn
杏紅	hīng-hông
杏鮑菇	hīng-pau-koo
材料	tsâi-liāu
材料力學	tsâi-liāu-li̍k-ha̍k
材料科學	tsâi-liāu-kho-ha̍k
材質	tsâi-tsit
村夫子	tshuan-hu-tsú
村姑	tshuan-koo
村民	tshuan-bîn
村莊	tshuan-tsng
村落	tshuan-lo̍k
村里	tshuan-lí
村長	tshuan-tiúnn
杓仔	tshia̍h-á
杓嘴	tsiok-tshuì
杜仲	tōo-tiōng
杜定	tōo-tīng
杜截仔	tōo-tsat-á
杜扒仔	tōo-peh-á
杜拜	tōo-pài
杜猴	tōo-kâu
杜絕	tōo-tsua̍t
杜英	tōo-ing
杜蓖	tōo-pi
杜蓖子	tōo-pi-tsí
杜蓖蠶	tōo-pi-tshâm
杜蚓	tōo-ín
杜蚓蒸	tōo-kín-tshìng
杜蚓蛇	tōo-kín-tsuâ
杜蚓鳥	tōo-kín-tsiáu
杜賣	tōo-bē
杜鵑	tōo-kuan
杜鵑花	tōo-kuan-hue
束仔	sok-á
束口	sok-kháu
束帶	so̍k-tuà
束手就擒	sok-tshiú-tsiū-khîm
束手束腳	sok-tshiú-sok-kha
束手無策	sok-tshiú-bô-tshik
束結	sok-kiat
束縛	sok-pa̍k
束衣	sok-i
束身衫	sok-sin-sann
束頷頸	sok-ām-kún
束頷頸仔	sok-ām-kún-á
束髮	sok-huat
杭州	Hâng-tsiu
杯仔	pue-á
杯水車薪	pue-tsuí-tshia-sin
杯葛	pue-kat
東亞	Tang-a
東京	Tang-kiann
東京鐵塔	Tang-kiann-Thih-thah
東儌	tong-kiáu
東元	Tang-guân
東勢	Tang-sì
東勢角	Tang-sì-kak
東北	tang-pak
東北亞	Tang-pak-a
東北季風	tang-pak-kuì-hong
東北方	tang-pak-hong
東北角	tang-pak-kak
東北部	tang-pak-pōo
東區	tang-khu
東南	tang-lâm
東南亞	Tang-lâm-a
東南區	tang-lâm-khu
東南方	tang-lâm-hong
東南西北	tang-lâm-sai-pak
東南部	tang-lâm-pōo
東南風	tang-lâm-hong
東吳	Tang-ngôo
東吳大學	Tong-ngôo-tāi-ha̍k
東埔	Tang-poo
東寧	Tang-lîng
東寧國	Tang-lîng-kok
東山	Tang-suann
東山鴨頭	tong-san-ah-thâu
東岸	tang-huānn
東廠	Tang-tshiúnn
東引	Tang-ín
東德	Tang-tik
東方	tang-hng
東方人	tang-hong-lâng
東方文化	tong-hong-bûn-huà
東旁	tang-pîng
東時	tang-sî
東柏林	Tang-peh-lîm
東歐	Tang-au
東河	Tang-hô
東洋	tang-iûnn
東海	Tang-hái
東海大學	Tang-hái-tāi-ha̍k
東海岸	tang-hái-huānn
東港	Tang-káng
東港無魚西港拋	tang-káng-bô-hî-se-káng-pha
東港白	tang-káng-pe̍h
東湖	Tang-ôo
東白仔	tang-pe̍h-á
東石	Tang-tsio̍h
東線	tang-suànn
東華	tang-huâ
東西	tang-sai
東西廿七八	tang-sai-jia̍p-tshit-peh
東進	tang-tsìn
東部	tang-pōo
東錢	tong-tsînn
東門	tang-mn̂g
東陽	Tong-iông
東風	tang-hong
松仔	siông-á
松奶	siông-ling
松奶帶	siông-ling-tuà
松奶糖	siông-ling-thn̂g
松山	Siong-san
松山區	Siông-san-khu
松山機場	Siông-san-ki-tiûnn
松木	tshîng-bo̍k
松果腺	siông-kó-suànn
松柏	tshîng-peh
松柏仔	tshîng-peh-á
松柏根	tshîng-peh-kin
松柏樠	tshîng-pik-miâ
松柏樹	tshîng-peh-tshiū
松柏檑	tshîng-peh-luî
松柏涎	tshîng-peh-iân
松柏癗	tshîng-peh-luî
松柏膠	tshîng-peh-ka
松梧	siông-ngôo
松江南京	Siông-kang-Lâm-kiann
松溪	Siông-khe
松節油	siông-tsiat-iû
松膠	siông-ka
松茸	siông-jiông
松菇	siông-koo
松蘿	siông-lô
松陽	Siông-iông
松香	siông-hiong
板仔	pán-á
板南線	Pang-lâm-suànn
板嘹	pán-liâu
板店	pán-tiàm
板板	pán-pán
板橋	Pang-kiô
板橋市	Pang-kiô-tshī
板膋	pán-lâ
板膋油	pán-lâ-iû
板車	pán-tshia
板金	pán-kim
板鋤	pán-tî
板面	pán-bīn
枇杷	gî-pê
枇杷樹	pî-pê-tshiū
枉屈	óng-khut
枉死	óng-sí
枉死城	óng-sí-siânn
枉法	óng-huat
枉然	óng-jiân
枉費	óng-huì
枋仔	pang-á
枋仔厝	pang-á-tshù
枋仔壁	pang-á-piah
枋南線	Pang-lâm-suànn
枋堵	pang-tóo
枋壁	pang-piah
枋寮	Pang-liâu
枋山	Pang-suann
枋橋	pang-kiô
枋皮仔厝	pang-phuê-á-tshù
枋頭	pang-thâu
枕木	tsím-bo̍k
枕頭	tsím-thâu
枕頭囊	tsím-thâu-lông
枕頭套	tsím-thâu-thò
枕頭神較聖三界公	tsím-thâu-sîn-khah-siànn-Sam-kài-kong
枕頭腳	tsím-thâu-kha
枕頭草	tsím-thâu-tsháu
枕頭蓆	tsím-thâu-tshio̍h
枕頭袋	tsím-thâu-tē
枕頭鬼	tsím-thâu-kuí
枕骨	tsím-kut
林仔邊	Nâ-á-pinn
林佳龍	Lîm-Ka-liông
林俊傑	Lîm-Tsùn-kia̍t
林內	Nâ-lāi
林全	Lîm-Tsoân
林務	lîm-bū
林務局	Lîm-bū-kio̍k
林區	lîm-khu
林口	Nâ-kháu
林口區	nâ-kháu-khu
林園	Lîm-hn̂g
林圯埔	Lîm-kí-poo
林地	lîm-tē
林場	lîm-tiûnn
林姿妙	Lîm-Tsu-miāu
林投	nâ-tâu
林投公	nâ-tâu-kong
林投舅	nâ-tâu-kū
林投雞	nâ-tâu-ke
林政則	Lîm-Tsèng-tsik
林昶佐	Lîm-Tshióng-tsò
林景元	Lîm-Kéng-guân
林智堅	Lîm-Tì-kian
林木	lîm-bo̍k
林林總總	lîm-lîm-tsóng-tsóng
林森	Lîm-sim
林業	lîm-gia̍p
林檎	lîm-khîm
林濁水	Lîm-Tso̍k-súi
林爽文	Lîm-Sóng-bûn
林獻堂	Lîm-Hiàn-tông
林班	lîm-pan
林立	lîm-li̍p
林義雄	Lîm-Gī-hiông
林肯	Lîm-khíng
林腳鳥	nâ-kha-tsiáu
林苞	nâ-pôo
林菝	nâ-pua̍t
林菝仔	nia-pua̍t-á
林菝仔汁	ná-pua̍t-á-tsiap
林萬億	Lîm-Bān-ik
林邊	Nâ-pinn
林間	lîm-kan
林麗明	Lîm-Lē-bêng
林默娘	Lîm-Bı̍k-niû
林默娘公園	Lîm-Bi̍k-liông-Kong-hn̂g
果子	kué-tsí
果子乾	kué-tsí-kuann
果子仁	kué-tsí-jîn
果子園	kué-tsí-hn̂g
果子宅	kué-tsí-the̍h
果子探	kué-tsí-thàm
果子樹	kué-tsí-tshiū
果子欉	kué-tsí-tsâng
果子殼	kué-tsí-khak
果子汁	kué-tsí-tsiap
果子狸	kué-tsí-bâ
果子猫	kué-tsí-bâ
果子皮	kué-tsí-phuê
果子盤	kué-tsí-puânn
果子粿	kué-tsí-kué
果子肉	kué-tsí-bah
果子膏	kué-tsí-ko
果子菜燕	kué-tsí-tshài-iàn
果子蠅	kué-tsí-sîn
果子豆	kué-tsí-tāu
果子酒	kué-tsí-tsiú
果子醬	kué-tsí-tsiùnn
果子頭	kué-tsí-thâu
果子鹽	kue-tsí-iâm
果嶺	Kó-niá
果斷	kó-tuàn
果栳仔	kó-ló-á
果樹	kó-tshiū
果毅後堡	Kó-gī-āu-pó
果汁	kó-tsiap
果汁機	kó-tsiap-ki
果然	kó-jiân
果然如此	kó-jiân-jî-tshú
果皮箱	kué-phuê-siunn
果菜	kué-tshài
枝仔冰	ki-á-ping
枝仔糖	ki-á-thn̂g
枝尾	ki-bué
枝幹	ki-kàn
枝稈	ki-kuáinn
枝葉	ki-hio̍h
枝香小細	ki-hiunn-sió-sè
枝骨	ki-kut
枝骨仔	ki-kut-á
枯乾	koo-ta
枯井	koo-tsénn
枯凋	koo-ta
枯枯等	kho̍k-kho̍k-tán
枯焦	koo-tâ
枯燥	khoo-sò
枯礬	koo-huân
枯里珍	koo-lí-tin
枳殼	tsí-khak
枴仔	kuái-á
枴著	Kuáinn-tioh
枵囉	iau-loh
枵寒餓	iau-kuânn-gō
枵死	iau-sí
枵甲欲害	iau-kah-beh-hāi
枵矣	iau-a
枵飢失頓	iau-ki-sit-tǹg
枵餓	iau-gō
枵饞	iau-sâi
枵鬼	iau-kuí
枵鬼假細膩	iau-kuí-ké-sè-jī
枵鬼喙	iau-kuí-tshuì
枵鬼蛇	iau-khí-tsuâ
枵鬼鐵	iau-kuí-thih
枵鬼食	iau-kuí-tsia̍h
架上	kè-siāng
架仔	kè-á
架勢	kè-sì
架構	kè-kòo
架票	kà-phiò
架空	kè-khang
架腳石	ke-kha-tsio̍h
架設	kè-siat
架起	kà-khí
枷擔	ka-tann
枸杞	kóo-kí
枸果	kóo-kó
枸橘	kóo-kit
枸骨	kóo-kut
柏安樹	peh-an-tshiū
柏林	Peh-lîm
柏林圍牆	Pik-lîm-uî-tshiûnn
柏楊文物館	Pik-Iông-Bûn-bu̍t-kuán
柏油	pik-iû
某乜人	bóo-mih-lâng
某人	bóo-lâng
某囝	bóo-kiánn
某囝寄人飼	bóo-kiánn-kià-lâng-tshī
某大姨	bóo-tuā-î
某奴	bóo-lôo
某某人	bóo-bóo-lâng
某甲	bóo-kah
某舅	bóo-kū
某頭舅	bóo-thâu-kū
某頭親	bóo-thâu-tshin
柑仔	kam-á
柑仔得	kam-á-tit
柑仔汁	kam-á-tsiap
柑仔色	kam-á-sik
柑仔蜜	kam-á-bi̍t
柑仔蜜醬	kam-á-bi̍t-tsiùnn
柑仔魚	kam-á-hî
柑桔	kam-kiat
柑皮	kam-phuê
柑盤花	kam-puânn-hue
柑黃	kam-n̂g
染布鳥	ní-pòo-tsiáu
染指	jiám-tsáinn
染整	jiám-tsíng
染料	jiám-liāu
染有	jiám-iú
染病	jiám-pēnn
染目子	ní-ba̍k-tsí
染色	jiám-sik
染色體	jiám-sik-thé
染著	jiám-tio̍h
染著病	jiám-tio̍h-pēnn
染霧	liám-bū
柔和	jiû-hô
柔弱	jiû-jio̍k
柔性	jiû-sìng
柔情	jiû-tsîng
柔美	jiû-bí
柔軟	jiû-nńg
柔道	jiû-tō
柔魚	jiû-hî
柚仔	iū-á
柚仔仁	iū-á-jîn
柚仔樹	iū-á-tshiu
柝仔	khok-á
柝仔板	kho̍k-á-pán
柝圈	khok-khian
柝搴	khok-khian
查價	tsa-kè
查出	tsa-tshut
查勘	tsa-khàm
查勤	tsa-khîn
查哨	tsa-sàu
查問	tsa-būn
查埔	tsa-poo
查埔人	tsa-poo-lâng
查埔囝	tsa-poo-kiánn
查埔囝仔	ta-poo-gín-á
查埔囡仔	tsa-poo-gín-á
查埔太	tsa-poo-thài
查埔查某	ta-poo-tsa-bóo
查埔演員	tsa-poo-ián-uân
查埔生	tsa-poo-senn
查埔的	tsa-poo-ê
查埔祖	tsa-poo-tsóo
查報	tsa-pò
查家甲	tshâ-ke-kah
查封	tsa-hong
查尋	tshâ-sîm
查對	tsa-tuì
查戶口	tsa-hōo-kháu
查明	tsa-bîng
查暝	tshâ-mê
查某	tsa-bóo
查某人	tsa-bóo-lâng
查某仔	tsa-bóo-á
查某兵	tsa-bóo-ping
查某囝	tsa-bóo-kiánn
查某囝仔	tsa-bóo-gín-á
查某囝十八變	tsa-bóo-kiánn-tsa̍p-peh-piàn
查某囝賊	tsa-bóo-kiánn-tsha̍t
查某囝飼大別人个	tsa-bóo-kiánn-tshī-tuā-pa̍t-lâng-ê
查某囡仔	tsa-póo-gín-á
查某囡仔人	tsa-bóo-gín-á-lâng
查某囡仔嬰	tsa-bóo-gín-á-enn
查某埔	tsa-bóo-poo
查某太	tsa-bóo-thài
查某嬰	tsa-bóo-inn
查某孫	tsa-bóo-sun
查某官	tsa-bóo-kuann
查某朋友	tsa-bóo-pîng-iú
查某李仔	tsa-bóo-lí-á
查某楔	tsa-bóo-seh
查某演員	tsa-bóo-ián-uân
查某營	Tsa-bóo-iânn
查某瘍	tsa-bóo-siûnn
查某相	tsa-bóo-siàng
查某祖	tsa-bóo-tsóo
查某腳	tsa-bóo-kioh
查某間	tsa-bóo-king
查某雨	tsa-bóo-hōo
查某體	tsa-bóo-thé
查某鬼	tsa-bóo-kuí
查某鬼仔	tsa-bóo-kuí-á
查某𡢃	tsa-bóo-kán
查某𡢃仔	tsa-bóo-kán-á
查核	tsa-hu̍t
查案	tshâ-àn
查水表	tshâ-tsuí-pió
查水錶	tshâ-tsuí-pió
查無實據	tsa-bô-si̍t-kì
查獲	tsa-hi̍k
查理	Tsa-lí
查畝營	Tsa-bóo-iânn
查看	tsa-khuànn
查禁	tsa-kìm
查緝	tsa-tsip
查考	tsa-khó
查著	tshâ-tio̍h
查覺	tshâ-kak
查訪	tsa-hóng
查詢	tsa-sûn
查證	tsa-tsìng
查辦	tshâ-pān
查閱	tshâ-ua̍t
查驗	tsa-giām
柬埔寨	kán-poo-tsē
柯仔	kho-á
柯土	kho-thôo
柯城	Kho-siânn
柯文哲	Kua-Bûn-tiat
柯斗	kho-táu
柯智亞	Kua-tì-a
柯果	kua-kó
柯樹	kho-tshiū
柯橋	Kho-kiô
柯絲	kho-si
柱下石	thiāu-ē-tsio̍h
柱仔	thiāu-á
柱仔子	thiāu-á-tsí
柱仔腳	thiāu-á-kha
柱仔跡	thiāu-á-jiah
柱油	tū-iû
柱爿	thiāu-pîng
柱聯	thiāu-liân
柱薯	thiāu-tsî
柳丁	liú-ting
柳巷	liú-hāng
柳杉	liú-sam
柳樹	liú-tshiū
柳營	Liú-iânn
柳腰	liú-io
柳葉眉	liú-hio̍h-bâi
柳葉花	liú-hio̍h-hue
柳葉茄	liú-hio̍h-kiô
柳豆	liú-tāu
柴人	tshâ-lâng
柴佛仔	tshâ-pu̍t-á
柴刀	tshâ-to
柴刻	tshâ-khik
柴印仔	tshâ-ìn-á
柴厝仔	tshâ-tshù-á
柴城	tshâ-siânn
柴塊	tshâ-tè
柴塊仔	tshâ-tè-á
柴尪仔	tshâ-ang-á
柴屐	tshâ-kia̍h
柴屐耳	tshâ-kia̍h-hīnn
柴屐襻	tshâ-kia̍h-phàn
柴屑	tshâ-sut
柴幼	tshâ-iù
柴扒	tshâ-pê
柴指甲	tshâ-tsíng-kah
柴排	tshâ-pâi
柴料	tshâ-liāu
柴杮	tshâ-phuè
柴枋	tshâ-pang
柴枕頭	tshâ-tsím-thâu
柴柱	tshâ-thiāu
柴柴	tshâ-tshâ
柴栟仔	tshâ-phiánn-á
柴桶	tshâ-tháng
柴梳	tshâ-se
柴棍仔	tshâ-kùn-á
柴槌	tshâ-thuî
柴樠	tshâ-miâ
柴樹	tshâ-tshiū
柴橋	tshâ-kiô
柴檑	tshâ-luî
柴油	tshâ-iû
柴涸	tshâ-kho̍k
柴火	tshâ-hué
柴炭	tshâ-thuànn
柴烌	tshâ-hu
柴爿	tshâ-pîng
柴牆	tshâ-tshiûnn
柴片	tshâ-phìnn
柴犬	tshâ-khián
柴球	tshâ-kiû
柴疊仔	tshâ-thia̍p-á
柴痕	tshâ-hûn
柴目	tshâ-ba̍k
柴砧	tshâ-tiam
柴碎	tshâ-tshuì
柴磚仔	tshâ-tsng-á
柴箍	tshâ-khoo
柴箍紗	tshâ-khoo-se
柴箍魚	tshâ-khoo-hî
柴米油鹽醬醋茶	tshâ-bí-iû-iâm-tsiùnn-tshòo-tê
柴糖	tshâ-thn̂g
柴紋	tshâ-bûn
柴耙	tshâ-pê
柴耳孔	tshâ-hīnn-khang
柴胡	tshâ-ôo
柴花	tshâ-hue
柴草	tshâ-tsháu
柴蜞	tshâ-khî
柴角	tshâ-kak
柴角仔	tshâ-kak-á
柴較冷灶	tshâ-khah-líng-tsàu
柴轎	tshâ-kiō
柴鉤	tshâ-kau
柴鍥	tshâ-kueh
柴雕	tshâ-tiau
柴雷	tshâ-luî
柴頭	tshâ-thâu
柴頭人	tshâ-thâu-lâng
柴頭尪仔	tshâ-thâu-ang-á
柴頭目	tshâ-thâu-ba̍k
柴魚	tshâ-hî
柴鶺鴒	tshâ-tsit-lîng
柴龜	tshâ-ku
柵欄	tsheh-nuâ
柿仔	khī-á
柿仔干	khī-á-kuann
柿仔色	khī-á-sik
柿果	khī-kué
柿粿	khī-ké
柿糊	khī-kôo
柿糬	khī-tsî
柿蒂帽	khī-tì-bō
柿霜	khī-sng
柿霜粉	khī-sng-hún
柿餅	khī-piánn
栓仔	sng-á
栓藥	sng-io̍oh
栗子	la̍t-tsí
栗子色	la̍t-tsí-sik
栗子頭	la̍t-tsí-thâu
栗美國	La̍t-bí-kok
校內	hāu-lāi
校刊	hāu-khan
校務	hāu-bū
校友	hāu-iú
校友會	hāu-iú-huē
校園	hāu-hn̂g
校園霸凌	hāu-hn̂g-pà-lîng
校址	hāu-tsí
校外	hāu-guā
校對	kàu-tuì
校工	hāu-kang
校庭	hāu-tiânn
校慶	hāu-khìng
校方	hāu-hong
校旗	hāu-kî
校欑	káu-tsan
校歌	hāu-kua
校正	kàu-tsìng
校舍	hāu-sià
校花	hāu-hua
校董會	hāu-táng-huē
校規	hāu-kui
校訂	kàu-tìng
校訓	hāu-hùn
校警	hāu-kíng
校譽	hāu-ī
校車	hāu-tshia
校醫	hāu-i
校長	hāu-tiúnn
校長兼摃鐘	hāu-tiúnn-kiam-kòng-tsing
校長室	hāu-tiúnn-sik
校門	hāu-mn̂g
校閱	kàu-ua̍t
校風	hāu-hong
株式	ti-sik
株流	tu-lâu
株頭風	tu-thâu-hong
栱仔豆	kóng-á-tāu
栱鞦	kông-tshiu
核仔	ha̍t-á
核准	hi̍k-tsún
核可	hi̍k-khó
核子	hi̍k-tsú
核子彈	hi̍k-tsú-tân
核子武器	hi̍k-tsú-bú-khì
核子爆發	hu̍t-tsú-po̍k-huat
核定	hu̍t-tīng
核對	hi̍k-tuì
核廢料	hi̍k-huī-liāu
核彈	hi̍k-tuânn
核心	hu̍t-sim
核查	hi̍k-tsa
核桃	hu̍t-thô
核桃仁	hu̍t-thô-lîn
核武	hu̍t-bú
核爆	hu̍t-po̍k
核發	hu̍t-huat
核示	hi̍k-sī
核算	hu̍t-suàn
核能	hu̍t-lîng
核能發電	hi̍k-lîng-huat-tiān
核計	hi̍k-kè
核辦	hi̍k-pān
核電	hi̍k-tiān
根原	kin-guân
根因	kin-in
根基	kin-ki
根底	kin-té
根性	kin-sìng
根據	kin-kì
根據地	kin-kì-tē
根本	kin-pún
根本的	kin-pún-ti̍k
根治	kin-tī
根深柢固	kin-tshim-tì-kòo
根源	kin-guân
根節	kin-tsat
根絕	kin-tsua̍t
根蒂	kin-tì
根部	kin-pōo
根鋸	kin-kù
根除	kin-tî
根頭	kin-thâu
根鬚	kin-tshiu
格仔	keh-á
格仔粿	keh-á-kué
格仔紙	keh-á-tsuá
格仔膨餅	keh-á-phòng-piánn
格仔餅	keh-á-piáⁿ
格仔魚	keh-á-hî
格位	keh-uī
格大	kik-tuā
格大路	kik-tuā-lōo
格局	keh-kio̍k
格式	keh-sik
格悾	kik-khong
格新	kik-sin
格樣	kik-iūnn
格空	kik-khang
格籃	keh-nâ
格腳	kik-kha
格調	kik-tiāu
格體	kik-thé
格高	kik-ko
格鬥	kik-tòo
栽仔	tsai-á
栽培	tsai-puê
栽培人	tsai-puê-lâng
栽植	tsai-si̍t
栽樹	tsai-tshiū
栽樹仔	tsai-tshiū-á
栽活	tsai-ua̍h
栽種	tsai-tsìng
栽贓	tsai-tsong
桂冠	kuì-kuan
桂林	Kuì-lîm
桂枝	kuì-ki
桂竹	kuì-tik
桂花	kuì-hue
桃仔	thô-á
桃仔仁	thô-á-lîn
桃仔園	thô-á-hn̂g
桃仔子	thô-á-tsí
桃仔核	thô-á-hu̍t
桃仔樹	thô-á-tshiū
桃仔色	thô-á-sik
桃仔苒	thô-á-liám
桃仔鋟	thô-á-tshiám
桃仔面	thô-á-bīn
桃仔鬃	thô-á-tsang
桃園國際機場	thô-hn̂g-kok-tsè-ki-tiûnn
桃園市	Thô-hn̂g-tshī
桃園捷運	Thô-hn̂g-tsia̍t-ūn
桃園縣	Thô-hn̂g-kuān
桃子鹽	thô-á-sînn
桃志其	Thô-tsì-kî
桃旁	thô-pîng
桃李	thô-lí
桃枝	thô-ki
桃源	thô-guân
桃源部落	Thô-guân-Pōo-lo̍k
桃竹	thô-tik
桃紅色	thô-âng-sik
桃色新聞	thô-sik-sin-bûn
桃花	thô-hue
桃花性	thô-hue-sìng
桃花痟	thô-hue-siáu
桃花運	thô-hue-ūn
桃花面	thô-hue-bīn
桄榔	kong-lông
桄榔子	kong-lông-tsú
框框	khing-khing
框殼	khing-khak
框球	khing-kiû
框箍	khong-khoo
框起來	khong-khí-lâi
框邊	khong-pinn
案下	àn-hā
案件	àn-kiānn
案內	àn-nāi
案卷	àn-kǹg
案底	àn-té
案情	àn-tsîng
案桌	àn-toh
案由	àn-iû
案發	àn-huat
案頭燈	àn-thâu-ting
桌仔	toh-á
桌仔屜	toh-á-thuah
桌仔耍	toh-á-sńg
桌勘	toh-khàm
桌奕	toh-ī
桌屜	toh-thuah
桌巾	toh-kin
桌布	toh-pòo
桌帷	toh-uî
桌杆	toh-kuainn
桌椅	toh-í
桌櫃	toh-kuī
桌火	toh-hué
桌球	toh-kiû
桌球賽	toh-kiû-sài
桌罩	toh-tà
桌腳	toh-kha
桌裙	toh-kûn
桌角	toh-kak
桌誌	toh-tsì
桌長	toh-tiúnn
桌面	toh-bīn
桌面頂	toh-bīn-tíng
桌頂	toh-tíng
桌頂奕	toh-tíng-ī
桌頂拈柑	toh-tíng-ni-kam
桌頂曆日	toh-tíng-la̍h-ji̍t
桌頂耍	toh-tíng-sńg
桌頂耍奕	toh-tíng-sńg-ī
桌頭	toh-thâu
桌頭曆日	toh-thâu-la̍h-li̍t
桌頭燈	toh-thâu-ting
桌頭磅	toh-thâu-pōng
桌頭鏡屏	toh-thâu-kiànn-pîn
桌頭鐘	toh-thâu-tsing
桐子樹	tông-tsí-tshiū
桐廬	Tông-lû
桐杖	thâng-thn̄g
桐樹	tông-tshiū
桐油	tâng-iû
桐油樹	thâng-iû-tshiú
桐油樹子	thâng-iû-tshiū-tsí
桐油灰	thâng-iû-hue
桐花	tâng-hue
桐鄉	Tông-hiong
桑仔樹	sng-á-tshiū
桑子	sng-tsí
桑材	sng-tsâi
桑材仔	sng-tsâi-á
桑梓	song-tsú
桑榆晚景	song-jû-buán-kíng
桑穗	sng-suī
桑臍	sng-tsâi
桑莓	sng-m̂
桑葉	sng-hio̍h
桑葚	sng-suî
桑鳲	sng-si
桔仔	kiat-á
桔仔汁	kiat-á-tsiap
桔仔龜	kiat-á-ku
桔梗	kiat-kīng
桔餅	kiat-piánn
桶仔竹	tháng-á-tik
桶呿	tháng-khuh
桶杯	tháng-pue
桶柑	tháng-kam
桶笚	tháng-kah
桶鉤藤	tháng-kau-tîn
桶靴	tháng-hia
桶龜	tháng-ku
桷仔	kak-á
桷枝	kak-ki
桸仔	hia-á
桿菌	kuáinn-khún
梁上君子	liông-siāng-kun-tsú
梁柱	niû-thiāu
梁許春菊	Niû-Khóo-Tshun-kiok
梅仔	buê-á
梅仔干	buê-á-kuann
梅仔樹	muî-á-tshiū
梅仔粉番薯條	muî-á-hún-han-tsî-tiâu
梅仔花	muâi-á-hue
梅仔茶	m̂-á-tê
梅仔餅	m̂-á-piánn
梅列	Mûi-lia̍t
梅子雞	muê-á-ke/kue
梅山	Muî-san
梅毒	muê-to̍k
梅瘡	muî-tshng
梅納反應	muî-la̍p-huán-ìng
梅花	muâi-hue
梅花鹿	muî-hue-lo̍k
梅雨	muî-ú
梓官	tsú-kuann
梓樹	tsú-tshiū
梔子花	kinn-tsí-hue
梗枋	Ngē-pang
條不而直	tiâu-put-lî-ti̍t
條仔	tiâu-á
條仔線	tiâu-á-suànn
條件	tiâu-kiānn
條例	tiâu-lē
條文	tiâu-bûn
條條有理	tiâu-tiâu-iú-lí
條款	tiâu-khuán
條段	tiâu-tuānn
條消	tiâu-siau
條理	tiâu-lí
條目	tiâu-ba̍k
條直	tiâu-ti̍t
條直人	tiâu-ti̍t-lâng
條碼	tiâu-bé
條約	tiâu-iok
條紋	tiâu-bûn
條絲	tiâu-si
條絲煙	tiâu-si-hun
條絲熏	tiâu-si-hun
條規	tiâu-kui
條鋸	liâu-kù
梟反	hiau-huán
梟疑	hiau-gî
梢殺	sau-sat
梢皮	sau-phî
梧桐	gôo-tông
梧棲	Gôo-tshe
梧母	gôo-bó
梨仔	lâi-á
梨仔瓜	lâi-á-kue
梨仔膏	lâi-á-ko
梨仔花	lâi-á-hue
梨山	Lê-san
梫木	tsìm-bo̍k
梭羅樹	so-lô-tshiū
梭齒	so-khí
梯層	thui-tsàn
梯度	thui-tōo
梯次	the-tshù
械客	hāi-kheh
械鬥	hâi-tàu
梳妝	se-tsng
梳妝打扮	se-tsng-tánn-pān
梳頭鬃	se-thâu-tsang
梵帝崗	Huân-tè-kong
梵谷	Huân-kok
棄保逃亡	khì-pó-tô-bông
棄嫌	khì-hiâm
棄嬰	khì-ing
棄官	khì-kuan
棄廢	khì-huè
棄權	khì-kuân
棄絕	khì-tsua̍t
棉仔	mî-á
棉仔叢	mî-á-tsâng
棉仔屎	mî-á-sái
棉仔枝	mî-á-ki
棉仔欉	mî-á-tsâng
棉仔糖	mî-á-thn̂g
棉仔紙	mî-á-tsuá
棉尾	mî-bué
棉屎	mî-sái
棉布	mî-pòo
棉猴衫	mî-kâu-sann
棉糖	mî-thn̂g
棉紗	mî-se
棉紗糖	mî-se-thn̂g
棉紗線	mî-se-suànn
棉紡	mî-pháng
棉絲仔糖	mî-si-á-thn̂g
棉績被	mî-tsioh-phuē
棉績裘	mî-tsioh-hiû
棉纖維	mî-tshiam-uî
棉胎	mî-thai
棉花	mî-hue
棉花種	mî-hue-tsíng
棉花糖	mî-hue-thn̂g
棉苞	mî-pôo
棉蚼蠅	mî-ku-sîn
棉衫	mî-sann
棉袍	mî-phàu
棉被	mî-phuē
棉裘	mî-hiû
棉裘公	mî-hiû-kong
棉襖	mî-ó
棉質	mî-tsit
棋子	kî-jí
棋盤	kî-puânn
棍仔	kùn-á
棍仔式	kùn-á-sik
棍仔麭	kùn-á-pháng
棍桶	kùn-tháng
棒壇	pāng-tuânn
棒棒糖	pàng-pàng-thn̂g
棒球	pāng-kiû
棒球員	pāng-kiû-uân
棒球賽	pāng-kiû-sài
棒球隊	pāng-kiû-tuī
棓飯	pe-pn̄g
棕木	tsang-bo̍k
棕樹	tsang-tshiū
棕竹	tsang-tik
棕筅	tsang-tshíng
棕簑	tsang-sui
棕色	tsang-sik
棕花水雞	Tsang-hue-tsuí-ke
棕蓑	tsang-sui
棕蓑搭	tsang-sui-tah
棕蓑猫	tsang-sui-bâ
棕蓑貓	tsang-sui-niau
棖凊笑	tènn-tshìn-tshiò
棖力	tènn-la̍t
棖屎	tènn-sái
棖恬恬	tènn-tiām-tiām
棖戇	tìnn-gōng
棖死	tènn-sí
棖濕濕	tènn-sip-sip
棖生	tìnn-tshenn
棖痟	tènn-siáu
棖睏	tènn-khùn
棖碇屎	tènn-tīng-sái
棖笑面	tènn-tshiò-bīn
棖虔笑	tìnn-khiân-tshiò
棗仔	tsó-á
棚仔	pînn-á
棚架	pînn-kè
棚腳	pênn-kha
棟梁	tòng-liông
棟梁之才	tòng-liông-tsi-tsâi
棟樑	tòng-niû
棟機	tàng-ki
棧房	tsàn-pâng
棧房船	tsàn-pâng-tsûn
棧柴間	tsàn-tshâ-king
棧看	tshián-khuànn
棧船	tsàn-tsûn
棧道	tsàn-tō
棧間	tsàn-king
森嚴	sim-giâm
森巴	Som-pa
森林	sim-lîm
森林大火	sim-lîm-tuā-hué
棲身	tshe-sin
棺木	kuan-bo̍k
棺柴	kuann-tshâ
棺柴店	kuann-tshâ-tiàm
棺柴本	kuann-tshâ-pún
棺柴枋	kuann-tshâ-pang
棺柴窟	kuann-tshâ-khut
棺柴釘	kuann-tshâ-ting
棺柴面	kuann-tshâ-bīn
棺柴頭	kuann-tshâ-thâu
棺柴鳥	kuann-tshâ-tsiáu
棺窟	kuan-khut
椅並	í-phīng
椅仔	í-á
椅仔腳	í-á-kha
椅各頭仔	í-koh-thâu-á
椅墊	í-tiām
椅墊仔	í-tiām-á
椅尻脊	í-kha-tsiah
椅幔	í-mua
椅桌	í-toh
椅條	í-liâu
椅條料	í-tiâu-liāu
椅樹	í-tshiū
椅眥仔	í-tsū-á
椅簟仔	í-tiām-á
椅脊骿	í-tsiah-phiann
椅腳	í-kha
椅苴仔	í-tsū-á
椅褥	í-jio̍k
椅褥墊	í-jio̍k-tiām
椅轎	í-kiō
椅頭	í-thâu
椅頭仔	í-thâu-á
椆底	tiâu-té
椆枝	tiâu-ki
椆胎	tiâu-thai
椆花	tiâu-hue
椆莓	tiâu-m̂
椆著	tiâu-tio̍h
植物	si̍t-bu̍t
植物人	si̍t-bu̍t-jîn
植物園	si̍t-bu̍t-hn̂g
椎魯	thuî-lóo
椏虹	a-khīng
椒江	Tsiau-kang
椪柑	phòng-kam
椰丁	iâ-ting
椰仔	iâ-á
椰卵樹	Iâ-nn̄g-tshiū
椰子	iâ-tsí
椰子樹	iâ-tsí-tshiū
椰子汁	iâ-tsí-tsiap
椰林	iâ-nâ
椰林大路	iâ-lîm-tuā-lōo
椰林大道	iâ-lîm-tāi-tō
椴梅	tuàn-m̂
椵腳	ké-kha
椽筆	iân-pit
楊基先	Iûnn-Ki-sian
楊桃	iûnn-thô
楊桃汁	iûnn-tô-tsap
楊桃湯	iûnn-tô-thng
楊梅	iûnn-buê
楊梅壢	Iûnn-muî-li̍k
楊梅桃	iûnn-muî-thô
楊梅症	iûnn-buê-tsìng
楊梅瘡	iûnn-buê-tshng
楊秋興	Iûnn-Tshiu-heng
楊英	Iûnn-Eng
楊逵文學紀念館	Iûnn-Kuî-Bûn-ha̍k-Kì-liām-kuán
楊金花	iûnn-kim-hue
楊金虎	Iûnn-Kim-hóo
楊麻	iûnn-muâ
楓仔樹	png-á-tshiū
楓仔葉	png-á-hio̍h
楓樹	png-tshiū
楓港	Hong-káng
楓香	png-hiunn
楓香樹	png-hiunn-tshiū
楔後手	seh-āu-tshiú
楔空	sueh-khang
楔紅包	seh-âng-pau
楗地牚身	kīng-tē-thénn-sin
楗錢	kāinn-tsînn
楚國	Tshóo-kok
楚霸王	tsháu-pà-ông
楝仔	līng-á
楞山	gông-suann
楠仔	lâm-á
楠仔坑	Lâm-á-khenn
楠仔坑加工區	Lâm-á-khenn-Ka-kang-khu
楠仔枋	lâm-á-pang
楠梓	Lâm-tsú
楣角	bî-kak
楦動	hùn-tōng
楦大	hùn-tuā
楦膿	hùn-lâng
楦闊	hùn-khuah
楦頭	hùn-thâu
業主	gia̍p-tsú
業債	gia̍p-tsè
業務	gia̍p-bū
業務員	gia̍p-bū-uân
業務部	gia̍p-bū-pōo
業命	gia̍p-miā
業已	gia̍p-í
業產	gia̍p-sán
業界	gia̍p-kài
業相	gia̍p-siàng
業神	gia̍p-sîn
業經	gia̍p-king
業績	gia̍p-tsik
業者	gia̍p-tsiá
業餘	gia̍p-î
楮樹	tsú-tshiū
極不極	ki̍k-put-ki̍k
極佳	ki̍k-ka
極倒	ki̍k-táu
極光	ki̍k-kng
極其	ki̍k-kî
極刑	ki̍k-hîng
極力	ki̍k-li̍k
極加	ki̍k-ke
極品	ki̍k-phín
極地	ki̍k-tē
極坎	ki̍k-khám
極多	ki̍k-to
極好	ki̍k-hó
極富	ki̍k-hù
極少	ki̍k-tsió
極度	ki̍k-tōo
極微細	ki̍k-bî-sè
極極	ki̍k-ki̍k
極樂	ki̍k-lo̍k
極權	ki̍k-kuân
極步	ki̍k-pōo
極準	kik-tsún
極濟	ki̍k-tsē
極為	ki̍k-uî
極盡	ki̍k-tsīn
極空	ki̍k-khang
極端	ki̍k-tuan
極致	ki̍k-tì
極角	ki̍k-kak
極讚的	kik-tsán-ê
極門	ki̍k-mn̂g
極限	ki̍k-hān
極頂	ki̍k-tíng
極頭	ki̍k-thâu
楷書	khái-su
楷木	khái-bo̍k
楷模	khái-bôo
楹仔	ênn-á
概一條線	kài-tsi̍t-tiâu-suànn
概念	khài-liām
概成	kài-sîng
概括	khài-kuah
概況	khài-hóng
概率	kài-lu̍t
概算	khài-sǹg
概紃	kài-sûn
概蠟	kài-la̍h
概要	khài-iàu
概論	khài-lūn
榕奶	tshîng-ling
榕奶帶	tshîng-ling-tuà
榕奶樹	tshîng-ling-tshiū
榕樹	tsîng-tshiū
榕樹王	tsîng-tshiū-ông
榕樹鬚	tshîng-tshiū-tshiu
榕鬚	tsîng-tshiu
榛樹	tsin-tshiū
榜尾	pńg-bué
榜樣	pńg-iūnn
榜眼	póng-gán
榜首	pńg-siú
榧子	huí-tsí
榨菜	tsà-tshài
榫卯	sún-báu
榫孔	sún-khang
榫目	sún-ba̍k
榫空	sún-khang
榫頭	sún-thâu
榭榴	siā-liû
榮任	îng-jīm
榮光	îng-kng
榮威	îng-ui
榮寵	îng-thióng
榮工處	Îng-kang-tshù
榮幸	îng-hīng
榮影	îng-íng
榮景	îng-íng
榮枯	îng-koo
榮歸	îng-kui
榮民	îng-bîn
榮民總醫院	Îng-bîn-tsóng-i-īnn
榮民醫院	îng-bîn-pēnn-īnn
榮獲	îng-hi̍k
榮登	îng-ting
榮總	Îng-tsóng
榮耀	îng-iāu
榮膺	îng-ing
榮譽	îng-ī
榮譽博士	îng-ī-phok-sū
榮譽學位	îng-ū-ha̍k-uī
榮銜	îng-hâm
榮顯	îng-hián
榴彈	liû-tân
槁旱	kó-huānn
槊仔	so̍k-á
槊土	so̍k-thôo
槊煤	so̍k-muî
構單字學	kòo-tan-jī-ha̍k
構圖	kòo-tôo
構思	kòo-su
構想	kòo-sióng
構成	kòo-sîng
構謀	kòo-bôo
構造	kòo-tsō
槌仔	thuî-á
槌仔面	thuî-á-bīn
槌哥	thuî-ko
槌摃搥	thuî-kòng-thuî
槌摃鐵	thuî-kòng-thih
槌杖	thuî-thn̄g
槌槌	thuî-thuî
槌球	thuî-kiû
槌的	thuî-ê
槍兵	tshiunn-ping
槍戰	tshiunn-tsiàn
槍手	tshiunn-tshiú
槍柄	tshiunn-pìnn
槍炮	tshiunn-phàu
槓仔	kǹg-á
槓桿	kǹg-kuáinn
槔柱	oo-thiāu
槽前	tsô-tsîng
槽架	tsô-kè
樂公	lo̍k-kong
樂器	ga̍k-khì
樂園	lo̍k-hn̂g
樂團	ga̍k-thuân
樂土	lo̍k-thôo
樂壇	ga̍k-tuânn
樂天	lo̍k-thian
樂師	ga̍k-su
樂府	ga̍k-hú
樂意	lo̍k-ì
樂手	ga̍k-tshiú
樂捐	lo̍k-kuan
樂暢	lo̍k-thiòng
樂暢人	lo̍k-thiòng-lâng
樂曲	ga̍k-khik
樂業	lo̍k-gia̍p
樂清	Ga̍k-tshing
樂燒酒	ngāu-sio-tsiú
樂理	ga̍k-lí
樂章	ga̍k-tsiunn
樂群	lo̍k-kûn
樂聲	ga̍k-siann
樂觀	lo̍k-kuan
樂譜	ga̍k-phóo
樂趣	lo̍k-tshù
樂跎	lo̍k-tô
樂隊	ga̍k-tuī
樂音	ga̍k-im
樓井	lâu-tsénn
樓仔	lâu-á
樓仔厝	lâu-á-tshù
樓仔大厝	lâu-á-tuā-tshù
樓尾厝	lâu-bué-tshù
樓尾頂	lâu-bé-tíng
樓屑仔	lâu-seh-á
樓枋	lâu-pang
樓栱	lâu-kông
樓栱楹	lâu-kông-înn
樓梯	lâu-thui
樓梯層	lâu-thui-tsàn
樓梯間	lâu-thui-king
樓腳	lâu-kha
樓腳厝	lâu-kha-tshù
樓車	lâu-tshia
樓閣	lâu-koh
樓面	lâu-bīn
樓頂	lâu-tíng
標仔	pio-á
標價	phiau-kè
標出	phiau-tshut
標售	phiau-siû
標單	phiau-tuann
標工	pio-kang
標幟	phiau-tsì
標明	phiau-bîng
標會仔	pio-hē-á
標本	phiau-pún
標準	phiau-tsún
標準偏差	piau-tsún-phian-tsha
標準差	piau-tsún-tsha
標準桿	phiau-tsún-kán
標的物	phiau-ti̍k-bu̍t
標示	phiau-sī
標竿	phiau-kan
標籤	phiau-tshiam
標緻	phiau-tì
標舉	phiau-kí
標著	pio-tio̍h
標記	phiau-kì
標誌	phiau-tsì
標語	phiau-gí
標識	phiau-sik
標購	phiau-kòo
標頭	phiau-thâu
標題	phiau-tê
標高	phiau-ko
標點	phiau-tiám
標齒	pio-khí
樞機	tshu-ki
樞紐	tshu-liú
樞軸國	tshu-ti̍k-kok
樟仔樹	tsiunn-á-tshiū
樟樹	tsiunn-tshiū
樟樹灣	Tsiong-tshiū-uan
樟牛	tsiunn-gû
樟腦	tsiunn-ló
樟腦丸	tsiunn-ló-uân
樟腦油	tsiunn-ló-iû
樟舅	tsiunn-kū
樠樹	miâ-tshiū
模仔	bôo-á
模仿	bôo-hóng
模具	bôo-khū
模型	bôo-hîng
模式	bôo-sik
模擬	bôo-gí
模擬齒盤	bôo-gí-khí-puânn
模板	bôo-pán
模枋	bôo-pang
模樣	bôo-iūnn
模特兒	bôo-ti̍k-jî
模範	bôo-huān
模範生	bôo-huān-sing
模糊	bôo-hôo
模組	bôo-tsoo
樣品	iūnn-phín
樣式	iūnn-sik
樣本	iūnn-pún
樣相	iūnn-siùnn
樵夫	tsiâu-hu
樵子	tsiâu-tsú
樸仔籬	Phoh-á-lî
樸實	phoh-si̍t
樸素	phok-sòo
樸風	phok-hong
樹乳	tshiū-ling
樹乳束仔	tshiū-ling-sok-á
樹仔	tshiū-á
樹仔尾	tshiū-á-bué
樹仔跤	tshiū-á-kha
樹奶	tshiū-ling
樹奶仔	tshiū-ling-á
樹奶套仔	tshiū-ling-thò-á
樹奶弓	tshiū-ling-king
樹奶弓仔	tshiū-ni-king-á
樹奶擦	tshiū-ni-tshat
樹奶擦仔	tshiū-ling-tshat-á
樹奶束仔	tshiū-ling-sok-á
樹奶球	tshiū-lin-kiû
樹奶糖	tshiū-ling-thn̂g
樹奶頭	tshiū-ling-thâu
樹子	tshiū-tsí
樹尾	tshiū-bué
樹尾溜	tshiū-bué-liu
樹尾頂	tshiū-bué-tíng
樹影	tshiū-ńg
樹攬	tshiū-lám
樹木	tshiū-ba̍k
樹杞	tshiū-kí
樹杞林	Tshiū-kí-nâ
樹林	tshiū-nâ
樹林仔	Tshiū-nâ-á
樹林苞	tshiū-nâ-pôo
樹枝	tshiū-ki
樹枝圖	tshiū-ki-tôo
樹根	tshiū-kin
樹栽	tshiū-tsai
樹梅	tshiū-m̂
樹梅雨	tshiū-m̂-hōo
樹梅餅	tshiū-m̂-piánn
樹梳	tshiū-se
樹椏	tshiū-ue
樹欉	tshiū-tsâng
樹母	tshiū-bó
樹油	tshiū-iû
樹熊	tshiū-hîm
樹獺	tshiū-thuah
樹王公	tshiū-ông-kong
樹皮	tshiū-phuê
樹目	tshiū-ba̍k
樹箍	tshiū-khoo
樹絡	tshiū-le
樹絲	tshiū-si
樹脂	tshiū-tsi
樹腳	tshiū-kha
樹腹	tshiū-pak
樹膠	tshiū-ka
樹草蓮	tshiū-tsháu-liân
樹菊	tshiū-kiok
樹葉	tshiū-hio̍h
樹葬	tshiū-tsòng
樹蔭	tshiū-im
樹薯	tshiū-tsî
樹蘭	tshiū-lân
樹蘭花	tshiū-lân-hue
樹蜚	tshiū-puī
樹豆	tshiū-tāu
樹趖	tshiū-sô
樹身	tshiū-sin
樹錦	tshiū-gím
樹霜	tshiū-sng
樹青	tshiū-tshenn
樹頭	tshiū-thâu
樹魚	tshiū-hî
樹龍	tshiū-lîng
樹龜	tshiū-ku
橄仔	kan-á
橄仔球	kan-ná-kiû
橄欖	kann-ná
橄欖孫	kann-ná-sun
橄欖形	kann-ná-hîng
橄欖樹	kann-ná-tshiū
橈桮	giô-pue
橈棓	giô-pue
橈骨	jiâu-kut
橋仔頭	Kiô-á-thâu
橋和	Kiô-hô
橋尖	kiô-tsiam
橋枋湖仔	Kiô-pang-ôo-á
橋樑	kiô-niû
橋空	kiô-khang
橋腳	kiô-kha
橋過拐抽	kiô-kuè-kuáinn-thiu
橐仔	lok-á
橐仔店	lok-á-tiàm
橐仔花	Lak-á-hue
橐仔龍	Lak-á-liông
橐個束個	lok-kò-sok-kò
橐膿	lak-lâng
橐袋仔	lak-tē-á
橐袋仔妖怪	lak-tē-á-iau-kuài
橐袋仔怪獸	lak-tē-á-kuài-siù
橐袋仔袋磅子	lak-tē-á-tē-pōng-tsí
橐袋仔飽飽	lak-tē-á-pá-pá
橐蹌	lok-sōng
橐錢	lok-tsînn
橙桐	ting-tông
橙欄	ting-lân
橙色	tîng-sik
機不可失	ki-put-khó-sit
機仔	ki-á
機件	ki-kiānn
機先	ki-sian
機具	ki-khū
機動	ki-tōng
機動人	ki-tōng-lâng
機動性	ki-tōng-sìng
機動戰士	ki-tōng-tsiàn-sū
機司	ki-su
機員	ki-uân
機器	ki-khì
機器人	ki-khì-lâng
機器學習	ki-khì-ha̍k-si̍p
機器桶	ke-khì-tháng
機器犁	ke-khì-lê
機器糖	ke-khì-thn̂g
機型	ki-hîng
機場	ki-tiûnn
機密	ki-bi̍t
機工	ki-kang
機巧	ki-khiáu
機帆	ki-phâng
機幫	ki-pang
機庫	ki-khòo
機房	ki-pâng
機會	ki-huē
機桿仔	ki-kuínn-á
機械	ki-hâi
機械人	ki-hāi-jîn
機械化	ki-hâi-huà
機械學習	ki-hāi-ha̍k-si̍p
機械工程	ki-hâi-kang-tîng
機械式	ki-hâi-sik
機構	ki-kòo
機油	ki-iû
機率	ki-lu̍t
機票	ki-phiò
機種	ki-tsíng
機竅	ki-khiàu
機組	ki-tsoo
機緣	ki-iân
機群	ki-kûn
機翼	ki-i̍k
機能	ki-lîng
機艙	ki-tshong
機要	ki-iàu
機警	ki-kíng
機身	ki-sin
機車	ki-tshia
機車店	ki-tshia-tiàm
機車行	ki-tshia-hâng
機逝	ki-tsuā
機遇	ki-gū
機運	ki-ūn
機銃	ki-tshìng
機長	ki-tiúnn
機關	ki-kuan
機關車	ki-kuan-tshia
機關銃	ki-kuan-tshìng
機電	ki-tiān
機體	ki-thé
橡奶	tshiūnn-ling
橡奶土	tshiūnn-ling-thôo
橡奶帶	tshiūnn-ling-tuà
橡奶性	tshiūnn-ling-sìng
橡奶糖	tshiūnn-ling-thn̂g
橡奶鞋	tshiūnn-ling-ê
橡木	tshiūnn-bo̍k
橡棋林	Tshiūnn-kî-nâ
橫來直去	huâinn-lâi-ti̍t-khì
橫切面	huâinn-tshiat-bīn
橫向	huâinn-hiòng
橫寫	huâinn-siá
橫山	Huâinn-san
橫崚	huâinn-līng
橫惡	huâinn-ok
橫扁	huâinn-pián
橫扒扒	huâinn-peh-peh
橫批	huâinn-phi
橫披	huâinn-phi
橫斷面	huâinn-tn̄g-bīn
橫杆	huâinn-kuainn
橫柴入灶	huâinn-tshâ-ji̍p-tsàu
橫柴夯入灶	huâinn-tshâ-giâ-ji̍p-tsàu
橫橫翱	huînn-huînn-kō
橫權	tshuânn-khuân
橫洋	huâinn-iûnn
橫流	huâinn-liû
橫渡	huâinn-tōo
橫澈澈	huâinn-theh-theh
橫玄	huâinn-hiân
橫直	huâinn-ti̍t
橫眩	huâinn-hiân
橫篙	huâinn-ko
橫線	huâinn-suànn
橫翱	huâinn-kō
橫肉生	huâinn-bah-senn
橫肉面	huâinn-bah-bīn
橫肩	huâinn-king
橫蠻	huâinn-bân
橫行	huâinn-hîng
橫訕直訕	huâinn-suan-ti̍t-suan
橫變變	huâinn-pìnn-pìnn
橫財	huâinn-tsâi
橫貫公路	huâinn-kuàn-kong-lōo
橫越	huâinn-ua̍t
橫逆	hîng-gi̍k
橫逼逼	huâinn-piak-piak
橫過	huâinn-kuè
橫閘	huînn-tsānn
橫霸	huâinn-pà
橫霸霸	huâinn-pà-pà
橫騎	huâinn-khiâ
檀仔	tuânn-á
檀柴	tân-tshâ
檀香	tân-hiong
檄仙	kiáu-sian
檄場	kiáu-tiûnn
檄本	kiáu-pún
檄東	kiáu-tong
檄棍	kiáu-kùn
檄注	kiáu-tù
檄間	kiáu-king
檉柳	tshing-liú
檔仔車	tóng-á-tshia
檔期	tòng-kî
檔案	tòng-àn
檜木	kuè-bo̍k
檜風	Kuè-hong
檢修	kiám-siu
檢妝	kiám-tsng
檢定	kiám-tīng
檢察	kiám-tshat
檢屍	kiám-si
檢本	kiám-pún
檢查	kiám-tsa
檢測	kiám-tshik
檢溫	kiám-un
檢疫	kiám-i̍k
檢肅	kiám-siok
檢舉	kiám-kí
檢視	kiám-sī
檢討	kiám-thó
檢討會	kiám-thó-huē
檢采	kiám-tshái
檢閱	kiám-ia̍t
檢驗	kiám-giām
檢點	kiám-tiám
檨仔	suāinn-á
檨仔瘋	suāinn-á-hong
檨仔葉公	suāinn-á-hio̍h-kong
檨梔柴	suān-tsi-tshâ
檯面	tâi-bīn
檳榔	pin-nn̂g
檳榔擔	pin-nn̂g-tànn
檳榔芋	pin-nn̂g-ōo
檸檬	le-bóng
檸檬紅茶	lê-bóng-âng-tê
檸檬蜜	lê-bóng-bi̍t
檸檬蜜茶	lê-bóng-bi̍t-tê
檺樹	kuâ-tshiū
櫃屜	kuī-thuah
櫃檯	kuī-tâi
櫃櫥	kuī-tû
櫛篦	sat-pìn
櫛篦鬍	sat-pìn-hôo
櫥仔	tû-á
櫥屜	tû-thuah
櫥窗	tû-thang
櫥紐	tû-liú
櫥頭櫃	tû-thâu-kuī
櫳仔	lông-á
櫳仔底	lông-á-té
櫳仔車	lông-á-tshia
櫻島	Ing-tó
櫻桃	ing-thô
櫻桃丸仔	Ing-thô-uân-á
櫻桃丸子	Ing-thô-Uân-á
櫻桃鴨	ing-thô-ah
櫻花	ing-hue
櫻花鉤吻鮭	ing-hue-kau-bún-kui
櫼仔	tsinn-á
櫼入	tsinn-ji̍p
欄杆	lân-kan
欄頭	nuâ-thâu
權位	kuân-uī
權利	kuân-lī
權利金	kuân-lī-kim
權力	kuân-li̍k
權力分立	khuân-li̍k-hun-li̍p
權力遊戲	Kuân-li̍k-Iû-hì
權勢	khuân-sì
權威	kuân-ui
權威性	kuân-ui-sìng
權宜	kuân-gî
權宜之計	kuân-gî-tsi-kè
權益	kuân-ik
權衡	kuân-hîng
權證	khuân-tsìng
權貴	kuân-kuì
權限	kuân-hān
欒樹	luân-tshiū
欖仁樹	lám-jîn-tshiū
欖仁舅	lám-jîn-kū
欠一腳	khiàm-tsi̍t-kha
欠一跤	khiàm-tsi̍t-kha
欠一跪	khiàm-tsi̍t-kuī
欠主	khiàm-tsú
欠人姦	khiàm-lâng-kàn
欠你管	khiàm-lí-kuán
欠債	khiàm-tsè
欠光彩	khiàm-kong-tshái
欠勤	khiàm-khîn
欠味	khiàm-bī
欠安	khiàm-an
欠席	khiàm-si̍k
欠拍	khiàm-phah
欠推	khiàm-thui
欠揲	khiàm-tia̍p
欠據	khiàm-kì
欠數	khiàm-siàu
欠檢點	khiàm-kiám-tiám
欠款	khiàm-khuán
欠水	khiàm-tsuí
欠用	khiàm-īng
欠碼	khiàm-bé
欠神	khiàm-sîn
欠稅	khiàm-suè
欠繳	khiàm-kiáu
欠缺	khiàm-khuat
欠腳債	khiàm-kha-tsè
欠血	khiàm-hiat
欠貨	khiàm-huè
欠跤手	khiàm-kha-tshiú
欠跤數	khiàm-kha-siàu
欠錢	khiàm-tsînn
欠陰	khiàm-im
欠雨	khiàm-hōo
欠點	khiàm-tiám
次元	tshù-guân
次女	tshù-lí
次子	tshù-tsú
次年	tshù-nî
次序	tshù-sū
次方	tshù-hong
次日	tshù-ji̍t
次男	tshù-lâm
次第	tshù-tē
次等	tshù-tíng
次級	tshù-kip
次級市場	tshù-kip-tshī-tiûnn
次要	tshù-iàu
次路貨	tshù-lōo-huè
次長	tshù-tiúnn
欣喜	him-hí
欣慕	him-bōo
欣欣	him-him
欣欣向榮	him-him-hiòng-îng
欣然	him-jiân
欣羡	him-siān
欣羨	him-siān
欣賞	him-sióng
欣賞分析	him-sióng-hun-sik
欲上班	beh-siōng-pan
欲佗揣	beh-tó-tshuē
欲假若毋	beh-ké-ná-m̄
欲去佗位	beh-khì-tó-uī
欲哭欲啼	beh-khàu-beh-thî
欲哭無目屎	beh-khàu-bô-ba̍k-sái
欲完矣	beh-uân-ah
欲按怎	beh-án-tsuánn
欲按怎在你	beh-án-tsuánn-tsāi-lí
欲按怎用啊	beh-án-tsuánn-iōng-ah
欲晝	beh-tàu
欲暗仔	beh-àm-á
欲暗囉	beh-àm-lo
欲暗矣	beh-àm-ah
欲望	io̍k-bōng
欲死動幌	beh-sí-tōng-hàinn
欲求	iok-kiû
欲烘啥物	beh-hang-siánn-mi̍h
欲相拍呢	beh-sio-phah-nih
欲罷不能	io̍k-pā-put-lîng
欲若毋	beh-ná-m̄
欲落雨	beh-lo̍h-hōo
欲蓋彌彰	io̍k-kài-mí-tsiong
欲行無	beh-kiânn-bô
欲閣	beh-koh
欲食毋討趁	beh-tsia̍h-m̄-thó-thàn
欶一下仔大氣	suh-tsi̍t-ē-á-tuā-khuì
欶大氣	suh-tuā-khuì
欶欶甜	suh-suh-tinn
欶氣	suh-khuì
欶膦脬	suh-lān-pha
欶膦鳥	suh-lān-tsiáu
欶蜜甕	suh-bi̍t-àng
欶血鬼	suh-hueh-kuí
欶貓	suh-niau
欹空	khia-khang
欹身	khi-sin
欺侮	khi-bú
欺凌	khi-lîng
欺君	khi-kun
欺壓	khi-ap
欺瞞	khi-muâ
欺矇	khi-bông
欺詐	khi-tsà
欺負	khi-hū
欺負人	khi-hū-lâng
欺騙	khi-phiàn
欽佩	khim-puē
欽慕	khim-bōo
欽賜	khim-sù
款制	khuán-tsè
款勢	khuán-sì
款勸	khuán-khǹg
款式	khuán-sik
款待	khuán-tāi
款拾	khuán-khioh
款曲	khuán-khioh
款樣	khuán-iūnn
款物件	khuán-mi̍h-kiānn
款目	khuán-bo̍k
款相	khuán-siùnn
款行李	khuán-hîng-lí
款項	khuán-hāng
款額	khuán-gia̍h
歁嗽	khām-sàu
歁囝	khám-kiánn
歁笑	khám-tshiò
歇中台	hioh-tiong-tâi
歇停倒斡	hioh-thîng-tò-uat
歇冬	heh-tang
歇喘	hioh-tshuán
歇天路	hioh-thinn-lōo
歇天露	hioh-thinn-lōo
歇學	hioh-o̍h
歇客店	hioh-kheh-tiàm
歇客棧	hioh-kheh-tsàn
歇寒	hioh-kuânn
歇岫	hioh-siū
歇工	hioh-kang
歇市	hioh-tshī
歇店	heh-tiàm
歇影	hioh-iánn
歇息	hioh-khùn
歇悿	hioh-thiám
歇擔	hioh-tànn
歇晝	hioh-tàu
歇暗	hioh-àm
歇暝	hioh-mê
歇會	hioh-huē
歇業	hioh-gia̍p
歇涼	hioh-liâng
歇熱	hioh-jua̍h
歇熱時	hioh-jua̍h-sî
歇睏	hennh-khùn
歇睏日	hioh-khùn-ji̍t
歇腳	hioh-kha
歇蔭	hioh-ńg
歇身	hioh-sin
歇陣	hioh-tsūn
歇雨	heh-hōo
歉意	khiám-ì
歉疚	khiám-kiù
歌仔	kua-á
歌仔冊	kua-á-tsheh
歌仔戲	kua-á-hì
歌仔曲	kua-á-khik
歌劇	kua-ki̍k
歌劇院	kua-ki̍k-īnn
歌喉	kua-âu
歌壇	kua-tuânn
歌廳	kua-thiann
歌手	kua-tshiú
歌星	kua-tshenn
歌曲	kua-khik
歌王	kua-ông
歌聲	kua-siann
歌舞	kua-bú
歌詞	kua-sû
歌詩	kua-si
歌謠	kua-iâu
歌譜	kua-phóo
歌頌	ko-siōng
歐亞	Au-a
歐式	Au-sik
歐打	au-tánn
歐洲	Au-tsiu
歐洲人	Au-tsiu-lâng
歐洲錢	Au-tsiu-tsînn
歐票	Au-phiò
歐羅	au-lô
歐羅肥	au-lô-puî
歐美	Au-bí
歐美先進國家	Au-bí-sian-tsìn-kok-ka
歐陸	Au-lio̍k
歐陽	Au-iông
歕品仔	pûn-phín-á
歕喇叭	pûn-lá-pah
歕氣	pûn-khuì
歕泡仔	pûn-pho̍k-á
歕狗螺	pûn-káu-lê
歕笛仔	pûn-tî-á
歕茶箍泡	pûn-tê-khoo-pho
歕觱仔	pûn-pi-á
歕雞胿	pûn-ke-kui
歕雞胿仔	pûn-ke-kui-á
歕雪文泡	pûn-sap-bûn-pho
歕風	pûn-hong
歕鼓吹	pûn-kóo-tshue
歕𥰔仔	pûn-phín-á
歡呼	huan-hoo
歡唱	huan-tshiùnn
歡喜	huann-hí
歡喜來	huann-hí-lâi
歡喜無	huann-hí-bô
歡喜甘願	huann-hí-kam-guān
歡喜甲	huann-hí-kah
歡喜面	huann-hí-bīn
歡度	huann-tōo
歡心	huan-sim
歡心喜願	huann-sim-hí-guān
歡樂	huan-lo̍k
歡樂氣氛	huan-lo̍k-khì-hun
歡欣	huan-him
歡笑	huan-tshiàu
歡聚	huan-tsū
歡迎	huan-gîng
歡迎光臨	huan-gîng-kong-lîm
歡送	huan-sàng
歡頭喜面	huann-thâu-hí-bīn
止力	tsí-la̍t
止嗽劑	tsí-sàu-tse
止嘴乾	tsí-tshuì-ta
止嘴凋	tsí-tshuì-ta
止境	tsí-kíng
止尼薯	tsí-nî-tsî
止水	tsí-tsuí
止渴	tsí-khat
止疼	tsí-thiànn
止疼藥	tsí-thiànn-io̍h
止痛	tsí-thiànn
止痛藥	tsí-thiànn-io̍h
止血	tsí-hueh
止飢	tsí-ki
正中	tsiànn-tiong
正中央	tsiànn-tiong-ng
正中晝	tsiànn-tiong-tàu
正人君子	tsìng-jîn-kun-tsú
正倒手	tsiànn-tò-tshiú
正倒腳	tsiànn-tò-kha
正值	tsiànn-ta̍t
正則	tsìng-tsik
正剾	tsiànn-khau
正剾倒削	tsiànn-khau-tò-siah
正反	tsiànn-píng
正名	tsìng-miâ
正四角形	tsiànn-sì-kak-hîng
正地土	tsiànn-tē-thóo
正大	tsiànn-tuā
正字	tsiànn-jī
正宗	tsiànn-tsong
正實	tsiânn-si̍t
正寫	tsiànn-siá
正常	tsìng-siông
正常化	tsìng-siông-huà
正常體位	tsìng-siông-thé-uī
正式	tsìng-sik
正彎	tsiànn-uan
正德	tsìng-tik
正心	tsìng-sim
正忌	tsiànn-kī
正手	tsiànn-tshiú
正手仔	tsiànn-tshiú-á
正手旁	tsiànn-tshiú-pîng
正手爿	tsiànn-tshiú-pîng
正手頂面	tsiànn-tshiú-tíng-bīn
正扮	tsiànn-pān
正拋	tsiànn-pha
正文	tsiànn-bûn
正斡	tsiànn-uat
正方形	tsìng-hong-hîng
正旁	tsiànn-pîng
正是	tsiànn-sī
正月	tsiann-gue̍h
正月初一	tsiann-gue̍h-tshue-it
正月初三	tsiann-gue̍h-tshe-sam
正月初二	tsiann-gue̍h-tshe-jī
正月初五	tsiann-gue̍h-tshe-ngóo
正月初四	tsiann-gue̍h-tshe-sù
正月十五	tsiànn-gue̍h-tsa̍p-gōo
正月半	tsiann-gue̍h-puànn
正本	tsiànn-pún
正本清源	tsiànn-pún-tshing-guân
正板	tsiànn-pán
正枝	tsiànn-ki
正業	tsiànn-gia̍p
正楷	tsiànn-khái
正榕	tsiànn-tshîng
正正	tsiànn-tsiànn
正正是	tsiànn-tsiànn-sī
正殿	tsiànn-tiān
正母	tsiànn-bó
正比	tsìng-pí
正氣	tsìng-khì
正派	tsìng-phài
正港	tsiànn-káng
正港貨	tsiànn-káng-huè
正父	tsiànn-pē
正爿	tsiànn-pîng
正爿下仔	tsiànn-pîng-ē-á
正爿踅	tsiànn-pîng-se̍h
正爿頂仔	tsiànn-pîng-tíng-á
正牌	tsiànn-pâi
正珠	tsiànn-tsu
正番公	tsiànn-huan-kang
正當	tsìng-tong
正痘	tsiànn-tāu
正盤	tsiànn-puânn
正直	tsiànn-ti̍t
正硬鬥	tsiànn-ngē-táu
正確	tsìng-khak
正確性	tsìng-khak-sìng
正祧	tsiànn-thiāu
正筆	tsiànn-pit
正箍踅	tsiànn-khoo-se̍h
正範	tsiànn-pān
正紅	tsiànn-âng
正紫檀	tsiànn-tsí-tuânn
正統	tsìng-thóng
正經	tsìng-king
正經代	tsìng-king-tāi
正經路	tsìng-king-lōo
正罕行	tsiànn-hán-kiânn
正義	tsìng-gī
正義感	tsìng-gī-kám
正耳	tsiànn-hī
正脈	tsiànn-me̍h
正腳	tsiànn-kha
正花	tsiànn-hue
正著時	tsiànn-tio̍h-sî
正虎頭蜂	tsiànn-hóo-thâu-phang
正號	tsiànn-hō
正衝	tsiànn-tshiong
正規	tsìng-kui
正規化	tsìng-kui-huà
正視	tsìng-sī
正親像	tsiànn-tshin-tshiūnn
正貨	tsiànn-huè
正路	tsiànn-lōo
正踅	tsiànn-se̍h
正身	tsiànn-sin
正轉	tsiànn-tńg
正途	tsìng-tôo
正道	tsiànn-tō
正金	tsiànn-kim
正銀	tsiànn-gîn
正門	tsiànn-mn̂g
正電	tsiànn-tiān
正面	tsiànn-bīn
正音	tsiànn-im
正頓	tsiànn-tǹg
正頭烏	tsiànn-thâu-oo
正體	tsiànn-thé
正鯧	tsiànn-tshiunn
正齒	tsiànn-khí
此外	tshú-guā
此後	tshú-āu
此早起	tsiū-tsá-khí
此時	tsiū-sî
此暗	tsiū-àm
此暝	tsiū-mî
步伐	pōo-hua̍h
步位	pōo-uī
步兵	pōo-ping
步口	pōo-kháu
步履	pōo-lí
步山虎	pōo-suann-hóo
步平	pōo-pîng
步數	pōo-sòo
步步	pōo-pōo
步步為營	pōo-pōo-uî-iânn
步盤	pōo-puânn
步行	pōo-hîng
步調	pōo-tiāu
步路	pōo-lōo
步輦	pōo-lián
步道	pōo-tō
步銃	pōo-tshìng
步隊	pōo-tuī
步驟	pōo-tsōo
武俠	bú-kiap
武凌	bú-lîng
武力	bú-li̍k
武功	bú-kong
武器	bú-khì
武士	bú-sū
武夷山	Bú-î-suann
武夷茶	bú-î-tê
武官	bú-kuann
武平	Bú-pîng
武打	bú-tánn
武斷	bú-tuàn
武旁	bú-pîng
武昌	Bú-tshiong
武朥灣	bú-lâu-uan
武林	bú-lîm
武棋	bú-kî
武漢	Bú-hàn
武漢肺炎	Bú-hàn-hì-iām
武理	bú-lí
武生	bú-sing
武綑	bú-khún
武義	Bú-gī
武聖	Bú-sìng
武腯	bú-thún
武腳	bú-kioh
武藝	bú-gē
武術	bú-su̍t
武裝	bú-tsong
武警	bú-kíng
武陵	Bú-lîng
武青	bú-tshing
武靴藤	bú-hia-tîn
武齣	bú-tshut
武齣戲	bú-tshut-hì
歧異	kî-ì
歧見	kî-kiàn
歧視	khî-sī
歧路	kî-lōo
歪一爿	uai-tsi̍t-pîng
歪仔索	uai-á-soh
歪勻	uai-ûn
歪哥	uai-ko
歪哥錢	uai-ko-tsînn
歪喙斜目	uai-tshuì-tshua̍h-ba̍k
歪喙雞毋食䆀米	uai-tshuì-ke-m̄-tsia̍h-bái-bí
歪嘴	uai-tshuì
歪尾桃	uai-bué-thô
歪心	uai-sim
歪斜	uai-tshua̍h
歪曲	uai-khiok
歪棍仔球	uai-kùn-á-kiû
歪歌	uai-kua
歪歪跩跩	uai-uai-tsuāi-tsuāi
歪篙	uai-ko
歪篙案	uai-ko-àn
歪篙錢	uai-ko-tsînn
歪膏揤斜	uai-ko-tshi̍h-tshua̍h
歪路	uai-lōo
歪頭	uai-thâu
歪頭菜	uai-thâu-tshài
歪頷	uai-ām
歪風	uai-hong
歲入	huè-ji̍p
歲出	huè-tshut
歲壽	huè-siū
歲月	suè-gua̍t
歲月如流	suè-gua̍t-jû-lîu
歲聲	huè-siann
歲計	suè-kè
歲頭	huè-thâu
歲頭有矣	huè-thâu-ū-ah
歷代	li̍k-tāi
歷任	li̍k-jīm
歷來	li̍k-lâi
歷史	li̍k-sú
歷史學	li̍k-sú-ha̍k
歷史家	li̍k-sú-ka
歷史性	li̍k-sú-sìng
歷史系	li̍k-sú-hē
歷屆	li̍k-kài
歷年	li̍k-nî
歷年來	li̍k-nî-lâi
歷時	li̍k-sî
歷歷	li̍k-li̍k
歷盡	li̍k-tsīn
歷經	li̍k-king
歷練	li̍k-liān
歷險	li̍k-hiám
歸世人	kui-sì-lâng
歸人	kui-jîn
歸仁	Kui-jîn
歸仙	kui-sian
歸位	kuī-uī
歸依	kui-i
歸信天	kui-sìn-thinn
歸個	kui-ê
歸倚	kui-uá
歸入	kui-ji̍p
歸功	kui-kong
歸化	kui-huà
歸半工	kui-puànn-kang
歸半日	kui-puànn-ji̍t
歸半晡	kui-puànn-poo
歸咎	kui-kiū
歸因於	kui-in-î
歸國	kui-kok
歸天	kui-thinn
歸家人	kui-ke-lâng
歸家口	kui-ke-kháu
歸宿	kui-siok
歸尾	kui-bué
歸屬感	kui-sio̍k-kám
歸工	kui-kang
歸年	kui-nî
歸心	kui-sim
歸手	kui-tshiú
歸手捧	kui-tshiú-phâng
歸批	kui-phe
歸數	kui-sòo
歸日	kui-ji̍t
歸日鏡	kui-ji̍t-kiànn
歸暗	kui-àm
歸暝	kui-mê
歸月日	kui-gue̍h-ji̍t
歸柩	kui-kiū
歸案	kui-àn
歸正	kui-tsìng
歸正修善	kui-tsìng-siu-siàn
歸氣	kui-khì
歸水	kui-tsuí
歸盤	kui-puânn
歸碗捧	kui-uánn-phâng
歸空	kui-khang
歸納	kui-la̍p
歸綰	kui-kuānn
歸罪	kui-tsuē
歸群	kui-kûn
歸腹火	kui-pak-hué
歸色	kui-sik
歸莊	kui-tsng
歸著	kui-tio̍k
歸路	kui-lōo
歸身	kui-sin
歸身軀	kui-sin-khu
歸逝	kui-tsuā
歸還	kui-huân
歸鄉	kui-hiong
歸陣	kui-tīn
歸隊	kui-tuī
歸順	kui-sūn
歸類	kui-luī
歹下	pháinn-ē
歹人	pháinn-lâng
歹人長歲壽	pháinn-lâng-tn̂g-hè-siū
歹代	pháinn-tāi
歹做	pháinn-tsò
歹做陣	pháinn-tsò-tīn
歹價	pháinn-kè
歹兆	pháinn-tiāu
歹兆頭	pháinn-tiāu-thâu
歹冬	pháinn-tang
歹出嘴	pháinn-tshut-tshuì
歹分子	pháinn-hūn-tsú
歹剃頭	pháinn-thì-thâu
歹創	pháinn-tshòng
歹勢	pháinn-sì
歹勢用	pháinn-sì-īng
歹勢講	pháinn-sì-kóng
歹勢面	pháinn-sì-bīn
歹厄	pháinn-ē
歹去	pháinn-khì
歹去矣	phàinn-khì-ah
歹叢	pháinn-tsâng
歹吉兆	pháinn-kiat-tiāu
歹名	pháinn-miâ
歹名聲	pháinn-miâ-siann
歹味	pháinn-bī
歹命	pháinn-miā
歹命人	pháinn-miā-lâng
歹命相	pháinn-miā-siàng
歹品行	pháinn-phín-hīng
歹喘氣	pháinn-tshuán-khuì
歹喙	pháinn-tshuì
歹喙搦斗	pháinn-tshuì-la̍k-táu
歹喙斗	pháinn-tshuì-táu
歹喙歹舌	pháinn-tshuì-pháinn-tsi̍h
歹喙歹鼻	pháinn-tshuì-pháinn-phīnn
歹喙野斗	pháinn-tshuì-iá-táu
歹喙鼻	pháinn-tshuì-phīnn
歹嘴	pháinn-tshuì
歹嘴斗	pháinn-tshuì-táu
歹嘴鼻	pháinn-tshuì-phīnn
歹囝	pháinn-kiánn
歹囝串飼爸	pháinn-kiánn-tshuàn-tshī-pē
歹囝人	pháinn-kiánn-lâng
歹囝病	páinn-kiánn-pēnn
歹囝症	pháinn-kiánn-tsìng
歹囝路	pháinn-kiánn-lōo
歹囝間	pháinn-kiánn-king
歹囡仔	pháinn-gín-á
歹夢	pháinn-bāng
歹大家	pháinn-ta-ke
歹天	pháinn-thinn
歹天年	pháinn-thinn-nî
歹天時	pháinn-thinn-sî
歹失德	pháinn-sit-tik
歹媌	pháinn-bâ
歹字運	pháinn-jī-ūn
歹客	pháinn-kheh
歹家教	pháinn-ka-kàu
歹局	pháinn-kio̍k
歹市	pháinn-tshī
歹市草	pháinn-tshī-tsháu
歹年冬	pháinn-nî-tang
歹年冬厚痟人	pháinn-nî-tang-kāu-siáu-lâng
歹底	pháinn-té
歹底蒂	pháinn-té-tì
歹彩頭	pháinn-tshái-thâu
歹後進	pháinn-āu-tsìn
歹心	pháinn-sim
歹心毒行	pháinn-sim-to̍k-hīng
歹心肝	pháinn-sim-kuann
歹心腸	pháinn-sim-tn̂g
歹心行	pháinn-sim-hīng
歹性地	pháinn-sìng-tē
歹意	pháinn-ì
歹意思	pháinn-ì-sù
歹意神	pháinn-ì-sîn
歹慣勢	pháinn-kuàn-sì
歹戲	pháinn-hì
歹所行	pháinn-sóo-kiânn
歹手勢	pháinn-tshiú-sì
歹手爪	pháinn-tshiú-jiáu
歹手癖	pháinn-tshiú-phiah
歹手蹄	pháinn-tshiú-tê
歹扭捋	pháinn-liú-la̍k
歹扭搦	pháinn-liú-la̍k
歹按算	pháinn-àn-sǹg
歹撙節	pháinn-tsún-tsat
歹撚	pháinn-lián
歹撨	pháinn-tshiâu
歹收成	pháinn-siu-sîng
歹教示	pháinn-kà-sī
歹數	pháinn-siàu
歹料	pháinn-liāu
歹日	pháinn-ji̍t
歹日子	pháinn-ji̍t-tsí
歹星	pháinn-tshenn
歹星入境	pháinn-tshenn-ji̍p-kíng
歹時運	pháinn-sî-ūn
歹景氣	pháinn-kíng-khì
歹月	pháinn-gue̍h
歹服侍	pháinn-ho̍k-sāi
歹查某	pháinn-tsa-bóo
歹模樣	pháinn-bôo-iūnn
歹模範	pháinn-môo-huān
歹款	pháinn-khuán
歹款待	pháinn-khuán-thāi
歹死	pháinn-sí
歹氣	pháinn-khuì
歹流擺	pháinn-lâu-pái
歹物	pháinn-mi̍h
歹物仔	pháinn-mi̍h-á
歹物件	pháinn-mi̍h-kiānn
歹狗	pháinn-káu
歹狗人	pháinn-káu-lâng
歹狗仔	pháinn-káu-á
歹狗氣	pháinn-káu-khuì
歹球	pháinn-kiû
歹理捋	pháinn-lí-la̍k
歹用	pháinn-īng
歹甲有賰	pháinn-kah-ū-tshun
歹甲死無人	pháinn-kah-sí-bô-lâng
歹病	pháinn-pēnn
歹症	pháinn-tsìng
歹症頭	pháinn-tsìng-thâu
歹瘡	pháinn-tshng
歹癖	pháinn-phiah
歹癖片	pháinn-phiah-phìnn
歹發	pháinn-huat
歹目	pháinn-ba̍k
歹目相	pháinn-ba̍k-siàng
歹目識	pháinn-ba̍k-sik
歹相	pháinn-siàng
歹看	pháinn-khuànn
歹看相	pháinn-khuànn-siùnn
歹看面	pháinn-khuànn-bīn
歹睏	pháinn-khùn
歹神氣	pháinn-sîn-khì
歹種	pháinn-tsíng
歹積德	pháinn-tsik-tik
歹空	pháinn-khang
歹節力	pháinn-tsat-la̍t
歹粒	pháinn-lia̍p
歹粟下落好米籮	pháinn-tshik-hē-lo̍h-hó-bi-luâ
歹紙	pháinn-tsuá
歹紡	pháinn-pháng
歹習慣	pháinn-si̍p-kuàn
歹耍	pháinn-sńg
歹聲嗽	pháinn-siann-sàu
歹聲說	pháinn-siann-sueh
歹聲頭	pháinn-siann-thâu
歹聽	pháinn-thiann
歹肚桶	pháinn-tōo-tháng
歹肚腸	pháinn-tōo-tn̂g
歹育	pháinn-io
歹育飼	pháinn-io-tshī
歹脾氣	pháinn-phî-khì
歹腳	pháinn-kha
歹腹肚	pháinn-pak-tóo
歹臉面	pháinn-liám-bīn
歹舞	pháinn-bú
歹草	pháinn-tsháu
歹落台	pháinn-lo̍h-tâi
歹處	pháinn-tshù
歹蟲	pháinn-thâng
歹行	pháinn-kiânn
歹規矩	pháinn-kui-kí
歹記持	pháinn-kì-tî
歹話	pháinn-uē
歹講	pháinn-kóng
歹譜	pháinn-phóo
歹變	pháinn-pìnn
歹貨	pháinn-huè
歹賺食	pháinn-tsuán-tsia̍h
歹趁	pháinn-thàn
歹趁食	pháinn-thàn-tsia̍h
歹路	pháinn-lōo
歹路頭	pháinn-lōo-thâu
歹身命	pháinn-sin-miā
歹辦	pháinn-pān
歹運	pháinn-ūn
歹運氣	pháinn-ūn-khì
歹運途	pháinn-ūn-tôo
歹過	pháinn-kuè
歹銅舊錫	pháinn-tâng-kū-siah
歹錢	pháinn-tsînn
歹鐵仔	pháinn-thih-á
歹開嘴	pháinn-khui-tshuì
歹雕	pháinn-tiau
歹面孔	pháinn-bīn-kháng
歹面相看	pháinn-bīn-sio-khuànn
歹面腔	pháinn-bīn-khiunn
歹頭彩	pháinn-thâu-tshái
歹食	pháinn-tsia̍h
歹食相	pháinn-tsia̍h-siàng
歹飼	pháinn-tshī
歹馬	pháinn-bé
歹骨底	pháinn-kut-té
歹骨胚	pháinn-kut-phe
歹骨頭	pháinn-kut-thâu
歹鬥陣	pháinn-tàu-tīn
歹鬼	pháinn-kuí
歹鬼怪	pháinn-kuí-kuài
歹鬼鬼	pháinn-kuí-kuí
歹鳥	pháinn-tsiáu
死丁丁	sí-ting-ting
死主	sí-tsú
死了了	sí-liáu-liáu
死五絕六	sí-gōo-tse̍h-la̍k
死亡	sí-bông
死亡之握	sí-bông-tsi-ak
死亡屆	sú-bông-kài
死亡率	sí-bông-lu̍t
死人	sí-lâng
死人厝	sí-lâng-tshù
死人形	sí-lâng-hîng
死人款	sí-lâng-khuán
死人直	sí-lâng-ti̍t
死人錢	sí-lâng-tsînn
死人面	sí-lâng-bīn
死侍	sú-sū
死傷	sí-siong
死內逃生	sí-lāi-tô-sing
死其值	sí-kî-ta̍t
死冤	sí-uan
死出去	sí-tshut-khì
死刑	sí-hîng
死刑犯	sí-hîng-huān
死前	sí-tsîng
死力	sí-la̍t
死去	sí-khì
死去矣	sí-khì-ah
死嘍	sí-loo
死嘛毋願瞌	sí-mā-m̄-guān-kheh
死嘴	sí-tshuì
死因	sí-in
死囡仔	sí-gín-á
死囡仔䖙	sí-gín-á-the
死囡仔脯	sí-gín-á-póo
死地	sí-tē
死坐	sí-tsē
死坐活食	sí-tsē-ua̍h-tsia̍h
死大箍	sí-tuā-khoo
死子	sí-tsí
死守	sí-siú
死寒	sí-kuânn
死對頭	sí-tuì-thâu
死屍	sí-si
死彎	sí-uan
死心	sí-sim
死忠	sí-tiong
死忠迷眾	sí-tiong-bê-tsiòng
死忤戛	sí-ngóo-khia̍t
死性	sí-sìng
死懨懨	sí-giān-giān
死扳仔	sí-pán-á
死斡	sí-uat
死會	sí-huē
死有餘辜	sú-iú-û-koo
死期	sí-kî
死板	sí-pán
死某	sí-bóo
死桀	sí-khiat
死槌摃死虼蚻	sí-thuî-kòng-sí-ka-tsua̍h
死樹	sí-tshiū
死欉	sí-tsâng
死死	sí-sí
死死六工尺	sí-sí-lio̍k-kong-tshē
死水	sí-tsuí
死水通貨冗剩	sí-tsuí-thong-huè-liōng-siōng
死泉	sí-tsuánn
死活	sí-ua̍h
死灰復燃	sí-hue-ho̍k-jiân
死炭	sí-thuànn
死煞	sí-suah
死犯	sí-huān
死狗賴羊	sí-káu-nuā-iûnn
死症	sí-tsìng
死痠	sí-sng
死癮癮	sí-giàn-giàn
死白	sí-pe̍h
死目	sí-ba̍k
死目毋願瞌	sí-ba̍k-m̄-guān-kheh
死直	sí-ti̍t
死直直	sí-ti̍t-ti̍t
死眼	sí-gán
死神	sí-sîn
死窟	sí-khut
死窟水	sí-khut-tsuí
死結	sí-kat
死絕	sí-tse̍h
死絕冷	sí-tse̍h-líng
死絕好食	sí-tse̍rh-hó-tsia̍h
死絕步	sí-tse̍h-pōo
死纏爛糊	sí-tînn-nuā-kôo
死罪	sí-tsuē
死者	sí-tsiá
死肉	sí-bah
死腸爛肚	sí-tn̂g-nuā-tōo
死膨	sí-phòng
死蘇物	sí-soo-mih
死血	sí-hueh
死袂去	sí-bē-khì
死袂見笑	sí-bē-kiàn-siàu
死角	sí-kak
死訣	sí-kuat
死諍	sí-tsènn
死豬仔價	sí-ti-á-kè
死豬鎮牢	sí-ti-tìn-tiâu
死豬鎮砧	sí-ti-tìn-tiam
死貓	sí-niau
死賴	sí-luā
死賴互人	sí-luā-hōo-lâng
死賴人	sí-luā-lâng
死路	sí-lōo
死蹺蹺	sí-khiàu-khiàu
死身胚	sí-sin-phe
死運	sí-ūn
死道友無死貧道	sí-tō-iú-bô-sí-pîn-tō
死釘釘	sí-ting-ting
死釦	sí-khàu
死門關	sú-bûn-kuan
死難	sí-lān
死骨	sí-kut
死體	sí-thé
死鬼仔	sí-kuí-á
死鰗鰡袂轉變	sí-hôo-liu-bē-tsuán-piàn
死鴨仔硬喙䫌	sí-ah-á-ngē-tshuì-phué
殉教	sûn-kàu
殉職	sûn-tsit
殉難	sūn-lān
殊榮	sû-îng
殕仔光	phú-á-kng
殕姑娘	Phú-koo-niû
殕殕	phú-phú
殕色	phú-sik
殖利率	si̍t-lī-lu̍t
殖民	si̍t-bîn
殖民地	si̍t-bîn-tē
殘存	tsân-tsûn
殘害	tsân-hāi
殘廢	tsân-huè
殘心	tsân-sim
殘忍	tsân-jím
殘暴	tsân-pō
殘殘	tshân-tshân
殘殺	tsân-sat
殘渣	tsân-tse
殘留	tsân-liû
殘膽	tsân-tánn
殘酷	tsân-khok
殘障	tsân-tsiòng
殭屍	kiong-si
殮具	liām-kū
殮布	liām-pòo
殮葬	liām-tsòng
殯儀館	pin-gî-kuán
殯車	pìn-tshia
段落	tuānn-lo̍h
殷切	in-tshiat
殷勤	in-khîn
殷戶	un-hōo
殷鑑	in-kàm
殷鑑不遠	in-kàm-put-uán
殺人	sat-jîn
殺人滅口	sat-jîn-bia̍t-khió
殺人犯	sat-jîn-huān
殺人罪	sat-jîn-tsuē
殺傷力	sat-siong-li̍k
殺價	sat-kè
殺害	sat-hāi
殺心	sat-sim
殺戮	sat-lio̍k
殺手	sat-tshiú
殺掉	sat-tiāu
殺機	sat-ki
殺殺	sat-sat
殺球	sat-kiû
殺生	sat-sing
殺膽	sat-tánn
殺菌	sat-khún
殺身	sat-sin
殼仔	khok-á
殼仔灰	khak-á-hue
殼仔絃	khok-á-hiân
殼灰	khak-hue
殼菜	khak-tshài
殼菜頭	khak-tshài-thâu
殿下	tiān-hā
殿堂	tiān-tông
殿水	tìnn-tsuí
殿軍	tiān-kun
殿風	tìnn-hong
毀墜	huí-tuī
毀壞	huí-huāi
毀容	huí-iông
毀成平埔	huí-tsiânn-pênn-poo
毀掉	huí-tiāu
毀損	huí-sún
毀棄	huí-khì
毀滅	huí-bia̍t
毀謗	huí-pòng
毀譽參半	huí-ū-tsham-puàn
毀面	huí-bīn
毅力	gē-li̍k
毅然	gī-jiân
毋上教	m̄-tsiūnn-kà
毋上正	m̄-tsiūnn-tsiànn
毋上目	m̄-tsiūnn-ba̍k
毋但	m̄-nā
毋但若	m̄-tān-nā
毋使	m̄-sài
毋來	m̄-lâi
毋信聖	m̄-sìn-siànn
毋值三仙錢	m̄-ta̍t-sann-sián-tsînn
毋值人一支跤毛	m̄-ta̍t-lâng-tsi̍t-ki-kha-moo
毋免	m̄-bián
毋免講	m̄-bián-kóng
毋免驚	m̄-bián-kiann
毋准	m̄-tsún
毋受教	m̄-siū-kà
毋咬根	m̄-kā-kin
毋單	m̄-tann
毋對同	m̄-tuì-tâng
毋干焦	m̄-kan-ta
毋張持	m̄-tiunn-tî
毋情毋願	m̄-tsîng-m̄-guān
毋情願	m̄-tsîng-guān
毋愛	m̄-ài
毋成丁	m̄-tsiânn-ting
毋成三兩	m̄-tsiânn-sann-nn̄g
毋成人	m̄-tsiânn-lâng
毋成囝	m̄-tsiânn-kiánn
毋成囡仔	m̄-tsiânn-gín-á
毋成形	m̄-tsiânn-hîng
毋成才	m̄-tsiânn-tsâi
毋成款	m̄-tsiânn-khuán
毋成猴	m̄-tsiânn-kâu
毋成跤數	m̄-tsiânn-kha-siàu
毋成錢	m̄-tsiânn-tsînn
毋才著	m̄-tsiah-tio̍h
毋拄好	m̄-tú-hó
毋捌	m̄-bat
毋捌一箍呼	m̄-bat-tsi̍t-khoo-honn
毋捌一箍芋仔番薯	m̄-bat-tsi̍t-khoo-ōo-á-han-tsî
毋捌世事	m̄-bat-sè-sū
毋捌人情世事	m̄-bat-jîn-tsîng-sè-sū
毋捌代誌	m̄-bat-tāi-tsì
毋捌假捌	m̄-bat-ké-bat
毋捌半字	m̄-bat-puànn-jī
毋捌好㾀	m̄-bat-hó-khiap
毋捌好人	m̄-bat-hó-lâng
毋捌好歹人	m̄-bat-hó-pháinn-lâng
毋捌字	m̄-bat-jī
毋捌字閣欲激喉管	m̄-bat-jī-koh-beh-kik-âu-kóng
毋捌寶	m̄-bat-pó
毋捌看大隻猴放屎	m̄-bat-khuànn-tuā-tsiah-kâu-pàng-sái
毋捌看大隻船放尿	m̄-bat-khuànn-tuā-tsiah-tsûn-pàng-jiō
毋捌禮數	m̄-bat-lé-sòo
毋捌艱苦慣勢	m̄-bat-kan-khóo-kuàn-sì
毋捌芳臭	m̄-bat-phang-tshàu
毋捌落灶跤	m̄-bat-lo̍h-tsàu-kha
毋捌貨	m̄-bat-huè
毋捌進退	m̄-bat-tsìn-thè
毋捌頭天	m̄-bat-thâu-thinn
毋捌風勢	m̄-bat-hong-sè
毋插	m̄-tshap
毋插閒仔事	m̄-tshap-îng-á-sū
毋擔輸贏	m̄-tam-su-iânn
毋放煞	m̄-pàng-suah
毋敢數想	m̄-kánn-siàu-siūnn
毋敢當	m̄-kánn-tong
毋是啦	m̄-sī-lah
毋是好食个果子	m̄-sī-hó-tsia̍h-ê-kué-tsí
毋是時	m̄-sī-sî
毋是款	m̄-sī-khuán
毋是流擺	m̄-sī-lâu-pái
毋是空	m̄-sī-khang
毋是頭路	m̄-sī-thâu-lōo
毋止	m̄-tsí
毋死心	m̄-sí-sim
毋沐鼎	m̄-bak-tiánn
毋消暢	m̄-siau-thiòng
毋爾	m̄-niā
毋甘	m̄-kam
毋甘擲	m̄-kam-tàn
毋甘毋願	m̄-kam-m̄-guān
毋甘願	m̄-kam-guān
毋畏	m̄-uì
毋畏寒	m̄-uì-kuânn
毋畏煩	m̄-uì-huân
毋睏	m̄-khùn
毋知人	m̄-tsai-lâng
毋知假知	m̄-tsai-ké-tsai
毋知偌爾濟	m̄-tsai-guā-nī-tsē
毋知半項	m̄-tsai-puànn-hāng
毋知因端	m̄-tsai-in-tuann
毋知天地	m̄-tsai-thinn-tē
毋知天地幾斤重	m̄-tsai-thinn-tē-kuí-kin-tāng
毋知好䆀	m̄-tsai-hó-bái
毋知好歹	m̄-tsai-hó-pháinn
毋知死活	m̄-tsai-sí-ua̍h
毋知死豬哥抑死豬母	mt-sai-sí-ti-ko-ia̍h-sí-ti-bó
毋知民國幾年	m̄-tsai-Bîn-kok-kuí-nî
毋知熊抑虎	m̄-tsai-hîm-ia̍h-hóo
毋知芳臭	m̄-tsai-phang-tshàu
毋知見笑	m̄-tsai-kiàn-siàu
毋知講啥	m̄-tsai-kóng-siánn
毋知變竅	m̄-tsai-piàn-khiàu
毋知起倒	m̄-tsai-khí-tó
毋知輕重	m̄-tsai-khin-tāng
毋知進退	m̄-tsai-tsìn-thè
毋知頭天	m̄-tsai-thâu-thinn
毋知頭尾	m̄-tsai-thâu-bé
毋知頭重	m̄-tsai-thâu-tāng
毋秋凊	m̄-tshiu-tshìn
毋管	m̄-kuán
毋管三七二十一	m̄-kuán-sann-tshit-jī-tsa̍p-it
毋管東西廿七八	m̄-kuán-tang-sai-jia̍p-tshit-peh
毋肯	m̄-khíng
毋著	m̄-tio̍h
毋見	m̄-kìnn
毋討毋趁	m̄-thó-m̄-thàn
毋討趁	m̄-thó-thàn
毋認份	m̄-jīn-hūn
毋認老	m̄-jīn-lāu
毋認輸	m̄-jīn-su
毋講是	m̄-kóng-sī
毋講理	m̄-kóng-lí
毋通	m̄-thang
毋通問真恐怖	M̄-thang-mn̄g-tsin-khióng-pòo
毋過	m̄-koh
毋過心	m̄-kuè-sim
毋過意	m̄-kuè-ì
毋願	m̄-guān
毋願死心	m̄-guān-sí-sim
毋願輸人	m̄-guān-su-lâng
毋驚你尻川無	m̄-kiann-lí-kha-tshuinn-bô
毋驚死	m̄-kiann-sí
毋驚落下頦	m̄-kiann-làu-ē-hâi
母交藤	bó-kau-tîn
母仔	bó-á
母仔囝	bó-á-kiánn
母囝	bó-kiánn
母國	bó-kok
母女	bó-lí
母奶	bú-ling
母妗	bó-kīm
母姨	bó-î
母形	bó-hîng
母校	bó-hāu
母欉	bó-tsâng
母法	bó-huat
母湯	bú-thng
母的	bó-ê
母目	bó-ba̍k
母系	bó-hē
母絞利	bó-ká-lāi
母舅	bó-kū
母舅表	bó-kū-piáu
母花	bó-hue
母蜂	bó-phang
母親	bó-tshin
母親節	bó-tshin-tsiat
母親節快樂	bú-tshin-tseh-khuài-lo̍k
母語	bó-gí
母身	bó-sin
母身死	bó-sin-sí
母身獨身	bó-sin-to̍k-sin
母金	bó-kim
母銀	bó-gîn
母錢	bó-tsînn
母頭親	bó-thâu-tshin
母體	bó-thé
每個	mué-ê
每工	mué-kang
每年	mué-nî
每擺	muí-pái
每日	mué-ji̍t
每月	muí-gue̍h
每次	muí-tshù
每況愈下	mué-hóng-jú-hā
每隔	mué-keh
每項	muí-hāng
毒刺	to̍k-tshì
毒刺䖳	To̍k-tshì-thē
毒品	to̍k-phín
毒喙	to̍k-tshuì
毒嘴	to̍k-tshuì
毒害	to̍k-hāi
毒害人心	to̍k-hāi-jîn-sim
毒心	to̍k-sim
毒性	to̍k-sìng
毒手	to̍k-tshiú
毒打	to̍k-tánn
毒步	to̍k-pōo
毒死	thāu-sí
毒死烏仔魚	to̍k-sí-oo-á-hî
毒殺	to̍k-sat
毒氣	to̍k-khì
毒液	to̍k-i̍k
毒物	to̍k-bu̍t
毒瓦斯	to̍k-uá-su
毒瘤	to̍k-liû
毒箭	to̍k-tsìnn
毒素	to̍k-sòo
毒草	to̍k-tsháu
毒菇	to̍k-koo
毒藥	to̍k-io̍h
毒蛇	to̍k-tsuâ
毒蟲	to̍k-thâng
毒蟲藥	thāu-thâng-io̍h
毒行	to̍k-hīng
毒計	to̍k-kè
毒質	to̍k-tsit
毒酒	to̍k-tsiú
比一下輸贏	pí-tsi̍t-ê-su-iânn
比不等	pí-put-tíng
比並	pí-pīng
比伊較勥	pí-i-khah-khiàng
比伊較𠢕	pí-i-khah-gâu
比例尺	pi-lē-tshioh
比價	pí-kè
比利時	Pí-lī-sî
比劃	pí-hi̍k
比力	pí-la̍t
比努悠瑪雅呢族	Pí-lóo-iu-má-ngá-nî-tho̍k
比喻	pí-jū
比喻講	pí-jū-kóng
比在	pí-tsāi
比基尼	pí-ki-nî
比如	pí-jî
比對	pí-tuì
比懸低	pí-kuân-kē
比手	pí-tshiú
比手畫刀	pí-tshiú-uī-to
比扮	pí-pān
比拚	pí-piànn
比拳	pí-kûn
比拼	pí-pìng
比掠	pí-lia̍h
比接	pí-tsiap
比數	pí-sòo
比武	pí-bú
比比皆是	pí-pí-kai-sī
比比鳥	Pí-pí-tsiáu
比照	pí-tsiàu
比爾	Pí-ní
比率	pí-lu̍t
比目魚	pí-ba̍k-hî
比看覓	pí-khuànn-bāi
比範	pí-pān
比美	pí-bí
比肩	pí-kian
比腳比手	pí-kha-pí-tshiú
比評	pí-phîng
比論	pí-lūn
比論講	pí-lūn-kóng
比譀鏡閣較譀	pí-hàm-kiànn-koh-khah-hàm
比賽	pí-sài
比起	pí-khí
比起來	pí-khí-lâi
比較	pí-kàu
比重	pí-tāng
比鳥	pí-tsiáu
毛了了	mn̂g-liáu-liáu
毛仔草	mn̂g-á-tsháu
毛兒仔	mâu-jî-á
毛利	môo-lī
毛利率	môo-lī-lu̍t
毛厚	mn̂g-kāu
毛呼	môo-honn
毛夾仔	mn̂g-giap-á
毛實	mn̂g-tsa̍t
毛將軍	mn̂g-tsiang-kun
毛巾	môo-kin
毛帽	mn̂g-bō
毛微仔	mâu-bî-á
毛手毛腳	môo-tshiú-môo-kha
毛料	môo-liāu
毛斷	moo-tn̄g
毛柿	mn̂g-khī
毛桃	mn̂g-thô
毛殺銃	môo-sat-tshìng
毛毛仔雨	mn̂g-mn̂g-á-hōo
毛毯	mn̂g-thán
毛氍	mn̂g-kû
毛澤東	Môo-Ti̍k-tong
毛當歸	môo-tong-kui
毛病	môo-pēnn
毛皮	môo-phuê
毛竹	môo-tik
毛筆	môo-pit
毛管	mn̂g-kńg
毛管孔	moo-kńg-khang
毛管炎	môo-kóng-iām
毛管空	mn̂g-kńg-khang
毛管空攏徛起來	mn̂g-kńg-khang-lóng-khiā-khí-lâi
毛管箭	mn̂g-kńg-tsìnn
毛管蟲	mn̂g-kńg-thâng
毛絨	môo-jiông
毛絲仔	mn̂g-si-á
毛線	môo-suànn
毛織	môo-tsit
毛織品	môo-tsit-phín
毛腳	mn̂g-kha
毛腳燕	moo-kha-iàn
毛苦參	mn̂g-khóo-som
毛茄仔	Môo-kiô-á
毛茛	môo-kìn
毛草	mn̂g-tsháu
毛菇	môo-koo
毛菰	môo-koo
毛萁	môo-ki
毛蓑	môo-sui
毛蓑仔	mn̂g-sui-á
毛蓮菜	môo-liân-tshài
毛藍	môo-lâm
毛虎	mn̂g-hóo
毛蛇	mn̂g-tsuâ
毛蜞	môo-khî
毛蜞仔	môo-khî-á
毛蝟	môo-uī
毛蟲	mn̂g-thâng
毛蟹	môo-hē
毛蟹椅	môo-hē-í
毛蟹目	moo-hē-ba̍k
毛蟹草	moo-hē-tsháu
毛蠟	moo-la̍h
毛衣	môo-i
毛豆	môo-tāu
毛豬	môo-ti
毛額	môo-gia̍h
毫克	hô-khik
毫升	hô-sing
毫米	hô-bí
毫米波	hô-bí-pho
毫髮	hô-huat
毬蘭	kiû-lân
毯仔	thán-á
毽子	kiàn-tsú
毽錢	kiàn-tsînn
氈仔	tsinn-á
氈帽	tsinn-bō
民主	bîn-tsú
民主化	bîn-tsú-huà
民主進步黨	Bîn-tsú-Tsìn-pōo-Tóng
民主黨	Bîn-tsú-tóng
民事	bîn-sū
民俗	bîn-sio̍k
民兵	bîn-ping
民初	bîn-tshoo
民國	bîn-kok
民國仔仙	Bîn-kok-á-sian
民國仔獨	Bîn-kok-á-to̍k
民壯圍	Bîn-tsòng-uî
民宅	bîn-the̍h
民家	bîn-ke
民家厝	bîn-ke-tshù
民宿	bîn-sok
民心	bîn-sim
民性	bîn-sìng
民怨	bîn-uàn
民情	bîn-tsîng
民意	bîn-ì
民房	bîn-pâng
民政	bîn-tsìng
民政局	Bîn-tsìng-kio̍k
民族	bîn-tso̍k
民族主義	bîn-tso̍k-tsú-gī
民智	bîn-tì
民有	bîn-iú
民望	bîn-bōng
民權	bîn-kuân
民歌	bîn-kua
民治	bîn-tī
民法	bîn-huat
民營	bîn-îng
民生	bîn-sing
民用	bîn-iōng
民眾	bîn-tsiòng
民社黨	Bîn-siā-tóng
民粹	bîn-tshuì
民航局	Bîn-hâng-kio̍k
民航機	bîn-hâng-ki
民視	Bîn-sī
民謠	bîn-iâu
民警	bîn-kíng
民進黨	Bîn-tsìn-tóng
民選	bîn-suán
民間	bîn-kan
民防	bîn-hông
民雄	Bîn-hiông
民風	bîn-hong
民黨	Bîn-tóng
氛圍	hun-uî
氣候	khì-hāu
氣到地仔	khì-kàu-tè-á
氣力	khì-li̍k
氣功	khì-kong
氣勃勃	khì-phu̍t-phu̍t
氣勢	khì-sì
氣半死	khì-puànn-sí
氣口	khuì-kháu
氣味	khì-bī
氣咧來	khuì-teh-lâi
氣喘	khì-tshuán
氣喘入	khuì-tshuán-ji̍p
氣喘出	khuì-tshuán-tshut
氣囊	khì-lông
氣團	khì-thuân
氣墊	khì-tiām
氣壓	khì-ap
氣大大	khì-tuā-tuā
氣奪奪	khì-tua̍h-tua̍h
氣孔	khì-khóng
氣學	khì-ha̍k
氣尾	khuì-bué
氣忿	khì-hún
氣急敗壞	khì-kip-pāi-hāi
氣怪	khì-kuè
氣怫怫	khì-phut-phut
氣憤	khì-hùn
氣掇掇	khì-tshuah-tshuah
氣掣掣	khì-tshuah-tshuah
氣撲撲	khì-phut-phut
氣暢忍	khì-thiòng-lún
氣概	khì-khài
氣死	khì-sí
氣死人	khì-sí-lâng
氣氛	khì-hun
氣水	khì-tsuí
氣沖天	khuì-tshiong-thinn
氣泡	khì-phàu
氣派	khì-phài
氣流	khì-liû
氣溫	khì-un
氣炸鍋	khì-tsà-ko
氣焰	khì-iām
氣猜猜	khì-tshai-tshai
氣球	khì-kiû
氣痛忍	khì-thiòng-lún
氣窗	khì-thang
氣筒	khì-tâng
氣管	khì-kńg
氣管炎	khì-kńg-iām
氣糋鍋	khì-tsìnn-ko
氣結	khì-kiat
氣絕	khì-tsua̍t
氣絲仔	khuì-si-á
氣罩	khì-tà
氣脈	khì-me̍h
氣脫	khì-thuat
氣腸氣肚	khì-tn̂g-khì-tōo
氣色	khì-sik
氣苦	khì-khóo
氣草	khuì-tsháu
氣虛	khì-hi
氣血	khì-hiat
氣象	khì-siōng
氣象學	khì-siōng-ha̍k
氣象局	Khì-siōng-kio̍k
氣質	khì-tsit
氣路加壓機	khuì-lōo-ka-ap-ki
氣身惱命	khì-sin-lóo-miā
氣逆	khì-gi̍k
氣運	khì-ūn
氣門	khì-mn̂g
氣頭	khuì-thâu
氣體	khì-thé
氣魄	khì-phik
氧化	ióng-huà
氧化物	ióng-huà-bu̍t
氧氣	ióng-khì
氮氣	tām-khì
氯氣	li̍k-khì
水丁香	tsuí-ting-hiunn
水丁黃	tsuí-ting-hông
水丹	tsuí-tan
水乞食	tsuí-khit-tsia̍h
水乾	tsuí-ta
水亭	tsuí-tîng
水仙	tsuí-sian
水仙花	tsuí-sian-hue
水仙門	tsuí-sian-mn̂g
水份	tsuí-hūn
水位	tsuí-uī
水佮柴	tsuí-kah-tshâ
水倒	tsuí-tò
水傷	tsuí-siong
水入	tsuí-ji̍p
水冬瓜	tsuí-tang-kue
水冰片	tsuí-ping-phìnn
水凋	tsuí-ta
水刀蓮	tsuí-to-nî
水分	tsuí-hūn
水利	tsuí-lī
水利局	Tsuí-lī-kio̍k
水利會	Tsuí-lī-huē
水劍草	tsuí-kiàm-tsháu
水力	tsuí-li̍k
水務局	tsuí-bū-kio̍k
水升	tsuí-tsin
水厄	tsuí-eh
水古杉	tsuí-kóo-sam
水叮噹	tsuí-tin-tang
水司公	tsuí-sai-kong
水向	tsuí-hiànn
水呢	tsuí-nî
水呢仔布	tsuí-nî-á-pòo
水咠	tsuí-tship
水土	tsuí-thóo
水土不服	tsuí-thóo-put-ho̍k
水土袂合	tsuí-thóo-bē-ha̍h
水圳仔	tsuí-tsún-á
水坑	tsuí-khenn
水垢	tsuí-káu
水埔仔	tsuí-poo-á
水域	tsuí-hi̍k
水塔	tsuí-thah
水塘	tsuí-tông
水墨	tsuí-ba̍k
水壓	tsuí-ap
水壩	tsuí-pà
水壺	tsuí-ôo
水壽龜	Tsuí-siū-ku
水夫	tsuí-hu
水套	tsuí-thò
水害	tsuí-hāi
水寨	tsuí-tsē
水尖	tsuí-tsiam
水尖仔	tsuí-tsiam-á
水尾	tsuí-bué
水崁	tsuí-khám
水崩山	tsuí-pang-suann
水帕	tsuí-phè
水平	tsuí-pîng
水底內睏無一位燒	tsuí-té-lāi-khùn-bô-tsi̍t-uī-sio
水底泅	tsuí-té-siû
水庫	tsuí-khòo
水廠	tsuí-tshiúnn
水彩	tsuí-tshái
水彩畫	tsuí-tshái-uē
水性	tsuí-sìng
水慄	tsuí-lik
水戛仔	tsuí-khat-á
水手	tsuí-tshiú
水披	tsuí-phi
水抽	tsuí-thiu
水抽仔	tsuí-thiu-á
水拭仔	tsuí-tshit-á
水拵	tsuí-tsūn
水拵頭	tsuí-tsūn-thâu
水按圳行	tsuí-àn-tsùn-kiânn
水挾仔	tsuí-hia̍p-á
水捘仔	tsuí-tsūn-á
水捘仔頭	tsuí-tsūn-á-thâu
水捽仔	tsuí-tsu̍t-á
水揬	tsuí-tu̍h
水撰頭	tsuí-tsuān-thâu
水旋	tsuí-tsn̄g
水族	tsuí-tso̍k
水族箱	tsuí-tso̍k-siunn
水族館	tsuí-tso̍k-kuán
水星	tsuí-sing
水星倒頭行	tsuí-tshenn-tò-thâu-kiânn
水晶	tsuí-tsenn
水杓	tsuí-sia̍h
水林	Tsuí-nâ
水果	tsuí-kó
水果乾	tsuí-kó-kuann
水果猫	tsuí-kó-bâ
水果酸挽面	tsuí-kó-sng-bán-bīn
水柝仔	tsuí-khok-á
水柯	tsuí-kho
水柯仔	tsuí-kho-á
水柱	tsuí-thiāu
水柱龜	Tsuí-thiāu-ku
水柳	tsuí-liú
水柳柯	tsuí-liú-kho
水柴耙	tsuí-tshâ-pê
水柿	tsuí-khī
水桶	tsuí-tháng
水梨	tsuí-lâi
水梨仔	tsuí-lâi-á
水榭	tsuí-siā
水槽	tsuí-tsô
水櫃	tsuí-kuī
水櫃腰	tsuí-kuī-io
水歕冷才啉落去	tsuí-pûn-líng-tsiah-lim-lo̍h-khì
水歕凊才啉	tsuí-pûn-tshìn-tsiah-lim
水歕清才啉	tsuí-pûn-tshing-tsiah-lim
水母	tsuí-bó
水母鯊	tsuí-bó-sua
水氣	tsuí-khì
水水的	tsuí-tsuí-ê
水池	tsuí-tî
水池仔	tsuí-tî-á
水汪汪流	tsuí-ong-ong-lâu
水沖泚	tsuí-tshiâng-tshē
水沖窟	tsuí-tshâng-khut
水沙連	Tsuí-sua-liân
水沫	tsuí-phe̍h
水油	tsuí-iû
水泉	tsuí-tsuánn
水泉水	tsuí-tsuânn-tsuí
水泉頭	tsuí-tsuânn-thâu
水泡	tsuí-phā
水波痕	tsuí-pho-hûn
水泥	tsuí-nî
水泱	tsuí-iann
水洗	tsuí-sé
水洘	tsuí-khó
水流	tsuí-liû
水流屍	tsuí-lâu-si
水流柯	tsuí-lâu-kho
水流柴	tsuí-lâu-tshâ
水流豆	tsuí-lâu-tāu
水浸粿	tsuí-tsìm-kué
水浹仔	tsuí-hia̍p-á
水涵管	tsuí-âm-kóng
水淬	tsuí-tsut
水深	tsuí-tshim
水淹	tsuí-im
水淹死	tsuí-im-sí
水淹頷	tsuí-im-ām
水湧	tsuí-íng
水湳	tsuí-làm
水源	tsuí-guân
水源頭	tsuí-guân-thâu
水準	tsuí-tsún
水溝	tsuí-kau
水溫	tsuí-un
水溶液	tsuí-iông-i̍k
水滑	tsuí-ku̍t
水滴	tsuí-tih
水滴仔崁	tsuí-tih-á-khám
水滸傳	tsuí-hóo-tuān
水滾卵	tsuí-kún-nn̄g
水漆	tsuí-tshat
水漏	tsuí-lāu
水漲	tsuí-tiòng
水潭	tsuí-thâm
水濁	tsuí-lô
水濂洞	tsuí-liâm-tōng
水濺仔	tsuí-tsuānn-á
水瀨	tsuí-luā
水灌腸	tsuí-kuàn-tn̂g
水災	tsuí-tsai
水煙	tsuí-ian
水熏吹	tsuí-hun-tshue
水燈	tsuí-ting
水燈食	tsuí-ting-tsia̍h
水燦林	Tsuí-tshàn-nâ
水燭	tsuí-tsik
水牆	tsuí-tshiûnn
水牛	tsuí-gû
水牛城	Tsuí-gû-siânn
水牛犅	suí-gû-káng
水狗	tsuí-káu
水獺	tsuí-thuah
水珠	tsuí-tsu
水瓜	tsuí-kue
水瓢	tsuí-phiâu
水瓶	tsuí-pân
水瓶座	Tsuí-pân-tsō
水產	tsuí-sán
水田	tsuí-tshân
水田蠳	tsuí-tshân-enn
水疝	tsuí-siàn
水痕	tsuí-hûn
水痘	tsuí-tāu
水皰	tsuí-phā
水石跳	tsuí-tsio̍h-thiàu
水碓	tsuí-tuì
水碗	tsuí-uánn
水磨	tsuí-bō
水秤	tsuí-tshìn
水稻	tsuí-tiū
水積	tsuí-tsik
水穿蛇	tsuí-tshng-tsuâ
水窟	tsuí-khut
水窟仔	tsuí-khut-á
水筆	tsuí-pit
水筆仔	tsuí-pit-á
水筍	tsuí-sún
水筒	tsuí-tâng
水筧	tsuí-kíng
水管	tsuí-kńg
水管仔	tsuí-kóng-á
水管心	tsuí-kóng-sim
水箭龜	Tsuí-tsìnn-ku
水粉	tsuí-hún
水粉頭	tsuí-hún-thâu
水精靈	Tsuí-tsiann-lîng
水紅	tsuí-âng
水紅樹	tsuí-âng-tshiū
水紅色	tsuí-âng-sik
水紅花	tsuí-âng-hue
水紋墘	tsuí-bûn-kînn
水素	tsuí-sòo
水絞	tsuí-ká
水缸	tsuí-kng
水罐	tsuí-kuàn
水耕	tsuí-king
水聲	tsuí-siann
水肥	tsuí-puî
水腫	tsuí-tsíng
水膠	tsuí-ka
水色	tsuí-sik
水芋	tsuí-ōo
水芎蕉	tsuí-kin-tsio
水花	tsuí-hue
水芹	tsuí-khîn
水芹菜	tsuí-khîn-tshài
水茄	tsuí-kiô
水茄苳	tsuí-ka-tang
水草	tsuí-tsháu
水草仔	tsuí-tshó-á
水荖草	tsuí-láu-tsháu
水落	tsuí-lo̍h
水蒸氣	tsuí-tsing-khì
水蓉波	tsuí-iông-pho
水蓮	tsuí-liân
水蓮花	tsuí-liân-hue
水蔞	tsuí-lôo
水蔥仔	tsuí-tshang-á
水蔬	tsuí-sue
水蕉	tsuí-tsio
水薰吹	tsuí-hun-tshue
水薸	tsuí-phiô
水薸仔	tsuí-phiô-á
水藍青	tsuí-nâ-tshenn
水藤	tsuí-tîn
水藥	tsuí-io̍h
水蘆荻	tsuí-lôo-tik
水虱草	tsuí-sat-tsháu
水虼蚤	tsuí-ka-tsáu
水蚊仔	tsuí-báng-á
水蛆	tsuí-tshi
水蛇	tsuí-tsuâ
水蛇泅	tsuí-tsuâ-siû
水蛇腰	tsuí-tsuâ-io
水蛙	tsuí-ke
水蛤仔	tsuí-kap-á
水蛸	tsuí-sau
水蜈蚣	tsuí-giâ-kang
水蜘蛛	tsuí-ti-tu
水蜞	tsuí-khî
水蝶	tsuí-ia̍h
水螺	tsuí-lê
水蟉蚤	tsuí-ka-tsáu
水蟧蜈	tsuí-lâ-giâ
水蟻	tsuí-hiā
水蠍	tsuí-giat
水蠟樹	tsuí-la̍h-tshiū
水褲	tsuí-khòo
水解	tsuí-kái
水豆油	tsuí-tāu-iû
水象	tsuí-siōng
水貨	tsuí-huè
水賊仔	tsuí-tsha̍t-á
水質	tsuí-tsit
水路	tsuí-lōo
水車	tsuí-tshia
水車葉	tsuí-tshia-ia̍p
水轉仔	tsuí-tsuān-á
水轉跤	Tsuí-tuínn-kha
水返雞	tsuí-tńg-ke
水退	tsuí-thè
水逆	tsuí-gi̍k
水遍地錦	tsuí-piàn-tē-gím
水道	tsuí-tō
水道局	tsuí-tō-kio̍k
水道水	tsuí-tō-tsuí
水道頭	tsuí-tō-thâu
水避仔	tsuí-pī-á
水鄉	tsuí-hiong
水酷仔	tsuí-khok-á
水酸化物	tsuí-sng-huà-bu̍t
水醪	tsuí-lô
水里	Tsuí-lí
水量	tsuí-liāng
水金京	tsuí-kim-kiann
水金定	tsuí-kim-tiānn
水針	tsuí-tsiam
水鈷	tsuí-kóo
水鉸剪	tsuí-ka-tsián
水銀	tsuí-gîn
水銃	tsuí-tshìng
水錦	tsuí-gím
水錶	tsuí-pió
水鏡	tsuí-kiànn
水門	tsuí-mn̂g
水閹雞	tsuí-iam-ke
水陸	tsuí-lio̍k
水雙叉	tsuí-siang-tshe
水雞	tsuí-ke
水雞師	Tsuí-ke-sai
水雞泅	suí-ke-siû
水雞爪	tsuí-ke-jiáu
水雞皮仔	tsuí-ke-phuê-á
水雞花	Tsuí-ke-hue
水雞草	suí-ke-tsháu
水雞鞋	tsuí-kue-uê
水雞飯	suí-ke-pn̄g
水電	tsuí-tiān
水霧	tsuí-bū
水面	tsuí-bīn
水面保險	tsuí-bīn-pó-hiám
水面頂	tsuí-bīn-tíng
水靴	tsuí-hia
水靴筒	tsuí-hia-tâng
水頭	tsuí-thâu
水飯	tsuí-pn̄g
水餃	tsuí-kiáu
水馬	tsuí-bé
水駱駝	tsuí-lo̍k-tô
水鬚	tsuí-tshiu
水鬼	tsuí-kuí
水鬼仔	tsuí-kuí-á
水鬼仔衫	tsuí-kuí-á-sann
水魂仔	tsuí-hûn-á
水鱟	tsuí-hāu
水鳥	tsuí-tsiáu
水鴨	tsuí-ah
水鴨車	tsuí-ah-tshia
水鵁鴒	tsuí-ka-līng
水鶇仔	tsuí-tang-á
水鷚	tsuí-liù
水鹿	tsuí-lo̍k
水麵龜	Tsuí-mī-ku
水鼠	tsuí-tshí
水龍	tsuí-lîng
水龍車	tsuí-lîng-tshia
水龜	tsuí-ku
永世	íng-sè
永久	íng-kiú
永久性	íng-kiú-sìng
永享	íng-hióng
永公仔	íng-kong-á
永別	íng-pia̍t
永吉	íng-kiat
永和	Íng-hô
永和市	Íng-hô-tshī
永嘉	íng-ka
永垂不朽	íng-suî-put-hiú
永存	íng-tsûn
永安	Íng-an
永定	Íng-tīng
永恆	íng-hîng
永擺	íng-pái
永昌	íng-tshiong
永春	Íng-tshun
永會	íng-ē
永樂	íng-lo̍k
永泰	Íng-thài
永無寧日	íng-bû-lîng-ji̍t
永生	íng-sing
永訣	íng-kuat
永過	íng-kuè
永遠	íng-uán
氾水	huàn-tsuí
氾濫	huàn-lām
氾濫成災	huàn-lām-sîng-tsai
汁流汁滴	tsiap-lâu-tsiap-tih
求乞	kiû-khit
求償	kiû-siông
求全	kiû-tsuân
求刑	kîu-hîng
求助	kiû-tsōo
求化	kiû-huà
求取	kiû-tshú
求和	kiû-hô
求婚	kiû-hun
求學	kiû-ha̍k
求得	kiû-tit
求情	kiû-tsîng
求愛	kiû-ài
求才	kiû-tsâi
求揣	kiû-tshuē
求援	kiû-uān
求救	kiû-kiù
求教	kiû-kàu
求新	kiû-sin
求望	kiû-bāng
求生	kiû-sing
求知	kiû-ti
求神	kiû-sîn
求神問佛	kiû-sîn-mn̄g-pu̍t
求職	kiû-tsit
求見	kiû-kiàn
求解	kiû-kái
求診	kiû-tsín
求諒情	sàng-lîn-tsîng
求證	kiû-tsìng
求變	kiû-piàn
求贊	kiû-tsān
求醫	kiû-i
求雨	kiû-hōo
汎流	hàng-lâu
汏手藝	thuā-tshiú-gē
汏歹	thuā-pháinn
汏碗	thuā-uánn
汏衫	thuā-sann
汐止	Si̍k-tsí
汐科	Si̍k-kho
汕頭	Suànn-thâu
汗巾	hān-kin
汗巾仔	kuānn-kin-á
汗水	kuānn-tsuí
汗流屑滴	kuānn-lâu-sap-tih
汗流汁滴	kuānn-lâu-tsap-tih
汗流浹背	hān-lîu-kiap-puē
汗液	kuānn-sio̍h
汗溼	kuānn-sip
汗滴	kuānn-tih
汗珠	kuānn-tsu
汗瘍	kuānn-siûnn
汗花	kuānn-hue
汗酸	kuānn-sng
汗顏	hān-gân
汙染	u-jiám
汙水	u-tsuí
汙蔑	u-bia̍t
江仔魚	kang-á-hî
江北	Kang-pak
江口	kang-kháu
江子仁	kang-tsú-jîn
江山	kang-san
江干	Kang-kan
江某	kang-bóo
江某松	kang-bóo-tsîng
江水	kang-tsuí
江永昌	Kang-Íng-tshiong
江湖	kang-ôo
江澤民	Kang-Ti̍k-bîn
江珧珠	kang-iâu-tsu
江米酒	kang-bí-tsiú
江芷萱	Kang-tsí-suan
江蓋世	Kang-Kài-sè
江蘇	Kang-soo
江蘇省	Kang-soo-síng
江蘺	kang-lî
江蟯珠	kang-jiâu-tsu
江西	Kang-se
江西省	kang-se-síng
江輪	kang-lûn
江頭	kang-thâu
江鵬堅	Kang-Pêng-kian
池上	Tî-siāng
池亭水閣	tî-tîng-tsuí-koh
池仔	tî-á
池塘肥	tî-piàn-puî
池水	tî-tsuí
池鵝	tî-gô
污染	ù-jiám
污水	ù-tsuí
污漬	ì-tsì
污穢	ù-uè
污辱	ù-jio̍k
污醪汁凍	oo-lô-tsiap-tàng
污點	ù-tiám
汪汪流	uang-uang-lâu
汪洋	ong-iông
汫水	tsiánn-tsuí
汫水龜	tsiánn-tsuí-ku
汫汫代	tsiánn-tsiánn-tāi
汫潘潘	tsiánn-phun-phun
汫甜	tsiánn-tinn
汫皮浡	tsiánn-phî-phū
汫色	tsiánn-sik
汫菜	tsiánn-tshài
汰去	thài-khì
汰嘴	thuā-tshuì
汰歹	thuā-pháinn
汰的	thuā-ê
汰看	thài-khuànn
汰衫	thuā-sann
汰討	thài-thó
汰討敢	thài-thó-kánn
汰討是	thài-thó-sī
汰討有	thài-thó-ū
汰講	thài-kóng
汱眠	khín-bîn
汱綠	khín-li̍k
汱色	khín-sik
汲水	khip-tsuí
決勝負	kuat-sìng-hū
決定	kuat-tīng
決心	kuat-sim
決志	kuat-tsì
決意	kuat-ì
決戰	kuat-tsiàn
決斷	kuat-tuàn
決明	kuat-bîng
決策	kuat-tshik
決算	kuat-suàn
決絕	kuat-tsua̍t
決裂	kuat-lia̍t
決議	kuat-gī
決議案	kuat-gī-àn
決賽	kuat-sài
決選	kuat-suán
決鬥	kuat-tàu
汽水	khì-tsuí
汽油	khì-iû
汽油彈	khì-iû-tân
汽球	khì-kiû
汽缸	khì-kng
汽船	khì-tsûn
汽艇	khì-thíng
汽車	khì-tshia
沃喉	ak-âu
沃水	ak-tsuí
沃田	ak-tshân
沃粉蛾	Ak-hún-ia̍h
沃肥	ak-puî
沃花器	ak-hue-khì
沃雨	ak-hōo
沈在	tîm-tsāi
沈底	tîm-té
沈底的	tîm-té-ê
沈思	tîm-su
沈憂	tîm-iu
沈文程	Sím-bûn-tîng
沈水	tîm-tsuí
沈浸	tîm-tsìm
沈淪	tîm-lûn
沈眠	tîm-bîn
沈睡	tîm-suī
沈船	tîm-tsûn
沈落	tîm-lak
沈落去	tîm-lo̍h-khì
沈葆楨	Sím-Pó-tsing
沈醉	tîm-tsuì
沈重	tîm-tāng
沈靜	tîm-tsīng
沈香	tîm-hiunn
沈鬱	tîm-ut
沉仔酒	tîm-á-tsiú
沉吟	tîm-gîm
沉底	tiâm-té
沉死	thiām-sí
沉水	tiâm-tsuí
沉水沬	tîm-tsuí-bī
沉水艦	tîm-tsúi-lām
沉沕	tiàm-bī
沉沕船	tiàm-bī-tsûn
沉沬	tiâm-bī
沉淪	tîm-lûn
沉球	tîm-kiû
沉積岩	tîm-tsik-giâm
沉紅	tîm-âng
沉船	tiâm-tsûn
沉落	tîm-lo̍h
沉著	tîm-tio̍k
沉迷	tîm-bê
沉酒	tîm-tsiú
沉醉	tîm-tsuì
沉重	tiâm-tāng
沉香	tîm-hiunn
沐浴	bo̍k-io̍k
沒官	bu̍t-kuan
沒尾	bua̍t-bué
沒收	bu̍t-siu
沒落	bi̍t-lo̍h
沒藥	bu̍t-io̍h
沒趁	bua̍t-thàn
沓沓	ta̍uh-ta̍uh
沓沓仔	ta̍uh-ta̍uh-á
沓沓仔來	ta̍uh-ta̍uh-á-lâi
沓沓仔是	ta̍uh-ta̍uh-á-sī
沓沓仔行	ta̍uh-ta̍uh-á-kiânn
沓沓來	ta̍uh-ta̍uh-lâi
沓沓滴	ta̍p-ta̍p-tih
沓沓講	ta̍uh-ta̍uh-kóng
沓滓	tap-tái
沓滴	ta̍p-tih
沖割	tshiong-kuah
沖印	tshiong-ìn
沖天	tshiong-thian
沖天炮	tshiong-thian-phàu
沖恨	tshiong-hīn
沖水	tshiâng-tsuí
沖沖滾	tshiâng-tshiâng-kún
沖洗	tshiong-sé
沖淡	tshiong-tām
沖犯	tshiong-huān
沖磅	tshiong-pōng
沖繩	Tshiong-sîng
沖肩	tshìng-king
沖著	tshiâng-tio̍h
沖蝕	tshiong-si̍t
沖走	tshiong-tsáu
沖銷	tshiong-siau
沙仔	sua-á
沙仔地	sua-á-tē
沙刀魚	sua-to-hî
沙包	sua-pau
沙厘	sa-lî
沙厘鍋	sa-lî-e
沙參	sua-som
沙嗲	sa-teh
沙土	sua-thôo
沙坡	sua-pho
沙坩	sua-khann
沙坪	suann-phiânn
沙埔	sua-poo
沙堆	sua-tui
沙屑	sua-sap
沙崙	sua-lūn
沙彌	sa-bi
沙微	sa-bui
沙微沙微	sa-bui-sa-bui
沙拉	sa-la
沙拉油	sa-lá-iû
沙文主義	Sa-bûn-tsú-gī
沙朴	sua-phoh
沙果	sa-kó
沙條	sua-tiâu
沙梭	sua-so
沙母	sua-bó
沙母粒	sua-bó-lia̍p
沙毛	sua-mn̂g
沙汕	sua-suànn
沙沙	sua-sua
沙漏	sua-lāu
沙漠	sa-bo̍k
沙瀨	sua-luā
沙灘	sua-than
沙烏地阿拉伯	Sua-oo-tē-a-lá-peh
沙田	sua-tshân
沙疥	sua-kài
沙盤	sua-puânn
沙目	sua-ba̍k
沙眼	sua-gán
沙石	sua-tsio̍h
沙粉	sua-hún
沙糖	sua-thn̂g
沙紙	sua-tsuá
沙線	sua-suànn
沙縣	Sua-kuān
沙羅樹	sua-lô-tshiū
沙肺	sua-hì
沙腸	sua-tshiâng
沙腸仔	sua-tn̂g-á
沙茶	sa-te
沙蛤	sua-kap
沙蜊	sua-lâ
沙蝦	sua-hê
沙蟟	sua-lâ
沙蠶	sua-tshîng
沙袋	sua-tē
沙轆	Sua-lak
沙鈴	sua-lîng
沙銚	sua-thio
沙鍋	sa-ko
沙鍋魚頭	sa-ko-hî-thâu
沙鑽仔	sua-tsǹg-á
沙門	sua-mn̂g
沙頭角	Sua-thâu-kak
沙魚	sua-hî
沙鰍	sua-liu
沙鱸	sua-lôo
沙鷺	sua-lōo
沙鹿	Sua-la̍k
沙龍	sua-lông
沙龍巴斯	sa-long-pa-suh
沬水	bī-tsuí
沬落去	bī-lo̍h-khì
沬鴨	bī-ah
河上洲	Hô-siōng-tsiu
河內	Hô-lāi
河北	Hô-pak
河北省	Hô-pak-síng
河南	Hô-lâm
河南省	Hô-lâm-síng
河堤	hô-thê
河山	hô-san
河岸	hô-huānn
河川	hô-tshuan
河床	hô-tshn̂g
河底	hô-té
河東	hô-tang
河洛話	Hô-ló-uē
河流	hô-liû
河溪	hô-khe
河漢	hô-hàn
河濱	hô-pin
河畔	hô-puān
河童	hô-tông
河老話	Hô-ló-uē
河谷	hô-kok
河豬	hô-ti
河道	hô-tō
河邊	hô-pinn
河面	hô-bīn
河馬	hô-bé
河鮘	hô-tāi
沸點	hut-tiám
油串	iû-tshńg
油井	iû-tsénn
油價	iû-kè
油印	iû-ìn
油垢	iû-káu
油墨	iû-ba̍k
油壓	iû-ap
油尖旺	iû-tsiam-ōng
油布	iû-pòo
油帶	iû-tuà
油庫	iû-khòo
油廠	iû-tshiúnn
油抽仔	iû-thiu-á
油料	iû-liāu
油旗魚	iû-kî-hî
油木	iû-bo̍k
油杉	iû-sam
油松	iû-tshîng
油枯餅	iû-khoo-piánn
油柑孫	iû-kam-sun
油柿	iû-khī
油桂	iû-kuì
油桐	iû-tâng
油桐樹	iû-tông-tshiū
油桶	iû-tháng
油條	iû-tiâu
油梨仔	iû-lâi-á
油機仔	iû-ki-á
油櫃	iû-kuī
油水	iû-tsuí
油沓沓	iû-ta̍p-ta̍p
油油	iû-iû
油洗洗	iû-sé-sé
油滓	iû-tái
油滓味	iû-tái-bī
油漆	iû-tshat
油漆工	iû-tshat-kang
油漆師	iû-tshat-sai
油潤	iû-lūn
油濁	iû-ta̍k
油濁濁	iû-tak-tak
油炙粿	iû-tsia̍h-kué
油炸粿	iû-tsiā-ke
油煙	iû-ian
油燈	iû-ting
油獺	iû-thuah
油田	iû-tshân
油畫	iû-uē
油礦	iû-khòng
油箍	iû-khoo
油管	iû-kóng
油箱	iû-siunn
油粅粅	iû-but-but
油紙	iû-tsuá
油罐車	iû-kuàn-tshia
油肉	iû-bah
油肭肭	iû-lut-lut
油胰	iû-î
油脂	iû-tsi
油膏	iû-ko
油臊	iû-tsho
油臘樹	iû-la̍h-tshiū
油舉仔	iû-kia̍h-á
油船	iû-tsûn
油花仔	iû-hue-á
油茶	iû-tê
油菜	iû-tshài
油菜花	iû-tshài-hue
油葉楠	iû-hio̍h-lâm
油葉茶	iû-hio̍h-tê
油蔥	iû-tshang
油蔥粿	iû-tshang-ke
油蘭花	iû-lân-hue
油蜢	iû-mé
油跡	iû-liah
油車	iû-tshia
油車粿	iû-tshia-kué
油輪	iû-lûn
油邋邋	iû-lap-lap
油金	iû-kim
油金仔油金	iû-kim-á-iû-kim
油門	iû-mn̂g
油食粿	iû-tsia̍h-ke
油飯	iû-pn̄g
油骨	iû-kut
油魚	iû-hî
油麵	iû-mī
油麻	iû-muâ
油麻地	iû-muâ-tē
油點草	iû-tiám-tsháu
油鼎	iû-tiánn
治下	tī-hā
治世	tī-sè
治亂	tī-luān
治事	tī-sū
治喪	tī-song
治國	tī-kok
治好	tī-hó
治好勢	tī-hó-sè
治學	tī-ha̍k
治安	tī-an
治家	tī-ka
治本	tī-pún
治標	tī-phiau
治權	tī-kuân
治死	tī-sí
治民	tī-bîn
治水	tī-tsuí
治理	tī-lí
治病	tī-pēnn
治療	tī-liâu
治療費	tī-liâu-huì
治罪	tī-tsuē
治蟲	tī-thâng
沼氣	tsiau-khì
沽情	koo-tsiânn
沾水	tam-tsuí
沿岸	iân-huānn
沿海	iân-hái
沿線	iân-suànn
沿街	iân-ke
沿襲	iân-si̍p
沿路	iân-lōo
沿途	iân-tôo
沿階草	iân-kai-tsháu
沿革	iân-kik
況且	hòng-tshiánn
況兼	hóng-kiam
泄密	siat-bi̍t
泄尿	tshuā-jiō
泄尿个換滲屎个	tshuā-jiō-ê-uānn-siàm-sái-ê
泄瀉	siat-sià
泄精	siap-tsing
泅來泅去	siû-lâi-siû-khì
泅水	siû-tsuí
泅水箍仔	siû-tsuí-khoo-á
泅浴仔	siû-i̍k-á
泅雨	siû-hōo
泉仔	tsuânn-á
泉州	tsuân-tsiu
泉水	tsuânn-tsuí
泉港	Tsûan-káng
泉目	tsuânn-ba̍k
泉空	tsuânn-khang
泉空透水窟	tsuânn-khang-thàu-tsuí-khut
泉頭	tsuânn-thâu
泌尿	pì-jiō
泌尿器	pì-jiō-khì
泌尿科	pì-jiō-kho
泍流	pūn-lâu
泏出來	tsuah-tshut-lâi
泏振動	tsuah-tín-tāng
泏沫	tsuat-phue̍h
泔捙仔	ám-tshia-á
法人	huat-jîn
法令	huat-līng
法例	huat-lē
法典	huat-tián
法制	huat-tsè
法則	huat-tsik
法力	huat-li̍k
法務	huat-bū
法務部	Huat-bū-pōo
法商	huat-siong
法國	Huat-kok
法國人	Huat-kok-lâng
法國俗麭	Huat-kok-sio̍k-pháng
法國卵餅	Huat-kok-nn̄g-piánn
法國文	huat-kok-bûn
法國糋	Huat-kok-tsìnn
法國號	huat-kok-hō
法國話	huat-kok-uē
法國麭	huat-kok-pháng
法國麵包	huat-kok-mī-pau
法學	huat-ha̍k
法學院	huat-ha̍k-īnn
法官	huat-kuann
法定	huat-tīng
法寶	huat-pó
法帖	huat-thiap
法師	huat-su
法幣	huat-pè
法度	huat-tōo
法庭	huat-tîng
法律	huat-lu̍t
法律系	huat-lu̍t-hē
法律縫	huat-lu̍t-phāng
法政	huat-tsìng
法文	huat-bûn
法會	huat-huē
法朗	huat-lóng
法案	huat-àn
法條	huat-tiâu
法治	huat-tī
法理	huat-lí
法界	huat-kài
法盲	huat-bông
法眼	huat-gán
法紀	huat-kí
法統	huat-thóng
法網	huat-bāng
法老	huat-ló
法蘭克福	Huat-lân-khik-hok
法蘭西	Huat-lân-se
法螺	huat-lê
法術	huat-su̍t
法西斯	Huat-se-su
法規	huat-kui
法警	huat-kíng
法賣	huat-bē
法辦	huat-pān
法郎	huat-lông
法醫	huat-i
法院	huat-īnn
泚中營	tshū-tiong-iânn
泛大	hàm-tuā
泛大鏡	hàm-tuā-kiànn
泛奶	hàng-ling
泛泛	hàm-hàm
泛浡	hàm-phu̍h
泛皮	hàng-phuê
泛綠	huàn-li̍k
泛腫	hàm-tsíng
泛腳胴	hàm-kha-tâng
泛鏡	hàm-kiànn
泛音	huàn-im
泡咖啡	phàu-ka-pi
泡天	phàu-thian
泡水	phàu-tsuí
泡湯	phàu-thng
泡瀾	pū-nuā
泡茶	phàu-tê
泡菜	phàu-tshài
泡蒸	phū-tshìng
波動	pho-tōng
波及	pho-ki̍p
波士尼	Pho-sū-nî
波士尼亞	Pho-sū-nî-a
波士頓	Pho-sū-tùn
波幅	pho-hok
波折	pho-tsiat
波斯	Pho-su
波斯灣	Pho-su-uân
波斯菊	pho-su-kiok
波波	Pho-pho
波浪	pho-lōng
波濤	pho-tô
波瀾	pho-lân
波科魍	Pho-khe-bóng
波紋	pho-bûn
波羅樹	pho-lô-tshiū
波羅的海	Pho-lô-tik-hái
波羅蜜	pho-lô-bi̍t
波腹	pho-pak
波蘭	Pho-lân
波邊空	po-pinn-khang
波長	pho-tn̂g
波霸奶茶	phō-pà-ling-tê
泥水工	nî-tsuí-kang
泥沼	nî-tsiau
注入	tsù-ji̍p
注出來	tsuh-tshut-lâi
注卵	tsuh-nn̄g
注大筒	tsù-tuā-tâng
注定	tsù-tiānn
注射	tsù-siā
注射筒	tsù-siā-tâng
注心	tsù-sim
注意	tsù-ì
注意力	tsù-ì-li̍k
注意著	tsù-ì-tio̍h
注文	tsù-bûn
注死	tsù-sí
注氣	tū-khuì
注水	tū-tsuí
注水死	tū-tsuí-sí
注注想	tù-tù-siūnn
注營養射	tsù-îng-ióng-siā
注目	tsù-ba̍k
注神	tsù-sîn
注絕	tsù-tse̍h
注腳	tsù-kha
注血	tsù-hueh
注視	tsù-sī
注重	tsù-tiōng
注音	tsù-im
注音符號	tsù-im-hû-hō
注預防射	tsù-ī-hông-siā
注預防針	tsù-ū-hông-tsiam
泰國	Thài-kok
泰國拳	Thài-kok-kûn
泰國月娘蝦餅	Thài-kok-gue̍h-niû-hê-piánn
泰國蝦	Thài-kok-hê
泰安	thài-an
泰寧	Thài-lîng
泰山	thài-san
泰拳	Thài-kûn
泰武	Thài-Bú
泰水	thài-suí
泰雅	Thài-ngá
泰順	Thài-sūn
泳池	íng-tî
泳裝	íng-tsong
泳褲	íng-khòo
泵浦	phòng-phuh
洋仔灣	Iûnn-á-uan
洋割包	iûnn-kuah-pau
洋參	iûnn-som
洋尪仔	iûnn-ang-á
洋房	iûnn-pâng
洋服	iûnn-ho̍k
洋樓	iûnn-lâu
洋洋得意	iông-iông-tik-ì
洋流	iông-liû
洋絃琴	iûnn-hiân-khîm
洋肉桂	iûnn-jio̍k-kuì
洋芳瓜	iûnn-phang-kue
洋菇	iûnn-koo
洋菸	iûnn-ian
洋蔥	iûnn-tshang
洋蔥水雞	Iûnn-tshang-tsuí-ke
洋行	iûnn-hâng
洋裝	iûnn-tsong
洋貨	iûnn-huè
洋路灣	Iûnn-lōo-uan
洋酒	iûnn-tsiú
洋面保險	iûnn-bīn-pó-hiám
洋𥰔仔	iûnn-phín-á
洒流	sá-liù
洗三朝	sé-sam-tiau
洗佛	sé-hu̍t
洗劫	sé-kiap
洗口	sé-kháu
洗嘴	sé-tshuì
洗字	sé-jī
洗手	sé-tshiú
洗手台仔	sé-tshiú-tâi-á
洗手熊	sé-tshiú-hîm
洗手膏	sé-tshiú-ko
洗手面	sé-tshiú-bīn
洗汏	sé-thuā
洗汰	sé-thuā
洗沙金	sé-sua-kim
洗浴	sé-i̍k
洗浴乳	sé-ik-ling
洗浴槽	sé-i̍k-tsô
洗浴池	sé-i̍k-tî
洗浴盆	sé-i̍k-phûn
洗浴精	sé-ı̍k-tsing
洗浴間	sé-i̍k-king
洗淨	sé-tsīng
洗清	sé-tshing
洗清氣	sé-tshing-khì
洗潔精	sué/sé-kiat-tsing
洗澈	sé-theh
洗熊	Sé-hîm
洗版	sé-pán
洗牌	sé-pâi
洗甲遛皮	sé-kah-liù-phuê
洗白	sé-pe̍h
洗盪	sé-tn̄g
洗石仔	sé-tsio̍h-á
洗碗	sé-uánn
洗禮	sé-lé
洗腦	sé-náu
洗腰子	sé-io-tsí
洗腳	sé-kha
洗蕩	sé-tn̄g
洗薁蕘	sé-ò-giô
洗藥仔	sé-io̍h-á
洗衣機	sé-i-ki
洗衫	sé-sann
洗衫仔枋	sé-sann-á-pang
洗衫店	sé-sann-tiàm
洗衫枋	sé-sann-pang
洗衫枋仔	sé-sann-pang-á
洗衫槌	sé-sann-thuî
洗衫機	sé-sann-ki
洗衫精	sé-sann-tsing
洗身	sé-sin
洗身池	sé-sin-tî
洗身液	sué-sin-i̍k
洗身軀	sé-sing-khu
洗身軀精	sé-sin-khu-tsing
洗身間	sé-sin-king
洗身離	sé-sin-lī
洗金	sé-kim
洗鋸仔	sé-kì-á
洗錢	sé-tsînn
洗門風	sé-mn̂g-hong
洗面	sé-bīn
洗面的	Sé-bīn-ê
洗面礙著鼻	sé-bīn-gāi-tio̍h-phīnn
洗面膏	sé-bīn-ko
洗頭	sé-thâu
洗頭毛精	sé-thau-mn̄g-tsing
洗頭水	sé-thâu-tsuí
洗骨	sé-kut
洗髮精	sé-huat-tsing
洘凋	khó-ta
洘卒卒	khó-tsut-tsut
洘塭仔	khó-un-á
洘旱	khóo-uānn
洘汔汔	khó-ki̍t-ki̍t
洘流	khó-lâu
洘湯	khó-thng
洘瀆瀆	khó-ta̍uh-ta̍uh
洘燥地	khò-sò-tē
洘秫秫	khó-tsu̍t-tsu̍t
洘篤篤	khó-tak-tak
洘糜	khó-mê
洘荒	khó-hng
洘蒸蒸	khó-tshìng-tshìng
洘頭糜	khó-thâu-muâi
洘餃	khó-kà
洘魚	khó-hî
洛杉磯	Lo̍k-sam-ki
洛江	Lo̍k-kang
洛磯山脈	Lo̍k-ki-suann-me̍h
洛神花	lo̍k-sîn-hue
洛陽花	lo̍k-iông-hue
洛陽錦	lo̍k-iông-kím
洞察	tōng-tshat
洞房	tōng-pông
洞穴	tōng-hia̍t
洞空	tōng-khang
洞簫	tōng-siau
洞頭	Tōng-thâu
津津有味	tin-tin-iú-bī
津落來	tin-lo̍h-lâi
津貼	tin-thiap
洩恨	siat-hīn
洩水	sià-tsuí
洩水溝	sià-tsuí-kau
洩洪	sia̍p-hông
洩漏	sia̍p-lāu
洪慈庸	Âng-tsû-iông
洪水	hông-tsuí
洪流	hông-liû
洪牙利	Hông-gâ-lī
洪福	hông-hok
洪秀柱	Âng-Siù-thiāu
洲際	tsiu-tsè
活下去	ua̍h-lo̍h-khì
活人	ua̍h-lâng
活仔窟	hua̍t-á-khut
活佛	ua̍h-hu̍t
活利	ua̍h-lāi
活到	ua̍h-kàu
活力	ua̍h-li̍k
活動	ua̍h-tāng
活動力	ua̍h-tōng-li̍k
活命	ua̍h-miā
活咧	ua̍h-leh
活埋	ua̍h-tâi
活字	ua̍h-jī
活存	ua̍h-tsûn
活屏	ua̍h-pîn
活影	ua̍h-íng
活性	ua̍h-sìng
活性碳	ua̍h-sìng-thuànn
活扣	ua̍h-khàu
活扳仔	ua̍h-pán-á
活掠	ua̍h-lia̍h
活撲撲	ua̍h-phut-phut
活景	ua̍h-kíng
活會	ua̍h-huē
活期	ua̍h-kî
活栓	ua̍h-sng
活根	ua̍h-kin
活栽	hua̍t-tsai
活樂	hua̍t-lo̍k
活欲	ua̍h-beh
活歹命	ua̍h-pháinn-miā
活氣	ua̍h-khì
活水	ua̍h-tsuí
活泉	ua̍h-tsuánn
活活	ua̍h-ua̍h
活溜溜	ua̍h-liu-liu
活潑	hua̍t-phuat
活火山	ua̍h-hué-suann
活版印刷	ua̍h-pán-ìn-suat
活猛質	ua̍h-bíng-tsit
活眼	ua̍h-gán
活結	ua̍h-kat
活腳	oa̍h-kioh
活蝦	ua̍h-hê
活路	ua̍h-lōo
活跳	ua̍h-thiàu
活跳跳	ua̍h-thiàu-thiàu
活踜踜	ua̍h-lìng-lìng
活釦	ua̍h-khàu
活門	ua̍h-mn̂g
活顯	ua̍h-hiánn
活餌桶仔	ua̍h-jī-tháng-á
活骨	ua̍h-kut
活體	ua̍h-thé
活鬼	ua̍h-kuí
活鬼仔	ua̍h-kuí-á
活龍龍	ua̍h-lîng-lîng
洽詢	ha̍p-sûn
洽談	hia̍p-tâm
洽購	ha̍p-kòo
洽辦	ha̍p-pān
洽食	ka̍p-tsia̍h
派上用場	phài-siāng-iōng-tiûnn
派代表	phài-tāi-piáu
派兵	phài-ping
派出	phài-tshut
派員	phài-uân
派大星	Phài-tuā-tshenn
派對	phài-tuì
派撥	phài-puah
派生性金融商品	phài-sing-sìng-kim-iông-siong-phín
派胚	phài-phe
派藥	phài-io̍h
派軍	phài-kun
派遣	phài-khián
派頭	phài-thâu
洿垃圾	kō-lah-sap
洿落去	kô-lo̍h-khì
洿著	kō-tio̍h
流下	lâu-hā
流了流	liû-liáu-liû
流亡	liû-bông
流亡政府	liû-bông-tsìng-hú
流仔胚	liù-á-phue
流傳	liû-thuân
流入	lâu-ji̍p
流凊汗	lâu-tshìng-kuānn
流出	lâu-tshut
流利	liû-lī
流到	lâu-kàu
流動	liû-tōng
流向	lâu-hiòng
流嘌	liù-phiù
流嘌囝	liù-phiù-kiánn
流嘴瀾	lâu-tshuì-nuā
流域	liû-hi̍k
流塗跤	liû-thôo-kha
流失	liû-sit
流奚奚	lâu-he-he
流子	liù-tsú
流子囝	liù-tsú-kiánn
流孑	liù-khiat
流年	liû-liân
流年不利	liû-nî-put-lī
流弊	lâu-pè
流彈	liû-tuânn
流形	liû-hîng
流掉	lâu-tiāu
流擺	lâu-pái
流於	lâu-î
流於形式	liû-û-hîng-sik
流星	liû-tshenn
流星群	liû‑tshenn-kûn/liû‑tshinn-kûn
流星鐳	liû-sing-luî
流會	liû-huē
流死瘍	lâu-sí-tsiông
流民	liû-bîn
流氓氣	liû-bâng-khuì
流氓胚	liû-bâng-phe
流水	lâu-tsuí
流水席	lâu-tsuí-si̍k
流水數	liû-suí-siàu
流水率	liû-suí-lu̍t
流水管	lâu-tsuí-kóng
流汗	lâu-kuānn
流汗流洘	lâu-kuānn-lâu-khó
流汗花	lâu-kuānn-hue
流汗𣻸	lâu-kuānn-siûnn
流沙	liû-sua
流泅	liû-siû
流泍	lâu-pūn
流派	liû-phài
流浪	liû-lōng
流浪漢	lâu-lōng-hàn
流淚	liû-luī
流湯	lâu-thng
流滇	lâu-tīnn
流漩	liû-suan
流瀾	lâu-nuā
流無停	lâu-bô-thîng
流產	liû-sán
流產假	liû-sán-ká
流瘍	lâu-tsiông
流瘍跡	lâu-siông-liah
流目屎	lâu-ba̍k-sái
流籠	liû-lông
流精	liù-tsinn
流糬	lâu-tsî
流絞	lâu-ká
流腸肚	liû-tn̂g-tōo
流膿	lâu-lâng
流芳	liû-hong
流落	liû-lo̍k
流血	lâu-hueh
流血桐	lâu-hueh-tông
流血流滴	lâu-hueh-lâu-tih
流行	liû-hîng
流行歌	liû-hîng-kua
流言	liû-giân
流譎	liù-khiat
流轉	liû-tsuán
流通	liû-thong
流逝	liû-sē
流速	liû-sok
流連	liû-liân
流過	lâu-kuè
流量	liû-liāng
流露	liû-lōo
流露出	lâu-lōo-tshut
流頭	lâu-thâu
流飽	lâu-pá
流體	liû-thé
流體力學	liû-thé-li̍k-ha̍k
流鼻	lâu-phīnn
流鼻水	lâu-phīnn-tsuí
流鼻血	lâu-phīnn-hueh
浙南	Tsiat-lâm
浙江	Tsiat-kang
浙江省	Tsiat-kang-síng
浞喉	tsa̍k-âu
浞著	tsa̍k-tio̍h
浡丁	phu̍h-ting
浡浡飛	phū-phū-pue
浣熊	uān-hîm
浦城	Phóo-siânn
浦江	Phóo-kang
浩劫	hō-kiap
浩大	hò-tuā
浪六嗹	lōng-liú-lian
浪嗹六	lōng-lian-liú
浪子	lōng-tsú
浪板	lōng-pán
浪橋	lōng-kiô
浪毒	lōng-to̍k
浪流連	lōng-liû-liân
浪港	làng-káng
浪溜嗹	lōng-liu-lian
浪漫	lōng-bān
浪潮	lōng-tiâu
浪花	lōng-hue
浪蕩	lòng-tōng
浪蕩囝	lōng-tōng-kiánn
浪蕩子	lōng-tōng-tsú
浪蕩漢	lōng-tōng-hàn
浪費	lōng-huì
浮世	phû-sè
浮丼	phû-tom
浮冇	phû-phànn
浮冇冇	phû-phànn-phànn
浮剽	phû-phiò
浮力	phû-li̍k
浮動	phû-tōng
浮名	phû-miâ
浮塵	phû-tîn
浮塵仔	phû-tîn-á
浮居	phû-ki
浮屍	phû-si
浮崙	phû-lùn
浮嶼	phû-sū
浮州	phû-tsiu
浮復地	phû-ho̍k-tē
浮數	phû-siàu
浮水	phû-tsuí
浮水印	phû-tsuí-ìn
浮水沬	phû-tsuí-bī
浮水貨	phû-tsuí-huè
浮水錢	phû-tsuí-tsînn
浮沈	phû-tîm
浮沉	phû-tîm
浮沖	phû-tshìng
浮沙	phû-sua
浮沬	phû-bī
浮泛	hôo-huàn
浮洲	phû-tsiu
浮洲仔	Phû-tsiu-á
浮浮沖	phû-phû-tshìng
浮海石	phû-hái-tsio̍h
浮游	phû-iû
浮溢	phû-ioh
浮溢溢	phû-ioh-ioh
浮漂	phû-phiò
浮濫	phû-lām
浮版	phû-pán
浮球	phû-kiû
浮留藤	phû-liû-tîn
浮石	phû-tsio̍h
浮碇	phû-tiànn
浮空	phû-khang
浮筩	phû-tāng
浮舀舀	phû-ió-ió
浮花	phû-hue
浮萍	phû-phîng
浮蒸	phû-tshìng
浮薸	phû-phiô
浮藤菜	phû-tîn-tshài
浮譀	hôo-hàm
浮財	phû-tsâi
浮起來	hôo-khí-lâi
浮錢	phû-tsînn
浮雕	phû-tiau
浮面	phû-bīn
浮頭	phû-thâu
浮高高	phû-kuân-kuân
浴場	i̍k-tiûnn
浴壺	i̍k-ôo
浴室	i̍k-sik
浴巾	i̍k-kin
浴帽	i̍k-bō
浴房	i̍k-pâng
浴桶	i̍k-tháng
浴池	i̍k-tî
浴盆	i̍k-phûn
浴衣	i̍k-i
浴衫	i̍k-sann
浴間	i̍k-king
海䖳	hái-thē
海上	hái-siāng
海下	hái-ē
海事	hái-sū
海仔	hái-á
海內	hái-lāi
海內外	hái-lāi-guā
海八哥	hái-pat-ko
海冬	hái-tang
海刺龍	Hái-tshì-liông
海勢	hái-sì
海匪	hái-huí
海南	hái-lâm
海南島	Hái-lâm-tó
海南戇	hái-lâm-gōng
海參	hái-sam
海參崴	Hái-som-ui
海反	hái-huán
海口	hái-kháu
海口勢	hái-kháu-sì
海口讚	hái-káu-tsán
海口風	hái-kháu-hong
海味	hái-bī
海和尚	hái-huê-siūnn
海員	hái-uân
海嘯	hái-siàu
海地	Hái-tē
海坪	hái-phiânn
海坪仔	hái-phiânn-á
海埔	hái-poo
海埔姜	hái-poo-kiunn
海域	hái-i̍k
海報	hái-pò
海塭	hái-ùn
海墘	hái-kînn
海墘仔	hái-kînn-á
海墘厝	hái-kînn-tshù
海墘營	Hái-kînn-iânn
海墘跤	hái-kînn-kha
海外	hái-guā
海大蝦	hái-tuā-hê
海奶	hái-ling
海婆仔	hái-pô-á
海寧	Hái-lî͘ng
海專	hái-tsuan
海山	Hái-suann
海岸	hái-gān
海岸線	hái-gān-suànn
海島	hái-tó
海峽	hái-kiap
海峽兩岸服務貿易協議	Hái-kiap-Lióng-gān-Ho̍k-bū-Bōo-i̍k-Hia̍p-gī
海市蜃樓	hái-tshī-sīn-lâu
海帶	hái-tuà
海帶菜	hái-tuà-tshài
海平面	hái-pîng-bīn
海底	hái-té
海底摸針	hái-té-bong-tsiam
海徛	hái-khiā
海徛仔	hái-khiā-á
海戰	hái-tsiàn
海拔	hái-pua̍t
海掃	hái-sàu
海揚波	hái-iông-pho
海星	hái-tshenn
海景	hái-kíng
海曙	Hái-sū
海桐	hái-tông
海梨柑	hái-lâi-kam
海棗	hái-tsó
海棠	hái-tông
海檨仔	hái-suāinn-á
海欉仔	hái-tsâng-á
海水	hái-tsuí
海水倒激	hái-tsuí-tó-kik
海水浴	hái-tsuí-i̍k
海水花	hái-tsuí-hue
海水蛙	hái-tsuí-ke
海水雞	hái-tsuí-ke
海沖	hái-tshiâng
海沙坡	hái-sua-pho
海沙坪	hái-suann-phiânn
海沙埔	hái-sua-poo
海法	hái-huat
海波	hái-pho
海洋	hái-iûnn
海洛因	hái-lo̍k-in
海洛英	hái-lo̍k-ing
海派	hái-phài
海流	hái-liû
海浪	hái-lōng
海浴場	hái-i̍k-tiûnn
海涵	hái-hâm
海淚仔	hái-lē-á
海淹	hái-im
海港	hái-káng
海湧	hái-íng
海湧閃閃爍爍	hái-íng-siám-siám-sih-sih
海溝	hái-kau
海滄	hái-tshng
海漲	hái-tiòng
海潮	hái-tiâu
海濤	hái-tô
海濱	hái-pin
海灘	hái-thuann
海灣	hái-uan
海燕	hái-iàn
海燕仔	hái-ìnn-á
海牙	Hái-gâ
海狐狸	hái-hôo-lî
海狗	hái-káu
海狗鞭	hái-káu-pian
海獅囝	Hái-sai-kiánn
海獺	hái-thuah
海王星	Hái-ông-tshenn
海產	hái-sán
海產煎餅	hái-sán-tsian-piánn
海白菜	hái-pe̍h-tshài
海盜	hái-tō
海盤車	hái-puânn-tshia
海砂厝	hái-sua-tshù
海碗	hái-uánn
海礁	hái-ta
海神	Hái-sîn
海秋沙	hái-tshiu-sua
海結仔	hái-kat-á
海結仔頭	hái-kat-á-thâu
海絨	hái-jiông
海綿	hái-mî
海綿質	hái-mî-tsit
海線	hái-suànn
海翁	hái-ang
海肚	hái-tóo
海肚蛇	hái-tōo-tsuâ
海腰	hái-io
海腳	hái-kha
海膽	hái-tánn
海芋	hái-ōo
海茄朾	hái-ka-tiann
海茄苳	hái-ka-tang
海茄藤	hái-ka-tîn
海草	hái-tsháu
海草礁	hái-tsháu-ta
海草魚	hái-tsháu-hî
海菜	hái-tshài
海菜餅	hái-tshài-piánn
海菴	hái-am
海蔥仔	hái-tshang-á
海蔬仔	hái-se-á
海藻	hái-tsó
海虎	hái-hóo
海蛇	hái-tsuâ
海蜇	hái-thē
海蜈蚣	hái-giâ-kang
海蝕	hái-si̍h
海蝤	hái-iû
海螵蛸	hái-phiau-sau
海螺仔風	hái-lê-á-hong
海蟉蠽	hái-ka-tsua̍h
海蟞	hái-piah
海蟧蜈	hái-lâ-giâ
海蟲	hái-thâng
海蟹	hái-hē
海角	hái-kak
海豚	hái-thûn
海象	hái-tshiūnn
海豬	hái-ti
海豬仔	hái-ti-á
海豬仔踅	hái-ti-á-se̍h
海豬母	hái-ti-bó
海豬泅	hái-ti-siû
海豹	hái-pà
海貓	hái-niau
海賊	hái-tsha̍t
海賊王	Hái-tshat-ông
海賊船	hái-tsha̍t-tsûn
海跤	hái-kha
海路	hái-lōo
海軍	hái-kun
海運	hái-ūn
海運界	hái-ūn-kài
海邊	hái-pinn
海邊仔	hái-pinn-á
海里	hái-lí
海量	hái-liāng
海金沙	hái-kim-sua
海金魚	hái-kim-hî
海釣	hái-tiò
海鐵雞	hái-thih-ke
海門	hái-mn̂g
海關	hái-kuan
海防	hái-hông
海陸	hái-lio̍k
海雁	hái-gān
海雞母	hái-ke-bó
海難	hái-lān
海青	hái-tshing
海風	hái-hong
海風藤	hái-hong-tîn
海馬	hái-bé
海馬精	Hái-bé-tsiann
海魟	hái-hang
海鮮	hái-sian
海鯰	hái-liâm
海鰍	hái-liu
海鰱	hái-liân
海鰱仔	hái-liân-á
海鰻	hái-muâ
海鱟	hái-hāu
海鳥	hái-tsiáu
海鴄	hái-phit
海鵝	hái-gô
海鷗	hái-iu
海鸕鶿	hái-lôo-tsî
海鹽	hái-iâm
海麻	hái-muâ
海鼻	hái-phīnn
海龍	hái-lîng
海龍王	Hái-lîng-ông
海龜	hái-ku
浸柿仔	tsìm-khī-á
浸死	tsìm-sí
浸水式教學	tsìm-tsuí-sik-kàu-ha̍k
浸水式教育	tsìm-tsuí-sik-kàu-io̍k
浸水桶	tsìm-tsuí-tháng
浸水蚵	tsìm-tsuí-ô
浸水雨	tsìm-tsuí-hōo
浸燒水	tsím-sio-tsuí
浸磺水	tsìm-hông-tsuí
浸禮	tsìm-lé
浸透	tsìm-thàu
涅槃	lia̍p-phuân
消仔	siau-á
消化	siau-huà
消化不良	siau-huà-put-liâng
消化器	siau-huà-khì
消夜	siau-iā
消失	siau-sit
消失去	siau-sit-khì
消定	siau-tiānn
消弭	siau-mî
消心	siau-sim
消息	siau-sit
消息花	siau-sik-hue
消息草	siau-sit-tsháu
消敁	siau-tháu
消敨	siau-tháu
消敨壓力	siau-tháu-ap-li̍k
消暑	siau-sú
消暢	siau-thiòng
消極	siau-ki̍k
消毒	siau-to̍k
消毒水	siau-to̍k-tsuí
消氣	siau-khì
消水	siau-tsuí
消水溝	siau-tsuí-kau
消涼	siau-liâng
消渴症	siau-khat-tsìng
消溝	siau-kau
消溶	siau-iûnn
消滅	siau-bia̍t
消災	siau-tsai
消炎	siau-iām
消爽	siau-sńg
消牽頭	siau-khan-thâu
消當	siau-tǹg
消瘦	siau-sán
消磨	siau-môo
消磨品	siau-môo-phín
消磨掉	siau-môo-tiāu
消磨時間	siau-môo-sî-kan
消積	siau-tsik
消耗	siau-hàu
消耗量	siau-hònn-liāng
消腫	siau-tsíng
消膏	siau-ko
消蝕	siau-si̍h
消解	siau-kái
消費	siau-huì
消費品	siau-huì-phín
消費者	siau-huì-tsiá
消費額	siau-huì-gia̍h
消身	siau-sin
消退	siau-thè
消逝	siau-sē
消遣	siau-khián
消長	siau-tióng
消閃	siau-siám
消防	siau-hông
消防局	siau-hông-kio̍k
消防栓	siau-hông-sng
消防罐	siau-hông-kuàn
消防署	Siau-hông-sú
消防車	siau-hông-tshia
消防隊員	siau-hông-tuī-uân
消除	siau-tî
消音	siau-im
消風	siau-hong
消食	siau-si̍t
消骿	siau-phiann
涉出來	sia̍p-tshut-lâi
涉勢	sia̍p-sì
涉嫌	sia̍p-hiâm
涉涉津	tsho̍p-tsho̍p-tin
涉涉滴	tsho̍p-tsho̍p-tih
涉私	sia̍p-su
涉足	sia̍p-tsiok
涉錢	sia̍p-tsînn
液化	i̍k-huà
液態	i̍k-thài
液晶	i̍k-tsenn
液晶螢幕	ik-tsing-îng-bōo
液體	i̍k-thé
涵容	hâm-iông
涵江	Âm-kang
涵溝	âm-kau
涵空	âm-khang
涵空溝	âm-khang-kau
涵空肥龜	ām-khang-puî-ku
涵空龜	âm-khang-ku
涵管	âm-kóng
涵義	hâm-gī
涵養	hâm-iáng
涸仔	kho̍k-á
涸涸滴	kho̍k-kho̍k-tih
涼亭	liâng-tîng
涼亭仔跤	liông-tîng-á-kha
涼伴	liâng-phuānn
涼傘	niû-suànn
涼冷	liâng-líng
涼台	liâng-tâi
涼帽	liâng-bō
涼棚	liâng-pênn
涼水	liâng-tsuí
涼沙丸	liâng-se-uân
涼涼	liâng-liâng
涼爽	liâng-sóng
涼的	liâng-ê
涼神	liâng-sîn
涼粉	liâng-hún
涼粉條	liâng-hún-tiâu
涼粉草	liâng-hún-tsháu
涼腔	liâng-khiang
涼腔仔話	liâng-khiang-á-uē
涼茶	liâng-tê
涼蓆	liâng-tshio̍h
涼薯	liâng-tsî
涼藥	liâng-io̍h
涼血	liâng-hiat
涼鞋	liâng-ê
涼風	liâng-hong
涼麵	liâng-mī
淀塞塞	tīnn-that-that
淀流流	tīnn-lâu-lâu
淀淀	tīnn-tīnn
淀滂滂	tīnn-phóng-phóng
淀滿流	tīnn-muá-lâu
淀滿滿	tīnn-muá-muá
淆山路跨	siau-sán-lo̍h-bah
淋巴管	lîm-pa-kńg
淋搪	lâm-thn̄g
淋水	lâm-tsuí
淋油	lâm-iû
淋澹	lâm-tâm
淋瓷搪	lâm-huî-thn̄g
淋疾眼	lîm-tsi̍k-gán
淋病	lîm-pēnn
淋碭	lâm-thn̄g
淋禮	lâm-lé
淋落來	lâm-lo̍h-lâi
淋身軀	lâm-sing-khu
淋金水	lâm-kim-tsuí
淋雉雞	lâm-thī-ke
淋雨	lâm-hōo
淑女	siok-lí
淒哀	tshe-ai
淒慘	tshi-tshám
淒慘代	tshi-tshám-tāi
淒慘落魄	tshi-tshám-lo̍k-phik
淘井	tô-tsénn
淘導	tô-thuā
淘汏	tô-thuā
淙水	tsâng-tsuí
淙浴	tsâng-i̍k
淚炎	lē-iām
淚腺	luī-suànn
淡化	tām-huà
淡大	Tām-tāi
淡妝	tām-tsng
淡忘	tām-bông
淡水	tām-tsuí
淡水區	tām-tsuí-khu
淡水河	Tām-tsuí-hô
淡水鎮	Tām-tsuí-tìn
淡江	Tām-kang
淡江大學	Tām-kang-tuā-ha̍k
淡泊	tām-po̍h
淡竹	tām-tik
淡薄	tām-po̍h
淡薄久	tām-po̍h-kú
淡薄仔	tām-po̍h-á
淡薄薄仔	tām-po̍h-po̍h-á
淡黃	tām-n̂g
淥金	li̍k-kim
淨利	tsīng-lī
淨化	tsīng-huà
淨土	tsīng-thóo
淨水	tsīng-tsuí
淨灘	tsīng-than
淨空排放	tsīng-khòng-pâi-hòng
淨空排除	tsīng-khòng-pâi-tû
淨零排放	tsīng-lîng-pâi-hòng
淪入	lûn-ji̍p
淪為	lûn-uî
淪落	lûn-lo̍k
淪陷	lûn-hām
淫威	îm-ui
淫婦	îm-hū
淫水	îm-tsuí
淫畫	îm-uē
淫鼠	îm-tshí
淬鋼	tshū-kǹg
淮山	huâi-san
深井	tshim-tsénn
深井埕	tshim-tsénn-tiânn
深信	tshim-sìn
深入	tshim-ji̍p
深入淺出	tshim-ji̍p-tshián-tshut
深切	tshim-tshiat
深刻	tshim-khik
深化	tshim-huà
深厚	tshim-kāu
深受	tshim-siū
深圳	Tshim-tsùn
深坑	Tshim-khenn
深夜	tshim-iā
深奧	tshim-ò
深學習	tshim-ha̍k-si̍p
深層學習	tshim-tsân-ha̍k-si̍p
深山	tshim-suann
深山林內	tshim-suann-nâ-lāi
深山林底	tshim-suann-nâ-té
深山鶲	tshim-suann-ong
深度	tshim-tōo
深度學習	chhim-tōo-ha̍k-si̍p
深得	tshim-tit
深情	tshim-tsîng
深惡痛絕	tshim-ònn-thòng-tsua̍t
深感	tshim-kám
深桃	tshim-thô
深汱	tshim-khín
深沉	tshim-tîm
深深	tshim-tshim
深淵	tshim-ian
深淺	tshim-tshián
深溝	tshim-kau
深烘	tshim-hang
深瓏瓏	tshim-long-long
深知	tshim-ti
深秋	tshim-tshiu
深究	tshim-kiù
深綠	tshim-li̍k
深色	tshim-sik
深茶色	tshim-tê-sik
深藍	tshim-lâm
深處	tshim-tshù
深跍	tshim-khû
深造	tshim-tsō
深遠	tshim-uán
深閨	tshim-kui
淳安	Sûn-an
淳樸	sûn-phok
淵源	ian-guân
混亂	hūn-luān
混入	hūn-ji̍p
混合	hūn-ha̍p
混戰	hūn-tsiàn
混沌	hūn-tūn
混為一談	hūn-uî-it-tâm
混聲	hūn-siann
混血兒	hūn-hiat-jî
混跡	hūn-jiah
混金	hūn-kim
混雜	hūn-tsa̍p
淹去	im-khì
淹大水	im-tuā-tsuí
淹密	im-ba̍t
淹死	im-sí
淹水	im-tsuí
淹水牛	im-suí-gû
淹滂滂	im-phông-phông
淹田	im-tshân
淺中烘	tshián-tiong-hang
淺交	tshián-kau
淺仔鼎	tshián-á-tiánn
淺學	tshián-ha̍k
淺性	tshián-sìng
淺想	tshián-siūnn
淺拖	tshián-thua
淺拖仔	tshián-thua-á
淺毛藍	tshínn-môo-lâm
淺沬	tshián-bī
淺海	tshián-hái
淺瀨	tshián-luà
淺灰	tshián-hue
淺烘	tshián-hang
淺現	tshián-hiān
淺盤	tshián-puânn
淺眠	tshián-bîn
淺紅	tshián-âng
淺綠	khín-li̍k
淺肚腸	tshián-tōo-tn̂g
淺腹腸	tshián-pak-tn̂g
淺色	tshián-sik
淺薄	tshián-po̍h
淺見	tshián-kiàn
淺長衫	tshínn-tn̂g-sann
淺青	khín-tshenn
淺顯	tshián-hián
淺黃	tshián-n̂g
添丁	thiam-ting
添丁發財	thiam-ting-huat-tsâi
添價	thinn-kè
添加	thinn-ka
添加物	thiam-ka-bu̍t
添壽	thiam-siū
添妝	thiam-tsng
添帖	thinn-thiap
添幫	thiam-pang
添枝加葉	thiam-ki-ke-hio̍h
添水	thinn-tsuí
添油	thinn-iû
添淡薄仔	thinn-tām-po̍h-á
添真實	thiam-tsin-si̍t
添福壽	thiam-hok-siū
添福添壽	thiam-hok-thiam-siū
添粧	thiam-tsng
添菜	thinn-tshài
添補	thinn-póo
添設	thiam-siat
添註	thiam-tsù
添貨	thinn-huè
添貼	thinn-thiap
添購	thiam-kòo
添重	thinn-tāng
添頭	thinn-thâu
添飯	thinn-pn̄g
添齻	thinn-tsan
清一色	tshing-it-sik
清予通	tshing-hōo-thong
清井	tshing-tsénn
清代	Tshing-tāi
清休	tshing-hiu
清倉	tshing-tshng
清冊	tshing-tsheh
清凊	tshenn-tshìn
清凊凊	tshenn-tshìn-tshìn
清咖啡	tshing-ka-pi
清單	tshing-tuann
清場	tshing-tiûnn
清大	Tshing-tāi
清大數	tshing-tuā-siàu
清姑	tshing-koo
清宮	tshing-kiong
清寒	tshing-hân
清幽	tshing-iu
清廉	tshing-liâm
清彩	tshing-tshái
清心	tshing-sim
清掃	tshing-sàu
清撬仔數	tshing-kiāu-á-siàu
清數	tshing-siàu
清新	tshing-sin
清早	tshing-tsá
清明	tshing-bîng
清明節	tshing-bîng-tseh
清明花	tshing-bîng-hue
清明草	tshing-bîng-tsháu
清明菜	tshing-bîng-tshài
清明鳥	tshing-bîng-tsiáu
清景	tshing-kíng
清朗	tshing-lóng
清朝	tshing-tiâu
清查	tshing-tsa
清楚	tshing-tshó
清楚度	tshing-tshó-tōo
清氣	tshing-khì
清氣溜溜	tshing-khì-liu-liu
清氣相	tshing-khì-siùnn
清水	tshing-tsuí
清水湖	Tshing-tsuí-ôo
清水溝	Tshing-tsuí-kau
清水煮白米	tshing-tsuí-tsí-peh-bí
清泉	tshing-tsuânn
清泉崗	Tshing-tsuânn-kong
清泱泱	tshing-uainn-uainn
清流	tshing-liû
清涼	tshing-liâng
清淡	tshing-tām
清淨	tshing-tsīng
清清	tshing-tshing
清清白白	tshing-tshing-pi̍k-pi̍k
清湯	tshing-thng
清湯麵	tshing-thng-mī
清溪	tshing-khe
清潔	tshing-kiat
清潔劑	tshing-kiat-tse
清潔隊	tshing-kiat-tuī
清潔隊員	tshing-kiat-tuī-uân
清灣	tshing-uainn
清火	tshing-hué
清爽	tshing-sóng
清理	tshing-lí
清甜	tshing-tinn
清白	tshing-pe̍h
清盤	tshing-puânn
清真寺	tshing-tsin-sī
清礬	tshing-huân
清福	tshing-hok
清秀	tshing-siù
清算	tshing-sǹg
清節	tshing-tsiat
清米潘	tshing-bí-phun
清紅	tshing-âng
清純	tshing-sûn
清芳	tshing-phang
清苦	tshing-khóo
清茶	tshing-tê
清菜	tshing-tshài
清華	Tshing-huâ
清華大學	Tshing-huâ-tāi-ha̍k
清貨底	tshing-huè-té
清輝	tshing-hui
清醒	tshing-tshénn
清閒	tshing-îng
清閒福	tshing-îng-hok
清閒腳	tshing-îng-kha
清雅	tshing-ngá
清靜	tshing-tsīng
清靠	tshing-khò
清音	tshing-im
清風	tshing-hong
清飄	tshing-phiau
清高	tshing-ko
清麗	tshing-lē
清麗苑	tshing-lē-uán
清點	tshing-tiám
渙散	huàn-sàn
渙曠	khuànn-khǹg
減低	kiám-kē
減價	kiám-kè
減免	kiám-bián
減刑	kiám-hîng
減半	kiám-puànn
減口王	kiám-kháu-ông
減小	kiám-sió
減少	kiám-tsió
減幾歲	kiám-kuí-huè
減弱	kiám-jio̍k
減收	kiám-siu
減料	kiám-liāu
減歲壽	kiám-huè-siū
減產	kiám-sán
減省	kiám-sénn
減睏	kiám-khùn
減稅	kiám-suè
減緩	kiám-uān
減縮	kiám-siok
減肥	kiám-puî
減至	kiám-tsì
減薪	kiám-sin
減輕	kiám-khin
減退	kiám-thè
減速	kiám-sok
減采	kiám-tshái
渡假	tōo-ká
渡槳	tōo-tsiúnn
渡江	tōo-kang
渡海	tōo-hái
渡湯	thōo-thng
渡漿	tōo-tsiunn
渡船	tōo-tsûn
渡船場	tōo-tsûn-tiûnn
渡船頭	tōo-tsûn-thâu
渡茶	thōo-tê
渡輪	tōo-lûn
渡過難關	tōo-kuè-lân-kuan
渡頭	tōo-thâu
渡鳥	tōo-tsiáu
渣滓	tse-tái
渦輪	o-lûn
測出	tshik-tshut
測字	tshik-jī
測定	tshik-tīng
測知	tshik-ti
測試	tshik-tshì
測量	tshik-liông
測驗	tshik-giām
港九	Káng-Kiú
港仔喙	Káng-á-tshuì
港仔墘	Káng-á-kînn
港內	káng-lāi
港務	káng-bū
港務局	Káng-bū-kio̍k
港口	káng-kháu
港嘴	káng-tshuì
港埠	káng-poo
港墘	káng-kînn
港市	káng-tshī
港幣	káng-pè
港底地	káng-té-tē
港心	káng-sim
港心礁	káng-sim-ta
港汕	káng-suànn
港澳	Káng-Ò
港灣	káng-uân
港票	káng-phiò
港紙	káng-tsuá
港腳	káng-kha
港警	káng-kíng
港路	káng-lōo
港都	káng-too
港闊水深	káng-khuah-tsuí-tshim
渲染	suan-jiám
渴利	khat-lī
游擊	iû-kik
游擊手	iû-kik-tshiú
游擊隊	iû-kik-tuī
游泳	iû-íng
游泳池	iû-íng-tî
游泳箍仔	iû-íng-khoo-á
游泳衫	iû-íng-sann
游泳褲	iû-íng-khòo
游牧	iû-bo̍k
游資	iû-tsu
游走	iû-tsáu
游錫堃	Iû-Sik-khun
游離	iû-lī
渺小	biáu-siáu
渺茫	biáu-bông
渾天儀	hûn-thian-gî
渾然	hûn-jiân
渾軀	hûn-su
湊勘	tshàu-khám
湊坎	tshàu-khám
湊巧	tshàu-khá
湊抵勘	tshàu-tú-khám
湊抵巧	tshàu-tú-khá
湊拄坎	tshàu-tú-khám
湓仔	bùn-á
湓出來	bùn-tshut-lâi
湓波	bùn-pho
湓田豬	bùn-tshân-ti
湖仔內	Ôo-á-lāi
湖內	Ôo-lāi
湖北	Ôo-pak
湖北省	Ôo-pak-síng
湖區	ôo-khu
湖南	Ôo-lâm
湖南省	Ôo-lâm-síng
湖口	Ôo-kháu
湖州	Ôo-tsiu
湖心	ôo-sim
湖水	ôo-tsuí
湖泊	ôo-po̍h
湖流	ôo-lâu
湖濱	ôo-pin
湖畔	ôo-puān
湖絲客	hôo-si-kheh
湖西	ôo-se
湖里	Ôo-lí
湛海	thiām-hái
湛窟仔	thiām-khut-á
湠卵	thuànn-nn̄g
湠叢	thuànn-tsâng
湠囝	thuànn-kiánn
湠澹	thuànn-tâm
湠生	thuànn-sing
湠生性金融商品	thuànn-sing-sìng-kim-iông-siong-phín
湠種	thuànn-tsíng
湠草	thuànn-tsháu
湠開	thuànn-khui
湧入	ióng-ji̍p
湧出	íng-tshut
湧岭	íng-niā
湧影	íng-iánn
湧股	íng-kóo
湧進	ióng-tsìn
湧鬚	íng-tshiu
湮滅	ian-bia̍t
湯仔城	Thng-á-siânn
湯包	thng-pau
湯匙	thng-sî
湯匙仔	thng-sî-á
湯匙仔菜	thng-sî-á-tshài
湯匙狐	Thng-sî-kuài
湯池	thng-tî
湯泉	thng-tsuânn
湯湯	thng-thng
湯頭	thng-thâu
湳仔	làm-á
湳仔溝	làm-á-kau
湳土	làm-thôo
湳土窟	làm-thôo-khut
湳地	làm-tē
湳塗	làm-thôo
湳流	làm-lâu
湳湳	làm-làm
湳溝糜	làm-kau-muê
湳田	làm-tshân
湳田仔	làm-tshân-á
湳肚	làm-tóo
源於	guân-î
源本	guân-pún
源泉	guân-tsuânn
源流	guân-liû
源源不絕	guân-guân-put-tsua̍t
源由	guân-iû
源自	guân-tsū
源頭	guân-thâu
準作	tsún-tsò
準做	tsún-tsò
準備	tsún-pī
準備金	tsún-pī-kim
準則	tsún-tsik
準定	tsún-tiānn
準拄好	tsún-tú-hó
準拄煞	tsún-tú-suah
準數	tsún-siàu
準時	tsún-sî
準桮	tsún-pue
準決賽	tsún-kuat-sài
準無看著	tsún-bô-khuànn-tio̍h
準煞	tsún-suah
準當	tsún-tǹg
準確度	tsún-khak-tōo
準算	tsún-sǹg
準繩	tsún-tsîn
準若	tsún-nā
準過	tsún-kuè
溜仔囝	liù-á-kiánn
溜公	liu-kong
溜冰	liu-ping
溜冰場	liu-ping-tiûnn
溜去	liu-khì
溜囝	liù-kiánn
溜尾	liu-bué
溜尾仔	liu-bué-á
溜尾仔囝	liu-bué-á-kiánn
溜帽	liù-bō
溜手	liù-tshiú
溜旋	liu-suan
溜溜去	liu-liu-khì
溜溜板	liu-liu-pán
溜溜走	liu-liu-tsáu
溜烏巾	liù-oo-kin
溜狗	liù-káu
溜班	liu-pan
溜痞仔	liù-phí-á
溜皮	liù-phuê
溜籠車	liû-lông-tshia
溜索仔	liù-soh-á
溜落來	liu-lo̍h-lâi
溜走	liu-tsáu
溜閃	liu-siam
溜頭鼎	liù-thâu-tiánn
溜額	liù-hia̍h
溝仔	kau-á
溝仔尾	Kau-á-bué
溝墘	kau-kînn
溝岸	kau-huānn
溝涵	kau-âm
溝通	kau-thong
溝頂	kau-tíng
溡潤	tshî-lūn
溢價	ik-kè
溢出	ik-tshut
溢出來	ik-tshut-lâi
溢刺酸	ik-tshiah-sng
溢奶	ik-ling
溢泄	ioh-tsuah
溢洪道	ik-hông-tō
溢臭酸	ik-tshàu-sng
溢起來	ik-khí-lâi
溪仔	khe-á
溪仔墘	khe-á-kînn
溪口	khe-kháu
溪哥仔	khe-ko-á
溪坪	khe-pîng
溪埔	khe-poo
溪尾	khe-bué
溪岸	khe-huānn
溪崁	khe-khàm
溪州	Khe-tsiu
溪底	khe-té
溪水	khe-tsuí
溪沙埔	khe-sua-poo
溪河	khe-hô
溪流	khe-lâu
溪湖	Khe-ôo
溪溝	khe-kau
溪瀨	khe-luā
溪蝦仔	khe-hê-á
溪谷	khe-kok
溪邊	khe-pinn
溪頭	khe-thâu
溪鴝燕	khe-kû-iàn
溪鼠	khe-tshí
溫吞	un-thun
溫和	un-hô
溫哥華	Un-ko-huâ
溫存	un-tsûn
溫室	un-sik
溫室效應	un-sik-hāu-ìng
溫嶺	Un-niá
溫州	Un-tsiu
溫州杉	un-tsiu-sam
溫差	un-tsha
溫帶	un-tài
溫帶低氣壓	un-tài-kē-khì-ap
溫床	un-tshn̂g
溫度	un-tōo
溫情	un-tsîng
溫惜	un-sioh
溫房	un-pâng
溫暖	un-luán
溫柔	un-jiû
溫泉	un-tsuânn
溫溫仔	un-un-á
溫燒	un-sio
溫瓶	un-pân
溫石	un-tsio̍h
溫純	un-sûn
溫罐	un-kuàn
溫習	un-si̍p
溫豆	un-tāu
溫酒	un-tsiú
溫順	un-sūn
溫馨	un-hiong
溫馴	un-sûn
溯柱仔	sòo-thiāu-á
溳仔	ún-á
溴嘴	hiù-tshuì
溴禮	hiù-lé
溶入	iûnn-ji̍p
溶劑	iông-tse
溶去	iûnn-khì
溶液	iông-i̍k
溶炕爐	iûnn-khòng-lôo
溶焢爐	iûnn-khòng-lôo
溶瘍	iûnn-siûnn
溶解	iûnn-kái
溶雪	iûnn-seh
溺愛	li̍k-ài
溼度	sip-tōo
溼汗	sip-kuānn
溼溼仔雨	sip-sip-á-hōo
滂湃	pông-phài
滄桑	tshong-song
滅亡	bia̍t-bông
滅口	bia̍t-khió
滅無	bia̍t-bô
滅絕	bia̍t-tsua̍t
滅門血案	bia̍t-mn̂g-hiat-àn
滇流流	tīnn-lâu-lâu
滇滿流	tīnn-muá-lâu
滇滿滿	tīnn-muá-muá
滋味	tsu-bī
滋微	tsu-bui
滋微仔滋微	tsu-bui-á-tsu-bui
滋潤	tsu-jūn
滋補	tsu-póo
滋陰	tsu-im
滋養	tsu-iáng
滋養分	tsu-iáng-hun
滋養層	tsu-ióng-tsân
滑倒	ku̍t-tó
滑冰	ku̍t-ping
滑嘴	ku̍t-tshuì
滑律術	ku̍t-lu̍t-su̍t
滑振動	ku̍t-tín-tāng
滑槽	ku̍t-tsô
滑溜	ku̍t-liu
滑溜咻	ku̍t-liù-siuh
滑溜溜	ku̍t-liu-liu
滑溜驌	ku̍t-liu-siu̍h
滑滌	ku̍t-tia̍h
滑甪卹	ku̍t-lut-sut
滑稽戲	ku̍t-khe-hì
滑精	ku̍t-tsing
滑落	ku̍t-lo̍h
滑詼	ku̍t-khe
滑跋倒	ku̍t-pua̍h-tó
滑車	ku̍t-tshia
滑鐵盧	Ku̍t-thih-lôo
滑雪	ku̍t-seh
滑雪車	ku̍t-seh-tshia
滒粉	kō-hún
滓甜	tái-tinn
滕到底	thīn-kàu-té
滕酒	thîn-tsiú
滬尾	hōo-bué
滯倒	tù-táu
滯凋	tè-ta
滯到	tù-tàu
滯洪池	tù-hông-tî
滯銷	thì-siau
滲出來	siap-tshut-lâi
滲尾後	siàm-bué-āu
滲尿	siàm-jiō
滲屎	siàm-sái
滲屎尿	siàm-sái-jiō
滲漏	siàm-lāu
滲虹尿	siàm-khīng-jiō
滲透	siàm-thàu
滴出來	tih-tshut-lâi
滴水	tih-tsuí
滴滴仔	tih-tih-á
滴目屎	tih-ba̍k-sái
滴禮	tih-lé
滴管	tih-kńg
滴血	tih-hueh
滴雨	tih-hōo
滷料	lóo-liāu
滷湯	lóo-thng
滷茶卵	lóo-tê-nn̄g
滷菜	lóo-tshài
滷菜頭	lóo-tshài-thâu
滸梅	hóo-m̂
滸苔	hóo-thî
滾嘩	kún-huā
滾墘	kún-kînn
滾強	kùn-kiōng
滾拵	kún-tsūn
滾攪	kún-ká
滾條	kún-tiâu
滾水	kún-tsuí
滾水山	kún-tsuí-suann
滾水煙	kún-tsuí-ian
滾水罐	kún-tsuí-kuàn
滾水袂濁	kún-tsuí-bē-lô
滾沖沖	kún-tshiâng-tshiâng
滾滾	kún-kún
滾狗湧	kún-káu-íng
滾碖拵	kún-lún-tsūn
滾碖捘滾	kún-lún-tsūn-kún
滾笑	kún-tshiò
滾絞	kún-ká
滾絞痛	kún-ká-thiànn
滾翱	kún-kō
滾耍笑	kún-sńg-tshiò
滾落	kún-lo̍h
滾藥水	kún-io̍h-tsuí
滾蛟龍	kún-kau-lîng
滾走	kún-tsáu
滾踜	kún-lìng
滾躘	kún-liòng
滾邊	kún-pinn
滾開	kún-khui
滿世界	muá-sè-kài
滿人	muá-jîn
滿佈	muá-pòo
滿六萬	muá-la̍k-bān
滿出來	buán-tshut-lâi
滿分	muá-hun
滿台	buán-tâi
滿員	buán-uân
滿四山	muá-sì-suann
滿四界	muá-sì-kè
滿四萬	muá-sì-bān
滿土腳	muá-thôo-kha
滿地金錢	buán-tē-kim-tsînn
滿城揣社兄	muá-siânn-tshuē-siā-hiann
滿城風雨	muá-siânn-hong-ú
滿堂紅	buán-tông-hông
滿天	muá-thinn
滿天下	muá-thinn-ē
滿天星	buán-thian-sing
滿天飛	muá-thinn-pue
滿山坪	muá-suann-phiânn
滿山紅	muá-suann-âng
滿州	Buán-tsiu
滿州國	Buán-tsiu-kok
滿座	buán-tsō
滿廳紅	muá-thiann-âng
滿心	muá-sim
滿意	buán-ì
滿懷	muá-huâi
滿月	muá-gue̍h
滿期	buán-kî
滿洋直蓋	muá-iûnn-ti̍t-kài
滿洲	Buán-tsiu
滿洲利亞	Buán-tsiu-lī-a
滿洲國	Buán-tsiu-kok
滿洲小田螺	Buán-tsiu-sió-tshân-lê
滿流	muá-lâu
滿清	Buán-tshing
滿滿	muá-muá
滿滿是	muá-muá-sī
滿潮	buán-tiâu
滿盡是	muá-tsīn-sī
滿盤	muá-puânn
滿腹	muá-pak
滿腹牢騷	muá-pak-lâu-sau
滿足	buán-tsiok
滿身	muá-sin
滿身軀	muá-sin-khu
滿載	muá-tsāi
滿載而歸	muá-tsài-lî-kui
滿限	buán-ān
滿面	muá-bīn
滿面全狗蟻	muá-bīn-tsuân-káu-hiā
滿面春風	muá-bīn-tshun-hong
滿面鬍	muá-bīn-hôo
滿頭大汗	muá-thâu-tuā-kuānn
滿餘香	buán-û-hiong
漁具	hî-khū
漁友	hî-iú
漁場	hî-tiûnn
漁夫	hî-hu
漁會	hî-huē
漁村	hî-tshuan
漁業	hî-gia̍p
漁權	hî-kuân
漁民	gû-bîn
漁港	hî-káng
漁獲	hî-hi̍k
漁產	hî-sán
漁網	hî-bāng
漁翁	hî-ong
漁翁得利	hî-ong-tit-lī
漁船	hî-tsûn
漂撇	phiau-phiat
漂泊	phiau-pi̍k
漂流	phiau-liû
漂浮	phiau-phû
漂白	phiò-pe̍h
漂白水	phiò-pe̍h-tsuí
漂白粉	phiò-pe̍h-hún
漂粉	phiò-hún
漂藥	phiò-io̍h
漂雨	phiò-hōo
漆七樹	tshat-tshit-tshiū
漆刷	tshat-seh
漆樹	tshat-tshiū
漆筅仔	tshat-tshíng-á
漆雕	tshat-tiau
漆面	tshat-bīn
漉冗	lo̍k-līng
漉喙水	lo̍k-tshuì-tsuí
漉土糜	lo̍k-thôo-muâi
漉屎	lok-sái
漉栱	lok-kóng
漉水	lo̍k-tsuí
漉漉茶	lo̍k-lo̍k-tê
漉糊仔糜	lo̍k-kôo-á-muâi
漉糊糜	lo̍k-kôo-muê
漉膿	lok-lâng
漏交	làu-kau
漏仔	lāu-á
漏出來	lāu-tshut-lâi
漏口	lāu-kháu
漏口供	làu-kháu-king
漏吐	làu-thòo
漏吐症	làu-thòo-tsìng
漏嘴	lāu-tshuì
漏報	lāu-pò
漏壺	lāu-ôo
漏大腸頭	làu-tuā-tn̂g-thâu
漏屎	làu-sái
漏屎星	làu-sái-tshenn
漏底	lāu-té
漏斗	lāu-táu
漏暴	lāu-pauh
漏氣	làu-khuì
漏氣代	làu-khuì-tāi
漏水	lāu-tsuí
漏水聲	lāu-tsuí-siann
漏洞	lāu-tōng
漏洩	lāu-sia̍p
漏溝	làu-kau
漏瀉	làu-sià
漏稅	lāu-suè
漏空	làu-khang
漏空車	làu-khang-tshia
漏網	lāu-bāng
漏胎	làu-the
漏胎藥	làu-the-io̍h
漏腹	làu-pak
漏話	lāu-uē
漏雨	lāu-hōo
漏電	lāu-tiān
漏風	làu-hong
演出	ián-tshut
演劇	ián-kio̍k
演化	ián-huà
演台	ián-tâi
演員	ián-guân
演唱	ián-tshiùnn
演唱會	ián-tshiùnn-huē
演奏	ián-tsàu
演奏家	ián-tsàu-ka
演奏廳	ián-tsàu-thiann
演奏會	ián-tsàu-huē
演師	ián-sai
演戲	ián-hì
演示	ián-sī
演算法	ián-sǹg-huat
演練	ián-liān
演繹	ián-i̍k
演義	ián-gī
演習	ián-si̍p
演藝	ián-gē
演藝圈	ián-gē-khuan
演藝界	ián-gē-kài
演說	ián-suat
演講	ián-káng
演講會	ián-káng-huē
演變	ián-piàn
演變到	ián-piàn-kàu
演變成	ián-piàn-sîng
演進	ián-tsìn
漕漕滴	tshāu-tshāu-tih
漚兵仔	àu-ping-á
漚嘟面	àu-tu-bīn
漚婊	àu-piáu
漚婊娼	àu-piáu-tshiong
漚媌	àu-bâ
漚客	àu-kheh
漚屎色	àu-sái-sik
漚弟仔	àu-tī-á
漚戲	àu-hì
漚搭	àu-tah
漚柑鋪籠面	àu-kam-phoo-láng-bīn
漚查某	àu-tsa-bóo
漚柴	àu-tshâ
漚步	àu-pōo
漚焦	au-tsau
漚缺	àu-khueh
漚肥	àu-puî
漚腳數	àu-kioh-siàu
漚膎唌蠅	àu-kê-siânn-sîn
漚膣屄	àu-tsi-bai
漚臭面	àu-tshàu-bīn
漚芝屄	àu-tsi-bai
漚衫	áu-sann
漚跤	àu-kha
漚魟	àu-hang
漚黃	àu-uînn
漚𡳞鳥	àu-lān-tsiáu
漠漠	mo̍oh-mo̍oh
漠視	mo̍oh-sī
漢中	Hàn-tiong
漢人	hàn-jîn
漢口	Hàn-kháu
漢城	Hàn-siânn
漢堡	Hàn-pó
漢堡王	Hàn-pó-ông
漢奸	hàn-kan
漢字	hàn-jī
漢字文化箍仔	hàn-jī-bûn-huà-khoo-á
漢學	Hàn-ha̍k
漢學仔	hàn-o̍h-á
漢將	hàn-tsiàng
漢席	hàn-si̍k
漢文	hàn-bûn
漢族	Hàn-tso̍k
漢服	hàn-ho̍k
漢朝	Hàn-tiâu
漢武帝	Hàn-Bú-tè
漢民族	Hàn-bîn-tso̍k
漢王	hàn-ông
漢羅	hàn-lô
漢草	hàn-tsháu
漢草好	hàn-tsháu-hó
漢草真好	hàn-tsháu-tsin-hó
漢草讚	hàn-tsháu-tsán
漢藥	hàn-io̍h
漢藥房	hàn-io̍h-pâng
漢裝	hàn-tsong
漢語	hàn-gí
漢譯	hàn-i̍k
漢醫	hàn-i
漢醫學	hàn-i-ha̍k
漢防己	hàn-hông-kí
漩桶	suān-tháng
漩水	suān-tsuí
漫延	bān-iân
漫漫	bān-bān
漫畫	bān-uē
漫畫家	bān-uē-ka
漫罵	bān-mē
漫談	bān-tâm
漫遊	bān-iû
漭漭	bóng-bóng
漱口	suá-kháu
漲停	tiòng-thîng
漲停價	tiùnn-thîng-kè
漲停盤	tiùnn-thîng-puânn
漲停盤鎖起來	tiùnn-thîng-puânn-só-khí-lâi
漲出來	tiòng-tshut-lâi
漲勢	tiòng-sì
漲大水	tiòng-tuā-tsuí
漲幅	tiòng-hok
漲懸	tiòng-kuâinn
漲春水	tiòng-tshun-tsuí
漲水	tiòng-tsuí
漲流	tńg-lâu
漲潮	tiòng-tiâu
漲破去	tiòng-phuà-khì
漲風	tiùnn-hong
漳和	Tsiong-hô
漳州	Tsiang-tsiu
漳平	Tsiunn-phîng
漳泉械鬥	tsiang-tsuân-hâi-tàu
漳泉濫	Tsiang-Tsuân-lām
漳浦	Tsiunn-phóo
漳螺	tsiang-lê
漸入佳境	tsiām-ji̍p-ka-kíng
漸增	tsiām-tsīng
漸漸	tsiām-tsiām
漸近	tsiām-kīn
漸進	tsiām-tsìn
漿泔	tsiunn-ám
漿湆	tsiunn-ám
漿漿	tsiùnn-tsiùnn
漿糊	tsiunn-kôo
潑入來	phuah-ji̍p-lâi
潑婆	phuat-pô
潑婦	phuat-hū
潑扇	phuah-sìnn
潑水	phuah-tsuí
潑猴	phuat-kâu
潑賤	phuat-tsiān
潑雨	phuah-hōo
潑風	phuah-hong
潔淨	kiat-tsīng
潘水	phun-tsuí
潘醪	phun-lô
潛伏	tsiâm-hok
潛伏期	tsiâm-ho̍k-kî
潛力	tsiâm-li̍k
潛在	tsiâm-tsāi
潛心	tshiàm-sim
潛水	tsiâm-tsuí
潛水艇	tsiâm-tsuí-thíng
潛水艦	tsiâm-tsuí-lām
潛移默化	tsiâm-î-bi̍k-huà
潛縫	tshàng-phāng
潛能	tsiâm-lîng
潛遁	tsiâm-tūn
潤喉	lūn-âu
潤土	jūn-thôo
潤滑	jūn-ku̍t
潤滑油	jūn-ku̍t-iû
潤糖	jūn-thn̂g
潤餅	jūn-piánn
潤餅𩛩	jūn-piánn-kauh
潦水	liâu-tsuí
潦溪	liâu-khe
潦草	ló-tshó
潦落去	liâu-lo̍h-khì
潭仔	thâm-á
潭仔墘	Thâm-á-kînn
潭子	Thâm-tsú
潭肥	thâm-puî
潮州	tiô-tsiu
潮州話	Tiô-tsiu-uē
潮汐	tiâu-si̍k
潮汐能	Tiâu-si̍k-lîng
潮流	tiâu-liû
潮濕	tiâu-sip
潮糖	tiô-thn̂g
潰瘍	khuì-iông
潲子	siâu-tsí
潸潸流	san-san-lâu
澀仔樹	siap-á-tshiū
澀奅	siap-phānn
澀柿仔	siap-khī-á
澀梨	siap-lâi
澀澀	siap-siap
澀紡	siap-pháng
澀葉	siap-hio̍h
澄清	tîng-tshing
澄清湖	Tîng-tshing-ôo
澈澈	theh-theh
澍中營	tshū-tiong-iânn
澍芳水	tshū-phang-tsuí
澎湃	phong-pài
澎湖	Phênn-ôo
澎湖溝	phênn-ôo-kau
澎湖縣	Phênn-ôo-kuān
澎縣	Phênn-kuān
澎風水蛙	phòng-hong-tsuí-ke
澗仔壢	Kán-á-li̍k
澤瀉	ti̍k-sià
澤蘭	ti̍k-lân
澩澩	ha̍unnh-ha̍unnh
澱粉	tiān-hún
澱粉質	tiān-hún-tsit
澳大利亞	Ò-tuā-lī-a
澳洲	Ò-tsiu
澳門	Ò-mn̂g
澳門特別行政區	Ò-mn̂g-Ti̍k-pia̍t-Hîng-tsìng-khu
澹啁啁	tâm-tsiuh-tsiuh
澹喉	tâm-âu
澹地	tâm-tē
澹水地	tâm-tsuí-tē
澹滴滴	tâm-tih-tih
澹漉漉	tâm-lok-lok
澹潤	tâm-lùn
澹澹	tâm-tâm
澹濕	tâm-sip
澹糊糊	tâm-kôo-kôo
澹耳	tâm-hīnn
激上諓	kik-tsiūnn-tsînn
激丹田	kik-tan-tiân
激互伊氣	kik-hōo-i-khì
激五仁	kik-ngóo-jîn
激五仁的	kik-ngóo-jîn-ê
激五空	kik-gōo-khang
激侺侺	kik-sīm-sīm
激倒	kik-táu
激傷	kik-siong
激冰	kik-ping
激凍鳥	Kik-tàng-tsiáu
激力	kik-la̍t
激動	kik-tōng
激勵	kik-lē
激化	kik-huà
激古	kik-kóo
激古錐	kik-kóo-tsui
激四六	kik-sù-lio̍k
激外外	kik-guā-guā
激外氣	kik-guā-khuì
激外皮	kik-guā-phuê
激大塊	kik-tuā-tè
激大尾	kik-tuā-bué
激大派	kik-tuā-phài
激大空	kik-tuā-khang
激天天	kik-thian-thian
激奶	kik-ling
激奸臣	kik-kan-sîn
激孤飛	kik-koo-pue
激官氣	kik-kuann-khuì
激容	kik-iông
激尾口	kik-bué-kháu
激屎	kik-sái
激屎桶	kik-sái-tháng
激屎面	kik-sái-bīn
激屎龜	kik-sái-ku
激巧	kik-khiáu
激廢廢	kik-huì-huì
激心	kik-sim
激怐怐	kik-khòo-khòo
激恬	kik-tiām
激恬恬	kik-tiām-tiām
激情	kik-tsîng
激憤	kik-hùn
激戇	kik-gōng
激戰	kik-tsiàn
激放放	kik-hòng-hòng
激昂	kik-gông
激條	kik-tiâu
激款	kik-khuán
激死	kik-sí
激死鯪鯉	kik-sí-lâ-lí
激氣	kik-khì
激氣口	kik-khuì-khàu
激氣頭	kik-khuì-thâu
激水	kik-tsuí
激法	kik-huat
激派	kik-phài
激派頭	kik-phài-thâu
激滋微	kik-tsu-bui
激濕濕	kik-sip-sip
激火	kik-hué
激烈	kik-lia̍t
激爛爛	kik-nuā-nuā
激狂	kik-kông
激猴管	kik-kâu-kńg
激發	kik-huat
激皮皮	kik-phî-phî
激盪	kik-tōng
激睏睏	kik-khùn-khùn
激硬	kik-ngē
激空	kik-khang
激空氣	kik-khang-khuì
激算	kik-sǹg
激素	khik-sòo
激肝田	kik-kan-tiân
激膠	kik-ka
激臭面	kik-tshàu-bīn
激華噴	kik-huâ-phùn
激血	kik-hueh
激行	kik-hīng
激角	kik-kak
激話仁	kik-uē-jîn
激詼諧	kik-khue-hâi
激變	kik-piàn
激讚的	kik-tsán-ê
激賞	kik-sióng
激起	kik-khí
激辯	kik-piān
激進	kik-tsìn
激進派	kik-tsìn-phài
激酒	kik-tsiú
激闊氣	kik-khuah-khì
激雨	kik-hōo
激霜	kik-sng
激霜仔	kik-sng-á
激面腔	kik-bīn-tshiunn
激頭殼	kik-thâu-khak
激頭腦	kik-thâu-náu
激骨	kik-kut
激骨話	kik-kut-uē
激鼻	kik-phīnn
濁劇劇	lô-kia̍k-kia̍k
濁水	lô-tsuí
濁水溪	Lô-tsuí-khe
濁湯	lô-thng
濁滓滓	lô-táng-táng
濁濁	lô-lô
濁物	ta̍k-mi̍h
濁篤篤	lô-tak-tak
濁結結	lô-kiat-kiat
濁音	lô-im
濁髓髓	lô-tshué-tshué
濃度	lông-tōo
濃烈	lông-lia̍t
濃煙	lông-ian
濃縮	lông-siok
濃縮咖啡	lông-sok-ka-pi
濕一下	sip-tsi̍t-ē
濕潤地	sip-jūn-tē
濕濕	sip-sip
濕瀉	sip-sià
濕疹	sip-tsín
濕癬	sip-sián
濛濛	bông-bông
濛霧雨	bông-bū-hōo
濟世	tsè-sè
濟人濟跤手	tsē-lâng-tsē-kha-tshiú
濟人病房	tsē-lâng-pēnn-pâng
濟公	Tsè-kong
濟助	tsuè-tsōo
濟南	Tsè-lâm
濟少	tsē-tsió
濟年	tsē-nî
濟彌滿	tsē-bí-muá
濟戲濟人看	tsē-hì-tsē-lâng-khuànn
濟新婦逆死大家	tsē-sin-pū-gi̍k-sí-ta-ke
濟濟	tsē-tsē
濟濟人運動	tsē-tsē-lâng-ūn-tōng
濟牛踏無糞	tsê-gû-ta̍h-bô-pùn
濟話	tsē-uē
濟貧	tsè-pîn
濟雲	tsē-hûn
濟項款	tsuē-hāng-khuán
濥流	ìm-lâu
濫交	lām-kau
濫伐	lām-hua̍t
濫使	lām-sú
濫做一下	lām-tsò-tsi̍t-ē
濫做夥	lām-tsò-hué
濫刑	lām-hîng
濫墾	lām-khún
濫摻	lām-sám
濫摻來	lām-sám-lâi
濫摻呾	lām-sám-tànn
濫摻問	lām-sám-mn̄g
濫摻用	lām-sám-iōng
濫摻舞	lām-sám-bú
濫摻講	lām-sám-kóng
濫殺	lām-sat
濫流	lām-lâu
濫濫	lām-lām
濫濫參參	lām-lām-tsham-tsham
濫濫累累	lām-lām-luī-luī
濫現實	lām-hiān-si̍t
濫用	lām-iōng
濫真實	lām-tsin-si̍t
濫糝	lām-sám
濫糝做	lām-sám-tsò
濫糝問	lām-sám-mn̄g
濫糝用	lām-sám-īng
濫糝講	lām-sám-kóng
濫血	lām-hueh
濫血個	lām-hueh-ê
濫陣	lām-tīn
濫雜	lām-tsa̍p
濱江	Pin-kang
濱海	pin-hái
濺出來	tsuānn-tshut-lâi
濺潲	tsuānn-siâu
濾仔	lī-á
濾仔巾	lī-á-kin
濾仔布	lī-á-pòo
濾出來	lī-tshut-lâi
濾水器	lī-tsuí-khì
濾油器	lī-iû-khì
濾淨	lī-tsīng
濾清	lī-tshing
濾紙	lī-tsuá
濾酒	lī-tsiú
瀆職	to̍k-tsit
瀉拆	sià-thiah
瀉敗	sià-pāi
瀉敗名聲	sià-tāi-miâ-siann
瀉流	sià-lâu
瀉腹	sià-pak
瀉腹肚	sià-pak-tóo
瀉藥	sià-io̍h
瀉血	sià-hiat
瀋陽	Sím-iông
瀏覽	liû-lám
瀏覽器	liû-lám-khì
瀑塌	Po̍k-lap
瀑布	pho̍k-pòo
瀑庫	po̍k-khòo
瀑沐	po̍k-bo̍k
瀝金	li̍k-kim
瀟洒	siau-sá
瀳兌	tshînn-tuī
瀳水	tshînn-tsuí
瀳風	tshînn-hong
瀾垂	nuā-suê
瀾垂仔	nuā-suê-á
瀾槽	nuā-tsô
瀾殘	nuā-tsuânn
瀾泉	nuā-tsuânn
瀾鬚	nuā-tshiu
灌予醉	kuàn-hōo-tsuì
灌唱片	kuàn-tshiùnn-phìnn
灌孤項	kuàn-koo-hāng
灌救	kuàn-kiù
灌木叢	kuàn-bo̍k-tsâng
灌杜猴	kuàn-tōo-kâu
灌水	kuàn-tsuí
灌溉	kuàn-khài
灌漿	kuàn-tsiunn
灌胿	kuàn-kui
灌腸	kuàn-tshiâng
灌膿	kuàn-lâng
灌藥仔	kuàn-io̍h-á
灌輸	kuàn-su
灌酒	kuàn-tsiú
灌醉	kuàn-tsuì
灌鐵屎	kuàn-thih-sái
灌電	kuàn-tiān
灌風	kuàn-hong
灌風尪仔	kuàn-hong-ang-á
灣圈路	uan-khuân-lōo
灣拱門	uân-kong-mn̂g
火上加油	hué-siāng-ka-iû
火傷	hué-siong
火光	hué-kng
火冒三丈	hué-mōo-sann-tn̄g
火刀	hué-to
火刀戛	hué-to-khiat
火刀石	hué-to-tsio̍h
火刻	hé-khik
火力	hué-li̍k
火加落	hué-ka-la̍uh
火劫	hué-kiap
火勢	hué-sì
火化	hué-huà
火化去矣	hué-hua-khì-ah
火厄	hué-eh
火喉	hué-âu
火喙鴨	Hué-tshuì-ah
火嘴仔	hué-tshuì-á
火囷	hué-khûn
火坑	hué-khenn
火場	hué-tiûnn
火塵烙	hué-thûn-loo
火大	hué-tuā
火夾	hué-giap
火子	hué-tsí
火尾	hué-bué
火屎	hué-sái
火山	hué-suann
火帶瘡	hué-tuà-tshng
火引	hué-ín
火影忍者	Hóⁿ-íng-Jím-tsiá
火急	hué-kip
火性	hué-sìng
火性猴	Hué-sìng-kâu
火恐龍	Hué-khióng-liông
火成岩	hué-sîng-gâm
火戛	hué-khiat
火戛仔	hué-khiat-á
火把	hué-pé
火拭	hué-tshit
火挑	hué-thio
火撓	hué-ngiáu
火擦	hué-tshat
火斑鳩	hué-pan-khiu
火星	hué-tshenn
火星石	hué-tshinn-tsio̍h
火杜伯	Hué-tōo-peh
火杜定	Hué-tōo-tīng
火柴	hué-tshâ
火母	hué-bó
火氣	hué-khì
火氣大	hué-khì-tuā
火氣旺	hué-khì-ōng
火氣盛	hué-khì-sīng
火油	hué-iû
火海	hué-hái
火漆	hué-tshat
火灰	hué-hu
火灰公	hué-hu-kong
火灰坑	hué-hu-khenn
火灰媽	hué-hu-má
火灰性	hué-hu-sìng
火灰色	hué-hu-sik
火災	hué-tsai
火炎	hué-iām
火炬	hué-kū
火炭	hué-thuànn
火炭母	hué-thuànn-bó
火炭烌	hué-thuànn-hu
火炭筆	hué-thuànn-pit
火炭頭	hué-thuànn-thâu
火炮	hué-phàu
火烌	hué-hu
火烙	hué-lō
火烺	hué-lōng
火焰	hué-iām
火煙	hué-ian
火煙船	hué-ian-tsûn
火煙車	hué-ian-tshia
火煦著	hué-ù-tio̍h
火熏	hué-hun
火熏船	hué-hun-tsûn
火燒	hué-sio
火燒仔	hué-sio-á
火燒刀	hué-sio-to
火燒厝	hué-sio-tshù
火燒厝燒過間	hué-sio-tshù-sio-kuè-king
火燒厝鳥仔	Hué-sio-tshù-tsiáu-á
火燒味	hué-sio-bī
火燒埔	hué-sio-poo
火燒尻川	hué-sio-kha-tshng
火燒山	hué-sio-suann
火燒島	hué-sio-tó
火燒心	hué-sio-sim
火燒柯	hué-sio-kho
火燒車	hué-sio-tshia
火燒酒	hué-sio-tsiú
火燒雲	hué-sio-hûn
火燒面	hué-sio-bīn
火燒馬	Hué-sio-bé
火燒鹼	hué-sio-kinn
火燙著	hué-thǹg-tio̍h
火燭	hué-tsik
火燻	hué-hun
火燻船	hué-hun-tsûn
火燻車	hué-hun-tshia
火爐	hué-lôo
火犁仔	hué-lê-á
火狂	hué-kông
火狐	hué-hôo
火珠仔	hué-tsu-á
火石	hué-tsio̍h
火砲	hué-phàu
火碗	hué-uánn
火神	hué-sîn
火神爺	hué-sîn-iâ
火票	hué-phiò
火種	hué-tsíng
火窗	hué-thang
火箍	hué-khoo
火箠	hué-tshuê
火管	hué-kńg
火管竹	hué-kńg-tik
火箭	hué-tsìnn
火箭馬	Hué-tsìnn-bé
火箸	hué-tī
火籠	hué-lang
火籤	hué-tshiam
火精靈	Hué-tsiann-lîng
火紅	hué-hông
火綿	hué-mî
火罐	hué-kuàn
火腿	hué-thuí
火舌	hué-tsi̍h
火船	hué-tsûn
火艾	hué-hiānn
火莧	hué-hāng
火莧刺	hué-hāng-tshì
火著	hué-to̍h
火葬	hué-tsòng
火薰	hué-hun
火藥	hué-io̍h
火藥味	hué-io̍h-bī
火號	hué-hō
火螢	hué-iânn
火螢棍	hué-iânn-kùn
火角馬	Hué-kak-bé
火路	hué-lōo
火車	hué-tshia
火車母	hué-tshia-bó
火車站	hué-tshia-tsām
火車蟲	hué-tshia-thâng
火車過了才歕觱仔	hué-tshia-kuè-liáu-tsiah-pûn-pi-á
火車頭	hué-tshia-thâu
火輪船	hué-lûn-tsûn
火輪車	hué-lûn-tshia
火速	hué-sok
火過才炰芋	hué-kuè-tsiah-pû-ōo
火酒	hué-tsiú
火金姑	hué-kim-koo
火金星	hué-kim-tshenn
火金棍	hué-kim-kùn
火鉗	hué-khînn
火銃	hué-tshìng
火鋏	hué-ngeh
火鍋	hué-ko
火鍘	hué-tshiah
火鍥仔	hué-keh-á
火鏡	hué-kiànn
火雞	hué-ke
火雞母	Hué-ke-bó
火雞肉飯	hué-ke-bah-pn̄g
火雞鼻	hué-ke-phīnn
火雷	hué-luî
火頭	hué-thâu
火頭軍	hué-thâu-kun
火馬	hué-bé
火鬚	hué-tshiu
火魚	hué-hî
火鳩	hué-khiu
火鴨龍	Hué-ah-liông
火鵻仔	hué-tsui-á
火點	hué-tiám
火鼎	hué-tiánn
火鼎間騙局	hué-tiánn-king-phiàn-kio̍k
火鼠	hué-tshí
火龍	hué-lîng
火龍囝	Hué-liông-kiánn
火龍在天	Hué-liông-tsāi-thian
火龍果	hué-liông-kó
火龍火馬	hué-liông-hué-bé
火龍珠	hué-liông-tsu
火龍索	hué-lîng-soh
灰卵	hue-nn̄g
灰土	hue-thôo
灰姑娘	hue-koo-niû
灰心	hue-sim
灰指甲	hue-tsíng-kah
灰灰	hu-hu
灰石	hue-tsio̍h
灰色	hue-sik
灰質	hue-tsit
灶君	tsàu-kun
灶君公	Tsàu-kun-kong
灶砧	tsàu-tiam
灶神	tsàu-sîn
灶空	tsàu-khang
灶空前	tsàu-khang-tsîng
灶腳	tsàu-kha
灶間	tsàu-king
灶雞	tsàu-ke
灶頭	tsàu-thâu
灶額	tsàu-hia̍h
灶額頭	tsàu-hia̍h-thâu
灶馬	tsàu-bé
灸草	kù-tsháu
災區	tsai-khu
災厄	tsai-eh
災害	tsai-hāi
災情	tsai-tsîng
災殃	tsai-iong
災民	tsai-bîn
災瘟	tse-un
災禍	tsai-hō
災胞	tsai-pau
災變	tsai-piàn
災難	tsai-lān
炊卵	tshue-nuī
炊床	tshue-sn̂g
炊斗	tshue-táu
炊氣	tshue-khì
炊粿	tshue-kué
炊路	tshue-lōo
炊鋪	tshue-phoo
炊餃	tshue-kiáu
炊魚仔	tshue-hî-á
炊龜	tshue-ku
炎冇冇	iām-phànn-phànn
炎夏	iām-hā
炎天赤日頭	iām-thinn-tshiah-ji̍t-thâu
炎日	iām-ji̍t
炎火	iām-hué
炎熱	iām-jua̍h
炎礪礪	iām-lè-lè
炎舞	iām-bú
炎蓬蓬	iām-phōng-phōng
炎黃子孫	iām-hông-tsú-sun
炒作	tshá-tsok
炒地皮	tshá-tē-phuê
炒肉	tshá-bah
炒菜	tshá-tshài
炒飯	tshá-pn̄g
炒麵	tshá-mī
炕旱	khòng-uānn
炕湯	khòng-thng
炕番薯	khòng-han-tsî/tsû
炕肉	khòng-bah
炕肉飯	khòng-bah-pn̄g
炕菜頭	khòng-tshài-thâu
炕蹄	khòng-tê
炙油	tsuànn-iû
炙甘草	tsià-kam-tshó
炭丸仔	thuànn-uân-á
炭化水素	tsuànn-huà-tsuí-sòo
炭子仔	thuànn-tsí-á
炭屎	thuànn-sái
炭屑仔	thuànn-sap-á
炭層	thuànn-tsân
炭幼	thuànn-iù
炭水化物	thuànn-tsuí-huà-bu̍t
炭火	thuànn-hué
炭爐	thuànn-lôo
炭畫	thuànn-uē
炭疽	thuànn-tshi
炭礦	thuànn-khòng
炭筆	thuànn-pit
炭素	thuànn-sòo
炭輦仔	thuànn-lián-á
炭閹	thuànn-iam
炮仔	phàu-á
炮仔心	phàu-á-sim
炮仔捾	phàu-á-kuānn
炮仔樹	phoh-á-tshiū
炮仔烌	phàu-á-hu
炮仔管	phàu-á-kóng
炮仔芯	phàu-á-sim
炮仔草	phàu-á-tsháu
炮兵	phàu-ping
炮城	phàu-siânn
炮壘	phàu-luí
炮子	phàu-tsí
炮彈	phàu-tuânn
炮擊	phàu-kik
炮空	phàu-khang
炮筒	phàu-tâng
炮臺	phàu-tâi
炮艦	phàu-lām
炰蕃薯	pû-han-tsî
炷星	tshū-tshenn
炷鐵	tshū-thih
炸傷	tsà-siong
炸彈	tsà-tân
炸死	tsà-sí
炸毀	tsà-huí
炸藥	tsà-io̍h
炸豬頭皮	tsuànn-ti-thâu-phuê
炸雞	tsà-ke
為主	uî-tsú
為人	uî-jîn
為何	uī-hô
為例	uī-lē
為公	uī-kong
為啥物	uī-siánn-mi̍h
為學	uî-ha̍k
為害	uî-hāi
為家己	uī-ka-kī
為己	uī-kí
為患	uī-huān
為所欲為	uî-sóo-io̍k-uî
為政	uî-tsìng
為數	uī-sòo
為業	uī-gia̍p
為榮	uî-îng
為止	uî-tsí
為王	uī-ông
為甚物	uī-sím-mih
為生	uî-sing
為私	uī-su
為著	uī-tio̍h
為著將來	uī-tio̍h-tsiong-lâi
為記	uî-kì
為限	uî-hān
為難	uî-lân
為難人	uī-lân-lâng
為非作歹	uî-hui-tsok-tái
為非糝做	uî-hui-sám-tsò
為題	uî-tê
為首	uî-siú
烈士	lia̍t-sū
烈日	lia̍t-ji̍t
烈火	lia̍t-hué
烈酒	lia̍t-tsiú
烊糊糊	iûnn-kôo-kôo
烊醬醬	iûnn-tsiùnn-tsiùnn
烏云母	oo-hûn-bó
烏人	oo-lâng
烏仁	oo-jîn
烏仁對白仁	oo-jîn-tuì-pe̍h-jîn
烏仁白仁	oo-lîn-pe̍h-lîn
烏仔	oo-á
烏仔梅	oo-á-m̂
烏仔目草	oo-á-ba̍k-tsháu
烏仔藥	oo-á-io̍h
烏仔豆	oo-á-tāu
烏仔魚	oo-á-hî
烏來	U-lâi
烏克蘭	Oo-khik-lân
烏凋寒	oo-ta-kuânn
烏刺仔	oo-tshì-á
烏刺茄	oo-tshì-kiô
烏創白創	oo-tshòng-pe̍h-tshòng
烏卒仔	oo-tsut-á
烏參參	oo-sim-sim
烏合之眾	oo-ha̍p-tsi-tsiòng
烏名單	oo-miâ-tuann
烏吐白吐	oo-thòo-pe̍h-thòo
烏咖啡	oo-ka-pi
烏哞哞	oo-ma-ma
烏啁啁	oo-tsiuh-tsiuh
烏喉	oo-âu
烏喉蟲	oo-âu-thâng
烏喙牛尻川	oo-tshuì-gû-kha-tshng
烏嘴牛	oo-tshuì-gû
烏嘴鷗	oo-tshuì-oo
烏囉嗦	oo-lo-so
烏土	oo-thôo
烏塌	oo-lap
烏塗仔糜	oo-thôo-á-muê
烏墨	oo-ba̍k
烏墨墨	oo-ba̍k-ba̍k
烏壘烏	oo-luí-oo
烏壟	u-lóng
烏壟麵	u-lóng-mī
烏天暗地	oo-thinn-àm-tē
烏天鵝	oo-thian-gô
烏姑魚	oo-koo-hî
烏娘仔	oo-niû-á
烏嬸黃鸝	oo-tsím-hông-lê
烏子仔草	oo-tsí-á-tsháu
烏寒	oo-kuânn
烏寒天	oo-kuânn-thinn
烏尖	oo-tsiam
烏尾冬	oo-bué-tang
烏尾雞	oo-bué-ke
烏屎	oo-sái
烏山	Oo-suann
烏山頭	Oo-suann-thâu
烏山頭水庫	Oo-suann-thâu-tsuí-khòo
烏市	oo-tshī
烏幫	oo-pang
烏干達	Oo-kan-ta̍t
烏幻	oo-huánn
烏幼	oo-iù
烏店	oo-tiàm
烏張飛	oo-tiunn-hui
烏影	oo-iánn
烏影誕	oo-iánn-tānn
烏影銀行	oo-iánn-gîn-hâng
烏心	oo-sim
烏心毒行	oo-sim-to̍k-hīng
烏心石	oo-sim-tsio̍h
烏心肝	oo-sim-kuann
烏戛	oo-khia̍t
烏戛戛	oo-khia̍t-khia̍t
烏戶	oo-hōo
烏手	oo-tshiú
烏批	oo-phe
烏拈	oo-liam
烏拉圭	Oo-lá-kui
烏拗	oo-áu
烏撇仔	oo-phiat-á
烏斑	oo-pan
烏斑蠓	oo-pan-báng
烏日	Oo-ji̍t
烏昏	oo-hng
烏昏面	oo-hng-bīn
烏星暗月	oo-tshenn-àm-gue̍h
烏昲	oo-phú
烏晶	oo-tsenn
烏晶目鏡	oo-tsenn-ba̍k-kiànn
烏暗	oo-àm
烏暗天	oo-àm-thinn
烏暗摸	oo-àm-bong
烏暗時代	oo-àm-sî-tāi
烏暗暗	oo-àm-àm
烏暗暝	oo-àm-mê
烏暗的	oo-àm-ê
烏暗眩	oo-àm-hîn
烏暗鯧	oo-àm-tshiunn
烏曜石	oo-iāu-tsio̍h
烏有	oo-iú
烏有去矣	oo-iú-khì-ah
烏有矣	oo-iú-ah
烏木	oo-ba̍k
烏杉	oo-sam
烏李仔菜	oo-lí-á-tshài
烏材	oo-tsâi
烏材柿	oo-tsâi-khī
烏杙	oo-khi̍t
烏松	oo-siông
烏板	oo-pán
烏板報	oo-pán-pò
烏板擦	oo-pán-tshat
烏枋	oo-pang
烏柑仔	oo-kam-á
烏格	oo-keh
烏格仔	oo-keh-á
烏梅	oo-m̂
烏棗	oo-tsó
烏楴	oo-thè
烏榕	oo-tshîng
烏樹	oo-tshiū
烏樹仔	oo-tshiū-á
烏毛	oo-mn̂g
烏水晶	oo-tsuí-tsenn
烏水雞	oo-tsuí-ke
烏汁汁	oo-tsap-tsap
烏油	oo-iû
烏油杉	oo-iû-sam
烏洞	oo-tōng
烏海水	oo-hái-tsuí
烏滓	oo-tái
烏滓血	oo-tái-hueh
烏漉肚	oo-lok-tōo
烏灰	oo-hue
烏無常	oo-bû-siông
烏焦	oo-tâ
烏焦瘦	oo-ta-sán
烏焦蛇	oo-ta-tsuâ
烏煙	oo-hun
烏煙塵	oo-ian-thûn
烏熊	oo-hîm
烏熏	oo-hun
烏熏吹	oo-hun-tshue
烏熏吹頭	oo-hun-tshue-thâu
烏熏膏	oo-hun-ko
烏燻花	oo-hun-hue
烏片	oo-phìnn
烏牌	oo-pâi
烏牛欄	Oo-gû-lân
烏牢底	oo-tiâu-té
烏狗	oo-káu
烏狗母	oo-káu-bó
烏猩猩	oo-sing-sing
烏猴	oo-kâu
烏珠	oo-tsu
烏瓷	oo-huî
烏甕串	oo-àng-tshǹg
烏甘	oo-kam
烏甜	oo-tinn
烏甜葉	oo-tinn-hio̍h
烏甪甪	oo-lut-lut
烏田烏	oo-tshân-oo
烏痘	oo-tāu
烏痣	oo-kì
烏痧	oo-sua
烏白	oo-pe̍h
烏白來	oo-pe̍h-lâi
烏白切	oo-pe̍h-tshiat
烏白創	oo-pe̍h-tshòng
烏白吠	oo-pe̍h-puī
烏白喋	oo-pe̍h-thi̍h
烏白想	oo-pe̍h-siūnn
烏白拂	oo-pe̍h-hut
烏白捽	oo-pe̍h-tsu̍t
烏白沐	oo-pe̍h-bak
烏白炸	oo-pe̍h-tsuànn
烏白片	oo-pe̍h-phìnn
烏白罵	oo-pe̍h-mē
烏白臆	oo-pe̍h-ioh
烏白舞	oo-pe̍h-bú
烏白試	oo-pe̍h-tshì
烏白諍	oo-pe̍h-tsènn
烏白講	oo-pe̍h-kóng
烏白賴	oo-pe̍h-luā
烏白走	oo-pe̍h-tsáu
烏白郎君	oo-pe̍h-lông-kun
烏白食	oo-pe̍h-tsia̍h
烏白鬧	oo-pe̍h-nāu
烏皮茶	oo-phuê-tê
烏皮豬	oo-phuê-ti
烏目仁	oo-ba̍k-jîn
烏目仔	oo-ba̍k-á
烏目墘	oo-ba̍k-kînn
烏目鏡	oo-ba̍k-kiànn
烏矸仔貯豆油	oo-kan-á-té-tāu-iû
烏磯	oo-ki
烏磯猿	oo-ki-uân
烏社會	oo-siā-huē
烏種	oo-tsíng
烏穗	oo-suī
烏穗病	oo-suī-pēnn
烏空	oo-khang
烏竹	oo-tik
烏笛仔	oo-ta̍t-á
烏管	oo-kńg
烏箱	oo-siunn
烏籠籠	oo-lang-lang
烏糖	oo-thn̂g
烏糖核	oo-thn̂g-hu̍t
烏紅	oo-âng
烏紅搭	oo-âng-tah
烏紗	oo-se
烏紗帽	oo-se-bō
烏絨雞	oo-jiông-ke
烏綠	oo-li̍k
烏翅婆	oo-si̍t-pô
烏翼仔	oo-si̍t-á
烏耳	oo-hīnn
烏耳鰻	oo-hī-muâ
烏肉	oo-bah
烏肉底	oo-bah-té
烏肉雞	oo-bah-ke
烏肚䆀	oo-tóo-bái
烏肚蟲	oo-tōo-thâng
烏脝脝	oo-hing-hing
烏腳	oo-kha
烏腳烏	oo-kha-oo
烏腳蕨	oo-kha-kueh
烏腳蚊	oo-kha-báng
烏腳雲	oo-kha-hûn
烏腳香	oo-kha-hiunn
烏腸肚	oo-tn̂g-tōo
烏臭臭	oo-tshàu-tshàu
烏色	oo-sik
烏茹茹	oo-lu-lu
烏荒	oo-hng
烏蒂仔	oo-tì-á
烏蔭蔭	oo-ìm-ìm
烏薰	oo-hun
烏薰吹	oo-hun-tshue
烏藥	oo-io̍h
烏蘞莓	oo-liám-m̂
烏虹	oo-khīng
烏蚋仔	oo-suî-á
烏蚋仔蠓	oo-suî-á-báng
烏蚶	oo-ham
烏蚶鮭	oo-ham-kuê
烏蛄蟲	oo-ku-thâng
烏蛆	oo-tshi
烏蛇	oo-tsuâ
烏蛟騰	Oo-kau-thîng
烏蜂	oo-phang
烏蜍仔	oo-sû-á
烏蟯	oo-giô
烏蟲	oo-thâng
烏西蠓	oo-se-báng
烏角蜂	oo-kak-phang
烏話	oo-uē
烏講白講	oo-kóng-pe̍h-kóng
烏豆	oo-tāu
烏豆奶	oo-tāu-ling
烏豬哥	oo-ti-ko
烏豹	oo-pà
烏貓	oo-niau
烏貓仔母	oo-niau-á-bú
烏貓姐仔	Oo-niau-tsí-á
烏貓母女	Oo-niau-bú-lú
烏貓烏狗	oo-niau-oo-káu
烏貓貓	oo-niau-niau
烏貨	oo-huè
烏赤	oo-tshiah
烏跤西淋	oo-kha-sai-lâm
烏輪	oo-lián
烏透紅	oo-tòo-âng
烏透紙	oo-tòo-tsuá
烏道	oo-tō
烏那	oo-ná
烏醋	oo-tshòo
烏金	oo-kim
烏金滑	oo-kim-ku̍t
烏金烏金	oo-kim-oo-kim
烏金金	oo-kim-kim
烏釘蚊	oo-tìng-báng
烏釘蜂	oo-tìng-phang
烏釘蠓	oo-tìng-báng
烏鉎烏鉎	oo-sian-oo-sian
烏鉎鉎	oo-sian-sian
烏錢	oo-tsînn
烏陰	oo-im
烏陰天	oo-im-thinn
烏陰寒	oo-im-kuânn
烏陰雨	oo-im-hōo
烏雉	oo-thī
烏雉雞	oo-thī-ke
烏雞仔	oo-ke-á
烏雞骨	oo-ke-kut
烏雨	oo-hōo
烏雲	oo-hûn
烏雲失暗	oo-hûn-sit-àm
烏雲罩霧	oo-hûn-tà-bū
烏雲豹	oo-hûn-pà
烏青	oo-tshenn
烏面抐桮	oo-bīn-lā-pue
烏面猴	oo-bīn-kâu
烏面番	oo-bīn-huan
烏面賊	oo-bīn-tsha̍t
烏面飯	oo-bīn-pn̄g
烏面馬	oo-bīn-bé
烏靴	oo-hia
烏韭	oo-kú
烏頭	oo-thâu
烏頭狗	oo-thau-káu
烏頭蛇	oo-thâu-tsuâ
烏頭鵠仔	oo-thâu-khok-á
烏顯	oo-hiánn
烏食烏	oo-tsia̍h-oo
烏馬	oo-bé
烏骨仔	oo-kut-á
烏骨雞	oo-kut-ke
烏骨鱙	oo-kut-jiâu
烏體字	oo-thé-lī
烏體輻射	oo-thé-hok-siā
烏鬃	oo-tsang
烏鬼	oo-kuí
烏鬼仔洞	Oo-kuí-á-tōng
烏鬼埔	oo-kuí-poo
烏鬼洞	oo-kuí-tōng
烏鬼鬼	oo-kuí-kuí
烏魚	oo-hî
烏魚子	oo-hî-tsí
烏魚郎	oo-hî-lông
烏魯木齊	oo-lóo-bo̍k-tsê
烏魴	oo-hang
烏鮸	oo-bián
烏鯃	oo-ngôo
烏鯊	oo-sua
烏鯧	oo-tshiunn
烏鯽仔	oo-tsik-á
烏鰡	oo-liu
烏鰱	oo-liân
烏鰻	oo-muâ
烏鰻魚	oo-muâ-hî
烏鴉	oo-a
烏鴉仔	oo-a-á
烏鴉嘴	oo-a-tshuì
烏鴉笑烏豬	oo-a-tshiò-oo-ti
烏鴉翎	oo-a-lîng
烏鴨蟲	oo-ah-thâng
烏鵲	oo-tshiok
烏鶖	oo-tshiu
烏鶖騎水牛	oo-tshiu-khiâ-tsuí-gû
烏麻	oo-muâ
烏麻油	oo-muâ-iû
烏點	oo-tiám
烏點仔油	oo-tiám-á-iû
烏點格仔	oo-tiám-keh-á
烏龍	oo-liông
烏龍仔	oo-lîng-á
烏龍茶	oo-liông-tê
烏龍踅桌	oo-liông-se̍h-toh
烏龜	oo-ku
烏龜仔	oo-ku-á
烏龜婆	oo-kui-pô
烏龜性	oo-kui-sìng
烏龜神	oo-kui-sîn
烏龜量	oo-kui-liāng
烏龜頭	oo-kui-thâu
烘予熟	hang-hōo-si̍k
烘手	hang-tshiú
烘櫥	hang-tû
烘火	hang-hué
烘烘	hang-hang
烘烘燒	hōng-hōng-sio
烘烤	hang-khó
烘燒	hang-sio
烘爐	hang-lôo
烘爐只	hang-lôo-tsí
烘爐扇	hang-lôo-sìnn
烘肉	hang-bah
烘肉丼	hang-bah-tóng
烘衫機	hang-sann-ki
烘豆仔	hang-tāu-á
烘雞	hang-ke
烘麭	hang-pháng
烙烙	lō-lō
烞薰	pok-hun
烤箱	khó-siunn
烰番薯	pû-han-tsî
烰豬排	phû-ti-pâi
烰豬排丼	phû-ti-pâi-tóng
烹油	phing-iû
烹煮	phing-tsú
烹調	phing-tiāu
烽火	hong-hué
焊藥	huānn-io̍h
焊補	hān-póo
焊錫	huānn-siah
焐冰	ù-ping
焐卡	ù-khah
焐燒	ù-sio
焐燒包	ù-sio-pau
焙麭	puē-pháng
焚化爐	hûn-huà-lôo
焚毀	hûn-huí
焚水	hiânn-tsuí
焚滾水	hiânn-kún-tsuí
焚火	hiânn-hué
焚茶	hiânn-tê
焟日	tsioh-ji̍t
焟火	tsioh-hué
焟燒	tsioh-sio
無一下著	bô-tsi̍t-ē-tio̍h
無一个兩相	bô-tsi̍t-ê-niú-siùnn
無一個無	bô-tsi̍t-ê-bô
無一塊好	bô-tsi̍t-tè-hó
無一定	bô-it-tīng
無一撇	bô-tsi̍t-phiat
無一步取	bô-tsi̍t-pōo-tshú
無一症	bô-tsi̍t-tsìng
無一路長	bô-tsi̍t-lōo-tn̂g
無一長可取	bô-tsi̍t-tn̂g-khó-tshú
無三無兩	bô-sann-bô-nn̄g
無上正	bô-tsiūnn-tsiànn
無上目	bô-tsiūnn-ba̍k
無上算	bô-tsiūnn-sǹg
無上腳	bô-tsiūnn-kioh
無下無落	bô-hē-bô-lo̍h
無下落	bô-hē-lo̍h
無不	bû-put
無中心化	bô-tiong-sim-huà
無主張	bô-tsú-tiunn
無久	bô-kú
無亂滾笑	bô-luān-kún-tshiò
無了時	bô-liáu-sî
無了解	bô-liáu-kái
無事使	bô-sū-sái
無事想	bô-sū-siūnn
無人	bô-lâng
無人佇	bô-lâng-tī
無人情	bô-jîn-tsîng
無人是外人	bô-lâng-sī-guā-lâng
無人機	bû-jîn-ki
無人法	bô-lâng-huat
無人緣兼乞食羶	bô-lâng-iân-kiam-khit-tsia̍h-hiàn
無人緣兼臭乞食羶	bô-lâng-iân-kiam-tshàu-khit-tsia̍h-hiàn
無人道	bô-jîn-tō
無人銀行	bô-lâng-gîn-hâng
無仝	bô-kâng
無仝條水	bô-kāng-tiâu-tsuí
無仝款	bô-kāng-khuán
無仝生張的	bô-kāng-senn-tiunn-ê
無代無誌	bô-tāi-bô-tsì
無伊法	bô-i-huat
無佇咧	bô-tī-leh
無你个代	bô-lí-ê-tāi
無你這馬會當試看覓	bô-lí-tsit-má-ē-tàng-tshì-khuànn-māi
無佮意	bô-kah-ì
無來去	bô-lâi-khì
無依倚	bô-i-uá
無便	bô-piān
無俗	bô-sio̍h
無信篤	bô-sìn-táu
無信道	bô-sìn-táu
無值代	bô-tī-tāi
無值錢	bô-ta̍t-tsînn
無偌久	bô-luā-kú
無偌好	bô-juā-hó
無停	bô-thîng
無停腳	bô-thîng-kha
無偷無漏	bô-thau-bô-lāu
無傳	bô-thn̂g
無像	bô-siâng
無像款	bô-tshiūnn-khuán
無價	bû-kè
無價值	bô-kè-ta̍t
無價寶	bû-kè-pó
無兜無梢	bô-tau-bô-sau
無兢心	bô-kin-sim
無兩想	bô-niú-siúnn
無兩無想	bô-niú-bô-siūnn
無公平	bô-kong-pênn
無公正	bô-kong-tsiànn
無公道	bô-kong-tō
無六親	bô-lio̍k-tshin
無共我放在眼內	bô-kā-guá-hòng-tsāi-gán-lāi
無共款	bô-kāng-khuán
無出聲	bô-tshut-siann
無出脫	bô-tshut-thuat
無出門	bô-tshut-mn̂g
無分張	bô-pun-tiunn
無分無會	bô-hun-bô-huē
無利可圖	bô-lī-khó-tôo
無力	bô-la̍t
無力感	bô-li̍k-kám
無勇	bô-ióng
無勉強	bô-bián-kióng
無動無著	bô-tāng-bô-tio̍h
無勢	bô-sè
無半圓	bô-puànn-înn
無半屑	bô-puànn-sut
無半撇	bô-puànn-phiat
無半步	bô-puànn-pōo
無半症	bô-puànn-tsìng
無半項	bô-puànn-hāng
無卡縒	bô-khah-tsua̍h
無去	bô-khì
無去矣	bô-khì-ah
無及格	bô-ki̍p-keh
無叮無噹	bô-ting-bô-tang
無可定	bô-khó-tiānn
無可無不可	bû-khó-bû-put-khó
無可能	bô-khó-lîng
無可諱言	bû-khó-huì-giân
無各樣	bô-koh-iūnn
無合	bô-ha̍h
無合時機	bô-ha̍h-sî-ki
無合身份	bô-ha̍h-sin-hūn
無同	bô-tâng
無名	bô-miâ
無名先生	bô-miâ-sin-senn
無名化	bô-miâ-huà
無名指	bû-bîng-tsáinn
無名氏	bû-bîng-sī
無名無聲	bô-miâ-bô-siann
無向	bô-ǹg
無向無看	bô-ǹg-bô-khuànn
無吭聲	bô-khn̄g-siann
無命	bô-miā
無咧信篤	bô-leh-sìn-táu
無咧相交插	bô-teh-sio-kau-tshap
無咧要緊	bô-teh-iàu-kín
無品	bô-phín
無哼無哼	bô-hainn-bô-hainn
無問題	bô-būn-tê
無啥	bô-siánn
無啥潲路用	bô-siánn-siâu-lōo-iōng
無啥物	bô-siánn-mi̍h
無啥貨	bô-siánn-huè
無喙水	bô-tshuì-tsuí
無喙齒的飛龍	bô-tshuì-khí-ê-pue-liông
無嗣鬼	bô-sû-kuí
無嘴斗	bô-tshuì-táu
無嘴水	bô-tshuì-tsuí
無嘴花	bô-tshuì-hue
無四常	bô-sù-siông
無四配	bô-sù-phuè
無囝債	bô-kiánn-tsè
無囝利	bô-kiánn-lāi
無因無端	bô-in-bô-tuann
無因端	bô-in-tuann
無因致端	bô-in-tì-tuann
無在心	bô-tsāi-sim
無坎無站	bô-khám-bô-tsām
無堪	bô-kham
無塊軟	bô-teh-nńg
無夠	bô-kàu
無夠一喙	bô-kàu-tsi̍t-tshuì
無夠力	bô-kàu-la̍t
無夠氣	bô-kàu-khuì
無夠看	bô-kàu-khuànn
無夠窒喙空	bô-kàu-that-tshuì-khang
無夠著	bô-kàu-tio̍h
無夠體力	bô-kàu-thé-la̍t
無大才	bô-tāi-tsâi
無大故	bô-tāi-kòo
無大礙	bô-tuā-gāi
無大細目	bô-tuā-sè-ba̍k
無天理	bô-thian-lí
無天理慘	bô-thinn-lí-tshám
無天良	bô-thian-liâng
無奇不有	bô-kî-put-iú
無奈	bô-nāi
無奈何	bô-tāi-uâ
無好	bô-hó
無好勢	bô-hó-sì
無好心	bô-hó-sim
無好死	bô-hó-sí
無好聲嗽	bô-hó-siann-sàu
無好聲頭	bô-hó-siann-thâu
無妄之災	bû-bōng-tsi-tsai
無妨	bô-hông
無嫌著磨	bô-hiâm-tio̍h-buâ
無子午	bô-tsú-ngóo
無字	bô-jī
無字墨	bô-jī-ba̍k
無字眼	bô-jī-gán
無存大	bô-tshûn-tuā
無存天	bô-tsûn-thinn
無存後步	bô-tshûn-āu-pōo
無守本份	bô-siú-pún-hūn
無定	bô-tīng
無定性	bô-tīng-sìng
無定時	bô-tīng-sî
無定著	bô-tiānn-tio̍h
無定著時間	bô-tiānn-tio̍h-sî-kan
無害	bô-hāi
無容易	bô-iông-ī
無實在	bô-si̍t-tsāi
無對同	bô-tuì-tâng
無對心	bô-tuì-sim
無對路	bô-tuì-lōo
無尾坐	bô-bué-tsē
無尾巷	bô-bué-hāng
無尾港	bô-bué-káng
無尾鳥鼠	bô-bué-niáu-tshí
無局	bô-kio̍k
無工藝	bô-kang-gē
無差	bô-tsha
無常	bû-siông
無干係	bô-kan-kè
無干礙	bô-kan-gāi
無平	bô-pênn
無平正	bô-pênn-tsiànn
無平重	bô-pênn-tāng
無幾日	bô-kuí-ji̍t
無底代	bô-tī-tāi
無底巷	bô-té-hāng
無底止	bô-tí-tsí
無底深坑	bô-té-tshim-khenn
無底褲	bô-té-khòo
無張持	bó-tiunn-tî
無張無持	bô-tiunn-bô-tî
無形	bô-hîng
無形中	bô-hîng-tiong
無彩嘴	bô-tshái-tshuì
無彩工	bô-tshái-kang
無影	bô-iánn
無影代	bô-iánn-tāi
無影槍揬死	bô-iánn-tshiunn-tu̍h-sí
無影無一隻	bô-iánn-bô-tsi̍t-tsiah
無影無跡	bô-iánn-bô-tsiah
無影無隻	bô-iánn-bô-tsiah
無影話	bô-iánn-uē
無影跡	bô-iánn-tsiah
無往不利	bû-óng-put-lī
無後嗣	bô-āu-sû
無得定	bô-tik-tiānn
無得無定	bô-tit-bô-tiānn
無心情	bô-sim-tsiânn
無心肝	bô-sim-kuann
無心肝症	bô-sim-kuann-tsìng
無心適	bô-sim-sik
無必要	bô-pit-iàu
無忌克	bô-khī-khik
無志氣	bô-tsì-khì
無性地	bô-sìng-tē
無恥	bû-thí
無患子	bû-huān-tsí
無情	bô-tsîng
無惜	bô-sioh
無惜寶	bô-sioh-pó
無惜略	bô-sioh-lio̍h
無想	bô-siūnn
無想愛	bô-siūnn-ài
無想欲	bô-siūnn-beh
無想著	bô-siūnn-tio̍h
無意中	bô-ì-tiong
無意中學	bô-ì-tiong-o̍h
無意向	bô-ì-hiàng
無意思	bô-ì-sù
無意無思	bô-ì-bô-sù
無意無意	bô-ì-bô-ì
無意神	bô-ì-sîn
無意義	bô-ì-gī
無意識	bû-ì-sik
無意間	bô-ì-kan
無愛	bô-ài
無愛閣再	bô-ài-koh-tsài
無慼變	bô-tsheh-pìnn
無懾	bô-liap
無成一个款	bô-sîng-tsi̍t-ê-khuán
無成體統	bô-sîng-thé-thóng
無我	bô-ngóo
無戲哼	bô-hìnn-hainn
無所不在	bô-sóo-put-tsāi
無所謂	bô-sóo-uī
無所適從	bô-sóo-sik-tsiông
無所靠	bô-sóo-khò
無才	bô-tsâi
無打無啥	bô-tá-bô-sánn
無打緊	bô-tánn-kín
無扮	bô-pān
無拄好	bô-tú-hó
無拈無捻	bô-ni-bô-liàm
無拍生驚	bô-phah-tshenn-kiann
無拍算	bô-phah-suìnn
無拚	bô-piànn
無拚面	bô-piànn-bīn
無招	bô-tsio
無持防	bô-tî-hông
無捌證明	bô-bat-tsìng-bîng
無捨世	bô-siá-sì
無損檢測	bû-sún-kiám-tshik
無撙節	bô-tsún-tsat
無擋	bô-tòng
無攝	bô-liap
無攬無拈	bô-lám-bô-ne
無效	bô-hāu
無救	bô-kiù
無救矣	bô-kiù-ah
無敗害	bô-pāi-hāi
無敗板	bô-pāi-pán
無教示	bô-kà-sī
無敢定	bô-kánn-tīng
無敵	bû-ti̍k
無數	bô-sòo
無數擺	bô-siàu-pái
無斂嘴	bô-liàm-tshuì
無料	bô-liāu
無料到	bô-liāu-kàu
無斬無截	bô-tsám-bô-tsue̍h
無斷	bô-tn̄g
無早無暗	bô-tsá-bô-àm
無明無朗	bô-bîng-bô-lóng
無時停	bô-sî-thîng
無時定	bô-sî-tiānn
無時恬	bô-sî-tiām
無時無候	bô-sî-bô-hāu
無時行	bô-sî-kiânn
無時閒	bô-sî-îng
無時間	bô-sî-kan
無暇	bô-khà
無暝無日	bô-mê-bô-ji̍t
無暫節	bô-tsām-tsat
無望	bô-bāng
無枷夯交椅	Bô-kê-giâ-kau-í.
無根草	bô-kin-tsháu
無條件	bô-tiâu-kiānn
無棄嫌	bô-khì-hiâm
無極死禿頭	bû-ki̍k-sí-thut-thâu
無樣相	bô-iūnn-siùnn
無機化合物	bû-ki-huà-ha̍p-bu̍t
無機化學	bû-ki-huà-ha̍k
無欠	bô-khiàm
無欠數	bô-khiàm-siàu
無欲	bô-beh
無欲愛	bô-beh-ài
無欲插	bô-boh-tshap
無欲給	bô-beh-kā
無款	bô-khuán
無歇	bô-hioh
無止境	bô-tsí-kíng
無正經	bô-tsìng-king
無步	bô-pōo
無殮喙	bô-liàm-tshuì
無毋著	bô-m̄-tio̍h
無母囝	bô-bó-kiánn
無比	bû-pí
無比止	bô-pí-tsí
無氣	bô-khuì
無水	bô-tsuí
無水田	bô-tsuí-tshân
無沓屑	bô-tap-sap
無沓無屑	bô-tap-bô-sap
無沙無圾	bô-sua-bô-sap
無油杉	bô-iû-sam
無法	bô-huat
無法伊	bô-huat-i
無法度	bô-huat-tōo
無法度袂記得	bô-huat-tōo-bē-kì-tit
無法得	bô-huat-tit
無注意	bô-tsù-ì
無津	bô-tin
無派胚	bô-phài-phe
無消	bô-siau
無消暢	bô-siau-thiòng
無清楚	bô-tshing-tshó
無清無楚	bô-tshing-bô-tshó
無準算	bô-tsún-sǹg
無滴無噹	bô-tih-bô-tang
無滾笑	bô-kún-tshiò
無滿意	bô-muá-ì
無潲姦	bô-siâu-kàn
無濫	bô-lām
無濫摻	bô-lām-sám
無濫無濫	bô-lām-bô-lām
無煙	bô-ian
無煞	bô-suah
無照子午	bô-tsiàu-tsú-ngóo
無煩惱食穿	bô-huân-ló-tsia̍h-tshīng
無爽	bô-sóng
無爽快	bô-sóng-khuài
無爾我	bô-jí-ngóo
無牌醫生	bô-pâi-i-sing
無牛駛馬	bô-gû-sái-bé
無牢	bô-tiâu
無理氣	bô-lí-khì
無用	bô-iōng
無畏	bô-uì
無畫算	bô-huā-sǹg
無異	bô-īnn
無異議	bô-ì-gī
無疑	bô-gî
無疑悟	bô-gî-ngōo
無疾而終	bû-tsi̍t-jî-tsiong
無癮	bô-giàn
無的確	bô-tik-khak
無益	bô-ik
無盤	bô-puânn
無目地	bô-ba̍k-tē
無目子	bô-ba̍k-tsí
無相仝	bô-sio-kâng
無相共	bô-sio-kāng
無相干	bô-siang-kan
無相欠	bô-sio-khiàm
無相讓	bô-sio-niū
無相輸	bô-siang-su
無看的好了了	bô-khuànn-ê-hó-liáu-liáu
無看著	bô-khuànn-tio̍h
無眠	bô-bîn
無矣	bô-ah
無知	bô-ti
無知證明	bô-tsai-tsìng-bîng
無確定	bô-khak-tīng
無礙	bô-gāi
無礙著	bô-gāi-tio̍h
無神	bô-sîn
無神彩	bô-sîn-tshái
無神論	bû-sîn-lūn
無禮	bô-lé
無禮貌	bô-lé-māu
無私	bô-su
無稀罕	bô-hi-hán
無稽之談	bû-khe-tsi-tâm
無穩是	bô-ún-sī
無空	bô-khang
無空暝日	bô-khang-mê-ji̍t
無空無榫	bô-khang-bô-sún
無穿鞋	bô-tshīng-ê
無窮	bû-kiông
無窮盡	bû-kiông-tsīn
無站無節	bô-tsām-bô-tsat
無站節	bô-tsām-tsat
無笑神	bô-tshiò-sîn
無第二句話	bô-tē-jī-kù-uē
無算擺	bô-suìnn-pái
無管	bô-kuán
無管無插	bô-kuán-bô-tshap
無節撙	bô-tsat-tsún
無精彩	bô-tsing-tshái
無精打采	bû-tsing-tánn-tshái
無精神	bô-tsing-sîn
無細膩	bô-sè-jī
無絕對	bô-tsua̍t-tuì
無給職	bû-kip-tsit
無網袋	bô-bāng-tē
無線	bô-suànn
無線電	bô-suànn-tiān
無緣	bô-iân
無緣無故	bô-iân-bô-kòo
無縒	bô-tsua̍h
無繃	bô-penn
無罪	bô-tsuē
無者	bô-tsiá
無耐性	bô-nāi-sìng
無聊	bô-liâu
無聲	bô-siann
無聲無說	bô-siann-bô-seh
無肚量	bô-tōo-liāng
無胚	bô-phe
無能	bô-lîng
無腹內	bô-pak-lāi
無膏	bô-ko
無膦脬	bô-lān-pha
無膽	bô-tánn
無自由單字元	bô-tsū-iû-tan-jī-guân
無臭無潲	bô-tshàu-bô-siâu
無致心	bô-tì-sim
無致無意	bô-tì-bô-ì
無興	bô-hìng
無興趣	bô-hìng-tshù
無興頭	bô-hìng-thâu
無良心	bô-liâng-sim
無花字	bô-hue-jī
無花果	bû-hua-kó
無菌	bô-khún
無落種閣欲收成	bô-lo̍h-tsìng-koh-beh-siu-sîng
無葉藤	bô-hio̍h-tîn
無著	bô-tio̍k
無著時	bô-tio̍h-sî
無藝	bô-gē
無藝笑	bô-gē-siàu
無藝量	bô-gē-niū
無藥醫	bô-io̍h-i
無螫皮	bô-tshioh-phuê
無行情	bô-hâng-tsîng
無行止	bû-hîng-tsí
無補	bô-póo
無要意	bô-iàu-ì
無要無緊	bô-iàu-bô-kín
無要緊	bô-iàu-kín
無要領	bô-iàu-líng
無親像款	bô-tshin-tshiūnn-khuán
無言	bô-giân
無計較	bô-kè-kàu
無記名	bô-kì-miâ
無記心	bô-kì-sim
無記持	bô-kì-tî
無記持症	bô-kì-tî-tsìng
無話無句	bô-uē-bô-kù
無話講	bô-uē-kóng
無話講茭荖	bô-uē-kóng-ka-ló
無認份	bô-jīn-hūn
無認分	bô-jīn-hūn
無誠意	bô-sîng-ì
無誤	bô-gōo
無論	bô-lūn
無謂	bô-uī
無講理	bô-kóng-lí
無譜	bô-phóo
無變步	bô-piàn-pōo
無變竅	bô-piàn-khiàu
無變輦	bô-piàn-lián
無貓無鵁鴒	bô-niau-bô-ka-līng
無賒數	bô-sia-siàu
無賰	bô-tshun
無賴漢	bû-nāi-hàn
無赴喘	bô-hù-tshuán
無起號	bô-khí-hō
無趣味	bô-tshù-bī
無路使	bô-lōo-sái
無路來	bô-lōo-lâi
無路屎	bô-lōo-sái
無路用	bô-lōo-īng
無身屍	bô-sin-si
無較縒	bô-khah-tsua̍h
無輸	bô-su
無輸無贏	bô-su-bô-iânn
無輸贏	bô-su-iânn
無輸雙	bô-su-siang
無辜	bû-koo
無辦法	bô-pān-huat
無辦胚	bô-pān-phe
無退跤个所在	bô-thè-kha-ê-sóo-tsāi
無這个人	bô-tsit-ê-lâng
無通	bô-thang
無通軟	bô-thang-nńg
無過	bû-kò
無道德	bô-tō-tik
無道德錢	bô-tō-tik-tsînn
無道理	bô-tō-lí
無遺	bô-î
無邊	bû-pian
無邪	bû-siâ
無醫	bô-i
無采	bô-tshái
無采嘴舌	bô-tshái-tshuì-tsi̍h
無采工	bô-tshái-kang
無重巡	bô-tîng-sûn
無量	bô-liāng
無鉛汽油	bô-iân-khì-iû
無銷	bô-siau
無錢	bô-tsînn
無錢人	bô-tsînn-lâng
無錢講無話	bô-tsînn-kóng-bô-uē
無錢飯	bô-tsînn-pn̄g
無錯	bô-tshò
無開門	bô-khui-mn̂g
無閒	bô-îng
無閒刺刺	bô-îng-tshì-tshì
無閒刺鑿	bô-îng-tshì-tsha̍k
無閒工	bô-îng-kang
無閣	bô-koh
無關係	bô-kuan-hē
無限	bû-hān
無限定	bô-hān-tiānn
無陸水錢	bû-lio̍k-tsuí-tsînn
無電	bô-tiān
無需要	bô-su-iàu
無非	bû-hui
無面孔	bô-bīn-kháng
無音信	bô-im-sìn
無頭公案	bô-thâu-kong-àn
無頭批	bô-thâu-phe
無頭摠	bô-thâu-tsáng
無頭神	bô-thâu-sîn
無頭神證	bô-thâu-sîn-tsìng
無頭總	bô-thâu-tsàng
無頭藤	bô-thâu-tîn
無頭路	bô-thâu-lōo
無頭香	bô-thâu-hiunn
無顧	bô-kòo
無顧己	bô-kòo-kí
無風激櫓	bô-hong-kik-lóo
無食欲症	bô-si̍t-io̍k-tsìng
無驚	bô-kiann
無驚心	bô-kiann-sim
無驚無亂	bô-kiann-bô-luān
無驚無惶	bô-kiann-bô-hiânn
無骨頭	bô-kut-thâu
無體無統	bô-thé-bô-thóng
無體統	bô-thé-thóng
無鵁鴒無草蜢	bô-ka-līng-bô-tsháu-meh
無鼻牛	bô-phīnn-gû
無鼻縫	bô-phīnn-phāng
無齒虎	bô-khí-hóo
無𡳞脬	bô-lān-pha
焢窯	khòng-iô
焢肉	khòng-bah
焢蕃薯	khòng-han-tsî
焦亂	tsau-luān
焦便所	ta-piān-sóo
焦嗽	ta-sàu
焦塗	ta-thôo
焦心	tsiau-sim
焦慒	tsiau-tso
焦材花	ta-tsâi-hue
焦查某	tsau-tsa-bóo
焦柴花	ta-tshâ-hue
焦氣機	ta-khì-ki
焦水期	ta-tsuí-kî
焦溪	Ta-khe
焦澀	ta-siap
焦煩	tsiau-huân
焦燥地	ta-sò-tē
焦燥花	ta-sò-hue
焦眠	tsau-bîn
焦糖	ta-thn̂g
焦老	tsau-láu
焦色	tsau-sik
焦花	ta-hue
焦躁	tsiau-sò
焦酒	tsau-tsiú
焦酒色	tsau-tsiú-sik
焦風機	ta-hong-ki
焦麵	ta-mī
焦點	tsiau-tiám
焮滷	khiàn-lóo
焰冇冇	iām-phànn-phànn
焰火	iām-hué
焰蓬蓬	iām-phōng-phōng
然後	jiân-āu
煉丹	liān-tan
煉仙	liān-sian
煉油廠	liān-iû-tshiúnn
煉獄	liān-ga̍k
煉製	liān-tsè
煉金	liān-kim
煉鋼	liān-kǹg
煉鐵法	liān-thih-huat
煉鐵爐	liān-thih-lôo
煉靈	liān-lîng
煎包	tsian-pau
煎匙	tsian-sî
煎卵包飯	tsian-nn̄g-pau-pn̄g
煎卵飯包	tsian-nn̄g-pn̄g-pau
煎水餃	tsian-tsuí-kiáu
煎油	tsìnn-iû
煎滾水	tsuann-kún-tsuí
煎熬	tsian-ngâu
煎盤	tsian-puânn
煎茶	tsuann-tê
煎藥	tsuann-io̍h
煎餃	tsian-kiáu
煏戲文	piak-hì-bûn
煏戲齣	piak-hì-tshut
煏爐	piak-lôo
煏空	piak-khang
煙仔	ian-á
煙仔槌	ian-á-thuî
煙仔罾	ian-á-tsan
煙仔虎	ian-á-hóo
煙仔魚	ian-á-hî
煙仔鯊	ian-á-sua
煙仔鯊舅	ian-á-sua-kū
煙囪管	ian-tshong-kóng
煙塵	ian-thûn
煙墩	ian-tun
煙屎	ian-sái
煙斗	ian-táu
煙暈	ian-n̄g
煙槌仔	ian-thuî-á
煙毒	ian-to̍k
煙毒犯	ian-to̍k-huān
煙火	ian-hué
煙火炮	ian-hué-phàu
煙猴	hun-kâu
煙筒	ian-tâng
煙筒櫃	ian-tâng-kuī
煙筒箍	ian-tâng-khoo
煙筒管	ian-tâng-kóng
煙管仔	ian-kóng-á
煙肉	ian-bah
煙腸	ian-tshiâng
煙腸樹仔	ian-tshiâng-tshiū-á
煙腸狗	ian-tshiâng-káu
煙腿	ian-thuí
煙花	ian-hua
煙花場	ian-hua-tiûnn
煙花女	ian-hua-lí
煙花易冷	ian-hua-ī-líng
煙花枝	ian-hue-ki
煙花界	ian-hua-kài
煙草	ian-tsháu
煙霧	ian-bū
煙霧彈	ian-bū-tuânn
煙霧質	ian-bū-tsit
煙霧雨	ian-bū-hōo
煙黗	ian-thûn
煞了	suah-liáu
煞了代	suah-liáu-tāi
煞去	suah-khì
煞場	suah-tiûnn
煞好	suah-hó
煞尾	suah-bué
煞尾仔	suah-bué-á
煞尾位	suah-bué-uī
煞尾囝	suah-bé-kiánn
煞尾指	suah-bué-tsáinn
煞局	suah-kio̍k
煞工	suah-kang
煞心	suah-sim
煞戲	suah-hì
煞手	suah-tshiú
煞敢	suah-kánn
煞是	suah-sī
煞有	suah-ū
煞毋知	suah-m̄-tsai
煞氣	suah-khì
煞無	suah-bô
煞煞去	suah-suah-khì
煞癢	suah-tsiūnn
煞經	suah-king
煞膽	suah-tánn
煞著	suah-tio̍h
煞蠓	suah-báng
煞鼓	suah-kóo
煞鼠	suah-tshí
煠卵	sa̍h-nn̄g
煠菜	sa̍h-tshài
煤核	muî-hu̍t
煤氣	muî-khì
煤炭糟	muî-thuànn-tsau
煤磚	muî-tsng
煤礦	muê-khòng
煤角	muî-kak
煤餅	muî-piánn
煥然一新	huàn-jiân-it-sin
煥發	huān-huat
煦冰	ù-ping
煦印	ù-ìn
煦燒	ù-sio
煦號	ù-hō
照三頓舂	tsiàu-sann-tǹg-tsing
照亮	tsiò-liāng
照佮	tsiàu-kah
照例	tsiàu-lē
照像	tsiàu-siōng
照像機	tsiò-siōng-ki
照分	tsiàu-pun
照勻	tsiàu-ûn
照原	tsiàu-guân
照原用	tsiàu-guân-īng
照坎站	tsiàu-khám-tsām
照壘	tsiàu-luí
照夾	tsiàu-kah
照子午	tsiàu-tsú-ngóo
照實講	tsiàu-si̍t-kóng
照射	tsiò-siā
照屏	tsiàu-pîn
照常	tsiàu-siông
照情理	tsiàu-tsîng-lí
照應	tsiàu-ìng
照按呢	tsiàu-án-ne
照排	tsiàu-pâi
照擺	tsiàu-pái
照攤	tsiàu-thuann
照料	tsiàu-liāu
照日	tsiò-ji̍t
照明	tsiàu-bîng
照時	tsiàu-sî
照會	tsiàu-huē
照期	tsiàu-kî
照本宣科	tsiàu-pún-suan-kho
照樣	tsiàu-iūnn
照款	tsiàu-khuán
照步來	tsiàu-pōo-lâi
照殿紅	tsiò-tiān-âng
照海燈	tsiò-hái-ting
照準繩	tsiàu-tsún-tsîn
照牆	tsiò-tshiûnn
照理	tsiàu-lí
照理講	tsiàu-lí-kóng
照理路	tsiàu-lí-lōo
照用	tsiàu-iōng
照直	tsiàu-ti̍t
照直講	tsiàu-ti̍t-kóng
照管	tsiàu-kuán
照紀綱	tsiàu-khí-kang
照約行	tsiàu-iok-kiânn
照累	tsiàu-luí
照舊	tsiàu-kū
照舊款	tsiàu-kū-khuán
照規矩	tsiàu-kui-kí
照規矩來	tsiàu-kui-kí-lâi
照講	tsiàu-kóng
照起工來	tsiàu-khí-kang-lâi
照輪	tsiàu-lûn
照辦	tsiàu-pān
照開	tsiàu-khui
照電光	tsiò-tiān-kong
照順序	tsiàu-sūn-sī
照頭	tsiàu-thâu
照頭來	tsiàu-thâu-lâi
照頭勻	tsiàu-thâu-ûn
照額	tsiàu-gia̍h
照顧	tsiàu-kòo
煩心	huân-sim
煩惱	huân-ló
煩神	huân-sîn
煬去	iûnn-khì
煮暗頓	tsú-àm-tǹg
煮海	thí-hái
煮滾	tsí-kún
煮熟	tsú-si̍k
煮菜	tsí-tshài
煮食	tsí-tsia̍h
煮食師傅	tsí-tsia̍h-sai-hū
煮食的	tsí-tsia̍h-ê
煮飯	tsí-pn̄g
煮飯仔	tsí-pn̄g-á
煮飯花	tsí-pn̄g-hue
煽動	siàn-tōng
煽大耳	siàn-tuā-hīnn
煽情	siàn-tsîng
熁勢	hah-sè
熁著	hannh-tio̍h
熄去	sit-khì
熄火	sit-hué
熄燈	sit-ting
熅膿	ūn-lâng
熇熱	ho-jua̍h
熇身	ho-sin
熊仔	hîm-á
熊市	hîm-tshī
熊抑虎	hîm-ah-hóo
熊掌	hîm-tsiúnn
熊貓	hîm-niau
熏剸	hun-tn̂g
熏尾	hun-bué
熏斗	hun-táu
熏草	hun-tsháu
熔接	iûnn-tsiap
熔接劑	iûnn-tsiap-tse
熔接條	iûnn-tsiap-tiâu
熔爐	iông-lôo
熟似	si̍k-sāi
熟似人	si̍k-sāi-lâng
熟似面	si̍k-sāi-bīn
熟卵乳	si̍k-nn̄g-ling
熟喙	si̍k-tshuì
熟嘴	si̍k-tshuì
熟士	si̍k-sū
熟悉	si̍k-sik
熟手	si̍k-tshiú
熟料	si̍k-liāu
熟柝柝	si̍k-khok-khok
熟柿	si̍k-khī
熟溜溜	si̍k-liu-liu
熟熏	si̍k-hun
熟熟	si̍k-si̍k
熟甲倒頭唸	si̍k-kah-tò-thâu-liām
熟糖	si̍k-thn̂g
熟練	si̍k-liān
熟老老	si̍k-láu-láu
熟耳	si̍k-hī
熟花	si̍k-hue
熟落落	si̍k-làu-làu
熟薰	si̍k-hun
熟藥	si̍k-io̍h
熟行	si̍k-hâng
熟路	si̍k-lōo
熟面	si̍k-bīn
熟骨	si̍k-kut
熟鹽	si̍k-iâm
熟黜黜	si̍k-lut-lut
熥凊糜	thuīnn-tshìn-muê
熥凊飯	thuīnn-tshìn-puīnn
熥長年菜	thuīnn-tn̂g-nî-tshài
熨斗	ut-táu
熨燒包	ut-sio-pau
熨衫	ut-sann
熨金	ut-kim
熨鋏	ut-ngeh
熨頭毛	ut-thâu-mn̂g
熬暝	ngâu-mê
熬湯	gô-thng
熬糖	ngâu-thn̂g
熱中	jia̍t-tiong
熱人	jua̍h-lâng
熱仔布	jua̍h-á-pòo
熱冬	jua̍h-tang
熱切	jia̍t-tshiat
熱力	jia̍t-li̍k
熱力學	jia̍t-li̍k-ha̍k
熱勃勃	jia̍t-pu̍t-phu̍t
熱去	jua̍h-khì
熱場	jia̍t-tiûnn
熱天	jua̍h-thinn
熱天衫	jua̍h-thinn-sann
熱季	jia̍t-kuì
熱學	jia̍t-ha̍k
熱市	jia̍t-tshī
熱布	jua̍h-pòo
熱帶	jia̍t-tài
熱帽	jua̍h-bō
熱度	jia̍t-tōo
熱心	jia̍t-sim
熱心腸	jia̍t-sim-tn̂g
熱性	jia̍t-sìng
熱性地	jia̍t-sìng-tē
熱情	jia̍t-tsîng
熱愛	jia̍t-ài
熱戀	jia̍t-luân
熱戰	jia̍t-tsiàn
熱撲撲	jia̍t-phut-phut
熱毒	jua̍h-ta̍k
熱毒天	jua̍h-ta̍k-thinn
熱毒毒	jua̍h-ta̍k-ta̍k
熱氣	jia̍t-khì
熱氣球	jia̍t-khì-kiû
熱水爐	jia̍t-tsuí-lôo
熱沸沸	jua̍h-hut-hut
熱浮球	jia̍t-phû-kiû
熱淚	jia̍t-luī
熱滾滾	jia̍t-kún-kún
熱潮	jia̍t-tiâu
熱瀉	jia̍t-sià
熱烈	jia̍t-lia̍t
熱熇熇	jia̍t-ho-ho
熱燙燙	jia̍t-thǹg-thǹg
熱燥	jia̍t-sò
熱燥燥	jia̍t-sò-sò
熱狂	jia̍t-kông
熱狗	jia̍t-káu
熱病	jia̍t-pēnn
熱症	lia̍t-tsìng
熱癬	lia̍t-tshuánn
熱目	jia̍t-ba̍k
熱管	jia̍t-kuán
熱篤	jua̍h-ta̍k
熱篤篤	jua̍h-tak-tak
熱結仔	jua̍h-kat-á
熱絡	jia̍t-lo̍k
熱線	jia̍t-suànn
熱翕翕	jua̍h-hip-hip
熱能	jia̍t-lîng
熱著	jua̍h-tio̍h
熱蘭遮城	Jia̍t-lân-jia-siânn
熱處理	jia̍t-tshù-lí
熱血	jia̍t-hiat
熱衫	jua̍h-sann
熱衷	jia̍t-tiong
熱褲	jua̍h-khòo
熱誠	jia̍t-sîng
熱貫	jia̍t-kuàn
熱身	jia̍t-sin
熱量	jia̍t-liāng
熱錢	jia̍t-tsînn
熱門	jia̍t-mn̂g
熱鼎	jia̍t-tiánn
熾擦	sih-tshuah
熾熾捘	sih-sih-tsùn
熾爁	sih-nà
燁燁是	ia̍p-ia̍p-sī
燁燁熠	ia̍p-ia̍p-sih
燁燁熾	ia̍p-ia̍p-sih
燃料	jiân-liāu
燃柴添火著	hiânn-tshâ-thinn-hué-to̍h
燃水	hiânn-tsuí
燃油	jiân-iû
燃滾	hiânn-kún
燃滾水	hiânn-kún-tsuí
燃燒	hiânn-sio
燃茶	hiânn-tê
燃起	jiân-khí
燄火	iām-hué
燈仔	ting-á
燈仔花	ting-á-hue
燈仔草	ting-á-tsháu
燈光	ting-kng
燈塔	ting-thah
燈座	ting-tsō
燈徛	ting-khiā
燈徛杇	ting-khiā-u
燈心草	ting-sim-tsháu
燈心蓆	ting-sim-tshio̍h
燈挑	ting-thiau
燈會	ting-huē
燈樓	ting-lâu
燈檠	ting-kiânn
燈油	ting-iû
燈火	ting-hué
燈火仔	ting-hué-á
燈火勘	ting-hué-khàm
燈火盞	ting-hué-tsuánn
燈火碗	ting-hué-uánn
燈火罩	ting-hué-tà
燈火舌	ting-hué-tsi̍h
燈火花	ting-hué-hue
燈猜	ting-tshai
燈猜文	ting-tshai-bûn
燈盞花	ting-tsuánn-hue
燈筒	ting-tâng
燈籃仔花	ting-nâ-á-hoe
燈籠	ting-lang
燈籠花	ting-láng-hue
燈籠草	ting-nâ-tsháu
燈罩	ting-tà
燈膋	ting-lâ
燈臺	ting-tâi
燈草	ting-tsháu
燈號	ting-hō
燈蛾	ting-ngôo
燈謎	ting-bê
燉肉	tūn-bah
燉蹄	tūn-tê
燉雞	tūn-ke
燐肥	lîn-puî
燐酸	lîn-sng
燒了了	sio-liáu-liáu
燒仙草	sio-sian-tsháu
燒冷	sio-líng
燒割肉	sio-kuah-bah
燒包	sio-pau
燒包仔	sio-pau-á
燒去	sio-khì
燒埔	sio-poo
燒山	sio-suann
燒心	sio-sim
燒心壺	sio-sim-ôo
燒掉	sio-tiāu
燒晴	sio-tsînn
燒桌	sio-toh
燒歹話	sio-pháinn-uē
燒死	sio-sí
燒毀	sio-huí
燒氣	sio-khì
燒水	sio-tsuí
燒水壺	sio-tsuí-ôo
燒水機	sio-tsuí-ki
燒水氣	sio-tsuí-khuì
燒水泉	sio-tsuí-tsuânn
燒水罐	sio-tsuí-kuàn
燒湯	sio-thng
燒滾水	sio-kún-tsuí
燒滾滾	sio-kún-kún
燒火	sio-hué
燒火袋	sio-tsuí-tē
燒烘烘	sio-hōng-hōng
燒烙	siau-lō
燒烙兄	sio-lō-hiann
燒烙包	sio-lō-pau
燒烙烙	sio-lō-lō
燒烙衫	sio-lō-sann
燒熇	sio-ho
燒熱	sio-jia̍t
燒燙燙	sio-thǹg-thǹg
燒燬	sio-huí
燒爐	sio-lôo
燒片機仔	sio-phìnn-ki-á
燒狗	sio-káu
燒王船	sio-ông-tsûn
燒球	sio-kiû
燒田草	sio-tshân-tsháu
燒番麥	sio-huan-be̍h
燒絳絳	sio-kòng-kòng
燒罐	sio-kuàn
燒肉粽	sio-bah-tsàng
燒肝	sio-kuann
燒腸	sio-tshiân
燒臭凋	sio-tshàu-ta
燒茶	sio-tê
燒荒	sio-hng
燒著	sio-tio̍h
燒薰	sio-hun
燒藍	sio-lâm
燒褲	sio-khòo
燒話	sio-uē
燒賣	siau-māi
燒跤怪獸	sio-kha-kuài-siù
燒逝	sio-tsuā
燒酒	sio-tsiú
燒酒厝	sio-tsiú-tshù
燒酒窟仔	sio-tsiú-khut-á
燒金	sio-kim
燒雞管	sio-ke-kńg
燒雞胿	sio-ke-kui
燒風	sio-hong
燒風球	sio-hong-kiû
燒餅	sio-piánn
燒香	sio-hiunn
燒鴨	sio-ah
燕仔	ìnn-á
燕子花	iàn-tsú-hue
燕子魚	iàn-tsú-hî
燕尾服	iàn-bué-ho̍k
燕巢	iàn-tsâu
燕巢區	Iàn-tsâu-khu
燕巢鄉	Iàn-tsâu-hiong
燕窩	iàn-o
燕雀	iàn-tshiok
燕麥	iàn-be̍h
燖垌	tīm-tâng
燙傷	thǹg-siong
燙凊糜	thn̄g-tshìn-muâi
燙凊飯	thn̄g-tshìn-pn̄g
燙手	thǹg-tshiú
燙手山芋	thǹg-tshiú-suann-ōo
燙燒	thn̄g-sio
燙菜	thn̄g-tshài
燙著	thǹg-tio̍h
燙麵線	thǹg-mī-suànn
燜飯	būn-pn̄g
營利	îng-lī
營區	iânn-khu
營地	iânn-tē
營帳	iânn-tiùnn
營幕	iânn-bōo
營建	îng-kiàn
營房	iânn-pâng
營救	îng-kiù
營業	îng-gia̍p
營業執照	îng-gia̍p-tsip-tsiàu
營業報告	îng-gia̍p-pò-kò
營業年度	îng-gia̍p-nî-tōo
營業所	îng-gia̍p-sóo
營業時間	îng-gia̍p-sî-kan
營業處	îng-gia̍p-tshù
營業費	îng-gia̍p-huì
營業部	îng-gia̍p-pōo
營業額	îng-gia̍p-gia̍h
營火	iânn-hué
營為	îng-uî
營生	îng-sing
營私舞弊	îng-su-bú-pè
營繕	îng-siān
營造	îng-tsō
營造商	îng-tsō-siong
營造廠	îng-tsō-tshiúnn
營造業	îng-tsō-gia̍p
營運	îng-ūn
營部	iânn-pōo
營長	iânn-tiúnn
營隊	iânn-tuī
營養	îng-iáng
營養不良	îng-iáng-put-liâng
營養分	îng-iáng-hun
營養午餐	îng-ióng-ngóo-tshan
營養學	îng-iáng-ha̍k
營養射	îng-ióng-siā
營養師	îng-iáng-su
營養物	îng-iáng-bu̍t
營養療法	îng-iáng-liâu-huat
營養素	îng-iáng-sòo
燠鬱熱	àu-ut-jua̍h
燥嚗嚗	sò-pia̍k-pia̍k
燥墨紙	sò-ba̍k-tsuá
燥布	sò-pòo
燥性	sò-sìng
燥暴	sò-pō
燥水	sò-tsuí
燥汗	sò-kuānn
燥澀	sò-siap
燥焦	sò-ta
燥紙	sò-tsuá
燥藥	sò-io̍h
燦爛	tshàn-lān
燧人	Sūi-jîn
燧人氏	Sūi-jîn-sī
燭光	tsik-kng
燭淚	tsik-luī
燭鼓	tsik-kóo
燻強強	hun-kiāng-kiāng
燻肉	hun-bah
爁光	nà-kng
爁者	nā-tsé
爁舌	nà-tsi̍h
爁頭	nà-thâu
爆冷門	po̍k-líng-mn̂g
爆出	po̍k-tshut
爆吉夢	po̍k-kiat-bōng
爆擊	po̍k-kik
爆料	po̍k-liāu
爆油	piak-iû
爆滿	po̍k-muá
爆炸	pho̍k-tsà
爆炸性消費	po̍k-tsà-sìng-siau-huì
爆炸物	po̍k-tsà-bu̍t
爆發	pho̍k-huat
爆破	pho̍k-phuà
爆空	piak-khang
爆米芳	po̍k-bí-phang
爆裂	piak-li̍h
爆開	po̍k-khui
爆風	pho̍k-hong
爆鼓	piak-kóo
爍爁俠	Sih-nah-kiap
爍爁鳥	Sih-nah-tsiáu
爐丹	lôo-tan
爐主	lôo-tsú
爐仔	lôo-á
爐櫃	lôo-kuī
爐池	lôo-tî
爐灰	lôo-hu
爐炊	lôo-tshue
爛中國沙文主義	nuā-Tiong-kok-sua-bûn-tsú-gī
爛去	nuā-khì
爛土	nuā-thôo
爛土糜	nuā-thôo-muâi
爛塗怪	Nuā-thôo-kuài
爛塗袂糊得壁	nuā-thôo-bē-kôo-tit-piah
爛弓蕉	nuā-king-tsio
爛心木	nuā-sim-bo̍k
爛性	nuā-sìng
爛揜揜	nuā-hop-hop
爛攤頭	nuā-thuann-thâu
爛數	nuā-siàu
爛朽朽	nuā-hiú-hiú
爛柱	nuā-thiāu
爛橐橐	nuā-lok-lok
爛溝仔糜	nāu-kau-á-muê
爛溝糜仔	nuā-kau-muê-á
爛漿漿	nuā-tsiùnn-tsiùnn
爛濺	nuā-tsuānn
爛疥	nuā-kài
爛癬	nuā-sián
爛粒仔	nuā-lia̍p-á
爛糊仔糜	nuā-kôo-á-muê
爛糊糊	nuā-kôo-kôo
爛糊糜	nuā-kôo-muê
爛蜞	nuā-khî
爛豆仔	nuā-tāu-á
爛賤	nuā-tsuānn
爛髓髓	nuā-tshué-tshué
爪仔	jiáu-á
爪仔枋	jiáu-á-pang
爪枋	jiáu-pang
爪牙	jiáu-gê
爬出來	pê-tshut-lâi
爬升	pê-sing
爬山虎	pê-suann-hóo
爬柏	pê-peh
爬癢	pê-tsiūnn
爬蟲	pâ-thiông
爭代先	tsenn-tāi-sing
爭光	tsing-kong
爭取	tsing-tshú
爭取著	tsing-tshú-tio̍h
爭執	tsing-tsip
爭墓壙	tsing-bōng-khòng
爭奪	tsing-tua̍t
爭奪戰	tsing-tua̍t-tsiàn
爭拚	tsing-piànn
爭權	tsing-kuân
爭端	tsing-tuan
爭論	tsing-lūn
爭議	tsing-gī
爭贏	tsenn-iânn
爭辯	tsing-piān
爭霸	tsing-pà
爭霸戰	tsing-pà-tsiàn
爭鬥	tsing-tòo
爵士	tsiok-sū
爵士樂	tsiok-sū-ga̍k
父仔囝	pē-á-kiánn
父公業	pē-kong-gia̍p
父命	hū-bīng
父囝	pē-kiánn
父子	hū-tsú
父權	hū-kuân
父母	hū-bió
父母力	pē-bó-la̍t
父母厝	pē-bó-tshù
父母喪	pē-bó-song
父母孝	pē-bó-hà
父母用心來栽培	pē-bú-iōng-sim-lâi-tsai-puê
父老	hū-ló
父蔭	hū-ìm
父親	hū-tshin
父親節	Hū-tshin-tsiat
父親節快樂	hū-tshin-tseh-khuài-lo̍k
爸仔囝	pē-á-kiánn
爸公業	pē-kong-gia̍p
爸母	pē-bó
爸母喪	pē-bó-song
爸母孝	pē-bó-hà
爸母某囝	pē-bó-bóo-kiánn
爸母生成	pē-bó-senn-tsiânn
爹親	tia-tshin
爺哥舍哥	iâ-ko-sià-ko
爺舍	iâ-sià
爺舍囝	iâ-sià-kiánn
爽心	sóng-sim
爽心睏	sóng-sim-khùn
爽快	sóng-khuài
爽歪歪	sóng-uainn-uainn
爽直	sóng-ti̍t
爽神	sóng-sîn
爽蕩	sńg-tn̄g
爽走	sóng-tsáu
爽錢	sńg-sînn
牆仔	tshiûnn-á
牆仔腳	tshiûnn-á-kha
牆圍	tshiûnn-uî
牆圍仔	tshiûnn-uî-á
牆基	tshiûnn-ki
牆壁	tshiûnn-piah
牆壁藤	tshiûnn-piah-tîn
牆橛	tshiûnn-kue̍h
牆腳	tshiûnn-kha
牆角	tshiûnn-kak
牆面	tshiûnn-bīn
片刻	phiàn-khik
片口	phìnn-kháu
片名	phìnn-miâ
片單	phiàn-tuann
片底	phìnn-té
片段	phìnn-tuānn
片節	phìnn-tsat
片粉	phiàn-hún
片紅	phiàn-hông
片酬	phìnn-siû
片面	phiàn-bīn
片頭	phìnn-thâu
版主	pán-tsú
版圖	pán-tôo
版本	pán-pún
版權	pán-kuân
版畫	pán-uē
版稅	pán-suè
版面	pán-bīn
牌仔	pâi-á
牌仔儌	pâi-á-kiáu
牌仔糕	pâi-á-ko
牌價	pâi-kè
牌匾	pâi-pián
牌子	pâi-tsú
牌底	pâi-té
牌扁	pâi-pián
牌照	pâi-tsiàu
牙人	gê-lâng
牙凸凸	gê-phok-phok
牙周病	gê-tsiu-pēnn
牙床	gê-tshn̂g
牙床骨	gê-tshn̂g-kut
牙根	gê-kin
牙槽	gê-tsô
牙槽岸	gê-tsô-huānn
牙槽腮	gê-tsô-sai
牙槽頭	gê-tsô-thâu
牙槽骨	gê-tsô-kut
牙槽齒	gê-tsô-khí
牙標標	gê-pio-pio
牙爪	gê-jiáu
牙科	gê-kho
牙科先生	gê-kho-sian-sinn
牙膏	gê-ko
牙蘭色	giâ-lân-sik
牙齒	gê-khí
牙齒岸	gê-khí-huānn
牙齴齴	gê-giàng-giàng
牚腿	thènn-thuí
牛仔囝	gû-á-kiánn
牛仔毋捌虎	gû-á-m̄-bat-hóo
牛仔褲	gû-á-khòo
牛公	gû-kang
牛公刺	gû-kang-tshì
牛冊仔	gû-tsheh-á
牛刀	gû-to
牛力	gû-li̍k
牛哥	gû-ko
牛嘴籠	gû-tshuì-lam
牛埔	gû-poo
牛奶	gû-ling
牛奶凍	gû-ling-tàng
牛奶嘴仔	gû-ling-tshuì-á
牛奶房	gû-ling-pâng
牛奶摵	gû-ling-tshi̍k
牛奶榕	gû-ling-tshîng
牛奶樹	gû-ling-tshiū
牛奶油	gû-ling-iû
牛奶漿	gû-ling-tsiunn
牛奶粉	gû-ling-hún
牛奶粉錢	gû-ling-hún-tsînn
牛奶罐仔	gû-ling-kuàn-á
牛奶膏	gû-ling-ko
牛奶茶	gû-ling-tê
牛奶餅	gû-ling-piánn
牛子	gû-tsí
牛寮	gû-tiâu
牛尾	gû-bué
牛尾湯	gû-bué-thng
牛尾草	gû-bué-tsháu
牛尾魚	gû-bué-hî
牛屎柯	gû-sái-kho
牛屎烏	gû-sái-oo
牛屎茶	gû-sái-tê
牛屎魟	gû-sái-hang
牛屎鳥	gû-sái-tsiáu
牛屎鳥仔	gû-sái-tsiáu-á
牛屎龜	gû-sái-ku
牛屎龜牚石枋	gû-sái-ku-thènn-tsio̍h-pang
牛市	gû-tshī
牛心梨	gû-sim-lâi
牛性地	gû-sìng-tē
牛扽草	gû-tùn-tsháu
牛扽鬃	gû-tùn-tsang
牛排	gû-pâi
牛摔仔	gû-sut-á
牛擔	gû-tann
牛擔肩	gû-tann-king
牛枷擔	gû-ka-tann
牛椆	gû-tiâu
牛椆肥	gû-tiâu-puî
牛樟	gû-tsiunn
牛樟菇	gû-tsiang-koo
牛欄	gû-nuâ
牛步	gû-pōo
牛母	gû-bó
牛母奶	gû-bó-ling
牛母芝刺	gû-bó-tsi-tshì
牛油	gû-iû
牛湳池	Gû-làm-tî
牛灶	gû-tsàu
牛灶間	gû-tsàu-king
牛牢內觸牛母	gû-tiâu-lāi-tak-gû-bó
牛犁耙	gû-lê-pē
牛犅𨂿	gû-káng-uâinn
牛疫	gû-i̍k
牛皮糖	gû-phuê-thn̂g
牛皮糖蔥	gû-phuê-thn̂g-tshang
牛皮紙	gû-phuê-tsuá
牛皮膠	gû-phuê-ka
牛皮菜	gû-phuê-tshài
牛目燈	gû-ba̍k-ting
牛相觸	Gû-sio-tak
牛睏山	gû-khùn-suann
牛種	gû-tsíng
牛籠	gû-lông
牛約	Giû-iok
牛索	gû-soh
牛繚	gû-liāu
牛罵仔	gû-mē-á
牛群	gû-kûn
牛聲馬吼	gû-siann-bé-háu
牛聲馬喉	gû-siann-bé-âu
牛肉	gû-bah
牛肉液	gû-bah-i̍k
牛肉羹	gû-bah-kenn
牛肉麵	gû-bah-mī
牛背鷺	gû-puè-lōo
牛腩	gû-lám
牛腹內	gû-pak-lāi
牛膝	giû-tshik
牛膝菊	giû-tshik-kiok
牛膦蔥	gû-lān-tshang
牛舌	gû-tsi̍h
牛舌草	gû-tsi̍h-tsháu
牛舌頭	gû-tsi̍h-thâu
牛舌魚	gû-tsi̍h-hî
牛蒡	gû-pông
牛虻	gû-bông
牛蜂	gû-phang
牛蜱	gû-pi
牛蝶	gû-ia̍h
牛蠅	gû-sîn
牛角	gû-kak
牛角刺	gû-kak-tshì
牛角吹	gû-kak-tshue
牛角管	gû-kak-kóng
牛角花	gû-kak-hue
牛角藤	gû-kak-tîn
牛角豆	gû-kak-tāu
牛角踒	gû-kak-uainnh
牛角鼓	gû-kak-kóo
牛角𨂿	gû-kak-uâinn
牛車	gû-tshia
牛郎	gû-lông
牛郎星	gû-nn̂g-tshenn
牛陣	gû-tīn
牛隱窟仔	gû-ún-khut-á
牛鞭	gû-pian
牛頓	Gû-tùn
牛頭仔	Gû-thâu-á
牛頭六卒	gû-thâu-la̍k-tsut
牛頭剷	gû-thâu-thuánn
牛骨仔	gû-kut-á
牛鬼蛇神	giû-kuí-siâ-sîn
牛鼻毋拎拎牛尾	gû-phīnn-m̄-lîng-lîng-gû-bué
牛鼻毋拎搝牛耳	gû-phīnn-m̄-lîng-khiú-gû-hīnn
牛𡳞脬檨	gû-lān-pha-suāinn
牡丹	bóo-tan
牡丹社事件	bóo-tan-siā-sū-kiānn
牡喻嗙	bóo-lū-pòng
牡羊	Bóo-iûnn
牡羊座	Bóo-iûnn-tsō
牢厝查某	tiâu-tshù-tsa-bóo
牢咧	tiâu-leh
牢單字元	tiâu-tan-jī-guân
牢獄	lô-ga̍k
牢籠	lô-lang
牢肥	tiâu-puî
牢腹	tiâu-pak
牢著	tiâu-tio̍h
牢記	lô-kì
牢車	tiâu-tshia
牢騷	lâu-sau
牢鼎	tiâu-tiánn
牧場	bo̍k-tiûnn
牧場物語	bo̍k-tiûnn-bu̍t-gú/gí
牧師	bo̍k-su
牧草	bo̍k-tsháu
物仔	mi̍h-á
物仔霸仔	mi̍h-á-pà-á
物代	mih-tāi
物件	mi̍h-kiānn
物件到手就歹去	mi̍h-kiānn-kàu-tshiú-tio̍h-phàinn-khì
物使	mih-sái
物價	bu̍t-kè
物力	bu̍t-li̍k
物品	bu̍t-phín
物料	bu̍t-liāu
物時	mih-sî
物流	bu̍t-liû
物理	bu̍t-lí
物理化學	bu̍t-lí-huà-ha̍k
物理學	mi̍h-lí-ha̍k
物理學家	mi̍h-lí-ha̍k-ka
物理治療	bu̍t-lí-tī-liâu
物理治療師	bu̍t-lí-tī-liâu-su
物理系	bu̍t-lí-hē
物產	bu̍t-sán
物盡其用	bu̍t-tsīn-kî-iōng
物種	bu̍t-tsíng
物美價廉	bu̍t-bí-kè-liâm
物聯網	bu̍t-liân-bāng
物色	bu̍t-sik
物蘭池	bu̍t-lân-tî
物證	bu̍t-tsìng
物資	bu̍t-tsu
物質	bu̍t-tsit
物配	mi̍h-phuè
物配鹹	mi̍h-phuè-kiâm
物際網路	bu̍t-tsè-bāng-lōo
物頭	mi̍h-thâu
物類	bu̍t-luī
物食	mi̍h-tsia̍h
物食食	mi̍h-tsia̍h-tsia̍h
物體	bu̍t-thé
牲禮	sing-lé
牲醴	sing-lé
牲醴文	sing-lé-bûn
牴觸	te-tshiok
特使	ti̍k-sài
特例	ti̍k-lē
特價	ti̍k-kè
特優	ti̍k-iu
特准	ti̍k-tsún
特出	ti̍k-tshut
特刊	ti̍k-khan
特別	ti̍k-pia̍t
特別法	ti̍k-pia̍t-huat
特務	ti̍k-bū
特區	ti̍k-khu
特命	ti̍k-bīng
特大	ti̍k-tuā
特定	ti̍k-tīng
特工	tiâu-kang
特徵	ti̍k-ting
特急	ti̍k-kip
特性	ti̍k-sìng
特意	ti̍k-ì
特意故	tiâu-ì-kòo
特技	ti̍k-ki
特持	tiâu-tî
特攻隊	ti̍k-kong-tuī
特故意	tiâu-kòo-ì
特效	ti̍k-hāu
特效藥	ti̍k-hāu-io̍h
特有	ti̍k-iú
特有的	ti̍k-iú-ê
特有種	ti̍k-iú-tsíng
特權	ti̍k-kuân
特殊	ti̍k-sû
特殊境遇家庭扶助條例	Ti̍k-sû-Kìng-gū-Ka-tîng-Hû-tsōo-Tiâu-lē
特殊性	ti̍k-sû-sìng
特殊教育	ti̍k-sû-kàu-io̍k
特派	ti̍k-phài
特派員	ti̍k-phài-uân
特獎	ti̍k-tsióng
特產	ti̍k-sán
特異	ti̍k-ì
特異性	ti̍k-ì-sìng
特種	ti̍k-tsióng
特種營業	ti̍k-tsióng-îng-gia̍p
特立獨行	ti̍k-li̍p-to̍k-hîng
特等	ti̍k-tíng
特約	ti̍k-iok
特級	ti̍k-kip
特色	ti̍k-sik
特許	ti̍k-hú
特賣	ti̍k-bē
特質	ti̍k-tsit
特赦	ti̍k-sià
特長	ti̍k-tióng
特點	ti̍k-tiám
牽亡	khan-bông
牽仔	khan-á
牽公	khan-kong
牽公胚	khan-kong-phe
牽公頭	khan-kong-thâu
牽制	khan-tsè
牽動	khan-tōng
牽勾仔	khan-kau-á
牽叫	khan-kiò
牽司仔	khan-sai-á
牽夢怪	Khan-bāng-kuài
牽尪仔補雨傘	khan-àng-á-póo-hōo-suànn
牽尪姨	khan-ang-î
牽師仔	khan-sai-á
牽引	khan-ín
牽強	khian-kiông
牽性命	khan-sènn-miā
牽成	khan-tsiânn
牽手	khan-tshiú
牽手的	khan-tshiú-ê
牽扯	khan-tshé
牽拖	khan-thua
牽拾	khan-khioh
牽挽	khan-bán
牽挽做伙	khan-bán-tsò-hué
牽掛	khan-kuà
牽教	khan-kà
牽核	khan-ha̍t
牽水旋	khan-tsuí-tsn̄g
牽涉	khan-sia̍p
牽涉著	khan-sia̍p-tio̍h
牽滷	khan-lóo
牽牛	khan-gû
牽牛子	khan-gû-tsú
牽牛花	khan-gû-hue
牽猴	khan-kâu
牽猴仔	khan-kâu-á
牽猴的	khan-kâu-ê
牽獅	khan-sai
牽的	khan-ê
牽目尾	khan-ba̍k-bué
牽磕	khan-kha̍p
牽礙	khan-gāi
牽粉	khan-hún
牽糖絲	khan-thn̂g-si
牽紅筋	khan-âng-kin
牽索跳崁	khan-soh-thiàu-khàm
牽累	khan-luī
牽絲仔糖	khan-si-á-thn̂g
牽經	khan-kinn
牽網	khan-bāng
牽線	khan-suànn
牽繩	khan-tsîn
牽纏	khan-tînn
牽罟	khan-koo
牽羅經	khan-lô-kenn
牽羹	khan-kenn
牽聲拔調	khan-siann-pui̍h-tiāu
牽著	khan-tio̍h
牽藤	khan-tîn
牽藤怪	Khan-tîn-kuài
牽藤草	khan-tîn-tsháu
牽親	khan-tshin
牽親引戚	khan-tshin-ín-tshik
牽親情	khan-tshin-tsiânn
牽豬哥	khan-ti-ko
牽豬哥趁暢	Khan-ti-ko-thàn-thiòng
牽走	khan-tsáu
牽車	khan-tshia
牽連	khan-liân
牽連著	khan-liân-tio̍h
牽長	khan-tn̂g
牽長碼	khan-tn̂g-bā
牽電火	khan-tiān-hué
牽頭	khan-thâu
牽風	khan-hong
牽風櫃	khan-hong-kuī
牽馬	khan-bé
牽馬的	khan-bé-ê
牽魚	khan-hî
牽鹵	khan-lóo
犀牛	sai-gû
犀牛望月	sai-gû-bāng-gue̍h
犀牛照角	sai-gû-tsiò-kak
犀牛皮	sai-gû-phuê
犀牛角	sai-gû-kak
犀牛鳥	sai-gû-tsiáu
犀角金龜	sai-kak-kim-ku
犀齒	sai-khí
犁壁	lê-piah
犁壁刺	lê-piah-tshì
犁壁草	lê-piah-tsháu
犁壁藤	lê-piah-tîn
犁田	lê-tshân
犁田園	lê-tshân-hn̂g
犁田機	lê-tshân-ki
犁番藷	lê-han-tsî
犁礁	lê-ta
犁耙	lê-pê
犁著碉	lê-tio̍h-ta
犁頭	lê-thâu
犁頭店	Lê-thâu-tiàm
犁頭戴鼎	lê-thâu-tì-tiánn
犁頭族	lê-thâu-tso̍k
犁頭樹	lê-thâu-tshiū
犁頭草	lê-thâu-tsháu
犁頭鉎	lê-thâu-senn
犁頭陣	lê-thâu-tīn
犁頭鯊	lê-thâu-sua
犁鯊	lê-sua
犒賞	khò-sióng
犒軍	khò-kun
犛牛	lî-gû
犧牲	hi-sing
犧牲品	hi-sing-phín
犧牲者	hi-sing-tsiá
犯下	huān-hā
犯人	huān-lâng
犯人惡	huān-lâng-ok
犯人欹	huān-lâng-khia
犯人欺	huān-lâng-khia
犯僥	huān-giâu
犯勢	huān-sì
犯嫌	huān-hiâm
犯嬈	huān-hiâu
犯意	huān-ì
犯案	huān-àn
犯法	huān-huat
犯煞	huān-suah
犯疑	huān-gî
犯眾惡	huān-tsiòng-ok
犯紀	huān-kí
犯罪	huān-tsuē
犯胎神	huān-thai-sîn
犯著	huān-tio̍h
犯著鬼	huān-tio̍h-kuí
犯規	huān-kui
犯迦	huān-khia
犯錯	huān-tshò
犯險	huān-hiám
犯風	huān-hong
狀元	tsiōng-guân
狀元紅	tsiōng-guân-hông
狀師	tsn̄g-su
狀態	tsōng-thài
狀況	tsōng-hóng
狀空	tsōng-khang
狀紙	tsn̄g-tsuá
狂人	kông-jîn
狂吹	kông-tshue
狂妄	kông-bōng
狂性	kông-sìng
狂抨抨	kông-phiann-phiann
狂桀	kông-ke̍h
狂歡	kông-huan
狂風	kông-hong
狂飆	kông-pio
狄青	Ti̍k-tshing
狋狺叫	ngi-ngiauh-kiò
狐狸	hôo-lî
狐狸精	hôo-lî-tsiann
狐狸草	hôo-lî-tsháu
狐狸貂	hôo-lî-tiau
狐疑	hôo-gî
狐臭	hôo-tshàu
狗仔	káu-á
狗仔囝	káu-á-kiánn
狗仔泅	káu-á-siû
狗仔蟲	káu-á-thâng
狗佮豬吼無仝聲	káu-kah-ti-háu-bô-kâng-siann
狗儑仔	káu-gām-á
狗兄狗弟	káu-hiann-káu-tī
狗公	káu-kang
狗公腰	káu-kang-io
狗吠	káu-puī
狗吠雷	káu-puī-luî
狗咬毋吼	káu-kā-m̄-háu
狗咬紅	káu-kā-hông
狗唸茹	káu-liām-jû
狗唸路	káu-liām-lōo
狗囝	káu-kiánn
狗坑仔	káu-khenn-á
狗奶草	káu-ling-tsháu
狗姊妹	káu-tsí-muāi
狗尾秮	káu-bué-tai
狗尾花	káu-bué-hue
狗尾草	káu-bué-tsháu
狗尾莧	káu-bué-hīng
狗尾黍	káu-bué-sé
狗屎	káu-sái
狗屎地	káu-sái-tē
狗屎埔	káu-sái-poo
狗屎瓜	káu-sái-kue
狗屎螺	káu-sái-lê
狗屎運	káu-sái-ūn
狗幹班	káu-kàn-pan
狗惜鼻	káu-sioh-phīnn
狗拖	káu-thua
狗拖仔	káu-thua-á
狗搖尾	káu-iô-bué
狗放屁	káu-pàng-phuì
狗棍	káu-kùn
狗母	káu-bó
狗母仔蟲	káu-bú-á-thâng
狗母梭	káu-bó-so
狗母秪	káu-bó-tai
狗母秮	káu-bó-tai
狗母蘇	káu-bó-soo
狗母蛇	káu-bó-tsuâ
狗母酥	káu-bó-so
狗母鍋	káu-bó-e
狗母駘	káu-bó-tāi
狗母魚	káu-bó-hî
狗溜仔	káu-liu-á
狗熊	káu-hîm
狗牙	káu-gê
狗獺仔	káu-thuah-á
狗甘仔	káu-kam-á
狗空	káu-khang
狗粒米	káu-lia̍p-bí
狗綴屎	káu-tuè-sái
狗綴路	káu-tuè-lōo
狗肉	káu-bah
狗肉忌蔥	káu-bah-kī-tshang
狗肉數	káu-bah-siàu
狗脊	káu-tsik
狗腰	káu-io
狗腳蹄	káu-kha-tê
狗舌	káu-tsi̍h
狗花椒	káu-hue-tsio
狗蝨	káu-sat
狗螺嘴	káu-lê-tshuì
狗蟻	káu-hiā
狗豚仔	káu-thûn-á
狗貼耳	káu-tah-hīnn
狗鞭	káu-pian
狗頭紅	káu-thâu-âng
狗頭芙蓉	káu-thâu-phû-iông
狗頭鍘	káu-thâu-tsa̍h
狗頭鵰	káu-thâu-tiau
狗頭鷹	káu-thâu-ing
狗骨仔	káu-kut-á
狗骨刺	káu-kut-tshì
狗鯊	káu-sua
狗齒	káu-khí
狗齒仔	káu-khí-á
狡制	káu-tsè
狡怪	káu-kuài
狡椵	káu-khê
狡燭獵	káu-tsik-la̍h
狡獪	káu-kuài
狡計	káu-kè
狡詐	káu-tsè
狡譎	káu-khiat
狡辯	káu-piān
狡鬼	káu-kuí
狸貓	lî-bâ
狹小	e̍h-sió
狹心症	kiap-sim-tsìng
狹抽	e̍h-thiu
狹掙	e̍h-tsinn
狹掙掙	e̍h-tsinn-tsinn
狹細	e̍h-sè
狹義	hia̍p-gī
狹迭	e̍h-tue̍h
狹長	e̍h-tn̂g
狺噭	ngiauh-kiauh
狼人	lông-jîn
狼心	lông-sim
狼心狗肺	lông-sim-káu-hì
狼心狗行	lông-sim-káu-hīng
狼毒	lông-to̍k
狼狗	lông-káu
狼狽	liông-puē
狼狽為奸	lông-puē-uî-kan
狼狽衰	liông-puē-sue
猖狂	tshiang-kông
猛勇	bíng-ióng
猛強強	bíng-kiàng-kiàng
猛掠	mé-lia̍h
猛擊	bíng-kik
猛攻	bíng-kong
猛樹	bíng-tshiū
猛氣	bíng-khì
猛水龍	Bíng-tsuí-liông
猛火	mé-hué
猛烈	bíng-lia̍t
猛然	bíng-jiân
猛爆	bíng-po̍k
猛獸	bíng-siù
猛虎	bíng-hóo
猛醒	mé-tshénn
猛鍥鍥	bíng-khiat-khiat
猜出出	tshai-tshut-tshut
猜想	tshai-sióng
猜拳	tshai-kûn
猜測	tshai-tshik
猜燈猜	tshai-ting-tshai
猜猜	tshai-tshai
猜疑	tshai-gî
猜著	tshai-tio̍h
猜謎	tshai-bê
猥褻	ué-siat
猩猩	sing-sing
猩猩木	sing-sing-bo̍k
猫空	Bâ-khang
猫空流籠	Bâ-khang-liû-lông
猴人	kâu-lâng
猴仃仔	kâu-tan-á
猴仔	kâu-á
猴公	kâu-kang
猴哥	kâu-ko
猴囡仔	kâu-gín-á
猴姜	kâu-kiunn
猴山	kâu-san
猴帽	kâu-bō
猴年	kâu-nî
猴弄	kâu-lāng
猴怪	Kâu-kuài
猴栗	kâu-la̍t
猴桃仔	kâu-thô-á
猴樹港	Kâu-tshiū-káng
猴歡喜	kâu-huann-hí
猴死囡仔	kâu-sí-gín-á
猴毋爬	kâu-m̄-pê
猴母	kâu-bó
猴洞仔	Kâu-tōng-á
猴滾	kâu-kún
猴爽	kâu-sńg
猴猻	kâu-san
猴相	kâu-siàng
猴神	kâu-sîng
猴繃	kâu-penn
猴蔗	kâu-tsià
猴蚓	kâu-ún
猴蝦	kâu-hê
猴面鷹	kâu-bīn-ing
猴頭果	kâu-thâu-kó
猴頭鼠耳	kâu-thâu-tshí-hī
猴齊天	Kâu-Tsê-thian
猶不如	iáu-put-jî
猶久	iáu-kú
猶他	Iû-tha
猶原	iû-guân
猶太	Iû-thài
猶太人	Iú-thài-lâng
猶好	iáu-hó
猶搧	iá-sàm
猶是	iáu-sī
猶會使	iáu-ē-sái
猶會直	iáu-ē-ti̍t
猶有	iáu-ū
猶有救	iàu-ū-kiù
猶未	iáu-bē
猶未傀儡嗹囉	iáu-buē-ka-lé-liân-lô
猶未傀儡囉	iáu-buē-ka-lé-lô
猶未咖哩嗹囉	iáu-buē-ka-lí-liân-lô
猶未咖哩囉	iáu-buē-ka-lí-lô
猶未戲哼	iáu-buē-hì-hainn
猶無	iàu-bô
猶無一个加圇	iáu-bô-tsi̍t-ê-ka-nn̂g
猶的	iáu-ê
猶算	iàu-sǹg
猶豫不決	iû-ū-put-kuat
猶閣	iáu-koh
猶閣咧	iáu-koh-teh
獄卒	ga̍k-tsut
獅仔	Sai-á
獅仔座	Sai-á-tsō
獅仔會	sai-á-huē
獅仔王	Sai-á-ông
獅仔豚	sai-á-thûn
獅仔鼻	sai-á-phīnn
獅刀	sai-to
獅刀舌	sai-to-tsi̍h
獅子	sai-tsú
獅子會	Sai-tsú-huē
獅子頭	sai-á-thâu
獅母	sai-bó
獅潭	Sai-thâm
獅纓	sai-iann
獅蛄貓	sai-koo-niau
獅設族	Sai-siat-tso̍k
獅陣	sai-tīn
獅頭山	Sai-thâu-suann
獎券	tsióng-kuàn
獎助	tsióng-tsōo
獎勵	tsióng-lē
獎品	tsióng-phín
獎學	tsióng-ha̍k
獎懲	tsióng-tîng
獎杯	tsióng-pue
獎牌	tsióng-pâi
獎狀	tsióng-tsn̄g
獎盃	tsióng-pue
獎章	tsióng-tsiong
獎賞	tsióng-sióng
獎金	tsióng-kim
獐仔	kiunn-á
獐豹	tsiunn-pà
獠儸	niau-lô
獨一	to̍k-it
獨一無二	to̍k-it-bû-jī
獨乙	To̍k-it
獨佔	to̍k-tsiàm
獨力	to̍k-li̍k
獨吞	to̍k-thun
獨唱	to̍k-tshiùnn
獨國	To̍k-kok
獨奏	to̍k-tsàu
獨家	to̍k-ka
獨家報導	to̍k-ka-pò-tō
獨家經營	to̍k-ka-king-îng
獨居	to̍k-ki
獨居蜂	to̍k-ki-phang
獨巡	to̍k-sûn
獨得	to̍k-tit
獨攬	to̍k-lám
獨斷	to̍k-tuàn
獨斷獨行	to̍k-tuàn-to̍k-hîng
獨有	to̍k-iú
獨木舟	to̍k-bo̍k-tsiu
獨木船	to̍k-bo̍k-tsûn
獨樂	to̍k-lo̍k
獨步	to̍k-pōo
獨活	to̍k-hua̍t
獨牙	to̍k-gê
獨特	to̍k-ti̍k
獨獨	to̍k-to̍k
獨生女	to̍k-sing-lí
獨生子	to̍k-sing-tsú
獨盤	to̍k-pân
獨眼	to̍k-gán
獨睡床	to̍k-suī-tshn̂g
獨立	to̍k-li̍p
獨立國	to̍k-li̍p-kok
獨立宣言	to̍k-li̍p-suan-giân
獨立建國	to̍k-li̍p-kiàn-kok
獨立性	to̍k-li̍p-sìng
獨立書店	to̍k-li̍p-tsu-tiàm
獨立精神	to̍k-li̍p-tsing-sîn
獨腳戲	to̍k-kha-hì
獨自	to̍k-tsū
獨處	to̍k-tshù
獨行	to̍k-hîng
獨裁	to̍k-tshâi
獨裁政體	to̍k-tshâi-tsìng-thé
獨裁者	to̍k-tshâi-tsiá
獨角仙	to̍k-kak-sian
獨角獸	to̍k-kak-siù
獨角蟲	To̍k-kak-thâng
獨角龜仔	to̍k-kak-ku-á
獨資經營	to̍k-tsu-king-îng
獨身	to̍k-sin
獨身主義	to̍k-sin-tsú-gī
獨身仔	to̍k-sin-á
獨身漢	to̍k-sin-hàn
獨身者	to̍k-sin-tsiá
獨輦車	to̍k-lián-tshia
獨逸	To̍k-e̍k
獨院	to̍k-īnn
獨霸	to̍k-pà
獨黃	to̍k-hông
獰惡	lîng-ok
獲准	hi̍k-tsún
獲利	hi̍k-lī
獲勝	hi̍k-sìng
獲得	hi̍k-tit
獲救	hi̍k-kiù
獲獎	hi̍k-tsióng
獲益	hi̍k-ik
獲知	hi̍k-ti
獲罪	hi̍k-tsuē
獲致	hi̍k-tì
獲選	hi̍k-suán
獵人	la̍h-jîn
獵具	la̍h-khū
獵捷	lia̍p-tsia̍p
獵物	la̍h-bu̍t
獵狗	la̍h-káu
獵銃	la̍h-tshìng
獵飛	lā-pue
獸人	siù-lâng
獸性	siù-sìng
獸慾	siù-io̍k
獸醫	siù-i
獺魦	thuah-se
獻䆀	hiàn-bái
獻世	hiàn-sì
獻墓錢	hiàn-bōng-tsînn
獻手	hiàn-tshiú
獻歲蘭	hiàn-suè-lân
獻牌	hiàn-pâi
獻祭	hiàn-tsè
獻禮	hiàn-lé
獻空城	hiàn-khang-siânn
獻策	hiàn-tshik
獻胸	hiàn-hing
獻花	hiàn-hue
獻落公	hiàn-lo̍h-kong
獻藝	hiàn-gē
獻血	hiàn-hueh
獻計	hiàn-kè
獻身	hiàn-sin
獻醜	hiàn-tshiú
獻金	hiàn-kim
獻開	hiàn-khui
獻開開	hiàn-khui-khui
獼猴	mî-kâu
玄參	guân-sim
玄孫	guân-sun
玄機	hiân-ki
玄武	hiân-bú
玄疑	hiân-gî
玄鳳	hiân-hōng
玄鵟	hiân-khióng
率先	sut-sian
率同	suài-tông
率性	suài-sìng
率直	sut-ti̍t
率領	sut-líng
玉井	Gio̍k-tsénn
玉仔	gi̍k-á
玉兔	Gio̍k-thòo
玉參	gio̍k-sim
玉器	gi̍k-khì
玉女	gio̍k-lí
玉女心經	Gio̍k-lú-sim-king
玉子	gio̍k-tsí
玉山	Gio̍k-san
玉山山脈	Gio̍k-san-Suann-me̍h
玉山烏龍茶	Gio̍k-san-oo-liông-tê
玉帝	gio̍k-tè
玉樹	gio̍k-tshiū
玉照	gio̍k-tsiàu
玉環	gi̍k-khuân
玉璽	gi̍k-sú
玉皇	gio̍k-hông
玉皇大帝	Gio̍k-hông-tāi-tè
玉盤	gi̍k-puânn
玉簪	gi̍k-tsiam
玉米	gio̍k-bí
玉米筍	gio̍k-bí-sún
玉繡球	gi̍k-siù-kiû
玉腰子	gio̍k-io-tsí
玉蔘	gio̍k-som
玉蕊花	gio̍k-luí-hue
玉蘭	gio̍k-lân
玉蘭樹	gio̍k-lân-tshiū
玉蘭花	gio̍k-lân-hue
玉角帶	gio̍k-kak-tuà
玉里	Gio̍k-lí
玉體	gio̍k-thé
王不留行	ông-put-liû-hîng
王五	ông-gōo
王位	ông-uī
王儲	ông-thû
王公	ông-kong
王公廟	Ông-kong-biō
王冠	ông-kuan
王台	ông-tâi
王后	ông-hōo
王哥柳哥	ông-ko-liú-ko
王國	ông-kok
王城	ông-siânn
王女	ông-lú
王妃	ông-hui
王威	ông-ui
王子	ông-tsú
王學	ông-ha̍k
王室	ông-sik
王宮	ông-kiong
王帽	ông-bō
王府	ông-hú
王座	ông-tsō
王心	ông-sim
王拓	Ông-Thok
王政	ông-tsìng
王朝	ông-tiâu
王梨	ông-lâi
王梨草	ông-lâi-tsháu
王梨酥	ông-lâi-soo
王母	ông-bó
王永慶	Ông-Íng-khìng
王法	ông-huat
王添灯	Ông-Thiam-ting
王爺	ông-iâ
王爺債	ông-iâ-tsè
王爺船	ông-iâ-tsûn
王牌	ông-pâi
王玉雲	Ông-Gio̍k-hûn
王瓜	ông-kue
王祿仔	ông-lo̍k-á
王祿仙	ông-lo̍k-sian
王育德紀念館	Ông-Io̍k-tik-Kì-liām-kuán
王船	ông-tsûn
王菜闊	ōng-tshài-khuah
王見現	ông-kiàn-hiān
王親	ông-tshin
王道	ông-tō
王金河醫師故居	Ông-Kim-hô-I-su-Kòo-ku
王陳彩霞	Ông-Tân-Tshái-hâ
王風	Ông-hong
王餘魚	ông-î-hî
玜玳	kong-tāi
玟儒	bûn-jû
玩具	guán-khū
玩器	guán-khì
玩弄	guán-lōng
玩樂	guán-lo̍k
玩火	uán-hué
玩者	guán-tsiá
玩賞	guán-sióng
玫瑰	muê-kuì
玫瑰捻	muî-kuì-liām
玫瑰高麗菜穎	muî-kuì-ko-lê-tshài-ínn
玲瑯仔	lin-long-á
玲瑯馬	lin-long-bé
玲璫鼓	lîng-long-kóo
玲瓏叫	lin-long-kiò
玲瓏哮	lin-long-háu
玲瓏走	lin-long-tsáu
玲瓏踅	lin-long-se̍h
玲瓏轉	lin-long-tńg
玲瓏遨	lîng-lông-gô
玲瓏鼓	lin-long-kóo
玳瑁	tāi-puē
玳瑁貓	tāi-puē-niau
玻璃	po-lê
玻璃幼仔	po-lê-iù-á
玻璃心	po-lê-sim
玻璃杮仔	po-lê-phuè-á
玻璃矸	po-lê-kan
玻璃碎	po-lê-tshuì
玻璃窗	po-lê-thang
玻璃紙	po-lê-tsuá
玻璃罐仔	po-lê-kuàn-á
玻璃菜	po-lê-tshài
玻璃襪	po-lê-bue̍h
玻璃門	po-lê-mn̂g
玻璃體	po-lê-thé
珊瑚	sān-ôo
珊瑚樹	san-ôo-tshiū
珊瑚礁	sān-ôo-tsiau
珊瑚菜	san-ôo-tshài
珍品	tin-phín
珍妮	Tin-nî
珍寶	tinn-pó
珍惜	tin-sioh
珍珠蘭	tin-tsu-lân
珍貴	tinn-kuì
珍重	tin-tiōng
珠仔台	tsu-á-tâi
珠仔墜	tsu-á-tuī
珠仔草	tsu-á-tsháu
珠仔針	tsu-á-tsiam
珠仔間	tsu-á-king
珠仔頭插	tsu-á-thâu-tshah
珠仔龜	tsu-á-ku
珠墜	tsu-tuī
珠寶	tsu-pó
珠律	tsu-lu̍t
珠春	tsu-tshun
珠李仔	tsu-lí-á
珠江	Tsu-kang
珠江三角洲	Tsu-kang-sann-kak-tsiu
珠海	Tsu-hái
珠淚	tsu-luī
珠漿	tsu-tsiunn
珠瘡	tsu-tshng
珠種	tsu-tsíng
珠算	tsu-suàn
珠花	tsu-hue
珠蔥	tsu-tshang
珠蘭	tsu-lân
珠蚝	tsu-ô
珠螺	tsu-lê
珠蠔	tsu-ô
珠跡	tsu-jiah
珠釘	tsu-ting
班主	pan-tsú
班別	pan-pia̍t
班底	pan-té
班機	pan-ki
班次	pan-tshù
班母	pan-bó
班章	pan-tsiong
班級	pan-kip
班船	pan-tsûn
班芝	pan-tsi
班車	pan-tshia
班長	pan-tiúnn
班頭	pan-thâu
班頭爺	pan-thâu-iâ
班頭館	pan-thâu-kuán
班館	pan-kuán
班馬	pan-bé
現世報	hiān-sè-pò
現交關	hiān-kau-kuan
現今	hiān-kim
現仔	hiān-á
現代	hiān-tāi
現光	hiàn-kng
現在	hiān-tsāi
現地	hiān-tē
現場	hiān-tiûnn
現子時	hiān-tsú-sî
現手	hiàn-tshiú
現挽	hiān-bán
現挽的	hiān-bán-ê
現日	hiān-ji̍t
現時	hiān-sî
現時袂比得較早	hiān-sî-bē-pí-tit-khah-tsá
現晡時	hiān-poo-sî
現有	hiān-iú
現款	hiān-khuán
現此時	hiān-tshú-sî
現況	hiān-hóng
現流	hiān-lâu
現流仔	hiān-lâu-á
現清	hiān-tshing
現狀	hiān-tsōng
現現	hiān-hiān
現示	hiān-sì
現胸	hiàn-hing
現見	hiān-kìnn
現象	hiān-siōng
現貨	hiān-huè
現貨市場	hiān-huè-tshī-tiûnn
現遮	hiān-tsia
現金	hiān-kim
現金股利率	hiān-kim-kóo-lī-lu̍t
現陣	hiān-tsūn
現領	hiàn-niá
球仔	Kiû-á
球員	kiû-uân
球埔	kiû-poo
球埕	kiû-tiânn
球場	kiû-tiûnn
球季	kiû-kuì
球形	kiû-hîng
球技	kiû-ki
球桌	kiû-toh
球桸	kiû-hia
球棍仔	kiû-kùn-á
球棒	kiû-pāng
球箠	kiû-tshuê
球箸	kiû-tī
球胎	kiû-thai
球賽	kiû-sài
球路	kiû-lōo
球迷	kiû-bê
球速	kiû-sok
球運	kiû-ūn
球門	kiû-mn̂g
球間	kiû-king
球隊	kiû-tuī
球鞋	kiû-ê
球類	kiû-luī
球體	kiû-thé
理事	lí-sū
理事國	lí-sū-kok
理事會	lí-sū-huē
理事長	lí-sū-tiúnn
理則	lí-tsik
理化	lí-huà
理化學家	lí-huà-ha̍k-ka
理學	lí-ha̍k
理學碩士	lí-ha̍k-si̍k-sū
理家	lí-ke
理屈	lí-khut
理工學院	lí-kang-ha̍k-īnn
理工科	lí-kang-kho
理念	lí-liām
理性	lí-sìng
理想	lí-sióng
理想主義	lí-sióng-tsú-gī
理想化	lí-sióng-huà
理想家	lí-sióng-ka
理想社會	lí-sióng-siā-huē
理應	lí-ìng
理所當然	lí-sóo-tong-jiân
理捋	lí-la̍k
理智	lí-tì
理氣	lí-khì
理氣卡長	lí-khì-khah-tn̂g
理法	lí-huat
理由	lí-iû
理當	lí-tong
理監事	lí-kàm-sū
理科	lí-kho
理科太太	Lí-kho-thài-thài
理落	lí-lo̍h
理解	lí-kái
理解力	lí-kái-li̍k
理該	lí-kai
理論	lí-lūn
理論上	lí-lūn-siāng
理論家	lí-lūn-ka
理論科學	lí-lūn-kho-ha̍k
理財	lí-tsâi
理財家	lí-tsâi-ka
理路	lí-lōo
理路直	lí-lōo-ti̍t
理髮	lí-huat
理髮小姐	lí-huat-sió-tsiá
理髮師	lí-huat-su
理髮店	lí-huat-tiàm
理髮廊	lí-huat-lông
理髮廳	lí-huat-thiann
琉球	liû-kiû
琉球竹	liû-kiû-tik
琉璃燈	liû-lî-ting
琉璃頭	liû-lî-thâu
琉璃鳥	liû-lî-tsiáu
琢花	tok-hue
琥珀	hóo-phik
琳瑯滿目	lîm-lông-muá-bo̍k
琴子	khîm-tsí
琴弦	khîm-hiân
琴瑟	khîm-sik
琴線	khîm-suànn
琴譜	khîm-phóo
琴遏	khîm-at
琵琶	pî-pê
琵琶魚	pî-pê-hî
瑕疵	hâ-tsû
瑕痕	hâ-hûn
瑜伽	jû-ka
瑞典	Suī-tián
瑞士	Suī-sū
瑞安	Suī-an
瑞穗	Suī-suī
瑞芳	Suī-hong
瑞芳楠	suī-hong-lâm
瑞蘭	suī-lân
瑞西	suī-se
瑞香	suī-hiunn
瑟輝亞	Sik-hui-a
瑣卷	só-kńg
瑤池	iâu-tî
瑪瑙	bé-ló
瑪瑙水母	Bé-ló-tsuí-bó
瑪瑙目	bé-ló-ba̍k
瑪瑙石	bé-ló-tsio̍h
瑪莉	Má-lī
瑪麗	Má-lê
瑯嶠	Lông-kiau
瑰麗	kuì-lê
璇仔	suān-á
璇石喙	suān-tsio̍h-tshuì
璇石手指	suān-tsio̍h-tshiú-tsí
璞石閣	Phok-si̍k-koh
環保	khuân-pó
環保局	Khuân-pó-kio̍k
環保欶管	khuân-pó-suh-kóng
環保署	Khuân-pó-sú
環境	khuân-kíng
環山	khuân-san
環島	khuân-tó
環河	khuân-hô
環海	khuân-hái
環狀	khuân-tsōng
環狀線	Khuân-tsōng-suànn
環珠鷺	huân-tsu-lōo
環球	khuân-kiû
環身蛇	khuân-sin-tsuâ
環顧	khuân-kòo
瓊花	khîng-hue
瓊麻	khîng-muâ
瓔珞	ing-lo̍k
瓜仁	kue-jîn
瓜仔	kue-á
瓜仔妮	kue-á-nî
瓜仔瓤	kue-á-nn̂g
瓜仔肉	kue-á-bah
瓜仔草	kue-á-tsháu
瓜仔鬚	kue-á-tshiu
瓜仔魚	kue-á-hî
瓜仔鯧	kue-á-tshiunn
瓜地馬拉	Kua-tē-bé-lá
瓜子	ke-tsí
瓜子草	kue-tsí-tsháu
瓜子面	kue-tsí-bīn
瓜月	kue-gue̍h
瓜果	kua-kó
瓜果蠅	kue-kó-sîn
瓜皮帽	kue-phuê-bō
瓜笠	kue-lue̍h
瓜笠仔	kue-le̍h-á
瓜細子熟	kue-sè-tsí-si̍k
瓜葉蟲	kue-hio̍h-thâng
瓜葛	kua-kat
瓜蜂仔	kue-phang-á
瓜螢	kue-îng
瓜魚	kue-hî
瓢仔帽	phiô-á-bō
瓣膜	pān-mo̍oh
瓦厝	hiā-tshù
瓦壟	hiā-lîng
瓦斯	gá-suh
瓦斯彈	gá-suh-tân
瓦斯爐	gá-su-lôo
瓦斯球	Gá-suh-kiû
瓦杮仔	hiā-phuè-á
瓦特	uā-ti̍k
瓦窯	hiā-iô
瓦米	hiā-bí
瓦蟲	hiā-thâng
瓦解	uá-kái
瓦鉼	hiā-phiánn
瓦頭	hiā-thâu
瓶裝	pân-tsong
瓶頸	pân-kún
瓷仔	huî-á
瓷仔土	huî-á-thôo
瓷仔店	huî-á-tiàm
瓷仔枕	huî-á-tsím
瓷仔碗	huî-á-uánn
瓷搪	huî-thn̄g
瓷碭	huî-thn̄g
瓷缽	huî-puah
甄審	tsin-sím
甄試	tsin-tshì
甄選	tsin-suán
甌仔	au-á
甌仔疊碟仔	au-á-thia̍p-ti̍h-á
甌底亞賴	Au-té-a-luā
甌海	Au-hái
甕串	àng-tshǹg
甕仔	àng-á
甕凍	àng-tàng
甕城	àng-siânn
甕底戲	àng-té-hì
甕底水雞	àng-té-tsuí-ke
甕毒	àng-to̍k
甕籠	àng-láng
甕籠赤	àng-láng-tshiah
甕聲	àng-siann
甕肚	àng-tōo
甕菜	àng-tshài
甘仔	kam-á
甘仔轄	kam-á-hat
甘仔魚	kam-á-hî
甘味	kam-bī
甘地	Kam-tē
甘心	kam-sim
甘心情願	kam-sim-tsîng-guān
甘杞	kam-kí
甘油	kam-iû
甘煞	kam-suah
甘甜	kam-tinn
甘結	kam-kiat
甘美	kam-bí
甘肅	Kam-siok
甘苦	kam-khóo
甘苦談	kam-khóo-tâm
甘草	kam-tshó
甘菊	kam-kik
甘蔗	kam-tsià
甘蔗園	kam-tsià-hn̂g
甘蔗汁	kam-tsià-tsiap
甘蔗無雙頭甜	kam-tsià-bô-siang-thâu-tinn
甘蔗男	kam-tsià-lâm
甘蔗粕	kam-tsià-phoh
甘蔗雙頭甜	kam-tsià-siang-thâu-tinn
甘蕉	kam-tsio
甘迺迪	Kam-nái-ti̍k
甘霖	kam-lîm
甘露	kam-lōo
甘願	kam-guān
甚且	sīm-tshiánn
甚物	sím-mi̍h
甚物人	sím-mi̍h-lâng
甚物時	sím-mi̍h-sî
甚物時陣	sīm-mi̍h-sî-tsūn
甚而	sīm-jî
甚至	sīm-tsì
甚至抑是	sím-tsì-iah-sī
甚至於	sīm-tsì-î
甚至閣	sīm-tsì-koh
甚麼	sím-mih
甜仔盤	tinn-á-puânn
甜勿勿	tinn-bu̍t-bu̍t
甜味	tin-bī
甜料	tinn-liāu
甜桃	tinn-thô
甜椒	tinn-tsio
甜氣	tinn-khuì
甜獃	tinn-tai
甜瓜	tinn-kue
甜甜	tinn-tinn
甜皮鹹餡	tinn-phuê-kiâm-ānn
甜盤	tinn-puânn
甜碟	tinn-ti̍h
甜竹	tinn-tik
甜箍仔	tinn-khoo-á
甜箍麭	tinn-khoo-pháng
甜粅粅	tinn-but-but
甜粿	tinn-ké
甜糖	tinn-thn̂g
甜糜	tinn-muâi
甜素	tinn-sòo
甜茶	tinn-tê
甜菜	tinn-tshài
甜薟椒	tinn-hiam-tsio
甜蜜	tinn-bi̍t
甜蜜蜜	tinn-bi̍t-bi̍t
甜言蜜語	tinn-giân-bi̍t-gí
甜路	tinn-lōo
甜辣	tinn-lua̍h
甜頭	tinn-thâu
甜麥	tinn-be̍h
甜麵醬	tinn-mī-tsiùnn
甜點	tinn-tiám
生事	sing-sū
生事生端	senn-sū-senn-tuann
生人	tshenn-lâng
生仁	sing-jîn
生代誌	senn-tāi-tsì
生份	senn-hūn
生份人	tshenn-hūn-lâng
生份人客	senn-hūn-lâng-kheh
生份所在	senn-hūn-sóo-tsai
生倒頭	senn-tò-thâu
生倚來	senn-uá-lâi
生做	senn-tsò
生傳	senn-thn̂g
生傷	tshenn-siong
生兇	tshenn-hiong
生兒育女	senn-jî-io̍k-lí
生冷	tshenn-líng
生冷起來	tshenn-líng-khí-lâi
生凊	tshenn-tshìn
生凊起來	tshenn-tshìn-khí-lâi
生凊風	tshenn-tshìn-hong
生出	senn-tshut
生出世	senn-tshut-sì
生出來	senn-tshut-lâi
生刀草	tshenn-to-tsháu
生刀藥	tshenn-to-io̍h
生分	tshenn-hūn
生分人	senn-hūn-lâng
生分面	senn-hūn-bīn
生利息	senn-lī-sik
生前	senn-tsîng
生力	tshenn-la̍t
生力軍	sing-li̍k-kun
生動	sing-tōng
生化	sing-huà
生卵	senn-nn̄g
生命力	senn-miā-li̍k
生命現象	senn-miā-hiān-siōng
生啤酒	tshenn-bî-tsiú
生嘔	tshenn-áu
生囝	senn-kiánn
生囝後	senn-kiánn-āu
生囝袋	senn-kiánn-tē
生囡仔	senn-gín-á
生垂	senn-suê
生墳	senn-phûn
生壙	sing-khòng
生妄狀	tshenn-bōng-tsōng
生婆	senn-pô
生嬰仔	senn-enn-á
生存	sing-tsûn
生存空間	sing-tsûn-khong-kan
生將軍	tshenn-tsiang-kun
生屍死	tshenn-si-sí
生屎尾	senn-sái-bué
生屎虎	senn-sái-hóo
生平	sing-pîng
生庚	sing-king
生張	senn-tiunn
生形	sinn-hîng
生徒會	sing-tôo-huē
生心	senn-sim
生性	senn-sìng
生意	sing-ì
生態	senn-thài
生態池	sing-thài-tî
生態環境	sing-thài-khuân-kíng
生成	senn-tsiânn
生手	tshenn-tshiú
生日	senn-ji̍t
生日快樂	senn-ji̍t-khuài-lo̍k
生時日月	senn-sî-ji̍t-gue̍h
生月	senn-gue̍h
生本	senn-pún
生枝生葉	senn-ki-senn-hio̍h
生柿	tshenn-khī
生根	senn-kin
生機	sing-ki
生檨仔	senn-suāinn-á
生死	senn-sí
生死路	senn-sí-lōo
生死門	senn-sí-mn̂g
生殕	senn-phú
生殖	sing-si̍t
生殖器	senn-si̍t-khì
生殖器官	sing-si̍t-khì-kuan
生母	senn-bó
生毛蟲	senn-mn̂g-thâng
生氣	sing-khì
生水	tshenn-tsuí
生油	sing-iû
生活	sing-ua̍h
生活圈	sing-ua̍h-khuan
生活方式	sing-ua̍h-hong-sik
生活水準	sing-ua̍h-tsuí-tsún
生活習慣	sing-ua̍h-si̍p-kuàn
生活計	senn-ua̍h-kè
生活費	sing-ua̍h-huì
生活路	senn-ua̍h-lōo
生涎	senn-siân
生涯	sing-gâi
生湠	senn-thuànn
生湠器官	sinn-thùann-khì-kuan
生滿	senn-muá
生澀	tshenn-siap
生灰	tshenn-hue
生炭	tshinn-thuànn
生為	senn-tsò
生父	senn-pē
生牛仔	tshenn-gû-á
生牛仔毋捌虎	tshenn-gû-á-m̄-bat-hóo
生物	sing-bu̍t
生物多樣性	sing-bu̍t-to-iūnn-sìng
生物學	sing-bu̍t-ha̍k
生物科技	sing-bu̍t-kho-ki
生狂力	tshenn-kông-la̍t
生狂狗	tshenn-kông-káu
生狂行	tshenn-kông-kiânn
生狂走	tshenn-kông-tsáu
生狂風	tshenn-kông-hong
生狂鬼	tshenn-kông-kuí
生猴	tshenn-kâu
生猴公	tshenn-kâu-kang
生理	sing-lí
生理人	sing-lí-lâng
生理儌	sing-lí-kiáu
生理場	sing-lí-tiûnn
生理性別	sing-lí-sìng-pia̍t
生理沒	sing-lí-bua̍t
生理結構	sing-lí-kiat-kòo
生理經	sing-lí-king
生理興隆	sing-lí-hing-liông
生理虎	sing-lí-hóo
生理面	sing-lí-bīn
生瓜	sinn-kue
生產	sing-sán
生產力	sing-sán-li̍k
生產性	sing-sán-sìng
生產線	sing-sán-suànn
生產者	sing-sán-tsiá
生產量	sing-sán-liāng
生甲袂䆀	senn-kah-bē-bái
生甲邊	senn-kah-pinn
生番	tshenn-huan
生疏	tshenn-soo
生疔仔	senn-ting-á
生痔瘡	senn-tī-tshng
生瘡	senn-tshng
生瘤	senn-liû
生癬	senn-sián
生目屎針	senn-ba̍k-sái-tsiam
生目狗針	senn-ba̍k-káu-tsiam
生目睭針	senn-ba̍k-tsiu-tsiam
生目蚶	senn-ba̍k-ham
生目針	senn-ba̍k-tsiam
生相	senn-siùnn
生真	tshenn-tsin
生真病	tshenn-tsin-pēnn
生真真	tshenn-tsin-tsin
生真雨	tshenn-tsin-hōo
生真風	tshenn-tsin-hong
生石灰	tshenn-tsio̍h-hue
生禍	senn-ē
生空	senn-khang
生空生榫	senn-khang-senn-sńg
生空生氣	senn-khang-senn-khuì
生空生縫	senn-khang-senn-phāng
生穿	senn-tshng
生管	senn-kńg
生粒仔	senn-lia̍p-á
生肉	senn-bah
生肉刺	senn-bah-tshì
生肉幼	senn-bah-iù
生育	sing-io̍k
生背	senn-pè
生脆	tshenn-tshè
生腳	tshenn-kha
生腳數	tshenn-kha-siàu
生腸	senn-tn̂g
生膏爛	tshenn-ko-nuā
生臊	tshenn-tshau
生花	tshenn-hue
生花球	tshenn-hue-kiû
生菇	senn-koo
生菜	tshenn-tshài
生菜餐	tshenn-tshài-tshan
生菰	senn-koo
生落	senn-lo̍h
生落來	senn-lo̍h-lâi
生薑	tshenn-kiunn
生蛇	senn-tsuâ
生蟲	senn-thâng
生計	sing-kè
生話	senn-uē
生財	sing-tsâi
生路	senn-lōo
生造	tshenn-tsō
生還	sing-huân
生鉎	senn-sian
生長	sing-tióng
生長命短	sinn-tn̂g-miā-té
生門	senn-mn̂g
生離個	senn-lī-ê
生頭毋捌份	senn-thâu-m̄-bat-hūn
生頭養仔	senn-thâu-tsiūnn-á
生頷瘤	senn-ām-liû
生風	sing-hong
生食	tshenn-tsia̍h
生馬	tshenn-bé
生驚	tshenn-kiann
生髮油	sing-huat-iû
生鬚	senn-tshiu
生魚	tshenn-hî
生魚片	tshenn-hî-phìnn
生鹽	tshenn-iâm
生鼻龍	senn-phīnn-lîng
產值	sán-ta̍t
產假	sán-ká
產出	sán-tshut
產前假	sán-tsîng-ká
產區	sán-khu
產品	sán-phín
產地	sán-tē
產婆	sán-pô
產婦	sán-hū
產後	sán-āu
產房	suánn-pâng
產業	sán-gia̍p
產權	sán-kuân
產物	sán-bu̍t
產生	sán-sing
產生器	sán-sing-khì
產界	sán-kài
產科	sán-kho
產能	sán-lîng
產邪冒	sán-siâ-mōo
產量	sán-liāng
產門	sán-mn̂g
產險	sán-hiám
用以	iōng-í
用作	iōng-tsok
用來	iōng-lâi
用兵	iōng-ping
用具	iōng-khū
用力	īng-la̍t
用功	iōng-kong
用品	iōng-phín
用喙限	īng-tshuì-ān
用嘴吮	īng-tshuì-tsn̄g
用嘴限	iōng-tshuì-ān
用地	iōng-tē
用完	īng-uân
用工	īng-kang
用度	iōng-tōo
用強	īng-kiâng
用得	īng-tit
用心	iōng-sim
用心神	īng-sim-sîn
用心良苦	iōng-sim-liâng-khóo
用心計較	iōng-sim-kè-kàu
用情份共人刁	iōng-tsîng-hūn-kā-lâng-tiau
用意	iōng-ì
用戶	iōng-hōo
用料	iōng-liau
用會著	iōng-ē-tio̍h
用步	īng-pōo
用武	iōng-bú
用武力	iōng-bū-li̍k
用水	iōng-tsuí
用法	īng-huat
用盡	iōng-tsīn
用盡心神	īng-tsīn-sim-sîn
用空	iōng-khang
用空用路	īng-khang-īng-lōo
用苦心	iōng-khóo-sim
用著	iōng-tio̍h
用處	iōng-tshù
用計	īng-kè
用語	iōng-gí
用謀造計	īng-bôo-tsō-kè
用賂	īng-lōo
用路	īng-lōo
用途	iōng-tôo
用錢	iōng-tsînn
用飯	iōng-pn̄g
用餐	iōng-tshan
甪仔	lut-á
甪仔嘴	lut-á-tshuì
甪仔黨	lut-á-tóng
甪任	lut-jīm
甪去	lut-khì
甪名	lut-miâ
甪官	lut-kuann
甪手	lut-tshiú
甪捒	lut-sak
甪毛	lut-mn̂g
甪職	lut-tsit
甪臼	lut-khū
甪落	lut-lo̍h
甪輪	lut-lûn
甪鉎	lu̍t-sian
甪錢	lut-tsînn
甪頭毛	lut-thâu-mn̂g
甪騙	lut-phiàn
甭數想	bông-siàu-siūnn
田中央	Tshân-tiong-ng
田佃	tshân-tiān
田僑仔	tshân-kiâu-á
田園	tshân-hn̂g
田園厝宅	tshân-hn̂g-tshù-the̍h
田土	tshân-thôo
田地	tshân-tē
田墘	tshân-kînn
田契	tshân-khuè
田嬰	tshân-enn
田嬰機	tshân-enn-ki
田嬰蝶	Tshân-enn-ia̍h
田嬰賈	tshân-enn-kóo
田寮	tshân-liâu
田寮港	Tshân-liâu-káng
田尾	Tshân-bué
田岸	tshân-huānn
田岸路	tshân-huānn-lōo
田岸頂	tshân-huānn-tíng
田庄	tshân-tsng
田庄人	tshân-tsng-lâng
田庄倯	tshân-tsng-sông
田徑	tshân-kìng
田徛仔	tshân-khiā-á
田心仔	Tshân-sim-á
田桮	tshân-pue
田棓帽	tshân-pe-bō
田椪花	tshân-phòng-hue
田洋	tshân-iûnn
田洋仔	tshân-iûnn-á
田烏串	tshân-oo-tshàng
田烏草	tshân-oo-tsháu
田瓜	tshân-kue
田租	tshân-tsoo
田穡	tshân-sit
田空課	tshân-khang-khuè
田肉	tshân-bah
田芋仔	tshân-ōo-á
田草	tshân-tsháu
田薯	tshân-tsî
田薯草	tshân-tsî-tsháu
田蚌	tshân-pāng
田蛉	tshân-ni
田蛤仔	tshân-kap-á
田螺	tshân-luê
田螺仔餅	tshân-lê-á-piánn
田貓仔	tshân-bâ-á
田貝	tshân-pue
田賦	tiân-hù
田賽	tiân-sài
田赤仔	tshân-tshiah-á
田邊草	tshân-pinn-tsháu
田鑽仔	tshân-tsǹg-á
田隙仔	tshân-khiah-á
田雞仔	tshân-ke-á
田頓	tshân-tòm
田頭	tshân-thâu
田頭家	tshân-thâu-ke
田香草	tshân-hiunn-tsháu
田骨	tshân-kut
田鴨	tshân-ah
田鼠	tshân-tshí
由來	iû-lâi
由來已久	iû-lâi-í-kú
由在	iû-tsāi
由在人	iû-tsāi-lâng
由在伊	iû-tsāi-i
由在你	iû-tsāi-lí
由在我	iû-tsāi-guá
由於	iû-î
由衷	iû-tiong
甲仙	Kah-sian
甲仙埔	Kah-sian-poo
甲冑	kah-tiū
甲子	kah-tsí
甲子園	Kah-tsí-hn̂g
甲子魚	kah-tsí-hî
甲意	kah-ì
甲是	kah-sī
甲板	kap-pán
甲狀腺	kah-tsōng-suànn
甲笚	kah-ha̍h
甲等	kah-tíng
甲邊	kah-pinn
甲長	kah-tn̂g
申冤	sin-uan
申告	sin-kò
申報	sin-pò
申時	sin-sî
申訴	sin-sòo
申誡	sin-kài
申請	sin-tshíng
申請人	sin-tshíng-jîn
申請書	sin-tshíng-su
男丁	lâm-ting
男主角	lâm-tsú-kak
男人	lâm-jîn
男使	lâm-sú
男倒女正	lâm-tò-lú-tsiànn
男儐相	lâm-pin-siòng
男兒	lâm-jî
男友	lâm-iú
男同性戀	lâm-tông-sìng-luân
男士	lâm-sū
男女	lâm-lí
男女朋友	lâm-lú-pîng-iú
男娶女嫁	lâm-tshuā-lí-kè
男婚女嫁	lâm-hun-lí-kè
男子	lâm-tsú
男子漢	lâm-tsú-hàn
男孩	lâm-hâi
男家	lâm-ka
男尊女卑	lâm-tsun-lí-pi
男性	lâm-sìng
男性化	lâm-sìng-huà
男才女貌	lâm-tsâi-lí-māu
男扮女裝	lâm-pān-lí-tsong
男方	lâm-hong
男旁	lâm-pîng
男朋友	lâm-pîng-iú
男權	lâm-koân
男演員	lâm-ián-uân
男爿	lâm-pîng
男生	lâm-sing
男男女女	lâm-lâm-lí-lí
男色	lâm-sik
男裝	lâm-tsong
男高音	lâm-ko-im
界址	kài-tsí
界定	kài-tīng
界牌	kài-pâi
界管	kài-kuán
界紃	kài-sûn
界線	kài-suànn
界限	kài-hān
畏事	uì-sū
畏冷	uì-líng
畏同	uì-tông
畏寒	uì-kuânn
畏小人	ùi-siáu-jîn
畏小澧	uì-siáu-lé
畏懶	uì-lán
畏懼	uì-khū
畏挾	uì-khue̍h
畏撓草	uì-ngiau-tsháu
畏某	uì-bóo
畏死爸閣欲食饅頭	uì-sí-pē-koh-beh-tsia̍h-bîn-thâu
畏煩	uì-huân
畏熱	uì-jua̍h
畏生分	uì-senn-hūn
畏罪	uì-tsuē
畏羞人	uì-siáu-jîn
畏羞禮	uì-siáu-lé
畏羞草	uì-siu-tsháu
畏蟯草	uì-ngiau-tsháu
畏見笑	uì-kiàn-siàu
畏講	uì-kóng
畏途	uì-tôo
畏顯	uì-hiánn
留人客	lâu-lâng-kheh
留仔	liû-á
留任	liû-jīm
留名	lâu-miâ
留嘴鬚	lâu-tshuì-tshiu
留地步	lâu-tē-pōo
留存	liû-tsûn
留學	liû-ha̍k
留學生	liû-ha̍k-sing
留守	liû-siú
留屎尾	lâu-sái-bué
留後手	lâu-āu-tshiú
留後步	lâu-āu-pōo
留心	liû-sim
留念	liû-liām
留情	liû-tsîng
留意	liû-ì
留戀	liû-luân
留有	lâu-iú
留步	liû-pōo
留活扣	lâu-ua̍h-khàu
留瘍跡	lâu-siông-liah
留神	liû-sîn
留級	liû-kip
留置	lâu-tì
留職	liû-tsit
留落來	lâu-lo̍h-lâi
留言	liû-giân
留話	lâu-uē
留面子	lâu-bīn-tsú
留面皮	lâu-bīn-phuê
留頭毛	lâu-thâu-mn̂g
留頭鬃	lâu-thâu-tsang
留駐	lâu-tsù
畚堆	pùn-tui
畚屎龜	pùn-sái-ku
畚斗	pùn-táu
畚甘藤	pùn-kam-tîn
畚箕	pùn-ki
畚箕仔	pùn-ki-á
畚箕佮春𣛮	pùn-ki-kah-tshun-siānn
畚箕港	Pùn-ki-káng
畚箕藤	pùn-ki-tîn
畚翼	phún-phián
畜牧	thiok-bo̍k
畜牧場	thiok-bo̍k-tiûnn
畜牧學	thiok-bo̍k-ha̍k
畜牧時代	thiok-bo̍k-sî-tāi
畜牧業	thiok-bo̍k-gia̍p
畜牲	thik-senn
畜產	thiok-sán
畜產品	thiok-sán-phín
畜試所	thik-tshì-sóo
畜類	thiok-luī
畢卡索	Pit-khah-soh
畢業	pit-gia̍p
畢業典禮	pit-gia̍p-tián-lé
畢業戶橂	pit-gia̍p-hōo-tīng
畢業班	pit-gia̍p-pan
畢業生	pit-gia̍p-sing
畢業證書	pit-gia̍p-tsìng-su
畢生	pit-sing
畢竟	pit-kìng
略仔	lio̍h-á
略仔帶	lio̍h-á-tuà
略仔有	lio̍h-á-ū
略俗仔	lia̍k-sio̍k-á
略勝一籌	lia̍k-sìng-it-tiû
略略仔	lio̍h-lio̍h-á
番仔	huan-á
番仔刺	huan-á-tshì
番仔字	huan-á-jī
番仔怨	huan-á-uàn
番仔挖	Huan-á-uat
番仔掃帚	huan-á-sàu-tshiú
番仔桃	huan-á-thô
番仔樓	huan-á-lâu
番仔正	huan-á-tsiann
番仔油	huan-á-iû
番仔灣	huan-á-uan
番仔火	huan-á-hué
番仔火盒仔	huan-á-hué-a̍h-á
番仔狗	huan-á-káu
番仔田	Huan-á-tshân
番仔番薯	huan-á-han-tsî
番仔直	huan-á-ti̍t
番仔碼子	huan-á-bé-tsí
番仔窩	huan-á-o
番仔花	huan-á-hue
番仔草橄	huan-á-tshó-kan
番仔莊	Huan-á-tsng
番仔菜	huan-á-tshài
番仔蔥	huan-á-tshang
番仔薑	huan-á-kiunn
番仔藤	huan-á-tîn
番仔衫	huan-á-sann
番仔路	Huan-á-lōo
番仔過年	huan-á-kuè-nî
番仔餅	huan-á-piánn
番仔鬼	huan-á-kuí
番公	huan-kang
番刺仔	huan-tshì-á
番匏	huan-pû
番咐	huan-hù
番噱啣	huan-ki̍h-kānn
番地	huan-tē
番婆	huan-pô
番婆怨	huan-pô-uàn
番婆樹	huan-pô-tshiū
番婆灣	huan-pô-uan
番婆螺	huan-pô-lê
番客	huan-kheh
番工土	huan-kong-thóo
番幔	huan-mua
番旁	huan-pîng
番木瓜	huan-bo̍k-kue
番果子	huan-kué-tsí
番柿	huan-khī
番梨	huan-lâi
番椒	huan-tsio
番爿	huan-pîng
番牡丹	huan-bóo-tan
番犬	huan-khián
番狗	huan-káu
番王	huan-ông
番瑞香	huan-suī-hiunn
番瓜	huan-kue
番界	huan-kài
番畢仔	huan-pit-á
番番	huan-huan
番癲	huan-tian
番社	huan-siā
番素馨	huan-sòo-hing
番繡球	huan-siù-kiû
番芋	huan-ōo
番芥藍	huan-kè-nâ
番花	huan-hue
番花樹	huan-hue-tshiū
番茄	huan-kiô
番茉莉	huan-ba̍k-lī
番荔枝	huan-nāi-tsi
番菁	huan-tshinn
番葛	huan-kuah
番蒜	huan-suàn
番薑	huan-kiunn
番薑仔	huan-kiunn-á
番薯	han-tsî
番薯丸	han-tsî-uân
番薯仔鳥	han-tsî-á-tsiáu
番薯圓	han-tsî-înn
番薯片	han-tsî-phìnn
番薯球	han-tsî-kiû
番薯糋	hân-tsî-tsìnn
番薯膨	han-tsî-phòng
番薯葉	han-tsî-hio̍h
番蘇木	huan-soo-bo̍k
番蘿蔔	huan-lôo-po̍k
番蜘蛛	huan-ti-tu
番蝴蝶	huan-ôo-tia̍p
番貨	huan-huè
番路	Huan-lōo
番雀仔	huan-tshiah-á
番頭目	huan-thâu-ba̍k
番體	huan-thái
番麥	huan-be̍h
番麥殼	huan-be̍h-khak
番麥洘湯	huan-be̍h-khó-thng
番麥濃湯	huan-be̍h-lông-thng
番麥筍	huan-be̍h-sún
番麥米	huan-be̍h-bí
番麥粒	huan-be̍h-lia̍p
番麥糊湯	huan-be̍h-kôo-thng
番麥羹湯	huan-be̍h-kenn-thng
番麥葉	huan-be̍h-hio̍h
番黍	huan-sé
番鼎仔	huan-tiánn-á
番鼠	huan-tshí
畫一个空殼餅	uē-tsi̍t-ê-khang-khak-piánn
畫仙	uē-sian
畫作	uē-tsok
畫像	uē-siōng
畫冊	uē-tsheh
畫出	uē-tshut
畫分	uē-hun
畫刊	uī-khan
畫商	uē-siong
畫圖	uē-tôo
畫圖筆	huē-tôo-pit
畫圖紙	uē-tôo-tsuá
畫報	uē-pò
畫士	uē-sū
畫妝	uē-tsng
畫妝品	ue̍h-tsong-phín
畫室	uē-sik
畫家	uē-ka
畫尪仔目	uē-ang-á-ba̍k
畫展	uē-tián
畫山水	uē-san-suí
畫巡	uī-sûn
畫布	uē-pòo
畫廊	uē-lông
畫會	uē-huē
畫本	uē-pún
畫框	uē-khing
畫狗母蛇	uī-káu-bó-tsuâ
畫痕行路	uī-hûn-kiânn-lōo
畫眉	uā-bî
畫符	uē-hû
畫符仔	uē-hû-á
畫筆	uē-pit
畫算	huā-sǹg
畫紙	uē-tsuá
畫素	uē-sòo
畫素範	uē-sòo-pān
畫線	uē-suànn
畫虎膦	uē-hóo-lān
畫虎變貓	uī-hóo-piàn-niau
畫虎貓	uē-hóo-niau
畫虎𡳞	uē-hóo-lān
畫號	uē-hō
畫題	uī-tê
畫龍畫鳳	uī-lîng-uī-hōng
異動	ī-tōng
異口同聲	ī-kháu-tông-siann
異同	ī-tông
異味	ī-bī
異國	ī-kok
異地	ī-tē
異域	ī-hi̍k
異姓	ī-sìng
異己	ī-kí
異性	ī-sìng
異性戀	ī-sìng-luân
異想天開	ī-sióng-thinn-khui
異教	ī-kàu
異數	ī-sòo
異族	ī-tso̍k
異曲同工	ī-khiok-tông-kong
異物	ī-bu̍t
異狀	ī-tsōng
異界	ī-kài
異端	ī-tuan
異議	ī-gī
異象	ī-siōng
異質	ī-tsit
異軍突起	ī-kun-tu̍t-khí
異邦	īnn-pang
異鄉	ī-hiong
異類	ī-luī
畲族	Siâ-tso̍k
當世	tong-sè
當中	tong-tiong
當事人	tong-sū-jîn
當事者	tong-sū-tsiá
當今	tng-kim
當今白日	tng-tann-pe̍h-ji̍t
當代	tong-tāi
當作	tòng-tsò
當值	tong-ti̍t
當做	tòng-tsò
當其時	tong-kî-sî
當初	tng-tshue
當初時	tng-tshue-sî
當前	tong-tsiân
當勻	tong-ûn
當原初	tng-guân-tshoo
當地	tong-tē
當地人	tong-tē-lâng
當場	tong-tiûnn
當場交貨	tong-tiûnn-kau-huè
當夜	tong-iā
當家	tng-ke
當家師	tong-ka-su
當局	tong-kio̍k
當工	tng-kang
當差	tng-tshe
當市	tng-tshī
當年	tong-nî
當店	tǹg-tiàm
當政	tong-tsìng
當日	tong-ji̍t
當是時	tng-sī-sî
當時	tang-sî
當時仔	tang-sî-á
當晚	tong-buán
當機	tǹg-ki
當機立斷	ìng-ki-li̍p-tuàn
當權派	tong-kuân-phài
當權者	tong-kuân-tsiá
當欲	tng-bueh
當歸	tong-kui
當歸鴨	tong-kui-ah
當沖	tong-tshiong
當然	tong-jiân
當然之理	tong-jiân-tsi-lí
當班	tong-pan
當當	tong-tong
當發彩	tng-huat-tshái
當發花	tng-huat-hue
當眾	tong-tsiòng
當等	tng-tán
當綴	tng-tuè
當翻初	tng-huan-tshue
當選	tòng-suán
當選人	tòng-suán-jîn
當銷	tong-siau
當鋪	tǹg-phòo
當開	tng-khui
當面	tng-bīn
當面指	tng-bīn-tsí
當頭	tǹg-thâu
當頭白日	tng-thâu-pe̍h-li̍t
畸形	kî-hîng
畸零	kî-lîng
疆域	kiong-hi̍k
疆界	kiong-kài
疊仔	thia̍p-á
疊仔王	thia̍p-á-ông
疊價	tha̍h-kè
疊坐	thia̍p-tsē
疊堆	thia̍p-tui
疊實	thia̍p-si̍t
疊尖	thia̍p-tsiam
疊柴磚仔	thia̍p-tshâ-tsng-á
疊樓仔	tha̍h-lâu-á
疊環	thia̍p-khuân
疊環坐	thia̍p-khuân-tsē
疊盤	thia̍p-phuân
疊磚仔	thia̍p-tsng-á
疊緟	thia̍p-thōng
疊腳	thia̍p-kha
疊腳石	thiap-kha-tsio̍h
疊草	thia̍p-tsháu
疊被	thiap-phuē
疊詞	tha̍h-sû
疊起來	thia̍p-khí-lâi
疊起去	tha̍h-khí-khì
疊跤	thia̍p-kha
疊頭	tha̍h-thâu
疊駁	thia̍p-poh
疋數	phit-sòo
疏失	sue-sit
疏子窗	se-tsí-thang
疏子門	se-tsí-mn̂g
疏導	soo-tō
疏忽	soo-hut
疏散	soo-sàn
疏果	soo-kó
疏櫳	se-lang
疏漏	soo-lāu
疏疏	se-se
疏薄	se-po̍h
疏親情	se-tshin-tsiânn
疏通	soo-thong
疏遠	soo-uán
疏開	soo-khai
疏離	soo-lī
疏鬆	sue-sang
疏鬖	se-sàm
疏齒	se-khí
疑似	gî-sū
疑問	gî-būn
疑心	gî-sim
疑心重	gî-sim-tāng
疑悟	gî-ngōo
疑惑	gî-hi̍k
疑懼	gî-khū
疑東疑西	gî-tang-gî-sai
疑案	gî-àn
疑生怪	gî-sing-kuài
疑神疑鬼	gî-sîn-gî-kuí
疑竇	gî-tōo
疑義	gî-gī
疑訝	gî-ngā
疑誤	gî-gōo
疑難	gî-lān
疑難雜症	gî-lân-tsa̍p-tsìng
疑雲	gî-hûn
疑騃	gî-gâi
疑點	gî-tiám
疔仔	ting-á
疕仔囝	phí-á-kiánn
疕仔漢	phí-á-hàn
疝氣	sàn-khì
疤痕	pa-hûn
疤跡	pa-liah
疥瘡	kuè-tshng
疥癬	kè-sián
疫情	ia̍h-tsîng
疫情期間	i̍k-tsîng-kî-kan
疫毒痧	i̍k-to̍k-sua
疫病	i̍k-pēnn
疫症	i̍k-tsìng
疫苗	i̍k-biâu
疲乏	phî-hua̍t
疲勞	phî-lô
疲勞駕駛	phî-lô-kà-sú
疲弱	phî-jio̍k
疲憊	phî-pē
疳瘡	kam-tshng
疳積	kam-tsik
疶屎	tshuah-sái
疶屎水	tshuah-sái-tsuí
疼人	thiànn-lâng
疼囝	thiànn-kiánn
疼惜	thiànn-sioh
疼某	thiànn-bóo
疼疼	thiànn-thiànn
疼痛	thiànn-thàng
疼運	thiànn-ūn
疼風	thiànn-hong
疾呼	tsi̍t-hoo
疾患	tsi̍k-huān
疾病管制署	tsi̍k-pēnn-kuán-tsè-sú
疾管署	tsi̍t-kuán-sú
疾駛	tsi̍t-sú
疿仔	puì-á
疿仔粉	puì-á-hún
痀崙	ku-lún
痀燒	ku-sio
痀痀	ku-ku
病丁	pēnn-ting
病人	pēnn-lâng
病例	pēnn-lē
病倒	pēnn-tó
病假	pēnn-ká
病債	pēnn-tsè
病入骨髓	pēnn-li̍p-kut-tshué
病勢	pēnn-sì
病危	pēnn-guî
病厄	pēnn-eh
病原	pēnn-guân
病囝	pēnn-kiánn
病囝吐	pēnn-kiánn-thòo
病因	pēnn-in
病囡仔	pēnn-gín-á
病媒	pēnn-buê
病嬌	pēnn-kiau
病室	pēnn-sik
病害	pēnn-hāi
病尾	pēnn-bué
病床	pēnn-tshn̂g
病底	pēnn-té
病後	pēnn-āu
病患	pēnn-huān
病情	pēnn-tsîng
病態	pēnn-thài
病房	pēnn-pâng
病故	pēnn-kòo
病本	pēnn-pún
病本較薄	pēnn-pún-khah-po̍h
病根	pēnn-kin
病款	pēnn-khuán
病歷	pēnn-li̍k
病歷表	pēnn-li̍k-pió
病死	pēnn-sí
病母	pēnn-bó
病毒	pēnn-to̍k
病況	pēnn-hóng
病源	pēnn-guân
病灶	pēnn-tsàu
病狀	pīng-tsōng
病猴	pēnn-kâu
病理學	pēnn-lí-ha̍k
病疫	pēnn-i̍k
病疼	pēnn-thiànn
病症	pēnn-tsìng
病痛	pēnn-thiànn
病癒	pēnn-jú
病相	pēnn-siòng
病相思	pēnn-siunn-si
病真黏	pēnn-tsin-liâm
病管署	pēnn-kuán-sú
病翻箍	pēnn-huan-khoo
病菌	pēnn-khún
病蟲害	pēnn-thâng-hāi
病識感	pēnn-sik-kám
病變	pēnn-piàn
病逝	pēnn-sē
病過掛	pēnn-kuè-kuà
病過頭	pēnn-kuè-thâu
病重	pēnn-tāng
病院	pēnn-īnn
病風	pēnn-hong
病體	pēnn-thé
病鬼	pēnn-kuí
病魔	pēnn-môo
症候	tsìng-hāu
症候群	tsìng-hāu-kûn
症狀	tsìng-tsōng
症頭	tsìng-thâu
痊癒	tshuan-jú
痔仔	tī-á
痔漏	tī-lāu
痔瘡	tī-tshng
痕影	hûn-iánn
痕衫	hûn-sann
痕跡	hûn-jiah
痘熱症	tāu-jia̍t-tsìng
痘症	tāu-tsìng
痘瘡	tāu-tshng
痚呴	he-ku
痚呴嗽	he-ku-sàu
痚呴聲	he-ku-siann
痚痀	he-ku
痚痀注	he-ku-tū
痚痀病	he-ku-pēnn
痛心	thòng-sim
痛恨	thiòng-hīn
痛悔	thòng-hué
痛惜	thiànn-sioh
痛慼	thòng-tshiat
痛搐搐	thiànn-tiuh-tiuh
痛沸沸	thiànn-hut-hut
痛疼	thiànn-thàng
痛苦	thòng-khóo
痛風	thiànn-hong
痟丁當	siáu-ting-tang
痟亂	siáu-luān
痟人	siáu-lâng
痟個	siáu-ê
痟公子	siáu-kong-tsú
痟友	siáu-iú
痟叮噹	siáu-tin-tang
痟唸茹	siáu-liām-jû
痟婆	siáu-pô
痟慄慄	siáu-la̍k-la̍k
痟捋捋	siáu-la̍k-la̍k
痟查某	siáu-tsa-bóo
痟流拖	siáu-lâu-thua
痟湧	siáu-íng
痟狂	siáu-kông
痟狗	siáu-káu
痟狗流	siáu-káu-lâu
痟狗浪	siáu-káu-lōng
痟狗湧	siáu-káu-íng
痟狗病	siáu-káu-pēnn
痟狗舂墓壙	siáu-káu-tsing-bōng-khòng
痟甲無尾溜	siáu-kah-bô-bué-liu
痟痟	siáu-siáu
痟痟搦搦	siáu-siáu-la̍k-la̍k
痟癲	siáu-tian
痟的	siáu-ê
痟神	siáu-sîn
痟股票	siáu-kóo-phiò
痟藥仔	siáu-io̍h-á
痟話	siáu-uē
痟貓	siáu-niau
痟貪	siáu-tham
痟跳	siáu-thiàu
痟齣	siáu-tshut
痟齣仔	siáu-tshut-á
痟齣無大簿	siáu-tshut-bô-tuā-phōo
痠痛	sng-thiànn
痠軟	sng-nńg
痠軟痛	sng-nńg-thiànn
痠骨輪疼骨節	sng-kut-lûn-thiànn-kut-tsat
痡心	poo-sim
痢疾	lī-tsik
痢病	lī-pēnn
痢症	lī-tsìng
痣毛	kì-mn̂g
痣鬚	kì-tshiu
痧藥	sua-io̍h
痰亂	thâm-luān
痰亂痟	thâm-luān-siáu
痰壺	thâm-ôo
痰瀾	thâm-nuā
痰癆	thâm-lô
痰罐	thâm-kuàn
痰除	thâm-tū
痱仔	puì-á
痱仔粉	puì-á-hún
痲仔	muâ-á
痲疹	bâ-tsín
痲症	muâ-tsìng
痳仔	muâ-á
痴哥	tshi-ko
痴頭婆	tshi-thâu-pô
瘋儌	hong-kiáu
瘋查某	hong-tsa-bóo
瘋氣	hong-khì
瘋狗母	hong-káu-bó
瘋癲	hong-tian
瘋股票	hong-kóo-phiò
瘍塌塌	siûnn-lap-lap
瘍捋捋	siûnn-leh-leh
瘍瘍	siûnn-siûnn
瘍耳	iûnn-hīnn
瘟愛	un-ài
瘟毒痢	un-to̍k-lī
瘟疫	un-i̍k
瘟疫氣	un-i̍k-khì
瘟瘧	un-gio̍k
瘟神	un-sîn
瘡毒	tshng-to̍k
瘡痕	tshng-hûn
瘡跡	tshng-jiah
瘦卑巴	sán-pi-pa
瘦啉	sán-lim
瘦地	sán-tē
瘦抽	sán-thiu
瘦枝落葉	sán-ki-lo̍h-hio̍h
瘦梭	sán-so
瘦梭巧路	sán-so-khiáu-lōo
瘦狗公	sán-káu-kang
瘦猴	sán-kâu
瘦田	sán-tshân
瘦瘦	sán-sán
瘦的	sán-ê
瘦細	sán-sè
瘦肉	sán-bah
瘦話	sán-uē
瘦赤	sán-tshiah
瘦長	sán-tn̂g
瘦食	sán-tsia̍h
瘦鬼	sán-kuí
瘧疾	gia̍k-tsi̍k
瘰厤	lí-la̍t
瘴氣	tsiòng-khì
瘸手	kher-tshiú
瘸腳	khê-kha
瘸跤	khêr-kha
癀發氣脫	hông-huat-khì-thuat
療傷	liâu-siong
療勢	liâu-sè
療效	liâu-hāu
療法	liâu-huat
療養	liâu-iáng
療養院	liâu-iáng-īnn
癆傷	lô-siong
癆嗽	lô-sàu
癆損	lô-sún
癆熱	lô-jia̍t
癆病	lô-pēnn
癌症	gâm-tsìng
癖仔	phia̍h-á
癖性	phiah-sìng
癖片	phiah-phìnn
癖症	phiah-tsìng
癖鼻	phiah-phīnn
癗堆	lui-tui
癡哥	tshi-ko
癡情	tshi-tsîng
癡騃	tshi-gâi
癤味	tsiat-bī
癥結	ting-kat
癩哥	thái-ko
癮仙膏	giàn-sian-ko
癮君子	giàn-kun-tsú
癮哭	giàn-khàu
癮巴巴	giàn-pa-pa
癮甲	giàn-kah
癮甲瀾流	giàn-kah-nuā-lâu
癮目	giàn-ba̍k
癮笑	giàn-tshiò
癮網路	giàn-bāng-lōo
癮脾	giàn-pî
癮薰的	giàn-hun-ê
癮講	giàn-kóng
癮頭	giàn-thâu
癮頭癮頭	giàn-thâu-giàn-thâu
癮食	giàn-tsia̍h
癰仔	ing-á
癰漏	ing-lāu
癱瘓	than-thuán
癲婆	tian-pô
癲婆花	tian-pô-hue
癲戇	tian-gōng
癲病	tian-pēnn
登上	ting-siāng
登入	ting-ji̍p
登出	ting-tshut
登台	ting-tâi
登基	ting-ki
登報	ting-pò
登天	ting-thian
登山	ting-suann
登山客	ting-san-kheh
登山隊	ting-san-tuī
登山鞋	ting-san-ê
登岸	ting-huānn
登廣告	ting-kóng-kò
登機	ting-ki
登科	ting-kho
登船	ting-tsûn
登記	ting-kì
登載	ting-tsài
登錄	ting-lo̍k
登陸	ting-lio̍k
登高一呼	ting-ko-it-hoo
發人深省	huat-jîn-tshim-síng
發令	huat-līng
發作	huat-tsoh
發光	huat-kng
發光二極體	huat-kong-jī-ki̍k-thé
發兵	huat-ping
發出	huat-tshut
發出來	huat-tshut-lâi
發函	huat-hâm
發刊	huat-khan
發動	huat-tōng
發動機	huat-tōng-ki
發包	huat-pau
發售	huat-siū
發問	huat-būn
發喪	huat-song
發嘴齒	huat-tshuì-khí
發回	huat-huê
發姑	huat-koo
發嬈	huat-hiâu
發射	huat-siā
發射台	huat-siā-tâi
發射器	huat-siā-khì
發展	huat-tián
發展到	huat-tián-kàu
發展局	huat-tián-kio̍k
發展潛力	huat-tián-tsiâm-li̍k
發布	huat-pòo
發彩	huat-tshái
發心	huat-sim
發性	huat-sìng
發性地	huat-sìng-tē
發批	huat-phe
發抖	huat-tiō
發掘	huat-ku̍t
發揚	huat-iông
發揚光大	huat-iông-kong-tāi
發揮	huat-hui
發放	huat-hòng
發散	huat-sàn
發明	huat-bîng
發明家	huat-bîng-ka
發條	huat-tiâu
發樣	huat-iūnn
發毒	huat-to̍k
發毛水	hua̍t-môo-tsuí
發水	huat-tsuí
發汗	huat-kuānn
發波	puh-pho
發波仔	puh-phok-á
發洩	huat-sia̍p
發源地	huat-guân-tē
發火	huat-hué
發炎	huat-iām
發為	huat-uî
發熱	huat-jia̍t
發燒	huat-sio
發牙	huat-gê
發狂	huat-kông
發現	huat-hiān
發生	huat-sing
發病	huat-pēnn
發症	huat-tsìng
發祖	huat-tsóo
發票	huat-phiò
發福	huat-hok
發稿	huat-kó
發穎典	huat-ínn-tián
發窋	huat-puh
發粉	huat-hún
發粿	huat-ké
發給	huat-kip
發聲	huat-siann
發育	huat-io̍k
發育不良	huat-io̍k-put-liông
發脾氣	huat-phî-khì
發膿	puh-lâng
發花	huat-hue
發芽	huat-gê
發草	huat-tsháu
發莓	huat-m̂
發菰	huat-koo
發落	hua̍t-lo̍h
發落來	huat-lo̍h-lâi
發藥	huat-io̍h
發蘖	huat-ínn
發蘡	huat-ínn
發行	huat-hîng
發行人	huat-hîng-jîn
發表	huat-piáu
發袂行	huat-bē-kiânn
發覺	huat-kak
發言	huat-giân
發言人	huat-giân-jîn
發言權	huat-giân-kuân
發財	huat-tsâi
發財仔	huat-tsâi-á
發財仔車	huat-tsâi-á-tshia
發財樹	huat-tsâi-tshiū
發貨	huat-huè
發賣	huat-bē
發起	huat-khí
發起人	huat-khí-jîn
發跡	huat-tsik
發身	huat-sin
發送	huat-sàng
發達	huat-ta̍t
發還	huat-hîng
發酒瘋	huat-tsiú-hong
發酵	huat-kànn
發金	huat-kim
發開	huat-khui
發陽	huat-iông
發難	huat-lān
發電	huat-tiān
發電機	huat-tiān-ki
發音	huat-im
發願	huat-guān
發養	huat-iúnn
發齒	huat-khí
白了	pe̍h-liáu
白了力	pe̍h-liáu-la̍t
白了工	pe̍h-liáu-kang
白人	pe̍h-lâng
白仁	pe̍h-jîn
白仁反甲後擴去	pe̍h-jîn-píng-kah-āu-khok-khì
白仁土	pe̍h-jîn-thôo
白俄羅斯	Pe̍h-Gô-lô-su
白內障	pe̍h-lāi-tsiàng
白其春	pe̍h-kî-tshun
白刀	pe̍h-to
白刀魚	pe̍h-to-hî
白刺仔花	pe̍h-tshì-á-hue
白包	pe̍h-pau
白匏仔	pe̍h-pû-á
白厚朴	pe̍h-kāu-phak
白厚殼	pe̍h-kāu-khak
白口	pe̍h-kháu
白口瘡	pe̍h-kháu-tshng
白吊鐘	pe̍h-tiàu-tsing
白吞	pe̍h-thun
白喉	pe̍h-âu
白嘔	pe̍h-áu
白土	pe̍h-thôo
白埔姜	pe̍h-poo-kiunn
白墡土	pe̍h-siān-thôo
白墨	pe̍h-ba̍k
白墨粉	pe̍h-ba̍k-hún
白奶藤	pe̍h-ling-tîn
白姑魚	pe̍h-koo-hî
白字	pe̍h-jī
白字仔	pe̍h-lī-á
白宮	Pe̍h-kiong
白尾	pe̍h-bué
白尾扇	pe̍h-bué-sìnn
白尾鷂	pe̍h-bué-iāu
白布	pe̍h-pòo
白布條	pe̍h-pòo-liâu
白帖	pe̍h-thiap
白帖仔	pe̍h-thiap-á
白帶	pe̍h-tài
白帶魚	pe̍h-tuà-hî
白干無然	pe̍h-kan-bô-jiân
白戇仔	pe̍h-gōng-á
白扇仔	pe̍h-sìnn-á
白手成家	pi̍k-siú-sîng-ka
白批	pe̍h-phe
白抹抹	pe̍h-buah-buah
白拋拋	pe̍h-phau-phau
白指甲	pe̍h-tsíng-kah
白斑	pe̍h-pan
白斬雞	pe̍h-tsām-ke
白旗	pe̍h-kî
白日	pe̍h-ji̍t
白日夢	pe̍h-ji̍t-bāng
白昆草	pe̍h-khun-tsháu
白昲	pe̍h-phú
白木耳	pe̍h-bo̍k-jí
白杉	pe̍h-sam
白松柏	pe̍h-tshîng-peh
白板	pe̍h-pang
白果	pe̍h-kó
白柯	pe̍h-kho
白校欑	pe̍h-káu-tsan
白桃	pe̍h-thô
白桐	pe̍h-tông
白條仔	pe̍h-tiâu-á
白榕	pe̍h-tshîng
白樹	pe̍h-tshiū
白樹仔	pe̍h-tshiū-á
白樹豆	pe̍h-tshiū-tāu
白橐仔	pe̍h-lok-á
白橡油樹	pe̍h-tshiūnn-iû-tshiū
白檀	pe̍h-tuânn
白欖	pe̍h-lám
白死死	pe̍h-sí-sí
白死殺	pe̍h-sí-sat
白毛	pe̍h-moo
白毛仔	pe̍h-mn̂g-á
白毛藤	pe̍h-môo-tîn
白水	pe̍h-tsuí
白水錦	pe̍h-tsuí-kím
白汫無味	pe̍h-tsiánn-bô-bī
白沉香	pe̍h-tîm-hiunn
白沫瀾	pe̍h-phe̍h-nuā
白河	Pe̍h-hô
白泡泡	pe̍h-phau-phau
白波	pe̍h-pho
白波波	pe̍h-pho-pho
白海獅	Pe̍h-hái-sai
白海豬	pe̍h-hái-ti
白湠	pe̍h-thuànn
白漆	pe̍h-tshat
白澈	pe̍h-theh
白瀾	pe̍h-nuā
白火	pe̍h-hué
白無閒	pe̍h-bô-îng
白煠肉	pe̍h-sa̍h-bah
白煠雞	pe̍h-sa̍h-ke
白煠飯包	pe̍h-sa̍h-pn̄g-pau
白煮卵	pe̍h-tsú-nn̄g
白熊	pe̍h-hîm
白熠皙	pe̍h-sih-siak
白熱化	pe̍h-jia̍t-huà
白熾熾	pe̍h-sih-sih
白爍爍	pe̍h-siak-siak
白牡丹	pe̍h-bóo-tan
白玉	pe̍h-gi̍k
白玉毋驚瑕痕	pe̍h-gio̍k-m̄-kiann-hâ-hûn
白玉石	pe̍h-gi̍k-tsio̍h
白玉蘭	pe̍h-gio̍k-lân
白珠仔草	pe̍h-tsu-á-tsháu
白珠螺	pe̍h-tsu-lê
白痴	pe̍h-tshi
白癡	pe̍h-tshi
白癬	pe̍h-sián
白白	pe̍h-pe̍h
白白了	pe̍h-pe̍h-liáu
白白看	pe̍h-pe̍h-khuànn
白白食	pe̍h-pe̍h-tsia̍h
白皙皙	pe̍h-siak-siak
白皮書	pe̍h-phuê-su
白目	pe̍h-ba̍k
白目仁	pe̍h-ba̍k-lîn
白目球	Pe̍h-ba̍k-kiû
白目糜	pe̍h-ba̍k-mâi
白目飯	pe̍h-ba̍k-pn̄g
白直	pe̍h-ti̍t
白眼	pi̍k-gán
白石英	pe̍h-tsio̍h-ing
白石跤	Pe̍h-tsio̍h-kha
白砂	pe̍h-sua
白礬	pe̍h-huân
白竹仔布	pe̍h-tik-á-pòo
白等	pe̍h-tán
白節蛇	pe̍h-tsat-tsuâ
白米	pe̍h-bí
白糊仔	pe̍h-kôo-á
白糖	pe̍h-thn̂g
白紙	pe̍h-tsuá
白素英	pe̍h-sòo-ing
白紫蘇	pe̍h-tsí-soo
白絲個	pe̍h-si-kâinn
白絲蟲	pe̍h-si-thâng
白羅斯	Pe̍h-lô-su
白翅仔	pe̍h-si̍t-á
白翎鷥	pe̍h-līng-si
白老鼠	pe̍h-niáu-tshí
白耳仔	pe̍h-hīnn-á
白耳龍	Pe̍h-hīnn-liông
白聯	pe̍h-liân
白肉	pe̍h-bah
白肉仔	pe̍h-bah-á
白肉底	pe̍h-bah-té
白肉油	pe̍h-bah-iû
白肉豆	pe̍h-bah-tāu
白肚圓仔	Pe̍h-tōo-înn-á
白肚雞胿	Pe̍h-tōo-ke-kui
白胡椒	pe̍h-hôo-tsio
白腳蹄	pe̍h-kha-tê
白腹	pe̍h-pak
白腹仔	pe̍h-pak-á
白膠	pe̍h-ka
白膠香	pe̍h-ka-hiunn
白膽	pe̍h-tám
白舌骨	pe̍h-tsi̍h-kut
白色	pe̍h-sik
白色恐怖	pe̍h-sik-khióng-pòo
白芍	pe̍h-tsiok
白花仔	pe̍h-hue-á
白花仔心	pe̍h-hue-á-sim
白花仔草	pe̍h-hue-á-tsháu
白花草	pe̍h-hue-tsháu
白花藤	pe̍h-hue-tîn
白茅	pe̍h-hm̂
白茉莉	pe̍h-ba̍k-lī
白茫茫	pe̍h-bông-bông
白菇	pe̍h-koo
白菊花	pe̍h-kiok-hue
白菖蒲	pe̍h-tshiong-pôo
白菜	be̍h-tshài
白葉下	pe̍h-hio̍h-ē
白葉仔	pe̍h-hio̍h-á
白蒺藜	pe̍h-tsi̍k-lê
白蒼蒼	pe̍h-tshang-tshang
白蓬蓬	pe̍h-phông-phông
白蓮花	pe̍h-liân-hue
白蔥蔥	pe̍h-tshang-tshang
白藥	pe̍h-io̍h
白蘇英	pe̍h-soo-ing
白蘭花	pe̍h-lân-hue
白虎	pe̍h-hóo
白虎星	pe̍h-hóo-tshenn
白虎湯	pe̍h-hóo-thng
白虎鏡	pe̍h-hóo-kiànn
白虹	pe̍h-khīng
白蛇傳	pi̍k-siâ-tuān
白蝦	Pe̍h-hê
白蝦仔	pe̍h-hê-á
白蟻	pe̍h-hiā
白蠟	pe̍h-la̍h
白蠟煠	pe̍h-la̍h-sa̍h
白血球	pe̍h-hueh-kiû
白衣	pe̍h-i
白裼	pe̍h-theh
白西洋	pe̍h-sai-iûnn
白話	pe̍h-uē
白話字	pe̍h-uē-jī
白話文	pe̍h-uē-bûn
白講	pe̍h-kóng
白讀	pi̍k-tho̍k
白豆	pe̍h-tāu
白費	pe̍h-huì
白賊	pe̍h-tsha̍t
白賊卵	pe̍h-tsha̍t-nn̄g
白賊嘴	pe̍h-tsha̍t-tshuì
白賊話	pe̍h-tsha̍t-uē
白質	pe̍h-tsit
白賺	pe̍h-thàn
白身	pe̍h-sin
白身人	pe̍h-sin-lâng
白送	pe̍h-sàng
白醋	pe̍h-tshòo
白里	pe̍h-lí
白金	pe̍h-kim
白針蛹	Pe̍h-tsiam-ióng
白針蜂	Pe̍h-tsiam-phang
白針蟲	Pe̍h-tsiam-thâng
白鉛	pe̍h-iân
白銀	pe̍h-gîn
白銀杏	pe̍h-gîn-hīng
白銀香	pe̍h-gîn-hiunn
白銀魚	pe̍h-gûn-hî
白銚	pe̍h-tiō
白鐵	pe̍h-thih
白鐵仔	pe̍h-thih-á
白鑠鑠	pe̍h-siak-siak
白閃閃	pe̍h-siám-siám
白雞	Pe̍h-ke
白雞冠	pe̍h-ke-kuan
白雞油	pe̍h-ke-iû
白雪	pe̍h-seh
白雪公主	Pe̍h-suat-kong-tsú
白雪雪	pe̍h-suat-suat
白雲	pe̍h-hûn
白露	pe̍h-lōo
白面仔	pe̍h-bīn-á
白面厝	pe̍h-bīn-tshù
白面姑	pe̍h-bīn-koo
白面狸	pe̍h-bīn-bâ
白面雞	pe̍h-bīn-ke
白韭菜	pe̍h-kú-tshài
白頭仔	pe̍h-thâu-á
白頭偕老	pi̍k-thiô-kai-ló
白頭毛	pe̍h-thâu-mn̂g
白頭翁	pe̍h-thâu-ong
白頭草	pe̍h-thâu-tsháu
白頭鷂	pe̍h-thâu-iāu
白食	pe̍h-tsia̍h
白飯	pe̍h-pn̄g
白飯草	pe̍h-pn̄g-tsháu
白首	pi̍k-siú
白香附	pe̍h-hiong-hù
白馬屎	pe̍h-bé-sái
白馬王子	pe̍h-bé-ông-tsú
白馬鞭	pe̍h-bé-pian
白骨	pe̍h-kut
白骨俠	Pe̍h-kut-kiap
白骨兄	Pe̍h-kut-hiann
白骨珠仔草	pe̍h-kut-tsu-á-tsháu
白骨郎君	Pe̍h-kut-lông-kun
白骨龍	Pe̍h-kut-liông
白髮	pe̍h-huat
白魚	pe̍h-hî
白魚仔	pe̍h-hî-á
白魚舅	pe̍h-hî-kū
白鮸	pe̍h-bián
白鯃	pe̍h-gôo
白鯊條	pe̍h-sua-tiâu
白鯧	pe̍h-tshiunn
白鰗	pe̍h-kôo
白鰱仔	pe̍h-liân-á
白鰳	pe̍h-li̍k
白鰻	pe̍h-muâ
白鰻魚	pe̍h-muâ-hî
白鱔	pe̍h-siān
白鴒鷥	pe̍h-lîng-si
白鴨	pe̍h-ah
白鶴	pe̍h-ho̍h
白鶴草	pe̍h-ho̍h-tsháu
白鹽	pe̍h-iâm
白麵	pe̍h-mī
白麻	pe̍h-muâ
白鼓燈	pe̍h-kóo-ting
白鼻心	pe̍h-phīnn-sim
白鼻狸	pe̍h-phīnn-bâ
白鼻香	pe̍h-phīnn-hiunn
白鼻龍	Pe̍h-phīnn-liông
白龍占	pe̍h-liông-tsiam
白龜神	pe̍h-ku-sîn
百倍	pah-puē
百出	pah-tshut
百分	pah-hun
百分數	pah-hun-sòo
百分比	pah-hun-pí
百分點	pah-hun-tiám
百口莫辯	pik-kháu-bo̍k-piān
百合	peh-ha̍p
百合學運	peh-ha̍p-ha̍k-ūn
百合花	pik-ha̍p-hue
百姓	peh-sènn
百姓人	peh-sènn-lâng
百子蓮	pik-tsú-liân
百年	pah-nî
百年後	pah-nî-āu
百戰百勝	pik-tsiàn-pik-sìng
百捅	pah-thóng
百日	pah-ji̍t
百日嗽	pah-ji̍t-sàu
百日痚	pah-ji̍t-he
百日紅	pah-ji̍t-hông
百日青	pah-ji̍t-tshenn
百期嗽	pik-kî-sàu
百枝蓮	pah-ki-liân
百條根	pah-tiâu-kin
百步蛇	pah-pōo-tsuâ
百步鎗	pah-pōo-tshiunn
百濟	Pik-tsè
百病	pah-pēnn
百百樣	pah-pah-iūnn
百百款	pah-pah-khuán
百百種	pah-pah-tsíng
百百空	pah-pah-khang
百票	pah-phiò
百科全書	pik-kho-tsuân-su
百節蛇	pah-tsat-tsuâ
百老匯	Pah-lāu-huē
百舌鳥	pik-sia̍t-niáu
百般	pah-puann
百般起頭難	pah-puann-khí-thâu-lân
百花	pah-hue
百萬	pah-bān
百葉	pik-ia̍p
百葉窗	pah-hio̍h-thang
百葉肚	pik-ia̍p-tōo
百葉花	pik-ia̍p-hue
百補衫	peh-póo-sann
百襇	pah-kíng
百襉裙	pah-kíng-kûn
百貨	pah-huè
百貨店	pah-huè-tiàm
百貨業	pah-huè-gia̍p
百靈鳥	pik-lîng-tsiáu
百面	pah-bīn
百面怪	Pah-bīn-kuài
皂烏	tsō-oo
皂烏擦白	tsō-oo-tshat-pe̍h
皂狗母蛇	tsō-káu-bó-tsuâ
皂隸	tsô-lē
的實	tik-si̍t
的確	tik-khak
皆宜	kai-gî
皆知	kai-ti
皇冠	hông-kuan
皇后	hông-hiō
皇室	hông-sik
皇宮	hông-kiong
皇家	hông-ka
皇帝	hông-tè
皇帝位	hông-tè-uī
皇帝嘴	hông-tè-tshuì
皇帝娘	hông-tè-niû
皇帝星	hông-tè-tshenn
皇帝殿	hông-tè-tiān
皇帝草	hông-tè-tsháu
皇帝菜	hông-tè-tshài
皇帝豆	hông-tè-tāu
皇帝跤兜	hông-tè-kha-tau
皇帝酥	hông-tè-soo
皇帝魚	hông-tè-hî
皮仔	phuê-á
皮件	phuê-kiānn
皮刀	phuê-to
皮包	phuê-pau
皮包仔	phuê-pau-á
皮包骨	phuê-pau-kut
皮卡丘	Phî-khah-khu
皮卡𪁎	Phî-khah-tshio
皮夾仔	phuê-kiap-á
皮寒症	phî-hân-tsìng
皮巧啾	phî-khá-tsiù
皮帶	phuê-tuà
皮戲	phuê-hì
皮材	phuê-tsâi
皮溜仔	phuê-liù-á
皮猴	phuê-kâu
皮猴戲	phuê-kâu-hì
皮球	phuê-kiû
皮癢	phuê-tsiūnn
皮皮	phî-phî
皮皮仔	phuê-phuê-á
皮皮仔聽	phuê-phuê-á-thiann
皮皮仔講	phuê-phuê-á-kóng
皮皮掣	Phî-phî-tshuah
皮箱	phuê-siunn
皮繃較絚咧	phuê-penn-khah-ân-leh
皮肉	phuê-bah
皮膚	phuê-hu
皮膚病	phuê-hu-pēnn
皮膚科	phuê-hu-kho
皮膜	phuê-mo̍oh
皮臉	phî-lián
皮臉面	phî-lián-bīn
皮色	phuê-sik
皮草	phuê-tsháu
皮蛇	phuê-tsuâ
皮蛋	phî-tàn
皮蛋豆腐	phî-tàn-tāu-hū
皮衫	phuê-sann
皮袋仔	phuê-tē-á
皮襯	phuê-tshàn
皮革	phuê-kik
皮鞋	phuê-ê
皮鞋唇	phuê-ê-tûn
皺帕帕	jiâu-phè-phè
皺扒扒	jiâu-peh-peh
皺擘擘	jiâu-peh-peh
皺桐	jiâu-tông
皺痕	jiâu-hûn
皺皺	jiâu-jiâu
皺空	Liâu-khang
皺竹	jiâu-tik
皺紋	jiâu-bûn
皺遍遍	jiâu-phiàn-phiàn
盆仔	phûn-á
盆地	phûn-tē
盆景	phûn-kíng
盆栽	phûn-tsai
盆腳骨	phûn-kha-kut
盈利	îng-lī
盈昏	îng-hng
盈暗	îng-àm
盈虧	îng-khui
盈餘	îng-î
益友	ik-iú
益是	iah-sī
益智	ik-tì
益有	iah-ū
益母艾	ah-bó-hiānn
益生菌	ik-sing-khún
益發	it-huat
益處	ik-tshù
益蟲	ik-thiông
益閣	iah-koh
益閣有	iah-koh-ū
盎司	ong-su
盒仔	a̍h-á
盒仔餅	a̍p-á-piánn
盒裝	a̍h-tsng
盛事	sīng-sū
盛傳	sīng-thuân
盛名	sīng-miâ
盛大	sīng-tāi
盛怒	sīng-nōo
盛情	sīng-tsîng
盛會	sīng-huē
盛況	sīng-hóng
盛況空前	sīng-hóng-khong-tsiân
盛產	sīng-sán
盛衰	sīng-sue
盛裝	sīng-tsong
盛開	sīng-khui
盜用	tō-iōng
盟主	bîng-tsú
盟友	bîng-iú
盟國	bîng-kok
盟軍	bîng-kun
盟邦	bîng-pang
盡付東流	tsīn-hù-tong-lîu
盡到	tsīn-kàu
盡力	tsīn-la̍t
盡加	tsīn-ke
盡可能	tsīn-khó-lîng
盡善盡美	tsīn-siān-tsīn-bí
盡失	tsīn-sit
盡尾	tsīn-bué
盡帆	tsīn-phâng
盡帆拚	tsīn-phâng-piànn
盡忠	tsīn-tiong
盡快	tsīn-khuài
盡情	tsīn-tsîng
盡有	tsīn-ū
盡步	tsīn-pōo
盡母力	tsīn-bó-la̍t
盡磅	tsīn-pōng
盡磅力	tsīn-pōng-la̍t
盡磅大	tsīn-pōng-tuā
盡磅尾	tsīn-pōng-bué
盡緊	tsīn-kín
盡職	tsīn-tsit
盡腹倒	tsīn-pak-tò
盡腹傾	tsīn-pak-khîng
盡腹拚	tsīn-pak-piànn
盡興	tsīn-hìng
盡角	tsīn-kak
盡責	tsīn-tsik
盡速	tsīn-sok
盡量	tsīn-liāng
盡門	tsīn-mn̂g
監事	kàm-sū
監印	kàm-ìn
監囚	kann-siû
監委	kàm-uí
監察	kàm-tshat
監察人	kàm-tshat-jîn
監察員	kàm-tshat-uân
監察院	Kàm-tshat-īnn
監工	kàm-kang
監押	kàm-ah
監測	kàm-tshik
監牢	kann-lô
監犯	kann-huān
監獄	kann-ga̍k
監理	kàm-lí
監理站	kàm-lí-tsām
監督	kàm-tok
監票	kàm-phiò
監管	kàm-kuán
監考	kàm-khó
監製	kàm-tsè
監視	kàm-sī
監視器	kàm-sī-khì
監試	kàm-tshi
監護	kàm-hōo
監護人	kàm-hōo-jîn
監造	kàm-tsō
監院	kàm-īnn
盤仔	puânn-á
盤仔菜	puânn-á-tshài
盤仔魚	puânn-á-hî
盤佩	phuân-phua̍h
盤倉	puânn-tshng
盤出來	puânn-tshut-lâi
盤口	puânn-kháu
盤古	phuân-kóo
盤問	pân-būn
盤喙	puânn-tshuì
盤喙錦	puânn-tshuì-gím
盤嘴	puânn-tshuì
盤嘴花	puânn-tshuì-hue
盤嘴錦	puânn-tshuì-gím
盤山過嶺	puânn-suann-kuè-niá
盤徙	puânn-suá
盤情理	puânn-tsîng-lí
盤撋	puânn-nuá
盤整	puânn-tsíng
盤數	puânn-siàu
盤查	puânn-tsa
盤查某	puânn-tsa-bóo
盤栽	puânn-tsai
盤機	puânn-ki
盤流	phuânn-lâu
盤牆	puânn-tshiûnn
盤現率	puânn-hiān-lu̍t
盤球	puânn-kiû
盤纏	puânn-tînn
盤腿	phuân-thuí
盤菜	puânn-tshài
盤話	puânn-uē
盤貨	puânn-huè
盤車	puânn-tshia
盤車頭	puânn-tshia-thâu
盤載	puânn-tsài
盤轉	puânn-tsuán
盤過	puânn-kuè
盤錢	puânn-tsînn
盤面	puânn-bīn
盤頭	puânn-thâu
盧布	Lôo-pòo
盧森堡	Lôo-sim-pó
盪幌	tōng-hìnn
盪盪	tn̄g-tn̄g
盪盪津	tōng-tōng-tin
目一下𥍉	ba̍k-tsi̍t-ē-nih
目一瞬	ba̍k-tsi̍t-sut
目下	ba̍k-ē
目今	ba̍k-kim
目光	ba̍k-kng
目內	ba̍k-lāi
目內刺	ba̍k-lāi-tshì
目內無	ba̍k-lāi-bô
目前	bo̍k-tsîng
目加溜	Ba̍k-ka-liu
目加溜灣	Ba̍k-ka-liu-uan
目嗄視	ba̍k-sā-sī
目地	ba̍k-tē
目地無	ba̍k-tē-bô
目墘	ba̍k-kînn
目孔	ba̍k-kháng
目孔臼	ba̍k-kháng-khū
目孔赤	ba̍k-kháng-tshiah
目孔阨	ba̍k-kháng-e̍h
目孔魚	ba̍k-kháng-hî
目實	ba̍k-si̍t
目尾	ba̍k-bué
目尾牽電線	ba̍k-bué-khan-tiān-suànn
目屎	ba̍k-sái
目屎四淋垂	ba̍k-sái-sì-lâm-suî
目屎流	ba̍k-sái-lâu
目屎流目屎滴	ba̍k-sái-lâu-ba̍k-sái-tih
目屎膏	ba̍k-sái-ko
目屎針	ba̍k-sái-tsiam
目彩	ba̍k-tshái
目後	ba̍k-āu
目擊	bo̍k-kik
目擊者	ba̍k-kik-tsiá
目標	bo̍k-phiau
目欏	ba̍k-lô
目汁	ba̍k-tsiap
目汁雙流	ba̍k-tsiap-siang-lâu
目油	ba̍k-iû
目洿	ba̍k-u
目浪樹	ba̍k-lōng-tshiū
目火	ba̍k-hué
目狗針	ba̍k-káu-tsiam
目白舌吐	ba̍k-pe̍h-tsi̍h-thóo
目的	bo̍k-tik
目的地	bo̍k-tik-tē
目眉	ba̍k-bâi
目眉尾	ba̍k-bâi-bué
目眉心	ba̍k-bâi-sim
目眉毛	ba̍k-bâi-mn̂g
目眉頭	ba̍k-bâi-thâu
目眩	ba̍k-hîn
目睅	ba̍k-ham
目睫毛	ba̍k-tsiah-mn̂g
目睫毛鋏仔	ba̍k-tsiah-mn̂g-giap-á
目睫皮	ba̍k-tsiah-phuê
目睭	ba̍k-tsiu
目睭仁	ba̍k-tsiu-jîn
目睭利	ba̍k-tsiu-lāi
目睭前	ba̍k-tsiu-tsîng
目睭唇	ba̍k-tsiu-tûn
目睭墘	ba̍k-tsiu-kînn
目睭大細蕊	ba̍k-tsiu-tuā-sè-luí
目睭子	ba̍k-tsiu-tsí
目睭孔	ba̍k-tsiu-kháng
目睭尾	ba̍k-tsiu-bué
目睭屎	ba̍k-tsiu-sái
目睭屎膏	ba̍k-tsiu-sái-ko
目睭巡	ba̍k-tsiu-sûn
目睭微微	ba̍k-tsiu-bui-bui
目睭擘無金	ba̍k-tsiu-peh-bô-kim
目睭擘金	ba̍k-tsiu-peh-kim
目睭有問題	ba̍k-tsiu-ū-būn-tê
目睭毛	ba̍k-tsiu-mn̂g
目睭毛捎無起	ba̍k-tsiu-moo-sa-bô-khí
目睭濁	ba̍k-tsiu-lô
目睭痛	ba̍k-tsiu-thiànn
目睭皮	ba̍k-tsiu-phuê
目睭看大無看細	ba̍k-tsiu-khuànn-tuā-bô-khuànn-sè
目睭看懸無看低	ba̍k-tsiu-khuànn-kuân-bô-khuànn-kē
目睭瞌瞌	ba̍k-tsiu-kheh-kheh
目睭瞌瞌講白賊	ba̍k-tsiu-kheh-kheh-kóng-pe̍h-tsha̍t
目睭碗	ba̍k-tsiu-uánn
目睭神	ba̍k-tsiu-sîn
目睭箍	ba̍k-tsiu-khoo
目睭紅	ba̍k-tsiu-âng
目睭脫窗	ba̍k-tsiu-thuah-thang
目睭膜	ba̍k-tsiu-mo̍oh
目睭臼	ba̍k-tsiu-khū
目睭花	ba̍k-tsiu-hue
目睭花糊糊	ba̍k-tsiu-hue-kôo-kôo
目睭花花	ba̍k-tsiu-hue-hue
目睭賠目睭	ba̍k-tsiu-puê-ba̍k-tsiu
目睭赤	ba̍k-tsiu-tshiah
目睭遮	ba̍k-tsiu-jia
目睭金	ba̍k-tsiu-kim
目睭金金人嵩重	ba̍k-tsiu-kim-kim-lâng-siong-tiông
目睭金金講痟話	ba̍k-tsiu-kim-kim-kóng-siáu-uē
目睭鈍	ba̍k-tsiu-tun
目睭霧	ba̍k-tsiu-bū
目睭黏著蜊仔肉	ba̍k-tsiu-liâm-tio̍h-lâ-á-bah
目睭𥍉𥍉看	ba̍k-tsiu-nih-nih-khuànn
目瞋目降	ba̍k-tsîn-ba̍k-kàng
目瞪口呆	bo̍k-tìng-khió-tai
目砂	ba̍k-sua
目神	ba̍k-sîn
目神相拍電	ba̍k-sîn-sio-phah-tiān
目空	ba̍k-khang
目空細	ba̍k-khang-sè
目空赤	ba̍k-khang-tshiah
目空阨	ba̍k-khang-e̍h
目窩	ba̍k-o
目箍	ba̍k-khoo
目箭	ba̍k-tsìnn
目紃	ba̍k-sûn
目紅	ba̍k-âng
目翳	ba̍k-è
目色	ba̍k-sik
目色利	ba̍k-sik-lāi
目色巧	ba̍k-sik-khiáu
目花	ba̍k-hue
目花耳重	ba̍k-hue-hīnn-tāng
目藥	ba̍k-io̍h
目蚶	ba̍k-ham
目袋	ba̍k-tē
目角	ba̍k-kak
目識	ba̍k-sik
目赤	ba̍k-tshiah
目金	ba̍k-kim
目金金	ba̍k-kim-kim
目針	ba̍k-tsiam
目錄	bo̍k-lio̍k
目鏡	ba̍k-kiànn
目鏡仁	ba̍k-kiànn-jîn
目鏡掛規爿	ba̍k-kiànn-kuà-kui-pîng
目鏡框	ba̍k-kiànn-khing
目鏡蛇	ba̍k-kiànn-tsuâ
目降喙臭	ba̍k-kàng-tshuì-tshàu
目降鬚聳	ba̍k-kang-tshiu-tshàng
目頭	ba̍k-thâu
目頭一下結	ba̍k-thâu-tsi̍t-ē-kat
目頭巧	ba̍k-thâu-khiáu
目頭結	ba̍k-thâu-kat
目頭金	ba̍k-thâu-kim
目𥍉仔久	ba̍k-nih-á-kú
盯力	tènn-la̍t
盯目	tènn-ba̍k
盲從	bông-tsiông
盲生	bông-sing
盲目	bông-bo̍k
盲腸	bông-tn̂g
盲腸炎	mōo-tn̂g-iām
盲點	bông-tiám
直下	ti̍t-hā
直人講直話	ti̍t-lâng-kóng-ti̍t-uē
直入	ti̍t-ji̍p
直切面	ti̍t-tshiat-bīn
直升	ti̍t-sing
直升機	ti̍t-sing-ki
直咾噪	ti̍t-lò-sò
直喉	ti̍t-âu
直屬	ti̍t-sio̍k
直弄宋	ti̍t-lòng-sòng
直徑	ti̍t-kìng
直心性	ti̍t-sim-sìng
直性地	ti̍t-sìng-tē
直抵直	ti̍t-tú-ti̍t
直排輪	ti̍t-pâi-lián
直接	ti̍t-tsiap
直接交涉	ti̍t-tsiap-kau-sia̍p
直接放送	ti̍t-tsiap-hòng-sàng
直接行動	ti̍t-tsiap-hîng-tōng
直接行銷	ti̍t-tsiap-hîng-siau
直接販賣	ti̍t-tsiap-huàn-bē
直接飼	ti̍t-tsiap-tshī
直撥	ti̍t-puah
直昇機	ti̍t-sing-ki
直條條	ti̍t-liâu-liâu
直欲	ti̍t-beh
直氣	ti̍t-khuì
直流	ti̍t-liû
直流電	ti̍t-liû-tiān
直溜溜	ti̍t-liu-liu
直照	ti̍t-tsiò
直目	ti̍t-ba̍k
直直	ti̍t-ti̍t
直直去	ti̍t-ti̍t-khì
直直彪	ti̍t-ti̍t-piu
直直挵	ti̍t-ti̍t-lòng
直直聽候	ti̍t-ti̍t-thìng-hāu
直直行	ti̍t-ti̍t-kiânn
直直講	ti̍t-ti̍t-kóng
直立	ti̍t-li̍p
直筆	ti̍t-pit
直系	ti̍t-hē
直系親族	ti̍t-hē-tshin-tso̍k
直線	ti̍t-suànn
直肚腸	ti̍t-tōo-tn̂g
直腸	ti̍t-tn̂g
直腸直肚	ti̍t-tn̂g-ti̍t-tōo
直落	ti̍t-lo̍h
直視	ti̍t-sī
直覺	ti̍t-kak
直角	ti̍t-kak
直言	ti̍t-giân
直說	ti̍t-sueh
直譯	ti̍t-i̍k
直路	ti̍t-lōo
直轄	ti̍t-hat
直轄市	ti̍t-hat-tshī
直透	ti̍t-thàu
直透去	ti̍t-thàu-khì
直通	ti̍t-thong
直逝	ti̍t-tsuā
直逝花	ti̍t-tsuā-hue
直逝輦	ti̍t-tsuā-lián
直達	ti̍t-ta̍t
直達車	ti̍t-ta̍t-tshia
直飛	ti̍t-pue
直𡳞無級	tit-lān-bô-kip
相乘	siong-sîng
相仝	sio-kâng
相份股	sio-hūn-kóo
相仿	sio-hóng
相伨	sio-thīn
相伴	sann-phuānn
相伴關係	sio-phuānn-kuan-hē
相佮	sio-kap
相佮徛	sann-kap-khiā
相佮米抔有賰	sio-kap-bí-put-ū-tshun
相依	siang-i
相信	siang-sìn
相倚	sio-uá
相倚傍	sann-uá-pn̄g
相倚靠	sio-uá-khò
相借問	sio-tsioh-mn̄g
相借嘴	sio-tsioh-tshuì
相傳	siang-thuân
相像	sio-siâng
相公	siàng-kong
相共	sio-kāng
相准	siùnn-tsún
相出路	sio-tshut-lōo
相刣	sio-thâi
相削	sio-siah
相剋	siang-khik
相加	siang-ka
相助	siang-tsōo
相勁	sio-kīng
相勁尻川	sio-kīng-kha-tshuinn
相勁腳	sio-kīng-kha
相卸	sio-sià
相厝宅	siòng-tshù-the̍h
相參	sann-tsham
相及	sann-kap
相反	siang-huán
相叫嘴	sio-kiò-tshuì
相叫應	sio-kiò-ìn
相合	sann-kap
相同	sio-tâng
相向	sio-hiàng
相告	sio-kò
相命	siàng-miā
相命仙	siòng-miā-sian
相命先	siòng-miā-sian
相和	sann-hô
相咬尾	sann-kā-bué
相唚	sio-tsim
相唱	sio-tshiàng
相嚷	sio-jióng
相坐	sio-tsē
相報喙	sio-pò-tshuì
相報嘴	sio-pò-tshuì
相夫教子	siòng-hu-kàu-tsú
相好	siang-hó
相姦	sio-kàn
相媵	sio-thīn
相嫁娶	sann-kè-tshuā
相學樣	sio-o̍h-iūnn
相安無事	siang-an-bô-sū
相宜	siang-gî
相容	sio-iông
相對	siang-tuì
相對向	sio-tuì-hiòng
相對嘴	sann-tuì-tshuì
相對比	sann-tuì-pí
相對面	sio-tuì-bīn
相對頭	sio-tuì-thâu
相差	siang-tsha
相帶	sio-tuà
相帶著	sio-tuà-tio̍h
相幔肩	sio-mua-king
相幫	siang-pang
相干	siang-kan
相幹	sio-kàn
相形之下	siang-hîng-tsi-hā
相待	siang-thāi
相得益彰	siang-tit-ik-tsiong
相忌	sio-khī
相忌剋	sio-khī-khik
相思	siang-su
相思仔	siunn-si-á
相思子	siunn-si-tsí
相思病	siunn-si-pēnn
相思草	siunn-si-tsháu
相思豆	siunn-si-tāu
相怪	sann-kuài
相意愛	sio-ì-ài
相愛	siang-ài
相應	siang-ìng
相戰	sio-tsiàn
相手	siòng-tshiú
相扯	sio-tshé
相扴	sio-ke̍h
相找坐	sio-tshuē-tsē
相把會	sio-pé-huē
相抱	sio-phō
相抵	sio-tú
相抵嘴	sann-tú-tshuì
相抵頭	sio-tú-thâu
相拍袂過田岸	sio-phah-bē-kuè-tshân-huānn
相拍輾挵槌	sio-phah-lìn-lòng-thuî
相拍輾挵膏	sio-phah-lìn-lòng-kô
相拍龜仔	sio-phah-ku-á
相拔肩	sio-pua̍h-king
相拚	sio-piànn
相招	sio-tsio
相持不下	sio-tî-put-hā
相挨	sio-e
相挨推	sio-e-the
相挨肩	sann-e-king
相挨身	sio-e-sin
相捅頭	sio-thóng-thâu
相捏尻川	sio-tēnn-kha-tshuinn
相捻手	sio-liàm-tshiú
相探頭	sio-thàm-thâu
相接	sio-tsiap
相推駛死牛	sio-the-sái-sí-gû
相掰會	sio-pué-huē
相提並論	siang-thê-pīng-lūn
相換	sio-uānn
相換工	sio-uānn-kang
相揣	sio-tshuē
相揹	sio-āinn
相搝相搦	sann-khúi-sann-la̍k
相搪	sio-tn̄g
相搬	sann-puann
相搶	sio-tshiúnn
相摔路	sio-sut-lōo
相撞	sio-tn̄g
相撞頭	sio-tn̄g-thâu
相撥	sio-puah
相擺撥	sann-pái-puah
相擺替	sio-pái-thè
相攬	sio-lám
相放伴	sio-pàng-phuānn
相敆停	sio-kap-thîng
相整會	sann-tsíng-huē
相旆肩	sio-phua̍h-king
相晏	siunn-uànn
相替	sio-thè
相替換	sio-thè-uānn
相會	sann-huē
相桀	sio-ke̍h
相框	siòng-khing
相機會	siòng-ki-huē
相比	sann-pí
相添	sio-thinn
相添買	sann-thinn-bé
相準	siòng-tsún
相激頭腦	sio-kik-thâu-náu
相濫	sio-lām
相濫參	sann-lām-tsham
相照顧	sio-tsiàu-kòo
相熟	siang-sik
相爭	sann-tsenn
相爭搶	sio-tsenn-tshiúnn
相爭買	sio-tsenn-bé
相爭領	sio-tsenn-niá
相爭食	sio-tsenn-tsia̍h
相爺	siòng-iâ
相片	siàng-phìnn
相犯	sann-huān
相異	siang-ī
相當	siang-tong
相當於	siang-tòng-î
相疊	sio-tha̍h
相疼惜	sio-thiànn-sioh
相看	sio-khuànn
相真真	siòng-tsin-tsin
相睏一下	sio-khùn-tsi̍t-ê
相知	siang-ti
相碰	sio-pōng
相磕	sio-kha̍p
相空	siòng-khang
相符	siang-hû
相符合	sio-hû-ha̍p
相等	sio-tán
相簿	siòng-phōo
相精	siòng-tsing
相精精	siòng-tsing-tsing
相約	sio-iok
相紲	sio-suà
相紲來	sio-suà-lâi
相綴	sio-tuè
相縫	siòng-phāng
相罵	sio-mē
相聲	siòng-siann
相背謬	sio-puē-biū
相脫路	sio-thut-lōo
相舂	sio-tsing
相處	siang-tshù
相衛	sio-uī
相衝	sio-tshiong
相褒	sio-po
相褒歌	sio-po-kua
相見	sio-kiàn
相見面	sio-kìnn-bīn
相親像	sio-tshin-tshiūnn
相觸	sio-tak
相觸喙	sio-tak-tshuì
相觸嘴	sann-tak-tshuì
相誕誤	sio-tānn-gōo
相談	siang-tâm
相諍	sio-tsènn
相諍喙	sio-tsènn-tshuì
相諍嘴	sio-tsènn-tshuì
相謔	sann-gio̍h
相讓	sio-niū
相貌	siàng-māu
相賽	sann-suè
相賽走	sann-sè-tsáu
相趁	sio-thàn
相趁相喊	sio-thàn-sio-hiàm
相距	siang-kī
相踏	sio-ta̍h
相踏脫	sio-ta̍h-thut
相蹋腳	sann-thap-kha
相輔相成	siang-hù-siang-sîng
相輸	sio-su
相輸贏	sio-su-iânn
相辭	sio-sî
相送	sio-sàng
相透	sann-thàu
相通	sio-thong
相通氣	sio-thong-khì
相逢	siang-hông
相連	sio-liân
相連紲	sio-liân-suà
相連續	sio-liân-suà
相遇	sio-gū
相配	siang-phuè
相重疊	sio-tîng-tha̍h
相鉤互	sann-kau-hòo
相閃	sio-siám
相閃身	sio-siám-sin
相閃車	sio-siám-tshia
相閃過	sio-siám-kuè
相關	siang-kuan
相關兩意	siang-kuan-lióng-ì
相關性	siang-kuan-sìng
相陪綴	sio-puê-tuè
相隔	sio-keh
相隔壁	sio-keh-piah
相隨	sio-suî
相雞	siùnn-ke
相離	siang-lī
相食向	sio-tsia̍h-ànn
相食坐	sio-tsia̍h-tsē
相食牚	sio-tsia̍h-thènn
相食穿	sann-tsia̍h-tshīng
相駁喙	sio-poh-tshuì
相駁嘴	sio-poh-tshuì
相駛	sann-sái
相騎	sio-khiâ
相體	siàng-thé
相鬥	sio-tàu
相黏蒂帶	sio-liâm-tì-tuà
相𤆬走	sio-tshuā-tsáu
盹瞌睡	tuh-ka-tsē
盻洗	gé-sé
盼仔	phàn-á
盼望	phàn-bōng
盾牌	tún-pâi
省下	síng-hā
省主席	síng-tsú-si̍k
省事	síng-sū
省份	síng-hūn
省分	síng-hun
省力	sénn-la̍t
省卻	síng-khiok
省去	síng-khì
省吃儉用	síng-tsia̍h-khiām-iōng
省委	síng-uí
省工	síng-kang
省府	Síng-hú
省思	síng-su
省掉	síng-tiāu
省政	síng-tsìng
省政府	Síng-tsìng-hú
省時	síng-sî
省會	síng-huē
省本	síng-pún
省減	síng-kiám
省略	síng-lia̍k
省立	síng-li̍p
省籍	síng-tsi̍k
省級	síng-kip
省議員	síng-gī-uân
省議會	síng-gī-huē
省轄市	síng-hat-tshī
省道	síng-tō
省錢	síng-tsînn
省長	síng-tiúnn
省黨部	síng-tóng-pōo
眄目	bián-ba̍k
眉目	bâi-ba̍k
眉筆	bâi-pit
眉豆	bî-tāu
眉額	bâi-hia̍h
看三色	khuànn-sam-sik
看上目	khuànn-tsiūnn-ba̍k
看不出	khuànn-m̄-tshut
看中意	khuànn-tìng-ì
看了有落目	khuànn-liáu-ū-lo̍h-ba̍k
看了看	khuànn-liáu-khuànn
看事辦事	khuànn-sū-pān-sū
看人	khuànn-lâng
看人有	khuànn-lâng-ū
看人殕殕	khuànn-lâng-phú-phú
看人無	khuànn-lâng-bô
看仿	khuànn-hóng
看作	khuànn-tsoh
看傖	khuànn-sông
看冊	khuànn-tsheh
看出	khuànn-tshut
看出來	khuànn-tshut-lâi
看出出	khuànn-tshut-tshut
看到	khuànn-kàu
看勢	khuànn-sì
看勢面	khuànn-sì-bīn
看千千	khuànn-tshian-tshian
看厝	khuànn-tshù
看去	khuànn-khì
看口	khuànn-kháu
看台	khuànn-tâi
看合意	khuànn-kah-ì
看命	khuànn-miā
看命先	khuànn-miā-sian
看啥	khuànn-siánn
看啥潲	khuànn-siánn-siâu
看囝婿	khuànn-kiánn-sài
看地理	khuànn-tē-lí
看墓地	khuànn-bōng-tē
看外	khuànn-guā
看天凊凊	khuànn-thinn-tshìn-tshìn
看天田	khuànn-thinn-tshân
看天色	khuànn-thinn-sik
看好	khuànn-hó
看媠	khuànn-suí
看守	khàn-siú
看守所	khàn-siú-sóo
看待	khuànn-thāi
看情形	khuànn-tsîng-hîng
看愜意	khuànn-kah-ì
看慣勢	khuànn-kuàn-sì
看戲	khuànn-hì
看扁	khuànn-pínn
看扦扦	khuànn-tshian-tshian
看扮勢	khuànn-pān-sì
看批	khuànn-phe
看日	khuànn-ji̍t
看日師	khuànn-ji̍t-su
看是欲死豬哥抑死豬母	khuànn-sī-beh-sí-ti-ko-iah-sí-ti-bó
看時	khuànn-sî
看會出	khuànn-ē-tshut
看會著	khuànn-ē-tio̍h
看會起	khuànn-ē-khí
看會開	khuànn-ē-khui
看有	khuànn-ū
看有起	khuànn-ū-khí
看板	khàn-pán
看樣	khuànn-iūnn
看機會	khuànn-ki-huē
看款	khuànn-khuán
看款式	khuànn-khuán-sit
看法	khuànn-huat
看清	khuànn-tshing
看清楚	khuànn-tshing-tshó
看準準	khuànn-tsún-tsún
看漲	khuànn-tiòng
看無	khuànn-bô
看無上目	khuànn-bô-tsiūnn-ba̍k
看無目內	khuànn-bô-ba̍k-lāi
看無目地	khuànn-bô-ba̍k-tē
看無著	khuànn-bô-tio̍h
看無起	khuànn-bô-khí
看無金	khuànn-bô-kim
看無點	khuànn-bô-tiám
看牛	khuànn-gû
看現場	khuànn-hiān-tiûnn
看現現	khuànn-hiān-hiān
看甲凊凊楚楚	khuànn-kah-tshing-tshing-tshó-tshó
看當	khuànn-tng
看病	khuànn-pēnn
看病人	khuànn-pēnn-lâng
看症	khuànn-tsìng
看目地無	khuànn-ba̍k-tē-bô
看目色	khuànn-ba̍k-sik
看相	khuànn-siòng
看看	khuànn-khuànn
看真起	khuànn-tsin-khí
看破	khuànn-phuà
看空	khuànn-khang
看範勢	khuànn-pān-sì
看羊	khuànn-iûnn
看脈	khuànn-me̍h
看落	khuànn-lo̍h
看著	khuànn-tio̍h
看著鬼	khuànn-tio̍h-kuí
看衰	khuànn-sue
看袂做	khuànn-bē-tsuè
看見	khuànn-kìnn
看見見	khuànn-kìnn-kìnn
看覓	khuànn-māi
看親情	khuànn-tshin-tsiânn
看誕	khuànn-tānn
看誕去	khuànn-tānn-khì
看誕目	khuànn-tānn-ba̍k
看護	khan-hōo
看豬胚	khuànn-ti-phue
看貓仔無點	khuànn-niau-á-bô-tiám
看起	khuànn-khí
看起來	khuànn-khí-lâi
看輕	khuànn-khin
看迵過	khuànn-thàng-kuè
看透透	khuànn-thàu-thàu
看過	khuànn-kuè
看過目	khuànn-kuè-ba̍k
看過過	khuànn-kuè-kuè
看重	khuànn-tāng
看錯	khuànn-tshò
看開	khuànn-khui
看電影	khuànn-tiān-iánn
看電視	khuànn-tiān-sī
看頭	khuánn-thâu
看顧	khuànn-kòo
看風勢	khuànn-hong-sè
看風水	khuànn-hong-suí
看風頭	khuànn-hong-thâu
看鬧熱	khuànn-nāu-jia̍t
看齊	khuànn-tsê
真久	tsin-kú
真久見	tsin-kiú-kiàn
真人	tsin-jîn
真假	tsin-ké
真偽	tsin-guī
真像	tsin-siâng
真儼潲	tsin-giám-siâu
真利	tsin-lāi
真包	tsin-pâu
真千	tsin-tshian
真厲害	tsin-lī-hāi
真可憐	tsin-khó-liân
真命天子	tsin-bīng-thian-tsú
真咍	tsin-hai
真善美	tsin-siān-bí
真好	tsin-hó
真好揣	tsin-hó-tshuē
真好用	tsin-hó-iōng
真好睏	tsin-hó-khùn
真好食	tsin-hó-tsia̍h
真媠	tsin-suí
真實	tsin-si̍t
真實世界	tsin-si̍t-sè-kài
真實在	tsin-si̍t-tsāi
真實性	tsin-si̍t-sìng
真少	tsin-tsió
真張	tsin-tiunn
真心	tsin-sim
真忝	tsin-thiám
真情	tsin-tsîng
真想欲	tsin-siūnn-beh
真意	tsin-ì
真懾	tsin-liap
真成	tsin-sîng
真抑是假	tsin-ia̍h-sī-ké
真時行	tsin-sî-kiânn
真景	tsin-kíng
真書	tsin-su
真有印象	tsin-ū-ìn-siōng
真有喙水	tsin-ū-tshuì-suí
真歡喜	tsin-huann-hí
真歡喜佮你熟似	tsin-huann-hí-kah-lí-si̍k-sāi
真歡喜為你服務	tsin-huann-hí-uī-lí-ho̍k-bū
真正	tsin-tsiànn
真正是	tsin-tsiànn-sī
真正足	tsin-tsiànn-tsiok
真步	tsin-pōo
真歹	tsin-pháinn
真歹勢	tsin-pháinn-sè
真活動	tsin-ua̍h-tāng
真濟	tsin-tsē
真濟人	tsin-tsē-lâng
真無	tsin-bô
真無救	tsin-bô-kiù
真無禮貌	tsin-bô-lé-māu
真無聊	tsin-bô-liâu
真煬	tsin-iāng
真犯	tsin-huān
真珠	tsin-tsu
真珠奶茶	tsin-tsu-ling-tê
真珠客	tsin-tsu-kheh
真珠末	tsin-tsu-bua̍h
真珠番麥	tsin-tsu-huan-be̍h
真珠看做鳥鼠屎	tsin-tsu-khuànn-tsò-niáu-tshí-sái
真珠筍	tsin-tsu-sún
真珠粉	tsin-tsu-hún
真珠草	tsin-tsu-tsháu
真珠螺	tsin-tsu-lê
真珠龜	Tsin-tsu-ku
真理	tsin-lí
真的抑假的	tsin-ê-ia̍h-ké-ê
真相	tsin-siòng
真相大白	tsin-siòng-tāi-pe̍h
真真正	tsin-tsin-tsiànn
真真正正	tsin-tsin-tsiànn-tsiànn
真知	tsin-tsai
真確	tsin-khak
真空	tsin-khong
真空低溫烹調法	tsin-khong-kē-un-phing-tiāu-huat
真罕得	tsin-hán-tit
真罕見	tsin-hán-kìnn
真美麗	tsin-bí-lē
真聲	tsin-siann
真自在	tsin-tsū-tsāi
真袂䆀	tsin-bē-bái
真諦	tsin-tè
真譀	tsin-hàm
真讚	tsin-tsán
真貨	tsin-huè
真趣味	tsin-tshù-bī
真躼	tsin-lò
真除	tsin-tî
真面目	tsin-bīn-bo̍k
真風藤	tsin-hong-tîn
真驚	tsin-kiann
真鬧熱	tsin-nau-jiat
真𠢕	tsin-gâu
真𤺪	tsin-siān
眠一下	bîn-tsi̍t-ē
眠夢	bîn-bāng
眠床	bîn-tshn̂g
眠床岸	bîn-tshn̂g-huānn
眠床底	bîn-tshn̂g-té
眠床枋	bîn-tshn̂g-pang
眠床腳	bîn-tshn̂g-kha
眠床舖	bîn-tshn̂g-phoo
眠床道	bîn-tshn̂g-tō
眠眠	bîn-bîn
眠腦	Bîn-náu
眥仔	tsū-á
眥底	tsū-té
眩倒	hîn-tó
眩山	hîn-suann
眩戇	hîn-gōng
眩查某	hîn-tsa-bóo
眩痧	hîn-sua
眩船	hîn-tsûn
眩著	lîn-tio̍h
眩藥仔	hîn-io̍h-á
眩車	hîn-tshia
眩車丹	hîn-tshia-tan
眩車藥	hîn-tshia-io̍h
眵目	tshuh-ba̍k
眵目仔	tshuh-ba̍k-á
眵眵	tshuh-tshuh
眷屬	kuàn-sio̍k
眷戀	kuàn-luân
眷村	kuàn-tshuan
眼一下	gán-tsi̍t-ē
眼中刺	gán-tiong-tshì
眼中無人	gán-tiong-bû-jîn
眼中釘	gán-tiong-ting
眼光	gán-kong
眼前	gán-tsiân
眼前報	gán-tsiân-pò
眼力	gán-li̍k
眼孔大	gán-khóng-tuā
眼巡	gán-sûn
眼明衣	gán-bîng-i
眼時	gián-sî
眼淚	gán-luī
眼球	gán-kiû
眼界	gán-kài
眼白衣	gán-pe̍h-i
眼目	gán-ba̍k
眼神	gán-sîn
眼福	gán-hok
眼科	gán-kho
眼簾	gán-liâm
眼腦線	gán-náu-suànn
眼腦腺衣	gán-náu-suànn-ui
眼花撩亂	gán-hue-liâu-luān
眼著	gán-tio̍h
眼見	gán-kiàn
眼角膜	gán-kak-mo̍oh
眼證	gán-tsìng
眼識	gán-sik
眼過	gán-kuè
眼鏡行	gán-kiànn-hâng
眼鳥	gán-tsiáu
眾人	tsìng-lâng
眾人事僫辦	tsìng-lâng-sū-oh-pān
眾人喙毒	tsìng-lâng-tshuì-to̍k
眾人嘴	tsìng-lâng-tshuì
眾人意	tsìng-lâng-ì
眾人目	tsìng-lâng-ba̍k
眾人知	tsìng-lâng-tsai
眾人𡳞僫含	tsìng-lâng-lān-oh-kâm
眾多	tsìng-to
眾大家	tsìng-tāi-ke
眾所周知	tsìng-sóo-tsiu-ti
眾所週知	tsiòng-sóo-tsiu-ti
眾生	tsiòng-sing
眾議	tsìng-gī
眾議員	tsìng-gī-uân
眾議院	Tsiòng-gī-īnn
眾院	tsiòng-īnn
睏一醒	khùn-tsi̍t-tshénn
睏中晝	khùn-tiong-tàu
睏仆仆	khùn-phak-phak
睏冬	khùn-tang
睏去	khùn-khì
睏單舖	khùn-tuann-phoo
睏坦敧	khùn-thán-khi
睏坦橫	khùn-thán-huâinn
睏坦笑	khùn-thán-tshiò
睏坦覆	khùn-thán-phak
睏坦身	khùn-thán-sin
睏夢	khùn-bāng
睏大仙	Khùn-tuā-sian
睏大豬	khùn-tuā-ti
睏天路	khùn-thinn-lōo
睏天露	khùn-thinn-lōo
睏床列車	khùn-tshn̂g-lia̍t-tshia
睏房	khùn-pâng
睏晝	khùn-tàu
睏殿	khùn-tiān
睏無夠眠	khùn-bô-kàu-bîn
睏狐怪	Khùn-hôo-kuài
睏相	khùn-siàng
睏眠	khùn-bîn
睏眠無夠	khùn-bîn-bô-kàu
睏瞌睡	khùn-ka-tsuē
睏神	khùn-sîn
睏空房	khùn-khang-pâng
睏空舖	khùn-khang-phoo
睏精神	khùn-tsing-sîn
睏美人	khùn-bí-jîn
睏草埔	khùn-tsháu-poo
睏落眠	khùn-lo̍h-bîn
睏衫	khùn-sann
睏袂去	khùn-bē-khì
睏袋	khùn-tē
睏袒笑	khùn-thán-tshiò
睏褲	khùn-khòo
睏過眠	khùn-kuè-bîn
睏過頭	khùn-kuè-thâu
睏醒	khùn-tshénn
睏重眠	khùn-tāng-bîn
睏間	khùn-king
睏飽	khùn-pá
睏飽眠	khùn-pá-bîn
睏鬥陣	khùn-tàu-tīn
睡眠	suī-bîn
睡神	sē-sîn
督促	tok-tshiok
督學	tok-ha̍k
督察	tok-tshat
督導	tok-tō
督工	tok-kang
督戰	tok-tsiàn
督責	tok-tsik
督陣	tok-tīn
督隊	tok-tuī
睦鄰	bo̍k-lîn
睨人膦	gê-lâng-lān
睨佮恨	gê-kah-gīn
睨洗	gé-sé
睨目	gê-ba̍k
睨神	gê-sîn
睨膦	gê-lān
睨視	gé-sē
瞄準	biâu-tsún
瞅睬	tshiù-tshái
瞋目	tsîn-ba̍k
瞌睡	ka-tsuē
瞞勘	muâ-khàm
瞞崁	muâ-khàm
瞞爸騙母	muâ-pē-phiàn-bó
瞞騙	muâ-phiàn
瞠目	thînn-ba̍k
瞪光	thînn-kng
瞪目	tàng-ba̍k
瞬一目	sut-tsi̍t-ba̍k
瞬者	sut-tse
瞬間	sùn-kan
瞭一下	lió-tsi̍t-ē
瞭若指掌	liáu-jio̍k-tsí-tsiáng
瞭著	lió-tio̍h
瞭解	liáu-kái
瞭過	lió-kuè
瞳子	tông-tsú
瞳孔	tông-khóng
瞻仰	tsiam-gióng
瞻眺	tsiam-thiàu
瞻頭	tann-thâu
瞿瞿顫	gih-gih-tsun
瞿麥	khû-be̍h
矇騙	bông-phiàn
矗立	tshak-li̍p
矚目	tsiok-bo̍k
矛盾	mâu-tún
知一毋知二	tsai-it-m̄-tsai-jī
知事	ti-sū
知交	ti-kau
知人	tsai-lâng
知代	tsai-tāi
知位	tsai-uī
知卻	tsai-khioh
知友	ti-iú
知名之士	ti-bîng-tsi-sū
知己	ti-kí
知己知彼	ti-kí-ti-pí
知影	tsai-iánn
知影啦	tsai-iánn-lah
知性	ti-sìng
知恥	ti-thí
知恩必報	ti-in-pit-pò
知情	ti-tsîng
知拄知	tsai-tú-tsai
知斯彌	Ti-su-nî
知更鳥	ti-kinn-tsiáu
知會	ti-huē
知本	Ti-pún
知橫毋知直	tsai-huâinn-m̄-tsai-ti̍t
知死	tsai-sí
知知	tsai-tsai
知空	tsai-khang
知罪	ti-tsuē
知能	ti-lîng
知見	ti-kìnn
知見人	ti-kìnn-lâng
知覺	ti-kak
知足	ti-tsiok
知足常樂	ti-tsiok-siông-lo̍k
知輕重	tsai-khin-tāng
知轉	tsai-tńg
知轉頭	tsai-tńg-thâu
知透透	tsai-thàu-thàu
知進退	tsai-tsìn-thè
知過必改	ti-kò-pit-kái
知錯	tsai-tshò
知難而退	ti-lân-jî-thè
知音	ti-im
知頭	tsai-thâu
知頭毋知尾	tsai-thâu-m̄-tsai-bué
知頭重	tsai-thâu-tāng
短促	tuán-tshiok
短兵相接	tuán-ping-siang-tsiap
短刀	té-to
短劇	té-kio̍k
短命	té-miā
短墩	té-tun
短小	té-sió
短工	té-kang
短打	tuán-tánn
短文	té-bûn
短時間	té-sî-kan
短期	té-kî
短歲壽	té-huè-siū
短波	té-pho
短理	té-lí
短線	té-suànn
短缺	tuán-khuat
短腳	té-kioh
短舌根	té-tsi̍h-kin
短處	tuán-tshù
短行	tuán-hīng
短衫	té-sann
短裙	té-kûn
短褲	té-khòo
短褲仔	té-khòo-á
短襪仔	té-bue̍h-á
短見	tuán-kiàn
短訊	té-sìn
短評	tuán-phîng
短跑	tuán-pháu
短距離	tuán-kī-lī
短路	té-lōo
短途	té-tsuā
短逝	té-tsuā
短針	té-tsiam
短銃	té-tshìng
短銷	té-siau
短銷貨	té-siau-huè
短音階	tuán-im-kai
短髮	té-huat
矮人	é-lâng
矮仔	é-á
矮仔猴	é-á-kâu
矮仔鬼	é-á-kuí
矮古董	é-kóo-tóng
矮奴	é-lôo
矮寇	é-khòo
矮椅	é-í
矮爺	é-iâ
矮牆	é-tshiûnn
矮的	é-ê
矮細	é-sè
矮細閣粗勇	ué-suè-koh-tshoo-ióng
矮股	é-kóo
矮肥	é-puî
矮肥短	é-puî-té
矮腳蘆	é-kha-lôo
矮腳雞	é-kha-ke
矮鑿鑿	é-tsha̍k-tsha̍k
矮頓	é-tǹg
矮頓矮頓	é-tǹg-é-tǹg
矮頓頓	é-tǹg-tǹg
矮鼓	é-kóo
矮鼓丁	é-kóo-ting
矮鼓生	é-kóo-senn
矮鼓董	é-kóo-tóng
矮鼓鼓	é-kóo-kóo
矯強	kiáu-kióng
矯正	kiáu-tsìng
矯治	kiáu-tī
石仔	tsio̍h-á
石佛	tsio̍h-hu̍t
石像	tsio̍h-tshiāng
石兵	tsio̍h-ping
石刺仔	tsio̍h-tshì-á
石劍	tsio̍h-kiàm
石化	tsio̍h-huà
石卵	tsio̍h-nn̄g
石卵仔	tsio̍h-nn̄g-á
石器	tsio̍h-khì
石坊	tsio̍h-hong
石坎	tsio̍h-khám
石城仔	Tsio̍h-siânn-á
石埔	tsio̍h-poo
石基	tsio̍h-ki
石埽	tsio̍h-sò
石塊	tsio̍h-tè
石墨	tsio̍h-ba̍k
石壁	tsio̍h-piah
石壁山	tsio̍h-piah-suann
石壁草	tsio̍h-piah-tsháu
石壁蓮	tsio̍h-piah-liân
石女	si̍k-lú
石奶	tsio̍h-ling
石子	tsio̍h-jí
石家莊	tsio̍h-ka-tsng
石尪	tsio̍h-ang
石屑	tsio̍h-sap
石屑仔	tsio̍h-sap-á
石岑	tsio̍h-gám
石岡	tsio̍h-kong
石岩	tsio̍h-giâm
石崎	tsio̍h-kiā
石崙	tsio̍h-lūn
石幼	tsio̍h-iù
石庶	tsio̍h-tsià
石拭仔	tsio̍h-tshit-á
石搭仔	tsio̍h-tah-á
石攄仔	tsio̍h-lu-á
石敢當	si̍k-kám-tong
石文	tsio̍h-bûn
石斑	tsio̍h-pan
石斛	tsio̍h-ha̍k
石朴	tsio̍h-phoh
石材	tsio̍h-tsâi
石松	tsio̍h-siông
石板	tsio̍h-pán
石枋	tsio̍h-pang
石枕	tsio̍h-tsím
石柃	tsio̍h-līng
石柃舅	tsio̍h-līng-kū
石柱	tsio̍h-thiāu
石柳	tsio̍h-liú
石條	tsio̍h-tiâu
石梯	tsio̍h-thui
石棉	tsio̍h-mî
石棺	tsio̍h-kuan
石棺柴	tsio̍h-kuann-tshâ
石楝舅	tsio̍h-līng-kū
石楠	tsio̍h-lâm
石榴	sia̍h-liû
石榴紅	siā-liû-âng
石櫧	tsio̍h-tsû
石母奶	tsio̍h-bó-ling
石汕	tsio̍h-suànn
石決明	tsio̍h-kuat-bîng
石沈大海	tsio̍h-tîm-tuā-hái
石油	tsio̍h-iû
石油業	tsio̍h-iû-gia̍p
石涸卵	tsio̍h-ko̍k-nn̄g
石溫暖	tsio̍h-un-luán
石滬	tsio̍h-hōo
石澀	tsio̍h-siap
石瀨	tsio̍h-luā
石灰	tsio̍h-hue
石灰石	tsio̍h-hue-tsio̍h
石灰魚	tsio̍h-hue-hî
石炭	tsio̍h-thuànn
石牌	Tsio̍h-pâi
石牡丹	tsio̍h-bóo-tan
石狗公	tsio̍h-káu-kang
石狗卵	tsio̍h-káu-nn̄g
石獅	tsio̍h-sai
石珠	tsio̍h-tsu
石石	sia̍h-tsio̍h
石研	tsio̍h-gíng
石硫磺	tsio̍h-liû-hông
石硿仔	Tsio̍h-kńg-á
石硿區	Tsio̍h-kńg-khu
石碇	Tsio̍h-tiànn
石碑	tsio̍h-pi
石碖	tsio̍h-lún
石碾	tsio̍h-lián
石磨	tsio̍h-bō
石磨仔心	tsio̍h-bō-á-sim
石磨烯	tsioh-bak-hi
石磯	tsio̍h-ki
石磯仔	tsio̍h-ki-á
石礁	tsio̍h-ta
石礁仔	tsio̍h-ta-á
石礅	tsio̍h-tún
石礦	tsio̍h-khòng
石竹	tsio̍h-tik
石竹仔	tsio̍h-tik-á
石笱	tsio̍h-kô
石筍	tsio̍h-sún
石脂	tsio̍h-tsi
石膏	tsio̍h-ko
石膏印	tsio̍h-ko-ìn
石舂臼	tsio̍h-tsing-khū
石花	tsio̍h-hue
石花草	tsio̍h-hue-tsháu
石花菜	tsio̍h-hue-tshài
石英	tsio̍h-ing
石莧	tsio̍h-hīng
石菖蒲	tsio̍h-tshiunn-pôo
石落趨	tsio̍h-lo̍h-tshu
石葦	tsio̍h-uî
石蒜	tsio̍h-suàn
石蓮	tsio̍h-liân
石薯	tsio̍h-tsî
石虎	tsio̍h-hóo
石蛉	tsio̍h-lîng
石蝀	tsio̍h-kàng
石觀音	Tsio̍h-kuan-im
石角	tsio̍h-kak
石貼仔	tsio̍h-thiap-á
石賓	tsio̍h-pin
石距	tsio̍h-kī
石重	tsio̍h-tāng
石鉼	tsio̍h-phiánn
石鏡	tsio̍h-kiànn
石鏨	tsio̍h-tsām
石鐘乳	tsio̍h-tsing-jí
石門	Tsio̍h-mn̂g
石門水庫	tsio̍h-mng-tsuí-khòo
石門洞	Tsio̍h-mn̂g-tōng
石降	tsio̍h-kàng
石雕	tsio̍h-tiau
石青仔	tsio̍h-tshenn-á
石頭	tsio̍h-thâu
石頭仔	tsio̍h-thâu-á
石頭公	Tsio̍h-thâu-kong
石頭城	tsio̍h-thâu-siânn
石頭山	tsio̍h-thâu-suann
石頭幼仔	tsio̍h-thâu-iù-á
石頭狗	tsio̍h-thâu-káu
石頭粒仔	tsio̍h-thâu-liap-á
石頭蛇	tsio̍h-thâu-tsuâ
石駁	tsio̍h-poh
石駁岸	tsio̍h-poh-huānn
石魚	tsio̍h-hî
石鯪魚	tsio̍h-lîng-hî
石鯽	tsio̍h-tsit
石鱸仔	tsio̍h-lôo-á
石鸚哥	tsio̍h-ing-ko
石鹽	tsio̍h-iâm
石黃	tsio̍h-hông
石鼓	tsio̍h-kóo
石龍子	tsio̍h-lîng-tsú
石龍鳥	Tsio̍h-lîng-tsiáu
石龜	tsio̍h-ku
石龜座	tsio̍h-ku-tsō
矸仔	kan-á
矸仔球	kan-á-kiû
矸仔菜	kan-á-tshài
矸仔蓋	kan-á-kuà
矸仔頸	kan-á-kún
矸仔飼	kan-á-tshī
矸窒仔	kan-that-á
矸轆	kan-lo̍k
矺印仔	teh-ìn-á
矺嗽	teh-sàu
矺孤注	teh-koo-tù
矺孤烏	teh-koo-oo
矺寶	teh-pó
矺年	teh-nî
矺年錢	teh-nî-tsînn
矺撚寶	teh-lián-pó
矺枝	teh-ki
矺死	teh-sí
矺注	teh-tù
矺火	teh-hué
矺痰	teh-thâm
矺紙	teh-tsuá
矺重	teh-tāng
矺驚	teh-kiann
矽矽	sia̍k-sia̍k
砂土	sua-thôo
砂母	sua-bó
砂母粒	sua-bó-lia̍p
砂漏	sua-lāu
砂目	sua-ba̍k
砂眼	sua-gán
砂石	sua-tsio̍h
砂粒	sua-lia̍p
砂糖	sua-thn̂g
砂馬仔	sua-bé-á
砂馬蟹	sua-bé-hē
砂鵻	sua-tsui
砄硞枋	khi̍h-kho̍k-pang
砍殺	khám-sat
砒素	phi-sòo
砒酸	phi-sng
砒霜	phi-sng
研判	gián-phuànn
研實	gíng-tsa̍t
研擬	gián-gí
研末	gíng-bua̍h
研槌	gíng-thuî
研槽	gíng-tsô
研灰	gíng-hu
研烌	gíng-hu
研究	gián-kiù
研究出	gián-kiù-tshut
研究室	gián-kiù-sik
研究所	gián-kiù-sóo
研究會	gíng-kiù-huē
研究生	gián-kiù-sing
研究費	gián-kiù-huì
研究院	gián-kiù-īnn
研粉	gíng-hún
研缽	gíng-puah
研習	gián-si̍p
研習會	gián-si̍p-huē
研考會	Gián-khó-huē
研茶	gíng-tê
研製	gián-tsè
研討	gián-thó
研讀	gián-tho̍k
研路機	gíng-lōo-ki
砛簷埕	gîm-tsînn-tiânn
砧仔	tiam-á
砧皮鞋	tiam-phuê-ê
砧砧	tiam-tiam
砧鞋	tiam-ê
砧鞋的	tiam-ê-ê
砧齒	tiam-khí
砰去	piang-khì
砰米芳	pōng-bí-phang
砰鼓	phiàng-kóo
砲兵	phàu-ping
砲台	phàu-tâi
砲座	phàu-tsō
砲彈	phàu-tuânn
砲擊	phàu-kik
砲火	phàu-hué
砲聲	phàu-siann
砲轟	phàu-hong
破例	phò-lē
破傷風	phò-siong-hong
破功	phò-kong
破卵	phuà-nn̄g
破厝	phuà-tshù
破厝窗仔	phuà-tshù-tháng-á
破去	phuà-khì
破口大罵	phuà-kháu-tuā-mē
破唶聲	phuà-tshe̍h-siann
破嘴	phuà-tshuì
破嘴煞	phuà-tshuì-suah
破嘴讒	phuà-tshuì-tsâm
破嘴鏨	phuà-tshuì-tsām
破土	phò-thóo
破土典禮	phuà-thóo-tián-lé
破壞	phò-huāi
破壞力	phuà-hāi-li̍k
破壞性	phò-huāi-sìng
破大舍	phuà-tuā-sià
破天荒	phò-thian-hong
破婊	phuà-piáu
破媌	phuà-bâ
破子仔	phò-tsí-á
破學	phuà-o̍h
破害	phò-hāi
破家	phuà-ke
破家囝	phuà-ke-kiánn
破少年	phuà-siàu-liân
破布	phuà-pòo
破布子	phuà-pòo-tsí
破戒	phuà-kài
破損	phuà-sún
破故子	phuà-kòo-tsí
破敗	phuà-pāi
破敗囝	phuà-pāi-kiánn
破散	phuà-sàm
破朽朽	phuà-hiú-hiú
破枝骨	phuà-ki-kut
破柴	phuà-tshâ
破柴龜	phuà-tshâ-ku
破格	phuà-keh
破格嘴	phuà-keh-tshuì
破格媌	phuà-keh-bâ
破格聲	phuà-keh-siann
破案	phò-àn
破殼	phuà-khak
破水	phuà-tsuí
破滅	phò-bia̍t
破爛	phuà-nuā
破爛生	phuà-nuā-senn
破爿	phuà-pîng
破獲	phò-hi̍k
破產	phò-sán
破疕	phuà-phí
破病	phuà-pēnn
破病丁	phuà-pēnn-ting
破病本	phuà-pēnn-pún
破病桶	phuà-pēnn-tháng
破病款	phuà-pēnn-khuán
破病路	phuà-pēnn-lōo
破病身命	phuà-pēnn-sin-miā
破病錢	phuà-pēnn-tsînn
破病雞	phuà-pēnn-ke
破痕	phuà-hûn
破皮	phuà-phuê
破相	phuà-siùnn
破破	phuà-phuà
破碎	phuà-tshuì
破空	phuà-khang
破筆	phuà-pit
破糊糊	phuà-kôo-kôo
破紀錄	phuà-kì-lo̍k
破縫	phuà-phāng
破缺	phuà-khih
破肚	phuà-tōo
破股	phuà-kóo
破胎	phuà-thai
破脆	phuà-tshè
破腹	phuà-pak
破腹話	phuà-pak-uē
破膽	phuà-tánn
破膽蛇	Phuà-tánn-tsuâ
破舊	phuà-kū
破船鎮港口	phuà-tsûn-tìn-káng-kháu
破蚵	phuà-ô
破蛋	phuà-tuann
破衫	phuà-sann
破裂	phò-lia̍t
破裘公	phuà-hiû-kong
破解	phuà-kái
破豆	phò-tāu
破財	phò-tsâi
破費	phò-huì
破鏨	phuà-tsām
破門而入	phuà-mn̂g-lî-ji̍p
破除	phò-tî
破隙	phuà-khiah
破雞筅	phuà-ke-tshíng
破雨傘	phuà-hōo-suànn
破靴黨	phuà-hia-tóng
破頭	phuà-thâu
破風	phuà-hong
破鬖	phuà-sàm
破鬢梳	phuà-pìn-se
破麻	phuà-muâ
破鼎	phuà-tiánn
硃砂	tsu-se
硃砂痣	tsu-se-kì
硅素	ke-sòo
硈仔	khiat-á
硌硞馬	lo̍k-kho̍k-bé
硝宮酸	siau-kiong-sng
硝強水	siau-kiông-tsuí
硝藥	siau-io̍h
硝酸	siau-sng
硞仔頭	khok-á-thâu
硞硞	kho̍k-kho̍k
硞硞吠	khòk-khòk-puī
硞硞輾	kho̍k-kho̍k-lìn
硨倒	tshia-tó
硨反	tshia-píng
硨盤	tshia-puânn
硨磲	tshia-kû
硨輾斗	tshia-lìn-táu
硨鉗	tshia-khînn
硩予碎	teh-hōo-tshuì
硩傷	teh-siong
硩墓紙	teh-bōng-tsuá
硩年錢	teh-nî-tsînn
硩柑緟	teh-kam-thōng
硩痰	teh-thâm
硩瘡	teh-tshng
硩紙	teh-tsuá
硩緟	teh-thōng
硩肚重	teh-tóo-tāng
硩著	teh-tio̍h
硩載	teh-tsài
硩重	teh-tāng
硫安	liû-an
硫磺	liû-hông
硫酸	liû-sng
硬倒	ngē-táu
硬共	ngē-kā
硬創	ngē-tshòng
硬力	ngē-la̍t
硬加	ngē-ka
硬化	ngē-huà
硬嘴	ngē-tshuì
硬守	ngē-siú
硬尻川	ngē-kha-tshng
硬工夫	ngē-kang-hu
硬度	ngē-tōo
硬式	ngē-sik
硬弓	ngē-king
硬心	ngē-sim
硬心肝	ngē-sim-kuann
硬心腸	ngē-sim-tn̂g
硬忍	ngē-lún
硬性	ngē-sìng
硬性地	ngē-sìng-tē
硬戕	ngē-tshiânn
硬手	ngē-tshiú
硬拗	ngē-áu
硬搶	ngē-tshiúnn
硬斗	ngē-táu
硬會	ngē-ē
硬板	ngē-pán
硬柝柝	ngē-khok-khok
硬柴	ngē-tshâ
硬桃	ngē-thô
硬棖	ngē-tènn
硬欲	ngē-beh
硬死	ngē-sí
硬死吠	ngē-sí-puī
硬死守	ngē-sí-siú
硬氣	ngē-khì
硬水	ngē-tsuí
硬求	ngē-kiû
硬涸涸	ngē-kho̍k-kho̍k
硬淨	ngē-tsiānn
硬牙	ngē-gê
硬當當	ngē-tong-tong
硬癖	ngē-phiah
硬目	ngē-ba̍k
硬直	ngē-ti̍t
硬硞硞	ngē-khok-khok
硬硬	ngē-ngē
硬礉礉	ngē-kauh-kauh
硬絲	ngē-si
硬線	ngē-suànn
硬繚	ngē-liâu
硬腳弓	ngē-kha-king
硬舞	ngē-bú
硬茶仔	ngē-tê-á
硬著	ngē-tio̍h
硬角	ngē-kak
硬話	ngē-uē
硬諍	ngē-tsènn
硬路錢	ngē-lōo-tsînn
硬辭	ngē-sî
硬迸迸	ngē-piàng-piàng
硬逼逼	ngē-pik-pik
硬鑿鑿	ngē-tsha̍k-tsha̍k
硬頭	ngē-thâu
硬頭貨	ngē-thâu-huè
硬額	ngē-gia̍h
硬骨	ngē-kut
硬體	ngē-thé
硬鬥	ngē-tàu
硬麵	ngē-mī
硬鼻	ngē-phīnn
硭石	bông-tsio̍h
硯盤	hīnn-puânn
硼砂	pîng-se
硼酸	pîng-sng
硿硿幌	khōng-khōng-hián
硿硿晃	khōng-khōng-hián
硿硿蹁	khōng-khōng-phiân
硿硿顛	khōng-khōng-tian
硿磚仔	khōng-tsng-á
硿腳蹺	khōng-kha-khiàu
硿蹺枋	khōng-khiàu-pang
硿蹺椅	khōng-khiàu-í
硿鏗	khōng-khiang
硿顛	khōng-tian
碇化	tīng-huà
碇卵	tīng-nn̄g
碇實	tīng-tsa̍t
碇尾	tīng-bué
碇度	tīng-tōo
碇柴	tīng-tshâ
碇氈	tīng-tsinn
碇硞硞	tīng-khok-khok
碇碇	tīng-tīng
碇篤	tīng-tah
碇篤篤	tīng-tauh-tauh
碇索	tiānn-soh
碇身	tīng-sin
碇車	tiànn-tshia
碇鏗鏗	tīng-khong-khong
碇鐵鐵	tīng-thih-thih
碇頦頦	tīng-huainnh-huainnh
碌命	li̍k-miā
碌死	li̍k-sí
碌硞馬仔	lo̍k-kho̍k-bé-á
碌路	li̍k-lōo
碌過頭	li̍k-kuè-thâu
碎冰	tshuì-ping
碎屑屑	tshuì-sap-sap
碎工	tshuì-kang
碎插筅	tshuì-tshap-tshíng
碎溶溶	tshuì-iûnn-iûnn
碎石	tshuì-tsio̍h
碎糊糊	tshuì-kôo-kôo
碎肉	tshuì-bah
碎葉葉	tshuì-ia̍p-ia̍p
碎裂	tshuì-lia̍t
碎鹽鹽	tshuì-iâm-iâm
碑後	pi-āu
碑文	pi-bûn
碑銘	pi-bîng
碑頂	pi-tíng
碖仔	lún-á
碖平	lún-pênn
碖石	lún-tsio̍h
碗仔疊碟仔	uánn-á-thia̍p-ti̍h-á
碗仔花	uánn-á-hue
碗公	uánn-kong
碗公花	uánn-kong-hue
碗公裂	uánn-kong-le
碗唇	uánn-tûn
碗土	uánn-thôo
碗尾	uánn-bué
碗帽	uánn-bō
碗底	uánn-té
碗斗	uánn-táu
碗櫥	uánn-tû
碗殘	uánn-tsân
碗盤	uánn-puânn
碗碭	uánn-thn̄g
碗窯	uánn-iô
碗箸	uánn-tī
碗米	uánn-bí
碗米仔	uánn-bí-á
碗粿	uánn-kué
碗糕	uánn-ko
碗糕粿	uánn-ko-kué
碗臍	uánn-tsâi
碗舷	uánn-kînn
碗花	uánn-hue
碗藥	uánn-io̍h
碗鉤錐	uánn-koo-tsui
碗鞍	uánn-uann
碗頭箸尾	uánn-thâu-tī-bué
碗龜	uánn-ku
碘化物	tián-huà-bu̍t
碘酒	tián-tsiú
碟仔	ti̍h-á
碟仔疊甌仔	ti̍h-á-thia̍p-au-á
碟子	ti̍h-á
碟片	tia̍p-phìnn
碡仔魚	ta̍k-á-hî
碣仔	khiat-á
碧山	phik-suann
碧海	phik-hái
碧潭	phik-thâm
碧玉	phik-gio̍k
碧眼	phik-gán
碧藍幻想	Phik-nâ-huàn-sióng
碧雲	phik-hûn
碩士	si̍k-sū
碩士班	sik-sū-pan
碭光	thn̄g-kng
碰壁	pōng-piah
碰皮	phòng-phuê
碰肚	phòng-tōo
碰著	phòng-tio̍h
碰造化	phòng-tsō-huà
碰釘	phòng-ting
碰面	phòng-bīn
碰頭	phòng-thâu
碰餅	phòng-piánn
碳化	thuànn-huà
碳化作用	thuànn-huà-tsok-iōng
碳化物	thuànn-huà-bu̍t
碳素	thuànn-sòo
碳酸	thuànn-sng
碳酸鉀	thuànn-sng-kah
碳酸鹽	thuànn-sng-iâm
確保	khak-pó
確信	khak-sìn
確信無懷疑	khah-sìn-bô-huâi-gî
確切	khak-tshiat
確定	khak-tīng
確實	khak-si̍t
確是	khak-sī
確知	khak-tsai
確立	khak-li̍p
確診	khak-tsín
確證	khak-tsìng
碻仔	khia̍uh-á
碼子	bé-tsí
碼子字	bé-tsí-lī
碼頭	bé-thâu
碼頭區	bé-thâu-khu
碾球	lián-kiû
碾缽	lún-puah
磁仔	huî-á
磁仔土	huî-á-thôo
磁仔枕	huî-á-tsím
磁仔碗	huî-á-uánn
磁仔磚	huî-á-tsng
磁器	tsû-khì
磁土	huî-thôo
磁場	tsû-tiûnn
磁帶	tsû-tuà
磁性	tsû-sìng
磁振造影	tsû-tsín-tsō-iánn
磁片	tsû-phìnn
磁石	huî-tsio̍h
磁碟機	tsû-tia̍p-ki
磁磚	huî-tsng
磁鍋仔	huî-ue-á
磅仔	pōng-á
磅去	pōng-kì
磅壁	pōng-piah
磅子	pōng-tsí
磅孔道	pōng-khang-tō
磅底	pōng-té
磅況	pōng-hóng
磅潲	pōng-siâu
磅燈	pōng-ting
磅番麥	pōng-huan-be̍h
磅石	pōng-tsio̍h
磅砣	pōng-tô
磅破	pōng-phuà
磅空	pōng-khang
磅突	pōng-tu̍t
磅米芳	pōng-bí-phang
磅耳銃	pōng-hīnn-tshìng
磅血壓的	pōng-hueh-ap-ê
磅表	pōng-pió
磅輦	pōng-lián
磅重	pōng-tāng
磅針	pōng-tsiam
磅額銃	pōng-hia̍h-tshìng
磅體重	pōng-thé-tāng
磅𡳞	pōng-lān
磐安	Poân-an
磐石	puânn-tsio̍h
磕一著	kha̍p-tsi̍t-tio̍h
磕挵	kha̍p-lòng
磕線	kha̍p-suànn
磕而著	kha̍p-lî-tio̍h
磕腳	kha̍p-kha
磕著	kha̍p-tio̍h
磕著就司公媽姨	kha̍p-tio̍h-tsiū-sai-kong-má-î
磕車	kha̍p-tshia
磕頭	kha̍p-thâu
磚仔	tsng-á
磚仔剸	tsng-á-tn̂g
磚仔窯	tsng-á-iô
磚仔角	tsng-á-kak
磚仔頭	tsng-á-thâu
磚坯	tsng-phe
磚塊	tsng-tè
磚棚	tsng-pînn
磚牆	tsng-tshiûnn
磚瓦剸	tsng-hiā-tn̂g
磚造	tsng-tsō
磟碡	la̍k-ta̍k
磟碡根	la̍k-ta̍k-kin
磟碡草	la̍k-ta̍k-tsháu
磨仔	bō-á
磨仔礅	bō-á-tún
磨仔草	buâ-á-tsháu
磨使	buâ-sái
磨光	buâ-kng
磨刀石	buâ-to-tsio̍h
磨嘴舌	buâ-tshuì-tsi̍h
磨坩	buâ-khann
磨房	bō-pâng
磨拖	buâ-thua
磨損	buâ-sńg
磨擦	môo-tshat
磨滅	buâ-bia̍t
磨石	buâ-tsio̍h
磨碌	buâ-lo̍k
磨粉	buâ-hún
磨練	buâ-liān
磨腳皮	buâ-kha-phuê
磨豆仔機	buâ-tāu-á-ki
磨鏡的	buâ-kiànn-ê
磨間	bō-king
磨雞膏	buâ-ke-ko
磷酸	lîn-sng
磺中毒	hông-tiòng-to̍k
磺口	hông-kháu
磺強水	hông-kiông-tsuí
磺水	hông-tsuí
磺港	Hông-káng
磺溪	Hông-khe
磺窟	hông-khut
磺筍	hông-sún
礁仔	ta-á
礁岩	tsiau-giâm
礁溪	Ta-khe
礁燥燥	ta-sò-sò
礁疕疕	ta-phí-phí
礁石	ta-tsio̍h
礐仔	ha̍k-á
礐仔蟲	ha̍k-á-thâng
礐敧	ha̍k-khi
礙事	gāi-sū
礙手礙腳	gāi-tshiú-gāi-kha
礙目	gāi-ba̍k
礙耳	gāi-hī
礙胃	gāi-uī
礙腳礙手	gāi-kha-gāi-tshiú
礙著	gāi-tio̍h
礙虐	gāi-gio̍h
礙謔	gāi-gio̍h
礙講	ngāi-káng
礙逆	gāi-gi̍k
礙𡳞	gāi-lān
礤仔	tshuah-á
礤冰	tshuah-ping
礤簽	tshuah-tshiam
礦區	khòng-khu
礦場	khòng-tiûnn
礦學	khòng-ha̍k
礦山	khòng-suann
礦工	khòng-kang
礦業	khòng-gia̍p
礦泉	khòng-tsuânn
礦物	khòng-bu̍t
礦物學	khòng-bu̍t-ha̍k
礦物質	khòng-bu̍t-tsit
礦石	khòng-tsio̍h
礦砂	khòng-sua
礦車	khòng-tshia
礬石	huân-tsio̍h
礬素	huânn-sòo
示威	sī-ui
示範	sī-huān
示警	sī-kíng
社交	siā-kau
社仔	Siā-á
社內	siā-lāi
社區	siā-khu
社員	siā-uân
社團	siā-thuân
社寮	Siā-liâu
社工	siā-kang
社教	siā-kàu
社教司	Siā-kàu-si
社教館	Siā-kàu-kuán
社會	siā-huē
社會學	siā-huē-ha̍k
社會局	Siā-huē-kio̍k
社會底層	siā-huē-té-tsân
社會處	siā-huē-tshù
社會黨	Siā-huē-tóng
社稷	siā-tsik
社群	siā-kûn
社腳	siā-kha
社論	siā-lūn
社里	siā-lí
社長	siā-tiúnn
社頭	Siā-thâu
社鵠	siā-go̍k
社麻	siā-muâ
社麻草	siā-muâ-tsháu
祀佛	sāi-pu̍t
祀神主	sāi-sîn-tsú
祁家威	Kî-Ka-ui
祇好	tsí-hó
祇有	tsí-iú
祇要	tsí-iàu
祈求	kî-kiû
祈福	kî-hok
祈禱	kî-tó
祕密	pì-bi̍t
祕思	pì-sù
祕書	pì-su
祕書長	pì-su-tiúnn
祕結	pì-kiat
祕訣	pì-kuat
祕雕	pì-tiau
祕魯	Pì-lóo
祖傳	tsóo-thuân
祖先	tsóo-sian
祖公	tsóo-kong
祖公仔屎	tsóo-kong-á-sái
祖公太媽	tsóo-kong-thài-má
祖公會	tsóo-kong-huē
祖公業	tsóo-kong-gia̍p
祖公祖媽	tsóo-kong-tsóo-má
祖厝	tsóo-tshù
祖國	tsóo-kok
祖墓	tsóo-bōng
祖墳	tsóo-hûn
祖姨	tsóo-î
祖媽	tsóo-má
祖孫	tsóo-sun
祖家	tsóo-ke
祖師公	tsóo-su-kong
祖師爺	tsóo-su-iâ
祖廟	tsóo-biō
祖業	tsóo-gia̍p
祖母	tsóo-bó
祖父	tsóo-hū
祖產	tsóo-sán
祖祖	tsóo-tsóo
祖祠	tsóo-sû
祖籍	tsóo-tsi̍k
祛勢鬼	khiap-sì-kuí
祝你生日快樂	tsiok-lí-senn-ji̍t-khuài-lo̍k
祝壽	tsiok-siū
祝福	tsiok-hok
祝禱	tsiok-tó
祝詞	tsiok-sû
祝賀	tsiok-hō
祝電	tsiok-tiān
神主	sîn-tsú
神主牌	sîn-tsú-pâi
神仙	sîn-sian
神位	sîn-uī
神佛	sîn-hu̍t
神像	sîn-siōng
神兵	sîn-ping
神勇	sîn-ióng
神去	sîn-khì
神壇	sîn-tuânn
神奇	sîn-kî
神奇寶貝	Sîn-kî-pó-puè
神奇寶貝球	sîn-kî-pó-puè-kiû
神女	sîn-lú
神姐	sîn-tsiá
神學	sîn-ha̍k
神學院	sîn-ha̍k-īnn
神宮	sîn-kiong
神尊	sîn-tsun
神岡	Sîn-kong
神廣	Sîn-kóng
神彩	sîn-tshái
神情	sîn-tsîng
神意	sîn-ì
神態	sîn-thài
神戶	Sîn-hōo
神明	sîn-bîng
神明倚駕	sîn-bîng-uá-kà
神明桌	sîn-bîng-toh
神明生	sîn-bîng-senn
神明聯	sîn-bîng-liân
神明轎	sîn-bîng-kiō
神明龕	sîn-bîng-kham
神智	sîn-tì
神木	sîn-bo̍k
神案	sîn-àn
神案桌	sîn-àn-toh
神機	sîn-ki
神氣	sîn-khì
神父	sîn-hū
神爽	sîn-sóng
神牌	sîn-pâi
神社	sîn-siā
神祇	sîn-kî
神祕	sîn-pì
神神	sîn-sîn
神秘	sîn-pì
神童	sîn-tông
神經	sîn-king
神經個	sîn-king-ê
神經大條	sîn-king-tuā-tiâu
神經氣	sîn-king-khuì
神經疼	Sîn-king-thiànn
神經的	sîn-king-ê
神經科	sîn-king-kho
神經系統	sîn-king-hē-thóng
神經網路	sîn-king-bāng-lōo
神經線相袚	sîn-king-suànn-sio-phua̍h
神經線絞無絚	sîn-king-suànn-ká-bô-ân
神經質	sîn-king-tsit
神聖	sîn-sìng
神職	sîn-tsit
神色	sîn-sik
神蟲仔	sîn-thâng-á
神話	sîn-uē
神變莫測	sîn-piàn-bo̍k-tshik
神轎	sîn-kiō
神農	Sîn-lông
神農生日	sîn-lông-senn-ji̍t
神通	sîn-thong
神速	sîn-sok
神隊友	sîn-tuī-iú
神韻	sîn-ūn
神魂	sîn-hûn
神魂四散	sîn-hûn-sì-suànn
神鴷	sîn-lia̍t
神龍	sîn-lîng
神龕	sîn-kham
祠堂	sû-tn̂g
祠廟	sû-biō
祧仔內	thiāu-á-lāi
票價	phiò-kè
票券	phiò-kǹg
票友	phiò-iú
票房	phiò-pâng
票據	phiò-kì
票據法	phiò-kì-huat
票數	phiò-sòo
票根	phiò-kin
票源	phiò-guân
票箱	phiò-siunn
票聲	phiò-siann
票選	phiò-suán
票面價值	phiò-bīn-kè-ta̍t
票面額	phiò-bīn-gia̍h
祭典	tsè-tián
祭司	tsè-si
祭品	tsè-phín
祭品文	tsè-phín-bûn
祭墓	tsè-bōng
祭壇	tsè-tuânn
祭孤	tsè-koo
祭拜	tsè-pài
祭文	tsè-bûn
祭日	tsè-ji̍t
祭星	tsè-tshenn
祭星神	tsè-tshenn-sîn
祭祀	tsè-sū
祭祖	tsè-tsóo
祭禮	tsè-lé
禁令	kìm-līng
禁冊	kìm-tsheh
禁制	kìm-tsè
禁區	kìm-khu
禁口	kìm-kháu
禁向	kìm-hiàng
禁喙	kìm-tshuì
禁嘴	kìm-tshuì
禁地	kìm-tē
禁尿	kìm-jiō
禁忌	kìm-khī
禁押	kìm-ah
禁止	kìm-tsí
禁氣	kìm-khuì
禁港	kìm-káng
禁用	kim-īng
禁絕	kìm-tsua̍t
禁腳	kìm-kha
禁薰	kìm-hun
禁藥	kìm-io̍h
禁路	kìm-lōo
禁車	kìm-tshia
禁錮	kìm-kòo
禁閉	kìm-pì
禁食	kìm-tsia̍h
禍害	hō-hāi
禍患	ē-huān
禍根	ē-kin
禍水	hō-suí
禍端	hō-tuan
禍首	hō-siú
福井	Hok-tsíng
福井縣	Hok-tsíng-kuān
福佬人	ho̍h-ló-lâng
福利	hok-lī
福利品	hok-lī-phín
福利社	hok-lī-siā
福和	Hok-hô
福地	hok-tē
福壽	hok-siū
福壽魚	hok-siū-hî
福安	hok-an
福島	Hok-tó
福島縣	Hok-tó-kuān
福州	Hok-tsiu
福州杉	hok-tsiu-sam
福州橘	hok-tsiu-kiat
福建	Hok-kiàn
福建省	Hok-kiàn-síng
福德正神	Hok-tik-tsìng-sîn
福德祠	hok-tik-sû
福成	Hok-sîng
福星	hok-tshenn
福木	hok-bo̍k
福杉	hok-sam
福林	Hok-lîm
福樂	Hok-lo̍k
福氣	hok-khì
福清	Hok-tshing
福澤	hok-ti̍k
福特	Hok-ti̍k
福相	hok-siàng
福祉	hok-tsí
福祿	hok-lo̍k
福祿壽	hok-lo̍k-siū
福肉	hok-bah
福華	Hok-huâ
福蔭	hok-ìm
福蘭	hok-lân
福金	hok-kim
福隆	Hok-liông
福音	hok-im
福鼎	Hok-tíng
禦寒	gī-hân
禪坐	siâm-tsē
禪宗	siân-tsong
禪寺	siân-sī
禮俗	lé-sio̍k
禮儀	lé-gî
禮券	lé-kǹg
禮卷	lé-kuàn
禮品	lé-phín
禮囊	lé-lông
禮堂	lé-tn̂g
禮帖	lé-thiap
禮帽	lé-bō
禮式	lé-sik
禮拜	lé-pài
禮拜一	lé-pài-it
禮拜二	lé-pài-jī
禮拜堂	lé-pài-tn̂g
禮拜日	lé-pài-ji̍t
禮拜時仔	lé-pài-sî-á
禮數	lé-sòo
禮服	lé-ho̍k
禮炮	lé-phàu
禮物	lé-bu̍t
禮生	lé-sing
禮節	lé-tsiat
禮聘	lé-phìng
禮記	Lé-kì
禮誼	lé-gî
禮讓	lé-jiōng
禮讚	lé-tsàn
禮貌	lé-māu
禮路	lé-lōo
禮遇	lé-gū
禮金	lé-kim
禮餅	lé-piánn
禮鼠	lé-tshí
禽流感	khîm-liû-kám
禽獸	khîm-siù
禽獸面	khîm-siù-bīn
禽胸	khîn-hing
禽胸肉	khîm-hing-bah
禿尾筆	thu̍t-bué-pit
禿的	thut-ê
禿頂	thut-tíng
禿頭	thuh-thâu
禿頭筆	thut-thâu-pit
禿額	thuh-hia̍h
禿顱	thu̍t-lû
禿髮	thut-huat
秀姑巒溪	Siù-koo-luân-khe
秀峰	siù-hong
秀嶼	Siù-sū
秀才	siù-tsâi
秀才秀才騎馬弄弄來	siù-tsâi-siù-tsâi-khiâ-bé-lōng-lōng-lâi
秀朗	Siù-lóng
秀朗橋	Siù-lóng-kiô
秀林	Siù-lîm
秀梳仔	siù-se-á
秀氣	siù-khì
秀水	Siù-tsuí
秀洲	Siù-tsiu
秀美	siù-bí
秀英花	siù-ing-hue
秀面	siù-bīn
秀麗	siù-lē
私下	su-hā
私事	su-sū
私交	su-kau
私人	su-jîn
私休	su-hiu
私偏	su-phian
私傢	sai-khia
私傢話	sai-khia-uē
私傢錢	sai-khia-tsînn
私刑	su-hîng
私利	su-lī
私勘	su-khàm
私募基金	su-bōo-ki-kim
私合	su-kah
私吞	su-thun
私囊	su-lông
私塾仔	su-sio̍k-á
私奇	sai-khia
私奇路	sai-khia-lōo
私奇錢	sai-khia-tsînn
私家	su-ka
私底下	su-té-hā
私心	su-sim
私慾	su-io̍k
私暗	su-àm
私有	su-iú
私有地	su-iú-tē
私服	su-ho̍k
私梟	su-hiau
私營	su-îng
私生子	su-sing-tsú
私生活	su-sing-ua̍h
私空仔	su-khang-á
私立	su-li̍p
私章	su-tsiong
私腳	sai-kha
私腳下	su-kha-ē
私腳話	su-kha-uē
私腳錢	sai-khia-tsînn
私自	su-tsū
私訂	su-tiānn
私設	su-siat
私貨	su-huè
私路	su-lōo
私通	su-thong
私酒	su-tsiú
秉公處理	píng-kong-tshù-lí
秉持	píng-tshî
秋凊	tshiu-tshìn
秋分	tshiu-hun
秋天	tshiu-thinn
秋姑	tshiu-koo
秋姑魚	tshiu-koo-hî
秋季	tshiu-kuì
秋宮	tshiu-kiong
秋山	tshiu-san
秋帽	tshiu-bō
秋後	tshiu-āu
秋後熱	tshiu-āu-jua̍h
秋燥	tshiu-sò
秋田	Tshiu-tiân
秋田犬	tshiu-tiân-khián
秋田縣	Tshiu-tiân-kuān
秋菊	tshiu-kiok
秋葵	tshiu-kuî
秋行軍蟲	tshiu-hîng-kun-thâng
科主任	kho-tsú-jīm
科別	kho-pia̍t
科員	kho-uân
科塊塊	khô-tè-tè
科委	kho-uí
科威特	Kho-ui-ti̍k
科學	kho-ha̍k
科學化	kho-ha̍k-huà
科學家	kho-ha̍k-ka
科學界	kho-ha̍k-kài
科學院	kho-ha̍k-īnn
科技	kho-ki
科技部	Kho-ki-pōo
科派	khe-phài
科目	kho-bo̍k
科系	kho-hē
科索伏	Kho-soh-ho̍k
科舉	kho-kí
科長	kho-tiúnn
秒表	bió-pió
秒錶	biáu-pió
秒鐘	biáu-tsing
秘傳	pì-thuân
秘密	pì-bi̍t
秘方	pì-hng
秘書	pì-su
秘書處	pì-su-tshù
秘書長	pì-su-tiúnn
秘結	pì-kiat
秘訣	pì-kuat
秘魯	Pì-lóo
租厝	tsoo-tshù
租屋	tsóo-ok
租戶	tsoo-hōo
租期	tsoo-kî
租用	tsoo-iōng
租費	tsoo-huì
租起來	tsoo-khí-lâi
租金	tsoo-kim
秤仔	tshìn-á
秤星	tshìn-tshenn
秤星木	tshìn-tshenn-bo̍k
秤星樹	tshìn-tshenn-tshiū
秤桿	tshìn-kuáinn
秤盤	tshìn-puânn
秤繚	tshìn-liāu
秤繚索	tshìn-liāu-soh
秤花	tshìn-hue
秤重	tshìn-tāng
秤錘	tshìn-thuî
秤錘沕	tshìn-thuî-bī
秤頭	tshìn-thâu
秦始王	tsîn-sí-ông
秦始皇	tsîn-sí-hông
秦朝	Tsîn-tiâu
秦皇島	Tsîn-hông-tó
秦風	Tsîn-hong
秧仔	ng-á
秧仔埕	ng-á-tiânn
秧仔田	ng-á-tshân
秧埕	ng-tiânn
秧目	ng-ba̍k
秧績	ng-tsioh
秧績埕	ng-tsioh-tiânn
秧腳	ng-kha
秧苗	ng-biâu
秩序	tia̍t-sū
秪仔	tai-á
秪仔米	tai-á-bí
秫仔	tsu̍t-á
秫稻	tsu̍t-tiū
秫米	tsu̍t-bí
秫米草	tsu̍t-bí-tsháu
秫米飯	tsu̍t-pí-pn̄g
秫粟	tsu̍t-tshik
秮仔米	tai-á-bí
秮仔粽	tai-á-tsàng
移交	î-kau
移位	î-uī
移入	î-ji̍p
移出	î-tshut
移動	î-tōng
移反移覆	î-huán-î-hok
移向	î-hiòng
移墾	î-khún
移居	î-ki
移山倒海	î-san-tó-hái
移工	î-kang
移徙	î-suá
移徙位	î-suá-uī
移振動	î-tín-tāng
移撥	î-puah
移柩	î-kiū
移栽	î-tsai
移民	î-bîn
移民局	î-bîn-kio̍k
移科技	î-kho-ki
移緩	î-uān
移花接木	î-hua-tsiap-bo̍k
移轉	î-tsuán
移送	î-sàng
移靈	î-lîng
稀世珍	hi-sè-tin
稀奇	hi-kî
稀客	hi-kheh
稀寶	hi-pó
稀微	hi-bî
稀有	hi-iú
稀疏	hi-soo
稀稀	hi-hi
稀稀戽戽	hi-hi-hòo-hòo
稀罕	hi-hán
稀罕囝	hi-hán-kiánn
稀罕物	hi-hán-mi̍h
稀釋	hi-sik
稅出	suè-tshut
稅制	suè-tsè
稅則	suè-tsik
稅務	suè-bū
稅務員	suè-bū-uân
稅務局	suè-bū-kio̍k
稅厝	suè-tshù
稅厝徛	suè-tshù-khiā
稅厝補助	suè-tshù-póo-tsōo
稅單	suè-tuann
稅捐	suè-kuan
稅收	suè-siu
稅款	suè-khuán
稅法	suè-huat
稅率	suè-lu̍t
稅目	suè-ba̍k
稅課	suè-khò
稅負	suè-hū
稅車	suè-tshia
稅金	suè-kim
稅錢	suè-tsînn
稅額	suè-gia̍h
程序控制	tîng-sū-khòng-tsè
程度	thîng-tōo
程式設計	thîng-sik-siat-kè
稍減	siau-kiám
稗仔	phē-á
稚仔	tì-á
稚稚漢仔	tī-tī-hàn-á
稚齡	tī-lîng
稜龜	lîng-ku
稟仔	pín-á
稟告	pín-kò
稟報	pín-pò
稟性	pín-sìng
稟求	pín-kiû
稟請	pín-tshíng
稟針	pín-tsiam
稠密	tiû-bi̍t
稠酒	tiâu-tsiú
種下	tsìng-hā
種作	tsìng-tsoh
種傳	tsíng-thn̂g
種喙齒	tsìng-tshuì-khí
種因	tsìng-in
種子	tsíng-tsí
種族	tsíng-tso̍k
種樹	tsìng-tshiū
種活	tsìng-ua̍h
種珠	tsìng-tsu
種痘	tsìng-tāu
種種	tsióng-tsióng
種稻	tsìng-tiū
種芋仔	tsiòng-ōo-á
種花	tsìng-hue
種菜	tsìng-tshài
種著	tsíng-tio̍h
種薰	tsìng-hun
種蟶	tsìng-than
種豬	tsíng-ti
種類	tsíng-luī
稱仔	tshìn-á
稱作	tshing-tsok
稱呼	tshing-hoo
稱意	tshìng-ì
稱王	tshing-ông
稱職	tshing-tsit
稱號	tshing-hō
稱謂	tshing-uī
稱讚	tshing-tsàn
稱霸	tshing-pà
稷仔	sik-á
稻仔	tiū-á
稻仔穗	tiū-á-suī
稻仔葉	tiū-á-hio̍h
稻作	tiū-tsok
稻包蟲	tiū-pau-thâng
稻囷	tiū-khûn
稻埕	tiū-tiânn
稻殼	tiū-khak
稻田	tiū-tshân
稻種	tiū-tsíng
稻稿	tiū-kó
稻稿頭	tiū-kó-thâu
稻穗	tiū-suī
稻米	tiū-bí
稻粟	tiū-tshik
稻芳	tiū-phang
稻草	tiū-tsháu
稻草人	tiū-tsháu-lâng
稻草堆	tiū-tsháu-tui
稻草編	tiū-tsháu-pinn
稻虱	tiū-sat
稻蝦	tiū-hê
稻蟲	tiū-thâng
稻頭	tiū-thâu
稽察	khe-tshat
稽征	khe-tsing
稽徵	khé-tsing
稽查	khé-tsa
稽查員	khe-tsa-uân
稽核	khe-hu̍t
稽洗	khe-sé
稽考	khe-khó
稿件	kó-kiānn
稿費	kó-huì
穀倉	kok-tshng
穀姑	kok-koo
穀精	kok-tsing
穀雨	kok-ú
穀類	kok-luī
穆斯林	Bo̍k-su-lîm
積分	tsik-hun
積善	tsik-siān
積壓	tsik-ap
積存	tsik-tsûn
積弊	tsik-pè
積德	tsik-tik
積怨	tsik-uàn
積恨	tsik-hīn
積木	tsik-bo̍k
積案	tsik-àn
積極	tsik-ki̍k
積欠	tsik-khiàm
積水	tsik-tsuí
積沙	tsik-sua
積滓	tsik-tái
積聚	tsik-tsū
積膿	tsik-lâng
積蓄	tsik-thiok
積血	tsik-hueh
積車	tsik-tshia
積雪	tsik-seh
積體電路	tsik-thé-tiān-lōo
穎豪	ínn-hô
穗鬚	suī-tshiu
穡路	sit-lōo
穡頭	sit-thâu
穢世	uè-sè
穢人	uè-lâng
穢垃圾	uè-lah-sap
穢撒	uè-suè
穢氣	uè-khì
穢著	uè-tio̍h
穢著人	uè-tio̍h-lâng
穢著感冒	uè-tio̍h-kám-mōo
穩主	ín-tsú
穩仔米	ún-á-bí
穩來	ún-lâi
穩健	ún-kiān
穩冬	ún-tang
穩固	ún-kòo
穩好	ún-hó
穩婆	ún-pô
穩定	ún-tīng
穩心	ún-sim
穩心仔	ún-sim-á
穩死	ún-sí
穩當	ún-tàng
穩當當	ún-tòng-tòng
穩睏	ún-khùn
穩穩當當	ún-ún-tàng-tàng
穩篤篤	ún-tak-tak
穩粟	ín-tshik
穩紮穩打	ún-tsat-ún-tánn
穩著愛	ún-tio̍h-ài
穩觸琢	ún-tiak-tak
穩贏	ún-iânn
穩趁	ún-thàn
穩輸	ún-su
穴道	hia̍t-tō
究其實	kiù-kî-si̍t
究其然	kiù-kî-jiân
究勘	kiù-khàm
究實	kiù-si̍t
究然	kiù-jiân
究真	kiù-tsin
究竟	kiù-kìng
究辦	kiù-pān
穸厝	si̍k-tshù
穹蒼	kiong-tshong
空中	khong-tiong
空井	khang-tsénn
空仔	khang-á
空仔口	khang-á-kháu
空位	khang-uī
空內惡	khang-lāi-ok
空八仔褲	khòng-pat-á-khòo
空八空空	khòng-pat-khòng-khòng
空冇	khang-phànn
空前	khong-tsiân
空勞	khang-lô
空厝	khang-tshù
空厝間	khang-tshù-king
空口	khang-kháu
空口惡	khang-kháu-ok
空名	khang-miâ
空向望	khang-ǹg-bāng
空含竹	khang-ham-tik
空喝	khang-huah
空嘔	khang-áu
空嘴	khang-tshuì
空嘴哺舌	khang-tshuì-pōo-tsi̍h
空囉嗦	khang-lô-so
空地	khang-tē
空城計	khang-siânn-kè
空埔	khàng-poo
空墓	khang-bōng
空心	khang-sim
空心麵	khang-sim-mī
空想	khang-siūnn
空戰	khong-tsiàn
空房	khang-pâng
空手	khang-tshiú
空手搔	khang-tshiú-so
空手道	khong-tshiú-tō
空投	khong-tâu
空拍機	khong-phah-ki
空拳	khang-kûn
空有	khang-iú
空服員	khong-ho̍k-uân
空格	khang-keh
空桶	khang-tháng
空榫	khang-sún
空檔	khang-tòng
空歡喜	khang-huann-hí
空殼	khang-khak
空殼公司	khang-khak-kong-si
空殼名	khang-khak-miâ
空氣	khang-khuì
空氣䆀	khang-khuì-bái
空氣壓	khong-khì-ah
空氣層	khong-khì-tsân
空氣鞋	khong-khì-ê
空洞	khang-tōng
空添	khang-thiam
空港	khong-káng
空無一人	khong-bû-it-jîn
空白	khang-pe̍h
空盤	khang-puânn
空穴來風	khang-hia̍t-lâi-hong
空空	khang-khang
空空氣氣	khang-khang-khuì-khuì
空空縫縫	khang-khang-phāng-phāng
空紙白字	khang-tsuá-pe̍h-jī
空縫	khang-phāng
空缺	khang-khih
空罐仔	khang-kuàn-á
空翕機	khong-hip-ki
空耳	khong-ní
空股	khang-kóo
空腹	khang-pak
空腹肚	khang-pak-tóo
空船	khang-tsûn
空色	khóng-sik
空花	khang-hue
空虛	khang-hi
空行	khang-kiânn
空襲	khong-si̍p
空襲警報	khong-si̍p-kíng-pò
空言	khong-giân
空話	khang-uē
空課	khang-khuè
空課場	khang-khuè-tiûnn
空課路	khang-khuè-lōo
空調	khang-tiāu
空講	khang-kóng
空身	khang-sin
空軍	khong-kun
空軍官校	Khang-kun-kuann-hāu
空輾	khang-lìn
空運	khong-ūn
空銃	khang-tshìng
空銃子	khang-tshìng-tsí
空銜	khang-hâm
空門	khong-bûn
空間	khang-king
空閨	khang-kui
空閬閬	khang-lòng-lòng
空防	khong-hông
空降	khong-kàng
空隙	khang-khiah
空難	khong-lān
空雷無雨	khong-luî-bô-hōo
空頭	khang-thâu
空驚	khang-kiann
穿仝領褲	tshīng-kāng-niá-khòo
穿堂	tshuan-tn̂g
穿尿苴仔	tshīng-jiō-tsū-á
穿山龍	tshng-suann-lîng
穿戰甲	tshīng-tsiàn-kah
穿插	tshīng-tshah
穿插凊彩	tshīng-tshah-tshìn-tshái
穿梭	tshng-so
穿衫	tshīng-sann
穿裙	tshīng-kûn
穿起來	tshīng-khí-lâi
穿迵過	tshng-thàng-kuè
穿透過	tshng-thàu-kuè
穿運動鞋	tshīng-ūn-tōng-ê
穿過	tshng-kuè
穿鑿	tshuan-tsha̍k
穿鼻龍	tshng-phīnn-lîng
突出	thu̍t-tshut
突勉	Tu̍t-bián
突圍	tu̍t-uî
突尼西亞	Tu̍t-nî-se-a
突擊	tu̍t-ki̍k
突擊檢查	tu̍t-kik-kiám-tsa
突擊隊	tu̍t-kik-tuī
突死	tu̍h-sí
突然	tu̍t-jiân
突發	tu̍t-huat
突破	tu̍t-phuà
突破性	tu̍t-phuà-sìng
突胎	thut-the
突襲	tu̍t-si̍p
突諱母	tu̍h-huì-bó
突變	tu̍t-piàn
突起	tu̍t-khí
窈窕	iáu-thiáu
窋出來	puh-tshut-lâi
窋波	puh-pho
窋瀾	puh-nuā
窋燈仔	puh-ting-á
窋管仔	puh-kóng-á
窌孔	liú-khang
窒倒街	that-tó-ke
窒咧	that-leh
窒素	tsik-sòo
窒車	that-tshia
窗仔	thang-á
窗仔口	thang-á-kháu
窗仔只	thang-á-tsí
窗仔唇	thang-á-tûn
窗仔墘	thang-á-kînn
窗仔子	thang-á-tsí
窗仔座	thang-á-tsō
窗仔掩	thang-á-iám
窗仔枝	thang-á-ki
窗仔格	thang-á-keh
窗仔框	thang-á-khing
窗仔碇	thang-á-tīng
窗仔空	thang-á-khang
窗仔簾	thang-á-nî
窗仔門	thang-á-mn̂g
窗兄	tshong-hing
窗崁	thang-khàm
窗盤	thang-puânn
窗簾仔	thang-lî-á
窗紗	thang-se
窗腳	thang-kha
窗花	thang-hue
窘迫	kūn-pik
窞倕	thām-thuī
窞堵	thām-tóo
窞用	thām-īng
窞肚	thām-tóo
窞落	thām-lo̍h
窞錘	thām-thuî
窟仔	khut-á
窨火	ìm-hué
窨瓜仔	ìm-kue-á
窨豉	ìm-sī
窨豉仔	ìm-sī-á
窩哥落	oo-koo-lok
窩家	o-ka
窩家罪	o-ka-tsuē
窩籃	oo-nâ
窩籃船	oo-nâ-tsûn
窩籃血跡	oo-nâ-hueh-liah
窮份	khîng-hūn
窮其實	khîng-kî-si̍t
窮實	khîng-si̍t
窮尾	khîng-bué
窮斤算兩	khîng-kin-sǹg-niú
窮甲搭地	kîng-kah-tah-tē
窮真	kîng-tsin
窮算	khîng-sǹg
窮赤	kîng-tshiah
窮赤人	kîng-tshiah-lâng
窮赤赤	kîng-tshiah-tshiah
窮銅	khîng-tâng
窮錢	khîng-tsînn
窮額	khîng-gia̍h
窮鬥	khîng-tàu
窮鬼	kîng-kuí
窮齊	khîng-tsê
窵遠	tiàu-uán
窸倏	sī-suā
竄入	tshuàn-ji̍p
竄出	tshuàn-tshut
竄改	tshuàn-kái
竄逃	tshuàn-tô
竅妙	khiàu-biāu
竇炎	tōo-iām
竊嫌	tshiap-hiâm
竊據	tshiap-kì
竊案	tshiap-àn
竊盜	tshiap-tō
竊盜罪	tshiat-tō-tsuē
竊聽	tshiap-thiann
竊聽器	tshiap-thiann-khì
立下	li̍p-hā
立人	li̍p-jîn
立冬	li̍p-tang
立刻	li̍p-khik
立功	li̍p-kong
立功立德	li̍p-kong-li̍p-tik
立國	li̍p-kok
立場	li̍p-tiûnn
立夏	li̍p-hē
立委	li̍p-uí
立德	li̍p-tik
立志	li̍p-tsì
立意	li̍p-ì
立捷	lia̍p-tsia̍p
立方	li̍p-hong
立方公分	li̍p-hong-kong-hun
立方米	li̍p-hong-bí
立春	li̍p-tshun
立案	li̍p-àn
立業	li̍p-gia̍p
立法	li̍p-huat
立法權	li̍p-huat-kuân
立法院	Li̍p-huat-īnn
立碑	li̍p-pi
立秋	li̍p-tshiu
立竿見影	li̍p-kan-kiàn-iánn
立約	li̍p-iok
立論	li̍p-lūn
立足點	li̍p-tsiok-tiám
立身	li̍p-sin
立院	Li̍p-īnn
立體	li̍p-thé
站岑	tsām-gám
站巖	tsām-gâm
站摸貓	tiàm-moo-niau
站涵貓	tiàm-âm-niau
站立	tsām-li̍p
站節	tsām-tsat
站貓	tiàm-niau
站贏頭	tsiàm-iânn-thâu
站長	tsām-tiúnn
站雨	tiàm-hōo
站頭	tsām-thâu
站風	tiàm-hong
竟敢	kìng-kánn
竟然	kíng-jiân
章法	tsiong-huat
章牌	tsiong-pâi
章螺	tsiunn-lê
章魚	tsiunn-hî
竣工	tsùn-kang
童乩	tâng-ki
童乩桌頭	tâng-ki-toh-thâu
童女	tông-lí
童子	tâng-tsí
童子痟	tông-tsú-siau
童子軍	tông-tsú-kun
童工	tông-kang
童年	tông-liân
童心	tông-sim
童裝	tông-tsong
童話	tông-uē
童謠	tông-iâu
童貞	tông-tsing
童貞女	tông-tsing-lí
童身	tâng-sin
童顏	tông-gân
竭仔哥	kia̍t-á-ko
竭盡	kiat-tsīn
竭腳	kha̍t-kha
端午節	Tuan-ngóo-tseh
端整	tuan-tsíng
端方四正	tuan-hong-sì-tsiànn
端書	tuan-su
端楷	tuan-khái
端正	tuan-tsiànn
端的	tuann-tiah
端莊	tuan-tsong
端視	tuan-sī
端陽節	tuan-iông-tsiat
端麗	tuan-lē
競技	kīng-ki
競技場	kīng-ki-tiûnn
競技車	kīng-ki-tshia
競標	kīng-pio
競渡	kìng-tōo
競爭	kīng-tsing
競爭力	kīng-tsing-li̍k
競爭者	kīng-tsing-tsiá
競行	kīng-kiânn
競買	kìng-bé
競買會	kìng-bé-huē
競購	kīng-kòo
競賽	kīng-sài
競車	kīng-tshia
競選	kīng-suán
竹仔	tik-á
竹仔枝	tik-á-ki
竹仔湖	Tik-á-ôo
竹仔箸毋敢夾人个香菇肉	tik-á-tī-m̄-kánn-ngeh-lâng-ê-hiunn-koo-bah
竹仔草	tik-á-tsháu
竹仔菜	tik-á-tshài
竹仔葉	tik-á-hio̍h
竹刀	tik-to
竹北	tik-pak
竹匣笠	tik-ha̍h-lue̍h
竹午	tik-ngóo
竹南	tik-lâm
竹圍	Tik-uî
竹埒	tik-lua̍h
竹塹	tik-tshàm
竹夫人	tik-hu-jîn
竹安	Tik-an
竹尖	tik-tsiam
竹山	Tik-san
竹崁	tik-khàm
竹扇	tik-sìnn
竹掃	tik-sàu
竹掃帚	tik-sàu-tshiú
竹排	tik-pâi
竹排仔	tik-pâi-á
竹撮	tik-tshuè
竹擔	tik-tann
竹杖	tik-thn̄g
竹杞	tik-kí
竹東	Tik-tang
竹板	tik-pán
竹林	tik-lîm
竹林鳥	tik-lîm-tsiáu
竹枝	tik-ki
竹柏	tik-peh
竹桃	tik-thô
竹梳	tik-se
竹棍仔	tik-kùn-á
竹椅	tik-í
竹椏	tik-ue
竹模	tik-bôo
竹爿	tik-pîng
竹田嬰	tik-tshân-enn
竹田蛉飛行器	Tek-tshân-ni-pue-hêng-khì
竹甲	tik-kah
竹目	tik-ba̍k
竹科	Tik-kho
竹竿	tik-kuann
竹筅	tik-tshíng
竹筍	tik-sún
竹箠	tik-tshuê
竹管	tik-kóng
竹管仔	tik-kóng-á
竹管狸	tik-kóng-bâ
竹管銃	tik-kóng-tshìng
竹管鰻	tik-kóng-muâ
竹箬	tik-ha̍h
竹箭	tik-tsìnn
竹箸	tik-tī
竹節杯	tik-tsit-pue
竹節蟲	tik-tsat-thâng
竹節黃	tik-tsat-hông
竹篙	tik-ko
竹篙仔	tik-ko-á
竹篙兜菜刀	tik-ko-tàu-tshài-to
竹篙叉	tik-ko-tshe
竹篙泅	tik-ko-siû
竹篙瓜	tik-ko-kue
竹篙生	tik-ko-senn
竹篙票	tik-ko-phiò
竹篙頭	tik-ko-thâu
竹篙鬥菜刀	tik-ko-tàu-tshài-to
竹篙鬼	tik-ko-kuí
竹篙魚	tik-ko-hî
竹篰	tik-phō
竹篾	tik-bi̍h
竹篾師	tik-bi̍h-sai
竹簍	tik-lóo
竹簾	tik-liâm
竹籃	tik-nâ
竹籗	tik-khah
竹籠	tik-láng
竹籬仔	tik-lî-á
竹紗	tik-se
竹膩瓤	tik-jī-nn̂g
竹葉	tik-hio̍h
竹葉椒	tik-hio̍h-tsio
竹葉楠	tik-hio̍h-lâm
竹葉草	tik-hio̍h-tsháu
竹葉蘭	tik-hio̍h-lân
竹葉青	tik-hio̍h-tshenn
竹葉鰮	tik-hio̍h-un
竹葉鰱	tik-hio̍h-liân
竹蓆	tik-tshio̍h
竹蘢	tik-lang
竹蚶	tik-ham
竹蜂	tik-phang
竹蟶	tik-than
竹跤花眉	tik-kha-hue-bî
竹轎	tik-kiō
竹銃	tik-tshìng
竹錦	tik-gím
竹雀	tik-tshiok
竹雞	tik-ke
竹雞仔	tik-ke-á
竹靈芝	tik-ling-tsi
竹頭崎	Tik-thâu-kiā
竹馬	tik-bé
竹魚	tik-hî
竹鳥	tik-tsiáu
竹鼠	tik-tshí
竿蓁林	Kuann-tsin-nâ
笊籬	tsuánn-lî
笑一下	tshiò-tsi̍t-ē
笑人	tshiò-lâng
笑劇	tshiàu-kio̍k
笑咳咳	tshiò-hai-hai
笑哈哈	tshiò-ha-ha
笑容	tshiò-iông
笑市	tshiò-tshī
笑微微	tshiò-bi-bi
笑柄	tshiò-pìnn
笑桮	tshiò-pue
笑死	tshiò-sí
笑死人	tshiò-sí-lâng
笑淺	tshiò-tshínn
笑甲反過	tshiò-kah-píng-kuè
笑甲落下頦	tshiò-kah-làu-ē-hâi
笑甲落嘴齒	tshiò-kah-lak-tshuì-khí
笑甲裂獅獅	tshiò-kah-li̍h-sai-sai
笑神	tshiò-sîn
笑笑仔哭	tshiò-tshiò-á-khàu
笑粉	tshiò-hún
笑紅	tshiò-âng
笑納	tshiàu-la̍p
笑綠	tshiò-li̍k
笑聲	tshiò-siann
笑脊	tshiò-tsit
笑色	tshiò-sik
笑藍	tshiò-lâm
笑話	tshiò-uē
笑詼	tshiò-khue
笑誼誼	tshiò-gī-gī
笑談	tshiàu-tâm
笑豆	tshiò-tāu
笑面	tshiò-bīn
笑面虎	tshiò-bīn-hóo
笑頭笑面	tshiò-thâu-tshiò-bīn
笑黃	tshiò-n̂g
笛仔	ta̍t-á
笠仔	le̍h-á
符仔	hû-á
符仔路	hû-á-lōo
符合	hû-ha̍p
符咒	hû-tsiù
符號	hû-hō
笨嘴笨舌	pūn-tshui-pūn-tsi̍h
笨戕	pūn-tshiâng
笨枋	pūn-pang
笨跤笨手	pūn-kha-pūn-tshiú
笨車車	pūn-tshia-tshia
笨長	pūn-tshiâng
笨面	pūn-bīn
笨頂	pūn-tíng
笨魚	pūn-hî
笨鯊	pūn-sua
第一	tē-it
第一好	tē-it-hó
第一少	tē-it-tsió
第一工	tē-it-kang
第一擺	tē-it-pái
第一步	tē-it-pōo
第一等	tē-it-tíng
第一線	tē-it-suànn
第三世界	Tē-sann-sè-kài
第三人稱	tē-sann-jîn-tshing
第三指	tē-sann-tsáinn
第三者	tē-sann-tsiá
第三逝	tē-sann-tsuā
第二	tē-jī
第二年	tē-jī-nî
第二指	tē-jī-tsáinn
第二次世界大戰	tē-jī-tshù-sè-kài-tāi-tsiàn
第五指	tē-gōo-tsáinn
第六感	tē-la̍k-kám
第四指	tē-sì-tsáinn
第幾	tē-kuí
第幾節	tē-kuí-tsiat
筅仔	tshíng-á
筅土粉	tshíng-thôo-hún
筅塵	tshíng-thûn
筅頭香	tshíng-thâu-hiunn
筅鬚	tshíng-tshiu
筆下	pit-hā
筆仔尾	pit-á-bué
筆仔草	pit-á-tsháu
筆劃	pit-ue̍h
筆友	pit-iú
筆名	pit-miâ
筆型	pit-hîng
筆塌仔	pit-thap-á
筆塞仔	pit-that-á
筆墨	pit-ba̍k
筆尖	pit-tsiam
筆尾	pit-bué
筆意	pit-ì
筆戰	pit-tsiàn
筆排	pit-pâi
筆桿	pit-kuáinn
筆法	pit-huat
筆筒	pit-tâng
筆筒樹	pit-tâng-tshiū
筆筒草	pit-tâng-tsháu
筆算	pit-sǹg
筆管	pit-kóng
筆羅子	pit-lô-tsí
筆者	pit-tsiá
筆袋	pit-tē
筆記	pit-kì
筆記型電腦	pit-kì-hîng-tiān-náu
筆記本	pit-kì-pún
筆記簿	pit-kì-phōo
筆試	pit-tshì
筆談	pit-tâm
筆貓	pit-niau
筆資禮	pit-tsu-lé
筆跡	pit-jiah
筆路	pit-lōo
筆鈍	pit-tun
筆鋒	pit-hong
筆錄	pit-lo̍k
筆錔	pit-thap
筆電	pit-tiān
筆鼠	pit-tshú/tshí
等一下	tán-tsi̍t-ē
等人	tán-lâng
等候	tán-hāu
等分	tíng-hun
等到	tán-kàu
等回話	tán-hê-uē
等待	tán-thāi
等接	tán-tsih
等斡	tán-uat
等於	tíng-î
等機會	tán-ki-huē
等無人	tán-bô-lâng
等甲斑鴿吼	tán-kah-pan-kah-háu
等第	tíng-tē
等等	tíng-tíng
等級	tíng-kip
等缺	tán-khueh
等者	tán-tse
等號	tíng-hō
等路	tán-lōo
等高	tíng-ko
等齊	tán-tsê
筊婆	kiáu-pô
筊虱	kiáu-sat
筊錢	kiáu-tsînn
筋帶	kin-tuà
筋柢	kin-té
筋節	kin-tsat
筋絡	kin-le
筋肉	kin-bah
筋肉疼	kin-bah-thiànn
筋肉車	kin-bah-tshia
筋脈	kin-me̍h
筋韌	kin-lūn
筋頭	kin-thâu
筋頭竹	kin-thâu-tik
筋骨	kin-kut
筋骨草	kin-kut-tsháu
筍仔	sún-á
筍干	sún-kuann
筍菜	sún-tshài
筍龜	sún-ku
筒仔	tâng-á
筒仔磕你油缸	tâng-á-kha̍p-lí-iû-kng
筒仔米糕	tâng-á-bí-ko
筒鳥	tâng-tsiáu
答人	tap-lâng
答允	tap-ín
答喙鼓	tap-tshuì-kóo
答嘴	tap-tshuì
答嘴鼓	tap-tshuì-kóo
答復	tap-ho̍k
答應	tah-ìng
答案	tap-àn
答滴	ta̍h-ti
答禮	tap-lé
答覆	tap-hok
答詩	tap-si
答話	tap-uē
答謝	tap-siā
答辭	tap-sû
答辯	tap-piān
答錄機	tap-lo̍k-ki
答願	tap-guān
策動	tshik-tōng
策略	tshik-lia̍k
策畫	tshik-uē
筵席	iân-sia̍h
箅仔排	pín-á-pâi
箅針	pín-tsiam
箇中	kò-tiong
箍仔	khoo-á
箍仔內的	khoo-á-lāi-ê
箍仔外的	khoo-á-guā-ê
箍仔粿	khoo-á-kué
箍倚	khoo-uá
箍倚辦公室	khoo-uá-pān-kong-sik
箍兜	khoo-tau
箍半	khoo-puànn
箍喙罨	Khoo-tshuì-am
箍喙舌	khoo-tshuì-tsi̍h
箍圍	khoo-uî
箍圓	khoo-înn
箍圓箍仔	khoo-înn-khoo-á
箍子仔	khoo-tsí-á
箍桶	khoo-tháng
箍樂𤲍	khoo-lo̍k-kheh
箍笠仔	khoo-le̍h-á
箍箍	khoo-khoo
箍箍仔	khoo-khoo-á
箍箍麭	Khoo-khoo-pháng
箍絡	khoo-lo̍h
箍絡命	khoo-lo̍h-miā
箍起來	khoo-khí-lâi
箍飛	khoo-pue
算出	sǹg-tshut
算命	sǹg-miā
算命先	sǹg-miā-sian
算數	sǹg-siàu
算是	sǹg-sī
算會和	sǹg-ē-hô
算法	sǹg-huat
算無到	sǹg-bô-kàu
算無盤	sǹg-bô-puânn
算甲子	sǹg-kah-tsí
算盤	sǹg-puânn
算盤子	sǹg-puânn-tsí
算看覓	sǹg-khuànn-māi
算籌	sǹg-tiû
算總數	sǹg-tsóng-siàu
算行	sǹg-hīng
算袂和	sǹg-bē-hô
算論	sǹg-lūn
算起來	sǹg-khí-lâi
算額	sǹg-gia̍h
箠仔	tshuê-á
管仔	kóng-á
管仔精	kóng-á-tsiann
管仔粿	kóng-á-kué
管仔行	kóng-á-hâng
管伊	kuán-i
管伊天地幾斤重	kuán-i-thinn-tē-kuí-kin-tāng
管制	kuán-tsè
管區	kuán-khu
管家	kuán-ke
管家婆	kuán-ke-pô
管家貓	kuán-ke-bâ
管弦	kuán-hiân
管待	kuán-thāi
管教	kuán-kà
管數	kuán-siàu
管束	kuán-sok
管樂	kuán-ga̍k
管汰伊	kuán-thài-i
管球	kóng-kiû
管理	kuán-lí
管理人	kuán-lí-lâng
管理員	kuán-lí-uân
管理師	kuán-lí-su
管理權	kuán-lí-kuân
管理站	kuán-lí-tsām
管理者	kuán-lí-tsiá
管理費	kuán-lí-huì
管碧玲	Kuán-Phek-lêng
管絃樂	kuán-hiân-ga̍k
管線	kuán-suànn
管路	kńg-lōo
管轄	kuán-hat
管轄權	kuán-hat-kuân
管顧	kuán-kòo
箭在弦上	tsìnn-tsāi-hiân-siāng
箭竹	tsìnn-tik
箭翎	tsìnn-lîng
箭肉	tsìnn-bah
箭靶	tsìnn-pà
箭頭	tsìnn-thâu
箱仔	siunn-á
箱仔底	siunn-á-té
箱仔車	siunn-á-tshia
箱籠	siunn-láng
箱裝	siunn-tsng
箴言	tsim-giân
箸奇	tī-khia
節一下	tsat-tsi̍t-ē
節仔	tsat-á
節令	tsiat-līng
節儉	tsiat-khiām
節制	tsiat-tsè
節力	tsat-la̍t
節力仔	tsat-la̍t-á
節坊	tsiat-hng
節外生枝	tsat-guā-sing-ki
節奏	tsiat-tsàu
節婦	tsiat-hū
節季	tseh-kuì
節慶	tsiat-khìng
節撙	tsat-tsún
節操	tsiat-tshò
節日	tseh-ji̍t
節日仔	tseh-ji̍t-á
節氣	tseh-khuì
節流	tsiat-liû
節準	tsiat-tsún
節目	tsiat-bo̍k
節省	tsiat-síng
節禮	tsiat-lé
節稅	tsiat-suè
節節敗退	tsiat-tsiat-pāi-thè
節節紅	tsat-tsat-âng
節約	tsiat-iok
節育	tsiat-io̍k
節脈	tsat-me̍h
節量	tsat-liāng
節錶仔	tsat-pió-á
節點	tsat-tiám
範例	huān-lē
範勢	pān-sì
範圍	huān-uî
範本	huān-pún
範疇	huān-tiû
範聲	pān-siann
範頭	pān-thâu
篆刻	thuàn-khik
篆字	thuàn-lī
篆書	thuān-su
篇幅	phinn-hok
築磚仔	gih-tsng-á
築路	tiok-lōo
篋仔	khueh-á
篙尺	ko-tshioh
篤信	tok-sìn
篤定	tok-tīng
篩仔	thai-á
篩掉	thai-tiāu
篩斗	thai-táu
篩斗目	thai-táu-ba̍k
篩檢	thai-kiám
篩選	thai-suán
篷布	phâng-pòo
篷布袋	phâng-pòo-tē
篷桅	phâng-guî
篷船	phâng-tsûn
篷車	phâng-tshia
篾仔	bi̍h-á
篾器	bi̍h-khì
篾層	bi̍h-tsân
篾扇	bi̍h-sìnn
篾枝	bi̍h-ki
篾瓤	bi̍h-nn̂g
篾腳香	bi̍h-kha-hiunn
篾蓆	bi̍h-tshio̍h
篾香	bi̍h-hiunn
簑衫	sui-sann
簞笥	thàng-suh
簡介	kán-kài
簡仔霧	Kán-á-bū
簡任	kán-jīm
簡便	kán-piān
簡化	kán-huà
簡單	kán-tan
簡報	kán-pò
簡報室	kán-pò-sik
簡寫	kán-siá
簡慢	kán-bān
簡捷	kán-tsia̍t
簡明	kán-bîng
簡易	kán-ī
簡潔	kán-kiat
簡略	kán-lia̍k
簡省	kán-síng
簡省寫	kán-síng-siá
簡短	kán-té
簡稱	kán-tshing
簡章	kán-tsiong
簡要	kán-iàu
簡語宣	Kán-Gí-suan
簡述	kán-su̍t
簡體字	kán-thé-jī
簷龍	tsînn-lîng
簸箕	puà-ki
簸箕甲	puà-ki-kah
簸箕魚	puà-ki-hî
簽到	tshiam-tò
簽名	tshiam-miâ
簽呈	tshiam-thîng
簽字	tshiam-jī
簽定	tshiam-tīng
簽收	tshiam-siu
簽條	tshiam-tiâu
簽發	tshiam-huat
簽礪	tshiam-lè
簽約	tshiam-iok
簽署	tshiam-sú
簽訂	tshiam-tìng
簽證	tshiam-tsìng
簽麵	tshiam-mī
簾仔	nî-á
簾簷	nî-tsînn
簾簷槽	nî-tsînn-tsô
簾簷水	nî-tsînn-tsuí
簾簷溝	nî-tsînn-kau
簾簷瓦	nî-tsînn-hiā
簾簷筧	nî-tsînn-kíng
簾簷腳	nî-tsînn-kha
簿仔	phōo-á
簿仔摺	phōo-á-tsih
簿記	phōo-kì
籃仔	nâ-á
籃仔桲	nâ-á-pu̍t
籃仔檠	nâ-á-kiânn
籃協	Nâ-hia̍p
籃壇	nâ-tuânn
籃委會	nâ-uí-huē
籃層	nâ-tsân
籃板球	nâ-pán-kiû
籃球	nâ-kiû
籃球場	nâ-kiû-tiûnn
籃球賽	nâ-kiû-sài
籃球隊	nâ-kiû-tuī
籃賽	nâ-sài
籃運	nâ-ūn
籃隊	nâ-tuī
籌備	tiû-pī
籌備中	tiû-pī-tiong
籌備委員	tiû-pī-uí-uân
籌備小組	tiû-pī-sió-tsoo
籌備處	tiû-pī-tshù
籌劃	tiû-hi̍k
籌募	tiû-bōo
籌建	tiû-kiàn
籌款	tiû-khuán
籌畫	tiû-uē
籌碼	tiû-bé
籌組	tiû-tsóo
籌設	tiû-siat
籌謀	tiû-bôo
籌辦	tiû-pān
籌里	tiû-lí
籌集	tiû-tsi̍p
籍貫	tsik-kuàn
籐條	tîn-tiâu
籐椅	tîn-í
籐牛	tîn-gû
籐籃	tîn-nâ
籗仔	khok-á
籠仔	láng-á
籠仔擔	láng-á-tànn
籠仔間	lông-á-king
籠床	lâng-sn̂g
籠床包仔	lâng-sn̂g-pau-á
籠底戲	láng-té-hì
籠底貨	láng-té-huè
籠球	láng-kiû
籠甫	láng-poo
籠罩	láng-tà
籠衫	lom-sann
籠面貨	láng-bīn-huè
籤仔	tshiam-á
籤王	tshiam-ông
籤筒	tshiam-tâng
籤詩	tshiam-si
籬仔	lî-á
籬笆	lî-pa
籮坩會	lô-khann-huē
籮硿會	lô-khann-huē
籲請	io̍k-tshíng
米仔酒	bí-á-tsiú
米倉	bí-tshng
米價	bí-kè
米其林	Bí-kî-lîm
米升	bí-tsin
米啄	bí-tak
米國	bí-kok
米國仙丹	Bí-kok-sian-tan
米圓	bí-înn
米奶	bí-ling
米本	bí-pún
米果	bí-kó
米栱	bí-kóng
米母	bí-bó
米潘	bí-phun
米甘草	bí-kam-tshó
米碎蘭	bí-tshuì-lân
米管瓜	bí-kńg-kue
米篩目	bí-thai-ba̍k
米篩竹	bí-thai-tik
米篩面	bí-thai-bīn
米籃草	bí-nâ-tsháu
米籮	bí-luâ
米粉	bí-hún
米粉羹	bí-hún-kenn
米粒	bí-lia̍p
米粟	bí-tshik
米糕	bí-ko
米糕瘍	bí-ko-siûnn
米糕糜	bí-ko-muâi
米糧	bí-niû
米絞	bí-ká
米芳	bí-phang
米蘭	Bí-lân
米蟲	bí-thâng
米血	bí-hueh
米袋	bí-tē
米西干	Bí-se-kan
米豆	bí-tāu
米酒	bí-tsiú
米醬	bí-tsiùnn
米雞仔	bí-ke-á
米雪	bí-seh
米食	bí-tsia̍h
米鳥鼠	Bí-niáu-tshí
米鼠	Bí-tshí
米龜	bí-ku
米𥺆	bí-tshàng
粉光參	hún-kong-sim
粉刷	hún-suat
粉味	hún-bī
粉味友的	hún-bī-iú-ê
粉味王	Hún-bī-ông
粉圓仔	Hún-înn-á
粉圓奶茶	hún-înn-ling-tê
粉圓牛奶茶	hún-înn-gû-ling-tê
粉圓茶奶	hún-înn-tê-ling
粉底	hún-té
粉拭仔	hún-tshit-á
粉末	hún-bua̍h
粉條	hún-tiâu
粉漿	hún-tsiunn
粉漿尪仔	hún-tsiunn-ang-á
粉狀	hún-tsōng
粉盒	hún-a̍p
粉碎	hún-tshuì
粉筆	hún-pit
粉粉	hún-hún
粉粿	hún-ké
粉紅	hún-âng
粉紅色	hún-âng-sik
粉絲	hún-si
粉腸	hún-tshiâng
粉腸夢	Hún-tshiâng-bāng
粉蕘	hún-giô
粉蛆	hún-tshu
粉蛤	hún-kap
粉蟯	hún-giô
粉蟳	hún-tsîm
粉鏡盒	hún-kiànn-a̍p
粉間	hún-king
粉雞胿	Hún-ke-kui
粉飾	hún-sik
粉鳥	hún-tsiáu
粉鳥廚	hún-tsiáu-tû
粉鳥櫥	hún-tsiáu-tû
粉鳥王	Hún-tsiáu-ông
粉鳥舅	hún-tsiáu-kū
粉鳥鷹	hún-tsiáu-ing
粒仔	lia̍p-á
粒仔嘴	lia̍p-á-tshuì
粒仔庀	lia̍p-á-phí
粒仔疕	lia̍p-á-phí
粒仔疤	lia̍p-á-pa
粒仔症	lia̍p-á-tsìng
粒仔痕	lia̍p-á-hûn
粒仔膿	lia̍p-á-lâng
粒仔血	lia̍p-á-hueh
粒仔跡	lia̍p-á-jiah
粒子	lia̍p-tsí
粒子加速器	lia̍p-tsú-ka-sok-khì
粒捷	lia̍p-tsia̍p
粒狀	lia̍p-tsōng
粒積	lia̍p-tsik
粒結仔	lia̍p-kiat-á
粒飯	lia̍p-pn̄g
粗人	tshoo-lâng
粗作	tshoo-tsoh
粗俗	tshoo-sio̍k
粗俗物	tshoo-sio̍k-mi̍h
粗俗貨	tshoo-sio̍k-huè
粗做人	tshoo-tsò-lâng
粗健	tshoo-kiānn
粗傢俬	tshoo-ke-si
粗劣	tshoo-lua̍t
粗勇	tshoo-ióng
粗喙	tshoo-tshuì
粗嘴	tshoo-tshuì
粗坯	tshoo-phe
粗夫	tshoo-hu
粗夫俗子	tshoo-hu-sio̍k-tsú
粗孝	tshoo-hà
粗工	tshoo-kang
粗布衫	tshoo-pòo-sann
粗平直	tshoo-pênn-ti̍t
粗幼	tshoo-iù
粗心	tshoo-sim
粗暴	tshoo-pō
粗桶	tshoo-tháng
粗殘	tshoo-tshân
粗澀	tshoo-siap
粗煏煏	tshoo-piak-piak
粗牙	tshoo-gâ
粗瓷	tshoo-huî
粗皮擇	tshoo-phuê-ti̍k
粗皮柳	tshoo-phuê-liú
粗穡	tshoo-sit
粗空課	tshoo-khang-khuè
粗穿	tshoo-tshīng
粗笨	tshoo-pūn
粗米飯	tshoo-bí-pn̄g
粗糊	tshoo-hôo
粗糠	tshoo-khng
粗糠仔	tshoo-khng-á
粗糠柴	tshoo-khng-tshâ
粗糠殼	tshoo-khng-khak
粗糠獺	tshoo-khng-thuah
粗糠耳	tshoo-khng-hīnn
粗糠花	tshoo-khng-hue
粗紙	tshoo-tsuá
粗紙枋	tshoo-tsuá-pang
粗索	tshoo-soh
粗細	tshoo-sè
粗絲	tshoo-si
粗耙耙	tshoo-pê-pê
粗胚	tshoo-phue
粗腳	tshoo-kha
粗花	tshoo-hue
粗菜	tshoo-tshài
粗貨	tshoo-huè
粗跤重蹄	tshoo-kha-tāng-tê
粗重	tshoo-tāng
粗長	tshoo-tshiâng
粗飽	tshoo-pá
粗骨	tshoo-kut
粗魯	tshoo-lóo
粗鱗	tshoo-lân
粗鹽	tshoo-iâm
粘倚	liâm-uá
粘布	liâm-pòo
粘水	liâm-tsuí
粘液	liâm-i̍k
粘粘	liâm-liâm
粟仔	tshik-á
粟倉	tshik-tshng
粟埕	tshik-tiânn
粟殼	tshik-khak
粟糠	tshik-khng
粟芒	tshik-hiūnn
粟青	tshik-tshenn
粟鳥仔	tshik-tsiáu-á
粵語	Ua̍t-gí
精光	tsing-kong
精兵	tsing-ping
精力	tsing-li̍k
精子	tsing-tsú
精密	tsing-bi̍t
精密度	tsing-bi̍t-tōo
精工	tsing-kang
精差	tsing-tsha
精彩	tsing-tshái
精心	tsing-sim
精打細算	tsing-tánn-sè-sǹg
精於	tsing-î
精明	tsing-bîng
精水	tsing-tsuí
精準	tsing-tsún
精濟	tsing-tsè
精煉	tsing-liān
精牲	tsing-senn
精疲力盡	tsing-phî-li̍k-tsīn
精益求精	tsing-ik-kiû-tsing
精研	tsing-gián
精確	tsing-khak
精神	tsing-sîn
精神病院	tsing-sîn-pēnn-īnn
精神科	tsing-sîn-kho
精算師	tsing-suàn-su
精簡	tsing-kán
精粹	tsing-tshuì
精純	tsing-sûn
精緊	tsing-kín
精美	tsing-bí
精肉	tsiann-bah
精良	tsing-liâng
精英	tsing-ing
精華	tsing-huâ
精華區	tsing-huâ-khu
精裝	tsing-tsong
精製	tsing-tsè
精誠	tsing-sîng
精通	tsing-thong
精進	tsing-tsìn
精選	tsing-suán
精醒	tsing-tshénn
精金	tsing-kim
精銳	tsing-juē
精闢	tsing-pi̍t
精霸霸	tsing-pà-pà
精靈	tsing-lîng
精靈狗	Tsing-lîng-káu
精髓	tsing-tshué
粿床	kué-sn̂g
粿條仔	kué-tiâu-á
粿葉	ké-hio̍h
粿葉仔	kué-hio̍h-á
粿葉樹	kué-hio̍h-tshiū
粿袋仔	kué-tē-á
粿錢	ké-tsînn
粿餡	ke-ānn
糊仔	kôo-á
糊仔銃	kôo-á-tshìng
糊勁	kôo-kīng
糊塗	hôo-tôo
糊抹	kôo-buah
糊樗	kôo-ôo
糊流嘌	hôo-liù-phiù
糊混	hôo-hūn
糊磕	kôo-kha̍p
糊糊	kôo-kôo
糊藥	kôo-io̍h
糊藥仔	kôo-io̍h-á
糋圈仔	tsìnn-khian-á
糋塊	tsìnn-tè
糋料	tsìnn-liāu
糋棗	tsìnn-tsó
糋油	tsìnn-iû
糋甜麭	tsìnn-tinn-pháng
糋羨	tsìnn-suān
糋蝦仔	tsìnn-hê-á
糋豬排	tsìnn-ti-pâi
糋路	tsìnn-lōo
糋選	tsìnn-suán
糋麭粉	tsìnn-pháng-hún
糕仔	ko-á
糕仔棧	ko-á-tshián
糕仔餅	ko-á-piánn
糕粿	ko-kué
糕餅	ko-piánn
糖仔	thn̂g-á
糖仔扦	thn̂g-á-tshiám
糖仔攕	thn̂g-á-tshiám
糖仔燈	thn̂g-á-ting
糖仔角	thn̂g-á-kak
糖仔起黏	thn̂g-á-khí-liâm
糖仔餅	thn̂g-á-piánn
糖含丸仔	thn̂g-kâm-uân-á
糖含仔	thn̂g-kâm-á
糖尪仔	thn̂g-ang-á
糖尿病	thn̂g-jiō-pēnn
糖廠	thn̂g-tshiúnn
糖心	thn̂g-sim
糖枋	thn̂g-pang
糖果	thn̂g-kó
糖業	thn̂g-gia̍p
糖水	thn̂g-tsuí
糖清	thn̂g-tshing
糖漏	thn̂g-lāu
糖漿	thn̂g-tsiunn
糖烏	thn̂g-oo
糖猴	thn̂g-kâu
糖甘	thn̂g-kam
糖甘甜	thn̂g-kam-tinn
糖精	thn̂g-tsing
糖膏	thn̂g-ko
糖花仔	thn̂g-hue-á
糖蔥	thn̂g-tshang
糖蜜	thn̂g-bi̍t
糖車	thn̂g-tshia
糖醋	thn̂g-tshòo
糖霜	thn̂g-sng
糖霜丸	thn̂g-sng-uân
糗土	khiū-thôo
糗性	khiū-sìng
糙米	tshò-bí
糙米飯	tshò-bí-pn̄g
糜糜卯卯	mi-mi-mauh-mauh
糜飯	muâi-pn̄g
糝念	sám-liām
糝想	sám-siūnn
糝粉	sám-hún
糝糖	sám-thn̂g
糞口	pùn-kháu
糞口筋	pùn-kháu-kin
糞口蟲	pùn-kháu-thâng
糞土	pùn-thôo
糞坑	pùn-khenn
糞埽	pùn-sò
糞埽場	pùn-sò-tiûnn
糞埽桶	pùn-sò-tháng
糞埽箱	pùn-sò-siunn
糞埽話	pùn-sò-uē
糞埽車	pùn-sò-tshia
糞埽魚	pùn-sò-hî
糞斗	pùn-táu
糞窟	pùn-khut
糞箕	pùn-ki
糞籃	pùn-nâ
糞門	pùn-mn̂g
糟心糟肝	tso-sim-tso-kuann
糟悶	tso-būn
糟料	tso-liāu
糟煩	tsau-huân
糟粕	tsau-phoh
糟糕	tsau-ko
糟耳	tso-hī
糠榔	khong-lông
糠疹	khng-tsín
糠瘡	khng-tshng
糧倉	niû-tshng
糧草	niû-tsháu
糧食	niû-si̍t
糧食局	Niû-si̍t-kio̍k
糴手	tia̍h-tshiú
糴米	tia̍h-bí
糴粟	tia̍h-tshik
糴粟仔	tia̍h-tshik-á
糴麥仔	tia̍h-be̍h-á
糶出糴入	thiò-tshut-tia̍h-ji̍p
糶手	thiò-tshiú
糶米	thiò-bí
糶粟	thiò-tshik
糶粟仔	thiò-tshik-á
系主任	hē-tsú-jīm
系列	hē-lia̍t
系統	hē-thóng
系統化	hē-thóng-huà
系裡	hē-lí
系辦	hē-pān
系項	hē-hāng
糾圖	kiù-tôo
糾察	kiù-tshat
糾察隊	kiù-tshat-tuī
糾帶	kiù-tuà
糾心	kiù-sim
糾正	kiú-tsìng
糾眾	kiù-tsiòng
糾紙	kiù-tsuá
糾紛	kiù-hun
糾結	kiù-kat
糾絞痛	kiù-ká-thiànn
糾葛	kiù-kat
紀元	kí-guân
紀律	kì-lu̍t
紀念	kì-liām
紀念冊	kì-liām-tsheh
紀念品	kì-liām-phín
紀念堂	kì-liām-tn̂g
紀念性	kì-liām-sìng
紀念日	kì-liām-ji̍t
紀念碑	kì-liām-pi
紀念館	kì-liām-kuán
紀綱	khí-kang
紀要	khí-iàu
紀錄片	kì-lo̍k-phìnn
紂王	tiū-ông
約其略	iok-kî-lia̍k
約其量	iok-kî-liāng
約字	iok-jī
約定	iok-tīng
約定俗成	iok-tīng-sio̍k-sîng
約數	iok-sòo
約旦	Ioh-tuànn
約旦河	Iok-tàn-hô
約書亞	Iok-su-a
約會	iok-huē
約束	iok-sok
約略	iok-lia̍k
約約	iok-iok
約翰	Ioh-hān
約號頭	iok-hō-thâu
約見	iok-kiàn
約談	iok-tâm
約量	iok-liāng
紅丁仔	âng-ting-á
紅三七	âng-sam-tshit
紅丟丟	âng-tiu-tiu
紅丹	hông-tan
紅九層	âng-káu-tsan
紅人	âng-lâng
紅仁	âng-jîn
紅仁土	âng-jîn-thôo
紅仁塗	âng-jîn-thôo
紅佛桑	âng-hu̍t-song
紅光赤刺	âng-kong-tshiah-tshí
紅八角	âng-peh-kak
紅冇冇	âng-phànn-phànn
紅利	âng-lī
紅刺蔥	âng-tshì-tshang
紅包	âng-pau
紅包樹	âng-pau-tshiū
紅十字	âng-si̍p-jī
紅十字會	Âng-si̍p-jī-huē
紅卵	âng-nn̄g
紅卵肥	Âng-nn̄g-puî
紅厚殼	âng-kāu-khak
紅口藤	âng-kháu-tîn
紅合花	âng-ha̍p-hue
紅吱吱	âng-ki-ki
紅喙烏鶖	âng-tshuì-oo-tshiu
紅喙筆仔	âng-tshuì-pit-á
紅喙鶖仔	âng-tshuì-tshiu-á
紅嚴公	âng-giâm-kong
紅四轎	âng-sì-kiō
紅圓仔	âng-înn-á
紅土	âng-thôo
紅土朱	âng-thôo-tsu
紅土龍	âng-thôo-lîng
紅塗龍	âng-thôo-liông
紅塵	hông-tîn
紅天赤日頭	âng-thinn-tshiah-ji̍t-thâu
紅奶仔草	âng-ling-á-tsháu
紅妝	hông-tsng
紅妝二八年	âng-tsng-jī-pat-liân
紅姑魚	âng-koo-hî
紅娘	âng-niû
紅娘仔	âng-niû-á
紅嬰	âng-enn
紅嬰仔	âng-enn-á
紅子仁	âng-tsú-jîn
紅字	âng-jī
紅孩兒	hông-hâi-jî
紅學	âng-ha̍k
紅寶海星	Âng-pó-hái-tshenn
紅寶石	âng-pó-tsio̍h
紅寶貓	Âng-pó-niau
紅尾	âng-bué
紅尾仔草	âng-bué-á-tsháu
紅巡	âng-sûn
紅帽仔	âng-bō-á
紅幻	âng-huánn
紅彩卵	Âng-tshái-nn̄g
紅心	âng-sim
紅心仔	âng-sim-á
紅心柏	âng-sim-peh
紅斑	âng-pan
紅旗	âng-kî
紅星	âng-tshenn
紅木	âng-bo̍k
紅朱朱	âng-tsu-tsu
紅杉	âng-sam
紅杏出牆	âng-hīng-tshut-tshiûnn
紅杜蓖	âng-tōo-pi
紅杜鵑	âng-tōo-kuan
紅松	âng-tshîng
紅松柏	âng-tshîng-peh
紅柑	âng-kam
紅柴	âng-tshâ
紅柿	âng-khī
紅校欑	âng-káu-tsan
紅桃	âng-thô
紅棉	âng-mî
紅棗	âng-tsó
紅椒	âng-tsio
紅椿樹	âng-tshun-tshiū
紅楊	âng-iûnn
紅楠	âng-lâm
紅樓夢	Âng-lâu-bāng
紅樹梅	âng-tshiū-m̂
紅檀	âng-tuânn
紅檜	âng-kuè
紅毛	âng-mn̂g
紅毛人	Âng-mn̂g-lâng
紅毛土	âng-mn̂g-thôo
紅毛灰	âng-mn̂g-hue
紅毛猩猩	âng-môo-sing-sing
紅毛碼	âng-mn̂g-bé
紅毛草	âng-moo-tsháu
紅毛莧	âng-mn̂g-hīng
紅水茄	âng-tsuí-kiô
紅沙魚	âng-sua-hî
紅泡泡	âng-phà-phà
紅海	Âng-hái
紅海菜	âng-hái-tshài
紅海鯽	âng-hái-tsit
紅淡	âng-tām
紅淡比	âng-tām-pí
紅烏帖	âng-oo-thiap
紅熇	âng-ho
紅熇熇	âng-ho-ho
紅熱病	âng-jia̍t-pēnn
紅燈	âng-ting
紅燈區	âng-ting-khu
紅燈青燈	âng-ting-tshenn-ting
紅燒	âng-sio
紅片	âng-phiàn
紅牙	âng-gê
紅牛尾	âng-gû-bué
紅狗母	âng-káu-bó
紅猛仔	âng-mé-á
紅珠仔	âng-tsu-á
紅珠木	âng-tsu-bo̍k
紅珠螺	âng-tsu-lê
紅瓜魚	âng-kue-hî
紅瓦厝	âng-hiā-tshù
紅甘	âng-kam
紅甘蔗	âng-kam-tsià
紅田烏	âng-tshân-oo
紅甲箬	âng-kah-ha̍h
紅痣	âng-kì
紅皮柯	âng-phuê-kho
紅皮燒	âng-phuê-sio
紅皮菜	âng-phuê-tshài
紅盤	âng-puânn
紅目	âng-ba̍k
紅目墘	âng-ba̍k-kînn
紅目猴	âng-ba̍k-kâu
紅目睚	âng-ba̍k-kâinn
紅目石獅	âng-ba̍k-tsio̍h-sai
紅目管	âng-ba̍k-kóng
紅目蝶	Âng-ba̍k-ia̍h
紅目鰱	âng-ba̍k-liân
紅目鳥	âng-ba̍k-tsiáu
紅眠床	âng-bîn-tshn̂g
紅石	âng-tsio̍h
紅石中繼器	âng-tsio̍h-tiong-kè-khì
紅石仔	âng-tsio̍h-á
紅石比較器	âng-tsio̍h-pí-kàu-khì
紅石花	âng-tsio̍h-hue
紅磚仔	âng-tsng-á
紅磚仔路	âng-tsng-á-lōo
紅磡	Âng-khàm
紅磡灣	Âng-khàm-uan
紅礫仔	âng-li̍k-á
紅礬	âng-huân
紅秋姑	âng-tshiu-koo
紅竹	âng-tik
紅竹節	âng-tik-tsat
紅竹蛇	âng-tik-tsuâ
紅筆	âng-pit
紅筋	âng-kin
紅糖	âng-thn̂g
紅糟	âng-tsau
紅糟鼻	âng-tsau-phīnn
紅紫薇	âng-tsí-bî
紅紫蘇	âng-tsí-soo
紅絲疔	âng-si-ting
紅絲瘡	âng-si-tshng
紅絲線	âng-si-suànn
紅絳絳	âng-kòng-kòng
紅綠燈	âng-li̍k-ting
紅線草	âng-suànn-tsháu
紅繡球	âng-siù-kiû
紅肉	âng-bah
紅肉仔	âng-bah-á
紅肉榕	âng-bah-tshîng
紅肉雙髻	âng-bah-siang-kuè
紅胸鳥	âng-hing-tsiáu
紅腳	âng-kioh
紅腳仔	âng-kha-á
紅腳鳥	âng-kha-tsiáu
紅腳鷸	âng-kha-u̍t
紅腿仔	âng-thuí-á
紅色	âng-sik
紅艷	âng-iām
紅艷青翠	âng-iām-tshenn-tshuì
紅花柿	âng-hue-khī
紅花水粉	âng-hue-tsuí-hún
紅花米	âng-hue-bí
紅花魚	âng-hue-hî
紅花點	âng-hue-tiám
紅茄	âng-kiô
紅茄朾	âng-ka-tiann
紅茄苳	âng-ka-tang
紅茶	âng-tê
紅茶牛奶	âng-tê-gû-ling
紅菇蟳	Âng-koo-tsîm
紅菜	âng-tshài
紅菜頭	âng-tshài-thâu
紅葉	âng-hio̍h
紅葛	âng-kuah
紅蒂蛇	âng-tì-tsuâ
紅蓖麻	âng-pi-muâ
紅蓼	âng-lio̍k
紅蕉	âng-tsio
紅薰	âng-hun
紅藜	âng-lê
紅藥水	âng-io̍h-tsuí
紅蘿蔔	âng-lâ-pa̍k
紅蚼蟻	âng-káu-hiā
紅蛆	âng-tshi
紅蝦花	âng-hê-hue
紅螺	âng-lê
紅蟲	âng-thâng
紅蟳	âng-tsîm
紅蟻	âng-hiā
紅血球	âng-hueh-kiû
紅角刺	âng-kak-tshì
紅記記	âng-kì-kì
紅豆	âng-tāu
紅豆仔麭	Âng-tāu-á-pháng
紅豆嶼	Âng-tāu-sū
紅豆杉	âng-tāu-sam
紅豆餅	âng-tāu-piánn
紅豬母	âng-ti-bó
紅貓	âng-niau
紅貢貢	âng-kòng-kòng
紅赤	âng-tshiah
紅赤仁土	âng-tshiah-lîn-thôo
紅赤尾	âng-tshiah-bué
紅赤赤	âng-tshiah-tshiah
紅軍	âng-kun
紅轎	âng-kiō
紅酒	âng-tsiú
紅銀朱	âng-gîn-tsu
紅銀朱筆	âng-gîn-tsu-pit
紅銅	âng-tâng
紅閣丹	âng-kok-tan
紅雞	âng-ke
紅雞仔	âng-ke-á
紅雞公	âng-ke-kang
紅雞榆	âng-ke-jiû
紅雞油	âng-ke-iû
紅雲	âng-hûn
紅霓	âng-gê
紅霞	âng-hâ
紅面	âng-bīn
紅面番	âng-bīn-huan
紅面番鴨	Âng-bīn-huan-ah
紅面馬	âng-bīn-bé
紅頭	âng-thâu
紅頭仔	âng-thâu-á
紅頭嶼	âng-thâu-sū
紅頭猛鳥	Âng-thâu-bíng-tsiáu
紅顏	hông-gân
紅馬頭	âng-bé-thâu
紅骨蚶殼草	âng-kut-ham-khak-tsháu
紅骨蛇	âng-kut-tsuâ
紅骨頂	âng-kut-tíng
紅高麗菜	âng-ko-lê-tshài
紅魚	âng-hî
紅魟	âng-hang
紅魬	âng-puánn
紅鮭魚	âng-kuê-hî
紅鯊	âng-sua
紅鯮	âng-tsang
紅鰱魚	âng-liân-hî
紅鰽	âng-tsô
紅鰽魚	âng-tsô-hî
紅鱟	âng-hāu
紅鳥仔	âng-tsiáu-á
紅鳳菜	âng-hōng-tshài
紅鴗	âng-li̍p
紅鶯	âng-ing
紅鶴	âng-ho̍h
紅鷹	âng-ing
紅麴	âng-kiok
紅鼻	âng-phīnn
紅鼻頭	âng-phīnn-thâu
紅龜	âng-ku
紅龜粿	âng-ku-ké
紋斑	bûn-pan
紋銀	bûn-gîn
納入	la̍p-ji̍p
納厝稅	la̍p-tshù-suè
納地租	la̍p-tē-tsoo
納會仔	la̍p-huē-a
納涼	nah-liâng
納租	la̍p-tsoo
納稅	la̍p-suè
納粹	la̍p-tshuì
納糧	la̍p-niû
納豆	la̍p-tāu
納采	la̍p-tshái
納錢	la̍p-tsînn
納骨堂	la̍p-kut-tông
紐仔	liú-á
紐仔仁	liú-á-lîn
紐仔眼	liú-á-gíng
紐約	Niú-iok
紐約市	Niú-iok-tshī
紐約時報	Niú-iok-sî-pò
紐紐仔	liú-liú-á
紐絚	liú-ân
紐芝蘭	Liú-tsi-lân
紐衫	liú-sann
紐西蘭	Liú-se-lân
純化	sûn-huà
純度	sûn-tōo
純樸	sûn-phok
純正	sûn-tsìng
純淨	sûn-tsīng
純潔	sûn-kiat
純然	sûn-jiân
純然的	sûn-jiân-ê
純熟	sûn-si̍k
純益	sûn-ik
純益率	sûn-ik-lu̍t
純真	sûn-tsin
純種	sûn-tsíng
純粹	sûn-tshuì
純純	sûn-sûn
純良	sûn-liâng
純金	sûn-kim
純銀	sûn-gîn
紗仔只	se-á-tsí
紗仔布	sa-á-pòo
紗仔衫	se-á-sann
紗布	sa-pòo
紗廠	se-tshiúnn
紗窗	sa-thang
紗線	se-suànn
紗罩	se-tà
紗衫	se-sann
紗錠	se-tiànn
紗門	sua-mn̂g
紙上談兵	tsuá-siāng-tâm-ping
紙儀	tsuá-gî
紙坯	tsuá-phue
紙墨筆硯	tsuá-ba̍k-pit-hīnn
紙夾仔	tsuá-kiap-á
紙字	tsuá-lī
紙字仔	tsuá-lī-á
紙尪仔	tsuá-ang-á
紙尻川	tsuá-kha-tshng
紙屑	tsuá-sap
紙屑仔	tsuá-sap-á
紙幣	tsuá-pè
紙幼	tsuá-iù
紙引	tsuá-ín
紙張	tsuá-tiunn
紙影仔	tsuá-iánn-á
紙影戲	tsuá-iánn-hì
紙撚	tsuá-lián
紙撚燈	tsuá-lián-ting
紙敬	tsuá-kìng
紙杯仔	tsuá-pue-á
紙枋	tsuá-pang
紙栓	tsuá-sng
紙條	tsuá-tiâu
紙條仔	tsuá-tiâu-á
紙業	tsuá-gia̍p
紙橐	tsuá-lok
紙泊	tsuá-po̍h
紙漿	tsuá-tsiunn
紙漿廠	tsuá-tsiunn-tshiúnn
紙熏	tsuá-hun
紙牌	tsuá-pâi
紙牌仔	tsuá-pâi-á
紙盒	tsuá-a̍p
紙矺	tsuá-teh
紙硩	tsuá-teh
紙碎	tsuá-tshuì
紙票	tsuá-phiò
紙票變厚	tsuá-phiò-piàn-kāu
紙票變薄	tsuá-phiò-piàn-po̍h
紙筆	tsuá-pit
紙筋	tsuá-kin
紙箔	tsuá-po̍h
紙箱仔	tsuá-siunn-á
紙篋仔	tsuá-khueh-á
紙糊個	tsuá-kôo-ê
紙背	tsuá-puē
紙胚	tsuá-phe
紙虎	tsuá-hóo
紙衫	tsuá-sann
紙袋仔	tsuá-tē-á
紙身	tsuá-sin
紙錢	tsuá-tsînn
紙魚	tsuá-hî
級仔	khat-á
級數	kip-sòo
級聲	kip-siann
紛擾	hun-jiáu
紛歧	hun-kî
紛爭	hun-tsing
紛紛	hun-hun
素妝	sòo-tsng
素娥	sòo-ngôo
素常	sòo-siông
素常時	sòo-siông-sî
素心蘭	sòo-sim-lân
素描	sòo-biâu
素有	sòo-iú
素材	sòo-tsâi
素素	sòo-sòo
素素也	sòo-sòo-ā
素色	sòo-sik
素菜	sòo-tshài
素行	sòo-hîng
素衣	sòo-i
素讚的	sòo-tsán-ê
素質	sòo-tsit
素還真	Sòo-Huân-tsin
素雅	sòo-ngá
素願	sòo-guān
素食	sòo-si̍t
素食者	sòo-si̍t-tsiá
素養	sòo-iáng
素香	sòo-hiunn
素馨	sòo-ing
素麵	sòo-mī
紡火犁	pháng-hué-lê
紡紗	pháng-se
紡織	pháng-tsit
紡織品	pháng-tsit-phín
紡織廠	pháng-tsit-tshiúnn
紡織業	pháng-tsit-gia̍p
紡織機	pháng-tsit-ki
紡車	pháng-tshia
紡車索	pháng-tshia-soh
紡車輪	pháng-tshia-lûn
索仔	soh-á
索仔條	só-á-tiâu
索仔梯	só-á-thui
索仔股	só-á-kóo
索仔雲	soh-á-hûn
索價	soh-kè
索取	sok-tshú
索引	sik-ín
索捻	soh-liām
索梯	soh-thui
索色	sòo-sik
紩倚	thīnn-uá
紩衫	thīnn-sann
紫地瓜	tsí-tē-kue
紫外線	tsí-guā-suànn
紫微星	tsí-bî-tshenn
紫杉	tsí-sam
紫檀	tsí-tuânn
紫毛土	Tsí-môo-thóo
紫烏頭	tsí-oo-thâu
紫痧	tsí-sua
紫竹	tsí-tik
紫米	tsí-bí
紫綬帶	tsí-siū-tuà
紫羅蘭	tsí-lô-lân
紫色	tsí-sik
紫草膏	tsí-tsháu-ko
紫荊	tsí-king
紫菜	tsí-tshài
紫薇	tsí-bî
紫藤	tsí-tîn
紫蘇	tsí-soo
紫貝	tsí-puè
紫錦草	tsí-gím-tsháu
紫陽花	tsí-iông-hue
紫雲	tsí-hûn
紮根	tsat-kin
紮走	tsah-tsáu
紮身入電盒	tsah-sin-ji̍p-tiān-a̍p
累墜	luī-tuī
累犯	luí-huān
累碎	luí-tshuì
累碎工	luí-tshuì-kang
累積	luí-tsik
累累碎碎	luí-luí-tshuì-tshuì
累計	luí-kè
累進	luí-tsìn
細仔	sè-á
細仔漢	sue-á-hàn
細仔藝	sè-á-gē
細伐	sè-hua̍h
細位	sè-uī
細作	sè-tsoh
細分	sè-hun
細則	sè-tsik
細力	sè-la̍t
細力仔	sè-la̍t-á
細叔	sè-tsik
細叢	sè-tsâng
細口灶	sè-kháu-tsàu
細囝	sè-kiánn
細圓界	sè-înn-kài
細塊曲	sè-tè-khik
細妗仔	sè-kīm-á
細姑	sè-koo
細姨	sè-î
細姨兜	sè-î-tau
細嬸	sè-tsím
細嬸仔	sè-tsím-á
細字	sè-jī
細干樂	sè-kan-lo̍k
細幼幼	sè-iù-iù
細床包	sè-sn̂g-pau
細微	sè-bî
細政府	sè-tsìng-hú
細政府主義	sè-tsìng-hú-tsú-gī
細數	sè-siàu
細月	sè-gue̍h
細木	sè-ba̍k
細本	sè-pún
細本奶仔草	sè-pún-ling-á-tsháu
細本牛奶旁	sè-pún-gû-ling-pông
細本珠仔草	sè-pún-tsu-á-tsháu
細本生理	sè-pún-sing-lí
細板	sè-pán
細格	sè-keh
細格種	sè-keh-tsíng
細條路	sè-tiâu-lōo
細樣	sè-iūnn
細步	sè-pōo
細步走	sè-pōo-tsáu
細漢	sè-hàn
細漢个時	sè-hàn-ê-sî
細漢人	sè-hàn-lâng
細漢囝	sè-hàn-kiánn
細漢囡仔	sè-hàn-gín-á
細漢時	sè-hàn-sî
細漢的	suè-hàn-ê
細班	sè-pan
細病	sè-pēnn
細百	sè-pah
細目	sè-ba̍k
細碗公	sè-uánn-kong
細穹頂	Sè-khiong-tíng
細空喙	sè-khang-tshuì
細箍把	sè-khoo-pé
細節	sè-tsat
細粒仔	sè-lia̍p-á
細粒子	sè-lia̍p-tsí
細粒山	sè-lia̍p-suann
細粒電火球仔	suè-lia̍p-tiān-hué-kiû-á
細粒頭	sè-lia̍p-thâu
細細念	sè-sè-liām
細罐	sè-kuàn
細聲	sè-siann
細聲話	sè-siann-uē
細股	sè-kóo
細胚	sè-phe
細胞	sè-pau
細腰	sè-io
細腳個	sè-kha-ê
細膩	sè-jī
細菌	sè-khún
細葉楠	sè-hio̍h-lâm
細號	sè-hō
細跤个	sè-kha-ê
細軟	sè-nuí
細輩	sè-puè
細辛	sè-sin
細部	sè-pōo
細部圖	sè-pōo-tôo
細間厝	sè-king-tshù
細陣雨	sè-tsūn-hōo
細隻	sè-tsiah
細隻船	sè-tsiah-tsûn
細雨	sè-hōo
細食	sè-tsia̍h
細齣仔	sè-tshut-á
紲倩	suà-tshiànn
紲力走標	suà-la̍t-tsáu-pio
紲勢	suà-sì
紲嘴	suà-tshuì
紲嘴尾	suà-tshuì-bué
紲手	suà-tshiú
紲拍	suà-phah
紲接	suà-tsiap
紲摠	suà-tsáng
紲氣	suà-khuì
紲落	suà-lo̍h
紲落來	suà-lo̍h-lâi
紲落去	suà-lo̍h-khì
紲鬃	suà-tsang
紳士	sin-sū
紹介	siāu-kài
紹興	siāu-hing
紺色高麗菜	khóng-sik-ko-lê-tshài
終仔	tsiong-á
終其尾	tsiong-kî-bué
終於	tsiong-î
終日	tsiong-ji̍t
終歸	tsiong-kui
終歸尾	tsiong-kui-bué
終界	tsiong-kài
終界使者	tsiong-kài-sú-tsiá
終究	tsiong-kiù
終端	tsiong-tuan
終端機	tsiong-tuan-ki
終結	tsiong-kiat
終結者	tsiong-kiat-tsiá
終身	tsiong-sin
終點	tsiong-tiám
絃仔	hiân-á
組件	tsoo-kiānn
組別	tsóo-pia̍t
組合	tsoo-ha̍p
組合成	tsoo-ha̍p-sîng
組員	tsóo-uân
組成	tsóo-sîng
組曲	tsoo-khik
組織	tsoo-tsit
組訓	tsoo-hùn
組長	tsóo-tiúnn
組閣	tsoo-koh
組頭	tsóo-thâu
絆水	phuānn-tsuí
絆腳石	puànn-kha-tsio̍h
絆馬索	puànn-bé-soh
結下	kiat-hā
結交	kiat-kau
結仔龜	kiat-á-ku
結伴	kiat-phuānn
結冤仇	kiat-uan-siû
結冰	kiat-ping
結匯	kiat-huē
結合	kiat-ha̍p
結嚾結黨	kiat-uang-kiat-tóng
結婚	kiat-hun
結婚手指	kiat-hun-tshiú-tsí
結定	kat-tiānn
結實	kiat-si̍t
結尾	kiat-bué
結局	kiat-kio̍k
結屎	kiat-sái
結屎臉	kiat-sái-bīn
結彩	kat-tshái
結怨	kiat-uàn
結成	kiat-sîng
結拜	kiat-pài
結數	kiat-siàu
結晶	kiat-tsenn
結束	kiat-sok
結果	kiat-kó
結核	kiat-hu̍t
結核病	kiat-hu̍t-pēnn
結業	kiat-gia̍p
結構	kiat-kòo
結歸球	kat-kui-khiû
結死價	kat-sí-kè
結為	kiat-uî
結球	kat-kiû
結疤	kiat-pa
結盟	kiat-bîng
結目頭	kat-ba̍k-thâu
結石	kiat-tsio̍h
結社	kiat-siā
結穗	kiat-suī
結算	kiat-sǹg
結籽	kiat-tsí
結紅綵	kat-âng-tshái
結紮	kiat-tsat
結締織	kiat-tè-tsit
結緣	kiat-iân
結義	kiat-gī
結花燈	kat-hue-ting
結草蟲	kiat-tsháu-thâng
結蟲子	kiat-tâng-tsí
結親	kiat-tshin
結訓	kiat-hùn
結論	kiat-lūn
結識	kiat-sik
結趼	kiat-lan
結連	kiat-liân
結針	kit-tsiam
結頭	kat-thâu
結頭菜	kiat-thâu-tshài
結髮的	kiat-huat-ê
結黨	kiat-tóng
結鼎	kiat-tiánn
結𠕇	kiat-tīng
絕不	tsua̍t-put
絕交	tsua̍t-kau
絕仔	tsua̍t-á
絕佳	tsua̍t-ka
絕六無	tse̍h-lio̍k-bû
絕口	tsua̍t-kháu
絕句	tsua̍t-kù
絕嗣	tsua̍t-sû
絕對	tsua̍t-tuì
絕後	tsua̍t-āu
絕情	tsua̍t-tsîng
絕招	tsua̍t-tsiau
絕望	tsua̍t-bāng
絕步	tsua̍t-pōo
絕氣	tsua̍t-khuì
絕無	tsua̍t-bô
絕無僅有	tsua̍t-bô-kín-iú
絕版	tsua̍t-pán
絕症	tsua̍t-tsìng
絕種	tse̍h-tsíng
絕筆	tsua̍t-pit
絕緣	tsua̍t-iân
絕跡	tsua̍t-tsik
絕路	tsua̍t-lōo
絕非	tsua̍t-hui
絕頂	tsua̍t-tíng
絕頭步	tsua̍t-thâu-pōo
絕風嶺	tsua̍t-hong-niá
絕食	tsua̍t-si̍t
絚冗線	an-līng-suànn
絚凍凍	ân-tòng-tòng
絞刀蟲	Ka-to-thâng
絞幫	ká-pang
絞汁	ká-tsiap
絞滾	ká-kún
絞疼	ká-thiànn
絞盡腦汁	ká-tsīn-náu-tsiap
絞絞滾	ká-ká-kún
絞群	ká-kûn
絞群拍	ká-kûn-phah
絞群絞黨	ká-kûn-ká-tóng
絞腸痧	ká-tn̂g-sua
絞豆仔	ká-tāu-á
絞車	ká-tshia
絞麵粉	ká-mī-hún
絡繹不絕	lo̍k-i̍k-put-tsua̍t
給付	kip-hù
給伊	kā-i
給嘴	kia̍p-tshuì
給嘴婆	kia̍p-tshuì-pô
給水	kip-tsuí
給燒	kip-sio
給燒仔	kip-sio-á
給給叫	kia̍p-kia̍p-kiò
絨布	jiông-pòo
絨帽	jiông-bō
絨繡	liông-siù
絨花樹	jiông-hue-tshiū
絨衫	jiông-sann
絨雞	jiông-ke
絪絪旋	in-in-se̍h
絪線	in-suànn
絪纏	inn-tînn
統一	thóng-it
統一發票	thóng-it-huat-phiò
統共	thóng-kiōng
統制	thóng-tsè
統制品	thóng-tsè-phín
統合	thóng-ha̍p
統媒	thóng-muî
統帥	thóng-suè
統戰	thóng-tsiàn
統治	thóng-tī
統治者	thóng-tī-tsiá
統治階級	thóng-tī-kai-kip
統率	thóng-sut
統稱	thóng-tshing
統管	thóng-kuán
統籌	thóng-tiû
統舖	thóng-phoo
統計	thóng-kè
統計學	thóng-kè-ha̍k
統轄	thóng-hat
統銷	thóng-siau
統領	thóng-líng
絲仔襪	si-á-bue̍h
絲包	si-pau
絲絨	si-jiông
絲絲	si-si
絲絲仔	si-si-á
絲綢	si-tiû
絲線吊銅	si-suànn-tiàu-tsing
絲線吊銅鐘	si-suànn-tiàu-tâng-tsing
絲線草	si-suànn-tsháu
絲襪仔	si-bue̍h-á
絲鬚	si-tshiu
絹絨仔花	kián-jiông-á-hue
綁匪	páng-huí
綁帶	páng-tuà
綁徒	páng-tôo
綁架	páng-kà
綁票	páng-phiò
綁票匪徒	páng-phiò-huí-tôo
綁腿	páng-thuí
綑做伙	khún-tsò-hué
綑縛	khún-pa̍k
經倒	kenn-tó
經典	king-tián
經商	king-siong
經委	king-uí
經學	King-ha̍k
經布	kinn-pòo
經常	king-siông
經度	king-tōo
經建	king-kiàn
經建會	King-kiàn-huē
經手	king-tshiú
經文	king-bûn
經期	king-kî
經歷	king-li̍k
經殼仔	kenn-khok-á
經濟	king-tsè
經濟學	king-tsuè-ha̍k
經濟海域	king-tsè-hái-hi̍k
經濟界	king-tsuè-kài
經濟系	king-tsè-hē
經濟部	King-tsè-pōo
經營	king-îng
經營者	king-îng-tsiá
經理	king-lí
經理人	king-lí-jîn
經由	king-iû
經痛	king-thiànn
經管	king-kuán
經紀	king-kí
經紀商	king-kí-siong
經絆	kinn-puànn
經絡	king-lo̍k
經絲	kinn-si
經經桀桀	kinn-kinn-ke̍h-ke̍h
經經翱翱	kinn-kinn-kô-kô
經網	kenn-bāng
經線	king-suànn
經緯	king-huī
經繭	kenn-kián
經翱	kinn-kô
經著	kinn-tio̍h
經話	kenn-uē
經費	king-huì
經貿	king-bōo
經辦	king-pān
經過	king-kuè
經部	king-pōo
經銷	king-siau
經銷商	king-siau-siong
經風	king-hong
經驗	king-giām
綜合	tsong-ha̍p
綜合損益	tsong-ha̍p-sún-ik
綜合格鬥	tsong-ha̍p-kik-tòo
綜藝	tsong-gē
綜觀	tsong-kuan
綠內瘴	li̍k-lāi-tsiòng
綠化	li̍k-huà
綠十字	li̍k-si̍p-jī
綠卡	li̍k-khah
綠地	li̍k-tē
綠島	Li̍k-tó
綠意	li̍k-ì
綠油精	li̍k-iû-tsing
綠洲	li̍k-tsiu
綠海龜	li̍k-hái-ku
綠片	li̍k-phìnn
綠玉樹	li̍k-gio̍k-tshiū
綠珊瑚	li̍k-san-ôo
綠皮書	li̍k-phuê-su
綠竹	li̍k-tik
綠竹筍	li̍k-tik-sún
綠竹荀	li̍k-tik-sún
綠肥	li̍k-puî
綠色	li̍k-sik
綠色欶管	li̍k-sik-suh-kóng
綠茶	li̍k-tê
綠蔥蔥	li̍k-tshang-tshang
綠豆	li̍k-tāu
綠豆沙	li̍k-tāu-sua
綠豆湯	li̍k-tāu-thng
綠豆糕	li̍k-tāu-ko
綠豆糜	li̍k-tāu-muâi
綠豆露	li̍k-tāu-lōo
綠豆餅	li̍k-tāu-piánn
綠豆鬼	li̍k-tāu-kuí
綠野	li̍k-iá
綠閃閃	li̍k-siám-siám
綠黔黔	li̍k-khâm-khâm
綢仔	tiû-á
綢仔扇	tiû-á-sìnn
綢仔衫	tiû-á-sann
綢仔褲	tiû-á-khòo
綢春	tiû-tshun
綢春花	tiû-tshun-hue
綢絹	tiû-kìn
綢緞	tiû-tuān
維也納	Uî-iā-la̍p
維他命	uî-tha-bīng
維修	î-siu
維刻	Uî-khik
維基	Uî-ki
維基百科	Uî-ki-pah-kho
維尼熊	Uî-nî-hîm
維持	î-tshî
維新	î-sin
維生素	î-sing-sòo
維繫	î-hē
維護	î-hōo
綱目	kang-bo̍k
綱要	kang-iàu
綱領	kong-líng
網仔	bāng-á
網仔瓜	bāng-á-kue
網仔衫	bāng-á-sann
網仔袋	bāng-á-tē
網仔門	bāng-á-mn̂g
網仔鬚綵	bāng-á-tshiu-tshái
網址鏈	bāng-tsí-liān
網孔	bāng-khang
網星	bāng-tshinn
網球	bāng-kiû
網球賽	bāng-kiû-sài
網白	bāng-pe̍h
網目	bāng-ba̍k
網社仔	bāng-siā-á
網紅	bāng-hông
網紗	bāng-se
網紗袋	bāng-se-tē
網紗髻	bāng-se-kè
網絡	bāng-le
網羅	bāng-lô
網脈	bāng-me̍h
網著	bang-tio̍h
網衝	bāng-tshìng
網誌	bāng-tsì
網路	bāng-lōo
網路卡	bāng-lōo-khah
網路奕物仔	bāng-lōo-ī-mih-á
網路學	bāng-lōo-o̍h
網路教學	bāng-lōo-kàu-ha̍k
網路用甲牢咧	bāng-lōo-iōng-kah-tiâu-leh
網路紅	bāng-lōo-âng
網路紅人	bāng-lōo-âng-lâng
網軍	bāng-kun
網鍊	bāng-liān
網開一面	bāng-khui-tsi̍t-bīn
網頁設計	bāng-ia̍h-siat-kè
網頂	bāng-tíng
網頂教學	bāng-tíng-kàu-ha̍k
網頂電動	bāng-tíng-tiān-tōng
網驛	bāng-ia̍h
網點	bāng-tiám
綴人喙尾	tuè-lâng-tshuì-bué
綴伊去	tuè-i-khì
綴入	tè-li̍p
綴到底	tuè-kàu-té
綴喙尾	tuè-tshuì-bué
綴嘴	tuè-tshuì
綴夥計	tuè-hué-kì
綴手	tuè-tshiú
綴拜	tuè-pài
綴摻	tuè-tsham
綴時行	tuè-sî-kiânn
綴會著	tuè-ē-tio̍h
綴查某	tuè-tsâ-bóo
綴樣	tuè-iūnn
綴母嫁	tuè-bó-kè
綴流行	tuè-liû-hîng
綴海湧上落	tuè/tè-hái-íng-tsiūnn-lo̍h
綴無逝	tuè-bô-tsuā
綴聲	tuè-siann
綴著	tuè-tio̍h
綴衰	tuè-sue
綴路	tuè-lōo
綴蹌	tuè-sōng
綴轎後	tuè-kiō-āu
綴轎後的	tèr-kiō-āu-ê
綴退	tuè-thè
綴進	tuè-tsìn
綵帛店	tshái-pe̍h-tiàm
綽號	tshiok-hō
綿仔枝	mî-á-ki
綿仔紙	mî-á-tsuá
綿布	mî-pòo
綿延	mî-iân
綿掛豉	mî-kuà-sînn
綿栗	mî-li̍k
綿櫼	mî-tsinn
綿死纏	mî-sí-tînn
綿爛	mî-nuā
綿精	mî-tsinn
綿絨	mî-jiông
綿綿	mî-mî
綿綿仔	mî-mî-á
綿綿欲	mî-mî-bueh
綿綿精精	mî-mî-tsinn-tsinn
綿綿纏	mî-mî-tînn
綿羊	mî-iûnn
綿著	mî-tio̍h
綿豉	mî-sînn
綿雨	mî-hōo
綿音	mî-im
緄仔	kún-á
緊乓乓	kín-piàng-piàng
緊來旋	kín-lâi-suan
緊促	kín-tshiok
緊去睏	kín-khì-khùn
緊嘴唸	kín-tshuì-liām
緊嚗嚗	kín-pia̍k-pia̍k
緊大漢	kín-tuā-hàn
緊密	kín-bi̍t
緊尿	kín-jiō
緊張	kín-tiunn
緊心性	kín-sim-sìng
緊快	kín-khuài
緊急	kín-kip
緊急出口	kín-kip-tshut-kháu
緊性	kín-sìng
緊性地	kín-sìng-tē
緊性病	kín-sìng-pēnn
緊慢	kín-bān
緊手	kín-tshiú
緊捷	kín-tsia̍p
緊捷快	kín-tsia̍p-khuài
緊擺	kín-pái
緊旋	kín-suan
緊暴暴	kín-piak-piak
緊欲	kín-beh
緊歹	kín-pháinn
緊氣	kín-khuì
緊湊	kín-tsàu
緊火	kín-hué
緊狂	kín-kông
緊猛	kín-mé
緊球	kín-kiû
緊當當	kín-tòng-tòng
緊症	kín-tsìng
緊症頭	kín-tsìng-thâu
緊緊	kín-kín
緊緩	kín-uān
緊縒慢	kín-tsua̍h-bān
緊縮	kín-siok
緊習	kín-tsia̍p
緊老	kín-lāu
緊腳	kín-kha
緊腳緊手	kín-kha-kín-tshiú
緊要	kín-iàu
緊走	kín-tsáu
緊走啊	kín-tsáu-ah
緊身仔	kín-sin-á
緊迫	kín-pik
緊迸迸	kín-piàng-piàng
緊速	kín-sok
緊逼逼	kín-piak-piak
緊閉	kín-pì
緊驚風	kín-king-hong
緊黏沙	kín-liâm-sua
緋聞	hui-bûn
緒言	sū-giân
緘默	khiâm-bi̍t
緘默權	khiâm-bi̍t-kuân
線上	suànn-siāng
線上教學	suànn-siōng-kàu-ha̍k
線屎	suànn-sái
線布邊	siàn-pòo-pinn
線形	suànn-hîng
線心柴	suànn-sim-tshâ
線性代數	suànn-sìng-tāi-sòo
線抽	siàn-thiu
線條	suànn-tiâu
線步	suànn-pōo
線民	suànn-bîn
線索	suànn-soh
線絪	suànn-in
線絪仔	suànn-in-á
線綴	suànn-tsuē
線腳	suànn-kha
線衫	suànn-sann
線裒	siàn-pôo
線裝冊	suànn-tsng-tsheh
線跡	suànn-jiah
線路	suànn-lōo
線路圖	suànn-lōo-tôo
線道	suànn-tō
線遨	suànn-gô
線邊	sàin-pinn
線頂	suànn-tíng
線頂教學	suànn-tíng-kàu-ha̍k
線頂遊戲	suànn-tíng-iû-hì
線頂電動	suànn-tíng-tiān-tōng
線頭	suànn-thâu
線鬚	suànn-tshiu
緝拿	tsip-ná
緝捕	tship-póo
緝鹿	tsip-lo̍k
緟無	thōng-bô
締盟	tē-bîng
締約	tè-iok
締約國	tè-iok-kok
締結	tē-kiat
締造	tè-tsō
緣份	iân-hūn
緣投	iân-tâu
緣投飄撇	iân-tâu-phiau-phiat
緣故	iân-kòo
緣木求魚	iân-bo̍k-kiû-hî
緣由	iân-iû
緣起	iân-khí
編修	phian-siu
編入	phian-ji̍p
編函	pian-hâm
編列	phian-lia̍t
編制	phian-tsè
編制內	pian-tsè-lāi
編劇	phian-kio̍k
編審	phian-sím
編寫	phian-siá
編導	phian-tō
編成	phian-sîng
編排	phian-pâi
編撰	phian-tsuān
編曲	pian-khik
編書	phian-su
編為	phian-uî
編班	phian-pan
編的	pian-ê
編碼	pian-bé
編篡	phian-tshuàn
編組	phian-tsoo
編纂	phian-tsuàn
編者	phian-tsiá
編號	phian-hō
編號頭	pian-hō-thâu
編訂	phian-tìng
編譯	phian-i̍k
編譯器	pian-i̍k-khì
編譯館	phian-i̍k-kuán
編輯	phian-tsip
編造	phian-tsō
編隊	phian-tuī
緩不濟急	uān-put-tsè-kip
緩兵之計	uān-ping-tsi-kè
緩刑	uān-hîng
緩困	uān-khùn
緩期	uān-kî
緬懷	bián-huâi
緬甸	Bián-tián
緯度	uí-tōo
緯線	uī-suànn
練仙	liān-sian
練仙撽涸	liān-sian-khà-kho̍k
練兵	liān-ping
練功房	liān-kong-pâng
練嘴花	liān-tshuì-hue
練字	liān-jī
練工褲	liān-kang-khòo
練戲	liān-hì
練拳	liān-kûn
練武	liān-bú
練氣功	liān-khì-kong
練牙	liān-gê
練痟話	liān-siáu-uē
練瘦牙	liān-sánn-gê
練瘦話	liān-sán-uē
練習	liān-si̍p
練聲	liān-siann
練肉間	liān-bah-king
練走機	liān-tsáu-ki
練身間	liān-sin-king
練鵲	liān-tshiok
縈纏	înn-tînn
縉雲	Tsìn-hûn
縋仔	luī-á
縋旗	luī-kî
縐痕	jiâu-hûn
縒味	tsua̍h-bī
縒心	tsua̍h-sim
縒調	tsua̍h-tiāu
縒音	tsua̍h-im
縖刀	hâ-to
縖包仔	hâ-pau-á
縖帆	hâ-phâng
縖絚	hâ-ân
縖裙	hâ-kûn
縖領	hâ-niá
縛單字元	pa̍k-tan-jī-guân
縛掉	pa̍k-tiāu
縛框仔喇叭	pa̍k-khong-á-lat-pah
縛椆椆	pa̍k-tiâu-tiâu
縛死死	pa̍k-sí-sí
縛粽	pa̍k-tsàng
縛糖膏	pa̍k-thn̂g-ko
縛索仔	pa̍k-soh-á
縛腳	pa̍k-kha
縛行李	pa̍k-hîng-lí
縛衫	pa̍k-sann
縛起來	pa̍k-khí-lâi
縛跤縛手	pa̍k-kha-pa̍k-tshiú
縛身	pa̍k-sin
縛領帶	pa̍k-niá-tuà
縣境	kuān-kíng
縣學	kuān-ha̍k
縣市	kuān-tshī
縣府	kuān-hú
縣民	kuān-bîn
縣治	kuān-tī
縣立	kuān-li̍p
縣議會	Kuān-gī-huē
縣轄市	kuān-hat-tshī
縣長	kuān-tiúnn
縫紩	pâng-thīnn
縫衫	pâng-sann
縫補	pâng-póo
縫製	phāng-tsè
縫針	pâng-tsiam
縮圖	siok-tôo
縮寫	sok-siá
縮小	sok-sió
縮影	sok-iánn
縮手縮腳	siok-tshiú-siok-kha
縮減	sok-kiám
縮火	sok-hué
縮焦	sok-ta
縮短	siok-tuán
縮細	siok-sè
縮絚	sok-ân
縮茶心	sok-tê-sim
縱事	tshióng-sū
縱斷面	tshiòng-tn̄g-bīn
縱橫	tshiòng-hîng
縱然	tshiòng-jiân
縱禍	tshiòng-ē
縱貫	tshiòng-kuàn
縱貫公路	tshiong-kuàn-kong-lōo
縱貫線	tshiong-kuàn-suànn
縱貫鐵路	tshiong-kuàn-thih-lōo
總之	tsóng-tsi
總人口	tsóng-jîn-kháu
總代理	tsóng-tāi-lí
總值	tsóng-ta̍t
總公司	tsóng-kong-si
總共	tsóng-kiōng
總共有	tsóng-kiōng-ū
總則	tsóng-tsik
總動員	tsóng-tōng-uân
總務	tsóng-bū
總包	tsóng-pau
總包在內	tsóng-pau-tsāi-lāi
總司令	tsóng-su-līng
總和	tsóng-hô
總商會	tsóng-siong-huē
總局	tsóng-kio̍k
總幹事	tsóng-kàn-sū
總廠	tsóng-tshiúnn
總扯	tsóng-tshé
總指揮	tsóng-tsí-hui
總搦	tsóng-la̍k
總攏	tsóng-láng
總攬	tsóng-lám
總數	tsóng-siàu
總是	tsóng-sī
總是按呢	tsóng-sī-án-ne
總書記	tsóng-su-kì
總會	tsóng-huē
總根頭	tsóng-kin-thâu
總機	tsóng-ki
總清	tsóng-tshing
總無	tsóng-bô
總爺藝文中心	Tsóng-iâ-Gē-bûn-Tiong-sim
總理	tsóng-lí
總監	tsóng-kàm
總督	tsóng-tok
總督府	Tsóng-tok-hú
總算	tsóng-sǹg
總管	tsóng-kuán
總簿	tsóng-phōo
總納	tsóng-la̍p
總結	tsóng-kiat
總統	tsóng-thóng
總統府	Tsóng-thóng-hú
總統魚	tsóng-thóng-hî
總經理	tsóng-king-lí
總綱	tsóng-kang
總編輯	tsóng-phian-tsip
總署	tsóng-sú
總而言之	tsóng-lî-giân-tsi
總舖	tsóng-phoo
總舖師	tsóng-phòo-sai
總著	tsóng-tio̍h
總行	tsóng-hâng
總裁	tsóng-tshâi
總角	tsóng-kak
總計	tsóng-kè
總講	tsóng-kóng
總貿	tsóng-bāu
總路頭	tsóng-lōo-thâu
總辭	tsóng-sî
總部	tsóng-pōo
總量	tsóng-liāng
總鋪	tsóng-phoo
總長	tsóng-tiúnn
總開	tsóng-khai
總預算	tsóng-ī-sǹg
總頭	tsáng-thâu
總額	tsóng-gia̍h
總體	tsóng-thé
績效	tsik-hāu
繁多	huân-to
繁榮	huân-îng
繁瑣	huân-só
繁華	huân-huâ
繁衍	huân-ián
繁複	huân-ho̍k
繁重	huân-tāng
繁雜	huân-tsa̍p
繃帶	phing-tuà
繃折	pinn-tsi̍h
繃破	pênn-phuà
繃面皮	penn-bīn-phuê
繏絚	sǹg-ân
繏頷	sǹg-ām
織女	tsit-lí
織女星	tsit-lí-tshenn
織布	tsit-pòo
織布廠	tsit-pòo-tshiúnn
織布機	tsit-pòo-ki
織成	tsit-sîng
織機	tsit-ki
織物	tsit-bu̍t
繚亂	liâu-luān
繚索	liāu-soh
繚車	liâu-tshia
繞境	jiàu-kíng
繡宮燈	siù-kiong-ting
繡房	siù-pâng
繡燈	siù-ting
繡球	siù-kiû
繡球花	siù-kiû-hue
繡線	siù-suànn
繡花	siù-hue
繡花規	siù-hue-kui
繡花針	siù-hue-tsiam
繡規	siù-kui
繡閣	siù-kok
繩之以法	tsîn-tsi-í-huat
繩墨	tsîn-bi̍k
繩目	tsîn-ba̍k
繩線	tsîn-suànn
繪出	huē-tshut
繪圖	huē-tôo
繪圖機	huē-tôo-ki
繪士	huē-sū
繪文字	huē-bûn-jī
繪本	huē-pún
繪畫	huē-uē
繪聲繪影	huē-siann-huē-iánn
繪製	huē-tsè
繫年	hē-nî
繭仔	kián-á
繳交	kiáu-kau
繳付	kiáu-hù
繳出	kiáu-tshut
繳回	kiáu-huê
繳完	kiáu-uân
繳庫	kiáu-khòo
繳收	kiáu-siu
繳款	kiáu-khuán
繳稅	kiáu-suè
繳納	kiáu-la̍p
繳費	kiáu-huì
繳驗	kiáu-giām
繵線	tān-suànn
繼任	kè-jīm
繼子	kè-tsú
繼子囝	kè-tsú-kiánn
繼承	kè-sîng
繼承人	kè-sîng-jîn
繼母	kè-bó
繼父	kè-hū
繼續	kè-sio̍k
繽拋	phin-phau
繽紛	pin-hun
續假	sio̍k-ká
續後	suà-āu
續約	sio̍k-iok
續而後	sio̍k-jî-āu
續而後身	sio̍k-lî-hōo-sin
續聘	sio̍k-phìng
續落來	suà-lo̍h-lâi
續落去	suà-lo̍h-khì
續集	sio̍k-tsi̍p
纍纍	luí-luí
纏絆	tînn-puànn
纏綴	tînn-tuè
纏綿	tînn-mî
纏線	tînn-suànn
纏繏現象	Tînn-sǹg-hiān-siōng
纏繏的現象	tînn-sǹg-ê-hiān-siōng
纏腰蛇	tînn-io-tsuâ
纏身	tînn-sin
纏身蛇	tînn-sin-tsuâ
纏頭絞尾	tînn-thâu-ká-bué
纔纔走	tshím-tshím-tsáu
纔頭	tshím-thâu
纔頭仔	tshím-thâu-á
纖維	tshiam-î
纜索	lám-soh
纜綱	lám-kong
纜綱索	lám-kong-soh
纜線	lám-suànn
纜車	lám-tshia
缺乏	khuat-ha̍t
缺值你	khueh-ti̍h-lí
缺喙	khih-tshuì
缺嘴	khih-tshuì
缺失	khuat-sit
缺席	khuat-si̍k
缺德	khuat-tik
缺憾	khuat-hām
缺旱	khuat-huānn
缺欠	khueh-khiàm
缺水	khuat-tsuí
缺水份	khiàm-tsiú-hun
缺痕	khih-hûn
缺糧	khuat-niû
缺考	khuat-khó
缺角	khih-kak
缺貨	khuat-huè
缺限	khuat-hān
缺額	khuat-gia̍h
缺食	khuat-si̍t
缺點	khuat-tiám
缽仔	puah-á
罅颼	hà-sau
罈仔	thâm-á
罌粟	ing-sik
罐仔	kuàn-á
罐薯	kuàn-tsî
罐裝	kuàn-tsng
罐開仔	kuàn-khui-á
罐頭	kuàn-thâu
罐頭雞胿	Kuàn-thâu-ke-kui
罐頭魚	kuàn-thâu-hî
罔且	bóng-tshiánn
罔中人意	bóng-tìng-lâng-ì
罔凊彩	bóng-tshìn-tshái
罔好	bóng-hó
罔將就	bóng-tsiang-tsiū
罔就	bóng-tsiū
罔度	bóng-tōo
罔度食	bóng-tōo-tsia̍h
罔活	bóng-ua̍h
罔看	bóng-khuànn
罔罔仔食	bóng-bóng-á-tsia̍h
罔聽	bóng-thiann
罔講	bóng-kóng
罔過日	bóng-kuè-ji̍t
罔魦	bòng-se
罕事	hán-sū
罕來	hán-lâi
罕客	hán-kheh
罕得	hán-tit
罕得有	hán-tit-ū
罕得用	hán-tit-iōng
罕得看見	hán-tit-khuànn-kìnn
罕有	hán-iú
罕用	hán-iōng
罕罕	hán-hán
罕罕啊	hán-hán-á
罕行	hán-kiânn
罕見	hán-kiàn
罟來飼	koo-lâi-tshī
罟寮仔	Koo-liâu-á
罟起來	koo-khí-lâi
罣礙	kuà-gāi
罩塊蹉	tà-teh-tshuê
罩密	tà-ba̍t
罩濛	tà-bông
罩睛皮發炎	tà-tsing-phuê-huat-iām
罩落來	tà-lo̍h-lâi
罩蘭	Tah-lân
罩蘭鎮	Tah-lân-tìn
罩衫	tà-sann
罩雺	tà-bông
罩雺霧	tà-bông-bū
罩霧	tà-bū
罪人	tsuē-jîn
罪刑法定	tsuē-hîng-huat-tīng
罪名	tsuē-miâ
罪嫌	tsuē-hiâm
罪孽	tsuē-gia̍t
罪惡	tsuē-ok
罪惡感	tsuē-ok-kám
罪犯	tsuē-huān
罪狀	tsuē-tsōng
罪罫	tsuē-kuà
罪行	tsuē-hîng
罪證	tsuē-tsìng
罪過	tsuē-kò
罪魁	tsuē-khue
罪魁禍首	tsuē-khue-hō-siú
置業	tì-gia̍p
置產	tì-sán
置身度外	tì-sin-tōo-guā
置靈	tì-lîng
罰則	hua̍t-tsik
罰單	hua̍t-tuann
罰徛	hua̍t-khiā
罰款	hua̍t-khuán
罰球	hua̍t-kiû
罰金	hua̍t-kim
罰錢	hua̍t-tsînn
罰鍰	hua̍t-huân
署名	sú-miâ
署長	sú-tiúnn
罵人	mē-lâng
罵天怨地	mē-thinn-uàn-tē
罵菩時律	mā-phôo-sî-lu̍t
罷休	pā-hiu
罷免	pā-bián
罷官	pā-kuann
罷工	pā-kang
罷市	pā-tshī
罷手	pā-tshiú
罷接咯	pā-tsih-loh
罷教	pā-kà
罷氣	pā-khì
罷考	pā-khó
罷課	pā-khò
罹難	lî-lān
羅彤恩	Lô-tông-un
羅志祥	Lô-Tsì-siông
羅文鴨	lô-bûn-ah
羅斯福	Lô-su-hok
羅更	lô-kenn
羅東	Lô-tong
羅淑蕾	Lô-Siok-lúi
羅源	Lô-guân
羅源縣	Lô-guân-kuān
羅漢	lô-hàn
羅漢果	lô-hàn-kó
羅漢跤仔	lô-hàn-kha-á
羅盤	lô-puânn
羅經	lô-kenn
羅網	lô-bāng
羅織	lô-tsit
羅羅黐	lô-lô-thi
羅致	lô-tì
羅蘭	Lô-lân
羅馬	Lô-má
羅馬字	lô-má-jī
羅馬尼	Lô-má-nî
羅馬毋是一工起會成的	Lô-má-m̄-sī-tsi̍t-kang-khí-ē-sîng-ê
羈歇	kua-hioh
羈腳	kua-kha
羊仔	iûnn-á
羊仔囝	iûnn-á-kiánn
羊仔屎	iûnn-á-sái
羊仔萵仔菜	iûnn-á-ue-á-tshài
羊公	iûnn-kang
羊公豆	iûnn-kong-tāu
羊公鬚	iûnn-kong-tshiu
羊哥	iûnn-ko
羊奶頭	iûnn-ling-thâu
羊帶來	iûnn-tài-lâi
羊帶草	iûnn-tài-tsháu
羊年	iûnn-nî
羊桃	iûnn-thô
羊母	iûnn-bó
羊毛	iûnn-mn̂g
羊毛揻	iûnn-moo-ui
羊犅	iûnn-káng
羊犅刺	iûnn-káng-tshì
羊犅市	iûnn-káng-tshī
羊犅鬚	iûnn-káng-tshiu
羊癇	iûnn-hîn
羊眩	iûnn-hîn
羊糕	iûnn-ko
羊羔	iûnn-ko
羊羔裘	iûnn-ko-hiû
羊羔面	iûnn-ko-bīn
羊肉	iûnn-bah
羊肉爐	iûnn-bah-lôo
羊肉羹麵	iûnn-hi̍k-kinn-mī
羊腩	iônn-ám
羊腸	iûnn-tn̂g
羊舌樹	iûnn-tsi̍h-tshiū
羊角	iûnn-kak
羊角三劍	iûnn-kak-sam-kiàm
羊角刺	iûnn-kak-tshì
羊角瘋	iûnn-kak-hong
羊角草	iûnn-kak-tsháu
羊角藤	iûnn-kak-tîn
羊角豆	iûnn-kak-tāu
羊角風	iûnn-kak-hong
羊角麗	iûnn-kak-lē
羊蹄	iûnn-tê
羊蹄甲	iûnn-tê-kah
羊頭	iûnn-thâu
羊駝	iûnn-tô
羊駱駝	iûnn-lo̍k-tô
羌仔	kiunn-á
羌仔虎	khiunn-á-hóo
羌仔貓	kiong-á-niau
羌仔𡳞核	kiunn-á-lān-hu̍t
美不勝收	bí-put-sìng-siu
美事	bí-sū
美人	bí-jîn
美人痣	bí-jîn-kì
美人蕉	bí-jîn-tsio
美人豆	bí-jîn-tāu
美人靠	bí-jîn-khò
美人魚	bí-jîn-hî
美僑	bí-kiâu
美元	bí-guân
美其名	bí-kî-miâ
美利堅合眾國	Bí-lī-kian-Ha̍p-tsiòng-kok
美加	Bí-ka
美化	bí-huà
美味	bí-bī
美商	bí-siong
美國	Bí-kok
美國仙丹	Bí-kok-sian-tan
美國割包	Bí-kok-kuah-pau
美國割包店	bí-kok-kuah-pau-tiàm
美國塗豆	Bí-kok-thôo-tāu
美國水松	Bí-kok-tsuí-siông
美國煎餅	Bí-kok-tsian-piánn
美女	bí-lí
美女櫻	bí-lí-ing
美女瓜	bí-lí-kue
美好	bí-hó
美妙	bí-biāu
美妹蕉	bí-muī-tsio
美學	bí-ha̍k
美容	bí-iông
美容師	bí-iông-su
美容院	bí-iông-īnn
美展	bí-tián
美工刀	bí-kang-to
美希哥	Bí-hi-ko
美式	bí-sik
美德	bí-tik
美感	bí-kám
美援	bí-uān
美方	Bí-hong
美景	bí-kíng
美洲	Bí-tsiu
美滿	bí-buán
美濃	Bí-lông
美濃瓜	bi-lóng-kue
美濃鎮	Bi-long-tìn
美玉	bí-gi̍k
美籍	bí-tsi̍k
美聯社	Bí-liân-siā
美育	bí-io̍k
美術	bí-su̍t
美術刀	bí-su̍t-to
美術館	bí-su̍t-kuán
美製	bí-tsè
美觀	bí-kuan
美談	bí-tâm
美譽	bí-ī
美豔	bí-iām
美貌	bí-māu
美軍	Bí-kun
美輪美奐	bí-lûn-bí-huàn
美酒	bí-tsiú
美金	bí-kim
美鈔	bí-tshau
美食	bí-si̍t
美髮	bí-huat
美麗	bí-lē
美麗島事件	Bí-lē-tó-sū-kiānn
羔羊	ko-iûnn
羔裘	ko-hiû
羚羊	lîng-iông
羞人草	siáu-jîn-tsháu
羞澀	siu-siap
羞禮	siáu-lé
羞禮花	siáu-lé-hue
羞羞人	tshiu-tshiu-lâng
羞面	tshiu-bīn
群創	kûn-tshòng
群墘儂	kûn-kînn-lâng
群山	kûn-suann
群島	kûn-tó
群眾	kûn-tsiòng
群組	kûn-tsoo
群聚	kûn-tsū
群英	kûn-ing
群雄	kûn-hiông
群集	kûn-tsi̍p
群馬	Kûn-má
群馬縣	Kûn-má-kuān
群體	kûn-thé
義不容辭	gī-put-iông-sû
義人	gī-jîn
義俠	gī-kiap
義勇	gī-ióng
義務	gī-bū
義囝	gī-kiánn
義士	gī-sū
義大利麵	í-tāi-lī-mī
義女	gī-lí
義子	gī-tsú
義工	gī-kang
義弟	gī-tē
義憤	gī-hùn
義憤填膺	gī-hùn-thiân-ing
義手	gī-tshiú
義母	gī-bó
義民	gī-bîn
義氣	gī-khì
義演	gī-ián
義烏	Gī-oo
義無反顧	gī-bô-huán-kòo
義父	gī-hū
義理	gī-lí
義理是	gī-lí-sī
義竹	Gī-tik
義美	gī-bí
義肢	gī-tsi
義舉	gī-kí
義藍盤	gī-nâ-puânn
義行	gī-hîng
義警	gī-kíng
義賣	gī-bē
義齒	gī-khí
羹頓	kenn-tǹg
羹飯	kenn-puīnn
羹麵	kenn-mī
羽毛球	ú-môo-kiû
羽毛球桮	ú-môo-kiû-pue
羽球	ú-kiû
羽絨	ú-liông
翁仔姐	ang-á-tsiá
翁仔姐仔	ang-á-tsiá-á
翁仔某	ang-á-bóo
翁仔某仝心	ang-á-bóo-kāng-sim
翁仔某面	ang-á-bóo-bīn
翁仔某頭喙	ang-á-bóo-thâu-tshuì
翁姐仔	ang-tsiá-á
翁婆	ang-pô
翁婿	ang-sài
翁某	ang-bóo
翁某仔	ang-bóo-á
翁某無好	ang-bóo-bô-hó
翁的我愛你	Ang-ê-guá-ài-lí
翁行某綴	ang-kiânn-bóo-tuè
翅仔	si̍t-á
翅股	si̍t-kóo
翌年	iok-nî
翎毛箭	lîng-mn̂g-tsìnn
翎花	lîng-hue
翎鷥鵰	Lîng-si-tiau
翏皮	liù-phuê
翏膦	liù-lān
翏頭頂	liù-thâu-tíng
翏額	liù-hia̍h
習仲勛	Si̍p-Tiōng-hun
習慣	si̍p-kuàn
習習	tsia̍p-tsia̍p
習近平	Si̍p-Kīn-pêng
習題	si̍p-tê
翔安	Siông-an
翕倒人	hip-tó-lâng
翕像	hip-siōng
翕像機	hip-siōng-ki
翕合	hip-ha̍p
翕密	hip-ba̍t
翕新娘相	hip-sin-niû-siòng
翕氣	hip-khuì
翕汗	hip-kuānn
翕火	hip-hué
翕熱	hip-jua̍h
翕燒	hip-sio
翕甌	hip-au
翕相	hip-siàng
翕相機	hip-siòng-ki
翕眾	hip-tsiòng
翕石	hip-tsio̍h
翕結婚相片	hip-kiat-hun-siòng-phìnn
翕胸	hip-hing
翕著熱	hip-tio̍h-jua̍h
翕豆菜	hip-tāu-tshài
翕鍋	hip-ue
翕鐵	hip-thih
翕電影	hip-tiān-iánn
翕風	hip-hong
翠玉	tshuì-gi̍k
翡翠	huí-tshuì
翡翠水庫	Huí-tshuì-tsuí-khòo
翩翼	phián-si̍t
翱翱纏	kô-kô-tînn
翱翱輦	kō-kō-lìn
翸草	phún-tsháu
翸走	phún-tsáu
翹去	hiàu-khì
翹喙仔	khiàu-tshuì-á
翹嘴	khiàu-tshuì
翹嘴仔	khiàu-tshuì-á
翹孤輪	Khiàu-koo-lián
翹尾溜	khiàu-bué-liu
翹攲	khiau-khi
翹歹	khiàu-táinn
翹殼	hiàu-khak
翹脊	khiàu-tsit
翹腰	khiàu-io
翹頭	khiàu-thâu
翹鬚	khiàu-tshiu
翻來翻去	huan-lâi-huan-khì
翻供	huan-king
翻修	huan-siu
翻倒	huan-tó
翻動	huan-tōng
翻印	huan-ìn
翻厝	huan-tshù
翻反	huan-píng
翻土	huan-thôo
翻山	huan-suann
翻床舖	huan-tshn̂g-phoo
翻新	huan-sin
翻案	huan-àn
翻桌	huan-toh
翻流	huan-lâu
翻版	huan-pán
翻砂	huan-sua
翻箍	huan-khoo
翻箱倒籠	huan-siunn-tó-láng
翻胎	huan-the
翻舖	huan-phoo
翻草	huan-tsháu
翻藤	huan-tîn
翻覆	huan-hok
翻譯	huan-i̍k
翻譯本	huan-i̍k-pún
翻譯水浸粿	huan-i̍k-tsuí-tsìm-kué
翻譯者	huan-i̍k-tsiá
翻身	huan-sin
翻車	huan-tshia
翻輦轉	huan-liàn-tńg
翻轉工	huan-tńg-kang
翻轉年	huan-tńg-nî
翻轉身	huan-tńg-sin
翻轉頭	huan-tńg-thâu
翻閱	huan-ia̍t
翻頭	huan-thâu
翻點	huan-tiám
翼仔	si̍t-á
翼股	si̍t-kóo
翼股焦矣	si̍t-kóo-ta-ah
翼股頭	si̍t-kóo-thâu
耀武揚威	iāu-bù-iông-ui
老一輩	lāu-tsi̍t-puè
老不修	lāu-put-siu
老主顧	lāu-tsú-kòo
老乾家	lāu-ta-ke
老二	láu-jī
老交陪	lāu-kau-puê
老人	lāu-lâng
老人囡仔	lāu-lâng-gín-á
老人家	ló-jîn-ka
老人斑	lāu-lâng-pan
老人根	lāu-lâng-kin
老人目	lāu-lâng-ba̍k
老人目鏡	lāu-lâng-ba̍k-kiànn
老人老步定	lāu-lâng-lāu-pōo-tiānn
老人鏡	lāu-lâng-kiànn
老仔	láu-á
老仔步	láu-á-pōo
老伯公	lāu-peh-kong
老伴	lāu-phuānn
老來	lāu-lâi
老來嬌	lāu-lâi-kiau
老俀	lāu-thuē
老倒退	lāu-tò-thè
老健丟	lāu-kiān-tiu
老傫	lāu-thuē
老僧	ló-sing
老兄	lāu-hiann
老兄弟	lāu-hiann-tī
老先生	lāu-sian-senn
老光棍	láu-kong-kùn
老公仔	lāu-kong-á
老公婆	lāu-kong-pô
老公鬚	ló-kong-tshiu
老兵	lāu-ping
老凍戇	lāu-tòng-gōng
老到	láu-tâu
老劍仙	lāu-kiàm-sian
老勻	lāu-ûn
老化	lāu-huà
老厝邊	lāu-tshù-pinn
老去	lāu-khì
老去矣	lāu-khì-ah
老友	lāu-iú
老叔公	lāu-tsik-kong
老古慣	lāu-kóo-kuàn
老古早	lāu-kóo-tsá
老古板	lāu-kóo-pán
老古石	lóo-kóo-tsio̍h
老古舊	lāu-kóo-kū
老古董	lāu-kóo-tóng
老古蔥	ló-kóo-tshang
老古錐	lāu-kóo-tsui
老同姒	lāu-tâng-sāi
老君扇	ló-kun-sìnn
老命	lāu-miā
老土地	lāu-thó-tī
老在	lāu-tsāi
老在行	láu-tsāi-hâng
老境	ló-kíng
老大	láu-tuā
老大人	lāu-tuā-lâng
老大哥	láu-tuā-ko
老大姊	lāu-tuā-tsí
老天酡	lāu-thian-tho̍h
老太太	lāu-thài-thài
老太婆	lāu-thài-pô
老夫	lāu-hu
老套頭	láu-thò-thâu
老奸臣	lāu-kan-sîn
老妖精	lāu-iau-tsiann
老姑婆	lāu-koo-pô
老娘親	lāu-niû-tshin
老娼	lāu-tshang
老娼頭	lāu-tshang-thâu
老婆	lāu-pô
老婆仔	lāu-pô-á
老婊	lāu-piáu
老婊頭	lāu-piáu-thâu
老媌	lāu-bâ
老子	ló-tsú
老字號	lāu-jī-hō
老孤獨	lāu-koo-ta̍k
老孤老	lāu-koo-láu
老家婆	lāu-ke-pô
老實	láu-si̍t
老實話	láu-si̍t-uē
老實講	láu-si̍t-kóng
老將	lāu-tsiòng
老少	nóo-siàu
老少年	ló-siàu-liân
老師	lāu-sai
老序大	lāu-sī-tuā
老店	lāu-tiàm
老康健	lāu-khong-kiān
老慣串	láu-kuàn-tshuàn
老懂	Lōo-tóng
老戇	lāu-gōng
老成	ló-sîng
老手	láu-tshiú
老把戲	lāu-pá-hì
老擋戇	lāu-tòng-gōng
老早	láu-tsá
老早死	lāu-tsá-sí
老朋友	láu-pîng-iú
老本	lāu-pún
老板娘	láu-pán-niû
老柝柝	lāu-khok-khok
老查某	lāu-tsa-bóo
老柴焦	lāu-tshâ-tsau
老柴糟	lāu-tshâ-tsau
老根節	lāu-kin-tsat
老棚頭	láu-pînn-thâu
老欉	lāu-tsâng
老款	lāu-khuán
老歌訣	lāu-ko-kuat
老步	lāu-pōo
老步在	lāu-pōo-tsāi
老步定	lāu-pōo-tiānn
老歲	lāu-huè
老歲仔	lāu-huè-á
老母	lāu-bó
老毛病	lāu-môo-pēnn
老油條	lāu-iû-tiâu
老漢	lāu-hàn
老父	lāu-pē
老爸	lāu-pē
老爸母	lāu-pē-bó
老爹	ló-tia
老爺	lāu-iâ
老爺車	lāu-iâ-tshia
老牌	láu-pâi
老狐狸	lāu-hôo-lî
老狗記長年屎	lāu-káu-kì-tn̂g-nî-sái
老猴	lāu-kâu
老猴母	lāu-kâu-bó
老猴無粉頭	lāu-kâu-bô-hún-thâu
老生	lāu-sing
老番癲	lāu-huan-tian
老番角	lāu-huan-kak
老番顛	lāu-huan-tian
老痀痀	lāu-ku-ku
老病	lāu-pēnn
老症頭	lāu-tsìng-thâu
老的老步定	lāu-ê-lāu-pōo-tiānn
老相	lāu-siòng
老相知	láu-siang-ti
老眼	ló-gán
老瞻	lāu-siam
老瞻業	lāu-siam-gia̍p
老瞻銀	lāu-siam-gîn
老短命	lāu-té-miā
老硞硞	lāu-khok-khok
老祖	lāu-tsóo
老祖公	lāu-tsóo-kong
老祖媽	lāu-tsóo-má
老糊塗	lāu-hôo-tôo
老糟	láu-tsau
老細	láu-sè
老練	láu-liān
老總	lāu-tsóng
老翁	lāu-ang
老翁某	lāu-ang-bóo
老老實實	láu-láu-si̍t-si̍t
老老茈茈	lāu-lāu-tsínn-tsínn
老耄	ló-mōo
老耄耄	lāu-mooh-mooh
老腳桶	lāu-kha-tháng
老舊	lāu-kū
老舖	ló-phòo
老花	láu-hue
老花目	lāu-hue-ba̍k
老花鏡	lāu-hue-kiànn
老茶色	lāu-tê-sik
老蔻	lāu-hàu
老薑	lāu-kiunn
老虎	lāu-hóo
老虎心	lāu-hóo-sim
老虎耳	lāu-hóo-hīnn
老處女	lāu-tshù-lú
老衰	lāu-sue
老規矩	lāu-kui-kí
老豬哥	lāu-ti-ko
老身	lāu-sin
老輩	lāu-puè
老連回	lāu-liân-huê
老運	lāu-ūn
老道	láu-tâu
老邁	ló-māi
老酒	lāu-tsiú
老長壽	lāu-tiâng-siū
老闆	láu-pán
老闆娘	láu-pán-niû
老阿伯	lāu-a-peh
老阿公	lāu-a-kong
老阿姆	lāu-a-ḿ
老阿婆	lāu-a-pô
老阿媽	lāu-a-má
老雞母	lāu-ke-bó
老青春	lāu-tshing-tshun
老面皮	lāu-bīn-phuê
老頭	lāu-thâu
老頹	lāu-thuē
老風流	lāu-hong-liû
老風騷	lāu-hong-so
老馬展鬃	lāu-bé-tián-tsang
老鬥頭	lāu-tàu-thâu
老鬼精	lāu-kuí-tsiann
老鳥	láu-tsiáu
老鳥精	lāu-tsiáu-tsiann
老鼠膽	niáu-tshí-tánn
老龜精	lāu-ku-tsiann
考了	khó-liáu
考券	khó-kǹg
考區	khó-khu
考卷	khó-kuàn
考取	khó-tshú
考古	khó-kóo
考場	khó-tiûnn
考察	khó-tshat
考察團	khó-tshat-thuân
考據	khó-kì
考數	khó-siàu
考查	khó-tsa
考核	khó-hi̍k
考水披	khó-tsuí-phi
考無	khó-bô
考煞	khó-suah
考生	khó-sing
考秤頭	khó-tshìn-thâu
考究	khó-kiù
考績	khó-tsik
考著	khó-tio̍h
考試	khó-tshì
考試場	khó-tshì-tiûnn
考試演習	khó-tshì-ián-si̍p
考試院	khó-tshì-īnn
考證	khó-tsìng
考選	khó-suán
考選部	khó-suán-pōo
考重考	khó-tîng-khó
考量	khó-liāng
考銃	khó-tshìng
考銃靶	khó-tshìng-pé
考靶	khó-pá
考靶仔	khó-pê-á
考驗	khó-giām
耆老	kî-lāu
而且	jî-tshiánn
而外	jî-guā
而尾	jî-bué
而尾手	jî-bué-tshiú
而已	jî-í
而後	jî-āu
耍奕	sńg-ī
耍弄	sńg-lāng
耍戲	sńg-hì
耍手機仔	sńg-tshiú-ki-á
耍水	sńg-tsuí
耍湧	sńg-íng
耍牌仔	sńg-pâi-á
耍物仔	sńg-mih-á
耍玻璃珠仔	sńg-po-lê-tsu-á
耍笑	sńg-tshiò
耍者	sńg-tsiá
耍蕩	sńg-tn̄g
耐人尋味	nāi-jîn-sîm-bī
耐力	nāi-li̍k
耐命	nāi-miā
耐心	nāi-sim
耐性	nāi-sìng
耐旱	nāi-uānn
耐用	nāi-iōng
耐震	nāi-tsín
耐驚草	nāi-kiann-tsháu
耕作	king-tsoh
耕地	king-tē
耕牛	king-gû
耕田	king-tiân
耕者有其田	King-tsiá-iú-kî-tiân
耕耘	king-ûn
耕耘機	king-ûn-ki
耕讀	king-tho̍k
耗盡	hônn-tsīn
耙仔	pê-á
耙柫	pê-put
耙溝仔	pê-kau-á
耙草	pê-tsháu
耞轆	ka-lak
耳仔	hī-á
耳仔唇	hīnn-á-tûn
耳仔墘	hī-á-kînn
耳仔大對	hīnn-á-tuā-tuì
耳仔度針	hīnn-á-tōo-tsiam
耳仔機	hīnn-á-ki
耳仔訪	hīnn-á-hóng
耳口邊話	hīnn-khang-pinn-uē
耳唇	hī-tûn
耳墜	hī-thuī
耳孔	hīnn-khang
耳孔利	hīnn-khang-lāi
耳孔哮	hīnn-khang-háu
耳孔嘐	hīnn-khang-lō
耳孔屎	hīnn-khang-sái
耳孔膜	hīnn-khang-mo̍oh
耳孔輕	hīnn-khang-khin
耳孔重	hīnn-khang-tāng
耳孔風	hīnn-khang-hong
耳孔鬼	hīnn-khang-kuí
耳屎	hī-sái
耳扒仔	hīnn-pê-á
耳掛	hīnn-kuà
耳桮	hīnn-pue
耳濡目染	ní-jû-ba̍k-jiám
耳熟能詳	hī-si̍k-lîng-siông
耳珠	hī-tsu
耳珠空	hīnn-tsu-khang
耳環	hīnn-khuân
耳甕	hīnn-àng
耳目	hīnn-ba̍k
耳目一新	nī-ba̍k-it-sin
耳空仔藤	hīnn-khang-á-tîn
耳空出油	hīnn-khang-tshut-iû
耳空彈	hīnn-khang-tuānn
耳空生包皮	hīnn-khang-senn-pau-phuê
耳耙仔	hīnn-pê-á
耳耳	nā-niā
耳聞	ní-bûn
耳脣	hīnn-tûn
耳腔	hī-khang
耳腔吼	hī-khang-háu
耳腔話	hī-khang-uē
耳腔輕	hī-khang-khin
耳腔重	hī-khang-tāng
耳腔鬼仔	hī-khang-kuí-á
耳膜	hīnn-mo̍oh
耳葉	hīnn-hio̍h
耳蟲	hīnn-thâng
耳訪	hīnn-hóng
耳鉤	hī-kau
耳鉤空	hī-kau-khang
耳鉤草	hīnn-kau-tsháu
耳鏡	hīnn-kiànn
耳風	hīnn-hong
耳鼓	hīnn-kóo
耳鼻喉科	hīnn-phīnn-âu-kho
耳齆仔	hī-àng-á
耶利米	Iâ-lī-bí
耶和華	Iâ-hô-hua
耶穌	Ia-soo
耶穌會	Iâ-soo-huē
耶穌的愛	Iâ-soo-ê-ài
耶肋米亞	Iâ-li̍k-bí-a
耶誕	Iâ-tàn
耶誕節	Iâ-tàn-tsiat
耶路撒冷	Iâ-lōo-sat-líng
耶魯大學	Iâ-lóo-tāi-ha̍k
耽擱	tam-koh
耽誤	tam-gōo
耿爽	Kíng-Sóng
聆聽	lîng-thiann
聆賞	lîng-sióng
聊仔	liâu-á
聊仔是	liâu-á-sī
聊天	liâu-thian
聊聊仔	liâu-liâu-á
聊聊仔是	liâu-liâu-á-sī
聖人	sìng-jîn
聖人殼	sìng-jîn-khak
聖佛	siànn-pu̍t
聖佛無分大細身	siànn-hu̍t-bô-hun-tuā-sè-sin
聖公	siànn-kong
聖哲	siànn-tiat
聖嘴	siànn-tshuì
聖地	sìng-tē
聖地牙哥	Sìng-tē-gê-ko
聖姐	siànn-tsiá
聖媽	sìng-má
聖戰	sìng-tsiàn
聖教	sìng-kàu
聖旨	sìng-tsí
聖旨嘴	sìng-tsí-tshuì
聖桀	siànn-khiat
聖桮	siànn-pue
聖歌	sìng-kua
聖殿	sìng-tiān
聖母	Sìng-bó
聖母院	Sìng-bó-īnn
聖潔石	Sìng-kiat-si̍k
聖火	sìng-hué
聖神	Sìng-sîn
聖經	sìng-king
聖聖	siànn-siànn
聖聖講著	siànn-siànn-kóng-tio̍h
聖詩	sìng-si
聖詰	siànn-khiat
聖誕夜	sìng-tàn-iā
聖誕樹	Sìng-tàn-tshiū
聖誕節	siànn-tàn-tsat
聖誕紅	sìng-tàn-hông
聖誕老人	sìng-tàn-lāu-lâng
聖誕老阿伯	sìng-tàn-lāu-a-peh
聖誕老阿公	Sìng-tàn-lāu-a-kong
聖跡	siànn-liah
聖靈	Sìng-lîng
聖魚	siànn-hî
聘任	phìng-jīm
聘函	phìng-hâm
聘書	phìng-su
聘用	phìng-iōng
聘禮	phìng-lé
聘請	phìng-tshiánn
聘金	phìng-kim
聚合	tsū-ha̍p
聚居	tsū-ki
聚會	tsū-huē
聚焦	tsū-tsiau
聚眾	tsū-tsiòng
聚落	tsū-lo̍h
聚賭	tsū-tóo
聚集	tsū-tsi̍p
聚餐	tsū-tshan
聞名	bûn-bîng
聞訊	bûn-sìn
聞風	bûn-hong
聞風破膽	bûn-hong-phò-tám
聬儱	àng-láng
聯仔	liân-á
聯勤	Liân-khîn
聯勤總部	Liân-khîn-tsóng-pōo
聯句	liân-kù
聯合	liân-ha̍p
聯合國	Liân-ha̍p-kok
聯合報	Liân-ha̍p-pò
聯合政府	liân-ha̍p-tsìng-hú
聯合組織	liân-ha̍p-tsoo-tsit
聯合軍	liân-ha̍p-kun
聯名	liân-miâ
聯單	liân-tuann
聯大	liân-tuā
聯字符	liân-jī-hû
聯對	liân-tuì
聯展	liân-tián
聯席	liân-si̍k
聯席會議	liân-si̍k-huē-gī
聯彩	liân-tshái
聯想	liân-sióng
聯成	liân-sîng
聯手	liân-tshiú
聯招	liân-tsiau
聯招會	Liân-tsiau-huē
聯播	liân-pòo
聯歡	liân-huan
聯歡會	liân-huan-huē
聯營	liân-îng
聯盟	liân-bîng
聯絡員	liân-lo̍k-uân
聯絡機仔	liân-lo̍k-ki-á
聯絡站	liân-lo̍k-tsām
聯署	liân-sú
聯考	liân-khó
聯華	Liân-huâ
聯誼	liân-gī
聯賽	liân-sài
聯軍	liân-kun
聯邦	liân-pang
聯邦政府	liân-pang-tsìng-hú
聯邦調查局	Liân-pang-tiāu-tsa-kio̍k
聯防	liân-hông
聯隊	liân-tuī
聰敏	tshong-bín
聰明	tshong-bîng
聲光	siann-kng
聲勢	siann-sì
聲勢浩大	siann-sì-hō-tāi
聲喉	siann-âu
聲嗽	siann-sàu
聲威	siann-ui
聲寶	Siann-pó
聲尾	siann-bué
聲帶	sing-tuà
聲援	sing-uān
聲效	siann-hāu
聲效片	siann-hāu-phìnn
聲明	sing-bîng
聲望	siann-bōng
聲樂	siann-ga̍k
聲樂家	siann-ga̍k-ke
聲母	siann-bóo
聲浪	siann-lōng
聲淚俱下	siann-luī-kū-hā
聲稱	sing-tshing
聲空	siann-khang
聲腔	siann-khang
聲角	siann-kak
聲言	siann-giân
聲討	siann-thó
聲說	siann-sueh
聲調	siann-tiāu
聲譽	siann-ī
聲門	siann-mn̂g
聲音	siann-im
聲響	siann-hiúnn
聲頭	siann-thâu
聲頭敁	siann-thâu-tháu
聲頭敨	siann-thâu-tháu
聲頭結	siann-thâu-kiat
聳毛	tshàng-mn̂g
聳毛管	tshàng-mn̂g-kńg
聳毛鬼	tshàng-mn̂g-kuí
聳鬚	tshàng-tshiu
職位	tsit-uī
職務	tsit-bū
職司	tsit-su
職員	tsit-uân
職守	tsit-siú
職工	tsit-kang
職志	tsit-tsì
職掌	tsit-tsiáng
職校	tsit-hāu
職棒	tsit-pang
職業	tsit-gia̍p
職業性	tsit-gia̍p-sìng
職業病	tsit-gia̍p-pēnn
職權	tsit-kuân
職稱	tsit-tshing
職能	tsit-lîng
職能治療	tsit-lîng-tī-liâu
職責	tsit-tsik
聽人	thiann-lâng
聽人講	thiann-lâng-kóng
聽你咧放屁	thiann-lí-leh-pàng-phuì
聽來	thiann-lâi
聽便	thìng-piān
聽信	thiann-sìn
聽候	thìng-hāu
聽入耳	thiann-ji̍p-ní
聽出	thiann-tshut
聽力試驗	thiann-li̍k-tshì-giām
聽勸告	thiann-khuàn-kò
聽取	thiann-tshú
聽命	thìng-bīng
聽命維是	thìng-bīng-bī-sī
聽嘴	thiann-tshuì
聽好	thìng-hó
聽完	thiann-uân
聽審	thiann-sím
聽帶	thiann-tuâ
聽從	thiann-tsiông
聽有	thiann-ū
聽毋捌	thiann-m̄-bat
聽無	thiann-bô
聽無明	thiann-bô-bîng
聽無真	thiann-bô-tsin
聽眾	thiann-tsiòng
聽神經	thiann-sîn-king
聽筒	thiann-tâng
聽者	thiann-tsiá
聽聞	thiann-bûn
聽落耳	thiann-lo̍h-hīnn
聽著	thiann-tio̍h
聽見	thiann-kìnn
聽覺	thiann-kak
聽診器	thiann-tsín-khì
聽話	thiann-uē
聽說	thiann-sueh
聽課	thiann-khò
聽講	thiann-káng
聽證會	thiann-tsìng-huē
聽起來	thiann-khí-lâi
聽過	thiann-kuè
聽道理	thiann-tō-lí
聽錯	thiann-tshò
聿著	u̍t-tio̍h
肄業	ī-gia̍p
肄麻雀	ī-muâ-tshiok
肅清	siok-tshing
肅穆	siok-bok
肅靜	siok-tsīng
肇事	tiāu-sū
肉中刺	bah-tiong-tshì
肉丸	bah-uân
肉丸面	bah-uân-bīn
肉仁	bah-jîn
肉刺	bah-tshì
肉包	bah-pau
肉回	bah-huê
肉圓	bah-uân
肉圓仔	bah-înn-á
肉屑	bah-sut
肉干	bah-kuann
肉幼仔	bah-iù-á
肉店	bah-tiàm
肉感妹仔	bah-kám-mē-á
肉感娘嬭	bah-kám-niû-lé
肉捲	bah-kńg
肉插	bah-tshah
肉搜	bah-tshiau
肉搭仔	bah-tah-á
肉敆	bah-kap
肉文笑	bah-bûn-tshiò
肉桂	jio̍k-kuì
肉欉	bah-tsâng
肉油	bah-iû
肉燥	bah-sò
肉燥飯	bah-sò-pn̄g
肉爿腳手架	lāi-pîng-kha-tshiú-kè
肉片	bah-phìnn
肉片仔	bah-phìnn-á
肉牛	bah-gû
肉球	bah-kiû
肉瓤	bah-nn̂g
肉皮	bah-phuê
肉目	bah-ba̍k
肉眼	jio̍k-gán
肉砧	bah-tiam
肉票	bah-phiò
肉筋	bah-kin/kun/kirn
肉筍	bah-sún
肉箍	bah-khoo
肉箭	bah-tsìnn
肉粕	bah-phoh
肉粽	bah-tsàng
肉粽節	bah-tsàng-tseh
肉粽角	bah-tsàng-kak
肉糋	bah-tsìnn
肉紅色	bah-âng-sik
肉絨	bah-jiông
肉絲	bah-si
肉羹	bah-kinn
肉聲	bah-siann
肉脯	bah-hú
肉色	bah-sik
肉菜	bah-tshài
肉螺	bah-lê
肉角	bah-kak
肉豆	bah-tāu
肉豆仔	bah-tāu-á
肉豉	bah-sīnn
肉販	bah-huàn
肉質	bah-tsit
肉跤	bah-kha
肉身	bah-sin
肉酥	bah-soo
肉醬	bah-tsiùnn
肉雞	bah-ke
肉類	bah-luī
肉餅	bah-piánn
肉餅面	bah-piánn-bīn
肉餡	bah-ānn
肉骨	bah-kut
肉骨茶	bah-kut-tê
肉體	jio̍k-thé
肉髻	bah-kè
肉魚	bah-hî
肉鮭	bah-kuê
肉鯽	bah-tsit
肉麻	bah-bâ
肌肉	ki-jio̍k
肌腱	ki-kiàn
肌膚	ki-hu
肏姦搦撟	tshoh-kàn-la̍k-kiāu
肏姦撟	tshoh-kàn-kiāu
肏姦訕	tshoh-kàn-suān
肖像	siàu-siōng
肖楠	siau-lâm
肖楠柏	siau-lâm-peh
肖榔	siau-lâng
肚仔	tóo-á
肚仔褲	tóo-á-khòo
肚伯仔	tōo-beh-á
肚內巧	tóo-lāi-khiáu
肚內疑	tóo-lāi-gî
肚內空	tōo-lāi-khang
肚尾	tōo-bué
肚帕仔	tōo-phè-á
肚帷仔	tōo-uî-á
肚底	tóo-té
肚掩	tōo-iám
肚盤	tōo-puânn
肚脹	tóo-tiòng
肚腸	tōo-tn̂g
肚臍下	tōo-tsâi-ē
肚臍想	tōo-tsâi-siūnn
肚臍蒂	tōo-tsâi-tì
肚臍風	tōo-tsâi-hong
肚蒂頭	tōo-tì-thâu
肚袋	tóo-tē
肚重	tóo-tāng
肚量	tōo-liāng
肚香	tōo-hiunn
肛門	kāng-mn̂g
肝包油	kuann-pau-iû
肝火	kan-hué
肝火盛	kuann-hué-sīng
肝炎	kuann-iām
肝病	kuann-pēnn
肝癌	kuann-gâm
肝硬化	kuann-ngē-huà
肝臟	kuann-tsōng
肝花	kan-hue
肝連	kuann-liân
肝閘仔	kuann-tsa̍h-á
股主	kóo-tsú
股仔囝	kóo-á-kiánn
股份	kóo-hūn
股份銀	kóo-hūn-gîn
股價	kóo-kè
股分	kóo-hun
股利	kóo-lī
股利率	kóo-lī-lu̍t
股市	kóo-tshī
股息	kóo-sik
股本	kóo-pún
股東	kóo-tong
股株	kóo-tu
股權	kóo-kuân
股票	kóo-phiò
股腳	kóo-kha
股金	kóo-kim
股長	kóo-tiúnn
股頭	kóo-thâu
肢體	ki-thé
肥丹	puî-tan
肥勒	Puî-li̍k
肥勒爺	puî-li̍k-iâ
肥帶	puî-tuà
肥料	puî-liāu
肥朒朒	puî-tsut-tsut
肥沃	huî-ak
肥油	puî-iû
肥泡泡	puî-phauh-phauh
肥湯	puî-thng
肥溢溢	puî-ioh-ioh
肥漬漬	puî-tsih-tsih
肥潤	puî-lūn
肥生	puî-senn
肥甪甪	puî-lut-lut
肥田粉	puî-tshân-hún
肥白	puî-pe̍h
肥的	puî-ê
肥盈盈	puî-innh-innh
肥糞	puî-pùn
肥肉	puî-bah
肥肭肭	puî-lut-sut
肥胖	puî-phàng
肥腯	puî-tún
肥腯腯	puî-tut-tut
肥豬	puî-ti
肥豬刀	puî-ti-to
肥豬豆	puî-ti-tāu
肥貓	puî-niau
肥起來	puî-khí-lâi
肥身	puî-sin
肥車車	puî-tshia-tshia
肥軟	puî-nńg
肥鐳鐳	puî-lui-lui
肥雋雋	puî-tsut-tsut
肥頓頓	puî-tǹg-tǹg
肨奶	hàng-lin
肨肥	hàng-puî
肩上	king-siāng
肩胛	king-kah
肩胛幔	king-kah-mua
肩胛拄肩胛	king-kah-tú-king-kah
肩胛頭	king-kah-thâu
肩胛頭相幔	king-kah-thâu-sio-mua
肩胛骨	king-kah-kut
肩頭	king-thâu
肩頭窟	king-thâu-khut
肯學	khíng-o̍h
肯定	khíng-tīng
肯德基	Khíng-tik-ki
肯讀	khíng-tha̍k
肯食苦	khíng-tsia̍h-khóo
育囝	io-kiánn
育囝母	io-kiánn-bó
育嬰	io̍k-enn
育幼	io̍k-iù
育幼院	io̍k-iù-īnn
育成	io̍k-sîng
育才	io̍k-tsâi
育樂	io̍k-lo̍k
育樂中心	io̍k-lo̍k-tiong-sim
育飼	io-tshī
肺炎	hì-iām
肺疱	hì-phā
肺病	hì-pēnn
肺癆	hì-lô
肺癌	hì-gâm
肺癭	hì-ing
肺癰	hì-ing
肺管	hì-kńg
肺管炎	hì-kńg-iām
肺結核	hì-kiat-hu̍t
肺脹	hì-tiòng
肺脹大	hì-tiòng-tuā
肺腑	hì-hú
肺膜	hì-mo̍oh
肺膜炎	hì-mo̍oh-iām
肺衣炎	hì-ui-iām
肺部	hì-pōo
胃下垂	uī-hā-suî
胃口	uī-kháu
胃慒慒	uī-tso-tso
胃散	uī-sán
胃潰瘍	uī-huè-iông
胃炎	uī-iām
胃癌	uī-gâm
胃腑	ūi-hú
胃腸	uī-tn̂g
胃蘊風	uī-ùn-hong
胃豆	uī-tāu
胃酸	uī-sng
背冊	puē-tsheh
背刺	puē-tshì
背包	puè-pau
背叛	puē-puān
背客	puē-kheh
背影	puè-íng
背後	puè-āu
背心	puè-sim
背景	puè-kíng
背景輻射	puē-kíng-hok-siā
背書	puē-tsu
背條肉	phiann-liâu-bah
背棄	puē-khì
背祖	puē-tsóo
背約	puē-iok
背耳	puē-hī
背離	puē-lī
背面	puè-bīn
背骨	puē-kut
胎孕	thai-īn
胎孕糖尿病	thai-īn-thn̂g-jiō-pēnn
胎屎	the-sái
胎權	thai-kuân
胎毛	the-mn̂g
胎瘤	thai-liû
胎盤	thai-puânn
胎膜	thai-mo̍oh
胎膜取樣	thai-mo̍oh-tshú-iūnn
胎衣	thai-ui
胖床	phòng-tshn̂g
胖椅	phòng-í
胖版	phòng-pán
胖獅獅	phòng-sai-sai
胖皮	phòng-phuê
胖碼	phòng-bé
胖紗	phòng-se
胖肚	phòng-tóo
胖起來	phòng-khí-lâi
胖頭	phòng-thâu
胖風	phòng-hong
胖風飽脹	phòng-hong-pá-tiùnn
胚仔	phue-á
胚命	phe-miā
胚模	phe-bôo
胚盤	phue-puânn
胚胎	phue-thai
胚腹	phe-pak
胛心肉	kah-sim-bah
胛脊	ka-tsiah
胛脊後	ka-tsiah-āu
胛脊骨	ka-tsiah-kut
胞兄	pau-hiann
胞弟	pau-tē
胞胎	pau-thai
胞衣	pau-i
胡仁豆	hôo-lîn-tāu
胡志強	Ôo-tsì-kiông
胡桃	ôo-thô
胡桐	ôo-tông
胡椒	hôo-tsio
胡椒蝦	hôo-tsio-hê
胡椒餅	hôo-tsio-piánn
胡椒鹽	hôo-tsio-iâm
胡溜	hôo-liu
胡為	hôo-uî
胡琴	ôo-khîm
胡脂麻	ôo-tsi-muâ
胡蠅	hôo-sîn
胡蠅屎	hôo-sîn-sái
胡蠅拍	hôo-sîn-phah
胡蠅拑規堆	hôo-sîn-khînn-kui-tui
胡蠅紙	hôo-sîn-tsuá
胡蠅翅	hôo-sîn-si̍t
胡蠅翼	hôo-sîn-si̍t
胡蠅膽	hôo-sîn-tánn
胡蠅草	hôo-sîn-tsháu
胡蠅虎	hôo-sîn-hóo
胡蠅黐	hôo-sîn-thi
胡說	hôo-suat
胡適	Hôo-sik
胡錦濤	Ôo-Gím-tô
胡麻鮸	ôo-muâ-bián
胭脂	ian-tsi
胭脂樹	ian-tsi-tshiū
胭脂米	ian-tsi-bí
胭脂花	ian-tsi-hue
胭脂豆	ian-tsi-tāu
胮箬	hàng-ha̍h
胮腫	hàng-tsíng
胰島素	î-tó-sòo
胳下	koh-ē
胳下櫳	koh-ē-lang
胳下空	koh-ē-khang
胳下胴	koh-ē-tâng
胳下跤	koh-ē-kha
胳空下	koh-khang-ē
胳耳空	koh-hīnn-khang
胸前	hing-tsîng
胸圍	hing-uî
胸坎	hing-khám
胸坎實實	hing-khám-tsa̍t-tsa̍t
胸坎毛	hing-khám-mn̂g
胸坎肉	hing-khám-bah
胸坎膈	hing-khám-keh
胸坎骨	hing-khám-kut
胸懷	hing-huâi
胸掛骨	hing-kuà-kut
胸槽	hing-tsô
胸章	hiong-tsiong
胸罩	hing-tà
胸聲	hing-siann
胸脊骨	hing-tsiah-kut
胸腹	hing-pak
胸膈	hing-keh
胸襟	hing-khim
胸頭	hing-thâu
能事	lîng-sū
能力	lîng-li̍k
能幹	lîng-kàn
能源	lîng-guân
能源危機	lîng-guân-guî-ki
能源局	lîng-guân-kio̍k
能源部	lîng-guân-pōo
能量	lîng-liāng
能量場	lîng-liōng-tiûnn
能隙	lîng-khiah
脂肪	tsí-hông
脅迫	hia̍p-pik
脅骨	hia̍p-kut
脆力	tshè-la̍t
脆命	tshè-miā
脆嘴	tshè-tshuì
脆擺	tshè-pái
脆氣	tshè-khuì
脆片	tshuì-phìnn
脆皮	tshè-phuê
脆雷	tshè-luî
脆風	sau-hong
脆餅	tshè-piánn
脆骨	tshè-kut
脈動	me̍h-tōng
脈搏	me̍h-phok
脈理	me̍h-lí
脈管	me̍h-kóng
脊椎	tsik-tsui
脊椎骨	tsik-tsui-kut
脊翅	tsit-tshì
脫不離	thuat-put-lī
脫五形	thuat-ngóo-hîng
脫仔	thuat-á
脫免	thuat-bián
脫化	thuat-huà
脫售	thuat-siû
脫嘴	thut-tshuì
脫尺	thut-tshē
脫帽	thuat-bō
脫手	thuat-tshiú
脫日子	thuah-li̍t-tsí
脫殼	thǹg-khak
脫氣	thuat-khì
脫水	thuat-tsuí
脫水機	thuat-tsuí-ki
脫班	thuat-pan
脫產	thuat-sán
脫皮	thuat-phuê
脫種	thuat-tsíng
脫稿	thuat-kó
脫窗	thuah-thang
脫箠	thut-tshuê
脫節	thuat-tsiat
脫籍	thuat-tsi̍k
脫線	thuat-suànn
脫罪	thuat-tsuē
脫胎	thu̍t-the
脫脂牛奶	thuat-tsi-gû-ling
脫脂綿	thuat-tsi-mî
脫腳	thut-kha
脫腸	thuat-tn̂g
脫腸頭	thut-tn̂g-thâu
脫臼	thut-khū
脫色	thuat-sik
脫衣舞	thuat-i-bú
脫走	thuat-tsáu
脫走離	thuat-tsáu-lī
脫身	thuat-sin
脫身離	thuat-sin-lī
脫輦	thut-lián
脫輪	thut-lûn
脫退	thuat-thè
脫逃	thuat-tô
脫過	thuah-kuè
脫險	thuat-hiám
脫離	thuat-lī
脫離束縳	thuat-lī-sok-pak
脫離關係	thuat-lī-kuan-hē
脫黨	thuat-tóng
脬囊	pha-lông
脯脯	póo-póo
脯蔫	poo-lian
脰項	tāu-hāng
脹大	tiùnn-tuā
脹屎龜	tiùnn-sái-ku
脹心	tiòng-sim
脹氣	tiòng-khì
脹水	tiùnn-tsuí
脹甲邊	tiùnn-kah-pinn
脹肚	tiòng-tóo
脹膽	tiòng-tám
脹膿	tiùnn-lâng
脹行	tiùnn-hīng
脺臟	tsuī-tsōng
脾土	pî-thóo
脾土袂合	pî-thóo-bē-ha̍h
脾土開	pî-thóo-khui
脾氣	phî-khì
脾疳	pî-kam
脾痛	pî-thiànn
脾胃	pî-uī
脾臟	pî-tsōng
腋下	hia̍p-ē
腌嬰仔	am-inn-á
腌屁	am-puì
腌管蟬	am-kóng-siâm
腌臢	a-tsa
腌蜅蟬	am-pôo-siâm
腌蜚	am-puī
腌蠳	iam-inn
腎上腺	sīn-siōng-sián
腎上腺素	sīn-siōng-sián-sòo
腎囊	sīn-lông
腎子	siān-tsí
腎水	sīn-tsuí
腎水旺	sīn-tsuí-ōng
腎水足	sīn-tsuí-tsiok
腎盂	sīn-û
腎臟	sīn-tsōng
腐化	hú-huà
腐敗	hú-pāi
腐爛	hú-nuā
腐蝕	hú-si̍t
腐蝕性	hú-si̍h-sìng
腐豆	hū-tāu
腔口	khiunn-kháu
腔調	khiunn-tiāu
腕力	uán-li̍k
腥臊	tshenn-tsho
腦下垂體	náu-hā-suî-thé
腦像力	náu-siōng-li̍k
腦充血	náu-tshiong-hiat
腦出血	náu-tshut-hueh
腦力	náu-li̍k
腦囝	náu-kiánn
腦後	náu-āu
腦油	ló-iû
腦波	náu-pho
腦溢血	náu-ik-hiat
腦炎	náu-iām
腦瘤	náu-liû
腦神經	náu-sîn-king
腦積血	náu-tsik-hiat
腦筋	náu-kin
腦筋斷	náu-kin-tuīnn
腦膜炎	náu-mo̍oh-iām
腦貧血	náu-pîn-hiat
腦部	náu-pōo
腦震盪	náu-tsín-tōng
腦頭蓋骨	náu-thâu-kuà-kut
腦髓	náu-tshué
腩肚肉	lám-tóo-bah
腫奶	tsíng-ling
腫瘤	tsíng-liû
腫膿	tsíng-lâng
腫豬頭爿	tsíng-ti-thâu-pîng
腫頷	tsíng-ām
腮嘴邊	sai-tshuì-pinn
腯母	thûn-bó
腯腯	tún-tún
腰內肉	io-lāi-bah
腰包	io-pau
腰囝	io-kiánn
腰子	io-tsí
腰子病	io-tsí-pēnn
腰子石仔	io-tsí-tsio̍h-á
腰子範	io-tsí-huān
腰子結石	io-tsí-kiat-tsio̍h
腰尺	io-tshioh
腰帶	io-tuà
腰斬	io-tsám
腰束	io-sok
腰果	io-kó
腰桶	io-tháng
腰椎骨	io-tsui-kut
腰痠背疼	io-sng-puē-thiànn
腰肚	io-tóo
腰肚帕	io-tōo-phè
腰脊骨	io-tsiah-kut
腰脊骨酸	io-tsiah-kut-sng
腰脺	io-tshioh
腰花	iau-hua
腰身	io-sin
腰際	io-tsè
腰骨	io-kut
腱子肉	kiàn-tsí-bah
腳上腿	kha-tsiūnn-thuí
腳下節	kha-ē-tsat
腳下腿	kha-ē-thuí
腳仔	kha-á
腳仔手	kha-á-tshiú
腳仔爪	kha-á-jiáu
腳仙	kha-sian
腳伐	kha-hua̍h
腳健	kha-kiānn
腳兜	kha-tau
腳刀	kha-to
腳力	kha-la̍t
腳勢	kha-sì
腳勼筋	kha-kiù-kin
腳印	kha-ìn
腳夫	kioh-hu
腳尖	kha-tsiam
腳尾	kha-bué
腳尾冷	kha-bué-líng
腳尾經	kha-bué-king
腳尾飯	kha-bué-pn̄g
腳巾	kha-kin
腳帛	kha-pe̍h
腳底	kha-té
腳底撓	kha-té-ngiau
腳廉	kha-liâm
腳廉刀	kha-liâm-to
腳彎	kha-uan
腳後卵	kha-āu-nn̄g
腳後彎	kha-āu-uan
腳後曲	kha-āu-khiau
腳後筋	kha-āu-kin
腳後肚	kha-āu-tóo
腳後距	kha-āu-kī
腳心	ngī-sim
腳手	kha-tshiú
腳手慢	kha-tshiú-bān
腳手軟	kha-tshiú-nńg
腳扣	kha-khàu
腳指	kha-tsáinn
腳指甲	kha-tsíng-kah
腳指頭	kha-tsíng-thâu
腳掙	kha-tsinn
腳掙踢	kha-tsinn-that
腳接腳	kha-tsiap-kha
腳擋	kha-tòng
腳擋仔	kha-tòng-á
腳擺擺	kha-pái-pái
腳數	kha-siàu
腳數戲	kha-siàu-hì
腳斡入	kha-uat-ji̍p
腳斡彎	kha-uat-uan
腳曲	kha-khiau
腳本	kha-pún
腳枷	kha-kê
腳桶	kha-tháng
腳梢	kha-sau
腳模	kha-bôo
腳步	kha-pōo
腳步手路	kha-pōo-tshiú-lōo
腳母草	kha-bó-tsháu
腳氣	kha-khì
腳氣病	kha-khì-pēnn
腳爪	kha-jiáu
腳爪仔	kha-liáu-á
腳球	kha-kiû
腳球場	kha-kiû-tiûnn
腳疊環	kha-thia̍p-khuân
腳疊盤	kha-thia̍p-phuân
腳疊蜷	kha-thia̍p-khûn
腳痕	kha-hûn
腳癬	kha-sián
腳皮錢	kha-phuê-tsînn
腳盤	kha-puânn
腳目	kha-ba̍k
腳目草	kha-ba̍k-tsháu
腳禁	kha-kìm
腳程	kha-thîng
腳筋	kha-kin
腳筋踃	kha-kin-siau
腳筒骨	kha-tâng-kut
腳節風	kha-tsat-hong
腳綴腳	kha-tuè-kha
腳縫	kha-phāng
腳縫下	kha-phāng-ē
腳繳	kha-kiáu
腳肚	kha-tóo
腳肚仁	kha-tóo-jîn
腳肚肉	kha-tóo-bah
腳肚腱	kha-tóo-kiān
腳肚骨	kha-tóo-kut
腳胴	kha-tâng
腳胴骨	kha-tâng-kut
腳脩	kha-sau
腳腕	kha-uánn
腳腿	kha-thuí
腳臼	kha-khū
腳號	kha-hō
腳蛸	kha-sau
腳蛸仔	kha-sau-á
腳趾甲	kha-tsńg-kah
腳距	kha-kī
腳跡	kha-jiah
腳跡底	kha-tsiah-té
腳踏	kha-ta̍h
腳踏仔	kha-ta̍h-á
腳踏差	kha-ta̍h-tsha
腳踏枋	kha-ta̍h-pang
腳踏椅	kha-ta̍h-í
腳踏石	kha-ta̍h-tsio̍h
腳踏腳	kha-ta̍h-kha
腳踏車	kha-ta̍h-tshia
腳踏錯	kha-ta̍h-tshò
腳蹄	kha-tê
腳蹠	kha-tsioh
腳車藤	kha-tshia-tîn
腳酸	kha-sng
腳錢	kioh-tsînn
腳鐐	kha-liâu
腳頭窩	kha-thâu-u
腳頭窩下	kha-thâu-u-ē
腳頭窩骨	kha-thâu-u-kut
腳頷	kha-kún
腳風	kha-hong
腳馬	kha-bé
腳骨	kha-kut
腳鼻廉	kha-phīnn-liâm
腸仔	tn̂g-á
腸仔炎	tn̂g-á-iām
腸仔熱	tn̂g-á-jia̍t
腸仔病	tn̂g-á-pēnn
腸仔瘍	tn̂g-á-siûnn
腸仔肚	tn̂g-á-tōo
腸仔膜	tn̂g-á-mo̍oh
腸滑	tiông-ku̍t
腸疝	tiông-sàn
腸癰	tiông-ing
腸肚	tn̂g-tōo
腸胃炎	tn̂g-uī-iām
腸頭	tn̂g-thâu
腸骨	tn̂g-kut
腹內	pak-lāi
腹內推	pak-lāi-tshia
腹內疑	pak-lāi-gî
腹內硨	pak-lāi-tshia
腹內肌	pak-lāi-ki
腹地	pak-tē
腹案	pak-àn
腹水	pak-tsuí
腹肌	pak-ki
腹肚	pak-tóo
腹肚內澈澈鬼	pak-tóo-lāi-theh-theh-kuí
腹肚內知知	pak-tóo-lāi-tsai-tsai
腹肚挺挺	pak-tóo-thāinn-thāinn
腹肚桶	pak-tóo-tháng
腹肚痛	pak-tóo-thiànn
腹肚脹	pak-tóo-tiòng
腹肚脹脹	pak-tóo-tiùnn-tiùnn
腹肚邊	pak-tóo-pinn
腹腸	pak-tn̂g
腹腸大	pak-tn̂g-tuā
腹膜炎	pak-mo̍oh-iām
腹臍	pak-tsâi
腹蓋	pak-kuà
腹蓋筋力	pak-kuà-kin-la̍t
腺體	suànn-thé
腿包	thuí-pau
腿庫飯	thuì-khòo-pn̄g
腿肉	thuí-bah
腿股肉	thuí-kóo-bah
腿股頭	thuí-kóo-thâu
腿褲	thuí-khòo
腿輪	thuí-lûn
腿頭	thuí-thâu
腿頭骨	thuí-thâu-kut
膀胱	phông-kong
膁肚	liám-tóo
膃肭	Ut-lut
膈下空	keh-ē-khang
膈肉	keh-bah
膈肌	keh-ki
膈食	keh-si̍t
膋垂	lâ-suē
膏水	ko-tsuí
膏筆	ko-pit
膏膏纏	ko-ko-tînn
膏藥	ko-io̍h
膚淺	hu-tshián
膚疹	hu-tsín
膜壁	mooh-piah
膜拜	mooh-pài
膜脈	mo̍oh-me̍h
膝下	tshik-hā
膝蓋骨	tshik-kài-kut
膠原蛋白	ka-guân-n̄ng-pe̍h
膠囊	ka-lông
膠囊咖啡	ka-lông-ka-pi
膠布	ka-pòo
膠質	ka-tsit
膢人	thīn-lâng
膢人嘍	thīn-lâng-loo
膣屄	tsi-bai
膨丁	phòng-ting
膨價	phòng-kè
膨凹鏡	phòng-nah-kiànn
膨唱	phòng-tshiàng
膨大	phòng-tuā
膨大海	phòng-tāi-hái
膨尾狸	phòng-bué-bâ
膨床	phòng-tshn̂g
膨椅	phòng-í
膨毛管	phòng-mn̂g-kńg
膨沖	phòng-tshìng
膨獅獅	phòng-sai-sai
膨皮	phòng-phuê
膨皰	phòng-phā
膨粉	phòng-hún
膨紗	phòng-se
膨紗刺	phòng-se-tshiah
膨紗衫	phòng-se-sann
膨紗針	phòng-se-tsiam
膨肚	phòng-tōo
膨肚短命	phòng-tōo-té-miā
膨脹	phòng-tiòng
膨脹力	phîng-tiòng-li̍k
膨腿	phòng-thuí
膨裙	phòng-kûn
膨起來	phòng-khí-lâi
膨蹋	phòng-thap
膨鏡	phòng-kiànn
膨面	phòng-bīn
膨風	phòng-hong
膨風仙	phòng-hong-sian
膨風豆	phòng-hong-tāu
膨風龜仔	phòng-hong-ku-á
膨餅	phòng-piánn
膨鼠	phòng-tshí
膩瓤	jī-nn̂g
膩瓤油	jī-nn̂g-iû
膳費	siān-huì
膵臟	tsuī-tsōng
膺任	ing-jīm
膺選	ing-suán
膽力	tám-li̍k
膽固醇	tánn-kòo-sûn
膽在	tánn-tsāi
膽寒	tám-hân
膽手	tám-tshiú
膽敢	tám-kánn
膽智	tám-tì
膽汁	tánn-tsiap
膽淋	tám-lîm
膽漢	tám-hàn
膽略	tám-lia̍k
膽石	tánn-tsio̍h
膽碄	tám-lîm
膽細	tánn-sè
膽結石	tánn-kiat-tsio̍h
膽綠	tánn-li̍k
膽膽	tám-tám
膽訪	tám-hóng
膽量	tám-liāng
膽頭	tánn-thâu
膽頭在	tann-thâu-tsāi
膿水	lâng-tsuí
膿漏目	lâng-lāu-ba̍k
膿瘍	lâng-siûnn
膿血	lâng-hueh
膿頭	lâng-thâu
臆堆	ioh-tui
臆測	ioh-tshik
臆著	ioh-tio̍h
臆謎	ioh-bī
臆謎猜	ioh-bī-tshai
臉孔	bīn-khang
臉面	lián-biān
臊味	tsho-bī
臊菜	tsho-tshài
臍帶	tsâi-tuà
臍疝	tsâi-sàn
臍風	tsâi-hong
臘人	la̍h-jîn
臘日	la̍h-ji̍t
臘月	la̍h-gue̍h
臘油	la̍h-iû
臘物	la̍h-bu̍t
臘盤	la̍h-puânn
臘肉	la̍h-bah
臘腸	la̍h-tshiâng
臘腸樹	la̍h-tshiâng-tshiū
臥房	gōo-pâng
臨安	Lîm-an
臨急	lîm-kip
臨時	lîm-sî
臨時政府	lîm-sî-tsìng-hú
臨時臨曜	lîm-sî-lîm-iāu
臨時臨要	lîm-sî-lîm-iāu
臨時臨陣	lîm-sî-lîm-tsūn
臨沂街	lîm-gî-ke
臨海	Lîm-hái
臨產	lîm-sán
臨當時	liâm-tong-sî
臨盆	lîm-phûn
臨邊	liâm-pinn
臨邊久	liâm-pinn-kú
臨邊時	lîm-pinn-sî
自主	tsū-tsú
自主管理	tsū-tsú-kuán-lí
自以為是	tsū-í-uî-sī
自任	tsū-jīm
自作	tsū-tsok
自作多情	tsū-tsok-to-tsîng
自作孽	tsū-tsok-gia̍t
自作自專	tsū-tsok-tsū-tsuan
自來	tsū-lâi
自來水	tsū-lâi-tsuí
自來火	tsū-lâi-hué
自保	tsū-pó
自信	tsū-sìn
自信心	tsū-sìn-sim
自修	tsū-siu
自備	tsū-pī
自傲	tsū-ngōo
自傳	tsū-tuān
自制	tsū-tsè
自剾	tsū-khau
自力	tsū-li̍k
自助	tsū-tsōo
自助餐	tsū-tsōo-tshan
自動	tsū-tōng
自動化	tsū-tōng-huà
自動櫃台機	tsū-tōng-kuī-tâi-ki
自動櫃員機	tsū-tōng-kuī-uân-ki
自動車	tsū-tōng-tshia
自動鉛筆	tsū-tōng-iân-pit
自動鎖	tsū-tōng-só
自動領錢機仔	tsū-tōng-niá-tsînn-ki-á
自卑	tsū-pi
自卑感	tsū-pi-kám
自古	tsū-kóo
自古早	tsū-kóo-tsá
自古無	tsū-kóo-bô
自嘲	tsū-tau
自在	tsū-tsāi
自大	tsū-tāi
自如	tsū-jî
自娛	tsū-gû
自學	tsū-ha̍k
自家人	tsū-ka-lâng
自家用	tsū-ka-iōng
自家用的	tsū-ka-iōng-ê
自專	tsū-tsuan
自尊	tsū-tsun
自尊心	tsū-tsun-sim
自居	tsū-ki
自己	tsū-kí
自幼	tsū-iù
自底	tsū-té
自建	tsū-kiàn
自強	tsū-kiông
自彼陣	tsū-hit-tsūn
自律	tsū-lu̍t
自得	tsū-tit
自從	tsū-tsiông
自愛	tsū-ài
自慰	tsū-uì
自應	tsū-ìng
自我介紹	tsū-ngóo-kài-siāu
自我安慰	tsū-ngóo-an-uì
自我實現	tsū-ngóo-si̍t-hiān
自投羅網	tsū-tâu-lô-bāng
自拔	tsū-pua̍t
自持	tsū-tshî
自按呢	tsū-án-ne
自揣死路	tsū-tshuē-sí-lōo
自撰	tsū-tsuān
自救	tsū-kiù
自新	tsū-sin
自斷	tsū-tuàn
自早	tsū-tsá
自是	tsū-sī
自暴自棄	tsū-pō-tsū-khì
自有	tsū-iú
自本	tsū-pún
自樂岫	tsū-lo̍k-siū
自此	tsū-tshú
自殺	tsū-sat
自民黨	Tsū-bîn-tóng
自決	tsū-kuat
自治	tsū-tī
自治區	tsū-tī-khu
自治權	tsū-tī-kuân
自治法	tsū-tī-huat
自治縣	tsū-tī-kuān
自治體	tsū-tī-thé
自滿	tsū-buán
自焚	tsū-hûn
自然	tsū-jiân
自然人	tsū-jiân-jîn
自然界	tsū-jiân-kài
自然的	tsū-jiân-ti̍k
自營商	tsū-îng-siong
自理	tsū-lí
自用	tsū-iōng
自用車	tsū-iōng-tshia
自由	tsū-iû
自由之戰	Tsū-iû-tsi-tsiàn
自由化	tsū-iû-huà
自由單字元	tsū-iû-tan-jī-guân
自由座	tsū-iû-tsō
自由廣場	Tsīr-iû-kóng-tiûnn
自由式	tsū-iû-sik
自由日	tsū-iû-ji̍t
自由時報	Tsū-iû-sî-pōo
自由業	tsū-iû-gia̍p
自由派	tsū-iû-phài
自由球	tsū-iû-kiû
自由自在	tsū-iû-tsū-tsāi
自由車	tsū-iû-tshia
自當	tsū-tong
自發	tsū-huat
自發性	tsū-huat-sìng
自白	tsū-pe̍h
自白書	tsū-pi̍k-su
自盡	tsū-tsīn
自相矛盾	tsū-siong-mâu-tún
自省	tsū-síng
自知	tsū-ti
自私	tsū-su
自稱	tsū-tshing
自立	tsū-li̍p
自細	tsū-sè
自細漢	tsū-sè-hàn
自細漢甲大漢	tsū-sè-hàn-kah-tuā-hàn
自組	tsū-tsoo
自給	tsū-kip
自縊	tsū-è
自習	tsū-si̍p
自翕	tsū-hip
自耕農	tsū-king-lông
自肥	tsū-huî
自苦	tsū-khóo
自衛	tsū-uē
自衛隊	tsū-uē-tuī
自製	tsū-tsè
自覺	tsū-kak
自設	tsū-siat
自許	tsū-hí
自訴	tsū-sòo
自誇	tsū-khua
自認	tsū-jīn
自豪	tsū-hô
自負	tsū-hū
自販機	tsū-huàn-ki
自責	tsū-tsik
自費	tsū-huì
自身難保	tsū-sin-lân-pó
自輦車	tsū-lián-tshia
自輪車	tsū-lián-tshia
自轉	tsū-tsuán
自轉車	tsū-tsuán-tshia
自遮	tsū-tsia
自重	tsū-tiōng
自閉	tsū-pì
自閉症	tsū-pì-tsìng
自開始	tsū-khai-sí
自開誇	tsū-khai-kho
自頭	tsū-thâu
自願	tsū-guān
自首	tsū-siú
自高	tsū-ko
臭七仔	tshàu-tshit-á
臭丸	tshàu-uân
臭人	tshàu-lâng
臭凋味	tshàu-ta-bī
臭凋庀	tshàu-ta-phí
臭凋色	tshàu-ta-sik
臭名	tshàu-miâ
臭名聲	tshàu-miâ-siann
臭名臭聲	tshàu-miâ-tshàu-siann
臭味	tshàu-bī
臭啣啣	tshàu-kānn-kānn
臭喙	tshàu-tshuì
臭喙邊	tshàu-tshuì-pinn
臭喙𦜆	tshàu-tshuì-ham
臭嘴	tshàu-tshuì
臭嘴角	tshàu-tshuì-kak
臭嘴邊	tshàu-tshuì-pinn
臭嘴頷	tshàu-tshuì-ham
臭土	tshàu-thôo
臭土味	tshàu-thôo-bī
臭奶呆	tshàu-ling-tai
臭奶獃	tshàu-ni-tai
臭奶花	Tshàu-ling-hue
臭婆	tshàu-pô
臭婊	tshàu-piáu
臭小囝	tshàu-sió-kiánn
臭尿味	tshàu-jiō-bī
臭尿破	tshàu-jiō-phuà
臭尿羶	tshàu-jiō-hiàn
臭尿薟	tshàu-jiō-hiam
臭屁	tshàu-phuì
臭屁囡仔	tshàu-phuì-gín-á
臭屎星	tshàu-sái-tshenn
臭屎楠	tshàu-sái-lâm
臭屎瓜	tshàu-sái-kue
臭川芎	tshàu-tshuan-kiong
臭彈	tshàu-tuānn
臭彈仙	tshàu-tuānn-sian
臭心想	tshàu-sim-siūnn
臭心肝	tshàu-sim-kuann
臭心行	tshàu-sim-hīng
臭憚	tshàu-tuānn
臭揚	tshàu-iāng
臭早死	tshàu-tsá-sí
臭杉味	tshàu-sam-bī
臭杏	tshàu-hīng
臭柑吐籠	tshàu-kam-thòo-láng
臭柑𪐞籠	tshàu-kam-tòo-láng
臭查某	tshàu-tsa-bóo
臭柴	tshàu-tshâ
臭柿子	tshàu-khī-á
臭椿	tshàu-tshun
臭樟	tshàu-tsiunn
臭殕米	tshàu-phú-bí
臭殕茶	tshàu-phú-tê
臭殕話	tshàu-phú-uē
臭殕面	tshàu-phú-bīn
臭毛毛	tshàu-moo-moo
臭氣	tshàu-khì
臭氧	tshàu-iâng
臭氧層	tshàu-iâng-tsân
臭水	Tshàu-tsuí
臭水庄	Tshàu-tsuí-tsng
臭汗酸	tshàu-kuānn-sng
臭汗餿	tshàu-kuānn-sio̍h
臭油	tshàu-iû
臭油味	tshàu-iû-bī
臭油埃	tshàu-iû-ai
臭油埃味	tshàu-iû-ai-bī
臭油餲	tshàu-iû-ai
臭液	tshàu-sio̍h
臭液話抾起來餾	tshàu-sio̍h-uē-khioh-khí-lâi-liū
臭溝仔	tshàu-kau-á
臭溝糜	tshàu-kau-muâi
臭濁	tshàu-tso̍k
臭火咯	tshàu-hué-loo
臭火氣	tshàu-hué-khì
臭火烙	tshàu-hué-lō
臭火焦	tshàu-hué-ta
臭火燒	tshàu-hué-sio
臭火燻	tshàu-hué-hun
臭焦兼著火	tshàu-ta-kiam-tio̍h-hué
臭焦疕	tshàu-ta-phí
臭焦補無熟	tshàu-ta-póo-bô-si̍k
臭爛	tshàu-nuā
臭狗蘇	tshàu-káu-soo
臭瓜	tshàu-kue
臭生荒	tshàu-tshenn-hng
臭生驚	tshàu-tshenn-kiann
臭疑	tshàu-gî
臭皮囊	tshàu-phuê-lông
臭短命	tshàu-té-miā
臭破味	tshàu-phuà-bī
臭空	tshàu-khang
臭空仔	tshàu-khang-á
臭笨	tshàu-pūn
臭素	tshàu-sòo
臭羊羶	tshàu-iûnn-hiàn
臭羶味	tshàu-hiàn-bī
臭羶猫	tshàu-hiàn-bâ
臭羶貓	tshàu-hiàn-niau
臭老	tshàu-lāu
臭耳聾	tshàu-hīnn-lâng
臭耳聾的	tshàu-hī-lâng-ê
臭聾	tshàu-lâng
臭肉	tshàu-bah
臭肉魚	tshàu-bah-hî
臭肚魚	tshàu-tōo-hî
臭肥	tshàu-puî
臭腥	tshàu-tshenn
臭腥仔	tshàu-tshènn-á
臭腥公	tshàu-tshènn-kong
臭腥母	tshàu-tshènn-bó
臭腥藤	tshàu-tshènn-tîn
臭腥龜	tshàu-tshènn-ku
臭腥龜仔	tshàu-tshènn/tshìnn-ku-á
臭腳餿	tshàu-kha-sio̍h
臭腹內	tshàu-pak-lāi
臭膣屄	tshàu-tsi-bai
臭臊	tshàu-tsho
臭臊味	tshàu-tsho-bī
臭臊神	tshàu-tsho-sîn
臭臊草	tshàu-tsho-tsháu
臭臭	tshàu-tshàu
臭臭花	Tshàu-tshàu-hue
臭艾	tshàu-hiānn
臭芝屄	tshàu-tsi-bai
臭花草	tshàu-hue-tsháu
臭茉莉	tshàu-ba̍k-nī
臭草	tshàu-tsháu
臭菊	tshàu-kiok
臭菊仔	tshàu-kiok-á
臭菜	tshàu-tshài
臭葉樹	tshàu-hio̍h-tshiū
臭薟薟	tshàu-hiam-hiam
臭薰酒味	tshàu-hun-tsiú-bī
臭薸	tshàu-phiô
臭藥丸仔	tshàu-io̍h-uân-á
臭蟲	tshàu-thâng
臭蠟樹	tshàu-la̍h-tshiū
臭行	tsháu-hīng
臭賤	tshàu-tsiān
臭賤人	tshàu-tsiān-jîn
臭賤婢	tshàu-tsiān-pī
臭賤相	tshàu-tsiān-siòng
臭賤骨	tshàu-tsiān-kut
臭酒味	tshàu-tsiú-bī
臭酒羶	tshàu-tsiú-hiàn
臭酸	tshàu-sng
臭酸想	tshàu-sng-siūnn
臭酸步	tshàu-sng-pōo
臭酸水	tshàu-sng-tsuí
臭酸話	tshàu-sng-uē
臭酸飯	tshàu-sng-pn̄g
臭重	tshàu-tāng
臭銅爛鐵	tshàu-tâng-nuā-thih
臭雪文	tshàu-sap-bûn
臭青	tshàu-tshenn
臭青仔	tshàu-tshenn-á
臭青公	tshàu-tshenn-kong
臭面	tshàu-bīn
臭頭	tshàu-thâu
臭頭山	tshàu-thâu-suann
臭頭爛耳	tshàu-thâu-nuā-hīnn
臭頭雞仔	tshàu-thâu-ke-á
臭頭鳥	tshàu-thâu-tsiáu
臭風	tshàu-hong
臭風草	tshàu-hong-tsháu
臭餿	tshàu-sio̍h
臭餿味	tshàu-sio̍h-bī
臭香	tshàu-hiunn
臭香貓	tshàu-hiong-niau
臭骨相	tshàu-kut-siòng
臭鬢鬍	tshàu-pìn-hôo
臭魚	tshàu-hî
臭鳥	tshàu-tsiáu
臭黃	tshàu-n̂g
臭鼠	tshàu-tshí
臭鼬	tshàu-iū
臭鼻蟲	tshàu-phīnn-thâng
臭龜仔	tshàu-ku-á
至上	tsì-siāng
至公無私	tsì-kong-bû-su
至善	tsì-siān
至多	tsì-to
至大	tsì-tuā
至尊	tsì-tsun
至少	tsì-tsió
至德	tsì-tik
至於	tsì-î
至極	tsì-ki̍k
至濟	tsì-tsē
至腹個	tsì-pak-ê
至誠	tsì-sîng
至高	tsì-ko
致使	tì-sú
致候	tì-hāu
致候詞	Tì-hāu-sû
致傷	tì-siong
致函	tì-hâm
致到	tì-kàu
致力	tì-li̍k
致勝	tì-sìng
致命	tì-bīng
致命傷	tì-bīng-siong
致命處	tì-bīng-tshù
致富	tì-hù
致廕	tì-ìm
致心	tì-sim
致恨	tì-hīn
致意	tì-ì
致成	tì-tsiânn
致敬	tì-kìng
致歉	tì-khiàm
致死	tì-sí
致甲	tì-kah
致病	tì-pēnn
致癌物	tì-gâm-bu̍t
致蔭	tì-ìm
致詞	tì-sû
致謝	tì-siā
致賀	tì-hō
致贈	tì-tsīng
致身命	tì-sin-miā
致辭	tì-sû
致送	tì-sàng
致重	tì-tāng
致電	tì-tiān
臺北人	Tâi-pak-lâng
臺北縣	Tâi-pak-kuān
臺北車頭	Tâi-pak-Tshia-thâu
臺南山上花園水道博物館	Tâi-lâm-San-siōng-Hua-uân-Tsuí-tō-Phok-bu̍t-kuán
臺南左鎮化石園區	Tâi-lâm-Tsó-tìn-Huà-tsio̍h-Uân-khu
臺南市兒童科學館	Tâi-lâm-tshī-Jî-tông-Kho-ha̍k-kuán
臺南市南瀛科學教育館	Tâi-lâm-tshī-Lâm-îng-Kho-ha̍k-Kàu-io̍k-kuán
臺南市原住民文物館	Tâi-lâm-tshī-Guân-tsū-bîn-Bûn-bu̍t-kuán
臺南市議政史料館	Tâi-lâm-tshī-Gī-Tsìng-Sú-liāu-kuán
臺南數位文創園區	Tâi-lâm-Sòo-uī-Bûn-tshòng-Uân-khu
臺南文化創意產業園區	Tâi-lâm-Bûn-huà-Tshòng-ì-Sán-gia̍p-Uân-khu
臺江	Tâi-kang
臺灣	Tâi-uân
臺灣人	Tâi-uân-lâng
臺灣大學	Tâi-uân-Tāi-ha̍k
臺灣查埔人	tâi-uân-tsa-poo-lâng
臺灣海	Tâi-uân-hái
臺灣閩南語常用詞辭典	Tâi-oân-Bân-lâm-gí-Siông-iōng-sû-Sû-tián
臺羅字	Tâi-lô-lī
臺羅拼音	Tâi-lô-phing-im
臺胞證	tâi-pau-tsìng
臺西	Tâi-se
臺話	Tâi-uē
臼仔槌	khū-á-thuî
臼齒	khū-khí
舀水	iúnn-tsuí
舂乓	tsing-piànn
舂乓賊	tsing-piànn-tsha̍t
舂墓壙	tsing-bōng-khòng
舂摃拍	tsing-kòng-phà
舂杵	tsing-tshú
舂碎	tsing-tshuì
舂米	tsing-bí
舂米所	tsing-bí-sóo
舂臼槌	tsing-khū-thuî
舂著	tsing-tio̍h
舂著壁	tsing-tio̍h-piah
舂車	tsing-tshia
舅仔	kū-á
舅仔姊夫	kū-á-tsí-hu
舅公	kū-kong
舅燈	kū-ting
舅表	kū-piáu
與會	í-huē
與民爭利	í-bîn-tsing-lī
與生俱來	í-sing-kū-lâi
與眾不同	í-tsiòng-put-tông
與賽	ú-sài
興中會	Hing-tiong-huē
興事	hìng-sū
興倒	hìng-táu
興兵	hing-ping
興喋	hìng-thi̍h
興國	hing-kok
興奮	hing-hùn
興奮劑	hìng-hùn-tse
興孤味	hìng-koo-bī
興安	Hìng-an
興建	hing-kiàn
興復	hing-ho̍k
興掣掣	hìng-tshuah-tshuah
興插事	hìng-tshap-sū
興敗	hing-pāi
興旺	hing-ōng
興查某	hìng-tsâ-bóo
興燒酒	hìng-sio-tsiú
興盛	hing-sīng
興睏貓	hìng-khùn-bâ
興築	hing-tio̍k
興粉味	hìng-hún-bī
興網路症頭	hing-bāng-lōo-tsìng-thâu
興耍	hìng-sńg
興致	hìng-tì
興衰	hing-suai
興觸	hìng-tak
興訟	hìng-siōng
興諍	hìng-tsènn
興講話	hìng-kóng-uē
興賤	hìng-tsiān
興起	hing-khí
興趣	hìng-tshù
興辦	hing-pān
興這味	hìng-tsit-bī
興這路	hìng-tsit-lōo
興酒	hìng-tsiú
興隆	hing-liông
興雅	hing-ngá
興革	hing-kik
興頭	hìng-thâu
興食	hìng-tsia̍h
舉世	kí-sè
舉人	kí-jîn
舉例	kí-lē
舉債	kí-tsè
舉出	kí-tshut
舉動	kí-tōng
舉國	kí-kok
舉奏板	gia̍h-tsàu-pán
舉家	kí-ke
舉手	gia̍h-tshiú
舉扦	gia̍h-tshuann
舉杯	kí-pue
舉止	kí-tsí
舉發	kí-huat
舉目	gia̍h-ba̍k
舉紅燈	gia̍h-âng-ting
舉行	kí-hîng
舉辦	kí-pān
舉重	kí-tāng
舉銃	kí-tshìng
舉雨傘	gia̍h-hōo-suànn
舉頭	gia̍h-thâu
舉頭旗	gia̍h-thâu-kî
舉頭鎗	gia̍h-thâu-tshiunn
舊事	kū-sū
舊人	kū-lâng
舊作	kū-tsok
舊例	kū-lē
舊冊	kū-tsheh
舊冊店	kū-tsheh-tiàm
舊制	kū-tsè
舊前年	kū-tsûn-nî
舊厝	kū-tshù
舊品	kū-phín
舊囉囉	kū-lo-lo
舊地	kū-tē
舊地址	kū-tē-tsí
舊址	kū-tsí
舊型	kū-hîng
舊套	kū-thò
舊套頭	kū-thò-thâu
舊存年	kū-tsûn-nî
舊屬	kū-sio̍k
舊岫	kū-siū
舊年	kū-nî
舊年度	kū-nî-tōo
舊底	kū-té
舊式	kū-sik
舊情	kū-tsîng
舊把戲	kū-pá-hì
舊換新	kū-uānn-sin
舊時	kū-sî
舊曆	kū-li̍k
舊曆年	kū-li̍k-nî
舊案	kū-àn
舊款	kū-khuánn
舊漚	kū-àu
舊漚舊臭	kū-àu-kū-tshàu
舊煙	kū-ian
舊營	kū-iânn
舊版	kū-pán
舊病	kū-pēnn
舊症	kū-tsìng
舊症頭	kū-tsìng-thâu
舊相	kū-siùnn
舊相好	kū-siang-hó
舊相相	kū-siùnn-siùnn
舊米	kū-bí
舊糟粕	kū-tsau-phoh
舊老博	kū-láu-phauh
舊落	kū-lo̍h
舊落落	kū-lak-lak
舊街巷	kū-ke-hāng
舊衫	kū-sann
舊親情	kū-tshin-tsiânn
舊觀	kū-kuan
舊話	kū-uē
舊調	kū-tiàu
舊譜照搬	kū-phóo-tsiàu-puann
舊貨	kū-huè
舊貨底	kū-huè-té
舊路	kuì-lōo
舊里族	Kū-lí-tso̍k
舊金山	Kū-kim-suann
舊頭腦	kū-thâu-náu
舊食新	kū-tsia̍h-sin
舌仔	tsi̍h-á
舌疳	tsi̍h-kam
舌疽	tsi̍h-tsu
舌癌	tsi̍h-gâm
舌苔	tsi̍h-thai
舌骨	tsi̍h-kut
舍人	sià-lâng
舍利子	sià-lī-tsú
舐共	tsīnn-kiōng
舐蟯	tsīnn-giô
舒底	tshu-té
舒暢	su-thiòng
舒服	su-ho̍k
舒毯仔	tshu-thán-á
舒爽	su-sóng
舒被	tshu-phuē
舒跤	tshu-kha
舖底	phoo-té
舖排	phoo-pâi
舖排話	phoo-pâi-uē
舖板	phoo-pán
舖蓋	phoo-kài
舖設	phoo-siat
舖面蟶	phoo-bīn-than
舞台	bú-tâi
舞台劇	bú-tâi-kio̍k
舞啥	bú-siánn
舞場	bú-tiûnn
舞大支關刀	bú-tuā-ki-kuan-to
舞女	bú-lú
舞害去	bú-hāi-khì
舞廳	bú-thiann
舞弄	bú-lāng
舞弊	bú-pè
舞曲	bú-khik
舞會	bú-huē
舞步	bú-pōo
舞池	bú-tî
舞法天女	Bú-huat-thian-lú
舞翼	bú-si̍t
舞者	bú-tsiá
舞草	bú-tsháu
舞蹈	bú-tō
舞蹈家	bú-tō-ka
舟山	Tsiu-suann
舢板	san-pán
舢舨仔	sam-pán-á
舢舨搖	sam-pán-iô
航向	hông-hiòng
航政	hông-tsìng
航政司	hâng-tsìng-si
航業	hông-gia̍p
航權	hông-kuân
航次	hông-tshù
航海	hâng-hái
航空	hâng-khong
航空器	hâng-khong-khì
航空批	hâng-khong-phe
航空母艦	hâng-khong-bú-lām
航空站	hâng-khong-tsām
航空衣	hâng-khong-i
航線	hâng-suànn
航行	hâng-hîng
航速	hâng-sok
航運	hâng-ūn
航道	hâng-tō
航點	hông-tiám
般若	pua̍t-jiá
舵公	tāi-kong
船主	tsûn-tsú
船仔	tsûn-á
船仔草	tsûn-á-tsháu
船位	tsûn-uī
船務	tsûn-bū
船名	tsûn-miâ
船咠	tsûn-tship
船員	tsûn-uân
船單	tsûn-tuann
船塢	tsûn-oo
船墘	tsûn-kînn
船尾	tsûn-bué
船工	tsûn-kang
船帽	suân-bō
船底	tsûn-té
船期	tsûn-kî
船桅	tsûn-uî
船棓	tsûn-pue
船槳	tsûn-tsiúnn
船民	tsûn-bîn
船澳	tsûn-ù
船破海坐底	tsûn-phuà-hái-tsē-té
船破海底坐	tsûn-phuà-hái-té-tsē
船碇	tsûn-tiànn
船票	tsûn-phiò
船租	tsûn-tsoo
船索	tsûn-soh
船肚	tsûn-tóo
船舶	tsûn-pi̍k
船艙	tsûn-tshng
船艦	tsûn-lām
船花	tsûn-hue
船蛆	tsûn-tshi
船資	tsûn-tsu
船路	tsûn-lōo
船身	tsûn-sin
船運	tsûn-ūn
船錢	tsûn-tsînn
船長	tsûn-tiúnn
船隊	tsûn-tuī
船隻	tsûn-tsiah
船面	tsûn-bīn
船頭	tsûn-thâu
船體	tsûn-thé
船齡	tsûn-lîng
艋舺	báng-kah
艙位	tshng-uī
艦上	lām-siāng
艦艇	lām-thíng
艦隊	lām-tuī
良善	liâng-siān
良多	liâng-to
良好	liâng-hó
良家婦女	liâng-ka-hū-lí
良心	liâng-sim
良心个猶未出世	liông-sim-ê-iáu-buē-tshut-sì
良性	liâng-sìng
良方	liâng-hong
良機	liâng-ki
良民	liâng-bîn
良知	liâng-ti
良策	liâng-tshik
良緣	liâng-iân
良藥	liâng-io̍h
良辰吉時	liông-sîn-kiat-sî
艱困	kan-khùn
艱苦	kan-khóo
艱苦人	kan-khóo-lâng
艱苦底	kan-khóo-té
艱苦心	kan-khóo-sim
艱苦生	kan-khóo-senn
艱苦聽	kan-khóo-thiann
艱苦過	kan-khóo-kuè
艱苦錢	kan-khóo-tsînn
艱計	kan-kè
艱辛	kan-sin
艱過	kan-kuè
艱鉅	kan-kù
艱難	kan-lân
色加	sik-ka
色巧話	sik-khá-uē
色彩	sik-tshái
色情	sik-tsîng
色情狂	sik-tsîng-kông
色斐亞	Sik-hui-a
色料	sik-liāu
色水	sik-tsuí
色水嬌	sik-tsuí-kiau
色牙	sik-gâ
色牙薰	sik-gâ-hun
色狼	sik-lông
色盲	sik-bông
色盲人	sik-mê-lâng
色筆	sik-pit
色素	sik-sòo
色緻	sik-tì
色致	sik-tì
色調	sik-tiāu
色風	sik-hong
艷旺	iām-ōng
艷色	iām-sik
艷顯	iām-hiánn
艷麗	iām-lē
艾條	hiānn-tiâu
艾森豪	Ngāi-sim-hô
艾絨	hiānn-jiông
艾綿	hiānn-mî
艾草	hiānn-tsháu
芋仔	ōo-á
芋仔冰	ōo-á-ping
芋仔汁	ōo-á-tsiap
芋仔角	ōo-á-kak
芋仔酥	ōo-á-soo
芋冰	ōo-ping
芋卵	ōo-nn̄g
芋圓頭	ōo-înn-thâu
芋婆	ōo-pô
芋棗	ōo-tsó
芋泥	ōo-nî
芋粿	ōo-ké
芋粿夢	Ōo-kué-bāng
芋絨	ōo-jiông
芋羹	ōo-kinn
芋莖	ōo-huâinn
芋莖菜尾	ōo-huâinn-tshài-bué
芋螺	ōo-lê
芋頭	ōo-thâu
芋顱頭	ōo-lû-thâu
芋鹹	ōo-kiâm
芍藥	tsiok-io̍k
芎林	khîng-nâ
芎蕉	king-tsio
芎蕉冰	king-tsio-ping
芎蕉欉	king-tsio-tsâng
芎蕉油	king-tsio-iû
芎蕉王	king-tsio-ông
芎蕉綠	king-tsio-li̍k
芎蕉霜	king-tsio-sng
芒掃	bâng-sàu
芒東仔	bâng-tang-á
芒硝	bông-siau
芒種	bông-tsíng
芒種雨	bông-tsíng-hōo
芒花	bâng-hue
芒草	bâng-tsháu
芒萁	bang-ki
芙蓉	hû-iông
芛目	ínn-ba̍k
芝加哥	Tsi-ka-ko
芝加哥大學	Tsi-ka-ko-tāi-ha̍k
芝屄	tsi-bai
芝屄毛	tsi-bai-mn̂g
芝屄水	tsi-bai-tsuí
芝屄蒂	tsi-bai-tì
芝屄蘡	tsi-bai-ínn
芝草	tsi-tshó
芝蘭一堡	Tsi-lân-it-pó
芝車力	tsi-ku-la̍t
芝麻	tsi-muâ
芟草	sing-tsháu
芡實	khiàm-si̍t
芥末	kài-bua̍h
芥菜	kuà-tshài
芥菜籽	kuà-tshài-tsí
芥蘭仔	kài-nâ-á
芥辣	kài-lua̍h
芫荽	iân-sui
芬園	Hun-hn̂g
芬蘭	Hun-lân
芭荖鬱仔	Pa-láu-ut-á
芭蕉	pa-tsio
芭蕉魚	pa-tsiau-hî
芭蕾	pa-lé
芭蕾舞	pa-lé-bú
花串	hue-tshǹg
花人	hue-lâng
花仔傘	hue-á-suànn
花仔和尚	hue-á-huê-siūnn
花仔布	hue-á-pòo
花仔菜	hue-á-tshài
花仔衫	hue-á-sann
花仔裙	hue-á-kûn
花冠	hue-kuan
花卉	hua-huì
花卷	hue-kǹg
花台	hue-tâi
花哩囉	hue-lí-lô
花嗄嗄	hue-sà-sà
花噴	hue-phùn
花囉	hue-lo
花囉狗	hue-lo-káu
花囉貓	hue-lo-niau
花囉雞	hue-lo-ke
花囉馬	hue-lo-bé
花圃	hue-phóo
花園	hue-hn̂g
花坩	hue-khann
花壇	hue-tuânn
花娘	hue-niû
花婆嘴	hue-pô-tshuì
花婆話	hue-pô-uē
花子	hue-tsí
花字	hue-jī
花季	hue-kuì
花客	hue-kheh
花尋	hue-tsîm
花尾	hue-bué
花崗石	hua-kong-tsio̍h
花巴哩貓	hue-pa-lí-niau
花市	hue-tshī
花店	hue-tiàm
花式	hue-sik
花心	hue-sim
花扮	hue-pān
花押	hua-ah
花搭仔	hue-tah-á
花攤	hue-thuann
花斑	hiau-pai
花斑馬	hue-pan-bé
花斑點	hue-pan-tiám
花施血解	hue-si-hiat-kái
花旗	Hua-kî
花旗銀行	Hua-kî-gîn-hâng
花旦	hue-tuànn
花期	hue-kî
花木	hue-bo̍k
花東縱谷	Hua-tong-Tsiòng-kok
花東縱谷平原	Hua-tong-Tsiòng-kok-Pîng-guân
花枝	hue-ki
花枝丸	hue-ki-uân
花枝仔	hue-ki-á
花枝招展	hua-tsi-tsiau-tián
花枝船	hue-ki-tsûn
花柄	hue-pènn
花柱	hue-thiāu
花柳病	hua-liú-pēnn
花柳症	hua-liú-tsìng
花栽	hue-tsai
花條馬	hue-tiâu-bé
花梨	hue-lâi
花椒	hua-tsio
花樣	hue-iūnn
花欉	hue-tsâng
花款	hue-khuán
花殼仔	hue-khak-á
花海棠	hue-hái-tông
花消	hua-siau
花漉漉	hue-lo̍k-lo̍k
花煙	hue-ian
花煙仔	hue-ian-á
花燈	hue-ting
花燕仔	hue-ìnn-á
花環	hue-khuân
花瓜	hue-kue
花瓜仔	hue-kue-á
花瓣	hue-pān
花瓶	hue-pân
花用	hue-iōng
花疑訝	hue-gî-nga
花痕	hue-hûn
花痴	hue-tshi
花癲	hua-tian
花盆	hue-phûn
花眉仔	hue-bî-á
花眉舅仔	hue-bî-kū-á
花矸	hue-kan
花砂糖	hue-sua-thn̂g
花磚	hue-tsng
花神	hue-sîn
花稈	hue-kuáinn
花種	hue-tsíng
花童	hua-tông
花箍	hue-khoo
花範	hue-pān
花籃	hue-nâ
花籽	hue-tsí
花粉	hue-hún
花粉熱	hue-hún-jia̍t
花粉鏡	hue-hún-kiànn
花粉頭	hue-hún-thâu
花糋	hue-tsìnn
花紅柳綠	hue-âng-liú-li̍k
花絮	hue-sù
花翱	hue-kô
花翱翱	hue-kô-kô
花脯	hue-pôo
花臉面	hue-lián-bīn
花臉鴨	he-lián-ah
花色	hue-sik
花花	hue-hue
花花世界	hua-hua-sè-kài
花花仔	hue-hue-á
花花公子	hua-hua-kong-tsú
花花挕挕	hue-hue-hìnn-hìnn
花花草草	hue-hue-tsháu-tsháu
花芳	hue-phang
花苓仔	hue-lîng-á
花茶	hue-tê
花草	hue-tsháu
花草步	hue-tsháu-pōo
花莓	hue-m̂
花菜	hue-tshài
花葉	hue-hio̍h
花蒂	hue-tì
花蓮	Hua-lian
花蓮嘴	hue-liân-tshuì
花蓮市	Hua-liân-tshī
花蓮港	Hue-liân-káng
花蓮石雕節	Hua-liân-Tsio̍h-tiau-tseh
花蓮縣	Hua-liân-kuān
花蓮豆	huê-liân-tāu
花蕊	hue-luí
花蘡	hue-ínn
花蛤	hue-kap
花蜜	hue-bi̍t
花螺	hue-lê
花蠽仔	hue-tshi̍h-á
花血	hue-hiat
花言巧語	hua-giân-khá-gí
花貓貓	hue-niau-niau
花跤仔	hue-kha-á
花身	hue-sin
花身仔	hue-sin-á
花車	hue-tshia
花轎	hue-kiō
花逝	hue-tsuā
花逝馬	hue-tsuā-bé
花邊	hue-pinn
花都	hue-too
花酒	hue-tsiú
花鋟	hue-tshiám
花錦地	hua-gím-tē
花鏡	hue-kiànn
花間	hue-king
花雞	hue-ke
花霸王	Hue-pà-ông
花面	hue-bīn
花飛	hue-hui
花馬	hue-bé
花鬚	hue-tshiu
花魚	hue-hî
花鮡	hue-thiâu
花鯧	hue-tshiunn
花鯽	hue-tsit
花鰍	hue-liu
花鰱	hue-liân
花鰱魚	hue-liân-hî
花鰷	hue-thiâu
花鰷魚	hue-thiâu-hî
花鰻	hue-muâ
花鱸	hue-lôo
花鳥	hue-tsiáu
花鹿	hue-lo̍k
花鹿鹿	hue-lo̍k-lo̍k
花點	hue-tiám
花點母	hue-tiám-bó
花點龜仔	hue-tiám-ku-á
花齣	hua-tshut
花龜仔	hue-ku-á
芳名	hong-bîng
芳味	phang-bī
芳噴噴	phang-phùn-phùn
芳心	hong-sim
芳料	phang-liāu
芳料草	phang-liāu-tsháu
芳柴	phang-tshâ
芳桂	phang-kuì
芳樟	phang-tsiunn
芳氣	phang-khì
芳水	phang-tsuí
芳沖沖	phang-tshìng-tshìng
芳油	phang-iû
芳滾滾	phang-kún-kún
芳獐	phang-kiunn
芳瓜	phang-kue
芳甜	phang-tinn
芳粉	phang-hún
芳精	phang-tsing
芳臭	phang-tshàu
芳芬噴霧	phang-hun-phùn-bū
芳花	phang-hue
芳芳	phang-phang
芳苑	hong-uán
芳茶箍	phang-tê-khoo
芳草花	phang-tsháu-hue
芳菜	phang-tshài
芳貢貢	phang-kòng-kòng
芳蹤	hong-tsong
芳鄰	hong-lîn
芳酥	phang-soo
芳雪文	phang-sap-bûn
芳頭	phang-thâu
芳香	phang-hiunn
芳香味	phang-hiunn-bī
芳鼠	phang-tshí
芳齡	hong-lîng
芹菜	khîn-tshài
苓雅	Lîng-ngá
苕苕	siô-siô
苗博雅	Biâu-Phok-ngá
苗圃	biâu-phóo
苗族	Biâu-tso̍k
苗栗	Biâu-li̍k
苗栗市	Biâu-li̍k-tshī
苗條	biâu-tiâu
苛打	kho-tánn
苛水	kho-tsuí
苛求	kho-kiû
苛燥	kho-sò
苛責	kho-tsik
苛風	kho-hong
苜蓿	bo̍k-siok
苟意	kóo-ì
苟簡	kóo-kán
若像	ná-tshiūnn
若內弗	Jio̍k-luē-hut
若咧行灶跤	ná-leh-kiânn-tsàu-kha
若定	nā-tiānn
若是	nā-sī
若是電話亭	nā-sī-tiān-uē-tîng
若有	nā-ū
若欲	nā-beh
若欲是	nā-beh-sī
若歕雞胿仝款	ná-pûn-ke-kui-kāng-khuán
若準	nā-tsún
若無	nā-bô
若甲	nā-kah
苦不堪言	khóo-put-kham-giân
苦主	khóo-tsú
苦人毋亂較功夫咧	khóo-lâng-m̄-luān-khah-kang-hu-leh
苦倚	khóo-uá
苦刑	khóo-hîng
苦力	khóo-li̍k
苦功夫	khóo-kang-hu
苦勸	khóo-khǹg
苦厄	khóo-eh
苦命	khóo-miā
苦嘆	khóo-thàn
苦塊塊	khóo-teh-teh
苦境	khóo-kíng
苦學	khóo-ha̍k
苦尾菜	khóo-bué-tshài
苦工	khóo-kang
苦役	khóo-ia̍h
苦心	khóo-sim
苦思	khóo-su
苦悶	khóo-būn
苦情	khóo-tsîng
苦惡鳥	khóo-ònn-tsiáu
苦惱	khóo-náu
苦慼	khóo-tshueh
苦戰	khóo-tsiàn
苦戲	khóo-hì
苦掩	khóo-iám
苦掩掩	khóo-iám-iám
苦揜揜	khóo-ia̍p-ia̍p
苦斂	khóo-liám
苦於奔命	khóo-î-phun-bīng
苦旦	khóo-tuànn
苦旱	khóo-huānn
苦林盤	khóo-nâ-puânn
苦果	khóo-kó
苦柱	khóo-thiāu
苦柱仔	khóo-thiāu-á
苦株	khóo-tu
苦桃	khóo-thô
苦棟	khóo-tòng
苦楚	khóo-tshóo
苦楝	khóo-līng
苦楝公	khóo-līng-kang
苦楝舅	khóo-līng-kū
苦樂	khóo-lo̍k
苦樗	khóo-thi
苦樹	khóo-tshiū
苦死	khóo-sí
苦毋	khóo-m̄
苦毒	khóo-to̍k
苦毛	khóo-mn̂g
苦氣	khóo-khì
苦水	khóo-tsuí
苦海	khóo-hái
苦湯	khóo-thng
苦無	khóo-bô
苦瓜	khóo-kue
苦瓜箍	khóo-kue-khoo
苦瓜草	khóo-kue-tsháu
苦瓜面	khóo-kue-bīn
苦甘	khóo-kam
苦甘仔	khóo-kam-á
苦痛	khóo-thàng
苦皮	khóo-phuê
苦皮樹	khóo-phuê-tshiū
苦窯	khóo-iô
苦竹	khóo-tik
苦笑	khóo-tshiò
苦篤篤	khóo-ta̍k-ta̍k
苦糟仔	khóo-tso-á
苦素	khóo-sòo
苦練	khóo-liān
苦肉計	khóo-jio̍k-kè
苦花	khóo-hue
苦茶	khóo-tê
苦茶仔油	khóo-tê-á-iû
苦草	khóo-tsháu
苦菜	khóo-tshài
苦葉葉	khóo-ia̍p-ia̍p
苦藍盤	khóo-nâ-puânn
苦藥	khóo-io̍h
苦蚵仔	khóo-ô-á
苦行	khóo-hīng
苦衷	khóo-thiong
苦袂得	khóo-bē-tit
苦袂當	khóo-bē-tàng
苦袂通	khóo-bē-thang
苦讀	khóo-tho̍k
苦買菜	khóo-bé-tshài
苦里	khu-lí
苦雞母	khóo-ke-bó
苦難	khóo-lān
苦驚	khóo-kiann
苦麻	khóo-muâ
苦齣	khóo-tshut
苧仔	tuē-á
苧仔布	tuē-á-pòo
苧仔索	tē-á-soh
苧仔絲	tuē-á-si
苧仔線	tē-á-suànn
苧仔薯	tê-á-tsî
苧仔衫	tê-á-sann
英仔花	ing-á-hue
英仔草	ing-á-tsháu
英俊	ing-tsùn
英傑	ing-kia̍t
英勇	ing-ióng
英吋	ing-tshùn
英名	ing-bîng
英哩	ing-lí
英國	Ing-kok
英國人	Ing-kok-lâng
英國文	Ing-kok-bûn
英國煎餅	Ing-kok-tsian-piánn
英國花	ing-kok-hue
英國話	Ing-kok-uē
英姿	ing-tsu
英威	ing-ui
英威磅磅	ing-ui-pōng-pōng
英寸	ing-tshùn
英尺	ing-tshioh
英年	ing-nî
英才	ing-tsâi
英文	Ing-bûn
英明	ing-bîng
英格蘭	Ing-kik-lân
英氣	ing-khì
英漢字典	Ing-Hàn-jī-tián
英烈	ing-lia̍t
英畝	ing-bóo
英石	ing-tsio̍h
英美	Ing-bí
英華	ing-huâ
英蘭	Ing-lân
英語	Ing-gí
英豪	ing-hô
英軍	Ing-kun
英里	ing-lí
英鎊	Ing-pōng
英雄	ing-hiông
英雄聯盟	ing-hiông-liân-bîng
英靈	ing-lîng
英魂	ing-hûn
苹仔	phîn-á
苹果梨	phîng-kó-lâi
茁嘴齒	puh-tshuì-khí
茁泡	puh-phā
茁膿	puh-lâng
茁芽	puh-gê
茁蘡	puh-ínn
茂林	bōo-lîm
茂盛	bōo-sīng
茂谷柑	Bōo-kok-kam
范蠡	Huān-Lê
茄仔色	kiô-á-sik
茄冬樹	ka-tang-tshiū
茄投	Ka-tâu
茄朾	ka-tiann
茄榱	ka-sui
茄毛球	Kiô-mn̂g-kiû
茄皮鼠	Kiô-phî-tshí
茄竹筍	ka-tik-sún
茄色	kiô-sik
茄苳	ka-tang
茄苳樹	ka-tang-tshiū
茄苳跤	ka-tang-kha
茄茉菜	ka-bua̍h-tshài
茄荻筍	ka-ti̍k-sún
茄萣	Ka-tiānn
茄藤	ka-tîng
茄藤樹	ka-tîn-tshiū
茅仔	hm̂-á
茅仔草	hm̂-á-tsháu
茅根草	hm̂-kin-tsháu
茅草	hm̂-tsháu
茅草根	hm̂-tsháu-kin
茅菅	hm̂-kuann
茅蘆	mâu-lôo
茈雞毋捌鳥	tsínn-ke-m̄-bat-tsiáu
茉草	bua̍h-tsháu
茉莉	ba̍k-ni
茜草	tshiàn-tsháu
茨城	Tsû-sîng
茨城縣	Tsû-sîng-kuān
茫然	bông-jiân
茫煙散霧	bông-ian-sàn-bū
茫罕罕	pâng-huánn-huánn
茫茫	bâng-bâng
茫茫渺渺	bông-bông-biáu-biáu
茫霧	bông-bū
茭白筍	kha-pe̍h-sún
茯苓	ho̍k-lîng
茱萸	tsu-jû
茲事體大	tsu-sū-thé-tuā
茳芏	kang-tōo
茴香	huê-hiunn
茶具	tê-khū
茶凍	tê-tàng
茶几仔	tê-kí-á
茶匙仔癀	tê-sî-á-hông
茶卵滷	tê-nn̄g-lóo
茶卵鼠	Tê-nn̄g-tshí
茶叢	tê-tsâng
茶咠	tê-tship
茶園	tê-hn̂g
茶垢	tê-káu
茶壺	tê-ôo
茶室	tê-sik
茶尾	tê-bué
茶尿	tê-liō
茶店	tê-tiàm
茶店仔	tê-tiàm-á
茶心	tê-sim
茶心卵	tê-sim-nn̄g
茶心粕	tê-sim-phoh
茶心茶	tê-sim-tê
茶房	tê-pâng
茶攤	tê-thuann
茶斑蛇	tê-pan-tsuâ
茶會	tê-huē
茶末	tê-bua̍t
茶杯	tê-pue
茶枝	tê-ki
茶桌	tê-toh
茶桌仔	tê-toh-á
茶桌仔位	tê-toh-á-uī
茶棚	tê-pînn
茶業	tê-gia̍p
茶樹	tê-tshiū
茶機仔	tê-ki-á
茶欉	tê-tsâng
茶水	tê-tsuí
茶油	tê-iû
茶洗	tê-sé
茶海星	Tê-hái-tshenn
茶湯會	Tê-thng-huē
茶滓	tê-tái
茶滷卵	tê-lóo-nn̄g
茶瓶	tê-pân
茶甌	tê-au
茶甌苴	tê-au-tsū
茶盅	tê-tsing
茶盤	tê-puânn
茶箍	tê-khoo
茶箍粉	tê-khoo-hún
茶箍精	tê-khoo-tsing
茶米	tê-bí
茶米卵	tê-bí-nn̄g
茶米店	tê-bí-tiàm
茶米粕	tê-bí-phoh
茶米罐仔	tê-bí-kuàn-á
茶米茶	tê-bí-tê
茶米草	tê-bí-tsháu
茶綠	tê-li̍k
茶罐	tê-kuàn
茶舞	tê-bú
茶船	tê-tsûn
茶色	tê-sik
茶色目鏡	tê-sik-ba̍k-kiànn
茶芛	tê-ínn
茶花	tê-hue
茶葉	tê-hio̍h
茶葉樹	tê-hio̍h-tshiū
茶葉蛋	tê-hio̍h-nn̄g
茶蘭	tê-lân
茶蟲	tê-thâng
茶行	tê-hâng
茶話會	tê-uē-huē
茶道	tê-tō
茶配	tê-phuè
茶酒	tê-tsiú
茶鈷	tê-kóo
茶隼	tê-tsún
茶餅	tê-piánn
茶餅會	tê-piánn-huē
茶館	tê-kuán
茶鹽	tê-kóo
茶點招待	tê-tiám-tsiau-thāi
茹亂	jû-luān
茹倨	lû-kù
茹冗冗	jî-tsháng-tsháng
茹唸	jû-liām
茹氅氅	jî-tsháng-tsháng
茹狂狂	jû-kông-kông
茹絞絞	jî-ká-ká
茹絮夢	jû-sù-bāng
茹茸鬖框	lû-liông-sàm-khing
茹藏藏	lû-tsháng-tsháng
茹頭鬖髻	lû-thâu-sàm-kè
茹馬馬	lû-bé-bé
茹鬖鬖	lû-sàm-sàm
茺蔚子	tshiong-uì-tsí
茼蒿	tâng-o
茼蒿菜	tâng-o-tshài
荀子	Sûn-tsú
荇菜	hīng-tshài
草丑仔	tsháu-thiúnn-á
草丑仔魚	tsháu-thiúnn-á-hî
草人	tsháu-lâng
草仔	tsháu-á
草仔埔	tsháu-á-poo
草仔墓	tsháu-á-bōng
草仔性	tsháu-á-sìng
草仔枝會經倒人	tsháu-á-ki-ē-kenn-tó-lâng
草仔色	tsháu-á-sik
草其大約仔	tsháu-kî-tāi-iok-á
草其略仔	tsháu-kî-lio̍k-á
草刺	tsháu-tshì
草包仔	tsháu-pau-á
草厝	tsháu-tshù
草嘓	tsháu-kok
草囷	tsháu-khûn
草地	tsháu-tē
草地人	tsháu-tē-lâng
草地倯	tsháu-tē-sông
草地傖	tsháu-tē-sông
草地發靈芝	tsháu-tē-huat-lîng-tsi
草坪	tsháu-pînn
草垺	tsháu-pû
草埔	tsháu-poo
草埔仔	tsháu-poo-á
草堆	tsháu-tui
草塞仔	tshó-that-á
草子仔	tsháu-tsí-á
草寮仔	tsháu-liâu-á
草屯	Tsháu-tùn
草山	Tsháu-suann
草擬	tsháu-gí
草料	tsháu-liāu
草書	tshó-su
草木	tsháu-bo̍k
草根	tsháu-kin
草案	tsháu-àn
草橄仔	tshó-kan-á
草橄欖	tshó-kann-ná
草橄欖油	tshó-kan-ná-iû
草氣	tsháu-khì
草沖	tsháu-tshìng
草泥馬	tshó-nî-má
草海桐	tshó-hái-tông
草猴	tsháu-kâu
草疕	tsháu-phí
草疕仔	tsháu-phí-á
草稿	tsháu-kó
草笠	tsháu-lue̍h
草笠仔	tsháu-le̍h-á
草箍	tshó-khoo
草約	tsháu-iok
草索	tsháu-soh
草花	tshó-hue
草莓	tshì-pho
草菅人命	tsháu-kan-jîn-bīng
草菇	tsháu-koo
草菊仔	tsháu-kiok-á
草菜	tsháu-tshài
草蓆	tsháu-tshio̍h
草蔬	tsháu-se
草藥	tsháu-io̍h
草蘢	tsháu-lang
草蘭	tsháu-lân
草蛇	tsháu-tsuâ
草蜞	tsháu-khî
草蜢	tsháu-mé
草蜢仔腿	tsháu-mé-á-thuí
草蜢公	tsháu-mé-kong
草蝦	tsháu-hê
草豹	tsháu-pà
草貓	tsháu-niau
草踏	tsháu-ta̍h
草金	tsháu-kim
草鉼	tsháu-phiánn
草銃	tsháu-tshìng
草錦	tsháu-kím
草鍥	tsháu-keh
草間	tsháu-king
草雞仔	tsháu-ke-á
草鞋	tsháu-ê
草鞋墩	Tsháu-ê-tun
草鞋板	tsháu-ê-pán
草鞋禮	tsháu-ê-lé
草鞋蟲	tsháu-ê-thâng
草頭露	tsháu-thâu-lōo
草骨	tsháu-kut
草魚	tsháu-hî
草齴	tsháu-giàng
草龍	tsháu-lîng
荏弱	lám-jio̍k
荏懶	lám-nuā
荏漢	lám-hàn
荏牛厚屎尿	lám-gû-kāu-sái-jiō
荏腳	lám-kha
荏腳數	lám-kha-siàu
荏荏馬嘛有一步踢	lám-lám-bé-mā-ū-tsi̍t-pōo-that
荏貨	lám-huè
荏路	lám-lōo
荏身命	lám-sin-miā
荏馬	lám-bé
荒唐	hong-tông
荒地	hn̂g-tē
荒埔	hng-poo
荒山	hong-san
荒年	hong-liân
荒廢	hng-huì
荒心	hong-sim
荒村	hong-tshuan
荒荒廢廢	hng-hng-huì-huì
荒荒挕挕	hng-hng-hìnn-hìnn
荒蕪	hong-bû
荒謬	hong-biū
荒譀	hong-hàm
荒郊	hong-kau
荒郊野外	hong-kau-iá-guā
荒野	hong-iá
荒頭狗	hong-thâu-káu
荔城	Nāi-siânn
荔枝	nāi-tsi
荔枝角	nāi-tsi-kak
荔鏡記	Nāi-kìng-kì
荖花	láu-hue
荖草	láu-tsháu
荖葉	láu-hio̍h
荖藤	láu-tîn
荷仔	hô-á
荷包	hâu-pau
荷包仔	hô-pau-á
荷包花	hô-pau-hue
荷包草	hô-pau-tsháu
荷包蟯	hâu-pau-giô
荷樹	hô-tshiū
荷爾蒙	hô-ní-bông
荷花	hô-hua
荷葉蓮	hô-hio̍h-liân
荷蘭	Hô-lân
荷蘭人	Hô-lân-lâng
荷蘭水	Hô-lân-tsuí
荷蘭煎餅	Hô-lân-tsian-piánn
荷蘭薯	hô-lân-tsî
荷蘭豆	hô-lân-tāu
荷蘭豬	hô-lân-ti
荷里聿	Hô-lí-u̍t
莆田	Phôo-tshân
莊嚴	tsong-giâm
莊官	tsng-kuann
莊腳	tsng-kha
莊腳人	tsng-kha-lâng
莊重	tsong-tiōng
莊頭	tsng-thâu
莎雞	sa-ke
莒光日	kí-kong-ji̍t
莒光號	kí-kong-hō
莓仔	m̂-á
莧菜	hīng-tshài
莫亂吼	mài-luān-háu
莫佇遐咧喙𪁎	mài-tī-hia-leh-tshuì-tshio
莫假	mài-ké
莫假𠢕	mài-ké-gâu
莫共我磕	mài-kā-guá-kha̍p
莫卻	bo̍h-khioh
莫去	mài-khì
莫受氣	mài-siū-khì
莫名其妙	bo̍k-bîng-kî-miāu
莫吵	mài-tshá
莫問真恐怖	mài-mn̄g-tsin-khióng-pòo
莫問足恐怖	mài-mn̄g-tsiok-khióng-pòo
莫囉嗦	mài-lo-so
莫大	bo̍k-tāi
莫怪	bo̍k-kuài
莫想傷濟	mài-siōnn-sionn-tsē
莫想遐濟	mài-siōnn-hiah-tsē
莫惹我	mài-jiá-guá
莫戇矣	mài-gōng-ah
莫振動	mài-tín-tāng
莫捏	bo̍k-liap
莫放袂記	mài-pàng-bē-kì
莫斯科	Bo̍k-su-kho
莫東樓	mài-tang-lâu
莫理頓	Bo̍h-lí-tǹg
莫用	bo̍k-īng
莫耳	bo̍k-ní
莫衷一是	bo̍k-tiong-i̍t-sī
莫說	bo̍h-sueh
莫說講	bo̍h-sueh-kóng
莫講	bo̍h-kóng
莫講卻	bo̍h-kóng-khioh
莫講廢話	mài-kóng-huì-uē
莫講是	bo̍h-kóng-sī
莫講較清閒	mài-kóng-khah-tshing-îng
莫講較無代誌	mài-kóng-khah-bô-tāi-tsì
莫講較無魍	mài-kóng-khah-bô-báng
莫講較規氣	mài-kóng-khah-kui-khì
莫閣唸矣	mài-koh-liām-ah
莫閣問	mài-koh-mn̄g
莫閣擋路	mài-koh-tòng-lōo
莫閣講	mài-koh-kóng
莫閣踅踅唸	mài-koh-se̍h-se̍h-liām
莫非	bo̍k-hui
莽夫	bóng-hu
莽懂	bóng-tóng
莽懂漢	bóng-tóng-hàn
莽撞	bóng-tsōng
莿桐巷	Tshì-tông-hāng
菁仔	tshenn-á
菁仔宅	tshinn-á-the̍h
菁仔樹	tshenn-á-tshiū
菁仔欉	tshenn-á-tsâng
菁芳草	tshinn-hong-tsháu
菁菁	tshing-tshing
菁蘭	tshinn-lân
菁靛	tshenn-tiān
菅仔	kuann-á
菅芒	kuann-bang
菅芒花	kuann-bang-hue
菅草	kuann-tsháu
菅蓁	kuann-tsin
菅豪	kuann-hô
菇囝	koo-kiánn
菇油膏	koo-iû-ko
菊元百貨	Kiok-guân-Pah-huè
菊花	kik-hue
菊花木	kiok-hue-bo̍k
菖蒲	tshiong-pôo
菖蒲葉	tshiong-pôo-hio̍h
菜乾	tshài-kuann
菜供	tshài-kìng
菜兒	tshài-jî
菜公	tshài-kong
菜刀	tshài-to
菜刀豆	tshài-to-tāu
菜刀魚	tshài-to-hî
菜包	tshài-pau
菜友	tshài-iú
菜單	tshài-tuann
菜圃	tshài-phóo
菜園	tshài-hn̂g
菜園仔	tshài-huînn-á
菜坩	tshài-khann
菜堂	tshài-tn̂g
菜壟	tshài-lîng
菜姑	tshài-koo
菜子油	tshài-tsí-iû
菜宅	tshài-the̍h
菜寮	Tshài-liâu
菜尾	tshài-bué
菜市	tshài-tshī
菜市仔	tshài-tshī-á
菜市仔名	tshài-tshī-á-miâ
菜干	tshài-kuann
菜底	tshài-té
菜店	tshài-tiàm
菜店彪	tshài-tiàm-piu
菜廚	tshài-tû
菜心	tshài-sim
菜擔	tshài-tànn
菜擔仔	tshài-tànn-á
菜料	tshài-liāu
菜架	tshài-keh
菜架仔	tshài-kè-á
菜格仔	tshài-keh-á
菜栽	tshài-tsai
菜桌	tshài-toh
菜椒	tshài-tsio
菜母	tshài-bó
菜湯	tshài-thng
菜燕	tshài-iàn
菜玉	tshài-gi̍k
菜球	tshài-kiû
菜瓜	tshài-kue
菜瓜撮	tshài-kue-tshè
菜瓜蒲	tshài-kue-pôo
菜瓜蔞	tshài-kue-lî
菜瓜藤	tshài-kue-tîn
菜甲	tshài-kah
菜砧	tshài-tiam
菜确	tshài-kho̍k
菜碗	tshài-uánn
菜稈	tshài-kuáinn
菜種	tshài-tsíng
菜稿	tshài-kó
菜簽	tshài-tshiam
菜籃	tshài-nâ
菜籽	tshài-tsí
菜粽	tshài-tsàng
菜糋	tshài-tsìnn
菜羹飯	tshài-kenn-pn̄g
菜股	tshài-kóo
菜脯	tshài-póo
菜脯卵	tshài-póo-nn̄g
菜脯干	tshài-póo-kuann
菜脯筋	tshài-póo-kin
菜脯簽	tshài-póo-tshiam
菜脯米	tshài-póo-bí
菜脯絲	tshài-póo-si
菜脯角	tshài-póo-kak
菜脯骨	tshài-póo-kut
菜腳	tshài-kha
菜色	tshài-sik
菜花	tshài-hue
菜草頭	tshài-tsháu-thâu
菜蔬	tshài-se
菜蟲	tshài-thâng
菜蟲食菜菜跤死	Tshài-thâng-tsia̍h-tshài,-tshài-kha-sí.
菜蟳	tshài-tsîm
菜豆	tshài-tāu
菜販仔	tshài-huàn-á
菜配	tshài-phuè
菜雞	tshài-ke
菜頭	tshài-thâu
菜頭毋知摠	tshài-thâu-m̄-tsai-tsáng
菜頭滷	tshài-thâu-lóo
菜頭簽	tshài-thâu-tshiam
菜頭籠仔	tshaì-thaû-lông-á
菜頭腿	tshài-thâu-thuí
菜頭葉	tshài-thâu-hio̍h
菜頭酸	tshài-thâu-sng
菜頭鬃	tshài-thâu-tsang
菜飯	tshài-pn̄g
菜餚	tshài-ngâu
菜館	tshài-kuán
菜鳥	tshài-tsiáu
菜鳥仔	tshài-tsiáu-á
菜鴨	tshài-ah
菜鴿	tshài-kap
菜鴿目	tshài-kap-ba̍k
菜鹹	tshài-kiâm
菜龜仔	tshài-ku-á
菝仔	pua̍t-á
菝仔屎	pa̍t-á-sái
菝仔林	Pa̍t-á-nâ
菝仔汁	pua̍t-á-tsiap
菝仔草	pa̍t-á-tsháu
菟絲	thòo-si
菠菱仔	pe-lîng-á
菠菱仔菜	pue-lîng-á-tshài
菠蔆仔	pue-lîng-á
菠薐仔	pue-lîng-á
菠薐仔菜	pue-ling-á-tshài
菠薐菜	pe-lîng-tshài
菩提	phô͘-thê
菩提子	phôo-thê-tsí
菩提果	phôo-thê-kó
菩提樹	phôo-thê-tshiū
菩薩	phôo-sat
華中	Huâ-tiong
華北	Huâ-pak
華南	Huâ-lâm
華噴	huâ-phùn
華埠	huâ-hū
華夏	Huâ-hā
華安	Hûa-an
華山	Huâ-san
華府	huâ-hú
華彩	huâ-tshái
華文	huâ-bûn
華新	Huâ-sin
華東	Huâ-tang
華沙	Huâ-sa
華沙公約	Huâ-sua-kong-iok
華燈	huâ-ting
華爾街	Huâ-ní-ke
華盛頓	Huâ-sīng-tùn
華美	huâ-bí
華興	Huâ-hing
華航	Huâ-hâng
華裔	huâ-è
華西	Huâ-se
華視	Huâ-sī
華語	huâ-gí
華費	hua-huì
華陀再世	huâ-tô-tsài-sè
華雞	huâ-ke
華麗	huâ-lē
菱角	lîng-kak
菱角喙	lîng-kak-tshuì
菱角嘴	lîng-kak-tshuì
菱角枕	lîng-kak-tsím
菱角菜	lîng-kak-tshài
菱角鳥	lîng-kak-tsiáu
菱角龍	Lîng-kak-liông
菲律賓	Hui-lu̍t-pin
萊𥴊仔店	lâi-kám-á-tiàm
萌生	bîng-sing
萌起	bîng-khí
萬一	bān-it
萬不二	bān-put-jī
萬不幸	bān-put-hīng
萬世	bān-sè
萬世代年	bān-sè-tāi-nî
萬事	bān-sū
萬事卸落大海	bān-sū-sià-lo̍h-tuā-hái
萬事如意	bān-sū-jû-ì
萬事通	bān-sū-thong
萬人堆	bān-jîn-tui
萬代年	bān-tāi-nî
萬全	bān-tsuân
萬兩金	bān-niú-kim
萬刀剉	bān-to-tshò
萬刀碎割	bān-to-tshuì-kuah
萬分臨急	bān-hun-lîm-kip
萬力	bān-li̍k
萬千	bān-tshian
萬國	bān-kok
萬壽	bān-siū
萬壽匏	bān-siū-pû
萬壽山	Bān-siū-suann
萬壽果	bān-siū-kó
萬壽無疆	bān-siū-bû-kiong
萬壽菊	bān-siū-kiok
萬安	bān-an
萬巒	Bān-luân
萬年久遠	bān-nî-kiú-uán
萬年刺	bān-nî-tshì
萬年松	bān-liân-tshîng
萬年溪	Bān-liân-khe
萬年筆	bān-liân-pit
萬年青	bān-nî-tshing
萬年龜	bān-nî-ku
萬幸	bān-hīng
萬弩箭齊發	bān-lóo-tsìnn-tsê-huat
萬惡	bān-ok
萬斤草	bān-kin-tsháu
萬歲	bān-suè
萬歲爺	bān-suè-iâ
萬歲藤	bān-suè-tîn
萬波	bān-pho
萬物	bān-bu̍t
萬用	bān-iōng
萬百姓	bān-peh-sènn
萬福	bān-hok
萬聖節	Bān-sìng-tseh
萬能	bān-lîng
萬花筒	bān-hue-tâng
萬花鏡	bān-hua-kiànn
萬華	Báng-kah
萬萬	bān-bān
萬萬不可	bān-bān-put-khó
萬萬年	bān-bān-nî
萬葉集	Bān-ia̍p-tsi̍p
萬言	bān-giân
萬象	bān-siōng
萬里	bān-lí
萬金	bān-kim
萬金囝	bān-kim-kiánn
萬靈丹	bān-lîng-tan
萬項	bān-hāng
萬點金	bān-tiám-kim
萬點青	bān-tiám-tshing
萱草	suan-tsháu
萵仔菜	ue-á-tshài
萹蓄草	pián-thiok-tsháu
落三落四	lak-sann-lak-sì
落下傘	lo̍h-hā-suànn
落下頦	làu-ē-huâi
落下頷	làu-ē-ham
落交	làu-kau
落交流道	loh-kau-liû-tō
落人嘴	lo̍h-lâng-tshuì
落伍	lo̍k-ngóo
落低	lak-kē
落佮吐	làu-kah-thòo
落來	lo̍h-lâi
落俗	lo̍h-sio̍h
落停	lo̍h-thîng
落停價	lo̍h-thîng-kè
落停盤	lo̍h-thîng-puânn
落停盤鎖起來	lo̍h-thîng-puânn-só-khí-lâi
落價	lak-kè
落入	lo̍h-ji̍p
落八	lo̍h-peh
落勢	lo̍h-sì
落勾	làu-kau
落匙	lo̍h-sî
落半旗	lo̍h-puànn-kî
落南	lo̍h-lâm
落去	lo̍h-khì
落去樓腳	loh-khì-lâu-kha
落去矣	lak-khì-ah
落去領五百	Lo̍h-khì-niá-gōo-pah
落口	làu-kháu
落口講出來	làu-kháu-kóng-tshut-lâi
落句	lo̍h-kù
落台	lo̍h-tâi
落名	lo̍h-miâ
落吐瀉	làu-thòo-sià
落吐症	làu-thòo-tsìng
落喉	lo̍h-âu
落嘴齒	lak-tshuì-khí
落土	lo̍h-thóo
落在	lo̍h-tsāi
落地	lo̍k-tē
落坐	làu-tshē
落坐落坐	làu-tshē-làu-tshē
落場	lo̍h-tiûnn
落塌	lo̍h-lap
落墟	lo̍h-hi
落大雨	lo̍h-tuā-hōo
落天格	làu-thinn-keh
落妝	lo̍h-tsng
落字	lak-jī
落孤鳥	làu-koo-tsiáu
落定	lo̍h-tiānn
落尺	làu-tshē
落尾	lo̍h-bué
落尾仔	lo̍h-bué-á
落尾來	lo̍h-bué-lâi
落尾手	lo̍h-bué-tshiú
落屎	làu-sái
落屎吐	làu-sái-thòo
落屎星	làu-sái-tshenn
落屎星雨	làu-sái-tshenn-hōo
落屎楠	làu-sái-lâm
落屎症	làu-sái-tsìng
落屎藥	làu-sái-io̍h
落屎馬	làu-sái-bé
落山	lo̍h-suann
落山風	lo̍h-suann-hong
落崎	lo̍h-kiā
落嶺	lo̍h-niá
落工	lo̍h-kang
落工夫	lo̍h-kang-hu
落差	lo̍h-tsha
落幕	lo̍h-bōo
落庀	lak-phí
落床	lo̍h-tshn̂g
落床腳	lo̍h-tshn̂g-kha
落後	lo̍k-hōo
落後年	lò-āu-nî
落後日	lo̍h-āu-ji̍t
落心	lo̍h-sim
落志	lok-tsì
落性	lo̍h-sìng
落成	lo̍k-sîng
落戲	lo̍h-hì
落手	lo̍h-tshiú
落拍	làu-phah
落括	lo̍h-kuah
落掉	lak-tiāu
落插	lo̍h-tshah
落擺	làu-pái
落攔頭	lo̍h-nuâ-thâu
落敗	lo̍k-pāi
落教	lo̍h-kàu
落斷	lo̍h-tn̄g
落日	lo̍h-ji̍t
落昨日	lo̍h-tso̍h-ji̍t
落景	làu-kíng
落本錢	lo̍h-pún-tsînn
落杓仔	làu-sia̍h-á
落柴	lo̍h-tshâ
落格	làu-keh
落棺	lo̍h-kuan
落榫	lak-sún
落樓梯	lo̍h-lâu-thui
落款	lo̍h-khuán
落殼	lak-khak
落殼欑	lak-khak-tsan
落毛	lak-mn̂g
落氣落觸	làu-khuì-làu-tak
落水	làu-tsuí
落水平平沉	lo̍h-tsuí-pênn-pênn-tîm
落水金剛	lo̍h-tsuí-kim-kong
落水雞仔	lo̍h-tsuí-ke-á
落水頭	lo̍h-tsuí-thâu
落油鼎	lo̍h-iû-tiánn
落泊	lo̍h-po̍h
落洘	lo̍h-khó
落流	lo̍h-lâu
落海	lo̍h-hái
落淚	lo̍h-luī
落湖	lo̍h-ôo
落湳	lo̍h-làm
落溝	làu-kau
落漆	lak-tshat
落濛	lo̍h-bông
落瀉吐	làu-sià-thòo
落瀉病	làu-sià-pēnn
落災	lo̍h-tse
落無	lak-bô
落無去	lak-bô-khì
落片	lo̍h-phìnn
落獄	lo̍h-ga̍k
落珠雪	lo̍h-tsu-seh
落班	lo̍h-pan
落田	lo̍h-tshân
落疕	lak-phí
落監	lo̍h-kann
落目	lo̍h-ba̍k
落眠	lo̍h-bîn
落眠床	lo̍h-bîn-tshn̂g
落眠床跤	lo̍h-bin-tshng-kha
落眠無喘氣	lo̍h-bîn-bô-tshuán-khuì
落矣	lak-ah
落石頭	lo̍h-tsio̍h-thâu
落科	lo̍h-khe
落種	lo̍h-tsíng
落穗	lak-suī
落空	lo̍h-khang
落空行	làu-khang-kiânn
落空車	làu-khang-tshia
落空逝	làu-khang-tsuā
落空銃	làu-khang-tshìng
落站	lak-tsām
落第	lo̍k-tē
落筆	lo̍h-pit
落籍	lo̍h-tsi̍k
落米雪	lo̍h-bí-seh
落糬	làu-tsî
落級	lak-kip
落網	lo̍h-bāng
落翼仔	làu-si̍t-á
落耦	lo̍h-ngauh
落耳	lo̍h-hī
落職	lak-tsit
落肉	lo̍h-bah
落肚	lo̍h-tōo
落肚痧	làu-tōo-sua
落肥	lo̍h-puî
落肩胛	làu-king-kah
落肩風	làu-king-hong
落胎	làu-the
落腳	lo̍h-kha
落腳生	lo̍k-kha-sing
落腸	làu-tn̂g
落腸頭	làu-tn̂g-thâu
落腹	làu-pak
落臉	lak-lián
落船	lo̍h-tsûn
落色	lak-sik
落花	lak-hue
落花流水	lo̍k-hua-lîu-súi
落花生	lo̍k-hua-sing
落花生粕	lo̍k-hua-sing-phoh
落莊	lo̍h-tsong
落落	lak-lo̍h
落落來	lak-lo̍h-lâi
落落去	lak-lo̍h-khì
落落吐	lo̍k-lo̍k-thòo
落葉	lak-hio̍h
落葬	lo̍h-tsòng
落蓑	lak-sui
落蓬	làu-phâng
落薄	lo̍h-po̍h
落藥	lo̍h-io̍h
落血	làu-hiat
落衰	lak-sue
落袋仔	lak-tē-á
落西北	lo̍h-sai-pak
落訂	lo̍h-tiānn
落詼	lo̍h-khue
落課	lo̍h-khò
落貨	lo̍h-huè
落走	làu-tsáu
落趨	lo̍h-tshu
落跑	làu-phâu
落跑殼	Làu-phâu-khak
落身	lo̍h-sin
落車	lo̍h-tshia
落軟	lo̍h-nńg
落選	lo̍k-suán
落酷	lok-khok
落錢聲	lak-tsînn-siann
落鏇	lak-suān
落陣	làu-tīn
落難	lo̍h-lān
落雨	lo̍h-hōo
落雨天	lo̍h-hōo-thinn
落雨毛仔	lo̍h-hōo-mn̂g-á
落雨珠仔	lo̍h-hōo-tsu-á
落雨白	lo̍h-hōo-pe̍h
落雨霎仔	lo̍h-hōo-sap-á
落雪	lo̍h-seh
落雪米仔	lo̍h-seh-bí-á
落雲	làu-hûn
落雷	lo̍h-luî
落雹	lo̍h-pha̍uh
落雺	lo̍h-bông
落霎霎仔雨	lo̍h-sap-sap-á-hōo
落霜	lo̍h-sng
落頓	lo̍h-tǹg
落頭毛	lak-thâu-mn̂g
落馬	lo̍h-má
落馬風	lo̍h-má-hong
落骨	lak-kut
落鬮	làu-khau
落魄	lo̍k-phik
落鼎	lo̍h-tiánn
落齒	lak-khí
落龍	làu-lîng
葉下珠	hio̍h-hā-tsu
葉下球	hio̍h-hā-kiû
葉下白	hio̍h-hā-pe̍h
葉下紅	hio̍h-hā-âng
葉仔	hio̍h-á
葉仔路	hio̍h-á-lōo
葉仔酥	hio̍h-á-soo
葉似花	ia̍p-sū-hue
葉宜津	Ia̍p-Gî-tin
葉枝	hio̍h-ki
葉柄	hio̍h-pìnn
葉甲	hio̍h-kah
葉石濤文學紀念館	Ia̍p-Si̍k-tôo-Bûn-ha̍k-Kì-liām-kuán
葉稈	hio̍h-kuáinn
葉稿	hio̍h-kó
葉筋	hio̍h-kin
葉絲	hio̍h-si
葉網	hio̍h-bāng
葉脈	hio̍h-me̍h
葉菊蘭	Ia̍p-Kiok-lân
葉身	hio̍h-sin
葉酸	ia̍p-sng
葉門	Ia̍p-mn̂g
著一驚	tio̍h-tsi̍t-kiann
著作	tì-tsok
著作人	tù-tsok-jîn
著作物	tù-tsok-bu̍t
著作者	tì-tsok-tsiá
著傷	tio̍h-siang
著光	to̍h-kng
著冊	tì-tsheh
著凊瘼	tio̍h-tshìn-mooh
著力	tio̍h-la̍t
著加促	tio̍h-ka-tsa̍k
著勢	tio̍h-sì
著去	tio̍h-khì
著吊	tio̍h-tiàu
著味	tio̍h-bī
著咯	tio̍h-loo
著咳浞	tio̍h-ka-tsa̍k
著啦	tio̍h-lah
著大病	tio̍h-tuā-pēnn
著天吊	tio̍h-thian-tiàu
著寒熱仔	tio̍h-kuânn-lia̍t-á
著寒陰	tio̍h-kuânn-iam
著年	tio̍h-nî
著急	tio̍h-kip
著愛	tio̍h-ài
著愛知	tio̍h-ài-tsai
著我	tio̍h-guá
著手	tio̍k-tshiú
著扦	tio̍h-tshian
著日	tio̍h-ji̍t
著是	tio̍h-sī
著時	tio̍h-sî
著暝	tio̍h-mê
著書	tì-su
著月	tio̍h-gue̍h
著有	tio̍h-ū
著欲	tio̍h-beh
著毋著	tio̍h-m̄-tio̍h
著毒	tio̍h-to̍k
著法	tio̍h-huat
著火	tio̍h-hué
著火燒	tio̍h-hué-sio
著災	tio̍h-tsai
著無	tio̍h-bô
著熱狂	tio̍h-lia̍t-kông
著燒	tio̍h-sio
著特獎	tio̍h-ti̍k-tsióng
著狂	tio̍h-kông
著狂雨	tio̍h-kông-hōo
著猴	tio̍h-kâu
著猴損	tio̍h-kâu-sńg
著猴爽	tio̍h-kâu-sńg
著猴踔	tio̍h-kâu-tâ
著班	tio̍h-pan
著生驚	tio̍h-tshenn-kiann
著生驚鳥	tio̍h-tshenn-kiann-tsiáu
著病	tio̍h-pēnn
著病風	tio̍h-pēnn-hong
著痧	tio̍h-sua
著瘟	tio̍h-un
著瘧疾	tio̍h-lio̍k-tsi̍t
著癌	tio̍h-gâm
著癱風	tio̍h-than-hong
著眼	tio̍k-gán
著眼點	tio̍k-gán-tiám
著睏災	tio̍h-khùn-tse
著睏痧	tio̍h-khùn-sua
著磨	tio̍h-buâ
著稱	tù-tshing
著笑脾	tio̍h-tshiò-pî
著等	tio̍h-tán
著算	tio̍h-sǹg
著箭	tio̍h-tsìnn
著節氣	tio̍h-tseh-khuì
著籤	tio̍h-tshiam
著總	tio̍h-tsáng
著背	tio̍h-pè
著腳觸	tio̍h-kha-tak
著膠	tio̍h-ka
著芝磨	tio̍h-tsi-buâ
著苦	tio̍h-khóo
著苦疼	tio̍h-khóo-thiànn
著落	tio̍k-lo̍k
著著	to̍h-tio̍h
著蟲	tio̍h-thâng
著衰	tio̍h-sue
著觸	tio̍h-tak
著賊偷	tio̍h-tsha̍t-thau
著起來	tio̍h-khí-lâi
著路	tio̍h-lōo
著述	tì-su̍t
著邪	tio̍h-siâ
著銃	tio̍h-tshìng
著鏢	tio̍h-pio
著雞目	tio̍h-ke-ba̍k
著雞盲	tio̍h-ke-bông
著雞祭盲	tio̍h-ke-tsè-mê
著靠	tio̍h-khò
著頭	tio̍h-thâu
著飢荒	tio̍h-ki-hng
著駘	tio̍h-tâi
著驚	tio̍h-kiann
著驚蛇	Tio̍h-kiann-tsuâ
著魔神	tio̍h-môo-sîn
葛薯	kuah-tsî
葛藤	kuah-tîn
葛藤草	kuah-tîn-tsháu
葡萄	phô-tô
葡萄乾	phû-tô-kuann
葡萄叢	phû-tô-tsâng
葡萄柚	phû-tô-iū
葡萄樹	phû-tô-tshiū
葡萄牙	Phû-tô-gê
葡萄牙國	Phô-tô-gê-kok
葡萄糖	phû-tô-thn̂g
葡萄魚麵線	phuê-tô-hî-mī-suànn
董事	táng-sū
董事會	táng-sū-huē
董事長	táng-sū-tiúnn
董監事	táng-kàm-sū
董監事改選	táng-kàm-sū-kái-suán
葫蘆	hôo-lôo
葫蘆匏	hôo-lôo-pû
葫蘆墩	Hôo-lôo-tun
葫蘆竹	hôo-lôo-tik
葫蘆腰	hôo-lôo-io
葬儀社	tsòng-gî-siā
葬式	tsòng-sik
葵扇	khe-sìnn
葵棕	khuê-tsang
葵花	kuî-hue
蒂頭	tì-thâu
蒐證	soo-tsìng
蒐購	soo-kòo
蒐集	soo-tsi̍p
蒙受	bông-siū
蒙古	Bông-kóo
蒙哥	bông-ko
蒙特內哥羅	Bông-ti̍k-lāi-ko-lô
蒙特婁	Bông-ti̍k-lôo
蒙羞	bông-siu
蒙胞	bông-pau
蒙蔽	bông-pè
蒙藏委員會	Bông-tsông-uí-uân-huē
蒙面	bông-bīn
蒜仔	suàn-á
蒜仔栽	suàn-á-tsai
蒜仔花	sǹg-á-hue
蒜仔骨	suàn-á-kut
蒜末	suàn-bua̍h
蒜絨	suàn-jiông
蒜絨枝	suàn-jiông-ki
蒜茸枝	suàn-jiông-ki
蒜頭	suàn-thâu
蒜頭水雞	Suàn-thâu-tsuí-ke
蒜頭麭	suàn-thâu-pháng
蒜香枝	suàn-hiong-ki
蒜香藤	suàn-hiong-tîn
蒝荽	guân-sui
蒞臨	lī-lîm
蒯通仔	kuái-thong-á
蒲公英	phôo-kong-ing
蒲去	pôo-khì
蒲團	phôo-thuân
蒲桃	pôo-thô
蒲英	pôo-ing
蒲葵	pôo-kuî
蒸氣	tsing-khì
蒸發	tsing-huat
蒸蒸日上	tsing-tsing-ji̍t-siāng
蒸餾	tsing-liû
蒸餾水	tsing-liû-tsuí
蒸鼻	tshǹg-phīnn
蒺藜	tsi̍k-lê
蒼南	Tshong-lâm
蒼朮	tshong-tsu̍t
蒼生	tshong-sing
蒼耳	tshong-ní
蒿茼	ko-tâng
蓄傢伙	hak-ke-hué
蓄勢待發	thiok-sè-tāi-huat
蓄厝	hak-tshù
蓄厝地	hak-tshù-tē
蓄嫁妝	hak-kè-tsng
蓄水池	thiok-tsuí-tî
蓄田園	hak-tshân-hn̂g
蓄電器	thiok-tiān-khì
蓄電池	thiok-tiān-tî
蓄電量	thiok-tiān-liāng
蓄音機	thiok-im-ki
蓆草	tshio̍h-tsháu
蓊影	ōm-iánn
蓋一大	kài-it-tuā
蓋仔	kuà-á
蓋仙	kài-sian
蓋印仔	khap-ìn-á
蓋好	kài-hó
蓋成	kài-sîng
蓋毯仔	kah-thán-á
蓋洛普	Kài-lo̍k-phóo
蓋滷	kài-lóo
蓋章	kài-tsiong
蓋笑	khap-tshiò
蓋第一	kài-tē-it
蓋蠟	kài-la̍h
蓋被	kah-phuē
蓍草	si-tsháu
蓖麻	pi-muâ
蓬勃	phông-pu̍t
蓬弄鬆	phông-lōng-song
蓬心	phōng-sim
蓬果	phōng-kó
蓬生果	hông-sing-kó
蓬萊	hông-lâi
蓬蓬坱	phōng-phōng-ing
蓬蓬沖	phông-phông-tshìng
蓬蓬燻	phōng-phōng-hun
蓬蓬著	phông-phông-to̍h
蓬蓬颺	phông-phông-ing
蓬鬆	phông-song
蓬鬆物	phông-song-mi̍h
蓮台	liân-tâi
蓮子	liân-tsí
蓮子心	liân-tsí-sim
蓮房	liân-pôo
蓮池	liân-tî
蓮花	liân-hue
蓮花坐	liân-hue-tsē
蓮花成寶鏡	liân-hue-tsiânn-pó-kiànn
蓮花池	liân-hue-tî
蓮花燈	liân-hue-ting
蓮花痔	liân-hue-tī
蓮花舌	liân-hue-tsi̍h
蓮花苞	liân-hue-pôo
蓮花頭	liân-hue-thâu
蓮苞	liân-pôo
蓮苞頭	liân-pôo-thâu
蓮蕉	liân-tsiau
蓮藕	lîng-ngāu
蓮都	Liân-too
蓮霧	lián-bū
蓼稿	láu-kó
蓼花	lio̍k-hua
蔓桃花	bān-thô-hue
蔓荊子	bān-king-tsí
蔓菁	bān-tshing
蔓蔓	muā-muā
蔓越莓	bān-ua̍t-muî
蔗園	tsià-hn̂g
蔗粕	tsià-phoh
蔗糖	tsià-thn̂g
蔗龜	tsià-ku
蔘仔	som-á
蔞藤	lôo-tîn
蔡仁堅	Tshuà-Lîn-kian
蔡培火	Tshùa-Pûe-húe
蔡徐坤	Tshuà-Tshî-khun
蔡易餘	Tshuà-I̍k-û
蔡板草	tshuà-pán-tsháu
蔡牽	tshuà-khian
蔡英文	Tshuà-Ing-bûn
蔣中正	Tsiúnn-Tiong-tsìng
蔣介石	Tsiúnn-Kài-si̍k
蔣光頭	Tsiúnn-Kng-thâu
蔣宋美齡	Tsiúnn-Sòng-Bí-lîng
蔣渭水	Tsiúnn-Uī-suí
蔣經國	Tsiúnn-Keng-kok
蔣總統	Tsiunn-tsóng-thóng
蔥仔珠	tshang-á-tsu
蔥仔白	tshang-á-pe̍h
蔥仔餅	tshang-á-piánn
蔥仔鴨	Tshang-á-ah
蔥油餅	tshang-iû-piánn
蔥珠	tshang-tsu
蔥管	tshang-kńg
蔥管白	tshang-kóng-pe̍h
蔥管鼻	tshang-kóng-phīnn
蔥脆	tshang-tshè
蔥菜	tshang-tshài
蔥蒜	tshang-suàn
蔥藕	tshang-ngāu
蔥頭	tshang-thâu
蔥頭水雞	Tshang-thâu-tsuí-ke
蔦松	Tsiáu-tshîng
蔫去	lian-khì
蔫脯	lian-póo
蔬果	soo-kó
蔬菜	soo-tshài
蔭份	ìm-hūn
蔭分	ìm-hūn
蔭堆	ìm-tui
蔭屍	ìm-si
蔭影	ìm-ńg
蔭火	ìm-hué
蔭瓜仔	ìm-kue-á
蔭白	ìm-pe̍h
蔭綠	ìm-li̍k
蔭股	ìm-kóo
蔭葉	ìm-hio̍h
蔭蔭	ìm-ńg
蔭豉	ìm-sīnn
蔭豉仔	ìm-sīnn-á
蔭身	ìm-sin
蔭酒	ìm-tsiú
蔴潁	muâ-ínn
蔴荳古港文化園區	Muâ-tāu-Kóo-káng-Bûn-huà-Uân-khu
蔴荳堡	Muâ-tāu-pó
蕃婆鬼	Huan-pô-kuí
蕃密婆	Huan-bi̍t-pô
蕃薯	han-tsî
蕃薯園	han-tsî-hn̂g
蕃薯市	han-tsî-tshī
蕃薯皮	han-tsî-phuê
蕃薯簽	han-tsî-tshiam
蕃薯籤	han-tsî-tshiam
蕃薯粉	han-tsî-hún
蕃薯糜	han-tsî-muâi
蕃薯舅	huan-tsî-kū
蕃薯葉	han-tsî-hio̍h
蕃薯藤	han-tsî-tîn
蕃藷	han-tsî
蕃藷葉	han-tsî-hio̍h
蕉城	Tsio-siânn
蕉袋	tsio-tē
蕉農	tsio-lông
蕗蕎	lōo-kiō
蕗蕎蔥	lōo-kiō-tshang
蕨山貓	kueh-suann-niau
蕨貓	kueh-niau
蕨貓心	keh-niau-sim
蕨貓草	kueh-niau-tsháu
蕩時日	thōng-sî-li̍t
蕩蕩晃	tōng-tōng-hìnn
蕪菁	bû-tshinn
蕭壠文化園區	Siau-lang-Bûn-huà-Uân-khu
蕭山	Siau-san
蕭美琴	Siau-Bí-khîm
蕭萬長	Siau-Bān-tiông
蕭規曹隨	siau-kui-tsô-suî
蕭邦	Siau-pang
蕳砃	kán-tan
蕳砃薯	kan-tan-tsîr
蕹菜	ìng-tshài
蕹菜癀	ìng-tshài-hông
薁蕘	ò-giô
薄仔冰	po̍k-á-ping
薄倖	po̍k-hīng
薄冰	po̍k-ping
薄利	po̍h-lī
薄命	po̍k-bīng
薄弱	po̍k-jio̍k
薄待	po̍k-thāi
薄情	po̍k-tsîng
薄板仔	po̍h-pán-á
薄殼仔	po̍h-khak-á
薄玉	po̍k-gi̍k
薄皮	po̍h-phuê
薄皮仔	po̍h-phuê-á
薄福	po̍h-hok
薄禮	po̍h-lé
薄竹仔紙	po̍h-tik-á-tsuá
薄紙	po̍h-tsuá
薄膜	po̍h-mo̍oh
薄茶	po̍h-tê
薄荷	po̍k-hô
薄荷冰	po̍k-hô-ping
薄荷條	po̍k-hô-tiâu
薄荷玉	po̍k-hô-gi̍k
薄荷玉仔	po̍k-hô-gi̍k-á
薄菇	po̍h-koo
薄葉桐	po̍h-hio̍h-tông
薄藥	po̍h-io̍h
薄被	po̍h-phuē
薄酒	po̍h-tsiú
薄釐絲	po̍h-lî-si
薄鞭	po̍k-pian
薄餅	po̍h-piánn
薄麶	po̍h-thi
薅草	khau-tsháu
薅菜	khau-tshài
薌城	Hiong-siânn
薏仁	ì-jîn
薏米	ì-bí
薏苡	ì-í
薑母	kiunn-bó
薑母頭	kiunn-bó-thâu
薑母鴨	kiunn-bó-ah
薑水	kiunn-tsuí
薑糖	kiunn-thn̂g
薑絲	kiunn-si
薑絲炒大腸	kiunn-si-tshá-tuā-tn̂g
薑餅	kiunn-piánn
薑黃	kiunn-n̂g
薔薇	tshiûnn-bî
薜荔	phik-lē
薝蔔	siâm-po̍k
薟椒仔	hiam-tsio-á
薟椒仔水	hiam-tsio-á-tsuí
薟油	hiam-iû
薟炒甜粿	hiam-tshá-tinn-kué
薟薑仔	hiam-kiunn-á
薟辣	hiam-lua̍h
薟辣辣	hiam-lua̍h-lua̍h
薟酸湯	hiam-sng-thng
薦任	tsiàn-jīm
薪俸	sin-hōng
薪傳	sin-thuân
薪勞	sin-lô
薪水	sin-suí
薪津	sin-tsin
薪火相傳	sin-hué-siòng-thuân
薪禾	sin-hô
薪酬	sin-siû
薯斗	tsî-táu
薯條	tsî-tiâu
薯榔	tsî-nn̂g
薯榔藤	tsî-nn̂g-tîn
薯簽	tsî-tshiam
薯豆	tsî-tāu
薯鰻	tsî-muâ
薰仔間	hun-á-king
薰吹	hun-tshue
薰喙	hun-tshuì
薰嘴	hun-tshuì
薰嘴仔	hun-tshuì-á
薰土	hun-thôo
薰塞仔	hun-that-á
薰尾	hun-bué/bé
薰屎	hun-sái
薰屎頭	hun-sái-thâu
薰枝	hun-ki
薰橛仔	hun-kue̍h-á
薰殼仔	hun-khok-á
薰油	hun-iû
薰節仔	hun-tsiat-á
薰絲	hun-si
薰肉	hun-bah
薰草	hun-tsháu
薰葉	hun-hio̍h
薰衣草	hun-i-tsháu
薰農	hun-lông
薰酒	hun-tsiú
薰陶	hun-tô
薰頭仔	hun-thâu-á
薰頭莫亂擲	hun-thâu-mài-luān-tàn
藉口	tsià-kháu
藉手	tsià-tshiú
藉故	tsià-kòo
藉機	tsià-ki
藉著	tsià-tio̍h
藉言	tsià-giân
藉詞	tsià-sû
藉話	tsià-uē
藍圖	lâm-tôo
藍天	nâ-thinn
藍晒圖文創園區	lâm-se-tôo-Bûn-tshòng-Uân-khu
藍本	lâm-pún
藍牙滑鼠	nâ-gâ-ku̍t-tshí
藍筆	nâ-pit
藍絲	nâ-si
藍色	lâm-sik
藍莓仔	lâm-m̂-á
藍金黃	lâm-kim-hông
藍靛	lâm-tiān
藍鵲	nâ-tshiok
藍龜粿	Nâ-ku-kué
藏人	tsòng-jîn
藏名	tshàng-miâ
藏名化	tshàng-miâ-huà
藏書	tsông-su
藏步	tshàng-pōo
藏水	tshàng-tsuí
藏水艇	tshàng-tsuí-thíng
藏水艦	tshàng-tsuí-lām
藏水覕	tshàng-tsuí-bih
藏空	tshàng-khang
藏覕	tshàng-bih
藏起來	tshàng-khí-lâi
藏身	tsông-sin
藏鏡	tshàng-kiànn
藏鏡人	tsông-kiànn-jîn
藏鏡銀行	tsông-kiànn-gîn-hâng
藏頭沕	tshàng-thâu-bī
藐視	biáu-sī
藕朽菌	ngāu-hiú-khún
藕節	ngāu-tsat
藕粉	ngāu-hún
藝人	gē-jîn
藝名	gē-miâ
藝品	gē-phín
藝壇	gē-tuânn
藝妓	gē-ki
藝妲	gē-tuànn
藝專	gē-tsuan
藝展	gē-tián
藝文	gē-bûn
藝文活動	gē-bûn-ua̍h-tāng
藝旦鯊	gē-tuànn-sua
藝林	gē-lîm
藝能	gē-lîng
藝術	gē-su̍t
藝術化	gē-su̍t-huà
藝術品	gē-su̍t-phín
藝術字	gē-su̍t-jī
藝術家	gē-su̍t-ka
藝術性	gē-su̍t-sìng
藝術界	gē-su̍t-kài
藝術館	gē-su̍t-kuán
藝量	gē-niū
藝閣	gē-koh
藤仔	tîn-á
藤仔花	tîn-á-hue
藤床	tîn-tshn̂g
藤捧	tîn-phóng
藤皮	tîn-phuê
藤薯	tîn-tsî
藤鶯	tîn-ing
藥丸	io̍h-uân
藥丸咖啡	io̍h-uân-ka-pi
藥仔店	io̍h-á-tiàm
藥劑	io̍h-tse
藥劑師	io̍h-tse-su
藥力	io̍h-la̍t
藥包	io̍h-pau
藥味	io̍h-bī
藥品	io̍h-phín
藥商	io̍h-siong
藥單	io̍h-tuann
藥圓	io̍h-înn
藥妝店	io̍h-tsng-tiàm
藥學	io̍h-ha̍k
藥局	io̍h-kio̍k
藥帖	io̍h-thiap
藥師	io̍h-su
藥店	io̍h-tiàm
藥廠	io̍h-tshiúnn
藥引	io̍h-ín
藥性	io̍h-sìng
藥戥	io̍h-tíng
藥房	io̍h-pâng
藥效	io̍h-hāu
藥散	io̍h-sán
藥方	io̍h-hng
藥末	io̍h-bua̍h
藥材	io̍h-tsâi
藥材王	io̍h-tsâi-ông
藥栓	io̍h-sng
藥條	io̍h-tiâu
藥櫥	io̍h-tû
藥氣	io̍h-khuì
藥水	io̍h-tsuí
藥水布	io̍h-tsuí-pòo
藥水棉	io̍h-tsuí-mî
藥渣	io̍h-tse
藥湯	io̍h-thng
藥滓	io̍h-tái
藥片	io̍h-phìnn
藥物	io̍h-bu̍t
藥王	io̍h-ông
藥理學	io̍h-lí-ha̍k
藥用	io̍h-iōng
藥疽	io̍h-tshi
藥粉	io̍h-hún
藥粕	io̍h-phoh
藥紗布	io̍h-se-pòo
藥罐	io̍h-kuàn
藥膏	io̍h-ko
藥草	io̍h-tsháu
藥虎	io̍h-hóo
藥蛆	io̍h-tshi
藥袋仔	io̍h-tē-á
藥酒	io̍h-tsiú
藥量	io̍h-liāng
藥鈷	io̍h-kóo
藥頭	io̍h-thâu
藥頭仔	io̍h-thâu-á
藥頭仔排骨	io̍h-thâu-á-pâi-kut
藥餅	io̍h-piánn
藩屏	phuan-pîn
藩籬	phuan-lî
藻水	tsó-tsuí
藻礁	tsó-ta
藻類	tsó-luī
藿香	hok-hiong
蘆柑	lôo-kam
蘆洲	Lôo-tsiu
蘆竹	lôo-tik
蘆竹仔	lôo-tik-á
蘆竹塘	lôo-tik-tn̂g
蘆筍	lôo-sún
蘆荀	lôo-sún
蘆荻	lôo-tik
蘆荻仔鳥	lôo-tik-á-tsiáu
蘆葦	lôo-uí
蘆薈	lôo-hē
蘆藤	lôo-tîn
蘆趵	lôo-tà
蘆黍	lôo-sé
蘇俄	Soo-Gô
蘇南成	Soo-Lâm-sîng
蘇嘉全	Soo-Ka-tsuân
蘇州話	soo-tsiu-uē
蘇打	soo-tánn
蘇木	soo-bo̍k
蘇枋	soo-hong
蘇格蘭	Soo-keh-lân
蘇氣	soo-khì
蘇派	soo-phài
蘇澳	Soo-Ò
蘇澳港	Soo-Ò-káng
蘇爽	soo-sóng
蘇維埃	Soo-uî-ia
蘇維埃聯盟	Soo-uî-ia-Liân-bîng
蘇聯	Soo-liân
蘇花公路	Soo-hua-kong-lōo
蘇貞昌	Soo-Tsing-tshiong
蘇鐵	soo-thih
蘇鬱	Soo-ut
蘋婆	phîn-pô
蘋果	pîn-kó
蘋果日報	phōng-kó-ji̍t-pò
蘋果派	phông-kó-phài
蘋果電腦	phōng-kó-tiān-náu
蘢蘢	lang-lang
蘢親情	lang-tshin-tsiânn
蘭嶼	Lân-sū
蘭嶼貓頭鳥	Lân-sū-niau-thâu-tsiáu
蘭州	Lân-tsiu
蘭溪	Lân-khe
蘭花	lân-hue
蘭陽	Lân-iông
蘭陽溪	Lân-iông-khe
蘿蔔	lô-po̍k
蘿蔔菜	lâ-pa̍k-tshài
虎仔帽	hóo-á-bō
虎仔花	hóo-á-hue
虎仙	hóo-sian
虎使爺	hóo-sài-iâ
虎口	hóo-kháu
虎口嘴	hóo-kháu-tshuì
虎口門	hóo-kháu-mn̂g
虎咬癀	hóo-kā-hông
虎嘴齒	hóo-tshuì-khí
虎姑婆	hóo-koo-pô
虎威	hóo-ui
虎婆刺	hóo-pô-tshì
虎將	hóo-tsiòng
虎將公	hóo-tsiòng-kong
虎將爺	hóo-tsiòng-iâ
虎尾	Hóo-bué
虎尾棕	hóo-bué-tsang
虎尾蘭	hóo-bué-lân
虎岫	hóo-siū
虎帽	hóo-bō
虎廚	hóo-tû
虎徛貓陣	hóo-khiā-niau-tīn
虎押	hóo-ah
虎撐頷	hóo-thènn-ām
虎斑	hóo-pan
虎斑狗	hóo-pan-káu
虎斑點	hóo-pan-tiám
虎杖	hóo-tiōng
虎梅刺	hóo-muî-tshì
虎燈籠	hóo-ting-láng
虎爪蘭	hóo-jiáu-lân
虎爪豆	hóo-jiáu-tāu
虎爺	hóo-iâ
虎狼心肝	hóo-lông-sim-kuann
虎獅	hóo-sai
虎獅拿	hóo-sai-ná
虎獅狗	hóo-sai-káu
虎皮	hóo-phuê
虎皮楠	hóo-phuê-lâm
虎皮花	hóo-phuê-hue
虎皮雀	hóo-phuê-tshiok
虎相公	hóo-siòng-kong
虎神	hóo-sîn
虎穴	hóo-hia̍t
虎符	hóo-hû
虎耳草	hóo-hīnn-tsháu
虎聖公	hóo-sìng-kong
虎聖爺	hóo-sìng-iâ
虎聖王	hóo-sìng-ông
虎膦仙	hóo-lān-sian
虎膦嘴	hóo-lān-tshuì
虎花	hóo-hue
虎莓	hóo-m̂
虎莓刺	hóo-m̂-tshì
虎藥	hóo-io̍h
虎視眈眈	hóo-sī-tam-tam
虎豹母	hóo-pà-bó
虎頭埤	Hóo-thâu-pi
虎頭山	Hóo-thâu-suann
虎頭柑	hóo-thâu-kam
虎頭蜂	hóo-thâu-phang
虎頭鉗	hóo-thâu-khînn
虎頭鳥鼠尾	hóo-thâu-niáu-tshí-bué
虎骨	hóo-kut
虎鬍	hóo-tshiu
虎鬚	hóo-tshiu
虎魚	hóo-hî
虎鯊	hóo-sua
虎鰻	hóo-muâ
虎𡳞	hóo-lān
虎𡳞仙	hóo-lān-sian
虎𤺪水牛厭	hóo-siān-tsuí-gû-ià
虐嘴	gio̍h-tshuì
虐待	gi̍k-thāi
虐講	gio̍k-káng
虔心	khiân-sim
虔意	khiân-ì
虔捋捋	khiân-leh-leh
虔敬	khiân-kìng
虔笑	khiân-tshiò
虔誠	khiân-sîng
處世	tshú-sè
處事	tshú-sū
處分	tshú-hun
處刑	tshú-hîng
處和	tshú-hô
處在	tshú-tsāi
處境	tshú-kíng
處女	tshù-lí
處女地	tshú-lí-tē
處折	tshú-tsiat
處方	tshú-hng
處於	tshú-î
處暑	tshù-sú
處死	tshú-sí
處決	tshú-kuat
處治	tshù-tī
處理	tshú-lí
處理器	tshú-lí-khì
處理機	tshú-lí-ki
處置	tshú-tì
處罰	tshú-hua̍t
處長	tshù-tiúnn
虛假	hi-ké
虛偽	hi-guî
虛名	hi-miâ
虛報	hi-pò
虛字	hi-jī
虛實	hi-si̍t
虛幻	hi-huàn
虛底	hu-té
虛弱	hi-jia̍k
虛心	hi-sim
虛情假意	hi-tsîng-ké-ì
虛擬實像	hi-gí-si̍t-siōng
虛榮	hi-îng
虛構	hi-kòo
虛歲	hi-huè
虛泛	hi-huàn
虛火	hi-hué
虛無	hi-bû
虛無主義	hi-bû-tsú-gī
虛的	hi-ê
虛線	hi-suànn
虛肨	hi-hàng
虛脫	hi-thuat
虛花	hi-hua
虛荏	hi-lám
虛華	hi-hua
虛華心	hi-hua-sim
虛裂裂	hi-le̍h-le̍h
虛設	hi-siat
虛詐	hi-tsà
虛詞	hi-sû
虛譀	hi-hàm
虛銜	hi-hâm
虛驚一場	hi-kiann-tsi̍t-tiûnn
號令	hō-līng
號位	hō-uī
號做	hō-tsò
號去	hō-khì
號叫	hō-kiò
號召	hō-tiàu
號名	hō-miâ
號吹	hō-tshue
號外	hō-guā
號數	hō-sòo
號旗	hō-kî
號炮	hō-phàu
號碼	hō-bé
號筒	hō-tâng
號誌	hō-tsì
號頭	hō-thâu
號頭旗	hō-thâu-kî
號頭銃	hō-thâu-tshìng
虧待	khui-thāi
虧心	khui-sim
虧心行	khui-sim-hīng
虧損	khui-sún
虧損累累	khui-sńg-luī-luī
虧本	khui-pún
虧欠	khui-khiàm
虧空	khui-khong
虧缺	khui-khuat
虯之溜	khiû-tsi-liu
虯儉	khiû-khiām
虯毛	khiû-moo
虯溜溜	khiû-liu-liu
虯腳筋	khiû-kha-kin
虯閣澀	khiû-koh-siap
虯頭毛	khiû-thâu-moo
虯龍	kiû-liông
虱母	sat-bó
虱母仔	sat-bó-á
虱母子	sat-bó-tsí
虱母頭	sat-bó-thâu
虱目	sat-ba̍k
虱目魚	sat-ba̍k-hî
虱目魚肚	sat-ba̍k-hî-tōo
虱篦	sap-pìn
虹仔	khîng-á
虹尿	khīng-jiō
虹彩	khīng-tshái
虹旗	khīng-kî
虹霓	khīng-gê
虼蚤	ka-tsáu
虼蠐	ka-tsê
蚊仔	báng-á
蚊仔水	báng-á-tsuí
蚊仔窗	báng-á-thang
蚊仔薰	báng-á-hun
蚊仔香	báng-á-hiunn
蚊微	báng-bui
蚊摔	báng-sut
蚊摔仔	báng-sut-á
蚊母	báng-bó
蚊罩	báng-tà
蚊薰	báng-hun
蚊蟀	Báng-sut
蚊蟲	báng-thâng
蚊香	báng-hiunn
蚋仔草	la̍h-á-tsháu
蚝碾	ô-lún
蚩尤	Tshi-iû
蚵仔	ô-á
蚵仔兜	ô-á-tau
蚵仔煎	ô-á-tsian
蚵仔菇	ô-á-koo
蚵仔輾	ô-á-lìn
蚵仔鹹	ô-á-kiâm
蚵油	ô-iû
蚵湯	ô-thng
蚵炱	ô-te
蚵糋	ô-tsìnn
蚵羹	ô-kinn
蚵酺	ô-pôo
蚶仔	ham-á
蚶仔餅	ham-á-piánn
蚶仔麭	ham-á-pháng
蚶參柑	ham-tsham-kam
蚶咬蚶	ham-kā-ham
蚶殼草	ham-khak-tsháu
蚶蚶	ham-ham
蚼仔	ku-á
蚼蟻	káu-hiā
蚼蟻堆	káu-hiā-tui
蚼蟻塔	káu-hiā-thah
蚼蟻岫	káu-hiā-siū
蚼蠅	ku-sîn
蛀喙齒	tsiù-tshuì-khí
蛀嘴齒	tsiù-tshuì-khí
蛀核	tsiù-hu̍t
蛀洞	tsiù-tōng
蛀空	tsiù-khang
蛀穿	tsiù-tshng
蛀窟仔	tsiù-khut-á
蛀膩瓤	tsiù-jī-nn̂g
蛀蚼	tsiù-ku
蛀蛘	tsiù-iûnn
蛀蟲	tsiù-thâng
蛀鼻	tsiù-phīnn
蛀齒	tsiù-khí
蛀龜	tsiù-ku
蛀龜仔	tsiù-ku-á
蛆蟲	tshu-thâng
蛇伯仔	Tsuâ-peh-á
蛇佇空裡弄出來	tsuâ-tī-khang-lí-lāng-tshut-lâi
蛇婆	tsuâ-pô
蛇抱	tsuâ-phō
蛇木	tsuâ-bo̍k
蛇枋	tsuâ-pang
蛇殼	tsuâ-khak
蛇波	tshuâ-pho
蛇波勒	tshuâ-pho-li̍k
蛇空透鳥鼠仔岫	tsuâ-khang-thàu-niáu-tshí-á-siū
蛇舅母	tsuâ-kū-bó
蛇葡萄	tsuâ-pô-tô
蛇藥草	tsuâ-io̍h-tsháu
蛇蛻	tsuâ-thuè
蛇蟒	tsuâ-bóng
蛇蠱	tsuâ-kóo
蛇頭	tsuâ-thâu
蛇鬚	tsuâ-tshiu
蛇鰻	tsuâ-muâ
蛇鵰	tsuâ-tiau
蛇鷹	tsuâ-ing
蛇麻草	tsuâ-muâ-tsháu
蛇龜	tsuâ-ku
蛋白質	tàn-pi̍k-tsit
蛔虫	huê-thâng
蛘廣西	iûnn-kóng-sai
蛘蜅西	iûnn-pôo-sai
蛛絲馬跡	tu-si-má-jiah
蛜蝛	i-ui
蛞蝓	khuat-jû
蛟龍	kau-lîng
蛣蛚	kiat-le
蛤仔	kap-á
蛤仔泅	kap-á-siû
蛤仔蘭	Kap-á-lân
蛤仔跳	kap-á-thiàu
蛤仔難	Kap-á-lān
蛤蚧	kap-kài
蛤蛙	kap-kuai
蛤蛙仔	kap-kuâi-á
蛤蜊	kap-lâ
蛤螺	kap-lê
蛻毛	thuì-mn̂g
蛻補	thuì-póo
蛻變	thuì-piàn
蛾眉	gô-bâi
蛾眉豆	ngôo-bî-tāu
蜀七	sio̍k-tshit
蜀葵	sio̍k-kuî
蜂仔	phang-á
蜂仔炮	phang-á-phàu
蜂刺	phang-tshì
蜂岫	phang-siū
蜂岫癰	phang-siū-ing
蜂岫肚	phang-siū-tōo
蜂廚	phang-tû
蜂王	phang-ông
蜂王奶	phang-ông-ling
蜂窩疽	phang-o-tsu
蜂箱	phang-siunn
蜂腰	phang-io
蜂虎	phang-hóo
蜂蜜	phang-bi̍t
蜂蜜檸檬	phang-bi̍t-lê-bóng
蜂蜜雞卵糕	phang-bi̍t-k(u)e-nn̄g-ko
蜂蝦	phang-hê
蜂針	phang-tsiam
蜂鷹	phang-ing
蜅蛙	poo-ua
蜆仔	kàn-á
蜇魚	thē-hî
蜇魴	thē-hang
蜈蚣	giâ-kang
蜈蚣崙	Giâ-kang-lūn
蜈蚣旗	giâ-kang-kî
蜈蚣樹	giâ-kang-tshiū
蜈蚣珠	giâ-kang-tsu
蜈蚣竹	giâ-kang-tik
蜈蚣舅	giâ-kang-kū
蜈蚣草	giâ-kang-tsháu
蜈蚣蛸	giâ-kang-sau
蜈蚣趖入狗蟻岫	giâ-kang-sô-ji̍p-káu-hiā-siū
蜈蚣閣	giâ-kang-koh
蜈蜞	gôo-khî
蜈蜞咬	ngôo-khî-kā
蜈蜞咬蛤	ngôo-khî-kā-kap
蜈蜞帶	ngôo-khî-tuà
蜈蜞束	ngôo-khî-sok
蜈蜞脯	ngôo-khî-póo
蜈蜞衫	ngôo-khî-sann
蜈蜞襪	ngôo-khî-bue̍h
蜈蜞釘	ngôo-khî-ting
蜉蝣	hû-iû
蜊仔	lâ-á
蜊仔葉	lâ-á-hio̍h
蜘蛛	ti-tu
蜘蛛俠	ti-tu-kiap
蜘蛛結網	ti-tu-kat-bāng
蜘蛛絲	ti-tu-si
蜘蛛網	ti-tu-bāng
蜘蛛膜	ti-tu-mo̍oh
蜜希古	Bi̍t-hi-kóo
蜜房	bi̍t-pôo
蜜月	bi̍t-gua̍t
蜜柑	bi̍t-kam
蜜水	bi̍t-tsuí
蜜浸	bi̍t-tsìm
蜜芳烏龍	bi̍t-phang-oo-liông
蜜處理	bi̍t-tshú-lí
蜜蜂	bi̍t-phang
蜜蠟	bi̍t-la̍h
蜜餞	bi̍t-tsiàn
蜣螂	khiong-lông
蜷山路	khûn-suann-lōo
蜷索仔	khûn-soh-á
蝒蟲	bīn-thâng
蝕日	si̍t-ji̍t
蝕月	si̍t-gue̍h
蝕本	si̍h-pún
蝕水	si̍h-tsuí
蝕痕	si̍h-hûn
蝕秤	si̍h-tshìn
蝕秤頭	si̍h-tshìn-thâu
蝕重	si̍h-tāng
蝘蜓	ián-thîng
蝙蝠	pian-hok
蝡價	lùn-kè
蝦乾	hê-kuann
蝦仁	hê-jîn
蝦仔	hê-á
蝦仔皮	he-á-phuê
蝦仔糋	hê-á-tsìnn
蝦公鬚	hê-kong-tshiu
蝦卑	hê-pi
蝦卵	hê-nn̄g
蝦子	hê-tsí
蝦尾	hê-bué
蝦猴	hê-kâu
蝦皮	he-phuê
蝦籠仔	hê-lang-á
蝦米	hê-bí
蝦米曲	hê-bí-khiau
蝦米蹺	hê-bí-khiau
蝦糋	hê-tsìnn
蝦蛄	hê-koo
蝦蛄草	hê-koo-tsháu
蝦蛄蟞	hê-koo-phia̍t
蝦蛄頭	hê-koo-thâu
蝦趴	siak-phānn
蝦餅	hê-piánn
蝨母	sat-bó
蝨母卵	sat-bó-nn̄g
蝴蝶	ôo-tia̍p
蝴蝶泅	ôo-tia̍p-siû
蝴蝶花	ôo-tia̍p-hue
蝴蝶蘭	ôo-tia̍p-lân
蝶仔	ia̍h-á
蝶仔泅	ia̍h-á-siû
蝶仔球	ia̍h-á-kiû
蝶仔粉	ia̍h-á-hún
蝶仔結	ia̍h-á-kat
蝶仔花	ia̍h-á-hue
蝶仔草	ia̍h-á-tsháu
蝶蘭	ia̍h-lân
蝹先生	un-sian-senn
蝹碖蜷	un-lún-khûn
蝹蜷	un-khûn
蝹蜷路	un-khûn-lōo
蝹蝹蜷蜷	un-un-khûn-khûn
螂蜈	nâ-giâ
螂蜈椅	nâ-giâ-í
螉蠮	uan-iunn
螉蠮腰	uan-iunn-io
螉蠮蜂	uan-iunn-phang
融入	iông-ji̍p
融合	iông-ha̍p
融資	iông-tsu
融通	iông-thong
螟個	bîng-ê
螟個囝	bîng-ê-kiánn
螟蛉	bîng-lîng
螟蛉子	bîng-lîng-tsú
螢光	îng-kng
螢光幕	îng-kong-bōo
螢光筆	îng-kong-pit
螢幕	îng-bōo
螫著	tshioh-tio̍h
螳臂當車	tông-pì-tong-ki
螺仔	lê-á
螺仔刺	Lê-á-tshì
螺仔殼	lê-á-khak
螺仔水雞	Lê-á-tsuí-ke
螺仔肚胿	Lê-á-tōo-kui
螺仔餅	lê-á-piánn
螺仔鬃	lê-á-tsang
螺仔麭	lê-á-pháng
螺哨角	lê-sàu-kak
螺旋	lê-tsn̄g
螺殼	lê-khak
螺殼怪	Lê-khak-kuài
螺母	lê-bó
螺疕	lê-phí
螺絲	lô-si
螺絲刀	lô-si-to
螺絲帽	lô-si-bō
螺絲桮	lôo-si-pue
螺絲母	lô-sî-bó
螺絲牙	lô-si-gâ
螺絲絞	lô-si-ká
螺絲釘	lô-si-ting
螺絲鏇	lôo-si-tsuān
螺肉	lê-bah
螺蒂	lê-tì
螺貝	lê-puè
螺鈿	lê-tiān
螺陽	Lê-iâng
螺鬃	lê-tsang
螻蟻	káu-hiā
螽蟴	tsiong-su
螿蜍	tsiunn-tsî
蟉蚤	ka-tsáu
蟉蟬	ka-siân
蟉蠐	ka-tsê
蟉蠽	ka-tsua̍h
蟉蠽翅	ka-tsua̍h-si̍t
蟉蠽草	ka-tsua̍h-tsháu
蟋蟀	sik-sut
蟑蜍	tsiunn-tsî
蟒蛇	bóng-tsuâ
蟟鯉	lâ-lí
蟠桃	phuân-thô
蟧蜈	lâ-giâ
蟧蜈車	lâ-giâ-tshia
蟫仔	tsián-á
蟫蟲	tsián-thâng
蟫蠽	tsián-tsua̍h
蟫魚	tsián-hî
蟬仔	siân-á
蟬聯	siân-liân
蟬蠳	siân-ni
蟮蟲	siān-thâng
蟮蟲仔	siān-thâng-á
蟯仔	giô-á
蟯嗤嘈	ngiāu-tshi-tshā
蟯弄	ngiau-lāng
蟯桮	giô-pue
蟯歹	ngiauh-tái
蟯癢	ngiau-tsiūnn
蟯的	giô-ê
蟯絲	ngiau-si
蟯蟯	ngiauh-ngiauh
蟯蟯動	ngia̍uh-ngia̍uh-tāng
蟯蟯鑽	ngia̍uh-ngia̍uh-tsǹg
蟯蟶	ngiauh-than
蟲包	thâng-pau
蟲害	thâng-hāi
蟲空	thâng-khang
蟲絲	thâng-si
蟲草	thâng-tsháu
蟲豸	thâng-thuā
蟳仔	tsîm-á
蟳仔仁	tsîm-á-jîn
蟳味條	tsîm-bī-liâu
蟳味簽	tsîm-bī-tshiam
蟳灰	tsîm-hue
蟳管	tsîm-kóng
蟳管挾	tsîm-kóng-ngeh
蟳管腳	tsîm-kóng-kha
蟳管菜	tsîm-kóng-tshài
蟳膏	tsîm-ko
蟳菜	tsîm-tshài
蟶呢	than-ni
蟶坪	than-phiânn
蟶埕	than-tiânn
蟶無影	than-bô-iánn
蟶的	than-ê
蟹仔	huē-á
蟺蟲仔	siān-lâng-á
蟾蜍	tsiûnn-tsî
蟾蜍蘭	tsiûnn-tsû-lân
蠅虎	sîn-hóo
蠍仔	giat-á
蠍仔蟲	giat-á-thâng
蠓仔水	Báng-á-tsuí
蠓仔跤踢著	bāng-á-kha-that-tio̍h
蠓仔電	báng-á-tiān
蠓仔香君	Báng-á-hiunn-kun
蠓仔香肚胿仔	Báng-á-hiunn-tōo-kuái-á
蠓婆	báng-pô
蠓罩	báng-tàu
蠓蝛	báng-bui
蠓蟀	Báng-sut
蠓電仔	báng-tiān-á
蠔仔	ô-á
蠔殼灰	ô-khak-hue
蠔鏡	ô-kiànn
蠔鏡窗	hô-kiànn-thang
蠟像	la̍h-siōng
蠟板	la̍h-pán
蠟條	la̍h-tiâu
蠟燭	la̍h-tsik
蠟燭台	la̍h-tsik-tâi
蠟燭心	la̍h-tsik-sim
蠟燭油	la̍h-tsik-iû
蠟盤	la̍h-puânn
蠟筆	la̍h-pit
蠟紙	la̍h-tsuá
蠢笨	tshún-pūn
蠱脹	kóo-tiòng
蠶豆	tshâm-tāu
蠶食	tshâm-si̍t
蠹魚	tòo-hî
蠻柴頭	bân-tshâ-thâu
蠻皮	bân-phuê
蠻皮病	bân-phuê-pēnn
蠻皮癬	bân-phuê-sián
蠻鼠	bân-tshí
蠽仁	tshi̍h-jîn
蠽仔	tshi̍h-á
蠽膏	tshi̍h-ko
血仇	hiat-kiû
血債	hiat-tsè
血凍	hueh-tàng
血印	hueh-ìn
血型	hiat-hîng
血塊	hueh-tè
血壓	hiat-ap
血壓懸	hueh-ap-kuân
血小板	hiat-sió-pán
血崩	hiat-phing
血崩山	hueh-pang-suann
血巴	hueh-pa
血庫	hiat-khòo
血性	hiat-sìng
血戰	hiat-tsiàn
血抱心	hueh-phō-sim
血攻心	hueh-kong-sim
血暈	hiat-hūn
血書	hiat-su
血本	hiat-pún
血本無歸	hiat-pún-bô-kui
血朵	hueh-tô
血根草	hueh-kin-tsháu
血案	hiat-àn
血桐	hueh-tông
血母	hueh-bó
血氣	hiat-khì
血水	hueh-tsuí
血汗	hiat-hān
血汗錢	hueh-kuānn-tsînn
血油	hueh-iû
血泊	hiat-po̍h
血流如注	hiat-liû-jî-tsù
血液	hiat-i̍k
血液堅凍異常	hueh-i̍k-kian-tàng-ī-siông
血淚	hiat-luī
血清	hiat-tshing
血滓	hueh-tái
血漏	hiat-lāu
血漢	hiat-hàn
血漿	hiat-tsiong
血球	hiat-kiû
血疤	hueh-pa
血痕	hueh-hûn
血痢	hiat-lī
血痣	hueh-kì
血瘤	hiat-liû
血癌	hueh-gâm
血筋	hueh-kin
血管	hueh-kńg
血糖	hiat-thn̂g
血糖低	hueh-thn̂g-kē
血統	hiat-thóng
血緣	hiat-iân
血肉	hiat-bah
血脈	hiat-me̍h
血腮腮	hueh-sai-sai
血臊	hueh-tsho
血色	hueh-sik
血藤	hiat-tîn
血虛	hiat-hi
血蚶	hueh-ham
血蟯	hueh-giô
血蟲	hueh-thâng
血衣	hiat-i
血親	hiat-tshin
血角	hueh-kak
血跡	hiat-tsik
血路	hiat-lōo
血量	hiat-liāng
行事	hîng-sū
行云	kiânn-ûn
行人	hîng-jîn
行人穿越道	hîng-jîn-tshuan-uat-tō
行伍	hâng-ngóo
行使	hîng-sú
行倒退	kiânn-tò-thè
行健機	kiânn-kiān-ki
行傳	hîng-tuān
行儀	hîng-gî
行兇	hîng-hiong
行凶	hîng-hiong
行刑	hîng-hîng
行列	hâng-lia̍t
行到	kiânn-kàu
行刺	hîng-tshì
行劫	hîng-kiap
行動	hîng-tōng
行動科技	hîng-tōng-kho-ki
行勻	kiânn-ûn
行去	kiânn-khì
行去矣	kiânn-khì-ah
行口	hâng-kháu
行向	kiânn-hiòng
行吟	hîng-gîm
行員	kâng-uân
行商	hîng-siong
行善	hîng-siān
行大禮	kiânn-tuā-lé
行宜	hîng-gî
行宮	hîng-kiong
行家	hâng-ka
行山	kiânn-suann
行庫	hâng-khòo
行強	hîng-kiông
行彎路	kiânn-uan-lōo
行後山	kiânn-āu-suann
行後門	kiânn-āu-mn̂g
行徑	hîng-kìng
行徙	kiânn-suá
行情	hâng-tsîng
行憲	hîng-hiàn
行房	hîng-pâng
行拳	kiânn-kûn
行放	kiânn-pàng
行政	hîng-tsìng
行政區	hîng-tsìng-khu
行政法院	hîng-tsìng-huat-īnn
行政院	hîng-tsìng-īnn
行政院長	hîng-tsìng-īnn-tiúnn
行文	hîng-bûn
行星	hîng-sing
行春	kiânn-tshun
行時	kiânn-sî
行暗路	kiânn-àm-lōo
行會通	kiânn-ē-thong
行李	hîng-lí
行李箱	hîng-lí-siunn
行柴腳	kiânn-tshâ-kha
行棋	kiânn-kî
行業	hâng-gia̍p
行櫥	kiânn-tû
行止	hîng-tsí
行毋知路	kiânn-m̄-tsai-lōo
行毋著路	kiânn-m̄-tio̍h-lōo
行氣	hîng-khì
行江湖	kiânn-kang-ôo
行為	hîng-uî
行無路	kiânn-bô-lōo
行照	hîng-tsiàu
行獵者	kiânn-la̍h-tsiá
行痕	kiânn-hûn
行省	hîng-síng
行短路	kiânn-té-lōo
行禮	hîng-lé
行竊	hîng-tshiap
行節氣	kiânn-tseh-khuì
行索	kiânn-soh
行經	kiânn-king
行者	hîng-tsiá
行腳	kiânn-kha
行腳到	kiânn-kha-kàu
行腳花	kiânn-kha-hue
行船	kiânn-tsûn
行船人	kiânn-tsûn-lâng
行著路	kiânn-tio̍h-lōo
行號	hâng-hō
行行出狀元	hâng-hâng-tshut-tsiōng-guân
行袂開跤	kiânn-bē-khui-kha
行規	hâng-kui
行親	kiânn-tshin
行親情	kiânn-tshin-tsiânn
行詐	hîng-tsà
行誕	kiânn-tānn
行讀	kiânn-tho̍k
行貼	kiânn-tah
行賄	hîng-huè
行走	hîng-tsóo
行跡	kiânn-jiah
行跤花	kiânn-kha-hue
行跤踏	kiânn-kha-ta̍h
行路	kiânn-lōo
行路工	kiânn-lōo-kang
行路草	Kiânn-lōo-tsháu
行踏	kiânn-ta̍h
行踏節目	kiânn-ta̍h-tsiat-bo̍k
行蹤	hîng-tsong
行車	hîng-tshia
行車記錄器	hîng-tshia-kì-lio̍k-khì
行車錄影機	hîng-tshia-lio̍k-iánn-ki
行軍	hîng-kun
行轉	kiânn-tńg
行近路	kiânn-kīn-lōo
行透透	kiânn-thàu-thàu
行進	hîng-tsìn
行遊	kiânn-iû
行運	kiânn-ūn
行遍	kiânn-phiàn
行過	kiânn-kuè
行過去	kiânn-kuè-khì
行過身	kiânn-kuè-sin
行郊	hâng-kau
行都	hîng-too
行酒家	kiânn-tsiú-ka
行醫	hîng-i
行銷	hîng-siau
行雲頂	kiânn-hûn-tíng
行靈	kiânn-lîng
行頭	hîng-thâu
行額禮	kiânn-hia̍h-lé
行館	hâng-kuán
行香	hîng-hiunn
行駛	hîng-sú
行騙	hîng-phiàn
衍生	ián-sing
衒禮	hīng-lé
術仔	su̍t-á
術仔囝	su̍t-á-kiánn
術士	su̍t-sū
術科	su̍t-kho
術語	su̍t-gí
街仔	ke-á
街區	ke-khu
街市	ke-tshī
街景	ke-kíng
街裡	ke-lí
街路	ke-lōo
街面	ke-bīn
街面頂	ke-bīn-tíng
街頂	ke-tíng
街頭	ke-thâu
衙門	gê-mn̂g
衛兵	uē-ping
衛冕	uē-bián
衛星	uē-tshenn
衛浴	uē-i̍k
衛生	uē-sing
衛生局	uē-sing-kio̍k
衛生所	uē-sing-sóo
衛生棉	uē-sing-mî
衛生碗	uē-sing-uánn
衛生福利部	Uē-sing-Hok-lī-Pōo
衛生箸	uē-sing-tī
衛生紙	uē-sing-tsuá
衛生署	uē-sing-sú
衛生處	uē-sing-tshù
衛生衣	uē-sing-i
衛生衫	uē-sing-sann
衛生部	uē-sing-pōo
衛福部	Uē-hok-pōo
衛道	uē-tō
衛隊	uē-tuī
衛風	Uē-hong
衝動	tshiong-tōng
衝射	tshiong-siā
衝懸	tshìng-kuân
衝拚	tshiong-piànn
衝撞	tshiong-tn̄g
衝擊	tshiong-kik
衝水	tshìng-tsuí
衝湧	tshiong-íng
衝激	tshìng-kik
衝犯	tshiong-huān
衝甲掠袂牢	tshìng-kah-lia̍h-bē-tiâu
衝皇	tshìng-hông
衝破	tshiong-phuà
衝破撞突	tshiong-phuà-tōng-tu̍t
衝碰	tshiâng-póng
衝磅	tshiong-pōng
衝突	tshiong-tu̍t
衝紅燈	tshiong-âng-ting
衝線	tshiong-suànn
衝著鬼	tshiong-tio̍h-kuí
衝鋒陷陣	tshiong-hong-hām-tīn
衝面	tshìng-bīn
衝風	tshìng-hong
衡陽路	hîng-iông-lōo
衢州	Kû-tsiu
衢江	Kû-kang
衣冠	i-kuan
衣帶	ui-tuà
衣弓仔	i-king-á
衣抱心	ui-phō-sim
衣收裙	i-siu-kûn
衣料	i-liāu
衣服	i-ho̍k
衣櫃	i-kuī
衣物	i-bu̍t
衣缽	i-puat
衣裙	i-kûn
衣裳	i-tsiûnn
衣裳身穿	i-tsiûnn-sin-tshīng
衣食	i-si̍t
表仔	pió-á
表兄	piáu-hiann
表兄弟	piáu-hiann-tī
表叔	piáu-tsik
表名	piáu-miâ
表哥	piáu-ko
表單	pió-tuann
表妹	piáu-muē
表姊	piáu-tsé
表姐	piáu-tsé
表姐妹	piáu-tsí-muē
表姪	piáu-ti̍t
表小妹	piáu-sió-bē
表小弟	piáu-sió-tī
表層	piáu-tsân
表弟	piáu-tē
表彰	piáu-tsiong
表徵	piáu-ting
表情	piáu-tsîng
表情文字	piáu-tsîng-bûn-jī
表情符號	piáu-tsîng-hû-hō
表態	piáu-thài
表揚	piáu-iông
表明	piáu-bîng
表格	piáu-keh
表樣	piáu-iūnn
表汗	piáu-hān
表決	piáu-kuat
表演	piáu-ián
表演賽	piáu-ián-sài
表率	piáu-suài
表現	piáu-hiān
表白	piáu-pi̍k
表的	piáu-ê
表皮	piáu-phuê
表示	piáu-sī
表裏	piáu-lí
表象	piáu-siōng
表達	piáu-ta̍t
表露	piáu-lōo
表面	piáu-biān
衫丈	sann-tn̄g
衫仔店	sann-á-tiàm
衫仔弓	sann-á-king
衫仔抿	sann-á-bín
衫仔掛	sann-á-kuà
衫仔料	sann-á-liāu
衫仔枋	sann-á-pang
衫仔架	sann-á-kè
衫仔槌	sann-á-thuî
衫仔櫥	sann-á-tû
衫仔脰	sann-á-tāu
衫仔袋	sann-á-tē
衫仔裾	sann-á-ki
衫仔褲	sann-á-khòo
衫仔襟	sann-á-khim
衫仔領	sann-á-niá
衫吊仔	sann-tiàu-á
衫帕	sann-phè
衫弓仔	sann-king-á
衫抿	sann-bín
衫料	sann-liāu
衫架仔	sann-kè-á
衫槌	sann-thuî
衫櫥	sann-tû
衫砧	sann-tiam
衫穿	sann-tshīng
衫脊	sann-tsit
衫褲	sann-khòo
衫褲弓仔	sann-khòo-king-á
衫褲枋	sann-khòo-pang
衫連裙	sann-liân-kûn
衫靠枋	sann-khò-pang
衰人	sue-lâng
衰尾	sue-bué
衰尾道人	sue-bué-tō-jîn
衰弱	sue-jio̍k
衰微	sue-bî
衰手	sue-tshiú
衰敗	sue-pāi
衰旺	sue-ōng
衰旺兆	sue-ōng-tiāu
衰旺手	sue-ōng-tshiú
衰旺氣	sue-ōng-khì
衰氣	sue-khuì
衰竭	sue-kia̍t
衰荏	sue-lám
衰落	sue-lo̍h
衰退	sue-thè
衰運	sue-ūn
衰颯	sue-sap
衷心	thiong-sim
袂䆀	bē-bái
袂上目	buē-tsiūnn-ba̍k
袂伨得	bē-thīn-tit
袂使哭	bē-sái-khàu
袂使無	bē-sái-bô
袂使笑	bē-sái-tshiò
袂使食	bē-sái-tsia̍h
袂信得	bē-sìn-tit
袂假會	bē-ké-ē
袂停	bē-thîng
袂出得	bē-tshut-tit
袂動	bē-tāng
袂合	bē-ha̍h
袂呵咾得	bē-o-ló-tit
袂和盤	bē-hô-puânn
袂在	bē-tsāi
袂堪得	bē-kham-tit
袂堪得氣	buē-kham-tit-khì
袂堪得煩	bē-kham-tit-huân
袂婸	bē-giang
袂嫌得	bē-hiâm-tit
袂孝孤得	bē-hàu-koo-tit
袂定著	bē-tiānn-tio̍h
袂對同	bē-tuì-tâng
袂少	bē-tsió
袂少人	bē-tsió-lâng
袂得	bē-tit
袂忍得	bē-lún-ti̍t
袂忍心	bē-jím-sim
袂恬	bē-tiām
袂慼變	bē-tsheh-piàn
袂抽退	bē-thiu-thè
袂拗蠻得	bē-áu-bân-tit
袂探聽得	bē-thàm-thiann-tit
袂接力	bē-tsih-la̍t
袂插得	bē-tshap-tit
袂晟教得	bē-tshiânn-kà-tit
袂暢	bē-thiòng
袂曉看勢面	bē-hiáng-khuànn-sè-bīn
袂曉看風勢	bē-hiáu-khuànn-hong-sè
袂曉衰	bē-hiáu-sue
袂曉見笑	bē-hiáu-kiàn-siàu
袂曉講話	bē-hiáu-kóng-uē
袂曉踅鹿角	bē-hiáu-se̍h-lo̍k-kak
袂曉轉彎	buē-hiáu-tńg-uan
袂曉通衰	bē-hiáu-thang-sue
袂曉駛船嫌溪彎	bē-hiáu-sái-tsûn-hiâm-khe-uan
袂曉駛船嫌溪狹	bē-hiáu-sái-tsûn-hiâm-khe-e̍h
袂死心	bē-sí-sim
袂死袂活	bē-sí-bē-ua̍h
袂比並得	bē-pí-phīng-e
袂清朗	bē-tshing-lóng
袂煞	bē-suah
袂爽	bē-sóng
袂牢鼎	buē-tiâu-tiánn
袂現示	bē-hiàn-sī
袂生	bē-senn
袂用得	bē-īng-tit
袂當	bē-tàng
袂當干焦我看著	Bē-tàng-kan-na-guá-khuànn-tio̍h
袂當收山	bē-tàng-siu-suann
袂當無	bē-tàng-bô
袂當無愛	bē-tàng-bô-ài
袂當煞獅尾	bē-tàng-suah-sai-bué
袂當直	bē-tàng-ti̍t
袂當算擺	bē-tàng-suìnn-pái
袂當老	Bē-tàng-lāu
袂癮	bē-giàn
袂看口	buē-khuànn-kháu
袂看口得	bē-khuànn-kháu-tit
袂看得	bē-khuànn-tit
袂算得實字	bē-sǹg-tit-si̍t-jī
袂苟簡	bē-kóo-kán
袂落樓梯	bē-lo̍h-lâu-thui
袂著得	bē-tio̍h-tit
袂褒得	bē-po-tit
袂要緊	buē-iàu-kín
袂見眾得	bē-kìnn-tsìng-tit
袂見笑	bē-kiàn-siàu
袂見袂笑	bē-kiàn-bē-siàu
袂講袂呾	bē-kóng-bē-tànn
袂變竅	bē-piàn-khiàu
袂赴市	bē-hù-tsī
袂較大	bē-khah-tōa
袂較細	bē-khah-sè
袂輸	bē-su
袂輸咧	bē/buē-su-leh
袂輾轉	bē-liàn-tńg
袂通	bē-thang
袂過心	bē-kuè-sim
袂閣再	buē-koh-tsài
袂靠	bē-khò
袂顧得	bē-kòo-tit
袂驚	bē-kiann
袂鬥	bē-tàu
袂黏鼎	bē-liâm-tiánn
袈裟	ka-se
袋仔	tē-á
袋仔花	Tē-á-hue
袋土	tē-thôo
袋恭	tē-kiong
袋糞	tē-pùn
袋裝	tē-tsng
袋錶	tē-pió
袋鼠	tē-tshí
袋鼠龍	Tē-tshí-liông
袍襤	phàu-lam
袒親	thán-tshin
袖手旁觀	siū-tshiú-pông-kuan
袞邊	kún-pinn
袪勢命	khiap-sì-miā
袪屎	khiap-sái
被俘	pī-hû
被偷	pī-thau
被傷	pī-siong
被判	pī-phuànn
被刺	pī-tshì
被劫	pī-kiap
被動	pī-tōng
被包	phuē-pau
被告	pī-kò
被單	phuē-tuann
被囊	phuē-lông
被害	pī-hāi
被害人	pī-hāi-jîn
被害妄想症	pī-hāi-bōng-sióng-tsìng
被害者	pī-hāi-tsía
被捕	pī-póo
被擒	pī-khîm
被殺	pī-sat
被空內	phuē-khang-lāi
被管	phuē-kńg
被舖	phuē-phoo
被蓆	phuē-tshio̍h
被裙	phuē-kûn
被請	pī-tshiánn
被迫	pī-pik
被鋪卷	phuē-phoo-kǹg
被鋪席	phuē-phoo-tshio̍h
被頭巾	phuē-thâu-kin
袱面	ho̍k-bīn
裁併	tshâi-pìng
裁判	tshâi-phuànn
裁剪	tshâi-tsián
裁員	tshâi-guân
裁奪	tshâi-tua̍t
裁定	tshâi-tīng
裁少	tshâi-tsió
裁度	tshâi-tōo
裁彎掠直	tshâi-uan-lia̍h-ti̍t
裁撤	tshâi-thiat
裁決	tshâi-kuat
裁減	tshâi-kiám
裁示	tshâi-sī
裁縫	tsâi-hông
裁縫桌	tshâi-hông-toh
裁縫車	tsâi-hông-tshia
裁處	tshâi-tshù
裁軍	tshâi-kun
裂一空	le̍h-tsi̍t-khang
裂嘴	li̍h-tshuì
裂囊散甲	li̍h-lông-sàn-kah
裂戎散甲	li̍h-liông-suànn-kah
裂扦	lì-tshuann
裂痕	lia̍t-hûn
裂破	liah-phuà
裂紃	li̍h-sûn
裂經	li̍h-king
裂線坐	li̍h-suànn-tsuē
裂縫	li̍h-phāng
裂胸散甲	li̍h-hing-sàn-kah
裂開	le̍h-khui
裂隙	liah-khiah
裊裊	niáu-niáu
裌仔	kah-á
裔孫	è-sun
裘仔	hiû-á
裙帶	kûn-tuà
裙帶菜	kûn-tuà-tshài
裙帶親	kûn-tuà-tshin
裙帶豆	kûn-tuà-tāu
裙裾	kûn-ki
裙頭	kûn-thâu
補上	póo-siāng
補修	póo-siu
補修學分	póo-siu-ha̍k-hun
補假	póo-ká
補償	póo-sióng
補充	póo-tshiong
補冬	póo-tang
補剔	póo-thak
補助	póo-tsōo
補助費	póo-tsōo-huì
補助金	póo-tsōo-kim
補品	póo-phín
補嘴齒	póo-tshuì-khí
補塌	póo-thap
補塞	póo-that
補夠夠	póo-kàu-kàu
補夠額	póo-kàu-gia̍h
補所	póo-sóo
補搭	póo-tah
補救	póo-kiù
補校	póo-hāu
補欠	póo-khiàm
補正	póo-tsìng
補添	póo-thinn
補漏	póo-lāu
補物	póo-mi̍h
補發	póo-huat
補皮鞋	póo-phuê-ê
補眠	póo-bîn
補空	póo-khang
補紅	póo-âng
補紩	póo-thīnn
補給	póo-kip
補網	póo-bāng
補網魚	póo-bāng-hî
補習	póo-si̍p
補習班	póo-si̍p-pan
補考	póo-khó
補肉	póo-bah
補脾	póo-pî
補腎	póo-sīn
補藥	póo-io̍h
補血	póo-hiat
補衫	póo-sann
補課	póo-khò
補貨	póo-huè
補貼	póo-thiap
補足	póo-tsiok
補路	póo-lōo
補運	póo-ūn
補雨傘	póo-hōo-suànn
補鞋	póo-ê
補領	póo-niá
補養	póo-iáng
補點	póo-tiám
補鼎的	póo-tiánn-ê
補齊	póo-tsê
裝仿	tsong-hóng
裝修	tsng-siu
裝備	tsong-pī
裝卸	tsng-sià
裝台	tsng-tâi
裝填	tsng-thiām
裝奇做怪	tsng-kî-tsò-kuài
裝娗	tsng-thānn
裝戲	tsng-hì
裝扮	tsng-pān
裝有	tsng-ū
裝樣	tsng-iūnn
裝滿	tsng-muá
裝潢	tsong-hông
裝甲師	tsong-kah-su
裝痟	tsng-siáu
裝痟個	tsng-siáu-ê
裝痟的	tsng-siáu-ê
裝皮	tsong-phuê
裝盤	tsng-puânn
裝置	tsong-tì
裝袋	tsng-tē
裝設	tsng-siat
裝車	tsong-tshia
裝載	tsng-tsài
裝運	tsng-ūn
裝配	tsng-phuè
裝飾	tsong-sik
裝飾品	tsng-sik-phín
裡外	lí-guā
裱褙	piáu-puè
裸身	lō-sin
裸露	lō-lōo
裹腳	káu-kioh
裹足不前	kóo-tsiok-put-tsiân
裼屑屑	theh-sut-sut
裼溜溜	theh-liu-liu
製作	tsè-tsok
製作人	tsè-tsok-jîn
製冰	tsè-ping
製品	tsè-phín
製圖	tsè-tôo
製成	tsè-sîng
製法	tsè-huat
製片	tsè-phìnn
製版	tsè-pán
製糖	tsè-thn̂g
製藥	tsè-io̍h
製藥廠	tsè-io̍h-tshiúnn
製造	tsè-tsō
製造出	tsè-tsō-tshut
製造商	tsè-tsō-siong
製造廠	tsè-tsō-tshiúnn
製造業	tsè-tsō-gia̍p
製造者	tsè-tsō-tsiá
製鞋	tsè-ê
複利	ho̍k-lī
複印	ho̍k-ìn
複合	ho̍k-ha̍p
複審	hok-sím
複寫	hok-siá
複寫紙	ho̍k-siá-tsuá
複式	hok-sik
複數	ho̍k-sòo
複查	hok-tsa
複檢	ho̍k-kiám
複歌	ho̍k-kua
複決	ho̍k-kuat
複製	hok-tsè
複製品	ho̍k-tsè-phín
複診	ho̍k-tsín
複試	ho̍k-tshì
複議	hok-gī
複賽	hok-sài
複選	ho̍k-suán
複雜	ho̍k-tsa̍p
褒唆	po-so
褒囉唆	po-lo-so
褒囉嗦	po-lô-so
褒忠	po-tiong
褒揚	po-iông
褒獎	po-tsióng
褒賞	po-siúnn
褙壁	pè-piah
褙擦	puè-tshat
褙金	puè-kim
褡褳袋	tah-liân-tē
褪人	thǹg-lâng
褪光光	thǹg-kng-kng
褪剝裼	thǹg-pak-theh
褪孝	thǹg-hà
褪帽	thǹg-bō
褪底	thǹg-té
褪店底	thǹg-tiàm-té
褪掉	thǹg-tiāu
褪殼	thǹg-khak
褪毛	thǹg-mn̂g
褪澈澈	thǹg-theh-theh
褪牙	thǹg-gê
褪疕	thǹg-phí
褪皮	thǹg-phuê
褪皮樹	thǹg-phuê-tshiū
褪脩	thǹg-sau
褪腹澈	thǹg-pak-theh
褪腹裼	thǹg-pak-theh
褪落來	thǹg-lo̍h-lâi
褪衫	thǹg-sann
褪衫仔褲	thǹg-sann-á-khòo
褪衫褪褲	thǹg-sann-thǹg-khòo
褪裼裼	thǹg-theh-theh
褪裼麥	thǹg-theh-be̍h
褪褲	thǹg-khòo
褪褲拍的	thǹg-khòo-phah-ê
褪褲放屁	thǹg-khòo-pàng-phuì
褪褲膦	thǹg-khòo-lān
褪褲𡳞	thǹg-khòo-lān
褪赤腳	thǹg-tshiah-kha
褪赤裼	thǹg-tshiah-theh
褪赤跤	thǹg-tshiah-kha
褪赤跤對死穿皮鞋	thǹg-tshiah-kha-tuì-sí-tshīng-phuê-ê
褪躘	thùn-lióng
褪齒	thǹg-khí
褫奪	thí-tua̍t
褲帶	khòo-tuà
褲帶結相連	khòo-tuà-ka-sio-liân
褲帶結相黏	khòo-tuà-kat-sio-liâm
褲底	khòo-té
褲底袋磅子	khòo-té-tē-pōng-tsí
褲撐	khòo-thìnn
褲段	khòo-tn̂g
褲筒	khòo-tâng
褲紐仔	khòo-liú-á
褲紬	khòo-thiu
褲腳	khòo-kha
褲腳尾	khòo-kha-bué
褲腳縫	khòo-kha-phāng
褲衩	khòo-tshà
褲袋	khòo-tē
褲袋仔	khòo-tē-a
褲襪仔	khòo-bue̍h-á
褲跤全是鬼	khòo-kha-tsuân-sī-kuí
褲頭	khòo-thâu
褲頭帶	khòo-thâu-tuà
褶痕	tsih-hûn
褶紙	tsih-tsuá
褸碎	luì-tshuì
褸褸碎碎	luí-luí-tshuì-tshuì
褻瀆	siat-to̍k
褻體	siat-thái
襄助	siong-tsōo
襄理	siang-lí
襉絨仔花	kíng-jiông-á-hue
襟章	khim-tsiong
襟胸	khim-hing
襟胸肉	khim-hing-bah
襤棉裘	lam-mî-hiû
襤獅狗	làm-sai-káu
襤褸	lâm-luì
襪仔	bue̍h-á
襪帶	bue̍h-tuà
襪束	bue̍h-sok
襯皮	tshàn-phuê
西亞	Se-a
西亞圖	Se-a-tôo
西人	se-jîn
西仔貨	se-á-huè
西元	se-guân
西刀舌	sai-to-tsi̍h
西勢	sai-sì
西北	sai-pak
西北雨	sai-pak-hōo
西區	sai-khu
西南	sai-lâm
西國菜燕	se-kok-tshài-iàn
西國麵粉粿	se-kok-mī-hún-kué
西園	Se-hn̂g
西域	se-hi̍k
西子	Se-tsú
西安	Se-an
西寧	Sai-lîng
西寮	Se-liâu
西山	Sai-suann
西岸	sai-huānn
西式	se-sik
西征	se-tsing
西德	Se-tik
西打	se-tánn
西拉雅	Si-lá-iah
西拉雅國家風景區	Se-la-ngá-Kok-ka-Hong-kíng-khu
西方	se-hong
西方人	se-hong-lâng
西方國家	se-hong-kok-ka
西施	se-si
西施舌	se-si-tsi̍h
西曆	se-li̍k
西服	se-ho̍k
西歐	Se-au
西歸	se-kui
西河柳	se-hô-liú
西洋	se-iûnn
西洋人	se-iûnn-lâng
西洋樓	se-iûnn-lâu
西洋琴	se-iûnn-khîm
西洋番	se-iûnn-huan
西洋鬼節	se-iûnn-kuí-tseh
西海岸	se-hái-huānn
西港	Sai-káng
西港仔	Sai-káng-á
西湖	Se-ôo
西湖柳	se-hôo-liú
西照日	sai-tsiò-ji̍t
西班牙	Se-pan-gâ
西瓜	si-kue
西瓜倚大爿	si-kue-uá-tuā-pîng
西瓜起沙	si-kue-khí-sua
西番蓮	se-huan-liân
西畫	se-uē
西米羅	si-bí-loh
西米露	sai-bí-lōo
西藏	Se-tsông
西藏自治區	Se-tsōng-Tsū-tī-khu
西藥	se-io̍h
西藥房	se-io̍h-pâng
西螺	Sai-lê
西螺柑	sai-lê-kam
西裝	se-tsong
西谷米	sai-kok-bí
西遊記	Se-iû-kì
西部	se-pōo
西醫	se-i
西門	se-mn̂g
西門町	Se-mn̂g-ting
西雅圖	Se-ngá-tôo
西雙版納	Se-siang-pán-la̍p
西面	Se-bīn
西風	sai-hong
西餐	se-tshan
西餐廳	se-tshan-thiann
西魯	se-lóo
西點	se-tiám
西齒	sai-khí
要事	iàu-sū
要人	iàu-jîn
要件	iàu-kiānn
要務	iáu-bū
要員	iàu-uân
要地	iàu-tē
要塞	iàu-sài
要字	iàu-jī
要害	iàu-hāi
要意	iàu-ì
要旨	iàu-tsí
要求	iau-kiû
要犯	iàu-huān
要素	iàu-sòo
要緊	iàu-kín
要職	iàu-tsit
要脅	iau-hia̍p
要衝	iàu-tshiong
要角	iàu-kak
要訣	iàu-kuat
要詞	iàu-sû
要道	iàu-tō
要項	iàu-hāng
要領	iàu-líng
要點	iàu-tiám
覆地弓身	phak-tē-king-sin
覆文	hok-bûn
覆槽	phak-tsô
覆水難收	hok-tsuí-lân-siu
覆盆子	hok-phûn-tsú
覆笑	phak-tshiò
覆腰	phak-io
覆菜	phak-tshài
覆議	hok-gī
覆轍	ho̍k-tia̍t
覆面	hok-bīn
覆順亭	phak-sūn-tîng
覆龜亭	phak-ku-tîng
見人呵咾	kiàn-lâng-o-ló
見人好	kìnn-lâng-hó
見人嫌	kìnn-lâng-hiâm
見人投	kìnn-lâng-tâu
見人熟	kìnn-lâng-si̍k
見人見笑	kìnn-lâng-kiàn-siàu
見但	kìnn-nā
見來成	kiàn-lâi-sîng
見光死	kìnn-kng-sí
見公母	kìnn-kang-bó
見古	kiàn-kóo
見報	kìnn-pò
見外	kiàn-guā
見大	kìnn-tuā
見天	khiàn-thian
見天格	kìnn-thinn-keh
見天狗	khiàn-thian-káu
見奇	kiàn-kî
見學臺	kìnn-ha̍k-tâi
見怪	kiàn-kuài
見擺	kiàn-pái
見改	kiàn-kái
見效	kiàn-hāu
見本	kiàn-pún
見烏著觸	kìnn-oo-tio̍h-tak
見生死	kìnn-senn-sí
見真	kìnn-tsin
見真張	kìnn-tsin-tiunn
見笑	kiàn-siàu
見笑代	kiàn-siàu-tāi
見笑死	kiàn-siàu-sí
見笑無地比	kiàn-siàu-bô-tè-pí
見笑無底	kiàn-siàu-bô-té
見笑無底止	kián-siàu-bô-tí-tsí
見笑草	kiàn-siàu-tsháu
見笑草水雞	Kiàn-siàu-tsháu-tsuí-ke
見笑轉受氣	kiàn-siàu-tńg-siū-khì
見笑面	kiàn-siàu-bīn
見習	kiàn-si̍p
見聞	kiàn-bûn
見腫消	kìnn-tsíng-siau
見若	kìnn-nā
見著	kìnn-tio̍h
見著棺柴才知哭	kìnn-tio̍h-kuann-tshâ-tsiah-tsai-khàu
見著矣	kìnn-tio̍h-ah
見著錢著變點	kìnn-tio̍h-tsînn-tio̍h-piàn-tiám
見解	kiàn-kái
見諒	kiàn-liōng
見講	kiàn-kóng
見證	kiàn-tsìng
見識	kiàn-sik
見輸嬴	kìnn-su-iânn
見輸贏	kìnn-su-iânn
見過	kìnn-kuè
見錢死	kìnn-tsînn-sí
見錢痟	kìnn-tsînn-siáu
見面	kìnn-bīn
見面禮	kìnn-bīn-lé
見高低	kiàn-ko-te
見鬼	kìnn-kuí
見鬼司公白賊戲	kìnn-kuí-sai-kong-pe̍h-tsha̍t-hì
規世人	kui-sì-lâng
規個	kui-ê
規則	kui-tsik
規副	kui-hù
規劃	kui-uē
規半工	kui-puànn-kang
規半晡	kui-puànn-poo
規嚾規黨	kui-uang-kui-tóng
規四界	kui-sì-kè
規土腳	kui-thôo-kha
規套	kui-thó
規定	kui-tīng
規家伙仔	kui-ke-hué-á
規崙日	kui-nn̂g-ji̍t
規崙身	kui-nn̂g-sin
規帶	kui-tuà
規年	kui-nî
規律	kui-lu̍t
規心	kui-sim
規批	kui-phe
規拖	kui-thua
規拖規膏	kui-thua-kui-kô
規拖退膏	kui-thua-kui-kô
規日	kui-ji̍t
規暝	kui-mê
規暝到天光	kui-mê-kàu-thinn-kng
規格	kui-keh
規模	kui-bôo
規模經濟	kui-bôo-king-tsè
規氣	kui-khì
規注	kui-tù
規片	kui-phiánn
規畫	kui-uē
規盤	kui-puânn
規矩	kui-kí
規碗捀	kui-uánn-phâng
規章	kui-tsiong
規範	kui-huān
規篇	kui-phinn
規約	kui-iok
規罐	kui-kuàn
規罪	kui-tsuē
規腹	kui-pak
規腹火	kui-pak-hué
規色	kui-sik
規費	kui-huì
規身	kui-sin
規身軀	kui-sing-khu
規身軀汗	kui-sin-khu-kuānn
規身軀軟膏膏	kui-sin-khu-nńg-kô-kô
規迣	kui-tsuā
規避	kui-pī
規陣	kui-tīn
規頭面土	kui-thâu-bīn-thôo
覓仔	ba̍h-á
覓喪	bāi-song
覓搭覓搭	bā-tah-bā-tah
覓病	bāi-pēnn
覓脈	bāi-me̍h
覓錢	bā-tsînn
覓雞仔	bā-kere-á
覓頭路	bā-thâu-lōo
覓鴞刺	bā-hio̍h-tshì
覓鴞翼	bā-hio̍h-si̍t
覕冬	bih-tang
覕名	bih-miâ
覕喙	bih-tshuì
覕洞空	bih-tōng-khang
覕相揣	bih-sio-tshuē
覕秋	bih-tshiu
覕空	bih-khang
覕翼蟻	bih-si̍t-hiā
覕蔭	bih-ńg
覕鬚	bih-tshiu
視力	sī-li̍k
視同	sī-tông
視察	sī-tshat
視網膜	sī-bāng-mo̍oh
視線	sī-suànn
視聽	sī-thiann
視若無睹	sī-jio̍k-bô-tóo
視覺	sī-kak
視訊	sī-sìn
視野	sī-iá
覗覗	sù-sù
親事	tshin-sū
親人	tshin-lâng
親信	tshin-sìn
親像	tshan-tshiūnn
親像款	tshin-tshiūnn-khuán
親兄弟	tshin-hiann-tī
親切	tshin-tshiat
親友	tshin-iú
親同	tshin-tông
親告罪	tshin-kò-tsuē
親和力	tshin-hô-li̍k
親善	tshin-siān
親嘴	tshin-tshuì
親堂	tshin-tông
親姆	tshenn-ḿ
親子	tshin-tsú
親子丼	tshin-tsú-tóng
親家	tshin-ke
親家倌	tshin-ke-kuann
親家公	tshin-ke-kong
親家姆	tshin-ke-ḿ
親密	tshin-bi̍t
親屬	tshin-sio̍k
親情	tshin-tsîng
親情五雜	tshin-tsiânn-gōo-tsa̍p
親愛	tshin-ài
親愛的	tshin-ài-ê
親戚	tshin-tshik
親戽戽	tshin-hòo-hòo
親手	tshin-tshiú
親族	tshin-tso̍k
親昌	tshin-tshiang
親朋	tshin-pîng
親熱	tshin-jia̍t
親王	tshin-ông
親生	tshin-senn
親疊親	tshin-thia̍p-tshin
親目	tshin-ba̍k
親目看著	tshin-ba̍k-khuànn-tio̍h
親目見	tshin-ba̍k-kìnn
親筆	tshin-pit
親自	tshin-tsū
親親成	tshin-tshin-tsiânn
親身	tshin-sin
親近	tshin-kīn
覷懵	tshù-báng
覷目	tshuh-ba̍k
覷睛	tshù-tshíng
覺悟	kak-gōo
覺民	Kak-bîn
覺醒	kak-tshénn
觀世音	kuan-sè-im
觀世音菩薩	Kuan-sè-im-phôo-sat
觀人意	kuan-lâng-ì
觀光	kuan-kong
觀光區	kuan-kong-khu
觀光客	kuan-kong-kheh
觀光局	Kuan-kong-kio̍k
觀光業	kuan-kong-gia̍p
觀台	kuan-tâi
觀塘	kuan-tn̂g
觀察	kuan-tshat
觀察員	kuan-tshat-uân
觀察家	kuan-tshat-ka
觀念	kuan-liām
觀感	kuan-kám
觀戰	kuan-tsiàn
觀摩	kuan-môo
觀望	kuan-bōng
觀測	kuan-tshik
觀看	kuan-khuànn
觀眾	kuan-tsiòng
觀禮	kuan-lé
觀覽	kuan-lám
觀覽器	kuan-lám-khì
觀護人	kuan-hōo-jîn
觀賞	kuan-sióng
觀音	Kuan-im
觀音佛祖	kuan-im-hu̍t-tsóo
觀音大士	kuan-im-tāi-sū
觀音媽	kuan-im-má
觀音山	Kuan-im-suann
觀音竹	kuan-im-tik
觀音草	kuan-im-tsháu
觀音菜	kuan-im-tshài
觀音菩薩	kuan-im-phôo-sat
觀音蓮	kuan-im-liân
觀音蛇	kuan-im-tsuâ
觀音豆	kuan-im-tāu
觀顧	kuan-kòo
觀風	kuan-hong
觀點	kuan-tiám
角仔	kak-á
角仔酥	kak-á-soo
角仔鏈	kak-á-liān
角仔魚	kak-á-hî
角加速度	kak-ka-sok-tōo
角勢	kak-sì
角度	kak-tōo
角球	kak-kiû
角筍蛹	Kak-sún-ióng
角筍蜂	Kak-sún-phang
角筍蟲	Kak-sún-thâng
角糖	kak-thn̂g
角膜	kak-mo̍oh
角色	kak-sik
角花仔	kak-hue-á
角菜	kak-tshài
角蜂	kak-phang
角豆	kak-tāu
角車	kak-tshia
角運動量	kak-ūn-tōng-liōng
角金魚	Kak-kim-hî
角頭	kak-thâu
角頭石	kak-thâu-tsio̍h
角頻率	kak-pîn-lu̍t
角餅	kak-piánn
角鬃	kak-tsang
角魚	kak-hî
角魚虎	kak-hî-hóo
角魴	kak-hang
角鯊	kak-sua
角鷹	kak-ing
角齒	kak-khí
解僱	kái-kòo
解儌	kái-kiáu
解元	kài-guân
解凍	kái-tòng
解剖	kái-phò
解勸	kái-khǹg
解危	kái-guî
解厄	kái-eh
解嚴	kái-giâm
解圍	kái-uî
解壓縮	kái-ap-sok
解姑體	kái-koo-thé
解密	kái-bi̍t
解封	kái-hong
解彩	kái-tshái
解心悶	kái-sim-būn
解心願	kái-sim-guān
解悶	kái-būn
解憂	kái-iu
解放	kái-hòng
解放軍	kái-hòng-kun
解救	kái-kiù
解散	kái-sàn
解斜	kué-tshua̍h
解析	kái-sik
解析度	kái-sik-tōo
解毒	kái-to̍k
解毒劑	kái-to̍k-tse
解氣	kái-khuì
解決	kái-kuat
解洗	kué-sé
解溶	kái-iûnn
解熱	kái-jia̍t
解熱藥	kái-jia̍t-io̍h
解燻	kái-hun
解疼	kái-thiànn
解碼	kái-bé
解碼器	kái-bé-khì
解禁	kái-kìm
解答	kái-tap
解約	kái-iok
解聘	kái-phìng
解職	kái-tsit
解脫	kái-thuat
解薰	kái-hun
解衰	kái-sue
解說	kái-sueh
解送	kái-sàng
解酒	kái-tsiú
解釋	kái-sik
解除	kái-tî
解雇	kái-kòo
解騷	kái-sau
解體	kái-thé
解鬱	kái-ut
觱仔	pi-á
觱觱鳥	Pi-pi-tsiáu
觳仔炱	Khok-á-te
觳仔餅	khok-á-piánn
觸㧎	tak-khê
觸人意	tshik-lâng-ì
觸仔	tak-á
觸口	tak-kháu
觸喙	tak-tshuì
觸嘴	tak-tshuì
觸怒	tshiok-nōo
觸惡	tshik-òo
觸意	tshik-ì
觸感	tshiok-kám
觸控	tshiok-khòng
觸摸	tshiok-bong
觸數	tak-siàu
觸景	tshok-kíng
觸椵	tak-khê
觸法	tshiok-huat
觸牙	tak-gê
觸犯	tshiok-huān
觸現錢	tiak-hiān-sián
觸發	tshiok-huat
觸磕	tak-kha̍p
觸算盤	tak-sǹg-puânn
觸纏	tak-tînn
觸舌	tak-tsi̍h
觸著	tshik-tio̍h
觸衰	tshiok-sue
觸角	tshio̍k-kak
觸蹄	tak-tê
觸鈕仔	tak-niú-á
觸齒	tak-khí
言下	giân-hā
言之過早	giân-tsi-kuè-tsá
言出必行	giân-tshut-pit-hîng
言及	giân-ki̍p
言外之意	giân-guā-tsi-ì
言明	giân-bîng
言歸正傳	giân-kui-tsìng-tuān
言猶在耳	giân-iû-tsāi-ní
言行	giân-hîng
言行錄	giân-hîng-lio̍k
言詞	giân-sû
言語	giân-gí
言談	giân-tâm
言論	giân-lūn
言辭	giân-sî
訂下	tìng-hā
訂位	tìng-uī
訂便當	tīng-piān-tong
訂價	tìng-kè
訂出	tìng-tshut
訂單	tìng-tuann
訂婚	tīng-hun
訂定	tìng-tīng
訂戶	tìng-hōo
訂桌	tīng-toh
訂正	tìng-tsìng
訂立	tìng-li̍p
訂約	tìng-iok
訂製	tìng-tsè
訂親	tīng-tshin
訂貨	tìng-huè
訂金	tiānn-kim
訂閱	tìng-ia̍t
訃聞	hù-bûn
訃音	hù-im
計件	kè-kiānn
計價	kè-kè
計共	kè-kiōng
計分	kè-hun
計劃	kè-i̍k
計劃書	kè-uē-su
計劃案	kè-hi̍k-àn
計數	kè-sòo
計時	kè-sî
計時器	kè-sî-khì
計智	kè-tì
計會	kè-è
計略	kè-lia̍k
計畫	kè-uē
計程車	kè-tîng-tshia
計策	kè-tshik
計算	kè-sǹg
計算出	kè-sǹg-tshut
計算機	kè-sǹg-ki
計算機輔助工程	kè-sǹg-ki-hú-tsōo-kang-tîng
計計	kè-kè
計謀	kè-bôo
計議	kè-gī
計費	kè-huì
計較	kè-kàu
訊問	sìn-būn
訊息	sìn-sit
訊號	sìn-hō
討乞	thó-khit
討人	thó-lâng
討人命	thó-lâng-miā
討人情	thó-jîn-tsîng
討倒轉	thó-tò-tńg
討債	thó-tsè
討債囝	thó-tsè-kiánn
討債物	thó-tsè-mi̍h
討債食	thó-tsè-tsia̍h
討價還價	thó-kè-huân-kè
討功	thó-kong
討功勞	thó-kong-lô
討厭	thó-ià
討命	thó-miā
討夥計	thó-hué-kì
討契兄	thó-khè-hiann
討好	thó-hó
討好人	thó-hó-lâng
討平	thó-pênn
討情	thó-tsîng
討惜惜	thó-sioh-sioh
討戰	thó-tsiàn
討掠	thó-lia̍h
討掬	thó-ka̍k
討救兵	thó-kiù-ping
討數	thó-siàu
討查某	thó-tsa-bóo
討死	thó-sí
討海	thó-hái
討海人	thó-hái-lâng
討海仔	thó-hái-á
討海的	thó-hái-ê
討激心	thó-kik-sim
討無面	thó-bô-bīn
討牽頭	thó-khan-thâu
討皮疼	thó-phuê-thiànn
討緊緊	thó-kín-kín
討腳行	thó-kha-kiânn
討衰	thó-sue
討論	thó-lūn
討論著	thó-lūn-tio̍h
討賞	thó-siúnn
討趁	thó-thàn
討轉來	thó-tńg-lâi
討錢	thó-tsînn
討食	thó-tsia̍h
討魚	thó-hî
討魚婆	thó-hî-pô
訓令	hùn-līng
訓導	hùn-tō
訓導處	hùn-tō-tshù
訓導長	hùn-tō-tiúnn
訓政	hùn-tsìng
訓示	hùn-sī
訓練	hùn-liān
訓育	hùn-io̍k
訓話	hùn-uē
訓誡	hùn-kài
訕倒轉	suān-tò-tńg
訕削	suan-siah
訕囈	suan-ngiāu
訕洗	suan-sé
訕潲	suān-siâu
訕笑	suan-tshiò
訕罵	sàn-mē
託交	thok-kau
託人	thok-lâng
託仗	thok-tiāng
託付	thok-hù
託夢	thok-bāng
託生	thok-sing
託管	thok-kuán
託管權	thok-kuán-kuân
託管領土	thok-kuán-líng-thóo
託買	thok-bé
託賣	thok-bē
託身	thok-sin
託辦	thok-pān
記下	kì-hā
記事本	kì-sū-pún
記分	kì-hun
記功	kì-kong
記取	kì-tshú
記名	kì-miâ
記大過	kì-tuā-kò
記得	kì-tit
記心	kì-sim
記心記肝	kì-sim-kì-kuann
記性	kì-sìng
記恨	kì-hīn
記憶	kì-ik
記憶力	kì-ik-li̍k
記憶體	kì-ik-thé
記才	kì-tsâi
記持	kì-tî
記持俗麭	kì-tî-sio̍k-pháng
記掛	kì-kuà
記數	kì-siàu
記椆	kì-tiâu
記椆椆	kì-tiâu-tiâu
記法	kì-huat
記神	kì-sîn
記章	kì-tsiong
記者	kì-tsiá
記者會	kì-tsiá-huē
記著	kì-tio̍h
記號	kì-hō
記認	kì-jīn
記賬	kì-siàu
記載	kì-tsài
記述	kì-su̍t
記過	kì-kò
記錄	kì-lio̍k
訟棍	siōng-kùn
訣竅	kuat-khiàu
訣絕	kuat-tsua̍t
訣說	kuat-suat
訣頭	kuat-thâu
訪友	hóng-iú
訪問	hóng-būn
訪客	hóng-kheh
訪查	hóng-tsa
訪視	hóng-sī
設下	siat-hā
設人	siat-lâng
設仙	siat-sian
設使	siat-sú
設使是	siat-sú-sī
設備	siat-pī
設呔	siat-thái
設呔好	siat-thái-hó
設呔寒	siat-thái-kuânn
設定	siat-tīng
設局	siat-kio̍k
設廠	siat-tshiúnn
設想	siat-sióng
設施	siat-si
設景	siat-kíng
設暗計	siat-àm-kè
設有	siat-iú
設法	siat-huat
設立	siat-li̍p
設緣投	siat-iân-tâu
設置	siat-tì
設計	siat-kè
設計圖	siat-kè-tôo
設計家	siat-kè-ka
設計師	siat-kè-su
設計者	siat-kè-tsiá
設身處地	siat-sin-tshù-tē
設防	siat-hông
設限	siat-hān
設靈	siat-lîng
設體	siat-thái
許世楷	Khóo-Sè-khái
許信良	Khóo-Sìn-liông
許可	hí-khó
許可證	hí-khó-tsìng
許國輝	Khóo-Kok-hui
許崑源	Khóo-Khun-guân
許樹	hú-tshiū
許濟	hiah-tsē
許董的	Khóo-táng-ê
許藏春故居	Khóo-Tsông-tshun-Kòo-ku
許諾	hí-lo̍k
許配	hí-phuè
訴求	sòo-kiû
訴苦	sòo-khóo
訴訟	sòo-siōng
訴請	sòo-tshíng
訴諸	sòo-tsu
訴願	sòo-guān
診察	tsín-tshat
診察室	tsín-tshat-sik
診所	tsín-sóo
診斷	tsín-tuān
診斷書	tsín-tuān-su
診治	tsín-tī
診療	tsín-liâu
註冊	tsù-tsheh
註好好	tsù-hó-hó
註定	tsù-tīng
註定著	tsù-tiānn-tio̍h
註明	tsù-bîng
註死	tsù-sí
註解	tsù-kái
註釋	tsù-sik
註銷	tsù-siau
詐欺	tsà-khi
詐欺犯	tsà-khi-huān
詐欺罪	tsà-khi-tsuē
詐稱	tsà-tshing
詐財	tsà-tsâi
詐騙	tsà-phiàn
詐騙集團	tsà-phiàn-tsi̍p-thuân
詔安	Tsiàu-an
評估	phîng-kóo
評價	phîng-kè
評分	phîng-hun
評判	phîng-phuànn
評判先生	phîng-phuànn-sin-senn
評定	phîng-tīng
評審	phîng-sím
評審老師	phîng-sím-lāu-su
評斷	phîng-tuàn
評核	phîng-hi̍k
評理	phîng-lí
評等	phîng-tíng
評註	phîng-tsù
評語	phîng-gí
評論	phîng-lūn
評論家	phîng-lūn-ka
評議	phîng-gī
評鑑	phîng-kàm
詞典	sû-tián
詞句	sû-kù
詞彙	sû-luī
詞意	sû-ì
詞曲	sû-khik
詢問	sûn-būn
試劑	tshì-tse
試卷	tshì-kǹg
試問	tshì-būn
試圖	tshì-tôo
試場	tshì-tiûnn
試想	tshì-sióng
試探	tshì-thàm
試探性	tshì-thàm-sìng
試滋味	tshì-tsu-bī
試用	tshì-īng
試看	tshì-khuànn
試看覓	tshì-khuànn-māi
試覓	tshì-bāi
試車	tshì-tshia
試辦	tshì-pān
試週	tshì-tsiu
試金石	tshì-kim-tsio̍h
試銷	tshì-siau
試頭香	tshì-thâu-hiunn
試題	tshì-tê
試飛	tshì-pue
試食	tshì-tsia̍h
試驗	tshì-giām
試驗場	tshì-giām-tiûnn
試鹹汫	tshì-kiâm-tsiánn
試鹹淡	tshì-kiâm-tānn
詨六	hau-la̍k
詨六話	hau-la̍k-uē
詨皮	hau-phuê
詩人	si-jîn
詩作	si-tsok
詩句	si-kù
詩意	si-ì
詩文	si-bûn
詩歌	si-kua
詩篇	si-phian
詩經	Si-king
詩詞	si-sû
詩集	si-tsi̍p
詬詬罵	kàu-kàu-mē
詭異	khuí-ì
詭計	khuí-kè
詭詐	khuí-tsà
詭謀	kuí-bôo
詮釋	tshuan-sik
詰舌	khiat-tsi̍h
話仁	uē-jîn
話仔話栓	uē-á-uē-sng
話仙	uē-sian
話儕	uē-tsuē
話劇	uē-kio̍k
話口	uē-kháu
話尖	uē-tsiam
話尾	uē-bué
話屎	uē-sái
話屎了了	uē-sái-liáu-liáu
話引	uē-ín
話意	uē-ì
話掛骨	uē-kuà-kut
話掠胖碼	uē-lia̍h-phòng-bé
話星	uē-tshenn
話柄	uē-pènn
話栓	uē-sng
話機	uē-ki
話款	uē-khuán
話母	uē-bó
話注	uē-tū
話無頭序	uē-bô-thâu-sū
話端	uē-tuan
話筒	uē-tâng
話粕	uē-phoh
話縫	uē-phāng
話腔	uē-khiunn
話興	uē-hìng
話虱	uē-sat
話語	uē-gí
話語之中	uē-gí-tsi-tiong
話說	uē-sueh
話調	uē-tiāu
話踏脫	uē-ta̍h-thut
話門	uē-mn̂g
話關	uē-kuan
話頭	uē-thâu
話題	uē-tê
話骨	uē-kut
該哉	kai-tsài
該欲衰	kai-bueh-sue
該死	kai-sí
該然	kai-jiân
該當	kai-tong
該親	kai-tshin
該註死	kai-tsù-sí
詳算士	siông-suàn-sū
詳細	siâng-sè
詳解	siông-kái
詼仙	khue-sian
詼姼仔	khue-tshit-á
詼諧	khue-hâi
誇功	khua-kong
誇口	khua-kháu
誇嘴	khua-tshuì
誇大	khua-tāi
誇張	khua-tiong
誇獎	khua-tsióng
誇示	khua-sī
誇耀	khua-iāu
誇讚	khua-tsàn
認份	jīn-hūn
認供	jīn-king
認分	jīn-hūn
認口供	jīm-kháu-king
認同	jīm-tông
認命	jīn-miā
認戇	jīn-gōng
認捌	jīn-bat
認數	jīn-siàu
認某仙	jīn-bóo-sian
認為	jīm-uî
認真	jīn-tsin
認老	jīn-lāu
認職	jīn-tsit
認股證	jīn-kóo-tsìng
認衰	jīn-sue
認識	jīn-sik
認路	jīn-lōo
認輸	jīn-su
認錯	jīn-tshò
誑乖	kòng-kuai
誓死	sè-sí
誓約	sè-iok
誕字	tānn-jī
誕漏	tānn-lāu
誕生	tàn-sing
誕目	tānn-ba̍k
誕筆	tānn-pit
誕誤	tānn-gōo
誕辰	tàn-sîn
誘人	iú-lâng
誘惑	iú-hi̍k
誘拐	iú-kuái
誘殺	iú-sat
誘餌	iú-jī
誘餳	iú-siânn
誚皮	sau-phî
誚躂	sau-that
語句	gí-kù
語學	gí-ha̍k
語彙	gí-luī
語意	gí-ì
語文	gí-bûn
語氣	gí-khì
語法	gí-huat
語源學	gí-guân-ha̍k
語素	gí-sòo
語素文字	gí-sòo-bûn-jī
語言	gí-giân
語言學	gí-giân-ha̍k
語言治療	gí-giân-tī-liâu
語詞	gí-sû
語調	gí-tiāu
語重心長	gí-tāng-sim-tn̂g
語音	gí-im
誠久	tsiânn-kú
誠信	sîng-sìn
誠傷心	tsiânn-siong-sim
誠僫	tsiânn-oh
誠好	tsiânn-hó
誠好揣	tsiânn-hó-tshuē
誠實	tsiânn-si̍t
誠實是	tsiânn-si̍t-sī
誠實的	tsiânn-si̍t-ê
誠心	sîng-sim
誠心歡迎	sîng-sim-huan-gîng
誠忝	tsiânn-thiám
誠意	sîng-ì
誠懇	sîng-khún
誠拚咧	tsiânn-piànn-leh
誠濟	tsiânn-tsē
誠濟人	tsiânn-tsē-lâng
誠無	tsiânn-bô
誠無簡單	tsiânn-bô-kán-tan
誠無閒	tsiânn-bô-îng
誠然	sîng-jiân
誠爛	tsiânn-nuā
誠狂	tshiânn-kông
誠緊	tsiânn-kín
誠衝	tsiânn-tshìng
誠讚	tsiânn-tsán
誠貴	tsiânn-kuì
誠閒	tsiânn-îng
誠雄	tsiânn-hiông
誣告	bû-kò
誣賴	bû-luā
誣陷	bû-hām
誤事	gōo-sū
誤信	gōo-sìn
誤傳	gōo-thuân
誤傷	gōo-siong
誤入歧途	gōo-ji̍p-kî-tôo
誤判	gōo-phuànn
誤射	gōo-siā
誤導	gōo-tō
誤差	gōo-tsha
誤會	gōo-huē
誤殺	gōo-sat
誤解	gōo-kái
誤觸	gōo-tshiok
誤食	gōo-tsia̍h
誦經	siōng-king
說多謝	sueh-to-siā
說情	sueh-tsîng
說教	suat-kàu
說明	suat-bîng
說明書	suat-bîng-su
說服	suat-ho̍k
說服力	sueh-ho̍k-li̍k
說詞	sueh-sû
說謝	sueh-siā
說起來	sueh-khí-lâi
說辭	suat-sî
說透機	sueh-thàu-ki
說透流	sueh-thàu-lâu
課員	khò-guân
課堂	khò-tn̂g
課外	khò-guā
課室	khò-sik
課征	khò-tsing
課後	khò-āu
課文	khò-bûn
課本	khò-pún
課業	khò-gia̍p
課目	khò-ba̍k
課稅	khò-suè
課腳	khò-kha
課表	khò-pió
課長	khò-tiúnn
課題	khò-tê
課餘	khò-î
誹謗	huí-pòng
誻誻叫	ta-ta-kiò
誼獅獅	gî-sai-sai
誼誼笑	gī-gī-tshiò
調任	tiàu-jīm
調低	tiâu-kē
調到	tiàu-kàu
調劑	tiâu-tse
調動	tiàu-tōng
調勢	tiāu-sì
調合	tiâu-ha̍p
調味	tiâu-bī
調味品	tiâu-bī-phín
調味料	tiâu-bī-liāu
調和	tiâu-hô
調幅	tiâu-hok
調度	tiàu-tōo
調情	tiâu-tsîng
調戲	tiâu-hì
調換	tiàu-uānn
調撥	tiàu-puah
調教	tiâu-kàu
調整	tiâu-tsíng
調查	tiau-tsa
調查員	tiau-tsa-uân
調查局	Tiau-tsa-kio̍k
調查書	tiau-tsa-su
調治	tiâu-tī
調派	tiàu-phài
調理	tiâu-lí
調理包	tiâu-lí-pau
調用	tiàu-iōng
調節	tiâu-tsiat
調經藥	tiâu-king-io̍h
調羹仔	thâu-king-á
調羹仔菜	thâu-king-á-tshài
調職	tiàu-tsit
調色	tiâu-sik
調色盤	tiâu-sik-puânn
調薪	tiâu-sin
調虎離山	tiàu-hóo-lī-san
調製	tiâu-tsè
調解	tiau-kái
調解委員會	tiâu-kái-uí-uân-huē
調適	tiâu-sik
調配	tiau-phuè
調錢	tiàu-tsînn
調陣	tuì-tīn
調集	tiàu-tsi̍p
調離	tiàu-lī
調音	tiâu-im
調養	tiâu-iáng
調高	tiâu-kuân
諂媚	thiám-bī
談判	tâm-phuànn
談到	tâm-kàu
談及	tâm-ki̍p
談吐	tâm-thòo
談心	tâm-sim
談情說愛	tâm-tsîng-sueh-ài
談戀愛	tâm-luân-ài
談話	tâm-uē
談論	tâm-lūn
談起	tâm-khí
請人	tshiánn-lâng
請人客	tshiánn-lâng-kheh
請佮辭	tshiánn-kah-sî
請來	tshiánn-lâi
請假	tshíng-kà
請假條	tshíng-kà-tiâu
請到	tshiánn-kàu
請功	tshíng-kong
請命	tshíng-miā
請問	tshiánn-mn̄g
請安	tshíng-an
請帖	tshiánn-thiap
請教	tshíng-kàu
請春酒	tshiánn-tshun-tsiú
請桌	tshiánn-toh
請款	tshíng-khuán
請求	tshíng-kiû
請益	tshíng-ik
請示	tshíng-sī
請祖公	tshiánn-tsóo-kong
請罪	tshíng-tsuē
請薰	tshiánn-hun
請託	tshíng-thok
請辭	tshíng-sî
請願	tshíng-guān
請願書	tshíng-guān-su
請鬼醫病	tshiánn-kuí-i-pēnn
諍喙	tsènn-tshuì
諍死諍活	tsènn-sí-tsènn-ua̍h
諍王	tsènn-ông
諍話	tsènn-uē
諒情	liāng-tsîng
諒解	liōng-kái
論價	lūn-kè
論元	lūn-guân
論其實	lūn-kî-si̍t
論壇	lūn-tuânn
論定	lūn-tīng
論戰	lūn-tsiàn
論政	lūn-tsìng
論文	lūn-bûn
論斤算兩	lūn-kin-sǹg-niú
論斷	lūn-tuàn
論歲	jūn-huè
論爭	lūn-tsing
論理	lūn-lí
論真	lūn-tsin
論算	lūn-sǹg
論者	lūn-tsiá
論語	lūn-gí
論調	lūn-tiāu
論證	lūn-tsìng
論述	lūn-su̍t
論題	lūn-tê
論點	lūn-tiám
諞人	pián-lâng
諞仙仔	pián-sian-á
諡名	sè-miâ
諢笑	kún-tshiò
諢耍笑	kún-sńg-tshiò
諧音	hâi-im
諮商	tsu-siong
諮詢	tsu-sûn
諱母	huì-bó
諷刺	hóng-tshì
諸侯	tsu-hôo
諸公	tsu-kong
諸君	tsu-kun
諸如	tsu-jî
諸娘	tsu-niû
諸娘人	tsu-niû-lâng
諸島	tsu-tó
諸暨	Tsu-kì
諸葛	Tsu-kat
諸葛燈	tsu-kat-ting
諸葛菜	tsu-kat-tshài
諺文	gān-bûn
諺語	gān-gí
諾言	lo̍k-giân
諾貝爾	Lo̍k-puè-ní
諾貝爾獎	nōo-bé-luh-tsióng
謀利	bôo-lī
謀取	bôo-tshú
謀殺	bôo-sat
謀殺案	bôo-sat-àn
謀求	bôo-kiû
謀生	bôo-sing
謀略	bôo-lia̍k
謀職	bôo-tsit
謀面	bôo-bīn
謁祖	iat-tsóo
謄本	thîng-pún
謄正	thîng-tsiànn
謄清	thîng-tshing
謊報	hóng-pò
謎猜	bī-tshai
謔人節	gio̍h-lâng-tseh
謔削	gio̍h-siah
謔燒	gio̍h-sio
謔笑	gio̍h-tshiò
謔誚	gio̍h-sio̍h
謗大	pòng-tuā
謗瀆	pòng-to̍k
謗風	pòng-hong
謗風車	pòng-hong-tshia
謙卑	khiam-pi
謙和	khiam-hô
謙稱	khiam-tshing
謙細	khiam-sè
謙虛	khiam-hi
謙遜	khiam-sùn
謙順	khiàm-sūn
講一个祕訣	kóng-tsi̍t-ê-pì-kuat
講一擺	kóng-tsi̍t-pái
講一改	kóng-tsi̍t-kái
講一無兩	kóng-tsi̍t-bô-nn̄g
講三十三天外	kóng-sann-tsa̍p-sann-thinn-guā
講了講	kóng-liáu-kóng
講五四三的	kóng-gōo-sì-sann-ê
講仙古	kóng-sian-kóo
講仙鑼	kóng-sian-lô
講來	kóng-lâi
講俏話	kóng-siáu-uē
講價	kóng-kè
講價數	kóng-kè-siàu
講冇話	kóng-phànn-uē
講出	kóng-tshut
講出來	kóng-tshut-lâi
講加話	kóng-ke-uē
講十三天外	kóng-tsa̍p-sann-thinn-guā
講千講萬	káng-tshing-káng-bān
講古	kóng-kóo
講台	káng-tâi
講台語	kóng-tâi-gí
講和	káng-hô
講啥	kóng-siánn
講啥潲	kóng-siánn-siâu
講啥物耍笑	kóng-siánn-mi̍h-sńg-tshiò
講啥物芋仔番薯	kóng-siánn-mih-ōo-á-han-tsî
講嘩	kóng-huā
講堂	káng-tn̂g
講大話	kóng-tuā-uē
講好	kóng-hó
講好話	kóng-hó-uē
講學	káng-ha̍k
講差	kóng-tsha
講師	káng-su
講幾句話	kóng-kúi-kù-uē
講座	káng-tsō
講情	kóng-tsîng
講慣	kóng-kuàn
講戇話	kóng-gōng-uē
講授	káng-siū
講攏袂了	kóng-lóng-bē-liáu
講敁氣	kóng-tháu-khuì
講明	kóng-bîng
講暢	kóng-thiòng
講會來	kóng-ē-lâi
講求	káng-kiû
講法	kóng-huat
講清楚	kóng-tshing-tshó
講演	káng-ián
講煞	kóng-suah
講理	káng-lí
講瘦話	kóng-sán-uē
講白賊	kóng-pe̍h-tsha̍t
講白賊話	kóng-pe̍h-tsha̍t-uē
講知	kóng-tsai
講破	kóng-phuà
講硬話	kóng-ngē-uē
講稿	káng-kó
講究	káng-kiù
講笑	kóng-tshiò
講笑詼	kóng-tshiò-khue
講細聲話	kóng-sè-siann-uē
講經	káng-king
講罔講	kóng-bóng-kóng
講義	káng-gī
講習	káng-si̍p
講習會	káng-si̍p-huē
講耍笑	kóng-sńg-tshiò
講聖諭	kóng-sìng-jū
講英語	kóng-Ing-gí
講萬古代	kóng-bān-kóo-tāi
講著	kóng-tio̍h
講袂伸奢	kóng-bē-tshun-tshia
講袂伸捙	kóng-bē-tshun-tshia
講袂翻捙	kóng-bē-huan-tshia
講親	kóng-tshin
講解	káng-kái
講評	káng-phîng
講話	kóng-uē
講話一流水	kóng-uē-it-liû-suí
講話有力頭	kong-uē-ū-la̍t-thâu
講話無擂無槌	kong-uē-bô-luî-bô-thuî
講話無照理路	kong-uē-bô-tsiàu-lí-lōo
講話無關後尾門	kong-uē-bô-kuainn-āu-bué-muî
講話袂畏寒	kóng-uē-bē-uì-kuânn
講譴耍	kóng-khiàn-sńg
講起	kóng-khí
講起來	kóng-khí-lâi
講述	kóng-su̍t
講透底	kóng-thàu-té
講透枝	kóng-thàu-ki
講通和	kóng-thong-hô
講通套	kóng-thong-thò
講通晃	kóng-thang-hông
講通透	kóng-thong-thàu
講道	káng-tō
講道理	kóng-tō-lí
講開	kóng-khui
講閒仔話	kóng-îng-á-uē
講面子	káng-bīn-tsú
講題	kóng-tê
講風頭話	kóng-hong-thâu-uē
講鬼話	kóng-kuí-uē
謝城隍	siā-sîng-hông
謝幕	siā-bōo
謝意	siā-ì
謝神	siā-sîn
謝禮	siā-lé
謝絕	siā-tsua̍t
謝罪	siā-tsuē
謝長廷	Siā-Tiông-tîng
謝雪紅	Siā-Suat-hông
謝願	siā-guān
謠傳	iâu-thuân
謠言	iâu-giân
謬誤	biū-gōo
謹守	kín-siú
謹慎	kín-sīn
謹記	kín-kì
謹記在心	kín-kì-tsāi-sim
譀仿	hàm-hóng
譀仿真實	hàm-hóng-tsin-si̍t
譀其呱	hàm-kî-kuā
譀古	hàm-kóo
譀呱呱	hàm-kuā-kuā
譀想	hàm-siūnn
譀斗籠	hàm-táu-láng
譀浡	hàm-phu̍h
譀狗	hàm-káu
譀狗潲	hàm-káu-siâu
譀話	hàm-uē
譀譀	hàm-hàm
譀譀仔	hàm-hàm-á
譀鏡	hàm-kiànn
證交稅	tsìng-kau-suè
證人	tsìng-jîn
證件	tsìng-kiānn
證券	tsìng-kǹg
證券商	tsìng-kǹg-siong
證實	tsìng-si̍t
證據	tsìng-kì
證明	tsìng-bîng
證明書	tsìng-bîng-su
證書	tsìng-su
證物	tsìng-bu̍t
證管會	Tsìng-kuán-huē
證見	tsìng-kìnn
證言	tsìng-giân
證詞	tsìng-sû
證道	tsìng-tō
譎節	khiat-tsiat
譏笑	ki-tshiò
譏評	ki-phîng
識別	sik-pia̍t
識別證	sik-pia̍t-tsìng
譙路頭	kiāu-lōo-thâu
譜出	phóo-tshut
譜曲	phóo-khik
譜脈	phóo-me̍h
譜脈仔	phóo-me̍h-á
譜譜仔	phóo-phóo-á
譟姦撟	tshò-kàn-kiāu
警備	kíng-pī
警備車	kíng-pī-tshia
警備隊	kíng-pī-tuī
警力	kíng-li̍k
警務	kíng-bū
警務處	kíng-bū-tshù
警告	kíng-kò
警員	kíng-uân
警報	kíng-pò
警報器	kíng-pò-khì
警官	kíng-kuann
警察	kíng-tshat
警局	kíng-kio̍k
警廣	Kíng-kóng
警戒	kíng-kài
警所	kíng-sóo
警探	kíng-thàm
警政	kíng-tsìng
警政署	kíng-tsìng-sū
警方	kíng-hong
警棍	kíng-kùn
警界	kíng-kài
警示	kíng-sī
警示燈	kìng-sī-ting
警總	kíng-tsóng
警螺	kìng-lê
警衛	kíng-uē
警覺	kíng-kak
警訊	kíng-sìn
警語	kíng-gí
警誡	kíng-kài
警車	kíng-tshia
警醒	kíng-tshénn
警鈴	kíng-lîng
警長	kíng-tiúnn
譬喻	phí-lū
譬如	phì-jū
譬如講	phì-jî-kóng
譬相	phì-siùnn
譬相甲無一塊好	phì-siùnn-kah-bô-tsi̍t-tè-hó
譬論	phì-lūn
譬論講	phì-lūn-kóng
譯名	i̍k-miâ
譯員	i̍k-uân
譯文	i̍k-bûn
譯本	i̍k-pún
譯者	i̍k-tsiá
譯註	i̍k-tsù
譯音	i̍k-im
議事	gī-sū
議事廳	gī-sū-thiann
議事日程	gī-sū-ji̍t-thîng
議事槌	gī-sū-thuî
議事錄	gī-sū-lio̍k
議價	gī-kè
議和	gī-hô
議員	gī-uân
議場	gī-tiûnn
議定	gī-tīng
議定書	gī-tīng-su
議會	gī-huē
議案	gī-àn
議決	gī-kuat
議處	gī-tshú
議請	gī-tshíng
議論	gī-lūn
議量	gī-niū
議長	gī-tiúnn
議院	gī-īnn
議題	gī-tê
譴損	khiàn-sńg
譴相	khiàn-siùnn
譴責	khián-tsik
護兵	hōo-ping
護厝	hōo-tshù
護士	hōo-sū
護專	hōo-tsuan
護岸	hōo-huānn
護庇	hōo-pì
護校	hōo-hāu
護法	hōo-huat
護照	hōo-tsiàu
護牆	hōo-tshiûnn
護理	hōo-lí
護理師	hōo-lí-su
護理站	hōo-lí-tsām
護理系	hōo-lí-hē
護生草	hōo-sing-tsháu
護目鏡	hōo-ba̍k-kiànn
護短	hōo-té
護脣膏	hōo-tûn-ko
護航	hōo-hâng
護衛	hōo-uē
護身	hōo-sin
護身刀	hōo-sin-to
護送	hōo-sàng
護駕	hōo-kà
護龍	hōo-lîng
譺洗	gê-sé
譽為	ī-uî
讀冊	tha̍k-tsheh
讀冊人	tha̍k-tsheh-lâng
讀到	tha̍k-kàu
讀取	tha̍k-tshú
讀完	tha̍k-uân
讀教	tha̍k-kàu
讀書	tha̍k-tsu
讀書人	tha̍k-tsu-lâng
讀書報告	tho̍k-su-pò-kò
讀本	tho̍k-pún
讀物	tho̍k-bu̍t
讀甲子	tha̍k-kah-tsí
讀者	tho̍k-tsiá
讀者文摘	Tha̍k-tsiá-bûn-tik
讀詩	tho̍k-si
讀過	tha̍k-kuè
讀過無回	tha̍k-kuè-bô-huê
讀音	tho̍k-im
變佗一齣的	pìnn-tó-tsi̍t-tshut-ê
變動	piàn-tōng
變化	piàn-huà
變卦	piàn-kuà
變味	piàn-bī
變啥物魍	pìnn-siánn-mih-báng
變啥蠓	pìnn-siànn-báng
變啥魍	pìnn-siánn-báng
變壓器	piàn-ap-khì
變壞	pìnn-hāi
變天	piàn-thian
變好	piàn-hó
變小	pìnn-sió
變局	piàn-kio̍k
變幻	piàn-huàn
變弄	pìnn-lāng
變形	piàn-hîng
變心	piàn-sim
變性	piàn-sìng
變怪	pìnn-kuài
變態	piàn-thài
變成	piàn-sîng
變把戲	piàn-pá-hì
變換	piàn-uānn
變故	piàn-kòo
變數	piàn-sòo
變方向	piàn-hong-hiòng
變景	pìnn-kíng
變更	piàn-king
變本加厲	piàn-pún-ka-lē
變樣	piàn-iūnn
變款	piàn-khuán
變步	piàn-pōo
變歹	pìnn-pháinn
變為	piàn-uî
變無步	piàn-bô-pōo
變無路	piàn-bô-lōo
變無輦	piàn-bô-lián
變無魍	piàn-bô-báng
變猴弄	pìnn-kâu-lāng
變猴戲	pìnn-kâu-hì
變產	pìnn-sán
變甲	pìnn-kah
變異	pìnn-īnn
變目	pìnn-ba̍k
變相	piàn-siòng
變種	piàn-tsíng
變空	pìnn-khang
變空榫	pìnn-khang-sún
變空頭	pìnn-khang-thâu
變竅	piàn-khiàu
變笑詼	pìnn-tshiò-khue
變肥	piàn-puî
變胚	piàn-phue
變臭面	pìnn-tshàu-bīn
變色	piàn-sik
變色杜定	piàn-sik-tōo-tīng
變虎貓	pìnn-hóo-niau
變蚊	pìnn-báng
變調	piàn-tiāu
變譜	pìnn-phóo
變變	pián-pìnn
變賣	pìnn-bē
變質	piàn-tsit
變質岩	piàn-tsit-giâm
變身苦	piàn-sin-khóo
變通	piàn-thong
變速	piàn-sok
變造	piàn-tsō
變遂	piàn-suī
變遷	piàn-tshian
變面	pìnn-bīn
變面昌	pìnn-bīn-tshiunn
變革	piàn-kik
變音	piàn-im
變頻冷氣	piàn-pîn-líng-khì
變風面	pìnn-hong-bīn
變體	piàn-thé
變鬼	pìnn-kuí
變鬼精	pìnn-kuí-tsinn
變鬼變怪	pìnn-kuí-pìnn-kuài
變魍	pìnn-báng
變魔術	piàn-môo-su̍t
變龜變鱉	pìnn-ku-pìnn-pih
讎人	siû-lîn
讎家	siû-ka
讎怨	siû-uàn
讎恨	siû-hīn
讎敵	siû-ti̍k
讎殺	siû-sat
讎視	siû-sī
讎隙	siû-khik
讓人	niū-lâng
讓出	niū-tshut
讓手	niū-tshiú
讓步	jiōng-pōo
讓渡	jiōng-tōo
讓給	niū-hōo
讓與	jiōng-ú
讓賢	niū-hiân
讓開	niū-khui
讕頭	nuâ-thâu
讖語	tshàm-gí
讖講	tshàm-kóng
讚不絕口	tsàn-put-tsua̍t-kháu
讚佩	tsàn-phuè
讚嘆	tsàn-thàn
讚揚	tsàn-iông
讚美	tsàn-bí
讚許	tsàn-hí
讚譽	tsàn-ī
讚讚讚	tsán-tsán-tsán
讚賞	tsàn-sióng
谷埔	Kok-poo
谷底	kok-té
谷關	Kok-kuan
豆乳	tāu-jú
豆乾糋	tāu-kuann-tsìnn
豆乾糋戀	tāu-kuann-tsìnn-luân
豆仁	tāu-jîn
豆仁綠	tāu-jîn-li̍k
豆仔	tāu-á
豆仔單	tāu-á-tuann
豆仔油	tāu-á-iû
豆仔稿	tāu-á-kó
豆仔薯	tāu-á-tsî
豆仔蟲	tāu-á-thâng
豆仔魚	tāu-á-hî
豆仔鳥	tāu-á-tsiáu
豆仔麩	tāu-á-hu
豆仔點	tāu-á-tiám
豆奶	tāu-ling
豆定	tāu-tiānn
豆干	tāu-kuann
豆干厝	tāu-kuann-tshù
豆干糋	tāu-kuann-tsìnn
豆料	tāu-liāu
豆殼	tāu-khak
豆沙	tāu-se
豆油	tāu-iû
豆油店	tāu-iû-tiàm
豆油碟仔	tāu-iû-ti̍h-á
豆油膏	tāu-iû-ko
豆渣瘤	tāu-tse-liû
豆漿	tāu-tsiunn
豆皮	tāu-phuê
豆稈	tāu-kuáinn
豆稿	tāu-kó
豆箍	tāu-khoo
豆簽	tāu-tshiam
豆籤	tāu-tshiam
豆粕	tāu-phoh
豆腐	tāu-hū
豆腐格	tāu-hū-keh
豆腐皮	tāu-hū-phuê
豆腐糋	tāu-hū-tsìnn
豆腐花	tāu-hū-hue
豆腐鯊	tāu-hū-sua
豆膎	tāu-kuê
豆花	tāu-hue
豆花蛇	tāu-hue-tsuâ
豆芽	tāu-gê
豆苞	tāu-pôo
豆莢	tāu-kueh
豆莢蛹	Tāu-ngeh-ióng
豆菜	tāu-tshài
豆菜底	tāu-tshài-té
豆菜底的	tāu-tshài-té-ê
豆菜芽	tāu-tshài-gê
豆蔻	tāu-khòo
豆薯	tāu-tsî
豆虎	tāu-hóo
豆豉	tāu-sīnn
豆豉苞	tāu-sīnn-pôo
豆豉酺	tāu-sīnn-pôo
豆酺	tāu-pôo
豆酺出芽	tāu-pôo-tshut-gê
豆醬	tāu-tsiùnn
豆醬醅	tāu-tsiùnn-phe
豆雁	tāu-gān
豆青	tāu-tshenn
豆頭	tāu-thâu
豆類	tāu-luī
豆餅	tāu-piánn
豆餡	tāu-ānn
豆鹹	tāu-kiâm
豆麩	tāu-phoo
豇豆	kang-tāu
豈奇	ká-kî
豈好	ká-hó
豈敢	khí-kám
豈是	kám-sī
豈會	ká-ē
豈赫奇	ká-hiah-kî
豈赫衰	ká-hiah-sue
豉人鮭	sīnn-lâng-kê
豉目	sīnn-ba̍k
豉糖	sīnn-thn̂g
豉菜	sīnn-tshài
豉菜頭	sīnn-tshài-thâu
豉豆油	sīnn-tāu-iû
豉鹹	sīnn-kiâm
豉鹽	sīnn-iâm
豌豆	uán-tāu
豌豆瘡	uán-tāu-tshng
豐厚	hong-hōo
豐原	Hong-guân
豐原市	Hong-guân-tshī
豐富	hong-hù
豐年	hong-liân
豐年祭	hong-nî-tsè
豐收	hong-siu
豐沛	hong-phài
豐滿	hong-buán
豐澤	Hong-ti̍k
豐登	hong-ting
豐碩	hong-sok
豐茂	hong-bōo
豐裕	hong-jū
豔福	iām-hok
豔色	iām-sik
豔麗	iām-lē
豚母	thûn-bó
豚骨	thûn-kut
象夫	tshiūnn-hu
象山	Siōng-san
象形	siōng-hîng
象徵	siōng-tsing
象桮	siūnn-pue
象棋	tshiūnn-kî
象牙	tshiūnn-gê
象牙床	tshiūnn-gê-tshn̂g
象牙箸	tshiūnn-gê-tī
象皮症	tshiūnn-phuê-tsìng
象管	tshiūnn-kóng
象魚	tshiūnn-hî
象鼻椿	tshiūnn-phīnn-tshun
象鼻湖	Tshiūnn-phīnn-ôo
豪俠	hô-kiap
豪傑	hô-kia̍t
豪客	hô-kheh
豪情	hô-tsîng
豪放	hô-hòng
豪氣	hô-khì
豪舉	hô-kí
豪華	hô-huâ
豪語	hô-gí
豪豬	hô-ti
豪賭	hô-tóo
豪邁	hô-māi
豪雨	hô-ú
豪飲	hô-ím
豫牌仔	ī-pâi-á
豬仔	ti-á
豬仔囝	ti-á-kiánn
豬仔過槽芳	ti-á-kuè-tsô-phang
豬八戒	ti-pat-kài
豬公	ti-kang
豬公牙	ti-kong-gê
豬公藤	ti-kong-tîn
豬哥	ti-ko
豬哥仔	ti-ko-á
豬哥嘴	ti-ko-tshuì
豬哥姆仔伴五娘賞月	ti-ko-ḿ-á-phuānn-gōo-niû-siúnn-gue̍h
豬哥性夯起來	ti-ko-sìng-giâ-khí-lâi
豬哥標	ti-ko-phiau
豬哥牙	ti-ko-gê
豬哥磅	ti-ko-pōng
豬哥神	ti-ko-sîn
豬哥精	ti-ko-tsiann
豬哥耙	ti-ko-pê
豬妖怪	ti-iau-kuài
豬尺	ti-tshioh
豬屎	ti-sái
豬屎籃	ti-sái-nâ
豬屎肥	ti-sái-puî
豬屎菜	ti-sái-tshài
豬屎青	ti-sái-tshenn
豬屠	ti-tôo
豬心	ti-sim
豬排	ti-pâi
豬椆	ti-tiâu
豬槽	ti-tsô
豬櫳	ti-lông
豬母	ti-bó
豬母奶	ti-bó-ling
豬母松	ti-bó-tshîng
豬母癲	ti-bó-tian
豬母草	ti-bó-tsháu
豬母菜	ti-bó-tshài
豬母鋸	ti-bó-kì
豬油	ti-iû
豬油粕	te-iû-phoh
豬油粩	ti-iû-láu
豬灶	ti-tsàu
豬災	ti-tse
豬牢	ti-tiâu
豬牢肥	ti-liâu-puî
豬狗牲牲	ti-káu-tsing-senn
豬狗禽獸	ti-káu-khîm-siù
豬瘟	ti-un
豬砧	ti-tiam
豬籠草	ti-láng-tsháu
豬糜	ti-mai
豬耳桐	ti-hīnn-tông
豬肉	ti-bah
豬肉砧	ti-bah-tiam
豬肚	ti-tōo
豬肝	ti-kuann
豬肝色	ti-kuann-sik
豬肺	ti-hì
豬胚	ti-phe
豬腰	ti-io
豬腰形	ti-io-hîng
豬腰範	ti-io-huān
豬腳	ti-kha
豬腳楠	ti-kha-lâm
豬腳節	ti-kha-tsat
豬腳蹄	ti-kha-tê
豬腸仔	ti-tn̂g-á
豬腹內	ti-pak-lāi
豬腿	ti-thuí
豬膋	ti-lâ
豬膚	ti-phoo
豬舌	ti-tsih
豬菜	ti-tshài
豬菜草	ti-tshài-tsháu
豬血稞	ti-hueh-kué
豬血粿	ti-hueh-kué
豬跤包	ti-kha-pau
豬跤錢仔	ti-kha-tsînn-á
豬跤飯	ti-kha-pn̄g
豬頭	ti-thâu
豬頭爿	ti-thâu-pîng
豬頭癀	ti-thâu-hông
豬頭皮	ti-thâu-phuê
豬頭肥	ti-thâu-puî
豬頭髓	ti-thâu-tshué
豬鬃	ti-tsang
豳風	Pin-hong
豹形健身	pà-hîng-kiān-sin
豹腰健身	pà-io-kiān-sin
豹頭	pà-thâu
貂帽	tiau-bō
貂皮	tiau-phuê
貂蟬	tiau-siâm
貂鼠	tiau-tshí
貌美	māu-bí
貓仔	bâ-á
貓仔司奶	niau-á-sai-nai
貓仔囝	niau-á-kiánn
貓仔奴	niau-á-lôo
貓仔枋	niau-á-pang
貓仔相	niau-á-siàng
貓仔間	niau-á-king
貓仔面	niau-á-bīn
貓仔食	niau-á-tsia̍h
貓兒眼	bâ-jî-gán
貓公	niau-kang
貓公刺	niau-kong-tshì
貓娘	niau-niû
貓尾草	niau-bué-tsháu
貓徙岫	niau-suá-siū
貓斑點	niau-pan-tiám
貓架仔	niau-kè-á
貓母	niau-bó
貓毛	niau-mn̂g
貓潲	niau-siâu
貓熊	niau-hîm
貓痕	niau-hûn
貓神	niau-sîn
貓空	Niàu-khang
貓空纜車	Niau-khang-Lám-tshia
貓筩	niau-thāng
貓精	niau-tsinn
貓羅溪	Bâu-lô-khue
貓老大	Niau-láu-tuā
貓蛀蛀	niau-tsiù-tsiù
貓豹	niau-pà
貓貓	niau-bâ
貓貓相	niau-niau-siòng
貓貓看	niau-niau-khuànn
貓霧仔光	bâ-bū-á-kng
貓霧光	bâ-bū-kng
貓霧捒	bâ-bū-sak
貓面	niau-bīn
貓面個	bâ-bīn-ê
貓頭姑	niau-thâu-koo
貓頭鳥	niau-thâu-tsiáu
貓頭鷹	niau-thâu-ing
貓馬俊	niau-Bé-tsùn
貓骨	niau-kut
貓鬚草	niau-tshiu-tsháu
貓點	niau-tiám
貔貅	pî-hiu
貝多羅	puè-to-lô
貝多芬	Puè-to-Hun
貝殼	puè-khak
貝爾	Puè-ní
貝類	puè-luī
貝魯特	Puè-lóo-ti̍k
貞德	Tsing-tik
貞操	tsing-tshò
貞桐花	tsing-tông-hue
貞節	tsing-tsiat
貞節坊	tsing-tsiat-hng
貞節牌	tsing-tsiat-pâi
負債	hū-tsè
負傷	hū-siong
負心	hū-sim
負心漢	hū-sim-hàn
負心郎	hū-sim-lông
負擔	hū-tam
負荷量	hū-hô-liāng
負號	hū-hō
負責	hū-tsik
負責人	hū-tsik-jîn
負起	hū-khí
負載	hū-tsài
負電	hū-tiān
財主	tsâi-tsú
財利	tsâi-lī
財力	tsâi-li̍k
財務	tsâi-bū
財團	tsâi-thuân
財團法人	tsâi-thuân-huat-jîn
財富	tsâi-hù
財政	tsâi-tsìng
財政局	Tsâi-tsìng-kio̍k
財政廳	Tsâi-tsìng-thiann
財政部	Tsâi-tsìng-pōo
財權	tsâi-kuân
財氣	tsâi-khì
財源	tsâi-guân
財物	tsâi-bu̍t
財王	tsâi-ông
財產	tsâi-sán
財產權	tsâi-sán-kuân
財產證明	tsâi-sán-tsìng-bîng
財界	tsâi-kài
財神	tsâi-sîn
財神爺	tsâi-sîn-iâ
財禮	tsâi-lé
財稅	tsâi-suè
財經	tsâi-king
財運	tsâi-ūn
財閥	tsâi-hua̍t
貢仔	kòng-á
貢仔寮	Khong-á-liâu
貢獻	kòng-hiàn
貢糖	kòng-thn̂g
貧乏	pîn-ha̍t
貧富不均	pîn-hù-put-kin
貧寒	pîn-hân
貧惰包	pīn-tuānn-pau
貧惰河馬	pîn-tuānn-hô-bé
貧惰骨	pîn-tuānn-kut
貧憚	pîn-tuānn
貧憚人	pîn-tuānn-lâng
貧憚仙	pîn-tuānn-sian
貧憚蟲	pîn-tuānn-thâng
貧憚骨	pîn-tuānn-kut
貧戶	pîn-hōo
貧民窟	pîn-bîn-khut
貧窮	pîn-kîng
貧苦	pîn-khóo
貧血	pîn-hiat
貧賤	pîn-tsian
貨主	huè-tsú
貨件	huè-kiānn
貨價	huè-kè
貨單	huè-tuann
貨尾	huè-bué
貨幣	huè-pè
貨底	huè-té
貨扮	huè-pān
貨樣	huè-iūnn
貨櫃	huè-kuī
貨櫃厝	huè-kuī-tshù
貨櫃車	huè-kuī-tshia
貨款	huè-khuán
貨源	huè-guân
貨物	huè-bu̍t
貨物稅	huè-bu̍t-suè
貨物車	huè-bu̍t-tshia
貨範	huè-pān
貨粿	huè-ké
貨腳	huè-kha
貨船	huè-tsûn
貨色	huè-sik
貨草	huè-tsháu
貨身	huè-sin
貨車	huè-tshia
貨輪	huè-lûn
貨運	huè-ūn
販仔	huàn-á
販仔號	puàn-á-hō
販仔間	huàn-á-king
販厝	huàn-tshù
販毒	huàn-to̍k
販獀	huàn-sau
販賣	huàn-bē
販賣機	huàn-bē-ki
販運	huàn-ūn
貪俗	tham-sio̍k
貪嗔癡	tham-tshin-tshi
貪嘗	tham-tsn̂g
貪婪	tham-lâm
貪心	tham-sim
貪戀	tham-luân
貪污	tham-u
貪污罪	tham-u-tsuē
貪瀆	tham-to̍k
貪眠	tham-bîn
貪老	tham-lāu
貪色	tham-sik
貪花	tham-hue
貪迷	tham-bê
貪食	tham-tsia̍h
貪食鬼	tham-tsia̍h-kuí
貫串	kuàn-tshuàn
貫做夥	kǹg-tsò-hué
貫徹	kuàn-thiat
貫穿	kuàn-tshuan
貫耳	kǹg-hīnn
貫耳仔	kǹg-hīnn-á
貫肉球	kǹg-bah-kiû
貫通	kuàn-thong
貫過	kǹg-kuè
貫錢孔	kǹg-tsînn-khang
貫鼻	kǹg-phīnn
責任	tsik-jīm
責任感	tsik-jīm-kám
責備	tsik-pī
責問	tsik-būn
責成	tsik-sîng
責無旁貸	tsik-bô-pông-tāi
責督	tsik-tok
責罪	tsik-tsuē
責罰	tsik-hua̍t
責罵	tsik-mē
責難	tsik-lān
貯備	thí-pī
貯備金	thí-pī-kim
貯入	té-ji̍p
貯存	thí-tsûn
貯水	té-tsuí
貯水池	thí-tsuí-tî
貯淀	té-tīnn
貯糜	té-mê
貯藏室	thí-tsông-sik
貯飯	té-pn̄g
貴人	kuì-jîn
貴參參	kuì-sam-sam
貴國	kuì-kok
貴夫人	kuì-hu-jîn
貴姓	kuì-sènn
貴婦人	kuì-hū-lâng
貴客	kuì-kheh
貴州	Kuì-tsiu
貴州省	Kuì-tsiu-síng
貴庚	kuì-kenn
貴府	kuí-hú
貴數	kuì-siàu
貴族	kuì-tso̍k
貴氣	kuì-khì
貴色雀	kuì-sik-tshiok
貴蔘蔘	kuì-som-som
貴賓	kuì-pin
貴賤	kuì-tsiān
貴重	kuì-tiōng
貴金屬	kuì-kim-sio̍k
貴陽	Kuì-iông
貶低	pián-kē
貶值	pián-ta̍t
買一送一	mái-it-sòng-it
買主	bé-tsú
買來	bé-lâi
買倒斷	bé-tò-tn̄g
買倒轉	bé-tò-tńg
買入	bé-ji̍p
買厝	bé-tshù
買命	bé-miā
買單	bé-tuann
買囑	mái-tsiok
買回	bé-huê
買手	bé-tshiú
買抹	bé-buah
買收	bé-siu
買方	bé-hong
買春	bé-tshun
買會起	bé-ē-khí
買物	bé-bu̍t
買票	bé-phiò
買空	bé-khang
買者	bé-tsiá
買腳數	bé-kha-siàu
買菜	bé-tshài
買落來	bé-lo̍h-lâi
買著	bé-tio̍h
買賣	bé-bē
買賣業	bé-bē-gia̍p
買賣賊	bé-bē-tsha̍t
買超	bé-tshiau
買車票	bué/bé-tshia-phiò
買辦	bé-pān
買通	bé-thong
買進	bé-tsìn
貸借	tāi-tsioh
貸入	tài-ji̍p
貸出	tāi-tshut
貸切仔	tài-tshiat-á
貸放	tāi-hòng
貸款	tài-khuán
貺大餅	hīng-tuā-piánn
貺禮餅	hīng-lé-piánn
費力	huì-la̍t
費周章	huì-tsiu-tsiong
費城	Huì-siânn
費工	huì-kang
費心	huì-sim
費心思	huì-sim-su
費心情	huì-sim-tsiânn
費心神	huì-sim-sîn
費時	huì-sî
費氣	huì-khì
費氣費觸	huì-khì-huì-tak
費用	huì-iōng
費盡	huì-tsīn
費神	huì-sîn
費精神	huì-tsin-sîn
費解	huì-kái
費電	huì-tiān
貼布	tah-pòo
貼底	tah-té
貼心仔	tah-sim-á
貼心仔兄	tah-sim-á-hiann
貼本	thiap-pún
貼油	tah-iû
貼淡薄	thiap-tām-po̍h
貼現票據	thiap-hiān-phiò-kì
貼目鏡	tah-ba̍k-kiànn
貼目鏡仁	tah-ba̍k-kiànn-jîn
貼秤頭	thiap-tshìn-thâu
貼空	thiap-khang
貼紙	tah-tsuá
貼腳	thiap-kha
貼膏藥	tah-ko-io̍h
貼補	thiap-póo
貼起去	tah-khí-khì
貼錢	thiap-tsînn
貼鐳水	thiap-lui-tsuí
貼食	thiap-tsia̍h
貿人	ba̍uh-lâng
貿件	bāu-kiānn
貿到底	bāu-kàu-té
貿工	ba̍uh-kang
貿工事	bāu-kang-sū
貿底	bāu-té
貿易	bōo-i̍k
貿易商	bōo-i̍k-siong
貿易額	bōo-i̍k-gia̍h
貿然	bōo-jiân
貿穡頭	bāu-sit-thâu
貿頭	bāu-thâu
賀儀	hō-gî
賀函	hō-hâm
賀卡	hō-khá
賀喜	hō-hí
賀客	hō-kheh
賀帖	hō-thiap
賀年	hō-nî
賀正	hō-tsiann
賀生日	hō-senn-ji̍t
賀禮	hō-lé
賀詞	hō-sû
賀電	hō-tiān
賁門	hûn-mn̂g
賄選	hué-suán
資工	tsu-kang
資政	tsu-tsìng
資料	tsu-liāu
資料匣仔	tsu-liāu-a̍p-á
資料室	tsu-liāu-sik
資料庫	tsu-liāu-khòo
資料挾仔	tsu-liāu-nge̍h-á
資本	tsu-pún
資本家	tsu-pún-ka
資本額	tsu-pún-gia̍h
資格	tsu-keh
資歷	tsu-li̍k
資深	tsu-tshim
資源	tsu-guân
資產	tsu-sán
資訊	tsu-sìn
資質	tsu-tsit
資贊	tsu-tsàn
資進黨	tsu-tsìn-tóng
資金	tsu-kim
賊仔	tsha̍t-á
賊仔保	tsha̍t-á-pó
賊仔市	tsha̍t-á-tshī
賊仔性	tsha̍t-á-sìng
賊仔樹	tsha̍t-á-tshiū
賊仔物	tsha̍t-á-mi̍h
賊仔癖	tsha̍t-á-phiah
賊仔白	tsha̍t-á-pe̍h
賊仔目	tsha̍t-á-ba̍k
賊仔窩	tsha̍t-á-o
賊仔貨	tsha̍t-á-huè
賊仔車	tsha̍t-á-tshia
賊仔骨	tsha̍t-á-kut
賊仔鳥	tsha̍t-á-tsiáu
賊偷	tsha̍t-thau
賊傾賊	tsha̍t-piànn-tsha̍t
賊去才關門	tsha̍t-khì-tsiah-kuainn-muî
賊喝賊	tsha̍t-huah-tsha̍t
賊婆	tsha̍t-pô
賊岫	tsha̍t-siū
賊心慈悲喙	tsha̍t-sim-tsû-pi-tshuì
賊案	tsha̍t-àn
賊款	tsha̍t-khuán
賊物	tsha̍t-mi̍h
賊猴	tshat-kâu
賊目	tsha̍t-ba̍k
賊窟	tsha̍t-khut
賊貨	tsha̍t-huè
賊賊蟯	tsha̍t-tsha̍t-ngia̍uh
賊贓	tsha̍t-tsng
賊頭	tsha̍t-thâu
賊頭賊耳	tsha̍t-thâu-tsha̍t-hī
賊首	tsha̍t-siú
賑災	tsín-tsai
賒借	sia-tsioh
賒數	sia-siàu
賒欠	sia-khiàm
賒金	sia-kim
賓主盡歡	pin-tsú-tsīn-huan
賓士	pin-sū
賓客	pin-kheh
賓州	Pin-tsiu
賓果	Pin-kó
賓館	pin-kuán
賜教	sù-kàu
賜票	sù-phiò
賜福	sù-hok
賞乞食	sióng-khit-tsia̍h
賞人份	siúnn-lâng-hūn
賞封	sióng-hong
賞年	siúnn-nî
賞月	sióng-gua̍t
賞格	siúnn-keh
賞給	siúnn-kip
賞罰	siúnn-hua̍t
賞花	siúnn-hue
賞識	siúnn-sik
賞賜	siúnn-sù
賞金	siúnn-kim
賞銀	siúnn-gîn
賞錢	siúnn-tsînn
賠償	puê-siông
賠命	pê-miā
賠數	pê-siàu
賠本	pê-pún
賠款	pê-khuán
賠禮	pê-lé
賠罪	pê-tsuē
賠羞禮	puê-siáu-lé
賠補	puê-póo
賠還	pê-hîng
賠錢	pê-tsînn
賢人	hiân-jîn
賢內助	hiân-luē-tsōo
賢士	hiân-sū
賢妻	hiân-tshe
賢妻良母	hiân-tshe-liông-bió
賢婿	hiân-sài
賢德	hiân-tik
賢慧	hiân-huē
賢明	hiân-bîng
賢淑	hiân-siok
賢者	hiân-tsiá
賢能	hiân-lîng
賢良	hiân-liâng
賢達	hiân-ta̍t
賣主	bē-tsú
賣了	bē-liáu
賣互	bē-hōo
賣倒斷	bē-tó-tn̄g
賣價	bē-kè
賣出	bē-tshut
賣到	bē-kàu
賣命	bē-miā
賣嘴水	bē-tshuì-tsuí
賣大燈	bē-tuā-ting
賣完	bē-uân
賣尾口	bē-bué-kháu
賣座	bē-tsō
賣戇肉	bē-gōng-bah
賣掉	bē-tiāu
賣斷	bē-tn̄g
賣方	bē-hong
賣盡根	bē-tsīn-kin
賣票機	bē-phiò-ki
賣笑	bē-tshiò
賣者	bē-tsiá
賣肉	bē-bah
賣肉錢	bē-bah-tsînn
賣菜的	bē-tshài-ê
賣身	bē-sin
賣銅鑼	Bē-tâng-lô
賣錢	bē-tsînn
賤人	tsiān-jîn
賤囡仔	tsiān-gín-á
賤水	tsiān-tsuí
賤蟲	tsiān-thâng
賤骨	tsiān-kut
賤骨相	tsiān-kut-siàng
賦予	hù-û
賦稅	hù-suè
賦與	hù-í
質問	tsit-būn
質地	tsit-tē
質子	tsit-tsú
質押	tsit-ah
質料	tsit-liāu
質疑	tsit-gî
質詢	tsit-sûn
質變	tsit-piàn
質量	tsit-liāng
賭具	tóo-khū
賭勇	tóo-ióng
賭博	tóo-phok
賭友	tóo-iú
賭場	tóo-tiûnn
賭字運	tóo-jī-ūn
賭客	tóo-kheh
賭局	tóo-kio̍k
賭強	tóo-kiông
賭性命	tóo-sènn-miā
賭數	tóo-siàu
賭氣	tóo-khì
賭法	tóo-huat
賭目	tóo-ba̍k
賭目色	tóo-ba̍k-sik
賭眼力	tóo-gán-li̍k
賭衰旺	tóo-sue-ōng
賭貿	tóo-ba̍uh
賭輸贏	tóo-su-iânn
賭造化	tóo-tsō-huà
賭錢	tóo-tsînn
賭雄	tóo-hiông
賭鬼	tóo-kuí
賰偌濟	tshun-guā-tsē
賴債	nuā-tsè
賴和	Luā-Hô
賴清德	Lūa-Tshing-tik
賴賴趖	luā-luā-sô
賺錢	tsuán-tsînn
賺食	tsuán-tsia̍h
賺食碗	tsuán-tsia̍h-uánn
購入	káng-ji̍p
購料	kòo-liāu
購物	kòo-bu̍t
購置	kòo-tì
購買	kòo-bé
購買力	kòo-bé-li̍k
賽價	sè-kè
賽場	sài-tiûnn
賽夏族	sài-hā-tso̍k
賽普勒斯	Sài-phóo-li̍k-su
賽會	sài-huē
賽球	sài-kiû
賽蘭	sài-lân
賽跑	sài-pháu
賽車	sài-tshia
賽馬	sài-bé
贅仔	tsè-á
贈券	tsīng-kuàn
贈助	tsān-tsōo
贈品	tsīng-phín
贈嘴	tsān-tshuì
贈手	tsán-tshiú
贈與	tsān-í
贈與稅	tsīng-ú-suè
贈送	tsīng-sàng
贈錢	tsān-tsînn
贊力	tsàn-la̍t
贊助	tsàn-tsōo
贊同	tsàn-tông
贊嘴	tsàn-tshuì
贊後	tsān-āu
贊後手	tsān-āu-tshiú
贊後注	tsān-āu-tù
贊後腳	tsān-āu-kha
贊成	tsàn-sîng
贊手	tsàn-tshiú
贊拳	tsān-kûn
贊氣	tsān-khuì
贊聲	tsàn-siann
贊聲勢	tsàn-siann-sì
贊聲隊	tsàn-siann-tuī
贍老	siām-ló
贏取	iânn-tshú
贏在	iânn-tsāi
贏棋	iânn-kî
贏的	iânn-ê
贏著	iânn-tio̍h
贏轉來	iânn-tńg-lâi
贏過	iânn-kuè
贏錢	iânn-tsînn
贏面	iânn-bīn
贓物	tsng-mi̍h
贔力	pih-la̍t
贔屭	pī-hí
贔手力	pih-tshiú-la̍t
贖倒來	sio̍k-tó-lâi
贖回	sio̍k-huê
贖款	sio̍k-khuán
贖當	sio̍k-tǹg
贖罪	sio̍k-tsuē
贖金	sio̍k-kim
赤丹	tshiah-tan
赤仁土	tshiah-jîn-thôo
赤仔漢	tshiah-á-hàn
赤傘節	tshiah-suànn-tsat
赤口日	tshiah-kháu-ji̍t
赤土	tshiah-thôo
赤壁	Tshik-pik
赤壁賦	tshik-pik-hù
赤婆	tshiah-pô
赤小豆	tshiah-sió-tāu
赤尾仔	tshiah-bué-á
赤山堡	Tshiah-suann-pó
赤崁文化園區	Tshiah-khàm-Bûn-huà-Uân-khu
赤崁樓	tshiah-khàm-lâu
赤斑瘡	tshiah-pan-tshng
赤查某	tshiah-tsa-bóo
赤柯	tshiah-kho
赤校	tshiah-kàu
赤根菜	tshiah-kin-tshài
赤條條	tshiah-tiâu-tiâu
赤楊	tshik-iông
赤榕	tshiah-tshîng
赤槿	tshiah-kín
赤檀	tshiah-tuânn
赤沙糖	tshiah-sua-thn̂g
赤海	tshiah-hái
赤海雞	tshiah-hái-ke
赤潤塗	tshiah-lūn-thôo
赤牛	tshiah-gû
赤狗目	tshiah-káu-ba̍k
赤甲入茸	tshiah-kah-ji̍p-jiông
赤甲若瀝金	tshiah-kah-nā-li̍k-kim
赤疹	tshiah-tsín
赤瘡	tshiah-tshng
赤皮	tshiah-phuê
赤目	tshiah-ba̍k
赤砂	tshiah-sua
赤空	tshiah-khang
赤立仔	tshiah-li̍p-á
赤筆仔	tshiah-pit-á
赤米龜	tshiah-bí-ku
赤糖	tshiah-thn̂g
赤翅仔	tshiah-si̍t-á
赤肉	tshiah-bah
赤腳	tshiah-kha
赤膽	tshik-tám
赤蕨仔	tshiah-keh-á
赤蘭	tshiah-lân
赤蛆	tshiah-tshu
赤蛤仔	tshiah-kap-á
赤血球	tshiah-hueh-kiû
赤裼裼	tshiah-theh-theh
赤褲膦	tshiah-khòo-lān
赤貓	tshiah-bâ
赤貧	tshiah-pîn
赤跤仙仔	tshiah-kha-sian-á
赤跤羅漢	tshiah-kha-lô-hàn
赤身	tshiah-sin
赤身的	tshiah-sin-ê
赤道	tshiah-tō
赤金	tshiah-kim
赤鐵	tshiah-thih
赤韁	tshiah-kiunn
赤風狗	Tshiah-hong-káu
赤體	siat-thái
赤鬼	tshiah-kuí
赤鬼鬼	tshiah-kuí-kuí
赤鯮	tshiah-tsang
赤鱲角	Tshiah-lia̍p-kak
赤鼠	tshiah-tshí
赦免	sià-bián
赦罪	sià-tsuē
赦著頭	sè-tio̍h-thâu
赦餉	sià-hiòng
赫呢	hiah-nī
赫然	hik-jiân
赫赫	hik-hik
走一輾	tsáu-tsi̍t-liàn
走三關	tsáu-sam-kuan
走上	tsáu-tsiūnn
走下坡	tsáu-hā-pho
走亂	tsáu-luān
走了了	tsáu-liáu-liáu
走來	tsáu-lâi
走健	tsáu-kiānn
走健機	tsáu-kiān-ki
走債	tsáu-tsè
走光	tsáu-kng
走入	tsáu-ji̍p
走兵	tsáu-ping
走凍	tsáu-tàng
走出	tsáu-tshut
走出來	tsáu-tshut-lâi
走出監	tsáu-tshut-kann
走到	tsáu-kàu
走動	tsáu-tāng
走勢	tsáu-sì
走去	tsáu-khì
走反	tsáu-huán
走台	tsáu-tâi
走味	tsáu-bī
走命	tsáu-miā
走唱	tsáu-tshiàng
走噴噴	tsáu-phùn-phùn
走圍牆	tsáu-uî-tshiûnn
走學	tsáu-o̍h
走山	tsáu-suann
走差	tsáu-tsua̍h
走廊	tsáu-lông
走形	tsáu-hîng
走徙	tsáu-suá
走手	tsáu-tshiú
走找	tsáu-tshuē
走拋拋	tsáu-pha-pha
走拍	tsáu-phik
走挵	tsáu-lòng
走揣	tsáu-tshuē
走散	tsáu-suànn
走日	tsáu-ji̍t
走桌	tsáu-toh
走標	tsáu-pio
走水	tsáu-tsuí
走水的	tsáu-tsuí-ê
走水販	tsáu-tsuí-huàn
走江湖	tsáu-kang-ôo
走消	tsáu-sau
走漏	tsáu-lāu
走瀉	tsáu-sià
走火	tsáu-hué
走火入魔	tsâu-hué-ji̍p-mô͘
走無路	tsáu-bô-lōo
走犯	tsáu-huān
走狗	tsáu-káu
走甲離褲跤	tsáu-kah-lī-khóo-kha
走相掠	tsáu-sio-lia̍h
走相迮	tsáu-sio-jik
走相逐	tsáu-sio-jiok
走私	tsáu-su
走私案	tsáu-su-àn
走稅	tsáu-suè
走竄	tsáu-tshǹg
走箍	tsáu-khoo
走範	tsáu-pān
走精	tsáu-tsing
走紅燈	tsáu-âng-ting
走紗	tsáu-se
走繩	tsáu-tsîn
走胎	tsáu-thai
走脫	tsáu-thuat
走腔	tsáu-khiunn
走腸	tsáu-tn̂g
走腹	tsáu-pak
走色	tsáu-sik
走訪	tsáu-hóng
走賊拄著虎	tsáu-tsha̍t-tú-tio̍h-hóo
走赦馬	tsáu-sià-bé
走趁	tsáu-thàn
走跤枋	tsáu-kha-pang
走路	tsáu-lōo
走跳	tsáu-thiàu
走車碌路	tsáu-tshia-li̍k-lōo
走透	tsáu-thàu
走逝	tsáu-tsuā
走過手	tsáu-kuè-tshiú
走避	tsáu-pī
走銀	tsáu-gîn
走長碼	tsáu-tn̂g-bā
走閃	tsáu-siám
走開	tsáu-khui
走離	tsáu-lī
走雨	tsáu-hōo
走電	tsáu-tiān
走音	tsáu-im
走風	tsáu-hong
走飆	tsáu-pio
走餉	tsáu-hiòng
走馬	tsáu-bé
走馬上任	tsáu-bé-siāng-jīm
走馬喉	tsáu-bé-âu
走馬廊	tsáu-bé-lông
走馬殼	Tsáu-bé-khak
走馬燈	tsáu-bé-ting
走馬癀	tsáu-bé-hông
走馬看花	tsáu-bé-khuànn-hue
走馬路	tsáu-bé-lōo
走馬風	tsáu-bé-hong
走鬮	tsáu-khau
赴任	hù-jīm
赴墟	hù-hi
赴宴	hù-iàn
赴市	hù-tshī
赴後手	hù-āu-tshiú
赴時	hù-sî
赴會	hù-huē
赴死	hù-sí
赴流水	hù-lâu-tsuí
赴約	hù-iok
赴考	hù-khó
赴著食	hù-tio̍h-tsia̍h
赴試	hù-tshì
赴赴	hù-hù
起䆀毛	khí-bái-moo
起乩	khí-ki
起事	khí-sū
起事端	khí-sū-tuan
起五箍	khí-gōo-khoo
起交懍恂	khí-ka-lún-sún
起交拼	khí-kau-penn
起交陰	khí-ka-iam
起人	khí-lâng
起伙	khí-hué
起來	khí-lâi
起價	khí-kè
起先	khí-sing
起兵	khí-ping
起凊凹	khí-tshìn-nah
起凊吶	khí-tshìn-nah
起凊瘼	khí-tshìn-mooh
起初	khí-tshue
起加陰	khí-ka-iam
起勃	khí-pu̍t
起動	khí-tāng
起動著	khí-tōng-tio̍h
起勢	khí-sì
起厝	khí-tshù
起去	khí-khì
起反	khí-píng
起反僥	khí-huán-hiau
起叛	khí-puān
起呸面	khí-phuì-bīn
起喘	khí-tshuán
起因	khí-in
起基	khí-ki
起基祖	khí-ki-tsóo
起報頭	khí-pò-thâu
起塗婆	khí-thôo-pô
起大膽	khí-tuā-tánn
起好	khí-hó
起嬈	khí-hiâu
起家	khí-ke
起家厝	khí-ke-tshù
起山	khí-suann
起岸	khí-huānn
起崎	khí-kiā
起工	khí-kang
起床	khí-tshn̂g
起底	khí-té
起性	khí-sìng
起性地	khí-sìng-tē
起性搦地	khí-sìng-la̍k-tē
起恨	khí-gīn
起悾	khí-khong
起惡	khí-ok
起惡面	khí-ok-bīn
起意	khí-ì
起愛笑	khí-ài-tshiò
起慼到地	khí-tsheh-kàu-tè
起憨	khí-khám
起懊惱	khí-àu-náu
起戇	khí-gōng
起戇面	khí-gōng-bīn
起手	khí-tshiú
起拳	khí-kûn
起挽面	khí-bán-bīn
起掉	khí-tiō
起攔頭	khí-nuâ-thâu
起救兵	khí-kiù-ping
起早摸暗	khí-tsá-moo-àm
起曲頭	khí-khik-thâu
起更	khí-kinn
起月	khí-gue̍h
起查某人番	khí-tsa-bóo-lâng-huan
起柴頭	khí-tshâ-thâu
起棺	khí-kuan
起橫	khí-huâinn
起橫心	khí-huâinn-sim
起歁	khí-khám
起步	khí-pōo
起歹	khí-pháinn
起歹勢	khí-pháinn-sè
起歹面	khí-pháinn-bīn
起殺心	khí-sat-sim
起殺膽	khí-sat-tánn
起毛	khí-moo
起毛字	khí-moo-jī
起毛管	khí-mn̂g-kńg
起毛粒仔	khí-mo͘-lia̍p-á
起氣	khí-khuì
起水	khí-tsuí
起水皰	khí-tsuí-phā
起泡	khí-phàu
起波	khí-pho
起湧	khí-íng
起源	khí-guân
起濛霧	khí-bông-bū
起火	khí-hué
起火柴	khí-hué-tshâ
起火燒	khí-hué-sio
起炊	khí-tshue
起烏青	khí-oo-tshenn
起無空	khí-bô-khang
起狂	khí-kông
起狗㧣	khí-káu-tu
起狗株	khí-káu-tu
起猛	khí-bíng
起珠	khí-tsu
起理	khí-lí
起用	khí-iōng
起畏寒	khí-uì-kuânn
起番	khí-huan
起疑心	khí-gî-sim
起病	khí-pēnn
起症	khí-tsìng
起痟	khí-siáu
起痟狂	khí-siáu-kông
起痰	khí-thâm
起癖	khí-phiah
起癗	khí-lui
起癗堆	khí-lui-tui
起癢	khí-tsiūnn
起癮	khí-giàn
起皮	khí-phuê
起皰	khí-phā
起盡磅	khí-tsīn-pōng
起碇	khí-tiànn
起碼	khí-bé
起磅	khí-pōng
起神經	khí-sîn-king
起禍	khí-ē
起禍星	khí-hō-tshenn
起禍起星	khí-ē-khí-tshenn
起程	khí-tîng
起空	khí-khang
起空榫	khí-khang-sún
起空起榫	khí-khang-khí-sńg
起立	khí-li̍p
起站	khí-tsām
起童	khí-tâng
起端	khí-tuan
起笑	khí-tshiò
起筆	khí-pit
起篷	khí-phâng
起粗殘	khí-tshoo-tshân
起經	khí-king
起義	khí-gī
起翱	khí-kô
起肉波	khí-bah-pho
起肚亭	khí-tōo-tîng
起腥	khí-tshènn
起腳	khí-kha
起腳直緝	khí-kha-ti̍t-tsip
起腳踢	khí-kha-that
起腸肚庵	khí-tn̂g-tōo-am
起致	khí-tì
起興	khí-hìng
起舊症	khí-kū-tsìng
起舞	khí-bú
起色	khí-sik
起花	khí-hue
起花面	khí-hue-bīn
起茹	khí-jû
起草	khí-tshó
起落	khí-lo̍h
起落船	khí-lo̍h-tsûn
起落貨	khí-lo̍h-huè
起蒙	khí-bông
起藥毒	khí-io̍h-to̍k
起藥蛆	khí-io̍h-tshi
起蛟龍	khí-kau-lîng
起行	khí-kiânn
起見	khí-kiàn
起解	khí-kái
起訕	khí-suān
起訴	khí-sòo
起話抵	khí-uē-tú
起話星	khí-uē-tshenn
起誓	khí-sè
起豹風	khí-pà-hong
起豹飆	khí-pà-pio
起貨	khí-hué
起走	khí-tsáu
起起來	khí-khí-lâi
起起倒倒	khí-khí-tó-tó
起起落落	khí-khí-lo̍h-lo̍h
起趒	khí-tiô
起跤動手	khí-kha-tāng-tshiú
起跤揍身	khí-kha-bok-sin
起路	khí-lōo
起踉	khí-lōng
起身	khí-sin
起造	khí-tsō
起運	khí-ūn
起酒狂	khí-tsiú-kông
起酒痟	khí-tsiú-siáu
起酒瘋	khí-tsiú-hong
起酵	khí-kànn
起重手	khí-tāng-tshiú
起重機	khí-tiōng-ki
起錠	khí-tiànn
起錢反	khí-tsînn-huán
起雄	khí-hiông
起雷公性地	khí-luî-kong-sìng-tē
起雺霧	khí-bông-bū
起霧	khí-bū
起頭	khí-thâu
起顫	khí-tsùn
起風	khí-hong
起風湧	khí-hong-íng
起風颱	khí-hong-thai
起飆	khí-pio
起飛	khí-hui
起馬	khí-bé
起馬桌	khí-bé-toh
起魔	khí-môo
起魔公	khí-môo-kong
起點	khí-tiám
起鼓	khí-kóo
起鼾	khí-huann
起𪁎	khí-tshio
趁七用十一	thàn-tshit-īng-tsap-it
趁人	thàn-lâng
趁便	thàn-piān
趁勢	thàn-sì
趁取	thàn-tshú
趁大錢	thàn-tuā-tsînn
趁心	thàn-sim
趁手	thàn-tshiú
趁早	thàn-tsá
趁時行	thàn-sî-kiânn
趁暢	thàn-thiòng
趁樣	thàn-iūnn
趁機會	thàn-ki-huē
趁橫財	thàn-huâinn-tsâi
趁流擺	thàn-lâu-pái
趁流水	thàn-lâu-tsuí
趁無夠用	thàn-bô-kàu-īng
趁熱拍鐵	thàn-lia̍t-phah-thih
趁空縫	thàn-khang-phāng
趁緊	thàn-kín
趁縫	thàn-phāng
趁腳行	thàn-kha-kiânn
趁著	thàn-tio̍h
趁蹌	thàn-sōng
趁錢	thàn-tsînn
趁錢予我開	thàn-tsînn-hōo-guá-khai
趁閒	thàn-îng
趁食	thàn-tsia̍h
趁食人	thàn-tsia̍h-lâng
趁食媌仔	thàn-tsia̍h-bâ-á
趁食底	thàn-tsia̍h-té
趁食的	thàn-tsia̍h-ê
趁鴨	thàn-ah
超乎	tshiau-hoo
超人	tshiau-jîn
超大型	tshiau-tuā-hîng
超導體	tshiau-tō-thé
超市	tshiau-tshī
超度	tshiau-tōo
超強	tshiau-kiông
超意工	thiau-ì-kang
超摵	tshiau-tshi̍k
超支	tshiau-tsi
超收	tshiau-siu
超然	tshiau-jiân
超現實主義	tshiau-hiān-si̍t-tsú-gī
超生	tshiau-sing
超紅燈	tshiau-âng-ting
超級	tshiau-kip
超級市場	tshiau-kip-tshī-tiûnn
超群	tshiau-kûn
超能力	tshiau-lîng-li̍k
超脫	tshiau-thuat
超賣	tshiau-bē
超越	tshiau-ua̍t
超車	tshiau-tshia
超載	tshiau-tsāi
超速	tshiau-sok
超連結	tshiau-liân-kiat
超過	tshiau-kuè
超過一百分	tshiau-kuè-tsi̍t-pà-hun
超過人	tshiau-kuè-lâng
超重	tshiau-tāng
超音密婆	tshiau-im-bi̍t-pô
超音波	tshiau-im-pho
越來越	lú-lâi-lú
越倒身	ua̍t-tó-sin
越劇	ua̍t-kio̍k
越區	ua̍t-khu
越南	Ua̍t-lâm
越唸	ua̍t-liām
越城	Ua̍t-siânn
越寫	ua̍t-siá
越念	ua̍t-liām
越念冊	ua̍t-liām-tsheh
越愈	ua̍t-jú
越戰	Ua̍t-tsiàn
越權	ua̍t-khuân
越洋	ua̍t-iûnn
越界	ua̍t-kài
越級	ua̍t-kip
越越	ua̍t-ua̍t
越轉身	ua̍t-tńg-sin
越頭	ua̍t-thâu
越頭看	ua̍t-thâu-khuànn
趒腳雞	tiô-kha-ke
趒起來	tiô-khí-lâi
趒跤頓蹄	tiô-kha-tǹg-tê
趒跳	tiô-thiàu
趒軟	tiô-nńg
趕來	kuánn-lâi
趕出	kuánn-tshut
趕到	kuánn-kàu
趕去	kuánn-khì
趕圩	kuánn-hi
趕墟	kuánn-hu
趕工	kuánn-kang
趕暝	kuánn-mê
趕暝工	kuánn-mê-kang
趕會著	kuánn-ē-tio̍h
趕會赴	kuánn-ē-hù
趕欲	kuánn-beh
趕沖沖	kuánn-tshiāng-tshiāng
趕狂	kuánn-kông
趕用	kuánn-īng
趕皮	kuánn-phuê
趕緊	kuánn-kín
趕緊代	kuánn-kín-tāi
趕緊擺	kuánn-kín-pái
趕緊緊	kuánn-kín-kín
趕緝	kuánn-tsip
趕羊仔狗	kuánn-iûnn-á-káu
趕製	kuánn-tsè
趕走	kuánn-tsáu
趕趕緊緊	kuánn-kuánn-kín-kín
趕路	kuánn-lōo
趕辦	kuánn-pān
趕逐	kuánn-tio̍k
趕鬼	kuánn-kuí
趕鶺	kuánn-tshio
趖仔	sô-á
趖地者	sô-tē-tsiá
趖趖也	sô-sô-ā
趖跤趖手	sô-kha-sô-tshiú
趙匡胤	tiō-khong-īn
趛痀趛痀	gìm-ku-gìm-ku
趡空	nǹg-khang
趡鑽	nǹg-tsǹg
趣事	tshù-sū
趣味	tshù-bī
趣味性	tshù-bī-sìng
趣聞	tshù-bûn
趨倒	tshu-tó
趨冰	tshu-ping
趨勢	tshu-sì
趨去	tshu-khì
趨向	tshu-hiòng
趨坡	tshu-pho
趨壘	tshu-luí
趨媚	tshu-bī
趨崎	tshu-kiā
趨於	tshu-î
趨板	tshu-pán
趨枋	tshu-pang
趨枋仔車	tshu-pang-á-tshia
趨樓仔	tshu-lâu-á
趨水	tshu-tsuí
趨水道	tshu-tsuí-to
趨流籠	tshū-liu-lông
趨湧	tshu-íng
趨溜廊	tshu-liu-lông
趨溜籠	tshu-liu-lông
趨溜道	tshu-liu-tō
趨球	tshu-kiû
趨趨仔	tshu-tshu-á
趨蹌	tshu-sōng
趨近	tshu-kīn
趨雪	tshu-seh
趨馬溜	tshu-bé-liu
足下	tsiok-hā
足久	tsiok-kú
足久無來矣	tsiok-kú-bô-lâi-ah
足久無看	tsiok-kú-bô-khuànn
足冷	tsiok-líng
足分金	tsiok-hun-kim
足古錐	tsiok-kóo-tsui
足好	tsiok-hó
足媠	tsiok-suí
足心願	tsiok-sim-guān
足忝	tsiok-thiám
足悲哀	tsiok-pi-ai
足意	tsiok-ì
足愛	tsiok-ài
足愛睏	tsiok-ài-khùn
足成	tsiok-siânn
足成金	tsiok-siânn-kim
足捷	tsiok-tsia̍p
足有名	tsiok-ū-miâ
足歡喜	tsiok-huann-hí
足歲	tsiok-huè
足歹	tsiok-pháinn
足毋甘願	tsiok-m̄-kam-guān
足深	tsiok-tshim
足濟	tsiok-tsē
足烏金	tsiok-oo-kim
足熱	tsiok-jua̍h
足球	tsiok-kiû
足的	tsiok-ê
足眠	tsiok-bîn
足硬	tsiok-ngē
足硬鬥	tsiok-ngē-táu
足色銀	tsiok-sik-gîn
足芳	tsiok-phang
足譀的	tsiok-hàm-ê
足讚的	tsiok-tsán-ê
足貴	tsiok-kuì
足赤金	tsiok-tshiah-kim
足趣味	tsiok-tshù-bī
足足	tsiok-tsiok
足部	tsiok-pōo
足重	tsiok-tāng
足金	tsiok-kim
足額	tsiok-gia̍h
足願	tsiok-guān
足麻煩	tsiok-mâ-huân
趺去	hu-khì
跆拳道	tâi-kûn-tō
跋一倒	pua̍h-tsi̍t-tó
跋伊會落	pua̍h-i-ē-lak
跋倒	pua̍h-tó
跋倒抾著錢閣咧哭	pua̍h-tó-khioh-tio̍h-tsînn-koh-leh-khàu
跋價	pua̍h-kè
跋十八	pua̍h-si̍p-pat
跋卦	pua̍h-kuà
跋反	pua̍h-píng
跋四色	pua̍h-sù-sik
跋心適	pua̍h-sim-sik
跋手	pua̍h-tshiú
跋杯	pua̍h-pue
跋桮	pua̍h-pue
跋桮號	pua̍h-pue-hō
跋桶	pua̍h-tháng
跋檄	pua̍h-kiáu
跋歹筊	pua̍h-pháinn-kiáu
跋死	pua̍h-sí
跋涉	pua̍t-sia̍p
跋準	pua̍h-tsún
跋牌仔	pua̍h-pâi-á
跋腳	pua̍t-kha
跋臭	pua̍h-tshàu
跋落	pua̍h-lo̍h
跋落來	pua̍h-lo̍h-lâi
跋落去	pua̍h-lo̍h-khì
跋落枕	pua̍h-lo̍h-tsím
跋落水	pua̍h-lo̍h-tsuí
跋落馬	pua̍h-lo̍h-bé
跋輸	pua̍h-su
跋輸嬴	pua̍h-su-iânn
跋錢	pua̍h-tsînn
跋馬	pua̍h-bé
跋骰仔	pua̍h-tâu-á
跋麻雀	pua̍h-mâ-tshiok
跌停板	tia̍t-thîng-pán
跍便	khû-piān
跑紅	pháu-hông
跑褲	pháu-khòo
跑車	pháu-tshia
跑車碌路	pháu-tshia-li̍k-lōo
跑道	pháu-tō
跑酷	pháu-khok
跑錢	pháu-tsînn
跑馬	pháu-bé
跑馬場	pháu-bé-tiûnn
跕腳	liam-kha
跕腳尾	liam-kha-bué
跕跤	liam-kha
跕跤覕手	liam-kha-bih-tshiú
跕跤跕手	liam-kha-neh-tshiú
跗骨	hū-kut
跙枋	tshū-pang
跙湧	tshū-íng
跛的	pái-ê
跛背	pái-puē
跛腳	pái-kha
跛腳的	pái-kha-ê
距離	kī-lī
跟班	kin-pan
跟綴	kin-tuè
跟綴者	kin-tuè-tsiá
跟蹤	kin-tsong
跟進	kin-tsìn
跟隨	kin-suî
跤仔	kha-á
跤仔先	kha-á-sian
跤兜	kha-tau
跤墊仔	kha-tiām-á
跤底皮反起來平平烏	kha-té-phuê-píng-khí-lâi-pênn-pênn-oo
跤後筋	kha-āu-kin
跤後肚	kha-āu-tóo
跤後肚仁	kha-āu-tóo-jîn
跤後跟	kha-āu-kin
跤手	kha-tshiú
跤手不接一	kha-tshiú-put-tsiap-it
跤手互連	kha-tshiú-hōo-liâm
跤手十足	kha-tshiú-tsa̍p-tsiok
跤手無清氣	kha-tshiú-bô-tshing-khì
跤手猛	kha-tshiú-mé
跤手賤	kha-tshiú-tsiān
跤指頭仔	kha-tsíng-thâu-á
跤指頭公	kha-tsíng-thâu-kong
跤擋燈	kha-tòng-ting
跤數	kha-siàu
跤曲	kha-khiau
跤梢	kha-sau
跤梢仔	kha-sau-á
跤梢的	kha-sau-ê
跤步手路	kha-pōo-tshiú-lōo
跤步踏差	kha-pōo-ta̍h-tsha
跤毛	kha-moo
跤焦手焦	kha-ta-tshiú-ta
跤狂手亂	kha-kông-tshiú-luān
跤甕	kha-àng
跤目烏暗	kha-ba̍k-oo-àm
跤肚仁	kha-tóo-jîn
跤肚粗	kha-tóo-tshoo
跤肚肉	kha-tóo-bah
跤股	kha-kóo
跤腕	kha-uánn
跤色	kha-sik
跤趺	kha-u
跤路	kha-lōo
跤踏實地	kha-ta̍h-si̍t-tē
跤踏車仔	kha-ta̍h-tshia-á
跤蹬	kha-tenn
跤車	kha-tshia
跤車藤	kha-tshia-tîn
跤頭腕	kha-thâu-uánn
跤頭趺	kha-thâu-u
跤頭趺下	kha-thâu-u-ē
跤頭趺碗	kha-thâu-u-uánn
跤頭趺骨	kha-thâu-u-kut
跤食藤	kha-tsia̍h-tîn
跨國	khuà-kok
跨年	khuà-liân
跨海	khuà-hái
跨海大橋	khuà-hái-tuā-kiô
跨行	khuà-hâng
跨過	ha̍nnh-kuè
跨過衰	hānn-kuè-sue
跩球	tsuāinn-kiû
跩著	tsuāinn-tio̍h
跪地	kuī-tē
跪拜	kuī-pài
跪搭搭	kuī-tah-tah
跪落去	kuī-lo̍h-khì
跪跪磕磕	kuī-kuī-kha̍p-kha̍p
跪路呈	kuī-lōo-thiânn
路中	lōo-tiong
路中央	lōo-tiong-ng
路使	lōo-sái
路則	lōo-tsik
路卡	lōo-khá
路口	lōo-kháu
路基	lōo-ki
路墘	lōo-kînn
路尾	lōo-bué
路尾手	lōo-bué-tshiú
路尾身	lōo-bué-sin
路岸	lōo-huānn
路徑	lōo-kìng
路撞	lōo-tn̄g
路擔	lōo-tànn
路攤	lōo-thuann
路斷	lōo-tn̄g
路旁屍	lōo-pông-si
路條	lōo-tiâu
路標	lōo-phiau
路橋	Lōo-kiô
路段	lōo-tuānn
路溝仔糜	lōo-kau-á-bê
路滑	lōo-ku̍t
路照	lōo-tsiò
路燈	lōo-ting
路用	lōo-īng
路瘍	lōo-siûnn
路程	lōo-tîng
路站	lōo-tsām
路站碑	lōo-tsām-pi
路竹	lōo-tik
路糊仔糜	lōo-kôo-á-muê
路糊糜	lōo-kôo-muâi
路糊糜仔	lōo-kôo-muê-á
路線	lōo-suànn
路肩	lōo-king
路草	lōo-tsháu
路裡	lōo-lí
路費	lōo-huì
路透社	Lōo-thàu-siā
路途	lōo-tôo
路過	lōo-kuè
路邊	lōo-pinn
路邊消息	lōo-pinn-siau-sit
路邊花	lōo-pinn-hue
路邊青	lōo-pinn-tshenn
路長	lōo-tn̂g
路障	lōo-tsiòng
路面	lōo-bīn
路頂	lōo-tíng
路頭	lōo-thâu
路頭工	lōo-thâu-kang
路頭某	lōo-thâu-bóo
路頭直	lōo-thâu-ti̍t
路頭路尾相拄會著	lōo-thâu-lōo-bué-sio-tú-ē-tio̍h
跳七星	thiàu-tshit-tshenn
跳上	thiàu-siāng
跳傘	thiàu-suànn
跳入	thiàu-ji̍p
跳出	thiàu-tshut
跳動	thiàu-tōng
跳坎	thiàu-khám
跳天	thiàu-thinn
跳徑	thiàu-kìnn
跳板	thiàu-pán
跳格仔	thiàu-keh-á
跳槽	thiàu-tsô
跳樓自殺	thiàu-lâu-tsū-sat
跳欄	thiàu-lân
跳水	thiàu-tsuí
跳水表演	thiàu-tsuí-piáu-ián
跳河	thiàu-hô
跳海	thiàu-hái
跳港	thiàu-káng
跳火蜷	thiàu-hué-khûn
跳牆	thiàu-tshiûnn
跳牆桶仔	thiàu-tshiûnn-tháng-á
跳獅	thiàu-sai
跳球	thiàu-kiû
跳石	thiàu-tsio̍h
跳票	thiàu-phiò
跳童	thiàu-tâng
跳童的	thiàu-tâng-ê
跳竹篙	thiàu-tik-ko
跳箍仔	thiàu-khoo-á
跳級	thiàu-kip
跳索	thiàu-soh
跳索仔	thiàu-soh-á
跳脫	thiàu-thuat
跳腳	tiô-kha
跳腳雞	thiàu-kha-ke
跳腳頓蹄	tiô-kha-tǹg-tê
跳舌音	thiô-tsi̍h-im
跳舞	thiàu-bú
跳舞會	thiàu-bú-huē
跳落去	thiàu-lo̍h-khì
跳豬舞	thiàu-ti-bú
跳走	thiàu-tsáu
跳起來	thiàu-khí-lâi
跳跳	tiô-thiàu
跳跳板	thiàu-thiàu-pán
跳躂	thiàu-that
跳迣	thiàu-tsuā
跳逝	thiàu-tsuā
跳過	thiàu-kuè
跳遠	thiàu-uán
跳間	thiàu-king
跳離	thiàu-lī
跳電	thiàu-tiān
跳頁	thiàu-ia̍h
跳高	thiàu-ko
跳高比賽	thiàu-ko-pí-sài
跳鬼	thiàu-kuí
跳鼓	thiàu-kóo
踃筋	siau-kin
踅口令	se̍h-kháu-līng
踅圓箍仔	se̍h-înn-khoo-á
踅境	se̍h-kíng
踅尾螺	se̍h-bué-lê
踅彎	se̍h-uan
踅振動	se̍h-tín-tāng
踅斡	se̍h-uat
踅獅尾螺	se̍h-sai-bué-lê
踅玲瑯	se̍h-lin-long
踅玲瓏	se̍h-lîng-long
踅球	se̍h-kiû
踅環	se̍h-khuân
踅神	se̍h-sîn
踅箍	se̍h-khoo
踅箍輾	se̍h-khoo-lìn
踅菜市仔	se̍h-tshài-tshī-á
踅螺	se̍h-lê
踅螺梯	se̍h-lê-thui
踅街	se̍h-ke
踅街路	se̍h-ke-lōo
踅路	se̍h-lōo
踅踅念	se̍h-se̍h-liām
踅過身	se̍h-kuè-sin
踅遠路	se̍h-hn̄g-lōo
踅頭	se̍h-thâu
踅鹿角	se̍h-lo̍k-kak
踉港	làng-káng
踉潦	làng-liâu
踏七踏八	ta̍h-tshit-ta̍h-peh
踏上	ta̍h-tsiūnn
踏入	ta̍h-ji̍p
踏出	ta̍h-tshut
踏嘌	ta̍h-phiù
踏在	ta̍h-tsāi
踏實	ta̍h-si̍t
踏岑	ta̍h-gîm
踏差	ta̍h-tsha
踏引擎	ta̍h-i̋ng-jín
踏成	ta̍h-siânn
踏扁去	ta̍h-pínn-khì
踏擋仔	ta̍h-tòng-á
踏斗	ta̍h-táu
踏板	ta̍h-pán
踏枋	ta̍h-pang
踏查	ta̍h-tsa
踏步	ta̍h-pōo
踏死	ta̍h-sí
踏溜去	ta̍h-liu-khì
踏滑	ta̍h-ku̍t
踏矸仔錢	ta̍h-kan-á-tsînn
踏破	ta̍h-phuà
踏破磚	ta̍h-phuà-tsng
踏硬	ta̍h-ngē
踏碓	ta̍h-tuì
踏窞	ta̍h-thām
踏索	ta̍h-soh
踏脫	ta̍h-thut
踏腳到	ta̍h-kha-kàu
踏腳步	ta̍h-kha-pōo
踏腳蹺	ta̍h-kha-khiau
踏草青	ta̍h-tsháu-tshenn
踏著好地步	ta̍h-tio̍h-hó-tē-pōo
踏著歹地步	ta̍h-tio̍h-pháinn-tē-pōo
踏觸	ta̍h-tak
踏話頭	ta̍h-uē-thâu
踏趨	ta̍h-tshu
踏蹺	ta̍h-khiau
踏逐	ta̍h-ta̍k
踏鋼索	ta̍h-kǹg-soh
踏開	ta̍h-khui
踏開跤步	ta̍h-khui-kha-pōo
踏雄	ta̍h-hîng
踏青	ta̍h-tshenn
踏青節	ta̍p-tshing-tsiat
踏顛	ta̍h-tian
踔猴	tshia̍k-kâu
踔踔趒	tshia̍k-tshia̍k-tiô
踔踔跳	tshia̍k-tshia̍k-thiàu
踜被	lìng-phuē
踜走	liòng-tsáu
踜起來	lìng-khí-lâi
踜身	lìng-sin
踜開	lìng-khui
踞腳	khû-kha
踞踞趒	khû-khû-tiô
踞踞顫	khû-khû-tsùn
踢仔	that-á
踢干轆	that-kan-lo̍k
踢被	that-phuē
踢跤球	that-kha-kiû
踢館	that-kuán
踧傷	tsik-siong
踩街	tshái-ke
踮厝內	tiàm-tshù-lāi
踮孔	tiàm-khang
踮孔龜	tiàm-khang-ku
踮山頭家	tiàm-suann-thâu-ke
踮水沫	tiàm-tsuí-bī
踮水船	tiàm-tsuí-tsûn
踮沬	tiàm-bī
踮沬艇	tiàm-bī-thíng
踮空龜	tiàm-khang-ku
踮腳	tiàm-kha
踮跤查某	tiàm-kha-tsa-bóo
踳踏	thún-ta̍h
踴躍	ióng-io̍k
踸看	tshím-khuànn
踸看虛抑實	tshím-khuànn-hi-ia̍h-si̍t
踸腳	tshím-kha
蹂躪	jiú-līn
蹄鳥	tê-tsiáu
蹉鹿皮	tshê-lo̍k-phuê
蹊翹	khi-khiau
蹋本	lap-pún
蹋步	lap-pōo
蹋死	lap-sí
蹋窩	lap-o
蹋頭硨	thap-thâu-tshia
蹌抵蹌	tshiāng-tú-tshiāng
蹌腳瘸	tshiáng-kha-khê
蹌腳行	tshiàng-kha-kiânn
蹌腳雞	tshiàng-kha-ke
蹐步行	tship-pōo-kiânn
蹓嘌	liù-phiù
蹔腳	tsàm-kha
蹔蹄	tsàm-tê
蹔酒家	tsàm-tsiú-ka
蹛外口	tuà-guā-kháu
蹛庄跤	tuà-tsng-kha
蹛院	tuà-īnn
蹤跡	tsong-liah
蹧躂	tsau-that
蹺乃	khiàu-nái
蹺刀	khiau-to
蹺去	khiau-khì
蹺天	khiàu-thian
蹺攲	khiau-khi
蹺歹	khiàu-táinn
蹺玲瓏	khiau-lîng-long
蹺痀	khiau-ku
蹺痀仔	khiau-ku-á
蹺痀蟲	khiau-ku-thâng
蹺腳	khiau-kha
蹺蝦	khiàu-hê
蹺螺螺	khiau-lê-lê
蹺蹺	khiau-khiau
蹺蹺板	khiau-khiau-pang
蹺鬚	khiàu-tshiu
蹻人	khiâu-lâng
蹻吊	khiâu-tiàu
蹻苦	khiâu-khóo
蹽水	liâu-tsuí
躁嚗嚗	sò-pia̍k-pia̍k
躁心	sò-sim
躁性	sò-sìng
躁性地	sò-sìng-tē
躁性鬼	sò-sìng-kuí
躁暴	sò-pō
躁直人	sò-ti̍t-lâng
躁粕	sò-phoh
躁鬱症	sò-ut-tsìng
躄仆向	phih-phak-ànn
躄倒	phih-tó
躄僕	phih-phak
躄落	phih-lo̍h
躄落去	phih-lo̍h-khì
躄覆	phih-phak
躄覆俯	phih-phak-hóo
躄覆向	phih-phak-ǹg
躄覆虎	phih-phak-hóo
躇茶	thû-tê
躉納	tún-la̍p
躊躇	tiû-tî
躊躇邦	tiû-tû-pang
躊躇頓蹬	tiû-tû-tùn-tenn
躍升	io̍k-sing
躍居	io̍k-ki
躓著	tsik-tio̍h
躗桀	kuāi-ke̍h
躘起來	liòng-khí-lâi
躘身	lìng-sin
躘開	lìng-khui
躡腳尾	nè-kha-bué
躡高	neh-kuân
身不由己	sin-put-iû-kí
身世	sin-sè
身亡	sin-bông
身份	sin-hūn
身份證	sin-hūn-tsìng
身價	sin-kè
身先士卒	sin-sian-sū-tsut
身兼	sin-kiam
身分證	sin-hūn-tsìng
身勢	sin-sì
身受	sin-siū
身命	sin-miā
身塊	sin-tè
身孕	sin-īn
身家	sin-ka
身居	sin-ki
身屍	sin-si
身底	sin-té
身底衫	sin-té-sann
身張	sin-tiunn
身形	sin-hîng
身影	sin-iánn
身後	sin-hiō
身心	sin-sim
身心健康	sin-sim-kiān-khong
身心科	sin-sim-kho
身心障礙	sin-sim-tsiòng-gāi
身懸	sin-kuâinn
身手	sin-tshiú
身敗名裂	sin-pāi-miâ-lia̍t
身教	sin-kàu
身材	sin-tsâi
身歷其境	sin-li̍k-kî-kíng
身段	sin-tuānn
身法	sin-huat
身為	sin-uî
身穿	sin-tshīng
身經百戰	sin-king-pah-tsiàn
身綴	sin-tuè
身胴	sin-tâng
身腰	sin-io
身苦病疼	sin-khóo-pēnn-thiànn
身處	sin-tshù
身軀	sing-khu
身軀膏	sin-khu-ko
身軀邊	sin-khu-pinn
身軀頂	sin-khu-tíng
身邊	sin-pinn
身邊兜	sin-pinn-tau
身長命短	sin-tn̂g-miā-té
身頂	sin-tíng
身體	sin-thé
身體健康	sin-thé-kiān-khong
身體力行	sin-thé-li̍k-hîng
身體勇件	sin-thé-ióng-kiānn
身體各樣	sin-thé-kok-iūnn
身高	sin-ko
躲懶	tô-lán
躼爺	lò-iâ
躼爺矮爺	lò-iâ-é-iâ
躼跤	lò-kha
躼跤仔	lò-kha-á
躼躼長	lò-lò-tn̂g
躽床	nuà-tshn̂g
軀幹	khu-kàn
軀殼	khu-khak
軁山鼠	Nǹg-suann-tshí
軁法律縫	nuì-huat-lu̍t-phāng
軁磅空的	nǹg-phōng-khang-ê
軁轎跤	nǹg-kiō-kha
車主	tshia-tsú
車仔	tshia-á
車仔只	tshia-á-tsí
車仔線	tshia-á-suànn
車倒	tshia-tó
車前草	ki-tsiân-tsháu
車厄	tshia-eh
車參舂	tshia-sann-tsing
車單	tshia-tuann
車幫	tshia-pang
車床	tshia-tshn̂g
車底	tshia-té
車座	tshia-tsē
車庫	tshia-khòo
車廂	tshia-siunn
車廠	tshia-tshiúnn
車後燈	tshia-āu-ting
車心	tshia-sim
車手	tshia-tshiú
車拋輦	tshia-pha-lin
車拼	tshia-piànn
車掌	tshia-tsiáng
車搬搖搖	tshia-puann-iô-iô
車擋	tshia-tòng
車擋仔	tshia-tòng-á
車擋脣	tshia-tòng-tûn
車擺	tshia-pái
車斗	tshia-táu
車杆	tshia-kuainn
車栓	tshia-sng
車栓仔	tshia-sng-á
車桑仔	tshia-sng-á
車桱	tshia-kìnn
車桶倒	tshia-tháng-tò
車桿	tshia-kuáinn
車棚	tshia-pînn
車榫	tshia-sún
車機	tshia-kui
車母	tshia-bó
車水	tshia-tsuí
車水馬龍	tshia-tsuí-bé-lîng
車灌	tshia-kuàn
車照	tshia-tsiàu
車燈	tshia-ting
車牌	tshia-pâi
車班	tshia-pang
車畚斗	tshia-pùn-táu
車盤	tshia-puânn
車票	tshia-phiò
車禁	tshia-kìm
車禍	tshia-hō
車租	tshia-tsoo
車種	tshia-tsióng
車窗	tshia-thang
車窗摃槌	tshia-thang-kòng-thuî
車站	tshia-tsām
車箱	tshia-siunn
車線絪	tshia-suànn-in
車臺	tshia-tâi
車船	tshia-tsûn
車葉	tshia-hio̍h
車葉仔	tshia-ia̍p-á
車蓋	tshia-kuà
車蛆	tshia-tshi
車行	tshia-hâng
車街路	tshia-ke-lōo
車貨	tshia-huè
車費	tshia-huì
車資	tshia-tsu
車跋反	tshia-pua̍h-píng
車路	tshia-lōo
車踏	tshia-ta̍h
車身	tshia-sin
車車滾	tshia-tshia-kún
車車轉	tshia-tshia-tńg
車輛	tshia-lióng
車輦	tshia-lián
車輦心	tshia-lián-sim
車輦草	tshia-lián-tsháu
車輪	tshia-lûn
車輪子	tshia-lûn-tsí
車輪旗仔	Tshia-lián-kî-á
車輪框	tshia-lûn-khing
車輪桱	tshia-lûn-kènn
車輪牌	Tshia-lián-pâi
車輪管餅	tshia-lián-kóng-piánn
車輪粿	tshia-lián-kué
車輪菜	tshia-lûn-tshài
車輪餅	tshia-lián-piánn
車轆	tshia-lak
車逝	tshia-tsuā
車速	tshia-sok
車道	tshia-tō
車邊	tshia-pinn
車錠	tshia-tiànn
車錢	tshia-tsînn
車長	tshia-tiúnn
車門	tshia-mn̂g
車閘	tshia-tsa̍h
車隊	tshia-tuī
車隻	tshia-tsiah
車頂	tshia-tíng
車頂面	tshia-tíng-bīn
車頭	tshia-thâu
車馬費	tshia-bé-huì
車體	tshia-thé
車鼓	tshia-kóo
車鼓弄	tshia-kóo-lāng
車鼓陣	tshia-kóo-tīn
車鼠	tshia-tshí
車齒	tshia-khí
軋平	kauh-pênn
軋車	kà-tshia
軌跡	kuí-jiah
軌道	kuí-tō
軍中	kun-tiong
軍事	kun-sū
軍事資料	kun-sū-tsu-liāu
軍人	kun-jîn
軍仔	kun-á
軍備	kun-pī
軍公教	kun-kong-kàu
軍力	kun-li̍k
軍功	kun-kong
軍區	kun-khu
軍團	kun-thuân
軍委	kun-uí
軍官	kun-kuann
軍官鵰	Kun-kuann-tiau
軍屬	kun-sio̍k
軍師	kun-su
軍帽	kun-bō
軍心	kun-sim
軍政	kun-tsìng
軍旅	kun-lí
軍服	kun-ho̍k
軍校	kun-hāu
軍機	kun-ki
軍歌	kun-kua
軍民	kun-bîn
軍法	kun-huat
軍港	kun-káng
軍火	kun-hué
軍營	kun-iânn
軍用	kun-iōng
軍用狗	kun-iōng-káu
軍種	kun-tsióng
軍職	kun-tsit
軍艦	kun-lām
軍裝	kun-tsong
軍訓	kun-hùn
軍警	kun-kíng
軍費	kun-huì
軍部	kun-pōo
軍醫	kun-i
軍長	kun-tiúnn
軍閥	kun-hua̍t
軍隊	kun-tuī
軒然大波	hian-jiân-tāi-pho
軒轅	Hian-uàn
軟仔錢	nńg-á-tsînn
軟便	nńg-piān
軟刀仔	nńg-to-á
軟剾匙	nńg-khau-sî
軟力	nńg-la̍t
軟勘	nńg-khàm
軟化	nńg-huà
軟哼哼	nńg-hāinn-hāinn
軟啁啁	nńg-tsiuh-tsiuh
軟土深掘	nńg-thôo-tshim-ku̍t
軟垂垂	nńg-suê-suê
軟塗深掘	nńg-thôo-tshim-ku̍t
軟屎	nńg-sái
軟工課	nńg-khang-khuè
軟市	nńg-tshī
軟帽	nńg-bō
軟床	nńg-tshn̂g
軟廉	nńg-liám
軟式	nńg-sik
軟弱	luán-jio̍k
軟心	nńg-sim
軟性	nńg-sìng
軟手	nńg-tshiú
軟拗	nńg-áu
軟掩	nńg-iám
軟揜揜	nńg-hop-hop
軟斜	nńg-tshiâ
軟晡	nńg-poo
軟梯	nńg-thui
軟殼	nńg-khak
軟母	nńg-bó
軟母仔	nńg-bó-á
軟氣	nńg-khuì
軟水	nńg-tsuí
軟汫	nńg-tsiánn
軟湆湆	nńg-ám-ám
軟溢溢	nńg-io̍h-io̍h
軟爽	nńg-sńg
軟片	nńg-phìnn
軟牙	nńg-gê
軟猴	nńg-kâu
軟球仔	nńg-kiû-á
軟略	nńg-lio̍h
軟痠	nńg-sng
軟禁	nńg-kìm
軟筆	nńg-pit
軟糖	nńg-thn̂g
軟糗糗	nńg-khiū-khiū
軟紡紡	nńg-pháng-pháng
軟線	nńg-suànn
軟翱翱	nńg-kô-kô
軟肚	nńg-tóo
軟肥	nńg-puî
軟腦膜	nńg-náu-mo̍oh
軟腳	nńg-kha
軟腳病	nńg-kha-pēnn
軟腳蝦	nńg-kha-hê
軟膏	nńg-ko
軟膠果	nńg-ka-kó
軟苕苕	nńg-siô-siô
軟茈	nńg-tsiánn
軟落	nńg-lo̍h
軟薑	nńg-kiunn
軟蜞	nńg-khî
軟角	nńg-kak
軟路	nńg-lōo
軟路穡	nńg-lōo-sit
軟路錢	nńg-lōo-tsînn
軟軟	nńg-luán
軟轎	nńg-kiō
軟酸	nńg-sng
軟針	nńg-tsiam
軟鉛	nńg-iân
軟錢	nńg-tsînn
軟韌	nńg-lūn
軟骨	nńg-kut
軟骨病	nńg-kut-pēnn
軟體	nńg-thé
軸仔	ti̍k-á
軸心國	ti̍k-sim-kok
軸線	ti̍k-suànn
較低	khah-kē
較公道閣佛仔	khah-kong-tō-koh-hu̍t-á
較力	kàu-li̍k
較勁	kàu-kìng
較大	khah-tōa
較好	khah-hó
較恬風	khah-tiām-hong
較慘	khah-tshám
較慢咧	khah-bān-leh
較拚咧	kah-piànn-leh
較早	khah-tsá
較早睏	khah-tsá-khùn
較是	khah-sī
較條直	khah-tiâu-ti̍t
較橫蔡牽	khah-huâinn-Tshuà-khan
較濟	khah-tsē
較濟一屑仔	khah-tsē-tsi̍t-sut-á
較無風	khah-bô-hong
較等咧	khah-tán-leh
較細	khah-sè
較緊	khah-kín
較緊一下	khah-kín-tsi̍t-ē
較緊咧	khah-kín-leh
較規氣	khah-kui-khì
較贏	khah-iânn
較贏面	khah-iânn-bīn
較趕緊	khah-kuánn-kín
較車	kà-tshia
較輸	khah-su
載客	tsài-kheh
載工	tsài-kang
載明	tsài-bîng
載滿	tsài-muá
載貨	tsài-huè
載運	tsài-ūn
載重	tsài-tāng
載錢	tsài-tsînn
輒仔久	tiap-á-kú
輓歌	buán-kua
輓聯	buán-liân
輔仁大學	Hú-jîn-tāi-ha̍k
輔佐	hù-tsò
輔助	hù-tsōo
輔大	Hù-tāi
輔導	hú-tō
輔導員	hù-tō-uân
輔導會	hù-tō-huē
輔系	hú-hē
輔育院	hù-io̍k-īnn
輔選	hù-suán
輕便	khing-piān
輕便嘴	khing-piān-tshuì
輕便車	khing-piān-tshia
輕信	khing-sìn
輕健	khin-kiānn
輕傷	khin-siong
輕兩相	khin-niú-siùnn
輕刑	khin-hîng
輕剽	khin-phiò
輕力	khin-la̍t
輕可	khin-khó
輕型	khin-hîng
輕小說	khing-sió-suat
輕工業	khing-kang-gia̍p
輕巧	khin-khá
輕度	khin-tōo
輕快	khin-khuài
輕忽	khin-hut
輕手	khin-tshiú
輕描淡寫	khing-biâu-tān-siá
輕搖搖	khin-iô-iô
輕敵	khing-ti̍k
輕易	khing-ī
輕氣	khing-khì
輕氣球	khing-khì-kiû
輕油	khin-iû
輕浮	khing-phû
輕淡	khing-tām
輕淡水	khing-tām-tsuí
輕溢	khin-ioh
輕漂	khin-phiò
輕爽	khin-sńg
輕率	khing-sut
輕生	khin-sing
輕眠	khin-bîn
輕秤	khin-tshìn
輕空課	khin-khang-khuè
輕粉	khing-hún
輕罪	khin-tsuē
輕而易舉	khin-jî-ī-kí
輕聲	khin-siann
輕聲細說	khin-siann-sè-sueh
輕腳行	khin-kha-kiânn
輕舉妄動	khin-ku-bōng-tōng
輕薄	khing-po̍k
輕薄娘	khin-po̍h-niû
輕視	khing-sī
輕言	khing-giân
輕跤細手	khin-kha-sè-tshiú
輕身	khing-sin
輕軌	khing-kuí
輕輕	khin-khin
輕輕仔	khin-khin-á
輕重	khin-tāng
輕銀	khin-gîn
輕鐵	khing-thih
輕鬆	khin-sang
輕鬆熊	Khin-sang-hîm
輜物機	tsu-mi̍h-ki
輝煌	hui-hông
輦胎	lián-thai
輦輦翱	lìn-lìn-kō
輦轎	lián-kiō
輩份	puè-hūn
輩分	puè-hūn
輪仔	lûn-á
輪休	lûn-hiu
輪作	lûn-tsok
輪姦	lûn-kan
輪換	lûn-uānn
輪擺	lûn-pái
輪替	lûn-thè
輪板	lián-pán
輪栽	lûn-tsai
輪椅	lûn-í
輪機	lûn-ki
輪機長	lûn-ki-tiúnn
輪流	lûn-liû
輪溝	lûn-kau
輪班	lûn-pan
輪番	lûn-huan
輪當	lûn-tng
輪胎	lûn-thai
輪船	lûn-tsûn
輪調	lûn-tiàu
輪辦	lûn-pān
輪迴	lûn-hê
輪骨	lûn-kut
輪鬮	lûn-khau
輪鼓車仔	lián-kóo-tshia-á
輸了了	su-liáu-liáu
輸人毋輸陣	su-lâng-m̄-su-tīn
輸入	su-ji̍p
輸入法	su-ji̍p-hoat
輸出	su-tshut
輸勢	su-sì
輸去	su-khì
輸場	su-tiûnn
輸家	su-ka
輸忝忝	su-thiám-thiám
輸成	su-siânn
輸搭搭	su-tah-tah
輸水	su-tsuí
輸油管	su-iû-kóng
輸甲貼貼	su-kah-tah-tah
輸血	su-hueh
輸贏	su-iânn
輸輸去	su-su-khì
輸送	su-sàng
輸送帶	su-sàng-tuà
輸錢	su-tsînn
輸陣	su-tīn
輸電	su-tiān
輸面	su-bīn
輻射	hok-siā
輾仔鞋	lián-á-ê
輾公園	lìn-kong-hn̂g
輾天車	liàn-thian-tshia
輾床	liàn-tshn̂g
輾斗	lìn-táu
輾的	liàn-ê
輾車輪	lìn-tshia-lûn
輾輾翱	liàn-liàn-kô
輾輾轉	lìn-lìn-tńg
輾輾遨	lìn-lìn-gô
輾轉	lián-tńg
輿論	î-lūn
轄區	hat-khu
轄境	hat-kíng
轅門	uân-bûn
轆孔	lak-khang
轆車	lak-tshia
轆鏇	lak-suān
轆鑽	lak-tsǹg
轉世	tsuán-sè
轉事	tńg-sū
轉交	tsuán-kau
轉代誌	tńg-tāi-tsì
轉任	tsuán-jīm
轉來	tńg-lâi
轉倒	tńg-tó
轉別途	tsuán-pa̍t-tôo
轉厝	tńg-tshù
轉去	tńg-khì
轉去矣	tuínn-khì-ah
轉去轉倒	tuínn-khí-tuínn-tó
轉去食家己	tńg-khì-tsia̍h-ka-kī
轉台	tsuán-tâi
轉台器	tsuán-tâi-khì
轉告	tsuán-kò
轉和	tńg-hô
轉售	tuán-siû
轉嘴	tsuán-tshuì
轉圓	tńg-înn
轉外家	tńg-guā-ke
轉大人	tńg-tuā-lâng
轉好	tńg-hó
轉嫁	tsuán-kè
轉學	tsuán-ha̍k
轉家鄉	tńg-ka-hiong
轉寫	tsuán-siá
轉彎	tńg-uan
轉彎角	tńg-uan-kak
轉往	tsuán-óng
轉心花	tńg-sim-hue
轉戰	tsuán-tsiàn
轉投資	tsuán-tâu-tsu
轉折	tsuán-tsiat
轉播	tsuán-pò
轉播站	tsuán-pò-tsām
轉數	tsuán-siàu
轉斡	tńg-uat
轉柩	tsuán-kiū
轉業	tsuán-gia̍p
轉歹面	tńg-pháinn-bīn
轉氣	tńg-khuì
轉活	tńg-ua̍h
轉流	tńg-lâu
轉溡	tńg-tshî
轉溼	tńg-sip
轉潤	tńg-lùn
轉澹	tńg-tâm
轉熱	tńg-jua̍h
轉燒熱	tńg-sio-jua̍h
轉現率	tńg-hiān-lu̍t
轉現金率	tńg-hiān-kim-lu̍t
轉發	tsuán-huat
轉目	tńg-ba̍k
轉睔	tńg-lûn
轉租	tsuán-tsoo
轉移	tsuán-î
轉移陣地	tsuán-î-tīn-tē
轉笑	tńg-tshiò
轉笑面	tńg-tshiò-bīn
轉筋	tńg-kin
轉聲	tńg-siann
轉舌關	tńg-tsi̍h-kuan
轉色	tńg-sik
轉西方	tsuán-se-hong
轉角	tńg-kak
轉話錦	tńg-uē-gím
轉話門	tńg-uē-mn̂g
轉話關	tńg-uē-kuan
轉變	tsuán-piàn
轉讓	tsuán-niū
轉起轉倒	tuínn-khí-tuínn-tó
轉踅	tńg-se̍h
轉身	tńg-sin
轉車	tsuán-tshia
轉載	tsuán-tsài
轉輪	tsuán-lûn
轉述	tsuán-su̍t
轉送	tsuán-sàng
轉途	tsuán-tôo
轉速	tsuán-sok
轉進	tsuán-tsìn
轉運	tsuán-ūn
轉運站	tńg-ūn-tsām
轉達	tsuán-ta̍t
轉錢空	tńg-tsînn-khang
轉頭	tńg-thâu
轉頭斡角	tuínn-thâu-uat-kak
轉風面	tńg-hong-bīn
轉骨	tńg-kut
轎仔	kiau-á
轎槓竹	kiō-kǹg-tik
轎車	kiāu-tshia
轟動	hong-tōng
轟動一時	hong-tōng-it-sî
轟炸	hong-tsà
轟炸機	hong-tsà-ki
轟轟吼	hong-hong-háu
轟轟烈烈	hong-hong-lia̍t-lia̍t
轢死	kauh-sí
辛丑	sin-thiú
辛丑年	sin-thiú-nî
辛亥	sin-hāi
辛勞	sin-lô
辛勞錢	sin-lô-tsînn
辛勤	sin-khîn
辛夷	sin-î
辛巴威	Sin-pa-ui
辛烷	sin-uân
辛烷值	sin-uân-ti̍t
辛苦	sin-khóo
辛苦病疼	sin-khóo-pēnn-thiànn
辛辛那提	Sin-sin-ná-thê
辛酸	sin-sng
辜恩	koo-in
辜振甫	Koo-Tsín-hú
辜負	koo-hū
辟債	phiah-tsè
辟厄	phiah-eh
辟去站	phiah-khì-tiàm
辟毒	phik-to̍k
辟走	phiah-tsáu
辟邪	phik-siâ
辟開	phiah-khui
辟雨	phiah-hōo
辣手	Lua̍h-tshiú
辣椒	lua̍h-tsio
辣薟薟	lua̍h-hiam-hiam
辣辣	lua̍h-lua̍h
辣醬	lua̍h-tsiùnn
辦事	pān-sū
辦事員	pān-sū-uân
辦事處	pān-sū-tshù
辦公	pān-kong
辦公夥仔	pān-kong-hué-á
辦公室	pān-kong-sik
辦公廳	pān-kong-thiann
辦公桌	pān-kong-toh
辦公處	pān-kong-tshù
辦公費	pān-kong-huì
辦出院	pān-tshut-īnn
辦到	pān-kàu
辦勢	pān-sì
辦喜事	pān-hí-sū
辦喪事	pān-song-sū
辦好	pān-hó
辦姑夥仔	pān-koo-hué-á
辦嫁妝	pān-kè-tsng
辦學	pān-ha̍k
辦家夥仔	pān-ke-hué-á
辦案	pān-án
辦桌	pān-toh
辦法	pān-huat
辦理	pān-lí
辦胚	pān-phue
辦菜	pān-tshài
辦貨	pān-huè
辦酒菜	pān-tsiú-tshài
辨別	piān-pia̍t
辨識	piān-sik
辨識碼	piān-sik-bé
辭世	sî-sè
辭令	sû-līng
辭倩	sî-tshiànn
辭典	sû-tián
辭別	sî-pia̍t
辭呈	sî-tîng
辭工	sî-kang
辭年	sî-nî
辭彙	sû-luī
辭意	sî-ì
辭掉	sî-tiāu
辭櫥	sî-tû
辭生	sî-senn
辭職	sî-tsit
辭退	sî-thè
辭頭路	sî-thâu-lōo
辮仔	pīnn-á
辯士	piān-sū
辯才	piān-tsâi
辯解	piān-kái
辯話骨	piān-uē-kut
辯認	piān-jīm
辯論	piān-lūn
辯講	piān-kóng
辯證	piān-tsìng
辯護	piān-hōo
辯護士	piān-hōo-sū
辯贏	piān-iânn
辯駁	piān-pok
辰星	sîn-tshenn
辰時	sîn-sî
農作	lông-tsok
農具	lông-khū
農友	lông-iú
農園	lông-hn̂g
農地	lông-tē
農場	lông-tiûnn
農夫	lông-hu
農學	lông-ha̍k
農家	lông-ka
農忙	lông-bâng
農戶	lông-hōo
農技	lông-ki
農技團	lông-ki-thuân
農政	lông-tsìng
農曆	lông-li̍k
農會	lông-huē
農村	lông-tshuan
農林	lông-lîm
農林廳	Lông-lîm-thiann
農校	lông-hāu
農業	lông-gia̍p
農業區	lông-gia̍p-khu
農業局	Lông-gia̍p-kio̍k
農機	lông-ki
農民	lông-bîn
農產	lông-sán
農田	lông-tiân
農耕	lông-king
農舍	lông-sià
農莊	lông-tsng
農藥	lông-io̍h
迂拘	u-khu
迅速	sī-suā
迎候	gîng-hāu
迎刃而解	gîng-jīm-jî-kái
迎合	gîng-ha̍p
迎娶	gîng-tshuā
迎尪	ngiâ-ang
迎戰	gîng-tsiàn
迎接	giânn-tsih
迎擊	gîng-kik
迎敵	gîng-ti̍k
迎新棄舊	ngiâ-sin-khì-kū
迎新送舊	gîng-sin-sàng-kū
迎春	gîng-tshun
迎春花	ngiâ-tshun-hue
迎神	ngiâ-sîn
迎神明	ngiâ-sîn-bîng
迎親	gîng-tshin
迎請	ngiâ-tshiánn
迎送	gîng-sàng
迎閣	gîng-koh
迎面	gîng-bīn
迎頭痛擊	gîng-thâu-thòng-kik
迎風面	ngiâ-hong-bīn
迎鬧熱	ngiâ-nāu-jia̍t
近世	kīn-sè
近代	kīn-tāi
近代史	kīn-tāi-sú
近作	kīn-tsok
近來	kīn-lâi
近倚	kīn-uá
近兜	kīn-tau
近因	kīn-in
近年	kīn-nî
近於	kīn-î
近日來	kīn-ji̍t-lâi
近期	kīn-kî
近況	kīn-hóng
近海	kīn-hái
近爿的	kīn-pîng-ê
近端的	kīn-tuan-ê
近視	kīn-sī
近親	kīn-tshin
近距離	kīn-kī-lī
近路	kīn-lōo
近郊	kīn-kau
近鄰	kīn-lîn
迒境電商	hānn-kíng-tiān-siong
迒年	hānn-nî
迒性別	hānn-sìng-pia̍t
迒界網商	hānn-kài-bāng-siong
返台	huán-tâi
返國	huán-kok
返抵	huán-té
返校	huán-hāu
返校日	huán-hāu-ji̍t
返航	huán-hâng
返鄉	huán-hiong
返頭	tńg-thâu
迢迢	thiâu-thiâu
迢遠	tiàu-uán
迣聲	tsuā-siann
迤斡	î-uat
迤迤斡斡	î-î-uat-uat
迦空	khia-khang
迦著	khia-tio̍h
迪化	Ti̍k-huà
迪斯可	tik-su-khó
迫倚	pik-uá
迫切	pik-tshiat
迫害	pik-hāi
迫於	pik-î
迫熱	pik-jia̍t
迫近	pik-kīn
迮查某	jiok-tsa-bóo
迮錢	jiok-tsînn
述說	su̍t-suat
迴廊	huê-lông
迴腸	huê-tn̂g
迴轉	huê-tńg
迴避	huê-pī
迴響	huê-hiáng
迵光	thàng-kng
迵天芳	Thàng-thinn-phang
迵心	thàng-sim
迵海	thàng-hái
迵過	thàng-kuè
迷人	bê-lâng
迷信	bê-sìn
迷力	bê-li̍k
迷因	bê-in
迷失	bê-sit
迷宮	bê-kiong
迷幻藥	bê-huàn-io̍h
迷惑	bê-hi̍k
迷戀	bê-luân
迷津	bê-tsin
迷眾	bê-tsiòng
迷眾頁	bê-tsiòng-ia̍h
迷著	bê-tio̍h
迷藥	bê-io̍h
迷路	bê-lōo
迷途	bê-tôo
迷霧	bê-bū
迷魂水雞	Bê-hûn-tsuí-ke
迷魂法	bê-hûn-huat
迷魂肚胿	Bê-hûn-tōo-kui
迷魂藥	bê-hûn-io̍h
迸出	pìng-tshut
追加	tui-ka
追加預算	tui-ka-ī-suàn
追問	tui-mn̄g
追回	tui-huê
追封	tui-hong
追念	tui-liām
追思彌撒	Tui-su-Mî-sat
追思禮	tui-su-lé
追悼	tui-tō
追想	tui-sióng
追打	tui-tánn
追掠	tui-lia̍h
追查	tui-tsa
追殺	tui-sat
追求	tui-kiû
追溯到	tui-sok-kàu
追究	tui-kiù
追緝	tui-tsip
追繳	tui-kiáu
追著	tui-tio̍h
追討	tui-thó
追訴	tui-sòo
追訴權	tui-sòo-kuân
追責	tui-tsik
追趕	tui-kuánn
追蹤	tui-tsong
追迮	tui-jik
追還	tui-hîng
追隨	tui-suî
退伍	thè-ngóo
退休	thè-hiu
退休金	thè-hiu-kim
退低	thè-kē
退保	thè-pó
退倒轉	thè-tó-tńg
退兵	thè-ping
退勤	thè-khîn
退化	thè-huà
退回	thè-huê
退場	thè-tiûnn
退壇	thè-tuânn
退婚	thè-hun
退學	thè-ha̍k
退守	thè-siú
退定	thè-tiānn
退家甲	thè-ke-kah
退居	thè-ki
退席	thè-si̍k
退後	thè-āu
退悔	thè-hué
退時	thè-sî
退時行	thè-sî-kiânn
退晏	thè-uànn
退步	thè-pōo
退流	thàu-lâu
退流行	thè-liû-hîng
退涼	thè-liâng
退潮	thè-tiâu
退澀	thè-siap
退火	thè-hué
退熱	thè-jia̍t
退燒	thè-sio
退瘦	thè-sán
退票	thè-phiò
退稅	thè-suè
退童鼓	thè-tâng-kóo
退職	thè-tsit
退腳步	thè-kha-pōo
退膘	thè-pio
退膠	thè-ka
退色	thè-sik
退親	thè-tshin
退親情	thè-tshin-tsiânn
退讓	thè-niū
退貨	thè-huè
退路	thè-lōo
退輔會	Thè-hù-huē
退還	thè-hîng
退酒	thè-tsiú
退開	thè-khui
退院	thè-īnn
退除役	thè-tî-ia̍h
送上	sàng-siāng
送中	sàng-tiong
送交	sàng-kau
送人情	sàng-lîn-tsîng
送做堆	sàng-tsò-tui
送出	sàng-tshut
送出山	sàng-tshut-suann
送到	sàng-kàu
送去	sàng-khì
送回	sàng-huê
送嫁	sàng-kè
送嫁姆	sàng-kè-ḿ
送子鳥	sàng-tsú-niáu
送定	sàng-tiānn
送客	sàng-kheh
送小心	sàng-sió-sim
送山	sàng-suann
送山頭	sàng-suann-thâu
送帖	sàng-thiap
送批員	sàng-phue-uân
送灶君	sàng-tsàu-kun
送神	sàng-sîn
送神日	sàng-sîn-li̍t
送禮	sàng-lé
送秋波	sàng-tshiu-pho
送老	sàng-lāu
送舊	sàng-kū
送葬	sàng-tsòng
送行	sàng-hîng
送訂	sàng-tiānn
送貨	sàng-huè
送走	sàng-tsáu
送起去	sàng-khí-khì
送起程	sàng-khí-thîng
送起馬	sàng-khí-bé
送達	sàng-ta̍t
送醫	sàng-i
送鏢	sàng-pio
送順風	sàng-sūn-hong
送風	sàng-hong
送食食	sàng-tsia̍h-si̍t
逃亡	tô-bông
逃債	tô-tsè
逃僻	tô-phiah
逃兵	tô-ping
逃命	tô-miā
逃性命	tô-sènn-miā
逃懶	tô-lán
逃活	tô-ua̍h
逃犯	tô-huān
逃生	tô-senn
逃監	tô-kann
逃脫	tô-thuat
逃走	tô-tsáu
逃難	tô-lān
逃風	tô-hong
逆乖	gi̍k-kuainn
逆倫	gi̍k-lûn
逆口	gi̍k-kháu
逆境	gi̍k-kíng
逆天	gi̍k-thinn
逆子	gi̍k-tsú
逆差	gi̍k-tsha
逆料	gi̍k-liāu
逆水	gi̍k-tsuí
逆流	gi̍k-lâu
逆目	gi̍k-ba̍k
逆耳	gi̍k-ní
逆轉	gi̍k-tsuán
逆風	gi̍k-hong
逆黨	gi̍k-tóng
逆𡳞乖	gi̍k-lān-kuai
逍遙	siau-iâu
逍遙法外	siau-iâu-huat-guā
透世人	thàu-sì-lâng
透中晝	thàu-tiong-tàu
透仔	thàu-á
透假	thàu-ké
透光	thàu-kng
透光目鏡	thàu-kng-ba̍k-kiànn
透冬	thàu-tang
透出來	tòo-tshut-lâi
透圖	tòo-tôo
透大風	thàu-tuā-hong
透天	thàu-thinn
透天厝	thàu-thinn-tshù
透尾	thàu-bué
透工	thàu-kang
透年	thàu-nî
透底	thàu-té
透底尾	thàu-té-bué
透徹	thàu-thiat
透心	thàu-sim
透心涼	thàu-sim-liâng
透抽	thò-thiu
透支	thàu-ki
透放	thàu-pàng
透日	thàu-ji̍t
透早	thàu-tsá
透早五六	thàu-tsá-góo-lak
透早星	thàu-tsá-tshenn
透早透暗	thàu-tsá-thàu-àm
透早透要	thàu-tsá-thàu-iàu
透明	thàu-bîng
透明片	thàu-bîng-phìnn
透晝	thàu-tàu
透暗	thàu-àm
透暝	thàu-mê
透機	thàu-ki
透歹個	thàu-pháinn-ê
透歹的	thàu-pháinn-ê
透氣	thàu-khì
透水	tòo-tsuí
透水聲	thàu-tsuí-siann
透流	thàu-lâu
透流生狂湧	thàu-lâu-tshenn-kông-íng
透漏	thàu-lāu
透濫	thàu-lām
透濫的	thàu-lām-ê
透畫	tòo-uē
透種	thàu-tsíng
透種仔	thàu-tsíng-á
透紅	thàu-âng
透紙	tòo-tsuá
透肌	thàu-ki
透腳青	thàu-kha-tshenn
透落雨	thàu-lo̍h-hōo
透薄	thàu-po̍h
透行	thàu-kiânn
透視	thàu-sī
透身	thàu-sin
透身大汗	thàu-sin-tuā-kuānn
透車	thàu-tshia
透透	thàu-thàu
透逝車	thàu-tsuā-tshia
透過	thàu-kuè
透雨	thàu-hōo
透露	thàu-lōo
透露出	thàu-lōo-tshut
透風	thàu-hong
透風雨	thàu-hong-hōo
透鬢鬍	thàu-pìn-hôo
逐三頓	ta̍k-sann-tǹg
逐人	ta̍k-lâng
逐位	ta̍k-uī
逐位走	ta̍k-uī-tsáu
逐個	ta̍k-ê
逐個月	ta̍k-kò-gue̍h
逐冬	ta̍k-tang
逐叢	ta̍k-tsâng
逐國	ta̍k-kok
逐地	ta̍k-tè
逐塊	ta̍k-tè
逐家	ta̍k-ke
逐家來學台語	ta̍k-ke-lâi-o̍h-Tâi-gí
逐家好	ta̍k-ke-hó
逐家攏真歡喜	ta̍k-ke-lóng-tsin-huann-hí
逐家落水平平沉	ta̍k-ke-lo̍h-tsuí-pênn-pênn-tîm
逐工	ta̍k-kang
逐年	ta̍k-nî
逐所在	ta̍k-sóo-tsāi
逐手	tia̍k-tshiú
逐搭	ta̍k-tah
逐擺	ta̍k-pái
逐日	ta̍k-ji̍t
逐暗	ta̍k-àm
逐月	ta̍k-gue̍h
逐條	ta̍k-tiâu
逐條路	ta̍k-tiâu-lōo
逐次	ta̍k-tshù
逐水草四界蹛	jiok-tsuí-tsháu-sì-kè-tuà
逐禮拜	ta̍k-lé-pài
逐種	ta̍k-tsíng
逐色	ta̍k-sik
逐過	ta̍k-kuè
逐項	ta̍k-hāng
逐項逐款	ta̍k-hāng-ta̍k-khuán
途中	tôo-tiong
途徑	tôo-kìng
途經	tôo-king
逗點	tuì-tiám
這下	tsit-ē
這世	tsit-sì
這世人	tsit-sì-lâng
這个偌濟錢	tsit-ê-guā-tsē-tsînn
這个幾箍銀	tsit-ê-kuí-khoo-gîn
這个物件	Tsit-ê-mi̍h-kiānn
這久	tsit-kú
這位	tsit-uī
這個	tsit-ê
這加問的	tse-ke-mn̄g-ê
這圈	tsit-khian
這字	tsit-jī
這帶	tsit-tè
這幾年	tsit-kuí-nî
這幾日	tsit-kuí-ji̍t
這庀仔	tsit-phí-á
這後身	tsit-āu-sin
這我一定吉	Tse-guá-it-tīng-kiat
這所在	tsit-sóo-tsāi
這搭	tsit-tah
這擺	tsit-pái
這改	tsit-kái
這斗	tsit-táu
這旁	tsit-pîng
這日	tsit-ji̍t
這是	tse-sī
這是啥物	tse-sī-siánn-mi̍h
這是阮兜	tse-sī-gún-tau
這時	tsit-sî
這時陣	tsit-sî-tsūn
這暫仔	tsit-tsām-á
這樣	tsit-iūnn
這款	tsit-khuán
這款人	tsit-khuán-lâng
這氣	tsit-khuì
這溪無魚別溪釣	tsit-khe-bô-hî-pa̍t-khe-tiò
這生	tsit-sing
這番	tsit-huan
這當時	tsit-tong-sî
這種	tsit-tsióng
這種跤數	tsit-tsióng-kha-siàu
這站	tsit-tsām
這站仔	tsit-tsām-á
這站時	tsit-tsām-sî
這箍	tsit-khoo
這缽	tsit-puah
這聲	tsit-siann
這股	tsit-kóo
這般	tsit-puann
這號	tsit-hō
這號物	tsit-hō-mi̍h
這跡	tsit-liah
這路尾	tsit-lōo-bué
這輒	tsit-tiap
這過	tsit-kuè
這陣	tsit-tsūn
這陣仔	tsit-tsūn-á
這霎	tsit-tia̍p
這首歌真好聽	tsit-siú-kua-tsin-hó-thiann
這馬幾點	tsit-má-kuí-tiám
這麼	tse-mā
這點仔	tsit-tiám-á
這齒	tsit-khí
通世界	thong-sè-kài
通事	thong-sū
通人知	thong-lâng-tsai
通令	thong-līng
通例	thong-lē
通便	thong-piān
通俗	thong-sio̍k
通俗化	thong-sio̍k-huà
通俗文學	thong-sio̍k-bûn-ha̍k
通信	thong-sìn
通信錄	thong-sìn-lo̍k
通僥疑	thang-giâu-gî
通光	thang-kng
通共	thong-kiōng
通則	thong-tsik
通力	thong-li̍k
通力合作	thong-li̍k-ha̍p-tsok
通勤	thong-khîn
通化	Thong-huà
通參考	thang-tsham-khó
通口供	thong-kháu-king
通史	thong-sú
通告	thong-kò
通告書	thong-kò-su
通商	thong-siong
通商條約	thong-siong-tiâu-iok
通四界	thong-sì-kè
通報	thong-pò
通夜	thong-iā
通天	thong-thinn
通天下	thong-thian-hā
通天曉	thong-thian-hiáu
通套	thong-thò
通套話	thong-thò-uē
通好	thang-hó
通姦	thong-kan
通婚	thong-hun
通學	thong-ha̍k
通學生	thong-ha̍k-sing
通宵	thong-siau
通家	thong-ke
通尻川	thong-kha-tshng
通尿	thong-jiō
通尿管	thong-jiō-kuán
通巷	thong-hāng
通常	thong-siông
通往	thong-óng
通心麵	thong-sim-mī
通性	thong-sìng
通情	thong-tsîng
通懷仔	thong-kuî-á
通才	thong-tsâi
通批	thong-phe
通揚	thong-iông
通敁	thong-tháu
通敨	thong-tháu
通敵	thong-ti̍k
通明	thong-bîng
通暝	thong-mê
通書	thong-su
通梁	thong-niû
通楹	thong-ênn
通氣	thong-khì
通氣貼布	thang-khì-tah-pòo
通水	thong-tsuí
通水路	thong-tsuí-lōo
通消息	thong-siau-sit
通牒	thong-tia̍p
通用	thong-iōng
通病	thong-pēnn
通盤	thong-puânn
通盤考慮	thong-puânn-khó-lī
通盤計畫	thong-puânn-kè-uē
通知	thong-ti
通知單	thong-ti-tuann
通知書	thong-ti-su
通稱	thong-tshing
通紅	thong-âng
通緝	thong-tship
通腸	thong-tn̂g
通航	thong-hâng
通草	thong-tshó
通菜	thong-tshài
通蓋	thong-kài
通融	thong-iông
通行	thong-hîng
通行權	thong-hîng-kuân
通街	thong-ke
通訊	thong-sìn
通訊兵	thong-sìn-ping
通訊員	thong-sìn-uân
通話	thong-uē
通謀	thong-bôo
通講	thang-kóng
通譯	thong-i̍k
通譯水浸粿	thong-i̍k-tsuí-tsìm-kué
通貨	thong-huè
通貨冗剩	thong-huè-liōng-siōng
通貨膨脹	thong-hònn-phòng-tiòng
通起來	thong-khí-lâi
通路	thong-lōo
通路櫃	thong-lōo-kuī
通身	thong-sin
通身軀	thong-sin-khu
通車	thong-tshia
通透	thong-thàu
通通	thong-thong
通運	thong-ūn
通運公司	thong-ūn-kong-si
通過	thong-kuè
通過議案	thong-kuè-gī-àn
通達	thong-ta̍t
通金紙	thong-kim-tsuá
通關	thong-kuan
通關竅	thong-kuan-khiàu
通電	thong-tiān
通電話	thong-tiān-uē
通靈	thong-lîng
通順	thong-sūn
通風	thang-hong
通風機	thong-hong-ki
通風空	thong-hong-khang
通風管	thong-hong-kóng
通體	thong-thé
通鼓	thong-kóo
逛夜市	se̍h-iā-tshī
逞乘	thíng-sīng
逞仔性	tshíng-á-sìng
逞兇	thíng-hiong
逞強	thíng-kiâng
逞性	thíng-sìng
逞權	thíng-kuân
速度	sok-tōo
速成	sok-sîng
速戰速決	sok-tsiàn-sok-kuat
速率	sok-lu̍t
速緊	sok-kín
速速	sok-sok
速速叫	suh-suh-kiò
速食	sok-si̍t
速食店	sok-si̍t-tiàm
速食麵	sok-si̍t-mī
造假	tsō-ké
造假數	tsō-ké-siàu
造價	tsō-kè
造冊	tsō-tsheh
造出	tsō-tshut
造化	tsō-huà
造反	tsō-huán
造型	tsō-hîng
造孽	tsō-gia̍t
造就	tsō-tsiū
造形	tsō-hîng
造成	tsō-sîng
造數	tsō-siàu
造林	tsō-lîm
造業	tsō-gia̍p
造物	tsō-bu̍t
造福	tsō-hok
造紙	tsō-tsuá
造船	tsō-tsûn
造訪	tsō-hóng
造詣	tsō-gē
造話	tsō-uē
造謠	tsō-iâu
造謠言	tsō-iâu-giân
造路	tsō-lōo
逢甲	Hông-kah
連串	liân-tshuàn
連任	liân-jīm
連休	liân-hiu
連保	liân-pó
連假	liân-ká
連勝	liân-sìng
連占	liân-tsiam
連同	liân-tông
連回	liân-huê
連坐	liân-tsō
連城	liân-siânn
連天	liân-thian
連帶	liân-tài
連帶責任	liân-tài-tsik-jīm
連帶關係	liân-tài-kuan-hē
連年	liân-nî
連戰	Liân-Tsiàn
連捷	liâm-tsia̍p
連捷昇	liân-tsia̍t-sing
連接	liân-tsiap
連接空	liân-tsiap-khang
連接體	liân-tsiap-thé
連敗	liân-pāi
連日	liân-ji̍t
連暝	liân-mê
連枝	liân-ki
連櫃	liân-kuī
連江	Liân-kang
連珠炮	liân-tsu-phàu
連珠砲	liân-tsu-phàu
連理	liân-lí
連環	liân-khuân
連疊	liân-tha̍h
連疊來	liân-tha̍h-lâi
連發	liân-huat
連看覓	liân-khuànn-māi
連累	liân-luī
連紲	liân-suà
連紲比價	liân-suà-pí-kè
連結	liân-kiat
連結線	liân-kiat-suànn
連絡	liân-lo̍k
連綿	liân-mî
連線	liân-suànn
連線作業	liân-suànn-tsok-gia̍p
連線電動	liân-suànn-tiān-tōng
連繫	liân-hē
連續	liân-sio̍k
連續劇	liân-sio̍k-kio̍k
連署	liân-sū
連署人	liân-sū-jîn
連翹	liân-khiâu
連聲	liân-siann
連聲嗽	liân-siann-sàu
連莊	liân-tsng
連號	liân-hō
連衫裙	liân-sann-kûn
連襟	liâm-khim
連財	liân-tsâi
連貫	liân-kuàn
連載	liân-tsài
連連	liân-liân
連邊	liâm-pinn
連鎖反應	liân-só-huán-ìng
連長	liân-tiúnn
連鞭	liâm-mi
連鞭就來	liâm-mi-tō-lâi
連鞭有連鞭無	liâm-mi-ū-liâm-mi-bô
連體嬰仔	liân-thé-enn-á
逮捕	tāi-póo
逮獲	tāi-hi̍k
週全	tsiu-tsuân
週報	tsiu-pò
週年	tsiu-nî
週延	tsiu-iân
週旋	tsiu-suân
週日	tsiu-ji̍t
週會	tsiu-huē
週期	tsiu-kî
週末	tsiu-bua̍t
週歲	tsiu-suè
週至	tsiu-tsì
週詳	tsiu-siông
週轉	tsiu-tsuán
週轉金	tsiu-tsuán-kim
進一步	tsìn-tsi̍t-pōo
進中	tsìn-tiòng
進佔	tsìn-tsiàm
進修	tsìn-siu
進入	tsìn-ji̍p
進出口	tsìn-tshut-kháu
進前	tsìn-tsîng
進化	tsìn-huà
進取	tsìn-tshú
進口	tsìn-kháu
進口商	tsìn-kháu-siong
進士	tsìn-sū
進展	tsìn-tián
進度	tsìn-tōo
進度表	tsìn-tōo-pió
進德	tsìn-tik
進擊之巨人	Tsìn-kik-tsi-Kī-jîn
進擊的巨人	Tsìn-kik-ê-Kī-jîn
進攻	tsìn-kong
進料	tsìn-liāu
進槨	tsìn-kok
進步	tsìn-pōo
進步黨	Tsìn-pōo-tóng
進水	tsìn-tsuí
進港	tsìn-káng
進用	tsìn-iōng
進發	tsìn-huat
進而	tsìn-lî
進行	tsìn-hîng
進貢	tsìn-kòng
進貨	tsìn-huè
進贅	tsìn-tsuè
進軍	tsìn-kun
進退	tsìn-thè
進逼	tsìn-pik
進頭香	tsìn-thâu-hiunn
進食	tsìn-si̍t
進餐	tsìn-tshan
進香	tsìn-hiunn
進香團	tsìn-hiunn-thuân
進駐	tsìn-tsù
逼不得已	pik-put-tit-í
逼人	pik-lâng
逼供	pik-king
逼倚	pik-uá
逼債	pik-tsè
逼出	pik-tshut
逼取	pik-tshú
逼口供	pik-kháu-king
逼命	pik-miā
逼問	pik-mn̄g
逼壓	pik-ap
逼嫁	pik-kè
逼死	pik-sí
逼熱	pik-jua̍h
逼真	pik-tsin
逼破	piak-phuà
逼空	pik-khang
逼著	pik-tio̍h
逼裂	piak-li̍h
逼討	pik-thó
逼走	pik-tsáu
逼趕	pik-kuánn
逼近	pik-kīn
逼開	piak-khui
逼鼓	piak-kóo
逾越節	Jû-ua̍t-tseh
遁形	tūn-hîng
遁走	tūn-tsáu
遂昌	Sūi-tshiong
遇上	gū-siāng
遇害	gū-hāi
遇著	gū-tio̍h
遇險	gū-hiám
遇難	gū-lān
遊北	iû-pak
遊園	iû-hn̂g
遊學	iû-ha̍k
遊學仙	iû-o̍h-sian
遊客	iû-kheh
遊山	iû-suann
遊山景	iû-san-kíng
遊山玩水	iû-san-uán-suí
遊山花	iû-suann-hue
遊戲	iû-hì
遊戲王	Iû-hì-ông
遊樂園	iû-lo̍k-hn̂g
遊樂場	iû-lo̍k-tiûnn
遊民	iû-bîn
遊玩	iû-guán
遊眠	iû-bîn
遊神	iû-sîn
遊耍	iû-sńg
遊船	iû-tsûn
遊艇	iû-thíng
遊藝	iû-gē
遊藝會	iû-gē-huē
遊蝶花	iû-tia̍p-hue
遊行	iû-hîng
遊街	iû-ke
遊覽	iû-lám
遊覽客	iû-lám-kheh
遊覽船	iû-lám-tsûn
遊覽車	iû-lám-tshia
遊說	iû-suat
遊賞	iû-siúnn
遊走	iû-tsáu
遊隼	iû-tsún
運作	ūn-tsok
運出	ūn-tshut
運到	ūn-kàu
運動	ūn-tōng
運動員	ūn-tōng-uân
運動器材	ūn-tōng-khì-tsâi
運動埕	ūn-tōng-tiânn
運動場	ūn-tōng-tiûnn
運動家	ūn-tōng-ka
運動會	ūn-tōng-huē
運動服	ūn-tōng-ho̍k
運動精神	ūn-tōng-tsing-sîn
運動走台	ūn-tōng-tsáu-tâi
運動走臺	ūn-tōng-tsáu-tâi
運動選手	ūn-tōng-suán-tshiú
運動館	ūn-tōng-kuán
運命	ūn-miā
運將	ùn-tsiàng
運底	ūn-té
運搬	ūn-puann
運氣	ūn-khì
運河	ūn-hô
運球	ūn-kiû
運用	ūn-iōng
運用上	ūn-iōng-siāng
運算	ūn-sǹg
運聲	īn-siann
運行	ūn-hîng
運貨	ūn-huè
運費	ūn-huì
運載	ūn-tsài
運輸	ūn-su
運輸業	ūn-su-gia̍p
運輸機	ūn-su-ki
運輸艦	ūn-su-lām
運輸設備	ūn-su-siat-pī
運輸費	ūn-su-huì
運轉	ūn-tsuán
運轉手	ūn-tsuán-tshiú
運送	ūn-sàng
運途	ūn-tôo
運金	ūn-kim
運銷	ūn-siau
運錢	ūn-tsînn
遍佈	phiàn-pòo
遍及	piàn-ki̍p
遍地根	phiàn-tē-kin
遍地錦	phiàn-tē-gím
遍身	piàn-sin
遍身苦	piàn-sin-khóo
遍體	piàn-thé
遍體鱗傷	phiàn-thé-lîn-siong
過世	kuè-sì
過了時	kuè-liáu-sî
過了過	kuè-liáu-kuè
過人	kuè-lâng
過人目	kuè-lâng-ba̍k
過人面	kuè-lâng-bīn
過份	kuè-hūn
過位	kuè-uī
過來	kuè-lâi
過偆	kuè-tshun
過光	kuè-kng
過冬	kuè-tang
過冬鳥	kuè-tang-tsiáu
過刀	kuè-to
過分	kuè-hun
過初	kuè-tshue
過判	kuè-phuànn
過剩	kuè-sīng
過劫	kuè-kiap
過勞	kuè-lô
過勞死	kuè-lô-sí
過厄	kuè-eh
過厝	kuè-tshù
過厝過宅	kuè-tshù-kuè-the̍h
過去	kè-khì
過去式	kuè-khì-sik
過反	kuè-píng
過名	kuè-miâ
過問	kuè-būn
過嗣	kuè-sû
過嘴	kuè-tshuì
過嘹	kuè-liâu
過境	kuè-kíng
過境電商	kuè-kíng-tiān-siong
過外線	kuè-guā-suànn
過多	kuè-to
過夜	kuè-iā
過失	kuè-sit
過失致死	kuè-sit-tì-sí
過定	kuè-tiānn
過客	kuè-kheh
過宮星	kuè-king-tshenn
過家	kuè-ke
過寫	kuè-siá
過少	kuè-tsió
過山刀	kuè-suann-to
過山香	kuè-suann-hiunn
過山龍	kuè-suann-lîng
過巡	kuè-sûn
過工孔	kuè-kong-khang
過平	kuè-pênn
過年	kuè-nî
過年下昏	kuè-nî-ê-hng
過年初一	kuè-nî-tshe-it
過年初三	kuè-nî-tshe-sam
過年初二	kuè-nî-tshe-jī
過年初五	kuè-nî-tshe-ngóo
過年初四	kuè-nî-tshe-sù
過年暗	kuè-nî-àm
過年暝	kuè-nî-mê
過年菜	kuè-nî-tshài
過年飯	kuè-nî-pn̄g
過度	kuè-tōo
過往	kuè-óng
過後	kuè-āu
過後個月	kuè-āu-kò-gue̍h
過心	kuè-sim
過急	kuè-kip
過意	kuè-ì
過慣勢	kuè-kuàn-sì
過慮	kuè-lī
過戶	kuè-hōo
過房	kuè-pâng
過房囝	kuè-pâng-kiánn
過手	kuè-tshiú
過抄	kuè-tshau
過抓	kuè-tsua
過挑	kuè-thiáu
過掛	kuè-kuà
過敏	kuè-bín
過敏性鼻炎	kuè-bín-sìng-phīnn-iām
過數	kuè-siàu
過日	kuè-ji̍t
過日子	kuè-ji̍t-tsí
過早	kuè-tsá
過時	kuè-sî
過時曆日	kuè-sî-la̍h-ji̍t
過時賣曆日	kuè-sî-bē-la̍h-ji̍t
過晝	kuè-tàu
過暗	kuè-àm
過暝	kè-mê
過曲	kuè-khiàu
過月	kuè-gue̍h
過期	kuè-kî
過板	kuè-pán
過枝	kuè-ki
過楣	kuè-bâi
過槓	kuè-kòng
過橋	kuè-kiô
過櫳跤	kuè-lang-kha
過歲	kuè-huè
過氣	kuè-khuì
過水	kuè-tsuí
過水仔	kuè-tsuí-á
過水貨	kuè-tsuí-huè
過江龍	kuè-kang-liông
過流	kuè-lâu
過海	kuè-hái
過淘	kuè-tiû
過淡薄久	kuè-tām-po̍h-kú
過渡	kuè-tôo
過渡期	kuè-tōo-kî
過溝菜	kuè-kau-tshài
過溝龍	kuè-kau-liông
過滯	kuè-tè
過澄	kuè-tîng
過激	kò-kik
過濾	kuè-lī
過火	kuè-hué
過炒	kuè-tshá
過烊	kuè-iûnn
過烘	kuè-hang
過熟	kuè-si̍k
過獎	kuè-tsióng
過生日	kuè-sing-ji̍t
過番	kuè-huan
過當	kuè-tòng
過症	kuè-tsìng
過癮	kuè-giàn
過皮	kuè-phuê
過盤	kuè-puânn
過盤伊	kuè-puânn-i
過目	kuè-ba̍k
過眠	kuè-bîn
過眼	kuè-gán
過磅	kuè-pōng
過磨	kuè-buâ
過祧	kuè-thiāu
過程	kuè-tîng
過空	kuè-khang
過節	kuè-tsat
過篩	kuè-thai
過綢	kuè-tiû
過繩	kuè-tsîn
過繼囝	kuè-kuè-kiánn
過耳空	kuè-hīnn-khang
過聊	kuè-liâu
過腳	kuè-kha
過芒過角	kuè-mî-kuè-kak
過覆	kuè-hok
過角	kuè-kak
過訂	kuè-tiānn
過謙	kò-khiam
過貓	kuè-niau
過貢	kuè-kòng
過起	kuè-khí
過路人	kuè-lōo-lâng
過路客	kuè-lōo-kheh
過路蜈蚣草	kuè-lōo-giâ-kang-tsháu
過身	kuè-sin
過身後	kuè-sin-āu
過軟	kuè-nńg
過載	kuè-tsài
過通關	kuè-thong-kuan
過運	kuè-ūn
過重	kuè-tāng
過量	kuè-liāng
過錯	kuè-tshò
過鍛	kuè-thn̄g
過門	kuè-mn̂g
過關	kuè-kuan
過限	kuè-hān
過雲雨	kuè-hûn-hōo
過電	kuè-tiān
過面	kuè-bīn
過音	kuè-im
過頭	kuè-thâu
過額	kuè-gia̍h
過風	kuè-hong
過飢	kuè-ki
過養	kuè-iúnn
過餾	kuè-liū
過鹹水	kuè-kiâm-tsuí
過點	kuè-tiám
遏仔	at-á
遏泔	at-ám
遏米糕	at-bí-ko
遐是	hia-sī
遐的	hia-ê
道光英	tō-kong-ing
道士	tō-sū
道教	Tō-káu
道林紙	tō-lîm-tsuá
道歉	tō-khiam
道理	tō-lí
道瓊工業指數	Tō-khîng-kang-gia̍p-tsí-sòo
道筋	tō-kin
道聽塗說	tō-thiann-thôo-sueh
道長	tō-tiúnn
道館	tō-kuán
達到	ta̍t-kàu
達到目的	ta̍t-kàu-bo̍k-tik
達婆	ta̍t-pô
達意	ta̍t-ì
達成	ta̍t-sîng
達成目標	ta̍t-sîng-bo̍k-piau
達拉斯	Ta̍t-lá-su
達摩	Ta̍t-môo
達理	ta̍t-lí
達著	ta̍t-tiò
達觀	ta̍t-kuan
達賴	Ta̍t-lāi
達賴喇嘛	Ta̍t-lāi-la-môo
違反	uî-huán
違建	uî-kiàn
違建戶	uî-kiàn-hōo
違憲	uî-hiàn
違扴	uî-ke̍h
違抗	uî-khòng
違法	uî-huat
違犯	uî-huān
違禁	uî-kìm
違禁品	uî-kìm-phín
違章	uî-tsiong
違約	uî-iok
違約金	uî-iok-kim
違背	uî-puē
違規	uî-kui
違規人	uî-kui-lâng
違警	uî-kíng
違警罰法	uî-kíng-hua̍t-huat
遙不可及	iâu-put-khó-kip
遙控	iâu-khòng
遙控器	iâu-khòng-khì
遙控機	iâu-khòng-ki
遙算	iâu-suàn
遙遙無期	iâu-iâu-bû-kî
遙遙領先	iâu-iâu-niá-sian
遙遠	iâu-uán
遛光光	liù-kng-kng
遛喙罩	liù-tshuì-tà
遛帽	liù-bō
遛手	liù-tshiú
遜昨日	sùn-tso̍h-ji̍t
遞交	tē-kau
遞增	tè-tsīng
遞減	tē-kiám
遞補	tē-póo
遞解	tē-kái
遞送	tē-sàng
遠來	uán-lâi
遠兜	hn̄g-tau
遠因	uán-in
遠地	uán-tē
遠大	uán-tāi
遠客	uán-kheh
遠征	uán-tsing
遠志	uán-tsì
遠播	uán-pòo
遠方	uán-hong
遠景	uán-kíng
遠望	uán-bōng
遠望台	uán-bōng-tâi
遠東	uán-tong
遠東區	Uán-tong-khu
遠東百貨	Uán-tong-Pah-huè
遠洋	uán-iûnn
遠溜溜	hn̄g-liu-liu
遠爿	hn̄g-pîng
遠爿的	hn̄g-pîng-ê
遠看	hn̄g-khuànn
遠眺	uán-thiàu
遠端	hn̄g-tuan
遠端教學	hn̄g-tuan-kàu-ha̍k
遠端的	hn̄g-tuan-ê
遠處	uán-tshù
遠行	uán-hîng
遠見	uán-kiàn
遠視	uán-sī
遠親	uán-tshin
遠走	uán-tsáu
遠足	uán-tsiok
遠路	hn̄g-lōo
遠近	hn̄g-kīn
遠道	uán-tō
遠遠	hn̄g-hn̄g
遠離	uán-lī
遣散	khián-sàn
遣散費	khián-sàn-huì
遣返	khián-huán
遣送	khián-sàng
遨佚	gô-thit
遨街	gô-ke
適任	sik-jīm
適切	sik-tshiat
適可而止	sik-khó-lî-tsí
適合	sik-ha̍p
適應	sik-ìng
適用性	sik-iōng-sìng
適當	sik-tong
適量	sik-liāng
遭劫	tso-kiap
遭受著	tso-siū-tio̍h
遭瘟	tso-un
遭致	tso-tì
遭遇	tso-gū
遭遇著	tso-gū-tio̍h
遭難	tso-lān
遮個	tsia-ê
遮光	jia-kng
遮勘	jia-khàm
遮挪法	Tsia-ná-huat
遮掩	jia-iám
遮日	jia-ji̍t
遮是佗位	tsia-sī-tó-uī
遮暗	jia-àm
遮濟	tsiah-tsē
遮爾	tsiah-nī
遮的	tsia-ê
遮瞞	jia-muâ
遮蔭	jia-im
遮見笑	jia-kiàn-siàu
遮遮	tsia-lia
遮遮掩掩	jia-jia-iám-iám
遮閘	jia-tsa̍h
遮雨	jia-hōo
遮面	jia-bīn
遮風	jia-hong
遮風閘雨	jia-hong-tsa̍h-í
遮食	tsia-tsia̍h
遮驚疼	tsiah-kiann-thiànn
遮𠢕	tsiah-gâu
遲到	tî-tò
遲刻	tî-khik
遲延	tî-iân
遲疑不決	tî-gî-put-kuat
遲誤	tî-gōo
遲遲不進	tî-tî-put-tsìn
遲鈍	tî-tūn
遴選	lîn-suán
遵命	tsun-bīng
遵奉	tsun-hōng
遵守	tsun-siú
遵守規矩	tsun-siú-kui-kí
遵從	tsun-tsiông
遵循	tsun-sûn
遵照	tsun-tsiàu
遵行	tsun-hîng
遵趁	tsun-thàn
遶遶的	lau-lau-ê
遷入	tshian-ji̍p
遷出	tshian-tshut
遷就	tshian-tsiū
遷居	tshian-ki
遷工	tshiân-kang
遷往	tshian-óng
遷手	tshiân-tshiú
遷舖	tshian-phoo
遷調	tshian-tiàu
選修	suán-siu
選出	suán-tshut
選務	suán-bū
選區	suán-khu
選取	suán-tshú
選台器	suán-tâu-khì
選定	suán-tīng
選手	suán-tshiú
選拔	suán-pua̍t
選擇	suán-ti̍k
選擇性放袂記	suán-ti̍k-sìng-pàng-bē-kì
選擇權	suán-ti̍k-khuân
選擇題	suán-ti̍k-tê
選民	suán-bîn
選派	suán-phài
選用	suán-iōng
選票	suán-phiò
選罷法	suán-pā-huat
選美	suán-bí
選股	suán-kóo
選舉	suán-kí
選舉人	suán-kí-lâng
選舉區	suán-kí-khu
選舉權	suán-kí-kuân
選著	suán-tio̍h
選角	suán-kak
選課	suán-khò
選讀	suán-tho̍k
選購	suán-kòo
選贏	suán-iânn
選集	suán-tsi̍p
遺作	uî-tsok
遺傳	uî-thuân
遺傳子	uî-thuân-tsú
遺傳學	uî-thuân-ha̍k
遺像	uî-siōng
遺囑	uî-tsiok
遺囑字	uî-tsiok-jī
遺址	uî-tsí
遺失	uî-sit
遺孀	uî-song
遺容	uî-iông
遺愛	uî-ài
遺憾	uî-hām
遺教	uî-kàu
遺族	uî-tso̍k
遺書	uî-su
遺毒	uî-to̍k
遺物	uî-bu̍t
遺產	uî-sán
遺產稅	uî-sán-suè
遺留	uî-liû
遺言	uî-gân
遺跡	uî-jiah
遺蹟	uî-tsik
遺骸	uî-hâi
遺體	uî-thé
遼寧	Liâu-lîng
遼寧省	Liâu-lîng-síng
遼眺	liâu-thiàu
避債	phiah-tsè
避免	pī-bián
避厄	phiah-eh
避反	pī-huán
避嫌	phiah-hiâm
避孕	pī-īn
避孕藥	pī-īn-io̍h
避禍	phiah-ē
避走	phiah-tsáu
避避	phiah-pī
避邪	pī-siâ
避重就輕	pī-tāng-tsiū-khin
避開	phiah-khui
避難	pī-lān
避雨	phiah-hōo
避雷針	pī-luî-tsiam
避面	pī-biān
避風	pī-hong
避風港	pī-hong-káng
避風頭	pī-hong-thâu
邀大	io-tuā
邀奶母	io-ni-bó
邀奶的	io-ni-ê
邀宴	iau-iàn
邀約	iau-iok
邀請	iau-tshíng
邀請函	iau-tshiánn-hâm
邀請賽	iau-tshiánn-sài
邀集	iau-tsi̍p
邁出	māi-tshut
邁向	māi-hiòng
邁進	māi-tsìn
邁開	māi-khui
邁阿密	Māi-a-bi̍t
還人	hîng-lâng
還俗	huân-sio̍k
還債	hîng-tsè
還原	huân-guân
還在	huân-tsāi
還擊	huân-kik
還數	hîng-siàu
還本	hîng-pún
還款	hîng-khuán
還清	hîng-tshing
還鄉	huân-hiong
還錢	hîng-tsînn
還願	hîng-guān
還魂草	huân-hûn-tsháu
邊仔	pinn-á
邊仔人	pinn-á-lâng
邊仔墘人	pinn-á-kînn-lâng
邊仔的人	pinn-á-ê-lâng
邊仔角	pinn-á-kak
邊仔門	pinn-á-mn̂g
邊仔面	pinn-á-bīn
邊境	pian-kíng
邊境牧羊犬	pian-kíng-bo̍k-iûnn-khián
邊墘	pinn-kînn
邊房	pinn-pâng
邊根	pinn-kin
邊殿	pinn-tiān
邊界	pian-kài
邊疆	pian-kiong
邊白	pinn-pe̍h
邊角	pinn-kak
邊邊仔	pinn-pinn-á
邊門	pinn-mn̂g
邊防	pian-hông
邊際	pinn-tsè
邊面	pinn-bīn
邊面看	pinn-bīn-khuànn
邊頭	pinn-thâu
邊頭人	pinn-thâu-lâng
邋簀	lap-tseh
邏則	lô-tsik
邏輯	lô-tsip
那仔菝	ná-á-pua̍t
那使	ná-sái
那使著	ná-sái-tio̍h
那來那	ná-lâi-ná
那像	ná-tshiūnn
那會	ná-ē
那會使	ná-ē-sái
那有	ná-ū
那瑪夏	Na-má-siah
那知	ná-tsai
那菝仔	ná-pua̍t-á
那著	ná-tio̍h
那親像	ná-tshin-tshiūnn
那講那罵	ná-kóng-ná-mē
那通	ná-thang
那通按呢	ná-thang-án-ne
那霸	ná-pà
那驚	ná-kiann
邦交	pang-kau
邦聯	pang-liân
邦長	pang-tiúnn
邪口	siâ-kháu
邪巧	siâ-kháu
邪心	siâ-sim
邪念	siâ-liām
邪惡	siâ-ok
邪教	siâ-kàu
邪氣	siâ-khì
邪法	siâ-huat
邪神	siâ-sîn
邪祟	siâ-suī
邪著	siâ-tio̍h
邪術	siâ-su̍t
邪鬼	siâ-kuí
邪齣	siâ-tshut
邱吉爾	Khu-kiat-ní
邱罔舍	khu-bòng-sià
邱顯智	Khu-Hián-tì
邵武	Siō-bú
邶風	Puē-hong
邸下	Tí-hā
郁永河	Hiok-íng-hô
郊區	kau-khu
郊外	kau-guā
郊遊	kau-iû
郎中	lông-tiong
郎君	lông-kun
郝龍斌	Hok-Liông-pin
部下	pōo-hā
部份	pōo-hūn
部位	pōo-uī
部分	pōo-hūn
部品	pōo-phín
部將	pōo-tsiòng
部屬	pōo-sio̍k
部會	pōo-huē
部會首長	pōo-huē-siú-tiúnn
部署	pōo-sú
部落	pōo-lo̍k
部長	pōo-tiúnn
部門	pōo-bûn
部隊	pōo-tuī
部首	pōo-siú
郭公鳥	kueh-kong-tsiáu
郭柏川紀念館	Kueh-Pik-tshuan-Kì-liām-kuán
郭雨新	Kueh-Ú-sin
郵件	iû-kiānn
郵包	iû-pau
郵匯	iû-huē
郵匯局	iû-huē-kio̍k
郵報	iû-pò
郵寄	iû-kià
郵寄選票	iû-kià-suán-phiò
郵局	iû-kio̍k
郵差	iû-tshai
郵戳	iû-tshok
郵政	iû-tsìng
郵政儲金	iû-tsìng-thû-kim
郵政劃撥	iû-tsìng-uē-puah
郵政總局	Iû-tsìng-tsóng-kio̍k
郵桶	iû-tháng
郵票	iû-phiò
郵簡	iû-kán
郵船	iû-tsûn
郵費	iû-huì
郵資	iû-tsu
郵購	iû-kòo
郵輪	iû-lûn
郵送投票	iû-sàng-tâu-phiò
郵遞區號	iû-tē-khu-hō
郵電	iû-tiān
都也	to-iā
都合	too-ha̍p
都市	too-tshī
都市倯	too-tshī-sông
都市傳說	to-tshī-thuân-suat
都市化	too-tshī-huà
都市病	too-tshī-pēnn
都市綠化	too-tshī-lio̍k-huà
都市計畫	too-tshī-kè-uē
都更	too-king
都會	too-huē
都會區	too-huē-khu
都督魚	too-tok-hî
都著	to-tio̍h
都蘭	Too-lân
都鑾	Too-luân
鄉下	hiunn-ē
鄉人	hiong-jîn
鄉友	hiong-iú
鄉土	hiong-thóo
鄉愁	hiong-tshiû
鄉愿	hiong-guān
鄉會	hiong-huē
鄉村	hiong-tshuan
鄉民	hiong-bîn
鄉社	hiunn-siā
鄉親	hiong-tshin
鄉親父老	hiong-tshin-hū-ló
鄉賢祠	hiong-hiân-sû
鄉里	hiunn-lí
鄉里人	hiunn-lí-lâng
鄉里老大	hiunn-lí-lāu-tuā
鄉野	hiong-iá
鄉鎮	hiong-tìn
鄉鎮長	hiong-tìn-tiúnn
鄉長	hiong-tiunn
鄉黨	hiong-tóng
鄘風	Iông-hong
鄙剔	phí-thak
鄙厘	phí-lî
鄙厘怯屎	pí-lî-khiap-sái
鄙厘袪屎	phí-lî-khiap-sái
鄙吝	phí-līn
鄙猥	pí-uí
鄙相	phí-siùnn
鄙臉	phí-lián
鄙賤	phí-tsiān
鄞州	Gûn-tsiu
鄧不利多	tīng-put-lī-to
鄧麗君	Tīng-Lê-kun
鄭克塽	Tēnn-Khik-sóng
鄭克𡒉	Tēnn-Khik-tsong
鄭南榕	Tēⁿ-Lâm-iông
鄭帶	tēnn-tuà
鄭成功	Tēnn-sîng-kong
鄭文燦	Tēnn-Bûn-tshàn
鄭森	Tēnn-Sim
鄭用錫	Tīnn-Iōng-sik
鄭經	Tēnn-King
鄭風	Tīng-hong
鄰國	lîn-kok
鄰接區	lîn-tsiap-khu
鄰近	lîn-kīn
鄰里	lîn-lí
鄰長	lîn-tiúnn
酉時	iú-sî
酌情	tsiok-tsîng
配上	phuè-siāng
配件	phuè-kiānn
配佮	phuè-kah
配偶	phuè-ngóo
配備	phuè-pī
配合	phuè-ha̍p
配和	phuè-hô
配售	phuè-siû
配套	phuè-thò
配戴	phuè-tài
配插	phuè-tshah
配搭	phuè-tah
配料	phuè-liāu
配景	phuè-kíng
配會落飯	phuè-ē-lo̍h-pn̄g
配比	phuè-pí
配發	phuè-huat
配給	phuè-kip
配線	phuè-suànn
配置	phuè-tì
配腳	phuè-kioh
配色	phuè-sik
配茶	phuè-tê
配菜	phuè-tshài
配藥	phuè-io̍h
配製	phuè-tsè
配親	phuè-tshin
配角	phuè-kak
配達	phuè-ta̍t
配酒	phuè-tsiú
配電	phuè-tiān
配頭	phuè-thâu
配額	phuè-gia̍h
配飯	phuè-pn̄g
配鬥	phuè-tàu
酒仙	tsiú-sian
酒吧	tsiú-pa
酒味	tsiú-bī
酒女	tsiú-lú
酒宴	tsiú-iàn
酒家	tsiú-ka
酒家女	tsiú-ka-lí
酒席	tsiú-sia̍h
酒店	tsiú-tiàm
酒後開車	tsiú-āu-khui-tshia
酒後駛車	tsiú-āu-sái-tshia
酒德	tsiú-tik
酒悾	tsiú-khong
酒抽仔	tsiú-thiu-á
酒拵	tsiú-tsūn
酒會	tsiú-huē
酒杯	tsiú-pue
酒柝	tsiú-khok
酒桌	tsiú-toh
酒樓	tsiú-lâu
酒櫃桌	tsiú-kuī-toh
酒母	tsiú-bó
酒氣	tsiú-khì
酒漏	tsiú-lāu
酒狂	tsiú-kông
酒瓶	tsiú-pân
酒甕	tsiú-àng
酒甜	tsiú-tinn
酒痟	tsiú-siáu
酒癖	tsiú-phiah
酒癲	tsiú-tian
酒盞	tsiú-tsuánn
酒矸	tsiú-kan
酒窟	tsiú-khut
酒窟仔	tsiú-khut-á
酒筵	tsiú-iân
酒粕	tsiú-phoh
酒精	tsiú-tsing
酒精中毒	tsiú-tsing-tiòng-to̍k
酒精燈	tsiú-tsing-ting
酒糟	tsiú-tsau
酒罐	tsiú-kuàn
酒羶	tsiú-hiàn
酒脾	tsiú-pî
酒興	tsiú-hìng
酒苞	tsiú-pôo
酒菜	tsiú-tshài
酒虎	tsiú-hóo
酒資	tsiú-tsu
酒配	tsiú-phuè
酒酺	tsiú-pôo
酒醉	tsiú-tsuì
酒量	tsiú-liāng
酒開仔	tsiú-khui-á
酒類	tsiú-luī
酒飯	tsiú-pn̄g
酒館	tsiú-kuán
酒駕	tsiú-kà
酒駛	tsiú-sái
酒鬼	tsiú-kuí
酒鱉	tsiú-pih
酢母草	tso̍h-bó-tsháu
酤里	koo-lí
酥巧	soo-khiáu
酥戛戛	soo-khiak-khiak
酥糜	soo-buê
酥聲	sau-siann
酥腰	soo-io
酥風	sau-hong
酥餅	soo-piánn
酬勞	siû-lô
酬庸	siû-iông
酬神	siû-sîn
酬謝	siû-siā
酬金	siû-kim
酵母	kànn-bó
酵母菌	kànn-bó-khún
酷人	khok-lâng
酷刑	khok-hîng
酷愛	khok-ài
酷橫	khok-hîng
酷熱	khok-jia̍t
酷燭獵	khok-tsik-la̍h
酸匊匊	sng-kiuh-kiuh
酸化亞鉛	sng-huà-a-iân
酸化物	sng-huà-bu̍t
酸化防止劑	sng-huà-hông-tsí-tsè
酸味	sng-bī
酸味草	sng-bī-tsháu
酸奶膏	sng-ling-ko
酸微	sng-bui
酸性	sng-sìng
酸模	sng-bôo
酸民	suan-bîn
酸氣	sng-khuì
酸溜蛄	suan-liu-kóo
酸漿草	sng-tsiunn-tsháu
酸牛奶	sng-gû-ling
酸牛奶膏	sng-gû-ling-ko
酸甘甜	sng-kam-tinn
酸甜苦辣	sng-tinn-khóo-lua̍h
酸痛	sng-thiànn
酸筍	sng-sún
酸米草	sng-bí-tsháu
酸粅粅	sng-but-but
酸糾糾	sng-kiù-kiù
酸素	sng-sòo
酸素瓶	sng-sòo-pân
酸素矸	sng-sòo-kan
酸素罩	suan-sòo-tà
酸荔果	sng-lāi-kó
酸計果	sng-kè-kó
酸軟	sng-nńg
酸辣湯	sng-loa̍h-thng
酸醋	sng-tshòo
酸雨	sng-hōo
酸鹼	sng-kinn
酸鹼度	sng-kinn-tōo
醃瓜	am-kue
醃瓜蟲	am-kue-thâng
醃缸	am-kng
醃腿	ian-thuí
醇醇	sûn-sûn
醉倒	tsuì-tó
醉心	tsuì-sim
醉意	tsuì-ì
醉懨懨	tsuì-giān-giān
醉漢	tsuì-hàn
醉精神	tsuì-tsing-sîn
醉翁椅	tsuì-ong-í
醉茫茫	tsuì-bâng-bâng
醉過暝	tsuì-kuè-mê
醉駛	tsuì-sái
醋桶	tshòo-tháng
醋甕	tshòo-àng
醋神	tshòo-sîn
醋酸	tshòo-sng
醋飯箍	tshòo-pn̄g-khoo
醒來	tshénn-lâi
醒嘴	tshénn-tshuì
醒獅	tshénn-sai
醒目	tshénn-ba̍k
醒色	tshénn-sik
醒貨	tshénn-huè
醒過來	tshénn-kuè-lâi
醜八怪	tshiú-pat-kuài
醜化	tshiú-huà
醜惡	tshiú-ok
醜聞	tshiú-bûn
醜腳	thiú-kioh
醜陋	tshiú-lōo
醞水	ùn-tsuí
醞釀	ùn-jiòng
醞食	ùn-tsia̍h
醪極極	luâ-ki̍k-ki̍k
醪汁汁	lô-tsiap-tsiap
醪膏	lô-ko
醪黐黐	lô-thi-thi
醫事	i-sū
醫冊	i-tsheh
醫務室	i-bū-sik
醫原全	i-guân-tsuân
醫學	i-ha̍k
醫學會	i-ha̍k-huē
醫學界	i-ha̍k-kài
醫學系	i-ha̍k-hē
醫學院	i-ha̍k-īnn
醫官	i-kuann
醫師	i-su
醫師法	i-su-huat
醫生	i-sing
醫生館	i-sing-kuán
醫界	i-kài
醫療	i-liâu
醫療費	i-liâu-huì
醫科	i-kho
醫草	i-tsháu
醫藥	i-io̍h
醫藥費	i-io̍h-huì
醫術	i-su̍t
醫護	i-hōo
醫院	i-īnn
醫館	i-kuán
醬料	tsiùnn-liāu
醬料店	tsiùnn-liāu-tiàm
醬油	tsiùnn-iû
醬清	tsiùnn-tshing
醬漉漉	tsiùnn-lok-lok
醬瓜	tsiùnn-kue
醬色	tsiùnn-sik
醬草	tsiùnn-tsháu
醬菜	tsiùnn-tshài
醬鹹	tsiùnn-kiâm
醱酵	huat-kànn
釀成	liōng-sîng
采工	tshái-kang
釋出	sik-tshut
釋字	sik-jī
釋放	sik-hòng
釋放出來	sik-hòng-tshut-lâi
釋放能量	sik-hòng-lîng-liōng
釋文	sik-bûn
釋疑	sik-gî
釋迦	sik-khia
釋迦果	sik-khia-kó
釋迦梨	sik-kia-lâi
釋迦牟尼	Sik-khia-bôo-nî
釋迦頭	sik-kia-thâu
里布	lí-pòo
里幹事	lí-kàn-sū
里拉	lí-la
里民	lí-bîn
里民大會	lí-bîn-tāi-huē
里港	Lí-káng
里約	Lí-iok
里約熱內盧	Lí-iok-jia̍t-lāi-lôo
里里擴擴	li-li-khok-khok
里長	lí-tiúnn
重九	tiōng-kiú
重了重	tîng-liáu-tîng
重任	tāng-jīm
重來	tîng-lâi
重信義	tiōng-sìn-gī
重修	tiông-siu
重修舊好	tiông-siu-kū-hó
重倍	tîng-pē
重值	tiōng-ta̍t
重傷	tāng-siong
重價	tîng-kè
重兵	tiōng-ping
重典	tiōng-tián
重再	tîng-tsài
重再譯	tîng-tsài-i̍k
重出世	tîng-tshut-sì
重刑	tāng-hîng
重判	tîng-phuànn
重利	tāng-lāi
重劃	tiông-hi̍k
重力	tiōng-li̍k
重午	tiông-ngóo
重句	tîng-kù
重咖啡	tāng-ka-pi
重地	tiōng-tē
重型	tiōng-hîng
重型機車	tāng-hîng-ki-tshia
重墜墜	hī-thuī-thuī
重壓	tiōng-ap
重大	tiōng-tāi
重大意義	tiōng-tāi-ì-gī
重奏	tîng-tsàu
重婚	tiōng-hun
重婚罪	tiōng-hun-tsuē
重孝	tāng-hà
重尻川	tāng-kha-tshng
重巡	tîng-sûn
重工業	tāng-kang-gia̍p
重工課	tāng-khang-khuè
重建	tiông-kiàn
重心	tiōng-sim
重感	tîng-kám
重感冒	tāng-kám-mōo
重慶	Tiōng-khìng
重手	tāng-tshiú
重手門	tāng-tshiú-mn̂g
重手頭	tāng-tshiú-thâu
重挫	tiōng-tshò
重振	tiông-tsìn
重提	tiông-thê
重搬	tîng-puann
重播	tiông-pòo
重擊	tiōng-kik
重擔	tāng-tànn
重攲爿	tāng-khi-pîng
重敧爿	tāng-khi-pîng
重整	tiōng-tsíng
重新	tîng-sin
重新組織	tiông-sin-tsoo-tsit
重新裝備	tiông-sin-tsong-pī
重望	tiōng-bōng
重本	tāng-pún
重案	tiōng-àn
重武	tiōng-bú
重氣	tāng-khuì
重油	tiōng-iû
重溫舊夢	tiông-un-kū-bāng
重熱	tāng-jia̍t
重物	tiōng-bu̍t
重犯	tiōng-huān
重生	tîng-senn
重用	tiōng-iōng
重申	tiông-sin
重男輕女	tiōng-lâm-khing-lí
重病	tāng-pēnn
重盈盈	tāng-innh-innh
重眠	tāng-bîn
重秤	tāng-tshìn
重稅	tāng-suè
重空課	tāng-khang-khuè
重篤	tāng-tauh
重紃	tîng-sûn
重紅	tāng-âng
重組	tiōng-tsoo
重罪	tāng-tsuē
重罰	tāng-hua̍t
重義氣	tiōng-gī-khì
重翻	tîng-huan
重耳	tāng-hī
重耽	tîng-tânn
重聲	tāng-siann
重腳手	tāng-kha-tshiú
重舌	tîng-tsi̍h
重舌怪	Tîng-tsi̍h-kuài
重藍	tāng-lâm
重藥	tāng-io̍h
重複	tiōng-ho̍k
重要	tiōng-iàu
重要事項	tiōng-iàu-sū-hāng
重要人物	tiōng-iàu-jîn-bu̍t
重要問題	tiōng-iàu-būn-tê
重要時機	tiōng-iàu-sî-ki
重要書類	tiōng-iàu-su-luī
重要關鍵	tiōng-iàu-kuan-kiàn
重視	tiōng-sī
重訓	tāng-hùn
重誕	tîng-tânn
重責	tiōng-tsik
重賞	tiōng-siúnn
重起	tîng-khí
重蹈覆轍	tiông-tō-hù-tia̍t
重身	tāng-sin
重輕頭	tāng-khin-thâu
重農	tiōng-lông
重農主義	tiōng-lông-tsú-gī
重返	tiōng-huán
重酬	tiōng-siû
重量	tāng-liāng
重量級	tiōng-liāng-kip
重金禮聘	tiōng-kim-lé-phìng
重錢	tiōng-tsînn
重鎮	tiōng-tìn
重開始	tîng-khai-sí
重閣	tîng-koh
重陽	tiông-iông
重陽節	tiông-iâng-tseh
重霧	tāng-bū
重青	tāng-tshenn
重音	tāng-im
重頦頦	tāng-huainnh-huainnh
重頭	tîng-thâu
重頭來	tîng-thâu-lâi
重頭戲	tāng-thâu-hì
重頭生	tîng-thâu-senn
重頭輕	tāng-thâu-khin
重食	tiōng-tsia̍h
重骨	tāng-kut
重黃	tāng-n̂g
重點	tiōng-tiám
野仙	iá-sian
野僧	iá-tsing
野兔	iá-thòo
野冬瓜	iá-tang-kue
野台	iá-tâi
野味	iá-bī
野和尚	iá-huê-siūnn
野外	iá-guā
野奸僧	iá-kan-tsing
野媌	iá-bâ
野宴	iá-iàn
野山蔘	iá-suann-som
野心	iá-sim
野性	iá-sìng
野慈姑	iá-tsû-koo
野戰	iá-tsiàn
野手	iá-tshiú
野查某	iá-tsa-bóo
野柳	Iá-liú
野桐	iá-tông
野漢	iá-hàn
野犬	iá-khián
野狗	iá-káu
野狼	iá-lông
野獸	iá-siù
野球	iá-kiû
野球場	iá-kiû-tiûnn
野生	iá-senn
野痎	iá-kai
野禽	iá-khîm
野種	iá-tsíng
野花	iá-hue
野茼蒿	iá-tâng-o
野草	iá-tsháu
野菰	iá-koo
野蓮	iá-liân
野蔘	iá-som
野蠻	iá-bân
野豬	iá-ti
野貓	iá-niau
野賊	iá-tsha̍t
野赤	iá-tshiah
野雞	iá-ke
野雞車	iá-ke-tshia
野餐	iá-tshan
野馬	iá-bé
野鳥	iá-tsiáu
野鵝	iá-gô
野黨	iá-tóng
量仔	niû-á
量其約	liāng-kî-iok
量冗	liāng-līng
量剩	liāng-sīng
量剩錢	liāng-sīng-tsînn
量力	niū-la̍t
量地	niû-tē
量大小	liāng-tāi-siáu
量子	liōng-tsú
量子力學	liōng-tsú-li̍k-ha̍k
量尚	liāng-siōng
量想	liāng-sióng
量早	liāng-tsá
量產	liāng-sán
量米	niû-bí
量約	liāng-iok
量約仔	liāng-iok-á
量苦	liāng-khóo
量角尺	niû-kak-tshioh
量進前	liāng-tsìn-tsîng
量體溫	niû-thé-un
釐定	lî-tīng
釐訂	lî-tìng
金七娘	kim-tshit-niû
金不換	kim-put-huàn
金丹	kim-tan
金仔	kim-á
金仔價	kim-á-kè
金仔店	kim-á-tiàm
金仔粉	kim-á-hún
金價	kim-kè
金元寶	kim-guân-pó
金光	kim-kng
金光頭	kim-kong-thâu
金光黨	kim-kong-tóng
金剛	kim-kong
金剛戰士	Kim-kong-Tsìan-sū
金剛棒	kim-kong-pāng
金剛玉	kim-kong-gi̍k
金剛璇	kim-kong-suān
金剛石	kim-kong-tsio̍h
金剛藤	kim-kong-tîn
金剛豆	kim-kong-tāu
金剛踏小鬼	kim-kong-ta̍h-sió-kuí
金剛鑽	kim-kong-tsǹg
金創	kim-tshong
金創藥	kim-tshng-io̍h
金劍草	kim-kiàm-tsháu
金厝囥媌	kim-tshù-khǹg-bâ
金古	kim-kóo
金合歡	kim-ha̍p-huan
金吊鈕	kim-tiàu-liú
金含	kim-kâm
金喙	kim-tshuì
金嘴	kim-tshuì
金嘴翁	kim-tshuì-ang
金囝	kim-kiánn
金圈	kim-khian
金城	kim-siânn
金塊	kim-tè
金婚	kim-hun
金字塔	kim-jī-thah
金孫	kim-sun
金寶螺	kim-pó-lê
金尊	kim-tsun
金尪仔	kim-ang-á
金屋藏嬌	kim-ok-tsông-kiau
金屬	kim-sio̍k
金山	Kim-san
金幣	kim-pè
金幼	kim-iù
金庫	kim-khòo
金律術	kim-lu̍t-su̍t
金收樓拆	kim-siu-lâu-thiah
金文	kim-bûn
金斗	kim-táu
金斗甕	kim-táu-àng
金旆鍊	kim-phua̍h-liān
金星	kim-sing
金映映	kim-iànn-iànn
金東	Kim-tang
金枝玉葉	kim-ki-gio̍k-hio̍h
金柑	kim-kam
金條	kim-tiâu
金梭	kim-so
金梭魚	kim-so-hî
金榜	kim-pńg
金橘	kim-kit
金櫻子	kim-ing-tsí
金正恩	Kim-Tsìng-un
金沙	kim-sua
金溜溜	kim-liu-liu
金滑	kim-ku̍t
金烏	kim-oo
金煌檨	Kim-hông-suāinn
金熠熠	kim-sih-sih
金熾熾	kim-sih-sih
金爁爁	kim-nà-nà
金爍爍	kim-siak-siak
金爐	kim-lôo
金牌	kim-pâi
金牛	kim-gû
金牛座	Kim-gû-tsō
金狗仔	kim-káu-á
金狗脊	kim-káu-tsik
金獅狗	kim-sai-káu
金玉	kim-gi̍k
金玉滿堂	kim-gio̍k-muá-tông
金珠仔	kim-tsu-á
金環失日	kim-khuân-sit-ji̍t
金瓜	kim-kue
金瓜普渡節	kim-kue-phóo-tōo-tseh
金瓜槌	kim-kue-thuî
金瓜石	Kim-kue-tsio̍h
金瓜蜂	kim-kue-phang
金甲	kim-kah
金瘡藥	kim-tshng-io̍h
金盞花	kim-tsuánn-hue
金盞草	kim-tsuánn-tsháu
金盞銀台	kim-tsuánn-gîn-tâi
金目鱸	kim-ba̍k-lôo
金眼	kim-gán
金石	kim-tsio̍h
金石斛	kim-tsio̍h-ha̍k
金石榴	kim-sia̍h-liû
金石葦	kim-tsio̍h-uí
金礦	kim-khòng
金箍	kim-khoo
金箍蜂	kim-khoo-phang
金箔	kim-po̍h
金箔仔	kim-po̍h-á
金粉	kim-hún
金精	kim-tsing
金精龜	kim-tsinn-ku
金紙	kim-tsuá
金絨布	kim-jiông-pòo
金絲	kim-si
金絲桃	kim-si-thô
金絲猴	kim-si-kâu
金絲瘡	kim-si-tshng
金絲茅	kim-si-hm̂
金絲草	kim-si-tsháu
金絲蛇	kim-si-tsuâ
金絲雀	kim-si-tshiok
金絲鳥	kim-si-tsiáu
金線	kim-suànn
金線蓮	kim-suànn-liân
金線蛇	kim-suànn-tsuâ
金線魚	kim-suànn-hî
金線鰱	kim-suànn-liân
金翅仔	kim-si̍t-á
金翼仔	kim-si̍t-á
金耳	kim-ní
金耳墜	kim-hīnn-tuī
金聰線	kim-tshang-suànn
金背仔	kim-puē-á
金胡蠅	kim-hôo-sîn
金腰帶	kim-io-tuà
金腹鱸	kim-pak-lôo
金膜	kim-mo̍oh
金色	kim-sik
金花	kim-hue
金花菜	kim-hue-tshài
金花菜哖	kim-hue-tshài-nî
金英	kim-ing
金莖花	kim-king-hue
金華	Kim-huâ
金萱	kim-suan
金葉	kim-hio̍h
金葫蘆	kim-hôo-lôo
金蓮	kim-liân
金蓮花	kim-liân-hue
金蔥花	kim-tshang-hue
金蕉	kim-tsio
金薯	kim-tsî
金蘭	kim-lân
金蚼	kim-ku
金融	kim-iông
金融界	kim-iông-kài
金蠅	kim-sîn
金角	kim-kak
金言	kim-giân
金跤	kim-kha
金身	kim-sin
金車	kim-tshia
金邊	Kim-pinn
金金相	kim-kim-siòng
金金看	kim-kim-khuànn
金針	kim-tsiam
金針菜	kim-tsiam-tshài
金針蟲	kim-tsiam-thâng
金鉤蝦	kim-kau-hê
金銀	kim-gîn
金銀禮	kim-gîn-lé
金銀紙	kim-gîn-tsuá
金銀花	kim-gîn-hue
金銀茄	kim-gîn-kiô
金銅	kim-tâng
金鋼	kim-kǹg
金錠	kim-tiānn
金錢	kim-tsînn
金錢仔	kim-tsînn-á
金錢草	kim-tsînn-tsháu
金錢薄荷	kim-tsînn-po̍h-hô
金錢蟹	kim-tsînn-hē
金錢豹	kim-tsînn-pà
金錢魚	kim-tsînn-hî
金錢龜	kim-tsînn-ku
金鎖匙	kim-só-sî
金鎗魚	kim-tshiunn-hî
金鏈仔	kim-liān-á
金鐘	kim-tsing
金鐘獎	kim-tsing-tsióng
金鐺鐺	kim-tang-tang
金鑾殿	kim-luân-tiān
金門	Kim-mn̂g
金閃閃	kim-siám-siám
金陵	Kim-lîng
金隹	kim-tsui
金雀花	kim-tshik-hue
金雞	kim-ke
金雞腳	kim-ke-kha
金雞那霜	kim-ke-ná-song
金雞魚	kim-ke-hî
金面	Kim-bīn
金鞍	kim-uann
金頭	kim-thâu
金頭仔	kim-thâu-á
金額	kim-gia̍h
金飾	kim-sik
金馬	Kim-bé
金魚	kim-hî
金魚王	Kim-hî-ông
金魚草	kim-hî-tsháu
金魚蔬	kim-hî-se
金魚蛸	kim-hî-sau
金魚蟲	kim-hî-thâng
金鯉	kim-lí
金鱗甲	kim-lân-kah
金鳥	kim-tsiáu
金鳩	kim-khiu
金鳳	kim-hōng
金鳳花	kim-hōng-hue
金鶯	kim-ing
金鷸	kim-u̍t
金黃	kim-n̂g
金黃色	kim-n̂g-sik
金鼓草	kim-kóo-tsháu
金龍	kim-liông
金龜	kim-ku
金龜樹	kim-ku-tshiū
金龜綠	kim-ku-li̍k
金龜踅	kim-ku-se̍h
金龜遨	kim-ku-gô
釘仔	ting-á
釘仔笠	ting-á-le̍h
釘仔針	ting-á-tsiam
釘仔鉗	ting-á-khînn
釘仔錘	ting-á-thuî
釘仔頭	ting-á-thâu
釘仔馬	ting-á-bé
釘孤枝	tìng-koo-ki
釘書機	tìng-su-ki
釘根	tàn-kin
釘模枋	tìng-bôo-pang
釘毒	tìng-to̍k
釘秤仔	tìng-tshìn-á
釘秤花	tìng-tshìn-hue
釘笠	ting-le̍h
釘紙機	tìng-tsuá-ki
釘著	tìng-tio̍h
釘行	tìng-hīng
釘鉗	ting-khînn
釘銅師	tìng-tâng-sai
釘錘	ting-thuî
釘鞋	ting-ê
釘鹽	tìng-iâm
釘點	tìng-tiám
釘點紅	tìng-tiám-âng
釘龜	tìng-ku
釜山	Hú-san
釜底抽薪	hú-té-thiu-sin
針刺	tsiam-tshì
針包	tsiam-pau
針喙鋏仔	tsiam-tshuì-ngeh-á
針孔	tsiam-khang
針對	tsiam-tuì
針指	tsiam-tsáinn
針油	tsiam-iû
針灸	tsiam-kiú
針空	tsiam-khang
針筒	tsiam-tâng
針線	tsiam-suànn
針織	tsiam-tsit
針腳	tsiam-kha
針腳幼	tsiam-kha-iù
針葉樹	tsiam-hio̍h-tshiū
針藥	tsiam-io̍h
針蝟	tsiam-uī
針車	tsiam-tshia
針鋒相對	tsiam-hong-siang-tuì
針鑽	tsiam-tsǹg
針頭	tsiam-thâu
針黹	tsiam-tsí
針鼻	tsiam-phīnn
釣仔	tiò-á
釣具	tiò-khū
釣白	tiò-pe̍h
釣竿	tiò-kuann
釣筒	tiò-tâng
釣箠	tiò-tshuê
釣篙	tiò-ko
釣線	tiò-suànn
釣船	tiò-tsûn
釣艚	tiò-tsô
釣蝦仔場	tiò-hê-á-tiûnn
釣話	tiò-uē
釣鉤	tiò-kau
釣鉤仔	tiò-kau-á
釣餌	tiò-jī
釣魚	tiò-hî
釣魚台	Tiò-hî-tâi
釣魚文	tiò-hî-bûn
釣魚用具	tiò-hî-iōng-kū
釣魚的	tiò-hî-ê
釣魚翁	tiò-hî-ang
釣魚鉤	tiò-hî-kau
釣鴣	tiò-koo
釣齒	tiò-khí
釣龜	tiò-ku
鈂紅	tìm-âng
鈂色	tìm-sik
鈃仔	giang-á
鈃仔切予開	giang-á-tshiat-hōo-khui
鈃仔環	giang-á-khuân
鈃鈃	giang-giang
鈃鈃仔	giang-giang-á
鈌仔	kuat-á
鈍刀	tun-to
鈍嘴	tūn-tshuì
鈍嘴鈍舌	tūn-tshuì-tūn-tsi̍h
鈍市	tūn-tshī
鈍才	tūn-tsâi
鈍目	tūn-ba̍k
鈍角	tūn-kak
鈍銷	tūn-siau
鈔票	tshau-phiò
鈕仔	liú-á
鈕仔茄	liú-á-kiô
鈕仔襻	liú-á-phàn
鈕音	liú-im
鈣質	kài-tsit
鈴仔	lîng-á
鈴啷仔	lîng-long-á
鈴喨仔	lîng-liang-á
鈴聲	lîng-siann
鈴薯條	lîng-tsî-tiâu
鈴鐺仔	lîng-liang-á
鈸桶	pua̍h-tháng
鉀素	kah-sòo
鉅大	kú-tuā
鉈子	tô-tsí
鉎仔	senn-á
鉎珠	sinn-tsu
鉎鍋	senn-ue
鉎鐵	sinn-thih
鉎鼎	sinn-tiánn
鉗仔	khiâm-á
鉗吸	khînn-khi̍p
鉗婆	khînn-pô
鉗家	khînn-ke
鉗糊	khînn-khôo
鉛墜	iân-tuī
鉛子	iân-tsí
鉛字	iân-jī
鉛板	iân-pán
鉛桶	iân-tháng
鉛片	iân-phiánn
鉛版	iân-pán
鉛球	iân-kiû
鉛筆	iân-pit
鉛筆仔	iân-pit-á
鉛筆心	iân-pit-sim
鉛筆擦仔	iân-pit-tshat-á
鉛筆盒仔	iân-pit-a̍p-á
鉛筆鉛	iân-pit-iân
鉛管	iân-kóng
鉛粉毒	iân-hún-to̍k
鉛線	iân-suànn
鉛錢	iân-tsînn
鉤仔	kau-á
鉤掛	kau-kuà
鉤栗	koo-lik
鉤破	kau-phuà
鉤破字	kau-phuà-jī
鉤籃	kau-nâ
鉤耳	kau-hīnn
鉤耳仔	kau-hī-á
鉤耳扒	kau-hīnn-pê
鉤耳簪	kau-hīnn-tsiam
鉤股	kau-kóo
鉤藤	kau-tîn
鉤鉤	kau-kau
鉸刀	ka-to
鉸刀剪	ka-to-tsián
鉸刀石頭紙	ka-to-tsio̍h-thâu-tsuá
鉸刀蟲	ka-to-thâng
鉸剪	ka-tsián
鉸剪仔草	ka-tsián-á-tsháu
鉸剪做	ka-tsián-tsò
鉸剪椅	ka-tsián-í
鉸剪眉	ka-tsián-bî
鉸剪草	ka-tsián-tsháu
鉸剪龜	ka-tsián-ku
鉸圖	ka-tôo
鉸指甲	ka-tsíng-kah
鉸斷	ka-tn̄g
鉸票	ka-phiò
鉸螺仔風	ká-lê-á-hong
鉸頭毛	ka-thâu-mn̂g
鉸頭鬃	ka-thâu-tsang
銀丹	gîn-tan
銀仔角	gîn-á-kak
銀仔頭	gîn-á-thâu
銀元	gîn-guân
銀兩	gîn-niú
銀合歡	gîn-ha̍p-huan
銀單	gîn-tuann
銀器	gîn-khì
銀婚	gîn-hun
銀幕	gîn-bōo
銀幣	gîn-pè
銀座	Gûn-tsō
銀庫	gîn-khòo
銀朱筆	gîn-tsu-pit
銀杏	gîn-hīng
銀柳	gîn-liú
銀根	gîn-kin
銀桂	gîn-kuì
銀樓	gîn-lâu
銀河	gîn-hô
銀牌	gîn-pâi
銀牛	gîn-gû
銀石	gîn-tsio̍h
銀礦	gîn-khòng
銀票	gîn-phiò
銀紙	gîn-tsuá
銀色	gîn-sik
銀葉菊	gîn-hio̍h-kiok
銀行	gîn-hâng
銀行團	gîn-hâng-thuân
銀行家	gîn-hâng-ka
銀行業	gîn-hâng-gia̍p
銀行界	gîn-hâng-kài
銀袋	gîn-tē
銀袋仔	gîn-tē-á
銀角	gîn-kak
銀角仔	gîn-kak-á
銀錠	gîn-tiānn
銀顆	gîn-kho
銀髮	gîn-huat
銀鬼	gîn-kuí
銀魚	gîn-hî
銀鯧	gîn-tshiunn
銀鷗	gîn-oo
銀鼠	gîn-tshí
銃兵	tshìng-ping
銃口	tshìng-kháu
銃嘴	tshìng-tshuì
銃子	tshìng-tsí
銃子尾	tshìng-tsí-bué
銃子幕	tshìng-tsí-bōo
銃子殼	tshìng-tsí-khak
銃子藥	tshìng-tsí-io̍h
銃尾刀	tshìng-bué-to
銃手	tshìng-tshiú
銃擊	tshìng-kik
銃星	tshìng-tshenn
銃枝	tshìng-ki
銃案	tshìng-àn
銃桿	tshìng-kuáinn
銃槍	tshìng-tshiunn
銃殺	tshìng-sat
銃決	tshìng-kuat
銃空	tshìng-khang
銃管	tshìng-kóng
銃藥	tshìng-io̍h
銃雞	tshìng-ke
銃雞仔	tshìng-ke-á
銅人	tâng-lâng
銅仙	tâng-sián
銅像	tâng-tshiāng
銅指	tâng-tsáinn
銅牆鐵壁	tâng-tshiûnn-thih-piah
銅牌	tâng-pâi
銅磺	tâng-hông
銅筋鐵肋	tâng-kin-thih-kut
銅筋鐵骨	tâng-kin-thih-kut
銅管	tâng-kóng
銅管仔	tâng-kóng-á
銅絲	tâng-si
銅綠	tâng-li̍k
銅線	tâng-suànn
銅線批	tâng-suànn-phe
銅線琴	tâng-suànn-khîm
銅身鐵骨	tâng-sin-thih-kut
銅鉎	tâng-sian
銅鋟	tâng-tshiám
銅錢	tâng-tsînn
銅錢仔	tâng-tsînn-á
銅錢剮	tâng-tsînn-kuah
銅錢碎割	tâng-tsînn-tshuì-kuah
銅鏡魚	tâng-kiànn-hî
銅鐳	tâng-lui
銅鑼	tâng-lô
銅鑼圈	tâng-lô-khian
銅鑼灣	Tâng-lô-uan
銅鑼燒	tâng-lô-sio
銅青	tâng-tshenn
銅顆	tâng-kua
銅鷸	tâng-u̍t
銅鼎	tâng-tiánn
銓敘	tsn̂g-sū
銓敘部	tshuan-sū-pōo
銘傳	Bîng-thuân
銘旌	bîng-tsing
銚仔	tiō-á
銜倚	khânn-uá
銜接	hâm-tsiap
銜烏	hânn-oo
銜鈴	hâm-lîng
銜頭	hâm-thâu
銲接	hàn-tsiap
銳不可當	juē-put-khó-tòng
銳減	juē-kiám
銷假	siau-ká
銷售	siau-siû
銷售員	siau-siû-uân
銷售業	siau-siû-gia̍p
銷售點	siau-siû-tiám
銷數	siau-siàu
銷案	siau-àn
銷毀	siau-huí
銷聲匿跡	siau-siann-bih-jiah
銷蝕	siau-si̍h
銷路	siau-lōo
銷量	siau-liāng
銷離	siau-lī
銷頭	siau-thâu
鋁門窗	lī-mn̂g-thang
鋏仔	ngeh-á
鋒面	hong-bīn
鋟仔	tshiám-á
鋟醒仔	tshím-tshénn-á
鋤頭	tî-thâu
鋤頭柄	tî-thâu-pènn
鋤頭齒	tî-thâu-khí
鋤骨	thû-kut
鋩角	mê-kak
鋩鋩角角	mê-mê-kak-kak
鋪半路	phòo-puànn-lōo
鋪平	phoo-pênn
鋪排	phoo-pâi
鋪排話	phoo-pâi-uē
鋪文	phoo-bûn
鋪李攏	phoo-lí-lóng
鋪枋	phoo-pang
鋪棉	phoo-mî
鋪橋	phoo-kiô
鋪眠床	phoo-bîn-tshn̂g
鋪石仔	phoo-tsio̍h-á
鋪磚仔	phoo-tsng-á
鋪網	phoo-bāng
鋪設	phoo-siat
鋪路	phoo-lōo
鋪面	phoo-bīn
鋪面攤	phoo-bīn-than
鋪面蟶	phoo-bīn-than
鋸仔	kì-á
鋸仔鯊	kì-á-sua
鋸屑	kì-sut
鋸屑灰	kì-sut-hu
鋸鑢	kì-lè
鋸頭鯊	kì-thâu-sua
鋼包	kǹg-pau
鋼材	kǹg-tsâi
鋼板	kǹg-pán
鋼琴	kǹg-khîm
鋼琴家	kǹg-khîm-ka
鋼瓶	kǹg-pân
鋼筆	kǹg-pit
鋼筋	kǹg-kin
鋼管	kǹg-kóng
鋼索	kǹg-soh
鋼絲索	kǹg-si-soh
鋼線	kǹg-suànn
鋼纜	kǹg-lám
鋼鐵	kǹg-thih
鋼鐵俠	kǹg-thih-kiap
鋼鐵廠	kǹg-thih-tshiúnn
鋼骨	kǹg-kut
錄取	lio̍k-tshú
錄取率	lio̍k-tshú-lu̍t
錄影	lio̍k-iánn
錄影帶	lio̍k-iánn-tuà
錄影機	lio̍k-iánn-ki
錄用	lio̍k-iōng
錄落來	lio̍k-lo̍h-lâi
錄製	lio̍k-tsè
錄音	lio̍k-im
錄音帶	lio̍k-im-tuà
錄音機	lio̍k-im-ki
錐起來	tsui-khí-lâi
錘仔	thuî-á
錘摃錘	thuî-kòng-thuî
錘摃鐵	thuî-kòng-thih
錠劑	tīng-tse
錠索	tiànn-soh
錢上好	tsînn-siāng-hó
錢仔囝	tsînn-á-kiánn
錢伯仔	tsînn-peh-á
錢包	tsînn-pau
錢包仔	tsînn-pau-á
錢單	tsînn-tuann
錢圓	tsînn-înn
錢奴才	tsînn-lôo-tsâi
錢孔	tsînn-khang
錢尾	tsînn-bué
錢幣	tsînn-pè
錢有力	tsînn-ū-la̍t
錢本	tsînn-pún
錢根	tsînn-kin
錢桮	tsînn-pue
錢櫃	tsînn-kuī
錢櫃仔	tsînn-kuī-á
錢櫃仔店	tsînn-kuī-á-tiàm
錢歹趁	tsînn-pháinn-thàn
錢母	tsînn-bó
錢水	tsînn-tsuí
錢水冗	tsînn-tsuí-līng
錢水活	tsînn-tsuí-ua̍h
錢溶去	tsînn-iûnn-khì
錢無價	tsînn-bô-kè
錢無兩个袂霆	tsînn-bô-nn̄g-ê-bē-tân
錢無力	tsînn-bô-la̍t
錢無好趁	tsînn-bô-hó-thàn
錢牢咧	tsînn-tiâu-leh
錢票	tsînn-phiò
錢空	tsînn-khang
錢筒	tsînn-tâng
錢筒仔	tsînn-tâng-á
錢管	tsînn-kóng
錢管仔	tsînn-kóng-á
錢糧	tsînn-niû
錢絞錢	tsînn-ká-tsînn
錢聲	tsînn-siann
錢莊	tsînn-tsng
錢落價	tsînn-lo̍h-kè
錢薄去	tsînn-po̍h-khì
錢袋	tsînn-tē
錢變厚	tsînn-piàn-kāu
錢變薄	tsînn-piàn-po̍h
錢貓	tsînn-niau
錢財	tsînn-tsâi
錢貫草	tsînn-kǹg-tsháu
錢走縒	tsînn-tsáu-tsua̍h
錢銀	tsînn-gîn
錢開無津	tsînn-khai-bô-tin
錢關	tsînn-kuan
錢項	tsînn-hāng
錢額	tsînn-gia̍h
錢鬼	tsînn-kuí
錢鰻	tsînn-muâ
錢鼓	tsînn-kóo
錢鼠	tsînn-tshí
錦上添花	gím-siāng-thinn-hue
錦囊妙計	gím-lông-biāu-kè
錦旗	gím-kî
錦繡	gím-siù
錦耳草	gím-hīnn-tsháu
錦蛇	gím-tsuâ
錦西風	gím-se-hong
錦議	gím-gī
錦雞	gím-ke
錫口	Sik-kháu
錫器	siah-khì
錫杖	siah-thn̄g
錫焊	siah-huānn
錫礦	sik-khòng
錫箔紙	siah-po̍h-tsuá
錫膜	siah-mo̍oh
錫蘭	Sik-lân
錯亂	tshò-luān
錯失	tshò-sit
錯怪	tshò-kuài
錯手	tshò-tshiú
錯覺	tshò-kak
錯誤	tshò-gōo
錯過	tshò-kuè
錶仔	pió-á
錶仔帶	pió-á-tuà
錶仔鍊	pió-á-liān
鍊仔	liān-á
鍊仔蛇	liān-á-tsuâ
鍊鐵廠	liān-thih-tshiúnn
鍋仔	ue-á
鍋巴疕	ko-pa-phí
鍋燒	ko-sio
鍋燒意麵	ko-sio-ì-mī
鍋爐	e-lôo
鍋蓋魚	ue-kuà-hî
鍍金	tōo-kim
鍍金水	tōo-kim-tsuí
鍍銀	tōo-gîn
鍍銅	tōo-tâng
鍘刀	tsa̍h-to
鍘扒	tshiah-pe
鍘銚	tshiah-thio
鍛練	tuàn-liān
鍛錘	tuàn-thuî
鍛鍊	thuàn-liān
鍤塗	tshiah-thôo
鍤箕	tshiah-ki
鍥仔	keh-á
鍥鐮	kueh-nî
鍵盤	kiàn-puânn
鍾佳濱	Tseng-Ka-pin
鍾南山	Tsing-Lâm-san
鍾情	tsiong-tsîng
鍾愛	tsiong-ài
鍾愷紘	Tsiong-khái-hông
鎔去	iûnn-khì
鎖匙	só-sì
鎖匙伴	só-sî-phuānn
鎖匙圈仔	só-sî-khian-á
鎖匙箍	só-sî-khoo
鎖喉	só-âu
鎖喉瘋	só-âu-hong
鎖定	só-tīng
鎖牽	só-khian
鎖環	só-khuân
鎖管	só-kńg
鎖蛇	só-tsuâ
鎖鍊	só-liān
鎖頭	só-thâu
鎖骨	só-kut
鎗刀藥	tshiunn-to-io̍k
鎚摃鐵	thuî-kòng-thih
鎮亂	tìn-luān
鎮位	tìn-uī
鎮兩人額	tìn-nn̄g-lâng-gia̍h
鎮地	tìn-tè
鎮壓	tìn-ap
鎮守	tìn-siú
鎮定	tìn-tīng
鎮定劑	tìn-tīng-tse
鎮所在	tìn-sóo-tsāi
鎮星	tìn-tshenn
鎮殿	tìn-tiān
鎮民	tìn-bîn
鎮海	Tìn-hái
鎮滿	tìn-muá
鎮煞	tìn-suah
鎮痛劑	tìn-thiànn-tse
鎮腳鎮手	tìn-kha-tìn-tshiú
鎮路	tìn-lōo
鎮路石	tìn-lōo-tsio̍h
鎮路頭	tìn-lōo-thâu
鎮長	tìn-tiúnn
鎮靜	tìn-tsīng
鎮靜劑	tìn-tsīng-tse
鏇仔	tsūn-á
鏇斷	tsuān-tn̄g
鏇石	suān-tsio̍h
鏇石嘴	suān-tsio̍h-tshuì
鏇石手指	suān-tsio̍h-tshiú-tsí
鏇筆	suān-pit
鏇輾轉	tsuān-liàn-tńg
鏈仔伴	liān-á-phuān
鏈帶	liān-tuà
鏟土機	sán-thôo-ki
鏡仁	kiànn-jîn
鏡台桌	kiànn-tâi-toh
鏡框	kiànn-khing
鏡檯	kiànn-tâi
鏡盒	kiànn-a̍p
鏡磨鏡	kiànn-buâ-kiànn
鏡肉	kiànn-bah
鏡臺	kiànn-tâi
鏡面	kiànn-bīn
鏡頭	kiànn-thâu
鏡鯛	kiànn-tiau
鏡鯧	kiànn-tshiunn
鏢客	pio-kheh
鏨仔	tsām-á
鏨價	tsām-kè
鏨字	tsām-jī
鏨斷	tsām-tn̄g
鏨路	tsām-lōo
鏨過	tsām-kuè
鐃鈸	nâ-pua̍h
鐕仔	tshiám-á
鐕刀	tshiám-to
鐕釘	tshiám-ting
鐘乳石	tsing-jú-tsio̍h
鐘仔	tsing-á
鐘奶	tsing-ling
鐘奶石	tsing-ling-tsio̍h
鐘槌	tsing-thuî
鐘聲	tsing-siann
鐘錶	tsing-pió
鐘響	tsing-hiáng
鐘點	tsing-tiám
鐘點費	tsing-tiám-huì
鐮刀	liâm-to
鐮力仔	liâm-li̍k-á
鐮勒仔	nî-lik-á
鐮歷仔	liâm-li̍k-á
鐮鍥仔	nî-kueh-á
鐵乾證	thih-kan-tsìng
鐵人	thih-lâng
鐵仔	thih-á
鐵仔塗	thih-á-thôo
鐵匠	thih-tshiūnn
鐵印	thih-ìn
鐵卵	thih-nn̄g
鐵卵鼠	Thih-nn̄g-tshí
鐵厝	thih-tshù
鐵器	thih-khì
鐵器時代	thih-khì-sî-tāi
鐵塔	thih-thah
鐵婆	thih-pô
鐵子	thih-tsí
鐵定	thih-tīng
鐵尺	thih-tshioh
鐵屎	thih-sái
鐵工廠	thih-kang-tshiúnn
鐵帽	thih-bō
鐵帽蟲	Thih-bō-thâng
鐵幕	thih-bōo
鐵干證	thih-kan-tsìng
鐵彈	thih-tuânn
鐵扁擔	thih-pín-tann
鐵手	thih-tshiú
鐵打	thih-tá
鐵拄仔	thih-tú-á
鐵拳頭	thih-kûn-thâu
鐵掃帚	thih-sàu-tshiú
鐵搭	thih-tah
鐵摃鐵	thih-kòng-thih
鐵摔仔	thih-sut-á
鐵撬	thih-kiāu
鐵支	thih-ki
鐵改	thih-kái
鐵木棍	thih-bo̍k-kùn
鐵木沙	thih-bo̍k-sua
鐵板	thih-pán
鐵枋炒	thih-pang-tshá
鐵枋燒	thih-pang-sio
鐵枝	thih-ki
鐵枝仔路	thih-ki-á-lōo
鐵枝擋	thih-ki-tòng
鐵枝路	thih-ki-lōo
鐵枝路迷	thih-ki-lōo-bê
鐵架	thih-kè
鐵栓	thih-sng
鐵桶	thih-tháng
鐵桶檠	thih-tháng-kiânn
鐵條	thih-tiâu
鐵棍	thih-kùn
鐵槊	thih-so̍k
鐵槌	thih-thuî
鐵樹	thih-tshiū
鐵樹開花	thih-tshiū-khui-hue
鐵橋	thih-kiô
鐵櫃	thih-kuī
鐵殼豆	Thih-khak-tāu
鐵殼車	thih-khak-tshia
鐵沙	thih-sua
鐵海棠	thih-hái-tông
鐵漢	thih-hàn
鐵片	thih-phiánn
鐵牛	thih-gû
鐵牛仔	thih-gû-á
鐵牛車	thih-gû-tshia
鐵牽	thih-khan
鐵犀牛	Thih-sai-gû
鐵球	thih-kiû
鐵甲	thih-kah
鐵甲牛	Thih-kah-gû
鐵甲萬	thih-kah-bān
鐵甲蚵仔	Thih-kah-ô-á
鐵甲蛄	thih-kah-ku
鐵甲豆	Thih-kah-tāu
鐵甲車	thih-kah-tshia
鐵甲龍	Thih-kah-liông
鐵眠床	thih-bîn-tshn̂g
鐵砧	thih-tiam
鐵礦	thih-khòng
鐵礦石	thih-khòng-tsio̍h
鐵窗	thih-thang
鐵筆	thih-pit
鐵筆水	thih-pit-tsuí
鐵箍	thih-khoo
鐵算盤	thih-sǹg-puânn
鐵管	thih-kóng
鐵管仔	thih-kóng-á
鐵箱	thih-siunn
鐵籬笆	thih-lî-pa
鐵絲網	thih-si-bāng
鐵線	thih-suànn
鐵線剪	thih-suànn-tsián
鐵線拔	thih-suànn-pui̍h
鐵線橋堡	Thih-suànn-kiô-pó
鐵線網	thih-suànn-bāng
鐵線蕨	thih-suànn-kueh
鐵線藤	thih-suànn-tîn
鐵線鋸	thih-suànn-kù
鐵纜	thih-lám
鐵罐	thih-kuàn
鐵羊仔	thih-iûnn-á
鐵耙	thih-pê
鐵耙仔	thih-pē-á
鐵胴	thih-tâng
鐵腕	thih-uán
鐵葉蘭	thih-hio̍h-lân
鐵蕉	thih-tsio
鐵蘭	thih-lân
鐵蚶仔	Thih-ham-á
鐵觀音	thih-kuan-im
鐵證	thih-tsìng
鐵貓	thih-niau
鐵貼	thih-tah
鐵質	thih-tsit
鐵路	thih-lōo
鐵路網	thih-lōo-bāng
鐵蹄	thih-tê
鐵軌	thih-khuí
鐵道	thih-tō
鐵金龜	thih-kim-ku
鐵釘	thih-ting
鐵釘仔頭	thih-ting-á-thâu
鐵釘挽	thih-ting-bán
鐵釘螺	thih-ting-lê
鐵釘鋏	thih-ting-ngeh
鐵釣竿	thih-tiàu-kuann
鐵鉎	thih-sian
鐵鉤	thih-kau
鐵鉤草	thih-kau-tsháu
鐵鉼	thih-phiánn
鐵銚	thih-tiō
鐵錘	thih-thuî
鐵鍊	thih-liān
鐵鍘	thih-tsa̍h
鐵鎚	thih-thuî
鐵鏈	thih-liān
鐵鐮刀	Thih-liâm-to
鐵鑽	thih-tsǹg
鐵門	thih-mn̂g
鐵閂仔	thih-tshuànn-á
鐵閹	thih-iam
鐵雞卵	thih-ke-nn̄g
鐵雨傘	thih-hōo-suànn
鐵面皮	thih-bīn-phuê
鐵鞋	thih-ê
鐵韭菜	thih-kú-tshài
鐵頭龍	thih-thâu-liông
鐵食入腹	thih-tsia̍h-ji̍p-pak
鐵飯碗	thih-pn̄g-uánn
鐵餅	thih-piánn
鐵馬	thih-bé
鐵馬蹄	thih-bé-tê
鐵馬鞭	thih-bé-pinn
鐵骨仔生	thih-kut-á-senn
鐵骨毛	thih-kut-mn̂g
鐵骨生	thih-kut-senn
鐵麻鞭	thih-muâ-pinn
鐵齒	thih-khí
鐵齒仔	Thih-khí-á
鐵齒王	thih-khí-ông
鐵齒銅牙鼠	Thih-khí-tâng-gê-tshí
鑄字	tsù-jī
鑄造	tsù-tsō
鑄鐵	tsù-thih
鑑別	kàm-pia̍t
鑑定	kàm-tīng
鑑識	kàm-sik
鑑賞	kàm-sióng
鑒納	kàm-la̍p
鑠奅	siak-phānn
鑠葩	siak-pha
鑢仔	lù-á
鑢刀	lù-to
鑢卡	lù-khah
鑢鉎	lù-sian
鑯刀	tshiàm-to
鑰鬼	io̍h-kuí
鑱仔	tshâm-á
鑲墘	siunn-kînn
鑲邊	siunn-pinn
鑲金	siunn-kim
鑼仔	lô-á
鑼鼓	lô-kóo
鑽仔	tsǹg-á
鑽孔	tsǹg-khang
鑽心蓮	tsǹg-sim-liân
鑽心蟲	tsǹg-sim-thâng
鑽探	tsǹg-thàm
鑽水	tsǹg-tsuí
鑽水沕	tsǹg-tsuí-bī
鑽水沬	tsǹg-tsuí-bī
鑽水艇	tsǹg-tsuí-thíng
鑽水覕	tsǹg-tsuí-bih
鑽沕	tsǹg-bī
鑽耳	tsǹg-hī
鑽迵過	tsǹg-thàng-kuè
鑽進	tsǹg-tsìn
鑽錢空	tsǹg-tsînn-khang
鑾駕	luân-kà
鑿井	tsha̍k-tsénn
鑿仔	tsha̍k-á
鑿手	tsha̍k-tshiú
鑿枷家己夯	Tsha̍k-kê-ka-tī-giâ
鑿目	tsha̍k-ba̍k
鑿破	tsha̍k-phuà
鑿空	tsha̍k-khang
鑿耳	tsha̍k-hīnn
鑿花	tsha̍k-hue
鑿著	tsha̍k-tio̍h
鑿針	tsha̍k-tsiam
鑿鑿	tsha̍k-tsha̍k
鑿骨縫	tsha̍k-kut-phāng
鑿魚	tsha̍k-hî
鑿鼻	tsha̍k-phīnn
鑿𡳞	tsha̍k-lān
長上	tióng-siāng
長久	tiông-kiú
長別	tiông-pia̍t
長命	tn̂g-miā
長命富貴	tiông-bīng-hù-kuì
長四角形	tn̂g-sì-kak-hîng
長堤	tiông-thê
長壽	tiông-siū
長壽燈	tiông-siū-ting
長奇	tiông-kî
長女	tióng-lí
長子	tióng-tsú
長存	tiông-tsûn
長孫	tióng-sun
長安	Tiông-an
長尻川	tn̂g-kha-tshng
長尾山娘	tn̂g-bué-suann-niû
長尾星	tn̂g-bué-tshenn
長尾柯	tn̂g-bué-kho
長尾津仔	tn̂g-bué-tin-á
長尾猴	tn̂g-bué-kâu
長尾竹	tn̂g-bué-tik
長尾鯊	tn̂g-bué-sua
長崎	Tn̂g-kiā
長年	tn̂g-nî
長年久遠	tn̂g-nî-kiú-uán
長年數	tn̂g-nî-siàu
長年病	tn̂g-nî-pēnn
長年菜	tn̂g-nî-tshài
長年迵天	tn̂g-nî-thàng-thinn
長年願	tn̂g-nî-guān
長年飯	tn̂g-nî-pn̄g
長庚	Tiông-kenn
長庚星	tiông-king-tshenn
長庚病院	Tiâng-kinn-Pēnn-īnn
長庚醫院	Tn̂g-kenn-i-īnn
長征	tiông-tsing
長志	tsiáng-tsì
長性命	tn̂g-sènn-miā
長成	tióng-sîng
長手猴	tn̂g-tshiú-kâu
長方形	tiông-hong-hîng
長旗	tn̂g-kî
長明燈	tiông-bîng-ting
長春	Tiông-tshun
長春花	tiông-tshun-hue
長暝	tn̂g-mê
長期	tn̂g-kî
長期票	tn̂g-kî-phiò
長枝竹	tn̂g-ki-tik
長株	tn̂g-ti
長株圓	tn̂g-tu-înn
長株形	tn̂g-ti-hîng
長案桌	tiông-àn-toh
長桶靴	tn̂g-tháng-hia
長椅頭仔	tn̂g-í-thâu-á
長榫	tn̂g-sńg
長榮	Tióng-îng
長榮大學	Tióng-îng-Tāi-ha̍k
長榮航空	tiông-îng-hâng-khong
長樂	Tiông-lo̍k
長歎	tiông-thàn
長歲壽	tn̂g-huè-siū
長汀	Tiông-ting
長江	Tn̂g-kang
長江三峽	Tn̂g-kang-sann-kiap
長江流域	Tn̂g-kang-lâu-hi̍k
長沙	Tn̂g-sua
長沙灣	Tn̂g-sua-uan
長治久安	tiông-tī-kiú-an
長泰	Tiông-thuà
長流水	tn̂g-lâu-tsuí
長濱	Tn̂g-pin
長照	tn̂g-tsiàu
長生	tiông-sing
長生不老	tiông-sing-put-nóo
長生果	tióng-sing-kó
長生草	tiông-sing-tsháu
長男	tióng-lâm
長眠	tiông-bîn
長短籤	tn̂g-té-tshiam
長短腳	tn̂g-té-kha
長站	tn̂g-tsām
長管靴	tn̂g-kóng-hia
長篇	tiông-phian
長篙	tn̂g-ko
長篙圓	tn̂g-ko-înn
長篙形	tn̂g-ko-hîng
長篙面	tn̂g-ko-bīn
長線	tn̂g-suànn
長繚	tn̂g-liau
長翼	tn̂g-si̍t
長老	tióng-ló
長老教會	Tiúnn-ló-Kàu-huē
長者	tióng-tsiá
長腳牌	tn̂g-kha-pâi
長腳蝦	tn̂g-kha-hê
長興	Tiông-hing
長處	tiông-tshù
長蟒	tn̂g-báng
長衫	tn̂g-sann
長袍	tn̂g-phàu
長裘	tn̂g-hiû
長誓	tn̂g-tsuā
長談	tiông-tâm
長豆	tn̂g-tāu
長跤鹿	tn̂g-kha-lo̍k
長身	tn̂g-sin
長躼躼	tn̂g-lò-lò
長輩	tiáng-puè
長途	tiông-tôo
長途電話	tiông-tôo-tiān-uē
長逝	tiông-sē
長進	tióng-tsìn
長錢	tióng-tsînn
長長暝	tn̂g-tn̂g-mê
長門	tn̂g-mn̂g
長閬閬	tn̂g-lóng-lóng
長青	tiông-tshing
長靴	tn̂g-hia
長頭	tiông-thâu
長頭毛	tn̂g-thâu-moo
長頭鬃	tn̂g-thâu-tsang
長頭鹿	tn̂g-thâu-lo̍k
長頷蛇	tn̂g-ām-tsuâ
長頷鳥	tn̂g-ām-tsiáu
長頷鹿	tn̂g-ām-lo̍k
長頷龜龍	Tn̂g-ām-ku-liông
長額	tióng-gia̍h
長骨	tńg-kut
長髮	tiông-huat
長鬚狐	Tn̂g-tshiu-hôo
長齋	tn̂g-tsai
門下臼	mn̂g-ē-khū
門世尾	mn̂g-sì-bué
門人	mn̂g-lâng
門函	mn̂g-hâm
門勢尾	bûn-sì-bué
門口	mn̂g-kháu
門口公	mn̂g-kháu-kong
門口厝邊	mn̂g-kháu-tshù-pinn
門口埕	mn̂g-kháu-tiânn
門口埕發草	muî-kháu-tiânn-huat-tsháu
門可羅雀	mn̂g-khó-lô-tshiok
門喙口	muî-tshuì-kháu
門嘴	mn̂g-tshuì
門嘴口	mn̂g-tshuì-kháu
門埕	mn̂g-tiânn
門外	mn̂g-guā
門將	mn̂g-tsiòng
門對	mn̂g-tuì
門屋	mn̂g-ak
門市	bûn-tshī
門市部	mn̂g-tshī-pōo
門徛	mn̂g-khiā
門德內革羅	Bûn-tik-luē-kik-lô
門戶	mn̂g-hōo
門戶之見	mn̂g-hōo-tsi-kiàn
門戶相對	mn̂g-hōo-sio-tuì
門戶相當	mn̂g-hōo-siang-tong
門戶臼	mn̂g-hōo-khū
門扇	mn̂g-sìnn
門扇板	mn̂g-sìnn-pán
門扇板鬥袂峇	muî-sìnn-pán-tàu-bē-bā
門手	mn̂g-tshiú
門拄	mn̂g-tú
門拎	mn̂g-lîng
門掣	mn̂g-tshuah
門搭	mn̂g-tah
門撖	mn̂g-hānn
門擋仔	mn̂g-tòng-á
門斗	mn̂g-táu
門柱	mn̂g-thiāu
門栓	mn̂g-sng
門楣	mn̂g-bâi
門派	bûn-phài
門牌	mn̂g-pâi
門牙	mn̂g-gê
門牽	mn̂g-khian
門狗	mn̂g-káu
門環	mn̂g-khuân
門生	bûn-sing
門當戶對	mn̂g-tong-hōo-tuì
門碇	mn̂g-tīng
門神	mn̂g-sîn
門票	mn̂g-phiò
門禁	mn̂g-kìm
門窗	mn̂g-thang
門簾	mn̂g-lî
門籬仔	mn̂g-lî-á
門縫	mn̂g-phāng
門聯	mn̂g-liân
門腳兜	mn̂g-kha-tau
門腳口	mn̂g-kha-kháu
門臼	mn̂g-khū
門診	bûn-tsín
門路	mn̂g-lōo
門鈕仔	mn̂g-liú-á
門鈴	mn̂g-lîng
門閂	mn̂g-tshuànn
門閂鼻	mn̂g-tshuànn-phīnn
門頭	mn̂g-thâu
門額	mn̂g-hia̍h
門風	bûn-hong
門齒	mn̂g-khí
閂仔	tshuànn-á
閃不離	siám-put-lī
閃債	siám-tsè
閃擔	siám-tann
閃涼	siám-liâng
閃無路	siám-bô-lōo
閃熠	siám-sih
閃爁	sínn-nà
閃爍	siám-sih
閃現	siám-hiān
閃者	sínn-tsé
閃著	siám-tio̍h
閃角	siám-kak
閃走	siám-tsáu
閃身	siám-sin
閃辟	siám-phiah
閃避球	siám-pī-kiû
閃邊	siám-pinn
閃閃爍	siám-siám-sih
閃開	siám-khui
閃離開	siám-lî-khui
閃雨	siám-hōo
閃電	siám-tiān
閃風	siám-hong
閉口	pì-kháu
閉幕	pì-bōo
閉幕式	pì-bōo-sik
閉思	pì-sù
閉會	pì-huē
閉肆	pì-sù
閉門	pì-mn̂g
閉門羹	pì-mn̂g-kenn
閉門造車	pì-mn̂g-tsō-ki
開下下	khui-hā-hā
開了	khai-liáu
開了了	khai-liáu-liáu
開井	khui-tsénn
開交	khai-kiau
開仔	khui-á
開份	khui-hūn
開使	khai-sái
開使刜	khai-sái-phut
開使用	khai-sái-īng
開來	khui-lâi
開倒車	khui-tó-tshia
開價	khui-kè
開元	khai-guân
開光	khui-kng
開公分	khui-kong-hūn
開公款	khai-kong-khuánn
開兵	khui-ping
開刀	khui-to
開刀房	khui-to-pâng
開列	khui-lia̍t
開動	khui-tōng
開包	khui-pau
開化	khai-huà
開去	khui-khì
開叉	khui-tshe
開口	khai-kháu
開台	khai-tâi
開向	khui-hiàng
開喙蚶粒粒臭	khui-tshuì-ham-lia̍p-lia̍p-tshàu
開喙豆	khui-tshuì-tāu
開嘴	khui-tshuì
開嘴臭	khui-tshuì-tshàu
開嘴譙	khui-tshuì-kiāu
開四場	khui-sì-tiûnn
開國	khai-kok
開國庫	khai-kok-khòo
開圍	khui-uî
開基	khai-ki
開基地	khai-ki-tē
開基祖	khai-ki-tsóo
開墾	khai-khún
開夜車	khai-iā-tshia
開大言	khai-tāi-giân
開天地	khai-thian-tē
開天窗	khui-thinn-thang
開天門	khai-thian-bûn
開始	khai-sí
開學	khai-ha̍k
開封	Khai-hong
開導	khai-tō
開展	khai-tián
開山王	khai-san-ông
開山王廟	Khai-san-ông-biō
開山祖	khai-san-tsóo
開山神社	Khai-san-Sîn-siā
開工	khai-kang
開市	khui-tshī
開幕	khai-bōo
開幕式	khai-bōo-sik
開底褲	khui-té-khòo
開店	khui-tiàm
開庫銀	khai-khòo-gîn
開庭	khai-tîng
開張	khai-tiong
開張大吉	khai-tiong-tāi-kiat
開彩	khai-tshái
開往	khai-óng
開徵	khai-ting
開心	khai-sim
開心竅	khui-sim-khiàu
開懷	khai-huâi
開戰	khai-tsiàn
開戶	khui-hōo
開手	khui-tshiú
開拆	khui-thiah
開拓	khai-thok
開挖	khui-óo
開採	khai-tshái
開播	khai-pòo
開撽	khai-khiau
開支	khai-tsi
開支票	khui-tsi-phiò
開放	khai-hòng
開放原始碼	khai-hòng-guân-sí-bé
開放式	khai-hòng-sik
開放資料	khai-hòng-tsu-liāu
開數	khui-siàu
開明	khai-bîng
開春	khui-tshun
開暗車	khui-àm-tshia
開曠	khui-khòng
開會	khui-huē
開朗	khai-lóng
開查某	khai-tsa-bóo
開框	khui-khing
開桌	khui-toh
開棚	khui-pînn
開業	khai-gia̍p
開槍	mn̂g-tshiunn
開標	khui-pio
開機	khui-ki
開正	khui-tsiann
開步	khui-pōo
開泰	khai-thài
開消	khai-siau
開源	khai-guân
開源人	khai-guân-lâng
開源者	khai-guân-tsiá
開溝	khui-kau
開溝仔	khui-kau-á
開演	khai-ián
開漳聖王	Khai-tsiang-SÌng-ông
開火	khui-hué
開獎	khai-tsióng
開班	khui-pan
開球	khai-kiû
開用	khai-īng
開田	khui-tshân
開發	khai-huat
開發票	khui-huat-phiò
開盡磅	khui-tsīn-pōng
開盤	khui-puânn
開目	khui-ba̍k
開眼界	khai-gán-kài
開破	khai-phuà
開礁礁	khai-ta-ta
開礦不敷	khai-khòng-put-hu
開礦無津	khai-khòng-bô-tin
開示	khai-sī
開票	khai-phiò
開票所	khui-phiò-sóo
開禁	khai-kìm
開空	khui-khang
開竅	khai-khiàu
開立	khui-li̍p
開端	khai-tuan
開罰單	khui-hua̍t-tuann
開聲	khui-siann
開聲哭	khui-siann-khàu
開胃	khai-uī
開胸	khui-hing
開脾	khui-pî
開脾湯	khui-pî-thng
開腳	khui-kha
開腳叉	khui-kha-tshe
開腳天	khui-kha-thian
開腳脛	khui-kha-khing
開腳行	khui-kha-kiânn
開腳褲	khui-kha-khòo
開臊	khui-tsho
開舉	khai-kí
開船	khui-tsûn
開花	khui-hue
開花砲	khai-hua-phàu
開荒	khui-hng
開菜	khui-tshài
開薪禾	khai-sin-hô
開藥	khui-io̍h
開藥仔	khui-io̍h-á
開藥單	khui-io̍h-tuann
開藥方	khui-io̍h-hng
開裾	khui-ki
開解	khai-kái
開訓	khui-hùn
開設	khai-siat
開誇	khai-kho
開課	khai-khò
開講	khai-káng
開講室	khai-káng-sik
開講間	khai-káng-king
開議	khui-gī
開費	khai-huì
開賽	khai-sài
開路	khui-lōo
開路機	khui-lōo-ki
開車	khui-tshia
開辦	khui-pān
開辦費	khai-pān-huì
開辨	khai-pān
開透	khui-thàu
開通	khai-thong
開道	khai-tō
開銃	khui-tshìng
開銷	khai-siau
開錢	khai-tsînn
開鎖	khui-só
開鑿	khui-tsha̍k
開門	khui-mn̂g
開開	khui-khui
開闊	khui-khuah
開關	khai-kuan
開關切仔	khai-kuan-tshiat-á
開闢	khai-pi̍t
開除	khai-tî
開電火	khui-tiān-hué
開面	khui-bīn
開頂車	khui-tíng-tshia
開頭	khui-thâu
開風氣	khai-hong-khì
閏年	lūn-nî
閏日	jūn-ji̍t
閏月	jūn-gue̍h
閏秒	jūn-bió
閒事	îng-sū
閒人	îng-lâng
閒仔事	îng-á-sū
閒仔代	îng-á-tāi
閒仔冊	îng-á-tsheh
閒仔物	îng-á-mi̍h
閒仔話	îng-á-uē
閒仔錢	îng-á-tsînn
閒仙仙	îng-sian-sian
閒來	îng-lâi
閒冬	îng-tang
閒厝間	îng-tshù-king
閒工	îng-kang
閒搔搔	îng-so-so
閒日	îng-ji̍t
閒時	îng-sî
閒時白素	îng-sî-pe̍h-sòo
閒溜溜	îng-liu-liu
閒煩	îng-huân
閒煩惱	îng-huân-ló
閒置	îng-tì
閒腳行	îng-kha-kiânn
閒腳骨	îng-kha-kut
閒行	îng-hīng
閒話	îng-uē
閒身	îng-sin
閒錢	îng-tsînn
閒閒	îng-îng
閒間	îng-king
閒頭時	îng-thâu-sî
閒養	hân-iáng
間仔	king-á
間仔底	king-á-té
間仔查某	king-á-tsa-póo
間接	kàn-tsiap
間斷	king-tn̄g
間日	kiàm-ji̍t
間日的瘧疾	kàn-ji̍t-ê-gio̍k-tsi̍t
間格	king-keh
間歇性	kàn-hioh-sìng
間色	kàinn-sik
間諜	kàn-tia̍p
間逝	kàinn-tsuā
間隔	king-keh
閔子騫	Bín-Tsú-khian
閘倚	tsa̍h-uá
閘光	tsa̍h-kng
閘圖	tsa̍h-tôo
閘屏	tsa̍h-pîn
閘斷	tsa̍h-tn̄g
閘日膏	tsa̍h-ji̍t-ko
閘暗	tsa̍h-àm
閘水	tsa̍h-tsuí
閘著	tsa̍h-tio̍h
閘話頭	tsa̍h-uē-thâu
閘路	tsa̍h-lōo
閘路頭	tsa̍h-lōo-thâu
閘車	tsa̍h-tshia
閘門	tsa̍h-mn̂g
閘雨	tsa̍h-hōo
閘雨棚	tsa̍h-hōo-pênn
閘風	tsa̍h-hong
閣一個	koh-tsi̍t-ê
閣一擺	koh-tsi̍t-pái
閣下	koh-hā
閣丹	kok-tan
閣來	koh-lâi
閣兼	koh-kiam
閣再	koh-tsài
閣再講	kok-tsài-kóng
閣出世	koh-tshut-sì
閣別	kok-pia̍t
閣加	koh-ke
閣去	koh-khì
閣員	koh-uân
閣娶	koh-tshuā
閣嫁	koh-kè
閣幾日	koh-kuí-ji̍t
閣愛閣怨慼	koh-ài-koh-uàn-tsheh
閣拾著	koh-khioh-tio̍h
閣揆	koh-kuî
閣換	koh-uānn
閣搬	koh-puann
閣有	koh-ū
閣欠	koh-khiàm
閣活	koh-ua̍h
閣活節	koh-ua̍h-tseh
閣流喙瀾	koh-lâu-tshuì-nuā
閣等	koh-tán
閣講	koh-kóng
閣較	koh-khah
閤家	ha̍p-ka
閨女	kui-lú
閨房	ke-pâng
閩侯	Bân-hâu
閩南	Bân-lâm
閩南人	bân-lâm-lâng
閩南話	Bân-lâm-uē
閩南語	Bân-lâm-gí
閩清	Bân-tshing
閩語	Bân-gí
閩越	Bân-ua̍t
閬港	làng-káng
閬蹘	làng-liâu
閬閌	lòng-khòng
閬閌間	lòng-khòng-king
閬閬	lòng-lòng
閬雲	làng-hûn
閬風	làng-hong
閱兵	ia̍t-ping
閱卷	ua̍t-kǹg
閱念	ua̍t-liām
閱覽	ia̍t-lám
閱覽室	ua̍t-lám-sik
閱讀	ua̍t-tho̍k
閹官	iam-kuann
閹宦	iam-huān
閹掉	iam-tiāu
閹耩	iam-káng
閹袋仔	iam-tē-á
閹豬	iam-ti
閹錢	iam-sînn
閹雞	iam-ke
閹雞行	iam-ke-kiânn
閹雞趁鳳飛	iam-ke-thàn-hōng-pue
閻王債	giâm-ông-tsè
閻羅王	Giâm-lô-ông
闇憨	am-khám
闇戇	am-gōng
闇耽	am-tam
闇貪	am-tham
闇雞	am-ke
闊別	khuah-pia̍t
闊喙食四方	khuah-tshuì-tsia̍h-sù-hong
闊嘴	khuah-tshuì
闊嘴仔	khuah-tshuì-á
闊嘴婆	khuah-tshuì-pô
闊嘴郎	khuah-tshuì-lông
闊嘴鶴	khuah-tshuì-ho̍h
闊大	khuah-tuā
闊幅	khuah-pak
闊度	khuah-tōo
闊手	khuah-tshiú
闊斧	khuah-póo
闊曠	khuah-khǹg
闊朗朗	khuah-lóng-lóng
闊漭漭	khuah-bóng-bóng
闊狹	khuah-e̍h
闊獅獅	khuah-sai-sai
闊碼	khuah-bā
闊綽	khoh-tsō
闊腹	khuah-pak
闊茫茫	khuah-bông-bông
闊莽莽	khuah-bóng-bóng
闊身	khuah-sin
闊面	khuah-bīn
闊頭仔	khuah-thâu-á
闔府	khap-hú
闔雺	kha̍h-bông
闖入	tsông-ji̍p
闖路	tshuànn-lōo
闖過	tshuànn-kuè
闖道	tshuànn-tō
闖關	tshuàn-kuan
關中	Kuan-tiong
關乩	kuan-ki
關係	kuan-hē
關係人	kuan-hē-jîn
關係著	kuan-hē-tio̍h
關入	kuainn-ji̍p
關公	Kuan-kong
關公崁	kuan-kong-khàm
關公崎	kuan-kong-kiā
關公目	kuan-kong-ba̍k
關公破	kuan-kong-phuà
關公賣棺柴	Kuan-kong-bē-kuann-tshâ
關刀	kuan-to
關刀花	kuan-to-hue
關刀豆	kuan-to-tāu
關刀鰱	kuan-to-liân
關切	kuan-tshiat
關卡	kuan-khah
關員	kuan-uân
關嘴	kuainn-tshuì
關山	Kuan-san
關島	Kuan-tó
關帝廟	Kuan-tè-biō
關帝爺	Kuan-tè-iâ
關店	kuainn-tiàm
關廟	Kuan-biō
關廟麵	Kuan-biō-mī
關心	kuan-sim
關愛	kuan-ài
關懷	kuan-huâi
關掉	kuainn-tiāu
關數	kuan-sòo
關於	kuan-î
關東	Kuan-tong
關機	kuainn-ki
關死	kuainn-sí
關注	kuan-tsù
關渡	Kan-tāu
關照	kuan-tsiàu
關監	kuainn-kann
關稅	kuan-suè
關童	kuan-tâng
關節	kuan-tsat
關節疼	kuan-tsat-thiànn
關聖帝君	Kuan-sìng-tè-kun
關聯	kuan-liân
關落陰	kuan-lo̍h-im
關西	Kuan-se
關說	kuan-suat
關起來	kuainn-khí-lâi
關車	kuainn-tshia
關連	kuan-liân
關鍵	kuan-kiàn
關鍵性	kuan-kiān-sìng
關防	kuan-hông
關頭	kuan-thâu
闡明	tshián-bîng
闡述	tshián-su̍t
闢建	phik-kiàn
闢為	pi̍t-uî
阨幅	e̍h-pak
阨擠擠	e̍h-tsinn-tsinn
阨櫼	e̍h-tsinn
阮先生	guán-sian-senn
阮兜	gún-tau
阮兩人	guán-nn̄g-lâng
阮太太	guán-thài-thài
阮最近欲畢業矣	guán-tsuè-kīn-beh-pit-gia̍p-ah
阮會曉唸	guán/gún-ē-hiáu-liām
阮朋友	gún-pîng-iú
阮爸	gún-pâ
阮牽手	guán-khan-tshiú
阮祖公	gún-tsóo-kong
阮翁	guán-ang
阮老爸	gún-lāu-pē
阮阿公	gún-a-kong
防不勝防	hông-put-sìng-hông
防備	hông-pī
防制	hông-tsè
防務	hông-bū
防守	hông-siú
防彈	hông-tuânn
防彈少年團	hông-tān-siáu-liân-thuân
防彈背心	hông-tān-puē-sim
防彈衣	hông-tuânn-i
防微杜漸	hông-bî-tōo-tsiām
防患	hông-huān
防患未然	hông-huān-bī-jiân
防曝	hông-pha̍k
防曝膏	hông-pha̍k-ko
防止	hông-tsí
防毒	hông-to̍k
防水	hông-tsuí
防治	hông-tī
防波堤	hông-pho-thê
防洪	hông-hông
防火	hông-hué
防火巷	hông-hué-hāng
防災	hông-tsai
防疫	hông-i̍k
防癆	hông-lô
防盜器	hông-tō-khì
防禦	hông-gī
防禦工事	hông-gī-kang-sū
防空壕	hông-khong-hô
防空洞	hâng-khong-tōng
防空溝	hâng-khong-kau
防範	hông-huān
防線	hông-suànn
防羊言	hông-iûnn-giân
防腐	hông-hù
防腐劑	hông-hù-tse
防蠓水	hông-báng-tsuí
防衛	hông-uē
防護	hông-hōo
防賊	hông-tsha̍t
防身	hông-sin
防身己	hông-sin-kí
防震	hông-tsìn
防風	hông-hong
防風林	hông-hong-lîm
阻力	tsóo-li̍k
阻卻違法事由	tsóo-khiok-uî-huat-sū-iû
阻擋	tsóo-tòng
阻擾	tsóo-jiáu
阻攔	tsóo-lân
阻斷	tsóo-tn̄g
阻止	tsóo-tsí
阻礙	tsóo-gāi
阻絕	tsóo-tsua̍t
阻隔	tsóo-keh
阿不倒	a-put-tó
阿伯	a-peh
阿修羅	A-siu-lô
阿兄	a-hiann
阿公	a-kong
阿公店	A-kong-tiàm
阿六仔	A-la̍k-á
阿共仔	a-kiōng-á
阿兵哥	a-ping-ko
阿勃仔	a-pu̍t-á
阿勇	A-ióng
阿勇伯	A-ióng-peh
阿卜怪	A-poh-kuài
阿卜蛇	A-poh-tsuâ
阿及	a-kah
阿叔	a-tsik
阿哥	a-ko
阿哥仔公子	a-ko-á-kong-tsú
阿哥舍	a-ko-sià
阿啄仔	a-tok-á
阿圾	a-sap
阿圾物	a-sap-mi̍h
阿太	a-thài
阿奶	a-nái
阿奶娘	a-nái-niû
阿妗	a-kīm
阿妹仔	a-muē-á
阿姆	a-ḿ
阿姆殺手	a-ḿ-sat-tshiú
阿姑	a-koo
阿姨	a-î
阿娘	a-niâ
阿娘喂	a-niâ-ueh
阿婆	a-pô
阿婆你莫吵	a-pô-lí-mài-tshá
阿婆錢	a-pô-tsînn
阿媽	a-má
阿媽我欲放屎	A-má-guá-beh-pàng-sái
阿嫂	a-só
阿嬸	a-tsím
阿孫	a-sun
阿宅	a-the̍h
阿富汗	A-hù-hān
阿山	a-suann
阿扁仔	A-pínn-á
阿拉	A-la
阿拉伯	a-la-pik
阿拉伯聯合大公國	A-lá-peh-Liân-ha̍p-Tāi-kong-kok
阿旦	a-tuànn
阿明	a-bîng
阿曼	A-bān
阿本仔	A-pún-á
阿桑	a-sáng
阿母	a-bó
阿母惜	a-bú-sioh
阿母惜的	a-bú-sioh-ê
阿母跤躼	a-bú-kha-lò
阿沙不魯	a-sa-puh-luh
阿炮	á-phàu
阿爸	a-pa
阿爹	a-tia
阿爾及利亞	A-ní-ki̍p-lī-a
阿狗	a-káu
阿狗氣	a-káu-khì
阿百尼	A-pah-nî
阿祖	a-tsóo
阿糟	o-tso
阿給	a-geh
阿罩霧	A-tà-bū
阿美族	A-bí-tso̍k
阿舅	a-kū
阿舍	a-sià
阿舍囝	a-sià-kiánn
阿莎力	a-sá-lih
阿蓮	A-lian
阿西	a-se
阿貓	a-niau
阿輝伯	A-hui-peh
阿里不達	a-lí-put-ta̍t
阿里參	a-lí-sim
阿里史	A-lí-sú
阿里山	A-lí-san
阿里關	A-lí-kuan
阿里阿查	a-lí-a-tsa
阿鉛絲	a-iân-si
阿闍梨	a-siâ-lê
阿香去香港買的香真芳	a-hiang-khì-hiong-káng-bé-ê-hiunn-tsin-phang
陂內坑	Pi-lāi-khinn
附上	hù-siāng
附中	hù-tiong
附件	hù-kiānn
附加	hù-ka
附和	hū-hō
附小	hù-sió
附屬	hù-sio̍k
附帶	hù-tài
附庸	hù-iông
附庸國	hù-iông-kok
附從	hù-tsiông
附著	hù-tio̍k
附表	hù-pió
附記	hù-kì
附設	hù-siat
附註	hū-tsù
附議	hù-gī
附身	hū-sin
附近	hù-kīn
附錄	hù-lo̍k
附魔	hù-môo
陋勢	lōo-sì
陋災	lōo-tse
陋絕	lōo-tse̍h
陋習	lōo-si̍p
陋規	lōo-kui
降下	kàng-hā
降伏	hâng-ho̍k
降低	kàng-kē
降價	kàng-kè
降到	kàng-kàu
降妖	hâng-iau
降將	hâng-tsiòng
降幅	kàng-hok
降旗	kàng-kî
降服	hâng-ho̍k
降溫	kàng-un
降火	kàng-hué
降火氣	kàng-hué-khì
降級	kàng-kip
降職	kàng-tsit
降至	kàng-tsì
降落	kàng-lo̍h
降落傘	kàng-lo̍h-suànn
降落跑道	kàng-lo̍h-pháu-tō
降雨	kàng-ú
降龍十八掌	Hâng-liông-si̍p-pat-tsiáng
限乏	hān-ha̍t
限制	hān-tsè
限制性	hān-tsè-sìng
限定	ān-tiānn
限度	hān-tōo
限於	hān-î
限時	hān-sî
限期	ān-kî
限死死	hān-sí-sí
限量	hān-liāng
限額	hān-gia̍h
陛下	pē-hā
陝西	Siám-sai
陝西省	Siám-sai-síng
院士	īnn-sū
院會	īnn-huē
院校	īnn-hāu
院轄市	īnn-hat-tshī
院長	īnn-tiúnn
院門	īnn-mn̂g
陣亡	tīn-bông
陣前	tīn-tsîng
陣前退	tīn-tsîng-thè
陣勢	tīn-sì
陣地	tīn-tē
陣容	tīn-iông
陣營	tīn-iânn
陣疼	tsūn-thiànn
陣痛	tīn-thiànn
陣線	tīn-suànn
陣腳	tīn-kha
陣雨	tsūn-hōo
陣頭	tīn-thâu
除中心化	tû-tiong-sim-huà
除了	tî-liáu
除以	tî-í
除去	tî-khì
除名	tî-miâ
除在外	tî-tsāi-guā
除夕	tî-si̍k
除外	tî-guā
除害	tî-hāi
除害安良	tî-hāi-an-liâng
除實	tî-si̍t
除役	tî-ia̍h
除掉	tî-tiāu
除根	tî-kin
除權	tî-kuân
除此之外	tî-tshú-tsi-guā
除法	tî-huat
除清	tî-tshing
除溼	tû-sip
除濕機	tû-sip-ki
除災	tî-tsai
除病	tî-pēnn
除籍	tî-tsi̍k
除罪	tî-tsuē
除臭劑	tî-tshàu-tse
除草	tî-tsháu
除號	tî-hō
除靈	tî-lîng
除非	tî-hui
陪人客	puê-lâng-kheh
陪伴	puê-phuānn
陪伴偵訊	puê-phuānn-tsing-sìn
陪伴出庭	puê-phuānn-tshut-tîng
陪你去	puê-lí-khì
陪到底	puê-kàu-té
陪同偵訊	puê-tông-tsing-sìn
陪同出庭	puê-tông-tshut-tîng
陪坐	puê-tsē
陪客	puê-kheh
陪審	puê-sím
陪審制	puê-sím-tsè
陪拜	puê-pài
陪產假	puê-sán-ká
陪綴	puê-tuè
陪罪	puê-tsuē
陪葬	puê-tsòng
陪賓	puê-pin
陪酒	pê-tsiú
陭仔	kiā-á
陭仔層	kiā-á-tsàn
陭坡	kiā-pho
陭層	kiā-tsàn
陰光	im-kong
陰冷	im-líng
陰功	im-kong
陰司	im-si
陰天	im-thinn
陰字	im-jī
陰宅	im-the̍h
陰居	im-ki
陰府	im-hú
陰影	im-iánn
陰德	im-tik
陰性	im-sìng
陰戶	im-hōo
陰曆	im-li̍k
陰桮	im-pue
陰極	im-ki̍k
陰毒	im-to̍k
陰氣	im-khì
陰沉	im-tîm
陰沉毒	im-thim-to̍k
陰涼	im-liâng
陰火	im-hué
陰狐疝	im-hôo-sàn
陰琛	im-thim
陰琛毒	im-thim-to̍k
陰琛面	im-thim-bīn
陰疝	im-sàn
陰症	im-tsìng
陰癇	im-kán
陰脣	im-tûn
陰莖	im-king
陰虱	im-sat
陰蝨	im-sat
陰蟲	im-thâng
陰謀	im-bôo
陰道	im-tō
陰部	im-pōo
陰門	im-mn̂g
陰間	im-kan
陰陰	im-im
陰陽	im-iâng
陰陽人	im-iông-lâng
陰陽師	im-iông-su
陰陽目	im-iâng-ba̍k
陰陽眼	im-iông-gàn
陰陽紙	im-iông-tsuá
陰險	im-hiám
陰險步	im-hiám-pōo
陰電	im-tiān
陰霾	im-bâi
陰風	im-hong
陰騭	im-tsik
陰騭痕	im-tsik-hûn
陰魂	im-hûn
陰鴆	im-thim
陳之漢	Tân-Tsi-hàn
陳佳瑩	Tân-Ka-îng
陳俊秀	Tân-Tsùn-siù
陳元光	Tân-Guân-kong
陳凰鳳	Tân-Hông-hōng
陳列	tīn-lia̍t
陳列室	tîn-lia̍t-sik
陳問言	Tân-Būn-giân
陳啟川	Tân-Khé-tshuan
陳嘉樺	Tân-Ka-hûa
陳奕迅	Tân-I̍k-sìn
陳奕齊	Tân-I̍k-tsê
陳妍希	Tân-Giân-hi
陳學聖	Tân-Ha̍k-sìng
陳定南	Tân-Tīng-lâm
陳屍	tîn-si
陳年	tîn-nî
陳年老酒	tîn-nî-ló-tsiú
陳年酒	tîn-nî-tsiú
陳建仁	Tân-Kiàn-jîn
陳弘耀	Tân-Hông-iāu
陳復志	Tân-Ho̍k-tsì
陳志隆	Tân-Tsì-liông
陳情	tîn-tsîng
陳情書	tîn-tsîng-su
陳意涵	Tân-Ì-hâm
陳文傑	Tân-bûn-kia̍t
陳日君	Tân-Ji̍t-kun
陳明文	Tân-Bîng-bûn
陳時中	Tân-Sî-tiong
陳柏惟	Tân-Pek-ûi
陳柔縉	Tân-Jiû-chìn
陳查某	Tân-tsa-bóo
陳水扁	Tân-Tsuí-pínn
陳永淘	Tân-Íng-tô
陳永華	Tân-Íng-huâ
陳海虹	Tân-Hái-hông
陳滄江	Tân-Tshong-kang
陳漢玲	Tân-Hàn-lîng
陳澄波	Tân-Tîng-pho
陳澄波故居	Tân-Tîng-pho-kòo-ki
陳瑤	Tân-Iâu
陳瑩	Tân-Îng
陳皮	tîn-phî
陳皮梅	tîn-phî-buê
陳盈潔	Tân-Îng-kiat
陳美君	Tân-Bí-kun
陳芬蘭	Tân-Hun-lân
陳芳明	Tân-Hong-bîng
陳菊	Tân-Kiok
陳設	tîn-siat
陳誠	Tân-Síng
陳赫	Tân-Hik
陳進	Tân-Tsìn
陳酒	tîn-tsiú
陳風	Tîn-hong
陵寢	lîng-tshím
陷坑	hām-khenn
陷害	hām-hāi
陷於	hām-î
陷眠	hām-bîn
陷眠話	hām-bîn-uē
陷窟	hām-khut
陷竭	khām-khe̍h
陷肥	hām-puî
陷菜	hām-tshài
陷落	hām-lo̍h
陷阱	hām-tsénn
陸上	lio̍k-siāng
陸光	Lio̍k-kong
陸兵	lio̍k-ping
陸地	lio̍k-tē
陸戰	lio̍k-tsiàn
陸戰隊	lio̍k-tsiàn-tuī
陸提	lio̍k-thê
陸橋	lio̍k-kiô
陸海空	lio̍k-hái-khong
陸續	lio̍k-sio̍k
陸英	lio̍k-ing
陸路	li̍k-lōo
陸軍	lio̍k-kun
陸軍官校	Lio̍k-kun-kuann-hāu
陸運	lio̍k-ūn
陸龜	lio̍k-ku
陽仔目	iông-á-ba̍k
陽台	iâng-tâi
陽壽	iâng-siū
陽字	iông-jī
陽性	iông-sìng
陽性反應	iông-sìng-huán-ìng
陽明	Iông-bîng
陽明山	Iông-bîng-suann
陽明醫院	Iông-bîng-i-īnn
陽春	iông-tshun
陽曆	iông-li̍k
陽極	iông-ki̍k
陽癇	iông-kán
陽起石	iông-khí-si̍k
陽間	iông-kan
陽電	iông-tiān
隆乳	liông-lú
隆厚	liông-hōo
隆田	Liông-tiân
隆盛	liông-sīng
隆興	liông-hing
隆重	liông-tiōng
隊伍	tuī-ngóo
隊員	tuī-uân
隊旗	tuī-kî
隊部	tuī-pōo
隊長	tuī-tiúnn
階乘	kai-sîng
階層	kai-tsân
階段	kai-tuānn
階級	kai-kip
隔一工	keh-tsi̍t-kang
隔冬	keh-tang
隔壁	keh-piah
隔壁位	keh-piah-uī
隔壁厝	keh-piah-tshù
隔壁國	keh-piah-kok
隔壁家	keh-piah-ke
隔宮	keh-king
隔山	keh-suann
隔工	keh-kang
隔年	keh-nî
隔日	keh-ji̍t
隔早起	keh-tsá-khí
隔暗	keh-àm
隔暝	keh-mê
隔暝飯	keh-mê-pn̄g
隔熱	keh-jia̍t
隔界	keh-kài
隔空	keh-khang
隔絕	keh-tsua̍t
隔腹	keh-pak
隔腹兄	keh-pak-hiann
隔腹小妹	keh-pak-sió-muē
隔腹小弟	keh-pak-sió-tī
隔腹阿兄	keh-pak-a-hiann
隔腹阿姊	keh-pak-a-tsí
隔號	keh-hō
隔轉冬	keh-tńg-tang
隔轉工	keh-tńg-kang
隔轉年	keh-tńg-nî
隔轉日	keh-tńg-ji̍t
隔轉暗	keh-tńg-àm
隔轉暝	keh-tńg-mê
隔開	keh-khui
隔間	keh-king
隔間肉	keh-king-bah
隔閡	keh-hik
隔離	keh-lī
隔音	keh-im
隔音壁	keh-im-piah
隔音枋	keh-im-pang
隔馬	keh-bé
隕石	ún-si̍k
隘寮下	Ài-liâu-ē
際遇	tsè-gū
障礙	tsiòng-gāi
障礙物	tsiòng-gāi-bu̍t
隧道	suī-tō
隨一個	suî-tsi̍t-ê
隨一項	suî-tsi̍t-hāng
隨个仔隨个	suî-ê-á-suî-ê
隨予白	suî-hōo-pe̍h
隨人	suî-lâng
隨人意	suî-lâng-ì
隨人食	suî-lâng-tsia̍h
隨來	suî-lâi
隨便	suî-piān
隨個	suî-ê
隨備	suî-pī
隨同	suî-tông
隨和	suî-hô
隨員	suî-uân
隨在	suî-tsāi
隨在人	suî-tsāi-lâng
隨在你	suî-tsāi-lí
隨在我	suî-tsāi-guá
隨地	suî-tē
隨大流	suî-tāi-liû
隨字讀	suî-jī-tha̍k
隨後	suî-hiō
隨意	suî-ì
隨手	suî-tshiú
隨星	suî-tshenn
隨時	suî-sî
隨會白	suî-ē-pe̍h
隨會通	suî-ē-thong
隨機	suî-ki
隨母嫁	suî-bó-kè
隨煞	suî-suah
隨行	suî-hîng
隨行科技	suî-hîng-kho-ki
隨身碟	suî-sin-tia̍p
隨身聽	suî-sin-thiann
隨身電源	suî-sin-tiān-guân
隨車	suî-tshia
隨隊	suî-tuī
隨隨	suî-suî
隨電	suî-tiān
隨風	suî-hong
隨香	suî-hiunn
險勝	hiám-sìng
險厄	hiám-eh
險境	hiám-kíng
險惡	hiám-ok
險詐	hiám-tsà
險象環生	hiám-siōng-khuân-sing
險路	hiám-lōo
險陭	hiám-kiā
險險	hiám-hiám
險險差一點	hiám-hiám-tsha-tsi̍t-tiám
險難	hiám-lān
隱作期	ín-tsoh-kî
隱匿	ín-bih
隱名化	ún-miâ-huà
隱含	ín-hâm
隱喻	ín-jū
隱囥	ún-khǹg
隱士	ín-sū
隱密	ín-bi̍t
隱居	ún-ki
隱形	ín-hîng
隱形目鏡	ín-hîng-ba̍k-kiànn
隱性	ún-sìng
隱情	ín-tsîng
隱憂	ín-iu
隱火	ín-hué
隱痀	ún-ku
隱痀个落崎	ún-ku-ê-lo̍h-kiā
隱痀仔蟲	ún-ku-á-thâng
隱痀橋	ún-ku-kiô
隱瞞	ún-muâ
隱私	ún-su
隱私權	ún-su-kuân
隱藏	ín-tsông
隱遁	ún-tūn
隸字	lē-jī
隸屬	lē-sio̍k
隸書	lē-su
雀斑	tshiok-pan
雀猴	tshia̍k-kâu
雀猴性	tshik-kâu-sìng
雀盲	tsiah-mî
雀賊	tshiok-tsha̍t
雀雀趒	tshia̍k-tshia̍k-tiô
雀雀跳	tshia̍k-tshia̍k-thiàu
雀頭香	tshiok-thâu-hiunn
雀鳥仔	tshiok-tsiáu-á
雀鷂	tshiok-iāu
雀鷹	tshiok-ing
雁來紅	gān-lâi-hông
雁子磚	gān-tsí-tsng
雄三飛彈	hiông-sam-hui-tuânn
雄介介	hiông-kài-kài
雄偉	hiông-uí
雄力	hiông-la̍t
雄壯	hiông-tsòng
雄姿	hiông-tsu
雄心	hiông-sim
雄戒戒	hiông-kài-kài
雄死	hiông-sí
雄流	hiông-lâu
雄火	hiông-hué
雄狂	hiông-kông
雄獅	hiông-sai
雄辯	hiong-piān
雄迫迫	hiông-piah-piah
雄逼逼	hîng-pik-pik
雄雄	hiông-hiông
雄雄眼著	hiông-hiông-gán-tio̍h
雄雨	hiông-hōo
雄風	hiông-hong
雄骨	hiông-kut
雄黃	hîn-hông
雄黃酒	hiông-hông-tsiú
雅典	Ngá-tián
雅加達	Ngá-ka-ta̍t
雅意	ngá-ì
雅氣	ngá-khì
雅觀	ngá-kuan
雅言	ngá-giân
雅量	ngá-liāng
集中	tsi̍p-tiong
集中力	tsi̍p-tiong-la̍t
集中市場	tsi̍p-tiong-tshī-tiûnn
集中營	tsi̍p-tiong-iânn
集倚	tsi̍p-uá
集做夥	tsi̍p-tsò-hué
集合	tsi̍p-ha̍p
集團	tsi̍p-thuân
集成	tsi̍p-sîng
集散地	tsi̍p-suànn-tē
集散站	tsi̍p-suànn-tsām
集會	tsi̍p-huē
集權	tsi̍p-kuân
集線器	tsi̍p-suànn-khì
集美	Tsi̍p-bí
集聚	tsi̍p-tsū
集訓	tsi̍p-hùn
集貨	tsi̍p-huè
集資	tsi̍p-tsu
集體	tsi̍p-thé
集點卡	tsi̍p-tiám-khá
雇主	kòo-tsú
雇員	kòo-uân
雉雞	thī-ke
雉雞卵	thī-ke-nn̄g
雉雞尾	thī-ke-bué
雌雄眼	tshú-hiông-gán
雍正	Iong-tsìng
雕像	tiau-siōng
雕刻	tiau-khik
雕刻家	tiau-khik-ka
雕古董	tiau-kóo-tóng
雕塑	tiau-sok
雕彎	tiau-uan
雕歪	tiau-uai
雕琢	tiau-tok
雕督	tiau-tok
雕花	tiau-hue
雕落來	tiau-lo̍h-lâi
雕達	tiau-ta̍t
雕養	tiau-iáng
雕龍蝦	tiau-lîng-hê
雖然	sui-jiân
雖罔	sui-bóng
雖講	sui-kóng
雙下頦	siang-ē-huâi
雙人床	siang-jîn-tshn̂g
雙倍	siang-puē
雙倒水	siang-tó-tsuí
雙冠龍	siang-kuan-liông
雙冬花	siang-tang-hue
雙刀草猴	Siang-to-tsháu-kâu
雙十	siang-si̍p
雙十節	siang-si̍p-tsiat
雙叉	siang-tshe
雙叉路	siang-tshe-lōo
雙園	Siang-hn̂g
雙奇	siang-khia
雙子	Siang-tsú
雙子座	Siang-tsú-tsō
雙子星	Siang-tsú-tshenn
雙寶藤	siang-pó-tîn
雙層	siang-tsân
雙層標準	siang-tsân-piau-tsún
雙徛人	siang-khiā-jîn
雙手	siang-tshiú
雙手沐血	siang-tshiú-bak-hueh
雙手溴	siang-tshiú-hiù
雙打	siang-tánn
雙數	siang-sòo
雙方	siang-hong
雙旁	siang-pîng
雙旁倒	siang-pîng-tó
雙普選	siang-phóo-suán
雙棚鬥	siang-pênn-tàu
雙槳仔	siang-tsiúnn-á
雙沿	siang-iân
雙溪	Siang-khe
雙溪口	siang-khe-kháu
雙爿	siang-pîng
雙爿倒	siang-pîng-tó
雙爿好	siang-pîng-hó
雙爿溝通	siang-pîng-koo-thong
雙爿魚	siang-pîng-hî
雙生	siang-senn
雙生仔	siang-senn-á
雙生瓦斯	Siang-senn-gá-suh
雙管齊下	siang-kuán-tsê-hā
雙糕潤	siang-ko-lūn
雙線	siang-suànn
雙翼	siang-si̍t
雙聲響	siang-siann-hiúnn
雙股劍	siang-kóo-kiàm
雙胎	siang-the
雙腳	siang-kha
雙腹銃	siang-pak-tshìng
雙臂	siang-pì
雙花	siang-hue
雙葉	siang-hio̍h
雙號	siang-hō
雙蛾	siang-ngôo
雙親	siang-tshin
雙角龜仔	siang-kak-ku-á
雙跤踏雙船	siang-kha-ta̍h-siang-tsûn
雙軌	siang-khuí
雙連	Siang-liân
雙鉤股	siang-kau-kóo
雙關兩意	siang-kuan-lióng-ì
雙面	siang-bīn
雙面光	siang-bīn-kng
雙面刀鬼	siang-bīn-to-kuí
雙面刺	siang-bīn-tshì
雙面劍	siang-bīn-kiàm
雙面標準	siang-bīn-phiau-tsún
雙面瓦斯	Siang-bīn-gá-suh
雙頭	siang-thâu
雙頭了	siang-thâu-liáu
雙頭出	siang-thâu-tshut
雙頭夾	siang-thâu-kiap
雙頭好	siang-thâu-hó
雙頭烏	siang-thâu-oo
雙頭蛇	siang-thâu-tsuâ
雙頭鳥	Siang-thâu-ah
雙髻	siang-kè
雙髻鯊	siang-kuè-sua
雙魚	Siang-hî
雙魚座	Siang-hî-tsō
雙鵝	siang-gô
雜事	tsa̍p-sū
雜務	tsa̍p-bū
雜唸	tsa̍p-liām
雜唸茹	tsa̍p-liām-jî
雜嘈	tsa̍p-tsô
雜居	tsa̍p-ki
雜差仔	tsa̍p-tshe-á
雜差兼管家	tsa̍p-tshe-kiam-kuán-ke
雜才	tsa̍p-tsâi
雜捅捅	tsa̍p-thong-thóng
雜插	tsa̍p-tshap
雜柴	tsa̍p-tshâ
雜爊羹糜	tsa̍p-o-kenn-muê
雜牌仔	tsa̍p-pâi-á
雜物	tsa̍p-bu̍t
雜碎	tsa̍p-tshuì
雜碎代	tsa̍p-tshuì-tāi
雜碎空課	tsa̍p-tshuì-khang-khuè
雜種	tsa̍p-tsíng
雜種仔	tsa̍p-tsíng-á
雜糧	tsa̍p-niû
雜累碎	tsa̍p-luì-tshuì
雜細	tsa̍p-sè
雜聲	tsa̍p-siann
雜脆仔	tsa̍p-tshè-á
雜膜	tsa̍p-mo̍oh
雜草	tsa̍p-tsháu
雜草叢生	tsa̍p-tsháu-tsông-sing
雜菜滷	tsa̍p-tshài-lóo
雜菜麵	tsa̍p-tshài-mī
雜落鬥	tsa̍p-làu-tàu
雜號仔	tsa̍p-hō-á
雜誌	tsa̍p-tsì
雜誌社	tsa̍p-tsì-siā
雜貨	tsa̍p-huè
雜貨仔店	tsa̍p-huè-á-tiàm
雜費	tsa̍p-huì
雜質	tsa̍p-tsit
雜路用	tsa̍p-lōo-iōng
雜配	tsa̍p-phuè
雜錯	tsa̍p-tshò
雜錯人	tsa̍p-tshò-lâng
雜錯物	tsa̍p-tshò-mi̍h
雜錯色	tsa̍p-tshò-sik
雜錯麵	tsa̍p-tshò-mī
雜音	tsa̍p-im
雜項	tsa̍p-hāng
雜頭	tsa̍p-thâu
雞丹	ke-tan
雞仔	ke-á
雞仔囝	ke-á-kiánn
雞仔目	ke-á-ba̍k
雞仔花	ke-á-hue
雞仔魚	ke-á-hî
雞仔鴨仔講袂通	ke-á-ah-á-kóng-bē-thong
雞僆	ke-nuā
雞僆仔	ke-nuā-á
雞公	ke-kang
雞公刺	ke-kang-tshì
雞公樹	ke-kang-tshiū
雞公頭	ke-kang-thâu
雞冠木	ke-kuan-bo̍k
雞冠花	ke-kuan-hue
雞卵	ke-nn̄g
雞卵仁	ke-nn̄g-jîn
雞卵冰	ke-nn̄g-ping
雞卵形	ke-nn̄g-hîng
雞卵捲	ke-nn̄g-kńg
雞卵果	ke-nn̄g-kó
雞卵清	ke-nn̄g-tshing
雞卵湯	ke-nn̄g-thng
雞卵糕	ke-nn̄g-ko
雞卵花	ke-nn̄g-hue
雞卵面	ke-nn̄g-bīn
雞卵麭	ke-nńg-pháng
雞叫更	ke-kiò-kinn
雞啼	ke-thî
雞喌仔	ke-tsû-á
雞報寅	ke-pò-în
雞報曉	ke-pò-hiáu
雞塊	ke-khuài
雞婆	ke-pô
雞婆嘴	ke-pô-tshuì
雞婆筅	ke-pô-tshíng
雞子大	ke-tsí-tāi
雞子拈	ke-tsí-liam
雞孫	ke-sun
雞尻川	ke-kha-tshng
雞尾椎	ke-bué-tsui
雞屎	ke-sái
雞屎果	ke-sái-kó
雞屎落塗嘛有三寸煙	ke-sái-lo̍h-thôo-mā-ū-sann-tshùn-ian
雞屎藤	ke-sái-tîn
雞屎藤毋敢拋桂花樹	ke-sái-tîn-m̄-kánn-pha-kuì-hue-tshiū
雞屎蜂	ke-sái-phang
雞庵	ke-am
雞後爪	ke-āu-jiáu
雞心菜	ke-sim-tshài
雞心豆	ke-sim-tāu
雞指	ke-tsáinn
雞掩	ke-am
雞摸	ke-bong
雞枕	ke-tsím
雞柔	ke-jiû
雞核	ke-hu̍t
雞核仔	ke-hu̍t-á
雞桃	ke-thô
雞桃仔	ke-thô-á
雞椆	ke-tiâu
雞榆	ke-jiû
雞母	ke-bó
雞母子	ke-bó-tsí
雞母岫	ke-bó-siū
雞母樹	ke-bó-tshiū
雞母狗仔	ke-bó-káu-á
雞母珠	ke-bó-tsu
雞母皮	ke-bó-phuê
雞母蟲	ke-bó-thâng
雞母𤆬	ke-bó-tshuā
雞毛	ke-mn̂g
雞毛猴	ke-môo-kâu
雞毛筅	ke-mn̂g-tshíng
雞毛管仔	ke-moo-kóng-á
雞毛踢仔	ke-moo-that-á
雞油	ke-iû
雞湯	ke-thng
雞災	ke-tse
雞爪	ke-jiáu
雞爪楓	ke-jiáu-png
雞爪瘋	ke-jiáu-hong
雞爪蘭	ke-jiáu-lân
雞目	ke-ba̍k
雞盲	ke-biang
雞相啄	ke-sio-tok
雞眉	ke-bâi
雞眠	ke-bîn
雞眼	ke-gán
雞睫暝	ke-tseh-mê
雞磚	ke-tsng
雞管	ke-kńg
雞籠	ke-lam
雞籠蜂	ke-lang-phang
雞精	ke-tsing
雞糞藤	ke-pùn-tîn
雞絲麵	ke-si-mī
雞罩	ke-tà
雞翁	ke-ang
雞肉	ke-bah
雞肉烘	ke-bah-hang
雞肉磚	ke-bah-tsng
雞肉糋	ke-bah-tsìnn
雞肉角	ke-bah-kak
雞胗	kue-kiān
雞胸	ke-hing
雞胿球	ke-kui-kiû
雞腳	ke-kha
雞腳爪	ke-kha-jiáu
雞腳草	ke-kha-tsháu
雞腳蘭	ke-kha-lân
雞腳距	ke-kha-kī
雞腸草	ke-tn̂g-tsháu
雞腹內	ke-pak-lāi
雞腿	ke-thuí
雞膏比豆醬	ke-ko-pí-tāu-tsiùnn
雞膦核	ke-lān-hu̍t
雞薊捲	ke-kè-kńg
雞襟胸	ke-khim-hing
雞角	ke-kak
雞角仔	ke-kak-á
雞角公	ke-kak-kang
雞角刺	ke-kak-tshì
雞角性	ke-kak-sìng
雞角胎	ke-kak-thai
雞記持	ke-kì-tî
雞豆	ke-tāu
雞豚仔	ke-thûn-á
雞距	ke-kī
雞那	ke-ná
雞那粉	ke-ná-hún
雞那霜	ke-ná-sng
雞酒	ke-tsiú
雞雄	ke-hîng
雞雛仔	ke-tsû-á
雞頭	ke-thâu
雞頭啼	ke-thâu-thî
雞頭子	ke-thâu-tsí
雞頭肉	ke-thâu-bah
雞香藤	ke-hiong-tîn
雞駘	ke-tâi
雞駘相	ke-tâi-siàng
雞駘神	ke-tâi-sîn
雞骨黃	ke-kut-hông
雞髻	ke-kè
雞髻花	ke-kè-hue
雞髻菜	ke-kè-tshài
雞魚	ke-hî
雞鱸	ke-lôo
雞鴨	ke-ah
雞鴨仔	ke-ah-á
雞鵤仔	ke-kak-á
雞鷹	ke-ing
雞齊根	ke-tsê-kin
雞𡳞核	ke-lān-hu̍t
離世	lī-sè
離世孤	lī-sè-koo
離仔甲	lî-á-kah
離俗	lī-sio̍k
離別	lī-pia̍t
離去	lī-khì
離合	lī-ha̍p
離合器	lī-ha̍p-khì
離地	lī-tē
離境	lī-kíng
離天七舖外路	lī-thinn-tshit-phòo-guā-lōo
離奇	lī-kî
離奇失蹤	lī-kî-sit-tsong
離奶	lī-ling
離婚	lī-hun
離婚書	lī-hun-su
離宮	lī-kiong
離家	lī-ka
離家出走	lī-ka-tshut-tsáu
離岸	lī-huānn
離岸流	lī-huānn-liû
離席	lī-si̍k
離心	lī-sim
離愁	lī-tshiû
離掉	lī-tiāu
離書	lī-su
離某	lī-bóo
離棄	lī-khì
離櫥	lī-tû
離無偌遠	lī-bô-luā-hn̄g
離現實主義	lī-hiān-si̍t-tsú-gī
離異	lī-ī
離療	lī-liâu
離窵	lī-tiàu
離經	lī-king
離緣	lī-iân
離緣某	lī-iân-bóo
離職	lī-tsit
離譜	lī-phóo
離身	lī-sin
離近近	lī-kīn-kīn
離遠遠	lī-hn̄g-hn̄g
離鄉	lī-hiong
離鄉背井	lī-hiong-puē-tsénn
離開	lī-khui
離離落落	lī-lī-lak-lak
離鹵幌	lī-lōo-hián
難上加難	lân-siāng-ka-lân
難事	lân-sû
難以形容	lân-í-hîng-iông
難以相信	lân-í-siang-sìn
難保	lân-pó
難免	lân-bián
難堪	lân-kham
難如登天	lân-jî-ting-thian
難局	lân-kio̍k
難度	lân-tōo
難得	lân-tit
難忍	lân-jím
難忘	lân-bông
難怪	lân-kuài
難成	lân-sîng
難易	lân-īnn
難民	lān-bîn
難治	lân-tī
難為	lân-uî
難為情	lân-uî-tsîng
難產	lân-sán
難當	lân-tong
難耐	lân-nāi
難胞	lān-pau
難能可貴	lân-lîng-khó-kuì
難色	lân-sik
難解	lân-kái
難說	lân-sueh
難辨	lân-pān
難逃	lân-tô
難關	lân-kuan
難題	lân-tê
雨仔	hōo-á
雨仔鬚	hōo-á-tshiu
雨來	hōo-lâi
雨來天	hōo-lâi-thinn
雨傘	hōo-suànn
雨傘店	hōo-suànn-tiàm
雨傘杜定	hōo-suànn-tōo-tīng
雨傘樹	hōo-suànn-tshiū
雨傘節	hōo-suànn-tsat
雨傘蛇	hōo-suànn-tsuâ
雨傘襇	hōo-suànn-kíng
雨傘魚	hōo-suànn-hî
雨勢	hōo-sì
雨咧欲來	hōo-tih-beh-lâi
雨夜花	Ú-iā-hue
雨季	hōo-kuì
雨屑仔	hōo-sap-á
雨屑屑	hōo-sap-sap
雨帽	hōo-bō
雨幔	hōo-mua
雨幔衫	hōo-mua-sann
雨後春筍	ú-āu-tshun-sún
雨怪	hōo-kuài
雨抿仔	hōo-bín-á
雨捽仔	hōo-sut-á
雨掰仔	hōo-pué-á
雨撇仔	hōo-phiat-á
雨晴啦	hōo-tsînn-lah
雨期	ú-kî
雨林	ú-lîm
雨棚	hōo-pênn
雨槽	hōo-tsô
雨毛仔	hōo-mn̂g-á
雨水	hōo-tsuí
雨水儕	hōo-tsuí-tsē
雨水蟻	hōo-tsuí-hiā
雨滴	hōo-tih
雨濛仔	hōo-mng-á
雨濛濛	hōo-bang-bang
雨白	hōo-pe̍h
雨神	hōo-sîn
雨站	hōo-tsām
雨笠	hōo-lue̍h
雨縫	hōo-phāng
雨腳	hōo-kha
雨蛙	hōo-kuâi
雨螺	hōo-lê
雨衣	hōo-i
雨衫	hōo-sann
雨遮	hōo-jia
雨量	ú-liòng
雨閘	hōo-tsa̍h
雨霎仔	hōo-sap-á
雨靴	hōo-hia
雨鞋	hōo-ê
雨鬚	hōo-tshiu
雨點仔	hōo-tiám-á
雪上加霜	suat-siāng-ka-song
雪中送炭	suat-tiong-sàng-thuànn
雪人	seh-lâng
雪地	suat-tē
雪尪仔	seh-ang-á
雪山	seh-suann
雪帽	seh-bō
雪幔	suat-mua
雪文	sap-bûn
雪文戲	sap-bûn-hì
雪文液	ssap-bûn-i̍k
雪文精	sap-bûn-tsing
雪文膏	sap-bûn-ko
雪景	seh-kíng
雪梅	suat-muê
雪梨	Suat-lê
雪片糕	suat-phiàn-ko
雪米	seh-bí
雪糕	suat-ko
雪花	suat-hua
雪車	seh-tshia
雪車犬	suat-tshia-khián
雪鴛鴦	seh-uan-iunn
雲內	hûn-lāi
雲南	Hûn-lâm
雲南省	Hûn-lâm-síng
雲吞	hûn-thun
雲和	Hûn-hô
雲影	hûn-iánn
雲林	Hûn-lîm
雲林工專	Hûn-lîm-kang-tsuan
雲林縣	Hûn-lîm-kuān
雲梯	hûn-thui
雲海	hûn-hái
雲湧	hûn-íng
雲石	hûn-tsio̍h
雲端	hûn-tuan
雲端發票	hûn-tuan-huat-phiò
雲罩密密	hûn-tà-ba̍t-ba̍t
雲遊	hûn-iû
雲遊四海	hûn-iû-sù-hái
雲遨	ûn-gô
雲門	Hûn-mn̂g
雲門舞集	Hûn-mn̂g-bú-tsi̍p
雲集	hûn-tsi̍p
雲雨	hûn-hōo
雲霄	Hûn-sio
雲霄車	ûn-sio-tshia
雲霓	hûn-gê
雲霞	hûn-hê
雲霧	hûn-bū
雲頂	hûn-tíng
雲頂硬碟	hûn-tíng-ngē-tia̍p
雲頂運算	hûn-tíng-ūn-suàn
零下	lîng-hā
零亂	lîng-luān
零件	lîng-kiānn
零分	lîng-hun
零售	lîng-siū
零售商	lîng-siū-siong
零售店	lîng-siū-tiàm
零數	lîng-sòo
零星	lân-san
零星仔	lân-san-á
零星尾	lân-san-bué
零星工	lân-san-kang
零星工課	lân-san-khang-khuè
零星用	lân-san-īng
零星肉	lan-san-bah
零星股	lân-san-kóo
零星買	lân-san-bé
零星賣	lân-san-bē
零星錢	lân-san-tsînn
零時	lîng-sî
零時政府	Lîng-sî-tsìng-hú
零物	lân-mi̍h
零用	lîng-iōng
零用金	lîng-iōng-kim
零碎	lân-tshuì
零碎肉	lân-tshuì-bah
零確診	lîng-khak-tsín
零食	lîng-si̍t
雷丘	Luî-khu
雷公	luî-kong
雷公壺	Luî-kong-ôo
雷公尾	Luî-kong-bué
雷公性	luî-kong-sìng
雷公摃	luî-kong-kòng
雷公摃死	luî-kong-kòng-sí
雷公敲死	luî-kong-khà-sí
雷公敲著	luî-kong-khà-tio̍h
雷公杖	luî-kong-thn̄g
雷公根	luî-kong-kin
雷公棦	luî-kong-tshing
雷公爍爁	luî-kong-sih-nah
雷公球	Re-gon-kiu
雷公磕	luî-kong-khà
雷公藤	luî-kong-tîn
雷公鈞	luî-kong-kun
雷公雨	luî-kong-hōo
雷公面	luî-kong-bīn
雷公鳥	luî-kong-tsiáu
雷公點心	luî-kong-tiám-sim
雷吼	luî-háu
雷射	luî-siā
雷摃死	luî-kòng-sí
雷根	Luî-kin
雷管	luî-kńg
雷精靈	Luî-tsiann-lîng
雷聲	luî-siann
雷達	luî-ta̍t
雷鍼	luî-tsim
雷電	luî-tiān
雷電球	Luî-tiān-kiû
雷鞭	luî-pian
雷魚	luî-hî
雷鳥	luî-tsiáu
雺煙	bông-ian
雺霧	bông-bū
雺露	bông-lōo
電仁	tiān-lîn
電位	tiān-uī
電信	tiān-sìn
電傳	tiān-thuân
電光	tiān-kong
電光炮	tiān-kong-phàu
電光片	tiān-kong-phìnn
電力	tiān-li̍k
電力學	tiān-li̍k-ha̍k
電力表	tiān-li̍k-pió
電動	tiān-tōng
電動仔	tiān-tōng-á
電動奕者	tiān-tōng-ī-tsiá
電動機	tiān-tōng-ki
電動車	tiān-tōng-tshia
電動間	tiān-tōng-king
電化	tiān-huà
電匯	tiān-huē
電台	tiān-tâi
電吸仔	tiān-khip-á
電吹	tiān-tshue
電唱機	tiān-tshiùnn-ki
電器	tiān-khì
電土	tiān-thôo
電域	tiān-hi̍k
電報	tiān-pò
電場	tiān-tiûnn
電壓	tiān-ap
電壓計	tian-ap-kè
電子	tiān-tsú
電子所	tiān-tsú-sóo
電子批	tiān-tsú-phue
電子批桶	tiān-tsú-phue-tháng
電子琴	tiān-tsú-khîm
電子發票	tiān-tsú-huat-phiò
電子秤	tiān-tsú-tshìn
電子糋鍋	tiān-tsú-tsìnn-ko
電子花車	tiān-tsú-hue-tshia
電子薰	tiān-tsú-hun
電子郵件	tiān-tsú-iû-kiānn
電子雲	tiān-tsí-hûn
電子音樂	tiān-tsú-im-ga̍k
電孵箱	tiān-pū-siunn
電容	tian-iông
電容器	tiān-iông-khì
電導	tiān-tō
電工	tiān-kang
電工鉗	tiān-kang-khînn
電廠	tiān-tshiúnn
電弧	tiān-hô͘o
電影	tiān-iánn
電影仔	tiān-iánn-á
電影界	tiān-iánn-kài
電影間	tiān-iánn-king
電影院	tiān-iánn-inn
電扇	tiān-sìnn
電扇紡	tiān-sìnn-pháng
電扇風	tiān-sìnn-hong
電扶梯	tiān-hû-thui
電抿仔	tiān-bín-á
電掃	tiān-sàu
電掃帚	tiān-sàu-tshiú
電擊	tiān-kik
電文	tiān-bûn
電晶體	tiān-tsenn-thé
電杉	tiān-sam
電柱	tiān-thiāu
電梯	tiān-thui
電極	tiān-ki̍k
電樓梯	tiān-lâu-thui
電機工程	tiān-ki-kang-tîng
電機系	tiān-ki-hē
電欶仔	tiān-suh-仔
電死	tiān-sí
電毯	tiān-thán
電氣	tiān-khì
電氣學	tiān-khì-ha̍k
電氣行	tiān-khì-hâng
電氣鼠	tiān-khì-tshí
電水爐	tiān-tsuí-lôo
電池	tiān-tî
電池車	tiān-tî-tshia
電油	tiān-iû
電波	tiān-pho
電流	tiān-liû
電流表	tiān-liû-pió
電源	tiān-guân
電火	tiān-hué
電火寐	tiān-hué-bái
電火布	tiān-hué-pòo
電火戲	tiān-huē-hì
電火柱	tiān-hué-thiāu
電火珠仔	tiān-hué-tsu-á
電火管	tiān-hué-kóng
電火花	tiān-hué-hue
電火藥	tiān-hué-io̍k
電烘爐	tiān-hang-lôo
電烘箱	tiān-hang-siunn
電焊工	tiān-huānn-kang
電焊銃	tiān-huānn-tshìng
電熱器	tiān-jia̍t-khi
電燈	tiān-ting
電燈柱	tiān-ting-thiāu
電燒風	tiān-sio-hong
電爐	tiān-lôo
電珠	tiān-tsu
電珠仔	tiān-tsu-á
電球	tian-kiû
電球仔	tiān-kiû-á
電琴	tiān-khîm
電瓶	tiān-pân
電界	tiān-kài
電療	tiān-liâu
電眼	tiān-gán
電石	tiān-tsio̍h
電磁場	tiān-tsû-tiûnn
電磁學	tiān-tsû-ha̍k
電磁怪	Tiān-tsû-kuài
電磁爐	tiān-tsû-lôo
電磁石	tiān-tsû-tsio̍h
電磁鐵	tiān-tsû-thih
電磅	tiān-pōng
電磨	tiān-bō
電秤	tiān-tshìn
電筆	tiān-pit
電筒	tiān-tâng
電算盤	tiān-sǹg-puânn
電糋爐	tiān-tsìnn-lôo
電糋鍋	tiān-tsìnn-ko
電線	tiān-suànn
電線批	tiān-suànn-phue
電纜	tiān-lám
電罐仁	tiān-kuàn-lîn
電肺	tiān-hì
電能	tiān-lîng
電腦	tiān-náu
電腦仔批	tiān-náu-á-phue
電腦化	tiān-náu-huà
電腦印紙機	tiān-náu-ìn-tsuá-ki
電腦批	tiān-náu-phue
電腦斷層	tian-náu-tuān-tsân
電腦納錢	tiān-náu-la̍p-tsînn
電腦輔助工程	tiān-náu-hú-tsōo-kang-tîng
電腦電動	tiān-náu-tiān-tōng
電腦鼠	tiān-náu-tshí
電腦龜仔	tiān-náu-ku-á
電船	tiān-tsûn
電著	tiān-tio̍h
電薰	tiān-hun
電藥	tiān-io̍k
電虎爺	Tiān-hóo-iâ
電蠓仔桮	tiān-báng-á-pue
電蠓仔機	tiān-báng-á-ki
電蠓拍	tiān-báng-phah
電蠓拍仔	tiān-báng-phah-á
電表	tiān-pió
電視	tiān-sī
電視劇	tiān-sī-kio̍k
電視台	tiān-sī-tâi
電視捘仔	tiān-sī-tsūn-á
電視機	tiān-sī-ki
電視網	tiān-sī-bāng
電解	tiān-kái
電解液	tiān-kái-i̍k
電解質	tiān-kái-tsit
電訊	tiān-sìn
電話	tiān-uē
電話機	tiān-uē-ki
電費	tiān-huì
電賀	tiān-hō
電路	tiān-lōo
電路板	tiān-lōo-pán
電車	tiān-tshia
電車頭	tiān-tshia-thâu
電車驛	tiān-tshia-ia̍h
電量	tiān-liāng
電金	tiān-kim
電鈴	tiān-lîng
電銅	tiān-tâng
電銲	tiān-hān
電鍋	tiān-ko
電鍋蓋	tiān-ko-kuà
電鍍	tiān-tōo
電鎖頭	tiān-só-thâu
電鑽	tiān-tsǹg
電離	tiān-lī
電音	tiān-im
電音拍鐵	tiān-im-phah-thih
電頭毛	tiān-thâu-mn̂g
電頭鬃	tiān-thâu-tsang
電風	tiān-hong
電風扇	tiān-hong-sìnn
電風柱仔	tiān-hong-thiāu-á
電馭叛客	tiān-gū-puān-kheh
電髮	tiān-huat
電魚	tiān-hî
電龜	tiān-ku
需求	su-kiû
需求量	su-kiû-liāng
需用	su-iōng
需要	su-iàu
需要量	su-iàu-liāng
霆某螺	tân-bóo-lê
霆水螺	tân-tsuí-lê
霆雷	tân-luî
霆雷公	tân-luî-kong
霆雷爍爁	tân-luî-sih-nah
霆雷鼠	Tân-luî-tshí
震動	tsìn-tōng
震天	tsìn-thinn
震央	tsìn-iang
震幅	tsìn-hok
震度	tsìn-tōo
震撼	tsìn-hām
震波	tsìn-pho
震源	tsìn-guân
震災	tsìn-tsai
震盪	tsìn-tōng
霈霈叫	phè-phè-kiò
霍亂	hok-luān
霍童山	Hùe-tang-suann
霎霎仔	sap-sap-á
霎霎仔雨	sap-sap-á-hōo
霓虹	gê-hông
霓虹燈	gê-hông-ting
霜仔	sng-á
霜仔枝	sng-á-ki
霜仔水	sng-á-tsuí
霜仔角	sng-á-kak
霜凍	sng-tàng
霜塊	sng-tè
霜寒雪凍	sng-kuânn-seh-tàng
霜庫逝	sng-khòo-tsuā
霜條	sng-tiâu
霜櫃	sng-kuī
霜櫥	sng-tû
霜水	sng-tsuí
霜糕	sng-ko
霜降	sng-kàng
霜雪	sng-seh
霜風	sng-hong
霞帔	hê-phi
霞浦	Hâ-phóo
霞雲	hâ-hûn
霧嗄嗄	bū-sà-sà
霧峰	Bū-hong
霧泡	bū-pho
霧煞煞	bū-sà-sà
霧玻璃	bū-po-lê
霧社	Bū-siā
霧霧	bū-bū
霧霾	bū-bâi
霰彈	suànn-tuânn
露出	lōo-tshu̍t
露台	lōo-tâi
露家散宅	lōo-ke-suànn-the̍h
露形	lōo-hîng
露水	lōo-tsuí
露營	lôo-iânn
露營車	lōo-iânn-tshia
露篷	lōo-phâng
露螺	lōo-lê
露螺仔	lōo-lê-á
露螺冰	lōo-lê-ping
露螺麭	lōo-lê-pháng
露西亞	lōo-se-a
露西亞共和國	lōo-se-a-kiōng-hô-kok
露西亞鬥四角	Lōo-se-a-tàu-sì-kak
露面	lōo-bīn
露馬腳	lōo-bé-kha
露骨	lōo-kut
露體	lōo-thé
露鹽	lōo-iâm
霸主	pà-tsú
霸佔	pà-tsiàm
霸凌	pà-lîng
霸性	pà-sìng
霸權	pà-kuân
霸氣	pà-khì
霸王	pà-ông
霸王花	Pà-ông-hue
霸道	pà-tō
霸頭	pà-thâu
霹雷	phik-luî
霹靂	phik-li̍k
靈丹	lîng-tan
靈位	lîng-uī
靈修	lîng-siu
靈光	lîng-kong
靈前	lîng-tsîng
靈厝	lîng-tshù
靈堂	lîng-tn̂g
靈巧	lîng-khá
靈帳	lîng-tiùnn
靈性	lîng-sìng
靈感	lîng-kám
靈應	lîng-ìng
靈敏	lîng-bín
靈敏度	lîng-bín-tōo
靈柩	lîng-kiū
靈桌	lîng-toh
靈機	lîng-ki
靈機一動	lîng-ki-it-tōng
靈氣	lîng-khì
靈活	lîng-ua̍h
靈潭陂	Lîng-thâm-pi
靈物	lîng-bu̍t
靈竅	lîng-khiàu
靈精	lîng-tsing
靈聖	lîng-siànn
靈芝	lîng-tsi
靈藥	lîng-io̍h
靈車	lîng-tshia
靈通	lîng-thong
靈驗	lîng-giām
靈骨塔	lîng-kut-thah
靈體	lîng-thé
靈魂	lîng-hûn
靈魂學	lîng-hûn-ha̍k
青光眼	tshenn-kong-gán
青刺毛蟲	Tshenn-tshì-moo-thâng
青吱仔	tshinn-ki-á
青商	tshing-siong
青商會	Tshing-siong-huē
青嘴	tshenn-tshuì
青埔	tshenn-poo
青天	tshing-thian
青天白日	tshing-thian-pe̍h-ji̍t
青小豆	tshenn-sió-tāu
青少年	tshing-siàu-liân
青山	tshing-san
青山王	Tshing-suann-ông
青山綠水	tshing-san-li̍k-suí
青年	tshing-liân
青心	tshenn-sim
青斗石	tshenn-táu-tsio̍h
青旗	tshenn-kî
青春	tshing-tshun
青春嶺	Tshing-tshun-niá
青春時	tshing-tshun-sî
青春期	tshing-tshun-kî
青木香	tshenn-ba̍k-hiunn
青杜定	tshenn-tōo-tīng
青松	tshing-siông
青果	tshenn-kó
青桐	tshenn-tông
青梅竹馬	tshing-muî-tik-má
青棒	tshing-pāng
青森	Tshing-sim
青森縣	Tshing-sim-kuān
青椒	tshenn-tsio
青楓	tshenn-png
青欉	tshenn-tsâng
青毛蟲	Tshenn-môo-thâng
青氣面	tshenn-khuì-bīn
青江仔菜	tshing-kang-á-tshài
青海	Tshing-hái
青滸苔	tshenn-khóo-thî
青燈	tshenn-ting
青狂	tshenn-kông
青狂雨	tshenn-kông-hōo
青猴雨	tshenn-kâu-hōo
青獅	tshenn-sai
青玉	tshenn-gio̍k
青瓏瓏	tshenn-ling-ling
青甘	tshenn-kam
青田	Tshing-tiân
青疑	tshenn-gî
青白	tshenn-pe̍h
青皮楓	tshenn-phuê-png
青皮貓	tshenn-phuê-niau
青盲	tshenn-mê
青盲仔目鏡	tshenn-mê-á-ba̍k-kiànn
青盲怨壁	tshenn-mê-uàn-piah
青盲牛	tshenn-mê-gû
青瞑	tshenn-mê
青瞑摸	tshenn-mê-bong
青瞑牛	tshenn-mê-gû
青瞑目	tshenn-mê-ba̍k
青瞑鰻	tshenn-mê-muâ
青石	tshenn-tsio̍h
青石仔	tshenn-tsio̍h-á
青空白	tshenn-khang-pe̍h
青竹	tshenn-tik
青竹仔	tshenn-tik-á
青竹絲	tshenn-tik-si
青竹鏢	tshenn-tik-pio
青筆	tshenn-pit
青筋	tshenn-kin
青紅燈	tshenn-âng-ting
青綠	tshenn-li̍k
青綠綠	tshenn-li̍k-li̍k
青翠	tshenn-tshuì
青翠翠	tshenn-tshuì-tshuì
青翼仔	tshenn-si̍t-á
青腳仔	tshenn-kha-á
青色	tshenn-sik
青花	tshenn-hue
青花仔菜	tshenn-hue-á-tshài
青花菜	tshenn-hue-tshài
青花魚	tshenn-hue-hî
青苔	tshenn-thî
青苔仔	tshenn-thî-á
青苔蟲	Tshenn-thî-thâng
青草	tshenn-tsháu
青草湖	Tshinn-tsháu-ôo
青草藥	tshenn-tsháu-io̍h
青荒	tshenn-hng
青菇素	tshinn-koo-sòo
青菜	tshenn-tshài
青葙	tshenn-siunn
青葙子	tshenn-siunn-tsí
青蒿草	tshenn-kó-tsháu
青薟椒	tshenn-hiam-tsio
青薸	tshenn-phiô
青藥水	tshenn-io̍h-tsuí
青蘢蘢	tshenn-lìng-lìng
青虳	tshenn-ioh
青蛇	tshenn-tsuâ
青蟲	tshenn-thâng
青裳	tshing-siông
青見見	tshenn-kìnn-kìnn
青謗白謗	tshenn-pòng-pe̍h-pòng
青金	tshenn-kim
青銅	tshenn-tâng
青錦錦	tshenn-gím-gím
青鏢	tshenn-pio
青雞	tshenn-ke
青雲	tshing-hûn
青青狂狂	tshenn-tshenn-kông-kông
青面	tshenn-bīn
青面虎	tshenn-bīn-hóo
青頭仔	tshenn-thâu-á
青頭鵲	tshenn-thâu-tshiok
青飛	tshenn-hui
青魚規	tshenn-hî-kui
青鱗	tshenn-lân
青鱸	tshenn-lôo
青鳥	tshing-niáu
青鵻	tshenn-tsui
青黃	tshenn-n̂g
青龍吐霧	tshenn-liông-thòo-bū
青龍木	tshenn-lîng-bo̍k
靜候	tsīng-hāu
靜坐	tsīng-tsō
靜宜	Tsīng-gî
靜寂	tsīng-tsi̍k
靜寂寂	tsīng-tsiauh-tsiauh
靜心	tsīng-sim
靜悄悄	tsīng-tshiáu-tshiáu
靜態	tsīng-thài
靜清清	tsīng-tshenn-tshenn
靜美	tsīng-bí
靜脈	tsīng-me̍h
靜觀	tsīng-kuan
靜電	tsīng-tiān
靜靜仔	tsīng-tsīng-á
靜音	tsīng-im
靜養	tsīng-iáng
非公式	hui-kong-sik
非凡	hui-huân
非同小可	hui-tông-sió-khó
非基因改造的番麥子	hui-ki-in-kái-tsō-ê-huan-be̍h-tsí
非常	hui-siâng
非思不可	hui-su-put-kho
非法	hui-huat
非洲	Hui-tsiu
非洲殕鸚哥	Hui-tsiu-phú-ing-ko
非洲豬瘟	Hui-tsiu-ti-un
非裔	hui-è
非議	hui-gī
靠俗	khò-sio̍k
靠倚	khò-uá
靠勢	khò-sì
靠山	khò-suann
靠岸	khò-huānn
靠底	khò-té
靠手	khò-tshiú
靠枕	khò-tsím
靠母族	khò-bú-tsok
靠汕	khuà-suànn
靠淺	khò-tshián
靠港	khò-káng
靠硬	khò-ngē
靠礁	khò-ta
靠近	khò-kīn
面值	bīn-ta̍t
面冊	bīn-tsheh
面前	bīn-tsîng
面前徛	bīn-tsîng-khiā
面前話	bīn-tsîng-uē
面匡	bīn-khing
面反青	bīn-huán-tshenn
面向下	bīn-hiàng-ē
面向天	bīn-hiàng-thinn
面善	bīn-siān
面圓淀	bīn-înn-tīnn
面地	bīn-tē
面壁思過	bīn-piah-su-kò
面子	biān-tsú
面孔	bīn-kháng
面容	bīn-iông
面對	bīn-tuì
面巾	bīn-kin
面布	bīn-pòo
面帕	bīn-phè
面底皮	bīn-té-phuê
面形	bīn-hîng
面慄色	bīn-lik-sik
面憂憂	bīn-iu-iu
面憂面皺	bīn-iu-bīn-jiâu
面憂面結	bīn-iu-bīn-kat
面挽挽	bīn-bán-bán
面攏慄色	bīn-lóng-lik-sik
面會	biān-huē
面枋	bīn-pang
面桶	bīn-tháng
面槽	bīn-tsô
面模	bīn-bôo
面款	bīn-khuán
面水	bīn-tsuí
面水䆀	bīn-tsuí-bái
面油	bīn-iû
面注注	bīn-tū-tū
面漚漚	bīn-àu-àu
面漚面臭	bīn-àu-bīn-tshàu
面烏去	bīn-oo-khì
面烏烏	bīn-oo-oo
面焦	bīn-tsau
面熟	bīn-si̍k
面熟面熟	bīn-si̍k-bīn-si̍k
面生毛	bīn-senn-môo
面皮	bīn-phuê
面皮厚厚	bīn-phuê-kāu-kāu
面皮皮	bīn-phî-phî
面盆	bīn-phûn
面盤	bīn-puânn
面目	biān-bo̍k
面目全非	bīn-bo̍k-tsuân-hui
面積	biān-tsik
面粉	bīn-hún
面糊	bīn-kôo
面紅	bīn-âng
面紅耳赤	bīn-âng-hī-tshiah
面紅霓	bīn-âng-gê
面紗	bīn-se
面紙	bīn-tsuá
面細怨人大尻川	bīn-sè-uàn-lâng-tuā-kha-tshuinn
面罩	bīn-tà
面腔	bīn-khiunn
面腔刺夯夯	bīn-tshiu-tshì-giâ-giâ
面臭臭	bīn-tshàu-tshàu
面色	bīn-sik
面色白屍	bīn-sik-pe̍h-si
面色白恂恂	bīn-sik-pe̍h-sún-sún
面試	bīn-tshì
面談	biān-tâm
面譜	bīn-phóo
面貌	bīn-māu
面足臭	bīn-tsiok-tshàu
面路	bīn-lōo
面部	bīn-pōo
面鏡	bīn-kiànn
面霜	bīn-sng
面頂	bīn-tíng
面頂百	bīn-tíng-pah
面頂衫	bīn-tíng-sann
面頭前	bīn-thâu-tsîng
面額	bīn-gia̍h
面饒	bīn-liâu
面馬	bīn-bé
面骨	bīn-kut
面體	bīn-thé
面體皮	bīn-thé-phuê
革出	kik-tshut
革去	kik-khì
革命	kik-bīng
革命性	kik-bīng-sìng
革新	kik-sin
革逐	kik-tio̍k
革除	kik-tî
靪懸	tinn-kuâinn
靴桶	hia-tháng
靴甕	hia-àng
靴管	hia-kóng
靴鞋	hia-ê
靶場	pé-tiûnn
靶艦	pé-lām
鞋仔	ê-á
鞋仔帶	ê-á-tuà
鞋套	ê-thò
鞋帶	ê-tuà
鞋底	ê-té
鞋底魚	ê-té-hî
鞋店	ê-tiàm
鞋廠	ê-tshiúnn
鞋後靪	ê-āu-tinn
鞋抿	ê-bín
鞋抿仔	ê-bín-á
鞋拔	ê-pui̍h
鞋拔仔	ê-pui̍h-á
鞋拖	ê-thua
鞋拖仔	ê-thua-á
鞋攄仔	ê-lù-á
鞋替	ê-thueh
鞋業	ê-gia̍p
鞋櫥仔	ê-tû-á
鞋油	ê-iû
鞋牆	ê-tshiûnn
鞋筅仔	ê-tshíng-á
鞋襯	ê-tshàn
鞋蹬	ê-tenn
鞋面	ê-bīn
鞋類	ê-luī
鞋鼻	ê-phīnn
鞏固	kióng-kòo
鞏固力	khōng-kuh-li̍h
鞏石膏	khōng-tsio̍h-ko
鞏紅毛塗	khōng-âng-moo-thôo
鞠躬	kiok-kiong
鞭炮仔	pian-phàu-á
鞭長莫及	pian-tiông-bo̍k-ki̍p
韆鞦	tshian-tshiu
韋馱	uí-tô
韌命	lūn-miā
韌土	lūn-thôo
韌塥土	lūn-keh-thôo
韌帶	jīm-tài
韌皮	jūn-phuê
韌皮部	jūn-phuê-pōo
韌體	jūn-thé
韌魚	lūn-hî
韌鼻	lūn-phīnn
韓國	Hân-kok
韓國人	Hân-kok-lâng
韓國戲	Hân-kok-hì
韓國文	Hân-kok-bûn
韓國瑜	Hân-kok-jû
韓國話	Hân-kok-uē
韓國醬菜	hân-kok-tsiùnn-tshài
韓國隊	Hân-kok-tuī
韓國鹹菜	hân-kok-kiâm-tshài
韓國齣	Hân-kok-tshut
韓字	hân-jī
韓愈	hân-jú
韓戰	hân-tsiàn
韓文	Hân-bûn
韭菜	kú-tshài
韭菜花	kú-tshài-hue
音信	im-sìn
音元	im-guân
音唱盤	im-tshiùnn-puânn
音子	im-tsí
音律	im-lu̍t
音效	im-hāu
音效片	im-hāu-phìnn
音樂	im-ga̍k
音樂劇	im-ga̍k-kio̍k
音樂台	im-ga̍k-tâi
音樂家	im-ga̍k-ka
音樂廳	im-ga̍k-thiann
音樂會	im-ga̍k-huē
音樂界	im-ga̍k-kài
音樂系	im-ga̍k-hē
音標	im-phiau
音波	im-pho
音符	im-hû
音節	im-tsiat
音聲	im-siann
音色	im-sik
音訊	im-sìn
音譯	im-i̍k
音變	im-piàn
音質	im-tsit
音速	im-sok
音量	im-liāng
音閘	im-tsa̍h
音階	im-kai
音韻	im-ūn
音響	im-hiáng
韻味	ūn-bī
韻尾	ūn-bué
韻律	ūn-lu̍t
韻母	ūn-bó
韻腳	ūn-kha
韻鑼	ūn-lô
響亮	hiáng-liāng
響尾蛇	hiáng-bué-tsuâ
響弓	hiáng-king
響應	hiáng-ìng
響板	hióng-pán
響起	hiáng-khí
響透	hiáng-thàu
響雷	hiáng-luî
響雷公	hiáng-luî-kong
響馬	hiáng-bé
響馬婆	hiáng-bé-pô
頁裝	ia̍h-tsng
頁過來	ia̍h-kuè-lâi
頁面	ia̍h-bīn
頂一日	tíng-tsi̍t-li̍t
頂一站仔	tíng-tsi̍t-tsām-á
頂一聲	tíng-tsi̍t-siann
頂上	tíng-siāng
頂下	tíng-ē
頂下勻	tíng-ē-ûn
頂世	tíng-sì
頂世人	tíng-sì-lâng
頂代	tíng-tāi
頂任	tíng-jīm
頂位	tíng-uī
頂個月	tíng-kò-gueh
頂冬	tíng-tang
頂出	tíng-tshut
頂出世	tíng-tshut-sì
頂勢風	tíng-sì-hong
頂勻	tíng-ûn
頂半工	tíng-puànn-kang
頂半日	tíng-puànn-ji̍t
頂半晝仔	tíng-puànn-tàu-á
頂半晡	tíng-puànn-poo
頂半暝	tíng-puànn-mê
頂半身	tíng-puànn-sin
頂厝	tíng-tshù
頂司	tíng-si
頂唇	tíng-tûn
頂唇鬚	tíng-tûn-tshiu
頂回	tíng-huê
頂大靜脈	tíng-tuā-tsīng-me̍h
頂好	Tíng-hó
頂客族	tíng-kheh-tso̍k
頂尖	tíng-tsiam
頂層	tíng-tsân
頂工	tíng-kang
頂幫	tíng-pang
頂年	tíng-nî
頂幾若	tíng-kuí-nā
頂戴	tíng-tài
頂房	tíng-pâng
頂手	tíng-tshiú
頂手鬥下手	tíng-tshiú-tàu-ē-tshiú
頂擺	tíng-pái
頂改	tíng-kái
頂斗	tíng-táu
頂日	tíng-ji̍t
頂日仔	tíng-ji̍t-á
頂旬	tíng-sûn
頂晝	tíng-tàu
頂晡	tíng-poo
頂月	tíng-gue̍h
頂月日	tíng-gue̍h-ji̍t
頂格	tíng-keh
頂椽	tíng-iân
頂楅	tíng-ho̍k
頂樓	tíng-lâu
頂氣接袂著下氣	tíng-khuì-tsiap-bē-tio̍h-ē-khuì
頂沿	tíng-iân
頂流	tíng-liû
頂港	tíng-káng
頂爿	tíng-pîng
頂皮組織	tíng-phûe-tsoo-tsit
頂盤	tíng-puânn
頂目皮	tíng-ba̍k-phuê
頂目睅	tíng-ba̍k-ham
頂目蚶	tíng-ba̍k-ham
頂看	tíng-khuànn
頂真	tíng-tsin
頂禮拜	tíng-lé-pài
頂空鬥下空	tíng-khang-tàu-ē-khang
頂端	tíng-tuan
頂肱骨	tíng-kong-kut
頂脣	tíng-tûn
頂腳	tíng-kha
頂腹	tíng-pak
頂腿	tíng-thuí
頂臂	tíng-pì
頂色貨	tíng-sik-huè
頂落	tíng-lo̍h
頂視	tíng-sī
頂跤踏庄	Tíng-kha-ta̍h-tsng
頂身	tíng-sin
頂輩	tíng-puè
頂過	tíng-kuè
頂重下輕	tíng-tāng-ē-khin
頂面	tíng-bīn
頂頂下下	tíng-tíng-ē-ē
頂頂個月	tíng-tíng-kò-gue̍h
頂頭	tíng-thâu
頂頷	tíng-ham
頂顎	tíng-go̍k
頂首	tíng-tshiú
頂點	tíng-tiám
項目	hāng-bo̍k
項重	hāng-tāng
項項	hāng-hāng
順事	sūn-sū
順位	sūn-uī
順其自然	sūn-kî-tsū-jiân
順利	sūn-lī
順勢	sūn-sì
順嘴	sūn-tshuì
順存年	sūn-tsûn-nî
順差	sūn-tsha
順帶	sūn-tài
順序	sūn-sī
順序生	sūn-sī-senn
順延	sūn-iân
順從	sūn-tsiông
順情	sūn-tsîng
順意	sūn-ì
順應	sūn-ìng
順手	sūn-tshiú
順手牽羊	sūn-tshiú-khan-iûnn
順昌	Sūn-tshiong
順月	sūn-gue̍h
順服	sūn-ho̍k
順桮	sīn-pue
順機	sūn-ki
順機會	sūn-ki-huē
順步	sūn-pōo
順水	sūn-tsuí
順水推舟	sūn-tsuí-tshui-tsiu
順流	sūn-lâu
順溜	sūn-liù
順理成章	sūn-lí-sîng-tsiong
順目	sūn-ba̍k
順眼	sūn-gán
順紲	sūn-suà
順紲手	sūn-suà-tshiú
順耳	sūn-ní
順良	sūn-liâng
順行	sūn-kiânn
順趁	sūn-thàn
順路	sūn-lōo
順遂	sūn-suī
順順	sūn-sūn
順風	sūn-hong
順風勢	sūn-hong-sì
順風捒倒牆	sūn-hong-sak-tó-tshiûnn
順風耳	Sūn-hong-ní
頇慢	han-bān
頇顢	han-bān
頇顢人	han-bān-lâng
頇顢喙	han-bān-tshuì
頇顢嘴	han-bān-tshuì
頇顢講話	hân-bān-kóng-uē
須知	su-ti
預付	ī-hù
預估	ī-kóo
預借	ī-tsioh
預備	ī-pī
預備金	ī-pī-kim
預兆	ī-tiāu
預先	ī-sian
預告	ī-kò
預報	ī-pò
預定	ī-tīng
預審	ī-sím
預感	ī-kám
預料	ī-liāu
預期	ī-kî
預測	ī-tshik
預演	ī-ián
預知	ī-ti
預祝	ī-tsiok
預科	ī-kho
預算	ī-suàn
預算案	ī-sǹg-àn
預約	ī-iok
預見	ī-kiàn
預言	ī-giân
預計	ī-kè
預謀	ī-bôo
預警	ī-kíng
預購	ī-kóo
預賽	ī-sài
預選	ī-suán
預防	ī-hông
預防射	ī-hông-siā
預防注射	ī-hông-tsù-siā
預防針	ī-hông-tsiam
頒佈	pan-pòo
頒定憲法	pan-tīng-hiàn-huat
頒送	pan-sàng
頓倒	tìm-táu
頓內次克	Tùn-lāi-tshù-khik
頓印	tǹg-ìn
頓印仔	tǹg-ìn-á
頓垂	tàm-suê
頓塌坐	tǹg-lap-tsē
頓巴斯	Tùn-pa-su
頓手	tùn-tshiú
頓桌仔	tǹg-toh-á
頓水	tùn-tsuí
頓物	Tùn-bu̍t
頓神	tàm-sîn
頓票	tǹg-phiò
頓胴坐	tǹg-tāng-tsē
頓胸	tǹg-hing
頓胸坎	tǹg-hing-khám
頓腳	tǹg-kha
頓落來	tòm-lo̍h-lâi
頓落坐	tǹg-lak-tsē
頓足	tùn-tsiok
頓跋坐	tǹg-pua̍h-tsē
頓跤頓手	tùn-kha-tùn-tshiú
頓蹬一下	tùn-tenn-tsi̍t-ē
頓雞	tùn-ke
頓頭	tàm-thâu
頓首	tùn-siú
頓龜	tǹg-ku
頕頭	tòm-thâu
頗其略	phóo-kî-lia̍k
頗略仔	phóo-lia̍k-á
頗頗仔	phóo-phóo-á
領事	líng-sū
領事館	líng-sū-kuán
領仔	niá-á
領先	líng-sian
領兵	niá-ping
領嘴	niá-tshuì
領回	niá-huê
領土	líng-thóo
領土權	líng-thóo-kuân
領域	líng-hi̍k
領導	líng-tō
領導下	líng-tō-hā
領導人	líng-tō-jîn
領導有方	líng-tō-iú-hong
領導者	líng-tō-tsiá
領工錢	niá-kang-tsînn
領巾	niá-kin
領帶	niá-tuà
領悟	líng-gōo
領情	niá-tsîng
領收	niá-siu
領教	líng-kàu
領會	niá-huē
領款	niá-khuán
領海	líng-hái
領港	líng-káng
領港船	líng-káng-tsûn
領班	niá-pan
領略	líng-lia̍k
領空	niá-khong
領脰	niá-tāu
領著	niá-tio̍h
領袖	líng-siù
領走	niá-tsáu
領銜	niá-hâm
領錢	niá-tsînn
領錢卡	niá-tsînn-khah
領錢機仔	niá-tsînn-ki-á
領錢片	niá-tsînn-phìnn
領隊	líng-tuī
領養代替購買	niá-ióng-tāi-thè-kòo-bé
頭一	thâu-tsi̍t
頭一工	thâu-tsi̍t-kang
頭一等	thâu-it-tíng
頭一等人	thâu-it-tíng-lâng
頭一範	thâu-tsi̍t-pān
頭一鈧	thâu-it-khōng
頭一鞏	thâu-tsi̍t-khōng
頭三个法人	thâu-sann-ê-huat-jîn
頭上仔	thâu-tsiūnn-á
頭上孫	thâu-tsiūnn-sun
頭人	thâu-lâng
頭人埔	Thâu-lâng-poo
頭仔	thâu-á
頭仔心	thâu-á-sim
頭份	Thâu-hūn
頭位	thâu-uī
頭倒客	thâu-tò-kheh
頭倒栽	thâu-tò-tsai
頭兄	thâu-hiann
頭先	thâu-sing
頭出	thâu-tshut
頭到	thâu-kàu
頭到尾	thâu-kàu-bué
頭前	thâu-tsîng
頭前埕	thâu-tsîng-tiânn
頭前門	thâu-tsîng-mn̂g
頭前面	thâu-tsîng-bīn
頭前齒	thâu-tsîng-khí
頭向天	thâu-hiàng-thinn
頭哥	thâu-ko
頭哥仔	thâu-ko-á
頭喙	thâu-tshuì
頭喙少	thâu-tshuì-tsió
頭嘴	thâu-tshuì
頭嘴儕	thâu-tshuì-tsē
頭嘴少	thâu-tshuì-tsió
頭圍	Thâu-uî
頭圍仔	Thâu-uî-á
頭圍第三堡	Thâu-uî-tē-sann-pó
頭坎	thâu-khám
頭城	Thâu-siânn
頭場	thâu-tiûnn
頭大	thâu-tuā
頭婚	thâu-hun
頭子	thâu-jí
頭家	thâu-ke
頭家仔囝	thâu-ke-á-kiánn
頭家娘	thâu-ke-niû
頭家媽	thâu-ke-má
頭家門	thâu-ke-mn̂g
頭寸	thâu-tshùn
頭對	thâu-tuì
頭尾	thâu-bué
頭屋	Thâu-ok
頭層齒	thâu-tsan-khí
頭崁的	thâu-khàm-ê
頭工	thâu-kang
頭巾	thâu-kin
頭帛	thâu-pe̍h
頭帛布	thâu-pe̍h-pòo
頭序	thâu-sī
頭彩	thâu-tshái
頭後枕	thâu-āu-tsím
頭忌	thâu-kī
頭怳	thâu-gông
頭怳怳	thâu-gông-gông
頭手	thâu-tshiú
頭手師	thâu-tshiú-sai
頭手師仔	thâu-tshiú-sai-á
頭扮	thâu-pān
頭拄仔	tha̍h-tú-á
頭接	thâu-tsiap
頭插	thâu-tshah
頭搖尾搖	thâu-iô-bué-iô
頭摠	thâu-tsáng
頭擴	thâu-khok
頭擺	thâu-pái
頭方	thâu-hong
頭旋	thâu-tsn̄g
頭日	thâu-li̍t
頭昏	thâu-hun
頭昏昏	thâu-hun-hun
頭昏昏腦鈍鈍	thâu-hun-hun-náu-tùn-tùn
頭桱師仔	thâu-kìnn-sai-á
頭楞楞	thâu-gông-gông
頭槌	thâu-thuî
頭殼	thâu-khak
頭殼一孔	thâu-khak-tsi̍t-khang
頭殼予人舂著	thâu-khak-hōo-lâng-tsing-tio̍h
頭殼內	thâu-khak-lāi
頭殼巧	thâu-khak-khiáu
頭殼後	thâu-khak-āu
頭殼心	thâu-khak-sim
頭殼抹砒霜去飼虎	thâu-khak-bua̍h-phi-sng-khì-tshī-hóo
頭殼旋	thâu-khak-tsn̄g
頭殼枕	thâu-khak-tsím
頭殼楞	thâu-khak-gông
頭殼歹去	thâu-khak-pháinn-khì
頭殼活	thâu-khak-ua̍h
頭殼疼	thâu-khak-thiànn
頭殼痛	thâu-khak-thiànn
頭殼皮	thâu-khak-phuê
頭殼眩	thâu-khak-hîn
頭殼碇	thâu-khak-tīng
頭殼碗	thâu-khak-uánn
頭殼蓋	thâu-khak-kuà
頭殼衝煙	thâu-khak-tshìng-ian
頭殼貯屎	thâu-khak-té-sái
頭殼頂	thâu-khak-tíng
頭殼額	thâu-khak-hia̍h
頭殼骨	thâu-khak-kut
頭殼髓	thâu-khak-tshué
頭殼𢯾咧燒	thâu-khak-mooh-leh-sio
頭毛	thâu-mn̂g
頭毛嘴鬚	thâu-mn̂g-tshuì-tshiu
頭毛油	thâu-mn̂g-iû
頭毛溝	thâu-mn̂g-kau
頭毛癬	thâu-mn̂g-sián
頭毛箍仔	thâu-moo-khoo-á
頭毛精	thâu-mn̂g-tsing
頭毛網	thâu-mn̂g-bāng
頭毛聳聳	thâu-moo-tshàng-tshàng
頭毛腳	thâu-mn̂g-kha
頭毛菜	thâu-mn̂g-tshài
頭毛蠟	thâu-mn̂g-la̍h
頭水	thâu-tsuí
頭烏線	thâu-oo-suànn
頭烘烘	thâu-hang-hang
頭燒耳熱	thâu-sio-hīnn-jua̍h
頭爐香	thâu-lôo-hiunn
頭版	thâu-pán
頭牲	thâu-senn
頭牲仔	thâu-senn-á
頭犁犁	thâu-lê-lê
頭獎	thâu-tsióng
頭王	thâu-ông
頭班車	thâu-pan-tshia
頭疼	thâu-thiànn
頭痛	thâu-thiànn
頭白布	thâu-pe̍h-pòo
頭的	thâu-ê
頭的我愛你	Thâu-ê-guá-ài-lí
頭盔	thâu-khue
頭盤	thâu-puânn
頭目	thâu-ba̍k
頭目知動	thâu-ba̍k-tsai-tāng
頭目金鳥	thâu-ba̍k-kim-tsiáu
頭目鳥	thâu-ba̍k-tsiáu
頭眩	thâu-hîn
頭眩目暗	thâu-hîn-ba̍k-àm
頭眩目花	thâu-hîn-ba̍k-hue
頭破血流	thâu-phuà-hueh-lâu
頭等	thâu-tíng
頭等艙	thâu-tíng-tshng
頭範	thâu-pān
頭篩仔	thâu-thai-á
頭綴	thâu-tuè
頭緒	thâu-sū
頭總	thâu-tsáng
頭繚	thâu-liāu
頭老	thâu-láu
頭聲	thâu-siann
頭腦	thâu-náu
頭腦內	thâu-náu-lāi
頭腦趕緊斡	thâu-náu-kuánn-kín-uat
頭腳師仔	thâu-kioh-sai-á
頭至尾	thâu-tsì-bué
頭蓋骨	thâu-kuà-kut
頭號	thâu-hō
頭號迷眾	thâu-hō-bê-tsiòng
頭蝡腳蝡	thâu-lùn-kha-lùn
頭蝨	thâu-sat
頭角	thâu-kak
頭起	thâu-khí
頭起先	thâu-khí-sing
頭路	thâu-lōo
頭路甪去	thâu-lōo-lut-khì
頭路直	thâu-lōo-ti̍t
頭路香	thâu-lōo-hiunn
頭轉客	thâu-tńg-kheh
頭遍	thâu-piàn
頭過	thâu-kuè
頭銜	thâu-hâm
頭陣	thâu-tīn
頭陣仔	thâu-tsūn-á
頭面	thâu-bīn
頭面等	thâu-bīn-tíng
頭面頂百	thâu-bīn-tíng-pah
頭頁	thâu-ia̍h
頭頂	thâu-tíng
頭項	thâu-hāng
頭頓頓	thâu-tòm-tòm
頭額	thâu-gia̍h
頭額痕	thâu-hia̍h-hûn
頭額體溫計	thâu-hia̍h-thé-un-kè
頭養	thâu-tsiūnn
頭養囝	thâu-tsiūnn-kiánn
頭香	thâu-hiunn
頭髓	thâu-tshué
頭鬃	thâu-tsang
頭鬃型	thâu-tsang-hîng
頭鬃尾	thâu-tsang-bué
頭鬃尾仔	thâu-tsang-bé-á
頭鬃油	thâu-tsang-iû
頭麩	thâu-pho
頭齣	thâu-tshut
頭𢯾咧燒	thâu-mooh-teh-sio
頰溝骨	khih-kau-kut
頷仔頸	ām-á-kńg
頷厤	ām-la̍t
頷圍仔	ām-uî-á
頷垂	ām-suê
頷垂仔	ām-suê-á
頷垂豆	ām-suê-tāu
頷巾	ām-kin
頷帶	ām-tuà
頷珠	ām-tsu
頷箍	ām-khoo
頷胿腺	ām-kui-sàn
頷脰	ām-tāu
頷鍊	ām-liān
頷領	ām-niá
頷頸	ām-kńg
頷頸仔	ām-kún-á
頷頸仔肉	ām-kún-á-bah
頷頸伸長長予人𠞩	ām-kún-tshun-tn̂g-tn̂g-hōo-lâng-tsuî
頷頸山	ām-kún-suann
頷頸後	ām-kńg-āu
頷頸珠	ām-kńg-tsu
頷頸胿	ām-kún-kui
頷頸骨	ām-kńg-kut
頸椎	kíng-tsui
頸部	kún-pōo
頹勢	thuê-sì
頹神	thuē-sîn
頹頹	thuē-thuē
頻催	pîn-tshui
頻率	pîn-lu̍t
頻繁	pîn-huân
頻道	pîn-tō
頻頭	pîn-thâu
頻頻	pîn-pîn
題名	tê-miā
題字	tê-jī
題捐	tê-iân
題捐銀	tê-kuan-gîn
題材	tê-tsâi
題目	tê-ba̍k
題緣	tê-iân
題詩	tê-si
題辭	tê-sū
題銀	tê-gîn
題錢	tê-tsînn
額仔	hia̍h-á
額仔度針	hia̍h-á-tōo-tsiam
額仔頭	hia̍h-á-thâu
額前	hia̍h-tsîng
額單字	gia̍h-tan-jī
額外	gia̍h-guā
額尾	gia̍h-bué
額度	gia̍h-tōo
額度針	hia̍h-tōo-tsiam
額數	gia̍h-sòo
額痕	hia̍h-hûn
額聲	gia̍h-siann
額腳	hia̍h-kha
額角	hia̍h-kak
額頭	hia̍h-thâu
額頭度針	hia̍h-thâu-tōo-tsiam
額頭骨	hia̍h-thâu-kut
額𩟗	hia̍h-tsiánn
顏回	Gân-Huê
顏寬恆	Gân-Khuan-hông
顏料	gân-liāu
顏智	Gân-tì
顏色	gân-sik
顏面	gân-bīn
顑淡	hàm-tām
顑腫	hàm-tsíng
顑黃	hàm-n̂g
顓頊	tshuan-hiok
願意	guān-ì
願望	guān-bōng
顛倒	tian-tò
顛倒䆀	tian-tó-bái
顛倒反	tian-tò-píng
顛倒向	tian-tò-hiàng
顛倒好	tian-tò-hó
顛倒害	tian-tò-hāi
顛倒是	tian-tò-sī
顛倒是非	tian-tó-sī-hui
顛倒爿	tian-tò-pîng
顛倒生	tian-tò-senn
顛倒講	tian-tò-kóng
顛倒頭	tian-tò-thâu
顛倒頭生	tian-tò-thâu-senn
顛倒頭算	tian-tò-thâu-sǹg
顛峰	tian-hong
顛覆	tian-hok
顛踱	thian-tho̍h
顛顛仔	thian-thian-á
類似	luī-sū
類別	luī-pia̍t
類型	luī-hîng
類推	luī-tshui
類此	luī-tshú
類比	luī-pí
顧人怨	kòo-lâng-uàn
顧全	kòo-tsuân
顧到	kòo-kàu
顧厝	kòo-tshù
顧問	kòo-būn
顧墓	kòo-bōng
顧守	kòo-siú
顧客	kòo-kheh
顧家	kòo-ke
顧家己	kòo-ka-kī
顧家狗	kòo-ke-káu
顧己	kòo-kí
顧店	kòo-tiàm
顧後	kòo-āu
顧得	kòo-tit
顧念	kòo-liām
顧愛	kòo-ài
顧暝	kòo-mê
顧更	kòo-kenn
顧洞	kòo-tōng
顧監的	kòo-kann-ê
顧羊的	kòo-iûnn-ê
顧老	kòo-lāu
顧著	kòo-tio̍h
顧謙	kòo-khiam
顧路	kòo-lōo
顧門	kòo-mn̂g
顧門狗	kòo-mn̂g-káu
顧門的	kòo-mn̂g-ê
顧面子	kòo-bīn-tsú
顧鼎	kòo-tiánn
顫瘋	tsùn-hong
顫音	tsùn-im
顯人目	hiánn-lâng-ba̍k
顯出	hián-tshut
顯動	hiánn-tāng
顯場	hiánn-tiûnn
顯得	hián-tit
顯明	hián-bîng
顯本事	hián-pún-sū
顯榮	hián-îng
顯烏	hiánn-oo
顯然	hián-jiân
顯目	hiánn-ba̍k
顯示	hián-sī
顯示出	hián-sī-tshut
顯示器	hián-sī-khì
顯示片	hián-sī-phìnn
顯紅	hiánn-âng
顯而易見	hián-jî-īnn-kiàn
顯聖	hián-sìng
顯著	hián-tù
顯貴	hián-kuì
顯達	hián-ta̍t
顯露	hián-lōo
顯露出	hián-lōo-tshut
顯靈	hián-lîng
顯頭	hiánn-thâu
顱頂骨	lôo-tíng-kut
顳斯骨	jiap-su-kut
顳骨	jiap-kut
顴骨	kuàn-kut
風不動	hong-put-tōng
風俗	hong-sio̍k
風俗圖	hong-sio̍k-tôo
風信子	hong-sìn-tsú
風傳	hong-thuân
風光	hong-kong
風光明媚	hong-kng-bîng-bī
風凋	hong-ta
風力	hong-li̍k
風加	hong-ka
風勢	hong-sì
風化	hong-huà
風化區	hong-huà-khu
風厝仔	hong-tshù-á
風口	hong-kháu
風向	hong-hiàng
風吹	hong-tshue
風吹日曝	hong-tshue-ji̍t-pha̍k
風吹球	hong-tshue-kiû
風吹草	hong-tshue-tsháu
風吹草動	hong-tshue-tsháu-tōng
風吹雨打	hong-tshue-ú-tánn
風味	hong-bī
風嘴	hong-tshuì
風嘴口	hong-tshuì-kháu
風回回	huang-hêr-hêr
風土	hong-thóo
風土人情	hong-thóo-jîn-tsîng
風垵	hong-uann
風堵	hong-tóo
風塵	hong-tîn
風孔	hong-khang
風定去矣	hong-tiānn-khì-ah
風寒	hong-hân
風尚	hong-siōng
風尾	hong-bué
風幔	hong-mua
風度	hong-tōo
風恬	hong-tiām
風情	hong-tsîng
風抽	hong-thiu
風抽仔	hong-thiu-á
風捽仔	hong-tsu̍t-á
風掛雨	hong-kuà-hōo
風摔摔	hong-sia̍k-sia̍k
風擋	hong-tòng
風景	hong-kíng
風景區	hong-kíng-khu
風暴	hong-pō
風枋	hong-pang
風格	hong-keh
風桶	hong-tháng
風櫃	hong-kuī
風氣	hong-khì
風水	hong-suí
風水仙	hong-tsuí-sian
風水師	hong-suí-sai
風水頭	hong-suí-thâu
風沙	hong-sua
風波	hong-phō
風流	hong-liû
風流子	hong-liû-tsú
風流鬼	hong-liû-kuí
風涌	hong-íng
風港	hong-káng
風湧	hong-íng
風潮	hong-tiâu
風濕	hong-sip
風灌	hong-kuàn
風灌仔	hong-kuàn-á
風火	hong-hué
風火性	hong-hué-sìng
風火狗	Hong-hué-káu
風火目	hong-hué-ba̍k
風火著	hong-hué-to̍h
風火頭	hong-hué-thâu
風災	hong-tsai
風燈	hong-ting
風物	hong-bu̍t
風獅	hong-sai
風球	hong-kiû
風琴	hong-khîm
風疹塊	hong-tsín-tè
風疼	hong-thiànn
風痛	hong-thiànn
風瘤	hong-liû
風瘼	hong-mooh
風目	hong-ba̍k
風神	hong-sîn
風神氣	hong-sîn-khì
風空	hong-khang
風窗	hong-thang
風筒	hong-tâng
風範	hong-huān
風紀	hong-kí
風絲	hong-si
風絲仔	hong-si-á
風聞	hong-bûn
風聲	hong-siann
風聲報影	hong-siann-pò-iánn
風聲鶴唳	hong-siann-ho̍h-luī
風膏	hong-ko
風船葛	hong-tsûn-kuah
風花	hong-hua
風茅	hong-hm̂
風草	hong-tsháu
風華	hong-huâ
風華絕代	hong-huâ-tsua̍t-tāi
風蔥	hong-tshang
風藤	hong-tîn
風螺	hong-lê
風蟻	hong-hiā
風行	hong-hîng
風衣	hong-i
風評	hong-phîng
風謗	hong-pòng
風譀	hong-hàm
風變軟	hong-piàn-nńg
風象	hong-siōng
風貌	hong-māu
風起雲湧	hong-khí-hûn-íng
風趣	hong-tshù
風車	hong-tshia
風車神	hong-ki-sîn
風車花	hong-tshia-hue
風較回	huang-khah-hêr
風較恬	hong-khah-tiām
風較無遐透	hong-khah-bô-hiah-thàu
風轉弱	hong-tńg-jio̍k
風透	hong-thàu
風速	hong-sok
風遨	hong-gô
風邪	hong-siâ
風采	hong-tshái
風針	hong-tsiam
風銃	hong-tshìng
風陣	hong-tsūn
風險	hong-hiám
風雨	hong-hōo
風雨學	hong-ú-ha̍k
風雨無阻	hong-hōo-bû-tsóo
風雨針	hong-ú-tsiam
風雲	hong-hûn
風雲人物	hong-hûn-jîn-bu̍t
風霜	hong-song
風面	hong-bīn
風韻	hong-ūn
風頭	hong-thâu
風風雨雨	hong-hong-ú-ú
風颱	hong-thai
風颱天	hong-thai-thinn
風颱尾	hong-thai-bué
風颱草	hong-thai-tsháu
風颱雨	hong-thai-hōo
風飛沙	hong-pue-sua
風飛砂	hong-pue-sua
風騷	hong-so
風鼓	hong-kóo
風鼓水車	hong-kóo-tsuí-tshia
風鼓葉	hong-kóo-ia̍p
颱風	thai-hong
颺埃	ing-ia
颺胡蠅	iānn-hôo-sîn
颺蓬蓬	ing-phông-phông
颺蚊	iānn-báng
颺風	iānn-hong
颺颺飛	iānn-iānn-pue
颼心	sau-sim
颼聲	sau-siann
颼軟	sau-nńg
颼風	sau-hong
飄揚	phiau-iông
飄搖	phiau-iâu
飄撇	phiau-phiat
飄散	phiau-suànn
飄落	phiau-lok
飄雲	phiau-hûn
飆古公樹	phiu-kóo-kong-tshiū
飆車	pio-tshia
飆龍	Phiau-liông
飛云	pue-hûn
飛北鳥	hui-pak-tsiáu
飛去	pue-khì
飛天	pue-thinn
飛天小女警	pue-thinn-sió-lú-kíng
飛天掛桷	hui-thian-kuà-kak
飛天車	hui-thian-tshia
飛奔	hui-pun
飛官	hui-kuann
飛彈	hui-tuânn
飛往	pue-óng
飛攝機	pue-liap-ki
飛星	pue-tshenn
飛機	hui-ki
飛機仔	pue-ki-á
飛機場	hui-ki-tiûnn
飛毛腿	hui-mn̂g-thuí
飛烏	pue-oo
飛烏卵	pue-oo-nn̄g
飛烏虎	pue-oo-hóo
飛狐	hui-hôo
飛球	pue-kiû
飛盤	pue-puânn
飛碟	hui-tia̍p
飛箭	pue-tsìnn
飛簷走壁	hui-liâm-tsáu-piah
飛絲	pue-si
飛翕機	hui-hip-ki
飛航	pue-hâng
飛船	pue-tsûn
飛虎	pue-hóo
飛蛇	pue-tsuâ
飛蜂	pue-phang
飛蟻	pue-hiā
飛行	hui-hîng
飛行員	pue-hîng-uân
飛行機	pue-hîng-ki
飛行機埕	hue-lîng-ki-tiânn
飛行船	hui-hîng-tsûn
飛越	pue-ua̍t
飛躍	hui-io̍k
飛輪	hui-lûn
飛過	pue-kuè
飛魚	pue-hî
飛魚卵	pue-hî-nn̄g
飛魴仔	pue-hang-á
飛鳥	pue-tsiáu
飛鷹	hui-ing
飛鼠	hui-tshí
飛龍船	pue-lîng-tsûn
飛𥐵仔	hui-phiat-á
食中晝	tsia̍h-tiong-tàu
食中晝頓	tsia̍h-tiong-tàu-tuìnn
食予死較贏死無食	tsia̍h-hōo-sí-khah-iânn-sí-bô-tsia̍h
食人	tsia̍h-lâng
食人戇	tsia̍h-lâng-gōng
食人生	tsia̍h-lâng-tshenn
食便屎	tsia̍h-piān-sái
食倯	tsia̍h-sông
食偷	tsia̍h-thau
食偷人	tsia̍h-thau-lâng
食傖	tsia̍h-sông
食傷	si̍t-siong
食傷飽	tsia̍h-siunn-pá
食價	tsia̍h-kè
食免錢飯	tsia̍h-bián-tsînn-pn̄g
食刀仔肉	tsia̍h-to-á-bah
食到	tsia̍h-kàu
食力	tsia̍h-la̍t
食勢	tsia̍h-sì
食匏無留種	tsia̍h-pû-bô-lâu-tsíng
食半晝仔	tsia̍h-puànn-tàu-á
食卯名	tsia̍h-báu-miâ
食名	tsia̍h-miâ
食名聲	tsia̍h-miâ-siann
食命	tsia̍h-miā
食品	si̍t-phín
食哄頭	tsia̍h-hánn-thâu
食唯是	tsia̍h-bî-sī
食啖糝	tsia̍h-tām-sám
食啥物	tsia̍h-siánn-mih
食四秀	tsia̍h-sì-siù
食堂	si̍t-tn̂g
食塗	tsia̍h-thôo
食夠夠	tsia̍h-kàu-kàu
食夢豬	Tsia̍h-bāng-ti
食大公	tsia̍h-tuā-kong
食大桌	tsia̍h-tuā-toh
食大草	tsia̍h-tuā-tsháu
食天良	tsia̍h-thian-liâng
食天路	tsia̍h-thinn-lōo
食奶仔力	tsia̍h-ling-á-la̍t
食奶動物	tsia̍h-ling-tōng-bu̍t
食奶名	tsia̍h-ling-miâ
食好料	tsia̍h-hó-liāu
食好料的	tsia̍h-hó-liāu-ê
食宋盼	tsia̍h-sòng-phàn
食官司	tsia̍h-kuann-si
食定	tsia̍h-tiānn
食客	tsia̍h-kheh
食家己	tsia̍h-ka-kī
食宿	si̍t-siok
食屎	tsia̍h-sái
食屎啦	tsia̍h-sái-lah
食山	tsia̍h-suann
食工	tsia̍h-kang
食市	tsia̍h-tshī
食帶	tsia̍h-tuà
食志	tsia̍h-tsì
食慾	si̍t-io̍k
食戇仔	tsia̍h-gōng-á
食指	si̍t-tsí
食擔	tsia̍h-tann
食教	tsia̍h-kàu
食新嫣	tsia̍h-sin-ian
食新相	tsia̍h-sin-siùnn
食日	tsia̍h-ji̍t
食早起	tsia̍h-tsái-khí
食早起飯	tsia̍h-tsái-khí-puīnn
食早頓	tsia̍h-tsá-tuìnn
食晝	tsia̍h-tàu
食暗頓	tsia̍h-àm-tuìnn
食會	tsia̍h-huē
食會合	tsia̍h-ē-ha̍h
食會消	tsia̍h-ē-siau
食月	tsia̍h-gue̍h
食本	tsia̍h-pún
食果子拜樹頭	tsia̍h-kue-tsí-pài-tshiū-thâu
食柑仔	tsia̍h-kam-á
食根	tsia̍h-kin
食桌	tsia̍h-toh
食欲	si̍t-io̍k
食死	tsia̍h-sí
食死死	tsia̍h-sí-sí
食死米	tsia̍h-sí-bí
食死錢	tsia̍h-sí-tsînn
食死飯	tsia̍h-sí-pn̄g
食母本	tsia̍h-bó-pún
食毒	tsia̍h-to̍k
食毛	tsia̍h-moo
食氣	tsia̍h-khì
食水	tsia̍h-tsuí
食油	tsia̍h-iû
食涼	tsia̍h-liâng
食深水	tsia̍h-tshim-tsuí
食漿	tsia̍h-tsiunn
食瀉	si̍t-sià
食無三塊豆乾著欲上西天	tsia̍h-bô-sann-tè-tāu-kuann-tio̍h-beh-tsiūnn-se-thian
食無三把蕹菜著欲上西天	tsia̍h-bô-sann-pé-ìng-tshài-tio̍h-beh-tsiūnn-se-thian
食無停	tsia̍h-bô-thîng
食無清	tsia̍h-bô-tshing
食無著	tsia̍h-bô-tio̍h
食無錢飯	tsia̍h-bô-tsînn-puīnn
食熏	tsia̍h-hun
食爐	tsia̍h-lôo
食牢咧	tsia̍h-tiâu-leh
食物	tsia̍h-mi̍h
食物件	tsia̍h-mi̍h-kiānn
食物橐仔	tsia̍h-mi̍h-lok-á
食狗蟻獸	tsia̍h-káu-hiā-siù
食生腳	tsia̍h-tshenn-kha
食用	si̍t-iōng
食甲飽	tsia̍h-kah-pá
食癖	tsia̍h-phiah
食目	tsia̍h-ba̍k
食目睭	tsia̍h-ba̍k-tsiu
食相	tsia̍h-siàng
食真飽	tsia̍h-tsin-pá
食睏	tsia̍h-khùn
食硬片	tsia̍h-ngē-phìnn
食硬癖	tsia̍h-ngē-phiah
食硬鼻	tsia̍h-ngē-phīnn
食碗內看碗外	tsia̍h-uánn-lāi-khuànn-uánn-guā
食祿	tsia̍h-lo̍k
食福	tsia̍h-hok
食秤頭	tsia̍h-tshìn-thâu
食積	tsia̍h-tsik
食穿	tsia̍h-tshīng
食穿用	tsia̍h-tshīng-īng
食筆尾	tsia̍h-pit-bué
食米	tsia̍h-bí
食米毋知米價	tsia̍h-bí-m̄-tsai-bí-kè
食米飯拜田頭	tsia̍h-bí-pn̄g-pài-tshân-thâu
食粗飽	tsia̍h-tshoo-pá
食粿	tsia̍h-kué
食糜坩中	tsia̍h-muâi-khann-tiong
食糧	tsia̍h-niû
食紅	tsia̍h-âng
食素	tsia̍h-sòo
食緊挵破碗	tsia̍h-kín-lòng-phuà-uánn
食緊粿	tsia̍h-kín-ké
食罪	tsia̍h-tsuē
食羹	tsia̍h-kinn
食老倒少年	tsia̍h-lāu-tò-siàu-liân
食老本	tsia̍h-lāu-pún
食老毋認老	tsia̍h-lāu-m̄-jīn-lāu
食老老番顛	tsia̍h-lāu-lāu-huan-tian
食聲	tsia̍h-siann
食肥	tsia̍h-puî
食腥臊	tsia̍h-tshenn-tshau
食膠	tsia̍h-ka
食膨餅	tsia̍h-phòng-piánn
食膨龜	tsia̍h-phòng-ku
食臊	tsia̍h-tsho
食興	tsia̍h-hìng
食色	tsia̍h-sik
食芳	tsia̍h-phang
食苦	tsia̍h-khóo
食茶	tsia̍h-tê
食菜	tsia̍h-tshài
食菜婆仔	tsia̍h-tshài-pô-á
食菜教	tsia̍h-tshài-kàu
食菜的	tsia̍h-tshài-ê
食菜食甲肚臍為界	tsia̍h-tshài-tsia̍h-kah-tōo-tsâi-uî-kài
食落	tsia̍h-lo̍h
食落去	tsia̍h-lo̍h-khì
食著甜	tsia̍h-tio̍h-tinn
食著羹	tsia̍h-tio̍h-kenn
食薰	tsia̍h-hun
食藥	tsia̍h-io̍h
食藥仔	tsia̍h-io̍h-á
食虧	tsia̍h-khui
食蜂鷹	tsia̍h-phang-ing
食蜜甕	tsia̍h-bi̍t-àng
食蟻獸	tsia̍h-hiā-siù
食衣住行	si̍t-i-tsū-hîng
食衰	tsia̍h-sue
食袂倦	tsia̍h-bē-siān
食袂合	tsia̍h-buē-ha̍h
食袂落	tsia̍h-bē-lo̍h
食袂𤺪	tsia̍h-bē-siān
食補	tsia̍h-póo
食補較贏食苦	tsia̍h-póo-khah-iânn-tsia̍h-khóo
食言	si̍t-giân
食言而肥	si̍t-giân-jî-puî
食話	tsia̍h-uē
食認	tsia̍h-jīn
食譜	si̍t-phóo
食豆腐	tsia̍h-tāu-hū
食路	tsia̍h-lōo
食躁粕粿	tsia̍h-sò-phoh-ké
食軟飯	tsia̍h-nńg-pn̄g
食軟驚硬	tsia̍h-nuí-kiann-ngī
食較䆀	tsia̍h-khah-bái
食較䆀的	tsia̍h-khah-bái-ê
食迵海	tsia̍h-thàng-hái
食過過	tsia̍h-kuè-kuè
食道癌	si̍t-tō-gâm
食酒	tsia̍h-tsiú
食酒醉	tsia̍h-tsiú-tsuì
食醋	tsia̍h-tshòo
食重貨	tsia̍h-tāng-huè
食重鹹	tsia̍h-tāng-kiâm
食量	tsia̍h-liāng
食金水	tsia̍h-kim-tsuí
食釣	tsia̍h-tiò
食錢	tsia̍h-tsînn
食錢官	tsia̍h-tsînn-kuann
食長菜	tsia̍h-tn̂g-tshài
食閒米	tsia̍h-îng-bí
食閒飯	tsia̍h-îng-pn̄g
食雞腿	tsia̍h-ke-thuí
食零星	tsia̍h-lân-san
食電	tsia̍h-tiān
食頭路	tsia̍h-thâu-lōo
食頭路人	tsia̍h-thâu-lōo-lâng
食題	tsia̍h-tê
食額	tsia̍h-gia̍h
食風	tsia̍h-hong
食食	tsia̍h-tsia̍h
食飫	tsia̍h-uì
食飯	tsia̍h-pn̄g
食飯丸	tsia̍h-pn̄g-uân
食飯啦	tsia̍h-pn̄g-lah
食飯坩中央	tsia̍h-puīnn-khann-tiong-ng
食飯廳	tsia̍h-pn̄g-thiann
食飯會	tsia̍h-pn̄g-huē
食飯桌	tsia̍h-pn̄g-toh
食飽	tsia̍h-pá
食飽傷閒	tsia̍h-pá-siunn-îng
食飽啊	tsia̍h-pá-ah
食飽換枵	tsia̍h-pá-uānn-iau
食飽未	tsia̍h-pá-buē
食飽矣	tsia̍h-pá-ah
食飽穿燒	tsia̍h-pá-tshīng-sio
食飽袂	tsia̍h-pá-bē
食餌	tsia̍h-jī
食餐廳	tsia̍h-tshan-thiann
食驚	tsia̍h-kiann
食髓知味	si̍t-tshué-tsai-bī
食鮮	tsia̍h-tshenn
食鹼	tsia̍h-kinn
食麵	tsia̍h-mī
食齋	tsia̍h-tsai
飢民	ki-bîn
飢荒	ki-hng
飢荒年	ki-hng-nî
飫嘴	uì-tshuì
飭令	tik-līng
飯丸	pn̄g-uân
飯份	pn̄g-hūn
飯前	pn̄g-tsîng
飯勺	pn̄g-sia̍h
飯包	pn̄g-pau
飯匙	pn̄g-sî
飯匙倩	pn̄g-sî-tshìng
飯匙銃	Pn̄g-sî-tshìng
飯匙骨	pn̄g-sî-kut
飯匙鯊	pn̄g-sî-sua
飯坩	pn̄g-khann
飯垂	pn̄g-suê
飯庀	pn̄g-phí
飯店	pn̄g-tiàm
飯店仔	pn̄g-tiàm-á
飯廳	pn̄g-thiann
飯後	pn̄g-āu
飯斗	pn̄g-táu
飯旬	pn̄g-sûn
飯桶	pn̄g-tháng
飯桶仙	pn̄g-tháng-sian
飯桶兵	pn̄g-tháng-ping
飯桶司	pn̄g-tháng-sai
飯焦	pn̄g-ta
飯煎	pn̄g-tsian
飯甌	pn̄g-au
飯盒仔	pn̄g-a̍p-á
飯碗	pn̄g-uánn
飯票	pn̄g-phiò
飯籬	pn̄g-lē
飯籬樹	pn̄g-lē-tshiū
飯粒	pn̄g-lia̍p
飯菜	pn̄g-tshài
飯頓	pn̄g-tǹg
飲宴	ím-iàn
飲恨	ím-hīn
飲料	ím-liāu
飲水機	ím-tsuí-ki
飲用	ím-iōng
飲用水	ím-iōng-tsuí
飲茶	ím-tê
飲食	ím-si̍t
飲食店	ím-si̍t-tiàm
飼一家	tshī-tsi̍t-ke
飼主	tshī-tsú
飼乖	tshī-kuai
飼囝	tshī-kiánn
飼囝飯	tshī-kiánn-pn̄g
飼夥計	tshī-hué-kì
飼大	tshī-tuā
飼大漢	tshī-tuā-hàn
飼奶	tshī-ling
飼奶動物	tshī-ling-tōng-bu̍t
飼奶房	tshī-ling-pâng
飼奶間	tshī-ling-king
飼家	tshī-ke
飼料	tshī-liāu
飼某囝	tshī-bóo-kiánn
飼查某	tshī-tsa-bóo
飼水	tshī-tsuí
飼活	tshī-ua̍h
飼牛	tshī-gû
飼狗	tshī-káu
飼猴	tshī-kâu
飼細姨	tshī-sè-î
飼羊	tshī-iûnn
飼羊的	tshī-iûnn-ê
飼花眉	tshī-hue-bî
飼豬	tshī-ti
飼豬式教育	tshī-ti-sik-kàu-io̍k
飼豬𠢕人	tshī-ti-gâu-lâng
飼金精	tshī-kim-tsiann
飼金魚	tshī-kim-hî
飼銃	tshī-tshìng
飼鐵	tshī-thih
飼雞	tshī-ke
飼鴨	tshī-ah
飽仁	pá-jîn
飽佮醉	pá-kah-tsuì
飽受	pá-siū
飽呃	pá-eh
飽和	páu-hô
飽和狀態	pá-hô-tsōng-thài
飽圓	pá-înn
飽學	pá-ha̍k
飽富	pá-pù
飽實	pá-tsa̍t
飽水	pá-tsuí
飽流	pá-lâu
飽淀	pá-tīnn
飽滇	pá-tīnn
飽滿	pá-muá
飽漲	pá-tiùnn
飽激	pá-kik
飽眠	pá-bîn
飽私囊	páu-su-lông
飽穗	pá-suī
飽米	pá-bí
飽肚	pá-tōo
飽脹	pá-tiùnn
飽腹	pá-pak
飽膋	pá-lâ
飽足	pá-tsiok
飽閣飫	pá-koh-uì
飽飽	pá-pá
飾物	sik-bu̍t
餃肥	kauh-puî
餅乾	piánn-kuann
餅屑	piánn-sap
餅屑仔	piánn-sap-á
餅干	piánn-kuann
餅幼	piánn-iù
餅幼仔	piánn-iù-á
餅店	piánn-tiàm
餅碎	piánn-tshuì
餅路	piánn-lōo
餅途	piánn-tôo
餅霎	piánn-sap
餅餡	piánn-ānn
餅麩	piánn-hu
餅𩛩	piánn-kauh
養個	iúnn-ê
養傷	iáng-siong
養分	iáng-hun
養女	iáng-lí
養子	iáng-tsú
養家	iáng-ke
養性	iáng-sìng
養成	iáng-sîng
養樂多	iáng-lo̍k-to
養殖	iáng-si̍t
養殖業	ióng-si̍t-gia̍p
養母	iáng-bió
養父	iáng-hū
養生	iáng-sing
養生之道	iáng-sing-tsi-tō
養生堂	iáng-sing-tn̂g
養生奶	ióng-sing-ling
養生池	iáng-sing-tî
養病	iáng-pênn
養神	iáng-sîn
養老	iáng-ló
養老垂	iáng-lāu-suê
養老年金	iáng-ló-nî-kim
養老金	iáng-ló-kim
養老院	iáng-ló-īnn
養育	iáng-io̍k
養護	iáng-hōo
養豬場	tshī-ti-tiûnn
養贍	iáng-siām
養贍銀	iáng-siām-gîn
養身命	iáng-sin-miā
養靜	iáng-tsīng
養飼	iúnn-tshī
餐具	tshan-khū
餐券	tshan-kǹg
餐巾	tshan-kin
餐廳	tshan-thiann
餐會	tshan-huē
餐桌	tshan-toh
餐車	tshan-tshia
餐飲	tshan-ím
餐飲業	tshan-ím-gia̍p
餐館	tshan-kuán
餐點	tshan-tiám
餒志	lué-tsì
餓死	gō-sí
餓鬼	gō-kuí
餘力	î-li̍k
餘地	î-tē
餘姚	Û-iâu
餘威	î-ui
餘數	î-sòo
餘款	î-khuán
餘生	î-sing
餘震	î-tsìn
餘額	î-gia̍h
餘黨	î-tóng
餞別	tsiān-pia̍t
餞行	tsián-hîng
餡酥球	ānn-soo-kiû
餡麭挽	Ānn-pháng-bán
館前	kuán-tsîng
館棧	kuán-tsàn
館長	kuán-tiúnn
餳人	siânn-lâng
餳人笑	siânn-lâng-tshiò
餳弄	siânn-lāng
餳狗公	siânn-káu-kang
餾出頭	liū-tshut-thâu
餾臭酸粿	liū-tshàu-suinn-kué
饅頭	bán-thô
饅頭果	bān-thâu-kó
饅頭粿	bīn-thâu-kué
饑寒	ki-hân
饑餓	ki-gō
饒命	jiâu-miā
饒恕	jiâu-sù
饒痕	liâu-hûn
饒裕	jiâu-jī
饒變	jiâu-piàn
饕餮	tho-thiat
饗宴	hióng-iàn
饞喙	sâi-tshuì
饞嘴	sâi-tshuì
饞食	sâi-tsia̍h
饡油	tsuànn-iû
首位	siú-uī
首先	siú-sian
首善之區	siú-siān-tsi-khu
首席	siú-si̍k
首府	siú-hú
首座	siú-tsō
首惡	siú-ok
首映	siú-ìng
首烏	siú-oo
首爾	Siú-ní
首相	siú-siòng
首肯	siú-khíng
首腦	siú-náu
首要	siú-iàu
首謀	siú-bôo
首謀者	siú-bôo-tsiá
首都	siú-too
首長	siú-tiúnn
首領	siú-líng
首頭	tshiú-thâu
首飾	tshiú-sik
香仔針	Hiang-á-tsiam
香儀	hiunn-gî
香公	hiunn-kong
香包	hiunn-pau
香塔	hiunn-thah
香奠	hiunn-tiān
香嬌心	hiunn-kiau-sim
香客	hiunn-kheh
香山	Hiong-san
香店	hiunn-tiàm
香斗	hiunn-táu
香料	hiang-liāu
香會	hiunn-huē
香杉	hiunn-sam
香果	hiong-kó
香柑	hiunn-kam
香柚	hiunn-iū
香柴	hiunn-tshâ
香案桌	hiunn-àn-toh
香條	hiunn-tiâu
香楠	hiunn-lâm
香榆	hiunn-jû
香檳	hiong-pin
香檳酒	hiong-pin-tsiú
香櫞	hiunn-înn
香櫞地	hiunn-înn-tē
香櫞柑	hiunn-înn-kam
香櫞瓜	hiunn-înn-kue
香櫞瓜仔	hiunn-înn-kue-á
香櫞瓜仔鬚	hiunn-înn-kue-á-tshiu
香水茅	hiong-suí-mâu
香油	hiang-iû
香油錢	hiunn-iû-tsînn
香浴草	Hiang-i̍k-tsháu
香港	Hiang-káng
香港人	hiong-káng-lâng
香港特別行政區	Hiong-káng-Ti̍k-pia̍t-Hîng-tsìng-khu
香港腳	hiong-káng-kha
香火	hiunn-hué
香火仔	hiunn-hué-á
香火袋	hiunn-hué-tē
香灰	hiunn-hu
香煙	hiunn-ian
香燭	hiunn-tsik
香爐	hiunn-lôo
香爐耳	hiunn-lôo-hīnn
香片	hiong-phìnn
香珠	hiunn-tsu
香環	hiunn-khuân
香瓜仔心	hiunn-kue-á-sim
香瓜仔鬚	hiunn-kue-á-tshiu
香盒仔	hiunn-a̍p-á
香碗桌	hiunn-uánn-toh
香芳	hiunn-phang
香芹菜	hiang-khîn-tshài
香茅	hiang-hm̂
香菇	hiunn-koo
香菇柴	hiunn-koo-tshâ
香華	hiong-hua
香蒲	hiang-pôo
香蕉	king-tsio
香螺	hiunn-lê
香袋	hiunn-tē
香附	hiong-hù
香陣	hiunn-tīn
香香	hiunn-hiunn
香香仔	hiunn-hiunn-á
馬丁	Má-ting
馬上	má-siāng
馬上婿	bé-tsiūnn-sài
馬上寒	má-siāng-hân
馬不停蹄	má-put-thîng-tê
馬伕	bé-hu
馬來西亞	Má-lâi-se-a
馬來貘	má-lâi-bik
馬偕	Má-kai
馬偕醫學院	Má-kai-I-ha̍k-īnn
馬偕醫院	Má-kai-i-īnn
馬克	má-khik
馬克思	Má-khik-su
馬克杯	má-khik-pue
馬公	Má-king
馬公厝	bé-kong-tshù
馬公市	Má-king-tshī
馬其頓	Má-kî-tùn
馬刀瘡	bé-to-tshng
馬利	Má-lī
馬利筋	má-lī-kin
馬力	bé-la̍t
馬加	má-ka
馬加智	Má-ka-tì
馬勢	bé-sì
馬匹	bé-phit
馬卡朗	ma-khá-lóng
馬卡龍	bé-kha̍h-liông
馬卵	bé-nn̄g
馬口	má-kháu
馬口樹	bé-kháu-tshiū
馬口鐵	bé-kháu-thih
馬可仕	Má-khó-sū
馬咬韁	bé-kā-kiunn
馬喉脾	bé-âu-pî
馬場	bé-tiûnn
馬大安	Má-tāi-an
馬子	bé-tsí
馬尼拉	Ma-ni-la
馬尾	bé-bué
馬尾區	Má-bué-khu
馬尾絲	bé-bué-si
馬布	bé-pòo
馬年	bé-nî
馬德里	Má-tik-lí
馬快	bé-khuài
馬戲	bé-hì
馬戲團	bé-hì-thuân
馬房	bé-pâng
馬搽	má-tâ
馬摔	bé-sut
馬擎仔	má-kìn-á
馬查蘭	Má-tsa-lân
馬桶	bé-tháng
馬椆	bé-tiâu
馬欄	bé-nuâ
馬武窟	Má-bú-khut
馬狗	má-káu
馬狗琴	bé-káu-khîm
馬猛	bé-bíng
馬瓏	bé-long
馬祖	má-tsóo
馬禮鶯	má-lé-ing
馬索	bé-soh
馬纓	bé-iann
馬纓丹	má-ing-tan
馬纓花	bé-iann-hue
馬耳東風	má-ní-tong-hong
馬脰鬃	bé-tāu-tsang
馬脾風	bé-pî-hong
馬花糋	bé-hue-tsìnn
馬英九	Má-Ing-kiú
馬茶花	bé-tê-hue
馬草	bé-tsháu
馬薺	bé-tsî
馬虎	má-hu
馬蜞	bé-khî
馬術	bé-su̍t
馬裌	bé-kah
馬褂	bé-kuà
馬賽	bé-sài
馬走標	bé-tsáu-pio
馬路	bé-lōo
馬踏鐙	bé-ta̍h-tìng
馬蹄糋	bé-tê-tsìnn
馬蹄花	bé-tê-hue
馬蹄金	bé-tê-kim
馬蹄銀	bé-tê-gîn
馬蹄鐵	bé-tê-thih
馬蹄香	bé-tê-hiang
馬蹄黃	bé-tê-n̂g
馬車	bé-tshia
馬辛	má-sin
馬達	má-ta̍t
馬里勿	Má-lí-bu̍t
馬鈴	bé-lîng
馬鈴薯	bé-lîng-tsî
馬鈴薯條	má-lîng-tsî-tiâu
馬鈴薯片	má-lîng-tsî-phínn
馬鐙	bé-tìng
馬隊	bé-tuī
馬雄	bé-hiông
馬鞍	bé-an
馬鞍苴	bé-uann-tsū
馬鞍草	bé-uann-tsháu
馬鞍藤	bé-uann-tîn
馬鞭	bé-pinn
馬鞭草	bé-pian-tsháu
馬鞭魚	bé-pinn-hî
馬頭	bé-thâu
馬頷纓	bé-ām-iann
馬頷鈴	bé-hâm-lîng
馬駒	má-khu
馬鬃	bé-tsang
馬魯知夫	Má-luh-tī-hu
馬鮫	bé-ka
馬鮫鰆	bé-ka-tshun
馬齒草	bé-khí-tsháu
馬齒菜	bé-khí-tshài
馬齒豆	bé-khí-tāu
駁二	Pok-jī
駁仔	pok-á
駁仔船	pok-á-tsûn
駁仔銃	pok-á-tshìng
駁倒轉	pok-tò-tńg
駁喙	poh-tshuì
駁嘴	poh-tshuì
駁天孑	pok-thian-kiat
駁孑	pok-kiat
駁岸	poh-huānn
駁崁	poh-khàm
駁斥	pok-tshik
駁殼銃	pak-khak-tshìng
駁腳車	pak-kha-tshia
駁話	poh-uē
駁話骨	pak-uē-kut
駁骨丹	pok-kut-tan
駐地	tsù-tē
駐守	tsū-siú
駐死	tū-sí
駐水	tū-tsuí
駐留	tsù-liû
駐紮	tsù-tsat
駐華	tsù-huâ
駐足	tsù-tsiok
駐軍	tsù-kun
駐防	tsù-hông
駐鹽	tū-iâm
駕照	kà-tsiàu
駕照用雞腿換的	kà-tsiàu-iōng-ke-thuí-uānn-ê
駕車	kà-tshia
駕馭	kà-gū
駕駛	kà-sú
駕駛人	kà-sú-lâng
駕駛員	kà-sú-uân
駕駛座	kà-sú-tsō
駕駛盤	kà-sái-puânn
駕駛者	kà-sú-tsiá
駙馬	hū-má
駛倒退	sái-tò-thè
駛出	sái-tshut
駛到	sái-kàu
駛向	sái-hiòng
駛夜車	sái-iā-tshia
駛尻川	sái-kha-tshng
駛往	sái-óng
駛恁娘咧	sái-lín-niâ-leh
駛犁	sái-lê
駛田	sái-tshân
駛硬片	sái-ngē-phìnn
駛碇	sái-tiànn
駛緊	sái-kín
駛船	sái-tsûn
駛車	sái-tshia
駛車的	sái-tshia-ê
駛車盤	sái-tshia-puânn
駛較慢咧	sái-khah-bān-leh
駛近	sái-kīn
駛過掛	sái-kuè-kuà
駛過馬	sái-kuè-bé
駝羊仔	tô-iûnn-á
駝鳥	tô-tsiáu
駱駝	lo̍k-tô
駱駝絨	lo̍k-tô-jiông
騃錢	gâi-tsînn
騎乘	khiâ-sîng
騎乘體位	khiâ-sîng-thé-uī
騎士	khî-sū
騎湧	khiâ-íng
騎王爺馬	khiâ-ông-iâ-bé
騎縫縒	khî-hông-tsua̍h
騎虎容易下虎難	khiâ-hóo-iông-ī-hā-hóo-lân
騎車	khiâ-tshia
騎車細膩	khiâ-tshia-sè-jī
騎雉雞	khiâ-thī-ke
騎馬	khiâ-bé
騎馬仔囊	khiâ-bé-á-long
騎馬瓏	khiâ-bé-long
騙人	phiàn-lâng
騙取	phiàn-tshú
騙喙	phiàn-tshuì
騙子	phiàn-tsú
騙局	phiàn-kio̍k
騙徒	phiàn-tôo
騙步	phiàn-pōo
騙痟個	phiàn-siáu-ê
騙請害餓	phiàn-tshiánn-hāi-gō
騙財	phiàn-tsâi
騙走	phiàn-tsáu
騙食	phiàn-tsia̍h
騙鬼	phiàn-kuí
騰出	thîng-tshut
騷心	sau-sim
騷擾	so-jiáu
騷疹	so-tsín
騾仔	lô-á
驃溜咻	phiu-liu-siu
驅使	khu-sài
驅動	khu-tōng
驅散	khu-suànn
驅趕	khu-kuánn
驅逐	khu-ta̍k
驅逐艦	khu-tio̍k-lām
驅邪	khu-siâ
驅除	khu-tî
驌溜	siu̍h-liu
驕傲	kiau-ngōo
驕強	kiau-kiông
驕掇掇	kiau-tshuah-tshuah
驕揭	kiau-kia̍h
驕矍	kiau-kiah
驕矜	kiau-king
驕頭	kiau-thâu
驗傷	giām-siong
驗傷單	giām-siong-tuann
驗尿	giām-jiō
驗屍	giām-si
驗屍官	giām-si-kuann
驗收	giām-siu
驗明正身	giām-bîng-tsìng-sin
驗疫	giām-i̍k
驗目睭	giām-ba̍k-tsiu
驗血	giām-hueh
驗證	giām-tsìng
驚一下	kiann-tsi̍t-ē
驚一下戇面去	kiann-tsi̍t-ē-gōng-bīn-khì
驚一趒	kiann-tsi̍t-tiô
驚世	kiann-sè
驚了	kiann-liáu
驚了錢閣欲開查某	kiann-liáu-tsînn-koh-beh-khai-tsa-bóo
驚事	kiann-sū
驚人	kiann-lâng
驚人講	kiann-lâng-kóng
驚倒人	kiann-tó-lâng
驚冷	kiann-líng
驚動	king-tōng
驚勼	kiann-kiu
驚半死	kiann-puànn-sí
驚喜	kiann-hí
驚嘆	kiann-thàn
驚嘆號	king-thàn-hō
驚場	kiann-tiûnn
驚天動地	kiann-thinn-tāng-tē
驚奇	kiann-kî
驚寒	kiann-kuânn
驚心	kiann-sim
驚心懍命	kiann-sim-lún-miā
驚惡人	kiann-ok-lâng
驚惶	king-hông
驚懍	kiann-lún
驚懼	kiann-khū
驚掄草	kiann-nng-tsháu
驚掣	kiann-tshuah
驚撓草	kiann-ngiau-tsháu
驚東忌西	kiann-tang-khī-sai
驚某	kiann-bóo
驚桀桀	kiann-khe̍h-khe̍h
驚歹人	kiann-pháinn-lâng
驚歹勢	kiann-pháinn-sì
驚死	kiann-sí
驚死人	kiann-sí-lâng
驚死芋莖	kiann-sí-ōo-huâinn
驚死道人	kiann-sí-tō-lâng
驚死閣欲看目連	kiann-sí-koh-beh-khuànn-bo̍k-liân
驚水症	kiann-tsuí-tsìng
驚熱	kiann-jua̍h
驚燒	kiann-sio
驚狹狹	kiann-kue̍h-kue̍h
驚生分	kiann-senn-hūn
驚甲失膽	kiann-kah-sit-tánn
驚甲戇去	kiann-kah-gōng-khì
驚畏	kiann-uì
驚疑	kiann-gî
驚痛	kiann-thiànn
驚著	kiann-tio̍h
驚蟄	kinn-ti̍t
驚見笑	kiann-kiàn-siàu
驚醒	king-síng
驚險	kiann-hiám
驚風	king-hong
驚驚	kiann-kiann
驚驚惶惶	kiann-kiann-hiânn-hiânn
驚驚桀桀	kiann-kiann-khe̍h-khe̍h
驚驚毋敢行	kiann-kiann-m̄-kánn-kiânn
驚驚狹狹	kiann-kiann-kue̍h-kue̍h
驚驚袂著等	kiann-kiann-bē-tio̍h-tíng
驚魂	kiann-hûn
驛頭	ia̍h-thâu
驛馬	ia̍h-bé
驟然	tsōo-jiân
驢仔	lî-á
驢耩	lû-káng
驢車	lû-tshia
驢駝	lû-tô
骨刺	kut-tshì
骨力	kut-la̍t
骨力做工	kut-la̍t-tsò-kang
骨力走傱	kut-la̍t-tsáu-tsông
骨塊	kut-tè
骨學	kut-ha̍k
骨幹	kut-kàn
骨斷	kut-tn̄g
骨架	kut-kè
骨格	kut-keh
骨氣	kut-khì
骨灰	kut-hu
骨炎症	kut-iām-tsìng
骨牌	kut-pâi
骨瓤	kut-nn̂g
骨癰	kut-ing
骨盤	kut-puânn
骨目	kut-ba̍k
骨碎補	kut-tshuì-póo
骨科	kut-kho
骨稟仔	kut-pín-á
骨節	kut-tsat
骨簪仔	kut-tsiam-á
骨精	kut-tsing
骨膜	kut-mo̍oh
骨膜炎	kut-mo̍oh-iām
骨衣	kut-i
骨質	kut-tsit
骨質含梢	kut-tsit-hâm-sau
骨輪	kut-lûn
骨頂	kut-tíng
骨頭	kut-thâu
骨頭冇	kut-thâu-phànn
骨頭含梢	kut-thâu-hâm-sau
骨頭拍鼓	kut-thâu-phah-kóo
骨頭灰	kut-thâu-hu
骨頭親	kut-thâu-tshin
骨骰	kut-tâu
骨骸	kut-hâi
骨骼	kut-keh
骨骼肌	kut-keh-ki
骨髓	kut-tshué
骨鵃	kut-tsiu
骨齴齴	kut-giàng-giàng
骰九	tâu-káu
骰仔	tâu-á
骰仔形	tâu-á-hîng
骰仔花	tâu-á-hue
骱盤	kái-puânn
骱邊	kái-pinn
骱邊癢	kái-pinn-tsiūnn
骱邊骨	kái-pinn-kut
骷髏	khoo-lôo
骷髏頭	khoo-lôo-thâu
骿仔骨	pín-á-kut
骿枝骨	phiann-ki-kut
骿條肉	phiann-liâu-bah
骿條骨	phiann-liâu-kut
骿骨	phiann-kut
髑髏	to̍k-lôo
體位	thé-uī
體內	thé-lāi
體制	thé-tsè
體剔	thé-thak
體力	thé-li̍k
體勢	thé-sì
體味	thé-bī
體坐	thé-tsē
體型	thé-hîng
體壇	thé-tuânn
體察	thé-tshat
體專	thé-tsuan
體形	thé-hîng
體恤	thé-sut
體態	thé-thài
體操	thê-tshau
體會	thé-huē
體會著	thé-huē-tio̍h
體格	thé-keh
體樣	thé-iūnn
體檢	thé-kiám
體法	thé-huat
體溫	thé-un
體溫計	thé-un-kè
體積	thé-tsik
體系	thé-hē
體統	thé-thóng
體罰	thé-hua̍t
體育	thé-io̍k
體育場	thé-io̍k-tiûnn
體育會	thé-io̍k-huē
體育界	thé-io̍k-kài
體育車	thé-io̍k-tshia
體育館	thé-io̍k-kuán
體能	thé-lîng
體藝	thé-gī
體號	thé-hō
體認	thé-jīn
體諒	thé-liōng
體貼	thé-thiap
體質	thé-tsit
體辱	thé-lio̍k
體重	thé-tāng
體重磅仔	thé-tāng-pōng-á
體面	thé-biān
體驗	thé-giàm
體驗著	thé-giām-tio̍h
高中	ko-tiong
高中生	ko-tiong-sing
高人	ko-jîn
高人一等	ko-jîn-it-tíng
高估	ko-kóo
高僧	ko-sing
高出	ko-tshut
高分	ko-hun
高加索	Ko-ka-soh
高升	ko-sing
高原	ko-guân
高句麗	Ko-kù-lê
高品質	ko-phín-tsit
高唱	ko-tshiùnn
高商	ko-siong
高地	ko-tē
高地防禦基地	ko-tē-hông-gī-ki-tē
高坎	ko-khám
高壓	ko-ap
高壓電	ko-ap-tiān
高壽	ko-siū
高官	ko-kuann
高寮	Ko-liâu
高射炮	ko-siā-phàu
高尚	ko-siōng
高就	ko-tsiū
高居	ko-ki
高屏地區	Ko-pîn-tē-khu
高屏溪	Ko-pîn-khe
高層	ko-tsân
高山族	ko-san-tso̍k
高山茶	ko-suann-tê
高峰	ko-hong
高崎	Ko-kiā
高工	ko-kang
高市	Ko-tshī
高幹	ko-kàn
高度	ko-tōo
高性能	ko-sìng-lîng
高成炎	Ko-Sêng-iām
高手	ko-tshiú
高才	ko-tsâi
高掛	ko-kuà
高明	ko-bîng
高材生	ko-tsâi-sing
高架	ko-kè
高架橋	ko-kè-kiô
高根	ko-kun
高梁	ko-liông
高梁酒	kau-liâng-tsiú
高樓	ko-lâu
高樹	Ko-tshiū
高樹跤	Ko-tshiū-kha
高歌	ko-kua
高氣壓	ko-khì-ap
高溫	ko-un
高漲	ko-tiòng
高爾夫	ko-ní-hu
高爾夫球	ko-ní-hu-kiû
高票	ko-phiò
高科技	ko-kho-ki
高空	ko-khang
高等	ko-tíng
高粱	ko-liâng
高級	ko-kip
高級衛生紙	ko-kip-uī-sing-tsuá
高考	ko-khó
高聲	ko-siann
高職	ko-tsit
高薪	ko-sin
高處	ko-tshù
高血壓	ko-hiat-ap
高血油	ko-hiat-iû
高裕	ko-jū
高見	ko-kiàn
高調	ko-tiāu
高貴	ko-kuì
高超	ko-tshiau
高農	ko-lông
高速	ko-sok
高速公路	ko-sok-kong-lōo
高醫	Ko-i
高金素梅	Ko-Kim-Sòo-mûi
高鐵站	ko-thih-tsām
高長	kau-tshiâng
高長大漢	ko-tshiâng-tuā-hàn
高門	ko-mn̂g
高階層	ko-kai-tsân
高雄	Ko-hiông
高雄人	Ko-hiông-lâng
高雄展覽館	Ko-hiông-Tián-lám-kuán
高雄工專	Ko-hiông-kang-tsuan
高雄市	Ko-hiông-tshī
高雄海專	Ko-hiông-hái-tsuan
高雄港	Ko-hiông-káng
高雄縣	Ko-hiông-kuān
高雄縣長	Ko-hiông-kuān-tiúnn
高雄醫學院	Ko-hiông-i-ha̍k-īnn
高雅	ko-ngá
高額	ko-gia̍h
高飛球	ko-hui-kiû
高麗	ko-lê
高麗參	ko-lê-som
高麗字	ko-lê-jī
高麗菜	ko-lê-tshài
高麗蔘	ko-lê-som
高黐麵粉	ko-thi-mī-hún
高齡	ko-lîng
髡皮	khun-phuê
髡面毛	khun-bīn-mn̂g
髡髮	khun-huat
髮僧	huat-tsing
髮型	huat-hîng
髮妻	huat-tshe
髮字頭	huat-jī-thâu
髻仔尾	kuè-á-bué
鬆一氣	sang-tsi̍t-khuì
鬆冗	sang-līng
鬆勁	song-kìng
鬆動	song-tōng
鬆化化	sang-huà-huà
鬆口	song-kháu
鬆噴噴	sang-phùn-phùn
鬆土	sang-thôo
鬆弄	sang-lāng
鬆弛	song-sí
鬆快	song-khuài
鬆散	song-sàn
鬆氣	sang-khuì
鬆洒零落	sang-sè-lîng-lo̍h
鬆緊	song-kín
鬆緊帶	song-kín-tuà
鬆罕鬆罕	sang-huánn-sang-huánn
鬆軟	sang-nńg
鬆餅	sang-piánn
鬍叉叉	hôo-tshe-tshe
鬍屑屑	hôo-sa̍p-sa̍p
鬍爁喢	hôo-nà-sannh
鬍獅狗	hôo-sai-káu
鬍鬍	hôo-hôo
鬍鬚	hôo-tshiu
鬖毛狗	sàm-mn̂g-káu
鬖毛鬼	sàm-mn̂g-kuí
鬚哥	tshiu-ko
鬚甘	tshiu-kam
鬢腳	pìn-kha
鬢蓑	pìn-sui
鬢角	pìn-kak
鬢邊	pìn-pinn
鬢邊毛	pìn-pinn-mn̂g
鬢邊膏	pìn-pinn-ko
鬢邊骨	pìn-pinn-kut
鬢骨	pìn-kut
鬢鬚	pìn-tshiu
鬥一腳	tàu-tsi̍t-kha
鬥仙法	tàu-sian-huat
鬥份	tàu-hūn
鬥伙	tàu-hué
鬥伙計	tàu-hué-kì
鬥伴	tàu-phuānn
鬥伴壇	tàu-phuānn-tuânn
鬥倚	tàu-uá
鬥做夥	tàu-tsò-hué
鬥出步	tàu-tshut-pōo
鬥分	tàu-hūn
鬥力	tàu-la̍t
鬥勁	tàu-kīng
鬥勝	tòo-sìng
鬥參	tàu-tsham
鬥參仝	tàu-sann-kāng
鬥參共	tàu-sann-kāng
鬥口	tàu-kháu
鬥句	tàu-kù
鬥嘴	tòo-tshuì
鬥圓弧	tàu-înn-oo
鬥圖	tàu-tôo
鬥堆	tàu-tui
鬥塑膠角仔	tàu-sok-ka-kak-á
鬥士	tàu-sū
鬥夥計	tàu-hué-kì
鬥契兄	tàu-khè-hiann
鬥奧援	tàu-oo-ián
鬥對	tàu-tuì
鬥幫	tàu-pang
鬥幫贈	tàu-pang-tsān
鬥幫贊	tàu-pang-tsān
鬥序碼	tàu-sū-bé
鬥心適	tàu-sim-sik
鬥志	tàu-tsì
鬥手	tàu-tshiú
鬥括	tàu-kuah
鬥插	tàu-tshap
鬥揵	tàu-kīng
鬥搭	tàu-tah
鬥擺	tàu-pái
鬥智	tòo-tì
鬥會峇	tàu-ē-bā
鬥棚	tàu-pînn
鬥氣	tòo-khì
鬥法	tàu-huat
鬥流	tàu-lâu
鬥無好勢	tàu-bô-hó-sì
鬥無閒	tàu-bô-îng
鬥爭	tàu-tsing
鬥片仔	tàu-phìnn-á
鬥牛	tàu-gû
鬥牛場	tòo-gû-tiûnn
鬥猛	tàu-bíng
鬥猴	tàu-kâu
鬥目色	tòo-ba̍k-sik
鬥相仝	tàu-sio-kāng
鬥相共	tàu-sio-kāng
鬥相報	tàu-sio-pò
鬥相幫	tàu-siang-pang
鬥相賽	tàu-sio-sè
鬥短腳	tàu-té-kioh
鬥硬氣	tóo-ngē-khì
鬥碗額	tàu-uánn-gia̍h
鬥穡	tàu-sit
鬥空	tàu-khang
鬥紐	tàu-liú
鬥股	tàu-kóo
鬥腳	tàu-kha
鬥腳手	tàu-kha-tshiú
鬥膽	tàu-tánn
鬥虎鬚	tàu-hóo-tshiu
鬥袂峇	tàu-bē-bā
鬥規注	tàu-kui-tù
鬥規篷	tàu-kui-phâng
鬥話	tàu-uē
鬥話榫	tàu-uē-sún
鬥謀	tàu-bôo
鬥講	tàu-kóng
鬥講話	tàu-kóng-uē
鬥賽	tàu-suè
鬥贊	tàu-tsàn
鬥贊助	tàu-tsàn-tsōo
鬥贊嘴	tàu-tsān-tshuì
鬥贊手	tàu-tsàn-tshiú
鬥贊拳	tàu-tsān-kûn
鬥贏	tàu-iânn
鬥走	tàu-tsáu
鬥足	tàu-tsiok
鬥造化	tàu-tsō-huà
鬥鈕	tàu-liú
鬥陣	tàu-tīn
鬥陣個	tàu-tīn-ê
鬥陣特攻	Tòo-tīn-ti̍k-kong
鬥陣行	tàu-tīn-kiânn
鬥雞	tòo-ke
鬥頭	tàu-thâu
鬥額	tàu-gia̍h
鬥額數	tàu-gia̍h-siàu
鬥鬚	tàu-tshiu
鬥鬧熱	tàu-lāu-jia̍t
鬥魚	tòo-hî
鬥黨	tàu-tóng
鬧出	nāu-tshut
鬧動	lāu-tōng
鬧區	nāu-khu
鬧台	nāu-tâi
鬧場	nāu-tiûnn
鬧意見	nāu-ì-kiàn
鬧房	nāu-pâng
鬧新娘	nāu-sin-niû
鬧洞房	nāu-tōng-pông
鬧熱	lāu-jia̍t
鬧熱擺	lāu-jia̍t-pái
鬧熱滾滾	lāu-lia̍t-kún-kún
鬧猜猜	lāu-tshai-tshai
鬧鐘	nāu-tsing
鬧陽花	lāu-iông-hue
鬮分	khau-hun
鬱下	ut-hē
鬱傷	ut-siong
鬱勞	ut-lô
鬱卒	ut-tsut
鬱卒熱	ut-tsut-jua̍h
鬱口	ut-kháu
鬱屈	ut-khut
鬱悒	ut-ip
鬱悴	ut-tsu̍t
鬱悶	ut-būn
鬱懊癖	ut-àu-phiah
鬱折	ut-tsi̍h
鬱曲	ut-khiau
鬱氣	ut-khì
鬱熱	ut-jua̍h
鬱燠熱	ut-àu-jua̍h
鬱牢	ut-tiâu
鬱症	ut-tsìng
鬱痧	ut-sua
鬱癆	ut-lô
鬱積	ut-tsik
鬱竹	ut-tik
鬱色	ut-sik
鬱金	ut-kim
鬱金香	ut-kim-hiong
鬼仔厝	kuí-á-tshù
鬼仔古	kuí-á-kóo
鬼仔囝	kuí-á-kiánn
鬼仔根	kuí-á-kin
鬼仔火	kuí-á-hué
鬼仔田嬰	kuí-á-tshân-enn
鬼仔病	kuí-á-pēnn
鬼仔胎	kuí-á-thai
鬼仔花	kuí-á-hue
鬼仔錢	kuí-á-tsînn
鬼仔風	kuí-á-hong
鬼仔魚	kuí-á-hî
鬼厄	kuí-eh
鬼喙	kuí-tshuì
鬼差	kuí-tshe
鬼怪	kuí-kuài
鬼扛鬼	kuí-kng-kuí
鬼拍著	kuí-phah-tio̍h
鬼攝去	kuí-sia̍p-khì
鬼會知	kuí-ē-tsai
鬼月	kuí-gue̍h
鬼滅之刃	kuí-bia̍t-tsi-jīm
鬼片	kuí-phìnn
鬼牽去	kuí-khan-khì
鬼王	kuí-ông
鬼知	kuí-tsai
鬼節	kuí-tsiat
鬼精	kuí-tsiann
鬼胎	kuí-thai
鬼針草	kuí-tsiam-tsháu
鬼面	kuí-bīn
鬼頭刀	kuí-thâu-to
魁北克	khue-pok-khik
魂亭	hûn-tîng
魂身	hûn-sin
魂轎	hûn-kiō
魂飛魄散	hûn-hui-phik-sàn
魂香花	hûn-hiong-hua
魂魄	hûn-phik
魄力	phik-li̍k
魅力	bī-li̍k
魍魎	mǹg-sǹg
魎哀	lióng-ainn
魏延捙倒七星燈	Guī-iân-tshia-tó-tshit-tshenn-ting
魏風	Guī-hong
魏體	guī-thé
魑魅	lî-mūi
魑魅魍魎	Lî-muī-Bóng-lióng
魔公	môo-kong
魔力	môo-li̍k
魔女	môo-lú
魔導士	môo-tō-sū
魔掌	môo-tsiáng
魔棍仔	môo-kùn-á
魔法	môo-huat
魔法少女	Môo-huat-Siàu-lú
魔狂性	môo-kông-sìng
魔獸爭霸	môo-siū-tsing-pà
魔王	môo-ông
魔神	môo-sîn
魔神仔	môo-sîn-á
魔神仔咒讖	môo-sîn-á-tsiù-tshàm
魔神狗	môo-sîn-káu
魔練	môo-liān
魔羯座	Môo-kiat-tsō
魔芋	môo-ōo
魔術	môo-su̍t
魔術師	môo-su̍t-su
魔術角仔	môo-su̍t-kak-á
魔鏡	môo-kiànn
魔非	môo-hui
魔高一丈	môo-ko-it-tiōng
魔鬼	môo-kuí
魔魔	môo-môo
魚丸米粉	hî-uân-bí-hún
魚仔	hî-á
魚仔囝	hî-á-kiánn
魚仔粿	hî-á-kué
魚仔餅	hî-á-piánn
魚兵蝦將	hî-ping-hê-tsiòng
魚刺	hî-tshì
魚卵	hî-nn̄g
魚卵醬	hî-nn̄g-tsiùnn
魚塭	hî-ùn
魚塭仔	hî-ún-á
魚子	hî-tsí
魚尾	hî-bué
魚尾叉	hî-bué-tshe
魚尾溜	hî-bué-liu
魚岭	hî-niā
魚嶺	hî-niá
魚市場	hî-tshī-tiûnn
魚干	hî-kuann
魚拽	hî-ia̍t
魚擋鳥	hî-tòng-tsiáu
魚擛	hî-ia̍t
魚栽	hî-tsai
魚橛	hî-kue̍h
魚櫥仔	hî-tû-á
魚江鳥	hî-kang-tsiáu
魚池	hî-tî
魚池仔	hî-tî-á
魚池箱	hi-ti-siunn
魚泡	hî-pho̍k
魚狗	hî-káu
魚目混珠	hî-ba̍k-hūn-tsu
魚籃仔	hî-nâ-á
魚籗	hî-khah
魚粿	hî-kué
魚糋	hî-tsìnn
魚罾	hî-tsan
魚群	hî-kûn
魚翅	hî-tshì
魚翅筒仔	hî-tshì-tâng-á
魚翼	hî-si̍t
魚肉	hî-bah
魚肉肉	hî-bah-bah
魚肝油	hî-kuann-iû
魚脯	hî-póo
魚脯仔	hî-póo-á
魚臊	hî-tsho
魚臊草	hî-tsho-tsháu
魚蔬	hî-se
魚藤	hî-tîn
魚藤怪	Hî-tîn-kuài
魚蛇	hî-tsuâ
魚蝦	hî-hê
魚蝦水卒	hî-hê-tsuí-tsut
魚角	hî-kak
魚貓仔	hî-bâ-á
魚針草	hî-tsiam-tsháu
魚釣仔	hî-tiò-á
魚鉤	hî-kau
魚鉤仔	hî-kau-á
魚鑿仔	hî-tsha̍k-á
魚雷	hî-luî
魚頓鳥	hî-tòm-tsiáu
魚類	hî-luī
魚餌	hî-jī
魚魚肉肉	hî-hî-bah-bah
魚鰍	hî-liu
魚鰍草	hî-liu-tsháu
魚鰓	hî-tshi
魚鰭	hî-kî
魚鰾	hî-piō
魚鰾膠	hî-piō-ka
魚鱗	hî-lân
魚鱗嘴	hî-lân-tshuì
魚鱗扯	hî-lân-tshé
魚鱗癤	hî-lân-tseh
魚鱗粞	hî-lân-tshè
魚鷹	hî-ing
魟魚	hang-hî
魬仔	puánn-á
魬仔魚	puánn-á-hî
魯仙	lóo-sian
魯凱族	Lú-khái-tso̍k
魯氣著力	lóo-khì-tio̍h-la̍t
魯班尺	lóo-pan-tshioh
魯肉腳	lóo-bah-kha
魯花樹	lóo-hue-tshiū
魯蛇	lóo-tsuâ
魯趖	lóo-sô
魯跤	lóo-kha
魴仔魚	hang-á-hî
魴頭	hang-thâu
魽魚	kam-hî
鮑魚	pau-hî
鮑魚菇	pau-hî-koo
鮕鮘	koo-tai
鮘仔魚滾大泱	tai-á-hî-kún-tuā-iang
鮘魚鱗	tai-hî-lân
鮡仔魚	thiâu-á-hî
鮡魚	thiâu-hî
鮫鰳魚	ka-la̍h-hî
鮭魚	kê-hî
鮮尺死	tshenn-tshioh-sí
鮮明	sian-bîng
鮮果	tshenn-kó
鮮甜	tshenn-tinn
鮮花	tshenn-hue
鮮血	tshenn-hueh
鮮跳跳	tshenn-thiàu-thiàu
鮮麗	tshenn-lē
鮸仔魚	bián-á-hî
鮸魚	bián-hî
鯀仔	kún-á
鯁仔	kénn-á
鯁魚	kénn-hî
鯃仔魚	ngôo-á-hî
鯃魚	gôo-hî
鯉城	Lí-siânn
鯉魚	lí-hî
鯉魚王	Lí-hî-ông
鯊仔	sua-á
鯊儑	sua-gām
鯊魚	sua-hî
鯊魚劍	sua-hî-kiàm
鯊魚翅	sua-hî-tshì
鯖魽	tshinn-kam
鯧仔	tshiunn-á
鯧鏡	tshiunn-kiànn
鯨魚	king-hî
鯪公	lîng-kong
鯪魚	lîng-hî
鯪鯉	lâ-lí
鯪鯉王	Lâ-lí-ông
鯪鯉舅	lâ-lí-kū
鯪鯉鼠	Lâ-lí-tshí
鯰仔魚	liâm-á-hî
鯽仔	tsit-á
鯽仔魚	tsit-á-hî
鯽仔魚滾大泱	tsit-á-hî-kún-tuā-iang
鯽魚	tsit-hî
鯽魚仔	tsit-hî-á
鯽魚膽	tsit-hî-tánn
鰆魚	tshun-hî
鰇魚	jiû-hî
鰇魚糋	jiû-hî-tsìnn
鰇魚鹿肉	jiû-hî-lo̍k-bah
鰗鰍	hôo-liu
鰗鰡嘴	hôo-liu-tshuì
鰗鰡循便空	hôo-liu-sûn-piān-khang
鰨紗	thah-se
鰮仔	un-á
鰮仔魚	un-á-hî
鰱仔	liân-á
鰱魚	liân-hî
鰲頭	gô-thâu
鰲頭壁	gô-thâu-piah
鰲鼓	gô-kóo
鰳魚	la̍t-hî
鰷仔魚	thiâu-á-hî
鰻虱目	muâ-sat-ba̍k
鰻魚	muâ-hî
鱈魚	suat-hî
鱈魚芳絲	suat-hî-phang-si
鱉仔草	pih-á-tsháu
鱉公	pih-kang
鱉殼花	pih-khak-hue
鱉母	pih-bú
鱉甲貓	pih-kah-niau
鱒魚	tsun-hî
鱔魚	siān-hî
鱖魚	kuè-hî
鱙仔	jiâu-á
鱙仔魚	jiâu-á-hî
鱟仔刺	hāu-á-tshì
鱟仔頭	hāu-á-thâu
鱟仔鯊	hāu-á-sua
鱟公	hāu-kang
鱟刺	hāu-tshì
鱟勺	hāu-sia̍h
鱟尾刀	hāu-bué-to
鱟杓	hāu-sia̍h
鱟杓仔	hāu-sia̍h-á
鱟桸	hāu-hia
鱟殼刺	hāu-khak-tshì
鱟殼藤	hāu-khak-tîn
鱟母	hāu-bó
鱟百冊	hāu-peh-tsheh
鱟百柵	hāu-peh-tsheh
鱟腳刺	hāu-kha-tshì
鱟腳綠	hāu-kha-li̍k
鱟腳蟯	hāu-kha-giô
鱟藤	hāu-tîn
鱟血青	hāu-hueh-tshenn
鱟鈕	hāu-liú
鱟鉼仔	hāu-phiánn-á
鱟骿	hāu-phiann
鱟魚	hāu-hî
鱠仔魚	kuè-á-hî
鱠魚	kè-hî
鱧魚	lē-hî
鱷梨仔	kho̍k-lâi-á
鱷馬	go̍k-bé
鱷魚	go̍k-hî
鱸貓	lôo-niau
鱸魚	lôo-hî
鱸鰻	lôo-muâ
鱸鰻仔舍	lôo-muâ-á-sià
鱸鰻囝	lôo-muâ-kiánn
鱸鰻婆	lôo-muâ-pô
鱸鰻根仔	lôo-muâ-kin-á
鱸鰻氣	lôo-muâ-khuì
鱸鰻水母	Lôo-muâ-tsuí-bó
鱸鰻胚	lôo-muâ-phue
鱸鰻舍	lôo-muâ-sià
鱸鰻魚	lôo-muâ-hî
鱺魚	lē-hî
鳥仔	tsiáu-á
鳥仔囝	tsiáu-á-kiánn
鳥仔屎	tsiáu-á-sái
鳥仔弓	tsiáu-á-king
鳥仔毛球	tsiáu-á-moo-kiû
鳥仔災	tsiáu-á-tse
鳥仔瘟	tsiáu-á-un
鳥仔籠	tsiáu-á-lam
鳥仔腳	tsiáu-á-kha
鳥仔膽	tsiáu-á-tánn
鳥仔花	tsiáu-á-hue
鳥仔莧	tsiáu-á-hīng
鳥仔蔓	tsiáu-á-muâ
鳥公	tsiáu-kang
鳥囮	tsiáu-buê
鳥媒	tsiáu-buê
鳥屎榕	tsiáu-sái-tshîng
鳥屎面	tsiáu-sái-bīn
鳥岫	tsiáu-siū
鳥弓	tsiáu-king
鳥弓仔	tsiáu-king-á
鳥擗仔	tsiáu-phia̍k-á
鳥松	Tsiáu-tshîng
鳥松跤	Tsiáu-tshîng-kha
鳥梨	tsiáu-lâi
鳥楠	tsiáu-lâm
鳥榕	tsiáu-tshîng
鳥樟	tsiáu-tsiunn
鳥檻仔	tsiáu-lam-á
鳥母	tsiáu-bó
鳥毛	tsiáu-mn̂g
鳥牙	tsiáu-gê
鳥籠	tsiáu-lang
鳥精	tsiáu-tsiann
鳥腱花	tsiáu-kiān-hue
鳥角	tsiáu-kak
鳥豚仔	tsiáu-thûn-á
鳥踏刺	tsiáu-ta̍h-tshì
鳥銃	tsiáu-tshìng
鳥隻	tsiáu-tsiah
鳥類	tsiáu-luī
鳥鯊	tsiáu-sua
鳥鵤	tsiáu-kak
鳥黐	tsiáu-thi
鳥鼠	niáu-tshí
鳥鼠仔	niáu-tshí-á
鳥鼠仔刺	niáu-tshí-á-tshì
鳥鼠仔症	niáu-tshí-á-tsìng
鳥鼠刺	niáu-tshí-tshì
鳥鼠勒	niáu-tshí-li̍k
鳥鼠咬	niáu-tshí-kā
鳥鼠廚	niáu-tshí-tû
鳥鼠當	niáu-tshí-tng
鳥鼠病	niáu-tshí-pēnn
鳥鼠症	niáu-tshí-tsìng
鳥鼠空當做圓栱門	niáu-tshí-khang-tòng-tsò-uân-kông-muî
鳥鼠空變做圓栱門	niáu-tshí-khang-piàn-tsó-uân-kong-muî
鳥鼠糖仔	niáu-tshí-thn̂g-á
鳥鼠色	niáu-tshí-sik
鳥鼠藥仔	niáu-tshí-io̍h-á
鳥鼠鳥	niáu-tshí-tsiáu
鳩鵻	ka-tsui
鳳仙花	hōng-sian-hue
鳳凰	hōng-hông
鳳凰卵	hōng-hông-nn̄g
鳳凰木	hōng-hông-bo̍k
鳳凰花	hōng-hông-hue
鳳尾松	hōng-bué-tshîng
鳳尾竹	hōng-bué-tik
鳳尾筆	hōng-bué-pit
鳳尾草	hōng-bué-tsháu
鳳尾蕉	hōng-bué-tsio
鳳山	Hōng-suann
鳳山市	Hōng-suann-tshī
鳳山溪	Hōng-suann-khe
鳳眼	hōng-gán
鳳眼果	hōng-gán-kó
鳳眼蓮	hōng-gán-liân
鳳螺	hōng-lê
鳳邑城隍廟	hōng-ip-sîng-hông-biō
鳳金甕仔	hōng-kim-àng-á
鳳頭尾雞	hōng-thâu-bué-ke
鳳頭鴨	hōng-thâu-ah
鳳鳴	Hōng-bîng
鳴放	bîng-hòng
鳴笛	bîng-ta̍t
鳴銃	bîng-tshìng
鴉片	a-phiàn
鴉片塗	a-phiàn-thôo
鴉片膏	a-phiàn-ko
鴉片鬼	a-phiàn-kuí
鴛鴦	uan-iunn
鴛鴦枕	uan-iunn-tsím
鴛鴦梯	uan-iunn-thui
鴛鴦鮮奶茶	uan-iunn-tshinn-ling-tê
鴟鴞	tshi-hiau
鴟鴞批身	bā-hio̍h-phi-sian
鴟鴞跤	lāi-hio̍h-kha
鴟鴞鷹	lāi-hio̍h-ing
鴣黃	koo-huînn
鴨仔囝	ah-á-kiánn
鴨仔聽雷	ah-á-thiann-luî
鴨公	ah-kang
鴨卵	ah-nn̄g
鴨卵形	ah-nn̄g-hîng
鴨卵青	ah-nn̄g-tshenn
鴨卵面	ah-nn̄g-bīn
鴨味	ah-bī
鴨咪	ah-bî
鴨咪仔	ah-bî-á
鴨喙獸	ah-tshuì-siù
鴨土珠	ah-thôo-tsu
鴨塗珠	ah-thôo-tsu
鴨尺	ah-tshioh
鴨巴	ah-pa
鴨掌	ah-tsiúnn
鴨母	ah-bó
鴨母乙	ah-bó-it
鴨母仔	ah-bó-á
鴨母冇	ah-bó-phànn
鴨母拖秤錘	ah-bó-thua-tshìn-thuî
鴨母樹	ah-bó-tshiū
鴨母泅	ah-bó-siû
鴨母滂仔	ah-bó-phōng-á
鴨母王	Ah-bó-ông
鴨母王來到水尾寮	ah-bó-ông-lâi-kàu-tsuí-bué-liâu
鴨母珠	ah-bó-tsu
鴨母笠	ah-bó-le̍h
鴨母草	ah-bó-tsháu
鴨母蹄	ah-bó-tê
鴨綠	ah-li̍k
鴨綠色	ah-li̍k-sik
鴨肉	ah-bah
鴨腳扒	ah-kha-pê
鴨腳掌	ah-kha-tsiúnn
鴨腳木	ah-kha-bo̍k
鴨腳樹	ah-kha-tshiū
鴨腳皮	ah-kha-phuê
鴨腳稷	ah-kha-sik
鴨腳艾	ah-kha-hiānn
鴨腳蹄	ah-kha-tê
鴨腳香	ah-kha-hiunn
鴨腳黍	ah-kha-sué
鴨舌草	ah-tsi̍h-tsháu
鴨角	ah-kak
鴨豚仔	ah-thûn-á
鴨賞	ah-siúnn
鴨跤	ah-kha
鴨蹄仔草	ah-tê-á-tsháu
鴨蹄草	ah-tê-tsháu
鴨蹄黍	ah-tê-sé
鴨雄	ah-hîng
鴨雄仔	ah-hîng-á
鴨霸	Ah-pà
鴨鵤	ah-kak
鴻儒	hông-jû
鴻基	hông-ki
鴻志	hông-tsì
鴻文	hông-bûn
鴻業	hông-gia̍p
鴻溝	hông-kau
鴻福	hông-hok
鴻運	hông-ūn
鴻雁	hông-gān
鴿仔	kap-á
鴿仔櫥	kap-á-tû
鴿仔鯊	kap-á-sua
鴿廚	kap-tû
鴿牢	kap-tiâu
鴿鷹	kap-ing
鵁閵	ka-līng
鵁隹	ka-tsui
鵁鴒	ka-līng
鵁鴒順便空	ka-līng-sūn-piān-khang
鵁鵻	ka-tsui
鵁鵻仔	ka-tsui-á
鵁鵻目	ka-tsui-ba̍k
鵂鶹	hiu-liû
鵜鶘	thê-ôo
鵝仔	gô-á
鵝仔囝	gô-á-kiánn
鵝仔腸	gô-á-tn̂g
鵝仔草	gô-á-tsháu
鵝仔菜	gô-á-tshài
鵝仔黃	gô-á-n̂g
鵝公	gô-kang
鵝卵	gô-nn̄g
鵝卵石	giâ-nn̄g-tsio̍h
鵝口瘡	giâ-kháu-tshng
鵝掌	gô-tsiúnn
鵝掌柴	gô-tsiúnn-tshâ
鵝母	gô-bó
鵝毛	gô-mn̂g
鵝毛球	gô-mn̂g-kiû
鵝管石	giâ-kńg-tsio̍h
鵝肉	gô-bah
鵝腳掌	gô-kha-tsiúnn
鵝腳草	gô-kha-tsháu
鵝腸菜	gô-tn̂g-tshài
鵝角	giâ-kak
鵝鑾鼻	Gô-luân-phīnn
鵪投	ian-tâu
鵪鶉	ian-tshun
鵬程萬里	phîng-thîng-bān-lí
鵰雞	tiau-ke
鵲鳥	tshiok-tsiáu
鶆鴞	lāi-hio̍h
鶆鴞刺	lāi-hio̍h-tshì
鶆鴞腳	lāi-hio̍h-kha
鶆鴞鷹	lāi-hio̍h-ing
鶯仔	ing-á
鶯哥	ing-ko
鶯歌	Ing-kua
鶯鳥	ing-tsiáu
鶯鶯燕燕	ing-ing-iàn-iàn
鶴園	ho̍h-hn̂g
鶴壽	ho̍h-siū
鶴頂蘭	ho̍h-tíng-lân
鶺哥	tshio-ko
鶺趒	tshio-tiô
鶺鴒	tsit-lîng
鶿鸕	tsû-lôo
鷁仔	gi̍k-á
鷓鴣	tsià-koo
鷓鴣花	tsiàu-koo-hue
鷓鴣菜	tsià-koo-tshài
鷦鶹	tsiau-liû
鷦鷯	tsiau-liâu
鷹仔	ing-á
鷹仔目	ing-á-ba̍k
鷹仔虎	ing-á-hóo
鷹仔鼻	ing-á-phīnn
鷹架	ing-kè
鷹柱鳥	ing-thiāu-tsiáu
鷹爪桃	ing-jiáu-thô
鷹爪花	ing-jiáu-hue
鷹爪蘭	ing-jiáu-lân
鷹葉刺	ing-hio̍h-tshì
鷹魴	ing-hang
鷹鳥	ing-tsiáu
鷺標	lōo-phiau
鷺洲	Lōo-tsiu
鷺絲瓶	lōo-si-pân
鷺絲腳	lōo-si-kha
鸕鶿	lôo-tsî
鸕鶿腳	lôo-tsî-kha
鸚哥	ing-ko
鸚哥囝	ing-ko-kiánn
鸚哥架	ing-ko-kè
鸚哥花	ing-ko-hue
鸚哥魚	ing-ko-hî
鸚哥鳥	ing-ko-tsiáu
鸚哥鼻	ing-ko-phīnn
鸚鵡	ing-bú
鹵卵	lóo-nn̄g
鹵肉	lóo-bah
鹵裡幌	lōo-nih-hìnn
鹵麵	lóo-mī
鹹價	kiâm-kè
鹹光餅	kiâm-kong-piánn
鹹卵仁	kiâm-nn̄g-jîn
鹹塗豆	kiâm-thôo-tāu
鹹拄拄	kiâm-tuh-tuh
鹹掛澀	kiâm-kuà-siap
鹹梅仔	kiâm-m̂-á
鹹死死	kiâm-sí-sí
鹹水	Kiâm-tsuí
鹹水土	kiâm-tsuí-thôo
鹹水地	kiâm-tsuí-tē
鹹水貨	kiâm-tsuí-huè
鹹水魚	kiâm-tsuí-hî
鹹汫	kiâm-tsiánn
鹹淘	kiâm-tuâ
鹹澀	kiâm-siap
鹹牛奶	kiâm-gû-ling
鹹瓜	kiâm-kue
鹹瘍	kiâm-siûnn
鹹瞻	kiâm-siam
鹹硞硞	kiâm-khok-khok
鹹篤篤	kiâm-tok-tok
鹹糜	kiâm-muâi
鹹草	kiâm-tsháu
鹹菜	kiâm-tshài
鹹菜棚	Kiâm-tshài-pênn
鹹蝦花	kiâm-hê-hue
鹹蟯仔	kiâm-giô-á
鹹酥雞	kiâm-soo-ke
鹹酸甜	kiâm-sng-tinn
鹹酸苦汫	kiâm-sng-khóo-tsiánn
鹹酸苦澀	kiâm-sng-khóo-siap
鹹酸草	kiâm-sng-tsháu
鹹閣澀	kiâm-koh-siap
鹹雨	kiâm-hōo
鹹魚	kiâm-hî
鹹魚頭	kiâm-hî-thâu
鹹鰱魚	kiâm-liân-hî
鹹鴨蛋	kiâm-ah-nn̄g
鹹龜	kiâm-ku
鹹龜仙	kiâm-ku-sian
鹹龜突	kiâm-ku-thu̍h
鹼性	kinn-sìng
鹼粉	kinn-hún
鹽份	iâm-hūn
鹽化水素	iâm-huà-tsuí-sòo
鹽坵	iâm-khu
鹽埔	iâm-poo
鹽埕	iâm-tiann
鹽埕埔	Iâm-tiânn-poo
鹽場	iâm-tiûnn
鹽婆	iâm-pô
鹽寮	Iâm-liâu
鹽強水	iâm-kiông-tsuí
鹽強酸	iâm-kiông-sng
鹽束花	iâm-sok-hue
鹽桑仔	iâm-sng-á
鹽桑仔欉	iâm-sng-á-tsâng
鹽水	iâm-tsuí
鹽水港堡	Kiâm-tsuí-káng-pó
鹽波	iâm-pho
鹽海	Iâm-hái
鹽滷	iâm-lóo
鹽灘	iâm-thuann
鹽田	iâm-tiân
鹽硝	iâm-siau
鹽素	iâm-sòo
鹽花	iâm-hue
鹽花仔	iâm-hue-á
鹽豉	iâm-sînn
鹽酸	iâm-sng
鹽酸草	iâm-sng-tsháu
鹽酸藤	iâm-sng-tîn
鹽鹽	iâm-sînn
鹿仔	lo̍k-á
鹿仔樹	lo̍k-á-tshiū
鹿仔港	lo̍k-á-káng
鹿仔草	lo̍k-á-tsháu
鹿仔草庄	Lo̍k-á-tsháu-tsng
鹿仔菜	lo̍k-á-tshài
鹿仔魚	lo̍k-á-hî
鹿兒島	lo̍k-jî-tó
鹿城	Lo̍k-siânn
鹿寮	Lo̍k-liâu
鹿廚	lo̍k-tû
鹿港	Lo̍k-káng
鹿滿	Lo̍k-buán
鹿犅	lo̍k-káng
鹿紋	lo̍k-bûn
鹿耳門	Lo̍k-ní-mn̂g
鹿腳馬沖	lo̍k-kha-bé-tshìng
鹿茸	lo̍k-jiông
鹿茸草	lo̍k-jiông-tsháu
鹿草	Lo̍k-tsháu
鹿蔥	lo̍k-tshong
鹿蔥花	lo̍k-tshong-hue
鹿角	lo̍k-kak
鹿角仙	lo̍k-kak-sian
鹿角叉	lo̍k-kok-tshe
鹿角膠	lo̍k-kak-ka
鹿角茸	lo̍k-kak-jiông
鹿角草	lo̍k-kak-tsháu
鹿角魚	lo̍k-kak-hî
鹿角龜	lo̍k-kak-ku
鹿谷	Lo̍k-kok
鹿野	Lo̍k-iá
鹿銃	lo̍k-tshìng
鹿頸	lo̍k-kíng
鹿飯	lo̍k-pn̄g
鹿麻產	Lo̍k-muâ-sán
麋鹿	bî-lo̍k
麒麟	kî-lîn
麒麟花	kî-lîn-hue
麒麟魚	kî-lîn-hî
麒麟鹿	kî-lîn-lo̍k
麗倒	lè-táu
麗春花	lē-tshun-hue
麗水	Lē-tsúi
麝狗	siā-káu
麝貓	siā-niau
麝香	siā-hiunn
麝香鹿	siā-hiunn-lo̍k
麝香鼠	siā-hiunn-tshí
麟兒	lîn-jî
麥仔	be̍h-á
麥仔秧	be̍h-á-ng
麥仔草	be̍h-á-tsháu
麥仔蒿	be̍h-á-kó
麥仔角	be̍h-á-kak
麥仔酒	be̍h-á-tsiú
麥寮	Be̍h-liâu
麥片	be̍h-phìnn
麥牙	be̍h-gê
麥田	be̍h-tshân
麥當勞	Be̍h-tong-lô
麥穗	be̍h-suī
麥芽	be̍h-gê
麥芽膏	be̍h-gê-ko
麥蒿草	be̍h-kó-tsháu
麥角	be̍h-kak
麥達路	Be̍h-ta̍t-lōo
麥門冬	be̍h-bûn-tong
麩奶甲	hu-ling-kah
麩瘡	hu-tshng
麩麩	hu-hu
麭割包	pháng-kuah-pau
麭材行	pháng-tsâi-hâng
麭業	pháng-gia̍p
麭球	pháng-kiû
麭𩛩	pháng-kauh
麵劑	mī-tsē
麵包	mī-pau
麵包店	mī-pau-tiàm
麵包樹	mī-pau-tshiū
麵包超人	Mī-pau-tshiau-jîn
麵包車	mī-pau-tshia
麵尪仔	mī-ang-á
麵干	mī-kuann
麵杖	mī-tiōng
麵桃	mī-thô
麵條	mī-tiâu
麵槌	mī-thuî
麵湯	mī-thng
麵炙	mī-tsià
麵炙黐	mī-tsià-thi
麵磅	mī-pōng
麵磅樹	mī-pōng-tshiū
麵粉	mī-hún
麵粉廠	mī-hún-tshiúnn
麵粉粿仔	mī-hún-kér-á
麵粉耳	mī-hún-hīnn
麵粉藻	mī-hún-tsó
麵粉袋	mī-hún-tē
麵粉袋仔	mī-hún-tē-á
麵粉路	mī-hún-lōo
麵粞	mī-tshè
麵粿	mī-kué
麵糊	mī-kôo
麵線	mī-suànn
麵線蛆	mī-suànn-tshi
麵線親	mī-suànn-tshin
麵線話	mī-suànn-uē
麵茶	mī-tê
麵衣	mī-i
麵衫	mī-sann
麵醬	mī-tsiùnn
麵頭	mī-thâu
麵食	mī-si̍t
麵麶	mī-thi
麵黐	mī-thi
麵龜	mī-ku
麵龜面	mī-ku-bīn
麻仔	muâ-á
麻兒仔	muâ-jî-á
麻兒竹	bâ-jî-tik
麻吉	má-tsih
麻吻笑	bâ-bún-tshiò
麻園寮	Muâ-hn̂g-liâu
麻團	muâ-thuân
麻婆豆腐	muâ-pô-tāu-hū
麻射	bâ-siā
麻少翁	muâ-siáu-ong
麻布	muâ-pòo
麻微	bâ-bî
麻微甜	bâ-bui-tinn
麻微笑	bâ-bui-tshiò
麻微酸	bâ-bui-sng
麻服	muâ-ho̍k
麻木	bâ-bo̍k
麻栗樹	muâ-li̍k-tshiū
麻油	muâ-iû
麻油雞	muâ-iû-ke
麻煩	mâ-huân
麻痺	bâ-pì
麻瘋	bâ-hong
麻稈	muâ-kuáinn
麻稿	muâ-kó
麻竹	muâ-tik
麻筍	muâ-sún
麻糊	muâ-kôo
麻糍角	muâ-tsî-kak
麻糬	muâ-tsî
麻索	muâ-soh
麻芛	muâ-ínn
麻芳斜	muâ-phang-tshua̍h
麻芳範	muâ-phang-huān
麻荖漏	Muâ-láu-lāu
麻薟鍋	bâ-hiam-ko
麻薩諸塞	Muâ-sat-tsu-sài
麻藥	bâ-io̍h
麻虱目	muâ-sat-ba̍k
麻衫	muâ-sann
麻袋	muâ-tē
麻豆	muâ-tāu
麻辣	bâ-lua̍h
麻醉	bâ-tsuì
麻醉科	bâ-tsuì-kho
麻醬麵	muâ-tsiùnn-mī
麻里折口	Bâ-lí-tsik-kháu
麻雀	bâ-tshiok
麻霧	bâ-bū
麻霧光	bâ-bū-kng
麻麻	bâ-bâ
麻黃	muâ-hông
黃伯勞	n̂g-pit-lô
黃俊哲	N̂g-tsùn-tiat
黃信介	N̂g-Sìn-kài
黃公仔	n̂g-kong-á
黃匙	n̂g-sî
黃口	n̂g-kháu
黃喙鶯仔	n̂g-tshuì-ing-á
黃喦喦	n̂g-gām-gām
黃國昌	N̂g-Kok-tshiong
黃土	n̂g-thôo
黃土粉	n̂g-thôo-hún
黃垂水	n̂g-suê-tsuí
黃威廷	Uînn-ui-tîng
黃尾	n̂g-bué
黃岩	Hông-giâm
黃巢	N̂g-tsâu
黃巾甕仔	hông-kin-àng-á
黃帝	N̂g-tè
黃幻	n̂g-huánn
黃幻幻	n̂g-huánn-huánn
黃心仔	n̂g-sim-á
黃心柏	n̂g-sim-peh
黃扲扲	n̂g-gīm-gīm
黃捷	N̂g-Tsia̍p
黃斤	n̂g-kin
黃旗	n̂g-kî
黃昏	hông-hun
黃昏个日頭	hông-hun-ê-ji̍t-thâu
黃昏暗	hông-hun-àm
黃杞	n̂g-kí
黃柏	n̂g-peh
黃根	n̂g-kin
黃梅天	n̂g-muî-thinn
黃梅時節	n̂g-muî-sî-tseh
黃梅調	n̂g-muî-tiāu
黃梔	n̂g-kinn
黃梔仔	n̂g-kinn-á
黃梔子	n̂g-ki-tsí
黃楊	n̂g-iûnn
黃槿	n̂g-kín
黃檀	n̂g-tuânn
黃欿欿	n̂g-hám-hám
黃水茄	n̂g-tsuí-kiô
黃河	Hông-hô
黃泉	hông-tsuân
黃泡樹	n̂g-phàu-tshiū
黃泡泡	n̂g-phā-phā
黃海	N̂g-hái
黃渨	n̂g-ui
黃灰色	n̂g-hue-sik
黃牙牙	n̂g-gê-gê
黃牛	n̂g-gû
黃牛票	n̂g-gû-phiò
黃瓜	n̂g-kue
黃瓜仔	n̂g-kue-á
黃瓜魚	n̂g-kue-hî
黃疸	hông-thán
黃疸風	n̂g-tám-hong
黃痠	n̂g-sng
黃痠桶	n̂g-sng-tháng
黃痠疸	n̂g-sng-thán
黃痠雨	n̂g-sng-hōo
黃瘟疫	n̂g-un-i̍k
黃目子	n̂g-ba̍k-tsí
黃目樹	n̂g-ba̍k-tshiū
黃石	n̂g-tsio̍h
黃磚鼠	N̂g-tsng-tshí
黃粟	n̂g-tshik
黃絲	n̂g-si
黃線	n̂g-suànn
黃罕	n̂g-huánn
黃翅仔	n̂g-si̍t-á
黃肉仔	n̂g-bah-á
黃胸雀	n̂g-hing-tshiok
黃脰	n̂g-tāu
黃腫	n̂g-tsíng
黃腫顑	n̂g-tsíng-hàm
黃腰蜂	n̂g-io-phang
黃膽	n̂g-tánn
黃色	n̂g-sik
黃花艾	n̂g-hue-hiānn
黃花草	n̂g-hue-tsháu
黃花蘞	n̂g-hue-liám
黃花魚	n̂g-hue-hî
黃葉狸	n̂g-hio̍h-bâ
黃葉猫	n̂g-hio̍h-bâ
黃葉貓	n̂g-hio̍h-niau
黃蘗	n̂g-gia̍t
黃蝴蝶	n̂g-ôo-tia̍p
黃蟬	n̂g-siâm
黃蠟仔	n̂g-la̍h-á
黃蠟蠟	n̂g-la̍h-la̍h
黃記	n̂g-kì
黃豆	n̂g-tāu
黃豆鬼	n̂g-tāu-kuí
黃跤仔	n̂g-kha-á
黃酸	n̂g-sng
黃酸仔毒	n̂g-sng-á-to̍k
黃酸仔雨	n̂g-sng-á-hōo
黃酸囝仔	n̂g-sng-gín-ná
黃酸桶	n̂g-sng-tháng
黃酸毒	n̂g-sng-to̍k
黃酸結行	n̂g-sng-kiat-hīng
黃金	hông-kim
黃金斗甕	hông-kim-táu-àng
黃金桂	n̂g-kim-kuì
黃金甕	hông-kim-àng
黃金甕仔	hông-gim-àng-a
黃金雨	n̂g-kim-hōo
黃銅	n̂g-tâng
黃順	n̂g-sūn
黃領蛇	N̂g-niá-tsuâ
黃頷蛇	n̂g-ām-tsuâ
黃魚	n̂g-hî
黃魚規	n̂g-hî-kui
黃鰭串	n̂g-kî-tshǹg
黃鳥	hông-niáu
黃鴠	n̂g-tàn
黃鵻	n̂g-tsui
黃鶯	n̂g-ing
黃鷹	n̂g-ing
黃鸝	hông-lê
黃鸝黃鳥	hông-lê-n̂g-tsiáu
黃麻	n̂g-muâ
黃麻子	n̂g-muâ-tsí
黃麻索	n̂g-muâ-soh
黃黃	n̂g-n̂g
黃黃黃	n̂g-n̂g-n̂g
黃點	n̂g-tiám
黃龍尾	n̂g-lîng-bué
黃龜	n̂g-ku
黍仔	sé-á
黍仔粉	sué-á-hún
黎明	lê-bîng
黏倚	liâm-uá
黏吱乖	liâm-kīnn-kuāinn
黏土	liâm-thôo
黏字紙	liâm-jī-tsuá
黏密	liâm-ba̍t
黏布	liâm-pòo
黏毛帶	liâm-moo-tuà
黏水	liâm-tsuí
黏的活栓	liâm-ê-ua̍h-sng
黏膜	liâm-móoh
黏膠	liâm-ka
黏角豆仔	liâm-kak-tāu-á
黏豆	liâm-tāu
黏貼	liâm-tah
黏醪	liâm-lô
黏黐	liâm-thi
黏黐黐	liâm-thi-thi
黐黐突突	ti-ti-tu̍t-tu̍t
黑幕	oo-bōo
黑洞	hik-tōng
黑瘟疫	hik-un-i̍k
黑白	hik-pi̍k
黑白無常	Hik-pi̍k-Bû-siông
黑管仔	oo-kńg-ná
黑輪	oo-lián
黑龍江	Hik-liông-kang
黕藍	tìm-lâm
黕青	tìm-tshenn
默哀	bi̍k-ai
默契	bi̍k-khè
默密權	bi̍k-bi̍t-kuân
默默	hm̍h-hm̍h
黛安娜	Tai-an-na
黜仔	lut-á
黜仔嘴	lut-á-tshuì
黜任	lut-jīm
黜價	lut-kè
黜名	lut-miâ
黜屎官	thuh-sái-kuann
黜文	thuh-bûn
黜毛	lut-mn̂g
黜班	lut-pan
黜球	thuh-kiû
黜空盒仔	thuh-khang-a̍p-á
黜級	lut-kip
黜職	lut-tsit
黜臭	thuh-tshàu
黜臼	lut-khū
黜蚵	thuh-ô
黜輪	lut-lûn
黜黜出	lut-lut-tshut
點交	tiám-kau
點仔	tiám-á
點仔膠	tiám-á-ka
點仔膠路	tiám-á-ka-lōo
點兵	tiám-ping
點出	tiám-tshut
點半	tiám-puànn
點半鐘	tiám-puànn-tsing
點卯	tiám-báu
點句	tiám-kù
點名	tiám-miâ
點唱	tiám-tshiùnn
點字	tiám-jī
點寡仔	tiám-kuá-á
點將	tiám-tsiòng
點心	tiám-sim
點心擔	tiám-sim-tànn
點打	tiám-tánn
點拄	tiám-tuh
點控筆	tiám-khòng-pit
點控螢幕	tiám-khòng-îng-bōo
點撇	tiám-phuat
點攄	tiám-lù
點攄螢幕	tiám-lu-îng-bōo
點收	tiám-siu
點數	tiám-sòo
點數片	tiám-sòo-phìnn
點數目	tiám-sòo-bo̍k
點斷	tiám-tuān
點檢	tiám-kiám
點歌	tiám-kua
點油	tiám-iû
點注	tiám-tuh
點滴	tiám-tih
點火	tiám-hué
點火機	tiám-hué-ki
點燈	tiám-ting
點燈酉	tiám-ting-iú
點燭	tiám-tsik
點痣	tiám-kì
點目藥	tiám-ba̍k-io̍h
點破	tiám-phuà
點穴	tiám-hia̍t
點聖水	tiám-Sìng-tsuí
點聲	tiám-siann
點胭脂	tiám-ian-tsi
點菜	tiám-tshài
點著	tiám-to̍h
點血路	tiám-hueh-lōo
點貨	tiám-huè
點醒	tiám-tshénn
點金術	tiám-kim-su̍t
點鐘	tiám-tsing
點陳	tiám-tîn
點電火	tiám-tiān-hué
點香	tiám-hiunn
點點仔	tiám-tiám-á
點點真	tiám-tiám-tsin
點點金	tiám-tiám-kim
點點龜仔	tiám-tiám-ku-á
黨主席	tóng-tsú-si̍k
黨人	tóng-jîn
黨務	tóng-bū
黨員	tóng-uân
黨國	tóng-kok
黨團	tóng-thuân
黨外	tóng-guā
黨工	tóng-kang
黨政	tóng-tsìng
黨旗	tóng-kî
黨歌	tóng-kua
黨治國	tóng-tī-kok
黨派	tóng-phài
黨派問題	tóng-phài-būn-tê
黨禁	tóng-kìm
黨章	tóng-tsiong
黨籍	tóng-tsi̍k
黨紀	tóng-kí
黨綱	tóng-kang
黨羽	tóng-ú
黨費	tóng-huì
黨部	tóng-pōo
黨鞭	tóng-pian
黨類	tóng-luī
黨首	tóng-siú
黨魁	tóng-khue
黯淡	àm-tām
黴菌	ba̋i-khín
鼎仔	tiánn-á
鼎低膊	tiánn-te-phok
鼎內土鰍	tiánn-lāi-thôo-tshiu
鼎力相助	tíng-li̍k-siang-tsōo
鼎勘	tiánn-khàm
鼎塵	tiánn-thûn
鼎崁鼎	tiánn-khàm-tiánn
鼎庀	tiánn-phí
鼎底狗蟻	tiánn-té-káu-hiā
鼎撮	tiánn-tshè
鼎灶	tiánn-tsàu
鼎炊藤	tiánn-tshue-tîn
鼎疕	tiánn-phí
鼎筅	tiánn-tshíng
鼎膊	tiánn-phok
鼎臍	tiánn-tsâi
鼎蓋	tiánn-kuà
鼎邊黏	tiánn-pinn-liâm
鼎鉎	tiánn-sinn
鼎鍋仔	tiánn-ue-á
鼓井	kóo-tsénn
鼓井水雞	kóo-tsénn-tsuí-ke
鼓亭	kóo-tîng
鼓仔扇	kóo-á-sìnn
鼓仔椅	kóo-á-í
鼓仔燈	kóo-á-ting
鼓仔面	kóo-á-bīn
鼓催	kóo-tshui
鼓勵	kóo-lē
鼓厲	kóo-lē
鼓吹	kóo-tshue
鼓吹花	kóo-tshue-hue
鼓吹草	Kóo-tshue-tsháu
鼓子花	kóo-tsú-hue
鼓山	Kóo-san
鼓椅	kóo-í
鼓椅仔	kóo-í-á
鼓槌	kóo-thuî
鼓樓	Kóo-lâu
鼓燈	kóo-ting
鼓牆	kóo-tshiûnn
鼓箸	kóo-tī
鼓聲	kóo-siann
鼓脹	kóo-tiùnn
鼓舞	kóo-bú
鼓螺仔	kóo-lê-á
鼓謀	kóo-bôo
鼓電話	kóo-tiān-uē
鼓風	kóo-hong
鼠尾	tshí-bué
鼠尾紅	tshí-bué-âng
鼠尾藻	tshú-bué-tsó
鼠尾風	tshí-bué-hong
鼠牛虎兔龍蛇馬羊猴雞狗豬	tshí-gû-hóo-thòo-liông-tsuâ-bé-iûnn-kâu-ke-káu-ti
鼠瓜	tshí-kue
鼠疫	tshí-i̍k
鼠病	tshí-pēnn
鼠瘟	tshí-un
鼠瘺瘡	tshí-lāu-tshng
鼠竊	tshí-tshiap
鼠賊	tshí-tsha̍t
鼠賊仔	tshí-tsha̍t-á
鼠麴	tshí-khak
鼢地鼠	bùn-tē-tshí
鼢屎龜	bùn-sái-ku
鼢底的	bùn-té-ê
鼢田豬	bùn-tshân-ti
鼢磅空	bùn-pōng-khang
鼢鼠	bùn-tshí
鼷鼠	hê-tshí
鼻中隔	phīnn-tiong-keh
鼻仔	phīnn-á
鼻凹	phīnn-au
鼻出來	phīnn-tshut-lâi
鼻刀	phīnn-to
鼻刀刀	phīnn-to-to
鼻啄啄	phīnn-tok-tok
鼻圈	phīnn-khian
鼻孔	phīnn-khang
鼻孔口	phīnn-khang-kháu
鼻孔毛	phīnn-khang-mn̂g
鼻孔風	phīnn-khang-hong
鼻尖	phīnn-tsiam
鼻屎	phīnn-sái
鼻屎膏	phīnn-sái-ko
鼻梁	phīnn-niû
鼻橐	phīnn-lak
鼻橐管	phīnn-lak-kóng
鼻水	phīnn-tsui
鼻水流	phīnn-tsuí-lâu
鼻流沓滴	phīnn-lâu-ta̍p-tih
鼻淚管	phīnn-luī-kóng
鼻溝	phīnn-kau
鼻炎	phīnn-iām
鼻甕	phīnn-àng
鼻痔	phīnn-tī
鼻痠	phīnn-sng
鼻痰瀾	phīnn-thâm-nuā
鼻癌	phīnn-gâm
鼻目嘴	phīnn-ba̍k-tshuì
鼻目縫	phīnn-ba̍k-phāng
鼻祖	phīnn-tsóo
鼻空	phīnn-khang
鼻空癢	Phīnn-khang-tsiūnn
鼻空窟	phīnn-khang-khut
鼻穿	phīnn-tshng
鼻竅	phīnn-khiàu
鼻竇炎	phīnn-tōo-iām
鼻筋	phīnn-kin
鼻管	phīnn-kóng
鼻粉味	phīnn-hún-bī
鼻縫	phīnn-phāng
鼻翼	phīnn-si̍t
鼻聲	phīnn-siann
鼻腔	phīnn-khang
鼻腔風	phīnn-khang-hong
鼻腰	phīnn-io
鼻膏	phīnn-ko
鼻芳	phīnn-phang
鼻著	phīnn-tio̍h
鼻蚝	phīnn-ô
鼻血	phīnn-hueh
鼻邊痕	phīnn-pinn-hûn
鼻酸	phīnn-sng
鼻錐錐	phīnn-tsui-tsui
鼻隔間	phīnn-keh-king
鼻鞍	phīnn-uann
鼻音	phīnn-im
鼻頭	phīnn-thâu
鼻頭酸	phīnn-thâu-sng
鼻風	phīnn-hong
鼻骨	phīnn-kut
鼻黏膜	phīnn-liâm-mo̍oh
鼻齆	phīnn-àng
鼻齆仔	phīnn-àng-á
鼻齆齆	phīnn-àng-àng
鼻龍	phīnn-lîng
鼾鼾叫	huânn-huânn-kiò
鼾鼾吼	huânn-huânn-háu
鼾鼾睏	huann-huann-khùn
齁齁睏	kônn-kônn-khùn
齆聲	àng-siann
齆鼻	àng-phīnn
齆鼻仔	àng-phīnn-á
齆鼻聲	àng-phīnn-siann
齊一	tsê-tsi̍t
齊備	tsiâu-pī
齊全	tsiâu-tsn̂g
齊到	tsiâu-kàu
齊力	tsê-li̍k
齊勻	tsiâu-ûn
齊國	Tsê-kok
齊少仔	tsiâu-tsió-á
齊嶄	tsê-tsánn
齊心	tsê-sim
齊眉	tsê-bî
齊聲	tsê-siann
齊透	tsiâu-thàu
齊集	tsê-tsi̍p
齊頭	tsê-thâu
齊頭並進	tsê-thâu-pīng-tsìn
齊頭倚	tsê-thâu-uá
齊頭數	tsê-thâu-siàu
齊頭盤	tsê-thâu-puânn
齊風	Tsê-hong
齊齊	tsiâu-tsê
齋公	tsai-kong
齋友	tsai-iú
齋堂	tsai-tn̂g
齋姑	tsai-koo
齋戒	tsai-kài
齋教	tsai-kàu
齒仁	khí-jîn
齒仔	gí-á
齒內治療	Khí-lāi-tī-liâu
齒包	khí-pau
齒坡	khí-pho
齒岸	khí-huānn
齒弓	khí-king
齒戳仔	khí-thok-á
齒托	khí-thok
齒托仔攄	khí-thuh-á-lu
齒抿	khí-bín
齒拓	khí-thok
齒杯仔	khí-pue-á
齒根	khí-kin
齒槽	khí-tsô
齒滓	khí-tái
齒瘍	khí-siông
齒白脣紅	tshí-pi̍k-tûn-hông
齒盤	khí-puânn
齒盤柯南	khí-puânn-Kho-lâm
齒石	khí-tsio̍h
齒科	khí-kho
齒科醫生	khí-kho-i-sing
齒管	Khí-kóng
齒粉	khí-hún
齒線	khí-sùann
齒線戳仔	khí-suànn-thok-á
齒縫	khí-phāng
齒腳	khí-kha
齒膏	khí-ko
齒蛇	khí-tsuâ
齒蛸	khí-sau
齒蜈蚣	khí-giâ-kang
齒蟧蜈	khí-lâ-giâ
齒豆	khí-tāu
齒輪	khí-lûn
齒齦	khí-jîn
齣頭	tshut-thâu
齧齒類	giat-khí-luī
齴牙	giàng-gê
齴牙齒聳	giàng-gê-tshí-tshàng
齴齒	giàng-khí
齷齪	ak-tsa̍k
龍井	Liông-tsénn
龍仔	lîng-á
龍仔銀	lîng-á-gîn
龍占	lîng-tsiam
龍吐珠	lîng-thòo-tsu
龍宮	lîng-kiong
龍崎	Lîng-kiā
龍巖	Lîng-nâ
龍捲風	liông-kńg-hong
龍文	Liông-bûn
龍文魚	liông-bûn-hî
龍文鯊	liông-bûn-sua
龍柏	lîng-peh
龍柱	lîng-thiāu
龍泉	Liông-tsuân
龍泉疽	liông-tsuân-tshu
龍海	Liông-hái
龍涎	lîng-siân
龍涎香	lîng-siân-hiunn
龍游	Liông-iû
龍潭	Liông-thâm
龍灣	Liông-uan
龍爪稷	lîng-jiáu-sik
龍爪花	lîng-jiáu-hue
龍爪黍	lîng-jiáu-sué
龍牙花	lîng-gê-hue
龍牙草	lîng-gê-tsháu
龍王	lîng-ông
龍珠	liông-tsu
龍眼	lîng-gíng
龍眼乾	lîng-gíng-kuann
龍眼子	lîng-gíng-tsí
龍眼核	lîng-gíng-hu̍t
龍眼蟲	lîng-gíng-thâng
龍眼雞	lîng-gíng-ke
龍磐	Liông-phuân
龍穴	liông-hia̍t
龍絞水	lîng-ká-tsuí
龍脈	liông-be̍h
龍脊	lîng-tsit
龍膽花	lîng-tánn-hue
龍膽草	lîng-tánn-tsháu
龍舌	lîng-tsi̍h
龍舌草	lîng-tsi̍h-tsháu
龍舌蘭	lîng-tsi̍h-lân
龍舟	lîng-tsiu
龍舟競渡	liông-tsiu-kìng-tōo
龍船	lîng-tsûn
龍船圖	lîng-tsûn-tôo
龍船花	lîng-tsûn-hue
龍船草	lîng-tsûn-tsháu
龍船葉	lîng-tsûn-hio̍h
龍船骨	lîng-tsûn-kut
龍虎交戰龜鱉受災	liông-hóo-sio-tsiàn-ku-pih-siū-tsai
龍虎鬥	lîng-hóo-tòo
龍虱	lîng-sat
龍蝦	lîng-hê
龍蝦雕	lîng-hê-tiau
龍袍	lîng-pâu
龍角	lîng-kak
龍角管	lîng-kak-kóng
龍趕水	lîng-kuánn-tsuí
龍銀	lîng-gîn
龍門	lîng-mn̂g
龍頭屬老成	liông-thiû-sio̍k-ló-sîng
龍骨	lîng-kut
龍骨動物	liông-kut-tōng-bu̍t
龍骨水	liông-kut-tsuí
龍骨神經	liông-kut-sîn-king
龍骨車	lîng-kut-tshia
龍骨髓	lîng-kut-tshué
龍鬚草	lîng-tshiu-tsháu
龍鬚藤	lîng-tshiu-tîn
龍鱗草	lîng-lân-tsháu
龍鳳	liông-hōng
龍鳳餅	lîng-hōng-piánn
龍鼠囡	Lîng-tshú-gín
龍鼠姆	Lîng-tshú-ḿ
龍鼠婆	Lîng-tshú-pô
龐大	pâng-tuā
龜仔	ku-á
龜仔囝	ku-á-kiánn
龜仔精	ku-á-tsinn
龜仔蟲	ku-á-thâng
龜叨鱉趖	ku-lo-pih-sô
龜壁	ku-piah
龜壁灣	Ku-piah-uan
龜山	Ku-suann
龜山島	Ku-suann-tó
龜山鄉	Ku-suann-hiong
龜怪	ku-kuài
龜板	ku-pán
龜根	ku-kun
龜殼	ku-khak
龜殼花	ku-khak-hue
龜毛	ku-moo
龜毛神	ku-moo-sîn
龜海翁	Ku-hái-ang
龜海豬	Ku-hái-ti
龜甲黃	ku-kah-n̂g
龜神	ku-sîn
龜空漁港	Ku-khang-Hî-káng
龜笑鱉無尾	Ku-tshiò-pih-bô-bué
龜笑鱉無毛	ku-tshiò-pih-bô-mn̂g
龜精	ku-tsiann
龜綏	ku-sui
龜背	ku-puè
龜胸	ku-hing
龜花	ku-hue
龜苓膏	kui-lîng-ko
龜蛇	ku-tsuâ
龜蝦	ku-hê
龜蟞	ku-piah
龜蠅	ku-sîn
龜裂	ku-li̍h
龜裡椹	ku-lí-tsim
龜跤出現	ku-kha-tshut-hiān
龜跤趖出來	ku-kha-sô-tshut-lâi
龜跤龜內肉	ku-kha-ku-lāi-bah
龜金嘴	ku-kim-tshuì
龜頭	kui-thâu
龜顧	ku-kòo
龜鱉	ku-pih
龜鹿二仙膠	ku-lo̍k-jī-sián-ka
龜龜毛毛	ku-ku-moo-moo
龜龜祟祟	ku-ku-sui-sui
龜龜鱉鱉	ku-ku-pih-pih
𠕇仁仔	tīng-jîn-á
𠕇冇	tīng-phànn
𠕇果	tīng-kó
𠕇殼	tīng-khak
𠕇篤	tīng-tauh
𠕇體	tēng-thé
𠞩價數	tsuî-kè-siàu
𠞩甘蔗	tsuî-kam-tsià
𠞭花	liô-hue
𠢕人	gâu-lâng
𠢕人堂	gâu-lâng-tn̂g
𠢕早	gâu-tsá
𠢕激算	gâu-kik-sǹg
𠢕褒	gâu-po
𠢕話喙錦	gâu-uē-tshuì-gím
𠢕講話	gâu-kong-uē
𠢕開	gâu-khai
𠢕食鬼	gâu-tsia̍h-kúi
𡢃仔	kán-á
𡢃婢	kán-pī
𡳞脬	lān-pha
𡳞脬帕	lān-pha-phè
𡳞脬帕仔	lān-pha-phè-á
𡳞蔓	lān-muā
𡳞鳥	lān-tsiáu
𡳞鳥比雞腿	lān-tsiáu-pí-ke-thuí
𡳞鳥頭	lān-tsiáu-thâu
𢯾壁	mooh-piah
𢯾壁尪仔	Mooh-piah-ang-á
𢯾壁鬼	mooh-piáh-kuí
𢯾的	mooh-ê
𢯾𢯾	mooh-mooh
𣁳仔車	khat-á-tshia
𤆬我去	tshuā-guá-khì
𤆬歹	tshuā-pháinn
𤆬狗散步	tshuā-káu-sàn-pōo
𤆬班	tshuā-pan
𤆬路	tshuā-lōo
𤆬路冊	tshuā-lōo-tsheh
𤆬路機	tshuā-lōo-ki
𤆬路狗	tshuā-lōo-káu
𤆬頭	tshuā-thâu
𤺪呢	siān-neh
𤺪矣	siān-ah
𤺪篤篤	siān-tauh-tauh
𥰔仔	phín-á
𥴊仔店	kám-á-tiàm
𧌄蜅蠐	ham-koo-tshêr
𧌄蜅蠐仔	ám-poo-tsê-á
𧮙姦搦撟	tshoh-kàn-la̍k-kiāu
𧮙姦撟	tshoh-kàn-kiāu
𧮙𧮙叫	tshoh-tshoh-kiò
𧮙𧮙吼	tshoh-tshoh-háu
𧿬踏民主	thún-ta̍h-bîn-tsú
𧿳𧿳猴	Phu̍t-phu̍t-kâu
𨂿著	uáinn-tio̍h
𨑨迌	tshit-thô
𨑨迌仔	tshit-thô-á
𨑨迌印仔	tshit-thô-ìn-á
𨑨迌物仔	tshit-thô-mih-á
𨑨迌物仔店	tshit-thô-mih-á-tiàm
𨑨迌物節	tshit-thô-mi̍h-tsiat
𨑨迌王	tshit-thô-ông
𨑨迌者	tshit-thô-tsiá
𨑨迌車	tshit-thô-tshia
𨑨迌銃	tshit-thô-tshìng
𨑨迌鎖匙	tshit-thô-só-sî
𩛩尿苴仔	kauh-jiō-tsū-á
𩛩檳榔	kauh-pin-nn̂g
𩛩汗	kauh-kuānn
𩛩雺	kauh-bông
𩸙仔王	Tāi-á-ông
𪁎膏	tshio-ko
𪁎趒	tshio-tiô
𪎶縕	thun-un
𫝻卵	huê-nn̄g
𬦰崎	peh-kiā
𬦰起來	peh-khí-lâi
𬦰起跤弄	peh-khí-kha-lōng
𬦰起𬦰落	peh-khí-peh-lo̍h
