一下	tsi̍t-ē
一世人	tsi̍t-sì-lâng
一來	it-lâi
一刀兩斷	it-to-lióng-tuān
一半	tsi̍t-puànn
一半个仔	tsi̍t-puànn-ê-á
一半日仔	tsi̍t-puànn-ji̍t-á
一口灶	tsi̍t-kháu-tsàu
一四界	tsi̍t-sì-kè
一垺屎	tsi̍t-pû-sái
一大拖	tsi̍t-tuā-thua
一定	it-tīng
一家伙仔	tsi̍t-ke-hué-á
一寡	tsi̍t-kuá
一寡仔	tsi̍t-kuá-á
一對時	tsi̍t-tuì-sî
一屑仔	tsi̍t-sut-á
一律	it-lu̍t
一必一中	it-pit-it-tiòng
一日到暗	tsi̍t-ji̍t-kàu-àm
一旦	it-tàn
一時仔	tsi̍t-sî-á
一月日	tsi̍t-gue̍h-ji̍t
一概	it-khài
一生	it-sing
一甲子	tsi̍t-kah-tsí
一疕仔	tsi̍t-phí-á
一百空一	tsi̍t-pah-khòng-it
一直	it-ti̍t
一睏仔	tsi̍t-khùn-á
一礐屎	tsi̍t-ha̍k-sái
一粒一	it-lia̍p-it
一致	it-tì
一般	it-puann
一觸久仔	tsi̍t-tak-kú-á
一路	tsi̍t-lōo
一霎仔久	tsi̍t-tiap-á-kú
一面	tsi̍t-bīn
一點仔	tsi̍t-tiám-á
七夕	tshit-sia̍h
七娘媽	Tshit-niû-má
七娘媽生	Tshit-niû-má-senn
七孔	tshit-khóng
七字仔	tshit-jī-á
七早八早	tshit-tsá-peh-tsá
七星	tshit-tshenn
七晏八晏	tshit-uànn-peh-uànn
七月半	tshit-gue̍h-puànn
七爺	Tshit-iâ
七老八老	tshit-lāu-peh-lāu
丈人	tiūnn-lâng
丈人公	tiūnn-lâng-kong
丈人媽	tiūnn-lâng-má
丈人爸	tiūnn-lâng-pâ
丈公	tiūnn-kong
丈姆	tiūnn-ḿ
丈姆婆	tiūnn-ḿ-pô
三七仔	sam-tshit-á
三不五時	sam-put-gōo-sî
三八	sam-pat
三八氣	sam-pat-khuì
三太子	Sam-thài-tsú
三層	sam-tsân
三層肉	sam-tsân-bah
三山國王	Sam-san-kok-ông
三心兩意	sam-sim-lióng-ì
三思	sàm-su
三教	sam-kàu
三文魚	sam-bûn-hî
三更	sann-kenn
三更半暝	sann-kenn-puànn-mê
三牲	sam-sing
三界公	Sam-kài-kong
三界娘仔	sam-kài-niû-á
三絃	sam-hiân
三線路	sam-suànn-lōo
三肢手	sann-ki-tshiú
三角	sann-kak
三角六肩	sann-kak-la̍k-king
三角窗	sann-kak-thang
三角褲	sann-kak-khòo
三跤貓	sann-kha-niau
三跤馬	sann-kha-bé
三輪車	sann-lián-tshia
三長兩短	sann-tn̂g-nn̄g-té
三除四扣	sann-tû-sì-khàu
三頓	sann-tǹg
上久	siōng-kú
上任	tsiūnn-jīm
上元	Siōng-guân
上元暝	Siōng-guân-mê
上加	siōng-ke
上北	tsiūnn-pak
上午	siōng-ngóo
上卌袂攝	tsiūnn-siap-bē-liap
上天	siōng-thian
上好	siōng-hó
上尺工	siāng-tshe-kong
上尾	siōng-bué
上山	tsiūnn-suann
上山頭	tsiūnn-suann-thâu
上崎	tsiūnn-kiā
上市	tsiūnn-tshī
上帝	Siōng-tè
上帝公	Siōng-tè-kong
上手	tsiūnn-tshiú
上教	tsiūnn-kà
上桌	tsiūnn-toh
上殕	tshiūnn-phú
上水	tshiūnn-tsuí
上濟	siōng-tsē
上無	siōng-bô
上目	tsiūnn-ba̍k
上等	siōng-tíng
上緊	siōng-kín
上聲	sióng-siann
上蓋	siōng-kài
上訴	siōng-sòo
上課	siōng-khò
上青苔	tshiūnn-tshenn-thî
上頭仔	siōng-thâu-á
下元	Hā-guân
下勻	ē-ûn
下午	hā-ngóo
下半暝	ē-puànn-mê
下司	ē-si
下山	hā-san
下底	ē-té
下性命	hē-sènn-miā
下手	hē-tshiú
下擺	ē-pái
下早仔	e-tsái-á
下昏	e-hng
下昏暗	e-hng-àm
下晝	ē-tàu
下晝頓	ē-tàu-tǹg
下晡	ē-poo
下暗	e-àm
下本	hē-pún
下水	hā-suí
下水湯	hā-suí-thng
下港	ē-káng
下痟	hā-siau
下落	hē-lo̍h
下跤	ē-kha
下跤手人	ē-kha-tshiú-lâng
下輩	ē-puè
下頦	ē-hâi
下顎	ē-kok
下願	hē-guān
不三不四	put-sam-put-sù
不中用	put-tiòng-iōng
不仁	put-jîn
不但	put-tān
不動產	put-tōng-sán
不孝	put-hàu
不得了	put-tik-liáu
不得已	put-tik-í
不才	put-tsâi
不敢當	put-kám-tong
不時	put-sî
不服	put-ho̍k
不止	put-tsí
不止仔	put-tsí-á
不死鬼	put-sú-kuí
不求人	put-kiû-jîn
不法	put-huat
不滿	put-buán
不答不七	put-tap-put-tshit
不管時	put-kuán-sî
不義	put-gī
不而過	put-jî-kò
丑仔	thiú-á
且慢	tshiánn-bān
世事	sè-sū
世代	sè-tāi
世俗	sè-sio̍k
世俗人	sè-sio̍k-lâng
世情	sè-tsîng
世界	sè-kài
世紀	sè-kí
世間	sè-kan
世間人	sè-kan-lâng
中中仔	tiong-tiong-á
中人	tiong-lâng
中傷	tiòng-siong
中元	Tiong-guân
中古	tiong-kóo
中和	tiong-hô
中央	tiong-ng
中學	tiong-ha̍k
中心	tiong-sim
中意	tìng-ì
中指	tiong-tsáinn
中旬	tiong-sûn
中晝	tiong-tàu
中晝時	tiong-tàu-sî
中晝頓	tiong-tàu-tǹg
中晝飯	tiong-tàu-pn̄g
中毒	tiòng-to̍k
中用	tiòng-iōng
中秋	Tiong-tshiu
中秋節	Tiong-tshiu-tseh
中秋餅	Tiong-tshiu-piánn
中立	tiong-li̍p
中等	tiong-tíng
中範	tiong-pān
中脊	tiong-tsit
中計	tiòng-kè
中途	tiong-tôo
中醫	tiong-i
中間	tiong-kan
中風	tiòng-hong
串仔	tshǹg-á
串講	tshuàn-kóng
串通	tshuàn-thong
丸仔	uân-á
丹毒	tan-to̍k
丹田	tan-tiân
主人	tsú-lâng
主任	tsú-jīm
主動	tsú-tōng
主婚	tsú-hun
主婦	tsú-hū
主席	tsú-si̍k
主張	tsú-tiunn
主意	tsú-ì
主持	tsú-tshî
主權	tsú-khuân
主管	tsú-kuán
主義	tsú-gī
主要	tsú-iàu
主見	tsú-kiàn
主角	tsú-kak
主辦	tsú-pān
主顧	tsú-kòo
主顧客	tsú-kòo-kheh
久久	kú-kú
久仰	kiú-gióng
久來	kú-lâi
久年	kú-nî
久見	kiú-kiàn
久長	kú-tn̂g
久長病	kú-tn̂g-pēnn
乖巧	kuai-khá
九孔	káu-kháng
九層塔	káu-tsàn-thah
九芎仔	kiú-kiong-á
乞的	khit-ê
乞食	khit-tsia̍h
乞食命	khit-tsia̍h-miā
乞食琴	khit-tsia̍h-khîm
乞食頭	khit-tsia̍h-thâu
也好	iā-hó
也是	iā-sī
乳名	jú-miâ
乾仔孫	kan-á-sun
亂世	luān-sè
亂使	luān-sú
亂來	luān-lâi
亂彈	lān-thân
亂操操	luān-tshau-tshau
亂講	luān-kóng
亂鐘仔	luān-tsing-á
了了	liáu-liáu
了尾仔囝	liáu-bué-á-kiánn
了工	liáu-kang
了後	liáu-āu
了本	liáu-pún
了然	liáu-jiân
了錢	liáu-tsînn
予伊	hōo-i
事主	sū-tsú
事事項項	sū-sū-hāng-hāng
事件	sū-kiānn
事務	sū-bū
事務所	sū-bū-sóo
事實	sū-si̍t
事後	sū-āu
事業	sū-gia̍p
事理	sū-lí
二九暝	Jī-káu-mê
二房	jī-pâng
二手	jī-tshiú
二指	jī-tsáinn
二步七仔	jī-pōo-tshit-á
五仁	ngóo-jîn
五分仔車	gōo-hun-á-tshia
五分車	gōo-hun-tshia
五加皮	ngóo-ka-pî
五四三	gōo-sì-sann
五子直	gōo-jí-ti̍t
五彩	ngóo-tshái
五日節	Gōo-ji̍t-tseh
五月節	Gōo-gue̍h-tseh
五柳居	ngóo-liú-ki
五福	ngóo-hok
五穀	ngóo-kok
五筋膎	gōo-kin-kê
五臟	ngóo-tsōng
五路	ngóo-lōo
五金	ngóo-kim
五金行	ngóo-kim-hâng
五香	ngóo-hiang
井水	tsénn-tsuí
亞鉛	a-iân
亞鉛線	a-iân-suànn
亞鉛鉼	a-iân-phiánn
亡魂	bông-hûn
交仗	kau-tiōng
交代	kau-tài
交割	kau-kuah
交往	kau-óng
交情	kau-tsîng
交懍恂	ka-lún-sún
交接	kau-tsiap
交插	kau-tshap
交換	kau-uānn
交易	kau-i̍k
交替	kau-thè
交椅	kau-í
交流	kau-liû
交涉	kau-sia̍p
交結	kau-kiat
交繃	kau-penn
交纏	kau-tînn
交落	ka-la̍uh
交落枕	ka-la̍uh-tsím
交落身	ka-la̍uh-sin
交通	kau-thong
交關	kau-kuan
交陪	kau-puê
交際	kau-tsè
享受	hiáng-siū
享福	hiáng-hok
京戲	kiann-hì
亭仔	tîng-á
亭仔跤	tîng-á-kha
人中	jîn-tiong
人事	jîn-sū
人人	lâng-lâng
人倫	jîn-lûn
人參	jîn-sim
人員	jîn-uân
人客	lâng-kheh
人家	jîn-ke
人家厝仔	jîn-ke-tshù-á
人工	lâng-kang
人影	lâng-iánn
人情	jîn-tsîng
人情世事	jîn-tsîng-sè-sū
人懸漢大	lâng-kuân-hàn-tuā
人才	lâng-tsâi
人望	jîn-bōng
人格	jîn-keh
人權	jîn-khuân
人民	jîn-bîn
人氣	jîn-khì
人物	jîn-bu̍t
人生	jîn-sing
人範	lâng-pān
人緣	lâng-iân
人造	jîn-tsō
人面	lâng-bīn
人頭	lâng-thâu
人額	lâng-gia̍h
人馬	jîn-má
仁丹	jîn-tan
仁仁仁	jîn-jîn-jîn
仁愛	jîn-ài
仁慈	jîn-tsû
仁義	jîn-gī
今仔	tann-á
今仔日	kin-á-ji̍t
今年	kin-nî
介在	kài-tsāi
介紹	kài-siāu
仙丹	sian-tan
仙人	sian-jîn
仙女	sian-lí
仙姑	sian-koo
仙拚仙	sian-piànn-sian
仙桃	sian-thô
仙洞	sian-tōng
仙草	sian-tsháu
仝心	kāng-sim
仝款	kāng-khuán
仝沿	kāng-iân
仝爸各母	kāng-pē-koh-bú
代先	tāi-sing
代書	tāi-su
代替	tāi-thè
代理	tāi-lí
代筆	tāi-pit
代表	tāi-piáu
代誌	tāi-tsì
代辦	tāi-pān
以前	í-tsîng
以及	í-ki̍p
以後	í-āu
以早	í-tsá
份量	hūn-liōng
份額	hūn-gia̍h
仿仔雞	hóng-á-ke
企業	khì-gia̍p
休學	hiu-ha̍k
休息	hiu-sik
伙食	hué-si̍t
伨頭	thīn-thâu
伯公	peh-kong
伯勞仔	pit-lô-á
估價	kóo-kè
伴奏	phuānn-tsàu
伴娶	phuānn-tshuā
伴嫁	phuānn-kè
伴手	phuānn-tshiú
伶俐	líng-lī
伸勻	tshun-ûn
伸勼	tshun-kiu
伸手	tshun-tshiú
伸捙	tshun-tshia
伸跤	tshun-kha
伸長手	tshun-tn̂g-tshiú
佃戶	tiān-hōo
但是	tān-sī
佇咧	tī-leh
佈田	pòo-tshân
佈田管	pòo-tshân-kóng
佈田花	pòo-tshân-hue
佈稻仔	pòo-tiū-á
佈置	pòo-tì
位置	uī-tì
低厝仔	kē-tshù-á
低級	kē-kip
低路	kē-lōo
低路師	kē-lōo-sai
低音	kē-im
住址	tsū-tsí
住戶	tsū-hōo
住所	tsū-sóo
何乜苦	hô-mí-khóo
何必	hô-pit
何況	hô-hóng
何苦	hô-khóo
佗一个	tó-tsi̍t-ê
佗位	tó-uī
佗落	tó-lo̍h
佛仔	pu̍t-á
佛像	hu̍t-siōng
佛堂	hu̍t-tn̂g
佛寺	hu̍t-sī
佛手柑	hu̍t-tshiú-kam
佛手瓜	hu̍t-tshiú-kue
佛教	Hu̍t-kàu
佛祖	Pu̍t-tsóo
佛門	hu̍t-mn̂g
佛龕	pu̍t-kham
作亂	tsok-luān
作品	tsok-phín
作孽	tsok-gia̍t
作家	tsok-ka
作弄	tsok-lōng
作弊	tsok-pè
作怪	tsok-kuài
作戰	tsok-tsiàn
作文	tsok-bûn
作業	tsok-gia̍p
作法	tsok-huat
作為	tsok-uî
作物	tsok-bu̍t
作用	tsok-iōng
作田	tsoh-tshân
作田人	tsoh-tshân-lâng
作穡	tsoh-sit
作穡人	tsoh-sit-lâng
作者	tsok-tsiá
佩服	puē-ho̍k
佬仔	láu-á
佮喙	kah-tshuì
佮意	kah-ì
佮股	kap-kóo
佯戇	tènn-gōng
佯毋知	tènn-m̄-tsai
佯生	tènn-tshenn
佯痟	tènn-siáu
佯顛佯戇	tènn-tian-tènn-gōng
佳人	ka-jîn
佳哉	ka-tsài
佳期	ka-kî
佳音	ka-im
使弄	sái-lōng
使性地	sái-sìng-tē
使用人	sú-iōng-lâng
使目尾	sái-ba̍k-bué
使目箭	sái-ba̍k-tsìnn
來世	lâi-sè
來來去去	lâi-lâi-khì-khì
來去	lâi-khì
來往	lâi-óng
來歷	lâi-li̍k
來洗	lâi-sé
來賓	lâi-pin
來路	lâi-lōo
例外	lē-guā
侍候	sū-hāu
侗戇	tòng-gōng
供體	king-thé
依倚	i-uá
依賴	i-nāi
侮辱	bú-jio̍k
侵犯	tshim-huān
侵門踏戶	tshim-mn̂g-ta̍h-hōo
便便	piān-piān
便媒人	piān-muê-lâng
便宜	pân-gî
便所	piān-sóo
便服	piān-ho̍k
便當	piān-tong
便當篋仔	piān-tong-kheh-á
便看	piān-khuànn
便若	piān-nā
便菜	piān-tshài
便菜飯	piān-tshài-pn̄g
便藥仔	piān-io̍h-á
便衣	piān-i
便衫	piān-sann
便飯	piān-pn̄g
促歲壽	tshik-huè-siū
俗價	sio̍k-kè
俗名	sio̍k-miâ
俗物	sio̍k-mi̍h
俗語	sio̍k-gí
俗語話	sio̍k-gí-uē
俗貨	sio̍k-huè
俗賣	sio̍k-bē
俗麭	sio̍k-pháng
保存	pó-tsûn
保守	pó-siú
保家	pó-ke
保庇	pó-pì
保正	pó-tsiànn
保溫杯	pó-un-pue
保生大帝	Pó-sing-tāi-tè
保留	pó-liû
保管	pó-kuán
保衛	pó-uē
保證	pó-tsìng
保證人	pó-tsìng-jîn
保護	pó-hōo
保重	pó-tiōng
保鏢	pó-pio
保險	pó-hiám
保領	pó-niá
保養場	pó-ióng-tiûnn
信仰	sìn-gióng
信任	sìn-jīm
信徒	sìn-tôo
信心	sìn-sim
信用	sìn-iōng
信篤	sìn-táu
信號	sìn-hō
修改	siu-kái
修整	siu-tsíng
修正	siu-tsìng
修理	siu-lí
修行	siu-hīng
修補	siu-póo
修面	siu-bīn
修養	siu-ióng
俱樂部	khū-lo̍k-pōo
倉庫	tshng-khòo
個外月	kò-guā-gue̍h
倒剾	tò-khau
倒去	tò-khì
倒反	tò-píng
倒吊	tò-tiàu
倒吊子	tò-tiàu-tsí
倒向	tò-hiànn
倒店	tó-tiàm
倒彈	tò-tuānn
倒手	tò-tshiú
倒手爿	tò-tshiú-pîng
倒拗	tò-áu
倒摔向	tò-siàng-hiànn
倒擔	tó-tànn
倒數	tó-siàu
倒會仔	tó-huē-á
倒爿	tò-pîng
倒覆	tò-phak
倒貼	tò-thiap
倒踏	tò-ta̍h
倒轉	tò-tńg
倒轉去	tò-tńg-khì
倒退	tò-thè
倒退攄	tò-thè-lu
倒面	tò-bīn
倒頭	tò-thâu
倒頭栽	tò-thâu-tsai
倒頭槌	tò-thâu-thuî
倒頭行	tò-thâu-kiânn
候脈	hāu-me̍h
候補	hāu-póo
候選人	hāu-suán-jîn
倚壁	uá-piah
倚山食山	uá-suann-tsia̍h-suann
倚年	uá-nî
倚意	uá-ì
倚晝	uá-tàu
倚蹛	uá-tuà
倚近	uá-kīn
倚靠	uá-khò
借人	tsioh-lâng
借問	tsioh-mn̄g
借用	tsioh-iōng
借蹛	tsioh-tuà
借過	tsioh-kuè
借錢	tsioh-tsînn
倩的	tshiànn-ê
倫理	lûn-lí
值得	ta̍t-tit
值班	ti̍t-pan
值錢	ta̍t-tsînn
偃倒	ián-tó
假仙	ké-sian
假仙假觸	ké-sian-ké-tak
假使	ká-sú
假包	ké-pâu
假喙齒	ké-tshuì-khí
假好衰	ké-hó-sue
假影	ké-iánn
假死	ké-sí
假死假活	ké-sí-ké-ua̍h
假無意	ké-bô-ì
假痟	ké-siáu
假銀票	ké-gîn-phiò
假鬼假怪	ké-kuí-ké-kuài
偉大	uí-tāi
偌久	guā-kú
偌濟	guā-tsē
偌爾	guā-nī
偏偏	phian-phian
偏偏仔	phian-phian-á
偏僻	phian-phiah
偏名	phian-miâ
偏心	phian-sim
偏頭	phinn-thâu
做人	tsò-lâng
做人情	tsò-jîn-tsîng
做伙	tsò-hué
做伴	tsò-phuānn
做功德	tsò-kong-tik
做司公	tsò-sai-kong
做囮	tsò-buê
做大水	tsò-tuā-tsuí
做客	tsò-kheh
做工	tsò-kang
做店面	tsò-tiàm-bīn
做忌	tsò-kī
做戲	tsò-hì
做旬	tsò-sûn
做月內	tsò-gue̍h-lāi
做歹	tsò-pháinn
做水	tsò-tsuí
做法	tsò-huat
做牙	tsò-gê
做生日	tsò-senn-ji̍t
做生理	tsò-sing-lí
做痢	tsò-lī
做瘦氣	tsò-sán-khuì
做竅	tsò-khiò
做肉餅	tsò-bah-piánn
做臭人	tsò-tshàu-lâng
做色	tsò-sik
做莊	tsò-tsong
做親情	tsò-tshin-tsiânn
做議量	tsò-gī-niū
做譴損	tsò-khiàn-sńg
做醮	tsò-tsiò
做陣	tsò-tīn
做頭	tsò-thâu
做風颱	tsò-hong-thai
做鬼	tsò-kuí
停手	thîng-tshiú
停止	thîng-tsí
停睏	thîng-khùn
停跤	thîng-kha
停電	thîng-tiān
偝巾	āinn-kin
健丟	kiān-tiu
健全	kiān-tsuân
健康	kiān-khong
偷來暗去	thau-lâi-àm-khì
偷偷仔	thau-thau-á
偷咬雞仔	thau-kā-ke-á
偷工減料	thau-kang-kiám-liāu
偷拈	thau-ni
偷掠	thau-lia̍h
偷提	thau-the̍h
偷揜	thau-iap
偷生的	thau-senn-ê
偷看	thau-khuànn
偷聽	thau-thiann
偷食	thau-tsia̍h
偷食步	thau-tsia̍h-pōo
傀儡	ka-lé
傀儡戲	ka-lé-hì
傑出	kia̍t-tshut
備查	pī-tsa
備辦	pī-pān
催油	tshui-iû
催生	tshui-sing
傱錢	tsông-tsînn
傳後嗣	thn̂g-hiō-sū
傳授	thuân-siū
傳染	thuân-jiám
傳票	thuân-phiò
傳種	thn̂g-tsíng
債主	tsè-tsú
債券	tsè-kǹg
債務	tsè-bū
債權	tsè-khuân
傷口	siong-kháu
傷天害理	siong-thian-hāi-lí
傷害	siong-hāi
傷心	siong-sim
傷本	siong-pún
傷痕	siong-hûn
傷腦筋	siong-náu-kin
傷跡	siong-jiah
傷重	siong-tiōng
傷風敗俗	siong-hong-pāi-sio̍k
僥倖	hiau-hīng
僥倖錢	hiau-hīng-tsînn
僥心	hiau-sim
僫做	oh-tsò
僫講	oh-kóng
僭位	tsiàm-uī
僭話	tsiàm-uē
價值	kè-ta̍t
價數	kè-siàu
價錢	kè-tsînn
僻靜	phiah-tsīng
儉儉仔用	khiām-khiām-á-īng
儉腸凹肚	khiām-tn̂g-neh-tōo
儉錢	khiām-tsînn
儑面	gām-bīn
儑頭儑面	gām-thâu-gām-bīn
優先	iu-sian
優待	iu-thāi
優秀	iu-siù
優美	iu-bí
優點	iu-tiám
儼硬	giám-ngē
允人	ín-lâng
允准	ín-tsún
允頭路	ín-thâu-lōo
元宵	Guân-siau
元氣	guân-khì
元神	guân-sîn
元首	guân-siú
兄哥	hiann-ko
兄嫂	hiann-só
兄弟	hiann-tī
兄弟姊妹	hiann-tī-tsí-muē
兄長	hing-tióng
充公	tshiong-kong
充分	tshiong-hun
充滿	tshiong-buán
充血	tshiong-hiat
充足	tshiong-tsiok
兇狂	hiong-kông
先生	sian-sinn
先生娘	sian-sinn-niû
先生媽	sian-sinn-má
先的	sian-ê
先知	sian-ti
先覺	sian-kak
先輩	sian-puè
先進	sian-tsìn
光復	kong-ho̍k
光明	kong-bîng
光景	kong-kíng
光榮	kong-îng
光面	kng-bīn
光頭	kng-thâu
克服	khik-ho̍k
克虧	khik-khui
兌換	tuī-uānn
免數想	bián-siàu-siūnn
免稅	bián-suè
免費	bián-huì
免錢飯	bián-tsînn-pn̄g
免驚	bián-kiann
兔仔	thòo-á
兔仔尾	thòo-á-bué
入來	ji̍p-lâi
入厝	ji̍p-tshù
入去	ji̍p-khì
入土	ji̍p-thóo
入場	ji̍p-tiûnn
入學	ji̍p-o̍h
入心	ji̍p-sim
入教	ji̍p-kàu
入木	ji̍p-bo̍k
入殮	ji̍p-liām
入耳	ji̍p-ní
入聲	ji̍p-siann
入選	ji̍p-suán
入門	ji̍p-mn̂g
入院	ji̍p-īnn
內傷	lāi-siong
內公	lāi-kong
內地	lāi-tē
內場	lāi-tiûnn
內外	lāi-guā
內套	lāi-thò
內奶	lāi-ling
內媽	lāi-má
內孫	lāi-sun
內容	luē-iông
內山	lāi-suann
內山斗底	lāi-suann-táu-té
內底	lāi-té
內心	luē-sim
內情	luē-tsîng
內才	lāi-tsâi
內政	luē-tsìng
內科	lāi-kho
內籬仔	lāi-lî-á
內行	lāi-hâng
內行的	lāi-hâng-ê
內衫	lāi-sann
內裡	lāi-lí
內部	luē-pōo
內閣	luē-koh
內面	lāi-bīn
全然	tsuân-jiân
兩光	lióng-kong
兩爿	nn̄g-pîng
八仙	pat-sian
八仙桌	pat-sian-toh
八仙綵	pat-sian-tshái
八卦	pat-kuà
八字	peh-jī
八字跤	pat-jī-kha
八家將	pat-ka-tsiòng
八珍	pat-tin
八角	peh-kak
公事	kong-sū
公債	kong-tsè
公元	kong-guân
公共	kong-kiōng
公分	kong-pun
公園	kong-hn̂g
公婆	kong-pô
公媽	kong-má
公學校	kong-ha̍k-hāu
公家	kong-ka
公寓	kong-gū
公平	kong-pênn
公所	kong-sóo
公文	kong-bûn
公斤	kong-kin
公母	kang-bó
公民	kong-bîn
公用	kong-iōng
公的	kang-ê
公眾	kong-tsiòng
公親	kong-tshin
公費	kong-huì
公路	kong-lōo
公道	kong-tō
公道人	kong-tō-lâng
公里	kong-lí
公開	kong-khai
公館	kong-kuán
六合	lio̍k-ha̍p
六書	lio̍k-su
六月冬	la̍k-gue̍h-tang
六月天	la̍k-gue̍h-thinn
六法全書	Lio̍k-huat-tsuân-su
六畜	lio̍k-thiok
共產	kiōng-sán
兵仔	ping-á
其中	kî-tiong
其他	kî-thann
其實	kî-si̍t
具體	kū-thé
典禮	tián-lé
兼任	kiam-jīm
兼職	kiam-tsit
兼顧	kiam-kòo
冇手	phànn-tshiú
冇數	phànn-siàu
冇炭	phànn-thuànn
冇石仔	phànn-tsio̍h-á
冇粟	phànn-tshik
冇蟳	phànn-tsîm
冊包	tsheh-pau
冊局	tsheh-kio̍k
冊店	tsheh-tiàm
冊房	tsheh-pâng
冊架仔	tsheh-kè-á
冊櫥	tsheh-tû
冊疊仔	tsheh-thiap-á
再三	tsài-sann
再會	tsài-huē
再版	tsài-pán
冒險	mōo-hiám
冗剩	liōng-siōng
冗早	liōng-tsá
冠軍	kuan-kun
冤仇	uan-siû
冤仇人	uan-siû-lâng
冤家	uan-ke
冤家量債	uan-ke-niû-tsè
冤屈	uan-khut
冤枉	uan-óng
冤魂	uan-hûn
冥婚	bîng-hun
冬天	tang-thinn
冬尾	tang-bué
冬瓜	tang-kue
冬瓜茶	tang-kue-tê
冬筍	tang-sún
冬節圓	tang-tseh-înn
冬粉	tang-hún
冬菜	tang-tshài
冰枝	ping-ki
冰礤	ping-tshuah
冰箱	ping-siunn
冰糖	ping-thn̂g
冰角	ping-kak
冷吱吱	líng-ki-ki
冷嗽	líng-sàu
冷氣	líng-khì
冷靜	líng-tsīng
凊彩	tshìn-tshái
凊心	tshìn-sim
凊汗	tshìn-kuānn
凊糜	tshìn-muê
凊飯	tshìn-pn̄g
凌勒	lîng-lik
凌治	lîng-tī
凌遲	lîng-tî
凍喙齒	tàng-tshuì-khí
凍舌	tàng-tsi̍h
凍霜	tàng-sng
凍露水	tàng-lōo-tsuí
凝心	gîng-sim
凝血	gîng-hueh
凡勢	huān-sè
凶年	hiong-nî
凶煞	hiong-suah
凹落去	nah-lo̍h-khì
凹鼻	nah-phīnn
出丁	tshut-ting
出世	tshut-sì
出來	tshut-lâi
出價	tshut-kè
出入	tshut-ji̍p
出力	tshut-la̍t
出勤	tshut-khîn
出口	tshut-kháu
出名	tshut-miâ
出喙	tshut-tshuì
出土	tshut-thóo
出在	tshut-tsāi
出場	tshut-tiûnn
出外	tshut-guā
出嫁	tshut-kè
出家	tshut-ke
出山	tshut-suann
出巡	tshut-sûn
出差	tshut-tshai
出帆	tshut-phâng
出師	tshut-sai
出席	tshut-si̍k
出張	tshut-tiunn
出手	tshut-tshiú
出擢	tshut-tioh
出業	tshut-gia̍p
出氣	tshut-khuì
出水	tshut-tsuí
出港	tshut-káng
出版	tshut-pán
出珠	tshut-tsu
出現	tshut-hiān
出產	tshut-sán
出癖	tshut-phia̍h
出租	tshut-tsoo
出聲	tshut-siann
出脫	tshut-thuat
出膿	tshut-lâng
出色	tshut-sik
出賣	tshut-bē
出路	tshut-lōo
出身	tshut-sin
出運	tshut-ūn
出酒	tshut-tsiú
出門	tshut-mn̂g
出頭	tshut-thâu
出頭天	tshut-thâu-thinn
出風頭	tshut-hong-thâu
出馬	tshut-má
刀仔	to-á
刀喙	to-tshuì
刀柄	to-pènn
刀石	to-tsio̍h
刀砧	to-tiam
刀肉	to-bah
刀銎	to-khing
刀鋩	to-mê
刁古董	tiau-kóo-tóng
刁工	thiau-kang
刁意故	thiau-ì-kòo
刁持	tiau-tî
刁故意	tiau-kòo-ì
刁難	thiau-lân
分伻	pun-phenn
分別	hun-pia̍t
分寸	hun-tshùn
分張	pun-tiunn
分攤	hun-thuann
分散	hun-suànn
分數	hun-sòo
分明	hun-bîng
分派	hun-phài
分發	hun-huat
分的	pun-ê
分身	hun-sin
分配	hun-phuè
分錢	pun-tsînn
分鐘	hun-tsing
分開	hun-khui
分類	hun-luī
切手	tshiat-tshiú
刑事	hîng-sū
刑罰	hîng-hua̍t
划船	kò-tsûn
列車	lia̍t-tshia
初一	tshe-it
初初	tshoo-tshoo
初步	tshoo-pōo
初級	tshoo-kip
初見面	tshoo-kìnn-bīn
刣死	thâi-sí
刣雞教猴	thâi-ke-kà-kâu
刣頭	thâi-thâu
判官	phuànn-kuann
判斷	phuànn-tuàn
判決	phuànn-kuat
判罪	phuànn-tsuē
別个	pa̍t-ê
別人	pa̍t-lâng
別位	pa̍t-uī
別搭	pa̍t-tah
別日	pa̍t-ji̍t
別日仔	pa̍t-ji̍t-á
別款	pa̍t-khuán
別莊	pia̍t-tsong
別項	pa̍t-hāng
利便	lī-piān
利息	lī-sik
利用	lī-iōng
利益	lī-ik
利純	lī-sûn
到今	kàu-tann
到位	kàu-uī
到分	kàu-hun
到地	kàu-tè
到尾	kàu-bué
到底	tàu-té
到手芳	tò-tshiú-phang
到時	kàu-sî
到期	kàu-kî
到站	kàu-tsām
制定	tsè-tīng
制度	tsè-tōo
制服	tsè-ho̍k
刺仔	tshì-á
刺字	tshiah-jī
刺探	tshì-thàm
刺查某	tshiah-tsa-bóo
刺毛蟲	tshì-môo-thâng
刺波	tshì-pho
刺激	tshì-kik
刺瓜仔	tshì-kue-á
刺疫	tshiah-ia̍h
刺竹	tshì-tik
刺竹筍	tshì-tik-sún
刺繡	tshiah-siù
刺耙耙	tshiah-pê-pê
刺膨紗	tshiah-phòng-se
刺花	tshiah-hue
刺酸	tshiah-sng
刺鑿	tshì-tsha̍k
刻印仔	khik-ìn-á
剃頭	thì-thâu
剃頭刀	thì-thâu-to
剃頭店	thì-thâu-tiàm
剉柴	tshò-tshâ
削削叫	siah-siah-kiò
前世	tsîng-sì
前世人	tsîng-sì-lâng
前人囝	tsîng-lâng-kiánn
前因後果	tsiân-in-hiō-kó
前年	tsûn-nî
前後	tsîng-āu
前擴	tsîng-khok
前日	tsîng-ji̍t
前某	tsîng-bóo
前科	tsiân-kho
前翁	tsîng-ang
前謝	tsîng-siā
前身	tsiân-sin
前輩	tsiân-puè
前途	tsiân-tôo
前金	tsiân-kim
前驛	tsîng-ia̍h
剝皮	pak-phuê
剪仔龜	tsián-á-ku
剪布	tsián-pòo
剪絨仔花	tsián-jiông-á-hue
剪綹仔	tsián-liú-á
剪蟲	tsián-thâng
副手	hù-tshiú
副本	hù-pún
副業	hù-gia̍p
割價	kuah-kè
割包	kuah-pau
割喉	kuah-âu
割稻仔	kuah-tiū-á
割稻仔尾	kuah-tiū-á-bué
割耙	kuah-pē
割肉	kuah-bah
割貨	kuah-huè
割金	kuah-kim
割香	kuah-hiunn
創景	tshòng-kíng
創業	tshòng-gia̍p
創治	tshòng-tī
創空	tshòng-khang
創舉	tshòng-kí
創辦	tshòng-pān
創造	tshòng-tsō
剷草	thuánn-tsháu
剺破	lì-phuà
剺肚	le̍h-tōo
剾仔	khau-á
剾刀	khau-to
剾刀花	khau-to-hue
剾刀蔫	khau-to-lian
剾削	khau-siah
剾洗	khau-sé
剾痧	khau-sua
剾皮	khau-phuê
剾風	khau-hong
劇場	kio̍k-tiûnn
劍竹	kiàm-tik
劍筍	kiàm-sún
力草	la̍t-tsháu
力量	li̍k-liōng
力頭	la̍t-thâu
功勞	kong-lô
功德	kong-tik
功效	kong-hāu
功課	kong-khò
加倍	ka-puē
加工	ke-kang
加強	ka-kiông
加擔	ka-tann
加油站	ka-iû-tsām
加添	ka-thiam
加減	ke-kiám
加網魚	ka-bāng-hî
加薦仔	ka-tsì-á
加話	ke-uē
加講話	ke-kóng-uē
加車	ka-tshia
加轆仔	ka-lak-á
加鵻	ka-tsui
助教	tsōo-kàu
助產士	tsōo-sán-sū
努力	lóo-li̍k
劫數	kiap-sòo
勇健	ióng-kiānn
勇敢	ióng-kám
勇氣	ióng-khì
勉勵	bián-lē
勉強	bián-kióng
勍仔	khiang-á
動作	tōng-tsok
動員	tōng-uân
動土	tāng-thóo
動工	tāng-kang
動手	tāng-tshiú
動搖	tōng-iâu
動機	tōng-ki
動物	tōng-bu̍t
動產	tōng-sán
動箸	tāng-tī
動靜	tōng-tsīng
勘驗	kham-giām
勝利	sìng-lī
勞力	lóo-la̍t
勞動	lô-tōng
勞工	lô-kang
勞心	lô-sim
勞煩	lô-huân
募捐	bōo-kuan
募集	bōo-tsi̍p
勢力	sè-li̍k
勢面	sè-bīn
勢頭	sè-thâu
勤儉	khîn-khiām
勤務	khîn-bū
勥跤	khiàng-kha
勸和	khǹg-hô
勸善	khuàn-siān
勸解	khuàn-kái
勻仔是	ûn-á-sī
勻勻仔	ûn-ûn-á
勻勻仔火	ûn-ûn-á-hué
勼手	kiu-tshiú
勼水	kiu-tsuí
勼跤	kiu-kha
勼跤勼手	kiu-kha-kiu-tshiú
勾引	kau-ín
勾結	kau-kiat
包仔	pau-á
包圍	pau-uî
包種茶	pau-tsióng-tê
包穡頭	pau-sit-thâu
包穩	pau-ún
包袱仔	pau-ho̍k-á
包袱巾	pau-ho̍k-kin
包裝	pau-tsong
包裹	pau-kó
包贌	pau-pa̍k
包贏	pau-iânn
包辦	pau-pān
包領	pau-niá
包飯	pau-pn̄g
包飼的	pau-tshī-ê
包餡	pau-ānn
匏仔	pû-á
匏桸	pû-hia
化學	huà-ha̍k
化緣	huà-iân
化身	huà-sin
化驗	huà-giām
北京	Pak-kiann
北極	pak-ki̍k
北爿	pak-pîng
北管	pak-kuán
北部	pak-pōo
匪類	huí-luī
匯票	huē-phiò
區公所	khu-kong-sóo
區別	khu-pia̍t
區域	khu-hi̍k
十一哥	tsa̍p-it-ko
十二分	tsa̍p-jī-hun
十二指腸	si̍p-jī-tsí-tn̂g
十二生相	tsa̍p-jī-senn-siùnn
十全	tsa̍p-tsn̂g
十八變	tsa̍p-peh-piàn
十八骰仔	si̍p-pat-tâu-á
十字架	si̍p-jī-kè
十字路	si̍p-jī-lōo
十花五色	tsa̍p-hue-gōo-sik
十足	tsa̍p-tsiok
千千萬萬	tshian-tshian-bān-bān
千斤秤	tshian-kin-tshìn
千萬	tshian-bān
千里眼	Tshian-lí-gán
千里鏡	tshian-lí-kiànn
千金	tshian-kim
千金譜	Tshian-kim-phóo
午時	gōo-sî
午時水	gōo-sî-tsuí
半丁	puànn-ting
半世人	puànn-sì-lâng
半中央	puànn-tiong-ng
半中站	puànn-tiong-tsām
半仙	puàn-sian
半信半疑	puàn-sìn-puàn-gî
半價	puànn-kè
半天筍	puàn-thian-sún
半奸忠	puànn-kan-tiong
半子	puàn-tsú
半小死	puànn-sió-sí
半工	puànn-kang
半日	puànn-ji̍t
半晝	puànn-tàu
半晡	puànn-poo
半暝	puànn-mê
半月日	puànn-gue̍h-ji̍t
半桶屎	puànn-tháng-sái
半桶師仔	puànn-tháng-sai-á
半樓仔	puànn-lâu-á
半燒冷	puànn-sio-líng
半生熟	puànn-tshenn-si̍k
半空中	puànn-khong-tiong
半節	puànn-tsat
半精白	puànn-tsiann-pe̍h
半老老	puànn-ló-lāu
半路	puànn-lōo
半路師	puànn-lōo-sai
半身	puànn-sin
半遂	puàn-suī
半陰陽仔	puànn-iam-iûnn-á
卑賤	pi-tsiān
卑鄙	pi-phí
卒仔	tsut-á
協力	hia̍p-li̍k
協助	hia̍p-tsōo
協同	hia̍p-tông
協會	hia̍p-huē
協約	hia̍p-iok
協調	hia̍p-tiau
協議	hia̍p-gī
協辦	hia̍p-pān
南北二路	lâm-pak-jī-lōo
南極	lâm-ki̍k
南洋	Lâm-iûnn
南爿	lâm-pîng
南管	lâm-kuán
南路鷹	lâm-lōo-ing
博士	phok-sū
博士博	phok-sū-phok
博愛	phok-ài
博物	phok-bu̍t
博物館	phok-bu̍t-kuán
卜卦	pok-kuà
占贏	tsiàm-iânn
卡片	khah-phìnn
卡車	khah-tshia
卯喙	mauh-tshuì
卯死矣	báu-sí-ah
印仔	ìn-á
印刷	ìn-suat
印堂	ìn-tông
印色	ìn-sik
印象	ìn-siōng
印鑑	ìn-kàm
危急	guî-kip
危機	guî-ki
危險	guî-hiám
即時	tsik-sî
卵仁	nn̄g-jîn
卵包	nn̄g-pau
卵殼	nn̄g-khak
卵清	nn̄g-tshing
卵白質	nn̄g-pe̍h-tsit
卷宗	kuàn-tsong
卸世卸眾	sià-sì-sià-tsìng
卸世眾	sià-sì-tsìng
卸祖公	sià-tsóo-kong
卸貨	sià-huè
卸貨底	sià-huè-té
卸責任	sià-tsik-jīm
卸面皮	sià-bīn-phuê
卻是	khiok-sī
厚子	kāu-tsí
厚尿	kāu-jiō
厚屎	kāu-sái
厚屎尿	kāu-sái-jiō
厚工	kāu-kang
厚性地	kāu-sìng-tē
厚操煩	kāu-tshau-huân
厚沙屑	kāu-sua-sap
厚禮數	kāu-lé-sòo
厚紙坯	kāu-tsuá-phue
厚薄	kāu-po̍h
厚薰	kāu-hun
厚行	kāu-hīng
厚話	kāu-uē
厚話屎	kāu-uē-sái
厚譴損	kāu-khiàn-sńg
厚酒	kāu-tsiú
厚重	kāu-tāng
厚面皮	kāu-bīn-phuê
厝主	tshù-tsú
厝內	tshù-lāi
厝地	tshù-tē
厝場	tshù-tiûnn
厝契	tshù-khè
厝宅	tshù-the̍h
厝尾頂	tshù-bué-tíng
厝瓦	tshù-hiā
厝稅	tshù-suè
厝裡	tshù-lí
厝角頭	tshù-kak-thâu
厝角鳥仔	tshù-kak-tsiáu-á
厝跤	tshù-kha
厝邊	tshù-pinn
厝邊兜	tshù-pinn-tau
厝邊隔壁	tshù-pinn-keh-piah
厝邊頭尾	tshù-pinn-thâu-bué
厝頂	tshù-tíng
厝頭家	tshù-thâu-ke
原位	guân-uī
原價	guân-kè
原全	guân-tsuân
原則	guân-tsik
原告	guân-kò
原在	guân-tsāi
原子筆	guân-tsú-pit
原底	guân-té
原形	guân-hîng
原性	guân-sìng
原料	guân-liāu
原早	guân-tsá
原本	guân-pún
原理	guân-lí
原諒	guân-liōng
原頭	guân-thâu
厭氣	iàn-khì
厲害	lī-hāi
去了了	khì-liáu-liáu
去倒	khì-tò
去傷解鬱	khì-siong-kái-ut
參仔	sim-á
參仔氣	sim-á-khuì
參加	tsham-ka
參考冊	tsham-khó-tsheh
參茸	sim-jiông
參詳	tsham-siông
又閣	iū-koh
及時	ki̍p-sî
及格	ki̍p-keh
友的	iú-ê
反來反去	píng-lâi-píng-khì
反倒轉	huán-tò-tńg
反僥	huán-hiau
反口供	huán-kháu-king
反天	huán-thinn
反對	huán-tuì
反常	huán-siông
反形	huán-hîng
反悔	huán-hué
反應	huán-ìng
反抗	huán-khòng
反桌	píng-toh
反正	huán-tsìng
反爿	píng-pîng
反症	huán-tsìng
反白睚	píng-pe̍h-kâinn
反目	huán-bo̍k
反省	huán-síng
反種	huán-tsíng
反肚	píng-tōo
反肚痧	píng-tōo-sua
反背	huán-puē
反腹	píng-pak
反船	píng-tsûn
反變	píng-pìnn
反起反倒	huán-khí-huán-tó
反車	píng-tshia
反輾轉	píng-liàn-tńg
叔伯兄弟	tsik-peh-hiann-tī
叔伯姊妹	tsik-peh-tsí-muē
叔伯的	tsik-peh-ê
叔公	tsik-kong
叔孫	tsik-sun
取消	tshú-siau
取締	tshú-tè
受債	siū-tsè
受害	siū-hāi
受氣	siū-khì
受當袂起	siū-tong-bē-khí
受罪	siū-tsuē
受苦	siū-khóo
受袂起	siū-bē-khí
口供	kháu-king
口座	kháu-tsō
口氣	kháu-khì
口灶	kháu-tsàu
口琴	kháu-khîm
口白	kháu-pe̍h
口試	kháu-tshì
口面	kháu-bīn
口音	kháu-im
口頭	kháu-thâu
古冊	kóo-tsheh
古意	kóo-ì
古意人	kóo-ì-lâng
古早	kóo-tsá
古書	kóo-tsu
古板	kóo-pán
古物商	kóo-bu̍t-siong
古董	kóo-tóng
古蹟	kóo-tsik
古錐	kóo-tsui
句讀	kù-tāu
另外	līng-guā
另日	līng-ji̍t
叩謝	khàu-siā
叩頭	khàu-thâu
叩首	khiò-siú
只好	tsí-hó
只是	tsí-sī
只要	tsí-iàu
叫做	kiò-tsò
叫客	kiò-kheh
叫是	kiò-sī
叫毋敢	kiò-m̄-kánn
叫苦	kiò-khóo
叫菜	kiò-tshài
叫門	kiò-mn̂g
召鏡	tiàu-kiànn
召集	tiàu-tsi̍p
可取	khó-tshú
可可仔	khoo-khóo-ah
可怕	khó-phà
可惜	khó-sioh
可惡	khó-ònn
可惱	khó-náu
可愛	khó-ài
可憐	khó-liân
可憐代	khó-liân-tāi
可比	khó-pí
可疑	khó-gî
可能	khó-lîng
可靠	khó-khò
司儀	su-gî
司公	sai-kong
司公仔象桮	sai-kong-á-siūnn-pue
司公壇	sai-kong-tuânn
司公鈃	sai-kong-giang
司奶	sai-nai
司機	su-ki
司法	su-huat
各人	kok-lâng
各位	kok-uī
各樣	koh-iūnn
各種	kok-tsióng
各馝	kok-pih
合併	ha̍p-pìng
合倚	ha̍p-uá
合力	ha̍p-li̍k
合唱	ha̍p-tshiùnn
合喙	ha̍p-tshuì
合奏	ha̍p-tsàu
合家	ha̍p-ka
合掌	ha̍p-tsióng
合格	ha̍p-keh
合法	ha̍p-huat
合理	ha̍p-lí
合用	ha̍h-īng
合算	ha̍p-sǹg
合約	ha̍p-iok
合股	ha̍p-kóo
合該	ha̍p-kai
合軀	ha̍h-su
合辦	ha̍p-pān
吉兆	kiat-tiāu
吉凶	kiat-hiong
吉日	kiat-ji̍t
吉普	jì-puh
吉祥	kiat-siông
吊傷	tiàu-siong
吊大筒	tiàu-tuā-tâng
吊槔	tiàu-oo
吊橋	tiàu-kiô
吊死	tiàu-sí
吊猴	tiàu-kâu
吊癀	tiàu-hông
吊籃	tiàu-nâ
吊脰	tiàu-tāu
吊膏	tiàu-ko
吊車	tiàu-tshia
吊車尾	tiàu-tshia-bué
吊頷	tiàu-ām
吊鬼仔	tiàu-kuí-á
吊鼎	tiàu-tiánn
同事	tông-sū
同姒仔	tâng-sāi-á
同學	tông-ha̍k
同居	tông-ki
同年	tâng-nî
同心	tông-sim
同志	tông-tsì
同情	tông-tsîng
同意	tông-ì
同感	tông-kám
同時	tông-sî
同窗	tông-tshong
同胞	tông-pau
同門	tâng-mn̂g
同齊	tâng-tsê
名冊	miâ-tsheh
名利	bîng-lī
名單	miâ-tuann
名字	miâ-jī
名望	bîng-bōng
名片	bîng-phìnn
名產	bîng-sán
名簿	miâ-phōo
名聲	miâ-siann
名額	miâ-gia̍h
吐吐	thóo-thóo
吐大氣	thóo-tuā-khuì
吐憐涎	thòo-liân-siân
吐氣	thóo-khuì
吐目	thóo-ba̍k
吐穗	thòo-suī
吐肉箭	thóo-bah-tsìnn
吐腸頭	thóo-tn̂g-thâu
吐舌	thóo-tsi̍h
吐血	thòo-hueh
向前	hiòng-tsiân
向向	hiànn-hiànn
向善	hiòng-siān
向時	hiàng-sî
向望	ǹg-bāng
向腰	ànn-io
君子	kun-tsú
君王	kun-ông
吞忍	thun-lún
吩咐	huan-hù
含冤	hâm-uan
含梢	hâm-sau
含血霧天	kâm-hueh-bū-thinn
吭跤翹	khōng-kha-khiàu
吵家抐宅	tshá-ke-lā-the̍h
吵家抐計	tshá-ke-lā-kè
吵抐	tshá-lā
吵鬧	tshá-nāu
吸石	khip-tsio̍h
吹狗螺	tshue-káu-lê
吹風	tshue-hong
吹風機	tshue-hong-ki
呂洞賓	Lī-Tōng-pin
告示	kò-sī
告訴	kò-sòo
呔會	thài-ē
周全	tsiu-tsuân
周到	tsiu-tò
周圍	tsiu-uî
周密	tsiu-bi̍t
周至	tsiu-tsì
味素	bī-sòo
味素粉	bī-sòo-hún
呵咾	o-ló
呸瀾	phuì-nuā
呸痰	phuì-thâm
呸血	phuì-hueh
呸面	phuì-bīn
呼噎仔	khoo-uh-á
呼噓仔	khoo-si-á
呼籲	hoo-io̍k
呼蛋	khoo-tuann
呼觱仔	khoo-pi-á
呼請	hoo-tshiánn
呼音	hoo-im
命令	bīng-līng
命案	miā-àn
命運	miā-ūn
命題	bīng-tê
呿呿嗽	khuh-khuh-sàu
咂咂叫	tsa̍p-tsa̍p-kiò
咇咇掣	phi̍h-phi̍h-tshuah
咇噗跳	phi̍h-pho̍k-thiàu
和尚	huê-siūnn
和平	hô-pîng
和氣	hô-khì
和睦	hô-bo̍k
和解	hô-kái
和順	hô-sūn
和齊	hô-tsê
咒罵	tsiù-mē
咒誓	tsiù-tsuā
咒讖	tsiù-tshàm
咖哩	ka-lí
咖哩嗹囉	ka-lí-liân-lô
咖啡	ka-pi
咖啡色	ka-pi-sik
咧欲	teh-beh
咬喙	kā-tshuì
咬喙齒根	kā-tshuì-khí-kin
咬舌	kā-tsi̍h
咯痰	kha̍k-thâm
咯血	kha̍k-hueh
咱人	lán-lâng
咳嗽	ka-sàu
咻咻叫	hiu-hiu-kiò
哀怨	ai-uàn
哀求	ai-kiû
哀爸叫母	ai-pē-kiò-bú
品並	phín-phīng
品明	phín-bîng
品行	phín-hīng
品質	phín-tsit
哈唏	hah-hì
哈啾	hah-tshiùnn
哎喲喂	ai-iō-uê
哥哥	ko-koh
哩哩囉囉	li-li-lo-lo
哪會	ná-ē
哪未	ná-buē
哪毋	ná-m̄
哪著	ná-tio̍h
哪通	ná-thang
哭呻	khàu-tshan
哭枵	khàu-iau
哭爸	khàu-pē
哭爸哭母	khàu-pē-khàu-bú
哭調仔	khàu-tiāu-á
哭賴	khàu-luā
哭路頭	khàu-lōo-thâu
哼哼叫	hainn-hainn-kiò
哽胿	kénn-kui
哽著	kénn-tio̍h
唌人	siânn-lâng
唐山	Tn̂g-suann
唔唔睏	onn-onn-khùn
唚喙	tsim-tshuì
唬人	hóo-lâng
唬秤頭	hóo-tshìn-thâu
唯一	uî-it
唱聲	tshiàng-siann
唸歌	liām-kua
唸謠	liām-iâu
啄鼻仔	tok-phīnn-á
啄龜	tok-ku
商品	siong-phín
商場	siong-tiûnn
商展	siong-tián
商店	siong-tiàm
商業	siong-gia̍p
商標	siong-phiau
商船	siong-tsûn
商行	siong-hâng
商量	siong-liông
啉水	lim-tsuí
啉湯	lim-thng
啉茶	lim-tê
啉酒	lim-tsiú
啉酒醉	lim-tsiú-tsuì
啖糝	tām-sám
啞口	é-káu
啟發	khé-huat
啟示	khé-sī
啥人	siánn-lâng
啥款	siánn-khuán
啥潲	siánn-siâu
啥物	siánn-mih
啥貨	siánn-huè
啼哭	thî-khàu
啼啼哭哭	thî-thî-khàu-khàu
喀痰	khe̍nnh-thâm
善男信女	siān-lâm-sìn-lí
善良	siān-liông
喇叭	lá-pah
喉滇	âu-tīnn
喉鐘	âu-tsing
喉韻	âu-ūn
喋詳	thi̍h-siông
喑噁	ìnn-ònn
喘大氣	tshuán-tuā-khuì
喘氣	tshuán-khuì
喙下斗	tshuì-ē-táu
喙口	tshuì-kháu
喙尾	tshuì-bué
喙斗	tshuì-táu
喙桮	tshuì-pue
喙殘	tshuì-tsuânn
喙水	tshuì-suí
喙瀾	tshuì-nuā
喙焦	tshuì-ta
喙白	tshuì-pe̍h
喙空	tshuì-khang
喙笑目笑	tshuì-tshiò-ba̍k-tshiò
喙箍	tshuì-khoo
喙罨	tshuì-am
喙脣	tshuì-tûn
喙脣皮	tshuì-tûn-phuê
喙臭	tshuì-tshàu
喙舌	tshuì-tsi̍h
喙花	tshuì-hue
喙角	tshuì-kak
喙鬚	tshuì-tshiu
喙齒	tshuì-khí
喙齒根	tshuì-khí-kin
喙齒縫	tshuì-khí-phāng
喜劇	hí-kio̍k
喜帖	hí-thiap
喜酒	hí-tsiú
喝咻	huah-hiu
喝拳	huah-kûn
喝玲瑯	huah-lin-long
喝起喝倒	huah-khí-huah-tó
喝魚仔	huah-hî-á
喨仔	liang-á
喪事	song-sū
喪失	sòng-sit
單位	tan-uī
單元	tan-guân
單獨	tan-to̍k
單純	tan-sûn
單跤手	tuann-kha-tshiú
單身	tuann-sin
單逝	tuann-tsuā
嗚呼	oo-hoo
嗤舞嗤呲	tshi-bú-tshi̍h-tshū
嗾著	tsa̍k-tio̍h
嘈嘈滴	tsha̍uh-tsha̍uh-tih
嘉獎	ka-tsióng
嘉鱲	ka-la̍h
嘐潲	hau-siâu
嘐潲話	hau-siâu-uē
嘓魚	kho̍k-hî
嘔心血	áu-sim-hiat
嘔紅	áu-hông
嘔血	áu-hueh
嘔酸水	áu-sng-tsuí
嘛嘛吼	mà-mà-háu
嘛是	mā-sī
嘛欲	mā-beh
嘹拍	liâu-phik
嘻嘻嘩嘩	hi-hi-huā-huā
噓尿	si-jiō
噗仔聲	pho̍k-á-siann
噗薰	pok-hun
噤喙	khiūnn-tshuì
器具	khì-kū
器官	khì-kuan
器重	khì-tiōng
噪人耳	tshò-lâng-hīnn
噪耳	tshò-hīnn
噭噭叫	kiàu-kiàu-kiò
噯仔	ài-á
噴射機	phùn-siā-ki
噴水池	phùn-tsuí-tî
噴漆	phùn-tshat
噴點	phùn-tiám
噷噷	hm̍h-hm̍h
嚇嚇叫	heh-heh-kiò
嚇驚	heh-kiann
嚓嚓趒	tshia̍k-tshia̍k-tiô
嚨喉	nâ-âu
嚨喉空	nâ-âu-khang
嚨喉蒂仔	nâ-âu-tì-á
嚴格	giâm-keh
嚴肅	giâm-siok
嚴重	giâm-tiōng
囂俳	hiau-pai
囉嗦	lo-so
四句聯	sì-kù-liân
四季	sù-kuì
四常	sù-siông
四序	sù-sī
四散	sì-suànn
四方	sì-hng
四正	sì-tsiànn
四海	sù-hái
四淋垂	sì-lâm-suî
四爿	sì-pîng
四片仔	sì-phìnn-á
四物仔	sù-bu̍t-á
四界	sì-kè
四界趖	sì-kè-sô
四破	sì-phuà
四神湯	sù-sîn-thng
四秀仔	sì-siù-á
四箍圍仔	sì-khoo-uî-á
四箍輾轉	sì-khoo-liàn-tńg
四肢	sù-ki
四色牌	sù-sik-pâi
四跤仔	sì-kha-á
四跤仔泅	sì-kha-á-siû
四跤杜定	sì-kha-tōo-tīng
四通八達	sù-thong-pat-ta̍t
四邊	sì-pinn
四配	sù-phuè
四面	sì-bīn
囝兒	kiánn-jî
囝婿	kiánn-sài
囝孫	kiánn-sun
回心轉意	huê-sim-tsuán-ì
回批	huê-phue
回答	huê-tap
回覆	huê-hok
回頭	huê-thâu
回魂	huê-hûn
因果	in-kó
因為	in-uī
因端	in-tuann
囡仔	gín-á
囡仔人	gín-á-lâng
囡仔兄	gín-á-hiann
囡仔囝	gín-á-kiánn
囡仔嬰	gín-á-enn
囡仔工	gín-á-kang
囡仔性	gín-á-sìng
囡仔栽	gín-á-tsai
囡仔款	gín-á-khuán
囡仔歌	gín-á-kua
囡仔疕	gín-á-phí
囡仔頭王	gín-á-thâu-ông
囤貨	tún-huè
囥步	khǹg-pōo
囥歲	khǹg-huè
囥話	khǹg-uē
困苦	khùn-khóo
困難	khùn-lân
固執	kòo-tsip
固定	kòo-tīng
圈仔	khian-á
圈套	khuan-thò
國中	kok-tiong
國內	kok-lāi
國寶	kok-pó
國校	kok-hāu
國歌	kok-kua
國法	kok-huat
國立	kok-li̍p
國籍	kok-tsi̍k
國語	kok-gí
國防	kok-hông
國際	kok-tsè
圍巾	uî-kin
圍棋	uî-kî
圍爐	uî-lôo
圍牆	uî-tshiûnn
圍軀裙	uî-su-kûn
圓仔	înn-á
圓仔湯	înn-á-thng
圓仔粞	înn-á-tshè
圓仔花	înn-á-hue
圓圓	înn-înn
圓栱門	uân-kong-mn̂g
圓滿	uân-buán
圓環	înn-khuân
圓箍仔	înn-khoo-á
圖書	tôo-su
圖書館	tôo-su-kuán
團圓	thuân-înn
團結	thuân-kiat
土人	thóo-lâng
土公仔	thóo-kong-á
土公仔性	thóo-kong-á-sìng
土包仔	thóo-pau-á
土匪	thóo-huí
土地	thóo-tē
土地公	Thóo-tī-kong
土師	thóo-sai
土性	thóo-sìng
土想	thóo-siūnn
土木	thóo-bo̍k
土檨仔	thóo-suāinn-á
土直	thóo-ti̍t
土菝仔	thóo-pua̍t-á
土話	thóo-uē
土雞仔	thóo-ke-á
在世	tsāi-sè
在人	tsāi-lâng
在來米	tsāi-lâi-bí
在地	tsāi-tē
在地人	tsāi-tē-lâng
在室女	tsāi-sik-lí
在室的	tsāi-sik-ê
在座	tsāi-tsō
在欉的	tsāi-tsâng-ê
在欉黃	tsāi-tsâng-n̂g
在生	tsāi-senn
在職	tsāi-tsit
在膽	tsāi-tánn
在野	tsāi-iá
在額	tsāi-gia̍h
地下	tē-hā
地下道	tē-hā-tō
地主	tē-tsú
地位	tē-uī
地價	tē-kè
地動	tē-tāng
地址	tē-tsí
地基	tē-ki
地基主	Tē-ki-tsú
地形	tē-hîng
地支	tē-tsi
地方	tē-hng
地步	tē-pōo
地毯	tē-thán
地牛翻身	tē-gû-huan-sin
地獄	tē-ga̍k
地理	tē-lí
地理師	tē-lí-su
地界	tē-kài
地皮	tē-phuê
地盤	tē-puânn
地租	tē-tsoo
地號名	tē-hō-miâ
地陷	tē-hām
地頭	tē-thâu
地點	tē-tiám
圳溝	tsùn-kau
坉塗	thūn-thôo
坉平	thūn-pênn
坉錢	thūn-tsînn
坎仔	khám-á
坎坎坷坷	khám-khám-khia̍t-khia̍t
坎站	khám-tsām
坐位	tsē-uī
坐向	tsē-hiòng
坐底	tshē-té
坐數	tshē-siàu
坐桌	tsē-toh
坐毋著	tshē-m̄-tio̍h
坐清	tsē-tshing
坐監	tsē-kann
坐禪	tsē-siân
坑崁	khenn-khàm
坑溝	khenn-kau
坦倒	thán-tó
坦徛	thán-khiā
坦敧	thán-khi
坦敧身	thán-khi-sin
坦橫	thán-huâinn
坦白	thán-pi̍k
坦直	thán-ti̍t
坦笑	thán-tshiò
坦覆	thán-phak
坩仔	khann-á
坱埃	ing-ia
垂肩	suê-king
垃儳	lâ-sâm
垃圾	lah-sap
垃圾話	lah-sap-uē
垃圾鬼	lah-sap-kuí
城市	siânn-tshī
城隍	Sîng-hông
城隍廟	Sîng-hông-biō
埔姜	poo-kiunn
埕斗	tiânn-táu
埠頭	poo-thâu
執法	tsip-huat
執照	tsip-tsiàu
執行	tsip-hîng
培墓	puē-bōng
培養	puê-ióng
基地	ki-tē
基本	ki-pún
基督	Ki-tok
基督教	Ki-tok-kàu
基礎	ki-tshóo
基金	ki-kim
堂堂	tông-tông
堂的	tông-ê
堅乾	kian-kuann
堅凍	kian-tàng
堅固	kian-kòo
堅定	kian-tīng
堅巴	kian-pa
堅心	kian-sim
堅持	kian-tshî
堅疕	kian-phí
堆肥	tui-puî
報仇	pò-siû
報冤	pò-uan
報到	pò-tò
報告	pò-kò
報復	pò-ho̍k
報恩	pò-un
報戶口	pò-hōo-kháu
報數	pò-siàu
報答	pò-tap
報紙	pò-tsuá
報銷	pò-siau
報頭	pò-thâu
報馬仔	pò-bé-á
報鳥鼠仔冤	pò-niáu-tshí-á-uan
場合	tiûnn-ha̍p
場所	tiûnn-sóo
場面	tiûnn-bīn
塌底	lap-té
塌本	thap-pún
塌空	thap-khang
塌落	lap-lo̍h
塌跤	thap-kha
塌錢	thap-tsînn
塑膠	sok-ka
塑膠桶	sok-ka-tháng
塑膠袋仔	sok-ka-tē-á
塗墼	thôo-kat
塗墼厝	thôo-kat-tshù
塗尪仔	thôo-ang-á
塗州	thôo-tsiu
塗捀	thôo-phâng
塗水	thôo-tsuí
塗水師	thôo-tsuí-sai
塗沙	thôo-sua
塗沙粉	thôo-sua-hún
塗炭	thôo-thuànn
塗石流	thôo-tsio̍h-lâu
塗礱	thôo-lâng
塗粉	thôo-hún
塗糜	thôo-muê
塗肉	thôo-bah
塗色	thôo-sik
塗虱	thôo-sat
塗豆	thôo-tāu
塗豆仁	thôo-tāu-jîn
塗豆油	thôo-tāu-iû
塗豆糖	thôo-tāu-thn̂g
塗豆麩	thôo-tāu-hu
塗質	thôo-tsit
塗跤	thôo-kha
塗魠	thôo-thoh
塗龍	thôo-liông
塚仔埔	thióng-á-poo
塚山	thióng-suann
塞鼻	sat-phīnn
填本	thiām-pún
填海	thiām-hái
塭仔	ùn-á
境界	kíng-kài
墓仔埔	bōng-á-poo
墓地	bōng-tē
墓埕	bōng-tiânn
墓壙	bōng-khòng
墓牌	bōng-pâi
墓紙	bōng-tsuá
墓龜	bōng-ku
墜仔	tuī-á
墜繩	tuī-tsîn
墜腸	tuī-tiông
墜落	tuī-lo̍h
墜跤氣	tuī-kha-khì
增加	tsing-ka
墨斗	ba̍k-táu
墨水	ba̍k-tsuí
墨汁	ba̍k-tsiap
墨盤	ba̍k-puânn
墨賊仔	ba̍k-tsa̍t-á
壁堵	piah-tóo
壁櫥	piah-tû
壁空	piah-khang
壅田	ìng-tshân
壅肥	ìng-puî
壓力	ap-li̍k
壓味	ah-bī
壓迫	ap-pik
壓霸	ah-pà
壽命	siū-miā
壽板	siū-pán
壽衣	siū-i
壽金	siū-kim
壽龜	siū-ku
夏令營	hā-līng-iânn
外交	guā-kau
外人	guā-lâng
外位	guā-uī
外公	guā-kong
外口	guā-kháu
外國	guā-kok
外埠頭	guā-poo-thâu
外場	guā-tiûnn
外外	guā-guā
外套	guā-thò
外媽	guā-má
外孫	guā-sun
外家	guā-ke
外才	guā-tsâi
外甥	guē-sing
外痔	guā-tī
外科	guā-kho
外行	guā-hâng
外衫	guā-sann
外觀	guā-kuan
外路仔	guā-lōo-á
外面	guā-bīn
外頭	guā-thâu
多事	to-sū
多情	to-tsîng
多謝	to-siā
夜勤	iā-khîn
夜婆	iā-pô
夜市	iā-tshī
夜景	iā-kíng
夜間部	iā-kan-pōo
夠分	kàu-hun
夠夠	kàu-kàu
夠工	kàu-kang
夠月	kàu-gue̍h
夠本	kàu-pún
夠氣	kàu-khuì
夠水	kàu-tsuí
夠用	kàu-īng
夠額	kàu-gia̍h
夥計	hué-kì
大丈夫	tāi-tiōng-hu
大下	tuā-ē
大不了	tāi-put-liáu
大主大意	tuā-tsú-tuā-ì
大人	tāi-jîn
大人大種	tuā-lâng-tuā-tsíng
大代誌	tuā-tāi-tsì
大伯	tuā-peh
大伯仔	tuā-peh-á
大位	tuā-uī
大使	tāi-sài
大便	tāi-piān
大兄	tuā-hiann
大出	tuā-tshut
大出手	tuā-tshut-tshiú
大前年	tuā-tsûn-nî
大力	tuā-la̍t
大厝	tuā-tshù
大同仔	tāi-tông-á
大名	tuā-miâ
大哥	tuā-ko
大嚨喉空	tuā-nâ-âu-khang
大四界	tuā-sì-kè
大囝	tuā-kiánn
大壽	tuā-siū
大妗	tuā-kīm
大姆	tuā-ḿ
大姊	tuā-tsí
大姑	tuā-koo
大姨	tuā-î
大娘姑	tuā-niû-koo
大孫	tuā-sun
大學	tāi-ha̍k
大官	ta-kuann
大官虎	tuā-kuann-hóo
大家	ta-ke
大家口	tuā-ke-kháu
大家官	ta-ke-kuann
大富	tuā-pù
大富大貴	tuā-hù-tuā-kuì
大寒	tuā-kuânn
大廣絃	tuā-kóng-hiân
大廳	tuā-thiann
大張的	tuā-tiunn-ê
大後年	tuā-āu-nî
大後日	tuā-āu-ji̍t
大心氣	tuā-sim-khuì
大戲	tuā-hì
大房	tuā-pâng
大拖	tuā-thua
大摒掃	tuā-piànn-sàu
大方	tāi-hong
大日	tuā-ji̍t
大昨日	tuā-tso̍h-ji̍t
大月	tuā-gue̍h
大本	tuā-pún
大某	tuā-bóo
大欉	tuā-tsâng
大氣	tāi-khì
大氣喘	tuā-khuì-tshuán
大水	tuā-tsuí
大水柴	tuā-tsuí-tshâ
大注	tuā-tù
大港	tuā-káng
大湧	tuā-íng
大漢	tuā-hàn
大漢囝	tuā-hàn-kiánn
大灶	tuā-tsàu
大熱	tuā-jua̍h
大爿	tuā-pîng
大甲蓆	Tāi-kah-tshio̍h
大百	tuā-pah
大的	tuā-ê
大目	tuā-ba̍k
大目孔	tuā-ba̍k-khóng
大端	tāi-tuan
大筒	tuā-tâng
大箍	tuā-khoo
大箍呆	tuā-khoo-tai
大範	tuā-pān
大細	tuā-sè
大細心	tuā-sè-sim
大細目	tuā-sè-ba̍k
大細腎	tuā-sè-siān
大翻頭	tuā-huan-thâu
大耳	tuā-hīnn
大聲	tuā-siann
大聲話	tuā-siann-uē
大肚胿	tuā-tōo-kui
大肥	tuā-puî
大腸	tuā-tn̂g
大腹肚	tuā-pak-tóo
大腿	tuā-thuí
大腿骨	tuā-thuí-kut
大膽	tuā-tánn
大舅	tuā-kū
大舌	tuā-tsi̍h
大話	tuā-uē
大賣	tuā-bē
大趁錢	tuā-thàn-tsînn
大跤胴	tuā-kha-tâng
大路	tuā-lōo
大身大命	tuā-sin-tuā-miā
大道公	Tāi-tō-kong
大量	tāi-liōng
大銀	tuā-gîn
大陣	tuā-tīn
大面神	tuā-bīn-sîn
大頭拇	tuā-thâu-bú
大頭菜	tuā-thâu-tshài
大頷胿	tuā-ām-kui
大餅	tuā-piánn
大麵	tuā-mī
大鼓	tuā-kóo
大龐	tuā-phiāng
天下	thian-hā
天九牌	thian-kiú-pâi
天井	thinn-tsénn
天光	thinn-kng
天公	Thinn-kong
天公仔囝	thinn-kong-á-kiánn
天公伯仔	Thinn-kong-peh-á
天公地道	thinn-kong-tē-tō
天公生	Thinn-kong-senn
天公祖	Thinn-kong-tsóo
天公金	Thinn-kong-kim
天反地亂	thinn-huán-tē-luān
天地	thinn-tē
天堂	thian-tông
天平	thian-pîng
天庭	thian-tîng
天意	thinn-ì
天才	thian-tsâi
天文	thian-bûn
天時	thian-sî
天橋	thian-kiô
天氣	thinn-khì
天然	thian-jiân
天狗熱	thian-káu-jia̍t
天狗食日	thian-káu-tsia̍h-ji̍t
天理	thian-lí
天秤	thian-pîng
天窗	thinn-thang
天篷	thian-pông
天良	thian-liông
天色	thinn-sik
天頂	thinn-tíng
太保	thài-pó
太太	thài-thài
太妹	thài-muē
太平	thài-pîng
太極拳	thài-ki̍k-kûn
太白星	Thài-pi̍k-tshenn
太白粉	thài-pe̍h-hún
太白酒	thài-pe̍h-tsiú
太監	thài-kàm
太空	thài-khong
夫人	hu-jîn
夫君	hu-kun
夫妻	hu-tshe
夫婦	hu-hū
夭壽	iáu-siū
夭壽仔	iáu-siū-á
夭壽短命	iáu-siū-té-miā
夭折	iáu-tsiat
央三託四	iang-sann-thok-sì
央倩	iang-tshiànn
央教	iang-kah
夯枷	giâ-kê
失事	sit-sū
失人禮	sit-lâng-lé
失信	sit-sìn
失味	sit-bī
失常	sit-siông
失德	sit-tik
失志	sit-tsì
失戀	sit-luân
失手	sit-tshiú
失收	sit-siu
失敗	sit-pāi
失敬	sit-kìng
失明	sit-bîng
失望	sit-bōng
失業	sit-gia̍p
失眠	sit-bîn
失神	sit-sîn
失禮	sit-lé
失算	sit-sǹg
失約	sit-iok
失聲	sit-siann
失覺察	sit-kak-tshat
失言	sit-giân
失誤	sit-gōo
失蹤	sit-tsong
失重	sit-tāng
失陪	sit-puê
失電	sit-tiān
失體面	sit-thé-bīn
夾仔	ngeh-á
奇妙	kî-miāu
奇巧	kî-khá
奇怪	kî-kuài
奇數	khia-sòo
奇蹟	kî-tsik
奉待	hōng-thāi
奉茶	hōng-tê
奉送	hōng-sàng
奏樂	tsàu-ga̍k
契兄	khè-hiann
契囝	khè-kiánn
契母	khè-bú
契爸	khè-pē
套話	thò-uē
套頭話	thò-thâu-uē
奢華	tshia-hua
奢颺	tshia-iānn
奮鬥	hùn-tàu
女兒	lú-jî
奴才	lôo-tsâi
奶喙仔	ling-tshuì-á
奶帕仔	ling-phè-á
奶母	ling-bú
奶母車	ling-bú-tshia
奶癌	ling-gâm
奶頭	ling-thâu
奸巧	kan-khiáu
奸細	kan-sè
奸臣	kan-sîn
奸詭	kan-kuí
奸險	kan-hiám
奸雄	kan-hiông
好代	hó-tāi
好份	hó-hūn
好佳哉	hó-ka-tsài
好價	hó-kè
好兄弟	hó-hiann-tī
好勢	hó-sè
好命	hó-miā
好唯是	hó-bî-sī
好喙	hó-tshuì
好喙斗	hó-tshuì-táu
好囝	hó-kiánn
好天	hó-thinn
好奇	hònn-kî
好好人	hó-hó-lâng
好好仔	hó-hó-á
好客	hònn-kheh
好年冬	hó-nî-tang
好彩頭	hó-tshái-thâu
好得	hó-tit
好心	hó-sim
好性地	hó-sìng-tē
好意	hó-ì
好日	hó-ji̍t
好款	hó-khuán
好歹	hó-pháinn
好死	hó-sí
好死毋死	hó-sí-m̄-sí
好漢	hó-hàn
好玄	hònn-hiân
好看	hó-khuànn
好看頭	hó-khuànn-thâu
好禮	hó-lé
好空	hó-khang
好笑神	hó-tshiò-sîn
好育飼	hó-io-tshī
好膽	hó-tánn
好色	hònn-sik
好話	hó-uē
好運	hó-ūn
好酒	hó-tsiú
好量	hó-liōng
好額	hó-gia̍h
好額人	hó-gia̍h-lâng
好食睏	hó-tsia̍h-khùn
好鼻獅	hó-phīnn-sai
如來佛祖	Jû-lâi-pu̍t-tsóo
如夫人	jû-hu-jîn
如此	jû-tshú
如此如此	jû-tshú-jû-tshú
妓女	ki-lí
妖嬌	iau-kiau
妖孽	iau-gia̍t
妖怪	iau-kuài
妖精	iau-tsiann
妖術	iau-su̍t
妖道	iau-tō
妗仔	kīm-á
妗婆	kīm-pô
妝娗	tsng-thānn
妥當	thò-tòng
妨害	hông-hāi
妨礙	hông-gāi
妹婿	muē-sài
妻舅	tshe-kū
姆仔	ḿ-á
姆婆	ḿ-pô
姊仔	tsí-á
姊夫	tsí-hu
姊妹	tsí-muē
姊妹仔伴	tsí-muē-á-phuānn
姐母	Tsiá-bó
姑丈	koo-tiūnn
姑不而將	koo-put-jî-tsiong
姑姨	koo-î
姑娘	koo-niû
姑婆	koo-pô
姑情	koo-tsiânn
姑換嫂	koo-uānn-só
姑爺	koo-iâ
姑表	koo-piáu
委任	uí-jīm
委員	uí-uân
委託	uí-thok
姦情	kan-tsîng
姦撟	kàn-kiāu
姨丈	î-tiūnn
姨仔	î-á
姨婆	î-pô
姨表	î-piáu
姪仔	ti̍t-á
姻緣	in-iân
姼仔	tshit-á
姼仔詼	tshit-á-khue
姿勢	tsu-sè
姿色	tsu-sik
威嚴	ui-giâm
威脅	ui-hia̍p
威風	ui-hong
娘仔	niû-á
娘仔樹	niû-á-tshiū
娘仔絲	niû-á-si
娘仔繭	niû-á-kián
娘仔葉	niû-á-hio̍h
娘囝	niû-kiánn
娘娘	niû-niû
娘嬭	niû-lé
娶新娘	tshuā-sin-niû
娶新婦	tshuā-sin-pū
娶某	tshuā-bóo
婆仔	pô-á
婆姐	Pô-tsiá
婊囝	piáu-kiánn
婊間	piáu-king
婊頭	piáu-thâu
婚禮	hun-lé
婚約	hun-iok
婦人人	hū-jîn-lâng
婦女	hū-lí
媌仔	bâ-á
媒人	muê-lâng
媒人公	muê-lâng-kong
媒人喙	muê-lâng-tshuì
媒人婆	muê-lâng-pô
媒人禮	muê-lâng-lé
媠噹噹	suí-tang-tang
媠氣	suí-khuì
媠色	suí-sik
媠面	suí-bīn
媽媽	má-mah
媽祖	Má-tsóo
媽祖婆	Má-tsóo-pô
嫁娶	kè-tshuā
嫁查某囝	kè-tsa-bóo-kiánn
嫁粧	kè-tsng
嫁翁	kè-ang
嫌疑	hiâm-gî
嫖客	phiâu-kheh
嫦娥	Siông-ngôo
嬈花	hiâu-hue
嬰仔	enn-á
嬰母仔	ìnn-bó-á
嬸婆	tsím-pô
子宮	tsú-kiong
子弟	tsú-tē
子弟戲	tsú-tē-hì
子時	tsú-sî
孔子公	Khóng-tsú-kong
孔明車	khóng-bîng-tshia
孔雀	khóng-tshiok
字典	jī-tián
字劃	jī-ue̍h
字勻	jī-ûn
字姓	jī-sènn
字據	jī-kì
字母	jī-bú
字爿	jī-pîng
字眼	jī-gán
字紙	jī-tsuá
字紙籠	jī-tsuá-láng
字號	jī-hō
字運	jī-ūn
存在	tsûn-tsāi
存後步	tshûn-āu-pōo
存心	tsûn-sim
存款	tsûn-khuán
存死	tshûn-sí
存範	tshûn-pān
存貨	tsûn-huè
孝呆	hàu-tai
孝女	hàu-lí
孝子	hàu-tsú
孝孤	hàu-koo
孝尾囝	hà-bué-kiánn
孝心	hàu-sim
孝敬	hàu-kìng
孝杖	hà-thn̄g
孝男	hàu-lâm
孝男面	hàu-lâm-bīn
孝衫	hà-sann
季節	kuì-tseh
孤佬	koo-láu
孤兒	koo-jî
孤單	koo-tuann
孤囝	koo-kiánn
孤查某囝	koo-tsa-bóo-kiánn
孤毛絕種	koo-môo-tse̍h-tsíng
孤獨	koo-ta̍k
孤跤手	koo-kha-tshiú
孤鳥	koo-tsiáu
孫仔	sun-á
孫婿	sun-sài
孵卵	pū-nn̄g
孵岫	pū-siū
孵膿	pū-lâng
學人	o̍h-lâng
學仔	o̍h-á
學仔仙	o̍h-á-sian
學位	ha̍k-uī
學力	ha̍k-li̍k
學問	ha̍k-būn
學堂	o̍h-tn̂g
學士	ha̍k-sū
學寮	ha̍k-liâu
學工夫	o̍h-kang-hu
學期	ha̍k-kî
學校	ha̍k-hāu
學業	ha̍k-gia̍p
學理	ha̍k-lí
學生	ha̍k-sing
學習	ha̍k-si̍p
學術	ha̍k-su̍t
學話	o̍h-uē
學費	ha̍k-huì
孽子	gia̍t-tsú
孽潲	gia̍t-siâu
孽譎仔話	gia̍t-khiat-á-uē
守寡	tsiú-kuá
守暝	tsiú-mê
守空房	tsiú-khang-pâng
守節	siú-tsiat
安份	an-hūn
安土	an-thóo
安太歲	an-Thài-suè
安宅	an-the̍h
安家	an-ka
安寧	an-lîng
安床	an-tshn̂g
安心	an-sim
安慰	an-uì
安排	an-pâi
安插	an-tshah
安搭	an-tah
安眠	an-bîn
安穩	an-ún
安胎	an-thai
安葬	an-tsòng
安身	an-sin
安靈	an-lîng
安靜	an-tsīng
安養	an-ióng
宋江陣	Sòng-kang-tīn
宋盼的	sòng-phàn-ê
宋米仔	sòng-bí-á
完全	uân-tsuân
完婚	uân-hun
完工	uân-kang
完成	uân-sîng
完結	uân-kiat
完結篇	uân-kiat-phinn
宗教	tsong-kàu
宗旨	tsong-tsí
宗祠	tsong-sû
宗親	tsong-tshin
官僚	kuann-liâu
官司	kuann-si
官員	kuann-uân
官場	kuann-tiûnn
官廳	kuann-thiann
官職	kuann-tsit
官話	kuann-uē
定做	tiānn-tsò
定價	tīng-kè
定去	tiānn-khì
定定	tiānn-tiānn
定性	tīng-sìng
定期	tīng-kî
定案	tīng-àn
定罪	tīng-tsuē
定著	tiānn-tio̍h
定親	tīng-tshin
定貨	tiānn-huè
定金	tiānn-kim
定銀	tiānn-gîn
宛然	uán-jiân
客人	Kheh-lâng
客廳	kheh-thiann
客戶	kheh-hōo
客棧	kheh-tsàn
客氣	kheh-khì
客滿	kheh-buán
客話	Kheh-uē
客運	kheh-ūn
客鳥	kheh-tsiáu
宣佈	suan-pòo
宣傳	suan-thuân
宣戰	suan-tsiàn
宣言	suan-giân
宮女	kiong-lí
宮廟	king-biō
害了了	hāi-liáu-liáu
害去	hāi-khì
害蟲	hāi-thâng
宴會	iàn-huē
宵夜	siau-iā
家事	ka-sū
家伙	ke-hué
家婆	ke-pô
家己	ka-kī
家己人	ka-kī-lâng
家後	ke-āu
家教	ka-kàu
家甲	ke-kah
家私	ke-si
家譜	ka-phóo
家長	ka-tiúnn
家門	ka-mn̂g
容允	iông-ín
容貌	iông-māu
宿怨	siok-uàn
宿題	siok-tê
寂寞	tsi̍k-bo̍k
寄付	kià-hù
寄批	kià-phue
寄生仔	kià-senn-á
寄生蟲	kià-senn-thâng
寄罪	kià-tsuē
寄藥包	kià-io̍h-pau
寄託	kià-thok
寄話	kià-uē
寄跤	kià-kha
寄金簿仔	kià-kim-phōo-á
密告	bi̍t-kò
密喌喌	ba̍t-tsiuh-tsiuh
密婆	bi̍t-pô
密密	ba̍t-ba̍t
密密是	ba̍t-ba̍t-sī
密實	ba̍t-tsa̍t
富強	hù-kiông
富戶	hù-hōo
富裕	hù-jū
富貴	hù-kuì
寒人	kuânn-lâng
寒天	kuânn-thinn
寒流	hân-liû
寒熱	kuânn-jua̍h
寒熱仔	kuânn-jia̍t-á
寒著	kuânn-tio̍h
寒衫	kuânn-sann
寒酸	hân-suan
寡婦	kuá-hū
寢室	tshím-sik
寢頭	tshím-thâu
實價	si̍t-kè
實力	si̍t-li̍k
實在	si̍t-tsāi
實地	si̍t-tē
實情	si̍t-tsîng
實施	si̍t-si
實櫼	tsa̍t-tsinn
實現	si̍t-hiān
實習	si̍t-si̍p
實腹	tsa̍t-pak
實行	si̍t-hîng
實話	si̍t-uē
實踐	si̍t-tsiān
實際	si̍t-tsè
實頭	tsa̍t-thâu
實驗	si̍t-giām
實鼻	tsa̍t-phīnn
寧可	lîng-khó
審判	sím-phuànn
審問	sím-mn̄g
審查	sím-tsa
寫字	siá-jī
寬寬仔	khuann-khuann-á
寬寬仔是	khuann-khuann-á-sī
寬限	khuan-hān
寮仔	liâu-á
寵倖	thíng-sīng
寶劍	pó-kiàm
寶惜	pó-sioh
寶貝	pó-puè
寶貴	pó-kuì
寸尺	tshùn-tshioh
寸棗	tshùn-tsó
封喙	hong-tshuì
封條	hong-tiâu
封肉	hong-bah
封釘	hong-ting
封頭壁	hong-thâu-piah
射箭	siā-tsìnn
將來	tsiong-lâi
將才	tsiòng-tsâi
將軍	tsiong-kun
將近	tsiong-kīn
專工	tsuan-kang
專心	tsuan-sim
專權	tsuan-khuân
專門	tsuan-bûn
尊嚴	tsun-giâm
尊存	tsun-tshûn
尊敬	tsun-kìng
尊稱	tsun-tshing
尊貴	tsun-kuì
尊重	tsun-tiōng
尊長	tsun-tióng
對不住	tuì-put-tsū
對分	tuì-pun
對半	tuì-puànn
對反	tuì-huán
對同	tuì-tâng
對喙	tuì-tshuì
對年	tuì-nî
對待	tuì-thāi
對手	tuì-tshiú
對抗	tuì-khòng
對拄	tuì-tú
對拗	tuì-áu
對指	tuì-tsí
對換	tuì-uānn
對數	tuì-siàu
對時	tuì-sî
對沖	tuì-tshiong
對照	tuì-tsiàu
對相	tuì-siòng
對看	tuì-khuànn
對立	tuì-li̍p
對答	tuì-tap
對策	tuì-tshik
對襟仔	tuì-khim-á
對襟仔衫	tuì-khim-á-sann
對調	tuì-tiàu
對象	tuì-siōng
對重	tuì-tiōng
對面	tuì-bīn
對頭	tuì-thâu
對頭親	tuì-thâu-tshin
對頭誤	tuì-thâu-gōo
對頭風	tuì-thâu-hong
小丑仔	siáu-thiú-á
小事	sió-sū
小人	siáu-jîn
小使	siáu-sú
小兒科	sió-jî-kho
小兒麻痺	sió-jî-bâ-pì
小叔	sió-tsik
小口	sió-kháu
小可仔	sió-khuá-á
小名	sió-miâ
小囝	sió-kiánn
小妹	sió-muē
小姐	sió-tsiá
小姑	sió-koo
小嬸	sió-tsím
小學	sió-ha̍k
小工	sió-kang
小弟	sió-tī
小心	sió-sim
小數	sió-sòo
小旦	sió-tuànn
小月	sió-gue̍h
小木	sió-ba̍k
小玉仔	sió-gio̍k-á
小生	sió-sing
小白菜	sió-pe̍h-tshài
小票	sió-phiò
小等	sió-tán
小管仔	sió-kńg-á
小肚	sió-tōo
小腸	sió-tn̂g
小說	sió-suat
小賣	sió-bē
小路	sió-lōo
小銀	sió-gîn
小食	sió-tsia̍h
小鬼仔殼	siáu-kuí-á-khak
少女	siàu-lí
少年	siàu-liân
少年人	siàu-liân-lâng
少年家	siàu-liân-ke
少數	tsió-sòo
少歲	tsió-huè
少爺	siàu-iâ
少缺	tsió-khueh
尖喙夾仔	tsiam-tshuì-ngeh-á
尖喙掘仔	tsiam-tshuì-ku̍t-á
尖跤幼手	tsiam-kha-iù-tshiú
尖鑽	tsiam-tsǹg
尪仔	ang-á
尪仔冊	ang-á-tsheh
尪仔標	ang-á-phiau
尪仔物	ang-á-mi̍h
尪仔面	ang-á-bīn
尪仔頭	ang-á-thâu
尪姨	ang-î
尪架桌	ang-kè-toh
就按呢	tsiū-án-ne
就是	tō-sī
就近	tsiū-kīn
尻川	kha-tshng
尻川口	kha-tshng-kháu
尻川後	kha-tshng-āu
尻川斗	kha-tshng-táu
尻川溝	kha-tshng-kau
尻川骨	kha-tshng-kut
尻脊	kha-tsiah
尻脊後	kha-tsiah-āu
尻脊骿	kha-tsiah-phiann
尼姑	nî-koo
尼姑庵	nî-koo-am
尾二指	bué-jī-tsáinn
尾仔	bué-á
尾仔囝	bué-á-kiánn
尾來	bué-lâi
尾幫車	bué-pang-tshia
尾後	bué-āu
尾手	bué-tshiú
尾指	bué-tsáinn
尾溜	bué-liu
尾牙	bué-gê
尾聲	bué-siann
尾胴骨	bué-tâng-kut
尾脽	bué-tsui
尾蝶	bué-ia̍h
尿壺	jiō-ôo
尿帕仔	jiō-phè-á
尿斗	jiō-táu
尿桶	jiō-tháng
尿桸	jiō-hia
尿滓	jiō-tái
尿苴仔	jiō-tsū-á
尿道	jiō-tō
局勢	kio̍k-sè
局面	kio̍k-bīn
屁窒仔	phuì-that-á
屎尾	sái-bué
屎尿	sái-jiō
屎桮齒	sái-pue-khí
屎桶	sái-tháng
屎礐仔	sái-ha̍k-á
屎礐仔蟲	sái-ha̍k-á-thâng
屎面	sái-bīn
展威	tián-ui
展寶	tián-pó
展翼	thián-si̍t
展覽	tián-lám
展開	thián-khui
展風神	tián-hong-sîn
屘仔	ban-á
屘囝	ban-kiánn
屜仔	thuah-á
屧手縫	siap-tshiú-phāng
屧貼	siap-thiap
山伯英台	San-phik-Ing-tâi
山內	suann-lāi
山勢	suann-sè
山坪	suann-phiânn
山尾溜	suann-bué-liu
山崁	suann-khàm
山崎	suann-kiā
山崙	suann-lūn
山嶺	suann-niá
山後鳥	suann-āu-tsiáu
山東白仔	suann-tang-pe̍h-á
山洞	suann-tōng
山溝	suann-kau
山珍海味	san-tin-hái-bī
山球	suann-kiû
山盟海誓	san-bîng-hái-sè
山空	suann-khang
山線	suann-suànn
山腰	suann-io
山腹	suann-pak
山苳蒿	suann-tang-o
山谷	suann-kok
山豬	suann-ti
山貉	suann-hô
山貓	suann-niau
山賊	suann-tsha̍t
山跤	suann-kha
山雺	suann-bông
山頂	suann-tíng
山頭	suann-thâu
峇微	bâ-bui
崁蓋	khàm-kuà
崁跤	khàm-kha
崁頂	khàm-tíng
崁頭崁面	khàm-thâu-khàm-bīn
崇拜	tsông-pài
崎仔	kiā-á
崙仔	lūn-á
崩山	pang-suann
川七	tshuan-tshit
川芎	tshuan-kiong
川貝	tshuan-puè
巡查	sûn-tsa
巡視	sûn-sī
工事	kang-sū
工人	kang-lâng
工仔	kang-á
工作	kang-tsok
工場	kang-tiûnn
工夫	kang-hu
工寮	kang-liâu
工廠	kang-tshiúnn
工會	kang-huē
工業	kang-gia̍p
工程	kang-tîng
工程師	kang-tîng-su
工藝	kang-gē
工課	khang-khuè
工頭	kang-thâu
左右	tsó-iū
巧神	khiáu-sîn
差不多	tsha-put-to
差教	tshe-kà
差錯	tsha-tshò
差額	tsha-gia̍h
巴結	pa-kiat
巴郎	pa-lang
巷仔	hāng-á
巷仔內的	hāng-á-lāi-ê
巷仔口	hāng-á-kháu
巾仔	kin-á
市價	tshī-kè
市內	tshī-lāi
市場	tshī-tiûnn
市容	tshī-iông
市民	tshī-bîn
市草	tshī-tsháu
市長	tshī-tiúnn
布市仔	pòo-tshī-á
布幼仔	pòo-iù-á
布攄仔	pòo-lu-á
布料	pòo-liāu
布景	pòo-kíng
布棚	pòo-pênn
布機	pòo-kui
布目	pòo-ba̍k
布篷	pòo-phâng
布袋	pòo-tē
布袋戲	pòo-tē-hì
布身	pòo-sin
布鞋	pòo-ê
布頭	pòo-thâu
布頭布尾	pòo-thâu-pòo-bué
帆布	phâng-pòo
帆船	phâng-tsûn
希望	hi-bāng
帕仔	phè-á
帖仔	thiap-á
師仔	sai-á
師仔工	sai-á-kang
師傅	sai-hū
師兄	su-hiann
師姑	su-koo
師母	su-bió
師父	su-hū
師範的	su-huān-ê
師資	su-tsu
帶孝	tuà-hà
帶念	tài-liām
帶手	tuà-tshiú
帶桃花	tài-thô-hue
帶病	tài-pēnn
帶膭	tuà-kuī
帶衰	tài-sue
帶身人	tài-sin-lâng
帶身命	tài-sin-miā
帶領	tuà-niá
常在	tshiâng-tsāi
常常	siông-siông
帽仔	bō-á
幌韆鞦	hàinn-tshian-tshiu
幌頭	hàinn-thâu
幌頭仔	hàinn-thâu-á
幡仔	huan-á
幢幡	tông-huan
幫助	pang-tsōo
幫忙	pang-bâng
幫贊	pang-tsān
干休	kan-hiu
干干仔	kan-kan-á
干樂	kan-lo̍k
干涉	kan-sia̍p
干焦	kan-na
干貝	kan-puè
平仄	piânn-tseh
平分	pênn-pun
平地	pênn-tē
平均	pîng-kin
平埔	pênn-poo
平埔番	Pênn-poo-huan
平安	pîng-an
平常	pîng-siông
平常時	pîng-siông-sî
平平	pênn-pênn
平洋	pênn-iûnn
平等	pîng-tíng
平階	pênn-kai
平靜	pîng-tsīng
平順	pîng-sūn
年久月深	nî-kú-gue̍h-tshim
年兜	nî-tau
年冬	nî-tang
年尾	nî-bué
年尾囡仔	nî-bué-gín-á
年底	nî-té
年度	nî-tōo
年歲	nî-huè
年節	nî-tseh
年紀	nî-kí
年關	nî-kuan
年限	nî-hān
年頭	nî-thâu
幸福	hīng-hok
幸運	hīng-ūn
幹事	kàn-sū
幼囝	iù-kiánn
幼秀	iù-siù
幼稚園	iù-tī-hn̂g
幼聲	iù-siann
幼貨	iù-huè
幼路	iù-lōo
幼骨	iù-kut
幼麵麵	iù-mī-mī
幼齒	iù-khí
幽幽仔疼	iu-iu-á-thiànn
幽雅	iu-ngá
幾工	kuí-kang
幾若	kuí-nā
幾若工	kuí-nā-kang
庄跤	tsng-kha
庄頭	tsng-thâu
庇佑	pì-iū
床巾	tshn̂g-kin
床母	Tshn̂g-bú
序大	sī-tuā
序大人	sī-tuā-lâng
序細	sī-sè
底代	tī-tāi
底時	tī-sî
底片	té-phìnn
底當時	tī-tang-sî
底系	té-hē
底細	té-sè
底蒂	té-tì
店主	tiàm-tsú
店仔	tiàm-á
店員	tiàm-uân
店號	tiàm-hō
店面	tiàm-bīn
店頭	tiàm-thâu
店頭家	tiàm-thâu-ke
府城	Hú-siânn
度小月	tōo-sió-gue̍h
度晬	tōo-tsè
度量	tōo-liōng
度針	tōo-tsiam
庫房	khòo-pâng
庫銀	khòo-gîn
庫錢	khòo-tsînn
康健	khong-kiān
廚子	tôo-tsí
廚房	tû-pâng
廟仔	biō-á
廟公	biō-kong
廟埕	biō-tiânn
廟寺	biō-sī
廢止	huì-tsí
廢物	huì-bu̍t
廢話	huì-uē
廣告	kóng-kò
廣播劇	kóng-pòo-kio̍k
廳堂	thiann-tn̂g
廳頭	thiann-thâu
延延	iân-tshiân
延遲	iân-tî
建材行	kiàn-tsâi-hâng
建立	kiàn-li̍p
建築	kiàn-tio̍k
建置	kiàn-tì
建設	kiàn-siat
建議	kiàn-gī
廿一	jia̍p-it
弄喙花	lāng-tshuì-hue
弄新娘	lāng-sin-niû
弄狗相咬	lōng-káu-sio-kā
弄獅	lāng-sai
弄鐃	lāng-lâu
弄風	lāng-hong
弄龍	lāng-lîng
弓仔	king-á
弓蕉	king-tsio
弓蕉油	king-tsio-iû
弓開	king-khui
引渡	ín-tōo
引誘	ín-iú
引起	ín-khí
引魂	ín-hûn
弟婦仔	tē-hū-á
弟子	tē-tsú
張持	tiunn-tî
張掇	tiunn-tuah
張等	tng-tán
張老	tiunn-lāu
張身勢	tiunn-sin-sè
張鳥鼠	tng-niáu-tshí
強制	kiông-tsè
強壯	kiông-tsòng
強強	kiōng-kiōng
強押	kiông-ah
強搶	kiông-tshiúnn
強摃	kiông-kòng
強欲	kiōng-beh
強盜	kiông-tō
強硬	kiông-ngē
強辯	kiông-piān
彈琴	tuânn-khîm
彌補	mí-póo
彎來斡去	uan-lâi-uat-khì
彎彎斡斡	uan-uan-uat-uat
彎曲	uan-khiau
形勢	hîng-sè
形容	hîng-iông
形式	hîng-sik
形影	hîng-iánn
形狀	hîng-tsōng
彩色	tshái-sik
彩頭	tshái-thâu
影印	iánn-ìn
影戲	iánn-hì
影片	iánn-phìnn
影目	iánn-ba̍k
影跡	iánn-tsiah
影響	íng-hióng
彼一日	hit-tsi̍t-ji̍t
彼个	hit-ê
彼搭	hit-tah
彼擺	hit-pái
彼時	hit-sî
彼款	hit-khuán
彼爿	hit-pîng
彼當陣	hit-tang-tsūn
彼站	hit-tsām
彼號	hit-lō
彼跡	hit-jiah
彼陣	hit-tsūn
彼頭	hit-thâu
往回的	óng-huê-ê
往年	óng-nî
往往	íng-íng
往復	óng-ho̍k
往擺	íng-pái
往日	óng-ji̍t
往時	íng-sî
往生	óng-sing
往診	óng-tsín
往過	íng-kuè
待遇	thāi-gū
律師	lu̍t-su
後世人	āu-sì-lâng
後代	āu-tāi
後來	āu-lâi
後個月	āu-kò-gue̍h
後出世	āu-tshut-sì
後叔	āu-tsik
後嗣	hiō-sū
後坐	āu-tsē
後場	āu-tiûnn
後壁	āu-piah
後壁山	āu-piah-suann
後尾	āu-bué
後尾門	āu-bué-mn̂g
後山	āu-suann
後岫	āu-siū
後年	āu-nî
後悔	hiō-hué
後手	āu-tshiú
後擴	āu-khok
後擺	āu-pái
後斗	āu-táu
後日	āu-ji̍t
後月日	āu-gue̍h-ji̍t
後某	āu-bóo
後步	āu-pōo
後母	āu-bú
後母面	āu-bú-bīn
後爸	āu-pē
後生	hāu-senn
後謝	āu-siā
後跤	āu-kha
後輩	hiō-puè
後過	āu-kuè
後鈕	āu-liú
後面	āu-bīn
後頭	āu-thâu
後頭厝	āu-thâu-tshù
後驛	āu-ia̍h
後齻	āu-tsan
徒弟	tôo-tē
得人惜	tit-lâng-sioh
得人疼	tit-lâng-thiànn
得勢	tit-sè
得失	tik-sit
得意	tik-ì
得罪	tik-tsuē
徙位	suá-uī
徙岫	suá-siū
徙栽	suá-tsai
徙跤	suá-kha
徙鋪	suá-phoo
徛台	khiā-tâi
徛名	khiā-miâ
徛壽	khiā-siū
徛家	khiā-ke
徛家厝	khiā-ke-tshù
徛屏	khiā-pîn
徛泅	khiā-siû
徛燈篙	khiā-ting-ko
徛眉	khiā-bâi
徛票	khiā-phiò
徛秋	khiā-tshiu
徛算	khiā-sǹg
徛算講	khiā-sǹg-kóng
徛衛兵	khiā-uē-ping
徛起	khiā-khí
徛靈	khiā-lîng
徛頭	khiā-thâu
徛鵝	khiā-gô
徛黃	khiā-n̂g
從到今	tsîng-kàu-tann
復原	ho̍k-guân
復習	ho̍k-si̍p
復職	ho̍k-tsit
復興	ho̍k-hing
循環	sûn-khuân
微微仔	bî-bî-á
徵收	ting-siu
心事	sim-sū
心內	sim-lāi
心內話	sim-lāi-uē
心悶	sim-būn
心情	sim-tsîng
心意	sim-ì
心慒慒	sim-tso-tso
心機	sim-ki
心火	sim-hué
心爽	sim-sóng
心狂火熱	sim-kông-hué-jia̍t
心狂火著	sim-kông-hué-to̍h
心理	sim-lí
心神	sim-sîn
心肝	sim-kuann
心肝仔囝	sim-kuann-á-kiánn
心肝窟仔	sim-kuann-khut-á
心肝頭	sim-kuann-thâu
心腸	sim-tn̂g
心腹	sim-pak
心臟	sim-tsōng
心臟病	sim-tsōng-pēnn
心花開	sim-hue-khui
心血	sim-hiat
心行	sim-hīng
心適	sim-sik
心酸	sim-sng
心頭	sim-thâu
心願	sim-guān
心驚膽嚇	sim-kiann-tánn-hiannh
必叉	pit-tshe
必巡	pit-sûn
必然	pit-jiân
必痕	pit-hûn
必要	pit-iàu
必開	pit-khui
忌喙	khī-tshuì
忌床	khī-tshn̂g
忌日	kī-ji̍t
忍氣	lún-khì
忍耐	jím-nāi
志氣	tsì-khì
志願	tsì-guān
忘恩背義	bōng-un-puē-gī
忝頭	thiám-thâu
忠厚	tiong-hōo
忠直	tiong-ti̍t
忤逆	ngóo-gi̍k
快活	khuìnn-ua̍h
快車	khuài-tshia
念咒	liām-tsiù
念珠	liām-tsu
念經	liām-king
忽然	hut-jiân
怎樣	tsuánn-iūnn
怐怐	khòo-khòo
思念	su-liām
思想	su-sióng
思慕	su-bōo
思考	su-khó
急性	kip-sìng
急燒仔	kip-sio-á
急症	kip-tsìng
急難	kip-lān
怦怦喘	phēnn-phēnn-tshuán
性命	sènn-miā
性地	sìng-tē
性格	sìng-keh
性癖	sìng-phiah
性質	sìng-tsit
怨嘆	uàn-thàn
怨天怨地	uàn-thinn-uàn-tē
怨妒	uàn-tòo
怨恨	uàn-hūn
怨慼	uàn-tsheh
怪事	kuài-sū
怪人	kuài-lâng
怪手	kuài-tshiú
怪癖	kuài-phiah
恁娘	lín-niâ
恁爸	lín-pē
恐怖	khióng-pòo
恐驚	khióng-kiann
恢復	khue-ho̍k
恥笑	thí-tshiò
恩情	un-tsîng
恩情人	un-tsîng-lâng
恩愛	un-ài
恬去	tiām-khì
恬恬	tiām-tiām
恬靜	tiām-tsīng
恭喜	kiong-hí
患者	huān-tsiá
悲傷	pi-siong
悲劇	pi-kio̍k
悲哀	pi-ai
悲慘	pi-tshám
悲觀	pi-kuan
悶悶	būn-būn
悽慘	tshi-tshám
悽慘落魄	tshi-tshám-lo̍k-phik
悾悾	khong-khong
悾歁	khong-khám
悾闇	khong-am
悾顛	khong-tian
情人	tsîng-jîn
情勢	tsîng-sè
情報	tsîng-pò
情形	tsîng-hîng
情意	tsîng-ì
情理	tsîng-lí
情緒	tsîng-sū
情義	tsîng-gī
情面	tsîng-bīn
情願	tsîng-guān
惜命命	sioh-miā-miā
惜囝	sioh-kiánn
惜皮	sioh-phuê
惜福	sik-hok
惜花連盆	sioh-hue-liân-phûn
惜面皮	sioh-bīn-phuê
惡人	ok-lâng
惡人無膽	ok-lâng-bô-tánn
惡報	ok-pò
惡性	ok-sìng
惡毒	ok-to̍k
惡確確	ok-khia̍k-khia̍k
惡質	ok-tsit
惡霸	ok-pà
惡馬	ok-bé
惱氣	lóo-khì
想東想西	siūnn-tang-siūnn-sai
想欲	siūnn-beh
想空想縫	siūnn-khang-siūnn-phāng
想講	siūnn-kóng
惹事	jiá-sū
惹代誌	jiá-tāi-tsì
意向	ì-hiòng
意外	ì-guā
意志	ì-tsì
意思	ì-sù
意愛	ì-ài
意氣	ì-khì
意義	ì-gī
意見	ì-kiàn
意願	ì-guān
意麵	ì-mī
愛人仔	ài-jîn-á
愛哭	ài-khàu
愛媠	ài-suí
愛嬌	ài-kiau
愛情	ài-tsîng
愛睏	ài-khùn
愛睏藥仔	ài-khùn-io̍h-á
感冒	kám-mōo
感動	kám-tōng
感化	kám-huà
感心	kám-sim
感恩	kám-un
感情	kám-tsîng
感想	kám-sióng
感應	kám-ìng
感染	kám-jiám
感激	kám-kik
感著	kám-tio̍h
感覺	kám-kak
感謝	kám-siā
慄慄掣	la̍k-la̍k-tshuah
慈善	tsû-siān
慈悲	tsû-pi
慈愛	tsû-ài
態度	thāi-tōo
慎重	sīn-tiōng
慒心	tso-sim
慢且	bān-tshiánn
慢且是	bān-tshiánn-sī
慢冬	bān-tang
慢性	bān-sìng
慢慢仔	bān-bān-á
慢慢仔是	bān-bān-á-sī
慢火	bān-hué
慢行	bān-kiânn
慢車	bān-tshia
慣勢	kuàn-sì
慰勞	uì-lō
慰問	uì-būn
慶祝	khìng-tsiok
慶賀	khìng-hō
慷慨	khóng-khài
慼心	tsheh-sim
憂悶	iu-būn
憂愁	iu-tshiû
憂結結	iu-kat-kat
憂頭結面	iu-thâu-kat-bīn
憂頭苦面	iu-thâu-khóo-bīn
憐憫	liân-bín
憑據	pîn-kì
憑準	pîn-tsún
憑良心	pîn-liông-sim
憢疑	giâu-gî
憤慨	hùn-khài
憲兵	hiàn-ping
憲法	hiàn-huat
懂嚇	táng-hiannh
懇求	khún-kiû
應付	ìng-hù
應公仔	ìng-kong-á
應喙	ìn-tshuì
應喙應舌	ìn-tshuì-ìn-tsi̍h
應效	ìng-hāu
應用	ìng-iōng
應聲	ìn-siann
應話	ìn-uē
應該	ing-kai
應該然	ing-kai-jiân
應酬	ìng-siû
應驗	ìng-giām
懊嘟嘟	àu-tū-tū
懊惱	àu-náu
懍場	lún-tiûnn
懵仙	bòng-sian
懵懂	bóng-tóng
懵膽	bòng-tánn
懶屍	lán-si
懶性	nuā-sìng
懶懶	lán-lán
懷念	huâi-liām
懷疑	huâi-gî
懷胎	huâi-thai
懸低	kuân-kē
懸價	kuân-kè
懸山	kuân-suann
懸度	kuân-tōo
懸頂	kuân-tíng
戀愛	luân-ài
戇人	gōng-lâng
戇呆	gōng-tai
戇大呆	gōng-tuā-tai
戇工	gōng-kang
戇想	gōng-siūnn
戇戇	gōng-gōng
戇猴	gōng-kâu
戇的	gōng-ê
戇目	gōng-ba̍k
戇直	gōng-ti̍t
戇神	gōng-sîn
戇膽	gōng-tánn
戇話	gōng-uē
戇錢	gōng-tsînn
戇頭戇面	gōng-thâu-gōng-bīn
成人	tsiânn-lâng
成做	tsiânn-tsò
成全	sîng-tsuân
成功	sîng-kong
成家	sîng-ka
成就	sîng-tsiū
成年	sîng-liân
成敗	sîng-pāi
成月日	tsiânn-gue̍h-ji̍t
成本	sîng-pún
成格	tshiânn-kik
成物	tsiânn-mi̍h
成立	sîng-li̍p
成績	sîng-tsik
成親	sîng-tshin
戛火	khiat-hué
戥仔	tíng-á
戮空	lak-khang
戮鑽	lak-tsǹg
戰亂	tsiàn-luān
戰場	tsiàn-tiûnn
戰爭	tsiàn-tsing
戰術	tsiàn-su̍t
戰車	tsiàn-tshia
戰鬥	tsiàn-tàu
戲劇	hì-kio̍k
戲台	hì-tâi
戲園	hì-hn̂g
戲弄	hì-lāng
戲文	hì-bûn
戲曲	hì-khik
戲棚	hì-pênn
戲班	hì-pan
戲籠	hì-láng
戲院	hì-īnn
戲齣	hì-tshut
戴小鬼仔殼	tì-siáu-kuí-á-khak
戴帽仔	tì-bō-á
戶口	hōo-kháu
戶口名	hōo-kháu-miâ
戶口抄本	hōo-kháu-tshau-pún
戶橂	hōo-tīng
戶籍	hōo-tsi̍k
戶頭	hōo-thâu
戽斗	hòo-táu
戽斗的	hòo-táu-ê
戽杓	hòo-sia̍h
戽水	hòo-tsuí
房屋	pâng-ok
房間	pâng-king
房頭	pâng-thâu
所以	sóo-í
所在	sóo-tsāi
所得	sóo-tik
所得稅	sóo-tik-suè
所有	sóo-iú
所費	sóo-huì
扁擔	pún-tann
扁豆	pínn-tāu
扁食	pián-si̍t
扁魚	pínn-hî
扇面	sìnn-bīn
手下	tshiú-hā
手勢	tshiú-sè
手印	tshiú-ìn
手囊	tshiú-lông
手尾	tshiú-bué
手尾力	tshiú-bué-la̍t
手尾錢	tshiú-bué-tsînn
手工	tshiú-kang
手巾仔	tshiú-kin-á
手底	tshiú-té
手形	tshiú-hîng
手後曲	tshiú-āu-khiau
手扞仔	tshiú-huānn-á
手指	tshiú-tsí
手指頭仔	tshiú-tsíng-thâu-á
手捗	tshiú-pôo
手摺簿仔	tshiú-tsih-phōo-á
手擋	tshiú-tòng
手數料	tshiú-sòo-liāu
手曲	tshiú-khiau
手梳攑懸	tshiú-se-gia̍h-kuân
手模	tshiú-bôo
手橐仔	tshiú-lok-á
手機仔	tshiú-ki-á
手段	tshiú-tuānn
手液	tshiú-sio̍h
手爪	tshiú-jiáu
手爪賤	tshiú-jiáu-tsiān
手環	tshiú-khuân
手痕	tshiú-hûn
手盤	tshiú-puânn
手目	tshiú-ba̍k
手筆	tshiú-pit
手縫櫳	tshiú-phāng-lang
手續	tshiú-sio̍k
手耙	tshiú-pē
手肚	tshiú-tóo
手股	tshiú-kóo
手股頭	tshiú-kóo-thâu
手腕	tshiú-uánn
手腕骨	tshiú-uánn-kut
手藝	tshiú-gē
手術	tshiú-su̍t
手賤	tshiú-tsiān
手路	tshiú-lōo
手路菜	tshiú-lōo-tshài
手蹄仔	tshiú-tê-á
手銃	tshiú-tshìng
手錶仔	tshiú-pió-á
手電仔	tshiú-tiān-á
手面	tshiú-bīn
手面趁食	tshiú-bīn-thàn-tsia̍h
手頭	tshiú-thâu
手風琴	tshiú-hong-khîm
手骨	tshiú-kut
才子	tsâi-tsú
才情	tsâi-tsîng
才是	tsiah-sī
才會	tsiah-ē
才調	tsâi-tiāu
扒癢	pê-tsiūnn
扒飯	pe-pn̄g
扒龍船	pê-lîng-tsûn
打扎	tánn-tsah
打扮	tánn-pān
打探	tánn-thàm
打揲	tánn-tia̍p
打擊	tánn-kik
打擾	tánn-jiáu
打桶	tánn-tháng
打馬膠	tá-má-ka
打馬膠路	tá-má-ka-lōo
托兒所	thok-jî-sóo
扛轎	kng-kiō
扞家	huānn-ke
扞數	huānn-siàu
扞盤	huānn-puânn
扞頭	huānn-thâu
扞鼎灶	huānn-tiánn-tsàu
扣押	khàu-ah
扣留	khàu-liû
扣除	khàu-tû
扭尻川	ngiú-kha-tshng
扭掠	liú-lia̍h
扭搦	liú-la̍k
扮仙	pān-sian
扮公伙仔	pān-kong-hué-á
扮笑面	pān-tshiò-bīn
扳仔	pán-á
扳過來	pian-kuè-lâi
扴味	ke̍h-bī
扶助	hû-tsōo
扶持	hû-tshî
扶挺	phôo-thánn
扶插	hû-tshah
扶養	hû-ióng
批信	phue-sìn
批准	phue-tsún
批囊	phue-lông
批桶	phue-tháng
批殼	phue-khak
批筒	phue-tâng
批紙	phue-tsuá
批評	phue-phîng
找錢	tsāu-tsînn
承受	sîng-siū
承擔	sîng-tam
承水	sîn-tsuí
承認	sîng-jīn
技工	ki-kang
技師	ki-su
抄寫	tshau-siá
抄襲	tshau-si̍p
把戲	pá-hì
把握	pá-ak
抑是	ia̍h-sī
抑無	iah-bô
抓耙仔	jiàu-pê-á
投標	tâu-pio
投機	tâu-ki
投票	tâu-phiò
投稿	tâu-kó
投胎	tâu-thai
投資	tâu-tsu
投降	tâu-hâng
投靠	tâu-khò
抗議	khòng-gī
折舊	tsiat-kū
披仔	phi-á
披衫	phi-sann
抱歉	phō-khiàm
抱的	phō-ê
抵抗	tí-khòng
抵押	tí-ah
抵額	tí-gia̍h
抹刀	buah-to
抹壁	buah-piah
抹烏	buah-oo
抹粉	buah-hún
抹面	buah-bīn
抹鹽	buah-iâm
押後	ah-āu
押送	ah-sàng
押韻	ah-ūn
抽懸	thiu-kuân
抽疼	thiu-thiànn
抽稅	thiu-suè
抽籤	thiu-tshiam
抽豬母稅	thiu-ti-bó-suè
抽躼	thiu-lò
抽退	thiu-thè
抽長	thiu-tn̂g
抽頭	thiu-thâu
抽鬮	thiu-khau
抾丁錢	khioh-ting-tsînn
抾囝母	khioh-kiánn-bú
抾囡仔	khioh-gín-á
抾字紙的	khioh-jī-tsuá-ê
抾客	khioh-kheh
抾恨	khioh-hīn
抾拾	khioh-si̍p
抾捔	khioh-ka̍k
抾柴	khioh-tshâ
抾水	khioh-tsuí
抾稅	khioh-suè
抾紅點仔	khioh-âng-tiám-á
抾肉幼仔	khioh-bah-iù-á
抾著	khioh-tio̍h
抾襇	khioh-kíng
抾錢	khioh-tsînn
抾骨	khioh-kut
抿仔	bín-á
拄仔好	tú-á-hó
拄咧	tú-teh
拄好	tú-hó
拄才	tú-tsiah
拄拄	tú-tú
拄搪	tú-tn̄g
拄數	tú-siàu
拄欲	tú-beh
拄著	tú-tio̍h
拆單	thiah-tuann
拆字	thiah-jī
拆扦	thiah-tshuann
拆散	thiah-suànn
拆日仔	thiah-ji̍t-á
拆白講	thiah-pe̍h-kóng
拆破	thiah-phuà
拆票	thiah-phiò
拆股	thiah-kóo
拆腿	thiah-thuí
拆藥仔	thiah-io̍h-á
拆開	thiah-khui
拆食落腹	thiah-tsia̍h-lo̍h-pak
拈田嬰	liam-tshân-enn
拈香	liam-hiunn
拈鬮	liam-khau
拉圇仔燒	lâ-lûn-á-sio
拊仔	hú-á
拋拋走	pha-pha-tsáu
拋捙輪	pha-tshia-lin
拋碇	pha-tiānn
拋網	pha-bāng
拋荒	pha-hng
拋輾斗	pha-liàn-táu
拋近路	pha-kīn-lōo
拋魚	pha-hî
拋麒麟	pha-kî-lîn
拌蠓仔	puānn-báng-á
拍交落	phah-ka-la̍uh
拍呃	phah-eh
拍咯雞	phah-ko̍k-ke
拍咳啾	phah-kha-tshiùnn
拍喙鼓	phah-tshuì-kóo
拍噗仔	phah-pho̍k-á
拍字機	phah-jī-ki
拍官司	phah-kuann-si
拍尻川	phah-kha-tshng
拍手	phah-tshiú
拍手銃	phah-tshiú-tshìng
拍抐涼	phah-lā-liâng
拍折	phah-tsiat
拍拍	phah-phik
拍拚	phah-piànn
拍拳	phah-kûn
拍拳頭	phah-kûn-thâu
拍損	phah-sńg
拍斷	phah-tn̄g
拍某菜	phah-bóo-tshài
拍歹	phah-pháinn
拍殕仔光	phah-phú-á-kng
拍毋見	phah-m̄-kìnn
拍派	phah-phài
拍滂泅	phah-phōng-siû
拍火	phah-hué
拍火車	phah-hué-tshia
拍無去	phah-bô-khì
拍獵	phah-la̍h
拍球	phah-kiû
拍生驚	phah-tshenn-kiann
拍石	phah-tsio̍h
拍石師	phah-tsio̍h-sai
拍破	phah-phuà
拍種	phah-tsíng
拍算	phah-sǹg
拍算盤	phah-sǹg-puânn
拍結	phah-kat
拍結毬	phah-kat-kiû
拍翸	phah-phún
拍觸衰	phah-tshik-sue
拍賣	phah-bē
拍通關	phah-thong-kuan
拍速	phah-sok
拍醒	phah-tshénn
拍金仔	phah-kim-á
拍鐵	phah-thih
拍鐵仔師	phah-thih-á-sai
拍鐵仔褲	phah-thih-á-khòo
拍鱗	phah-lân
拍鳥帽	phah-tsiáu-bō
拍麻雀	phah-muâ-tshiok
拐弄	kuái-lōng
拐騙	kuái-phiàn
拑家	khînn-ke
拑牢牢	khînn-tiâu-tiâu
拒絕	kī-tsua̍t
拔桶	pua̍h-tháng
拖命	thua-miā
拖屎連	thua-sái-liân
拖棚	thua-pênn
拖沙	thua-sua
拖磨	thua-buâ
拖累	thua-luī
拖身拖命	thua-sin-thua-miā
拗彎	áu-uan
拗紙	áu-tsuá
拗蠻	áu-bân
拗裒	áu-pôo
拗鬱	áu-ut
拘束	khu-sok
拘留	khu-liû
拚俗	piànn-sio̍k
拚勢	piànn-sè
拚命	piànn-miā
拚性命	piànn-sènn-miā
拚暝工	piànn-mê-kang
拚生死	piànn-senn-sí
拚生理	piànn-sing-lí
拚血	piànn-hiat
拚輸贏	piànn-su-iânn
招募	tsio-bōo
招呼	tsio-hoo
招囝婿	tsio-kiánn-sài
招待	tsiau-thāi
招會仔	tsio-huē-á
招標	tsio-pio
招牌	tsiau-pâi
招生	tsio-sing
招翁	tsio-ang
招認	tsiau-jīn
招魂	tsiau-hûn
拜一	pài-it
拜佛	pài-pu̍t
拜候	pài-hāu
拜公媽	pài-kong-má
拜六	pài-la̍k
拜堂	pài-tn̂g
拜年	pài-nî
拜拜	pài-pài
拜託	pài-thok
拜訪	pài-hóng
拜請	pài-tshiánn
拭仔	tshit-á
拭尻川	tshit-kha-tshng
拳頭	kûn-thâu
拳頭師	kûn-thâu-sai
拳頭拇	kûn-thâu-bú
拹水	hia̍p-tsuí
挂紙	kuì-tsuá
指導	tsí-tō
指指	kí-tsáinn
指指揬揬	kí-kí-tu̍h-tu̍h
指揮	tsí-hui
指教	tsí-kàu
指模	tsí-bôo
指甲	tsíng-kah
指甲扦	tsíng-kah-tshuann
指甲眉	tsíng-kah-bâi
指甲花	tsíng-kah-hue
指示	tsí-sī
指紋	tsí-bûn
指腹為婚	tsí-pak-uî-hun
指頭仔	tsíng-thâu-á
指頭拇公	tsíng-thâu-bú-kong
指點	tsí-tiám
按呢	án-ne
按呢生	án-ne-senn
按怎	án-tsuánn
按怎樣	án-tsuánn-iūnn
按照	àn-tsiàu
按算	àn-sǹg
按脈	àn-me̍h
按額	àn-gia̍h
挐氅氅	jû-tsháng-tsháng
挑俍	thiau-lāng
挑戰	thiáu-tsiàn
挑手爿	thio-tshiú-pîng
挑花刺繡	thio-hue-tshiah-siù
挑選	thiau-suán
挓火	thà-hué
挕捒	hìnn-sak
挕掉	hìnn-tiāu
挖塗	óo-thôo
挖心肝	óo-sim-kuann
挖空	óo-khang
挨挨陣陣	e-e-tīn-tīn
挨推	e-the
挨磨	e-bō
挨米	e-bí
挨粿	e-kué
挨絃仔	e-hiân-á
挩枋	thuah-pang
挩窗	thuah-thang
挩鍊仔	thuah-liān-á
挩門	thuah-mn̂g
振動	tín-tāng
挲圓	so-înn
挲圓仔湯	so-înn-á-thng
挲草	so-tsháu
挲鹽	so-iâm
挵球	lòng-kiû
挵破	lòng-phuà
挵鐘	lòng-tsing
挵門	lòng-mn̂g
挵鼓	lòng-kóo
挹墓粿	ip-bōng-kué
挽喙齒	bán-tshuì-khí
挽回	bán-huê
挽救	bán-kiù
挽瓜揫藤	bán-kue-tshiû-tîn
挽筋	bán-kin
挽脈	bán-me̍h
挽花	bán-hue
挽茶	bán-tê
挽草	bán-tsháu
挽面	bán-bīn
捀場	phâng-tiûnn
捀斗	phâng-táu
捀水	phâng-tsuí
捀茶	phâng-tê
捅頭	thóng-thâu
捆縛	khún-pa̍k
捋仔	lua̍h-á
捋頭毛	lua̍h-thâu-mn̂g
捌字	bat-jī
捌想	bat-siūnn
捌貨	bat-huè
捎無摠	sa-bô-tsáng
捎錢	sa-tsînn
捏麵尪仔	lia̍p-mī-ang-á
捒做堆	sak-tsò-tui
捒走	sak-tsáu
捙倒	tshia-tó
捙拚	tshia-piànn
捙畚斗	tshia-pùn-táu
捙盤	tshia-puânn
捙跋反	tshia-pua̍h-píng
捙輾斗	tshia-liàn-táu
捨施	siá-sì
捲心白	kńg-sim-pe̍h
捲薰	kńg-hun
捲螺仔旋	kńg-lê-á-tsn̄g
捲螺仔風	kńg-lê-á-hong
捶心肝	tuî-sim-kuann
捷捷	tsia̍p-tsia̍p
捷運	tsia̍t-ūn
捽仔	sut-á
捽目尾	sut-ba̍k-bué
捽繩	sut-tsîn
捾定	kuānn-tiānn
捾桶仔	kuānn-tháng-á
捾水	kuānn-tsuí
掃塗跤	sàu-thôo-kha
掃墓	sàu-bōng
掃帚	sàu-tshiú
掃帚星	sàu-tshiú-tshenn
掃梳	sàu-se
掃梳笒仔	sàu-se-gím-á
掌握	tsióng-ak
掌權	tsióng-khuân
排列	pâi-lia̍t
排斥	pâi-thik
排球	pâi-kiû
排解	pâi-kái
排隊	pâi-tuī
排骨酥	pâi-kut-soo
掖秧仔	iā-ng-á
掖種	iā-tsíng
掘仔	ku̍t-á
掛名	kuà-miâ
掛心	khuà-sim
掛意	kuà-ì
掛慮	kuà-lī
掛牌	kuà-pâi
掛礙	kuà-gāi
掠交替	lia̍h-kau-thè
掠做	lia̍h-tsò
掠兔仔	lia̍h-thòo-á
掠包	lia̍h-pau
掠坦橫	lia̍h-thán-huâinn
掠沙筋	lia̍h-sua-kin
掠準	lia̍h-tsún
掠漏	lia̍h-lāu
掠無頭摠	lia̍h-bô-thâu-tsáng
掠狂	lia̍h-kông
掠猴	lia̍h-kâu
掠痧	lia̍h-sua
掠直	lia̍h-ti̍t
掠筋	lia̍h-kin
掠篙泅	lia̍h-ko-siû
掠長補短	lia̍h-tn̂g-póo-té
掠龍	lia̍h-lîng
掠龍的	lia̍h-lîng-ê
掠龜走鱉	lia̍h-ku-tsáu-pih
採用	tshái-iōng
採購	tshái-kòo
探墓厝	thàm-bōng-tshù
探聽	thàm-thiann
探親	thàm-tshin
探訪	thàm-hóng
探頭	thàm-thâu
掣一趒	tshuah-tsi̍t-tiô
掣流	tshuah-lâu
接力	tsih-la̍t
接受	tsiap-siū
接喙	tsiap-tshuì
接待	tsiap-thāi
接手	tsiap-tshiú
接接	tsih-tsiap
接枝	tsiap-ki
接神	tsih-sîn
接納	tsiap-la̍p
接續	tsiap-sio̍k
接觸	tsiap-tshiok
接跤	tsiap-kha
接載	tsih-tsài
接骨	tsiap-kut
推廣	thui-kóng
推捒	the-sak
推撨	tshui-tshiâu
推測	thui-tshik
推行	thui-hîng
推論	thui-lūn
推辭	the-sî
推進	thui-tsìn
推銷	thui-siau
掩咯雞	ng-ko̍k-ke
掩崁	am-khàm
掩掩揜揜	ng-ng-iap-iap
掰手面	pué-tshiú-bīn
掰開	pué-khui
揀茶	kíng-tê
揀菜	kíng-tshài
揀食	kíng-tsia̍h
描寫	biô-siá
提供	thê-kiong
提出	thê-tshut
提名	thê-miâ
提囡仔	the̍h-gín-á
提拔	thê-pua̍t
提案	thê-àn
提親	thê-tshin
提議	thê-gī
提起	thê-khí
提醒	thê-tshénn
提防	thê-hông
提頭	thê-thâu
插一跤	tshap-tsi̍t-kha
插代誌	tshap-tāi-tsì
插喙	tshap-tshuì
插喙插舌	tshap-tshuì-tshap-tsi̍h
插手	tshap-tshiú
插枝	tshah-ki
插潲	tshap-siâu
插濫	tshap-lām
插牌	tshap-pâi
插班	tshah-pan
插胳	tshah-koh
插花	tshah-hue
插花仔	tshah-hue-á
插話	tshah-uē
插雜	tshap-tsa̍p
插頭	tshah-thâu
換做	uānn-tsò
換帖的	uānn-thiap-ê
換手	uānn-tshiú
換準	uānn-tsún
換紅	uānn-âng
換鋪	uānn-phoo
揜尾狗	iap-bué-káu
揜貼	iap-thiap
握手	ak-tshiú
揣頭路	tshuē-thâu-lōo
揤電鈴	tshi̍h-tiān-lîng
援助	uān-tsōo
損傷	sún-siong
損失	sún-sit
損害	sún-hāi
損神	sńg-sîn
損蕩	sńg-tn̄g
搖尾	iô-bué
搖手	iô-tshiú
搖櫓	iô-lóo
搖笱	iô-kô
搖籃	iô-nâ
搖頭	iô-thâu
搖鼓瑯	iô-kóo-long
搜身軀	tshiau-sin-khu
搝大索	khiú-tuā-soh
搝後跤	khiú-āu-kha
搝搝搦搦	khiú-khiú-la̍k-la̍k
搝票	khiú-phiò
搢做前	tsìnn-tsò-tsîng
搢風	tsìnn-hong
搤空	iah-khang
搦屎搦尿	la̍k-sái-la̍k-jiō
搦權	la̍k-khuân
搧大耳	siàn-tuā-hīnn
搧風	siàn-hong
搪著	tn̄g-tio̍h
搬厝	puann-tshù
搬徙	puann-suá
搬戲	puann-hì
搬話	puann-uē
搬請	puann-tshiánn
搬運	puann-ūn
搭嚇	tah-hiannh
搭架	tah-kè
搭油	tah-iû
搭胸坎	tah-hing-khám
搭鉤仔	tah-kau-á
搵料	ùn-liāu
搵水	ùn-tsuí
搵豆油	ùn-tāu-iû
搶劫	tshiúnn-kiap
搶孤	tshiúnn-koo
搶市	tshiúnn-tshī
搶頭標	tshiúnn-thâu-pio
搶頭香	tshiúnn-thâu-hiunn
摃槌仔	kòng-thuî-á
摃球	kòng-kiû
摃鐘	kòng-tsing
摃鼓	kòng-kóo
摃龜	kòng-ku
摒掃	piànn-sàu
摒本	piànn-pún
摒貨底	piànn-huè-té
摔倒	siak-tó
摔大眠	siàng-tuā-bîn
摔桶	siak-tháng
摔粟	siak-tshik
摠頭	tsáng-thâu
摵仔麵	tshi̍k-á-mī
摸無路	bong-bô-lōo
摸飛	moo-hui
摺紙	tsih-tsuá
摺衫	tsih-sann
撆紮	pih-tsah
撆褲跤	pih-khòo-kha
撇步	phiat-pōo
撐渡	the-tōo
撐篙	the-ko
撐船	the-tsûn
撒胡椒	suah-hôo-tsio
撒豆油	suah-tāu-iû
撒鹽	suah-iâm
撙節	tsún-tsat
撚匼笑	lián-khap-tshiò
撚寶	lián-pó
撚鑽	lián-tsǹg
撚骰仔	lián-tâu-á
撞球	tōng-kiû
撞破	tōng-phuà
撞突	tōng-tu̍t
撞著	tōng-tio̍h
撠刺	giah-tshì
撤退	thiat-thè
撥工	puah-kang
撥開	puah-khui
撥駕	puah-kà
撨徙	tshiâu-suá
撨摵	tshiâu-tshi̍k
撨時鐘	tshiâu-sî-tsing
撩油	liô-iû
撫養	bú-ióng
播送	pòo-sàng
播音	pòo-im
擁護	ióng-hōo
擂槌	luî-thuî
擂缽	luî-puah
擂鼓	luî-kóo
擉算盤	tia̍k-sǹg-puânn
擋咧	tòng-leh
擋頭	tòng-thâu
操作	tshau-tsok
操勞	tshau-lô
操心	tshau-sim
操煩	tshau-huân
操練	tshau-liān
擔仔	tànn-á
擔仔麵	tànn-á-mī
擔任	tam-jīm
擔保	tam-pó
擔屎	tann-sái
擔工	tann-kang
擔憂	tam-iu
擔水	tann-tsuí
擔當	tam-tng
擔罪	tann-tsuē
擔肥	tann-puî
擔輸贏	tam-su-iânn
擔頭	tànn-thâu
擘金	peh-kim
擘開	peh-khui
據在	kì-tsāi
擛手	ia̍t-tshiú
擛風	ia̍t-hong
擢舌根	tioh-tsi̍h-kin
擤鼻	tshìng-phīnn
擴擴	khok-khok
擴頭	khok-thâu
擺撥	pái-puah
擽呧	ngiau-ti
擾亂	jiáu-luān
攄仔	lu-á
攄塗機	lu-thôo-ki
攄頭毛	lu-thâu-mn̂g
攏是	lóng-sī
攏權	láng-khuân
攏總	lóng-tsóng
攏褲	láng-khòo
攑懸	gia̍h-kuân
攑手	gia̍h-tshiú
攑旗軍仔	gia̍h-kî-kun-á
攑箸	gia̍h-tī
攑頭	gia̍h-thâu
攑頭香	gia̍h-thâu-hiunn
攑香綴拜	gia̍h-hiunn-tuè-pài
攕仔	tshiám-á
攕擔	tshiam-tann
攝屎	liap-sái
攝襇	liap-kíng
攤販	thuann-huàn
攪吵	kiáu-tshá
攪擾	kiáu-jiáu
攪絞	kiáu-ká
支出	tsi-tshut
支持	tsi-tshî
支援	tsi-uān
支票	tsi-phiò
收入	siu-ji̍p
收冬	siu-tang
收喙	siu-tshuì
收場	siu-tiûnn
收尾	siu-bué
收山	siu-suann
收工	siu-kang
收心	siu-sim
收成	siu-sîng
收拾	siu-si̍p
收擔	siu-tànn
收據	siu-kì
收數	siu-siàu
收束	siu-sok
收水	siu-tsuí
收泔	siu-ám
收瀾	siu-nuā
收煞	siu-suah
收留	siu-liû
收盤	siu-puânn
收租	siu-tsoo
收縮	siu-sok
收藏	siu-tsông
收跤洗手	siu-kha-sé-tshiú
收集	siu-tsi̍p
收音機	siu-im-ki
收驚	siu-kiann
改換	kái-uānn
改良	kái-liông
改薰	kái-hun
改裝	kái-tsong
改變	kái-piàn
改途	kái-tôo
改運	kái-ūn
改酒	kái-tsiú
改革	kái-kik
攻擊	kong-kik
放伴	pàng-phuānn
放債	pàng-tsè
放冗	pàng-līng
放刁	pàng-tiau
放卵	pàng-nn̄g
放寬	hòng-khuan
放屁	pàng-phuì
放屁豆	pàng-phuì-tāu
放屎	pàng-sái
放工	pàng-kang
放帖仔	pàng-thiap-á
放手	pàng-tshiú
放捒	pàng-sak
放放	hòng-hòng
放數	pàng-siàu
放棄	hòng-khì
放榜	hòng-pńg
放毒	pàng-to̍k
放水燈	pàng-tsuí-ting
放火	pàng-hué
放煙火	pàng-ian-hué
放盡磅	pàng-tsīn-pōng
放目	pàng-ba̍k
放符仔	pàng-hû-á
放粉鳥	pàng-hún-tsiáu
放紙虎	pàng-tsuá-hóo
放聲	pàng-siann
放肆	hòng-sù
放臭屁	pàng-tshàu-phuì
放蕩	hòng-tōng
放血	pàng-hueh
放裒	pàng-pôo
放送	hòng-sàng
放送頭	hòng-sàng-thâu
放重利	pàng-tāng-lāi
放銃	pàng-tshìng
放風聲	pàng-hong-siann
放鬆	pàng-sang
政客	tsìng-kheh
政府	tsìng-hú
政權	tsìng-khuân
政治	tsìng-tī
政策	tsìng-tshik
政見	tsìng-kiàn
政黨	tsìng-tóng
故事	kòo-sū
故鄉	kòo-hiong
故障	kòo-tsiong
敆作	kap-tsoh
敆痕	kap-hûn
敆縫	kap-phāng
敆藥仔	kap-io̍h-á
敆逝	kap-tsuā
效力	hāu-li̍k
效率	hāu-lu̍t
敏捷	bín-tsia̍t
敏豆	bín-tāu
救世主	kiù-sè-tsú
救人	kiù-lâng
救兵	kiù-ping
救助	kiù-tsōo
救援	kiù-uān
救星	kiù-tshenn
救火	kiù-hué
救護	kiù-hōo
救護車	kiù-hōo-tshia
敗價	pāi-kè
敗害	pāi-hāi
敗家	pāi-ke
敗市	pāi-tshī
敗腎	pāi-sīn
敗露	pāi-lōo
敗馬	pāi-bé
教冊	kà-tsheh
教務	kàu-bū
教員	kàu-uân
教學	kàu-ha̍k
教官	kàu-kuann
教師	kàu-su
教授	kàu-siū
教示	kà-sī
教育	kàu-io̍k
教訓	kàu-hùn
敢是	kám-sī
敢有	kám-ū
敢死	kánn-sí
敢毋是	kám-m̄-sī
敢若	kánn-ná
敢講	kám-kóng
敢通	kám-thang
散仙	suànn-sian
散凶	sàn-hiong
散凶人	sàn-hiong-lâng
散學	suànn-o̍h
散工	suànn-kang
散形	suànn-hîng
散文	suànn-bûn
散會	sàn-huē
散票	suánn-phiò
散賣	suánn-bē
散赤	sàn-tshiah
散陣	suànn-tīn
散食人	sàn-tsia̍h-lâng
散鬼	sàn-kuí
敨中氣	tháu-tiong-khuì
敨放	tháu-pàng
敨氣	tháu-khuì
敨開	tháu-khui
敬酒	kìng-tsiú
敬重	kìng-tiōng
敲油	khà-iû
敲門	khà-mn̂g
敲電話	khà-tiān-uē
整理	tsíng-lí
整頓	tsíng-tùn
整齊	tsíng-tsê
敵人	ti̍k-jîn
敵手	ti̍k-tshiú
數單	siàu-tuann
數字	sòo-jī
數學	sòo-ha̍k
數念	siàu-liām
數想	siàu-siūnn
數房	siàu-pâng
數櫃	siàu-kuī
數目	siàu-ba̍k
數簿	siàu-phōo
數量	sòo-liōng
數額	siàu-gia̍h
文件	bûn-kiānn
文光尺	bûn-kong-tshioh
文化	bûn-huà
文字	bûn-jī
文學	bûn-ha̍k
文官	bûn-kuann
文市	bûn-tshī
文憑	bûn-pîng
文文仔笑	bûn-bûn-á-tshiò
文旦	bûn-tàn
文明	bûn-bîng
文書	bûn-su
文獻	bûn-hiàn
文章	bûn-tsiong
文藝	bûn-gē
文言	bûn-giân
文身	bûn-sin
文雅	bûn-ngá
斑節蝦	pan-tsat-hê
斑芝	pan-tsi
斑馬	pan-má
斑馬線	pan-má-suànn
斑鴿	pan-kah
斗仔	táu-á
斗概	táu-kài
斗籠	táu-láng
料小	liāu-siáu
料想	liāu-sióng
料想袂到	liāu-sióng-bē-kàu
料理	liāu-lí
料算	liāu-sǹg
斜目	tshiâ-ba̍k
斜視	siâ-sī
斜角	tshua̍h-kak
斟茶	thîn-tê
斟酌	tsim-tsiok
斟酒	thîn-tsiú
斡角	uat-kak
斧頭	póo-thâu
斧頭櫼仔	póo-thâu-tsinn-á
斯文	su-bûn
新人	sin-lâng
新奇	sin-kî
新娘	sin-niû
新娘房	sin-niû-pâng
新婚	sin-hun
新婦	sin-pū
新婦仔	sin-pū-á
新年	sin-nî
新春	sin-tshun
新曆	sin-li̍k
新款	sin-khuán
新正	sin-tsiann
新正年頭	sin-tsiann-nî-thâu
新聞	sin-bûn
新興	sin-hing
新進	sin-tsìn
新郎	sin-lông
新鮮	sin-sian
新點點	sin-tiám-tiám
斷奶	tn̄g-ling
斷掌	tn̄g-tsiúnn
斷根	tn̄g-kin
斷氣	tn̄g-khuì
斷種	tn̄g-tsíng
斷絕	tuān-tsua̍t
斷腦筋	tn̄g-náu-kin
斷路	tn̄g-lōo
方便	hong-piān
方向	hong-hiòng
方式	hong-sik
方法	hong-huat
方言	hong-giân
方面	hong-bīn
施捨	si-siá
施政	si-tsìng
旅客	lí-kheh
旅社	lí-siā
旅行	lí-hîng
旅費	lí-huì
旅館	lí-kuán
旋藤	suan-tîn
族親	tso̍k-tshin
族譜	tso̍k-phóo
旗魚	kî-hî
既然	kì-jiân
日光燈	ji̍t-kong-ting
日子	ji̍t-tsí
日常	ji̍t-siông
日後	ji̍t-āu
日時	ji̍t-sî
日時仔	ji̍t-sî-á
日月蚶	ji̍t-gua̍t-ham
日月蟶	ji̍t-gua̍t-than
日期	ji̍t-kî
日誌	ji̍t-tsì
日頭	ji̍t-thâu
日頭花	ji̍t-thâu-hue
早冬	tsá-tang
早前	tsá-tsîng
早年	tsá-nî
早慢	tsá-bān
早日	tsá-ji̍t
早晏	tsá-uànn
早暗	tsá-àm
早產	tsá-sán
早睏	tsá-khùn
早起	tsá-khí
早起時仔	tsá-khí-sî-á
早起頓	tsá-khí-tǹg
早頓	tsá-tǹg
早齋	tsá-tsai
明仔日	bîn-á-ji̍t
明仔早起	bîn-á-tsá-khí
明仔暗	bîn-á-àm
明仔載	bîn-á-tsài
明呼	bîng-hoo
明品	bîng-phín
明年	mê-nî
明明	bîng-bîng
明星	bîng-tshenn
明理	bîng-lí
明白	bîng-pi̍k
明瞭	bîng-liâu
明知	bîng-tsai
明講	bîng-kóng
明顯	bîng-hián
昏倒	hūn-tó
昏去	hūn-khì
昏迷	hūn-bê
易經	I̍k-king
星宿	sing-siù
春仔花	tshun-á-hue
春假	tshun-ká
春天	tshun-thinn
春牛圖	tshun-gû-tôo
春節	tshun-tseh
春聯	tshun-liân
春風	tshun-hong
春飯	tshun-pn̄g
昨日	tso̍h-ji̍t
昨昏	tsa-hng
昨暗	tsa-àm
昨暝	tsa-mê
是按怎	sī-án-tsuánn
是講	sī-kóng
是非	sī-hui
時代	sî-tāi
時候	sî-hāu
時價	sî-kè
時勢	sî-sè
時常	sî-siông
時時	sî-sî
時時刻刻	sî-sî-khik-khik
時機	sî-ki
時行	sî-kiânn
時計果	sî-kè-kó
時辰	sî-sîn
時運	sî-ūn
時鐘	sî-tsing
時間	sî-kan
時陣	sî-tsūn
晏起來	uànn-khí-lâi
晚冬	mńg-tang
晟養	tshiânn-ióng
普普仔	phóo-phóo-á
普渡	phóo-tōo
普通	phóo-thong
普遍	phóo-phiàn
景氣	kíng-khì
景緻	kíng-tì
景色	kíng-sik
智慧	tì-huī
智覺	tì-kak
智識	tì-sik
暑假	sú-ká
暗中	àm-tiong
暗光鳥	àm-kong-tsiáu
暗唸	àm-liām
暗學仔	àm-o̍h-á
暗安	àm-an
暗崁	àm-khàm
暗時	àm-sî
暗暝	àm-mê
暗會	àm-huē
暗步	àm-pōo
暗殺	àm-sat
暗毿	àm-sàm
暗毿病	àm-sàm-pēnn
暗淡	àm-tām
暗漠漠	àm-bo̍k-bo̍k
暗班	àm-pan
暗眠摸	àm-bîn-bong
暗示	àm-sī
暗色	àm-sik
暗號	àm-hō
暗行	àm-hīng
暗袋仔	àm-tē-á
暗訪	àm-hóng
暗趖趖	àm-sô-sô
暗路	àm-lōo
暗間仔	àm-king-á
暗頓	àm-tǹg
暗頭仔	àm-thâu-á
暗飯	àm-pn̄g
暝尾	mê-bué
暝工	mê-kang
暝日	mê-ji̍t
暝時	mê-sî
暝車	mê-tshia
暫且	tsiām-tshiánn
暫度	tsiām-tōo
暫時	tsiām-sî
暴牙	pok-gê
暴穎	pok-ínn
暴露	po̍k-lōo
曆日	la̍h-ji̍t
曖昧	ài-māi
曝乾	pha̍k-kuann
曝日	pha̍k-ji̍t
曝粟	pha̍k-tshik
曝鹽	pha̍k-iâm
曠床	khòng-tshn̂g
曠闊	khòng-khuah
曲去	khiau-khì
曲痀	khiau-ku
曲盤	khik-puânn
曲跤	khiau-kha
曷使	a̍h-sái
曷著	a̍h-tio̍h
書房	tsu-pâng
書架仔	tsu-kè-á
書櫥	tsu-tû
替手	thè-tshiú
替換	thè-uānn
替身	thè-sin
最後	tsuè-āu
會仔	huē-á
會使	ē-sái
會使得	ē-sái-tit
會做得	ē-tsò-tit
會合	huē-ha̍p
會同	huē-tông
會堪得	ē-kham-tit
會場	huē-tiûnn
會失禮	huē-sit-lé
會得	ē-tit
會得通	ē-tit-thang
會得過	ē-tit-kuè
會曉	ē-hiáu
會毋著	huē-m̄-tio̍h
會用得	ē-īng-tit
會當	ē-tàng
會社	huē-siā
會計	kuè-kè
會記得	ē-kì-tit
會議	huē-gī
會跤	huē-kha
會頭	huē-thâu
會館	huē-kuán
月下老人	gua̍t-hā-nóo-jîn
月中	gue̍h-tiong
月來香	gue̍h-lâi-hiong
月俸	gue̍h-hōng
月光暝	gue̍h-kng-mê
月內	gue̍h-lāi
月內人	gue̍h-lāi-lâng
月內房	gue̍h-lāi-pâng
月內風	gue̍h-lāi-hong
月初	gue̍h-tshe
月半	gue̍h-puànn
月圍箍	gue̍h-uî-khoo
月外日	gue̍h-guā-ji̍t
月娘	gue̍h-niû
月尾	gue̍h-bué
月日	gue̍h-ji̍t
月暗暝	gue̍h-àm-mê
月桃	ge̍h-thô
月琴	gue̍h-khîm
月眉	gue̍h-bâi
月給	gue̍h-kip
月經	gue̍h-king
月色	gue̍h-sik
月頭	gue̍h-thâu
月餅	gue̍h-piánn
有一日	ū-tsi̍t-ji̍t
有一無兩	ū-tsi̍t-bô-nn̄g
有人緣	ū-lâng-iân
有力	ū-la̍t
有名	ū-miâ
有夠	ū-kàu
有孝	iú-hàu
有底	ū-té
有影	ū-iánn
有情	ū-tsîng
有應公	Iú-ìng-kong
有擋頭	ū-tòng-thâu
有時	ū-sî
有時仔	ū-sî-á
有時有陣	ū-sî-ū-tsūn
有時陣	ū-sî-tsūn
有款	ū-khuán
有歲	ū-huè
有當時仔	ū-tang-sî-á
有的無的	ū-ê-bô-ê
有神	ū-sîn
有空無榫	ū-khang-bô-sún
有耳無喙	ū-hīnn-bô-tshuì
有聖	ū-siànn
有膭	ū-kuī
有要緊	ū-iàu-kín
有賰	ū-tshun
有路無厝	ū-lōo-bô-tshù
有路用	ū-lōo-īng
有身	ū-sin
有通	ū-thong
有量	ū-liōng
有錢人	ū-tsînn-lâng
有閒	ū-îng
有限	iú-hān
有雄	ū-hîng
有頭有尾	ū-thâu-ū-bué
有額	ū-gia̍h
朋友	pîng-iú
服侍	ho̍k-sāi
服務	ho̍k-bū
服從	ho̍k-tsiông
服裝	ho̍k-tsong
朝代	tiâu-tāi
期待	kî-thāi
期間	kî-kan
期限	kî-hān
木匠	ba̍k-tshiūnn
木屐	ba̍k-kia̍h
木工	ba̍k-kang
木心枋	bo̍k-sim-pang
木材	bo̍k-tsâi
木棉	bo̍k-mî
木瓜	bo̍k-kue
木耳	bo̍k-ní
木蝨	ba̍k-sat
木魚	bo̍k-hî
木麻黃	bo̍k-muâ-hông
未亡人	bī-bông-jîn
未來	bī-lâi
未免	bī-bián
未曾	buē-tsîng
未曾未	buē-tsîng-buē
末末	bua̍h-bua̍h
本事	pún-sū
本人	pún-lâng
本份	pún-hūn
本來	pún-lâi
本命錢	pún-miā-tsînn
本土	pún-thóo
本地	pún-tē
本居地	pún-ki-tē
本底	pún-té
本性	pún-sìng
本意	pún-ì
本成	pún-tsiânn
本等	pún-tíng
本身	pún-sin
本錢	pún-tsînn
本領	pún-líng
朱紅	tsu-âng
杉仔	sam-á
杉仔柴	sam-á-tshâ
李仔	lí-á
李仔攕	lí-á-tshiám
李仔鹹	lí-á-kiâm
杏仁	hīng-jîn
杏仁茶	hīng-jîn-tê
材料	tsâi-liāu
杓仔	sia̍h-á
杙仔	khi̍t-á
杜伯仔	tōo-peh-á
杜定	tōo-tīng
杜猴	tōo-kâu
杜蚓仔	tōo-kún-á
杜鵑	tōo-kuan
束結	sok-kiat
束縛	sok-pa̍k
束腰	sok-io
杯仔	pue-á
東倒西歪	tang-tó-sai-uai
東洋	Tang-iûnn
東海	Tang-hái
東爿	tang-pîng
東筊	tong-kiáu
東西南北	tang-sai-lâm-pak
東風	tang-hong
松梧	siông-ngôo
松膠	siông-ka
松茸	siông-jiông
板仔	pán-á
板嘹	pán-liâu
板膋	pán-lâ
枇杷	pî-pê
枉屈	óng-khut
枉死	óng-sí
枉費	óng-huì
枋仔	pang-á
枋堵	pang-tóo
枋模	pang-bôo
枕頭囊	tsím-thâu-lông
林投	nâ-tâu
林投姊仔	Nâ-tâu-tsí-á
林菝仔	ná-pua̍t-á
果子	kué-tsí
果子園	kué-tsí-hn̂g
果子栽	kué-tsí-tsai
果子猫	kué-tsí-bâ
果然	kó-jiân
枝仔冰	ki-á-ping
枴仔	kuái-á
枵燥	iau-sò
枵過飢	iau-kuè-ki
枵飢失頓	iau-ki-sit-tǹg
枵飽吵	iau-pá-tshá
枵饞	iau-sâi
枵鬼	iau-kuí
架仔	kè-á
架跤	khuè-kha
枷車藤	kha-tshia-tîn
枸杞	kóo-kí
某乜人	bóo-mí-lâng
某人	bóo-lâng
某囝	bóo-kiánn
某大姊	bóo-tuā-tsí
柑仔	kam-á
柑仔色	kam-á-sik
柑仔蜜	kam-á-bi̍t
染布	ní-pòo
染料	ní-liāu
染色	ní-sik
柔道	jiû-tō
柚仔	iū-á
柝仔頭	kho̍k-á-thâu
查埔	tsa-poo
查埔人	tsa-poo-lâng
查埔囝	tsa-poo-kiánn
查埔囡仔	tsa-poo-gín-á
查埔祖	tsa-poo-tsóo
查數	tshâ-siàu
查某	tsa-bóo
查某人	tsa-bóo-lâng
查某囝	tsa-bóo-kiánn
查某囝日	tsa-bóo-kiánn-ji̍t
查某囡仔	tsa-bóo-gín-á
查某孫	tsa-bóo-sun
查某祖	tsa-bóo-tsóo
查某間	tsa-bóo-king
查某雨	tsa-bóo-hōo
查某體	tsa-bóo-thé
柱仔	thiāu-á
柱仔跤	thiāu-á-kha
柳丁	liú-ting
柳丁汁	liú-ting-tsiap
柴刀	tshâ-to
柴寮	tshâ-liâu
柴屐	tshâ-kia̍h
柴杙	tshâ-khi̍t
柴柴	tshâ-tshâ
柴桶	tshâ-tháng
柴梳	tshâ-se
柴目	tshâ-ba̍k
柴砧	tshâ-tiam
柴箍	tshâ-khoo
柴耙	tshâ-pê
柴草	tshâ-tsháu
柴鍥	tshâ-keh
柴門	tshâ-mn̂g
柴頭	tshâ-thâu
柴頭尪仔	tshâ-thâu-ang-á
柴魚	tshâ-hî
柿仔	khī-á
柿粿	khī-kué
柿霜	khī-sng
柿餅	khī-piánn
栓仔	sng-á
栗子	la̍t-tsí
校友	hāu-iú
校對	kàu-tuì
校工	hāu-kang
校舍	hāu-sià
校長	hāu-tiúnn
核能	hi̍k-lîng
根底	kin-té
根據	kin-kì
根本	kin-pún
根節	kin-tsat
格仔	keh-á
栽培	tsai-puê
桂竹	kuì-tik
桂竹筍	kuì-tik-sún
桂花	kuì-hue
桃仔	thô-á
桃花	thô-hue
案件	àn-kiānn
案底	àn-té
案情	àn-tsîng
桌仔	toh-á
桌屜	toh-thuah
桌崁	toh-khàm
桌布	toh-pòo
桌帷	toh-uî
桌櫃	toh-kuī
桌裙	toh-kûn
桌跤	toh-kha
桌頂	toh-tíng
桌頭	toh-thâu
桐油	tâng-iû
桑材	sng-tsâi
桔仔	kiat-á
桔仔汁	kiat-á-tsiap
桔仔餅	kiat-á-piánn
桱仔	kènn-á
桶仔	tháng-á
桶捾	tháng-kuānn
桶柑	tháng-kam
桶盤	tháng-puânn
桶筍	tháng-sún
桶箍	tháng-khoo
桶蓋	tháng-kuà
桷仔	kak-á
梁柱	niû-thiāu
梅仔	muê-á
梅仔茶	muê-á-tê
梅仔餅	muê-á-piánn
梅毒	muî-to̍k
梅花	muî-hue
條件	tiâu-kiānn
條款	tiâu-khuán
條直	tiâu-ti̍t
條約	tiâu-iok
梟雄	hiau-hiông
梢梢	sau-sau
梢聲	sau-siann
梧桐	ngôo-tông
梨仔	lâi-á
梳妝打扮	se-tsng-tánn-pān
梳頭	se-thâu
棄世	khì-sè
棄嫌	khì-hiâm
棄權	khì-khuân
棉仔	mî-á
棉仔枝	mî-á-ki
棉紗	mî-se
棉裘	mî-hiû
棉襀	mî-tsioh
棉襀被	mî-tsioh-phuē
棋子	kî-jí
棋盤	kî-puânn
棍仔	kùn-á
棑仔頭	pâi-á-thâu
棒球	pāng-kiû
棕筅仔	tsang-tshíng-á
棕蓑	tsang-sui
棕鑢仔	tsang-lù-á
棗仔	tsó-á
棧間	tsàn-king
棺木	kuan-bo̍k
棺柴	kuann-tshâ
椅仔	í-á
椅墊仔	í-tiām-á
椅桌	í-toh
椅條	í-liâu
椅苴	í-tsū
椅轎	í-kiō
椅頭仔	í-thâu-á
植物	si̍t-bu̍t
椪柑	phòng-kam
椰子	iâ-tsí
楊桃	iûnn-tô
楓仔	png-á
楓仔樹	png-á-tshiū
楔後手	seh-āu-tshiú
楔手縫	seh-tshiú-phāng
楔空	seh-khang
楔縫	seh-phāng
楠仔	lâm-á
楬仔	at-á
業債	gia̍p-tsè
業務	gia̍p-bū
業務員	gia̍p-bū-uân
極加	ki̍k-ke
極端	ki̍k-tuan
楹仔	ênn-á
概尺	kài-tshioh
概論	kài-lūn
榕仔	tshîng-á
榨菜	tsà-tshài
榫空	sún-khang
榫頭	sún-thâu
榮幸	îng-hīng
榴槤	liû-liân
槌仔	thuî-á
槌槌	thuî-thuî
槓仔	kǹg-á
槳仔	tsiúnn-á
槺榔	khong-lông
槽頭	tsô-thâu
樂園	lo̍k-hn̂g
樂暢	lo̍k-thiòng
樂觀	lo̍k-kuan
樂跎	lo̍k-tô
樂隊	ga̍k-tuī
樓仔	lâu-á
樓仔厝	lâu-á-tshù
樓尾頂	lâu-bué-tíng
樓栱	lâu-kông
樓梯	lâu-thui
樓跤	lâu-kha
樓頂	lâu-tíng
標會仔	pio-huē-á
標本	piau-pún
標準	piau-tsún
標致	phiau-tì
標頭	phiau-thâu
樟仔	tsiunn-á
樟腦	tsiunn-ló
模樣	bôo-iūnn
模範	bôo-huān
樸實	phoh-si̍t
樹仔	tshiū-á
樹奶	tshiū-ling
樹奶束仔	tshiū-ling-sok-á
樹奶糖	tshiū-ling-thn̂g
樹子	tshiū-tsí
樹尾	tshiū-bué
樹木	tshiū-ba̍k
樹林	tshiū-nâ
樹枝	tshiū-ki
樹根	tshiū-kin
樹栽	tshiū-tsai
樹梅	tshiū-m̂
樹椏	tshiū-ue
樹絡	tshiū-le
樹蔭	tshiū-ńg
樹薯	tshiū-tsî
樹豆	tshiū-tāu
樹身	tshiū-sin
樹頭	tshiū-thâu
橄欖	kan-ná
橋墩	kiô-tun
橋跤	kiô-kha
橋頂	kiô-tíng
橋頭	kiô-thâu
橐仔	lok-á
橐袋仔	lak-tē-á
機器	ki-khì
機器桶	ki-khì-tháng
機場	ki-tiûnn
機密	ki-bi̍t
機會	ki-huē
機械	ki-hāi
機關	ki-kuan
機關銃	ki-kuan-tshìng
橫扴	huâinn-ke̍h
橫直	huâinn-ti̍t
橫財	huâinn-tsâi
橫逆	hîng-gi̍k
橫霸霸	huâinn-pà-pà
檔案	tóng-àn
檢定	kiám-tīng
檢察官	kiám-tshat-kuann
檢查	kiám-tsa
檢舉	kiám-kí
檢討	kiám-thó
檢采	kiám-tshái
檢驗	kiám-giām
檢點	kiám-tiám
檨仔	suāinn-á
檨仔青	suāinn-á-tshenn
檫仔	tshat-á
檳榔	pin-nn̂g
檸檬	lê-bóng
櫥仔	tû-á
櫳仔	lông-á
櫳仔內	lông-á-lāi
櫻桃	ing-thô
櫻花	ing-hue
欄杆	lân-kan
權利	khuân-lī
權力	khuân-li̍k
權威	khuân-ui
權限	khuân-hān
欠債	khiàm-tsè
欠安	khiàm-an
欠數	khiàm-siàu
欠用	khiàm-īng
欠缺	khiàm-khueh
欠血	khiàm-hueh
欣羨	him-siān
欣賞	him-sióng
欲呢	beh-nî
欲晝仔	beh-tàu-á
欲暗仔	beh-àm-á
欲死欲活	beh-sí-beh-ua̍h
欲知	beh-tsai
欶奶	suh-ling
欶水	suh-tsuí
欶管	suh-kóng
欹空	khia-khang
欺瞞	khi-muâ
欺負	khi-hū
欺貧重富	khi-pîn-tiōng-hù
款勸	khuán-khǹg
款待	khuán-thāi
歁歁	khám-khám
歁話	khám-uē
歁頭歁面	khám-thâu-khám-bīn
歇冬	hioh-tang
歇喘	hioh-tshuán
歇寒	hioh-kuânn
歇工	hioh-kang
歇晝	hioh-tàu
歇暗	hioh-àm
歇暝	hioh-mê
歇涼	hioh-liâng
歇熱	hioh-jua̍h
歇睏	hioh-khùn
歇睏日	hioh-khùn-ji̍t
歇睏時仔	hioh-khùn-sî-á
歌仔	kua-á
歌仔先	kua-á-sian
歌仔冊	kua-á-tsheh
歌仔戲	kua-á-hì
歌手	kua-tshiú
歌曲	kua-khik
歌舞團	kua-bú-thuân
歌詩	kua-si
歌謠	kua-iâu
歕火	pûn-hué
歕觱仔	pûn-pi-á
歕雞胿	pûn-ke-kui
歕雞胿仔	pûn-ke-kui-á
歕風	pûn-hong
歡喜	huann-hí
歡歡喜喜	huann-huann-hí-hí
歡迎	huan-gîng
歡送	huan-sàng
歡頭喜面	huann-thâu-hí-bīn
止喙焦	tsí-tshuì-ta
止嗽	tsí-sàu
止枵	tsí-iau
止疼	tsí-thiànn
止血	tsí-hueh
正式	tsìng-sik
正手	tsiànn-tshiú
正手爿	tsiànn-tshiú-pîng
正月	tsiann-gue̍h
正月正時	tsiann-gue̍h-tsiann-sî
正本	tsiànn-pún
正派	tsìng-phài
正港	tsiànn-káng
正爿	tsiànn-pîng
正當	tsìng-tong
正當時	tsiànn-tong-sî
正範	tsiànn-pān
正統	tsìng-thóng
正經	tsìng-king
正義	tsìng-gī
正著時	tsiànn-tio̍h-sî
正路	tsiànn-lōo
正身	tsiànn-sin
正途	tsìng-tôo
正門	tsiànn-mn̂g
正面	tsiànn-bīn
正音	tsiànn-im
正頓	tsiànn-tǹg
步數	pōo-sòo
步輦	pōo-lián
步頻	pōo-pîn
武器	bú-khì
武市	bú-tshī
武生	bú-sing
武藝	bú-gē
武車	bú-tshia
歪哥	uai-ko
歪喙	uai-tshuì
歪斜	uai-tshua̍h
歪膏揤斜	uai-ko-tshi̍h-tshua̍h
歲壽	huè-siū
歲頭	huè-thâu
歷史	li̍k-sú
歸尾	kui-bué
歹人	pháinn-lâng
歹代	pháinn-tāi
歹價	pháinn-kè
歹剃頭	pháinn-thì-thâu
歹勢	pháinn-sè
歹吉兆	pháinn-kiat-tiāu
歹命	pháinn-miā
歹命人	pháinn-miā-lâng
歹喙	pháinn-tshuì
歹喙斗	pháinn-tshuì-táu
歹囝	pháinn-kiánn
歹天	pháinn-thinn
歹年冬	pháinn-nî-tang
歹心	pháinn-sim
歹性地	pháinn-sìng-tē
歹意	pháinn-ì
歹手爪	pháinn-tshiú-jiáu
歹扭搦	pháinn-liú-la̍k
歹日	pháinn-ji̍t
歹款	pháinn-khuán
歹死	pháinn-sí
歹物	pháinn-mi̍h
歹物仔	pháinn-mih-á
歹症頭	pháinn-tsìng-thâu
歹癖	pháinn-phiah
歹看	pháinn-khuànn
歹看相	pháinn-khuànn-siùnn
歹看面	pháinn-khuànn-bīn
歹睏	pháinn-khùn
歹積德	pháinn-tsik-tik
歹空	pháinn-khang
歹紡	pháinn-pháng
歹聲嗽	pháinn-siann-sàu
歹聽	pháinn-thiann
歹育飼	pháinn-io-tshī
歹腹肚	pháinn-pak-tóo
歹話	pháinn-uē
歹講	pháinn-kóng
歹路	pháinn-lōo
歹運	pháinn-ūn
歹銅舊錫	pháinn-tâng-kū-siah
歹面	pháinn-bīn
歹面相看	pháinn-bīn-sio-khuànn
歹食	pháinn-tsia̍h
死亡	sí-bông
死人	sí-lâng
死人款	sí-lâng-khuán
死人面	sí-lâng-bīn
死刑	sí-hîng
死囡仔	sí-gín-á
死囡仔脯	sí-gín-á-póo
死坐活食	sí-tsē-ua̍h-tsia̍h
死心	sí-sim
死忠	sí-tiong
死性	sí-sìng
死會	sí-huē
死板	sí-pán
死殗殗	sí-giān-giān
死泉	sí-tsuânn
死活	sí-ua̍h
死症	sí-tsìng
死目	sí-ba̍k
死窟仔水	sí-khut-á-tsuí
死結	sí-kat
死絕	sí-tse̍h
死罪	sí-tsuē
死肉	sí-bah
死諍	sí-tsènn
死豬仔價	sí-ti-á-kè
死賴人	sí-luā-lâng
死趖	sí-sô
死路	sí-lōo
死路旁	sí-lōo-pông
死錢	sí-tsînn
死體	sí-thé
死鹹	sí-kiâm
殕殕	phú-phú
殕色	phú-sik
殘忍	tsân-jím
殘殘	tshân-tshân
殘酷	tsân-khok
殭屍	khiong-si
殺害	sat-hāi
殺手	sat-tshiú
殺氣	sat-khì
殺生	sat-sing
殼仔絃	khak-á-hiân
毋但	m̄-nā
毋值	m̄-ta̍t
毋免	m̄-bián
毋准	m̄-tsún
毋好	m̄-hó
毋好勢	m̄-hó-sè
毋就	m̄-tō
毋情願	m̄-tsîng-guān
毋成	m̄-tsiânn
毋成人	m̄-tsiânn-lâng
毋成囝	m̄-tsiânn-kiánn
毋成囡仔	m̄-tsiânn-gín-á
毋成樣	m̄-tsiânn-iūnn
毋成物	m̄-tsiânn-mi̍h
毋成猴	m̄-tsiânn-kâu
毋才	m̄-tsiah
毋拄好	m̄-tú-hó
毋挃	m̄-ti̍h
毋捌	m̄-bat
毋敢	m̄-kánn
毋是	m̄-sī
毋是勢	m̄-sī-sè
毋是款	m̄-sī-khuán
毋甘	m̄-kam
毋甘嫌	m̄-kam-hiâm
毋甘願	m̄-kam-guān
毋知	m̄-tsai
毋知人	m̄-tsai-lâng
毋知影	m̄-tsai-iánn
毋知死	m̄-tsai-sí
毋管	m̄-kuán
毋著	m̄-tio̍h
毋通	m̄-thang
毋過	m̄-koh
毋願	m̄-guān
毋驚	m̄-kiann
母仔囝	bú-á-kiánn
母囝椅	bú-kiánn-í
母妗	bú-kīm
母校	bú-hāu
母的	bó-ê
母舅	bú-kū
母舅公	bú-kū-kong
母親	bú-tshin
母身	bó-sin
母金	bó-kim
母錢	bú-tsînn
母體	bú-thé
每年	muí-nî
每日	muí-ji̍t
毒手	to̍k-tshiú
毒藥	to̍k-io̍h
毒計	to̍k-kè
比並	pí-phīng
比喻	pí-jū
比武	pí-bú
比論	pí-lūn
比賽	pí-sài
比較	pí-kàu
毛呼	môo-honn
毛尾仔	mn̂g-bué-á
毛毯	môo-thán
毛病	môo-pēnn
毛管	mn̂g-kńg
毛蟹	môo-hē
毛跤	mn̂g-kha
毯仔	thán-á
民主	bîn-tsú
民事	bîn-sū
民俗	bîn-sio̍k
民心	bîn-sim
民意	bîn-ì
民族	bîn-tso̍k
民營化	bîn-îng-huà
民眾	bîn-tsiòng
民謠	bîn-iâu
民間	bîn-kan
氣力	khuì-la̍t
氣口	khuì-kháu
氣味	khì-bī
氣壓	khì-ap
氣怫怫	khì-phut-phut
氣掣掣	khì-tshuah-tshuah
氣數	khì-sòo
氣暢忍	khì-thiòng-lún
氣概	khì-khài
氣氛	khì-hun
氣象	khì-siōng
氣身惱命	khì-sin-lóo-miā
氣運	khì-ūn
氣魄	khì-phik
水井	tsuí-tsénn
水仙	tsuí-sian
水土	tsuí-thóo
水圳	tsuí-tsùn
水尺	tsuí-tshioh
水崩山	tsuí-pang-suann
水庫	tsuí-khòo
水拹仔	tsuí-hia̍p-á
水晶	tsuí-tsinn
水果	tsuí-kó
水梨仔	tsuí-lâi-á
水槽	tsuí-tsô
水櫃	tsuí-kuī
水母	tsuí-bó
水氣	tsuí-khì
水沖	tsuí-tshiâng
水泉	tsuí-tsuânn
水泱	tsuí-iann
水浸粿	tsuí-tsìm-kué
水源頭	tsuí-guân-thâu
水準	tsuí-tsún
水溝	tsuí-kau
水濺仔	tsuí-tsuānn-á
水災	tsuí-tsai
水燈	tsuí-ting
水牛	tsuí-gû
水獺	tsuí-thuah
水珠	tsuí-tsu
水產	tsuí-sán
水田	tsuí-tshân
水疱	tsuí-phā
水碓	tsuí-tuì
水租	tsuí-tsoo
水窟仔	tsuí-khut-á
水筆仔	tsuí-pit-á
水管	tsuí-kóng
水紅仔色	tsuí-âng-á-sik
水脈	tsuí-me̍h
水芋仔	tsuí-ōo-á
水蕹菜	tsuí-ìng-tshài
水薰吹	tsuí-hun-tshue
水薸	tsuí-phiô
水蜜桃	tsuí-bi̍t-thô
水螺	tsuí-lê
水觳仔	tsuí-khok-á
水貨	tsuí-huè
水跤	tsuí-kha
水車	tsuí-tshia
水道	tsuí-tō
水道水	tsuí-tō-tsuí
水道頭	tsuí-tō-thâu
水鉎	tsuí-sian
水銀	tsuí-gîn
水門	tsuí-mn̂g
水閘	tsuí-tsa̍h
水雞	tsuí-ke
水雞泅	tsuí-ke-siû
水電	tsuí-tiān
水頭	tsuí-thâu
水餃	tsuí-kiáu
水鴛鴦	tsuí-uan-iunn
水鴨	tsuí-ah
水龍	tsuí-lîng
水龍車	tsuí-lîng-tshia
水龜	tsuí-ku
永遠	íng-uán
求情	kiû-tsîng
求神問佛	kiû-sîn-mn̄g-pu̍t
江湖	kang-ôo
汫水	tsiánn-tsuí
汫水魚	tsiánn-tsuí-hî
汰衫	thuā-sann
決心	kuat-sim
汽水	khì-tsuí
沃水	ak-tsuí
沃澹	ak-tâm
沃肥	ak-puî
沃花	ak-hue
沃雨	ak-hōo
沉底	tîm-té
沉重	tîm-tāng
沐手	bak-tshiú
沐水	bak-tsuí
沐沐泅	bo̍k-bo̍k-siû
沒收	bu̍t-siu
沓沓仔	ta̍uh-ta̍uh-á
沓沓滴滴	ta̍p-ta̍p-tih-tih
沓滴	ta̍p-tih
沖水	tshiâng-tsuí
沖沖滾	tshiâng-tshiâng-kún
沖犯	tshiong-huān
沙埔	sua-poo
沙屑	sua-sap
沙崙	sua-lūn
沙微	sa-bui
沙拉油	sa-lá-iû
沙挑	sua-thio
沙沙	sua-sua
沙漠	sua-bo̍k
沙線	sua-suànn
沙耙	sua-pê
沙茶	sa-te
沙龍巴斯	sa-long-pa-suh
河溪	hô-khe
油垢	iû-káu
油抽	iû-thiu
油水	iû-tsuí
油洗洗	iû-sé-sé
油滓	iû-tái
油漏仔	iû-lāu-á
油炸粿	iû-tsia̍h-kué
油筒仔	iû-tâng-á
油紙	iû-tsuá
油肭肭	iû-leh-leh
油臊	iû-tsho
油菜	iû-tshài
油蔥	iû-tshang
油蔥粿	iû-tshang-kué
油車	iû-tshia
油車間	iû-tshia-king
油飯	iû-pn̄g
油魚	iû-hî
治安	tī-an
治枵	tī-iau
治病	tī-pēnn
治療	tī-liâu
治罪	tī-tsuē
沿海	iân-hái
沿路	iân-lōo
泄尿	tshuā-jiō
泅水	siû-tsuí
泉水	tsuânn-tsuí
泉源	tsuân-guân
泔糜仔	ám-muê-á
法令	huat-līng
法力	huat-li̍k
法場	huat-tiûnn
法官	huat-kuann
法師	huat-su
法度	huat-tōo
法律	huat-lu̍t
法術	huat-su̍t
法醫	huat-i
泡茶	phàu-tê
泡麵	phàu-mī
注射	tsù-siā
注意	tsù-ì
注文	tsù-bûn
注目	tsù-bo̍k
注音	tsù-im
泰國菝仔	Thài-kok-pua̍t-á
洋服	iûnn-ho̍k
洋樓	iûnn-lâu
洋蔥	iûnn-tshang
洋裝	iûnn-tsong
洗喙	sé-tshuì
洗汰	sé-thuā
洗浴	sé-i̍k
洗盪	sé-tn̄g
洗石仔	sé-tsio̍h-á
洗衫	sé-sann
洗衫店	sé-sann-tiàm
洗衫枋	sé-sann-pang
洗身軀	sé-sin-khu
洗身軀間	sé-sin-khu-king
洗門風	sé-mn̂g-hong
洗面	sé-bīn
洘旱	khó-huānn
洘流	khó-lâu
洘秫秫	khó-tsu̍t-tsu̍t
洘頭糜	khó-thâu-muê
洞房	tōng-pông
洞簫	tōng-siau
津貼	tin-thiap
洩水	sia̍p-tsuí
活動	ua̍h-tāng
活會	ua̍h-huē
活欲	ua̍h-beh
活水	ua̍h-tsuí
活潑	hua̍t-phuat
活結	ua̍h-kat
活賣	ua̍h-bē
活路	ua̍h-lōo
活跳跳	ua̍h-thiàu-thiàu
活錢	ua̍h-tsînn
活魚栽	hua̍t-hî-tsai
派出所	phài-tshut-sóo
派頭	phài-thâu
流凊汗	lâu-tshìn-kuānn
流水	lâu-tsuí
流汗流洘	lâu-kuānn-lâu-khó
流浪	liû-lōng
流湯	lâu-thng
流瀾	lâu-nuā
流產	liû-sán
流目屎	lâu-ba̍k-sái
流籠	liû-lông
流糍	lâu-tsî
流血	lâu-hueh
流行	liû-hîng
流豬哥瀾	lâu-ti-ko-nuā
流鼻	lâu-phīnn
流鼻水	lâu-phīnn-tsuí
浪子	lōng-tsú
浪蕩	lōng-tōng
浪費	lōng-huì
浮冇	phû-phànn
浮動	phû-tāng
浮崙	phû-lūn
浮沉	phû-tîm
浮浪貢	phû-lōng-kòng
浮石	phû-tsio̍h
浴桶	i̍k-tháng
浴間仔	i̍k-king-á
海參	hái-sim
海口	hái-kháu
海口腔	hái-kháu-khiunn
海味	hái-bī
海和尚	hái-huê-siūnn
海坪	hái-phiânn
海埔	hái-poo
海墘	hái-kînn
海岸	hái-huānn
海島	hái-tó
海峽	hái-kiap
海帶	hái-tuà
海底	hái-té
海棠	hái-tông
海水浴場	hái-tsuí-i̍k-tiûnn
海沙埔	hái-sua-poo
海洋	hái-iûnn
海海	hái-hái
海湧	hái-íng
海漲	hái-tiòng
海狗	hái-káu
海獺	hái-thuah
海瓜子	hái-kue-tsí
海產	hái-sán
海產糜	hái-sán-muê
海綿	hái-mî
海線	hái-suànn
海翁	hái-ang
海菜	hái-tshài
海虼蚻	hái-ka-tsua̍h
海蛇	hái-tsuâ
海豬	hái-ti
海豹	hái-pà
海賊	hái-tsha̍t
海量	hái-liōng
海面	hái-bīn
海風	hái-hong
海鰻	hái-muâ
海鱺仔	hái-lē-á
海龍王	Hái-lîng-ông
浸柿	tsìm-khī
消化	siau-huà
消失	siau-sit
消定	siau-tiānn
消息	siau-sit
消敨	siau-tháu
消極	siau-ki̍k
消毒	siau-to̍k
消水	siau-tsuí
消滅	siau-bia̍t
消災解厄	siau-tsai-kái-eh
消瘦落肉	siau-sán-lo̍h-bah
消費	siau-huì
消費者	siau-huì-tsiá
消遣	siau-khián
消防隊	siau-hông-tuī
消除	siau-tû
消風	siau-hong
涵溝	âm-kau
涵空	âm-khang
涵空龜	âm-khang-ku
涼亭	liâng-tîng
涼傘	niû-suànn
涼勢	liâng-sè
涼水	liâng-tsuí
涼的	liâng-ê
涼腔	liâng-khiang
涼風	liâng-hong
淋水	lâm-tsuí
淋碭	lâm-thn̄g
淋雨	lâm-hōo
淑女	siok-lí
淘井	tô-tsénn
淡水	Tām-tsuí
淡薄仔	tām-po̍h-á
淨香	tsīng-hiunn
淪陷	lûn-hām
淫亂	îm-luān
淮山	huâi-san
深井	tshim-tsénn
深交	tshim-kau
深刻	tshim-khik
深坑	tshim-khenn
深夜	tshim-iā
深山林內	tshim-suann-nâ-lāi
深度	tshim-tōo
深淺	tshim-tshián
深目	tshim-ba̍k
深緣	tshim-iân
深造	tshim-tsō
混亂	hūn-luān
混合	hūn-ha̍p
淹大水	im-tuā-tsuí
淹死	im-sí
淹水	im-tsuí
淺想	tshián-siūnn
淺拖仔	tshián-thua-á
淺眠	tshián-bîn
淺緣	tshián-iân
淺色	tshián-sik
淺見	tshián-kiàn
添丁	thiam-ting
添油香	thiam-iû-hiunn
添福壽	thiam-hok-siū
添粧	thiam-tsng
添話	thinn-uē
添飯	thinn-pn̄g
清單	tshing-tuann
清寒	tshing-hân
清幽	tshing-iu
清廉	tshing-liâm
清彩	tshing-tshái
清心	tshing-sim
清數	tshing-siàu
清氣	tshing-khì
清氣相	tshing-khì-siùnn
清水	tshing-tsuí
清淨	tshing-tsīng
清潔	tshing-kiat
清火	tshing-hué
清白	tshing-pi̍k
清秀	tshing-siù
清糜	tshing-muê
清芳	tshing-phang
清茶	tshing-tê
清酒	tshing-tsiú
清閒	tshing-îng
清飯	tshing-pn̄g
減法	kiám-huat
減省	kiám-síng
渡口	tōo-kháu
渡船	tōo-tsûn
渡頭	tōo-thâu
渡鳥	tōo-tsiáu
測量	tshik-liông
測驗	tshik-giām
港墘	káng-kînn
港路	káng-lōo
湠根	thuànn-kin
湠種	thuànn-tsíng
湠開	thuànn-khui
湯匙仔	thng-sî-á
湯匙仔菜	thng-sî-á-tshài
湯頭	thng-thâu
湳仔地	làm-á-tē
湳塗	làm-thôo
湳田	làm-tshân
準做	tsún-tsò
準備	tsún-pī
準拄好	tsún-tú-hó
準拄煞	tsún-tú-suah
準時	tsún-sî
準算	tsún-sǹg
溜旋	liu-suan
溝仔	kau-á
溢刺酸	ik-tshiah-sng
溢奶	ik-ling
溪仔	khe-á
溪仔墘	khe-á-kînn
溪哥仔	khe-ko-á
溪埔	khe-poo
溪溝	khe-kau
溫暖	un-luán
溫柔	un-jiû
溫泉	un-tsuânn
溫罐	un-kuàn
溫習	un-si̍p
溫馴	un-sûn
溼溼	sip-sip
滅亡	bia̍t-bông
滋味	tsu-bī
滋養	tsu-ióng
滑倒	ku̍t-tó
滑溜溜	ku̍t-liu-liu
滯滯	tù-tù
滲尿	siàm-jiō
滲屎	siàm-sái
滲屎尿	siàm-sái-jiō
滷卵	lóo-nn̄g
滷肉	lóo-bah
滷肉飯	lóo-bah-pn̄g
滷麵	lóo-mī
滸苔	hóo-thî
滾水	kún-tsuí
滾水罐	kún-tsuí-kuàn
滾笑	kún-tshiò
滾絞	kún-ká
滾絞疼	kún-ká-thiànn
滾耍笑	kún-sńg-tshiò
滿四界	muá-sì-kè
滿意	muá-ì
滿月	muá-gue̍h
滿滿	buán-buán
滿滿是	muá-muá-sī
滿腹	muá-pak
滿足	buán-tsiok
滿面	muá-bīn
漁港	hî-káng
漂白	phiò-pe̍h
漂白粉	phiò-pe̍h-hún
漉喙	lo̍k-tshuì
漉糊糜	lo̍k-kôo-muê
漏洩	lāu-sia̍p
漏稅	lāu-suè
演員	ián-uân
演奏	ián-tsàu
演戲	ián-hì
演義	ián-gī
演習	ián-si̍p
演講	ián-káng
演變	ián-piàn
漚古	àu-kóo
漚客	àu-kheh
漚屎	àu-sái
漚屎步	àu-sái-pōo
漚屎面	àu-sái-bīn
漚戲拖棚	àu-hì-thua-pênn
漚步	àu-pōo
漚肥	au-puî
漚色	àu-sik
漚貨	àu-huè
漚鬱熱	àu-ut-jua̍h
漚鹹菜	au-kiâm-tshài
漢字	hàn-jī
漢學仔先	hàn-o̍h-á-sian
漢文	hàn-bûn
漢草	hàn-tsháu
漢藥	hàn-io̍h
漢藥店	hàn-io̍h-tiàm
漢醫	hàn-i
漩尿	suān-jiō
漩桶	suān-tháng
漲懸價	tiùnn-kuân-kè
漳泉濫	Tsiang-Tsuân-lām
漸漸	tsiām-tsiām
漿泔	tsiunn-ám
漿洗	tsiunn-sé
漿衫	tsiunn-sann
潑雨	phuah-hōo
潘桶	phun-tháng
潘水	phun-tsuí
潘泔	phun-ám
潦草	ló-tshó
潭仔	thâm-á
潮流	tiâu-liû
澄清	tîng-tshing
澎湖菜瓜	phênn-ôo-tshài-kue
澩澩	ha̍unnh-ha̍unnh
澹水地	tâm-tsuí-tē
澹漉漉	tâm-lok-lok
澹糊糊	tâm-kôo-kôo
激五仁	kik-ngóo-jîn
激力	kik-la̍t
激外外	kik-guā-guā
激屎	kik-sái
激心	kik-sim
激怐怐	kik-khòo-khòo
激氣	kik-khì
激派頭	kik-phài-thâu
激烈	kik-lia̍t
激空	kik-khang
激腦	kik-ló
激酒	kik-tsiú
激面腔	kik-bīn-tshiunn
激骨	kik-kut
激骨話	kik-kut-uē
濟少	tsē-tsió
濟濟	tsē-tsē
濟話	tsē-uē
濫使	lām-sú
濫糝	lām-sám
濺水	tsuānn-tsuí
瀉藥仔	sià-io̍h-á
瀾垂	nuā-sê
灇水	tsâng-tsuí
灌水	kuàn-tsuí
灌腸	kuàn-tshiâng
灌風	kuàn-hong
火大	hué-tuā
火夾	hué-ngeh
火屎	hué-sái
火山	hué-suann
火引	hué-ín
火星	hué-tshenn
火母	hué-bó
火氣	hué-khì
火災	hué-tsai
火炭	hué-thuànn
火烌	hué-hu
火烌性	hué-hu-sìng
火熥	hué-thang
火燒	hué-sio
火燒厝	hué-sio-tshù
火燒埔	hué-sio-poo
火燒山	hué-sio-suann
火珠仔	hué-tsu-á
火石仔	hué-tsio̍h-á
火種	hué-tsíng
火管	hué-kńg
火箭	hué-tsìnn
火箸	hué-tī
火腿	hué-thuí
火舌	hué-tsi̍h
火薰	hué-hun
火車	hué-tshia
火車母	hué-tshia-bó
火車站	hué-tshia-tsām
火車路	hué-tshia-lōo
火車頭	hué-tshia-thâu
火金星	hué-kim-tshenn
火金蛄	hué-kim-koo
火鉗	hué-khînn
火鍋	hué-ko
火雞	hué-ke
火雞母	hué-ke-bó
火鼠	hué-tshí
灰匙仔	hue-sî-á
灰窯	hue-iô
灶跤	tsàu-kha
灶頭	tsàu-thâu
災厄	tsai-eh
災害	tsai-hāi
災民	tsai-bîn
災禍	tsai-hō
災難	tsai-lān
炊床	tshue-sn̂g
炊斗	tshue-táu
炊粉	tshue-hún
炊粿	tshue-kué
炕窯	khòng-iô
炕肉	khòng-bah
炕肉飯	khòng-bah-pn̄g
炕菜頭	khòng-tshài-thâu
炭屎	thuànn-sái
炭礦	thuànn-khòng
炭空	thuànn-khang
炭窯	thuànn-iô
炮仔	phàu-á
炮台	phàu-tâi
炸彈	tsà-tuânn
炸油	tsuànn-iû
炸藥	tsà-io̍h
為難	uî-lân
為非糝做	uî-hui-sám-tsò
烏人	oo-lâng
烏仁	oo-jîn
烏仁目鏡	oo-jîn-ba̍k-kiànn
烏名單	oo-miâ-tuann
烏喙筆仔	oo-tshuì-pit-á
烏塗	oo-thôo
烏墨	oo-ba̍k
烏天暗地	oo-thinn-àm-tē
烏子仔菜	oo-tsí-á-tshài
烏尾冬	oo-bué-tang
烏市	oo-tshī
烏影	oo-iánn
烏心石	oo-sim-tsio̍h
烏心肝	oo-sim-kuann
烏手	oo-tshiú
烏斑	oo-pan
烏暗	oo-àm
烏暗眩	oo-àm-hîn
烏有	oo-iú
烏枋	oo-pang
烏枋拭仔	oo-pang-tshit-á
烏格仔	oo-keh-á
烏梅仔酒	oo-muê-á-tsiú
烏棗	oo-tsó
烏毛	oo-moo
烏油	oo-iû
烏滓血	oo-lái-hueh
烏漉肚	oo-lok-tōo
烏漚	oo-áu
烏焦瘦	oo-ta-sán
烏煙	oo-ian
烏煙黗	oo-ian-thûn
烏狗	oo-káu
烏狗兄	oo-káu-hiann
烏璇石	oo-suān-tsio̍h
烏甕串	oo-àng-tshǹg
烏甜仔菜	oo-tinn-á-tshài
烏痣	oo-kì
烏白	oo-pe̍h
烏白來	oo-pe̍h-lâi
烏白切	oo-pe̍h-tshiat
烏真珠	oo-tsin-tsu
烏笛仔	oo-ta̍t-á
烏糖	oo-thn̂g
烏糖粿	oo-thn̂g-kué
烏耳鰻	oo-hīnn-muâ
烏色	oo-sik
烏蝛	oo-bui
烏西	oo-se
烏豆	oo-tāu
烏貓	oo-niau
烏貓姊仔	oo-niau-tsí-á
烏趖趖	oo-sô-sô
烏道	oo-tō
烏醋	oo-tshòo
烏金	oo-kim
烏鉎	oo-sian
烏陰	oo-im
烏陰天	oo-im-thinn
烏雲	oo-hûn
烏青	oo-tshenn
烏青凝血	oo-tshenn-gîng-hueh
烏面抐桮	oo-bīn-lā-pue
烏面賊	oo-bīn-tsha̍t
烏頭仔車	oo-thâu-á-tshia
烏骨雞	oo-kut-ke
烏魚	oo-hî
烏魚子	oo-hî-tsí
烏魚鰾	oo-hî-piō
烏魯木齊	oo-lóo-bo̍k-tsè
烏鯧	oo-tshiunn
烏鴉	oo-a
烏鴉喙	oo-a-tshuì
烏鶖	oo-tshiu
烏麻油	oo-muâ-iû
烏點	oo-tiám
烏龍仔	oo-liông-á
烏龍茶	oo-liông-tê
烏龜	oo-ku
烘火	hang-hué
烘爐	hang-lôo
烘肉	hang-bah
焙茶	puē-tê
無一定	bô-it-tīng
無下落	bô-hē-lo̍h
無了時	bô-liáu-sî
無事使	bô-sū-sái
無人緣	bô-lâng-iân
無仝	bô-kāng
無代無誌	bô-tāi-bô-tsì
無依無倚	bô-i-bô-uá
無偌久	bô-guā-kú
無傳	bô-thn̂g
無半撇	bô-puànn-phiat
無半步	bô-puànn-pōo
無半絲	bô-puànn-si
無半項	bô-puànn-hāng
無去	bô-khì
無可奈何	bû-khó-nāi-hô
無品	bô-phín
無啥物	bô-siánn-mih
無啥貨	bô-siánn-huè
無夠	bô-kàu
無夠月	bô-kàu-gue̍h
無夠重	bô-kàu-tāng
無大無細	bô-tuā-bô-sè
無天理	bô-thinn-lí
無天良	bô-thian-liông
無奈	bô-nāi
無奈何	bô-ta-uâ
無定著	bô-tiānn-tio̍h
無尾巷	bô-bué-hāng
無局	bô-kio̍k
無差	bô-tsha
無底代	bô-tī-tāi
無張持	bô-tiunn-tî
無彩	bô-tshái
無彩工	bô-tshái-kang
無影	bô-iánn
無影無跡	bô-iánn-bô-tsiah
無心情	bô-sim-tsîng
無心肝	bô-sim-kuann
無情	bô-tsîng
無意中	bô-ì-tiong
無意無思	bô-ì-bô-sù
無愛	bô-ài
無所謂	bû-sóo-uī
無才	bô-tsâi
無打緊	bô-tánn-kín
無拄好	bô-tú-hó
無捨施	bô-siá-sì
無攬無拈	bô-lám-bô-ne
無暝無日	bô-mê-bô-ji̍t
無望	bô-bāng
無某無猴	bô-bóo-bô-kâu
無步	bô-pōo
無毋著	bô-m̄-tio̍h
無氣	bô-khuì
無法伊	bô-huat-i
無法度	bô-huat-tōo
無法無天	bû-huat-bû-thian
無疑	bô-gî
無疑悟	bô-gî-ngōo
無的確	bô-tik-khak
無盤	bô-puânn
無相干	bô-siong-kan
無眠	bô-bîn
無礙著	bô-gāi-tio̍h
無神	bô-sîn
無禮	bô-lé
無空	bô-khang
無精差	bô-tsing-tsha
無細膩	bô-sè-jī
無線電	bô-suànn-tiān
無聲無說	bô-siann-bô-sueh
無膽	bô-tánn
無良心	bô-liông-sim
無要無緊	bô-iàu-bô-kín
無要緊	bô-iàu-kín
無論	bô-lūn
無講無呾	bô-kóng-bô-tànn
無議量	bô-gī-niū
無路	bô-lōo
無路來	bô-lōo-lâi
無路用	bô-lōo-īng
無較縒	bô-khah-tsua̍h
無辜	bû-koo
無通	bô-thong
無量	bô-liōng
無銷	bô-siau
無錯	bô-tshò
無閒	bô-îng
無限	bû-hān
無頭神	bô-thâu-sîn
無鹹無纖	bô-kiâm-bô-siam
焦料	ta-liāu
焦洗	ta-sé
焦涸涸	ta-khok-khok
焦燥	ta-sò
焦鬆	ta-sang
然後	jiân-āu
煎匙	tsian-sî
煎粿	tsian-kué
煎茶	tsuann-tê
煎藥仔	tsuann-io̍h-á
煏桌	piak-toh
煏油	piak-iû
煏空	piak-khang
煙仔魚	ian-á-hî
煙暈	ian-n̄g
煙火	ian-hué
煙筒	ian-tâng
煙筒管	ian-tâng-kóng
煙腸	ian-tshiâng
煙黗	ian-thûn
煞去	suah-khì
煞尾	suah-bué
煞尾仔囝	suah-bué-á-kiánn
煞心	sannh-sim
煞戲	suah-hì
煞煞去	suah-suah-khì
煞神	suah-sîn
煞著	suah-tio̍h
煞鼓	suah-kóo
照呼照行	tsiàu-hoo-tsiàu-kiânn
照實	tsiàu-si̍t
照常	tsiàu-siông
照步來	tsiàu-pōo-lâi
照講	tsiàu-kóng
照起工	tsiàu-khí-kang
照辦	tsiàu-pān
照鏡	tsiò-kiànn
照電光	tsiò-tiān-kong
照顧	tsiàu-kòo
煩惱	huân-ló
煮食	tsú-tsia̍h
煮食裙仔	tsú-tsia̍h-kûn-á
煽動	siàn-tōng
熊膽	hîm-tánn
熟似	si̍k-sāi
熟似人	si̍k-sāi-lâng
熟手	si̍k-tshiú
熟鐵	si̍k-thih
熨斗	ut-táu
熨金	ut-kim
熱人	jua̍h-lâng
熱嗽	jia̍t-sàu
熱天	jua̍h-thinn
熱帶	jia̍t-tài
熱心	jia̍t-sim
熱毒	jia̍t-to̍k
熱著	jua̍h-tio̍h
燃柴	hiânn-tshâ
燃水	hiânn-tsuí
燃火	hiânn-hué
燈仔花	ting-á-hue
燈塔	ting-thah
燈座	ting-tsō
燈心	ting-sim
燈火	ting-hué
燈猜	ting-tshai
燒唿唿	sio-hut-hut
燒水	sio-tsuí
燒滾滾	sio-kún-kún
燒烘烘	sio-hōng-hōng
燒烙	sio-lō
燒熱	sio-jua̍h
燒肉	sio-bah
燒著	sio-tio̍h
燒酒	sio-tsiú
燒酒螺	sio-tsiú-lê
燒酒雞	sio-tsiú-ke
燒金	sio-kim
燒香	sio-hiunn
燕仔	ìnn-á
燕窩	iàn-o
燖補	tīm-póo
燖鍋	tīm-ue
燜飯	būn-pn̄g
營業	îng-gia̍p
營養	îng-ióng
燥水	sò-tsuí
燦爛	tshàn-lān
燭台	tsik-tâi
爁日	nah-ji̍t
爆炸	po̍k-tsà
爍爁	sih-nah
爐丹	lôo-tan
爐主	lôo-tsú
爛塗	nuā-thôo
爛塗糜	nuā-thôo-muê
爛癬	nuā-sián
爛糊糊	nuā-kôo-kôo
爪仔	jiáu-á
爭論	tsing-lūn
父兄	hū-hing
父母	hū-bió
父老	hū-ló
爸仔囝	pē-á-kiánn
爸母	pē-bú
爸老囝幼	pē-lāu-kiánn-iù
爽快	sóng-khuài
爽歪歪	sóng-uainn-uainn
爾爾	niā-niā
牆仔	tshiûnn-á
牆圍	tshiûnn-uî
牌仔	pâi-á
牌子	pâi-tsú
牌照	pâi-tsiàu
牙槽	gê-tsô
牙槽骨	gê-tsô-kut
牚懸	thènn-kuân
牚腿	thènn-thuí
牚頭	thènn-thâu
牛仔囝	gû-á-kiánn
牛仔褲	gû-á-khòo
牛喙罨	gû-tshuì-am
牛奶	gû-ling
牛奶喙仔	gû-ling-tshuì-á
牛奶糖	gû-ling-thn̂g
牛奶色	gû-ling-sik
牛屎色	gû-sái-sik
牛屎鳥仔	gû-sái-tsiáu-á
牛屎龜	gû-sái-ku
牛捽仔	gû-sut-á
牛擔	gû-tann
牛杙仔	gû-khi̍t-á
牛母	gû-bó
牛牢	gû-tiâu
牛犅	gû-káng
牛種仔	gû-tsíng-á
牛索	gû-soh
牛聲馬喉	gû-siann-bé-âu
牛肚	gû-tōo
牛腩	gû-lám
牛螕	gû-pi
牛角	gû-kak
牛角花	gû-kak-hue
牛貫	gû-kǹg
牛郎	Gû-nn̂g
牛陵	gû-niā
牛頓草	gû-tùn-tsháu
牛頭	gû-thâu
牛鼻圈	gû-phīnn-khian
牡丹	bóo-tan
牢腹	tiâu-pak
牢鼎	tiâu-tiánn
牧場	bo̍k-tiûnn
牧師	bo̍k-su
物仔	mih-á
物件	mi̍h-kiānn
物價	bu̍t-kè
物理	bu̍t-lí
物配	mi̍h-phuè
物食	mi̍h-tsia̍h
牲醴	sing-lé
特別	ti̍k-pia̍t
特效藥	ti̍k-hāu-io̍h
特權	ti̍k-khuân
特殊	ti̍k-sû
特色	ti̍k-sik
牽亡	khan-bông
牽公	khan-kong
牽尪姨	khan-ang-î
牽師仔	khan-sai-á
牽成	khan-sîng
牽手	khan-tshiú
牽抾	khan-khioh
牽拖	khan-thua
牽挽	khan-bán
牽核仔	khan-ha̍t-á
牽牛	khan-gû
牽猴仔	khan-kâu-á
牽的	khan-ê
牽粉	khan-hún
牽絲	khan-si
牽線	khan-suànn
牽罟	khan-koo
牽羅經	khan-lô-kenn
牽羹	khan-kenn
牽藤	khan-tîn
牽豬哥	khan-ti-ko
牽車	khan-tshia
牽連	khan-liân
牽龜落湳	khan-ku-lo̍h-làm
犀牛	sai-gû
犁田	lê-tshân
犧牲	hi-sing
犯人	huān-lâng
犯法	huān-huat
犯罪	huān-tsuē
犯著	huān-tio̍h
狀元	tsiōng-guân
狀元粿	tsiōng-guân-kué
狐狸	hôo-lî
狐狸精	hôo-lî-tsiann
狗仔	káu-á
狗公	káu-kang
狗公腰	káu-kang-io
狗岫	káu-siū
狗母	káu-bó
狗母鍋	káu-bó-ue
狗母魚	káu-bó-hî
狗牙	káu-gê
狗空	káu-khang
狗肉數	káu-bah-siàu
狗蝨	káu-sat
狗蟻	káu-hiā
狗蟻碟仔	káu-hiā-ti̍h-á
狗鯊	káu-sua
狡怪	káu-kuài
狸猫	lî-bâ
狼毒	lông-to̍k
狼狽	lông-puē
猛將	bíng-tsiòng
猛掠	mé-lia̍h
猛火	mé-hué
猛獸	bíng-siù
猛醒	mé-tshénn
猜想	tshai-sióng
猜疑	tshai-gî
猫仔	bâ-á
猴囡仔	kâu-gín-á
猴山仔	kâu-san-á
猴戲	kâu-hì
猴齊天	Kâu-Tsê-thian
猶原	iu-guân
猶是	iáu-sī
猶有	iáu-ū
猶未	iáu-buē
猶毋過	iáu-m̄-koh
猶閣	iáu-koh
猶閣咧	iáu-koh-teh
獅仔鼻	sai-á-phīnn
獎勵	tsióng-lē
獎狀	tsióng-tsn̄g
獎金	tsióng-kim
獨獨	to̍k-to̍k
獨立	to̍k-li̍p
獨裁	to̍k-tshâi
獨身	to̍k-sin
獸醫	siù-i
獻敬	hiàn-kìng
獻計	hiàn-kè
玉仔	gi̍k-á
玉皇大帝	Gio̍k-hông-tāi-tè
玉蘭花	gio̍k-lân-hue
王后	ông-hiō
王哥柳哥	Ông-ko-Liú-ko
王梨	ông-lâi
王梨酥	ông-lâi-soo
王爺	ông-iâ
王爺債	ông-iâ-tsè
王祿仔	ông-lo̍k-á
王見王	ông-kiàn-ông
玫瑰花	muî-kuì-hue
玲瑯鼓	lin-long-kóo
玻璃	po-lê
珊瑚	suan-ôo
珍寶	tin-pó
珍惜	tin-sioh
珠仔	tsu-á
珠仔龜	tsu-á-ku
珠寶	tsu-pó
珠淚	tsu-luī
珠蔥	tsu-tshang
珠螺	tsu-lê
珠螺膎	tsu-lê-kê
班長	pan-tiúnn
現世	hiān-sì
現代	hiān-tāi
現場	hiān-tiûnn
現實	hiān-si̍t
現拄現	hiān-tú-hiān
現此時	hiān-tshú-sî
現流仔	hiān-lâu-á
現現	hiān-hiān
現胸	hiàn-hing
現象	hiān-siōng
現金	hiān-kim
球場	kiû-tiûnn
球桮	kiû-pue
球箠	kiû-tshuê
球賽	kiû-sài
球間	kiû-king
球鞋	kiû-ê
理事	lí-sū
理解	lí-kái
理論	lí-lūn
理財	lí-tsâi
琴子	khîm-jí
琵琶	pî-pê
瑪瑙	bé-ló
璇石	suān-tsio̍h
璇筆	suān-pit
環境	khuân-kíng
瓊花	khîng-hue
瓜仔	kue-á
瓜仔哖	kue-á-nî
瓜子	kue-tsí
瓜笠仔	kue-le̍h-á
瓦厝	hiā-tshù
瓦杮仔	hiā-phuè-á
瓦窯	hiā-iô
瓷仔	huî-á
瓷仔店	huî-á-tiàm
甌仔	au-á
甕仔	àng-á
甕肚	àng-tōo
甘心	kam-sim
甘甜	kam-tinn
甘草	kam-tshó
甘蔗	kam-tsià
甘蔗粕	kam-tsià-phoh
甘願	kam-guān
甚至	sīm-tsì
甜湯	tinn-thng
甜瓜	tinn-kue
甜粅粅	tinn-but-but
甜粿	tinn-kué
甜茶	tinn-tê
甜蜜	tinn-bi̍t
甜言蜜語	tinn-giân-bi̍t-gí
甜豆	tinn-tāu
甜路	tinn-lōo
生仔	senn-á
生份	senn-hūn
生份人	senn-hūn-lâng
生做	senn-tsò
生冷	tshenn-líng
生卵	senn-nn̄g
生囝	senn-kiánn
生囡仔	senn-gín-á
生存	sing-tsûn
生張	senn-tiunn
生成	senn-sîng
生日	senn-ji̍t
生時日月	senn-sî-ji̍t-gue̍h
生本	senn-pún
生檨仔	senn-suāinn-á
生死	senn-sí
生活	sing-ua̍h
生湠	senn-thuànn
生狂	tshenn-kông
生理	sing-lí
生理人	sing-lí-lâng
生理場	sing-lí-tiûnn
生產	sing-sán
生番	tshenn-huan
生疏	tshenn-soo
生癬	senn-sián
生相	senn-siùnn
生真	tshenn-tsin
生粒仔	senn-lia̍p-á
生腸	senn-tn̂g
生菇	senn-koo
生菜	tshenn-tshài
生話	senn-uē
生路	senn-lōo
生鉎	senn-sian
生鍋	senn-ue
生鐵	senn-thih
生長	sing-tióng
生頭凊面	tshenn-thâu-tshìn-bīn
生驚	tshenn-kiann
產地	sán-tē
產婆	sán-pô
產婦	sán-hū
產業	sán-gia̍p
用功	iōng-kong
用心	iōng-sim
用意	iōng-ì
用途	iōng-tôo
田佃	tshân-tiān
田僑仔	tshân-kiâu-á
田園	tshân-hn̂g
田契	tshân-khè
田嬰	tshân-enn
田岸	tshân-huānn
田岸路	tshân-huānn-lōo
田庄	tshân-tsng
田租	tshân-tsoo
田蛤仔	tshân-kap-á
田螺	tshân-lê
由來	iû-lâi
由在	iû-tsāi
甲子	kah-tsí
甲箬笠	kah-ha̍h-le̍h
甲馬	kah-bé
申冤	sin-uan
申訴	sin-sòo
申請	sin-tshíng
男女	lâm-lí
男子	lâm-tsú
男子漢	lâm-tsú-hàn
界限	kài-hān
畏寒	uì-kuânn
畏熱	uì-jua̍h
留戀	liû-luân
畚斗	pùn-táu
畚箕	pùn-ki
畜生	thik-senn
略仔	lio̍h-á
略略仔	lio̍h-lio̍h-á
番仔	huan-á
番仔幔	huan-á-mua
番仔樓	huan-á-lâu
番仔油	huan-á-iû
番仔火	huan-á-hué
番仔薑	huan-á-kiunn
番婆	huan-pô
番社	huan-siā
番薑仔	huan-kiunn-á
番薯	han-tsî
番薯仔囝	han-tsî-á-kiánn
番薯稜	han-tsî-lîng
番薯箍	han-tsî-khoo
番薯簽	han-tsî-tshiam
番薯粉	han-tsî-hún
番號	huan-hō
番顛	huan-tian
番鴨	huan-ah
番麥	huan-be̍h
番黍	huan-sé
畫尪仔	uē-ang-á
畫巡	uē-sûn
畫符仔	uē-hû-á
畫糖尪仔	uē-thn̂g-ang-á
異性	ī-sìng
當事人	tong-sū-jîn
當值	tong-ti̍t
當做	tòng-tsò
當初	tong-tshoo
當咧	tng-teh
當地	tong-tē
當場	tong-tiûnn
當年	tong-nî
當店	tǹg-tiàm
當時	tang-sî
當歸	tong-kui
當然	tong-jiân
當票	tǹg-phiò
當選	tòng-suán
當面	tng-bīn
當頭對面	tng-thâu-tuì-bīn
當頭白日	tng-thâu-pe̍h-ji̍t
疏忽	soo-hut
疏櫳	se-lang
疏遠	soo-uán
疏開	soo-khai
疑問	gî-būn
疑心	gî-sim
疑神疑鬼	gî-sîn-gî-kuí
疔仔	ting-á
疲勞	phî-lô
疳瘡	kam-tshng
疳積	kam-tsik
疶屎	tshuah-sái
疼命命	thiànn-miā-miā
疼心	thiànn-sim
疼惜	thiànn-sioh
疼某菜	thiànn-bóo-tshài
疼痛	thiànn-thàng
病人	pēnn-lâng
病囝	pēnn-kiánn
病床	pēnn-tshn̂g
病情	pēnn-tsîng
病母	pēnn-bó
病疼	pēnn-thiànn
病相思	pēnn-siunn-si
病院	pēnn-īnn
病體	pēnn-thé
症頭	tsìng-thâu
痔瘡	tī-tshng
痕跡	hûn-jiah
痚呴	he-ku
痚呴嗽	he-ku-sàu
痛疼	thàng-thiànn
痛苦	thòng-khóo
痟人	siáu-lâng
痟狗	siáu-káu
痟狗湧	siáu-káu-íng
痟狗病	siáu-káu-pēnn
痟狗症	siáu-káu-tsìng
痟痟	siáu-siáu
痟的	siáu-ê
痟話	siáu-uē
痟貪	siáu-tham
痠抽疼	sng-thiu-thiànn
痠疼	sng-thiànn
痠軟	sng-nńg
痡心	pôo-sim
痰壺	thâm-ôo
痰瀾	thâm-nuā
痰罐	thâm-kuàn
痱仔	puì-á
痱仔粉	puì-á-hún
痴哥	tshi-ko
痴哥神	tshi-ko-sîn
痴情	tshi-tsîng
痴迷	tshi-bê
瘟疫	un-i̍k
瘦卑巴	sán-pi-pa
瘦抽	sán-thiu
瘦猴	sán-kâu
瘦田	sán-tshân
瘦肉	sán-bah
瘸手	khuê-tshiú
瘸跤	khuê-kha
療養	liâu-ióng
癖性	phiah-sìng
癮仙哥	giàn-sian-ko
癮頭	giàn-thâu
癰仔	ing-á
登記	ting-kì
發作	huat-tsok
發出	huat-tshut
發動	huat-tōng
發喙齒	huat-tshuì-khí
發展	huat-tián
發性地	huat-sìng-tē
發揚	huat-iông
發揮	huat-hui
發明	huat-bîng
發炎	huat-iām
發燒	huat-sio
發爐	huat-lôo
發狂	huat-kông
發現	huat-hiān
發生	huat-sing
發癀	huat-hông
發穎	huat-ínn
發粉	huat-hún
發粿	huat-kué
發芽	puh-gê
發落	hua̍t-lo̍h
發行	huat-hîng
發表	huat-piáu
發覺	huat-kak
發角	huat-kak
發財仔車	huat-tsâi-á-tshia
發起	huat-khí
發輦	huat-lián
發達	huat-ta̍t
發酵	huat-kànn
發願	huat-guān
白仁	pe̍h-jîn
白內障	pe̍h-lāi-tsiàng
白包	pe̍h-pau
白喉	pe̍h-âu
白墨	pe̍h-ba̍k
白帖仔	pe̍h-thiap-á
白帶	pe̍h-tài
白帶魚	pe̍h-tuà-hî
白斑	pe̍h-pan
白木耳	pe̍h-bo̍k-ní
白柚	pe̍h-iū
白汫無味	pe̍h-tsiánn-bô-bī
白滾水	pe̍h-kún-tsuí
白煠	pe̍h-sa̍h
白癜	pe̍h-tiō
白癬	pe̍h-sián
白白	pe̍h-pe̍h
白目	pe̍h-ba̍k
白糖	pe̍h-thn̂g
白糖蔥	pe̍h-thn̂g-tshang
白翎鷥	pe̍h-līng-si
白肉	pe̍h-bah
白腹仔	pe̍h-pak-á
白色	pe̍h-sik
白菜	pe̍h-tshài
白菜滷	pe̍h-tshài-lóo
白蔥蔥	pe̍h-tshang-tshang
白虎湯	pe̍h-hóo-thng
白蟻	pe̍h-hiā
白話	pe̍h-uē
白話字	Pe̍h-uē-jī
白講	pe̍h-kóng
白賊	pe̍h-tsha̍t
白賊七仔	pe̍h-tsha̍t-tshit-á
白賊話	pe̍h-tsha̍t-uē
白跤蹄	pe̍h-kha-tê
白醋	pe̍h-tshòo
白鐵仔	pe̍h-thih-á
白鑠鑠	pe̍h-siak-siak
白韭菜	pe̍h-kú-tshài
白頭鵠仔	pe̍h-thâu-khok-á
白食	pe̍h-tsia̍h
白飯	pe̍h-pn̄g
白鯧	pe̍h-tshiunn
白鶴	pe̍h-ho̍h
白麻	pe̍h-muâ
白麻油	pe̍h-muâ-iû
百二	pah-jī
百姓	peh-sènn
百日	pah-ji̍t
百日嗽	pah-ji̍t-sàu
百日紅	pah-ji̍t-âng
百樣	pah-iūnn
百步蛇	pah-pōo-tsuâ
百百款	pah-pah-khuán
百百空	pah-pah-khang
百萬	pah-bān
百襇裙	pah-kíng-kûn
百貨	pah-huè
百貨公司	pah-huè-kong-si
百面	pah-bīn
的確	tik-khak
皇宮	hông-kiong
皇帝	hông-tè
皇帝豆	hông-tè-tāu
皮包仔	phuê-pau-á
皮帶	phuê-tuà
皮猴戲	phuê-kâu-hì
皮皮	phî-phî
皮箱	phuê-siunn
皮膚	phuê-hu
皮蛋	phî-tàn
皮鞋	phuê-ê
皺痕	jiâu-hûn
皺襞襞	jiâu-phé-phé
盆跤骨	phûn-kha-kut
盒仔	a̍p-á
盒仔餅	a̍p-á-piánn
盡力	tsīn-li̍k
盡忠	tsīn-tiong
盡磅	tsīn-pōng
盡量	tsīn-liōng
監囚	kann-siû
監牢	kann-lô
監獄	kann-ga̍k
監督	kàm-tok
監禁	kam-kìm
盤仔	puânn-á
盤古	Phuân-kóo
盤喙錦	puânn-tshuì-gím
盤撋	puânn-nuá
盤數	puânn-siàu
盤話	puânn-uē
盤車	puânn-tshia
目前	bo̍k-tsiân
目地	ba̍k-tē
目孔	ba̍k-khóng
目尾	ba̍k-bué
目屎	ba̍k-sái
目屎膏	ba̍k-sái-ko
目標	bo̍k-piau
目油	ba̍k-iû
目狗針	ba̍k-káu-tsiam
目的	bo̍k-ti̍k
目眉	ba̍k-bâi
目睫毛	ba̍k-tsiah-mn̂g
目睭	ba̍k-tsiu
目睭仁	ba̍k-tsiu-jîn
目睭毛	ba̍k-tsiu-mn̂g
目睭皮	ba̍k-tsiu-phuê
目睭遮	ba̍k-tsiu-jia
目空	ba̍k-khang
目空赤	ba̍k-khang-tshiah
目箍	ba̍k-khoo
目色	ba̍k-sik
目蚶	ba̍k-ham
目針	ba̍k-tsiam
目錄	bo̍k-lo̍k
目鏡	ba̍k-kiànn
目鏡仁	ba̍k-kiànn-jîn
目頭	ba̍k-thâu
盲腸	môo-tn̂g
盲腸炎	môo-tn̂g-iām
直接	ti̍t-tsiap
直溜溜	ti̍t-liu-liu
直目	ti̍t-ba̍k
直直	ti̍t-ti̍t
直腸直肚	ti̍t-tn̂g-ti̍t-tōo
直透	ti̍t-thàu
相交插	sio-kau-tshap
相仝	sio-kāng
相伨	sio-thīn
相佮	sann-kap
相信	siong-sìn
相倚	sio-uá
相借問	sio-tsioh-mn̄g
相偃	sio-ián
相公	siòng-kong
相出路	sio-tshut-lōo
相刣	sio-thâi
相剋	sio-khik
相卸代	sio-sià-tāi
相告	sio-kò
相命	siòng-miā
相命仙	siòng-miā-sian
相唚	sio-tsim
相嚷	sio-jiáng
相好	siong-hó
相姦	sio-kàn
相尋	sio-siâm
相干	siong-kan
相思仔	siunn-si-á
相愛	siong-ài
相拄	sio-tú
相拍	sio-phah
相拍雞仔	sio-phah-ke-á
相拍電	sio-phah-tiān
相招	sio-tsio
相捌	sio-bat
相換	sio-uānn
相揣	sio-tshuē
相攬	sio-lám
相會	siong-huē
相楗	sio-kīng
相欠債	sio-khiàm-tsè
相激	sio-kik
相爭	sio-tsenn
相片	siòng-phìnn
相當	siong-tong
相瞞	sio-muâ
相簿	siòng-phōo
相約	sio-iok
相罵	sio-mē
相罵本	sio-mē-pún
相舂	sio-tsing
相褒歌	sio-po-kua
相見	sio-kìnn
相親	siòng-tshin
相觸	sio-tak
相請	sio-tshiánn
相諍	sio-tsènn
相讓	sio-niū
相輸	sio-su
相辭	sio-sî
相迵	sio-thàng
相送	sio-sàng
相連紲	sio-liân-suà
相閃身	sio-siám-sin
相閃車	sio-siám-tshia
相隨	siong-suî
盹瞌睡	tuh-ka-tsuē
盹龜	tuh-ku
盼仔	phàn-á
省事	síng-sū
省力	síng-la̍t
省工	síng-kang
省立	síng-li̍p
省錢	síng-tsînn
看人無	khuànn-lâng-bô
看出出	khuànn-tshut-tshut
看口	khuànn-kháu
看命	khuànn-miā
看命仙	khuànn-miā-sian
看日	khuànn-ji̍t
看會起	khuànn-ē-khí
看有	khuànn-ū
看有起	khuànn-ū-khí
看樣	khuànn-iūnn
看款	khuànn-khuán
看無	khuànn-bô
看無起	khuànn-bô-khí
看現現	khuànn-hiān-hiān
看病	khuànn-pēnn
看破	khuànn-phuà
看破跤手	khuànn-phuà-kha-tshiú
看衰	khuànn-sue
看袂上目	khuànn-bē-tsiūnn-ba̍k
看袂起	khuànn-bē-khí
看見	khuànn-kìnn
看覓	khuànn-māi
看護婦	khàn-hōo-hū
看輕	khuànn-khin
看醫生	khuànn-i-sing
看重	khuànn-tiōng
看頭	khuànn-thâu
看顧	khuànn-kòo
看風水	khuànn-hong-suí
真實	tsin-si̍t
真心	tsin-sim
真情	tsin-tsîng
真拄好	tsin-tú-hó
真正	tsin-tsiànn
真珠	tsin-tsu
真理	tsin-lí
真誠	tsin-tsiânn
眠一下	bîn-tsi̍t-ē
眠夢	bîn-bāng
眠床	bîn-tshn̂g
眠床枋	bîn-tshn̂g-pang
眩船	hîn-tsûn
眩車	hîn-tshia
眩車丹	hîn-tshia-tan
眵目	tshuh-ba̍k
眵眵	tshuh-tshuh
眷屬	kuàn-sio̍k
眼光	gán-kong
眼前	gán-tsiân
眼力	gán-li̍k
眼神	gán-sîn
眼科	gán-kho
眾人	tsìng-lâng
睏一醒	khùn-tsi̍t-tshénn
睏中晝	khùn-tiong-tàu
睏坦敧	khùn-thán-khi
睏尾	khùn-bué
睏房	khùn-pâng
睏晝	khùn-tàu
睏癖	khùn-phiah
睏眠	khùn-bîn
睏衫	khùn-sann
睏褲	khùn-khòo
睏醒	khùn-tshénn
督學	tok-ha̍k
瞞天過海	muâ-thinn-kuè-hái
瞞騙	muâ-phiàn
瞪力	tènn-la̍t
瞪屎	tènn-sái
矛盾	mâu-tún
知位	tsai-uī
知己	ti-kí
知影	tsai-iánn
知死	tsai-sí
知苦	tsai-khóo
知足	ti-tsiok
知輕重	tsai-khin-tāng
短命	té-miā
短期	té-kî
短歲壽	té-huè-siū
短站	té-tsām
短褲	té-khòo
短褲節仔	té-khòo-tsat-á
短路	té-lōo
短銃	té-tshìng
矮人	é-lâng
矮仔冬瓜	é-á-tang-kue
矮肥	é-puî
矮頓	é-tǹg
矮鼓	é-kóo
石仔	tsio̍h-á
石坎	tsio̍h-khám
石工	tsio̍h-kang
石敢當	tsio̍h-kám-tong
石枋	tsio̍h-pang
石柱	tsio̍h-thiāu
石榴	sia̍h-liû
石油	tsio̍h-iû
石洞	tsio̍h-tōng
石灰	tsio̍h-hue
石牌	tsio̍h-pâi
石獅	tsio̍h-sai
石碑	tsio̍h-pi
石碖	tsio̍h-lún
石碾	tsio̍h-lián
石磨	tsio̍h-bō
石磨仔心	tsio̍h-bō-á-sim
石膏	tsio̍h-ko
石舂臼	tsio̍h-tsing-khū
石花	tsio̍h-hue
石鏨	tsio̍h-tsām
石降	tsio̍h-kàng
石頭仔	tsio̍h-thâu-á
矸仔	kan-á
砂石	sua-tsio̍h
砂石仔車	sua-tsio̍h-á-tshia
砂馬仔	sua-bé-á
砒霜	phi-sng
研槌	gíng-thuî
研槽	gíng-tsô
研究	gián-kiù
研缽	gíng-puah
砛仔	gîm-á
砛簷	gîm-tsînn
砧皮鞋	tiam-phuê-ê
破傷風	phò-siong-hong
破功	phò-kong
破壞	phò-huāi
破少年	phuà-siàu-liân
破布子	phuà-pòo-tsí
破柴	phuà-tshâ
破格	phuà-keh
破格喙	phuà-keh-tshuì
破產	phò-sán
破病	phuà-pēnn
破相	phuà-siùnn
破空	phuà-khang
破腹	phuà-pak
破膽	phuà-tánn
破豆	phò-tāu
破費	phò-huì
破開	phuà-khui
破雞筅	phuà-ke-tshíng
破鼎	phuà-tiánn
硃砂痣	tsu-se-kì
硞著	kho̍k-tio̍h
硩嗽	teh-sàu
硩墓紙	teh-bōng-tsuá
硩定	teh-tiānn
硩年錢	teh-nî-tsînn
硩扁	teh-pínn
硩枝	teh-ki
硩注	teh-tù
硩番薯	teh-han-tsî
硩落去	teh-lo̍h-khì
硩驚	teh-kiann
硫磺	liû-hông
硬押	ngē-ah
硬拄硬	ngē-tú-ngē
硬拗	ngē-áu
硬掙	ngē-tsiānn
硬插	ngē-tshah
硬氣	ngē-khì
硬篤	ngē-táu
硬迸迸	ngē-piàng-piàng
硬骨	ngē-kut
硼砂	phîng-se
碌硞馬	lo̍k-kho̍k-bé
碎糊糊	tshuì-kôo-kôo
碎鹽鹽	tshuì-iâm-iâm
碗公	uánn-kong
碗斗	uánn-táu
碗盤	uánn-puânn
碗箸	uánn-tī
碗粿	uánn-kué
碗糕	uánn-ko
碗頭仔	uánn-thâu-á
碟仔	ti̍h-á
碩士	si̍k-sū
碰壁	pōng-piah
碰釘	phòng-ting
確定	khak-tīng
確實	khak-si̍t
碼頭	bé-thâu
磅仔	pōng-á
磅子	pōng-tsí
磅皮	pōng-phuê
磅空	pōng-khang
磅米芳	pōng-bí-phang
磅重	pōng-tāng
磅針	pōng-tsiam
磅錶	pōng-pió
磕著	kha̍p-tio̍h
磕袂著	kha̍p-bē-tio̍h
磕頭	kha̍p-thâu
磚仔	tsng-á
磚仔窯	tsng-á-iô
磟碡	la̍k-ta̍k
磨坩	buâ-khann
磨粿	bō-kué
磺水	hông-tsuí
磺火	hông-hué
礙目	gāi-ba̍k
礙著	gāi-tio̍h
礙虐	gāi-gio̍h
礤冰	tshuah-ping
礤簽	tshuah-tshiam
礦業	khòng-gia̍p
礦泉水	khòng-tsuânn-tsuí
礦物	khòng-bu̍t
社會	siā-huē
社頭	siā-thâu
祈求	kî-kiû
祈禱	kî-tó
祕方	pì-hng
祕書	pì-su
祕結	pì-kiat
祖傳祕方	tsóo-thuân-pì-hng
祖公	tsóo-kong
祖公仔產	tsóo-kong-á-sán
祖厝	tsóo-tshù
祖媽	tsóo-má
祖廟	tsóo-biō
祝福	tsiok-hok
祝賀	tsiok-hō
神主牌仔	sîn-tsú-pâi-á
神位	sîn-uī
神像	sîn-siōng
神去	sîn-khì
神明	sîn-bîng
神桌	sîn-toh
神神	sîn-sîn
神經	sîn-king
神轎	sîn-kiō
神魂	sîn-hûn
祧仔內	thiāu-á-lāi
祭孤	tsè-koo
祭文	tsè-bûn
祭獻	tsè-hiàn
祭祀	tsè-sū
祭祖	tsè-tsóo
禁喙	kìm-tshuì
禁尿	kìm-jiō
禁屠	kìm-tôo
禁忌	kìm-khī
禁止	kìm-tsí
禁氣	kìm-khuì
禁薰	kìm-hun
福利	hok-lī
福杉	hok-sam
福氣	hok-khì
福相	hok-siòng
福眼	hok-gíng
禮儀	lé-gî
禮堂	lé-tn̂g
禮拜	lé-pài
禮拜堂	lé-pài-tn̂g
禮拜日	lé-pài-ji̍t
禮數	lé-sòo
禮服	lé-ho̍k
禮物	lé-bu̍t
禮貌	lé-māu
禽獸	khîm-siù
禿頭	thut-thâu
禿額	thuh-hia̍h
秀梳仔	siù-se-á
秀氣	siù-khì
私下	su-hā
私事	su-sū
私交	su-kau
私利	su-lī
私奇	sai-khia
私心	su-sim
私情	su-tsîng
私立	su-li̍p
私通	su-thong
秋凊	tshiu-tshìn
科員	kho-uân
科學	kho-ha̍k
科目	kho-bo̍k
科長	kho-tiúnn
秒鐘	bió-tsing
租厝	tsoo-tshù
秤仔	tshìn-á
秤仔花	tshìn-á-hue
秤錘	tshìn-thuî
秤頭	tshìn-thâu
秧仔	ng-á
秧船	ng-tsûn
秫米	tsu̍t-bí
秫米飯	tsu̍t-bí-pn̄g
秮仔	tai-á
移動	î-tōng
移民	î-bîn
稀奇	hi-kî
稀微	hi-bî
稅厝	suè-tshù
稅金	suè-kim
程序	thîng-sū
程度	thîng-tōo
稗仔	phē-á
稟告	pín-kò
種作	tsìng-tsoh
種子	tsíng-tsí
種珠	tsìng-tsu
種種	tsióng-tsióng
種類	tsióng-luī
稱呼	tshing-hoo
稻埕	tiū-tiânn
稻穗	tiū-suī
稻草	tiū-tsháu
稻草人	tiū-tsháu-lâng
稽考	khe-khó
積德	tsik-tik
穡頭	sit-thâu
穢人	uè-lâng
穢涗	uè-suè
穩定	ún-tīng
穩心仔	ún-sim-á
穩當	ún-tàng
穩觸觸	ún-tak-tak
空厝間	khang-tshù-king
空喙	khang-tshuì
空喙哺舌	khang-tshuì-pōo-tsi̍h
空地	khàng-tē
空思夢想	khong-su-bōng-sióng
空房	khang-pâng
空手	khang-tshiú
空榫	khang-sún
空殼	khang-khak
空殼厝	khang-khak-tshù
空殼支票	khang-khak-tsi-phiò
空縫	khang-phāng
空腹	khang-pak
空襲	khong-si̍p
空間	khong-kan
空頭	khang-thâu
穿插	tshīng-tshah
突然	tu̍t-jiân
突顯	tu̍t-hián
窒仔	that-á
窒倒街	that-tó-ke
窒喙空	that-tshuì-khang
窒車	that-tshia
窗仔	thang-á
窗仔框	thang-á-khing
窗仔簾	thang-á-lî
窗仔門	thang-á-mn̂g
窞肚	thām-tóo
窟仔	khut-á
窮分	khîng-hun
窸倏	sī-suā
窸窣叫	si̍h-su̍t-kiò
窸窸窣窣	si-si-su̍t-su̍t
立場	li̍p-tiûnn
立志	li̍p-tsì
立案	li̍p-àn
立體	li̍p-thé
站節	tsām-tsat
站長	tsām-tiúnn
竟然	kìng-jiân
章程	tsiong-thîng
童乩	tâng-ki
童謠	tông-iâu
端正	tuan-tsìng
競爭	kīng-tsing
竹仔	tik-á
竹仔枝	tik-á-ki
竹扦	tik-tshuann
竹披仔	tik-phi-á
竹棑	tik-pâi
竹模	tik-bôo
竹田嬰	tik-tshân-enn
竹目	tik-ba̍k
竹筅	tik-tshíng
竹筍	tik-sún
竹筒	tik-tâng
竹箍	tik-khoo
竹管	tik-kóng
竹管仔飯	tik-kóng-á-pn̄g
竹箬	tik-ha̍h
竹篙	tik-ko
竹篙厝	tik-ko-tshù
竹篙叉	tik-ko-tshe
竹篾仔	tik-bi̍h-á
竹耙	tik-pê
竹膜	tik-mo̍oh
竹葉	tik-hio̍h
竹蓆	tik-tshio̍h
竹蟶	tik-than
竹跤	tik-kha
竹雞仔	tik-ke-á
竹雞仔車	tik-ke-á-tshia
笑咍咍	tshiò-hai-hai
笑容	tshiò-iông
笑微微	tshiò-bi-bi
笑桮	tshiò-pue
笑話	tshiò-uē
笑詼	tshiò-khue
笑詼齣	tshiò-khue-tshut
笑談	tshiàu-tâm
笑面虎	tshiò-bīn-hóo
笑頭笑面	tshiò-thâu-tshiò-bīn
笠仔	le̍h-á
符仔	hû-á
符合	hû-ha̍p
符咒	hû-tsiù
符號	hû-hō
笨跤笨手	pūn-kha-pūn-tshiú
第一	tē-it
筅仔	tshíng-á
筅黗	tshíng-thûn
筆跡	pit-tsik
等一下	tán-tsi̍t-ē
等候	tán-hāu
等咧	tán-leh
等待	tán-thāi
等於	tíng-î
等路	tán-lōo
筊仙	kiáu-sian
筊場	kiáu-tiûnn
筊岫	kiáu-siū
筊本	kiáu-pún
筊東	kiáu-tong
筊跤	kiáu-kha
筊間	kiáu-king
筊鬼	kiáu-kuí
筋節	kin-tsat
筋絡	kin-le
筋骨	kin-kut
筍乾	sún-kuann
筍仔	sún-á
筍絲	sún-si
筍龜	sún-ku
筐仔	khing-á
筒仔米糕	tâng-á-bí-ko
答喙鼓	tap-tshuì-kóo
答應	tah-ìng
答案	tap-àn
答謝	tap-siā
箅仔	pín-á
箅仔骨	pín-á-kut
箍半	khoo-puànn
箍絡	khoo-lo̍h
算做	sǹg-tsò
算命	sǹg-miā
算數	sǹg-siàu
算會和	sǹg-ē-hô
算法	sǹg-huat
算無盤	sǹg-bô-puânn
算盤	sǹg-puânn
算袂和	sǹg-bē-hô
算額	sǹg-gia̍h
箠仔	tshuê-á
管仔粿	kóng-á-kué
管區的	kuán-khu-ê
管家	kuán-ke
管家婆	kuán-ke-pô
管待	kuán-thāi
管待伊	kuán-thāi-i
管數	kuán-siàu
管理	kuán-lí
管轄	kuán-hat
管顧	kuán-kòo
箭竹仔筍	tsìnn-tik-á-sún
箱仔	siunn-á
箱籠	siunn-láng
箸籠	tī-lāng
節儉	tsiat-khiām
節制	tsiat-tsè
節力	tsat-la̍t
節日	tseh-ji̍t
節氣	tseh-khuì
節目	tsiat-bo̍k
節省	tsiat-síng
節約	tsiat-iok
節育	tsiat-io̍k
節脈	tsat-me̍h
範勢	pān-sè
範圍	huān-uî
篋仔	kheh-á
篩仔	thai-á
篩斗	thai-táu
篾仔	bi̍h-á
篾蓆	bi̍h-tshio̍h
簡單	kán-tan
簸箕	puà-ki
簸箕甲	puà-ki-kah
簽仔	tshiam-á
簽名	tshiam-miâ
簽字	tshiam-jī
簽約	tshiam-iok
簾簷	nî-tsînn
簾簷跤	nî-tsînn-kha
簿仔	phōo-á
簿仔紙	phōo-á-tsuá
籃仔	nâ-á
籃層	nâ-tsân
籃球	nâ-kiû
籌備	tiû-pī
籍貫	tsi̍k-kuàn
籐條	tîn-tiâu
籗仔	khah-á
籠仔	láng-á
籠床	lâng-sn̂g
籠面	láng-bīn
籤筒	tshiam-tâng
籤詩	tshiam-si
籬笆	lî-pa
米仔麩	bí-á-hu
米價	bí-kè
米奶	bí-ling
米店	bí-tiàm
米攕	bí-tshiám
米斗	bí-táu
米漿	bí-tsiunn
米潘	bí-phun
米甕	bí-àng
米篩	bí-thai
米篩目	bí-thai-ba̍k
米籃	bí-nâ
米籮	bí-luâ
米粉	bí-hún
米粉炒	bí-hún-tshá
米粟	bí-tshik
米粩	bí-láu
米糕	bí-ko
米糕糜	bí-ko-muê
米糠	bí-khng
米糧	bí-niû
米絞	bí-ká
米色	bí-sik
米芳	bí-phang
米蟲	bí-thâng
米酒	bí-tsiú
米酒頭仔	bí-tsiú-thâu-á
米間	bí-king
米龜	bí-ku
粉圓	hún-înn
粉條	hún-tiâu
粉筆	hún-pit
粉粿	hún-kué
粉肝	hún-kuann
粉腸	hún-tshiâng
粉腸仔	hún-tn̂g-á
粉蟯	hún-giô
粉餅	hún-piánn
粉鳥	hún-tsiáu
粒仔	lia̍p-á
粒積	lia̍p-tsik
粕粕	phoh-phoh
粗人	tshoo-lâng
粗俗	tshoo-sio̍k
粗俗物仔	tshoo-sio̍k-mih-á
粗俗貨	tshoo-sio̍k-huè
粗勇	tshoo-ióng
粗坯	tshoo-phue
粗工	tshoo-kang
粗布	tshoo-pòo
粗桶	tshoo-tháng
粗殘	tshoo-tshân
粗瓷	tshoo-huî
粗用	tshoo-īng
粗穿	tshoo-tshīng
粗糠	tshoo-khng
粗紙	tshoo-tsuá
粗菜便飯	tshoo-tshài-piān-pn̄g
粗重	tshoo-tāng
粗飽	tshoo-pá
粗魯	tshoo-lóo
粟仔	tshik-á
粟倉	tshik-tshng
粟埕	tshik-tiânn
粟種	tshik-tsíng
粟青	tshik-tshenn
粟鳥仔	tshik-tsiáu-á
粽箬	tsàng-ha̍h
精光	tsing-kong
精力	tsing-li̍k
精密	tsing-bi̍t
精差	tsing-tsha
精牲	tsing-senn
精神	tsing-sîn
精肉	tsiann-bah
精通	tsing-thong
粿仔	kué-á
粿印	kué-ìn
粿模	kué-bôo
粿粞	kué-tshè
粿粽	kué-tsàng
粿葉	kué-hio̍h
粿路	kué-lōo
粿酺	kué-pôo
糊人	kôo-lâng
糊仔	kôo-á
糊塗	hôo-tôo
糊瘰瘰	hôo-luì-luì
糕仔	ko-á
糕仔頭	ko-á-thâu
糕仔餅	ko-á-piánn
糖丹	thn̂g-tan
糖仔	thn̂g-á
糖仔餅	thn̂g-á-piánn
糖含仔	thn̂g-kâm-á
糖尿病	thn̂g-jiō-pēnn
糖廍	thn̂g-phōo
糖廠	thn̂g-tshiúnn
糖水	thn̂g-tsuí
糖甘蜜甜	thn̂g-kam-bi̍t-tinn
糖粉	thn̂g-hún
糖粿	thn̂g-kué
糖膏	thn̂g-ko
糖蔥	thn̂g-tshang
糖霜	thn̂g-sng
糙米	tshò-bí
糜糜卯卯	mi-mi-mauh-mauh
糜飯	muê-pn̄g
糝粉	sám-hún
糞口	pùn-kháu
糞口蟲	pùn-kháu-thâng
糞埽	pùn-sò
糞埽市仔	pùn-sò-tshī-á
糞埽市場	pùn-sò-tshī-tiûnn
糞埽桶	pùn-sò-tháng
糞埽籠	pùn-sò-láng
糞埽車	pùn-sò-tshia
糞堆	pùn-tui
糧草	niû-tsháu
糴米	tia̍h-bí
糶米	thiò-bí
系統	hē-thóng
糾帶	kiù-tuà
糾筋	kiù-kin
紀年	khí-nî
約會	iok-huē
紅包	âng-pau
紅塗	âng-thôo
紅嬰仔	âng-enn-á
紅尾冬	âng-bué-tang
紅帖仔	âng-thiap-á
紅柿	âng-khī
紅棗	âng-tsó
紅毛塗	âng-mn̂g-thôo
紅燒	âng-sio
紅牙	âng-gê
紅目	âng-ba̍k
紅目墘	âng-ba̍k-kînn
紅目鰱	âng-ba̍k-liân
紅糟	âng-tsau
紅絳絳	âng-kòng-kòng
紅綵	âng-tshái
紅肉李	âng-bah-lí
紅膏赤蠘	âng-ko-tshiah-tshi̍h
紅色	âng-sik
紅茶	âng-tê
紅莧菜	âng-hīng-tshài
紅菜	âng-tshài
紅菜頭	âng-tshài-thâu
紅蔥仔頭	âng-tshang-á-thâu
紅藥水	âng-io̍h-tsuí
紅蟳	âng-tsîm
紅記記	âng-kì-kì
紅豆仔	âng-tāu-á
紅酒	âng-tsiú
紅霞	âng-hê
紅露酒	âng-lōo-tsiú
紅面	âng-bīn
紅面鴨	âng-bīn-ah
紅魽	âng-kam
紅鰱魚	âng-liân-hî
紅龜	âng-ku
紅龜粿	âng-ku-kué
紋銀	bûn-gîn
納數	la̍p-siàu
納稅	la̍p-suè
納錢	la̍p-tsînn
純然	sûn-jiân
純金	sûn-kim
紗仔	se-á
紗仔衫	se-á-sann
紗窗	se-thang
紙厝	tsuá-tshù
紙坯	tsuá-phue
紙扇	tsuá-sìnn
紙敬	tsuá-kìng
紙枋	tsuá-pang
紙條	tsuá-tiâu
紙橐仔	tsuá-lok-á
紙燈	tsuá-ting
紙牌	tsuá-pâi
紙票	tsuá-phiò
紙篋仔	tsuá-kheh-á
紙袋仔	tsuá-tē-á
紙錢	tsuá-tsînn
素質	sòo-tsit
素面	sòo-bīn
素食	sòo-si̍t
紡紗	pháng-se
紡車	pháng-tshia
索仔	soh-á
紩衫	thīnn-sann
紫檀	tsí-tuânn
紫菜	tsí-tshài
紮布	tsah-pòo
紮錢	tsah-tsînn
累積	luí-tsik
細位	sè-uī
細叔	sè-tsik
細囝	sè-kiánn
細姨	sè-î
細漢	sè-hàn
細的	sè-ê
細粒子	sè-lia̍p-tsí
細聲	sè-siann
細膩	sè-jī
細菌	sè-khún
紲喙	suà-tshuì
紲喙尾	suà-tshuì-bué
紲手	suà-tshiú
紲拍	suà-phah
紲落來	suà-lo̍h-lâi
紲落去	suà-lo̍h-khì
紳士	sin-sū
紹介	siāu-kài
紹興酒	siāu-hing-tsiú
紺色	khóng-sik
終其尾	tsiong-kî-bué
終身	tsiong-sin
絃仔	hiân-á
組合	tsoo-ha̍p
組織	tsoo-tsit
組頭	tsoo-thâu
結冤	kiat-uan
結冰	kiat-ping
結合	kiat-ha̍p
結子	kiat-tsí
結實	kiat-si̍t
結局	kiat-kio̍k
結怨	kiat-uàn
結拜	kiat-pài
結數	kiat-siàu
結束	kiat-sok
結果	kiat-kó
結案	kiat-àn
結穗	kiat-suī
結算	kiat-sǹg
結綵	kat-tshái
結親	kiat-tshin
結論	kiat-lūn
結趼	kiat-lan
絕交	tsua̍t-kau
絕對	tsua̍t-tuì
絕情	tsua̍t-tsîng
絕望	tsua̍t-bōng
絕氣	tsua̍t-khuì
絕種	tse̍h-tsíng
絕路	tsua̍t-lōo
絞肉	ká-bah
絨仔布	jiông-á-pòo
統一	thóng-it
統計	thóng-kè
絲仔襪	si-á-bue̍h
綁票	páng-phiò
經商	king-siong
經期	king-kî
經歷	king-li̍k
經濟	king-tsè
經營	king-îng
經理	king-lí
經絲	kenn-si
經線	kenn-suànn
經費	king-huì
經跤經手	kenn-kha-kenn-tshiú
經過	king-kuè
經驗	king-giām
綜合	tsong-ha̍p
綠竹	li̍k-tik
綠竹筍	li̍k-tik-sún
綠色	li̍k-sik
綠豆仔	li̍k-tāu-á
綠豆膨	li̍k-tāu-phòng
綠豆鬼	li̍k-tāu-kuí
綢仔	tiû-á
維持	î-tshî
網仔	bāng-á
網仔門	bāng-á-mn̂g
網紗油	bāng-se-iû
綴人走	tuè-lâng-tsáu
綴前綴後	tuè-tsîng-tuè-āu
綴會仔	tuè-huē-á
綴路	tuè-lōo
綴轎後的	tuè-kiō-āu-ê
綾羅綢緞	lîng-lô-tiû-tuān
綿仔紙	mî-á-tsuá
綿死綿爛	mî-sí-mî-nuā
綿爛	mî-nuā
綿精	mî-tsinn
緊事寬辦	kín-sū-khuann-pān
緊張	kín-tiunn
緊性	kín-sìng
緊慢	kín-bān
緊手	kín-tshiú
緊氣	kín-khuì
緊縒慢	kín-tsua̍h-bān
緊行	kín-kiânn
線索	suànn-soh
線路	suànn-lōo
線頭	suànn-thâu
線香	suànn-hiunn
緣投	iân-tâu
緣故	iân-kòo
緣金	iân-kim
編曲	pian-khik
編輯	pian-tsi̍p
練仙	liān-sian
練字	liān-jī
練痟話	liān-siáu-uē
練習	liān-si̍p
縖裙	hâ-kûn
縛粽	pa̍k-tsàng
縛跤	pa̍k-kha
縛跤縛手	pa̍k-kha-pa̍k-tshiú
縣立	kuān-li̍p
縣長	kuān-tiúnn
縫紩	pâng-thīnn
縫衫	pâng-sann
縮茶心	sok-tê-sim
總共	tsóng-kiōng
總務	tsóng-bū
總攬	tsóng-lám
總數	tsóng-siàu
總是	tsóng-sī
總的	tsóng-ê
總算	tsóng-sǹg
總管	tsóng-kuán
總統	tsóng-thóng
總經理	tsóng-king-lí
總舖師	tsóng-phòo-sai
總裁	tsóng-tshâi
總計	tsóng-kè
總講	tsóng-kóng
總講一句	tsóng-kóng-tsi̍t-kù
總貿	tsóng-bāu
總鋪	tsóng-phoo
總額	tsóng-gia̍h
繏嚨喉	sǹg-nâ-âu
繏腰	sǹg-io
織女	Tsit-lí
繚索	liāu-soh
繞境	jiàu-kíng
繡房	siù-pâng
繡球	siù-kiû
繡球花	siù-kiû-hue
繡花	siù-hue
繼續	kè-sio̍k
纏綴	tînn-tuè
纏線	tînn-suànn
纏跤絆手	tînn-kha-puànn-tshiú
纏身	tînn-sin
纓纏	inn-tînn
缺喙	khih-tshuì
缺角	khih-kak
缺點	khuat-tiám
罐仔	kuàn-á
罐頭	kuàn-thâu
罐頭開仔	kuàn-thâu-khui-á
罔度	bóng-tōo
罔育	bóng-io
罔行	bóng-kiânn
罔飼	bóng-tshī
罕得	hán-tit
罕罕仔	hán-hán-á
罕行	hán-kiânn
罕見	hán-kiàn
罟仔	koo-á
罟寮	koo-liâu
罩衫	tà-sann
罩雺	tà-bông
罩霧	tà-bū
罪人	tsuē-jîn
罪惡	tsuē-ok
罪業	tsuē-gia̍p
罪過	tsuē-kò
罰單	hua̍t-tuann
罰徛	hua̍t-khiā
罰款	hua̍t-khuán
罰金	hua̍t-kim
罷工	pā-kang
罷市	pā-tshī
罾仔	tsan-á
罾魚	tsan-hî
羅漢跤仔	lô-hàn-kha-á
羅經	lô-kenn
羊仔	iûnn-á
羊仔目	iûnn-á-ba̍k
羊母	iûnn-bó
羊毛	iûnn-mn̂g
羊毛衫	iûnn-mn̂g-sann
羊犅	iûnn-káng
羊眩	iûnn-hîn
羊角豆仔	iûnn-kak-tāu-á
羌仔	kiunn-á
美人	bí-jîn
美國仙丹	Bí-kok-sian-tan
美國塗豆	Bí-kok-thôo-tāu
美國時間	Bí-kok-sî-kan
美容	bí-iông
美德	bí-tik
美術	bí-su̍t
美觀	bí-kuan
美麗	bí-lē
義務	gī-bū
義子	gī-tsú
義氣	gī-khì
義理	gī-lí
羹飯	kenn-pn̄g
羹麵	kenn-mī
翁仔某	ang-á-bóo
翁婿	ang-sài
翁某	ang-bóo
習慣	si̍p-kuàn
翕死	hip-sí
翕汗	hip-kuānn
翕熱	hip-jua̍h
翕甌	hip-au
翕相	hip-siòng
翕相機	hip-siòng-ki
翕相館	hip-siòng-kuán
翕豆菜	hip-tāu-tshài
翱翱輾	kō-kō-liàn
翹翹	khiàu-khiàu
翻厝	huan-tshù
翻新	huan-sin
翻案	huan-àn
翻版	huan-pán
翻草	huan-tsháu
翻譯	huan-i̍k
翻身	huan-sin
翻頭	huan-thâu
翻點	huan-tiám
翼股	si̍t-kóo
老不修	lāu-put-siu
老人	lāu-lâng
老人斑	lāu-lâng-pan
老人目	lāu-lâng-ba̍k
老倒勼	lāu-tò-kiu
老兄	lāu-hiann
老公仔	lāu-kong-á
老去	lāu-khì
老命	lāu-miā
老大	láu-tuā
老大人	lāu-tuā-lâng
老大公	lāu-tuā-kong
老姑婆	lāu-koo-pô
老娼頭	lāu-tshang-thâu
老婆仔	lāu-pô-á
老實	láu-si̍t
老師	lāu-su
老康健	lāu-khong-kiān
老早	láu-tsá
老本	lāu-pún
老板	láu-pán
老步定	lāu-pōo-tiānn
老歲仔	lāu-huè-á
老母	lāu-bú
老爸	lāu-pē
老牌	láu-pâi
老牌子	lāu-pâi-tsú
老猴	lāu-kâu
老生	lāu-sing
老番顛	lāu-huan-tian
老的	lāu-ê
老硞硞	lāu-khok-khok
老神在在	lāu-sîn-tsāi-tsāi
老練	láu-liān
老芋仔	lāu-ōo-á
老阿伯	lāu-a-peh
老阿婆	lāu-a-pô
老顛倒	lāu-thian-tho̍h
考卷	khó-kǹg
考官	khó-kuann
考察	khó-tshat
考慮	khó-lī
考試	khó-tshì
考試單	khó-tshì-tuann
考驗	khó-giām
而且	jî-tshiánn
耐心	nāi-sim
耐性	nāi-sìng
耐用	nāi-iōng
耙仔	pê-á
耙柫	pê-put
耞仔	kénn-á
耳仔	hīnn-á
耳屎	hīnn-sái
耳扒仔	hīnn-pê-á
耳珠	hīnn-tsu
耳環	hīnn-khuân
耳甕仔	hīnn-àng-á
耳目	ní-bo̍k
耳空	hīnn-khang
耳空輕	hīnn-khang-khin
耳空重	hīnn-khang-tāng
耳空鬼仔	hīnn-khang-kuí-á
耳鉤	hīnn-kau
耳鏡	hīnn-kiànn
耶穌	Iâ-soo
聊聊仔	liâu-liâu-á
聖拄聖	siànn-tú-siànn
聖旨	sìng-tsí
聖母	sìng-bó
聖經	sìng-king
聘書	phìng-su
聘禮	phìng-lé
聘請	phìng-tshiánn
聘金	phìng-kim
聬儱	áng-láng
聯合	liân-ha̍p
聯對	liân-tuì
聯絡	liân-lo̍k
聰明	tshong-bîng
聲勢	siann-sè
聲嗽	siann-sàu
聲明	sing-bîng
聲望	sing-bōng
聲聲句句	siann-siann-kù-kù
聲說	siann-sueh
聲調	siann-tiāu
聲音	siann-im
聳勢	sáng-sè
聳鬚	tshàng-tshiu
職位	tsit-uī
職務	tsit-bū
職員	tsit-uân
職業	tsit-gia̍p
職權	tsit-khuân
聽候	thìng-hāu
聽喙	thiann-tshuì
聽好	thìng-hó
聽筒	thiann-tâng
聽著	thiann-tio̍h
聽講	thiann-kóng
聽香	thiann-hiunn
肅靜	siok-tsīng
肉丸仔	bah-uân-á
肉乾	bah-kuann
肉包	bah-pau
肉圓	bah-uân
肉幼仔	bah-iù-á
肉感	bah-kám
肉拊	bah-hú
肉桂	jio̍k-kuì
肉瘤	bah-liû
肉皮	bah-phuê
肉砧	bah-tiam
肉粽	bah-tsàng
肉粽節	Bah-tsàng-tseh
肉粽角	bah-tsàng-kak
肉糋	bah-tsìnn
肉絲	bah-si
肉繭仔	bah-kián-á
肉羹	bah-kenn
肉脯	bah-póo
肉色	bah-sik
肉豆	bah-tāu
肉豉仔	bah-sīnn-á
肉跤仔	bah-kha-á
肉酥	bah-soo
肉雞仔	bah-ke-á
肉餅	bah-piánn
肉骨	bah-kut
肉魚仔	bah-hî-á
肉鯽仔	bah-tsit-á
肚綰	tóo-kuānn
肚胿仔	tōo-kuai-á
肚脹	tóo-tiòng
肚腸	tōo-tn̂g
肚臍	tōo-tsâi
肝炎	kuann-iām
股仔囝	kóo-á-kiánn
股本	kóo-pún
股東	kóo-tong
股票	kóo-phiò
肥底	puî-té
肥朒朒	puî-tsut-tsut
肥肉	puî-bah
肥軟	puî-nńg
肨奶	hàng-ling
肩胛	king-kah
肩胛頭	king-kah-thâu
肩頭	king-thâu
肯定	khíng-tīng
育囝	io-kiánn
育囡仔	io-gín-á
育囡仔歌	io-gín-á-kua
育飼	io-tshī
肺炎	hì-iām
肺癆	hì-lô
肺管	hì-kńg
胃下垂	uī-hā-suî
胃出血	uī-tshut-hueh
胃口	uī-kháu
胃慒慒	uī-tso-tso
胃潰瘍	uī-khuì-iông
胃病	uī-pēnn
胃癌	uī-gâm
背冊	puē-tsheh
背景	puē-kíng
背約	puē-iok
背骨	puē-kut
胎神	thai-sîn
胛心肉	kah-sim-bah
胡椒	hôo-tsio
胡蠅	hôo-sîn
胡蠅屎痣	hôo-sîn-sái-kì
胡蠅拍仔	hôo-sîn-phah-á
胡蠅紙	hôo-sîn-tsuá
胡蠅虎	hôo-sîn-hóo
胡蠅黐	hôo-sîn-thi
胭脂	ian-tsi
胳下空	koh-ē-khang
胸坎	hing-khám
胸坎骨	hing-khám-kut
胸掛骨	hing-kuà-kut
脆柿	tshè-khī
脫手	thuat-tshiú
脫種	thuat-tsíng
脫箠	thut-tshuê
脫線	thuat-suànn
脫走	thuat-tsáu
脫身	thuat-sin
脫輪	thu̍t-lûn
脫離	thuat-lī
脯脯	póo-póo
脹氣	tiùnn-khì
脹肚	tiùnn-tōo
脹胿	tiùnn-kui
脹膿	tiùnn-lâng
脾土	pî-thóo
脾氣	phî-khì
脾胃	pî-uī
腌臢	a-tsa
腐化	hú-huà
腔口	khiunn-kháu
腥臊	tshenn-tshau
腦力	náu-li̍k
腦筋	náu-kin
腦膜炎	náu-mo̍oh-iām
腦貧血	náu-pîn-hiat
腦髓	náu-tshué
腫頷	tsíng-ām
腰內肉	io-lāi-bah
腰子	io-tsí
腰子病	io-tsí-pēnn
腰尺	io-tshioh
腰帶	io-tuà
腰桶	io-tháng
腰痠背疼	io-sng-puē-thiànn
腰脊骨	io-tsiah-kut
腰骨	io-kut
腱子肉	kiàn-tsí-bah
腳數	kioh-siàu
腸仔	tn̂g-á
腸仔炎	tn̂g-á-iām
腸仔熱	tn̂g-á-jia̍t
腸肚	tn̂g-tōo
腹內	pak-lāi
腹肚	pak-tóo
腹肚尾	pak-tóo-bué
腹肚枵	pak-tóo-iau
腹腸	pak-tn̂g
腿庫	thuí-khòo
膀胱	phông-kong
膁肚	liám-tóo
膏肓	koo-bông
膏膏纏	ko-ko-tînn
膏藥	koo-io̍h
膣屄	tsi-bai
膨床	phòng-tshn̂g
膨椅	phòng-í
膨獅獅	phòng-sai-sai
膨疱	phòng-phā
膨皮	phòng-phuê
膨粉	phòng-hún
膨紗	phòng-se
膨紗衫	phòng-se-sann
膨肚短命	phòng-tōo-té-miā
膨風	phòng-hong
膨風龜	phòng-hong-ku
膨餅	phòng-piánn
膨鼠	phòng-tshí
膩瓤	jī-nn̂g
膭水	kuī-tsuí
膽肝	tám-kuann
膽膽	tám-tám
膽量	tám-liōng
膽頭	tánn-thâu
臆出出	ioh-tshut-tshut
臊菜	tsho-tshài
臘肉	la̍h-bah
臨急	lîm-kip
臨時	lîm-sî
臨時臨曜	lîm-sî-lîm-iāu
臨機應變	lîm-ki-ìng-piàn
臨檢	lîm-kiám
臨終	lîm-tsiong
臨臨仔	lím-lím-á
自作孽	tsū-tsok-gia̍t
自作自受	tsū-tsok-tsū-siū
自作自專	tsū-tsok-tsū-tsuan
自來	tsū-lâi
自來水	tsū-lâi-tsuí
自信	tsū-sìn
自修	tsū-siu
自動	tsū-tōng
自動車	tsū-tōng-tshia
自在	tsū-tsāi
自家用的	tsū-ka-iōng-ê
自尊心	tsū-tsun-sim
自己	tsū-kí
自底	tsū-té
自強	tsū-kiông
自我	tsū-ngóo
自新	tsū-sin
自早	tsū-tsá
自本	tsū-pún
自然	tsū-jiân
自由	tsū-iû
自私	tsū-su
自立	tsū-li̍p
自覺	tsū-kak
自謙	tsū-khiam
自費	tsū-huì
自轉車	tsū-tsuán-tshia
自頭	tsū-thâu
自首	tsū-siú
臭丸	tshàu-uân
臭人	tshàu-lâng
臭喙角	tshàu-tshuì-kak
臭塗味	tshàu-thôo-bī
臭奶呆	tshàu-ling-tai
臭尿薟	tshàu-jiō-hiam
臭屁	tshàu-phuì
臭屁仙	tshàu-phuì-sian
臭彈	tshàu-tuānn
臭柿仔	tshàu-khī-á
臭殕	tshàu-phú
臭汗酸	tshàu-kuānn-sng
臭油	tshàu-iû
臭油垢	tshàu-iû-káu
臭油餲	tshàu-iû-ai
臭溝仔	tshàu-kau-á
臭火焦	tshàu-hué-ta
臭火燒	tshàu-hué-sio
臭火薰	tshàu-hué-hun
臭焦	tshàu-ta
臭煬	tshàu-iāng
臭羶	tshàu-hiàn
臭老	tshàu-lāu
臭耳甕仔	tshàu-hīnn-àng-á
臭耳聾	tshàu-hīnn-lâng
臭腥	tshàu-tshènn
臭腥仔	tshàu-tshenn-á
臭腥公	tshàu-tshenn-kong
臭臊	tshàu-tsho
臭薟薟	tshàu-hiam-hiam
臭藥丸仔	tshàu-io̍h-uân-á
臭豆腐	tshàu-tāu-hū
臭賤	tshàu-tsiān
臭跤液	tshàu-kha-sio̍h
臭酸	tshàu-sng
臭面	tshàu-bīn
臭頭	tshàu-thâu
臭頭雞仔	tshàu-thâu-ke-á
臭風	tshàu-hong
臭香	tshàu-hiunn
至少	tsì-tsió
至親	tsì-tshin
致使	tì-sú
致意	tì-ì
致病	tì-pēnn
致蔭	tì-ìm
致身命	tì-sin-miā
舀水	iúnn-tsuí
舀肥	iúnn-puî
舂米	tsing-bí
舂臼	tsing-khū
舅仔	kū-á
舅仔探房	kū-á-thàm-pâng
舅公	kū-kong
興旺	hing-ōng
興衰	hing-sue
興趣	hìng-tshù
興酒	hìng-tsiú
興頭	hìng-thâu
舉動	kí-tōng
舉荐	kí-tsiàn
舉行	kí-hîng
舊年	kū-nî
舊底	kū-té
舊式	kū-sik
舊數	kū-siàu
舊曆	kū-li̍k
舊漚舊臭	kū-àu-kū-tshàu
舊症頭	kū-tsìng-thâu
舒被	tshu-phuē
舞台	bú-tâi
舞女	bú-lí
舞廳	bú-thiann
舢舨仔	sam-pán-á
航空	hâng-khong
舵公	tāi-kong
船主	tsûn-tsú
船仔	tsûn-á
船員	tsûn-uân
船尾	tsûn-bué
船廠	tsûn-tshiúnn
船期	tsûn-kî
船艙	tsûn-tshng
船頭	tsûn-thâu
良心	liông-sim
艱苦	kan-khóo
艱苦人	kan-khóo-lâng
艱苦罪過	kan-khóo-tsē-kuà
艱難	kan-lân
色彩	sik-tshái
色水	sik-tsuí
色盲	sik-bông
色素	sik-sòo
色緻	sik-tī
芋仔	ōo-á
芋冰	ōo-ping
芋圓	ōo-înn
芋泥	ōo-nî
芋稈	ōo-kuáinn
芋粿	ōo-kué
芋粿曲	ōo-kué-khiau
芋莖	ōo-huâinn
芒種雨	bông-tsíng-hōo
芡滷	khiàn-lóo
芡芳	khiàn-phang
芥末	kài-bua̍h
芥菜	kuà-tshài
芥藍仔	kè-nâ-á
芥辣	kài-lua̍h
芫荽	iân-sui
花仔布	hue-á-pòo
花坩	hue-khann
花巴哩貓	hue-pa-li-niau
花旦	hue-tuànn
花枝	hue-ki
花栽	hue-tsai
花條馬	hue-tiâu-bé
花欉	hue-tsâng
花環	hue-khuân
花瓶	hue-pân
花眉	hue-bî
花矸	hue-kan
花磚	hue-tsng
花箍	hue-khoo
花籃	hue-nâ
花花仔	hue-hue-á
花草	hue-tsháu
花莓	hue-m̂
花菜	hue-tshài
花蕊	hue-luí
花蛤仔	hue-kap-á
花袂牢枝	hue-bē-tiâu-ki
花身仔	hue-sin-á
花轎	hue-kiō
花飛	hue-hui
花鮡	hue-thiâu
芳味	phang-bī
芳料	phang-liāu
芳水	phang-tsuí
芳瓜	phang-kue
芳粉	phang-hún
苛頭	khô-thâu
若像	ná-tshiūnn
若是	nā-sī
若有若無	ná-ū-ná-bô
若準	nā-tsún
若無	nā-bô
若親像	ná-tshin-tshiūnn
苦力	ku-lí
苦勸	khóo-khǹg
苦工	khóo-kang
苦心	khóo-sim
苦情	khóo-tsîng
苦旦	khóo-tuànn
苦楝仔	khóo-līng-á
苦毒	khóo-to̍k
苦毛仔	khóo-mn̂g-á
苦海	khóo-hái
苦瓜	khóo-kue
苦瓜封	khóo-kue-hong
苦甘	khóo-kam
苦花	khóo-hue
苦苦	khóo-khóo
苦茶油	khóo-tê-iû
苦齣	khóo-tshut
苧仔	tē-á
英雄	ing-hiông
苳蒿	tang-o
茄仔色	kiô-á-sik
茄苳	ka-tang
茄茉菜	ka-bua̍h-tshài
茅仔草	hm̂-á-tsháu
茈薑	tsínn-kiunn
茉草	bua̍h-tsháu
茉莉花	ba̍k-nī-hue
茫茫渺渺	bông-bông-biáu-biáu
茭白筍	kha-pe̍h-sún
茭荖仔	ka-ló-á
茯苓糕	ho̍k-lîng-ko
茶仔油	tê-á-iû
茶園	tê-hn̂g
茶山	tê-suann
茶店仔	tê-tiàm-á
茶心	tê-sim
茶心粕	tê-sim-phoh
茶心茶	tê-sim-tê
茶杯	tê-pue
茶欉	tê-tsâng
茶油	tê-iû
茶洗	tê-sé
茶滓	tê-tái
茶甌	tê-au
茶盤	tê-puânn
茶箍	tê-khoo
茶籗	tê-khah
茶米	tê-bí
茶米茶	tê-bí-tê
茶罐	tê-kuàn
茶莊	tê-tsng
茶葉	tê-hio̍h
茶鈷	tê-kóo
茶館	tê-kuán
草人	tsháu-lâng
草仔	tsháu-á
草仔子	tsháu-á-tsí
草仔粿	tsháu-á-kué
草厝仔	tsháu-tshù-á
草囷	tsháu-khûn
草地	tsháu-tē
草地人	tsháu-tē-lâng
草地倯	tsháu-tē-sông
草埔	tsháu-poo
草寮仔	tsháu-liâu-á
草橄欖	tshó-kan-ná
草猴	tsháu-kâu
草窒仔	tshó-that-á
草笠仔	tsháu-le̍h-á
草索仔	tsháu-soh-á
草絪	tsháu-in
草菇	tsháu-koo
草蓆	tsháu-tshio̍h
草蔬	tsháu-se
草藥	tsháu-io̍h
草蜢仔	tsháu-meh-á
草蜢公	tsháu-meh-kong
草蝦	tsháu-hê
草鍥仔	tsháu-keh-á
草霸王	tsháu-pà-ông
草鞋	tsháu-ê
草魚	tsháu-hî
荏懶	lám-nuā
荏身	lám-sin
荏身命	lám-sin-miā
荒埔	hng-poo
荒廢	hong-huì
荔枝	nāi-tsi
荖藤	láu-tîn
荷包	hâ-pau
荷蘭豆	huê-liân-tāu
莊嚴	tsong-giâm
莧菜	hīng-tshài
莫怪	bo̍k-kuài
莫講	mài-kóng
莫非	bo̍k-hui
莿桐	tshì-tông
菁仔	tshenn-á
菁仔欉	tshenn-á-tsâng
菅芒	kuann-bâng
菅草	kuann-tsháu
菅蓁	kuann-tsin
菊花	kiok-hue
菖蒲	tshiong-pôo
菜刀	tshài-to
菜包	tshài-pau
菜單	tshài-tuann
菜園	tshài-hn̂g
菜堂	tshài-tn̂g
菜姑	tshài-koo
菜子	tshài-tsí
菜子油	tshài-tsí-iû
菜宅	tshài-the̍h
菜尾	tshài-bué
菜市仔	tshài-tshī-á
菜市仔名	tshài-tshī-á-miâ
菜底	tshài-té
菜店	tshài-tiàm
菜店查某	tshài-tiàm-tsa-bóo
菜心	tshài-sim
菜擴	tshài-khok
菜架仔	tshài-kè-á
菜桌	tshài-toh
菜櫥	tshài-tû
菜油	tshài-iû
菜湯	tshài-thng
菜燕	tshài-iàn
菜瓜	tshài-kue
菜瓜布	tshài-kue-pòo
菜瓜摖	tshài-kue-tshè
菜瓜蒲	tshài-kue-pôo
菜砧	tshài-tiam
菜礤	tshài-tshuah
菜籃	tshài-nâ
菜粽	tshài-tsàng
菜脯	tshài-póo
菜脯簽	tshài-póo-tshiam
菜脯米	tshài-póo-bí
菜花	tshài-hue
菜蔬	tshài-se
菜蟲	tshài-thâng
菜蟳	tshài-tsîm
菜豆	tshài-tāu
菜販仔	tshài-huàn-á
菜配	tshài-phuè
菜頭	tshài-thâu
菜頭粿	tshài-thâu-kué
菜館	tshài-kuán
菜鳥仔	tshài-tsiáu-á
菜鴨	tshài-ah
菜鹹	tshài-kiâm
菝仔	pua̍t-á
菝仔票	pa̍t-á-phiò
菠薐仔	pue-lîng-á
菩提樹	phôo-thê-tshiū
菩薩	phôo-sat
菱角	lîng-kak
萬一	bān-it
萬丈深坑	bān-tn̄g-tshim-khenn
萬不幸	bān-put-hīng
萬不得已	bān-put-tik-í
萬世	bān-sè
萬事	bān-sū
萬事通	bān-sū-thong
萬代	bān-tāi
萬全	bān-tsuân
萬年筆	bān-liân-pit
萬幸	bān-hīng
萬無一失	bān-bû-it-sit
萬物	bān-bu̍t
萬能	bān-lîng
萬般	bān-puann
萬萬	bān-bān
萬項	bān-hāng
萵仔菜	ue-á-tshài
落下頦	làu-ē-hâi
落人	làu-lâng
落人的喙	lo̍h-lâng-ê-tshuì
落伍	lo̍k-ngóo
落來	lo̍h-lâi
落價	lo̍h-kè
落勾	làu-kau
落南	lo̍h-lâm
落去	lo̍h-khì
落台	lo̍h-tâi
落吐症	làu-thòo-tsìng
落喉	lo̍h-âu
落塗	lo̍h-thôo
落尾	lo̍h-bué
落尾手	lo̍h-bué-tshiú
落屎	làu-sái
落屎星	làu-sái-tshenn
落屎馬	làu-sái-bé
落山	lo̍h-suann
落山風	lo̍h-suann-hong
落崎	lo̍h-kiā
落後年	loh-āu-nî
落後日	loh-āu-ji̍t
落成	lo̍k-sîng
落手	lo̍h-tshiú
落昨日	loh-tso̍h-ji̍t
落本	lo̍h-pún
落杓	làu-sia̍h
落氣	làu-khuì
落水	lo̍h-tsuí
落注	lo̍h-tù
落湳	lo̍h-làm
落漆	lak-tshat
落眠	lo̍h-bîn
落空車	làu-khang-tshia
落空逝	làu-khang-tsuā
落第	lo̍k-tē
落翼仔	làu-si̍t-á
落肥	lo̍h-puî
落胎	làu-the
落臉	lak-lián
落船	lo̍h-tsûn
落色	lak-sik
落落	làu-làu
落葬	lo̍h-tsòng
落衰	lo̍h-sue
落褲	làu-khòo
落貨	lo̍h-huè
落跑	làu-phâu
落跤氣	lo̍h-kha-khì
落車	lo̍h-tshia
落軟	lo̍h-nńg
落選	lo̍k-suán
落難	lo̍h-lān
落雨	lo̍h-hōo
落雨天	lo̍h-hōo-thinn
落雪	lo̍h-seh
落霜	lo̍h-sng
落風	làu-hong
落魄	lo̍k-phik
葉仔	hio̍h-á
著傷	tio̍h-siong
著咳嗾	tio̍h-ka-tsa̍k
著寒熱仔	tio̍h-kuânn-jia̍t-á
著急	tio̍h-kip
著愛	tio̍h-ài
著時	tio̍h-sî
著水蛆	tio̍h-tsuí-tshi
著火	to̍h-hué
著災	tio̍h-tse
著猴	tio̍h-kâu
著獎	tio̍h-tsióng
著生驚	tio̍h-tshenn-kiann
著病	tio̍h-pēnn
著痧	tio̍h-sua
著蟲	tio̍h-thâng
著觸	tio̍h-tak
著賊偷	tio̍h-tsha̍t-thau
著銃	tio̍h-tshìng
著頭	tio̍h-thâu
著驚	tio̍h-kiann
葡萄	phû-tô
葡萄酒	phû-tô-tsiú
董事	táng-sū
葫蘆	hôo-lôo
葵扇	khuê-sìnn
蒂頭	tì-thâu
蒜仔	suàn-á
蒜仔花	suàn-á-hue
蒜茸	suàn-jiông
蒜頭	suàn-thâu
蓄厝	hak-tshù
蓄嫁粧	hak-kè-tsng
蓋蠟	kài-la̍h
蓋被	kah-phuē
蓪草	thong-tshó
蓬心	pōng-sim
蓬萊米	hông-lâi-bí
蓬鬆	phōng-song
蓮子	liân-tsí
蓮花	liân-hue
蓮花金	liân-hue-kim
蓮花頭	liân-hue-thâu
蓮蕉花	liân-tsiau-hue
蓮藕	liân-ngāu
蓮霧	lián-bū
蔗箬	tsià-ha̍h
蔥仔	tshang-á
蔥仔餅	tshang-á-piánn
蔥頭	tshang-thâu
蔭瓜仔	ìm-kue-á
蔭豉仔	ìm-sīnn-á
蔭身	ìm-sin
蕗蕎	lōo-giō
蕨貓	kueh-niau
蕹菜	ìng-tshài
薁蕘	ò-giô
薄情	po̍k-tsîng
薄板	po̍h-pán
薄板仔	po̍h-pán-á
薄縭絲	po̍h-li-si
薄荷	po̍k-hô
薅草	khau-tsháu
薏仁	ì-jîn
薑母	kiunn-bó
薑母鴨	kiunn-bó-ah
薑絲	kiunn-si
薟椒仔	hiam-tsio-á
薟薑仔	hiam-kiunn-á
薪水	sin-suí
薰吹	hun-tshue
薰喙仔	hun-tshuì-á
薰屎	hun-sái
薰觳仔	hun-khok-á
薰頭	hun-thâu
藃藃	hiauh-hiauh
藃蟶	hiauh-than
藍色	nâ-sik
藏水沬	tshàng-tsuí-bī
藏鏡人	Tsông-kiànn-jîn
藐視	biáu-sī
藝旦	gē-tuànn
藝術	gē-su̍t
藥丸	io̍h-uân
藥丹	io̍h-tan
藥仔	io̍h-á
藥劑	io̍h-tse
藥劑師	io̍h-tsè-su
藥包	io̍h-pau
藥單	io̍h-tuann
藥局	io̍h-kio̍k
藥房	io̍h-pâng
藥方	io̍h-hng
藥材	io̍h-tsâi
藥櫥	io̍h-tû
藥水	io̍h-tsuí
藥水布	io̍h-tsuí-pòo
藥洗	io̍h-sé
藥渣	io̍h-tse
藥片	io̍h-phìnn
藥粉	io̍h-hún
藥粕	io̍h-phoh
藥膏	io̍h-ko
藥茶	io̍h-tê
藥草	io̍h-tsháu
藥酒	io̍h-tsiú
藥鈷仔	io̍h-kóo-á
藥頭	io̍h-thâu
藥頭仔	io̍h-thâu-á
蘆竹	lôo-tik
蘆筍	lôo-sún
蘆薈	lôo-huē
蘆藤	lôo-tîn
蘆黍	lôo-sé
蘋果	phông-kó
蘋果檨	phông-kó-suāinn
蘑菇	môo-koo
蘭花	lân-hue
虎姑婆	Hóo-koo-pô
虎皮	hóo-phuê
虎豹母	hóo-pà-bú
虎頭夾仔	hóo-thâu-ngeh-á
虎頭柑	hóo-thâu-kam
虎頭蜂	hóo-thâu-phang
虎骨酒	hóo-kut-tsiú
虎鬚	hóo-tshiu
虎鼻師	hóo-phīnn-sai
處份	tshú-hūn
處方	tshú-hng
處理	tshú-lí
處置	tshú-tì
處罰	tshú-hua̍t
虛弱	hi-jio̍k
虛火	hi-hué
虛華	hi-hua
號做	hō-tsò
號名	hō-miâ
號碼	hō-bé
號頭	hō-thâu
虧心	khui-sim
虧損	khui-sńg
虧欠	khui-khiàm
虧空	khui-khong
虯儉	khiû-khiām
虯毛	khiû-mn̂g
虯虯	khiû-khiû
虱目魚	sat-ba̍k-hî
虼蚤	ka-tsáu
虼蚻	ka-tsua̍h
蚵仔	ô-á
蚵仔煎	ô-á-tsian
蚵仔麵線	ô-á-mī-suànn
蚵炱	ô-te
蚶仔	ham-á
蛀蟲	tsiù-thâng
蛀鼻	tsiù-phīnn
蛀齒	tsiù-khí
蛀龜仔	tsiù-ku-á
蛇瓜	tsuâ-kue
蛟龍	kau-liông
蛤仔	kap-á
蛾仔	ia̍h-á
蜂岫	phang-siū
蜂蜜	phang-bi̍t
蜂蝦	phang-hê
蜈蚣	giâ-kang
蜈蜞	ngôo-khî
蜈蜞釘	ngôo-khî-ting
蜊仔	lâ-á
蜘蛛	ti-tu
蜘蛛網	ti-tu-bāng
蜜月	bi̍t-gua̍t
蝒蟲	bīn-thâng
蝕日	sit-ji̍t
蝕月	sit-gue̍h
蝕本	si̍h-pún
蝕重	si̍h-tāng
蝦仁	hê-jîn
蝦仔	hê-á
蝦卑	hê-pi
蝦卷	hê-kńg
蝦猴	hê-kâu
蝦笱	hê-kô
蝦米	hê-bí
蝦膎	hê-kê
蝦蛄	hê-koo
蝦蛄擗仔	hê-koo-phia̍k-á
蝦蛄頭	hê-koo-thâu
蝨母	sat-bó
蝨篦	sat-pìn
蝴蝶	ôo-tia̍p
蝶仔	ia̍h-á
螺仔	lê-á
螺絲	lôo-si
螺絲絞	lôo-si-ká
螺絲釘	lôo-si-ting
螿蜍	tsiunn-tsî
蟋蟀仔	sih-sut-á
蟧蜈	lâ-giâ
蟧蜈車	lâ-giâ-tshia
蟬仔	siân-á
蟮蟲仔	siān-thâng-á
蟯仔	giô-á
蟯桮	giô-pue
蟯蟯趖	ngia̍uh-ngia̍uh-sô
蟲豸	thâng-thuā
蟳仔	tsîm-á
蟳管	tsîm-kóng
蟳膏	tsîm-ko
蠍仔	giat-á
蠓仔	báng-á
蠓仔水	báng-á-tsuí
蠓仔薰	báng-á-hun
蠓仔香	báng-á-hiunn
蠓捽仔	báng-sut-á
蠓罩	báng-tà
蠓蟲	báng-thâng
蠘仔	tshi̍h-á
蠟條	la̍h-tiâu
蠟燭	la̍h-tsik
蠟筆	la̍h-pit
蠟紙	la̍h-tsuá
蠶豆	tshân-tāu
蠻皮	bân-phuê
蠻皮癬	bân-phuê-sián
血型	hueh-hîng
血壓	hueh-ap
血崩山	hueh-pang-suann
血氣	hueh-khì
血筋	hueh-kin
血管	hueh-kńg
血色	hueh-sik
血蚶	hueh-ham
血路	hueh-lōo
行動	hîng-tōng
行去	kiânn-khì
行後尾門	kiânn-āu-bué-mn̂g
行徙	kiânn-suá
行情	hâng-tsîng
行春	kiânn-tshun
行李	hîng-lí
行棋	kiânn-kî
行氣	kiânn-khì
行為	hîng-uî
行短路	kiânn-té-lōo
行禮	kiânn-lé
行經	kiânn-king
行船	kiânn-tsûn
行船人	kiânn-tsûn-lâng
行袂開跤	kiânn-bē-khui-kha
行跤花	kiânn-kha-hue
行路	kiânn-lōo
行路工	kiânn-lōo-kang
行踏	kiânn-ta̍h
行軍	hîng-kun
行透透	kiânn-thàu-thàu
行運	kiânn-ūn
行郊	hâng-kau
行醫	hîng-i
街仔	ke-á
街仔路	ke-á-lōo
街市	ke-tshī
街路	ke-lōo
街頭	ke-thâu
衙門	gê-mn̂g
衛星	uē-tshenn
衛生	uē-sing
衛生箸	uē-sing-tī
衛生紙	uē-sing-tsuá
衝動	tshiong-tōng
衝碰	tshóng-pōng
衝突	tshiong-tu̍t
表兄	piáu-hiann
表兄弟	piáu-hiann-tī
表姊	piáu-tsí
表小妹	piáu-sió-muē
表小弟	piáu-sió-tī
表情	piáu-tsîng
表演	piáu-ián
表現	piáu-hiān
表的	piáu-ê
表示	piáu-sī
表親	piáu-tshin
表面	piáu-bīn
衫仔弓	sann-á-king
衫仔櫥	sann-á-tû
衫仔裾	sann-á-ki
衫仔褲	sann-á-khòo
衰尾	sue-bué
衰尾道人	sue-bué-tō-jîn
衰潲	sue-siâu
衰運	sue-ūn
袂伸捙	bē-tshun-tshia
袂使	bē-sái
袂使得	bē-sái-tit
袂做得	bē-tsò-tit
袂博假博	bē-phok-ké-phok
袂合	bē-ha̍h
袂和	bē-hô
袂堪得	bē-kham-tit
袂得	bē-tit
袂得通	bē-tit-thang
袂得過	bē-tit-kuè
袂拄好	bē-tú-hó
袂按算	bē-àn-sǹg
袂收山	bē-siu-suann
袂曉	bē-hiáu
袂曉衰	bē-hiáu-sue
袂歹	bē-pháinn
袂用得	bē-īng-tit
袂當	bē-tàng
袂直	bē-ti̍t
袂磕得	bē-kha̍p-tit
袂翻捙	bē-huan-tshia
袂見笑	bē-kiàn-siàu
袂記得	bē-kì-tit
袂講得	bē-kóng-tit
袂赴	bē-hù
袂赴市	bē-hù-tshī
袂輸	bē-su
袂輸講	bē-su-kóng
袂食袂睏	bē-tsia̍h-bē-khùn
袋仔	tē-á
袚鍊	phua̍h-liān
被單	phuē-tuann
被囊	phuē-lông
裁刀	tshâi-to
裁決	tshâi-kuat
裁縫	tshâi-hông
裁縫店	tshâi-hông-tiàm
裂開	li̍h-khui
裌裘	kiap-hiû
裘仔	hiû-á
補充	póo-tshiong
補冬	póo-tang
補助	póo-tsōo
補喙齒	póo-tshuì-khí
補添	póo-thiam
補破網	póo-phuà-bāng
補紩	póo-thīnn
補習	póo-si̍p
補藥	póo-io̍h
補血	póo-hueh
補貼	póo-thiap
補運	póo-ūn
補運錢	póo-ūn-tsînn
補鼎	póo-tiánn
裝潢	tsong-hông
裝痟的	tsng-siáu-ê
製造	tsè-tsō
複雜	ho̍k-tsa̍p
褒嗦	po-so
褒歌	po-kua
褒獎	po-tsióng
褪殼	thǹg-khak
褪毛	thǹg-mn̂g
褪皮	thǹg-phuê
褪腹裼	thǹg-pak-theh
褪衫	thǹg-sann
褪褲	thǹg-khòo
褪赤跤	thǹg-tshiah-kha
褪齒	thǹg-khí
褫開	thí-khui
褲帶	khòo-tuà
褲袋仔	khòo-tē-á
褲跤	khòo-kha
褲頭	khòo-thâu
襪仔	bue̍h-á
西刀舌	sai-to-tsi̍h
西北	sai-pak
西北雨	sai-pak-hōo
西天	se-thian
西式	se-sik
西方	se-hong
西洋	se-iûnn
西洋人	se-iûnn-lâng
西照日	sai-tsiò-ji̍t
西爿	sai-pîng
西瓜	si-kue
西秦王爺	Se-tsîn-ông-iâ
西藥	se-io̍h
西藥房	se-io̍h-pâng
西裝	se-tsong
西醫	se-i
西門町	Se-mn̂g-ting
要緊	iàu-kín
要領	iàu-líng
要點	iàu-tiám
覆菜	phak-tshài
見怪	kiàn-kuài
見擺	kiàn-pái
見效	kiàn-hāu
見本	kiàn-pún
見笑	kiàn-siàu
見笑代	kiàn-siàu-tāi
見笑草	kiàn-siàu-tsháu
見習	kiàn-si̍p
見若	kiàn-nā
見解	kiàn-kái
見面	kìnn-bīn
規世人	kui-sì-lâng
規个	kui-ê
規則	kui-tsik
規千萬	kui-tshing-bān
規嚾規黨	kui-uang-kui-tóng
規堆	kui-tui
規定	kui-tīng
規家伙仔	kui-ke-hué-á
規工	kui-kang
規年迵天	kui-nî-thàng-thinn
規律	kui-lu̍t
規心	kui-sim
規模	kui-bôo
規氣	kui-khì
規爿	kui-pîng
規矩	kui-kí
規碗捀	kui-uánn-phâng
規腹火	kui-pak-hué
規路	kui-lōo
規身軀	kui-sin-khu
規陣	kui-tīn
規面	kui-bīn
覕喙	bih-tshuì
覕相揣	bih-sio-tshuē
覕雨	bih-hōo
覕鬚	bih-tshiu
視力	sī-li̍k
親事	tshin-sū
親人	tshin-lâng
親像	tshin-tshiūnn
親切	tshin-tshiat
親友	tshin-iú
親喙	tshin-tshuì
親堂	tshin-tông
親姆	tshenn-ḿ
親姆婆	tshenn-ḿ-pô
親家	tshin-ke
親家公	tshin-ke-kong
親密	tshin-bi̍t
親情	tshin-tsiânn
親情五十	tshin-tsiânn-gōo-tsa̍p
親愛	tshin-ài
親戚	tshin-tshik
親手	tshin-tshiú
親族	tshin-tso̍k
親生	tshin-senn
親疊親	tshin-tha̍h-tshin
親目	tshin-ba̍k
親身	tshin-sin
親近	tshin-kīn
親骨肉	tshin-kut-jio̍k
覺悟	kak-ngōo
覺醒	kak-tshénn
觀光	kuan-kong
觀前顧後	kuan-tsîng-kòo-āu
觀察	kuan-tshat
觀念	kuan-liām
觀音	Kuan-im
觀音竹	kuan-im-tik
角勢	kak-sì
角色	kak-sik
角蜂	kak-phang
角頭	kak-thâu
角鼓	kak-kóo
角齒	kak-khí
解厄	kái-eh
解圍	kái-uî
解心悶	kái-sim-būn
解悶	kái-būn
解愁	kái-tshiû
解散	kái-sàn
解毒	kái-to̍k
解決	kái-kuat
解答	kái-tap
解約	kái-iok
解脫	kái-thuat
解說	kái-sueh
解酒	kái-tsiú
解釋	kái-sik
解除	kái-tû
觱仔	pi-á
觳仔	khok-á
觳仔炱	khok-á-te
觸犯	tshiok-huān
觸纏	tak-tînn
觸舌	tak-tsi̍h
言詞	giân-sû
言語	giân-gí
言論	giân-lūn
訂婚	tīng-hun
訃音	hù-im
計智	kè-tì
計畫	kè-uē
計程車	kè-thîng-tshia
計策	kè-tshik
計算	kè-sǹg
計謀	kè-bôo
計較	kè-kàu
討人情	thó-jîn-tsîng
討債	thó-tsè
討債囝	thó-tsè-kiánn
討厭	thó-ià
討命	thó-miā
討契兄	thó-khè-hiann
討數	thó-siàu
討海	thó-hái
討海人	thó-hái-lâng
討皮疼	thó-phuê-thiànn
討論	thó-lūn
討趁	thó-thàn
討錢	thó-tsînn
討食	thó-tsia̍h
訕削	suān-siah
訕潲	suān-siâu
託夢	thok-bāng
記性	kì-sìng
記憶	kì-ik
記持	kì-tî
記數	kì-siàu
記者	kì-tsiá
記號	kì-hō
記認	kì-jīn
訪問	hóng-būn
設使	siat-sú
設備	siat-pī
設局	siat-kio̍k
設想	siat-sióng
設施	siat-si
設立	siat-li̍p
設緣投	siat-iân-tâu
設計	siat-kè
許可	hí-khó
訴狀	sòo-tsn̄g
診察	tsín-tshat
診所	tsín-sóo
診斷	tsín-tuàn
註冊	tsù-tsheh
註好好	tsù-hó-hó
註定	tsù-tiānn
註明	tsù-bîng
註死	tsù-sí
註生娘娘	Tsù-senn-niû-niû
註解	tsù-kái
註銷	tsù-siau
詐欺	tsà-khi
評判	phîng-phuànn
評論	phîng-lūn
詞彙	sû-luī
試探	tshì-thàm
試看	tshì-khuànn
試看覓	tshì-khuànn-māi
試驗	tshì-giām
試鹹汫	tshì-kiâm-tsiánn
詩歌	si-kua
詬詬唸	kāu-kāu-liām
詭計	kuí-kè
話仙	uē-sian
話尾	uē-bué
話屎	uē-sái
話柄	uē-pènn
話母	uē-bó
話縫	uē-phāng
話蝨	uē-sat
話頭	uē-thâu
話骨	uē-kut
該死	kai-sí
該然	kai-jiân
該當	kai-tong
詳情	siông-tsîng
詳細	siông-sè
詼諧	khue-hâi
誇口	khua-kháu
認份	jīn-hūn
認同	jīn-tông
認命	jīn-miā
認定	jīn-tīng
認捌	jīn-bat
認真	jīn-tsin
認罪	jīn-tsuē
認路	jīn-lōo
認輸	jīn-su
認錯	jīn-tshò
誓不兩立	sè-put-lióng-li̍p
語法	gí-huat
語言	gí-giân
誠實	tsiânn-si̍t
誠意	sîng-ì
誠懇	sîng-khún
誣賴	bû-luā
誤會	gōo-huē
誤解	gōo-kái
誦經	siōng-king
說多謝	sueh-to-siā
說客	suè-kheh
說明	suat-bîng
說謝	sueh-siā
課文	khò-bûn
課本	khò-pún
課程	khò-tîng
誹謗	huí-pòng
調停	tiâu-thîng
調動	tiàu-tōng
調整	tiâu-tsíng
調查	tiâu-tsa
調羹仔	thâu-king-á
調解	tiâu-kái
調養	tiâu-ióng
談判	tâm-phuànn
談論	tâm-lūn
請人客	tshiánn-lâng-kheh
請假	tshíng-ká
請命	tshíng-bīng
請問	tshiánn-mn̄g
請坐	tshiánn-tsē
請安	tshíng-an
請帖	tshiánn-thiap
請教	tshíng-kàu
請桌	tshiánn-toh
請求	tshíng-kiû
請示	tshíng-sī
請神	tshiánn-sîn
請罪	tshíng-tsuē
諍喙	tsènn-tshuì
諒情	liōng-tsîng
諒解	liōng-kái
論文	lūn-bûn
論真	lūn-tsin
諞仙仔	pián-sian-á
謀財害命	bôo-tsâi-hāi-bīng
謄本	thîng-pún
謎猜	bī-tshai
謙卑	khiam-pi
謙虛	khiam-hi
講價	kóng-kè
講古	kóng-kóo
講和	kóng-hô
講嘐潲話	kóng-hau-siâu-uē
講堂	káng-tn̂g
講大聲話	kóng-tuā-siann-uē
講好	kóng-hó
講師	káng-su
講情	kóng-tsîng
講明	kóng-bîng
講演	káng-ián
講白賊	kóng-pe̍h-tsha̍t
講破	kóng-phuà
講究	káng-kiù
講笑	kóng-tshiò
講笑詼	kóng-tshiò-khue
講習	káng-si̍p
講親情	kóng-tshin-tsiânn
講話	kóng-uē
講起	kóng-khí
謝神	siā-sîn
謝禮	siā-lé
謝絕	siā-tsua̍t
謝罪	siā-tsuē
謝金	siā-kim
謝願	siā-guān
謠言	iâu-giân
謹慎	kín-sīn
譀古	hàm-kóo
譀呱呱	hàm-kuā-kuā
譀浡	hàm-phu̍h
譀話	hàm-uē
譀譀	hàm-hàm
譀鏡	hàm-kiànn
證人	tsìng-jîn
證券	tsìng-kuàn
證據	tsìng-kì
證明	tsìng-bîng
證書	tsìng-su
警告	kíng-kò
警報	kíng-pò
警察	kíng-tshat
警察局	kíng-tshat-kio̍k
警戒	kíng-kài
譬喻	phì-jū
譬相	phì-siùnn
譬論講	phì-lūn-kóng
議員	gī-uân
議場	gī-tiûnn
議會	gī-huē
議案	gī-àn
議論	gī-lūn
議長	gī-tiúnn
譴損	khiàn-sńg
譴責	khián-tsik
護士	hōo-sū
護法	hōo-huat
護照	hōo-tsiàu
護理	hōo-lí
護身符	hōo-sin-hû
護龍	hōo-lîng
讀冊	tha̍k-tsheh
讀冊人	tha̍k-tsheh-lâng
讀死冊	tha̍k-sí-tsheh
讀者	tho̍k-tsiá
變化	piàn-huà
變卦	piàn-kuà
變啥魍	pìnn-siánn-báng
變工藝	pìnn-kang-gē
變弄	pìnn-lāng
變心	piàn-sim
變更	piàn-king
變款	piàn-khuán
變步	piàn-pōo
變無魍	pìnn-bô-báng
變猴弄	pìnn-kâu-lāng
變相	piàn-siòng
變空	pìnn-khang
變竅	piàn-khiàu
變色	piàn-sik
變通	piàn-thong
變面	pìnn-bīn
變鬼	pìnn-kuí
變鬼變怪	pìnn-kuí-pìnn-kuài
讓位	niū-uī
讓手	niū-tshiú
讓步	niū-pōo
讓渡	jiōng-tōo
豆乳	tāu-jú
豆乾	tāu-kuann
豆乾糋	tāu-kuann-tsìnn
豆仔	tāu-á
豆仔薯	tāu-á-tsî
豆仔魚	tāu-á-hî
豆奶	tāu-ling
豆沙	tāu-se
豆油	tāu-iû
豆油膏	tāu-iû-ko
豆皮	tāu-phuê
豆箍	tāu-khoo
豆簽	tāu-tshiam
豆粕	tāu-phoh
豆腐	tāu-hū
豆腐鯊	tāu-hū-sua
豆花	tāu-hue
豆莢	tāu-ngeh
豆菜	tāu-tshài
豆菜底的	tāu-tshài-té-ê
豆藤	tāu-tîn
豆豉	tāu-sīnn
豆酺	tāu-pôo
豆醬	tāu-tsiùnn
豆醬湯	tāu-tsiùnn-thng
豆頭	tāu-thâu
豆餅	tāu-piánn
豆餡	tāu-ānn
豆鹹	tāu-kiâm
豈有此理	khí-iú-tshú-lí
豉膎	sīnn-kê
豉鹽	sīnn-iâm
豐富	hong-hù
豐年	hong-nî
豐收	hong-siu
豐沛	phong-phài
豔色	iām-sik
豚母	thûn-bú
象桮	siūnn-pue
象棋	tshiūnn-kî
豬仔	ti-á
豬仔囝	ti-á-kiánn
豬公	ti-kang
豬哥	ti-ko
豬哥牙	ti-ko-gê
豬哥神	ti-ko-sîn
豬屠	ti-tôo
豬心	ti-sim
豬槽	ti-tsô
豬母	ti-bó
豬母奶仔	ti-bó-ling-á
豬母癲	ti-bó-tian
豬母菜	ti-bó-tshài
豬油	ti-iû
豬油粕仔	ti-iû-phoh-á
豬灶	ti-tsàu
豬牢	ti-tiâu
豬狗精牲	ti-káu-tsing-senn
豬砧	ti-tiam
豬肉	ti-bah
豬肚	ti-tōo
豬肝	ti-kuann
豬肝色	ti-kuann-sik
豬肺	ti-hì
豬胚仔	ti-phue-á
豬腸仔	ti-tn̂g-á
豬舌	ti-tsi̍h
豬菜	ti-tshài
豬血	ti-hueh
豬血粿	ti-hueh-kué
豬跤	ti-kha
豬跤箍	ti-kha-khoo
豬跤麵線	ti-kha-mī-suànn
豬鋪	ti-phoo
豬頭爿	ti-thâu-pîng
豬頭皮	ti-thâu-phuê
豬頭肥	ti-thâu-puî
貓仔	niau-á
貓兒竹	bâ-jî-tik
貓咪	niau-bî
貓貓	niau-niau
貓貓相	niau-niau-siòng
貓霧仔光	bâ-bū-á-kng
貓霧光	bâ-bū-kng
貓面	niau-bīn
貓頭鳥	niau-thâu-tsiáu
負債	hū-tsè
負擔	hū-tam
財主	tsâi-tsú
財力	tsâi-li̍k
財團	tsâi-thuân
財子壽	tsâi-tsú-siū
財寶	tsâi-pó
財政	tsâi-tsìng
財源	tsâi-guân
財物	tsâi-bu̍t
財產	tsâi-sán
財神	tsâi-sîn
財神爺	tsâi-sîn-iâ
貢丸	kòng-uân
貢獻	kòng-hiàn
貢糖	kòng-thn̂g
貧惰	pîn-tuānn
貧惰骨	pîn-tuānn-kut
貧血	pîn-hiat
貧道	pîn-tō
貨主	huè-tsú
貨尾	huè-bué
貨底	huè-té
貨樣	huè-iūnn
貨船	huè-tsûn
貨色	huè-sik
貨草	huè-tsháu
貨頭	huè-thâu
販仔	huàn-á
販仔白	huàn-á-pe̍h
販厝	huàn-tshù
販貨	phuànn-huè
販賣	huàn-bē
貪官汙吏	tham-kuann-ù-lī
貪心	tham-sim
貪戀	tham-luân
貪財	tham-tsâi
貪食	tham-tsia̍h
貫針	kǹg-tsiam
責任	tsik-jīm
責備	tsik-pī
貯飯	té-pn̄g
貴人	kuì-jîn
貴參參	kuì-som-som
貴庚	kuì-kenn
貴氣	kuì-khì
貴賓	kuì-pin
貴重	kuì-tiōng
買主	bé-tsú
買命	bé-miā
買手	bé-tshiú
買收	bé-siu
買票	bé-phiò
買賣	bé-bē
貸款	tāi-khuán
費氣	huì-khì
費氣費觸	huì-khì-huì-tak
費用	huì-iōng
費神	huì-sîn
貼人食	thiap-lâng-tsia̍h
貼底	tah-té
貼心	tah-sim
貼本	thiap-pún
貼貼	tah-tah
貿工	bāu-kang
貿易	bōo-i̍k
貿貨底	bāu-huè-té
貿頭	bāu-thâu
資料	tsu-liāu
資本	tsu-pún
資格	tsu-keh
資產	tsu-sán
賊仔	tsha̍t-á
賊仔市	tsha̍t-á-tshī
賊仔貨	tsha̍t-á-huè
賊仔車	tsha̍t-á-tshia
賊船	tsha̍t-tsûn
賊頭	tsha̍t-thâu
賑災	tsín-tsai
賒數	sia-siàu
賒欠	sia-khiàm
賞月	siúnn-gue̍h
賞狀	siúnn-tsn̄g
賞罰	siúnn-hua̍t
賞賜	siúnn-sù
賞金	siúnn-kim
賞錢	siúnn-tsînn
賠償	puê-siông
賠錢	puê-tsînn
賢慧	hiân-huē
賣命	bē-miā
賣身	bē-sin
賤蟲	tsiān-thâng
質問	tsit-mn̄g
質詢	tsit-sûn
質量	tsit-liōng
賭強	tóo-kiông
賭氣	tóo-khì
賰的	tshun-ê
賰錢	tshun-tsînn
賴賴趖	luā-luā-sô
賺食	tsuán-tsia̍h
贈送	tsīng-sàng
贊助	tsàn-tsōo
贊同	tsàn-tông
贊成	tsàn-sîng
贊聲	tsàn-siann
贌田	pa̍k-tshân
贏面	iânn-bīn
贖身	sio̍k-sin
赤焱焱	tshiah-iānn-iānn
赤牛	tshiah-gû
赤目	tshiah-ba̍k
赤砂	tshiah-sua
赤肉	tshiah-bah
赤跤	tshiah-kha
赤跤仙仔	tshiah-kha-sian-á
赤鯮	tshiah-tsang
赦免	sià-bián
赦罪	sià-tsuē
走傱	tsáu-tsông
走味	tsáu-bī
走唱	tsáu-tshiùnn
走學	tsáu-o̍h
走山	tsáu-suann
走揣	tsáu-tshuē
走桌的	tsáu-toh-ê
走標	tsáu-pio
走水	tsáu-tsuí
走江湖	tsáu-kang-ôo
走無路	tsáu-bô-lōo
走狗	tsáu-káu
走相掠	tsáu-sio-lia̍h
走相逐	tsáu-sio-jiok
走私	tsáu-su
走精	tsáu-tsing
走縒	tsáu-tsua̍h
走腹	tsáu-pak
走色	tsáu-sik
走街仔仙	tsáu-ke-á-sian
走袂開跤	tsáu-bē-khui-kha
走袂離	tsáu-bē-lī
走赦馬	tsáu-sià-bé
走路	tsáu-lōo
走跳	tsáu-thiàu
走閃	tsáu-siám
走音	tsáu-im
走馬燈	tsáu-bé-ting
起事	khí-sū
起來	khí-lâi
起價	khí-kè
起凊瘼	khí-tshìn-mo̍oh
起厝	khí-tshù
起呸面	khí-phuì-bīn
起因	khí-in
起家	khí-ke
起帆	khí-phâng
起床	khí-tshn̂g
起性地	khí-sìng-tē
起戇	khí-gōng
起手	khí-tshiú
起毛	khí-moo
起毛婸	khí-moo-giang
起火	khí-hué
起無空	khí-bô-khang
起狂	khí-kông
起痟	khí-siáu
起碇	khí-tiānn
起碼	khí-má
起磅	khí-pōng
起程	khí-thîng
起童	khí-tâng
起色	khí-sik
起落	khí-lo̍h
起藥蛆	khí-io̍h-tshi
起蛟龍	khí-kau-lîng
起行	khí-kiânn
起訴	khí-sòo
起豹飆	khí-pà-pio
起跤動手	khí-kha-tāng-tshiú
起酒痟	khí-tsiú-siáu
起雄	khí-hiông
起雞母皮	khí-ke-bó-phuê
起頭	khí-thâu
起風	khí-hong
起鼓	khí-kóo
趁早	thàn-tsá
趁流水	thàn-lâu-tsuí
趁燒	thàn-sio
趁私奇	thàn-sai-khia
趁錢	thàn-tsînn
趁食	thàn-tsia̍h
趁食人	thàn-tsia̍h-lâng
趁食查某	thàn-tsia̍h-tsa-bóo
趁食間	thàn-tsia̍h-king
超度	tshiau-tōo
超生	tshiau-sing
超級	tshiau-kip
超過	tshiau-kuè
越頭	ua̍t-thâu
趒跤頓蹄	tiô-kha-tǹg-tê
趕工	kuánn-kang
趕緊	kuánn-kín
趕路	kuánn-lōo
趖跤趖手	sô-kha-sô-tshiú
趣味	tshù-bī
趨冰	tshu-ping
跂跤	kué-kha
跋倒	pua̍h-tó
跋感情	pua̍h-kám-tsîng
跋桮	pua̍h-pue
跋牌仔	pua̍h-pâi-á
跋筊	pua̍h-kiáu
跑馬	pháu-bé
跙一倒	tshū-tsi̍t-tó
跙倒	tshū-tó
跙流籠	tshū-liû-lông
跛跤	pái-kha
跟綴	kin-tuè
跟隨	kin-suî
跤仔	kha-á
跤來手來	kha-lâi-tshiú-lâi
跤兜	kha-tau
跤刀	kha-to
跤尖手幼	kha-tsiam-tshiú-iù
跤尾	kha-bué
跤尾紙	kha-bué-tsuá
跤尾飯	kha-bué-pn̄g
跤帛	kha-pe̍h
跤底	kha-té
跤後曲	kha-āu-khiau
跤後肚	kha-āu-tóo
跤後蹬	kha-āu-tenn
跤手	kha-tshiú
跤指頭仔	kha-tsíng-thâu-á
跤捗	kha-pôo
跤擋	kha-tòng
跤數	kha-siàu
跤斗	kha-táu
跤曲	kha-khiau
跤枷	kha-kê
跤桶	kha-tháng
跤梢	kha-sau
跤梢間仔	kha-sau-king-á
跤模	kha-bôo
跤模手印	kha-bôo-tshiú-ìn
跤步	kha-pōo
跤液	kha-sio̍h
跤爪	kha-jiáu
跤球	kha-kiû
跤盤	kha-puânn
跤目	kha-ba̍k
跤筋	kha-kin
跤縫	kha-phāng
跤肚	kha-tóo
跤肚骨	kha-tóo-kut
跤胴	kha-tâng
跤胴骨	kha-tâng-kut
跤腿	kha-thuí
跤跡	kha-jiah
跤踏仔	kha-ta̍h-á
跤踏車	kha-ta̍h-tshia
跤蹄	kha-tê
跤頭趺	kha-thâu-u
跤骨	kha-kut
跤麻手痺	kha-bâ-tshiú-pì
跤鼻臁	kha-phīnn-liâm
跪拜	kuī-pài
路尾	lōo-bué
路旁屍	lōo-pông-si
路沖	lōo-tshiong
路燈	lōo-ting
路用	lōo-īng
路祭	lōo-tsè
路程	lōo-tîng
路草	lōo-tsháu
路費	lōo-huì
路途	lōo-tôo
路邊	lōo-pinn
路邊擔仔	lōo-pinn-tànn-á
路頭	lōo-thâu
跳加冠	thiàu-ka-kuan
跳年	thiàu-nî
跳水	thiàu-tsuí
跳港	thiàu-káng
跳童	thiàu-tâng
跳索仔	thiàu-soh-á
跳舞	thiàu-bú
跳踢	thiàu-thah
跳逝	thiàu-tsuā
跳針	thiàu-tsiam
踅玲瑯	se̍h-lin-long
踅神	se̍h-sîn
踅螺梯	se̍h-lê-thui
踅街	se̍h-ke
踅踅唸	se̍h-se̍h-liām
踅輾轉	se̍h-liàn-tńg
踅頭	se̍h-thâu
踏差	ta̍h-tsha
踏斗	ta̍h-táu
踏枋	ta̍h-pang
踏硬	ta̍h-ngē
踏話頭	ta̍h-uē-thâu
踏蹺	ta̍h-khiau
踢毽子	that-kiàn-tsí
踢被	that-phuē
踩街	tshái-ke
踮沬	tiàm-bī
蹊蹺	khi-khiau
蹌箍螺	tshiáng-khoo-lê
蹌跤雞	tshiáng-kha-ke
蹔跤步	tsàm-kha-pōo
蹛院	tuà-īnn
蹧躂	tsau-that
蹽溪仔	liâu-khe-á
蹽落去	liâu-lo̍h-khì
躊躇	tiû-tû
躘被	liòng-phuē
躡跤尾	neh-kha-bué
身世	sin-sè
身價	sin-kè
身命	sin-miā
身屍	sin-si
身懸	sin-kuân
身材	sin-tsâi
身軀	sin-khu
身軀邊	sin-khu-pinn
身體	sin-thé
躼跤	lò-kha
躼跤仔	lò-kha-á
軁狗空仔	nǹg-káu-khang-á
軁錢空	nǹg-tsînn-khang
軁鑽	nǹg-tsǹg
車仔	tshia-á
車仔線	tshia-á-suànn
車仔針	tshia-á-tsiam
車前草	ki-tsiân-tsháu
車單	tshia-tuann
車布邊	tshia-pòo-pinn
車幫	tshia-pang
車後斗	tshia-āu-táu
車心	tshia-sim
車手	tshia-tshiú
車掌	tshia-tsióng
車擋	tshia-tòng
車斗	tshia-táu
車母	tshia-bú
車票	tshia-phiò
車站	tshia-tsām
車路	tshia-lōo
車輪	tshia-lián
車錢	tshia-tsînn
車頭	tshia-thâu
車鼓戲	tshia-kóo-hì
軌道	kuí-tō
軍事	kun-sū
軍法	kun-huat
軍艦	kun-lām
軍隊	kun-tuī
軟塗深掘	nńg-thôo-tshim-ku̍t
軟市	nńg-tshī
軟弱	luán-jio̍k
軟心	nńg-sim
軟晡	nńg-poo
軟汫	nńg-tsiánn
軟絲仔	nńg-si-á
軟膏膏	nńg-kô-kô
軟荍荍	nńg-siô-siô
軟跤	nńg-kha
軟跤蝦	nńg-kha-hê
軟轎	nńg-kiō
軟骨	nńg-kut
較停仔	khah-thîng-á
較加	khah-ke
較大面	khah-tuā-bīn
較快	khah-khuài
較早	khah-tsá
較講	khah-kóng
較車	kà-tshia
較輸	khah-su
輓聯	buán-liân
輔助	hú-tsōo
輔導	hú-tō
輕便	khin-piān
輕便車	khing-piān-tshia
輕可	khin-khó
輕手	khin-tshiú
輕秤	khin-tshìn
輕聲細說	khin-siann-sè-sueh
輕薄	khin-po̍h
輕視	khin-sī
輕重	khin-tāng
輕銀	khin-gîn
輕鬆	khin-sang
輦轎仔	lián-kiō-á
輪仔	lián-á
輪值	lûn-ti̍t
輪框	lián-khing
輪班	lûn-pan
輪迴	lûn-huê
輪鬮	lûn-khau
輸入	su-ji̍p
輸出	su-tshut
輸血	su-hueh
輸贏	su-iânn
輸面	su-bīn
輾轉	liàn-tńg
轉世	tsuán-sè
轉來	tńg-lâi
轉去	tńg-khì
轉喙	tńg-tshuì
轉外家	tńg-guā-ke
轉大人	tńg-tuā-lâng
轉學	tsuán-ha̍k
轉彎	tńg-uan
轉彎踅角	tńg-uan-se̍h-kak
轉後頭	tńg-āu-thâu
轉斡	tńg-uat
轉聲	tńg-siann
轉臍	tńg-tsâi
轉變	tsuán-piàn
轉踅	tńg-se̍h
轉輪	tńg-lûn
轉錢空	tńg-tsînn-khang
轉骨	tńg-kut
轎車	kiau-tshia
辛勞	sin-lô
辛苦	sin-khóo
辛苦病疼	sin-khóo-pēnn-thiànn
辜負	koo-hū
辦公	pān-kong
辦桌	pān-toh
辦法	pān-huat
辦理	pān-lí
辦貨	pān-huè
辭典	sû-tián
辭別	sî-pia̍t
辭職	sî-tsit
辭頭路	sî-thâu-lōo
辯士	piān-sū
辯解	piān-kái
辯論	piān-lūn
辯護	piān-hōo
辯護士	piān-hōo-sū
農作物	lông-tsok-bu̍t
農具	lông-kū
農場	lông-tiûnn
農村	lông-tshun
農業	lông-gia̍p
農民	lông-bîn
農民曆	lông-bîn-li̍k
迎接	gîng-tsiap
迎新棄舊	ngiâ-sin-khì-kū
迎燈	ngiâ-ting
迎神	ngiâ-sîn
迎鬧熱	ngiâ-lāu-jia̍t
近來	kīn-lâi
近倚	kīn-uá
近廟欺神	kīn-biō-khi-sîn
近視	kīn-sī
近親	kīn-tshin
迫促	pik-tshik
迫倚	pik-uá
迫近	pik-kīn
迵海	thàng-hái
迵過	thàng-kuè
迷亂	bê-luān
迷信	bê-sìn
迷戀	bê-luân
追加	tui-ka
追求	tui-kiû
追究	tui-kiù
追認	tui-jīn
退伍	thè-ngóo
退休	thè-hiu
退冰	thè-ping
退婚	thè-hun
退學	thè-ha̍k
退定	thè-tiānn
退後	thè-āu
退時	thè-sî
退步	thè-pōo
退流	thè-lâu
退火	thè-hué
退熱	thè-jia̍t
退癀	thè-hông
退童	thè-tâng
退股	thè-kóo
退色	thè-sik
退酒	thè-tsiú
送上山	sàng-tsiūnn-suann
送嫁	sàng-kè
送定	sàng-tiānn
送日仔	sàng-ji̍t-á
送神	sàng-sîn
送禮	sàng-lé
逃亡	tô-bông
逃兵	tô-ping
逃命	tô-miā
逃犯	tô-huān
逃走	tô-tsáu
逃避	tô-pī
逆天	gi̍k-thinn
逆子	gi̍k-tsú
逍遙	siau-iâu
透世人	thàu-sì-lâng
透中晝	thàu-tiong-tàu
透尾	thàu-bué
透年	thàu-nî
透底	thàu-té
透心涼	thàu-sim-liâng
透抽	thàu-thiu
透日	thàu-ji̍t
透早	thàu-tsá
透暗	thàu-àm
透暝	thàu-mê
透流	thàu-lâu
透濫	thàu-lām
透雨	thàu-hōo
透風	thàu-hong
逐个	ta̍k-ê
逐家	ta̍k-ke
逐工	ta̍k-kang
逐年	ta̍k-nî
逐擺	ta̍k-pái
逐日	ta̍k-ji̍t
逐暗	ta̍k-àm
逐項	ta̍k-hāng
這世人	tsit-sì-lâng
這搭	tsit-tah
這站	tsit-tsām
這聲	tsit-siann
這過	tsit-kuè
這陣	tsit-tsūn
這馬	tsit-má
這點仔	tsit-tiám-á
通人	thong-lâng
通人知	thong-lâng-tsai
通光	thang-kng
通報	thong-pò
通姦	thong-kan
通常	thong-siông
通批	thong-phue
通書	thong-su
通用	thong-iōng
通知	thong-ti
通緝	thong-tsi̍p
通譯	thong-i̍k
通過	thong-kuè
通風	thang-hong
通鼓	thong-kóo
速度	sok-tōo
造化	tsō-huà
造反	tsō-huán
造福	tsō-hok
造話	tsō-uē
造路	tsō-lōo
連回	liân-huê
連環	liân-khuân
連累	liân-luī
連紲	liân-suà
連續	liân-sio̍k
連鞭	liâm-mi
進前	tsìn-tsîng
進化	tsìn-huà
進口	tsìn-kháu
進步	tsìn-pōo
進行	tsìn-hîng
進退	tsìn-thè
進香	tsìn-hiunn
逼籤詩	pik-tshiam-si
遇著	gū-tio̍h
遊覽車	iû-lám-tshia
運動	ūn-tōng
運動埕	ūn-tōng-tiânn
運動會	ūn-tōng-huē
運命	ūn-miā
運氣	ūn-khì
運河	ūn-hô
運用	ūn-iōng
運輸	ūn-su
運轉	ūn-tsuán
運轉手	ūn-tsuán-tshiú
運送	ūn-sàng
運途	ūn-tôo
過分	kuè-hun
過去	kuè-khì
過名	kuè-miâ
過喙	kuè-tshuì
過失	kuè-sit
過年	kuè-nî
過度	kuè-tōo
過往	kuè-óng
過後	kuè-āu
過心	kuè-sim
過意	kuè-ì
過戶	kuè-hōo
過房	kuè-pâng
過手	kuè-tshiú
過數	kuè-siàu
過日	kuè-ji̍t
過時	kuè-sî
過暝	kuè-mê
過橋	kuè-kiô
過氣	kuè-khuì
過水	kuè-tsuí
過渡	kuè-tōo
過火	kuè-hué
過爐	kuè-lôo
過癮	kuè-giàn
過目	kuè-ba̍k
過磅	kuè-pōng
過謙	kòo-khiam
過路人	kuè-lōo-lâng
過身	kuè-sin
過門	kuè-mn̂g
過面	kuè-bīn
過頭	kuè-thâu
過鹹水的	kuè-kiâm-tsuí-ê
遏手把	at-tshiú-pà
遏泔	at-ám
遐爾	hiah-nī
遐爾仔	hiah-nī-á
遐的	hia-ê
道友	tō-iú
道士	tō-sū
道德	tō-tik
道教	Tō-kàu
道理	tō-lí
道義	tō-gī
道行	tō-hīng
道路	tō-lōo
違反	uî-huán
違背	uî-puē
遛手	liù-tshiú
遛疕仔	liù-phí-á
遛皮	liù-phuê
遠親	uán-tshin
遠足	uán-tsiok
適合	sik-ha̍p
適當	sik-tòng
遭遇	tso-gū
遮日	jia-ji̍t
遮爾	tsiah-nī
遮爾仔	tsiah-nī-á
遮的	tsia-ê
遮瞞	jia-muâ
遮閘	jia-tsa̍h
遮雨	jia-hōo
遮風	jia-hong
遵命	tsun-bīng
遵守	tsun-siú
遷居	tshian-ki
遷徙	tshian-suá
選手	suán-tshiú
選擇	suán-ti̍k
選票	suán-phiò
選舉	suán-kí
遺囑	uî-tsiok
遺憾	uî-hām
遺書	uî-su
遺產	uî-sán
遺言	uî-giân
避免	pī-bián
邀請	iau-tshiánn
還俗	huân-sio̍k
還數	hîng-siàu
還錢	hîng-tsînn
邊仔	pinn-á
郊外	kau-guā
郎君	lông-kun
部下	pōo-hā
部份	pōo-hūn
部位	pōo-uī
部落	pōo-lo̍k
部長	pōo-tiúnn
郵件	iû-kiānn
郵便局	iû-piān-kio̍k
郵局	iû-kio̍k
郵差	iû-tshai
郵政	iû-tsìng
郵票	iû-phiò
郵筒	iû-tâng
都合	too-ha̍p
都市	too-tshī
鄉土	hiong-thóo
鄉村	hiong-tshun
鄉親	hiong-tshin
鄉里	hiunn-lí
鄉鎮	hiong-tìn
鄉長	hiong-tiúnn
配合	phuè-ha̍p
配料	phuè-liāu
配給	phuè-kip
配角	phuè-kak
配頭	phuè-thâu
酒仙	tsiú-sian
酒杯	tsiú-pue
酒樓	tsiú-lâu
酒母	tsiú-bú
酒漏仔	tsiú-lāu-á
酒瓶	tsiú-pân
酒甌	tsiú-au
酒甕	tsiú-àng
酒甜	tsiú-tinn
酒癖	tsiú-phiah
酒矸	tsiú-kan
酒矸仔嫂	tsiú-kan-á-só
酒矸窒仔	tsiú-kan-that-á
酒窟仔	tsiú-khut-á
酒糟	tsiú-tsau
酒配	tsiú-phuè
酒醉	tsiú-tsuì
酒開仔	tsiú-khui-á
酥腰	soo-io
酵母	kànn-bó
酷刑	khok-hîng
酸甘甜	sng-kam-tinn
酸筍	sng-sún
醃瓜	am-kue
醃缸	am-kng
醋桶	tshòo-tháng
醒悟	síng-ngōo
醫學	i-ha̍k
醫治	i-tī
醫生	i-sing
醫生館	i-sing-kuán
醫術	i-su̍t
醬料	tsiùnn-liāu
醬瓜仔	tsiùnn-kue-á
醬菜	tsiùnn-tshài
醬鹹	tsiùnn-kiâm
釋迦	sik-khia
重倍	tîng-puē
重傷	tāng-siong
重利	tāng-lāi
重句	tîng-kù
重大	tiōng-tāi
重巡	tîng-sûn
重手	tāng-tshiú
重手頭	tāng-tshiú-thâu
重擔	tāng-tànn
重敧爿	tāng-khi-pîng
重新	tiông-sin
重本	tāng-pún
重病	tāng-pēnn
重眠	tiōng-bîn
重穿	tiōng-tshīng
重耽	tîng-tânn
重聲	tāng-siann
重要	tiōng-iàu
重視	tiōng-sī
重重疊疊	tîng-tîng-tha̍h-tha̍h
重錢	tiōng-tsînn
重陽節	Tiông-iông-tseh
重頭輕	tāng-thâu-khin
重食	tiōng-tsia̍h
重鹹	tāng-kiâm
野味	iá-bī
野心	iá-sim
野性	iá-sìng
野獸	iá-siù
野球	iá-kiû
野生	iá-sing
野蠻	iá-bân
野雞仔車	iá-ke-á-tshia
野馬	iá-bé
量仔	niū-á
量其約	liōng-kî-iok
金仔	kim-á
金仔店	kim-á-tiàm
金光黨	kim-kong-tóng
金剛石	kim-kong-tsio̍h
金含	kim-kâm
金囝	kim-kiánn
金婚	kim-hun
金山	kim-suann
金庫	kim-khòo
金斗	kim-táu
金斗甕仔	kim-táu-àng-á
金桔仔	kim-kiat-á
金條	kim-tiâu
金棗	kim-tsó
金榜	kim-pńg
金滑	kim-ku̍t
金爐	kim-lôo
金瓜	kim-kue
金箔	kim-po̍h
金粉	kim-hún
金紙	kim-tsuá
金紙店	kim-tsuá-tiàm
金絲猴	kim-si-kâu
金線蓮	kim-suànn-liân
金色	kim-sik
金蠅	kim-sîn
金言	kim-giân
金言玉語	kim-giân-gio̍k-gí
金身	kim-sin
金金	kim-kim
金金相	kim-kim-siòng
金金看	kim-kim-khuànn
金針	kim-tsiam
金針菇	kim-tsiam-koo
金鍊仔	kim-liān-á
金鑠鑠	kim-siak-siak
金香燭	kim-hiunn-tsik
金魚	kim-hî
金鼎	kim-tiánn
金龜	kim-ku
金龜綠	kim-ku-li̍k
釘仔	ting-á
釘仔鉗	ting-á-khînn
釘孤枝	tìng-koo-ki
釘根	tìng-kin
釘點	tìng-tiám
針指	tsiam-tsáinn
針灸	tsiam-kù
針空	tsiam-khang
針車	tsiam-tshia
針黹	tsiam-tsí
針鼻	tsiam-phīnn
釣鉤	tiò-kau
釣餌	tiò-jī
釣魚翁	tiò-hî-ang
鈃仔	giang-á
鈍刀	tūn-to
鈍目	tūn-ba̍k
鈕仔	liú-á
鈕仔空	liú-á-khang
鈕鈕仔	liú-liú-á
鈗仔	ńg-á
鈴仔	lîng-á
鉗仔	khînn-á
鉛子	iân-tsí
鉛桶	iân-tháng
鉛筆	iân-pit
鉛筆剾	iân-pit-khau
鉛筆絞仔	iân-pit-ká-á
鉛線	iân-suànn
鉛鉼	iân-phiánn
鉤仔	kau-á
鉤耳	kau-hīnn
鉸刀	ka-to
鉸刀爿	ka-to-pîng
鉸剪	ka-tsián
鉼針	pín-tsiam
銀票	gîn-phiò
銀紙	gîn-tsuá
銀色	gîn-sik
銀行	gîn-hâng
銀角仔	gîn-kak-á
銃子	tshìng-tsí
銃手	tshìng-tshiú
銃殺	tshìng-sat
銃空	tshìng-khang
銅管仔	tâng-kóng-á
銅管仔車	tâng-kóng-á-tshia
銅線	tâng-suànn
銅錢	tâng-tsînn
銷售	siau-siū
銷路	siau-lōo
鋤頭	tî-thâu
鋩角	mê-kak
鋪排	phoo-pâi
鋪排話	phoo-pâi-uē
鋪棉裘	phoo-mî-hiû
鋪面蟶	phoo-bīn-than
鋸仔	kì-á
鋸屑烌	kì-sut-hu
鋸鑢仔	kì-lē-á
鋸齒	kì-khí
鋼琴	kǹg-khîm
鋼筆	kǹg-pit
鋼鐵	kǹg-thih
錄音	lo̍k-im
錄音機	lo̍k-im-ki
錢根	tsînn-kin
錢桌仔	tsînn-toh-á
錢櫃	tsînn-kuī
錢筒仔	tsînn-tâng-á
錢莊	tsînn-tsng
錢袋仔	tsînn-tē-á
錢財	tsînn-tsâi
錢貫	tsînn-kǹg
錢關	tsînn-kuan
錢項	tsînn-hāng
錢鬼	tsînn-kuí
錢鰻	tsînn-muâ
錢鼠	tsînn-tshí
錦蛇	gím-tsuâ
錯亂	tshò-luān
錯手	tshò-tshiú
錯誤	tshò-gōo
錶仔	pió-á
鍊仔	liān-á
鍋仔	ue-á
鍤箕	tshiah-ki
鍥仔	keh-á
鎖匙	só-sî
鎖門	só-mn̂g
鎖頭	só-thâu
鎮位	tìn-uī
鎮地	tìn-tè
鎮壓	tìn-ap
鎮煞	tìn-suah
鎮路	tìn-lōo
鎮靜劑	tìn-tsīng-tse
鏡台	kiànn-tâi
鏡框	kiànn-khing
鏡箱仔	kiànn-siunn-á
鏡頭	kiànn-thâu
鏨仔	tsām-á
鏨頭	tsām-thâu
鏨頭短命	tsām-thâu-té-miā
鐵人	thih-lâng
鐵工	thih-kang
鐵掃帚	thih-sàu-tshiú
鐵撬	thih-kiāu
鐵枋	thih-pang
鐵枝	thih-ki
鐵枝路	thih-ki-lōo
鐵桶	thih-tháng
鐵槌	thih-thuî
鐵櫃	thih-kuī
鐵牛仔	thih-gû-á
鐵甲	thih-kah
鐵釘	thih-ting
鐵釘仔	thih-ting-á
鐵釘挽	thih-ting-bán
鐵鉎	thih-sian
鐵鉼	thih-phiánn
鐵鍤	thih-tshiah
鐵馬	thih-bé
鐵骨仔生	thih-kut-á-senn
鐵齒	thih-khí
鐵齒銅牙槽	thih-khí-tâng-gê-tsô
鑑定	kàm-tīng
鑢仔	lù-á
鑢卡	lù-khah
鑱仔	tshîm-á
鑼鼓	lô-kóo
鑽仔	tsǹg-á
鑽水沬	tsǹg-tsuí-bī
鑽空	tsǹg-khang
鑽耳	tsǹg-hīnn
鑿仔	tsha̍k-á
鑿目	tsha̍k-ba̍k
鑿鑿	tsha̍k-tsha̍k
長命	tn̂g-miā
長壽	tn̂g-siū
長尻川	tn̂g-kha-tshng
長尾星	tn̂g-bué-tshenn
長工	tn̂g-kang
長年菜	tn̂g-nî-tshài
長志	tsiáng-tsì
長株形	tn̂g-tu-hîng
長歲壽	tn̂g-huè-siū
長男	tióng-lâm
長短	tn̂g-té
長短跤話	tn̂g-té-kha-uē
長篙形	tn̂g-ko-hîng
長老	tiúnn-ló
長衫	tn̂g-sann
長躼埽	tn̂g-lò-sò
長輩	tióng-puè
長途	tn̂g-tôo
長進	tióng-tsìn
長頷鹿	tn̂g-ām-lo̍k
門口	mn̂g-kháu
門口埕	mn̂g-kháu-tiânn
門圈	mn̂g-khian
門市	mn̂g-tshī
門後臼	mn̂g-āu-khū
門戶	mn̂g-hōo
門扇	mn̂g-sìnn
門擋仔	mn̂g-tòng-á
門斗	mn̂g-táu
門栱	mn̂g-kông
門神	mn̂g-sîn
門票	mn̂g-phiò
門簾	mn̂g-lî
門診	mn̂g-tsín
門跤口	mn̂g-kha-kháu
門路	mn̂g-lōo
門閂	mn̂g-tshuànn
門風	mn̂g-hong
閃爍	siám-sih
閃著	siám-tio̍h
閃避	siám-pī
閃開	siám-khui
閃風	siám-hong
閉思	pì-sù
開仔	khui-á
開價	khui-kè
開刀	khui-to
開口	khai-kháu
開喙	khui-tshuì
開單	khui-tuann
開基	khai-ki
開基祖	khai-ki-tsóo
開墾	khai-khún
開學	khai-ha̍k
開市	khui-tshī
開幕	khui-bōo
開張	khai-tiong
開拆	khui-thiah
開放	khai-hòng
開會	khui-huē
開查某	khai-tsa-bóo
開桌	khui-toh
開業	khai-gia̍p
開正	khui-tsiann
開用	khai-īng
開發	khai-huat
開盤	khui-puânn
開破	khui-phuà
開竅	khui-khiàu
開聲	khui-siann
開脾	khui-pî
開臊	khui-tsho
開花	khui-hue
開藥仔	khui-io̍h-á
開裾	khui-ki
開講	khai-káng
開跤褲	khui-kha-khòo
開路	khui-lōo
開車	khui-tshia
開銷	khai-siau
開錢	khai-tsînn
開開	khui-khui
開闊	khui-khuah
開關	khai-kuan
開面	khui-bīn
閏月	jūn-gue̍h
閒人	îng-lâng
閒仔話	îng-á-uē
閒仙仙	îng-sian-sian
閒工	îng-kang
閒煩	îng-huân
閒身	îng-sin
閒錢	îng-tsînn
閒間	îng-king
間仔	king-á
閘光	tsa̍h-kng
閘屏	tsa̍h-pîn
閘日	tsa̍h-ji̍t
閘路	tsa̍h-lōo
閘車	tsa̍h-tshia
閘雨棚	tsa̍h-hōo-pênn
閘風	tsa̍h-hong
閣再	koh-tsài
閣較	koh-khah
閬工	làng-kang
閬月	làng-gue̍h
閬港	làng-káng
閬縫	làng-phāng
閬雨縫	làng-hōo-phāng
閹雞	iam-ke
閻君	Giâm-kun
閻羅王	Giâm-lô-ông
闊喙	khuah-tshuì
闊腹	khuah-pak
闊莽莽	khuah-bóng-bóng
闊閬閬	khuah-lòng-lòng
關係	kuan-hē
關刀	kuan-to
關帝爺	Kuan-tè-iâ
關心	kuan-sim
關稅	kuan-suè
關童	kuan-tâng
關節	kuan-tsat
關節炎	kuan-tsat-iām
關落陰	kuan-lo̍h-im
關門	kuainn-mn̂g
防備	hông-pī
防守	hông-siú
防空壕	hông-khong-hô
防腐劑	hông-hú-tse
阻擋	tsóo-tòng
阻止	tsóo-tsí
阻礙	tsóo-gāi
阿丈	a-tiūnn
阿不倒仔	a-put-tó-á
阿伯	a-peh
阿兄	a-hiann
阿公	a-kong
阿叔	a-tsik
阿叔仔	a-tsik-á
阿啄仔	a-tok-á
阿妗	a-kīm
阿姆	a-ḿ
阿姊	a-tsí
阿姑	a-koo
阿姨	a-î
阿娘	a-niâ
阿婆	a-pô
阿媽	a-má
阿嫂	a-só
阿嬸	a-tsím
阿彌陀佛	Oo-mí-tôo-hu̍t
阿桑	a-sáng
阿母	a-bú
阿沙不魯	a-sa-puh-luh
阿爸	a-pah
阿爹	a-tia
阿祖	a-tsóo
阿舅	a-kū
阿舍	a-sià
阿舍囝	a-sià-kiánn
阿西	a-se
阿里不達	a-lí-put-ta̍t
降臨	kàng-lîm
降落	kàng-lo̍h
限制	hān-tsè
限數	ān-siàu
限時批	hān-sî-phue
陣疼	tsūn-thiànn
陣雨	tsūn-hōo
陣頭	tīn-thâu
除名	tû-miâ
除非	tû-hui
陪伴	puê-phuānn
陪綴	puê-tuè
陰地	im-tē
陰德	im-tik
陰曆	im-li̍k
陰桮	im-pue
陰謀	im-bôo
陰間	im-kan
陰陽	im-iông
陰魂	im-hûn
陰鴆	im-thim
陳三五娘	Tân-sann-Gōo-niû
陳情	tîn-tsîng
陷坑	hām-khenn
陷害	hām-hāi
陷眠	hām-bîn
陸橋	lio̍k-kiô
陽曆	iông-li̍k
隊伍	tuī-ngóo
隊員	tuī-uân
隊長	tuī-tiúnn
階段	kai-tuānn
階級	kai-kip
隔壁	keh-piah
隔工	keh-kang
隔年	keh-nî
隔日	keh-ji̍t
隔暝	keh-mê
隔界	keh-kài
隔腹	keh-pak
隔轉工	keh-tńg-kang
隔轉年	keh-tńg-nî
隔轉日	keh-tńg-ji̍t
隔開	keh-khui
隔間	keh-king
隨人食	suî-lâng-tsia̍h
隨便	suî-piān
隨在	suî-tsāi
隨在你	suî-tsāi-lí
隨後	suî-āu
隨意	suî-ì
隨時	suî-sî
隨機應變	suî-ki-ìng-piàn
隨緣	suî-iân
隨身	suî-sin
險險	hiám-hiám
隱居	ún-ki
隱弓蕉	ún-king-tsio
隱痀	ún-ku
隱痀橋	ún-ku-kiô
隱瞞	ún-muâ
雀斑	tshiok-pan
雄雄	hiông-hiông
雄黃	hiông-hông
雄黃酒	hiông-hông-tsiú
雅氣	ngá-khì
雅量	ngá-liōng
集中	tsi̍p-tiong
集合	tsi̍p-ha̍p
集團	tsi̍p-thuân
雉雞	thī-ke
雕刻	tiau-khik
雖然	sui-jiân
雙叉路	siang-tshe-lōo
雙手	siang-tshiú
雙方	siang-hong
雙棚鬥	siang-pênn-tàu
雙爿	siang-pîng
雙生仔	siang-senn-á
雙糕潤	siang-ko-jūn
雙重	siang-tîng
雙面	siang-bīn
雙面刀鬼	siang-bīn-to-kuí
雙頭	siang-thâu
雜唸	tsa̍p-liām
雜差仔工	tsa̍p-tshe-á-kang
雜插	tsa̍p-tshap
雜種仔	tsa̍p-tsíng-á
雜種仔囝	tsa̍p-tsíng-á-kiánn
雜細	tsa̍p-sè
雜菜麵	tsa̍p-tshài-mī
雜誌	tsa̍p-tsì
雜貨	tsa̍p-huè
雜貨仔店	tsa̍p-huè-á-tiàm
雞仔	ke-á
雞仔囝	ke-á-kiánn
雞仔目	ke-á-ba̍k
雞僆仔	ke-nuā-á
雞公	ke-kang
雞卵	ke-nn̄g
雞卵卷	ke-nn̄g-kńg
雞卵清	ke-nn̄g-tshing
雞卵糕	ke-nn̄g-ko
雞卵面	ke-nn̄g-bīn
雞卷	ke-kńg
雞尾脽	ke-bué-tsui
雞屎運	ke-sái-ūn
雞摸	ke-bong
雞桃仔	ke-thô-á
雞榆	ke-jiû
雞母	ke-bó
雞母皮	ke-bó-phuê
雞母蟲	ke-bó-thâng
雞毛筅	ke-mn̂g-tshíng
雞牢	ke-tiâu
雞筅	ke-tshíng
雞箠	ke-tshuê
雞籠	ke-lam
雞罩	ke-tà
雞翼	ke-si̍t
雞胘	ke-kiān
雞胸	ke-hing
雞胿	ke-kui
雞胿仔	ke-kui-á
雞腹內	ke-pak-lāi
雞豚仔	ke-thûn-á
雞跤爪	ke-kha-jiáu
雞酒	ke-tsiú
雞髻	ke-kuè
雞鵤	ke-kak
雞鵤仔車	ke-kak-á-tshia
離別	lī-pia̍t
離婚	lī-hun
離手	lī-tshiú
離經	lī-king
離緣	lī-iân
離譜	lī-phóo
離跤手	lī-kha-tshiú
離開	lī-khui
離離	lī-lī
離離落落	li-li-lak-lak
難免	lân-bián
難得	lân-tit
雨來天	hōo-lâi-thinn
雨傘	hōo-suànn
雨傘節	hōo-suànn-tsat
雨幔	hōo-mua
雨撇仔	hōo-phiat-á
雨毛仔	hōo-mn̂g-á
雨水	hōo-tsuí
雨衣	hōo-i
雨衫	hōo-sann
雨霎仔	hōo-sap-á
雪仔柑	seh-á-kam
雪文	sap-bûn
雪文粉	sap-bûn-hún
雲尪	hûn-ang
零星	lân-san
零星錢	lân-san-tsînn
雷公	luî-kong
雷公性	luî-kong-sìng
雺霧	bông-bū
電信	tiān-sìn
電信局	tiān-sìn-kio̍k
電光	tiān-kong
電光片	tiān-kong-phìnn
電冰箱	tiān-ping-siunn
電力	tiān-li̍k
電報	tiān-pò
電塗	tiān-thôo
電子	tiān-tsú
電子批	tiān-tsú-phue
電影	tiān-iánn
電影戲園	tiān-iánn-hì-hn̂g
電梯	tiān-thui
電氣	tiān-khì
電池	tiān-tî
電火	tiān-hué
電火布	tiān-hué-pòo
電火柱	tiān-hué-thiāu
電火泡仔	tiān-hué-pho̍k-á
電火球仔	tiān-hué-kiû-á
電火線	tiān-hué-suànn
電爐	tiān-lôo
電眼	tiān-gán
電線	tiān-suànn
電罐	tiān-kuàn
電腦	tiān-náu
電視	tiān-sī
電話	tiān-uē
電車	tiān-tshia
電鈴	tiān-lîng
電錶	tiān-pió
電鍋	tiān-ko
電頭毛	tiān-thâu-mn̂g
電頭毛店	tiān-thâu-mn̂g-tiàm
電頭鬃店	tiān-thâu-tsang-tiàm
電風	tiān-hong
霆水螺	tân-tsuí-lê
霆雷公	tân-luî-kong
霎霎仔雨	sap-sap-á-hōo
霜雪	sng-seh
霜風	sng-hong
霧嗄嗄	bū-sà-sà
霧水	bū-tsuí
霧霧	bū-bū
露水	lōo-tsuí
露營	lōo-iânn
露螺	lōo-lê
霸占	pà-tsiàm
霸王	pà-ông
靈丹	lîng-tan
靈位	lîng-uī
靈厝	lîng-tshù
靈感	lîng-kám
靈聖	lîng-siànn
靈芝	lîng-tsi
靈通	lîng-thong
靈驗	lîng-giām
靈魂	lîng-hûn
青年	tshing-liân
青恂恂	tshenn-sún-sún
青春	tshing-tshun
青盲	tshenn-mê
青盲牛	tshenn-mê-gû
青磅白磅	tshenn-pōng-pe̍h-pōng
青竹絲	tshenn-tik-si
青紅燈	tshenn-âng-ting
青翠	tshenn-tshuì
青耆	tshenn-kî
青色	tshenn-sik
青苔	tshenn-thî
青草仔店	tshenn-tsháu-á-tiàm
青草仔茶	tshenn-tsháu-á-tê
青菜	tshenn-tshài
青面獠牙	tshenn-bīn-liâu-gê
靜坐	tsīng-tsō
靜養	tsīng-ióng
非法	hui-huat
靠俗	khò-sio̍k
靠傷	khò-siong
靠勢	khò-sè
靠山	khò-suann
靠岸	khò-huānn
靠著	khò-tio̍h
面冊	Bīn-tsheh
面前	bīn-tsîng
面子	bīn-tsú
面容	bīn-iông
面巾	bīn-kin
面布	bīn-pòo
面形	bīn-hîng
面憂面結	bīn-iu-bīn-kat
面會	biān-huē
面桶	bīn-tháng
面模	bīn-bôo
面模仔	bīn-bôo-á
面水	bīn-tsuí
面油	bīn-iû
面漚面臭	bīn-àu-bīn-tshàu
面熟	bīn-si̍k
面皮	bīn-phuê
面盆	bīn-phûn
面積	bīn-tsik
面肉	bīn-bah
面腔	bīn-tshiunn
面色	bīn-sik
面貌	bīn-māu
面頂	bīn-tíng
面頭前	bīn-thâu-tsîng
靴管	hia-kóng
鞋帶	ê-tuà
鞋抿仔	ê-bín-á
鞋拔仔	ê-pue̍h-á
鞋油	ê-iû
鞋苴	ê-tsū
韆鞦	tshian-tshiu
韌命	jūn-miā
韭菜	kú-tshài
韭菜花	kú-tshài-hue
音調	im-tiāu
響亮	hiáng-liāng
響應	hiáng-ìng
頂下	tíng-ē
頂下歲	tíng-ē-huè
頂世人	tíng-sì-lâng
頂冬	tíng-tang
頂勻	tíng-ûn
頂半暝	tíng-puànn-mê
頂半身	tíng-puànn-sin
頂司	tíng-si
頂層	tíng-tsàn
頂幫	tíng-pang
頂懸	tíng-kuân
頂手	tíng-tshiú
頂擺	tíng-pái
頂日	tíng-ji̍t
頂日仔	tíng-ji̍t-á
頂晡	tíng-poo
頂替	tíng-thè
頂月	tíng-gue̍h
頂月日	tíng-gue̍h-ji̍t
頂港	tíng-káng
頂真	tíng-tsin
頂肱骨	tíng-kong-kut
頂腹蓋	tíng-pak-kuà
頂落	tíng-lo̍h
頂輩	tíng-puè
頂過	tíng-kuè
頂面	tíng-bīn
頂頭	tíng-thâu
項目	hāng-bo̍k
順利	sūn-lī
順勢	sūn-sè
順序	sūn-sī
順從	sūn-tsiông
順手	sūn-tshiú
順月	sūn-gue̍h
順眼	sūn-gán
順紲	sūn-suà
順行	sūn-kiânn
順路	sūn-lōo
順風	sūn-hong
順風耳	Sūn-hong-ní
頇顢	hân-bān
預備	ī-pī
頓印	tǹg-ìn
頓手	tùn-tshiú
頓椅頓桌	tǹg-í-tǹg-toh
頓蹬	tùn-tenn
頓龜	tǹg-ku
頕低	tàm-kē
頕垂	tàm-suê
頕頭	tàm-thâu
頗略仔	phó-lio̍k-á
領受	niá-siū
領土	líng-thóo
領帶	niá-tuà
領教	líng-kàu
領袖	líng-siù
頭七	thâu-tshit
頭上仔	thâu-tsiūnn-á
頭人	thâu-lâng
頭仔	thâu-á
頭兄	thâu-hiann
頭先	thâu-sing
頭到	thâu-kàu
頭前	thâu-tsîng
頭名	thâu-miâ
頭家	thâu-ke
頭家娘	thâu-ke-niû
頭尾	thâu-bué
頭帛	thâu-pe̍h
頭手	thâu-tshiú
頭拄仔	thâu-tú-á
頭摠	thâu-tsáng
頭擺	thâu-pái
頭旗	thâu-kî
頭旬	thâu-sûn
頭殼	thâu-khak
頭殼碗	thâu-khak-uánn
頭殼額仔	thâu-khak-hia̍h-á
頭殼髓	thâu-khak-tshué
頭毛	thâu-mn̂g
頭毛菜	thâu-mn̂g-tshài
頭毛鋏仔	thâu-mn̂g-giap-á
頭水	thâu-tsuí
頭牙	thâu-gê
頭疼	thâu-thiànn
頭目	thâu-ba̍k
頭目鳥	thâu-ba̍k-tsiáu
頭眩目暗	thâu-hîn-ba̍k-àm
頭篩仔	thâu-thai-á
頭胎	thâu-the
頭腦	thâu-náu
頭起先	thâu-khí-sing
頭路	thâu-lōo
頭較大身	thâu-khah-tuā-sin
頭轉客	thâu-tńg-kheh
頭陣	thâu-tīn
頭面	thâu-bīn
頭額	thâu-hia̍h
頭鬃	thâu-tsang
頭鬃尾	thâu-tsang-bué
頭鬃箍仔	thâu-tsang-khoo-á
頭麩	thâu-phoo
頷垂	ām-sê
頷巾	ām-kin
頷胿	ām-kui
頷腮	ām-tshi
頷領	ām-niá
頷頸	ām-kún
頷頸珠	ām-kún-tsu
題目	tê-bo̍k
題緣	tê-iân
額頭	hia̍h-thâu
願意	guān-ì
願望	guān-bōng
顛倒	tian-tò
顛倒反	tian-tò-píng
顧三頓	kòo-sann-tǹg
顧人怨	kòo-lâng-uàn
顧厝	kòo-tshù
顧問	kòo-būn
顧客	kòo-kheh
顧家	kòo-ke
顧暝	kòo-mê
顧門	kòo-mn̂g
顯目	hiánn-ba̍k
顯聖	hián-sìng
顯頭	hiánn-thâu
風俗	hong-sio̍k
風勢	hong-sè
風吹	hong-tshue
風吹輪	hong-tshue-lián
風喙口	hong-tshuì-kháu
風尾	hong-bué
風度	hong-tōo
風櫃	hong-kuī
風氣	hong-khì
風水	hong-suí
風波	hong-pho
風流	hong-liû
風湧	hong-íng
風溼	hong-sip
風灌	hong-kuàn
風火	hong-hué
風火頭	hong-hué-thâu
風琴	hong-khîm
風神	hong-sîn
風筒	hong-tâng
風聲	hong-siann
風聲嗙影	hong-siann-pòng-iánn
風蔥	hong-tshang
風評	hong-phîng
風調雨順	hong-tiâu-ú-sūn
風車	hong-tshia
風邪	hong-siâ
風雨	hong-ú
風雷	hong-luî
風霜	hong-song
風頭	hong-thâu
風颱	hong-thai
風颱尾	hong-thai-bué
風颱雨	hong-thai-hōo
風飛沙	hong-pue-sua
風騷	hong-so
風鼓	hong-kóo
颺粟	tshiûnn-tshik
颺風	tshiûnn-hong
颺颺飛	iānn-iānn-pue
飄撇	phiau-phiat
飛彈	hui-tuânn
飛烏	pue-oo
飛船	pue-tsûn
飛行機	hue-lîng-ki
飛鳥	pue-tsiáu
飛鼠	pue-tshí
食人	tsia̍h-lâng
食人夠夠	tsia̍h-lâng-kàu-kàu
食便領現	tsia̍h-piān-niá-hiān
食倯	tsia̍h-sông
食力	tsia̍h-la̍t
食名	tsia̍h-miâ
食命	tsia̍h-miā
食品	si̍t-phín
食堂	si̍t-tn̂g
食外口	tsia̍h-guā-kháu
食奶	tsia̍h-ling
食好料	tsia̍h-hó-liāu
食家己	tsia̍h-ka-kī
食市	tsia̍h-tshī
食晝	tsia̍h-tàu
食暗	tsia̍h-àm
食桌	tsia̍h-toh
食清領便	tsia̍h-tshing-niá-piān
食漿	tsia̍h-tsiunn
食物	si̍t-bu̍t
食祖	tsia̍h-tsóo
食福	tsia̍h-hok
食秤頭	tsia̍h-tshìn-thâu
食穿	tsia̍h-tshīng
食罪	tsia̍h-tsuē
食老	tsia̍h-lāu
食老出癖	tsia̍h-lāu-tshut-phia̍h
食聲	tsia̍h-siann
食膨餅	tsia̍h-phòng-piánn
食臊	tsia̍h-tsho
食色	tsia̍h-sik
食苦	tsia̍h-khóo
食茶	tsia̍h-tê
食菜	tsia̍h-tshài
食薰	tsia̍h-hun
食虧	tsia̍h-khui
食補	tsia̍h-póo
食褒	tsia̍h-po
食認	tsia̍h-jīn
食軟驚硬	tsia̍h-nńg-kiann-ngē
食醋	tsia̍h-tshòo
食重鹹	tsia̍h-tāng-kiâm
食銅食鐵	tsia̍h-tâng-tsia̍h-thih
食錢	tsia̍h-tsînn
食錢官	tsia̍h-tsînn-kuann
食頭路	tsia̍h-thâu-lōo
食風	tsia̍h-hong
食食	tsia̍h-si̍t
食飯廳	tsia̍h-pn̄g-thiann
食飯會	tsia̍h-pn̄g-huē
食飯桌	tsia̍h-pn̄g-toh
食飽	tsia̍h-pá
食餐廳	tsia̍h-tshan-thiann
飢荒	ki-hng
飫喙	uì-tshuì
飯丸	pn̄g-uân
飯包	pn̄g-pau
飯匙	pn̄g-sî
飯匙銃	pn̄g-sî-tshìng
飯匙骨	pn̄g-sî-kut
飯坩	pn̄g-khann
飯店	pn̄g-tiàm
飯斗	pn̄g-táu
飯杓	pn̄g-sia̍h
飯桶	pn̄g-tháng
飯湯	pn̄g-thng
飯疕	pn̄g-phí
飯盒仔	pn̄g-a̍h-á
飯碗	pn̄g-uánn
飯篋仔	pn̄g-kheh-á
飯篱	pn̄g-lē
飯菜	pn̄g-tshài
飯頓	pn̄g-tǹg
飼奶	tshī-ling
飼料	tshī-liāu
飼查某	tshī-tsa-bóo
飽仁	pá-jîn
飽呃	pá-eh
飽水	pá-tsuí
飽滇	pá-tīnn
飽漿	pá-tsiunn
飽眠	pá-bîn
飽穗	pá-suī
飽脹	pá-tiùnn
飽膭	pá-kuī
飽足	pá-tsiok
餅幼仔	piánn-iù-á
餅店	piánn-tiàm
養女	ióng-lí
養子	ióng-tsú
養母	iúnn-bú
養爸	iúnn-pē
養的	ióng-ê
養神	ióng-sîn
養老	ióng-ló
養育	ióng-io̍k
養飼	ióng-tshī
餒志	lué-tsì
餓死	gō-sí
餡餅	ānn-piánn
餾粿	liū-kué
饅頭	bán-thô
饒命	jiâu-miā
饒赦	jiâu-sià
饞食	sâi-tsia̍h
首領	siú-líng
香案	hiunn-uànn
香櫞瓜	hiunn-înn-kue
香油	hiang-iû
香港跤	hiong-káng-kha
香火	hiunn-hué
香烌	hiunn-hu
香煙	hiunn-ian
香爐	hiunn-lôo
香芳	hiunn-phang
香菇	hiunn-koo
香菇肉糜	hiunn-koo-bah-muê
香袋仔	hiunn-tē-á
馬上	má-siōng
馬仔	bé-á
馬力	bé-la̍t
馬戲	bé-hì
馬拉松	ma-lá-sóng
馬花糋	bé-hue-tsìnn
馬薺	bé-tsî
馬褂	bé-kuà
馬西馬西	má-se-má-se
馬鈴薯	má-lîng-tsî
馬面	bé-bīn
馬鞍	bé-uann
馬鞭	bé-pinn
馬頭	bé-thâu
馬馬虎虎	má-má-hu-hu
馬鮫	bé-ka
馬齒豆	bé-khí-tāu
駁岸	poh-huānn
駐死	tū-sí
駐水	tū-tsuí
駕駛	kà-sú
駛船	sái-tsûn
駛車	sái-tshia
駱駝	lo̍k-tô
騙囡仔	phiàn-gín-á
騙局	phiàn-kio̍k
騙術	phiàn-su̍t
騙鬼	phiàn-kuí
驕傲	kiau-ngōo
驗傷	giām-siong
驗屍	giām-si
驗血	giām-hueh
驚人	kiann-lâng
驚惶	kiann-hiânn
驚某	kiann-bóo
驚死	kiann-sí
驚死人	kiann-sí-lâng
驚生份	kiann-senn-hūn
驚見笑	kiann-kiàn-siàu
驢仔	lî-á
骨力	kut-la̍t
骨格	kut-keh
骨氣	kut-khì
骨烌	kut-hu
骨肉	kut-jio̍k
骨輪	kut-lûn
骨頭烌	kut-thâu-hu
骰仔	tâu-á
骱邊	kái-pinn
骿支骨	phiann-ki-kut
骿條	phiann-liâu
骿條骨	phiann-liâu-kut
體力	thé-la̍t
體操	thé-tshau
體會	thé-huē
體格	thé-keh
體統	thé-thóng
體育	thé-io̍k
體諒	thé-liōng
體貼	thé-thiap
體面	thé-bīn
體驗	thé-giām
高中	ko-tiong
高女	ko-lí
高尚	ko-sióng
高手	ko-tshiú
高明	ko-bîng
高潮	ko-tiau
高粱酒	kau-liâng-tsiú
高級	ko-kip
高血壓	ko-hueh-ap
高見	ko-kiàn
高貴	ko-kuì
高長	kau-tshiâng
高麗	ko-lê
高麗參	ko-lê-sim
高麗菜	ko-lê-tshài
高麗菜穎仔	ko-lê-tshài-ínn-á
髻仔鬃	kuè-á-tsang
鬍鬚	hôo-tshiu
鬖毛鬼	sàm-mn̂g-kuí
鬢繐	pìn-sui
鬢角	pìn-kak
鬢跤	pìn-kha
鬢邊	pìn-pinn
鬥做伙	tàu-tsò-hué
鬥句	tàu-kù
鬥夥計	tàu-hué-kì
鬥幫贊	tàu-pang-tsān
鬥搭	tàu-tah
鬥榫	tàu-sún
鬥榫頭	tàu-sún-thâu
鬥無閒	tàu-bô-îng
鬥相共	tàu-sann-kāng
鬥空	tàu-khang
鬥股	tàu-kóo
鬥跤手	tàu-kha-tshiú
鬥陣	tàu-tīn
鬥鬧熱	tàu-lāu-jia̍t
鬧台	nāu-tâi
鬧廳	nāu-thiann
鬧房	nāu-pâng
鬧熱	lāu-jia̍t
鬧猜猜	nāu-tshai-tshai
鬱傷	ut-siong
鬱卒	ut-tsut
鬱拗	ut-áu
鬱歲	ut-huè
鬱熱	ut-jua̍h
鬼仔	kuí-á
鬼剃頭	kuí-thì-thâu
鬼神	kuí-sîn
鬼精	kuí-tsiann
鬼門	kuí-mn̂g
鬼門關	kuí-mn̂g-kuan
鬼頭刀	kuí-thâu-to
鬼頭鬼腦	kuí-thâu-kuí-náu
魂魄	hûn-phik
魔神仔	môo-sîn-á
魔術	môo-su̍t
魔鬼	môo-kuí
魚丸	hî-uân
魚仔市	hî-á-tshī
魚刺	hî-tshì
魚塭	hî-ùn
魚子	hî-tsí
魚拊	hî-hú
魚栽	hî-tsai
魚池	hî-tî
魚網	hî-bāng
魚翅	hî-tshì
魚肝油	hî-kuann-iû
魚脯	hî-póo
魚臊	hî-tsho
魚藤	hî-tîn
魚酥	hî-soo
魚釣仔	hî-tiò-á
魚頭	hî-thâu
魚餌	hî-jī
魚鮮	hî-tshinn
魚鰓	hî-tshi
魚鰾	hî-piō
魚鱗	hî-lân
魩仔魚	but-á-hî
魬魚	puánn-hî
魴魚	hang-hî
鮑魚	pau-hî
鮕鮘	koo-tai
鮢鱖	tsu-kuè
鮮沢	tshinn-tshioh
鮸魚	bián-hî
鯉魚	lí-hî
鯊魚	sua-hî
鯊魚煙	sua-hî-ian
鯪鯉	lâ-lí
鯰魚	liâm-hî
鯽仔魚	tsit-á-hî
鰇魚	jiû-hî
鰇魚羹	jiû-hî-kenn
鰇魚鬚	jiû-hî-tshiu
鰗鰡	hôo-liu
鰮仔魚	un-á-hî
鰱魚	liân-hî
鱈魚	suat-hî
鱔魚	siān-hî
鱖魚	kuè-hî
鱙仔魚	jiâu-á-hî
鱟桸	hāu-hia
鱷魚	kho̍k-hî
鱸魚	lôo-hî
鱸鰻	lôo-muâ
鳥仔	tsiáu-á
鳥仔岫	tsiáu-á-siū
鳥仔踏	tsiáu-á-ta̍h
鳥擗仔	tsiáu-phia̍k-á
鳥梨仔	tsiáu-lâi-á
鳥銃	tsiáu-tshìng
鳥隻	tsiáu-tsiah
鳥鼠	niáu-tshí
鳥鼠仔冤	niáu-tshí-á-uan
鳥鼠仔症	niáu-tshí-á-tsìng
鳥鼠仔糖	niáu-tshí-á-thn̂g
鳥鼠仔色	niáu-tshí-á-sik
鳥鼠張	niáu-tshí-tng
鳥鼠擗仔	niáu-tshí-phia̍k-á
鳥鼠觸仔	niáu-tshí-tak-á
鳳凰	hōng-hông
鳳凰木	hōng-hông-bo̍k
鴉片	a-phiàn
鴉片仙	a-phiàn-sian
鴛鴦	uan-iunn
鴟鴞	bā-hio̍h
鴨仔	ah-á
鴨仔囝	ah-á-kiánn
鴨仔癉	ah-á-tan
鴨卵	ah-nn̄g
鴨咪仔	ah-bî-á
鴨掌	ah-tsiúnn
鴨母	ah-bó
鴨母喙	ah-bó-tshuì
鴨母蹄	ah-bó-tê
鴨羶	ah-hiàn
鴨雄仔	ah-hîng-á
鴨雄仔聲	ah-hîng-á-siann
鴨鯗	ah-siúnn
鴨鵤	ah-kak
鵁鴒	ka-līng
鷓鴣菜	tsià-koo-tshài
鷹仔目	ing-á-ba̍k
鸕鶿	lôo-tsî
鸚哥	ing-ko
鸚哥鼻	ing-ko-phīnn
鹹光餅	kiâm-kong-piánn
鹹卵	kiâm-nn̄g
鹹圓仔	kiâm-înn-á
鹹梅	kiâm-muê
鹹水	kiâm-tsuí
鹹水魚	kiâm-tsuí-hî
鹹汫	kiâm-tsiánn
鹹淡	kiâm-tānn
鹹焗雞	kiâm-ko̍k-ke
鹹篤篤	kiâm-tok-tok
鹹粿	kiâm-kué
鹹糜	kiâm-muê
鹹膎	kiâm-kê
鹹菜	kiâm-tshài
鹹酥雞	kiâm-soo-ke
鹹酸甜	kiâm-sng-tinn
鹹酸苦汫	kiâm-sng-khóo-tsiánn
鹹魚	kiâm-hî
鹹鰱魚	kiâm-liân-hî
鹼仔粿	kinn-á-kué
鹼粽	kinn-tsàng
鹽埕	iâm-tiânn
鹽桑仔	iâm-sng-á
鹽甕仔	iâm-àng-á
鹽花仔	iâm-hue-á
鹽酸	iâm-sng
鹽酸仔	iâm-sng-á
鹿仔	lo̍k-á
鹿茸	lo̍k-jiông
鹿角	lo̍k-kak
鹿角龜	lo̍k-kak-ku
麒麟	kî-lîn
麒麟鹿	kî-lîn-lo̍k
麝香	siā-hiunn
麥仔	be̍h-á
麥仔茶	be̍h-á-tê
麥仔酒	be̍h-á-tsiú
麥片	be̍h-phìnn
麥芽糖	be̍h-gê-thn̂g
麥芽膏	be̍h-gê-ko
麵包	mī-pau
麵摵仔	mī-tshi̍k-á
麵擔仔	mī-tànn-á
麵桃	mī-thô
麵炙	mī-tsià
麵猴	mī-kâu
麵粉	mī-hún
麵線	mī-suànn
麵線糊	mī-suànn-kôo
麵茶	mī-tê
麵頭	mī-thâu
麵麶	mī-thi
麵龜	mī-ku
麻射	bâ-siā
麻布	muâ-pòo
麻油	muâ-iû
麻油酒	muâ-iû-tsiú
麻痺	bâ-pì
麻竹	muâ-tik
麻竹筍	muâ-tik-sún
麻粩	muâ-láu
麻糍	muâ-tsî
麻索	muâ-soh
麻藥	bâ-io̍h
麻虱目	muâ-sat-ba̍k
麻衫	muâ-sann
麻袋	muâ-tē
麻醉	bâ-tsuì
麻雀	muâ-tshiok
麻雀子仔	muâ-tshiok-jí-á
黃昏	hông-hun
黃昏市仔	hông-hun-tshī-á
黃梔仔花	n̂g-ki-á-hue
黃泉	hông-tsuân
黃牛	n̂g-gû
黃疸	n̂g-thán
黃目子	n̂g-ba̍k-tsí
黃色	n̂g-sik
黃豆	n̂g-tāu
黃連	n̂g-nî
黃酒	n̂g-tsiú
黃酸	n̂g-sng
黃酸雨	n̂g-sng-hōo
黃金	n̂g-kim
黃錦錦	n̂g-gìm-gìm
黃魚	n̂g-hî
黍仔	sé-á
黏塗	liâm-thôo
黏膠	liâm-ka
黏黐黐	liâm-thi-thi
黜仔	thuh-á
黜塗機	thuh-thôo-ki
黜破	thuh-phuà
黜臭	thuh-tshàu
點名	tiám-miâ
點心	tiám-sim
點心擔	tiám-sim-tànn
點拄	tiám-tuh
點痣	tiám-kì
點眼	tiám-gán
點破	tiám-phuà
點穴	tiám-hia̍t
點醒	tiám-tshénn
點鐘	tiám-tsing
黨派	tóng-phài
鼎仔	tiánn-á
鼎崁	tiánn-khàm
鼎摖	tiánn-tshè
鼎疕	tiánn-phí
鼎筅	tiánn-tshíng
鼎蓋	tiánn-kuà
鼎邊趖	tiánn-pinn-sô
鼓井	kóo-tsénn
鼓仔燈	kóo-á-ting
鼓勵	kóo-lē
鼓吹	kóo-tshue
鼓吹花	kóo-tshue-hue
鼓槌	kóo-thuî
鼠麴粿	tshí-khak-kué
鼠麴草	tshí-khak-tsháu
鼢鼠	bùn-tshí
鼻仔	phīnn-á
鼻屎	phīnn-sái
鼻屎膏	phīnn-sái-ko
鼻水	phīnn-tsuí
鼻目喙	phīnn-ba̍k-tshuì
鼻空	phīnn-khang
鼻空風	phīnn-khang-hong
鼻翼	phīnn-si̍t
鼻芳	phīnn-phang
鼻音	phīnn-im
鼻頭	phīnn-thâu
鼻龍	phīnn-liông
鼾鼾叫	huânn-huânn-kiò
齆聲	àng-siann
齆鼻	àng-phīnn
齆鼻聲	àng-phīnn-siann
齊備	tsê-pī
齊全	tsê-tsuân
齊勻	tsiâu-ûn
齊頭	tsê-thâu
齒包	khí-pau
齒岸	khí-huānn
齒戳仔	khí-thok-á
齒抿仔	khí-bín-á
齒杯	khí-pue
齒科	khí-kho
齒粉	khí-hún
齒縫	khí-phāng
齒膏	khí-ko
齒觳仔	khí-khok-á
齣頭	tshut-thâu
齪嘈	tsak-tsō
齴牙	giàng-gê
齷齪	ak-tsak
龍眼	lîng-gíng
龍眼乾	lîng-gíng-kuann
龍脈	liông-me̍h
龍船	lîng-tsûn
龍蝦	lîng-hê
龍骨	liông-kut
龍鳳	liông-hōng
龜殼	ku-khak
龜殼花	ku-khak-hue
龜毛	ku-moo
龜祟	ku-sui
龜精	ku-tsiann
龜蠅	ku-sîn
龜跤	ku-kha
龜龜鱉鱉	ku-ku-pih-pih
一	tsi̍t
丁	ting
七	tshit
丈	tiūnn
三	sann
上	tsiūnn
下	ē
不	put
丑	thiú
且	tshiánn
世	sè
丙	piánn
丟	tiu
並	phīng
个	ê
中	tiong
串	tshǹg
丸	uân
丹	tan
主	tsú
丼	tôm
久	kú
么	io
之	tsi
乍	tsànn
乎	honnh
乏	ha̍t
乖	kuai
乙	it
乜	mí
九	káu
乞	khit
也	iā
乩	ki
乳	jú
乾	kuann
亂	luān
了	liáu
予	hōo
事	sū
二	jī
五	ngóo
井	tsénn
亞	a
亡	bông
交	kau
亥	hāi
亦	i̍k
享	hiáng
京	kiann
亭	tîng
亮	liāng
人	lâng
仁	jîn
仄	tseh
仆	phak
仇	siû
今	tann
介	kài
仔	á
仕	sū
他	thann
仗	tiōng
付	hù
仙	sian
仝	kāng
代	tāi
令	līng
以	í
仰	gióng
件	kiānn
任	jīm
份	hūn
仿	hóng
企	khì
伊	i
伍	ngóo
伐	hua̍h
休	hiu
伙	hué
伨	thīn
伯	peh
估	kóo
伴	phuānn
伶	líng
伸	tshun
伻	phenn
似	sāi
佃	tiān
但	tān
佇	tī
佈	pòo
位	uī
低	kē
住	tsū
佑	iū
何	hô
佗	tó
佛	hu̍t
作	tsok
你	lí
佩	puē
佬	láu
佮	kah
佯	tènn
佳	ka
併	pìng
使	sái
來	lâi
例	lē
侍	sū
侗	tòng
供	king
依	i
侮	bú
侵	tshim
侹	thiānn
便	piān
係	hē
促	tshik
俍	lāng
俏	tshio
俐	lī
俗	sio̍k
保	pó
信	sìn
修	siu
俱	khū
俳	pai
俸	hōng
俺	án
倉	tshng
個	kò
倌	kuann
倍	puē
倏	suā
倒	tò
倖	sīng
候	hāu
倚	uá
借	tsioh
倩	tshiànn
倫	lûn
倯	sông
值	ta̍t
偃	ián
假	ké
偉	uí
偌	guā
偏	phian
做	tsò
停	thîng
偝	āinn
健	kiān
偷	thau
傀	ka
傅	hū
傍	pn̄g
傑	kia̍t
傘	suànn
備	pī
催	tshui
傱	tsông
傲	ngōo
傳	thuân
債	tsè
傷	siong
僆	nuā
像	tshiūnn
僑	kiâu
僚	liâu
僥	hiau
僫	oh
僭	tsiàm
價	kè
僻	phiah
儀	gî
億	ik
儉	khiām
儑	gām
償	siông
儡	lé
優	iu
儱	láng
儳	sâm
儼	giám
允	ín
元	guân
兄	hiann
充	tshiong
兆	tiāu
兇	hiong
先	sian
光	kong
克	khik
兌	tuē
免	bián
兒	jî
兔	thòo
兜	tau
入	ji̍p
內	lāi
全	tsuân
兩	lióng
八	pat
公	kong
六	la̍k
共	kiōng
兵	ping
其	kî
具	kū
典	tián
兼	kiam
冇	phànn
冊	tsheh
再	tsài
冒	mōo
冗	līng
冠	kuan
冤	uan
冥	bîng
冬	tang
冰	ping
冷	líng
准	tsún
凊	tshìn
凌	lîng
凍	tàng
凝	gîng
凡	huân
凰	hông
凶	hiong
凹	nah
出	tshut
刀	to
刁	tiau
分	hun
切	tshiat
刊	khan
刐	táinn
刑	hîng
划	kò
列	lia̍t
刜	phut
初	tshoo
刣	thâi
判	phuànn
別	pa̍t
利	lī
刮	kueh
到	kàu
制	tsè
刷	suat
券	kǹg
刺	tshì
刻	khik
剁	tok
剃	thì
則	tsik
剉	tshò
削	siah
剋	khik
前	tsîng
剔	thak
剛	kong
剝	pak
剩	siōng
剪	tsián
副	hù
割	kuah
創	tshòng
剷	thuánn
剺	le̍h
剾	khau
剿	tsâu
劃	ue̍h
劇	kio̍k
劌	kuì
劍	kiàm
劑	tse
力	la̍t
功	kong
加	ka
助	tsōo
努	lóo
劫	kiap
勇	ióng
勉	bián
勍	khiang
勒	lik
動	tōng
勘	kham
務	bū
勝	sìng
勞	lô
募	bōo
勢	sè
勤	khîn
勥	khiàng
勵	lē
勸	khǹg
勻	ûn
勼	kiu
勾	kau
包	pau
匏	pû
化	huà
北	pak
匙	sî
匠	tshiūnn
匪	huí
匯	huē
匹	phit
匼	khap
匾	pián
區	khu
十	tsa̍p
千	tshian
升	tsin
午	gōo
半	puànn
卌	siap
卑	pi
卒	tsut
協	hia̍p
南	lâm
博	phok
卜	poh
占	tsiàm
卡	khah
卦	kuà
卯	mauh
印	ìn
危	guî
即	tsik
卵	nn̄g
卷	kńg
卸	sià
卻	khiok
厄	eh
厘	lî
厚	kāu
厝	tshù
原	guân
厭	ià
厲	lī
去	khì
參	sim
又	iū
叉	tshe
及	ki̍p
友	iú
反	huán
叔	tsik
取	tshú
受	siū
口	kháu
古	kóo
句	kù
另	līng
叨	lo
叩	khàu
只	tsí
叫	kiò
召	tiàu
叭	pah
叮	ting
可	khó
台	tâi
史	sú
右	iū
司	sai
各	kok
合	ha̍p
吉	kiat
吊	tiàu
同	tông
名	miâ
后	hiō
吏	lī
吐	thóo
向	hiòng
君	kun
吞	thun
吟	gîm
吠	puī
吩	huan
含	kâm
吭	khngh
吮	tshńg
吱	ki
吵	tshá
吶	nā
吸	khip
吹	tshue
吼	háu
呂	Lī
呃	eh
呆	tai
告	kò
呔	thài
呢	ne
呧	ti
周	tsiu
呱	kuā
呲	tshū
味	bī
呴	ku
呵	o
呸	phuì
呻	tshan
呼	hoo
命	miā
呾	tànn
呿	khuh
咂	tsa̍p
咇	phi̍h
和	hô
咍	hai
咐	hù
咒	tsiù
咖	ka
咧	leh
咩	meh
咪	bî
咬	kā
咯	ko̍k
咱	lán
咳	ka
咻	hiu
咾	ló
哀	ai
品	phín
哈	hah
哉	tsài
哎	aih
哖	nî
員	uân
哥	ko
哩	li
哪	ná
哭	khàu
哹	pu
哺	pōo
哼	hainn
哽	kénn
唅	hannh
唉	haih
唌	siânn
唏	hì
唐	Tn̂g
唔	onn
唚	tsim
唬	hóo
售	siū
唯	uî
唱	tshiùnn
唷	ioh
唸	liām
唿	hut
啄	tok
商	siong
啉	lim
啊	ah
問	mn̄g
啖	tam
啞	é
啟	khé
啡	pi
啥	siánn
啦	lah
啼	thî
啾	tshiùnn
喀	khe̍nnh
喂	uê
喃	nauh
善	siān
喇	lá
喈	kainn
喉	âu
喊	hán
喋	thi̍h
喌	tsiuh
喑	ìnn
喓	iaunn
喔	ooh
喘	tshuán
喙	tshuì
喜	hí
喝	huah
喢	sannh
喨	liang
喪	song
單	tuann
喲	iō
喻	jū
嗄	sà
嗙	phngh
嗚	onn
嗣	sū
嗤	tshi
嗦	so
嗹	liân
嗺	sui
嗽	sàu
嗾	tsa̍k
嘆	thàn
嘈	tsha̍uh
嘉	ka
嘐	hau
嘓	kho̍k
嘔	áu
嘖	tsheh
嘛	mā
嘟	tū
嘩	huā
嘹	liâu
嘻	hi
嘿	heh
噁	ònn
噎	uh
噓	si
噗	pho̍k
噤	khiūnn
器	khì
噪	tshò
噭	kiàu
噯	aih
噴	phùn
噷	hm̍h
噸	tòng
噹	tang
嚇	heh
嚓	tshia̍k
嚙	gè
嚨	nâ
嚴	giâm
嚷	jiáng
嚾	uang
囂	hiau
囉	lo
囊	lông
囑	tsiok
囚	siû
四	sì
囝	kiánn
回	huê
囟	sìn
因	in
囡	gín
囤	tún
囥	khǹg
囫	hut
囮	buê
困	khùn
囷	khûn
固	kòo
圇	lun
圈	khian
國	kok
圍	uî
園	hn̂g
圓	înn
圖	tôo
團	thuân
土	thóo
在	tsāi
地	tē
圳	tsùn
圾	sap
址	tsí
均	kin
坉	thūn
坎	khám
坐	tsē
坑	khenn
坦	thán
坩	khann
坪	phiânn
坯	phue
坱	ing
坵	khu
坷	khia̍t
垂	suî
垃	lah
型	hîng
垢	káu
垺	pû
埃	ia
埋	bâi
城	siânn
埔	poo
埕	tiânn
域	hi̍k
埠	poo
埤	pi
執	tsip
培	puē
基	ki
埽	sò
堂	tn̂g
堅	kian
堆	tui
堪	kham
報	pò
場	tiûnn
堵	tóo
塊	tè
塌	thap
塑	sok
塔	thah
塗	thôo
塚	thióng
塞	sat
填	thiām
塭	ùn
境	kíng
墊	tiām
墓	bōng
墘	kînn
墜	tuī
增	tsing
墟	hi
墨	ba̍k
墩	tun
墼	kat
墾	khún
壁	piah
壅	ìng
壇	tuânn
壓	ap
壕	hô
壘	luí
壙	khòng
壞	huāi
士	sū
壬	jîm
壯	tsòng
壺	ôo
壽	siū
夏	hā
夕	sia̍h
外	guā
多	to
夜	iā
夠	kàu
夢	bāng
夥	hué
大	tuā
天	thinn
太	thài
夫	hu
夭	iáu
央	iang
夯	giâ
失	sit
夾	ngeh
奅	phānn
奇	kî
奈	nāi
奉	hōng
奏	tsàu
契	khè
奒	hai
奕	ī
套	thò
奢	tshia
奪	tua̍t
奮	hùn
女	lí
奴	lôo
奶	ling
奸	kan
好	hó
如	jû
妃	hui
妒	tòo
妓	ki
妖	iau
妗	kīm
妙	miāu
妝	tsng
妥	thò
妨	hông
妹	muē
妻	tshe
妾	tshiap
姆	ḿ
姊	tsí
姐	tsiá
姑	koo
姒	sāi
姓	sènn
委	uí
姜	kiunn
姦	kàn
姨	î
姪	ti̍t
姻	in
姼	tshit
姿	tsu
威	ui
娗	thānn
娘	niû
娥	ngôo
娶	tshuā
娼	tshang
婆	pô
婊	piáu
婚	hun
婦	hū
婸	giang
婿	sài
媌	bâ
媒	muê
媠	suí
媽	má
嫁	kè
嫂	só
嫌	hiâm
嫖	phiâu
嫣	ian
嫦	Siông
嬈	hiâu
嬌	kiau
嬭	lé
嬰	enn
嬸	tsím
子	tsí
孔	khóng
字	jī
存	tsûn
孝	hàu
季	kuì
孤	koo
孩	hâi
孫	sun
孵	pū
學	ha̍k
孽	gia̍t
宅	the̍h
守	siú
安	an
宋	Sòng
完	uân
宕	thōng
宗	tsong
官	kuann
定	tīng
宛	uán
宜	gî
客	kheh
宣	suan
室	sik
宮	kiong
害	hāi
宴	iàn
宵	siau
家	ke
容	iông
宿	siok
寂	tsi̍k
寄	kià
寅	în
密	ba̍t
富	hù
寒	kuânn
寓	gū
寞	bo̍k
察	tshat
寡	kuá
寢	tshím
實	si̍t
寧	lîng
寨	tsē
審	sím
寫	siá
寬	khuann
寮	liâu
寵	thíng
寶	pó
寸	tshùn
寺	sī
封	hong
射	siā
將	tsiong
專	tsuan
尊	tsun
尋	siâm
對	tuì
導	tō
小	sió
少	tsió
尖	tsiam
尚	siūnn
尪	ang
就	tsiū
尺	tshioh
尻	kha
尼	nî
尾	bué
尿	jiō
局	kio̍k
屁	phuì
屄	bai
居	ki
屆	kài
屈	khut
屋	ok
屍	si
屎	sái
屏	pîn
屐	kia̍h
屑	sut
展	tián
屘	ban
屜	thuah
屠	tôo
層	tsân
屧	siap
屬	sio̍k
山	suann
岫	siū
岸	huānn
峇	bā
島	tó
峽	kiap
崁	khàm
崇	tsông
崎	kiā
崙	lūn
崩	pang
嶺	niá
川	tshng
州	tsiu
巡	sûn
工	kang
左	tsó
巧	khá
差	tsha
己	kī
已	í
巳	tsī
巴	pa
巷	hāng
巾	kin
市	tshī
布	pòo
帆	phâng
希	hi
帕	phè
帖	thiap
帚	tshiú
帛	pe̍h
帝	tè
師	sai
席	si̍k
帶	tuà
帷	uî
常	siông
帽	bō
幅	pak
幌	hàinn
幔	mua
幕	bōo
幡	huan
幢	tông
幫	pang
干	kan
平	pênn
年	nî
幸	hīng
幹	kàn
幼	iù
幽	iu
幾	kuí
庄	tsng
庇	pì
床	tshn̂g
序	sī
底	té
店	tiàm
庚	kenn
府	hú
度	tōo
座	tsō
庫	khòo
庭	tîng
庵	am
康	khong
廉	liâm
廍	phōo
廕	ìm
廚	tôo
廟	biō
廠	tshiúnn
廢	huì
廣	kóng
廳	thiann
延	tshiân
建	kiàn
廿	jia̍p
弄	lāng
弊	pè
式	sik
弓	king
引	ín
弟	tī
弱	jio̍k
張	tiunn
強	kiông
彈	tuânn
彌	mí
彎	uan
彙	luī
形	hîng
彩	tshái
影	iánn
彼	hit
往	óng
待	thāi
律	lu̍t
後	āu
徒	tôo
得	tit
徙	suá
徛	khiā
從	tsîng
復	ho̍k
循	sūn
微	bî
徵	ting
德	tik
心	sim
必	pit
忌	khī
忍	lún
志	tsì
忘	bōng
忙	bâng
忝	thiám
忠	tiong
忤	ngóo
快	khuài
念	liām
忽	hut
怎	tsuánn
怐	khòo
怕	phà
怖	pòo
怙	kōo
思	su
急	kip
怦	phēnn
性	sìng
怨	uàn
怪	kuài
怫	phut
恁	lín
恂	sún
恐	khióng
恢	khue
恥	thí
恨	hūn
恩	un
恬	tiām
恭	kiong
息	sik
悔	hué
悟	ngōo
患	huān
悲	pi
悶	būn
悽	tshi
悾	khong
情	tsîng
惜	sioh
惝	tshíng
惡	ok
惰	tuānn
惱	lóo
想	siūnn
惶	hiânn
惹	jiá
愁	tshiû
愈	jú
意	ì
愖	sīm
愛	ài
感	kám
愣	gāng
慄	la̍k
慈	tsû
態	thāi
慎	sīn
慒	tso
慕	bōo
慘	tshám
慢	bān
慣	kuàn
慧	huī
慨	khài
慮	lī
慰	uì
慶	khìng
慷	khóng
慼	tsheh
憂	iu
憐	liân
憑	pîn
憢	giâu
憤	hùn
憫	bín
憲	hiàn
憶	ik
憾	hām
懂	táng
懇	khún
應	ìng
懊	àu
懍	lún
懵	bòng
懶	lán
懷	huâi
懸	kuân
戀	luân
戇	gōng
戊	bōo
戌	sut
成	sîng
我	guá
戒	kài
戚	tshik
戛	khiat
戥	tíng
戮	lak
戰	tsiàn
戲	hì
戳	thok
戴	tì
戶	hōo
戽	hòo
房	pâng
所	sóo
扁	pínn
扇	sìnn
手	tshiú
才	tsâi
扎	tsah
扒	pê
打	tánn
托	thuh
扛	kng
扞	huānn
扣	khàu
扦	tshuann
扭	liú
扮	pān
扯	tshé
扱	khi̍p
扲	gīm
扳	pian
扴	ke̍h
扶	hû
扷	ió
批	phue
找	tsāu
承	sîng
技	ki
抄	tshau
抉	kuat
把	pá
抌	tìm
抐	lā
抑	ia̍h
抓	jiàu
抔	put
投	tâu
抗	khòng
折	tsiat
抨	phiann
披	phi
抱	phō
抵	tí
抹	buah
押	ah
抽	thiu
抾	khioh
抿	bín
拂	hut
拄	tú
拆	thiah
拇	bú
拈	liam
拉	lá
拊	hú
拋	pha
拌	puānn
拍	phah
拎	lîng
拐	kuái
拑	khînn
拒	kī
拔	pua̍h
拖	thua
拗	áu
拘	khu
拚	piànn
招	tsio
拜	pài
括	kuah
拭	tshit
拳	kûn
拹	hia̍p
拾	si̍p
持	tshî
挂	kuì
挃	ti̍h
指	tsí
挈	khe̍h
按	án
挌	keh
挐	jû
挑	thio
挓	thà
挔	hiannh
挕	hìnn
挖	óo
挨	e
挩	thuah
振	tín
挲	so
挵	lòng
挹	ip
挺	thánn
挼	juê
挽	bán
挾	gia̍p
捀	phâng
捅	thóng
捆	khún
捋	lua̍h
捌	bat
捎	sa
捏	lia̍p
捐	kuan
捒	sak
捔	ka̍k
捗	pôo
捘	tsūn
捙	tshia
捥	ńg
捧	phóng
捨	siá
捲	kńg
捶	tuî
捷	tsia̍p
捻	liàm
捽	sut
捾	kuānn
掀	hian
掂	tìm
掃	sàu
掇	tuah
授	siū
掉	tiāu
掌	tsióng
排	pâi
掔	khian
掖	iā
掘	ku̍t
掙	tsiānn
掛	kuà
掜	tau
掠	lia̍h
採	tshái
探	thàm
掣	tshuah
接	tsiap
控	khàng
推	thui
掩	ng
掮	khainn
掰	pué
揀	kíng
揈	hong
揉	jiû
揌	sai
揍	bok
描	biô
提	thê
插	tshap
揚	iông
換	uānn
揜	iap
握	ak
揣	tshuē
揤	tshi̍h
揫	tshiû
揬	tu̍h
揮	hui
揲	tia̍p
援	uān
揹	phāinn
揻	ui
損	sńg
搐	tiuh
搖	iô
搙	jio̍k
搜	tshiau
搝	khiú
搟	hián
搢	tsìnn
搣	me
搤	iah
搦	la̍k
搧	siàn
搩	kiat
搪	tn̄g
搬	puann
搭	tah
搵	ùn
搶	tshiúnn
摁	hmh
摃	kòng
摒	piànn
摔	siak
摖	tshè
摘	tiah
摠	tsáng
摧	tshui
摳	kha̍unnh
摵	tshi̍k
摸	bong
摺	tsih
摻	tshàm
撆	pih
撇	phiat
撈	hôo
撋	nuá
撏	jîm
撐	the
撒	suah
撓	ngiáu
撙	tsún
撚	lián
撞	tōng
撟	kiāu
撠	giah
撤	thiat
撥	puah
撨	tshiâu
撩	liâu
撫	hu
撬	kiāu
播	pòo
撮	tshok
撼	hám
擁	ióng
擂	luî
擇	ti̍k
擉	tia̍k
擊	kik
擋	tòng
操	tshau
擒	khîm
擔	tànn
擗	phia̍k
擘	peh
據	kì
擛	ia̍t
擠	tsik
擢	tioh
擤	tshìng
擦	tshat
擲	tàn
擴	khok
擸	bā
擺	pái
擽	ngiau
擾	jiáu
攀	phan
攄	lu
攏	láng
攑	gia̍h
攔	ânn
攕	tshiám
攝	liap
攢	tshuân
攤	thuann
攪	kiáu
攬	lám
支	tsi
收	siu
改	kái
攻	kong
放	pàng
政	tsìng
故	kòo
敆	kap
效	hāu
敏	bín
救	kiù
敗	pāi
教	kàu
敢	kám
散	suànn
敧	khi
敨	tháu
敬	kìng
敱	kháinn
敲	khà
整	tsíng
敵	ti̍k
數	siàu
文	bûn
斑	pan
斗	táu
料	liāu
斜	tshua̍h
斟	thîn
斡	uat
斤	kin
斥	thik
斧	póo
斯	su
新	sin
斷	tn̄g
方	hong
於	î
施	si
旁	pông
旅	lí
旋	tsn̄g
族	tso̍k
旗	kî
既	kì
日	ji̍t
旦	tuànn
旨	tsí
早	tsá
旬	sûn
旱	hān
旺	ōng
明	bîng
昏	hūn
易	i̍k
星	tshenn
春	tshun
昧	māi
昨	tso̍h
是	sī
時	sî
晃	huánn
晏	uànn
晚	mńg
晝	tàu
晟	tshiânn
晡	poo
晬	tsè
普	phóo
景	kíng
晶	tsinn
智	tì
晾	nê
暈	n̄g
暑	sú
暖	luán
暗	àm
暝	mê
暢	thiòng
暫	tsiām
暴	pok
曆	li̍k
曉	hiáu
曖	ài
曜	iāu
曝	pha̍k
曠	khòng
曲	khiau
更	kenn
曷	a̍h
書	su
曾	tsîng
替	thè
最	tsuè
會	huē
月	gue̍h
有	ū
朋	pîng
服	ho̍k
朒	tsut
朕	tīm
望	bōng
朝	tiâu
期	kî
木	bo̍k
未	buē
末	bua̍h
本	pún
朱	tsu
杆	kuainn
杉	sam
李	lí
杏	hīng
材	tsâi
村	tshun
杓	sia̍h
杖	thn̄g
杙	khi̍t
杜	tōo
杞	kí
束	sok
杮	phuè
杯	pue
東	tang
杷	pê
松	siông
板	pán
枇	pî
枉	óng
枋	pang
枕	tsím
林	nâ
果	kó
枝	ki
枴	kuái
枵	iau
架	kè
枷	kê
枸	kóo
柄	pènn
某	bóo
柑	kam
染	jiám
柔	jiû
柙	kah
柚	iū
柝	kho̍k
查	tsa
柫	put
柯	kua
柱	thiāu
柳	liú
柴	tshâ
柿	khī
栓	sng
栗	la̍t
校	hāu
株	tu
栱	kông
核	hu̍t
根	kin
格	keh
栽	tsai
桂	kuì
桃	thô
框	khing
案	àn
桌	toh
桐	tông
桑	sng
桔	kiat
桮	pue
桱	kènn
桶	tháng
桷	kak
桸	hia
桿	kuáinn
梁	niû
梅	muê
梔	ki
條	tiâu
梟	hiau
梢	sau
梧	ngôo
梨	lâi
梯	thui
械	hāi
梳	se
棄	khì
棉	mî
棋	kî
棍	kùn
棑	pâi
棒	pāng
棕	tsang
棗	tsó
棚	pênn
棟	tòng
棠	tông
棧	tsàn
棺	kuan
椅	í
植	si̍t
椏	ue
椒	tsio
椪	phòng
椰	iâ
楊	iûnn
楓	png
楔	seh
楗	kīng
楝	līng
楞	gông
楠	lâm
楦	hùn
楬	at
業	gia̍p
極	ki̍k
楹	ênn
概	kài
榆	jiû
榔	lông
榕	tshîng
榜	pńg
榨	tsà
榫	sún
榮	îng
榴	liû
槌	thuî
槍	tshiunn
槓	kǹg
槔	oo
槤	liân
槳	tsiúnn
槺	khong
槽	tsô
樂	lo̍k
樓	lâu
標	pio
樟	tsiunn
樠	miâ
模	bôo
樣	iūnn
樸	phoh
樹	tshiū
橂	tīng
橄	kan
橋	kiô
橐	lok
橛	kue̍h
機	ki
橫	huâinn
檀	tuânn
檔	tóng
檠	kiânn
檢	kiám
檨	suāinn
檫	tshat
檬	bóng
檳	pin
檸	lê
櫃	kuī
櫓	lóo
櫞	înn
櫥	tû
櫳	lang
櫻	ing
櫼	tsinn
欄	nuâ
欉	tsâng
權	khuân
欖	ná
欠	khiàm
次	tshù
欣	him
欱	hap
欲	beh
欶	suh
欸	eh
欹	khia
欺	khi
款	khuán
歁	khám
歇	hioh
歉	khiàm
歌	kua
歕	pûn
歡	huann
止	tsí
正	tsiànn
此	tshú
步	pōo
武	bú
歪	uai
歲	huè
歷	li̍k
歸	kui
歹	pháinn
死	sí
殊	sû
殕	phú
殗	giān
殘	tshân
殭	khiong
殮	liām
段	tuānn
殺	sat
殼	khak
毀	huí
毋	m̄
母	bó
每	muí
毒	to̍k
比	pí
毛	mn̂g
毬	kiû
毯	thán
毽	kiàn
毿	sàm
氅	tsháng
氏	sī
民	bîn
氛	hun
氣	khì
水	tsuí
永	íng
汁	tsiap
求	kiû
汗	kuānn
汙	ù
江	kang
池	tî
汫	tsiánn
汰	thuā
決	kuat
汽	khì
沃	ak
沉	tîm
沐	bak
沒	bu̍t
沓	ta̍uh
沕	bi̍t
沖	tshiâng
沙	sua
沛	phài
沢	tshioh
沫	phue̍h
沬	bī
河	hô
油	iû
治	tī
沾	tsam
沿	iân
況	hóng
泄	tshuā
泅	siû
泉	tsuânn
泏	tsuh
泔	ám
法	huat
泡	phàu
波	pho
泥	nî
注	tsù
泰	Thài
泱	iann
洋	iûnn
洒	sè
洗	sé
洘	khó
洞	tōng
津	tin
洩	sia̍p
洲	tsiu
活	ua̍h
派	phài
流	lâu
浞	tshio̍k
浡	phū
浪	lōng
浮	phû
浴	i̍k
海	hái
浸	tsìm
消	siau
涉	sia̍p
涎	siân
涗	suè
液	sio̍h
涵	âm
涸	khok
涼	liâng
淋	lâm
淑	siok
淘	tô
淚	luī
淡	tām
淨	tsīng
淪	lûn
淫	îm
淮	huâi
深	tshim
混	hūn
淹	im
淺	tshián
添	thiam
清	tshing
減	kiám
渡	tōo
渣	tse
渧	tè
測	tshik
港	káng
渴	khuah
渺	biáu
湖	ôo
湠	thuànn
湢	pih
湧	íng
湯	thng
湳	làm
源	guân
準	tsún
溜	liu
溝	kau
溡	tshî
溢	ik
溪	khe
溫	un
溶	iûnn
溼	sip
滂	phōng
滅	bia̍t
滇	tīnn
滋	tsu
滑	ku̍t
滒	kō
滓	tái
滯	tù
滲	siàm
滴	tih
滷	lóo
滸	hóo
滾	kún
滿	buán
漁	hî
漂	phiò
漆	tshat
漉	lo̍k
漏	lāu
演	ián
漖	kà
漚	àu
漠	bo̍k
漢	hàn
漩	suān
漲	tiòng
漳	Tsiang
漸	tsiām
漿	tsiunn
潑	phuah
潔	kiat
潘	phun
潢	hông
潤	jūn
潦	ló
潭	thâm
潮	tiâu
潰	khuì
潲	siâu
澀	siap
澄	tîng
澍	tshū
澎	phênn
澩	ha̍unnh
澹	tâm
激	kik
濁	lô
濆	bùn
濟	tsē
濫	lām
濺	tsuānn
濾	lī
瀉	sià
瀨	luā
瀳	tshînn
瀾	nuā
灇	tsâng
灌	kuàn
灘	thuann
灣	uan
火	hué
灰	hue
灶	tsàu
灸	kù
災	tsai
炊	tshue
炎	iām
炒	tshá
炕	khòng
炙	tsià
炤	tshiō
炭	thuànn
炮	phàu
炰	pû
炱	te
炸	tsà
為	uî
烈	lia̍t
烌	hu
烏	oo
烘	hang
烙	lō
烰	phû
焐	ù
焗	ko̍k
焙	puē
焠	tshuh
無	bô
焦	ta
焱	iānn
然	jiân
煎	tsian
煏	piak
煙	ian
煞	suah
煠	sa̍h
煡	khi̍t
照	tsiàu
煨	ue
煩	huân
煬	iāng
煮	tsú
煽	siàn
熁	hannh
熄	sit
熊	hîm
熔	iûnn
熗	tshìng
熟	si̍k
熥	thang
熨	ut
熬	gô
熱	jia̍t
燃	hiânn
燈	ting
燉	tūn
燒	sio
燕	ìnn
燖	tīm
燙	thǹg
燜	būn
營	îng
燥	sò
燦	tshàn
燭	tsik
爁	nah
爆	po̍k
爍	sih
爐	lôo
爛	nuā
爪	jiáu
爬	pê
爭	tsing
父	hū
爸	pē
爹	tia
爺	iâ
爽	sóng
爾	nī
爿	pîng
牆	tshiûnn
片	phìnn
版	pán
牌	pâi
牙	gê
牚	thènn
牛	gû
牡	bóo
牢	tiâu
牧	bo̍k
物	bu̍t
牲	sing
特	ti̍k
牽	khan
犀	sai
犁	lê
犅	káng
犧	hi
犯	huān
狀	tsn̄g
狂	kông
狐	hôo
狗	káu
狡	káu
狸	lî
狹	e̍h
狼	lông
狽	puē
猌	gīn
猛	bíng
猜	tshai
猫	bâ
猴	kâu
猶	iáu
獄	ga̍k
獅	sai
獎	tsióng
獠	liâu
獨	to̍k
獵	la̍h
獸	siù
獺	thuah
獻	hiàn
玄	hiân
率	lu̍t
玉	gio̍k
王	ông
玫	muî
玲	lin
玻	po
珊	suan
珍	tin
珠	tsu
班	pan
現	hiān
球	kiû
理	lí
琴	khîm
琵	pî
琶	pê
瑙	ló
瑚	ôo
瑪	bé
瑯	long
瑰	kuì
璃	lê
璇	suān
環	khuân
瓊	khîng
瓜	kue
瓣	bān
瓤	nn̂g
瓦	hiā
瓶	pân
瓷	huî
甌	au
甍	bòng
甓	phia̍h
甕	àng
甘	kam
甚	sīm
甜	tinn
生	senn
產	sán
甥	sing
用	iōng
甪	lut
田	tshân
由	iû
甲	kah
申	sin
男	lâm
町	ting
界	kài
畏	uì
留	liû
畚	pùn
畜	thik
略	lio̍h
番	huan
畫	uē
異	ī
當	tong
疊	tha̍h
疏	soo
疑	gî
疔	ting
疕	phí
疤	pa
疥	kè
疧	khî
疫	ia̍h
疱	phā
疲	phî
疳	kam
疶	tshuah
疸	thán
疼	thiànn
痀	ku
病	pēnn
症	tsìng
痔	tī
痕	hûn
痚	he
痛	thàng
痟	siáu
痠	sng
痡	pôo
痢	lī
痣	kì
痧	sua
痰	thâm
痱	puì
痲	muâ
痴	tshi
痺	pì
瘍	iông
瘟	un
瘡	tshng
瘤	liû
瘦	sán
瘰	luì
瘸	khuê
瘼	mo̍oh
癀	hông
療	liâu
癆	lô
癉	tan
癌	gâm
癖	phiah
癗	luî
癜	tiō
癢	tsiūnn
癬	sián
癮	giàn
癰	ing
癲	tian
癸	kuí
登	ting
發	huat
白	pe̍h
百	pah
皂	tsō
的	ê
皆	kai
皇	hông
皮	phuê
皺	jiâu
盆	phûn
益	ik
盍	khah
盒	a̍h
盛	sīng
盜	tō
盞	tsuánn
盟	bîng
盡	tsīn
監	kann
盤	puânn
盪	tn̄g
目	ba̍k
盲	bông
直	ti̍t
相	sio
盹	tuh
盼	phàn
盾	tún
省	síng
眉	bâi
看	khuànn
真	tsin
眠	bîn
眩	hîn
眯	bî
眵	tshuh
眷	kuàn
眼	gán
眾	tsìng
睏	khùn
睚	kâinn
睡	tsuē
督	tok
睦	bo̍k
睨	gîn
睫	tsiah
睭	tsiu
瞌	ka
瞞	muâ
瞪	tènn
瞭	liâu
矛	mâu
矣	ah
知	tsai
矩	kí
短	té
矮	é
石	tsio̍h
矸	kan
砂	sua
砉	huah
砒	phi
研	gíng
砛	gîm
砧	tiam
破	phuà
硃	tsu
硞	kho̍k
硩	teh
硫	liû
硬	ngē
硯	hīnn
硼	phîng
碇	tiānn
碌	li̍k
碎	tshuì
碑	pi
碓	tuì
碖	lún
碗	uánn
碟	ti̍h
碡	ta̍k
碩	si̍k
碭	thn̄g
碰	pōng
碳	thuànn
確	khak
碼	bé
碾	lián
磅	pōng
磕	kha̍p
磚	tsng
磟	la̍k
磨	bō
磺	hông
礁	ta
礎	tshóo
礐	ha̍k
礙	gāi
礤	tshuah
礦	khòng
礪	lè
礬	huân
礱	lâng
示	sī
社	siā
祀	tshāi
祈	kî
祕	pì
祖	tsóo
祝	tsiok
神	sîn
祟	sui
祠	sû
祥	siông
祧	thiāu
票	phiò
祭	tsè
祿	lo̍k
禁	kìm
禍	hō
福	hok
禪	siân
禮	lé
禱	tó
禽	khîm
禿	thut
秀	siù
私	su
秋	tshiu
科	kho
秒	bió
租	tsoo
秤	tshìn
秦	tsîn
秧	ng
秫	tsu̍t
秮	tai
移	î
稀	hi
稅	suè
稈	kuáinn
程	thîng
稗	phē
稚	tī
稜	lîng
稟	pín
種	tsíng
稱	tshing
稻	tiū
稽	khe
稿	kó
穀	kok
穌	soo
積	tsik
穎	ínn
穗	suī
穡	sit
穢	uè
穩	ún
穴	hia̍t
究	kiù
空	khang
穿	tshīng
突	tu̍t
窒	that
窗	thang
窞	thām
窟	khut
窣	su̍t
窩	o
窮	kîng
窯	iô
窸	si
竅	khiàu
立	li̍p
站	tsām
竟	kìng
章	tsiong
童	tâng
端	tuan
競	kīng
竹	tik
笆	pa
笑	tshiò
笒	gím
笛	ta̍t
笠	le̍h
符	hû
笨	pūn
第	tē
笱	kô
筅	tshíng
筆	pit
等	tán
筊	kiáu
筋	kin
筍	sún
筐	khing
筒	tâng
答	tap
策	tshik
筧	kíng
箅	pín
箍	khoo
箔	po̍h
箕	ki
算	sǹg
箠	tshuê
管	kuán
箬	ha̍h
箭	tsìnn
箱	siunn
箸	tī
節	tsat
範	pān
篇	phinn
築	tio̍k
篋	kheh
篙	ko
篡	tshuàn
篤	táu
篦	pìn
篩	thai
篱	lē
篷	phâng
篾	bi̍h
簇	tshok
簡	kán
簫	siau
簷	tsînn
簸	puà
簽	tshiam
簾	lî
簿	phōo
籃	nâ
籌	tiû
籍	tsi̍k
籐	tîn
籗	khah
籠	láng
籤	tshiam
籬	lî
籮	luâ
籲	io̍k
米	bí
粅	but
粉	hún
粒	lia̍p
粕	phoh
粗	tshoo
粞	tshè
粟	tshik
粧	tsng
粩	láu
粱	liâng
粽	tsàng
精	tsing
粿	kué
糊	kôo
糋	tsìnn
糍	tsî
糕	ko
糖	thn̂g
糙	tshò
糜	muê
糝	sám
糞	pùn
糟	tsau
糠	khng
糧	niû
糴	tia̍h
糶	thiò
系	hē
糾	kiù
紀	kí
約	iok
紅	âng
紋	bûn
納	la̍p
純	sûn
紗	se
紙	tsuá
級	kip
素	sòo
紡	pháng
索	soh
紩	thīnn
紫	tsí
紬	thiu
紮	tsah
累	luī
細	sè
紲	suà
紳	sin
紹	siāu
紺	khóng
終	tsiong
絃	hiân
組	tsoo
絆	puànn
結	kiat
絕	tsua̍t
絚	ân
絞	ká
絡	le
給	kip
絨	jiông
絪	in
統	thóng
絲	si
絳	kòng
絹	kìn
綁	páng
經	king
綜	tsong
綠	li̍k
綢	tiû
維	î
綰	kuānn
網	bāng
綴	tuè
綵	tshái
綹	liú
綾	lîng
綿	mî
緊	kín
緒	sū
線	suànn
緝	tsi̍p
緞	tuān
緟	thōng
締	tè
緣	iân
編	pian
緩	uān
練	liān
緻	tì
縋	luī
縒	tsua̍h
縖	hâ
縛	pa̍k
縣	kuān
縫	phāng
縭	li
縮	sok
總	tsóng
績	tsik
繃	penn
繏	sǹg
繐	sui
織	tsit
繚	liāu
繞	jiàu
繡	siù
繩	tsîn
繭	kián
繳	kiáu
繼	kè
續	sio̍k
纏	tînn
纓	inn
纖	siam
缸	kng
缺	khih
缽	puah
罐	kuàn
罔	bóng
罕	hán
罟	koo
罨	am
罩	tà
罪	tsuē
置	tì
罰	hua̍t
罵	mē
罷	pā
罾	tsan
羅	lô
羊	iûnn
羌	kiunn
美	bí
羞	tshiu
群	kûn
羨	siān
義	gī
羶	hiàn
羹	kenn
翁	ang
翅	tshì
翎	līng
習	si̍p
翕	hip
翠	tshuì
翱	kō
翸	phún
翹	khiàu
翻	huan
翼	si̍t
老	lāu
考	khó
者	tsiá
耆	kî
而	jî
耍	sńg
耎	luán
耐	nāi
耙	pê
耞	kénn
耳	hīnn
耶	Iâ
耽	tânn
聊	liâu
聖	siànn
聘	phìng
聞	bûn
聬	áng
聯	liân
聰	tshong
聲	siann
聳	tshàng
職	tsit
聽	thiann
聾	lâng
聿	u̍t
肅	siok
肆	sù
肉	bah
肓	bông
肚	tōo
肝	kuann
股	kóo
肢	ki
肥	puî
肨	hàng
肩	king
肭	leh
肯	khíng
肱	kong
育	io
肺	hì
胃	uī
背	puē
胎	thai
胘	kiān
胚	phue
胛	kah
胞	pau
胡	hôo
胭	ian
胮	hàng
胱	kong
胳	koh
胴	tâng
胸	hing
能	lîng
胿	kui
脂	tsi
脅	hia̍p
脆	tshè
脈	me̍h
脊	tsiah
脣	tûn
脫	thuat
脯	póo
脰	tāu
脹	tiùnn
脽	tsui
脾	pî
腌	a
腎	sīn
腐	hū
腔	khiunn
腕	uánn
腡	lê
腥	tshenn
腦	náu
腩	lám
腫	tsíng
腮	tshi
腰	io
腱	kiàn
腳	kioh
腸	tn̂g
腹	pak
腿	thuí
膀	phông
膁	liám
膋	lâ
膎	kê
膏	ko
膚	hu
膜	mo̍oh
膠	ka
膣	tsi
膨	phòng
膩	jī
膭	kuī
膽	tánn
膿	lâng
臁	liâm
臆	ioh
臉	lián
臊	tsho
臍	tsâi
臘	la̍h
臟	tsōng
臢	tsa
臣	sîn
臨	lîm
自	tsū
臭	tshàu
至	tsì
致	tì
臼	khū
舀	iúnn
舂	tsing
舅	kū
興	hing
舉	kí
舊	kū
舌	tsi̍h
舍	sià
舐	tsīnn
舒	tshu
舖	phòo
舞	bú
舢	sam
舨	pán
航	hâng
般	puann
舵	tāi
船	tsûn
艙	tshng
艦	lām
良	liông
艱	kan
色	sik
艾	hiānn
芋	ōo
芎	kiong
芒	bông
芝	tsi
芟	sing
芡	khiàn
芥	kài
芫	iân
花	hue
芳	phang
芽	gê
苓	lîng
苔	thî
苛	khô
若	nā
苦	khóo
苧	tē
英	Ing
苳	tang
苴	tsū
茂	ōm
茄	kiô
茅	hm̂
茈	tsínn
茉	bua̍h
茫	bông
茭	kha
茯	ho̍k
茶	tê
茸	jiông
草	tsháu
荍	siô
荏	lám
荐	tsiàn
荒	hng
荔	nāi
荖	ló
荷	hâ
荽	sui
莉	nī
莊	tsong
莓	m̂
莖	huâinn
莢	ngeh
莧	hīng
莫	bo̍k
莽	bóng
莿	tshì
菁	tshenn
菅	kuann
菇	koo
菊	kiok
菌	khún
菖	tshiong
菜	tshài
菝	pua̍t
菠	pue
菩	phôo
華	hua
菱	lîng
萄	tô
萊	lâi
萎	ui
萬	bān
萵	ue
落	lo̍h
葉	hio̍h
著	tio̍h
葡	phû
董	tóng
葩	pha
葫	hôo
葬	tsòng
葵	khuê
蒂	tì
蒜	suàn
蒲	pôo
蒿	o
蓁	tsin
蓄	hak
蓆	tshio̍h
蓋	kuà
蓑	sui
蓪	thong
蓬	phōng
蓮	liân
蔗	tsià
蔥	tshang
蔫	lian
蔬	se
蔭	ìm
蕉	tsio
蕊	luí
蕎	giō
蕗	lōo
蕘	giô
蕨	kueh
蕩	tōng
蕹	ìng
薁	ò
薄	po̍h
薅	khau
薈	huē
薏	ì
薐	lîng
薑	kiunn
薟	hiam
薦	tsì
薩	sat
薪	sin
薯	tsî
薰	hun
薸	phiô
薺	tsî
藃	hiauh
藍	nâ
藏	tshàng
藐	biáu
藕	ngāu
藝	gē
藤	tîn
藥	io̍h
蘆	lôo
蘋	phông
蘑	môo
蘭	lân
虎	hóo
虐	gio̍h
處	tshú
虛	hi
號	hō
虧	khui
虯	khiû
虱	sat
虹	khīng
虼	ka
蚓	kún
蚣	kang
蚤	tsáu
蚵	ô
蚶	ham
蚻	tsua̍h
蛀	tsiù
蛄	koo
蛆	tshi
蛇	tsuâ
蛋	tuann
蛛	tu
蛟	kau
蛤	kap
蛾	ia̍h
蜂	phang
蜈	giâ
蜊	lâ
蜍	tsî
蜘	ti
蜜	bi̍t
蜞	khî
蜢	meh
蜷	khûn
蝒	bīn
蝕	si̍h
蝛	bui
蝝	iân
蝦	hê
蝨	sat
蝴	ôo
蝶	ia̍h
蝹	un
螕	pi
螺	lê
螿	tsiunn
蟀	sut
蟋	sih
蟧	lâ
蟬	siân
蟮	siān
蟯	giô
蟲	thâng
蟳	tsîm
蟶	than
蟹	hē
蟻	hiā
蠅	sîn
蠍	giat
蠓	báng
蠘	tshi̍h
蠟	la̍h
蠶	tshân
蠻	bân
血	hueh
行	kiânn
術	su̍t
街	ke
衙	gê
衛	uē
衝	tshiong
衣	i
表	piáu
衫	sann
衰	sue
袂	bē
袋	tē
袖	siù
袚	phua̍h
被	phuē
袱	ho̍k
裁	tshâi
裂	liah
裌	kiap
裒	pôo
裕	jū
裘	hiû
裙	kûn
補	póo
裝	tsong
裡	lí
裹	kó
裼	theh
製	tsè
裾	ki
褂	kuà
複	ho̍k
褒	po
褙	puè
褪	thǹg
褫	thí
褲	khòo
襀	tsioh
襇	kíng
襞	phé
襟	khim
襪	bue̍h
襲	si̍p
襻	phàn
西	se
要	iàu
覆	phak
見	kiàn
規	kui
覓	māi
覕	bih
視	sī
親	tshin
覺	kak
覽	lám
觀	kuan
角	kak
解	kái
觱	pi
觳	khok
觸	tak
言	giân
訂	tīng
訃	hù
計	kè
討	thó
訓	hùn
訕	suān
託	thok
記	kì
訣	kuat
訪	hóng
設	siat
許	hí
訴	sòo
診	tsín
註	tsù
詈	lé
詐	tsà
評	phîng
詞	sû
詢	sûn
試	tshì
詩	si
詬	kāu
詭	kuí
話	uē
該	kai
詳	siông
詼	khue
誇	khua
誌	tsì
認	jīn
誓	tsuā
誘	iú
語	gí
誠	tsiânn
誡	kài
誣	bû
誤	gōo
誦	siōng
說	sueh
誰	tsuî
課	khò
誹	huí
調	tiâu
談	tâm
請	tshiánn
諍	tsènn
諒	liōng
論	lūn
諞	pián
諧	hâi
諾	hioh
謀	bôo
謂	uī
謄	thîng
謎	bī
謔	gio̍h
謗	pòng
謙	khiam
講	kóng
謝	siā
謠	iâu
謹	kín
謼	hooh
譀	hàm
證	tsìng
譎	khiat
識	sik
譜	phóo
警	kíng
譬	phì
譯	i̍k
議	gī
譴	khiàn
護	hōo
讀	tha̍k
變	piàn
讓	niū
讖	tshàm
讚	tsán
谷	kok
豆	tāu
豈	khí
豉	sīnn
豐	hong
豔	iām
豚	thûn
象	siōng
豬	ti
豸	thuā
豹	pà
貉	hô
貌	māu
貓	niau
貝	puè
負	hū
財	tsâi
貢	kòng
貧	pîn
貨	huè
販	huàn
貪	tham
貫	kǹg
責	tsik
貯	té
貴	kuì
貶	pián
買	bé
貸	tāi
貺	hīng
費	huì
貼	thiap
貿	bāu
賀	hō
資	tsu
賊	tsha̍t
賑	tsín
賒	sia
賓	pin
賜	sù
賞	siúnn
賠	puê
賢	hiân
賣	bē
賤	tsiān
質	tsit
賭	tóo
賰	tshun
賴	luā
賺	tsuán
購	kòo
賽	sài
贈	tsīng
贊	tsàn
贌	pa̍k
贏	iânn
贖	sio̍k
赤	tshiah
赦	sià
走	tsáu
赴	hù
起	khí
趁	thàn
超	tshiau
越	ua̍t
趒	tiô
趕	kuánn
趖	sô
趣	tshù
趨	tshu
足	tsiok
趺	u
趼	lan
跂	kué
跋	pua̍h
跍	khû
跎	tô
跑	pháu
跔	ku
跕	liam
跙	tshū
跛	pái
跟	kin
跡	jiah
跤	kha
跩	tsuāinn
跪	kuī
路	lōo
跳	thiàu
踅	se̍h
踏	ta̍h
踐	tsiān
踢	that
踩	tshái
踮	tiàm
蹁	phîn
蹄	tê
蹊	khi
蹌	tshiáng
蹓	lau
蹔	tsàm
蹛	tuà
蹟	tsik
蹤	tsong
蹧	tsau
蹬	tenn
蹺	khiau
蹽	liâu
躂	that
躄	phih
躇	tû
躊	tiû
躘	liòng
躡	neh
身	sin
躼	lò
躽	nuà
軀	khu
軁	nǹg
車	tshia
軋	kauh
軌	kuí
軍	kun
軟	nńg
較	khah
載	tsài
輓	buán
輔	hú
輕	khin
輦	lián
輩	puè
輪	lûn
輯	tsi̍p
輸	su
輾	liàn
轄	hat
轆	lak
轉	tńg
轎	kiō
辛	sin
辜	koo
辣	lua̍h
辦	pān
辭	sî
辮	pīnn
辯	piān
辰	sîn
辱	jio̍k
農	lông
迎	ngiâ
近	kīn
迒	hānn
迦	khia
迫	pik
迴	huê
迵	thàng
迷	bê
迸	piàng
追	tui
退	thè
送	sàng
逃	tô
逆	gi̍k
逍	siau
透	thàu
逐	ta̍k
途	tôo
這	tsit
通	thong
逝	tsuā
逞	thíng
速	sok
造	tsō
連	liân
進	tsìn
逼	pik
遂	suī
遇	gū
遊	iû
運	ūn
遍	phiàn
過	kuè
遏	at
遐	hia
道	tō
達	ta̍t
違	uî
遙	iâu
遛	liù
遠	uán
遣	khián
遨	gô
適	sik
遭	tso
遮	jia
遲	tî
遵	tsun
遷	tshian
選	suán
遹	u̍t
遺	uî
避	pī
邀	iau
還	hîng
邊	pinn
那	ná
邪	siâ
郊	kau
郎	lông
部	pōo
郵	iû
都	too
鄉	hiong
鄙	phí
鄰	lîn
酉	iú
酌	tsiok
配	phuè
酒	tsiú
酥	soo
酬	siû
酵	kànn
酷	khok
酸	sng
酺	pôo
醃	am
醉	tsuì
醋	tshòo
醒	tshénn
醫	i
醬	tsiùnn
醮	tsiò
醴	lé
采	tshái
釋	sik
里	lí
重	tāng
野	iá
量	liōng
金	kim
釘	ting
針	tsiam
釣	tiò
釧	tshuan
鈃	giang
鈍	tūn
鈕	liú
鈗	ńg
鈴	lîng
鈷	kóo
鉎	sian
鉗	khînn
鉛	iân
鉤	kau
鉸	ka
鉼	phiánn
銀	gîn
銃	tshìng
銅	tâng
銎	khing
銬	khàu
銷	siau
鋏	giap
鋤	tî
鋩	mê
鋪	phoo
鋸	kì
鋼	kǹg
錄	lo̍k
錐	tsui
錘	thuî
錚	tshānn
錢	tsînn
錦	gím
錫	siah
錯	tshò
錶	pió
鍊	liān
鍋	ue
鍤	tshiah
鍥	keh
鍾	tsing
鎖	só
鎮	tìn
鏡	kiànn
鏢	pio
鏨	tsām
鐃	lâu
鐘	tsing
鐵	thih
鑄	tsù
鑑	kàm
鑠	siak
鑢	lù
鑱	tshîm
鑼	lô
鑽	tsǹg
鑿	tsha̍k
長	tn̂g
門	mn̂g
閂	tshuànn
閃	siám
閉	pì
開	khui
閏	jūn
閒	îng
間	king
閘	tsa̍h
閣	koh
閬	làng
閹	iam
閻	Giâm
闇	am
闊	khuah
闔	kha̍h
關	kuan
阮	guán
防	hông
阻	tsóo
阿	a
陀	tôo
降	kàng
限	hān
院	īnn
陣	tīn
除	tû
陪	puê
陰	im
陳	Tân
陵	niā
陷	hām
陸	lio̍k
陽	iông
隊	tuī
隍	hông
階	kai
隔	keh
隙	khiah
際	tsè
障	tsiong
隨	suî
險	hiám
隱	ún
隻	tsiah
雀	tshiok
雁	gān
雄	hiông
雅	ngá
集	tsi̍p
雉	thī
雕	tiau
雖	sui
雙	siang
雜	tsa̍p
雞	ke
離	lī
難	lân
雨	hōo
雪	seh
雲	hûn
零	lân
雷	luî
雹	pha̍uh
雺	bông
電	tiān
霆	tân
霎	sap
霜	sng
霞	hê
霧	bū
露	lōo
霸	pà
靈	lîng
青	tshenn
靜	tsīng
非	hui
靠	khò
面	bīn
革	kik
靴	hia
鞋	ê
鞍	uann
鞏	khōng
鞘	siù
鞦	tshiu
鞭	mi
韆	tshian
韌	jūn
韭	kú
音	im
韻	ūn
響	hiáng
頁	ia̍h
頂	tíng
項	hāng
順	sūn
頇	hân
預	ī
頓	tǹg
頕	tàm
頗	phó
領	niá
頦	hâi
頭	thâu
頷	ām
頸	kún
頻	pîn
題	tê
額	gia̍h
顎	kok
顏	gân
願	guān
顛	tian
類	luī
顢	bān
顧	kòo
顫	tsùn
顯	hián
風	hong
颱	thai
颺	iānn
飄	phiau
飆	pio
飛	pue
食	tsia̍h
飢	ki
飫	uì
飯	pn̄g
飲	ím
飼	tshī
飽	pá
餃	kiáu
餅	piánn
養	ióng
餌	jī
餐	tshan
餒	lué
餓	gō
餡	ānn
館	kuán
餲	ai
餾	liū
饅	bán
饒	jiâu
饞	sâi
首	siú
香	hiunn
馝	pih
馬	bé
馴	sûn
駁	poh
駐	tū
駕	kà
駛	sái
駝	tô
駱	lo̍k
騎	khiâ
騙	phiàn
騷	so
驕	kiau
驗	giām
驚	kiann
驛	ia̍h
驢	lî
骨	kut
骰	tâu
骱	kái
骿	phiann
髓	tshué
體	thé
高	ko
髡	khun
髻	kuè
鬃	tsang
鬆	sang
鬍	hôo
鬖	sàm
鬚	tshiu
鬢	pìn
鬥	tàu
鬧	nāu
鬮	khau
鬱	ut
鬼	kuí
魂	hûn
魄	phik
魍	báng
魔	môo
魚	hî
魠	thoh
魩	but
魬	puánn
魯	lóo
魴	hang
魽	kam
鮑	pau
鮕	koo
鮘	tai
鮡	thiâu
鮢	tsu
鮫	ka
鮮	tshinn
鮸	bián
鯉	lí
鯊	sua
鯗	siúnn
鯧	tshiunn
鯪	lâ
鯮	tsang
鯰	liâm
鯽	tsit
鰇	jiû
鰓	tshi
鰗	hôo
鰡	liu
鰮	un
鰱	liân
鰻	muâ
鰾	piō
鱈	suat
鱉	pih
鱔	siān
鱖	kuè
鱗	lân
鱙	jiâu
鱟	hāu
鱲	la̍h
鱷	kho̍k
鱸	lôo
鱺	lē
鳥	tsiáu
鳳	hōng
鴆	thim
鴉	a
鴒	līng
鴛	uan
鴞	hio̍h
鴟	bā
鴣	koo
鴦	iunn
鴨	ah
鴿	kah
鵁	ka
鵑	kuan
鵝	gô
鵠	khok
鵤	kak
鵻	tsui
鶖	tshiu
鶴	ho̍h
鶿	tsî
鷓	tsià
鷥	si
鷹	ing
鸕	lôo
鸚	ing
鹹	kiâm
鹼	kinn
鹽	iâm
鹿	lo̍k
麒	kî
麗	lê
麝	siā
麟	lîn
麥	be̍h
麩	hu
麭	pháng
麴	khak
麵	mī
麶	thi
麻	muâ
黃	n̂g
黍	sé
黏	liâm
黐	thi
黗	thûn
黜	thuh
點	tiám
黨	tóng
黹	tsí
鼎	tiánn
鼓	kóo
鼠	tshí
鼢	bùn
鼻	phīnn
鼾	huânn
齁	honn
齆	àng
齊	tsê
齋	tsai
齒	khí
齣	tshut
齧	khè
齪	tsak
齴	giàng
齷	ak
齻	tsan
龍	lîng
龐	phiāng
龕	kham
龜	ku
