aabenraa	ɔbmˈʁɔ
aalborg	ɔlbɔr
aarhus	ɔrhus
ab	ab
abbed	ˈɑbeð
abbedi	abedi
abbedisse	abedisə
abc	abese
abe	abə
abebrødtræ	ˈɑbəˌbʁœdˌtʁɛ
abehus	ˈæbəˌhus
abeløjer	ˈɑbəˌløjɐ
abildgård	ˈɑbildˌɡɔr
abonnement	abonəmanɡ
abort	abʌɐt
abrikos	abrikos
abrikostræ	ˈɑbrikosˌtʁɛ
absolut	ɑbsoˈlud
absolution	ɑbsoluˈɕon
absorbere	ɑbsɒˈbeʌ
abstrakt	abstrakt
absurd	absurd
abyssinier	ɑpyˈsinjɐ
accent	ɑɡˈsɑŋ
accenten	ɑɡˈsɑŋŋ
accentens	ɑɡˈsɑŋŋs
accenter	ɑɡˈsɑŋɐ
accenterne	ɑɡˈsɑŋɐnə
accenternes	ɑɡˈsɑŋɐnəs
accenters	ɑɡˈsɑŋɐs
accents	ɑɡˈsɑŋs
acceptabel	aksɛptabəl
acetat	asəˈtæd
acetone	asətonə
achilles	aˈkiləs
achilleus	aˈkilœws
ad	að
adel	ˈæðəl
adgang	ˈaðˌɡɑŋ
adgangskode	adɡanɡskodə
adhd	ˈɛˈteˈhɔˈte
adjektiv	ˈaðjɛɡˌtiw
adjunkt	aðˈjɔŋd
adjø	adjø
adr	adər
adresse	adrɛsə
advare	advarə
advarsel	advarsəl
advent	advɛnt
adverbium	adˈvɛrbjɔm
advokat	aðvoˈkad
ae	aə
aerodynamik	ˈɛʁɔtynæmik
af	a
afart	ˈɑʊˌɑd
afbede	ˈawˌbeðə
afbigt	ˈɑwˌbiɡd
afbilde	avbelə
afbildning	avbilnenɡ
afbryde	ˈɑwˌbʁyðə
afdød	ˈɑwˌtøð
afføre	ˈɑwˌføʌ
afføring	avførenɡ
afgift	ˈɑwˌɡifd
afgrund	ˈauˌɡʁɔn
afgøre	ˈɑwˌɡɶɐ
afgørende	ˈavˌɡœrənə
afhold	ˈɑwˌhʌld
afholde	ˈɑwˌhʌlə
afholdende	ˈɑwˌhʌlənə
afholdenhed	ˈɑwˌhʌlənˌheð
afholder	ˈɑwˌhʌldɐ
afholdes	ˈɑwˌhʌləs
afholdt	ˈɑwˌhʌld
afholdte	ˈɑwˌhʌldə
afholdtes	ˈɑwˌhʌldəs
afhænge	ˈɑwˌhɛŋə
afklæde	ˈɑwˌklɛðə
aflad	ˈɑwˌlað
aflede	avleðə
afledt	avlet
afledte	avletə
aflevere	ˈɑʊleˌʋeɐ
aflevering	avleverenɡ
aflive	ˈɑʊliʋə
aflyd	ˈɑʊˌløð
aflyse	avlysə
afløb	avløb
afmagt	avmakt
afpresning	avprɛsnsnɡ
afrikaner	afriˈkanər
afrikansk	afrikansk
afrodisiakum	afrodisiakɔm
afrodite	ɑfʁoˈdidə
afsked	ˈɑʊˌsɡeðˠ
afskovning	ˈɑwˌsɡɒwneŋ
afskrift	avskreft
afskyelig	avskyəli
afslutte	ˈɑʊˌsludə
afstand	avstan
afstemning	avstɛmnenɡ
aftale	avtalə
aften	ˈaftən
aftener	ˈɑfdənɐ
aftenerne	ˈɑfnɐnə
aftensmad	ˈaftənsˌmað
aftes	ˈɑfdəs
aftnen	ˈɑfdənən
aftner	ˈɑfdənɐ
aftnerne	ˈɑfnɐnə
aftægt	ˈɑwˌtɛɡd
afvige	avviə
afvise	avvisə
age	aɣə
agentur	aɡɛnˈtuɐ
ager	aɣər
agere	aˈɡeʌ
ageren	aˈɡeʌn
agern	aɣərn
agnat	ɑɡˈnæd
agnatisk	ɑɡˈnætisɡ
agoni	aɡoˈni
agora	aɡoˈʁɑ
agt	ˈɑɡd
agte	ˈɑɡdə
agurk	aˈkuɐk
ah	ɛ
ahornsirup	ˈahoɐnˌsiʁɔb
ajour	asjur
akillessene	akiləssenə
akkumulator	akumulatər
akkumulatorer	akumulatorər
akkumulere	akumulerə
akkusativ	akusativ
aks	aks
aksel	aksəl
akt	ˈɑɡd
aktie	ˈɑɡɕə
aktionær	ɑɡɕoˈnɛɐ
aktiv	aktiv
aktivist	aktivist
al	al
albatros	ˈalbaˌtʁʌs
albue	ˈalˌbuə
album	albɔm
albumin	albumin
aldrig	aldri
aldring	ˈælʁeŋ
alen	ˈæln
alene	ˈælenə
alenlang	alənlanɡ
alfahan	alfahan
alfons	alˈfɔns
algoritme	alɡoˈʁidmə
alk	ˈalɡ
alle	alə
allegori	aləɡoˈʁi
allegorisk	aləˈɡoɐisɡ
allesammen	aləsamən
allike	aləkə
allokering	alokerenɡ
allé	aˈle
almen	almen
almennyttig	almennøti
almindelighed	alˈmenəliˌheð
almue	ˈalˌmuə
alpaka	alˈpɑɡa
alskens	alskəns
altan	altan
alter	ˈaldɐ
altergang	ˈaldɐˌɡɑŋ
altid	altid
alting	altenɡ
altruistisk	altruistisk
aluminium	aluminjɔm
alverden	alvɛrdən
alvor	ˈalˌʋɒ
alvorlig	alvɔrli
alvorligt	alvɔrlit
amager	ˈɑmɑər
amagerkaner	ɑmɑˈkænɐ
amalie	amaljə
amanuensis	amanuˈɛnsis
ambitiøs	ambisjøs
ambolt	ambɔlt
ambra	ambra
ambulance	ɑmbuˈlɑŋsə
amerika	aˈmerika
amerikaner	amɛrikanər
ametyst	ɑməˈtysd
ammonium	aˈmonjɔm
amnesi	amnəsi
amt	amt
an	ˈan
analog	anaˈlo
analogi	analoˈɡi
analsex	analsɛks
analytisk	analytisk
ananas	ˈananas
anciennitet	anɡsjənitet
and	an
andefedt	ˈanəˌfed
andel	ˈanˌdel
andemad	anəmad
anden	ˈanən
anderledes	ˈɑnɐˌleðəs
anders	ˈɑnɐs
andersen	ˈɑnɐsn
andet	ˈænəð
andre	andrə
andrik	andrek
androide	androidə
anerkende	anɐˈkɛnə
anfange	anfaŋə
anglofil	anɡlofil
angreb	ˈanˌɡʁɛb
angribe	ˈanˌɡʁibə
angriber	anɡribər
angstskrig	ˈɑŋsdˌsɡʁi
anholde	anhɔlə
anholdelse	anhɔləlsə
animere	aniˈmeʌ
anke	anɡə
ankomst	ˈanˌkʌmsd
anmeldelse	ˈanˌmɛləlsə
anmode	anmoðə
annektering	anɛɡˈteɐeŋ
anordne	anɔrdnə
anordning	anɔrdneŋ
ansat	ansat
ansatte	ansatə
ansattes	ansatəs
anse	ˈanˌse
anseelse	ˈanˌseəlsə
anselig	anˈseli
anser	ˈanˌseɐ
anset	ˈanˌsed
ansete	ˈanˌsedə
ansigt	ˈanˌseɡd
ansjos	anˈɕos
anstand	anstand
ansvar	ansvar
ansvarlig	anˈsvɑli
anså	ˈanˌsɔ
ansætte	ansɛtə
antage	anta
antipartikel	antipartikəl
antipati	antipaˈti
antisemitisme	ˈantisemiˌtismə
antropomorf	antropomɔrf
antyder	ˈanˌtyðˠɐ
antydning	antydnenɡ
anæstesi	anɛstəsi
aorist	ɑoˈʁisd
apanage	apanasjə
aphrodite	ɑfʁoˈdidə
apokalypse	apokaˈlybsə
apollon	aˈpʌlʌn
apoptose	ɑpʌbˈtosə
apostrof	apostrɔf
apoteker	apotekər
apparat	aparat
appellere	ɑbəˈleʌ
appelsin	ɑblˈsin
appelsinhud	ɑbəlˈsinˌhud
appelsinjuice	ɑblˈsinˌdjus
appendiks	aˈpɛndiɡs
april	aˈpʁil
aprilsnar	aprilsnar
apropos	apropo
ar	ɑr
ara	ara
araber	arabər
arabien	arabiən
arabisk	arabisk
aramæer	ɑrɑˈmɛər
arbejde	ˈarˌbajdə
arbejder	ˈarˌbajdər
arbejdsdag	ˈɑbɑɪdsˌdæ
arbejdsgiver	arbajdsɡivər
arbejdsløs	ˈɑbɑjdsˌløs
arbejdsom	ɑˈbɑjdˌsʌm
arbejdsplads	ˈɑbɑjdsˌplas
ard	ˈɑd
areal	areal
argentiner	arɡɛntinər
argon	ˈɑɡʌn
aristofanes	ɑiˈsdofanɛs
aristophanes	ɑiˈsdofanɛs
aristoteles	ɑiˈsdodəlɛs
ark	ˈɑɡ
arkitekt	ɑɡiˈtɛɡd
arkiv	arkiv
arkivar	ɑkiˈvɑ
arkivere	ɑkiˈveɐ
arkæologi	arkɛoloɡi
arm	arm
armbrøst	armbrøst
arme	arme
armhule	armhulə
armod	armoð
arne	arnə
arp	arp
arpeggio	ɑˈpɛdɕo
arrangement	ɑɑŋɕəˈmɑŋ
arrangere	ɑɑŋɕeɐ
arre	ˈɑrə
arrest	aˈʁasd
arrester	aˈʁasdɐ
arrestere	ɑɑˈsdeɐ
arresterede	ɑɑˈsdeɐðə
arresterer	ɑɑˈsdeɐ
arresteres	ɑɑˈsdeɐs
arresteret	ɑɑˈsdeɐð
arrig	ari
arrigtrold	aritrɔl
arrogance	ɑoˈɡɑŋsə
arsen	ɑˈsen
art	ˈɑd
arte	artə
artig	ˈɑdi
artikel	artikəl
artikler	ɑˈtiɡlɐ
arv	arv
arve	arvə
arvelig	arvəli
arving	arvenɡ
asen	ˈæsən
asien	ˈasiən
ask	ask
asparges	aˈsbɑs
astma	astma
astronaut	astronavt
asyl	asyl
at	ad
athen	aˈten
athena	aˈtena
athene	aˈtenə
athener	aˈtenɐ
athenienser	ateniˈɛnsɐ
atheniensisk	ateniˈɛnsisɡ
athensk	aˈtensɡ
athenæer	ateˈnɛɐ
athenæisk	ateˈnɛisɡ
atol	aˈtʌl
atom	aˈtom
atombombe	atombɔmbə
atomer	aˈtomɐ
atomerne	aˈtomɐnə
atomet	aˈtoməð
atomkerne	aˈtomˌkaɐnə
atonal	atonal
atten	atən
atter	atər
attisk	ˈatisɡ
attribut	atribut
attrå	ˈaˈtʁɔ
atypisk	atypisk
aubergine	obɛrsjinə
august	avˈɡost
autodidakt	avtodidakt
autofokus	avtofokus
autoritet	avtoritet
avance	avanɡsə
avancere	avanɡserə
avanceret	avanɡserəd
avenue	avəny
aversion	avæɐˈɕon
avet	ˈævəð
avind	ˈæˌven
avindes	ˈaˌvenəs
avis	aˈvis
avl	avl
avle	avlə
avlede	avləðə
avler	avlər
avlet	avləðə
avocado	aʋoˈkædo
avokado	avokado
ayatollah	ɑjaˈtʌla
babylem	ˈbɛɪbiˌlɛm
babylift	ˈbɛjbiˌlift
babyvræl	ˈbɛɪbiˌʋʁɛl
bad	ˈbað
bade	ˈbæðə
bader	badər
badet	ˈbaðəd
badminton	badməntɔn
bag	baɣ
bagage	baɡasjə
bagatel	baɡatɛl
bagbord	bavbor
bagdel	ˈbɑwˌdel
bage	baɣə
bagefter	bajɛftər
bager	baɣər
bageri	bæɪɐˈʁi
baggrund	ˈbɑwˌɡʁɔn
bagklogskab	bavklɔɡskab
bagt	ˈbɑɡd
bagte	ˈbɑɡdə
bagud	ˈbæjˌuð
bajer	bajər
bakke	bakə
bakse	ˈbɑɡsə
bakterie	bɑɡˈteɐiə
bakteriologi	bɑɡteɐioloˈɡi
balkon	balkɔnɡ
ballet	balɛt
ballon	balɔnɡ
balsamisk	balsamisk
balstyrig	balstyri
balstyrisk	balstyrisk
bamse	ˈbɑmsə
banal	baˈnæl
band	band
bandage	bandasjə
bande	bandə
bane	ˈbænə
banegård	ˈbænəˌɡɒ
bange	baŋə
bank	ˈbɑŋɡ
bankbog	bɑŋɡˈbɔw
bankkonto	bankkɔnto
bar	ˈbar
barbar	barbar
bare	ˈbarə
barfodet	barfodət
bark	bark
barken	barkən
barmhjertig	bɑmˈjaɐdi
barmhjertighed	bɑmˈjaɐdiˌheð
barn	barn
barndom	barndɔm
barnebarn	ˈbɑnəˌbɑn
barnevogn	bɑnəvɒwn
barre	barə
barsel	ˈbɑsl,ˈbɑsl
barsle	ˈbɑslə
bart	bart
basisk	basisk
basket	baskət
basketball	baskətbal
basketballkurv	baskətbalkurv
bassin	baˈsɛŋ
bast	bast
bastard	bastard
bastion	baˈsdjon
bat	ˈbad
batte	ˈbadə
battet	ˈbadəð
bavn	ˈbɑwn
bebyrde	bebyrdə
bed	ˈbeð
bedare	beˈdɒɒ
bede	beðə
bededag	ˈbeðəˌdæ
bedemand	bedəman
bedene	ˈbeðənə
bedrag	beˈdʁɑw
bedrage	beˈdʁɑwə
bedrager	beˈdʁɑwɐ
bedre	beðʁɐ
bedrift	beˈdreft
bedrive	bedrivə
bedrøve	bedrøvə
bedrøvede	bedrøvəðə
bedrøvet	bedrøvəð
bedst	bɛst
bedstefar	ˈbɛsdəˌfɑ
bedstemor	ˈbɛsdəˌmoɐ
bedt	ˈbed
bedyre	bedyrə
bedårende	beˈdɒɒnə
befolkningstæthed	beˈfʌlɡneŋsˌtɛdheð
befæstning	beˈfɛsdneŋ
begge	ˈbɛɡə
begravelse	beˈɡʁɑwəlsə
begreb	beˈɡʁɛb
begrebsforvirring	beˈɡʁæbsfʌˌviɐeŋ
begribe	beˈɡʁibə
begynde	beɡønə
begyndelse	beɡønəlsə
begynder	beɡønər
begære	beˈɡɛʌ
begærlig	beˈɡɛɐli
behag	beˈhæj
behage	beˈhæjə
behold	beˈhʌl
beholde	beˈhʌlə
beholder	beˈhʌlɐ
beholdes	beˈhʌləs
beholdt	beˈhʌld
beholdte	beˈhʌldə
beholdtes	beˈhʌldəs
behov	behɔv
behændig	behɛndi
behøve	beˈhøvə
bejae	beˈjæə
bekende	beˈkɛnə
bekendelse	beˈkɛnlsə
bekenden	beˈkɛnn
bekendende	beˈkɛnənə
bekender	beˈkɛndɐ
bekendes	beˈkɛnəs
bekendt	beˈkɛnd
bekendte	beˈkɛndə
bekendtes	beˈkɛndəs
bekostning	bekɔstnenɡ
bekvem	beˈkvɛm
belgisk	bɛlɡisk
belortet	beˈloɐdəð
belyse	belysə
belysning	beˈlysneŋ
belægge	beˈlɛɡə
beløb	beløb
ben	ben
benklæder	ˈbenˌklɛɐ
benytte	benøtə
benzoesyre	ˈbɛnsoˌsyʌ
berede	bereðə
beretning	peˈʁɑtniŋ
berette	berɛtə
berige	beˈʁiə
berigelse	beˈʁiəlsə
berlin	baɐˈlin
berolige	beˈʁoˌliə
bersærk	bɛrsɛrk
berømt	beˈʁœmd
berøre	berørə
berøring	beˈʁɶɐeŋ
berøringsangst	peˈʁɶɐiŋsɑŋst
besat	beˈsad
besatte	beˈsadə
besidde	beˈsiðə
besjæle	beˈɕɛlə
besjælede	beˈɕɛləðə
besjælet	beˈɕɛləð
besk	besk
besked	beskeð
beskeden	beskeðən
beskidt	beˈsɡid
beskrive	beskrivə
beskrivelse	beskrivəlsə
beslutsom	beslutsɔm
beslutte	beˈsludə
bestandig	beˈsdandi
bestemme	beˈsdɛmə
bestemt	beˈsdɛmd
bestemte	beˈsdɛmdə
bestialsk	bestjalsk
bestjæle	beˈsdjɛlə
bestyre	beˈsdyʌ
bestyrtelse	bestyrtəlsə
bestå	beˈsdɔ
beståen	ˈbeˈsdɔən
bestående	beˈsdɔənə
besudle	beˈsudlə
besvare	besvarə
besætte	beˈsɛdə
besættelse	beˈsɛdəlsə
besøg	beˈsøj
besøge	beˈsøjə
besøger	beˈsøjɐ
besøgt	beˈsøɡd
besøgte	beˈsøɡdə
besørge	beˈsɶɐwə
betablokker	betablɔkər
betale	beˈtalə
betegnelse	betajnəlsə
betelgeuse	betɛlˈɡøsə
betinge	beˈteŋə
beton	beˈtʌŋ
betone	beˈtonə
betoning	beˈtoneŋ
betro	beˈtʁo
betuttet	beˈtudəð
betyde	beˈtyðə
betændelse	beˈtɛnlsə
beverding	ˈbɛwʌˌdeŋ
bevågenhed	ʌbˈmæɐɡsʌmˌheð
bevæge	beˈvɛjə
bevægelse	beˈvɛjəlsə
bevæget	beˈvɛjəð
bi	ˈbi
bibel	ˈbibəl
bibliografi	biblioɡʁɑˈfi
bibliografisk	biblioˈɡʁɑfisɡ
bibliotek	biblioˈteɡ
bibringe	biˌbrenɡə
bid	ˈbið
bidder	ˈbiðɐ
biddet	bidət
bide	ˈbiðə
bidsel	ˈbisəl
bidt	ˈbid
bie	biə
bil	bil
bilde	bilə
bilist	biˈlisd
billede	ˈbeləðə
billeder	ˈbeləðər
billedskærm	ˈbeləðskɛrm
billiard	biliˈɑd
billig	bili
billige	biliə
billigst	bilist
bilvask	ˈbilˌʋasɡ
binde	ˈbenə
binyre	ˈbiˌnyʌ
binær	ˈbiˌnɛɐ
biokemi	ˈbiokemi
biologi	bioloˈɡi
biord	ˈbiˌoɐ
bipolar	bipolar
bipolær	bipolɛr
birkes	birkəs
biskop	biskɔp
bisp	bisp
bistro	ˈbisdʁo
bisætning	ˈbiˌsɛdneŋ
biting	bitenɡ
bivuak	bivuak
bizar	bisar
bjerg	bjɛrɣ
bjerge	bjɛrɡə
bjælde	bjɛlə
bjørn	bjœrn
blad	blad
blasfemi	blasfəmi
blev	ˈblew
blevet	ˈbleʋəð
blid	ˈblið
blik	blek
blindtarm	ˈblenˌtɑm
blinke	blenɡe
blis	ˈblis
blive	bliə
bliver	ˈbliwɐ
blod	ˈbloð
blodbad	blodbad
blodig	blodi
blodlegeme	bloðlɛɣəmə
blodmangel	ˈploðˌmɑŋl
blodplade	blodpladə
blodtryk	ˈbloðˌtʁøɡ
blok	blɔk
blokere	blokerə
blomkål	blɔmkɔl
blomme	ˈblʌmə
blomst	ˈblʌmsd
blomsterbed	ˈblʌmsdɐˌbeð
blomstre	ˈblʌmsdʁɐ
blot	ˈblʌd
blote	ˈblodə
blotlægge	blɔtlɛɡə
blotte	ˈblʌdə
blottede	ˈblʌdəðə
blottelse	ˈblʌdəlsə
blotter	ˈblʌdə
blottet	ˈblʌdəð
blowjob	ˈblɔwˌdjʌb
blues	blus
blufærdig	bluˈfæɐdi
bly	ˈbly
blå	blɔ
blåbær	blɔbɛr
blåskimmelost	blɔskeməlɔst
blåtand	ˈblɔˌtan
blåøjet	ˈblʌˌʌjəð
blæksprutte	blɛksprutə
blæse	blɛsə
blæst	blɛst
blød	blød
bo	bo
bod	boð
boede	boðə
boer	boər
boet	boəð
bofællesskab	ˈboˌfɛləsˌskɛb
bog	bɔɣ
bogklub	boɡklub
bogorm	bɔɡorm
bogstavelig	pɔkˈstæʊlɪ
boheme	boɛm
bold	ˈbʌld
bolig	ˈboli
bolle	bɔlə
bolt	ˈbʌld
bolværk	bɔlvɛrk
bom	ˈbɔm
bomb	bomb
bombardement	bɔmbadəmanɡ
bombe	bombə
bomben	bombən
bomber	bombər
bombes	bombəs
bombet	bombəð
bommert	ˈbɔmʌd
bomuld	ˈbʌˌmul
bon	ˈbʌŋ
bonde	bonə
bondegård	ˈbɔnəˌɡɒ
bone	ˈbonə
bonede	ˈbonəðə
bonen	ˈbʌŋən
boner	ˈbʌŋɐ
bonet	ˈbonəð
bonus	ˈbonus
bonussen	ˈbonusən
bonusser	ˈbonusɐ
bonusserne	ˈbonusɐnə
bopæl	bopɛl
bor	bor
bord	ˈbor
borde	ˈboɐ
bordeaux	bɔrdo
bordel	bɔrdɛl
bordtennis	bortɛnis
borg	ˈpɒw
borge	bɔrɣə
borgen	bɔrvən
borger	ˈbɒwʌ
borgmester	bɒwˈmɛsdɐ
boring	ˈboɐeŋ
bort	ˈbɒd
borte	ˈbɒdə
bortføre	ˈbɒɐˌføʁə
botanik	botanik
botanisere	botaniˈseʌ
boulevard	buləˈʋɑd
bouquet	bukɛ
bov	ˈbʌw
bove	bɔvə
bowle	bɔwlə
bowling	bɔwleŋ
boykot	bøjkɔt
boykotte	bøjkɔtə
brad	ˈbʁɑð
bragt	brakt
bragte	brakte
branche	ˈbʁɑŋɕə
brand	bran
brase	ˈbʁɑsə
brasilianer	brasiljanər
brasiliansk	brasiljansk
brasilien	brasiljən
brat	brat
bratsch	bratsj
brav	ˈbʁɑw
bred	breð
bredde	brɛdə
bredden	brɛðən
breddens	brɛðəns
bredder	brɛðər
bredderne	brɛðərnə
breddernes	brɛðərnəs
bredders	brɛðərs
breddes	brɛdəs
brede	breðə
breds	breðs
bredt	bret
bregne	brajnə
brev	brev
breve	brevə
bridge	britsj
brik	brek
brillant	briljant
brille	ˈbʁɛlə
bringe	brenɡə
brint	brent
brintbombe	brentbɔmbə
brinten	brentən
brise	brisə
brist	ˈbresd
briste	ˈbʁɛsdə
britannien	britaniən
brite	ˈbʁidə
britisk	ˈbʁidisɡ
britiske	ˈbʁidisɡə
bro	bro
brod	brɔd
broder	ˈbʁoðɐ
broderskab	ˈbʁoðʌˌsɡæb
brok	ˈbʁʌɡ
brom	ˈbʁom
bronze	ˈbʁʌŋsə
bror	ˈbʁoɐ
bros	bros
browser	bravsər
brud	ˈbʁuð
brudepige	brudəpiə
brudgom	brudɡɒm
brug	ˈbʁu
brugbar	ˈbʁuˌbɑ
bruge	ˈbruə
brugelig	ˈbʁuəli
bruger	ˈbʁuɣɐ
brugs	brus
brugt	brokt
brugte	broktə
brumme	ˈbʁɔmə
brun	bʁun
brunch	brɔnsj
brunche	brɔnsjə
brunette	brunɛtə
brusk	brusk
brutal	brutal
bruxelles	bʁyˈsɛl
bryd	bryd
bryde	bryðə
bryder	bryðər
brydes	bryðəs
brydning	bryðneŋ
bryg	ˈbʁœɡ
brygge	ˈbʁœɡə
brygning	ˈbʁœɡneŋ
bryllup	brœlɔp
brynje	brynjə
bryst	brøsd
brystvorte	brœstvɔrtə
brædder	brɛðər
bræk	brɛk
brække	brɛkə
brænde	ˈbʁanə,ˈbʁɑnə
brændenælde	brɛnnɛlə
brændpunkt	brɛnpoŋt
brændstof	brɛnstɔf
brændte	ˈbʁandə
bræt	brɛt
brød	brøð
brøde	brøðə
brødes	brøðəs
brødet	ˈbrœðəð
brødflov	brœdflɔv
brødre	ˈbʁœðʁɐ
brøk	brøk
brøkdel	brøkdel
brøst	ˈbrøsd
bud	ˈbuð
buddhisme	budismə
buddhist	buˈdisd
bude	budə
budget	byˈɕɛt
bue	ˈbuə
bueskytte	buəskøtə
bug	buɣ
bugne	bunə
bugt	bokt
bugte	ˈbɔɡdə
buket	bukɛt
bukke	ˈbɔɡə
bukser	ˈboɡsɐ
bulder	ˈbulʌ
buldre	ˈbulʁʌ
bulgarer	bulɡarər
bulgarsk	bulɡarsk
bullet	bulət
bump	bomp
bumpe	bompə
bumper	bompər
bumpes	bompəs
bumpet	bompəð
bund	ˈbɔn
bunde	bonə
bunden	ˈbɔnən
bundne	ˈbɔnnə
bundt	bɔnt
bur	bur
burde	bordə
burdet	ˈboɐdəð
bureau	byˈʁo
burre	ˈbuɐʌ
bus	bus
bussemand	busəmand
busser	busər
butik	buˈtiɡ
butikken	buˈtiɡən
butikker	buˈtiɡɐ
butikkerne	buˈtiɡɐnə
by	ˈby
byde	ˈbyðə
byg	ˈbyɡ
bygd	ˈbyɡd
byge	byə
bygge	byɡə
byggeri	byɡʌˈʁi
bygning	byɡneŋ
bynke	ˈbøŋɡə
byrd	ˈbyrd
byrde	byrdə
byret	ˈbyˌʁad
byrum	ˈbyʁɔm
byråd	ˈbyˌʁɔð
bytte	bytə
byzans	byˈsans
båd	bɔd
både	bɔðə
bådhus	ˈbɔdˌhus
båke	ˈbɔɡə
bånd	bɔn
båndoptager	bɔnɔptaɡər
båre	bɔrə
båret	ˈbɒɒð
bås	ˈbɔs
bæ	bɛ
bæger	bɛɣər
bæk	bɛk
bælle	ˈbɛlə
bændel	ˈbɛnəl
bær	bɛr
bærbar	ˈbɛɐˌbɑ
bære	ˈbɛrə
bærer	ˈbɛɐ
bærret	bɛrəð
bæskubber	ˈbɛˌsɡɔbɐ
bæst	ˈbɛsd
bæve	ˈbɛvə
bæven	ˈbɛʋən
bævernylon	ˈbevʌˌnɒɪlʌn
bævernylonen	ˈbevʌˌnɒɪlʌnən
bævernylonet	ˈbevʌˌnɒɪlʌnəð
bød	bød
bøde	bøðə
bødker	ˈbøɡɐ
bøf	ˈbøf
bøffel	ˈbøfəl
bøflen	ˈbøflən
bøfler	ˈbøflɐ
bøg	bøɣ
bøger	ˈbøjɐ
bøje	bɔjə
bøjle	bɔjlə
bøjning	bøjnenɡ
bølge	ˈbøljə
bølgen	ˈbøljən
bøn	ˈbœn
bønder	bœnər
bønne	ˈbœnə
bønnen	ˈbœnən
bønner	bœnər
bør	bør
børe	børə
børen	børən
børene	børənə
børje	børjə
børn	ˈbœrn
børnebørn	ˈbɶɐnəˌbɶɐn
børnehave	bœɐnəhæʊə
børnene	ˈbɶɐnnə
børnenes	ˈbɶɐnnəs
børneporno	bœrnəpɔrno
børnepornografi	bœrnəpɔrnoɡrafi
børnesygdom	bœrnəsydɔm
børs	børs
børste	bœrstə
bøsse	ˈbøsə
bøssebar	ˈbøsəˌbɑ
bøssepar	ˈbøsəˌpɑ
bøsserøv	ˈbøsəˌʁɶw
bøv	ˈbœʊ
bøvet	ˈbœʊəðˠ
bøvl	bøvl
bøvle	bøvlə
bøvlede	bøvləðə
bøvler	bøvlər
bøvlet	bøvləð
bøvs	bøvs
bøvse	bøvsə
cadeau	kado
caffelatte	kafəlatə
californium	kalifɒnjɔm
calzone	kalˈsonə
camouflere	kɑmuˈfleʌ
camper	kampər
campere	kamperə
campingvogn	ˈkambeŋvɔun
canadier	kanadjər
candyfloss	kandiflɔs
carbon	ˈkɑbʌn
carbondioxid	karbɔndiɔksið
caribisk	karibisk
castiliansk	kasdilˈjænsɡ
catalansk	katalansk
cd	sede
cellekerne	ˈsɛləˌkaɐnə
cellofan	sɛlofan
censor	ˈsɛnsɐ
cerebral	serəbral
chaiselong	sjɛsəlɔnɡ
champignon	ˈɕɑmpinjʌŋ
chance	ˈɕɑŋsə
changere	ɕɑŋˈɕeɐ
charabanc	sjarəbanɡ
charm	ˈtɕɑm
charmant	ɕɑmɐnd
charme	ˈɕɑmə
charmere	ɕɑˈmeɐ
chateau	sjato
chauffør	ɕoˈføɐ
check	ˈɕɛɡ
chef	ˈsjɛf
chikane	sjikanə
chip	tɕip
chippen	ˈtɕipən
chips	ˈtɕibs
chok	sjɔk
chokolade	ɕoɡoˈlæðə
chokoladekage	sjokoladəkaɡə
christian	ˈkʁɛsdjan
christiansted	krɛsdjanˈsdɛð
cicero	ˈsisəʁo
cigar	siɡar
cigaret	siɡəˈʁad
citation	sitaˈɕon
citer	sidər
citere	sitərə
citron	siˈtron
citronsyre	sitronsyrə
civil	siˈvil
cognac	ˈkʌnjɑɡ
coitus	ˈkoitus
collie	kɔli
comeback	kʌmˈbaɡ
computer	kʌmˈpjudɐ
cowboy	kɔwbɔj
cowboybukser	kɔwbɔjboksər
cowboyder	kɔwbɔjdər
cowboyer	kɔwbɔjər
creme	ˈkʁɛm
cremefraiche	kʁɛmˈfrɛɕ
cremen	ˈkʁɛmən
cremer	ˈkʁɛmɐ
crepe	ˈkʁab
cyanose	syaˈnosə
cykel	sykəl
cykelhjelm	sykəljɛlm
cykle	syklə
cyklen	ˈsyɡlən
cykler	ˈsyɡlɐ
cyklist	syˈɡlisd
cyklus	ˈsyklus
cylinder	sylenər
cylindrisk	sylendrisk
cypern	kypərn
cypres	syˈpʁas
daffe	ˈdɑfə
dag	daɣ
dagbog	daɡbɔɡ
dages	ˈdæjəs
daglig	daɣli
daglige	ˈdɑwlii
dagligliv	ˈdɑwliˌliw
dagligstue	ˈdɑwliˌsduə
dagligt	daɣlit
dagligvare	ˈdɑwliˌʋɑɑ
dagligvarebutik	ˈdɑwliˌbuˌtiɡ
dagligvaren	ˈdɑwliˌʋɑɑn
dagligvarer	ˈdɑwliˌʋɑɑ
dagligvarerne	ˈdɑwliˌʋɑɑnə
dahlia	ˈdælja
dal	ˈdæl
dale	dalə
daler	dalər
damask	damask
dame	damə
dampskib	dampskib
danablu	ˈdænaˌblu
danbo	ˈdanˌbo
dandere	dɑŋˈdeʌ
danefæ	ˈdænəˌfɛ
danegæld	danəɡɛl
daner	ˈdanər
danerne	ˈdanərnə
daniel	ˈdænjəl
danisere	daniˈseʌ
danmark	ˈdanmɑɡ
danne	danə
dannebrog	danəbro
danserinde	dansərenə
dansk	dansk
danske	ˈdænsɡə
dansken	ˈdænsɡŋ
dansker	ˈdænsɡɐ
danskere	ˈdænsɡɐɐ
danskeren	ˈdænsɡɐɐn
dask	dasɡ
daske	ˈdasɡə
database	databasə
date	deɪt
datid	datid
dativ	ˈdæˌtiw
dato	ˈdato
datter	ˈdadɐ
dav	dav
davre	ˈdɑwʁɐ
de	di
debattere	debaˈteʌ
december	deˈsɛmbɐ
ded	ˈdeð
definerlig	defiˈneɐli
definitorisk	definiˈtoɐisɡ
dej	daj
dejlig	ˈdajli
dekonstruktion	ˈdekʌnsdʁuɡˌɕon
del	ˈdel
delagtig	delˈɑɡdi
dele	ˈdelə
delikat	delikat
dels	ˈdels
deltager	ˈdelˌtæjʌ
dem	dɛm
demografi	demoɡʁɑˈfi
demokrat	demoˈkʁɑd
demokrati	demokʁɑˈti
demokratisk	demoˈkʁɑdisɡ
demokratiske	demoˈkʁɑdisɡə
demonstration	ˌdemʌnsdʁɑˈɕon
demontere	demɔnterə
den	dɛn
dendrokronologi	ˈdɛndʁokʁonoloˈɡi
denne	ˈdɛnə
denotere	denoˈteʌ
der	ˈdɛr
deres	ˈdɛɒs
derfor	ˈdeɐfoɐ
dermed	ˈdɛɐˈmɛð
dervish	ˈdæɐviɕ
des	ˈdis
desavouere	desavuerə
desuagtet	ˈdɛsuˌɑɡdəð
desværre	desvɛrə
det	de
detonation	detonaˈɕon
detonator	detoˈnætʌ
dette	ˈdɛdə
deviere	deviˈeʌ
diagonal	diaɡonal
dialekt	diaˈlɛɡd
dialog	diaˈlo
diamant	diaˈmand
die	diə
diftong	diftɔnɡ
dig	dɑj
dige	diə
diger	diər
digital	diɡiˈtæl
digt	dekt
digte	dektə
digter	dektər
dikotomi	diɡotoˈmi
diminutiv	diminutiv
din	din
diode	diˈoðə
dionysos	dioˈnysʌs
diplomat	diplomat
direkte	dirɛktə
direktrice	diɐəɡˈtʁisə
direktør	diɐəɡˈtøɐ
discipel	diˈsibəl
disciplin	disiˈplin
diskret	diskrɛt
disputere	disbuˈteʌ
disse	ˈdisə
dissekere	disəˈkeʌ
dissektion	disɛɡˈɕon
dissonere	disoˈneʌ
distance	distanɡsə
distingvere	desdeŋˈveʌ
distingveret	desdeŋˈveʌð
diversitet	divæɐsiˈted
djævel	ˈdjɛvəl
djævelsk	djɛvəlsk
dobbelt	dɔbəlt
dobbeltgænger	ˈdʌbldˌɡɛŋɐ
doge	ˈdoɕə
dogmatik	dɒwmaˈtiɡ
dogmatiker	dɒwˈmætiɡʌ
dogmatisme	dɒwmaˈtismə
dogme	dɔɡmə
doktor	ˈdɔɡdɐ
doktorer	ˈdʌɡdɐɐ
doktorerne	ˈdʌɡdɐnə
dolk	dɔlk
dom	ˈdʌm
domkirke	ˈdʌmˌkiɐɡə
dommedag	ˈdʌməˌdæ
dommer	ˈdɔmɐ
donation	donaˈɕon
donationen	donaˈɕonən
donationens	donaˈɕonəns
donationer	donaˈɕonɐ
donationerne	donaˈɕonɐnə
donationernes	donaˈɕonɐnɛs
donationers	donaˈɕonɐs
donations	donaˈɕons
dont	ˈdʌnd
doven	ˈdɒwən
dovne	ˈdɒwnə
drage	ˈdʁɑwə
drager	ˈdʁɑwɐ
drej	draj
dreje	drajə
drejede	ˈdrajəðə
dreng	ˈdrɛŋ
drenge	ˈdrɛnɡə
drengen	ˈdrɛnɡən
drengene	ˈdrɛnɡənə
drev	drev
dreven	drevən
drevne	drevnə
drift	dreft
drikfældig	dʁɛɡˈfɛldi
drikke	ˈdʁɛɡə
drikkepenge	drekəpɛnɡə
drikker	drekər
dril	drel
drille	drelə
drive	drivə
drivhus	drivhus
drog	drɔv
droge	droɡə
dronning	drɔnenɡ
drot	drɔt
drue	druə
drukken	drokən
drukne	droknə
drys	drøs
dræbe	ˈdʁɛbə
dræber	ˈdʁɛbə
dræbt	ˈdʁabd
dræbte	ˈdʁabdə
dræne	ˈdrɛnə
dræt	ˈdʁad
drøbel	ˈdʁœʊəl
drøj	ˈdʁʌj
drøm	ˈtrœm
drømme	ˈdʁɶmə
drømmekage	ˈdʁɶməkaɪə
drømmeverden	ˈdʁɶməˌʋaɐdn
drømmeverdenen	ˈdʁɶməˌʋaɐdnən
drømmeverdener	ˈdʁɶməˌʋaɐdnɐ
drømmeverdenerne	ˈdʁɶməˌʋaɐdnɐnə
drømmeverdner	ˈdʁɶməˌʋaɐdnɐ
drømmeverdnerne	ˈdʁɶməˌʋaɐdnɐnə
drøn	drøn
drøne	drønə
drøv	drøv
du	ˈdu
dubiøs	dubiøs
due	duə
duel	duɛl
duellere	duəlerə
duft	ˈdɔfd
dufte	ˈdɔfdə
dug	duɡ
duge	duə
dukke	ˈdɔɡə
dulgt	dult
dulgte	dultə
dulle	ˈdulə
dum	dom
dumt	domt
dun	dun
dunkel	ˈdɔŋɡl
dus	ˈdus
dusin	dusin
dværg	dvɛrv
dyb	ˈdyb
dybde	ˈdybdə
dybe	ˈdybə
dybhav	ˈdybˌhɑw
dybt	ˈdybd
dyd	ˈdyð
dydsiret	ˈdyðˌsiʌð
dyne	dynə
dynge	ˈdøŋə
dyngevis	ˈdøŋəˌvis
dyr	dyɐ
dyre	dyrə
dyrisk	dyrisk
dyrke	dyrkə
dyrskue	ˈdyɐˌsɡuə
dyse	dysə
dysfori	dysfoˈʁi
dysse	dysə
dyst	dʏsd
dåb	ˈdɔb
dåne	dɔnə
dåre	ˈdɒɒ
dårlig	ˈdɒli
dårligst	ˈdɒlisd
dårligste	ˈdɒlisdə
dåse	dɔsə
dåseøl	dɔsəøl
dæmon	dɛmon
dæmpe	dɛmbə
dø	ˈdø
døb	ˈdøb
døbe	ˈdøbə
døber	ˈdøbɐ
døbt	ˈdøbd
døbte	ˈdøbdə
død	ˈdøð
døde	ˈdøðə
dødt	ˈdød
dødvande	dødvanə
døende	ˈdøənə
døgn	døjn
dølge	døljə
dølgsmål	ˈdølsˌmɔl
døm	ˈdœm
dømme	ˈdœmə
dømmer	ˈdœmɐ
dømte	ˈdœmdə
dør	dœr
døtre	ˈdødʁɐ
døv	døv
eagle	ˈiɡəl
edder	ˈɛðʌ
edderkop	ˈeðɐˌkʌp
eddike	ˈɛðɡə
eddikesur	ɛdkəsur
eder	ˈeðɐ
effektiv	ˈɛfəɡˌtiw
effen	ɛfən
efter	ˈɛfdɐ
efterligne	ɛftərlinɘ
efterpå	ˈɛfdɐˌpʌ
efterret	ˌɛfdɐˈrɛt
efterspil	ˈɛftɐˌsbil
efterspørgsel	ˈɛfdɐˌsbɶɐsəl
eftertænke	ˈɛfdʌˌtɛŋɡə
efterår	ˈɛfdɐˌɒ
eg	eɡ
ege	ˈejə
egen	ˈɑjən
egenhændig	ˈejənˌhɛndi
egentlig	eɣəntli
egern	ejərn
eget	ˈɑjəð
egetræ	eɡətrɛ
egn	ajn
ego	ˈeɡo
egoist	eɡoˈisd
egon	eɡɔn
egotripper	ˈeɡotʁibʌ
ej	aj
eje	ˈɑjə
ejede	ˈɑjðð
ejendel	ˈɑjənˌdel
ejendom	ˈɑjənˌdʌm
ejerløs	ajərløs
ejnar	ˈainə
eklektisk	ɛklɛktisk
eksamen	ɛɡˈsæmm
eksaminand	ɛɡsamiˈnand
eksaminer	ɛksaminər
eksem	ɛksem
eksempel	ɛksɛmpəl
ekskrementer	ɛɡsɡʁɛˈmɛndʌ
ekspedere	ɛɡsbeˈdeʌ
ekspeditrice	ɛɡsbədiˈtʁisə
ekspeditør	ɛɡsbediˈtøɐ
eksplicit	ɛksplisit
eksponentiel	ˌɛɡsbonɛnˈɕɛl
ekstra	ˈɛɡsdʁɑ
ekstraordinær	ɛkstraɔrdinɛr
ekstravagant	ɛkstravaɡant
el	ɛl
eland	ˈelan
elben	ˈɛlbm
elcykel	ɛlsykəl
elefant	ɛləˈfand
elegant	eləɡant
elementær	eləmɛntɛr
elendig	eˈlɛndi
elev	elev
elfenben	ˈɛlfənˌben
elfenbenstårn	ɛlfənbenstɒn
elg	ɛlj
eliksir	eləksir
elitær	elitɛr
elkedel	ɛlkedəl
eller	ˈɛlər
elleve	ˈɛlvə
ellevte	ˈɛlfdə
elsdyr	ɛlsdyr
elske	ˈɛlsɡə
elsker	ˈɛlsɡɐ
elskerinde	ɛlskərenə
elskov	ɛlskɔv
elskværdig	ɛlskvɛrdi
elv	ˈɛlʋ
em	ˈɛm
emballage	ambalasjə
embede	ɛmbeðə
embedsmand	ɛmbedsmand
emil	eˈmil
emme	ˈɛmə
emmer	ˈæmər
emne	ɛmnə
emotikon	emotikɔn
en	en
enbenet	enbenəd
encyklopædi	ɛnsyklopədi
end	ɛn
ende	ɛnə
endelig	ˈɛnəli
endestation	ˈɛnəsdaˌɕon
endnu	eˈnu
endt	ˈɛnd
enebarn	enəbarn
enebær	enəbɛr
ener	enər
eneste	enəstə
enfold	enfɔld
eng	ɛnɡ
engagere	ɑŋɡaˈɕeʌ
engang	enɡanɡ
engel	ˈɛŋəl
engelsk	ˈɛŋəlsɡ
englænder	ɛnɡlɛndər
engsnarre	ˈɛŋˌsnɑɑ
enhjørning	enjœrnenɡ
enig	eni
enighed	ˈeniˌheð
enke	ɛnkə
enlig	enli
enorm	eˈnɒm
ens	ens
ensilere	ɛnsilerə
enten	ɛntən
entitets	ɛntiˈtets
epic	ˈɛpɪk
epigon	epiˈɡon
epilere	epiˈleɐ
episk	ˈepisɡ
epistel	eˈpisdəl
epistemisk	epiˈsdemisɡ
epistemologi	episdəmoloˈɡi
epoke	epokə
epos	ˈepʌs
er	ɛr
erantis	erantis
erektion	erəksjon
erfare	ɛrˈfarə
erhverv	ɛɐˈvɛɐv
erhverve	æɐˈvæɐvə
erindre	eˈʁɛndʁɐ
erkende	aɐˈkɛnə
erkendelse	æɐˈkɛnəlsə
erklære	ɛrklɛrə
erklæring	æɐˈklɛɐeŋ
erland	ˈɛərlənd
ernst	ænsd
erotica	erotika
erotik	erotik
erotika	erotika
erstatning	aɐˈsdadneŋ
erstatte	aɐˈsdadə
esbjerg	ˈɛsbjæɐ
eskatologi	ɛskatoloˈɡi
eskimo	ɛsɡiˈmo
eskimoisk	ɛsɡiˈmoisɡ
eskimologi	ɛsɡimoloˈɡi
esoterisk	esoterisk
esperanto	esbəˈʁɑnto
est	ˈɛsd
establishment	eˈsdabliɕmənd
estisk	ɛstisk
et	et
etage	eˈtæɕə
etbenet	etbenəd
eufori	œvfori
euripides	œwˈʁibiˌdɛs
euro	øvro
europa	eˈʁopa
europæer	œwʁoˈpɛɐ
europæisk	œwʁoˈpɛisɡ
evangelium	evɑŋˈɡeljɔm
event	ɛˈvɛnt
eventyr	ɛvəntyɐ
eventyrlig	ɛvəntyrli
eventyrlysten	ˈewntsyɐˌløsdn
evig	evi
evindelig	evenəli
evindeligt	evenəlit
evne	ɛvnə
excerpt	ɛɡˈsæɐbd
fabel	fabəl
fabelagtig	fabəlaɡti
fabrik	faˈbreɡ
facade	faˈsæðə
facet	fasɛt
facon	faˈsʌŋ
faconen	faˈsʌŋən
faconer	faˈsʌŋɐ
fadervor	ˈfæðɐˈvɒ
fadæse	faˈdɛsə
fadøl	fadøl
fag	faɣ
fager	faɣər
fagert	faɣərt
fagidiot	ˈfɑwˌidiˈod
faglig	ˈfɑwli
faglitteratur	faɣlitəratur
fagot	faɡɔt
fagre	faɣrə
fagreste	faɣrəstə
fagter	faɡtər
fajance	fajanɡsə
fakir	faˈkiɐ
fakkel	fakəl
fakta	fakta
faktisk	faktisk
faktum	faktɔm
fakultet	faɡulˈted
falafel	faˈlɑfl
fald	fal
falde	ˈfalə
faldgrube	ˈfalˌɡʁubə
faldgruppe	ˈfalˌɡʁubə
faldskærm	falskɛrm
falk	falk
falleret	falerəd
falsk	falsk
familie	faˈmiljə
famle	famlə
fancy	ˈfænsi
fanden	ˈfanən
fandens	ˈfanəns
fandt	ˈfand
fandtes	fantəs
fane	ˈfænə
fange	faŋə
fangenskab	ˈfɑŋənˌsɡæb
fantastisk	fanˈtasdisɡ
far	fɑ
farao	farao
fare	ˈfarə
faren	ˈfɑən
farfar	farfar
farmor	farmor
fars	fars
farsot	farsot
fart	fart
fartøj	ˈfɑˌtʌj
farve	ˈfɑvə
farvel	fɑˈvɛl
farvestof	farvəstɔf
fasaneri	faˌsænʌˈʁi
fashionabel	faɕoˈnæbəl
fast	fast
faste	ˈfæsdə
fastelavn	fasdəˈlɑwn
faster	fastər
fatal	fatal
fatamorgana	fatamɔrɡana
fatte	ˈfadə
fattig	ˈfadi
fattigdom	fatidɔm
fatwa	ˈfædʋa
favorabel	fɑvoˈʁɑbəl
feber	ˈfebɐ
feberen	ˈfebɐɐn
febre	ˈfebʁɐ
februar	ˈfebʁuˌɑ
fed	feð
fede	ˈfeðə
fedme	fedme
fedt	ˈfed
fedtet	ˈfedəð
fedtsyre	ˈfedˌsyʌ
fej	ˈfɑj
fejde	ˈfɑjdə
feje	ˈfɑjə
fejlagtig	fajlaɡti
fejle	ˈfɑɪlə
fejre	fajrə
fem	ˈfɛm
femte	ˈfɛmdə
femten	fɛmtən
femti	ˈfɛmˌti
ferie	ˈfeɐiə
fersken	ˈfaɐsɡən
fertilitet	fɛrtilitet
fest	ˈfɛsd
festskrift	fɛstskreft
figen	ˈfiən
fik	ˈfeɡ
fiks	feks
fikse	feksə
fiksstjerne	feksstjɛrnə
fiktion	fiɡˈɕon
fiktiv	ˈfiɡˌtiw
fil	fil
filet	file
filetere	filəterə
filigran	filiɡran
filippinsk	filipinsk
film	film
filolog	filoˈlo
filologi	filoloˈɡi
filologisk	filoˈloisɡ
filosof	filoˈsʌf
filsben	ˈfilsˌben
fin	fin
find	fend
finde	fenə
finder	fenər
findes	ˈfenəs
finer	finer
finger	fenɡər
fingerbøl	fenɡərbøl
fingere	fenɡerə
finmark	fenmark
finne	fenɘ
finér	finer
fire	firə
firs	ˈfirs
firsindstyve	ˈfirsənsˈtyvə
firti	ˈfiɐti
fise	ˈfisə
fisk	ˈfesk
fiske	feskə
fiskehandler	feskəhanlər
fiskeolie	ˈfesɡəˌoljə
fisker	feskər
fiskerbåd	ˈfesɡɐˌbɔð
fiskestang	ˈfesɡəˌsdɑŋ
fisse	fisə
fjeder	fjeðɐ
fjeld	ˈfjɛl
fjende	ˈfjenə
fjendskab	ˈfjenˌsɡæb
fjendtlig	ˈfjendli
fjer	fjeɐ
fjerde	ˈfjɛɐ
fjerdedel	ˈfjɛɐˌdel
fjern	fjɛrn
fjert	fjɛrt
fjols	fjɔls
fjor	fjoɐ
fjord	ˈfjoɐ
fjorten	fjortən
fjorår	ˈfjoɒ
fjæle	ˈfjɛlə
fjært	fjɛrt
fjærte	fjɛrt
fjæs	fjɛs
flad	ˈflæð
flade	ˈflæðə
fladfisk	ˈflæðfesɡ
fladt	ˈflad
flag	flæj
flage	flajə
flagermus	flavərmus
flakon	flakɔnɡ
flamboyant	flamborjant
flammekaster	flamekasder
flange	flanɡsjɘ
flanør	flanør
flaske	flaskə
flaskehals	flaskəhals
flaskepost	flaskəpɔst
flere	ˈfleɐ
flertal	flertal
flertals	ˈfleɐˌtals
flest	ˈflesd
flette	flɛtə
flig	ˈfli
flimmerkasse	flemərkasə
flimre	flemrə
flink	flenk
flod	ˈfloð
flomme	ˈflʌmə
flommet	ˈflʌməð
flov	ˈflɒw
flue	fluə
flueknepperi	ˈfluəˌknebɐˌʁi
fluepapir	ˈfluəpaˌpiɐ
fluesmækker	fluəsmɛkər
flugt	flokt
fluks	flɔks
fluor	fluər
fluorescens	fluərəsɛns
fluorit	fluoˈʁid
flusspat	ˈflusˌsbad
fly	ˈfly
flyde	flyðə
flydende	flydənə
flyder	flyðər
flydt	flyt
flygel	ˈflyəl
flygte	ˈfløɡdə
flygtning	fløktnenɡ
flynder	flønər
flytte	fløtə
flyve	flyvə
flyvemaskine	ˈflyʊmaˌsɡinə
flyver	flyvər
flyvestation	ˈflyʊsdaˌɕon
flyvning	flyvnenɡ
flå	flɔ
flåde	flɔðə
flænse	ˈflɛnsə
flæsk	flɛsk
flæskesteg	flɛskəstaj
flæskesvær	ˈflɛsɡəˌsʋɛɐ
flød	fløð
fløde	fløðə
flødede	fløðəðə
flødeis	flødəis
flødeskum	fløðəskom
flødet	fløðəð
fløjl	fløjl
fløjte	flɔjtə
fobisk	ˈfobisɡ
fod	ˈfoð
fodbold	foðbʌld
fodboldspiller	fodbɔlspelər
fodgænger	ˈfoðˌɡɛŋɐ
fodkold	fodkɔl
fodring	fodrenɡ
fokus	ˈfoɡus
fold	fɔl
folde	fɔlə
folk	fɔlk
folkedragt	fɔlkədraɡt
folketing	ˈfʌlɡəˌteŋ
folketinget	ˈfʌlɡəˌteŋəð
folklore	fɔlklorə
fond	ˈfʌnd
fonem	foˈnem
fonetisk	fonetisk
fonologi	fonoloˈɡi
for	ˈfoɐ
foragt	fʌˈɑɡd
foran	ˈfɒˈan
foranderlig	fɔranərli
forandre	fɔrˈandrə
foranstalte	fʌanˈsdaldə
foranstaltning	fʌanˈsdaldneŋ
forarge	fʌˈɑwə
forbarme	fʌˈbɑmə
forberede	ˈfɒbeˌʁɛðə
forberedelse	ˈfɒbeˌʁɛðəlsə
forbrydelse	forˈbrødɛlsə
forbud	ˈfɒˌbuð
forbuden	fɒˈbuðən
forbudne	fɒˈbuðnə
forbudt	fɒˈbud
forbudte	fɒˈbudə
forbyd	fɒˈbyð
forbyde	fɒˈbyðə
forbyden	fɒˈbyðən
forbydende	fɒˈbyðənə
forbyder	fɒˈbyðɐ
forbydes	fɒˈbyðəs
forbød	fɒˈbøð
forbødes	fɒˈbøðəs
fordel	fordel
fordelagtig	fɒdelˈɑɡdi
fordele	fordelə
fordi	fɔˈdi
fordrukken	fʌˈdʁɔɡən
fordumme	fʌˈdɔmə
fordærv	fʌˈdæɐw
fordærve	fʌˈdæɐvə
fordærvelse	fʌˈdæɐvəlsə
fordøje	fʌˈdʌjə
fordømmelig	fʌˈdœməli
foregangsmand	fɔrəɡanɡsmand
foregive	ˈfɒɒˌɡi
forekomme	fɔrəkɔmə
forelske	forɛlskə
forelsket	forɛlskəd
forelægge	fɔrəlɛɡə
forene	fʌˈenə
foretagsom	fɒɒˈtæjˌsʌm
foretrække	ˈfɔrəˌtrɛkə
forfatte	fɔrfatə
forfatter	fɔˈfatɐ
forfængelig	fɔrfɛnɡəli
forfærde	fʌˈfæɐdə
forfærdelse	fʌˈfæɐdəlsə
forglemme	fɔrɡlɛmə
forglemmigej	forɡlɛmmaaj
forgribe	fʌˈɡʁibə
forgudelse	fʌˈɡuðəlsə
forgårs	fɔrɡɔrs
forgæves	fɔrɡɛvəs
forhale	fʌˈhælə
forholdsord	ˈfɒhʌlsˌoɐ
forhud	fɔrhud
forhåbentlig	fʌˈhɔbəndli
forhøje	fɔrhɔjə
forhøjelse	fɔrhøjəlsə
forjætte	fɔrjɛtə
forjættede	fɔrjɛtəðə
forjætter	fɔrjɛtər
forjættet	fɔrjɛtəð
fork	fɔrk
forkert	fɔˈkerd
forkortelse	fɔrˈkɔrtəlsə
forlag	fɔrlaɣ
forlange	fɔrlaŋə
forleden	fʌˈleðən
forlegen	fʌˈlɑjən
forlide	fʌˈliðə
forlig	fɔrli
forlige	fɔrliə
forligede	fɔrliəð
forligelig	fɔrliəli
forliget	fɔrliəð
forligne	fɒrˈlinə
forligs	fɔrlis
forlis	fɔrlis
forlise	fɔrlisə
forloren	fɔrlorən
forlyd	fɔrlyð
forlyde	fɔrlyðə
forlyden	fɔrlyðən
forlyste	fɔrløstə
forlystelse	fɔrløstəlsə
forlæg	fɔrlɛɡ
forlægge	fɔrlɛɡə
form	fɔrm
formand	ˈfɒˌman
formaste	fʌˈmasdə
forme	fɔrmə
formene	fʌˈmenə
former	ˈfɒmɐ
formiddag	ˈfɒmeˌdaɣ
formode	fɔrmoðə
formue	fɔrmuə
formular	fɔrmular
formå	fʌˈmɔ
formåen	fʌˈmɔən
fornavn	ˈfɒˌnɑwn
fornem	fɔrnɛm
fornemme	fɔrˈnɛmə
fornuft	fɔrnoft
fornuftig	fʌˈnɔfdi
forord	fɔror
forrest	fɔrəst
forresten	fʌˈʁasdn
forråd	ˈfɒˌʁɔð
forråde	fʌˈʁɔðə
forråden	fʌˈʁɔðən
forrådende	fʌˈʁɔðnə
forråder	fʌˈʁɔðɐ
forrådes	fʌˈʁɔðəs
forrådt	fʌˈʁɔd
forrådte	fʌˈʁɔdə
forrådtes	fʌˈʁɔdəs
forræder	fʌˈʁaðɐ
forræderi	fʌʁaðɐˈʁi
forseelse	fʌˈseəlsə
forsigtig	fɔrseɡtiɡ
forsigtighed	fʌˈseɡdiˌheð
forske	ˈfɒsɡə
forskel	fɒˌsɡɛl
forsker	fɔrskər
forskertse	fɔrskɛrtsə
forskrække	fʌˈsɡʁaɡə
forsoning	fɔrˈsoniŋ
forstand	fʌˈsdan
forstå	fʌˈsdɔ
forstår	fʌˈsdɔɐ
forstørre	fɔrˈstœrə
forstørrelse	fɔrˈstœrəlsə
forsvare	fʌˈsvɑɑ
forsvinde	fʌˈsvenə
forsøde	fɔrsødə
forsøge	fɔrsøɡə
forsøgt	fɔrsøɡt
forsømme	fʌˈsœmə
forsørge	fʌˈsɶɐwə
forsørgelse	fʌˈsɶɐwəlsə
forsørger	fɒˈsɶɐwɐ
fortale	ˈfɒˌtælə
fortalelse	fʌˈtæləlsə
fortalt	fɔrˈtalt
fortalte	fɔrˈtaltə
fortaltes	fɔrˈtaltəs
forte	ˈfɒdə
fortolke	fʌˈtʌlɡə
fortolkning	fʌˈtʌlɡneŋ
fortov	ˈfɒˌtɒw
fortryde	fɔrˈtryðə
fortrække	fɔrtrɛkə
fortsat	ˈfɒdˌsad
fortsatte	ˈfɒdˌsadə
fortsætte	ˈfɒdˌsɛdə
fortælle	fɔˈtɛlə
fortæller	fɔrˈtɛlər
fortænke	fʌˈtɛŋɡə
forud	ˈfɒˌuð
forudse	fɔrudse
forudsige	fɔrudsiɡə
forulykke	fɔruløkə
forundre	fʌˈɔndʁʌ
forurolige	fɒuˈʁoliə
forvente	fʌvɛntə
forår	ˈfɒˌɒ
forårsage	fɒɒˈsæjə
forårsagtig	fɔrɔrsaɡti
forårsrulle	fɔrɔrsrulə
forældelse	fʌˈɛləlsə
forælder	fɔˈɛldɐ
fosfor	fɔsfɔr
fosforescere	fɔsfɔrəserə
fostervand	ˈfʌsdʌˌvan
foto	ˈfodo
fotograf	fodoˈɡʁɒf
fotografer	fotoˈɡʁɑfɐ
fotosyntese	fotosyntesə
fra	fra
frabede	ˈfʁaˌpeɤə
fragt	ˈfʁɑɡd
frakke	ˈfʁɑɡə
franker	ˈfʁɑŋkisɡ
frankisk	ˈfʁɑŋkisɡ
frankrig	ˈfʁɑŋkʁi
fransk	ˈfʁɑnsɡ
franskbrød	ˈfʁɑnsbʁœð
fred	freð
fredag	ˈfreda
frede	freðə
fredelig	fredəliɡ
freden	freðən
frederik	ˈfʁeðʁek
frederiksen	ˈfʁeðəʁeksn
frelse	ˈfʁalsə
frelser	ˈfʁalsɐ
frelst	ˈfʁalsd
frelste	ˈfʁalsdə
frem	frɛm
fremad	ˈfʁamˌað
fremkomme	ˈfʁamˌkʌmə
fremmed	frɛməð
fremmede	ˈfʁaməðə
fremmedfjendtlig	ˈframəðˌfjendli
fremmedlegeme	frɛməðlɛɣəmə
fremragende	frɛmraɣənə
fremstille	ˈfʁamˌsdelə
fremtid	ˈfʁamˌtið
fremvisning	ˈfʁamˌvisneŋ
fri	fri
frihed	ˈfrihed
frikadelle	frekədɛlə
frikadeller	fʁiɡəˈdɛlɐ
frikassé	fʁiɡaˈse
frikvarter	ˈfʁiɡʋɑˌteɐ
frille	ˈfʁilə
frimurer	ˈfriˌmurər
frisisk	frisisk
frisk	frɛsk
frist	ˈfresd
friste	ˈfʁɛsdə
fristelse	ˈfresdəlsə
fritstående	fritstɔənə
fritte	ˈfʁidə
frivillig	frivili
fro	fro
frokost	ˈfʁoɡɔsd
from	frɔm
frosne	frosnə
frossen	frosən
frossent	frosənt
frosset	frosəð
frost	frɔst
fru	fru
frue	fruə
frugt	froɡt
frugtbar	frɔɡtbar
fryd	fryð
frygt	frøkt
frygte	ˈfʁœɡdə
frygtelig	ˈfrœɡdəli
frygtsom	ˈfʁœɡdˌsʌm
frys	frys
fryse	frysə
fryser	frysər
fråse	frɔsə
frænde	ˈfʁanə
frænke	ˈfʁaŋɡə
frø	frœ
frøken	frøkən
frømand	frømand
frøs	frøs
fuchsia	ˈfɔɡɕa
fuchsier	ˈfɔɡɕʌ
fuga	ˈfuɡa
fugl	ful
fugle	fulə
fugleskræmsel	ˈfuləˌskʁɑmsəl
fugt	fokt
fugte	foktə
fugtig	ˈfɔɡdi
ful	ful
fuld	ful
fuldkommen	fulkɔmən
fuldmagt	fulmakt
fuldstændig	ˈfulˌsdɛndi
fuldtallig	fultali
fulgt	ˈfuld
fulgte	ˈfuldə
fund	ˈfɔn
fundamental	fɔndaməntal
fundamentalisme	fɔndaməntalismə
fundere	fɔnderə
funktionel	fɔnɡsjonɛl
furie	ˈfuɐɪə
furore	furorə
fyld	fyld
fylde	fylə
fyn	ˈfyn
fyr	fyr
fyraften	fyraftən
fyre	fyrə
fyrre	ˈførə
fyrretyve	ˈførəˌtyvə
fyrste	ˈfyrstə
fyrstedømme	fyrstədœmə
fyrstendømme	fyrstəndœmə
fyrtårn	fyɐtɒn
fysik	fyˈsik
fysioterapeut	ˈfyɕoˌteɑˌpœwd
fysisk	fysisk
få	ˈfɔ
fåfængt	ˈfɔˌfɛŋd
får	fɒ
fårehund	fɔrəhun
fæ	ˈfɛ
fæces	fɛsəs
fædre	ˈfɛðʁə
fædreland	fɛdrəlan
fædrene	ˈfɛðʁɐnə
fæl	fɛl
fælde	fɛlə
fælle	ˈfɛlə
fælled	fɛləd
fælles	ˈfɛləs
fællesskab	ˈfɛləsˌsɡæb
fællig	ˈfɛli
fængsel	fɛŋsəl
fængsle	ˈfɛŋslə
fængsler	ˈfɛŋslɐ
fængslet	ˈfɛŋsləð
færd	ˈfɛr
færden	ˈfɛrdən
færdes	ˈfaɐdəs
færdsel	fɛrsəl
færg	ˈfaɐw
færge	fɛrɣə
færgen	ˈfaɐwən
færger	ˈfaɐwɐ
færing	fɛrenɡ
færre	fɛrə
færrest	fɛrəst
færreste	fɛrəstə
færøerne	fɛrøərnə
færøsk	fɛrøsk
fæste	fɛstə
fæstebonde	fɛstəbonə
fætter	fɛtər
fødder	ˈføðɐ
fødderne	ˈføðɐnə
føddernes	ˈføðɐnəs
fødders	ˈføðɐs
føde	føðə
fødsel	føsəl
fødselsdag	ˈføslsˌdæ
født	ˈfød
fødte	ˈfødə
føje	fɔjə
føjning	fɔjnenɡ
føl	ˈføl
føle	ˈfølə
følelse	ˈføləlsə
føler	ˈfølɐ
følge	ˈføljə
følger	ˈføljɐ
følgeskab	ˈføljəˌsɡæb
føllet	følət
følsom	ˈfølˌsʌm
følsomhed	ˈfølsʌmˌheð
følt	ˈføld
følte	ˈføldə
føn	føn
føniks	føniks
før	ˈfœɐ
føre	førə
fører	ˈføɐ
føring	ˈføɐeŋ
først	fœrst
første	fœrstə
ført	ˈføɐd
førte	ˈføɐdə
gad	ˈɡæð
gade	ˈɡæðə
gadekøkken	ɡadəkøken
gaffel	ɡafəl
gag	ˈɡæɡ
gak	ˈɡɑɡ
gal	ɡal
galakse	ɡaˈlɑɡsə
galde	ɡalə
galder	ˈɡalʌ
galdre	ˈɡalʁʌ
gale	ɡalə
galehus	ɡaləhus
galge	ɡaljə
galgenhumor	ɡaljənhumɔr
galleri	ɡaləri
gallien	ɡaliən
galoche	ɡalɔsjə
galop	ɡalɔp
galoper	ɡaloper
galopere	ɡaloperə
galpe	ˈɡalbə
galt	ˈɡald
gam	ɡamˈ
gamache	ɡamasjə
gamer	ˈɡɛjmʌ
gammel	ɡaməl
gammeldags	ˈɡɑməlˌdæs
gammeldansk	ˈɡaməldansk
gammen	ɡamən
gang	ɡanɡ
gangræn	ɡanɡɡrɛn
ganja	ˈɡandja
ganske	ˈkænskə
garanti	ɡɑrɑnˈti
gardin	ɡardin
garn	ɡarn
gasturbine	ɡasturbinə
gat	ɡat
gav	ˈɡæ
gave	ˈɡæʋə
gaves	ˈɡæʋəs
gavmild	ˈɡɑwˌmil
gavn	ˈɡɑwn
gavne	ˈɡɑwnə
gavnet	ˈɡɑwnəð
gavnlig	ɡavnliɡ
gebrokken	ɡebrɔkən
gebrokkent	ɡebrɔkənt
gebrokne	ɡebrɔknə
gebyr	ɡeˈbyɐ
gebærde	ɡebɛrdə
ged	ɡed
gedder	ɡedər
geder	ɡedər
gedulgt	ɡeˈduld
geek	ɡik
gejrfugl	ˈɡɑjʌˈful
gejst	ɡajst
gejstlig	ɡajstli
gejstlige	ɡajstliə
gejstligt	ɡajstlit
gele	sjele
geled	ɡeled
geleddet	ɡeledət
gelé	sjele
gemen	ɡeˈmen
gemme	ɡɛmə
gemmer	ˈɡɛmɐ
gemmested	ɡɛməstɛd
gemt	ˈɡɛmd
gemte	ˈɡɛmdə
genbrug	ɡɛnbruɡ
gene	sjenə
gener	sjenər
generator	ɡenəˈʁɑtʌ
generatorer	ɡenəʁɑˈtoʌ
genere	sjenerə
generel	ɡenəˈrɛl
generer	sjenerər
generere	ɡenərerə
genert	sjenert
genetik	ɡenəˈtiɡ
gengive	ˈɡɛnˌɡi
gengæld	ɡɛnɡɛl
gengælde	ɡɛnɡɛlə
genlæse	ɡɛnlɛsə
genne	ˈɡɛnə
gennem	iɡɛnəm
gennemføre	ˈɡɛnəmˌføʌ
genopstandelse	ˈɡɛnʌbˌsdanəlsə
genopstå	ˈɡɛnʌbˌsdɔ
genopståen	ˈɡɛnˈʌbˌsdɔən
genre	ˈɕɑŋʁɐ
gensidig	ɡɛnsidi
genskabe	ˈɡɛnˌsɡæbə
genstand	ˈɡɛnˌsdan
genstride	ˈsdʁiðə
genus	ɡenus
genvordighed	ɡɛnˈvɒdiˌheð
geofysik	ˈɡeofyˌsik
geometri	ɡeomətri
georgine	ɡeɒˈɡinə
ger	ɡer
gerigt	ɡeˈʁiɡd
germansk	ɡɛrˈmansk
gerne	ˈɡɛɐnə
gerningssted	ɡɛrnenɡsstɛd
gerrig	ˈɡæɐi
gerrighed	ˈɡæɐiˌheð
gesjæft	ɡeˈɕɛfd
gestus	ɡɛsdus
gevaldig	ɡevaldiɡ
gevinst	ɡevenst
geværild	ɡeˈvɛril
gid	ˈɡið
gide	ˈɡiðə
gider	ˈɡiðɐ
gidet	ˈɡiðəd
gift	ɡift
gifte	ɡiftə
giftig	ɡifti
gigt	ˈɡiɡd
gilde	ɡilə
ginkgo	ˈɡeŋɡo
giraf	ɡiraf
giro	sjiro
gisne	ɡisnə
giv	ɡi
give	ˈɡi
given	ˈɡiʋən
givende	ˈɡiʋənə
givent	ˈɡiʋənd
giver	ˈɡiʋɐ
gives	ˈɡis
givet	ˈɡiʋəð
givne	ˈɡiwnə
gjalde	ɡjalə
gjord	ɡjor
gjorde	ɡjorə
gjort	ɡjort
glad	ˈɡlað
glamme	ˈɡlɑmə
glamour	ɡlamur
glansbillede	ɡlansbelədə
glasværk	ˈɡlæsˌʋaɐɡ
glemme	ˈklemə
glemsom	ˈɡlemsʌm
glemte	ˈɡlɛmdə
glimt	ɡlemt
glo	ɡlo
globe	ɡlobə
globus	ɡlobus
glæde	ɡlɛdə
glædelig	ɡlɛdəliɡ
glædeligvis	ˈɡlɛðəliˈvis
gløde	ˈɡløðə
gløgg	ɡløɡ
gnaver	ɡnavər
gnide	ɡniðɘ
gnist	ɡnist
gnom	ɡnom
gnosticisme	ɡnɔstisismə
gnu	ɡnu
gnægge	ˈɡnɛɡə
god	ˈɡoð
godaften	ɡoˈɑftən
godbid	ɡodbid
goddag	ɡoˈdaɣ
gode	ˈɡoðə
godmorgen	ɡoˈmɒən
godnat	ɡoˈnat
gods	ˈɡos
godt	ɡɔt
godthåb	ˈɡʌdˌhɔb
gold	ɡɔl
gotisk	ɡotisk
grad	ˈɡʁɑð
grafit	ɡʁɑˈfid
gram	ɡram
grammatik	ɡramatik
grammatiker	ɡramatikər
gran	ˈɡʁɑn
grangivelig	ɡʁɑnˈɡivəlid
granskning	ˈɡʁɑnsɡneŋ
grape	ɡrɛjb
gratis	ɡratis
gratulere	ɡʁɑtuˈleʌ
grav	ɡrav
grave	ɡraʋə
gravid	ɡravid
gravsten	ɡravsten
gregoriansk	ɡrɛɡoriansk
grej	ɡraj
greje	ɡrajə
grejer	ɡrajər
grejerne	ɡrajərnə
grejernes	ɡrajərnəs
grejers	ɡrajərs
grejet	ɡrajəð
grejets	ɡrajəðs
grejs	ɡrajs
grel	ɡrɛl
gren	ˈɡrɛn
grene	ˈɡʁænə
grev	ɡrev
greve	ɡrevə
grib	ˈɡʁib
grif	ˈɡʁif
grim	ɡʁɛm
grimassere	ɡrimaserə
grime	ɡrimə
grin	ɡrin
grine	ɡrinə
grinen	ɡrinə
gris	ɡris
grise	ˈɡʁisə
grisede	ˈɡʁisəðə
griser	ˈɡʁisɐ
griset	ˈɡʁisəð
grisk	ˈɡʁisɡ
grotte	ɡrotə
grov	ɡrɔv
gru	ɡru
grube	ɡrubə
grund	ɡʁɔn
grundlag	ɡrɔnlaɡ
grundlov	ˈɡʁɔnˌlɒw
grundlovsdag	ɡrɔnlɔvsdæ
gruppe	ˈɡʁubə
grupperabat	ɡrupərabat
grus	ɡrus
grusom	ɡrusɔm
gryde	ˈɡryðə
gryn	ɡryn
grynet	ˈɡʁynəð
grynt	ɡrønt
grynte	ɡrøntə
gryr	ɡryr
grå	ɡʁɔ
gråd	ˈɡʁɔð
grådig	ɡrɔði
gråhåret	ˈɡrʌˌhɒɒð
gråhærdet	ˈɡrʌˌhaɐdəð
gråne	ɡrɔnə
græd	ˈɡʁað
græde	ˈɡraðə
græder	ˈɡʁaðɐ
grædt	ˈɡʁad
grækenland	ˈɡrɛkənlan
grænse	ˈɡʁansə
græs	ˈɡʁas
græshoppe	ɡrɛshɔpə
græsk	ɡrɛsk
græskar	ˈɡʁasˌkɑ
grævling	ɡrɛvleŋ
grød	ˈɡʁœðˠ
grøft	ˈɡʁœfd
grøn	ɡrœn
grønland	ɡrœnlan
grønlandsk	ɡrœnlansk
grønlænder	ɡrœnlɛnər
grønsvær	ˈɡʁɶnˌsʋɛɐ
grønt	ˈɡʁɶnd
grøntsag	ˈɡʁɶnˌsæ
guanaco	ɡuaˈnɑɡo
gubbe	ˈɡubə
gud	ɡud
gudbarn	ɡudbarn
guddom	ɡuddɔm
guddommelig	ɡuddɔməli
gudenå	ˈɡuðnˌɔ
gudenåen	ˈɡuðnˌɔn
gudløs	ɡudløs
gudskelov	ˈɡusɡəˈlɒw
guirlande	ɡirlandə
guitar	ɡitar
guitarist	ɡitarist
gul	ɡul
guld	ˈɡul
guldet	ˈɡuləð
guldfisk	ɡulfesk
guldsmed	ɡulsmed
guldur	ɡulur
gule	ɡulə
gulerod	ˈɡuləˌʁoð
gulerød	ˈɡuləˌʁœð
gulv	ɡɔl
gulve	ˈɡɔlvə
gulvene	ˈɡɔlvənə
gulvenes	ˈɡɔlvənəs
gulvet	ˈɡɔlvəð
gummi	ɡɔmi
gunst	ˈɡɔnsd
gunstig	ˈɡɔnsdi
gustav	ˈkɔsˌtɑw
gusten	ˈɡusdən
gut	ɡut
guvernørpost	ɡuʋɐˈnøɐˌpʌsd
gyd	ɡyd
gyde	ɡydə
gylden	ɡylən
gylle	ɡylə
gylp	ˈɡylb
gylpe	ˈɡylbə
gylt	ˈɡyld
gymnasium	ɡymnasjɔm
gynækologi	ɡynɛkoloɡi
gyros	ˈɡyʁʌs
gå	ˈɡɔ
gåde	ˈɡɔðə
går	ɡɒr
gård	ɡɔr
gårsdag	ɡɔrsda
gås	ˈɡɔs
gåsen	ˈɡɔsən
gåsepotentil	ɡɔsəpotəntil
gåseøjne	ˈɡɔsəˌʌjnə
gæk	ˈɡɛɡ
gække	ˈɡɛɡə
gæld	ɡɛl
gælde	ɡɛlə
gælle	ɡɛlə
gænger	ˈɡɛŋɐ
gær	ɡɛr
gærdesmutte	ɡɛərsmutə
gæs	ˈɡɛs
gæst	ɡɛst
gætte	ˈɡɛdə
gæv	ˈɡɛw
gø	ɡø
gød	ɡød
gøde	ɡødə
gøgle	ɡɔjlə
gøgler	ɡøjlər
gør	ɡœr
gøre	ɡœrə
gøteborg	ˌɡøtəˈbɔrɡ
ha	ha
hacke	ˈhaɡə
hacker	ˈhaɡɐ
hade	hadə
hadet	ˈhaðəd
hadith	hɑˈdid
haft	ˈhɑfd
hage	haɡə
hagel	haɣəl
hagl	havl
haitianer	haitianər
haitiansk	haitiansk
haj	haj
hal	hal
hale	halə
haler	halər
hall	hɒl
hallo	halɔ
halm	halm
hals	hals
halshugge	halshoɡə
halstørklæde	ˈhalstɶɐˌklɛðə
halte	ˈhaldə
halunk	haˈlɔŋɡ
halv	ˈhal
halvanden	halvˈanən
halvandet	halvˈanəð
halve	ˈhalvə
halvfems	halvˈfɛms
halvfemsindstyve	halvˈfɛmsənsˌtyvə
halvfemte	halvˈfɛmtə
halvfjerde	halvˈfjɛrə
halvfjerds	halvˈfjɛrs
halvfjerdsindstyve	halvˈfjɛrsənsˈtyvə
halvmåne	halmɔnə
halvt	ˈhald
halvtredje	halvˈtreðjə
halvtreds	halvˈtres
halvtredsende	halˈtʁɛsənə
halvtredser	haltrɛsər
halvtredsindstyve	halvˈtresənsˌtyvə
halvtredsindstyvende	halvˈtresənsˈtyvənə
ham	ˈhɑm
hamborg	ˈhɑmbɒ
hammer	hamər
hamp	hamp
hamster	ˈhɑmsdɐ
hamstere	ˈhɑmsdɐɐ
hamsteren	ˈhɑmsdɐɐn
hamsterne	ˈhɑmsdɐnə
hamstre	ˈhɑmsdʁɐ
hamstrer	ˈhɑmsdʁɐ
hamstrere	ˈhɑmsdʁɐɐ
hamstreren	ˈhɑmsdʁɐɐn
hamstrerne	ˈhɑmsdʁɐnə
han	han
handle	hanlə
handske	ˈhanskə
hane	ˈhænə
hang	ˈhɑŋ
hankat	hankat
hannem	ˈhanəm
hannen	hanən
hans	ˈhans
hansen	hansən
har	hɑ
harddisk	ˈhɑdˌdesɡ
hare	harə
harekilling	harəkilenɡ
harke	ˈhɑɡə
harme	harmə
harmoni	harmoni
harmonika	harmonika
harpe	harpə
harsk	harsk
harve	harvə
hash	hasj
hat	had
hav	haw
havde	ˈhæðə
have	ˈhavə
havet	ˈhævəð
havfrue	havfruə
havn	havn
havre	havrə
havørn	ˈhɑwˌɶɐn
hebraisk	hebraisk
hed	ˈheð
hedde	ˈheðə
hede	ˈheðə
hedensk	hedənsk
hedning	hednenɡ
hegemon	hejəmoˈn
hegemonisme	hejəmoˈnismə
hej	hɑj
hejre	hajrɔ
hejse	ˈhɑjsə
hel	hel
helbred	ˈhɛlˌbʁɛð
helbrede	ˈhɛlˌbʁɛðə
held	ˈhɛl
heldig	ˈhɛldi
heldigvis	ˈhɛldiˈvis
helg	helɣ
helgen	ˈhɛljən
helhest	hɛlhɛst
heliotrop	heliotrop
helle	ˈhɛlə
hellig	ˈhɛli
helligdag	ˈhɛliˌdæ
hellige	ˈhɛlii
helliget	ˈhɛliið
helsen	hɛlsən
helsinge	ˈhɛlˌseŋə
helst	hɛlst
helt	hɛlt
heltinde	hɛltenə
helvede	ˈhɛlvedə
hemmelig	hɛməli
hen	ˈhɛn
hende	ˈhɛnə
hendes	ˈhenəs
henne	ˈhɛnə
henriette	ˌhɛnʁiˈɛdə
hense	ˈhɛnˌse
hensigt	ˈhenseɡd
hente	ˈhɛndə
her	hɛr
hera	ˈheʁɑ
herberg	ˈhaɐˌbaɐw
herkomst	ˈhaɐˌkʌmsd
hermeneutisk	hæɐməˈnœwtisɡ
herodot	heʁoˈdod
herre	hɛrə
herreløs	ˈhɛʁəˌløs
herskab	ˈhæɐˌsɡæb
herske	ˈhæɐsɡə
hersker	ˈhæɐsɡɐ
herskere	ˈhæɐsɡɐɐ
herskeren	ˈhæɐsɡɐɐn
herskerne	ˈhæɐsɡɐnə
hertz	hɛrts
hest	ˈhɛsd
hidse	ˈhisə
hierarki	hiarki
hierarkisk	hirarkisk
hieroglyf	hioˈɡlyf
hieroglyffen	hioˈɡlyfn
hieroglyffer	hioˈɡlyfɐ
hieroglyfferne	hioˈɡlyfɐnə
hieroglyfs	hioˈɡlyfs
hige	ˈhiə
hik	hek
hikke	hekə
hilse	hilsə
hilsen	hilsən
himmel	heməl
himmellegeme	heməllɛɣəmə
himmelstormer	heməlstɔrmər
himmerige	ˈheməˌʁiə
hin	ˈhin
hinanden	hinanən
hind	hen
hindbær	henbɛr
hindbærsnitte	ˈhenbæɐˌsnidə
hinde	henə
hinden	henən
hinder	hendər
hindre	hendrə
hinduisme	henduismə
hine	ˈhinə
hingst	ˈheŋsd
hinsides	ˈhinˌsiðəs
hint	ˈhend
hird	ˈhiɐd
historie	historiɘ
hit	hit
hitte	hitə
hittebarn	hitəbarn
hittegods	hitəɡos
hittegodskontor	hitəɡoskontor
hittepåsom	hitəpɔsɔm
hjald	jal
hjalp	ˈjalb
hjelm	jɛlm
hjelme	jɛlmə
hjem	ˈjɛm
hjemlig	jɛmli
hjemme	jɛmə
hjemmeside	jɛməsiðə
hjemve	jɛmve
hjerne	jɛrnə
hjerpe	ˈjæɐbə
hjerte	jɛrtə
hjertens	jɛrtəns
hjerter	jɛrtər
hjertestop	jɛrtəstɔp
hjon	ˈjon
hjord	jɔrd
hjort	jɔrt
hjortekød	ˈjɒdəˌkøðˠ
hjul	jul
hjulpen	ˈjɔlbən
hjulpet	ˈjɔlbəð
hjulpne	ˈjɔlbnə
hjælp	ˈjɛlb
hjælpe	ˈjɛlbə
hjælpen	ˈjɛlbən
hjælpende	ˈjɛlbənə
hjælper	ˈjɛlbɐ
hjælpes	ˈjɛlbəs
hjørne	jœrnə
hob	hob
hobe	hobə
hoben	hobən
hof	hɔf
hofmarskal	hɔfmarsjal
hofteben	hɔftəben
hofteholder	hɔftəhɔlər
hold	ˈhʌl
holde	ˈhʌlə
holden	ˈhʌlən
holdende	ˈhʌlənə
holdent	ˈhʌlənd
holder	ˈhʌlɐ
holdes	ˈhʌləs
holdne	ˈhʌlnə
holdning	ˈhʌlneŋ
holdt	ˈhʌld
holdte	ˈhʌldə
holdtes	ˈhʌldəs
holland	ˈhʌˌlan
hollandsk	ˈhʌˌlansɡ
hollænder	ˈhʌˌlɛnɐ
homer	hoˈmeɐ
homofili	homofili
homofob	homoˈfob
homoseksuel	ˈhomosɛɡsuˌɛl
homøopati	homøopaˈti
honning	hɔnenɡ
honorar	honoˈʁɑ
hop	hɔp
hoppe	hɔpə
hor	hor
horehus	ˈhoɐˌhus
horn	hoɐn
hornhinde	hornhenə
horrorfilm	hɔrrɔrfilm
hors	ˈhɒs
hos	hɔs
hospital	hɔspital
hoste	hostə
hostesaft	hostəsaft
hotdog	ˈhʌdˌdʌɡ
hov	hɔv
hoved	ˈhoəð
hovedbanegård	ˈhoəðbænəˌɡɒ
hovedet	ˈhoəðəð
hovedpine	hovədpinə
hovedpulsåre	hovədpulsɔrə
hovedsag	ˈhoðˌsæj
hovedsagelig	hoðˈsæjəli
hovedstad	ˈhoðˌsdað
hovedstæder	ˈhoðˌsdɛðɐ
hovedsætning	ˈhoðˌsɛdneŋ
hovedtelefon	hoəðteləfon
hovedtørklæde	ˈhoðtɶɐˌklɛðə
hoven	ˈhɒwən
hovmod	hɔwmoð
hovmodig	hɔwmoði
hu	ˈhu
hud	huð
hudfarve	hudfarvə
hudløs	hudløs
hug	hoɡ
hugge	hoɡə
hukommelse	huˈkʌmɭsə
hul	hol
huld	ˈhul
hule	hulə
hulens	huləns
humor	humɔr
humpe	ˈhɔmbə
humør	humør
hun	hun
hund	hun
hundekold	hunəkɔl
hunden	ˈhunn
hundene	ˈhuɳnə
hundestejle	hunəstajlə
hundestjernen	hunəstjɛrnən
hundred	hunrəd
hundrede	hunrədə
hundreder	hunrədər
hundredvis	ˈhunʁʌðˌvis
hunnen	ˈhunn
hunner	ˈhunɐ
hurtig	horti
hus	ˈhus
husbond	husbon
husbåd	husbɔd
huse	husə
husgeråd	ˈhusɡeˌʁɔð
husk	husk
huske	ˈhusɡə
husleje	ˈhusˌlɑjə
huslig	husli
husmand	husman
husstand	ˈhusˌsdan
hvad	ʋæð˕ˠ
hval	ˈval
hvalp	ˈʋalb
hvas	vas
hvede	ˈveðə
hvedebrød	ˈʋeðˠəˌbʁœðˠ
hvedemel	ˈʋeðˠˌmel
hvem	vɛm
hvepsetalje	vɛbsətaljə
hver	ˈvɛr
hverandre	vɛrandrə
hverdag	ˈvæɐˌdæ
hverken	vɛrkən
hvermand	ˈvɛɐˌman
hverv	ˈvæɐw
hverve	ˈvæɐwə
hvi	vi
hvid	ˈvið
hviderusser	vidərusər
hvidovre	ˈviðˌɒwʁɐ
hvidt	ˈvid
hvidvin	vidvin
hvil	vil
hvile	ˈvilə
hvilke	ˈvelɡə
hvilken	ˈvelɡən
hvilket	ˈvelɡəð
hvirveldyr	virvəldyr
hvis	ves
hviske	ˈʋesɡə
hvisken	ˈʋesɡən
hvo	vo
hvor	vɒ
hvordan	ʋʌˈdan
hvorfor	ˈvofɔ
hvorledes	vɔrledɘs
hvornår	vɒˈnɒ
hvæse	vɛsə
hvæsse	vɛsə
hybris	hybris
hydrat	hydrat
hydrere	hydrerə
hygge	hykə
hyggelig	ˈhyɡəli
hykle	ˈhyɡlə
hykler	ˈhyɡlɐ
hykleri	hyɡlɐʁi
hyklerisk	hyɡlɐʁi
hylde	hylə
hyle	hylə
hylle	hylə
hymne	hymnə
hyppig	hypi
hyrde	ˈhyadə
hyre	ˈhyʌ
hyt	hyt
hytte	hytə
hyttede	hytəðə
hyttefad	hytəfað
hytten	hytən
hyttens	hytəns
hytteost	hytəost
hytter	hytər
hytterne	hytərnə
hytternes	hytərnəs
hyttes	hytəs
hyttet	hytəð
håb	hɔb
håbe	hɔbə
hån	hɔn
hånd	hɔn
håndgemæng	hɔnɡemɛnɡ
håndjern	hɔnjɛrn
håndklæde	ˈhʌnˌklɛðə
håndtaske	hɔntaskə
håndværk	ˈhʌnˌʋaɐɡ
håndværker	ˈhʌnˌʋaɐɡɐ
hår	hɔr
hårbørste	hɔrbœrstə
hård	hɒ
hårdt	ˈhɒd
hårfin	hɔrfin
hæder	hɛdər
hæderlig	ˈhɛðʌli
hæfte	hɛftə
hæl	ˈhɛl
hæle	ˈhɛlɐ
hæler	ˈhɛlɐ
hæleren	ˈhɛlɐɐn
hæmatologi	hɛmatoloˈɡi
hænde	hɛnə
hænder	ˈhɛnɐ
hæng	ˈhɛŋ
hænge	ˈhɛŋə
hænger	ˈhɛŋɐ
hængt	ˈhɛŋd
hængte	ˈhɛŋdə
hæretiker	hɛˈʁɛtiɡʌ
hærg	ˈhaɐwəð
hærge	hɛrɣə
hærgede	ˈhaɐwəðə
hærgende	ˈhaɐwənə
hærger	ˈhaɐwɐ
hærget	ˈhaɐwəð
hæslig	ˈhɛsli
hætte	ˈhɛdə
hæv	hɛv
hævd	hɛvd
hævde	hɛvdə
hæve	hɛvə
hævn	hɛvn
hævne	ˈhɛwnə
hævngerrig	hɛvnɡɛri
hø	hø
høde	høðə
høg	høɣ
høj	hɔj
højde	hɔjdə
højdepunkt	hɔjdəpoŋt
højforræderi	ˈhʌjfʌʁaðɐˌʁi
højlund	hɔjlond
højre	hɔjrə
højredrejning	ˈhʌɪʌˌdʁɑɪniŋ
højst	hɔjst
højtaler	højtalər
højttaler	højtalər
højtysk	ˈhɔjtysk
høker	høkər
høkre	høkrə
høl	høl
høne	hœnə
høns	hœns
hør	hœr
høre	ˈhøʁə
hørelse	hørəlsə
høretelefon	hørəteləfon
hørfrøolie	ˈhɶɐˌfʁœˌoljə
høst	høst
høstak	høstak
høste	høstə
høvl	høvl
høvle	høvlə
ibenholt	ˈibənˌhʌld
iblandt	iˈbland
idiomatisk	idiomatisk
idræt	ˈiˌdʁad
idyl	iˈdyl
idyllisk	idylisk
idé	iˈde
ifølge	iføljə
iføre	ˈiˌføʌ
igennem	iɡɛnəm
igle	ˈilə
iglo	ˈiɡlo
ignorant	injoˈʁɑnd
ignorere	injoˈʁɛɐ
ignorerede	injoˈʁɛɐðə
ignorerer	injoˈʁɛɐ
ignoreret	injoˈʁɛɐð
igæld	ˈiɡɛl
ihjel	ijɛl
ihukomme	iˈhuˌkʌmə
ihukommelse	iˈhuˌkʌmɭsə
ikke	ˈeɡə
iklæde	ˈiˌklɛðə
ild	il
ilddåb	ildɔb
ilde	ilə
ildebrand	iləbran
ilder	ˈilʌ
ildflue	ilfluə
ildhu	ilhu
ildkugle	ilkulə
ildløs	illøs
ildsjæl	ilsjɛl
ildslukker	ˈilˌslɔɡɐ
ildsted	ilstɛð
ildsvåde	ilsvɔðə
ile	ˈilə
ilt	ilt
ilte	iltə
ilter	iltər
imellem	imɛləm
imens	iˈmɛns
imidlertid	iˈmiðˠlʌˌtiðˠ
imitere	imiterə
immigrant	imiˈɡʁɑnd
immigration	imiɡrasjon
immigrere	imiɡrɛrə
imod	iˈmoð
imperium	emˈpeɐiɔm
imponere	empoˈneɐ
imponerede	empoˈneɐðˠə
imponeres	empoˈneɐs
imposant	emposant
impulsiv	impulsiv
incel	ˈenˌsɛl
incidens	ensiˈdens
indavl	enavl
indbilde	enbilə
indbildning	ˈenˌbilniŋ
indbygger	ˈenˌbyɡɐ
inddrage	-ˌdʁɑwə
inde	ˈenə
indebrændt	indebrændt
indenlands	enənlans
indenlandsk	enənlansk
indflydelse	enflyðəlsə
indgang	ˈenˌɡɑŋ
indhøste	enhøstə
indianer	indiˈanər
indimellem	enimɛləm
individ	endivid
indkomst	enkɔmst
indlemme	enlɛmə
indlysende	enlysənə
indoeuropæisk	endoøwroˈpɛisk
indolens	endoˈlɛns
indolent	endoˈlɛnd
indre	endrə
indrømme	ˈenˌʁɶmə
indrømmelse	ˈenˌʁɶməlsə
indspist	ˈenˌsbisd
indtale	-ˌtælə
indtil	ˈente
indtægt	ˈenˌtɛɡd
indvortes	envɔrtəs
infektion	enfɛɡˈɕon
infinitesimalregning	ˌenfiˌnitesiˈmælˌʕɑɪneŋ
inflation	enflaˈɕon
ingen	ˈenɡən
ingeniør	ensjənˈjøɐ
ingenting	ˈeŋənˌteŋ
ingrediens	enɡʁɛˈdjɛns
inn	ɪn
insekt	ensɛkt
inspektrice	ensbɛɡˈtʁisə
inspektør	ensbəɡˈtøɐ
institut	ensdiˈtud
intelligent	enteliɡɛnt
interessant	entʁəˈsand
interesse	entərrasə
interessere	entʁɐˈseɐ
international	ˈentɐnaɕoˈnæl
internere	entæɐˈneʌ
intervention	entərvənsjon
intetkøn	ˈendəðˌkœn
intrigant	entʁiˈɡand
intrige	enˈtʁiə
intrigere	entʁiˈɡeʌ
introducere	entroduserə
introduktion	entroduɡˈsjon
inuit	inuˈid
ir	ˈiɐ
irer	ˈiɐ
irland	ˈiɐˌlan
ironi	ironi
irrationel	ˈiʁɑɕoˌnɛl
irritabel	iritabəl
irriterende	iɐiˈteɐnə
irsk	ˈiɐsɡ
is	ˈis
iscenesætte	isenəsɛtə
islam	ˈislɑm
islænding	islɛnenɡ
ispind	ispend
issyl	ˈisˌsyl
istanbul	ˈistanbul
iste	iste
ister	ˈisdʌ
isvin	ˈisˌʋin
især	iˈsɛɐ
italesætte	italəsɛtə
italesættelse	italəsɛtəlsə
italien	iˈtæljən
italiener	italˈjɛnɐ
italiensk	italˈjɛnsɡ
itu	itu
iver	ivər
ivrig	ivri
ja	ja
jade	jadə
jag	jaɡ
jage	ˈjaɣə
jakkesæt	ˈjakəˌsɛt
jalousi	ɕaluˈsi
jaloux	sjalu
jamaica	ɕamɑjˈka
januar	ˈjanuˌɑ
japaner	japanər
japansk	japansk
jarl	ˈjarl
jasmin	sjasmin
jeg	jɑj
jeger	ˈjɑjɐ
jegerne	ˈjɑjɐnə
jegernes	ˈjɑjɐnəs
jeget	ˈjɑjəð
jegets	ˈjɑjəðs
jegs	ˈjɑjs
jensen	jɛnsən
jer	jɛɐ
jeres	ˈjɛɒs
jern	ˈjɛɐn
jernbane	ˈjaɐnˌbænə
jernbanefløjl	jɛrnbanəfløjl
jernbaneoverskæring	ˈjæɐnˌbænəˌɒʊʌˌsɡɛɐeŋ
jernbanespor	ˈjæɐnˌbænəˌsboɐ
jernbanevogn	ˈjæɐnbænə-
jernene	ˈjaɐnənə
jernenes	ˈjaɐnənəs
jernet	ˈjaɐnəð
jespersen	ˈjɛsbərsən
jesus	ˈjesus
jiddisch	jidish
jo	jo
job	ˈdjʌb
jodle	jɔdlə
johannes	joˈhanəs
joho	jɔˈhɔʊ
joke	ˈdjɔwɡ
jomfru	jɔmfru
jomfruelig	jɔmfruəli
jomfrufødsel	jɔmfruføsəl
jonglør	ɕʌŋˈløɐ
jord	ˈjoɐ
jordbær	ˈjorˌbɛr
jordisk	jordisk
jordnød	ˈjoɐˌnøðˠ
jordnøddeolie	ˈjoɐˌnøðˠˌoljə
jordnøddesmør	jornødesmœr
jordskælv	jorskɛlv
jordsmon	ˈjoɐsˌmɔn
journalistik	jornalisˈtik
jubilæum	jubilɛɔm
juice	ˈdjus
jul	ˈjul
juleaften	juləaftən
julefrokost	ˈjuləˌfʁɔɡʌsd
julekort	julekɔrt
julelys	juləlys
julemand	ˈjulemæ
juletræ	julətrɛ
juli	ˈjuli
jungle	djɔnɡlə
juni	ˈjuni
jura	jura
juridisk	juriðisk
jurist	jurist
juvel	juvel
juveler	juvɘler
jyde	ˈjyðə
jylland	ˈjyˌlæn
jysk	ˈjysɡ
jytte	jytə
jæger	ˈjɛjʌ
jætte	ˈjɛdə
jættestue	jɛtəstuə
jævn	jɛvn
jævne	ˈjɛwnə
jævnfør	jɛvnfør
jævnføre	jɛvnførə
jævnstrøm	ˈjɛʊnˌsdʁɶm
jøde	jødə
jødinde	jøðenə
jørgen	ˈjœrən
kadet	kaˈdɛd
kadi	ˈkædi
kaffe	ˈkɑfə
kaffebønne	ˈkɑfəˌbœnə
kaffekande	kafɘkanɘ
kag	ˈkæj
kage	ˈkajə
kager	ˈkæjɐ
kagers	ˈkæjɐs
kagle	ˈkɑʊlə
kaj	kaj
kaje	ˈkɑjə
kakao	kakao
kakaosmør	kaˈkæoˌsmɶɐ
kakkel	kakəl
kakkelovn	kakəlɔvn
kakofoni	kakofoni
kaktus	kaktus
kalender	kaˈlɛnɐ
kalif	kaˈlif
kalifat	kaliˈfæd
kalv	kalv
kamme	kamə
kammer	kamər
kampsport	ˈkɑmbˌsbɒd
kan	ˈkan
kanalje	kaˈnaljə
kanapé	kanape
kandestøber	kanəstøbər
kanel	kanel
kanelsnegl	kaˈnelsnɑɪl
kanin	kaˈnin
kanonisere	kanoniˈseʌ
kaos	ˈkæʌs
kapel	kaˈpɛl
kapers	kapərs
kapitel	kapitəl
kappe	kapə
kaprifolie	kɑbʁiˈfoljə
kapring	kaprenɡ
kaptajn	kɑbˈtɑjn
kar	ka
karakter	karakter
karakteristisk	kɑkteˈʁistisk
karantæne	kɑɑnˈtɛnə
karikatur	kɑikaˈtuɐ
karisma	karisma
karl	karl
karle	ˈkɑlə
karm	ˈkɑm
karnap	kaˈnɑb
karpe	karpə
karry	kari
kartoffel	kɑˈtɔfəl
kasserolle	kasərɔlə
kastanje	kastanjə
kaste	ˈkasdə
kastel	kastɛl
kaster	kastər
kastration	kasdʁɑˈɕon
kat	kat
katarsis	kaˈtɑsis
katastrofe	katastrofə
kateder	katedər
kattejammer	katəjamər
katten	ˈkatən
kaudervælsk	kavdərvɛlsk
kavaleri	kaʋaləˈʁi
kavalerist	kaʋaləˈʁisd
kaviar	kaviar
kebab	keˈbɑb
ked	ˈkeð
kedel	kedəl
kedsom	ˈkeðˌsʌm
kedsomhed	ˈkeðsʌmˌheð
kedsommelig	keðˈsʌməli
kejserinde	kɑjsʌˈenə
kejsersnit	kajsərsnit
kejthåndet	kajthɔnəd
kel	kel
kende	ˈkɛnə
kendeord	ˈkɛnəˌoɐ
kendetegn	ˈkɛnəˌtɑjn
kendetegne	ˈkɛnəˌtɑjnə
kendt	ˈkɛnd
kendte	ˈkɛndə
keramik	keɑˈmiɡ
kere	kerə
kerne	ˈkaɐnə
kernekraft	ˈkaɐnəˌkʁɑfd
kernekraftværk	ˈkaɐnəkʁɑfdˌʋaɐɡ
kerte	kɛrtə
kerub	keˈʁub
ketchup	ˈkɛdɕub
keton	keˈton
ketsjer	kɛtsjər
kierkegaard	ˈkiɐkəˌkɒ
kigge	kikə
kikke	kikə
kikkert	kikərt
kiks	ˈkiɡs
kil	kil
kilde	kilə
kilder	kilər
kildre	ˈkilʁʌ
kile	kilə
kileskrift	kiləskreft
killing	kilenɡ
kim	kim
kind	ken
kinesisk	ˈkinɛsisɡ
kirke	ˈkiɐɡə
kirsten	ˈkiɐsdn
kirtel	ˈkiɐdəl
kiste	kistə
kives	ˈkivəs,ˈkiʊs
kiwi	kivi
kjole	ˈkjolə
klage	ˈklæjə
klammeri	klɑmʌˈʁi
klan	klan
klapperslange	klapərslanɡə
klapvogn	klapvoɡn
klar	ˈklɑ
klare	klarə
klassiker	ˈklasiɡɐ
klassisk	ˈklasisɡ
klaviatur	klaʋiaˈtuɐ
klejn	klajn
klemme	ˈklemə
klient	kliˈɛnd
klientel	kliəntɛl
klipse	ˈklebsə
klitoris	klitoris
kloakdyr	kloˈɑɡˌdyɐ
klods	ˈklʌs
klog	klɔʊ
klogskab	ˈklɔwˌsɡæb
klokke	klɔkə
klokken	klɔkən
klokkeren	klɔkəren
klokkeslæt	ˈklʌɡəˌslɛd
klor	klor
kloroform	klooˈfɒm
kloster	ˈklʌsdɐ
klovn	klɔvn
klovne	klɔvnə
klud	ˈkluð
kludder	kludər
kludre	kludrə
klumme	ˈklɔmə
klynge	klønɡə
klæd	ˈklɛ
klæde	ˈklɛðə
klædende	ˈklɛənə
klæder	ˈklɛðɐ
klæderne	ˈklɛðɐnə
klædernes	ˈklɛðɐnəs
klæders	ˈklɛðɐs
klædes	ˈklɛðəs
klædet	ˈklɛðəd
klædets	ˈklɛðəds
klædt	ˈklɛd
klædte	ˈklɛdə
klædtes	ˈklɛdəs
klæg	ˈklɛj
klør	klør
kløve	kløvə
kløver	kløvər
knagende	knajənə
knald	knal
knalde	knalə
knap	knap
knar	ˈknɑ
knarr	ˈknɑ
knejpe	ˈknɑjˌpə
knejpen	ˈknɑjˌpən
knejpens	ˈknɑjˌpəns
knejper	ˈknɑjˌpɐ
knejperne	ˈknɑjˌpɐnə
knejpernes	ˈknɑjˌpɐnəs
knejpers	ˈknɑjˌpɐs
knejpes	ˈknɑjˌpəs
kneppe	knɛpə
kniv	kniv
kno	kno
knob	knob
knogle	knɔɡlə
knor	ˈknoɐ
knud	ˈknuð
knurre	knorə
knus	knus
knusende	knusənə
knægt	ˈknɛɡd
knække	ˈknɛɡə
ko	ko
koagulere	koaɡulerə
kobber	kovər
kobberrør	ˈkɒʊɐˌʁɶɐ
koben	koben
kodde	ˈkʌðə
koefficient	koəfiˈɕɛnd
koffein	kɔfəin
koge	kɔɣə
koger	kɔɣər
kogger	kɔɣər
kogle	ˈkɒwlə
kognat	kɒwˈnæd
kognatisk	kɒwˈnætisɡ
kogt	ˈkʌɡd
kogte	kɔktə
kok	kɔɡ
kokosnød	kokosnød
kokosolie	ˈkoɡosˌoljə
kold	kɒl
koldbrand	kɔlbran
koldt	ˈkʌld
kolerisk	kolerisk
kolibri	kolibri
kollega	ˈkoleka
kolleger	ˈkolejɐ
kollegium	koˈleɡjɔm
kollektion	koləɡˈɕon
kollektrice	kʌləɡˈtʁisə
kollektør	kʌləɡˈtøɐ
koloenorm	koloenɔrm
kolonial	koloniˈæl
kolonialisme	kolonialismə
kolonorm	kolonɔrm
kolos	kolɔs
kolossal	kolosal
kom	ˈkʌm
koma	koma
komedie	koˈmeðjə
komisk	ˈkomisɡ
komme	ˈkʌmə
kommen	ˈkʌmm
kommentar	koməntar
kommer	ˈkʌmɐ
kommet	kɔməd
kommode	koˈmoðˠə
kompagnon	kompanjɔnɡ
kompleks	kʌmˈplɛɡs
komplet	komplɛt
komposition	komposisjon
kompost	kompɔst
kompromittere	kʌmpʁomiˈteʌ
komtesse	kɔmtɛsə
koncept	kɔnsɛpt
koncert	kɔnsɛrt
konditor	kɔnditər
kondom	kɔndom
kondor	kʌnˈdoɐ
kone	ˈkonə
konfekt	kɔnˈfɛɡd
kong	kɔnɡ
konge	kɔnɡə
kongeblå	kɔnɡəblɔ
kongerige	kɔnɡəriə
kongruens	kɔnɡruɛns
konjunktion	kɔnjonksjon
konkurs	kɔnɡkurs
konsekvens	kɔnsəkvɛns
konsensus	kɔnsɛnsus
konservativ	konsɛrvativ
konservator	kɔnsɛrvatər
konspiration	kʌnsbiɑˈɕon
konstantinopel	kɔnstantiˈnopəl
konstruktion	konstruksjon
konsultere	kʌnsulˈteʌ
kontakt	kɔnˈtɑɡd
kontinuitet	kɔntinuitet
kontor	kɔnˈtoɐ
kontrovers	kɔntrovɛrs
konvoj	kɔnvøj
kop	kop
koparret	ˈkʌbˌɑɑð
kopiere	koˈpjeɐ
kopper	ˈkʌbɐ
kopulere	kopulerə
kor	kor
koreansk	koreansk
kork	kɔrk
korkeg	kɔrkeɡ
korn	korn
korps	kɔrps
korrigere	kɔriɡerə
kors	kɔrs
korset	kɔrsɛt
korsfæste	ˈkɒsˌfɛsdə
korsfæstelse	ˈkɒsˌfɛsdəlsə
korskilde	ˈkɒsˌkilə
kort	kɔrt
kost	ˈkʌsd
kostume	koˈsdymə
kovs	kɔvs
krabbe	ˈkʁɑbə
kradse	krasɘ
kraft	ˈkʁɑfd
kraftværk	ˈkʁɑfdˌʋaɐɡ
krage	ˈkraɡə
krammer	ˈkʁɑmɐ
krans	krans
kransekage	ˈkʁɑnsəˌkæjə
krav	krav
kravle	kravlə
kreativ	ˈkʁɛaˌtiw
krebs	ˈkʁabs
kreds	ˈkʁɛs
kredse	ˈkʁɛsə
kredsen	ˈkʁɛsn
kreta	ˈkʁɛta
krig	ˈkʁi
kriger	kriɡər
krigshelt	krishɛlt
krigstid	ˈkʁisˌtið
krikke	ˈkʁɛɡə
kriminel	kriminɛl
krise	krisə
kristen	ˈkʁɛsdən
kristendom	ˈkʁɛsdənˌdʌm
kristenhed	ˈkʁɛsdənˌheð
kristian	ˈkʁæsdjan
kristne	ˈkʁɛsdnə
kriterium	kriteriɔm
kro	kʁo
kroatisk	kroatisk
krog	krɔɡ
kroge	krɔɡə
krokodilletåre	kʁoɡəˈdiləˌtɒɒ
krokus	ˈkʁoɡus
kromatografi	kʁomatoɡʁɑˈfi
kromosom	kʁomoˈsom
krone	ˈkʁonə
kronprins	kronprɛns
kronprinsesse	kronprɛnsɛsə
krop	krɔp
kropslig	krɔpsli
krudt	krut
krukke	ˈkʁɔɡə
krus	krus
kruse	krusɘ
kryb	kryb
krybdyr	krybdyr
krybe	krybə
krybskytte	krybskøtə
krydderbolle	kryðərbɔlə
kryddernellike	kryðərnelekə
kryddersild	kryðərsil
krydderurt	kryðərurt
krydre	kryðrə
kryds	krys
krydse	krysə
krydsermissil	krysərmisil
kryster	krystər
kræft	ˈkʁæfd
kræfter	ˈkrafdɐ
kræfterne	ˈkrafdɐnə
kræfternes	ˈkrafdɐnəs
kræmmer	ˈkʁɑmɐ
krænke	ˈkʁaŋɡə
krænkelsesparat	ˈkχɑjŋklsəspɒˈʁɒt
kræs	ˈkʁɛs
kræse	ˈkʁɛsə
kræsen	ˈkʁɛsn
kræset	ˈkʁɛsəð
kræve	krɛvə
krævede	krɛvəðə
krævet	krɛvəð
krøsus	krøsus
kubikmeter	kubikmetər
kugle	kulə
kugleramme	kulɔramə
kul	kol
kulde	kulə
kuldegysning	kuləɡysnenɡ
kuldioxid	koldiɔksið
kuldkaste	kulkastə
kule	kulə
kuller	kulər
kult	ˈkuld
kultivere	kultiˈveɐ
kulturchok	kultursjɔk
kulturrevolution	kulturrɛvolusjon
kultus	ˈkultus
kultveilte	koltveiltə
kulør	kulør
kulørt	kulørt
kun	ˈkɔn
kunde	konə
kundgøre	ˈkɔnˌɡɶʌ
kundskab	ˈkɔnˌsɡæb
kunne	ˈkunə
kunnen	ˈkunən
kunnet	ˈkunəð
kunst	ˈkɔnsd
kunstgalleri	konstɡaləri
kunstner	ˈkonsdnɐ
kure	kurə
kurer	kurɛr
kuriøs	kuriøs
kurv	kurv
kusine	kusinə
kusk	kusk
kusse	kusə
kustode	kastodə
kutyme	kutymə
kuvert	kuˈvɛɐd
kvad	kvad
kvaj	ˈkʋɑj
kvaje	ˈkʋɑjə
kval	ˈkvæl
kvalt	ˈkʋæld
kvalte	ˈkʋældə
kvan	kvæn
kvark	kvark
kvart	ˈkʋɑd
kvartal	kʋɑˈtæl
kvartalsvis	kʋɑˈtælsˌʋis
kvarte	ˈkʋɑdə
kvarten	ˈkʋɑdən
kvarter	kʋɑˈteɐ
kvartet	kʋɑˈtɛd
kvartets	kʋɑˈtɛds
kvartetten	kʋɑˈtɛdən
kvartetter	kʋɑˈtɛdɐ
kvartetterne	kʋɑˈtɛdɐnə
kvarts	ˈkʋɑds
kvase	ˈkvæsə
kvik	kvik
kviksølv	ˈkvikˌsølv
kvinde	ˈkvenə
kvinden	ˈkvenən
kvindfolk	ˈkvenfʌlɡ
kvit	kvit
kvæde	ˈkvɛðə
kvæg	ˈkʋɛj
kvæge	ˈkʋɛjə
kvæk	kvæk
kvækerfinke	ˈkvɛɡʌˌfeŋɡə
kvække	kvɛkə
kvæl	ˈkʋɛl
kvæld	ˈkʋɛl
kvæle	ˈkʋɛlə
kvælende	ˈkʋɛlənə
kvæler	ˈkʋɛlɐ
kvælstof	ˈkʋɛlˌsdʌf
kvær	kvɛr
kværke	kvɛrɡə
kykkeliky	kykəliky
kyklop	kyˈklob
kyl	kyl
kylling	ˈkyleŋ
kynisk	kynisk
kynofobi	kynofoˈbi
kynologi	kynoloˈɡi
kys	køs
kyse	ˈkysə
kysk	kysk
kysse	køsə
kyst	køst
kystlinje	køstlenjə
kåd	ˈkɔð
kål	kɔl
kår	ˈkɒ
kåre	ˈkɒɒ
kæde	kɛðə
kæft	ˈkɛfd
kæk	kɛk
kæl	kɛl
kælder	kɛlər
kæledyr	ˈkɛləˌdyr
kælling	kɛlenɡ
kæltring	ˈkɛltʁɛŋ
kælve	ˈkɛlvə
kæmme	ˈkɛmə
kæmpe	kɛmbə
kæmpehagl	kɛmpəhaɡl
kænguru	kɛnɡuru
kæp	kɛp
kær	kɛr
kære	ˈkɛrə
kæreste	ˈkaɐsdə
kærlig	ˈkɛɐli
kærlighed	ˈkɛrliˌhed
kærne	ˈkaɐnə
kærnemælk	kɛrnəmɛlk
kærte	kɛrtə
kærtegne	ˈkɛɐˌtɑɪnə
kætter	ˈkɛdʌ
köln	ˈkøln
kø	kø
køb	ˈkøb
købe	ˈkøbə
københavn	købənˈhɑwn
køber	ˈkøbɐ
købet	ˈkøbəð
købmand	ˈkøˌman
købslå	ˈkøbˌslɔ
købstad	købstað
købt	ˈkøbd
købte	ˈkøbdə
kød	køð
kødet	ˈkøðəd
kødets	ˈkøðəds
køds	ˈkøðs
køer	kør
køkken	ˈkøɡŋ
køkkener	ˈkøɡnɐ
køkkenet	ˈkøɡnəð
køkkenmødding	ˈkøɡŋˌmøðeŋ
køl	køl
køle	kølə
køleskab	ˈkøləˌsɡæb
kølsvin	kølsvin
køn	ˈkœn
køre	kørə
kørende	ˈkøɐnə
kører	ˈkøɐ
køretøj	ˈkøɐˌtʌj
køretøjet	ˈkøɐˌtʌjəð
kørsel	kørsəl
kørt	ˈkøɐd
kørte	ˈkøɐdə
kørvel	kœrvəl
labil	labil
laboratorium	lɑboʁɑˈtoɐjɔm
lade	ˈlæðə
lader	ˈlæðɒ
ladet	ˈlaðəd
lag	laɣ
lagde	laɣə
lagdes	ˈlæəs
lager	ˈlaɣər
lagkage	laɡkaɡə
lagt	ˈlɑɡd
lagte	ˈlɑɡdə
lak	lak
lakaj	lakaj
lakonisk	laˈkonisɡ
lakonsk	laˈkonsɡ
lakrids	lakris
laks	laks
lam	lam
lama	ˈlæma
lampe	lampə
land	lan
landet	ˈlanəð
landkrabbe	ˈlanˌkʁɑbə
landmand	ˈlanˌman
landsby	lansby
landskab	lanskab
lang	lanɡ
lange	laŋə
langs	læŋs
laps	laps
larm	larm
larme	larmə
larsen	ˈlɑsn
lasagne	lasanjə
laser	lɛjsər
lasers	lasərs
last	last
latent	latɛnt
latin	laˈtin
latinsk	laˈtinsɡ
latter	ˈladɐ
laurbær	lawrbɛr
laurbærkrans	ˈlɑʊɐbæɐˌkʁɑns
lav	ˈlav
lave	ˈlavə
lavede	ˈlæʋəðə
laven	ˈlɑwn
lavendel	laˈvenl
laver	ˈlɑwɐ
lavet	ˈlɑwəð
le	le
led	leð
lede	ˈleðə
ledelse	ˈleðəlsə
leder	ledər
ledestjerne	ˈleðəˌsdjæɐnə
ledig	ˈleði
ledning	ˈleðneŋ
ledsage	ˈleðˌsæjə
ledsagelse	ˈleðˌsæjəlsə
ledt	leðt
ledte	letə
leg	ˈlɑj
legal	leɡal
lege	lajə
legeme	lɛɣəmə
legemlig	lɛɣəmli
legemlige	lɛɣəmliə
legemligt	lɛɣəmlit
legetøj	ˈlɑɪˌtʌj
legetøjet	ˈlɑɪˌtʌjəð
lej	lɑj
leje	lajə
lejlighed	ˈlɑjliˌheð
lejr	ˈlajr
lejre	ˈlajrə
leksika	ˈlɛɡsika
leksikon	ˈlɛɡsikʌn
leksikoner	ˈlɛɡsiˌkʌnɐ
leksikonet	ˈlɛɡsiˌkʌnəð
lektie	ˈlɛɡɕə
lektion	lɛɡˈɕon
lektor	ˈlɛɡtɐ
lekture	lɛkˈtyʀə
lem	lɛm
lemfældig	lɛmfɛldi
lemme	lɛmə
lemmen	lɛmən
lemmene	lɛmənə
lemmer	lɛmər
lemmerne	lɛmərnə
lemmet	lɛməð
len	ˈlen
leo	leo
ler	ler
lesbisk	ˈlɛsbisɡ
let	ˈlɛd
letargi	letɑˈɡi
letmælk	lɛtmɛlk
lette	lɛtə
lettisk	lɛtisk
lev	lev
leve	ˈleʋə
leven	levən
lever	ˈlewɐ
levere	leverə
leverpostej	ˈlewʌpoˌsdɑj
levn	lɛvn
levne	lɛvnə
levned	lɛvnəð
levnedsmiddel	lɛvnəðsmiðəl
levnet	lɛvnəð
levning	lɛvneŋ
li	ˈli
lian	lian
liberalisme	libəʁɑˈlismə
lide	ˈliðə
liden	liðən
lider	ˈliðɐ
lidet	liðəd
lidt	let
liechtensteiner	ˈliɡdənˌsdɑɪnʌ
lig	ˈli
lige	ˈliə
ligeglad	ˈliəˌɡlaðˠ
ligeledes	ˈliəˌleðˠəs
ligesom	ˈlisʌm
ligestilling	ˈliɡeˌstiliŋ
ligge	ˈleɡə
liggendefæ	ˈleɡənəˌfɛ
lighus	ˌliˈhus
ligne	ˈlinə
lignelse	ˈlinəlsə
lignelsen	ˈlinəlsəs
lignelser	ˈlinəlsɐ
lignelserne	ˈlinəlsɐnə
ligt	ˈliɡd
like	lɑjɡ
likviditet	likvidiˈted
lilje	liljə
lilla	ˈlela
lille	lilə
lilleasien	ˈliləˌasiən
lim	ˈlim
line	linɘ
lineal	lineˈæl
lingvistik	leŋɡviˈstik
link	lenk
linned	lenəd
list	ˈlesd
liste	ˈlesdə
liturgi	liduɐˈɡi
liv	liv
live	livə
livegen	liveɣən
livret	ˈliwˌʁad
livsforsikring	ˈlivsfɔrˌsekrenɡ
livskvalitet	ˈliʊskʋaliˌted
livsstil	ˈliwsˌsdil
lobbye	lɔbiə
lod	lɔd
lodde	lɔdə
loddekolbe	lɔdəkɔlbə
lodden	lɔdən
loft	ˈlʌfd
lokal	lokal
lokale	lokalə
lokke	lɔkə
lokomotiv	loɡomoˈtiw,lɔɡomoˈtiw
lokum	lɔkɔm
lol	lɔl
lolland	lɔlan
lomme	lɔmə
lommetørklæde	ˈlʌmətɶɐˌklɛðə
lort	lort
louise	luisə
lov	ˈlɔv
love	ˈlɔvə
loven	ˈlɔvən
lovlig	ˈlɒwli
lovlige	ˈlɒwlii
lovligt	ˈlɒwlid
lovmæssig	ˈlɒwˌmɛsi
loyal	løjal
loyale	løjalə
lud	ˈluð
ludder	ludər
lude	ludə
luder	ludər
luft	ˈlɔfd
luftkastel	lɔftkastɛl
lugt	ˈlɔɡd
lugte	loɡtɘ
lukaf	lɔɡˈæ
lukke	ˈlɔɡə
lun	lun
lund	lon
lune	lunə
lunge	ˈlɔŋə
lungebetændelse	ˈloŋəbeˌtɛnlsə
lunken	lonɡkən
lurvet	ˈluɐvəð
lut	lut
lutter	lutər
ly	ly
lyd	lyd
lydighed	ˈlyðiheð
lygte	ˈløɡdə
lykke	løkə
lykkelig	løɡəli
lykkeligvis	ˈløɡəliˈvis
lykkes	løkəs
lykønske	ˈløɡˌønsɡə
lykønskning	ˈløɡˌønsɡneŋ
lymfe	lømfə
lyn	lyn
lyne	lynə
lys	ˈlys
lyse	lysə
lyseblå	lysəblɔ
lysegrøn	lysəɡrœn
lyserød	ˈlysəˌʁœð
lyserødt	ˈlysəˌʁœd
lyshåret	lyshɔrəð
lysning	ˈlysneŋ
lyssky	lyssky
lyst	løst
lyste	løste
lysten	løstən
lyster	lystər
lystig	løsdi
lytte	ˈlydə
lyv	lyv
lyve	ˈlyʋə
låg	ˈlɔw
låge	lɔɡə
lån	ˈlɔn
låne	ˈlɔnə
lår	lɔr
lårben	lɔrben
lårt	ˈlɒd
lås	lɔs
læ	ˈlɛ
læder	lɛdər
læg	lɛɡ
læge	lɛɣə
læger	lɛɣər
lægerne	ˈlɛjɐnə
lægge	ˈlɛɡə
lægger	ˈlɛɡɐ
lægt	lɛkt
lægte	ˈlɛɡdə
lækker	lɛkər
læmme	ˈlɛmə
læne	ˈlɛnə
lænestol	lɛnəstol
længde	ˈlɛŋdə
længe	ˈlɛŋə
længes	ˈlɛŋəs
længsel	ˈlɛŋsəl
længtes	ˈlɛŋdəs
lær	lɛr
lærd	ˈlɛɐd
lærde	ˈlɛɐdə
lærdom	ˈlɛɐˌdʌm
lære	ˈlɛɐ
lærer	ˈlɛɐ
lærerinde	lɛrərenə
lærerne	ˈlɛɐnə
lærling	ˈlaɐleŋ
lærred	lɛrəd
lært	ˈlɛɐd
lærte	ˈlɛɐdə
læs	ˈlɛs
læse	ˈlɛsə
læsehest	lɛsəhɛst
læser	ˈlɛsɐ
læsesal	ˈlɛsəˌsæl
læsion	lɛˈsjon
læsse	ˈlɛsə
læst	ˈlɛsd
læste	ˈlɛsdə
løb	ˈløb
løbe	løbə
løber	løbər
løbet	ˈløbəð
lød	ˈløð
løg	løj
løgn	ˈlʌjn
løgner	ˈlʌjnɐ
løj	løj
løjer	ˈlʌjʌ
løjpe	lɔjbe
løjtnant	løjtnant
løkke	løkə
løn	ˈlœn
løndom	ˈlœnˌdʌm
lønforhøjelse	lœnfɔrhøjəlsə
lønlig	ˈlœnli
lørdag	ˈlœɐda
løse	ˈløsə
løsen	løsən
løss	løs
løst	ˈløsd
løste	ˈløsdə
løv	løʊ
løve	ˈløvə
løvinde	løvenə
mad	mað
maddike	ˈmaðˠiɡə
madding	madenɡ
madro	ˈmaðʁo
mafioso	mafioso
magasin	maɡasin
mage	ˈmæjə
mageløs	maɡəløs
magen	ˈmæjən
magenta	maˈɡɛnta
mager	ˈmæjɐ
magert	ˈmæjɐd
magnesium	maɡˈnesium
magnus	ˈmaunus
magre	ˈmɑwʁʌ
magt	ˈmɑɡd
magte	ˈmɑɡdə
magten	maɡdən
magter	maɡdər
maile	mɛjlə
maj	maj
majonæse	majonɛsə
majsolie	ˈmɑɪsˌoljə
makron	makron
maksime	maksimə
male	ˈmalə
maler	malər
malke	ˈmalɡə
malle	ˈmalə
malm	malm
malmø	ˈmalmø
malstrøm	malstrœm
malte	mɛltsə
man	man
mand	man
mandag	ˈmanda
mandel	ˈmanəl
mandelolie	ˈmanlˌoljə
manden	mænn
mandfolk	manfɔlk
mandig	mandi
mane	manə
manen	manən
manga	ˈmɑŋɡa
mange	ˈmɑŋə
mangen	ˈmɑŋən
mangfoldighed	mɑŋˈfʌldiˌheð
mangle	manɡlə
mangrove	mɑŋˈɡʁovə
mangt	ˈmɑŋd
maniodepressiv	manjodeprɛsiv
manke	mankə
manko	manɡko
mannequin	manəˈkɛŋ
manuskript	manuskrɛpt
maori	maˈoʁi
maraca	mɑˈʁɑka
maraton	maratɔn
march	ˈmɑɕ
marchere	mɑˈɕeɐ
marcipan	marsipan
mare	ˈmɑɑ
mareridt	ˈmarərit
margarine	mɑɡəˈʁinə
margrete	mɑˈɡʁædə
margrethe	mɑˈɡʁædə
maria	mɑˈʁiæ
mariehøne	mariəhœnə
mark	mark
marked	markəd
marker	markər
markere	markerə
marmelade	maməladə
marsk	marsk
marskal	marsjal
marsvin	marsvin
martre	ˈmɑtʁɐ
marts	marts
martyr	ˈmɑˌtyɐ
mase	masə
maske	maskə
masse	masə
masser	masər
masturbere	masturberɘ
materiale	matrialə
matriarkat	matʁiɑˈkæd
matrone	matronə
mave	mavə
mayonnaise	majonɛsə
med	mɛð
medalje	medaljə
medaljon	medaljɔnɡ
medarbejder	ˈmɛðɑˌbɑjdɐ
medborger	ˈmɛðˌbɒwʌ
meddele	ˈmɛðˌdelə
meddelelse	ˈmɛðˌdellsə
medens	ˈmeðəns
medie	mediə
meditation	meditasjon
medium	mediɔm
medlem	mɛðlɛm
medley	mɛdli
medsammensvoren	svorən
medtrafikant	ˈmɛðtʁɑfiˌkand
megen	ˈmajən
meget	ˈmajəð
meglegård	majləɡɔr
mejeri	mɑjɐˈʁi
mejerier	mɑjɐˈʁiɐ
mejerierne	mɑjɐˈʁiɐnə
mejeriet	mɑjɐˈʁiəð
mejsel	ˈmɑjsəl
mele	ˈmelə
melet	ˈmeləð
mellem	mɛləm
mellemnavn	mɛləmnavn
mellemstation	ˈmɛlmsdaˌɕon
melodigrandprix	melodiɡranpri
memorere	memorerə
men	men
menage	menasjə
mene	menə
mening	ˈmeneŋ
menneske	mɛnəskə
menneskene	mɛnəskənə
mennesker	mɛnəskər
menneskerne	mɛnəskərnə
mennesket	mɛnəskəð
mens	mɛns
menstruation	mɛnsdʁuɑˈɕon
mentor	mɛntər
menu	meˈny
menuen	meˈnyən
mere	merə
meritokrati	meɐitokʁɑˈti
messe	ˈmɛsə
messehagel	mɛsəhaɣəl
mest	mest
mester	ˈmɛstər
metafor	metafor
metal	metal
metallet	metalət
metode	metodə
metodisk	metodisk
mette	ˈmɛtə
mexicansk	mɛɡsiˈkænsɡ
mf	ɛmɛf
micelle	miˈselə
middag	ˈmeda
middel	midəl
middelalderlitteratur	ˈmiðəlalʌlidəʁɑˌtuɐ
middelhavet	midəlhavəd
middelmådig	midəlmɔdi
midler	midlər
midlertidig	ˈmiðlʌˌtiði
midsommer	ˈmiðˌsʌmʌ
midtpunkt	metpoŋt
mig	mɑj
mige	ˈmiə
migræne	miɡrɛnə
mikael	ˈmikæl
mikrobølge	ˈmikʁoˌbøljə
mikrobølgeovn	ˈmikʁobøljəˌɒwn
mild	mil
mile	milə
miljø	miljø
millennium	milɛniɔm
milliard	miliˈɑd
million	miliˈon
min	min
minde	ˈmenə
mindes	ˈmenəs
mindre	mendrə
mine	minə
minedrift	ˈminəˌdʁɛfd
mineral	ˌminəˈʁɑl
minimælk	minimɛlk
minutiøs	minuˈtjøs
mis	mis
misbruge	ˈmisˌbʁuə
mishandle	ˈmisˌhanlə
miskundhed	ˈmisɡonˌheð
mislykkes	ˈmisˌløɡəs
mislykket	ˈmisˌløɡəð
misse	misə
miste	mestə
mistelten	mistəlten
mistænke	ˈmisˌtɛŋɡə
mistænksom	misˈtɛŋɡˌsʌm
misunde	misonə
mit	mit
mjød	mjød
mjølner	ˈmjølnɐ
mobbe	mɔbə
mobber	mɔbər
mobil	mobil
mobilisering	mobiliˈseriŋ
mod	ˈmoð
modbydelig	moðˈbyðəli
mode	modə
modersmål	ˈmoðʌsˌmɔl
modificere	modifiserə
modig	modi
modsat	ˈmoðsæd
modstand	ˈmoðˌsdan
modvillig	moðvili
mogens	ˈmɔʊns
mole	molə
molestere	moləsterə
momentan	momənˈtæn
mon	mon
monarki	monɑˈki
monarkisme	monɑˈkismə
monarkist	monɑˈkisd
monarkistisk	monɑˈkisdisɡ
monne	monə
monoteist	ˌmonoteˈisd
monstro	monstro
montrice	mʌnˈtʁisə
montør	mʌnˈtøɐ
monument	monuˈmɛnd
monumental	monuməntal
mor	moɐ
mord	mor
morder	morder
more	ˈmoʌ
morgen	ˈmɔrən
morgenfrisk	ˈmɒɒnˌfʁæsɡ
morgenmad	ˈmɔrənˌmað
morgenmand	mɔrənmand
mormor	mɔrmor
moro	ˈmoʁo
morskab	ˈmoɐˌsɡæb
morsom	ˈmoɐˌsʌm
moræne	moˈʁɛnə
mos	mos
mose	mosə
moster	mɔstər
motion	mosjon
motivation	motivasjon
motor	motɔr
mountainbike	mavntənbajk
mudder	mudər
muddergrøft	ˈmuðˠɐˌɡʁœfd
muezzin	muɛˈsin
mug	ˈmɔɡ
mujahedin	mudjaheˈdin
muldvarp	ˈmulˌʋɑb
muldvarpe	ˈmulˌʋɑbə
muldvarpen	ˈmulˌʋɑbən
muldvarpene	ˈmulˌʋɑbənə
muldvarper	ˈmulˌʋɑbɐ
muldvarperne	ˈmulˌʋɑbɐnə
mule	mulə
mulig	muli
mulighed	mulihed
muligvis	ˈmuliˈvis
mullah	ˈmula
mums	mɔms
mund	mon
mundharmonika	mɔnharmonika
mundhugges	monhoɡə
mundtlig	montli
munk	ˈmɔŋɡ
munke	ˈmɔŋɡə
munken	ˈmɔŋɡən
munter	mɔntər
munterhed	mɔntərhed
mur	ˈmur
mure	ˈmurə
murer	murər
mus	mus
museer	muˈsɛɐ
museerne	muˈsɛɐnə
museet	muˈsɛəð
museum	muˈsɛɔm
musik	musik
musikfolk	muˈsiɡˌfʌlɡ
musket	muskɛt
musketer	muskəter
muskuløs	muskuløs
musling	ˈmusleŋ
musvåge	ˈmusˌʋɔwə
mut	mut
mutant	mutant
mutter	mɔtər
myg	myɡ
myggenæs	ˈmyɡənɛs
mynde	mønə
myrde	myrdə
myre	myrə
myreflittig	ˈmyʌˈflidi
mysli	mysli
mystik	mysˈdiɡ
mytisk	mytisɡ
må	ˈmɔ
måde	ˈmɔðə
måge	ˈmɔwə
mål	mɔl
måle	mɔlə
måler	mɔlər
målestok	ˈmɔləˌsdʌɡ
målløs	mɔlløs
målmand	mɔlmand
måltid	ˈmɔlˌtið
måne	mɔnə
måned	ˈmɔnəð
månedsvis	ˈmɔnəðsˌvis
månefase	mɔnəfasə
måneformørkelse	mɔnəfɔrmœrkəlsə
måneskin	ˈmɔnəˌsɡen
måske	mɔske
måtte	ˈmɔtə
måttet	ˈmʌdəð
mægtig	mɛɡti
mæle	ˈmɛlə
mælk	ˈmɛlɡ
mælke	ˈmɛlɡə
mælkebøtte	mɛlkəbøtə
mælkechokolade	mɛlkəsjokoladə
mælken	ˈmɛlɡən
mælkevej	mɛlɡəvaj
mælkevejen	ˈmɛlkəʋɑjən
mænd	mɛn
mængde	ˈmɛŋdə
mær	mɛr
mærke	mɛrkə
mærkværdig	mɛrkˈvɛrdi
mæslinger	mɛslenɡər
mø	mø
møbel	møbəl
mødding	ˈmøðeŋ
møde	ˈmøðə
mødes	ˈmøðəs
mødre	ˈmøðʁə
mødte	ˈmødə
mødtes	ˈmødəs
møg	møj
møl	møl
møller	ˈmølʌ
mønster	mønstər
mønstre	mønstrə
mør	ˈmøɐ
mørbrad	ˈmøɐˌbʁɑð
mørk	ˈmœɐk
mørke	ˈmɶɐɡə
mørkeræd	ˈmɶɐɡəˌʁað
mørkhudet	ˈmɶɐɡˌhuðəd
mørkhåret	ˈmɶɐɡˌhɒɒð
mørkning	mœrknenɡ
mørne	mørnə
münchen	ˈmønɕən
nabo	nabo
nadver	ˈnaðvɐ
nagle	nawlə
nairobi	najrobi
naiv	naiv
nakkeost	nakəɔst
nana	ˈnana
napoleonshat	naˈpoljʌnsˌhad
napoli	ˈnæpoli
narko	narko
narkoman	nɑɡoˈmæn
nat	nad
nation	naˈɕon
national	naɕoˈnæl
natklub	natklub
natugle	natulə
natur	natur
naturligvis	naturlivis
naturvidenskab	naˈtuɐviðnˌsɡæb
naturvidenskabsmand	naˈtuɐviðnsɡabsˌman
nav	nav
naver	ˈnævʌ
navle	navlə
navn	ˈnɑwn
navnedag	ˈnɑwnəˌdæ
navneord	ˈnɑwnəˌoɐ
navnlig	ˈnɑwnli
ned	nɛð
nede	nedə
nedenfor	ˈneðənfʌ
nederdel	ˈnɛðɐˌdel
nederdrægtig	nedərdrɛɡti
nedfald	ˈneðˌfal
nedfalde	ˈneðˌfalə
nedprioritere	ˌnedpriɔriˈterə
nedsættende	nedsɛtənə
neger	ˈnejɐ
negl	najl
negligere	neɡliˈɕeʌ
nej	nɛj
neje	najə
nekrose	neˈkʁosə
nektar	nɛktar
nektarin	nɛktarin
nem	nɛm
nemlig	ˈnɛmli
nemme	nɛmə
nervøs	næɐˈvøs
nervøsitet	næɐvøsiˈted
net	nɛt
nettovægt	nɛtovɛɡt
neurologi	nœwʁoloˈɡi
neutron	nøʊˈtʁon
neutrum	ˈnœwtʁɔm
nevada	nɛˈvada
nevø	nevø
newzealandsk	njuˈseˌlansɡ
newzealænder	njuˈselɛnʌ
nexøbo	ˈnɛɡsøˌbo
ngo	ɛnɡeo
ni	ni
nicaraguansk	nikɑʁɑɡuˈænsɡ
nicolai	ˈneɡolaɪ
nicolaj	ˈneɡolaɪ
nid	ˈnið
nidding	ˈniðeŋ
nidkær	ˈniðˠˌkɛɐ
nidstirre	ˈniðˌsdiɐʌ
niece	niɛsə
nigger	ˈneɡʌ
nihilisme	nihiˈlismə
nikke	nike
nikkel	nekəl
nikolai	ˈneɡolaɪ
nikolaj	ˈneɡolaɪ
niks	neɡs
nil	ˈnil
nilen	ˈniln
ninja	ˈnindja
nippel	ˈnebəl
niti	ˈniti
nitte	ˈnitə
nitten	netən
niveau	nivo
nix	neɡs
nobel	ˈnobəl
nogen	ˈnoən
nogensinde	ˈnoɡənˈsenə
noget	nɔəð
nogle	ˈnolə
nok	ˈnʌɡ
nominal	nomiˈnæl
nominativ	nominativ
nominere	nomiˈneɐ
nonbinær	ˈnʌnˌbiˌnɛɐ
nonne	nɔnə
nonsens	nɔnsəns
nor	ˈnoɐ
nord	nor
norden	norən
nordisk	nordisk
nordjylland	ˈnoɐˌjyˌlæn
nordkyst	ˈnoɐˌkøsd
norge	ˈnɒwə
norm	ˈnɒm
normal	nɒˈmæl
norsk	nɔrsk
nu	nu
nukleinsyre	nukleˈinˌsyʌ
nukleon	nukleˈon
nul	ˈnol
nulpunkt	nolpoŋt
numismatiker	numismatikər
nummer	ˈnɔmɐ
numre	ˈnɔmʁɐ
numrene	ˈnɔmʁɐnə
nuttet	nutət
ny	ny
nyd	nyd
nyde	nydə
nydelig	nydəli
nyfigen	nyfiən
nyfødt	ˈnyˌfød
nylig	nyli
nymfe	nømfə
nymodens	nymodɘns
nynne	ˈnønə
nyse	nysə
nysgerrig	ˈnysˌɡæɐi
nysgerrighed	ˈnysˌɡæɐiˌheð
nyt	ˈnyt
nytte	nøtə
nytteløs	nødəløs
nyttig	nøti
nytår	nytɔr
nytårsaften	nytɔsaftən
nytårsdag	nytɔsda
nå	nɔ
nåde	nɔðə
nådig	nɔði
nåede	nɔðə
nået	nɔəð
når	nɒ
næb	ˈnɛb
næbdyr	nɛbdyr
næn	ˈnɛn
nænne	nɛnə
næppe	ˈnɛbə
nær	nɛr
nære	nɛrə
nærhed	nɛrhed
nærig	nɛri
nærkontakt	ˈnɛɐˌkɔnˌtɑkt
næse	ˈnɛsə
næste	nɛstə
næsten	nɛstən
næstmest	ˈnɛstˌmest
nævn	nævn
nævne	nævnə
nød	nød
nøddeskal	nødəskal
nøde	ˈnøðə
nødhjælp	ˈnøðˌjɛlb
nødt	ˈnød
nødte	ˈnødə
nødtørft	ˈnøðˌtɶɐfd
nødtørftig	nøðˈtɶɐfdi
nødvendig	nøðˈʋɛndi
nødvendige	nøðˈʋɛndii
nødvendigt	nøðˈʋɛndid
nødvendigvis	nøðˈʋɛndiʋis
nøgen	nøjən
nøgle	ˈnɔɣlə
nøgleroman	nøjləroman
nøgtern	nøktərn
nøjes	ˈnʌjə
nøkke	ˈnøɡə
nørd	nœrd
nørre	nœrə
nørrebro	nœrəbro
nøs	nøs
nøst	nœst
objektivitet	ʌbjɛɡtiviˈted
oblik	oˈbliɡ
obsidian	ʌbsidiˈæn
od	ˈɔð
odde	ˈɔðə
odder	ɔdər
ode	oðə
odense	ˈoðənsə
odysseus	oˈdysœws
odør	odœr
offentlig	ˈʌfəndli
offentlige	ˈʌfəndliə
offentliggøre	ˈʌfndliˌɡœɐ
offentligt	ˈʌfəndlid
offergøre	ˈʌfɐˌkɶɐ
offergørelse	ˈʌfɐˌkɶɐlsə
ofte	ɔftə
oftest	ɔftəst
og	ʌ
også	ˈʌsə
okse	ɔksə
oksesteg	ɔksəstaj
olav	olɑw
old	ɔl
olddansk	ˈɔldansk
oldefar	ɔləfar
oldemor	ələmor
oldenborre	ˈʌlənˌbɒɒ
oldgræsk	ˈɔlɡrɛsk
oldgræske	ˈɔlɡrɛskə
olding	ɔldenɡ
oldnordisk	ˈɔlnordisk
oldtid	ˈʌlˌtið
oldtidskundskab	ˈʌltiðsˌkɔnsɡæb
olie	ˈoljə
oliven	oˈlivən
olivengren	oˈlivənˌɡrɛn
olivenolie	oˈlivənˌoliə
olympen	oˈlømbən
olympiade	olømˈpjæðə
olympisk	oˈlømbisɡ
om	ˈʌm,ʌm
ombestemme	ʌmbeˈsdemə
ombudsmand	ɔmbuðsman
ombære	ɔmbɛrə
omgang	ˈʌmˌɡɑŋ
omgikkes	ˈʌmˌɡiɡəs
omgåedes	ˈʌmˌɡɔəðəs
omgående	ˈʌmˌɡɔənə
omgås	ˈʌmˌɡɔs
omgængelig	ʌmˈɡɛŋəli
omhyggelig	ʌmˈhyɡəli
omkring	ɔmˈkreŋ
omsonst	ɔmsɔnst
omsorg	ɔmsɔrv
onanere	onanerə
onani	onani
ond	ˈɔn
onde	ˈɔnə
ondskab	ˈɔnˌsɡæb
onkel	ˈonɡəl
onsdag	ˈonsda
op	ˈʌb
opdrage	ɔpdraɡə
opdukke	ˈʌbˌdɔɡə
opfinde	ɔpfenə
opfindsom	ʌbˈfenˌsʌm
opgang	ˈʌbˌɡɑŋ
ophobe	ɔphobə
opholdstilladelse	ˈʌphʌlstseˌlæðlsə
ophøre	ɔphørə
oplagt	ɔplaɡt
oplukke	ˈɔpˌlokə
oplyse	ɔplysə
opmærksom	ˈɔpˌmæɐɡsɒm
opmærksomhed	ʌbˈmæɐɡsʌmˌheð
oppebie	ɔpəbiə
opportun	operˈtun
opretholde	ˈʌbʁadˌhʌlə
oprette	ˈʌbˌʁadə
oprinde	ɔprenə
oprindelig	ɔpˈrenəli
oprindelse	ɔprenəlsə
oprør	ɔprør
oprøre	ɔprørə
opsigt	ɔpsekt
opsigtsvækkende	ɔpsektsvɛkənə
opslag	ɔpslaɣ
opslagstavle	ɔpslaɣstavlə
opslagsværk	ɔpslaɣsvɛrk
opstand	ˈʌbˌsdan
opstandelse	ʌbˈsdanəlsə
opstanden	ʌbˈsdanən
opstige	ˈʌbˌsdiə
opstigen	ˈʌbˌsdiən
opstigende	ˈʌbˌsdiənə
opstå	ˈʌbˌsdɔ
optometrist	ʌbtoməˈtʁisd
optrådt	ˈʌbˌtʁʌd
optrådte	ˈʌbˌtʁʌdə
optrådtes	ˈʌbˌtʁʌdəs
optræd	ˈʌbˌtʁɛð
optræde	ˈʌbˌtʁɛðə
optræden	ˈʌbˌtʁɛðən
optrædende	ˈʌbˌtʁɛðənə
optræder	ˈʌbˌtʁɛðɐ
optrædes	ˈʌbˌtʁɛðəs
opvakt	ˈʌbˌʋɑɡd
opvaskemaskine	opvaskəmaskinə
opvække	ˈʌbˌʋɛɡə
orange	oˈʁɑŋɕə
ord	or
ordblind	orblend
ordbog	orbɔɣ
orden	ɔrdən
ordentlig	ɔrdənli
ordforråd	ˈoɐfʌˌʁɔð
ordføjning	orfɔjnenɡ
ordklasse	orklasə
ordkløver	orkløvər
ordne	ɔrdnə
ordonnans	ɒdoˈnans
ordre	ɔrdrə
ordspil	orspel
ordspillene	orspelənə
ordspillenes	orspelənəs
ordspillet	orspeləð
ordsprog	orsprɔɣ
organisator	ˌɒɡaniˈsætɐ
organisme	ɔrɡanismə
organist	ɒɡaˈnisd
orgasme	ɒˈɡæsmə
orgel	ɒwəl
orgie	ɔrɡiə
orientering	ɔriənterenɡ
orkan	ɒˈkæn
orkestergrav	orkɛstərɡrav
orlov	ˈɒlɒw
orm	orm
orne	ɔrnə
os	ɔs
ost	ˈost
otte	ˈɔtə
ottesang	ˈʌdəˌsɑŋ
otti	ˈoti
ouverture	uvərˈtjʉrə
ouzo	ˈuso
oval	oˈvæl
overbid	ɔvərbid
overfladisk	ˈɒʊɐˌflæðisɡ
overflod	ˈɒwɐˌfloð
overflødig	ɒwɐˈfløði
overfor	ɔvərfɔr
overhovedet	ɔvɐˈhoəð
overkrop	ɔvərkrɔp
overlagt	ˈɒwɐˌlɑɡd
overlegen	ˈɒwɐˌlɑjən
overlevende	ɔvərlevənə
overlægge	ˈɒwɐˌlɛɡə
overmorgen	ɔvərmɔrɡən
overmåde	ˈovɐˌmɔðə
overnatte	ɔvərnatə
overraske	ˈɒwɐˌʁɑsɡə
overskrævs	ɔvərskrɛvs
overskuelig	ɒwɐˈsɡuəli
overspringshandling	ˈɒwʌsbʁɛŋshanleŋ
oversætte	ɔvərsɛtə
oversættelse	ɔvərsɛtəlsə
oversættelseslån	ɔvərsɛtəlsəslɔn
oversætter	ɔvərsɛtər
overtage	ˈɒwʌˌtæ
overtro	ɔvərtro
overveje	ˈɒwɐˌʋɑjə
overvejelse	ˈɒwɐˌʋɑjəlsə
overvejende	ˈɒwɐˌʋɑjənə
overvågningslisten	ˈɒʊɐˌʋɔʊneŋsˌlesdn
overvægt	ˈɒwɐˌʋɛɡd
overvægtig	ˈɒwɐˌʋɛɡdi
overvælde	ɔvərvɛlə
overvættes	ˈɒwɐˌʋɛdə
ovn	ɔvn
oxalsyre	ʌɡˈsælˌsyʌ
ozon	oˈson
padde	ˈpaðə
paddehat	paðəhat
paddel	padəl
pagaj	paɡaj
pagode	pæˈɡoðə
pakken	pakən
palaver	palavɘr
palmeolie	ˈpalməˌoljə
palæ	palɛ
palæstinenser	paləstinɛnsər
palæstinensisk	paləstinɛnsisk
pande	panə
pandekage	panəkaɡə
pander	ˈpanə
panere	panerə
panser	pansər
pap	ˈpɑb
papegøje	papəɡøjə
papir	papir
par	ˈpɑ
paradoks	pɑɑˈdʌɡs
parallel	pɑɑˈlɛl
parallelle	pɑɑˈlɛlə
parallellen	pɑɑˈlɛlən
paralleller	pɑɑˈlɛlɐ
parallellerne	pɑɑˈlɛlɐnə
parallelt	pɑɑˈlɛld
parameter	pɑɑˈmedɐ
paraply	pɑɑˈply
parat	parat
paratakse	parataksə
parcel	pɑˈsɛl
parcelhus	pɑˈsɛlˌhu
parentes	pɑɑnˈtes
paris	pɑˈʁis
park	park
parker	parkər
parre	ˈpɑrə
parti	parti
partikel	partikəl
partnerskab	ˈpɑdnʌˌsɡæb
parvis	ˈparvis
paryk	parøk
passer	pasər
passere	paserə
passiv	pasiv
password	ˈpɑsˌwœd
pasta	ˈpasda
pastel	pastɛl
pastis	paˈsdis
pat	pat
pate	pate
pateen	pateən
patetisk	patetisk
patient	paˈɕɛnd
patte	patə
pattedyr	patədyr
paté	pate
patéen	pateən
paulun	pɑwˈlun
pauver	povər
pave	pavə
peanutbutter	pinɔtbɔtər
peb	ˈpeb
peber	ˈpewɐ
peberkværn	ˈpeʊɐˌkʋæɐn
pebet	ˈpebəð
pedel	pedɛl
peg	paj
pege	pajə
pegefinger	pajəfenɡər
pelikan	peliˈkæn
peloponnes	pelopoˈnes
pels	pɛls
pen	pɛn
pendant	panɡdanɡ
pendul	pɛnˈdul
penge	pɛŋə
penibel	peˈnibəl
penne	pɛnə
penneven	pɛnəvɛn
penning	ˈpɛneŋ
pensel	pɛnsəl
pensum	pɛnsɔm
per	per
perfektionist	pɛrfəksjonismə
periferi	periferi
periodisk	pɛriodisk
periskop	periskop
perker	pɛrkər
perle	pɛrlə
permanent	pæɐmaˈnɛnd
persienne	pæɐˈɕɛnə
perversion	pæɐvæɐˈɕon
pest	pɛst
peter	ˈpetər
petersen	petərsən
pib	ˈpiw
pibe	ˈpibə
piber	ˈpibɐ
piberi	piʊɐˈʁi
pig	piɡ
pige	ˈpiə
pigen	ˈpiɡən
pigesur	ˈpiəsur
pigtråd	piɡtrɔd
pik	pek
pikhoved	pekhoəð
pikke	ˈpiɡə
pil	pil
pile	pilə
pilgrim	pilɡrɛm
pille	ˈpelə
piller	ˈpelɐ
pils	pils
pilt	ˈpild
pincet	pensɛt
pind	pend
pindsvin	pensvin
pine	ˈpinə
piner	pinər
pingpong	penɡpɔnɡ
pinje	pinjə
pinlig	ˈpinli
pinlige	ˈpinlii
pinligere	ˈpinliɐɐ
pinligst	ˈpinlisd
pinligste	ˈpinlisdə
pinligt	ˈpinlid
pinse	pensə
pinselilje	pensəliljə
pip	pip
pirat	pirat
pirke	ˈpiɐɡə
pirre	ˈpiɐʌ
pisse	ˈpesə
pissoir	pesoˈɑ
pistol	pistol
pittoresk	pitoresk
piv	piv
pizza	pitsa
pjat	pjat
pjece	ˈpjɛsə
pjække	ˈpjɛɡə
placere	plaˈseɐ
plade	ˈplæðə
plads	plas
plag	plaɡ
plage	plaɡə
planche	planɡsjɘ
plask	ˈplasɡ
plaske	ˈplasɡə
plast	ˈplasd
plat	ˈplad
platfod	platfod
platfodet	platfodət
platon	ˈplætʌn
plattysk	plattysk
pleje	ˈplajə
plejede	ˈplajəðə
pligt	plekt
plombe	plombə
plombere	plomberə
plyndre	plønrə
podagra	ˈpodaɡʁɑ
pode	ˈpoðə
pog	ˈpɔw
pogrom	poˈɡʁom
point	poˈɛŋ
pointe	poˈɛŋdə
pokal	pokal
poker	ˈpoɡʌ
pokeransigt	pokəranseɡt
pokerfjæs	pokərfjɜs
pokker	ˈpʌɡɐ
pokkers	ˈpʌɡɐs
polak	poˈlɑɡ
polere	poˈleʌ
police	poˈlisə
politi	poliˈti
politibetjent	politibetjɛnt
politik	poliˈtiɡ
politiker	poˈlidiɡɒ
politisk	poˈlidisɡ
politistation	poliˈtisdaˌɕon
polsk	polsk
pomfrit	pʌmˈfʁid
pomp	pɔmp
pondus	ˈpʌndus
ponton	pʌŋˈtʌŋ
porcelæn	pɔrsəlɛn
pore	porə
porno	pɔrno
pornofilm	pɔrnofilm
pornografi	pɔrnoɡrafi
porre	porə
port	ˈport
portræt	pɔrtrɛt
portugisisk	pɔrtuɡisisk
pose	ˈposə
possessiv	ˈpʌsəˌsiw
post	ˈpɔst
postalveolar	ˈpʌsdalveoˌlɑ
postbud	pɔstbud
postbude	pɔstbudə
postfaktuel	ˈpɔsdfɑɡtuˌɛl
postyr	poˈsdyɐ
potentat	potəntat
poul	ˈpɒʊl
pragt	ˈpʁɑɡd
pragtfuld	ˈpʁɑɡdˌful
praksis	ˈpʁɑɡsis
praktisk	ˈpʁɑɡdisɡ
present	prɛsanɡ
presse	ˈpʁasə
pression	prɛˈsjon
prik	prek
primitiv	primiˈtiv
primær	primɛr
princip	prenˈsip
prins	prens
prinsesse	prensɛsə
prioritere	priɔriˈterə
pris	pris
prise	prisə
privat	pʁiˈvæd
proaktiv	proaktiv
probat	probat
procent	pʁoˈsɛnd
producer	prodjusər
producere	produserə
prognose	pʁoˈnosə
prokrastinere	pʁokʁɑsdiˈneʌ
prokrastinering	pʁokʁɑsdiˈneɐeŋ
promiskuitet	pʁomisɡuiˈtet
promiskuøs	pʁomisɡuˈøs
pronomen	pronomən
propel	propɛl
propeller	propɛlər
proper	probər
propylen	pʁopyˈlen
prosadigt	prosadeɡt
prosaisk	prosajisk
protein	ˈpʁotəˈin
protoindoeuropæisk	ˈprotoendoøwroˌpɛisk
proton	pʁoˈton
prud	ˈpʁuð
prut	prut
prutte	ˈpʁudə
prutten	prutən
præcis	prɛˈsis
prædike	prɛðəkə
præfiks	prɛfeks
præge	ˈpʁɛjə
prægnant	prɛjnant
prægtig	ˈpʁaɡdi
præposition	prɛposisjon
præsens	ˈpʁɛsəns
præsent	prɛsɛnt
præsidium	pʁɛˈsidjɔm
præst	ˈpʁasd
prøve	prøvə
prøvelse	ˈpʁœwəlsə
pseudonym	sœvdonym
psyke	sykə
psykiater	syɡiˈædɐ
psykiatri	syɡiaˈtʁi
psykisk	sykisk
psykologi	sykoloɡi
psykose	sykosə
psykotisk	syˈkotisɡ
ptolemæisk	toləˈmɛisɡ
puddel	pudəl
pude	pudə
pudse	ˈpusə
puh	pu
pule	pulə
pulver	pɔlvər
pulvere	pɔlvərə
pulveret	pɔlvərət
pulverne	pɔlvərnə
pumpe	ˈpompə
pund	ˈpun
punkt	poŋt
punktlig	ˈpɔŋdli
punktum	ˈpɔŋtɔm
pupil	pupil
pure	purə
puristisk	puˈʁisdisɡ
purk	ˈpuɐɡ
purløg	purløj
putte	ˈpudə
pygmæ	pyɡmɛ
pyjamas	pyjamas
pynt	pønt
pynte	pøntə
på	pɔ
påfugl	pɔful
påklædning	ˈpʌˌklɛðneŋ
påklædt	ˈpʌˌklɛd
pålagde	ˈpʌˌlæə
pålagt	ˈpʌˌlɑɡd
pålagte	ˈpʌˌlɑɡdə
pålæg	ˈpʌˌlɛɡ
pålægge	ˈpʌˌlɛɡə
pålæggene	ˈpʌˌlɛɡənə
pålægger	ˈpʌˌlɛɡɐ
pålægget	ˈpʌˌlɛɡəð
påmindelse	pɔmendəlsə
påske	ˈpɔsɡə
pædagog	pɛdaˈɡo
pædagogik	pɛdaɡoˈɡiɡ
pæderast	pɛdərast
pædofil	pɛdofil
pæn	pɛn
pæne	pɛnə
pæon	pɛˈon
pøbel	pøbl
pøj	pøj
pølse	ˈpølsə
pønse	ˈpønsə
qua	kva
queer	ˈkwiɐ
quiz	kvis
rabalder	ʁɑˈbalʌ
rabarber	rabarbər
rabat	ʁaˈpæt
race	ˈʁɑsə
racer	ˈʁɛsɐ
rad	ˈʁɑð
radar	ˈʁɑdɑ
radbrække	raðbrɛkə
radbrækket	ˈʁɑðˌbʁaɡəð
radikal	radikal
radioaktiv	radjoaktiv
radiobølge	ˈʁɑdjoˌbøljə
radmager	ˈʁɑðˌmæjɐ
rage	raɣə
ragede	raɣəðə
ragelse	raɣəlsə
rager	raɣər
raget	raɣəð
ragnarok	ˈʁɑwnaˌʁʌɡ
ragout	raɡu
ragouten	raɡuən
ragouter	raɡuər
rak	rak
raki	ˈʁɑki
rakt	ˈʁɑɡd
rakte	ˈʁɑɡdə
ral	ral
ralle	ˈʁɑlə
rambuk	rambɔk
ran	ran
rand	ʁɑn
rande	ˈʁɑnə
randen	ˈʁɑnən
randene	ˈʁɑnənə
randenes	ˈʁɑnənɛs
randens	ˈʁɑnəns
randers	ˈʁɑnɐs
randes	ˈʁɑnəs
rands	ʁɑns
randt	rant
rane	ranə
rang	ranɡ
rappenskralde	ʁɑbənˈsɡʁɑlə
rapsolie	ˈʕɑbsˌoljə
rar	rar
raritet	raritet
ras	ras
rase	rasə
rasmus	ˈrasmus
rasmussen	ˈʁɑsmusn
rat	rat
ratificere	ratifiserə
rationel	ˈʁɑɕoˌnɛl
rav	rav
rave	ravə
ravn	ˈravn
realist	realist
recept	rɛsɛpt
recessiv	ˈʁɛsəˌsiw
recidivere	ʁɛsidiˈveʌ
recidivist	ʁɛsidiˈvisd
recitation	ʁɛsitaˈɕon
recitere	ʁɛsiˈteʌ
red	red
redde	reðə
rede	reðə
redebon	ˈʁɛðəˌbʌn
redigere	rediɡerə
reel	rɛɛl
referendum	rɛfərɛndɔm
reform	reˈfɔrm
refræn	refrɛnɡ
regederlig	ʁɛɡəˈdeɐli
regel	ˈʁɛjəl
regelen	ˈʁɛjlən
regent	ʁɛˈɡɛnd
regering	ræɡerinɡ
regeringsdannelse	reˈɡereŋsˌdanelse
regime	ʁeˈɕimə
reglen	ˈʁɛjlən
regler	ˈʁɛjlɐ
regn	ˈʁɑɪn
regnbue	rajnbuə
regne	ˈrɑjnə
regnskab	ˈʁɑjnˌsɡæb
reje	ˈʁɑjə
rejse	ˈʁɑjsə
rejsebureau	rajsəbyro
rejser	ˈʁɑjsɐ
rejst	ˈʁɑjsd
rejste	ˈʁɑjsdə
reklame	ʁɛˈklæmə
rekonvalescent	ʁɛkʌnvaləˈsɛnd
rektor	rɛktɔr
rekvirere	rɛkvirɛrə
relativ	rɛlativ
religion	ʁɛliɡˈjon
religiøs	reliɡjøs
rem	ˈʁam
remonce	ʁæˈmʌŋsə
remoulade	rɛmuladə
ren	ren
rende	rɛnə
rendte	rɛntə
renlig	renli
renlighed	ˈʁɛnliheð
rensdyr	rɛnsdyr
rense	rɛnsə
rent	rent
rente	rɛntə
reol	reol
reparere	repərerə
repatriering	ˈʁɛpatʁiˌeɐeŋ
repetere	rɛpəterə
repræsentation	rɛprɛsəntasjon
repræsentativ	ʁɛˈpʁɛsəntaˌtiw
republik	ʁɛpuˈbliɡ
republikaner	ʁɛpubliˈkænʌ
resignere	ʁesiˈnjeɐ
resistor	ʁaˈsisdʌ
resonere	rɛsonerə
respektive	respəktivə
ressource	rɛsursə
rest	ˈʁasd
restaurant	ʁɛsdoˈʁɑŋ
restauranten	ʁɛsdoˈʁɑŋən
restauranter	ʁɛsdoˈʁɑŋɐ
resumere	resymerə
resurse	rɛsursə
ret	rɛt
retardere	ʁɛtɑˈdeʌ
retfærd	ˈʁadˌfɛɐ
retirade	ʁɛtiˈʁɑðə
retning	rɛtneŋ
retorik	ʁɛtoˈʁiɡ
retroseksuel	ˈʁetʁosɛɡsuˌɛl
rets	ˈʁads
retslig	rɛtsli
retsløs	rɛtslø
retssal	ˈʁadˌsæl
rette	rɛtə
rettelse	rɛtəlsə
retten	ˈʁadn
retter	ˈʁadɐ
retterne	ˈʁadɐnə
rettighed	ˈʁadiˌheð
rev	rev
reven	revən
revidere	reviderə
revne	rɛvnə
revolution	rɛvolusjon
revolutionere	rɛvolusjonerə
revolutionær	rɛvolusjonɛr
revy	revy
rhesusabe	rɛsusabə
rhin	ˈʁin
rhinen	ˈʁinn
ri	ri
ribbe	ripə
ribben	ripben
ribbenssteg	ripbensstaj
rid	rid
ridder	ˈʁiðɐ
ride	riðə
ridt	rit
rier	rir
rift	ˈʁɛfd
rig	ˈʁi
rigdom	ridɔm
rige	ˈʁiə
rigsdagen	ˈʁisˌdæən
rigsdaler	ʁisˈdælɐ
rigsdansk	ˈʁisˌdænsɡ
rigt	ˈʁiɡd
rigtig	ˈrekti
rimelig	riməli
rimeligt	riməlit
rinde	renə
ring	renɡ
rir	rir
ris	ʁis
risalamande	ˈʁisalamɑŋ
rise	ˈʁisə
riste	ˈʁɛsdə
risvin	ˈʁisˌʋin
ritual	ˌʁituˈæl
rive	rivə
ro	ˈʁo
robot	ʁoˈbʌd
rod	ˈʁoð
rode	rodə
rododendron	ʁodoˈdɛndʁʌn
roer	roər
rogn	ˈʁɒʊn
rokade	rokadə
rollemodel	rɔləmodɛl
rollespil	rɔləspel
rom	rɔm
romer	ˈʁomɐ
romerriget	ˈʁomɐˌʁiəð
romersk	ˈʁomɐsɡ
ror	ror
rose	rosə
rosin	rosin
roskilde	ˈʁʌsˌkilə
rosé	rose
rosévin	rosevin
rov	ˈʁɒw
royal	ʁʌˈjæl
royalisme	ʁʌjaˈlismə
royalist	ʁʌjaˈlisd
royalistisk	ʁʌjaˈlisdisɡ
rude	rudə
ruelse	ˈʁuəlsə
rugemor	ruəmor
rugmel	ˈʁuˌmel
ruiner	ruinər
ruinere	ruinerə
rulle	rulə
rum	rom
rumænsk	rumɛnsk
rund	ʁɔn
runde	ˈʁɔndə
rundt	ˈʁɔnd
rundtom	ˈʁɔndˈʌm
rus	rus
ruse	rusə
russisk	rusisk
rust	rost
rutebil	ˈʁudəˌbil
rutebilstation	ˈʁudəbilsdaˌɕon
rya	ˈʁya
rydde	ˈʁyðə
ryg	ˈʁœɡ
ryge	ryə
ryger	ryɡər
ryggesløs	ˈʁœɡəsˌløs
rygning	rynenɡ
rygrad	ˈʁœɡˌʁɑð
rygsæk	ˈʁœɡˌsɛɡ
rygte	røktə
rygtes	røktəs
ryk	ˈʁœɡ
rykker	ˈʁœkɐ
rype	rypə
rytter	ˈʁydɐ
rytteri	ʁydɐˈʁi
rå	ˈʁɔ
råb	ˈʁɔb
råbe	rɔbə
råber	ˈʁɔbɐ
råbt	ˈʁʌbd
råbte	rɔptə
råd	ˈʁɔð
rådden	ˈʁʌðən
råde	ˈʁɔðə
rådgive	ˈʁʌðˌɡi
rådgivning	ˈʁʌðˌɡiwneŋ
rådhus	ˈʁʌðˌhus
rådslå	ˈʁʌðˌslɔ
rådsnar	ˈʁʌðˌsnɑ
rådyr	ˈʁʌˌdyɐ
råen	ˈʁɔən
råens	ˈʁɔəns
råer	ˈʁɔɐ
råerne	ˈʁɔɐnə
råernes	ˈʁɔɐnəs
råers	ˈʁɔɐs
råge	ˈʁɔwə
rås	ˈʁɔs
råt	ˈʁʌd
råvildt	ˈʁʌˌʋild
ræ	ˈræ
ræd	rɛð
rædde	ˈrɐðə
ræddelig	ˈʁaðəli
rædderlig	ˈʁaðʌli
ræddes	rɛðəs
rædsel	rɛðsəl
rædsom	ˈʁaðˌsʌm
ræer	ˈʁɛɐ
ræk	rɛk
række	ˈʁaɡə
rækken	ˈʁaɡən
rænke	ˈʁaŋɡə
rær	rer
ræson	rɛsɔŋ
ræsonen	rɛsɔŋən
ræsonnere	rɛsonerə
rætoromansk	rɛtoromansk
ræv	rɛv
ræve	rɛvə
rævegrav	rɛvəɡrav
røbe	røbə
rød	ˈʁœð
rødder	ˈʁɶðɐ
rødderne	ˈʁɶðɐnə
røddernes	ˈʁɶðɐnəs
rødders	ˈʁɶðɐs
rødgrød	ˈrøðˌɡrøð
rødhåret	rødhɔrəd
rødlos	ˈʁœðˠˌlʌs
rødovre	ˈʁœðˌɒwʁɐ
rødt	ˈʁœd
røg	røj
røgalarm	ˈʁʌɪaˌlɑm
røge	røɡə
røgelse	røɡəlsə
røget	rɔjəð
røgt	ˈʁœɡd
røgte	røktə
rømning	ˈʁɶmneŋ
røn	rœn
rønne	ˈʁɶnə
rønnebær	ˈʁɶnəˌpɛɐ
røntgen	ˈʁɶndɡən
rør	rør
røre	ˈrørə
rørende	ˈʁɶɐnə
rører	rœrər
rørig	rœri
rørsukker	ˈʁɶɐˌsɔɡɐ
rørt	ˈʁɶɐd
rørte	ˈʁɶɐdə
røræg	rœrɛɡ
røst	ˈʁœsd
røv	røv
røve	røvə
røven	ˈʁœʋən
røver	ˈʁœʋɐ
røves	ˈʁœʋəs
røvhul	rœvhɔl
røvs	ˈʁɶws
sabel	sabəl
sadist	sadist
safir	safir
saft	ˈsɑfd
saften	ˈsɑfdn
safter	ˈsɑfdɐ
safterne	ˈsɑfdɐnə
saftig	safti
sag	saɡ
sagde	saɣə
sagdes	ˈsæəs
sagn	savn
sagt	ˈsɑɡd
sagte	ˈsæɡdə
sagtmodig	sɑɡdˈmoði
sagtmodighed	sɑɡdˈmoðiˌheð
sagtne	ˈsæɡdnə
saks	ˈsɑɡs
sakse	ˈsɑɡsə
sakser	ˈsɑɡsɐ
saksisk	ˈsɑɡsisɡ
sal	ˈsæl
salathoved	saˈlædˌhoəðˠ
salg	salɣ
salig	ˈsæli
salt	sald
salut	salut
salve	salvə
salær	saˈlɛɐ
samfund	samfon
samfundskritisk	ˈsɑmfɔnskʁidisɡ
saml	ˈsɑml
samle	samlə
samleje	samlajə
samler	samlər
samme	samə
sammenbrud	samənbruð
sammenføje	samənfɔjə
sammenføjning	samənfɔjnenɡ
sammenhæng	ˈsɑmənˌhɛŋ
sammenligne	ˈsɑmənˌlinə
sammenlignelig	sɑmənˈlinəli
sammenlignelighed	sɑmənˈlinəliˌheð
sammenlignende	ˈsɑmənˌlinənə
sammenligning	ˈsɑmənˌlineŋ
sammenstykke	ˈsɑmmˌsdøɡə
sammensværgelse	ˈsɑmənˌsʋæɐʊəlsə
samsø	samsø
samt	samt
samtale	sɑmtælə
samtidig	samtidi
samtykke	ˈsɑmˌtyɡə
samtykker	ˈsɑmˌtyɡɐ
samtykket	ˈsɑmˌtyɡəð
samvær	ˈsɑmˌʋɛɐ
sanatorium	sanaˈtoɐiɔm
sand	san
sanddru	ˈsanˌdʁu
sandelig	sanəli
sandet	ˈsanəð
sandhed	ˈsanˌheðˠ
sandpapir	sanpapir
sandslot	ˈsænslʌd
sandsten	sansten
sandstorm	sanstɔrm
sandwich	sanvitsj
sanering	saˈneɐeŋ
sang	sɑŋ
sanger	sanɡər
sangfugl	sanɡful
sangsvane	sanɡsvanə
sanke	ˈsɑŋɡə
sankthans	sankthans
sankthansaften	sankthansaftən
sankthansdag	sankthansdaɣ
sara	sara
sarkasme	sarkasmə
sarkofag	ˌsɑɡoˈfæj
satanisme	satanismə
satire	satirə
satte	ˈsadə
sav	sav
save	savə
savhveps	ˈsɑwˌvebs
savn	savn
savne	savnə
savsmuld	savsmuld
scene	senə
schweiz	svajts
schweizer	svajtsər
score	skorə
se	ˈse
seddel	ˈsɛðəl
seer	seər
segl	sajl
segne	ˈsɑjnə
segnefærdig	ˈsɑjnəˌfæɐdi
sej	saj
sejd	sajd
sejl	sajl
sejle	ˈsɑjlə
sejler	sajlər
sejr	sajr
sejre	sajrə
sekretariat	sekrətariat
sekretær	sɛɡrəˈtɛr
seks	sɛks
seksten	sajstən
sekstende	ˈsɑɪsdənə
seksti	ˈsɛɡsˌti
seksualitet	sɛɡsualiˈted
seksuel	sɛksuɛl
sekt	ˈsɛɡd
selskab	ˈsɛlˌsɡæb
selv	sɛl
selvfølgelig	sɛlˈføljəli
selvindlysende	ˈsɛlenˌlysnnə
selvisk	ˈsɛlvisɡ
selvlysende	ˈsɛlˌlysnnə
selvportræt	sɛlpɔrtrɛt
selvtægt	ˈsɛlˌtɛɡd
semester	semɛstər
semiotik	semiotik
semiotiker	semiotikər
sen	ˈsen
send	sɛn
sende	ˈsɛnə
sender	ˈsɛnər
sendt	ˈsɛnd
sendte	ˈsɛndə
sene	senə
senere	ˈsenɐɐ
seng	ˈsɛnɡ
sennep	senəp
september	səptɛmbər
ser	ser
seraf	seraf
serbisk	sɛrbisk
servitrice	sɛrviˈtrisə
ses	ˈses
sesamolie	ˈsesɑmˌoljə
sete	ˈsedə
sexappeal	sɛksapil
sexet	sɛksəd
sfære	sfærə
sgu	ˈsɡu
shampoo	ˈsjampo
shawarma	ɕaˈwɑma
sheikh	ˈɕɑjɡ
show	ˈɕɔw
si	si
sid	ˈseð
sidde	ˈseðə
side	ˈsidə
siden	sidən
sideordning	sidəɔrdnenɡ
sidste	sistə
sig	saj
sige	ˈsiə
sigende	ˈsiənə
siger	ˈsiɐ
signal	siˈnæl
sigt	sekt
sigte	sektə
sigtede	sektəðə
sigtelse	ˈseɡdəlsə
sigten	sektən
sigter	sektər
sigtes	sektəs
sigtet	sektəð
sigøjner	siɡɔjnər
sikken	sekən
sikker	ˈseɡɐ
sikkerhedsvagt	ˈseɡɐheðˠsˌʋɑɡd
sikring	sekrenɡ
sild	ˈsil
silikat	siliˈkæd
silikone	silikonə
simulere	simulerə
sind	ˈsen
sindssyg	sensy
sindssygt	sensyt
sine	ˈsinə
sinecure	sinəkyrə
sirene	siˈʁɛnə
sisyfosarbejde	sisyfɔsarbajdə
siv	siv
sjagger	ˈɕɑɡʌ
sjal	sjal
sjette	ˈɕɛdə
sjofel	sjofəl
sjov	sjɔv
sjæl	ˈɕɛl
sjælden	sjɛlən
sjælland	ˈɕeˌlæn
skab	skab
skabe	skabə
skabelon	skabəlon
skabelse	skabəlsə
skaber	skabər
skabning	skabneŋ
skabt	skapt
skabte	skaptə
skabtes	skaptəs
skade	skaðə
skadefro	skadəfro
skadefryd	skaðəfryð
skadelig	skadəli
skadestue	skaðəstuə
skaffe	ˈsɡɑfə
skak	skak
skakbrik	skakbrek
skal	skal
skalle	skalə
skalte	ˈsɡaltə
skam	skam
skamme	ˈsɡɑmə
skandaløs	skandaløs
skandinav	sɡandiˈnæw
skar	ˈsɡɑ
skarabæ	sɡɑɑˈbɛ
skarn	ˈsɡɑn
skarpskytte	skarpskøtə
skat	skat
skatkammer	ˈsɡadˌkɑmʌ
skattefar	ˈskætəˌfɑ
skattekiste	skatəkistə
ske	sɡe
skede	ˈsɡeðə
skejs	ˈsɡɑjs
skel	skɛl
skele	ˈsɡelə
skelen	ˈsɡelən
skelne	ˈsɡɛlnə
sket	ˈsɡed
skete	ˈsɡedə
skib	ˈskip
skid	skið
skide	skiðə
skikke	ˈsɡiɡə
skikkelse	ˈsɡiɡəlsə
skildpadde	ˈsɡelˌpaðə
skildre	ˈsɡeldʁʌ
skille	skelə
skilling	skelenɡ
skilt	skelt
skilte	ˈsɡeldə
skinne	skenə
skjald	skjald
skjold	skjɔl
skjorte	ˈsɡjoɐdə
skjul	skjul
skjule	skjulə
sko	sɡo
skod	skɔd
skole	skolə
skomager	skɔmar
skonnert	skɔnərt
skotsk	skɔtsk
skotskternet	skɔtsktɛrnəd
skov	ˈsɡɒw
skovl	ˈsɡɒwl
skralde	ˈsɡʁɑlə
skralder	ˈsɡʁɑlʌ
skred	skreð
skrev	skrev
skreven	skrevən
skrevne	skrevnə
skride	skriðə
skridt	skrit
skrift	skreft
skrifte	ˈsɡʁɛfdə
skriftlig	skreftli
skrin	skrin
skriv	skriv
skrive	skrivə
skrivelse	skrivəlsə
skriver	ˈsɡʁiwɐ
skrud	ˈsɡʁuð
skrædder	skrɛdər
skræddermester	skrɛdərmɛstər
skræk	ˈsɡrɛɡ
skrække	ˈsɡʁaɡə
skrækkelig	ˈsɡʁaɡəli
skræl	skrɛl
skræv	ˈsɡʁɛw
skrævet	ˈsɡʁɛwəð
skubbe	skɔbɘ
skud	ˈsɡuð
skudt	ˈsɡud
skueproces	skuəprosɛs
skuespiller	ˈsɡuəˌsbelɐ
skuffe	ˈsɡɔfə
skulder	ˈskulder
skuldertræk	skulərtrɛk
skulke	ˈsɡulɡə
skulle	ˈsɡulə
skullet	skuləð
skulptur	skulptur
skum	skom
skumbad	skɔmbad
skumme	skomə
skummet	skoməð
skummetmælk	skoməðmɛlk
skumre	ˈsɡɔmʁʌ
skumring	skɔmrenɡ
skurd	skur
skurk	skurk
sky	ˈsky
skyde	ˈsɡyðə
skyet	ˈskyəð
skyg	ˈsɡyɡ
skygge	ˈsɡyɡə
skyld	skyl
skylde	skylə
skyldig	skyldi
skyllemiddel	skøləmidəl
skynde	ˈsɡønə
skyr	skyr
skyter	skytər
skyts	skøts
skytte	skøtə
skål	ˈskɔl
skåne	skɔnə
skåning	skɔnenɡ
skåren	ˈsɡɒɐn
skåret	ˈsɡɒɐð
skårne	ˈsɡɒnə
skæbne	skɛbnə
skæfte	ˈsɡɛfdə
skæg	skɛɡ
skægget	ˈsɡɛɡəð
skæl	skɛl
skælde	ˈsɡɛlə
skæmt	ˈsɡɛmd
skæmte	ˈsɡɛmdə
skænde	skɛnə
skændes	skɛnəs
skændig	skɛndi
skændsel	ˈsɡɛnsəl
skænk	skɛnk
skænke	skɛŋkə
skær	skɛr
skære	skɛrə
skærer	ˈsɡɛɐ
skærf	skɛrf
skærgård	skɛrɡɔr
skærm	skɛrm
skærsild	skɛrsil
skæv	ˈskɛv
skød	skød
skøder	ˈsɡøðɐnə
skødet	ˈsɡøðəd
skøge	skøɣə
skøjte	skɔjtə
skøn	skœn
skønlitteratur	skœnlitəratur
skønne	skœnə
skør	skœr
skørbug	skørbu
skørlevned	skørlɛvnəð
skørost	skørost
skørt	skœrt
slag	slaɣ
slagen	slaɣən
slagne	slaɣnə
slags	slaɣs
slagsmål	slɑwsmɔl
slagte	ˈslɑɡdə
slagter	ˈslɑɡdɐ
slange	ˈslɑŋə
slank	slɑŋk
slaver	ˈslæʋɐ
slavisk	ˈslæʋisɡ
sleb	ˈsleb
slem	ˈslɛm
slesk	slesk
slet	ˈslɛd
slette	ˈslɛdə
slibe	ˈslibə
sliber	ˈslibɐ
slide	ˈsliðə
slidsom	ˈsliðˌsʌm
slig	ˈsli
slige	ˈsliə
sligt	ˈsliɡd
slik	ˈsleɡ
slikkepot	sleɡəpɔt
slikket	ˈsleɡəð
slim	slim
slippe	slepə
slog	slo
sloges	sloɣəs
slot	ˈslʌd
slotte	ˈslɔtə
slowmotion	slɔvmɔvsjən
sludder	sludər
sluge	ˈsluə
slugt	ˈsluɡd
slugte	ˈsluɡdə
slukke	ˈslɔɡə
slurk	slurk
slut	slut
slutspurt	slutspurt
slutte	ˈsludə
slå	slɔ
slående	slɔənə
slår	slɔr
slås	slɔs
slæb	ˈslɛb
slæbe	ˈslɛbə
slæber	ˈslɛbɐ
slæbt	ˈslɛbd
slæbte	ˈslɛbdə
slægt	ˈslɛɡd
slægtning	ˈslɛɡdneŋ
slægtskab	ˈslɛɡdˌsɡæb
slæt	ˈslɛd
sløjfe	ˈslʌjfə
slør	ˈsløɐ
sløre	ˈsløʌ
sløv	sløv
smage	ˈsmæjə
smagt	ˈsmɑɡd
smagte	ˈsmɑɡdə
smal	smal
smaragd	smaravd
smelte	ˈsmɛldə
smide	ˈsmiðə
smil	smil
smile	smilø
smilet	smiløt
smiley	smajli
smitte	ˈsmedə
smoking	smokenɡ
smug	ˈsmu
smuk	smok
smuldre	ˈsmulʁʌ
smut	ˈsmud
smutte	ˈsmudə
smutter	ˈsmudʌ
små	smɔ
småbarn	smɔbarn
småkage	ˈsmʌˌkæjə
smålig	smɔli
småt	ˈsmʌd
småting	smɔtenɡ
smæld	ˈsmɛl
smælder	ˈsmɛlʌ
smølf	smølf
smørelse	ˈsmɶʌlsə
smørrebrød	smœrəbrøð
snakke	snakə
snappe	ˈsnɑbə
snar	ˈsnɑ
snarrådig	ˈsnɑˌʁɔði
snart	ˈsnɑt
snavset	snavset
sne	sne
snebold	snebɔld
snedker	ˈsneɡɐ
snefald	snefal
sneg	sneɣ
snegl	snajl
snes	snes
snesevis	ˈsnesəˌvis
snestorm	snestɔrm
sneugle	sneulə
snide	ˈsniˌðə
snige	sniə
snigmorder	snimordər
snigskytte	sniskøtə
sniksnak	sneksnak
snog	snoɡ
snuppe	ˈsnɔbə
snyde	ˈsnyðə
snyder	snydər
snæver	snɛvər
social	soˈɕæl
socialdemokrat	soˈɕældemoˌkʁɑd
socialdemokrati	soˈɕældemokʁɑˌti
socialisme	soɕaˈlismə
socialist	soɕaˈlisd
sod	sod
soda	ˈsoda
sofavælger	sofavɛljər
sojaolie	ˈsʌjaˌoljə
sokratisk	soˈkʁɑdisɡ
sol	sol
solbær	ˈsolˌbæɐ
soldug	solduɡ
sole	ˈsolə
solgt	sɔlt
solgte	sɔltə
solhverv	ˈsolˌvæɐw
solsikkeolie	ˈsolˌseɡəˌoljə
solskoldning	ˈsolˌsɡʌlneŋ
solsort	ˈsolˌsoɐd
soludbrud	ˈsolˌuðˠˌbʁuðˠ
som	sɔm
sommer	ˈsɔmɐ
sonar	ˈsoˌnɑ
sondere	sɔnderə
sophus	sofus
sopran	soˈpʁɑn
sorg	sɔrɣ
sorgen	ˈsɒwən
sorger	ˈsɒwɐ
sort	ˈsoɐd
sot	sot
sov	ˈsɒw
sove	sɔvə
sover	ˈsɒwɐ
sovs	ˈsɒws
spadsere	spaserə
spag	ˈsbæj
spagfærdig	sbɑwˈfæɐdi
spand	span
spare	spɛr
spark	spark
sparsom	sparsɔm
sparsomme	sparsɔmə
sparsommelig	sparsɔməli
sparsomt	sparsɔmt
sparta	ˈsbɑta
spartaner	sbɑˈtænɐ
spartansk	sbɑˈtænsɡ
sparto	sparto
spas	spas
spat	spat
spatel	ˈsbædəl
spejl	ˈsbɑjl
spejle	ˈsbɑjlə
spejlæg	ˈsbɑjlˌɛɡ
spektakel	spetakəl
spekulativ	ˈsbeɡulaˌtiʊ
spelt	spɛlt
spidde	spidə
spilde	ˈsbilə
spille	spelə
spilleliste	ˈspeləˌlestə
spiller	spelər
spind	ˈsben
spinde	spenə
spindelvæv	spenəlvɛv
spinkel	spenkəl
spionage	spionasjə
spionere	sbioˈneʌ
spis	spis
spise	spisə
spiser	spisər
spisestue	spisəstuə
spist	ˈsbisd
spiste	ˈsbisdə
spjætte	spjɛtə
splejse	splajsə
splejset	splajsəd
splitte	spletə
splitternøgen	spletərnøjən
spole	ˈsbolə
spor	spor
spore	sporə
spot	ˈsbʌd
spotte	ˈsbʌdə
sprede	ˈsbʁɛðə
spredt	ˈsbʁɛd
spredte	ˈsbʁɛdə
springe	ˈsbʁeŋə
springer	sprenɡər
sprit	ˈsbʁid
sprog	sprɔɣ
sprogene	ˈsbʁɔwənə
sprogenes	ˈsbʁɔwənəs
sproget	sbʁɔwəð
sprogvidenskab	ˈsbʁɔwviðnˌsɡæb
sprække	ˈsbʁaɡə
sprænge	ˈsbʁaŋə
sprød	sprøð
sprøde	sprøðə
sprødt	sprøt
spurgt	ˈsboɐd
spurgte	ˈsboɐdə
spurt	spurt
spurte	spurtə
spurv	spurv
spyd	spyd
spyt	ˈsbød
spytte	spøtɘ
spå	spɔ
spådom	spɔdɔm
spånplade	spɔnpladə
spædbarn	spɛdbarn
spæk	spɛk
spækhugger	spɛkhoɡər
spækhøker	spɛkhøkər
spække	spɛkə
spænde	spɛnə
spændende	spɛnənə
spænder	spɛnər
spænderne	spɛnərnə
spændernes	spɛnərnəs
spænders	spɛnərs
spændes	spɛnəs
spændet	spɛnəð
spændets	spɛnəðs
spænding	spɛneŋ
spændt	spɛnt
spændte	spɛntə
spændtes	spɛntəs
spæne	spɛnə
spærre	spɛrə
spøg	ˈsbʌj
spøge	ˈspøɣə
spøgelse	ˈspøɣəlsə
spøgt	ˈsbøɡd
spøgte	ˈsbøɡdə
spørge	ˈsbɶɐwə
spørger	ˈsbɶɐwɐ
spørgsel	ˈsbɶɐsəl
spørgsmål	ˈspœɐsˌmɔl
stabil	stabil
stad	ˈsdæð
staden	ˈsdaðən
stadig	stadi
stakket	ˈsdɑɡəð
stakåndet	ˈsdɑɡˌʌnəð
stalinisme	stalinismə
stand	ˈsdan
standard	ˈstanˌdart
standart	standart
stande	ˈsdanə
standpunkt	ˈsdanˌpɔŋd
standse	ˈsdansə
stangspringer	ˈsdɑŋˌsbʁɛŋʌ
stank	ˈsdɑŋɡ
starte	startə
starut	starut
statelig	statəli
station	sdaˈɕon
stationsby	sdaˈɕonsˌby
stativ	stativ
statsborgerskab	ˈsdædsˌbɒwʌˌsɡæb
status	ˈsdætus
stav	ˈsdæw
sted	ˈsdɛð
stedbarn	ˈsdɛðˌbɑn
steder	ˈsdɛðɐ
stedfar	ˈsdɛðˌfɑ
stedmor	ˈsdɛðˌmoɐ
stedt	ˈsdɛd
stedte	ˈsdɛdə
steg	staj
stege	stajə
stegepande	ˈsdɑɪˌpanə
stegt	stɛkt
stegte	stɛktə
stemme	ˈsdɛmə
stemt	ˈsdɛmd
stemte	ˈsdɛmdə
sten	sten
stendød	stendød
stenhård	ˈsdenˈhɒ
stewardesse	sdjuɑˈdɛsə
stift	ˈsdifd
stige	ˈsdiə
stigma	stima
stikke	ˈsdeɡə
stikkelsbær	stekəlsbɛr
stikprøve	stekprøvə
stil	sdil
stilig	stili
stille	ˈsdelə
stilleben	ˈsdelˌlebm
stimulans	sdimuˈlans
stinkdyr	ˈsdeŋɡˌdyɐ
stirre	stirə
stiv	stiv
stjal	stjal
stjerne	stjɛrnə
stjernekaster	stjɛrnəkastər
stjålen	stjɔlən
stjålent	ˈsdjɔlənd
stjålet	stjɔləð
stjålne	stjɔlnə
stjæle	stjɛlə
stjæler	ˈsdjɛlɐ
stjæleren	ˈsdjɛlɐɐn
stockholm	ˈsdʌˌkʌlm
stod	ˈsdoð
stof	ˈsdʌf
stofmisbrug	ˈsdʌfmisˌbru
stol	stol
stole	stolə
stoppe	ˈsdʌbə
stor	stor
storbritannien	ˈsdoɐbʁiˌtanjən
stork	stɔrk
stort	ˈsdoɐd
straf	ˈsdʁɑf
straks	ˈsdʁɑɡs
strakt	ˈsdʁɑɡd
strakte	ˈsdʁɑɡdə
stram	stram
strand	stran
strande	stranə
strategi	stʁatɛɡi
stratosfære	stratosfɛrə
streg	straj
strejf	strajf
strejke	strajkə
streng	sdʁaŋ
stress	ˈsdʁɛs
stresse	ˈsdʁɛsə
stresset	ˈsdʁɛsəð
strid	strid
stridbar	stridbar
stride	ˈsdʁiðə
stridskølle	ˈsdʁiðsˌkølə
stridt	ˈsdʁid
strube	ˈstrubə
strukket	ˈsdʁɔɡəð
stryge	ˈsdʁyə
strå	strɔ
stræbe	strɛbə
stræben	strɛbən
stræber	strɛbər
stræbt	strɛbt
stræbte	strɛbtə
stræde	strɛdə
strække	strɛkə
strø	strœ
strøg	strøj
strøm	ˈstχœm
strømpe	ˈsdʁɶmbə
stud	ˈsduð
student	sduˈdend
studentereksamen	sduˈdendɐɛɡˌsæmm
studere	sduˈdeɐ
studerende	sduˈdeɐnə
studium	sdudjɔm
stue	stuə
stuearrest	ˈsduaˌʁasd
stuepige	stuəpiə
stund	ˈsdɔn
stupid	stupid
stuve	stuvə
styg	ˈsdyɡ
stygge	ˈsdyɡə
stygt	ˈsdyɡd
stykke	ˈsdøɡə
styr	styr
styrbord	styrbor
styre	styrə
styrende	styrənə
styrerne	styrərnə
styret	styrəð
styrte	styrtə
stå	ˈsdɔ
ståen	ˈsdɔən
stående	ˈsdɔənə
stået	ˈsdɔəð
stål	stɔl
ståltråd	stɔltrɔd
står	ˈsdɒ
stås	ˈsdɔs
ståsted	stɔstɛd
stæder	ˈsdɛðɐ
stække	ˈsdɛɡə
stækkede	ˈsdɛɡəðə
stækker	ˈsdɛɡɐ
stækket	ˈsdɛɡəð
stængel	stɛnɡəl
støb	ˈsdøb
støbe	støbə
støber	ˈsdøbɐ
støbt	ˈsdøbd
støbte	ˈsdøbdə
stød	ˈsdøð
støde	støðə
stødt	ˈsdød
stødte	ˈsdødə
støj	støj
støje	støjə
stønne	stœnə
stør	ˈstør
størkne	ˈstɶɐˌknə
større	ˈstørə
størrelse	ˈstœrəlsə
størst	størst
største	størstə
støt	støt
støtte	støtə
støv	støv
støve	støvə
støvle	støvlə
støvsuger	støvsuɡər
sublim	sublim
substans	substans
substantiv	ˈsubsdanˌtiʊ
subtil	subtil
subversiv	ˈsubʋæɐˌsiw
subwoofer	ˈsʌbˌwufʌ
succes	sykse
sudanesisk	sudaˈnesisɡ
sudanesiske	sudaˈnesisɡə
sufi	ˈsufi
sufisme	suˈfismə
sukker	ˈsokər
sukkervand	sɔkərvand
sul	ˈsul
sule	sulə
sulten	ˈsuldən
sund	ˈsɔn
sunde	ˈsɔnə
super	ˈsubɐ
superhelt	supərhɛlt
supermarked	ˈsubɐˌmɑɡəð
supert	ˈsubɐd
suppe	ˈsobə
supre	ˈsubʁɐ
sur	sur
surmule	surmulə
surströmming	ˈsuɐˌsdʁɶmeŋ
sus	sus
suspensorium	suspensorium
sutte	sutɘ
suveræn	ˌsuʋəˈʁɛn
suverænitet	suʋəʁɛniˈted
svag	ˈsvæj
svage	ˈsvæjə
svagt	ˈsvæjd
sval	sval
svamp	svamp
svans	svans
svar	svɑ
svare	svarə
sved	ˈsʋeð
sveder	svedər
svedig	ˈsveði
svend	sʋɛnd
svensk	ˈsvɛnsk
svensker	ˈsʋɛnsɡɐ
sverige	ˈsvɛriə
svide	ˈsʋiðə
svie	ˈsʋiə
svig	ˈsvi
svige	ˈsviə
svigerdatter	sviərdatər
svigerfar	sviərfar
svigerinde	sviərenə
svigermor	sviərmor
svigersøn	sviərsœn
svigte	ˈsʋeɡdə
svin	svin
svinde	ˈsvenə
svindle	ˈsvenlə
svinekød	ˈsvinəˌkøð
svire	svirə
svirre	svirə
svoger	svɔvər
svor	svor
svoren	svorən
svorent	ˈsʋoɐnd
svoret	ˈsʋoɐð
svorne	svornə
svovlsyre	ˈsvɒwlˌsyʌ
svække	svɛkə
svækling	svɛklenɡ
svælg	ˈsvɛlj
svælge	ˈsvɛljə
svær	svɛr
sværd	ˈsʋɛɐ
sværddrager	svɛrdraver
sværdfisk	svɛrfesk
sværge	svɛrɣə
sværhedsgrad	ˈsvɛɐheðsˌɡʁɑð
sværm	svɛrm
svæve	ˈsvɛvə
svøb	ˈsʋøbən
svøbe	ˈsʋøbə
svøben	ˈsʋøbən
svøber	ˈsʋøbɐ
svøbt	ˈsʋøbd
svøbte	ˈsʋøbdə
svøbtes	ˈsʋøbdəs
svømme	svœmə
sy	sy
syd	syd
sydafrikaner	ˈsyðɑfʁiˈkænʌ
sydafrikansk	ˌsyðɑfʁiˈkænsɡ
syde	sydə
sydkyst	ˈsyðˠˌkøsd
sydvest	sydvɛst
syer	syrər
syerske	syərskə
syg	sy
sygdom	sydɔm
syge	ˈsyə
sygehus	syɣəhus
sygeplejerske	syəplajərskə
sygt	ˈsyɡd
syl	syl
syle	sylə
sylte	ˈsyldə
syltetøj	ˈsyldəˌtʌj
symbol	symbol
symfoni	sømfoni
sympatisør	symbadiˈsøɐ
synd	søn
synden	ˈsønən
synder	ˈsønɐ
syndflod	ˈsønˌfloð
syndig	søndi
syndrom	synˈdrom
syne	ˈsynə
synes	ˈsynəs
synge	ˈsønɡə
synger	ˈsønɡər
synke	sønkə
synlig	synli
synlighed	ˈsynliˌheð
synonymordbog	synonymorboɡ
syntaks	syntaks
syntes	ˈsyndəs
syre	ˈsyʌ
syrer	syər
syreregn	syrərajn
syrien	ˈsyɐjɛn
syssel	ˈsysəl
system	system
sytten	søtən
syv	ˈsyw
syvende	ˈsywənə
syvti	ˈsywti
så	ˈsɔ
sådan	ˈsʌdən
sål	sɔl
sålbænk	sɔlbɛnk
sår	sɔr
såre	sɔrə
såret	sɔrəð
sås	ˈsɔs
sæd	sɛd
sæde	sɛðə
sæl	sɛl
sælge	sɛlɣə
sælger	ˈsɛljɐ
sænke	sɛnkə
sær	sɛr
særlig	ˈsæɐli
sæson	sɛˈsɔŋ
sæt	sɛt
sætning	sɛtneŋ
sætte	ˈsɛdə
sø	sø
søbe	ˈsøbə
sød	søð
søde	sødə
sødmælk	søðmɛlk
sødt	ˈsød
sødygtig	sødøɡti
søg	søɡ
søge	søɣə
søger	ˈsøjɐ
søgt	ˈsøɡd
søgte	ˈsøɡdə
søhelt	søhɛlt
søjle	sɔjlə
søle	sølə
sølv	ˈsøl
sølvbryllup	sølbrølɔp
sølvet	ˈsølvəð
sølvgrå	sølɡrɔ
sømme	sœmə
søn	sœn
søndag	ˈsœnda
søndre	sønrə
sønnen	ˈsœnən
sønner	ˈsœnɐ
sørg	ˈsɶɐwə
sørge	sœrɣə
sørgede	ˈsɶɐwəðə
sørger	ˈsɶɐwɐ
sørget	ˈsɶɐwəð
sørøver	sørøvər
søskende	søsɡənə
søster	ˈsøsdɐ
søsteren	ˈsøsdɐɐn
søsterens	ˈsøsdɐɐns
søsters	ˈsøsdɐs
søsterskab	ˈsøsdʌˌsɡæb
søstre	ˈsøsdʁɐ
søstrene	ˈsøsdʁɐnə
søstrenes	ˈsøsdʁɐnəs
søstres	ˈsøsdʁɐs
søvn	søvn
søvngænger	ˈsœwnˌɡɛŋɐ
søvnig	søvni
søvnløs	søvnløs
tab	ˈtæb
tabe	ˈtæbə
taber	ˈtæbɐ
tabt	tapt
tabte	ˈtɑbdə
tag	taɣ
tage	ta
tager	tar
taget	taɣəð
tagetage	taɡetasjə
tak	tak
takke	ˈtɑɡə
takker	ˈtɑɡɐ
taknemmelighed	tɑɡˈnɛməliˌheð
taks	taks
tal	tal
tale	tsalə
talemåde	taləmɔdə
talent	talɛnt
taler	talər
talg	talj
talje	taljə
talk	talk
talkum	talkɔm
tallerken	taˈlarkən
talord	ˈtalˌoɐ
talsperson	talspɛrson
talt	talt
talte	taltə
taltes	taltəs
tand	tan
tandbørste	tanbœrstə
tandhjul	tanʔjuʔl
tandpasta	tanpasta
tang	tanɡ
tango	tanɡo
tank	tank
tanke	tankə
tankeeksperiment	ˈtɑŋɡəɛɡspæɐiˌmɛnd
tankegods	ˈtɑŋɡəˌɡɔs
tanken	tankən
tankens	tankəns
tanker	tankər
tankevækkende	ˈtɑŋɡəˌʋɛɡənə
tante	ˈtandə
tap	ˈtap
tape	tɛjp
tapet	tapet
tappe	ˈtɑbə
tarm	tarm
tarme	tarmə
tarot	tɑˈʁʌd
tartan	tartan
tarv	ˈtɑw
tarvelig	ˈtɑvəli
tatovere	tatoˈveʌ
tatovering	tatoˈveɐeŋ
tatovør	tatoˈvøɐ
tautologisk	tɑwtoˈloisɡ
tav	ˈtav
tavle	tavlə
tavs	tavs
tavshed	ˈtɑvsˌheð
taxa	taksa
te	ˈte
teater	teatər
tebrev	tebrev
tegn	tɑjn
tegne	ˈtɑjnə
tegnefilm	tajnəfilm
teint	tɛnɡ
teknik	tɛknik
tekniker	tɛknikər
tekst	tɛkst
telefon	teləfon
telefonboks	teləfonbɔks
telegraf	teleˈɡraf
telegrafi	teleɡraˈfi
telegrafist	teleɡrafist
telegram	teleˈɡram
telt	ˈtɛld
tempo	tɛmpo
temporær	tɛmboˈʁɛɐ
tendens	tɛndɛns
tenor	teˈnor
teokrati	teokʁɑˈti
teoretiker	teoˈʁɛtiɡɐ
teori	teoˈʁi
terapi	teɑˈpi
termin	tɛrmin
terminologi	tæɐminoloˈɡi
terrasse	tarasə
terror	ˈtæɐʌ
terræn	tɛrɛnɡ
tese	ˈtesə
test	ˈtɛsd
teste	ˈtɛsdə
testikel	tæstikəl
thailænder	tajlɛnʌ
theben	tebən
themsen	ˈtɛmsn
thi	ˈti
thor	tor
thukydid	tuɡyˈdið
ti	ti
tibetaner	tibətanər
tibetansk	tibətansk
tid	ˈtið
tidlig	ˈtiðli
tidlige	ˈtiðlii
tidligere	ˈtiðliɐɐ
tidligst	ˈtiðlisd
tidligste	ˈtiðlisdə
tidligt	ˈtiðlid
tidslig	ˈtiðsli
tidsmaskine	tidsmaskinə
tidspunkt	ˈtiðsˌpɔŋd
tidsskrift	tiðsskreft
tidszone	tidssonə
tie	ˈtiə
tiende	tiənə
tiendedel	tiənədel
tier	ˈtiər
tiere	ˈtiɐɐ
tiest	ˈtiəsd
tiger	ˈtiər
tigere	ˈtiɐɐ
tigger	tekər
tight	tajt
til	tel
tilbage	teˈbajə
tilbagestående	teˈbæjəˌsdɔənə
tilbringe	ˈtelˌbʁɛŋə
tilbud	telbuð
tilfreds	teˈfʁɛs
tilfredsstille	teˈfʁɛsˌsdelə
tilfredsstillende	teˈfʁɛsˌsdelənə
tilføje	ˈtelˌfʌjə
tilhøre	ˈtelˌhøɐ
tilhørende	ˈtelˌhøɐnə
tilhører	ˈtelˌhøɐ
tilhørerne	ˈtelˌhøɐnə
tillade	ˈteˌladə
tillid	telid
tillykke	teˈløɡə
tillægsord	ˈtelɛɡsˌoɐ
tilpas	tepas
tilstand	ˈtelˌstan
tiltale	ˈtelˌtælə
tilværelse	ˈtelˌʋaɐɐlsə
time	ˈtimə
timer	tajmər
ting	tenɡ
tinge	ˈteŋə
tirade	tiˈʁɑðə
tirsdag	ˈtiɐsda
tisse	ˈtisə
tissekone	ˈtisəˌkonə
tissemand	ˈtisəˌman
tit	tit
tivoli	ˈtiʋoli
tjald	ˈtɕal
tjek	ˈtcɛɡ
tjekke	ˈtcɛɡə
tjekkede	ˈtcɛɡəðə
tjekket	ˈtcɛɡəð
tjekkiet	tɕɛˈkiəð
tjene	ˈtɕɛnə
tjener	ˈtɕɛnɐ
tjeneste	ˈtɕɛnəsdə
tjenlig	ˈtɕɛnli
tjenstlig	ˈtɕɛnsdli
tjod	tjɔð
tjæld	ˈtɕɛl
tjære	ˈtɕɛɐ
tjørn	ˈtɕɶɐn
to	ˈto
tobak	tobak
tog	tɔɣ
toge	tɔwə
togstation	ˈtɔwsdaˌɕon
togt	ˈtʌɡd
toilet	toalɛt
toiletpapir	tɔi-
toksikolog	tɔksikolo
toksisk	tɔksisk
told	tɔl
tolk	ˈtʌlɡ
tolke	ˈtʌlɡə
tolken	ˈtʌlɡən
tolkning	ˈtʌlɡneŋ
tolv	ˈtʌl
tolvte	ˈtʌldə
tom	ˈtʌm
tomat	toˈmad
tombak	tɔmbak
tomle	tɔmlə
tomme	ˈtɒmə
tommel	ˈtʌməl
tommelfinger	ˈtʌməlˌfeŋɐ
ton	tʌn
tone	tonə
topologi	topoloɡi
tor	tor
torden	tordən
tordne	ˈtoɐdnə
torsdag	ˈtɒsda
torsk	tɔrsk
tortere	tɔrterə
torv	tɒv
torve	tɔrvə
total	total
totale	totalə
toti	ˈtoti
tov	tɔv
tove	tovə
tovet	tɔvət
tradition	tradiˈsjon
traditionel	tradisjonɛl
traf	ˈtʁɑf
traffes	ˈtʁɑfəs
trafikprop	trafikprɔp
tragedie	tʁɑˈɡeðjə
tragisk	ˈtʁɑɡisɡ
traktor	ˈtʁɑɡtɐ
traktoren	ˈtʁɑɡtɐɐn
traktorer	tʁɑɡˈtoɐ
trampfart	trampfart
tranebær	tranəbɛr
transformer	tʁɑnsˈfɒmɐ
transistor	tʁɑnˈsisdʌ
transkønnet	ˈtʁɑnskœnəð
transkønnethed	ˈtʁɑnskœnəðˌheð
transparens	transparɛns
trapez	tʁɑˈpɛds
trappe	trapə
traske	traskə
travl	travl
tre	ˈtʁɛ
tredive	trɛðvə
tredivte	ˈtʁaðfdə
tredje	ˈtreðjə
treer	treər
trekant	trɛkant
trekke	trɛkə
tres	ˈtres
tresindstyve	ˈtresənsˈtyvə
tresindstyvende	ˈtʁɛsənsˈtyʋənə
trespringer	ˈtʁɛˌsbʁɛŋʌ
tressende	trɛsənə
treti	ˈtʁɛti
tretten	trɛtən
trick	ˈtʁɛɡ
trin	trin
trit	trit
triumf	tʁiˈɔmf
tro	tro
trods	ˈtrɔs
trodse	ˈtrɔsə
trodsig	trɔsi
troede	ˈtroəðə
troende	ˈtroənə
troet	ˈtroəð
trojansk	tʁoˈjænsɡ
trold	trɔl
troldkarl	ˈtʁʌlˌkæl
troldkvinde	ˈtrɔlkvenə
trolig	troli
tromme	ˈtrɔmə
trompeter	trɔmpetər
tronarving	tronarvenɡ
trone	tronə
tropisme	trɔˈpismə
troposfære	trobosfɛrə
trosbekendelse	ˈtʁosbeˌkɛnlsə
trossamfund	trossamfon
trost	trʌsd
troværdig	trovɛrdi
tru	tru
true	truə
truende	truənə
truffen	ˈtʁɔfən
truffet	ˈtʁɔfəð
trufne	ˈtʁɔfnə
trussel	trusəl
tryg	trøɡ
trygge	ˈtʁœɡə
tryk	ˈtʁœɡ
trykke	ˈtʁœɡə
tryne	trynə
tryner	tʁynɐ
trå	ˈtʁɔ
tråd	trɔd
tråde	ˈtʁɔðə
trådløs	trɔdløs
trådt	ˈtʁʌd
trådte	ˈtʁʌdə
træ	trɛ
træde	trɛðə
træder	ˈtʁɛðə
træf	ˈtʁaf
træffe	ˈtʁafə
træffedes	ˈtʁafəðəs
træffende	ˈtʁafənə
træffer	ˈtʁafɐ
træffes	ˈtʁafəs
træg	trɛɡ
træge	trɛɡə
træk	trɛk
trække	trɛkə
trækkerdreng	trɛkərdrɛŋ
træl	ˈtʁal
trældom	ˈtʁalˌdʌm
trælle	ˈtʁalə
træls	ˈtʁals
trælsom	ˈtʁalˌsʌm
træn	trɛŋ
træne	trɛnə
træner	trɛnər
trænet	trɛnəð
trænge	trɛŋə
træskonæb	ˈtʁaˌsɡoˌnɛb
træt	trɛt
trætte	trɛtə
trættekær	trɛtəkɛr
trævl	trɛvl
trøffel	ˈtʁœfəl
trøflen	ˈtʁœflən
trøfler	ˈtʁœflɐ
trøje	trøjə
tud	ˈtuð
tude	ˈtuðə
tudse	ˈtusə
tugt	ˈtɔɡd
tumult	tumult
tun	tun
tung	ˈtɔŋ
tunge	ˈtɔŋə
tunika	tunika
tupilak	tupiˈlɑɡ
tur	tur
turbine	turbinə
turde	ˈtoɐ
turdet	ˈtoɐð
turkis	tyrkis
tusind	ˈtusənə
tut	ˈtud
tutte	ˈtudə
tvang	tvaŋ
tvedragt	ˈtʋeˌdʁɒɡd
tvetydig	tvetydi
tveægget	tveɛɡət
tvilling	ˈtwɪlɪŋ
tvinge	tveŋə
tviste	ˈtvestə
tvivl	tvivl
tvær	tvɛr
tvære	tvɛrə
tværs	tvɛrs
tvært	tvɛrt
tvætte	tvɛdə
ty	ˈty
tyd	tyd
tyde	ˈtyðə
tydelig	ˈtyðəli
tydeligvis	ˈtyðəliˈvis
tyfon	tyfon
tyfus	ˈtyfus
tyfussen	ˈtyfusn
tyg	ˈtyɡ
tygge	ˈtyɡə
tyggede	ˈtyɡəðə
tygger	ˈtyɡɐ
tygget	ˈtyɡəð
tyk	tyk
tykkes	ˈtykəs
tykmælk	tykmɛlk
tyktarm	ˈtyɡtɑm
tynd	tøn
tyndtarm	ˈtøntɑm
tyngde	ˈtøŋdə
tyngdekraft	ˈtøŋdəˌkʁɑfd
tyr	ˈtyɐ
tyran	tyˈʁɑn
tyre	ˈtyɐ
tyrker	tyrkər
tyrkiet	tyɐˈkiəð
tyrkisk	tyrkisk
tysk	tysk
tysker	ˈtysɡɐ
tyskertøs	tyskərtøs
tyskland	ˈtysɡˌlan
tyst	ˈtysd
tyv	ˈtyw
tyve	tyvə
tyvende	ˈtyvənə
tyver	tyvər
tzatziki	dsɑdˈsiɡi
tå	tɔ
tåge	ˈtɔwə
tåle	ˈtɔlə
tålmod	ˈtɔlˌmoð
tålmodig	tɔlmodi
tår	ˈtɔr
tåre	ˈtɔrə
tårn	tɒn
tårne	tɔrnə
tæft	tɛft
tække	ˈtɛɡə
tækkelig	ˈtɛɡəli
tæmme	tɛmə
tænde	tɛnə
tænder	tɛnər
tændt	ˈtɛnd
tænke	tɛnkə
tænkt	ˈtɛŋd
tænkte	tɛnktə
tæppe	tɛpə
tærske	tɛrskə
tærskel	tɛrskəl
tæske	tɛskə
tæt	tɛt
tæthed	ˈtɛdˌheð
tætte	ˈtɛdə
tøffelhelt	tøfəlhɛlt
tøj	ˈtɔj
tøjet	ˈtʌjəð
tøjhus	ˈtʌjˌhus
tøjle	ˈtʌɪlə
tøjr	ˈtʌjʌ
tøjte	tøjtə
tølt	tœlt
tømme	tœmə
tømmermænd	tœmərmɛnd
tømrer	tœmrər
tønde	ˈtønə
tør	tœr
tørklæde	ˈtɶɐˌklɛðə
tørst	tœrst
tørstig	tœrsti
tøs	tøs
tøve	ˈtøvə
tøven	ˈtøvən
uafladelig	uɑwˈlæðəli
uagtet	ˈuˌɑɡdəð
uartig	uartiɡ
ubehag	ˈubeˌhæj
ubestemmelig	ubeˈsdɛməli
ubestemt	ubeˈsdɛmd
ubrugelig	uˈbʁuəli
ubønhørlig	ubœnhørli
ud	uð
udadvendt	udadvɛndt
uddateret	uddaterət
ude	udə
udeblev	ˈuðəˌblew
udebleven	ˈuðəˌblewən
udeblevet	ˈuðəˌblewəð
udeblevne	ˈuðəˌblewnə
udeblive	ˈuðəˌbliwə
udebliven	ˈuðəˌbliwən
udebliver	ˈuðəˌbliwɐ
udelukke	udəlɔkə
udelukkende	udəlɔkənə
uden	ˈuðən
udenlands	uðənˌlans
udenlandsk	uðənlansk
udforske	ˈuðˌfɒsɡə,ˈuðˌfɒsɡə
udgift	udɡift
udholde	ˈuðˌhʌlə
udklædning	ˈuðˌklɛðneŋ
udklædt	ˈuðˌklɛd
udland	ˈuðˌlan
udlede	uðleðə
udlejer	udlajər
udlændig	uðˈlɛndi
udlænding	ˈuðˌlɛneŋ
udrede	uðreðə
udrensning	udrɛnsnenɡ
udrydde	udrydə
udsagn	ˈuðˌsɑwn
udsagnsord	ˈuðsɑwnsˌoɐ
udseende	udseənə
udsigt	ˈuðˌseɡd
udskud	udskud
udstede	ˈuðˌsdɛðə
udstykke	ˈuðˌsdøɡə
udtalelse	ˈuˌtæləlsə
udtryk	udtrøk
udtrykke	udtrœkə
udvikle	ˈuðˌveɡlə
udvikling	uðveɡleŋ
udvortes	udvɔrtəs
udyr	udyr
uenig	uˈeni
ufolignelig	ufʌˈlinəli
uforanderlig	ufɔranərli
uforfærdet	ˈufʌˌfæɐdəð
uforlignelig	ufɔrlinəli
ufrivillig	ufrivili
ufødt	ˈuˌfød
uge	ˈuə
ugedag	uədæ
ugentlig	ˈuəndli
ugevis	ˈuəˌvis
ugift	uɡift
ugle	ˈulə
uglen	ˈuln
ugler	ˈulɐ
uglerne	ˈulɐnə
uheld	uhɛl
uheldig	uhɛldi
uhyre	ˈuˌhyɐ
uhyrlig	uˈhyɐli
uhørt	uhørt
uigennemsigtig	ˈʊiˌɡenəmˌsɪkti
ukendt	ˈuˌkɛnd
ukrudt	ukrut
uld	ˈul
ulden	ˈulən
ulig	ˈuˌli
ulige	ˈuˌliə
uligt	ˈuˌliɡd
ulk	ulk
ulme	ˈulmə
ulovlig	uˈlɒwli
ulovlige	uˈlɒwlii
ulovligt	uˈlɒwlid
ultimatum	ultimatɔm
ultralyd	ultralyd
ulv	ulv
ulydig	uˈlyði
ulydighed	uˈlyðiˌhɛð
ulykke	uløkə
ulykkelig	uløɡəli
ulykkesbil	ˈuløɡəsˌbil
ulyst	uløst
umage	ˈuˌmæjə
umami	uˈmɑmi
umbra	ɔmbra
umulighed	umulihed
unddrage	ˈɔnˌdʁɑwə
unde	onə
under	onər
underhold	ˈɔnʌˌhʌl
underholde	ˈɔnʌˌhʌlə
underlag	ˈɔnɐˌlæɪ
underlig	ˈɔnʌli
underskrive	onərskrivə
underskud	ˈɔnʌˌsɡuð
underslæb	ˈonɐˌslɛb
undersættelse	ˈɔnɐˌsɛdəlsə
undertiden	ɔnərtidən
undertøj	onərtøj
undfange	ˈɔnˌfɑŋə
undgå	ˈɔnˌɡɔ
undgælde	onɡɛlə
undr	ˈɔndɐ
undre	ˈɔndʁɐ
undrede	ˈɔndʁɐðə
undredes	ˈɔndʁɐðəs
undren	ˈɔndʁɐ
undrende	ˈɔndʁɐnə
undrer	ˈɔndʁɐ
undres	ˈɔndʁɐs
undret	ˈɔndʁɐð
undskyld	ˈonˌsɡyl
undsætte	ˈɔnˌsɛdə
undtag	ˈɔnˌtæ
undtage	ˈɔnˌtæ
undtagen	ˈɔnˈtæjən
undtager	ˈɔnˌtɑ
undtaget	ˈɔnˌtæəð
undtagne	ˈɔnˌtæjnə
undtog	ˈɔnˌto
undulat	ondulat
undvige	onviə
undvære	ˈɔnˌʋɛɐ
ung	ˈɔŋ
ungarer	ɔnɡarər
ungarsk	ɔnɡarsk
ungdom	ɔnɡdɔm
ungdommelig	ɔŋˈdʌməli
unge	ˈɔŋə
ungkarl	ɔnɡkal
ungt	onɡt
unik	unik
unilateral	ˈuniladəˌʁɑl
union	uniˈon
univers	univɛrs
universitet	uniʋaɐsiˈted
unyttig	unøti
unødvendig	unøðˈʋɛndi
unødvendige	unøðˈʋɛndii
unødvendigt	unøðˈʋɛndid
uomgængelig	ʌmˈɡɛŋəli
uoverlagt	ˈuɒwɐˌlɑɡd
uovertruffen	ˈuɒwʌˌtʁɔfən
uparfumeret	ˈupɑfyˌmeʌð
ur	ˈuɐ
uret	ˈuˌrɛt
urgammel	ˈuɐˌɡaməl
urgermansk	urɡɛrmansk
urin	urin
urinal	urinal
urinale	urinalə
urindoeuropæisk	ˈurendoøwroˌpɛisk
urinsekt	urensɛkt
ursuppe	ursɔpə
urt	urt
urtid	ˈuɐˌtið
uræmi	urɛmi
usagt	ˈuˌsɑɡd
usammenlignelig	usɑmənˈlinəli
usikker	usekər
uskreven	uskrevən
uskyldig	uskyldi
ussel	ˈusəl
usynlig	usynli
usynlighed	uˈsynliˌheð
utallig	utali
utilfreds	ˈuteˌfʁɛs
utilfredsstillende	ˈutefʁɛsˌsdelənə
utilgivelig	utelɡivəli
utrolig	utroli
utryg	utrøɡ
utvetydig	ˈutveˌtyði
utvivlsom	utvivlsɔm
utydelig	uˈtyðəli
utæt	ˈuˌtɛd
utæthed	ˈutɛdˌheð
utøj	ˈuˌtʌj
uundgåelig	uɔnˈɡɔəli
uvejr	ˈuˌʋɛɐ
uvis	ˈuˌves
uvægerlig	uˈʋɛjɐli
uværdig	ˈuˌvɛrdi
uvæsen	ˈuˌvɛsən
vabel	vabəl
vad	vad
vag	vaɡ
vage	vaɡə
vagn	vaʊn
vagt	ˈvɑɡd
vagtel	ˈvɑɡdəl
vagtelkonge	ˈvɑɡdəlˌɡʌŋə
vakt	ˈʋɑɡd
vakte	ˈʋɑɡdə
vaktes	ˈʋɑɡdəs
vakuum	vakuɔm
val	ˈval
valen	ˈvælən
valg	valɣ
valgt	ˈʋald
valgte	ˈʋaldə
valke	valkə
valkyrie	valkyriə
vallak	ˈvalɑk
vals	vals
valsen	valsən
valte	ˈvaltə
vammel	vaməl
vampyr	vampyr
vams	vams
van	van
vand	ˈvan
vandbakkelse	ˈʋanˌbɑɡəlsə
vande	vanə
vandet	ˈvanəd
vandfarve	vanfarvə
vandløs	ˈʋænløs
vandmelon	vanmelon
vandr	vandər
vandrefalk	vandrəfalk
vandrestjerne	vandrəstjɛrnə
vane	vanə
vanedyr	ˈvænəˌdyɐ
vanske	ˈvansɡə
vanskelig	ˈvansɡəli
vant	ˈʋand
vantro	vantro
vanvid	ˈʋanˌʋið
vanvittig	ˈʋanˌʋidi
vanvittige	ˈʋanˌʋidii
vanvittigt	ˈʋanˌʋidid
vappe	ˈvɑbə
var	ˈʋɑ
vare	varə
varetage	ˈʋɑɑˌtæ
varetægt	ˈʋɑɑˌtɛɡd
variant	vɑiˈand
varlig	ˈvɑli
varmeovn	ˈʋɑməˌɒwn
varpe	ˈvɑbə
varsel	varsəl
varsle	varslə
varsom	varsɔm
varsomhed	ˈvɑsʌmˌheð
varte	ˈvɑdə
varulv	ˈvarˌulv
vasal	vasal
vase	vasə
vaskebjørn	vasɡebjøʁn
vaskeklud	vaskəklud
vaskemaskine	vaskəmaskinə
vaskemiddel	vaskəmidəl
ve	ve
ved	ˈʋeð
vederkvæge	ʋeðɐˈkʋɛjə
vedrøre	veðrørə
vedrørende	ˈʋeðˌʁɶɐnə
vedtage	ˈʋeðˌtæ
vedtægt	ˈʋeðˌtɛɡd
veer	veər
vege	veɡə
vegetar	vɛɡəˈtɑ
vegne	ˈʋɑjnə
vej	ˈʋɑj
veje	ˈvɑjə
vejede	ˈvɑjðð
vejlede	vajleðə
vejledning	vajleðneŋ
vejr	ˈvɛr
vejre	ˈʋɑjʁɐ
vejret	ˈvɛrəð
vejrgud	ˈvɛɐˌkuð
vejrhane	vɛrhanə
vejrudsigt	ˈʋɛɐuðˌseɡd
vel	ˈvɛl
velbehag	ˈvɛlbeˌhæj
velberåd	ˈvɛlbeˌʁɔð
velfærd	vɛlfɛr
velfærdssamfund	ˈʋɛlfɛɐssɑmˌfɔn
velfærdsstat	ˈʋɛlfɛɐsˌsdæd
velkendt	ˈvɛlkɛndt
velkommen	ˈvɛlˌkɔmən
vellevned	vɛllɛvnəð
velocipede	velosipeðə
velsmagende	ˈvelˌsmæjənə
ven	vɛn
vend	vɛn
vende	ˈʋɛnə
veninde	vɛnenə
venlig	ˈvɛnli
venlighed	ˈvɛnliheð
vennen	vɛnən
venskab	ˈvɛnˌsɡæb
venskabsby	vɛnskabsby
vent	ˈvɛnd
vente	vɛntə
verbum	ˈʋaɐbɔm
verden	ˈʋaɐdn
verdenskrig	vɛrdənskri
verdensmester	vɛrdənsmɛstər
verdensstjerne	ˈvɛɒdənssdjɛɒnə
verdslig	ˈʋaɐdsli
verfe	ˈʋaɐrfə
vest	vɛst
vestkyst	ˈʋɛsdˌkøsd
vesttysk	ˈvɛsttysk
veteran	vetəran
vi	vi
via	ˈviæ
vibe	ˈvibə
viborg	ˈviˌbɒ
vid	ˈʋið
vide	viðə
viden	viðən
videnskab	ˈʋiðˠnˌsɡæb
videre	vidərə
vidje	ˈviðjə
vidne	ˈviðnə
vidst	ˈʋesd
vidste	ˈʋesdə
vidt	ˈvid
vidunder	ˈʋiðˌɔnɐ
vidunderlig	ʋiðˈɔnɐli
vig	vi
vige	viə
vigtig	ˈveɡdi
vigtighed	ˈveɡdiˌheð
viking	ˈvikeŋ
vikunja	viˈkunja
vil	vil
vild	ˈʋil
vilde	ˈʋilə
vildsvin	vilsvin
vildt	ˈʋild
vilje	viljə
viljestyrke	viljəstyrkə
ville	vilə
villig	vili
vin	vin
vind	ʋend
vindbøjtel	venbøjtəl
vinde	venə
vinder	venər
vindruekerneolie	ˈʋinˌdʁuəˌkæɐnəˌoljə
vindskede	ˈvensɡeðə
vindue	vendu
vingegaard	ˈvɪŋəɡɔr
vinke	venkə
vinter	ˈvendɐ
vintervejr	ˈvendʌˈvɛɐ
violin	violin
violinist	violinist
vippe	vebə
vipstjert	ˈvebˌsdjæɐd
virak	virak
viril	viril
virolog	virolo
vis	ˈʋis
visa	visa
visdom	visdɔm
vise	ˈʋisə
vished	ˈvesˌheð
visk	ˈʋesɡ
viske	ˈʋesɡə
visken	ˈʋesɡən
viskestykke	veskəstøkə
vist	ˈʋesd
visum	visɔm
vitamin	vitamin
vitaminpille	vitaminpelə
vits	ˈʋids
vittighed	vitihed
vogn	vɔvn
vogte	ˈʋʌɡdə
vogter	ˈʋʌɡdɐ
vokse	vɔksə
voksen	vɔksən
volapyk	volapyɡ
vold	vɔl
volde	vɔlə
voldtægt	ˈʋʌlˌtɛɡd
vom	vɔm
vor	vɔr
vorde	vɔrdə
vordede	vɔrdəðə
vorden	vɔrdən
vordende	vɔrdənə
vorder	vɔrdər
vordet	vɔrdəðə
vores	ˈʋɒɒs
vornedskab	ˈvɒnəðˌsɡæb
vort	ˈvɒd
vorte	vɔrtɘ
vov	vɔv
vove	vɔvə
vovede	vɔvəðə
vovedes	vɔvəðəs
voven	vɔvən
vover	vɔvər
voves	vɔvəs
vovet	vɔvəd
vrag	vrav
vrage	vravə
vrang	vranɡ
vred	vreð
vrede	vredə
vrid	vrid
vride	vriðə
vrik	vrek
vrikke	vrekə
vrinske	ˈvʁɛnsɡə
vrå	ˈʋʁɔ
vrøvl	vrøvl
vrøvle	vrøvlə
vrøvlede	vrøvləða
vrøvlen	vrøvlən
vrøvlende	vrøvlənə
vrøvler	vrøvlər
vrøvlet	vrøvləð
vuf	vuf
vugge	voɡə
vuggestue	voɡəstuə
vulgær	vulɡɛr
vunden	ˈvɔnən
vundne	ˈvɔnnə
vurdere	ʋuɐˈdeɐ
våben	vɔbən
våd	vɔð
våde	vɔðə
vådt	ˈʋʌd
våg	vɔɣ
våge	vɔɣə
vågede	vɔɣəðə
vågen	ˈʋɔwən
våger	vɔɣər
våges	vɔɣəs
våget	vɔɣəð
vågn	ˈʋɔwn
vågne	ˈʋɔwnə
vågnede	ˈʋɔwnəðə
vågner	ˈʋɔwnɐ
vågnet	ˈʋɔwnəð
vånde	ˈvʌnə
vår	vɔr
væd	vɛd
vædde	vɛðə
vædder	vɛðər
væde	vɛðə
væg	ˈʋɛɡ
væge	vɛɡə
vægre	ˈʋɛjʁɐ
vægt	ˈʋɛɡd
vægte	ˈʋɛɡdə
vægter	ˈʋɛɡdɐ
vægtning	ˈʋɛɡdneŋ
væk	ˈvɛɡ
vække	vɛkə
vækkede	ˈʋɛɡəðə
vækkedes	ˈʋɛɡəðəs
vækkelse	ˈvɛɡəlsə
vækken	ˈʋɛɡən
vækkende	ˈʋɛɡənə
vækker	ˈʋɛɡɐ
vækkes	ˈʋɛɡəs
vækket	ˈʋɛɡəð
vækning	ˈʋɛɡneŋ
vækst	vɛkst
vælge	ˈʋɛljə
vælger	vɛljər
vælte	vɛltə
væltepeter	vɛltəpetər
væmmes	ˈvæmə
væn	ˈvɛn
vænne	ˈvɛnə
vær	vɛr
værd	ˈvɛr
værdi	vɛrˈdi
værdifuld	vɛrdiful
værdig	ˈvɛrdi
værdighed	vɛrdihed
værdiløs	vɛrdiløs
være	ˈvɛʁə
værelse	ˈʋaɐlsə
væren	ˈʋɛɐn
værg	ˈʋaɐw
værge	ˈʋaɐwə
værgede	ˈʋaɐwəðə
værgedes	ˈʋaɐwəðəs
værgen	ˈʋaɐwɐn
værgende	ˈʋaɐwənə
værgens	ˈʋaɐwəns
værger	ˈʋaɐwɐ
værgerne	ˈʋaɐwɐnə
værgernes	ˈʋaɐwɐnəs
værgers	ˈʋaɐwɐs
værges	ˈʋaɐwəs
værget	ˈʋaɐwəð
værgets	ˈʋaɐwəðs
værk	ˈʋaɐɡ
værktøj	ˈvaɐɡˌtʌj
værktøjet	ˈvaɐɡˌtʌjəð
værn	ˈʋaɐn
værne	ˈʋaɐnə
værnemager	ˈʋaɐnəˌmæjɐ
værnemagt	ˈʋaɐnəˌmɑɡd
værpe	ˈʋaɐrbə
værre	vɛrə
værst	vɛrst
værste	vɛrstə
værsågod	væɐˈsɡo
vært	ˈʋaɐd
værten	ˈʋaɐdn
værterne	vɛrtərnə
værtinde	vɛrtenə
væsel	ˈvɛsəl
væsen	ˈvɛsən
væsentlig	ˈvɛsəndli
vætte	ˈʋɛdə
væv	vɛv
vølve	vœlvə
walbom	ˈʋalbɔm
walisisk	valisisk
warszawa	vɑˈsjava
wc	vese
website	ˈwɛbˌsɑjd
weekend	ˈviˌɡɛnd
whiskysovs	ˈʋisɡiˌsɒʊs
whist	vest
wienerbrød	vinɐbrøð
wiki	ˈviki
xanthippe	sanˈtibə
xenofobi	senofoˈbi
yde	ˈyðˠə
ydelse	ˈyðˠəlsə
yderligere	ˈyðʌliʌʌ
yderlighed	ˈyðʌliˌheð
ydmyg	yðmy
ydmygelse	ˈyðˌmyəlsə
ydre	yðrə
ymte	ˈømdə
ynde	ønə
yndling	ˈønliŋ
yngling	ˈøŋliŋ
yngre	ˈøŋʁɐ
yngst	ˈøŋsd
yngste	ˈøŋsdə
ynke	ˈøŋɡə
ynkelig	ˈøŋɡəli
ynkes	ˈøŋɡəs
yoga	ˈjoɡa
ypsilon	ypsilɔn
yt	yt
ytre	ˈydʁɐ
ytring	ytrɛnɡ
ytringsfrihed	ytrenɡsfrihed
yver	yvər
zar	sar
zarina	sarina
zen	ˈsɛn
zeugma	ˈsœwɡma
zeus	søvs
zink	senk
zodiakus	soˈdiakus
zone	sonɘ
zucchini	sukini
åben	ɔbən
åbenbar	ˈɔbənˌbɑ
åbenbare	ˌɔbənˈbɑɑ
åbn	ˈɔbən
åbne	ˈɔbnə
åd	ɔd
ådsel	ˈʌsəl
åg	ɔv
åger	ˈɔwɐ
ågerkarl	ˈɔwɐˌkæl
ågre	ˈɔwʁʌ
ål	ɔl
ålborg	ɔlbɔr
ånd	ɔn
ånde	ɔnə
ånden	ʌnən
åndet	ɔnəd
ångstrøm	ɔnɡstrœm
år	ɔr
åre	ˈɒɒ
århusianer	ɔrhusˈjanər
århusiansk	ɔrhusjansk
årle	ɔrlə
årlig	ɔrli
årsag	ɔrsaɣ
årsdag	ɔrsdaɡ
årstid	ɔrstid
årti	ɔrti
årvågen	ˈɒˌvɔwən
årvågenhed	ˈɒvɔwənheð
ås	ɔs
åsted	ˈɔˌsdɛð
åsyn	ˈɔˌsyn
æble	ɛblə
æbleskive	ˈɛbləˌsɡivə
æblesnitte	ɛbləsnid
æblet	ˈɛbləð
æbletræ	ˈɛbləˌtʁɛ
æde	ɛðə
ædel	ˈɛðəl
ædelse	ˈɛðəlsə
ædru	ˈɛˌdʁu
ædruelig	ɛˈdʁuəli
æg	ɛɡ
ægge	ˈɛɡə
æggende	ˈɛɡənə
æggene	ɛɡənə
æggestok	ɛɡəstɔk
ægget	ˈɛɡəð
ægte	ˈɛɡdə
ægtefælle	ɛɡtəfɛlə
ægtemand	ɛɡtəman
ægteskab	ˈɛɡdəˌsɡab
ægteskabsbryder	ˈɛɡdəsɡabsˌbʁyðʌ
ækel	ɛkəl
ækvator	ɛkvatər
ælde	ˈɛlə
ældre	ˈɛldʁɐ
ældst	ˈɛlsd
ældste	ˈɛlsdə
ælling	ˈɛlenɡ
ændre	ɛndrə
ændring	ɛndreŋ
ændringsforslag	ɛndreŋsfɔrslaɣ
ængstelig	ˈɛŋsteˌli
ære	ˈɛʌ
ærgerlig	ˈaɐwɐli
ærgre	ˈɛrɡrə
ærinde	ɛrənə
ærkeengel	ɛrkəɛnɡəl
ærlig	ɛrli
ærme	ɛrmə
ært	ɛrt
æsel	ˈɛsəl
æske	ɛskə
æt	ˈɛd
æter	ˈɛdɐ
æts	ˈɛds
ætse	ˈɛdsə
ætten	ˈɛdən
ætter	ˈɛdɐ
øde	øðə
ødegård	øðəɡɔr
ødelægge	øðəlɛɡə
ødelæggelse	ˈøðəˌlɛɡəlsə
ødipal	ødiˈpæl
ødipus	ˈødipus
ødipuskompleks	ˈødipuskʌmˌplɛɡs
øg	øɣ
øge	øjə
øgenavn	øjənavn
øgle	ɔjlə
øh	ə
øje	ɔjə
øjeblik	øjəblek
øjebæ	ˌʌɪˈpe
øjendråber	øjəndrɔbər
øjet	ˈɔjəð
øjne	ɔjnə
øjnene	øjnənə
øjnes	ɔjnəs
økonomi	økonomi
økse	øksə
økumenisk	økumenisk
øl	øl
øldåse	øldɔsə
øllen	ølən
ølmave	ølmavə
øm	œm
ømfindtlig	œmfentli
ønske	ønsɡə
ønskedrøm	ønskədrœm
ønsketænkning	ønskətɛnknenɡ
ør	ør
øre	ørə
øreflip	ørəflep
ørering	ørərenɡ
øresund	ˈøɐsɔn
øresundsbroen	ˈøɐsɔnsˌbʁon
ørke	ˈørɡə
ørken	œrkən
ørkesløs	œrkəsløs
ørn	œrn
ørred	ˈɶɐʌðˠ
ørsted	ɶɐsdɛð
øst	ˈøsd
østersøen	ˈøsdɐˌsøən
østkyst	ˈøsdˌkøsd
østrig	østri
østtysk	ˈøsttysk
øv	œv
øve	ˈøvə
øverst	ˈøvərst
øvre	ˈøvrə
øvrig	øvri
