أبطيح جماعة ترابية قروية كاينة ف إقليم طانطان، جهة ݣلميم واد نون، ساكنين فيها 264 واحد، على حسب لإحصاء لعام 2014.	ʔabtˤˈiːħ ʒamˈaːʕa turaːbˈijːa qarawˈijːa kˈaːjina f ʔiqlˈiːm tˤaːntˤˈaːn , ʒˈiha ɡlimˈiːm wˈaːd nˈuːn , saːkinˈeːn fˈiːhaː miʔataːn wa ʔarbaʕa wa sittuːn wˈaːħid , ʕˈalaː ħˈasab liʔiħsˤˈaːʔ liʕˈaːm ʔalfaːn wa ʔarbaʕata ʕaʃar .
أخفنّير جماعة ترابية قروية كاينة ف إقليم طرفاية، جهة لعيون ساقية لحمرا، ساكنين فيها 2280 واحد، على حسب لإحصاء لعام 2014.	ʔaxfanˈiːr ʒamˈaːʕa turaːbˈijːa qarawˈijːa kˈaːjina f ʔiqlˈiːm tˤarafˈaːja , ʒˈiha liʕujˈuːn sˈaːqija liħˈumraː , saːkinˈeːn fˈiːhaː ʔalfaːn wa miʔataːn wa θamaːnuːn wˈaːħid , ʕˈalaː ħˈasab liʔiħsˤˈaːʔ liʕˈaːm ʔalfaːn wa ʔarbaʕata ʕaʃar .
نسبة لبطالة (نّاس لّي ما خدامينش و تايقلبو على خدمة): 2,5%	nˈisba libatˤˈaːla nˈaːs lˈiː mˈaː xadaːmˈiːnʃ w tˈaːiqilbuː ʕˈalaː xˈidma , iθnaːn , xamsa fˈiː almˈiʔa
كتصنف ولاد عياد ف لمناخ لمتوسطي لقاري لي ناشف، لي فيه شتا باردة، ؤ صيف سخون، كتوصل لموايان د لحرارة لماكس 29.71 ومينيموم ل 13.05، لموايان د شتا لي كاتطيح هو 438.42 مليمتر ف لعام، و ماكاتكونش منتاضمة ف لعام.	katasˤˈanːuf wilˈaːd ʕeːˈaːd f limunˈaːx limutawasːˈitˤiː liqˈaːriː lˈiː nˈaːʃif , lˈiː fˈiːh ʃˈataː bˈaːrida , ʔ sˤˈeːf suxˈuːn , katawˈasˤːul limuwaːjˈaːn d liħarˈaːra limˈaːkis tisʕa wa ʕiʃruːn fˈaːsˤila sabʕa waːħid wamiːniːmˈuːm l θalaːθata ʕaʃar fˈaːsˤila sˤifr xamsa , limuwaːjˈaːn d ʃˈataː lˈiː kaːttˤˈiːħ hˈuː ʔarbaʕumiʔa wa θamaːnija wa θalaːθuːn fˈaːsˤila ʔarbaʕa iθnaːn mulˈiːmtar f liʕˈaːm , w maːkaːtkˈuːnʃ muntˈaːdˤima f liʕˈaːm .
تسمّات مدينة بيوگرا بهاد لاسم نسبةً لأصل ديالها لمرتابط ب تاريخ ديال لمنطقة، حيث كانت معروفة بنشاط اقتصادي مهم فواحد لفترة، قبل ما يتراجع هاد دور مع لوقت، وهاد شي أتر حتى على لجوانب تقافية وتاريخية ديالها.	tasimˈaːt madˈiːna bijˈuːɡraː bihˈaːd lˈism nˈisba liʔˈasˤl dijaːlˈihaː limurtˈaːbitˤ b taːrˈiːx dajˈaːl limintˤˈiqa , ħˈeːt kˈaːnat maʕrˈuːfa binaʃˈaːtˤ iqtisˤaːdˈijː muhˈimː fawˈaːħid lifˈatra , qˈabl mˈaː jatarˈaːʒaʕ hˈaːd dˈuːr mˈaʕ liwˈaqt , wahˈaːd ʃˈeː ʔˈatar ħˈatːaː ʕˈalaː liʒawˈaːnib taqˈaːfija wataːriːxˈijːa dijaːlˈihaː .
تيزݣزاوين جماعة ترابية قروية كاينة في إقليم تارودانت، جهة سوس ماسة، ساكنين فيها 5272 نسمة، على حسب الإحصاء العام 2014.	tiːziɡzaːwˈiːn ʒamˈaːʕa turaːbˈijːa qarawˈijːa kˈaːjina fˈiː ʔiqlˈiːm taːruːdˈaːnt , ʒˈiha sˈuːs mˈaːsːa , saːkinˈeːn fˈiːhaː xamsa ʔaːlaːf wa miʔataːn wa iθnaːn wa sabʕuːn nˈasama , ʕˈalaː ħˈasab alʔiħsˤˈaːʔ alʕˈaːmː ʔalfaːn wa ʔarbaʕata ʕaʃar .
نسبة الناس اللي خدامين في الدولة (و البيطاليين اللي سبق ليهوم خدمو): 5,8%	nˈisba anːˈaːs alːˈeː xudːaːmˈeːn fˈiː adːˈoːla w albeːtˤaːlijːˈiːn alːˈeː sˈabaq lijahˈuːm xˈadmuː , xamsa , θamaːnija fˈiː almˈiʔa
نسبة نّاس اللي خدامين في لقطاع لخاص (ولا لعاطلين اللي سبق ليهوم خدمو):56,3%	nˈisba nˈaːs alːˈeː xudːaːmˈijn fˈiː liqitˤˈaːʕ lixˈaːsˤː wˈalaː liʕaːtˤilˈiːn alːˈeː sˈabaq lijahˈuːm xˈadmuː , sitta wa xamsuːn , θalaːθa fˈiː almˈiʔa
نسبة الناس اللي خدامين في الدولة (أولا البيطاليين اللي سبق ليهوم خدمو): 15%	nˈisba anːˈaːs alːˈeː xudːaːmˈeːn fˈiː adːˈoːla ʔoːˈalaː albeːtˤaːlijːˈiːn alːˈeː sˈabaq lijahˈuːm xˈadmuː , xamsata ʕaʃar fˈiː almˈiʔa
دار واحد المجموعة سماها إزماز ف عام 1976 و من بعد مجموعة أرشاش عام 1979 ملي كان ف الدارلبيضا مع صحابو لي جاو من دوار ديالو.	dˈaːr wˈaːħid almaʒmˈuːʕa samːˈaːhaː ʔizmˈaːz f ʕˈaːm ʔalf wa tisʕumiʔa wa sitta wa sabʕuːn w mˈin bˈaʕd maʒmˈuːʕa ʔarʃˈaːʃ ʕˈaːm ʔalf wa tisʕumiʔa wa tisʕa wa sabʕuːn malˈijː kˈaːn f adːaːrilbˈiːdˤaː mˈaʕ sˤaħˈaːbuː lˈiː ʒˈaːw mˈin duwˈaːr dajˈaːluː .
لمملكة لمتحدة عندها قتيصاد قوي، هو السادس فلعالم، وعندها الطاقة النووية. هي داخلة فبزاف د لمنظمات دولية بحال لأمم لمتحدة (عضو دائم ف مجلس لأمن) و منظمة التجارة لعالمية و حلف الشمال لأطلسي. كانت داخلة تا ف ليتيحاد لأوروپي من 1973، ولكن خرجات منًو ف يناير 2020.	limamlˈaka limutːˈaħida ʕindˈahaː qitiːsˤˈaːd qawˈijː , hˈuː asːˈaːdis falaʕˈaːlam , waʕindˈahaː atˤːˈaːqa anːawawˈijːa . hˈiː dˈaːxila fabizˈaːf d limunadˤːamˈaːt doːlˈijːa biħˈaːl liʔˈumam limutːˈaħida ʕˈudˤw dˈaːʔim f mˈaʒlis liʔˈamn w munadˤːˈama atːiʒˈaːra liʕaːlamˈijːa w ħˈalaf aʃːamˈaːl liʔatˤlˈasiː . kˈaːnat dˈaːxila tˈaː f lijatijaħˈaːd liʔuːrˈuːpiː mˈin ʔalf wa tisʕumiʔa wa θalaːθa wa sabʕuːn , walˈakin xaraʒˈaːt manˈuwː f janˈaːjir ʔalfaːn wa ʕiʃruːn .
لمنابها جماعة ترابية قروية كاينة ف عمالة مراكش، جهة مراكش آسفي، ساكنين فيها 12893 واحد، على حسب لإحصاء لعام 2014.	limunaːbˈihaː ʒamˈaːʕa turaːbˈijːa qarawˈijːa kˈaːjina f ʕimˈaːla marˈaːkiʃ , ʒˈiha marˈaːkiʃ ʔaːsfˈijː , saːkinˈeːn fˈiːhaː iθnaː ʕaʃar ʔalf wa θamaːnumiʔa wa θalaːθa wa tisʕuːn wˈaːħid , ʕˈalaː ħˈasab liʔiħsˤˈaːʔ liʕˈaːm ʔalfaːn wa ʔarbaʕata ʕaʃar .
ف صّناعة د جّاج، كيتستعمل لهيدروجين ك مناخ حامي باش يتصنّعو لواح ملسة ديال جّاج، ؤ ف ليليكترونيك كيتخدم ف تصنيع شّقفات لإليكطرونية.	f sˤinˈaːʕa d ʒˈaːʒ , kajatastˈaʕmal liheːdruːʒˈiːn k munˈaːx ħˈaːmiː bˈaːʃ jatasˤanːˈaʕuː luwˈaːħ mˈalsa dajˈaːl ʒˈaːʒ , ʔ f liːliːkitruːnˈiːk kijataxˈadːam f tasˤnˈiːʕ ʃuqufˈaːt liʔiliːkitˤruːnˈijːa .
ؤروپا (ولّا يوروپا) هي واحد لقارة ملاصقة مع أسيا من جوج جيهات: جبال ديال لأورال ف روسيا، و مضيق لبوسفور ف تركيا.	ʔurˈuːpaː wˈalaː juːrˈuːpaː hˈiː wˈaːħid liqˈaːra mulˈaːsˤiqa mˈaʕ ʔasˈijːaː mˈin ʒˈuwʒ ʒiːhˈaːt , ʒibˈaːl dijˈaːl liʔuwrˈaːl f rˈuːsjaː , w madˤˈiːq libuːsfˈuːr f turkˈijaː .
الروسية لغة رسمية ف روسيا، بيلاروسيا، كازاخستان و كيرݣيستان، و تاتهضر بزاف ف بلدان خرا واخا ماشي رسمية فيها بحال أوكرانيا و لبلدان د آسيا لوسطانية و لقوقاز و لبلطيق. الروسية وحدا من اللغات الرسمية الستة ديال لأمم لمتحدة.	arːuːsˈijːa lˈuɣa rasmˈija f rˈuːsjaː , biːlaːrˈuːsjaː , kaːzaːxistˈaːn w kiːrɡisatˈaːn , w taːtˈahdˤar bizˈaːf f buldˈaːn xˈarːaː wˈaːxaː mˈaːʃiː rasmˈija fˈiːhaː biħˈaːl ʔuːkrˈaːnjaː w libuldˈaːn d ʔˈaːsjaː luwustˤaːnˈijːa w liquwqˈaːz w libaltˤˈiːq . arːuːsˈijːa waħˈadːaː mˈin alːuɣˈaːt arːasmˈijːa asːˈitːa dijˈaːl liʔˈumam limutːˈaħida .
نسبة لأمية (نّاس لّي ما كايعرفوش يقراو ولا يكتبو) : 52,4%	nˈisba liʔumˈeː nˈaːs lˈiː mˈaː kaːjaʕirfˈuːʃ jaqrˈaːw wˈalaː jaktˈubuː , iθnaːn wa xamsuːn , ʔarbaʕa fˈiː almˈiʔa
نسبة لأمية (نّاس لّي ما كايعرفوش يقراو ولا يكتبو) : 34,9%.	nˈisba liʔumˈeː nˈaːs lˈiː mˈaː kaːjaʕirfˈuːʃ jaqrˈaːw wˈalaː jaktˈubuː , ʔarbaʕa wa θalaːθuːn , tisʕa fˈiː almˈiʔa .
​أكثر من النص ديال السكان ديال مدينة لحاجب هوما أمازيغ لي هاجرو ليها من لجماعات لقروية لي دايرة بيها من السبعينات ديال لقرن لماضي، ولي لقاو لخدمة فلغالب كحرايفية، وخياطة، وشيفورات ديال الطاكسيات، ولا فلمشاريع الصغيرة.	ʔˈaktar mˈin anːˈasˤː dajˈaːl asːukːˈaːn dajˈaːl madˈiːna liħˈaːʒib hˈuːmaː ʔamaːzˈiːɣ lˈiː hˈaːʒruː lˈeːhaː mˈin liʒamaːʕˈaːt liqarawˈijːa lˈiː dˈaːjira bˈiːhaː mˈin asːabʕiːnˈaːt dajˈaːl liqˈarn limˈaːdˤiː , walˈijː liqˈaːw lixˈidma faliɣˈaːlib kaħraːjifˈijːa , waxijˈaːtˤa , waʃeːfuːrˈaːt dijˈaːl atˤːaːkisijːˈaːt , wˈalaː falmaʃaːrˈiːʕ asˤːaɣˈiːra .
نسبة نّاس نّشيطين (لّي يقدرو يخدمو): 51,5%.	nˈisba nˈaːs naʃiːtˤˈeːn lˈiː jaqdˈiruː jaxdˈumuː , waːħid wa xamsuːn , xamsa fˈiː almˈiʔa .
نسبة لأمية (نّاس لّي ما كايعرفوش يقراو ولا يكتبو) : 22,9%.	nˈisba liʔumˈeː nˈaːs lˈiː mˈaː kaːjaʕirfˈuːʃ jaqrˈaːw wˈalaː jaktˈubuː , iθnaːn wa ʕiʃruːn , tisʕa fˈiː almˈiʔa .
مركز «تسضرت» أو «تمجوضين» (اللي معروف دابا بتبيهيت) كان مركز لحراسة لقوافل من الشفارة، وكانو الناس ديالو كياخدو لخلاص على هاد لخدمة (اللي كان كيتسمى قديماً "الماكوس"). هاد لموقع أتري قديم بزاف و اللي جا فوق لهضبة ، والآثار ديال لبني والمقابر لقديمة بحال مقبرة "عجلاين" كتشهد على هادشي.	mˈarkaz tasadˤːˈarat ʔˈoː tamʒuːdˤˈeːn alːˈeː maʕrˈuːf dˈaːbːaː bitabiːhˈiːt kˈaːn mˈarkaz liħirˈaːsa liqawˈaːfil mˈin aʃːafˈaːra , wakˈaːnuː anːˈaːs dijˈaːluː kajˈaːxduː lixalˈaːsˤ ʕˈalaː hˈaːd lixˈidma alːˈeː kˈaːn kajatasˈamːaː qadˈiːmaː almaːkˈuːs . hˈaːd limˈoːqiʕ ʔatrˈijː qadˈiːm bizˈaːf w alːˈeː ʒˈaː fˈoːq lihˈadˤba , walʔaːtˈaːr dajˈaːl libˈaniː walmaqˈaːbir liqadˈiːma biħˈaːl maqbˈara ʕaʒlˈaːjin kataʃˈahːud ʕˈalaː haːdˈiʃiː .
6 غشت ؤلا نهار 6 شهر 8 هوّا نّهار نمرة 218 من تّقويم لميلادي (219 يلا كان لعام مكبّس). باقين 147 يوم من موراه تال لّخر د لعام.	sitta ɣˈaʃat ʔˈalaː nahˈaːr sitta ʃˈahr θamaːnija hˈuwaː nahˈaːr nˈamira miʔataːn wa θamaːnijata ʕaʃar mˈin taqwˈiːm limiːlˈaːdiː miʔataːn wa tisʕata ʕaʃar jˈalaː kˈaːn liʕˈaːm mukˈabːas . baːqˈiːn miʔa wa sabʕa wa ʔarbaʕuːn jˈoːm mˈin moːrˈaːh tˈaːl laxˈarː d liʕˈaːm .
فإقليم قلعة السراغنة كاينين 4 ديال لجماعات الترابية لحضرية و 39 ديال لجماعات لقروية. هاد الجدول كايعطي عدد السكان ديال لبلديات فلإقليم:	faʔiqlˈiːm qˈalʕa asːarˈaːɣina kaːjinˈiːn ʔarbaʕa dijˈaːl liʒamaːʕˈaːt atːuraːbˈijːa liħadˤarˈijːa w tisʕa wa θalaːθuːn dijˈaːl liʒamaːʕˈaːt liqarawˈijːa . hˈaːd alʒˈadwal kaːjˈuʕtˤiː ʕˈadad asːukːˈaːn dajˈaːl libaladijːˈaːt faliʔiqlˈiːm ,
عدد السكان ديال لإقليم على حساب لإحصاء ديال 2014 هو 307,306 مفرقين على 38,067 فاميلة، و لميساحة ديالو هي 22,215 كم².	ʕˈadad asːukːˈaːn dajˈaːl liʔiqlˈiːm ʕˈalaː ħisˈaːb liʔiħsˤˈaːʔ dajˈaːl ʔalfaːn wa ʔarbaʕata ʕaʃar hˈuː θalaːθumiʔa wa sabʕa ʔalf wa θalaːθumiʔa wa sitta mufarːaqˈiːn ʕˈalaː θamaːnija wa θalaːθuːn ʔalf wa sabʕa wa sittuːn faːmˈiːla , w limiːsˈaːħa dajˈaːluː hˈiː iθnaːn wa ʕiʃruːn ʔalf wa miʔataːn wa xamsata ʕaʃar kˈam .
مولاي سليمان بن محمد (مزيود ف 28 يونيو 1766 ف تافيلالت، توفّى ف 28 نونبر 1822 ف مراكش) هو سلطان لي حكم لمغريب من بعد خوه يزيد بن محمد. حكم مابين 1792 و 1822.	moːlˈaːj suleːmˈaːn bn muħˈamːad mazjˈuːd f θamaːnija wa ʕiʃruːn jˈuːnjuː ʔalf wa sabʕumiʔa wa sitta wa sittuːn f taːfiːlˈaːlt , tuwˈufːi f θamaːnija wa ʕiʃruːn nˈuːnbar ʔalf wa θamaːnumiʔa wa iθnaːn wa ʕiʃruːn f marˈaːkiʃ hˈuː sultˤˈaːn lˈiː ħˈukm limaɣrˈiːb mˈin bˈaʕd xˈuːh jazˈiːd bn muħˈamːad . ħˈukm maːbːˈeːn ʔalf wa sabʕumiʔa wa iθnaːn wa tisʕuːn w ʔalf wa θamaːnumiʔa wa iθnaːn wa ʕiʃruːn .
وخا الحرب و النزاعات، حاول السلطان الحفاظ على الموارد المالية للدولة، و تنظيم الجبايات ب طرق كاتخفف من التقل ديالها على السكان. دعم التجارة المحلية و الزراعة بشكل محدود، ف ظل الصعوبات الناتجة على عدم الإستقرار السياسي.	wˈaxaː alħˈarb w anːizaːʕˈaːt , ħˈaːwal asːultˤˈaːn alħufːˈaːdˤ ʕˈalaː almawˈaːrid almaːlˈijːa lidːˈoːla , w tandˤˈiːm alʒibaːjˈaːt b tˤˈuruq kaːtaxˈafːaf mˈin atːaqˈalː dijaːlˈuhaː ʕˈalaː asːukːˈaːn . dˈaʕm atːiʒˈaːra almaħalːˈijːa w azːirˈaːʕa biʃˈakl maħdˈuːd , f dˤˈilː asˤːuʕuːbˈaːt anːˈaːtiʒa ʕˈalaː ʕˈadam alʔistiqrˈaːr asːijaːsˈijː .
تݣارݣرنت (لورݣلية، الصحرا الدزايرية الشمالية قريب من ورݣلة).	tɡaːriɡrˈanːat liwariɡlˈijːa , asˤːˈuħraː adːazaːjirˈijːa aʃːamaːlˈijːa qarˈiːb mˈin wˈariɡla .
محمد أمجاهد (مزيود ف 1988 ف فرانكفورت، ف ألمانيا) هوّا صحافي ؤ كاتب مغريبي-ألماني قرا لعلوم سّياسية ف لجامعة لحرة د برلين، ؤ عندو جوج كتوبا ب لألمانية كيهضرو علا لعنصرية ف لغرب.	muħˈamːad ʔamʒˈaːhid mizjˈuːd f ʔalf wa tisʕumiʔa wa θamaːnija wa θamaːnuːn f fraːnikfˈuːrt , f ʔalmˈaːnjaː hˈuwaː sˤaħˈaːfiː ʔ kˈaːtab miɣrˈiːbiː ʔalmˈaːniː qrˈaː liʕulˈuːm sijaːsˈijːa f liʒˈaːmiʕa liħˈurːa d birlˈiːn , ʔ ʕˈinduː ʒˈoːaʒ kutˈuːbaː b liʔalmaːnˈijːa kˈiːhidˤruː ʕˈalaː liʕunsˤurˈijːa f liɣˈarb .
طوماس براكن (دجنبر 1843 ،إرلاندا - 16 فبراير 1898، دونيدين) هو شاعير وصحافي وسياسي نيوزيلاندي. هو اللي كتب النشيد لوطني ديال نيوزيلاندا "الله يحفض نيوزيلاندا"، وهو اللي بتاكر لعيبارة ديال "أرض الله" وطبّقها على بلادو. هاد الشاعر ربح لجايزة لكبيرة ديال لمجتمع لكاليدوني للشعر فأوطاݣو.	tˤuːmˈaːs birˈaːkin diʒˈanbar ʔalf wa θamaːnumiʔa wa θalaːθa wa ʔarbaʕuːn , ʔirlˈaːndaː sittata ʕaʃar fibrˈaːjir ʔalf wa θamaːnumiʔa wa θamaːnija wa tisʕuːn , duːniːdˈiːn hˈuː ʃaːʕˈiːr wasˤaħaːfˈijː wasijaːsˈijː nijuːziːlaːndˈijː . hˈuː alːˈeː kˈatab anːaʃˈiːd liwatˤˈaniː dijˈaːl nijuːziːlˈaːndaː ˈalːah jˈaħfidˤ nijuːziːlˈaːndaː , wˈahuː alːˈeː bitˈaːkir liʕiːbˈaːra dijˈaːl ʔˈardˤ ˈalːah watˤabːaqˈahaː ʕˈalaː bilˈaːduː . hˈaːd aʃːˈaːʕir rˈibħ liʒˈaːjiza lakabˈiːra dijˈaːl limuʒtˈamaʕ likaːliːduːnˈijː liʃːˈaʕr faʔoːtˤˈaːɡw .
و دار البوز ب إنجازاتو ف الميكانيك و ديناميك د لموائع و البصريات و الفلك و نضرية المزيكا. أويلر هوا أعظم ماطيماتيسيان ف لقرن تمنطاش و أكتر لماطيماتيسيانات من حيت لينتاج ديالو. راه كتب واحد 800 كتاب جمعهوم ف 72 مجلد أغلبها منين كان ف سان پيطيرسبورݣ و ف برلين لعاصيمة د پروسيا ديك الساعة.	w dˈaːr albˈuːz b ʔinʒaːzˈaːtuː f almiːkaːnˈiːk w diːnaːmˈiːk d limawˈaːʔiʕ w albasˤrijːˈaːt w alfˈalak w nadˤarˈijːa almuzˈeːkaː . ʔuwˈeːlir hˈuwaː ʔˈaʕdˤam maːtˤiːmaːtiːsijːˈaːn f liqˈarn timintˤˈaːʃ w ʔˈaktar limaːtˤiːmaːtiːsijaːnˈaːt mˈin ħˈeːat lijantˈaːʒ dijˈaːluː . rˈaːh kˈatab wˈaːħid θamaːnumiʔa kitˈaːb ʒamʕuhˈuːm f iθnaːn wa sabʕuːn muʒˈalːad ʔaɣlˈibhaː manˈiːn kˈaːn f sˈaːn piːtˤiːrisbˈuːrɡ w f birlˈiːn liʕaːsˤˈiːma d prˈuːsjaː dˈiːk asːˈaːʕa .
كروموزوم كاين فواحد لبلاصة سميتها لعلفويد، فلغالب على سيفة ديال خويّط دايري و عندو جوج كوابل فوق-مدوّرين. ملاصقين معاه شي ؤنزيمات ضاروريين باش يدير خدمتو.	kuruːmuːzˈuːm kˈaːjn fawˈaːħid libalˈaːsˤa samːˈeːthaː liʕulfuwˈiːd , faliɣˈaːlib ʕˈalaː sˈiːfa dijˈaːl xuwˈeːtˤ daːjˈiriː w ʕˈinduː ʒˈuwʒ kawˈaːbil fˈoːq mduːrˈiːn . mulaːsˤiqˈiːn maʕˈaːh ʃˈeː ʔanziːmˈaːt dˤaːruːrijːˈiːn bˈaːʃ judˈiːr xadˈamtuː .
30 يوليوز ؤلا نهار 30 شهر 7 هوّا نّهار نمرة 211 من تّقويم لميلادي (212 يلا كان لعام مكبّس). باقين 154 يوم من موراه تال لّخر د لعام.	θalaːθuːn juːljˈuːz ʔˈalaː nahˈaːr θalaːθuːn ʃˈahr sabʕa hˈuwaː nahˈaːr nˈamira miʔataːn wa ʔaħada ʕaʃar mˈin taqwˈiːm limiːlaːdˈijː miʔataːn wa iθnaː ʕaʃar jˈalaː kˈaːn liʕˈaːm mukˈabːas . baːqˈiːn miʔa wa ʔarbaʕa wa xamsuːn jˈoːm mˈin moːrˈaːh tˈaːl laxˈarː d liʕˈaːm .
غشت تبدلات سميتو ف عام 8 قبل لميلاد، على أوݣوستوس قيصر أول إمبراطور روماني. قبل من داكشي كانت سميتو لي كاتشير ل تّرتيب سّادس ديالو ف تّقويم رّوماني.	ɣˈaʃat tabadːulˈaːt simˈiːtuː f ʕˈaːm θamaːnija qˈabl limiːlˈaːd , ʕˈalaː ʔoːɡustˈuːs qˈeːsˤar ʔˈoːal ʔimbiraːtˤˈuːr ruːmaːnˈijː . qˈabl mˈin dˈaːkʃiː kˈaːnat simˈiːtuː lˈiː kaːtʃˈiːr l tartˈiːb sˈaːdis dijˈaːluː f taqwˈiːm ruːmaːnˈijː .
أما بالنسبة لاسم الكتاب، راه جا بصيغ مختلفة، ولكن الاسم الكامل اللي كيتعتابر أصح هو: "الأنيس المطرب بروض القرطاس في أخبار ملوك وتاريخ مدينة فاس" وحسب المؤرخ عبد الوهاب بن منصور، فالكتاب كان معروف بهد الاسم الطويل والمسجوع، ولكن من القرن 19م ولى الناس كيعرفوه باسم "القرطاس" فقط، خصوصاً بعدما دار محمد بن الطيب العلمي كتاب آخر سماه "الأنيس المطرب فيمن لقيته من أدباء المغرب".	ʔˈamːaː binːˈisba lˈism alkitˈaːb , rˈaːh ʒˈaː bisˤˈijaɣ muxtˈalifa , walˈakin alˈaːsm alkˈaːmil alːˈeː keːtaʕtˈaːbar ʔasˤˈaħː hˈuː , alʔanˈiːs almˈutˤrib birˈuːdˤ alqirtˤˈaːs fˈiː ʔaxbˈaːr mulˈuːk wataːrˈiːx madˈiːna fˈaːs waħˈasab almuʔˈarːax ʕˈabd alwahːˈaːb bn mansˤˈuːr , falkitˈaːb kˈaːn maʕrˈuːf bˈihd alˈaːsm atˤːawˈiːl walmasʒˈuːʕ , walˈakin mˈin alqˈarn tisʕata ʕaʃar m wˈalːaː anːˈaːs kajaʕrifˈuːh bˈism alqirtˤˈaːs fˈaqatˤ , xusˤˈuːsˤaː baʕdˈamaː dˈaːr muħˈamːad bn atˤːˈeːib alʕilmˈijː kitˈaːb ʔˈaːxar samːˈaːh alʔanˈiːs almˈutˤrib fˈiːman laqˈiːtuh mˈin ʔudabˈaːʔ almˈaɣrib .
وأجمل ما فالنقد ديال كيليطو، هو أنه “كايحوّل عالم الحقيقة إلى حكاية”، كيف ما قال نيتشه.	waʔˈaʒmal mˈaː fanːˈaqd dijˈaːl kiːlˈiːtˤuː , hˈuː ʔˈanːah kaːjħˈuːl ʕˈaːlim alħaqˈiːqa ʔlˈaː ħikˈaːja , kˈeːf mˈaː qˈaːl nˈiːtʃah .
7 فبراير: تدارت لݣنازة ديال ريان لي حضرو ليها مياوات د نّاس ف دّوار ديالو.	sabʕa fibrˈaːjir , tadˈaːrat liɡnˈaːza dajˈaːl reːˈaːn lˈiː ħˈadˤruː lˈeːhaː mijaːwˈaːt d nˈaːs f duwˈaːr dajˈaːluː .
توشح ف 2015 ف عيد ميلاد لماليك د لمغريب ف قصر مرشان ف طانجا ب وسام لمكافأة لوطنية من درجة فارس.	tawˈaʃːaħ f ʔalfaːn wa xamsata ʕaʃar f ʕˈiːd miːlˈaːd limaːlˈiːk d limaɣrˈiːb f qˈasˤar murʃˈaːn f tˤˈaːnʒaː b wasˈaːmː limukˈaːfaʔa liwatˤanˈijːa mˈin dˈaraʒa fˈaːris .
تأسس هاد لفن بحال شي خلاصة د بزاف د لفنون د لمدابزة لاخرين، و تيحاول يركز على كيفاش يقدر لواحد يدافع على راسو بلا مايضرب هاداك اللي هجم عليه، غي يستاغل ديك الجهد اللي هجم عليه بيه، باش يحبسو ومايخليهش يعاود يضربو. ما كايناش بطولات د لمدابزة ف لآيكيديو، حيت أصلا لفلسفة ديالو ضد لمدابزة، و هو مديور غي باش بواحد يتعلم التقنيات اللي يقدر يدافع بيها على راسو.	taʔˈasːas hˈaːd lifˈanː biħˈaːl ʃˈeː xulˈaːsˤa d bizˈaːf d lifunˈuːn d limudˈaːbaza laːxirˈiːn , w teːħˈaːwal jurˈakːiz ʕˈalaː kiːfˈaːʃ jˈaqdir liwˈaːħid judˈaːfiʕ ʕˈalaː rˈaːsuː bˈilaː maːjˈadˤrib haːdˈaːk alːˈeː hˈaʒam ʕalˈeːh , ɣˈeː jastˈaːɣil dˈiːk alʒˈuhd alːˈeː hˈaʒam ʕalˈeːh bˈiːh , bˈaːʃ juħbˈisuː wamaːjixlˈiːhʃ juʕˈaːwid jadˤrˈibuː . mˈaː kaːjnˈaːʃ butˤuːlˈaːt d limudˈaːbaza f liʔaːjkˈiːdjuː , ħˈeːat ʔˈasˤlaː lifalsˈafa dijˈaːluː dˤˈidː limudˈaːbaza , w hˈuː madjˈuːr ɣˈeː bˈaːʃ biwˈaːħid jataʕˈalːam atːiqnijːˈaːt alːˈeː jˈaqdir judˈaːfiʕ bˈiːhaː ʕˈalaː rˈaːsuː .
1876 هوّا عام مكبس ف تّقويم لڭريڭوري بدا نهار السبت ؤ سالا نهار لحد. هوّا لعام نمرة 1876 ف لإيرا لعامة ؤ لفترة د بعد لميلاد، نمرة 76 ف لقرن 19، ؤ نمرة 7 ف لعقد ديال عوام 1870.	ʔalf wa θamaːnumiʔa wa sitta wa sabʕuːn hˈuwaː ʕˈaːm mukˈabːas f taqwˈiːm liɡrijːɡˈuːriː bˈadaː nahˈaːr asːˈabt ʔ sˈaːlaː nahˈaːr liħˈadː . hˈuwaː liʕˈaːm nˈamira ʔalf wa θamaːnumiʔa wa sitta wa sabʕuːn f liʔˈiːraː liʕˈaːmːa ʔ lifˈatra d bˈaʕd limiːlˈaːd , nˈamira sitta wa sabʕuːn f liqˈarn tisʕata ʕaʃar , ʔ nˈamira sabʕa f liʕˈaqd dijˈaːl ʕawˈaːmː ʔalf wa θamaːnumiʔa wa sabʕuːn .
لكاف علنات على لپروݣرام رّسمي ديال لماتشات ف 29 أبريل 2022. جميع لمواقيت ب تّوقيت لمحلي (توقيت ݣرينيتش).	likˈaːf ʕalanˈaːt ʕˈalaː lipruːɡrˈaːm rasmˈijː dijˈaːl limaːtiʃˈaːt f tisʕa wa ʕiʃruːn ʔabrˈiːl ʔalfaːn wa iθnaːn wa ʕiʃruːn . ʒamˈiːʕ limawaːqˈiːt b toːqˈiːt limaħˈalːiː toːqˈiːt ɡriːnˈiːtʃ .
"إدن كيهضرو نيت. كيستعملو كلمات، أفكار، مفاهيم؟"	ʔˈidan kˈiːhidˤruː nˈiːt . kijastaʕmˈiluː kalimˈaːt , ʔafkˈaːr , mafaːhˈiːm ?
دوري أبطال إفريقيا 2022 مع لوداد لبيضاوي	doːrˈijː ʔabtˤˈaːl ʔifrˈiːqjaː ʔalfaːn wa iθnaːn wa ʕiʃruːn mˈaʕ luːdˈaːd libeːdˤˈaːwiː
17/05/1969 المغرب - تونس الدار البيضاء 0 - 0 تصفيات كأس العالم 1970	sabʕata ʕaʃar xamsa ʔalf wa tisʕumiʔa wa tisʕa wa sittuːn almˈaɣrib tˈuːnus adːˈaːr albeːdˤˈaːʔ sˤifr sˤifr tasˤfˈiːt kˈaʔs alʕˈaːlam ʔalf wa tisʕumiʔa wa sabʕuːn
لفن د لحرب (ب ، حرفياً الطريقة لعسكارية ديال سون تزو) كتاب ديال لفلسفة و السطراتيجية لعسكارية ألّفو الجينيرال الشينوي سون تزو، غالبا ف لّخر ديال لفترة د الدولات لمتحاربة (فترة لي كانت الشينوا فيها مقسّمة ل 7 د الدولات كيتحاربو بيناتهوم). لكتاب فيه 13 شاپيطر كلا واحد فيهوم كيهضر على نوع من نواع السطراتيجيات لعسكارية، بحال لختيار ديال لأرض د لمعراكة، ولا التاجسّوس على لعدو.	lifˈanː d liħˈarb b , ħarfˈijːaː atˤːarˈiːqa liʕaskaːrˈijːa dijˈaːl sˈuːn tˈazuː kitˈaːb dajˈaːl lifalsˈafa w asːatˤaraːtiːʒˈijːa liʕaskaːrˈijːa ʔilfˈuː alʒiːniːrˈaːl aʃːiːnawˈijː sˈuːn tˈazuː , ɣaːlˈibaː f laxˈarː dijˈaːl lifˈatra d adːoːlˈaːt limutaħˈaːriba fˈatra lˈiː kˈaːnat aʃːˈiːnuː fˈiːhaː muqasːˈama l sabʕa d adːoːlˈaːt kiːtaħaːrˈabuː beːnaːtihˈuːm . likitˈaːb fˈiːh θalaːθata ʕaʃar ʃaːpjˈatˤir kˈulːaː wˈaːħid fajahˈuːm kajˈahdˤur ʕˈalaː nˈoːʕ mˈin nuwˈaːʕ asːatˤraːtiːʒijːˈaːt liʕaskaːrˈijːa , biħˈaːl lixitijˈaːr dijˈaːl liʔˈardˤ d limiʕrˈaːka , wˈalaː atːaːʒsˈuːs ʕˈalaː liʕadˈuwː .
1529 هوّا عام ف تّقويم لڭريڭوري بدا نهار التلات ؤ سالا نهار التلات. هوّا لعام نمرة 1529 ف لإيرا لعامة ؤ لفترة د بعد لميلاد، نمرة 29 ف لقرن 16، ؤ نمرة 10 ف لعقد ديال عوام 1520.	ʔalf wa xamsumiʔa wa tisʕa wa ʕiʃruːn hˈuwaː ʕˈaːm f taqwˈiːm liɡrijːɡˈuːriː bˈadaː nahˈaːr atːilˈaːt ʔ sˈaːlaː nahˈaːr atːalːˈaːt . hˈuwaː liʕˈaːm nˈamira ʔalf wa xamsumiʔa wa tisʕa wa ʕiʃruːn f liʔˈiːraː liʕˈaːmːa ʔ lifˈatra d bˈaʕd limiːlˈaːd , nˈamira tisʕa wa ʕiʃruːn f liqˈarn sittata ʕaʃar , ʔ nˈamira ʕaʃara f liʕˈaqd dijˈaːl ʕawˈaːmː ʔalf wa xamsumiʔa wa ʕiʃruːn .
15/06/2013 المغرب - غامبيا مراكش 2 - 0 تصفيات كأس العالم 2014	xamsata ʕaʃar sitta ʔalfaːn wa θalaːθata ʕaʃar almˈaɣrib ɣaːmibˈijːaː marˈaːkiʃ iθnaːn sˤifr tasˤfˈiːt kˈaʔs alʕˈaːlam ʔalfaːn wa ʔarbaʕata ʕaʃar
معيز عندو بزاف د لأغاني لمعروفة، كتيرشي عند الشباب، منها:	muʕˈeːz ʕˈinduː bizˈaːf d liʔaɣˈaːniː limaʕrˈuːfa , katˈeːrʃiː ʕˈind aʃːabˈaːb , mˈinhaː ,
1730 - 1729 - 1728 - 1727 - 1726 - 1725 - 1724 - 1723 - 1722 - 1721	ʔalf wa sabʕumiʔa wa θalaːθuːn ʔalf wa sabʕumiʔa wa tisʕa wa ʕiʃruːn ʔalf wa sabʕumiʔa wa θamaːnija wa ʕiʃruːn ʔalf wa sabʕumiʔa wa sabʕa wa ʕiʃruːn ʔalf wa sabʕumiʔa wa sitta wa ʕiʃruːn ʔalf wa sabʕumiʔa wa xamsa wa ʕiʃruːn ʔalf wa sabʕumiʔa wa ʔarbaʕa wa ʕiʃruːn ʔalf wa sabʕumiʔa wa θalaːθa wa ʕiʃruːn ʔalf wa sabʕumiʔa wa iθnaːn wa ʕiʃruːn ʔalf wa sabʕumiʔa wa waːħid wa ʕiʃruːn
عوام 520 ؤلا عقد 520 هوّ عقد ديال الزمان بدا ف 1 يناير 520 و سالا ف 31 دجنبر 529.	ʕawˈaːmː xamsumiʔa wa ʕiʃruːn ʔˈalaː ʕˈaqd xamsumiʔa wa ʕiʃruːn hˈuː ʕˈaqd dajˈaːl azːamˈaːn bˈadaː f waːħid janˈaːjir xamsumiʔa wa ʕiʃruːn w sˈaːlaː f waːħid wa θalaːθuːn duʒˈanbar xamsumiʔa wa tisʕa wa ʕiʃruːn .
هانوي من لمدون السياحية لمهمة ف ڤييطنام حيت عندها تاريخ كبير، و بزاف ديال لمآتر ديال بزاف د الديانات (لبودية، لمسيحية، الطاوية) و فيها بني مخلّط ما بين لبني التقليدي و لباطيمات لفرانساوية د لقرن 20. طرف من لمدينة لقديمة ديالها داخل مع الترات لعالمي ديال ليونيسكو.	haːnawˈijː mˈin limudˈuːn asːijaːħˈijːa limuhˈimːa f vijiːtˤnˈaːm ħˈeːat ʕindˈahaː taːrˈiːx kabˈiːr , w bizˈaːf dijˈaːl limaʔˈaːtar dijˈaːl bizˈaːf d adːijaːnˈaːt lubuːdˈijːa , limasiːħˈijːa , atˤːˈaːwija w fˈiːhaː bˈaniː muxˈalːatˤ mˈaː bˈeːn libˈaniː atːaqliːdˈijː w libaːtˤiːmˈaːt lifaraːnsaːwˈijːa d liqˈarn ʕiʃruːn . tˤˈaraf mˈin limadˈiːna liqadˈiːma dijaːlˈihaː dˈaːxil mˈaʕ atːurˈaːt liʕaːlˈamiː dijˈaːl lijuːnˈiːskuː .
ف 2024، نسبة ديال ذكور ف بنعاشر واصلة ل 50,4%، ونسبة د لإناث واصلة ل 49,6%. نسبة د الناس لي عمرهوم أقل من 15 عام واصلة ل 29,9%، ؤنسبة د الناس لي عمرهوم ما بين 15 و59 عام واصلة ل 60,4%، ؤ نسبة د الناس لي عمرهوم 60 عام ؤلا كتر واصلة ل 9,7%.	f ʔalfaːn wa ʔarbaʕa wa ʕiʃruːn , nˈisba dajˈaːl dukˈuːr f binaʕˈaːʃir wˈaːsˤila l xamsuːn , ʔarbaʕa fˈiː almˈiʔa , wanˈisba d liʔinˈaːt wˈaːsˤila l tisʕa wa ʔarbaʕuːn , sitta fˈiː almˈiʔa . nˈisba d anːˈaːs lˈiː ʕumarhˈuːm ʔaqˈalː mˈin xamsata ʕaʃar ʕˈaːm wˈaːsˤila l tisʕa wa ʕiʃruːn , tisʕa fˈiː almˈiʔa , ʔanˈisba d anːˈaːs lˈiː ʕumarhˈuːm mˈaː bˈeːn xamsata ʕaʃar w tisʕa wa xamsuːn ʕˈaːm wˈaːsˤila l sittuːn , ʔarbaʕa fˈiː almˈiʔa , ʔ nˈisba d anːˈaːs lˈiː ʕumarhˈuːm sittuːn ʕˈaːm ʔˈalaː kˈatr wˈaːsˤila l tisʕa , sabʕa fˈiː almˈiʔa .
عدد السكان ديال أيت حمودو (تيدلي) زاد ب 25,0% و عدد لفاميلات زاد ب 32,8% مابين 2004 و2014.	ʕˈadad asːukːˈaːn dajˈaːl ʔˈeːt ħamˈuːduː teːdˈaliː zˈaːd b xamsa wa ʕiʃruːn , sˤifr fˈiː almˈiʔa w ʕˈadad lifaːmiːlˈaːt zˈaːd b iθnaːn wa θalaːθuːn , θamaːnija fˈiː almˈiʔa maːbːˈeːn ʔalfaːn wa ʔarbaʕa w ʔalfaːn wa ʔarbaʕata ʕaʃar .
ف 2024، نسبة ديال ذكور ف تغنشوت واصلة ل 50,5%، ونسبة د لإناث واصلة ل 49,5%. نسبة د الناس لي عمرهوم أقل من 15 عام واصلة ل 28,5%، ؤنسبة د الناس لي عمرهوم ما بين 15 و59 عام واصلة ل 54,0%، ؤ نسبة د الناس لي عمرهوم 60 عام ؤلا كتر واصلة ل 17,5%.	f ʔalfaːn wa ʔarbaʕa wa ʕiʃruːn , nˈisba dajˈaːl dukˈuːr f taɣanʃˈuːt wˈaːsˤila l xamsuːn , xamsa fˈiː almˈiʔa , wanˈisba d liʔinˈaːt wˈaːsˤila l tisʕa wa ʔarbaʕuːn , xamsa fˈiː almˈiʔa . nˈisba d anːˈaːs lˈiː ʕumarhˈuːm ʔaqˈalː mˈin xamsata ʕaʃar ʕˈaːm wˈaːsˤila l θamaːnija wa ʕiʃruːn , xamsa fˈiː almˈiʔa , ʔanˈisba d anːˈaːs lˈiː ʕumarhˈuːm mˈaː bˈeːn xamsata ʕaʃar w tisʕa wa xamsuːn ʕˈaːm wˈaːsˤila l ʔarbaʕa wa xamsuːn , sˤifr fˈiː almˈiʔa , ʔ nˈisba d anːˈaːs lˈiː ʕumarhˈuːm sittuːn ʕˈaːm ʔˈalaː kˈatr wˈaːsˤila l sabʕata ʕaʃar , xamsa fˈiː almˈiʔa .
ف 2014. نسبة د الناس النشيطين ف دوار تيزيان واصلة ل 47.9%، و نسبة د الشوماج واصلة ل 1.3%.	f ʔalfaːn wa ʔarbaʕata ʕaʃar . nˈisba d anːˈaːs anːaʃiːtˤˈeːn f duwˈaːr tiːzijˈaːn wˈaːsˤila l sabʕa wa ʔarbaʕuːn fˈaːsˤila tisʕa fˈiː almˈiʔa , w nˈisba d aʃːuːmˈaːʒ wˈaːsˤila l waːħid fˈaːsˤila θalaːθa fˈiː almˈiʔa .
ف 2014، نسبة د الجواج ف توردوين واصلة ل 20.4%، و لموعدّال د لعمر عند الجواج اللولاني هوّ 26.1 عام (27.9 عند الرجال، 23.9 عند لعيالات). لخصوبة عند لعيالات واصلة ل 4.6، و لخصوبة لكاملة ل 1.8.	f ʔalfaːn wa ʔarbaʕata ʕaʃar , nˈisba d alʒawˈaːʒ f tuːrduwˈiːn wˈaːsˤila l ʕiʃruːn fˈaːsˤila ʔarbaʕa fˈiː almˈiʔa , w limuːʕdˈaːl d liʕˈumar ʕˈind alʒawˈaːʒ alːoːlaːnˈijː hˈuː sitta wa ʕiʃruːn fˈaːsˤila waːħid ʕˈaːm sabʕa wa ʕiʃruːn fˈaːsˤila tisʕa ʕˈind arːiʒˈaːl , θalaːθa wa ʕiʃruːn fˈaːsˤila tisʕa ʕˈind liʕijaːlˈaːt . lixusˤˈuːba ʕˈind liʕijaːlˈaːt wˈaːsˤila l ʔarbaʕa fˈaːsˤila sitta , w lixusˤˈuːba likˈaːmila l waːħid fˈaːsˤila θamaːnija .
على حساب معطيات 2024، لمسافة تقريبية من دوار لطريق المعبّد هي 4,2 كلم، وللطريق السالكة للطوموبيلات هي 2,7 كلم. لمسافة لمتوسطة للمدرسة لإبتدائية هي 1,3 كلم، ؤللإعدادية 11,9 كلم، ؤلليسي 23,2 كلم، ولأقرب مركز صحي 11,9 كلم.	ʕˈalaː ħisˈaːb muʕtˤajˈaːt ʔalfaːn wa ʔarbaʕa wa ʕiʃruːn , limasˈaːfa taqriːbˈijːa mˈin duwˈaːr litˤarˈiːq almˈaʕbad hˈiː ʔarbaʕa , iθnaːn kˈalːam , waliltˤːarˈiːq asːˈaːlika litˤːuːmuːbiːlˈaːt hˈiː iθnaːn , sabʕa kˈalːam . limasˈaːfa limutawasːˈitˤa lilmadrˈasa liʔibtidaːʔˈijːa hˈiː waːħid , θalaːθa kˈalːam , ʔalilʔiʕdaːdˈijːa ʔaħada ʕaʃar , tisʕa kˈalːam , ʔallˈiːsiː θalaːθa wa ʕiʃruːn , iθnaːn kˈalːam , waliʔˈaqrab mˈarkaz sˤiħːˈijː ʔaħada ʕaʃar , tisʕa kˈalːam .
ف 2024، عدد د سكان ديال أساكا نباحا وصل ل 151 شخص، وعدد لفاميلات وصل ل 30 فاميلة. عدد لبالغين كان 107 واحد. عدد السكان ديال أساكا نباحا زاد ب 37,3% مابين 2014 و2024. هاد الأرقام مبنية على إحصاءات 2004 و2014 و2024.	f ʔalfaːn wa ʔarbaʕa wa ʕiʃruːn , ʕˈadad d sukːˈaːn dijˈaːl ʔasˈaːkaː nubˈaːħaː wˈasˤal l miʔa wa waːħid wa xamsuːn ʃˈaxsˤ , waʕˈadad lifaːmiːlˈaːt wˈasˤal l θalaːθuːn faːmˈiːla . ʕˈadad libaːliɣˈiːn kˈaːn miʔa wa sabʕa wˈaːħid . ʕˈadad asːukːˈaːn dajˈaːl ʔasˈaːkaː nubˈaːħaː zˈaːd b sabʕa wa θalaːθuːn , θalaːθa fˈiː almˈiʔa maːbːˈeːn ʔalfaːn wa ʔarbaʕata ʕaʃar w ʔalfaːn wa ʔarbaʕa wa ʕiʃruːn . hˈaːd alʔarqˈaːm mabnˈijːa ʕˈalaː ʔiħsˤaːʔˈaːt ʔalfaːn wa ʔarbaʕa w ʔalfaːn wa ʔarbaʕata ʕaʃar w ʔalfaːn wa ʔarbaʕa wa ʕiʃruːn .
ايكني هوّ دوار مجزأ كاين ف جماعة تلات نيعقوب، دائرة أسني، إقليم لحوز، جهة مراكش آسفي ف لمغريب. هاد دّوار كينتامي ل مشيخة تماست لي كتضم 34 د دّواور. لعاداد د سّكان ديالو واصل ل 121 شخص على حساب لإحصاء الرسمي د عام 2004.	ijkˈaniː hˈuː duwˈaːr muʒˈazːaʔ kˈaːjn f ʒamˈaːʕa talˈaːt niːʕqˈuːb , dˈaːʔira ʔˈusniː , ʔiqlˈiːm liħˈoːz , ʒˈiha marˈaːkiʃ ʔaːsfˈijː f limaɣrˈiːb . hˈaːd duwˈaːr kiːntaːmˈijː l maʃjˈaxa tamˈaːsat lˈiː katadˤˈumː ʔarbaʕa wa θalaːθuːn d dawˈaːwir . liʕaːdˈaːd d sukːˈaːn dijˈaːluː wˈaːsˤil l miʔa wa waːħid wa ʕiʃruːn ʃˈaxsˤ ʕˈalaː ħisˈaːb liʔiħsˤˈaːʔ arːasmˈijː d ʕˈaːm ʔalfaːn wa ʔarbaʕa .
الترشيح ل كاس لعالم 2034 كان مسموح غير ل بلدان لإتحادات د أسيا و ؤقيانوسيا، حيت كاس لعالم 2026 غادي تنضّم ف أميريكا الشمالية، و كاس لعالم 2030 غادي تنضّم ف تلاتة د لقارات لي هوما إفريقيا، ؤروپا و أميريكا الجنوبية. هادشي خلّا جورنال نيويورك تايمز يݣول بلي لفيفا دارت هادشي باش تسهّل لمأمورية على الترشيح السعودي.	atːarʃˈiːħ l kˈaːs liʕˈaːlim ʔalfaːn wa ʔarbaʕa wa θalaːθuːn kˈaːn masmˈuːħ ɣˈeːr l buldˈaːn liʔitħaːdˈaːt d ʔasˈijːaː w ʔaqjaːnˈuːsjaː , ħˈeːit kˈaːs liʕˈaːlim ʔalfaːn wa sitta wa ʕiʃruːn ɣaːdˈijː tandˤˈamː f ʔamiːrˈiːkaː aʃːamaːlˈijːa , w kˈaːs liʕˈaːlim ʔalfaːn wa θalaːθuːn ɣaːdˈijː tandˤˈamː f tilˈaːta d liqaːrˈaːt lˈiː hˈuːmaː ʔifrˈiːqjaː , ʔurˈuːpaː w ʔamiːrˈiːkaː alʒanuːbˈijːa . haːdˈiʃiː xˈalaː ʒuːrnˈaːl nijuːjˈuːrk tˈaːimz iɡwˈalː bˈaliː lafˈiːfaː dˈaːrat hˈaːdʃiː bˈaːʃ tˈashul limaʔmuːrˈijːa ʕˈalaː atːarʃˈiːħ asːuʕuːdˈijː .
كرزيل هوّ دوار مجزأ كاين ف جماعة تابيا، دائرة إغرم، إقليم تارودانت، جهة سوس ماسة ف لمغريب. هاد دّوار كينتامي ل مشيخة أيت علي لي كتضم 22 د دّواور. لعاداد د سّكان ديالو واصل ل 113 شخص على حساب لإحصاء الرسمي د عام 2004.	karzˈiːl hˈuː duwˈaːr muʒˈazːaʔ kˈaːjn f ʒamˈaːʕa tˈaːbjaː , dˈaːʔira ʔˈiɣram , ʔiqlˈiːm taːruːdˈaːnt , ʒˈiha sˈuːs mˈaːsːa f limaɣrˈiːb . hˈaːd duwˈaːr kiːntaːmˈijː l maʃjˈaxa ʔˈeːt ʕalˈeː lˈiː katadˤˈumː iθnaːn wa ʕiʃruːn d dawˈaːwir . liʕaːdˈaːd d sukːˈaːn dijˈaːluː wˈaːsˤil l miʔa wa θalaːθata ʕaʃar ʃˈaxsˤ ʕˈalaː ħisˈaːb liʔiħsˤˈaːʔ arːasmˈijː d ʕˈaːm ʔalfaːn wa ʔarbaʕa .
ف 2024، عدد د سكان ديال تجكالت وصل ل 19 شخص، وعدد لفاميلات وصل ل 4 فاميلة. عدد لبالغين كان ما منشورش واحد. عدد السكان ديال تجكالت نقص ب 44,1% مابين 2014 و2024. هاد الأرقام مبنية على إحصاءات 2004 و2014 و2024.	f ʔalfaːn wa ʔarbaʕa wa ʕiʃruːn , ʕˈadad d sukːˈaːn dajˈaːl taʒkˈaːlat wˈasˤal l tisʕata ʕaʃar ʃˈaxsˤ , waʕˈadad lifaːmiːlˈaːt wˈasˤal l ʔarbaʕa faːmˈiːla . ʕˈadad libaːliɣˈiːn kˈaːn mˈaː manʃˈuːriʃ wˈaːħid . ʕˈadad asːukːˈaːn dajˈaːl taʒkˈaːlat nˈaqasˤ b ʔarbaʕa wa ʔarbaʕuːn , waːħid fˈiː almˈiʔa maːbːˈeːn ʔalfaːn wa ʔarbaʕata ʕaʃar w ʔalfaːn wa ʔarbaʕa wa ʕiʃruːn . hˈaːd alʔarqˈaːm mabnˈijːa ʕˈalaː ʔiħsˤaːʔˈaːt ʔalfaːn wa ʔarbaʕa w ʔalfaːn wa ʔarbaʕata ʕaʃar w ʔalfaːn wa ʔarbaʕa wa ʕiʃruːn .
عدد السكان ديال أنليف (أيت تامنت واكنسا) زاد ب 156,7% و عدد لفاميلات زاد ب 186,7% مابين 2004 و2014.	ʕˈadad asːukːˈaːn dajˈaːl ʔanlˈiːf ʔˈeːt taːmˈant waːkˈansaː zˈaːd b miʔa wa sitta wa xamsuːn , sabʕa fˈiː almˈiʔa w ʕˈadad lifaːmiːlˈaːt zˈaːd b miʔa wa sitta wa θamaːnuːn , sabʕa fˈiː almˈiʔa maːbːˈeːn ʔalfaːn wa ʔarbaʕa w ʔalfaːn wa ʔarbaʕata ʕaʃar .
ف 2014، نسبة د الجواج ف تسدرمت الجديد واصلة ل 31.4%، و لموعدّال د لعمر عند الجواج اللولاني هوّ 31.59 عام (28.74 عند الرجال، 32.76 عند لعيالات). لخصوبة عند لعيالات واصلة ل 3.75، و لخصوبة لكاملة ل 1.18.	f ʔalfaːn wa ʔarbaʕata ʕaʃar , nˈisba d alʒawˈaːʒ f tasadrˈamat alʒadˈiːd wˈaːsˤila l waːħid wa θalaːθuːn fˈaːsˤila ʔarbaʕa fˈiː almˈiʔa , w limuːʕdˈaːl d liʕˈumar ʕˈind alʒawˈaːʒ alːoːlaːnˈijː hˈuː waːħid wa θalaːθuːn fˈaːsˤila xamsa tisʕa ʕˈaːm θamaːnija wa ʕiʃruːn fˈaːsˤila sabʕa ʔarbaʕa ʕˈind arːiʒˈaːl , iθnaːn wa θalaːθuːn fˈaːsˤila sabʕa sitta ʕˈind liʕijaːlˈaːt . lixusˤˈuːba ʕˈind liʕijaːlˈaːt wˈaːsˤila l θalaːθa fˈaːsˤila sabʕa xamsa , w lixusˤˈuːba likˈaːmila l waːħid fˈaːsˤila waːħid θamaːnija .
تاويالت هوّ دوار مجمع كاين ف جماعة أصادص، دائرة ولاد تايمة، إقليم تارودانت، جهة سوس ماسة ف لمغريب. هاد دّوار كينتامي ل مشيخة أصادص لي كتضم 10 د دّواور. لعاداد د سّكان ديالو واصل ل 23 شخص على حساب لإحصاء الرسمي د عام 2004.	taːwijˈaːlt hˈuː duwˈaːr mˈaʒmaʕ kˈaːjn f ʒamˈaːʕa ʔasˤˈaːdisˤ , dˈaːʔira wilˈaːd tˈaːjima , ʔiqlˈiːm taːruːdˈaːnt , ʒˈiha sˈuːs mˈaːsːa f limaɣrˈiːb . hˈaːd duwˈaːr kiːntaːmˈijː l maʃjˈaxa ʔasˤˈaːdisˤ lˈiː katadˤˈumː ʕaʃara d dawˈaːwir . liʕaːdˈaːd d sukːˈaːn dijˈaːluː wˈaːsˤil l θalaːθa wa ʕiʃruːn ʃˈaxsˤ ʕˈalaː ħisˈaːb liʔiħsˤˈaːʔ arːasmˈijː d ʕˈaːm ʔalfaːn wa ʔarbaʕa .
عدد السكان ديال أمعازى نقص ب 2.9% و عدد لفاميلات تزاد ب 9.8% مابين 2004 و 2014. ف 2014، عدد لبالغين كان 312 واحد، منهوم 166 دكور و 146 نتوات.	ʕˈadad asːukːˈaːn dajˈaːl ʔamʕˈaːzaː nˈaqasˤ b iθnaːn fˈaːsˤila tisʕa fˈiː almˈiʔa w ʕˈadad lifaːmiːlˈaːt tuzˈaːd b tisʕa fˈaːsˤila θamaːnija fˈiː almˈiʔa maːbːˈeːn ʔalfaːn wa ʔarbaʕa w ʔalfaːn wa ʔarbaʕata ʕaʃar . f ʔalfaːn wa ʔarbaʕata ʕaʃar , ʕˈadad libaːliɣˈiːn kˈaːn θalaːθumiʔa wa iθnaː ʕaʃar wˈaːħid , manhˈuːm miʔa wa sitta wa sittuːn dukˈuːr w miʔa wa sitta wa ʔarbaʕuːn natawˈaːt .
ف 2024، عدد د سكان ديال أنميد وصل ل 222 شخص، وعدد لفاميلات وصل ل 57 فاميلة. عدد لبالغين كان 171 واحد. عدد السكان ديال أنميد زاد ب 303,6% مابين 2014 و2024. هاد الأرقام مبنية على إحصاءات 2004 و2014 و2024.	f ʔalfaːn wa ʔarbaʕa wa ʕiʃruːn , ʕˈadad d sukːˈaːn dajˈaːl ʔanmˈiːd wˈasˤal l miʔataːn wa iθnaːn wa ʕiʃruːn ʃˈaxsˤ , waʕˈadad lifaːmiːlˈaːt wˈasˤal l sabʕa wa xamsuːn faːmˈiːla . ʕˈadad libaːliɣˈiːn kˈaːn miʔa wa waːħid wa sabʕuːn wˈaːħid . ʕˈadad asːukːˈaːn dajˈaːl ʔanmˈiːd zˈaːd b θalaːθumiʔa wa θalaːθa , sitta fˈiː almˈiʔa maːbːˈeːn ʔalfaːn wa ʔarbaʕata ʕaʃar w ʔalfaːn wa ʔarbaʕa wa ʕiʃruːn . hˈaːd alʔarqˈaːm mabnˈijːa ʕˈalaː ʔiħsˤaːʔˈaːt ʔalfaːn wa ʔarbaʕa w ʔalfaːn wa ʔarbaʕata ʕaʃar w ʔalfaːn wa ʔarbaʕa wa ʕiʃruːn .
عدد السكان ديال تكروت (إوليويلن) زاد ب 281,9% و عدد لفاميلات زاد ب 352,9% مابين 2004 و2014.	ʕˈadad asːukːˈaːn dijˈaːl takarːˈoːt ʔiuljuwˈiːlan zˈaːd b miʔataːn wa waːħid wa θamaːnuːn , tisʕa fˈiː almˈiʔa w ʕˈadad lifaːmiːlˈaːt zˈaːd b θalaːθumiʔa wa iθnaːn wa xamsuːn , tisʕa fˈiː almˈiʔa maːbːˈeːn ʔalfaːn wa ʔarbaʕa w ʔalfaːn wa ʔarbaʕata ʕaʃar .
عدد السكان ديال مزكمات (إمي تزكي) زاد ب 2,3% و عدد لفاميلات زاد ب 4,9% مابين 2004 و2014.	ʕˈadad asːukːˈaːn dajˈaːl muzkamˈaːt ʔˈimːiː tuzˈakːiː zˈaːd b iθnaːn , θalaːθa fˈiː almˈiʔa w ʕˈadad lifaːmiːlˈaːt zˈaːd b ʔarbaʕa , tisʕa fˈiː almˈiʔa maːbːˈeːn ʔalfaːn wa ʔarbaʕa w ʔalfaːn wa ʔarbaʕata ʕaʃar .
من الدواوير القريبة ل أيت حمو (أفريجة) كاينين أغشي (أفريجة)، أيت الشرقي (أفريجة)، أيت بوعيشة (أفريجة)، أيت حمو (تيدسي)، والركادة (أفريجة).	mˈin adːawaːwˈiːr alqarˈiːba l ʔˈeːt ħumˈuwː ʔafrˈiːʒa kaːjinˈiːn ʔˈuɣʃiː ʔafrˈiːʒa , ʔˈeːt aʃːarqˈijː ʔafrˈiːʒa , ʔˈeːt biwaʕˈiːʃa ʔafrˈiːʒa , ʔˈeːt ħumˈuwː tajadːusˈijː , warːakˈaːda ʔafrˈiːʒa .
على حساب معطيات 2024، لمسافة تقريبية من دوار لطريق المعبّد هي 0,0 كلم، وللطريق السالكة للطوموبيلات هي 0,0 كلم. لمسافة لمتوسطة للمدرسة لإبتدائية هي 1,0 كلم، ؤللإعدادية 9,9 كلم، ؤلليسي 9,9 كلم، ولأقرب مركز صحي 9,9 كلم.	ʕˈalaː ħisˈaːb muʕtˤajˈaːt ʔalfaːn wa ʔarbaʕa wa ʕiʃruːn , limasˈaːfa taqriːbˈijːa mˈin duwˈaːr litˤarˈiːq almˈaʕbad hˈiː sˤifr , sˤifr kˈalːam , waliltˤːarˈiːq asːˈaːlika litˤːuːmuːbiːlˈaːt hˈiː sˤifr , sˤifr kˈalːam . limasˈaːfa limutawasːˈitˤa lilmadrˈasa liʔibtidaːʔˈijːa hˈiː waːħid , sˤifr kˈalːam , ʔalilʔiʕdaːdˈijːa tisʕa , tisʕa kˈalːam , ʔallˈiːsiː tisʕa , tisʕa kˈalːam , waliʔˈaqrab mˈarkaz sˤiħːˈijː tisʕa , tisʕa kˈalːam .
عدد السكان ديال أنلكو (إندوزال) نقص ب 12,2% و عدد لفاميلات زاد ب 3,4% مابين 2004 و2014.	ʕˈadad asːukːˈaːn dajˈaːl ʔanlˈikuː ʔinduːzˈaːl nˈaqasˤ b iθnaː ʕaʃar , iθnaːn fˈiː almˈiʔa w ʕˈadad lifaːmiːlˈaːt zˈaːd b θalaːθa , ʔarbaʕa fˈiː almˈiʔa maːbːˈeːn ʔalfaːn wa ʔarbaʕa w ʔalfaːn wa ʔarbaʕata ʕaʃar .
1450 كيوافق 853-854 ف تّقويم لهيجري ؤ 2400 ف تّقويم لأمازيغي ؤ 11450 ف تّقويم لهولوسيني.	ʔalf wa ʔarbaʕumiʔa wa xamsuːn kajuwˈaːfiq θamaːnumiʔa wa θalaːθa wa xamsuːn θamaːnumiʔa wa ʔarbaʕa wa xamsuːn f taqwˈiːm liheːʒˈariː ʔ ʔalfaːn wa ʔarbaʕumiʔa f taqwˈiːm liʔamaːzˈiːɣiː ʔ ʔaħada ʕaʃar ʔalf wa ʔarbaʕumiʔa wa xamsuːn f taqwˈiːm lihuːluːsˈiːniː .
على حساب معطيات 2024، لمسافة تقريبية من دوار لطريق المعبّد هي 0,3 كلم، وللطريق السالكة للطوموبيلات هي 0,3 كلم. لمسافة لمتوسطة للمدرسة لإبتدائية هي 4,4 كلم، ؤللإعدادية 5,5 كلم، ؤلليسي 26,5 كلم، ولأقرب مركز صحي 5,4 كلم.	ʕˈalaː ħisˈaːb muʕtˤajˈaːt ʔalfaːn wa ʔarbaʕa wa ʕiʃruːn , limasˈaːfa taqriːbˈijːa mˈin duwˈaːr litˤarˈiːq almˈaʕbad hˈiː sˤifr , θalaːθa kˈalːam , waliltˤːarˈiːq asːˈaːlika litˤːuːmuːbiːlˈaːt hˈiː sˤifr , θalaːθa kˈalːam . limasˈaːfa limutawasːˈitˤa lilmadrˈasa liʔibtidaːʔˈijːa hˈiː ʔarbaʕa , ʔarbaʕa kˈalːam , ʔalilʔiʕdaːdˈijːa xamsa , xamsa kˈalːam , ʔallˈiːsiː sitta wa ʕiʃruːn , xamsa kˈalːam , waliʔˈaqrab mˈarkaz sˤiħːˈijː xamsa , ʔarbaʕa kˈalːam .
عدد السكان ديال تاقورارت (ولاد نصير الغربية) نقص ب 5,6% و عدد لفاميلات زاد ب 12,6% مابين 2004 و2014.	ʕˈadad asːukːˈaːn dajˈaːl taːquːrˈaːrt wilˈaːd nusˤˈeːr alɣarbˈijːa nˈaqasˤ b xamsa , sitta fˈiː almˈiʔa w ʕˈadad lifaːmiːlˈaːt zˈaːd b iθnaː ʕaʃar , sitta fˈiː almˈiʔa maːbːˈeːn ʔalfaːn wa ʔarbaʕa w ʔalfaːn wa ʔarbaʕata ʕaʃar .
صايبرپانك : هو نوع فرعي د التعاويد لعيلمي لي كايكون ضاير ف بيئة ديسطوپية كايميل باش يركز على "تخليطة بين الطبقة لمنبودة د الناس معا الطيكنولوجيا لعالية"، هاد التعاويد كايبين تاناقود ما بين لنحيطاط د لموجتاماع و الديسطوپيا معا الناجاحات الطيكنولوجيا و لعيلمية.	sˤaːjbirpˈaːnk , hˈuː nˈoːʕ fˈarʕeː d atːaʕaːwˈiːd liʕeːlamˈijː lˈiː kaːjkˈuːn dˤˈaːjir f bˈiːʔa diːstˤuːpˈijːa kaːjmˈiːl bˈaːʃ jurˈakːiz ʕˈalaː taxlˈiːtˤa bˈeːn atˤːˈabaqa limanbˈuːda d anːˈaːs mˈaʕaː atˤːeːknuːlˈuːʒjaː liʕˈaːlija , hˈaːd atːaʕaːwˈiːd kaːjibˈiːn taːnaːqˈuːd mˈaː bˈeːn linuħiːtˤˈaːtˤ d limuːʒtaːmˈaːʕ w adːiːstˤˈuːpjaː mˈaʕaː anːaːʒaːħˈaːt atˤːeːknuːlˈuːʒjaː w liʕeːlamˈijːa .
فهاد الفترة، بدا موليير يكتب ويخرج ويمثل فمسرحيات قصيرة كوميدية. تعلم يفهم الجمهور ويعرف آش كيعجبهم. زيادة على هادشي، تعرف على العوايد د هاد البلايص الفرانساوية مناش جا، وهاد الشي اللي بان فخدمتو من بعد.	fahˈaːd alfˈatra , bˈadaː muːljˈiːr jˈaktub wajˈaxruʒ wajumˈatːil famasraħijːˈaːt qasˤˈiːra kuːmiːdˈijːa . tˈaʕlam jˈufham alʒumhˈuːr wajˈuʕraf ʔˈaːʃ kajuʕʒːibˈuhum . zijˈaːda ʕˈalaː haːdˈiʃiː , tˈuʕraf ʕˈalaː alʕawˈaːjid d hˈaːd albalˈaːjisˤ alfaraːnsaːwˈijːa manˈaːʃ ʒˈaː , wahˈaːd aʃːˈeː alːˈeː bˈaːn faxadˈamtuː mˈin bˈaʕd .
« غادي نصبر و نهز سناسلك، غادي نعطي طروفاتي يقطعوهوم بهايمك ؤ بينسمح فضو النهار، غادي نموت بالجوع ؤ فاش ݣاع مصايب الدنيا غادي يتلاحو عليا بسبابك بينبتاسم قدام سخطك و غضبة النبي ديالك حيتاش لا انت لا هو قادرين تنتاصرو على مرا ضعيفة. باينة باللي السماوات ماراضيينش على نشير دينك. »	ɣˈaːdiː nˈasˤbir w nˈahaz sanaːsˈilak , ɣˈaːdiː nˈuʕtˤiː tˤuruːfaːtˈijː jaqtˤaʕuːhˈuːm bahaːjˈimak ʔ bijansˈamiħ fˈudˤw anːahˈaːr , ɣˈaːdiː namˈuːt bilʒˈuːʕ ʔ fˈaːʃ ɡˈaːʕ masˤˈaːjib adːˈunjaː ɣˈaːdiː jatalˈaːħoː ʕalˈijːaː bisabˈaːbik bijanbatˈaːsim qudːˈaːm saxˈatˤik w ɣˈadˤba anːabˈijː dijˈaːlik ħiːtˈaːʃ lˈaː ˈint lˈaː hˈuː qaːdirˈiːn tantaːsˤˈaruː ʕˈalaː mˈarːaː dˤaʕˈiːfa . bˈaːjina bilːˈijː asːamaːwˈaːt maːraːdˤijˈiːnʃ ʕˈalaː nuʃˈiːr dˈiːnik .
ݣاع الدكور رماديين، لقرجوطة عندهم الرمادية مجبّدة حتى ل الصدر ب علمة فاصلة ماضية بين لخطوط د الطراف التحتانيين. لقزحية، الضورة د لعين، الجدر د لمنقار و لكراوع صوفر. النتوات الرماديات لبالغات عندهوم لون وردي فاتح و ضهر فاتح حتى ل لخطوط و الجناب د لعنق، و شي مرّات شي نقطات صغار محمّرين ف الجناوح لبراويين لكبار و لوسطانيين و ف التشبيكات لبرّاويين ف الجناوح التانويين.	ɡˈaːʕ adːukˈuːr ramaːdijːˈiːn , liqurʒˈuːtˤa ʕindˈahum arːamaːdˈijːa muʒabːˈada ħˈatːaː l asˤːˈadr b ʕˈalma fˈaːsˤila mˈaːdˤija bˈeːn lixutˤˈuːtˤ d atˤːarˈaːf atːaħtaːnijːˈiːn . liquzaħˈijːa , adˤːˈoːra d liʕˈeːn , alʒˈudur d liminqˈaːr w likarˈaːwiʕ sˤˈoːfar . anːatawˈaːt arːamaːdijːˈaːt libaːliɣˈaːt ʕindahˈuːm lˈoːn warˈadiː fˈaːtiħ w dˤˈahr fˈaːtiħ ħˈatːaː l lixutˤˈuːtˤ w alʒinˈaːb d liʕˈunuq , w ʃˈeː marːˈaːt ʃˈeː nuqatˤˈaːt sˤiɣˈaːr muħmirˈiːn f alʒanˈaːwiħ libaraːwijːˈiːn likibˈaːr w luwustˤaːnijːˈiːn w f atːaʃbiːkˈaːt libaraːwijːˈiːn f alʒanˈaːwiħ atːaːnwijːˈiːn .
الحروب والصراعات المسلحة كان عندها الدور الكبير في تطوير مفهوم الإسعاف اللولاني، بحيت الحرب الأهلية لميريكانية خلات كلارا بارتون تنظم لمؤسسة لي ولات معروفة ب الصليب الحمر لميريكاني.	alħurˈuːb wasˤːiraːʕˈaːt almusalːˈaħa kˈaːn ʕindˈahaː adːˈuːr alkabˈiːr fˈiː tatˤwˈiːr mafhˈuːm alʔisʕˈaːf alːoːlaːnˈijː , biħˈijat alħˈarb alʔahlˈijːa limiːriːkaːnˈijːa xalːˈaːt kilˈaːraː baːrtˈuːn tunˈadˤːim limuʔasːˈasa lˈiː walˈaːt maʕrˈuːfa b asˤːalˈiːb alħˈumur limiːriːkˈaːniː .
ديوان الرافعي: (ثلاثة د لأجزاء) الطبعة اللولة خرجات ما بين 1903 و 1906، و كل جزء فيه مقدمة كتعكس النهج ديالو، و المقدمة كتجي غالبا من شرح ديال خوه محمد كامل الرافعي ولكنها من تأليف الرافعي.	diːwˈaːn arːaːfiʕˈijː , talˈaːta d liʔaʒzˈaːʔ atˤːˈabʕa alːˈoːla xaraʒˈaːt mˈaː bˈeːn ʔalf wa tisʕumiʔa wa θalaːθa w ʔalf wa tisʕumiʔa wa sitta , w kˈulː ʒˈuzʔ fˈiːh muqadːˈama katˈaʕkis anːˈahʒ dajˈaːluː , w almuqadːˈima katˈaʒiː ɣaːlˈibaː mˈin ʃˈarħ dajˈaːl xˈuːh muħˈamːad kˈaːmil arːaːfiʕˈijː walakinːˈahaː mˈin taʔlˈiːf arːaːfiʕˈijː .
ف عام 1929، ف لوقت ديال لإستعمار د لمغريب من عند فرانسا، طلقات شركة لمعاصر لمجمدة لعالمية مجموعة ديال لمشروبات اللاكوحولية، وخا كانت ف لأصل شركة متخصصة ف لبيرة لي لكليان ديالها ب لأساس هوما لمستعمرين لفرانساويين. لهدف ديال الشركة كان باش تستقطب لكليان من لمغاربا لمسلمين لي عندهم حرام يكونصوميو الشراب.	f ʕˈaːm ʔalf wa tisʕumiʔa wa tisʕa wa ʕiʃruːn , f liwˈaqt dijˈaːl liʔistiʕmˈaːr d limaɣrˈiːb mˈin ʕˈind farˈaːnsaː , tˤalqˈaːt ʃˈarika limuʕˈaːsˤir limuʒamːˈada liʕaːlamˈijːa maʒmˈuːʕa dijˈaːl limaʃruːbˈaːt alːaːkuːħuːlˈijːa , wˈaxaː kˈaːnat f liʔˈasˤl ʃˈarika mutaxasˤːˈisˤa f libˈiːra lˈiː likuljˈaːn dijaːlˈihaː b liʔasˈaːs hˈuːmaː limustaʕmirˈiːn lifaraːnsaːwijːˈiːn . lihˈadaf dijˈaːl aʃːˈarika kˈaːn bˈaːʃ tastˈaqtˤib likilːijˈaːn mˈin limaɣaːrˈibaː limuslimˈiːn lˈiː ʕindˈahum ħarˈaːm jakuːnsˤˈuːmjuː aʃːarˈaːb .
بينمّا الكيمونو مابقاش لباس شايع عند الرجال، بقا هو اللباس اليومي د لعيالات الجاپونيات حتى للحرب العالمية التانية (1940-1945). معايير "كيتسوكي" ماكانتش ب هاد الرسمية، بحيت التجاعيد و "ؤهاشوري" اللامتساوي كانو مازالين مقبولين. كاين إعلان من عام 1957 كيبيّن معايير "كيتسوكي" بعد الحرب للعيالات، لي كانت كتشجع على مضهر نقي و موحد كتر.	beːnˈamaː alkiːmˈuːnuː maːbqˈaːʃ libˈaːs ʃˈaːjiʕ ʕˈind arːiʒˈaːl , bˈaqaː hˈuː alːibˈaːs aljoːmˈijː d liʕijaːlˈaːt alʒaːpuːnijːˈaːt ħˈatːaː lilħˈarb alʕaːlamˈijːa atːˈaːnija ʔalf wa tisʕumiʔa wa ʔarbaʕuːn ʔalf wa tisʕumiʔa wa xamsa wa ʔarbaʕuːn . maʕaːjˈiːr kiːtsˈuːkiː maːkˈaːntuʃ b hˈaːd arːasmˈijːa , biħˈajat atːaʒaːʕˈiːd w ʔahaːʃuːrˈijː alːaːmtusˈaːwiː kˈaːnuː maːzaːlˈiːn maqbuːlˈiːn . kˈaːjn ʔiʕlˈaːn mˈin ʕˈaːm ʔalf wa tisʕumiʔa wa sabʕa wa xamsuːn kiːbˈiːn maʕaːjˈiːr kiːtasˈuːkiː bˈaʕd alħˈarb lilʕijaːlˈaːt , lˈiː kˈaːnat kataʃˈaʒːiʕ ʕˈalaː mˈadˤhar naqˈijː w muwˈaħːid kˈatr .
المومياء تسمات "أوتزي" نسبة لجبال الألب فـ أوتزتال، ولقاوها فـ جبل جليدي كيبدا يدوب فـ عام 1991. كيعتابرو بلي عاش ما بين عام 3350 و 3100 قبل الميلاد، ولقاو داك الشحمة فكرشو مع الوجبة اللخرة اللي كلا قبل ما يموت.	almuːmjˈaːʔ tasimˈaːt ʔuːtˈaziː nˈisba liʒibˈaːl alʔˈalb fˈa ʔoːtiztˈaːl , walaqaːwˈuhaː fˈa ʒˈabal ʒaliːdˈijː kˈeːbdaː jadˈuːb fˈa ʕˈaːm ʔalf wa tisʕumiʔa wa waːħid wa tisʕuːn . kiːʕtˈaːbruː bˈaliː ʕˈaːʃ mˈaː bˈeːn ʕˈaːm θalaːθa ʔaːlaːf wa θalaːθumiʔa wa xamsuːn w θalaːθa ʔaːlaːf wa miʔa qˈabl almiːlˈaːd , waliqˈaːw dˈaːk aʃːˈaħma fakˈarʃuː mˈaʕ alwˈaʒba alːˈaxra alːˈeː kˈulːaː qˈabl mˈaː jamˈuːt .
بدلو طريقة مصاوبة القلاع، وبدلو من القلاع الخشبية البسيطة لقلاع حجرية كبار بحال اللي كانو فالشرق.	bidˈalw tˤarˈiːqa musˤˈaːwaba alqilˈaːʕ , wabidˈalw mˈin alqilˈaːʕ alxaʃabˈijːa albasˈiːtˤa liqilˈaːʕ ħaʒarˈijːa kibˈaːr biħˈaːl alːˈeː kˈaːnuː faʃːˈarq .
• نسبة إنتاج الأتواب القطنية فالعالم بالآلات البريطانية فـ 1800 كانت أقل من 0.1٪.	nˈisba ʔintˈaːʒ alʔatwˈaːb alqutˤnˈijːa falʕˈaːlim bilʔaːlˈaːt albiriːtˤaːnˈijːa fˈa ʔalf wa θamaːnumiʔa kˈaːnat ʔaqˈalː mˈin sˤifr fˈaːsˤila waːħid fˈiː almˈiʔa .
هنا، پاتروكلوس كيشير لموتو المقدّر على يد هيكطور ولموت هيكطور المقدّر على يد أخيل. كل واحد كيتقبل نتيجة حياتو، ولكن كيستمر واخا هكاك. ولكن، القدر ماشي ديما كيتقبل بشكل مطلق. أول حالة لهاد الشك كتوقع فالكتاب 16. فاش شاف پاتروكلوس على بونت يقتل ساربيدون، ولدو البشري، زيوس قال:	hˈunaː , paːtruːklˈuːs kiːʃˈiːr limˈuːtuː almuqˈadːar ʕˈalaː jˈad hiːktˤˈuːr walimˈoːt hiːktˤˈuːr almuqˈadːar ʕˈalaː jˈad ʔˈaxjal . kˈulː wˈaːħid kajataqˈabːal natˈiːʒa ħajˈaːtuː , walˈakin kijastamˈirː wˈaːxaː hakˈaːk . walˈakin , alqˈadr mˈaːʃiː dˈiːmaː kajataqˈabːal biʃˈakl mˈutˤlaq . ʔˈoːal ħˈaːla lahˈaːd aʃːˈakː katawˈaqːuʕ falkitˈaːb sittata ʕaʃar . fˈaːʃ ʃˈaːf paːtruːklˈuːs ʕˈalaː bˈuːnt jˈuqtal saːrbiːdˈuːn , walˈaduː albaʃarˈijː , zujˈuːs qˈaːl ,
الخشبة ديال المسرح مبنية على الستيل ديال الشينوا، وعندها شكل مستطيل، ومفتوحة من تلاتة د الجهات، ما عدا الجهة اللي فاللور، اللي كيحطو فيها لوحة مرسوم فيها شجرة ديال الأرز. كاينين ربعة ديال ركايز كيبينو جناب ديال الخشبة.	alxˈaʃaba dajˈaːl almˈasraħ mabnˈijːa ʕˈalaː asːitːˈiːl dijˈaːl aʃːˈiːnuː , waʕindˈahaː ʃˈakl mustatˤˈiːl , wamaftˈuːħa mˈin tilˈaːta d alʒihˈaːt , mˈaː ʕˈadaː alʒˈiha alːˈeː falːˈuːr , alːˈeː kajˈaħtˤuː fˈiːhaː lˈoːħa marsˈuːm fˈiːhaː ʃˈaʒara dijˈaːl alʔˈurz . kaːjinˈiːn rˈabʕa dajˈaːl rakˈaːjiz kiːbˈiːnuː ʒanˈaːb dijˈaːl alxˈaʃaba .
بوليڤيا تأهلات ل تورنوا د فيفا للمرة اللولة من كاس لعالم 1994. إندونيسيا، بعدما نظمات التورنوا ديال 2023، تأهلات ب دراعها (على طريق لإقصائيات) لمرة اللولة ف تاريخها ل تورنوا د فيفا.	biwalˈiiːvjaː taʔahːulˈaːt l tuːrˈinuː d fˈiːfaː lilmˈarːa alːˈoːla mˈin kˈaːs liʕˈaːlim ʔalf wa tisʕumiʔa wa ʔarbaʕa wa tisʕuːn . ʔinduːnˈiːsjaː , baʕdˈamaː nadˤːamˈaːt atːuːrːˈunuː dijˈaːl ʔalfaːn wa θalaːθa wa ʕiʃruːn , taʔahːulˈaːt b diraːʕˈihaː ʕˈalaː tˤarˈiːq liʔiqsˤaːʔijːˈaːt limˈarːa alːˈoːla f taːriːxˈihaː l tuːrˈinuː d fˈiːfaː .
فـنص الموسم، وقّع فريق مونريال إمباكت معاه فـ11 يوليوز 2005 باش يعزز التشكيلة، خصوصاً أن الفريق كان كيعاني من الإصابات فخط الهجوم. المدرب كان باغي لاعب عندو مهارة وسرعة فوسط الميدان، ولقا فمدكور الاختيار المناسب.	fˈanːasˤ almˈoːsim , wˈaqaʕ farˈiːq muːnriˈaːl ʔimbˈaːkat maʕˈaːh fˈa ʔaħada ʕaʃar juːljˈuːz ʔalfaːn wa xamsa bˈaːʃ juʕˈazːiz atːaʃkˈiːla , xusˤˈuːsˤaː ʔˈan alfarˈiːq kˈaːn kiːʕaːnˈijː mˈin alʔisˤaːbˈaːt faxˈatˤː alhuʒˈuːm . almudˈarːib kˈaːn bˈaːɣiː lˈaːʕib ʕˈinduː mahˈaːr wasˈurʕa fawˈasatˤ almeːdˈaːn , walˈaqaː famadkˈuːr alaːxtijˈaːr almunˈaːsib .
لمغريب عندو نظام صحي فيه قطاع عمومي و قطاع خاص (لپريڤي). الدولة كتوفّر الرعاية الأساسية، التلقيح، و الإستعجالات، بينما لپريڤي كيركّز بزاف على العلاجات الإختيارية و التخصصات.	limaɣrˈiːb ʕˈinduː nidˤˈaːm sˤiħːˈijː fˈiːh qutˤːˈaːʕ ʕumuːmˈijː w qutˤːˈaːʕ xˈaːsˤː liprˈijːveː . adːˈoːla katawˈafːur arːiʕˈaːja alʔasaːsˈijːa , atːalqˈiːħ , w alʔistiʕʒaːlˈaːt , beːnˈamaː liprˈijːviː kˈiːrkːiz bizˈaːf ʕˈalaː alʕilaːʒˈaːt alʔixtijaːrˈijːa w atːaxasˤːusˤˈaːt .
تصنيف:شركات د لميديا ف الولايات المتاحدة د ميريكان	tasˤnˈiːf , ʃarikˈaːt d limˈeːdjaː f alwilaːjˈaːt almutˈaːħida d miːriːkˈaːn
كروك دار تغييرات كبيرة فالنموذج ديال الفرانشايز، بحال بيع كل محل فرنشايز بوحدو باش يحافظ على الجودة والسمعة، وفرض قوانين صارمة على تحضير الطعام وخدمة الزبناء.	kurˈuːk dˈaːr taɣajiːrˈaːt kabˈiːra fanːamˈuːdaʒ dijˈaːl alfaraːnʃˈaːjiz , biħˈaːl bˈeːʕ kˈulː maħˈalː faranʃˈaːjiz biwˈaħduː bˈaːʃ juħˈaːfidˤ ʕˈalaː alʒˈoːda wasːˈumʕa , wafˈardˤ qawaːnˈiːn sˤˈaːrima ʕˈalaː taħdˤˈiːr atˤːaʕˈaːm waxˈidma azːabanˈaːʔ .
وقاية من أمراض كتعتبر واحد من أهم طرق للحفاظ على صّحة. بدل انتظار حتى يمرض بنادم، الوقاية كتحاول تمنع ظهور مرض من لول.	wiqˈaːja mˈin ʔamrˈaːdˤ katuʕtˈabar wˈaːħid mˈin ʔahˈamː tˤˈuruq lilħifˈaːdˤ ʕˈalaː sˤˈiħːa . bˈadal intidˤˈaːr ħˈatːaː jˈamradˤ binˈaːdim , alwiqˈaːja kataħˈaːwul tˈamnaʕ dˤuhˈuːr mˈaradˤ mˈin lˈuwl .
1102 هوّا عام ف تّقويم لڭريڭوري بدا نهار لاربع ؤ سالا نهار لاربع. هوّا لعام نمرة 1102 ف لإيرا لعامة ؤ لفترة د بعد لميلاد، نمرة 2 ف لقرن 12، ؤ نمرة 2 ف لعقد ديال عوام 1100.	ʔalf wa miʔa wa iθnaːn hˈuwaː ʕˈaːm f taqwˈiːm liɡrijːɡˈuːriː bˈadaː nahˈaːr lˈirbaʕ ʔ sˈaːlaː nahˈaːr lˈirbaʕ . hˈuwaː liʕˈaːm nˈamira ʔalf wa miʔa wa iθnaːn f liʔˈiːraː liʕˈaːmːa ʔ lifˈatra d bˈaʕd limiːlˈaːd , nˈamira iθnaːn f liqˈarn iθnaː ʕaʃar , ʔ nˈamira iθnaːn f liʕˈaqd dijˈaːl ʕawˈaːmː ʔalf wa miʔa .
1337 هوّا عام ف تّقويم لڭريڭوري بدا نهار لاربع ؤ سالا نهار لاربع. هوّا لعام نمرة 1337 ف لإيرا لعامة ؤ لفترة د بعد لميلاد، نمرة 37 ف لقرن 14، ؤ نمرة 7 ف لعقد ديال عوام 1330.	ʔalf wa θalaːθumiʔa wa sabʕa wa θalaːθuːn hˈuwaː ʕˈaːm f taqwˈiːm liɡrijːɡˈuːriː bˈadaː nahˈaːr lˈirbaʕ ʔ sˈaːlaː nahˈaːr lˈirbaʕ . hˈuwaː liʕˈaːm nˈamira ʔalf wa θalaːθumiʔa wa sabʕa wa θalaːθuːn f liʔˈiːraː liʕˈaːmːa ʔ lifˈatra d bˈaʕd limiːlˈaːd , nˈamira sabʕa wa θalaːθuːn f liqˈarn ʔarbaʕata ʕaʃar , ʔ nˈamira sabʕa f liʕˈaqd dijˈaːl ʕawˈaːmː ʔalf wa θalaːθumiʔa wa θalaːθuːn .
1577 هوّا عام ف تّقويم لڭريڭوري بدا نهار التلات ؤ سالا نهار التلات. هوّا لعام نمرة 1577 ف لإيرا لعامة ؤ لفترة د بعد لميلاد، نمرة 77 ف لقرن 16، ؤ نمرة 7 ف لعقد ديال عوام 1570.	ʔalf wa xamsumiʔa wa sabʕa wa sabʕuːn hˈuwaː ʕˈaːm f taqwˈiːm liɡrijːɡˈuːriː bˈadaː nahˈaːr atːilˈaːt ʔ sˈaːlaː nahˈaːr atːalːˈaːt . hˈuwaː liʕˈaːm nˈamira ʔalf wa xamsumiʔa wa sabʕa wa sabʕuːn f liʔˈiːraː liʕˈaːmːa ʔ lifˈatra d bˈaʕd limiːlˈaːd , nˈamira sabʕa wa sabʕuːn f liqˈarn sittata ʕaʃar , ʔ nˈamira sabʕa f liʕˈaqd dijˈaːl ʕawˈaːmː ʔalf wa xamsumiʔa wa sabʕuːn .
209 قبل لميلاد هوّا عام ف تّقويم ليولياني ف لفترة د قبل لميلاد . هوّا لعام نمرة -108 ف لقرن 1 قبل لميلاد، ؤ نمرة 1 ف لعقد ديال عوام 200 قبل لميلاد.	miʔataːn wa tisʕa qˈabl limiːlˈaːd hˈuwaː ʕˈaːm f taqwˈiːm lijuːlːijˈaːniː f lifˈatra d qˈabl limiːlˈaːd . hˈuwaː liʕˈaːm nˈamira nˈaːqisˤ miʔa wa θamaːnija f liqˈarn waːħid qˈabl limiːlˈaːd , ʔ nˈamira waːħid f liʕˈaqd dijˈaːl ʕawˈaːmː miʔataːn qˈabl limiːlˈaːd .
315 هوّا عام ف تّقويم لڭريڭوري بدا نهار السبت ؤ سالا نهار السبت. هوّا لعام نمرة 315 ف لإيرا لعامة ؤ لفترة د بعد لميلاد، نمرة 15 ف لقرن 4، ؤ نمرة 5 ف لعقد ديال عوام 310.	θalaːθumiʔa wa xamsata ʕaʃar hˈuwaː ʕˈaːm f taqwˈiːm liɡrijːɡˈuːriː bˈadaː nahˈaːr asːˈabt ʔ sˈaːlaː nahˈaːr asːˈabt . hˈuwaː liʕˈaːm nˈamira θalaːθumiʔa wa xamsata ʕaʃar f liʔˈiːraː liʕˈaːmːa ʔ lifˈatra d bˈaʕd limiːlˈaːd , nˈamira xamsata ʕaʃar f liqˈarn ʔarbaʕa , ʔ nˈamira xamsa f liʕˈaqd dijˈaːl ʕawˈaːmː θalaːθumiʔa wa ʕaʃara .
420 هوّا عام ف تّقويم لڭريڭوري بدا نهار لخميس ؤ سالا نهار الجمعة. هوّا لعام نمرة 420 ف لإيرا لعامة ؤ لفترة د بعد لميلاد، نمرة 20 ف لقرن 5، ؤ نمرة 10 ف لعقد ديال عوام 420.	ʔarbaʕumiʔa wa ʕiʃruːn hˈuwaː ʕˈaːm f taqwˈiːm liɡrijːɡˈuːriː bˈadaː nahˈaːr lixamˈiːs ʔ sˈaːlaː nahˈaːr alʒˈumuʕa . hˈuwaː liʕˈaːm nˈamira ʔarbaʕumiʔa wa ʕiʃruːn f liʔˈiːraː liʕˈaːmːa ʔ lifˈatra d bˈaʕd limiːlˈaːd , nˈamira ʕiʃruːn f liqˈarn xamsa , ʔ nˈamira ʕaʃara f liʕˈaqd dijˈaːl ʕawˈaːmː ʔarbaʕumiʔa wa ʕiʃruːn .
523 هوّا عام ف تّقويم لڭريڭوري بدا نهار لحد ؤ سالا نهار لحد. هوّا لعام نمرة 523 ف لإيرا لعامة ؤ لفترة د بعد لميلاد، نمرة 23 ف لقرن 6، ؤ نمرة 3 ف لعقد ديال عوام 520.	xamsumiʔa wa θalaːθa wa ʕiʃruːn hˈuwaː ʕˈaːm f taqwˈiːm liɡrijːɡˈuːriː bˈadaː nahˈaːr liħˈadː ʔ sˈaːlaː nahˈaːr liħˈadː . hˈuwaː liʕˈaːm nˈamira xamsumiʔa wa θalaːθa wa ʕiʃruːn f liʔˈiːraː liʕˈaːmːa ʔ lifˈatra d bˈaʕd limiːlˈaːd , nˈamira θalaːθa wa ʕiʃruːn f liqˈarn sitta , ʔ nˈamira θalaːθa f liʕˈaqd dijˈaːl ʕawˈaːmː xamsumiʔa wa ʕiʃruːn .
632 قبل لميلاد هوّا عام ف تّقويم ليولياني ف لفترة د قبل لميلاد . هوّا لعام نمرة -531 ف لقرن 1 قبل لميلاد، ؤ نمرة 8 ف لعقد ديال عوام 630 قبل لميلاد.	sittumiʔa wa iθnaːn wa θalaːθuːn qˈabl limiːlˈaːd hˈuwaː ʕˈaːm f taqwˈiːm lijuːlːijˈaːniː f lifˈatra d qˈabl limiːlˈaːd . hˈuwaː liʕˈaːm nˈamira nˈaːqisˤ xamsumiʔa wa waːħid wa θalaːθuːn f liqˈarn waːħid qˈabl limiːlˈaːd , ʔ nˈamira θamaːnija f liʕˈaqd dijˈaːl ʕawˈaːmː sittumiʔa wa θalaːθuːn qˈabl limiːlˈaːd .
731 هوّا عام ف تّقويم لڭريڭوري بدا نهار التنين ؤ سالا نهار التنين. هوّا لعام نمرة 731 ف لإيرا لعامة ؤ لفترة د بعد لميلاد، نمرة 31 ف لقرن 8، ؤ نمرة 1 ف لعقد ديال عوام 730.	sabʕumiʔa wa waːħid wa θalaːθuːn hˈuwaː ʕˈaːm f taqwˈiːm liɡrijːɡˈuːriː bˈadaː nahˈaːr ˈatːnːin ʔ sˈaːlaː nahˈaːr ˈatːnːin . hˈuwaː liʕˈaːm nˈamira sabʕumiʔa wa waːħid wa θalaːθuːn f liʔˈiːraː liʕˈaːmːa ʔ lifˈatra d bˈaʕd limiːlˈaːd , nˈamira waːħid wa θalaːθuːn f liqˈarn θamaːnija , ʔ nˈamira waːħid f liʕˈaqd dijˈaːl ʕawˈaːmː sabʕumiʔa wa θalaːθuːn .
830 قبل لميلاد هوّا عام ف تّقويم ليولياني ف لفترة د قبل لميلاد . هوّا لعام نمرة -729 ف لقرن 1 قبل لميلاد، ؤ نمرة 10 ف لعقد ديال عوام 830 قبل لميلاد.	θamaːnumiʔa wa θalaːθuːn qˈabl limiːlˈaːd hˈuwaː ʕˈaːm f taqwˈiːm lijuːlːijˈaːniː f lifˈatra d qˈabl limiːlˈaːd . hˈuwaː liʕˈaːm nˈamira nˈaːqisˤ sabʕumiʔa wa tisʕa wa ʕiʃruːn f liqˈarn waːħid qˈabl limiːlˈaːd , ʔ nˈamira ʕaʃara f liʕˈaqd dijˈaːl ʕawˈaːmː θamaːnumiʔa wa θalaːθuːn qˈabl limiːlˈaːd .
965 هوّا عام ف تّقويم لڭريڭوري بدا نهار لحد ؤ سالا نهار لحد. هوّا لعام نمرة 965 ف لإيرا لعامة ؤ لفترة د بعد لميلاد، نمرة 65 ف لقرن 10، ؤ نمرة 5 ف لعقد ديال عوام 960.	tisʕumiʔa wa xamsa wa sittuːn hˈuwaː ʕˈaːm f taqwˈiːm liɡrijːɡˈuːriː bˈadaː nahˈaːr liħˈadː ʔ sˈaːlaː nahˈaːr liħˈadː . hˈuwaː liʕˈaːm nˈamira tisʕumiʔa wa xamsa wa sittuːn f liʔˈiːraː liʕˈaːmːa ʔ lifˈatra d bˈaʕd limiːlˈaːd , nˈamira xamsa wa sittuːn f liqˈarn ʕaʃara , ʔ nˈamira xamsa f liʕˈaqd dijˈaːl ʕawˈaːmː tisʕumiʔa wa sittuːn .
​كـيـمثل لـقطاع لـفلاحي شي 14 فـ لـمية من ناتج لـمحلي لـإجمالي ديال لـمغرب (2016). وبـسباب هادشي، لـمغرب بغا يـنظم واحد لـحدث لـي كـيـجمع كاع لـمعرفة لـفلاحية ديال لـبلاد، بـاش يزيد بهاد لـقطاع للقدام بتـشجيع ديال الـشركات ولإستتـمارات.	keːmˈatl liqtˤˈaːʕ liflaːħˈijː ʃˈeː ʔarbaʕata ʕaʃar fˈa limːˈijːa mˈin nˈaːtiʒ limħˈaliː liʔiʒmaːlˈijː dijˈaːl limˈaɣrib ʔalfaːn wa sittata ʕaʃar . wabisbˈaːb haːdiʃˈijː , limˈaɣrib bˈaɣːaː jˈundˤim wˈaːħid lˈiħdat lˈijː keːʒˈamʕ kˈaːʕ limaʕrˈifa liflaːħˈijːa dajˈaːl liblˈaːd , bˈiʃ jazˈiːd bihˈaːd liqtˤˈaːʕ lilqudːˈaːm bitaʃiʒˈiːʕ dajˈaːl alʃarkˈaːt waliʔistitimaːrˈaːt .
على حساب معطيات 2024، لمسافة تقريبية من دوار لطريق المعبّد هي 0,5 كلم، وللطريق السالكة للطوموبيلات هي 0,5 كلم. لمسافة لمتوسطة للمدرسة لإبتدائية هي 1,7 كلم، ؤللإعدادية 19,6 كلم، ؤلليسي 70,1 كلم، ولأقرب مركز صحي 9,2 كلم.	ʕˈalaː ħisˈaːb muʕtˤajˈaːt ʔalfaːn wa ʔarbaʕa wa ʕiʃruːn , limasˈaːfa taqriːbˈijːa mˈin duwˈaːr litˤarˈiːq almˈaʕbad hˈiː sˤifr , xamsa kˈalːam , waliltˤːarˈiːq asːˈaːlika litˤːuːmuːbiːlˈaːt hˈiː sˤifr , xamsa kˈalːam . limasˈaːfa limutawasːˈitˤa lilmadrˈasa liʔibtidaːʔˈijːa hˈiː waːħid , sabʕa kˈalːam , ʔalilʔiʕdaːdˈijːa tisʕata ʕaʃar , sitta kˈalːam , ʔallˈiːsiː sabʕuːn , waːħid kˈalːam , waliʔˈaqrab mˈarkaz sˤiħːˈijː tisʕa , iθnaːn kˈalːam .
عدد السكان ديال أولاد الحارتي (قصبة ولد حادة) نقص ب 11,2% و عدد لفاميلات بقا هو هو مابين 2004 و2014.	ʕˈadad asːukːˈaːn dajˈaːl ʔoːlˈaːd alħaːrːˈatij qˈasˤaba wˈalad ħˈaːdːa nˈaqasˤ b ʔaħada ʕaʃar , iθnaːn fˈiː almˈiʔa w ʕˈadad lifaːmiːlˈaːt bˈaqaː hˈuː hˈuː maːbːˈeːn ʔalfaːn wa ʔarbaʕa w ʔalfaːn wa ʔarbaʕata ʕaʃar .
ف 2024، عدد د سكان ديال أولاد رحو وصل ل 954 شخص، وعدد لفاميلات وصل ل 239 فاميلة. عدد لبالغين كان 702 واحد. عدد السكان ديال أولاد رحو نقص ب 3,3% مابين 2014 و2024. هاد الأرقام مبنية على إحصاءات 2004 و2014 و2024.	f ʔalfaːn wa ʔarbaʕa wa ʕiʃruːn , ʕˈadad d sukːˈaːn dijˈaːl ʔoːlˈaːd rˈaħw wˈasˤal l tisʕumiʔa wa ʔarbaʕa wa xamsuːn ʃˈaxsˤ , waʕˈadad lifaːmiːlˈaːt wˈasˤal l miʔataːn wa tisʕa wa θalaːθuːn faːmˈiːla . ʕˈadad libaːliɣˈiːn kˈaːn sabʕumiʔa wa iθnaːn wˈaːħid . ʕˈadad asːukːˈaːn dajˈaːl ʔoːlˈaːd rˈaħw nˈaqasˤ b θalaːθa , θalaːθa fˈiː almˈiʔa maːbːˈeːn ʔalfaːn wa ʔarbaʕata ʕaʃar w ʔalfaːn wa ʔarbaʕa wa ʕiʃruːn . hˈaːd alʔarqˈaːm mabnˈijːa ʕˈalaː ʔiħsˤaːʔˈaːt ʔalfaːn wa ʔarbaʕa w ʔalfaːn wa ʔarbaʕata ʕaʃar w ʔalfaːn wa ʔarbaʕa wa ʕiʃruːn .
عدد السكان ديال أيت أمبارك (الكفيفات) نقص ب 24,7% و عدد لفاميلات نقص ب 15,9% مابين 2004 و2014.	ʕˈadad asːukːˈaːn dajˈaːl ʔˈeːt ʔambˈaːrik alkafiːfˈaːt nˈaqasˤ b ʔarbaʕa wa ʕiʃruːn , sabʕa fˈiː almˈiʔa w ʕˈadad lifaːmiːlˈaːt nˈaqasˤ b xamsata ʕaʃar , tisʕa fˈiː almˈiʔa maːbːˈeːn ʔalfaːn wa ʔarbaʕa w ʔalfaːn wa ʔarbaʕata ʕaʃar .
ف 2024، نسبة ديال ذكور ف أيت بلعايدي واصلة ل 53,0%، ونسبة د لإناث واصلة ل 47,0%. نسبة د الناس لي عمرهوم أقل من 15 عام واصلة ل 22,7%، ؤنسبة د الناس لي عمرهوم ما بين 15 و59 عام واصلة ل 59,5%، ؤ نسبة د الناس لي عمرهوم 60 عام ؤلا كتر واصلة ل 17,8%.	f ʔalfaːn wa ʔarbaʕa wa ʕiʃruːn , nˈisba dajˈaːl dukˈuːr f ʔˈeːt bilʕaːjˈidiː wˈaːsˤila l θalaːθa wa xamsuːn , sˤifr fˈiː almˈiʔa , wanˈisba d liʔinˈaːt wˈaːsˤila l sabʕa wa ʔarbaʕuːn , sˤifr fˈiː almˈiʔa . nˈisba d anːˈaːs lˈiː ʕumarhˈuːm ʔaqˈalː mˈin xamsata ʕaʃar ʕˈaːm wˈaːsˤila l iθnaːn wa ʕiʃruːn , sabʕa fˈiː almˈiʔa , ʔanˈisba d anːˈaːs lˈiː ʕumarhˈuːm mˈaː bˈeːn xamsata ʕaʃar w tisʕa wa xamsuːn ʕˈaːm wˈaːsˤila l tisʕa wa xamsuːn , xamsa fˈiː almˈiʔa , ʔ nˈisba d anːˈaːs lˈiː ʕumarhˈuːm sittuːn ʕˈaːm ʔˈalaː kˈatr wˈaːsˤila l sabʕata ʕaʃar , θamaːnija fˈiː almˈiʔa .
ف 2024، نسبة ديال ذكور ف آيت سعيد واصلة ل 46,9%، ونسبة د لإناث واصلة ل 53,1%. نسبة د الناس لي عمرهوم أقل من 15 عام واصلة ل 21,0%، ؤنسبة د الناس لي عمرهوم ما بين 15 و59 عام واصلة ل 58,0%، ؤ نسبة د الناس لي عمرهوم 60 عام ؤلا كتر واصلة ل 21,0%.	f ʔalfaːn wa ʔarbaʕa wa ʕiʃruːn , nˈisba dajˈaːl dukˈuːr f ʔˈaːjat saʕˈiːd wˈaːsˤila l sitta wa ʔarbaʕuːn , tisʕa fˈiː almˈiʔa , wanˈisba d liʔinˈaːt wˈaːsˤila l θalaːθa wa xamsuːn , waːħid fˈiː almˈiʔa . nˈisba d anːˈaːs lˈiː ʕumarhˈuːm ʔaqˈalː mˈin xamsata ʕaʃar ʕˈaːm wˈaːsˤila l waːħid wa ʕiʃruːn , sˤifr fˈiː almˈiʔa , ʔanˈisba d anːˈaːs lˈiː ʕumarhˈuːm mˈaː bˈeːn xamsata ʕaʃar w tisʕa wa xamsuːn ʕˈaːm wˈaːsˤila l θamaːnija wa xamsuːn , sˤifr fˈiː almˈiʔa , ʔ nˈisba d anːˈaːs lˈiː ʕumarhˈuːm sittuːn ʕˈaːm ʔˈalaː kˈatr wˈaːsˤila l waːħid wa ʕiʃruːn , sˤifr fˈiː almˈiʔa .
عدد السكان ديال أيت واحي (أيت لحسن مسانة) زاد ب 20,9% و عدد لفاميلات زاد ب 25,0% مابين 2004 و2014.	ʕˈadad asːukːˈaːn dajˈaːl ʔˈeːt wˈaːħiː ʔˈeːt liħˈusn masˈaːna zˈaːd b ʕiʃruːn , tisʕa fˈiː almˈiʔa w ʕˈadad lifaːmiːlˈaːt zˈaːd b xamsa wa ʕiʃruːn , sˤifr fˈiː almˈiʔa maːbːˈeːn ʔalfaːn wa ʔarbaʕa w ʔalfaːn wa ʔarbaʕata ʕaʃar .
على حساب معطيات 2024، لمسافة تقريبية من دوار لطريق المعبّد هي 0,6 كلم، وللطريق السالكة للطوموبيلات هي 0,6 كلم. لمسافة لمتوسطة للمدرسة لإبتدائية هي 1,2 كلم، ؤللإعدادية 2,9 كلم، ؤلليسي 6,0 كلم، ولأقرب مركز صحي 2,8 كلم.	ʕˈalaː ħisˈaːb muʕtˤajˈaːt ʔalfaːn wa ʔarbaʕa wa ʕiʃruːn , limasˈaːfa taqriːbˈijːa mˈin duwˈaːr litˤarˈiːq almˈaʕbad hˈiː sˤifr , sitta kˈalːam , waliltˤːarˈiːq asːˈaːlika litˤːuːmuːbiːlˈaːt hˈiː sˤifr , sitta kˈalːam . limasˈaːfa limutawasːˈitˤa lilmadrˈasa liʔibtidaːʔˈijːa hˈiː waːħid , iθnaːn kˈalːam , ʔalilʔiʕdaːdˈijːa iθnaːn , tisʕa kˈalːam , ʔallˈiːsiː sitta , sˤifr kˈalːam , waliʔˈaqrab mˈarkaz sˤiħːˈijː iθnaːn , θamaːnija kˈalːam .
أجلوان هو دوار مجمع كاين ف جماعة بني دركول، دائرة باب تازة، إقليم شفشاون، جهة طنجة تطوان الحسيمة ف لمغريب. هاد دّوار كينتامي ل مشيخة الحرم للي فيها 3 ديال دّواور. لعدد د سّكان ديالو واصل ل 449 شخص، وعدد لفاميلات واصل ل 85 فاميلة على حساب لإحصاء لعام 2024 ف لمغريب.	ʔiʒluwˈaːn hˈuː duwˈaːr mˈaʒmaʕ kˈaːjn f ʒamˈaːʕa bˈaniː durkˈuːl , dˈaːʔira bˈaːb tˈaːza , ʔiqlˈiːm ʃafʃˈaːwun , ʒˈiha tˤˈanʒa tatˤwˈaːn alħasˈiːma f limaɣrˈiːb . hˈaːd duwˈaːr kiːntaːmˈijː l maʃjˈaxa alħˈaram lˈilj fˈiːhaː θalaːθa dijˈaːl dawˈaːwir . liʕˈadad d sukːˈaːn dijˈaːluː wˈaːsˤil l ʔarbaʕumiʔa wa tisʕa wa ʔarbaʕuːn ʃˈaxsˤ , waʕˈadad lifaːmiːlˈaːt wˈaːsˤil l xamsa wa θamaːnuːn faːmˈiːla ʕˈalaː ħisˈaːb liʔiħsˤˈaːʔ liʕˈaːm ʔalfaːn wa ʔarbaʕa wa ʕiʃruːn f limaɣrˈiːb .
اعدان هو دوار مجمع كاين ف جماعة بني دركول، دائرة باب تازة، إقليم شفشاون، جهة طنجة تطوان الحسيمة ف لمغريب. هاد دّوار كينتامي ل مشيخة بني دركول الشمالية للي فيها 7 ديال دّواور. لعدد د سّكان ديالو واصل ل 589 شخص، وعدد لفاميلات واصل ل 129 فاميلة على حساب لإحصاء لعام 2024 ف لمغريب.	iʕdˈaːn hˈuː duwˈaːr mˈaʒmaʕ kˈaːjn f ʒamˈaːʕa bˈaniː durkˈuːl , dˈaːʔira bˈaːb tˈaːza , ʔiqlˈiːm ʃafʃˈaːwun , ʒˈiha tˤˈanʒa tatˤwˈaːn alħasˈiːma f limaɣrˈiːb . hˈaːd duwˈaːr kiːntaːmˈijː l maʃjˈaxa bˈaniː durkˈuːl aʃːamaːlˈijːa lˈilj fˈiːhaː sabʕa dijˈaːl dawˈaːwir . liʕˈadad d sukːˈaːn dijˈaːluː wˈaːsˤil l xamsumiʔa wa tisʕa wa θamaːnuːn ʃˈaxsˤ , waʕˈadad lifaːmiːlˈaːt wˈaːsˤil l miʔa wa tisʕa wa ʕiʃruːn faːmˈiːla ʕˈalaː ħisˈaːb liʔiħsˤˈaːʔ liʕˈaːm ʔalfaːn wa ʔarbaʕa wa ʕiʃruːn f limaɣrˈiːb .
البغادة هو دوار دوار مجزأ كاين ف جماعة ريصانة الجنوبية، دائرة وادي المخازين، إقليم لعرايش، جهة طنجة تطوان الحسيمة ف لمغريب. هاد دّوار كينتامي ل مشيخة ريصانة الجنوبية للي فيها 2 ديال دّواور. لعدد د سّكان ديالو واصل ل 1315 شخص، وعدد لفاميلات واصل ل 263 فاميلة على حساب لإحصاء لعام 2024 ف لمغريب.	albiɣˈaːda hˈuː duwˈaːr duwˈaːr muʒˈazːaʔ kˈaːjn f ʒamˈaːʕa riːsˤˈaːna alʒanuːbˈijːa , dˈaːʔira wˈaːdiː almaxaːzˈiːn , ʔiqlˈiːm liʕarˈaːjiʃ , ʒˈiha tˤˈanʒa tatˤwˈaːn alħasˈiːma f limaɣrˈiːb . hˈaːd duwˈaːr kiːntaːmˈijː l maʃjˈaxa riːsˤˈaːna alʒanuːbˈijːa lˈilj fˈiːhaː iθnaːn dijˈaːl dawˈaːwir . liʕˈadad d sukːˈaːn dijˈaːluː wˈaːsˤil l ʔalf wa θalaːθumiʔa wa xamsata ʕaʃar ʃˈaxsˤ , waʕˈadad lifaːmiːlˈaːt wˈaːsˤil l miʔataːn wa θalaːθa wa sittuːn faːmˈiːla ʕˈalaː ħisˈaːb liʔiħsˤˈaːʔ liʕˈaːm ʔalfaːn wa ʔarbaʕa wa ʕiʃruːn f limaɣrˈiːb .
على حساب معطيات 2024، لمسافة تقريبية من دوار لطريق المعبّد هي 0 كلم، وللطريق السالكة للطوموبيلات هي 0 كلم. لمسافة لمتوسطة للمدرسة لإبتدائية هي 0,2 كلم، ؤللإعدادية 17,9 كلم، ؤلليسي 17,9 كلم، ولأقرب مركز صحي 17,9 كلم.	ʕˈalaː ħisˈaːb muʕtˤajˈaːt ʔalfaːn wa ʔarbaʕa wa ʕiʃruːn , limasˈaːfa taqriːbˈijːa mˈin duwˈaːr litˤarˈiːq almˈaʕbad hˈiː sˤifr kˈalːam , waliltˤːarˈiːq asːˈaːlika litˤːuːmuːbiːlˈaːt hˈiː sˤifr kˈalːam . limasˈaːfa limutawasːˈitˤa lilmadrˈasa liʔibtidaːʔˈijːa hˈiː sˤifr , iθnaːn kˈalːam , ʔalilʔiʕdaːdˈijːa sabʕata ʕaʃar , tisʕa kˈalːam , ʔallˈiːsiː sabʕata ʕaʃar , tisʕa kˈalːam , waliʔˈaqrab mˈarkaz sˤiħːˈijː sabʕata ʕaʃar , tisʕa kˈalːam .
على حساب معطيات 2024، لمسافة تقريبية من دوار لطريق المعبّد هي 0 كلم، وللطريق السالكة للطوموبيلات هي 0 كلم. لمسافة لمتوسطة للمدرسة لإبتدائية هي 2 كلم، ؤللإعدادية 9,4 كلم، ؤلليسي 11,9 كلم، ولأقرب مركز صحي 9,7 كلم.	ʕˈalaː ħisˈaːb muʕtˤajˈaːt ʔalfaːn wa ʔarbaʕa wa ʕiʃruːn , limasˈaːfa taqriːbˈijːa mˈin duwˈaːr litˤarˈiːq almˈaʕbad hˈiː sˤifr kˈalːam , waliltˤːarˈiːq asːˈaːlika litˤːuːmuːbiːlˈaːt hˈiː sˤifr kˈalːam . limasˈaːfa limutawasːˈitˤa lilmadrˈasa liʔibtidaːʔˈijːa hˈiː iθnaːn kˈalːam , ʔalilʔiʕdaːdˈijːa tisʕa , ʔarbaʕa kˈalːam , ʔallˈiːsiː ʔaħada ʕaʃar , tisʕa kˈalːam , waliʔˈaqrab mˈarkaz sˤiħːˈijː tisʕa , sabʕa kˈalːam .
ف 2024، عدد د سكان ديال الفحصيين وصل ل 222 شخص، وعدد لفاميلات وصل ل 66 فاميلة. عدد لبالغين كان 166 واحد. عدد السكان ديال الفحصيين نقص ب 42,2% مابين 2014 و2024. هاد الأرقام مبنية على إحصاءات 2004 و2014 و2024.	f ʔalfaːn wa ʔarbaʕa wa ʕiʃruːn , ʕˈadad d sukːˈaːn dajˈaːl alfaħsˤijːˈiːn wˈasˤal l miʔataːn wa iθnaːn wa ʕiʃruːn ʃˈaxsˤ , waʕˈadad lifaːmiːlˈaːt wˈasˤal l sitta wa sittuːn faːmˈiːla . ʕˈadad libaːliɣˈiːn kˈaːn miʔa wa sitta wa sittuːn wˈaːħid . ʕˈadad asːukːˈaːn dajˈaːl alfaħsˤijːˈiːn nˈaqasˤ b iθnaːn wa ʔarbaʕuːn , iθnaːn fˈiː almˈiʔa maːbːˈeːn ʔalfaːn wa ʔarbaʕata ʕaʃar w ʔalfaːn wa ʔarbaʕa wa ʕiʃruːn . hˈaːd alʔarqˈaːm mabnˈijːa ʕˈalaː ʔiħsˤaːʔˈaːt ʔalfaːn wa ʔarbaʕa w ʔalfaːn wa ʔarbaʕata ʕaʃar w ʔalfaːn wa ʔarbaʕa wa ʕiʃruːn .
على حساب معطيات 2024، لمسافة تقريبية من دوار لطريق المعبّد هي 2,9 كلم، وللطريق السالكة للطوموبيلات هي 2,7 كلم. لمسافة لمتوسطة للمدرسة لإبتدائية هي 3,4 كلم، ؤللإعدادية 16,6 كلم، ؤلليسي 16,0 كلم، ولأقرب مركز صحي 15,8 كلم.	ʕˈalaː ħisˈaːb muʕtˤajˈaːt ʔalfaːn wa ʔarbaʕa wa ʕiʃruːn , limasˈaːfa taqriːbˈijːa mˈin duwˈaːr litˤarˈiːq almˈaʕbad hˈiː iθnaːn , tisʕa kˈalːam , waliltˤːarˈiːq asːˈaːlika litˤːuːmuːbiːlˈaːt hˈiː iθnaːn , sabʕa kˈalːam . limasˈaːfa limutawasːˈitˤa lilmadrˈasa liʔibtidaːʔˈijːa hˈiː θalaːθa , ʔarbaʕa kˈalːam , ʔalilʔiʕdaːdˈijːa sittata ʕaʃar , sitta kˈalːam , ʔallˈiːsiː sittata ʕaʃar , sˤifr kˈalːam , waliʔˈaqrab mˈarkaz sˤiħːˈijː xamsata ʕaʃar , θamaːnija kˈalːam .
المونية هو دوار مشتت كاين ف جماعة كيسان، دائرة غفساي، إقليم تاونات، جهة فاس مكناس ف لمغريب. هاد دّوار كينتامي ل مشيخة اجبالة للي فيها 16 ديال دّواور. لعدد د سّكان ديالو واصل ل 567 شخص، وعدد لفاميلات واصل ل 158 فاميلة على حساب لإحصاء لعام 2024 ف لمغريب.	almuːnˈijːa hˈuː duwˈaːr muʃˈatːat kˈaːjn f ʒamˈaːʕa keːsˈaːn , dˈaːʔira ɣafsˈaːj , ʔiqlˈiːm taːwinˈaːt , ʒˈiha fˈaːs miknˈaːs f limaɣrˈiːb . hˈaːd duwˈaːr kiːntaːmˈijː l maʃjˈaxa iʒbˈaːla lˈilj fˈiːhaː sittata ʕaʃar dijˈaːl dawˈaːwir . liʕˈadad d sukːˈaːn dijˈaːluː wˈaːsˤil l xamsumiʔa wa sabʕa wa sittuːn ʃˈaxsˤ , waʕˈadad lifaːmiːlˈaːt wˈaːsˤil l miʔa wa θamaːnija wa xamsuːn faːmˈiːla ʕˈalaː ħisˈaːb liʔiħsˤˈaːʔ liʕˈaːm ʔalfaːn wa ʔarbaʕa wa ʕiʃruːn f limaɣrˈiːb .
عدد السكان ديال انغريف (أنغريف) زاد ب 3,8% و عدد لفاميلات زاد ب 13,2% مابين 2004 و2014.	ʕˈadad asːukːˈaːn dajˈaːl inɣirˈiːf ʔanɣarˈiːf zˈaːd b θalaːθa , θamaːnija fˈiː almˈiʔa w ʕˈadad lifaːmiːlˈaːt zˈaːd b θalaːθata ʕaʃar , iθnaːn fˈiː almˈiʔa maːbːˈeːn ʔalfaːn wa ʔarbaʕa w ʔalfaːn wa ʔarbaʕata ʕaʃar .
اولاد العربي هو دوار دوار مجزأ كاين ف جماعة بوعروس، دائرة تيسة، إقليم تاونات، جهة فاس مكناس ف لمغريب. هاد دّوار كينتامي ل مشيخة اولاد سلطان للي فيها 18 ديال دّواور. لعدد د سّكان ديالو واصل ل 179 شخص، وعدد لفاميلات واصل ل 39 فاميلة على حساب لإحصاء لعام 2024 ف لمغريب.	iwlˈaːd alʕarabˈijː hˈuː duwˈaːr duwˈaːr muʒˈazːaʔ kˈaːjn f ʒamˈaːʕa buːʕrˈuːs , dˈaːʔira tˈiːsa , ʔiqlˈiːm taːwinˈaːt , ʒˈiha fˈaːs miknˈaːs f limaɣrˈiːb . hˈaːd duwˈaːr kiːntaːmˈijː l maʃjˈaxa iwlˈaːd sultˤˈaːn lˈilj fˈiːhaː θamaːnijata ʕaʃar dijˈaːl dawˈaːwir . liʕˈadad d sukːˈaːn dijˈaːluː wˈaːsˤil l miʔa wa tisʕa wa sabʕuːn ʃˈaxsˤ , waʕˈadad lifaːmiːlˈaːt wˈaːsˤil l tisʕa wa θalaːθuːn faːmˈiːla ʕˈalaː ħisˈaːb liʔiħsˤˈaːʔ liʕˈaːm ʔalfaːn wa ʔarbaʕa wa ʕiʃruːn f limaɣrˈiːb .
ف 2024، نسبة ديال ذكور ف اولاد بوعلالة واصلة ل 50,8%، ونسبة د لإناث واصلة ل 49,2%. نسبة د الناس لي عمرهوم أقل من 15 عام واصلة ل 27,3%، ؤنسبة د الناس لي عمرهوم ما بين 15 و59 عام واصلة ل 57,7%، ؤ نسبة د الناس لي عمرهوم 60 عام ؤلا كتر واصلة ل 15,0%.	f ʔalfaːn wa ʔarbaʕa wa ʕiʃruːn , nˈisba dajˈaːl dukˈuːr f iwlˈaːd biwaʕalˈaːla wˈaːsˤila l xamsuːn , θamaːnija fˈiː almˈiʔa , wanˈisba d liʔinˈaːt wˈaːsˤila l tisʕa wa ʔarbaʕuːn , iθnaːn fˈiː almˈiʔa . nˈisba d anːˈaːs lˈiː ʕumarhˈuːm ʔaqˈalː mˈin xamsata ʕaʃar ʕˈaːm wˈaːsˤila l sabʕa wa ʕiʃruːn , θalaːθa fˈiː almˈiʔa , ʔanˈisba d anːˈaːs lˈiː ʕumarhˈuːm mˈaː bˈeːn xamsata ʕaʃar w tisʕa wa xamsuːn ʕˈaːm wˈaːsˤila l sabʕa wa xamsuːn , sabʕa fˈiː almˈiʔa , ʔ nˈisba d anːˈaːs lˈiː ʕumarhˈuːm sittuːn ʕˈaːm ʔˈalaː kˈatr wˈaːsˤila l xamsata ʕaʃar , sˤifr fˈiː almˈiʔa .
عدد السكان ديال اولاد عرش (لعرارشة) زاد ب 148,1% و عدد لفاميلات زاد ب 169,0% مابين 2004 و2014.	ʕˈadad asːukːˈaːn dajˈaːl iwlˈaːd ʕˈarʃ liʕarˈaːriʃa zˈaːd b miʔa wa θamaːnija wa ʔarbaʕuːn , waːħid fˈiː almˈiʔa w ʕˈadad lifaːmiːlˈaːt zˈaːd b miʔa wa tisʕa wa sittuːn , sˤifr fˈiː almˈiʔa maːbːˈeːn ʔalfaːn wa ʔarbaʕa w ʔalfaːn wa ʔarbaʕata ʕaʃar .
ايت الحياني هو دوار مشتت كاين ف جماعة أكلمام أزكزا، دائرة خنيفرة، إقليم خنيفرة، جهة بني ملال خنيفرة ف لمغريب. هاد دّوار كينتامي ل مشيخة أيت بومزوغ للي فيها 3 ديال دّواور. لعدد د سّكان ديالو واصل ل 1037 شخص، وعدد لفاميلات واصل ل 243 فاميلة على حساب لإحصاء لعام 2024 ف لمغريب.	ˈijt alħajaːnˈijː hˈuː duwˈaːr muʃˈatːat kˈaːjn f ʒamˈaːʕa ʔakilmˈaːm ʔazkˈazaː , dˈaːʔira xunˈeːfira , ʔiqlˈiːm xunˈeːfira , ʒˈiha bˈaniː malˈaːl xunˈeːfira f limaɣrˈiːb . hˈaːd duwˈaːr kiːntaːmˈijː l maʃjˈaxa ʔˈeːt buːmzˈuːɣ lˈilj fˈiːhaː θalaːθa dijˈaːl dawˈaːwir . liʕˈadad d sukːˈaːn dijˈaːluː wˈaːsˤil l ʔalf wa sabʕa wa θalaːθuːn ʃˈaxsˤ , waʕˈadad lifaːmiːlˈaːt wˈaːsˤil l miʔataːn wa θalaːθa wa ʔarbaʕuːn faːmˈiːla ʕˈalaː ħisˈaːb liʔiħsˤˈaːʔ liʕˈaːm ʔalfaːn wa ʔarbaʕa wa ʕiʃruːn f limaɣrˈiːb .
عدد السكان ديال ايت قدور (اولاد بوعلي الواد) نقص ب 7,2% و عدد لفاميلات نقص ب 9,3% مابين 2004 و2014.	ʕˈadad asːukːˈaːn dijˈaːl ˈijt qudˈuːr iwlˈaːd biwˈaʕleː alwˈaːd nˈaqasˤ b sabʕa , iθnaːn fˈiː almˈiʔa w ʕˈadad lifaːmiːlˈaːt nˈaqasˤ b tisʕa , θalaːθa fˈiː almˈiʔa maːbːˈeːn ʔalfaːn wa ʔarbaʕa w ʔalfaːn wa ʔarbaʕata ʕaʃar .
ف 2024، نسبة ديال ذكور ف بني جميل واصلة ل 51,0%، ونسبة د لإناث واصلة ل 49,0%. نسبة د الناس لي عمرهوم أقل من 15 عام واصلة ل 34,9%، ؤنسبة د الناس لي عمرهوم ما بين 15 و59 عام واصلة ل 54,4%، ؤ نسبة د الناس لي عمرهوم 60 عام ؤلا كتر واصلة ل 10,8%.	f ʔalfaːn wa ʔarbaʕa wa ʕiʃruːn , nˈisba dajˈaːl dukˈuːr f bˈaniː ʒamˈiːl wˈaːsˤila l waːħid wa xamsuːn , sˤifr fˈiː almˈiʔa , wanˈisba d liʔinˈaːt wˈaːsˤila l tisʕa wa ʔarbaʕuːn , sˤifr fˈiː almˈiʔa . nˈisba d anːˈaːs lˈiː ʕumarhˈuːm ʔaqˈalː mˈin xamsata ʕaʃar ʕˈaːm wˈaːsˤila l ʔarbaʕa wa θalaːθuːn , tisʕa fˈiː almˈiʔa , ʔanˈisba d anːˈaːs lˈiː ʕumarhˈuːm mˈaː bˈeːn xamsata ʕaʃar w tisʕa wa xamsuːn ʕˈaːm wˈaːsˤila l ʔarbaʕa wa xamsuːn , ʔarbaʕa fˈiː almˈiʔa , ʔ nˈisba d anːˈaːs lˈiː ʕumarhˈuːm sittuːn ʕˈaːm ʔˈalaː kˈatr wˈaːsˤila l ʕaʃara , θamaːnija fˈiː almˈiʔa .
عدد السكان ديال بورمان (بني غفار) نقص ب 6,8% و عدد لفاميلات بقا هو هو مابين 2004 و2014.	ʕˈadad asːukːˈaːn dajˈaːl buːrmˈaːn bˈaniː ɣifˈaːr nˈaqasˤ b sitta , θamaːnija fˈiː almˈiʔa w ʕˈadad lifaːmiːlˈaːt bˈaqaː hˈuː hˈuː maːbːˈeːn ʔalfaːn wa ʔarbaʕa w ʔalfaːn wa ʔarbaʕata ʕaʃar .
عدد السكان ديال تارية العليا (أسفيان) نقص ب 5,8% و عدد لفاميلات زاد ب 19,8% مابين 2004 و2014.	ʕˈadad asːukːˈaːn dajˈaːl tˈaːrija alʕˈuljaː ʔasfijːˈaːn nˈaqasˤ b xamsa , θamaːnija fˈiː almˈiʔa w ʕˈadad lifaːmiːlˈaːt zˈaːd b tisʕata ʕaʃar , θamaːnija fˈiː almˈiʔa maːbːˈeːn ʔalfaːn wa ʔarbaʕa w ʔalfaːn wa ʔarbaʕata ʕaʃar .
على حساب معطيات 2024، لمسافة تقريبية من دوار لطريق المعبّد هي 8,1 كلم، وللطريق السالكة للطوموبيلات هي 1,7 كلم. لمسافة لمتوسطة للمدرسة لإبتدائية هي 3,6 كلم، ؤللإعدادية 12,0 كلم، ؤلليسي 16,4 كلم، ولأقرب مركز صحي 14,6 كلم.	ʕˈalaː ħisˈaːb muʕtˤajˈaːt ʔalfaːn wa ʔarbaʕa wa ʕiʃruːn , limasˈaːfa taqriːbˈijːa mˈin duwˈaːr litˤarˈiːq almˈaʕbad hˈiː θamaːnija , waːħid kˈalːam , waliltˤːarˈiːq asːˈaːlika litˤːuːmuːbiːlˈaːt hˈiː waːħid , sabʕa kˈalːam . limasˈaːfa limutawasːˈitˤa lilmadrˈasa liʔibtidaːʔˈijːa hˈiː θalaːθa , sitta kˈalːam , ʔalilʔiʕdaːdˈijːa iθnaː ʕaʃar , sˤifr kˈalːam , ʔallˈiːsiː sittata ʕaʃar , ʔarbaʕa kˈalːam , waliʔˈaqrab mˈarkaz sˤiħːˈijː ʔarbaʕata ʕaʃar , sitta kˈalːam .
عدد السكان ديال تعاونية الخير (عين بيضة) نقص ب 12,7% و عدد لفاميلات زاد ب 27,5% مابين 2004 و2014.	ʕˈadad asːukːˈaːn dajˈaːl taʕaːwunˈijːa alxˈeːr ʕˈeːn bˈeːdˤa nˈaqasˤ b iθnaː ʕaʃar , sabʕa fˈiː almˈiʔa w ʕˈadad lifaːmiːlˈaːt zˈaːd b sabʕa wa ʕiʃruːn , xamsa fˈiː almˈiʔa maːbːˈeːn ʔalfaːn wa ʔarbaʕa w ʔalfaːn wa ʔarbaʕata ʕaʃar .
ف 2024، نسبة ديال ذكور ف تكجنين واصلة ل 50,0%، ونسبة د لإناث واصلة ل 50,0%. نسبة د الناس لي عمرهوم أقل من 15 عام واصلة ل 28,6%، ؤنسبة د الناس لي عمرهوم ما بين 15 و59 عام واصلة ل 53,1%، ؤ نسبة د الناس لي عمرهوم 60 عام ؤلا كتر واصلة ل 18,2%.	f ʔalfaːn wa ʔarbaʕa wa ʕiʃruːn , nˈisba dajˈaːl dukˈuːr f takʒinˈiːn wˈaːsˤila l xamsuːn , sˤifr fˈiː almˈiʔa , wanˈisba d liʔinˈaːt wˈaːsˤila l xamsuːn , sˤifr fˈiː almˈiʔa . nˈisba d anːˈaːs lˈiː ʕumarhˈuːm ʔaqˈalː mˈin xamsata ʕaʃar ʕˈaːm wˈaːsˤila l θamaːnija wa ʕiʃruːn , sitta fˈiː almˈiʔa , ʔanˈisba d anːˈaːs lˈiː ʕumarhˈuːm mˈaː bˈeːn xamsata ʕaʃar w tisʕa wa xamsuːn ʕˈaːm wˈaːsˤila l θalaːθa wa xamsuːn , waːħid fˈiː almˈiʔa , ʔ nˈisba d anːˈaːs lˈiː ʕumarhˈuːm sittuːn ʕˈaːm ʔˈalaː kˈatr wˈaːsˤila l θamaːnijata ʕaʃar , iθnaːn fˈiː almˈiʔa .
على حساب معطيات 2024، لمسافة تقريبية من دوار لطريق المعبّد هي 0,8 كلم، وللطريق السالكة للطوموبيلات هي 0,8 كلم. لمسافة لمتوسطة للمدرسة لإبتدائية هي 3,1 كلم، ؤللإعدادية 9,9 كلم، ؤلليسي 17,1 كلم، ولأقرب مركز صحي 17,0 كلم.	ʕˈalaː ħisˈaːb muʕtˤajˈaːt ʔalfaːn wa ʔarbaʕa wa ʕiʃruːn , limasˈaːfa taqriːbˈijːa mˈin duwˈaːr litˤarˈiːq almˈaʕbad hˈiː sˤifr , θamaːnija kˈalːam , waliltˤːarˈiːq asːˈaːlika litˤːuːmuːbiːlˈaːt hˈiː sˤifr , θamaːnija kˈalːam . limasˈaːfa limutawasːˈitˤa lilmadrˈasa liʔibtidaːʔˈijːa hˈiː θalaːθa , waːħid kˈalːam , ʔalilʔiʕdaːdˈijːa tisʕa , tisʕa kˈalːam , ʔallˈiːsiː sabʕata ʕaʃar , waːħid kˈalːam , waliʔˈaqrab mˈarkaz sˤiħːˈijː sabʕata ʕaʃar , sˤifr kˈalːam .
جامع السيد هو دوار دوار مجزأ كاين ف جماعة تمروت، دائرة باب برد، إقليم شفشاون، جهة طنجة تطوان الحسيمة ف لمغريب. هاد دّوار كينتامي ل مشيخة بني خيار الشمالية للي فيها 3 ديال دّواور. لعدد د سّكان ديالو واصل ل 894 شخص، وعدد لفاميلات واصل ل 220 فاميلة على حساب لإحصاء لعام 2024 ف لمغريب.	ʒˈaːmiʕ asːˈeːid hˈuː duwˈaːr duwˈaːr muʒˈazːaʔ kˈaːjn f ʒamˈaːʕa tamrˈuːt , dˈaːʔira bˈaːb birˈadː , ʔiqlˈiːm ʃafʃˈaːwun , ʒˈiha tˤˈanʒa tatˤwˈaːn alħasˈiːma f limaɣrˈiːb . hˈaːd duwˈaːr kiːntaːmˈijː l maʃjˈaxa bˈaniː xijˈaːr aʃːamaːlˈijːa lˈilj fˈiːhaː θalaːθa dijˈaːl dawˈaːwir . liʕˈadad d sukːˈaːn dijˈaːluː wˈaːsˤil l θamaːnumiʔa wa ʔarbaʕa wa tisʕuːn ʃˈaxsˤ , waʕˈadad lifaːmiːlˈaːt wˈaːsˤil l miʔataːn wa ʕiʃruːn faːmˈiːla ʕˈalaː ħisˈaːb liʔiħsˤˈaːʔ liʕˈaːm ʔalfaːn wa ʔarbaʕa wa ʕiʃruːn f limaɣrˈiːb .
ف 2024، عدد د سكان ديال دوار عزيب السليماني وصل ل 54 شخص، وعدد لفاميلات وصل ل 11 فاميلة. عدد لبالغين كان ما منشورش واحد. عدد السكان ديال دوار عزيب السليماني نقص ب 95,9% مابين 2014 و2024. هاد الأرقام مبنية على إحصاءات 2004 و2014 و2024.	f ʔalfaːn wa ʔarbaʕa wa ʕiʃruːn , ʕˈadad d sukːˈaːn dajˈaːl duwˈaːr ʕazˈiːb asːuleːmaːnˈijː wˈasˤal l ʔarbaʕa wa xamsuːn ʃˈaxsˤ , waʕˈadad lifaːmiːlˈaːt wˈasˤal l ʔaħada ʕaʃar faːmˈiːla . ʕˈadad libaːliɣˈiːn kˈaːn mˈaː manʃˈuːriʃ wˈaːħid . ʕˈadad asːukːˈaːn dajˈaːl duwˈaːr ʕazˈiːb asːuleːmaːnˈijː nˈaqasˤ b xamsa wa tisʕuːn , tisʕa fˈiː almˈiʔa maːbːˈeːn ʔalfaːn wa ʔarbaʕata ʕaʃar w ʔalfaːn wa ʔarbaʕa wa ʕiʃruːn . hˈaːd alʔarqˈaːm mabnˈijːa ʕˈalaː ʔiħsˤaːʔˈaːt ʔalfaːn wa ʔarbaʕa w ʔalfaːn wa ʔarbaʕata ʕaʃar w ʔalfaːn wa ʔarbaʕa wa ʕiʃruːn .
ف 2024، عدد د سكان ديال زيطانيش وصل ل 253 شخص، وعدد لفاميلات وصل ل 70 فاميلة. عدد لبالغين كان 198 واحد. عدد السكان ديال زيطانيش نقص ب 15,4% مابين 2014 و2024. هاد الأرقام مبنية على إحصاءات 2004 و2014 و2024.	f ʔalfaːn wa ʔarbaʕa wa ʕiʃruːn , ʕˈadad d sukːˈaːn dajˈaːl zeːtˤaːnˈiːʃ wˈasˤal l miʔataːn wa θalaːθa wa xamsuːn ʃˈaxsˤ , waʕˈadad lifaːmiːlˈaːt wˈasˤal l sabʕuːn faːmˈiːla . ʕˈadad libaːliɣˈiːn kˈaːn miʔa wa θamaːnija wa tisʕuːn wˈaːħid . ʕˈadad asːukːˈaːn dajˈaːl zeːtˤaːnˈiːʃ nˈaqasˤ b xamsata ʕaʃar , ʔarbaʕa fˈiː almˈiʔa maːbːˈeːn ʔalfaːn wa ʔarbaʕata ʕaʃar w ʔalfaːn wa ʔarbaʕa wa ʕiʃruːn . hˈaːd alʔarqˈaːm mabnˈijːa ʕˈalaː ʔiħsˤaːʔˈaːt ʔalfaːn wa ʔarbaʕa w ʔalfaːn wa ʔarbaʕata ʕaʃar w ʔalfaːn wa ʔarbaʕa wa ʕiʃruːn .
على حساب معطيات 2024، لمسافة تقريبية من دوار لطريق المعبّد هي 1,6 كلم، وللطريق السالكة للطوموبيلات هي 0,0 كلم. لمسافة لمتوسطة للمدرسة لإبتدائية هي 2,1 كلم، ؤللإعدادية 15,9 كلم، ؤلليسي 15,9 كلم، ولأقرب مركز صحي 15,9 كلم.	ʕˈalaː ħisˈaːb muʕtˤajˈaːt ʔalfaːn wa ʔarbaʕa wa ʕiʃruːn , limasˈaːfa taqriːbˈijːa mˈin duwˈaːr litˤarˈiːq almˈaʕbad hˈiː waːħid , sitta kˈalːam , waliltˤːarˈiːq asːˈaːlika litˤːuːmuːbiːlˈaːt hˈiː sˤifr , sˤifr kˈalːam . limasˈaːfa limutawasːˈitˤa lilmadrˈasa liʔibtidaːʔˈijːa hˈiː iθnaːn , waːħid kˈalːam , ʔalilʔiʕdaːdˈijːa xamsata ʕaʃar , tisʕa kˈalːam , ʔallˈiːsiː xamsata ʕaʃar , tisʕa kˈalːam , waliʔˈaqrab mˈarkaz sˤiħːˈijː xamsata ʕaʃar , tisʕa kˈalːam .
عين شجرة هو دوار دوار مجزأ كاين ف جماعة أورتزاغ، دائرة غفساي، إقليم تاونات، جهة فاس مكناس ف لمغريب. هاد دّوار كينتامي ل مشيخة الخندق للي فيها 20 ديال دّواور. لعدد د سّكان ديالو واصل ل 461 شخص، وعدد لفاميلات واصل ل 102 فاميلة على حساب لإحصاء لعام 2024 ف لمغريب.	ʕˈeːn ʃˈaʒara hˈuː duwˈaːr duwˈaːr muʒˈazːaʔ kˈaːjn f ʒamˈaːʕa ʔuːritzˈaːɣ , dˈaːʔira ɣafsˈaːj , ʔiqlˈiːm taːwinˈaːt , ʒˈiha fˈaːs miknˈaːs f limaɣrˈiːb . hˈaːd duwˈaːr kiːntaːmˈijː l maʃjˈaxa alxˈandaq lˈilj fˈiːhaː ʕiʃruːn dijˈaːl dawˈaːwir . liʕˈadad d sukːˈaːn dijˈaːluː wˈaːsˤil l ʔarbaʕumiʔa wa waːħid wa sittuːn ʃˈaxsˤ , waʕˈadad lifaːmiːlˈaːt wˈaːsˤil l miʔa wa iθnaːn faːmˈiːla ʕˈalaː ħisˈaːb liʔiħsˤˈaːʔ liʕˈaːm ʔalfaːn wa ʔarbaʕa wa ʕiʃruːn f limaɣrˈiːb .
على حساب معطيات 2024، لمسافة تقريبية من دوار لطريق المعبّد هي 0,0 كلم، وللطريق السالكة للطوموبيلات هي 0,0 كلم. لمسافة لمتوسطة للمدرسة لإبتدائية هي 0,0 كلم، ؤللإعدادية 3,1 كلم، ؤلليسي 3,1 كلم، ولأقرب مركز صحي 2 كلم.	ʕˈalaː ħisˈaːb muʕtˤajˈaːt ʔalfaːn wa ʔarbaʕa wa ʕiʃruːn , limasˈaːfa taqriːbˈijːa mˈin duwˈaːr litˤarˈiːq almˈaʕbad hˈiː sˤifr , sˤifr kˈalːam , waliltˤːarˈiːq asːˈaːlika litˤːuːmuːbiːlˈaːt hˈiː sˤifr , sˤifr kˈalːam . limasˈaːfa limutawasːˈitˤa lilmadrˈasa liʔibtidaːʔˈijːa hˈiː sˤifr , sˤifr kˈalːam , ʔalilʔiʕdaːdˈijːa θalaːθa , waːħid kˈalːam , ʔallˈiːsiː θalaːθa , waːħid kˈalːam , waliʔˈaqrab mˈarkaz sˤiħːˈijː iθnaːn kˈalːam .
لخماس الواد هو دوار مجمع كاين ف جماعة زيرارة، دائرة الشراردة، إقليم سيدي قاسم، جهة الرباط سلا القنيطرة ف لمغريب. هاد دّوار كينتامي ل مشيخة زيرارة الواد للي فيها 8 ديال دّواور. لعدد د سّكان ديالو واصل ل 412 شخص، وعدد لفاميلات واصل ل 91 فاميلة على حساب لإحصاء لعام 2024 ف لمغريب.	lixumˈaːs alwˈaːd hˈuː duwˈaːr mˈaʒmaʕ kˈaːjn f ʒamˈaːʕa ziːrˈaːra , dˈaːʔira aʃːarˈaːrida , ʔiqlˈiːm seːˈidiː qˈaːsim , ʒˈiha arːibˈaːtˤ sˈalːaː alqunˈeːtˤira f limaɣrˈiːb . hˈaːd duwˈaːr kiːntaːmˈijː l maʃjˈaxa ziːrˈaːra alwˈaːd lˈilj fˈiːhaː θamaːnija dijˈaːl dawˈaːwir . liʕˈadad d sukːˈaːn dijˈaːluː wˈaːsˤil l ʔarbaʕumiʔa wa iθnaː ʕaʃar ʃˈaxsˤ , waʕˈadad lifaːmiːlˈaːt wˈaːsˤil l waːħid wa tisʕuːn faːmˈiːla ʕˈalaː ħisˈaːb liʔiħsˤˈaːʔ liʕˈaːm ʔalfaːn wa ʔarbaʕa wa ʕiʃruːn f limaɣrˈiːb .
لكواهي هو دوار مشتت كاين ف جماعة أولاد رحمون، دائرة حوزية، إقليم الجديدة، جهة الدار البيضاء سطات ف لمغريب. هاد دّوار كينتامي ل مشيخة امهيولة للي فيها 14 ديال دّواور. لعدد د سّكان ديالو واصل ل 223 شخص، وعدد لفاميلات واصل ل 56 فاميلة على حساب لإحصاء لعام 2024 ف لمغريب.	likawˈaːhiː hˈuː duwˈaːr muʃˈatːat kˈaːjn f ʒamˈaːʕa ʔoːlˈaːd raħmˈuːn , dˈaːʔira ħoːzˈijːa , ʔiqlˈiːm alʒadˈiːda , ʒˈiha adːˈaːr albeːdˤˈaːʔ satˤˈaːt f limaɣrˈiːb . hˈaːd duwˈaːr kiːntaːmˈijː l maʃjˈaxa imhiˈuːla lˈilj fˈiːhaː ʔarbaʕata ʕaʃar dijˈaːl dawˈaːwir . liʕˈadad d sukːˈaːn dijˈaːluː wˈaːsˤil l miʔataːn wa θalaːθa wa ʕiʃruːn ʃˈaxsˤ , waʕˈadad lifaːmiːlˈaːt wˈaːsˤil l sitta wa xamsuːn faːmˈiːla ʕˈalaː ħisˈaːb liʔiħsˤˈaːʔ liʕˈaːm ʔalfaːn wa ʔarbaʕa wa ʕiʃruːn f limaɣrˈiːb .
ف 2024، عدد د سكان ديال مزراوة السفلى وصل ل 676 شخص، وعدد لفاميلات وصل ل 165 فاميلة. عدد لبالغين كان 451 واحد. عدد السكان ديال مزراوة السفلى نقص ب 3,3% مابين 2014 و2024. هاد الأرقام مبنية على إحصاءات 2004 و2014 و2024.	f ʔalfaːn wa ʔarbaʕa wa ʕiʃruːn , ʕˈadad d sukːˈaːn dajˈaːl mizrˈaːwa asːˈuflaː wˈasˤal l sittumiʔa wa sitta wa sabʕuːn ʃˈaxsˤ , waʕˈadad lifaːmiːlˈaːt wˈasˤal l miʔa wa xamsa wa sittuːn faːmˈiːla . ʕˈadad libaːliɣˈiːn kˈaːn ʔarbaʕumiʔa wa waːħid wa xamsuːn wˈaːħid . ʕˈadad asːukːˈaːn dajˈaːl mizrˈaːwa asːˈuflaː nˈaqasˤ b θalaːθa , θalaːθa fˈiː almˈiʔa maːbːˈeːn ʔalfaːn wa ʔarbaʕata ʕaʃar w ʔalfaːn wa ʔarbaʕa wa ʕiʃruːn . hˈaːd alʔarqˈaːm mabnˈijːa ʕˈalaː ʔiħsˤaːʔˈaːt ʔalfaːn wa ʔarbaʕa w ʔalfaːn wa ʔarbaʕata ʕaʃar w ʔalfaːn wa ʔarbaʕa wa ʕiʃruːn .
عدد السكان ديال بوكارة (اولاد سعيد) زاد ب 4,4% و عدد لفاميلات زاد ب 27,7% مابين 2004 و2014.	ʕˈadad asːukːˈaːn dajˈaːl biwakˈaːra iwlˈaːd saʕˈiːd zˈaːd b ʔarbaʕa , ʔarbaʕa fˈiː almˈiʔa w ʕˈadad lifaːmiːlˈaːt zˈaːd b sabʕa wa ʕiʃruːn , sabʕa fˈiː almˈiʔa maːbːˈeːn ʔalfaːn wa ʔarbaʕa w ʔalfaːn wa ʔarbaʕata ʕaʃar .
عدد السكان ديال بولما (بولما) نقص ب 16,3% و عدد لفاميلات نقص ب 3,9% مابين 2004 و2014.	ʕˈadad asːukːˈaːn dajˈaːl boːlˈamaː boːlˈamaː nˈaqasˤ b sittata ʕaʃar , θalaːθa fˈiː almˈiʔa w ʕˈadad lifaːmiːlˈaːt nˈaqasˤ b θalaːθa , tisʕa fˈiː almˈiʔa maːbːˈeːn ʔalfaːn wa ʔarbaʕa w ʔalfaːn wa ʔarbaʕata ʕaʃar .
بوزينة هو دوار مجمع كاين ف جماعة بني دركول، دائرة باب تازة، إقليم شفشاون، جهة طنجة تطوان الحسيمة ف لمغريب. هاد دّوار كينتامي ل مشيخة بني فلواط الغربية للي فيها 7 ديال دّواور. لعدد د سّكان ديالو واصل ل 249 شخص، وعدد لفاميلات واصل ل 45 فاميلة على حساب لإحصاء لعام 2024 ف لمغريب.	buːzˈiːna hˈuː duwˈaːr mˈaʒmaʕ kˈaːjn f ʒamˈaːʕa bˈaniː durkˈuːl , dˈaːʔira bˈaːb tˈaːza , ʔiqlˈiːm ʃafʃˈaːwun , ʒˈiha tˤˈanʒa tatˤwˈaːn alħasˈiːma f limaɣrˈiːb . hˈaːd duwˈaːr kiːntaːmˈijː l maʃjˈaxa bˈaniː falwˈaːtˤ alɣarbˈijːa lˈilj fˈiːhaː sabʕa dijˈaːl dawˈaːwir . liʕˈadad d sukːˈaːn dajˈaːluː wˈaːsˤil l miʔataːn wa tisʕa wa ʔarbaʕuːn ʃˈaxsˤ , waʕˈadad lifaːmiːlˈaːt wˈaːsˤil l xamsa wa ʔarbaʕuːn faːmˈiːla ʕˈalaː ħisˈaːb liʔiħsˤˈaːʔ liʕˈaːm ʔalfaːn wa ʔarbaʕa wa ʕiʃruːn f limaɣrˈiːb .
على حساب معطيات 2024، لمسافة تقريبية من دوار لطريق المعبّد هي 1,0 كلم، وللطريق السالكة للطوموبيلات هي 0,8 كلم. لمسافة لمتوسطة للمدرسة لإبتدائية هي 1,7 كلم، ؤللإعدادية 10,0 كلم، ؤلليسي 10,0 كلم، ولأقرب مركز صحي 11,3 كلم.	ʕˈalaː ħisˈaːb muʕtˤajˈaːt ʔalfaːn wa ʔarbaʕa wa ʕiʃruːn , limasˈaːfa taqriːbˈijːa mˈin duwˈaːr litˤarˈiːq almˈaʕbad hˈiː waːħid , sˤifr kˈalːam , waliltˤːarˈiːq asːˈaːlika litˤːuːmuːbiːlˈaːt hˈiː sˤifr , θamaːnija kˈalːam . limasˈaːfa limutawasːˈitˤa lilmadrˈasa liʔibtidaːʔˈijːa hˈiː waːħid , sabʕa kˈalːam , ʔalilʔiʕdaːdˈijːa ʕaʃara , sˤifr kˈalːam , ʔallˈiːsiː ʕaʃara , sˤifr kˈalːam , waliʔˈaqrab mˈarkaz sˤiħːˈijː ʔaħada ʕaʃar , θalaːθa kˈalːam .
من الدواوير القريبة ل أسيفان (بني يزرف) كاينين آسيفان (بني يزرف) والجبل (بني يزرف).	mˈin adːawaːwˈiːr alqarˈiːba l ʔusiːfˈaːn bˈaniː jˈuzrif kaːjinˈeːn ʔaːsiːfˈaːn bˈaniː jˈuzraf walʒˈabal bˈaniː jˈazraf .
عدد السكان ديال منݣرلة (القصيبة) نقص ب 17,4% و عدد لفاميلات نقص ب 2,8% مابين 2004 و2014.	ʕˈadad asːukːˈaːn dajˈaːl miniɡrˈila alqasˤˈiːba nˈaqasˤ b sabʕata ʕaʃar , ʔarbaʕa fˈiː almˈiʔa w ʕˈadad lifaːmiːlˈaːt nˈaqasˤ b iθnaːn , θamaːnija fˈiː almˈiʔa maːbːˈeːn ʔalfaːn wa ʔarbaʕa w ʔalfaːn wa ʔarbaʕata ʕaʃar .
العوامرة الدوار هو دوار مجمع كاين ف جماعة العوامرة، دائرة اللوكوس، إقليم لعرايش، جهة طنجة تطوان الحسيمة ف لمغريب. هاد دّوار كينتامي ل مشيخة دوار العوامرة للي فيها 2 ديال دّواور. لعدد د سّكان ديالو واصل ل 1202 شخص، وعدد لفاميلات واصل ل 193 فاميلة على حساب لإحصاء لعام 2024 ف لمغريب.	alʕawˈaːmira adːuwˈaːr hˈuː duwˈaːr mˈaʒmaʕ kˈaːjn f ʒamˈaːʕa alʕawˈaːmira , dˈaːʔira alːuːkˈuːs , ʔiqlˈiːm liʕarˈaːjiʃ , ʒˈiha tˤˈanʒa tatˤwˈaːn alħasˈiːma f limaɣrˈiːb . hˈaːd duwˈaːr kiːntaːmˈijː l maʃjˈaxa duwˈaːr alʕawˈaːmira lˈilj fˈiːhaː iθnaːn dijˈaːl dawˈaːwir . liʕˈadad d sukːˈaːn dijˈaːluː wˈaːsˤil l ʔalf wa miʔataːn wa iθnaːn ʃˈaxsˤ , waʕˈadad lifaːmiːlˈaːt wˈaːsˤil l miʔa wa θalaːθa wa tisʕuːn faːmˈiːla ʕˈalaː ħisˈaːb liʔiħsˤˈaːʔ liʕˈaːm ʔalfaːn wa ʔarbaʕa wa ʕiʃruːn f limaɣrˈiːb .
عدد السكان ديال لاهرا (بوهاني) نقص ب 16,0% و عدد لفاميلات نقص ب 2,3% مابين 2004 و2014.	ʕˈadad asːukːˈaːn dajˈaːl laːhˈiraː buːhˈaːniː nˈaqasˤ b sittata ʕaʃar , sˤifr fˈiː almˈiʔa w ʕˈadad lifaːmiːlˈaːt nˈaqasˤ b iθnaːn , θalaːθa fˈiː almˈiʔa maːbːˈeːn ʔalfaːn wa ʔarbaʕa w ʔalfaːn wa ʔarbaʕata ʕaʃar .
على حساب معطيات 2024، لمسافة تقريبية من دوار لطريق المعبّد هي 1,6 كلم، وللطريق السالكة للطوموبيلات هي 0,3 كلم. لمسافة لمتوسطة للمدرسة لإبتدائية هي 1,8 كلم، ؤللإعدادية 7,8 كلم، ؤلليسي 13 كلم، ولأقرب مركز صحي 7,8 كلم.	ʕˈalaː ħisˈaːb muʕtˤajˈaːt ʔalfaːn wa ʔarbaʕa wa ʕiʃruːn , limasˈaːfa taqriːbˈijːa mˈin duwˈaːr litˤarˈiːq almˈaʕbad hˈiː waːħid , sitta kˈalːam , waliltˤːarˈiːq asːˈaːlika litˤːuːmuːbiːlˈaːt hˈiː sˤifr , θalaːθa kˈalːam . limasˈaːfa limutawasːˈitˤa lilmadrˈasa liʔibtidaːʔˈijːa hˈiː waːħid , θamaːnija kˈalːam , ʔalilʔiʕdaːdˈijːa sabʕa , θamaːnija kˈalːam , ʔallˈiːsiː θalaːθata ʕaʃar kˈalːam , waliʔˈaqrab mˈarkaz sˤiħːˈijː sabʕa , θamaːnija kˈalːam .
فتراس هو دوار دوار مجزأ كاين ف جماعة عين بيضاء، دائرة مقريصات، إقليم وزان، جهة طنجة تطوان الحسيمة ف لمغريب. هاد دّوار كينتامي ل مشيخة بني سلطان للي فيها 7 ديال دّواور. لعدد د سّكان ديالو واصل ل 229 شخص، وعدد لفاميلات واصل ل 53 فاميلة على حساب لإحصاء لعام 2024 ف لمغريب.	fitrˈaːs hˈuː duwˈaːr duwˈaːr muʒˈazːaʔ kˈaːjn f ʒamˈaːʕa ʕˈeːn beːdˤˈaːʔ , dˈaːʔira muqriːsˤˈaːt , ʔiqlˈiːm wizˈaːn , ʒˈiha tˤˈanʒa tatˤwˈaːn alħasˈiːma f limaɣrˈiːb . hˈaːd duwˈaːr kiːntaːmˈijː l maʃjˈaxa bˈaniː sultˤˈaːn lˈilj fˈiːhaː sabʕa dijˈaːl dawˈaːwir . liʕˈadad d sukːˈaːn dijˈaːluː wˈaːsˤil l miʔataːn wa tisʕa wa ʕiʃruːn ʃˈaxsˤ , waʕˈadad lifaːmiːlˈaːt wˈaːsˤil l θalaːθa wa xamsuːn faːmˈiːla ʕˈalaː ħisˈaːb liʔiħsˤˈaːʔ liʕˈaːm ʔalfaːn wa ʔarbaʕa wa ʕiʃruːn f limaɣrˈiːb .
ف 2024، عدد د سكان ديال القلعة وصل ل 304 شخص، وعدد لفاميلات وصل ل 88 فاميلة. عدد لبالغين كان 242 واحد. عدد السكان ديال القلعة نقص ب 22,4% مابين 2004 و2024. هاد الأرقام مبنية على إحصاءات 2004 و2014 و2024.	f ʔalfaːn wa ʔarbaʕa wa ʕiʃruːn , ʕˈadad d sukːˈaːn dijˈaːl alqˈalʕa wˈasˤal l θalaːθumiʔa wa ʔarbaʕa ʃˈaxsˤ , waʕˈadad lifaːmiːlˈaːt wˈasˤal l θamaːnija wa θamaːnuːn faːmˈiːla . ʕˈadad libaːliɣˈiːn kˈaːn miʔataːn wa iθnaːn wa ʔarbaʕuːn wˈaːħid . ʕˈadad asːukːˈaːn dijˈaːl alqˈalʕa nˈaqasˤ b iθnaːn wa ʕiʃruːn , ʔarbaʕa fˈiː almˈiʔa maːbːˈeːn ʔalfaːn wa ʔarbaʕa w ʔalfaːn wa ʔarbaʕa wa ʕiʃruːn . hˈaːd alʔarqˈaːm mabnˈijːa ʕˈalaː ʔiħsˤaːʔˈaːt ʔalfaːn wa ʔarbaʕa w ʔalfaːn wa ʔarbaʕata ʕaʃar w ʔalfaːn wa ʔarbaʕa wa ʕiʃruːn .
ف 2024، عدد د سكان ديال القطوط وصل ل 1117 شخص، وعدد لفاميلات وصل ل 307 فاميلة. عدد لبالغين كان 798 واحد. عدد السكان ديال القطوط نقص ب 6,1% مابين 2004 و2024. هاد الأرقام مبنية على إحصاءات 2004 و2014 و2024.	f ʔalfaːn wa ʔarbaʕa wa ʕiʃruːn , ʕˈadad d sukːˈaːn dajˈaːl alqutˤˈuːtˤ wˈasˤal l ʔalf wa miʔa wa sabʕata ʕaʃar ʃˈaxsˤ , waʕˈadad lifaːmiːlˈaːt wˈasˤal l θalaːθumiʔa wa sabʕa faːmˈiːla . ʕˈadad libaːliɣˈiːn kˈaːn sabʕumiʔa wa θamaːnija wa tisʕuːn wˈaːħid . ʕˈadad asːukːˈaːn dajˈaːl alqutˤˈuːtˤ nˈaqasˤ b sitta , waːħid fˈiː almˈiʔa maːbːˈeːn ʔalfaːn wa ʔarbaʕa w ʔalfaːn wa ʔarbaʕa wa ʕiʃruːn . hˈaːd alʔarqˈaːm mabnˈijːa ʕˈalaː ʔiħsˤaːʔˈaːt ʔalfaːn wa ʔarbaʕa w ʔalfaːn wa ʔarbaʕata ʕaʃar w ʔalfaːn wa ʔarbaʕa wa ʕiʃruːn .
ف 2024، نسبة ديال ذكور ف أولاد مسعود واصلة ل 48,8%، ونسبة د لإناث واصلة ل 51,2%. نسبة د الناس لي عمرهوم أقل من 15 عام واصلة ل 22,4%، ؤنسبة د الناس لي عمرهوم ما بين 15 و59 عام واصلة ل 61,0%، ؤ نسبة د الناس لي عمرهوم 60 عام ؤلا كتر واصلة ل 16,7%.	f ʔalfaːn wa ʔarbaʕa wa ʕiʃruːn , nˈisba dajˈaːl dukˈuːr f ʔoːlˈaːd masʕˈuːd wˈaːsˤila l θamaːnija wa ʔarbaʕuːn , θamaːnija fˈiː almˈiʔa , wanˈisba d liʔinˈaːt wˈaːsˤila l waːħid wa xamsuːn , iθnaːn fˈiː almˈiʔa . nˈisba d anːˈaːs lˈiː ʕumarhˈuːm ʔaqˈalː mˈin xamsata ʕaʃar ʕˈaːm wˈaːsˤila l iθnaːn wa ʕiʃruːn , ʔarbaʕa fˈiː almˈiʔa , ʔanˈisba d anːˈaːs lˈiː ʕumarhˈuːm mˈaː bˈeːn xamsata ʕaʃar w tisʕa wa xamsuːn ʕˈaːm wˈaːsˤila l waːħid wa sittuːn , sˤifr fˈiː almˈiʔa , ʔ nˈisba d anːˈaːs lˈiː ʕumarhˈuːm sittuːn ʕˈaːm ʔˈalaː kˈatr wˈaːsˤila l sittata ʕaʃar , sabʕa fˈiː almˈiʔa .
اخناق الحاد هو دوار مجمع كاين ف جماعة بني حرشن، دائرة جبالة، إقليم تطوان، جهة طنجة تطوان الحسيمة ف لمغريب. هاد دّوار كينتامي ل مشيخة الفرارحة للي فيها 15 ديال دّواور. لعدد د سّكان ديالو واصل ل 352 شخص، وعدد لفاميلات واصل ل 83 فاميلة على حساب لإحصاء لعام 2024 ف لمغريب.	ixnˈaːq alħˈaːdː hˈuː duwˈaːr mˈaʒmaʕ kˈaːjn f ʒamˈaːʕa bˈaniː ħˈarʃan , dˈaːʔira ʒabˈaːla , ʔiqlˈiːm tatˤwˈaːn , ʒˈiha tˤˈanʒa tatˤwˈaːn alħasˈiːma f limaɣrˈiːb . hˈaːd duwˈaːr kiːntaːmˈijː l maʃjˈaxa alfarˈaːriħa lˈilj fˈiːhaː xamsata ʕaʃar dijˈaːl dawˈaːwir . liʕˈadad d sukːˈaːn dijˈaːluː wˈaːsˤil l θalaːθumiʔa wa iθnaːn wa xamsuːn ʃˈaxsˤ , waʕˈadad lifaːmiːlˈaːt wˈaːsˤil l θalaːθa wa θamaːnuːn faːmˈiːla ʕˈalaː ħisˈaːb liʔiħsˤˈaːʔ liʕˈaːm ʔalfaːn wa ʔarbaʕa wa ʕiʃruːn f limaɣrˈiːb .
أمطيل هو دوار دوار مجزأ كاين ف جماعة الزينات، دائرة تطوان، إقليم تطوان، جهة طنجة تطوان الحسيمة ف لمغريب. هاد دّوار كينتامي ل مشيخة أمطيل للي فيها 1 ديال دّواور. لعدد د سّكان ديالو واصل ل 2188 شخص، وعدد لفاميلات واصل ل 450 فاميلة على حساب لإحصاء لعام 2024 ف لمغريب.	ʔamtˤˈiːl hˈuː duwˈaːr duwˈaːr muʒˈazːaʔ kˈaːjn f ʒamˈaːʕa azːiːnˈaːt , dˈaːʔira tatˤwˈaːn , ʔiqlˈiːm tatˤwˈaːn , ʒˈiha tˤˈanʒa tatˤwˈaːn alħasˈiːma f limaɣrˈiːb . hˈaːd duwˈaːr kiːntaːmˈijː l maʃjˈaxa ʔamtˤˈiːl lˈilj fˈiːhaː waːħid dijˈaːl dawˈaːwir . liʕˈadad d sukːˈaːn dijˈaːluː wˈaːsˤil l ʔalfaːn wa miʔa wa θamaːnija wa θamaːnuːn ʃˈaxsˤ , waʕˈadad lifaːmiːlˈaːt wˈaːsˤil l ʔarbaʕumiʔa wa xamsuːn faːmˈiːla ʕˈalaː ħisˈaːb liʔiħsˤˈaːʔ liʕˈaːm ʔalfaːn wa ʔarbaʕa wa ʕiʃruːn f limaɣrˈiːb .
ف 2024، عدد د سكان ديال أويزغت تريفة وصل ل 888 شخص، وعدد لفاميلات وصل ل 221 فاميلة. عدد لبالغين كان 674 واحد. عدد السكان ديال أويزغت تريفة زاد ب 17660,0% مابين 2004 و2024. هاد الأرقام مبنية على إحصاءات 2004 و2014 و2024.	f ʔalfaːn wa ʔarbaʕa wa ʕiʃruːn , ʕˈadad d sukːˈaːn dijˈaːl ʔuweːzˈiɣat turˈiːfa wˈasˤal l θamaːnumiʔa wa θamaːnija wa θamaːnuːn ʃˈaxsˤ , waʕˈadad lifaːmiːlˈaːt wˈasˤal l miʔataːn wa waːħid wa ʕiʃruːn faːmˈiːla . ʕˈadad libaːliɣˈiːn kˈaːn sittumiʔa wa ʔarbaʕa wa sabʕuːn wˈaːħid . ʕˈadad asːukːˈaːn dajˈaːl ʔuweːzˈiɣat turˈiːfa zˈaːd b sabʕata ʕaʃar ʔalf wa sittumiʔa wa sittuːn , sˤifr fˈiː almˈiʔa maːbːˈeːn ʔalfaːn wa ʔarbaʕa w ʔalfaːn wa ʔarbaʕa wa ʕiʃruːn . hˈaːd alʔarqˈaːm mabnˈijːa ʕˈalaː ʔiħsˤaːʔˈaːt ʔalfaːn wa ʔarbaʕa w ʔalfaːn wa ʔarbaʕata ʕaʃar w ʔalfaːn wa ʔarbaʕa wa ʕiʃruːn .
ف 2024، نسبة ديال ذكور ف أيت عيسى أويحيى واصلة ل 51,3%، ونسبة د لإناث واصلة ل 48,7%. نسبة د الناس لي عمرهوم أقل من 15 عام واصلة ل 26,7%، ؤنسبة د الناس لي عمرهوم ما بين 15 و59 عام واصلة ل 58,6%، ؤ نسبة د الناس لي عمرهوم 60 عام ؤلا كتر واصلة ل 14,7%.	f ʔalfaːn wa ʔarbaʕa wa ʕiʃruːn , nˈisba dajˈaːl dukˈuːr f ʔˈeːt ʕˈiːsaː ʔuwajˈaħjaː wˈaːsˤila l waːħid wa xamsuːn , θalaːθa fˈiː almˈiʔa , wanˈisba d liʔinˈaːt wˈaːsˤila l θamaːnija wa ʔarbaʕuːn , sabʕa fˈiː almˈiʔa . nˈisba d anːˈaːs lˈiː ʕumarhˈuːm ʔaqˈalː mˈin xamsata ʕaʃar ʕˈaːm wˈaːsˤila l sitta wa ʕiʃruːn , sabʕa fˈiː almˈiʔa , ʔanˈisba d anːˈaːs lˈiː ʕumarhˈuːm mˈaː bˈeːn xamsata ʕaʃar w tisʕa wa xamsuːn ʕˈaːm wˈaːsˤila l θamaːnija wa xamsuːn , sitta fˈiː almˈiʔa , ʔ nˈisba d anːˈaːs lˈiː ʕumarhˈuːm sittuːn ʕˈaːm ʔˈalaː kˈatr wˈaːsˤila l ʔarbaʕata ʕaʃar , sabʕa fˈiː almˈiʔa .
ف 2024، نسبة ديال ذكور ف بوقلال واصلة ل 45,1%، ونسبة د لإناث واصلة ل 54,9%. نسبة د الناس لي عمرهوم أقل من 15 عام واصلة ل 21,9%، ؤنسبة د الناس لي عمرهوم ما بين 15 و59 عام واصلة ل 54,9%، ؤ نسبة د الناس لي عمرهوم 60 عام ؤلا كتر واصلة ل 23,2%.	f ʔalfaːn wa ʔarbaʕa wa ʕiʃruːn , nˈisba dajˈaːl dukˈuːr f biwaqlˈaːl wˈaːsˤila l xamsa wa ʔarbaʕuːn , waːħid fˈiː almˈiʔa , wanˈisba d liʔinˈaːt wˈaːsˤila l ʔarbaʕa wa xamsuːn , tisʕa fˈiː almˈiʔa . nˈisba d anːˈaːs lˈiː ʕumarhˈuːm ʔaqˈalː mˈin xamsata ʕaʃar ʕˈaːm wˈaːsˤila l waːħid wa ʕiʃruːn , tisʕa fˈiː almˈiʔa , ʔanˈisba d anːˈaːs lˈiː ʕumarhˈuːm mˈaː bˈeːn xamsata ʕaʃar w tisʕa wa xamsuːn ʕˈaːm wˈaːsˤila l ʔarbaʕa wa xamsuːn , tisʕa fˈiː almˈiʔa , ʔ nˈisba d anːˈaːs lˈiː ʕumarhˈuːm sittuːn ʕˈaːm ʔˈalaː kˈatr wˈaːsˤila l θalaːθa wa ʕiʃruːn , iθnaːn fˈiː almˈiʔa .
ف 2024، نسبة ديال ذكور ف أم السبع واصلة ل 47,9%، ونسبة د لإناث واصلة ل 52,1%. نسبة د الناس لي عمرهوم أقل من 15 عام واصلة ل 41,0%، ؤنسبة د الناس لي عمرهوم ما بين 15 و59 عام واصلة ل 51,6%، ؤ نسبة د الناس لي عمرهوم 60 عام ؤلا كتر واصلة ل 7,4%.	f ʔalfaːn wa ʔarbaʕa wa ʕiʃruːn , nˈisba dajˈaːl dukˈuːr f ʔˈam asːˈabʕ wˈaːsˤila l sabʕa wa ʔarbaʕuːn , tisʕa fˈiː almˈiʔa , wanˈisba d liʔinˈaːt wˈaːsˤila l iθnaːn wa xamsuːn , waːħid fˈiː almˈiʔa . nˈisba d anːˈaːs lˈiː ʕumarhˈuːm ʔaqˈalː mˈin xamsata ʕaʃar ʕˈaːm wˈaːsˤila l waːħid wa ʔarbaʕuːn , sˤifr fˈiː almˈiʔa , ʔanˈisba d anːˈaːs lˈiː ʕumarhˈuːm mˈaː bˈeːn xamsata ʕaʃar w tisʕa wa xamsuːn ʕˈaːm wˈaːsˤila l waːħid wa xamsuːn , sitta fˈiː almˈiʔa , ʔ nˈisba d anːˈaːs lˈiː ʕumarhˈuːm sittuːn ʕˈaːm ʔˈalaː kˈatr wˈaːsˤila l sabʕa , ʔarbaʕa fˈiː almˈiʔa .
بني غمراسن هو دوار مجمع كاين ف جماعة لمريجة، دائرة جرسيف، إقليم ݣرسيف، جهة الشرق ف لمغريب. هاد دّوار كينتامي ل مشيخة واد بني ݣاسم ارشيدة للي فيها 4 ديال دّواور. لعدد د سّكان ديالو واصل ل 235 شخص، وعدد لفاميلات واصل ل 55 فاميلة على حساب لإحصاء لعام 2024 ف لمغريب.	bˈaniː ɣimrˈaːsan hˈuː duwˈaːr mˈaʒmaʕ kˈaːjn f ʒamˈaːʕa limarˈiːʒa , dˈaːʔira ʒirsˈiːf , ʔiqlˈiːm ɡrasˈiːf , ʒˈiha aʃːˈarq f limaɣrˈiːb . hˈaːd duwˈaːr kiːntaːmˈijː l maʃjˈaxa wˈaːd bˈaniː ɡˈaːsm irʃˈiːda lˈilj fˈiːhaː ʔarbaʕa dijˈaːl dawˈaːwir . liʕˈadad d sukːˈaːn dajˈaːluː wˈaːsˤil l miʔataːn wa xamsa wa θalaːθuːn ʃˈaxsˤ , waʕˈadad lifaːmiːlˈaːt wˈaːsˤil l xamsa wa xamsuːn faːmˈiːla ʕˈalaː ħisˈaːb liʔiħsˤˈaːʔ liʕˈaːm ʔalfaːn wa ʔarbaʕa wa ʕiʃruːn f limaɣrˈiːb .
عدد السكان ديال لعوافة (أولاد بوراص) زاد ب 28,3% و عدد لفاميلات زاد ب 48,7% مابين 2004 و2014.	ʕˈadad asːukːˈaːn dajˈaːl liʕoːˈaːfa ʔoːlˈaːd buːrˈaːsˤ zˈaːd b θamaːnija wa ʕiʃruːn , θalaːθa fˈiː almˈiʔa w ʕˈadad lifaːmiːlˈaːt zˈaːd b θamaːnija wa ʔarbaʕuːn , sabʕa fˈiː almˈiʔa maːbːˈeːn ʔalfaːn wa ʔarbaʕa w ʔalfaːn wa ʔarbaʕata ʕaʃar .
عدد السكان ديال إعزيزاتن (إمهايتن) زاد ب 5,7% و عدد لفاميلات زاد ب 26,2% مابين 2004 و2014.	ʕˈadad asːukːˈaːn dajˈaːl ʔiʕziːzˈaːtin ʔimhaːjˈatn zˈaːd b xamsa , sabʕa fˈiː almˈiʔa w ʕˈadad lifaːmiːlˈaːt zˈaːd b sitta wa ʕiʃruːn , iθnaːn fˈiː almˈiʔa maːbːˈeːn ʔalfaːn wa ʔarbaʕa w ʔalfaːn wa ʔarbaʕata ʕaʃar .
تصنيف:لعابا د لمنتخب لوطني لمغريبي د لكورة	tasˤnˈiːf , luʕˈaːbaː d limuntˈaxab liwatˤanˈijː limaɣrˈiːbiː d likˈuːra
محمد ملال هو سياسي مغريبي، ؤعضو فمجلس النواب (لمغريب) فالولاية التشريعية 2021–2026. تنتاخب فدائرة لنتخابية ديال الصويرة، لتابعة لجهة ديال جهة مراكش آسفي، بإسم حزب الاتحاد الاشتراكي للقوات الشعبية، ؤكان عضو ففريق "الفريق الاشتراكي".	muħˈamːad milˈaːl hˈuː sijaːsˈijː miɣriːbˈijː , ʔˈaʕdˤuː famˈaʒlis anːuwːˈaːb limaɣrˈiːb falwilˈaːja atːaʃriːʕˈijːa ʔalfaːn wa waːħid wa ʕiʃruːn ʔalfaːn wa sitta wa ʕiʃruːn . tantˈaːxib fadˈaːʔira linataxaːbˈijːa dijˈaːl asˤːuwˈeːra , litˈaːbiʕa lˈiʒiha dajˈaːl ʒˈiha marˈaːkiʃ ʔaːsufˈijː , biʔˈism ħˈizb alaːtːiħˈaːd alaːʃtiraːkˈijː lilquwːˈaːt aʃːaʕbˈijːa , ʔakˈaːn ʕˈudˤw fafarˈiːq alfarˈiːq alaːʃtiraːkˈijː .
الجديدة هي مدينة ساحلية مغربية كاينة فجهة الدار البيضاء سطات، ؤكطل على المحيط الأطلسي. كاينة لمدينة بين خط طول 8°31′22″ غرباً ؤخط لعرض 33°14′3″ شمالاً، ؤبعيدة على الدار البيضاء بحوالي 90 كلم. كتعتبر الجديدة من المدن اللي تأسسات كجماعة ترابية حضرية فـ 8 أبريل 1917.	alʒadˈiːda hˈiː madˈiːna saːħilˈijːa maɣribˈijːa kˈaːjina fˈaʒiha adːˈaːr albeːdˤˈaːʔ satˤˈaːt , ʔˈaktˤal ʕˈalaː almuħˈiːtˤ alʔatˤlasˈijː . kˈaːjina limadˈiːna bˈeːn xˈatˤː tˤˈuːl θamaːnija dˈaraʒa waːħid wa θalaːθuːn iθnaːn wa ʕiʃruːn ɣˈarbaː ʔˈaxatˤ liʕˈirdˤ θalaːθa wa θalaːθuːn dˈaraʒa ʔarbaʕata ʕaʃar θalaːθa ʃamˈaːlaː , ʔabaʕˈiːda ʕˈalaː adːˈaːr albeːdˤˈaːʔ biħawˈaːleː tisʕuːn kˈalːam . katuʕtˈabar alʒadˈiːda mˈin almˈudun alːˈeː taʔasːusˈaːt kaʒamˈaːʕa turaːbˈijːa ħadˤarˈijːa fˈa θamaːnija ʔabrˈiːl ʔalf wa tisʕumiʔa wa sabʕata ʕaʃar .
كاينة ولاد عياد ف لإحداثيات: 32° 12' 0" شمالا و 6° 48' 0" غربا. وعلى طّريق لوطنية رقم 8 لي كتربط مدينة بني ملال ب مدينة مراكش. لوزين دسكر هو معلمة ديال لمدينة حيت كاين ف لخرجة ديالها علا طريق كيسهل علا لي دايز يعرف لمدينة.	kˈaːjina wilˈaːd ʕeːˈaːd f liʔiħdaːtijːˈaːt , iθnaːn wa θalaːθuːn dˈaraʒa iθnaː ʕaʃar sˤifr ʃamˈaːlaː w sitta dˈaraʒa θamaːnija wa ʔarbaʕuːn sˤifr ɣˈarbaː . waʕˈalaː tˤarˈiːq liwatˤanˈijːa rˈaqm θamaːnija lˈiː katˈarbatˤ madˈiːna bˈaniː malˈaːl b madˈiːna marˈaːkiʃ . luːzˈiːn dˈaskar hˈuː muʕalːˈama dajˈaːl limadˈiːna ħˈeːat kˈaːjn f lixˈurʒa dijaːlˈihaː ʕˈalaː tˤarˈiːq kajˈashul ʕˈalaː lˈiː dˈaːjiz jˈuʕraf limadˈiːna .
إلا تجاهلنا التأتير ديال التهراس دالتصويرة ديال الشمش بسباب لجو وبلّي الشمش ماشي نقطة فالسما، فراه ديما الشروق فلبلايص مابين 30° و50° كايتشاف فجيهة الشمال الشرقي ما بين أبريل وغشت، وفجيهة لجانوب الشرقي مابين أكتوبر وفبراير. الشروق كايتشاف فالشرق غير فالشهورة ديال مارس وشتنبر لݣاع الناس فوق لكرة لأرضية.	ʔlːˈaː taʒaːhalˈunaː atːaʔtˈiːr dijˈaːl atːihrˈaːs daːltːasˤwˈiːra dajˈaːl aʃːˈamʃ bisibˈaːb lˈiʒw wabalˈijː aʃːˈamʃ mˈaːʃiː nˈuqtˤa fasːˈumaː , farˈaːh dˈiːmaː aʃːurˈuːq falibalˈaːjisˤ maːbːˈiːn θalaːθuːn dˈaraʒa w xamsuːn dˈaraʒa kaːjtaʃˈaːf faʒˈiːha aʃːamˈaːl aʃːarqˈijː mˈaː bˈeːn ʔabrˈiːl waɣˈaʃːat , wafaʒˈiːha liʒaːnˈuːb aʃːarqˈijː maːbːˈeːn ʔuktˈuːbar wafibrˈaːjir . aʃːurˈuːq kaːjtaʃˈaːf faʃːˈarq ɣˈeːr faʃːuhˈuːra dajˈaːl mˈaːras waʃitˈanbar lɡˈaːʕ anːˈaːs fˈoːq lˈikura liʔardˤˈijːa .
إلا تجاهلنا التأتير ديال التهراس دالتصويرة ديال الشمش بسباب لجو وبلّي الشمش ماشي نقطة فالسما، فراه ديما لغروب فلبلايص مابين 30° و50° كايتشاف فجيهة الشمال لغربي ما بين أبريل وغشت، وفجيهة لجانوب لغربي مابين أكتوبر وفبراير. لغروب كايتشاف فلغرب غير فالشهورة ديال مارس وشتنبر ولݣاع الناس فوق لكرة لأرضية.	ʔlːˈaː taʒaːhalˈunaː atːaʔtˈiːr dijˈaːl atːihrˈaːs daːltːasˤwˈiːra dajˈaːl aʃːˈamʃ bisibˈaːb lˈiʒw wabalˈijː aʃːˈamʃ mˈaːʃiː nˈuqtˤa fasːˈumaː , farˈaːh dˈiːmaː liɣurˈuːb falibalˈaːjisˤ maːbːˈiːn θalaːθuːn dˈaraʒa w xamsuːn dˈaraʒa kaːjtaʃˈaːf faʒˈiːha aʃːamˈaːl liɣarbˈijː mˈaː bˈeːn ʔabrˈiːl waɣˈaʃːat , wafaʒˈiːha liʒaːnˈuːb liɣarbˈijː maːbːˈeːn ʔuktˈuːbar wafibrˈaːjir . liɣurˈuːb kaːjtaʃˈaːf faliɣˈarb ɣˈeːr faʃːuhˈuːra dajˈaːl mˈaːras waʃitˈanbar walːɡˈaːʕ anːˈaːs fˈoːq lˈikura liʔardˤˈijːa .
باكتيريات وسطوباغية (بحال شّيرشيا كولي): واحد لخليقة اللي السخونية لمخيّرة ديالها مابين 20°س حتال 45°س، و بمانيرة خرا تقدر تكتار مزيان فلداخل دلكسدة 37°س.	baːktiːrijːˈaːt wasutˤuːbaːɣˈijːa biħˈaːl ʃˈiːrʃiaː kawalˈijː , wˈaːħid lixalˈiːqa alːˈeː asːuxuːnˈijːa limuxˈeːra dijaːlˈihaː maːbːˈiːn ʕiʃruːn darˈaʒas ħitːˈaːl xamsa wa ʔarbaʕuːn darˈaʒas , w bimaːnˈiːra xˈarːaː tˈaqdir taktˈaːr mizajˈaːn faladˈaːxil dalkˈasda sabʕa wa θalaːθuːn darˈaʒas .
ف آسفي كاين بزاف دالبني قديم و تاريخي و هي من بين لمدون القديمة ف المغرب. ساكنين فيها 308508 واحد، على حسب لإحصاء لعام 2014.	f ʔaːsˈafiː kˈaːjn bizˈaːf daːlibanˈijː qadˈiːm w taːriːxˈijː w hˈiː mˈin bˈeːn limudˈuːn alqadˈiːma f almˈaɣrib . saːkinˈeːn fˈiːhaː θalaːθumiʔa wa θamaːnija ʔalf wa xamsumiʔa wa θamaːnija wˈaːħid , ʕˈalaː ħˈasab liʔiħsˤˈaːʔ liʕˈaːm ʔalfaːn wa ʔarbaʕata ʕaʃar .
لاستغلال لمعدني كيدار فثلاثة مواقع كبار: خريبكة، گنتور وبوكراع، واللي عطاو ف2000 على التوالي 14,1 مليون طن، 5,2 مليون طن و2,2 مليون طن من لخام ديال لفوسفاط تجاري.	listiɣlˈaːl limaʕdˈiniː kiːdˈaːr fatalˈaːta mawˈaːqiʕ kibˈaːr , xurˈeːbaka , ɡuntˈuːr wabuːkrˈaːʕ , walːˈijː ʕatˤˈaːw f ʔalfaːn ʕˈalaː atːawˈaːliː ʔarbaʕata ʕaʃar , waːħid miljˈuːn tˤˈinː , xamsa , iθnaːn miljˈuːn tˤˈinː w iθnaːn , iθnaːn miljˈuːn tˤˈinː mˈin lixˈaːm dijˈaːl lifuːsfˈaːtˤ tiʒaːrˈijː .
لمراكز ديال تحويل الفوسفاط إلى حمض الفوسفوريك (2,7 مليون طن سنة 2000) كاينين ف المنطقة الصناعية لي ف ساحل ديال الجرف الأصفر و فآسفي. أما تصنيع الأسمدة او الغبار (2,4 مليون طن) ف كيتدار فالمركب الكيماوي ديال آسفي والجرف الأصفر.	limarˈaːkiz dijˈaːl taħwˈiːl alfuːsfˈaːtˤ ʔlˈaː ħˈamudˤ alfuːsfuːrˈiːk iθnaːn , sabʕa miljˈuːn tˤˈinː sˈana ʔalfaːn kaːjinˈiːn f almintˤˈaqa asˤːinaːʕˈijːa lˈiː f sˈaːħil dijˈaːl alʒˈurf alʔˈasˤfar w faʔaːsˈufiː . ʔˈamːaː tasˤnˈiːʕ alʔasmˈida ˈiw alɣubˈaːr iθnaːn , ʔarbaʕa miljˈuːn tˤˈinː f kajatadˈaːr falmurˈakːab alkiːmaːwˈijː dajˈaːl ʔaːsufˈijː walʒˈurf alʔˈasˤfar .
معامل تصبير السردين كانت مزدهرة بزاف ف نهاية الحرب العالمية الثانية حتى سنوات 1980. الجرف لقاري لواسع وبرودة لكورون ديال لكناري كانو كيجبدو السردين فالصيف، وهادشي خلا واحد تروة بحرية مهمة بزاف (السردين والطون).	muʕˈaːmil tasˤbˈiːr asːardˈeːn kˈaːnat muzdˈahira bizˈaːf f nihˈaːja alħˈarb alʕaːlamˈijːa atːˈaːnija ħˈatːaː sanawˈaːt ʔalf wa tisʕumiʔa wa θamaːnuːn . alʒˈurf liqaːrˈijː liwˈaːsiʕ waburˈuːda likuːrˈuːn dijˈaːl likanˈaːriː kˈaːnuː kajaʒbˈuduː asːardˈeːn fasˤːˈeːf , wahaːdiʃˈijː xˈalaː wˈaːħid tˈarwa biħurːˈijːa muhˈimːa bizˈaːf asːardˈeːn watˤːˈuːn .
آسفي كانت ف سنوات 1950 و1960 أول مرسة عالمية ف صيد السردين من حيث الكترة، وهادشي جاب يد عاملة نسائية كبيرة من جميع نواحي لعالم القروي. فداك الوقت، حتى لـ130 فلوكة كانو كيرجعو ديال الحوت. كانو خدامين 12 ألف شخص ف الصيد وف38 معمل ديال التصبير. ف في آخر عقد من القرن العشرين، نقصات الثروة السمكية وتحولات مناطق الصيد لجنوب أكادير، و ولات آسفي غير مرسى ديال الصيد لمتوسط.	ʔaːsfˈijː kˈaːnat f sanawˈaːt ʔalf wa tisʕumiʔa wa xamsuːn w ʔalf wa tisʕumiʔa wa sittuːn ʔˈoːal mˈarsa ʕaːlamˈijːa f sˤˈeːd asːardˈeːn mˈin ħˈeːt alkˈatra , wahaːdiʃˈijː ʒˈaːb jˈad ʕˈaːmila nisaːʔˈijːa kabˈiːra mˈin ʒamˈiːʕ nawˈaːħiː liʕˈaːlim alqarawˈijː . fidˈaːk alwˈaqt , ħˈatːaː lˈi miʔa wa θalaːθuːn falˈuːka kˈaːnuː kiːrʒˈiʕuː dijˈaːl alħˈuːt . kˈaːnuː xudːaːmˈiːn iθnaː ʕaʃar ʔˈalf ʃˈaxsˤ f asˤːˈeːd wˈaf θamaːnija wa θalaːθuːn mˈaʕmal dijˈaːl atːasˤbˈiːr . f fˈiː ʔˈaːxar ʕˈaqd mˈin alqˈarn alʕiʃrˈiːn , naqasˤˈaːt atːˈarwa asːumakˈijːa wataħoːulˈaːt manˈaːtˤiq asˤːˈeːd liʒanˈuːb ʔakaːdˈiːr , w walˈaːt ʔaːsfˈijː ɣˈeːr mˈarsaː dijˈaːl asˤːˈeːd limutawˈasːitˤ .
هاد المحطة خاصها تستهلك بزاف من الفحم كل عام، وتوفر لخُمس ديال الاستهلاك المغربي من لكهرباء ابتداءً من عام 2018.	hˈaːd almaħˈatˤːa xaːsˤːˈahaː tustˈahlak bizˈaːf mˈin alfˈaħm kˈulː ʕˈaːm , watawˈafːar lixˈams dijˈaːl alaːstihlˈaːk almaɣribˈijː mˈin likahrabˈaːʔ ibtidˈaːʔ mˈin ʕˈaːm ʔalfaːn wa θamaːnijata ʕaʃar .
لموسم جديد 1944/1945 الوداد غا يربحو كأس نوخبة لمغربية لأول مرة فتاريخهم، و ربحو عاوتاني بوطولة الشاوية، ولاكين ملي تأهلو للأدوار نيهائية تقصاو فدور الربع، و ربحو دوري ودي ديال نويل للمرة ثانية على تاوالي.	limˈoːsim ʒadˈiːd ʔalf wa tisʕumiʔa wa ʔarbaʕa wa ʔarbaʕuːn ʔalf wa tisʕumiʔa wa xamsa wa ʔarbaʕuːn alwidˈaːd ɣˈaː jarbˈaħuː kˈaʔs nˈoːxaba limaɣribˈijːa liʔˈoːal mˈarːa fataːriːxˈuhum , w rˈibħuː ʕaːwitˈaːniː biwutˤˈuːla aʃːaːwˈijːa , walaːkˈiːn malˈijː taʔˈahluː lilʔadwˈaːr niːhaːʔˈijːa taqsˤˈaːw fadˈoːr arːˈubʕ , w rˈibħuː doːrˈijː wˈadj dijˈaːl nuwˈeːl lilmˈarːa tˈaːnija ʕˈalaː taːwˈaːliː .
فعلاً، الحكومة الثالثة فالمغرب بعد الاستقلال كانت هي حكومة أحمد بلافريج، اللي تأسسات بظهير رقم 1.58.152 بتاريخ 12 ماي 1958، واستمرت حتى 3 دجنبر 1958. هاد الحكومة كانت قصيرة المدة ولكن مهمة فمرحلة تأسيس الدولة المغربية الحديثة.	fˈiʕlaː , alħukˈuːma atːˈaːlita falmˈaɣrib bˈaʕd alaːstiqlˈaːl kˈaːnat hˈiː ħukˈuːma ʔˈaħmad bilaːfrˈiːʒ , alːˈeː taʔasːusˈaːt bidˤahˈiːr rˈaqm waːħid fˈaːsˤila xamsa θamaːnija . miʔa wa iθnaːn wa xamsuːn bitaːrˈiːx iθnaː ʕaʃar mˈaːj ʔalf wa tisʕumiʔa wa θamaːnija wa xamsuːn , waːstamˈarːat ħˈatːaː θalaːθa daʒˈanbar ʔalf wa tisʕumiʔa wa θamaːnija wa xamsuːn . hˈaːd alħukˈuːma kˈaːnat qasˤˈiːra almˈudːa walˈakin muhˈimːa famarħˈala taʔsˈiːs adːˈoːla almaɣribˈijːa alħadˈiːta .
أسا مدينة مغريبية و جماعة ترابية حضرية كاينة فـ إقليم آسا الزاݣ، ألي شاد مساحة ديال 27 ألف كيلومتر مربع، يعني تقريبا 20% من المساحة ديال جهة ݣلميم واد نون. ف لإحصاء لعام 2014 كانوا ساكنين فيها 14416 واحد، وهد العدد رتافع ف لإحصاء لعام ديال 2024 لـ 15601 واحد ، وهدا كيعني أن الكتافة السكانية ضعيفة شوية حيت كاتقدر بـ 1.11 واحد فكل كيلومتر مربع.	ʔˈasaː madˈiːna maɣriːbˈijːa w ʒamˈaːʕa turaːbˈijːa ħadˤarˈijːa kˈaːjina fˈa ʔiqlˈiːm ʔˈaːsaː azːˈaːɡ , ʔˈaliː ʃˈaːd misˈaːħa dijˈaːl sabʕa wa ʕiʃruːn ʔˈalf kiːluːmˈitr murˈabːaʕ , jˈaʕniː taqrˈiːbaː ʕiʃruːn fˈiː almˈiʔa mˈin almisˈaːħa dajˈaːl ʒˈiha ɡlimˈiːm wˈaːd nˈuːn . f liʔiħsˤˈaːʔ liʕˈaːm ʔalfaːn wa ʔarbaʕata ʕaʃar kˈaːnuː saːkinˈeːn fˈiːhaː ʔarbaʕata ʕaʃar ʔalf wa ʔarbaʕumiʔa wa sittata ʕaʃar wˈaːħid , wˈahad alʕˈadad ratˈaːfiʕ f liʔiħsˤˈaːʔ liʕˈaːm dajˈaːl ʔalfaːn wa ʔarbaʕa wa ʕiʃruːn lˈi xamsata ʕaʃar ʔalf wa sittumiʔa wa waːħid wˈaːħid , wahˈadaː keːˈaʕniː ʔˈan alkitˈaːfa asːukːaːnˈijːa dˤaʕˈiːfa ʃawˈijːa ħˈeːat kaːtaqˈadːar bˈi waːħid fˈaːsˤila waːħid waːħid wˈaːħid fakˈulː kiːluːmˈitr murˈabːaʕ .
لأشولية (بانت ما بين 1.76 مليون عام تال 150.000 عام قبل زيادة لمسيح)	liʔaʃwalˈijːa bˈaːnat mˈaː bˈeːn waːħid fˈaːsˤila sabʕa sitta miljˈuːn ʕˈaːm tˈaːl miʔa wa xamsuːn fˈaːsˤila sˤifr sˤifr sˤifr ʕˈaːm qˈabl zijˈaːda limasˈiːħ
لخدود الطوال سميتهوم خطوط التوش، أما لحدود الصغار اللي لݣول محطوط عليهوم سميتهوم خطوط لݣول. كولّا خط ديال لݣول محطوط عليه مستطيل ديال لݣول، ف نص الطريق مابين خطوط التوش. لعرض ديال الداخل د لݣول (من لعمود ليمني للعمود ليسري) فيه 7.44 ميترو، أما لعلو ديال لعارضة اللي هازينها لعمايد فيه 2.44 ميترو من فوق الضس. الشباكي كايكونو مورا لݣول، ولايني لقواعد د اللعبة مافارضينهومش.	lixudˈuːd atˤːiwˈaːl sumːiːtahˈuːm xutˤˈuːtˤ atːˈuwaʃ , ʔˈamːaː liħudˈuːd asˤːiɣˈaːr alːˈeː lɡuˈalː maħtˤˈuːtˤ ʕaleːhˈuːm sumːiːtahˈuːm xutˤˈuːtˤ lɡuˈalː . kˈuːlaː xˈatˤː dajˈaːl lɡuˈalː maħtˤˈuːtˤ ʕalˈeːh mustatˤˈiːl dajˈaːl lɡuˈalː , f nˈasˤː atˤːarˈiːq maːbːˈeːn xutˤˈuːtˤ atːˈawaʃ . liʕˈirdˤ dijˈaːl adːˈaːxil d lɡuˈalː mˈin liʕamˈuːd lijamˈaniː lilʕamˈuːd lijˈasriː fˈiːh sabʕa fˈaːsˤila ʔarbaʕa ʔarbaʕa mˈiːtruː , ʔˈamːaː liʕulˈuwː dajˈaːl liʕˈaːridˤa alːˈeː haːziːnˈahaː liʕamˈaːjid fˈiːh iθnaːn fˈaːsˤila ʔarbaʕa ʔarbaʕa mˈiːtruː mˈin fˈoːq adˤːˈasː . aʃːabaːkˈijː kaːjkˈuːnuː mˈoːraː lɡuˈalː , walaːjˈiniː liqawˈaːʕid d alːˈuʕba maːfaːrdˤiːnhˈuːmaʃ .
عدد سكان لمغريب ليوما هو 36.5 مليون دبنادم، بواحد زيادة ديال 1.26% كل عام. كتر من 100.000 براني ساكنين فلمغريب، غلبيتهم إما صبلبون أولا فرانصيص شادين التقاعود أولا من الناس لي خدامين فالشركات ميلتيناسيونال. هاد النسبة ديال الزيادة نقصات على لفترة ما بين 1971 و1982، لي وصلات فيها ل2.8%.	ʕˈadad sukːˈaːn limaɣrˈiːb lijˈoːmaː hˈuː sitta wa θalaːθuːn fˈaːsˤila xamsa miljˈuːn dibnˈaːdim , biwˈaːħid zijˈaːda dajˈaːl waːħid fˈaːsˤila iθnaːn sitta fˈiː almˈiʔa kˈulː ʕˈaːm . kˈatr mˈin miʔa fˈaːsˤila sˤifr sˤifr sˤifr barˈaːniː saːkinˈeːn falimaɣrˈiːb , ɣalabijːatˈihim ʔmːˈaː sˤablibˈuːn ʔoːˈalaː faraːnsˤˈiːsˤ ʃaːdːˈiːn atːaqaːʕˈuːd ʔoːˈalaː mˈin anːˈaːs lˈiː xudaːmˈeːn faʃːarikˈaːt miːlatiːnaːsjuːnˈaːl . hˈaːd anːˈisba dijˈaːl azːijˈaːda naqasˤˈaːt ʕˈalaː lifˈatra mˈaː bˈeːn ʔalf wa tisʕumiʔa wa waːħid wa sabʕuːn w ʔalf wa tisʕumiʔa wa iθnaːn wa θamaːnuːn , lˈiː wasˤlˈaːt fˈiːhaː l iθnaːn fˈaːsˤila θamaːnija fˈiː almˈiʔa .
نسبة لأمية (نّاس لّي ما كايعرفوش يقراو ولا يكتبو): 54,5%	nˈisba liʔumˈeː nˈaːs lˈiː mˈaː kaːjaʕirfˈuːʃ jaqrˈaːw wˈalaː jaktˈubuː , ʔarbaʕa wa xamsuːn , xamsa fˈiː almˈiʔa
نسبة سّكان لّي قاريين فوق الليسي (ليسي و جامعة): 10,3%	nˈisba sukːˈaːn lˈiː qaːrijˈeːn fˈoːq alːeːsˈijː lˈiːsiː w ʒˈaːmiʕa , ʕaʃara , θalaːθa fˈiː almˈiʔa
نسبة نّاس نّشيطين (لّي يقدرو يخدمو): 64,1%	nˈisba nˈaːs naʃiːtˤˈeːn lˈiː jaqdˈiruː jaxdˈumuː , ʔarbaʕa wa sittuːn , waːħid fˈiː almˈiʔa
نسبة لبطالة (نّاس لّي ما خدامينش و تايقلبو على خدمة): 3,5%	nˈisba libatˤˈaːla nˈaːs lˈiː mˈaː xadaːmˈiːnʃ w tˈaːiqilbuː ʕˈalaː xˈidma , θalaːθa , xamsa fˈiː almˈiʔa
نسبة نّاس اللي خدامين ف دّولة (ولا لبيطاليين اللي سبق ليهوم خدمو): 21,3%	nˈisba nˈaːs alːˈeː xudːaːmˈijn f dˈoːla wˈalaː libeːtˤaːlijːˈiːn alːˈeː sˈabaq lijahˈuːm xˈadmuː , waːħid wa ʕiʃruːn , θalaːθa fˈiː almˈiʔa
نسبة نّاس اللي خدامين ف لپريڤي (ولا لبيطاليين اللي سبق ليهوم خدمو): 11,8%	nˈisba nˈaːs alːˈeː xudːaːmˈijn f liprˈijːviː wˈalaː libeːtˤaːlijːˈiːn alːˈeː sˈabaq lijahˈuːm xˈadmuː , ʔaħada ʕaʃar , θamaːnija fˈiː almˈiʔa
نسبة لأمية (نّاس لّي ما كايعرفوش يقراو ولا يكتبو): 21,8%	nˈisba liʔumˈeː nˈaːs lˈiː mˈaː kaːjaʕirfˈuːʃ jaqrˈaːw wˈalaː jaktˈubuː , waːħid wa ʕiʃruːn , θamaːnija fˈiː almˈiʔa
نسبة سّكان لّي قاريين فوق الليسي (ليسي و جامعة): 24,8%	nˈisba sukːˈaːn lˈiː qaːrijˈeːn fˈoːq alːeːsˈijː lˈiːsiː w ʒˈaːmiʕa , ʔarbaʕa wa ʕiʃruːn , θamaːnija fˈiː almˈiʔa
ل آلاف السنين، النضام السياسي ديال الشينوا كان معتامد على لملكيات لوراتية، ولا السلالات، بداية من سلالة شيا لعلاين أسطورية ف لقرن 21 ق.ح.ع. من تما ؤ الشينوا بقات كتوسع، كتقسم، ؤ كتعاود توحد بزاف ت لمرات.	l ʔaːlˈaːf asːinˈiːn , anːidˤˈaːm asːijaːsˈijː dijˈaːl aʃːˈiːnuː kˈaːn muʕtˈaːmid ʕˈalaː limilkijːˈaːt luːraːtˈijːa , wˈalaː asːulaːlˈaːt , bidˈaːja mˈin sulˈaːla ʃˈeːaː liʕalˈaːjin ʔustˤuːrˈijːa f liqˈarn waːħid wa ʕiʃruːn q . ħ . ʕ . mˈin tˈamːaː ʔ aʃːˈiːnuː baqˈaːt katawˈasːuʕ , katuqˈasːam , ʔ kataʕˈaːwud tawˈaħːud bizˈaːf t limarːˈaːt .
جون رونالد رويل تولكين، معروف كتر بسميت ج. ر. ر. تولكين (تولد ف 3 يناير 1892 ف بلومفونتين، جنوب إفريقيا، ؤ مات ف 2 شتنبر 1973 فبورنماوث، النڭليز) كان كاتب، شاعر، فيلولوجيست و پروفيسور د الجامعة.	ʒˈuːn ruːnˈaːld ruwˈiːl tuːlikˈiːn , maʕrˈuːf kˈatr bisumːˈiːt ʒ . r . r . tuːlikˈiːn tawˈalːad f θalaːθa janˈaːjir ʔalf wa θamaːnumiʔa wa iθnaːn wa tisʕuːn f biluːmfuːnatˈeːn , ʒanˈuːb ʔifrˈiːqjaː , ʔ mˈaːt f iθnaːn ʃitˈanbar ʔalf wa tisʕumiʔa wa θalaːθa wa sabʕuːn fabuːranmˈaːwut , anːiɡlˈiːz kˈaːn kˈaːtab , ʃˈaːʕir , fiːluːluːʒˈiːst w puruːfiːsˈuːr d alʒˈaːmiʕa .
طانجا طاحت ف ليد ديال موريطانية لحليفة الرومانية ف لعهد ديال لحروب لبونيقية. لجينيرال الروماني كوينتوس سيرطوريوس ف لحرب ديالو على النضام ديال سولا ف روما، خدا طينجيس للمدة ديال أعوام ف السبعينات ق.م، قبل ما ترجع للموريطانيين بلحاق هاد المرة كمدينة حورّا تحت الحكم ديال بوكوس تّاني ف لعام 38 ق.م.	tˤˈaːnʒaː tˤˈaːħat f lˈijad dijˈaːl muːriːtˤaːnˈijːa liħulˈeːfa arːuːmaːnˈijːa f liʕˈahd dijˈaːl liħurˈuːb lubuːniːqˈijːa . liʒiːniːrˈaːl arːuːmaːnˈijː kuwiːntˈuːs siːrtˤuːrjˈuːs f liħˈarb dijˈaːluː ʕˈalaː anːidˤˈaːm dijˈaːl sˈuːlaː f rˈuːmaː , xˈadːaː tˤiːnʒˈiːs lilmˈudːa dijˈaːl ʔaʕwˈaːm f asːabʕiːnˈaːt q . m , qˈabl mˈaː tˈarʒiʕ lilmuːriːtˤaːnijːˈiːn bilaħˈaːq hˈaːd almˈarːa kamadˈiːna ħˈuːraː tˈaħt alħˈukm dijˈaːl buːkˈuːs tˈaːniː f liʕˈaːm θamaːnija wa θalaːθuːn q . mː .
تزوجات كريستين ب پيير أݣيطون، لي كان قاضي ؤ تعين ف لمحكمة د لأمن لعسكري ف لجزاير، ؤ كان قريب من تيارات ليمنية، ف لوقت لي هي كانت كاتدافع على لموناضلين ديال ل ف.ل.ن. حاولات كريستين تدي ولادها بجوج كريسطوف ؤ ليز لجزاير والاكين باهم كان رافض لفكرة، وبسباب هادشي طلقاتو.	tazoːuʒˈaːt kariːsatˈeːn b pijˈiːr ʔɡitˤˈuːn , lˈiː kˈaːn qˈaːdˤiː ʔ taʕˈeːan f limaħkˈama d liʔˈamn liʕaskˈariː f liʒazˈaːjir , ʔ kˈaːn qarˈiːb mˈin teːaːrˈaːt lijamanˈijːa , f liwˈaqt lˈiː hˈiː kˈaːnat kaːtdˈaːfaʕ ʕˈalaː limuːnaːdˤilˈiːn dajˈaːl l f . l . n . ħaːwilˈaːt kariːsatˈeːn tˈadiː wilaːdˈahaː biʒˈoːʒ kariːstˤˈuːf ʔ lˈiːz liʒazˈaːjir walaːkˈiːn bˈaːhim kˈaːn rˈaːfidˤ lifˈikra , wabisabˈaːb haːdiʃˈijː tˤalqˈaːtuː .
لعوام لّخرة ديال لحكم د لماليك بوكوس لّول عرفات ضطيرابات سياسية حيت لماليك كان شرف ؤ ضعافت سّلطة ديالو. هادشي كيتجلّا ف ستيقلال طانجا تحت حكم عائلة أميرية قايدها يفتاس ؤ موراها ولدو أسكاليس. جّينيرال رّوماني سولا صيفط جيش باش يدعم أسكاليس، ولاكين لجنرال رّوماني كوينتوس سيرطوريوس ف خيلال حملة عسكارية ديالو عاون ف تحياد لأمير أسكاليس من لحوكم ديال طانجا ف جوايه 81 ؤلا 80 ق.م.	liʕawˈaːmː lixˈurːa dajˈaːl liħˈukm d limaːlˈiːk buːkˈuːs lˈuwl ʕarafˈaːt dˤitˤiːraːbˈaːt sijaːsˈijːa ħˈeːit limaːlˈiːk kˈaːn ʃˈaraf ʔ dˤiʕˈaːfat sˈultˤa dijˈaːluː . haːdiʃˈijː kajataʒˈalaː f sitiːqlˈaːl tˤˈaːnʒaː tˈaħt ħˈukm ʕˈaːʔila ʔamiːrˈijːa qaːjidˈahaː jaftˈaːs ʔ muːrˈaːhaː walˈaduː ʔaskaːlˈiːs . ʒiːniːrˈaːl ruːmaːnˈijː sˈuːlaː sˤˈijfatˤ ʒˈeːʃ bˈaːʃ judˈaʕːim ʔaskaːlˈiːs , walaːkˈiːn liʒinrˈaːl ruːmaːnˈijː kuwiːntˈuːs siːrtˤuːrjˈuːs f xiːlˈaːl ħˈamala ʕaskaːrˈijːa dijˈaːluː ʕˈaːwan f tiħjˈaːd liʔamˈiːr ʔaskaːlˈiːs mˈin laħuwˈikim dijˈaːl tˤˈaːnʒaː f ʒawˈaːjih waːħid wa θamaːnuːn ʔˈalaː θamaːnuːn q . mː .
ولاكين ف لحرب لأهلية لأنطونية، بوكوس ؤ بوݣود ماغاديش يتافقو علا شكون يساندو. بوكود تّاني غادي يساند ݣايوس أوكطاويوس، لّي من بعد غادي يولّي أوݣوستوس قيصر، مي بوݣود ساند ماركوس أنطونيوس ؤ كليوپاترا سابعة فيليپاطور لمليكة د مصر. ف 38 ق.م. بوكوس تاني غادي يهرف علا مملكة خوه ؤ يولي لماليك ديال موريطانية كولها حتال 33 ق.م. فاش غادي يموت.	walaːkˈiːn f liħˈarb liʔahlˈijːa liʔuntˤuːnˈijːa , buːkˈuːs ʔ buːɡwˈudː maːɣaːdˈiːʃ jataːfˈaquː ʕˈalaː ʃakˈoːn jusˈaːnduː . buːkˈuːd tˈaːniː ɣˈaːdiː jusˈaːnid ɡaːjˈuːs ʔuːktˤaːwijˈuːs , lˈiː mˈin bˈaʕd ɣˈaːdiː juwˈalːiː ʔoːɡustˈuːs qˈeːsˤar , mˈiː buːɡwˈudː sˈaːnid maːrkˈuːs ʔuntˤuːnjˈuːs ʔ kuljuːpˈaːtraː sˈaːbiʕa fajaliːpaːtˤˈuːr limulˈijka d mˈisˤr . f θamaːnija wa θalaːθuːn q . mː . buːkˈuːs tˈaːniː ɣaːdˈijː jˈahrif ʕˈalaː mamlˈaka xˈuːh ʔ juwˈalːiː limaːlˈiːk dijˈaːl muːriːtˤaːnˈijːa kuːlˈuhaː ħitˈaːl θalaːθa wa θalaːθuːn q . m . fˈaːʃ ɣˈaːdiː jamˈuːt .
لعرش ديال موريطانية هنا بقا خاوي حتال 25 ق.م. فاش لإمبراطور رّوماني أوݣوستوس قيصر غادي يعطي لحكم لصاحبو ؤ عشيرو يوبا ؤ مراتو كليوپاطرا سيليني بنت كليوپاطرا سّابعة.	liʕˈarʃ dajˈaːl muːriːtˤaːnˈijːa hˈunaː bˈaqaː xˈaːwiː ħitˈaːl xamsa wa ʕiʃruːn q . mː . fˈaːʃ liʔimbiraːtˤˈuːr ruːmaːnˈijː ʔoːɡustˈuːs qˈeːsˤar ɣaːdˈijː jˈuʕtˤiː liħˈukm lisˤaːħˈibuː ʔ ʕuʃˈiːruː jˈuːbaː ʔ marˈaːtuː kuljuːpˈaːtˤraː siːlˈiːniː bˈint kuljuːpˈaːtˤraː sˈaːbiʕa .
و ملي ولا يوبا فعمر 19 عام تقريبا، مشا مع أوكتاف للشرق فرْبيع تاع عام 31 ق.م و شارك فالحرب تماك فجنب رّومان ضد أنتوني و كيليوباطرا و رجع بعد تلت سنين تقريبا فشهر غشت من عام 29 ق.م.	w malˈijː wˈalaː jˈuːbaː faʕˈumar tisʕata ʕaʃar ʕˈaːm taqrˈiːbaː , mˈiʃːaː mˈaʕ ʔawaktˈaːf liʃːˈarq farabˈiːʕ tˈaːʕ ʕˈaːm waːħid wa θalaːθuːn q . mː w ʃˈaːrak falħˈarb tamˈaːk faʒˈunub ruːmˈaːn dˤˈidː ʔantˈuːniː w kiːljuːbˈaːtˤraː w rˈaʒaʕ bˈaʕd tˈalat sinˈiːn taqrˈiːbaː faʃˈahr ɣˈaʃːat mˈin ʕˈaːm tisʕa wa ʕiʃruːn q . mː .
