虎，也叫老虎，係體形最大嗰貓科動物，也係亞洲特有嗰物種。但而今箇隻物種快要滅絕嘍。	fu˨˩˧ , ia˨˩˧ t͡ɕiɛu˧˥ lau˨˦ ˈfu˨˩˧ , tʰi˨˩˧ ɕin˧˥ t͡sui˧˥ tʰai˩˩ mau˧˥ kʰuo˦˨ tʰuŋ˩˩ ut̚˥ , ia˨˩˧ ˈŋa˩˧ t͡sɨu˦˨ tʰɛt̚˥ iu˨˩˧ ut̚˥ . ɵ˧˥ t͡ɕin˨ t͡saʔ˥ ut̚˥ kʰuai˨˩˧ iɛu˦˨ miɛt̚˥ t͡ɕʰyɵt̚˨ .
萍鄉地區人類居住的歷史可追溯到舊石器時代，在蘆溪縣宣風鎮竹山園發現有舊石器時代遺址。蘆溪縣新泉、宣風、虹橋，上栗縣施家台、桐木荊坪、赤山大寶山等地均發現有新石器時代遺址。今萍鄉經濟開發區田中管理處境內發現商周古城，稱“譚台”，《江西省志》將其列為江西在商代的三座古城之一。[6] 在蘆溪的舊縣城以前被稱為“甘卓壘”，東晉元帝太興元年318年），陳敏于江東僭稱王，晉元帝司馬睿遣鎮南將軍陶侃水陸二道來伐，又讓甘卓領兵至萍鄉縣東築壘，連接五所，所以舊縣城也被稱為甘卓壘。[7] 孫中山領導的同盟會于1906年12月發動了萍瀏醴起義，揭開了辛亥革命的序幕。1922年9月，劉少奇、李立三等在此領導了舉世聞名的安源路礦工人大罷工，萍鄉成為中國工人運動的策源地。同時也是秋收起義的策源地。萍鄉也是中國最早的重工業基地之一。	ɕiɔŋ˦˨ tʰi˩˩ t͡ɕʰy˦˨ n̠ʲin˧˥ lui˩˩ t͡ɕʰy˩˩ tit̚˥ lit̚˥ ˈsz̩˨˩˧ t͡sui˦˨ tau˧˥ t͡ɕʰiu˩˩ saʔ˨ t͡ɕʰi˨˩˧ sz̩˧˥ tʰai˩˩ , t͡sʰai˩˩ t͡ɕʰi˦˨ ɕiɛn˩˩ ɕyɵn˦˨ fuŋ˦˨ t͡ɕin˧˥ t͡suʔ˥ san˦˨ yɵn˧˥ ɕiɛn˩˩ iu˨˩˧ t͡ɕʰiu˩˩ saʔ˨ t͡ɕʰi˨˩˧ sz̩˧˥ tʰai˩˩ i˧˥ . t͡ɕʰi˦˨ ɕiɛn˩˩ ɕin˦˨ t͡ɕʰyɵn˨˦ , ɕyɵn˦˨ fuŋ˦˨ , kɔŋ˧˥ t͡ɕʰiɛu˨˦ , sɔŋ˩˩ ɕiɛn˩˩ sz̩˦˨ ka˦˨ tʰai˨˦ , tʰuŋ˨˦ muʔ˥ , t͡sʰɨt̚˥ san˦˨ tʰai˩˩ san˦˨ tɛn˨˩˧ tʰi˩˩ t͡ɕyn˦˨ ɕiɛn˩˩ iu˨˩˧ ɕin˦˨ saʔ˨ t͡ɕʰi˨˩˧ sz̩˧˥ tʰai˩˩ i˧˥ . t͡ɕin˦˨ ɕiɔŋ˦˨ t͡ɕiaŋ˦˨ kʰai˦˨ t͡ɕʰy˦˨ tʰiɛn˨˦ t͡suŋ˦˨ kuɵn˨˩˧ li˨˩˧ lui˩˩ ɕiɛn˩˩ t͡sɨu˦˨ ku˨˩˧ saŋ˧˥ , tʰai˨˦ , kɔŋ˦˨ ɕi˦˨ t͡sz̩˧˥ t͡ɕʰi˨˦ liɛt̚˥ kɔŋ˦˨ ɕi˦˨ t͡sʰai˩˩ tʰai˩˩ tit̚˥ san˦˨ ku˨˩˧ saŋ˧˥ t͡sz̩˦˨ it̚˥ . liuʔ˥ t͡sʰai˩˩ t͡ɕʰi˦˨ tit̚˥ t͡ɕʰiu˩˩ ɕiɛn˩˩ saŋ˧˥ i˨˩˧ t͡ɕʰiɛn˨˦ pʰi˩˩ kɵn˦˨ , tuŋ˦˨ t͡ɕin˧˥ n̠ʲyɵn˧˥ ti˧˥ tʰai˨˩˧ ɕin˦˨ n̠ʲyɵn˧˥ n̠ʲiɛn˧˥ san˦˨ paʔ˥ it̚˥ sɨt̚˨ pat̚˥ n̠ʲiɛn˧˥ , t͡sʰɨn˨˦ min˨˩˧ kɔŋ˦˨ tuŋ˦˨ uɔŋ˧˥ , t͡ɕin˧˥ n̠ʲyɵn˧˥ ti˧˥ ma˨˩˧ t͡ɕin˧˥ lan˧˥ t͡ɕyn˦˨ tʰau˨˦ sui˨˩˧ luʔ˥ ɵ˩˩ tʰau˩˩ lai˧˥ fat̚˥ , iu˩˩ kɵn˦˨ liaŋ˨˩˧ pin˦˨ t͡sz̩˧˥ ɕiɔŋ˦˨ ɕiɛn˩˩ tuŋ˦˨ , t͡ɕiɛt̚˥ ŋ̍˨˩˧ so˨˩˧ , so˨˩˧ i˨˩˧ t͡ɕʰiu˩˩ ɕiɛn˩˩ saŋ˧˥ ia˨˩˧ pʰi˩˩ kɵn˦˨ . t͡ɕʰit̚˥ sun˦˨ t͡suŋ˦˨ san˦˨ liaŋ˨˩˧ tit̚˥ tʰuŋ˨˦ min˧˥ fɨi˩˩ it̚˥ t͡ɕiu˨˩˧ lin˧˥ liuʔ˥ n̠ʲiɛn˧˥ sɨt̚˨ ɵ˩˩ n̠ʲyɵt̚˨ tʰuŋ˩˩ liɛu t͡ɕʰi˨˩˧ n̠ʲi˩˩ , t͡ɕiɛt̚˥ kʰai˦˨ liɛu ɕin˦˨ kiɛt̚˥ miaŋ˩˩ tit̚˥ ɕy˩˩ . it̚˥ t͡ɕiu˨˩˧ ɵ˩˩ ɵ˩˩ n̠ʲiɛn˧˥ t͡ɕiu˨˩˧ n̠ʲyɵt̚˨ , sɛu˨˩˧ t͡ɕʰi˨˦ , li˨˩˧ lit̚˥ san˦˨ tɛn˨˩˧ t͡sʰai˩˩ liaŋ˨˩˧ liɛu t͡ɕy˨˩˧ sz̩˧˥ un˧˥ miaŋ˧˥ tit̚˥ ŋɵn˦˨ lu˩˩ ˈkuŋ˦˨ lɨn˧˥ tʰai˩˩ kuŋ˦˨ , ɕiɔŋ˦˨ saŋ˧˥ t͡suŋ˦˨ kuɛt̚˥ ˈkuŋ˦˨ lɨn˧˥ yn˩˩ tʰuŋ˩˩ tit̚˥ t͡sʰɛt̚˥ tʰi˩˩ . tʰuŋ˨˦ sz̩˧˥ ia˨˩˧ sz̩˩˩ t͡ɕʰiu˦˨ ɕiu˦˨ t͡ɕʰi˨˩˧ n̠ʲi˩˩ tit̚˥ t͡sʰɛt̚˥ tʰi˩˩ . ɕiɔŋ˦˨ ia˨˩˧ sz̩˩˩ t͡suŋ˦˨ kuɛt̚˥ t͡sui˧˥ t͡sau˨˩˧ tit̚˥ kuŋ˦˨ n̠ʲiɛt̚˥ t͡ɕi˦˨ tʰi˩˩ t͡sz̩˦˨ it̚˥ .
江右語：話贛語嘅人大部分居到長江嘅南首，咁贛語就有嘞「江右語」嘅稱呼。明代袁子讓到佢嘅《字學元元》話到：「江右音或以朝為刁，以晝為丟去聲，蓋誤知於端也。」	kɔŋ˦˨ iu˩˩ n̠ʲy˨˩˧ , ua˩˩ kɵn˧˥ n̠ʲy˨˩˧ n̠ʲin˧˥ tʰai˩˩ pʰu˩˩ fɨn˦˨ tau˧˥ t͡sʰɔŋ˨˦ kɔŋ˦˨ lan˧˥ , kɵn˧˥ n̠ʲy˨˩˧ t͡ɕʰiu˩˩ iu˨˩˧ kɔŋ˦˨ iu˩˩ n̠ʲy˨˩˧ . min˧˥ tʰai˩˩ t͡sz̩˨˩˧ tau˧˥ t͡ɕʰie˨˦ t͡sʰz̩˨˦ hɔʔ˨ n̠ʲyɵn˧˥ n̠ʲyɵn˧˥ ua˩˩ tau˧˥ , kɔŋ˦˨ iu˩˩ in˦˨ fɛt̚˥ i˨˩˧ t͡sʰɛu˨˦ , i˨˩˧ t͡sɨu˧˥ tiu˦˨ t͡ɕʰie˨˩˧ saŋ˦˨ , u˩˩ t͡sz̩˦˨ tɵn˦˨ ia˨˩˧ .
不送氣去聲清聲母字歸陽平，送氣去聲清聲母字歸上聲，去聲濁聲母字為去聲，南昌（塔城）、新建、安義屬於這一種。	pɨt̚˥ suŋ˧˥ t͡ɕʰi˨˩˧ t͡ɕʰie˨˩˧ saŋ˦˨ t͡ɕʰin˦˨ saŋ˦˨ mu˨˩˧ t͡sʰz̩˨˦ kui˦˨ iɔŋ˧˥ pʰiaŋ˨˦ , suŋ˧˥ t͡ɕʰi˨˩˧ t͡ɕʰie˨˩˧ saŋ˦˨ t͡ɕʰin˦˨ saŋ˦˨ mu˨˩˧ t͡sʰz̩˨˦ kui˦˨ sɔŋ˩˩ saŋ˦˨ , t͡ɕʰie˨˩˧ saŋ˦˨ saŋ˦˨ mu˨˩˧ t͡sʰz̩˨˦ t͡ɕʰie˨˩˧ saŋ˦˨ , lan˧˥ t͡sʰɔŋ˦˨ tʰa˨˩˧ saŋ˧˥ , ɕin˦˨ t͡ɕiɛn˧˥ , ŋɵn˦˨ n̠ʲi˩˩ it̚˥ .
鎮：泉江鎮、雩田鎮、碧洲鎮、草林鎮、堆子前鎮、左安鎮、高坪鎮、大汾鎮、衙前鎮、禾源鎮、湯湖鎮	t͡ɕin˧˥ , t͡ɕʰyɵn˨˦ kɔŋ˦˨ t͡ɕin˧˥ , tʰiɛn˨˦ t͡ɕin˧˥ , pit̚˥ t͡sɨu˦˨ t͡ɕin˧˥ , t͡sʰau˨˩˧ lin˧˥ t͡ɕin˧˥ , tui˦˨ t͡sz̩˨˩˧ t͡ɕʰiɛn˨˦ t͡ɕin˧˥ , t͡so˨˩˧ ŋɵn˦˨ t͡ɕin˧˥ , kau˦˨ t͡ɕin˧˥ , tʰai˩˩ t͡ɕin˧˥ , ŋa˧˥ t͡ɕʰiɛn˨˦ t͡ɕin˧˥ , uo˧˥ t͡ɕin˧˥ , tʰɔŋ˦˨ fu˧˥ t͡ɕin˧˥
萬里長城係話中國嗰明長城，佢由東頭鴨綠江嗰虎山長城，一逕到西頭嗰嘉峪關，全長7300喇公里，合14600里，𠵹就叫做萬里長城。長城平均高六到七米、闊四到五米，係中國古代浩大嗰軍事防禦工程。	uan˩˩ li˨˩˧ t͡sʰɔŋ˨˦ saŋ˧˥ ua˩˩ t͡suŋ˦˨ kuɛt̚˥ min˧˥ t͡sʰɔŋ˨˦ saŋ˧˥ , t͡ɕʰie˨˦ i˧˥ tuŋ˦˨ tʰɛu˨˦ ŋat̚˥ liuʔ˥ kɔŋ˦˨ fu˨˩˧ san˦˨ t͡sʰɔŋ˨˦ saŋ˧˥ , it̚˥ tau˧˥ ɕi˦˨ tʰɛu˨˦ kuan˦˨ , t͡ɕʰyɵn˨˦ t͡sʰɔŋ˨˦ t͡ɕʰit̚˥ t͡ɕʰiɛn˦˨ san˦˨ paʔ˥ kuŋ˦˨ li˨˩˧ , hɵt̚˨ it̚˥ uan˩˩ sz̩˧˥ t͡ɕʰiɛn˦˨ liuʔ˥ paʔ˥ li˨˩˧ , t͡ɕʰiu˩˩ t͡ɕiɛu˧˥ t͡su˧˥ uan˩˩ li˨˩˧ t͡sʰɔŋ˨˦ saŋ˧˥ . t͡sʰɔŋ˨˦ saŋ˧˥ pʰiaŋ˨˦ t͡ɕyn˦˨ kau˦˨ liuʔ˥ tau˧˥ t͡ɕʰit̚˥ mi˨˩˧ , kʰuɵt̚˥ sz̩˧˥ tau˧˥ ŋ̍˨˩˧ mi˨˩˧ , t͡suŋ˦˨ kuɛt̚˥ ku˨˩˧ tʰai˩˩ hau˩˩ tʰai˩˩ t͡ɕyn˦˨ sz̩˩˩ fɔŋ˧˥ kuŋ˦˨ .
考古學研究得知，新石器時代嗰中國多元並立：約西元前5000年到3000年前嗰豫、冀南、隴南同到晉南出現用紅陶、彩陶，食粟，養家畜嗰仰韶文化；大約同期，浙江北就有河姆渡文化；山東有大汶口文化。	kʰau˨˩˧ ku˨˩˧ hɔʔ˨ n̠ʲiɛn˨˩˧ t͡ɕiu˧˥ tɛt̚˥ t͡sz̩˦˨ , ɕin˦˨ saʔ˨ t͡ɕʰi˨˩˧ sz̩˧˥ tʰai˩˩ t͡suŋ˦˨ kuɛt̚˥ to˦˨ n̠ʲyɵn˧˥ lit̚˥ , iɔʔ˥ ɕi˦˨ n̠ʲyɵn˧˥ t͡ɕʰiɛn˨˦ ŋ̍˨˩˧ t͡ɕʰiɛn˦˨ n̠ʲiɛn˧˥ tau˧˥ san˦˨ t͡ɕʰiɛn˦˨ n̠ʲiɛn˧˥ t͡ɕʰiɛn˨˦ , lan˧˥ , lan˧˥ tʰuŋ˨˦ tau˧˥ t͡ɕin˧˥ lan˧˥ t͡sʰɨt̚˥ ɕiɛn˩˩ iuŋ˩˩ fuŋ˧˥ tʰau˨˦ , tʰau˨˦ , sɨt̚˨ , ka˦˨ un˧˥ fa˧˥ , tʰai˩˩ iɔʔ˥ tʰuŋ˨˦ , t͡sɛt̚˥ kɔŋ˨ pɛt̚˥ t͡ɕʰiu˩˩ iu˨˩˧ ho˨˦ un˧˥ fa˧˥ , san˦˨ tuŋ˦˨ iu˨˩˧ tʰai˩˩ kʰiɛu˨˩˧ un˧˥ fa˧˥ .
東漢嗰發展延續嘞西漢嗰傳統，出現嘞發明渾天儀同候風地動儀嗰天文學家張衡。文化發展方面，東漢吸取嘞秦國嗰教訓，顯得相當開明。當時佛教通過西域到達中國，河南洛陽就修建嘞中國嗰首隻佛教寺廟——白馬寺，標誌到佛教正式傳入中國。	tuŋ˦˨ t͡sɛn˨˩˧ ɕi˦˨ tʰuŋ˨˩˧ , t͡sʰɨt̚˥ ɕiɛn˩˩ min˧˥ tʰiɛn˦˨ tʰuŋ˨˦ hɛu˩˩ fuŋ˦˨ tʰi˩˩ tʰuŋ˩˩ tʰiɛn˦˨ un˧˥ hɔʔ˨ ka˦˨ t͡sɔŋ˦˨ . un˧˥ fa˧˥ t͡sɛn˨˩˧ fɔŋ˦˨ miɛn˩˩ , tuŋ˦˨ ɕit̚˥ t͡ɕʰy˨˩˧ kuɛt̚˥ kau˧˥ ɕin˨˩˧ , tɛt̚˥ ɕiɔŋ˧˥ tɔŋ˦˨ kʰai˦˨ min˧˥ . tɔŋ˦˨ sz̩˧˥ fɨt̚˨ kau˧˥ tʰuŋ˦˨ kuo˧˥ ɕi˦˨ tau˧˥ tʰaʔ˨ t͡suŋ˦˨ kuɛt̚˥ , ho˨˦ lan˧˥ lɔʔ˥ iɔŋ˧˥ t͡ɕʰiu˩˩ ɕiu˦˨ t͡ɕiɛn˧˥ t͡suŋ˦˨ kuɛt̚˥ t͡saʔ˥ fɨt̚˨ kau˧˥ sz̩˩˩ miɛu˩˩ pʰaʔ˨ ma˨˩˧ sz̩˩˩ , tau˧˥ fɨt̚˨ kau˧˥ sɨt̚˥ lɨt̚˥ t͡suŋ˦˨ kuɛt̚˥ .
鴉片戰爭持續到一年後，1841年8月英軍抵達南京，清廷怫英軍會進攻北京，立馬求和。1842年8月29日，兩國簽署《南京條約》，割讓香港島，開放上海、廣州、廈門、福州同寧波作為通商口岸，還要賠償款銀（西班牙銀圓）2100萬元。之後1844年，美國同法國分別同清廷簽訂《望廈條約》同《黃埔條約》。	ŋa˦˨ pʰiɛn˨˩˧ t͡sɛn˧˥ t͡saŋ˦˨ tau˧˥ it̚˥ n̠ʲiɛn˧˥ hɛu˩˩ , it̚˥ pat̚˥ sz̩˧˥ it̚˥ n̠ʲiɛn˧˥ pat̚˥ n̠ʲyɵt̚˨ in˦˨ t͡ɕyn˦˨ ti˨˩˧ tʰaʔ˨ lan˧˥ t͡ɕin˦˨ , t͡ɕʰin˦˨ in˦˨ t͡ɕyn˦˨ fɨi˩˩ t͡sin˧˥ pɛt̚˥ t͡ɕin˦˨ , lit̚˥ ma˨˩˧ t͡ɕʰiu˨˦ fo˧˥ . it̚˥ pat̚˥ sz̩˧˥ ɵ˩˩ n̠ʲiɛn˧˥ pat̚˥ n̠ʲyɵt̚˨ ɵ˩˩ sɨt̚˨ t͡ɕiu˨˩˧ n̠ʲit̚˥ , kuɛt̚˥ lan˧˥ t͡ɕin˦˨ tʰiɛu˨˦ iɔʔ˥ , ɕiɔŋ˦˨ kɔŋ˨˩˧ tau˨˩˧ , kʰai˦˨ fɔŋ˧˥ sɔŋ˩˩ hai˨˩˧ , kuɔŋ˨˩˧ t͡sɨu˦˨ , ˈha˩˩ mɨn˧˥ , fuʔ˥ t͡sɨu˦˨ tʰuŋ˨˦ lin˧˥ po˦˨ t͡sɔʔ˥ tʰuŋ˦˨ kʰiɛu˨˩˧ ŋɵn˩˩ , uan˧˥ iɛu˦˨ n̠ʲin˧˥ ɕi˦˨ pan˦˨ ŋa˧˥ n̠ʲin˧˥ yɵn˧˥ ɵ˩˩ t͡ɕʰiɛn˦˨ it̚˥ paʔ˥ uan˩˩ n̠ʲyɵn˧˥ . t͡sz̩˦˨ ˈhɛu˩˩ it̚˥ pat̚˥ sz̩˧˥ sz̩˧˥ n̠ʲiɛn˧˥ , mi˨˩˧ kuɛt̚˥ tʰuŋ˨˦ fat̚˥ kuɛt̚˥ fɨn˦˨ pʰiɛt̚˥ tʰuŋ˨˦ t͡ɕʰin˦˨ mɔŋ˩˩ tʰiɛu˨˦ iɔʔ˥ tʰuŋ˨˦ uɔŋ˧˥ tʰiɛu˨˦ iɔʔ˥ .
范文瀾：《中國近代史》，北京：人民出版社，1962年，統一書號 11001241	fan˩˩ un˧˥ , t͡suŋ˦˨ kuɛt̚˥ t͡ɕʰin˩˩ tʰai˩˩ sz̩˨˩˧ , pɛt̚˥ t͡ɕin˦˨ , lɨn˧˥ min˧˥ t͡sʰɨt̚˥ sa˩˩ , it̚˥ t͡ɕiu˨˩˧ liuʔ˥ ɵ˩˩ n̠ʲiɛn˧˥ , tʰuŋ˨˩˧ it̚˥ ɕy˦˨ hau˩˩ it̚˥ t͡ɕʰiɛn˦˨ it̚˥ paʔ˥ uan˩˩ it̚˥ t͡ɕʰiɛn˦˨ ɵ˩˩ paʔ˥ sz̩˧˥ sɨt̚˨ it̚˥
大戰嗰扭轉點係1941年12月7號七點五十五分（夏威夷時間），日本發動偷襲珍珠港，美國太平洋艦隊40喇隻戰艦、450架飛機拕摧毀，4500多美兵傷亡。之後嗰幾日，美國總統羅斯福到華盛頓宣佈向日本正式宣戰，係美國正式參與大戰。冇吖子，英國、中國、澳大利亞、新西蘭、加拿大等二十多隻國家先後對日本宣戰，真正嗰「世界」大戰算係正式爆發喇！	tʰai˩˩ t͡sɛn˧˥ t͡sɵn˨˩˧ tiɛn˨˩˧ it̚˥ t͡ɕiu˨˩˧ sz̩˧˥ it̚˥ n̠ʲiɛn˧˥ sɨt̚˨ ɵ˩˩ n̠ʲyɵt̚˨ t͡ɕʰit̚˥ hau˩˩ t͡ɕʰit̚˥ tiɛn˨˩˧ ŋ̍˨˩˧ sɨt̚˨ ŋ̍˨˩˧ fɨn˦˨ ha˩˩ ui˦˨ sz̩˧˥ kan˨ , n̠ʲit̚˥ pɨn˨˩˧ tʰuŋ˩˩ kɔŋ˨˩˧ , mi˨˩˧ kuɛt̚˥ tʰai˨˩˧ pʰiaŋ˨˦ iɔŋ˧˥ kan˧˥ sz̩˧˥ sɨt̚˨ t͡saʔ˥ t͡sɛn˧˥ kan˧˥ , sz̩˧˥ paʔ˥ ŋ̍˨˩˧ sɨt̚˨ fɨi˦˨ t͡ɕi˦˨ fɨi˨˩˧ , sz̩˧˥ t͡ɕʰiɛn˦˨ ŋ̍˨˩˧ paʔ˥ to˦˨ mi˨˩˧ pin˦˨ sɔŋ˦˨ . t͡sz̩˦˨ ˈhɛu˩˩ t͡ɕi˨˩˧ n̠ʲit̚˥ , mi˨˩˧ kuɛt̚˥ tʰuŋ˨˩˧ lo˧˥ sz̩˦˨ fuʔ˥ tau˧˥ fa˧˥ tɨn˧˥ ɕyɵn˦˨ n̠ʲit̚˥ pɨn˨˩˧ sɨt̚˥ ɕyɵn˦˨ t͡sɛn˧˥ , mi˨˩˧ kuɛt̚˥ sɨt̚˥ tʰai˩˩ t͡sɛn˧˥ . t͡sz̩˨˩˧ , in˦˨ kuɛt̚˥ , t͡suŋ˦˨ kuɛt̚˥ , tʰai˩˩ li˩˩ ŋa˨˩˧ , ɕin˦˨ ɕi˦˨ lan˧˥ , la˧˥ tʰai˩˩ tɛn˨˩˧ ɵ˩˩ sɨt̚˨ to˦˨ t͡saʔ˥ kuɛt̚˥ ka˦˨ ɕiɛn˦˨ hɛu˩˩ n̠ʲit̚˥ pɨn˨˩˧ ɕyɵn˦˨ t͡sɛn˧˥ , t͡sɨn˦˨ sz̩˧˥ kai˧˥ tʰai˩˩ t͡sɛn˧˥ sɵn˧˥ sɨt̚˥ !
九一一事件，簡稱「九一一」，係2001年9月11日發生到美國本土，通過綁架多隻民航飛機為到𢿤倒世貿大廈嗰自殺式恐怖襲擊。事件中攏共2,986人死亡，美國紐約嗰世界貿易中心雙塔等六隻建築拕全部摧毀，別嗰二十三棟高樓受損，美國國防部總部嗰所在五角大樓也受到攻擊，美國經濟一度沉迷。箇也係之後全球範圍嗰反恐行動的起頭。	t͡ɕiu˨˩˧ it̚˥ it̚˥ sz̩˩˩ t͡ɕʰiɛn˩˩ , t͡ɕiu˨˩˧ it̚˥ it̚˥ , ɵ˩˩ lin˧˥ lin˧˥ it̚˥ n̠ʲiɛn˧˥ t͡ɕiu˨˩˧ n̠ʲyɵt̚˨ sɨt̚˨ it̚˥ n̠ʲit̚˥ saŋ˦˨ tau˧˥ mi˨˩˧ kuɛt̚˥ pɨn˨˩˧ tʰu˨˩˧ , tʰuŋ˦˨ kuo˧˥ pɔŋ˨˩˧ to˦˨ t͡saʔ˥ min˧˥ fɨi˦˨ t͡ɕi˦˨ tau˧˥ tau˨˩˧ sz̩˧˥ tʰai˩˩ t͡sʰz̩˩˩ saʔ˥ sɨt̚˥ . sz̩˩˩ t͡ɕʰiɛn˩˩ t͡suŋ˦˨ t͡ɕʰiuŋ˩˩ ɵ˩˩ t͡ɕʰiɛn˦˨ t͡ɕiu˨˩˧ paʔ˥ pat̚˥ sɨt̚˨ liuʔ˥ n̠ʲin˧˥ sz̩˨˩˧ , mi˨˩˧ kuɛt̚˥ iɔʔ˥ sz̩˧˥ kai˧˥ t͡suŋ˦˨ ɕin˦˨ sɔŋ˦˨ tʰa˨˩˧ tɛn˨˩˧ liuʔ˥ t͡saʔ˥ t͡ɕiɛn˧˥ t͡ɕʰyɵn˨˦ pʰu˩˩ fɨi˨˩˧ , pʰiɛt̚˥ ɵ˩˩ sɨt̚˨ san˦˨ kau˦˨ lɛu˧˥ ɕiu˩˩ , mi˨˩˧ kuɛt̚˥ kuɛt̚˥ fɔŋ˧˥ pʰu˩˩ pʰu˩˩ so˨˩˧ t͡sʰai˩˩ ŋ̍˨˩˧ kɔʔ˥ tʰai˩˩ lɛu˧˥ ia˨˩˧ ɕiu˩˩ tau˧˥ , mi˨˩˧ kuɛt̚˥ t͡ɕiaŋ˦˨ it̚˥ t͡sʰɨn˨˦ mi˧˥ . ia˨˩˧ t͡sz̩˦˨ ˈhɛu˩˩ t͡ɕʰyɵn˨˦ t͡ɕʰiu˨˦ fan˩˩ fan˨˩˧ hɛn˨˦ tʰuŋ˩˩ tit̚˥ t͡ɕʰi˨˩˧ tʰɛu˨˦ .
元素週期表係一隻以圖表去展示化學元素嗰方法，係俄羅斯化學家門捷列夫到1869年首先提議嗰。門捷列夫發現有滴元素，有相似嗰化學性質，而且哈係隔到一定數目嗰元素之後，又重複返回頭隻元素嗰化學性質，故係佢就搦元素用表排到一齊。元素週期表伓單只用到化學上，就連物理、生物、工程學同到工業都有好廣泛嗰應用。	n̠ʲyɵn˧˥ su˧˥ piɛu˨˩˧ it̚˥ t͡saʔ˥ i˨˩˧ piɛu˨˩˧ t͡ɕʰie˨˩˧ t͡sɛn˨˩˧ sz̩˩˩ fa˧˥ hɔʔ˨ n̠ʲyɵn˧˥ su˧˥ fɔŋ˦˨ fat̚˥ , lo˧˥ sz̩˦˨ fa˧˥ hɔʔ˨ ka˦˨ mɨn˧˥ liɛt̚˥ tau˧˥ it̚˥ pat̚˥ liuʔ˥ t͡ɕiu˨˩˧ n̠ʲiɛn˧˥ ɕiɛn˦˨ tʰia˨˦ . mɨn˧˥ liɛt̚˥ ɕiɛn˩˩ iu˨˩˧ n̠ʲyɵn˧˥ su˧˥ , iu˨˩˧ ɕiɔŋ˧˥ fa˧˥ hɔʔ˨ t͡sɨt̚˥ , ɵ˧˥ tau˧˥ it̚˥ tʰiaŋ˩˩ su˨˩˧ muʔ˥ n̠ʲyɵn˧˥ su˧˥ t͡sz̩˦˨ ˈhɛu˩˩ , iu˩˩ fɨi˧˥ tʰɛu˨˦ t͡saʔ˥ n̠ʲyɵn˧˥ su˧˥ fa˧˥ hɔʔ˨ t͡sɨt̚˥ , t͡ɕʰie˨˦ t͡ɕʰiu˩˩ n̠ʲyɵn˧˥ su˧˥ iuŋ˩˩ piɛu˨˩˧ pʰai˨˦ tau˧˥ it̚˥ . n̠ʲyɵn˧˥ su˧˥ piɛu˨˩˧ tan˦˨ t͡sɨt̚˥ iuŋ˩˩ tau˧˥ fa˧˥ hɔʔ˨ sɔŋ˩˩ , t͡ɕʰiu˩˩ ut̚˥ li˨˩˧ , saŋ˦˨ ut̚˥ , kuŋ˦˨ hɔʔ˨ tʰuŋ˨˦ tau˧˥ kuŋ˦˨ n̠ʲiɛt̚˥ tu˦˨ iu˨˩˧ hau˨˩˧ kuɔŋ˨˩˧ fan˩˩ iuŋ˩˩ .
根據國際水文局嗰定義，南海係東北-西南走向，佢嗰南首位到南緯三度，南蘇門達拉同到加裡曼丹之間，北首跟東北嗰廣東、廣西、福建同台灣，西頭就到菲律賓群島，西南至越南同到馬來半島，通過巴士海峽、蘇祿海同馬六甲海峽連接太平洋同埋印度洋。南海係世界第三大嗰陸緣海，佢就位到珊瑚海同到阿拉伯海後頭，面積大概有356萬平方公里，平均水深大約係1212米，最深處係中部嗰深海平原，達5567米。	kiɛn˦˨ kuɛt̚˥ sui˨˩˧ un˧˥ t͡ɕiuʔ˨ tʰiaŋ˩˩ n̠ʲi˩˩ , lan˧˥ hai˨˩˧ tuŋ˦˨ pɛt̚˥ ɕi˦˨ lan˧˥ t͡sɛu˨˩˧ , t͡ɕʰie˨˦ lan˧˥ ui˩˩ tau˧˥ lan˧˥ san˦˨ , lan˧˥ su˦˨ mɨn˧˥ tʰaʔ˨ la˦˨ tʰuŋ˨˦ tau˧˥ li˨˩˧ t͡sz̩˦˨ kan˦˨ , pɛt̚˥ kiɛn˦˨ tuŋ˦˨ pɛt̚˥ kuɔŋ˨˩˧ tuŋ˦˨ , kuɔŋ˨˩˧ ɕi˦˨ , fuʔ˥ t͡ɕiɛn˨ tʰuŋ˨˦ tʰai˨˦ uan˦˨ , ɕi˦˨ tʰɛu˨˦ t͡ɕʰiu˩˩ tau˧˥ lit̚˥ pin˦˨ tau˨˩˧ , ɕi˦˨ lan˧˥ t͡sz̩˧˥ yɵt̚˥ lan˧˥ tʰuŋ˨˦ tau˧˥ ma˨˩˧ lai˧˥ pɵn˧˥ tau˨˩˧ , tʰuŋ˦˨ kuo˧˥ pa˦˨ sz̩˩˩ hai˨˩˧ , su˦˨ hai˨˩˧ tʰuŋ˨˦ ma˨˩˧ liuʔ˥ kaʔ˥ hai˨˩˧ t͡ɕiɛt̚˥ tʰai˨˩˧ pʰiaŋ˨˦ iɔŋ˧˥ tʰuŋ˨˦ mai˧˥ in˧˥ iɔŋ˧˥ . lan˧˥ hai˨˩˧ sz̩˧˥ kai˧˥ tʰi˩˩ san˦˨ tʰai˩˩ luʔ˥ hai˨˩˧ , t͡ɕʰie˨˦ t͡ɕʰiu˩˩ ui˩˩ tau˧˥ hai˨˩˧ tʰuŋ˨˦ tau˧˥ la˦˨ hai˨˩˧ hɛu˩˩ tʰɛu˩ , miɛn˩˩ tʰai˩˩ kʰai˨˩˧ iu˨˩˧ san˦˨ paʔ˥ ŋ̍˨˩˧ sɨt̚˨ liuʔ˥ uan˩˩ pʰiaŋ˨˦ fɔŋ˦˨ kuŋ˦˨ li˨˩˧ , pʰiaŋ˨˦ t͡ɕyn˦˨ sui˨˩˧ sɨn˦˨ tʰai˩˩ iɔʔ˥ it̚˥ t͡ɕʰiɛn˦˨ ɵ˩˩ paʔ˥ it̚˥ sɨt̚˨ ɵ˩˩ mi˨˩˧ , t͡sui˧˥ sɨn˦˨ t͡suŋ˦˨ pʰu˩˩ sɨn˦˨ hai˨˩˧ pʰiaŋ˨˦ n̠ʲyɵn˧˥ , tʰaʔ˨ ŋ̍˨˩˧ t͡ɕʰiɛn˦˨ ŋ̍˨˩˧ paʔ˥ liuʔ˥ sɨt̚˨ t͡ɕʰit̚˥ mi˨˩˧ .
太宗開始外征許時間嗰北方嗰強國突厥並讓蒙古高原置於佢嗰支配下，北方民族搦天可汗箇隻天帝嗰稱號贈到佢。內治上確立嘍影響中國之後非常長嗰時間嗰政治理想形態「三省六部」同到宰相嗰制度，箇時間嗰政治係名氣忒高嗰貞觀之治。由佢嗰治世寫正書嗰『貞觀政要』一逕都係日本、朝鮮等國嗰帝王要學習多讀嗰教科書。	tʰai˨˩˧ t͡suŋ˦˨ kʰai˦˨ sz̩˨˩˧ uai˩˩ t͡sɨn˦˨ he˨˩ sz̩˩ kan˦˨ ˈpɛt̚˥ fɔŋ˦˨ t͡ɕʰiɔŋ˨˦ kuɛt̚˥ tʰɨt̚˥ muŋ˦˨ ku˨˩˧ kau˦˨ n̠ʲyɵn˧˥ t͡sz̩˧˥ t͡ɕʰie˨˦ t͡sz̩˦˨ ha˩˩ , ˈpɛt̚˥ fɔŋ˦˨ min˧˥ t͡sʰuʔ˥ tʰiɛn˦˨ hɵn˩˩ t͡saʔ˥ tʰiɛn˦˨ ti˧˥ hau˩˩ tau˧˥ t͡ɕʰie˨˦ . lui˩˩ t͡sʰz̩˩˩ sɔŋ˩˩ kʰɔʔ˥ lit̚˥ iaŋ˨˩˧ t͡suŋ˦˨ kuɛt̚˥ t͡sz̩˦˨ ˈhɛu˩˩ sɔŋ˧˥ t͡sʰɔŋ˨˦ sz̩˧˥ kan˨ t͡sɨn˧˥ t͡sʰz̩˩˩ li˨˩˧ ɕiɔŋ˨˩˧ ɕin˧˥ san˦˨ liuʔ˥ pʰu˩˩ tʰuŋ˨˦ tau˧˥ ˈt͡sai˩˧ ɕiɔŋ˧˥ t͡sz̩˧˥ , sz̩˧˥ kan˨ t͡sɨn˧˥ t͡sʰz̩˩˩ miaŋ˧˥ t͡ɕʰi˨˩˧ kau˦˨ t͡sɨn˦˨ t͡sz̩˦˨ t͡sʰz̩˩˩ . i˧˥ t͡ɕʰie˨˦ t͡sʰz̩˩˩ sz̩˧˥ ɕia˨˩˧ ɕy˦˨ t͡sɨn˦˨ t͡sɨn˧˥ iɛu˦˨ it̚˥ tu˦˨ n̠ʲit̚˥ pɨn˨˩˧ , t͡sʰɛu˨˦ ɕiɛn˦˨ tɛn˨˩˧ kuɛt̚˥ ti˧˥ uɔŋ˧˥ iɛu˦˨ hɔʔ˨ ɕit̚˥ to˦˨ tʰuʔ˨ kau˧˥ kʰuo˦˨ ɕy˦˨ .
坦克車，有時間光係叫坦克，係一隻有履帶，有裝甲嗰戰鬥車。佢靠直接開火對付敵軍。坦克車用嗰係有重裝甲，配上火力大嗰武器，可以到好多地形高速嗰行走。話係開架坦克車要好多錢，運費貴，但係現代戰場佢係所向披靡，靈活多變嗰，可以鎮攝步兵同到攻擊地面目標。	t͡sʰa˦˨ , iu˨˩ sz̩˩ kan˦˨ kuɔŋ˦˨ t͡ɕiɛu˧˥ , it̚˥ t͡saʔ˥ iu˨˩˧ li˨˩˧ , iu˨˩˧ t͡sɔŋ˦˨ kaʔ˥ t͡sɛn˧˥ t͡sʰa˦˨ . t͡ɕʰie˨˦ t͡sʰɨt̚˨ t͡ɕiɛt̚˥ kʰai˦˨ fo˨˩˧ fu˧˥ t͡ɕyn˦˨ . t͡sʰa˦˨ iuŋ˩˩ iu˨˩˧ t͡sɔŋ˦˨ kaʔ˥ , sɔŋ˩˩ fo˨˩˧ lit̚˥ tʰai˩˩ u˨˩˧ t͡ɕʰi˨˩˧ , i˨˩˧ tau˧˥ hau˨˩˧ to˦˨ tʰi˩˩ ɕin˧˥ kau˦˨ suʔ˥ hɛn˨˦ t͡sɛu˨˩˧ . ua˩˩ kʰai˦˨ t͡sʰa˦˨ iɛu˦˨ hau˨˩˧ to˦˨ t͡ɕʰiɛn˨˦ , yn˩˩ fɨi˧˥ kui˧˥ , ɕiɛn˩˩ tʰai˩˩ t͡sɛn˧˥ t͡sʰɔŋ˨˩˧ t͡ɕʰie˨˦ so˨˩˧ , uɵt̚˨ to˦˨ , i˨˩˧ t͡ɕin˧˥ ˈpʰu˩˩ pin˦˨ tʰuŋ˨˦ tau˧˥ tʰi˩˩ miɛn˩˩ muʔ˥ .
宗教係指當人類嗰社會發展到一定嗰階段，出現嗰一種文化現象。佢主要嗰特點係相信現實世界外還有別嗰神秘力量，箇種神秘力量有絕對嗰能力可以控制人類嗰社會方方面面。也就咁樣，每隻人又敬又怕箇種神秘，再就用一系列文化活動來表達自簡嗰信仰。	t͡suŋ˦˨ kau˧˥ t͡sz̩˨˩˧ tɔŋ˦˨ n̠ʲin˧˥ lui˩˩ sa˩˩ fɨi˩˩ t͡sɛn˨˩˧ tau˧˥ it̚˥ tʰiaŋ˩˩ tʰɵn˩˩ , t͡sʰɨt̚˥ ɕiɛn˩˩ it̚˥ un˧˥ fa˧˥ ɕiɛn˩˩ ɕiɔŋ˩˩ . t͡ɕʰie˨˦ t͡ɕy˨˩˧ iɛu˦˨ tʰɛt̚˥ tiɛn˨˩˧ ɕiɔŋ˧˥ ɕin˧˥ ɕiɛn˩˩ sɨt̚˥ sz̩˧˥ kai˧˥ uai˩˩ uan˧˥ iu˨˩˧ pʰiɛt̚˥ sɨn˦˨ pi˧˥ lit̚˥ liɔŋ˨ , sɨn˦˨ pi˧˥ lit̚˥ liɔŋ˨ iu˨˩˧ t͡ɕʰyɵt̚˨ lɛn˧˥ lit̚˥ i˨˩˧ t͡sz̩˧˥ n̠ʲin˧˥ lui˩˩ sa˩˩ fɨi˩˩ fɔŋ˦˨ fɔŋ˦˨ miɛn˩˩ miɛn˩˩ . ia˨˩˧ t͡ɕʰiu˩˩ iɔŋ˩˩ , t͡saʔ˥ n̠ʲin˧˥ iu˩˩ t͡ɕin˧˥ iu˩˩ pʰa˨˩˧ sɨn˦˨ pi˧˥ , t͡sai˧˥ t͡ɕʰiu˩˩ iuŋ˩˩ it̚˥ ɕi˩˩ liɛt̚˥ un˧˥ fa˧˥ uɵt̚˨ tʰuŋ˩˩ lai˧˥ piɛu˨˩˧ tʰaʔ˨ t͡sʰz̩˩˩ kan˨˩˧ ɕin˧˥ .
張自烈（），字爾公，號芑山同誰廬居士。明清之間好有名嗰學者，佢係江西宜春北廂上水關人。佢到崇禎末年擔任南京國子監生。明亡之後隱居廬山，主講白鹿書院。佢一生著有《正字通》等書。	t͡sɔŋ˦˨ t͡sʰz̩˩˩ , t͡sʰz̩˨˦ kuŋ˦˨ , hau˩˩ san˦˨ tʰuŋ˨˦ sui˧˥ ˈt͡ɕy˦˨ sz̩˩˩ . min˧˥ t͡ɕʰin˦˨ t͡sz̩˦˨ kan˦˨ hau˨˩˧ iu˩˧ miaŋ˧˥ hɔʔ˨ t͡sa˨˩˧ , t͡ɕʰie˨˦ kɔŋ˦˨ ɕi˦˨ t͡sʰun˦˨ pɛt̚˥ ˈsɔŋ˩˩ sui˨˩˧ kuan˦˨ n̠ʲin˧˥ . t͡ɕʰie˨˦ tau˧˥ n̠ʲiɛn˧˥ lɨn˩˩ lan˧˥ t͡ɕin˦˨ kuɛt̚˥ t͡sz̩˨˩˧ kan˦˨ saŋ˦˨ . min˧˥ t͡sz̩˦˨ ˈhɛu˩˩ san˦˨ , t͡ɕy˨˩˧ kɔŋ˨˩˧ pʰaʔ˨ luʔ˥ ɕy˦˨ yɵn˩˩ . t͡ɕʰie˨˦ it̚˥ saŋ˦˨ t͡sɔʔ˥ iu˨˩˧ t͡sʰz̩˨˦ tʰuŋ˦˨ tɛn˨˩˧ ɕy˦˨ .
核武器係一種武器。佢利用核反應製造爆炸來產生嗰光熱輻射，衝擊波哈有感生放射性造成殺傷同破壞，接到造成大面積污染，阻止對方軍事行動以達到戰略目的。主要有核分裂武器(第一代核武，通常稱為原子彈）同核融合武器（亦叫做氫彈，拕分為兩級同三級式）。哈有滴子到武器內部放入具有感生放射性嗰輕元素，為到增大輻射強度擴大污染，或者加強中子放射以殺傷人員（如中子彈）。	u˨˩˧ t͡ɕʰi˨˩˧ it̚˥ u˨˩˧ t͡ɕʰi˨˩˧ . t͡ɕʰie˨˦ li˩˩ iuŋ˩˩ fan˨˩˧ t͡sʰau˩˩ lai˧˥ t͡sʰan˨˩˧ saŋ˦˨ kuɔŋ˦˨ lɛt̚˥ sa˩˩ , po˦˨ iu˨˩˧ kɵn˨˩˧ saŋ˦˨ fɔŋ˧˥ sa˩˩ t͡sʰau˩˩ saŋ˧˥ saʔ˥ sɔŋ˦˨ tʰuŋ˨˦ pʰo˨˩˧ fuai˩˩ , t͡ɕiɛt̚˥ tau˧˥ t͡sʰau˩˩ saŋ˧˥ tʰai˩˩ miɛn˩˩ , t͡su˨˩˧ t͡sz̩˨˩˧ fɔŋ˦˨ t͡ɕyn˦˨ sz̩˩˩ hɛn˨˦ tʰuŋ˩˩ i˨˩˧ tʰaʔ˨ tau˧˥ t͡sɛn˧˥ muʔ˥ tit̚˨ . t͡ɕy˨˩˧ iɛu˦˨ iu˨˩˧ fɨn˦˨ u˨˩˧ t͡ɕʰi˨˩˧ tʰi˩˩ it̚˥ tʰai˩˩ u˨˩˧ , tʰuŋ˦˨ sɔŋ˧˥ n̠ʲyɵn˧˥ ˈt͡sz̩˨˦ tʰan˩˩ tʰuŋ˨˦ iuŋ˧˥ hɵt̚˨ u˨˩˧ t͡ɕʰi˨˩˧ t͡ɕiɛu˧˥ t͡su˧˥ , fɨn˦˨ tʰuŋ˨˦ san˦˨ sɨt̚˥ . iu˨˩˧ t͡sz̩˨˩˧ tau˧˥ u˨˩˧ t͡ɕʰi˨˩˧ lui˩˩ pʰu˩˩ fɔŋ˧˥ lɨt̚˥ t͡ɕʰy˩˩ iu˨˩˧ kɵn˨˩˧ saŋ˦˨ fɔŋ˧˥ sa˩˩ t͡ɕʰiaŋ˦˨ n̠ʲyɵn˧˥ su˧˥ , tau˧˥ t͡sɛn˦˨ tʰai˩˩ sa˩˩ t͡ɕʰiɔŋ˨˦ kʰuɔʔ˥ tʰai˩˩ , fɛt̚˥ t͡sa˨˩˧ t͡ɕʰiɔŋ˨˦ t͡suŋ˦˨ t͡sz̩˨˩˧ fɔŋ˧˥ sa˩˩ i˨˩˧ saʔ˥ sɔŋ˦˨ n̠ʲin˧˥ yɵn˧˥ ɵ˧˥ t͡suŋ˦˨ ˈt͡sz̩˨˦ tʰan˩˩ .
江西師範大學，佢嗰前身係建於1940年嗰國立中正大學，1949年後改名叫國立南昌大學。到1955年全國高校院系調整起，原國立南昌大學嗰主要理工科院系陸續併到別嗰省份嗰高校，像湖南大學，華中理工學院等。接到原國立南昌大學師範學院改組成江西師範學院（後來嗰江西師範大學）。	kɔŋ˦˨ ɕi˦˨ sz̩˦˨ fan˩˩ ˈtʰai˩˩ hɔʔ˨ , t͡ɕʰie˨˦ t͡ɕʰiɛn˨˦ sɨn˦˨ t͡ɕiɛn˧˥ it̚˥ t͡ɕiu˨˩˧ sz̩˧˥ lin˧˥ n̠ʲiɛn˧˥ kuɛt̚˥ lit̚˥ t͡suŋ˦˨ ˈtʰai˩˩ hɔʔ˨ , it̚˥ t͡ɕiu˨˩˧ sz̩˧˥ t͡ɕiu˨˩˧ n̠ʲiɛn˧˥ hɛu˩˩ kai˨˩˧ miaŋ˧˥ t͡ɕiɛu˧˥ kuɛt̚˥ lit̚˥ lan˧˥ t͡sʰɔŋ˦˨ ˈtʰai˩˩ hɔʔ˨ . tau˧˥ it̚˥ t͡ɕiu˨˩˧ ŋ̍˨˩˧ ŋ̍˨˩˧ n̠ʲiɛn˧˥ t͡ɕʰyɵn˨˦ kuɛt̚˥ kau˦˨ hau˩˩ yɵn˩˩ ɕi˩˩ t͡saŋ˨˩˧ t͡ɕʰi˨˩˧ , n̠ʲyɵn˧˥ kuɛt̚˥ lit̚˥ lan˧˥ t͡sʰɔŋ˦˨ ˈtʰai˩˩ hɔʔ˨ t͡ɕy˨˩˧ iɛu˦˨ li˨˩˧ kuŋ˦˨ kʰuo˦˨ yɵn˩˩ ɕi˩˩ luʔ˥ pin˧˥ tau˧˥ pʰiɛt̚˥ kau˦˨ hau˩˩ , t͡ɕʰiɔŋ˩˩ fu˧˥ lan˧˥ ˈtʰai˩˩ hɔʔ˨ , fa˧˥ t͡suŋ˦˨ li˨˩˧ kuŋ˦˨ hɔʔ˨ yɵn˩˩ tɛn˨˩˧ . t͡ɕiɛt̚˥ tau˧˥ n̠ʲyɵn˧˥ kuɛt̚˥ lit̚˥ lan˧˥ t͡sʰɔŋ˦˨ ˈtʰai˩˩ hɔʔ˨ sz̩˦˨ fan˩˩ hɔʔ˨ yɵn˩˩ kai˨˩˧ saŋ˧˥ kɔŋ˦˨ ɕi˦˨ sz̩˦˨ fan˩˩ hɔʔ˨ yɵn˩˩ hɛu˩˩ lai˧˥ kɔŋ˦˨ ɕi˦˨ sz̩˦˨ fan˩˩ ˈtʰai˩˩ hɔʔ˨ .
陳三立(修水)： （1858年—1937年）“維新四公子”之一，近代同光體詩派重要嗰代表。	t͡sʰɨn˨˦ san˦˨ lit̚˥ ɕiu˦˨ sui˨˩˧ , it̚˥ pat̚˥ ŋ̍˨˩˧ pat̚˥ n̠ʲiɛn˧˥ tau˧˥ it̚˥ t͡ɕiu˨˩˧ san˦˨ t͡ɕʰit̚˥ n̠ʲiɛn˧˥ ui˧˥ ɕin˦˨ sz̩˧˥ kuŋ˦˨ t͡sz̩˨˩˧ t͡sz̩˦˨ it̚˥ , t͡ɕʰin˩˩ tʰai˩˩ tʰuŋ˨˦ kuɔŋ˦˨ tʰi˨˩˧ sz̩˦˨ pʰai˨˩˧ iɛu˦˨ tʰai˩˩ piɛu˨˩˧ .
信得救：信得救係本乎恩，也因著信正。但必須依靠聖靈追求聖潔、實踐經訓，敬神愛人。	ɕin˧˥ tɛt̚˥ t͡ɕiu˧˥ , ɕin˧˥ tɛt̚˥ t͡ɕiu˧˥ pɨn˨˩˧ fu˧˥ ŋiɛn˦˨ , ia˨˩˧ in˦˨ t͡sɔʔ˥ ɕin˧˥ . pit̚˥ i˦˨ sɨn˧˥ t͡sui˦˨ t͡ɕʰiu˨˦ sɨn˧˥ , sɨt̚˥ t͡ɕiaŋ˦˨ ɕin˨˩˧ , t͡ɕin˧˥ sɨn˦˨ ŋai˧˥ n̠ʲin˧˥ .
紫禁城係中國北京明清兩代嗰皇宮，因為中國為取消帝制，成立共和國，官方改口就叫佢故宮。故宮規模龐大，面積有艮個720 000平方米，有800間屋同到8000多間房。紫禁城係明成祖朱棣永樂四年(公元1406年)開始做，至到永樂十八年(公元1420年)做正。	t͡sz̩˨˩˧ saŋ˧˥ t͡suŋ˦˨ kuɛt̚˥ pɛt̚˥ t͡ɕin˦˨ min˧˥ t͡ɕʰin˦˨ tʰai˩˩ kuŋ˦˨ , in˦˨ t͡suŋ˦˨ kuɛt̚˥ t͡ɕʰy˨˩˧ ɕiɛu˦˨ ti˧˥ t͡sz̩˧˥ , saŋ˧˥ lit̚˥ kʰuŋ˩˩ fo˧˥ kuɛt̚˥ , kuɵn˦˨ fɔŋ˦˨ kai˨˩˧ kʰiɛu˨˩˧ t͡ɕʰiu˩˩ t͡ɕiɛu˧˥ t͡ɕʰie˨˦ kuŋ˦˨ . kuŋ˦˨ kui˦˨ tʰai˩˩ , miɛn˩˩ iu˨˩˧ ko˧˥ t͡ɕʰit̚˥ paʔ˥ ɵ˩˩ sɨt̚˨ lin˧˥ pʰiaŋ˨˦ fɔŋ˦˨ mi˨˩˧ , iu˨˩˧ pat̚˥ paʔ˥ kan˦˨ uʔ˥ tʰuŋ˨˦ tau˧˥ pat̚˥ t͡ɕʰiɛn˦˨ to˦˨ kan˦˨ fɔŋ˧˥ . t͡sz̩˨˩˧ saŋ˧˥ min˧˥ saŋ˧˥ t͡ɕy˨˩˧ yn˨˩˧ ŋɔʔ˥ sz̩˧˥ n̠ʲiɛn˧˥ kuŋ˦˨ n̠ʲyɵn˧˥ it̚˥ sz̩˧˥ lin˧˥ liuʔ˥ n̠ʲiɛn˧˥ kʰai˦˨ sz̩˨˩˧ t͡su˧˥ , t͡sz̩˧˥ tau˧˥ yn˨˩˧ ŋɔʔ˥ sɨt̚˨ pat̚˥ n̠ʲiɛn˧˥ kuŋ˦˨ n̠ʲyɵn˧˥ it̚˥ sz̩˧˥ ɵ˩˩ lin˧˥ n̠ʲiɛn˧˥ t͡su˧˥ .
吳伯雄（），臺灣桃園中壢客家人，係中華民國前內政部部長、前總統府秘書長、行政院政務委員，曾任桃園縣第七屆縣長、台北市長同到中國國民黨副主席，而今係中國國民黨主席。	u˧˥ , tʰai˨˦ uan˦˨ tʰau˨˦ yɵn˧˥ t͡suŋ˦˨ kʰaʔ˥ ka˦˨ n̠ʲin˧˥ , t͡suŋ˦˨ fa˧˥ min˧˥ kuɛt̚˥ t͡ɕʰiɛn˨˦ lui˩˩ t͡sɨn˧˥ pʰu˩˩ pʰu˩˩ t͡sʰɔŋ˨˦ , t͡ɕʰiɛn˨˦ tʰuŋ˨˩˧ fu˨˩˧ ˈpi˧˥ ɕy˦˨ t͡sʰɔŋ˨˦ , hɛn˨˦ t͡sɨn˧˥ yɵn˩˩ t͡sɨn˧˥ ui˨˩˧ yɵn˧˥ , lɨn˩˩ tʰau˨˦ yɵn˧˥ ɕiɛn˩˩ tʰi˩˩ t͡ɕʰit̚˥ ɕiɛn˩˩ t͡sɔŋ˨˩˧ , tʰai˨˦ pɛt̚˥ sz̩˩˩ t͡sʰɔŋ˨˦ tʰuŋ˨˦ tau˧˥ t͡suŋ˦˨ kuɛt̚˥ kuɛt̚˥ min˧˥ tɔŋ˨˩˧ fu˧˥ ˈt͡ɕy˩˧ ɕit̚˥ , ɵ˧˥ t͡ɕin˨ t͡suŋ˦˨ kuɛt̚˥ kuɛt̚˥ min˧˥ tɔŋ˨˩˧ ˈt͡ɕy˩˧ ɕit̚˥ .
番茄嗰梗話係木質嗰，但係好弱，故係要爬到別嗰植物上咁才活得正。番茄嗰葉長 10 到 25 厘米，像羽毛，一塊葉有五到九瓣，一瓣八公分長。葉邊像鋸子，梗同葉都係毛。花黃，1 - 2 厘米闊，花冠有五瓣向外。花成束生，一束有 3 到 12 朵。果係可以喫嗰，通常都係紅嗰，野生嗰一兩厘米，種嗰可以大滴子。	fan˦˨ ˈt͡ɕʰia˨˦ kiɛn˨˩˧ ua˩˩ muʔ˥ t͡sɨt̚˥ , hau˨˩˧ n̠ʲiɔʔ˥ , iɛu˦˨ pʰa˨˦ tau˧˥ pʰiɛt̚˥ t͡sʰɨt̚˨ ut̚˥ sɔŋ˩˩ t͡sʰai˨˦ uɵt̚˨ tɛt̚˥ . fan˦˨ ˈt͡ɕʰia˨˦ iɛt̚˥ t͡sʰɔŋ˨˦ sɨt̚˨ tau˧˥ ɵ˩˩ sɨt̚˨ ŋ̍˨˩˧ mi˨˩˧ , t͡ɕʰiɔŋ˩˩ y˨˩˧ mau˧˥ , it̚˥ kʰuai˨˩˧ iɛt̚˥ iu˨˩˧ ŋ̍˨˩˧ tau˧˥ t͡ɕiu˨˩˧ pʰan˨˩˧ , it̚˥ pʰan˨˩˧ pat̚˥ kuŋ˦˨ fɨn˦˨ t͡sʰɔŋ˨˦ . iɛt̚˥ piɛn˦˨ t͡ɕʰiɔŋ˩˩ kie˧˥ t͡sz̩˨ , kiɛn˨˩˧ tʰuŋ˨˦ iɛt̚˥ tu˦˨ mau˧˥ . fa˦˨ uɔŋ˧˥ , it̚˥ tau˧˥ ɵ˩˩ mi˨˩˧ kʰuɵt̚˥ , fa˦˨ iu˨˩˧ ŋ̍˨˩˧ pʰan˨˩˧ uai˩˩ . fa˦˨ saŋ˧˥ saŋ˦˨ , it̚˥ iu˨˩˧ san˦˨ tau˧˥ sɨt̚˨ ɵ˩˩ to˨˩˧ . kuo˨˩˧ i˨˩˧ t͡ɕʰiaʔ˥ , tʰuŋ˦˨ sɔŋ˧˥ tu˦˨ fuŋ˧˥ , ia˨˩˧ saŋ˦˨ it̚˥ mi˨˩˧ , i˨˩˧ tʰai˩˩ t͡sz̩˨˩˧ .
五行係中国古時間發端出來嗰一種自然哲学嗰思想，佢係話万物都係由火・水・木・金・土箇 5 隻元素構成。箇 5 種隻元素，佢俚又相互影響與合、係天地萬物變化嗰生滅盛衰、循環嗰根底所在。	ŋ̍˨˩˧ hɛn˨˦ t͡suŋ˦˨ kuɛt̚˥ ku˨˩˧ sz̩˧˥ kan˨ tɵn˦˨ t͡sʰɨt̚˥ lai˧˥ it̚˥ t͡sʰz̩˩˩ lɛn˧˥ hɔʔ˨ sz̩˦˨ ɕiɔŋ˨˩˧ , t͡ɕʰie˨˦ ua˩˩ uan˩˩ ut̚˥ tu˦˨ i˧˥ fo˨˩˧ sui˨˩˧ muʔ˥ t͡ɕin˦˨ tʰu˨˩˧ ŋ̍˨˩˧ t͡saʔ˥ n̠ʲyɵn˧˥ su˧˥ saŋ˧˥ . ŋ̍˨˩˧ t͡saʔ˥ n̠ʲyɵn˧˥ su˧˥ , t͡ɕʰie˨˦ iu˩˩ ɕiɔŋ˧˥ iaŋ˨˩˧ hɵt̚˨ , tʰiɛn˦˨ tʰi˩˩ uan˩˩ ut̚˥ fa˧˥ saŋ˦˨ miɛt̚˥ , fan˧˥ kiɛn˦˨ ti˨˩˧ so˨˩˧ t͡sʰai˩˩ .
分布咯城关、三阳、安定、嘉义、钟洞、梅仙咦6隻区同哒瓮江区嗰瓮江、双江、河东、谈岑区嗰西江、谈胥、张市咦6隻乡，使用唉嗰面积同哒人口占嗰係50%嗰强；	fɨn˦˨ pu˧˥ saŋ˧˥ kuan˦˨ , san˦˨ iɔŋ˧˥ , ŋɵn˦˨ tʰiaŋ˩˩ , n̠ʲi˩˩ , t͡suŋ˦˨ tʰuŋ˩˩ , mi˧˥ ɕiɛn˦˨ liuʔ˥ t͡saʔ˥ t͡ɕʰy˦˨ tʰuŋ˨˦ kɔŋ˦˨ t͡ɕʰy˦˨ kɔŋ˦˨ , sɔŋ˦˨ kɔŋ˦˨ , ho˨˦ tuŋ˦˨ , tʰan˨˦ t͡ɕʰy˦˨ ɕi˦˨ kɔŋ˦˨ , tʰan˨˦ , t͡sɔŋ˦˨ sz̩˩˩ liuʔ˥ t͡saʔ˥ ɕiɔŋ˦˨ , iuŋ˩˩ miɛn˩˩ tʰuŋ˨˦ n̠ʲin˧˥ kʰiɛu˨˩˧ paʔ˥ fɨn˦˨ t͡sz̩˦˨ ŋ̍˨˩˧ sɨt̚˨ t͡ɕʰiɔŋ˨˦ ,
奧克蘭文理學校 ，係在新西蘭奧克蘭嗰一隻男校中學。佢教導從九年級至十三年級，學校也包含許多有限數量嗰宿舍，讓學生能到邊上嗰一座樓裡住學。奧克蘭文理學校在新西蘭算係最大嗰學校之一哩。學校由1868年嗰奧克蘭撥款法成立嗰，但學校嗰憲章賦予係由格雷爵士 (新西蘭最早嗰官員之一)嗰信託於1850年時定下嗰。	ŋau˧˥ lan˧˥ un˧˥ li˨˩˧ hɔʔ˨ hau˩˩ , t͡sʰai˩˩ ɕin˦˨ ɕi˦˨ lan˧˥ ŋau˧˥ lan˧˥ it̚˥ t͡saʔ˥ lan˧˥ hau˩˩ t͡suŋ˦˨ hɔʔ˨ . t͡ɕʰie˨˦ kau˧˥ t͡sʰuŋ˨˦ t͡ɕiu˨˩˧ n̠ʲiɛn˧˥ t͡sz̩˧˥ sɨt̚˨ san˦˨ n̠ʲiɛn˧˥ , hɔʔ˨ hau˩˩ ia˨˩˧ pau˦˨ ɕy˨˩˧ to˦˨ iu˨˩˧ su˨˩˧ liɔŋ˩˩ ɕiuʔ˥ sa˩˩ , hɔʔ˨ saŋ˦˨ lɛn˧˥ tau˧˥ ˈpiɛn˦˨ sɔŋ˩˩ it̚˥ lɛu˧˥ li˨˩˧ t͡ɕʰy˩˩ hɔʔ˨ . ŋau˧˥ lan˧˥ un˧˥ li˨˩˧ hɔʔ˨ hau˩˩ t͡sʰai˩˩ ɕin˦˨ ɕi˦˨ lan˧˥ sɵn˧˥ t͡sui˧˥ tʰai˩˩ hɔʔ˨ hau˩˩ t͡sz̩˦˨ it̚˥ . hɔʔ˨ hau˩˩ i˧˥ it̚˥ pat̚˥ liuʔ˥ pat̚˥ n̠ʲiɛn˧˥ ŋau˧˥ lan˧˥ pɵt̚˥ fat̚˥ saŋ˧˥ lit̚˥ , hɔʔ˨ hau˩˩ ɕiɛn˨˩˧ t͡sɔŋ˦˨ i˧˥ lui˧˥ sz̩˩˩ ɕin˦˨ ɕi˦˨ lan˧˥ t͡sui˧˥ t͡sau˨˩˧ kuɵn˦˨ yɵn˧˥ t͡sz̩˦˨ it̚˥ ɕin˧˥ it̚˥ pat̚˥ ŋ̍˨˩˧ lin˧˥ n̠ʲiɛn˧˥ sz̩˧˥ tʰiaŋ˩˩ ha˩˩ .
歸牧圖（騎牛） 李迪筆 （近畿日本鉄道蔵·大和文華館保管 絹本著色 1幅 南宋時代）	kui˦˨ t͡ɕʰi˨˦ n̠ʲiu˧˥ li˨˩˧ pit̚˥ t͡ɕʰin˩˩ n̠ʲit̚˥ pɨn˨˩˧ tʰau˩˩ tʰai˩˩ fo˧˥ un˧˥ fa˧˥ kuɵn˨˩˧ kuɵn˨˩˧ pɨn˨˩˧ t͡sɔʔ˥ sɛt̚˥ it̚˥ fuʔ˥ lan˧˥ suŋ˧˥ sz̩˧˥ tʰai˩˩
銅板法華經·銅筥 （所有者:國玉神社、管理團体:福岡縣、求菩提資料館保管 1142年）	tʰuŋ˨˦ pan˨˩˧ fat̚˥ fa˧˥ t͡ɕiaŋ˦˨ tʰuŋ˨˦ so˨˩˧ iu˨˩˧ t͡sa˨˩˧ kuɛt̚˥ y˩˩ sɨn˦˨ sa˩˩ , kuɵn˨˩˧ li˨˩˧ tʰɵn˨˦ tʰi˨˩˧ fuʔ˥ ɕiɛn˩˩ , t͡ɕʰiu˨˦ pʰu˨˦ tʰia˨˦ kuɵn˨˩˧ kuɵn˨˩˧ it̚˥ it̚˥ sz̩˧˥ ɵ˩˩ n̠ʲiɛn˧˥
王開貴 王華林 王健利 左 琦 葉 青 盧志鵬 馮炎木 邢星奎 李義海 吳侃君 (♀) 鄒俐菁 (♀) 宋偉峰 陳 琪 林印孫 歐陽自強 羅邦平 金 異 周永生 周明華 練新廷 胡聚文 趙子義 黃澤蘭 黃榮福 梁春國 舒國華 溫顯來 雷元江 熊曉清 潘義忠	uɔŋ˧˥ kʰai˦˨ kui˧˥ uɔŋ˧˥ fa˧˥ lin˧˥ uɔŋ˧˥ t͡ɕʰiɛn˦˨ li˩˩ t͡so˨˩˧ iɛt̚˥ t͡ɕʰiaŋ˦˨ t͡sz̩˧˥ iɛn˧˥ muʔ˥ ɕiaŋ˦˨ li˨˩˧ n̠ʲi˩˩ hai˨˩˧ u˧˥ t͡ɕyn˦˨ suŋ˧˥ t͡sʰɨn˨˦ lin˧˥ in˧˥ sun˦˨ iɔŋ˧˥ t͡sʰz̩˩˩ t͡ɕʰiɔŋ˨˦ lo˧˥ pɔŋ˦˨ pʰiaŋ˨˦ t͡ɕin˦˨ t͡sɨu˦˨ yn˨˩˧ saŋ˦˨ t͡sɨu˦˨ min˧˥ fa˧˥ liɛn˩˩ ɕin˦˨ fu˧˥ t͡ɕʰy˩˩ un˧˥ t͡sʰɛu˩˩ t͡sz̩˨˩˧ n̠ʲi˩˩ uɔŋ˧˥ lan˧˥ uɔŋ˧˥ iuŋ˧˥ fuʔ˥ t͡sʰun˦˨ kuɛt̚˥ ɕy˦˨ kuɛt̚˥ fa˧˥ lai˧˥ lui˧˥ n̠ʲyɵn˧˥ kɔŋ˦˨ ɕiuŋ˧˥ t͡ɕʰin˦˨ n̠ʲi˩˩
王松林 鄧麗明 (♀) 甘月紅 (♀) 帥斌 朱小玉 (♀) 朱清仙 任江南 劉曉莊 劉益民 阮雲興 李滿 李應春 肖春蓮 (♀) 吳海根 何建洋 鄒少蘭 (♀) 鄒順蘭 (♀) 汪建民 陳雲斐 陳秉正 陳秋玲 (♀) 陳富良 范淑英 (♀) 歐陽世麟 羅慧芬 (♀) 周洪 (♀) 鄭月慧 (♀) 錢光湧 徐奔 徐書生 陶春元 黃河浪 黃菊花 (♀) 康泰 童第雲	uɔŋ˧˥ lin˧˥ min˧˥ kɵn˦˨ n̠ʲyɵt̚˨ fuŋ˧˥ t͡ɕy˨˩˧ ɕiɛu˨˩˧ y˩˩ t͡ɕy˨˩˧ t͡ɕʰin˦˨ ɕiɛn˦˨ lɨn˩˩ kɔŋ˦˨ lan˧˥ t͡sɔŋ˦˨ it̚˥ min˧˥ yn˧˥ ɕin˦˨ li˨˩˧ mɵn˨˩˧ li˨˩˧ t͡sʰun˦˨ t͡sʰun˦˨ liɛn˧˥ u˧˥ hai˨˩˧ kiɛn˦˨ t͡ɕiɛn˧˥ iɔŋ˧˥ sɛu˨˩˧ lan˧˥ sun˩˩ lan˧˥ t͡ɕiɛn˧˥ min˧˥ t͡sʰɨn˨˦ yn˧˥ t͡sʰɨn˨˦ t͡sʰɨn˨˦ t͡ɕʰiu˦˨ t͡sʰɨn˨˦ fu˧˥ liɔŋ˧˥ fan˩˩ in˦˨ iɔŋ˧˥ sz̩˧˥ lo˧˥ fɨi˩˩ t͡sɨu˦˨ n̠ʲyɵt̚˨ fɨi˩˩ t͡ɕʰiɛn˨˦ kuɔŋ˦˨ t͡ɕʰy˨˦ t͡ɕʰy˨˦ ɕy˦˨ saŋ˦˨ tʰau˨˦ t͡sʰun˦˨ n̠ʲyɵn˧˥ uɔŋ˧˥ ho˨˦ uɔŋ˧˥ ˈt͡ɕiuʔ˥ fa˦˨ tʰuŋ˨˦ tʰi˩˩ yn˧˥
寧岡縣：早已叫永寧縣。因跟山西、廣西、河南、貴州四省縣名重複，1914年1月改名。縣名由永寧、瓦岡各取一字而來。治所係今吖嗰寧岡縣駐地礱市鎮東北新城。	lin˧˥ ɕiɛn˩˩ , t͡sau˨˩˧ i˨˩˧ t͡ɕiɛu˧˥ yn˨˩˧ lin˧˥ ɕiɛn˩˩ . in˦˨ kiɛn˦˨ san˦˨ ɕi˦˨ , kuɔŋ˨˩˧ ɕi˦˨ , ho˨˦ lan˧˥ , kui˧˥ t͡sɨu˦˨ sz̩˧˥ ɕiɛn˩˩ miaŋ˧˥ , it̚˥ t͡ɕiu˨˩˧ it̚˥ sz̩˧˥ n̠ʲiɛn˧˥ it̚˥ n̠ʲyɵt̚˨ kai˨˩˧ miaŋ˧˥ . ɕiɛn˩˩ miaŋ˧˥ i˧˥ yn˨˩˧ lin˧˥ , ua˨˩˧ kɔʔ˥ t͡ɕʰy˨˩˧ it̚˥ t͡sʰz̩˨˦ ɵ˧˥ lai˧˥ . t͡sʰz̩˩˩ so˨˩˧ t͡ɕin˦˨ lin˧˥ ɕiɛn˩˩ tʰi˩˩ sz̩˩˩ t͡ɕin˧˥ tuŋ˦˨ pɛt̚˥ ɕin˦˨ saŋ˧˥ .
大庾縣：先前嗰南安府嗰附廓首縣，1912年10月裁府留縣。治所係今吖嗰大庾縣駐地南安鎮。	tʰai˩˩ ɕiɛn˩˩ , ɕiɛn˦˨ t͡ɕʰiɛn˨˦ lan˧˥ ŋɵn˦˨ fu˨˩˧ fu˧˥ ɕiɛn˩˩ , it̚˥ t͡ɕiu˨˩˧ it̚˥ ɵ˩˩ n̠ʲiɛn˧˥ sɨt̚˨ n̠ʲyɵt̚˨ t͡sʰai˨˦ fu˨˩˧ ɕiɛn˩˩ . t͡sʰz̩˩˩ so˨˩˧ t͡ɕin˦˨ tʰai˩˩ ɕiɛn˩˩ tʰi˩˩ lan˧˥ ŋɵn˦˨ t͡ɕin˧˥ .
鎮:泗瀝鎮、河潭鎮、週坊鎮、鴻塘鎮、志光鎮、流口鎮、羅河鎮、金屯鎮、塘灣鎮、文坊鎮、冷水鎮、龍虎山鎮、上清鎮	t͡ɕin˧˥ t͡ɕin˧˥ , ho˨˦ tʰan˨˦ t͡ɕin˧˥ , t͡ɕin˧˥ , tʰɔŋ˨˦ t͡ɕin˧˥ , t͡sz̩˧˥ kuɔŋ˦˨ t͡ɕin˧˥ , liu˧˥ kʰiɛu˨˩˧ t͡ɕin˧˥ , lo˧˥ ho˨˦ t͡ɕin˧˥ , t͡ɕin˦˨ t͡ɕin˧˥ , tʰɔŋ˨˦ uan˦˨ t͡ɕin˧˥ , un˧˥ t͡ɕin˧˥ , laŋ˨˦ sui˨˩˧ t͡ɕin˧˥ , luŋ˧˥ fu˨˩˧ san˦˨ t͡ɕin˧˥ , sɔŋ˩˩ t͡ɕʰin˦˨ t͡ɕin˧˥
江西嗰新石器文化係話江西到新石器時期（4000年到5000年前）嗰古代文化。箇時間嗰江西社會經濟開始飛快發展，人口大量增加，全贛形成非常多嗰居民聚落。而今攏共發現五六十隻新石器時期文化遺址，主要分佈到樟樹、萬年、修水、九江、南昌、進賢、鄱陽、武寧、萬載、雩都、宜豐、高安、奉新、臨川、景德鎮、萍鄉、永豐箇些地方，相對集中嗰哈係贛北地區。	kɔŋ˦˨ ɕi˦˨ ɕin˦˨ saʔ˨ t͡ɕʰi˨˩˧ un˧˥ fa˧˥ ua˩˩ kɔŋ˦˨ ɕi˦˨ tau˧˥ ɕin˦˨ saʔ˨ t͡ɕʰi˨˩˧ sz̩˧˥ sz̩˧˥ t͡ɕʰiɛn˦˨ n̠ʲiɛn˧˥ tau˧˥ ŋ̍˨˩˧ t͡ɕʰiɛn˦˨ n̠ʲiɛn˧˥ t͡ɕʰiɛn˨˦ ku˨˩˧ tʰai˩˩ un˧˥ fa˧˥ . sz̩˧˥ kan˨ kɔŋ˦˨ ɕi˦˨ sa˩˩ fɨi˩˩ t͡ɕiaŋ˦˨ kʰai˦˨ sz̩˨˩˧ fɨi˦˨ kʰuai˨˩˧ t͡sɛn˨˩˧ , n̠ʲin˧˥ kʰiɛu˨˩˧ tʰai˩˩ liɔŋ˩˩ t͡sɛn˦˨ , t͡ɕʰyɵn˨˦ kɵn˧˥ ɕin˧˥ saŋ˧˥ sɔŋ˧˥ to˦˨ min˧˥ t͡ɕʰy˩˩ lɔʔ˨ . ɵ˧˥ t͡ɕin˨ t͡ɕʰiuŋ˩˩ ɕiɛn˩˩ ŋ̍˨˩˧ liuʔ˥ sɨt̚˨ t͡saʔ˥ ɕin˦˨ saʔ˨ t͡ɕʰi˨˩˧ sz̩˧˥ un˧˥ fa˧˥ i˧˥ , t͡ɕy˨˩˧ iɛu˦˨ fɨn˦˨ tau˧˥ ɕy˩˩ , uan˩˩ n̠ʲiɛn˧˥ , ɕiu˦˨ sui˨˩˧ , t͡ɕiu˨˩˧ kɔŋ˦˨ , lan˧˥ t͡sʰɔŋ˦˨ , t͡sin˧˥ ɕiɛn˧˥ , iɔŋ˧˥ , u˨˩˧ lin˧˥ , uan˩˩ , tu˦˨ , kau˦˨ ŋɵn˦˨ , fuŋ˩˩ ɕin˦˨ , t͡sʰɵn˦˨ , t͡ɕin˨˩˧ t͡ɕin˧˥ , ɕiɔŋ˦˨ , yn˨˩˧ ɕiɛt̚˥ tʰi˩˩ fɔŋ˩ , ɕiɔŋ˧˥ t͡ɕʰit̚˨ t͡suŋ˦˨ kɵn˧˥ pɛt̚˥ tʰi˩˩ t͡ɕʰy˦˨ .
鄉：寬田鄉、沙心鄉、仙下鄉、馬安鄉、車溪鄉、橋頭鄉、利村鄉、葛坳鄉、黃麟鄉、靖石鄉、小溪鄉、段屋鄉、羅江鄉、新陂鄉。	ɕiɔŋ˦˨ , tʰiɛn˨˦ ɕiɔŋ˦˨ , sa˦˨ ɕin˦˨ ɕiɔŋ˦˨ , ɕiɛn˦˨ ha˩˩ ɕiɔŋ˦˨ , ma˨˩˧ ŋɵn˦˨ ɕiɔŋ˦˨ , t͡sʰa˦˨ t͡ɕʰi˦˨ ɕiɔŋ˦˨ , t͡ɕʰiɛu˨˦ tʰɛu˨˦ ɕiɔŋ˦˨ , li˩˩ ɕiɔŋ˦˨ , ɕiɔŋ˦˨ , uɔŋ˧˥ ɕiɔŋ˦˨ , saʔ˨ ɕiɔŋ˦˨ , ɕiɛu˨˩˧ t͡ɕʰi˦˨ ɕiɔŋ˦˨ , tʰɵn˩˩ uʔ˥ ɕiɔŋ˦˨ , lo˧˥ kɔŋ˦˨ ɕiɔŋ˦˨ , ɕin˦˨ ɕiɔŋ˦˨ .
郷：拿山郷、黃坳郷、下七郷、長坪郷、坳裡郷、鵝嶺郷、柏露郷、茅坪郷、葛田郷、荷花郷、睦村郷、東上郷	la˧˥ san˦˨ , uɔŋ˧˥ , ha˩˩ t͡ɕʰit̚˥ , t͡sʰɔŋ˨˦ , li˨˩˧ , ŋo˧˥ , lu˩˩ , mau˧˥ , tʰiɛn˨˦ , ˈho˨˦ fa˦˨ , tuŋ˦˨ sɔŋ˩˩
鄉：寬田鄉、沙心鄉 、仙下鄉、馬安鄉、車溪鄉、橋頭鄉、利村鄉、葛坳鄉、黃麟鄉、靖石鄉、小溪鄉、段屋鄉、羅江鄉、新陂鄉	ɕiɔŋ˦˨ , tʰiɛn˨˦ ɕiɔŋ˦˨ , sa˦˨ ɕin˦˨ ɕiɔŋ˦˨ , ɕiɛn˦˨ ha˩˩ ɕiɔŋ˦˨ , ma˨˩˧ ŋɵn˦˨ ɕiɔŋ˦˨ , t͡sʰa˦˨ t͡ɕʰi˦˨ ɕiɔŋ˦˨ , t͡ɕʰiɛu˨˦ tʰɛu˨˦ ɕiɔŋ˦˨ , li˩˩ ɕiɔŋ˦˨ , ɕiɔŋ˦˨ , uɔŋ˧˥ ɕiɔŋ˦˨ , saʔ˨ ɕiɔŋ˦˨ , ɕiɛu˨˩˧ t͡ɕʰi˦˨ ɕiɔŋ˦˨ , tʰɵn˩˩ uʔ˥ ɕiɔŋ˦˨ , lo˧˥ kɔŋ˦˨ ɕiɔŋ˦˨ , ɕin˦˨ ɕiɔŋ˦˨
鎮：三封寺鎮、萬庾鎮、北景港鎮、宋家嘴鎮、城關鎮、治河渡鎮、注滋口鎮、操軍鎮、梅田湖鎮、插旗鎮、鯰魚須鎮、東山鎮	t͡ɕin˧˥ , san˦˨ fuŋ˦˨ sz̩˩˩ t͡ɕin˧˥ , uan˩˩ t͡ɕin˧˥ , pɛt̚˥ t͡ɕin˨˩˧ kɔŋ˨˩˧ t͡ɕin˧˥ , suŋ˧˥ ka˦˨ t͡sui˨˩˧ t͡ɕin˧˥ , saŋ˧˥ kuan˦˨ t͡ɕin˧˥ , t͡sʰz̩˩˩ ho˨˦ t͡ɕin˧˥ , kʰiɛu˨˩˧ t͡ɕin˧˥ , t͡ɕyn˦˨ t͡ɕin˧˥ , mi˧˥ tʰiɛn˨˦ fu˧˥ t͡ɕin˧˥ , t͡ɕʰi˨˦ t͡ɕin˧˥ , n̠ʲie˧˥ t͡ɕin˧˥ , tuŋ˦˨ san˦˨ t͡ɕin˧˥
民族鄉：東山侗族鄉、鵝公嶺侗族苗族鄉、朝儀侗族鄉、在市苗族鄉、樂安鋪苗族侗族鄉、黃桑坪苗族鄉、關峽苗族鄉、長鋪子苗族鄉、黨坪苗族鄉、聯民苗族瑤族鄉、麻塘苗族鄉、楓木團苗族侗族鄉、河口苗族鄉、竹舟江苗族鄉	min˧˥ t͡sʰuʔ˥ ɕiɔŋ˦˨ , tuŋ˦˨ san˦˨ t͡sʰuʔ˥ ɕiɔŋ˦˨ , ŋo˧˥ kuŋ˦˨ t͡sʰuʔ˥ miɛu˧˥ t͡sʰuʔ˥ ɕiɔŋ˦˨ , t͡sʰɛu˨˦ t͡sʰuʔ˥ ɕiɔŋ˦˨ , t͡sʰai˩˩ sz̩˩˩ miɛu˧˥ t͡sʰuʔ˥ ɕiɔŋ˦˨ , ŋɔʔ˥ ŋɵn˦˨ pʰu˦˨ miɛu˧˥ t͡sʰuʔ˥ t͡sʰuʔ˥ ɕiɔŋ˦˨ , uɔŋ˧˥ sɔŋ˦˨ miɛu˧˥ t͡sʰuʔ˥ ɕiɔŋ˦˨ , kuan˦˨ miɛu˧˥ t͡sʰuʔ˥ ɕiɔŋ˦˨ , t͡sʰɔŋ˨˦ pʰu˨˩ t͡sz̩˩ miɛu˧˥ t͡sʰuʔ˥ ɕiɔŋ˦˨ , tɔŋ˨˩˧ miɛu˧˥ t͡sʰuʔ˥ ɕiɔŋ˦˨ , liɛn˧˥ min˧˥ miɛu˧˥ t͡sʰuʔ˥ t͡sʰuʔ˥ ɕiɔŋ˦˨ , tʰɔŋ˨˦ miɛu˧˥ t͡sʰuʔ˥ ɕiɔŋ˦˨ , muʔ˥ tʰɵn˨˦ miɛu˧˥ t͡sʰuʔ˥ t͡sʰuʔ˥ ɕiɔŋ˦˨ , ho˨˦ kʰiɛu˨˩˧ miɛu˧˥ t͡sʰuʔ˥ ɕiɔŋ˦˨ , t͡suʔ˥ kɔŋ˦˨ miɛu˧˥ t͡sʰuʔ˥ ɕiɔŋ˦˨
王佐（1898年5月-1930年2月24號），又名王雲輝或王雲飛，也拕叫為南斗牯，井岡山人。中華蘇維埃共和國嗰時間佢加入中國共產黨，一路護到毛澤東，咁佢嗰一生就捲入共產黨嗰黨爭之中。四十喇歲就早亡哩。	uɔŋ˧˥ it̚˥ pat̚˥ t͡ɕiu˨˩˧ pat̚˥ n̠ʲiɛn˧˥ ŋ̍˨˩˧ n̠ʲyɵt̚˨ it̚˥ t͡ɕiu˨˩˧ san˦˨ lin˧˥ n̠ʲiɛn˧˥ ɵ˩˩ n̠ʲyɵt̚˨ ɵ˩˩ sɨt̚˨ sz̩˧˥ hau˩˩ , iu˩˩ miaŋ˧˥ uɔŋ˧˥ yn˧˥ fɛt̚˥ uɔŋ˧˥ yn˧˥ fɨi˦˨ , ia˨˩˧ t͡ɕiɛu˧˥ lan˧˥ tɛu˨˩˧ ku˨˩˧ , t͡ɕiaŋ˨˩˧ san˦˨ n̠ʲin˧˥ . t͡suŋ˦˨ fa˧˥ su˦˨ ui˧˥ ŋai˦˨ kʰuŋ˩˩ fo˧˥ kuɛt̚˥ sz̩˧˥ kan˨ t͡ɕʰie˨˦ lɨt̚˥ t͡suŋ˦˨ kuɛt̚˥ t͡ɕʰiuŋ˩˩ t͡sʰan˨˩˧ tɔŋ˨˩˧ , it̚˥ lu˩˩ fu˩˩ tau˧˥ mau˧˥ tuŋ˦˨ , t͡ɕʰie˨˦ it̚˥ saŋ˦˨ t͡ɕʰiu˩˩ lɨt̚˥ t͡ɕʰiuŋ˩˩ t͡sʰan˨˩˧ tɔŋ˨˩˧ tɔŋ˨˩˧ t͡saŋ˦˨ t͡sz̩˦˨ t͡suŋ˦˨ . sz̩˧˥ sɨt̚˨ sui˧˥ t͡ɕʰiu˩˩ t͡sau˨˩˧ .
陳弘緒哈為佢作過《過延慶寺晤成中上人》，詩中話：「十年不過城東寺，重構香檯歷幾秋。亂後禪燈依約在，老來筇杖委蛇遊。榴花作雨胭脂冷，竹影連雲翡翠浮。話到無生諸累盡，只難消遣邵平愁。」	t͡sʰɨn˨˦ t͡ɕʰie˨˦ t͡sɔʔ˥ kuo˧˥ kuo˧˥ t͡ɕʰin˨˩˧ sz̩˩˩ saŋ˧˥ t͡suŋ˦˨ sɔŋ˩˩ n̠ʲin˧˥ , sz̩˦˨ t͡suŋ˦˨ ua˩˩ , sɨt̚˨ n̠ʲiɛn˧˥ pɨt̚˥ kuo˧˥ saŋ˧˥ tuŋ˦˨ sz̩˩˩ , ɕiɔŋ˦˨ t͡ɕi˨˩˧ t͡ɕʰiu˦˨ . lɵn˩˩ hɛu˩˩ tɛn˦˨ i˦˨ iɔʔ˥ t͡sʰai˩˩ , lau˨˩˧ lai˧˥ ui˨˩˧ sa˧˥ . fa˦˨ t͡sɔʔ˥ y˨˩˧ laŋ˨˩˧ , t͡suʔ˥ iaŋ˨˩˧ yn˧˥ . ua˩˩ tau˧˥ saŋ˦˨ , t͡sɨt̚˥ lan˧˥ ɕiɛu˦˨ pʰiaŋ˨˦ t͡sʰɛu˨˦ .
張盛，字元宗，東吳豫章郡餘汗人。首代天師張道陵嗰曾孫，第三代天師張魯嗰崽。先頭佢到南鄭（今下嗰陝西漢中）嗣教，拕曹魏封為「奉車都尉」同到「都亭侯」，但佢啷都不接受。末後佢帶得劍、印，從漢中搬到龍虎山，尋到祖師元壇、丹灶故址，就咁到許裡定居，登壇傳法，佢就係第四代天師。元·至正元年（1341年），佢拕封為「清微顯教宏德真君」。	t͡sɔŋ˦˨ , t͡sʰz̩˨˦ n̠ʲyɵn˧˥ t͡suŋ˦˨ , tuŋ˦˨ u˧˥ t͡sɔŋ˦˨ y˧˥ hɵn˩˩ n̠ʲin˧˥ . tʰai˩˩ tʰiɛn˦˨ sz̩˦˨ t͡sɔŋ˦˨ tʰau˩˩ lin˧˥ sun˦˨ , tʰi˩˩ san˦˨ tʰai˩˩ tʰiɛn˦˨ sz̩˦˨ t͡sɔŋ˦˨ t͡sai˨˩˧ . ɕiɛn˦˨ tʰɛu˨˦ t͡ɕʰie˨˦ tau˧˥ lan˧˥ t͡ɕin˦˨ ha˩˩ ˈsɛn˩˧ ɕi˦˨ t͡suŋ˦˨ kau˧˥ , ui˩˩ fuŋ˦˨ fuŋ˩˩ t͡sʰa˦˨ tu˦˨ tʰuŋ˨˦ tau˧˥ tu˦˨ hɛu˨˦ , t͡ɕʰie˨˦ tu˦˨ pɨt̚˥ t͡ɕiɛt̚˥ ɕiu˩˩ . hɛu˩˩ t͡ɕʰie˨˦ tɛt̚˥ , in˧˥ , t͡sʰuŋ˨˦ t͡suŋ˦˨ tau˧˥ luŋ˧˥ fu˨˩˧ san˦˨ , t͡sʰin˨˦ tau˧˥ sz̩˦˨ n̠ʲyɵn˧˥ , t͡sau˧˥ , t͡ɕʰiu˩˩ tau˧˥ ɕy˨˩˧ li˨˩˧ tʰiaŋ˩˩ , fat̚˥ , t͡ɕʰie˨˦ t͡ɕʰiu˩˩ tʰi˩˩ sz̩˧˥ tʰai˩˩ tʰiɛn˦˨ sz̩˦˨ . n̠ʲyɵn˧˥ t͡sz̩˧˥ n̠ʲyɵn˧˥ n̠ʲiɛn˧˥ it̚˥ san˦˨ sz̩˧˥ it̚˥ n̠ʲiɛn˧˥ , t͡ɕʰie˨˦ fuŋ˦˨ t͡ɕʰin˦˨ kau˧˥ t͡sɨn˦˨ t͡ɕyn˦˨ .
佢細大哩就才藝多多。先後官佐著作郎、臨汝縣令、州別駕。殷仲堪鎮江江陵嗰時間，推薦佢做功曹。佢末後擔任武陵太守，冇就任就逢到桓玄入侵，故係咁佢就擔任殷仲堪嗰諮議參軍。公元399年十二月，佢同殷仲堪一下死到「桓玄之難」裡頭。	t͡ɕʰie˨˦ tʰai˩˩ t͡ɕʰiu˩˩ t͡sʰai˨˦ to˦˨ to˦˨ . ɕiɛn˦˨ hɛu˩˩ kuɵn˦˨ t͡sɔʔ˥ t͡sɔʔ˥ lɔŋ˧˥ , ɕiɛn˩˩ lin˩˩ , t͡sɨu˦˨ pʰiɛt̚˥ . t͡ɕin˧˥ kɔŋ˦˨ kɔŋ˦˨ lin˧˥ sz̩˧˥ kan˨ , tʰui˦˨ t͡ɕʰie˨˦ t͡su˧˥ kuŋ˦˨ . t͡ɕʰie˨˦ hɛu˩˩ lɨn˩˩ u˨˩˧ lin˧˥ tʰai˨˩˧ , t͡ɕʰiu˩˩ lɨn˩˩ t͡ɕʰiu˩˩ tau˧˥ ɕyɵn˧˥ lɨt̚˥ t͡ɕʰin˦˨ , t͡ɕʰie˨˦ t͡ɕʰiu˩˩ lɨn˩˩ t͡ɕyn˦˨ . kuŋ˦˨ n̠ʲyɵn˧˥ san˦˨ paʔ˥ t͡ɕiu˨˩˧ sɨt̚˨ t͡ɕiu˨˩˧ n̠ʲiɛn˧˥ sɨt̚˨ ɵ˩˩ n̠ʲyɵt̚˨ , t͡ɕʰie˨˦ tʰuŋ˨˦ it̚˥ ha˩˩ sz̩˨˩˧ tau˧˥ ɕyɵn˧˥ t͡sz̩˦˨ lan˧˥ li˨˩˧ tʰɛu˨˦ .
唐朝時間江西嗰行政規劃係話唐朝到江西設置嗰行政規劃。箇時間江西攏共設立八隻州。編制上話，州嗰戶口有4萬以上嗰叫「上州」，州嗰戶口有2萬以上嗰叫「中州」，州嗰戶口不到2萬嗰叫「下州」， 故係江西八州同到佢俚嗰級別係：	tʰɔŋ˨˦ t͡sʰɛu˨˦ sz̩˧˥ kan˨ kɔŋ˦˨ ɕi˦˨ hɛn˨˦ t͡sɨn˧˥ kui˦˨ ua˩˩ tʰɔŋ˨˦ t͡sʰɛu˨˦ tau˧˥ kɔŋ˦˨ ɕi˦˨ sɛt̚˥ t͡sz̩˧˥ hɛn˨˦ t͡sɨn˧˥ kui˦˨ . sz̩˧˥ kan˨ kɔŋ˦˨ ɕi˦˨ t͡ɕʰiuŋ˩˩ sɛt̚˥ lit̚˥ pat̚˥ t͡saʔ˥ t͡sɨu˦˨ . t͡sz̩˧˥ sɔŋ˩˩ ua˩˩ , t͡sɨu˦˨ ˈfu˩˩ kʰiɛu˨˩˧ iu˨˩˧ sz̩˧˥ uan˩˩ i˨˩˧ sɔŋ˩˩ t͡ɕiɛu˧˥ sɔŋ˩˩ t͡sɨu˦˨ , t͡sɨu˦˨ ˈfu˩˩ kʰiɛu˨˩˧ iu˨˩˧ ɵ˩˩ uan˩˩ i˨˩˧ sɔŋ˩˩ t͡ɕiɛu˧˥ t͡suŋ˦˨ t͡sɨu˦˨ , t͡sɨu˦˨ ˈfu˩˩ kʰiɛu˨˩˧ pɨt̚˥ tau˧˥ ɵ˩˩ uan˩˩ t͡ɕiɛu˧˥ ha˩˩ t͡sɨu˦˨ , kɔŋ˦˨ ɕi˦˨ pat̚˥ t͡sɨu˦˨ tʰuŋ˨˦ tau˧˥ t͡ɕʰie˨˦ pʰiɛt̚˥ ,
堂聯係對家族嗰歷史嗰一隻概述，寫得好壞都係一隻人屋裡興榮境況嗰反映。袁州《南陽堂鄧氏重修族譜》話到家族嗰一封堂聯：「派分河北由汀州而潮州惠州袁州一脈流傳愈盛；祭舉冬至自始祖迄高祖曾祖顯祖千秋陟降攸臨」。箇對堂聯話清楚完個家族歌遷徙史起，接得有話明各代嗰先祖。箇就係贛地氏族嗰發展史嗰一隻縮版。	tʰɔŋ˨˦ liɛn˧˥ ka˦˨ t͡sʰuʔ˥ lit̚˥ ˈsz̩˨˩˧ it̚˥ t͡saʔ˥ kʰai˨˩˧ , ɕia˨˩˧ tɛt̚˥ hau˨˩˧ fuai˩˩ tu˦˨ it̚˥ t͡saʔ˥ n̠ʲin˧˥ uʔ˥ li˨˩˧ ɕin˦˨ iuŋ˧˥ kʰuɔŋ˨˩˧ fan˨˩˧ iaŋ˨˩˧ . t͡sɨu˦˨ lan˧˥ iɔŋ˧˥ tʰɔŋ˨˦ sz̩˩˩ ɕiu˦˨ t͡sʰuʔ˥ ua˩˩ tau˧˥ ka˦˨ t͡sʰuʔ˥ it̚˥ fuŋ˦˨ tʰɔŋ˨˦ liɛn˧˥ , pʰai˨˩˧ fɨn˦˨ ho˨˦ pɛt̚˥ i˧˥ t͡sɨu˦˨ ɵ˧˥ t͡sɨu˦˨ fɨi˩˩ t͡sɨu˦˨ t͡sɨu˦˨ it̚˥ mɛt̚˥ liu˧˥ , t͡ɕi˧˥ t͡ɕy˨˩˧ tuŋ˦˨ t͡sz̩˧˥ t͡sʰz̩˩˩ sz̩˨˩˧ kau˦˨ t͡ɕʰiɛn˦˨ t͡ɕʰiu˦˨ kɔŋ˧˥ . tʰɔŋ˨˦ liɛn˧˥ ua˩˩ t͡ɕʰin˦˨ t͡sʰu˨˩˧ uɵn˧˥ ko˧˥ ka˦˨ t͡sʰuʔ˥ ko˦˨ t͡ɕʰiɛn˦˨ sz̩˨˩˧ t͡ɕʰi˨˩˧ , t͡ɕiɛt̚˥ tɛt̚˥ iu˨˩˧ ua˩˩ min˧˥ kɔʔ˥ tʰai˩˩ ɕiɛn˦˨ . t͡ɕʰiu˩˩ kɵn˧˥ tʰi˩˩ sz̩˩˩ t͡sʰuʔ˥ t͡sɛn˨˩˧ sz̩˨˩˧ it̚˥ t͡saʔ˥ sɔʔ˥ .
嚴明嗰家法限制每隻家族成員嗰個人慾望，所有人喫嘚一起，住嘚一起，做事也一起。屋裡全家人嗰經營管理係家族同到各莊客兩頭舞，錢財收支也係咁舞。驁鴷不聽話嗰人會拕專門嗰刑杖厅懲罰。	n̠ʲiɛn˧˥ min˧˥ ka˦˨ fat̚˥ t͡sz̩˧˥ t͡saʔ˥ ka˦˨ t͡sʰuʔ˥ saŋ˧˥ yɵn˧˥ ko˧˥ n̠ʲin˧˥ mɔŋ˩˩ , so˨˩˧ iu˨˩˧ n̠ʲin˧˥ t͡ɕʰiaʔ˥ it̚˥ t͡ɕʰi˨˩˧ , t͡ɕʰy˩˩ it̚˥ t͡ɕʰi˨˩˧ , t͡su˧˥ sz̩˩˩ ia˨˩˧ it̚˥ t͡ɕʰi˨˩˧ . uʔ˥ li˨˩˧ t͡ɕʰyɵn˨˦ ka˦˨ n̠ʲin˧˥ t͡ɕiaŋ˦˨ yn˧˥ kuɵn˨˩˧ li˨˩˧ ka˦˨ t͡sʰuʔ˥ tʰuŋ˨˦ tau˧˥ kɔʔ˥ t͡sɔŋ˦˨ kʰaʔ˥ tʰɛu˨˦ , t͡ɕʰiɛn˨˦ t͡sʰai˨˦ ɕiu˦˨ t͡sz̩˦˨ ia˨˩˧ . pɨt̚˥ tʰiaŋ˦˨ ua˩˩ n̠ʲin˧˥ fɨi˩˩ t͡sɵn˦˨ mɨn˧˥ fat̚˨ .
《姓氏箋釋》裡頭嗰內容不同《百家姓》咁嗰書體，佢嗰書搦全部嗰姓連嘚一起，或記事、或寫景、或描物、或抒情。好似：「庸王家國，萬古隆昌。江山席鞏、諸夏平康。文習孔孟，武乜孫龐。伏農黃后、陶姚禹湯。周公封魯，管仲相恒。通鳥公冶，明經公羊。」咁就不像早已《百家姓》箇滴子書許枯燥。	ɕiaŋ˧˥ sz̩˩˩ li˨˩˧ tʰɛu˨˦ lui˩˩ iuŋ˧˥ pɨt̚˥ tʰuŋ˨˦ paʔ˥ ka˦˨ ɕiaŋ˧˥ ɕy˦˨ tʰi˨˩˧ , t͡ɕʰie˨˦ ɕy˦˨ t͡ɕʰyɵn˨˦ pʰu˩˩ ɕiaŋ˧˥ it̚˥ t͡ɕʰi˨˩˧ , fɛt̚˥ t͡ɕi˧˥ sz̩˩˩ , fɛt̚˥ ɕia˨˩˧ t͡ɕin˨˩˧ , fɛt̚˥ ut̚˥ , fɛt̚˥ t͡ɕʰin˨˦ . hau˨˩˧ , uɔŋ˧˥ ka˦˨ kuɛt̚˥ , uan˩˩ ku˨˩˧ luŋ˧˥ t͡sʰɔŋ˦˨ . kɔŋ˦˨ san˦˨ t͡ɕʰiaʔ˨ , ha˩˩ pʰiaŋ˨˦ . un˧˥ ɕit̚˥ kʰuŋ˨˩˧ mɛn˩˩ , u˨˩˧ sun˦˨ . luŋ˧˥ uɔŋ˧˥ hɛu˩˩ , tʰau˨˦ tʰɔŋ˦˨ . t͡sɨu˦˨ kuŋ˦˨ fuŋ˦˨ , kuɵn˨˩˧ ɕiɔŋ˧˥ hɛn˨˦ . tʰuŋ˦˨ n̠ʲiɛu˨˩˧ kuŋ˦˨ , min˧˥ t͡ɕiaŋ˦˨ kuŋ˦˨ iɔŋ˧˥ . t͡ɕʰiu˩˩ pɨt̚˥ t͡ɕʰiɔŋ˩˩ t͡sau˨˩˧ i˨˩˧ paʔ˥ ka˦˨ ɕiaŋ˧˥ t͡sz̩˨˩˧ ɕy˦˨ ɕy˨˩˧ .
宋朝嗰時間，江西嗰雷姓人口排得宋朝嗰同姓總人口嗰第2位。明朝嗰時間，江西嗰雷姓人口排得明朝嗰同姓總人口嗰第1位，佔得明朝雷姓人口嗰30%，佔得江西總人口嗰0.3%。	suŋ˧˥ t͡sʰɛu˨˦ sz̩˧˥ kan˨ , kɔŋ˦˨ ɕi˦˨ lui˧˥ ɕiaŋ˧˥ n̠ʲin˧˥ kʰiɛu˨˩˧ pʰai˨˦ tɛt̚˥ suŋ˧˥ t͡sʰɛu˨˦ tʰuŋ˨˦ ɕiaŋ˧˥ n̠ʲin˧˥ kʰiɛu˨˩˧ tʰi˩˩ ɵ˩˩ ui˩˩ . min˧˥ t͡sʰɛu˨˦ sz̩˧˥ kan˨ , kɔŋ˦˨ ɕi˦˨ lui˧˥ ɕiaŋ˧˥ n̠ʲin˧˥ kʰiɛu˨˩˧ pʰai˨˦ tɛt̚˥ min˧˥ t͡sʰɛu˨˦ tʰuŋ˨˦ ɕiaŋ˧˥ n̠ʲin˧˥ kʰiɛu˨˩˧ tʰi˩˩ it̚˥ ui˩˩ , tɛt̚˥ min˧˥ t͡sʰɛu˨˦ lui˧˥ ɕiaŋ˧˥ n̠ʲin˧˥ kʰiɛu˨˩˧ paʔ˥ fɨn˦˨ t͡sz̩˦˨ san˦˨ sɨt̚˨ , tɛt̚˥ kɔŋ˦˨ ɕi˦˨ n̠ʲin˧˥ kʰiɛu˨˩˧ paʔ˥ fɨn˦˨ t͡sz̩˦˨ lin˧˥ tiɛn˨˩˧ san˦˨ .
晏滴子寫正嗰《後漢書》嗰《劉表傳》話：「江南宗賊大盛……唯江夏賊張莊、陳坐擁兵據襄陽城，表使越與龐季往譬之，及降。江南悉平。」箇話嗰係今下湖北嗰襄陽許塊子地方。王逸嗰《楚辞章句》裡頭話：「襄王遷屈原於江南，在江湘之間。」故係，上頭嗰箇滴子漢代史籍都表明，許時間嗰江南應該係今下嗰江西、湖南、湖北箇滴子地方。	t͡sz̩˨˩˧ ɕia˨˩˧ hɛu˩˩ ɕy˦˨ piɛu˨˩˧ ua˩˩ , kɔŋ˦˨ lan˧˥ t͡suŋ˦˨ t͡sʰɛt̚˨ tʰai˩˩ kɔŋ˦˨ ha˩˩ t͡sʰɛt̚˨ t͡sɔŋ˦˨ t͡sɔŋ˦˨ , t͡sʰɨn˨˦ t͡sʰo˩˩ pin˦˨ ɕiɔŋ˦˨ iɔŋ˧˥ saŋ˧˥ , piɛu˨˩˧ yɵt̚˥ uɔŋ˨˩˧ t͡sz̩˦˨ , t͡ɕʰit̚˨ kɔŋ˧˥ . kɔŋ˦˨ lan˧˥ pʰiaŋ˨˦ . ua˩˩ t͡ɕin˦˨ ha˩˩ fu˧˥ pɛt̚˥ ɕiɔŋ˦˨ iɔŋ˧˥ ɕy˨˩˧ kʰuai˨˩˧ t͡sz̩˨˩˧ tʰi˩˩ fɔŋ˩ . uɔŋ˧˥ t͡sʰu˨˩˧ t͡sʰz̩˨˦ t͡sɔŋ˦˨ t͡ɕy˧˥ li˨˩˧ tʰɛu˨˦ ua˩˩ , ɕiɔŋ˦˨ uɔŋ˧˥ t͡ɕʰiɛn˦˨ n̠ʲyɵn˧˥ kɔŋ˦˨ lan˧˥ , t͡sʰai˩˩ kɔŋ˦˨ ɕiɔŋ˦˨ t͡sz̩˦˨ kan˦˨ , sɔŋ˩˩ tʰɛu˨˦ t͡sz̩˨˩˧ tʰai˩˩ sz̩˨˩˧ tu˦˨ piɛu˨˩˧ min˧˥ , he˨˩ sz̩˩ kan˦˨ kɔŋ˦˨ lan˧˥ t͡ɕin˦˨ ha˩˩ kɔŋ˦˨ ɕi˦˨ , fu˧˥ lan˧˥ , fu˧˥ pɛt̚˥ t͡sz̩˨˩˧ tʰi˩˩ fɔŋ˩ .
江西到上古時代都係南蠻、百越嗰地盤，到春秋戰國嗰時間拕吳國、楚國嗰文化影響，但箇都一徑要等得西漢時間，豫章郡拕設立，咁才開始有華夏文化嗰傳播。家族修譜嗰傳統始自兩晉南北朝， 但許時間都係官方修撰，私人修譜嗰風氣要等到宋朝才確立。	kɔŋ˦˨ ɕi˦˨ tau˧˥ sɔŋ˩˩ ku˨˩˧ sz̩˧˥ tʰai˩˩ tu˦˨ lan˧˥ man˦˨ , paʔ˥ yɵt̚˥ tʰi˩˩ pʰɵn˨˦ , tau˧˥ t͡sʰun˦˨ t͡ɕʰiu˦˨ t͡sɛn˧˥ kuɛt̚˥ sz̩˧˥ kan˨ u˧˥ kuɛt̚˥ , t͡sʰu˨˩˧ kuɛt̚˥ un˧˥ fa˧˥ iaŋ˨˩˧ , tu˦˨ it̚˥ iɛu˦˨ tɛn˨˩˧ tɛt̚˥ ɕi˦˨ sz̩˧˥ kan˨ , t͡sɔŋ˦˨ sɛt̚˥ lit̚˥ , t͡sʰai˨˦ kʰai˦˨ sz̩˨˩˧ iu˨˩˧ fa˧˥ ha˩˩ un˧˥ fa˧˥ . ka˦˨ t͡sʰuʔ˥ ɕiu˦˨ tʰuŋ˨˩˧ sz̩˨˩˧ t͡sʰz̩˩˩ t͡ɕin˧˥ lan˧˥ pɛt̚˥ t͡sʰɛu˨˦ , he˨˩ sz̩˩ kan˦˨ tu˦˨ kuɵn˦˨ fɔŋ˦˨ ɕiu˦˨ , sz̩˦˨ n̠ʲin˧˥ ɕiu˦˨ fuŋ˦˨ t͡ɕʰi˨˩˧ iɛu˦˨ tɛn˨˩˧ tau˧˥ suŋ˧˥ t͡sʰɛu˨˦ t͡sʰai˨˦ kʰɔʔ˥ lit̚˥ .
宋應星（ ? ），字長庚，南昌府奉新縣北鄉雅溪牌坊村（今下嗰宋埠鄉牌樓村）人。 佢係明朝好有名嗰科學家。佢寫嗰《天工開物》箇本17世紀嗰百科全書容得許時間大量嗰科學技術門類，裡頭就有火藥武器箇滴子尖端武器、技術嗰介紹。 佢到歷史上舞出嗰巨大成就，𠵹佢有時間會拕人跟法國嗰科學家狄德羅比得一起，話宋應星係「中國嗰狄德羅」。	suŋ˧˥ ɕiaŋ˦˨ , t͡sʰz̩˨˦ t͡sʰɔŋ˨˦ kiɛn˦˨ , lan˧˥ t͡sʰɔŋ˦˨ fu˨˩˧ fuŋ˩˩ ɕin˦˨ ɕiɛn˩˩ pɛt̚˥ ɕiɔŋ˦˨ t͡ɕʰi˦˨ t͡ɕin˦˨ ha˩˩ suŋ˧˥ ɕiɔŋ˦˨ lɛu˧˥ n̠ʲin˧˥ . t͡ɕʰie˨˦ min˧˥ t͡sʰɛu˨˦ hau˨˩˧ iu˩˧ miaŋ˧˥ ˈkʰuo˦˨ hɔʔ˥ ka˦˨ . t͡ɕʰie˨˦ ɕia˨˩˧ tʰiɛn˦˨ kuŋ˦˨ kʰai˦˨ ut̚˥ pɨn˨˩˧ sɨt̚˨ t͡ɕʰit̚˥ sz̩˧˥ paʔ˥ kʰuo˦˨ t͡ɕʰyɵn˨˦ ɕy˦˨ iuŋ˧˥ tɛt̚˥ he˨˩ sz̩˩ kan˦˨ tʰai˩˩ liɔŋ˩˩ ˈkʰuo˦˨ hɔʔ˥ t͡ɕʰi˩˩ sɨt̚˥ mɨn˧˥ lui˩˩ , li˨˩˧ tʰɛu˨˦ t͡ɕʰiu˩˩ iu˨˩˧ fo˨˩˧ iɔʔ˥ u˨˩˧ t͡ɕʰi˨˩˧ t͡sz̩˨˩˧ t͡ɕiɛn˦˨ tɵn˦˨ u˨˩˧ t͡ɕʰi˨˩˧ , t͡ɕʰi˩˩ sɨt̚˥ ˈkai˧˥ sɛu˩˩ . t͡ɕʰie˨˦ tau˧˥ lit̚˥ ˈsz̩˨˩˧ sɔŋ˩˩ t͡sʰɨt̚˥ tʰai˩˩ saŋ˧˥ t͡ɕʰiu˩˩ , t͡ɕʰie˨˦ iu˨˩ sz̩˩ kan˦˨ fɨi˩˩ n̠ʲin˧˥ kiɛn˦˨ fat̚˥ kuɛt̚˥ ˈkʰuo˦˨ hɔʔ˥ ka˦˨ lo˧˥ pi˨˩˧ tɛt̚˥ it̚˥ t͡ɕʰi˨˩˧ , ua˩˩ suŋ˧˥ ɕiaŋ˦˨ t͡suŋ˦˨ kuɛt̚˥ lo˧˥ .
同年，南明到南京建立。宋應星拕推薦做滁和兵巡道跟南瑞兵巡道，但佢一心歸隱，表示推辭。 明朝滅亡後，辭吥廣州知府之職嗰宋應昇同宋應星到老家重逢。1646年，宋應昇寫完兩首絕筆詩後就吞毒殉國嘍。 1655年。宋應星拕陳弘緒邀請，幫佢嗰《南昌郡乘》寫篇《宋應昇傳》。	tʰuŋ˨˦ n̠ʲiɛn˧˥ , lan˧˥ min˧˥ tau˧˥ lan˧˥ t͡ɕin˦˨ t͡ɕiɛn˧˥ lit̚˥ . suŋ˧˥ ɕiaŋ˦˨ tʰui˦˨ t͡su˧˥ fo˧˥ pin˦˨ ɕyn˧˥ tʰau˩˩ kiɛn˦˨ lan˧˥ sui˩˩ pin˦˨ ɕyn˧˥ tʰau˩˩ , t͡ɕʰie˨˦ it̚˥ ɕin˦˨ kui˦˨ , piɛu˨˩˧ sz̩˩˩ tʰui˦˨ t͡sʰz̩˨˦ . min˧˥ t͡sʰɛu˨˦ miɛt̚˥ hɛu˩˩ , t͡sʰz̩˨˦ kuɔŋ˨˩˧ t͡sɨu˦˨ t͡sz̩˦˨ fu˨˩˧ t͡sz̩˦˨ t͡sɨt̚˥ suŋ˧˥ tʰuŋ˨˦ suŋ˧˥ ɕiaŋ˦˨ tau˧˥ ˈlau˩˧ ka˦˨ . it̚˥ liuʔ˥ sz̩˧˥ liuʔ˥ n̠ʲiɛn˧˥ , suŋ˧˥ ɕia˨˩˧ uɵn˧˥ t͡ɕʰyɵt̚˨ pit̚˥ sz̩˦˨ hɛu˩˩ t͡ɕʰiu˩˩ tʰuʔ˨ kuɛt̚˥ . it̚˥ liuʔ˥ ŋ̍˨˩˧ ŋ̍˨˩˧ n̠ʲiɛn˧˥ . suŋ˧˥ ɕiaŋ˦˨ t͡sʰɨn˨˦ t͡ɕʰiaŋ˨˩˧ , pɔŋ˦˨ t͡ɕʰie˨˦ lan˧˥ t͡sʰɔŋ˦˨ ɕia˨˩˧ suŋ˧˥ .
英國漢學家、史學家李約瑟話《天工開物》裡頭大量嗰畫得非常精細嗰插圖讓中國先頭嗰百科全書都變得像侏儒，箇本百科全書都係中國文學裡頭非常有價值嗰著作。 同時間，《天工開物》箇本書也打破中國早以極少引用先前書籍嗰一貫傳統，佢強烈採用第一手經驗嗰材料。宋應星也到書嗰序言裡頭話箇都係多虧佢早年嗰清苦貧賤。	in˦˨ kuɛt̚˥ hɔʔ˨ ka˦˨ , sz̩˨˩˧ hɔʔ˨ ka˦˨ li˨˩˧ iɔʔ˥ ua˩˩ tʰiɛn˦˨ kuŋ˦˨ kʰai˦˨ ut̚˥ li˨˩˧ tʰɛu˨˦ tʰai˩˩ liɔŋ˩˩ fa˩˩ tɛt̚˥ sɔŋ˧˥ t͡ɕin˦˨ t͡suŋ˦˨ kuɛt̚˥ ɕiɛn˦˨ tʰɛu˨˦ paʔ˥ kʰuo˦˨ t͡ɕʰyɵn˨˦ ɕy˦˨ tu˦˨ tɛt̚˥ t͡ɕʰiɔŋ˩˩ ɵ˧˥ , pɨn˨˩˧ paʔ˥ kʰuo˦˨ t͡ɕʰyɵn˨˦ ɕy˦˨ tu˦˨ t͡suŋ˦˨ kuɛt̚˥ un˧˥ hɔʔ˨ li˨˩˧ tʰɛu˨˦ sɔŋ˧˥ iu˨˩˧ t͡sʰɨt̚˨ t͡sɔʔ˥ t͡sɔʔ˥ . tʰuŋ˨˦ sz̩˧˥ kan˨ , tʰiɛn˦˨ kuŋ˦˨ kʰai˦˨ ut̚˥ pɨn˨˩˧ ɕy˦˨ ia˨˩˧ ta˨˩˧ pʰo˨˩˧ t͡suŋ˦˨ kuɛt̚˥ t͡sau˨˩˧ i˨˩˧ t͡ɕʰit̚˨ sɛu˨˩˧ iuŋ˩˩ ɕiɛn˦˨ t͡ɕʰiɛn˨˦ ɕy˦˨ it̚˥ tʰuŋ˨˩˧ , t͡ɕʰie˨˦ t͡ɕʰiɔŋ˨˦ iuŋ˩˩ tʰi˩˩ it̚˥ sɨu˨˩˧ t͡ɕiaŋ˦˨ n̠ʲiɛn˩˩ . suŋ˧˥ ɕiaŋ˦˨ ia˨˩˧ tau˧˥ ɕy˦˨ ɕy˩˩ n̠ʲiɛn˧˥ li˨˩˧ tʰɛu˨˦ ua˩˩ tu˦˨ to˦˨ kʰui˦˨ t͡ɕʰie˨˦ t͡sau˨˩˧ n̠ʲiɛn˧˥ t͡ɕʰin˦˨ kʰu˨˩˧ pʰin˨˦ .
揸得《八修新吳雅溪宋氏宗譜》卷一 - 《江西奉新世系考略》嗰話法，江西嗰宋姓源自漢代嗰九江太守宋均。佢下傳到十四代，就係宋釗。隋末社會動亂舞得宋釗全家搬到新吳，箇就係奉新宋姓（宋應星家族）嗰始端。	tɛt̚˥ pat̚˥ ɕiu˦˨ ɕin˦˨ u˧˥ t͡ɕʰi˦˨ suŋ˧˥ sz̩˩˩ t͡suŋ˦˨ it̚˥ kɔŋ˦˨ ɕi˦˨ fuŋ˩˩ ɕin˦˨ sz̩˧˥ ɕi˩˩ kʰau˨˩˧ ua˩˩ fat̚˥ , kɔŋ˦˨ ɕi˦˨ suŋ˧˥ ɕiaŋ˧˥ t͡sʰz̩˩˩ tʰai˩˩ t͡ɕiu˨˩˧ kɔŋ˦˨ tʰai˨˩˧ suŋ˧˥ t͡ɕyn˦˨ . t͡ɕʰie˨˦ ha˩˩ tau˧˥ sɨt̚˨ sz̩˧˥ tʰai˩˩ , t͡ɕʰiu˩˩ suŋ˧˥ . sa˩˩ fɨi˩˩ tʰuŋ˩˩ lɵn˩˩ tɛt̚˥ suŋ˧˥ t͡ɕʰyɵn˨˦ ka˦˨ tau˧˥ ɕin˦˨ u˧˥ , t͡ɕʰiu˩˩ fuŋ˩˩ ɕin˦˨ suŋ˧˥ ɕiaŋ˧˥ suŋ˧˥ ɕiaŋ˦˨ ka˦˨ t͡sʰuʔ˥ sz̩˨˩˧ tɵn˦˨ .
等佢出世嗰時間，佢屋裡家境都係蠻寬裕嗰。故係佢爺、三隻大兄都讓佢去讀書。宋仲禮冇到20歲，以鄉選貢生嗰身份進入京師國子監，考列優等，「應選貢游太學，廷試第一」，咁佢屋裡就變做士族階層。箇時間佢又有家業又有功名，就「子孫呈請復姓」，故係等到永樂中期，全族人正式改姓做「宋」。	tɛn˨˩˧ t͡ɕʰie˨˦ t͡sʰɨt̚˥ sz̩˧˥ sz̩˧˥ kan˨ , t͡ɕʰie˨˦ uʔ˥ li˨˩˧ ka˦˨ tu˦˨ man˦˨ . t͡ɕʰie˨˦ ia˧˥ , san˦˨ t͡saʔ˥ tʰai˩˩ ɕiaŋ˦˨ tu˦˨ t͡ɕʰie˨˦ t͡ɕʰie˨˩˧ tʰuʔ˨ ɕy˦˨ . suŋ˧˥ li˨˩˧ tau˧˥ ɵ˩˩ sɨt̚˨ sui˧˥ , i˨˩˧ ɕiɔŋ˦˨ ɕyɵn˨˩˧ saŋ˦˨ sɨn˦˨ t͡sin˧˥ lɨt̚˥ t͡ɕin˦˨ sz̩˦˨ kuɛt̚˥ t͡sz̩˨˩˧ kan˦˨ , kʰau˨˩˧ liɛt̚˥ tɛn˨˩˧ , ɕyɵn˨˩˧ tʰai˨˩˧ hɔʔ˨ , tʰi˩˩ it̚˥ , t͡ɕʰie˨˦ uʔ˥ li˨˩˧ t͡ɕʰiu˩˩ t͡su˧˥ sz̩˩˩ t͡sʰuʔ˥ t͡sʰɛn˨˦ . sz̩˧˥ kan˨ t͡ɕʰie˨˦ iu˩˩ iu˨˩˧ ka˦˨ n̠ʲiɛt̚˥ iu˩˩ iu˨˩˧ ˈkuŋ˦˨ min˧˥ , t͡ɕʰiu˩˩ t͡sz̩˨˩˧ sun˦˨ t͡ɕʰiaŋ˨˩˧ ɕiaŋ˧˥ , tɛn˨˩˧ tau˧˥ yn˨˩˧ ŋɔʔ˥ t͡suŋ˦˨ , t͡ɕʰyɵn˨˦ t͡sʰuʔ˥ n̠ʲin˧˥ sɨt̚˥ kai˨˩˧ ɕiaŋ˧˥ t͡su˧˥ suŋ˧˥ .
末後，佢轉任福建嗰興泉兵備道（正四品），鎮守興化府、泉州府嗰海防。期間日本嗰倭寇來襲，佢就築堤防海訊，「民賴安之」。1625年，佢拕薦起任做廣東布政使司參政（從三品），兩年後致仕歸里。	hɛu˩˩ , t͡ɕʰie˨˦ t͡sɵn˨˩˧ lɨn˩˩ fuʔ˥ t͡ɕiɛn˨ ɕin˦˨ t͡ɕʰyɵn˨˦ pin˦˨ tʰau˩˩ sz̩˧˥ pʰin˨˩˧ , t͡ɕin˧˥ ɕin˦˨ fa˧˥ fu˨˩˧ , t͡ɕʰyɵn˨˦ t͡sɨu˦˨ fu˨˩˧ hai˨˩˧ fɔŋ˧˥ . kan˦˨ n̠ʲit̚˥ pɨn˨˩˧ lai˧˥ , t͡ɕʰie˨˦ t͡ɕʰiu˩˩ fɔŋ˧˥ hai˨˩˧ , min˧˥ lai˩˩ ŋɵn˦˨ t͡sz̩˦˨ . it̚˥ liuʔ˥ ɵ˩˩ ŋ̍˨˩˧ n̠ʲiɛn˧˥ , t͡ɕʰie˨˦ t͡ɕʰi˨˩˧ lɨn˩˩ t͡su˧˥ kuɔŋ˨˩˧ tuŋ˦˨ pu˧˥ t͡sɨn˧˥ t͡sɨn˧˥ t͡sʰuŋ˨˦ san˦˨ pʰin˨˩˧ , n̠ʲiɛn˧˥ hɛu˩˩ t͡sz̩˧˥ kui˦˨ li˨˩˧ .
得罪遍全朝野嗰姜曰廣到1644年九月請辭，臨行前話：「微臣觸忤權奸，自分萬死，上恩寬大，猶許歸田。臣歸后，願陛下以國事為重。」弘光皇帝冇挽留得正佢，許時間南京城嗰百姓就話：「朝堂留了姜閣老，弘光方可保。去了姜閣老，弘光並要跑。」	tɛt̚˥ t͡sʰui˩˩ t͡ɕʰyɵn˨˦ t͡sʰɛu˨˦ ia˨˩˧ t͡ɕiɔŋ˦˨ kuɔŋ˨˩˧ tau˧˥ it̚˥ liuʔ˥ sz̩˧˥ sz̩˧˥ n̠ʲiɛn˧˥ t͡ɕiu˨˩˧ n̠ʲyɵt̚˨ t͡ɕʰiaŋ˨˩˧ t͡sʰz̩˨˦ , hɛn˨˦ t͡ɕʰiɛn˨˦ ua˩˩ , t͡sʰuʔ˥ t͡ɕʰyɵn˨˦ , t͡sʰz̩˩˩ fɨn˦˨ uan˩˩ sz̩˨˩˧ , sɔŋ˩˩ ŋiɛn˦˨ tʰai˩˩ , ɕy˨˩˧ kui˦˨ tʰiɛn˨˦ . kui˦˨ hɛu˩˩ , n̠ʲyɵn˩˩ ha˩˩ i˨˩˧ kuɛt̚˥ sz̩˩˩ . kuɔŋ˦˨ ti˧˥ tɛt̚˥ t͡ɕʰie˨˦ , he˨˩ sz̩˩ kan˦˨ lan˧˥ t͡ɕin˦˨ saŋ˧˥ ˈpɛt̚˥ ɕin˧˥ t͡ɕʰiu˩˩ ua˩˩ , t͡sʰɛu˨˦ tʰɔŋ˨˦ liɛu t͡ɕiɔŋ˦˨ lau˨˩˧ , kuɔŋ˦˨ fɔŋ˦˨ . t͡ɕʰie˨˩˧ liɛu t͡ɕiɔŋ˦˨ lau˨˩˧ , kuɔŋ˦˨ iɛu˦˨ pʰau˨˩˧ .
七月，得仁提兵如建昌，章於天差官票追其餉三十萬，得仁大怒，捶案大呼曰：「我王流賊也！大明崇禎皇帝為我逼死，汝不知耶！語汝官，無餉可得，杠則有之！」聲如嘶吼，目睛皆出，敲其差官三十杠曰：「寄章於天，此三十萬餉銀也！」聲桓聞之，謂其客曰：「王家兒急矣！所遣請印陳大生等數輩皆不還，奈何？」	t͡ɕʰit̚˥ n̠ʲyɵt̚˨ , tɛt̚˥ tʰia˨˦ pin˦˨ ɵ˧˥ t͡ɕiɛn˧˥ t͡sʰɔŋ˦˨ , t͡sɔŋ˦˨ tʰiɛn˦˨ kuɵn˦˨ pʰiɛu˨˩˧ t͡sui˦˨ t͡ɕʰi˨˦ san˦˨ sɨt̚˨ uan˩˩ , tɛt̚˥ tʰai˩˩ , ŋan˧˥ tʰai˩˩ , ŋo˨˩˧ uɔŋ˧˥ liu˧˥ t͡sʰɛt̚˨ ia˨˩˧ ! tʰai˩˩ min˧˥ ti˧˥ ŋo˨˩˧ pit̚˥ sz̩˨˩˧ , pɨt̚˥ t͡sz̩˦˨ ! n̠ʲy˨˩˧ kuɵn˦˨ , tɛt̚˥ , t͡sɛt̚˥ iu˨˩˧ t͡sz̩˦˨ ! saŋ˦˨ ɵ˧˥ hɛu˨˩˧ , muʔ˥ t͡sʰɨt̚˥ , kʰau˦˨ t͡ɕʰi˨˦ kuɵn˦˨ san˦˨ sɨt̚˨ , t͡sɔŋ˦˨ tʰiɛn˦˨ , san˦˨ sɨt̚˨ uan˩˩ n̠ʲin˧˥ ia˨˩˧ ! saŋ˦˨ un˧˥ t͡sz̩˦˨ , t͡ɕʰi˨˦ kʰaʔ˥ , uɔŋ˧˥ ka˦˨ ɵ˧˥ ! so˨˩˧ t͡ɕʰiaŋ˨˩˧ in˧˥ t͡sʰɨn˨˦ tʰai˩˩ saŋ˦˨ tɛn˨˩˧ su˨˩˧ pi˧˥ pɨt̚˥ uan˧˥ ?
五月初七日辛未，七百騎至石頭口，傳為鮑瑞王兵，又曰九江裨將吳高敗兵。及見其紅纓白帳，始議築城。明日，西岸哭聲震野，鐵騎滿西山矣。大隊從東路走南昌，而以偏師先從麥源青嵐諸道搜西山而後出，故未下營，已血刃數十里。	ŋ̍˨˩˧ n̠ʲyɵt̚˨ t͡sʰu˦˨ t͡ɕʰit̚˥ n̠ʲit̚˥ ɕin˦˨ ui˩˩ , t͡ɕʰit̚˥ paʔ˥ t͡ɕʰi˨˦ t͡sz̩˧˥ saʔ˨ tʰɛu˨˦ kʰiɛu˨˩˧ , pʰau˩˩ sui˩˩ uɔŋ˧˥ pin˦˨ , iu˩˩ t͡ɕiu˨˩˧ kɔŋ˦˨ u˧˥ kau˦˨ pin˦˨ . t͡ɕʰit̚˨ t͡ɕiɛn˧˥ t͡ɕʰi˨˦ fuŋ˧˥ pʰaʔ˨ t͡sɔŋ˧˥ , sz̩˨˩˧ saŋ˧˥ . ˈmiaŋ˧˥ n̠ʲit̚˥ , ɕi˦˨ ŋɵn˩˩ kʰuʔ˥ saŋ˦˨ t͡sɨn˧˥ ia˨˩˧ , tʰiɛt̚˥ t͡ɕʰi˨˦ mɵn˨˩˧ ɕi˦˨ san˦˨ . tʰai˩˩ t͡sʰuŋ˨˦ tuŋ˦˨ lu˩˩ t͡sɛu˨˩˧ lan˧˥ t͡sʰɔŋ˦˨ , ɵ˧˥ i˨˩˧ pʰiɛn˦˨ sz̩˦˨ ɕiɛn˦˨ t͡sʰuŋ˨˦ maʔ˥ t͡ɕʰiaŋ˦˨ tʰau˩˩ ɕi˦˨ san˦˨ ɵ˧˥ hɛu˩˩ t͡sʰɨt̚˥ , ui˩˩ ha˩˩ yn˧˥ , i˨˩˧ ɕyɵt̚˥ lɨn˨˩˧ su˨˩˧ sɨt̚˨ li˨˩˧ .
胡澹憤國中所為不中，以為兩人不足惜，而徒沮中原之氣，病膈噎死。其二子亦為大兵擒斬。百姓轉復歸輸糧販鬻，為大兵耳目。幾月以後，牛酒蔬菜日至安坐而收其斃。然王氏火器悍精且多，清兵攻城，亦數為所困。全鳴時蒞事，眾志一新。全亦能軍善守，故前後相持至八月閱。	fu˧˥ kuɛt̚˥ t͡suŋ˦˨ so˨˩˧ pɨt̚˥ t͡suŋ˦˨ , i˨˩˧ n̠ʲin˧˥ pɨt̚˥ t͡ɕiuʔ˥ , ɵ˧˥ t͡suŋ˦˨ n̠ʲyɵn˧˥ t͡sz̩˦˨ t͡ɕʰi˨˩˧ , pʰiaŋ˩˩ sz̩˨˩˧ . t͡ɕʰi˨˦ ɵ˩˩ t͡sz̩˨˩˧ tʰai˩˩ pin˦˨ t͡san˨˩˧ . ˈpɛt̚˥ ɕin˧˥ t͡sɵn˨˩˧ kui˦˨ , tʰai˩˩ pin˦˨ ɵ˨˩˧ muʔ˥ . t͡ɕi˨˩˧ n̠ʲyɵt̚˨ i˨˩˧ hɛu˩˩ , n̠ʲiu˧˥ t͡ɕiu˨˩˧ t͡sʰai˨˩˧ n̠ʲit̚˥ t͡sz̩˧˥ ŋɵn˦˨ t͡sʰo˩˩ ɵ˧˥ ɕiu˦˨ t͡ɕʰi˨˦ . lɛn˧˥ uɔŋ˧˥ sz̩˩˩ fo˨˩˧ t͡ɕʰi˨˩˧ t͡ɕin˦˨ to˦˨ , t͡ɕʰin˦˨ pin˦˨ saŋ˧˥ , su˨˩˧ so˨˩˧ kʰun˨˩˧ . t͡ɕʰyɵn˨˦ sz̩˧˥ sz̩˩˩ , t͡suŋ˧˥ t͡sz̩˧˥ it̚˥ ɕin˦˨ . t͡ɕʰyɵn˨˦ lɛn˧˥ t͡ɕyn˦˨ sɛn˩˩ , t͡ɕʰiɛn˨˦ hɛu˩˩ ɕiɔŋ˧˥ t͡sz̩˧˥ pat̚˥ n̠ʲyɵt̚˨ yɵt̚˥ .
箇本書最煞辣嗰一點係話出天狗喫日頭單係隻自然現象，同人間君王嗰善惡好壞冇什哩關係，像第一章話：「氣從下蒸，光由上灼，千秋未洩之秘，明示朕于泰山，人人得而見之，而釋天體者卒不悟也。以今日之日為昨日之日，刻舟求劍之義。」	pɨn˨˩˧ ɕy˦˨ t͡sui˧˥ laʔ˨ it̚˥ tiɛn˨˩˧ ua˩˩ t͡sʰɨt̚˥ tʰiɛn˦˨ kiɛu˨˩˧ t͡ɕʰiaʔ˥ n̠ʲit̚˥ tʰɛu˨ tan˦˨ t͡saʔ˥ t͡sʰz̩˩˩ lɛn˧˥ ɕiɛn˩˩ ɕiɔŋ˩˩ , tʰuŋ˨˦ n̠ʲin˧˥ kan˦˨ t͡ɕyn˦˨ uɔŋ˧˥ sɛn˩˩ ŋɔʔ˥ hau˨˩˧ fuai˩˩ sɨt̚˥ ˈli˧˥ kuan˦˨ , t͡ɕʰiɔŋ˩˩ tʰi˩˩ it̚˥ t͡sɔŋ˦˨ ua˩˩ , t͡ɕʰi˨˩˧ t͡sʰuŋ˨˦ ha˩˩ , kuɔŋ˦˨ i˧˥ sɔŋ˩˩ , t͡ɕʰiɛn˦˨ t͡ɕʰiu˦˨ ui˩˩ t͡sz̩˦˨ pi˧˥ , min˧˥ sz̩˩˩ san˦˨ , n̠ʲin˧˥ n̠ʲin˧˥ tɛt̚˥ ɵ˧˥ t͡ɕiɛn˧˥ t͡sz̩˦˨ , ɵ˧˥ tʰiɛn˦˨ tʰi˨˩˧ t͡sa˨˩˧ t͡sɨt̚˥ pɨt̚˥ ia˨˩˧ . i˨˩˧ ˈt͡ɕin˦˨ n̠ʲit̚˥ t͡sz̩˦˨ n̠ʲit̚˥ ˈt͡sʰɔʔ˨ n̠ʲit̚˥ t͡sz̩˦˨ n̠ʲit̚˥ , kʰiɛt̚˥ t͡ɕʰiu˨˦ t͡sz̩˦˨ n̠ʲi˩˩ .
同樣的故事也發生在南昌，晉·《玄中記》、宋·《豫章職方乘》、明·《豫章十詠》和《頤庵集·臨清軒記》都記載著仙女的傳說。像，1751年（乾隆十六年）刻本的《南昌縣志》引用宋·洪芻的《豫章職方乘》，曰：	tʰuŋ˨˦ iɔŋ˩˩ tit̚˥ ˈku˧˥ sz̩˩˩ ia˨˩˧ saŋ˦˨ t͡sʰai˩˩ lan˧˥ t͡sʰɔŋ˦˨ , t͡ɕin˧˥ ɕyɵn˧˥ t͡suŋ˦˨ t͡ɕi˧˥ , suŋ˧˥ t͡sɔŋ˦˨ t͡sɨt̚˥ fɔŋ˦˨ , min˧˥ t͡sɔŋ˦˨ sɨt̚˨ fo˧˥ ŋɵn˦˨ t͡ɕʰit̚˨ t͡ɕʰin˦˨ t͡ɕi˧˥ tu˦˨ t͡ɕi˧˥ t͡sɔʔ˥ ɕiɛn˦˨ n̠ʲy˨˩˧ tit̚˥ sɵt̚˥ . t͡ɕʰiɔŋ˩˩ , it̚˥ t͡ɕʰit̚˥ ŋ̍˨˩˧ it̚˥ n̠ʲiɛn˧˥ kɵn˦˨ luŋ˧˥ sɨt̚˨ liuʔ˥ n̠ʲiɛn˧˥ kʰiɛt̚˥ pɨn˨˩˧ tit̚˥ lan˧˥ t͡sʰɔŋ˦˨ ɕiɛn˩˩ t͡sz̩˧˥ iuŋ˩˩ suŋ˧˥ tit̚˥ t͡sɔŋ˦˨ t͡sɨt̚˥ fɔŋ˦˨ ,
慧遠嗰盛名招來一大批嗰當世名士，像豫章嗰雷次宗、彭城嗰劉遺民、建昌嗰周續之、南陽嗰宗炳、張詮、張野箇幫子人。公元402年，慧遠同得佢俚組起「白蓮社」，話係有123隻人許多，名士有18隻。故係𠵹唐朝成型嗰淨土宗又號做「蓮宗」。宋朝嗰時間，淨土僧人就認定慧遠係本宗嗰始祖，東林寺係總本山。	fɨi˩˩ yɵn˨˩˧ miaŋ˧˥ lai˧˥ it̚˥ tʰai˩˩ tɔŋ˦˨ sz̩˧˥ miaŋ˧˥ sz̩˩˩ , t͡ɕʰiɔŋ˩˩ t͡sɔŋ˦˨ lui˧˥ t͡sʰz̩˨˩˧ t͡suŋ˦˨ , pʰaŋ˨˦ saŋ˧˥ i˧˥ min˧˥ , t͡ɕiɛn˧˥ t͡sʰɔŋ˦˨ t͡sɨu˦˨ t͡sz̩˦˨ , lan˧˥ iɔŋ˧˥ t͡suŋ˦˨ , t͡sɔŋ˦˨ , t͡sɔŋ˦˨ ia˨˩˧ pɔŋ˦˨ t͡sz̩˨˩˧ n̠ʲin˧˥ . kuŋ˦˨ n̠ʲyɵn˧˥ sz̩˧˥ paʔ˥ lin˧˥ ɵ˩˩ n̠ʲiɛn˧˥ , fɨi˩˩ yɵn˨˩˧ tʰuŋ˨˦ tɛt̚˥ t͡ɕʰie˨˦ t͡ɕʰi˨˩˧ pʰaʔ˨ liɛn˧˥ sa˩˩ , ua˩˩ iu˨˩˧ it̚˥ paʔ˥ ɵ˩˩ sɨt̚˨ san˦˨ t͡saʔ˥ n̠ʲin˧˥ ɕy˨˩˧ to˦˨ , miaŋ˧˥ sz̩˩˩ iu˨˩˧ sɨt̚˨ pat̚˥ t͡saʔ˥ . tʰɔŋ˨˦ t͡sʰɛu˨˦ saŋ˧˥ tʰu˨˩˧ t͡suŋ˦˨ iu˩˩ hau˩˩ t͡su˧˥ liɛn˧˥ t͡suŋ˦˨ . suŋ˧˥ t͡sʰɛu˨˦ sz̩˧˥ kan˨ , tʰu˨˩˧ sɛn˦˨ n̠ʲin˧˥ t͡ɕʰiu˩˩ n̠ʲin˩˩ tʰiaŋ˩˩ fɨi˩˩ yɵn˨˩˧ pɨn˨˩˧ t͡suŋ˦˨ sz̩˨˩˧ , tuŋ˦˨ lin˧˥ sz̩˩˩ pɨn˨˩˧ san˦˨ .
視聽之外。廓無所寄。理無所寄。則宗極可明。今諸沙門不悟文表之意。而惑教表之文。其為謬也固已甚矣。若復顯然有驗。此乃希世之聞。答曰。夫幽宗曠邈。神道精微。可以理尋。難以事詰。既涉乎教。則以因時為撿。雖應世之具。優劣萬差。至於曲成。在用感即民心而通其分。分至。則止其智之所不知。而不關其外者也。若然。則非體極者之所不兼。兼之者不可並禦耳。是以古之語大道者。五變而形名可舉。九變而賞罰可言。此但方內之階差。而猶不可頓設。況其外者乎。請復推而廣之以遠其旨。六合之外。存而不論者。非不可論。	sz̩˩˩ tʰiaŋ˦˨ t͡sz̩˦˨ uai˩˩ . so˨˩˧ . li˨˩˧ so˨˩˧ . t͡sɛt̚˥ t͡suŋ˦˨ t͡ɕʰit̚˨ min˧˥ . t͡ɕin˦˨ sa˦˨ mɨn˧˥ pɨt̚˥ un˧˥ piɛu˨˩˧ t͡sz̩˦˨ . ɵ˧˥ kau˧˥ piɛu˨˩˧ t͡sz̩˦˨ un˧˥ . t͡ɕʰi˨˦ miɛu˩˩ ia˨˩˧ i˨˩˧ sɨn˩˩ . lɛn˧˥ iu˨˩˧ n̠ʲiɛn˩˩ . lai˨˩˧ ɕi˦˨ sz̩˧˥ t͡sz̩˦˨ un˧˥ . iu˦˨ t͡suŋ˦˨ . sɨn˦˨ tʰau˩˩ t͡ɕin˦˨ . i˨˩˧ li˨˩˧ t͡sʰin˨˦ . lan˧˥ i˨˩˧ sz̩˩˩ . sɛt̚˨ fu˧˥ kau˧˥ . t͡sɛt̚˥ i˨˩˧ in˦˨ sz̩˧˥ . sui˦˨ sz̩˧˥ t͡sz̩˦˨ t͡ɕʰy˩˩ . liɛt̚˥ uan˩˩ . t͡sz̩˧˥ t͡ɕʰiuʔ˥ saŋ˧˥ . t͡sʰai˩˩ iuŋ˩˩ kɵn˨˩˧ min˧˥ ɕin˦˨ ɵ˧˥ tʰuŋ˦˨ t͡ɕʰi˨˦ fɨn˦˨ . fɨn˦˨ t͡sz̩˧˥ . t͡sɛt̚˥ t͡sz̩˨˩˧ t͡ɕʰi˨˦ t͡sz̩˧˥ t͡sz̩˦˨ so˨˩˧ pɨt̚˥ t͡sz̩˦˨ . ɵ˧˥ pɨt̚˥ kuan˦˨ t͡ɕʰi˨˦ uai˩˩ t͡sa˨˩˧ ia˨˩˧ . lɛn˧˥ . t͡sɛt̚˥ tʰi˨˩˧ t͡ɕʰit̚˨ t͡sa˨˩˧ t͡sz̩˦˨ so˨˩˧ pɨt̚˥ . t͡sz̩˦˨ t͡sa˨˩˧ pɨt̚˥ ɵ˨˩˧ . sz̩˩˩ i˨˩˧ ku˨˩˧ t͡sz̩˦˨ n̠ʲy˨˩˧ tʰai˩˩ tʰau˩˩ t͡sa˨˩˧ . ŋ̍˨˩˧ ɵ˧˥ ɕin˧˥ miaŋ˧˥ t͡ɕy˨˩˧ . t͡ɕiu˨˩˧ ɵ˧˥ fat̚˨ n̠ʲiɛn˧˥ . fɔŋ˦˨ lui˩˩ t͡sz̩˦˨ . ɵ˧˥ pɨt̚˥ tɨn˧˥ sɛt̚˥ . kʰuɔŋ˨˩˧ t͡ɕʰi˨˦ uai˩˩ t͡sa˨˩˧ fu˧˥ . t͡ɕʰiaŋ˨˩˧ tʰui˦˨ ɵ˧˥ kuɔŋ˨˩˧ t͡sz̩˦˨ i˨˩˧ yɵn˨˩˧ t͡ɕʰi˨˦ . liuʔ˥ hɵt̚˨ t͡sz̩˦˨ uai˩˩ . t͡sʰɨn˨˦ ɵ˧˥ pɨt̚˥ t͡sa˨˩˧ . pɨt̚˥ .
利瑪竇來還南昌後，一隻制臺嗰小官對狼狽嗰佢伸出幫手。佢等利瑪竇一上岸就安排正住嗰地方，讓佢住到朋友嗰幾間房子裡頭，雇轎子到碼頭接佢，請人搬佢嗰行李，進城也冇人檢查佢嗰證件。 利瑪竇到南昌近郊嗰穀市街租嘍隻小屋，做為駐地。箇時間，利瑪竇自簡到心裡頭話，「就𠵹，如我所願，上帝引導得我進城嘍」，「話係起頭有滴子麻煩，末後都好轉嘍」。	li˩˩ lai˧˥ uan˧˥ lan˧˥ t͡sʰɔŋ˦˨ hɛu˩˩ , it̚˥ t͡saʔ˥ t͡sz̩˧˥ tʰai˨˦ ɕiɛu˨˩˧ kuɵn˦˨ laŋ˧˥ t͡ɕʰie˨˦ t͡sʰɨt̚˥ pɔŋ˦˨ sɨu˨ . t͡ɕʰie˨˦ tɛn˨˩˧ li˩˩ it̚˥ sɔŋ˩˩ ŋɵn˩˩ t͡ɕʰiu˩˩ ŋɵn˦˨ pʰai˨˦ t͡ɕʰy˩˩ tʰi˩˩ fɔŋ˩ , t͡ɕʰie˨˦ t͡ɕʰy˩˩ tau˧˥ pʰuŋ˨˦ iu˨ t͡ɕi˨˩˧ kan˦˨ fɔŋ˧˥ t͡sz̩˨˩˧ li˨˩˧ tʰɛu˨˦ , t͡ɕʰiɛu˩˩ t͡sz̩˨˩˧ tau˧˥ ma˨˩ tʰɛu˩ t͡ɕiɛt̚˥ t͡ɕʰie˨˦ , t͡ɕʰiaŋ˨˩˧ n̠ʲin˧˥ t͡ɕʰie˨˦ hɛn˨˦ li˨˩˧ , t͡sin˧˥ saŋ˧˥ ia˨˩˧ n̠ʲin˧˥ t͡ɕʰie˨˦ t͡ɕin˧˥ t͡ɕʰiɛn˩˩ . li˩˩ tau˧˥ lan˧˥ t͡sʰɔŋ˦˨ t͡ɕʰin˩˩ sz̩˩˩ kai˦˨ t͡saʔ˥ ɕiɛu˨˩˧ uʔ˥ , t͡su˧˥ tʰi˩˩ . sz̩˧˥ kan˨ , li˩˩ t͡sʰz̩˩˩ kan˨˩˧ tau˧˥ ɕin˦˨ li˨˩˧ tʰɛu˨˦ ua˩˩ , t͡ɕʰiu˩˩ , ɵ˧˥ ŋo˨˩˧ so˨˩˧ n̠ʲyɵn˩˩ , sɔŋ˩˩ ti˧˥ tɛt̚˥ ŋo˨˩˧ t͡sin˧˥ saŋ˧˥ , ua˩˩ t͡ɕʰi˨˩˧ tʰɛu˨˦ iu˨˩˧ t͡sz̩˨˩˧ , hɛu˩˩ tu˦˨ hau˨˩˧ t͡sɵn˨˩˧ .
利瑪竇住嘚南昌嗰頭年，佢「搦大部份嗰時間用到在製造天文儀器」。 佢做嘍滴子日晷儀、地球儀、渾天儀，接得搦佢俚送嘚南昌嗰王室甲胄、政府官員或別嗰滴子好學嗰人。 像佢搦嘍隻天球儀、一隻地球儀到建安王朱多㸅，天球儀嗰上頭標得天軌； 送嘍隻對準北極嗰鐘、一隻星盤到江西巡撫陸萬垓； 送嘍兩隻日晷到南昌知府王佐，一隻讓佢搦還佢嗰浙江老屋，一隻讓佢留得自簡用。 佢哈教南昌嗰市民啷拼製日晷，啷用佢計時。 1597年，利瑪竇搦本關於數據測量知識嗰書到南昌人看，南昌人對裡頭嗰滴子數據覺得不可思議。像佢隨手搦塊石就舞出隻日晷儀，每半隻格子做一晝夜嗰一隻時辰，攏共24格，上頭哈注明日出日沒嗰標記，箇也讓南昌人覺得驚奇。	li˩˩ t͡ɕʰy˩˩ lan˧˥ t͡sʰɔŋ˦˨ tʰɛu˨˦ n̠ʲiɛn˧˥ , t͡ɕʰie˨˦ tʰai˩˩ pʰu˩˩ sz̩˧˥ kan˨ iuŋ˩˩ tau˧˥ t͡sʰai˩˩ t͡sʰau˩˩ tʰiɛn˦˨ un˧˥ t͡ɕʰi˨˩˧ . t͡ɕʰie˨˦ t͡su˧˥ t͡sz̩˨˩˧ n̠ʲit̚˥ , tʰi˩˩ t͡ɕʰiu˨˦ , tʰiɛn˦˨ , t͡ɕiɛt̚˥ tɛt̚˥ t͡ɕʰie˨˦ suŋ˧˥ lan˧˥ t͡sʰɔŋ˦˨ uɔŋ˧˥ kaʔ˥ , t͡sɨn˧˥ fu˨˩˧ kuɵn˦˨ yɵn˧˥ fɛt̚˥ pʰiɛt̚˥ t͡sz̩˨˩˧ hau˨˩˧ hɔʔ˨ n̠ʲin˧˥ . t͡ɕʰiɔŋ˩˩ t͡ɕʰie˨˦ t͡saʔ˥ tʰiɛn˦˨ t͡ɕʰiu˨˦ , it̚˥ t͡saʔ˥ tʰi˩˩ t͡ɕʰiu˨˦ tau˧˥ t͡ɕiɛn˧˥ ŋɵn˦˨ uɔŋ˧˥ t͡ɕy˨˩˧ to˦˨ , tʰiɛn˦˨ t͡ɕʰiu˨˦ sɔŋ˩˩ tʰɛu˨˦ tɛt̚˥ tʰiɛn˦˨ , suŋ˧˥ t͡saʔ˥ pɛt̚˥ t͡ɕʰit̚˨ t͡suŋ˦˨ , it̚˥ t͡saʔ˥ ɕiaŋ˦˨ pʰɵn˨˦ tau˧˥ kɔŋ˦˨ ɕi˦˨ ɕyn˧˥ luʔ˥ uan˩˩ , suŋ˧˥ t͡saʔ˥ n̠ʲit̚˥ tau˧˥ lan˧˥ t͡sʰɔŋ˦˨ t͡sz̩˦˨ fu˨˩˧ uɔŋ˧˥ , it̚˥ t͡saʔ˥ t͡ɕʰie˨˦ uan˧˥ t͡ɕʰie˨˦ t͡sɛt̚˥ kɔŋ˨ lau˨˩˧ uʔ˥ , it̚˥ t͡saʔ˥ t͡ɕʰie˨˦ tɛt̚˥ t͡sʰz̩˩˩ kan˨˩˧ iuŋ˩˩ . t͡ɕʰie˨˦ kau˧˥ lan˧˥ t͡sʰɔŋ˦˨ sz̩˩˩ min˧˥ n̠ʲit̚˥ , iuŋ˩˩ t͡ɕʰie˨˦ t͡ɕi˧˥ sz̩˧˥ . it̚˥ ŋ̍˨˩˧ t͡ɕiu˨˩˧ t͡ɕʰit̚˥ n̠ʲiɛn˧˥ , li˩˩ pɨn˨˩˧ kuan˦˨ su˨˩˧ t͡sʰɛt̚˥ liɔŋ˩˩ t͡sz̩˦˨ ɕy˦˨ tau˧˥ lan˧˥ t͡sʰɔŋ˦˨ n̠ʲin˧˥ kʰɵn˨˩˧ , lan˧˥ t͡sʰɔŋ˦˨ n̠ʲin˧˥ li˨˩˧ tʰɛu˨˦ t͡sz̩˨˩˧ su˨˩˧ kɔʔ˥ tɛt̚˨ pɨt̚˥ sz̩˦˨ . t͡ɕʰiɔŋ˩˩ t͡ɕʰie˨˦ sui˧˥ sɨu˨˩˧ kʰuai˨˩˧ saʔ˨ t͡ɕʰiu˩˩ t͡sʰɨt̚˥ t͡saʔ˥ n̠ʲit̚˥ , pɵn˧˥ t͡saʔ˥ t͡sz̩˨˩˧ t͡su˧˥ it̚˥ t͡sɨu˧˥ ia˩˩ it̚˥ t͡saʔ˥ sz̩˧˥ sɨn˨ , t͡ɕʰiuŋ˩˩ ɵ˩˩ sɨt̚˨ sz̩˧˥ , sɔŋ˩˩ tʰɛu˨˦ ˈmiaŋ˧˥ n̠ʲit̚˥ t͡sʰɨt̚˥ n̠ʲit̚˥ t͡ɕi˧˥ , ia˨˩˧ lan˧˥ t͡sʰɔŋ˦˨ n̠ʲin˧˥ kɔʔ˥ tɛt̚˨ t͡ɕʰi˨˦ .
鄧愛紅，《利瑪竇、章潢、熊明遇與南昌地區的西學東漸》，《江西教育學院學報》，2004年	ŋai˧˥ fuŋ˧˥ , li˩˩ , t͡sɔŋ˦˨ , ɕiuŋ˧˥ min˧˥ lan˧˥ t͡sʰɔŋ˦˨ tʰi˩˩ t͡ɕʰy˦˨ tit̚˥ ɕi˦˨ hɔʔ˨ tuŋ˦˨ t͡ɕʰiɛn˩˩ , kɔŋ˦˨ ɕi˦˨ kau˧˥ hɔʔ˨ yɵn˩˩ hɔʔ˨ pau˧˥ , ɵ˩˩ lin˧˥ lin˧˥ sz̩˧˥ n̠ʲiɛn˧˥
元朝嗰起頭許下子，江西係發行自簡嗰紙幣「交鈔」，箇到外地流通不正。末後到1364年嗰年頭、十月，元朝統一發行「中統元寶交鈔」又叫（絲鈔）同得「中統元寶寶鈔」（又叫銀鈔）。「鈔」拕制定係唯一嗰合法貨幣，金、銀、銅錢都拕禁止流通。紙鈔嗰引發由寶鈔提舉司嗰達魯花赤負責。	n̠ʲyɵn˧˥ t͡sʰɛu˨˦ t͡ɕʰi˨˩˧ tʰɛu˨˦ ɕy˨˩˧ ha˩˩ t͡sz̩˨˩˧ , kɔŋ˦˨ ɕi˦˨ hɛn˨˦ t͡sʰz̩˩˩ kan˨˩˧ t͡sz̩˨˩˧ pʰi˩˩ kau˦˨ , tau˧˥ uai˩˩ tʰi˩˩ liu˧˥ tʰuŋ˦˨ pɨt̚˥ . hɛu˩˩ tau˧˥ it̚˥ san˦˨ liuʔ˥ sz̩˧˥ n̠ʲiɛn˧˥ n̠ʲiɛn˧˥ tʰɛu˨˦ , sɨt̚˨ n̠ʲyɵt̚˨ , n̠ʲyɵn˧˥ t͡sʰɛu˨˦ tʰuŋ˨˩˧ it̚˥ hɛn˨˦ t͡suŋ˦˨ tʰuŋ˨˩˧ n̠ʲyɵn˧˥ kau˦˨ iu˩˩ t͡ɕiɛu˧˥ sz̩˦˨ tʰuŋ˨˦ tɛt̚˥ t͡suŋ˦˨ tʰuŋ˨˩˧ n̠ʲyɵn˧˥ iu˩˩ t͡ɕiɛu˧˥ n̠ʲin˧˥ . t͡sz̩˧˥ tʰiaŋ˩˩ it̚˥ hɵt̚˨ fat̚˥ fo˧˥ pʰi˩˩ , t͡ɕin˦˨ , n̠ʲin˧˥ , tʰuŋ˨˦ t͡ɕʰiɛn˨˦ tu˦˨ t͡sz̩˨˩˧ liu˧˥ tʰuŋ˦˨ . t͡sz̩˨˩˧ i˧˥ tʰia˨˦ t͡ɕy˨˩˧ tʰaʔ˨ fa˦˨ t͡sʰɨt̚˥ fu˩˩ ˈt͡sɛt̚˥ .
宋朝嗰時間，江西嗰夏姓人口排得宋朝嗰同姓總人口嗰第1位，佔得宋朝夏姓人口嗰19.5%，佔得江西總人口嗰0.4%。明朝嗰時間，江西嗰夏姓人口排得明朝嗰同姓總人口嗰第3位，佔得明朝夏姓人口嗰15.5%。	suŋ˧˥ t͡sʰɛu˨˦ sz̩˧˥ kan˨ , kɔŋ˦˨ ɕi˦˨ ha˩˩ ɕiaŋ˧˥ n̠ʲin˧˥ kʰiɛu˨˩˧ pʰai˨˦ tɛt̚˥ suŋ˧˥ t͡sʰɛu˨˦ tʰuŋ˨˦ ɕiaŋ˧˥ n̠ʲin˧˥ kʰiɛu˨˩˧ tʰi˩˩ it̚˥ ui˩˩ , tɛt̚˥ suŋ˧˥ t͡sʰɛu˨˦ ha˩˩ ɕiaŋ˧˥ n̠ʲin˧˥ kʰiɛu˨˩˧ paʔ˥ fɨn˦˨ t͡sz̩˦˨ sɨt̚˨ t͡ɕiu˨˩˧ tiɛn˨˩˧ ŋ̍˨˩˧ , tɛt̚˥ kɔŋ˦˨ ɕi˦˨ n̠ʲin˧˥ kʰiɛu˨˩˧ paʔ˥ fɨn˦˨ t͡sz̩˦˨ lin˧˥ tiɛn˨˩˧ sz̩˧˥ . min˧˥ t͡sʰɛu˨˦ sz̩˧˥ kan˨ , kɔŋ˦˨ ɕi˦˨ ha˩˩ ɕiaŋ˧˥ n̠ʲin˧˥ kʰiɛu˨˩˧ pʰai˨˦ tɛt̚˥ min˧˥ t͡sʰɛu˨˦ tʰuŋ˨˦ ɕiaŋ˧˥ n̠ʲin˧˥ kʰiɛu˨˩˧ tʰi˩˩ san˦˨ ui˩˩ , tɛt̚˥ min˧˥ t͡sʰɛu˨˦ ha˩˩ ɕiaŋ˧˥ n̠ʲin˧˥ kʰiɛu˨˩˧ paʔ˥ fɨn˦˨ t͡sz̩˦˨ sɨt̚˨ ŋ̍˨˩˧ tiɛn˨˩˧ ŋ̍˨˩˧ .
宋朝嗰時間，江西嗰邱姓人口排得宋朝嗰同姓總人口嗰第8位。明朝嗰時間，江西嗰邱姓人口排得明朝嗰同姓總人口嗰第1位，佔得明朝邱姓人口嗰27%，佔得江西總人口嗰0.6%。	suŋ˧˥ t͡sʰɛu˨˦ sz̩˧˥ kan˨ , kɔŋ˦˨ ɕi˦˨ ɕiaŋ˧˥ n̠ʲin˧˥ kʰiɛu˨˩˧ pʰai˨˦ tɛt̚˥ suŋ˧˥ t͡sʰɛu˨˦ tʰuŋ˨˦ ɕiaŋ˧˥ n̠ʲin˧˥ kʰiɛu˨˩˧ tʰi˩˩ pat̚˥ ui˩˩ . min˧˥ t͡sʰɛu˨˦ sz̩˧˥ kan˨ , kɔŋ˦˨ ɕi˦˨ ɕiaŋ˧˥ n̠ʲin˧˥ kʰiɛu˨˩˧ pʰai˨˦ tɛt̚˥ min˧˥ t͡sʰɛu˨˦ tʰuŋ˨˦ ɕiaŋ˧˥ n̠ʲin˧˥ kʰiɛu˨˩˧ tʰi˩˩ it̚˥ ui˩˩ , tɛt̚˥ min˧˥ t͡sʰɛu˨˦ ɕiaŋ˧˥ n̠ʲin˧˥ kʰiɛu˨˩˧ paʔ˥ fɨn˦˨ t͡sz̩˦˨ ɵ˩˩ sɨt̚˨ t͡ɕʰit̚˥ , tɛt̚˥ kɔŋ˦˨ ɕi˦˨ n̠ʲin˧˥ kʰiɛu˨˩˧ paʔ˥ fɨn˦˨ t͡sz̩˦˨ lin˧˥ tiɛn˨˩˧ liuʔ˥ .
中世紀係歐洲歷史上嗰一隻要紧時代，佢作作似到公元5世紀起始，到公元15世紀歇火，撻攏唉吥嘚上千年嗰時間。佢嗰前頭作係歐洲嗰「古典時期」，後頭作係歐洲嗰「現代時期」。	t͡suŋ˦˨ sz̩˧˥ t͡sɨu˦˨ lit̚˥ ˈsz̩˨˩˧ sɔŋ˩˩ it̚˥ t͡saʔ˥ iɛu˦˨ sz̩˧˥ tʰai˩˩ , t͡ɕʰie˨˦ t͡sɔʔ˥ t͡sɔʔ˥ tau˧˥ kuŋ˦˨ n̠ʲyɵn˧˥ ŋ̍˨˩˧ sz̩˧˥ t͡ɕʰi˨˩˧ sz̩˨˩˧ , tau˧˥ kuŋ˦˨ n̠ʲyɵn˧˥ sɨt̚˨ ŋ̍˨˩˧ sz̩˧˥ ɕiɛt̚˥ fo˨˩˧ , sɔŋ˩˩ t͡ɕʰiɛn˦˨ n̠ʲiɛn˧˥ sz̩˧˥ kan˨ . t͡ɕʰie˨˦ t͡ɕʰiɛn˨˦ tʰɛu˨ t͡sɔʔ˥ t͡sɨu˦˨ ku˨˩˧ tiɛn˨˩˧ sz̩˧˥ , hɛu˩˩ tʰɛu˩ t͡sɔʔ˥ t͡sɨu˦˨ ɕiɛn˩˩ tʰai˩˩ sz̩˧˥ .
度係用得度量角度嗰單位，符號係「°」。搦一隻圓周分做360等份，一份就係1度（1°）。	iuŋ˩˩ tɛt̚˥ liɔŋ˩˩ kɔʔ˥ tan˦˨ ui˩˩ , hau˩˩ . it̚˥ t͡saʔ˥ yɵn˧˥ t͡sɨu˦˨ fɨn˦˨ t͡su˧˥ san˦˨ paʔ˥ liuʔ˥ sɨt̚˨ tɛn˨˩˧ , it̚˥ t͡ɕʰiu˩˩ it̚˥ it̚˥ .
史詩係一類書體莊嚴嗰文學體裁，佢嗰內容時常係民間嗰傳說或歌頌英雄功績嗰長篇敘事詩，佢嗰主題主要涉及歷史事件、民族、宗教、傳說箇滴子物什。	sz̩˨˩˧ sz̩˦˨ it̚˥ lui˩˩ ɕy˦˨ tʰi˨˩˧ t͡sɔŋ˦˨ n̠ʲiɛn˧˥ un˧˥ hɔʔ˨ tʰi˨˩˧ t͡sʰai˨˦ , t͡ɕʰie˨˦ lui˩˩ iuŋ˧˥ sz̩˧˥ sɔŋ˧˥ min˧˥ kan˦˨ sɵt̚˥ fɛt̚˥ ko˦˨ in˦˨ kuŋ˦˨ t͡sʰɔŋ˨˦ sz̩˩˩ sz̩˦˨ , t͡ɕʰie˨˦ t͡ɕy˨˩˧ t͡ɕy˨˩˧ iɛu˦˨ sɛt̚˨ t͡ɕʰit̚˨ lit̚˥ ˈsz̩˨˩˧ sz̩˩˩ t͡ɕʰiɛn˩˩ , min˧˥ t͡sʰuʔ˥ , t͡suŋ˦˨ kau˧˥ , sɵt̚˥ t͡sz̩˨˩˧ ut̚˥ .
1949年，江西省銀行準備正仰上要發行嗰銀元券，有1角、2角、5角三款。但預定嗰時間係7月1號，箇年嗰5月21號，共產黨嗰部隊已經佔得南昌，故係箇批貨幣冇發行正，拕運到台灣，一徑到1982年佢都拕弆得台中市政府大禮堂裡頭。	it̚˥ t͡ɕiu˨˩˧ sz̩˧˥ t͡ɕiu˨˩˧ n̠ʲiɛn˧˥ , kɔŋ˦˨ ɕi˦˨ n̠ʲin˧˥ hɛn˨˦ sɔŋ˩˩ iɛu˦˨ hɛn˨˦ n̠ʲin˧˥ n̠ʲyɵn˧˥ , iu˨˩˧ it̚˥ kɔʔ˥ , ɵ˩˩ kɔʔ˥ , ŋ̍˨˩˧ kɔʔ˥ san˦˨ . tʰiaŋ˩˩ sz̩˧˥ kan˨ t͡ɕʰit̚˥ n̠ʲyɵt̚˨ it̚˥ hau˩˩ , n̠ʲiɛn˧˥ ŋ̍˨˩˧ n̠ʲyɵt̚˨ ɵ˩˩ sɨt̚˨ it̚˥ hau˩˩ , t͡ɕʰiuŋ˩˩ t͡sʰan˨˩˧ tɔŋ˨˩˧ pʰu˩˩ i˨˩ t͡ɕin˩ tɛt̚˥ lan˧˥ t͡sʰɔŋ˦˨ , fo˧˥ pʰi˩˩ hɛn˨˦ , yn˩˩ tau˧˥ tʰai˨˦ uan˦˨ , it̚˥ tau˧˥ it̚˥ t͡ɕiu˨˩˧ pat̚˥ ɵ˩˩ n̠ʲiɛn˧˥ t͡ɕʰie˨˦ tu˦˨ kie˨˩˧ tɛt̚˥ tʰai˨˦ t͡suŋ˦˨ sz̩˩˩ t͡sɨn˧˥ fu˨˩˧ tʰai˩˩ li˨˩˧ tʰɔŋ˨˦ li˨˩˧ tʰɛu˨˦ .
撫廣片係贛語嗰九隻方言片之一。話佢嗰人主要住嘚江西嗰撫州市、臨川、崇仁、宜黃、樂安、南城、黎川、資溪、金溪、東鄉、進賢、南豐、廣昌（部分），同得福建嗰建寧、泰寧、邵武、光澤、將樂、順昌話箇滴子地方。	kuɔŋ˨˩˧ pʰiɛn˨˩˧ kɵn˧˥ n̠ʲy˨˩˧ t͡ɕiu˨˩˧ t͡saʔ˥ fɔŋ˦˨ n̠ʲiɛn˧˥ pʰiɛn˨˩˧ t͡sz̩˦˨ it̚˥ . ua˩˩ t͡ɕʰie˨˦ n̠ʲin˧˥ t͡ɕy˨˩˧ iɛu˦˨ t͡ɕʰy˩˩ kɔŋ˦˨ ɕi˦˨ t͡sɨu˦˨ sz̩˩˩ , t͡sʰɵn˦˨ , uɔŋ˧˥ , ŋɔʔ˥ ŋɵn˦˨ , lan˧˥ saŋ˧˥ , t͡sʰɵn˦˨ , t͡ɕʰi˦˨ , t͡ɕin˦˨ t͡ɕʰi˦˨ , tuŋ˦˨ ɕiɔŋ˦˨ , t͡sin˧˥ ɕiɛn˧˥ , lan˧˥ , kuɔŋ˨˩˧ t͡sʰɔŋ˦˨ pʰu˩˩ fɨn˦˨ , tʰuŋ˨˦ tɛt̚˥ fuʔ˥ t͡ɕiɛn˨ t͡ɕiɛn˧˥ lin˧˥ , lin˧˥ , u˨˩˧ , kuɔŋ˦˨ , ŋɔʔ˥ , sun˩˩ t͡sʰɔŋ˦˨ ua˩˩ t͡sz̩˨˩˧ tʰi˩˩ fɔŋ˩ .
龍門嗰前頭係棟斗拱飛簷嗰三層塔形高樓，叫做「明遠樓」，佢嗰名子出自《大庸》嗰「慎絡追遠，明得歸厚」。鄉試時間嗰執事官員會到箇裡發號施令，值班人員也到箇裡監臨、監試、巡察。	luŋ˧˥ mɨn˧˥ t͡ɕʰiɛn˨˦ tʰɛu˨ tɛu˨˩˧ fɨi˦˨ san˦˨ t͡sʰɛn˨˦ tʰa˨˩˧ ɕin˧˥ kau˦˨ lɛu˧˥ , t͡ɕiɛu˧˥ t͡su˧˥ min˧˥ yɵn˨˩˧ lɛu˧˥ , t͡ɕʰie˨˦ miaŋ˧˥ t͡sz̩˨˩˧ t͡sʰɨt̚˥ t͡sʰz̩˩˩ tʰai˩˩ t͡sui˦˨ yɵn˨˩˧ , min˧˥ tɛt̚˥ kui˦˨ . ɕiɔŋ˦˨ sz̩˧˥ kan˨ t͡sɨt̚˥ sz̩˩˩ kuɵn˦˨ yɵn˧˥ fɨi˩˩ tau˧˥ ko˨˩ li˩ hau˩˩ sz̩˦˨ lin˩˩ , t͡sʰɨt̚˨ pan˦˨ n̠ʲin˧˥ yɵn˧˥ ia˨˩˧ tau˧˥ ko˨˩ li˩ kan˦˨ , kan˦˨ , ɕyn˧˥ t͡sʰat̚˥ .
江西到明清時間嗰戶均人口係 4-6 隻人，江西多山缺田嗰地理面貌舞得全贛嗰農業生產力拕約束，𠵹幾隻人屋裡一下作田都冇一家人獨自耕田更有效，再話大家人屋裡兄弟子侄一下經營田產，每隻人嗰得利分不得勻，故係崽女成家後時常都係分家單過。	kɔŋ˦˨ ɕi˦˨ tau˧˥ min˧˥ t͡ɕʰin˦˨ sz̩˧˥ kan˨ fu˩˩ t͡ɕyn˦˨ n̠ʲin˧˥ kʰiɛu˨˩˧ sz̩˧˥ tau˧˥ liuʔ˥ t͡saʔ˥ n̠ʲin˧˥ , kɔŋ˦˨ ɕi˦˨ to˦˨ san˦˨ t͡ɕʰyɵt̚˥ tʰiɛn˨˦ tʰi˩˩ li˨˩˧ miɛn˩˩ mau˩˩ tɛt̚˥ t͡ɕʰyɵn˨˦ kɵn˧˥ luŋ˧˥ n̠ʲiɛt̚˥ saŋ˦˨ t͡sʰan˨˩˧ lit̚˥ iɔʔ˥ , t͡ɕi˨˩˧ t͡saʔ˥ n̠ʲin˧˥ uʔ˥ li˨˩˧ it̚˥ ha˩˩ t͡sɔʔ˥ tʰiɛn˨˦ tu˦˨ it̚˥ ka˦˨ n̠ʲin˧˥ tʰuʔ˨ t͡sʰz̩˩˩ kaŋ˦˨ tʰiɛn˨˦ iu˨˩˧ , t͡sai˧˥ ua˩˩ ˈtʰai˩˩ ka˦˨ n̠ʲin˧˥ uʔ˥ li˨˩˧ ˈɕiaŋ˦˨ tʰi˩˩ t͡sz̩˨˩˧ it̚˥ ha˩˩ t͡ɕiaŋ˦˨ yn˧˥ tʰiɛn˨˦ t͡sʰan˨˩˧ , t͡saʔ˥ n̠ʲin˧˥ tɛt̚˥ li˩˩ fɨn˦˨ pɨt̚˥ tɛt̚˥ , t͡sai˨˦ n̠ʲy˨˩˧ saŋ˧˥ ka˦˨ hɛu˩˩ sz̩˧˥ sɔŋ˧˥ tu˦˨ fɨn˦˨ ka˦˨ tan˦˨ kuo˧˥ .
贛式風水理論主要講究「形法」（拕叫做「形勢派」或「巒頭派」 ），佢同得講究個人命相嗰「理法」相比，更假注重實質嗰自然環境，多含滴子科學成份，佢嗰主要內涵包括古時間嗰人到生產生活裡頭積累嗰同得大自然協調共生發展嗰經驗，佢包到氣候、地理、美學、醫學、環境心理學箇滴子領域嗰知識內容。	kɵn˧˥ sɨt̚˥ fuŋ˦˨ sui˨ li˨˩˧ t͡ɕy˨˩˧ iɛu˦˨ kɔŋ˨˩˧ t͡ɕiu˧˥ ɕin˧˥ fat̚˥ t͡ɕiɛu˧˥ t͡su˧˥ ɕin˧˥ pʰai˨˩˧ fɛt̚˥ tʰɛu˨˦ pʰai˨˩˧ , t͡ɕʰie˨˦ tʰuŋ˨˦ tɛt̚˥ kɔŋ˨˩˧ t͡ɕiu˧˥ ko˧˥ n̠ʲin˧˥ miaŋ˩˩ ɕiɔŋ˧˥ li˨˩˧ fat̚˥ ɕiɔŋ˧˥ pi˨˩˧ , ka˨˩˧ sɨt̚˥ t͡sɨt̚˥ t͡sʰz̩˩˩ lɛn˧˥ fan˧˥ , to˦˨ t͡sz̩˨˩˧ ˈkʰuo˦˨ hɔʔ˥ saŋ˧˥ , t͡ɕʰie˨˦ t͡ɕy˨˩˧ iɛu˦˨ lui˩˩ pau˦˨ ku˨˩˧ sz̩˧˥ kan˨ n̠ʲin˧˥ tau˧˥ saŋ˦˨ t͡sʰan˨˩˧ saŋ˦˨ uɵt̚˨ li˨˩˧ tʰɛu˨˦ tʰuŋ˨˦ tɛt̚˥ tʰai˩˩ t͡sʰz̩˩˩ lɛn˧˥ ɕiɛt̚˥ t͡ɕʰiuŋ˩˩ saŋ˦˨ t͡sɛn˨˩˧ t͡ɕiaŋ˦˨ n̠ʲiɛn˩˩ , t͡ɕʰie˨˦ pau˦˨ tau˧˥ t͡ɕʰi˨˩˧ hɛu˩˩ , tʰi˩˩ li˨˩˧ , mi˨˩˧ hɔʔ˨ , i˦˨ hɔʔ˨ , fan˧˥ ɕin˦˨ li˨˩˧ hɔʔ˨ t͡sz̩˨˩˧ liaŋ˨˩˧ t͡sz̩˦˨ lui˩˩ iuŋ˧˥ .
18世紀嗰督尾，英國嗰早先嗰人力、畜力為主嗰經濟開始轉為機器製造。佢起始自紡織業嗰機械化、冶鐵技術嗰發展同得精質煤嗰廣泛使用。 運河嗰開鑿、交通系統（公路、鐵路）嗰改良也舞得貿易交流快速擴張。蒸汽動力嗰引入、水車設備同得高能機器嗰推廣都保證嘍生產力嗰快速提高。 19世紀頭二十年，全金屬打造嗰機器工具拕廣泛應用，箇也舞得別嗰產生引進更多嗰機器以供生產。箇滴子變革到19世紀嗰時間已經發展到西歐、北美，末後最終影響到大部份嗰國家。佢對社會嗰影響都係好大嗰。	sɨt̚˨ pat̚˥ sz̩˧˥ ui˨˩˧ , in˦˨ kuɛt̚˥ t͡sau˨˩˧ ɕiɛn˦˨ n̠ʲin˧˥ lit̚˥ , lit̚˥ t͡ɕy˨˩˧ t͡ɕiaŋ˦˨ kʰai˦˨ sz̩˨˩˧ t͡sɵn˨˩˧ t͡ɕi˦˨ t͡ɕʰi˨ t͡sʰau˩˩ . t͡ɕʰie˨˦ t͡ɕʰi˨˩˧ sz̩˨˩˧ t͡sʰz̩˩˩ t͡ɕit̚˥ n̠ʲiɛt̚˥ t͡ɕi˦˨ fa˧˥ , tʰiɛt̚˥ t͡ɕʰi˩˩ sɨt̚˥ t͡sɛn˨˩˧ tʰuŋ˨˦ tɛt̚˥ t͡ɕin˦˨ t͡sɨt̚˥ mi˧˥ kuɔŋ˨˩˧ fan˩˩ iuŋ˩˩ . yn˩˩ ho˨˦ kʰai˦˨ , kau˦˨ tʰuŋ˦˨ ɕi˩˩ tʰuŋ˨˩˧ kuŋ˦˨ lu˩˩ , tʰiɛt̚˥ lu˩˩ kai˨˩˧ liɔŋ˧˥ ia˨˩˧ tɛt̚˥ kau˦˨ liu˧˥ kʰuai˨˩˧ suʔ˥ kʰuɔʔ˥ t͡sɔŋ˦˨ . t͡ɕʰi˨˩˧ tʰuŋ˩˩ lit̚˥ lɨt̚˥ , sui˨˩˧ t͡sʰa˦˨ sɛt̚˥ tʰuŋ˨˦ tɛt̚˥ kau˦˨ lɛn˧˥ t͡ɕi˦˨ t͡ɕʰi˨ tʰui˦˨ kuɔŋ˨˩˧ tu˦˨ t͡ɕin˧˥ saŋ˦˨ t͡sʰan˨˩˧ lit̚˥ kʰuai˨˩˧ suʔ˥ tʰia˨˦ kau˦˨ . sɨt̚˨ t͡ɕiu˨˩˧ sz̩˧˥ tʰɛu˨˦ ɵ˩˩ sɨt̚˨ n̠ʲiɛn˧˥ , t͡ɕʰyɵn˨˦ t͡ɕin˦˨ ta˨˩˧ t͡sʰau˩˩ t͡ɕi˦˨ t͡ɕʰi˨ kuŋ˦˨ t͡ɕʰy˩˩ kuɔŋ˨˩˧ fan˩˩ iuŋ˩˩ , ia˨˩˧ tɛt̚˥ pʰiɛt̚˥ t͡sʰan˨˩˧ saŋ˦˨ t͡sin˧˥ to˦˨ t͡ɕi˦˨ t͡ɕʰi˨ i˨˩˧ saŋ˦˨ t͡sʰan˨˩˧ . t͡sz̩˨˩˧ kiɛt̚˥ tau˧˥ sɨt̚˨ t͡ɕiu˨˩˧ sz̩˧˥ sz̩˧˥ kan˨ i˨˩ t͡ɕin˩ t͡sɛn˨˩˧ tau˧˥ ɕi˦˨ , pɛt̚˥ mi˨˩˧ , hɛu˩˩ t͡sui˧˥ iaŋ˨˩˧ tau˧˥ tʰai˩˩ pʰu˩˩ kuɛt̚˥ ka˦˨ . t͡ɕʰie˨˦ sa˩˩ fɨi˩˩ iaŋ˨˩˧ tu˦˨ hau˨˩˧ tʰai˩˩ .
臨時議會到1912年5月1號正式閉會。召開期間，議決由暫行官制、各級地方自治章程、都督薪俸規定同得任官審定資格箇滴子政治舉措舞起，接得討論江西嗰新政治組織嗰各項建制同得系列法規，箇顯得許時間江西政治已經出現「省政自決」嗰傾向。	sz̩˧˥ fɨi˩˩ tau˧˥ it̚˥ t͡ɕiu˨˩˧ it̚˥ ɵ˩˩ n̠ʲiɛn˧˥ ŋ̍˨˩˧ n̠ʲyɵt̚˨ it̚˥ hau˩˩ sɨt̚˥ fɨi˩˩ . kʰai˦˨ kan˦˨ , t͡ɕiɛt̚˥ i˧˥ hɛn˨˦ kuɵn˦˨ t͡sz̩˧˥ , kɔʔ˥ tʰi˩˩ fɔŋ˩ t͡sʰz̩˩˩ t͡sʰz̩˩˩ t͡sɔŋ˦˨ , tu˦˨ kui˦˨ tʰiaŋ˩˩ tʰuŋ˨˦ tɛt̚˥ lɨn˩˩ kuɵn˦˨ sɨn˨˩˧ tʰiaŋ˩˩ t͡sz̩˦˨ kiɛt̚˨ t͡sz̩˨˩˧ t͡sɨn˧˥ t͡sʰz̩˩˩ t͡ɕy˨˩˧ t͡ɕʰi˨˩˧ , t͡ɕiɛt̚˥ tɛt̚˥ tʰau˨˩˧ kɔŋ˦˨ ɕi˦˨ ɕin˦˨ t͡sɨn˧˥ t͡sʰz̩˩˩ t͡ɕit̚˥ kɔʔ˥ hɔŋ˩˩ t͡ɕiɛn˧˥ t͡sz̩˧˥ tʰuŋ˨˦ tɛt̚˥ ɕi˩˩ liɛt̚˥ fat̚˥ kui˦˨ , tɛt̚˥ he˨˩ sz̩˩ kan˦˨ kɔŋ˦˨ ɕi˦˨ t͡sɨn˧˥ t͡sʰz̩˩˩ i˨˩ t͡ɕin˩ t͡sʰɨt̚˥ ɕiɛn˩˩ t͡sɨn˧˥ t͡sʰz̩˩˩ t͡ɕiɛt̚˥ .
有人覺得贛粵運河開通正後會舞得江西境內嗰細河細江嗰水位下落，故係江西嗰學術界，包括官員都有非常多嗰反對意見。佢俚怫到時間鄱陽湖生態經濟區嗰水源出現外流嗰狀態。鄱陽湖水系覆蓋全贛96%嗰地區，除吥東江源，別嗰水系嗰源頭，包括贛江、撫河、修水、饒河、信江，都指向鄱陽湖。要係開通運河，可能會舞得箇隻封閉嗰水體體系嗰鄱陽湖源頭水流減少，也勢必會減少鄱陽湖嗰水量。	iu˨˩˧ n̠ʲin˧˥ kɔʔ˥ tɛt̚˨ kɵn˧˥ yɵt̚˥ yn˩˩ ho˨˦ kʰai˦˨ tʰuŋ˦˨ hɛu˩˩ fɨi˩˩ tɛt̚˥ kɔŋ˦˨ ɕi˦˨ lui˩˩ ho˨˦ kɔŋ˦˨ sui˨˩˧ ui˩˩ ha˩˩ lɔʔ˨ , kɔŋ˦˨ ɕi˦˨ hɔʔ˨ sɨt̚˥ kai˧˥ , pau˦˨ kuɵn˦˨ yɵn˧˥ tu˦˨ iu˨˩˧ sɔŋ˧˥ to˦˨ fan˨˩˧ t͡ɕiɛn˧˥ . t͡ɕʰie˨˦ tau˧˥ sz̩˧˥ kan˨ iɔŋ˧˥ fu˧˥ saŋ˦˨ t͡ɕiaŋ˦˨ t͡ɕʰy˦˨ sui˨˩˧ t͡sʰɨt̚˥ ɕiɛn˩˩ uai˩˩ liu˧˥ . iɔŋ˧˥ fu˧˥ sui˨˩˧ ɕi˩˩ t͡ɕʰyɵn˨˦ kɵn˧˥ paʔ˥ fɨn˦˨ t͡sz̩˦˨ t͡ɕiu˨˩˧ sɨt̚˨ liuʔ˥ tʰi˩˩ t͡ɕʰy˦˨ , t͡sʰz̩˨˦ tuŋ˦˨ kɔŋ˦˨ , pʰiɛt̚˥ sui˨˩˧ ɕi˩˩ tʰɛu˨˦ , pau˦˨ kɵn˧˥ kɔŋ˦˨ , ho˨˦ , ɕiu˦˨ sui˨˩˧ , ho˨˦ , ɕin˧˥ kɔŋ˦˨ , tu˦˨ t͡sz̩˨˩˧ iɔŋ˧˥ fu˧˥ . iɛu˦˨ kʰai˦˨ tʰuŋ˦˨ yn˩˩ ho˨˦ , lɛn˧˥ fɨi˩˩ tɛt̚˥ t͡saʔ˥ fuŋ˦˨ sui˨˩˧ tʰi˨˩˧ tʰi˨˩˧ ɕi˩˩ iɔŋ˧˥ fu˧˥ tʰɛu˨˦ sui˨˩˧ liu˧˥ sɛu˨˩˧ , ia˨˩˧ pit̚˥ fɨi˩˩ sɛu˨˩˧ iɔŋ˧˥ fu˧˥ sui˨˩˧ liɔŋ˩˩ .
凍嘴或接吻一般係話兩隻人嗰嘴唇相互挨嘚嗰動作，也可以係一隻嘴唇挨嘚另一隻人嗰文身任一部位。	t͡sui˨˩˧ fɛt̚˥ t͡ɕiɛt̚˥ it̚˥ ua˩˩ t͡saʔ˥ n̠ʲin˧˥ t͡sui˨˩˧ ɕiɔŋ˧˥ tʰuŋ˩˩ t͡sɔʔ˥ , ia˨˩˧ i˨˩˧ it̚˥ t͡saʔ˥ t͡sui˨˩˧ it̚˥ t͡saʔ˥ n̠ʲin˧˥ un˧˥ sɨn˦˨ lɨn˩˩ it̚˥ pʰu˩˩ ui˩˩ .
圭、白玉為之。長尺二寸。剡其上。下以黃綺約之。上刻山形四。盛以黃綺囊。藉以黃錦。	pʰaʔ˨ y˩˩ t͡sz̩˦˨ . t͡sʰɔŋ˨˦ t͡sʰaʔ˥ ɵ˩˩ t͡sʰun˨˩˧ . t͡ɕʰi˨˦ sɔŋ˩˩ . ha˩˩ i˨˩˧ uɔŋ˧˥ iɔʔ˥ t͡sz̩˦˨ . sɔŋ˩˩ kʰiɛt̚˥ san˦˨ ɕin˧˥ sz̩˧˥ . i˨˩˧ uɔŋ˧˥ lɔŋ˧˥ . i˨˩˧ uɔŋ˧˥ .
夫禮服之興也，所以報功章德，尊仁尚賢。故禮尊尊貴貴，不得相逾，所以為禮也，非其人不得服其服，所以順禮也。順則上下有序，德薄者退，德盛者縟。故聖人處乎天子之位，服玉藻邃延，日月升龍，山車金根飾，黃屋左纛，所以副其德，章其功也。賢仁佐聖，封國受民，黼黻文綉，降龍路車，所以顯其仁，光其能也。	li˨˩˧ fuʔ˨ t͡sz̩˦˨ ɕin˦˨ ia˨˩˧ , so˨˩˧ i˨˩˧ pau˧˥ kuŋ˦˨ t͡sɔŋ˦˨ , t͡ɕin˦˨ ɕiɛn˧˥ . li˨˩˧ t͡ɕin˦˨ t͡ɕin˦˨ kui˧˥ kui˧˥ , pɨt̚˥ tɛt̚˥ ɕiɔŋ˧˥ , so˨˩˧ i˨˩˧ li˨˩˧ ia˨˩˧ , t͡ɕʰi˨˦ n̠ʲin˧˥ pɨt̚˥ tɛt̚˥ fuʔ˨ t͡ɕʰi˨˦ fuʔ˨ , so˨˩˧ i˨˩˧ sun˩˩ li˨˩˧ ia˨˩˧ . sun˩˩ t͡sɛt̚˥ sɔŋ˩˩ ha˩˩ iu˨˩˧ ɕy˩˩ , t͡sa˨˩˧ tʰui˨˩˧ , t͡sa˨˩˧ . sɨn˧˥ n̠ʲin˧˥ fu˧˥ tʰiɛn˦˨ t͡sz̩˨˩˧ t͡sz̩˦˨ ui˩˩ , fuʔ˨ y˩˩ , n̠ʲit̚˥ n̠ʲyɵt̚˨ luŋ˧˥ , san˦˨ t͡sʰa˦˨ t͡ɕin˦˨ kiɛn˦˨ , uɔŋ˧˥ uʔ˥ t͡so˨˩˧ , so˨˩˧ i˨˩˧ fu˧˥ t͡ɕʰi˨˦ , t͡sɔŋ˦˨ t͡ɕʰi˨˦ kuŋ˦˨ ia˨˩˧ . ɕiɛn˧˥ sɨn˧˥ , fuŋ˦˨ kuɛt̚˥ ɕiu˩˩ min˧˥ , un˧˥ , kɔŋ˧˥ luŋ˧˥ lu˩˩ t͡sʰa˦˨ , so˨˩˧ i˨˩˧ t͡ɕʰi˨˦ , kuɔŋ˦˨ t͡ɕʰi˨˦ lɛn˧˥ ia˨˩˧ .
朴正熙（, 1917年9月30號－1979年10月26號），號中樹。 朝鮮慶尙北道人，佢係韓國嗰軍人、政治家、第5~9任總統（1963年12月10號－1979年10月26號），佢係韓國嗰國家中興嗰領導人。	it̚˥ t͡ɕiu˨˩˧ it̚˥ t͡ɕʰit̚˥ n̠ʲiɛn˧˥ t͡ɕiu˨˩˧ n̠ʲyɵt̚˨ san˦˨ sɨt̚˨ hau˩˩ it̚˥ t͡ɕiu˨˩˧ t͡ɕʰit̚˥ t͡ɕiu˨˩˧ n̠ʲiɛn˧˥ sɨt̚˨ n̠ʲyɵt̚˨ ɵ˩˩ sɨt̚˨ liuʔ˥ hau˩˩ , hau˩˩ t͡suŋ˦˨ ɕy˩˩ . t͡sʰɛu˨˦ ɕiɛn˦˨ t͡ɕʰin˨˩˧ pɛt̚˥ tʰau˩˩ n̠ʲin˧˥ , t͡ɕʰie˨˦ hɵn˨˦ kuɛt̚˥ t͡ɕyn˦˨ n̠ʲin˧˥ , t͡sɨn˧˥ t͡sʰz̩˩˩ ka˦˨ , tʰi˩˩ ŋ̍˨˩˧ tau˧˥ t͡ɕiu˨˩˧ lɨn˩˩ tʰuŋ˨˩˧ it̚˥ t͡ɕiu˨˩˧ liuʔ˥ san˦˨ n̠ʲiɛn˧˥ sɨt̚˨ ɵ˩˩ n̠ʲyɵt̚˨ sɨt̚˨ hau˩˩ it̚˥ t͡ɕiu˨˩˧ t͡ɕʰit̚˥ t͡ɕiu˨˩˧ n̠ʲiɛn˧˥ sɨt̚˨ n̠ʲyɵt̚˨ ɵ˩˩ sɨt̚˨ liuʔ˥ hau˩˩ , t͡ɕʰie˨˦ hɵn˨˦ kuɛt̚˥ kuɛt̚˥ ka˦˨ t͡suŋ˦˨ ɕin˦˨ liaŋ˨˩˧ n̠ʲin˧˥ .
江右人，即為江右民系，江右民系既指以贛語為母語嗰民系，即江右民系，以江西為中心分佈於江西、湖南、湖北、安徽、福建等地區，以贛語為母語，以贛江、瓦子角、瓦屑壩、撫河流域、吉泰盆地同遷嗰漢人為民系認同，有着自己獨特文化、語言、風俗、建築風格嗰漢族民系。	kɔŋ˦˨ iu˩˩ n̠ʲin˧˥ , kɔŋ˦˨ iu˩˩ min˧˥ ɕi˩˩ , kɔŋ˦˨ iu˩˩ min˧˥ ɕi˩˩ t͡sz̩˨˩˧ i˨˩˧ kɵn˧˥ n̠ʲy˨˩˧ mu˨˩˧ n̠ʲy˨˩˧ min˧˥ ɕi˩˩ , kɔŋ˦˨ iu˩˩ min˧˥ ɕi˩˩ , i˨˩˧ kɔŋ˦˨ ɕi˦˨ t͡suŋ˦˨ ɕin˦˨ fɨn˦˨ kɔŋ˦˨ ɕi˦˨ , fu˧˥ lan˧˥ , fu˧˥ pɛt̚˥ , ŋɵn˦˨ fɨi˦˨ , fuʔ˥ t͡ɕiɛn˨ tɛn˨˩˧ tʰi˩˩ t͡ɕʰy˦˨ , i˨˩˧ kɵn˧˥ n̠ʲy˨˩˧ mu˨˩˧ n̠ʲy˨˩˧ , i˨˩˧ kɵn˧˥ kɔŋ˦˨ , ua˨˩˧ t͡sz̩˨˩˧ kɔʔ˥ , ua˨˩˧ ɕiɛt̚˥ , ho˨˦ liu˧˥ , t͡ɕit̚˥ pʰɨn˨˦ tʰi˩˩ tʰuŋ˨˦ t͡ɕʰiɛn˦˨ n̠ʲin˧˥ min˧˥ ɕi˩˩ n̠ʲin˩˩ tʰuŋ˨˦ , iu˨˩˧ t͡sʰz̩˩˩ t͡ɕi˨˩˧ tʰuʔ˨ tʰɛt̚˥ un˧˥ fa˧˥ , n̠ʲy˨˩˧ n̠ʲiɛn˧˥ , fuŋ˦˨ ɕiuʔ˥ , t͡ɕiɛn˧˥ fuŋ˦˨ t͡sʰuʔ˥ min˧˥ ɕi˩˩ .
許穆（1595年3月－1682年4月27號），字文甫·和甫·文父，號眉叟·台領老人，臺領老人，石戶丈人，別號孔巖之世，承明，東膠老人，九疇老人，東序老人，二書圃翁，諡號文正。 朝鮮·陽川（今下嗰首爾）人，佢係許時間有名嗰朝鮮性理學者、文學家、政治家、詩人、畵家、思想家。朝鮮南人黨嗰黨首兼朝鮮后期禮訟論爭期時南人黨嗰中要論客。	ɕy˨˩˧ it̚˥ ŋ̍˨˩˧ t͡ɕiu˨˩˧ ŋ̍˨˩˧ n̠ʲiɛn˧˥ san˦˨ n̠ʲyɵt̚˨ it̚˥ liuʔ˥ pat̚˥ ɵ˩˩ n̠ʲiɛn˧˥ sz̩˧˥ n̠ʲyɵt̚˨ ɵ˩˩ sɨt̚˨ t͡ɕʰit̚˥ hau˩˩ , t͡sʰz̩˨˦ un˧˥ fo˧˥ un˧˥ fu˩˩ , hau˩˩ tʰai˨˦ liaŋ˨˩˧ lau˨˩˧ n̠ʲin˧˥ , tʰai˨˦ liaŋ˨˩˧ lau˨˩˧ n̠ʲin˧˥ , saʔ˨ fu˩˩ t͡sʰɔŋ˩˩ in˩ , pʰiɛt̚˥ hau˩˩ kʰuŋ˨˩˧ t͡sz̩˦˨ sz̩˧˥ , sɨn˧˥ min˧˥ , tuŋ˦˨ lau˨˩˧ n̠ʲin˧˥ , t͡ɕiu˨˩˧ lau˨˩˧ n̠ʲin˧˥ , tuŋ˦˨ ɕy˩˩ lau˨˩˧ n̠ʲin˧˥ , ɵ˩˩ ɕy˦˨ uŋ˦˨ , hau˩˩ un˧˥ . t͡sʰɛu˨˦ ɕiɛn˦˨ iɔŋ˧˥ t͡sʰɵn˦˨ t͡ɕin˦˨ ha˩˩ n̠ʲin˧˥ , t͡ɕʰie˨˦ he˨˩ sz̩˩ kan˦˨ iu˩˧ miaŋ˧˥ t͡sʰɛu˨˦ ɕiɛn˦˨ li˨˩˧ hɔʔ˨ t͡sa˨˩˧ , un˧˥ hɔʔ˨ ka˦˨ , t͡sɨn˧˥ t͡sʰz̩˩˩ ka˦˨ , sz̩˦˨ n̠ʲin˧˥ , ka˦˨ , sz̩˦˨ ɕiɔŋ˨˩˧ ka˦˨ . t͡sʰɛu˨˦ ɕiɛn˦˨ lan˧˥ n̠ʲin˧˥ tɔŋ˨˩˧ tɔŋ˨˩˧ t͡sʰɛu˨˦ ɕiɛn˦˨ hɛu˩˩ li˨˩˧ t͡saŋ˦˨ sz̩˧˥ lan˧˥ n̠ʲin˧˥ tɔŋ˨˩˧ t͡suŋ˦˨ iɛu˦˨ kʰaʔ˥ .
李滉（1501年11月25號－1682年12月8號），字景浩，號退溪·退陶·退陶晩隱·陶叟，敬稱海同朱子，諡號文純。 朝鮮·眞寶人，佢係許時間有名嗰朝鮮巨儒性理學者、文學家、政治家、詩人、畵家、思想家。佢係朝鮮明宗宣宗兩王嗰國師，朝鮮后期拕尊稱做李子，李夫子，享壽七十歲。	li˨˩˧ it̚˥ ŋ̍˨˩˧ lin˧˥ it̚˥ n̠ʲiɛn˧˥ sɨt̚˨ it̚˥ n̠ʲyɵt̚˨ ɵ˩˩ sɨt̚˨ ŋ̍˨˩˧ hau˩˩ it̚˥ liuʔ˥ pat̚˥ ɵ˩˩ n̠ʲiɛn˧˥ sɨt̚˨ ɵ˩˩ n̠ʲyɵt̚˨ pat̚˥ hau˩˩ , t͡sʰz̩˨˦ t͡ɕin˨˩˧ hau˩˩ , hau˩˩ tʰui˨˩˧ t͡ɕʰi˦˨ tʰui˨˩˧ tʰau˨˦ tʰui˨˩˧ tʰau˨˦ tʰau˨˦ , t͡ɕin˧˥ hai˨˩˧ tʰuŋ˨˦ t͡ɕy˨˩˧ t͡sz̩˨˩˧ , hau˩˩ un˧˥ sun˧˥ . t͡sʰɛu˨˦ ɕiɛn˦˨ n̠ʲin˧˥ , t͡ɕʰie˨˦ he˨˩ sz̩˩ kan˦˨ iu˩˧ miaŋ˧˥ t͡sʰɛu˨˦ ɕiɛn˦˨ ɵ˧˥ li˨˩˧ hɔʔ˨ t͡sa˨˩˧ , un˧˥ hɔʔ˨ ka˦˨ , t͡sɨn˧˥ t͡sʰz̩˩˩ ka˦˨ , sz̩˦˨ n̠ʲin˧˥ , ka˦˨ , sz̩˦˨ ɕiɔŋ˨˩˧ ka˦˨ . t͡ɕʰie˨˦ t͡sʰɛu˨˦ ɕiɛn˦˨ min˧˥ t͡suŋ˦˨ ɕyɵn˦˨ t͡suŋ˦˨ uɔŋ˧˥ kuɛt̚˥ sz̩˦˨ , t͡sʰɛu˨˦ ɕiɛn˦˨ hɛu˩˩ t͡ɕin˦˨ t͡su˧˥ li˨˩ t͡sz̩˩ , li˨˩˧ t͡sz̩˨˩˧ , sɨu˩˩ t͡ɕʰit̚˥ sɨt̚˨ sui˧˥ .
武靈府院君 柳子光 （1439年 －1512年6月），字于復·宇天。 朝鮮·南原（今下嗰全羅北道南原）人，佢係許時間有名嗰軍人、政治家、詩人。甲子士禍·戊午士禍嗰主事者、拕封做翊戴功臣·靖國功臣嗰勳號。	u˨˩˧ fu˨˩˧ yɵn˩˩ t͡ɕyn˦˨ liu˨˩˧ t͡sz̩˨˩˧ kuɔŋ˦˨ it̚˥ sz̩˧˥ san˦˨ t͡ɕiu˨˩˧ n̠ʲiɛn˧˥ tau˧˥ it̚˥ ŋ̍˨˩˧ it̚˥ ɵ˩˩ n̠ʲiɛn˧˥ liuʔ˥ n̠ʲyɵt̚˨ , t͡sʰz̩˨˦ y˨˩˧ tʰiɛn˦˨ . t͡sʰɛu˨˦ ɕiɛn˦˨ lan˧˥ n̠ʲyɵn˧˥ t͡ɕin˦˨ ha˩˩ t͡ɕʰyɵn˨˦ lo˧˥ pɛt̚˥ tʰau˩˩ lan˧˥ n̠ʲyɵn˧˥ n̠ʲin˧˥ , t͡ɕʰie˨˦ he˨˩ sz̩˩ kan˦˨ iu˩˧ miaŋ˧˥ t͡ɕyn˦˨ n̠ʲin˧˥ , t͡sɨn˧˥ t͡sʰz̩˩˩ ka˦˨ , sz̩˦˨ n̠ʲin˧˥ . kaʔ˥ t͡sz̩˨˩˧ sz̩˩˩ u˨˩˧ sz̩˩˩ t͡ɕy˨˩˧ sz̩˩˩ t͡sa˨˩˧ , fuŋ˦˨ t͡su˧˥ kuŋ˦˨ kuɛt̚˥ kuŋ˦˨ hau˩˩ .
網站嗰會員先頭係針對哈佛大學嗰學生，緩緩子拕拓展到波士頓區域嗰別嗰學堂，好似長春藤、斯坦福大學等。晏下子佢又增加哩冇進入大學嗰高中學生嗰，末後擴展到所有13歲以上嗰人。	uɔŋ˨˩˧ t͡san˧˥ fɨi˩˩ yɵn˧˥ ɕiɛn˦˨ tʰɛu˨˦ t͡sɨn˦˨ fɨt̚˨ ˈtʰai˩˩ hɔʔ˨ hɔʔ˨ saŋ˦˨ , fɵn˨˩˧ fɵn˨˩˧ t͡sz̩˨˩˧ t͡sɛn˨˩˧ tau˧˥ po˦˨ sz̩˩˩ tɨn˧˥ t͡ɕʰy˦˨ pʰiɛt̚˥ hɔʔ˨ tʰɔŋ˩ , hau˨˩˧ t͡sʰɔŋ˨˦ t͡sʰun˦˨ tʰɛn˨˦ , sz̩˦˨ fuʔ˥ ˈtʰai˩˩ hɔʔ˨ tɛn˨˩˧ . ha˩˩ t͡sz̩˨˩˧ t͡ɕʰie˨˦ iu˩˩ t͡sɛn˦˨ t͡sin˧˥ lɨt̚˥ ˈtʰai˩˩ hɔʔ˨ kau˦˨ t͡suŋ˦˨ hɔʔ˨ saŋ˦˨ , hɛu˩˩ kʰuɔʔ˥ t͡sɛn˨˩˧ tau˧˥ so˨˩˧ iu˨˩˧ sɨt̚˨ san˦˨ sui˧˥ i˨˩˧ sɔŋ˩˩ n̠ʲin˧˥ .
分析化學 - 無機化學 - 材料科學 - 藥物化學 - 核化學 - 有機化學 - 有機金屬化學 - 藥理學 - 藥劑學 - 物理化學 - 理論化學 - 立體化學 - 熱化學 -	fɨn˦˨ ɕit̚˥ fa˧˥ hɔʔ˨ t͡ɕi˦˨ fa˧˥ hɔʔ˨ ˈkʰuo˦˨ hɔʔ˥ iɔʔ˥ ut̚˥ fa˧˥ hɔʔ˨ fa˧˥ hɔʔ˨ iu˨˩˧ t͡ɕi˦˨ fa˧˥ hɔʔ˨ iu˨˩˧ t͡ɕi˦˨ t͡ɕin˦˨ fa˧˥ hɔʔ˨ iɔʔ˥ li˨˩˧ hɔʔ˨ iɔʔ˥ hɔʔ˨ ut̚˥ li˨˩˧ fa˧˥ hɔʔ˨ li˨˩˧ fa˧˥ hɔʔ˨ lit̚˥ tʰi˨˩˧ fa˧˥ hɔʔ˨ lɛt̚˥ fa˧˥ hɔʔ˨
放射性元素嗰原子核有一半發生衰變所需要嗰時間，叫半衰期（英文）。隨著放射嗰不斷進行，放射強度將按指數曲線下降，放射性強度達到原值一半所需要嗰時間叫做同位素嗰半衰期。	fɔŋ˧˥ sa˩˩ n̠ʲyɵn˧˥ su˧˥ n̠ʲyɵn˧˥ t͡sz̩˨˩˧ iu˨˩˧ it̚˥ pɵn˧˥ saŋ˦˨ so˨˩˧ iɛu˦˨ sz̩˧˥ kan˨ , t͡ɕiɛu˧˥ pɵn˧˥ in˦˨ un˧˥ . sui˧˥ t͡sɔʔ˥ fɔŋ˧˥ sa˩˩ pɨt̚˥ t͡sin˧˥ hɛn˨˦ , fɔŋ˧˥ sa˩˩ t͡ɕʰiɔŋ˨˦ t͡sz̩˨˩˧ su˨˩˧ t͡ɕʰiuʔ˥ ɕiɛn˧˥ ha˩˩ kɔŋ˧˥ , fɔŋ˧˥ sa˩˩ t͡ɕʰiɔŋ˨˦ tʰaʔ˨ tau˧˥ n̠ʲyɵn˧˥ t͡sʰɨt̚˨ it̚˥ pɵn˧˥ so˨˩˧ iɛu˦˨ sz̩˧˥ kan˨ t͡ɕiɛu˧˥ t͡su˧˥ tʰuŋ˨˦ ui˩˩ su˧˥ pɵn˧˥ .
樂安昭定王 朱奠壘（ 1427年—1488年 ），係寧惠王朱磐烒嗰三崽，到1442年-1451年期間托封為鎭國將軍，1451年三月十三日进封樂安王，1488年過身，諡號「昭定王」。四嗰大崽老早就過身嘍，樂安王嗰位子就傳到孫子朱宸湔。	ŋɔʔ˥ ŋɵn˦˨ tʰiaŋ˩˩ uɔŋ˧˥ t͡ɕy˨˩˧ it̚˥ sz̩˧˥ ɵ˩˩ t͡ɕʰit̚˥ n̠ʲiɛn˧˥ tau˧˥ it̚˥ sz̩˧˥ pat̚˥ pat̚˥ n̠ʲiɛn˧˥ , lin˧˥ fɨi˩˩ uɔŋ˧˥ t͡ɕy˨˩˧ san˦˨ t͡sai˨˩˧ , tau˧˥ it̚˥ sz̩˧˥ sz̩˧˥ ɵ˩˩ n̠ʲiɛn˧˥ tau˧˥ it̚˥ sz̩˧˥ ŋ̍˨˩˧ it̚˥ n̠ʲiɛn˧˥ kan˦˨ tʰɔʔ˥ fuŋ˦˨ kuɛt̚˥ t͡ɕyn˦˨ , it̚˥ sz̩˧˥ ŋ̍˨˩˧ it̚˥ n̠ʲiɛn˧˥ san˦˨ n̠ʲyɵt̚˨ sɨt̚˨ san˦˨ n̠ʲit̚˥ t͡sin˧˥ fuŋ˦˨ ŋɔʔ˥ ŋɵn˦˨ uɔŋ˧˥ , it̚˥ sz̩˧˥ pat̚˥ pat̚˥ n̠ʲiɛn˧˥ kuo˧˥ sɨn˦˨ , hau˩˩ tʰiaŋ˩˩ uɔŋ˧˥ . sz̩˧˥ ˈtʰai˩˩ t͡sai˨˩˧ lau˨˩˧ t͡sau˨˩˧ t͡ɕʰiu˩˩ kuo˧˥ sɨn˦˨ , ŋɔʔ˥ ŋɵn˦˨ uɔŋ˧˥ ui˩˩ t͡sz̩˨˩˧ t͡ɕʰiu˩˩ tau˧˥ sun˦˨ t͡sz̩˨ t͡ɕy˨˩˧ .
黃光霞，(1915年–2002年)，河南新縣人。佢係1930年參加嗰中國工農紅軍，1933年加入嗰中國共產黨。佢係歷任排長、指導員、營長、副團長、團長、軍分區司令員、旅長同省軍區副司令員嗰職。第二次國內革命戰爭時期，佢係參加嗰中央根據地第一至五次反“圍剿”鬥爭同二萬五千里長征。抗日戰爭時期，佢係參加嗰“百團大戰”同數次反“掃蕩”戰役戰鬥。解放戰爭時期，佢係作戰英勇，指揮果斷。中華人民共和國成立了以後，佢係為嗰部隊建設做出嗰貢獻。佢係1955年被授予嗰少將軍銜。	uɔŋ˧˥ kuɔŋ˦˨ ha˨˦ , it̚˥ t͡ɕiu˨˩˧ it̚˥ ŋ̍˨˩˧ n̠ʲiɛn˧˥ tau˧˥ ɵ˩˩ lin˧˥ lin˧˥ ɵ˩˩ n̠ʲiɛn˧˥ , ho˨˦ lan˧˥ ɕin˦˨ ɕiɛn˩˩ n̠ʲin˧˥ . t͡ɕʰie˨˦ it̚˥ t͡ɕiu˨˩˧ san˦˨ lin˧˥ n̠ʲiɛn˧˥ t͡suŋ˦˨ kuɛt̚˥ kuŋ˦˨ luŋ˧˥ fuŋ˧˥ t͡ɕyn˦˨ , it̚˥ t͡ɕiu˨˩˧ san˦˨ san˦˨ n̠ʲiɛn˧˥ lɨt̚˥ t͡suŋ˦˨ kuɛt̚˥ t͡ɕʰiuŋ˩˩ t͡sʰan˨˩˧ tɔŋ˨˩˧ . t͡ɕʰie˨˦ lɨn˩˩ pʰai˨˦ t͡sʰɔŋ˨˦ , t͡sz̩˨˩˧ yɵn˧˥ , yn˧˥ t͡sʰɔŋ˨˦ , fu˧˥ tʰɵn˨˦ t͡sʰɔŋ˨˦ , tʰɵn˨˦ t͡sʰɔŋ˨˦ , t͡ɕyn˦˨ fɨn˦˨ t͡ɕʰy˦˨ lin˩˩ yɵn˧˥ , li˨˩˧ t͡sʰɔŋ˨˦ tʰuŋ˨˦ t͡ɕyn˦˨ t͡ɕʰy˦˨ fu˧˥ lin˩˩ yɵn˧˥ t͡sɨt̚˥ . tʰi˩˩ ɵ˩˩ t͡sʰz̩˨˩˧ kuɛt̚˥ lui˩˩ kiɛt̚˥ miaŋ˩˩ t͡sɛn˧˥ t͡saŋ˦˨ sz̩˧˥ , t͡ɕʰie˨˦ t͡suŋ˦˨ iɔŋ˦˨ kiɛn˦˨ tʰi˩˩ tʰi˩˩ it̚˥ t͡sz̩˧˥ ŋ̍˨˩˧ t͡sʰz̩˨˩˧ fan˨˩˧ t͡saŋ˦˨ tʰuŋ˨˦ ɵ˩˩ uan˩˩ ŋ̍˨˩˧ t͡ɕʰiɛn˦˨ li˨˩˧ t͡sʰɔŋ˨˦ t͡sɨn˦˨ . n̠ʲit̚˥ t͡sɛn˧˥ t͡saŋ˦˨ sz̩˧˥ , t͡ɕʰie˨˦ paʔ˥ tʰɵn˨˦ tʰai˩˩ t͡sɛn˧˥ tʰuŋ˨˦ su˨˩˧ t͡sʰz̩˨˩˧ fan˨˩˧ tʰɔŋ˩˩ t͡sɛn˧˥ yt̚˥ t͡sɛn˧˥ . kai˨˩˧ fɔŋ˧˥ t͡sɛn˧˥ t͡saŋ˦˨ sz̩˧˥ , t͡ɕʰie˨˦ t͡sɔʔ˥ t͡sɛn˧˥ in˦˨ iuŋ˨˩˧ , t͡sz̩˨˩˧ fɨi˦˨ kuo˨˩˧ . t͡suŋ˦˨ fa˧˥ lɨn˧˥ min˧˥ kʰuŋ˩˩ fo˧˥ kuɛt̚˥ saŋ˧˥ lit̚˥ liɛu i˨˩˧ hɛu˩˩ , t͡ɕʰie˨˦ pʰu˩˩ t͡ɕiɛn˧˥ sɛt̚˥ t͡su˧˥ t͡sʰɨt̚˥ . t͡ɕʰie˨˦ it̚˥ t͡ɕiu˨˩˧ ŋ̍˨˩˧ ŋ̍˨˩˧ n̠ʲiɛn˧˥ pʰi˩˩ sɛu˨˩˧ t͡ɕyn˦˨ han˨˦ .
裴周玉(1912年12月–2015年6月20號)，湖南平江人。佢係1927年參加嗰秋收暴動，同年參加嗰中國共產主義青年團，1930年參加嗰紅軍。歷經嗰中央蘇區五次“反圍剿”戰爭、二萬五千里長征、抗日戰爭、解放戰爭同抗美援朝戰爭。係1955年被授予嗰少將軍銜，1988年被授予嗰中國人民解放軍一級紅星功勳榮譽章。	t͡sɨu˦˨ y˩˩ it̚˥ t͡ɕiu˨˩˧ it̚˥ ɵ˩˩ n̠ʲiɛn˧˥ sɨt̚˨ ɵ˩˩ n̠ʲyɵt̚˨ ɵ˩˩ lin˧˥ it̚˥ ŋ̍˨˩˧ n̠ʲiɛn˧˥ liuʔ˥ n̠ʲyɵt̚˨ ɵ˩˩ sɨt̚˨ hau˩˩ , fu˧˥ lan˧˥ pʰiaŋ˨˦ kɔŋ˦˨ n̠ʲin˧˥ . t͡ɕʰie˨˦ it̚˥ t͡ɕiu˨˩˧ ɵ˩˩ t͡ɕʰit̚˥ n̠ʲiɛn˧˥ t͡ɕʰiu˦˨ ɕiu˦˨ tʰuŋ˩˩ , tʰuŋ˨˦ n̠ʲiɛn˧˥ t͡suŋ˦˨ kuɛt̚˥ t͡ɕʰiuŋ˩˩ t͡sʰan˨˩˧ t͡ɕy˨˩˧ n̠ʲi˩˩ t͡ɕʰiaŋ˦˨ n̠ʲiɛn˧˥ tʰɵn˨˦ , it̚˥ t͡ɕiu˨˩˧ san˦˨ lin˧˥ n̠ʲiɛn˧˥ fuŋ˧˥ t͡ɕyn˦˨ . t͡ɕiaŋ˦˨ t͡suŋ˦˨ iɔŋ˦˨ su˦˨ t͡ɕʰy˦˨ ŋ̍˨˩˧ t͡sʰz̩˨˩˧ fan˨˩˧ t͡sɛn˧˥ t͡saŋ˦˨ , ɵ˩˩ uan˩˩ ŋ̍˨˩˧ t͡ɕʰiɛn˦˨ li˨˩˧ t͡sʰɔŋ˨˦ t͡sɨn˦˨ , n̠ʲit̚˥ t͡sɛn˧˥ t͡saŋ˦˨ , kai˨˩˧ fɔŋ˧˥ t͡sɛn˧˥ t͡saŋ˦˨ tʰuŋ˨˦ mi˨˩˧ t͡sʰɛu˨˦ t͡sɛn˧˥ t͡saŋ˦˨ . it̚˥ t͡ɕiu˨˩˧ ŋ̍˨˩˧ ŋ̍˨˩˧ n̠ʲiɛn˧˥ pʰi˩˩ sɛu˨˩˧ t͡ɕyn˦˨ han˨˦ , it̚˥ t͡ɕiu˨˩˧ pat̚˥ pat̚˥ n̠ʲiɛn˧˥ pʰi˩˩ t͡suŋ˦˨ kuɛt̚˥ lɨn˧˥ min˧˥ kai˨˩˧ fɔŋ˧˥ t͡ɕyn˦˨ it̚˥ fuŋ˧˥ ɕiaŋ˦˨ kuŋ˦˨ iuŋ˧˥ t͡sɔŋ˦˨ .
文襄公 李之芳（1622年9月22號-1694年12月18號），字鄴園，諡文襄。清朝·武定州（今山東省惠民縣）人，係清朝早期文臣及學士，詩人。佢係順治四年（1647年）進士，拕後授金華府推官，刑部主事，郎中，廣西道監察御史，湖廣道監察御史，升吏部右侍郎，兵部左侍郎兼都察院左副都御史。康熙二十一年（1682年）秋兵部尚書，吏部尚書，康熙二十六年（1687年），兼任文華殿大學士。拕初贈太子太保，后拕加贈少保。	un˧˥ ɕiɔŋ˦˨ kuŋ˦˨ li˨˩˧ t͡sz̩˦˨ fɔŋ˦˨ it̚˥ liuʔ˥ ɵ˩˩ ɵ˩˩ n̠ʲiɛn˧˥ t͡ɕiu˨˩˧ n̠ʲyɵt̚˨ ɵ˩˩ sɨt̚˨ ɵ˩˩ hau˩˩ it̚˥ liuʔ˥ t͡ɕiu˨˩˧ sz̩˧˥ n̠ʲiɛn˧˥ sɨt̚˨ ɵ˩˩ n̠ʲyɵt̚˨ sɨt̚˨ pat̚˥ hau˩˩ , t͡sʰz̩˨˦ yɵn˧˥ , un˧˥ ɕiɔŋ˦˨ . t͡ɕʰin˦˨ t͡sʰɛu˨˦ u˨˩˧ tʰiaŋ˩˩ t͡sɨu˦˨ t͡ɕin˦˨ san˦˨ tuŋ˦˨ fɨi˩˩ min˧˥ ɕiɛn˩˩ n̠ʲin˧˥ , t͡ɕʰin˦˨ t͡sʰɛu˨˦ t͡sau˨˩˧ un˧˥ t͡ɕʰit̚˨ hɔʔ˨ sz̩˩˩ , sz̩˦˨ n̠ʲin˧˥ . t͡ɕʰie˨˦ sun˩˩ t͡sʰz̩˩˩ sz̩˧˥ n̠ʲiɛn˧˥ it̚˥ liuʔ˥ sz̩˧˥ t͡ɕʰit̚˥ n̠ʲiɛn˧˥ t͡sin˧˥ sz̩˩˩ , hɛu˩˩ t͡ɕin˦˨ fa˧˥ fu˨˩˧ tʰui˦˨ kuɵn˦˨ , pʰu˩˩ t͡ɕy˨˩˧ sz̩˩˩ , ˈlɔŋ˧˥ t͡suŋ˦˨ , kuɔŋ˨˩˧ ɕi˦˨ tʰau˩˩ kan˦˨ t͡sʰat̚˥ sz̩˨˩˧ , fu˧˥ kuɔŋ˨˩˧ tʰau˩˩ kan˦˨ t͡sʰat̚˥ sz̩˨˩˧ , pʰu˩˩ iu˩˩ lɔŋ˧˥ , pin˦˨ pʰu˩˩ t͡so˨˩˧ lɔŋ˧˥ tu˦˨ t͡sʰat̚˥ yɵn˩˩ t͡so˨˩˧ fu˧˥ tu˦˨ sz̩˨˩˧ . ɵ˩˩ sɨt̚˨ it̚˥ n̠ʲiɛn˧˥ it̚˥ liuʔ˥ pat̚˥ ɵ˩˩ n̠ʲiɛn˧˥ t͡ɕʰiu˦˨ pin˦˨ pʰu˩˩ ɕy˦˨ , pʰu˩˩ ɕy˦˨ , ɵ˩˩ sɨt̚˨ liuʔ˥ n̠ʲiɛn˧˥ it̚˥ liuʔ˥ pat̚˥ t͡ɕʰit̚˥ n̠ʲiɛn˧˥ , lɨn˩˩ un˧˥ fa˧˥ tʰiɛn˩˩ ˈtʰai˩˩ hɔʔ˨ sz̩˩˩ . t͡sʰu˦˨ tʰai˨˩˧ t͡sz̩˨˩˧ tʰai˨˩˧ , hɛu˩˩ sɛu˨˩˧ .
夫夫（）係指在同性婚姻合法嗰地區或者國家，男性同男性經過一定嗰儀式（婚禮）或者法律程序確立婚姻之後嗰關係。一般會共同生活、維持經濟、一齊養育子女等。夫夫雙方互為對方嗰配偶、丈夫。	t͡sz̩˨˩˧ t͡sʰai˩˩ tʰuŋ˨˦ fɨn˦˨ hɵt̚˨ fat̚˥ tʰi˩˩ t͡ɕʰy˦˨ fɛt̚˥ t͡sa˨˩˧ kuɛt̚˥ ka˦˨ , lan˧˥ tʰuŋ˨˦ lan˧˥ t͡ɕiaŋ˦˨ kuo˧˥ it̚˥ tʰiaŋ˩˩ sɨt̚˥ fɨn˦˨ li˨˩˧ fɛt̚˥ t͡sa˨˩˧ fat̚˥ lit̚˥ ɕy˩˩ kʰɔʔ˥ lit̚˥ fɨn˦˨ t͡sz̩˦˨ ˈhɛu˩˩ kuan˦˨ . it̚˥ fɨi˩˩ t͡ɕʰiuŋ˩˩ tʰuŋ˨˦ saŋ˦˨ uɵt̚˨ , ui˧˥ t͡sʰz̩˨ t͡ɕiaŋ˦˨ , it̚˥ t͡sz̩˨˩˧ n̠ʲy˨˩˧ tɛn˨˩˧ . sɔŋ˦˨ fɔŋ˦˨ fɔŋ˦˨ , t͡sʰɔŋ˩˩ .
汪兆銘（1883年5月4號－1944年11月10號），字季新，號精衛，廣東三水人。係中國近代革命家同政治家。佢作為國民黨、國民政府嗰主要創造人同領導者，對20世紀嗰中國有巨大影響。	it̚˥ pat̚˥ pat̚˥ san˦˨ n̠ʲiɛn˧˥ ŋ̍˨˩˧ n̠ʲyɵt̚˨ sz̩˧˥ hau˩˩ it̚˥ t͡ɕiu˨˩˧ sz̩˧˥ sz̩˧˥ n̠ʲiɛn˧˥ sɨt̚˨ it̚˥ n̠ʲyɵt̚˨ sɨt̚˨ hau˩˩ , t͡sʰz̩˨˦ ɕin˦˨ , hau˩˩ t͡ɕin˦˨ ui˩˩ , kuɔŋ˨˩˧ tuŋ˦˨ san˦˨ sui˨˩˧ n̠ʲin˧˥ . t͡suŋ˦˨ kuɛt̚˥ t͡ɕʰin˩˩ tʰai˩˩ kiɛt̚˥ miaŋ˩˩ ka˦˨ tʰuŋ˨˦ t͡sɨn˧˥ t͡sʰz̩˩˩ ka˦˨ . t͡ɕʰie˨˦ t͡sɔʔ˥ kuɛt̚˥ min˧˥ tɔŋ˨˩˧ , kuɛt̚˥ min˧˥ t͡sɨn˧˥ fu˨˩˧ t͡ɕy˨˩˧ iɛu˦˨ t͡sʰau˩˩ n̠ʲin˧˥ tʰuŋ˨˦ liaŋ˨˩˧ t͡sa˨˩˧ , ɵ˩˩ sɨt̚˨ sz̩˧˥ t͡suŋ˦˨ kuɛt̚˥ iu˨˩˧ tʰai˩˩ iaŋ˨˩˧ .
張之洞（），字孝達、香濤，號香岩、壺公、無競居士、抱冰，直隸南皮人。係晚清嗰政治家同改革家，人稱張香帥。佢歷任過體仁閣大學士、軍機大臣、湖廣總督、兩江總督、兩廣總督。最出名嗰事跡係推動洋務運動，並同李鴻章、袁世凱等參與東南互保。	t͡sɔŋ˦˨ t͡sz̩˦˨ tʰuŋ˩˩ , t͡sʰz̩˨˦ tʰaʔ˨ , ɕiɔŋ˦˨ , hau˩˩ ɕiɔŋ˦˨ , kuŋ˦˨ , ˈt͡ɕy˦˨ sz̩˩˩ , pin˦˨ , t͡sʰɨt̚˨ lan˧˥ pʰi˨˦ n̠ʲin˧˥ . uan˨˩˧ t͡ɕʰin˦˨ t͡sɨn˧˥ t͡sʰz̩˩˩ ka˦˨ tʰuŋ˨˦ kai˨˩˧ kiɛt̚˥ ka˦˨ , n̠ʲin˧˥ t͡sɔŋ˦˨ ɕiɔŋ˦˨ . t͡ɕʰie˨˦ lɨn˩˩ kuo˧˥ tʰi˨˩˧ ˈtʰai˩˩ hɔʔ˨ sz̩˩˩ , t͡ɕyn˦˨ t͡ɕi˦˨ tʰai˩˩ , fu˧˥ kuɔŋ˨˩˧ , kɔŋ˦˨ , kuɔŋ˨˩˧ . t͡sui˧˥ t͡sʰɨt̚˥ miaŋ˧˥ sz̩˩˩ tʰui˦˨ tʰuŋ˩˩ iɔŋ˧˥ yn˩˩ tʰuŋ˩˩ , tʰuŋ˨˦ li˨˩˧ t͡sɔŋ˦˨ , sz̩˧˥ tɛn˨˩˧ tuŋ˦˨ lan˧˥ .
2024年中華民國總統選舉，即係中華民國第十六屆總統、副總統選舉，2024年1月（民國113年）13號舉行，預計會同2024年中華民國立法委員選舉共同構成「2024年中華民國中央公職人員選舉」。	ɵ˩˩ lin˧˥ ɵ˩˩ sz̩˧˥ n̠ʲiɛn˧˥ t͡suŋ˦˨ fa˧˥ min˧˥ kuɛt̚˥ tʰuŋ˨˩˧ ɕyɵn˨˦ t͡ɕy˨˩˧ , t͡suŋ˦˨ fa˧˥ min˧˥ kuɛt̚˥ tʰi˩˩ sɨt̚˨ liuʔ˥ tʰuŋ˨˩˧ , fu˧˥ tʰuŋ˨˩˧ ɕyɵn˨˦ t͡ɕy˨˩˧ , ɵ˩˩ lin˧˥ ɵ˩˩ sz̩˧˥ n̠ʲiɛn˧˥ it̚˥ n̠ʲyɵt̚˨ min˧˥ kuɛt̚˥ it̚˥ paʔ˥ it̚˥ sɨt̚˨ san˦˨ n̠ʲiɛn˧˥ sɨt̚˨ san˦˨ hau˩˩ t͡ɕy˨˩˧ hɛn˨˦ , t͡ɕi˧˥ fɨi˩˩ tʰuŋ˨˦ ɵ˩˩ lin˧˥ ɵ˩˩ sz̩˧˥ n̠ʲiɛn˧˥ t͡suŋ˦˨ fa˧˥ min˧˥ kuɛt̚˥ lit̚˥ fat̚˥ ui˨˩˧ yɵn˧˥ ɕyɵn˨˦ t͡ɕy˨˩˧ t͡ɕʰiuŋ˩˩ tʰuŋ˨˦ saŋ˧˥ ɵ˩˩ lin˧˥ ɵ˩˩ sz̩˧˥ n̠ʲiɛn˧˥ t͡suŋ˦˨ fa˧˥ min˧˥ kuɛt̚˥ t͡suŋ˦˨ iɔŋ˦˨ kuŋ˦˨ t͡sɨt̚˥ n̠ʲin˧˥ yɵn˧˥ ɕyɵn˨˦ t͡ɕy˨˩˧ .
位于江西省西部，袁河上游，东经113°54′-114°37′，北纬27°33′-28°05′。东连新余，西临萍乡，南界安福，北接万载、上高和湖南省浏阳市。总面积2532.36平方千米，总人口为105.045万人。	ui˩˩ kɔŋ˦˨ ɕi˦˨ ɕi˦˨ pʰu˩˩ , ho˨˦ sɔŋ˩˩ , tuŋ˦˨ t͡ɕiaŋ˦˨ it̚˥ paʔ˥ it̚˥ sɨt̚˨ san˦˨ ŋ̍˨˩˧ sɨt̚˨ sz̩˧˥ it̚˥ paʔ˥ it̚˥ sɨt̚˨ sz̩˧˥ san˦˨ sɨt̚˨ t͡ɕʰit̚˥ , pɛt̚˥ ɵ˩˩ sɨt̚˨ t͡ɕʰit̚˥ san˦˨ sɨt̚˨ san˦˨ ɵ˩˩ sɨt̚˨ pat̚˥ ŋ̍˨˩˧ . tuŋ˦˨ ɕin˦˨ y˧˥ , ɕi˦˨ ɕiɔŋ˦˨ , lan˧˥ kai˧˥ ŋɵn˦˨ fuʔ˥ , pɛt̚˥ t͡ɕiɛt̚˥ uan˩˩ , sɔŋ˩˩ kau˦˨ fo˧˥ fu˧˥ lan˧˥ iɔŋ˧˥ sz̩˩˩ . miɛn˩˩ ɵ˩˩ t͡ɕʰiɛn˦˨ ŋ̍˨˩˧ paʔ˥ san˦˨ sɨt̚˨ ɵ˩˩ tiɛn˨˩˧ san˦˨ liuʔ˥ pʰiaŋ˨˦ fɔŋ˦˨ t͡ɕʰiɛn˦˨ mi˨˩˧ , n̠ʲin˧˥ kʰiɛu˨˩˧ it̚˥ paʔ˥ lin˧˥ ŋ̍˨˩˧ tiɛn˨˩˧ lin˧˥ sz̩˧˥ ŋ̍˨˩˧ uan˩˩ n̠ʲin˧˥ .
景德鎮係江西管到嗰一隻地級市，位到江西嗰東北首，東經116°57′--117°42′，北緯28°44′--29°56′之間，西北同安徽嗰東至縣交界，南首係萬年縣、西首係鄱陽縣，東北同安徽嗰祁門縣、東偏南交到婺源縣。面積5256平方公里，人口150.8萬（2005年豚）。景德鎮嗰瓷器有名傷嘍，拕尊為「瓷都」。	t͡ɕin˨˩˧ t͡ɕin˧˥ kɔŋ˦˨ ɕi˦˨ kuɵn˨˩˧ tau˧˥ it̚˥ t͡saʔ˥ tʰi˩˩ sz̩˩˩ , ui˩˩ tau˧˥ kɔŋ˦˨ ɕi˦˨ tuŋ˦˨ pɛt̚˥ , tuŋ˦˨ t͡ɕiaŋ˦˨ it̚˥ paʔ˥ it̚˥ sɨt̚˨ liuʔ˥ ŋ̍˨˩˧ sɨt̚˨ t͡ɕʰit̚˥ it̚˥ paʔ˥ it̚˥ sɨt̚˨ t͡ɕʰit̚˥ sz̩˧˥ sɨt̚˨ ɵ˩˩ , pɛt̚˥ ɵ˩˩ sɨt̚˨ pat̚˥ sz̩˧˥ sɨt̚˨ sz̩˧˥ ɵ˩˩ sɨt̚˨ t͡ɕiu˨˩˧ ŋ̍˨˩˧ sɨt̚˨ liuʔ˥ t͡sz̩˦˨ kan˦˨ , ɕi˦˨ pɛt̚˥ tʰuŋ˨˦ ŋɵn˦˨ fɨi˦˨ tuŋ˦˨ t͡sz̩˧˥ ɕiɛn˩˩ kau˦˨ kai˧˥ , lan˧˥ uan˩˩ n̠ʲiɛn˧˥ ɕiɛn˩˩ , ɕi˦˨ iɔŋ˧˥ ɕiɛn˩˩ , tuŋ˦˨ pɛt̚˥ tʰuŋ˨˦ ŋɵn˦˨ fɨi˦˨ mɨn˧˥ ɕiɛn˩˩ , tuŋ˦˨ pʰiɛn˦˨ lan˧˥ kau˦˨ tau˧˥ ɕiɛn˩˩ . miɛn˩˩ ŋ̍˨˩˧ t͡ɕʰiɛn˦˨ ɵ˩˩ paʔ˥ ŋ̍˨˩˧ sɨt̚˨ liuʔ˥ pʰiaŋ˨˦ fɔŋ˦˨ kuŋ˦˨ li˨˩˧ , n̠ʲin˧˥ kʰiɛu˨˩˧ it̚˥ paʔ˥ ŋ̍˨˩˧ sɨt̚˨ tiɛn˨˩˧ pat̚˥ uan˩˩ ɵ˩˩ lin˧˥ lin˧˥ ŋ̍˨˩˧ n̠ʲiɛn˧˥ . t͡ɕin˨˩˧ t͡ɕin˧˥ t͡sʰz̩˨˦ t͡ɕʰi˨˩˧ iu˩˧ miaŋ˧˥ sɔŋ˦˨ , t͡ɕin˦˨ t͡sʰz̩˨˦ tu˦˨ .
水星（符號： ）係最近日頭嗰行星，用88日就可以圍到太陽轉個圈。佢嗰光等係由5.5去到-2.0，不過佢太近太陽，分開角度就只有28.3°，伓係咁簡單望到，只可以到日出日落嗰時間望得到。而今對佢嗰認識都冇幾多，表面圖都只係完成嘍40%到50%。	sui˨˩˧ ɕiaŋ˦˨ hau˩˩ , t͡sui˧˥ t͡ɕʰin˩˩ n̠ʲit̚˥ tʰɛu˨ hɛn˨˦ ɕiaŋ˦˨ , iuŋ˩˩ pat̚˥ sɨt̚˨ pat̚˥ n̠ʲit̚˥ t͡ɕʰiu˩˩ i˨˩˧ tau˧˥ tʰai˨˩ iɔŋ˩ t͡sɵn˨˩˧ ko˧˥ . t͡ɕʰie˨˦ kuɔŋ˦˨ tɛn˨˩˧ i˧˥ ŋ̍˨˩˧ tiɛn˨˩˧ ŋ̍˨˩˧ t͡ɕʰie˨˩˧ tau˧˥ ɵ˩˩ tiɛn˨˩˧ lin˧˥ , pɨt̚˥ kuo˧˥ t͡ɕʰie˨˦ tʰai˨˩˧ t͡ɕʰin˩˩ tʰai˨˩ iɔŋ˩ , fɨn˦˨ kʰai˦˨ kɔʔ˥ t͡ɕʰiu˩˩ t͡sɨt̚˥ iu˨˩˧ ɵ˩˩ sɨt̚˨ pat̚˥ tiɛn˨˩˧ san˦˨ , tan˦˨ mɔŋ˩˩ tau˧˥ , t͡sɨt̚˥ i˨˩˧ tau˧˥ n̠ʲit̚˥ t͡sʰɨt̚˥ n̠ʲit̚˥ lɔʔ˨ sz̩˧˥ kan˨ mɔŋ˩˩ tɛt̚˥ tau˧˥ . ɵ˧˥ t͡ɕin˨ t͡ɕʰie˨˦ n̠ʲin˩˩ tu˦˨ t͡ɕi˨˩˧ to˦˨ , piɛu˨˩˧ miɛn˩˩ tu˦˨ t͡sɨt̚˥ uɵn˧˥ saŋ˧˥ paʔ˥ fɨn˦˨ t͡sz̩˦˨ sz̩˧˥ sɨt̚˨ tau˧˥ paʔ˥ fɨn˦˨ t͡sz̩˦˨ ŋ̍˨˩˧ sɨt̚˨ .
胡錦濤，1942年12月21號生，係中國嗰黨跟得國家嗰第四代最高領導人。佢分別到2002年、2003年、2004年、2005年頂替江澤民任中國共產黨中央委員會總書記、中華人民共和國主席、中共中央軍委主席、國家中央軍委主席。	fu˧˥ , it̚˥ t͡ɕiu˨˩˧ sz̩˧˥ ɵ˩˩ n̠ʲiɛn˧˥ sɨt̚˨ ɵ˩˩ n̠ʲyɵt̚˨ ɵ˩˩ sɨt̚˨ it̚˥ hau˩˩ saŋ˦˨ , t͡suŋ˦˨ kuɛt̚˥ tɔŋ˨˩˧ kiɛn˦˨ tɛt̚˥ kuɛt̚˥ ka˦˨ tʰi˩˩ sz̩˧˥ tʰai˩˩ t͡sui˧˥ kau˦˨ liaŋ˨˩˧ n̠ʲin˧˥ . t͡ɕʰie˨˦ fɨn˦˨ pʰiɛt̚˥ tau˧˥ ɵ˩˩ lin˧˥ lin˧˥ ɵ˩˩ n̠ʲiɛn˧˥ , ɵ˩˩ lin˧˥ lin˧˥ san˦˨ n̠ʲiɛn˧˥ , ɵ˩˩ lin˧˥ lin˧˥ sz̩˧˥ n̠ʲiɛn˧˥ , ɵ˩˩ lin˧˥ lin˧˥ ŋ̍˨˩˧ n̠ʲiɛn˧˥ tin˨˩˧ tʰi˨˩˧ kɔŋ˦˨ min˧˥ lɨn˩˩ t͡suŋ˦˨ kuɛt̚˥ t͡ɕʰiuŋ˩˩ t͡sʰan˨˩˧ tɔŋ˨˩˧ t͡suŋ˦˨ iɔŋ˦˨ ui˨˩˧ yɵn˧˥ fɨi˩˩ ɕy˦˨ t͡ɕi˧˥ , t͡suŋ˦˨ fa˧˥ lɨn˧˥ min˧˥ kʰuŋ˩˩ fo˧˥ kuɛt̚˥ ˈt͡ɕy˩˧ ɕit̚˥ , t͡suŋ˦˨ t͡ɕʰiuŋ˩˩ t͡suŋ˦˨ iɔŋ˦˨ t͡ɕyn˦˨ ui˨˩˧ ˈt͡ɕy˩˧ ɕit̚˥ , kuɛt̚˥ ka˦˨ t͡suŋ˦˨ iɔŋ˦˨ t͡ɕyn˦˨ ui˨˩˧ ˈt͡ɕy˩˧ ɕit̚˥ .
東漢永元八年（96年）析出南城置臨汝縣，南朝梁普通三年(522年)析出臨汝置定川縣。隋朝開皇九年（589年）省西豐、定川兩隻縣拕併入臨汝，臨汝接到改叫臨川；先前嗰臨川郡改叫撫州。1949年設立臨川市，1950年拕撤銷。1951年設立撫州市，1953年改到撫州鎮，1955年又改撫州市，1963年複名撫州鎮，1969年10月第三道改叫撫州市。1987年中國國務院批准臨川縣同到撫州市合併到臨川市，1995年正式合併。2000年撤市設區。	tuŋ˦˨ yn˨˩˧ n̠ʲyɵn˧˥ pat̚˥ n̠ʲiɛn˧˥ t͡ɕiu˨˩˧ sɨt̚˨ liuʔ˥ n̠ʲiɛn˧˥ ɕit̚˥ t͡sʰɨt̚˥ lan˧˥ saŋ˧˥ t͡sz̩˧˥ ɕiɛn˩˩ , lan˧˥ t͡sʰɛu˨˦ tʰuŋ˦˨ san˦˨ n̠ʲiɛn˧˥ ŋ̍˨˩˧ paʔ˥ ɵ˩˩ sɨt̚˨ ɵ˩˩ n̠ʲiɛn˧˥ ɕit̚˥ t͡sʰɨt̚˥ t͡sz̩˧˥ tʰiaŋ˩˩ t͡sʰɵn˦˨ ɕiɛn˩˩ . t͡sʰɛu˨˦ kʰai˦˨ t͡ɕiu˨˩˧ n̠ʲiɛn˧˥ ŋ̍˨˩˧ paʔ˥ pat̚˥ sɨt̚˨ t͡ɕiu˨˩˧ n̠ʲiɛn˧˥ ɕi˦˨ , tʰiaŋ˩˩ t͡sʰɵn˦˨ t͡saʔ˥ ɕiɛn˩˩ pin˧˥ lɨt̚˥ , t͡ɕiɛt̚˥ tau˧˥ kai˨˩˧ t͡ɕiɛu˧˥ t͡sʰɵn˦˨ , ɕiɛn˦˨ t͡ɕʰiɛn˨˦ t͡sʰɵn˦˨ kai˨˩˧ t͡ɕiɛu˧˥ t͡sɨu˦˨ . it̚˥ t͡ɕiu˨˩˧ sz̩˧˥ t͡ɕiu˨˩˧ n̠ʲiɛn˧˥ sɛt̚˥ lit̚˥ t͡sʰɵn˦˨ sz̩˩˩ , it̚˥ t͡ɕiu˨˩˧ ŋ̍˨˩˧ lin˧˥ n̠ʲiɛn˧˥ . it̚˥ t͡ɕiu˨˩˧ ŋ̍˨˩˧ it̚˥ n̠ʲiɛn˧˥ sɛt̚˥ lit̚˥ t͡sɨu˦˨ sz̩˩˩ , it̚˥ t͡ɕiu˨˩˧ ŋ̍˨˩˧ san˦˨ n̠ʲiɛn˧˥ kai˨˩˧ tau˧˥ t͡sɨu˦˨ t͡ɕin˧˥ , it̚˥ t͡ɕiu˨˩˧ ŋ̍˨˩˧ ŋ̍˨˩˧ n̠ʲiɛn˧˥ iu˩˩ kai˨˩˧ t͡sɨu˦˨ sz̩˩˩ , it̚˥ t͡ɕiu˨˩˧ liuʔ˥ san˦˨ n̠ʲiɛn˧˥ miaŋ˧˥ t͡sɨu˦˨ t͡ɕin˧˥ , it̚˥ t͡ɕiu˨˩˧ liuʔ˥ t͡ɕiu˨˩˧ n̠ʲiɛn˧˥ sɨt̚˨ n̠ʲyɵt̚˨ tʰi˩˩ san˦˨ tʰau˩˩ kai˨˩˧ t͡ɕiɛu˧˥ t͡sɨu˦˨ sz̩˩˩ . it̚˥ t͡ɕiu˨˩˧ pat̚˥ t͡ɕʰit̚˥ n̠ʲiɛn˧˥ t͡suŋ˦˨ kuɛt̚˥ kuɛt̚˥ yɵn˩˩ t͡sʰɵn˦˨ ɕiɛn˩˩ tʰuŋ˨˦ tau˧˥ t͡sɨu˦˨ sz̩˩˩ hɵt̚˨ pin˧˥ tau˧˥ t͡sʰɵn˦˨ sz̩˩˩ , it̚˥ t͡ɕiu˨˩˧ t͡ɕiu˨˩˧ ŋ̍˨˩˧ n̠ʲiɛn˧˥ sɨt̚˥ hɵt̚˨ pin˧˥ . ɵ˩˩ lin˧˥ lin˧˥ lin˧˥ n̠ʲiɛn˧˥ sz̩˩˩ sɛt̚˥ t͡ɕʰy˦˨ .
自由神像高46米，加到基座93米，重200多噸，金屬鑄造，擺到一座混凝土做嗰地台上面。自由女神穿到古希臘風格嗰衣裳，戴到嗰頭冠象徵世界七大洲嗰七道光芒。女神右手高舉象徵自由嗰火炬，左手捧到刻有1776年7月4號嗰《獨立宣言》，腳下係打碎嗰手銬、腳鐐同到鎖鏈。佢象徵自由、掙脫暴政嗰約束。神像到1886年10月28號落成同揭幕，1984年被列為世界文化遺產。	t͡sʰz̩˩˩ i˧˥ sɨn˦˨ t͡ɕʰiɔŋ˩˩ kau˦˨ sz̩˧˥ sɨt̚˨ liuʔ˥ mi˨˩˧ , tau˧˥ t͡ɕi˦˨ t͡ɕiu˨˩˧ sɨt̚˨ san˦˨ mi˨˩˧ , ɵ˩˩ paʔ˥ to˦˨ , t͡ɕin˦˨ t͡sʰau˩˩ , pai˨˩˧ tau˧˥ it̚˥ tʰu˨˩˧ t͡su˧˥ tʰi˩˩ tʰai˨˦ sɔŋ˩˩ miɛn˩˩ . t͡sʰz̩˩˩ i˧˥ n̠ʲy˨˩˧ sɨn˦˨ t͡sʰɵn˦˨ tau˧˥ ku˨˩˧ ɕi˦˨ fuŋ˦˨ i˦˨ sɔŋ˨ , tau˧˥ tʰɛu˨˦ ɕiɔŋ˩˩ t͡sɨn˦˨ sz̩˧˥ kai˧˥ t͡ɕʰit̚˥ tʰai˩˩ t͡sɨu˦˨ t͡ɕʰit̚˥ tʰau˩˩ kuɔŋ˦˨ . n̠ʲy˨˩˧ sɨn˦˨ ˈiu˩˩ sɨu˨˩˧ kau˦˨ t͡ɕy˨˩˧ ɕiɔŋ˩˩ t͡sɨn˦˨ t͡sʰz̩˩˩ i˧˥ fo˨˩˧ , ˈt͡so˨˦ sɨu˨˩˧ tau˧˥ kʰiɛt̚˥ iu˨˩˧ it̚˥ t͡ɕʰit̚˥ t͡ɕʰit̚˥ liuʔ˥ n̠ʲiɛn˧˥ t͡ɕʰit̚˥ n̠ʲyɵt̚˨ sz̩˧˥ hau˩˩ tʰuʔ˨ lit̚˥ ɕyɵn˦˨ n̠ʲiɛn˧˥ , t͡ɕiɔʔ˥ ha˩˩ ta˨˩˧ sui˧˥ sɨu˨˩˧ , t͡ɕiɔʔ˥ tʰuŋ˨˦ tau˧˥ so˨˩˧ liɛn˩˩ . t͡ɕʰie˨˦ ɕiɔŋ˩˩ t͡sɨn˦˨ t͡sʰz̩˩˩ i˧˥ , tʰɵt̚˥ t͡sɨn˧˥ iɔʔ˥ . sɨn˦˨ t͡ɕʰiɔŋ˩˩ tau˧˥ it̚˥ pat̚˥ pat̚˥ liuʔ˥ n̠ʲiɛn˧˥ sɨt̚˨ n̠ʲyɵt̚˨ ɵ˩˩ sɨt̚˨ pat̚˥ hau˩˩ lɔʔ˨ saŋ˧˥ tʰuŋ˨˦ t͡ɕiɛt̚˥ , it̚˥ t͡ɕiu˨˩˧ pat̚˥ sz̩˧˥ n̠ʲiɛn˧˥ pʰi˩˩ liɛt̚˥ sz̩˧˥ kai˧˥ un˧˥ fa˧˥ i˧˥ t͡sʰan˨˩˧ .
英國有14隻海外領地， 佢俚係大英帝國嗰歷史遺留。大英帝國到1922年達到佢嗰頂峰時期，箇時間佢幾乎佔得地球陸地面積嗰四分之一，係歷史上最大嗰帝國。箇下，哈可以到佢先頭嗰殖民地嗰語言、文化、法律等方面相到英國嗰影響。	in˦˨ kuɛt̚˥ iu˨˩˧ sɨt̚˨ sz̩˧˥ t͡saʔ˥ hai˨˩˧ uai˩˩ liaŋ˨˩˧ tʰi˩˩ , t͡ɕʰie˨˦ tʰai˩˩ in˦˨ ti˧˥ kuɛt̚˥ lit̚˥ ˈsz̩˨˩˧ i˧˥ . tʰai˩˩ in˦˨ ti˧˥ kuɛt̚˥ tau˧˥ it̚˥ t͡ɕiu˨˩˧ ɵ˩˩ ɵ˩˩ n̠ʲiɛn˧˥ tʰaʔ˨ tau˧˥ t͡ɕʰie˨˦ tin˨˩˧ sz̩˧˥ , sz̩˧˥ kan˨ t͡ɕʰie˨˦ t͡ɕi˨˩˧ fu˧˥ tɛt̚˥ tʰi˩˩ t͡ɕʰiu˨˦ luʔ˥ tʰi˩˩ miɛn˩˩ sz̩˧˥ fɨn˦˨ t͡sz̩˦˨ it̚˥ , lit̚˥ ˈsz̩˨˩˧ sɔŋ˩˩ t͡sui˧˥ tʰai˩˩ ti˧˥ kuɛt̚˥ . ha˩˩ , i˨˩˧ tau˧˥ t͡ɕʰie˨˦ ɕiɛn˦˨ tʰɛu˨˦ min˧˥ tʰi˩˩ n̠ʲy˨˩˧ n̠ʲiɛn˧˥ , un˧˥ fa˧˥ , fat̚˥ lit̚˥ tɛn˨˩˧ fɔŋ˦˨ miɛn˩˩ ɕiɔŋ˧˥ tau˧˥ in˦˨ kuɛt̚˥ iaŋ˨˩˧ .
萍鄉位到江西嗰西首，係有1700喇年歷史嗰老城。佢係江西豚下嗰一隻地級市，處到湘贛界上嗰羅宵山脈嗰中間。萍水河橫穿市區，搦市區一分為二。孫中山領導嗰同盟會到1906年12月發動嘞萍（鄉）瀏（陽）醴（陵）起義，箇就係辛亥革命嗰起頭。1922年9月，毛澤東、劉少奇、李立三等到箇首指揮嘞安源路礦工人大罷工，萍鄉就係中國工人運動嗰發源地嘞。佢也係秋收起義嗰發源地。萍鄉哈係中國最早嗰重工業基地之一。	ɕiɔŋ˦˨ ui˩˩ tau˧˥ kɔŋ˦˨ ɕi˦˨ ɕi˦˨ , iu˨˩˧ it̚˥ t͡ɕʰiɛn˦˨ t͡ɕʰit̚˥ paʔ˥ n̠ʲiɛn˧˥ lit̚˥ ˈsz̩˨˩˧ lau˨˩˧ saŋ˧˥ . t͡ɕʰie˨˦ kɔŋ˦˨ ɕi˦˨ ha˩˩ it̚˥ t͡saʔ˥ tʰi˩˩ sz̩˩˩ , tau˧˥ ɕiɔŋ˦˨ kɵn˧˥ kai˧˥ sɔŋ˩˩ lo˧˥ san˦˨ mɛt̚˥ t͡suŋ˦˨ kan˦˨ . sui˨˩˧ ho˨˦ t͡sʰɵn˦˨ sz̩˩˩ t͡ɕʰy˦˨ , sz̩˩˩ t͡ɕʰy˦˨ it̚˥ fɨn˦˨ ɵ˩˩ . sun˦˨ t͡suŋ˦˨ san˦˨ liaŋ˨˩˧ tʰuŋ˨˦ min˧˥ fɨi˩˩ tau˧˥ it̚˥ t͡ɕiu˨˩˧ lin˧˥ liuʔ˥ n̠ʲiɛn˧˥ sɨt̚˨ ɵ˩˩ n̠ʲyɵt̚˨ tʰuŋ˩˩ ɕiɔŋ˦˨ iɔŋ˧˥ lin˧˥ t͡ɕʰi˨˩˧ n̠ʲi˩˩ , t͡ɕʰiu˩˩ ɕin˦˨ kiɛt̚˥ miaŋ˩˩ t͡ɕʰi˨˩˧ tʰɛu˨˦ . it̚˥ t͡ɕiu˨˩˧ ɵ˩˩ ɵ˩˩ n̠ʲiɛn˧˥ t͡ɕiu˨˩˧ n̠ʲyɵt̚˨ , mau˧˥ tuŋ˦˨ , sɛu˨˩˧ t͡ɕʰi˨˦ , li˨˩˧ lit̚˥ san˦˨ tɛn˨˩˧ tau˧˥ t͡sz̩˨˩˧ fɨi˦˨ ŋɵn˦˨ lu˩˩ ˈkuŋ˦˨ lɨn˧˥ tʰai˩˩ kuŋ˦˨ , ɕiɔŋ˦˨ t͡ɕʰiu˩˩ t͡suŋ˦˨ kuɛt̚˥ ˈkuŋ˦˨ lɨn˧˥ yn˩˩ tʰuŋ˩˩ tʰi˩˩ . t͡ɕʰie˨˦ ia˨˩˧ t͡ɕʰiu˦˨ ɕiu˦˨ t͡ɕʰi˨˩˧ n̠ʲi˩˩ tʰi˩˩ . ɕiɔŋ˦˨ t͡suŋ˦˨ kuɛt̚˥ t͡sui˧˥ t͡sau˨˩˧ kuŋ˦˨ n̠ʲiɛt̚˥ t͡ɕi˦˨ tʰi˩˩ t͡sz̩˦˨ it̚˥ .
古代最初估計圓周率係 3，正所謂周三徑一。之後人發現有理數 22/7 可以當做圓周率，叫做約率。祖沖之發現有理數 355/113 更加接近，叫做密率。為到記念佢嗰成就，哈都叫佢做祖率。對於一般嗰應用，3.14 或約率 22/7 已經足夠，但工程學成日利用 3.1416（5隻有效數字）或 3.14159（ 6 隻有效數字）。至於密率 355/113 就係易於記憶，精確到 7 位有效數字嗰分數。	ku˨˩˧ tʰai˩˩ t͡sui˧˥ t͡sʰu˦˨ t͡ɕi˧˥ yɵn˧˥ t͡sɨu˦˨ san˦˨ , so˨˩˧ t͡sɨu˦˨ san˦˨ it̚˥ . t͡sz̩˦˨ ˈhɛu˩˩ n̠ʲin˧˥ ɕiɛn˩˩ iu˨˩˧ li˨˩˧ su˨˩˧ t͡ɕʰit̚˥ fɨn˦˨ t͡sz̩˦˨ ɵ˩˩ sɨt̚˨ ɵ˩˩ i˨˩˧ tɔŋ˦˨ t͡su˧˥ yɵn˧˥ t͡sɨu˦˨ , t͡ɕiɛu˧˥ t͡su˧˥ iɔʔ˥ . t͡sz̩˦˨ ɕiɛn˩˩ iu˨˩˧ li˨˩˧ su˨˩˧ it̚˥ paʔ˥ it̚˥ sɨt̚˨ san˦˨ fɨn˦˨ t͡sz̩˦˨ san˦˨ paʔ˥ ŋ̍˨˩˧ sɨt̚˨ ŋ̍˨˩˧ t͡ɕiɛt̚˥ t͡ɕʰin˩˩ , t͡ɕiɛu˧˥ t͡su˧˥ mit̚˥ . tau˧˥ t͡ɕi˧˥ n̠ʲiɛn˩˩ t͡ɕʰie˨˦ saŋ˧˥ t͡ɕʰiu˩˩ , tu˦˨ t͡ɕiɛu˧˥ t͡ɕʰie˨˦ t͡su˧˥ . it̚˥ iuŋ˩˩ , san˦˨ tiɛn˨˩˧ it̚˥ sz̩˧˥ fɛt̚˥ iɔʔ˥ t͡ɕʰit̚˥ fɨn˦˨ t͡sz̩˦˨ ɵ˩˩ sɨt̚˨ ɵ˩˩ i˨˩ t͡ɕin˩ t͡ɕiuʔ˥ , kuŋ˦˨ hɔʔ˨ saŋ˧˥ n̠ʲit̚˥ li˩˩ iuŋ˩˩ san˦˨ . it̚˥ t͡ɕʰiɛn˦˨ sz̩˧˥ paʔ˥ it̚˥ sɨt̚˨ liuʔ˥ ŋ̍˨˩˧ t͡saʔ˥ iu˨˩˧ su˨˩˧ t͡sʰz̩˨˦ fɛt̚˥ san˦˨ . it̚˥ uan˩˩ sz̩˧˥ t͡ɕʰiɛn˦˨ it̚˥ paʔ˥ ŋ̍˨˩˧ sɨt̚˨ t͡ɕiu˨˩˧ liuʔ˥ t͡saʔ˥ iu˨˩˧ su˨˩˧ t͡sʰz̩˨˦ . t͡sz̩˧˥ mit̚˥ it̚˥ paʔ˥ it̚˥ sɨt̚˨ san˦˨ fɨn˦˨ t͡sz̩˦˨ san˦˨ paʔ˥ ŋ̍˨˩˧ sɨt̚˨ ŋ̍˨˩˧ t͡ɕʰiu˩˩ t͡ɕi˧˥ , t͡ɕin˦˨ kʰɔʔ˥ tau˧˥ t͡ɕʰit̚˥ ui˩˩ iu˨˩˧ su˨˩˧ t͡sʰz̩˨˦ fɨn˦˨ su˨˩˧ .
東京係日本嗰政治、經濟、文化、交通等各方面嗰中心。東京都總面積有2162平方公里，包括23隻特別區，26隻巿，5隻町同到8隻村，同邊上嗰千葉、神奈川、埼玉三隻縣構成「首都圈」。東京都目前大概有1255萬人口（相當於全日本嗰1/10），東京都會區（包括橫濱等週邊都市）攏共有3375萬人，係全球最大嗰都會區。	tuŋ˦˨ t͡ɕin˦˨ n̠ʲit̚˥ pɨn˨˩˧ t͡sɨn˧˥ t͡sʰz̩˩˩ , t͡ɕiaŋ˦˨ , un˧˥ fa˧˥ , kau˦˨ tʰuŋ˦˨ tɛn˨˩˧ kɔʔ˥ fɔŋ˦˨ miɛn˩˩ t͡suŋ˦˨ ɕin˦˨ . tuŋ˦˨ t͡ɕin˦˨ tu˦˨ miɛn˩˩ iu˨˩˧ ɵ˩˩ t͡ɕʰiɛn˦˨ it̚˥ paʔ˥ liuʔ˥ sɨt̚˨ ɵ˩˩ pʰiaŋ˨˦ fɔŋ˦˨ kuŋ˦˨ li˨˩˧ , pau˦˨ ɵ˩˩ sɨt̚˨ san˦˨ t͡saʔ˥ tʰɛt̚˥ pʰiɛt̚˥ t͡ɕʰy˦˨ , ɵ˩˩ sɨt̚˨ liuʔ˥ t͡saʔ˥ , ŋ̍˨˩˧ t͡saʔ˥ tʰuŋ˨˦ tau˧˥ pat̚˥ t͡saʔ˥ , tʰuŋ˨˦ ˈpiɛn˦˨ sɔŋ˩˩ t͡ɕʰiɛn˦˨ iɛt̚˥ , sɨn˦˨ t͡sʰɵn˦˨ , y˩˩ san˦˨ t͡saʔ˥ ɕiɛn˩˩ saŋ˧˥ tu˦˨ . tuŋ˦˨ t͡ɕin˦˨ tu˦˨ muʔ˥ t͡ɕʰiɛn˨˦ tʰai˩˩ kʰai˨˩˧ iu˨˩˧ it̚˥ t͡ɕʰiɛn˦˨ ɵ˩˩ paʔ˥ ŋ̍˨˩˧ sɨt̚˨ ŋ̍˨˩˧ uan˩˩ n̠ʲin˧˥ kʰiɛu˨˩˧ ɕiɔŋ˧˥ tɔŋ˦˨ t͡ɕʰyɵn˨˦ n̠ʲit̚˥ pɨn˨˩˧ sɨt̚˨ fɨn˦˨ t͡sz̩˦˨ it̚˥ , tuŋ˦˨ t͡ɕin˦˨ tu˦˨ fɨi˩˩ t͡ɕʰy˦˨ pau˦˨ tɛn˨˩˧ piɛn˦˨ tu˦˨ sz̩˩˩ t͡ɕʰiuŋ˩˩ iu˨˩˧ san˦˨ t͡ɕʰiɛn˦˨ san˦˨ paʔ˥ t͡ɕʰit̚˥ sɨt̚˨ ŋ̍˨˩˧ uan˩˩ n̠ʲin˧˥ , t͡ɕʰyɵn˨˦ t͡ɕʰiu˨˦ t͡sui˧˥ tʰai˩˩ tu˦˨ fɨi˩˩ t͡ɕʰy˦˨ .
1930年到1934年箇幾年內，國民政府圍剿江西蘇區前後五次，戰爭跟「清洗」舞得江西嗰人口狂減40%。江西也係烈士最多嗰省份，國軍方面占到2/3，共軍方面占到了17%。	it̚˥ t͡ɕiu˨˩˧ san˦˨ lin˧˥ n̠ʲiɛn˧˥ tau˧˥ it̚˥ t͡ɕiu˨˩˧ san˦˨ sz̩˧˥ n̠ʲiɛn˧˥ t͡ɕi˨˩˧ n̠ʲiɛn˧˥ lui˩˩ , kuɛt̚˥ min˧˥ t͡sɨn˧˥ fu˨˩˧ kɔŋ˦˨ ɕi˦˨ su˦˨ t͡ɕʰy˦˨ t͡ɕʰiɛn˨˦ hɛu˩˩ ŋ̍˨˩˧ t͡sʰz̩˨˩˧ , t͡sɛn˧˥ t͡saŋ˦˨ kiɛn˦˨ t͡ɕʰin˦˨ ɕi˨˩˧ tɛt̚˥ kɔŋ˦˨ ɕi˦˨ n̠ʲin˧˥ kʰiɛu˨˩˧ kʰuɔŋ˨˦ paʔ˥ fɨn˦˨ t͡sz̩˦˨ sz̩˧˥ sɨt̚˨ . kɔŋ˦˨ ɕi˦˨ ia˨˩˧ sz̩˩˩ t͡sui˧˥ to˦˨ , kuɛt̚˥ t͡ɕyn˦˨ fɔŋ˦˨ miɛn˩˩ tau˧˥ san˦˨ fɨn˦˨ t͡sz̩˦˨ ɵ˩˩ , t͡ɕʰiuŋ˩˩ t͡ɕyn˦˨ fɔŋ˦˨ miɛn˩˩ tau˧˥ liɛu paʔ˥ fɨn˦˨ t͡sz̩˦˨ sɨt̚˨ t͡ɕʰit̚˥ .
2015年11月3日，南昌市物價局發佈了開聽證會嗰通告，話了兩套起步價兩塊嗰方案，之後決定用方案二。依照箇方案“分級遞進，越遠越減”嗰原則，起步2元6公里，每加一元就加6/8/10公里。	ɵ˩˩ lin˧˥ it̚˥ ŋ̍˨˩˧ n̠ʲiɛn˧˥ sɨt̚˨ it̚˥ n̠ʲyɵt̚˨ san˦˨ n̠ʲit̚˥ , lan˧˥ t͡sʰɔŋ˦˨ sz̩˩˩ ut̚˥ t͡ɕiuʔ˨ liɛu kʰai˦˨ tʰiaŋ˦˨ t͡ɕin˧˥ fɨi˩˩ tʰuŋ˦˨ kau˧˥ , ua˩˩ liɛu t͡ɕʰi˨˩˧ pʰu˩˩ kʰuai˨˩˧ fɔŋ˦˨ ŋan˧˥ , t͡sz̩˦˨ ˈhɛu˩˩ t͡ɕiɛt̚˥ tʰiaŋ˩˩ iuŋ˩˩ fɔŋ˦˨ ŋan˧˥ ɵ˩˩ . i˦˨ t͡sɛu˧˥ fɔŋ˦˨ ŋan˧˥ fɨn˦˨ t͡sin˧˥ , yɵt̚˥ yɵn˨˩˧ yɵt̚˥ n̠ʲyɵn˧˥ t͡sɛt̚˥ , t͡ɕʰi˨˩˧ pʰu˩˩ ɵ˩˩ n̠ʲyɵn˧˥ liuʔ˥ kuŋ˦˨ li˨˩˧ , it̚˥ n̠ʲyɵn˧˥ t͡ɕʰiu˩˩ liuʔ˥ pat̚˥ sɨt̚˨ kuŋ˦˨ li˨˩˧ .
古羅馬嗰貨幣體制拕改革轉型。公元前211年，銀質貨幣德拿留斯拕投入使用，佢抵得10隻530克嗰阿斯。一隻德拿留斯重4.5克，𠵹就算得許時間嗰銀、銅比價係1/120。	ku˨˩˧ lo˧˥ ma˨˩˧ fo˧˥ pʰi˩˩ tʰi˨˩˧ t͡sz̩˧˥ kai˨˩˧ kiɛt̚˥ t͡sɵn˨˩˧ . kuŋ˦˨ n̠ʲyɵn˧˥ t͡ɕʰiɛn˨˦ ɵ˩˩ paʔ˥ it̚˥ sɨt̚˨ it̚˥ n̠ʲiɛn˧˥ , n̠ʲin˧˥ t͡sɨt̚˥ fo˧˥ pʰi˩˩ la˧˥ sz̩˦˨ lɨt̚˥ iuŋ˩˩ , t͡ɕʰie˨˦ ti˨˩˧ tɛt̚˥ sɨt̚˨ t͡saʔ˥ ŋ̍˨˩˧ paʔ˥ san˦˨ sɨt̚˨ sz̩˦˨ . it̚˥ t͡saʔ˥ la˧˥ sz̩˦˨ sz̩˧˥ tiɛn˨˩˧ ŋ̍˨˩˧ , t͡ɕʰiu˩˩ sɵn˧˥ tɛt̚˥ he˨˩ sz̩˩ kan˦˨ n̠ʲin˧˥ , tʰuŋ˨˦ pi˨˩˧ it̚˥ paʔ˥ ɵ˩˩ sɨt̚˨ fɨn˦˨ t͡sz̩˦˨ it̚˥ .
贛粵運河嗰建成會舞得長三角同得珠三角之間嗰運輸航程減少1200喇公里，往來嗰船冇必要兜上海、浙江、福建，就直接得搦貨運到兩地。佢直接連通长江、珠江两大水系，箇就形成江南嗰南北走向嗰交通大動脈。泛珠三角區域嗰經貿往來也得保證贛粵之間嗰充足貨物流量，佢不單連接江西同得廣東，哈通達达鄂、湘、川、渝，同得長江下游嗰江、浙、滬，更假得跟京杭大運河連到，貫通淮河、黃河、海河，直達北中國。故係社科院經濟研究所嗰所長麻智輝話，光話經濟嗰話，修通贛粵運河對江西同得廣東都係利大於弊，有利之處非常多。交通方面，水運嗰成本都要低過別嗰運輸方式，水運係空運成本嗰1/20，公路運輸成本嗰1/5，鐵路運輸成本嗰1/2。水運更假拕看做最環保、最節能、佔地最少、運價最低嗰運輸方式。另外，贛粵運河具備一定嗰旅遊價值，對沿途流域嗰縣市嗰經濟蠻大嗰促進作用。	kɵn˧˥ yɵt̚˥ yn˩˩ ho˨˦ t͡ɕiɛn˧˥ saŋ˧˥ fɨi˩˩ tɛt̚˥ t͡sʰɔŋ˨˦ san˦˨ kɔʔ˥ tʰuŋ˨˦ tɛt̚˥ san˦˨ kɔʔ˥ t͡sz̩˦˨ kan˦˨ yn˩˩ sɛu˨˩˧ it̚˥ t͡ɕʰiɛn˦˨ ɵ˩˩ paʔ˥ kuŋ˦˨ li˨˩˧ , uɔŋ˨˩˧ lai˧˥ sɵn˨˩˧ pit̚˥ iɛu˦˨ sɔŋ˩˩ hai˨˩˧ , t͡sɛt̚˥ kɔŋ˨ , fuʔ˥ t͡ɕiɛn˨ , t͡ɕʰiu˩˩ t͡sʰɨt̚˨ t͡ɕiɛt̚˥ tɛt̚˥ fo˧˥ yn˩˩ tau˧˥ tʰi˩˩ . t͡ɕʰie˨˦ t͡sʰɨt̚˨ t͡ɕiɛt̚˥ tʰuŋ˦˨ t͡sʰɔŋ˨˦ kɔŋ˦˨ , kɔŋ˦˨ tʰai˩˩ sui˨˩˧ ɕi˩˩ , t͡ɕʰiu˩˩ ɕin˧˥ saŋ˧˥ kɔŋ˦˨ lan˧˥ lan˧˥ pɛt̚˥ t͡sɛu˨˩˧ kau˦˨ tʰuŋ˦˨ tʰai˩˩ tʰuŋ˩˩ mɛt̚˥ . fan˩˩ san˦˨ kɔʔ˥ t͡ɕʰy˦˨ t͡ɕiaŋ˦˨ uɔŋ˨˩˧ lai˧˥ ia˨˩˧ tɛt̚˥ t͡ɕin˧˥ kɵn˧˥ yɵt̚˥ t͡sz̩˦˨ kan˦˨ t͡ɕiuʔ˥ fo˧˥ ut̚˥ liu˧˥ liɔŋ˩˩ , t͡ɕʰie˨˦ pɨt̚˥ tan˦˨ t͡ɕiɛt̚˥ kɔŋ˦˨ ɕi˦˨ tʰuŋ˨˦ tɛt̚˥ kuɔŋ˨˩˧ tuŋ˦˨ , tʰuŋ˦˨ tʰaʔ˨ tʰaʔ˨ , ɕiɔŋ˦˨ , t͡sʰɵn˦˨ , tʰuŋ˨˦ tɛt̚˥ t͡sʰɔŋ˨˦ kɔŋ˦˨ ha˩˩ kɔŋ˦˨ , t͡sɛt̚˥ , fu˩˩ , ka˨˩˧ tɛt̚˥ kiɛn˦˨ t͡ɕin˦˨ tʰai˩˩ yn˩˩ ho˨˦ tau˧˥ , tʰuŋ˦˨ ho˨˦ , uɔŋ˧˥ ho˨˦ , hai˨˩˧ ho˨˦ , t͡sʰɨt̚˨ tʰaʔ˨ pɛt̚˥ t͡suŋ˦˨ kuɛt̚˥ . sa˩˩ kʰuo˦˨ yɵn˩˩ t͡ɕiaŋ˦˨ n̠ʲiɛn˨˩˧ t͡ɕiu˧˥ so˨˩˧ so˨˩˧ t͡sʰɔŋ˨˦ t͡sz̩˧˥ ua˩˩ , kuɔŋ˦˨ ua˩˩ t͡ɕiaŋ˦˨ ua˩˩ , ɕiu˦˨ tʰuŋ˦˨ kɵn˧˥ yɵt̚˥ yn˩˩ ho˨˦ kɔŋ˦˨ ɕi˦˨ tʰuŋ˨˦ tɛt̚˥ kuɔŋ˨˩˧ tuŋ˦˨ tu˦˨ li˩˩ tʰai˩˩ , iu˨˩˧ li˩˩ t͡sz̩˦˨ sɔŋ˧˥ to˦˨ . kau˦˨ tʰuŋ˦˨ fɔŋ˦˨ miɛn˩˩ , sui˨˩˧ yn˩˩ saŋ˧˥ pɨn˨˩˧ tu˦˨ iɛu˦˨ kuo˧˥ pʰiɛt̚˥ yn˩˩ fɔŋ˦˨ sɨt̚˥ , sui˨˩˧ yn˩˩ kʰuŋ˦˨ yn˩˩ saŋ˧˥ pɨn˨˩˧ ɵ˩˩ sɨt̚˨ fɨn˦˨ t͡sz̩˦˨ it̚˥ , kuŋ˦˨ lu˩˩ yn˩˩ saŋ˧˥ pɨn˨˩˧ ŋ̍˨˩˧ fɨn˦˨ t͡sz̩˦˨ it̚˥ , tʰiɛt̚˥ lu˩˩ yn˩˩ saŋ˧˥ pɨn˨˩˧ ɵ˩˩ fɨn˦˨ t͡sz̩˦˨ it̚˥ . sui˨˩˧ yn˩˩ ka˨˩˧ kʰɵn˨˩˧ t͡su˧˥ t͡sui˧˥ fan˧˥ , t͡sui˧˥ t͡ɕiɛt̚˥ lɛn˧˥ , tʰi˩˩ t͡sui˧˥ sɛu˨˩˧ , yn˩˩ t͡sui˧˥ yn˩˩ fɔŋ˦˨ sɨt̚˥ . lin˩˩ uai˩˩ , kɵn˧˥ yɵt̚˥ yn˩˩ ho˨˦ t͡ɕʰy˩˩ it̚˥ tʰiaŋ˩˩ li˨˩˧ t͡sʰɨt̚˨ , n̠ʲyɵn˧˥ liu˧˥ ɕiɛn˩˩ sz̩˩˩ t͡ɕiaŋ˦˨ man˦˨ tʰai˩˩ t͡sin˧˥ t͡sɔʔ˥ iuŋ˩˩ .
贛江嗰源頭係東邊武夷山黃竹嶺嗰貢水，佢係綿水跟湘水匯成嗰。贛江另外一隻源頭係出自大庾嶺嗰章水。章、貢兩條河到贛州匯到後就叫贛江。箇時間嗰贛江往北流，路過吉安、樟樹、豐城跟南昌，末了就係鄱陽湖。贛江全長991公里，佢嗰支流長751公里，統共嗰流域面積8.35萬平方公里。	kɵn˧˥ kɔŋ˦˨ tʰɛu˨˦ ˈtuŋ˦˨ piɛn˦˨ u˨˩˧ san˦˨ uɔŋ˧˥ t͡suʔ˥ sui˨˩˧ , t͡ɕʰie˨˦ sui˨˩˧ kiɛn˦˨ ɕiɔŋ˦˨ sui˨˩˧ saŋ˧˥ . kɵn˧˥ kɔŋ˦˨ lin˩˩ uai˩˩ it̚˥ t͡saʔ˥ tʰɛu˨˦ t͡sʰɨt̚˥ t͡sʰz̩˩˩ tʰai˩˩ t͡sɔŋ˦˨ sui˨˩˧ . t͡sɔŋ˦˨ , tʰiɛu˨˦ ho˨˦ tau˧˥ ˈkɵn˧˥ t͡sɨu˦˨ tau˧˥ hɛu˩˩ t͡ɕʰiu˩˩ t͡ɕiɛu˧˥ kɵn˧˥ kɔŋ˦˨ . sz̩˧˥ kan˨ kɵn˧˥ kɔŋ˦˨ uɔŋ˨˩˧ pɛt̚˥ liu˧˥ , lu˩˩ kuo˧˥ t͡ɕit̚˥ ŋɵn˦˨ , ɕy˩˩ , saŋ˧˥ kiɛn˦˨ lan˧˥ t͡sʰɔŋ˦˨ , liɛu t͡ɕʰiu˩˩ iɔŋ˧˥ fu˧˥ . kɵn˧˥ kɔŋ˦˨ t͡ɕʰyɵn˨˦ t͡sʰɔŋ˨˦ t͡ɕiu˨˩˧ paʔ˥ t͡ɕiu˨˩˧ sɨt̚˨ it̚˥ kuŋ˦˨ li˨˩˧ , t͡ɕʰie˨˦ t͡sz̩˦˨ liu˧˥ t͡sʰɔŋ˨˦ t͡ɕʰit̚˥ paʔ˥ ŋ̍˨˩˧ sɨt̚˨ it̚˥ kuŋ˦˨ li˨˩˧ , tʰuŋ˨˩˧ t͡ɕʰiuŋ˩˩ liu˧˥ miɛn˩˩ pat̚˥ tiɛn˨˩˧ san˦˨ ŋ̍˨˩˧ uan˩˩ pʰiaŋ˨˦ fɔŋ˦˨ kuŋ˦˨ li˨˩˧ .
除臺灣本島外，中華民國實際統治領土內有澎湖群島、金門群島、馬祖列島等主要島群，臺灣本島嗰附屬島嶼則有蘭嶼47平方公里、綠島15平方公里、琉球嶼6.80平方公里、釣魚臺列嶼6.6平方公里、龜山島2.84平方公里等20餘個島嶼。另外，部分領土跟周邊國家存有爭議，越南、菲律賓、馬來西亞、文萊等南海周圍國家存有爭議。	t͡sʰz̩˨˦ tʰai˨˦ uan˦˨ pɨn˨˩˧ tau˨˩˧ uai˩˩ , t͡suŋ˦˨ fa˧˥ min˧˥ kuɛt̚˥ sɨt̚˥ tʰuŋ˨˩˧ t͡sʰz̩˩˩ liaŋ˨˩˧ tʰu˨˩˧ lui˩˩ iu˨˩˧ fu˧˥ tau˨˩˧ , t͡ɕin˦˨ mɨn˧˥ tau˨˩˧ , ma˨˩˧ liɛt̚˥ tau˨˩˧ tɛn˨˩˧ t͡ɕy˨˩˧ iɛu˦˨ tau˨˩˧ , tʰai˨˦ uan˦˨ pɨn˨˩˧ tau˨˩˧ fu˧˥ tau˨˩˧ t͡sɛt̚˥ iu˨˩˧ lan˧˥ sz̩˧˥ sɨt̚˨ t͡ɕʰit̚˥ pʰiaŋ˨˦ fɔŋ˦˨ kuŋ˦˨ li˨˩˧ , liuʔ˥ tau˨˩˧ sɨt̚˨ ŋ̍˨˩˧ pʰiaŋ˨˦ fɔŋ˦˨ kuŋ˦˨ li˨˩˧ , t͡ɕʰiu˨˦ liuʔ˥ tiɛn˨˩˧ pat̚˥ lin˧˥ pʰiaŋ˨˦ fɔŋ˦˨ kuŋ˦˨ li˨˩˧ , tiɛu˧˥ n̠ʲie˧˥ tʰai˨˦ liɛt̚˥ liuʔ˥ tiɛn˨˩˧ liuʔ˥ pʰiaŋ˨˦ fɔŋ˦˨ kuŋ˦˨ li˨˩˧ , kui˦˨ san˦˨ tau˨˩˧ ɵ˩˩ tiɛn˨˩˧ pat̚˥ sz̩˧˥ pʰiaŋ˨˦ fɔŋ˦˨ kuŋ˦˨ li˨˩˧ tɛn˨˩˧ ɵ˩˩ sɨt̚˨ y˧˥ ko˧˥ tau˨˩˧ . lin˩˩ uai˩˩ , pʰu˩˩ fɨn˦˨ liaŋ˨˩˧ tʰu˨˩˧ kiɛn˦˨ t͡sɨu˦˨ piɛn˦˨ kuɛt̚˥ ka˦˨ t͡sʰɨn˨˦ iu˨˩˧ t͡saŋ˦˨ , yɵt̚˥ lan˧˥ , lit̚˥ pin˦˨ , ma˨˩˧ lai˧˥ ɕi˦˨ ŋa˨˩˧ , un˧˥ tɛn˨˩˧ lan˧˥ hai˨˩˧ t͡sɨu˦˨ kuɛt̚˥ ka˦˨ t͡sʰɨn˨˦ iu˨˩˧ t͡saŋ˦˨ .
共有37隻民族，即漢族、回族、滿族、壯族、苗族、佘族、藏族、蒙古族、土家族、侗族、瑤族、俄羅斯族、布依族、彝族、朝鮮族、維吾爾族、門巴族、獨龍族、基洛族、東鄉族、仫佬族、拉祜族、白族、佤族、哈尼族、傣族、黎族、僳傈族、高山族、水族、納西族、景頗族、土族、錫伯族、毛南族、羌族、京族。漢族佔99.22%。	t͡ɕʰiuŋ˩˩ iu˨˩˧ san˦˨ sɨt̚˨ t͡ɕʰit̚˥ t͡saʔ˥ min˧˥ t͡sʰuʔ˥ , t͡sʰuʔ˥ , fɨi˧˥ t͡sʰuʔ˥ , mɵn˨˩˧ t͡sʰuʔ˥ , t͡sʰuʔ˥ , miɛu˧˥ t͡sʰuʔ˥ , t͡sʰuʔ˥ , t͡sʰuʔ˥ , muŋ˦˨ ku˨˩˧ t͡sʰuʔ˥ , tʰu˨˩˧ ka˦˨ t͡sʰuʔ˥ , t͡sʰuʔ˥ , t͡sʰuʔ˥ , lo˧˥ sz̩˦˨ t͡sʰuʔ˥ , pu˧˥ i˦˨ t͡sʰuʔ˥ , t͡sʰuʔ˥ , t͡sʰɛu˨˦ ɕiɛn˦˨ t͡sʰuʔ˥ , ui˧˥ t͡sʰuʔ˥ , mɨn˧˥ pa˦˨ t͡sʰuʔ˥ , tʰuʔ˨ luŋ˧˥ t͡sʰuʔ˥ , t͡ɕi˦˨ lɔʔ˥ t͡sʰuʔ˥ , tuŋ˦˨ ɕiɔŋ˦˨ t͡sʰuʔ˥ , t͡sʰuʔ˥ , la˦˨ t͡sʰuʔ˥ , pʰaʔ˨ t͡sʰuʔ˥ , t͡sʰuʔ˥ , n̠ʲi˧˥ t͡sʰuʔ˥ , t͡sʰuʔ˥ , t͡sʰuʔ˥ , t͡sʰuʔ˥ , kau˦˨ san˦˨ t͡sʰuʔ˥ , sui˨˩˧ t͡sʰuʔ˥ , laʔ˥ ɕi˦˨ t͡sʰuʔ˥ , t͡ɕin˨˩˧ t͡sʰuʔ˥ , tʰu˨˩˧ t͡sʰuʔ˥ , t͡sʰuʔ˥ , mau˧˥ lan˧˥ t͡sʰuʔ˥ , t͡sʰuʔ˥ , t͡ɕin˦˨ t͡sʰuʔ˥ . t͡sʰuʔ˥ paʔ˥ fɨn˦˨ t͡sz̩˦˨ t͡ɕiu˨˩˧ sɨt̚˨ t͡ɕiu˨˩˧ tiɛn˨˩˧ ɵ˩˩ ɵ˩˩ .
樂平位到江西嗰東北首，歸得景德鎮管，1992年拕升做縣級市。佢嗰面積有1973平方公里，到2003年年豚人口有78.59萬，下底管到十四隻鎮，兩隻街道辦事處，兩隻鄉同到一隻大型水庫管理局，一隻農業高新科技示範園區，一隻工業園區。	ŋɔʔ˥ pʰiaŋ˨˦ ui˩˩ tau˧˥ kɔŋ˦˨ ɕi˦˨ tuŋ˦˨ pɛt̚˥ , kui˦˨ tɛt̚˥ t͡ɕin˨˩˧ t͡ɕin˧˥ kuɵn˨˩˧ , it̚˥ t͡ɕiu˨˩˧ t͡ɕiu˨˩˧ ɵ˩˩ n̠ʲiɛn˧˥ t͡su˧˥ ɕiɛn˩˩ sz̩˩˩ . t͡ɕʰie˨˦ miɛn˩˩ iu˨˩˧ it̚˥ t͡ɕʰiɛn˦˨ t͡ɕiu˨˩˧ paʔ˥ t͡ɕʰit̚˥ sɨt̚˨ san˦˨ pʰiaŋ˨˦ fɔŋ˦˨ kuŋ˦˨ li˨˩˧ , tau˧˥ ɵ˩˩ lin˧˥ lin˧˥ san˦˨ n̠ʲiɛn˧˥ n̠ʲiɛn˨ n̠ʲin˧˥ kʰiɛu˨˩˧ iu˨˩˧ t͡ɕʰit̚˥ sɨt̚˨ pat̚˥ tiɛn˨˩˧ ŋ̍˨˩˧ t͡ɕiu˨˩˧ uan˩˩ , ha˩˩ tit̚˩ kuɵn˨˩˧ tau˧˥ sɨt̚˨ sz̩˧˥ t͡saʔ˥ t͡ɕin˧˥ , t͡saʔ˥ kai˦˨ tʰau˩˩ pʰan˩˩ sz̩˩˩ , t͡saʔ˥ ɕiɔŋ˦˨ tʰuŋ˨˦ tau˧˥ it̚˥ t͡saʔ˥ tʰai˩˩ sui˨˩˧ kʰu˨˩˧ kuɵn˨˩˧ li˨˩˧ t͡ɕiuʔ˨ , it̚˥ t͡saʔ˥ luŋ˧˥ n̠ʲiɛt̚˥ kau˦˨ ɕin˦˨ kʰuo˦˨ t͡ɕʰi˩˩ sz̩˩˩ fan˩˩ yɵn˧˥ t͡ɕʰy˦˨ , it̚˥ t͡saʔ˥ kuŋ˦˨ n̠ʲiɛt̚˥ yɵn˧˥ t͡ɕʰy˦˨ .
武夷山位到中國江西同福建兩省嗰邊界。佢係東北-西南走向。北首係仙霞嶺，南度係九連山。海拔有一千米嗰樣子。佢哈係贛江同閩江嗰分水嶺，長五百五千米。主峰係黃崗山，海拔2158米，箇也係中國大陸東南首最高嗰山，佢位到福建武夷山市嗰西北首。1979年武夷山建立國家自然保護區，佔地有5.73萬公頃。1957年建正鷹廈鐵路，直接橫到江西資溪、福建邵武間嗰中間。	u˨˩˧ san˦˨ ui˩˩ tau˧˥ t͡suŋ˦˨ kuɛt̚˥ kɔŋ˦˨ ɕi˦˨ tʰuŋ˨˦ fuʔ˥ t͡ɕiɛn˨ piɛn˦˨ kai˧˥ . t͡ɕʰie˨˦ tuŋ˦˨ pɛt̚˥ ɕi˦˨ lan˧˥ t͡sɛu˨˩˧ . pɛt̚˥ ɕiɛn˦˨ ha˨˦ , lan˧˥ t͡ɕiu˨˩˧ san˦˨ . hai˨˩˧ pʰat̚˨ iu˨˩˧ it̚˥ t͡ɕʰiɛn˦˨ mi˨˩˧ iɔŋ˩˩ t͡sz̩˨˩˧ . t͡ɕʰie˨˦ kɵn˧˥ kɔŋ˦˨ tʰuŋ˨˦ min˨˩˧ kɔŋ˦˨ fɨn˦˨ sui˨˩˧ , t͡sʰɔŋ˨˦ ŋ̍˨˩˧ paʔ˥ ŋ̍˨˩˧ t͡ɕʰiɛn˦˨ mi˨˩˧ . t͡ɕy˨˩˧ uɔŋ˧˥ san˦˨ , hai˨˩˧ pʰat̚˨ ɵ˩˩ t͡ɕʰiɛn˦˨ it̚˥ paʔ˥ ŋ̍˨˩˧ sɨt̚˨ pat̚˥ mi˨˩˧ , ia˨˩˧ t͡suŋ˦˨ kuɛt̚˥ tʰai˩˩ luʔ˥ tuŋ˦˨ lan˧˥ t͡sui˧˥ kau˦˨ san˦˨ , t͡ɕʰie˨˦ ui˩˩ tau˧˥ fuʔ˥ t͡ɕiɛn˨ u˨˩˧ san˦˨ sz̩˩˩ ɕi˦˨ pɛt̚˥ . it̚˥ t͡ɕiu˨˩˧ t͡ɕʰit̚˥ t͡ɕiu˨˩˧ n̠ʲiɛn˧˥ u˨˩˧ san˦˨ t͡ɕiɛn˧˥ lit̚˥ kuɛt̚˥ ka˦˨ t͡sʰz̩˩˩ lɛn˧˥ fu˩˩ t͡ɕʰy˦˨ , tʰi˩˩ iu˨˩˧ ŋ̍˨˩˧ tiɛn˨˩˧ t͡ɕʰit̚˥ san˦˨ uan˩˩ kuŋ˦˨ . it̚˥ t͡ɕiu˨˩˧ ŋ̍˨˩˧ t͡ɕʰit̚˥ n̠ʲiɛn˧˥ t͡ɕiɛn˧˥ in˦˨ tʰiɛt̚˥ lu˩˩ , t͡sʰɨt̚˨ t͡ɕiɛt̚˥ tau˧˥ kɔŋ˦˨ ɕi˦˨ t͡ɕʰi˦˨ , fuʔ˥ t͡ɕiɛn˨ u˨˩˧ kan˦˨ t͡suŋ˦˨ kan˦˨ .
海洋係地球水體嗰重要部分。佢係攏共佔到地球表面嗰七成﹝大概3.61億平方公里﹞嗰鹹水。一半嗰海洋嗰深度超過三千米。平均嗰海水鹹度係大概千分之35(3.5%)，差伓多全部嗰海水鹹度係到千分之31至38之間。	hai˨˩˧ iɔŋ˧˥ tʰi˩˩ t͡ɕʰiu˨˦ sui˨˩˧ tʰi˨˩˧ iɛu˦˨ pʰu˩˩ fɨn˦˨ . t͡ɕʰie˨˦ t͡ɕʰiuŋ˩˩ tau˧˥ tʰi˩˩ t͡ɕʰiu˨˦ piɛu˨˩˧ miɛn˩˩ t͡ɕʰit̚˥ saŋ˧˥ tʰai˩˩ kʰai˨˩˧ san˦˨ tiɛn˨˩˧ liuʔ˥ it̚˥ i˧˥ pʰiaŋ˨˦ fɔŋ˦˨ kuŋ˦˨ li˨˩˧ han˨˦ sui˨˩˧ . it̚˥ pɵn˧˥ hai˨˩˧ iɔŋ˧˥ sɨn˦˨ kuo˧˥ san˦˨ t͡ɕʰiɛn˦˨ mi˨˩˧ . pʰiaŋ˨˦ t͡ɕyn˦˨ hai˨˩˧ sui˨˩˧ han˨˦ tʰai˩˩ kʰai˨˩˧ t͡ɕʰiɛn˦˨ fɨn˦˨ t͡sz̩˦˨ san˦˨ sɨt̚˨ ŋ̍˨˩˧ paʔ˥ fɨn˦˨ t͡sz̩˦˨ san˦˨ tiɛn˨˩˧ ŋ̍˨˩˧ , to˦˨ t͡ɕʰyɵn˨˦ pʰu˩˩ hai˨˩˧ sui˨˩˧ han˨˦ tau˧˥ t͡ɕʰiɛn˦˨ fɨn˦˨ t͡sz̩˦˨ san˦˨ sɨt̚˨ it̚˥ t͡sz̩˧˥ san˦˨ sɨt̚˨ pat̚˥ t͡sz̩˦˨ kan˦˨ .
印度是世界上人口第二多的國家，擁有人口11.03億（2005年），僅次於中國。印度民族和種族眾多，號稱“民族博物館”，其中印度斯坦族占印度總人口的大約一半，是印度最大的民族。印度各個民族都擁有各自的語言，僅憲法承認的官方語言就有22種之多，其中印地語被定為國語，英語在印度非常流行，特別是在南印，地位甚至高於印地語。另外，印度也是一個多宗教的國家，世界上幾乎所有宗教都能在印度找到信眾，但大部分印度人信仰印度教，伊斯蘭教在印度也有大量信徒，近年來，印度的穆斯林人口排名上升至世界第三,前兩名分別為印尼與巴基斯坦。	in˧˥ sz̩˩˩ sz̩˧˥ kai˧˥ sɔŋ˩˩ n̠ʲin˧˥ kʰiɛu˨˩˧ tʰi˩˩ ɵ˩˩ to˦˨ tit̚˥ kuɛt̚˥ ka˦˨ , iu˨˩˧ n̠ʲin˧˥ kʰiɛu˨˩˧ sɨt̚˨ it̚˥ tiɛn˨˩˧ lin˧˥ san˦˨ i˧˥ ɵ˩˩ lin˧˥ lin˧˥ ŋ̍˨˩˧ n̠ʲiɛn˧˥ , t͡sʰz̩˨˩˧ t͡suŋ˦˨ kuɛt̚˥ . in˧˥ min˧˥ t͡sʰuʔ˥ fo˧˥ t͡sʰuʔ˥ t͡suŋ˧˥ to˦˨ , hau˩˩ min˧˥ t͡sʰuʔ˥ ut̚˥ kuɵn˨˩˧ , t͡ɕʰi˨˦ t͡suŋ˦˨ in˧˥ sz̩˦˨ t͡sʰuʔ˥ in˧˥ n̠ʲin˧˥ kʰiɛu˨˩˧ tit̚˥ tʰai˩˩ iɔʔ˥ it̚˥ pɵn˧˥ , sz̩˩˩ in˧˥ t͡sui˧˥ tʰai˩˩ tit̚˥ min˧˥ t͡sʰuʔ˥ . in˧˥ kɔʔ˥ ko˧˥ min˧˥ t͡sʰuʔ˥ tu˦˨ iu˨˩˧ kɔʔ˥ t͡sʰz̩˩˩ tit̚˥ n̠ʲy˨˩˧ n̠ʲiɛn˧˥ , ɕiɛn˨˩˧ fat̚˥ sɨn˧˥ n̠ʲin˩˩ tit̚˥ kuɵn˦˨ fɔŋ˦˨ n̠ʲy˨˩˧ n̠ʲiɛn˧˥ t͡ɕʰiu˩˩ iu˨˩˧ ɵ˩˩ sɨt̚˨ ɵ˩˩ t͡sz̩˦˨ to˦˨ , t͡ɕʰi˨˦ t͡suŋ˦˨ in˧˥ tʰi˩˩ n̠ʲy˨˩˧ pʰi˩˩ tʰiaŋ˩˩ kuɛt̚˥ ˈn̠ʲy˨˩˧ , in˦˨ n̠ʲy˨˩˧ t͡sʰai˩˩ in˧˥ sɔŋ˧˥ liu˧˥ hɛn˨˦ , tʰɛt̚˥ pʰiɛt̚˥ sz̩˩˩ t͡sʰai˩˩ lan˧˥ in˧˥ , tʰi˩˩ ui˩˩ sɨn˩˩ t͡sz̩˧˥ kau˦˨ in˧˥ tʰi˩˩ n̠ʲy˨˩˧ . lin˩˩ uai˩˩ , in˧˥ ia˨˩˧ sz̩˩˩ it̚˥ ko˧˥ to˦˨ t͡suŋ˦˨ kau˧˥ tit̚˥ kuɛt̚˥ ka˦˨ , sz̩˧˥ kai˧˥ sɔŋ˩˩ t͡ɕi˨˩˧ fu˧˥ so˨˩˧ iu˨˩˧ t͡suŋ˦˨ kau˧˥ tu˦˨ lɛn˧˥ t͡sʰai˩˩ in˧˥ t͡sau˨˩˧ tau˧˥ ɕin˧˥ t͡suŋ˧˥ , tʰai˩˩ pʰu˩˩ fɨn˦˨ in˧˥ n̠ʲin˧˥ ɕin˧˥ in˧˥ kau˧˥ , sz̩˦˨ lan˧˥ kau˧˥ t͡sʰai˩˩ in˧˥ ia˨˩˧ iu˨˩˧ tʰai˩˩ liɔŋ˩˩ ɕin˧˥ , t͡ɕʰin˩˩ n̠ʲiɛn˧˥ lai˧˥ , in˧˥ tit̚˥ sz̩˦˨ lin˧˥ n̠ʲin˧˥ kʰiɛu˨˩˧ pʰai˨˦ miaŋ˧˥ sɔŋ˩˩ t͡sz̩˧˥ sz̩˧˥ kai˧˥ tʰi˩˩ san˦˨ , t͡ɕʰiɛn˨˦ miaŋ˧˥ fɨn˦˨ pʰiɛt̚˥ in˧˥ n̠ʲi˧˥ pa˦˨ t͡ɕi˦˨ sz̩˦˨ .
用集合論語言嗰定義：0起先就拕定義為空集，跟到1拕定義為0嗰後繼,即集合0'={0}。	iuŋ˩˩ t͡ɕʰit̚˨ hɵt̚˨ n̠ʲy˨˩˧ n̠ʲiɛn˧˥ tʰiaŋ˩˩ n̠ʲi˩˩ , lin˧˥ t͡ɕʰi˨˩˧ ɕiɛn˦˨ t͡ɕʰiu˩˩ tʰiaŋ˩˩ n̠ʲi˩˩ kʰuŋ˦˨ t͡ɕʰit̚˨ , kiɛn˦˨ tau˧˥ it̚˥ tʰiaŋ˩˩ n̠ʲi˩˩ lin˧˥ hɛu˩˩ , t͡ɕʰit̚˨ hɵt̚˨ lin˧˥ lin˧˥ .
“動詞+得+補語+賓語”或“動詞+不+補語+賓語”個些語法結構，贛語中一般會用“動詞+得+賓語+補語”或“動詞+賓語+不+補語”。就比如話：喫得下飯→喫得飯進，喫不下飯→喫飯不進。	tʰuŋ˩˩ t͡sʰz̩˨˦ tɛt̚˥ pu˨˩˧ n̠ʲy˨˩˧ pin˦˨ n̠ʲy˨˩˧ fɛt̚˥ tʰuŋ˩˩ t͡sʰz̩˨˦ pɨt̚˥ pu˨˩˧ n̠ʲy˨˩˧ pin˦˨ n̠ʲy˨˩˧ ko˧˥ ɕiɛt̚˥ n̠ʲy˨˩˧ fat̚˥ t͡ɕiɛt̚˥ , kɵn˧˥ n̠ʲy˨˩˧ t͡suŋ˦˨ it̚˥ fɨi˩˩ iuŋ˩˩ tʰuŋ˩˩ t͡sʰz̩˨˦ tɛt̚˥ pin˦˨ n̠ʲy˨˩˧ pu˨˩˧ n̠ʲy˨˩˧ fɛt̚˥ tʰuŋ˩˩ t͡sʰz̩˨˦ pin˦˨ n̠ʲy˨˩˧ pɨt̚˥ pu˨˩˧ n̠ʲy˨˩˧ . t͡ɕʰiu˩˩ pi˨˩˧ ɵ˧˥ ua˩˩ , t͡ɕʰiaʔ˥ tɛt̚˥ ha˩˩ fan˩˩ t͡ɕʰiaʔ˥ tɛt̚˥ fan˩˩ t͡sin˧˥ , t͡ɕʰiaʔ˥ pɨt̚˥ ha˩˩ fan˩˩ t͡ɕʰiaʔ˥ fan˩˩ pɨt̚˥ t͡sin˧˥ .
佢係世界第二大嗰洲，哈係世界上第二多人嗰洲。非洲嗰面積有30,221,532平方公里，多過九億人；佔世界人口嗰 14 %。加到馬達加斯加有四十六隻國家，加到別嗰島國就五十四。	t͡ɕʰie˨˦ sz̩˧˥ kai˧˥ tʰi˩˩ ɵ˩˩ tʰai˩˩ t͡sɨu˦˨ , sz̩˧˥ kai˧˥ sɔŋ˩˩ tʰi˩˩ ɵ˩˩ to˦˨ n̠ʲin˧˥ t͡sɨu˦˨ . t͡sɨu˦˨ miɛn˩˩ iu˨˩˧ san˦˨ t͡ɕʰiɛn˦˨ lin˧˥ ɵ˩˩ sɨt̚˨ ɵ˩˩ uan˩˩ it̚˥ t͡ɕʰiɛn˦˨ ŋ̍˨˩˧ paʔ˥ san˦˨ sɨt̚˨ ɵ˩˩ pʰiaŋ˨˦ fɔŋ˦˨ kuŋ˦˨ li˨˩˧ , to˦˨ kuo˧˥ t͡ɕiu˨˩˧ i˧˥ n̠ʲin˧˥ , sz̩˧˥ kai˧˥ n̠ʲin˧˥ kʰiɛu˨˩˧ paʔ˥ fɨn˦˨ t͡sz̩˦˨ sɨt̚˨ sz̩˧˥ . tau˧˥ ma˨˩˧ tʰaʔ˨ sz̩˦˨ iu˨˩˧ sz̩˧˥ sɨt̚˨ liuʔ˥ t͡saʔ˥ kuɛt̚˥ ka˦˨ , tau˧˥ pʰiɛt̚˥ tau˨˩˧ kuɛt̚˥ t͡ɕʰiu˩˩ ŋ̍˨˩˧ sɨt̚˨ sz̩˧˥ .
上栗係萍鄉管到嗰一隻縣，佢位到萍鄉嗰北首。全縣管到六隻鎮四隻鄉同到一隻場，攏共199隻行政村，十隻居委會，總人口大概47萬，農業人口占總人口嗰88%，人口密度係630人/平方公里。	sɔŋ˩˩ ɕiɔŋ˦˨ kuɵn˨˩˧ tau˧˥ it̚˥ t͡saʔ˥ ɕiɛn˩˩ , t͡ɕʰie˨˦ ui˩˩ tau˧˥ ɕiɔŋ˦˨ pɛt̚˥ . t͡ɕʰyɵn˨˦ ɕiɛn˩˩ kuɵn˨˩˧ tau˧˥ liuʔ˥ t͡saʔ˥ t͡ɕin˧˥ sz̩˧˥ t͡saʔ˥ ɕiɔŋ˦˨ tʰuŋ˨˦ tau˧˥ it̚˥ t͡saʔ˥ t͡sʰɔŋ˨˩˧ , t͡ɕʰiuŋ˩˩ it̚˥ paʔ˥ t͡ɕiu˨˩˧ sɨt̚˨ t͡ɕiu˨˩˧ t͡saʔ˥ hɛn˨˦ t͡sɨn˧˥ , sɨt̚˨ t͡saʔ˥ ui˨˩˧ fɨi˩˩ , n̠ʲin˧˥ kʰiɛu˨˩˧ tʰai˩˩ kʰai˨˩˧ sz̩˧˥ sɨt̚˨ t͡ɕʰit̚˥ uan˩˩ , luŋ˧˥ n̠ʲiɛt̚˥ n̠ʲin˧˥ kʰiɛu˨˩˧ n̠ʲin˧˥ kʰiɛu˨˩˧ paʔ˥ fɨn˦˨ t͡sz̩˦˨ pat̚˥ sɨt̚˨ pat̚˥ , n̠ʲin˧˥ kʰiɛu˨˩˧ mit̚˥ liuʔ˥ paʔ˥ san˦˨ sɨt̚˨ n̠ʲin˧˥ pʰiaŋ˨˦ fɔŋ˦˨ kuŋ˦˨ li˨˩˧ .
以實際統治領土而言，中華民國嗰領土包括臺灣本島、澎湖群島、金門群島、馬祖群島跟南海嗰東沙群島、南沙群島中的太平島跟中洲礁，總面積為36,192.8155平方公里，海岸線長1,813餘公里，可耕地占24%。中華民國政府主張之中國大陸領土，則不在實際控制之下。	i˨˩˧ sɨt̚˥ tʰuŋ˨˩˧ t͡sʰz̩˩˩ liaŋ˨˩˧ tʰu˨˩˧ ɵ˧˥ n̠ʲiɛn˧˥ , t͡suŋ˦˨ fa˧˥ min˧˥ kuɛt̚˥ liaŋ˨˩˧ tʰu˨˩˧ pau˦˨ tʰai˨˦ uan˦˨ pɨn˨˩˧ tau˨˩˧ , fu˧˥ tau˨˩˧ , t͡ɕin˦˨ mɨn˧˥ tau˨˩˧ , ma˨˩˧ tau˨˩˧ kiɛn˦˨ lan˧˥ hai˨˩˧ tuŋ˦˨ sa˦˨ tau˨˩˧ , lan˧˥ sa˦˨ tau˨˩˧ t͡suŋ˦˨ tit̚˥ tʰai˨˩˧ pʰiaŋ˨˦ tau˨˩˧ kiɛn˦˨ t͡suŋ˦˨ t͡sɨu˦˨ , miɛn˩˩ san˦˨ uan˩˩ liuʔ˥ t͡ɕʰiɛn˦˨ it̚˥ paʔ˥ t͡ɕiu˨˩˧ sɨt̚˨ ɵ˩˩ . pat̚˥ t͡ɕʰiɛn˦˨ it̚˥ paʔ˥ ŋ̍˨˩˧ sɨt̚˨ ŋ̍˨˩˧ pʰiaŋ˨˦ fɔŋ˦˨ kuŋ˦˨ li˨˩˧ , hai˨˩˧ ŋɵn˩˩ ɕiɛn˧˥ t͡sʰɔŋ˨˦ it̚˥ t͡ɕʰiɛn˦˨ pat̚˥ paʔ˥ it̚˥ sɨt̚˨ san˦˨ y˧˥ kuŋ˦˨ li˨˩˧ , kaŋ˦˨ tʰi˩˩ paʔ˥ fɨn˦˨ t͡sz̩˦˨ ɵ˩˩ sɨt̚˨ sz̩˧˥ . t͡suŋ˦˨ fa˧˥ min˧˥ kuɛt̚˥ t͡sɨn˧˥ fu˨˩˧ t͡ɕy˨˩˧ t͡sɔŋ˦˨ t͡sz̩˦˨ t͡suŋ˦˨ kuɛt̚˥ tʰai˩˩ luʔ˥ liaŋ˨˩˧ tʰu˨˩˧ , t͡sɛt̚˥ pɨt̚˥ t͡sʰai˩˩ sɨt̚˥ t͡sz̩˧˥ t͡sz̩˦˨ ha˩˩ .
萍鄉地古屬《禹貢》九州揚州，春秋時屬吳國，戰國時屬楚國長沙郡。漢時屬豫章郡宜春縣地。三國吳寶鼎二年（267年）立縣，縣治設在今蘆溪縣古崗，屬安成郡。萍鄉得名有兩種說法，一種是此地多萍草[1]，另外一種是楚昭王渡江於此得萍實。晉仍屬安成郡，義熙年間，封何無忌為萍鄉縣公。東晉至南朝陳屬江州安成郡。隋屬袁州。唐初縣治遷至今市治所在地，隸屬江南西道袁州。宋隸屬江南西路袁州，元元貞初年，升為萍鄉州，隸江西行省袁州路。明洪武二年（1369年），改州為縣，屬江西袁州府。清屬江西省袁州府。1960年設立縣級萍鄉市。1970年升為地級萍鄉市。	ɕiɔŋ˦˨ tʰi˩˩ ku˨˩˧ t͡ɕiu˨˩˧ t͡sɨu˦˨ t͡sɨu˦˨ , t͡sʰun˦˨ t͡ɕʰiu˦˨ sz̩˧˥ u˧˥ kuɛt̚˥ , t͡sɛn˧˥ kuɛt̚˥ sz̩˧˥ t͡sʰu˨˩˧ kuɛt̚˥ t͡sʰɔŋ˨˦ sa˦˨ . sz̩˧˥ t͡sɔŋ˦˨ t͡sʰun˦˨ ɕiɛn˩˩ tʰi˩˩ . san˦˨ kuɛt̚˥ u˧˥ ɵ˩˩ n̠ʲiɛn˧˥ ɵ˩˩ paʔ˥ liuʔ˥ sɨt̚˨ t͡ɕʰit̚˥ n̠ʲiɛn˧˥ lit̚˥ ɕiɛn˩˩ , ɕiɛn˩˩ t͡sʰz̩˩˩ sɛt̚˥ t͡sʰai˩˩ t͡ɕin˦˨ t͡ɕʰi˦˨ ɕiɛn˩˩ ku˨˩˧ , ŋɵn˦˨ saŋ˧˥ . ɕiɔŋ˦˨ tɛt̚˥ miaŋ˧˥ iu˨˩˧ sɵt̚˥ fat̚˥ , it̚˥ sz̩˩˩ ˈt͡sʰz̩˨˦ tʰi˩˩ to˦˨ t͡sʰau˨˩˧ it̚˥ , lin˩˩ uai˩˩ it̚˥ sz̩˩˩ t͡sʰu˨˩˧ uɔŋ˧˥ kɔŋ˦˨ tɛt̚˥ sɨt̚˥ . t͡ɕin˧˥ ŋɵn˦˨ saŋ˧˥ , n̠ʲi˩˩ n̠ʲiɛn˧˥ kan˦˨ , fuŋ˦˨ ɕiɔŋ˦˨ ɕiɛn˩˩ kuŋ˦˨ . tuŋ˦˨ t͡ɕin˧˥ t͡sz̩˧˥ lan˧˥ t͡sʰɛu˨˦ t͡sʰɨn˨˦ kɔŋ˦˨ t͡sɨu˦˨ ŋɵn˦˨ saŋ˧˥ . t͡sɨu˦˨ . tʰɔŋ˨˦ t͡sʰu˦˨ ɕiɛn˩˩ t͡sʰz̩˩˩ t͡ɕʰiɛn˦˨ t͡sz̩˧˥ t͡ɕin˦˨ sz̩˩˩ t͡sʰz̩˩˩ so˨˩˧ t͡sʰai˩˩ tʰi˩˩ , kɔŋ˦˨ lan˧˥ ɕi˦˨ tʰau˩˩ t͡sɨu˦˨ . suŋ˧˥ kɔŋ˦˨ lan˧˥ ɕi˦˨ lu˩˩ t͡sɨu˦˨ , n̠ʲyɵn˧˥ n̠ʲyɵn˧˥ t͡sɨn˦˨ t͡sʰu˦˨ n̠ʲiɛn˧˥ , ɕiɔŋ˦˨ t͡sɨu˦˨ , kɔŋ˦˨ ɕi˦˨ hɛn˨˦ t͡sɨu˦˨ lu˩˩ . min˧˥ u˨˩˧ ɵ˩˩ n̠ʲiɛn˧˥ it̚˥ san˦˨ liuʔ˥ t͡ɕiu˨˩˧ n̠ʲiɛn˧˥ , kai˨˩˧ t͡sɨu˦˨ ɕiɛn˩˩ , kɔŋ˦˨ ɕi˦˨ t͡sɨu˦˨ fu˨˩˧ . t͡ɕʰin˦˨ kɔŋ˦˨ ɕi˦˨ t͡sɨu˦˨ fu˨˩˧ . it̚˥ t͡ɕiu˨˩˧ liuʔ˥ lin˧˥ n̠ʲiɛn˧˥ sɛt̚˥ lit̚˥ ɕiɛn˩˩ ɕiɔŋ˦˨ sz̩˩˩ . it̚˥ t͡ɕiu˨˩˧ t͡ɕʰit̚˥ lin˧˥ n̠ʲiɛn˧˥ tʰi˩˩ ɕiɔŋ˦˨ sz̩˩˩ .
萬安位到江西嗰中間腰，歸到吉安管。佢嗰面積係2051平方公里，攏共管到九隻鎮七隻鄉同到一隻墾殖場，總人數約有30萬。全縣以農業、水產業、林業、礦業為主，哈有萬安水電站提供能源。	uan˩˩ ŋɵn˦˨ ui˩˩ tau˧˥ kɔŋ˦˨ ɕi˦˨ t͡suŋ˦˨ kan˦˨ iɛu˦˨ , kui˦˨ tau˧˥ t͡ɕit̚˥ ŋɵn˦˨ kuɵn˨˩˧ . t͡ɕʰie˨˦ miɛn˩˩ ɵ˩˩ t͡ɕʰiɛn˦˨ lin˧˥ ŋ̍˨˩˧ sɨt̚˨ it̚˥ pʰiaŋ˨˦ fɔŋ˦˨ kuŋ˦˨ li˨˩˧ , t͡ɕʰiuŋ˩˩ kuɵn˨˩˧ tau˧˥ t͡ɕiu˨˩˧ t͡saʔ˥ t͡ɕin˧˥ t͡ɕʰit̚˥ t͡saʔ˥ ɕiɔŋ˦˨ tʰuŋ˨˦ tau˧˥ it̚˥ t͡saʔ˥ t͡sʰɔŋ˨˩˧ , n̠ʲin˧˥ su˨˩˧ iɔʔ˥ iu˨˩˧ san˦˨ sɨt̚˨ uan˩˩ . t͡ɕʰyɵn˨˦ ɕiɛn˩˩ i˨˩˧ luŋ˧˥ n̠ʲiɛt̚˥ , sui˨˩˧ t͡sʰan˨˩˧ n̠ʲiɛt̚˥ , lin˧˥ n̠ʲiɛt̚˥ , n̠ʲiɛt̚˥ t͡ɕy˨˩˧ , iu˨˩˧ uan˩˩ ŋɵn˦˨ sui˨˩˧ tiɛn˩˩ t͡san˧˥ tʰia˨˦ lɛn˧˥ .
蓮花係萍鄉管到嗰一隻縣，佢位到湘贛界邊，羅霄山嗰中段，井岡山嗰北首，全縣總面積有1062平方公里，管到13隻鄉，五隻鎮，一隻國營墾殖場，攏共有210隻行政村，總人口24.9萬。	ˈliɛn˧˥ fa˦˨ ɕiɔŋ˦˨ kuɵn˨˩˧ tau˧˥ it̚˥ t͡saʔ˥ ɕiɛn˩˩ , t͡ɕʰie˨˦ ui˩˩ tau˧˥ ɕiɔŋ˦˨ kɵn˧˥ kai˧˥ piɛn˦˨ , lo˧˥ san˦˨ t͡suŋ˦˨ tʰɵn˩˩ , t͡ɕiaŋ˨˩˧ san˦˨ pɛt̚˥ , t͡ɕʰyɵn˨˦ ɕiɛn˩˩ miɛn˩˩ iu˨˩˧ it̚˥ t͡ɕʰiɛn˦˨ lin˧˥ liuʔ˥ sɨt̚˨ ɵ˩˩ pʰiaŋ˨˦ fɔŋ˦˨ kuŋ˦˨ li˨˩˧ , kuɵn˨˩˧ tau˧˥ sɨt̚˨ san˦˨ t͡saʔ˥ ɕiɔŋ˦˨ , ŋ̍˨˩˧ t͡saʔ˥ t͡ɕin˧˥ , it̚˥ t͡saʔ˥ kuɛt̚˥ yn˧˥ t͡sʰɔŋ˨˩˧ , t͡ɕʰiuŋ˩˩ iu˨˩˧ ɵ˩˩ paʔ˥ it̚˥ sɨt̚˨ t͡saʔ˥ hɛn˨˦ t͡sɨn˧˥ , n̠ʲin˧˥ kʰiɛu˨˩˧ ɵ˩˩ sɨt̚˨ sz̩˧˥ tiɛn˨˩˧ t͡ɕiu˨˩˧ uan˩˩ .
蔣中正（1887年10月31號-1975年4月5號），字介石，中國政治家、軍事家、革命家、中華民國陸軍特級上將、黃埔軍校第一任校長、中華民國陸海空軍總司令、第二次世界大戰中國戰區最高統帥、中華民國總統、中國國民黨總裁、北伐軍總司令、中華民國和中國國民黨最高領導人。	t͡suŋ˦˨ it̚˥ pat̚˥ pat̚˥ t͡ɕʰit̚˥ n̠ʲiɛn˧˥ sɨt̚˨ n̠ʲyɵt̚˨ san˦˨ sɨt̚˨ it̚˥ hau˩˩ it̚˥ t͡ɕiu˨˩˧ t͡ɕʰit̚˥ ŋ̍˨˩˧ n̠ʲiɛn˧˥ sz̩˧˥ n̠ʲyɵt̚˨ ŋ̍˨˩˧ hau˩˩ , t͡sʰz̩˨˦ kai˧˥ saʔ˨ , t͡suŋ˦˨ kuɛt̚˥ t͡sɨn˧˥ t͡sʰz̩˩˩ ka˦˨ , t͡ɕyn˦˨ sz̩˩˩ ka˦˨ , kiɛt̚˥ miaŋ˩˩ ka˦˨ , t͡suŋ˦˨ fa˧˥ min˧˥ kuɛt̚˥ luʔ˥ t͡ɕyn˦˨ tʰɛt̚˥ sɔŋ˩˩ , uɔŋ˧˥ t͡ɕyn˦˨ hau˩˩ tʰi˩˩ it̚˥ lɨn˩˩ hau˩˩ t͡sʰɔŋ˨˦ , t͡suŋ˦˨ fa˧˥ min˧˥ kuɛt̚˥ luʔ˥ hai˨˩˧ kʰuŋ˦˨ t͡ɕyn˦˨ lin˩˩ , tʰi˩˩ ɵ˩˩ t͡sʰz̩˨˩˧ sz̩˧˥ kai˧˥ tʰai˩˩ t͡sɛn˧˥ t͡suŋ˦˨ kuɛt̚˥ t͡sɛn˧˥ t͡ɕʰy˦˨ t͡sui˧˥ kau˦˨ tʰuŋ˨˩˧ , t͡suŋ˦˨ fa˧˥ min˧˥ kuɛt̚˥ tʰuŋ˨˩˧ , t͡suŋ˦˨ kuɛt̚˥ kuɛt̚˥ min˧˥ tɔŋ˨˩˧ t͡sʰai˨˦ , pɛt̚˥ fat̚˥ t͡ɕyn˦˨ lin˩˩ , t͡suŋ˦˨ fa˧˥ min˧˥ kuɛt̚˥ fo˧˥ t͡suŋ˦˨ kuɛt̚˥ kuɛt̚˥ min˧˥ tɔŋ˨˩˧ t͡sui˧˥ kau˦˨ liaŋ˨˩˧ n̠ʲin˧˥ .
袁州区举办2004年中华人民共和国第五届农民运动会、2009央视中秋晚会以及每年一度月亮文化节，享有“月亮之都”、“亚洲锂都”的美誉，被授予中国宜居城市、中国优秀旅游城市、全国绿化模范城市、中国十大休闲城市、中国最具幸福感城市等称号。	t͡sɨu˦˨ t͡ɕʰy˦˨ t͡ɕy˨˩˧ pʰan˩˩ ɵ˩˩ lin˧˥ lin˧˥ sz̩˧˥ n̠ʲiɛn˧˥ t͡suŋ˦˨ fa˧˥ lɨn˧˥ min˧˥ kʰuŋ˩˩ fo˧˥ kuɛt̚˥ tʰi˩˩ ŋ̍˨˩˧ luŋ˧˥ min˧˥ yn˩˩ tʰuŋ˩˩ fɨi˩˩ , ɵ˩˩ t͡ɕʰiɛn˦˨ lin˧˥ t͡ɕiu˨˩˧ iɔŋ˦˨ sz̩˩˩ t͡suŋ˦˨ t͡ɕʰiu˨ uan˨˩˧ fɨi˩˩ i˨˩˧ t͡ɕʰit̚˨ n̠ʲiɛn˧˥ it̚˥ n̠ʲyɵt̚˨ liɔŋ˩˩ un˧˥ fa˧˥ t͡ɕiɛt̚˥ , iu˨˩˧ n̠ʲyɵt̚˨ liɔŋ˩˩ t͡sz̩˦˨ tu˦˨ , ˈŋa˩˧ t͡sɨu˦˨ tu˦˨ tit̚˥ mi˨˩˧ , pʰi˩˩ t͡suŋ˦˨ kuɛt̚˥ saŋ˧˥ sz̩˩˩ , t͡suŋ˦˨ kuɛt̚˥ li˨˩˧ saŋ˧˥ sz̩˩˩ , t͡ɕʰyɵn˨˦ kuɛt̚˥ liuʔ˥ fa˧˥ fan˩˩ saŋ˧˥ sz̩˩˩ , t͡suŋ˦˨ kuɛt̚˥ sɨt̚˨ tʰai˩˩ ɕiu˦˨ han˨˦ saŋ˧˥ sz̩˩˩ , t͡suŋ˦˨ kuɛt̚˥ t͡sui˧˥ t͡ɕʰy˩˩ ɕin˩˩ fuʔ˥ kɵn˨˩˧ saŋ˧˥ sz̩˩˩ tɛn˨˩˧ hau˩˩ .
袁隆平，（），係北平生嗰，祖籍江西德安，現居湖南長沙嗰中國雜交水稻育種專家同到中國工程院院士。佢2006年4月當選美國科學院嗰外籍院士，又拕稱謂“雜交水稻之父”。	luŋ˧˥ pʰiaŋ˨˦ , pɛt̚˥ pʰiaŋ˨˦ saŋ˦˨ , kɔŋ˦˨ ɕi˦˨ ŋɵn˦˨ , ɕiɛn˩˩ fu˧˥ lan˧˥ t͡sʰɔŋ˨˦ sa˦˨ t͡suŋ˦˨ kuɛt̚˥ t͡sat̚˥ kau˦˨ sui˨˩˧ t͡sɵn˦˨ ka˦˨ tʰuŋ˨˦ tau˧˥ t͡suŋ˦˨ kuɛt̚˥ kuŋ˦˨ yɵn˩˩ yɵn˩˩ sz̩˩˩ . t͡ɕʰie˨˦ ɵ˩˩ lin˧˥ lin˧˥ liuʔ˥ n̠ʲiɛn˧˥ sz̩˧˥ n̠ʲyɵt̚˨ tɔŋ˦˨ ɕyɵn˨˩˧ mi˨˩˧ kuɛt̚˥ ˈkʰuo˦˨ hɔʔ˥ yɵn˩˩ uai˩˩ yɵn˩˩ sz̩˩˩ , iu˩˩ t͡sat̚˥ kau˦˨ sui˨˩˧ t͡sz̩˦˨ fu˩˩ .
還有就係在歐洲跟日本，非常多嗰人學英語（32.6％），接到係法語、德語跟西班牙語。	uan˧˥ iu˨˩˧ t͡ɕʰiu˩˩ t͡sʰai˩˩ t͡sɨu˦˨ kiɛn˦˨ n̠ʲit̚˥ pɨn˨˩˧ , sɔŋ˧˥ to˦˨ n̠ʲin˧˥ hɔʔ˨ in˦˨ n̠ʲy˨˩˧ paʔ˥ fɨn˦˨ t͡sz̩˦˨ san˦˨ sɨt̚˨ ɵ˩˩ tiɛn˨˩˧ liuʔ˥ , t͡ɕiɛt̚˥ tau˧˥ fat̚˥ n̠ʲy˨˩˧ , n̠ʲy˨˩˧ kiɛn˦˨ ɕi˦˨ pan˦˨ ŋa˧˥ n̠ʲy˨˩˧ .
三清山位到上饒嗰玉山縣同德興市嗰界上。佢歸屬懷玉山脈，係道教嗰名山。佢嗰玉京、玉虛、玉華「三峰峻拔、如三清列坐其巔」咁就叫佢「三清山」。佢嗰玉京峰係最高峰，海拔1819.9米。	san˦˨ t͡ɕʰin˦˨ san˦˨ ui˩˩ tau˧˥ sɔŋ˩˩ y˩˩ san˦˨ ɕiɛn˩˩ tʰuŋ˨˦ ɕin˦˨ sz̩˩˩ kai˧˥ sɔŋ˩˩ . t͡ɕʰie˨˦ kui˦˨ uai˧˥ y˩˩ san˦˨ mɛt̚˥ , tʰau˩˩ kau˧˥ miaŋ˧˥ san˦˨ . t͡ɕʰie˨˦ y˩˩ t͡ɕin˦˨ , y˩˩ , y˩˩ fa˧˥ san˦˨ pʰat̚˨ , ɵ˧˥ san˦˨ t͡ɕʰin˦˨ liɛt̚˥ t͡sʰo˩˩ t͡ɕʰi˨˦ t͡ɕʰiu˩˩ t͡ɕiɛu˧˥ t͡ɕʰie˨˦ san˦˨ t͡ɕʰin˦˨ san˦˨ . t͡ɕʰie˨˦ y˩˩ t͡ɕin˦˨ t͡sui˧˥ kau˦˨ , hai˨˩˧ pʰat̚˨ it̚˥ t͡ɕʰiɛn˦˨ pat̚˥ paʔ˥ it̚˥ sɨt̚˨ t͡ɕiu˨˩˧ tiɛn˨˩˧ t͡ɕiu˨˩˧ mi˨˩˧ .
中華民國，1949年後，中華民國政府播遷臺灣，位到亞洲嗰東頭、太平洋嗰西海岸，佢實際管到嗰領土有台灣同到別嗰滴子附屬島嶼、澎湖群島、金門群島、馬祖列島、東沙群島哈有南沙群島嗰太平島跟中洲島，實際面積36,188 平方公里。首都遷台前係南京。中華民國係第二次世界大戰嗰主要戰勝國，也係聯合國五隻主要創始會員國之一。三民主義跟五權憲法係佢現行政治制度嗰思想根源。中華民國政府而今還冇放棄中國大陸地區嗰主權，法定領土為1947年制憲，一滴子台灣人主張要根據憲法嗰第四條跟憲法增修條文嗰第一條改變固有疆域同到明確定義領土，但係因為門檻太高，加上中華人民共和國跟國際嗰壓力，故係箇哈係蠻難實現嗰。	t͡suŋ˦˨ fa˧˥ min˧˥ kuɛt̚˥ , it̚˥ t͡ɕiu˨˩˧ sz̩˧˥ t͡ɕiu˨˩˧ n̠ʲiɛn˧˥ hɛu˩˩ , t͡suŋ˦˨ fa˧˥ min˧˥ kuɛt̚˥ t͡sɨn˧˥ fu˨˩˧ t͡ɕʰiɛn˦˨ tʰai˨˦ uan˦˨ , ui˩˩ tau˧˥ ˈŋa˩˧ t͡sɨu˦˨ tuŋ˦˨ tʰɛu˨˦ , tʰai˨˩˧ pʰiaŋ˨˦ iɔŋ˧˥ ɕi˦˨ hai˨˩˧ ŋɵn˩˩ , t͡ɕʰie˨˦ sɨt̚˥ kuɵn˨˩˧ tau˧˥ liaŋ˨˩˧ tʰu˨˩˧ iu˨˩˧ tʰai˨˦ uan˦˨ tʰuŋ˨˦ tau˧˥ pʰiɛt̚˥ t͡sz̩˨˩˧ fu˧˥ tau˨˩˧ , fu˧˥ tau˨˩˧ , t͡ɕin˦˨ mɨn˧˥ tau˨˩˧ , ma˨˩˧ liɛt̚˥ tau˨˩˧ , tuŋ˦˨ sa˦˨ tau˨˩˧ iu˨˩˧ lan˧˥ sa˦˨ tau˨˩˧ tʰai˨˩˧ pʰiaŋ˨˦ tau˨˩˧ kiɛn˦˨ t͡suŋ˦˨ t͡sɨu˦˨ tau˨˩˧ , sɨt̚˥ miɛn˩˩ san˦˨ uan˩˩ liuʔ˥ t͡ɕʰiɛn˦˨ it̚˥ paʔ˥ pat̚˥ sɨt̚˨ pat̚˥ pʰiaŋ˨˦ fɔŋ˦˨ kuŋ˦˨ li˨˩˧ . tu˦˨ t͡ɕʰiɛn˦˨ tʰai˨˦ t͡ɕʰiɛn˨˦ lan˧˥ t͡ɕin˦˨ . t͡suŋ˦˨ fa˧˥ min˧˥ kuɛt̚˥ tʰi˩˩ ɵ˩˩ t͡sʰz̩˨˩˧ sz̩˧˥ kai˧˥ tʰai˩˩ t͡sɛn˧˥ t͡ɕy˨˩˧ iɛu˦˨ t͡sɛn˧˥ kuɛt̚˥ , ia˨˩˧ liɛn˧˥ hɵt̚˨ kuɛt̚˥ ŋ̍˨˩˧ t͡saʔ˥ t͡ɕy˨˩˧ iɛu˦˨ sz̩˨˩˧ fɨi˩˩ yɵn˧˥ kuɛt̚˥ t͡sz̩˦˨ it̚˥ . san˦˨ min˧˥ t͡ɕy˨˩˧ n̠ʲi˩˩ kiɛn˦˨ ŋ̍˨˩˧ t͡ɕʰyɵn˨˦ ɕiɛn˨˩˧ fat̚˥ t͡ɕʰie˨˦ ɕiɛn˩˩ hɛn˨˦ t͡sɨn˧˥ t͡sʰz̩˩˩ t͡sz̩˧˥ sz̩˦˨ ɕiɔŋ˨˩˧ kiɛn˦˨ . t͡suŋ˦˨ fa˧˥ min˧˥ kuɛt̚˥ t͡sɨn˧˥ fu˨˩˧ ɵ˧˥ t͡ɕin˨ uan˧˥ fɔŋ˧˥ t͡suŋ˦˨ kuɛt̚˥ tʰai˩˩ luʔ˥ tʰi˩˩ t͡ɕʰy˦˨ t͡ɕy˨˩˧ t͡ɕʰyɵn˨˦ , fat̚˥ tʰiaŋ˩˩ liaŋ˨˩˧ tʰu˨˩˧ it̚˥ t͡ɕiu˨˩˧ sz̩˧˥ t͡ɕʰit̚˥ n̠ʲiɛn˧˥ t͡sz̩˧˥ ɕiɛn˨˩˧ , it̚˥ t͡sz̩˨˩˧ tʰai˨˦ uan˦˨ n̠ʲin˧˥ t͡ɕy˨˩˧ t͡sɔŋ˦˨ iɛu˦˨ kiɛn˦˨ ɕiɛn˨˩˧ fat̚˥ tʰi˩˩ sz̩˧˥ tʰiɛu˨˦ kiɛn˦˨ ɕiɛn˨˩˧ fat̚˥ t͡sɛn˦˨ ɕiu˦˨ tʰiɛu˨˦ un˧˥ tʰi˩˩ it̚˥ tʰiɛu˨˦ kai˨˩˧ iu˨˩˧ tʰuŋ˨˦ tau˧˥ min˧˥ kʰɔʔ˥ tʰiaŋ˩˩ n̠ʲi˩˩ liaŋ˨˩˧ tʰu˨˩˧ , in˦˨ mɨn˧˥ tʰai˨˩˧ kau˦˨ , sɔŋ˩˩ t͡suŋ˦˨ fa˧˥ lɨn˧˥ min˧˥ kʰuŋ˩˩ fo˧˥ kuɛt̚˥ kiɛn˦˨ kuɛt̚˥ lit̚˥ , man˦˨ lan˧˥ sɨt̚˥ ɕiɛn˩˩ .
1949年後，中華民國政府播遷臺灣，位到亞洲嗰東頭、太平洋嗰西海岸，佢實際管到嗰領土有台灣同到別嗰滴子附屬島嶼、澎湖群島、金門群島、馬祖列島、東沙群島哈有南沙群島嗰太平島跟中洲島，實際面積36,188 平方公里。首都遷台前係南京。中華民國係第二次世界大戰嗰主要戰勝國，也係聯合國五隻主要創始會員國之一。三民主義跟五權憲法係佢現行政治制度嗰思想根源。中華民國政府而今還冇放棄中國大陸地區嗰主權，法定領土為1947年制憲，一滴子台灣人主張要根據憲法嗰第四條跟憲法增修條文嗰第一條改變固有疆域同到明確定義領土，但係因為門檻太高，加上中華人民共和國跟國際嗰壓力，故係箇哈係蠻難實現嗰。	it̚˥ t͡ɕiu˨˩˧ sz̩˧˥ t͡ɕiu˨˩˧ n̠ʲiɛn˧˥ hɛu˩˩ , t͡suŋ˦˨ fa˧˥ min˧˥ kuɛt̚˥ t͡sɨn˧˥ fu˨˩˧ t͡ɕʰiɛn˦˨ tʰai˨˦ uan˦˨ , ui˩˩ tau˧˥ ˈŋa˩˧ t͡sɨu˦˨ tuŋ˦˨ tʰɛu˨˦ , tʰai˨˩˧ pʰiaŋ˨˦ iɔŋ˧˥ ɕi˦˨ hai˨˩˧ ŋɵn˩˩ , t͡ɕʰie˨˦ sɨt̚˥ kuɵn˨˩˧ tau˧˥ liaŋ˨˩˧ tʰu˨˩˧ iu˨˩˧ tʰai˨˦ uan˦˨ tʰuŋ˨˦ tau˧˥ pʰiɛt̚˥ t͡sz̩˨˩˧ fu˧˥ tau˨˩˧ , fu˧˥ tau˨˩˧ , t͡ɕin˦˨ mɨn˧˥ tau˨˩˧ , ma˨˩˧ liɛt̚˥ tau˨˩˧ , tuŋ˦˨ sa˦˨ tau˨˩˧ iu˨˩˧ lan˧˥ sa˦˨ tau˨˩˧ tʰai˨˩˧ pʰiaŋ˨˦ tau˨˩˧ kiɛn˦˨ t͡suŋ˦˨ t͡sɨu˦˨ tau˨˩˧ , sɨt̚˥ miɛn˩˩ san˦˨ uan˩˩ liuʔ˥ t͡ɕʰiɛn˦˨ it̚˥ paʔ˥ pat̚˥ sɨt̚˨ pat̚˥ pʰiaŋ˨˦ fɔŋ˦˨ kuŋ˦˨ li˨˩˧ . tu˦˨ t͡ɕʰiɛn˦˨ tʰai˨˦ t͡ɕʰiɛn˨˦ lan˧˥ t͡ɕin˦˨ . t͡suŋ˦˨ fa˧˥ min˧˥ kuɛt̚˥ tʰi˩˩ ɵ˩˩ t͡sʰz̩˨˩˧ sz̩˧˥ kai˧˥ tʰai˩˩ t͡sɛn˧˥ t͡ɕy˨˩˧ iɛu˦˨ t͡sɛn˧˥ kuɛt̚˥ , ia˨˩˧ liɛn˧˥ hɵt̚˨ kuɛt̚˥ ŋ̍˨˩˧ t͡saʔ˥ t͡ɕy˨˩˧ iɛu˦˨ sz̩˨˩˧ fɨi˩˩ yɵn˧˥ kuɛt̚˥ t͡sz̩˦˨ it̚˥ . san˦˨ min˧˥ t͡ɕy˨˩˧ n̠ʲi˩˩ kiɛn˦˨ ŋ̍˨˩˧ t͡ɕʰyɵn˨˦ ɕiɛn˨˩˧ fat̚˥ t͡ɕʰie˨˦ ɕiɛn˩˩ hɛn˨˦ t͡sɨn˧˥ t͡sʰz̩˩˩ t͡sz̩˧˥ sz̩˦˨ ɕiɔŋ˨˩˧ kiɛn˦˨ . t͡suŋ˦˨ fa˧˥ min˧˥ kuɛt̚˥ t͡sɨn˧˥ fu˨˩˧ ɵ˧˥ t͡ɕin˨ uan˧˥ fɔŋ˧˥ t͡suŋ˦˨ kuɛt̚˥ tʰai˩˩ luʔ˥ tʰi˩˩ t͡ɕʰy˦˨ t͡ɕy˨˩˧ t͡ɕʰyɵn˨˦ , fat̚˥ tʰiaŋ˩˩ liaŋ˨˩˧ tʰu˨˩˧ it̚˥ t͡ɕiu˨˩˧ sz̩˧˥ t͡ɕʰit̚˥ n̠ʲiɛn˧˥ t͡sz̩˧˥ ɕiɛn˨˩˧ , it̚˥ t͡sz̩˨˩˧ tʰai˨˦ uan˦˨ n̠ʲin˧˥ t͡ɕy˨˩˧ t͡sɔŋ˦˨ iɛu˦˨ kiɛn˦˨ ɕiɛn˨˩˧ fat̚˥ tʰi˩˩ sz̩˧˥ tʰiɛu˨˦ kiɛn˦˨ ɕiɛn˨˩˧ fat̚˥ t͡sɛn˦˨ ɕiu˦˨ tʰiɛu˨˦ un˧˥ tʰi˩˩ it̚˥ tʰiɛu˨˦ kai˨˩˧ iu˨˩˧ tʰuŋ˨˦ tau˧˥ min˧˥ kʰɔʔ˥ tʰiaŋ˩˩ n̠ʲi˩˩ liaŋ˨˩˧ tʰu˨˩˧ , in˦˨ mɨn˧˥ tʰai˨˩˧ kau˦˨ , sɔŋ˩˩ t͡suŋ˦˨ fa˧˥ lɨn˧˥ min˧˥ kʰuŋ˩˩ fo˧˥ kuɛt̚˥ kiɛn˦˨ kuɛt̚˥ lit̚˥ , man˦˨ lan˧˥ sɨt̚˥ ɕiɛn˩˩ .
陸九淵(金溪)：(1139-1193)，南宋哲學家，佢在以前儒學發展嗰基礎上，創立了心學體系，開創了心學一派。	luʔ˥ t͡ɕiu˨˩˧ t͡ɕin˦˨ t͡ɕʰi˦˨ , it̚˥ t͡ɕʰiɛn˦˨ it̚˥ paʔ˥ san˦˨ sɨt̚˨ t͡ɕiu˨˩˧ tau˧˥ it̚˥ t͡ɕʰiɛn˦˨ it̚˥ paʔ˥ t͡ɕiu˨˩˧ sɨt̚˨ san˦˨ , lan˧˥ suŋ˧˥ hɔʔ˨ ka˦˨ , t͡ɕʰie˨˦ t͡sʰai˩˩ i˨˩˧ t͡ɕʰiɛn˨˦ ɵ˧˥ hɔʔ˨ t͡sɛn˨˩˧ t͡ɕi˦˨ sɔŋ˩˩ , lit̚˥ liɛu ɕin˦˨ hɔʔ˨ tʰi˨˩˧ ɕi˩˩ , kʰai˦˨ liɛu ɕin˦˨ hɔʔ˨ it̚˥ pʰai˨˩˧ .
2008年，國家發改委給國務院嗰建議批復建設地鐵裏頭冇南昌，不過江西省政府努了力 ，南昌拕批准建起幾個地鐵；2008年9月南昌開始組建地鐵公司 ，之後在10月16日定下，叫“南昌轨道交通有限公司” ，之後公示5條綫路嗰規劃。 2009年7月國務院批准了《南昌市城市轨道交通近期建设规划(2009-2016年)》 ，之後2009年7月29日南昌城市嗰快速軌道交通工程開始動工了 ，同日嗰新聞發佈會話了規劃嗰5條綫路嗰走向同到建設嗰計劃：1號綫同到2號綫計劃在2016年通車，3號綫計劃2020年開通，之後兩條綫就看情況再決定開工。 政府自己計劃係5條綫路在2014年前得批准，在2015年前都開工。之後6-10號綫再看情況作補充，同到環綫地鐵。	ɵ˩˩ lin˧˥ lin˧˥ pat̚˥ n̠ʲiɛn˧˥ , kuɛt̚˥ ka˦˨ kai˨˩˧ ui˨˩˧ t͡ɕi˨˩˧ kuɛt̚˥ yɵn˩˩ t͡ɕiɛn˧˥ t͡ɕiɛn˧˥ sɛt̚˥ tʰi˩˩ tʰiɛt̚˥ tʰɛu˨˦ lan˧˥ t͡sʰɔŋ˦˨ , pɨt̚˥ kuo˧˥ kɔŋ˦˨ ɕi˦˨ t͡sɨn˧˥ fu˨˩˧ liɛu lit̚˥ , lan˧˥ t͡sʰɔŋ˦˨ t͡ɕiɛn˧˥ t͡ɕʰi˨˩˧ t͡ɕi˨˩˧ ko˧˥ tʰi˩˩ tʰiɛt̚˥ , ɵ˩˩ lin˧˥ lin˧˥ pat̚˥ n̠ʲiɛn˧˥ t͡ɕiu˨˩˧ n̠ʲyɵt̚˨ lan˧˥ t͡sʰɔŋ˦˨ kʰai˦˨ sz̩˨˩˧ t͡ɕiɛn˧˥ tʰi˩˩ tʰiɛt̚˥ kuŋ˦˨ , t͡sz̩˦˨ ˈhɛu˩˩ t͡sʰai˩˩ sɨt̚˨ n̠ʲyɵt̚˨ sɨt̚˨ liuʔ˥ n̠ʲit̚˥ tʰiaŋ˩˩ ha˩˩ , t͡ɕiɛu˧˥ lan˧˥ t͡sʰɔŋ˦˨ tʰau˩˩ kau˦˨ tʰuŋ˦˨ iu˨˩˧ kuŋ˦˨ , t͡sz̩˦˨ ˈhɛu˩˩ kuŋ˦˨ sz̩˩˩ ŋ̍˨˩˧ tʰiɛu˨˦ lu˩˩ kui˦˨ . ɵ˩˩ lin˧˥ lin˧˥ t͡ɕiu˨˩˧ n̠ʲiɛn˧˥ t͡ɕʰit̚˥ n̠ʲyɵt̚˨ kuɛt̚˥ yɵn˩˩ liɛu lan˧˥ t͡sʰɔŋ˦˨ sz̩˩˩ saŋ˧˥ sz̩˩˩ tʰau˩˩ kau˦˨ tʰuŋ˦˨ t͡ɕʰin˩˩ t͡ɕiɛn˧˥ sɛt̚˥ kui˦˨ ɵ˩˩ lin˧˥ lin˧˥ t͡ɕiu˨˩˧ tau˧˥ ɵ˩˩ lin˧˥ it̚˥ liuʔ˥ n̠ʲiɛn˧˥ , t͡sz̩˦˨ ˈhɛu˩˩ ɵ˩˩ lin˧˥ lin˧˥ t͡ɕiu˨˩˧ n̠ʲiɛn˧˥ t͡ɕʰit̚˥ n̠ʲyɵt̚˨ ɵ˩˩ sɨt̚˨ t͡ɕiu˨˩˧ n̠ʲit̚˥ lan˧˥ t͡sʰɔŋ˦˨ saŋ˧˥ sz̩˩˩ kʰuai˨˩˧ suʔ˥ tʰau˩˩ kau˦˨ tʰuŋ˦˨ kuŋ˦˨ kʰai˦˨ sz̩˨˩˧ tʰuŋ˩˩ kuŋ˦˨ liɛu , tʰuŋ˨˦ n̠ʲit̚˥ ɕin˦˨ un˧˥ fɨi˩˩ ua˩˩ liɛu kui˦˨ ŋ̍˨˩˧ tʰiɛu˨˦ lu˩˩ t͡sɛu˨˩˧ tʰuŋ˨˦ tau˧˥ t͡ɕiɛn˧˥ sɛt̚˥ t͡ɕi˧˥ , it̚˥ hau˩˩ tʰuŋ˨˦ tau˧˥ ɵ˩˩ hau˩˩ t͡ɕi˧˥ t͡sʰai˩˩ ɵ˩˩ lin˧˥ it̚˥ liuʔ˥ n̠ʲiɛn˧˥ tʰuŋ˦˨ t͡sʰa˦˨ , san˦˨ hau˩˩ t͡ɕi˧˥ ɵ˩˩ lin˧˥ ɵ˩˩ lin˧˥ n̠ʲiɛn˧˥ kʰai˦˨ tʰuŋ˦˨ , t͡sz̩˦˨ ˈhɛu˩˩ tʰiɛu˨˦ t͡ɕʰiu˩˩ kʰɵn˨˩˧ t͡ɕʰin˨˦ kʰuɔŋ˨˩˧ t͡sai˧˥ t͡ɕiɛt̚˥ tʰiaŋ˩˩ kʰai˦˨ kuŋ˦˨ . t͡sɨn˧˥ fu˨˩˧ t͡sʰz̩˩˩ t͡ɕi˨˩˧ t͡ɕi˧˥ ŋ̍˨˩˧ tʰiɛu˨˦ lu˩˩ t͡sʰai˩˩ ɵ˩˩ lin˧˥ it̚˥ sz̩˧˥ n̠ʲiɛn˧˥ t͡ɕʰiɛn˨˦ tɛt̚˥ , t͡sʰai˩˩ ɵ˩˩ lin˧˥ it̚˥ ŋ̍˨˩˧ n̠ʲiɛn˧˥ t͡ɕʰiɛn˨˦ tu˦˨ kʰai˦˨ kuŋ˦˨ . t͡sz̩˦˨ ˈhɛu˩˩ liuʔ˥ tau˧˥ sɨt̚˨ hau˩˩ t͡sai˧˥ kʰɵn˨˩˧ t͡ɕʰin˨˦ kʰuɔŋ˨˩˧ t͡sɔʔ˥ pu˨˩˧ , tʰuŋ˨˦ tau˧˥ fan˧˥ tʰi˩˩ tʰiɛt̚˥ .
南昌政府在2013年4月份表態話，第二輪建設會在2014年到2020年。 之後決定了建設嗰方案。箇個方案選了折中嗰方案 ，依著《南昌市城市快速轨道交通建设规划（2014-2020）》嗰計劃，在2014年延申二號綫，2016年延申一號綫，搞的最快可以在2014年9月開始3號綫嗰建設，之後2015年9月開始4號綫建設。 在2013年5月15日，國務院把軌道交通嗰審核權限交到省級，給之後嗰變化打正了基礎。	lan˧˥ t͡sʰɔŋ˦˨ t͡sɨn˧˥ fu˨˩˧ t͡sʰai˩˩ ɵ˩˩ lin˧˥ it̚˥ san˦˨ n̠ʲiɛn˧˥ sz̩˧˥ n̠ʲyɵt̚˨ piɛu˨˩˧ ua˩˩ , tʰi˩˩ ɵ˩˩ lɨn˧˥ t͡ɕiɛn˧˥ sɛt̚˥ fɨi˩˩ t͡sʰai˩˩ ɵ˩˩ lin˧˥ it̚˥ sz̩˧˥ n̠ʲiɛn˧˥ tau˧˥ ɵ˩˩ lin˧˥ ɵ˩˩ lin˧˥ n̠ʲiɛn˧˥ . t͡sz̩˦˨ ˈhɛu˩˩ t͡ɕiɛt̚˥ tʰiaŋ˩˩ liɛu t͡ɕiɛn˧˥ sɛt̚˥ fɔŋ˦˨ ŋan˧˥ . ko˧˥ fɔŋ˦˨ ŋan˧˥ ɕyɵn˨˩˧ liɛu t͡suŋ˦˨ fɔŋ˦˨ ŋan˧˥ , i˦˨ t͡sɔʔ˥ lan˧˥ t͡sʰɔŋ˦˨ sz̩˩˩ saŋ˧˥ sz̩˩˩ kʰuai˨˩˧ suʔ˥ tʰau˩˩ kau˦˨ tʰuŋ˦˨ t͡ɕiɛn˧˥ sɛt̚˥ kui˦˨ ɵ˩˩ t͡ɕʰiɛn˦˨ lin˧˥ it̚˥ sɨt̚˨ sz̩˧˥ tau˧˥ ɵ˩˩ t͡ɕʰiɛn˦˨ lin˧˥ ɵ˩˩ sɨt̚˨ t͡ɕi˧˥ , t͡sʰai˩˩ ɵ˩˩ lin˧˥ it̚˥ sz̩˧˥ n̠ʲiɛn˧˥ sɨn˦˨ ɵ˩˩ hau˩˩ , ɵ˩˩ lin˧˥ it̚˥ liuʔ˥ n̠ʲiɛn˧˥ sɨn˦˨ it̚˥ hau˩˩ , kau˨˩˧ tit̚˥ t͡sui˧˥ kʰuai˨˩˧ i˨˩˧ t͡sʰai˩˩ ɵ˩˩ lin˧˥ it̚˥ sz̩˧˥ n̠ʲiɛn˧˥ t͡ɕiu˨˩˧ n̠ʲyɵt̚˨ kʰai˦˨ sz̩˨˩˧ san˦˨ hau˩˩ t͡ɕiɛn˧˥ sɛt̚˥ , t͡sz̩˦˨ ˈhɛu˩˩ ɵ˩˩ lin˧˥ it̚˥ ŋ̍˨˩˧ n̠ʲiɛn˧˥ t͡ɕiu˨˩˧ n̠ʲyɵt̚˨ kʰai˦˨ sz̩˨˩˧ sz̩˧˥ hau˩˩ t͡ɕiɛn˧˥ sɛt̚˥ . t͡sʰai˩˩ ɵ˩˩ lin˧˥ it̚˥ san˦˨ n̠ʲiɛn˧˥ ŋ̍˨˩˧ n̠ʲyɵt̚˨ sɨt̚˨ ŋ̍˨˩˧ n̠ʲit̚˥ , kuɛt̚˥ yɵn˩˩ pa˨˩˧ tʰau˩˩ kau˦˨ tʰuŋ˦˨ sɨn˨˩˧ t͡ɕʰyɵn˨˦ kau˦˨ tau˧˥ , t͡ɕi˨˩˧ t͡sz̩˦˨ ˈhɛu˩˩ fa˧˥ ta˨˩˧ liɛu t͡ɕi˦˨ .
佛教主要嗰信徒在中國大陸（30%）、臺灣(28%)、日本（71%）、韓國（23%）、蒙古（93%）等東亞地方還有泰國（94%）、柬埔寨（93%）、緬甸（90%）、越南（50%）、斯裏蘭卡（70%）等東南亞國家，另外在歐洲、美洲、大洋洲跟非洲也有奀子信徒。佛教徒大概有7億多，佔全世界人口嗰11%。	fɨt̚˨ kau˧˥ t͡ɕy˨˩˧ iɛu˦˨ ɕin˧˥ t͡sʰai˩˩ t͡suŋ˦˨ kuɛt̚˥ tʰai˩˩ luʔ˥ paʔ˥ fɨn˦˨ t͡sz̩˦˨ san˦˨ sɨt̚˨ , tʰai˨˦ uan˦˨ paʔ˥ fɨn˦˨ t͡sz̩˦˨ ɵ˩˩ sɨt̚˨ pat̚˥ , n̠ʲit̚˥ pɨn˨˩˧ paʔ˥ fɨn˦˨ t͡sz̩˦˨ t͡ɕʰit̚˥ sɨt̚˨ it̚˥ , hɵn˨˦ kuɛt̚˥ paʔ˥ fɨn˦˨ t͡sz̩˦˨ ɵ˩˩ sɨt̚˨ san˦˨ , muŋ˦˨ ku˨˩˧ paʔ˥ fɨn˦˨ t͡sz̩˦˨ t͡ɕiu˨˩˧ sɨt̚˨ san˦˨ tɛn˨˩˧ tuŋ˦˨ ŋa˨˩˧ tʰi˩˩ fɔŋ˩ uan˧˥ iu˨˩˧ kuɛt̚˥ paʔ˥ fɨn˦˨ t͡sz̩˦˨ t͡ɕiu˨˩˧ sɨt̚˨ sz̩˧˥ , paʔ˥ fɨn˦˨ t͡sz̩˦˨ t͡ɕiu˨˩˧ sɨt̚˨ san˦˨ , paʔ˥ fɨn˦˨ t͡sz̩˦˨ t͡ɕiu˨˩˧ sɨt̚˨ , yɵt̚˥ lan˧˥ paʔ˥ fɨn˦˨ t͡sz̩˦˨ ŋ̍˨˩˧ sɨt̚˨ , sz̩˦˨ lan˧˥ kʰa˨˩˧ paʔ˥ fɨn˦˨ t͡sz̩˦˨ t͡ɕʰit̚˥ sɨt̚˨ tɛn˨˩˧ tuŋ˦˨ lan˧˥ ŋa˨˩˧ kuɛt̚˥ ka˦˨ , lin˩˩ uai˩˩ t͡sʰai˩˩ t͡sɨu˦˨ , mi˨˩˧ t͡sɨu˦˨ , tʰai˩˩ iɔŋ˧˥ t͡sɨu˦˨ kiɛn˦˨ t͡sɨu˦˨ ia˨˩˧ iu˨˩˧ t͡sz̩˨˩˧ ɕin˧˥ . fɨt̚˨ kau˧˥ tʰai˩˩ kʰai˨˩˧ iu˨˩˧ t͡ɕʰit̚˥ i˧˥ to˦˨ , t͡ɕʰyɵn˨˦ sz̩˧˥ kai˧˥ n̠ʲin˧˥ kʰiɛu˨˩˧ paʔ˥ fɨn˦˨ t͡sz̩˦˨ sɨt̚˨ it̚˥ .
倫敦係歐洲繼莫斯科同巴黎之後嗰第三大都市。據2001年嗰人口普查，倫敦市區同佢嗰自治市（鎮）（約610平方英里）有7,172,036人。其中有71%係白人，10%是印度、孟加拉或巴基斯坦後裔，5%係非洲黑人後裔，5%為加勒比海黑人後裔，3%混血人種，哈有差伓多1%係華人。58.2%嗰人信基督教，15.8%嗰人係冇宗教信仰。	t͡sɨu˦˨ mɵt̚˨ sz̩˦˨ kʰuo˦˨ tʰuŋ˨˦ pa˦˨ t͡sz̩˦˨ ˈhɛu˩˩ tʰi˩˩ san˦˨ tʰai˩˩ tu˦˨ sz̩˩˩ . ɵ˩˩ lin˧˥ lin˧˥ it̚˥ n̠ʲiɛn˧˥ n̠ʲin˧˥ kʰiɛu˨˩˧ , sz̩˩˩ t͡ɕʰy˦˨ tʰuŋ˨˦ t͡ɕʰie˨˦ t͡sʰz̩˩˩ t͡sʰz̩˩˩ sz̩˩˩ t͡ɕin˧˥ iɔʔ˥ liuʔ˥ paʔ˥ it̚˥ sɨt̚˨ pʰiaŋ˨˦ fɔŋ˦˨ in˦˨ li˨˩˧ iu˨˩˧ t͡ɕʰit̚˥ paʔ˥ it̚˥ sɨt̚˨ t͡ɕʰit̚˥ uan˩˩ ɵ˩˩ t͡ɕʰiɛn˦˨ lin˧˥ san˦˨ sɨt̚˨ liuʔ˥ n̠ʲin˧˥ . t͡ɕʰi˨˦ t͡suŋ˦˨ iu˨˩˧ paʔ˥ fɨn˦˨ t͡sz̩˦˨ t͡ɕʰit̚˥ sɨt̚˨ it̚˥ pʰaʔ˨ n̠ʲin˧˥ , paʔ˥ fɨn˦˨ t͡sz̩˦˨ sɨt̚˨ sz̩˩˩ in˧˥ , mɛn˩˩ la˦˨ fɛt̚˥ pa˦˨ t͡ɕi˦˨ sz̩˦˨ hɛu˩˩ , paʔ˥ fɨn˦˨ t͡sz̩˦˨ ŋ̍˨˩˧ t͡sɨu˦˨ hɛt̚˥ n̠ʲin˧˥ hɛu˩˩ , paʔ˥ fɨn˦˨ t͡sz̩˦˨ ŋ̍˨˩˧ pi˨˩˧ hai˨˩˧ hɛt̚˥ n̠ʲin˧˥ hɛu˩˩ , paʔ˥ fɨn˦˨ t͡sz̩˦˨ san˦˨ ɕyɵt̚˥ n̠ʲin˧˥ , iu˨˩˧ to˦˨ paʔ˥ fɨn˦˨ t͡sz̩˦˨ it̚˥ fa˧˥ n̠ʲin˧˥ . paʔ˥ fɨn˦˨ t͡sz̩˦˨ ŋ̍˨˩˧ sɨt̚˨ pat̚˥ tiɛn˨˩˧ ɵ˩˩ n̠ʲin˧˥ ɕin˧˥ t͡ɕi˦˨ kau˧˥ , paʔ˥ fɨn˦˨ t͡sz̩˦˨ sɨt̚˨ ŋ̍˨˩˧ tiɛn˨˩˧ pat̚˥ n̠ʲin˧˥ t͡suŋ˦˨ kau˧˥ ɕin˧˥ .
太陽系 係位到銀河系嗰一隻星系，太陽系嗰中心就係日頭嘍，佢自身嗰質量就佔到太陽系嗰 99.8%。繞到佢轉嗰有八大行星同到佢個俚嗰衛星、小行星哈有滴子細小嗰星際物質。	tʰai˨˩ iɔŋ˩ ɕi˩˩ ui˩˩ tau˧˥ n̠ʲin˧˥ ho˨˦ ɕi˩˩ it̚˥ t͡saʔ˥ ɕiaŋ˦˨ ɕi˩˩ , tʰai˨˩ iɔŋ˩ ɕi˩˩ t͡suŋ˦˨ ɕin˦˨ t͡ɕʰiu˩˩ n̠ʲit̚˥ tʰɛu˨ , t͡ɕʰie˨˦ t͡sʰz̩˩˩ sɨn˦˨ t͡sɨt̚˥ liɔŋ˩˩ t͡ɕʰiu˩˩ tau˧˥ tʰai˨˩ iɔŋ˩ ɕi˩˩ paʔ˥ fɨn˦˨ t͡sz̩˦˨ t͡ɕiu˨˩˧ sɨt̚˨ t͡ɕiu˨˩˧ tiɛn˨˩˧ pat̚˥ . tau˧˥ t͡ɕʰie˨˦ t͡sɵn˨˩˧ iu˨˩˧ pat̚˥ tʰai˩˩ hɛn˨˦ ɕiaŋ˦˨ tʰuŋ˨˦ tau˧˥ t͡ɕʰie˨˦ ko˧˥ ui˩˩ ɕiaŋ˦˨ , ɕiɛu˨˩˧ hɛn˨˦ ɕiaŋ˦˨ iu˨˩˧ t͡sz̩˨˩˧ ɕiɛu˨˩˧ ɕiaŋ˦˨ ut̚˥ t͡sɨt̚˥ .
人口自然增長率 9.8‰。人口密度平均每平方公里 251 人。全省人口密度最大嗰係南昌市，平均每平方公里 566 人；人口密度最小嗰係吉安市，平均每平方公里 183 人。	n̠ʲin˧˥ kʰiɛu˨˩˧ t͡sʰz̩˩˩ lɛn˧˥ t͡sɛn˦˨ t͡sʰɔŋ˨˦ t͡ɕʰiɛn˦˨ fɨn˦˨ t͡sz̩˦˨ t͡ɕiu˨˩˧ tiɛn˨˩˧ pat̚˥ . n̠ʲin˧˥ kʰiɛu˨˩˧ mit̚˥ pʰiaŋ˨˦ t͡ɕyn˦˨ pʰiaŋ˨˦ fɔŋ˦˨ kuŋ˦˨ li˨˩˧ ɵ˩˩ paʔ˥ ŋ̍˨˩˧ sɨt̚˨ it̚˥ n̠ʲin˧˥ . t͡ɕʰyɵn˨˦ n̠ʲin˧˥ kʰiɛu˨˩˧ mit̚˥ t͡sui˧˥ tʰai˩˩ lan˧˥ t͡sʰɔŋ˦˨ sz̩˩˩ , pʰiaŋ˨˦ t͡ɕyn˦˨ pʰiaŋ˨˦ fɔŋ˦˨ kuŋ˦˨ li˨˩˧ ŋ̍˨˩˧ paʔ˥ liuʔ˥ sɨt̚˨ liuʔ˥ n̠ʲin˧˥ , n̠ʲin˧˥ kʰiɛu˨˩˧ mit̚˥ t͡sui˧˥ ɕiɛu˨˩˧ t͡ɕit̚˥ ŋɵn˦˨ sz̩˩˩ , pʰiaŋ˨˦ t͡ɕyn˦˨ pʰiaŋ˨˦ fɔŋ˦˨ kuŋ˦˨ li˨˩˧ it̚˥ paʔ˥ pat̚˥ sɨt̚˨ san˦˨ n̠ʲin˧˥ .
美國嗰面積係983萬平方公里，有3億喇人，𠵹佢就係世界第3或4嗰地理大國，同得第3嗰人口大國。美國係世界上最種族、文化多元化嗰國家之一，佢有大量嗰移民來自世界上嗰好多國家。美國係世界最大嗰經濟體，2008年佢嗰國內產值係世界總和嗰23%，揸得人均購買力算嗰話就係21%。	mi˨˩˧ kuɛt̚˥ miɛn˩˩ t͡ɕiu˨˩˧ paʔ˥ pat̚˥ sɨt̚˨ san˦˨ uan˩˩ pʰiaŋ˨˦ fɔŋ˦˨ kuŋ˦˨ li˨˩˧ , iu˨˩˧ san˦˨ i˧˥ n̠ʲin˧˥ , t͡ɕʰie˨˦ t͡ɕʰiu˩˩ sz̩˧˥ kai˧˥ tʰi˩˩ san˦˨ fɛt̚˥ sz̩˧˥ tʰi˩˩ li˨˩˧ tʰai˩˩ kuɛt̚˥ , tʰuŋ˨˦ tɛt̚˥ tʰi˩˩ san˦˨ n̠ʲin˧˥ kʰiɛu˨˩˧ tʰai˩˩ kuɛt̚˥ . mi˨˩˧ kuɛt̚˥ sz̩˧˥ kai˧˥ sɔŋ˩˩ t͡sui˧˥ t͡sʰuʔ˥ , un˧˥ fa˧˥ to˦˨ n̠ʲyɵn˧˥ fa˧˥ kuɛt̚˥ ka˦˨ t͡sz̩˦˨ it̚˥ , t͡ɕʰie˨˦ iu˨˩˧ tʰai˩˩ liɔŋ˩˩ i˧˥ min˧˥ lai˧˥ t͡sʰz̩˩˩ sz̩˧˥ kai˧˥ sɔŋ˩˩ hau˨˩˧ to˦˨ kuɛt̚˥ ka˦˨ . mi˨˩˧ kuɛt̚˥ sz̩˧˥ kai˧˥ t͡sui˧˥ tʰai˩˩ t͡ɕiaŋ˦˨ tʰi˨˩˧ , ɵ˩˩ lin˧˥ lin˧˥ pat̚˥ n̠ʲiɛn˧˥ t͡ɕʰie˨˦ kuɛt̚˥ lui˩˩ t͡sʰan˨˩˧ t͡sʰɨt̚˨ sz̩˧˥ kai˧˥ fo˧˥ paʔ˥ fɨn˦˨ t͡sz̩˦˨ ɵ˩˩ sɨt̚˨ san˦˨ , tɛt̚˥ n̠ʲin˧˥ t͡ɕyn˦˨ mai˨˩˧ lit̚˥ sɵn˧˥ ua˩˩ t͡ɕʰiu˩˩ paʔ˥ fɨn˦˨ t͡sz̩˦˨ ɵ˩˩ sɨt̚˨ it̚˥ .
地球超過百分之七十表面拕水覆蓋，箇中地方叫海洋。水分為淡水同到鹹水，鹹水即係偶俚話嗰海水，佔全球嗰97.5%，而淡水有2.5%。冰佔到淡水2.5%嗰1.7%，故係偶係用到嗰淡水係少之又少。淡水係其中一種全世界都爭嗰自然資源之一，多水就叫澇，少水就叫旱。	tʰi˩˩ t͡ɕʰiu˨˦ kuo˧˥ paʔ˥ fɨn˦˨ t͡sz̩˦˨ t͡ɕʰit̚˥ sɨt̚˨ piɛu˨˩˧ miɛn˩˩ sui˨˩˧ , t͡suŋ˦˨ tʰi˩˩ fɔŋ˩ t͡ɕiɛu˧˥ hai˨˩˧ iɔŋ˧˥ . sui˨˩˧ fɨn˦˨ tʰan˩˩ sui˨˩˧ tʰuŋ˨˦ tau˧˥ han˨˦ sui˨˩˧ , han˨˦ sui˨˩˧ ua˩˩ hai˨˩˧ sui˨˩˧ , t͡ɕʰyɵn˨˦ t͡ɕʰiu˨˦ paʔ˥ fɨn˦˨ t͡sz̩˦˨ t͡ɕiu˨˩˧ sɨt̚˨ t͡ɕʰit̚˥ tiɛn˨˩˧ ŋ̍˨˩˧ , ɵ˧˥ tʰan˩˩ sui˨˩˧ iu˨˩˧ paʔ˥ fɨn˦˨ t͡sz̩˦˨ ɵ˩˩ tiɛn˨˩˧ ŋ̍˨˩˧ . pin˦˨ tau˧˥ tʰan˩˩ sui˨˩˧ paʔ˥ fɨn˦˨ t͡sz̩˦˨ ɵ˩˩ tiɛn˨˩˧ ŋ̍˨˩˧ paʔ˥ fɨn˦˨ t͡sz̩˦˨ it̚˥ tiɛn˨˩˧ t͡ɕʰit̚˥ , iuŋ˩˩ tau˧˥ tʰan˩˩ sui˨˩˧ sɛu˨˩˧ t͡sz̩˦˨ iu˩˩ sɛu˨˩˧ . tʰan˩˩ sui˨˩˧ t͡ɕʰi˨˦ t͡suŋ˦˨ it̚˥ t͡ɕʰyɵn˨˦ sz̩˧˥ kai˧˥ tu˦˨ t͡saŋ˦˨ t͡sʰz̩˩˩ lɛn˧˥ t͡sz̩˦˨ it̚˥ , to˦˨ sui˨˩˧ t͡ɕʰiu˩˩ t͡ɕiɛu˧˥ , sɛu˨˩˧ sui˨˩˧ t͡ɕʰiu˩˩ t͡ɕiɛu˧˥ hɵn˩˩ .
到倫敦都市圈（6,267平方英里）嗰人生活大約有13,945,000，比起蘇格蘭、威爾士同到北愛爾蘭嗰人口總和哈要多。倫敦都市圈係歐洲最大嗰都市圈，哈係世界上最大嗰二十隻都市圈之一。	tau˧˥ tu˦˨ sz̩˩˩ liuʔ˥ t͡ɕʰiɛn˦˨ ɵ˩˩ paʔ˥ liuʔ˥ sɨt̚˨ t͡ɕʰit̚˥ pʰiaŋ˨˦ fɔŋ˦˨ in˦˨ li˨˩˧ n̠ʲin˧˥ saŋ˦˨ uɵt̚˨ tʰai˩˩ iɔʔ˥ iu˨˩˧ it̚˥ t͡ɕʰiɛn˦˨ san˦˨ paʔ˥ t͡ɕiu˨˩˧ sɨt̚˨ sz̩˧˥ uan˩˩ ŋ̍˨˩˧ t͡ɕʰiɛn˦˨ , pi˨˩˧ t͡ɕʰi˨˩˧ su˦˨ lan˧˥ , ui˦˨ sz̩˩˩ tʰuŋ˨˦ tau˧˥ pɛt̚˥ ŋai˧˥ lan˧˥ n̠ʲin˧˥ kʰiɛu˨˩˧ fo˧˥ iɛu˦˨ to˦˨ . tu˦˨ sz̩˩˩ t͡sɨu˦˨ t͡sui˧˥ tʰai˩˩ tu˦˨ sz̩˩˩ , sz̩˧˥ kai˧˥ sɔŋ˩˩ t͡sui˧˥ tʰai˩˩ ɵ˩˩ sɨt̚˨ t͡saʔ˥ tu˦˨ sz̩˩˩ t͡sz̩˦˨ it̚˥ .
印度共和國（，羅馬轉寫，）位於亞洲南部的印度次大陸，與孟加拉、緬甸、中華人民共和國、不丹、尼泊爾和巴基斯坦等國家接壤，與斯里蘭卡和馬爾代夫等國隔海相望。印度和中華人民共和國、巴基斯坦有領土爭端，印度宣稱藏南地區是印度領土，並實際控制該地區，即阿魯納恰爾邦；按印度官方的觀點，阿富汗也是它的一個鄰國，因為現在被巴基斯坦控制的、與阿富汗相連的喀什米爾北部地區也被印度政府認為是印度的領土；另外，印度宣稱中國控制的阿克塞欽地區為其領土。印度是南亞地區最大的國家，面積為3,287,590平方公里 ，實際控制面積為3,166,414平方公里，居世界第七位。	in˧˥ kʰuŋ˩˩ fo˧˥ kuɛt̚˥ , lo˧˥ ma˨˩˧ t͡sɵn˨˩˧ ɕia˨˩˧ , ui˩˩ ˈŋa˩˧ t͡sɨu˦˨ lan˧˥ pʰu˩˩ tit̚˥ in˧˥ t͡sʰz̩˨˩˧ tʰai˩˩ luʔ˥ , mɛn˩˩ la˦˨ , t͡suŋ˦˨ fa˧˥ lɨn˧˥ min˧˥ kʰuŋ˩˩ fo˧˥ kuɛt̚˥ , pɨt̚˥ , n̠ʲi˧˥ fo˧˥ pa˦˨ t͡ɕi˦˨ sz̩˦˨ tɛn˨˩˧ kuɛt̚˥ ka˦˨ t͡ɕiɛt̚˥ , sz̩˦˨ li˨˩˧ lan˧˥ kʰa˨˩˧ fo˧˥ ma˨˩˧ tʰai˩˩ tɛn˨˩˧ kuɛt̚˥ hai˨˩˧ ɕiɔŋ˧˥ mɔŋ˩˩ . in˧˥ fo˧˥ t͡suŋ˦˨ fa˧˥ lɨn˧˥ min˧˥ kʰuŋ˩˩ fo˧˥ kuɛt̚˥ , pa˦˨ t͡ɕi˦˨ sz̩˦˨ iu˨˩˧ liaŋ˨˩˧ tʰu˨˩˧ t͡saŋ˦˨ tɵn˦˨ , in˧˥ ɕyɵn˦˨ lan˧˥ tʰi˩˩ t͡ɕʰy˦˨ sz̩˩˩ in˧˥ liaŋ˨˩˧ tʰu˨˩˧ , sɨt̚˥ t͡sz̩˧˥ tʰi˩˩ t͡ɕʰy˦˨ , laʔ˥ kʰat̚˥ pɔŋ˦˨ , in˧˥ kuɵn˦˨ fɔŋ˦˨ tit̚˥ tiɛn˨˩˧ , fu˧˥ hɵn˩˩ ia˨˩˧ sz̩˩˩ tit̚˥ it̚˥ ko˧˥ kuɛt̚˥ , in˦˨ ɕiɛn˩˩ ˈt͡sʰai˩˩ pʰi˩˩ pa˦˨ t͡ɕi˦˨ sz̩˦˨ t͡sz̩˧˥ tit̚˥ , fu˧˥ hɵn˩˩ ɕiɔŋ˧˥ tit̚˥ mi˨˩˧ pɛt̚˥ pʰu˩˩ tʰi˩˩ t͡ɕʰy˦˨ ia˨˩˧ pʰi˩˩ in˧˥ t͡sɨn˧˥ fu˨˩˧ n̠ʲin˩˩ sz̩˩˩ in˧˥ tit̚˥ liaŋ˨˩˧ tʰu˨˩˧ , lin˩˩ uai˩˩ , in˧˥ ɕyɵn˦˨ t͡suŋ˦˨ kuɛt̚˥ t͡sz̩˧˥ tit̚˥ t͡ɕʰin˦˨ tʰi˩˩ t͡ɕʰy˦˨ t͡ɕʰi˨˦ liaŋ˨˩˧ tʰu˨˩˧ . in˧˥ sz̩˩˩ lan˧˥ ŋa˨˩˧ tʰi˩˩ t͡ɕʰy˦˨ t͡sui˧˥ tʰai˩˩ tit̚˥ kuɛt̚˥ ka˦˨ , miɛn˩˩ san˦˨ paʔ˥ ɵ˩˩ sɨt̚˨ pat̚˥ uan˩˩ t͡ɕʰit̚˥ t͡ɕʰiɛn˦˨ ŋ̍˨˩˧ paʔ˥ t͡ɕiu˨˩˧ sɨt̚˨ pʰiaŋ˨˦ fɔŋ˦˨ kuŋ˦˨ li˨˩˧ , sɨt̚˥ t͡sz̩˧˥ miɛn˩˩ san˦˨ paʔ˥ it̚˥ sɨt̚˨ liuʔ˥ uan˩˩ liuʔ˥ t͡ɕʰiɛn˦˨ sz̩˧˥ paʔ˥ it̚˥ sɨt̚˨ sz̩˧˥ pʰiaŋ˨˦ fɔŋ˦˨ kuŋ˦˨ li˨˩˧ , sz̩˧˥ kai˧˥ tʰi˩˩ t͡ɕʰit̚˥ ui˩˩ .
2009年，江西人口嗰出生率係1.387%，死亡率係0.598%，人口增長率係0.789%。全贛常住人口總量為4432.16萬人，全年凈增人口32.05萬人，年齡人口達到3073.70萬人。	ɵ˩˩ lin˧˥ lin˧˥ t͡ɕiu˨˩˧ n̠ʲiɛn˧˥ , kɔŋ˦˨ ɕi˦˨ n̠ʲin˧˥ kʰiɛu˨˩˧ t͡sʰɨt̚˥ saŋ˦˨ paʔ˥ fɨn˦˨ t͡sz̩˦˨ it̚˥ tiɛn˨˩˧ san˦˨ pat̚˥ t͡ɕʰit̚˥ , sz̩˨˩˧ paʔ˥ fɨn˦˨ t͡sz̩˦˨ lin˧˥ tiɛn˨˩˧ ŋ̍˨˩˧ t͡ɕiu˨˩˧ pat̚˥ , n̠ʲin˧˥ kʰiɛu˨˩˧ t͡sɛn˦˨ t͡sʰɔŋ˨˦ paʔ˥ fɨn˦˨ t͡sz̩˦˨ lin˧˥ tiɛn˨˩˧ t͡ɕʰit̚˥ pat̚˥ t͡ɕiu˨˩˧ . t͡ɕʰyɵn˨˦ kɵn˧˥ sɔŋ˧˥ t͡ɕʰy˩˩ n̠ʲin˧˥ kʰiɛu˨˩˧ liɔŋ˩˩ sz̩˧˥ t͡ɕʰiɛn˦˨ sz̩˧˥ paʔ˥ san˦˨ sɨt̚˨ ɵ˩˩ tiɛn˨˩˧ it̚˥ liuʔ˥ uan˩˩ n̠ʲin˧˥ , t͡ɕʰyɵn˨˦ n̠ʲiɛn˧˥ t͡sɛn˦˨ n̠ʲin˧˥ kʰiɛu˨˩˧ san˦˨ sɨt̚˨ ɵ˩˩ tiɛn˨˩˧ lin˧˥ ŋ̍˨˩˧ uan˩˩ n̠ʲin˧˥ , n̠ʲiɛn˧˥ n̠ʲin˧˥ kʰiɛu˨˩˧ tʰaʔ˨ tau˧˥ san˦˨ t͡ɕʰiɛn˦˨ lin˧˥ t͡ɕʰit̚˥ sɨt̚˨ san˦˨ tiɛn˨˩˧ t͡ɕʰit̚˥ lin˧˥ uan˩˩ n̠ʲin˧˥ .
雖然鉍頭回拕認為係最重嗰元素跟穩定嗰同位素，但鉍-209一徑拕懷疑係不穩定嘅。臨䐁嘚2003年，嘚法國研究嗰人員認定鉍係放射性元素，渠嗰半衰期有1.9×10¹⁹年左右，係宇宙年齡嗰10億倍。自此以後，鉛就係質量最大嗰穩定元素。	sui˦˨ lɛn˧˥ ˈtʰɛu˨˦ fɨi˧˥ n̠ʲin˩˩ t͡sui˧˥ n̠ʲyɵn˧˥ su˧˥ kiɛn˦˨ tʰiaŋ˩˩ tʰuŋ˨˦ ui˩˩ su˧˥ , ɵ˩˩ paʔ˥ lin˧˥ t͡ɕiu˨˩˧ it̚˥ uai˧˥ n̠ʲi˧˥ pɨt̚˥ tʰiaŋ˩˩ . ɵ˩˩ lin˧˥ lin˧˥ san˦˨ n̠ʲiɛn˧˥ , fat̚˥ kuɛt̚˥ n̠ʲiɛn˨˩˧ t͡ɕiu˧˥ n̠ʲin˧˥ yɵn˧˥ n̠ʲin˩˩ tʰiaŋ˩˩ fɔŋ˧˥ sa˩˩ n̠ʲyɵn˧˥ su˧˥ , t͡ɕʰie˨˩˧ pɵn˧˥ iu˨˩˧ it̚˥ tiɛn˨˩˧ t͡ɕiu˨˩˧ sɨt̚˨ sɨt̚˨ t͡ɕiu˨˩˧ n̠ʲiɛn˧˥ t͡so˨˩˧ iu˩˩ , y˨˩˧ n̠ʲiɛn˧˥ sɨt̚˨ i˧˥ pʰi˩˩ . t͡sʰz̩˩˩ i˨˩˧ hɛu˩˩ , n̠ʲyɵn˧˥ t͡ɕʰiu˩˩ t͡sɨt̚˥ liɔŋ˩˩ t͡sui˧˥ tʰai˩˩ tʰiaŋ˩˩ n̠ʲyɵn˧˥ su˧˥ .
三隻字：長谷川、佐々木、五十嵐、久保田、佐久間、小笠原、大久保、小野寺、波多野…	san˦˨ t͡saʔ˥ t͡sʰz̩˨˦ , t͡sʰɔŋ˨˦ t͡sʰɵn˦˨ , muʔ˥ , ŋ̍˨˩˧ sɨt̚˨ , t͡ɕiu˨˩˧ tʰiɛn˨˦ , t͡ɕiu˨˩˧ kan˦˨ , ɕiɛu˨˩˧ lit̚˥ n̠ʲyɵn˧˥ , tʰai˩˩ t͡ɕiu˨˩˧ , ɕiɛu˨˩˧ ia˨˩˧ sz̩˩˩ , po˦˨ to˦˨ ia˨˩˧
按性別分，江西攏共有22194643隻男嗰，21196644隻女嗰，人口比率係51.15:48.85 。	pʰiɛt̚˥ fɨn˦˨ , kɔŋ˦˨ ɕi˦˨ t͡ɕʰiuŋ˩˩ iu˨˩˧ ɵ˩˩ t͡ɕʰiɛn˦˨ ɵ˩˩ paʔ˥ it̚˥ sɨt̚˨ t͡ɕiu˨˩˧ uan˩˩ sz̩˧˥ t͡ɕʰiɛn˦˨ liuʔ˥ paʔ˥ sz̩˧˥ sɨt̚˨ san˦˨ t͡saʔ˥ lan˧˥ , ɵ˩˩ t͡ɕʰiɛn˦˨ it̚˥ paʔ˥ it̚˥ sɨt̚˨ t͡ɕiu˨˩˧ uan˩˩ liuʔ˥ t͡ɕʰiɛn˦˨ liuʔ˥ paʔ˥ sz̩˧˥ sɨt̚˨ sz̩˧˥ t͡saʔ˥ n̠ʲy˨˩˧ , n̠ʲin˧˥ kʰiɛu˨˩˧ pi˨˩˧ ŋ̍˨˩˧ sɨt̚˨ it̚˥ tiɛn˨˩˧ it̚˥ ŋ̍˨˩˧ sz̩˧˥ sɨt̚˨ pat̚˥ tiɛn˨˩˧ pat̚˥ ŋ̍˨˩˧ .
按戶口分，江西龍共有11607169隻非農業戶口，31784118隻農業戶口，人口比率係26.75:73.25。	ˈfu˩˩ kʰiɛu˨˩˧ fɨn˦˨ , kɔŋ˦˨ ɕi˦˨ luŋ˧˥ t͡ɕʰiuŋ˩˩ iu˨˩˧ it̚˥ t͡ɕʰiɛn˦˨ it̚˥ paʔ˥ liuʔ˥ sɨt̚˨ uan˩˩ t͡ɕʰit̚˥ t͡ɕʰiɛn˦˨ it̚˥ paʔ˥ liuʔ˥ sɨt̚˨ t͡ɕiu˨˩˧ t͡saʔ˥ luŋ˧˥ n̠ʲiɛt̚˥ ˈfu˩˩ kʰiɛu˨˩˧ , san˦˨ t͡ɕʰiɛn˦˨ it̚˥ paʔ˥ t͡ɕʰit̚˥ sɨt̚˨ pat̚˥ uan˩˩ sz̩˧˥ t͡ɕʰiɛn˦˨ it̚˥ paʔ˥ it̚˥ sɨt̚˨ pat̚˥ t͡saʔ˥ luŋ˧˥ n̠ʲiɛt̚˥ ˈfu˩˩ kʰiɛu˨˩˧ , n̠ʲin˧˥ kʰiɛu˨˩˧ pi˨˩˧ ɵ˩˩ sɨt̚˨ liuʔ˥ tiɛn˨˩˧ t͡ɕʰit̚˥ ŋ̍˨˩˧ t͡ɕʰit̚˥ sɨt̚˨ san˦˨ tiɛn˨˩˧ ɵ˩˩ ŋ̍˨˩˧ .
按城鄉分，江西供有16783750隻城鎮居民，26607537名隻鄉村居民，人口比率係38.68:61.32。	saŋ˧˥ ɕiɔŋ˦˨ fɨn˦˨ , kɔŋ˦˨ ɕi˦˨ iu˨˩˧ it̚˥ t͡ɕʰiɛn˦˨ liuʔ˥ paʔ˥ t͡ɕʰit̚˥ sɨt̚˨ pat̚˥ uan˩˩ san˦˨ t͡ɕʰiɛn˦˨ t͡ɕʰit̚˥ paʔ˥ ŋ̍˨˩˧ sɨt̚˨ t͡saʔ˥ saŋ˧˥ t͡ɕin˧˥ min˧˥ , ɵ˩˩ t͡ɕʰiɛn˦˨ liuʔ˥ paʔ˥ liuʔ˥ sɨt̚˨ uan˩˩ t͡ɕʰit̚˥ t͡ɕʰiɛn˦˨ ŋ̍˨˩˧ paʔ˥ san˦˨ sɨt̚˨ t͡ɕʰit̚˥ miaŋ˧˥ t͡saʔ˥ ɕiɔŋ˦˨ min˧˥ , n̠ʲin˧˥ kʰiɛu˨˩˧ pi˨˩˧ san˦˨ sɨt̚˨ pat̚˥ tiɛn˨˩˧ liuʔ˥ pat̚˥ liuʔ˥ sɨt̚˨ it̚˥ tiɛn˨˩˧ san˦˨ ɵ˩˩ .
北亞美利加洲（字源：阿美利哥·維斯蒲賽），又簡稱北美洲，佢在西半球嗰北邊。東邊係大西洋，西邊係太平洋，北邊係北冰洋，南拕巴拿馬運河跟南美洲分隔開。加勒比海中嗰島也歸北美洲。北美洲面積2422.8萬平方公里，占世界陸地總面積嗰16.2％，係世界第3大嗰洲。人口有45422.5萬（2001年），世界排第四。	pɛt̚˥ ŋa˨˩˧ mi˨˩˧ li˩˩ t͡sɨu˦˨ t͡sʰz̩˨˦ , mi˨˩˧ li˩˩ ko˦˨ ui˧˥ sz̩˦˨ pʰu˨˦ sai˧˥ , iu˩˩ pɛt̚˥ mi˨˩˧ t͡sɨu˦˨ , t͡ɕʰie˨˦ t͡sʰai˩˩ ɕi˦˨ pɵn˧˥ t͡ɕʰiu˨˦ ˈpɛt̚˥ piɛn˦˨ . ˈtuŋ˦˨ piɛn˦˨ tʰai˩˩ ɕi˦˨ iɔŋ˧˥ , ɕi˦˨ piɛn˦˨ tʰai˨˩˧ pʰiaŋ˨˦ iɔŋ˧˥ , ˈpɛt̚˥ piɛn˦˨ pɛt̚˥ pin˦˨ iɔŋ˧˥ , lan˧˥ pa˦˨ la˧˥ ma˨˩˧ yn˩˩ ho˨˦ kiɛn˦˨ lan˧˥ mi˨˩˧ t͡sɨu˦˨ fɨn˦˨ kʰai˦˨ . pi˨˩˧ hai˨˩˧ t͡suŋ˦˨ tau˨˩˧ ia˨˩˧ kui˦˨ pɛt̚˥ mi˨˩˧ t͡sɨu˦˨ . pɛt̚˥ mi˨˩˧ t͡sɨu˦˨ miɛn˩˩ ɵ˩˩ t͡ɕʰiɛn˦˨ sz̩˧˥ paʔ˥ ɵ˩˩ sɨt̚˨ ɵ˩˩ tiɛn˨˩˧ pat̚˥ uan˩˩ pʰiaŋ˨˦ fɔŋ˦˨ kuŋ˦˨ li˨˩˧ , sz̩˧˥ kai˧˥ luʔ˥ tʰi˩˩ miɛn˩˩ paʔ˥ fɨn˦˨ t͡sz̩˦˨ sɨt̚˨ liuʔ˥ tiɛn˨˩˧ ɵ˩˩ , sz̩˧˥ kai˧˥ tʰi˩˩ san˦˨ tʰai˩˩ t͡sɨu˦˨ . n̠ʲin˧˥ kʰiɛu˨˩˧ iu˨˩˧ sz̩˧˥ uan˩˩ ŋ̍˨˩˧ t͡ɕʰiɛn˦˨ sz̩˧˥ paʔ˥ ɵ˩˩ sɨt̚˨ ɵ˩˩ tiɛn˨˩˧ ŋ̍˨˩˧ uan˩˩ ɵ˩˩ lin˧˥ lin˧˥ it̚˥ n̠ʲiɛn˧˥ , sz̩˧˥ kai˧˥ pʰai˨˦ tʰi˩˩ sz̩˧˥ .
南昌大學到南昌有青山湖、東湖、前湖、鄱陽湖4隻校區，占地8317畝，圖書館藏書290萬喇冊，出版物有《南昌大學學報》,《昌大學生》。攏共有文、史、哲、經、管、法、理、工、農、醫、教育等86隻本科專業，眼下共有16隻學院，在校生共6.3萬人，本科生佔4.2萬，成教生1.6萬，研究生將近5000人。學堂社團有如學生通訊社，記者團，家園網等，全由學生自家管理。	lan˧˥ t͡sʰɔŋ˦˨ ˈtʰai˩˩ hɔʔ˨ tau˧˥ lan˧˥ t͡sʰɔŋ˦˨ iu˨˩˧ t͡ɕʰiaŋ˦˨ san˦˨ fu˧˥ , tuŋ˦˨ fu˧˥ , t͡ɕʰiɛn˨˦ fu˧˥ , iɔŋ˧˥ fu˧˥ sz̩˧˥ t͡saʔ˥ hau˩˩ t͡ɕʰy˦˨ , tʰi˩˩ pat̚˥ t͡ɕʰiɛn˦˨ san˦˨ paʔ˥ it̚˥ sɨt̚˨ t͡ɕʰit̚˥ , ɕy˦˨ kuɵn˨˩˧ ɕy˦˨ ɵ˩˩ paʔ˥ t͡ɕiu˨˩˧ sɨt̚˨ uan˩˩ , t͡sʰɨt̚˥ ut̚˥ iu˨˩˧ lan˧˥ t͡sʰɔŋ˦˨ ˈtʰai˩˩ hɔʔ˨ hɔʔ˨ pau˧˥ , t͡sʰɔŋ˦˨ ˈtʰai˩˩ hɔʔ˨ saŋ˦˨ . t͡ɕʰiuŋ˩˩ iu˨˩˧ un˧˥ , sz̩˨˩˧ , t͡ɕiaŋ˦˨ , kuɵn˨˩˧ , fat̚˥ , li˨˩˧ , kuŋ˦˨ , luŋ˧˥ , i˦˨ , kau˧˥ tɛn˨˩˧ pat̚˥ sɨt̚˨ liuʔ˥ t͡saʔ˥ pɨn˨˩˧ kʰuo˦˨ t͡sɵn˦˨ n̠ʲiɛt̚˥ , ŋan˨˩˧ ha˩˩ t͡ɕʰiuŋ˩˩ iu˨˩˧ sɨt̚˨ liuʔ˥ t͡saʔ˥ hɔʔ˨ yɵn˩˩ , t͡sʰai˩˩ hau˩˩ saŋ˦˨ t͡ɕʰiuŋ˩˩ liuʔ˥ tiɛn˨˩˧ san˦˨ uan˩˩ n̠ʲin˧˥ , pɨn˨˩˧ kʰuo˦˨ saŋ˦˨ sz̩˧˥ tiɛn˨˩˧ ɵ˩˩ uan˩˩ , saŋ˧˥ kau˧˥ saŋ˦˨ it̚˥ tiɛn˨˩˧ liuʔ˥ uan˩˩ , n̠ʲiɛn˨˩˧ t͡ɕiu˧˥ saŋ˦˨ t͡ɕʰin˩˩ ŋ̍˨˩˧ t͡ɕʰiɛn˦˨ n̠ʲin˧˥ . hɔʔ˨ tʰɔŋ˩ sa˩˩ tʰɵn˨˦ iu˨˩˧ ɵ˧˥ hɔʔ˨ saŋ˦˨ tʰuŋ˦˨ sa˩˩ , t͡ɕi˧˥ t͡sa˨˩˧ tʰɵn˨˦ , ka˦˨ yɵn˧˥ uɔŋ˨˩˧ tɛn˨˩˧ , t͡ɕʰyɵn˨˦ i˧˥ hɔʔ˨ saŋ˦˨ t͡sʰz̩˩˩ ka˦˨ kuɵn˨˩˧ li˨˩˧ .
印度教係世界主要嗰宗教之一。佢有10.5億信徒（1993年），排在基督教跟伊斯蘭教嗰後面。印度教嗰所有教派都拿《吠陀經》做經典教義，各派也有自己嗰經文。	in˧˥ kau˧˥ sz̩˧˥ kai˧˥ t͡ɕy˨˩˧ iɛu˦˨ t͡suŋ˦˨ kau˧˥ t͡sz̩˦˨ it̚˥ . t͡ɕʰie˨˦ iu˨˩˧ sɨt̚˨ tiɛn˨˩˧ ŋ̍˨˩˧ i˧˥ ɕin˧˥ it̚˥ t͡ɕiu˨˩˧ t͡ɕiu˨˩˧ san˦˨ n̠ʲiɛn˧˥ , pʰai˨˦ t͡sʰai˩˩ t͡ɕi˦˨ kau˧˥ kiɛn˦˨ sz̩˦˨ lan˧˥ kau˧˥ hɛu˩˩ miɛn˩˩ . in˧˥ kau˧˥ so˨˩˧ iu˨˩˧ kau˧˥ pʰai˨˩˧ tu˦˨ la˧˥ t͡ɕiaŋ˦˨ t͡su˧˥ t͡ɕiaŋ˦˨ tiɛn˨˩˧ kau˧˥ n̠ʲi˩˩ , kɔʔ˥ pʰai˨˩˧ ia˨˩˧ iu˨˩˧ t͡sʰz̩˩˩ t͡ɕi˨˩˧ t͡ɕiaŋ˦˨ un˧˥ .
廣州，簡稱穗，還有羊城，花城或穗城等稱號。佢係中國南方重要城市之一。行政上，佢歸到中華人民共和國廣東省管，屬於副省級城市，面積7434.4平方公里。廣州位到珠江口嗰沖積平原上，係華南地區嗰政治、經濟、科教同交通中心。經濟上話，廣州係排到上海同北京之後嗰中國大陸第三大城市。	kuɔŋ˨˩˧ t͡sɨu˦˨ , sui˩˩ , uan˧˥ iu˨˩˧ iɔŋ˧˥ saŋ˧˥ , fa˦˨ saŋ˧˥ fɛt̚˥ sui˩˩ saŋ˧˥ tɛn˨˩˧ hau˩˩ . t͡ɕʰie˨˦ t͡suŋ˦˨ kuɛt̚˥ lan˧˥ fɔŋ˦˨ iɛu˦˨ saŋ˧˥ sz̩˩˩ t͡sz̩˦˨ it̚˥ . hɛn˨˦ t͡sɨn˧˥ sɔŋ˩˩ , t͡ɕʰie˨˦ kui˦˨ tau˧˥ t͡suŋ˦˨ fa˧˥ lɨn˧˥ min˧˥ kʰuŋ˩˩ fo˧˥ kuɛt̚˥ kuɔŋ˨˩˧ tuŋ˦˨ kuɵn˨˩˧ , fu˧˥ saŋ˧˥ sz̩˩˩ , miɛn˩˩ t͡ɕʰit̚˥ t͡ɕʰiɛn˦˨ sz̩˧˥ paʔ˥ san˦˨ sɨt̚˨ sz̩˧˥ tiɛn˨˩˧ sz̩˧˥ pʰiaŋ˨˦ fɔŋ˦˨ kuŋ˦˨ li˨˩˧ . kuɔŋ˨˩˧ t͡sɨu˦˨ ui˩˩ tau˧˥ kɔŋ˦˨ kʰiɛu˨˩˧ pʰiaŋ˨˦ n̠ʲyɵn˧˥ sɔŋ˩˩ , fa˧˥ lan˧˥ tʰi˩˩ t͡ɕʰy˦˨ t͡sɨn˧˥ t͡sʰz̩˩˩ , t͡ɕiaŋ˦˨ , kʰuo˦˨ kau˧˥ tʰuŋ˨˦ kau˦˨ tʰuŋ˦˨ t͡suŋ˦˨ ɕin˦˨ . t͡ɕiaŋ˦˨ sɔŋ˩˩ ua˩˩ , kuɔŋ˨˩˧ t͡sɨu˦˨ pʰai˨˦ tau˧˥ sɔŋ˩˩ hai˨˩˧ tʰuŋ˨˦ pɛt̚˥ t͡ɕin˦˨ t͡sz̩˦˨ ˈhɛu˩˩ t͡suŋ˦˨ kuɛt̚˥ tʰai˩˩ luʔ˥ tʰi˩˩ san˦˨ tʰai˩˩ saŋ˧˥ sz̩˩˩ .
中共湘贛省委到肖氏祠堂辦公達一年零一月。肖氏祠堂1914年建正，磚木結構，樓上樓下攏共有22隻房間，占地面積800.32平方米。1949年建國後維修多道，1986年摣原貌進行復原陳列。	t͡suŋ˦˨ t͡ɕʰiuŋ˩˩ ɕiɔŋ˦˨ kɵn˧˥ ui˨˩˧ tau˧˥ sz̩˩˩ t͡sʰz̩˨˦ tʰɔŋ˨ pʰan˩˩ kuŋ˦˨ tʰaʔ˨ it̚˥ n̠ʲiɛn˧˥ lin˧˥ it̚˥ n̠ʲyɵt̚˨ . sz̩˩˩ t͡sʰz̩˨˦ tʰɔŋ˨ it̚˥ t͡ɕiu˨˩˧ it̚˥ sz̩˧˥ n̠ʲiɛn˧˥ t͡ɕiɛn˧˥ , t͡sɵn˦˨ muʔ˥ t͡ɕiɛt̚˥ , lɛu˧˥ sɔŋ˩˩ lɛu˧˥ ha˩˩ t͡ɕʰiuŋ˩˩ iu˨˩˧ ɵ˩˩ sɨt̚˨ ɵ˩˩ t͡saʔ˥ fɔŋ˧˥ kan˦˨ , tʰi˩˩ miɛn˩˩ pat̚˥ paʔ˥ tiɛn˨˩˧ san˦˨ ɵ˩˩ pʰiaŋ˨˦ fɔŋ˦˨ mi˨˩˧ . it̚˥ t͡ɕiu˨˩˧ sz̩˧˥ t͡ɕiu˨˩˧ n̠ʲiɛn˧˥ t͡ɕiɛn˧˥ kuɛt̚˥ hɛu˩˩ ui˧˥ ɕiu˦˨ to˦˨ tʰau˩˩ , it̚˥ t͡ɕiu˨˩˧ pat̚˥ liuʔ˥ n̠ʲiɛn˧˥ n̠ʲyɵn˧˥ mau˩˩ t͡sin˧˥ hɛn˨˦ n̠ʲyɵn˧˥ t͡sʰɨn˨˦ liɛt̚˥ .
英國係隻君主立憲國，佢由四隻國（country）聯合組成：英格蘭、北愛爾蘭、蘇格蘭、威爾士。 佢實行議會政治，議會位到國家嗰首都——倫敦，但到北愛爾蘭、威爾士、蘇格蘭嗰首府也有自簡嗰議會。	in˦˨ kuɛt̚˥ t͡saʔ˥ t͡ɕyn˦˨ t͡ɕy˨˩˧ lit̚˥ ɕiɛn˨˩˧ kuɛt̚˥ , t͡ɕʰie˨˦ i˧˥ sz̩˧˥ t͡saʔ˥ kuɛt̚˥ kʰˈʌntɹi liɛn˧˥ hɵt̚˨ saŋ˧˥ , in˦˨ lan˧˥ , pɛt̚˥ ŋai˧˥ lan˧˥ , su˦˨ lan˧˥ , ui˦˨ sz̩˩˩ . t͡ɕʰie˨˦ sɨt̚˥ hɛn˨˦ fɨi˩˩ t͡sɨn˧˥ t͡sʰz̩˩˩ , fɨi˩˩ ui˩˩ tau˧˥ kuɛt̚˥ ka˦˨ tu˦˨ , tau˧˥ pɛt̚˥ ŋai˧˥ lan˧˥ , ui˦˨ sz̩˩˩ , su˦˨ lan˧˥ fu˨˩˧ ia˨˩˧ iu˨˩˧ t͡sʰz̩˩˩ kan˨˩˧ fɨi˩˩ .
詹天佑（英文：Jeme Tien Yow，），字眷誠，號達潮，生於廣東南海縣（現廣州荔灣區）人，祖籍江西婺源，係中國首位鐵路工程師，建正嘞京張鐵路等工程，有「中國鐵路之父」、「中國近代工程之父」話法。	tʰiɛn˦˨ in˦˨ un˧˥ , d͡ʒˈiːm tjˈɛn jˈaᶷ , t͡sʰz̩˨˦ , hau˩˩ tʰaʔ˨ , saŋ˦˨ kuɔŋ˨˩˧ tuŋ˦˨ lan˧˥ hai˨˩˧ ɕiɛn˩˩ ɕiɛn˩˩ kuɔŋ˨˩˧ t͡sɨu˦˨ li˩˩ uan˦˨ t͡ɕʰy˦˨ n̠ʲin˧˥ , kɔŋ˦˨ ɕi˦˨ , t͡suŋ˦˨ kuɛt̚˥ ui˩˩ tʰiɛt̚˥ lu˩˩ kuŋ˦˨ sz̩˦˨ , t͡ɕiɛn˧˥ t͡ɕin˦˨ t͡sɔŋ˦˨ tʰiɛt̚˥ lu˩˩ tɛn˨˩˧ kuŋ˦˨ , iu˨˩˧ t͡suŋ˦˨ kuɛt̚˥ tʰiɛt̚˥ lu˩˩ t͡sz̩˦˨ fu˩˩ , t͡suŋ˦˨ kuɛt̚˥ t͡ɕʰin˩˩ tʰai˩˩ kuŋ˦˨ t͡sz̩˦˨ fu˩˩ ua˩˩ fat̚˥ .
1949年以後，贛語拕看作一種地方語言，佢嗰下事也就讓人作硌得很。在中國大陸，因為政府博命推廣普通話，贛語一径拕打壓，舞得嘎子些伓子後生都不曉得讓話全靓(发音：biúliù)嗰贛語嘞，哈有隻吧嘞佬矶就一diaz都呗話嘞。個些年走时越來越多人喇嘚要招概本土文化，故系嘎子在廣播上聽到贛語，在電視上望到贛語嗰節目嘞。	it̚˥ t͡ɕiu˨˩˧ sz̩˧˥ t͡ɕiu˨˩˧ n̠ʲiɛn˧˥ i˨˩˧ hɛu˩˩ , kɵn˧˥ n̠ʲy˨˩˧ kʰɵn˨˩˧ t͡sɔʔ˥ it̚˥ tʰi˩˩ fɔŋ˩ n̠ʲy˨˩˧ n̠ʲiɛn˧˥ , t͡ɕʰie˨˦ ha˩˩ sz̩˩˩ ia˨˩˧ t͡ɕʰiu˩˩ n̠ʲin˧˥ t͡sɔʔ˥ tɛt̚˥ hɛn˨˩˧ . t͡sʰai˩˩ t͡suŋ˦˨ kuɛt̚˥ tʰai˩˩ luʔ˥ , in˦˨ t͡sɨn˧˥ fu˨˩˧ miaŋ˩˩ tʰui˦˨ kuɔŋ˨˩˧ tʰuŋ˦˨ ua˩˩ , kɵn˧˥ n̠ʲy˨˩˧ it̚˥ ta˨˩˧ , tɛt̚˥ t͡sz̩˨˩˧ ɕiɛt̚˥ t͡sz̩˨˩˧ hɛu˩˩ saŋ˦˨ tu˦˨ pɨt̚˥ ɕiɛu˨˩ tɛt̚˩ ua˩˩ t͡ɕʰyɵn˨˦ fat̚˥ in˦˨ , bˈiːʲuːliʲˌuː kɵn˧˥ n̠ʲy˨˩˧ , iu˨˩˧ t͡saʔ˥ t͡ɕʰiu˩˩ it̚˥ dˈiːʲæz tu˦˨ ua˩˩ . ko˧˥ ɕiɛt̚˥ n̠ʲiɛn˧˥ t͡sɛu˨˩˧ sz̩˧˥ yɵt̚˥ lai˧˥ yɵt̚˥ to˦˨ n̠ʲin˧˥ iɛu˦˨ kʰai˨˩˧ pɨn˨˩˧ tʰu˨˩˧ un˧˥ fa˧˥ , ɕi˩˩ t͡sz̩˨˩˧ t͡sʰai˩˩ kuɔŋ˨˩˧ sɔŋ˩˩ tʰiaŋ˦˨ tau˧˥ kɵn˧˥ n̠ʲy˨˩˧ , t͡sʰai˩˩ tiɛn˩˩ sz̩˩˩ sɔŋ˩˩ mɔŋ˩˩ tau˧˥ kɵn˧˥ n̠ʲy˨˩˧ t͡ɕiɛt̚˥ muʔ˥ .
到法國，雨果最有名嗰係佢嗰文學同到詩嗰產量。Les Contemplations 同 La Légende des siècles 得到最高評價，有人話雨果係法國最偉大嗰詩人。 後半輩子嗰雨果蠻保守，之後嗰日子佢嗰政治理念整個調嘍箇頭，變成一隻激情共和主義支持者（passionate supporter of republicanism），佢嗰作品都涉及到許時間嗰政治社會問題，同藝術趨勢。	tau˧˥ fat̚˥ kuɛt̚˥ , y˨˩˧ kuo˨˩˧ t͡sui˧˥ iu˩˧ miaŋ˧˥ t͡ɕʰie˨˦ un˧˥ hɔʔ˨ tʰuŋ˨˦ tau˧˥ sz̩˦˨ t͡sʰan˨˩˧ liɔŋ˩˩ . lˈɛs kʰˌɑːntəmplˈeᶦʃənz tʰuŋ˨˦ lˈɑː lˈɛɡɛnd dˈɛs sˈiːkəɫz tɛt̚˥ tau˧˥ t͡sui˧˥ kau˦˨ , iu˨˩˧ n̠ʲin˧˥ ua˩˩ y˨˩˧ kuo˨˩˧ fat̚˥ kuɛt̚˥ t͡sui˧˥ tʰai˩˩ sz̩˦˨ n̠ʲin˧˥ . hɛu˩˩ pɵn˧˥ pi˧˥ t͡sz̩˨˩˧ y˨˩˧ kuo˨˩˧ man˦˨ , t͡sz̩˦˨ ˈhɛu˩˩ n̠ʲit̚˥ t͡sz̩˨ t͡ɕʰie˨˦ t͡sɨn˧˥ t͡sʰz̩˩˩ li˨˩˧ n̠ʲiɛn˩˩ t͡saŋ˨˩˧ ko˧˥ tʰɛu˨˦ , saŋ˧˥ it̚˥ t͡saʔ˥ t͡ɕit̚˥ t͡ɕʰin˨˦ kʰuŋ˩˩ fo˧˥ t͡ɕy˨˩˧ n̠ʲi˩˩ t͡sz̩˦˨ t͡sʰz̩˨ t͡sa˨˩˧ pʰˈæʃənət səpʰˈɔːɹt̬ɚ ˈʌv ɹᵻpʰˈʌblɪkənˌɪzəm , t͡ɕʰie˨˦ t͡sɔʔ˥ pʰin˨˩˧ tu˦˨ sɛt̚˨ t͡ɕʰit̚˨ tau˧˥ he˨˩ sz̩˩ kan˦˨ t͡sɨn˧˥ t͡sʰz̩˩˩ sa˩˩ fɨi˩˩ un˩˩ , tʰuŋ˨˦ sɨt̚˥ .
Windows XP，係微軟公司嗰一款電腦操作系統。Windows XP到2001年8月24日正式發佈(RTM，Release to Manufacturing)。佢嗰零售版到2001年10月25日上市。Windows XP原本嗰代號係Whistler。字母XP表示英文單詞嗰“體驗”（experience）。Windows XP嗰外部版本係2002，內部版本係5.1（即Windows NT 5.1），正式版嗰Build係5.1.2600。	wˈɪndoᶷz ˈɛks pʰˈiː , kuŋ˦˨ it̚˥ tiɛn˩˩ lau˨˩˧ t͡sɔʔ˥ ɕi˩˩ tʰuŋ˨˩˧ . wˈɪndoᶷz ˈɛks pʰˈiː tau˧˥ ɵ˩˩ lin˧˥ lin˧˥ it̚˥ n̠ʲiɛn˧˥ pat̚˥ n̠ʲyɵt̚˨ ɵ˩˩ sɨt̚˨ sz̩˧˥ n̠ʲit̚˥ sɨt̚˥ ˈɑːɹ tʰˈiː ˈɛm , ɹilˈiːs tʰˈuː mˌænjəfˈækt͡ʃɚɪŋ . t͡ɕʰie˨˦ lin˧˥ tau˧˥ ɵ˩˩ lin˧˥ lin˧˥ it̚˥ n̠ʲiɛn˧˥ sɨt̚˨ n̠ʲyɵt̚˨ ɵ˩˩ sɨt̚˨ ŋ̍˨˩˧ ˈn̠ʲit̚˥ sɔŋ˩˩ sz̩˩˩ . wˈɪndoᶷz ˈɛks pʰˈiː n̠ʲyɵn˧˥ pɨn˨˩˧ tʰai˩˩ hau˩˩ wˈɪslɚ . t͡sʰz̩˨˦ mu˨˩˧ ˈɛks pʰˈiː piɛu˨˩˧ sz̩˩˩ in˦˨ un˧˥ tan˦˨ t͡sʰz̩˨˦ tʰi˨˩˧ n̠ʲiɛn˩˩ ɪkspˈɪɹiʲəns . wˈɪndoᶷz ˈɛks pʰˈiː uai˩˩ pʰu˩˩ pɨn˨˩˧ ɵ˩˩ t͡ɕʰiɛn˦˨ lin˧˥ ɵ˩˩ , lui˩˩ pʰu˩˩ pɨn˨˩˧ ŋ̍˨˩˧ tiɛn˨˩˧ it̚˥ wˈɪndoᶷz ˈɛn tʰˈiː ŋ̍˨˩˧ tiɛn˨˩˧ it̚˥ , sɨt̚˥ bˈɪɫd ŋ̍˨˩˧ . it̚˥ . ɵ˩˩ t͡ɕʰiɛn˦˨ liuʔ˥ paʔ˥ .
Mimir - Online Icelandic grammar notebook	mˈɪmɪɚ ˈɔːnlaᶦn aᶦslˈændɪk ɡɹˈæmɚ nˈoᶷtbʊk
中文版：《南京暴行：被遺忘的大屠殺》(美)張純如著 孫英春等譯，北京東方出版社，1998 ISBN 7-5060-1052-6	t͡suŋ˦˨ un˧˥ , lan˧˥ t͡ɕin˦˨ hɛn˨˦ , pʰi˩˩ i˧˥ mɔŋ˧˥ tit̚˥ tʰai˩˩ saʔ˥ mi˨˩˧ t͡sɔŋ˦˨ sun˧˥ ɵ˧˥ t͡sɔʔ˥ sun˦˨ in˦˨ t͡sʰun˦˨ tɛn˨˩˧ it̚˥ , pɛt̚˥ t͡ɕin˦˨ tuŋ˦˨ fɔŋ˦˨ t͡sʰɨt̚˥ sa˩˩ , it̚˥ t͡ɕʰiɛn˦˨ t͡ɕiu˨˩˧ paʔ˥ t͡ɕiu˨˩˧ sɨt̚˨ pat̚˥ ˌaᶦˌɛsbiːʲˈɛn t͡ɕʰit̚˥ ŋ̍˨˩˧ t͡ɕʰiɛn˦˨ lin˧˥ liuʔ˥ sɨt̚˨ it̚˥ t͡ɕʰiɛn˦˨ lin˧˥ ŋ̍˨˩˧ sɨt̚˨ ɵ˩˩ liuʔ˥
二十世紀之前，文言文幾乎係東亞各國嗰通用文體。到韓國、日本同到越南，文言文拕叫為漢文（한문，Hanmun）、漢文（かんぶん，Kanbun）同儒字（亦或字儒，Chữ Nho）。新文化運動之後，普通話嗰白話文到中國就慢慢替代嘞文言文，別嗰國家就用自家嗰話。	ɵ˩˩ sɨt̚˨ sz̩˧˥ t͡sz̩˦˨ ˈt͡ɕʰiɛn˨˦ , un˧˥ n̠ʲiɛn˧˥ un˧˥ t͡ɕi˨˩˧ fu˧˥ tuŋ˦˨ ŋa˨˩˧ kɔʔ˥ kuɛt̚˥ tʰuŋ˦˨ iuŋ˩˩ un˧˥ tʰi˨˩˧ . tau˧˥ hɵn˨˦ kuɛt̚˥ , n̠ʲit̚˥ pɨn˨˩˧ tʰuŋ˨˦ tau˧˥ yɵt̚˥ lan˧˥ , un˧˥ n̠ʲiɛn˧˥ un˧˥ t͡ɕiɛu˧˥ un˧˥ hˈɐnmun , hˈænmən , un˧˥ kämbɯᵝɴ , kʰˈænbən tʰuŋ˨˦ ɵ˧˥ t͡sʰz̩˨˦ fɛt̚˥ t͡sʰz̩˨˦ ɵ˧˥ , t͡ʃˈuː nhˈoᶷ . ɕin˦˨ un˧˥ fa˧˥ yn˩˩ tʰuŋ˩˩ t͡sz̩˦˨ ˈhɛu˩˩ , tʰuŋ˦˨ ua˩˩ pʰaʔ˨ ua˩˩ un˧˥ tau˧˥ t͡suŋ˦˨ kuɛt̚˥ t͡ɕʰiu˩˩ man˩˩ man˩˩ tʰi˨˩˧ tʰai˩˩ un˧˥ n̠ʲiɛn˧˥ un˧˥ , pʰiɛt̚˥ kuɛt̚˥ ka˦˨ t͡ɕʰiu˩˩ iuŋ˩˩ t͡sʰz̩˩˩ ka˦˨ ua˩˩ .
Highest Alemannic German，包括 Bernese Oberland 方言同到 Walliser German	hˈaᶦəst ˌæləmˈæɪk d͡ʒˈɝmən , pau˦˨ bɚnˈiːzi ˈoᶷbɚlənd fɔŋ˦˨ n̠ʲiɛn˧˥ tʰuŋ˨˦ tau˧˥ wˈɔːlaᶦzɚ d͡ʒˈɝmən
PlotArea = left:10 right:10 top:10 bottom:40	plˈɑːt̬ɛɹiʲə lˈɛft sɨt̚˨ ɹˈaᶦt sɨt̚˨ tʰˈɑːp sɨt̚˨ bˈɑːt̬əm sz̩˧˥ sɨt̚˨
法語係第一語言嗰國家或地區有：法國（有六千萬人用，包到新赫裏多尼亞、留尼汪、瓜德洛普、馬提尼克到聖皮埃爾及密克隆）、加拿大（六百七十萬，主要係魁北克省、新不倫瑞克省） 、比利時（四百萬） 、瑞士（跟德語、義大利語、羅曼什語四語共用）、摩納哥、法屬圭亞那（Guyane française）、海地	fat̚˥ n̠ʲy˨˩˧ tʰi˩˩ it̚˥ n̠ʲy˨˩˧ n̠ʲiɛn˧˥ kuɛt̚˥ ka˦˨ fɛt̚˥ tʰi˩˩ t͡ɕʰy˦˨ iu˨˩˧ , fat̚˥ kuɛt̚˥ iu˨˩˧ liuʔ˥ ˈt͡ɕʰiɛn˦˨ uan˩˩ n̠ʲin˧˥ iuŋ˩˩ , pau˦˨ tau˧˥ ɕin˦˨ to˦˨ n̠ʲi˧˥ ŋa˨˩˧ , n̠ʲi˧˥ , kua˦˨ lɔʔ˥ , ma˨˩˧ tʰia˨˦ n̠ʲi˧˥ tau˧˥ sɨn˧˥ pʰi˨˦ ŋai˦˨ t͡ɕʰit̚˨ mit̚˥ luŋ˧˥ , la˧˥ tʰai˩˩ liuʔ˥ paʔ˥ t͡ɕʰit̚˥ sɨt̚˨ uan˩˩ , t͡ɕy˨˩˧ iɛu˦˨ pɛt̚˥ , ɕin˦˨ pɨt̚˥ sui˩˩ , pi˨˩˧ li˩˩ sz̩˧˥ sz̩˧˥ paʔ˥ uan˩˩ , sui˩˩ sz̩˩˩ kiɛn˦˨ n̠ʲy˨˩˧ , n̠ʲi˩˩ tʰai˩˩ li˩˩ n̠ʲy˨˩˧ , lo˧˥ n̠ʲy˨˩˧ sz̩˧˥ n̠ʲy˨˩˧ t͡ɕʰiuŋ˩˩ iuŋ˩˩ , laʔ˥ ko˦˨ , fat̚˥ ŋa˨˩˧ ɡaᶦˈeᶦn fɹɑːnsˈɛz , hai˨˩˧ tʰi˩˩
阿什摩爾及卡蒂埃群島 (Ashmore and Cartier Islands)	t͡ɕʰit̚˨ kʰa˨˩˧ ŋai˦˨ tau˨˩˧ ˈæʃmɔːɹ ˈənd kʰˈɑːɹt̬iʲɚ ˈaᶦləndz
到中華文化中，「一」特別賦予萬物之始嗰意義：「惟初太極，道立於一，造分天地，化成萬物，凡一之屬皆從一」（《說文解字》）。道德經有道生一，一生二。 一亦可以代表天，易經就有寫「天一地二」。英文中亦以“The Great One”（偉大嗰一，太一）指代聖經中嗰上帝。	tau˧˥ t͡suŋ˦˨ fa˧˥ un˧˥ fa˧˥ t͡suŋ˦˨ , it̚˥ tʰɛt̚˥ pʰiɛt̚˥ uan˩˩ ut̚˥ t͡sz̩˦˨ sz̩˨˩˧ n̠ʲi˩˩ , t͡sʰu˦˨ tʰai˨˩˧ t͡ɕʰit̚˨ , tʰau˩˩ lit̚˥ it̚˥ , t͡sʰau˩˩ fɨn˦˨ tʰiɛn˦˨ tʰi˩˩ , fa˧˥ saŋ˧˥ uan˩˩ ut̚˥ , fan˧˥ it̚˥ t͡sz̩˦˨ t͡sʰuŋ˨˦ it̚˥ sɵt̚˥ un˧˥ kai˨˩˧ t͡sʰz̩˨˦ . tʰau˩˩ t͡ɕiaŋ˦˨ iu˨˩˧ tʰau˩˩ saŋ˦˨ it̚˥ , it̚˥ saŋ˦˨ ɵ˩˩ . it̚˥ i˨˩˧ tʰai˩˩ piɛu˨˩˧ tʰiɛn˦˨ , t͡ɕiaŋ˦˨ t͡ɕʰiu˩˩ iu˨˩˧ ɕia˨˩˧ tʰiɛn˦˨ it̚˥ tʰi˩˩ ɵ˩˩ . in˦˨ un˧˥ t͡suŋ˦˨ i˨˩˧ ðˈə ɡɹˈeᶦt wˈʌn tʰai˩˩ it̚˥ , tʰai˨˩˧ it̚˥ t͡sz̩˨˩˧ tʰai˩˩ sɨn˧˥ t͡ɕiaŋ˦˨ t͡suŋ˦˨ sɔŋ˩˩ ti˧˥ .
盤古樂團（英语：Punkgod），係成立於1996嗰一隻贛國龐克樂團樂團，風格「龐克搖滾」。目前主要嗰創作者係主唱敖博。英文團名「Punkgod」係「盤古」嗰音譯，意思係「龐克之神」。	pʰɵn˨˦ ku˨˩˧ ŋɔʔ˥ tʰɵn˨˦ in˦˨ n̠ʲy˨˩˧ , pʰˈʌŋkɡɑːd , saŋ˧˥ lit̚˥ it̚˥ t͡ɕʰiɛn˦˨ t͡ɕiu˨˩˧ paʔ˥ t͡ɕiu˨˩˧ sɨt̚˨ liuʔ˥ it̚˥ t͡saʔ˥ kɵn˧˥ kuɛt̚˥ ŋɔʔ˥ tʰɵn˨˦ ŋɔʔ˥ tʰɵn˨˦ , fuŋ˦˨ kun˨˩˧ . muʔ˥ t͡ɕʰiɛn˨˦ t͡ɕy˨˩˧ iɛu˦˨ t͡sɔʔ˥ t͡sa˨˩˧ t͡ɕy˨˩˧ t͡sʰɔŋ˨˩˧ . in˦˨ un˧˥ tʰɵn˨˦ miaŋ˧˥ pʰˈʌŋkɡɑːd pʰɵn˨˦ ku˨˩˧ in˦˨ it̚˥ , sz̩˦˨ t͡sz̩˦˨ sɨn˦˨ .
太刀 銘備前國長船住左兵衛尉景光 作者進士三郎景政 嘉暦二二年己巳七月日（埼玉縣立歴史と民俗嗰博物館）	tʰai˨˩˧ tau˦˨ t͡ɕʰiɛn˨˦ kuɛt̚˥ t͡sʰɔŋ˨˦ sɵn˨˩˧ t͡ɕʰy˩˩ t͡so˨˩˧ pin˦˨ ui˩˩ t͡ɕin˨˩˧ kuɔŋ˦˨ t͡sɔʔ˥ t͡sa˨˩˧ t͡sin˧˥ sz̩˩˩ san˦˨ lɔŋ˧˥ t͡ɕin˨˩˧ t͡sɨn˧˥ ɵ˩˩ ɵ˩˩ n̠ʲiɛn˧˥ t͡ɕi˨˩˧ t͡ɕʰit̚˥ n̠ʲyɵt̚˨ n̠ʲit̚˥ y˩˩ ɕiɛn˩˩ lit̚˥ sz̩˨˩˧ to̞ min˧˥ ɕiuʔ˥ ut̚˥ kuɵn˨˩˧
維基文庫（Wikisource）係維基媒體基金會下底嗰一隻維基百科嗰姊妹計劃，目的係創建一隻自由嗰、基於維基嗰知識倉庫，箇包括每隻語言版本嗰完整原始文獻，接到搦箇兮文獻翻譯成多種語文。	ui˧˥ t͡ɕi˦˨ un˧˥ kʰu˨˩˧ wˈɪkɪsˌɔːɹs ui˧˥ t͡ɕi˦˨ tʰi˨˩˧ t͡ɕi˦˨ t͡ɕin˦˨ fɨi˩˩ ha˩˩ tit̚˩ it̚˥ t͡saʔ˥ ui˧˥ t͡ɕi˦˨ paʔ˥ kʰuo˦˨ t͡sz̩˨˩˧ mi˩˩ t͡ɕi˧˥ , muʔ˥ tit̚˨ t͡ɕiɛn˧˥ it̚˥ t͡saʔ˥ t͡sʰz̩˩˩ i˧˥ , t͡ɕi˦˨ ui˧˥ t͡ɕi˦˨ t͡sz̩˦˨ kʰu˨˩˧ , pau˦˨ t͡saʔ˥ n̠ʲy˨˩˧ n̠ʲiɛn˧˥ pɨn˨˩˧ uɵn˧˥ t͡saŋ˨˩˧ n̠ʲyɵn˧˥ sz̩˨˩˧ un˧˥ , t͡ɕiɛt̚˥ tau˧˥ un˧˥ fan˦˨ it̚˥ saŋ˧˥ to˦˨ n̠ʲy˨˩˧ un˧˥ .
雷（南昌話：/lɨi˦/）係霍閃扤出來嗰聲氣。而聽起來有係冇什哩聲，就要望下子佢閃得有幾遠，做得係好清脆好嗰大裂聲，也做得係又長又沉。霍閃一徑哩會讓空氣快速膨脹，咁就舞得壓力跟到溫度大增。箇嗰樣，脹氣舞出聲氣嗰衝擊波，就係恨雷。	lui˧˥ lan˧˥ t͡sʰɔŋ˦˨ ua˩˩ , lˈɨi fɔʔ˥ sɛn˨ t͡sʰɨt̚˥ lai˧˥ saŋ˦˨ t͡ɕʰi˨˩˧ . ɵ˧˥ tʰiaŋ˦˨ t͡ɕʰi˨˩˧ lai˧˥ iu˨˩˧ sɨt̚˥ ˈli˧˥ saŋ˦˨ , t͡ɕʰiu˩˩ iɛu˦˨ mɔŋ˩˩ ha˩˩ t͡sz̩˨˩˧ t͡ɕʰie˨˦ tɛt̚˥ iu˨˩˧ t͡ɕi˨˩˧ yɵn˨˩˧ , t͡su˧˥ tɛt̚˨ hau˨˩˧ t͡ɕʰin˦˨ hau˨˩˧ tʰai˩˩ saŋ˦˨ , ia˨˩˧ t͡su˧˥ tɛt̚˨ iu˩˩ t͡sʰɔŋ˨˦ iu˩˩ t͡sʰɨn˨˦ . fɔʔ˥ sɛn˨ it̚˥ fɨi˩˩ kʰuŋ˦˨ t͡ɕʰi˨˩˧ kʰuai˨˩˧ suʔ˥ , t͡ɕʰiu˩˩ tɛt̚˥ lit̚˥ kiɛn˦˨ tau˧˥ tʰai˩˩ t͡sɛn˦˨ . iɔŋ˩˩ , t͡ɕʰi˨˩˧ t͡sʰɨt̚˥ saŋ˦˨ t͡ɕʰi˨˩˧ po˦˨ , t͡ɕʰiu˩˩ hɛn˩˩ lui˧˥ .
一隻嗰名字嗰讀法會有不同嗰方式。發音嗰變化基本都係屬於容許嗰範圍裡頭。像「黃平」嗰發音可以係[uong piang]、[uong pin]、[fong piang]、[fong pin]。箇裡頭[uong piang]係最道地嗰話法。但有滴子名字嗰發音就蠻難用佢嗰白讀音，像「郭富城」，大多時間都係都[kok fu cin]，不係[kok fu sang]。	it̚˥ t͡saʔ˥ ˈmiaŋ˧˥ t͡sʰz̩˩˩ tʰuʔ˨ fat̚˥ fɨi˩˩ iu˨˩˧ pɨt̚˥ tʰuŋ˨˦ fɔŋ˦˨ sɨt̚˥ . in˦˨ fa˧˥ t͡ɕi˦˨ pɨn˨˩˧ tu˦˨ iuŋ˧˥ ɕy˨˩˧ fan˩˩ li˨˩˧ tʰɛu˨˦ . t͡ɕʰiɔŋ˩˩ uɔŋ˧˥ pʰiaŋ˨˦ in˦˨ i˨˩˧ jˈɔːŋ pjˈæŋ , jˈɔːŋ pʰˈɪn , fˈɔːŋ pjˈæŋ , fˈɔːŋ pʰˈɪn . ko˨˩ li˩ tʰɛu˨˦ jˈɔːŋ pjˈæŋ t͡sui˧˥ tʰau˩˩ tʰi˩˩ ua˩˩ fat̚˥ . iu˨˩˧ t͡sz̩˨˩˧ ˈmiaŋ˧˥ t͡sʰz̩˩˩ in˦˨ t͡ɕʰiu˩˩ man˦˨ lan˧˥ iuŋ˩˩ t͡ɕʰie˨˦ pʰaʔ˨ tʰuʔ˨ in˦˨ , t͡ɕʰiɔŋ˩˩ kuɔʔ˥ fu˧˥ saŋ˧˥ , tʰai˩˩ to˦˨ sz̩˧˥ kan˨ tu˦˨ tu˦˨ kʰˈɑːk fˈuː sˈɪn , pɨt̚˥ kʰˈɑːk fˈuː sˈæŋ .
名字嗰頭隻字叫tên đệm（中間嗰名），後頭嗰名字做為稱呼，係經常使用嗰。像呉廷琰（Ngô Đình Diệm），佢嗰政府就係「琰政府」，而不係「吳政府」。除吥一滴子非常有名嗰人物，像胡志明（Hồ Chí Minh），就會叫佢Uncle Hồ，不係Uncle Minh。	ˈmiaŋ˧˥ t͡sʰz̩˩˩ tʰɛu˨˦ t͡saʔ˥ t͡sʰz̩˨˦ t͡ɕiɛu˧˥ tʰˈɛn dˈɪm t͡suŋ˦˨ kan˦˨ miaŋ˧˥ , hɛu˩˩ tʰɛu˩ ˈmiaŋ˧˥ t͡sʰz̩˩˩ t͡su˧˥ , t͡ɕiaŋ˦˨ sɔŋ˧˥ iuŋ˩˩ . t͡ɕʰiɔŋ˩˩ ɛŋɡˈoᶷ dˈɪn dˈiːm , t͡ɕʰie˨˦ t͡sɨn˧˥ fu˨˩˧ t͡ɕʰiu˩˩ t͡sɨn˧˥ fu˨˩˧ , ɵ˧˥ pɨt̚˥ u˧˥ t͡sɨn˧˥ fu˨˩˧ . t͡sʰz̩˨˦ it̚˥ t͡sz̩˨˩˧ sɔŋ˧˥ iu˩˧ miaŋ˧˥ n̠ʲin˧˥ ut̚˥ , t͡ɕʰiɔŋ˩˩ fu˧˥ t͡sz̩˧˥ min˧˥ hˈoᶷ kʰˈaᶦ mˈɪn , t͡ɕʰiu˩˩ fɨi˩˩ t͡ɕiɛu˧˥ t͡ɕʰie˨˦ ˈʌŋkəɫ hˈoᶷ , pɨt̚˥ ˈʌŋkəɫ mˈɪn .
nasab（نسب）係屬於父輩系統。佢用ibn/bin（ابن）表示一隻人嗰「崽」、bint表示一隻人嗰「女」。咁Ibn Khaldun（ابن خلدون）就係話「Khaldun嗰崽」。幾喇隻nasab連嘚一起就可以一下尋到早已佢嗰祖先嗰名字。到古阿拉伯嗰部落社會裡頭，箇對個人嗰身份、政治社會地位都係好重要嗰。	nˈæsæb nsb fu˩˩ pi˧˥ ɕi˩˩ tʰuŋ˨˩˧ . t͡ɕʰie˨˦ iuŋ˩˩ ˈɪbən bˈɪn ˈibn piɛu˨˩˧ sz̩˩˩ it̚˥ t͡saʔ˥ n̠ʲin˧˥ t͡sai˨˩˧ , bˈɪnt piɛu˨˩˧ sz̩˩˩ it̚˥ t͡saʔ˥ n̠ʲin˧˥ n̠ʲy˨˩˧ . ˈɪbən kʰˈɑːɫdən ˈibn xldwn t͡ɕʰiu˩˩ ua˩˩ kʰˈɑːɫdən t͡sai˨˩˧ . t͡ɕi˨˩˧ t͡saʔ˥ nˈæsæb it̚˥ t͡ɕʰi˨˩˧ t͡ɕʰiu˩˩ i˨˩˧ it̚˥ ha˩˩ t͡sʰin˨˦ tau˧˥ t͡sau˨˩˧ i˨˩˧ t͡ɕʰie˨˦ ɕiɛn˦˨ ˈmiaŋ˧˥ t͡sʰz̩˩˩ . tau˧˥ ku˨˩˧ la˦˨ pʰu˩˩ lɔʔ˨ sa˩˩ fɨi˩˩ li˨˩˧ tʰɛu˨˦ , ko˧˥ n̠ʲin˧˥ sɨn˦˨ , t͡sɨn˧˥ t͡sʰz̩˩˩ sa˩˩ fɨi˩˩ tʰi˩˩ ui˩˩ tu˦˨ hau˨˩˧ iɛu˦˨ .
斯拉夫民族都係「名 + 爺名 + 姓」三隻部分組成嗰。爺名（Отчество）大多時間係一隻人屋裡嗰爺嗰名字嗰基礎。像蘇聯先頭嗰總統斯達林嗰全名係Светлана Иосифовна Сталина（Svetlana Iosifovna Stalina），到佢嗰名字裡頭就可以曉得佢爺嗰名字係Иосиф（Iosif）。下頭就搦隻俄語嗰名字做比方。	sz̩˦˨ la˦˨ min˧˥ t͡sʰuʔ˥ tu˦˨ miaŋ˧˥ ia˧˥ miaŋ˧˥ ɕiaŋ˧˥ san˦˨ t͡saʔ˥ pʰu˩˩ fɨn˦˨ saŋ˧˥ . ia˧˥ miaŋ˧˥ ˈot͡ɕːɪstvə tʰai˩˩ to˦˨ sz̩˧˥ kan˨ it̚˥ t͡saʔ˥ n̠ʲin˧˥ uʔ˥ li˨˩˧ ia˧˥ ˈmiaŋ˧˥ t͡sʰz̩˩˩ t͡ɕi˦˨ . t͡ɕʰiɔŋ˩˩ su˦˨ liɛn˧˥ ɕiɛn˦˨ tʰɛu˨˦ tʰuŋ˨˩˧ sz̩˦˨ tʰaʔ˨ lin˧˥ t͡ɕʰyɵn˨˦ miaŋ˧˥ svʲɪtɫˈanə ˈiəsʲɪfəvnə stˈalʲɪnə svɛtlˈɑːnə iʲoᶷsifˈɑːvnə stəlˈiːnə , tau˧˥ t͡ɕʰie˨˦ ˈmiaŋ˧˥ t͡sʰz̩˩˩ li˨˩˧ tʰɛu˨˦ t͡ɕʰiu˩˩ i˨˩˧ ɕiɛu˨˩ tɛt̚˩ t͡ɕʰie˨˦ ia˧˥ ˈmiaŋ˧˥ t͡sʰz̩˩˩ ɪˈosʲɪf ˈaᶦəsɪf . ha˩˩ tʰɛu˩ t͡ɕʰiu˩˩ t͡saʔ˥ n̠ʲy˨˩˧ ˈmiaŋ˧˥ t͡sʰz̩˩˩ t͡su˧˥ pi˨˩ fɔŋ˩ .
男仔子嗰名字嗰詞尾通常係-o，少部分係-e、-i、-a。女仔子嗰名字嗰詞尾通常係-a，少部分係-e、-i。最作興嗰男仔子嗰名字係Giuseppe、Antonio、Giovanni、Francesco、Mario、Luigi；最作興嗰女仔子嗰名字係Maria、Anna、Rosa、Giuseppina、Angela、Giovanna。因為係羅馬帝國發源地嗰關係，意大利嗰人名有滴子係古羅馬嗰人名變來嗰，像Marco來自Marcus、Fabiano來自Fabianus、Orazio來自Horatius。	lan˧˥ t͡sz̩˨˩˧ ˈmiaŋ˧˥ t͡sʰz̩˩˩ t͡sʰz̩˨˦ ui˨˩˧ tʰuŋ˦˨ sɔŋ˧˥ ˈoᶷ , sɛu˨˩˧ pʰu˩˩ fɨn˦˨ ˈiː , ˈaᶦ , ˈə . n̠ʲy˨˩˧ t͡sz̩˨˩˧ ˈmiaŋ˧˥ t͡sʰz̩˩˩ t͡sʰz̩˨˦ ui˨˩˧ tʰuŋ˦˨ sɔŋ˧˥ ˈə , sɛu˨˩˧ pʰu˩˩ fɨn˦˨ ˈiː , ˈaᶦ . t͡sui˧˥ t͡sɔʔ˥ ɕin˦˨ lan˧˥ t͡sz̩˨˩˧ ˈmiaŋ˧˥ t͡sʰz̩˩˩ d͡ʒɪsˈɛpi , æntˈoᶷniːʲoᶷ , d͡ʒˌiːʲoᶷvˈɑːni , fɹænt͡ʃˈɛskoᶷ , mˈɑːɹiʲoᶷ , luːˈiːd͡ʒi , t͡sui˧˥ t͡sɔʔ˥ ɕin˦˨ n̠ʲy˨˩˧ t͡sz̩˨˩˧ ˈmiaŋ˧˥ t͡sʰz̩˩˩ mɚˈiːʲə , ˈænə , ɹˈoᶷzə , d͡ʒuːsˈɛpʰiːnə , ˈænd͡ʒələ , d͡ʒˌiːʲoᶷvˈɑːnə . in˦˨ lo˧˥ ma˨˩˧ ti˧˥ kuɛt̚˥ tʰi˩˩ kuan˦˨ , tʰai˩˩ li˩˩ n̠ʲin˧˥ miaŋ˧˥ iu˨˩˧ t͡sz̩˨˩˧ ku˨˩˧ lo˧˥ ma˨˩˧ n̠ʲin˧˥ miaŋ˧˥ lai˧˥ , t͡ɕʰiɔŋ˩˩ mˈɑːɹkoᶷ lai˧˥ t͡sʰz̩˩˩ mˈɑːɹkəs , fɑːbiʲˈɑːnoᶷ lai˧˥ t͡sʰz̩˩˩ fəbiʲˈɑːnəs , ɔːɹˈɑːziʲoᶷ lai˧˥ t͡sʰz̩˩˩ hɔːɹˈeᶦʃəs .
巴西聯邦共和國（葡萄牙文：República Federativa do Brasil）係隻南美洲嗰國家， 佢係世界第五大面積嗰國家，佢幾乎佔得南美洲一般嗰面積。 佢也係世界第五多人嗰國家，同得第四多人嗰民主國家。	pa˦˨ ɕi˦˨ liɛn˧˥ pɔŋ˦˨ kʰuŋ˩˩ fo˧˥ kuɛt̚˥ pʰu˨˦ tʰau˨ ŋa˧˥ un˧˥ , ɹᵻpʰˈʌblɪkə fˌiːd̬ɚətʰˈiːvə dˈuː bɹˈæsəɫ t͡saʔ˥ lan˧˥ mi˨˩˧ t͡sɨu˦˨ kuɛt̚˥ ka˦˨ , t͡ɕʰie˨˦ sz̩˧˥ kai˧˥ tʰi˩˩ ŋ̍˨˩˧ tʰai˩˩ miɛn˩˩ kuɛt̚˥ ka˦˨ , t͡ɕʰie˨˦ t͡ɕi˨˩˧ fu˧˥ tɛt̚˥ lan˧˥ mi˨˩˧ t͡sɨu˦˨ it̚˥ miɛn˩˩ . t͡ɕʰie˨˦ ia˨˩˧ sz̩˧˥ kai˧˥ tʰi˩˩ ŋ̍˨˩˧ to˦˨ n̠ʲin˧˥ kuɛt̚˥ ka˦˨ , tʰuŋ˨˦ tɛt̚˥ tʰi˩˩ sz̩˧˥ to˦˨ n̠ʲin˧˥ min˧˥ t͡ɕy˨˩˧ kuɛt̚˥ ka˦˨ .
蔣·波羅（荷蘭話：Joan Blaeu，1596年9月23號 – 1673年5月28號）係荷蘭嗰一隻地圖畫家。佢到1635年出版Atlas Novus（全名：Theatrum orbis terrarum, sive, Atlas novus），末後佢就開始做荷蘭東印度公司嗰專業地圖畫家。	po˦˨ lo˧˥ ho˨˦ lan˧˥ ua˩˩ , d͡ʒˈoᶷn blˈuː , it̚˥ ŋ̍˨˩˧ t͡ɕiu˨˩˧ liuʔ˥ n̠ʲiɛn˧˥ t͡ɕiu˨˩˧ n̠ʲyɵt̚˨ ɵ˩˩ sɨt̚˨ san˦˨ hau˩˩ it̚˥ liuʔ˥ t͡ɕʰit̚˥ san˦˨ n̠ʲiɛn˧˥ ŋ̍˨˩˧ n̠ʲyɵt̚˨ ɵ˩˩ sɨt̚˨ pat̚˥ hau˩˩ ho˨˦ lan˧˥ it̚˥ t͡saʔ˥ tʰi˩˩ fa˩˩ ka˦˨ . t͡ɕʰie˨˦ tau˧˥ it̚˥ liuʔ˥ san˦˨ ŋ̍˨˩˧ n̠ʲiɛn˧˥ t͡sʰɨt̚˥ ˈætləs nˈoᶷvəs t͡ɕʰyɵn˨˦ miaŋ˧˥ , θˈiːtɹəm ˈɔːɹbɪs tɚˈɛɹəm , sˈaᶦv , ˈætləs nˈoᶷvəs , hɛu˩˩ t͡ɕʰie˨˦ t͡ɕʰiu˩˩ kʰai˦˨ sz̩˨˩˧ t͡su˧˥ ho˨˦ lan˧˥ tuŋ˦˨ in˧˥ kuŋ˦˨ t͡sɵn˦˨ n̠ʲiɛt̚˥ tʰi˩˩ fa˩˩ ka˦˨ .
潘吉星，《宋應星評傳》，南京大學出版社，1990年，ISBN 7-305-00850-8	t͡ɕit̚˥ ɕiaŋ˦˨ , suŋ˧˥ ɕiaŋ˦˨ , lan˧˥ t͡ɕin˦˨ ˈtʰai˩˩ hɔʔ˨ t͡sʰɨt̚˥ sa˩˩ , it̚˥ t͡ɕiu˨˩˧ t͡ɕiu˨˩˧ lin˧˥ n̠ʲiɛn˧˥ , ˌaᶦˌɛsbiːʲˈɛn t͡ɕʰit̚˥ san˦˨ paʔ˥ lin˧˥ ŋ̍˨˩˧ pat̚˥ paʔ˥ ŋ̍˨˩˧ sɨt̚˨ pat̚˥
強弱四歩格（Trochaic tetrameter）：「Peter, // Peter, // pumpkin- // eater」	t͡ɕʰiɔŋ˨˦ n̠ʲiɔʔ˥ sz̩˧˥ tɹoᶷkʰˈeᶦɪk tətɹˈæmət̬ɚ , pʰˈiːt̬ɚ , pʰˈiːt̬ɚ , pʰˈʌmpkɪn ˈiːt̬ɚ
Ere frost-flower and snow-blossom faded and fell, and the splendour of winter had passed out of sight,	ˈɛɹ fɹˈɔːst flˈaᶷɚ ˈənd snˈoᶷ blˈɑːsəm fˈeᶦd̬ᵻd ˈənd fˈɛɫ , ˈənd ðˈə splˈɛndɔːɹ ˈʌv wˈɪntɚ hˈæd pʰˈæst ˈaᶷt ˈʌv sˈaᶦt ,
I fondly ask; but Patience to prevent (a)	ˈaᶦ fˈɑːndli ˈæsk bˈʌt pʰˈeᶦʃəns tʰˈuː pɹᵻvˈɛnt ˈə
And the sheen of their spears was like stars on the sea	ˈənd ðˈə ʃˈiːn ˈʌv ðˈɛɹ spˈɪɹz wˈɑːz lˈaᶦk stˈɑːɹz ˈɑːn ðˈə sˈiː
And there she wept and sighed full sore,	ˈənd ðˈɛɹ ʃˈiː wˈɛpt ˈənd sˈaᶦd fˈʊɫ sˈɔːɹ ,
With beaded bubbles winking at the brim,	wˈɪð bˈiːd̬ᵻd bˈʌbəɫz wˈɪŋkɪŋ ˈæt ðˈə bɹˈɪm ,
Through verdurous glooms and winding mossy ways.	θɹˈuː vˈɝdjʊɹˌaᶷs ɡlˈuːmz ˈənd wˈaᶦndɪŋ mˈɔːsi wˈeᶦz .
Thou wast not born for death, immortal Bird!	ðˈaᶷ wˈɑːt nˈɑːt bˈɔːɹn fˈɔːɹ dˈɛθ , ɪmˈɔːɹt̬əɫ bˈɝd !
引用古語：像莎士比亞嗰「Thou art, thou hast, thee, thine」，翻譯過來就係「汝係、汝有、汝、汝之」	iuŋ˩˩ ku˨˩˧ n̠ʲy˨˩˧ , t͡ɕʰiɔŋ˩˩ sz̩˩˩ pi˨˩˧ ŋa˨˩˧ ðˈaᶷ ˈɑːɹt , ðˈaᶷ hˈæst , ðˈiː , ðˈaᶦn , fan˦˨ it̚˥ kuo˧˥ lai˧˥ t͡ɕʰiu˩˩ , iu˨˩˧ , t͡sz̩˦˨
Dead in the middle of little Italy, little did we know that we riddled two middle men who didn't do diddily.	dˈɛd ˈɪn ðˈə mˈɪd̬əɫ ˈʌv lˈɪt̬əɫ ˈɪt̬əli , lˈɪt̬əɫ dˈɪd wˈiː nˈoᶷ ðˈæt wˈiː ɹˈɪd̬ᵻɫd tʰˈuː mˈɪd̬əɫ mˈɛn hˈuː dɪdˈiːʲɛn tʰˈiː dˈuː dˈɪd̬ili .
阿基米德（希臘語：Ἀρχιμήδης），公元前287年出世，公元前212前過身，係隻希臘嗰數學家、物理學家、天文學家、工程家、發明家。佢活得時間嗰詳細情況箇下都冇舞得清楚，但佢哈係拕認為係古典時期嗰尖端科學家之一。	t͡ɕi˦˨ mi˨˩˧ ɕi˦˨ n̠ʲy˨˩˧ , ɾçimiðis , kuŋ˦˨ n̠ʲyɵn˧˥ t͡ɕʰiɛn˨˦ ɵ˩˩ paʔ˥ pat̚˥ sɨt̚˨ t͡ɕʰit̚˥ n̠ʲiɛn˧˥ t͡sʰɨt̚˥ sz̩˧˥ , kuŋ˦˨ n̠ʲyɵn˧˥ t͡ɕʰiɛn˨˦ ɵ˩˩ paʔ˥ it̚˥ sɨt̚˨ ɵ˩˩ t͡ɕʰiɛn˨˦ kuo˧˥ sɨn˦˨ , t͡saʔ˥ ɕi˦˨ su˨˩˧ hɔʔ˨ ka˦˨ , ut̚˥ li˨˩˧ hɔʔ˨ ka˦˨ , tʰiɛn˦˨ un˧˥ hɔʔ˨ ka˦˨ , kuŋ˦˨ ka˦˨ , min˧˥ ka˦˨ . t͡ɕʰie˨˦ uɵt̚˨ tɛt̚˥ sz̩˧˥ kan˨ ɕiɔŋ˧˥ t͡ɕʰin˨˦ kʰuɔŋ˨˩˧ ha˩˩ tu˦˨ tɛt̚˥ t͡ɕʰin˦˨ t͡sʰu˨˩˧ , t͡ɕʰie˨˦ n̠ʲin˩˩ ku˨˩˧ tiɛn˨˩˧ sz̩˧˥ t͡ɕiɛn˦˨ tɵn˦˨ ˈkʰuo˦˨ hɔʔ˥ ka˦˨ t͡sz̩˦˨ it̚˥ .
努眉（مولانا جلال الدین محمد رومی‎），1207年9月30號出世，1273年12月17號過身，係隻波斯嗰詩人，伊斯蘭教嗰蘇菲派神秘主義詩人、教法學家。	mwlˈaːnaː d͡ʒlˈaːl ˈadjn mħmd rwmj , it̚˥ ɵ˩˩ lin˧˥ t͡ɕʰit̚˥ n̠ʲiɛn˧˥ t͡ɕiu˨˩˧ n̠ʲyɵt̚˨ san˦˨ sɨt̚˨ hau˩˩ t͡sʰɨt̚˥ sz̩˧˥ , it̚˥ ɵ˩˩ t͡ɕʰit̚˥ san˦˨ n̠ʲiɛn˧˥ sɨt̚˨ ɵ˩˩ n̠ʲyɵt̚˨ sɨt̚˨ t͡ɕʰit̚˥ hau˩˩ kuo˧˥ sɨn˦˨ , t͡saʔ˥ po˦˨ sz̩˦˨ sz̩˦˨ n̠ʲin˧˥ , sz̩˦˨ lan˧˥ kau˧˥ su˦˨ pʰai˨˩˧ sɨn˦˨ pi˧˥ t͡ɕy˨˩˧ n̠ʲi˩˩ sz̩˦˨ n̠ʲin˧˥ , kau˧˥ fat̚˥ hɔʔ˨ ka˦˨ .
卡夫卡（Franz Kafka），1883年7月3號出世，1924年6月3號過身，係隻20世紀有名嗰德語作家。	kʰa˨˩˧ kʰa˨˩˧ fɹˈænz kʰˈɑːfkə , it̚˥ pat̚˥ pat̚˥ san˦˨ n̠ʲiɛn˧˥ t͡ɕʰit̚˥ n̠ʲyɵt̚˨ san˦˨ hau˩˩ t͡sʰɨt̚˥ sz̩˧˥ , it̚˥ t͡ɕiu˨˩˧ ɵ˩˩ sz̩˧˥ n̠ʲiɛn˧˥ liuʔ˥ n̠ʲyɵt̚˨ san˦˨ hau˩˩ kuo˧˥ sɨn˦˨ , t͡saʔ˥ ɵ˩˩ sɨt̚˨ sz̩˧˥ iu˩˧ miaŋ˧˥ n̠ʲy˨˩˧ t͡sɔʔ˥ ka˦˨ .
瑪當娜（Madonna Louise Veronica Ciccone），1958年8月16號出世，係隻美國嗰藝術家、舞蹈家、演員、企業家。	tɔŋ˦˨ mədˈɑːnə luːˈiːz vɚˈɑːnɪkə t͡ʃikʰˈoᶷniː , it̚˥ t͡ɕiu˨˩˧ ŋ̍˨˩˧ pat̚˥ n̠ʲiɛn˧˥ pat̚˥ n̠ʲyɵt̚˨ sɨt̚˨ liuʔ˥ hau˩˩ t͡sʰɨt̚˥ sz̩˧˥ , t͡saʔ˥ mi˨˩˧ kuɛt̚˥ sɨt̚˥ ka˦˨ , ka˦˨ , iɛn˨˩˧ yɵn˧˥ , n̠ʲiɛt̚˥ ka˦˨ .
道爾頓（John Dalton），1766年9月6號出世，1844年7月27號過身，係隻英國嗰化學家、物理學家、氣象學家。佢最出名嗰著作係佢嗰現代原子理論同到對色盲嗰研究。	tʰau˩˩ tɨn˧˥ d͡ʒˈɑːn dˈɔːɫtən , it̚˥ t͡ɕʰit̚˥ liuʔ˥ liuʔ˥ n̠ʲiɛn˧˥ t͡ɕiu˨˩˧ n̠ʲyɵt̚˨ liuʔ˥ hau˩˩ t͡sʰɨt̚˥ sz̩˧˥ , it̚˥ pat̚˥ sz̩˧˥ sz̩˧˥ n̠ʲiɛn˧˥ t͡ɕʰit̚˥ n̠ʲyɵt̚˨ ɵ˩˩ sɨt̚˨ t͡ɕʰit̚˥ hau˩˩ kuo˧˥ sɨn˦˨ , t͡saʔ˥ in˦˨ kuɛt̚˥ fa˧˥ hɔʔ˨ ka˦˨ , ut̚˥ li˨˩˧ hɔʔ˨ ka˦˨ , t͡ɕʰi˨˩˧ ɕiɔŋ˩˩ hɔʔ˨ ka˦˨ . t͡ɕʰie˨˦ t͡sui˧˥ t͡sʰɨt̚˥ miaŋ˧˥ t͡sɔʔ˥ t͡sɔʔ˥ t͡ɕʰie˨˦ ɕiɛn˩˩ tʰai˩˩ n̠ʲyɵn˧˥ t͡sz̩˨˩˧ li˨˩˧ tʰuŋ˨˦ tau˧˥ sɛt̚˥ n̠ʲiɛn˨˩˧ t͡ɕiu˧˥ .
