# word	IPA	split — built by tools/afrikaans/build_af_g2p_data.ts
'n	ə	train
aag	ɑːχ	train
aah	ɑː	train
aai	ɑːi	train
aaklige	ɑːkləχə	train
aalmoese	ɑːlmusə	train
aaltjie	ɑːlki	train
aalwyn	ɑːlvəin	train
aalwyne	ɑːlvəinə	train
aambeie	ɑːmbəiə	train
aan	ɑːn	train
aan't	ɑːnt	train
aanbetref	ɑːnbətrɛf	train
aanbeveel	ɑːnbəfiəl	train
aanbevelend	ɑːnbəfiələnt	train
aanbeveling	ɑːnbəfiələŋ	train
aanbevelinge	ɑːnbəfiələŋə	test
aanbevelings	ɑːnbəfiələŋs	train
aanbevole	ɑːnbəfulə	test
aanbid	ɑːnbət	train
aanbidders	ɑːnbədərs	train
aanbidding	ɑːnbədəŋ	train
aanbied	ɑːnbit	train
aanbieder	ɑːnbidər	train
aanbieders	ɑːnbidərs	train
aanbieding	ɑːnbidəŋ	test
aanbiedinge	ɑːnbidəŋə	test
aanbiedings	ɑːnbidəŋs	test
aanbiedingsmetodes	ɑːnbidəŋsmətuədəs	train
aanbiedingswyse	ɑːnbidəŋsvəisə	train
aanblaas	ɑːnblɑːs	train
aanbly	ɑːnbləi	train
aanbod	ɑːnbɔt	train
aanbodkromme	ɑːnbɔtkrɔmə	train
aanbou	ɑːnbœu	train
aanbouing	ɑːnbœuəŋ	test
aanbreek	ɑːnbriək	train
aanbring	ɑːnbrəŋ	train
aand	ɑːnt	train
aandadig	ɑːndɑːdəχ	train
aandadigheid	ɑːndɑːdəχɦəit	train
aandag	ɑːndaχ	train
aande	ɑːndə	train
aandeel	ɑːndiəl	train
aandeelhouding	ɑːndiəlɦœudəŋ	train
aandeelhoudings	ɑːndiəlɦœudəŋs	train
aandeelhouer	ɑːndiəlɦœuər	train
aandeelhouers	ɑːndiəlɦœuərs	train
aandeelhouersbelang	ɑːndiəlɦœuərsbəlaŋ	train
aandeelmark	ɑːndiəlmark	train
aandeelmarkte	ɑːndiəlmarktə	train
aandeelprys	ɑːndiəlprəis	train
aandeelpryse	ɑːndiəlprəisə	test
aandele	ɑːndiələ	train
aandelebeleggings	ɑːndiələbəlɛχəŋs	train
aandelebeurs	ɑːndiələbøːrs	train
aandelebeurse	ɑːndiələbøːrsə	train
aandelefonds	ɑːndiələfɔnts	train
aandelekapitaal	ɑːndiələkapitɑːl	train
aandelemakelaar	ɑːndiələmɑːkəlɑːr	train
aandelemark	ɑːndiələmark	test
aandelemarkte	ɑːndiələmarktə	train
aandeleportefeulje	ɑːndiələpɔrtəfyljə	train
aandelepryse	ɑːndiələprəisə	train
aandelesertifikate	ɑːndiələsɛrtifikɑːtə	train
aandeletransaksies	ɑːndiələtransaksis	train
aandeletrusts	ɑːndiələtrœsts	train
aandenking	ɑːndɛŋkəŋ	test
aandenkings	ɑːndɛŋkəŋs	train
aandete	ɑːntiətə	train
aandetes	ɑːntiətəs	train
aandjie	ɑːiŋki	train
aandlug	ɑːntlœχ	train
aandoen	ɑːndun	train
aandoening	ɑːndunəŋ	train
aandra	ɑːndrɑː	test
aandrang	ɑːndraŋ	test
aandring	ɑːndrəŋ	train
aandrood	ɑːntruət	train
aandryf	ɑːndrəif	train
aandrywing	ɑːndrəivəŋ	train
aandster	ɑːntstər	train
aandui	ɑːndœy	train
aanduidend	ɑːndœydənt	test
aanduider	ɑːndœydər	train
aanduiders	ɑːndœydərs	train
aanduiding	ɑːndœydəŋ	train
aanduidinge	ɑːndœydəŋə	train
aanduidings	ɑːndœydəŋs	train
aanduidinkie	ɑːndœydəŋki	train
aandurf	ɑːndœrf	train
aaneen	ɑːniən	train
aaneenflansing	ɑːniənflansəŋ	train
aaneenlopend	ɑːniənlupənt	train
aaneenlopende	ɑːniənluəpəndə	train
aaneensluiting	ɑːniənslœytəŋ	train
aangaan	ɑːnχɑːn	train
aangaande	ɑːnχɑːndə	train
aangebied	ɑːnχəbit	train
aangebly	ɑːnχəbləi	train
aangebode	ɑːnχəbuədə	train
aangebore	ɑːnχəbuərə	train
aangebou	ɑːnχəbœu	test
aangebreek	ɑːnχəbriək	train
aangebring	ɑːnχəbrəŋ	train
aangedaan	ɑːnχədɑːn	train
aangedik	ɑːnχədək	train
aangedoen	ɑːnχədun	train
aangedra	ɑːnχədrɑː	train
aangedraai	ɑːnχədrɑːi	train
aangedrewe	ɑːnχədriəvə	train
aangedring	ɑːnχədrəŋ	train
aangedryf	ɑːnχədrəif	train
aangedui	ɑːnχədœy	train
aangeduide	ɑːnχədœydə	train
aangedurf	ɑːnχədœrf	train
aangee	ɑːnχiə	train
aangegaan	ɑːnχəχɑːn	train
aangegee	ɑːnχəχiə	train
aangegroei	ɑːnχəχrui	train
aangegryp	ɑːnχəχrəip	train
aangehaal	ɑːnχəɦɑːl	train
aangehad	ɑːnχəɦɑːt	train
aangehang	ɑːnχəɦaŋ	train
aangehardloop	ɑːnχəɦartluəp	train
aangeheg	ɑːnχəɦɛχ	test
aangehegte	ɑːnχəɦɛχtə	train
aangehelp	ɑːnχəɦɛlp	train
aangehits	ɑːnχəɦəts	train
aangehoor	ɑːnχəɦuər	train
aangehou	ɑːnχəɦœu	train
aangehoudene	ɑːnχəɦœudənə	test
aangehoudenes	ɑːnχəɦœudənəs	train
aangejaagde	ɑːnχəjɑːχdə	test
aangekeer	ɑːnχəkiər	train
aangekla	ɑːnχəklɑː	train
aangeklaagde	ɑːnχəklɑːχdə	train
aangeklaagdes	ɑːnχəklɑːχdəs	train
aangeklop	ɑːnχəklɔp	test
aangeknoop	ɑːnχəknuəp	train
aangekom	ɑːnχəkɔm	train
aangekondig	ɑːnχəkɔndəχ	train
aangekoop	ɑːnχəkuəp	train
aangekweek	ɑːnχəkwiək	train
aangekyk	ɑːnχəkəik	train
aangeleenthede	ɑːnχəliəntɦiədə	train
aangeleentheid	ɑːnχəliəntɦəit	train
aangeleer	ɑːnχəliər	train
aangeleerde	ɑːnχəliərdə	train
aangeloop	ɑːnχəluəp	train
aangemaak	ɑːnχəmɑːk	train
aangemeld	ɑːnχəmɛlt	train
aangemelde	ɑːnχəmɛldə	train
aangemoedig	ɑːnχəmudəχ	train
aangenaam	ɑːnχənɑːm	test
aangename	ɑːnχənɑːmə	train
aangenamer	ɑːnχənɑːmər	train
aangeneem	ɑːnχəniəm	train
aangenome	ɑːnχənuəmə	train
aangepak	ɑːnχəpak	test
aangepas	ɑːnχəpas	train
aangepasde	ɑːnχəpasdə	test
aangepaste	ɑːnχəpastə	test
aangeplant	ɑːnχəplant	train
aangepor	ɑːnχəpɔr	train
aangeraai	ɑːnχərɑːi	train
aangeraak	ɑːnχərɑːk	train
aangerand	ɑːnχərant	train
aangerig	ɑːnχərəχ	train
aangeroep	ɑːnχərup	train
aangeroer	ɑːnχərur	train
aangery	ɑːnχərəi	test
aangesien	ɑːnχəsin	test
aangesig	ɑːnχəsəχ	train
aangesit	ɑːnχəsət	test
aangeskaf	ɑːnχəskaf	test
aangeskakel	ɑːnχəskɑːkəl	train
aangeskrewe	ɑːnχəskriəvə	train
aangeslaan	ɑːnχəslɑːn	train
aangeslane	ɑːnχəslɑːnə	train
aangesluit	ɑːnχəslœyt	train
aangespoor	ɑːnχəspuər	train
aangespreek	ɑːnχəspriək	train
aangesprokene	ɑːnχəspruəkənə	train
aangestaar	ɑːnχəstɑːr	train
aangesteek	ɑːnχəstiək	train
aangestel	ɑːnχəstɛl	train
aangestelde	ɑːnχəstɛldə	train
aangesuiwer	ɑːnχəsœyvər	train
aangesweef	ɑːnχəswiəf	train
aangetas	ɑːnχətas	train
aangetaste	ɑːnχətastə	train
aangeteken	ɑːnχətiəkən	train
aangetekende	ɑːnχətiəkəndə	train
aangetoon	ɑːnχətuən	train
aangetoonde	ɑːnχətuəndə	train
aangetree	ɑːnχətriə	train
aangetref	ɑːnχətrɛf	train
aangetrek	ɑːnχətrɛk	train
aangetrokke	ɑːnχətrɔkə	train
aangetrokkenheid	ɑːnχətrɔkənɦəit	train
aangetroude	ɑːnχətrœudə	train
aangeval	ɑːnχəfal	train
aangevang	ɑːnχəfaŋ	test
aangevange	ɑːnχəfaŋə	train
aangevlieë	ɑːnχəfliə	train
aangevoel	ɑːnχəful	train
aangevoer	ɑːnχəfur	train
aangevoor	ɑːnχəfuər	train
aangevra	ɑːnχəfrɑː	train
aangevul	ɑːnχəfœl	train
aangewakker	ɑːnχəvakər	train
aangewend	ɑːnχəvɛnt	train
aangewese	ɑːnχəviəsə	train
aangewys	ɑːnχəvəis	train
aangewysde	ɑːnχəvəisdə	test
aangeë	ɑːnχiə	test
aangrensend	ɑːnχrɛnsənt	train
aangrensende	ɑːnχrɛnsəndə	train
aangroei	ɑːnχrui	train
aangryp	ɑːnχrəip	train
aangrypend	ɑːnχrəipənt	train
aangrypende	ɑːnχrəipəndə	train
aanhaal	ɑːnɦɑːl	train
aanhaling	ɑːnɦɑːləŋ	train
aanhalings	ɑːnɦɑːləŋs	test
aanhalingstekens	ɑːnɦɑːləŋstiəkəns	train
aanhang	ɑːnɦaŋ	train
aanhanger	ɑːnɦaŋər	train
aanhangers	ɑːnɦaŋərs	train
aanhangig	ɑːnɦaŋəχ	train
aanhangsel	ɑːnɦaŋsəl	train
aanhangsels	ɑːnɦaŋsəls	train
aanhef	ɑːnɦɛf	train
aanheg	ɑːnɦɛχ	train
aanhegting	ɑːnɦɛχtəŋ	train
aanhelp	ɑːnɦɛlp	train
aanhits	ɑːnɦəts	train
aanhitsing	ɑːnɦətsəŋ	train
aanhoor	ɑːnɦuər	train
aanhou	ɑːnɦœu	train
aanhoudend	ɑːnɦœudənt	train
aanhoudende	ɑːnɦœudəndə	train
aanhouding	ɑːnɦœudəŋ	train
aanjaag	ɑːnjɑːχ	train
aanjaer	ɑːnjɑːər	test
aankla	ɑːnklɑː	train
aanklaer	ɑːnklɑːər	train
aanklaers	ɑːnklɑːərs	test
aanklag	ɑːnklaχ	train
aanklagte	ɑːnklaχtə	train
aanklank	ɑːnklaŋk	train
aanklop	ɑːnklɔp	train
aanknoop	ɑːnknuəp	test
aankom	ɑːnkɔm	test
aankomelinge	ɑːnkuəmələŋə	test
aankomende	ɑːnkuəməndə	train
aankoms	ɑːnkɔms	train
aankondig	ɑːnkɔndəχ	train
aankondiging	ɑːnkɔndəχəŋ	train
aankondigings	ɑːnkɔndəχəŋs	train
aankoop	ɑːnkuəp	train
aankoopprys	ɑːnkuəpprəis	train
aankope	ɑːnkuəpə	train
aankopers	ɑːnkuəpərs	train
aankweek	ɑːnkwiək	test
aankyk	ɑːnkəik	train
aanland	ɑːnlant	train
aanleer	ɑːnliər	train
aanleerproses	ɑːnliərprusɛs	train
aanleerstappe	ɑːnliərstapə	train
aanleg	ɑːnlɛχ	train
aanlegontwerp	ɑːnlɛχɔntvɛrp	train
aanlegte	ɑːnlɛχtə	train
aanleidende	ɑːnləidəndə	train
aanleiding	ɑːnləidəŋ	train
aanliggende	ɑːnləχəndə	test
aanloklik	ɑːnlɔklək	train
aanloklike	ɑːnlɔkləkə	train
aanloop	ɑːnluəp	train
aanloopbaan	ɑːnluəpbɑːn	train
aanlyn	ɑːnləin	train
aanmaning	ɑːnmɑːnəŋ	train
aanmekaar	ɑːnməkɑːr	train
aanmekaargeflansde	ɑːnməkɑːrχəflansdə	train
aanmekaargesit	ɑːnməkɑːrχəsət	train
aanmeld	ɑːnmɛlt	train
aanmelding	ɑːnmɛldəŋ	train
aanmerking	ɑːnmɛrkəŋ	train
aanmerkings	ɑːnmɛrkəŋs	train
aanmerklik	ɑːnmɛrklək	test
aanmoedig	ɑːnmudəχ	train
aanmoediging	ɑːnmudəχəŋ	train
aanname	ɑːnɑːmə	test
aannames	ɑːnɑːməs	train
aanneem	ɑːniəm	train
aanneemouers	ɑːniəmœuərs	train
aannemer	ɑːniəmər	train
aanneming	ɑːniəməŋ	train
aannemings	ɑːniəməŋs	train
aanpak	ɑːnpak	train
aanpas	ɑːnpas	train
aanpasbaar	ɑːnpasbɑːr	train
aanpasbaarheid	ɑːnpasbɑːrɦəit	train
aanpassing	ɑːnpasəŋ	train
aanpassings	ɑːnpasəŋs	train
aanplant	ɑːnplant	train
aanplanting	ɑːnplantəŋ	train
aanplantings	ɑːnplantəŋs	train
aanpor	ɑːnpɔr	train
aanpresenteer	ɑːnprəsɛntiər	train
aanraak	ɑːnrɑːk	train
aanraking	ɑːnrɑːkəŋ	train
aanrand	ɑːnrant	train
aanranding	ɑːnrandəŋ	train
aanrandings	ɑːnrandəŋs	train
aanrig	ɑːnrəχ	train
aanroep	ɑːnrup	train
aanroer	ɑːnrur	train
aanry	ɑːnrəi	train
aansien	ɑːnsin	test
aansienlik	ɑːnsinlək	train
aansienlike	ɑːnsinləkə	train
aansig	ɑːnsəχ	train
aansigte	ɑːnsəχtə	train
aansit	ɑːnsət	train
aansitter	ɑːnsətər	train
aanskaf	ɑːnskaf	train
aanskakel	ɑːnskɑːkəl	train
aanskou	ɑːnskœu	train
aanskoue	ɑːnskœuə	train
aanskoulik	ɑːnskœulək	train
aanskoulike	ɑːnskœuləkə	train
aanskyn	ɑːnskəin	train
aanslaan	ɑːnslɑːn	train
aanslae	ɑːnslɑːə	train
aanslag	ɑːnslaχ	train
aanslagformule	ɑːnslaχfɔrmylə	train
aansluit	ɑːnslœyt	train
aansluitend	ɑːnslœytənt	test
aansluiting	ɑːnslœytəŋ	train
aansluitings	ɑːnslœytəŋs	train
aansoek	ɑːnsuk	train
aansoeke	ɑːnsukə	train
aansoeker	ɑːnsukər	train
aansoekers	ɑːnsukərs	train
aansoekprosedure	ɑːnsukprɔsədyrə	train
aansoekvorm	ɑːnsukfɔrm	train
aansoekvorms	ɑːnsukfɔrms	test
aanspoor	ɑːnspuər	train
aanspoorkragte	ɑːnspuərkraχtə	test
aansporing	ɑːnspuərəŋ	train
aansporings	ɑːnspurəŋs	train
aanspraak	ɑːnsprɑːk	train
aanspraakmaker	ɑːnsprɑːkmɑːkər	train
aanspraakmakers	ɑːnsprɑːkmɑːkərs	train
aansprake	ɑːnsprɑːkə	train
aanspreek	ɑːnspriək	train
aanspreeklik	ɑːnspriəklək	train
aanspreeklikhede	ɑːnspriəkləkɦiədə	train
aanspreeklikheid	ɑːnspriəkləkɦəit	train
aanspreeksin	ɑːnspriəksən	train
aanspreekvorm	ɑːnspriəkfɔrm	train
aanstaan	ɑːnstɑːn	test
aanstaande	ɑːnstɑːndə	test
aanstaar	ɑːnstɑːr	train
aanstaltes	ɑːnstaltəs	train
aanstap	ɑːnstap	train
aansteek	ɑːnstiək	test
aansteeklik	ɑːnstiəklək	train
aansteeklike	ɑːnstiəkləkə	train
aanstel	ɑːnstɛl	train
aanstelling	ɑːnstɛləŋ	train
aanstellings	ɑːnstɛləŋs	train
aansterk	ɑːnstɛrk	train
aanstons	ɑːnstɔns	train
aanstoot	ɑːnstuət	test
aanstootlik	ɑːnstuətlək	train
aanstootlike	ɑːnstuətləkə	train
aansuiwer	ɑːnsœyvər	train
aansuiwering	ɑːnsœyvərəŋ	test
aansuiwerings	ɑːnsœyvərəŋs	train
aansuiweringsproefbalans	ɑːnsœyvərəŋsprufbalɑːns	train
aantal	ɑːntal	train
aantas	ɑːntas	train
aantasting	ɑːntastəŋ	train
aanteken	ɑːntiəkən	train
aantekening	ɑːntiəkənəŋ	train
aantekeningboek	ɑːntiəkənəŋbuk	train
aantekeninge	ɑːntiəkənəŋə	train
aantekenings	ɑːntiəkənəŋs	train
aantog	ɑːntɔχ	train
aantoon	ɑːntuən	train
aantree	ɑːntriə	train
aantref	ɑːntrɛf	train
aantrek	ɑːntrɛk	test
aantrekkamer	ɑːntrɛkkɑːmər	test
aantrekking	ɑːntrɛkəŋ	train
aantrekkingskrag	ɑːntrɛkəŋskraχ	train
aantreklik	ɑːntrɛklək	test
aantreklike	ɑːntrɛkləkə	train
aantrekliker	ɑːntrɛkləkər	train
aantreklikhede	ɑːntrɛkləkɦiədə	train
aantreklikheid	ɑːntrɛkləkɦəit	train
aantreklikste	ɑːntrɛkləkstə	train
aantyging	ɑːntəiχəŋ	train
aantygings	ɑːntəiχəŋs	train
aanvaar	ɑːnfɑːr	train
aanvaarbaar	ɑːnfɑːrbɑːr	train
aanvaarbaarheid	ɑːnfɑːrbɑːrɦəit	train
aanvaarbare	ɑːnfɑːrbɑːrə	train
aanvaarde	ɑːnfɑːrdə	train
aanvaarding	ɑːnfɑːrdəŋ	train
aanval	ɑːnfal	train
aanvalle	ɑːnfalə	train
aanvallend	ɑːnfalənt	train
aanvallende	ɑːnfaləndə	train
aanvaller	ɑːnfalər	train
aanvallers	ɑːnfalərs	train
aanvang	ɑːnfaŋ	train
aanvangs	ɑːnfaŋs	train
aanvangsfase	ɑːnfaŋsfɑːsə	train
aanvangskolwer	ɑːnfaŋskɔlvər	test
aanvangskolwers	ɑːnfaŋskɔlvərs	train
aanvangslees	ɑːnfaŋsliəs	train
aanvangsmaat	ɑːnfaŋsmɑːt	train
aanvangsvoorraad	ɑːnfaŋsfuərɑːt	train
aanvanklik	ɑːnfaŋklək	train
aanvanklike	ɑːnfaŋkləkə	train
aanvat	ɑːnfat	train
aanverwante	ɑːnfərvantə	train
aanvoel	ɑːnful	train
aanvoeling	ɑːnfuləŋ	train
aanvoer	ɑːnfur	test
aanvoerders	ɑːnfurdərs	train
aanvoering	ɑːnfurəŋ	train
aanvra	ɑːnfrɑː	train
aanvraag	ɑːnfrɑːχ	train
aanvul	ɑːnfœl	train
aanvullend	ɑːnfœlənt	train
aanvullende	ɑːnfœləndə	train
aanvullers	ɑːnfœlərs	train
aanvullings	ɑːnfœləŋs	train
aanwakker	ɑːnvakər	test
aanwas	ɑːnvas	train
aanwend	ɑːnvɛnt	train
aanwending	ɑːnvɛndəŋ	train
aanwendsel	ɑːnvɛntsəl	train
aanwesig	ɑːnviəsəχ	train
aanwesige	ɑːnviəsəχə	train
aanwesiges	ɑːnviəsəχəs	train
aanwesigheid	ɑːnviəsəχɦəit	train
aanwins	ɑːnvəns	train
aanwinste	ɑːnvənstə	test
aanwys	ɑːnvəis	test
aanwysende	ɑːnvəisəndə	test
aanwyser	ɑːnvəisər	train
aanwysers	ɑːnvəisərs	train
aanwysing	ɑːnvəisəŋ	train
aanwysings	ɑːnvəisəŋs	train
aap	ɑːp	train
aar	ɑːr	train
aarbeie	ɑːrbəiə	train
aard	ɑːrt	train
aardas	ɑːrtas	train
aardbewing	ɑːrtbiəvəŋ	train
aardbewings	ɑːrtbiəvəŋs	train
aardbewoner	ɑːrtbəvuənər	train
aardbewoners	ɑːrtbəvuənərs	train
aardbol	ɑːrtbɔl	train
aarde	ɑːrdə	train
aardgas	ɑːrtχas	train
aardgenote	ɑːrtχənuətə	train
aardig	ɑːrdəχ	train
aardigheid	ɑːrdəχɦəit	train
aardklop	ɑːrtklɔp	train
aardkors	ɑːrtkɔrs	train
aardkwessies	ɑːrtkwɛsis	train
aardoppervlak	ɑːrtɔpərflak	train
aardrykskunde	ɑːrdrəikskœndə	train
aards	ɑːrts	train
aardse	ɑːrtsə	train
aardskudding	ɑːrtskœdəŋ	train
aardt	ɑːrt	train
aardvark	ɑːrtfark	train
aardverhitting	ɑːrtfərɦətəŋ	test
aardverwarming	ɑːrtfərvarməŋ	train
aarsel	ɑːrsəl	train
aarselend	ɑːrsələnt	train
aarseling	ɑːrsələŋ	train
aartappel	ɑːrtapəl	train
aartappels	ɑːrtapəls	train
aartappelskyfies	ɑːrtapəlskəifis	train
aartjies	ɑːrkis	train
aartsbiskop	ɑːrtsbəskɔp	train
aartsvaders	ɑːrtsfɑːdərs	train
aartsvyand	ɑːrtsfəiant	test
aartsvyande	ɑːrtsfəiandə	train
aas	ɑːs	train
aasvoël	ɑːsfuəl	train
aasvoëls	ɑːsfuəls	train
abba	aba	train
abbas	abas	train
abdominale	abdɔminɑːlə	train
abduksie	abdœksi	train
abe	əib	train
abiotiese	abiuətisə	train
abjekte	abjɛktə	test
ablatief	ablatif	test
abnormaal	abnɔrmɑːl	train
abnormale	abnɔrmɑːlə	train
abnormaliteit	abnɔrmalitəit	test
abnormaliteite	abnɔrmalitəitə	train
aborsie	abɔrsi	train
aborsies	abɔrsis	test
abraham	ɑːbraɦam	test
abram	ɑːbram	train
abseil	ɛbsəil	train
absent	absɛnt	train
abses	absɛs	train
absolute	absulytə	test
absolutes	absulytəs	train
absolutisme	absulytəsmə	train
absorbeer	absɔrbiər	train
absorpsie	abzɔrpsi	train
absorpsiekoste	abzɔrpsikɔstə	train
abstrak	abstrak	train
abstraksie	abstraksi	train
abstrakte	abstraktə	test
absurd	absœrt	train
absurde	absœrdə	train
absurditeit	absœrditəit	train
abuis	abœys	train
academica	akadiəmika	train
adamsappel	adamsapəl	test
adamstein	adamstəin	train
adaptasie	adaptɑːsi	train
addendum	adɛndœm	test
addendums	adɛndœms	train
addisioneel	adiʃiuniəl	train
addisionele	adiʃiuniələ	train
additiewe	adətivə	train
adel	ɑːdəl	train
adelaar	ɑːdəlɑːr	test
adellike	ɑːdələkə	train
adellikes	ɑːdələkəs	train
adelstand	ɑːdəlstant	train
adem	ɑːdəm	train
adiabatiese	adiabɑːtisə	train
adjektief	adjɛktif	train
adjektiewe	adjɛktivə	train
adjunk	adjœŋk	train
adjunkhoof	adjœŋkɦuəf	train
adjunkminister	adjœŋkmənəstər	train
adjunkpresident	adjœŋkprəsədɛnt	train
adjunkredakteur	adjœŋkrɛdaktøːr	test
adjunkspeaker	adjœŋkspikər	train
adjunkvoorsitter	adjœŋkfuərsətər	train
admin	admən	test
administrasie	admənəstrɑːsi	train
administrasiekoste	admənəstrɑːsikɔstə	train
administrasies	admənəstrɑːsis	train
administrateur	admənəstratøːr	train
administrateurs	admənəstratøːrs	train
administratief	admənəstratif	test
administratiewe	admənəstrativə	train
administrator	admənəstrɑːtɔr	test
administreer	admənəstriər	test
admiraal	admərɑːl	train
admireer	adməriər	train
adolessensie	adɔləsɛnsi	train
adolessent	adɔləsɛnt	train
adolessente	adɔləsɛntə	train
adolf	adɔlf	train
adonis	aduənəs	train
adoons	aduəns	train
adrenale	adrənɑːlə	train
adrenalien	adrɛnalin	train
adrenergiese	adrənərχisə	train
adres	adrɛs	train
adresse	adrɛsə	train
adsorpsie	adzɔrpsi	test
adverteer	atfərtiər	train
adverteerders	atfərtiərdərs	train
advertensie	atfərtɛnsi	train
advertensiebord	atfərtɛnsibɔrt	train
advertensieborde	atfərtɛnsibɔrdə	test
advertensies	atfərtɛnsis	train
advertensiewese	atfərtɛnsiviəsə	train
advertering	atfərtiərəŋ	test
advies	atfis	train
advieskomitee	atfiskɔmətiə	train
adviseer	atfisiər	test
adviserende	atfisiərəndə	train
adviseur	atfisøːr	train
adviseurs	atfisøːrs	train
advokaat	atfukɑːt	train
advokate	atfukɑːtə	train
aerobiese	iəruəbisə	train
af	af	train
afbaken	afbɑːkən	train
afbakening	afbɑːkənəŋ	train
afbakeningsraad	afbɑːkənəŋsrɑːt	train
afbeeldings	afbiəldəŋs	train
afbetaal	afbətɑːl	train
afbetaling	afbətɑːləŋ	train
afbeweeg	afbəviəχ	train
afblaas	afblɑːs	train
afbraak	afbrɑːk	train
afbrand	afbrant	train
afbreek	afbriək	test
afbreekpunte	afbriəkpœntə	train
afbrekende	afbriəkəndə	train
afbreuk	afbrøːk	train
afbuk	afbœk	train
afbyt	afbəit	train
afdaal	afdɑːl	train
afdak	afdak	train
afdakke	afdakə	train
afdaler	afdɑːlər	train
afdank	afdaŋk	train
afdanking	afdaŋkəŋ	train
afdankings	afdaŋkəŋs	train
afdeling	afdiələŋ	train
afdelings	afdiələŋs	train
afdelingshoof	afdiələŋsɦuəf	train
afdelingswinkel	afdiələŋsvəŋkəl	train
afdraai	afdrɑːi	train
afdraaipad	afdrɑːipat	train
afdraande	afdrɑːndə	train
afdreig	afdrəiχ	train
afdroog	afdruəχ	train
afdruk	afdrœk	train
afdrukke	afdrœkə	train
afdwaal	afdwɑːl	train
afdwing	afdwəŋ	train
afdwingbaar	afdwəŋbɑːr	train
afdwingbare	afdwəŋbɑːrə	train
affekteer	afɛktiər	train
affektief	afɛktif	train
affektiewe	afɛktivə	train
affikse	afəksə	train
affiniteit	afinitəit	train
affrikate	afrikɑːtə	train
afgaan	afχɑːn	train
afgaanse	afχɑːnsə	train
afgebaken	afχəbɑːkən	train
afgebakende	afχəbɑːkəndə	train
afgebeeld	afχəbiəlt	train
afgebrand	afχəbrant	train
afgebrande	afχəbrandə	train
afgebreek	afχəbriək	train
afgebring	afχəbrəŋ	train
afgebyt	afχəbəit	train
afgedaal	afχədɑːl	train
afgedank	afχədaŋk	test
afgedankte	afχədaŋktə	train
afgedraai	afχədrɑːi	train
afgedreig	afχədrəiχ	train
afgedruk	afχədrœk	train
afgedwaal	afχədwɑːl	test
afgedwing	afχədwəŋ	train
afgee	afχiə	train
afgegaan	afχəχɑːn	train
afgegee	afχəχiə	train
afgehaal	afχəɦɑːl	train
afgehandel	afχəɦandəl	train
afgehandelde	afχəɦandəldə	train
afgehang	afχəɦaŋ	train
afgejaag	afχəjɑːχ	train
afgekap	afχəkap	train
afgekeur	afχəkøːr	train
afgeklim	afχəkləm	train
afgekoel	afχəkul	train
afgekom	afχəkɔm	train
afgekondig	afχəkɔndəχ	train
afgekort	afχəkɔrt	train
afgekyk	afχəkəik	train
afgelaai	afχəlɑːi	train
afgelas	afχəlas	train
afgeleefde	afχəliəfdə	train
afgelees	afχəliəs	train
afgelei	afχələi	train
afgeleide	afχələidə	train
afgeleides	afχələidəs	train
afgelewer	afχəliəvər	train
afgeleë	afχəliə	train
afgeloop	afχəluəp	train
afgelope	afχəlupə	train
afgelos	afχəlɔs	train
afgeluister	afχəlœystər	train
afgemaai	afχəmɑːi	train
afgemaak	afχəmɑːk	train
afgemeet	afχəmiət	train
afgemerk	afχəmɛrk	train
afgemete	afχəmiətə	train
afgeneem	afχəniəm	train
afgeplatte	afχəplatə	train
afgepyl	afχəpəil	train
afgeraai	afχərɑːi	train
afgeransel	afχəransəl	train
afgereken	afχəriəkən	train
afgerig	afχərəχ	test
afgerol	afχərɔl	train
afgerond	afχərɔnt	train
afgeronde	afχərɔndə	train
afgery	afχərəi	train
afgesaagde	afχəsɑːχdə	train
afgesaal	afχəsɑːl	train
afgesak	afχəsak	train
afgesant	afχəsant	train
afgesante	afχəsantə	train
afgeset	afχəsɛt	test
afgesette	afχəsɛtə	test
afgesien	afχəsin	test
afgesit	afχəsət	train
afgeskaal	afχəskɑːl	train
afgeskaf	afχəskaf	train
afgeskakel	afχəskɑːkəl	train
afgeskeep	afχəskiəp	train
afgeskeer	afχəskiər	train
afgeskei	afχəskəi	train
afgeskeur	afχəskøːr	train
afgeskiet	afχəskit	train
afgeskop	afχəskɔp	train
afgeskrik	afχəskrək	train
afgeskryf	afχəskrəif	train
afgeskud	afχəskœt	train
afgeslaan	afχəslɑːn	test
afgeslag	afχəslaχ	train
afgeslote	afχəsluətə	train
afgesluit	afχəslœyt	train
afgesny	afχəsnəi	train
afgesonderde	afχəsɔndərdə	train
afgespeel	afχəspiəl	train
afgesper	afχəspɛr	train
afgespoel	afχəspul	train
afgespreek	afχəspriək	train
afgespring	afχəsprəŋ	train
afgestaan	afχəstɑːn	train
afgestam	afχəstam	train
afgesteek	afχəstiək	test
afgestel	afχəstɛl	test
afgestem	afχəstɛm	train
afgesterf	afχəstɛrf	train
afgestof	afχəstɔf	train
afgestomp	afχəstɔmp	train
afgestoot	afχəstuət	train
afgestorm	afχəstɔrm	train
afgestorwene	afχəstɔrvənə	train
afgestorwenes	afχəstɔrvənəs	train
afgestudeerde	afχəstydiərdə	train
afgetakel	afχətɑːkəl	train
afgeteken	afχətiəkən	test
afgetrap	afχətrap	train
afgetrede	afχətriədə	train
afgetree	afχətriə	train
afgetrek	afχətrɛk	train
afgetrokke	afχətrɔkə	train
afgevaardig	afχəfɑːrdəχ	train
afgevaardigde	afχəfɑːrdəχdə	train
afgevaardigdes	afχəfɑːrdəχdəs	train
afgeval	afχəfal	train
afgevee	afχəfiə	test
afgevra	afχəfrɑː	train
afgewaai	afχəvɑːi	train
afgewag	afχəvaχ	train
afgewas	afχəvas	train
afgewater	afχəvɑːtər	train
afgewaterde	afχəvɑːtərdə	train
afgeweer	afχəviər	train
afgewerk	afχəvɛrk	test
afgewerp	afχəvɛrp	train
afgewissel	afχəvəsəl	train
afgewyk	afχəvəik	train
afghanistan	afχanistan	train
afgly	afχləi	train
afgod	afχɔt	train
afgode	afχuədə	test
afgodsbeelde	afχɔtsbiəldə	train
afgrensing	afχrɛnsəŋ	train
afgrond	afχrɔnt	train
afgronde	afχrɔndə	train
afgryse	afχrəisə	train
afgryslik	afχrəislək	train
afgunstig	afχœnstəχ	train
afhaal	afɦɑːl	train
afhandel	afɦandəl	train
afhandeling	afɦandələŋ	train
afhandelingsdatum	afɦandələŋsdɑːtœm	train
afhandelingsdatums	afɦandələŋsdɑːtœms	train
afhang	afɦaŋ	train
afhangend	afɦaŋənt	train
afhangende	afɦaŋəndə	train
afhanklik	afɦaŋklək	train
afhanklike	afɦaŋkləkə	train
afhanklikes	afɦaŋkləkəs	test
afhanklikheid	afɦaŋkləkɦəit	train
afhanklikheidstatus	afɦaŋkləkɦəitstɑːtœs	train
afhou	afɦœu	train
afifi	afifi	test
afkap	afkap	train
afkappingsteken	afkapəŋstiəkən	train
afkeer	afkiər	train
afkeure	afkøːrə	train
afkeurend	afkøːrənt	train
afkeurende	afkøːrəndə	train
afkeuring	afkøːrəŋ	train
afklim	afkləm	train
afknipsel	afknəpsəl	test
afknouery	afknœuərəi	train
afknyp	afknəip	train
afkoel	afkul	test
afkoeling	afkuləŋ	train
afkoelrak	afkulrak	train
afkom	afkɔm	test
afkoms	afkɔms	test
afkomstig	afkɔmstəχ	train
afkondiging	afkɔndəχəŋ	train
afkorting	afkɔrtəŋ	train
afkortings	afkɔrtəŋs	train
afkraak	afkrɑːk	train
afkry	afkrəi	train
afkyk	afkəik	train
aflaai	aflɑːi	train
afleer	afliər	train
aflees	afliəs	train
aflegging	aflɛχəŋ	train
afleggings	aflɛχəŋs	train
aflei	afləi	train
afleiding	afləidəŋ	train
afleidings	afləidəŋs	train
aflek	aflɛk	train
aflewer	afliəvər	train
aflewering	afliəvərəŋ	train
aflewerings	afliəvərəŋs	train
afloop	afluəp	train
afloopwater	afluəpvɑːtər	train
aflos	aflɔs	test
aflosbare	aflɔsbɑːrə	train
aflossing	aflɔsəŋ	train
aflosspan	aflɔsspan	train
afluister	aflœystər	train
afmaai	afmɑːi	train
afmaak	afmɑːk	train
afmerk	afmɛrk	test
afmetinge	afmiətəŋə	test
afmetings	afmiətəŋs	train
afname	afnɑːmə	test
afnames	afnɑːməs	train
afneem	afniəm	train
afnemende	afniəməndə	train
afpeul	afpøːl	train
afplat	afplat	train
afplatting	afplatəŋ	train
afreken	afriəkən	train
afrekening	afriəkənəŋ	test
afrig	afrəχ	test
afrigter	afrəχtər	test
afrigters	afrəχtərs	test
afrigtershandleiding	afrəχtərsɦantləidəŋ	train
afrigting	afrəχtəŋ	train
afrigtingsdata	afrəχtəŋsdɑːta	test
afrigtingsessies	afrəχtəŋsɛsis	train
afrigtingsituasie	afrəχtəŋsətʃuɑːsi	train
afrigtingsmetodiek	afrəχtəŋsmɛtudik	train
afrigtingspan	afrəχtəŋspan	train
afrika	ɑːfrika	train
afrikaans	afrikɑːns	test
afrikaanse	afrikɑːnsə	train
afrikaanssprekende	afrikɑːnsspriəkəndə	train
afrikaanssprekendes	afrikɑːnsspriəkəndəs	train
afrikaanstalige	afrikɑːnstɑːləχə	train
afrikaanstaliges	afrikɑːnstɑːləχəs	train
afrikaner	afrikɑːnər	train
afrikaners	afrikɑːnərs	train
afrikanerskap	afrikɑːnərskap	train
afrikanervolk	afrikɑːnərfɔlk	train
afrit	afrət	train
afrol	afrɔl	train
afrond	afrɔnt	train
afronding	afrɔndəŋ	train
afrosentriese	afrusɛntrisə	train
afsak	afsak	train
afset	afsɛt	train
afsetpunte	afsɛtpœntə	train
afsetting	afsɛtəŋ	train
afsettings	afsɛtəŋs	train
afsien	afsin	test
afsienbare	afsinbɑːrə	train
afskaal	afskɑːl	train
afskaf	afskaf	train
afskaffing	afskafəŋ	train
afskaling	afskɑːləŋ	train
afskeep	afskiəp	train
afskei	afskəi	train
afskeid	afskəit	train
afskeiding	afskəidəŋ	train
afskeidings	afskəidəŋs	test
afskeur	afskøːr	test
afskiet	afskit	test
afskop	afskɔp	train
afskorting	afskɔrtəŋ	train
afskrif	afskrəf	train
afskrifte	afskrəftə	train
afskrik	afskrək	train
afskrikkende	afskrəkəndə	train
afskrikmiddel	afskrəkmədəl	test
afskryf	afskrəif	train
afskryfwaarde	afskrəifvɑːrdə	test
afskrywery	afskrəivərəi	train
afskrywing	afskrəivəŋ	test
afskrywings	afskrəivəŋs	train
afsku	afsky	train
afskud	afskœt	train
afskuif	afskœyf	train
afslaan	afslɑːn	train
afslaankap	afslɑːnkap	train
afslaer	afslɑːər	train
afslag	afslaχ	train
afslagitem	afslɑːχitɛm	train
afslane	afslɑːnə	test
afsluit	afslœyt	train
afsluiting	afslœytəŋ	train
afsluitingsfase	afslœytəŋsfɑːsə	train
afsluitingsproefbalans	afslœytəŋsprufbalɑːns	train
afsnit	afsnət	train
afsny	afsnəi	test
afsnydatum	afsnəidɑːtœm	train
afsnypunt	afsnəipœnt	train
afsnytyd	afsnəitəit	train
afsonder	afsɔndər	train
afsondering	afsɔndərəŋ	train
afsonderlik	afsɔndərlək	test
afsonderlike	afsɔndərləkə	train
afspeel	afspiəl	train
afspoel	afspul	train
afspraak	afsprɑːk	train
afsprake	afsprɑːkə	train
afspring	afsprəŋ	train
afspringplek	afsprəŋplɛk	test
afstaan	afstɑːn	train
afstam	afstam	train
afstammeling	afstamələŋ	train
afstammelinge	afstamələŋə	train
afstamming	afstaməŋ	train
afstand	afstant	train
afstandbeheer	afstantbəɦiər	train
afstanddoening	afstantdunəŋ	train
afstande	afstandə	train
afstandjie	afstanki	train
afstandrekening	afstantriəkənəŋ	train
afstandsonderrig	afstantsɔndərəχ	train
afstandstudente	afstantstydɛntə	train
afsteek	afstiək	train
afstel	afstɛl	train
afsterwe	afstɛrvə	train
afstof	afstɔf	train
afstoot	afstuət	train
afstootlik	afstuətlək	train
afstootlike	afstuətləkə	test
afstorm	afstɔrm	train
afswaai	afswɑːi	test
afsweer	afswiər	train
afsydig	afsəidəχ	train
afsydigheid	afsəidəχɦəit	train
aftakel	aftɑːkəl	train
aftakeling	aftɑːkələŋ	train
afteken	aftiəkən	train
aftel	aftɛl	train
aftog	aftɔχ	train
aftrede	aftriədə	train
aftree	aftriə	train
aftreefonds	aftriəfɔnts	train
aftreefondse	aftriəfɔntsə	train
aftreehuis	aftriəɦœys	train
aftreeoord	aftriəuərt	train
aftreevoordele	aftriəfuərdiələ	train
aftrek	aftrɛk	train
aftrekbaar	aftrɛkbɑːr	train
aftrekking	aftrɛkəŋ	train
aftrekkings	aftrɛkəŋs	train
aftreksel	aftrɛksəl	train
afvaardiging	afɑːrdəχəŋ	train
afvaardigings	afɑːrdəχəŋs	train
afval	afal	train
afvallig	afaləχ	test
afvallige	afaləχə	train
afvalmateriaal	afalmatiriɑːl	train
afvalproduk	afalprudœk	train
afvalprodukte	afalprudœktə	train
afvalstowwe	afalstɔvə	train
afvat	afat	train
afvee	afiə	train
afvoer	afur	train
afvra	afrɑː	train
afwaarts	afvɑːrts	train
afwaartse	afvɑːrtsə	train
afwag	afvaχ	test
afwagtend	afvaχtənt	train
afwagting	afvaχtəŋ	train
afwarming	afvarməŋ	test
afwas	afvas	train
afweer	afviər	train
afwenteling	afvɛntələŋ	train
afwerking	afvɛrkəŋ	test
afwerkings	afvɛrkəŋs	train
afwerp	afvɛrp	train
afwesig	afviəsəχ	train
afwesige	afviəsəχə	train
afwesigheid	afviəsəχɦəit	train
afwissel	afvəsəl	train
afwisselend	afvəsələnt	train
afwisselende	afvəsələndə	train
afwisseling	afvəsələŋ	train
afwyk	afvəik	train
afwykend	afvəikənt	train
afwykende	afvəikəndə	train
afwyking	afvəikəŋ	train
afwykings	afvəikəŋs	train
afwykingsontleding	afvəikəŋsɔntliədəŋ	train
afwys	afvəis	train
afwysend	afvəisənt	train
afwysing	afvəisəŋ	train
ag	aχ	train
agaat	aχɑːt	train
agbare	aχbɑːrə	train
age	ɑːχə	train
agenda	aχɛnda	test
agendas	aχɛndas	train
agense	aχɛnsə	train
agent	aχɛnt	train
agente	aχɛntə	train
agentskap	aχɛntskap	train
agentskappe	aχɛntskapə	train
aggregate	aχrəχɑːtə	train
aggressie	aχrɛsi	test
aggressief	aχrəsif	train
aggressiewe	aχrəsivə	test
aggressiwiteit	aχrəsivitəit	test
agitasie	aχitɑːsi	train
agneming	aχniəməŋ	train
agnew	ɛχnu	test
agonis	aχunəs	train
agoniste	aχunəstə	train
agste	aχstə	train
agsteman	aχstəman	train
agt	aχt	train
agtduisend	aχtdœysənt	train
agter	aχtər	train
agteraan	aχtərɑːn	train
agteraf	aχtəraf	test
agterbaan	aχtərbɑːn	train
agterbene	aχtərbiənə	train
agterblad	aχtərblat	train
agterbly	aχtərbləi	train
agterdeur	aχtərdøːr	train
agterdog	aχtərdɔχ	train
agterdogtig	aχtərdɔχtəχ	train
agtereenvolgende	aχtəriənfɔlχəndə	train
agtereenvolgens	aχtəriənfɔlχəns	train
agterent	aχtərɛnt	train
agtergeblewe	aχtərχəbliəvə	train
agtergeblewene	aχtərχəbliəvənə	train
agtergeblewenes	aχtərχəbliəvənəs	train
agtergebly	aχtərχəbləi	test
agtergekom	aχtərχəkɔm	train
agtergelaat	aχtərχəlɑːt	train
agtergrond	aχtərχrɔnt	train
agtergronde	aχtərχrɔndə	train
agtergrondinligting	aχtərχrɔntənləχtəŋ	train
agtergrondkennis	aχtərχrɔntkɛnəs	train
agtergrondskennis	aχtərχrɔntskɛnəs	train
agterhoede	aχtərɦudə	train
agterin	aχtərən	train
agterkamer	aχtərkɑːmər	train
agterkant	aχtərkant	train
agterkom	aχtərkɔm	train
agterkop	aχtərkɔp	train
agterlaat	aχtərlɑːt	test
agterlangs	aχtərlaŋs	train
agterlik	aχtərlək	train
agterlyf	aχtərləif	train
agterlyn	aχtərləin	train
agterlynbeweging	aχtərləinbəviəχəŋ	train
agterlynbewegings	aχtərləinbəviəχəŋs	train
agterlyne	aχtərləinə	test
agtermiddag	aχtərmədaχ	train
agterna	aχtərnɑː	train
agternagesit	aχtərnɑːχəsət	train
agternavolg	aχtərnɑːfɔlχ	train
agteroor	aχtəruər	train
agterop	aχtərɔp	train
agteros	aχtərɔs	train
agterpant	aχtərpant	train
agterpante	aχtərpantə	train
agterplaas	aχtərplɑːs	train
agterpote	aχtərpuətə	train
agterruit	aχtərœyt	train
agtersitplek	aχtərsətplɛk	train
agtersitplekke	aχtərsətplɛkə	train
agterspel	aχtərspɛl	test
agterspeler	aχtərspiələr	train
agterspelers	aχtərspiələrs	train
agterstallig	aχtərstaləχ	train
agterstallige	aχtərstaləχə	train
agterstand	aχtərstant	train
agterstande	aχtərstandə	train
agterste	aχtərstə	train
agterstevoor	aχtərstəfuər	train
agtertoe	aχtərtu	train
agtertuin	aχtərtœyn	train
agteruit	aχtərœyt	train
agteruitgaan	aχtərœytχɑːn	train
agteruitgang	aχtərœytχaŋ	train
agteruitgegaan	aχtərœytχəχɑːn	train
agtervoegsels	aχtərfuχsəls	test
agtervoet	aχtərfut	train
agtervolg	aχtərfɔlχ	train
agtervolgers	aχtərfɔlχərs	train
agtervolging	aχtərfɔlχəŋ	test
agterwerf	aχtərvɛrf	train
agterweë	aχtərviə	train
agterwiel	aχtərvil	train
agthonderd	aχtɦɔndərt	train
agtien	aχtin	train
agtiende	aχtində	test
agtienkaraatgoud	aχtinkarɑːtχœut	test
agtig	aχtəχ	train
agtige	aχtəχə	train
agting	aχtəŋ	train
agtste	aχtstə	train
agtsteman	aχtstəman	train
agtstemanne	aχtstəmanə	train
agttal	aχtal	train
agttien	aχtin	train
agttiende	aχtində	train
agttienjarige	aχtinjɑːrəχə	train
aha	aɦa	train
ahrens	ɑːrəns	train
ai	ai	train
aia	aia	test
aikonna	aikɔna	train
aikôna	aikɔna	train
ainu	ainu	train
akademici	akadiəmisi	train
akademie	akadiəmi	train
akademies	akadiəmis	test
akademiese	akadiəmisə	train
akademikus	akadiəmikœs	train
akasia	akɑːsia	test
akkedis	akədəs	train
akkedisse	akədəsə	train
akkedissies	akədəsis	train
akker	akər	train
akkerbou	akərbœu	train
akkers	akərs	train
akkommodasie	akɔmudɑːsi	train
akkommodeer	akɔmudiər	train
akkomodeer	akɔmudiər	train
akkoord	akuərt	train
akkreditasie	akrɛditɑːsi	train
akkreditering	akrɛditiərəŋ	train
akkulturasie	akœltyrɑːsi	train
akkumulasie	akymylɑːsi	train
akkumuleer	akymyliər	train
akkuraat	akyrɑːt	train
akkuraatheid	akyrɑːtɦəit	train
akkuraatste	akyrɑːtstə	train
akkurate	akyrɑːtə	train
akkurater	akyrɑːtər	train
akkusatief	akysatif	test
akoestiek	akustik	train
akoestiese	akustisə	train
akriel	akril	train
akrielverf	akrilfɛrf	train
akrobatiese	akrubɑːtisə	train
akronieme	akrunimə	train
aks	aks	train
aksent	aksɛnt	train
aksente	aksɛntə	train
aksentueer	aksɛntʃyiər	train
aksepbank	aksɛpbaŋk	train
aksie	aksi	test
aksiegroep	aksiχrup	test
aksiekomitee	aksikɔmətiə	train
aksienavorsing	aksinɑːfɔrsəŋ	train
aksieplan	aksiplan	train
aksieplanne	aksiplanə	test
aksiepotensiaal	aksiputɛnʃiɑːl	train
aksiepotensiale	aksiputɛnʃiɑːlə	train
aksies	aksis	train
aksiesisteem	aksisəstiəm	train
aksiewerkwoord	aksivɛrkvuərt	train
aksiewerkwoorde	aksivɛrkvuərdə	train
aksiewoord	aksivuərt	train
aksiewoorde	aksivuərdə	train
aksiomas	aksiumas	train
aksoem	aksum	train
aksyns	aksəins	test
aksynsbelasting	aksəinsbəlastəŋ	train
akte	aktə	test
aktekantoor	aktəkantuər	test
aktes	aktəs	test
aktetas	aktətas	train
akteur	aktøːr	train
akteurs	aktøːrs	test
aktief	aktif	train
aktiewe	aktivə	train
aktiveer	aktifiər	train
aktivering	aktifiərəŋ	train
aktivis	aktifəs	train
aktiviste	aktivəstə	train
aktiwiteit	aktivitəit	train
aktiwiteite	aktivitəitə	train
aktiwiteitsgebaseerde	aktivitəitsχəbasiərdə	train
aktiwiteitsvlak	aktivitəitsflak	test
aktrise	aktrisə	train
aktrises	aktrisəs	train
aktualiseer	aktʃualisiər	train
aktualisering	aktʃualisiərəŋ	train
aktualiteit	aktʃualitəit	train
aktualiteitsprogram	aktʃualitəitspruχram	train
aktuaris	aktʃuɑːrəs	train
aktuarisse	aktʃuɑːrəsə	train
aktueel	aktʃyiəl	train
aktuele	aktʃyiələ	train
akute	akytə	train
akwa	akwa	train
akwaduk	akwadœk	train
akwadukte	akwadœktə	train
akwarium	akwɑːriœm	train
akwariums	akwɑːriœms	train
akwatiese	akwɑːtisə	train
al	al	train
alarm	alarəm	train
alarms	alarəms	train
alarmstelsel	alarəmstɛlsəl	train
alarmstelsels	alarəmstɛlsəls	train
albatros	albatrɔs	train
albei	albəi	train
albertinia	albərtinia	train
albertshoek	albərtsɦuk	train
albertyn	albərtəin	train
albie	albi	train
album	albœm	train
albumien	albœmin	train
albums	albœms	test
alchemie	alχəmi	train
alcohol	alkɔɦɔl	train
aldaar	aldɑːr	train
aldag	aldaχ	train
aldan	aldan	train
aldosteroon	aldɔstəruən	train
aldus	aldœs	train
aletta	alɛta	train
alewig	aliəvəχ	train
alewige	aliəvəχə	train
alfa	alfa	train
alfabet	alfabɛt	train
alfabeties	alfabiətis	train
alg	alχ	train
algaande	alχɑːndə	train
algar	alχar	train
alge	alχə	train
algebra	alχəbra	train
algebraïese	alχəbraisə	train
algeheel	alχəɦiəl	train
algehele	alχəɦiələ	train
algemeen	alχəmiən	test
algemeenste	alχəmiənstə	train
algemene	alχəmiənə	train
algerynse	alχərəinsə	train
algoritme	alχurətmə	train
algoritmes	alχurətməs	train
alhoewel	alɦuvɛl	train
alia	ɑːlia	train
alias	ɑːlias	train
alie	ɑːli	train
alkaan	alkɑːn	train
alkaanamiene	alkɑːnaminə	train
alkali	alkɑːli	train
alkaliese	alkɑːlisə	train
alkanale	alkanɑːlə	train
alkane	alkɑːnə	train
alkanole	alkanulə	train
alkanone	alkanunə	train
alkeen	alkiən	train
alkene	alkiənə	train
alkohol	alkɔl	train
alkohole	alkuɦulə	test
alkoholgebruik	alkɔlχəbrœyk	train
alkoholiese	alkuɦuəlisə	train
alkoholinname	alkɔlənɑːmə	test
alkoholiste	alkuləstə	train
alkoholmisbruik	alkɔlməsbrœyk	train
alkoholsindroom	alkɔlsəndruəm	train
alkyne	alkəinə	train
alla	ala	train
alle	alə	train
alledaagse	alədɑːχsə	train
alleen	aliən	train
alleenagent	aliənaχɛnt	train
alleenheid	aliənɦəit	test
alleenloper	aliənluəpər	train
alleenlopers	aliənluəpərs	test
alleenstaande	aliənstɑːndə	train
allegorie	aləχuri	train
allegoriese	aləχurisə	train
alleman	aləman	train
allementige	aləmɛntəχə	train
allemintige	aləməntəχə	train
allenig	aliənəχ	train
aller	alər	test
allerbeste	alərbɛstə	train
allereers	aləriərs	test
allerergste	alərɛrχstə	train
allergene	alərχiənə	test
allergie	alɛrχi	train
allergies	alɛrχis	test
allergiese	alɛrχisə	train
allergrootste	alərχruətstə	train
allerhande	alərɦandə	train
allerheiligste	alərɦəiləχstə	train
allerhoogste	alərɦuəχstə	train
allerlei	alərləi	train
allermins	alərməns	train
allerweë	alərviə	train
alles	aləs	train
allesbehalwe	aləsbəɦɑːlvə	train
allesomvattende	aləsɔmfatəndə	train
alliansie	aliansi	test
alliansies	aliansis	train
alliansievennote	aliansifənuətə	train
alliterasie	alətərɑːsi	train
allokasie	alukɑːsi	train
allyn	aləin	train
alma	alma	train
almag	almaχ	train
almagtig	almaχtəχ	train
almagtige	almaχtəχə	train
almal	almal	train
almanak	almanak	test
almiskie	alməski	train
aloe	alu	train
alom	alɔm	train
alombekende	alɔmbəkɛndə	train
alomteenwoordig	alɔmtiənvuərdəχ	train
alomteenwoordige	alɔmtiənvuərdəχə	train
alpha	alfa	test
alreeds	alriəts	train
als	als	train
also	alsu	train
altaar	altɑːr	train
altans	altans	train
altare	altɑːrə	test
alte	altə	train
altemit	altəmət	train
alter	altər	train
alteriteit	altɛritəit	train
alternatief	altɛrnatif	train
alternatiewe	altɛrnativə	train
alternatiewelik	altɛrnativələk	train
altesaam	altəsɑːm	train
altesame	altəsɑːmə	train
altoos	altuəs	train
altviool	altfiuəl	train
altwee	altwiə	train
altyd	altəit	train
aluminium	alœminiœm	test
aluminiumblok	alœminiœmblɔk	test
aluminiumfoelie	alœminiœmfuli	train
alveoli	alviuəli	train
alveolus	alviuəlœs	train
alvorens	alfurəns	train
alweer	alviər	train
alwetende	alviətəndə	train
alwyn	alvəin	train
amajuba	amajuba	train
amalia	amɑːlia	train
amalienstein	amalinstəin	train
amandels	amandəls	train
amateur	amatøːr	train
amateurisme	amatøːrəsmə	train
amateurs	amatøːrs	train
amateurspan	amatøːrspan	train
ambag	ambaχ	train
ambagsman	ambaχsman	test
ambassade	ambasɑːdə	train
ambassades	ambasɑːdəs	train
ambassadeur	ambasadøːr	train
ambassadeurs	ambasadøːrs	train
ambisie	ambisi	test
ambisieus	ambisiøːs	train
ambivalensie	ambəvalɛnsi	train
ambrosiawyn	ambrusiavəin	test
ambulans	ambylɑːns	train
ambulansdienste	ambylɑːnsdinstə	train
ambulanse	ambylɑːnsə	train
ambulansmanne	ambylɑːnsmanə	train
amen	ɑːmɛn	train
amendement	amɛndəmɛnt	train
amerika	amiərika	train
amerikaanse	amiərikɑːnsə	train
amerikaner	amiərikɑːnər	train
amerikaners	amiərikɑːnərs	train
amfibie	amfibi	train
amfibiese	amfibisə	train
amfiteater	amfitiɑːtər	test
amiede	amidə	test
amiese	ɑːmisə	train
amino	aminu	train
aminoglikosiede	aminuχlikusidə	train
ammoniak	amuniak	train
ammoniete	amunitə	test
ammonium	amuniœm	train
ammunisie	amynisi	train
amnestie	amnɛsti	train
amnionvog	amniɔnfɔχ	train
amok	amɔk	train
amos	ɑːmɔs	test
amp	amp	train
amper	ampər	test
ampsdraer	ampsdrɑːər	train
ampsdraers	ampsdrɑːərs	train
ampsgenoot	ampsχənuət	test
ampsgenote	ampsχənutə	train
ampsmotor	ampsmuətər	train
ampstermyn	ampstɛrməin	train
ampswoning	ampsvunəŋ	train
ampte	amptə	train
amptelik	amptələk	train
amptelike	amptələkə	test
amptenaar	amptənɑːr	train
amptenare	amptənɑːrə	train
amptenary	amptənarəi	train
amsterdam	amstərdam	train
amsterdamse	amstərdamsə	train
amusant	amysant	train
amusante	amysantə	train
anabaptiste	anabaptəstə	train
anaerobiese	anɑːəruəbisə	train
analgetika	analχiətika	train
analis	analəs	train
analise	analisə	test
analiseer	analisiər	test
analisering	analisiərəŋ	train
analises	analisəs	train
analities	analitis	train
analitiese	analitisə	train
analogie	analuχi	train
analogiese	analuəχisə	train
analoog	analuəχ	train
anargie	anarχi	train
anas	anas	train
anatomie	anatumi	train
anatomiese	anatuəmisə	train
andaman	andaman	train
ander	andər	train
andere	andərə	train
anderen	andərən	train
anderhalf	andərɦalf	train
anderkant	andərkant	train
anderkantste	andərkantstə	train
andermaal	andərmɑːl	train
anderpad	andərpat	train
anders	andərs	train
andersdenkendes	andərsdɛŋkəndəs	train
andersheid	andərsɦəit	train
andersins	andərsəns	train
andersom	andərsɔm	train
anderste	andərstə	train
anderster	andərstər	train
andersyds	andərsəits	train
andrew	ɛndru	test
andries	andris	train
anekdotes	anɛkduətəs	train
anemie	aniəmi	train
anemone	anəmuənə	train
anestesie	anəstiəsi	train
anestetika	anəstiətika	train
angel	aŋəl	train
angels	aŋəls	train
angina	anχina	train
angiotensien	anχiutɛnsin	train
anglisismes	aŋχlisəsməs	test
anglo	aŋχluə	train
angolese	aŋχuliəsə	test
angs	aŋs	train
angsaanvalle	aŋsɑːnfalə	train
angsbevange	aŋsbəfaŋə	train
angst	aŋst	test
angstig	aŋstəχ	test
angstige	aŋstəχə	train
angstigheid	aŋstəχɦəit	train
angsversteuring	aŋsfərstøːrəŋ	train
angswekkend	aŋsvɛkənt	train
angswekkende	aŋsvɛkəndə	train
anhand	anɦant	train
animasie	animɑːsi	train
animasieprent	animɑːsiprɛnt	test
animus	animus	train
anioon	aniuən	train
anker	aŋkər	train
ankers	aŋkərs	train
anna	ana	train
annale	anɑːlə	train
annekseer	anɛksiər	test
anners	anərs	train
annoteer	anutiər	test
anode	anuədə	train
anomalie	anumali	train
anoniem	anunim	train
anonieme	anunimə	train
anonimiteit	anunimitəit	train
anoreksie	anurɛksi	train
anorexia	anurɛksia	train
anorganiese	anɔrχɑːnisə	train
ant	ant	train
antagonis	antaχunəs	train
antagonisme	antaχunəsmə	train
antagoniste	antaχunəstə	train
antarktiese	antarktisə	train
ante	anti	train
antenatale	antinatɑːlə	train
antenna	antɛna	train
anterior	antiəriɔr	train
antesedent	antəsədɛnt	train
anti	anti	train
antibakteriese	antibaktiərisə	train
antibiotiese	antibiuətisə	train
antibiotika	antibiutika	train
antibiotikum	antibiutikœm	train
antidepressante	antidɛprəsantə	train
antie	anti	train
antieke	antikə	train
antigeen	antiχiən	train
antigene	antiχiənə	train
antihipertensiewe	antiɦipərtɛnsivə	train
antihistamiene	antiɦistaminə	train
antiklimaks	antiklimaks	train
antiliggame	antiləχɑːmə	train
antimikrobiese	antimikruəbisə	train
antimoon	antimuən	train
antiretrovirale	antirɛtruvirɑːlə	train
antiseptiese	antisɛptisə	train
antiseptika	antisɛptika	train
antisosiale	antisuəʃiɑːlə	train
antitese	antitiəsə	train
antivirale	antivirɑːlə	train
antropologie	antrupuluχi	train
antropologiese	antrupuluəχisə	test
antropoloog	antrupuluəχ	train
antropometriese	antrupumiətrisə	train
antwoord	antvuərt	train
antwoordblad	antvuərtblat	test
antwoordbylaag	antvuərtbəilɑːχ	train
antwoordbylae	antvuərtbəilɑːə	train
antwoorde	antvuərdə	train
antwoordmasjien	antvuərtmaʃin	train
antwoordstel	antvuərtstɛl	train
anus	ɑːnœs	train
apart	apart	train
aparte	apartə	test
apartheid	apartɦəit	train
apartheidsbedeling	apartɦəitsbədiələŋ	test
apartheidsera	apartɦəitsiəra	train
apartheidsjare	apartɦəitsjɑːrə	train
apartheidsregering	apartɦəitsrəχiərəŋ	train
apartheidsregime	apartɦəitsrəʒim	train
apartheidstelsel	apartɦəitstɛlsəl	train
apartheidstyd	apartɦəitstəit	train
apartheidsverlede	apartɦəitsfərliədə	train
apatie	apati	test
apaties	apɑːtis	test
ape	ɑːpə	train
apie	ɑːpi	train
apikale	apikɑːlə	train
apnee	apniə	train
apokaliptiek	apukaləptik	train
apokaliptiese	apukaləptisə	train
apokriewe	apukrivə	train
apostel	apɔstəl	train
apostels	apɔstəls	train
apostoliese	apustuəlisə	train
apparaat	aparɑːt	train
apparate	aparɑːtə	train
appel	apəl	train
appelkoos	apəlkuəs	train
appelkooskonfyt	apəlkuəskɔnfəit	train
appelleer	apəliər	train
appels	apəls	train
appelsap	apəlsap	test
appeltjie	apəlki	train
applikant	aplikant	test
applikante	aplikantə	train
applikatief	aplikatif	train
applikatiewe	aplikativə	train
applous	aplœus	train
appropriasie	apruəpriɑːsi	train
appèl	apɛl	test
appèlregter	apɛlrɛχtər	train
apteek	aptiək	train
apteke	aptiəkə	train
apteker	aptiəkər	train
aptekerintern	aptiəkərəntɛrən	train
aptekerinterns	aptiəkərəntɛrəns	train
aptekers	aptiəkərs	train
aptekersassistent	aptiəkərsasəstɛnt	train
aptekersassistente	aptiəkərsasəstɛntə	train
aptekerskwalifikasie	aptiəkərskwalifikɑːsi	train
aptekerstudent	aptiəkərstydɛnt	train
aptekerswese	aptiəkərsviəsə	train
aquila	akwila	train
arabië	arɑːbiə	train
arachnida	araχnida	train
aramese	aramiəsə	train
arbei	arbəi	train
arbeid	arbəit	train
arbeider	arbəidər	test
arbeiderkollegas	arbəidərkuliəχas	train
arbeiders	arbəidərs	train
arbeiderskoukus	arbəidərskœukœs	train
arbeidersleiers	arbəidərsləiərs	train
arbeidersparty	arbəidərspartəi	train
arbeids	arbəits	test
arbeidsake	arbəitsɑːkə	train
arbeidsbetrekkinge	arbəitsbətrɛkəŋə	train
arbeidsektor	arbəitsɛktɔr	test
arbeidsgenot	arbəitsχənɔt	train
arbeidsgeskille	arbəitsχəskələ	train
arbeidshof	arbəitsɦɔf	train
arbeidsintensief	arbəitsəntɛnsif	train
arbeidsintensiewe	arbəitsəntɛnsivə	train
arbeidskoste	arbəitskɔstə	train
arbeidskrag	arbəitskraχ	train
arbeidsmag	arbəitsmaχ	train
arbeidsmark	arbəitsmark	train
arbeidsmarkte	arbəitsmarktə	train
arbeidsonrus	arbəitsɔnrœs	train
arbeidsorganisasie	arbəitsɔrχanisɑːsi	train
arbeidspraktyk	arbəitspraktəik	train
arbeidspraktyke	arbəitspraktəikə	test
arbeidsprobleme	arbəitsprubliəmə	train
arbeidsraad	arbəitsrɑːt	train
arbeidsterapeut	arbəitstɛrapøːt	test
arbeidsveld	arbəitsfɛlt	train
arbeidsverdeling	arbəitsfərdiələŋ	train
arbeidsverhouding	arbəitsfərɦœudəŋ	train
arbeidsverhoudinge	arbəitsfərɦœudəŋə	train
arbeidsverhoudingesisteem	arbəitsfərɦœudəŋəsəstiəm	train
arbeidsvraagstukke	arbəitsfrɑːχstœkə	train
arbeidswetgewing	arbəitsvɛtχiəvəŋ	train
arbeidswette	arbəitsvɛtə	train
arbitrasie	arbitrɑːsi	train
are	ɑːrə	train
area	ɑːria	train
areas	ɑːrias	train
arena	ariəna	train
arend	ɑːrənt	train
arende	ɑːrəndə	train
areola	ariuəla	train
areopagusrede	ariupɑːχœsriədə	test
arg	arχ	train
argeloos	arχəluəs	train
argeologie	arχiuluχi	train
argeologiese	arχiuluəχisə	test
argeoloog	arχiuluəχ	train
argetipe	arχətipə	train
argetipes	arχətipəs	train
argetipiese	arχətipisə	train
argiewe	arχivə	train
argipel	arχipɛl	train
argitek	arχitɛk	train
argitekte	arχitɛktə	train
argitektoniese	arχitɛktuənisə	train
argon	arχɔn	test
argument	arχymɛnt	train
argumentasie	arχymɛntɑːsi	train
argumentasielyn	arχymɛntɑːsiləin	train
argumente	arχymɛntə	train
argumenteer	arχymɛntiər	train
argumentering	arχymɛntiərəŋ	train
argwaan	arχvɑːn	train
arias	ɑːrias	train
aries	ɑːris	train
aristide	arəstidə	train
aristokrasie	arəstukrasi	train
ark	ark	train
arm	arm	train
armband	armbant	train
armbande	armbandə	train
arme	armə	train
armeblanke	arməblaŋkə	train
armeblankevraagstuk	arməblaŋkəfrɑːχstœk	train
armer	armər	train
armes	arməs	train
armholte	armɦɔltə	test
armlengte	arəmlɛŋtə	train
armoede	armudə	train
armoedeverligting	armudəfərləχtəŋ	train
armoedig	armudəχ	train
armpies	armpis	train
arms	arms	train
armsalige	arəmsɑːləχə	train
armste	armstə	test
armvol	armfɔl	train
arobiese	aruəbisə	train
aroma	aruəma	train
aromatiese	arumɑːtisə	train
aronskelke	ɑːrɔnskɛlkə	test
arpeggio	arpɛdʒiu	train
arres	arɛs	train
arrestasie	arəstɑːsi	train
arrestasies	arəstɑːsis	train
arresteer	arəstiər	train
arriveer	arifiər	train
arrogansie	aruχansi	train
arrogant	aruχant	train
arrogante	aruχantə	train
arsenaal	arsənɑːl	train
arsene	arsiənə	train
art	art	test
arte	artə	train
artefakte	artəfaktə	test
arterie	artəri	train
arteriële	artəriiələ	test
artikel	artikəl	train
artikels	artikəls	test
artikulasie	artikylɑːsi	train
artikulator	artikylɑːtɔr	train
artistieke	artəstikə	train
artropode	artrupudə	train
arts	arts	train
as	as	train
asafstand	asafstant	train
asbes	asbɛs	train
asdod	asdɔt	train
asem	ɑːsəm	train
asemgehaal	ɑːsəmχəɦɑːl	train
asemhaal	ɑːsəmɦɑːl	test
asemhaling	ɑːsəmɦɑːləŋ	train
asemhalingsoefeninge	ɑːsəmɦɑːləŋsufənəŋə	train
asemhalingsprobleme	ɑːsəmɦɑːləŋsprubliəmə	test
asemrowend	ɑːsəmruvənt	train
asemrowende	ɑːsəmruəvəndə	train
asems	ɑːsəms	train
asemteug	ɑːsəmtøːχ	train
asepties	ɑːsɛptis	train
aseptiese	ɑːsɛptisə	train
asetaat	asətɑːt	train
asetiel	asətil	train
asetoon	asətuən	train
ashoop	asɦuəp	train
asidose	asiduəsə	train
asiel	asil	train
asiese	ɑːsisə	train
asimmetriese	ɑːsəmiətrisə	train
asimptotiese	asəmptuətisə	train
asië	ɑːsiə	train
askies	askis	train
asma	asma	train
asof	asɔf	train
asook	asuək	train
aspek	aspɛk	train
aspekte	aspɛktə	test
aspersies	aspɛrsis	train
aspirant	aspərant	train
aspirasie	aspərɑːsi	train
aspirasies	aspərɑːsis	train
aspirien	aspərin	train
asse	asə	train
asseblief	asəblif	train
assegaai	asəχɑːi	train
assegaaie	asəχɑːiə	train
assertiwiteit	asərtivitəit	train
assesseer	asɛsiər	train
assesseerders	asɛsiərdərs	train
assessering	asɛsiərəŋ	train
assesserings	asɛsiərəŋs	train
assesseringsaktiwiteite	asɛsiərəŋsaktivitəitə	train
assesseringsbeginsels	asɛsiərəŋsbəχənsəls	train
assesseringsgeleenthede	asɛsiərəŋsχəliəntɦiədə	test
assesseringsgeleentheid	asɛsiərəŋsχəliəntɦəit	train
assesseringskaal	asɛsiərəŋskɑːl	train
assesseringskriteria	asɛsiərəŋskrətiəria	train
assesseringsmetodes	asɛsiərəŋsmətuədəs	test
assesseringsplan	asɛsiərəŋsplan	train
assesseringspraktyke	asɛsiərəŋspraktəikə	train
assesseringsproses	asɛsiərəŋsprusɛs	train
assesseringspunt	asɛsiərəŋspœnt	train
assesseringsresultate	asɛsiərəŋsrɛsœltɑːtə	train
assesseringsriglyne	asɛsiərəŋsrəχləinə	train
assesseringsrubriek	asɛsiərəŋsrœbrik	train
assesseringsrubrieke	asɛsiərəŋsrœbrikə	train
assesseringstake	asɛsiərəŋstɑːkə	train
assesseringstandaard	asɛsiərəŋstandɑːrt	train
assesseringstandaarde	asɛsiərəŋstandɑːrdə	train
assesseringstegnieke	asɛsiərəŋstɛχnikə	train
assesseringstipes	asɛsiərəŋstipəs	train
assesseringstrategieë	asɛsiərəŋstratəχiə	train
assesseringsvorm	asɛsiərəŋsfɔrəm	train
assesseringverslag	asɛsiərəŋfərslaχ	train
assessor	asɛsɔr	test
assessore	asɛsuərə	train
assessors	asɛsɔrs	train
assimilasie	asiməlɑːsi	train
assimileer	asiməliər	train
assiriese	asirisə	train
assistent	asəstɛnt	train
assistente	asəstɛntə	train
assonansie	asunansi	train
assosiasie	asuəʃiɑːsi	train
assosiasies	asuəʃiɑːsis	train
assosiatiewe	asuəʃiativə	train
astrant	astrant	train
astrante	astrantə	train
astronomie	astrunumi	train
astronomiese	astrunumisə	train
asyn	asəin	train
ateljee	atəljiə	train
ateljees	atəljiəs	train
atlantiese	atlantisə	train
atlas	atlas	train
atleet	atliət	train
atlete	atliətə	test
atletiek	atlətik	train
atletiekbaan	atlətikbɑːn	train
atletiekbyeenkoms	atlətikbəiiənkɔms	train
atletiekfederasies	atlətikfɛdərɑːsis	test
atletiekseisoen	atlətiksəisun	train
atletiekspan	atlətikspan	train
atletiekstadion	atlətikstɑːdiɔn	train
atletiekvereniging	atlətikfəriənəχəŋ	train
atmosfeer	atmɔsfiər	train
atmosferiese	atmɔsfiərisə	train
atome	atuəmə	train
atomiese	atuəmisə	train
atoom	atuəm	train
atoombom	atuəmbɔm	train
atoomenergie	atuəmɛnərχi	train
atoomenergiekorporasie	atuəmɛnərχikɔrpɔrɑːsi	train
atoomgetal	atuəmχətal	train
atoommassa	atuəmmasa	train
atoommassas	atuəmmasas	train
atoomteorie	atuəmtiuri	train
atrium	ɑːtriœm	train
atrofie	atrufi	train
atropien	atrupin	train
attent	atɛnt	test
attraksie	atraksi	train
attraksies	atraksis	train
attribusies	atrəbysis	train
attributief	atrəbytif	train
attributiewe	atrəbytivə	train
augsburg	œuχsbœrχ	test
augustus	œuχœstœs	train
australasiese	ustralɑːsisə	train
australasië	ustralɑːsiə	train
australiese	ustrɑːlisə	train
australië	ustrɑːliə	train
automobiel	œutumubil	test
avant	avant	train
avokado	afukɑːdu	train
avonture	afɔntyrə	train
avonturier	afɔntyrir	train
avonturiers	afɔntyrirs	train
aweregs	ɑːvərɛχs	test
aweregse	ɑːvərɛχsə	train
aërobiese	airuəbisə	train
ba	ba	train
baadjie	bɑːiki	train
baadjies	bɑːikis	train
baadjiesak	bɑːikisak	train
baai	bɑːi	train
baaise	bɑːisə	train
baaiskoup	bɑːiskœup	train
baan	bɑːn	train
baanblaaie	bɑːnblɑːiə	train
baanblad	bɑːnblat	train
baanbreker	bɑːnbriəkər	train
baanbrekers	bɑːnbriəkərs	train
baanbrekerswerk	bɑːnbriəkərsvɛrk	train
baanrekord	bɑːnrɛkɔrt	train
baansyfer	bɑːnsəifər	train
baar	bɑːr	train
baard	bɑːrt	train
baarde	bɑːrdə	test
baarmoeder	bɑːrmudər	test
baas	bɑːs	train
baasgeraak	bɑːsχərɑːk	train
baasgoed	bɑːsχut	train
baasraak	bɑːsrɑːk	train
baasskap	bɑːsskap	train
baat	bɑːt	train
baba	bɑːba	test
babadogter	bɑːbadɔχtər	train
babadogtertjie	bɑːbadɔχtərki	test
babakamer	bɑːbakɑːmər	train
babas	bɑːbas	train
babaseun	bɑːbasøːn	train
babatjie	bɑːbaiki	train
babatjies	bɑːbaikis	train
babbel	babəl	train
baber	bɑːbər	train
babetjies	bɑːbikis	train
babiloniese	babiluənisə	test
babilonië	babiluəniə	train
baccalaureus	bakalœuriœs	train
bad	bat	train
badkamer	batkɑːmər	train
badkamers	batkɑːmərs	train
badkamervloer	batkɑːmərflur	train
badkompleks	batkɔmplɛks	train
badplaas	batplɑːs	train
bafana	bafana	train
bafokeng	bafukɛŋ	train
bagasie	baχɑːsi	train
bagasiebak	baχɑːsibak	test
bagasieruim	baχɑːsirœym	train
bah	ba	train
bai	bai	train
baie	baiə	train
bailey	bəili	train
bak	bak	train
baken	bɑːkən	train
bakens	bɑːkəns	train
bakenskraal	bɑːkənskrɑːl	test
bakermat	bɑːkərmat	train
bakhand	bakɦant	train
bakke	bakə	train
bakker	bakər	train
bakkery	bakərəi	train
bakkerye	bakərəiə	train
bakkie	baki	train
bakkies	bakis	train
baklei	bakləi	train
bakleiery	bakləiərəi	train
bakoorjakkalse	bakuərjakalsə	train
bakplaat	bakplɑːt	train
bakpoeier	bakpuiər	train
baksteen	bakstiən	test
bakstene	bakstiənə	train
bakterie	baktiəri	train
bakteriese	baktiərisə	train
bakwerk	bakvɛrk	train
bal	bal	train
balans	balɑːns	train
balanseer	balansiər	train
balansering	balansiərəŋ	train
balansstaat	balɑːnsstɑːt	test
balansstaatrekeninge	balɑːnsstɑːtriəkənəŋə	train
balansstate	balɑːnsstɑːtə	train
balbesit	balbəsət	train
baldadig	baldɑːdəχ	train
baldadige	baldɑːdəχə	train
baldraer	baldrɑːər	train
bale	bɑːlə	train
balie	bɑːli	train
balieraad	bɑːlirɑːt	test
balindlela	baləndəlɛla	test
baljaar	baljɑːr	train
baljagter	baljaχtər	train
balju	baljy	train
balke	balkə	train
balkon	balkɔn	train
balkonne	balkɔnə	train
ballade	balɑːdə	train
ballades	balɑːdəs	train
balle	balə	train
ballet	balɛt	train
balletjie	baliki	train
balletjies	balikis	train
ballette	balɛtə	train
ballingskap	baləŋskap	train
ballon	balɔn	train
ballonne	balɔnə	train
balpeutery	balpøːtərəi	train
balsem	balsəm	train
baltiese	baltisə	train
ban	ban	train
banaal	banɑːl	train
banale	banɑːlə	train
band	bant	train
bande	bandə	train
bandelierkop	bandəlirkɔp	train
bandiete	banditə	train
bandjies	baiŋkis	train
bandopname	bantɔpnɑːmə	train
bandopnames	bantɔpnɑːməs	train
bandopnemer	bantɔpniəmər	train
bandwydte	bantvəitə	train
bane	bɑːnə	test
bang	baŋ	train
bangbroek	baŋbruk	train
bangladesj	baŋladəʃ	train
bangmaak	baŋmɑːk	test
baniere	banirə	train
bank	baŋk	train
bankaksepte	baŋkaksɛptə	train
bankamptenaar	baŋkamptənɑːr	train
bankamptenare	baŋkamptənɑːrə	train
bankbalans	baŋkbalɑːns	train
bankbedryf	baŋkbədrəif	train
bankbesonderhede	baŋkbəsɔndərɦiədə	test
bankdienste	baŋkdinstə	train
banke	baŋkə	test
banket	baŋkɛt	train
bankgroep	baŋkχrup	train
bankgroepe	baŋkχrupə	train
bankie	baŋki	train
bankier	baŋkir	train
bankiers	baŋkirs	train
bankies	baŋkis	train
bankkaart	baŋkkɑːrt	train
bankkaarte	baŋkkɑːrtə	train
bankkoers	baŋkkurs	train
bankkoste	baŋkkɔstə	train
banknote	baŋknuətə	test
bankrekening	baŋkriəkənəŋ	train
bankrekeninge	baŋkriəkənəŋə	train
bankrekenings	baŋkriəkənəŋs	train
bankroof	baŋkruəf	train
bankrot	baŋkrɔt	train
bankrotskap	baŋkrɔtskap	train
bankrotskappe	baŋkrɔtskapə	train
bankrower	baŋkruəvər	train
bankrowers	baŋkruəvərs	train
banksake	baŋksɑːkə	train
banksaldo	baŋksaldu	train
banksektor	baŋksɛktɔr	train
bankstaat	baŋkstɑːt	train
bankstate	baŋkstɑːtə	train
bankstelsel	baŋkstɛlsəl	train
bankvas	baŋkfas	train
bankversoeningstaat	baŋkfərsunəŋstɑːt	train
bankwese	baŋkviəsə	train
banneling	banələŋ	train
bannelinge	banələŋə	train
baptiste	baptəstə	train
bar	bar	train
barakke	barakə	train
barbaar	barbɑːr	test
barbaars	barbɑːrs	train
barbaarse	barbɑːrsə	train
barbaarsonkundig	barbɑːrsɔnkœndəχ	train
barbare	barbɑːrə	train
barbaredom	barbɑːrədɔm	train
barbarisme	barbarəsmə	train
barber	barbər	train
barbier	barbir	train
bare	bɑːrə	train
bariton	baritɔn	train
barmhartig	barmɦartəχ	train
barmhartige	barəmɦartəχə	train
barmhartigheid	barmɦartəχɦəit	test
barometer	barumiətər	train
baron	barɔn	test
barre	barə	train
bars	bars	train
barsie	barsi	train
barste	barstə	train
bas	bas	train
basaar	bəzɑːr	test
basale	basɑːlə	train
basalt	basalt	train
base	bɑːsə	train
baseer	basiər	train
basie	bɑːsi	train
basies	bɑːsis	train
basiese	bɑːsisə	train
basiliekruid	basəlikrœyt	train
basis	bɑːsəs	test
basiskoste	bɑːsəskɔstə	train
basislyn	bɑːsəsləin	test
basispunte	bɑːsəspœntə	train
basisse	bɑːsəsə	test
basisteoretiese	bɑːsəstiuriətisə	train
basisteorie	bɑːsəstiuri	train
basisvorm	bɑːsəsfɔrm	train
basisvorme	bɑːsəsfɔrmə	train
basketbal	baskɛtbal	train
basketbalspeler	baskɛtbalspiələr	test
baskitaar	baskitɑːr	train
baskitaarspeler	baskitɑːrspiələr	test
basta	basta	train
baster	bastər	train
basters	bastərs	train
bastion	bastiɔn	train
basuin	basœyn	train
basuinplaag	basœynplɑːχ	train
bataljon	bataljɔn	test
bate	bɑːtə	train
bateklasse	bɑːtəklasə	train
baterekening	bɑːtəriəkənəŋ	train
bates	bɑːtəs	train
bateverkope	bɑːtəfərkuəpə	train
bateverkoperekening	bɑːtəfərkuəpəriəkənəŋ	train
batewaarde	bɑːtəvɑːrdə	train
battery	batərəi	test
batterye	batərəiə	train
baviaan	baviɑːn	train
beaam	bəɑːm	train
beampte	bəamptə	train
beamptes	bəamptəs	train
beangs	bəaŋs	train
beantwoord	bəantvuərt	train
beantwoording	bəantvuərdəŋ	train
bebloed	bəblut	train
bebloede	bəbludə	train
beboet	bəbut	train
bebos	bəbɔs	test
bebou	bəbœu	train
beboude	bəbœudə	train
bed	bɛt	train
bedaar	bədɑːr	train
bedaard	bədɑːrt	train
bedag	bədaχ	train
bedags	bədaχs	train
bedagsaam	bədaχsɑːm	train
bedagsaamheid	bədaχsɑːmɦəit	train
bedank	bədaŋk	train
bedanking	bədaŋkəŋ	train
bedankings	bədaŋkəŋs	test
bedaring	bədɑːrəŋ	train
beddegoed	bɛdəχut	train
beddens	bɛdəns	test
bedding	bɛdəŋ	train
beddings	bɛdəŋs	train
bede	biədə	train
bedees	bədiəs	train
bedek	bədɛk	train
bedekking	bədɛkəŋ	train
bedekte	bədɛktə	train
bedel	biədəl	test
bedelaars	biədəlɑːrs	train
bedeling	bədiələŋ	test
bedelstaf	biədəlstaf	train
bedenkinge	bədɛŋkəŋə	train
bedenklik	bədɛŋklək	train
bedenklike	bədɛŋkləkə	train
bederf	bədɛrf	train
bederfbare	bədɛrfbɑːrə	train
bederwe	bədɛrvə	test
bedien	bədin	test
bedienaar	bədinɑːr	train
bediende	bədində	test
bediendekamer	bədindəkɑːmər	test
bediendekamers	bədindəkɑːmərs	train
bediendes	bədindəs	train
bediener	bədinər	train
bedieners	bədinərs	train
bediening	bədinəŋ	train
beding	bədəŋ	train
bedinge	bədəŋə	train
bedinging	bədəŋəŋ	train
bedingingsmag	bədəŋəŋsmaχ	train
bedink	bədəŋk	train
bedjie	bɛki	train
bedkassie	bɛtkasi	test
bedoel	bədul	test
bedoelde	bəduldə	train
bedoelende	bəduləndə	train
bedoeling	bəduləŋ	train
bedoelinge	bəduləŋə	train
bedoelings	bəduləŋs	train
bedompig	bədɔmpəχ	train
bedra	bədrɑː	train
bedrading	bədrɑːdəŋ	train
bedrae	bədrɑːə	train
bedrag	bədraχ	test
bedraggie	bədraχi	train
bedreig	bədrəiχ	train
bedreigde	bədrəiχdə	train
bedreigende	bədrəiχəndə	train
bedreiging	bədrəiχəŋ	train
bedreiginge	bədrəiχəŋə	test
bedremmeld	bədrɛməlt	train
bedrewe	bədriəvə	train
bedrewenheid	bədriəvənɦəit	train
bedrieg	bədriχ	train
bedrieglik	bədriχlək	train
bedrieglike	bədriχləkə	train
bedrieër	bədriər	train
bedrieërs	bədriərs	train
bedroef	bədruf	train
bedroefde	bədrufdə	train
bedrog	bədrɔχ	train
bedrogsaak	bədrɔχsɑːk	train
bedrogspul	bədrɔχspœl	train
bedrukte	bədrœktə	train
bedrus	bɛtrœs	train
bedryf	bədrəif	train
bedryfsaktiwiteite	bədrəifsaktivitəitə	train
bedryfsbates	bədrəifsbɑːtəs	train
bedryfsbegroting	bədrəifsbəχruətəŋ	train
bedryfsekonomie	bədrəifsɛkunumi	train
bedryfshoof	bədrəifsɦuəf	train
bedryfsielkunde	bədrəifsilkœndə	test
bedryfsielkundige	bədrəifsilkœndəχə	train
bedryfsinkomste	bədrəifsənkɔmstə	train
bedryfskapitaal	bədrəifskapitɑːl	train
bedryfskoste	bədrəifskɔstə	train
bedryfslaste	bədrəifslastə	train
bedryfsomgewing	bədrəifsɔmχiəvəŋ	train
bedryfspoed	bədrəifsput	train
bedryfstelsel	bədrəifstɛlsəl	train
bedryfsuitgawes	bədrəifsœytχɑːvəs	train
bedryfsverlies	bədrəifsfərlis	train
bedryfswins	bədrəifsvəns	train
bedrywe	bədrəivə	train
bedrywende	bədrəivəndə	train
bedrywig	bədrəivəχ	train
bedrywige	bədrəivəχə	train
bedrywighede	bədrəivəχɦiədə	train
bedrywigheid	bədrəivəχɦəit	train
bedrywigste	bədrəivəχstə	train
beduidend	bədœydənt	train
beduidende	bədœydəndə	test
beduidenis	bədœydənəs	train
beduie	bədœyə	train
beduienis	bədœyənəs	train
beduiwel	bədœyvəl	test
bedwang	bədwaŋ	train
bedwelm	bədwɛlm	train
bedwing	bədwəŋ	train
beef	biəf	train
beek	biək	test
beeld	biəlt	train
beelde	biəldə	train
beeldend	biəldənt	train
beeldende	biəldəndə	train
beeldhou	biəltɦœu	train
beeldhouer	biəltɦœuər	train
beeldhoukuns	biəltɦœukœns	train
beeldhouwerk	biəltɦœuvɛrk	train
beeldhouwerke	biəltɦœuvɛrkə	train
beelding	biəldəŋ	train
beeldjie	biəlki	train
beeldjies	biəlkis	train
beeldmateriaal	biəltmatiəriɑːl	train
beeldsaai	biəltsɑːi	train
beeldskap	biəltskap	train
beeldskone	biəltskuənə	train
beeldskoon	biəltskuən	test
beeldspraak	biəltsprɑːk	train
beeldteks	biəlttɛks	train
been	biən	train
beendere	biəndərə	train
beenmurg	biənmœrχ	train
beenruimte	biənrœymtə	train
beentjie	biəŋki	train
beentjies	biəŋkis	train
beenvisse	biənfəsə	train
beer	biər	train
beermark	biərmark	train
beertjie	biərki	train
bees	biəs	train
beesboerdery	biəsburdərəi	train
beeskraal	biəskrɑːl	train
beesmis	biəsməs	train
beesprojek	biəsprujɛk	train
beeste	biəstə	train
beesvleis	biəsfləis	test
beet	biət	train
beetgekry	biətχəkrəi	train
beetgepak	biətχəpak	train
beetkry	biətkrəi	train
beetpak	biətpak	train
befaamde	bəfɑːmdə	train
befonds	bəfɔnts	train
begaafde	bəχɑːfdə	train
begaafdheid	bəχɑːftɦəit	train
begaan	bəχɑːn	train
begeer	bəχiər	train
begeerde	bəχiərdə	train
begeerte	bəχiərtə	train
begeertes	bəχiərtəs	train
begeester	bəχiəstər	train
begeesterd	bəχiəstərt	train
begeesterde	bəχiəstərdə	train
begelei	bəχələi	train
begeleidende	bəχələidəndə	train
begeleiding	bəχələidəŋ	train
begenadig	bəχənɑːdəχ	train
begerig	bəχərəχ	train
begewe	bəχiəvə	train
begin	bəχən	train
beginjare	bəχənjɑːrə	train
beginne	bəχənə	train
beginnend	bəχənənt	train
beginnende	bəχənəndə	train
beginner	bəχənər	train
beginners	bəχənərs	test
beginnersgids	bəχənərsχəts	train
beginnersgrammatika	bəχənərsχramatika	train
beginpunt	bəχənpœnt	train
beginsel	bəχənsəl	train
beginselgrondslag	bəχənsəlχrɔntslaχ	test
beginselprogram	bəχənsəlpruχram	train
beginsels	bəχənsəls	train
beginselstryd	bəχənsəlstrəit	train
beginselvaste	bəχənsəlfastə	train
beginselverskil	bəχənsəlfərskəl	train
beginspan	bəχənspan	train
beginstadium	bəχənstɑːdiœm	train
begint	bəχənt	train
begintyd	bəχəntəit	train
beginvoorraad	bəχənfuərɑːt	train
begraafplaas	bəχrɑːfplɑːs	train
begraafplase	bəχrɑːfplɑːsə	train
begrafnis	bəχrafnəs	train
begrafnisbrief	bəχrafnəsbrif	train
begrafnisdiens	bəχrafnəsdins	train
begrafniskoste	bəχrafnəskɔstə	test
begrafnisondernemer	bəχrafnəsɔndərniəmər	train
begrafnisreëlings	bəχrafnəsriələŋs	train
begrafnisse	bəχrafnəsə	train
begrawe	bəχrɑːvə	train
begrens	bəχrɛns	train
begrensing	bəχrɛnsəŋ	train
begrepe	bəχriəpə	test
begrip	bəχrəp	train
begrippe	bəχrəpə	train
begrips	bəχrəps	train
begripsbepalings	bəχrəpsbəpɑːləŋs	train
begripskaarte	bəχrəpskɑːrtə	train
begripsomskrywing	bəχrəpsɔmskrəivəŋ	train
begripstrategieë	bəχrəpstratəχiə	test
begroet	bəχrut	train
begrond	bəχrɔnt	test
begronde	bəχrɔndə	train
begronding	bəχrɔndəŋ	train
begroot	bəχruət	train
begrote	bəχruətə	train
begroting	bəχruətəŋ	train
begrotings	bəχruətəŋs	test
begrotingsafwyking	bəχruətəŋsafvəikəŋ	train
begrotingsdebat	bəχruətəŋsdəbat	train
begrotingspos	bəχruətəŋspɔs	train
begrotingsproses	bəχruətəŋsprusɛs	test
begrotingsrede	bəχruətəŋsriədə	train
begrotingstekort	bəχruətəŋstəkɔrt	train
begrotingstekorte	bəχruətəŋstəkɔrtə	train
begrotingstoespraak	bəχruətəŋstusprɑːk	train
begryp	bəχrəip	train
begrypend	bəχrəipənt	train
begryplik	bəχrəiplək	train
begryplike	bəχrəipləkə	train
begryplikerwys	bəχrəipləkərvəis	train
begryplikerwyse	bəχrəipləkərvəisə	train
begunstig	bəχœnstəχ	test
begunstigdes	bəχœnstəχdəs	train
behaag	bəɦɑːχ	train
behaaglik	bəɦɑːχlək	train
behaal	bəɦɑːl	train
behaalde	bəɦɑːldə	train
behae	bəɦɑːə	train
behaling	bəɦɑːləŋ	train
behalwe	bəɦɑːlvə	train
behandel	bəɦandəl	test
behandeling	bəɦandələŋ	train
behandelings	bəɦandələŋs	test
behandelingsmetodes	bəɦandələŋsmətuədəs	train
behardien	bəɦardin	train
behartig	bəɦartəχ	train
behartiging	bəɦartəχəŋ	train
behaviorisme	biɦəiviurəsmə	train
behaviouristiese	biɦəiviurəstisə	train
beheer	bəɦiər	train
beheerbare	bəɦiərbɑːrə	train
beheerde	bəɦiərdə	train
beheerder	bəɦiərdər	train
beheerders	bəɦiərdərs	train
beheerliggaam	bəɦiərləχɑːm	train
beheerliggame	bəɦiərləχɑːmə	train
beheermaatskappy	bəɦiərmɑːtskapəi	train
beheerproses	bəɦiərprusɛs	train
beheerraad	bəɦiərrɑːt	train
beheerrade	bəɦiərrɑːdə	train
beheers	bəɦiərs	train
beheersentrum	bəɦiərsɛntrœm	train
beheersing	bəɦiərsəŋ	train
beheerstrategieë	bəɦiərstratəχiə	train
behelp	bəɦɛlp	train
behels	bəɦɛls	train
behendig	bəɦɛndəχ	train
behendigheid	bəɦɛndəχɦəit	train
beheptheid	bəɦɛptɦəit	train
beherend	bəɦiərənt	train
beherende	bəɦiərəndə	train
behoed	bəɦut	train
behoedsaam	bəɦutsɑːm	train
behoefte	bəɦuftə	train
behoeftebevrediging	bəɦuftəbəfriədəχəŋ	train
behoeftes	bəɦuftəs	train
behoeftetjie	bəɦuftiki	test
behoeftige	bəɦuftəχə	train
behoeftiges	bəɦuftəχəs	train
behoewe	bəɦuvə	train
behoorlik	bəɦuərlək	train
behoorlike	bəɦuərləkə	test
behoort	bəɦuərt	test
behore	bəɦuərə	train
behou	bəɦœu	train
behoud	bəɦœut	train
behoudende	bəɦœudəndə	train
behoudens	bəɦœudəns	train
behoue	bəɦœuə	train
behuising	bəɦœysəŋ	train
behuisingsprojek	bəɦœysəŋsprujɛk	train
behuisingsraad	bəɦœysəŋsrɑːt	train
behulp	bəɦœlp	train
behulpsaam	bəɦœlpsɑːm	train
bei	bəi	train
beide	bəidə	train
beierse	bəirsə	test
beige	bəidʒ	train
beinvloed	bəənflut	train
beit	bəit	train
beitel	bəitəl	train
beiteltjie	bəitəlki	train
bejaarde	bəjɑːrdə	test
bejaardes	bəjɑːrdəs	train
bejaardesorg	bəjɑːrdəsɔrχ	train
bejaardheid	bəjɑːrtɦəit	train
bejammer	bəjamər	train
bejammerenswaardig	bəjamərənsvɑːrdəχ	train
bejeën	bəjiən	train
bek	bɛk	train
bekamp	bəkamp	train
bekamping	bəkampəŋ	train
bekeer	bəkiər	train
bekeerlinge	bəkiərləŋə	train
beken	bəkɛn	train
bekend	bəkɛnt	train
bekende	bəkɛndə	train
bekendes	bəkɛndəs	train
bekendgestel	bəkɛntχəstɛl	train
bekendheid	bəkɛntɦəit	train
bekendmaak	bəkɛntmɑːk	train
bekendmaking	bəkɛntmɑːkəŋ	test
bekendmakings	bəkɛntmɑːkəŋs	train
bekendstaan	bəkɛntstɑːn	train
bekendste	bəkɛntstə	train
bekendstel	bəkɛntstɛl	train
bekendstelling	bəkɛntstɛləŋ	train
bekendstes	bəkɛntstəs	train
bekentenis	bəkɛntənəs	test
bekentenisse	bəkɛntənəsə	train
beker	biəkər	train
bekering	bəkiərəŋ	train
bekers	biəkərs	train
bekertjie	biəkərki	train
bekerwedstryd	biəkərvɛtstrəit	test
bekie	biəki	test
bekke	bɛkə	train
bekken	bɛkən	train
bekkig	bɛkəχ	train
bekla	bəklɑː	test
beklee	bəkliə	train
bekleedsel	bəkliətsəl	train
beklemming	bəklɛməŋ	train
beklemtoning	bəklɛmtunəŋ	test
beklemtoon	bəklɛmtuən	train
beklemtoonde	bəklɛmtuəndə	train
beklink	bəkləŋk	train
beknop	bəknɔp	train
beknopte	bəknɔptə	train
bekom	bəkɔm	train
bekombare	bəkɔmbɑːrə	test
bekommer	bəkɔmər	train
bekommerd	bəkɔmərt	train
bekommerde	bəkɔmərdə	train
bekommernis	bəkɔmərnəs	train
bekommernisse	bəkɔmərnəsə	train
bekoor	bəkuər	train
bekoorlike	bəkuərləkə	train
bekoring	bəkuərəŋ	test
bekostig	bəkɔstəχ	train
bekostigbaar	bəkɔstəχbɑːr	train
bekostigbaarheid	bəkɔstəχbɑːrɦəit	train
bekostigbare	bəkɔstəχbɑːrə	train
bekragtig	bəkraχtəχ	train
bekroon	bəkruən	train
bekroonde	bəkruəndə	train
bekruip	bəkrœyp	test
bekvelders	bɛkfɛldərs	train
bekwaam	bəkwɑːm	train
bekwaamheid	bəkwɑːmɦəit	train
bekwaamheidsertifikaat	bəkwɑːmɦəitsɛrtifikɑːt	train
bekwame	bəkwɑːmə	train
bekyk	bəkəik	train
bel	bɛl	train
belaai	bəlɑːi	train
belaglik	bəlaχlək	train
belaglike	bəlaχləkə	train
beland	bəlant	test
belang	bəlaŋ	train
belange	bəlaŋə	train
belangegroep	bəlaŋəχrup	train
belangegroepe	bəlaŋəχrupə	train
belanghebbende	bəlaŋɦɛbəndə	train
belanghebbendes	bəlaŋɦɛbəndəs	train
belanghebbers	bəlaŋɦɛbərs	test
belangrik	bəlaŋrək	train
belangrike	bəlaŋrəkə	train
belangriker	bəlaŋrəkər	train
belangrikheid	bəlaŋrəkɦəit	test
belangrikste	bəlaŋrəkstə	train
belangrikstes	bəlaŋrəkstəs	train
belangstel	bəlaŋstɛl	train
belangstellend	bəlaŋstɛlənt	train
belangstellende	bəlaŋstɛləndə	test
belangstellendes	bəlaŋstɛləndəs	train
belangstelling	bəlaŋstɛləŋ	train
belangstellings	bəlaŋstɛləŋs	train
belangstellingsveld	bəlaŋstɛləŋsfɛlt	train
belangwekkende	bəlaŋvɛkəndə	train
belas	bəlas	train
belasbaar	bəlasbɑːr	train
belasbare	bəlasbɑːrə	test
belaste	bəlastə	train
belaster	bəlastər	train
belasting	bəlastəŋ	train
belastingaanspreeklikheid	bəlastəŋɑːnspriəkləkɦəit	train
belastingbasis	bəlastəŋbɑːsəs	train
belastingbetaler	bəlastəŋbətɑːlər	train
belastingbetalers	bəlastəŋbətɑːlərs	test
belastingbetalersvereniging	bəlastəŋbətɑːlərsfəriənəχəŋ	train
belastingdoeleindes	bəlastəŋduləindəs	train
belastinggaarder	bəlastəŋχɑːrdər	train
belastinggeld	bəlastəŋχɛlt	train
belastingkoers	bəlastəŋkurs	test
belastinglas	bəlastəŋlas	train
belastingopgawes	bəlastəŋɔpχɑːvəs	train
belastingpligtige	bəlastəŋpləχtəχə	train
belastingpligtiges	bəlastəŋpləχtəχəs	train
belastings	bəlastəŋs	train
belastingstelsel	bəlastəŋstɛlsəl	train
belastingverligting	bəlastəŋfərləχtəŋ	train
belastingvermyding	bəlastəŋfərməidəŋ	train
belastingvoorsiening	bəlastəŋfuərsinəŋ	train
beledig	bəliədəχ	train
beledigend	bəliədəχənt	train
beledigende	bəliədəχəndə	train
belediging	bəliədəχəŋ	train
beleef	bəliəf	test
beleefde	bəliəfdə	test
beleefdheid	bəliəftɦəit	train
beleg	bəlɛχ	train
belegger	bəlɛχər	train
beleggers	bəlɛχərs	test
belegging	bəlɛχəŋ	train
beleggings	bəlɛχəŋs	train
beleggingsbesluite	bəlɛχəŋsbəslœytə	train
beleggingsdienste	bəlɛχəŋsdinstə	train
beleggingsfondse	bəlɛχəŋsfɔntsə	train
beleggingsgeleenthede	bəlɛχəŋsχəliəntɦiədə	train
beleggingsgroep	bəlɛχəŋsχrup	train
beleggingsinkomste	bəlɛχəŋsənkɔmstə	train
beleggingskorporasie	bəlɛχəŋskɔrpɔrɑːsi	test
beleggingsmaatskappy	bəlɛχəŋsmɑːtskapəi	train
beleggingsportefeuljes	bəlɛχəŋspɔrtəfyljəs	train
beleid	bələit	train
beleide	bələidə	train
beleidmakende	bələitmɑːkəndə	train
beleidmakers	bələitmɑːkərs	test
beleidsake	bələitsɑːkə	train
beleidsbesluite	bələitsbəslœytə	train
beleidsdokumente	bələitsdɔkymɛntə	train
beleidsformulering	bələitsfɔrmyliərəŋ	train
beleidskomitee	bələitskɔmətiə	train
beleidskonferensie	bələitskɔnfərɛnsi	train
beleidsraamwerk	bələitsrɑːmvɛrk	train
beleidsrigtings	bələitsrəχtəŋs	train
belemmer	bəlɛmər	train
belemmerde	bəlɛmərdə	train
belemmerend	bəlɛmərənt	train
belemmerende	bəlɛmərəndə	train
belemmering	bəlɛmərəŋ	train
belese	bəliəsə	train
belet	bəlɛt	train
belewe	bəliəvə	train
belewenis	bəliəvənəs	train
belewenisse	bəliəvənəsə	train
belewing	bəliəvəŋ	train
beleër	bəliər	train
belgiese	bɛlχisə	train
belgië	bɛlχiə	test
belieg	bəliχ	train
belig	bələχ	train
beliggaam	bələχɑːm	train
beliggaming	bələχɑːməŋ	train
beligting	bələχtəŋ	train
belinda	bələnda	train
belle	bɛlə	train
beloer	bəlur	train
belofte	bəlɔftə	train
beloftes	bəlɔftəs	train
belol	bəlɔl	train
beloning	bəluənəŋ	train
belonings	bəluənəŋs	test
beloof	bəluəf	train
beloofde	bəluəfdə	train
beloon	bəluən	train
beloop	bəluəp	train
belowe	bəluəvə	train
belowend	bəluəvənt	train
belowende	bəluəvəndə	train
belowendste	bəluəvəntstə	test
beluister	bəlœystər	train
beluistering	bəlœystərəŋ	test
bely	bələi	train
belydende	bələidəndə	train
belydenis	bələidənəs	train
belydenisaflegging	bələidənəsaflɛχəŋ	train
belydenisskrif	bələidənəsskrəf	train
belydenisskrifte	bələidənəsskrəftə	train
belyning	bələinəŋ	train
bemaak	bəmɑːk	train
bemagtig	bəmaχtəχ	test
bemagtigend	bəmaχtəχənt	train
bemagtiging	bəmaχtəχəŋ	train
bemagtigingsgroep	bəmaχtəχəŋsχrup	train
bemagtigingstransaksie	bəmaχtəχəŋstransaksi	train
bemagtigingstransaksies	bəmaχtəχəŋstransaksis	train
bemagtigingsvennoot	bəmaχtəχəŋsfənuət	train
bemaking	bəmɑːkəŋ	train
beman	bəman	train
bemande	bəmandə	test
bemanning	bəmanəŋ	train
bemanningslede	bəmanəŋsliədə	train
bemanningslid	bəmanəŋslət	train
bemark	bəmark	train
bemarkbare	bəmarkbɑːrə	test
bemarker	bəmarkər	train
bemarkers	bəmarkərs	train
bemarking	bəmarkəŋ	test
bemarkings	bəmarkəŋs	test
bemarkingsaktiwiteite	bəmarkəŋsaktivitəitə	train
bemarkingsbegrip	bəmarkəŋsbəχrəp	train
bemarkingsdirekteur	bəmarkəŋsdirɛktøːr	train
bemarkingsfunksie	bəmarkəŋsfœŋksi	train
bemarkingsnavorsing	bəmarkəŋsnɑːfɔrsəŋ	train
bemarkingsomgewing	bəmarkəŋsɔmχiəvəŋ	train
bemarkingsplan	bəmarkəŋsplan	train
bemarkingstrategie	bəmarkəŋstratəχi	train
bemarkingsveldtog	bəmarkəŋsfɛltɔχ	test
bemeester	bəmiəstər	train
bemeestering	bəmiəstərəŋ	train
bemerk	bəmɛrk	train
bemesting	bəmɛstəŋ	train
bemiddel	bəmədəl	train
bemiddelaar	bəmədəlɑːr	train
bemiddelaars	bəmədəlɑːrs	train
bemiddeling	bəmədələŋ	train
beminlik	bəmənlək	train
bemoedig	bəmudəχ	test
bemoedigend	bəmudəχənt	train
bemoedigende	bəmudəχəndə	test
bemoediging	bəmudəχəŋ	train
bemoei	bəmui	train
bemoeienis	bəmuiənəs	train
bemoeilik	bəmuilək	train
bemors	bəmɔrs	train
ben	bɛn	train
benaam	bənɑːm	train
benaamde	bənɑːmdə	train
benadeel	bənɑːdiəl	train
benadeelde	bənɑːdiəldə	train
benadeling	bənɑːdiələŋ	train
benadelingspotensiaal	bənɑːdiələŋsputɛnʃiɑːl	train
benader	bənɑːdər	train
benaderde	bənɑːdərdə	train
benadering	bənɑːdərəŋ	train
benaderinge	bənɑːdərəŋə	train
benaderings	bənɑːdərəŋs	train
benaderingswyse	bənɑːdərəŋsvəisə	train
benaderingswyses	bənɑːdərəŋsvəisəs	train
benadruk	bənɑːdrœk	train
benaming	bənɑːməŋ	train
benaminge	bənɑːməŋə	train
benard	bənart	train
benarde	bənardə	test
benat	bənat	train
bende	bɛndə	test
bendegeweld	bɛndəχəvɛlt	train
bendelede	bɛndəliədə	train
bendeleier	bɛndələiər	test
bendelid	bɛndələt	train
bendes	bɛndəs	train
bene	biənə	train
benede	bəniədə	train
benewel	bəniəvəl	train
beneweld	bəniəvəlt	train
benewens	bəniəvəns	train
benfica	bɛnfika	train
benige	biənəχə	train
benjamin	bɛndʒəmən	train
benodig	bənuədəχ	train
benodigde	bənuədəχdə	train
benodighede	bənuədəχɦiədə	train
benoem	bənum	train
benoemde	bənumdə	train
benoemdes	bənumdəs	train
benoeming	bənuməŋ	train
benoemings	bənuməŋs	train
benoud	bənœut	train
benoude	bənœudə	train
benoudheid	bənœutɦəit	train
benseen	bɛnsiən	train
benul	bənœl	test
benut	bənœt	test
benutting	bənœtəŋ	train
beoefen	bəufən	train
beoefenaars	bəufənɑːrs	train
beoefening	bəufənəŋ	train
beoog	bəuəχ	train
beoogde	bəuəχdə	test
beoordeel	bəuərdiəl	test
beoordelaar	bəuərdiəlɑːr	train
beoordelaars	bəuərdiəlɑːrs	train
beoordelaarspaneel	bəuərdiəlɑːrspaniəl	train
beoordeling	bəuərdiələŋ	train
bepaal	bəpɑːl	train
bepaalbaar	bəpɑːlbɑːr	train
bepaald	bəpɑːlt	test
bepaalde	bəpɑːldə	train
bepalende	bəpɑːləndə	train
bepaler	bəpɑːlər	train
bepaling	bəpɑːləŋ	train
bepalinge	bəpɑːləŋə	train
bepalings	bəpɑːləŋs	train
bepeins	bəpəins	train
bepeinsing	bəpəinsəŋ	train
bepeinsings	bəpəinsəŋs	train
beperk	bəpɛrk	train
beperkend	bəpɛrkənt	train
beperkende	bəpɛrkəndə	test
beperking	bəpɛrkəŋ	train
beperkinge	bəpɛrkəŋə	train
beperkings	bəpɛrkəŋs	train
beperkte	bəpɛrktə	train
beplan	bəplan	train
beplande	bəplandə	train
beplanner	bəplanər	train
beplanning	bəplanəŋ	train
beplanningsfase	bəplanəŋsfɑːsə	test
beplanningsproses	bəplanəŋsprusɛs	train
beplanningsreg	bəplanəŋsrɛχ	train
beplanningsverslag	bəplanəŋsfərslaχ	train
beplant	bəplant	train
bepleit	bəpləit	train
bepraat	bəprɑːt	train
beproef	bəpruf	train
beproefde	bəprufdə	train
beproewinge	bəpruvəŋə	train
bepunting	bəpœntəŋ	train
beraad	bərɑːt	train
beraadslaag	bərɑːtslɑːχ	train
beraadslagende	bərɑːtslɑːχəndə	test
beraadslagings	bərɑːtslɑːχəŋs	train
beraam	bərɑːm	train
berader	bərɑːdər	train
beraders	bərɑːdərs	train
berading	bərɑːdəŋ	train
beradingsessie	bərɑːdəŋsɛsi	train
beradingspraktyk	bərɑːdəŋspraktəik	train
beradingsproses	bərɑːdəŋsprusɛs	train
beraming	bərɑːməŋ	train
beramings	bərɑːməŋs	test
bere	biərə	train
bereddering	bərɛdərəŋ	train
beredeneer	bərədəniər	train
beredeneerde	bərədəniərdə	train
beredenering	bərədəniərəŋ	train
berei	bərəi	train
bereid	bərəit	train
bereidheid	bərəitɦəit	train
bereiding	bərəidəŋ	train
bereidwilligheid	bərəitvələχɦəit	train
bereik	bərəik	train
bereikbaar	bərəikbɑːr	train
bereikbare	bərəikbɑːrə	test
bereiking	bərəikəŋ	train
bereikte	bərəiktə	train
bereken	bəriəkən	test
berekend	bəriəkənt	train
berekende	bəriəkəndə	train
berekening	bəriəkənəŋ	train
berekeninge	bəriəkənəŋə	train
berekenings	bəriəkənəŋs	train
berg	bɛrχ	train
bergagtig	bɛrχaχtəχ	train
bergagtige	bɛrχaχtəχə	train
berge	bɛrχə	train
bergfiets	bɛrχfits	train
bergfynbos	bɛrχfəinbɔs	train
berghang	bɛrχɦaŋ	train
berghange	bɛrχɦaŋə	train
berghellings	bɛrχɦɛləŋs	train
bergie	bɛrχi	train
bergklim	bɛrχkləm	train
bergklimmers	bɛrχkləmərs	train
bergklub	bɛrχklœp	train
bergkwaggas	bɛrχkwaχas	train
bergland	bɛrχlant	train
bergpas	bɛrχpas	train
bergpasse	bɛrχpasə	train
bergpieke	bɛrχpikə	train
bergplek	bɛrχplɛk	test
bergreeks	bɛrχriəks	train
bergreekse	bɛrχriəksə	train
bergrivier	bɛrχrəfir	train
berig	bərəχ	train
beriggewer	bərəχiəvər	test
beriggewing	bərəχiəvəŋ	train
berigte	bərəχtə	test
berliner	bɛrlənər	train
berlyn	bɛrləin	train
berlynse	bɛrləinsə	train
beroemd	bərumt	test
beroemde	bərumdə	train
beroemdes	bərumdəs	test
beroemdste	bərumtstə	train
beroep	bərup	train
beroepe	bərupə	train
beroeps	bərups	train
beroepsgerig	bərupsχərəχ	train
beroepsgerigte	bərupsχərəχtə	train
beroepsgesondheid	bərupsχəsɔntɦəit	train
beroepsgholfspeler	bərupsχɔlfspiələr	train
beroepsielkunde	bərupsilkœndə	train
beroepskategorieë	bərupskatəχuriə	test
beroepskennis	bərupskɛnəs	train
beroepskeuse	bərupskøːsə	train
beroepskeuses	bərupskøːsəs	train
beroepslewe	bərupsliəvə	train
beroepslui	bərupslœy	train
beroepsmense	bərupsmɛnsə	train
beroepsmoontlikhede	bərupsmuəntləkɦiədə	train
beroepspeler	bərupspiələr	test
beroepspraktisyn	bərupspraktisəin	train
beroepsraad	bərupsrɑːt	train
beroepsrugby	bərupsraχbi	train
beroepstres	bərupstrɛs	train
beroepsveiligheid	bərupsfəiləχɦəit	train
beroepsvoorligting	bərupsfuərləχtəŋ	train
beroepswedder	bərupsvɛdər	train
beroepswedders	bərupsvɛdərs	train
beroerd	bərurt	train
beroering	bərurəŋ	train
beroeringe	bərurəŋə	train
beroerte	bərurtə	train
beroertes	bərurtəs	train
berokken	bərɔkən	train
beroof	bəruəf	train
berou	bərœu	train
berug	bərœχ	train
berugte	bərœχtə	train
beruik	bərœyk	train
berus	bərœs	train
beryming	bərəiməŋ	train
bes	bɛs	train
beseer	bəsiər	train
beseerde	bəsiərdə	train
beseerdes	bəsiərdəs	train
besef	bəsɛf	train
besem	biəsəm	train
besems	biəsəms	train
besending	bəsɛndəŋ	test
besendings	bəsɛndəŋs	test
besering	bəsiərəŋ	train
beserings	bəsiərəŋs	test
beseringstyd	bəsiərəŋstəit	train
beset	bəsɛt	train
besete	bəsiətə	train
besette	bəsɛtə	train
besetters	bəsɛtərs	test
besetting	bəsɛtəŋ	train
besiel	bəsil	train
besield	bəsilt	train
besielde	bəsildə	train
besielende	bəsiləndə	test
besienswaardighede	bəsinsvɑːrdəχɦiədə	train
besig	biəsəχ	test
besige	biəsəχə	train
besighede	biəsəχɦiədə	train
besigheid	biəsəχɦəit	train
besigheids	biəsəχɦəits	train
besigheidsklas	biəsəχɦəitsklas	train
besigheidsomgewing	biəsəχɦəitsɔmχiəvəŋ	train
besigheidsplan	biəsəχɦəitsplan	train
besigheidsplanne	biəsəχɦəitsplanə	test
besighou	biəsəχɦœu	train
besigtig	bəsəχtəχ	train
besigtiging	bəsəχtəχəŋ	train
besin	bəsən	train
besing	bəsəŋ	train
besinning	bəsənəŋ	train
besit	bəsət	train
besitlike	bəsətləkə	train
besitreg	bəsətrɛχ	train
besitters	bəsətərs	train
besitting	bəsətəŋ	train
besittings	bəsətəŋs	train
beskaaf	bəskɑːf	train
beskaafd	bəskɑːft	train
beskaafde	bəskɑːfdə	train
beskadig	bəskɑːdəχ	train
beskadigde	bəskɑːdəχdə	train
beskadiging	bəskɑːdəχəŋ	train
beskamend	bəskɑːmənt	train
beskawing	bəskɑːvəŋ	train
beskawings	bəskɑːvəŋs	train
beskeidenheid	bəskəidənɦəit	train
beskeie	bəskəiə	test
beskerm	bəskɛrm	train
beskermde	bəskɛrmdə	train
beskermend	bəskɛrəmənt	test
beskermende	bəskɛrməndə	train
beskermer	bəskɛrmər	train
beskermheer	bəskɛrmɦiər	train
beskerming	bəskɛrməŋ	train
beskermingsbevel	bəskɛrməŋsbəfɛl	train
beskik	bəskək	train
beskikbaar	bəskəkbɑːr	train
beskikbaarheid	bəskəkbɑːrɦəit	train
beskikbaarstelling	bəskəkbɑːrstɛləŋ	train
beskikbare	bəskəkbɑːrə	train
beskikking	bəskəkəŋ	train
beskilderde	bəskəldərdə	train
beskore	bəskuərə	train
beskou	bəskœu	train
beskouing	bəskœuəŋ	train
beskouinge	bəskœuəŋə	train
beskouings	bəskœuəŋs	test
beskryf	bəskrəif	train
beskrywe	bəskrəivə	train
beskrywend	bəskrəivənt	train
beskrywende	bəskrəivəndə	test
beskrywing	bəskrəivəŋ	test
beskrywings	bəskrəivəŋs	train
beskrywingspunt	bəskrəivəŋspœnt	train
beskuit	bəskœyt	train
beskuldig	bəskœldəχ	train
beskuldigde	bəskœldəχdə	train
beskuldigdebank	bəskœldəχdəbaŋk	train
beskuldigdes	bəskœldəχdəs	train
beskuldiging	bəskœldəχəŋ	train
beskuldiginge	bəskœldəχəŋə	train
beskuldigings	bəskœldəχəŋs	train
beskut	bəskœt	train
beskutte	bəskœtə	train
beskutting	bəskœtəŋ	test
beslaan	bəslɑːn	test
beslag	bəslaχ	train
beslaglegging	bəslaχlɛχəŋ	train
beslagleggings	bəslaχlɛχəŋs	train
besleg	bəslɛχ	train
beslegting	bəslɛχtəŋ	train
beslis	bəsləs	train
beslissend	bəsləsənt	train
beslissende	bəsləsəndə	train
beslissender	bəsləsəndər	train
beslissing	bəsləsəŋ	train
beslissings	bəsləsəŋs	train
besliste	bəsləstə	train
beslistheid	bəsləstɦəit	train
beslote	bəsluətə	train
besluit	bəslœyt	train
besluite	bəslœytə	train
besluitjies	bəslœykis	train
besluitnemer	bəslœytniəmər	test
besluitnemers	bəslœytniəmərs	train
besluitneming	bəslœytniəməŋ	train
besluitnemingsproses	bəslœytniəməŋsprusɛs	train
besluitnemingsprosesse	bəslœytniəməŋsprusɛsə	train
besmeer	bəsmiər	train
besmet	bəsmɛt	train
besmette	bəsmɛtə	train
besmetting	bəsmɛtəŋ	train
besmettings	bəsmɛtəŋs	train
besnoei	bəsnui	train
besnoeiing	bəsnuiəŋ	train
besnoeiings	bəsnuiəŋs	train
besnydenis	bəsnəidənəs	train
besoedel	bəsudəl	train
besoedelaar	bəsudəlɑːr	train
besoedelde	bəsudəldə	train
besoedeling	bəsudələŋ	train
besoedelingstowwe	bəsudələŋstɔvə	test
besoedelstowwe	bəsudəlstɔvə	train
besoek	bəsuk	test
besoeke	bəsukə	train
besoekende	bəsukəndə	train
besoeker	bəsukər	train
besoekers	bəsukərs	train
besoektyd	bəsuktəit	train
besoldigde	bəsɔldəχdə	train
besoldiging	bəsɔldəχəŋ	train
besonder	bəsɔndər	train
besondere	bəsɔndərə	train
besonderhede	bəsɔndərɦiədə	train
besonderlik	bəsɔndərlək	train
besonders	bəsɔndərs	train
besonderse	bəsɔndərsə	train
besope	bəsuəpə	train
besorg	bəsɔrχ	train
besorgd	bəsɔrχt	train
besorgde	bəsɔrχdə	train
besorgdheid	bəsɔrχtɦəit	train
bespaar	bəspɑːr	test
besparing	bəspɑːrəŋ	train
besparings	bəspɑːrəŋs	train
bespeur	bəspøːr	train
bespied	bəspit	train
bespiegel	bəspiχəl	test
bespiegelende	bəspiχələndə	train
bespiegeling	bəspiχələŋ	train
bespiegelinge	bəspiχələŋə	train
bespiegelings	bəspiχələŋs	test
bespoedig	bəspudəχ	train
bespot	bəspɔt	train
bespotting	bəspɔtəŋ	train
bespreek	bəspriək	train
bespreking	bəspriəkəŋ	train
besprekings	bəspriəkəŋs	train
besprekingsessies	bəspriəkəŋsɛsis	train
besprekingsklasse	bəspriəkəŋsklasə	train
besprekingspunte	bəspriəkəŋspœntə	train
besprekingsvrae	bəspriəkəŋsfrɑːə	train
besprinkel	bəsprəŋkəl	train
besproei	bəsprui	train
besproeiing	bəspruiəŋ	train
besproeiingswerk	bəspruiəŋsvɛrk	train
bespuit	bəspœyt	train
bessie	bɛsi	train
bessies	bɛsis	train
bestaan	bəstɑːn	train
bestaande	bəstɑːndə	train
bestaansjaar	bəstɑːnsjɑːr	train
bestaansreg	bəstɑːnsrɛχ	train
bestand	bəstant	train
bestanddeel	bəstandiəl	train
bestanddele	bəstandiələ	train
beste	bɛstə	test
besteding	bəstiədəŋ	test
bestedings	bəstiədəŋs	train
bestee	bəstiə	train
besteebare	bəstiəbɑːrə	train
besteel	bəstiəl	train
bestek	bəstɛk	train
bestel	bəstɛl	train
bestelboek	bəstɛlbuk	test
bestelling	bəstɛləŋ	train
bestellings	bəstɛləŋs	test
bestem	bəstɛm	train
bestemde	bəstɛmdə	train
bestemming	bəstɛməŋ	train
bestemmings	bəstɛməŋs	train
bestempel	bəstɛmpəl	train
bestendig	bəstɛndəχ	train
bestendige	bəstɛndəχə	train
bestendigheid	bəstɛndəχɦəit	train
bestendigste	bəstɛndəχstə	train
bestes	bɛstəs	train
bestook	bəstuək	train
bestorm	bəstɔrm	train
bestorming	bəstɔrməŋ	train
bestorwe	bəstɔrvə	train
bestraal	bəstrɑːl	train
bestraf	bəstraf	train
bestraling	bəstrɑːləŋ	train
bestry	bəstrəi	train
bestryding	bəstrəidəŋ	train
bestryk	bəstrəik	test
bestudeer	bəstydiər	test
bestuif	bəstœyf	train
bestyg	bəstəiχ	train
beswaar	bəswɑːr	train
beswaardes	bəswɑːrdəs	train
beswaarlik	bəswɑːrlək	train
beswaarskrif	bəswɑːrskrəf	train
beswadder	bəswadər	train
besware	bəswɑːrə	train
besweer	bəswiər	train
beswyk	bəswəik	train
beswyming	bəswəiməŋ	test
beta	biəta	train
betaal	bətɑːl	train
betaalbaar	bətɑːlbɑːr	train
betaalbare	bətɑːlbɑːrə	train
betaalde	bətɑːldə	train
betaalkanaal	bətɑːlkanɑːl	train
betaalkanale	bətɑːlkanɑːlə	test
betaalpunte	bətɑːlpœntə	train
betaam	bətɑːm	train
betalende	bətɑːləndə	train
betaling	bətɑːləŋ	train
betalings	bətɑːləŋs	train
betalingsbalans	bətɑːləŋsbalɑːns	test
betani	bətɑːni	train
betas	bətas	train
beteken	bətiəkən	train
betekening	bətiəkənəŋ	test
betekenis	bətiəkənəs	train
betekenisloos	bətiəkənəsluəs	train
betekenisse	bətiəkənəsə	train
betekenisverandering	bətiəkənəsfərandərəŋ	train
betekenisvol	bətiəkənəsfɔl	test
betekenisvolheid	bətiəkənəsfɔlɦəit	train
betekenisvolle	bətiəkənəsfɔlə	train
betekeniswaarde	bətiəkənəsvɑːrdə	train
beter	biətər	train
bethal	bɛtal	train
betig	bətəχ	train
betogende	bətuəχəndə	train
betoger	bətuəχər	train
betogers	bətuəχərs	train
betoging	bətuəχəŋ	train
betogings	bətuəχəŋs	train
beton	bətɔn	train
betoog	bətuəχ	train
betoon	bətuən	train
betower	bətuəvər	train
betowerende	bətuəvərəndə	train
betraande	bətrɑːndə	train
betrag	bətraχ	test
betrap	bətrap	train
betreding	bətriədəŋ	train
betree	bətriə	test
betref	bətrɛf	train
betreffende	bətrɛfəndə	train
betrek	bətrɛk	train
betrekking	bətrɛkəŋ	train
betrekkinge	bətrɛkəŋə	train
betrekkings	bətrɛkəŋs	test
betrekkingswoord	bətrɛkəŋsvuərt	train
betrekkingswoorde	bətrɛkəŋsvuərdə	train
betreklik	bətrɛklək	test
betreklike	bətrɛkləkə	train
betreur	bətrøːr	train
betreurenswaardig	bətrøːrənsvɑːrdəχ	train
betrokke	bətrɔkə	test
betrokkenes	bətrɔkənəs	train
betrokkenheid	bətrɔkənɦəit	train
betroubaar	bətrœubɑːr	train
betroubaarheid	bətrœubɑːrɦəit	train
betroubaarste	bətrœubɑːrstə	train
betroubare	bətrœubɑːrə	train
betuig	bətœyχ	train
betwis	bətwəs	test
betwiste	bətwəstə	train
betwyfel	bətwəifəl	train
betyds	bətəits	train
beukes	bøːkəs	train
beur	bøːr	train
beuran	bøːran	train
beurs	bøːrs	train
beurse	bøːrsə	test
beursie	bøːrsi	train
beursies	bøːrsis	train
beurt	bøːrt	train
beurte	bøːrtə	train
beurtkrag	bøːrtkraχ	train
beurtspel	bøːrtspɛl	train
beuselagtige	bøːsəlaχtəχə	train
bevalling	bəfaləŋ	train
bevallings	bəfaləŋs	train
bevange	bəfaŋə	test
bevat	bəfat	train
bevatting	bəfatəŋ	train
beveel	bəfiəl	train
beveg	bəfɛχ	train
beveilig	bəfəiləχ	train
beveiliging	bəfəiləχəŋ	train
bevel	bəfɛl	test
bevele	bəfiələ	train
bevelsin	bəfɛlsən	train
bevelsinne	bəfɛlsənə	train
bevelskrif	bəfɛlskrəf	train
bevelvoerder	bəfɛlfurdər	train
bevelvoerders	bəfɛlfurdərs	train
bevestig	bəfɛstəχ	train
bevestigend	bəfɛstəχənt	train
bevestigende	bəfɛstəχəndə	train
bevestiging	bəfɛstəχəŋ	train
bevind	bəfənt	train
bevinding	bəfəndəŋ	train
bevindinge	bəfəndəŋə	train
bevindings	bəfəndəŋs	train
bevlek	bəflɛk	test
bevoeg	bəfuχ	train
bevoegdhede	bəfuχtɦiədə	train
bevoegdheid	bəfuχtɦəit	train
bevolking	bəfɔlkəŋ	train
bevolkingsamestelling	bəfɔlkəŋsɑːməstɛləŋ	test
bevolkingsdigtheid	bəfɔlkəŋsdəχtɦəit	train
bevolkingsdinamika	bəfɔlkəŋsdinɑːmika	test
bevolkingselemente	bəfɔlkəŋsɛləmɛntə	train
bevolkingsgetalle	bəfɔlkəŋsχətalə	train
bevolkingsgroei	bəfɔlkəŋsχrui	train
bevolkingsgroepe	bəfɔlkəŋsχrupə	train
bevolkingsontploffing	bəfɔlkəŋsɔntplɔfəŋ	test
bevolkingsontwikkeling	bəfɔlkəŋsɔntvəkələŋ	train
bevolkingsregistrasiewet	bəfɔlkəŋsrɛχəstrɑːsivɛt	test
bevolkte	bəfɔlktə	train
bevoordeel	bəfuərdiəl	train
bevoordeelde	bəfuərdiəldə	train
bevoordeling	bəfuərdiələŋ	train
bevoorreg	bəfuərɛχ	test
bevoorregte	bəfuərɛχtə	train
bevoorregtes	bəfuərɛχtəs	train
bevoorregting	bəfuərɛχtəŋ	test
bevorder	bəfɔrdər	train
bevordering	bəfɔrdərəŋ	train
bevorderings	bəfɔrdərəŋs	test
bevorderlik	bəfɔrdərlək	train
bevraagteken	bəfrɑːχtiəkən	train
bevraagtekening	bəfrɑːχtiəkənəŋ	train
bevredig	bəfriədəχ	train
bevredigend	bəfriədəχənt	train
bevredigende	bəfriədəχəndə	train
bevredigendste	bəfriədəχəntstə	test
bevrediging	bəfriədəχəŋ	train
bevrees	bəfriəs	train
bevriend	bəfrint	train
bevries	bəfris	train
bevriesing	bəfrisəŋ	train
bevrore	bəfruərə	train
bevrug	bəfrœχ	train
bevrugte	bəfrœχtə	train
bevry	bəfrəi	train
bevryde	bəfrəidə	test
bevrydende	bəfrəidəndə	train
bevryding	bəfrəidəŋ	train
bevrydingsorganisasie	bəfrəidəŋsɔrχanisɑːsi	train
bevrydingsteologie	bəfrəidəŋstiuluχi	test
bevrydingstryd	bəfrəidəŋstrəit	train
bewaak	bəvɑːk	train
bewaar	bəvɑːr	train
bewaarde	bəvɑːrdə	test
bewaarder	bəvɑːrdər	train
bewaarders	bəvɑːrdərs	test
bewaarheid	bəvɑːrɦəit	train
bewaker	bəvɑːkər	train
bewaking	bəvɑːkəŋ	train
bewandel	bəvandəl	train
bewapen	bəvɑːpən	train
bewaring	bəvɑːrəŋ	train
bewaringsbewustes	bəvɑːrəŋsbəvœstəs	train
bewaringsgebied	bəvɑːrəŋsχəbit	test
bewaringsgebiede	bəvɑːrəŋsχəbidə	train
bewe	biəvə	train
beweeg	bəviəχ	train
beweegbare	bəviəχbɑːrə	train
beweeglik	bəviəχlək	train
beweeglikheid	bəviəχləkɦəit	train
beweegrede	bəviəχriədə	train
beweegruimte	bəviəχrœymtə	test
beweer	bəviər	train
beweerde	bəviərdə	train
bewegende	bəviəχəndə	train
beweging	bəviəχəŋ	train
bewegingloos	bəviəχəŋluəs	train
bewegings	bəviəχəŋs	train
bewegingsaktiwiteite	bəviəχəŋsaktivitəitə	train
bewegingskunde	bəviəχəŋskœndə	train
bewegingskundige	bəviəχəŋskœndəχə	train
bewegingsles	bəviəχəŋslɛs	train
bewegingsontwikkeling	bəviəχəŋsɔntvəkələŋ	train
bewegingsuitvoering	bəviəχəŋsœytfurəŋ	train
bewerig	biəvərəχ	train
bewerige	biəvərəχə	train
bewering	bəviərəŋ	test
beweringe	bəviərəŋə	train
bewerings	bəviərəŋs	test
bewerk	bəvɛrk	train
bewerking	bəvɛrkəŋ	train
bewerkings	bəvɛrkəŋs	train
bewerkstellig	bəvɛrkstɛləχ	test
bewerkte	bəvɛrktə	train
bewese	bəviəsə	train
bewillig	bəvələχ	train
bewind	bəvənt	train
bewindsoorname	bəvəntsuərnɑːmə	train
bewolk	bəvɔlk	train
bewolkte	bəvɔlktə	train
bewonder	bəvɔndər	train
bewonderaar	bəvɔndərɑːr	test
bewonderaars	bəvɔndərɑːrs	test
bewondering	bəvɔndərəŋ	train
bewoner	bəvuənər	train
bewoners	bəvuənərs	train
bewoning	bəvuənəŋ	train
bewoon	bəvuən	train
bewoonbaar	bəvuənbɑːr	train
bewoonbaarheid	bəvuənbɑːrɦəit	train
bewoonbare	bəvuənbɑːrə	train
bewoonde	bəvuəndə	train
bewoord	bəvuərt	train
bewoorde	bəvuərdə	train
bewoording	bəvuərdəŋ	train
bewoë	bəvuə	train
bewus	bəvœs	train
bewussyn	bəvœsəin	train
bewuste	bəvœstə	train
bewustelik	bəvœstələk	train
bewusteloos	bəvœstəluəs	test
bewustelose	bəvœstəluəsə	train
bewustheid	bəvœstɦəit	train
bewuswording	bəvœsvɔrdəŋ	train
bewys	bəvəis	train
bewysbare	bəvəisbɑːrə	train
bewyse	bəvəisə	test
bewysgebaseerde	bəvəisχəbasiərdə	test
bewyslas	bəvəislas	train
bewyslasdraer	bəvəislasdrɑːər	train
bewyslewering	bəvəisliəvərəŋ	train
bewysreg	bəvəisrɛχ	train
bewysstukke	bəvəisstœkə	train
beyers	bəiərs	train
beywer	bəəivər	test
beëdigde	bəiədəχdə	train
beëindig	bəəindəχ	train
beëindiging	bəəindəχəŋ	train
beïnvloed	bəənflut	train
beïnvloeding	bəənfludəŋ	train
bi	bi	train
bibliografiese	bəbliuχrɑːfisə	train
biblioteek	bəbliutiək	train
biblioteekboeke	bəbliutiəkbukə	train
biblioteke	bəbliutiəkə	train
bid	bət	train
biddend	bədənt	train
bie	bi	train
bied	bit	test
biefstuk	bifstœk	train
bieg	biχ	test
bielie	bili	test
biep	bip	train
bier	bir	test
biesies	bisis	train
biesiesvlei	bisisfləi	train
bietjie	biki	train
bietjies	bikis	train
bifida	bəfida	train
bikini	bikini	train
bikonkaaf	bikɔŋkɑːf	train
bikonkawe	bikɔŋkɑːvə	train
bikuspidale	bikœspidɑːlə	train
bilabiale	bilabiɑːlə	train
bilateraal	bilatərɑːl	train
bilaterale	bilatərɑːlə	test
bilateria	bilatəria	train
biljart	bəljart	test
biljartballe	bəljartbalə	train
biljoen	bəljun	train
billik	bələk	train
billike	bələkə	train
biltong	bəltɔŋ	train
bind	bənt	train
bindende	bəndəndə	test
binding	bəndəŋ	train
bindings	bəndəŋs	train
bindweefsel	bəntviəfsəl	train
binne	bənə	train
binneaarse	bənəɑːrsə	train
binnebaan	bənəbɑːn	train
binnegaan	bənəχɑːn	train
binnegegaan	bənəχəχɑːn	train
binnegekom	bənəχəkɔm	train
binnegestap	bənəχəstap	train
binnegestroom	bənəχəstruəm	train
binnegeval	bənəχəfal	train
binnehandel	bənəɦandəl	train
binnehof	bənəɦɔf	train
binnekamer	bənəkɑːmər	train
binnekant	bənəkant	test
binnekanttoe	bənəkanttu	train
binnekom	bənəkɔm	train
binnekort	bənəkɔrt	train
binnekring	bənəkrəŋ	train
binnekringe	bənəkrəŋə	train
binneland	bənəlant	train
binnelande	bənəlandə	train
binnelandse	bənəlantsə	train
binnemaanse	bənəmɑːnsə	train
binnenshuis	bənənsɦœys	train
binnenshuise	bənənsɦœysə	train
binneontwerp	bənəɔntvɛrp	train
binneruim	bənərœym	train
binnery	bənərəi	train
binnesenter	bənəsɛntər	test
binneste	bənəstə	train
binnetoe	bənətu	train
binnetuin	bənətœyn	train
binneval	bənəfal	train
binneversiering	bənəfərsirəŋ	train
binoom	binuəm	train
biobeskikbaarheid	biubəskəkbɑːrɦəit	train
biobrandstof	biubrantstɔf	train
biochemiese	biuχiəmisə	train
biodiesel	biudisəl	train
biodiversiteit	biudivɛrsitəit	train
biofisiese	biufisisə	train
biograaf	biuχrɑːf	train
biografie	biuχrafi	train
biografiese	biuχrɑːfisə	train
biografieë	biuχrafiə	train
biografis	biuχrafəs	train
biokinetikus	biukəniətikœs	test
biologie	biuluχi	train
biologies	biuluχis	train
biologiese	biuluəχisə	train
biomassa	biumasa	train
biome	biumə	train
biomeganiese	biuməχɑːnisə	train
biomeganika	biuməχɑːnika	test
biomolekules	biumɔləkyləs	train
bioom	biuəm	train
biopsie	biɔpsi	train
biosfeer	biusfiər	train
bioskoop	biuskuəp	train
biotegnologie	biutɛχnuluχi	test
biotiese	biuətisə	train
bisantynse	bisantəinsə	train
bisar	bizar	train
bisarre	bizarə	train
biskop	bəskɔp	train
bits	bəts	train
bitsig	bətsəχ	train
bitter	bətər	train
bittere	bətərə	train
bittereinders	bətərəindərs	train
bitterheid	bətərɦəit	train
bittersoet	bətərsut	train
blaadjie	blɑːiki	train
blaai	blɑːi	train
blaaie	blɑːiə	train
blaam	blɑːm	train
blaar	blɑːr	test
blaarslaai	blɑːrslɑːi	train
blaartjie	blɑːrki	train
blaas	blɑːs	train
blaaskans	blɑːskɑːns	train
blaaskansie	blɑːskɑːnsi	train
blad	blat	train
bladlees	blatliəs	train
bladsy	blatsəi	train
bladsye	blatsəiə	train
bladsynommer	blatsəinɔmər	train
bladsyverwysings	blatsəifərvəisəŋs	train
bladwisselende	blatvəsələndə	train
blaf	blaf	train
blakend	blɑːkənt	train
blameer	blamiər	train
blank	blaŋk	train
blanke	blaŋkə	train
blankes	blaŋkəs	train
blanko	blaŋku	train
blaps	blaps	train
blapse	blapsə	train
blare	blɑːrə	train
blas	blas	train
blase	blɑːsə	train
blaser	blɑːsər	train
blasers	blɑːsərs	train
blasies	blɑːsis	train
blatante	blatantə	train
blatjang	blatjaŋ	train
blaue	blœuə	train
bleek	bliək	train
bleekheid	bliəkɦəit	train
bleeksiel	bliəksil	train
blerrie	blɛri	train
bles	blɛs	train
blesbokke	blɛsbɔkə	train
blik	blək	test
blikemmer	bləkɛmər	train
blikke	bləkə	train
blikkie	bləki	train
blikkies	bləkis	train
blikkieskos	bləkiskɔs	test
bliksem	bləksəm	train
bliksems	bləksəms	test
bliksemsnelheid	bləksəmsnɛlɦəit	train
blind	blənt	train
blinde	bləndə	train
blindederm	bləndədɛrm	train
blindes	bləndəs	train
blindheid	bləntɦəit	train
blindings	bləndəŋs	train
blink	bləŋk	train
blinke	bləŋkə	train
blinkend	bləŋkənt	train
blinker	bləŋkər	train
blinkers	bləŋkərs	train
blinkste	bləŋkstə	train
blits	bləts	train
blitsbesoek	blətsbəsuk	train
blitse	blətsə	train
blitsig	blətsəχ	train
blitsige	blətsəχə	train
blitskrieket	blətskrikət	train
blitspatrollie	blətspatrɔli	train
blitsvinnig	blətsfənəχ	train
blitsvinnige	blətsfənəχə	train
bloed	blut	train
bloedarmoede	blutarmudə	train
bloedbad	blutbat	train
bloedbank	blutbaŋk	train
bloedbelope	blutbəluəpə	train
bloeddorstige	blutdɔrstəχə	train
bloeddruk	blutdrœk	train
bloedfamilie	blutfamili	train
bloedgroep	blutχrup	train
bloedig	bludəχ	train
bloedige	bludəχə	train
bloedigste	bludəχstə	train
bloeding	bludəŋ	train
bloedjong	blutjɔŋ	train
bloedklonte	blutklɔntə	train
bloedlose	blutluəsə	test
bloedmonsters	blutmɔnstərs	train
bloedoortappings	blutuərtapəŋs	train
bloedplasma	blutplasma	train
bloedrivier	blutrəfir	train
bloedselle	blutsɛlə	train
bloedsirkulasie	blutsərkylɑːsi	train
bloedskande	blutskandə	train
bloedskenkings	blutskɛŋkəŋs	train
bloedsomloop	blutsɔmluəp	train
bloedsomloopstelsel	blutsɔmluəpstɛlsəl	train
bloedspatsels	blutspatsəls	train
bloedspoor	blutspuər	train
bloedstroom	blutstruəm	train
bloedsuiker	blutsœykər	train
bloedtoets	bluttuts	train
bloedtoetse	bluttutsə	train
bloedvat	blutfat	train
bloedvate	blutfɑːtə	test
bloedvergieting	blutfərχitəŋ	train
bloedverwante	blutfərvantə	train
bloedvolume	blutvɔlymə	train
bloei	blui	train
bloeias	bluias	train
bloeityd	bluitəit	train
bloekomboom	blukɔmbuəm	test
bloekoms	blukɔms	train
bloem	blum	train
bloemfontein	blumfɔntəin	train
bloemfonteinse	blumfɔntəinsə	train
bloemlesings	blumliəsəŋs	train
bloes	blus	train
blog	blɔχ	train
blogs	blɔχs	train
blok	blɔk	train
blokfluit	blɔkflœyt	train
blokfluitrepertorium	blɔkflœytrɛpərtuəriœm	train
blokkade	blɔkɑːdə	test
blokke	blɔkə	test
blokkeer	blɔkiər	train
blokkies	blɔkis	train
blokkiesraaisel	blɔkisrɑːisəl	train
blokprogram	blɔkpruχram	test
blom	blɔm	train
blombehange	blɔmbəɦaŋə	train
blomdekblare	blɔmdɛkblɑːrə	test
blomme	blɔmə	test
blommeskou	blɔməskœu	train
blommetuin	blɔmətœyn	train
blomplante	blɔmplantə	train
blompot	blɔmpɔt	train
blomtyd	blɔmtəit	train
blomvorming	blɔmfɔrməŋ	train
blond	blɔnt	train
blonde	blɔndə	train
blondekop	blɔndəkɔp	train
blondine	blɔndinə	train
bloot	bluət	train
blootgestel	bluətχəstɛl	train
blootlegging	bluətlɛχəŋ	test
bloots	bluəts	test
blootstel	bluətstɛl	train
blootstelling	bluətstɛləŋ	train
blos	blɔs	train
blosend	bluəsənt	train
blote	bluətə	train
blou	blœu	test
bloue	blœuə	train
blouerige	blœuərəχə	test
bloues	blœuəs	train
blougroen	blœuχrun	train
blouputs	blœupœts	train
bloute	blœutə	train
bloutjie	blœuki	train
bluf	blœf	test
blus	blœs	train
bly	bləi	train
blydskap	bləitskap	train
blye	bləiə	train
blyk	bləik	train
blykbaar	bləikbɑːr	train
blykbare	bləikbɑːrə	train
blyke	bləikə	train
blykens	bləikəns	train
blyplek	bləiplɛk	train
blyplekke	bləiplɛkə	train
blywend	bləivənt	train
blywende	bləivəndə	train
bo	buə	train
boa	bua	train
boaan	buəɑːn	test
boarm	buəarm	train
bobaas	buəbɑːs	train
bobbejaan	bɔbəjɑːn	train
bobbejaandraai	bɔbəjɑːndrɑːi	train
bobbejaanvel	bɔbəjɑːnfɛl	train
bobbejane	bɔbəjɑːnə	train
bobelasting	buəbəlastəŋ	train
bobene	buəbiənə	train
bobotie	bubuəti	train
bod	bɔt	test
bodem	buədəm	train
bodemlose	buədəmluəsə	test
bodenstein	buədənstəin	train
boe	bu	train
boeboe	bubu	train
boeddha	buda	train
boeddhas	budas	train
boeddhis	budəs	train
boeddhisme	budəsmə	train
boeddhiste	budəstə	train
boedel	budəl	train
boedelbates	budəlbɑːtəs	train
boedelbelasting	budəlbəlastəŋ	train
boedelsamesmelting	budəlsɑːməsmɛltəŋ	train
boef	buf	train
boeg	buχ	train
boegoe	buχu	train
boei	bui	test
boeie	buiə	train
boeiend	buiənt	train
boeiende	buiəndə	train
boeiing	bœuiŋ	train
boek	buk	train
boekdele	bukdiələ	train
boeke	bukə	test
boeken	bukən	test
boekhandel	bukɦandəl	train
boekhandelaars	bukɦandəlɑːrs	train
boekhuis	bukɦœys	train
boekie	buki	train
boekies	bukis	train
boekjaar	bukjɑːr	train
boekjare	bukjɑːrə	test
boekklub	bukklœp	train
boeklonge	buklɔŋə	train
boekrakke	bukrakə	train
boekstaaf	bukstɑːf	train
boekvorm	bukfɔrm	train
boekwinkel	bukvəŋkəl	test
boekwinkels	bukvəŋkəls	train
boel	bul	train
boelie	buli	train
boem	bum	train
boemelaars	buməlɑːrs	train
boemerang	buməraŋ	train
boendoe	bundu	train
boer	bur	train
boerboel	burbul	train
boerbokke	burbɔkə	train
boerdery	burdərəi	train
boerderybedrywighede	burdərəibədrəivəχɦiədə	train
boere	burə	train
boerebedryf	burəbədrəif	train
boeregeneraal	burəχənərɑːl	train
boeregeneraals	burəχənərɑːls	train
boerekommando's	burəkumandus	train
boerekos	burəkɔs	train
boeremag	burəmaχ	train
boeremagte	burəmaχtə	test
boeren	burən	train
boereoorlog	burəuərlɔχ	train
boeresport	burəspɔrt	train
boerevereniging	burəfəriənəχəŋ	test
boerevroue	burəfrœuə	train
boerewors	burəvɔrs	train
boerpot	burpɔt	train
boers	burs	train
boerseun	bursøːn	train
boesem	busəm	train
boesemvriend	busəmfrint	train
boesemvriende	busəmfrində	train
boesnot	busnɔt	train
boet	but	train
boeta	buta	train
boetatjie	butaiki	train
boete	butə	train
boetes	butəs	train
boetie	buti	test
boetiek	butik	test
boetieks	butiks	train
boeties	butis	train
boetman	butman	train
boewe	buvə	test
boewery	buvərəi	test
bof	bɔf	train
bofhou	bɔfɦœu	train
bofhoue	bɔfɦœuə	train
bog	bɔχ	train
bogemiddeld	buəχəmədəlt	train
bogenoemde	buəχənumdə	train
bogrond	buəχrɔnt	train
bogrondse	buəχrɔntsə	train
bohaai	buɦɑːi	test
boikot	bɔikɔt	train
boikotte	bɔikɔtə	train
bok	bɔk	train
bokant	buəkant	train
bokbaardjie	bɔkbɑːrki	train
bokke	bɔkə	train
bokkie	bɔki	train
bokkies	bɔkis	train
bokoste	buəkɔstə	train
bokpoot	bɔkpuət	train
boks	bɔks	train
boksbeheerraad	bɔksbəɦiərrɑːt	train
boksburg	bɔksbœrχ	train
bokse	bɔksə	train
bokser	bɔksər	train
boksers	bɔksərs	train
boksie	bɔksi	train
bokskryt	bɔkskrəit	train
bokspan	bɔkspan	train
bokspring	bɔksprəŋ	train
bokwakettings	bɔkwakɛtəŋs	test
bol	bɔl	train
bolaag	buəlɑːχ	train
bolip	buələp	train
bolla	bɔla	train
bolle	bɔlə	train
bolletjies	bɔlikis	train
bolsjewisme	bɔlʃiəvəsmə	test
bolyf	buələif	train
bom	bɔm	train
bomaanval	bɔmɑːnfal	train
bomaanvalle	bɔmɑːnfalə	train
bombaai	bɔmbɑːi	train
bombardement	bɔmbardəmɛnt	train
bomdreigemente	bɔmdrəiχəmɛntə	train
bome	buəmə	train
bomme	bɔmə	train
bomontploffing	bɔmɔntplɔfəŋ	train
bomontploffings	bɔmɔntplɔfəŋs	train
bomplanter	bɔmplantər	train
bomplanters	bɔmplantərs	train
bomskok	bɔmskɔk	train
bomwerpers	bɔmvɛrpərs	train
bon	bɔn	train
bona	bœuna	test
bonanza	bunanza	train
bond	bɔnt	train
bonde	bɔndə	train
bondel	bɔndəl	train
bondels	bɔndəls	train
bondeltjie	bɔndəlki	train
bondgenoot	bɔntχənuət	train
bondgenote	bɔntχənuətə	train
bondig	bɔndəχ	train
bondige	bɔndəχə	train
bondigheid	bɔndəχɦəit	train
bone	buənə	train
bonhomie	bɔnɦumi	train
bons	bɔns	train
bont	bɔnt	train
bontkwagga	bɔntkwaχa	train
bontrokkie	bɔntrɔki	train
bontstaan	bɔntstɑːn	train
bonus	buənœs	train
bonuspunt	buənœspœnt	train
bonuspunte	buənœspœntə	test
bonusse	buənœsə	train
boodskap	buətskap	train
boodskappe	buətskapə	train
boodskapper	buətskapər	train
boodskappers	buətskapərs	train
boog	buəχ	train
boogskiet	buəχskit	train
boom	buəm	train
boomdiagram	buəmdiaχram	train
boomhars	buəmɦars	train
boompie	buəmpi	test
boompies	buəmpis	train
boomplantdag	buəmplantdaχ	train
boomstam	buəmstam	train
boomstompe	buəmstɔmpə	train
boomtoppe	buəmtɔpə	train
boomvaring	buəmfɑːrəŋ	train
boomveld	buəmfɛlt	train
boon	buən	train
boonop	buənɔp	train
boonste	buənstə	train
boontjies	bɔːiŋkis	train
boontoe	buəntu	test
boonzaierspotprent	buənzɑːiərspɔtprɛnt	train
boor	buər	train
boord	buərt	train
boorde	buərdə	train
boordjie	buərki	train
boorgat	buərχat	train
boorgate	buərχɑːtə	train
boorling	buərləŋ	train
boorwerk	buərvɛrk	train
boos	buəs	train
boosheid	buəsɦəit	train
booswig	buəsvəχ	train
booswigte	buəsvəχtə	train
boot	buət	train
bootjie	bɔːiki	train
bootreis	buətrəis	train
bootsman	buətsman	train
bopunt	buəpœnt	train
bord	bɔrt	train
borde	bɔrdə	train
bordeel	bɔrdiəl	train
bordjie	bɔrki	test
bordjies	bɔrkis	train
bore	buərə	train
borg	bɔrχ	test
borgaansoek	bɔrχɑːnsuk	train
borge	bɔrχə	train
borggeld	bɔrχχɛlt	test
borgskap	bɔrχskap	train
borgskappe	bɔrχskapə	train
borgtog	bɔrχtɔχ	train
borgtogaansoek	bɔrχtɔχɑːnsuk	train
borgtogvoorwaardes	bɔrχtɔχfuərvɑːrdəs	train
borgvoorwaardes	bɔrχfuərvɑːrdəs	train
borrel	bɔrəl	train
borrelende	bɔrələndə	train
borrels	bɔrəls	test
bors	bɔrs	train
borsband	bɔrsbant	test
borsbeeld	bɔrsbiəlt	train
borsbeen	bɔrsbiən	train
borskanker	bɔrskaŋkər	train
borskas	bɔrskas	train
borsmelk	bɔrsmɛlk	test
borsslag	bɔrsslaχ	train
borste	bɔrstə	train
borsvoed	bɔrsfut	test
borsvoeding	bɔrsfudəŋ	train
borsweefsel	bɔrsviəfsəl	train
bos	bɔs	train
bosberaad	bɔsbərɑːt	train
bosbokrand	bɔsbɔkrant	train
bosbou	bɔsbœu	test
bose	buəsə	test
bosgasie	bɔsχɑːsi	train
boshof	bɔsɦɔf	test
bosman	bɔsman	test
bosniese	bɔsnisə	test
bosoorlog	bɔsuərlɔχ	train
bosse	bɔsə	train
bossie	bɔsi	train
bossies	bɔsis	train
bostaande	buəstɑːndə	train
bostuk	buəstœk	test
bosveld	bɔsfɛlt	train
bot	bɔt	train
botaniese	butɑːnisə	train
bote	buətə	train
botes	buətəs	train
botha	buəta	train
botoon	butuən	train
bots	bɔts	test
botsende	bɔtsəndə	train
botsing	bɔtsəŋ	test
botsings	bɔtsəŋs	train
botswana	bɔtswɑːna	train
bottel	bɔtəl	train
bottels	bɔtəls	test
botteltjie	bɔtəlki	train
botter	bɔtər	train
botweg	bɔtvɛχ	train
bou	bœu	train
boubedryf	bœubədrəif	train
boubedrywighede	bœubədrəivəχɦiədə	train
boublok	bœublɔk	train
boublokke	bœublɔkə	train
boud	bœut	train
boude	bœudə	train
bouer	bœuər	train
bouers	bœuərs	test
bouery	bœuərəi	test
bougenootskap	bœuχənuətskap	test
boukontrakteur	bœukɔntraktøːr	train
boukontrakteurs	bœukɔntraktøːrs	train
boukuns	bœukœns	train
boul	bœul	train
boulaanval	bœulɑːnfal	test
boulbeurt	bœulbøːrt	train
boulbeurte	bœulbøːrtə	test
bouler	bœulər	train
boulers	bœulərs	train
boulevard	buləvɑːrt	train
boulontleding	bœulɔntliədəŋ	train
boulsyfers	bœulsəifərs	train
boulwerk	bœulvɛrk	train
boumateriaal	bœumatiriɑːl	train
bouperseel	bœupɛrsiəl	train
bouplan	bœuplan	train
bouprojek	bœuprujɛk	train
bouprojekte	bœuprujɛktə	test
bouregulasies	bœurɛχylɑːsis	train
bourekenaars	bœuriəkənɑːrs	train
bousteen	bœustiən	train
boustene	bœustiənə	train
bout	bœut	train
bouterrein	bœutərəin	train
boutjie	bœuki	test
bouvereniging	bœufəriənəχəŋ	train
bouwerk	bœuvɛrk	test
bouwerke	bœuvɛrkə	train
bovermelde	buəfərmɛldə	train
bowe	buəvə	train
bowedierlike	buəvədirləkə	train
bowemens	buəvəmɛns	train
bowemenslike	buəvəmɛnsləkə	test
bowenal	buəvənal	test
bowendien	buəvəndin	train
boweop	buəvəɔp	train
boydell	bɔidɛl	train
boyden	bɔidən	train
boytjie	bɔiki	train
boë	buə	test
bra	brɑː	train
braaf	brɑːf	train
braai	brɑːi	test
braaidag	brɑːidaχ	train
braaigeriewe	brɑːiχərivə	train
braaipan	brɑːipan	test
braaiplek	brɑːiplɛk	test
braais	brɑːis	train
braaivleis	brɑːifləis	train
bragiale	braχiɑːlə	train
braille	brəil	train
braking	brɑːkəŋ	train
brakpan	brakpan	train
brand	brant	train
brandarm	brantarm	test
brandblussers	brantblœsərs	train
brande	brandə	train
brandende	brandəndə	train
brander	brandər	train
branderplank	brandərplaŋk	train
branderplankryers	brandərplaŋkrəiərs	train
branderryers	brandərrəiərs	train
branders	brandərs	train
brandewyn	brandəvəin	train
brandgevaar	brantχəfɑːr	train
brandhout	brantɦœut	train
branding	brandəŋ	train
brandmerk	brantmɛrk	train
brandoffer	brantɔfər	train
brandpunte	brantpœntə	train
brandpyn	brantpəin	train
brandsiekte	brantsiktə	test
brandsiekteluis	brantsiktəlœys	train
brandskade	brantskɑːdə	test
brandstapel	brantstɑːpəl	train
brandstigting	brantstəχtəŋ	train
brandstof	brantstɔf	train
brandstofheffing	brantstɔfɦɛfəŋ	train
brandstofinspuiting	brantstɔfənspœytəŋ	train
brandstofpryse	brantstɔfprəisə	test
brandstowwe	brantstɔvə	train
brandwag	brantvaχ	train
brandweer	brantviər	train
brandweerdienste	brantviərdinstə	train
brandweerhoof	brantviərɦuəf	train
brandweermanne	brantviərmanə	test
brandweerstasie	brantviərstɑːsi	train
brandweerwa	brantviərvɑː	train
brandweerwaens	brantviərvɑːəns	train
brandwonde	brantvɔndə	test
brasiliaanse	brasəliɑːnsə	train
bravo	brɑːvu	train
bredie	briədi	train
breed	briət	train
breeds	briəts	train
breedste	briətstə	train
breedt	briət	train
breedte	briətə	train
breedtes	briətəs	train
breedvoerig	briətfurəχ	train
breek	briək	test
breekgoed	briəkχut	train
breekpunt	briəkpœnt	train
breekpunte	briəkpœntə	train
breekslag	briəkslaχ	test
breekware	briəkvɑːrə	train
brei	brəi	train
breier	brəiər	train
breiers	brəiərs	train
brein	brəin	train
breinbeserings	brəinbəsiərəŋs	train
breindood	brəinduət	train
breine	brəinə	train
breinkaart	brəinkɑːrt	train
breinkind	brəinkənt	test
breinkrag	brəinkraχ	train
breinselle	brəinsɛlə	test
breinskade	brəinskɑːdə	train
breinvliesontsteking	brəinflisɔntstiəkəŋ	train
breinvolume	brəinvɔlymə	train
breiwerk	brəivɛrk	train
brekfis	brɛkfəs	train
breking	briəkəŋ	train
breuk	brøːk	train
breukdeel	brøːkdiəl	train
breuke	brøːkə	train
breë	briə	train
breër	briər	train
breëre	briərə	train
brief	brif	train
briefhoof	brifɦuəf	train
briefhoofde	brifɦuəfdə	train
briefie	brifi	train
briefies	brifis	train
briefliggaam	brifləχɑːm	train
briefskrywer	brifskrəivər	train
briefskrywers	brifskrəivərs	train
briefwisseling	brifvəsələŋ	train
briek	brik	train
briesend	brisənt	train
briesie	brisi	train
briewe	brivə	train
brieweblad	brivəblat	train
briewebus	brivəbœs	test
briewekolom	brivəkulɔm	train
bril	brəl	train
briljant	brəljant	test
briljante	brəljantə	train
briljantheid	brəljantɦəit	train
brille	brələ	test
brilletjie	brəliki	train
bring	brəŋ	train
brink	brəŋk	test
brits	brəts	train
britse	brətsə	train
brittanje	brətanjə	train
britte	brətə	train
broccoli	brɔkuli	train
broeder	brudər	train
broederkring	brudərkrəŋ	train
broederlike	brudərləkə	train
broeders	brudərs	train
broederskap	brudərskap	test
broederstroom	brudərstruəm	train
broei	brui	train
broeiende	bruiəndə	train
broeis	bruis	train
broek	bruk	train
broeke	brukə	train
broekie	bruki	test
broeksakke	bruksakə	train
broekskeur	brukskøːr	train
broer	brur	train
broers	brurs	train
broerskind	brurskənt	train
broertjie	brurki	test
brokkies	brɔkis	train
brom	brɔm	test
brommers	brɔmərs	train
bron	brɔn	test
brondokument	brɔndɔkymɛnt	train
brondokumente	brɔndɔkymɛntə	test
brongebaseerde	brɔnχəbasiərdə	train
brongiale	brɔŋχiɑːlə	train
brongitis	brɔŋχitəs	train
bronkode	brɔnkuədə	train
bronne	brɔnə	train
bronneboek	brɔnəbuk	test
bronnelys	brɔnələis	train
brons	brɔns	train
bronsbeeld	brɔnsbiəlt	train
bronsmedalje	brɔnsmədaljə	train
bronteks	brɔntɛks	train
bronverwysing	brɔnfərvəisəŋ	train
bronverwysingstyl	brɔnfərvəisəŋstəil	train
brood	bruət	train
broodbome	bruətbuəmə	train
brooddeeg	brɔːidiəχ	test
broodjie	brɔːiki	train
broodjies	brɔːikis	train
broodkrummels	bruətkrœməls	train
broodmes	bruətmɛs	train
broodnodig	bruətnuədəχ	train
broodnodige	bruətnuədəχə	train
broodwinner	bruətvənər	train
bros	brɔs	train
brose	bruəsə	train
brouery	brœuərəi	train
brouerye	brœuərəiə	train
brown	braun	train
brug	brœχ	train
bruid	brœyt	train
bruide	brœydə	train
bruidegom	brœydəχɔm	train
bruidspaar	brœytspɑːr	test
bruikbaar	brœykbɑːr	train
bruikbaarheid	brœykbɑːrɦəit	test
bruikbare	brœykbɑːrə	train
bruilof	brœylɔf	train
bruin	brœyn	train
bruinbrood	brœynbruət	train
bruines	brœynəs	train
bruingebrande	brœynχəbrandə	test
bruingeel	brœynχiəl	train
bruinman	brœynman	train
bruis	brœys	train
bruisende	brœysəndə	train
bruismeel	brœysmiəl	train
brul	brœl	train
brullende	brœləndə	train
buffel	bœfəl	train
buffels	bœfəls	train
buffelsrivier	bœfəlsrəfir	test
buffer	bœfər	train
buffers	bœfərs	train
buffet	bufəi	test
bui	bœy	train
buie	bœyə	train
buig	bœyχ	train
buigbare	bœyχbɑːrə	test
buiging	bœyχəŋ	train
buigsaam	bœyχsɑːm	train
buigsaamheid	bœyχsɑːmɦəit	test
buigsame	bœyχsɑːmə	train
buik	bœyk	test
buis	bœys	test
buise	bœysə	test
buisies	bœysis	train
buit	bœyt	train
buite	bœytə	train
buiteblad	bœytəblat	train
buitedeur	bœytədøːr	train
buitedeure	bœytədøːrə	test
buitegeboue	bœytəχəbœuə	train
buitekamer	bœytəkɑːmər	train
buitekans	bœytəkɑːns	train
buitekant	bœytəkant	train
buiteklub	bœytəklœp	train
buiteland	bœytəlant	train
buitelanders	bœytəlandərs	train
buitelands	bœytəlants	train
buitelandse	bœytəlantsə	test
buitelewe	bœytəliəvə	train
buitelug	bœytəlœχ	train
buitelyne	bœytələinə	train
buitemenslike	bœytəmɛnsləkə	train
buiten	bœytən	train
buitendag	bœytəndaχ	train
buitendien	bœytəndin	train
buitengewone	bœytənχəvuənə	train
buitengewoon	bœytənχəvuən	train
buitensporig	bœytənspurəχ	train
buitensporige	bœytənspuərəχə	train
buitenste	bœytənstə	train
buitentoe	bœytəntu	train
buiteperd	bœytəpɛrt	train
buiteplaas	bœytəplɑːs	train
buiterand	bœytərant	train
buitestaander	bœytəstɑːndər	train
buitestaanders	bœytəstɑːndərs	train
buitestander	bœytəstandər	train
buitestanders	bœytəstandərs	train
buiteveld	bœytəfɛlt	train
buitevergadering	bœytəfərχɑːdərəŋ	train
buitewerk	bœytəvɛrk	train
buitewyke	bœytəvəikə	train
buitgemaak	bœytχəmɑːk	train
buk	bœk	train
buks	bœks	train
bul	bœl	train
bulle	bœlə	train
bulmark	bœlmark	train
bult	bœlt	train
bulte	bœltə	train
bultfontein	bœltfɔntəin	train
bundel	bœndəl	train
bundels	bœndəls	train
bundesliga	bœndəsliχa	train
burg	bœrχ	test
burgemeester	bœrχəmiəstər	train
burgemeesters	bœrχəmiəstərs	train
burgemeesterskomitee	bœrχəmiəstərskɔmətiə	train
burger	bœrχər	train
burgerlike	bœrχərləkə	train
burgerlikes	bœrχərləkəs	train
burgerlugvaart	bœrχərlœχfɑːrt	test
burgermaglede	bœrχərmaχliədə	test
burgeroorlog	bœrχəruərlɔχ	train
burgerregte	bœrχərrɛχtə	train
burgers	bœrχərs	train
burgersdorp	bœrχərsdɔrp	train
burgersentrum	bœrχərsɛntrœm	train
burgerskap	bœrχərskap	train
burokratiese	byrukrɑːtisə	train
burton	bœrtən	train
bus	bœs	test
busdiens	bœsdins	train
bushalte	bœsɦaltə	train
buskruit	bœskrœyt	train
buslyne	bœsləinə	train
busse	bœsə	train
bussie	bœsi	train
bussies	bœsis	train
busvervoer	bœsfərfur	train
by	bəi	test
bybehore	bəibəɦuərə	train
bybel	bəibəl	train
bybelboeke	bəibəlbukə	train
bybelgenootskap	bəibəlχənuətskap	test
bybelhuis	bəibəlɦœys	train
bybels	bəibəls	train
bybelse	bəibəlsə	train
bybelskool	bəibəlskuəl	train
bybelskrywers	bəibəlskrəivərs	train
bybeltale	bəibəltɑːlə	train
bybeltekste	bəibəltɛkstə	test
bybelverhale	bəibəlfərɦɑːlə	train
bybelvertalings	bəibəlfərtɑːləŋs	train
bybelwetenskappe	bəibəlviətənskapə	train
bybetaling	bəibətɑːləŋ	train
bybly	bəibləi	train
bybreekbouler	bəibriəkbœulər	train
bybring	bəibrəŋ	train
byderhand	bəidərɦant	train
byderwetse	bəidərvɛtsə	train
bydra	bəidrɑː	train
bydraag	bəidrɑːχ	train
bydrae	bəidrɑːə	train
bydraer	bəidrɑːər	train
bydraers	bəidrɑːərs	test
bydraes	bəidrɑːəs	train
bydragies	bəidrɑːχis	train
bye	bəiə	train
byeboer	bəiəbur	test
byebrood	bəiəbruət	train
byeen	bəiiən	train
byeenbring	bəiiənbrəŋ	train
byeengebring	bəiiənχəbrəŋ	train
byeengekom	bəiiənχəkɔm	train
byeengeroep	bəiiənχərup	train
byeenkom	bəiiənkɔm	train
byeenkoms	bəiiənkɔms	train
byeenkomste	bəiiənkɔmstə	test
byeenroeping	bəiiənrupəŋ	test
byespesies	bəiəspiəsis	train
bygaande	bəiχɑːndə	train
bygedam	bəiχədam	train
bygedra	bəiχədrɑː	train
bygehou	bəiχəɦœu	test
bygekom	bəiχəkɔm	train
bygekry	bəiχəkrəi	train
bygereken	bəiχəriəkən	test
bygestaan	bəiχəstɑːn	train
bygevoeg	bəiχəfuχ	train
bygevolg	bəiχəfɔlχ	train
bygewoon	bəiχəvuən	train
bykans	bəikans	train
bykant	bəikant	test
byklanke	bəiklaŋkə	train
bykom	bəikɔm	train
bykomend	bəikuəmənt	train
bykomende	bəikuəməndə	train
bykomstighede	bəikɔmstəχɦiədə	train
byl	bəil	train
bylaag	bəilɑːχ	train
bylae	bəilɑːə	train
bylaes	bəilɑːəs	train
byle	bəilə	train
bymekaar	bəiməkɑːr	train
bymekaarbring	bəiməkɑːrbrəŋ	train
bymekaargekom	bəiməkɑːrχəkɔm	train
bymekaargemaak	bəiməkɑːrχəmɑːk	train
bymekaarhou	bəiməkɑːrɦœu	test
bymekaarkom	bəiməkɑːrkɔm	test
bymekaarkomplek	bəiməkɑːrkɔmplɛk	train
bymekaarmaak	bəiməkɑːrmɑːk	test
bymiddels	bəimədəls	train
byna	bəina	train
bynaam	bəinɑːm	train
bysaak	bəisɑːk	train
bysit	bəisət	train
byskrifte	bəiskrəftə	train
byspeelster	bəispiəlstər	train
byspeler	bəispiələr	train
bystaan	bəistɑːn	train
bystand	bəistant	train
byster	bəistər	train
bystowwe	bəistɔvə	train
byt	bəit	train
byval	bəifal	train
byvoeg	bəifuχ	train
byvoeging	bəifuχəŋ	test
byvoeglike	bəifuχləkə	train
byvoorbeeld	bəifuərbiəlt	train
byvoordele	bəifuərdiələ	test
bywerk	bəivɛrk	test
bywoning	bəivuənəŋ	train
bywoningsyfer	bəivuənəŋsəifər	train
bywoon	bəivuən	train
bywoord	bəivuərt	train
cabernet	kabərnəi	train
cadenza	kadɛnza	train
caledon	kalidɔn	train
calitzdorp	kɑːlətsdɔrp	train
calvinia	kalfinia	train
calvinistiese	kalfinəstisə	train
cambria	kambria	train
camera	kaməra	test
capita	kapita	train
carte	kart	train
casino	kasinœu	train
casspirs	kaspərs	train
catharina	katarina	train
celsius	səlsiœs	train
ceylon	səlɔn	train
chalets	ʃaləis	train
chaos	χɑːɔs	train
chaoties	χauətis	train
chaotiese	χauətisə	train
charisma	karəsma	train
charismatiese	karəsmɑːtisə	train
chauffeur	ʃuføːr	train
cheddarkaas	tʃɛdərkɑːs	test
cheetah	tʃita	train
chef	ʃɛf	train
chemici	χiəmisi	test
chemie	χiəmi	test
chemiese	χiəmisə	train
chemikalie	χiəmikɑːli	test
chemikalieë	χiəmikɑːliə	train
chemoterapie	χiəmutɛrapi	train
chileense	tʃiliənsə	train
chirurg	ʃirœrχ	train
chirurgie	ʃirœrχi	train
chloor	kluər	test
chlooramfenikol	kluəramfɛnikɔl	test
chlorofil	kluərufəl	train
chloroplaste	kluəruplastə	train
cholera	kuələra	train
cholesterol	kulɛstərɔl	train
choreograaf	kɔriuχrɑːf	train
choreografie	kɔriuχrafi	train
chris	krəs	train
christelike	χrəstələkə	train
christen	χrəstən	train
christendom	χrəstəndɔm	train
christene	χrəstənə	train
christenskap	χrəstənskap	test
christie	krəsti	train
christologie	χrəstuluχi	train
christus	χrəstœs	train
chromatografiese	kruəmatuχrɑːfisə	train
chromosome	kruəmusumə	train
chromosoom	kruəmusuəm	train
chroniese	kruənisə	train
chronologie	kruənuluχi	train
chronologiese	krunuluəχisə	test
citrusdal	sitrœsdal	train
clanwilliam	klɛnwəliəm	test
club	klœp	train
cobus	kuəbœs	train
coenie	kuni	train
coetsee	kutsiə	train
coetzee	kutsiə	train
colesberg	kuəlsbɛrχ	train
collage	kulɑːʒ	train
colombiaanse	kulɔmbiɑːnsə	train
concerto	kɔnʃɛrtu	train
crescendo	krəʃɛndu	train
creswell	krɛswɛl	train
creswelliet	krɛswɛlit	train
cum	kum	train
curriculum	kyrikylœm	train
daad	dɑːt	test
daadwerklik	dɑːtvɛrklək	train
daadwerklike	dɑːtvɛrkləkə	train
daadwerkliks	dɑːtvɛrkləks	test
daag	dɑːχ	train
daagliks	dɑːχləks	train
daaglikse	dɑːχləksə	test
daai	dɑːi	train
daal	dɑːl	train
daalder	dɑːldər	test
daalfase	dɑːlfɑːsə	train
daar	dɑːr	train
daar's	dɑːrs	train
daaraan	dɑːrɑːn	train
daarbenewens	dɑːrbəniəvəns	test
daarbinne	dɑːrbənə	train
daarbo	dɑːrbu	train
daarbuite	dɑːrbœytə	train
daarby	dɑːrbəi	train
daardeur	dɑːrdøːr	train
daardie	dɑːrdi	train
daarenteen	dɑːrəntiən	train
daargestel	dɑːrχəstɛl	train
daarheen	dɑːrɦiən	train
daarin	dɑːrən	test
daarmee	dɑːrmiə	test
daarna	dɑːrnɑː	train
daarnaas	dɑːrnɑːs	train
daarom	dɑːrɔm	train
daaromheen	dɑːrɔmɦiən	train
daaromtrent	dɑːrɔmtrɛnt	train
daaronder	dɑːrɔndər	train
daaroor	dɑːruər	train
daarop	dɑːrɔp	train
daaropvolgende	dɑːrɔpfɔlχəndə	train
daarsonder	dɑːrsɔndər	train
daarstelling	dɑːrstɛləŋ	train
daarteen	dɑːrtiən	test
daarteenoor	dɑːrtiənuər	train
daartoe	dɑːrtu	train
daartussen	dɑːrtœsən	train
daaruit	dɑːrœyt	train
daarvan	dɑːrfan	train
daarvandaan	dɑːrfandɑːn	train
daarvolgens	dɑːrfɔlχəns	test
daarvoor	dɑːrfuər	train
dada	dada	train
dade	dɑːdə	train
dadelik	dɑːdələk	train
dadelike	dɑːdələkə	train
dadels	dɑːdəls	train
dae	dɑːə	train
daelikse	dɑːələksə	train
daeraad	dɑːərɑːt	train
dag	daχ	train
dagbesoekers	daχbəsukərs	train
dagblaaie	daχblɑːiə	train
dagblad	daχblat	test
dagboek	daχbuk	train
dagboeke	daχbukə	train
dagbreek	daχbriək	train
dagga	daχa	train
daglange	daχlaŋə	train
daglig	daχləχ	train
dagmynbou	daχməinbœu	train
dagtaak	daχtɑːk	train
dagvaar	daχfɑːr	train
dagvaarding	daχfɑːrdəŋ	train
dagvaardings	daχfɑːrdəŋs	train
dahl	dal	train
daisy	dəizi	test
dak	dak	train
dakke	dakə	train
dakloos	dakluəs	train
daklose	daklusə	train
dakloses	daklusəs	train
dale	dɑːlə	train
dalende	dɑːləndə	train
daling	dɑːləŋ	train
dalings	dɑːləŋs	train
dalk	dalk	train
dam	dam	train
dame	dɑːmə	train
dames	dɑːməs	train
damme	damə	train
damp	damp	train
dampe	dampə	train
damwal	damval	train
dan	dan	train
danig	dɑːnəχ	train
dank	daŋk	train
dankbaar	daŋkbɑːr	train
dankbaarheid	daŋkbɑːrɦəit	train
dankbare	daŋkbɑːrə	train
danke	daŋkə	train
dankie	daŋki	train
danksy	daŋksəi	train
dans	dɑːns	train
danse	dɑːnsə	train
danser	dɑːnsər	train
dansers	dɑːnsərs	train
dansgeselskap	dɑːnsχəsɛlskap	train
dansgroep	dɑːnsχrup	train
danspassies	dɑːnspasis	train
dansteater	dɑːnstiɑːtər	test
dansvloer	dɑːnsflur	train
dapper	dapər	train
dapperheid	dapərɦəit	train
darem	darəm	train
darja	darja	test
darjarivier	darjarəfir	test
darwin	dɑːrwən	train
das	das	test
dasse	dasə	train
dat	dat	train
data	dɑːta	train
databasis	dɑːtabɑːsəs	train
datastel	dɑːtastɛl	train
dateer	datiər	train
datief	datif	train
datum	dɑːtœm	train
datumrooster	dɑːtœmruəstər	train
datums	dɑːtœms	train
david	dəivət	train
dawerende	dɑːvərəndə	train
dawie	dɑːvi	train
de	də	train
debakel	dəbɑːkəl	train
debat	dəbat	train
debatproposisie	dəbatprɔpuzisi	train
debatsreëls	dəbatsriəls	train
debatte	dəbatə	train
debatteer	dɛbatiər	train
debietorder	dəbitɔrdər	train
debietsaldo	dəbitsaldu	train
debiteer	dɛbitiər	train
debiteure	dɛbitøːrə	train
debiteureafslag	dɛbitøːrəafslaχ	test
debiteurekontrole	dɛbitøːrəkɔntruələ	train
debutante	dɛbytantə	train
debuteer	dɛbytiər	train
deco	dɛkœu	train
deduktiewe	diədœktivə	train
deeg	diəχ	train
deeglik	diəχlək	train
deeglike	diəχləkə	train
deeglikheid	diəχləkɦəit	train
deel	diəl	train
deelbaar	diəlbɑːr	train
deelgeneem	diəlχəniəm	train
deelgenoot	diəlχənuət	train
deelkraal	diəlkrɑːl	train
deelname	diəlnɑːmə	test
deelnamepunt	diəlnɑːməpœnt	train
deelneem	diəlniəm	train
deelnemende	diəlniəməndə	train
deelnemer	diəlniəmər	test
deelnemers	diəlniəmərs	train
deels	diəls	train
deelsomme	diəlsɔmə	train
deelstate	diəlstɑːtə	test
deeltitel	diəltitəl	train
deeltitels	diəltitəls	train
deeltjie	diəlki	train
deeltjies	diəlkis	train
deeltyds	diəltəits	train
deeltydse	diəltəitsə	train
deense	diənsə	train
deernis	diərnəs	train
deernisvolle	diərnəsfɔlə	train
dees	diəs	train
deesdae	diəsdɑːə	train
deeskant	diəskant	train
defekte	difɛktə	train
definieer	dɛfəniiər	train
definieër	dɛfəniiər	train
definisie	dɛfənisi	train
definisies	dɛfənisis	train
definitief	dɛfənətif	train
definitiewe	dɛfənətivə	train
definiëring	dɛfəniiərəŋ	train
deflasie	diəflɑːsi	train
deftig	dɛftəχ	train
deftige	dɛftəχə	train
degradasie	dɛχradɑːsi	train
deiktiese	dəiktisə	train
deins	dəins	train
dek	dɛk	test
dekaan	dəkɑːn	test
dekade	dəkɑːdə	train
dekadente	dɛkadɛntə	train
dekades	dəkɑːdəs	train
deken	diəkən	train
dekker	dɛkər	train
dekking	dɛkəŋ	test
deklaag	dɛklɑːχ	train
deklinasie	diəklinɑːsi	train
dekmantel	dɛkmantəl	train
dekodeerder	diəkudiərdər	train
dekodeerders	diəkudiərdərs	train
dekor	diəkɔr	train
dekreet	dəkriət	train
deksel	dɛksəl	train
deksels	dɛksəls	train
dekseltjie	dɛksəlki	train
dekveld	dɛkfɛlt	train
dele	diələ	train
delegeer	dələχiər	train
delegering	dələχiərəŋ	train
delf	dɛlf	train
delg	dɛlχ	train
deli	dɛli	train
delikaat	dɛlikɑːt	train
delikate	dɛlikɑːtə	train
delikte	dələktə	train
deling	diələŋ	train
delta	dɛlta	train
demensie	dəmɛnsi	train
demografie	dɛmuχrafi	train
demografiese	dɛmuχrɑːfisə	train
demokraat	dɛmukrɑːt	train
demokrasie	dɛmukrasi	train
demokrate	dɛmukrɑːtə	train
demokraties	dɛmukrɑːtis	train
demokratiese	dɛmukrɑːtisə	train
demokratisering	dɛmukratisiərəŋ	train
demone	dəmuənə	train
demoniese	dəmuənisə	train
demonstrasie	dɛmɔnstrɑːsi	train
demonstrasies	dɛmɔnstrɑːsis	train
demonstratief	dɛmɔnstratif	train
demonstratiewe	dɛmɔnstrativə	train
demonstreer	dɛmɔnstriər	train
demp	dɛmp	train
demper	dɛmpər	train
dempers	dɛmpərs	train
den	dɛn	train
denatureer	diənatyriər	test
dendron	dɛndrɔn	train
denimbroek	dɛnəmbruk	train
denkbaar	dɛŋkbɑːr	train
denkbare	dɛŋkbɑːrə	train
denkbeeld	dɛŋkbiəlt	train
denkbeeldige	dɛŋkbiəldəχə	train
denke	dɛŋkə	train
denkende	dɛŋkəndə	train
denkers	dɛŋkərs	test
denkkaart	dɛŋkkɑːrt	train
denkklimaat	dɛŋkklimɑːt	train
denkpatrone	dɛŋkpatrunə	train
denkpatroon	dɛŋkpatruən	train
denkraamwerk	dɛŋkrɑːmvɛrk	train
denkrigting	dɛŋkrəχtəŋ	train
denkrigtings	dɛŋkrəχtəŋs	train
denkskool	dɛŋkskuəl	train
denkvaardighede	dɛŋkfɑːrdəχɦiədə	train
denkwyse	dɛŋkvəisə	test
dennebome	dɛnəbuəmə	train
denneplantasies	dɛnəplantɑːsis	train
denominasie	dɛnɔminɑːsi	train
departement	dəpartəmɛnt	train
departemente	dəpartəmɛntə	train
departementele	dəpartəmɛntiələ	train
departementshoof	dəpartəmɛntsɦuəf	train
deportasie	dɛpɔrtɑːsi	train
deporteer	dɛpɔrtiər	train
deposante	diəpusantə	train
deposito	dəpuəsətu	train
depositonemende	dəpuəsətuniəməndə	train
depositostrokies	dəpuəsətustruəkis	test
depots	dɛpus	train
depresiasie	diəprisiɑːsi	train
depressante	dɛprəsantə	train
depressie	dəprɛsi	train
depressief	dɛprəsif	train
depressiewe	dɛprəsivə	train
deputasie	dɛpytɑːsi	train
der	dər	train
derde	dɛrdə	train
derdebeurt	dɛrdəbøːrt	train
derdejaar	dɛrdəjɑːr	train
derdens	dɛrdəns	train
derdes	dɛrdəs	train
derduisende	dɛrdœysəndə	train
deregulasie	diərɛχylɑːsi	train
dereguleer	diərɛχyliər	train
deregulering	diərɛχyliərəŋ	train
derek	diərək	train
dergelike	dɛrχələkə	train
derhalwe	dɛrɦɑːlvə	train
dermate	dɛrmɑːtə	train
dermatitis	dɛrmatitəs	train
dermkanaal	dɛrəmkanɑːl	train
derms	dɛrms	train
derrick	dɛrik	train
dertien	dɛrtin	train
dertiende	dɛrtində	train
dertienjarige	dɛrtinjɑːrəχə	test
dertig	dɛrtəχ	train
dertigerjare	dɛrtəχərjɑːrə	train
dertigjarige	dɛrtəχjɑːrəχə	test
des	dɛs	train
desbetreffende	dɛsbətrɛfəndə	train
dese	diəsə	test
desember	diəsɛmbər	train
desemberbeeld	diəsɛmbərbiəlt	train
desentralisasie	diəsɛntralisɑːsi	test
desimaal	dɛsimɑːl	train
desimale	dɛsimɑːlə	train
deskriptiewe	diəskrəptivə	train
deskundige	dɛskœndəχə	train
deskundiges	dɛskœndəχəs	train
desnieteenstaande	dɛsnitiənstɑːndə	train
desnoods	dɛsnuəts	train
desondanks	dɛsɔndaŋks	train
desperaat	dɛspərɑːt	test
desperaatheid	dɛspərɑːtɦəit	train
desperate	dɛspərɑːtə	train
despotisme	dɛsputəsmə	train
destruktiewe	diəstrœktivə	train
destyds	dɛstəits	train
destydse	dɛstəitsə	train
detail	ditəil	train
details	ditəils	test
determinante	diətɛrminantə	train
deug	døːχ	train
deugde	døːχdə	train
deuntjie	dyŋki	train
deuntjies	dyŋkis	train
deur	døːr	test
deurbraak	døːrbrɑːk	train
deurbrake	døːrbrɑːkə	train
deurbreek	døːrbriək	train
deurbring	døːrbrəŋ	train
deurbringer	døːrbrəŋər	train
deurdat	døːrdat	train
deurdink	døːrdəŋk	train
deurdrenk	døːrdrɛŋk	train
deurdring	døːrdrəŋ	test
deurdruk	døːrdrœk	train
deurdrumpel	døːrdrœmpəl	test
deure	døːrə	test
deurentyd	døːrəntəit	train
deurgaan	døːrχɑːn	train
deurgaans	døːrχɑːns	train
deurgang	døːrχaŋ	train
deurgebreek	døːrχəbriək	test
deurgebring	døːrχəbrəŋ	train
deurgedring	døːrχədrəŋ	train
deurgedruk	døːrχədrœk	test
deurgee	døːrχiə	train
deurgegaan	døːrχəχɑːn	train
deurgegee	døːrχəχiə	train
deurgehak	døːrχəɦak	train
deurgekom	døːrχəkɔm	train
deurgelaat	døːrχəlɑːt	train
deurgeloop	døːrχəluəp	train
deurgemaak	døːrχəmɑːk	train
deurgesoek	døːrχəsuk	train
deurgevleg	døːrχəflɛχ	train
deurgevoer	døːrχəfur	train
deurgewerk	døːrχəvɛrk	test
deurkom	døːrkɔm	train
deurkruis	døːrkrœys	train
deurleefde	døːrliəfdə	train
deurlees	døːrliəs	train
deurloop	døːrluəp	train
deurlopend	døːrlupənt	train
deurlopende	døːrluəpəndə	test
deurmaak	døːrmɑːk	train
deurmekaar	døːrməkɑːr	train
deurnag	døːrnaχ	train
deurpaaie	døːrpɑːiə	train
deurpad	døːrpat	train
deursettingsvermoë	døːrsɛtəŋsfərmuə	train
deursien	døːrsin	train
deursig	døːrsəχ	train
deursigtig	døːrsəχtəχ	train
deursigtige	døːrsəχtəχə	train
deursigtigheid	døːrsəχtəχɦəit	train
deurskemer	døːrskiəmər	train
deurskynend	døːrskəinənt	train
deurskynende	døːrskəinəndə	train
deurslag	døːrslaχ	train
deurslaggewend	døːrslaχəvɛnt	train
deurslaggewende	døːrslaχiəvəndə	train
deursnee	døːrsniə	train
deursnit	døːrsnət	train
deursoek	døːrsuk	train
deursoeking	døːrsukəŋ	train
deurspek	døːrspɛk	train
deurstaan	døːrstɑːn	train
deurtastende	døːrtastəndə	train
deurtrek	døːrtrɛk	train
deurwerk	døːrvɛrk	train
deurwinterde	døːrvəntərdə	train
deuteronomistiese	døːtərunuməstisə	test
devaluasie	diəvalyɑːsi	test
devalueer	diəvalyiər	train
devaluering	diəvalyiərəŋ	test
dewetsdorp	dəvɛtsdɔrp	train
diabeet	diabiət	train
diabete	diabiətə	train
diabetes	diabiətəs	train
diachroniese	diakrunisə	train
diagnose	diaχnusə	train
diagnoseer	diaχnusiər	test
diagnosering	diaχnusiərəŋ	train
diagnoses	diaχnusəs	train
diagnostiese	diaχnɔstisə	train
diagram	diaχram	test
diagrammatiese	diaχramɑːtisə	train
diaken	diɑːkən	train
diakens	diɑːkəns	test
dialek	dialɛk	train
dialektiese	dialɛktisə	test
dialektologie	dialɛktuluχi	train
dialoog	dialuəχ	train
dialoë	dialuə	train
diamant	diamant	train
diamantbedryf	diamantbədrəif	train
diamante	diamantə	train
diamantvelde	diamantfɛldə	train
diarree	diariə	train
diaspora	diaspura	train
didaktiek	didaktik	train
die	di	train
dieet	diiət	test
dieetkundige	diiətkœndəχə	train
dieetkundiges	diiətkœndəχəs	train
dieetriglyne	diiətrəχləinə	test
dief	dif	train
diefstal	difstal	train
diefstalle	difstalə	test
diefwering	difviərəŋ	train
diegene	diχiənə	train
dien	din	train
dienaar	dinɑːr	train
dienaars	dinɑːrs	train
dienare	dinɑːrə	train
dienende	dinəndə	train
dienooreenkomstig	dinuəriənkɔmstəχ	train
diens	dins	train
diensbaar	dinsbɑːr	train
diensgeld	dinsχɛlt	train
diensie	dinsi	train
diensjare	dinsjɑːrə	train
dienskneg	dinsknɛχ	train
dienskommissie	dinskumisi	train
dienskontrak	dinskɔntrak	train
dienslewering	dinsliəvərəŋ	train
diensmeisie	dinsməisi	train
dienspistool	dinspəstuəl	train
diensplig	dinspləχ	train
dienspligtige	dinspləχtəχə	train
dienspligtiges	dinspləχtəχəs	test
diensstandaard	dinsstandɑːrt	train
dienste	dinstə	train
dienstegeld	dinstəχɛlt	train
diensteraad	dinstərɑːt	train
diensvaardigheid	dinsfɑːrdəχɦəit	train
diensverskaffer	dinsfərskafər	train
diensverskaffers	dinsfərskafərs	train
diensvoorwaardes	dinsfuərvɑːrdəs	train
dienswerk	dinsvɛrk	train
diep	dip	train
diepblou	dipblœu	train
diepe	dipə	train
dieper	dipər	train
diepers	dipərs	train
diepgaande	dipχɑːndə	train
diepkloof	dipkluəf	train
diepliggende	dipləχəndə	train
diepsee	dipsiə	train
diepsloot	dipsluət	train
diepste	dipstə	test
diepte	diptə	train
dieptes	diptəs	train
dier	dir	train
dierbaar	dirbɑːr	train
dierbare	dirbɑːrə	test
diere	dirə	train
dierearts	dirəarts	train
dieregesondheid	dirəχəsɔntɦəit	train
dierelewe	dirəliəvə	train
diereliefhebbers	dirəlifɦɛbərs	train
dieremishandeling	dirəməsɦandələŋ	train
diereprodukte	dirəprudœktə	train
diereriem	dirərim	train
diereryk	dirərəik	train
dierespesies	dirəspiəsis	train
dieretuin	dirətœyn	train
dieretuine	dirətœynə	train
dierkunde	dirkœndə	train
dierkundige	dirkœndəχə	train
dierlike	dirləkə	train
diersoorte	dirsuərtə	train
diertjie	dirki	train
diertjies	dirkis	train
dies	dis	train
diesel	disəl	train
dieselenjin	disəlɛnjən	train
dieselfde	disɛlfdə	train
dieseltenk	disəltɛŋk	train
diewe	divə	train
differensiaalvergelykings	dəfərɛnʃiɑːlfərχələikəŋs	test
differensiasie	dəfərɛnsiɑːsi	train
differensieer	dəfərɛnʃiiər	train
different	dəfərɛnt	test
diftonge	dəftɔŋə	train
dig	dəχ	train
digbundel	dəχbœndəl	train
digbundels	dəχbœndəls	train
digby	dəχbəi	train
digitaal	diχitɑːl	train
digitale	diχitɑːlə	train
digkuns	dəχkœns	test
digotome	diχutumə	test
digte	dəχtə	test
digter	dəχtər	train
digterlike	dəχtərləkə	train
digters	dəχtərs	train
digtheid	dəχtɦəit	train
digtoeë	dəχtuə	test
dik	dək	train
dikderm	dəkdɛrəm	train
dikke	dəkə	train
dikker	dəkər	train
diktator	dəktɑːtɔr	train
diktatoriale	diktatuəriɑːlə	train
diktators	dəktɑːtɔrs	test
dikte	dəktə	train
diktee	dəktiə	train
dikteer	dəktiər	train
dikwels	dəkvəls	train
dilemma	dəlɛma	train
dimensie	dimɛnsi	train
dimensionele	dimɛnʃiuniələ	train
dinamiek	dinamik	test
dinamies	dinɑːmis	test
dinamiese	dinɑːmisə	train
dinamiet	dinɑːmit	train
dinamika	dinɑːmika	train
dinastie	dinasti	train
ding	dəŋ	train
dingaansdag	dəŋχɑːnsdaχ	train
dinge	dəŋə	train
dinges	dəŋəs	train
dingetjie	dəŋiki	train
dingetjies	dəŋikis	train
dink	dəŋk	train
dinkwerk	dəŋkvɛrk	train
dinosourusse	dinusœurœsə	train
dinsdag	dənsdaχ	train
dinsdagmiddag	dənsdaχmədaχ	test
dip	dəp	train
diploma	dəpluma	train
diplomaat	dəplumɑːt	train
diplomakursus	dəplumakœrsœs	train
diplomas	dəplumas	train
diplomasie	dəplumasi	train
diplomate	dəplumɑːtə	train
diplomatieke	dəplumatikə	train
diplomaties	dəplumɑːtis	train
diplomering	dəplumiərəŋ	train
dipool	dipuəl	train
direk	dirɛk	train
direksie	dirɛksi	train
direksielede	dirɛksiliədə	train
direksielid	dirɛksilət	train
direksies	dirɛksis	train
direkte	dirɛktə	train
direkteur	dirɛktøːr	train
direktoraat	dirɛkturɑːt	train
dirigeer	dərəχiər	train
dirigent	dərəχɛnt	test
dirigente	dərəχɛntə	train
dis	dəs	train
disa	disa	train
disakker	disakər	train
disinvestering	dəsənfɛstiərəŋ	test
disket	dəskɛt	train
diskette	dəskɛtə	train
disko	dəskœu	train
diskoers	dəskurs	train
diskoerse	dəskursə	train
diskontokoers	dəskɔntukurs	train
diskresie	dəskrɛsi	train
diskriminasie	dəskrəminɑːsi	train
diskrimineer	dəskrəminiər	train
diskriminerend	dəskrəminiərənt	train
diskriminerende	dəskrəminiərəndə	train
diskwalifikasie	dəskwalifikɑːsi	train
disnis	dəsnəs	train
dispersie	dəspɛrsi	train
disse	dəsə	train
dissipel	dəsipəl	train
dissipels	dəsipəls	train
dissipelskap	dəsipəlskap	train
dissipline	dəsəplinə	train
dissiplineer	dəsəpliniər	train
dissiplines	dəsəplinəs	train
distansie	dəstansi	train
distansieer	dəstansiiər	train
distillasie	dəstəlɑːsi	train
distrik	dəstrək	train
distriksgeneesheer	dəstrəksχəniəsɦiər	train
distrikshof	dəstrəksɦɔf	train
distriksraad	dəstrəksrɑːt	train
distrikte	dəstrəktə	train
dit	dət	train
diuretika	diuriətika	train
divan	divan	train
divas	divas	train
divers	divɛrs	train
diverse	divɛrsə	train
diversifikasie	divɛrsifikɑːsi	train
diversiteit	divɛrsitəit	train
dividend	dəvədɛnt	train
dividenddekking	dəvədɛntdɛkəŋ	train
dividende	dəvədɛndə	train
divisie	dəvisi	train
djihad	dʒiɦat	train
dobbel	dɔbəl	train
dobbelaar	dɔbəlɑːr	train
dobbelaars	dɔbəlɑːrs	train
dobbelary	dɔbəlarəi	train
dobbelhuise	dɔbəlɦœysə	test
dobbellisensies	dɔbəlləsɛnsis	train
dobbelraad	dɔbəlrɑːt	train
dobbelsteen	dɔbəlstiən	test
dobbelwet	dɔbəlvɛt	train
dode	duədə	train
dodelik	duədələk	train
dodelike	duədələkə	test
doderyk	duədərəik	train
dodesel	duədəsɛl	train
dodetal	duədətal	train
doeane	duɑːnə	test
doeanebeamptes	duɑːnəbəamptəs	train
doef	duf	train
doek	duk	test
doeke	dukə	train
doekies	dukis	train
doel	dul	test
doelbewus	dulbəvœs	train
doelbewuste	dulbəvœstə	train
doele	dulə	train
doeleindes	duləindəs	train
doelgerig	dulχərəχ	train
doelgerigte	dulχərəχtə	train
doelgerigtheid	dulχərəχtɦəit	test
doelhok	dulɦɔk	train
doelloos	duluəs	train
doellose	duluəsə	train
doellyn	dulləin	train
doelmatig	dulmɑːtəχ	train
doelmatigheid	dulmɑːtəχɦəit	train
doelpale	dulpɑːlə	test
doelskieter	dulskitər	train
doelskieters	dulskitərs	train
doelskop	dulskɔp	train
doelskoppe	dulskɔpə	train
doelskote	dulskuətə	train
doelstelling	dulstɛləŋ	train
doelstellings	dulstɛləŋs	test
doeltreffend	dultrɛfənt	train
doeltreffende	dultrɛfəndə	train
doeltreffender	dultrɛfəndər	train
doeltreffendheid	dultrɛfəntɦəit	train
doeltreffendste	dultrɛfəntstə	train
doelwagter	dulvaχtər	train
doelwagters	dulvaχtərs	train
doelwit	dulvət	train
doelwitstelling	dulvətstɛləŋ	train
doelwitte	dulvətə	train
doem	dum	train
doemprofete	dumprufiətə	train
doen	dun	train
doende	dundə	train
doenig	dunəχ	train
doepa	dupa	test
doer	dur	train
dof	dɔf	train
dog	dɔχ	train
dogma	dɔχma	train
dogmas	dɔχmas	train
dogter	dɔχtər	train
dogtermens	dɔχtərmɛns	train
dogters	dɔχtərs	train
dogtertjie	dɔχtərki	train
dogtertjies	dɔχtərkis	train
dok	dɔk	train
dokter	dɔktər	test
dokters	dɔktərs	test
doktor	dɔktɔr	test
doktorale	dɔkturɑːlə	test
doktorsgraad	dɔktərsχrɑːt	train
doktorsgrade	dɔktərsχrɑːdə	test
doktrine	dɔktrinə	train
dokument	dɔkymɛnt	train
dokumentasie	dɔkymɛntɑːsi	train
dokumente	dɔkymɛntə	train
dokumenteer	dɔkymɛntiər	train
dol	dɔl	train
dolende	dɔləndə	train
dolfyne	dɔlfəinə	train
dolk	dɔlk	train
dollar	dɔlər	train
dollarprys	dɔlərprəis	train
dollars	dɔlərs	test
dolle	dɔlə	train
dolleeg	dɔliəχ	train
dolosse	dɔlɔsə	train
dom	dɔm	test
domein	duəməin	train
dominant	dɔminant	train
dominante	dɔminantə	train
dominee	duəməni	train
domineer	dɔminiər	train
dominees	duəmənis	train
dominiale	dɔminiɑːlə	train
dompel	dɔmpəl	train
donasie	dunɑːsi	train
donateurs	duənatøːrs	train
donder	dɔndər	train
donderbuie	dɔndərbœyə	train
donderdag	dɔndərdaχ	test
donderdagaand	dɔndərdaχɑːnt	train
donderdagaande	dɔndərdaχɑːndə	train
donderdagnag	dɔndərdaχnaχ	train
donderstorm	dɔndərstɔrm	train
donderstorms	dɔndərstɔrms	train
donderweer	dɔndərviər	test
donker	dɔŋkər	train
donkeraand	dɔŋkərɑːnt	test
donkerbruin	dɔŋkərbrœyn	train
donkerder	dɔŋkərdər	train
donkere	dɔŋkərə	train
donkergroen	dɔŋkərχrun	train
donkerkop	dɔŋkərkɔp	train
donkerste	dɔŋkərstə	train
donkerte	dɔŋkərtə	train
donkie	dɔŋki	train
donner	dɔnər	train
donnerhellings	dɔnərɦɛləŋs	test
dons	dɔns	train
donshael	dɔnsɦɑːəl	train
donsie	dɔnsi	train
donsig	dɔnsəχ	test
dood	duət	train
doodbloei	duətblui	train
doodeenvoudig	duətiənfœudəχ	train
doodgaan	duətχɑːn	test
doodgebore	duətχəbuərə	train
doodgebrand	duətχəbrant	train
doodgebyt	duətχəbəit	train
doodgegaan	duətχəχɑːn	train
doodgeloop	duətχəluəp	train
doodgelukkig	duətχəlœkəχ	test
doodgemaak	duətχəmɑːk	train
doodgery	duətχərəi	train
doodgeskiet	duətχəskit	train
doodgeskok	duətχəskɔk	train
doodgeslaan	duətχəslɑːn	train
doodgesteek	duətχəstiək	train
doodgewone	duətχəvuənə	train
doodgewoon	duətχəvuən	train
doodkis	duətkəs	train
doodkry	duətkrəi	train
doodloopstraat	duətluəpstrɑːt	train
doodmaak	duətmɑːk	test
doods	duəts	train
doodsdreigemente	duətsdrəiχəmɛntə	train
doodse	duətsə	train
doodseker	duətsiəkər	train
doodsertifikaat	duətsɛrtifikɑːt	train
doodsit	duətsət	train
doodskiet	duətskit	train
doodskis	duətskəs	train
doodsklok	duətsklɔk	test
doodskoot	duətskuət	train
doodsnikke	duətsnəkə	train
doodsondersoek	duətsɔndərsuk	train
doodsteek	duətstiək	train
doodstil	duətstəl	test
doodstraf	duətstraf	train
doodvonnis	duətfɔnəs	train
doof	duəf	train
doofheid	duəfɦəit	test
doofstom	duəfstɔm	test
doolgange	duəlχaŋə	train
doolhof	duəlɦɔf	train
doop	duəp	train
door	duər	test
doos	duəs	test
dop	dɔp	train
dopamien	duəpamin	train
doper	duəpər	train
dopgehou	dɔpχəɦœu	train
dophou	dɔpɦœu	train
doppe	dɔpə	train
dopper	dɔpər	train
doppie	dɔpi	train
dopstrukture	dɔpstrœktyrə	test
dor	dɔr	train
dordtse	dɔrtsə	train
doring	duərəŋ	test
doringbome	duərəŋbuəmə	test
doringdraad	duərəŋdrɑːt	train
dorings	duərəŋs	test
doringtak	duərəŋtak	train
dormehl	dɔrmɛl	train
dorp	dɔrp	train
dorpe	dɔrpə	train
dorpenaar	dɔrpənɑːr	train
dorpenaars	dɔrpənɑːrs	train
dorperaad	dɔrpərɑːt	train
dorpie	dɔrpi	test
dorpies	dɔrpis	train
dorpse	dɔrpsə	train
dorpsgebied	dɔrpsχəbit	test
dorpsgebiede	dɔrpsχəbidə	train
dorpsloot	dɔrpsluət	train
dorpsondagskool	dɔrpsɔndaχskuəl	train
dorpstad	dɔrpstat	train
dorpstigting	dɔrpstəχtəŋ	train
dorre	dɔrə	train
dors	dɔrs	train
dorste	dɔrstə	train
dos	dɔs	train
dose	duəsə	train
doseer	dusiər	train
doseervorm	dusiərfɔrm	train
doseervorme	dusiərfɔrmə	train
dosent	dusɛnt	train
dosente	dusɛntə	train
doserende	dusiərəndə	train
dosis	duəsəs	train
dosisse	duəsəsə	test
dossier	dɔsir	train
dossiere	dɔsirə	train
dosyn	dusəin	train
dosyne	dusəinə	test
dou	dœu	train
douvoordag	dœufuərdaχ	train
dowe	duəvə	train
dowes	duəvəs	train
dowwe	dɔvə	train
dowwer	dɔvər	train
dra	drɑː	train
draad	drɑːt	train
draadheining	drɑːtɦəinəŋ	train
draadjie	drɑːiki	train
draadjies	drɑːikis	train
draadkar	drɑːtkar	train
draadloos	drɑːtluəs	train
draadlose	drɑːtluəsə	train
draagbare	drɑːχbɑːrə	test
draagkrag	drɑːχkraχ	train
draai	drɑːi	train
draaiballe	drɑːibalə	test
draaibare	drɑːibɑːrə	train
draaiboek	drɑːibuk	test
draaiboekskrywer	drɑːibukskrəivər	train
draaiboekskrywers	drɑːibukskrəivərs	train
draaibouler	drɑːibœulər	train
draaiboulers	drɑːibœulərs	train
draaie	drɑːiə	train
draaiende	drɑːiəndə	train
draaier	drɑːiər	train
draaiers	drɑːiərs	train
draaipunt	drɑːipœnt	train
draaitjie	drɑːiki	train
draaiwerk	drɑːivɛrk	train
draak	drɑːk	train
draakbote	drɑːkbuətə	test
draakstekery	drɑːkstiəkərəi	train
drade	drɑːdə	train
draer	drɑːər	test
draers	drɑːərs	train
draf	draf	test
drag	draχ	train
dragon	draχɔn	train
drake	drɑːkə	train
drakensberge	drɑːkənsbɛrχə	train
drakensbergse	drɑːkənsbɛrχsə	train
drakoniese	drakuənisə	test
drama	drɑːma	train
dramareeks	drɑːmariəks	test
dramas	drɑːmas	test
dramateks	drɑːmatɛks	train
dramaties	dramɑːtis	test
dramatiese	dramɑːtisə	train
dramaturg	dramatœrχ	train
dramaturge	dramatœrχə	train
drang	draŋ	train
drange	draŋə	train
drank	draŋk	train
drankbedryf	draŋkbədrəif	train
dranke	draŋkə	train
drankie	draŋki	train
drankies	draŋkis	train
drankprobleem	draŋkprubliəm	train
drankwet	draŋkvɛt	train
drankwinkel	draŋkvəŋkəl	train
drankwinkels	draŋkvəŋkəls	train
drasak	drɑːsak	train
drasties	drastis	train
drastiese	drastisə	train
drawwers	dravərs	train
dreef	driəf	test
dreig	drəiχ	train
dreigement	drəiχəmɛnt	train
dreigemente	drəiχəmɛntə	train
dreigend	drəiχənt	train
dreigende	drəiχəndə	train
dreigoproepe	drəiχɔprupə	train
dreineer	drəiniər	train
dreinering	drəiniərəŋ	train
drentel	drɛntəl	train
dreun	drøːn	train
dreuning	drøːnəŋ	train
drie	dri	train
driedaagse	dridɑːχsə	train
driedimensionele	dridimɛnʃiuniələ	train
driedubbele	dridœbələ	train
driehoek	driɦuk	train
driehoeke	driɦukə	train
driehoekige	driɦukəχə	train
driehonderd	driɦɔndərt	train
driejarige	drijɑːrəχə	train
driejariges	drijɑːrəχəs	train
driekamp	drikamp	train
driekuns	drikœns	test
driekwart	drikwart	train
driekwarte	drikwartə	train
driekwartier	drikwartir	train
driekwartvolle	drikwartfɔlə	train
drielaag	drilɑːχ	test
drieledige	driliədəχə	train
drieledigheid	driliədəχɦəit	train
drieling	driləŋ	train
driemalige	drimɑːləχə	train
driemanskap	drimanskap	train
driesprong	drisprɔŋ	train
drietal	drital	test
drievoudige	drifœudəχə	train
drif	drəf	train
drifte	drəftə	train
driftig	drəftəχ	train
dring	drəŋ	train
dringend	drəŋənt	train
dringende	drəŋəndə	train
dringendheid	drəŋəntɦəit	train
dringendste	drəŋəntstə	train
drink	drəŋk	train
drinkers	drəŋkərs	train
drinkery	drəŋkərəi	test
drinkplekke	drəŋkplɛkə	train
drinkwater	drəŋkvɑːtər	train
droefheid	drufɦəit	train
droewe	druvə	train
droewig	druvəχ	test
droewige	druvəχə	train
drome	druəmə	train
dromme	drɔmə	train
dronk	drɔŋk	train
dronkenskap	drɔŋkənskap	train
droog	druəχ	train
drooggedrink	druəχχədrəŋk	train
droogte	druəχtə	train
droogtegeteisterde	druəχtəχətəistərdə	train
droogtes	druəχtəs	train
droom	druəm	train
drop	drɔp	train
dros	drɔs	train
droë	druə	train
droër	druər	test
drugs	draχs	train
druis	drœys	train
druiwe	drœyvə	train
druk	drœk	train
drukgroepe	drœkχrupə	test
drukke	drœkə	train
drukker	drœkər	test
drukkers	drœkərs	train
drukkery	drœkərəi	test
drukkie	drœki	train
drukking	drœkəŋ	train
drukpers	drœkpɛrs	train
druktyd	drœktəit	train
drukwerk	drœkvɛrk	train
drummer	dramər	train
drumpel	drœmpəl	train
drup	drœp	train
druppel	drœpəl	train
druppels	drœpəls	train
dryf	drəif	test
dryfbewegings	drəifbəviəχəŋs	train
dryfhou	drəifɦœu	train
dryfkrag	drəifkraχ	test
dryfspel	drəifspɛl	train
dryfveer	drəiffiər	train
dryfvere	drəiffiərə	train
drywende	drəivəndə	train
drywer	drəivər	test
drywing	drəivəŋ	train
drywingsgradering	drəivəŋsχradiərəŋ	train
dubbel	dœbəl	train
dubbelbed	dœbəlbɛt	train
dubbele	dœbələ	train
dubbelfout	dœbəlfœut	train
dubbelkajuit	dœbəlkajœyt	train
dubbelkonkaaf	dœbəlkɔŋkɑːf	train
dubbelkonveks	dœbəlkɔnvɛks	train
dubbelpunt	dœbəlpœnt	train
dubbelsinnige	dœbəlsənəχə	train
dubbelsinnigheid	dœbəlsənəχɦəit	train
dubbelspel	dœbəlspɛl	train
dubbelverdiepinghuis	dœbəlfərdipəŋɦœys	test
duffy	dafi	train
dui	dœy	train
duidelik	dœydələk	test
duidelike	dœydələkə	test
duideliker	dœydələkər	train
duidelikheid	dœydələkɦəit	train
duidelikste	dœydələkstə	train
duie	dœyə	train
duif	dœyf	test
duifeier	dœyfəir	train
duifie	dœyfi	test
duifies	dœyfis	train
duik	dœyk	train
duikbomwerpers	dœykbɔmvɛrpərs	train
duiker	dœykər	train
duikers	dœykərs	train
duikpak	dœykpak	train
duikslae	dœykslɑːə	train
duikslag	dœykslaχ	train
duim	dœym	train
duime	dœymə	train
duin	dœyn	train
duine	dœynə	train
duiselig	dœysələχ	train
duiseligheid	dœysələχɦəit	train
duisend	dœysənt	train
duisende	dœysəndə	train
duisendjarige	dœysəntjɑːrəχə	train
duister	dœystər	train
duistere	dœystərə	train
duisternis	dœystərnəs	train
duits	dœyts	test
duitse	dœytsə	train
duitsers	dœytsərs	train
duitsland	dœytslant	train
duitswes	dœytsvɛs	train
duiwe	dœyvə	train
duiwel	dœyvəl	train
duiwels	dœyvəls	train
duiwelsklap	dœyvəlsklap	train
duiwelskloof	dœyvəlskluəf	train
duiweltjies	dœyvəlkis	train
duiwemelk	dœyvəmɛlk	train
duld	dœlt	train
dun	dœn	train
dunbevolk	dœnbəfɔlk	train
dunderm	dœndɛrəm	train
dunne	dœnə	train
dunner	dœnər	train
duplekse	duplɛksə	train
duplikaat	duplikɑːt	train
duplikaatsleutels	duplikɑːtsløːtəls	train
dupliseer	duplisiər	train
durban	dœrban	test
durf	dœrf	train
dus	dœs	train
duskant	dœskant	test
dusver	dœsfɛr	test
dwaal	dwɑːl	train
dwaalleer	dwɑːlliər	train
dwaas	dwɑːs	train
dwaasheid	dwɑːsɦəit	test
dwaling	dwɑːləŋ	test
dwang	dwaŋ	train
dwangarbeid	dwaŋarbəit	train
dwars	dwars	train
dwarsbalkies	dwarsbalkis	train
dwarsboom	dwarsbuəm	train
dwarsdeur	dwarsdøːr	train
dwarsklap	dwarsklap	train
dwarslat	dwarslat	train
dwarsoor	dwarsuər	train
dwase	dwɑːsə	train
dwelm	dwɛlm	train
dwelmgebruik	dwɛlmχəbrœyk	train
dwelmhandel	dwɛlmɦandəl	test
dwelmhandelaar	dwɛlmɦandəlɑːr	train
dwelmmiddel	dwɛlmmədəl	train
dwelmmiddels	dwɛlmmədəls	train
dwelmmisbruik	dwɛlmməsbrœyk	train
dwelmprobleem	dwɛləmprubliəm	train
dwelms	dwɛlms	test
dwelmsmokkelary	dwɛlmsmɔkəlarəi	train
dwelmverskaffing	dwɛlmfərskafəŋ	test
dwelmverslaafde	dwɛlmfərslɑːfdə	train
dwelmverslaafdes	dwɛləmfərslɑːfdəs	train
dwelmverwant	dwɛləmfərvant	train
dwelmverwante	dwɛləmfərvantə	train
dwerg	dwɛrχ	train
dwing	dwəŋ	train
dwingeland	dwəŋəlant	train
dwingende	dwəŋəndə	test
dy	dəi	train
dyk	dəik	train
dyke	dəikə	train
dylan	dələn	train
dyspier	dəispir	train
dè	dɛ	train
eb	ɛp	test
ede	iədə	train
edel	iədəl	train
edele	iədələ	train
edelmetaal	iədəlmətɑːl	train
edelmetale	iədəlmətɑːlə	train
edelstene	iədəlstiənə	train
edenville	iədənvəl	train
edik	iədək	train
editeur	ɛditøːr	train
eed	iət	train
een	iən	train
eendaagse	iəndɑːχsə	train
eendag	iəndaχ	train
eendagkrieket	iəndaχkrikət	train
eendagspan	iəndaχspan	test
eendagwedstryd	iəndaχvɛtstrəit	train
eende	iəndə	train
eenderse	iəndərsə	train
eendeweer	iəndəviər	train
eendimensionele	iəndimɛnʃiuniələ	train
eengalig	iənχɑːləχ	train
eenhede	iənɦiədə	test
eenheid	iənɦəit	train
eenheidsbesef	iənɦəitsbəsɛf	train
eenheidsbeweging	iənɦəitsbəviəχəŋ	train
eenheidsgevoel	iənɦəitsχəful	train
eenheidskoste	iənɦəitskɔstə	train
eenheidstaat	iənɦəitstɑːt	train
eenige	iənəχə	train
eenkant	iənkant	train
eenkeer	iənkiər	train
eenmaal	iənmɑːl	test
eenmalig	iənmɑːləχ	train
eenmalige	iənmɑːləχə	train
eenmansaak	iənmansɑːk	train
eenparig	iənpɑːrəχ	train
eenparige	iənpɑːrəχə	train
eenparigheid	iənpɑːrəχɦəit	train
eenpartystaat	iənpartəistɑːt	train
eenrigting	iənrəχtəŋ	train
eens	iəns	train
eensaam	iənsɑːm	train
eensaamheid	iənsɑːmɦəit	test
eensame	iənsɑːmə	train
eensgesindheid	iənsχəsəntɦəit	train
eensklaps	iənsklaps	test
eensoortige	iənsuərtəχə	train
eenstemmig	iənstɛməχ	train
eenstemmigheid	iənstɛməχɦəit	train
eensydig	iənsəidəχ	train
eensydige	iənsəidəχə	train
eentalige	iəntɑːləχə	test
eentjie	iəŋki	train
eentonig	iəntuənəχ	train
eentonige	iəntuənəχə	train
eenvormig	iənfɔrməχ	train
eenvormige	iənfɔrəməχə	test
eenvormigheid	iənfɔrməχɦəit	train
eenvoud	iənfœut	train
eenvoudig	iənfœudəχ	train
eenvoudige	iənfœudəχə	train
eenvoudiger	iənfœudəχər	test
eenvoudigste	iənfœudəχstə	train
eenwording	iənvɔrdəŋ	train
eer	iər	train
eerbare	iərbɑːrə	train
eerbetoon	iərbətuən	train
eerbewys	iərbəvəis	test
eerbewyse	iərbəvəisə	train
eerbied	iərbit	train
eerbiedig	iərbidəχ	train
eerder	iərdər	train
eergister	iərχəstər	train
eergisteraand	iərχəstərɑːnt	train
eergistermiddag	iərχəstərmədaχ	train
eergisternag	iərχəstərnaχ	train
eergisteroggend	iərχəstərɔχənt	train
eerlik	iərlək	train
eerlike	iərləkə	train
eerlikheid	iərləkɦəit	train
eers	iərs	train
eersdaags	iərsdɑːχs	train
eersgenoemde	iərsχənumdə	train
eerskomende	iərskuəməndə	train
eerste	iərstə	train
eerstebeurt	iərstəbøːrt	train
eerstehands	iərstəɦants	train
eerstehandse	iərstəɦantsə	train
eerstejaar	iərstəjɑːr	test
eerstejaars	iərstəjɑːrs	train
eerstejaarstudent	iərstəjɑːrstydɛnt	train
eersteliga	iərstəliχa	train
eersteling	iərstələŋ	train
eerstens	iərstəns	train
eersterangse	iərstəraŋsə	train
eerstes	iərstəs	train
eerstevlakmodules	iərstəflakmɔdyləs	train
eersug	iərsœχ	train
eertydse	iərtəitsə	train
eerwaarde	iərvɑːrdə	train
eerware	iərvɑːrə	train
eet	iət	train
eetbaar	iətbɑːr	train
eetbare	iətbɑːrə	test
eetgoed	iətχut	train
eetkamer	iətkɑːmər	train
eetkamertafel	iətkɑːmərtɑːfəl	train
eetlepel	iətliəpəl	train
eetlepels	iətliəpəls	train
eetlus	iətlœs	train
eetplek	iətplɛk	test
eetplekke	iətplɛkə	train
eetsaal	iətsɑːl	test
eetstaking	iətstɑːkəŋ	train
eettafel	iəttɑːfəl	test
effe	ɛfə	train
effek	ifɛk	test
effekkurwes	ifɛkkœrvəs	train
effekte	ifɛktə	test
effektebeurs	ifɛktəbøːrs	train
effektemark	ifɛktəmark	train
effektemarkte	ifɛktəmarktə	test
effektetrust	ifɛktətrœst	train
effektetrusts	ifɛktətrœsts	test
effektief	ɛfɛktif	train
effektiefste	ɛfɛktifstə	train
effektiewe	ɛfɛktivə	train
effektiewer	ɛfɛktivər	train
effens	ɛfəns	train
effense	ɛfənsə	train
effentjies	ifɛŋkis	train
effentjiese	ɛfənkisə	train
eg	ɛχ	test
egalig	iχɑːləχ	train
eggenoot	ɛχənuət	train
eggenote	ɛχənuətə	train
eggo	ɛχu	train
egipte	iχəptə	train
egiptiese	iχəptisə	train
ego	iəχu	train
egpaar	ɛχpɑːr	train
egskeiding	ɛχskəidəŋ	train
egte	ɛχtə	train
egtelike	ɛχtələkə	test
egter	ɛχtər	train
egtheid	ɛχtɦəit	train
ei	əi	train
eie	əiə	train
eiebelang	əiəbəlaŋ	train
eiegemaakte	əiəχəmɑːktə	train
eiehandige	əiəɦandəχə	train
eiemagtig	əiəmaχtəχ	test
eien	əiən	train
eienaam	əiənɑːm	train
eienaar	əiənɑːr	test
eienaardig	əiənɑːrdəχ	train
eienaardige	əiənɑːrdəχə	train
eienaars	əiənɑːrs	train
eienaarskap	əiənɑːrskap	train
eiename	əiənɑːmə	train
eienares	əiənarɛs	train
eiendom	əiəndɔm	train
eiendomme	əiəndɔmə	train
eiendoms	əiəndɔms	train
eiendomsagent	əiəndɔmsaχɛnt	train
eiendomsagente	əiəndɔmsaχɛntə	test
eiendomsbedryf	əiəndɔmsbədrəif	train
eiendomsbelasting	əiəndɔmsbəlastəŋ	train
eiendomsmaatskappy	əiəndɔmsmɑːtskapəi	train
eiendomsmark	əiəndɔmsmark	train
eiendomsontwikkelaars	əiəndɔmsɔntvəkəlɑːrs	train
eiendomspryse	əiəndɔmsprəisə	train
eiendomsreg	əiəndɔmsrɛχ	train
eiendomsregte	əiəndɔmsrɛχtə	test
eiendomstrust	əiəndɔmstrœst	train
eiendomstrusts	əiəndɔmstrœsts	train
eiendomsverkryging	əiəndɔmsfərkrəiχəŋ	test
eienskap	əiənskap	train
eienskappe	əiənskapə	train
eier	əiər	train
eiergeel	əiərχiəl	train
eiergeelmengsel	əiərχiəlmɛŋsəl	train
eiergele	əiərχiələ	train
eiers	əiərs	train
eiersel	əiərsɛl	train
eierselle	əiərsɛlə	train
eiertjie	əiərki	train
eierwitte	əiərvətə	test
eiesoortig	əiəsuərtəχ	train
eiesoortige	əiəsuərtəχə	train
eiesoortigheid	əiəsuərtəχɦəit	train
eietydse	əiətəitsə	train
eike	əikə	train
eikeboom	əikəbuəm	train
eikehout	əikəɦœut	train
eikel	əikəl	train
eiland	əilant	test
eilande	əilandə	train
eilander	əilandər	test
eina	əina	train
eindbestemming	əintbəstɛməŋ	train
einddoel	əintdul	train
einde	əində	train
eindeksamen	əintɛksɑːmən	train
eindelik	əindələk	train
eindeloosheid	əindəluəsɦəit	train
eindelose	əindəluəsə	train
eindfluitjie	əintflœyki	train
eindig	əindəχ	train
eindige	əindəχə	train
eindloop	əintluəp	test
eindpoging	əintpuəχəŋ	test
eindproduk	əintprudœk	train
eindpunt	əintpœnt	test
eindpunte	əintpœntə	train
eindronde	əintrɔntə	train
eindstreep	əintstriəp	train
eindstryd	əintstrəit	train
eindstryde	əintstrəidə	train
eindtelling	əinttɛləŋ	train
eindvoorraad	əintfuərɑːt	test
eindwedstryd	əintvɛtstrəit	train
einste	əinstə	test
einstein	ainstain	train
eintlik	əintlək	train
eintlike	əintləkə	train
eis	əis	train
eise	əisə	train
eiser	əisər	test
eisers	əisərs	test
eisteddfod	aistɛtfət	train
ek	ɛk	test
eklektiese	iklɛktisə	train
ekologie	ɛkuluχi	test
ekologies	ɛkuluəχis	train
ekologiese	ɛkuluəχisə	train
ekonome	ɛkunuəmə	train
ekonomie	ɛkunumi	train
ekonomies	ɛkunuəmis	train
ekonomiese	ɛkunuəmisə	train
ekonomieë	ɛkunumiə	train
ekonoom	ɛkunuəm	train
ekosisteem	iəkusəstiəm	train
ekosisteme	iəkusəstiəmə	train
ekosistemiese	iəkusəstiəmisə	test
ekostelsels	iəkustɛlsəls	test
ekotoerisme	iəkuturəsmə	train
eks	ɛks	test
eksagreep	ɛksaχriəp	test
eksamen	ɛksɑːmən	train
eksamendoeleindes	ɛksɑːmənduləindəs	test
eksamengeleenthede	ɛksɑːmənχəliəntɦiədə	train
eksamengeleentheid	ɛksɑːmənχəliəntɦəit	train
eksamenpunte	ɛksɑːmənpœntə	train
eksamenraad	ɛksɑːmənrɑːt	train
eksamenrooster	ɛksɑːmənruəstər	train
eksamens	ɛksɑːməns	train
eksamensubminimum	ɛksɑːmənsœbminimœm	train
eksamenvoorbereiding	ɛksɑːmənfuərbərəidəŋ	train
eksamenvraestelle	ɛksɑːmənfrɑːəstɛlə	train
eksaminator	ɛksaminɑːtɔr	train
eksaminatore	ɛksaminaturə	train
eksaminerende	ɛksaminiərəndə	train
eksegeet	ɛksəχiət	train
eksegetiese	ɛksəχiətisə	train
eksekuteur	ɛksɛkytøːr	test
eksekuteurskamer	ɛksɛkytøːrskɑːmər	train
ekself	ɛksɛlf	test
eksemplaar	ɛksəmplɑːr	train
eksemplare	ɛksəmplɑːrə	train
eksentrieke	ɛksɛntrikə	train
eksepsie	ɛksɛpsi	train
eksklusief	ɛksklœsif	train
eksklusiewe	ɛksklœsivə	train
ekskresie	ɛkskriəsi	train
eksogene	ɛksuχiənə	train
eksotiese	ɛksuətisə	train
ekspedisie	ɛkspədisi	train
eksperiment	ɛkspɛrimɛnt	train
eksperimente	ɛkspɛrimɛntə	train
eksperimenteer	ɛkspɛrimɛntiər	train
eksperimentele	ɛkspɛrimɛntiələ	test
eksperimentering	ɛkspɛrimɛntiərəŋ	train
eksplisiet	ɛkspləsit	train
eksploiteer	ɛksplɔitiər	train
eksplorasie	ɛksplurɑːsi	train
eksploreer	ɛkspluriər	train
ekspo	ɛkspu	train
eksponent	ɛkspunɛnt	test
eksponente	ɛkspunɛntə	train
ekstase	ɛkstɑːsə	train
ekstatiese	ɛkstɑːtisə	train
eksteen	ɛkstiən	train
ekstensie	ɛkstɛnsi	train
ekstensiewe	ɛkstɛnsivə	train
eksterne	ɛkstɛrnə	train
ekstra	ɛkstra	train
ekstraksie	ɛkstraksi	train
ekstrakte	ɛkstraktə	train
ekstras	ɛkstras	train
ekstreme	ɛkstriəmə	train
ekstremiste	ɛkstrəməstə	train
ekstremistiese	ɛkstrəməstisə	train
ektopiese	ɛktupisə	train
ekwatoriaal	ɛkwatɔriɑːl	train
ekwiteit	ɛkwitəit	train
ekwivalensie	ɛkwəvalɛnsi	train
ekwivalent	ɛkwəvalɛnt	train
ekwivalente	ɛkwəvalɛntə	train
el	ɛl	train
eland	iəlant	train
elande	iəlandə	train
elandsbaai	iəlantsbɑːi	train
elastisiteit	ilastisitəit	train
elders	ɛldərs	train
elegansie	ɛləχansi	train
elegant	ɛləχant	train
elegante	ɛləχantə	train
eleksie	ilɛksi	train
elektra	ilɛktra	train
elektries	ilɛktris	train
elektriesaangedrewe	ilɛktrisɑːnχədriəvə	train
elektriese	ilɛktrisə	test
elektrifisering	ilɛktrifisiərəŋ	train
elektrisiteit	ilɛktrisitəit	train
elektrisiteitstoevoer	ilɛktrisitəitstufur	train
elektrisiteitsvoorsiening	ilɛktrisitəitsfuərsinəŋ	train
elektro	ilɛktru	train
elektrode	ilɛktruədə	train
elektrofiele	ilɛktrufilə	train
elektroliete	ilɛktrulitə	train
elektromagnetiese	ilɛktrumaχniətisə	test
elektron	ilɛktrɔn	train
elektronies	ilɛktruənis	train
elektroniese	ilɛktruənisə	train
elektronika	ilɛktruənika	train
elektronkonfigurasie	ilɛktrɔnkɔnfiχyrɑːsi	train
elektronkonfigurasies	ilɛktrɔnkɔnfiχyrɑːsis	train
elektrostatiese	ilɛktrustɑːtisə	train
element	ɛləmɛnt	train
elemente	ɛləmɛntə	train
elf	ɛlf	train
elfde	ɛlfdə	train
elfjarige	ɛlfjɑːrəχə	train
elftal	ɛlftal	train
elia	iəlia	train
elimineer	iləminiər	train
elite	ilit	train
elize	iliz	train
elk	ɛlk	train
elkanders	ɛlkandərs	train
elke	ɛlkə	train
elkeen	ɛlkiən	train
elle	ɛlə	train
ellelange	ɛləlaŋə	train
ellende	ilɛndə	train
ellendeling	ilɛndələŋ	train
ellendes	ilɛndəs	train
ellendige	ilɛndəχə	train
ellips	ɛləps	train
elliptiese	ɛləptisə	train
ellisras	ɛləsras	train
elmboog	ɛlmbuəχ	train
elmboë	ɛlmbuə	train
els	ɛls	train
emansipasie	iəmansipɑːsi	train
embleem	ɛmbliəm	train
embleme	ɛmbliəmə	train
embolie	ɛmbuli	train
embrio	ɛmbriu	test
embrioniese	ɛmbriunisə	train
emeritaat	ɛməritɑːt	train
emfiseem	ɛmfəsiəm	train
emigrante	ɛməχrantə	train
emigrasie	ɛməχrɑːsi	train
emigreer	ɛməχriər	train
emirate	ɛmərɑːtə	train
emmer	ɛmər	train
emosie	ɛmuəsi	train
emosies	ɛmuəsis	train
emosioneel	ɛmuʃiuniəl	train
emosionele	ɛmuʃiuniələ	train
empaaier	ɛmpɑːiər	train
empangeni	ɛmpaŋχɛni	train
empatie	ɛmpati	train
empiries	ɛmpiris	train
emulsies	imœlsis	train
en	ɛn	train
end	ɛnt	train
endemiese	ɛndiəmisə	train
endokriene	ɛndukrinə	train
endometrium	ɛndumitriœm	train
endoorwinning	ɛntuərvənəŋ	train
enduit	ɛntœyt	train
ene	iənə	test
energie	ɛnərχi	train
energiebehoeftes	ɛnərχibəɦuftəs	train
energiebron	ɛnərχibrɔn	train
energiebronne	ɛnərχibrɔnə	train
energieke	ɛnərχikə	train
energiesake	ɛnərχisɑːkə	train
energieverbruik	ɛnərχifərbrœyk	train
energievloei	ɛnərχiflui	train
eners	iənərs	train
enersyds	iənərsəits	test
enetjie	iəniki	train
eng	ɛŋ	train
engel	ɛŋəl	train
engela	ɛŋəla	train
engeland	ɛŋəlant	test
engelbrecht	ɛŋəlbrɛχt	train
engele	ɛŋələ	test
engels	ɛŋəls	train
engelse	ɛŋəlsə	train
engelsman	ɛŋəlsman	train
engelssprekend	ɛŋəlsspriəkənt	train
engelssprekende	ɛŋəlsspriəkəndə	train
engelssprekendes	ɛŋəlsspriəkəndəs	train
engeltjie	ɛŋəlki	train
engeltjies	ɛŋəlkis	train
enger	ɛŋər	train
enig	iənəχ	train
enige	iənəχə	test
enigeen	iənəχiən	train
eniger	iənəχər	train
eniggebore	iənəχəbuərə	train
enigiemand	iənəχimant	train
enigiets	iənəχits	train
enigmatiese	iənəχmɑːtisə	train
enigsins	iənəχsəns	train
enigste	iənəχstə	test
enigstes	iənəχstəs	test
enjin	ɛnjən	train
enjinkap	ɛnjənkap	train
enjins	ɛnjəns	train
enjinsnelhede	ɛnjənsnɛlɦiədə	train
enkel	ɛŋkəl	train
enkelbesering	ɛŋkəlbəsiərəŋ	train
enkele	ɛŋkələ	train
enkeles	ɛŋkələs	train
enkelgraf	ɛŋkəlχraf	train
enkeling	ɛŋkələŋ	train
enkelinge	ɛŋkələŋə	train
enkellaag	ɛŋkəllɑːχ	train
enkellopie	ɛŋkəlluəpi	train
enkelouer	ɛŋkəlœuər	train
enkels	ɛŋkəls	train
enkelspel	ɛŋkəlspɛl	test
enkelspelle	ɛŋkəlspɛlə	train
enkelvoud	ɛŋkəlfœut	train
enkelvoudige	ɛŋkəlfœudəχə	train
enorm	ɛnɔrəm	train
enorme	ɛnɔrmə	train
ensembles	ansɑːmbəls	train
ensiem	ɛnsim	train
ensieme	ɛnsimə	train
ensiklopedie	ɛnsikluəpədi	train
ensiklopedieë	ɛnsikluəpədiə	train
ensovoorts	ɛnsufuərts	train
ent	ɛnt	train
ente	ɛntə	train
entiteit	ɛntitəit	train
entiteite	ɛntitəitə	train
entjie	ɛŋki	train
entoesiasme	ɛntuʃiasmə	train
entoesiasties	ɛntuʃiastis	train
entoesiastiese	ɛntuʃiastisə	test
entrepreneur	antrəprənøːr	train
entrepreneurs	antrəprənøːrs	train
entrepreneursaktiwiteite	antrəprənøːrsaktivitəitə	train
entrepreneurskap	antrəprənøːrskap	test
entstof	ɛntstɔf	train
entstowwe	ɛntstɔvə	test
eon	iɔn	train
epidemie	ɛpidiəmi	train
epidemies	ɛpidiəmis	train
epidemiologie	ɛpidiəmiuluχi	train
epidemiologiese	ɛpidiəmiuluəχisə	train
epidermis	ɛpidɛrməs	test
epiese	iəpisə	train
epilepsie	ɛpəlɛpsi	train
epileptiese	ɛpəlɛptisə	train
episiotomie	ɛpisiɔtumi	train
episode	ɛpisuədə	train
episodes	ɛpisuədəs	train
epiteel	ɛpitiəl	test
epiteelweefsel	ɛpitiəlviəfsəl	train
epos	iəpɔs	test
era	iəra	train
eras	iəras	test
erasmus	iərasmœs	train
ere	iərə	test
ereburgerskap	iərəbœrχərskap	train
erediens	iərədins	train
eredienste	iərədinstə	train
eredoktorsgraad	iərədɔktərsχrɑːt	test
eregas	iərəχas	train
eregraad	iərəχrɑːt	train
erekleure	iərəkløːrə	train
erepenning	iərəpɛnəŋ	test
ereplek	iərəplɛk	test
eretitels	iərətitəls	train
erewag	iərəvaχ	train
erf	ɛrf	test
erfbelasting	ɛrfbəlastəŋ	train
erfdeel	ɛrfdiəl	test
erfenis	ɛrfənəs	train
erfgenaam	ɛrfχənɑːm	train
erfgename	ɛrfχənɑːmə	train
erfgoed	ɛrfχut	train
erflater	ɛrflɑːtər	test
erflating	ɛrflɑːtəŋ	train
erfopvolging	ɛrfɔpfɔlχəŋ	train
erfporsie	ɛrfpɔrsi	test
erg	ɛrχ	train
erge	ɛrχə	train
ergens	ɛrχəns	train
erger	ɛrχər	train
ergerlik	ɛrχərlək	train
ergernis	ɛrχərnəs	train
ergogeniese	ɛrχuχiənisə	train
ergonomie	ɛrχunumi	train
ergste	ɛrχstə	train
erika	iərika	train
erken	ɛrkɛn	train
erkende	ɛrkɛndə	train
erkenning	ɛrkɛnəŋ	test
erkennings	ɛrkɛnəŋs	train
erkentenis	ɛrkɛntənəs	train
erns	ɛrns	train
ernstig	ɛrənstəχ	train
ernstige	ɛrənstəχə	train
ernstiger	ɛrənstəχər	train
ernstigste	ɛrənstəχstə	train
erosie	iruəsi	train
erotiek	iərutik	train
erotiese	iəruətisə	train
erte	ɛrtə	train
ertjies	ɛrkis	train
erts	ɛrts	test
ertsreserwes	ɛrtsrəzɛrvəs	train
ervaar	ɛrfɑːr	test
ervare	ɛrfɑːrə	train
ervaring	ɛrfɑːrəŋ	train
ervarings	ɛrfɑːrəŋs	train
ervaringsleervermoë	ɛrfɑːrəŋsliərfərmuə	train
erwe	ɛrvə	train
es	ɛs	train
esau	iəsœu	train
esel	iəsəl	train
eskader	ɛskɑːdər	train
eskadrons	ɛskadrɔns	train
eskapades	ɛskapɑːdəs	train
eskatologiese	ɛskatuluəχisə	train
esoteriese	isutiərisə	train
essay	ɛsəi	train
esse	ɛsə	train
essensie	isɛnsi	train
essensiële	isɛnʃiiələ	train
esteties	ɛstiətis	train
estetiese	ɛstiətisə	train
esther	ɛstər	train
estrogeen	ɛstruχiən	train
estrogene	ɛstruχiənə	train
et	ɛt	train
etanol	iətanɔl	train
ete	iətə	test
etensbreuk	iətənsbrøːk	train
etenstyd	iətənstəit	test
eter	iətər	train
eters	iətərs	train
etes	iətəs	train
etiek	iətik	train
eties	iətis	train
etiese	iətisə	train
etiket	ɛtikɛt	train
etiketstel	ɛtikɛtstɛl	train
etikette	ɛtikɛtə	train
etiketteerder	ɛtikɛtiərdər	train
etiketteerders	ɛtikɛtiərdərs	train
etiologie	ɛtiuluχi	test
etlike	ɛtləkə	train
etniese	ɛtnisə	train
etnisiteit	ɛtnisitəit	train
etos	iətɔs	train
ets	ɛts	train
etse	ɛtsə	train
etude	ɛtydə	train
euforie	øːfuəri	train
eukariote	øːkariutə	train
eukariotiese	øːkariuətisə	train
eureka	yriəka	test
euro	øːru	test
europa	øːrupa	train
europese	øːrupiəsə	train
eurosentriese	øːrusɛntrisə	train
eutanasie	øːtanɑːsi	train
euwel	øːvəl	train
euwels	øːvəls	train
eva	iəfa	train
evaluasie	ivalyɑːsi	train
evalueer	ivalyiər	train
evaluering	ivalyiərəŋ	train
evaluerings	ivalyiərəŋs	train
evalueringsgeleentheid	ivalyiərəŋsχəliəntɦəit	train
evalueringsvorm	ivalyiərəŋsfɔrəm	train
evangelie	iəfanχiəli	train
evangelies	iəfanχiəlis	train
evangeliese	iəfanχiəlisə	train
evangelis	iəfanχələs	test
evangelisering	iəfanχiəlisiərəŋ	train
eventueel	ivɛntʃyiəl	train
ewe	iəvə	train
ewekansig	iəvəkansəχ	train
eweknie	iəvəkni	test
eweknieë	iəvəkniə	train
ewenaar	iəvənɑːr	train
ewenagslyn	iəvənaχsləin	train
eweneens	iəvəniəns	train
ewenwel	iəvənvɛl	train
eweredig	iəvəriədəχ	train
eweredige	iəvəriədəχə	train
eweredigheid	iəvəriədəχɦəit	train
eweseer	iəvəsiər	train
ewewig	iəvəvəχ	train
ewewigskonstante	iəvəvəχskɔnstantə	train
ewewigsprys	iəvəvəχsprəis	train
ewewigtige	iəvəvəχtəχə	train
ewewydig	iəvəvəidəχ	train
ewig	iəvəχ	train
ewigdurend	iəvəχdyrənt	train
ewigdurende	iəvəχdyrəndə	train
ewige	iəvəχə	train
ewigheid	iəvəχɦəit	train
ex	ɛks	train
extravaganza	ɛkstravaχanza	train
faal	fɑːl	train
fabel	fɑːbəl	train
fabelagtige	fɑːbəlaχtəχə	train
fabriek	fabrik	train
fabrieke	fabrikə	train
fabrieksland	fabrikslant	train
fabriekstede	fabrikstiədə	train
fabrikaat	fabrikɑːt	train
facie	fɑːsi	train
facta	fakta	train
facto	faktu	train
fagot	faχɔt	train
fakkel	fakəl	train
faks	faks	test
fakse	faksə	train
faksies	faksis	train
faksmasjien	faksmaʃin	train
faksmasjiene	faksmaʃinə	train
faksnommer	faksnɔmər	train
faktor	faktɔr	train
faktore	fakturə	train
fakture	faktyrə	test
fakulteit	fakœltəit	train
fakulteite	fakœltəitə	train
fakulteitsreël	fakœltəitsriəl	test
familie	famili	train
familiebande	familibandə	train
familiegeesdrif	familiχiəsdrəf	train
familiegeskiedenis	familiχəskidənəs	train
familielandgoed	famililantχut	test
familielede	famililiədə	train
familielid	famililət	train
familiereg	familirɛχ	train
families	familis	train
familievriend	familifrint	train
fanatieke	fanatikə	train
fanatiese	fanɑːtisə	test
fanfare	fanfɑːrə	train
fanie	fɑːni	train
fantasie	fantasi	train
fantasties	fantastis	train
fantastiese	fantastisə	train
farao	fɑːruə	train
farhaan	farɦɑːn	train
farmakologie	farmakuluχi	test
farmakologiese	farmakuluəχisə	train
farmaseutiese	farmasøːtisə	train
fase	fɑːsə	test
fasediagramme	fɑːsədiaχramə	train
faseer	fasiər	train
fases	fɑːsəs	train
faset	fasɛt	train
fasette	fasɛtə	test
fasiliteer	fasəlitiər	train
fasiliteerder	fasəlitiərdər	test
fasiliteit	fasəlitəit	train
fasiliteite	fasəlitəitə	train
fassineer	fasiniər	train
fassinerend	fasiniərənt	train
fassinerende	fasiniərəndə	train
fataal	fatɑːl	test
februarie	fiəbryɑːri	train
federale	fɛdərɑːlə	test
federalisme	fɛdəraləsmə	train
federasie	fɛdərɑːsi	train
fee	fiə	test
fees	fiəs	train
feesdae	fiəsdɑːə	train
feesgangers	fiəsχaŋərs	train
feesgevier	fiəsχəfir	test
feesmaal	fiəsmɑːl	train
feesprogram	fiəspruχram	train
feesseisoen	fiəssəisun	train
feeste	fiəstə	train
feestelik	fiəstələk	train
feestelike	fiəstələkə	train
feestelikhede	fiəstələkɦiədə	train
feesterrein	fiəstərəin	train
feestyd	fiəstəit	train
feesvier	fiəsfir	train
feesviering	fiəsfirəŋ	train
feesvieringe	fiəsfirəŋə	train
feesvierings	fiəsfirəŋs	test
feit	fəit	test
feite	fəitə	train
feitekennis	fəitəkɛnəs	train
feitelik	fəitələk	train
feitelikhede	fəitələkɦiədə	train
feitestel	fəitəstɛl	test
feitestelle	fəitəstɛlə	train
feitlik	fəitlək	train
feitlike	fəitləkə	train
fel	fɛl	train
felle	fɛlə	train
felste	fɛlstə	train
feminis	fɛminəs	train
feminisme	fɛminəsmə	train
feministiese	fɛminəstisə	test
femme	fɛm	train
femur	fiəmœr	test
fenomenaal	finuminɑːl	train
fenomenale	finuminɑːlə	train
feodale	fiudɑːlə	train
ferm	fɛrm	train
festoene	fɛstunə	train
feta	fɛta	train
fetus	fiətœs	train
fetusse	fiətœsə	train
fiasko	fiasku	train
fideikommies	fidəikumis	train
fides	fidəs	train
fidget	fidʒət	train
fieterjasies	fitərjɑːsis	train
fiets	fits	train
fietse	fitsə	train
fietsry	fitsrəi	test
fietsryer	fitsrəiər	train
fietsryers	fitsrəiərs	train
fietstoer	fitstur	test
fietswedren	fitsvɛtrɛn	train
figuratiewe	fiχyrativə	train
figure	fəχyrə	train
figureer	fəχyriər	test
fiks	fəks	train
fiksheid	fəksɦəit	train
fiksie	fəksi	test
fiktiewe	fəktivə	train
filamente	filamɛntə	train
filharmoniese	fəlɦarmunisə	train
filiaal	fəliɑːl	train
filiale	fəliɑːlə	train
filippynse	fələpəinsə	train
film	fəlm	train
filmgenre	fələmʒɑːnrə	test
films	fəlms	train
filosofie	filusufi	test
filosofies	filusufis	train
filosofiese	filusuəfisə	train
filosofieë	filusufiə	test
filosoof	filusuəf	train
filosowe	filusuvə	train
filter	fəltər	train
filters	fəltərs	test
filtrasie	fəltrɑːsi	train
filtreer	fəltriər	test
finaal	finɑːl	train
finale	finɑːlə	test
finalis	finaləs	train
finaliseer	finalisiər	train
finaliste	finaləstə	test
finansieel	finansiiəl	train
finansier	finansir	train
finansierders	finansirdərs	train
finansiering	finansirəŋ	train
finansieringskoste	finansirəŋskɔstə	train
finansies	finansis	train
finansiële	finansiiələ	train
firma	fərma	train
firmas	fərmas	train
fisiek	fəsik	train
fisieke	fəsikə	train
fisies	fisis	test
fisiese	fisisə	train
fisika	fisika	train
fisikus	fisikœs	test
fisiologie	fiʃiuluχi	train
fisiologiese	fiʃiuluəχisə	train
fisioterapeute	fiʃiutɛrapøːtə	train
fiskale	fiskɑːlə	train
fladder	fladər	train
fladderende	fladərəndə	train
flagrante	flaχrantə	train
flambojante	flambujantə	train
flank	flaŋk	train
flanke	flaŋkə	train
flankeer	flaŋkiər	train
flarde	flardə	train
flaters	flɑːtərs	train
fleksie	flɛksi	train
flenters	flɛntərs	train
fles	flɛs	train
flesse	flɛsə	train
fleur	fløːr	train
fliek	flik	train
fliekgangers	flikχaŋərs	train
flieks	fliks	train
flikker	fləkər	train
flikkerende	fləkərəndə	train
flink	fləŋk	train
flint	flənt	train
flits	fləts	train
flitsende	flətsəndə	train
flitskaarte	flətskɑːrtə	train
flora	flɔra	train
floreer	fluriər	train
florida	flɔrida	test
flou	flœu	train
floue	flœuə	test
flous	flœus	train
floëem	fluiəm	train
fluister	flœystər	train
fluit	flœyt	train
fluitjie	flœyki	train
fluitspeler	flœytspiələr	train
fluks	flœks	train
fnuik	fnœyk	train
foei	fui	test
foelie	fuli	train
fok	fɔk	train
fokalisasie	fukalisɑːsi	train
fokalisator	fukalisɑːtɔr	train
fokus	fuəkœs	train
fokusgroepe	fuəkœsχrupə	train
fokuspunt	fuəkœspœnt	train
fokuspunte	fuəkœspœntə	train
folio	fuəliu	train
folk	fɔlk	train
folterende	fɔltərəndə	train
foltering	fɔltərəŋ	train
fondament	fɔndamɛnt	train
fondamente	fɔndamɛntə	train
fonds	fɔnts	train
fondse	fɔntsə	test
fonetiese	funiətisə	train
font	fɔnt	train
fontein	fɔntəin	train
foon	fuən	train
fordsburg	fɔrtsbœrχ	train
forel	furɛl	train
forensiese	furɛnsisə	train
formaat	fɔrmɑːt	train
formalisme	fɔrmaləsmə	train
formaliteite	fɔrmalitəitə	train
formasie	fɔrmɑːsi	train
formasies	fɔrmɑːsis	train
formateer	fɔrmatiər	train
formatering	fɔrmatiərəŋ	train
formatief	fɔrmatif	train
formeel	fɔrmiəl	train
formele	fɔrmiələ	train
formidabele	fɔrmidɑːbələ	train
formule	fɔrmylə	train
formuleer	fɔrmyliər	test
formulering	fɔrmyliərəŋ	train
formulerings	fɔrmyliərəŋs	train
forseer	fɔrsiər	train
forsering	fɔrsiərəŋ	train
fort	fɔrt	train
forte	fɔrtəi	test
fortuin	fɔrtœyn	train
forum	fuərœm	train
forums	fuərœms	train
fosfaat	fɔsfɑːt	train
fosfaatkunsmis	fɔsfɑːtkœnsməs	train
fosfaatprobleem	fɔsfɑːtprubliəm	train
fosfor	fɔsfɔr	train
fossiel	fɔsil	test
foto	fuətu	train
foto's	fuətus	train
fotograaf	fuətuχrɑːf	train
fotografie	fuətuχrafi	train
fotografiese	fuətuχrɑːfisə	train
fotograwe	fuətuχrɑːvə	train
foton	fuətɔn	train
fotone	fuətunə	train
fotosessie	fuətusɛsi	train
fotosintetiese	fuətusəntiətisə	test
fotostate	fuətustɑːtə	test
fourie	furi	train
fouries	furis	train
fout	fœut	train
foutbal	fœutbal	train
foutballe	fœutbalə	train
foute	fœutə	train
fouteer	fœutiər	train
foutief	fœutif	train
foutiewe	fœutivə	train
foutjie	fœuki	train
foutloos	fœutluəs	train
fraai	frɑːi	train
fragment	fraχmɛnt	train
fragmentasie	fraχmɛntɑːsi	train
fragmente	fraχmɛntə	test
fragmentering	fraχmɛntiərəŋ	train
fraksie	fraksi	train
frakture	fraktyrə	train
franchise	frɛnʃɑːis	train
francisbaai	frɑːnsəsbɑːi	train
frank	fraŋk	test
frankfort	fraŋkfɔrt	train
frankfurtse	fraŋkfurtsə	train
frankryk	fraŋkrəik	train
frans	frɑːns	train
franschhoek	frɑːnʃɦuk	train
franse	frɑːnsə	train
fransman	frɑːnsman	train
franssprekende	frɑːnsspriəkəndə	train
frase	frɑːsə	train
fraserburg	frəizərbœrχ	train
frasering	frasiərəŋ	train
fratsongeluk	fratsɔnχəlœk	train
fregatte	frəχatə	train
frekwensie	frikwɛnsi	train
fremantle	frimɛntəl	train
freud	frɔːit	train
frieda	frida	train
fris	frəs	train
frons	frɔns	train
front	frɔnt	train
frustrasie	frœstrɑːsi	train
frustrasies	frœstrɑːsis	train
frustreer	frœstriər	train
frustrerend	frœstriərənt	test
frustrerende	frœstriərəndə	train
fuik	fœyk	train
fundamentaliste	fœndamɛntaləstə	train
fundamentalistiese	fœndamɛntaləstisə	train
fundamenteel	fœndamɛntiəl	train
fundamentele	fœndamɛntiələ	train
fundering	fœndiərəŋ	test
fundi	fundi	train
funk	faŋk	train
funksie	fœŋksi	train
funksies	fœŋksis	train
funksionalistiese	fœŋkʃiunaləstisə	train
funksionaliteit	fœŋkʃiunalitəit	train
funksioneer	fœŋkʃiuniər	train
funksionele	fœŋkʃiuniələ	train
funksionering	fœŋkʃiuniərəŋ	train
fut	fœt	train
fyn	fəin	train
fynbos	fəinbɔs	test
fynbosspesies	fəinbɔsspiəsis	train
fyne	fəinə	test
fyner	fəinər	train
fyngekap	fəinχəkap	train
fyngekapte	fəinχəkaptə	train
fynkam	fəinkam	train
fynproewer	fəinpruvər	train
fynproewers	fəinpruvərs	train
fynste	fəinstə	train
g'n	χn	train
gaaf	χɑːf	train
gaan	χɑːn	train
gaande	χɑːndə	train
gaandeweg	χɑːndəvɛχ	train
gaap	χɑːp	train
gaar	χɑːr	train
gaas	χɑːs	train
gaatjie	χɑːiki	train
gaatjieslepel	χɑːikisliəpəl	train
gade	χɑːdə	train
gades	χɑːdəs	train
gal	χal	test
gala	χɑːla	train
galakonsert	χɑːlakɔnsɛrt	train
galant	χalant	test
galblaas	χalblɑːs	train
galbroek	χalbruk	train
galery	χalərəi	train
galerye	χalərəiə	train
galg	χalχ	train
galme	χalmə	train
galop	χalɔp	train
gamma	χama	train
gang	χaŋ	train
ganga	χaŋχa	train
gangbaar	χaŋbɑːr	train
gangbare	χaŋbɑːrə	train
gange	χaŋə	train
gangetjie	χaŋiki	train
gans	χans	train
ganse	χansə	train
gapende	χɑːpəndə	train
gaping	χɑːpəŋ	train
gapings	χɑːpəŋs	train
garde	χardə	test
garnale	χarnɑːlə	train
garnering	χarniərəŋ	train
garnisoen	χarnisun	test
gas	χas	train
gasballe	χasbalə	train
gasheer	χasɦiər	train
gasie	χɑːsi	train
gaskoeldrank	χaskuldraŋk	train
gaskunstenaar	χaskœnstənɑːr	train
gaskunstenaars	χaskœnstənɑːrs	train
gasringe	χasrəŋə	test
gasse	χasə	train
gasspreker	χasspriəkər	test
gaste	χastə	train
gastehuis	χastəɦœys	train
gastehuise	χastəɦœysə	train
gastekamer	χastəkɑːmər	train
gastriese	χastrisə	train
gastro	χastru	train
gastroïntestinale	χastruəntɛstinɑːlə	train
gasvrou	χasfrœu	train
gasvry	χasfrəi	test
gasvrye	χasfrəiə	train
gasvryheid	χasfrəiɦəit	train
gasvryheidsbedryf	χasfrəiɦəitsbədrəif	train
gaswisseling	χasvəsələŋ	test
gat	χat	train
gate	χɑːtə	train
gatvol	χatfɔl	test
gauteng	χautɛŋ	test
gautengse	χautɛŋsə	train
gawe	χɑːvə	train
gawes	χɑːvəs	train
gay	χəi	train
gays	χəis	train
ge	χə	train
geaardheid	χəɑːrtɦəit	train
geabsorbeer	χəabsɔrbiər	train
geadministreer	χəatmənəstriər	train
geadverteer	χəatfərtiər	test
geadverteerde	χəatfərtiərdə	train
geadviseer	χəatfisiər	test
geaffekteer	χəafɛktiər	train
geaffekteerde	χəafɛktiərdə	train
geaffilieer	χəafəliiər	train
geaffilieerde	χəafəliiərdə	train
geag	χəaχ	train
geageer	χəaχiər	train
geagte	χəaχtə	train
geakkommodeer	χəakumudiər	train
geaktiveer	χəaktifiər	train
geaktiveerde	χəaktifiərdə	test
geallieerde	χəaliiərdə	train
geallieerdes	χəaliiərdəs	train
geamuseerd	χəamysiərt	train
geamuseerde	χəamysiərdə	train
geanaliseer	χəanalisiər	train
geanimeerde	χəanimiərdə	train
geanker	χəaŋkər	train
geannekseer	χəanɛksiər	train
geannoteerde	χəanutiərdə	train
geantwoord	χəantvuərt	test
geargumenteer	χəarχymɛntiər	train
gearresteer	χəarəstiər	test
geassosieer	χəasuəsiiər	test
geassosieerde	χəasuəsiiərdə	train
gebaan	χəbɑːn	train
gebaar	χəbɑːr	train
gebaat	χəbɑːt	train
gebad	χəbat	train
gebak	χəbak	test
gebaklei	χəbakləi	train
gebalanseer	χəbalansiər	train
gebalanseerd	χəbalansiərt	train
gebalanseerde	χəbalansiərdə	train
gebalde	χəbaldə	train
gebars	χəbars	train
gebaseer	χəbasiər	train
gebasseer	χəbasiər	train
gebed	χəbɛt	train
gebede	χəbiədə	train
gebeeldsaai	χəbiəltsɑːi	train
gebeeldsend	χəbiəltsɛnt	train
gebel	χəbɛl	test
geberg	χəbɛrχ	train
gebeur	χəbøːr	test
gebeurde	χəbøːrdə	train
gebeure	χəbøːrə	train
gebeurlikheid	χəbøːrləkɦəit	train
gebeurlikheidsplanne	χəbøːrləkɦəitsplanə	train
gebeurtenis	χəbøːrtənəs	train
gebeurtenisse	χəbøːrtənəsə	train
gebid	χəbət	test
gebie	χəbi	train
gebied	χəbit	test
gebiede	χəbidə	train
gebiedend	χəbidənt	train
gebiedsvoordeel	χəbitsfuərdiəl	train
gebieg	χəbiχ	train
gebind	χəbənt	train
geblaas	χəblɑːs	train
geblaf	χəblaf	train
geblameer	χəblamiər	train
geblikte	χəbləktə	train
geblinddoek	χəblənduk	train
geblokkeer	χəblɔkiər	train
geblom	χəblɔm	test
geblus	χəblœs	train
gebly	χəbləi	train
geblyk	χəbləik	train
gebod	χəbɔt	train
geboei	χəbui	test
geboekstaaf	χəbukstɑːf	train
geboender	χəbundər	train
geboer	χəbur	train
geboks	χəbɔks	train
gebombardeer	χəbɔmbardiər	test
gebonde	χəbɔndə	train
gebondenheid	χəbɔndənɦəit	train
geboor	χəbuər	test
geboorte	χəbuərtə	test
geboortebeperking	χəbuərtəbəpɛrkəŋ	train
geboortedatum	χəbuərtədɑːtœm	test
geboortedorp	χəbuərtədɔrp	train
geboorteland	χəbuərtəlant	train
geboorteplek	χəbuərtəplɛk	train
geboorteproses	χəbuərtəprusɛs	train
geboortesertifikaat	χəbuərtəsɛrtifikɑːt	train
gebore	χəbuərə	train
geborg	χəbɔrχ	train
geborgde	χəbɔrχdə	train
geborgenheid	χəbɔrχənɦəit	train
gebots	χəbɔts	test
gebottelde	χəbɔtəldə	test
gebou	χəbœu	train
geboude	χəbœudə	train
geboue	χəbœuə	train
geboul	χəbœul	train
geboë	χəbuə	train
gebraai	χəbrɑːi	test
gebraaide	χəbrɑːidə	train
gebrand	χəbrant	train
gebrande	χəbrandə	train
gebrandmerk	χəbrantmɛrk	train
gebreek	χəbriək	train
gebreekte	χəbriəktə	train
gebreide	χəbrəidə	train
gebrek	χəbrɛk	train
gebreke	χəbriəkə	train
gebrekkige	χəbrɛkəχə	train
gebriek	χəbrik	train
gebring	χəbrəŋ	train
gebroke	χəbruəkə	train
gebrokenheid	χəbruəkənɦəit	train
gebrom	χəbrɔm	train
gebruik	χəbrœyk	train
gebruike	χəbrœykə	train
gebruiker	χəbrœykər	train
gebruikers	χəbrœykərs	train
gebruikersvriendelik	χəbrœykərsfrindələk	train
gebruikersvriendelike	χəbrœykərsfrindələkə	train
gebruiklik	χəbrœyklək	test
gebruiklike	χəbrœykləkə	train
gebruikmaking	χəbrœykmɑːkəŋ	train
gebruiksfrekwensie	χəbrœyksfrikwɛnsi	train
gebruiksvoorwaardes	χəbrœyksfuərvɑːrdəs	train
gebruikswaarde	χəbrœyksvɑːrdə	train
gebruikte	χəbrœyktə	train
gebrul	χəbrœl	train
gebuig	χəbœyχ	train
gebuit	χəbœyt	train
gebuk	χəbœk	train
gebukkend	χəbœkənt	train
gebyt	χəbəit	train
gedaag	χədɑːχ	train
gedaal	χədɑːl	train
gedaan	χədɑːn	train
gedaante	χədɑːntə	train
gedaantes	χədɑːntəs	train
gedagte	χədaχtə	train
gedagtegang	χədaχtəχaŋ	train
gedagteloop	χədaχtəluəp	train
gedagtenis	χədaχtənəs	train
gedagtes	χədaχtəs	train
gedagtetjies	χədaχtikis	test
gedagtig	χədaχtəχ	train
gedagvaar	χədaχfɑːr	test
gedam	χədam	train
gedans	χədɑːns	train
gedebatteer	χədɛbatiər	train
gedebiteer	χədɛbitiər	test
gedeel	χədiəl	train
gedeelde	χədiəldə	train
gedeelte	χədiəltə	train
gedeeltelik	χədiəltələk	train
gedeeltelike	χədiəltələkə	train
gedeeltes	χədiəltəs	test
gedefinieer	χədɛfəniiər	train
gedefinieerde	χədɛfəniiərdə	train
gedefinieër	χədɛfəniiər	train
gedek	χədɛk	train
gedelegeer	χədələχiər	train
gedemp	χədɛmp	train
gedempte	χədɛmptə	train
gedenk	χədɛŋk	train
gedenkdiens	χədɛŋkdins	train
gedenkdienste	χədɛŋkdinstə	test
gedenkplaat	χədɛŋkplɑːt	test
gedenkwaardighede	χədɛŋkvɑːrdəχɦiədə	train
gedenkwaardigheid	χədɛŋkvɑːrdəχɦəit	train
gedentifiseer	χədɛntifisiər	train
gedeponeer	χədɛpuniər	test
gedeporteer	χədɛpɔrtiər	train
gedetailleerde	χəditəiliərdə	train
gedevalueer	χədiəvalyiər	train
gediagnoseer	χədiaχnusiər	train
gedien	χədin	train
gediend	χədint	train
gedierte	χədirtə	train
gedifferensieerde	χədəfərɛnʃiiərdə	train
gedig	χədəχ	train
gediggie	χədəχi	train
gedigte	χədəχtə	train
gedikteer	χədəktiər	test
geding	χədəŋ	test
gedinge	χədəŋə	train
gedingsparty	χədəŋspartəi	test
gedink	χədəŋk	train
gedirigeer	χədərəχiər	test
gedisiplineerde	χədəsəpliniərdə	train
gediskrimineer	χədəskrəminiər	train
gediskwalifiseer	χədəskwalifisiər	train
gedissiplineerd	χədəsəpliniərt	train
gedissiplineerde	χədəsəpliniərdə	test
gedistansieer	χədəstansiiər	train
gediversifiseerde	χədivɛrsifisiərdə	train
gedoem	χədum	train
gedoen	χədun	train
gedoente	χəduntə	train
gedog	χədɔχ	train
gedokumenteer	χədɔkymɛntiər	train
gedomineer	χədɔminiər	train
gedompel	χədɔmpəl	train
gedood	χəduət	train
gedoop	χəduəp	train
gedoseer	χədusiər	train
gedou	χədœu	train
gedra	χədrɑː	train
gedraai	χədrɑːi	train
gedraf	χədraf	train
gedrag	χədraχ	train
gedrags	χədraχs	test
gedragskode	χədraχskuədə	train
gedragskodes	χədraχskuədəs	train
gedragspatrone	χədraχspatrunə	train
gedragsterapie	χədraχstɛrapi	train
gedragsverandering	χədraχsfərandərəŋ	train
gedrang	χədraŋ	train
gedreig	χədrəiχ	train
gedreun	χədrøːn	train
gedrewe	χədriəvə	train
gedrink	χədrəŋk	train
gedroog	χədruəχ	train
gedroogde	χədruəχdə	test
gedroom	χədruəm	train
gedruip	χədrœyp	train
gedruis	χədrœys	test
gedruk	χədrœk	train
gedrukte	χədrœktə	train
gedryf	χədrəif	train
gedugte	χədœχtə	train
gedui	χədœy	train
geduik	χədœyk	train
geduld	χədœlt	train
geduldig	χədœldəχ	train
geduldige	χədœldəχə	train
gedupliseer	χəduplisiər	train
gedurf	χədœrf	train
gedwee	χədwiə	train
gedweë	χədwiə	train
gedwing	χədwəŋ	train
gedwonge	χədwɔŋə	train
gedy	χədəi	train
gee	χiə	train
geel	χiəl	train
geelblinkend	χiəlbləŋkənt	train
geelbras	χiəlbras	train
geelhout	χiəlɦœut	test
geelkoors	χiəlkuərs	train
geelsug	χiəlsœχ	train
geelvis	χiəlfəs	train
geelwortel	χiəlvɔrtəl	train
geen	χiən	train
geeneen	χiəniən	train
geensins	χiənsəns	train
gees	χiəs	train
geesdrif	χiəsdrəf	train
geesdriftig	χiəsdrəftəχ	train
geesdriftige	χiəsdrəftəχə	train
geesdriftiger	χiəsdrəftəχər	train
geesdriftiges	χiəsdrəftəχəs	train
geesgenote	χiəsχənuətə	train
geeste	χiəstə	test
geestelik	χiəstələk	train
geestelike	χiəstələkə	train
geestesgesondheidsorg	χiəstəsχəsɔntɦəitsɔrχ	train
geestesoog	χiəstəsuəχ	train
geestestoestand	χiəstəstustant	train
geesteswetenskaplike	χiəstəsviətənskapləkə	train
gefaal	χəfɑːl	train
gefaks	χəfaks	train
gefasiliteer	χəfasəlitiər	train
gefassineer	χəfasiniər	test
gefinaliseer	χəfinalisiər	train
gefinansier	χəfinansir	train
geflits	χəfləts	train
geflous	χəflœus	train
gefluit	χəflœyt	train
gefnuik	χəfnœyk	train
gefokus	χəfuəkœs	train
geformuleer	χəfɔrmyliər	train
geformuleerde	χəfɔrmyliərdə	train
geforseer	χəfɔrsiər	test
geforseerde	χəfɔrsiərdə	train
gefotostateer	χəfuətustatiər	train
gefotostateur	χəfuətustatiər	train
gefrustreerd	χəfrœstriərt	train
gefundeerde	χəfœndiərdə	train
gefunksioneer	χəfœŋkʃiuniər	train
gefynkam	χəfəinkam	train
gegaan	χəχɑːn	train
gegee	χəχiə	train
gegeld	χəχɛlt	train
gegenereer	χəχənəriər	test
gegeur	χəχøːr	test
gegeurde	χəχøːrdə	train
gegewe	χəχiəvə	train
gegewens	χəχiəvəns	train
gegiet	χəχit	train
gegil	χəχəl	train
gegis	χəχəs	train
geglansde	χəχlansdə	train
geglimlag	χəχləmlaχ	train
geglip	χəχləp	train
geglo	χəχluə	train
gegly	χəχləi	train
gegoede	χəχudə	test
gegons	χəχɔns	train
gegradeer	χəχradiər	train
gegradueerde	χəχradyiərdə	train
gegradueerdes	χəχradyiərdəs	train
gegrawe	χəχrɑːvə	train
gegrief	χəχrif	train
gegroei	χəχrui	train
gegroepeer	χəχrupiər	train
gegroepeerde	χəχrupiərdə	train
gegroet	χəχrut	train
gegrond	χəχrɔnt	train
gegronde	χəχrɔndə	test
gegryp	χəχrəip	train
gegun	χəχœn	train
gehaak	χəɦɑːk	train
gehaal	χəɦɑːl	train
gehaas	χəɦɑːs	train
gehad	χəɦɑːt	train
gehalte	χəɦaltə	train
gehaltebeheer	χəɦaltəbəɦiər	train
gehandel	χəɦandəl	test
gehandhaaf	χəɦantɦɑːf	train
gehang	χəɦaŋ	train
gehanteer	χəɦantiər	train
geharde	χəɦardə	train
gehardloop	χəɦartluəp	train
gehate	χəɦɑːtə	train
gehawende	χəɦɑːvəndə	train
geheel	χəɦiəl	train
geheelbeeld	χəɦiəlbiəlt	train
geheers	χəɦiərs	train
geheet	χəɦiət	train
gehef	χəɦɛf	train
geheg	χəɦɛχ	train
geheilig	χəɦəiləχ	test
geheim	χəɦəim	train
geheime	χəɦəimə	train
geheimenisse	χəɦəimənəsə	train
geheimhouding	χəɦəimɦœudəŋ	test
geheimsinnige	χəɦəimsənəχə	train
gehelp	χəɦɛlp	train
gehengel	χəɦɛŋəl	train
geherstruktureer	χəɦɛrstrœktʃyriər	train
geheue	χəɦøːə	train
gehinder	χəɦəndər	train
geholpe	χəɦɔlpə	train
gehoop	χəɦuəp	train
gehoor	χəɦuər	test
gehoorbuis	χəɦuərbœys	train
gehoorsaam	χəɦuərsɑːm	train
gehoorsaamheid	χəɦuərsɑːmɦəit	train
gehore	χəɦuərə	train
gehou	χəɦœu	train
gehuggie	χəɦœχi	train
gehuil	χəɦœyl	train
gehuisves	χəɦœysfɛs	train
gehuiwer	χəɦœyvər	train
gehul	χəɦœl	train
gehuldig	χəɦœldəχ	train
gehys	χəɦəis	train
geil	χəil	test
gejaag	χəjɑːχ	train
gejaagde	χəjɑːχdə	train
gejag	χəjaχ	train
gejammer	χəjamər	train
gejoin	χədʒɔin	train
gejuig	χəjœyχ	train
gek	χɛk	train
gekaap	χəkɑːp	train
gekaapte	χəkɑːptə	train
gekalmeer	χəkalmiər	train
gekam	χəkam	train
gekanaliseer	χəkanalisiər	train
gekanselleer	χəkansəliər	train
gekant	χəkant	train
gekantel	χəkantəl	train
gekap	χəkap	train
gekapitaliseer	χəkapitalisiər	train
gekapte	χəkaptə	train
gekarteer	χəkartiər	train
gekartelde	χəkartɛldə	train
gekastreer	χəkastriər	train
gekasty	χəkastəi	test
gekategoriseer	χəkatəχurisiər	train
gekeer	χəkiər	train
gekelder	χəkɛldər	train
geken	χəkɛn	train
gekenmerk	χəkɛnmɛrk	train
gekerf	χəkɛrf	test
gekerm	χəkɛrm	train
gekeur	χəkøːr	train
gekeurde	χəkøːrdə	train
gekibbel	χəkəbəl	train
gekies	χəkis	train
gekke	χɛkə	train
gekla	χəklɑː	train
geklap	χəklap	train
geklassifiseer	χəklasifisiər	train
geklee	χəkliə	train
gekleed	χəkliət	train
gekleur	χəkløːr	train
gekleurd	χəkløːrt	train
gekleurde	χəkløːrdə	train
gekleurdes	χəkløːrdəs	train
geklim	χəkləm	test
geklink	χəkləŋk	train
geklits	χəkləts	train
geklop	χəklɔp	train
geklou	χəklœu	train
geklouter	χəklœutər	train
geknak	χəknak	train
geknarste	χəknarstə	train
geknel	χəknɛl	train
gekneus	χəknøːs	test
gekneusde	χəknøːsdə	train
gekniehalter	χəkniɦaltər	train
gekniel	χəknil	train
geknik	χəknək	train
geknip	χəknəp	train
geknoop	χəknuəp	train
geknou	χəknœu	test
gekodeerde	χəkudiərdə	train
gekoester	χəkustər	train
gekolf	χəkɔlf	test
gekoloniseer	χəkuluənisiər	train
gekom	χəkɔm	train
gekombineer	χəkɔmbiniər	train
gekombineerde	χəkɔmbiniərdə	test
gekommunikeer	χəkɔmynikiər	train
gekompliseer	χəkɔmplisiər	train
gekompliseerde	χəkɔmplisiərdə	train
gekomponeer	χəkɔmpuniər	train
gekon	χəkɔn	train
gekonfiskeer	χəkɔnfəskiər	train
gekonfronteer	χəkɔnfrɔntiər	train
gekonjugeerde	χəkɔnjyχiərdə	train
gekonkel	χəkɔŋkəl	test
gekonsentreer	χəkɔnsɛntriər	train
gekonsentreerd	χəkɔnsɛntriərt	train
gekonsentreerde	χəkɔnsɛntriərdə	test
gekonsolideer	χəkɔnsɔlidiər	test
gekonsulteer	χəkɔnsœltiər	train
gekontak	χəkɔntak	train
gekontrakteerde	χəkɔntraktiərdə	test
gekontrasteer	χəkɔntrastiər	train
gekontroleer	χəkɔntruliər	train
gekook	χəkuək	train
gekoop	χəkuəp	train
gekopieer	χəkuəpiiər	train
gekoppel	χəkɔpəl	train
gekoppelde	χəkɔpəldə	train
gekorrel	χəkɔrəl	train
gekortwiek	χəkɔrtvik	train
gekos	χəkɔs	test
gekose	χəkuəsə	train
gekraai	χəkrɑːi	train
gekraak	χəkrɑːk	train
gekraakte	χəkrɑːktə	train
gekrap	χəkrap	train
gekrediteer	χəkrɛditiər	train
gekrenk	χəkrɛŋk	train
gekreun	χəkrøːn	train
gekrimp	χəkrəmp	train
gekritiseer	χəkrətisiər	train
gekronkel	χəkrɔŋkəl	train
gekroon	χəkruən	train
gekruip	χəkrœyp	train
gekruis	χəkrœys	train
gekruisig	χəkrœysəχ	train
gekruiste	χəkrœystə	train
gekry	χəkrəi	train
gekuier	χəkœyər	train
gekul	χəkœl	train
gekwalifiseer	χəkwalifisiər	train
gekwalifiseerd	χəkwalifisiərt	train
gekwalifiseerde	χəkwalifisiərdə	train
gekwantifiseer	χəkwantifisiər	train
gekweek	χəkwiək	train
gekweste	χəkwɛstə	train
gekwoteer	χəkwutiər	train
gekwyn	χəkwəin	train
gekwyt	χəkwəit	test
gekyk	χəkəik	train
gelaai	χəlɑːi	train
gelaat	χəlɑːt	train
gelaatstrekke	χəlɑːtstrɛkə	train
gelag	χəlaχ	train
geland	χəlant	train
gelande	χəlandə	train
gelang	χəlaŋ	train
gelanseer	χəlansiər	train
gelapte	χəlaptə	train
gelas	χəlas	train
gelate	χəlɑːtə	train
geld	χɛlt	train
gelde	χɛldə	test
geldeenhede	χɛltiənɦiədə	train
geldeenheid	χɛltiənɦəit	train
geldelik	χɛldələk	train
geldelike	χɛldələkə	train
geldenhuys	χɛldənɦœys	train
geldig	χɛldəχ	train
geldige	χɛldəχə	train
geldigheid	χɛldəχɦəit	train
geldinsameling	χɛltənsɑːmələŋ	train
geldjie	χɛlki	train
geldjies	χɛlkis	train
geldkoffers	χɛltkɔfərs	test
geldkrisis	χɛltkrisəs	train
geldmag	χɛltmaχ	test
geldmark	χɛltmark	train
geldmarkkoerse	χɛltmarkkursə	train
geldmarkte	χɛltmarktə	test
geldnood	χɛltnuət	train
geldsake	χɛltsɑːkə	train
geldstelsel	χɛltstɛlsəl	test
geldvoorraad	χɛltfuərɑːt	train
gelede	χəliədə	train
geledere	χəliədərə	train
geleedpotiges	χəliətpuətəχəs	train
geleef	χəliəf	train
geleen	χəliən	train
geleende	χəliəndə	train
geleenthede	χəliəntɦiədə	train
geleentheid	χəliəntɦəit	train
geleentheidskoste	χəliəntɦəitskɔstə	train
geleer	χəliər	test
geleerd	χəliərt	train
geleerde	χəliərdə	train
geleerdes	χəliərdəs	train
geleerdheid	χəliərtɦəit	train
gelees	χəliəs	train
gelei	χələi	train
geleide	χələidə	test
geleidelik	χələidələk	train
geleidelike	χələidələkə	train
geleier	χələiər	test
geleimiddel	χələimədəl	train
geles	χiələs	train
gelese	χəliəsə	test
geletterde	χəlɛtərdə	train
geletterdheid	χəlɛtərtɦəit	train
gelewe	χəliəvə	train
gelewer	χəliəvər	train
geleë	χəliə	test
gelid	χələt	train
geliefde	χəlifdə	train
geliefdes	χəlifdəs	train
gelieg	χəliχ	test
gelig	χələχ	train
gelikwideer	χəlikwidiər	train
gelikwideerde	χəlikwidiərdə	train
gelisensieer	χələsɛnsiiər	train
gelisensieerde	χələsɛnsiiərdə	train
gelofte	χəlɔftə	train
gelok	χəlɔk	train
geloods	χəluəts	train
geloof	χəluəf	train
geloofgemeenskap	χəluəfχəmiənskap	train
geloofsbeleidenis	χəluəfsbələidənəs	train
geloofsbelydenis	χəluəfsbələidənəs	train
geloofsbriewe	χəluəfsbrivə	train
geloofsending	χəluəfsɛndəŋ	train
geloofsgemeenskap	χəluəfsχəmiənskap	train
geloofsoortuiging	χəluəfsuərtœyχəŋ	train
geloofwaardig	χəluəfvɑːrdəχ	train
geloofwaardige	χəluəfvɑːrdəχə	train
geloofwaardigheid	χəluəfvɑːrdəχɦəit	train
geloop	χəluəp	train
geloot	χəluət	train
gelos	χəlɔs	train
gelowe	χəluəvə	train
gelowig	χəluəvəχ	train
gelowige	χəluəvəχə	train
gelowiges	χəluəvəχəs	train
gelug	χəlœχ	train
gelui	χəlœy	train
geluid	χəlœyt	train
geluide	χəlœydə	train
geluidjie	χəlœyki	train
geluidjies	χəlœykis	train
geluidloos	χəlœytluəs	train
geluister	χəlœystər	train
geluk	χəlœk	train
gelukkig	χəlœkəχ	train
gelukkige	χəlœkəχə	train
gelukkiger	χəlœkəχər	train
gelukkiges	χəlœkəχəs	train
gelukkigste	χəlœkəχstə	train
geluksgodin	χəlœksχudən	train
gelukwens	χəlœkvɛns	train
gelukwense	χəlœkvɛnsə	train
gelukwensing	χəlœkvɛnsəŋ	train
gely	χələi	train
gelyk	χələik	train
gelykberegtiging	χələikbərɛχtəχəŋ	train
gelykbreekpunt	χələikbriəkpœnt	train
gelyke	χələikə	train
gelykenis	χələikənəs	train
gelykes	χələikəs	train
gelykgestel	χələikχəstɛl	train
gelykheid	χələikɦəit	train
gelykheidsbeginsel	χələikɦəitsbəχənsəl	train
gelykmakende	χələikmɑːkəndə	test
gelykmatig	χələikmɑːtəχ	train
gelykmatige	χələikmɑːtəχə	train
gelyknamige	χələiknɑːməχə	test
gelykop	χələikɔp	train
gelykopuitslag	χələikɔpœytslaχ	train
gelykstaande	χələikstɑːndə	train
gelykstelling	χələikstɛləŋ	train
gelyktaligheidsbeginsel	χələiktɑːləχɦəitsbəχənsəl	train
gelyktydig	χələiktəidəχ	train
gelyktydige	χələiktəidəχə	train
gelys	χələis	train
gelyste	χələistə	train
gemaak	χəmɑːk	train
gemaal	χəmɑːl	train
gemaalde	χəmɑːldə	train
gemaan	χəmɑːn	train
gemagtig	χəmaχtəχ	train
gemagtigde	χəmaχtəχdə	train
gemak	χəmak	train
gemaklik	χəmaklək	train
gemaklike	χəmakləkə	train
gemaksone	χəmaksuənə	test
gemanipuleer	χəmanipyliər	train
gemanipuleerde	χəmanipyliərdə	train
gemarginaliseerde	χəmarχinalisiərdə	test
gemarsjeer	χəmarʃiər	train
gemartel	χəmartəl	train
gemaskerde	χəmaskərdə	test
gematig	χəmɑːtəχ	test
gematigde	χəmɑːtəχdə	test
gematigdes	χəmɑːtəχdəs	train
gematrikuleer	χəmatrikyliər	train
gemeen	χəmiən	train
gemeenregtelike	χəmiənrɛχtələkə	test
gemeenskap	χəmiənskap	train
gemeenskaplike	χəmiənskapləkə	train
gemeenskappe	χəmiənskapə	train
gemeenskapsbetrokkenheid	χəmiənskapsbətrɔkənɦəit	train
gemeenskapsdeelname	χəmiənskapsdiəlnɑːmə	train
gemeenskapsdiens	χəmiənskapsdins	train
gemeenskapsdienste	χəmiənskapsdinstə	test
gemeenskapsektor	χəmiənskapsɛktɔr	train
gemeenskapsentrum	χəmiənskapsɛntrœm	train
gemeenskapsleier	χəmiənskapsləiər	train
gemeenskapsleiers	χəmiənskapsləiərs	train
gemeenskapslewe	χəmiənskapsliəvə	test
gemeenskapsontwikkelingsprojek	χəmiənskapsɔntvəkələŋsprujɛk	train
gemeenskapspolisiëringsforums	χəmiənskapspulisiiərəŋsfuərœms	train
gemeenskapsprojek	χəmiənskapsprujɛk	train
gemeenskapsprojekte	χəmiənskapsprujɛktə	train
gemeenskapsveiligheid	χəmiənskapsfəiləχɦəit	train
gemeenskapsverpleegkunde	χəmiənskapsfərpliəχkœndə	train
gemeenskapsverpleegkundige	χəmiənskapsfərpliəχkœndəχə	train
gemeenskapswerk	χəmiənskapsvɛrk	train
gemeenskapswerker	χəmiənskapsvɛrkər	train
gemeente	χəmiəntə	train
gemeentelede	χəmiəntəliədə	test
gemeentelid	χəmiəntələt	test
gemeentes	χəmiəntəs	train
gemeet	χəmiət	train
gemeld	χəmɛlt	train
gemelde	χəmɛldə	train
gemene	χəmiənə	test
gemenereg	χəmiənərɛχ	train
gemeng	χəmɛŋ	train
gemengde	χəmɛŋdə	train
gemerk	χəmɛrk	train
gemerkte	χəmɛrktə	train
gemete	χəmiətə	train
gemiddeld	χəmədəlt	train
gemiddelde	χəmədəldə	train
gemiddeldes	χəmədəldəs	train
gemigreer	χəmiχriər	train
gemik	χəmək	train
geminag	χəmənaχ	train
gemis	χəməs	train
gemmerbier	χɛmərbir	train
gemobiliseer	χəmubilisiər	test
gemoderniseer	χəmudɛrnisiər	test
gemodifiseerde	χəmɔdifisiərdə	train
gemoed	χəmut	train
gemoedere	χəmudərə	train
gemoedsrus	χəmutsrœs	train
gemoedsversteurings	χəmutsfərstøːrəŋs	train
gemoeid	χəmuit	train
gemoker	χəmuəkər	train
gemolesteer	χəmɔləstiər	train
gemonitor	χəmɔnitɔr	train
gemonteer	χəmɔntiər	test
gemonteerde	χəmɔntiərdə	train
gemors	χəmɔrs	train
gemotiveer	χəmutifiər	train
gemotiveerd	χəmutifiərt	train
gemotiveerde	χəmutifiərdə	train
gemsbok	χɛmsbɔk	train
gemsbokke	χɛmsbɔkə	train
gemyn	χəməin	train
genaamd	χənɑːmt	train
genade	χənɑːdə	train
genadedood	χənɑːdəduət	train
genadeloos	χənɑːdəluəs	train
genadelose	χənɑːdəluəsə	test
genader	χənɑːdər	train
genadig	χənɑːdəχ	train
genadige	χənɑːdəχə	train
genadiglik	χənɑːdəχlək	train
genael	χənɑːəl	test
genasionaliseer	χənaʃiunalisiər	train
gene	χiənə	train
genealogie	χiənialuχi	train
genealogiese	χiənialuəχisə	train
geneefse	χəniəfsə	train
geneem	χəniəm	train
geneentheid	χəniəntɦəit	train
genees	χəniəs	train
geneesheer	χəniəsɦiər	train
geneeshere	χəniəsɦiərə	train
geneeskunde	χəniəskœndə	train
geneeskundige	χəniəskœndəχə	test
geneesmiddel	χəniəsmədəl	train
geneesmiddels	χəniəsmədəls	train
geneig	χənəiχ	train
geneigdheid	χənəiχtɦəit	train
generaal	χənərɑːl	train
generaals	χənərɑːls	train
generasie	χənərɑːsi	train
generasies	χənərɑːsis	test
genereer	χənəriər	train
generiese	χəniərisə	train
geneser	χəniəsər	train
genesers	χəniəsərs	train
genesing	χəniəsəŋ	train
genesis	χiənəsəs	test
geneste	χənɛstə	train
geneties	χəniətis	train
genetiese	χəniətisə	train
genetika	χəniətika	train
geneutraliseer	χənøːtralisiər	train
genialiteit	χiənialitəit	train
genie	χiəni	train
geniepsige	χənipsəχə	train
geniet	χənit	train
genitale	χiənitɑːlə	train
genoeg	χənuχ	train
genoegdoening	χənuχdunəŋ	train
genoegsaam	χənuχsɑːm	train
genoegsame	χənuχsɑːmə	train
genoem	χənum	train
genoemde	χənumdə	test
genoodsaak	χənuətsɑːk	train
genoop	χənuəp	train
genootskap	χənuətskap	train
genootskappe	χənuətskapə	train
genormaliseer	χənɔrmalisiər	train
genot	χənɔt	train
genoteer	χənutiər	train
genoteerde	χənutiərdə	train
genotvol	χənɔtfɔl	train
genotvolle	χənɔtfɔlə	test
genre	ʒɑːnrə	train
genugtig	χənœχtəχ	test
genus	χiənœs	train
geoefen	χəufən	train
geoefende	χəufəndə	train
geoffer	χəɔfər	train
geografie	χiuχrafi	train
geografies	χiuχrɑːfis	train
geografiese	χiuχrɑːfisə	train
geoksideer	χəɔksidiər	train
geoktroieerde	χəɔktrɔiiərdə	train
geologie	χiuluχi	train
geologiese	χiuluəχisə	train
geoloog	χiuluəχ	train
geoloë	χiuluə	train
geometrie	χiumətri	test
geometriese	χiumiətrisə	train
geomorfologie	χiumɔrfuluχi	train
geoordeel	χəuərdiəl	train
geoorloof	χəuərluəf	train
geoorloofde	χəuərluəfdə	train
geoormerk	χəuərmɛrk	train
geopen	χəuəpən	test
geopenbaar	χəuəpənbɑːr	train
geopereer	χəuəpəriər	train
geopolitiek	χiupɔlətik	train
geopper	χəɔpər	test
georden	χəɔrdən	train
geordende	χəɔrdəndə	train
georganiseer	χəɔrχanisiər	train
georganiseerd	χəɔrχanisiərt	train
georganiseerde	χəɔrχanisiərdə	train
georgegrondslag	dʒɔrdʒχrɔntslaχ	test
georgeverklaring	dʒɔrdʒfərklɑːrəŋ	train
georiënteerd	χəuəriɛntiərt	train
georiënteerdheid	χəuəriɛntiərtɦəit	train
georkestreerde	χəɔrkɛstriərdə	train
geouditeerde	χəœudətiərdə	train
gepaar	χəpɑːr	train
gepaard	χəpɑːrt	train
gepaardgaande	χəpɑːrtχɑːndə	test
gepak	χəpak	train
gepantserde	χəpantsərdə	train
geparkeer	χəparkiər	train
gepas	χəpas	train
gepasseer	χəpasiər	train
gepaste	χəpastə	train
gepastheid	χəpastɦəit	train
gepatenteer	χəpatɛntiər	test
gepatenteerde	χəpatɛntiərdə	train
gepatrolleer	χəpatruliər	test
gepeins	χəpəins	train
gepenaliseer	χəpɛnalisiər	train
gepeper	χəpiəpər	train
gepeupel	χəpøːpəl	train
gepeuter	χəpøːtər	train
gepik	χəpək	train
gepla	χəplɑː	train
geplaas	χəplɑːs	train
geplak	χəplak	train
geplant	χəplant	train
geplavei	χəplafəi	train
gepleeg	χəpliəχ	train
gepleit	χəpləit	train
geploeg	χəpluχ	train
gepluk	χəplœk	train
geplunder	χəplœndər	test
gepoleerde	χəpuliərdə	train
gepols	χəpɔls	train
gepomp	χəpɔmp	test
gepoog	χəpuəχ	train
gepootjie	χəpɔːiki	train
gepos	χəpɔs	train
geposeer	χəpusiər	train
geposisioneer	χəpuziʃiuniər	train
gepraat	χəprɑːt	train
gepraktiseer	χəpraktisiər	train
gepreek	χəpriək	train
gepresteer	χəprəstiər	train
geprewel	χəpriəvəl	train
geprikkel	χəprəkəl	test
geprivatiseer	χəprifatisiər	train
geprobeer	χəprubiər	train
geproduseer	χəprɔdysiər	train
geproe	χəpru	train
geprofeteer	χəprɔfətiər	train
geprojekteerde	χəprujɛktiərdə	train
geproklameer	χəprɔklamiər	train
gepromulgeer	χəprɔmœlχiər	train
geprosesseer	χəprɔsɛsiər	train
geprotesteer	χəprɔtəstiər	train
gepryk	χəprəik	train
geprys	χəprəis	train
gepubliseer	χəpœblisiər	train
gepubliseerde	χəpœblisiərdə	train
geput	χəpœt	train
geraadpleeg	χərɑːtpliəχ	train
geraadpleegde	χərɑːtpliəχdə	train
geraai	χərɑːi	train
geraak	χərɑːk	train
geraam	χərɑːm	train
geraamde	χərɑːmdə	train
geraas	χərɑːs	train
gerapporteer	χərapɔrtiər	train
gerasperde	χəraspərdə	train
gereageer	χəriaχiər	train
gerealiseer	χərialisiər	train
gered	χərɛt	train
geredelik	χəriədələk	train
geredeneer	χərədəniər	train
geredigeer	χərɛdiχiər	train
gereduseer	χərɛdysiər	train
gereduseerde	χərɛdysiərdə	train
gereed	χəriət	train
gereedheid	χəriətɦəit	train
gereedskap	χəriətskap	test
gereeld	χəriəlt	train
gereelde	χəriəldə	train
gereflekteer	χəriəflɛktiər	train
gereformeerd	χərɛfɔrmiərt	train
gereformeerde	χərɛfɔrmiərdə	train
gereg	χərɛχ	train
geregeer	χərəχiər	train
geregisseer	χərɛχəsiər	train
geregistreer	χərɛχəstriər	test
geregistreerde	χərɛχəstriərdə	train
geregshof	χərɛχsɦɔf	test
geregte	χərɛχtə	train
geregtelike	χərɛχtələkə	train
geregtig	χərɛχtəχ	train
geregtigheid	χərɛχtəχɦəit	train
gereguleer	χərɛχyliər	train
gereguleerde	χərɛχyliərdə	train
geregverdig	χərɛχfɛrdəχ	train
geregverdigde	χərɛχfɛrdəχdə	test
gerehabiliteer	χəriɦabələtiər	test
gereinig	χərəinəχ	train
gereis	χərəis	train
gerek	χərɛk	train
gereken	χəriəkən	train
gerekenariseerde	χəriəkənɑːrisiərdə	train
gerekende	χəriəkəndə	train
gerem	χərɛm	train
geren	χərɛn	train
gerep	χərɛp	train
gerepatrieer	χəriəpatriiər	train
gerespekteer	χərəspɛktiər	train
gerespekteerde	χərəspɛktiərdə	train
gerestoureer	χərɛsturiər	train
gerestoureerde	χərɛsturiərdə	train
gereël	χəriəl	train
gerhard	χɛrɦart	train
gerhardt	χɛrɦart	train
gerief	χərif	test
gerieflik	χəriflək	train
gerieflike	χərifləkə	train
geriewe	χərivə	train
gerig	χərəχ	train
gerigte	χərəχtə	train
gerigtheid	χərəχtɦəit	test
gering	χərəŋ	test
geringe	χərəŋə	train
geringste	χərəŋstə	train
germaanse	χɛrmɑːnsə	train
geroei	χərui	train
geroem	χərum	train
geroep	χərup	train
geroepe	χərupə	train
geroer	χərur	train
gerol	χərɔl	test
geronde	χərɔndə	train
geroof	χəruəf	train
geroofde	χəruəfdə	train
gerook	χəruək	train
gerooster	χəruəstər	train
geroskam	χərɔskam	train
gerrit	χɛrət	train
gert	χɛrt	train
gerubs	χiərœbs	train
gerug	χərœχ	train
gerugsteun	χərœχstøːn	train
gerugte	χərœχtə	train
geruik	χərœyk	train
geruil	χərœyl	train
geruim	χərœym	train
geruime	χərœymə	train
geruis	χərœys	train
geruisloos	χərœysluəs	train
geruite	χərœytə	train
geruk	χərœk	train
gerus	χərœs	train
gerusstellend	χərœsstɛlənt	train
gerusstellende	χərœsstɛləndə	train
gerusstelling	χərœsstɛləŋ	train
geruste	χərœstə	test
gery	χərəi	train
gesaai	χəsɑːi	train
gesag	χəsaχ	train
gesaghebbend	χəsaχɦɛbənt	train
gesaghebbende	χəsaχɦɛbəndə	train
gesagvoerder	χəsaχfurdər	train
gesagvolle	χəsaχfɔlə	train
gesak	χəsak	train
gesalf	χəsalf	train
gesamentlik	χəsɑːməntlək	train
gesamentlike	χəsɑːməntləkə	train
gesang	χəsaŋ	train
gesange	χəsaŋə	train
gesant	χəsant	train
gesante	χəsantə	test
gesegde	χəsɛχdə	train
gesegdes	χəsɛχdəs	test
geselekteerde	χəsɛlɛktiərdə	train
gesellig	χəsɛləχ	train
gesellige	χəsɛləχə	train
geselligheid	χəsɛləχɦəit	train
gesellin	χəsɛlən	train
gesels	χəsɛls	train
geselsies	χəsɛlsis	train
geselskap	χəsɛlskap	train
geselskappe	χəsɛlskapə	train
geselsprogram	χəsɛlspruχram	train
geselsradio	χəsɛlsrɑːdiu	train
gesentreer	χəsɛntriər	test
gesentreerde	χəsɛntriərdə	train
gesertifiseerde	χəsɛrtifisiərdə	train
geset	χəsɛt	train
gesetel	χəsiətəl	train
geseënde	χəsiəndə	train
geseëvier	χəsiəfir	test
gesien	χəsin	train
gesiene	χəsinə	train
gesig	χəsəχ	train
gesiggies	χəsəχis	train
gesigseinder	χəsəχsəindər	train
gesigskring	χəsəχskrəŋ	train
gesigspunt	χəsəχspœnt	train
gesigspunte	χəsəχspœntə	train
gesigsveld	χəsəχsfɛlt	test
gesigte	χəsəχtə	train
gesimboliseer	χəsəmbulisiər	train
gesin	χəsən	train
gesind	χəsənt	train
gesinde	χəsəndə	train
gesindheid	χəsəntɦəit	train
gesing	χəsəŋ	train
gesink	χəsəŋk	train
gesinne	χəsənə	train
gesinsadvokaat	χəsənsatfukɑːt	train
gesinsbeplanning	χəsənsbəplanəŋ	test
gesinsgerigte	χəsənsχərəχtə	train
gesinsgeweld	χəsənsχəvɛlt	train
gesinskamer	χəsənskɑːmər	train
gesinslede	χəsənsliədə	test
gesinslewe	χəsənsliəvə	test
gesinsman	χəsənsman	train
gesinsmotor	χəsənsmuətər	test
gesinsorg	χəsənsɔrχ	test
gesinsverband	χəsənsfərbant	train
gesinsvermaak	χəsənsfərmɑːk	train
gesinswaardes	χəsənsvɑːrdəs	train
gesit	χəsət	train
geskaaf	χəskɑːf	train
geskaar	χəskɑːr	train
geskakeer	χəskakiər	train
geskakeerde	χəskakiərdə	train
geskakel	χəskɑːkəl	train
geskape	χəskɑːpə	train
geskarrel	χəskarəl	train
geskat	χəskat	test
geskatte	χəskatə	train
geskeduleer	χəskɛdyliər	train
geskeduleerde	χəskɛdyliərdə	train
geskeer	χəskiər	train
geskei	χəskəi	train
geskeide	χəskəidə	train
geskel	χəskɛl	train
geskend	χəskɛnt	train
geskenk	χəskɛŋk	train
geskenkbewys	χəskɛŋkbəvəis	train
geskenkbewyse	χəskɛŋkbəvəisə	train
geskenke	χəskɛŋkə	train
geskep	χəskɛp	train
geskerts	χəskɛrts	train
geskets	χəskɛts	train
geskeur	χəskøːr	train
geskeurde	χəskøːrdə	train
geskied	χəskit	train
geskiedenis	χəskidənəs	train
geskiedenisonderrig	χəskidənəsɔndərəχ	train
geskiedenisse	χəskidənəsə	train
geskiedkundig	χəskitkœndəχ	train
geskiedkundige	χəskitkœndəχə	train
geskiedkundiges	χəskitkœndəχəs	train
geskiedskrywing	χəskitskrəivəŋ	train
geskiedskywing	χəskitskəivəŋ	train
geskiet	χəskit	train
geskik	χəskək	train
geskikte	χəskəktə	train
geskiktheid	χəskəktɦəit	train
geskil	χəskəl	train
geskilder	χəskəldər	train
geskille	χəskələ	train
geskilpunt	χəskəlpœnt	train
geskilpunte	χəskəlpœntə	train
geskinder	χəskəndər	train
geskink	χəskəŋk	train
geskitter	χəskətər	train
geskoei	χəskui	train
geskok	χəskɔk	train
geskokte	χəskɔktə	train
geskommel	χəskɔməl	train
geskonde	χəskɔndə	train
geskool	χəskuəl	test
geskoolde	χəskuəldə	train
geskop	χəskɔp	train
geskors	χəskɔrs	test
geskorste	χəskɔrstə	train
geskrap	χəskrap	train
geskree	χəskriə	train
geskrewe	χəskriəvə	train
geskrif	χəskrəf	train
geskrifte	χəskrəftə	train
geskrik	χəskrək	train
geskroom	χəskruəm	train
geskrum	χəskram	train
geskryf	χəskrəif	train
geskrywe	χəskrəivə	train
geskubde	χəskœbdə	test
geskud	χəskœt	train
geskudde	χəskœdə	train
geskuif	χəskœyf	train
geskuld	χəskœlt	train
geslaaf	χəslɑːf	train
geslaag	χəslɑːχ	train
geslaagd	χəslɑːχt	train
geslaagde	χəslɑːχdə	train
geslaagdheid	χəslɑːχtɦəit	train
geslaan	χəslɑːn	train
geslaap	χəslɑːp	test
geslag	χəslaχ	test
geslags	χəslaχs	train
geslagsdele	χəslaχsdiələ	test
geslagsrolle	χəslaχsrɔlə	train
geslagsrype	χəslaχsrəipə	train
geslagsverskille	χəslaχsfərskələ	test
geslagte	χəslaχtə	train
geslagtelike	χəslaχtələkə	train
gesleep	χəsliəp	train
geslepe	χəsliəpə	train
geslinger	χəsləŋər	train
gesloer	χəslur	train
gesloop	χəsluəp	test
geslote	χəsluətə	train
gesluit	χəslœyt	train
gesluk	χəslœk	train
geslyp	χəsləip	train
gesmaak	χəsmɑːk	train
gesmee	χəsmiə	train
gesmeek	χəsmiək	train
gesmeer	χəsmiər	train
gesmeerde	χəsmiərdə	train
gesmelt	χəsmɛlt	train
gesmelte	χəsmɛltə	train
gesmokkel	χəsmɔkəl	train
gesmul	χəsmœl	train
gesnel	χəsnɛl	train
gesneuwel	χəsnøːvəl	train
gesnoei	χəsnui	train
gesnoer	χəsnur	train
gesny	χəsnəi	train
gesnyde	χəsnəidə	train
gesoebat	χəsubat	test
gesoek	χəsuk	train
gesoen	χəsun	train
gesofistikeerde	χəsuəfəstikiərdə	train
gesog	χəsɔχ	train
gesogte	χəsɔχtə	train
gesoleerde	χəsuliərdə	train
gesond	χəsɔnt	train
gesonde	χəsɔndə	train
gesonder	χəsɔndər	train
gesondheid	χəsɔntɦəit	train
gesondheidsberoepe	χəsɔntɦəitsbərupə	test
gesondheidsdepartement	χəsɔntɦəitsdəpartəmɛnt	train
gesondheidsdiens	χəsɔntɦəitsdins	train
gesondheidsdienste	χəsɔntɦəitsdinstə	train
gesondheidsopvoeding	χəsɔntɦəitsɔpfudəŋ	train
gesondheidsorg	χəsɔntɦəitsɔrχ	train
gesondheidsowerhede	χəsɔntɦəitsuəvərɦiədə	train
gesondheidsowerheid	χəsɔntɦəitsuəvərɦəit	train
gesondheidspan	χəsɔntɦəitspan	test
gesondheidsplan	χəsɔntɦəitsplan	train
gesondheidsredes	χəsɔntɦəitsriədəs	train
gesondheidsrisiko	χəsɔntɦəitsrisiku	train
gesondheidstatus	χəsɔntɦəitstɑːtœs	train
gesondheidsverwante	χəsɔntɦəitsfərvantə	train
gesondheidsvoordele	χəsɔntɦəitsfuərdiələ	train
gesondheidsvoorligting	χəsɔntɦəitsfuərləχtəŋ	train
gesondheidswerker	χəsɔntɦəitsvɛrkər	train
gesondheidswetenskappe	χəsɔntɦəitsviətənskapə	train
gesondig	χəsɔndəχ	train
gesorg	χəsɔrχ	train
gesorteer	χəsɔrtiər	train
gesoute	χəsœutə	train
gespaar	χəspɑːr	train
gespan	χəspan	train
gespandeer	χəspandiər	train
gespanne	χəspanə	train
gespasieer	χəspasiiər	train
gespat	χəspat	train
gespe	χəspə	train
gespeel	χəspiəl	train
gespel	χəspɛl	train
gespesialiseerd	χəspɛʃialisiərt	train
gespesialiseerde	χəspɛʃialisiərdə	train
gespesifiseer	χəspɛsifisiər	train
gespesifiseerd	χəspɛsifisiərt	test
gespesifiseerde	χəspɛsifisiərdə	test
gespierde	χəspirdə	train
gespioeneer	χəspiuniər	test
gespoeg	χəspuχ	train
gespoel	χəspul	train
gespog	χəspɔχ	train
gespook	χəspuək	train
gespot	χəspɔt	test
gespreek	χəspriək	test
gesprek	χəsprɛk	train
gesprekke	χəsprɛkə	train
gespreksforum	χəsprɛksfuərœm	train
gesprekvoering	χəsprɛkfurəŋ	train
gespring	χəsprəŋ	test
gesproke	χəspruəkə	train
gespruit	χəsprœyt	train
gespuit	χəspœyt	test
gestaak	χəstɑːk	train
gestaan	χəstɑːn	train
gestaar	χəstɑːr	train
gestabiliseer	χəstabilisiər	train
gestadig	χəstɑːdəχ	train
gestadigde	χəstɑːdəχdə	train
gestalte	χəstaltə	train
gestaltes	χəstaltəs	train
gestamp	χəstamp	train
gestand	χəstant	train
gestap	χəstap	train
gestapel	χəstɑːpəl	train
gestasioneer	χəstaʃiuniər	train
gesteek	χəstiək	train
gesteel	χəstiəl	train
gesteelde	χəstiəldə	train
gesteente	χəstiəntə	train
gesteentes	χəstiəntəs	train
gestel	χəstɛl	train
gesteld	χəstɛlt	train
gestelde	χəstɛldə	train
gestem	χəstɛm	test
gesterf	χəstɛrf	train
gesteriliseer	χəstɛrəlisiər	train
gesternte	χəstɛrntə	train
gesterntes	χəstɛrəntəs	train
gesteun	χəstøːn	train
gesteur	χəstøːr	train
gestig	χəstəχ	test
gestigte	χəstəχtə	train
gestileerde	χəstəliərdə	train
gestimuleer	χəstəmyliər	train
gestoei	χəstui	train
gestoot	χəstuət	train
gestop	χəstɔp	train
gestorm	χəstɔrm	train
gestort	χəstɔrt	train
gestorwe	χəstɔrvə	train
gestraf	χəstraf	train
gestrand	χəstrant	train
gestrande	χəstrandə	train
gestreef	χəstriəf	train
gestreel	χəstriəl	train
gestreepte	χəstriəptə	train
gestrek	χəstrɛk	train
gestrem	χəstrɛm	train
gestremd	χəstrɛmt	train
gestremde	χəstrɛmdə	train
gestremdes	χəstrɛmdəs	train
gestremdhede	χəstrɛmtɦiədə	train
gestrompel	χəstrɔmpəl	train
gestroom	χəstruəm	train
gestroop	χəstruəp	train
gestroopte	χəstruəptə	train
gestruikel	χəstrœykəl	train
gestruktureer	χəstrœktʃyriər	train
gestruktureerd	χəstrœktʃyriərt	train
gestruktureerde	χəstrœktʃyriərdə	test
gestry	χəstrəi	train
gestryk	χəstrəik	train
gestudeer	χəstydiər	train
gestuit	χəstœyt	test
gestyg	χəstəiχ	train
gesubsidieer	χəsœbsidiiər	train
gesuggereer	χəsœχəriər	train
gesuig	χəsœyχ	train
gesukkel	χəsœkəl	train
gesus	χəsœs	train
geswaai	χəswɑːi	train
gesweef	χəswiəf	train
gesweer	χəswiər	train
geswelde	χəswɛldə	train
geswem	χəswɛm	test
geswig	χəswəχ	train
geswolle	χəswɔlə	train
geswore	χəswuərə	train
geswyg	χəswəiχ	train
getaan	χətɑːn	train
getal	χətal	train
getalle	χətalə	train
geteel	χətiəl	train
geteelde	χətiəldə	train
geteer	χətiər	train
geteister	χətəistər	train
geteisterde	χətəistərdə	train
geteken	χətiəkən	train
getekende	χətiəkəndə	train
getel	χətɛl	train
getem	χətɛm	train
getender	χətɛndər	train
geterg	χətɛrχ	train
geterroriseer	χətɛruərisiər	train
getik	χətək	train
getimmer	χətəmər	train
getinte	χətəntə	train
getitel	χətitəl	train
getiteld	χətitəlt	train
getjank	χətʃaŋk	train
getoer	χətur	train
getoets	χətuts	train
getoi	χətɔi	train
getoon	χətuən	train
getoonset	χətuənsɛt	test
getorring	χətɔrəŋ	train
getrakteer	χətraktiər	train
getransformeer	χətransfɔrmiər	train
getrap	χətrap	train
getraumatiseer	χətrœumatisiər	test
getraumatiseerde	χətrœumatisiərdə	train
getree	χətriə	train
getref	χətrɛf	train
getreiter	χətrəitər	train
getrek	χətrɛk	train
getreur	χətrøːr	train
getroef	χətruf	train
getroos	χətruəs	test
getrotseer	χətrɔtsiər	train
getrou	χətrœu	train
getroud	χətrœut	train
getroude	χətrœudə	test
getroudes	χətrœudəs	train
getroue	χətrœuə	test
getrouheid	χətrœuɦəit	train
getrouste	χətrœustə	train
getuie	χətœyə	train
getuiebank	χətœyəbaŋk	train
getuienis	χətœyənəs	train
getuienisse	χətœyənəsə	test
getuies	χətœyəs	train
getuig	χətœyχ	test
getuigskrif	χətœyχskrəf	train
getuigskrifte	χətœyχskrəftə	train
getuimel	χətœyməl	train
getwyfel	χətwəifəl	train
gety	χətəi	train
getye	χətəiə	train
geur	χøːr	train
geure	χøːrə	train
geurige	χøːrəχə	train
geurmiddels	χøːrmədəls	test
geursel	χøːrsəl	train
gevaar	χəfɑːr	train
gevaarlik	χəfɑːrlək	train
gevaarlike	χəfɑːrləkə	train
gevaarliker	χəfɑːrləkər	train
gevaarlikste	χəfɑːrləkstə	train
gevaartekens	χəfɑːrtiəkəns	test
geval	χəfal	train
gevalle	χəfalə	train
gevallestudies	χəfaləstydis	train
gevalspesifieke	χəfalspɛsəfikə	test
gevang	χəfaŋ	train
gevange	χəfaŋə	train
gevangene	χəfaŋənə	train
gevangenes	χəfaŋənəs	train
gevangenis	χəfaŋənəs	train
gevangenisdiens	χəfaŋənəsdins	train
gevangenisse	χəfaŋənəsə	train
gevangenisstraf	χəfaŋənəsstraf	train
gevangenskap	χəfaŋənskap	train
gevare	χəfɑːrə	train
gevat	χəfat	train
gevatte	χəfatə	train
gevee	χəfiə	train
geveg	χəfɛχ	train
gevegte	χəfɛχtə	test
geventileerde	χəvɛntəliərdə	train
geverf	χəfɛrf	train
geverfde	χəfɛrfdə	train
geverg	χəfɛrχ	train
gevestig	χəfɛstəχ	train
gevestigde	χəfɛstəχdə	train
gevier	χəfir	train
gevierde	χəfirdə	train
gevind	χəfənt	train
gevleg	χəflɛχ	train
gevlekte	χəflɛktə	train
gevleuelde	χəfløːəldə	test
gevlieg	χəfliχ	train
gevloei	χəflui	train
gevloek	χəfluk	train
gevlug	χəflœχ	train
gevoed	χəfut	train
gevoeg	χəfuχ	train
gevoel	χəful	test
gevoelens	χəfuləns	train
gevoelig	χəfuləχ	train
gevoelige	χəfuləχə	train
gevoeligheid	χəfuləχɦəit	test
gevoellose	χəfulluəsə	train
gevoer	χəfur	train
gevolg	χəfɔlχ	train
gevolge	χəfɔlχə	train
gevolgelik	χəfɔlχələk	train
gevolglik	χəfɔlχlək	train
gevolglike	χəfɔlχləkə	test
gevolgtrekking	χəfɔlχtrɛkəŋ	train
gevolgtrekkings	χəfɔlχtrɛkəŋs	train
gevonnis	χəfɔnəs	train
gevorder	χəfɔrdər	train
gevorderde	χəfɔrdərdə	train
gevorm	χəfɔrm	train
gevormde	χəfɔrmdə	train
gevoude	χəfœudə	train
gevra	χəfrɑː	train
gevraagde	χəfrɑːχdə	test
gevrees	χəfriəs	test
gevreesde	χəfriəsdə	train
gevreet	χəfriət	train
gevrek	χəfrɛk	train
gevries	χəfris	train
gevry	χəfrəi	test
gevryf	χəfrəif	train
gevul	χəfœl	train
gevulde	χəfœldə	train
gewaad	χəvɑːt	train
gewaag	χəvɑːχ	train
gewaai	χəvɑːi	train
gewaak	χəvɑːk	train
gewaar	χəvɑːr	train
gewaarborg	χəvɑːrbɔrχ	train
gewaarborgde	χəvɑːrbɔrχdə	train
gewaardeer	χəvɑːrdiər	train
gewaardeerde	χəvɑːrdiərdə	train
gewaarmerkte	χəvɑːrmɛrktə	train
gewag	χəvaχ	train
gewapen	χəvɑːpən	train
gewapende	χəvɑːpəndə	train
gewapper	χəvapər	test
gewas	χəvas	train
gewasse	χəvasə	train
geweef	χəviəf	train
geweeg	χəviəχ	test
geweegde	χəviəχdə	train
geweek	χəviək	train
geweer	χəviər	train
geweerskote	χəviərskuətə	train
gewees	χəviəs	train
geweet	χəviət	train
gewei	χəvəi	train
geweier	χəvəiər	test
gewek	χəvɛk	train
geweld	χəvɛlt	test
gewelddadig	χəvɛldɑːdəχ	train
gewelddadige	χəvɛldɑːdəχə	train
gewelddadigheid	χəvɛldɑːdəχɦəit	train
geweldig	χəvɛldəχ	train
geweldige	χəvɛldəχə	train
geweldmisdaad	χəvɛltməsdɑːt	train
geweldpleging	χəvɛltpliəχəŋ	train
geweldsmisdaad	χəvɛltsməsdɑːt	train
geweldsmisdade	χəvɛltsməsdɑːdə	test
gewelf	χəvɛlf	train
gewemel	χəviəməl	train
gewen	χəvɛn	train
gewend	χəvɛnt	train
gewens	χəvɛns	train
gewenste	χəvɛnstə	test
gewere	χəviərə	train
gewerf	χəvɛrf	test
gewerk	χəvɛrk	train
gewerp	χəvɛrp	train
gewers	χiəvərs	test
gewerskaf	χəvɛrskaf	train
gewerwelde	χəvɛrvəldə	test
gewese	χəviəsə	train
geweste	χəvɛstə	train
gewete	χəviətə	train
gewetenlose	χəviətənluəsə	test
gewetens	χəviətəns	train
gewetensvol	χəviətənsfɔl	train
gewettig	χəvɛtəχ	test
gewieg	χəviχ	train
gewig	χəvəχ	train
gewigsbepaling	χəvəχsbəpɑːləŋ	train
gewigstoot	χəvəχstuət	train
gewigsverlies	χəvəχsfərlis	train
gewigte	χəvəχtə	train
gewigtig	χəvəχtəχ	train
gewigtige	χəvəχtəχə	train
gewigtiger	χəvəχtəχər	train
gewigtigste	χəvəχtəχstə	train
gewikkel	χəvəkəl	train
gewild	χəvəlt	train
gewilde	χəvəldə	train
gewilder	χəvəldər	train
gewildheid	χəvəltɦəit	train
gewildste	χəvəltstə	train
gewillig	χəvələχ	test
gewillige	χəvələχə	train
gewilligheid	χəvələχɦəit	train
gewin	χəvən	train
gewis	χəvəs	test
gewisse	χəvəsə	train
gewissel	χəvəsəl	train
gewoed	χəvut	train
gewoel	χəvul	train
gewond	χəvɔnt	train
gewonde	χəvɔndə	train
gewonder	χəvɔndər	train
gewondes	χəvɔndəs	train
gewone	χəvuənə	train
gewonne	χəvɔnə	train
gewoon	χəvuən	train
gewoond	χəvuənt	test
gewoonlik	χəvuənlək	train
gewoonte	χəvuəntə	train
gewoontereg	χəvuəntərɛχ	train
gewoontes	χəvuəntəs	train
gewoonweg	χəvuənvɛχ	train
geword	χəvɔrt	train
geworstel	χəvɔrstəl	train
gewortel	χəvɔrtəl	train
gewou	χəvœu	train
gewraakte	χəvrɑːktə	train
gewrigte	χəvrəχtə	test
gewurg	χəvœrχ	train
gewy	χəvəi	train
gewys	χəvəis	train
gewysig	χəvəisəχ	train
gewysigde	χəvəisəχdə	train
gewyt	χəvəit	train
gey	χəi	train
geykte	χəəiktə	train
gezina	χəzina	train
geëer	χəiər	train
geëet	χəiət	train
geëindig	χəəindəχ	test
geëis	χəəis	train
geëksperimenteer	χəɛkspɛrimɛntiər	train
geëmigreer	χəɛməχriər	train
geërf	χəɛrf	test
geëtiketteer	χəɛtikɛtiər	train
geëvalueer	χəiəvalyiər	train
geëwenaar	χəiəvənɑːr	test
geïdealiseerde	χəidialisiərdə	train
geïdentifiseer	χəidɛntifisiər	train
geïdentifiseerde	χəidɛntifisiərdə	train
geïgnoreer	χəiχnuriər	train
geïllustreer	χəilustriər	train
geïmplementeer	χəəmpləmɛntiər	train
geïmpliseerde	χəəmplisiərdə	train
geïndividualiseer	χəəndəvədyalisiər	train
geïnisieer	χəinisiiər	train
geïnkorporeer	χəənkɔrpɔriər	train
geïnspireer	χəənspiriər	train
geïntegreer	χəəntəχriər	train
geïntegreerd	χəəntəχriərt	train
geïntegreerde	χəəntəχriərdə	test
geïnteresseerd	χəəntərəsiərt	train
geïntimideer	χəəntimidiər	train
geïrriteerd	χəirətiərt	train
geïsoleerd	χəisuliərt	train
geöriënteerde	χəuəriɛntiərdə	train
ghana	χɑːna	train
ghanese	χaniəsə	train
ghoema	χuma	train
ghoendoeroe	χunduru	train
ghoeroe	χuru	train
gholf	χɔlf	train
gholfbaan	χɔlfbɑːn	train
gholfballe	χɔlfbalə	test
gholfbane	χɔlfbɑːnə	train
gholfklub	χɔlfklœp	train
gholflandgoed	χɔlflantχut	test
gholfspeler	χɔlfspiələr	train
gholfspelers	χɔlfspiələrs	train
gholfstigting	χɔlfstəχtəŋ	train
gholfstigtings	χɔlfstəχtəŋs	train
gholfstok	χɔlfstɔk	train
gholfstokke	χɔlfstɔkə	train
ghwarrievlakte	χwariflaktə	train
gideon	χidiɔn	test
gids	χəts	train
gidse	χətsə	train
gidswoorde	χətsvuərdə	train
gieljam	χiljam	train
giet	χit	test
gif	χəf	test
gifapparaat	χəfapərɑːt	train
gifstowwe	χəfstɔvə	train
giftig	χəftəχ	train
giftige	χəftəχə	train
gil	χəl	train
gilde	χəldə	test
gimnasium	χəmnɑːsiœm	train
gimnasiums	χəmnɑːsiœms	train
gimnaste	χəmnastə	train
gimnastiek	χəmnastik	train
ginekologiese	χinikuluəχisə	train
ginekoloog	χinikuluəχ	train
ginkelsnoek	χəŋkəlsnuk	train
gips	χəps	test
gis	χəs	train
gissinge	χəsəŋə	train
gissings	χəsəŋs	train
gister	χəstər	train
gisteraand	χəstərɑːnt	train
gistermiddag	χəstərmədaχ	train
gisternag	χəstərnaχ	train
gisteroggend	χəstərɔχənt	train
gits	χəts	train
gjog	χjɔχ	train
glad	χlat	train
gladblink	χlatbləŋk	train
gladde	χladə	train
gladder	χladər	train
glans	χlans	train
glanse	χlansə	train
glansend	χlansənt	train
glansende	χlansəndə	train
glansgeleentheid	χlansχəliəntɦəit	train
glansige	χlansəχə	train
glanspunt	χlanspœnt	train
glanspunte	χlanspœntə	train
glansryke	χlansrəikə	train
glas	χlas	train
glasdeur	χlasdøːr	test
glase	χlɑːsə	train
glasie	χlɑːsi	train
glasies	χlɑːsis	train
glaskas	χlaskas	train
glasstaaf	χlasstɑːf	train
glasstukke	χlasstœkə	train
glasware	χlasvɑːrə	train
gletsers	χlɛtsərs	train
glibberige	χləbərəχə	train
glikogeen	χlikuχiən	train
glimlag	χləmlaχ	train
glimlagge	χləmlaχə	train
glimlaggende	χləmlaχəndə	test
glimlaggie	χləmlaχi	train
glimmend	χləmənt	test
glinster	χlənstər	train
glinsterende	χlənstərəndə	train
glip	χləp	train
glips	χləps	train
gliserol	χləsərɔl	train
glo	χluə	train
globaal	χlubɑːl	train
globale	χlubɑːlə	test
globalisasie	χlubalisɑːsi	train
globalisering	χlubalisiərəŋ	train
gloed	χlut	train
gloei	χlui	train
gloeiende	χluiəndə	train
gloeilamp	χluilamp	train
gloeilampe	χluilampə	train
gloeilampie	χluilampi	train
glorie	χluəri	train
glorieglans	χluəriχlans	train
glorieryke	χluərirəikə	train
gly	χləi	train
glybaan	χləibɑːn	train
glyskaal	χləiskɑːl	train
god	χɔt	train
goddank	χɔdaŋk	train
goddelik	χɔdələk	train
goddelike	χɔdələkə	train
goddeloosheid	χɔdəluəsɦəit	train
goddelose	χɔdəlusə	train
gode	χuədə	test
godgegewe	χɔtχəχiəvə	train
godheid	χɔtɦəit	train
godin	χudən	train
godinne	χudənə	train
godsbeeld	χɔtsbiəlt	train
godsdiens	χɔtsdins	train
godsdiensoefening	χɔtsdinsufənəŋ	train
godsdiensonderrig	χɔtsdinsɔndərəχ	test
godsdienste	χɔtsdinstə	train
godsdienstig	χɔtsdinstəχ	train
godsdienstige	χɔtsdinstəχə	train
godsdiensvryheid	χɔtsdinsfrəiɦəit	train
goed	χut	train
goeddoen	χutdun	train
goede	χudə	train
goedere	χudərə	train
goederetrein	χudərətrəin	test
goedgekeur	χutχəkøːr	test
goedgekeurde	χutχəkøːrdə	train
goedgepraat	χutχəprɑːt	train
goedgesind	χutχəsənt	train
goedhartig	χutɦartəχ	train
goedheid	χutɦəit	train
goedige	χudəχə	train
goedkeur	χutkøːr	train
goedkeuring	χutkøːrəŋ	train
goedkoop	χutkuəp	train
goedkoopste	χutkuəpstə	train
goedkoper	χutkuəpər	train
goedpraat	χutprɑːt	train
goeds	χuts	train
goedsmoeds	χutsmuts	train
goeie	χuiə	test
goeters	χutərs	train
goewerneur	χuvərnøːr	train
gogelspeletjie	χuəχəlspiəliki	train
gogga	χɔχa	train
goggas	χɔχas	test
goiingsakke	χɔiəŋsakə	train
golf	χɔlf	train
golflengte	χɔlflɛŋtə	train
golflengtes	χɔlflɛŋtəs	train
golfstroom	χɔlfstruəm	train
golgota	χɔlχuta	train
golwe	χɔlvə	train
golwende	χɔlvəndə	test
gom	χɔm	train
gons	χɔns	train
google	χuχəl	train
gordel	χɔrdəl	train
gordels	χɔrdəls	test
gordonsbaai	χɔrdənsbɑːi	train
gordyn	χɔrdəin	train
gordyne	χɔrdəinə	train
gorillas	χurəlas	train
gorrel	χɔrəl	train
gotiese	χuətisə	test
gotnoshot	χɔtnɔsɦɔt	train
gou	χœu	train
goud	χœut	test
gouda	χœuda	train
goudaandele	χœutɑːndiələ	train
goudbedryf	χœutbədrəif	test
goudblink	χœutbləŋk	train
goudblok	χœutblɔk	train
goudgeel	χœutχiəl	train
goudgierig	χœutχirəχ	train
goudglansende	χœutχlansəndə	train
goudindeks	χœutəndɛks	train
goudmark	χœutmark	test
goudmyn	χœutməin	train
goudmynbedryf	χœutməinbədrəif	test
goudmyne	χœutməinə	train
goudmynmaatskappye	χœutməinmɑːtskapəiə	train
goudproduksie	χœutprudœksi	train
goudprodusent	χœutprɔdysɛnt	test
goudprys	χœutprəis	train
goudreserwes	χœutrəzɛrvəs	test
goudrif	χœutrəf	train
goudskynende	χœutskəinəndə	train
goudstadse	χœutstatsə	train
goudveld	χœutfɛlt	train
goue	χœuə	train
gouer	χœuər	train
goues	χœuəs	train
graad	χrɑːt	train
graadkursus	χrɑːtkœrsœs	train
graaf	χrɑːf	train
graaff	χrɑːf	train
graafmasjien	χrɑːfmaʃin	train
graafskap	χrɑːfskap	train
graafskappe	χrɑːfskapə	train
graag	χrɑːχ	train
graagste	χrɑːχstə	train
graan	χrɑːn	train
grabouw	χrɑːbœu	train
grade	χrɑːdə	test
gradeboog	χrɑːdəbuəχ	train
gradeer	χradiər	train
gradeplegtigheid	χrɑːdəplɛχtəχɦəit	train
gradering	χradiərəŋ	train
gradiënt	χradiɛnt	train
graf	χraf	train
grafeem	χrafiəm	train
graffiti	χrafiti	train
grafiek	χrafik	train
grafieke	χrafikə	test
grafiekpapier	χrafikpapir	train
grafies	χrɑːfis	train
grafiese	χrɑːfisə	test
grafika	χrɑːfika	train
grafsteen	χrafstiən	train
grafsteensangers	χrafstiənsaŋərs	train
grafstene	χrafstiənə	train
grafte	χraftə	train
grahamstadse	χramstatsə	train
gram	χram	train
grammaties	χramɑːtis	train
grammatiese	χramɑːtisə	train
grammatika	χramatika	train
grammatikale	χramatikɑːlə	train
gramskap	χramskap	test
granaat	χranɑːt	test
granate	χranɑːtə	train
graniet	χranit	train
grap	χrap	train
grapjas	χrapjas	train
grappe	χrapə	train
grappenderwys	χrapəndərvəis	train
grappie	χrapi	train
grappies	χrapis	train
grappig	χrapəχ	train
gras	χras	train
grasdak	χrasdak	train
grashalmpie	χrasɦalmpi	train
grasie	χrɑːsi	train
grasperk	χraspɛrk	test
grasperke	χraspɛrkə	test
grasse	χrasə	train
grasuie	χrasœyə	train
grasveld	χrasfɛlt	train
grasvlaktes	χrasflaktəs	train
gratis	χrɑːtəs	train
gravitasie	χrɑːvitɑːsi	train
gravitasiekrag	χrɑːvitɑːsikraχ	train
gravitone	χravituənə	train
grawe	χrɑːvə	train
greep	χriəp	train
grein	χrəin	train
greintjie	χrəiŋki	train
grendel	χrɛndəl	train
grendels	χrɛndəls	train
grens	χrɛns	train
grensdraad	χrɛnsdrɑːt	train
grense	χrɛnsə	train
grenshou	χrɛnsɦœu	train
grenshoue	χrɛnsɦœuə	test
grenslose	χrɛnsluəsə	train
grensoorskryding	χrɛnsuərskrəidəŋ	train
grenspos	χrɛnspɔs	test
grensposte	χrɛnspɔstə	train
grensregter	χrɛnsrɛχtər	train
grepe	χriəpə	train
gretig	χriətəχ	test
gretige	χriətəχə	train
griep	χrip	train
grietjie	χriki	train
griewe	χrivə	train
gril	χrəl	train
grille	χrələ	train
grillerige	χrələrəχə	train
grimering	χrəmiərəŋ	train
grinnik	χrənək	train
grip	χrəp	train
griquas	χrikwas	train
grobler	χrɔblər	train
groblersdal	χrɔblərsdal	train
groef	χruf	train
groei	χrui	train
groeiende	χruiəndə	train
groeifase	χruifɑːsə	train
groeikoers	χruikurs	train
groeikoerse	χruikursə	test
groeilemme	χruilɛmə	train
groeimoontlikhede	χruimuəntləkɦiədə	train
groeipotensiaal	χruiputɛnʃiɑːl	train
groeipunt	χruipœnt	train
groeipyne	χruipəinə	train
groeitempo	χruitɛmpu	train
groen	χrun	train
groene	χrunə	train
groener	χrunər	train
groenes	χrunəs	train
groenigheid	χrunəχɦəit	train
groenskrif	χrunskrəf	train
groente	χruntə	train
groentee	χruntiə	train
groentjie	χruiŋki	train
groentjies	χruiŋkis	train
groep	χrup	train
groepbesprekings	χrupbəspriəkəŋs	train
groepe	χrupə	test
groepeer	χrupiər	test
groeperinge	χrupiərəŋə	train
groeperings	χrupiərəŋs	train
groepie	χrupi	train
groepies	χrupis	train
groepklasse	χrupklasə	test
groeplede	χrupliədə	train
groepleier	χrupləiər	train
groeplid	χruplət	train
groepperiode	χruppiəriuədə	train
groepregte	χruprɛχtə	train
groepsbyeenkoms	χrupsbəiiənkɔms	train
groepsdinamika	χrupsdinɑːmika	train
groepsdruk	χrupsdrœk	train
groepsgebiedewet	χrupsχəbidəvɛt	train
groepsopdragte	χrupsɔpdraχtə	train
groet	χrut	train
groete	χrutə	train
groetnis	χrutnəs	train
groetvorme	χrutfɔrmə	train
groewe	χruvə	train
grofgeskut	χrɔfχəskœt	train
grofste	χrɔfstə	train
grom	χrɔm	test
grond	χrɔnt	train
grondbeginsels	χrɔntbəχənsəls	train
grondbeheer	χrɔntbəɦiər	train
grondbesit	χrɔntbəsət	train
grondbone	χrɔntbuənə	train
grondboontjies	χrɔntbɔːiŋkis	train
gronde	χrɔndə	train
grondeienaar	χrɔntəiənɑːr	train
grondeienaars	χrɔntəiənɑːrs	train
grondeis	χrɔntəis	train
grondeise	χrɔntəisə	train
grondgebied	χrɔntχəbit	train
grondgebruik	χrɔntχəbrœyk	train
grondgebruike	χrɔntχəbrœykə	train
grondhervorming	χrɔntɦɛrfɔrəməŋ	train
grondhoue	χrɔntɦœuə	train
grondig	χrɔndəχ	train
grondige	χrɔndəχə	train
grondlegger	χrɔntlɛχər	train
grondliggend	χrɔntləχənt	test
grondliggende	χrɔntləχəndə	train
grondpad	χrɔntpat	train
grondregte	χrɔntrɛχtə	train
grondsake	χrɔntsɑːkə	train
grondslae	χrɔntslɑːə	train
grondslaestudies	χrɔntslɑːəstydis	train
grondslag	χrɔntslaχ	train
grondstof	χrɔntstɔf	train
grondstowwe	χrɔntstɔvə	train
grondvat	χrɔntfat	train
grondvlak	χrɔntflak	train
grondvloer	χrɔntflur	train
grondvryhoogte	χrɔntfrəiɦuəχtə	train
grondwater	χrɔntvɑːtər	train
grondwet	χrɔntvɛt	train
grondwetgewende	χrɔntvɛtχiəvəndə	train
grondwetlik	χrɔntvɛtlək	train
grondwetlike	χrɔntvɛtləkə	train
grondwetlikheid	χrɔntvɛtləkɦəit	train
grondwetskrywende	χrɔntvɛtskrəivəndə	train
groot	χruət	train
grootbaas	χruətbɑːs	train
grootbase	χruətbɑːsə	train
grootboeke	χruətbukə	train
grootboekrekening	χruətbukriəkənəŋ	train
grootboekrekeninge	χruətbukriəkənəŋə	train
groote	χruətə	train
grootgemaak	χruətχəmɑːk	test
grootgeword	χruətχəvɔrt	train
groothandel	χruətɦandəl	train
groothandelaar	χruətɦandəlɑːr	train
groothandelaars	χruətɦandəlɑːrs	train
groothede	χruətɦiədə	train
grootheid	χruətɦəit	train
grootkraal	χruətkrɑːl	train
grootliks	χruətləks	train
grootlosie	χruətluəsi	test
grootmaak	χruətmɑːk	train
grootmeesters	χruətmiəstərs	train
grootmense	χruətmɛnsə	train
grootmoeder	χruətmudər	train
grootouers	χruətœuərs	train
grootpad	χruətpat	train
grootse	χruətsə	train
grootskaalse	χruətskɑːlsə	train
grootskeepse	χruətskiəpsə	test
grootste	χruətstə	test
grootstes	χruətstəs	train
grootte	χruətə	train
groottes	χruətəs	train
groottotaal	χruəttutɑːl	train
grootvader	χruətfɑːdər	train
grootword	χruətvɔrt	test
gros	χrɔs	train
grot	χrɔt	train
grote	χruətə	train
grotendeels	χruətəndiəls	train
groter	χruətər	test
grotere	χruətərə	train
groterige	χruətərəχə	train
groters	χruətərs	train
grotes	χruətəs	train
groteske	χrutɛskə	train
grou	χrœu	train
growwe	χrɔvə	train
gruis	χrœys	train
grunberger	χrunbərχər	train
grusame	χrysɑːmə	train
gryp	χrəip	train
grys	χrəis	train
gryse	χrəisə	train
guitige	χœytəχə	train
gul	χœl	train
gulde	χœldə	train
gulhartige	χœlɦartəχə	train
gun	χœn	train
guns	χœns	train
gunste	χœnstə	train
gunsteling	χœnstələŋ	train
gunstelinge	χœnstələŋə	train
gunstig	χœnstəχ	train
gunstige	χœnstəχə	train
gunstiger	χœnstəχər	train
gunter	χœntər	train
gustaf	χustaf	train
gyselaar	χəisəlɑːr	train
gyselaars	χəisəlɑːrs	train
gyseling	χəisələŋ	train
ha	ɦa	train
haag	ɦɑːχ	train
haai	ɦɑːi	train
haaie	ɦɑːiə	test
haak	ɦɑːk	train
haakplek	ɦɑːkplɛk	train
haakplekke	ɦɑːkplɛkə	train
haaks	ɦɑːks	train
haal	ɦɑːl	train
haalbaar	ɦɑːlbɑːr	train
haalbaarheid	ɦɑːlbɑːrɦəit	train
haan	ɦɑːn	train
haar	ɦɑːr	train
haaraf	ɦɑːraf	train
haarfyn	ɦɑːrfəin	train
haarkapper	ɦɑːrkapər	train
haarkappers	ɦɑːrkapərs	train
haarnaalde	ɦɑːrnɑːldə	train
haarsalon	ɦɑːrsalɔn	train
haarself	ɦɑːrsɛlf	train
haarstyle	ɦɑːrstəilə	test
haas	ɦɑːs	train
haastig	ɦɑːstəχ	train
haastige	ɦɑːstəχə	train
haat	ɦɑːt	train
habitat	ɦabitat	train
habitatte	ɦabitatə	train
had	ɦɑːt	train
hael	ɦɑːəl	train
haelgeweer	ɦɑːəlχəviər	train
haelstorm	ɦɑːəlstɔrm	train
haelstorms	ɦɑːəlstɔrms	train
haglik	ɦaχlək	train
haglike	ɦaχləkə	train
haka	ɦaka	train
haker	ɦakər	train
hakers	ɦakərs	train
hakies	ɦakis	train
hakke	ɦakə	train
hale	ɦɑːlə	train
half	ɦalf	train
halfagt	ɦalfaχt	train
halfbroer	ɦalfbrur	train
halfdag	ɦalfdaχ	train
halfdonker	ɦalfdɔŋkər	test
halfdosyn	ɦalfdusəin	train
halfdrie	ɦalfdri	train
halfeen	ɦalfiən	train
halfeind	ɦalfəint	train
halfeindronde	ɦalfəintrɔntə	train
halfeindrondes	ɦalfəintrɔntəs	test
halfeindstryd	ɦalfəintstrəit	train
halfeindstryde	ɦalfəintstrəidə	train
halfelf	ɦalfɛlf	train
halfgebied	ɦalfχəbit	train
halfgeleiers	ɦalfχələiərs	test
halfhartig	ɦalfɦartəχ	test
halfhartige	ɦalfɦartəχə	train
halfjaar	ɦalfjɑːr	train
halfjaarlikse	ɦalfjɑːrləksə	train
halfmaan	ɦalfmɑːn	train
halfmaanvormige	ɦalfmɑːnfɔrəməχə	train
halfmarathon	ɦalfmaratɔn	train
halfmiljoen	ɦalfməljun	train
halfnege	ɦalfniəχə	test
halfpad	ɦalfpat	train
halfrond	ɦalfrɔnt	train
halfses	ɦalfsɛs	train
halfsewe	ɦalfsiəvə	train
halfstok	ɦalfstɔk	train
halftien	ɦalftin	train
halftwaalf	ɦalftwɑːlf	test
halftwee	ɦalftwiə	train
halftyd	ɦalftəit	train
halfvier	ɦalffir	train
halfvyf	ɦalffəif	test
halfweghuis	ɦalfvɛχɦœys	train
halleluja	ɦaləluja	train
hallusinasies	ɦalusinɑːsis	test
haloalkaan	ɦalualkɑːn	train
haloalkane	ɦalualkɑːnə	train
halogeen	ɦaluχiən	train
halogene	ɦaluχiənə	train
hals	ɦals	train
halsoorkop	ɦalsuərkɔp	train
halssnoer	ɦalssnur	train
halssnoermoorde	ɦalssnurmuərdə	train
halt	ɦalt	train
halte	ɦaltə	train
halveer	ɦalfiər	train
halwe	ɦɑːlvə	train
ham	ɦam	train
hamer	ɦamər	train
hamerhoue	ɦamərɦœuə	train
hammer	ɦamər	train
hand	ɦant	train
handboek	ɦantbuk	test
handboeke	ɦantbukə	train
handdoek	ɦanduk	train
handdoeke	ɦandukə	train
handdruk	ɦandrœk	train
hande	ɦandə	train
handel	ɦandəl	train
handelaar	ɦandəlɑːr	test
handelaars	ɦandəlɑːrs	train
handelaarskap	ɦandəlɑːrskap	train
handeling	ɦandələŋ	train
handelinge	ɦandələŋə	train
handelingsbevoegdheid	ɦandələŋsbəfuχtɦəit	train
handelsbank	ɦandəlsbaŋk	train
handelsbanke	ɦandəlsbaŋkə	train
handelsbedrywighede	ɦandəlsbədrəivəχɦiədə	train
handelsbeleid	ɦandəlsbələit	train
handelsbetrekkinge	ɦandəlsbətrɛkəŋə	test
handelsending	ɦandəlsɛndəŋ	train
handelsgebied	ɦandəlsχəbit	train
handelskou	ɦandəlskœu	train
handelsmerk	ɦandəlsmɛrk	train
handelsmerke	ɦandəlsmɛrkə	train
handelsnaam	ɦandəlsnɑːm	train
handelsname	ɦandəlsnɑːmə	train
handelsooreenkoms	ɦandəlsuəriənkɔms	train
handelsooreenkomste	ɦandəlsuəriənkɔmstə	train
handelsoorskot	ɦandəlsuərskɔt	train
handelsorganisasie	ɦandəlsɔrχanisɑːsi	train
handelsrekening	ɦandəlsriəkənəŋ	train
handelsroetes	ɦandəlsrutəs	train
handelstak	ɦandəlstak	train
handelstekort	ɦandəlstəkɔrt	test
handelstoestande	ɦandəlstustandə	train
handelsvennote	ɦandəlsfənuətə	test
handelsverteenwoordiger	ɦandəlsfərtiənvuərdəχər	train
handelsvoorraad	ɦandəlsfuərɑːt	train
handelsvoorraadrekening	ɦandəlsfuərɑːtriəkənəŋ	train
handelwyse	ɦandəlvəisə	test
handgemaakte	ɦantχəmɑːktə	test
handgemeen	ɦantχəmiən	train
handgeskrewe	ɦantχəskriəvə	train
handgranaat	ɦantχranɑːt	train
handgranate	ɦantχranɑːtə	train
handhaaf	ɦantɦɑːf	train
handhawing	ɦantɦɑːvəŋ	test
handig	ɦandəχ	train
handige	ɦandəχə	train
handjie	ɦaiŋki	train
handjies	ɦaiŋkis	train
handjievol	ɦaiŋkifɔl	train
handlanger	ɦantlaŋər	train
handlangers	ɦantlaŋərs	train
handleiding	ɦantləidəŋ	train
handpalm	ɦantpalm	train
handpalms	ɦantpalms	train
handratkas	ɦantratkas	test
hands	ɦants	train
handsak	ɦantsak	train
handsakke	ɦantsakə	train
handskoen	ɦantskun	train
handskoene	ɦantskunə	train
handskrif	ɦantskrəf	train
handtekening	ɦantiəkənəŋ	train
handtekeninge	ɦantiəkənəŋə	train
handtekens	ɦanttiəkəns	test
handvatsel	ɦantfatsəl	train
handvatsels	ɦantfatsəls	train
handves	ɦantfɛs	train
handvol	ɦantfɔl	train
handwapen	ɦantvɑːpən	train
handwapens	ɦantvɑːpəns	train
hane	ɦɑːnə	train
hanetree	ɦɑːnətriə	train
hang	ɦaŋ	train
hange	ɦaŋə	train
hangende	ɦaŋəndə	test
hangkas	ɦaŋkas	train
hangslotte	ɦaŋslɔtə	test
hanna	ɦana	train
hans	ɦans	train
hansie	ɦansi	train
hansvark	ɦansfark	train
hanteer	ɦantiər	train
hanteerbaar	ɦantiərbɑːr	train
hanteerbare	ɦantiərbɑːrə	test
hanteerder	ɦantiərdər	train
hantering	ɦantiərəŋ	train
hap	ɦap	train
happie	ɦapi	train
hard	ɦart	test
harde	ɦardə	train
hardebaarde	ɦardəbɑːrdə	train
hardeband	ɦardəbant	train
harder	ɦardər	train
hardeskyf	ɦardəskəif	train
hardeware	ɦardəvɑːrə	train
hardloop	ɦartluəp	test
hardloopkans	ɦartluəpkɑːns	train
hardlooprugby	ɦartluəpraχbi	train
hardloper	ɦartluəpər	train
hardnekkig	ɦartnɛkəχ	train
hardnekkige	ɦartnɛkəχə	train
hardop	ɦartɔp	train
hardste	ɦartstə	train
hardus	ɦardœs	train
hardwerkende	ɦartvɛrkəndə	test
hare	ɦɑːrə	train
harige	ɦɑːrəχə	test
hark	ɦark	train
harmonie	ɦarmuni	test
harmoniese	ɦarmuənisə	train
harnas	ɦarnas	train
harpe	ɦarpə	train
harry	ɦɛri	train
harsingskudding	ɦarsəŋskœdəŋ	train
hart	ɦart	train
hartaanval	ɦartɑːnfal	train
hartbeespoortdam	ɦartbiəspuərtdam	test
hartchirurg	ɦartʃirœrχ	train
harte	ɦartə	train
hartebreker	ɦartəbriəkər	train
hartens	ɦartəns	train
hartjie	ɦarki	train
hartklop	ɦartklɔp	train
hartkloptempo	ɦartklɔptɛmpu	train
hartkwaal	ɦartkwɑːl	train
hartland	ɦartlant	train
hartlik	ɦartlək	train
hartlike	ɦartləkə	train
hartoorplantings	ɦartuərplantəŋs	train
hartoperasie	ɦartuəpərɑːsi	train
hartseer	ɦartsiər	train
hartsiektes	ɦartsiktəs	train
hartsnare	ɦartsnɑːrə	train
hartspier	ɦartspir	train
hartstog	ɦartstɔχ	train
hartstogtelik	ɦartstɔχtələk	train
hartstogtelike	ɦartstɔχtələkə	train
hartversaking	ɦartfərsɑːkəŋ	train
hartverskeurend	ɦartfərskøːrənt	train
hartverskeurende	ɦartfərskøːrəndə	train
hase	ɦɑːsə	train
haute	ɦɔt	train
havenga	ɦɑːvənχa	train
hawe	ɦɑːvə	train
haweloos	ɦɑːvəluəs	train
hawelose	ɦɑːvəluəsə	train
haweloses	ɦɑːvəlusəs	train
hawens	ɦɑːvəns	train
hawerhaas	ɦɑːvərɦɑːs	train
hectorspruit	ɦɛktɔrsprœyt	test
hede	ɦiədə	train
hedendaagse	ɦiədəndɑːχsə	test
hederdaagse	ɦiədərdɑːχsə	train
heel	ɦiəl	train
heelagter	ɦiəlaχtər	train
heelagters	ɦiəlaχtərs	train
heelal	ɦiəlal	train
heelalgenote	ɦiəlalχənuətə	train
heelalletjies	ɦiəlalikis	train
heeldag	ɦiəldaχ	train
heelgetal	ɦiəlχətal	train
heelgetalle	ɦiəlχətalə	train
heelnag	ɦiəlnaχ	train
heelparty	ɦiəlpartəi	train
heeltemal	ɦiəltəmal	train
heeltyd	ɦiəltəit	train
heeltyds	ɦiəltəits	train
heeltydse	ɦiəltəitsə	train
heelwaarskynlik	ɦiəlvɑːrskəinlək	train
heelwat	ɦiəlvat	train
heen	ɦiən	train
heengaan	ɦiənχɑːn	train
heenkome	ɦiənkuəmə	train
heenpeil	ɦiənpəil	train
heenreis	ɦiənrəis	train
heer	ɦiər	train
heerden	ɦiərdən	train
heerlik	ɦiərlək	test
heerlike	ɦiərləkə	train
heerlikheid	ɦiərləkɦəit	train
heerlikste	ɦiərləkstə	train
heers	ɦiərs	train
heersende	ɦiərsəndə	train
heerser	ɦiərsər	train
heersers	ɦiərsərs	train
heerskappy	ɦiərskapəi	train
hees	ɦiəs	test
heet	ɦiət	train
hef	ɦɛf	train
hefbome	ɦɛfbumə	test
hefboom	ɦɛfbuəm	train
heffing	ɦɛfəŋ	train
heffings	ɦɛfəŋs	test
heftig	ɦɛftəχ	train
heftige	ɦɛftəχə	train
heg	ɦɛχ	train
hegte	ɦɛχtə	test
hegtenis	ɦɛχtənəs	train
hegter	ɦɛχtər	train
heid	ɦəit	train
heide	ɦəidə	train
heidelberg	ɦəidəlbɛrχ	train
heiden	ɦəidən	test
heidendom	ɦəidəndɔm	train
heidene	ɦəidənə	test
heidennasies	ɦəidənnɑːsis	train
heidense	ɦəidənsə	train
heil	ɦəil	train
heiland	ɦəilant	train
heildronk	ɦəildrɔŋk	train
heilig	ɦəiləχ	train
heiligdom	ɦəiləχdɔm	test
heilige	ɦəiləχə	train
heiliges	ɦəiləχəs	train
heiligheid	ɦəiləχɦəit	train
heiligmaking	ɦəiləχmɑːkəŋ	train
heiligskennis	ɦəiləχskɛnəs	train
heiligverklaring	ɦəiləχfərklɑːrəŋ	train
heilsame	ɦəilsɑːmə	train
heilsgeskiedenis	ɦəilsχəskidənəs	train
heilsplan	ɦəilsplan	train
heimlik	ɦəimlək	train
heinde	ɦəində	train
heining	ɦəinəŋ	train
heinings	ɦəinəŋs	train
heinrich	ɦainriχ	train
heirskaar	ɦəirskɑːr	train
hek	ɦɛk	train
hekel	ɦiəkəl	train
hekke	ɦɛkə	test
hekkie	ɦɛki	train
hekkies	ɦɛkis	train
heksejag	ɦɛksəjaχ	train
heksie	ɦɛksi	train
hektaar	ɦɛktɑːr	train
hel	ɦɛl	train
helaas	ɦiəlɑːs	train
held	ɦɛlt	train
helde	ɦɛldə	train
helder	ɦɛldər	train
helderblou	ɦɛldərblœu	train
helderder	ɦɛldərdər	train
heldere	ɦɛldərə	train
helderheid	ɦɛldərɦəit	train
helderkleurige	ɦɛldərkløːrəχə	train
helderkruin	ɦɛldərkrœyn	train
helderste	ɦɛldərstə	train
heldhaftig	ɦɛltɦaftəχ	train
heldhaftige	ɦɛltɦaftəχə	train
heldin	ɦɛldən	train
hele	ɦiələ	train
helende	ɦiələndə	train
helfte	ɦɛlftə	train
helikopter	ɦɛlikɔptər	test
helikopters	ɦɛlikɔptərs	train
helium	ɦiliœm	train
helling	ɦɛləŋ	train
hellings	ɦɛləŋs	train
hello	ɦɛlœu	train
helm	ɦɛlm	train
helms	ɦɛlms	train
help	ɦɛlp	train
helpende	ɦɛlpəndə	test
helper	ɦɛlpər	train
helpers	ɦɛlpərs	train
helpmekaar	ɦɛlpməkɑːr	train
helse	ɦɛlsə	train
hemde	ɦɛmdə	train
hemel	ɦiəməl	train
hemelbewoners	ɦiəməlbəvuənərs	train
hemele	ɦiəmələ	train
hemelkleure	ɦiəməlkløːrə	train
hemelliggaam	ɦiəməlləχɑːm	train
hemelliggame	ɦiəməlləχɑːmə	train
hemelruim	ɦiəməlrœym	train
hemelryk	ɦiəməlrəik	train
hemelsbreed	ɦiəməlsbriət	train
hemelse	ɦiəməlsə	train
hemelvaart	ɦiəməlfɑːrt	train
hemoglobien	ɦiəmuχlubin	train
hemp	ɦɛmp	train
hempie	ɦɛmpi	train
hen	ɦɛn	train
hendrik	ɦɛndrək	train
hendrina	ɦɛndrina	train
hengel	ɦɛŋəl	train
hengelaar	ɦɛŋəlɑːr	train
hengelaars	ɦɛŋəlɑːrs	train
hengelklub	ɦɛŋəlklœp	train
hengse	ɦɛŋsə	train
henkie	ɦɛŋki	test
henrico	ɦɛnriku	train
hepatitis	ɦɛpatitəs	train
herbenutting	ɦɛrbənœtəŋ	train
herberekening	ɦɛrbəriəkənəŋ	test
herberg	ɦɛrbɛrχ	train
herbergier	ɦɛrbɛrχir	train
herbevestig	ɦɛrbəfɛstəχ	train
herbore	ɦɛrbuərə	train
herbou	ɦɛrbœu	train
herdefinieer	ɦɛrdɛfəniiər	train
herdefiniëring	ɦɛrdɛfəniiərəŋ	train
herdenk	ɦɛrdɛŋk	train
herdenking	ɦɛrdɛŋkəŋ	train
herder	ɦɛrdər	train
herdershond	ɦɛrdərsɦɔnt	test
herdoop	ɦɛrduəp	train
herdruk	ɦɛrdrœk	train
here	ɦiərə	train
herehuis	ɦiərəɦœys	train
herenig	ɦɛriənəχ	train
herenigde	ɦɛriənəχdə	train
hereniging	ɦɛriənəχəŋ	train
herenigingsbasisse	ɦɛriənəχəŋsbɑːsəsə	train
herenigingsbeweging	ɦɛriənəχəŋsbəviəχəŋ	test
herenigingsbewegings	ɦɛriənəχəŋsbəviəχəŋs	train
herenigingsblad	ɦɛriənəχəŋsblat	train
herenigingskongres	ɦɛriənəχəŋskɔnχrɛs	train
herenigingskongresse	ɦɛriənəχəŋskɔnχrɛsə	train
herenigingspoging	ɦɛriənəχəŋspuəχəŋ	train
herenigingspogings	ɦɛriənəχəŋspuəχəŋs	train
herenigingstrewe	ɦɛriənəχəŋstriəvə	train
herfs	ɦɛrfs	train
hergebruik	ɦɛrχəbrœyk	test
herhaal	ɦɛrɦɑːl	test
herhaalde	ɦɛrɦɑːldə	train
herhaaldelik	ɦɛrɦɑːldələk	train
herhaaldelike	ɦɛrɦɑːldələkə	train
herhalende	ɦɛrɦɑːləndə	train
herhaling	ɦɛrɦɑːləŋ	train
herhalings	ɦɛrɦɑːləŋs	train
heringestel	ɦɛrənχəstɛl	train
herinlywing	ɦɛrənləivəŋ	train
herinner	ɦɛrənər	train
herinnering	ɦɛrənərəŋ	train
herinneringe	ɦɛrənərəŋə	train
herinnerings	ɦɛrənərəŋs	test
herinnerinkie	ɦɛrənərəŋki	test
herinstelling	ɦɛrənstɛləŋ	train
herken	ɦɛrkɛn	train
herkenning	ɦɛrkɛnəŋ	train
herkies	ɦɛrkis	train
herkoms	ɦɛrkɔms	train
herlaai	ɦɛrlɑːi	train
herleef	ɦɛrliəf	train
herlees	ɦɛrliəs	train
herlei	ɦɛrləi	train
herlewe	ɦɛrliəvə	train
herlewing	ɦɛrliəvəŋ	train
herlewingsoord	ɦɛrliəvəŋsuərt	train
hermanus	ɦɛrmɑːnœs	train
hermeneuse	ɦɛrmənøːsə	train
hermeneutiek	ɦɛrmənøːtik	test
hermeneutiese	ɦɛrmənøːtisə	test
hernieu	ɦɛrny	train
hernieude	ɦɛrnydə	train
hernoem	ɦɛrnum	train
herontdekking	ɦɛrɔntdɛkəŋ	test
herontmoeting	ɦɛrɔntmutəŋ	train
herontwerp	ɦɛrɔntvɛrp	train
herontwikkeling	ɦɛrɔntvəkələŋ	train
heroorweeg	ɦɛruərviəχ	train
heroorweging	ɦɛruərviəχəŋ	train
heropbou	ɦɛrɔpbœu	train
heropen	ɦɛruəpən	train
heropening	ɦɛruəpənəŋ	train
heropgevoed	ɦɛrɔpχəfut	train
heropleiding	ɦɛrɔpləidəŋ	train
herower	ɦɛruəvər	train
heroïen	ɦɛruin	test
heroïese	ɦiəruəisə	train
herposisioneer	ɦɛrpuziʃiuniər	train
herrangskik	ɦɛraŋskək	train
herrangskikking	ɦɛraŋskəkəŋ	train
herrie	ɦɛri	train
herroep	ɦɛrup	train
herroeping	ɦɛrupəŋ	train
herrys	ɦɛrəis	train
hersaamgestel	ɦɛrsɑːmχəstɛl	train
hersamestelling	ɦɛrsɑːməstɛləŋ	train
hersien	ɦɛrsin	train
hersiene	ɦɛrsinə	train
hersiening	ɦɛrsinəŋ	train
hersieningsaansoek	ɦɛrsinəŋsɑːnsuk	train
hersieningsvrae	ɦɛrsinəŋsfrɑːə	train
herskep	ɦɛrskɛp	train
herskepping	ɦɛrskɛpəŋ	train
herskikking	ɦɛrskəkəŋ	test
herskryf	ɦɛrskrəif	train
hersonering	ɦɛrsuəniərəŋ	train
herstel	ɦɛrstɛl	train
herstelde	ɦɛrstɛldə	train
herstelwerk	ɦɛrstɛlvɛrk	train
herstigte	ɦɛrstəχtə	train
herstruktureer	ɦɛrstrœktʃyriər	train
herstrukturering	ɦɛrstrœktʃyriərəŋ	test
hertoelating	ɦɛrtulɑːtəŋ	train
hertoetrede	ɦɛrtutriədə	train
hertog	ɦɛrtɔχ	train
hertogin	ɦɛrtɔχən	train
hertogskroon	ɦɛrtɔχskruən	train
hertzog	ɦɛrtsɔχ	train
hertzogstryd	ɦɛrtsɔχstrəit	train
heruitsending	ɦɛrœytsɛndəŋ	train
hervat	ɦɛrfat	train
hervatting	ɦɛrfatəŋ	train
herverdeel	ɦɛrfərdiəl	test
herverdeling	ɦɛrfərdiələŋ	train
herverkies	ɦɛrfərkis	train
herverkoop	ɦɛrfərkuəp	train
herverkoopwaarde	ɦɛrfərkuəpvɑːrdə	train
hervestig	ɦɛrfɛstəχ	train
hervestiging	ɦɛrfɛstəχəŋ	train
hervorm	ɦɛrfɔrəm	train
hervormde	ɦɛrfɔrəmdə	test
hervormer	ɦɛrfɔrəmər	train
hervormers	ɦɛrfɔrəmərs	train
hervorming	ɦɛrfɔrəməŋ	train
hervorminge	ɦɛrfɔrəməŋə	train
hervormings	ɦɛrfɔrəməŋs	test
herwaardering	ɦɛrvɑːrdiərəŋ	train
herwin	ɦɛrvən	train
herwinning	ɦɛrvənəŋ	train
het	ɦɛt	train
hete	ɦiətə	train
heter	ɦiətər	train
heterdaad	ɦiətərdɑːt	train
heterogene	ɦiətəruχiənə	train
hetsy	ɦɛtsəi	test
heuglike	ɦøːχləkə	train
heuning	ɦøːnəŋ	train
heuningkoek	ɦøːnəŋkuk	test
heup	ɦøːp	train
heupe	ɦøːpə	train
heuwel	ɦøːvəl	train
heuwelreeks	ɦøːvəlriəks	train
heuwels	ɦøːvəls	train
hewig	ɦiəvəχ	train
hewige	ɦiəvəχə	train
hibriditeit	ɦibriditəit	train
hibried	ɦibrit	train
hibriedmotors	ɦibritmuətərs	test
hidro	ɦidru	train
hidrologiese	ɦidruluəχisə	test
hier	ɦir	test
hieraan	ɦirɑːn	train
hierbenewens	ɦirbəniəvəns	train
hierbinne	ɦirbənə	train
hierbo	ɦirbu	train
hierby	ɦirbəi	train
hierdeur	ɦirdøːr	test
hierdie	ɦirdi	test
hierheen	ɦirɦiən	train
hierie	ɦiri	test
hierin	ɦirən	train
hierlangs	ɦirlaŋs	train
hiermee	ɦirmiə	test
hierna	ɦirnɑː	train
hiernaas	ɦirnɑːs	train
hiernamaals	ɦirnɑːmɑːls	train
hiernatoe	ɦirnatu	train
hierom	ɦirɔm	test
hieromtrent	ɦirɔmtrɛnt	train
hieronder	ɦirɔndər	train
hieroor	ɦiruər	train
hierop	ɦirɔp	train
hieropvolgende	ɦirɔpfɔlχəndə	train
hierso	ɦirsɔ	train
hierteen	ɦirtiən	train
hierteenoor	ɦirtiənuər	train
hiertoe	ɦirtu	train
hieruit	ɦirœyt	train
hiervan	ɦirfan	train
hiervandaan	ɦirfandɑːn	train
hiervolgens	ɦirfɔlχəns	train
hiervoor	ɦirfuər	train
hilariteit	ɦilaritəit	train
himalajagebergte	ɦimalaijaχəbɛrχtə	train
himeville	ɦaimvəl	train
hinder	ɦəndər	train
hinderlik	ɦəndərlək	train
hindernis	ɦəndərnəs	train
hindernisse	ɦəndərnəsə	train
hings	ɦəŋs	train
hingsie	ɦəŋsi	train
hingste	ɦəŋstə	train
hingsvul	ɦəŋsfœl	train
hingsvullens	ɦəŋsfœləns	train
hiper	ɦipər	train
hiperaktiwiteit	ɦipəraktivitəit	train
hipermark	ɦipərmark	train
hipnoterapie	ɦipnutɛrapi	test
hipotermie	ɦiputɛrmi	train
hipotese	ɦiputiəsə	train
hipoteses	ɦiputiəsəs	train
hipotesetoetsing	ɦiputiəsətutsəŋ	train
hipotetiese	ɦiputiətisə	test
hirargie	ɦirarχi	train
hirsch	ɦərʃ	train
histeries	ɦistiəris	train
historici	ɦistuərisi	train
histories	ɦistuəris	test
historiese	ɦistuərisə	train
historikus	ɦistuərikœs	train
historiografie	ɦistuəriuχrafi	train
hits	ɦəts	train
hitte	ɦətə	train
hittegolf	ɦətəχɔlf	train
hittete	ɦətətə	train
hiërargie	ɦiərarχi	train
hiërargiese	ɦiərarχisə	train
hobo	ɦuəbu	train
hoc	ɦɔk	train
hoe	ɦu	train
hoe't	ɦut	train
hoed	ɦut	train
hoedanig	ɦudɑːnəχ	train
hoedanighede	ɦudɑːnəχɦiədə	train
hoedanigheid	ɦudɑːnəχɦəit	test
hoedat	ɦudat	train
hoede	ɦudə	test
hoef	ɦuf	train
hoefdiere	ɦufdirə	train
hoegenaamd	ɦuχənɑːmt	train
hoek	ɦuk	test
hoeke	ɦukə	train
hoekie	ɦuki	train
hoekies	ɦukis	train
hoekland	ɦuklant	train
hoekom	ɦukɔm	train
hoekpunt	ɦukpœnt	train
hoeksteen	ɦukstiən	train
hoekstene	ɦukstiənə	train
hoender	ɦundər	train
hoenderaftreksel	ɦundəraftrɛksəl	train
hoenderhok	ɦundərɦɔk	train
hoenders	ɦundərs	train
hoendervleis	ɦundərfləis	train
hoer	ɦur	train
hoera	ɦurɑː	train
hoes	ɦus	train
hoeseer	ɦusiər	train
hoeveel	ɦufiəl	train
hoeveelhede	ɦufiəlɦiədə	train
hoeveelheid	ɦufiəlɦəit	train
hoever	ɦufɛr	train
hoewe	ɦuvə	train
hoewel	ɦuvɛl	test
hoewes	ɦuvəs	train
hof	ɦɔf	train
hofaansoek	ɦɔfɑːnsuk	train
hofbeslissing	ɦɔfbəsləsəŋ	train
hofbeslissings	ɦɔfbəsləsəŋs	train
hofbevel	ɦɔfbəfɛl	train
hofgebou	ɦɔfχəbœu	train
hofgeding	ɦɔfχədəŋ	test
hofgedinge	ɦɔfχədəŋə	train
hofies	ɦuəfis	train
hofinterdik	ɦɔfəntərdək	train
hoflikheid	ɦɔfləkɦəit	train
hofmeyr	ɦɔfməiər	train
hofsaak	ɦɔfsɑːk	train
hofsaal	ɦɔfsɑːl	train
hofsake	ɦɔfsɑːkə	train
hofselle	ɦɔfsɛlə	train
hofsitting	ɦɔfsətəŋ	train
hofstukke	ɦɔfstœkə	train
hofuitspraak	ɦɔfœytsprɑːk	train
hofuitsprake	ɦɔfœytsprɑːkə	train
hofverrigtinge	ɦɔffərəχtəŋə	train
hok	ɦɔk	train
hokgeslaan	ɦɔkχəslɑːn	train
hokke	ɦɔkə	train
hokkie	ɦɔki	train
hokkiespan	ɦɔkispan	train
hokslaan	ɦɔkslɑːn	train
hol	ɦɔl	train
holistiese	ɦuləstisə	train
holland	ɦɔlant	train
hollanders	ɦɔlandərs	train
hollandse	ɦɔlantsə	train
holte	ɦɔltə	train
holtes	ɦɔltəs	train
hom	ɦɔm	test
homeopatie	ɦuəmiupati	train
homiletiese	ɦɔməliətisə	test
hominied	ɦuəmənit	train
hominiede	ɦuəmənidə	train
homo	ɦuəmu	test
homogeen	ɦuəmuχiən	train
homogene	ɦuəmuχiənə	train
homoloë	ɦuəmuluə	test
homoseksualiteit	ɦuəmusɛkʃyalitəit	train
homself	ɦɔmsɛlf	train
hond	ɦɔnt	train
honde	ɦɔndə	train
hondekos	ɦɔndəkɔs	train
honderd	ɦɔndərt	train
honderdduisend	ɦɔndərtdœysənt	train
honderdduisende	ɦɔndərtdœysəndə	test
honderde	ɦɔndərdə	test
honderdjarige	ɦɔndərtjɑːrəχə	train
honderdmaal	ɦɔndərtmɑːl	train
honderdponders	ɦɔndərtpɔndərs	train
honderdste	ɦɔndərtstə	train
honderdtal	ɦɔndərtal	train
honderdtalle	ɦɔndərtalə	train
hondeskool	ɦɔndəskuəl	train
hondjie	ɦɔiŋki	test
hondjies	ɦɔiŋkis	train
honger	ɦɔŋər	train
hongerdood	ɦɔŋərduət	train
hongerige	ɦɔŋərəχə	train
hongersnood	ɦɔŋərsnuət	train
honneurs	ɔnøːrs	train
honneursgraad	ɦɔnøːrsχrɑːt	train
honorarium	ɔnɔrɑːriœm	train
hoof	ɦuəf	test
hoofafrigter	ɦuəfafrəχtər	train
hoofamptenaar	ɦuəfamptənɑːr	train
hoofartikel	ɦuəfartikəl	train
hoofartikelblad	ɦuəfartikəlblat	train
hoofbeampte	ɦuəfbəamptə	train
hoofberig	ɦuəfbərəχ	train
hoofbrekens	ɦuəfbriəkəns	train
hoofde	ɦuəfdə	train
hoofdele	ɦuəfdiələ	train
hoofdirekteur	ɦuəfdirɛktøːr	train
hoofdirektoraat	ɦuəfdirɛkturɑːt	train
hoofdoel	ɦuəfdul	train
hoofdoelstelling	ɦuəfdulstɛləŋ	train
hoofdoelwit	ɦuəfdulvət	train
hoofekonoom	ɦuəfɛkunuəm	test
hooffokus	ɦuəffuəkœs	train
hooffunksies	ɦuəffœŋksis	train
hoofgebou	ɦuəfχəbœu	train
hoofgedagtes	ɦuəfχədaχtəs	train
hoofgereg	ɦuəfχərɛχ	train
hoofgroepe	ɦuəfχrupə	train
hoofgroepmetale	ɦuəfχrupmətɑːlə	train
hoofidees	ɦuəfidiəs	train
hoofinspekteur	ɦuəfənspɛktøːr	test
hoofkampus	ɦuəfkampœs	train
hoofkantoor	ɦuəfkantuər	train
hoofkantore	ɦuəfkantuərə	train
hoofkarakter	ɦuəfkaraktər	train
hoofkarakters	ɦuəfkaraktərs	train
hoofkategorieë	ɦuəfkatəχuriə	train
hoofketting	ɦuəfkɛtəŋ	train
hoofkleure	ɦuəfkløːrə	train
hoofkomponente	ɦuəfkɔmpunɛntə	train
hoofkonstabel	ɦuəfkɔnstɑːbəl	test
hoofkwartier	ɦuəfkwartir	train
hoofleier	ɦuəfləiər	test
hoofleiers	ɦuəfləiərs	train
hoofleraar	ɦuəfliərɑːr	train
hoofletter	ɦuəflɛtər	train
hoofletters	ɦuəflɛtərs	train
hoofman	ɦuəfman	train
hoofmanne	ɦuəfmanə	train
hoofminister	ɦuəfmənəstər	train
hoofonderhandelaar	ɦuəfɔndərɦandəlɑːr	train
hoofoorsaak	ɦuəfuərsɑːk	train
hoofopskrifte	ɦuəfɔpskrəftə	train
hooforganiseerder	ɦuəfɔrχanisiərdər	test
hoofpaaie	ɦuəfpɑːiə	train
hoofpad	ɦuəfpat	train
hoofprodukte	ɦuəfprudœktə	train
hoofprys	ɦuəfprəis	train
hoofpyn	ɦuəfpəin	test
hoofpyne	ɦuəfpəinə	test
hoofraad	ɦuəfrɑːt	train
hoofredakteur	ɦuəfrɛdaktøːr	train
hoofrede	ɦuəfriədə	train
hoofredes	ɦuəfriədəs	train
hoofregter	ɦuəfrɛχtər	train
hoofroete	ɦuəfrutə	test
hoofrol	ɦuəfrɔl	train
hoofrolle	ɦuəfrɔlə	train
hoofsaaklik	ɦuəfsɑːklək	train
hoofsekretaris	ɦuəfsəkrətɑːrəs	train
hoofseun	ɦuəfsøːn	train
hoofslaapkamer	ɦuəfslɑːpkɑːmər	train
hoofspeler	ɦuəfspiələr	train
hoofspelers	ɦuəfspiələrs	train
hoofspreker	ɦuəfspriəkər	test
hoofstad	ɦuəfstat	train
hoofstede	ɦuəfstiədə	train
hoofstraat	ɦuəfstrɑːt	train
hoofstroom	ɦuəfstruəm	train
hoofstuk	ɦuəfstœk	train
hoofstukindeling	ɦuəfstœkəndiələŋ	train
hoofstukke	ɦuəfstœkə	train
hoofsweep	ɦuəfswiəp	train
hooftaak	ɦuəftɑːk	train
hooftema	ɦuəftiəma	train
hooftemas	ɦuəftiəmas	train
hooftipes	ɦuəftipəs	test
hoofuitvoerende	ɦuəfœytfurəndə	train
hoofvakke	ɦuəffakə	train
hoofwedstryd	ɦuəfvɛtstrəit	train
hoofweg	ɦuəfvɛχ	test
hoofwerkwoorde	ɦuəfvɛrkvuərdə	train
hoog	ɦuəχ	train
hoogaangeskrewe	ɦuəχɑːnχəskriəvə	train
hooggeplaaste	ɦuəχχəplɑːstə	train
hooggeplaastes	ɦuəχχəplɑːstəs	train
hooggeregshof	ɦuəχχərɛχsɦɔf	train
hoogland	ɦuəχlant	train
hoogleraar	ɦuəχliərɑːr	train
hoogmode	ɦuəχmuədə	train
hoogmoedig	ɦuəχmudəχ	train
hoogs	ɦuəχs	train
hoogspring	ɦuəχsprəŋ	test
hoogspringer	ɦuəχsprəŋər	train
hoogstaande	ɦuəχstɑːndə	train
hoogste	ɦuəχstə	train
hoogstens	ɦuəχstəns	train
hoogte	ɦuəχtə	train
hoogtepunt	ɦuəχtəpœnt	test
hoogtepunte	ɦuəχtəpœntə	train
hoogtes	ɦuəχtəs	test
hoogtevrees	ɦuəχtəfriəs	train
hoogty	ɦuəχtəi	train
hoogvallende	ɦuəχfaləndə	train
hoogverraad	ɦuəχfərɑːt	train
hoop	ɦuəp	train
hoopvol	ɦuəpfɔl	train
hoopvolle	ɦuəpfɔlə	train
hoopvoller	ɦuəpfɔlər	train
hoor	ɦuər	train
hoorbaar	ɦuərbɑːr	train
hoorbare	ɦuərbɑːrə	test
hoorder	ɦuərdər	train
hoorders	ɦuərdərs	train
hoort	ɦuərt	train
hop	ɦɔp	train
hope	ɦuəpə	train
hopelik	ɦuəpələk	train
hopeloos	ɦuəpəluəs	train
hopie	ɦuəpi	train
horde	ɦɔrdə	test
hordes	ɦɔrdəs	train
horings	ɦuərəŋs	train
horison	ɦuərisɔn	train
horisontaal	ɦuərisɔntɑːl	train
horisontale	ɦuərisɔntɑːlə	train
horlosie	ɦɔrluəsi	train
horlosies	ɦɔrlusis	train
hormisdas	ɦɔrməsdas	train
hormone	ɦɔrmunə	train
hormoon	ɦɔrmuən	train
hormoonvervangingsterapie	ɦɔrmuənfərfaŋəŋstɛrapi	test
horrelpoot	ɦɔrəlpuət	train
horst	ɦɔrst	train
hort	ɦɔrt	test
hosea	ɦɔsia	train
hospies	ɦɔspis	train
hospitaal	ɦɔspitɑːl	train
hospitaalbed	ɦɔspitɑːlbɛt	train
hospitaaldienste	ɦɔspitɑːldinstə	train
hospitaalpersoneel	ɦɔspitɑːlpɛrsuniəl	test
hospitale	ɦɔspitɑːlə	train
hospitalisasie	ɦɔspitalisɑːsi	test
hostel	ɦɔstɛl	train
hostelle	ɦɔstɛlə	train
hostels	ɦɔstəls	train
hot	ɦɔt	test
hotel	ɦutɛl	train
hotelbedryf	ɦutɛlbədrəif	train
hotelkamer	ɦutɛlkɑːmər	test
hotelle	ɦutɛlə	train
hotels	ɦutɛls	train
hotelverblyf	ɦutɛlfərbləif	train
hou	ɦœu	train
houding	ɦœudəŋ	train
houdings	ɦœudəŋs	train
houe	ɦœuə	train
houer	ɦœuər	test
houermaatskappy	ɦœuərmɑːtskapəi	test
houers	ɦœuərs	train
houespel	ɦœuəspɛl	train
hougaard	ɦœuχɑːrt	train
hout	ɦœut	test
houtbalk	ɦœutbalk	train
houtbankies	ɦœutbaŋkis	train
houtblok	ɦœutblɔk	train
houtjie	ɦœuki	train
houtpionne	ɦœutpiɔnə	train
houtskool	ɦœutskuəl	train
houtstok	ɦœutstɔk	train
houtvesels	ɦœutfiəsəls	test
houtwerk	ɦœutvɛrk	train
houtwiele	ɦœutvilə	train
houvas	ɦœufas	train
houvrou	ɦœufrœu	train
howe	ɦuəvə	train
hoë	ɦuə	train
hoëfrekwensiesigwoorde	ɦuəfrikwɛnsisəχvuərdə	train
hoëfrekwensiewoorde	ɦuəfrikwɛnsivuərdə	train
hoëpriester	ɦuəpristər	test
hoëprofiel	ɦuəprufil	train
hoër	ɦuər	train
hoëre	ɦuərə	train
hoëronderwys	ɦuərɔndərvəis	train
hoëronderwysbeplanning	ɦuərɔndərvəisbəplanəŋ	test
hoëronderwysinstellings	ɦuərɔndərvəisənstɛləŋs	train
hoëronderwyslandskap	ɦuərɔndərvəislantskap	train
hoëronderwyssektor	ɦuərɔndərvəissɛktɔr	train
hoëronderwysstelsel	ɦuərɔndərvəisstɛlsəl	train
hoëronderwysverskynsel	ɦuərɔndərvəisfərskəinsəl	train
hoërorde	ɦuərɔrdə	train
hoërskole	ɦuərskuələ	train
hoërskoolafdeling	ɦuərskuəlafdiələŋ	train
hoërskoolleerders	ɦuərskuəlliərdərs	train
hoës	ɦuəs	train
hoëveld	ɦuəfɛlt	train
huidige	ɦœydəχə	train
huidiglik	ɦœydəχlək	train
huil	ɦœyl	train
huis	ɦœys	train
huisarres	ɦœysarɛs	train
huisarts	ɦœysarts	train
huisbediende	ɦœysbədində	train
huisbesoek	ɦœysbəsuk	train
huisbewoners	ɦœysbəvuənərs	train
huisbouers	ɦœysbœuərs	test
huisbraak	ɦœysbrɑːk	test
huisbrake	ɦœysbrɑːkə	train
huisdokter	ɦœysdɔktər	train
huise	ɦœysə	train
huiseienaar	ɦœysəiənɑːr	test
huiseienaars	ɦœysəiənɑːrs	train
huiseienaarskap	ɦœysəiənɑːrskap	train
huisgenoot	ɦœysχənuət	train
huisgesin	ɦœysχəsən	train
huisgesinne	ɦœysχəsənə	train
huishoudelike	ɦœysɦœudələkə	test
huishouding	ɦœysɦœudəŋ	train
huishoudings	ɦœysɦœudəŋs	train
huishoudkunde	ɦœysɦœutkœndə	train
huishoudster	ɦœysɦœutstər	train
huishulp	ɦœysɦœlp	train
huishulpe	ɦœysɦœlpə	train
huisie	ɦœysi	test
huisies	ɦœysis	train
huiskopers	ɦœyskuəpərs	train
huislenings	ɦœysliənəŋs	train
huisleningskoers	ɦœysliənəŋskurs	train
huislike	ɦœysləkə	test
huismense	ɦœysmɛnsə	train
huisomgewing	ɦœysɔmχiəvəŋ	train
huispryse	ɦœysprəisə	test
huistaal	ɦœystɑːl	train
huisuitdrukkings	ɦœysœytdrœkəŋs	train
huisvaderswoning	ɦœysfɑːdərsvuənəŋ	train
huisverband	ɦœysfərbant	train
huisves	ɦœysfɛs	train
huisvesting	ɦœysfɛstəŋ	train
huisvrou	ɦœysfrœu	train
huisvroue	ɦœysfrœuə	test
huisware	ɦœysvɑːrə	train
huiswerk	ɦœysvɛrk	train
huiswerker	ɦœysvɛrkər	test
huiswerkers	ɦœysvɛrkərs	train
huiswerkprobleme	ɦœysvɛrkprubliəmə	train
huiwer	ɦœyvər	train
huiwerend	ɦœyvərənt	test
huiwerig	ɦœyvərəχ	train
huiwering	ɦœyvərəŋ	train
hul	ɦœl	train
hulde	ɦœldə	train
huldeblyk	ɦœldəbləik	test
huldeblyke	ɦœldəbləikə	test
huldig	ɦœldəχ	train
hulle	ɦœlə	train
hulleself	ɦœləsɛlf	train
hulp	ɦœlp	test
hulpafrigter	ɦœlpafrəχtər	train
hulpbronne	ɦœlpbrɔnə	train
hulpeloos	ɦœlpəluəs	train
hulpeloosheid	ɦœlpəluəsɦəit	train
hulpelose	ɦœlpəluəsə	test
hulplyn	ɦœlpləin	test
hulpmiddel	ɦœlpmədəl	train
hulpmiddele	ɦœlpmədələ	train
hulpmiddels	ɦœlpmədəls	train
hulporganisasies	ɦœlpɔrχanisɑːsis	train
hulpprogram	ɦœlppruχram	train
hulpprogramme	ɦœlppruχramə	train
hulpvaardig	ɦœlpfɑːrdəχ	train
hulpverlener	ɦœlpfərliənər	train
hulpverlening	ɦœlpfərliənəŋ	train
hulpwerkwoord	ɦœlpvɛrkvuərt	train
hulself	ɦœlsɛlf	train
humeur	ɦymøːr	train
humiditeit	ɦymiditəit	train
humoristiese	ɦymɔrəstisə	train
hupstoot	ɦœpstuət	train
hut	ɦœt	train
hutte	ɦœtə	train
hy	ɦəi	train
hy's	ɦəis	test
hy't	ɦəit	train
hyg	ɦəiχ	train
hygend	ɦəiχənt	train
hys	ɦəis	train
hysbak	ɦəisbak	train
hysbakke	ɦəisbakə	train
hyself	ɦəisɛlf	train
hyser	ɦəisər	train
hysers	ɦəisərs	test
hè	ɦɛ	train
ideaal	idiɑːl	train
ideale	idiɑːlə	train
idealisme	idialəsmə	train
idealistiese	idialəstisə	train
idee	idiə	test
idees	idiəs	test
identiese	idɛntisə	train
identifikasie	idɛntifikɑːsi	train
identifiseer	idɛntifisiər	train
identifiserende	idɛntifisiərəndə	train
identifisering	idɛntifisiərəŋ	train
identiteit	idɛntitəit	train
identiteite	idɛntitəitə	test
identiteitsbewussyn	idɛntitəitsbəvœsəin	train
identiteitsdokument	idɛntitəitsdɔkymɛnt	train
identiteitsdokumente	idɛntitəitsdɔkymɛntə	test
identiteitskrisis	idɛntitəitskrisəs	test
identiteitsnommer	idɛntitəitsnɔmər	test
identiteitsvorming	idɛntitəitsfɔrəməŋ	train
ideologie	idiuluχi	train
ideologies	idiuluəχis	train
ideologiese	idiuluəχisə	train
ideologieë	idiuluχiə	train
idioom	idiuəm	train
ieder	idər	test
iedere	idərə	train
iedereen	idəriən	train
iemand	imant	test
iere	irə	train
ierland	irlant	train
ierse	irsə	train
iets	its	train
ietsie	itsi	test
ietsofanders	itsufandərs	train
ietwat	itvat	train
iewers	ivərs	train
ignoreer	iχnuriər	train
ikone	ikunə	train
ikoniese	ikunisə	train
ikonisiteit	ikunisitəit	train
ikoon	ikuən	train
illusies	ilysis	train
illustrasie	ilœstrɑːsi	train
illustrasiekuns	ilœstrɑːsikœns	train
illustrasies	ilœstrɑːsis	train
illustreer	ilœstriər	train
immer	əmər	train
immergroen	əmərχrun	train
immers	əmərs	train
immigrant	əməχrant	train
immigrante	əməχrantə	train
immigrasie	əməχrɑːsi	train
immigrasiewet	əməχrɑːsivɛt	train
immoreel	əmuriəl	train
immorele	əmuriələ	train
immunisering	imynisiərəŋ	train
immunologie	imynuluχi	train
immunologiese	imynuluəχisə	train
impak	əmpak	test
impala	impɑːla	train
impalas	impɑːlas	train
imperatief	əmpɛratif	train
imperatiewe	əmpɛrativə	train
imperfektum	əmpərfɛktœm	test
imperiale	əmpiəriɑːlə	train
imperialisme	əmpiərialəsmə	train
imperialistiese	əmpiərialəstisə	train
implement	əmpləmɛnt	train
implemente	əmpləmɛntə	train
implementeer	əmpləmɛntiər	train
implikasie	əmplikɑːsi	train
implikasies	əmplikɑːsis	train
impliseer	əmplisiər	train
implisiet	əmpləsit	train
implisiete	əmpləsitə	test
imponeer	əmpuniər	train
imponerend	əmpuniərənt	test
imponerende	əmpuniərəndə	train
imposant	əmpusant	train
imposante	əmpusantə	train
impressionisme	əmprɛʃiunəsmə	train
impressionistiese	əmprɛʃiunəstisə	test
improvisasie	əmpruvisɑːsi	train
improviseer	əmpruvisiər	train
impuls	əmpœls	train
impulse	əmpœlsə	train
impulsief	əmpœlsif	train
impulsiewe	əmpœlsivə	train
in	ən	train
inagnemende	ənaχniəməndə	train
inagneming	ənaχniəməŋ	train
inasem	ənɑːsəm	train
inbedryfstelling	ənbədrəifstɛləŋ	train
inbegrepe	ənbəχriəpə	train
inbegrip	ənbəχrəp	train
inbel	ənbɛl	train
inbetaal	ənbətɑːl	train
inbeweeg	ənbəviəχ	train
inboesem	ənbusəm	train
inboet	ənbut	test
inbors	ənbɔrs	train
inbou	ənbœu	train
inbraak	ənbrɑːk	train
inbrake	ənbrɑːkə	train
inbreek	ənbriək	train
inbreker	ənbriəkər	train
inbrekers	ənbriəkərs	train
inbreuk	ənbrøːk	train
inbring	ənbrəŋ	test
indaba	əndɑːba	train
indeel	əndiəl	train
indeks	əndɛks	train
indekse	əndɛksə	train
indeling	əndiələŋ	train
indelings	əndiələŋs	train
indemniteit	əndɛmnitəit	train
inderdaad	əndərdɑːt	train
inderhaas	əndərɦɑːs	train
indertyd	əndərtəit	train
inderwaarheid	əndərvɑːrɦəit	train
indiaanse	indiɑːnsə	train
indien	əndin	train
indiening	əndinəŋ	train
indieningsdatum	əndinəŋsdɑːtœm	train
indiensname	əndinsnɑːmə	train
indiensneming	əndinsniəməŋ	train
indiese	indisə	train
indikasies	əndikɑːsis	train
indikator	əndikɑːtɔr	train
indirekte	əndirɛktə	train
individu	əndəvədy	train
individualistiese	əndəvədyaləstisə	train
individualiteit	əndəvədyalitəit	train
individue	əndəvədyə	train
individueel	əndəvədyiəl	train
individuele	əndəvədyiələ	train
indiwidu	əndəvədy	train
indië	indiə	train
indonesiese	induniəsisə	train
indring	əndrəŋ	train
indringend	əndrəŋənt	train
indringende	əndrəŋəndə	train
indringer	əndrəŋər	train
indringerplante	əndrəŋərplantə	train
indringers	əndrəŋərs	train
indringing	əndrəŋəŋ	train
indruk	əndrœk	train
indrukke	əndrœkə	train
indrukwekkend	əndrœkvɛkənt	train
indrukwekkende	əndrœkvɛkəndə	train
indrukwekkendste	əndrœkvɛkəntstə	test
induksie	əndœksi	train
induseer	əndysiər	train
industrie	əndœstri	train
ineengestort	əniənχəstɔrt	train
ineens	əniəns	train
ineenstorting	əniənstɔrtəŋ	train
infanteriebataljon	ənfantəribataljɔn	train
infarksie	ənfarksi	train
infeksie	ənfɛksi	train
infeksies	ənfɛksis	train
infektiewe	ənfɛktivə	test
inferensie	ənfərɛnsi	train
infiltreer	ənfəltriər	test
infinitiewe	ənfənətivə	test
inflammasie	ənflamɑːsi	train
inflammatoriese	ənflamaturisə	train
inflasie	ənflɑːsi	train
inflasiekoers	ənflɑːsikurs	train
inflasieteikens	ənflɑːsitəikəns	train
informant	ənfɔrmant	test
informante	ənfɔrmantə	train
informasie	ənfɔrmɑːsi	train
informatiewe	ənfɔrmativə	train
informeel	ənfɔrmiəl	train
informele	ənfɔrmiələ	train
infrastrukture	ənfrastrœktyrə	train
ingaan	ənχɑːn	train
ingang	ənχaŋ	train
ingange	ənχaŋə	test
ingangetjie	ənχaŋiki	train
ingangsportaal	ənχaŋspɔrtɑːl	train
ingebars	ənχəbars	train
ingebed	ənχəbɛt	train
ingebind	ənχəbənt	train
ingeboesem	ənχəbusəm	train
ingeboet	ənχəbut	train
ingebou	ənχəbœu	train
ingeboude	ənχəbœudə	train
ingebreek	ənχəbriək	test
ingebring	ənχəbrəŋ	train
ingebruikneming	ənχəbrœykniəməŋ	train
ingeburger	ənχəbœrχər	train
ingedagte	ənχədaχtə	train
ingedampte	ənχədamptə	train
ingedeel	ənχədiəl	train
ingedien	ənχədin	train
ingedra	ənχədrɑː	train
ingedruk	ənχədrœk	train
ingeduik	ənχədœyk	train
ingedwing	ənχədwəŋ	train
ingee	ənχiə	train
ingefaseer	ənχəfasiər	train
ingegaan	ənχəχɑːn	train
ingegee	ənχəχiə	train
ingegrawe	ənχəχrɑːvə	train
ingegryp	ənχəχrəip	train
ingehaal	ənχəɦɑːl	train
ingehandig	ənχəɦandəχ	train
ingehardloop	ənχəɦartluəp	train
ingehou	ənχəɦœu	test
ingehuldig	ənχəɦœldəχ	train
ingejaag	ənχəjɑːχ	train
ingekleur	ənχəkløːr	train
ingeklim	ənχəkləm	train
ingekom	ənχəkɔm	train
ingekort	ənχəkɔrt	train
ingekorte	ənχəkɔrtə	train
ingekruip	ənχəkrœyp	train
ingekry	ənχəkrəi	train
ingelaat	ənχəlɑːt	train
ingelees	ənχəliəs	train
ingelegde	ənχəlɛχdə	train
ingelei	ənχələi	test
ingelewer	ənχəliəvər	test
ingelig	ənχələχ	train
ingeligte	ənχələχtə	train
ingeligtes	ənχələχtəs	train
ingeloer	ənχəlur	train
ingeloop	ənχəluəp	train
ingelui	ənχəlœy	train
ingelyf	ənχələif	test
ingemaak	ənχəmɑːk	train
ingemaakte	ənχəmɑːktə	train
ingemeng	ənχəmɛŋ	train
ingeneem	ənχəniəm	train
ingenieur	ənχənøːr	train
ingenieurs	ənχənøːrs	train
ingenieursbedryf	ənχənøːrsbədrəif	train
ingenieursfirma	ənχənøːrsfərma	train
ingenieurswerk	ənχənøːrsvɛrk	train
ingenieurswese	ənχənøːrsviəsə	train
ingenome	ənχənuəmə	train
ingeoefen	ənχəufən	train
ingeoes	ənχəus	test
ingepak	ənχəpak	train
ingepalm	ənχəpaləm	train
ingepas	ənχəpas	train
ingeperk	ənχəpɛrk	train
ingepomp	ənχəpɔmp	test
ingerig	ənχərəχ	train
ingeroep	ənχərup	train
ingerol	ənχərɔl	test
ingeruim	ənχərœym	train
ingeryg	ənχərəiχ	train
ingesamel	ənχəsɑːməl	train
ingesetenes	ənχəsiətənəs	train
ingesit	ənχəsət	train
ingeskakel	ənχəskɑːkəl	train
ingeskiet	ənχəskit	test
ingeskryf	ənχəskrəif	train
ingeskuif	ənχəskœyf	test
ingeslaan	ənχəslɑːn	train
ingesleep	ənχəsliəp	test
ingeslote	ənχəsluətə	train
ingesluimer	ənχəslœymər	train
ingesluit	ənχəslœyt	test
ingesluk	ənχəslœk	train
ingesmokkel	ənχəsmɔkəl	train
ingespan	ənχəspan	train
ingespring	ənχəsprəŋ	train
ingespuit	ənχəspœyt	train
ingestap	ənχəstap	train
ingestel	ənχəstɛl	train
ingesteldheid	ənχəstɛltɦəit	train
ingestem	ənχəstɛm	train
ingestie	ənχɛsti	train
ingestoot	ənχəstuət	train
ingestorm	ənχəstɔrəm	train
ingestroom	ənχəstruəm	train
ingesuig	ənχəsœyχ	train
ingesweer	ənχəswiər	train
ingeteken	ənχətiəkən	train
ingetree	ənχətriə	test
ingetrek	ənχətrɛk	train
ingevaar	ənχəfɑːr	train
ingeval	ənχəfal	train
ingevoeg	ənχəfuχ	train
ingevoer	ənχəfur	train
ingevoerde	ənχəfurdə	train
ingevolge	ənχəfɔlχə	test
ingevorder	ənχəfɔrdər	train
ingevul	ənχəfœl	train
ingewag	ənχəvaχ	test
ingewande	ənχəvandə	train
ingeweeg	ənχəviəχ	train
ingewerk	ənχəvɛrk	train
ingewikkeld	ənχəvəkəlt	train
ingewikkelde	ənχəvəkəldə	test
ingewikkelder	ənχəvəkəldər	train
ingewikkeldheid	ənχəvəkəltɦəit	train
ingewillig	ənχəvələχ	train
ingewin	ənχəvən	train
ingewing	ənχiəvəŋ	train
inglip	ənχləp	train
ingryp	ənχrəip	train
ingrypend	ənχrəipənt	train
ingrypende	ənχrəipəndə	train
ingryping	ənχrəipəŋ	train
ingrypings	ənχrəipəŋs	train
inhaal	ənɦɑːl	train
inhandigings	ənɦandəχəŋs	test
inheemse	ənɦiəmsə	train
inhegtenisneming	ənɦɛχtənəsniəməŋ	train
inhegtenisnemings	ənɦɛχtənəsniəməŋs	train
inherent	ənɦiərɛnt	train
inherente	ənɦiərɛntə	train
inhibeer	ənɦibiər	test
inhibeerders	ənɦibiərdərs	train
inhou	ənɦœu	train
inhoud	ənɦœut	train
inhoudelike	ənɦœudələkə	train
inhoudsmaat	ənɦœutsmɑːt	train
inhuldiging	ənɦœldəχəŋ	train
inisiasie	iniʃiɑːsi	train
inisiatief	iniʃiatif	train
inisiatiewe	iniʃiativə	test
inisiëring	inisiiərəŋ	train
ink	əŋk	train
inkeer	ənkiər	train
inklim	ənkləm	train
inkluis	ənklœys	train
inklusief	ənklœsif	train
inklusiewe	ənklœsivə	train
inklusiwiteit	ənklœsivitəit	train
inklyn	ənkləin	test
inkom	ənkɔm	train
inkomende	ənkuəməndə	train
inkomste	ənkɔmstə	train
inkomstebelasting	ənkɔmstəbəlastəŋ	train
inkomstebronne	ənkɔmstəbrɔnə	train
inkomstediens	ənkɔmstədins	train
inkomstefonds	ənkɔmstəfɔnts	train
inkomstegroep	ənkɔmstəχrup	train
inkomstegroepe	ənkɔmstəχrupə	train
inkomstes	ənkɔmstəs	train
inkomstestaat	ənkɔmstəstɑːt	test
inkomstestate	ənkɔmstəstɑːtə	train
inkontinensie	ənkɔntinɛnsi	train
inkopielys	ənkuəpiləis	train
inkopies	ənkuəpis	train
inkopiesentrum	ənkuəpisɛntrœm	train
inkopiesentrums	ənkuəpisɛntrœms	train
inkorporeer	ənkɔrpɔriər	train
inkorting	ənkɔrtəŋ	train
inkpen	əŋkpɛn	train
inkrementele	ənkrəmɛntiələ	test
inkrimping	ənkrəmpəŋ	train
inkswarte	əŋkswartə	train
inkvlekke	əŋkflɛkə	train
inkwisisie	ənkwəzisi	train
inkyk	ənkəik	train
inlas	ənlas	train
inleidend	ənləidənt	train
inleidende	ənləidəndə	train
inleiding	ənləidəŋ	train
inleidings	ənləidəŋs	train
inleweringsdatum	ənliəvərəŋsdɑːtœm	test
inlig	ənləχ	train
inligting	ənləχtəŋ	train
inligtingkassie	ənləχtəŋkasi	train
inligtingkassies	ənləχtəŋkasis	train
inligtings	ənləχtəŋs	train
inligtingsbeampte	ənləχtəŋsbəamptə	train
inligtingsbronne	ənləχtəŋsbrɔnə	train
inligtingsdiens	ənləχtəŋsdins	train
inligtingsdienste	ənləχtəŋsdinstə	test
inligtingsentrum	ənləχtəŋsɛntrœm	train
inligtingsera	ənləχtəŋsiəra	train
inligtingsessie	ənləχtəŋsɛsi	train
inligtingstegnologie	ənləχtəŋstɛχnuluχi	train
inligtingstuk	ənləχtəŋstœk	train
inloer	ənlur	train
inloop	ənluəp	train
inlui	ənlœy	train
inlywing	ənləivəŋ	train
inmekaar	ənməkɑːr	train
inmekaargesak	ənməkɑːrχəsak	train
inmeng	ənmɛŋ	train
inmenging	ənmɛŋəŋ	train
inmiddels	ənmədəls	train
inname	ənɑːmə	train
inneem	əniəm	train
innemendheid	əniəməntɦəit	train
inner	ənər	train
innerlik	ənərlək	test
innerlike	ənərləkə	train
innie	əni	train
innig	ənəχ	train
innige	ənəχə	train
innovasies	ənufɑːsis	test
innoverend	ənufiərənt	train
innoverende	ənufiərəndə	test
inoefen	ənufən	train
inoes	ənus	train
inpalm	ənpalm	test
inpas	ənpas	train
inperk	ənpɛrk	train
inperking	ənpɛrkəŋ	test
inplanting	ənplantəŋ	train
inrigting	ənrəχtəŋ	test
inrigtings	ənrəχtəŋs	train
inroep	ənrup	train
inrol	ənrɔl	train
inruim	ənrœym	train
inry	ənrəi	train
inryg	ənrəiχ	train
insae	ənsɑːə	test
insamel	ənsɑːməl	train
insameling	ənsɑːmələŋ	test
insek	ənsɛk	test
insekdoder	ənsɛkduədər	train
insekdoders	ənsɛkduədərs	train
insekte	ənsɛktə	train
insektesiede	ənsɛktəsidə	train
insetkoste	ənsɛtkɔstə	train
insetsel	ənsɛtsəl	train
insetsels	ənsɛtsəls	train
insette	ənsɛtə	train
insgelyks	ənsχələiks	train
insident	ənsədɛnt	train
insidente	ənsədɛntə	train
insien	ənsin	train
insiens	ənsins	train
insig	ənsəχ	train
insiggewend	ənsəχiəvənt	train
insiggewende	ənsəχiəvəndə	train
insigte	ənsəχtə	train
insigvlak	ənsəχflak	train
insinking	ənsəŋkəŋ	train
insinkings	ənsəŋkəŋs	train
insittende	ənsətəndə	train
insittendes	ənsətəndəs	train
inskakel	ənskɑːkəl	test
inskiet	ənskit	train
inskripsie	ənskrəpsi	train
inskripsies	ənskrəpsis	train
inskryf	ənskrəif	train
inskryfgeld	ənskrəifχɛlt	test
inskryfvorm	ənskrəiffɔrm	train
inskryfvorms	ənskrəiffɔrms	train
inskrywing	ənskrəivəŋ	train
inskrywings	ənskrəivəŋs	train
inskrywingsgeld	ənskrəivəŋsχɛlt	train
inskrywingsvorm	ənskrəivəŋsfɔrm	train
inskrywingsvorms	ənskrəivəŋsfɔrms	train
inskuif	ənskœyf	train
inskyn	ənskəin	train
inslaan	ənslɑːn	train
inslag	ənslaχ	train
insleepdienste	ənsliəpdinstə	train
insluit	ənslœyt	train
insluitend	ənslœytənt	train
insluitende	ənslœytəndə	train
insluiting	ənslœytəŋ	train
insluk	ənslœk	train
insolvensie	ənsɔlfɛnsi	train
insolvent	ənsɔlfɛnt	train
insolvente	ənsɔlfɛntə	train
inspan	ənspan	train
inspanning	ənspanəŋ	train
inspeel	ənspiəl	train
inspeksie	ənspɛksi	train
inspekteur	ənspɛktøːr	train
inspekteurs	ənspɛktøːrs	train
inspektoraat	ənspɛkturɑːt	train
inspirasie	ənspirɑːsi	train
inspireer	ənspəriər	train
inspraak	ənsprɑːk	train
inspuiting	ənspœytəŋ	train
instaat	ənstɑːt	train
installasie	ənstalɑːsi	train
installasies	ənstalɑːsis	train
installeer	ənstaliər	train
installering	ənstaliərəŋ	test
instandhouding	ənstantɦœudəŋ	train
instandhoudingswerk	ənstantɦœudəŋsvɛrk	train
instansie	ənstansi	test
instansies	ənstansis	train
instap	ənstap	train
instede	ənstiədə	train
insteek	ənstiək	test
instel	ənstɛl	train
instelling	ənstɛləŋ	train
instellings	ənstɛləŋs	train
instem	ənstɛm	train
instemmend	ənstɛmənt	train
instemming	ənstɛməŋ	train
instigeer	ənstiχiər	train
instink	ənstəŋk	train
instinkte	ənstəŋktə	train
instinktief	ənstəŋktif	test
institusionele	ənstətyʃiuniələ	train
institute	ənstətytə	test
instroming	ənstruəməŋ	test
instroom	ənstruəm	train
instruksie	ənstrœksi	test
instruksies	ənstrœksis	train
instrukteur	ənstrœktøːr	train
instrukteurs	ənstrœktøːrs	train
instrument	ənstrymɛnt	test
instrumente	ənstrymɛntə	train
instrumentepaneel	ənstrymɛntəpaniəl	test
instrumentjie	ənstrymɛŋki	train
insulien	ənsœlin	train
inswelging	ənswɛlχəŋ	train
intake	əntɑːkə	train
inteendeel	əntiəndiəl	train
integrale	əntəχrɑːlə	train
integrasie	əntəχrɑːsi	train
integrasieproses	əntəχrɑːsiprusɛs	train
integreer	əntəχriər	train
integrerende	əntəχriərəndə	train
integrering	əntəχriərəŋ	train
integriteit	əntɛχritəit	train
inteken	əntiəkən	train
intekenaar	əntiəkənɑːr	train
intekenaars	əntiəkənɑːrs	train
intekenare	əntiəkənɑːrə	test
intekengeld	əntiəkənχɛlt	train
intekom	əntəkɔm	test
intel	əntɛl	train
intellektuele	əntəlɛktʃyiələ	test
intelligensie	əntələχɛnsi	train
intelligensiediens	əntələχɛnsidins	train
intelligensiedienste	əntələχɛnsidinstə	train
intelligent	əntələχɛnt	train
intelligente	əntələχɛntə	train
intens	əntɛns	train
intense	əntɛnsə	train
intensie	əntɛnsi	train
intensief	əntɛnsif	train
intensiewe	əntɛnsivə	train
intensiteit	əntɛnsitəit	train
interafhanklike	əntərafɦaŋkləkə	train
interaksie	əntəraksi	test
interaktief	əntəraktif	train
interaktiewe	əntəraktivə	train
interdepartementele	əntərdəpartəmɛntiələ	train
interdik	əntərdək	train
interessant	əntərəsant	train
interessante	əntərəsantə	train
interessanter	əntərəsantər	train
interessantheid	əntərəsantɦəit	train
interessantste	əntərəsantstə	train
interesseer	əntərəsiər	train
interieur	əntəriøːr	train
interim	əntərəm	train
interkerklike	əntərkɛrkləkə	test
interkom	əntərkɔm	train
interkomstelsel	əntərkɔmstɛlsəl	train
interkulturele	əntərkœltyriələ	train
interministeriële	əntərmənəstiəriiələ	train
intern	əntɛrn	train
internasionaal	əntərnaʃiunɑːl	train
internasionale	əntərnaʃiunɑːlə	train
interne	əntɛrnə	train
internet	əntərnɛt	train
internetartikels	əntərnɛtartikəls	train
internetfasiliteite	əntərnɛtfasəlitəitə	train
internetgebruik	əntərnɛtχəbrœyk	train
internetsoektog	əntərnɛtsuktɔχ	train
internettoegang	əntərnɛttuχaŋ	train
interpellasie	əntərpəlɑːsi	train
interpersoonlike	əntərpərsuənləkə	train
interpolasie	əntərpulɑːsi	train
interpretasie	əntɛrprətɑːsi	train
interpreteer	əntɛrprətiər	train
interprovinsiale	əntərprufənʃiɑːlə	train
interteks	əntərtɛks	train
intertekste	əntərtɛkstə	train
intertekstualiteit	əntərtɛkstʃualitəit	train
interval	əntərfal	test
intervarsity	əntərvɑːrsəti	test
intervensie	əntərfɛnsi	test
intervensies	əntərfɛnsis	train
interverwantskap	əntərfərvantskap	train
interview	intərviu	train
intestate	əntɛstɑːtə	train
intestinale	əntɛstinɑːlə	train
intieme	əntimə	train
intik	əntək	train
intimidasie	əntimidɑːsi	test
intimideer	əntimidiər	train
intimiderende	əntimidiərəndə	test
intimiteit	əntimitəit	train
intonasie	əntunɑːsi	train
intra	əntra	train
intrapslag	əntrapslaχ	test
intrauteriene	əntraytərinə	train
intrede	əntriədə	train
intree	əntriə	train
intreegeld	əntriəχɛlt	test
intreevlak	əntriəflak	train
intrek	əntrɛk	train
intrekkers	əntrɛkərs	train
intrige	əntriχə	train
intrinsiek	əntrənsik	train
intrinsieke	əntrənsikə	train
introspeksie	əntruspɛksi	train
intussen	əntœsən	train
intuïtief	əntyitif	test
intuïtiewe	əntyitivə	train
intydse	əntəitsə	test
inval	ənfal	train
invaller	ənfalər	train
invallers	ənfalərs	train
inventaris	ənfɛntɑːrəs	train
inversie	ənvɛrsi	train
investeer	ənfɛstiər	train
investering	ənfɛstiərəŋ	train
invloed	ənflut	train
invloede	ənfludə	train
invloedryke	ənflutrəikə	test
invloedsfeer	ənflutsfiər	train
invloei	ənflui	test
invoeg	ənfuχ	train
invoeging	ənfuχəŋ	train
invoer	ənfur	train
invoerbelasting	ənfurbəlastəŋ	train
invoerder	ənfurdər	train
invoerders	ənfurdərs	train
invoere	ənfurə	train
invoerheffings	ənfurɦɛfəŋs	train
invoering	ənfurəŋ	train
invoertariewe	ənfurtarivə	train
invordering	ənfɔrdərəŋ	train
invul	ənfœl	train
inwag	ənvaχ	train
inweeg	ənviəχ	train
inwendig	ənvɛndəχ	train
inwendige	ənvɛndəχə	train
inwerk	ənvɛrk	train
inwerking	ənvɛrkəŋ	train
inwerkingstelling	ənvɛrkəŋstɛləŋ	train
inwerkingtreding	ənvɛrkəŋtriədəŋ	train
inwin	ənvən	train
inwonende	ənvuənəndə	train
inwoner	ənvunər	train
inwoners	ənvunərs	train
inwonersverenigings	ənvuənərsfəriənəχəŋs	train
inwoning	ənvuənəŋ	train
inwyding	ənvəidəŋ	train
ioniese	iunisə	train
ionisasie	iunisɑːsi	train
ioon	iuən	train
ioonstert	iuənstɛrt	train
iranse	iransə	train
iris	irəs	train
ironie	iruəni	train
ironies	iruənis	train
ironiese	iruənisə	train
irrasionaal	iraʃiunɑːl	train
irrasionele	iraʃiuniələ	train
irrelevant	irɛləfant	test
irrelevante	irɛləfantə	train
irritasie	irətɑːsi	train
irriteer	irətiər	train
irriterende	irətiərəndə	train
is	əs	train
isak	isak	train
islamitiese	islamitisə	train
isolasie	isuəlɑːsi	test
isoleer	isuliər	train
isometriese	isumiətrisə	train
isotonies	isutuənis	train
isotope	isutupə	train
israel	israil	train
israeliese	israilisə	train
italiaanse	italiɑːnsə	train
italiaanssprekende	italiɑːnsspriəkəndə	train
item	itɛm	train
items	itɛms	train
iuris	jurəs	train
ivoor	ifuər	train
ivoorhandel	ifuərɦandəl	train
ja	jɑː	train
jaag	jɑːχ	train
jaagtog	jɑːχtɔχ	train
jaap	jɑːp	train
jaar	jɑːr	train
jaarboek	jɑːrbuk	train
jaareinde	jɑːrəində	train
jaareindfunksie	jɑːrəintfœŋksi	test
jaargrondslag	jɑːrχrɔntslaχ	train
jaarkoers	jɑːrkurs	train
jaarkongres	jɑːrkɔnχrɛs	train
jaarlange	jɑːrlaŋə	train
jaarliks	jɑːrləks	train
jaarlikse	jɑːrləksə	train
jaaroud	jɑːrœut	train
jaarstate	jɑːrstɑːtə	test
jaarsyfers	jɑːrsəifərs	train
jaart	jɑːrt	train
jaartal	jɑːrtal	train
jaarvergadering	jɑːrfərχɑːdərəŋ	train
jaarvergaderings	jɑːrfərχɑːdərəŋs	test
jaarverslae	jɑːrfərslɑːə	train
jaarverslag	jɑːrfərslaχ	train
jack	dʒɛk	train
jacus	jakœs	test
jaer	jɑːər	train
jaers	jɑːərs	train
jag	jaχ	train
jagger	dʒɛχər	train
jagluiperd	jaχlœypərt	train
jagter	jaχtər	train
jagters	jaχtərs	train
jagtog	jaχtɔχ	train
jagtogte	jaχtɔχtə	train
jagveld	jaχfɛlt	train
jakaranda	jakaranda	train
jakhals	jakals	train
jakkals	jakals	train
jakkalse	jakalsə	train
jakkie	jaki	train
jakob	jɑːkɔp	train
jaloers	jalurs	train
jaloerse	jalursə	train
jaloesie	jalusi	train
jam	jam	train
jamboree	jamburiə	train
jammer	jamər	train
jammerlik	jamərlək	train
jammerlike	jamərləkə	train
jammerte	jamərtə	train
jan	jan	train
janie	jɑːni	train
jannie	jani	train
jansen	jansən	train
januarie	janyɑːri	train
japan	japan	train
japanese	japaniəsə	train
japie	jɑːpi	train
jappie	japi	test
jappies	japis	train
japtrap	japtrap	train
jare	jɑːrə	train
jarelange	jɑːrəlaŋə	train
jarige	jɑːrəχə	train
jariges	jɑːrəχəs	train
jarret	dʒɛrət	train
jas	jas	train
jasmyn	jasməin	train
jasse	jasə	train
java	jɑːva	train
jazz	dʒɛs	test
jazzfees	dʒɛzfiəs	test
jeens	jiəns	train
jeeppad	dʒyppat	train
jellie	dʒɛli	train
jen	jɛn	train
jerusalem	jərysalɛm	train
jesaja	jəsɑːja	train
jesus	jysœs	train
jettie	dʒɛti	test
jeug	jøːχ	train
jeugbediening	jøːχbədinəŋ	train
jeugboeke	jøːχbukə	train
jeugdige	jøːχdəχə	train
jeugdigheid	jøːχdəχɦəit	train
jeugdiglik	jøːχdəχlək	train
jeugjare	jøːχjɑːrə	train
jeugkommissie	jøːχkumisi	test
jeugkoor	jøːχkuər	test
jeugland	jøːχlant	test
jeugleiers	jøːχləiərs	train
jeugliga	jøːχliχa	train
jeugmisdaad	jøːχməsdɑːt	train
jeugmisdadigers	jøːχməsdɑːdəχərs	train
jeugroman	jøːχruman	train
jeugverhale	jøːχfərɦɑːlə	train
jeuk	jøːk	train
jiddisje	jidiʃə	train
jip	jəp	train
jirre	jərə	train
job	jɔp	train
jode	juədə	train
joejoebes	jujubəs	train
joel	jul	train
joernaal	jurnɑːl	train
joernaalinskrywing	jurnɑːlənskrəivəŋ	train
joernale	jurnɑːlə	train
joernalis	jurnaləs	test
joernaliseer	jurnalisiər	train
joernaliste	jurnaləstə	train
joernalistiek	jurnaləstik	train
joernalistieke	jurnaləstikə	train
joga	juəχa	test
joggie	jɔχi	train
jogurt	juəχœrt	train
johan	juɦan	train
johannes	juɦanəs	test
johannesburg	juɦanəsbœrχ	train
johannesburger	juɦanəsbœrχər	train
johannesburgse	juɦanəsbœrχsə	train
john	dʒɔn	train
jok	jɔk	train
jokkie	dʒɔki	train
jokkieklub	dʒɔkiklœp	train
jokkies	dʒɔkis	test
jolig	juələχ	train
jolige	juələχə	test
jolyt	juələit	train
jong	jɔŋ	train
jonge	jɔŋə	train
jongeling	jɔŋələŋ	test
jongelinge	jɔŋələŋə	train
jonger	jɔŋər	train
jonges	jɔŋəs	train
jongman	jɔŋman	train
jongmeisie	jɔŋməisi	train
jongmens	jɔŋmɛns	train
jongmense	jɔŋmɛnsə	train
jongs	jɔŋs	train
jongspan	jɔŋspan	train
jongste	jɔŋstə	train
jonk	jɔŋk	test
jonker	jɔŋkər	test
jool	juəl	train
joolkomitee	juəlkɔmətiə	train
joolkoningin	juəlkunəŋən	test
joos	juəs	train
jopie	juəpi	train
joppie	jɔpi	train
jordaniese	jɔrdɑːnisə	train
josef	juəsəf	train
josua	juəʃua	train
jota	juəta	train
jou	jœu	train
joubert	jubɛr	test
joue	jœuə	train
jouself	jœusɛlf	test
joël	juəl	train
juffrou	jœfrœu	train
juig	jœyχ	train
juigende	jœyχəndə	train
juigkreet	jœyχkriət	train
juis	jœys	train
juiste	jœystə	test
juistement	jœystəmɛnt	train
juk	jœk	train
jukskei	jœkskəi	train
jul	jœl	train
julle	jœlə	train
julleself	jœləsɛlf	train
jurisdiksie	jurəsdəksi	train
justisie	jœstisi	train
jutge	jœtχə	train
juweel	juviəl	train
jy	jəi	train
jy's	jəis	train
jy't	jəit	train
jyself	jəisɛlf	test
kaai	kɑːi	train
kaak	kɑːk	train
kaal	kɑːl	test
kaalmaak	kɑːlmɑːk	train
kaalvoet	kɑːlfut	train
kaalvuis	kɑːlfœys	train
kaap	kɑːp	train
kaapkolonie	kɑːpkuluəni	train
kaapland	kɑːplant	train
kaaplandse	kɑːplantsə	train
kaapmuiden	kɑːpmœydən	train
kaaps	kɑːps	test
kaapse	kɑːpsə	train
kaapstad	kɑːpstat	train
kaapstadse	kɑːpstatsə	train
kaart	kɑːrt	test
kaarte	kɑːrtə	train
kaarthouers	kɑːrtɦœuərs	train
kaartjie	kɑːrki	train
kaartjies	kɑːrkis	train
kaartjieverkope	kɑːrkifərkuəpə	train
kaartverwysings	kɑːrtfərvəisəŋs	test
kaas	kɑːs	train
kaassmaak	kɑːssmɑːk	train
kabaret	kabarɛt	train
kabaretkunstenaar	kabarɛtkœnstənɑːr	train
kabbelende	kabələndə	train
kabel	kɑːbəl	train
kabelgramme	kabəlχramə	train
kabeljou	kabəljœu	train
kabels	kɑːbəls	train
kabinet	kabinɛt	train
kabinetsbesluit	kabinɛtsbəslœyt	train
kabinetskomitee	kabinɛtskɔmətiə	train
kabinetslede	kabinɛtsliədə	train
kabinetslid	kabinɛtslət	train
kabinetsvergadering	kabinɛtsfərχɑːdərəŋ	train
kaboel	kabul	test
kader	kɑːdər	train
kadette	kadɛtə	train
kaf	kaf	train
kafee	kafiə	train
kafeteria	kafətiəria	train
kafeïen	kafiin	train
kaffer	kafər	train
kaffers	kafərs	train
kafgedraf	kafχədraf	train
kafgeloop	kafχəluəp	train
kafgetrap	kafχətrap	train
kaggel	kaχəl	test
kajuit	kajœyt	train
kakao	kakaɦu	test
kakebeen	kɑːkəbiən	train
kakieklere	kɑːkikliərə	train
kakies	kɑːkis	train
kakkerlakke	kakərlakə	train
kakofoniese	kakufuənisə	train
kaktus	kaktœs	train
kala	kɑːla	train
kalabrië	kalɑːbriə	train
kale	kɑːlə	train
kalender	kalɛndər	test
kalenderjaar	kalɛndərjɑːr	train
kalenders	kalɛndərs	test
kalf	kalf	train
kalfie	kalfi	train
kalfies	kalfis	train
kaliber	kalibər	train
kaliforniese	kaləfɔrnisə	train
kalium	kɑːliœm	train
kaliumhidroksied	kɑːliœmɦidrɔksit	train
kalk	kalk	train
kalklig	kalkləχ	train
kalm	kalm	test
kalmeer	kalmiər	train
kalmer	kalmər	train
kalmte	kalmtə	train
kalorieë	kaluriə	train
kalsium	kalsiœm	train
kalsiuminhoud	kalsiœmənɦœut	train
kalsiumkarbonaat	kalsiœmkarbunɑːt	train
kalwers	kalvərs	train
kam	kam	test
kameel	kamiəl	test
kamer	kɑːmər	train
kamera	kaməra	train
kameraadskap	kamərɑːtskap	train
kameras	kaməras	train
kamerawerk	kaməravɛrk	train
kamerdeur	kɑːmərdøːr	train
kamerjas	kɑːmərjas	train
kamerkoor	kɑːmərkuər	train
kamermaat	kɑːmərmɑːt	train
kamerorkes	kɑːmərɔrkɛs	train
kamers	kɑːmərs	train
kamertjie	kɑːmərki	test
kamervenster	kɑːmərfɛnstər	train
kamfer	kamfər	test
kamma	kama	train
kamp	kamp	test
kampanje	kampanjə	train
kampe	kampə	train
kampeer	kampiər	train
kampie	kampi	train
kampioen	kampiun	train
kampioene	kampiunə	train
kampioenskap	kampiunskap	train
kampioenskappe	kampiunskapə	train
kampioenskapsbyeenkoms	kampiunskapsbəiiənkɔms	train
kampioenspan	kampiunspan	train
kampsbaai	kampsbɑːi	train
kampus	kampœs	train
kampusse	kampœsə	train
kampvegter	kampfɛχtər	train
kampvegters	kampfɛχtərs	train
kan	kan	train
kanaal	kanɑːl	train
kanadese	kanadiəsə	train
kanale	kanɑːlə	train
kandelaar	kandəlɑːr	test
kandidaat	kandidɑːt	train
kandidate	kandidɑːtə	train
kandidatelys	kandidɑːtələis	train
kangovallei	kaŋχufaləi	train
kanker	kaŋkər	train
kankers	kaŋkərs	train
kankerselle	kaŋkərsɛlə	train
kankervereniging	kaŋkərfəriənəχəŋ	train
kanna	kana	test
kannetjie	kaniki	train
kannibale	kanibɑːlə	train
kanniedood	kaniduət	train
kano	kanu	train
kanon	kanɔn	train
kanoniek	kanunik	train
kanonieke	kanunikə	train
kanonne	kanɔnə	train
kanons	kɑːnɔns	test
kanovaarders	kanuəvɑːrdərs	train
kans	kɑːns	train
kanse	kɑːnsə	train
kansel	kansəl	train
kanselier	kansəlir	train
kanselleer	kansəliər	train
kant	kant	train
kante	kantə	train
kantel	kantəl	test
kantlyn	kantləin	train
kantoor	kantuər	test
kantoordeur	kantuərdøːr	train
kantoorgebou	kantuərχəbœu	train
kantoorgeboue	kantuərχəbœuə	train
kantoorgebruik	kantuərχəbrœyk	train
kantoormeubels	kantuərmøːbəls	train
kantoornommer	kantuərnɔmər	train
kantoorruimte	kantuərrœymtə	train
kantoorwerkers	kantuərvɛrkərs	train
kantor	kantɔr	train
kantore	kantuərə	train
kap	kap	train
kapasiteit	kapasitəit	train
kapel	kapɛl	train
kapelaan	kapəlɑːn	train
kapenaar	kɑːpənɑːr	train
kapenaars	kɑːpənɑːrs	test
kaper	kɑːpər	train
kapers	kɑːpərs	train
kaphou	kapɦœu	train
kaping	kɑːpəŋ	train
kapings	kɑːpəŋs	train
kapitaal	kapitɑːl	train
kapitaalbegroting	kapitɑːlbəχruətəŋ	train
kapitaalbehoeftes	kapitɑːlbəɦuftəs	train
kapitaalbelegging	kapitɑːlbəlɛχəŋ	train
kapitaalbesteding	kapitɑːlbəstiədəŋ	train
kapitaalgoedere	kapitɑːlχudərə	train
kapitaalgroei	kapitɑːlχrui	train
kapitaalinvloei	kapitɑːlənflui	train
kapitaalmark	kapitɑːlmark	test
kapitaalmarkte	kapitɑːlmarktə	train
kapitaalprojekte	kapitɑːlprujɛktə	train
kapitaaluitgawe	kapitɑːlœytχɑːvə	train
kapitaaluitgawes	kapitɑːlœytχɑːvəs	train
kapitaalvloei	kapitɑːlflui	train
kapitaalwins	kapitɑːlvəns	train
kapitaalwinsbelasting	kapitɑːlvənsbəlastəŋ	train
kapitaalwinste	kapitɑːlvənstə	train
kapitale	kapitɑːlə	train
kapitalisasie	kapitalisɑːsi	train
kapitalisme	kapitaləsmə	train
kapitaliste	kapitaləstə	test
kapitalistiese	kapitaləstisə	train
kapokgewig	kapɔkχəvəχ	test
kappie	kapi	train
kappies	kapis	train
kapsie	kapsi	train
kapsule	kapsylə	train
kapsules	kapsyləs	test
kaptein	kaptəin	train
kapteins	kaptəins	train
kapteinskap	kaptəinskap	train
kar	kar	train
karaat	karɑːt	train
karakter	karaktər	train
karaktereienskappe	karaktərəiənskapə	train
karakteriseer	karaktərisiər	train
karakteristieke	karaktərəstikə	train
karakters	karaktərs	train
karaktertrekke	karaktərtrɛkə	train
karate	karati	train
karbonate	karbunɑːtə	train
karboon	karbuən	train
kardiale	kardiɑːlə	test
kardinaal	kardinɑːl	train
kardinale	kardinɑːlə	test
karibiese	karəbisə	test
karige	kɑːrəχə	train
karkasse	karkasə	train
karma	karma	train
karnaval	karnafɑːl	train
karnivoor	karnifuər	train
karoo	karuə	train
karos	karɔs	train
karp	karp	train
karpe	karpə	train
karperd	karpɛrt	train
karperde	karpɛrdə	train
karre	karə	train
karreis	karrəis	train
karring	karəŋ	test
karringmelk	karəŋmɛlk	train
karsinoom	karsinuəm	train
karteer	kartiər	train
kartel	kartəl	train
kartografie	kartuχrafi	train
kartonbladsy	kartɔnblatsəi	test
kartondoos	kartɔnduəs	test
kartondose	kartɔnduəsə	train
kartonne	kartɔnə	train
karwei	karvəi	train
kas	kas	test
kase	kɑːsə	train
kasregister	kasrəχəstər	train
kasset	kasɛt	train
kassetspeler	kasɛtspiələr	train
kassie	kasi	train
kassier	kasir	train
kaste	kastə	train
kasteel	kastiəl	test
kastig	kastəχ	test
kastige	kastəχə	train
kastreer	kastriər	train
kastrol	kastrɔl	train
kasty	kastəi	train
kastyding	kastəidəŋ	train
kat	kat	train
katabolisme	katabuləsmə	train
katalisator	katalisɑːtɔr	train
katalitiese	katalitisə	train
katalogus	kataluχœs	train
katedraal	katədrɑːl	train
katedrale	katədrɑːlə	test
kategese	katəχiəsə	train
kategismus	katəχəsmœs	train
kategorie	katəχuri	train
kategories	katəχuəris	train
kategoriese	katəχuərisə	train
kategorieë	katəχuriə	train
kategorisering	katəχurisiərəŋ	train
katel	kɑːtəl	train
kateter	katiətər	train
katjies	kaikis	train
katkisasie	katkisɑːsi	train
kato	kɑːtu	train
katoen	katun	train
katolieke	katulikə	train
katswink	katswəŋk	train
katte	katə	train
kavaliers	kavalirs	train
kaviteer	kavitiər	train
kaïro	kairu	train
keel	kiəl	train
keelaf	kiəlaf	train
keelgate	kiəlχɑːtə	train
keelvel	kiəlfɛl	train
keelvol	kiəlfɔl	train
keep	kiəp	train
keer	kiər	test
keerdatum	kiərdɑːtœm	train
keerpunt	kiərpœnt	train
keerpunte	kiərpœntə	test
keersy	kiərsəi	test
keerwal	kiərval	train
kees	kiəs	train
kegelbal	kiəχəlbal	test
kegelfles	kiəχəlflɛs	train
keiser	kəizər	train
keisers	kəizərs	train
keisersnit	kəizərsnət	train
kelder	kɛldər	train
kelders	kɛldərs	train
kelderverdieping	kɛldərfərdipəŋ	test
kele	kiələ	test
kelk	kɛlk	train
kelner	kɛlnər	train
keltiese	kɛltisə	train
kemp	kɛmp	train
ken	kɛn	train
kenbaar	kɛnbɑːr	train
kenmerk	kɛnmɛrk	train
kenmerke	kɛnmɛrkə	train
kenmerkend	kɛnmɛrkənt	train
kenmerkende	kɛnmɛrkəndə	train
kenmotief	kɛnmutif	train
kenne	kɛnə	train
kennedy	kɛnədi	train
kennelik	kɛnələk	train
kenner	kɛnər	train
kenners	kɛnərs	train
kennis	kɛnəs	train
kennisbasis	kɛnəsbɑːsəs	test
kennisbeheersing	kɛnəsbəɦiərsəŋ	test
kennisgewing	kɛnəsχiəvəŋ	test
kennisgewingborde	kɛnəsχiəvəŋbɔrdə	test
kennisgewings	kɛnəsχiəvəŋs	train
kennismaking	kɛnəsmɑːkəŋ	train
kennisontwikkeling	kɛnəsɔntvəkələŋ	train
kennisreproduksie	kɛnəsriəprudœksi	test
kennisse	kɛnəsə	train
kennisterrein	kɛnəstərəin	train
kennisuitruiling	kɛnəsœytrœyləŋ	train
kennisverwerwing	kɛnəsfərvɛrvəŋ	test
kentekens	kɛntiəkəns	train
keppie	kɛpi	test
kere	kiərə	train
kerf	kɛrf	train
kerfstok	kɛrfstɔk	train
kerk	kɛrk	train
kerkbande	kɛrkbandə	train
kerkdiens	kɛrkdins	train
kerkdienste	kɛrkdinstə	train
kerke	kɛrkə	train
kerkeenheid	kɛrkiənɦəit	train
kerkgangers	kɛrkχaŋərs	train
kerkgebou	kɛrkχəbœu	train
kerkgroepe	kɛrkχrupə	train
kerkhof	kɛrkɦɔf	test
kerkie	kɛrki	train
kerkleier	kɛrkləiər	train
kerkleiers	kɛrkləiərs	train
kerklidmaatskap	kɛrklətmɑːtskap	train
kerklike	kɛrkləkə	train
kerklui	kɛrklœy	train
kerkman	kɛrkman	train
kerkorde	kɛrkɔrdə	train
kerkorrel	kɛrkɔrəl	train
kerkplein	kɛrkpləin	train
kerkraad	kɛrkrɑːt	train
kerkrade	kɛrkrɑːdə	train
kerkregering	kɛrkrəχiərəŋ	train
kerkskeuring	kɛrkskøːrəŋ	train
kerkstraat	kɛrkstrɑːt	train
kerkverband	kɛrkfərbant	test
kerkweë	kɛrkviə	train
kerm	kɛrm	train
kermesse	kɛrmɛsə	train
kermis	kɛrməs	train
kern	kɛrn	train
kernbedrywighede	kɛrnbədrəivəχɦiədə	train
kernbomme	kɛrnbɔmə	train
kerneels	kɛrniəls	train
kerneienskappe	kɛrnəiənskapə	train
kerngedagtes	kɛrənχədaχtəs	train
kernsake	kɛrnsɑːkə	train
kernsin	kɛrnsən	test
kernstrategieë	kɛrənstratəχiə	train
kerntoets	kɛrntuts	train
kernvers	kɛrnfɛrs	train
kernwapens	kɛrnvɑːpəns	train
kernwoorde	kɛrnvuərdə	train
kerriepoeier	kɛripuiər	train
kers	kɛrs	train
kersaand	kɛrsɑːnt	train
kersboom	kɛrsbuəm	train
kersdag	kɛrsdaχ	test
kerse	kɛrsə	train
kersete	kɛrsiətə	train
kersfees	kɛrsfiəs	train
kersfonds	kɛrsfɔnts	train
kersgeskenk	kɛrsχəskɛŋk	train
kersgeskenke	kɛrsχəskɛŋkə	train
kersie	kɛrsi	train
kerskaartjies	kɛrskɑːrkis	train
kersliedere	kɛrslidərə	train
kerslig	kɛrsləχ	train
kerssangdiens	kɛrssaŋdins	train
kerstyd	kɛrstəit	train
kersvakansie	kɛrsfakansi	train
kestell	kɛstəl	train
ketel	kiətəl	train
keteltjie	kiətəlki	train
ketone	kətuənə	train
ketting	kɛtəŋ	test
kettingreaksie	kɛtəŋriaksi	train
kettings	kɛtəŋs	train
kettingwinkel	kɛtəŋvəŋkəl	train
keur	køːr	train
keurboomweg	køːrbuəmvɛχ	train
keurbundel	køːrbœndəl	test
keurder	køːrdər	train
keurders	køːrdərs	train
keuring	køːrəŋ	test
keuringsproses	køːrəŋsprusɛs	train
keurkomitee	køːrkɔmətiə	train
keurkopie	køːrkuəpi	test
keurlys	køːrləis	train
keurspel	køːrspɛl	train
keuse	køːsə	train
keuselys	køːsələis	train
keuses	køːsəs	train
keusevrae	køːsəfrɑːə	train
kewer	kiəvər	test
kiaat	kiɑːt	train
kibbel	kəbəl	train
kie	ki	test
kiekie	kiki	test
kielie	kili	train
kiem	kim	train
kierie	kiri	train
kieries	kiris	train
kierietjie	kiriki	test
kies	kis	train
kiesafdeling	kisafdiələŋ	train
kiesafdelings	kisafdiələŋs	train
kiesbeampte	kisbəamptə	train
kiesbeamptes	kisbəamptəs	test
kieser	kisər	test
kiesers	kisərs	train
kieserskorps	kisərskɔrps	train
kieserslys	kisərsləis	test
kieserslyste	kisərsləistə	train
kiesersopleiding	kisərsɔpləidəŋ	train
kieskeurig	kiskøːrəχ	test
kieskeurige	kiskøːrəχə	train
kiesstelsel	kisstɛlsəl	train
kieswet	kisvɛt	train
kiewiet	kivit	train
kil	kəl	train
killer	kələr	train
kilogram	kiluχram	train
kilometer	kilumiətər	test
kilometers	kilumiətərs	train
kim	kəm	train
kimberley	kimbərli	train
kin	kən	train
kinantropometrie	kinantrupumətri	test
kind	kənt	test
kinderboekskrywer	kəndərbukskrəivər	train
kinderdae	kəndərdɑːə	train
kinderensiklopedieë	kəndərɛnsikluəpədiə	train
kinderfonds	kəndərfɔnts	train
kinderhof	kəndərɦɔf	train
kinderhospitaal	kəndərɦɔspitɑːl	train
kinderhuis	kəndərɦœys	train
kinderjare	kəndərjɑːrə	train
kinderkoor	kəndərkuər	train
kinderkuns	kəndərkœns	train
kinderlik	kəndərlək	train
kinderlike	kəndərləkə	train
kinderloos	kəndərluəs	test
kindermeide	kəndərməidə	train
kindermisbruik	kəndərməsbrœyk	train
kindermishandeling	kəndərməsɦandələŋ	train
kinderoppasser	kəndərɔpasər	train
kinderpornografie	kəndərpɔrnuχrafi	test
kinderprogramme	kəndərpruχramə	train
kinders	kəndərs	train
kinderskoene	kəndərskunə	train
kindersorg	kəndərsɔrχ	test
kinderteater	kəndərtiɑːtər	train
kindertjies	kəndərkis	train
kindertyd	kəndərtəit	train
kindjie	kəiŋki	train
kindjies	kəiŋkis	train
kindskinders	kəntskəndərs	train
kinetiese	kəniətisə	train
kinetika	kəniətika	train
kinkel	kəŋkəl	train
kinkels	kəŋkəls	train
kiosk	kiɔsk	train
kis	kəs	train
kissie	kəsi	train
kissies	kəsis	train
kiste	kəstə	train
kitaar	kitɑːr	train
kitaarspeler	kitɑːrspiələr	train
kits	kəts	train
kitsbank	kətsbaŋk	test
kitsbanke	kətsbaŋkə	test
kitskos	kətskɔs	train
kitskrieket	kətskrikət	train
kitsreeks	kətsriəks	test
kiwi	kivi	test
kiëf	kiɛf	train
kla	klɑː	train
klaaglied	klɑːχlit	train
klaagster	klɑːχstər	train
klaar	klɑːr	train
klaarblyklik	klɑːrbləiklək	train
klaarblyklike	klɑːrbləikləkə	train
klaargemaak	klɑːrχəmɑːk	train
klaargespeel	klɑːrχəspiəl	train
klaarkom	klɑːrkɔm	train
klaarkry	klɑːrkrəi	train
klaarmaak	klɑːrmɑːk	train
klaarmakery	klɑːrmɑːkərəi	test
klaarspeel	klɑːrspiəl	train
klaasen	klɑːsɛn	train
klad	klat	train
klade	klɑːdə	train
klaer	klɑːər	train
klaers	klɑːərs	train
klag	klaχ	test
klagstaat	klaχstɑːt	test
klagte	klaχtə	train
klagtedirektoraat	klaχtədirɛkturɑːt	train
klagtes	klaχtəs	train
klak	klak	train
klam	klam	train
klank	klaŋk	train
klankbaan	klaŋkbɑːn	train
klankband	klaŋkbant	train
klankbord	klaŋkbɔrt	train
klanke	klaŋkə	test
klankstelsel	klaŋkstɛlsəl	train
klankvorming	klaŋkfɔrməŋ	train
klant	klant	train
klante	klantə	train
klap	klap	train
klapmusse	klapmœsə	train
klappe	klapə	train
klapperkop	klapərkɔp	test
klappers	klapərs	test
klarinet	klarinɛt	train
klarinetspeler	klarinɛtspiələr	train
klas	klas	test
klasaantekeninge	klasɑːntiəkənəŋə	test
klasbyeenkoms	klasbəiiənkɔms	test
klasgee	klasχiə	train
klasgeld	klasχɛlt	train
klasgeleenthede	klasχəliəntɦiədə	train
klasgesprek	klasχəsprɛk	train
klasgroep	klasχrup	train
klaskamer	klaskɑːmər	test
klaskamerpraktyk	klaskɑːmərpraktəik	train
klaskamers	klaskɑːmərs	train
klaslose	klasluəsə	test
klasmaat	klasmɑːt	train
klasnotas	klasnuətas	train
klasperiodes	klaspiəriuədəs	train
klasse	klasə	test
klassie	klasi	train
klassiek	klasik	train
klassieke	klasikə	train
klassifikasie	klasifikɑːsi	train
klassifikasiestelsel	klasifikɑːsistɛlsəl	train
klassifiseer	klasifisiər	train
klassis	klasəs	train
klassituasie	klassətʃuɑːsi	train
klastye	klastəiə	train
klasverteenwoordiger	klasfərtiənvuərdəχər	train
klasvoorbereiding	klasfuərbərəidəŋ	train
klavesimbel	klavəsəmbəl	train
klavier	klafir	train
klaviere	klafirə	train
klavierkonsert	klafirkɔnsɛrt	test
klaviermetodiek	klafirmɛtudik	train
klavierspeler	klafirspiələr	train
klawer	klɑːvər	test
klawerbord	klɑːvərbɔrt	train
klawers	klɑːvərs	train
kleding	kliədəŋ	train
kledingstuk	kliədəŋstœk	train
klee	kliə	train
kleed	kliət	test
kleedkamer	kliətkɑːmər	train
kleedrepetisie	kliətrɛpətisi	train
kleef	kliəf	train
kleefmyn	kliəfməin	train
klei	kləi	train
kleigroewe	kləiχruvə	train
kleim	kləim	train
klein	kləin	train
kleinbekswartbaars	kləinbɛkswartbɑːrs	train
kleinboere	kləinburə	train
kleinboet	kləinbut	train
kleinding	kləindəŋ	train
kleindogter	kləindɔχtər	train
kleine	kləinə	train
kleineer	kləiniər	train
kleiner	kləinər	train
kleinerige	kləinərəχə	train
kleingeld	kləinχɛlt	train
kleingelowig	kləinχəluəvəχ	train
kleingoed	kləinχut	train
kleingroep	kləinχrup	train
kleinhandel	kləinɦandəl	train
kleinhandelaar	kləinɦandəlɑːr	train
kleinhandelaars	kləinɦandəlɑːrs	train
kleinhandelprys	kləinɦandəlprəis	test
kleinhandelverkope	kləinɦandəlfərkuəpə	train
kleinhoewe	kləinɦuvə	train
kleinhoewes	kləinɦuvəs	train
kleinkind	kləinkənt	train
kleinkinders	kləinkəndərs	test
kleinman	kləinman	train
kleinood	kləinuət	train
kleins	kləins	train
kleinsake	kləinsɑːkə	train
kleinsakeondernemings	kləinsɑːkəɔndərniəməŋs	train
kleinserig	kləinsərəχ	train
kleinseun	kləinsøːn	test
kleinskaalse	kləinskɑːlsə	train
kleinste	kləinstə	test
kleintjie	kləiŋki	train
kleintjies	kləiŋkis	train
kleintyd	kləintəit	train
kleinvee	kləinfiə	train
klem	klɛm	train
klemlegging	klɛmlɛχəŋ	train
klep	klɛp	train
kleppe	klɛpə	test
klerasie	kliərɑːsi	train
klere	kliərə	train
klerebedryf	kliərəbədrəif	train
kleredrag	kliərədraχ	train
klerefabriek	kliərəfabrik	train
klerekas	kliərəkas	test
klerewinkel	kliərəvəŋkəl	train
klerewinkels	kliərəvəŋkəls	train
klerk	klɛrk	train
klerksdorp	klɛrksdɔrp	train
klets	klɛts	train
kleur	kløːr	train
kleure	kløːrə	train
kleurekstraksie	kløːrɛkstraksi	train
kleurfoto	kløːrfuətu	train
kleurgelykstelling	kløːrχələikstɛləŋ	test
kleurling	kløːrləŋ	train
kleurlinge	kløːrləŋə	train
kleurloos	kløːrluəs	train
kleurlose	kløːrluəsə	train
kleurryke	kløːrrəikə	train
kleurskema	kløːrskiəma	train
kleurstof	kløːrstɔf	train
kleurvolle	kløːrfɔlə	test
kleuter	kløːtər	train
kleuters	kløːtərs	train
kleuterskole	kløːtərskuələ	train
kleuterskool	kløːtərskuəl	train
kliek	klik	train
kliere	klirə	train
klik	klək	train
klikgeluide	kləkχəlœydə	train
klim	kləm	train
klimaat	klimɑːt	train
klimaatstoestande	klimɑːtstustandə	train
klimaatstreke	klimɑːtstriəkə	train
klimaatsverandering	klimɑːtsfərandərəŋ	train
klimaks	klimaks	test
klimatologie	klimatuluχi	test
klimmende	kləməndə	train
klimmers	kləmərs	train
klimop	kləmɔp	train
klimslag	kləmslaχ	train
kliniek	klənik	train
klinieke	klənikə	train
klinies	klinis	train
kliniese	klinisə	train
klink	kləŋk	test
klinkende	kləŋkəndə	train
klinkklare	kləŋklɑːrə	train
klip	kləp	train
kliphard	kləpɦart	train
klipharde	kləpɦardə	train
kliphuis	kləpɦœys	train
klippe	kləpə	train
klippie	kləpi	train
klippies	kləpis	train
klippoortjie	kləppuərki	train
klits	kləts	train
kliënte	kliɛntə	train
klofie	kluəfi	train
klofies	kluəfis	train
klok	klɔk	train
klokkie	klɔki	train
klokkies	klɔkis	train
klomp	klɔmp	train
klompie	klɔmpi	train
klone	kluənə	train
kloning	kluənəŋ	test
klonte	klɔntə	train
klontjies	klɔŋkis	train
kloof	kluəf	train
klooster	kluəstər	train
kloosters	kluəstərs	train
klop	klɔp	test
klopdisselboom	klɔpdəsəlbuəm	train
klopjag	klɔpjaχ	train
klopper	klɔpər	train
kloppers	klɔpərs	train
klopse	klɔpsə	train
klou	klœu	train
kloue	klœuə	train
klousule	klœusylə	train
klousules	klœusyləs	train
klouter	klœutər	train
klowe	kluəvə	train
klub	klœp	train
klubhuis	klœbɦœys	train
klubrugby	klœbraχbi	test
klubs	klœbs	train
klubvlak	klœbflak	test
klubwedstryd	klœbvɛtstrəit	train
klug	klœχ	test
kluis	klœys	train
kluise	klœysə	train
knaag	knɑːχ	train
knaagdiere	knɑːχdirə	train
knaend	knɑːənt	train
knak	knak	train
knal	knal	train
knap	knap	train
knapie	knɑːpi	train
knapsak	knapsak	train
kneg	knɛχ	train
knel	knɛl	train
knelpunt	knɛlpœnt	train
knelpunte	knɛlpœntə	train
kneukels	knøːkəls	train
knie	kni	train
kniebesering	knibəsiərəŋ	train
kniediep	knidip	test
kniegewrig	kniχəvrəχ	train
kniehalter	kniɦaltər	test
kniel	knil	test
knieë	kniə	train
knik	knək	train
knip	knəp	train
knipmes	knəpmɛs	train
knoeiery	knuiərəi	train
knoffel	knɔfəl	train
knoffelhuisie	knɔfəlɦœysi	train
knoffelhuisies	knɔfəlɦœysis	train
knolle	knɔlə	train
knoop	knuəp	train
knop	knɔp	train
knope	knuəpə	train
knopkieries	knɔpkiris	train
knoppe	knɔpə	train
knoppie	knɔpi	train
knoppies	knɔpis	train
knor	knɔr	train
knormoer	knɔrmur	train
knou	knœu	train
knuppel	knœpəl	train
knus	knœs	train
knyp	knəip	train
knypie	knəipi	train
knysna	knəisna	train
koalisie	kualisi	train
koalisieregering	kualisirəχiərəŋ	test
koalisietydperk	kualisitəitpɛrk	train
kobe	kuəbə	test
kobraägtig	kuəbraaχtəχ	train
kode	kuədə	train
kodeks	kuədɛks	train
kodenaam	kuədənɑːm	train
kodering	kudiərəŋ	train
kodes	kuədəs	test
koedoe	kudu	train
koedoes	kudus	train
koei	kui	train
koeie	kuiə	train
koek	kuk	train
koekbeslag	kukbəslaχ	train
koeke	kukə	train
koekeroekoe	kukəruku	train
koekie	kuki	train
koekies	kukis	train
koekmeelblom	kukmiəlblɔm	test
koekoekvoëls	kukukfuəls	train
koeksisters	kuksəstərs	train
koeksoda	kuksuəda	train
koel	kul	train
koelbloedig	kulbludəχ	train
koelbloedige	kulbludəχə	train
koeldrank	kuldraŋk	train
koeldranke	kuldraŋkə	train
koelhouer	kulɦœuər	train
koelkan	kulkan	train
koelkas	kulkas	train
koelkop	kulkɔp	test
koelte	kultə	train
koen	kun	train
koepel	kupəl	train
koeplet	kuplɛt	train
koepons	kupɔns	train
koer	kur	train
koerant	kurant	train
koerantberigte	kurantbərəχtə	train
koerante	kurantə	train
koerantman	kurantman	train
koerantmense	kurantmɛnsə	train
koerantpapier	kurantpapir	train
koerdiese	kurdisə	train
koerier	kurir	train
koers	kurs	train
koerse	kursə	train
koersvaste	kursfastə	test
koersverhoging	kursfərɦuəχəŋ	train
koersverlaging	kursfərlɑːχəŋ	train
koester	kustər	train
koetshuis	kutsɦœys	train
koevert	kufɛrt	train
koevoet	kufut	train
koeweitse	kuvəitsə	train
koeël	kuəl	train
koffer	kɔfər	train
koffie	kɔfi	train
koffiebaai	kɔfibɑːi	train
koffiekroeg	kɔfikruχ	train
koffiemakery	kɔfimɑːkərəi	train
koffietafel	kɔfitɑːfəl	train
koffietrommel	kɔfitrɔməl	train
koffiewinkel	kɔfivəŋkəl	test
kognitief	kɔχnətif	train
koherensie	kuəɦirɛnsi	train
koherente	kuəɦirɛntə	train
kohesie	kuɦiəsi	train
kok	kɔk	train
koka	kuəka	train
kokaïen	kukain	train
koker	kuəkər	train
kokke	kɔkə	train
kokon	kukɔn	train
kol	kɔl	train
kole	kuələ	train
kolf	kɔlf	train
kolfbeurt	kɔlfbøːrt	test
kolfbeurte	kɔlfbøːrtə	train
kolfblaaie	kɔlfblɑːiə	train
kolfblad	kɔlfblat	train
kolfkampie	kɔlfkampi	train
kolflys	kɔlfləis	train
kolforde	kɔlfɔrdə	train
kolfwerk	kɔlfvɛrk	train
kolle	kɔlə	train
kollega	kuliəχa	train
kollegas	kuliəχas	train
kollege	kɔlidʒ	train
kolleges	kɔlidʒəs	train
kollektief	kɔlɛktif	train
kollektiewe	kɔlɛktivə	train
kolletjie	kɔliki	train
kolletjies	kɔlikis	train
kollig	kɔləχ	train
kolofonium	kɔlufuəniœm	train
kolom	kulɔm	train
kolomme	kulɔmə	test
kolon	kuəlɔn	train
kolonel	kɔlunɛl	train
koloniale	kuluəniɑːlə	train
kolonialisme	kulunialəsmə	train
kolonie	kuluəni	train
kolonies	kuluənis	train
kolonisering	kuluənisiərəŋ	train
koloniste	kuluənəstə	train
kolonnade	kɔlunɑːdə	train
kolonne	kulɔnə	train
kolpak	kɔlpak	train
kolwe	kɔlvə	train
kolwer	kɔlvər	train
kolwers	kɔlvərs	train
kom	kɔm	train
koma	kuəma	train
komaan	kɔmɑːn	train
kombers	kɔmbɛrs	train
komberse	kɔmbɛrsə	train
kombi	kɔmbi	train
kombinasie	kɔmbinɑːsi	train
kombinasies	kɔmbinɑːsis	train
kombineer	kɔmbiniər	test
kombuis	kɔmbœys	train
kombuisdeur	kɔmbœysdøːr	train
kombuise	kɔmbœysə	train
kombuiskaste	kɔmbœyskastə	train
kombuisvenster	kɔmbœysfɛnstər	train
komediant	kumiədiant	train
komediante	kumiədiantə	train
komedie	kumiədi	train
komeet	kumiət	train
komende	kuəməndə	train
komete	kumiətə	train
komies	kuəmis	train
komiese	kuəmisə	train
komitee	kɔmətiə	train
komiteelede	kɔmətiəliədə	train
komiteelid	kɔmətiələt	train
komitees	kɔmətiəs	train
komkommer	kɔmkɔmər	train
komma	kɔma	train
kommandant	kɔmandant	train
kommandement	kɔmandəmɛnt	train
kommando	kumandu	train
kommando's	kumandus	train
kommandokampe	kumandukampə	train
kommandolede	kumanduliədə	train
komme	kɔmə	train
kommentaar	kɔməntɑːr	train
kommentare	kɔməntɑːrə	train
kommentator	kɔməntɑːtɔr	test
kommentators	kɔməntɑːtɔrs	train
kommer	kɔmər	train
kommersieel	kɔmɛrsiiəl	train
kommersiële	kɔmɛrsiiələ	test
kommerwekkend	kɔmərvɛkənt	train
kommerwekkende	kɔmərvɛkəndə	train
kommetjie	kɔmiki	train
kommissaris	kɔməsɑːrəs	test
kommissarisse	kɔməsɑːrəsə	train
kommissie	kumisi	train
kommissielede	kumisiliədə	train
kommissies	kumisis	train
kommoditeit	kɔmɔditəit	train
kommoditeite	kɔmɔditəitə	train
kommoditeitspryse	kɔmɔditəitsprəisə	train
kommunikasiekanale	kɔmynikɑːsikanɑːlə	test
kommunikasiekunde	kɔmynikɑːsikœndə	train
kommunikasiemedium	kɔmynikɑːsimidiœm	train
kommunikasiemodules	kɔmynikɑːsimɔdyləs	train
kommunikasiepraktisyn	kɔmynikɑːsipraktisəin	test
kommunikasieproses	kɔmynikɑːsiprusɛs	train
kommunikasiestelsels	kɔmynikɑːsistɛlsəls	test
kommunikasiestrategie	kɔmynikɑːsistratəχi	train
kommunikasietegnologieë	kɔmynikɑːsitɛχnuluχiə	train
kommunikasievaardighede	kɔmynikɑːsifɑːrdəχɦiədə	train
kommunikasievakke	kɔmynikɑːsifakə	train
kommunikatiewe	kɔmynikativə	train
kommunikeer	kɔmynikiər	train
kommunikering	kɔmynikiərəŋ	train
kommunis	kɔmynəs	train
kommunisme	kɔmynəsmə	train
kommuniste	kɔmynəstə	test
kommunistiese	kɔmynəstisə	train
kompak	kɔmpak	train
kompakte	kɔmpaktə	train
kompanjie	kɔmpanji	train
kompartement	kɔmpartəmɛnt	train
kompeteer	kɔmpətiər	train
kompetensies	kɔmpətɛnsis	train
kompeterend	kɔmpətiərənt	train
kompeterende	kɔmpətiərəndə	train
kompetisie	kɔmpətisi	train
kompetisies	kɔmpətisis	train
kompleet	kɔmpliət	train
kompleks	kɔmplɛks	test
komplekse	kɔmplɛksə	test
kompleksiteit	kɔmplɛksitəit	train
komplemente	kɔmpləmɛntə	train
komplementeer	kɔmpləmɛntiər	train
komplete	kɔmplətə	train
kompleteer	kɔmplətiər	train
komplikasies	kɔmplikɑːsis	train
kompliment	kɔmplimɛnt	train
komplimente	kɔmplimɛntə	test
komplimenteer	kɔmplimɛntiər	train
komplot	kɔmplɔt	train
komponeer	kɔmpuniər	train
komponent	kɔmpunɛnt	train
komponente	kɔmpunɛntə	train
komponis	kɔmpunəs	test
komponiste	kɔmpunəstə	train
kompos	kɔmpɔs	train
komposisie	kɔmpuzisi	train
komposisies	kɔmpuzisis	test
komposisionele	kɔmpuziʃiuniələ	train
kompressor	kɔmprɛsɔr	train
kompromie	kɔmprumi	train
kompromieë	kɔmprumiə	train
kompromis	kɔmpruməs	test
kompromisse	kɔmpruməsə	train
komrij	kɔmrəi	test
koms	kɔms	train
komste	kɔmstə	train
kon	kɔn	train
kondensasie	kɔndɛnsɑːsi	train
kondig	kɔndəχ	train
kondisie	kɔndisi	train
kondisionering	kɔndiʃiuniərəŋ	train
kondome	kɔndumə	train
konfederasie	kɔnfɛdərɑːsi	train
konferensie	kɔnfərɛnsi	train
konferensiebesluite	kɔnfərɛnsibəslœytə	test
konferensies	kɔnfərɛnsis	train
konferensiesentrum	kɔnfərɛnsisɛntrœm	train
konfigurasie	kɔnfiχyrɑːsi	train
konflik	kɔnflək	train
konflikhantering	kɔnfləkɦantiərəŋ	train
konflikte	kɔnfləktə	train
konflikteorie	kɔnfləktiuri	test
konformiteit	kɔnfɔrmitəit	train
konfrontasie	kɔnfrɔntɑːsi	train
konfronteer	kɔnfrɔntiər	train
konfyt	kɔnfəit	train
kongenitale	kɔnχiənitɑːlə	test
konglomeraat	kɔnχlɔmərɑːt	train
konglomerate	kɔnχlɔmərɑːtə	train
kongo	kɔŋχu	train
kongres	kɔnχrɛs	train
kongresse	kɔnχrɛsə	train
kongruensie	kɔnχryɛnsi	train
koning	kuənəŋ	train
koningin	kuənəŋən	train
koninginvervanging	kuənəŋənfərfaŋəŋ	train
konings	kuənəŋs	train
koningsgesin	kuənəŋsχəsən	train
koningshuis	kuənəŋsɦœys	train
koningskap	kuənəŋskap	train
koninklike	kuənəŋkləkə	train
koninklikes	kuənəŋkləkəs	train
koninkryk	kuənəŋkrəik	train
koninkryke	kuənəŋkrəikə	test
konkas	kɔŋkas	train
konkreet	kɔnkriət	train
konkrete	kɔŋkriətə	train
konkurrente	kɔnkœrɛntə	train
konneksie	kunɛksi	test
konneksies	kunɛksis	train
konnotasie	kɔnutɑːsi	train
konsekutief	kɔnsɛkytif	train
konsekwent	kɔnsəkwɛnt	train
konsekwente	kɔnsəkwɛntə	train
konsekwentheid	kɔnsəkwɛntɦəit	train
konsensus	kɔnsɛnsœs	train
konsentrasie	kɔnsɛntrɑːsi	train
konsentrasiekamp	kɔnsɛntrɑːsikamp	train
konsentrasiekampe	kɔnsɛntrɑːsikampə	train
konsentrasies	kɔnsɛntrɑːsis	train
konsentreer	kɔnsɛntriər	train
konsentriese	kɔnsɛntrisə	train
konsep	kɔnsɛp	train
konsepbeleid	kɔnsɛpbələit	test
konsepgrondwet	kɔnsɛpχrɔntvɛt	train
konsepresolusies	kɔnsɛprɛsulysis	train
konsepsie	kɔnsɛpsi	train
konsepsionele	kɔnsɛpʃiuniələ	train
konsepte	kɔnsɛptə	train
konseptueel	kɔnsɛptʃyiəl	train
konseptuele	kɔnsɛptʃyiələ	train
konsepwet	kɔnsɛpvɛt	train
konsepwetgewing	kɔnsɛpvɛtχiəvəŋ	train
konsert	kɔnsɛrt	train
konserte	kɔnsɛrtə	train
konsertgangers	kɔnsɛrtχaŋərs	train
konsertina	kɔnsərtina	test
konsertprogram	kɔnsɛrtpruχram	train
konsertreeks	kɔnsɛrtriəks	train
konsertreis	kɔnsɛrtrəis	train
konsertsaal	kɔnsɛrtsɑːl	train
konsertsale	kɔnsɛrtsɑːlə	train
konserttoer	kɔnsɛrttur	train
konserwatief	kɔnsɛrvatif	train
konserwatiewe	kɔnsɛrvativə	train
konserwatisme	kɔnsɛrvatəsmə	train
konsessie	kɔnsɛsi	train
konsessiehouer	kɔnsɛsiɦœuər	train
konsessiehouers	kɔnsɛsiɦœuərs	train
konsessies	kɔnsɛsis	train
konsiderasie	kɔnsidərɑːsi	test
konsiliasie	kɔnsiliɑːsi	train
konsolidasie	kɔnsɔlidɑːsi	train
konsolideer	kɔnsɔlidiər	train
konsolidering	kɔnsɔlidiərəŋ	train
konsonante	kɔnsunantə	train
konsortium	kɔnsɔrtiœm	train
konstabel	kɔnstɑːbəl	train
konstabels	kɔnstɑːbəls	train
konstant	kɔnstant	train
konstante	kɔnstantə	test
konstantes	kɔnstantəs	train
konstateer	kɔnstatiər	train
konstitusionele	kɔnstətyʃiuniələ	train
konstruk	kɔnstrœk	train
konstruksie	kɔnstrœksi	train
konstruksiemaatskappy	kɔnstrœksimɑːtskapəi	train
konstruksies	kɔnstrœksis	train
konstrukte	kɔnstrœktə	train
konstruktief	kɔnstrœktif	train
konstruktiewe	kɔnstrœktivə	test
konstruktivistiese	kɔnstrœktivəstisə	test
konstruktiwisme	kɔnstrœktivəsmə	train
konsul	kɔnsœl	train
konsulaat	kɔnsœlɑːt	test
konsultant	kɔnsœltant	train
konsultante	kɔnsœltantə	train
konsultasie	kɔnsœltɑːsi	train
konsultasies	kɔnsœltɑːsis	train
konsulteer	kɔnsœltiər	train
kontak	kɔntak	train
kontakbesonderhede	kɔntakbəsɔndərɦiədə	train
kontakleerders	kɔntakliərdərs	train
kontaknommer	kɔntaknɔmər	train
kontaknommers	kɔntaknɔmərs	train
kontakperiode	kɔntakpiəriuədə	test
kontakpersone	kɔntakpərsuənə	train
kontakpersoon	kɔntakpərsuən	train
kontaksessie	kɔntaksɛsi	train
kontakte	kɔntaktə	train
kontaktye	kɔntaktəiə	train
kontaminasie	kɔntaminɑːsi	train
kontant	kɔntant	train
kontantbedrag	kɔntantbədraχ	train
kontantdividend	kɔntantdəvədɛnt	train
kontantposisie	kɔntantpuzisi	train
kontantprys	kɔntantprəis	train
kontantpryse	kɔntantprəisə	train
kontantreserwes	kɔntantrəzɛrvəs	train
kontantverkope	kɔntantfərkuəpə	train
kontantvloei	kɔntantflui	train
kontantvloeiprobleme	kɔntantfluiprubliəmə	train
konteks	kɔntɛks	train
konteksskepping	kɔntɛksskɛpəŋ	test
kontekstualiseer	kɔntɛkstʃualisiər	train
kontekstualisering	kɔntɛkstʃualisiərəŋ	train
kontekstuele	kɔntɛkstʃyiələ	train
kontinent	kɔntinɛnt	train
kontinentale	kɔntinɛntɑːlə	test
kontinente	kɔntinɛntə	train
kontingent	kɔntənχɛnt	train
kontinu	kɔntiny	train
kontinuïteit	kɔntinyitəit	train
kontoere	kɔnturə	train
kontra	kɔntra	train
kontrak	kɔntrak	train
kontraksies	kɔntraksis	train
kontrakte	kɔntraktə	train
kontraktereg	kɔntraktərɛχ	train
kontrakterende	kɔntraktiərəndə	train
kontrakteur	kɔntraktøːr	train
kontrakteurs	kɔntraktøːrs	train
kontraktueel	kɔntraktʃyiəl	train
kontraktuele	kɔntraktʃyiələ	train
kontrakwerk	kɔntrakvɛrk	train
kontrakwerkers	kɔntrakvɛrkərs	test
kontrapunt	kɔntrapœnt	train
kontras	kɔntras	train
kontrasteer	kɔntrastiər	train
kontrasterende	kɔntrastiərəndə	test
kontrei	kɔntrəi	train
kontrole	kɔntruələ	train
kontrolegroep	kɔntruləχrup	train
kontrolelys	kɔntrulələis	train
kontrolering	kɔntruliərəŋ	train
kontroles	kɔntruələs	train
konveksiestroom	kɔnvɛksistruəm	train
konvensie	kɔnfɛnsi	train
konvensies	kɔnfɛnsis	train
konvensioneel	kɔnfɛnʃiuniəl	train
konvensionele	kɔnfɛnʃiuniələ	train
konvergensie	kɔnfərχɛnsi	test
konvulsies	kɔnvœlsis	train
kook	kuək	train
kookboek	kuəkbuk	train
kookolie	kuəkuəli	test
kookpot	kuəkpɔt	train
kookpunt	kuəkpœnt	train
kookpunte	kuəkpœntə	train
kookwater	kuəkvɑːtər	train
kool	kuəl	train
koolhidrate	kuəlɦidrɑːtə	train
koolstofatoom	kuəlstɔfatuəm	train
koolstofdioksied	kuəlstɔfdiɔksit	train
koolstofmonoksied	kuəlstɔfmɔnɔksit	train
koolwaterstowwe	kuəlvɑːtərstɔvə	train
koop	kuəp	train
koopbewys	kuəpbəvəis	train
koophandel	kuəpɦandəl	train
koopkrag	kuəpkraχ	train
koopkragpariteit	kuəpkraχparitəit	train
koopman	kuəpman	train
koopprys	kuəpprəis	train
koopsom	kuəpsɔm	train
kooptransaksie	kuəptransaksi	train
koor	kuər	train
koordlose	kuərtluəsə	train
koorfees	kuərfiəs	test
koorlede	kuərliədə	train
koors	kuərs	test
koorsang	kuərsaŋ	train
koorsig	kuərsəχ	train
koos	kuəs	train
koosappel	kuəsapəl	train
kop	kɔp	train
kopbeserings	kɔpbəsiərəŋs	train
koper	kuəpər	train
koperdraad	kuəpərdrɑːt	train
kopers	kuəpərs	train
kopersel	kuəpərsɛl	train
koperstukkies	kuəpərstœkis	train
kophou	kɔpɦœu	test
kopie	kuəpi	train
kopiereg	kuəpirɛχ	train
kopieë	kupiə	train
kopië	kupiə	train
kopkrap	kɔpkrap	train
koppe	kɔpə	train
koppel	kɔpəl	train
koppeling	kɔpələŋ	train
koppelings	kɔpələŋs	test
koppeltekens	kɔpəltiəkəns	train
koppelvlak	kɔpəlflak	train
koppie	kɔpi	train
koppies	kɔpis	train
koppige	kɔpəχə	train
kopseer	kɔpsiər	train
kopskerm	kɔpskɛrəm	train
kopskoot	kɔpskuət	train
kopstukke	kɔpstœkə	train
kopstutte	kɔpstœtə	test
kopvel	kɔpfɛl	train
kopwond	kɔpvɔnt	train
koraal	kurɑːl	train
koraalriwwe	kurɑːlrəvə	test
korale	kurɑːlə	test
kore	kuərə	train
koreaanse	kuriɑːnsə	train
koreane	kuriɑːnə	train
korf	kɔrf	train
koring	kuərəŋ	train
korinte	kuərəntə	test
kornea	kɔrnia	train
korporaal	kɔrpɔrɑːl	train
korporasie	kɔrpɔrɑːsi	train
korporasies	kɔrpɔrɑːsis	train
korporatiewe	kɔrpɔrativə	train
korps	kɔrps	test
korpus	kɔrpœs	train
korrek	kɔrɛk	train
korrekte	kɔrɛktə	test
korrektheid	kɔrɛktɦəit	train
korrektief	kɔrɛktif	train
korrektiewe	kɔrɛktivə	train
korrel	kɔrəl	train
korrelasie	kɔrəlɑːsi	train
korrels	kɔrəls	train
korrespondensie	kɔrɛspɔndɛnsi	train
korrespondent	kɔrɛspɔndɛnt	train
korrespondente	kɔrɛspɔndɛntə	train
korridor	kɔridɔr	train
korrigeer	kɔrəχiər	train
korrosie	kɔruəsi	train
korrupsie	kurœpsi	train
korrupte	kɔrœptə	train
kors	kɔrs	train
kort	kɔrt	train
kortaf	kɔrtaf	test
kortasem	kɔrtɑːsəm	train
kortbroek	kɔrtbruk	train
korte	kɔrtə	train
korter	kɔrtər	train
kortgeknip	kɔrtχəknəp	train
korting	kɔrtəŋ	train
kortisol	kɔrtisɔl	train
kortisoon	kɔrtisuən	train
kortkom	kɔrtkɔm	train
kortkop	kɔrtkɔp	train
kortliks	kɔrtləks	test
kortlys	kɔrtləis	test
kortom	kɔrtɔm	train
kortsigtige	kɔrtsəχtəχə	train
kortsluiting	kɔrtslœytəŋ	train
kortspeler	kɔrtspiələr	train
kortste	kɔrtstə	test
kortstondig	kɔrtstɔndəχ	train
kortstondige	kɔrtstɔndəχə	train
korttermyn	kɔrttɛrməin	train
korttermyngeheue	kɔrttɛrməinχəɦøːə	train
korttermynversekering	kɔrttɛrməinfərsiəkərəŋ	train
kortverhaalbundel	kɔrtfərɦɑːlbœndəl	train
kortverhale	kɔrtfərɦɑːlə	train
kortweg	kɔrtvɛχ	train
kortwiek	kɔrtvik	train
korvette	kɔrvɛtə	train
korwe	kɔrvə	train
kos	kɔs	test
kosbaar	kɔsbɑːr	train
kosbaarste	kɔsbɑːrstə	train
kosbare	kɔsbɑːrə	train
koshuis	kɔsɦœys	train
koshuise	kɔsɦœysə	train
koshuisgebou	kɔsɦœysχəbœu	test
koshuiskantoor	kɔsɦœyskantuər	train
kosmaak	kɔsmɑːk	test
kosmaakprosesse	kɔsmɑːkprusɛsə	train
kosmiese	kɔsmisə	train
kosmologie	kɔsmuluχi	train
kosmos	kɔsmɔs	train
kospotte	kɔspɔtə	train
kosprys	kɔsprəis	train
kospryse	kɔsprəisə	train
kosskrywer	kɔsskrəivər	train
kossoorte	kɔssuərtə	test
koste	kɔstə	train
kostebeheer	kɔstəbəɦiər	train
kostebesparing	kɔstəbəspɑːrəŋ	train
kostedoeltreffend	kɔstədultrɛfənt	train
kostedoeltreffende	kɔstədultrɛfəndə	train
kostelik	kɔstələk	train
kostelike	kɔstələkə	train
kosteloos	kɔstəluəs	train
koster	kɔstər	train
kostes	kɔstəs	train
kostestelsel	kɔstəstɛlsəl	train
kosyn	kusəin	train
kothuis	kɔtɦœys	test
kou	kœu	train
koud	kœut	train
koue	kœuə	train
kouend	kœuənt	train
kouer	kœuər	train
kougom	kœuχɔm	train
koukus	kœukœs	train
koukusvergadering	kœukœsfərχɑːdərəŋ	train
kous	kœus	test
kousale	kœusɑːlə	train
kousaliteit	kœusalitəit	train
kouse	kœusə	train
koverte	kuvɛrtə	train
koëffisiënt	kuifiʃiɛnt	train
koöperasies	kuuəpərɑːsis	train
koöperatief	kuuəpəratif	train
koöpteer	kuɔptiər	train
koördinasie	kuɔrdinɑːsi	train
koördinate	kuɔrdinɑːtə	train
koördineer	kuɔrdiniər	train
koördinering	kuɔrdiniərəŋ	train
kraag	krɑːχ	train
kraai	krɑːi	train
kraaie	krɑːiə	train
kraaifontein	krɑːifɔntəin	train
kraak	krɑːk	train
kraakbeen	krɑːkbiən	test
kraakvars	krɑːkfars	train
kraal	krɑːl	train
kraampie	krɑːmpi	train
kraampies	krɑːmpis	train
kraamsaal	krɑːmsɑːl	train
kraan	krɑːn	train
kraans	krɑːns	train
kraanse	krɑːnsə	train
kraantjie	krɑːiŋki	train
kraanwater	krɑːnvɑːtər	test
krag	kraχ	train
kragbote	kraχbuətə	train
kragbron	kraχbrɔn	train
kragdadig	kraχdɑːdəχ	train
kragdadige	kraχdɑːdəχə	test
kragdraad	kraχdrɑːt	train
kragdrade	kraχdrɑːdə	train
kraglewering	kraχliəvərəŋ	train
kragman	kraχman	train
kragmeting	kraχmiətəŋ	train
kragmetings	kraχmiətəŋs	train
kragonderbrekings	kraχɔndərbriəkəŋs	train
kragopwekker	kraχɔpvɛkər	train
kragopwekkers	kraχɔpvɛkərs	train
kragopwekking	kraχɔpvɛkəŋ	train
kragprop	kraχprɔp	train
kragsentrales	kraχsɛntrɑːləs	train
kragsinspanning	kraχsənspanəŋ	train
kragstasies	kraχstɑːsis	train
kragte	kraχtə	train
kragtens	kraχtəns	train
kragtig	kraχtəχ	train
kragtige	kraχtəχə	train
kragtiger	kraχtəχər	train
kragtigste	kraχtəχstə	train
kragtoer	kraχtur	train
kragtoevoer	kraχtufur	train
krake	krɑːkə	train
krale	krɑːlə	train
krambergreeks	krambɛrχriəks	train
kramer	krɑːmər	train
krampagtig	krampaχtəχ	train
krampe	krampə	train
krane	krɑːnə	train
kranig	krɑːnəχ	train
kranige	krɑːnəχə	test
kranksinnig	kraŋksənəχ	train
kranksinnige	kraŋksənəχə	train
krans	krɑːns	train
kranse	kransə	train
krap	krap	test
krappies	krapis	train
kras	kras	train
krat	krat	test
krater	krɑːtər	train
kraters	krɑːtərs	test
kratte	kratə	test
kreatief	kriatif	train
kreatiewe	kriativə	train
kreatiwiteit	kriativitəit	train
krediet	krədit	train
krediete	krəditə	train
kredietgeriewe	krəditχərivə	train
kredietkaart	krəditkɑːrt	train
kredietkaarte	krəditkɑːrtə	train
kredietkant	krəditkant	train
kredietnotas	krəditnuətas	train
kredietverkope	krəditfərkuəpə	train
kredietverlening	krəditfərliənəŋ	test
kredietwaardigheid	krəditvɑːrdəχɦəit	train
kredietwet	krəditvɛt	train
krediteer	krɛditiər	train
krediteur	krɛditøːr	train
krediteure	krɛditøːrə	train
krediteurekontrole	krɛditøːrəkɔntruələ	train
kreef	kriəf	test
kressent	krɛsənt	train
kretense	krətɛnsə	train
kreun	krøːn	train
kreungeluidjies	krøːnχəlœykis	train
kreupeles	krøːpələs	test
krewe	kriəvə	train
kriek	krik	train
krieke	krikə	test
krieket	krikət	train
krieketbase	krikətbɑːsə	train
krieketkaptein	krikətkaptəin	train
krieketklub	krikətklœp	train
krieketraad	krikətrɑːt	test
krieketseisoen	krikətsəisun	train
krieketspan	krikətspan	train
krieketspanne	krikətspanə	train
krieketspeler	krikətspiələr	test
krieketspelers	krikətspiələrs	train
kriekettoets	krikəttuts	train
kriekettoetswedstryd	krikəttutsvɛtstrəit	train
krieketveld	krikətfɛlt	train
krieketwedstryd	krikətvɛtstrəit	train
krieketwedstryde	krikətvɛtstrəidə	train
kriewel	krivəl	train
kriewelrig	krivəlrəχ	train
krige	kriχə	train
krimineel	krəminiəl	train
kriminele	krəminiələ	train
kriminologie	krəmənuluχi	train
kriminoloog	krəmənuluəχ	train
krimp	krəmp	train
kring	krəŋ	train
kringe	krəŋə	train
kringetjie	krəŋiki	train
kringloop	krəŋluəp	train
krip	krəp	train
kris	krəs	train
krisis	krisəs	test
krisisintervensie	krisəsəntərfɛnsi	train
krisisse	krisəsə	train
krisistyd	krisəstəit	train
krisjan	krəsjan	train
kristal	krəstal	train
kriteria	krətiəria	test
kriterium	krətiəriœm	train
kritici	kritisi	train
kritiek	krətik	train
kritieke	krətikə	train
krities	kritis	train
kritiese	kritisə	train
kritikus	kritikœs	train
kritiseer	kritisiər	train
kroate	kruɑːtə	train
kroeg	kruχ	train
kroegtoonbank	kruχtuənbaŋk	train
krokodil	krɔkudəl	train
krokodille	krɔkudələ	train
krom	krɔm	train
krommes	krɔməs	train
kromrivierkloof	krɔmrəfirkluəf	train
krone	kruənə	train
kroniek	kruənik	test
kroniese	kruənisə	train
kroning	kruənəŋ	train
kronkel	krɔŋkəl	train
kronkelende	krɔŋkələndə	train
kronkels	krɔŋkəls	train
kronkelvere	krɔŋkəlfiərə	train
kroon	kruən	train
kroonprins	kruənprəns	train
kroonstad	kruənstat	train
kroos	kruəs	test
kroosliefde	kruəslifdə	train
krop	krɔp	train
kruideniersware	krœydənirsvɑːrə	train
kruie	krœyə	train
kruik	krœyk	train
kruin	krœyn	train
kruine	krœynə	train
kruip	krœyp	train
kruipende	krœypəndə	train
kruis	krœys	train
kruisbestuiwing	krœysbəstœyvəŋ	train
kruisboog	krœysbuəχ	train
kruisdood	krœysduət	train
kruise	krœysə	train
kruisie	krœysi	train
kruisig	krœysəχ	train
kruisiging	krœysəχəŋ	test
kruising	krœysəŋ	test
kruisings	krœysəŋs	train
kruiskulturele	krœyskœltyriələ	test
kruisondervraging	krœysɔndərfrɑːχəŋ	train
kruispad	krœyspat	train
kruistogte	krœystɔχtə	train
kruisvaarders	krœysfɑːrdərs	train
kruitvat	krœytfat	train
kruiwa	krœyvɑː	train
krukke	krœkə	train
kry	krəi	test
krygers	krəiχərs	train
krygsgevangenes	krəiχsχəfaŋənəs	train
krygsheer	krəiχsɦiər	test
krygshere	krəiχsɦiərə	train
krygsraad	krəiχsrɑːt	train
krygswet	krəiχsvɛt	train
kryt	krəit	train
krytvloer	krəitflur	train
kudde	kœdə	train
kuddes	kœdəs	train
kug	kœχ	train
kuier	kœyər	train
kuiergas	kœyərχas	train
kuierplek	kœyərplɛk	train
kuierplekke	kœyərplɛkə	train
kuiertjie	kœyərki	train
kuiertye	kœyərtəiə	train
kuif	kœyf	train
kuifie	kœyfi	test
kuikens	kœykəns	train
kuil	kœyl	train
kuipe	kœypə	train
kuit	kœyt	train
kuitbesering	kœytbəsiərəŋ	train
kuite	kœytə	train
kuitspier	kœytspir	test
kulkunstenaar	kœlkœnstənɑːr	train
kullery	kœlərəi	train
kulmineer	kœlməniər	test
kulturele	kœltyriələ	train
kultus	kœltœs	train
kumulatiewe	kymylativə	train
kundige	kœndəχə	train
kundiges	kœndəχəs	train
kundigheid	kœndəχɦəit	train
kuns	kœns	test
kunsaas	kœnsɑːs	train
kunsbesef	kœnsbəsɛf	train
kunsfees	kœnsfiəs	train
kunsgalery	kœnsχalərəi	test
kunsgeskiedenis	kœnsχəskidənəs	train
kunskafee	kœnskafiə	train
kunsliedere	kœnslidərə	train
kunsliefhebbers	kœnslifɦɛbərs	train
kunsmark	kœnsmark	train
kunsmatig	kœnsmɑːtəχ	train
kunsmatige	kœnsmɑːtəχə	test
kunsmis	kœnsməs	train
kunssaal	kœnssɑːl	train
kunssale	kœnssɑːlə	test
kunsskool	kœnsskuəl	train
kunste	kœnstə	train
kunstefees	kœnstəfiəs	train
kunstegebou	kœnstəχəbœu	test
kunstekaap	kœnstəkɑːp	train
kunstenaar	kœnstənɑːr	train
kunstenaars	kœnstənɑːrs	train
kunstenaarskap	kœnstənɑːrskap	train
kunstenares	kœnstənarɛs	train
kunsteraad	kœnstərɑːt	train
kunstig	kœnstəχ	train
kunstige	kœnstəχə	train
kunsuitstalling	kœnsœytstaləŋ	train
kunsuitstallings	kœnsœytstaləŋs	train
kunsvereniging	kœnsfəriənəχəŋ	train
kunsversameling	kœnsfərsɑːmələŋ	train
kunsvorm	kœnsfɔrm	train
kunsvorme	kœnsfɔrmə	train
kunswerk	kœnsvɛrk	train
kunswerke	kœnsvɛrkə	train
kurator	kyrɑːtɔr	train
kurktrekkerdraaie	kœrktrɛkərdrɑːiə	train
kurpers	kœrpərs	train
kurrikulering	kœrikyliərəŋ	train
kurrikulum	kœrikylœm	train
kursus	kœrsœs	train
kursusdosent	kœrsœsdusɛnt	test
kursuseenheid	kœrsœsiənɦəit	train
kursusgangers	kœrsœsχaŋərs	test
kursusinhoud	kœrsœsənɦœut	train
kursusmateriaal	kœrsœsmatiəriɑːl	train
kursusse	kœrsœsə	train
kursuswerk	kœrsœsvɛrk	train
kurwe	kœrvə	test
kurwes	kœrvəs	train
kus	kœs	train
kusdorp	kœsdɔrp	train
kusgebied	kœsχəbit	train
kusgebiede	kœsχəbidə	train
kuslyne	kœsləinə	train
kussing	kœsəŋ	train
kussings	kœsəŋs	train
kusstrook	kœsstruək	train
kusstruikbos	kœsstrœykbɔs	train
kusvlak	kœsflak	test
kusvlakte	kœsflaktə	test
kuswag	kœsvaχ	train
kwaad	kwɑːt	train
kwaadaardige	kwɑːtɑːrdəχə	train
kwaaddoen	kwɑːtdun	train
kwaadwillig	kwɑːtvələχ	train
kwaadwillige	kwɑːtvələχə	train
kwaai	kwɑːi	train
kwaaiste	kwɑːistə	train
kwade	kwɑːdə	train
kwadrant	kwadrant	train
kwadrate	kwadrɑːtə	train
kwadratiese	kwadrɑːtisə	train
kwadrupleeg	kwadrupliəχ	test
kwaggas	kwaχas	train
kwale	kwɑːlə	train
kwalifikasie	kwalifikɑːsi	train
kwalifikasieraamwerk	kwalifikɑːsirɑːmvɛrk	train
kwalifikasies	kwalifikɑːsis	train
kwalifiseer	kwalifisiər	train
kwalifiserende	kwalifisiərəndə	train
kwalik	kwɑːlək	train
kwalitatief	kwalitatif	test
kwaliteit	kwalitəit	train
kwaliteite	kwalitəitə	train
kwansuis	kwansœys	train
kwantifisering	kwantifisiərəŋ	train
kwantummeganika	kwantœmməχɑːnika	test
kwarantyn	kwarantəin	train
kwarke	kwarkə	train
kwart	kwart	train
kwartaal	kwartɑːl	train
kwartaalblad	kwartɑːlblat	train
kwartaalliks	kwartɑːləks	train
kwartaallikse	kwartɑːləksə	train
kwartaalverslae	kwartɑːlfərslɑːə	train
kwartaalverslag	kwartɑːlfərslaχ	train
kwartale	kwartɑːlə	train
kwarteindronde	kwartəintrɔntə	train
kwarteindstryd	kwartəintstrəit	train
kwartet	kwartɛt	test
kwartgebied	kwartχəbit	train
kwartier	kwartir	train
kwartiere	kwartirə	train
kwartlyn	kwartləin	train
kwartmiljoen	kwartməljun	train
kwasi	kwɑːzi	train
kwaste	kwastə	train
kwazulu	kwazulu	test
kweek	kwiək	train
kweekhuis	kwiəkɦœys	train
kweekhuiseffek	kwiəkɦœysifɛk	train
kweekhuisgasse	kwiəkɦœysχasə	train
kweekskool	kwiəkskuəl	train
kweekskoolprofessore	kwiəkskuəlprɔfəsuərə	train
kwekery	kwiəkərəi	train
kwekerye	kwiəkərəiə	train
kwel	kwɛl	train
kwelvrae	kwɛlfrɑːə	test
kwesbaar	kwɛsbɑːr	train
kwesbaarheid	kwɛsbɑːrɦəit	train
kwessie	kwɛsi	train
kwessies	kwɛsis	train
kwetsbaar	kwɛtsbɑːr	train
kwetsende	kwɛtsəndə	train
kwik	kwək	train
kwinkslae	kwəŋkslɑːə	test
kwistig	kwəstəχ	test
kwitansie	kwətansi	train
kwitansies	kwətansis	test
kworum	kuərœm	train
kwota	kwuəta	train
kwotas	kwuətas	test
kwotasie	kwuətɑːsi	train
kwotasies	kwuətɑːsis	train
kwotastelsel	kwuətastɛlsəl	test
kwyl	kwəil	train
kwyn	kwəin	train
kwynende	kwəinəndə	train
kwyt	kwəit	train
kwytgeraak	kwəitχərɑːk	train
kwytgeskel	kwəitχəskɛl	train
kwytgeskeld	kwəitχəskɛlt	train
kwytraak	kwəitrɑːk	train
kwytskelding	kwəitskɛldəŋ	test
kyk	kəik	train
kyker	kəikər	train
kykers	kəikərs	train
kykie	kəiki	train
kykstof	kəikstɔf	train
la	lɑː	train
laag	lɑːχ	train
laaglandfynbos	lɑːχlantfəinbɔs	train
laagste	lɑːχstə	test
laagte	lɑːχtə	train
laagtepunt	lɑːχtəpœnt	train
laagtepunte	lɑːχtəpœntə	train
laagvat	lɑːχfat	test
laagwater	lɑːχvɑːtər	train
laai	lɑːi	train
laaibak	lɑːibak	train
laaie	lɑːiə	train
laaipan	lɑːipan	train
laaisoldaat	lɑːisɔldɑːt	train
laaitjie	lɑːiki	train
laan	lɑːn	train
laas	lɑːs	train
laasgenoemde	lɑːsχənumdə	train
laasgenoemdes	lɑːsχənumdəs	train
laasjaar	lɑːsjɑːr	train
laasnag	lɑːsnaχ	train
laaste	lɑːstə	train
laastens	lɑːstəns	train
laat	lɑːt	train
laataand	lɑːtɑːnt	train
laatmiddag	lɑːtmədaχ	train
laatslapers	lɑːtslɑːpərs	train
labirinte	labirəntə	train
laboratorium	labratuəriœm	train
laboratoriums	labratuəriœms	train
laboratoriumwerk	labratuəriœmvɛrk	train
lading	lɑːdəŋ	train
ladismith	ləidismət	train
lae	lɑːə	train
laekoste	lɑːəkɔstə	train
laer	lɑːər	test
laerhuis	lɑːərɦœys	train
laers	lɑːərs	train
laerskole	lɑːərskuələ	train
laerskool	lɑːərskuəl	train
laerskoolkinders	lɑːərskuəlkəndərs	train
laeveld	lɑːəfɛlt	train
laf	laf	train
lafaard	lafɑːrt	train
lafenis	lɑːfənəs	train
lafhartige	lafɦartəχə	train
lag	laχ	train
laggende	laχəndə	train
laggie	laχi	train
lagie	lɑːχi	train
lagspiere	laχspirə	test
lak	lak	test
laken	lɑːkən	train
laksheid	laksɦəit	train
laksman	laksman	train
laktaat	laktɑːt	train
lam	lam	train
lammers	lamərs	train
lamp	lamp	test
lampak	lampak	train
lampe	lampə	test
lamplig	lampləχ	train
lamppaal	lamppɑːl	train
lamppale	lamppɑːlə	train
land	lant	train
landbank	lantbaŋk	train
landbou	lantbœu	train
landboubeleid	lantbœubələit	test
landbouers	lantbœuərs	train
landbougrond	lantbœuχrɔnt	train
landboukollege	lantbœukɔlidʒ	train
landbounavorsingsraad	lantbœunɑːfɔrsəŋsrɑːt	train
landbouproduksie	lantbœuprudœksi	train
landbouprodukte	lantbœuprudœktə	train
landbousektor	lantbœusɛktɔr	train
landbouskool	lantbœuskuəl	train
landboutoestande	lantbœutustandə	train
landdros	landrɔs	train
landdrosdistrik	landrɔsdəstrək	train
landdrosdistrikte	landrɔsdəstrəktə	train
landdroshof	landrɔsɦɔf	train
landdroskantoor	landrɔskantuər	train
landdroste	landrɔstə	train
lande	landə	train
landelike	landələkə	train
landerye	landərəiə	train
landgenoot	lantχənuət	train
landgenote	lantχənuətə	train
landgoed	lantχut	train
landgoedere	lantχudərə	train
landing	landəŋ	train
landjie	laiŋki	train
landkaart	lantkɑːrt	train
landloop	lantluəp	train
landman	lantman	test
landmyn	lantməin	test
landmyne	lantməinə	train
landnaam	lantnɑːm	train
landoppervlakte	lantɔpərflaktə	test
landsbelang	lantsbəlaŋ	train
landsburger	lantsbœrχər	train
landsburgers	lantsbœrχərs	train
landsgrense	lantsχrɛnsə	train
landskap	lantskap	train
landskappe	lantskapə	train
landslakke	lantslakə	train
landsman	lantsman	train
landsregering	lantsrəχiərəŋ	train
landstale	lantstɑːlə	test
landstreek	lantstriək	train
landsvlag	lantsflaχ	train
landswapen	lantsvɑːpən	train
landswette	lantsvɛtə	train
landswye	lantsvəiə	train
landuit	lantœyt	train
landvorme	lantfɔrmə	train
landwyd	lantvəit	train
landwye	lantvəiə	train
lane	lɑːnə	train
lang	laŋ	train
langafstand	laŋafstant	train
langafstande	laŋafstandə	train
langasems	laŋɑːsəms	train
langbeen	laŋbiən	test
langbroek	laŋbruk	train
lange	laŋə	train
langenhoven	laŋənɦuəvən	train
langer	laŋər	train
langes	laŋəs	train
langlys	laŋləis	train
langs	laŋs	train
langsaam	laŋsɑːm	train
langsaan	laŋsɑːn	test
langsamerhand	laŋsɑːmərɦant	train
langslewendes	laŋsliəvəndəs	test
langspeelplate	laŋspiəlplɑːtə	train
langspeler	laŋspiələr	train
langspelers	laŋspiələrs	train
langste	laŋstə	train
langtermyn	laŋtɛrməin	train
langtermyndoelwitte	laŋtɛrməindulvətə	train
langtermyngeheue	laŋtɛrməinχəɦøːə	train
langverwagte	laŋfərvaχtə	train
langwerpig	laŋvɛrpəχ	train
langwerpiges	laŋvɛrpəχəs	train
laning	lɑːnəŋ	train
lank	laŋk	train
lanka	laŋka	train
lankaanse	laŋkɑːnsə	train
lankal	laŋkal	train
lanklaas	laŋklɑːs	train
lanseer	lansiər	train
lansering	lansiərəŋ	test
lansie	lansi	train
lantern	lantɛrən	train
lap	lap	train
lapa	lɑːpa	train
lappe	lapə	train
lappie	lapi	train
lappies	lapis	train
larwe	larvə	train
las	las	train
lasarus	lɑːsarœs	train
lasbrief	lasbrif	train
lasbriewe	lasbrivə	train
laser	lɑːsər	train
laserplaat	lɑːsərplɑːt	train
laserplate	lɑːsərplɑːtə	train
lasers	lɑːsərs	train
laserskyf	lɑːsərskəif	test
laserskywe	lɑːsərskəivə	train
laste	lastə	train
laster	lastər	train
lasteraksie	lastəraksi	train
lastereis	lastərəis	train
lasterlik	lastərlək	train
lasterlike	lastərləkə	train
lastersaak	lastərsɑːk	train
lastig	lastəχ	train
lastige	lastəχə	train
lat	lat	train
late	lɑːtə	train
latente	latɛntə	train
later	lɑːtər	train
latere	lɑːtərə	test
latyn	latəin	train
latynse	latəinsə	train
laude	lœudə	train
laudium	lœudiœm	train
laventel	lafɛntəl	train
lawa	lɑːva	train
lawaai	lavɑːi	train
lawaaierige	lavɑːiərəχə	train
lede	liədə	train
ledebydraes	liədəbəidrɑːəs	train
ledegeld	liədəχɛlt	train
ledekante	liədəkantə	train
ledemaat	liədəmɑːt	train
ledemate	liədəmɑːtə	train
ledetal	liədətal	train
ledig	liədəχ	train
ledige	liədəχə	train
leed	liət	test
leef	liəf	train
leefstyl	liəfstəil	train
leefstylopvoeding	liəfstəilɔpfudəŋ	train
leeftyd	liəftəit	train
leefwyse	liəfvəisə	train
leeg	liəχ	train
leegheid	liəχɦəit	test
leegte	liəχtə	train
leemte	liəmtə	train
leemtes	liəmtəs	train
leen	liən	train
leer	liər	train
leerafdelings	liərafdiələŋs	train
leeraktiwiteit	liəraktivitəit	train
leerbal	liərbal	train
leerbekleedsel	liərbəkliətsəl	train
leerbenadering	liərbənɑːdərəŋ	train
leerdeel	liərdiəl	train
leerder	liərdər	test
leerdergesentreerde	liərdərχəsɛntriərdə	train
leerderondersteuning	liərdərɔndərstøːnəŋ	train
leerders	liərdərs	train
leerderwerkprogram	liərdərvɛrkpruχram	train
leerdoelwitte	liərdulvətə	train
leereenheid	liəriənɦəit	test
leereenheidinhoud	liəriənɦəitənɦœut	train
leereenheidplan	liəriənɦəitplan	train
leerervarings	liərɛrfɑːrəŋs	train
leerfase	liərfɑːsə	train
leergedeelte	liərχədiəltə	train
leergeleenthede	liərχəliəntɦiədə	train
leergeleentheid	liərχəliəntɦəit	train
leerhandeling	liərɦandələŋ	train
leerkrag	liərkraχ	train
leerkragte	liərkraχtə	test
leerling	liərləŋ	train
leerlinge	liərləŋə	train
leerlingraad	liərləŋrɑːt	test
leermeester	liərmiəstər	train
leermeesters	liərmiəstərs	train
leeromgewing	liərɔmχiəvəŋ	train
leerplan	liərplan	train
leerplanne	liərplanə	train
leerprobleme	liərprubliəmə	train
leerproses	liərprusɛs	train
leersaam	liərsɑːm	test
leersame	liərsɑːmə	train
leersitplekke	liərsətplɛkə	train
leerskool	liərskuəl	train
leerstellige	liərstɛləχə	train
leerstelling	liərstɛləŋ	train
leerstellinge	liərstɛləŋə	train
leerstellings	liərstɛləŋs	train
leerstoel	liərstul	train
leerstrategieë	liərstratəχiə	test
leerstuk	liərstœk	train
leerstyl	liərstəil	train
leerstyle	liərstəilə	train
leertaak	liərtɑːk	train
leertake	liərtɑːkə	test
leerteorieë	liərtiuriə	train
leeruitkomstes	liərœytkɔmstəs	train
leervisse	liərfəsə	train
lees	liəs	train
leesaktiwiteit	liəsaktivitəit	train
leesbaar	liəsbɑːr	train
leesbare	liəsbɑːrə	train
leesgids	liəsχəts	train
leesperiode	liəspiəriuədə	train
leesproses	liəsprusɛs	train
leesspoed	liəssput	test
leesstof	liəsstɔf	train
leesstrategieë	liəsstratəχiə	train
leesstuk	liəsstœk	train
leesstukkie	liəsstœki	train
leestegnieke	liəstɛχnikə	test
leestekengebruik	liəstiəkənχəbrœyk	train
leesvaardighede	liəsfɑːrdəχɦiədə	train
leesvaardigheid	liəsfɑːrdəχɦəit	train
legato	lɛχɑːtu	train
legendariese	lɛχəndɑːrisə	train
legende	ləχɛndə	train
legendes	ləχɛndəs	train
leggers	lɛχərs	train
legio	liəχiu	train
legitieme	lɛχətimə	train
legitimiteit	lɛχətimitəit	test
legkaart	lɛχkɑːrt	train
lei	ləi	train
leidende	ləidəndə	train
leiding	ləidəŋ	train
leidraad	ləidrɑːt	train
leidrade	ləidrɑːdə	test
leier	ləiər	train
leiers	ləiərs	test
leiersberaad	ləiərsbərɑːt	train
leierseienskappe	ləiərsəiənskapə	train
leiersfigure	ləiərsfəχyrə	train
leierskap	ləiərskap	train
leierskapstryd	ləiərskapstrəit	train
leierskapstyl	ləiərskapstəil	train
leierskapstyle	ləiərskapstəilə	train
leierskorps	ləiərskɔrps	test
leiersposisie	ləiərspuzisi	test
leiersrol	ləiərsrɔl	test
leierstryd	ləiərstrəit	train
leiersverkiesing	ləiərsfərkisəŋ	train
leipzig	laipsiχ	train
leisels	ləisəls	train
lek	lɛk	train
leke	liəkə	train
lekkasies	lɛkɑːsis	train
lekkende	lɛkəndə	train
lekker	lɛkər	train
lekkerder	lɛkərdər	train
lekkergoed	lɛkərχut	train
lekkerny	lɛkərnəi	train
lekkernye	lɛkərnəiə	train
lekkers	lɛkərs	train
lekkerste	lɛkərstə	train
lekkerte	lɛkərtə	train
leksikale	lɛksikɑːlə	train
lektor	lɛktɔr	train
lektore	lɛkturə	train
lelik	liələk	train
lelike	liələkə	train
lem	lɛm	train
lemmetjiesdraad	lɛmikisdrɑːt	train
lemoene	ləmunə	test
lemoensap	ləmunsap	train
lemoenskil	ləmunskəl	train
lemos	lɛmɔs	train
leners	liənərs	train
lengte	lɛŋtə	train
lengtelyne	lɛŋtələinə	train
lengtes	lɛŋtəs	train
lenie	liəni	train
lenige	liənəχə	train
lening	liənəŋ	train
lenings	liənəŋs	train
lens	lɛns	test
lense	lɛnsə	train
lente	lɛntə	train
leon	liɔn	train
lepels	liəpəls	train
leraar	liərɑːr	train
leraars	liərɑːrs	train
lering	liərəŋ	train
leringe	liərəŋə	train
les	lɛs	train
leseenheid	lɛsiənɦəit	test
lesenswaardige	liəsənsvɑːrdəχə	train
leser	liəsər	train
lesers	liəsərs	train
leserskring	liəsərskrəŋ	train
lesing	liəsəŋ	train
lesingperiodes	liəsəŋpiəriuədəs	test
lesings	liəsəŋs	test
lesplan	lɛsplan	train
lesse	lɛsə	train
lessenaar	lɛsənɑːr	test
lessenaars	lɛsənɑːrs	train
let	lɛt	train
letsels	lɛtsəls	train
letter	lɛtər	train
lettergrootte	lɛtərχruətə	train
letterkunde	lɛtərkœndə	train
letterkundige	lɛtərkœndəχə	train
letterkundiges	lɛtərkœndəχəs	train
letterlik	lɛtərlək	test
letterlike	lɛtərləkə	train
letters	lɛtərs	train
lettertipes	lɛtərtipəs	train
leuchars	liuʃɑːrs	train
leuen	løːən	train
leuenaar	løːənɑːr	train
leuens	løːəns	train
leun	løːn	train
leunstoel	løːnstul	train
leuse	løːsə	train
levi	liəfi	train
leviete	ləfitə	train
lewe	liəvə	train
leweloos	liəvəluəs	train
lewelose	liəvəluəsə	train
lewend	liəvənt	train
lewende	liəvəndə	train
lewendig	liəvəndəχ	train
lewendige	liəvəndəχə	test
lewendiger	liəvəndəχər	train
lewendigs	liəvəndəχs	train
lewens	liəvəns	train
lewensberoep	liəvənsbərup	train
lewensbeskouing	liəvənsbəskœuəŋ	train
lewensbeskoulike	liəvənsbəskœuləkə	train
lewensdekking	liəvənsdɛkəŋ	train
lewensgehalte	liəvənsχəɦaltə	train
lewensgeleenthede	liəvənsχəliəntɦiədə	train
lewensgenote	liəvənsχənuətə	test
lewensgeskiedenis	liəvənsχəskidənəs	train
lewensgevaar	liəvənsχəfɑːr	train
lewensgevaarlike	liəvənsχəfɑːrləkə	train
lewenshulpbronne	liəvənsɦœlpbrɔnə	train
lewensiklus	liəvənsiklœs	test
lewenskrag	liəvənskraχ	train
lewenskragtige	liəvənskraχtəχə	train
lewenslange	liəvənslaŋə	train
lewenslank	liəvənslaŋk	train
lewenslig	liəvənsləχ	test
lewenslustige	liəvənslœstəχə	train
lewensmaat	liəvənsmɑːt	train
lewensnoodsaaklike	liəvənsnuətsɑːkləkə	train
lewensomstandighede	liəvənsɔmstandəχɦiədə	train
lewensoriëntering	liəvənsuəriɛntiərəŋ	train
lewensoriënteringleerareaverklaring	liəvənsuəriɛntiərəŋliərɑːriafərklɑːrəŋ	test
lewenspeil	liəvənspəil	train
lewensredder	liəvənsrɛdər	test
lewensrigting	liəvənsrəχtəŋ	train
lewenssiklus	liəvənssiklœs	train
lewenstaat	liəvənstɑːt	train
lewenstandaard	liəvənstandɑːrt	train
lewenstoestand	liəvənstustant	train
lewenstyl	liəvənstəil	train
lewenstyle	liəvənstəilə	train
lewensuitkyk	liəvənsœytkəik	train
lewensvaardighede	liəvənsfɑːrdəχɦiədə	train
lewensvatbaar	liəvənsfatbɑːr	train
lewensvatbaarheid	liəvənsfatbɑːrɦəit	train
lewensvatbare	liəvənsfatbɑːrə	train
lewensverhaal	liəvənsfərɦɑːl	test
lewensverlies	liəvənsfərlis	train
lewensversekeraar	liəvənsfərsiəkərɑːr	test
lewensversekeraars	liəvənsfərsiəkərɑːrs	train
lewensversekering	liəvənsfərsiəkərəŋ	train
lewensversekeringspolise	liəvənsfərsiəkərəŋspuələsə	train
lewensvorm	liəvənsfɔrm	train
lewensvorme	liəvənsfɔrmə	train
lewensvorms	liəvənsfɔrms	train
lewenswandel	liəvənsvandəl	train
lewenswerklike	liəvənsvɛrkləkə	train
lewenswyse	liəvənsvəisə	test
lewenswysheid	liəvənsvəisɦəit	train
lewer	liəvər	train
lewering	liəvərəŋ	train
lewetjies	liəvikis	train
lewies	lɛvis	train
lewisstrukture	liəvəsstrœktyrə	train
leë	liə	train
leër	liər	train
leërs	liərs	train
liaisons	liəizəns	train
liasseer	liasiər	test
lib	lip	train
libanese	libaniəsə	train
liberaal	ləbərɑːl	train
liberale	ləbərɑːlə	test
liberalisering	ləbəralisiərəŋ	train
liberalisme	ləbəraləsmə	train
libido	libidu	train
libiese	ləbisə	train
lid	lət	train
lidlande	lətlandə	train
lidmaat	lətmɑːt	train
lidmaatskap	lətmɑːtskap	train
lidmate	lətmɑːtə	train
lidstate	lətstɑːtə	train
lidwoord	lətvuərt	train
lidwoorde	lətvuərdə	train
lied	lit	train
liedboek	litbuk	train
liedere	lidərə	test
liederlike	lidərləkə	train
liedjie	liki	train
liedjies	likis	train
liedjieskrywer	likiskrəivər	train
liedjieskrywers	likiskrəivərs	train
lief	lif	train
liefdadig	lifdɑːdəχ	train
liefdadigheid	lifdɑːdəχɦəit	train
liefdadigheidsorganisasie	lifdɑːdəχɦəitsɔrχanisɑːsi	train
liefdadigheidsorganisasies	lifdɑːdəχɦəitsɔrχanisɑːsis	test
liefde	lifdə	train
liefdediens	lifdədins	train
liefdegawe	lifdəχɑːvə	train
liefdegroete	lifdəχrutə	test
liefderyke	lifdərəikə	train
liefdes	lifdəs	train
liefdesbrief	lifdəsbrif	test
liefdesdriehoek	lifdəsdriɦuk	train
liefdesgebod	lifdəsχəbɔt	train
liefdeslewe	lifdəsliəvə	train
liefdesverhaal	lifdəsfərɦɑːl	train
liefdesverhale	lifdəsfərɦɑːlə	train
liefdesverhouding	lifdəsfərɦœudəŋ	test
liefdevol	lifdəfɔl	train
liefdevolle	lifdəfɔlə	train
liefgehad	lifχəɦɑːt	train
liefhebber	lifɦɛbər	train
liefhebbers	lifɦɛbərs	train
liefhet	lifɦɛt	train
liefie	lifi	train
liefies	lifis	train
liefkosing	lifkusəŋ	train
lieflike	lifləkə	test
liefs	lifs	train
liefste	lifstə	train
lieftallig	liftaləχ	train
lieg	liχ	train
lier	lir	train
lies	lis	train
liesbesering	lisbəsiərəŋ	train
liewe	livə	train
liewer	livər	train
liewers	livərs	train
lift	ləft	train
lig	ləχ	train
liga	liχa	train
ligamente	liχamɛntə	train
ligawedstryd	liχavɛtstrəit	train
ligblou	ləχblœu	train
ligbloues	ləχblœuəs	train
ligbron	ləχbrɔn	train
ligbruin	ləχbrœyn	train
ligdag	ləχdaχ	train
ligenergie	ləχɛnərχi	train
liggaam	ləχɑːm	train
liggaamlik	ləχɑːmlək	train
liggaamlike	ləχɑːmləkə	train
liggaamlikheid	ləχɑːmləkɦəit	train
liggaamsbedekking	ləχɑːmsbədɛkəŋ	train
liggaamsbou	ləχɑːmsbœu	train
liggaamsdeel	ləχɑːmsdiəl	train
liggaamselle	ləχɑːmsɛlə	train
liggaamslengte	ləχɑːmslɛŋtə	test
liggaamsmassa	ləχɑːmsmasa	train
liggaamsreuk	ləχɑːmsrøːk	train
liggaamsvet	ləχɑːmsfɛt	train
liggame	ləχɑːmə	train
liggeel	ləχiəl	train
liggende	ləχəndə	train
liggewig	ləχəvəχ	train
liggewigkampioen	ləχəvəχkampiun	train
liggie	ləχi	train
liggies	ləχis	train
ligging	ləχəŋ	train
lighartige	ləχɦartəχə	train
ligloop	ləχluəp	train
ligmikroskoop	ləχmikruskuəp	train
ligpunt	ləχpœnt	train
ligsinnigheid	ləχsənəχɦəit	train
ligskynsel	ləχskəinsəl	train
ligstippels	ləχstəpəls	train
ligstippeltjies	ləχstəpəlkis	train
ligswaargewig	ləχswɑːrχəvəχ	train
ligte	ləχtə	train
ligtelik	ləχtələk	test
ligter	ləχtər	train
ligwaas	ləχvɑːs	train
ligweg	ləχvɛχ	test
likeur	ləkøːr	train
likiditeit	ləkiditəit	train
likiede	ləkidə	train
likkewane	ləkəvɑːnə	train
likwidasie	likwidɑːsi	test
likwidasies	likwidɑːsis	train
likwideer	likwidiər	test
limf	ləmf	train
limfbuise	ləmfbœysə	train
limfkliere	ləmfklirə	train
limfknope	ləmfknuəpə	train
limfvate	ləmffɑːtə	train
limiet	ləmit	train
limousine	ləmuzin	train
limpopo	ləmpœupu	train
linguis	ləŋχuəs	train
linguisties	ləŋχuəstis	train
linguistiese	ləŋχuəstisə	train
linguïs	ləŋχuəs	train
linguïsties	ləŋχuəstis	train
linguïstiese	ləŋχuəstisə	train
liniaal	ləniɑːl	train
linie	lini	train
linker	ləŋkər	train
linkerarm	ləŋkərarm	train
linkerbeen	ləŋkərbiən	train
linkerbrein	ləŋkərbrəin	train
linkerhand	ləŋkərɦant	test
linkerhandse	ləŋkərɦantsə	train
linkerkant	ləŋkərkant	train
linkerkantste	ləŋkərkantstə	train
linkerknie	ləŋkərkni	test
linkeroog	ləŋkəruəχ	train
linkeroor	ləŋkəruər	test
linkerskouer	ləŋkərskœuər	train
linkervleuel	ləŋkərfløːəl	test
linkervoet	ləŋkərfut	test
links	ləŋks	train
linkse	ləŋksə	train
linksgesinde	ləŋksχəsəndə	train
linksklik	ləŋksklək	train
linne	lənə	train
linte	ləntə	train
lipiede	ləpidə	train
lippe	ləpə	train
lippediens	ləpədins	train
liriek	lərik	train
lirieke	lərikə	train
liriese	lirisə	train
lisensie	ləsɛnsi	train
lisensiegeld	ləsɛnsiχɛlt	train
lisensies	ləsɛnsis	train
lisensievoorwaardes	ləsɛnsifuərvɑːrdəs	train
lisensiëring	ləsɛnsiiərəŋ	test
lit	lət	train
litause	litœusə	test
liter	litər	train
literator	lətərɑːtɔr	train
literature	lətəratyrə	train
liters	litərs	train
litigasie	lətəχɑːsi	test
litium	lətiœm	train
litosfeer	litusfiər	train
litte	lətə	train
litteken	lətiəkən	train
littekens	lətiəkəns	train
liturgiese	lətœrχisə	test
lloyd	lɔːit	train
loef	luf	train
loeloeraai	lulurɑːi	train
loep	lup	train
loer	lur	train
loerie	luri	test
loeries	luris	train
loesing	lusəŋ	train
lof	lɔf	train
loflied	lɔflit	train
lofliedere	lɔflidərə	train
lofprysing	lɔfprəisəŋ	train
lofwaardig	lɔfvɑːrdəχ	train
lofwaardige	lɔfvɑːrdəχə	train
log	lɔχ	test
logaritmiese	luəχarətmisə	train
logies	luəχis	train
logiese	luəχisə	train
logika	luəχika	train
logistiek	luəχəstik	train
logistieke	luəχəstikə	train
logo	luəχu	train
logogram	luəχuχram	test
lojaal	lujɑːl	test
lojale	lujɑːlə	test
lojaliteit	lujalitəit	train
lok	lɔk	train
lokaal	lukɑːl	train
lokaas	lɔkɑːs	train
lokale	lukɑːlə	train
lokaliteit	lukalitəit	train
lokatiewe	lukativə	train
lokduiwe	lɔkdœyvə	train
loket	lukɛt	train
lokettreffer	lukɛttrɛfər	train
lokkende	lɔkəndə	train
lokomotief	lukumutif	train
lokomotiewe	lukumutivə	train
lokomotoriese	lukumutuərisə	train
lokval	lɔkfal	train
lol	lɔl	train
lomp	lɔmp	train
londen	lɔndən	train
londense	lɔndənsə	train
lone	luənə	train
lonend	luənənt	train
lonende	luənəndə	train
long	lɔŋ	train
longe	lɔŋə	train
longembolisme	lɔŋəmbuləsmə	train
longontsteking	lɔŋɔntstiəkəŋ	train
longslagaar	lɔŋslɑːχɑːr	train
lont	lɔnt	train
lood	luət	train
loodgieters	luətχitərs	train
loodreg	luətrɛχ	train
loodregaf	luətrɛχaf	train
loodregte	luətrɛχtə	test
loods	luəts	train
loodsprojek	luətsprujɛk	train
loodvrye	luətfrəiə	train
loof	luəf	train
loon	luən	train
loonaanbod	luənɑːnbɔt	train
loongeskil	luənχəskəl	train
loonverhogings	luənfərɦuχəŋs	train
loop	luəp	train
loopafstand	luəpafstant	train
loopbaan	luəpbɑːn	train
loopbaanmoontlikhede	luəpbɑːnmuəntləkɦiədə	train
loopbane	luəpbɑːnə	test
loopgraaf	luəpχrɑːf	train
loopgrawe	luəpχrɑːvə	train
loopspruit	luəpsprœyt	train
looptyd	luəptəit	train
looptye	luəptəiə	train
loopvlak	luəpflak	train
loot	luət	train
loots	luəts	train
lopende	luəpəndə	test
loper	luəpər	train
lopie	luəpi	train
lopies	luəpis	train
lopietempo	luəpitɛmpu	train
lorrie	lɔri	train
los	lɔs	train
losbandigheid	lɔsbandəχɦəit	train
losbars	lɔsbars	test
losbreek	lɔsbriək	train
losgebars	lɔsχəbars	train
losgebrand	lɔsχəbrant	train
losgekom	lɔsχəkɔm	test
losgelaat	lɔsχəlɑːt	train
losgelate	lɔsχəlɑːtə	train
losgemaak	lɔsχəmɑːk	train
losgeruk	lɔsχərœk	train
losgeslaan	lɔsχəslɑːn	train
losgewikkel	lɔsχəvəkəl	train
loshande	lɔsɦandə	train
losie	luəsi	train
losieshuis	lusisɦœys	train
loskom	lɔskɔm	train
loskop	lɔskɔp	train
loskopflank	lɔskɔpflaŋk	train
loskopstut	lɔskɔpstœt	train
loslit	lɔslət	test
loslootjie	lɔslɔːiki	test
loslyf	lɔsləif	train
losmaak	lɔsmɑːk	train
losse	lɔsə	train
losser	lɔsər	train
losskakel	lɔsskɑːkəl	train
losskakels	lɔsskɑːkəls	train
losskrum	lɔsskram	train
losskrums	lɔsskrams	train
losslaan	lɔsslɑːn	test
losspel	lɔsspɛl	train
lostrek	lɔstrɛk	train
lostrio	lɔstriu	train
losvoorspeler	lɔsfuərspiələr	train
losvoorspelers	lɔsfuərspiələrs	train
lot	lɔt	test
lote	luətə	train
lotery	luətərəi	train
lotgevalle	lɔtχəfalə	train
loting	luətəŋ	train
lotsbeslissing	lɔtsbəsləsəŋ	train
lotto	lɔtu	train
lotus	luətœs	train
lou	lœu	test
louere	lœuərə	train
loutere	lœutərə	train
louw	lœu	train
louwarm	lœuvarm	train
lowe	luəvə	train
lower	luəvər	train
lowergroen	luəvərχrun	train
lowwes	lɔvəs	train
lug	lœχ	train
lugbal	lœχbal	train
lugbesoedeling	lœχbəsudələŋ	train
lugdeeltjie	lœχdiəlki	test
lugdiens	lœχdins	test
lugdienste	lœχdinstə	train
lugding	lœχdəŋ	train
lugdruk	lœχdrœk	train
lugfoto	lœχfutu	train
luggat	lœχχat	train
luggie	lœχi	train
lughawe	lœχɦɑːvə	train
lughawens	lœχɦɑːvəns	train
lugleegte	lœχliəχtə	train
lugleë	lœχliə	train
luglose	lœχlusə	train
lugmag	lœχmaχ	train
lugmagbasis	lœχmaχbɑːsəs	train
lugpyp	lœχpəip	test
lugramp	lœχramp	train
lugsakke	lœχsakə	train
lugsirkulasie	lœχsərkylɑːsi	train
lugskepe	lœχskiəpə	train
lugskip	lœχskəp	train
lugtig	lœχtəχ	train
lugtyd	lœχtəit	train
lugvaart	lœχfɑːrt	test
lugvaartbedryf	lœχfɑːrtbədrəif	train
lugverkeer	lœχfərkiər	train
lugversorger	lœχfərsɔrχər	train
lugversorgers	lœχfərsɔrχərs	train
lugversorging	lœχfərsɔrχəŋ	test
lugvervoer	lœχfərfur	train
lugvleuel	lœχfløːəl	train
lugvloei	lœχflui	train
lugvrag	lœχfraχ	train
lugwaardin	lœχvɑːrdən	test
lui	lœy	train
luid	lœyt	test
luide	lœydə	train
luidens	lœydəns	train
luidkeels	lœytkiəls	train
luidrugtige	lœydrœχtəχə	train
luidspreker	lœytspriəkər	train
luidsprekers	lœytspriəkərs	train
luie	lœyə	train
luier	lœyər	test
luiigheid	lœyəχɦəit	train
luike	lœykə	train
luikgat	lœykχat	train
luikskywe	lœykskəivə	train
luilekker	lœylɛkər	test
luiperd	lœypərt	train
luiperds	lœypərts	train
luis	lœys	train
luise	lœysə	train
luislang	lœyslaŋ	train
luislange	lœyslaŋə	train
luister	lœystər	train
luisteraar	lœystərɑːr	train
luisteraars	lœystərɑːrs	train
luisterryke	lœystərrəikə	train
luistervaardighede	lœystərfɑːrdəχɦiədə	train
luit	lœyt	train
luitenant	lœytənant	train
lukraak	lœkrɑːk	train
lukrake	lœkrɑːkə	train
lumbale	lœmbɑːlə	train
lus	lœs	train
luste	lœstə	test
lustig	lœstəχ	train
lutherse	lytərsə	train
ly	ləi	train
lydelike	ləidələkə	train
lydenburg	ləidənbœrχ	train
lydende	ləidəndə	train
lyding	ləidəŋ	test
lyer	ləiər	train
lyers	ləiərs	train
lyf	ləif	train
lyfband	ləifbant	train
lyfgoed	ləifχut	train
lyfstraf	ləifstraf	train
lyftaal	ləiftɑːl	train
lyfwag	ləivaχ	train
lyfwagte	ləifvaχtə	train
lyk	ləik	train
lyke	ləikə	train
lykie	ləiki	train
lykshuis	ləiksɦœys	train
lykskouing	ləikskœuəŋ	test
lykskouings	ləikskœuəŋs	train
lyman	ləiman	test
lyn	ləin	train
lyne	ləinə	train
lyngrafiek	ləinχrafik	train
lynskoppe	ləinskɔpə	train
lynstaan	ləinstɑːn	train
lynstaanspel	ləinstɑːnspɛl	train
lynstane	ləinstɑːnə	train
lyntjie	ləiŋki	train
lys	ləis	train
lysie	ləisi	train
lyste	ləistə	train
lywe	ləivə	train
lywige	ləivəχə	train
ma	mɑː	train
maag	mɑːχ	train
maagd	mɑːχt	train
maagpyn	mɑːχpəin	train
maagsappe	mɑːχsapə	train
maai	mɑːi	train
maaiers	mɑːiərs	train
maak	mɑːk	train
maakrit	mɑːkrət	train
maaksel	mɑːksəl	train
maal	mɑːl	train
maalstroom	mɑːlstruəm	train
maaltyd	mɑːltəit	train
maaltye	mɑːltəiə	test
maalvleis	mɑːlfləis	test
maan	mɑːn	train
maand	mɑːnt	train
maandag	mɑːndaχ	train
maandagmiddag	mɑːndaχmədaχ	train
maandagmôre	mɑːndaχmɔrə	train
maandagse	mɑːndaχsə	train
maande	mɑːndə	train
maandelange	mɑːndəlaŋə	train
maandeliks	mɑːndələks	test
maandelikse	mɑːndələksə	train
maanlig	mɑːnləχ	test
maanse	mɑːnsə	train
maansee	mɑːnsiə	test
maanskyn	mɑːnskəin	train
maantjie	mɑːiŋki	train
maantuig	mɑːntœyχ	train
maar	mɑːr	train
maart	mɑːrt	train
maas	mɑːs	train
maaskaas	mɑːskɑːs	train
maat	mɑːt	train
maatjie	mɑːiki	train
maatjies	mɑːikis	train
maatreëls	mɑːtriəls	train
maats	mɑːts	train
maatskaplike	mɑːtskapləkə	train
maatskappy	mɑːtskapəi	train
maatskappybelasting	mɑːtskapəibəlastəŋ	train
maatskappye	mɑːtskapəiə	train
maatskappymotor	mɑːtskapəimuətər	train
maatskappywet	mɑːtskapəivɛt	train
maatskappywinste	mɑːtskapəivənstə	train
maatstaf	mɑːtstaf	train
maatstawe	mɑːtstavə	train
maatstawwe	mɑːtstavə	train
macho	matʃœu	train
madagaskar	madaχaskar	train
madame	madam	train
madeley	mɛdəli	train
madelief	mɑːdəlif	train
mademoiselle	madəmuzɛl	train
madonna	madɔna	train
madras	madras	train
mae	mɑːə	train
maer	mɑːər	test
maerder	mɑːərdər	train
maestro	maistrœu	train
mafia	mafia	train
mag	maχ	train
magaliesburg	maχalisbœrχ	train
magasyn	maχasəin	test
magasyne	maχasəinə	train
magdom	maχdɔm	train
magies	mɑːχis	train
magiese	mɑːχisə	train
magistraat	maχistrɑːt	train
magistrale	maχistrɑːlə	train
magistrate	maχistrɑːtə	train
magnaat	maχnɑːt	train
magneet	maχniət	train
magneetveld	maχniətfɛlt	train
magnesium	maχnisiœm	train
magnetiese	maχniətisə	train
magsaksent	maχsaksɛnt	train
magsbalans	maχsbalɑːns	test
magsbasis	maχsbɑːsəs	train
magsdeling	maχsdiələŋ	train
magsmiddelpunt	maχsmədəlpœnt	train
magsmisbruik	maχsməsbrœyk	train
magsoorname	maχsuərnɑːmə	train
magspel	maχspɛl	train
magsposisie	maχspuzisi	train
magstoekenning	maχstukɛnəŋ	train
magstryd	maχstrəit	train
magsverhoudinge	maχsfərɦœudəŋə	train
magsverhoudings	maχsfərɦœudəŋs	train
magtag	maχtaχ	train
magte	maχtə	train
magteloos	maχtəluəs	train
magteloosheid	maχtəluəsɦəit	train
magtig	maχtəχ	train
magtige	maχtəχə	train
magtiging	maχtəχəŋ	train
magtigste	maχtəχstə	train
majesteit	mɑːjəstəit	train
majoor	majuər	train
major	majɔr	train
majuba	majuba	test
mak	mak	train
makabere	makɑːbərə	train
makdof	makdɔf	train
make	mɑːkə	train
makeer	makiər	train
makelaar	mɑːkəlɑːr	train
makelaars	mɑːkəlɑːrs	train
makelaarsfirma	mɑːkəlɑːrsfərma	train
makelaarsfirmas	mɑːkəlɑːrsfərmas	train
maker	mɑːkər	train
makers	mɑːkərs	test
makietie	makiti	train
makker	makər	train
makkers	makərs	train
maklik	maklək	train
maklike	makləkə	test
makliker	makləkər	train
maklikste	makləkstə	train
makpaatrie	makpɑːtri	train
makro	makru	train
makroskopiese	makruskuəpisə	train
makrovlak	makruflak	train
maks	maks	train
maksimaal	maksimɑːl	train
maksimale	maksimɑːlə	test
maksimum	maksimœm	train
mal	mal	train
malan	malan	test
malaria	malɑːria	test
male	mɑːlə	train
maleise	maləisə	test
malle	malə	test
mallemeule	maləmøːlə	train
malligheid	maləχɦəit	train
malman	malman	train
malmesbury	mɑːmsbœri	train
mamma	mama	train
mammie	mami	train
mammografie	mamuχrafi	train
mammogram	mamuχram	train
mampelpoenpas	mampəlpunpas	train
mampoer	mampur	train
man	man	train
mandaat	mandɑːt	train
mandate	mandɑːtə	train
mandjie	maiŋki	train
mandjies	maiŋkis	train
mane	mɑːnə	train
maneuver	manøːfər	train
manewales	manəvɑːləs	train
mangaan	manχɑːn	train
mango	mɛŋχœu	train
manie	mɑːni	train
manier	manir	train
maniere	manirə	train
manifes	manifɛs	train
manifestasie	manifɛstɑːsi	train
manifestasies	manifɛstɑːsis	train
manifesteer	manifɛstiər	train
manipulasie	manipylɑːsi	train
manipuleer	manipyliər	train
manipulering	manipyliərəŋ	train
manjifieke	manjəfikə	train
mank	maŋk	train
manlik	manlək	train
manlike	manləkə	train
manlikheid	manləkɦəit	train
manne	manə	test
mannekoor	manəkuər	train
mannekrag	manəkraχ	train
mannekragkommissie	manəkraχkumisi	train
mannetjie	maniki	test
mannetjies	manikis	train
mans	mans	test
mansenkelspel	mansɛŋkəlspɛl	train
manskappe	manskapə	train
manslag	manslaχ	train
mantel	mantəl	train
mantilla	mantəla	train
manuskrip	manyskrəp	train
manuskripte	manyskrəptə	test
marathon	maratɔn	train
marathons	maratɔns	train
margarien	marχarin	train
margarita	marχərita	train
marge	marχə	train
marges	marχəs	train
marginaal	marχinɑːl	train
marginale	marχinɑːlə	train
marginalisering	marχinalisiərəŋ	train
maria	maria	test
marie	mari	train
mariene	marinə	train
marimba	marəmba	train
marina	marina	train
marinade	marinɑːdə	train
marine	marinə	train
marionet	mariunɛt	train
maritale	maritɑːlə	train
maritieme	marətimə	train
maritz	marəts	train
marjolein	marjuləin	train
mark	mark	train
markaandeel	markɑːndiəl	train
markdeelnemers	markdiəlniəmərs	train
markeer	markiər	train
markekonomie	markɛkunumi	train
markiestent	markistɛnt	train
markkapitalisasie	markkapitalisɑːsi	train
markkragte	markkraχtə	train
markleier	markləiər	train
marknavorsing	marknɑːfɔrsəŋ	train
markomgewing	markɔmχiəvəŋ	train
markontleders	markɔntliədərs	train
markplein	markpləin	train
markpryse	markprəisə	train
markregte	markrɛχtə	train
marksegment	marksɛχmɛnt	train
marksegmentering	marksɛχmɛntiərəŋ	train
markstraat	markstrɑːt	train
markte	marktə	train
marktoestande	marktustandə	test
markverwante	markfərvantə	train
markwaarde	markvɑːrdə	train
marmer	marmər	train
maroela	marula	train
marokkaanse	marɔkɑːnsə	train
mars	mars	train
marsjeer	marʃiər	train
martelaar	martəlɑːr	train
martelaars	martəlɑːrs	test
martelaarskap	martəlɑːrskap	train
martelaarswonde	martəlɑːrsvɔndə	train
marteling	martələŋ	train
maryke	marəikə	train
mas	mas	train
masels	mɑːsəls	train
masjien	maʃin	train
masjiene	maʃinə	train
masjienewerk	maʃinəvɛrk	test
masjiengeweer	maʃinχəviər	train
masjiengewere	maʃinχəviərə	train
masjinerie	maʃinəri	train
masjinis	maʃinəs	train
masker	maskər	train
maskers	maskərs	train
massa	masa	train
massamoordenaar	masamuərdənɑːr	train
massas	masas	train
massavernietiging	masafərnitəχəŋ	train
massering	masiərəŋ	train
massiewe	masivə	test
mat	mat	train
mate	mɑːtə	train
materiaal	matiəriɑːl	train
materiale	matiəriɑːlə	train
materialisme	matiərialəsmə	train
materie	matiəri	test
materiële	matiəriiələ	train
maters	mɑːtərs	train
mates	mɑːtəs	train
matesis	matiəsəs	train
maties	mɑːtis	train
matig	mɑːtəχ	test
matige	mɑːtəχə	train
matigheid	mɑːtəχɦəit	train
matras	matras	train
matriek	matrik	train
matriekafskeid	matrikafskəit	train
matriekeksamen	matrikɛksɑːmən	train
matriekjaar	matrikjɑːr	train
matriekleerling	matrikliərləŋ	train
matriekleerlinge	matrikliərləŋə	test
matrieks	matriks	train
matrieksertifikaat	matriksɛrtifikɑːt	train
matriekseun	matriksøːn	train
matriekslaagsyfer	matrikslɑːχsəifər	train
matriks	mɑːtrəks	train
matrikulant	matrikylant	train
matrikulante	matrikylantə	train
matrone	matrunə	train
matroos	matruəs	train
matrose	matrusə	train
matte	matə	train
matter	matər	train
mattheus	matøːs	train
mature	matyrə	train
mauser	mauzər	train
mbali	mbɑːli	train
medalje	mədaljə	train
medaljes	mədaljəs	train
mede	miədə	test
medebeskuldigde	miədəbəskœldəχdə	train
medebeskuldigdes	miədəbəskœldəχdəs	train
mededeling	miədədiələŋ	train
mededelings	miədədiələŋs	train
mededingend	miədədəŋənt	train
mededingende	miədədəŋəndə	test
mededingendheid	miədədəŋəntɦəit	train
mededinger	miədədəŋər	train
mededingers	miədədəŋərs	test
mededinging	miədədəŋəŋ	train
mededingingstribunaal	miədədəŋəŋstrəbynɑːl	test
medeleerder	miədəliərdər	train
medeleerders	miədəliərdərs	test
medelye	miədələiə	train
medemens	miədəmɛns	train
medemense	miədəmɛnsə	test
medepligtige	miədəpləχtəχə	train
medepligtiges	miədəpləχtəχəs	train
medepligtigheid	miədəpləχtəχɦəit	train
medeskepsels	miədəskɛpsəls	train
medestudent	miədəstydɛnt	train
medestudente	miədəstydɛntə	test
medeverantwoordelik	miədəfərantvuərdələk	train
medevoorsitter	miədəfuərsətər	train
medewerker	miədəvɛrkər	train
medewerkers	miədəvɛrkərs	train
medewete	miədəviətə	train
medi	mɛdi	train
media	midia	train
mediaberigte	midiabərəχtə	test
mediadekking	midiadɛkəŋ	train
mediakonferensie	midiakɔnfərɛnsi	train
mediamense	midiamɛnsə	train
mediaverklaring	midiafərklɑːrəŋ	train
medici	miədisi	train
medies	miədis	test
mediese	miədisə	train
medikasie	mɛdikɑːsi	train
medikasies	mɛdikɑːsis	test
medikus	mɛdikœs	train
medisinale	mɛdəsənɑːlə	train
medisyne	mɛdəsəinə	train
medisynebeleid	mɛdəsəinəbələit	test
meditasie	mɛditɑːsi	train
medium	midiœm	train
mediumtermyn	midiœmtɛrməin	test
mee	miə	train
meebring	miəbrəŋ	test
meedeel	miədiəl	test
meedeling	miədiələŋ	train
meeding	miədəŋ	train
meedoen	miədun	train
meegebring	miəχəbrəŋ	train
meegedeel	miəχədiəl	train
meegeding	miəχədəŋ	test
meegedoen	miəχədun	train
meegegee	miəχəχiə	train
meegehelp	miəχəɦɛlp	train
meegemaak	miəχəmɑːk	test
meegesleur	miəχəsløːr	train
meegevoel	miəχəful	test
meegewerk	miəχəvɛrk	train
meehelp	miəɦɛlp	test
meel	miəl	test
meelblom	miəlblɔm	train
meeldrade	miəldrɑːdə	train
meelopers	miəluəpərs	train
meeluistering	miəlœystərəŋ	train
meemaak	miəmɑːk	train
meen	miən	train
meent	miənt	train
meenthuis	miəntɦœys	train
meenthuise	miəntɦœysə	train
meer	miər	train
meerdaagse	miərdɑːχsə	train
meerdere	miərdərə	test
meerderes	miərdərəs	train
meerderhede	miərdərɦiədə	test
meerderheid	miərdərɦəit	train
meerderheidsparty	miərdərɦəitspartəi	train
meerderheidsregering	miərdərɦəitsrəχiərəŋ	train
meerdoelige	miərduləχə	train
meerjarige	miərjɑːrəχə	train
meerkat	miərkat	test
meerlaag	miərlɑːχ	train
meermale	miərmɑːlə	train
meertalige	miərtɑːləχə	train
meertaligheid	miərtɑːləχɦəit	train
meervoud	miərfœut	train
meervoude	miərfœudə	train
meervoudige	miərfœudəχə	train
meervoudsvorm	miərfœutsfɔrm	train
meervoudsvorme	miərfœutsfɔrmə	train
mees	miəs	train
meesal	miəsal	train
meesleurende	miəsløːrəndə	train
meestal	miəstal	train
meeste	miəstə	train
meester	miəstər	train
meesterklasse	miəstərklasə	train
meesterlike	miəstərləkə	train
meesters	miəstərs	train
meestersgraad	miəstərsχrɑːt	train
meesterstuk	miəstərstœk	train
meet	miət	test
meeting	miətəŋ	test
meetkunde	miətkœndə	train
meetkundige	miətkœndəχə	train
meetskaal	miətskɑːl	train
meewerk	miəvɛrk	train
megafoon	miəχafuən	train
megagrepe	miəχaχriəpə	train
meganiese	məχɑːnisə	train
meganika	məχɑːnika	train
meganisme	mɛχanəsmə	train
meganismes	mɛχanəsməs	train
megawatt	mɛχawat	train
mei	məi	train
meid	məit	train
meineed	məiniət	train
meiringspoort	məirəŋspuərt	train
meisie	məisi	test
meisiekind	məisikənt	train
meisiekinders	məisikəndərs	train
meisiemens	məisiməns	train
meisiemense	məisimɛnsə	test
meisies	məisis	train
meisieskool	məisiskuəl	train
meisietjie	məisiki	train
meisietjies	məisikis	train
mekaar	məkɑːr	train
melaats	məlɑːts	train
melaatsheid	məlɑːtsɦəit	train
meld	mɛlt	train
meldenswaardig	mɛldənsvɑːrdəχ	train
melding	mɛldəŋ	train
melk	mɛlk	train
melkbos	mɛlkbɔs	train
melkery	mɛlkərəi	train
melkhoutpan	mɛlkɦœutpan	test
melkmengsel	mɛlkmɛŋsəl	test
melkpoeier	mɛlkpuiər	test
melkproduksie	mɛlkprudœksi	train
melkprodukte	mɛlkprudœktə	train
melkskommels	mɛlkskɔməls	train
melktert	mɛlktɛrt	train
melkweg	mɛlkvɛχ	train
melodie	mɛludi	train
melodiese	mɛluədisə	train
melodrama	mɛludrɑːma	train
membraan	mɛmbrɑːn	test
membrane	mɛmbrɑːnə	train
memel	miəməl	train
memento	məmɛntu	train
memoires	mɛmuars	train
memoranda	mɛmuranda	train
memorandum	mɛmurandœm	train
memorandums	mɛmurandœms	test
memorisering	mɛmurisiərəŋ	train
meneer	məniər	test
meng	mɛŋ	train
mengbak	mɛŋbak	train
mengsel	mɛŋsəl	train
menige	miənəχə	train
menigte	miənəχtə	train
menigtes	miənəχtəs	train
mening	miənəŋ	train
menings	miənəŋs	train
meningspeiling	miənəŋspəiləŋ	train
meningspeilings	miənəŋspəiləŋs	train
meningsverskil	miənəŋsfərskəl	train
meningsverskille	miənəŋsfərskələ	train
meningsvormers	miənəŋsfɔrəmərs	train
mens	mɛns	train
mensdom	mɛnsdɔm	train
mense	mɛnsə	train
mensekind	mɛnsəkənt	train
mensekinders	mɛnsəkəndərs	train
menselewe	mɛnsəliəvə	train
menselewens	mɛnsəliəvəns	train
menseliefde	mɛnsəlifdə	train
mensemassa	mɛnsəmasa	train
menseregte	mɛnsərɛχtə	train
menseregtekommissie	mɛnsərɛχtəkumisi	test
menseregteskendings	mɛnsərɛχtəskɛndəŋs	train
menseregtevergrype	mɛnsərɛχtəfərχrəipə	test
menseroof	mɛnsəruəf	train
menseslagting	mɛnsəslaχtəŋ	train
mensetroon	mɛnsətruən	train
mensevernuf	mɛnsəfərnœf	train
mensewoning	mɛnsəvuənəŋ	train
mensgemaakte	mɛnsχəmɑːktə	train
mensheid	mɛnsɦəit	test
mensies	mɛnsis	train
menslik	mɛnslək	train
menslike	mɛnsləkə	test
menslikehulpbron	mɛnsləkəɦœlpbrɔn	train
menslikheid	mɛnsləkɦəit	train
menswaardige	mɛnsvɑːrdəχə	train
menswaardigheid	mɛnsvɑːrdəχɦəit	train
menswees	mɛnsviəs	train
mentale	mɛntɑːlə	train
mentaliteit	mɛntalitəit	train
mentor	mɛntɔr	test
mentors	mɛntɔrs	train
mentorskap	mɛntɔrskap	train
meriete	məritə	train
merk	mɛrk	test
merkbaar	mɛrkbɑːr	train
merkbare	mɛrkbɑːrə	train
merke	mɛrkə	train
merker	mɛrkər	train
merkers	mɛrkərs	train
merkie	mɛrki	train
merkwaardig	mɛrkvɑːrdəχ	train
merkwaardige	mɛrkvɑːrdəχə	train
merkwaardiger	mɛrkvɑːrdəχər	train
merkwaardigste	mɛrkvɑːrdəχstə	train
merlot	mɛrlœu	train
merrie	mɛri	train
merries	mɛris	train
merrievul	mɛrifœl	test
merrievullens	mɛrifœləns	test
merriman	mɛrimən	train
merwe	mɛrvə	train
mes	mɛs	test
mespunt	mɛspœnt	train
messe	mɛsə	train
messiaanse	mɛsiɑːnsə	train
messias	məsias	train
met	mɛt	train
meta	miəta	train
metaal	mətɑːl	train
metaan	mətɑːn	train
metabolisme	mɛtabuləsmə	train
metafisiese	miətafisisə	train
metafoor	miətafuər	train
metaforiek	mɛtafurik	train
metafories	mɛtafuəris	train
metaforiese	mɛtafuərisə	test
metakognisie	mɛtakɔχnisi	train
metale	mətɑːlə	train
metaleer	mɛtaliər	train
metallurgiese	mɛtalœrχisə	train
metamorfe	mɛtamɔrfə	train
metamorfose	mɛtamɔrfuəsə	train
metanol	miətanɔl	train
metateoretiese	mɛtatiuriətisə	train
meteen	mɛtiən	test
meteens	mɛtiəns	train
meteore	mitiuərə	test
meteoriet	mitiurit	train
meteoriete	mitiuritə	train
meter	miətər	train
meters	miətərs	train
metgesel	mɛtχəsɛl	train
metielgroep	mɛtilχrup	train
meting	miətəŋ	train
metings	miətəŋs	train
metode	mətuədə	test
metodes	mətuədəs	train
metodiek	mɛtudik	train
metodiste	mɛtudəstə	train
metodistekerk	mɛtudəstəkɛrk	train
metriese	miətrisə	train
metro	mɛtru	train
metropole	mɛtrupuələ	train
metropolis	mɛtrupuələs	train
metropolitaanse	mɛtrupɔlitɑːnsə	test
metropool	mɛtrupuəl	train
metroraad	mɛtrurɑːt	train
mettertyd	mɛtərtəit	train
meubels	møːbəls	train
meubelstuk	møːbəlstœk	train
meubelstukke	møːbəlstœkə	train
meubelwinkel	møːbəlvəŋkəl	train
meublement	møːbləmɛnt	train
meul	møːl	train
meulenaars	møːlənɑːrs	train
meulerad	møːlərat	train
mev	məf	train
mevrou	məfrœu	train
mezzo	mɛtsu	test
mid	mət	test
middag	mədaχ	train
middagete	mədaχiətə	test
middagetes	mədaχiətəs	train
midde	mədə	train
middebaan	mədəbɑːn	train
middedorp	mədədɔrp	test
middel	mədəl	train
middelaar	mədəlɑːr	train
middelafstande	mədəlafstandə	train
middelburg	mədəlbœrχ	train
middeldeur	mədəldøːr	train
middele	mədələ	train
middelgordyne	mədəlχɔrdəinə	train
middelgroot	mədəlχruət	train
middelgrootte	mədəlχruətə	train
middeljarige	mədəljɑːrəχə	train
middelklas	mədəlklas	train
middelland	mədəllant	train
middellande	mədəllandə	test
middellyn	mədəlləin	train
middelman	mədəlman	test
middelmatig	mədəlmɑːtəχ	train
middelmatige	mədəlmɑːtəχə	train
middelmatigheid	mədəlmɑːtəχɦəit	train
middelpunt	mədəlpœnt	test
middels	mədəls	train
middelslag	mədəlslaχ	train
middelste	mədəlstə	train
middeltermyn	mədəltɛrməin	train
middelveld	mədəlfɛlt	train
middernag	mədərnaχ	train
middestad	mədəstat	train
mielieblom	miliblɔm	train
mielieboere	miliburə	train
mielieland	mililant	train
mieliemeel	milimiəl	train
mieliepap	milipap	train
mielieprys	miliprəis	train
mielies	milis	train
miemie	mimi	train
mienie	mini	train
miere	mirə	train
miernes	mirnɛs	train
miershopie	mirsɦuəpi	train
miesies	misis	train
miesrawele	misraviələ	train
miga	miχa	test
migrasie	miχrɑːsi	train
mik	mək	train
mika	mika	train
mikpunt	məkpœnt	train
mikpunte	məkpœntə	train
mikro	mikru	train
mikrobiese	mikruəbisə	train
mikrobiologie	mikrubiuluχi	train
mikrobus	mikrubœs	train
mikrofone	mikrufuənə	test
mikrofoon	mikrufuən	train
mikrogolfoond	mikruχɔlfuənt	train
mikrogolftegnologie	mikruχɔlftɛχnuluχi	train
mikrograaf	mikruχrɑːf	train
mikrolesse	mikrulɛsə	train
mikroligte	mikruləχtə	train
mikron	mikrɔn	train
mikroskoop	mikruskuəp	train
mikroskoopskyfie	mikruskuəpskəifi	train
mikroskopie	mikruskupi	train
mikroskopies	mikruskuəpis	train
mikroskopiese	mikruskuəpisə	train
mikrovlak	mikruflak	train
mild	məlt	train
milddadigheid	məldɑːdəχɦəit	train
milde	məldə	train
mildelik	məldələk	train
militante	mələtantə	train
militantes	mələtantəs	train
militaristiese	mələtarəstisə	train
miljard	məljart	train
miljarde	məljardə	train
miljoen	məljun	train
miljoene	məljunə	test
millennium	məlɛniœm	train
milligram	məliχram	test
milliliter	məlilitər	test
millimeter	məlimiətər	train
milt	məlt	train
min	mən	test
minagtend	mənaχtənt	train
minagting	mənaχtəŋ	train
minder	məndər	train
minderbevoorregte	məndərbəfuərɛχtə	train
minderbevoorregtes	məndərbəfuərɛχtəs	train
mindere	məndərə	train
minderes	məndərəs	train
minderhede	məndərɦiədə	test
minderheid	məndərɦəit	train
minderheidsaandeelhouers	məndərɦəitsɑːndiəlɦœuərs	test
minderheidsgroep	məndərɦəitsχrup	test
minderheidsgroepe	məndərɦəitsχrupə	train
minderheidspartye	məndərɦəitspartəiə	train
minderheidsregering	məndərɦəitsrəχiərəŋ	train
minderheidsregte	məndərɦəitsrɛχtə	train
minderjarig	məndərjɑːrəχ	train
minderjarige	məndərjɑːrəχə	train
minderwaardig	məndərvɑːrdəχ	test
minderwaardige	məndərvɑːrdəχə	train
minderwaardigheid	məndərvɑːrdəχɦəit	train
mineraal	mənərɑːl	test
mineraalregte	mənərɑːlrɛχtə	train
mineraalwater	mənərɑːlvɑːtər	train
minerale	mənərɑːlə	train
mineraleregte	mənərɑːlərɛχtə	train
mineur	minøːr	train
mini	mini	train
minibus	minibœs	train
minibusse	minibœsə	train
minibussie	minibœsi	train
minibustaxi	minibœstaksi	train
minimaal	minimɑːl	train
minimale	minimɑːlə	test
minimum	minimœm	train
minimumloon	minimœmluən	train
minireeks	miniriəks	train
miniskule	mənəskylə	train
minister	mənəstər	train
ministerie	mənəstiəri	train
ministeries	mənəstiəris	train
ministeriële	mənəstiəriiələ	train
ministers	mənəstərs	train
minnaar	mənɑːr	train
minnaars	mənɑːrs	train
minnares	mənarɛs	train
mins	məns	train
minste	mənstə	train
minstens	mənstəns	train
minus	minœs	test
minute	mənytə	train
mirage	mirɑːʒ	train
mis	məs	train
misbruik	məsbrœyk	train
misbruike	məsbrœykə	train
misdaad	məsdɑːt	train
misdaadbekamping	məsdɑːtbəkampəŋ	train
misdaadgeskiedenis	məsdɑːtχəskidənəs	train
misdaadprobleem	məsdɑːtprubliəm	train
misdaadstatistieke	məsdɑːtstatəstikə	train
misdaadsyfer	məsdɑːtsəifər	train
misdaadsyfers	məsdɑːtsəifərs	train
misdaadtoneel	məsdɑːttuniəl	train
misdaadvoorkoming	məsdɑːtfuərkuəməŋ	train
misdade	məsdɑːdə	train
misdadige	məsdɑːdəχə	train
misdadiger	məsdɑːdəχər	train
misdadigers	məsdɑːdəχərs	train
misdadigheid	məsdɑːdəχɦəit	test
misdryf	məsdrəif	test
misdrywe	məsdrəivə	train
misgekyk	məsχəkəik	train
misgeloop	məsχəluəp	train
mishandel	məsɦandəl	train
mishandelde	məsɦandəldə	train
mishandeling	məsɦandələŋ	train
misken	məskɛn	train
miskenning	məskɛnəŋ	train
miskien	məskin	train
miskraam	məskrɑːm	train
mislei	məsləi	train
misleide	məsləidə	train
misleidend	məsləidənt	train
misleiding	məsləidəŋ	train
misligte	məsləχtə	train
misloop	məsluəp	train
misluk	məslœk	train
mislukking	məslœkəŋ	train
mislukkings	məslœkəŋs	train
mislukte	məslœktə	train
mismoedig	məsmudəχ	train
misplaas	məsplɑːs	train
misplaaste	məsplɑːstə	train
missie	misi	train
missiel	məsil	train
missiele	məsilə	train
missies	misis	train
mistasting	məstastəŋ	train
misterie	məstiəri	train
mistieke	məstikə	train
mistige	məstəχə	train
misverstand	məsfərstant	train
misverstande	məsfərstandə	train
mite	mitə	train
mites	mitəs	test
mitiese	mitisə	train
mitisiteit	mitisitəit	test
mitochondria	mitukɔndria	train
mitochondrium	mitukɔndriœm	train
mitologie	mituluχi	train
mitologiese	mituluəχisə	train
mits	məts	train
mobiele	muəbilə	train
mobiles	muəbiləs	train
mobilisasie	muəbilisɑːsi	train
mobiliseer	mubilisiər	train
mobilisering	mubilisiərəŋ	train
mobiliteit	mubilitəit	train
modaliteit	mudalitəit	train
modaliteite	muədalitəitə	train
modder	mɔdər	train
modderfontein	mɔdərfɔntəin	train
modderige	mɔdərəχə	train
moddervis	mɔdərfəs	train
moddervisse	mɔdərfəsə	train
mode	muədə	train
modebedryf	muədəbədrəif	train
model	mɔdɛl	test
modelagentskap	mɔdɛlaχɛntskap	train
modelhuispatroon	mɔdɛlɦœyspatruən	train
modelle	mɔdɛlə	train
modelleer	mɔdəliər	train
modellering	mɔdəliərəŋ	train
modelletjie	mɔdɛliki	train
modelwerk	mɔdɛlvɛrk	train
modem	muədɛm	train
modems	muədəms	train
modeontwerper	muədəɔntvɛrpər	train
modeparade	muədəparɑːdə	train
moderator	mɔdərɑːtɔr	train
modern	mɔdɛrən	train
moderne	mɔdɛrnə	test
moderner	mɔdɛrnər	train
moderniseer	mɔdɛrnisiər	train
modernisering	mɔdɛrnisiərəŋ	train
modernistiese	mɔdɛrnəstisə	train
moderniteit	mɔdɛrnitəit	train
modernste	mɔdɛrənstə	train
modes	muədəs	train
modeweek	muədəviək	train
modifikasie	mɔdəfikɑːsi	train
module	mɔdylə	test
moduledosent	mɔdylədusɛnt	train
modulekode	mɔdyləkuədə	train
modulenaam	mɔdylənɑːm	train
modules	mɔdyləs	train
modus	muədœs	train
moed	mut	train
moedeloos	mudəluəs	train
moedeloosheid	mudəluəsɦəit	train
moeder	mudər	train
moedergemeente	mudərχəmiəntə	train
moederlike	mudərləkə	train
moedermaatskappy	mudərmɑːtskapəi	test
moeders	mudərs	train
moederskap	mudərskap	train
moederstad	mudərstat	train
moedersterftes	mudərstɛrftəs	test
moedertaal	mudərtɑːl	train
moedertaalonderwys	mudərtɑːlɔndərvəis	train
moedertaalsprekers	mudərtɑːlspriəkərs	train
moedig	mudəχ	train
moedige	mudəχə	train
moedswillig	mutsvələχ	train
moedswillige	mutsvələχə	train
moeg	muχ	train
moegheid	muχɦəit	train
moeilik	muilək	train
moeilike	muiləkə	train
moeiliker	muiləkər	train
moeilikhede	muiləkɦiədə	train
moeilikheid	muiləkɦəit	train
moeilikheidsgraad	muiləkɦəitsχrɑːt	train
moeilikste	muiləkstə	train
moeisaam	muisɑːm	train
moeite	muitə	test
moenie	muni	train
moenies	munis	train
moer	mur	train
moeras	muras	train
moerse	mursə	test
moersleutel	mursløːtəl	train
moes	mus	train
moet	mut	train
moetie	muti	train
moets	muts	test
mog	mɔχ	train
moker	muəkər	train
molekule	mɔləkylə	test
moles	mulɛs	test
moleste	mulɛstə	train
molesteer	mɔləstiər	train
molestering	mɔləstiərəŋ	train
moment	mumɛnt	train
momente	mumɛntə	train
momentum	mumɛntœm	train
mompel	mɔmpəl	train
monargie	munarχi	train
mond	mɔnt	train
monddele	mɔntdiələ	train
monde	mɔndə	train
mondelinge	mɔndələŋə	train
mondelings	mɔndələŋs	train
mondering	mɔndiərəŋ	train
mondhoeke	mɔntɦukə	test
mondig	mɔndəχ	train
mondjie	mɔiŋki	train
mondstuk	mɔntstœk	train
mondvol	mɔntfɔl	train
mongolië	mɔŋχɔliə	train
moniteer	mɔnətiər	train
monitering	mɔnətiərəŋ	test
monitor	mɔnitɔr	train
monnik	mɔnək	train
monnike	mɔnəkə	test
mono	muənu	train
monogamie	muənuχami	train
monokotiele	muənukutilə	train
monolinguistiese	muənuləŋχuəstisə	train
monolinguïstiese	muənuləŋχuəstisə	test
monomeer	muənumiər	train
monomere	muənumiərə	train
monopolie	muənupuli	train
monopolistiese	munupuləstisə	test
monotipiese	muənutipisə	train
monster	mɔnstər	train
monsters	mɔnstərs	train
monstervergadering	mɔnstərfərχɑːdərəŋ	train
montage	mɔntɑːʒ	train
montagu	mɔntaχy	train
monteer	mɔntiər	train
montering	mɔntiərəŋ	train
monteringstegniek	mɔntiərəŋstɛχnik	train
monument	mɔnymɛnt	train
monumentale	mɔnymɛntɑːlə	train
monumente	mɔnymɛntə	test
moolman	muəlman	train
moondhede	muəntɦiədə	train
moondheid	muəntɦəit	train
moontlik	muəntlək	train
moontlike	muəntləkə	test
moontlikhede	muəntləkɦiədə	train
moontlikheid	muəntləkɦəit	train
moor	muər	train
moord	muərt	train
moordbende	muərtbɛndə	train
moordbendes	muərtbɛndəs	train
moorddadige	muərdɑːdəχə	train
moorde	muərdə	train
moordenaar	muərdənɑːr	train
moordenaars	muərdənɑːrs	train
moordende	muərdəndə	test
moordklag	muərtklaχ	train
moordsaak	muərtsɑːk	train
moordsake	muərtsɑːkə	train
moordtoneel	muərttuniəl	train
moordtuig	muərttœyχ	train
moordverhoor	muərtfərɦuər	train
moordwapen	muərtvɑːpən	train
moorrees	muəriəs	train
moot	muət	train
mor	mɔr	train
moraal	murɑːl	train
moraliteit	muralitəit	train
moratorium	muəraturiœm	train
morawiese	murɑːvisə	test
morbiditeit	mɔrbiditəit	test
morbiede	mɔrbidə	train
more	muərə	train
moreel	muriəl	train
morele	muriələ	test
morfeem	mɔrfiəm	test
morfeme	mɔrfiəmə	test
morfologie	mɔrfuluχi	train
morkel	mɔrkəl	train
mors	mɔrs	train
morsdood	mɔrsduət	train
morse	mɔrsə	train
mortaliteit	mɔrtalitəit	train
mortiere	mɔrtirə	train
mos	mɔs	train
mosambiek	musambik	train
mosambiekse	musambiksə	train
moses	muəsəs	train
mosie	muəsi	train
mosies	muəsis	train
moskee	mɔskiə	train
moskou	mɔskœu	test
moskouse	mɔskœusə	train
moslems	mɔsləms	train
mosselbaai	mɔsəlbɑːi	train
mossie	mɔsi	train
mossies	mɔsis	test
mossoelie	mɔsuli	train
mosterd	mɔstərt	test
mot	mɔt	test
motel	muətɛl	train
motief	muətif	train
motiewe	mutivə	train
motiveer	mutifiər	train
motiverende	muətifiərəndə	train
motivering	muətifiərəŋ	train
motor	muətər	train
motorafdak	muətərafdak	train
motorafdakke	muətərafdakə	train
motorbedryf	muətərbədrəif	train
motorbotsing	muətərbɔtsəŋ	train
motordiefstal	muətərdifstal	train
motoreienaars	muətərəiənɑːrs	train
motorfiets	muətərfits	test
motorfietse	muətərfitsə	train
motorfietsongeluk	muətərfitsɔnχəlœk	train
motorfietsryer	muətərfitsrəiər	train
motorhandel	muətərɦandəl	train
motorhandelaar	muətərɦandəlɑːr	train
motorhawe	muətərɦɑːvə	train
motorhuis	muətərɦœys	train
motorhuise	muətərɦœysə	train
motoris	muətərəs	train
motoriste	muətərəstə	train
motorkaping	muətərkɑːpəŋ	train
motormark	muətərmark	train
motornywerheid	muətərnəivərɦəit	train
motoronderdele	muətərɔndərdiələ	train
motorongeluk	muətərɔnχəlœk	train
motorongelukke	muətərɔnχəlœkə	test
motorradio	muətərrɑːdiu	train
motorryer	muətərrəiər	train
motorryers	muətərrəiərs	train
motors	muətərs	train
motorsport	muətərspɔrt	train
motortjie	muətərki	train
motortjies	muətərkis	train
motorverkope	muətərfərkuəpə	train
motorvervaardigers	muətərfərfɑːrdəχərs	train
motorvoertuie	muətərfurtœyə	train
motorwedrenne	muətərvɛtrɛnə	train
motorwerktuigkundige	muətərvɛrktœyχkœndəχə	train
motorwrak	muətərvrak	train
motte	mɔtə	train
mou	mœu	train
mozarella	mɔzarɛla	test
muf	mœf	train
muis	mœys	test
muise	mœysə	train
muishond	mœysɦɔnt	train
muitery	mœytərəi	train
muller	mœlər	train
multi	mœlti	train
multichoice	maltitʃɔis	train
multidimensionele	mœltidimɛnʃiuniələ	train
multikeuse	mœltikøːsə	train
multikulturalisme	mœltikœltʃyraləsmə	train
multikulturele	mœltikœltyriələ	train
multinasionale	mœltinaʃiunɑːlə	train
multiprofessionele	mœltiprufɛʃiuniələ	train
multivlak	mœltiflak	train
munisipaliteit	mynisipalitəit	train
munt	mœnt	train
munte	mœntə	test
muntstuk	mœntstœk	train
muntstukke	mœntstœkə	train
murg	mœrχ	train
murray	mœri	train
mus	mœs	test
musici	mysisi	train
muskadel	mœskadɛl	train
muskiet	mœskit	train
muwwerige	mœvərəχə	train
my	məi	train
myburgh	məibœrχ	train
myl	məil	train
myle	məilə	test
mylpaal	məilpɑːl	train
mylpale	məilpɑːlə	train
mymerend	məimiərənt	train
myn	məin	train
mynaandele	məinɑːndiələ	train
mynbedryf	məinbədrəif	train
mynbedrywighede	məinbədrəivəχɦiədə	train
mynbou	məinbœu	train
mynboubedrywighede	məinbœubədrəivəχɦiədə	train
mynbougebiede	məinbœuχəbidə	train
mynbousektor	məinbœusɛktɔr	train
myne	məinə	train
myners	məinərs	train
myngroep	məinχrup	train
mynheer	məinɦiər	train
mynhoop	məinɦuəp	train
mynhope	məinɦupə	train
mynhuis	məinɦœys	train
mynhuise	məinɦœysə	train
mynmaatskappy	məinmɑːtskapəi	train
mynmagnaat	məinmaχnɑːt	train
mynramp	məinramp	train
myns	məins	train
mynskag	məinskaχ	train
mynwerkers	məinvɛrkərs	train
mynwese	məinviəsə	train
myself	məisɛlf	train
myte	məitə	train
môre	mɔrə	test
môreoggend	mɔrəɔχənt	train
môrester	mɔrɛstər	train
môrevergadering	mɔrəfərχɑːdərəŋ	train
na	nɑː	train
naaf	nɑːf	train
naaigoed	nɑːiχut	train
naaimasjien	nɑːimaʃin	test
naaimasjiene	nɑːimaʃinə	train
naak	nɑːk	train
naakte	nɑːktə	test
naaktheid	nɑːktɦəit	train
naald	nɑːlt	train
naalde	nɑːldə	train
naam	nɑːm	train
naamborde	nɑːmbɔrdə	train
naamgenoot	nɑːmχənuət	train
naamgewing	nɑːmχiəvəŋ	train
naamlik	nɑːmlək	train
naamloos	nɑːmluəs	train
naamlose	nɑːmluəsə	train
naamrol	nɑːmrɔl	train
naamsverandering	nɑːmsfərandərəŋ	train
naamsveranderinge	nɑːmsfərandərəŋə	test
naamsveranderings	nɑːmsfərandərəŋs	train
naamwoord	nɑːmvuərt	train
naamwoorde	nɑːmvuərdə	train
naamwoordgroep	nɑːmvuərtχrup	test
naamwoordklas	nɑːmvuərtklas	train
naamwoordklasse	nɑːmvuərtklasə	train
naamwoordstuk	nɑːmvuərtstœk	train
naand	nɑːnt	train
naar	nɑːr	train
naarheid	nɑːrɦəit	train
naarstig	nɑːrstəχ	train
naarstiglik	nɑːrstəχlək	train
naas	nɑːs	train
naasbestaan	nɑːsbəstɑːn	train
naasbestaandes	nɑːsbəstɑːndəs	train
naasbeste	nɑːsbɛstə	train
naasbestes	nɑːsbɛstəs	train
naasgrootste	nɑːsχruətstə	test
naasgunsteling	nɑːsχœnstələŋ	train
naashoogste	nɑːsɦuəχstə	train
naaste	nɑːstə	train
naasteliefde	nɑːstəlifdə	train
naastenby	nɑːstənbəi	train
naaswenner	nɑːsvɛnər	train
naaswenners	nɑːsvɛnərs	train
naat	nɑːt	test
naatbouler	nɑːtbœulər	test
naatboulers	nɑːtbœulərs	train
naatjie	nɑːiki	train
nabelaste	nɑːbəlastə	test
nabetragting	nɑːbətraχtəŋ	train
nabootsing	nɑːbuətsəŋ	train
naby	nɑːbəi	train
nabye	nɑːbəiə	train
nabygeleë	nɑːbəiχəliə	train
nabyheid	nɑːbəiɦəit	train
nadat	nɑːdat	train
nadeel	nɑːdiəl	train
nadele	nɑːdiələ	train
nadelig	nɑːdiələχ	train
nadelige	nɑːdiələχə	train
nadenke	nɑːdɛŋkə	train
nader	nɑːdər	train
nadere	nɑːdərə	train
naderende	nɑːdərəndə	train
naderhand	nɑːdərɦant	train
naderhandter	nɑːdərɦantər	train
naderkom	nɑːdərkɔm	train
nadink	nɑːdəŋk	train
nadoen	nɑːdun	train
nael	nɑːəl	train
naelloop	nɑːəluəp	train
naellope	nɑːəluəpə	train
naelloper	nɑːəluəpər	test
naellopers	nɑːəluəpərs	train
naelrit	nɑːəlrət	train
naels	nɑːəls	test
naelskraap	nɑːəlskrɑːp	train
naelskraapse	nɑːəlskrɑːpsə	test
naelstring	nɑːəlstrəŋ	train
naeltjies	nɑːəlkis	train
nag	naχ	train
nagaan	nɑːχɑːn	train
nageboots	nɑːχəbuəts	test
nagedagtenis	nɑːχədaχtənəs	train
nagedink	nɑːχədəŋk	train
nagegaan	nɑːχəχɑːn	train
nagehou	nɑːχəɦœu	train
nagekom	nɑːχəkɔm	train
nagelaat	nɑːχəlɑːt	train
nagenoeg	nɑːχənuχ	train
nagereg	nɑːχərɛχ	train
nageregte	nɑːχərɛχtə	train
nagesien	nɑːχəsin	train
nageslaan	nɑːχəslɑːn	train
nageslag	nɑːχəslaχ	train
nageslagte	nɑːχəslaχtə	train
nagestreef	nɑːχəstriəf	train
nagevolge	nɑːχəfɔlχə	test
nagevors	nɑːχəfɔrs	test
naghemp	naχɦɛmp	train
nagklub	naχklœp	train
nagmaal	naχmɑːl	train
nagmerrie	naχmɛri	train
nagmerries	naχmɛris	train
nagraadse	nɑːχrɑːtsə	train
nagrus	naχrœs	train
nagsittery	naχsətərəi	train
nagskof	naχskɔf	train
nagte	naχtə	train
nagwaak	naχvɑːk	test
nagwedloop	naχvɛtluəp	train
nakom	nɑːkɔm	train
nakomelinge	nɑːkumələŋə	train
nakoming	nɑːkuəməŋ	train
nalaat	nɑːlɑːt	train
nalatenskap	nɑːlɑːtənskap	train
nalatig	nɑːlɑːtəχ	train
nalatige	nɑːlɑːtəχə	train
nalatigheid	nɑːlɑːtəχɦəit	train
namaaksels	nɑːmɑːksəls	train
namakwaland	namakwalant	train
namakwalandse	namakwalantsə	train
namate	nɑːmɑːtə	train
name	nɑːmə	train
namens	nɑːməns	train
namibiese	naməbisə	train
namibië	naməbiə	train
namiddag	nɑːmədaχ	train
namiddagson	nɑːmədaχsɔn	train
napoleontiese	napuəliɔntisə	train
nar	nar	train
nare	nɑːrə	train
narkose	narkusə	train
narkotikaburo	narkuətikabyruə	train
narkotiseur	narkutisøːr	train
narratief	naratif	test
narre	narə	train
nasale	nasɑːlə	train
nasalering	nasaliərəŋ	train
nasate	nɑːsɑːtə	train
nasie	nɑːsi	train
nasiebou	nɑːsibœu	train
nasieners	nɑːsinərs	train
nasienskema	nɑːsinskiəma	train
nasies	nɑːsis	train
nasieskap	nɑːsiskap	train
nasionaal	naʃiunɑːl	train
nasionaalgesinde	naʃiunɑːlχəsəndə	train
nasionale	naʃiunɑːlə	train
nasionalis	naʃiunaləs	train
nasionaliseer	naʃiunalisiər	train
nasionalisering	naʃiunalisiərəŋ	train
nasionalisme	naʃiunaləsmə	train
nasionaliste	naʃiunaləstə	train
nasionalistiese	naʃiunaləstisə	train
nasionaliteit	naʃiunalitəit	test
naskoolse	nɑːskuəlsə	train
naskyn	nɑːskəin	train
naslaan	nɑːslɑːn	train
naslaanbronne	nɑːslɑːnbrɔnə	train
naslaanwerke	nɑːslɑːnvɛrkə	train
nasleep	nɑːsliəp	train
nasogastriese	nasuχastrisə	train
nasorg	nɑːsɔrχ	train
naspers	naspɛrs	train
naspoor	nɑːspuər	train
nastreef	nɑːstriəf	train
nat	nat	test
natal	natal	train
natalse	natalsə	train
nate	nɑːtə	train
natref	nɑːtrɛf	train
natrium	nɑːtriœm	train
natriumhidroksied	nɑːtriœmɦidrɔksit	test
natriumnitriet	nɑːtriœmnitrit	train
natspuit	natspœyt	train
nattigheid	natəχɦəit	train
naturalisme	natœraləsmə	train
nature	natyrə	train
naturellebevolking	natœrɛləbəfɔlkəŋ	train
naturellevakbond	natœrɛləfakbɔnt	train
navigasie	naviχɑːsi	train
navigator	naviχɑːtɔr	train
navigators	naviχɑːtɔrs	train
navigeer	nafiχiər	train
navolgers	nɑːfɔlχərs	train
navolging	nɑːfɔlχəŋ	train
navorser	nɑːfɔrsər	train
navorsers	nɑːfɔrsərs	test
navorsing	nɑːfɔrsəŋ	train
navorsingsartikel	nɑːfɔrsəŋsartikəl	train
navorsingsartikels	nɑːfɔrsəŋsartikəls	train
navorsingsbevindinge	nɑːfɔrsəŋsbəfəndəŋə	train
navorsingsboek	nɑːfɔrsəŋsbuk	train
navorsingseenheid	nɑːfɔrsəŋsiənɦəit	train
navorsingsentrum	nɑːfɔrsəŋsɛntrœm	train
navorsingsgerigte	nɑːfɔrsəŋsχərəχtə	train
navorsingsmetodes	nɑːfɔrsəŋsmətuədəs	train
navorsingsmetodologie	nɑːfɔrsəŋsmɛtuduluχi	train
navorsingsontwerp	nɑːfɔrsəŋsɔntvɛrp	train
navorsingsontwikkeling	nɑːfɔrsəŋsɔntvəkələŋ	test
navorsingsprojek	nɑːfɔrsəŋsprujɛk	train
navorsingsprojekte	nɑːfɔrsəŋsprujɛktə	train
navorsingsraad	nɑːfɔrsəŋsrɑːt	train
navorsingsterrein	nɑːfɔrsəŋstərəin	train
navorsingsverslae	nɑːfɔrsəŋsfərslɑːə	train
navorsingsverslag	nɑːfɔrsəŋsfərslaχ	train
navorsingsvoorlegging	nɑːfɔrsəŋsfuərlɛχəŋ	train
navorsingsvoorstel	nɑːfɔrsəŋsfuərstɛl	train
navraag	nɑːfrɑːχ	train
navrae	nɑːfrɑːə	train
naweek	nɑːviək	train
naweekdae	nɑːviəkdɑːə	train
naweke	nɑːviəkə	train
nawerking	nɑːvɛrkəŋ	train
naïewe	naivə	train
nederduits	niədərdœyts	train
nederduitse	niədərdœytsə	test
nederig	niədərəχ	train
nederige	niədərəχə	train
nederlaag	niədərlɑːχ	train
nederlae	niədərlɑːə	train
nederland	niədərlant	train
nederlander	niədərlandər	train
nederlands	niədərlants	train
nederlandse	niədərlantsə	train
nedersetters	niədərsɛtərs	train
nedersetting	niədərsɛtəŋ	train
nedersettings	niədərsɛtəŋs	test
nee	niə	train
neef	niəf	train
neefs	niəfs	train
neels	niəls	train
neelsie	niəlsi	train
neem	niəm	train
neer	niər	train
neerbuig	niərbœyχ	train
neerdaal	niərdɑːl	train
neerdrukkende	niərdrœkəndə	train
neergedaal	niərχədɑːl	train
neergekom	niərχəkɔm	train
neergelegde	niərχəlɛχdə	train
neergesit	niərχəsət	train
neergeskiet	niərχəskit	train
neergeskryf	niərχəskrəif	train
neergeslaan	niərχəslɑːn	test
neergestort	niərχəstɔrt	train
neergevel	niərχəfɛl	train
neerhalend	niərɦɑːlənt	train
neerhalende	niərɦɑːləndə	train
neerkom	niərkɔm	test
neerlaag	niərlɑːχ	train
neersit	niərsət	test
neerskryf	niərskrəif	train
neerslaan	niərslɑːn	train
neerslae	niərslɑːə	train
neerslag	niərslaχ	train
neerslagtig	niərslaχtəχ	test
neerslagtigheid	niərslaχtəχɦəit	train
neerstort	niərstɔrt	train
neethling	niətləŋ	train
neffens	nɛfəns	train
nefie	niəfi	train
negatief	niəχatif	train
negatiefste	niəχatifstə	train
negatiewe	niəχativə	train
negatiwiteit	niəχativitəit	train
nege	niəχə	train
negehonderd	niəχəɦɔndərt	train
negejarige	niəχəjɑːrəχə	train
negende	niəχəndə	train
negentien	niəχəntin	train
negentiende	niəχəntində	train
negentienjarige	niəχəntinjɑːrəχə	train
negentig	niəχəntəχ	train
negentigs	niəχəntəχs	train
negosiewinkel	niəχusivəŋkəl	train
neig	nəiχ	test
neiging	nəiχəŋ	train
neigings	nəiχəŋs	train
nek	nɛk	train
nekbesering	nɛkbəsiərəŋ	train
nekbeserings	nɛkbəsiərəŋs	train
nekslag	nɛkslaχ	train
nektar	nɛktar	train
nelson	nɛlsən	train
neon	niɔn	train
nepotisme	nɛputəsmə	train
neptunus	nɛptynœs	train
nergens	nɛrχəns	train
ners	nɛrs	test
nervosa	nɛrfusa	train
nes	nɛs	train
nessies	nɛsis	test
neste	nɛstə	test
net	nɛt	train
netbal	nɛtbal	train
netbalafrigters	nɛtbalafrəχtərs	train
netbalkursus	nɛtbalkœrsœs	train
netelig	niətələχ	train
netelige	niətələχə	train
netheid	nɛtɦəit	train
netjies	nɛkis	train
netjiese	nɛkisə	train
nette	nɛtə	train
netto	nɛtu	train
netwerk	nɛtvɛrk	train
netwerke	nɛtvɛrkə	train
neuk	nøːk	train
neurie	nøːri	train
neuriegeluide	nøːriχəlœydə	train
neurochirurg	nøːruʃirœrχ	train
neurologiese	nøːruluəχisə	train
neurotiese	nøːruətisə	train
neus	nøːs	train
neuse	nøːsə	train
neut	nøːt	train
neute	nøːtə	test
neutedop	nøːtədɔp	train
neutmuskaat	nøːtmœskɑːt	train
neutraal	nøːtrɑːl	test
neutrale	nøːtrɑːlə	train
neutralisasie	nøːtralisɑːsi	test
neutraliseer	nøːtralisiər	train
neutraliteit	nøːtralitəit	train
neutraliteitsreg	nøːtralitəitsrɛχ	test
neutrone	nøːtrunə	train
new	niu	test
newelvlekke	niəvəlflɛkə	train
neweproduk	niəvəprudœk	train
neweprodukte	niəvəprudœktə	train
neweskikkende	niəvəskəkəndə	train
newlands	niulənts	train
neëntien	niəntin	train
neëntig	niəntəχ	train
nie	ni	test
niemand	nimant	test
niemandsland	nimantslant	train
niemendal	niməndal	train
nier	nir	train
niere	nirə	train
nierop	nirɔp	train
nierversaking	nirfərsɑːkəŋ	test
nies	nis	train
niestandaardvariëteite	nistandɑːrtvariətəitə	train
niet	nit	train
nieteenstaande	nitiənstɑːndə	train
nietemin	nitəmən	train
nietig	nitəχ	train
nietige	nitəχə	train
nietigheid	nitəχɦəit	test
niets	nits	train
nieu	niu	train
nieuwenhuizen	nyvənɦœyzən	train
nieverbale	nivɛrbɑːlə	train
nig	nəχ	train
nigeriese	nəχiərisə	train
niggie	nəχi	train
niggies	nəχis	train
nihilisme	niɦiləsmə	train
nikodemus	nikudiəmœs	train
niks	nəks	train
niksbeduidend	nəksbədœydənt	train
niksbeduidende	nəksbədœydəndə	test
niksseggend	nəksɛχənt	train
niksseggende	nəksɛχəndə	train
nimlike	nəmləkə	train
nimmer	nəmər	train
nimmereindigende	nəmərəindəχəndə	test
nimmerstakende	nəmərstɑːkəndə	train
ninja	nindʒa	train
nippertjie	nəpərki	train
nis	nəs	train
nismark	nəsmark	train
nitrate	nitrɑːtə	train
nodeloos	nuədəluəs	train
nodig	nuədəχ	train
nodige	nuədəχə	train
nodigheid	nuədəχɦəit	train
noem	num	train
noemenswaardig	numənsvɑːrdəχ	train
noemenswaardige	numənsvɑːrdəχə	train
noenmaal	nunmɑːl	train
nog	nɔχ	train
nogal	nɔχal	train
nogals	nɔχals	train
nogmaals	nɔχmɑːls	train
nogtans	nɔχtans	test
nok	nɔk	train
nominale	nɔminɑːlə	train
nominasies	nɔminɑːsis	train
nommer	nɔmər	train
nommerpas	nɔmərpas	train
nommerplaat	nɔmərplɑːt	train
nommerplate	nɔmərplɑːtə	train
nommers	nɔmərs	train
non	nɔn	train
nonchalant	nɔnʃalant	test
nonnie	nɔni	train
nonsens	nɔnsəns	train
nood	nuət	train
noodbehandeling	nuətbəɦandələŋ	train
nooddiens	nuətdins	train
nooddienste	nuətdinstə	train
noodgedwonge	nuətχədwɔŋə	train
noodgevalle	nuətχəfalə	train
noodlanding	nuətlandəŋ	train
noodleniging	nuətliənəχəŋ	test
noodlenigingsinrigtings	nuətliənəχəŋsənrəχtəŋs	train
noodlot	nuətlɔt	train
noodlottig	nuətlɔtəχ	train
noodlottige	nuətlɔtəχə	train
noodnommer	nuətnɔmər	test
noodoperasie	nuətuəpərɑːsi	test
noodsaak	nuətsɑːk	train
noodsaaklik	nuətsɑːklək	train
noodsaaklike	nuətsɑːkləkə	train
noodsaaklikhede	nuətsɑːkləkɦiədə	train
noodsaaklikheid	nuətsɑːkləkɦəit	train
noodsituasie	nuətsətʃuɑːsi	train
noodsituasies	nuətsətʃuɑːsis	train
noodtoestand	nuəttustant	train
noodvergadering	nuətfərχɑːdərəŋ	train
noodvoorraad	nuətfuərɑːt	train
noodvoorrade	nuətfuərɑːdə	train
noodweer	nuətviər	train
noodwendig	nuətvɛndəχ	train
noodwendige	nuətvɛndəχə	train
noodwerkers	nuətvɛrkərs	train
noodwiel	nuətvil	train
noop	nuəp	train
noord	nuərt	train
noordam	nuərdam	train
noorde	nuərdə	test
noordekant	nuərdəkant	train
noordelike	nuərdələkə	train
noordelikes	nuərdələkəs	train
noordheuwel	nuərtɦøːvəl	train
noordkus	nuərtkœs	train
noordoos	nuərtuəs	train
noordoostelike	nuərtuəstələkə	train
noordpole	nuərtpuələ	train
noordpool	nuərtpuəl	train
noordwaarts	nuərtvɑːrts	train
noordwes	nuərtvɛs	train
noordweste	nuərtvɛstə	train
noordwestelike	nuərtvɛstələkə	train
noorweë	nuərviə	train
noot	nuət	train
nootwaardes	nuətvɑːrdəs	train
noppies	nɔpis	train
noradrenalien	nɔradrɛnalin	train
norm	nɔrm	train
normaal	nɔrmɑːl	train
normaalkrag	nɔrmɑːlkraχ	train
normaalweg	nɔrmɑːlvɛχ	train
normale	nɔrmɑːlə	train
normaliseer	nɔrmalisiər	train
normatief	nɔrmatif	train
normatiewe	nɔrmativə	train
norme	nɔrmə	train
norms	nɔrms	train
nors	nɔrs	train
nostalgie	nɔstalχi	train
nostalgies	nɔstalχis	train
nostalgiese	nɔstalχisə	train
nota	nuəta	train
notaboek	nuətabuk	train
notas	nuətas	train
notasie	nutɑːsi	train
note	nuətə	train
noteer	nutiər	train
notering	nuətiərəŋ	train
noterings	nuətiərəŋs	train
notule	nuətylə	train
nou	nœu	train
noudat	nœudat	train
noue	nœuə	train
nouer	nœuər	train
nouere	nœuərə	train
nougeset	nœuχəsɛt	train
nouja	nœujɑː	train
noukeurig	nœukøːrəχ	train
noukeurige	nœukøːrəχə	train
noukeuriger	nœukøːrəχər	train
noukeurigheid	nœukøːrəχɦəit	train
nouliks	nœuləks	train
nouste	nœustə	train
nouveau	nuvœu	train
nova	nœuva	train
novelle	nufɛlə	train
november	nuəfɛmbər	train
nugter	nœχtər	train
nugtere	nœχtərə	train
nuk	nœk	train
nukleofiele	nykliufilə	train
nul	nœl	train
nulhipotese	nœlɦiputiəsə	train
nulkoers	nœlkurs	train
nulle	nœlə	train
nut	nœt	train
nutteloos	nœtəluəs	train
nuttelose	nœtəlusə	train
nuttig	nœtəχ	test
nuttige	nœtəχə	train
nydig	nəidəχ	train
nylon	nailɔn	train
nylstroom	nəilstruəm	train
nypende	nəipəndə	train
nywer	nəivər	train
nyweraar	nəivərɑːr	train
nyweraars	nəivərɑːrs	test
nywerhede	nəivərɦiədə	train
nywerheid	nəivərɦəit	train
nywerheidsaandele	nəivərɦəitsɑːndiələ	train
nywerheidsektor	nəivərɦəitsɛktɔr	test
nywerheidsgebied	nəivərɦəitsχəbit	train
nywerheidsgebiede	nəivərɦəitsχəbidə	train
nywerheidshof	nəivərɦəitsɦɔf	train
nywerheidsindeks	nəivərɦəitsəndɛks	train
nywerheidslande	nəivərɦəitslandə	train
nywerheidsmark	nəivərɦəitsmark	train
nywerheidsontwikkeling	nəivərɦəitsɔntvəkələŋ	train
nywerheidsraad	nəivərɦəitsrɑːt	train
nywerheidsverbruik	nəivərɦəitsfərbrœyk	train
nè	nɛ	train
nòg	nɔχ	train
oase	uɑːsə	test
oasis	uɑːsəs	train
oberholzer	uəbərɦɔlzər	train
objekte	ɔbjɛktə	train
objektief	ɔbjɛktif	train
objektiewe	ɔbjɛktivə	train
obligasies	ɔbliχɑːsis	train
obsene	ɔbsiənə	train
observasie	ɔbsɛrvɑːsi	train
observasies	ɔbsɛrvɑːsis	train
obsessie	ɔbsɛsi	train
obsessief	ɔbsɛsif	train
obsessiewe	ɔbsɛsivə	train
obskure	ɔbskyrə	train
obstruksie	ɔbstrœksi	train
obstruksies	ɔbstrœksis	train
ode	uədə	train
oefen	ufən	train
oefengroep	ufənχrup	train
oefening	ufənəŋ	train
oefeninge	ufənəŋə	train
oefenkamp	ufənkamp	train
oefenkampe	ufənkampə	train
oefenlope	ufənluəpə	train
oefenlopie	ufənluəpi	test
oefenmaat	ufənmɑːt	train
oefenprogram	ufənpruχram	train
oefensessie	ufənsɛsi	train
oefensessies	ufənsɛsis	train
oefentyd	ufəntəit	train
oefenwedstryd	ufənvɛtstrəit	train
oelofse	ulɔfsə	train
oeps	ups	train
oer	ur	train
oerwoud	urvœut	train
oerwoudtuiste	urvœuttœystə	train
oes	us	train
oesjaar	usjɑːr	train
oeste	ustə	train
oesters	ustərs	train
oewer	uvər	train
oewerbos	uvərbɔs	train
oewers	uvərs	train
of	ɔf	train
offer	ɔfər	test
offerande	ɔfərandə	test
offerdiens	ɔfərdins	train
offergawe	ɔfərχɑːvə	train
offering	ɔfərəŋ	train
offers	ɔfərs	train
offersug	ɔfərsœχ	test
offisieel	ɔfəsiiəl	train
offisier	ɔfəsir	train
offisiere	ɔfəsirə	train
offisiële	ɔfəsiiələ	train
ofskoon	ɔfskuən	train
ofte	ɔftə	train
oftewel	ɔftəvɛl	train
oggend	ɔχənt	train
oggende	ɔχəndə	train
oggendskof	ɔχəntskɔf	test
ogie	uəχi	train
ogies	uəχis	train
ohrigstad	uərəχstat	train
okay	œukəi	test
oker	uəkər	train
okkupasie	ɔkypɑːsi	train
oksidant	ɔksidant	train
oksidasie	ɔksidɑːsi	train
oksiede	ɔksidə	test
oksitosien	ɔksitusin	train
oktaaf	ɔktɑːf	train
oktaan	ɔktɑːn	train
oktawius	ɔktɑːviœs	train
oktober	ɔktubər	train
olie	uəli	train
oliemaatskappye	uəlimɑːtskapəiə	train
olienhoutboom	uəlinɦœutbuəm	train
olieproduserende	uəliprɔdysiərəndə	train
olieprys	uəliprəis	train
oliepryse	uəliprəisə	train
oliereserwes	uəlirəzɛrvəs	train
olierige	uəlirəχə	train
olies	uəlis	train
olievelde	uəlifɛldə	train
olieverf	uəlifɛrf	train
olifant	uəlifant	train
olifante	uəlifantə	train
olifanttande	uəlifanttandə	train
olimpiade	uələmpiɑːdə	train
olyf	uləif	train
olyfkleur	uələifkløːr	train
olyfolie	uləifuəli	train
om	ɔm	test
omarm	ɔmarəm	train
ombudsman	ɔmbutsman	train
omdat	ɔmdat	train
omdigting	ɔmdəχtəŋ	train
omdraai	ɔmdrɑːi	test
omdraaiende	ɔmdrɑːiəndə	train
omega	umiəχa	train
omgaan	ɔmχɑːn	train
omgang	ɔmχaŋ	train
omgangsgebruik	ɔmχaŋsχəbrœyk	train
omgangstaal	ɔmχaŋstɑːl	train
omgedraai	ɔmχədrɑːi	train
omgee	ɔmχiə	train
omgegaan	ɔmχəχɑːn	test
omgegee	ɔmχəχiə	train
omgekeer	ɔmχəkiər	train
omgekeerd	ɔmχəkiərt	train
omgekeerde	ɔmχəkiərdə	train
omgekom	ɔmχəkɔm	train
omgekrap	ɔmχəkrap	train
omgekrapte	ɔmχəkraptə	test
omgepraat	ɔmχəprɑːt	train
omgeruil	ɔmχərœyl	train
omgery	ɔmχərəi	test
omgesien	ɔmχəsin	train
omgesit	ɔmχəsət	train
omgeskakel	ɔmχəskɑːkəl	train
omgeskep	ɔmχəskɛp	train
omgeslaan	ɔmχəslɑːn	train
omgeswaai	ɔmχəswɑːi	train
omgeval	ɔmχəfal	train
omgewaai	ɔmχəvɑːi	test
omgewing	ɔmχiəvəŋ	train
omgewings	ɔmχiəvəŋs	train
omgewingsake	ɔmχiəvəŋsɑːkə	train
omgewingsbewaring	ɔmχiəvəŋsbəvɑːrəŋ	train
omgewingsbewustes	ɔmχiəvəŋsbəvœstəs	train
omgewingsbewustheid	ɔmχiəvəŋsbəvœstɦəit	train
omgewingsfaktore	ɔmχiəvəŋsfaktuərə	train
omgewingsgesondheid	ɔmχiəvəŋsχəsɔntɦəit	train
omgewingsimpak	ɔmχiəvəŋsəmpak	train
omgewingsleer	ɔmχiəvəŋsliər	train
omgewingsopvoeding	ɔmχiəvəŋsɔpfudəŋ	train
omgewingsprobleem	ɔmχiəvəŋsprubliəm	train
omgewingsprobleme	ɔmχiəvəŋsprubliəmə	train
omgewingstoestande	ɔmχiəvəŋstustandə	train
omgewingsverkenning	ɔmχiəvəŋsfərkɛnəŋ	train
omgewingsvriendelik	ɔmχiəvəŋsfrindələk	train
omgodsenonmoontlik	ɔmχɔtsənɔnmuəntlək	train
omhaal	ɔmɦɑːl	train
omhein	ɔmɦəin	train
omheining	ɔmɦəinəŋ	train
omhels	ɔmɦɛls	train
omhelsing	ɔmɦɛlsəŋ	test
omhoog	ɔmɦuəχ	train
omhulsel	ɔmɦœlsəl	test
omkeer	ɔmkiər	test
omkom	ɔmkɔm	train
omkoop	ɔmkuəp	train
omkoopgeld	ɔmkuəpχɛlt	test
omkopery	ɔmkupərəi	train
omkrap	ɔmkrap	test
omkring	ɔmkrəŋ	train
omkyk	ɔmkəik	train
omliggende	ɔmləχəndə	train
omloop	ɔmluəp	train
omlyn	ɔmləin	train
ommekeer	ɔməkiər	test
ommesientjie	ɔməsiŋki	train
ommeswaai	ɔməswɑːi	train
omnia	ɔmnia	train
omnibus	ɔmnibœs	train
omomstandighede	ɔmɔmstandəχɦiədə	train
ompad	ɔmpat	train
ompraat	ɔmprɑːt	train
omraam	ɔmrɑːm	train
omrede	ɔmriədə	train
omring	ɔmrəŋ	train
omringende	ɔmrəŋəndə	train
omroeper	ɔmrupər	train
omroepers	ɔmrupərs	train
omrol	ɔmrɔl	train
omseil	ɔmsəil	train
omsendbrief	ɔmsɛntbrif	train
omset	ɔmsɛt	train
omsette	ɔmsɛtə	train
omsien	ɔmsin	test
omsigtig	ɔmsəχtəχ	test
omsigtigheid	ɔmsəχtəχɦəit	train
omsigtigheidsaankondiging	ɔmsəχtəχɦəitsɑːnkɔndəχəŋ	train
omsingel	ɔmsəŋəl	test
omskakel	ɔmskɑːkəl	train
omskakeling	ɔmskɑːkələŋ	train
omskep	ɔmskɛp	train
omskepbare	ɔmskɛpbɑːrə	train
omskepping	ɔmskɛpəŋ	train
omskrewe	ɔmskriəvə	train
omskryf	ɔmskrəif	train
omskrywing	ɔmskrəivəŋ	train
omskrywings	ɔmskrəivəŋs	train
omslaan	ɔmslɑːn	test
omslag	ɔmslaχ	train
omslagtige	ɔmslaχtəχə	train
omsluit	ɔmslœyt	train
omsonse	ɔmsɔnsə	train
omstander	ɔmstandər	train
omstanders	ɔmstandərs	train
omstandighede	ɔmstandəχɦiədə	test
omstrede	ɔmstriədə	train
omstredenheid	ɔmstriədənɦəit	train
omstreeks	ɔmstriəks	train
omswaai	ɔmswɑːi	test
omswerwinge	ɔmswɛrvəŋə	train
omtrek	ɔmtrɛk	train
omtrekke	ɔmtrɛkə	train
omtrent	ɔmtrɛnt	train
omvang	ɔmfaŋ	train
omvangryk	ɔmfaŋrəik	train
omvangryke	ɔmfaŋrəikə	train
omvangryker	ɔmfaŋrəikər	train
omvat	ɔmfat	train
omvattend	ɔmfatənt	train
omvattende	ɔmfatəndə	train
omvattender	ɔmfatəndər	train
omvattendste	ɔmfatəntstə	train
omver	ɔmfɛr	train
omvergewerp	ɔmfɛrχəvɛrp	train
omverwerp	ɔmfɛrvɛrp	train
omverwerping	ɔmfɛrvɛrpəŋ	train
omvorming	ɔmfɔrməŋ	test
omvou	ɔmfœu	train
omweg	ɔmvɛχ	train
omwelf	ɔmvɛlf	train
omwenteling	ɔmvɛntələŋ	train
omwentelinge	ɔmvɛntələŋə	test
omwentelingsbeweging	ɔmvɛntələŋsbəviəχəŋ	train
on	ɔn	train
onaangenaam	ɔnɑːnχənɑːm	train
onaangenaamheid	ɔnɑːnχənɑːmɦəit	train
onaangename	ɔnɑːnχənɑːmə	test
onaangeraak	ɔnɑːnχərɑːk	train
onaangeroer	ɔnɑːnχərur	train
onaanvaarbaar	ɔnɑːnfɑːrbɑːr	train
onaanvaarbare	ɔnɑːnfɑːrbɑːrə	train
onaardse	ɔnɑːrtsə	test
onafgehandelde	ɔnafχəɦandəldə	train
onafhanklik	ɔnafɦaŋklək	train
onafhanklike	ɔnafɦaŋkləkə	train
onafhanklikes	ɔnafɦaŋkləkəs	train
onafhanklikheid	ɔnafɦaŋkləkɦəit	train
onafhanklikheidsbeginsel	ɔnafɦaŋkləkɦəitsbəχənsəl	train
onafhanklikheidsdeputasie	ɔnafɦaŋkləkɦəitsdəpytɑːsi	train
onafhanklikwording	ɔnafɦaŋkləkvɔrdəŋ	train
onafsienbare	ɔnafsinbɑːrə	train
onafskeidbaar	ɔnafskəitbɑːr	train
onafskeidbare	ɔnafskəitbɑːrə	train
onafwendbaar	ɔnafvɛntbɑːr	train
onafwendbare	ɔnafvɛntbɑːrə	train
onakkurate	ɔnakyrɑːtə	train
onaktief	ɔnaktif	train
onaktiewe	ɔnaktivə	train
onbaatsugtige	ɔnbɑːtsœχtəχə	train
onbeantwoord	ɔnbəantvuərt	train
onbedoelde	ɔnbəduldə	train
onbeduidend	ɔnbədœydənt	train
onbeduidende	ɔnbədœydəndə	test
onbegaanbaar	ɔnbəχɑːnbɑːr	train
onbegryplik	ɔnbəχrəiplək	train
onbeheerde	ɔnbəɦiərdə	train
onbeheerste	ɔnbəɦiərstə	train
onbeholpe	ɔnbəɦɔlpə	train
onbeholpenheid	ɔnbəɦɔlpənɦəit	train
onbehoorlik	ɔnbəɦuərlək	train
onbehoorlike	ɔnbəɦuərləkə	train
onbekend	ɔnbəkɛnt	train
onbekende	ɔnbəkɛndə	train
onbekendes	ɔnbəkɛndəs	test
onbekostigbaar	ɔnbəkɔstəχbɑːr	train
onbekwaamheid	ɔnbəkwɑːmɦəit	train
onbekwame	ɔnbəkwɑːmə	train
onbelangrik	ɔnbəlaŋrək	train
onbelemmerde	ɔnbəlɛmərdə	train
onbemande	ɔnbəmandə	train
onbemerkte	ɔnbəmɛrktə	test
onbenullige	ɔnbənœləχə	test
onbenut	ɔnbənœt	train
onbenydenswaardige	ɔnbənəidənsvɑːrdəχə	test
onbepaald	ɔnbəpɑːlt	train
onbepaalde	ɔnbəpɑːldə	train
onbeperk	ɔnbəpɛrk	train
onbeperkte	ɔnbəpɛrktə	train
onbereikbaar	ɔnbərəikbɑːr	train
onberekenbare	ɔnbəriəkənbɑːrə	train
onberispelike	ɔnbərəspələkə	test
onbesield	ɔnbəsilt	train
onbeskerm	ɔnbəskɛrəm	train
onbeskermde	ɔnbəskɛrəmdə	train
onbeskryflik	ɔnbəskrəiflək	train
onbeskryflike	ɔnbəskrəifləkə	train
onbeslis	ɔnbəsləs	train
onbesliste	ɔnbəsləstə	train
onbesonne	ɔnbəsɔnə	train
onbespeurbaar	ɔnbəspøːrbɑːr	test
onbestendig	ɔnbəstɛndəχ	train
onbestendige	ɔnbəstɛndəχə	train
onbestendigheid	ɔnbəstɛndəχɦəit	train
onbestrede	ɔnbəstriədə	train
onbetaald	ɔnbətɑːlt	train
onbetaalde	ɔnbətɑːldə	train
onbetaamlike	ɔnbətɑːmləkə	train
onbetrokke	ɔnbətrɔkə	train
onbetroubaar	ɔnbətrœubɑːr	train
onbetroubaarheid	ɔnbətrœubɑːrɦəit	train
onbetwis	ɔnbətwəs	train
onbetwisbaar	ɔnbətwəsbɑːr	train
onbetwisbare	ɔnbətwəsbɑːrə	train
onbetwiste	ɔnbətwəstə	train
onbevange	ɔnbəfaŋə	train
onbevestigde	ɔnbəfɛstəχdə	train
onbevoeg	ɔnbəfuχ	train
onbevoegde	ɔnbəfuχdə	train
onbevredigend	ɔnbəfriədəχənt	train
onbewoonbaar	ɔnbəvuənbɑːr	train
onbewus	ɔnbəvœs	train
onbewuste	ɔnbəvœstə	train
onbewustelik	ɔnbəvœstələk	train
onbewustheid	ɔnbəvœstɦəit	train
onbillik	ɔnbələk	train
onbillike	ɔnbələkə	train
onblusbare	ɔnblœsbɑːrə	train
onbrugbare	ɔnbrœχbɑːrə	train
onbruik	ɔnbrœyk	train
onbruikbaar	ɔnbrœykbɑːr	train
onbuigsame	ɔnbœyχsɑːmə	train
ondankbare	ɔndaŋkbɑːrə	train
ondanks	ɔndaŋks	train
ondeelbaar	ɔndiəlbɑːr	train
ondeelbare	ɔndiəlbɑːrə	train
ondemokraties	ɔndɛmukrɑːtis	train
ondenkbaar	ɔndɛŋkbɑːr	test
ondenkbare	ɔndɛŋkbɑːrə	train
onder	ɔndər	train
onderaan	ɔndərɑːn	train
onderaandeel	ɔndərɑːndiəl	train
onderafdeling	ɔndərafdiələŋ	train
onderafdelings	ɔndərafdiələŋs	train
onderbalju	ɔndərbaljy	train
onderbeen	ɔndərbiən	train
onderbenut	ɔndərbənœt	test
onderbewussyn	ɔndərbəvœsəin	train
onderbewuste	ɔndərbəvœstə	train
onderbou	ɔndərbœu	train
onderbreek	ɔndərbriək	train
onderbreking	ɔndərbriəkəŋ	train
onderburgemeester	ɔndərbœrχəmiəstər	train
onderdane	ɔndərdɑːnə	train
onderdanig	ɔndərdɑːnəχ	train
onderdeel	ɔndərdiəl	train
onderdele	ɔndərdiələ	train
onderdeur	ɔndərdøːr	train
onderdruk	ɔndərdrœk	train
onderdrukkende	ɔndərdrœkəndə	train
onderdrukking	ɔndərdrœkəŋ	test
onderdrukte	ɔndərdrœktə	train
ondergaan	ɔndərχɑːn	train
ondergang	ɔndərχaŋ	test
ondergegane	ɔndərχəχɑːnə	train
ondergeskik	ɔndərχəskək	train
ondergeskikte	ɔndərχəskəktə	train
ondergeskiktes	ɔndərχəskəktəs	train
ondergewaardeer	ɔndərχəvɑːrdiər	train
ondergronds	ɔndərχrɔnts	train
ondergrondse	ɔndərχrɔntsə	train
onderhandel	ɔndərɦandəl	test
onderhandelaar	ɔndərɦandəlɑːr	test
onderhandelaars	ɔndərɦandəlɑːrs	train
onderhandelde	ɔndərɦandəldə	train
onderhandeling	ɔndərɦandələŋ	train
onderhandelinge	ɔndərɦandələŋə	train
onderhandelings	ɔndərɦandələŋs	train
onderhandelingsforum	ɔndərɦandələŋsfuərœm	train
onderhandelingsproses	ɔndərɦandələŋsprusɛs	train
onderhandelingsraad	ɔndərɦandələŋsrɑːt	train
onderhandelingstafel	ɔndərɦandələŋstɑːfəl	train
onderhewig	ɔndərɦiəvəχ	train
onderhoofmeisie	ɔndərɦuəfməisi	train
onderhoofseun	ɔndərɦuəfsøːn	test
onderhorige	ɔndərɦuərəχə	train
onderhoriges	ɔndərɦuərəχəs	train
onderhorigheid	ɔndərɦurəχɦəit	train
onderhou	ɔndərɦœu	train
onderhoud	ɔndərɦœut	train
onderhoude	ɔndərɦœudə	train
onderhoudskoste	ɔndərɦœutskɔstə	train
onderhoudvoerder	ɔndərɦœutfurdər	test
onderhoudvoering	ɔndərɦœutfurəŋ	train
onderkant	ɔndərkant	train
onderkaptein	ɔndərkaptəin	test
onderklere	ɔndərkliərə	train
onderkry	ɔndərkrəi	train
onderlaag	ɔndərlɑːχ	train
onderleier	ɔndərləiər	train
onderliggend	ɔndərləχənt	train
onderliggende	ɔndərləχəndə	train
onderling	ɔndərləŋ	test
onderlinge	ɔndərləŋə	train
onderlip	ɔndərləp	train
ondermeer	ɔndərmiər	train
onderminister	ɔndərmənəstər	train
ondermyn	ɔndərməin	train
ondermyning	ɔndərməinəŋ	train
onderneem	ɔndərniəm	train
ondernemende	ɔndərniəməndə	train
ondernemer	ɔndərniəmər	train
ondernemers	ɔndərniəmərs	train
ondernemerskap	ɔndərniəmərskap	train
onderneming	ɔndərniəməŋ	train
ondernemings	ɔndərniəməŋs	train
ondernemingsgees	ɔndərniəməŋsχiəs	train
ondernemingsvorm	ɔndərniəməŋsfɔrəm	train
ondernemingsvorme	ɔndərniəməŋsfɔrəmə	train
onderonsie	ɔndərɔnsi	train
onderonsies	ɔndərɔnsis	train
onderontwikkeling	ɔndərɔntvəkələŋ	train
onderopskrifte	ɔndərɔpskrəftə	train
onderrand	ɔndərant	train
onderrig	ɔndərəχ	train
onderrigbeginsels	ɔndərəχbəχənsəls	train
onderrigbenaderings	ɔndərəχbənɑːdərəŋs	train
onderriggeleentheid	ɔndərəχχəliəntɦəit	train
onderrighulpmiddels	ɔndərəχɦœlpmədəls	train
onderrigleer	ɔndərəχliər	train
onderrigleeropdragte	ɔndərəχliərɔpdraχtə	train
onderrigmedium	ɔndərəχmidiœm	test
onderrigmetode	ɔndərəχmətuədə	train
onderrigmetodes	ɔndərəχmətuədəs	train
onderrigsituasie	ɔndərəχsətʃuɑːsi	train
onderrigstrategie	ɔndərəχstratəχi	test
onderrigstrategieë	ɔndərəχstratəχiə	train
onderrigtaal	ɔndərəχtɑːl	train
onderrok	ɔndərɔk	train
ondersese	ɔndərsiəsə	train
onderskat	ɔndərskat	train
onderskatte	ɔndərskatə	train
onderskei	ɔndərskəi	train
onderskeibaar	ɔndərskəibɑːr	test
onderskeibare	ɔndərskəibɑːrə	train
onderskeid	ɔndərskəit	test
onderskeidelik	ɔndərskəidələk	train
onderskeidende	ɔndərskəidəndə	train
onderskeiding	ɔndərskəidəŋ	train
onderskeidings	ɔndərskəidəŋs	train
onderskeie	ɔndərskəiə	test
onderskep	ɔndərskɛp	train
onderskraag	ɔndərskrɑːχ	train
onderskrif	ɔndərskrəf	train
onderskrifte	ɔndərskrəftə	train
onderskryf	ɔndərskrəif	train
onderskrywing	ɔndərskrəivəŋ	train
ondersoek	ɔndərsuk	train
ondersoekbeampte	ɔndərsukbəamptə	train
ondersoekbeamptes	ɔndərsukbəamptəs	train
ondersoeke	ɔndərsukə	train
ondersoekeenheid	ɔndərsukiənɦəit	train
ondersoekkomitee	ɔndərsukkɔmətiə	train
ondersoekspan	ɔndərsukspan	train
ondersoektog	ɔndərsuktɔχ	train
ondersoekwerk	ɔndərsukvɛrk	test
onderstaande	ɔndərstɑːndə	train
onderste	ɔndərstə	train
onderstebo	ɔndərstəbu	train
onderstel	ɔndərstɛl	train
ondersteun	ɔndərstøːn	train
ondersteunend	ɔndərstøːnənt	train
ondersteunende	ɔndərstøːnəndə	train
ondersteuner	ɔndərstøːnər	train
ondersteuners	ɔndərstøːnərs	train
ondersteuning	ɔndərstøːnəŋ	train
ondersteuningsdienste	ɔndərstøːnəŋsdinstə	test
onderstreep	ɔndərstriəp	train
onderstreepte	ɔndərstriəptə	train
onderteken	ɔndərtiəkən	train
ondertekenaars	ɔndərtiəkənɑːrs	train
ondertekening	ɔndərtiəkənəŋ	train
ondertoe	ɔndərtu	test
ondertussen	ɔndərtœsən	test
ondervang	ɔndərfaŋ	train
onderverdeel	ɔndərfərdiəl	train
ondervind	ɔndərfənt	train
ondervinding	ɔndərfəndəŋ	train
ondervindings	ɔndərfəndəŋs	train
ondervoeding	ɔndərfudəŋ	test
ondervoorsitter	ɔndərfuərsətər	train
ondervoorsitters	ɔndərfuərsətərs	train
ondervra	ɔndərfrɑː	train
ondervraging	ɔndərfrɑːχəŋ	train
onderwaardeer	ɔndərvɑːrdiər	train
onderwater	ɔndərvɑːtər	train
onderweg	ɔndərvɛχ	train
onderwerp	ɔndərvɛrp	train
onderwerpe	ɔndərvɛrpə	train
onderwerping	ɔndərvɛrpəŋ	train
onderwerpskakel	ɔndərvɛrpskɑːkəl	train
onderworpe	ɔndərvɔrpə	train
onderwyl	ɔndərvəil	train
onderwys	ɔndərvəis	train
onderwysbedeling	ɔndərvəisbədiələŋ	train
onderwysbelanghebbendes	ɔndərvəisbəlaŋɦɛbəndəs	train
onderwysbeleid	ɔndərvəisbələit	train
onderwysbenadering	ɔndərvəisbənɑːdərəŋ	train
onderwysdepartement	ɔndərvəisdəpartəmɛnt	train
onderwysdepartemente	ɔndərvəisdəpartəmɛntə	train
onderwysdiens	ɔndərvəisdins	train
onderwysdiploma	ɔndərvəisdəpluma	train
onderwyser	ɔndərvəisər	train
onderwyseres	ɔndərvəisərɛs	train
onderwyseroriëntering	ɔndərvəisəruəriɛntiərəŋ	train
onderwysers	ɔndərvəisərs	train
onderwysersgids	ɔndərvəisərsχəts	train
onderwyserskollege	ɔndərvəisərskɔlidʒ	train
onderwyserskolleges	ɔndərvəisərskɔlidʒəs	train
onderwysersraad	ɔndərvəisərsrɑːt	train
onderwysersvereniging	ɔndərvəisərsfəriənəχəŋ	train
onderwysinstellings	ɔndərvəisənstɛləŋs	train
onderwyskollege	ɔndərvəiskɔlidʒ	train
onderwyskrisis	ɔndərvəiskrisəs	train
onderwyskundige	ɔndərvəiskœndəχə	train
onderwysowerhede	ɔndərvəisuəvərɦiədə	train
onderwysowerheid	ɔndərvəisuəvərɦəit	train
onderwysposte	ɔndərvəispɔstə	train
onderwyspraktyk	ɔndərvəispraktəik	train
onderwysprofessie	ɔndərvəisprufɛsi	train
onderwysreg	ɔndərvəisrɛχ	train
onderwyssisteem	ɔndərvəissəstiəm	train
onderwysstelsel	ɔndərvəisstɛlsəl	train
onderwysstelselbeleid	ɔndərvəisstɛlsəlbələit	train
onderwysstudente	ɔndərvəisstydɛntə	train
onderwysvoorsiening	ɔndərvəisfuərsinəŋ	test
ondeund	ɔndøːnt	train
ondeunde	ɔndøːndə	train
ondeurdag	ɔndøːrdaχ	train
ondeursigtig	ɔndøːrsəχtəχ	train
ondier	ɔndir	train
ondigterlik	ɔndəχtərlək	train
onding	ɔndəŋ	train
ondoeltreffend	ɔndultrɛfənt	train
ondoeltreffende	ɔndultrɛfəndə	train
ondoeltreffendheid	ɔndultrɛfəntɦəit	test
ondraaglike	ɔndrɑːχləkə	train
ondubbelsinnige	ɔndœbəlsənəχə	train
onduidelik	ɔndœydələk	train
onduidelike	ɔndœydələkə	train
onduidelikhede	ɔndœydələkɦiədə	train
onduidelikheid	ɔndœydələkɦəit	train
onedele	ɔniədələ	train
oneer	ɔniər	train
oneerlik	ɔniərlək	train
oneffektief	ɔnɛfɛktif	train
oneffektiewe	ɔnɛfɛktivə	train
oneindig	ɔnəindəχ	train
oneindige	ɔnəindəχə	train
oneindigheid	ɔnəindəχɦəit	train
onenigheid	ɔniənəχɦəit	train
onerkende	ɔnɛrkɛndə	train
onervare	ɔnɛrfɑːrə	train
onervaring	ɔnɛrfɑːrəŋ	train
oneties	ɔniətis	train
onetiese	ɔniətisə	train
onewe	ɔniəvə	train
oneweredige	ɔniəvəriədəχə	train
onfeilbare	ɔnfəilbɑːrə	train
ongeag	ɔnχəaχ	train
ongebalanseerde	ɔnχəbalansiərdə	test
ongebore	ɔnχəbuərə	test
ongebruikte	ɔnχəbrœyktə	train
ongedaan	ɔnχədɑːn	train
ongedeerd	ɔnχədiərt	train
ongedefinieerd	ɔnχədɛfəniiərt	test
ongedierte	ɔnχədirtə	train
ongeduld	ɔnχədœlt	train
ongeduldig	ɔnχədœldəχ	train
ongeduldige	ɔnχədœldəχə	train
ongedwonge	ɔnχədwɔŋə	train
ongegrond	ɔnχəχrɔnt	train
ongeholpe	ɔnχəɦɔlpə	train
ongehoorde	ɔnχəɦuərdə	train
ongehoorsaamheid	ɔnχəɦuərsɑːmɦəit	test
ongehude	ɔnχəɦydə	train
ongekend	ɔnχəkɛnt	train
ongekende	ɔnχəkɛndə	train
ongekompliseerde	ɔnχəkɔmplisiərdə	train
ongekontroleerde	ɔnχəkɔntruliərdə	train
ongekwalifiseerde	ɔnχəkwalifisiərdə	train
ongeldig	ɔnχɛldəχ	train
ongeldige	ɔnχɛldəχə	test
ongeleerd	ɔnχəliərt	train
ongeletterdes	ɔnχəlɛtərdəs	train
ongelisensieerde	ɔnχələsɛnsiiərdə	train
ongeloof	ɔnχəluəf	train
ongelooflik	ɔnχəluəflək	train
ongelooflike	ɔnχəluəfləkə	test
ongelowige	ɔnχəluəvəχə	train
ongelowiges	ɔnχəluəvəχəs	train
ongeluk	ɔnχəlœk	train
ongelukke	ɔnχəlœkə	test
ongelukkig	ɔnχəlœkəχ	train
ongelukkige	ɔnχəlœkəχə	train
ongelukkigheid	ɔnχəlœkəχɦəit	train
ongelukstoneel	ɔnχəlœkstuniəl	test
ongelyke	ɔnχələikə	train
ongelykhede	ɔnχələikɦiədə	train
ongelykheid	ɔnχələikɦəit	train
ongemagtigde	ɔnχəmaχtəχdə	train
ongemak	ɔnχəmak	train
ongemaklik	ɔnχəmaklək	train
ongemaklike	ɔnχəmakləkə	test
ongemeng	ɔnχəmɛŋ	train
ongemerk	ɔnχəmɛrk	train
ongenaakbare	ɔnχənɑːkbɑːrə	train
ongeneeslike	ɔnχəniəsləkə	test
ongenoteerde	ɔnχənutiərdə	train
ongeoorloofde	ɔnχəuərluəfdə	train
ongepubliseerde	ɔnχəpœblisiərdə	train
ongereelde	ɔnχəriəldə	train
ongereeldheid	ɔnχəriəltɦəit	test
ongeregistreerde	ɔnχərɛχəstriərdə	train
ongeregtighede	ɔnχərɛχtəχɦiədə	train
ongeregtigheid	ɔnχərɛχtəχɦəit	train
ongerepte	ɔnχərɛptə	train
ongerief	ɔnχərif	train
ongerymde	ɔnχərəimdə	train
ongerymdhede	ɔnχərəimtɦiədə	train
ongesellig	ɔnχəsɛləχ	train
ongesiene	ɔnχəsinə	train
ongesiens	ɔnχəsins	train
ongeskeduleerde	ɔnχəskɛdyliərdə	train
ongeskik	ɔnχəskək	train
ongeskiktheidsdekking	ɔnχəskəktɦəitsdɛkəŋ	train
ongeskonde	ɔnχəskɔndə	train
ongeskoolde	ɔnχəskuəldə	train
ongeskrewe	ɔnχəskriəvə	test
ongeslagtelike	ɔnχəslaχtələkə	test
ongeslypte	ɔnχəsləiptə	train
ongesogte	ɔnχəsɔχtə	train
ongesond	ɔnχəsɔnt	train
ongesteld	ɔnχəstɛlt	train
ongesteldhede	ɔnχəstɛltɦiədə	train
ongestoord	ɔnχəstuərt	train
ongetroude	ɔnχətrœudə	train
ongetwyfeld	ɔnχətwəifəlt	train
ongevalle	ɔnχəfalə	train
ongeveer	ɔnχəfiər	test
ongevoelig	ɔnχəfuləχ	test
ongevraag	ɔnχəfrɑːχ	train
ongevraagde	ɔnχəfrɑːχdə	train
ongewapende	ɔnχəvɑːpəndə	train
ongewens	ɔnχəvɛns	train
ongewenste	ɔnχəvɛnstə	train
ongewild	ɔnχəvəlt	train
ongewone	ɔnχəvuənə	train
ongewoon	ɔnχəvuən	test
ongeyk	ɔnχəəik	train
ongeërg	ɔnχəɛrχ	train
ongeëwenaarde	ɔnχəiəvənɑːrdə	train
ongrondwetlik	ɔnχrɔntvɛtlək	test
ongunstige	ɔnχœnstəχə	train
ongure	ɔnχyrə	test
onhandig	ɔnɦandəχ	train
onheil	ɔnɦəil	test
onheilige	ɔnɦəiləχə	train
onheilspellend	ɔnɦəilspɛlənt	train
onheilspellende	ɔnɦəilspɛləndə	train
onherbergsame	ɔnɦɛrbɛrχsɑːmə	train
onherroeplik	ɔnɦɛruplək	test
onherstelbare	ɔnɦɛrstɛlbɑːrə	train
onhoorbaar	ɔnɦuərbɑːr	train
onhoudbare	ɔnɦœutbɑːrə	test
oninbare	ɔnənbɑːrə	train
oningelig	ɔnənχələχ	train
onkant	ɔnkant	train
onkantspel	ɔnkantspɛl	train
onkeerbaar	ɔnkiərbɑːr	train
onklaar	ɔnklɑːr	train
onkoste	ɔnkɔstə	train
onkruid	ɔnkrœyt	train
onkunde	ɔnkœndə	train
onkundige	ɔnkœndəχə	train
onlangs	ɔnlaŋs	test
onlangse	ɔnlaŋsə	train
onleerbare	ɔnliərbɑːrə	train
onlosmaaklik	ɔnlɔsmɑːklək	train
onluste	ɔnlœstə	train
onlustepolisie	ɔnlœstəpulisi	train
onmeetlike	ɔnmiətləkə	train
onmens	ɔnmɛns	train
onmenskundig	ɔnmɛnskœndəχ	train
onmenslik	ɔnmɛnslək	train
onmenslike	ɔnmɛnsləkə	train
onmiddellik	ɔnmədələk	train
onmiddellike	ɔnmədələkə	train
onmin	ɔnmən	train
onmisbare	ɔnməsbɑːrə	train
onmiskenbaar	ɔnməskɛnbɑːr	train
onmiskenbare	ɔnməskɛnbɑːrə	train
onmoontlik	ɔnmuəntlək	train
onmoontlike	ɔnmuəntləkə	train
onmoontlikhede	ɔnmuəntləkɦiədə	test
onnies	ɔnis	train
onnodig	ɔnudəχ	train
onnodige	ɔnuədəχə	train
onnosel	ɔnusəl	train
onomkeerbaar	ɔnɔmkiərbɑːr	train
onomwonde	ɔnɔmvɔndə	train
ononderbroke	ɔnɔndərbruəkə	train
onontbeerlik	ɔnɔntbiərlək	train
onontbeerlike	ɔnɔntbiərləkə	train
onontginde	ɔnɔntχəndə	test
onontwikkelde	ɔnɔntvəkəldə	train
onooglike	ɔnuəχləkə	test
onoorbrugbaar	ɔnuərbrœχbɑːr	test
onoordeelkundige	ɔnuərdiəlkœndəχə	train
onoorganklike	ɔnuərχaŋkləkə	test
onoorwinlik	ɔnuərvənlək	train
onoorwonne	ɔnuərvɔnə	train
onopgeloste	ɔnɔpχəlɔstə	train
onopgesmukte	ɔnɔpχəsmœktə	train
onophoudelik	ɔnɔpɦœudələk	train
onortodokse	ɔnɔrtudɔksə	train
onpartydig	ɔnpartəidəχ	train
onpartydige	ɔnpartəidəχə	train
onpersoonlik	ɔnpərsuənlək	train
onpersoonlike	ɔnpərsuənləkə	train
onprofessionele	ɔnprufɛʃiuniələ	train
onraad	ɔnrɑːt	train
onreaktief	ɔnriaktif	train
onrealisties	ɔnrialəstis	train
onrealistiese	ɔnrialəstisə	train
onredelik	ɔnriədələk	train
onredelike	ɔnriədələkə	train
onreg	ɔnrɛχ	train
onregeerbaar	ɔnrəχiərbɑːr	test
onregmatig	ɔnrɛχmɑːtəχ	train
onregmatige	ɔnrɛχmɑːtəχə	train
onregmatigheid	ɔnrɛχmɑːtəχɦəit	test
onregstreeks	ɔnrɛχstriəks	train
onregstreekse	ɔnrɛχstriəksə	train
onregte	ɔnrɛχtə	train
onregverdig	ɔnrɛχfɛrdəχ	train
onregverdige	ɔnrɛχfɛrdəχə	test
onregverdigheid	ɔnrɛχfɛrdəχɦəit	train
onrein	ɔnrəin	train
onreinheid	ɔnrəinɦəit	train
onridderlik	ɔnrədərlək	train
onroerende	ɔnrurəndə	train
onrus	ɔnrœs	train
onrusbarend	ɔnrœsbɑːrənt	train
onrusbarende	ɔnrœsbɑːrəndə	train
onrusgebied	ɔnrœsχəbit	train
onrustig	ɔnrœstəχ	train
onrustige	ɔnrœstəχə	train
onrustigheid	ɔnrœstəχɦəit	train
ons	ɔns	train
onsamehangend	ɔnsɑːməɦaŋənt	test
onse	ɔnsə	train
onsedelik	ɔnsiədələk	train
onsedelike	ɔnsiədələkə	train
onsedelikheid	ɔnsiədələkɦəit	train
onseker	ɔnsiəkər	train
onsekere	ɔnsiəkərə	train
onsekerhede	ɔnsiəkərɦiədə	train
onsekerheid	ɔnsiəkərɦəit	test
onsensitief	ɔnsɛnsətif	train
onsielkundig	ɔnsilkœndəχ	train
onsigbaar	ɔnsəχbɑːr	train
onsigbare	ɔnsəχbɑːrə	train
onsin	ɔnsən	train
onsinnig	ɔnsənəχ	train
onsinnige	ɔnsənəχə	train
onskadelik	ɔnskɑːdələk	train
onskadelike	ɔnskɑːdələkə	test
onskatbare	ɔnskatbɑːrə	train
onskeibaar	ɔnskəibɑːr	train
onskuld	ɔnskœlt	train
onskuldig	ɔnskœldəχ	train
onskuldige	ɔnskœldəχə	train
onskuldiger	ɔnskœldəχər	train
onskuldiges	ɔnskœldəχəs	train
onskynlik	ɔnskəinlək	train
onsself	ɔnsɛlf	train
onstaan	ɔnstɑːn	train
onstabiele	ɔnstabilə	train
onstabiliteit	ɔnstabilitəit	train
onsterflike	ɔnstɛrfləkə	train
onsterflikes	ɔnstɛrfləkəs	train
onsterflikheid	ɔnstɛrfləkɦəit	train
onstuimig	ɔnstœyməχ	train
onstuimige	ɔnstœyməχə	train
onstuimigheid	ɔnstœyməχɦəit	train
onstuitbaar	ɔnstœytbɑːr	train
onstuitbare	ɔnstœytbɑːrə	train
onsuksesvol	ɔnsœksɛsfɔl	train
ontaard	ɔntɑːrt	train
ontasbare	ɔntasbɑːrə	train
ontbeer	ɔntbiər	train
ontbering	ɔntbiərəŋ	train
ontbied	ɔntbit	train
ontbind	ɔntbənt	train
ontbinde	ɔntbəndə	train
ontbindende	ɔntbəndəndə	train
ontbinding	ɔntbəndəŋ	train
ontbloot	ɔntbluət	test
ontbondeling	ɔntbɔndələŋ	train
ontbossing	ɔntbɔsəŋ	train
ontbreek	ɔntbriək	train
ontbrekende	ɔntbriəkəndə	train
ontbyt	ɔntbəit	train
ontdek	ɔntdɛk	train
ontdekking	ɔntdɛkəŋ	train
ontdekkingsreise	ɔntdɛkəŋsrəisə	train
ontdekkingsreisiger	ɔntdɛkəŋsrəisəχər	train
ontdekkingsreisigers	ɔntdɛkəŋsrəisəχərs	test
ontdeksel	ɔntdɛksəl	train
ontduik	ɔntdœyk	train
onteenseglik	ɔntiənsɛχlək	train
onteien	ɔntəiən	train
onteiening	ɔntəiənəŋ	test
ontevrede	ɔntəfriədə	test
ontevredenes	ɔntəfriədənəs	train
ontevredenheid	ɔntəfriədənɦəit	train
ontferm	ɔntfɛrm	train
ontferming	ɔntfɛrməŋ	train
ontgeld	ɔntχɛlt	train
ontgin	ɔntχən	train
ontginning	ɔntχənəŋ	train
ontglip	ɔntχləp	train
ontgroei	ɔntχrui	train
ontgroening	ɔntχrunəŋ	train
onthaal	ɔntɦɑːl	test
onthale	ɔntɦɑːlə	train
onthalwe	ɔntɦɑːlvə	train
onthef	ɔntɦɛf	train
onthou	ɔntɦœu	train
onthouding	ɔntɦœudəŋ	train
onthul	ɔntɦœl	test
onthullend	ɔntɦœlənt	train
onthulling	ɔntɦœləŋ	train
onthullings	ɔntɦœləŋs	train
ontken	ɔntkɛn	train
ontkenning	ɔntkɛnəŋ	train
ontketen	ɔntkiətən	train
ontkiem	ɔntkim	train
ontknoop	ɔntknuəp	train
ontknoping	ɔntknuəpəŋ	train
ontkom	ɔntkɔm	train
ontkoppel	ɔntkɔpəl	train
ontlading	ɔntlɑːdəŋ	train
ontlas	ɔntlas	train
ontlasting	ɔntlastəŋ	train
ontleder	ɔntliədər	train
ontleders	ɔntliədərs	test
ontleding	ɔntliədəŋ	train
ontledings	ɔntliədəŋs	train
ontleed	ɔntliət	train
ontleen	ɔntliən	train
ontliggaamde	ɔntləχɑːmdə	train
ontlok	ɔntlɔk	train
ontlont	ɔntlɔnt	train
ontluik	ɔntlœyk	train
ontluikende	ɔntlœykəndə	test
ontmasker	ɔntmaskər	train
ontmoedig	ɔntmudəχ	train
ontmoet	ɔntmut	train
ontmoeting	ɔntmutəŋ	train
ontmoetings	ɔntmutəŋs	test
ontneem	ɔntniəm	train
ontnugter	ɔntnœχtər	train
ontnugterde	ɔntnœχtərdə	train
ontnugtering	ɔntnœχtərəŋ	test
ontologie	ɔntuluχi	train
ontpit	ɔntpət	train
ontplof	ɔntplɔf	train
ontploffing	ɔntplɔfəŋ	test
ontploffings	ɔntplɔfəŋs	train
ontroerende	ɔntrurəndə	train
ontroosbaarste	ɔntruəsbɑːrstə	train
ontrou	ɔntrœu	train
ontrouheid	ɔntrœuɦəit	train
ontruim	ɔntrœym	test
ontruiming	ɔntrœyməŋ	train
ontsag	ɔntsaχ	train
ontsaglik	ɔntsaχlək	train
ontsaglike	ɔntsaχləkə	train
ontsenu	ɔntsiəny	train
ontset	ɔntsɛt	train
ontsetel	ɔntsiətəl	train
ontsettend	ɔntsɛtənt	train
ontsien	ɔntsin	train
ontsier	ɔntsir	train
ontslaan	ɔntslɑːn	train
ontslae	ɔntslɑːə	train
ontslag	ɔntslaχ	train
ontsluit	ɔntslœyt	train
ontsluiting	ɔntslœytəŋ	train
ontsnap	ɔntsnap	train
ontsnapping	ɔntsnapəŋ	train
ontsnapte	ɔntsnaptə	train
ontsnaptes	ɔntsnaptəs	test
ontspan	ɔntspan	train
ontspanne	ɔntspanə	train
ontspanning	ɔntspanəŋ	train
ontspannings	ɔntspanəŋs	train
ontspanningsgeriewe	ɔntspanəŋsχərivə	test
ontspanningsoord	ɔntspanəŋsuərt	train
ontspoor	ɔntspuər	train
ontspring	ɔntsprəŋ	train
ontstaan	ɔntstɑːn	train
ontstaansgeskiedenis	ɔntstɑːnsχəskidənəs	train
ontsteek	ɔntstiək	train
ontsteking	ɔntstiəkəŋ	train
ontstel	ɔntstɛl	train
ontsteld	ɔntstɛlt	train
ontstelde	ɔntstɛldə	train
ontstellend	ɔntstɛlənt	train
ontstellende	ɔntstɛləndə	train
ontsteltenis	ɔntstɛltənəs	train
ontstoke	ɔntstuəkə	train
ontsyfer	ɔntsəifər	train
onttrek	ɔntrɛk	train
onttrekking	ɔntrɛkəŋ	train
onttrekkings	ɔntrɛkəŋs	train
onttroon	ɔntruən	train
ontvang	ɔntfaŋ	train
ontvanger	ɔntfaŋər	train
ontvangers	ɔntfaŋərs	train
ontvangkant	ɔntfaŋkant	test
ontvangs	ɔntfaŋs	train
ontvangsdame	ɔntfaŋsdɑːmə	train
ontvangste	ɔntfaŋstə	train
ontvangstes	ɔntfaŋstəs	train
ontvanklik	ɔntfaŋklək	train
ontvlambaar	ɔntflambɑːr	train
ontvlug	ɔntflœχ	train
ontvlugting	ɔntflœχtəŋ	train
ontvoer	ɔntfur	train
ontvoerde	ɔntfurdə	train
ontvoerder	ɔntfurdər	train
ontvoerders	ɔntfurdərs	train
ontvoering	ɔntfurəŋ	train
ontvou	ɔntfœu	train
ontvouing	ɔntfœuəŋ	train
ontwaak	ɔntvɑːk	train
ontwaking	ɔntvɑːkəŋ	train
ontwapen	ɔntvɑːpən	train
ontwapening	ɔntvɑːpənəŋ	train
ontwatering	ɔntvɑːtərəŋ	test
ontwerp	ɔntvɛrp	train
ontwerpbeginsels	ɔntvɛrpbəχənsəls	train
ontwerpe	ɔntvɛrpə	train
ontwerper	ɔntvɛrpər	train
ontwerpers	ɔntvɛrpərs	train
ontwerpproduk	ɔntvɛrpprudœk	train
ontwerpproses	ɔntvɛrpprusɛs	train
ontwerpte	ɔntvɛrptə	train
ontwikkel	ɔntvəkəl	train
ontwikkelaar	ɔntvəkəlɑːr	test
ontwikkelaars	ɔntvəkəlɑːrs	train
ontwikkelde	ɔntvəkəldə	train
ontwikkelende	ɔntvəkələndə	train
ontwikkeling	ɔntvəkələŋ	train
ontwikkelinge	ɔntvəkələŋə	train
ontwikkelings	ɔntvəkələŋs	train
ontwikkelingsagentskap	ɔntvəkələŋsaχɛntskap	train
ontwikkelingsbank	ɔntvəkələŋsbaŋk	train
ontwikkelingsbeplanning	ɔntvəkələŋsbəplanəŋ	train
ontwikkelingsfase	ɔntvəkələŋsfɑːsə	train
ontwikkelingsfases	ɔntvəkələŋsfɑːsəs	train
ontwikkelingsfonds	ɔntvəkələŋsfɔnts	train
ontwikkelingsgang	ɔntvəkələŋsχaŋ	train
ontwikkelingsgeskiedenis	ɔntvəkələŋsχəskidənəs	test
ontwikkelingshulp	ɔntvəkələŋsɦœlp	train
ontwikkelingskapitaal	ɔntvəkələŋskapitɑːl	train
ontwikkelingskommunikasie	ɔntvəkələŋskɔmynikɑːsi	train
ontwikkelingskorporasie	ɔntvəkələŋskɔrpɔrɑːsi	test
ontwikkelingskoste	ɔntvəkələŋskɔstə	train
ontwikkelingspan	ɔntvəkələŋspan	train
ontwikkelingsplan	ɔntvəkələŋsplan	train
ontwikkelingsprogram	ɔntvəkələŋspruχram	train
ontwikkelingsprogramme	ɔntvəkələŋspruχramə	train
ontwikkelingsprojek	ɔntvəkələŋsprujɛk	train
ontwikkelingsprojekte	ɔntvəkələŋsprujɛktə	train
ontwikkelingsproses	ɔntvəkələŋsprusɛs	train
ontwikkelingstrategie	ɔntvəkələŋstratəχi	train
ontwikkelingstrategieë	ɔntvəkələŋstratəχiə	train
ontwikkelingstrust	ɔntvəkələŋstrœst	train
ontwikkelingsvlak	ɔntvəkələŋsflak	train
ontwikkelinkies	ɔntvəkələŋkis	train
ontwil	ɔntvəl	train
ontwrig	ɔntvrəχ	train
ontwrigte	ɔntvrəχtə	test
ontwrigting	ɔntvrəχtəŋ	train
ontwrigtings	ɔntvrəχtəŋs	train
ontwyk	ɔntvəik	train
ontwykend	ɔntvəikənt	train
ontwykende	ɔntvəikəndə	test
ontydig	ɔntəidəχ	train
ontydige	ɔntəidəχə	test
onuitwisbare	ɔnœytvəsbɑːrə	train
onus	uənœs	train
onvanpas	ɔnfanpas	train
onveilig	ɔnfəiləχ	train
onveranderd	ɔnfərandərt	train
onveranderde	ɔnfərandərdə	train
onveranderlik	ɔnfərandərlək	test
onveranderlike	ɔnfərandərləkə	train
onveranderlikheid	ɔnfərandərləkɦəit	train
onverantwoordelik	ɔnfərantvuərdələk	train
onverantwoordelike	ɔnfərantvuərdələkə	train
onverbiddelik	ɔnfərbədələk	train
onverbiddelike	ɔnfərbədələkə	train
onverdedigbaar	ɔnfərdiədəχbɑːr	train
onverdiend	ɔnfərdint	train
onverdraagsaamheid	ɔnfərdrɑːχsɑːmɦəit	train
onverganklike	ɔnfərχaŋkləkə	train
onvergeetlik	ɔnfərχiətlək	train
onvergeetlike	ɔnfərχiətləkə	train
onvergeetlikste	ɔnfərχiətləkstə	train
onvergetelike	ɔnfərχiətələkə	train
onverklaarbaar	ɔnfərklɑːrbɑːr	train
onverklaarbare	ɔnfərklɑːrbɑːrə	train
onverkwiklike	ɔnfərkwəkləkə	test
onvermoë	ɔnfərmuə	train
onvermydelik	ɔnfərməidələk	train
onvermydelike	ɔnfərməidələkə	test
onverpoos	ɔnfərpuəs	train
onversetlike	ɔnfərsɛtləkə	train
onverskillig	ɔnfərskələχ	train
onverskillige	ɔnfərskələχə	test
onverskilligheid	ɔnfərskələχɦəit	train
onverskoonbaar	ɔnfərskuənbɑːr	train
onverskrokke	ɔnfərskrɔkə	train
onversoenbaar	ɔnfərsunbɑːr	train
onversorg	ɔnfərsɔrχ	train
onverstaanbaar	ɔnfərstɑːnbɑːr	train
onverstaanbare	ɔnfərstɑːnbɑːrə	train
onverstoord	ɔnfərstuərt	train
onverwags	ɔnfərvaχs	train
onverwagse	ɔnfərvaχsə	train
onverwagte	ɔnfərvaχtə	train
onverwante	ɔnfərvantə	train
onverwyld	ɔnfərvəilt	train
onvoldoende	ɔnfɔldundə	train
onvolledig	ɔnfɔliədəχ	train
onvolledige	ɔnfɔliədəχə	train
onvolmaak	ɔnfɔlmɑːk	train
onvolmaakte	ɔnfɔlmɑːktə	train
onvolwasse	ɔnfɔlvasə	test
onvoorbereid	ɔnfuərbərəit	train
onvoorsiene	ɔnfuərsinə	train
onvoorsiens	ɔnfuərsins	train
onvoorspelbaar	ɔnfuərspɛlbɑːr	train
onvoorspelbaarheid	ɔnfuərspɛlbɑːrɦəit	train
onvoorspelbare	ɔnfuərspɛlbɑːrə	train
onvoorwaardelik	ɔnfuərvɑːrdələk	train
onvoorwaardelike	ɔnfuərvɑːrdələkə	test
onvriendelik	ɔnfrindələk	test
onvrugbaarheid	ɔnfrœχbɑːrɦəit	train
onvrugbare	ɔnfrœχbɑːrə	train
onwaar	ɔnvɑːr	train
onwaardeerbare	ɔnvɑːrdiərbɑːrə	train
onwaarhede	ɔnvɑːrɦiədə	test
onwaarskynlik	ɔnvɑːrskəinlək	train
onwaarskynlike	ɔnvɑːrskəinləkə	test
onweer	ɔnviər	train
onweerstaanbaar	ɔnviərstɑːnbɑːr	train
onweerstaanbare	ɔnviərstɑːnbɑːrə	train
onwelkom	ɔnvɛlkɔm	train
onwelkome	ɔnvɛlkuəmə	train
onwelvoeglike	ɔnvɛlfuχləkə	train
onwenslik	ɔnvɛnslək	train
onwerklik	ɔnvɛrklək	train
onwettig	ɔnvɛtəχ	train
onwettige	ɔnvɛtəχə	train
onwillekeurig	ɔnvələkøːrəχ	test
onwillig	ɔnvələχ	train
onwillige	ɔnvələχə	train
onwilligheid	ɔnvələχɦəit	train
onwrikbaar	ɔnvrəkbɑːr	train
onwys	ɔnvəis	train
oog	uəχ	train
ooggetuie	uəχχətœyə	train
ooggetuies	uəχχətœyəs	train
oogklappe	uəχklapə	test
ooglede	uəχliədə	train
ooglopend	uəχlupənt	train
ooglopende	uəχluəpəndə	test
oogmerk	uəχmɛrk	train
oogmerke	uəχmɛrkə	train
oogmerkies	uəχmɛrkis	train
oogopslag	uəχɔpslaχ	train
oogpunt	uəχpœnt	test
oogsenuwee	uəχsiənyviə	train
oogstreep	uəχstriəp	train
ook	uək	train
ookal	uəkal	train
oom	uəm	train
oomblik	uəmblək	test
oomblikke	uəmbləkə	train
oomblikkie	uəmbləki	test
oombliklik	uəmbləklək	train
oompie	uəmpi	train
ooms	uəms	train
oond	uənt	train
oonde	uəndə	train
oop	uəp	train
oopbek	uəpbɛk	train
oopbreek	uəpbriək	train
oopdraai	uəpdrɑːi	train
oopgaan	uəpχɑːn	train
oopgebreek	uəpχəbriək	train
oopgegaan	uəpχəχɑːn	train
oopgehou	uəpχəɦœu	train
oopgekrap	uəpχəkrap	train
oopgelaat	uəpχəlɑːt	train
oopgelos	uəpχəlɔs	train
oopgemaak	uəpχəmɑːk	train
oopgeruk	uəpχərœk	train
oopgesluit	uəpχəslœyt	train
oopgesny	uəpχəsnəi	train
oopgestel	uəpχəstɛl	train
oopgevlek	uəpχəflɛk	train
oopgroef	uəpχruf	train
oopgroefmynbou	uəpχrufməinbœu	train
oopheid	uəpɦəit	train
oophou	uəpɦœu	train
oopmaak	uəpmɑːk	train
oopmond	uəpmɔnt	train
oopplan	uəpplan	train
oopplankombuis	uəpplankɔmbœys	train
oopsluit	uəpslœyt	train
oopspeel	uəpspiəl	train
oopstel	uəpstɛl	train
oopstelling	uəpstɛləŋ	train
oopstoot	uəpstuət	train
oopte	uəptə	test
ooptyd	uəptəit	train
oopvlek	uəpflɛk	train
oor	uər	train
ooraanbod	uərɑːnbɔt	train
oorbekend	uərbəkɛnt	train
oorbeklemtoning	uərbəklɛmtunəŋ	train
oorbeklemtoon	uərbəklɛmtuən	test
oorbetaal	uərbətɑːl	train
oorbeweiding	uərbəvəidəŋ	train
oorbietjies	uərbikis	test
oorbluf	uərblœf	train
oorbly	uərbləi	train
oorblyfsel	uərbləifsəl	train
oorblyfsels	uərbləifsəls	train
oorblywende	uərbləivəndə	train
oorbodig	uərbudəχ	train
oorbodiglik	uərbudəχlək	train
oorboeking	uərbukəŋ	train
oorboord	uərbuərt	train
oorbrug	uərbrœχ	train
oorbruggingsfinansiering	uərbrœχəŋsfinansirəŋ	train
oord	uərt	test
oordaad	uərdɑːt	train
oordadig	uərdɑːdəχ	test
oorde	uərdə	train
oordeel	uərdiəl	train
oordeelkundig	uərdiəlkœndəχ	train
oordeelsdag	uərdiəlsdaχ	train
oordeelsfout	uərdiəlsfœut	test
oordeelsvermoë	uərdiəlsfərmuə	test
oordele	uərdiələ	train
oordink	uərdəŋk	train
oordoen	uərdun	train
oordosis	uərduəsəs	train
oordra	uərdrɑː	test
oordraagbaar	uərdrɑːχbɑːr	train
oordrag	uərdraχ	test
oordragprys	uərdraχprəis	train
oordragstowwe	uərdraχstɔvə	train
oordragte	uərdraχtə	train
oordrewe	uərdriəvə	train
oordromme	uərdrɔmə	train
oordryf	uərdrəif	train
ooreen	uəriən	train
ooreengekom	uəriənχəkɔm	train
ooreengestem	uəriənχəstɛm	train
ooreenkom	uəriənkɔm	train
ooreenkoms	uəriənkɔms	train
ooreenkomste	uəriənkɔmstə	train
ooreenkomstig	uəriənkɔmstəχ	train
ooreenstem	uəriənstɛm	train
ooreenstemmende	uəriənstɛməndə	train
ooreenstemming	uəriənstɛməŋ	train
ooreis	uərəis	test
oorerflik	uərɛrflək	train
oorerflike	uərɛrfləkə	train
oorerwing	uərɛrvəŋ	train
oorfone	uərfunə	train
oorgaan	uərχɑːn	train
oorgaande	uərχɑːndə	train
oorgang	uərχaŋ	train
oorgange	uərχaŋə	train
oorgangsfase	uərχaŋsfɑːsə	train
oorgangsgrondwet	uərχaŋsχrɔntvɛt	train
oorgangsheffing	uərχaŋsɦɛfəŋ	train
oorgangsproses	uərχaŋsprusɛs	train
oorgangsraad	uərχaŋsrɑːt	test
oorgangsrade	uərχaŋsrɑːdə	train
oorgangsregering	uərχaŋsrəχiərəŋ	train
oorgangstydperk	uərχaŋstəitpɛrk	train
oorgangswet	uərχaŋsvɛt	train
oorgawe	uərχɑːvə	train
oorgebly	uərχəbləi	train
oorgedra	uərχədrɑː	train
oorgee	uərχiə	train
oorgegaan	uərχəχɑːn	train
oorgegee	uərχəχiə	train
oorgegewenheid	uərχəχiəvənɦəit	test
oorgehaal	uərχəɦɑːl	train
oorgehad	uərχəɦɑːt	train
oorgeklank	uərχəklaŋk	test
oorgeklankte	uərχəklaŋktə	test
oorgekom	uərχəkɔm	train
oorgelaat	uərχəlɑːt	train
oorgelewer	uərχəliəvər	train
oorgeloop	uərχəluəp	train
oorgeneem	uərχəniəm	train
oorgenoeg	uərχənuχ	train
oorgeplaas	uərχəplɑːs	train
oorgeplant	uərχəplant	train
oorgerus	uərχərœs	train
oorgeskakel	uərχəskɑːkəl	train
oorgeskop	uərχəskɔp	train
oorgeslaan	uərχəslɑːn	train
oorgespoel	uərχəspul	train
oorgesteek	uərχəstiək	train
oorgetrek	uərχətrɛk	test
oorgevoelig	uərχəfuləχ	train
oorgewaai	uərχəvɑːi	train
oorgewig	uərχəvəχ	train
oorgrenspark	uərχrɛnspark	train
oorgrote	uərχruətə	test
oorhaal	uərɦɑːl	train
oorhaastig	uərɦɑːstəχ	train
oorhaastige	uərɦɑːstəχə	train
oorhaastigheid	uərɦɑːstəχɦəit	train
oorhand	uərɦant	train
oorhandig	uərɦandəχ	train
oorhandiging	uərɦandəχəŋ	train
oorheers	uərɦiərs	train
oorheersend	uərɦiərsənt	train
oorheersende	uərɦiərsəndə	train
oorheersing	uərɦiərsəŋ	train
oorhoofse	uərɦuəfsə	train
oorhoops	uərɦuəps	train
oorhou	uərɦœu	train
oorkant	uərkant	test
oorkantse	uərkantsə	train
oorklanking	uərklaŋkəŋ	test
oorkoepelende	uərkupələndə	test
oorkom	uərkɔm	train
oorkonde	uərkɔndə	train
oorlaai	uərlɑːi	test
oorlaaide	uərlɑːidə	train
oorlaat	uərlɑːt	train
oorlas	uərlas	train
oorlede	uərliədə	train
oorledene	uərliədənə	train
oorledenes	uərliədənəs	train
oorleef	uərliəf	train
oorleg	uərlɛχ	train
oorlewende	uərliəvəndə	train
oorlewendes	uərliəvəndəs	train
oorlewering	uərliəvərəŋ	train
oorlewing	uərliəvəŋ	test
oorlog	uərlɔχ	test
oorlogskepe	uərlɔχskiəpə	train
oorlogskip	uərlɔχskəp	train
oorlogsmisdade	uərlɔχsməsdɑːdə	train
oorlogspad	uərlɔχspat	test
oorlogstuie	uərlɔχstœyə	train
oorlogstuig	uərlɔχstœyχ	train
oorlogsverklaring	uərlɔχsfərklɑːrəŋ	train
oorlogvoering	uərlɔχfurəŋ	train
oorloop	uərluəp	train
oorlosie	uərluəsi	test
oorloë	uərluə	train
oormaat	uərmɑːt	train
oormatig	uərmɑːtəχ	train
oormatige	uərmɑːtəχə	train
oormeester	uərmiəstər	train
oormekaar	uərməkɑːr	train
oormôre	uərmɔrə	train
oornag	uərnaχ	train
oorname	uərnɑːmə	test
oornames	uərnɑːməs	train
oorneem	uərniəm	test
oorpak	uərpak	train
oorplaas	uərplɑːs	train
oorplanting	uərplantəŋ	train
oorplantings	uərplantəŋs	train
oorplasing	uərplɑːsəŋ	train
oorplasings	uərplɑːsəŋs	train
oorproduksie	uərprudœksi	train
oorreageer	uəriaχiər	train
oorreaksie	uəriaksi	test
oorredende	uəriədəndə	train
oorreding	uəriədəŋ	train
oorreed	uəriət	train
oorrompel	uərɔmpəl	test
oorsaak	uərsɑːk	train
oorsaaklikheid	uərsɑːkləkɦəit	train
oorsake	uərsɑːkə	test
oorsee	uərsiə	test
oorsese	uərsiəsə	train
oorsig	uərsəχ	train
oorsigtelik	uərsəχtələk	test
oorsigtelike	uərsəχtələkə	train
oorskadu	uərskɑːdy	train
oorskakel	uərskɑːkəl	train
oorskakeling	uərskɑːkələŋ	train
oorskiet	uərskit	test
oorskop	uərskɔp	train
oorskot	uərskɔt	train
oorskotte	uərskɔtə	train
oorskrei	uərskrəi	train
oorskry	uərskrəi	test
oorskryf	uərskrəif	train
oorslaan	uərslɑːn	train
oorspoel	uərspul	train
oorsprong	uərsprɔŋ	train
oorspronklik	uərsprɔŋklək	train
oorspronklike	uərsprɔŋkləkə	train
oorspronklikheid	uərsprɔŋkləkɦəit	train
oorstaan	uərstɑːn	train
oorstap	uərstap	train
oorsteek	uərstiək	train
oorstelp	uərstɛlp	train
oorstelpende	uərstɛlpəndə	train
oorstroming	uərstruəməŋ	train
oorstromings	uərstruəməŋs	train
oorstroom	uərstruəm	train
oortollig	uərtɔləχ	train
oortollige	uərtɔləχə	train
oortreder	uərtriədər	train
oortreders	uərtriədərs	train
oortreding	uərtriədəŋ	train
oortredings	uərtriədəŋs	train
oortree	uərtriə	train
oortref	uərtrɛf	train
oortreffende	uərtrɛfəndə	train
oortrokke	uərtrɔkə	train
oortuig	uərtœyχ	train
oortuigend	uərtœyχənt	train
oortuigende	uərtœyχəndə	test
oortuiging	uərtœyχəŋ	train
oortuiginge	uərtœyχəŋə	train
oortuigings	uərtœyχəŋs	train
oortuigingsvastheid	uərtœyχəŋsfastɦəit	train
oortyd	uərtəit	train
oorval	uərfal	test
oorverdowende	uərfərduəvəndə	train
oorverhit	uərfərɦət	train
oorverhitting	uərfərɦətəŋ	test
oorvertel	uərfərtɛl	train
oorvleuel	uərfløːəl	train
oorvleueling	uərfløːələŋ	train
oorvloed	uərflut	train
oorvloedig	uərfludəχ	train
oorvloedige	uərfludəχə	train
oorvloediglik	uərfludəχlək	train
oorvol	uərfɔl	test
oorvolskryf	uərfɔlskrəif	train
oorweeg	uərviəχ	test
oorwegend	uərviəχənt	train
oorwegende	uərviəχəndə	train
oorweging	uərviəχəŋ	train
oorwegings	uərviəχəŋs	train
oorweldig	uərvɛldəχ	test
oorweldigend	uərvɛldəχənt	train
oorweldigende	uərvɛldəχəndə	train
oorweldiger	uərvɛldəχər	train
oorwig	uərvəχ	train
oorwin	uərvən	train
oorwinnaar	uərvənɑːr	train
oorwinnende	uərvənəndə	train
oorwinning	uərvənəŋ	train
oorwinnings	uərvənəŋs	train
oorwonnene	uərvɔnənə	train
oorwoë	uərvuə	train
oos	uəs	test
ooste	uəstə	train
oostekant	uəstəkant	train
oostelike	uəstələkə	train
oostelikste	uəstələkstə	train
oosterse	uəstərsə	test
oosthuysen	uəstɦœyzən	train
ooswaarts	uəsvɑːrts	test
ootmoed	uətmut	train
op	ɔp	train
opbel	ɔpbɛl	train
opblaas	ɔpblɑːs	train
opbloei	ɔpblui	train
opbou	ɔpbœu	train
opbouend	ɔpbœuənt	train
opbouende	ɔpbœuəndə	test
opbouing	ɔpbœuəŋ	train
opbreek	ɔpbriək	train
opbrengs	ɔpbrɛŋs	test
opbrengskoers	ɔpbrɛŋskurs	test
opbrengskoerse	ɔpbrɛŋskursə	train
opbrengste	ɔpbrɛŋstə	test
opdaag	ɔpdɑːχ	train
opdat	ɔpdat	train
opdatering	ɔpdatiərəŋ	train
opdis	ɔpdəs	train
opdoen	ɔpdun	train
opdok	ɔpdɔk	train
opdraand	ɔpdrɑːnt	train
opdraande	ɔpdrɑːndə	train
opdraend	ɔpdrɑːənt	train
opdrag	ɔpdraχ	test
opdraggewer	ɔpdraχiəvər	test
opdragte	ɔpdraχtə	train
opdreun	ɔpdrøːn	train
opdroog	ɔpdruəχ	train
opduik	ɔpdœyk	train
opdwing	ɔpdwəŋ	train
ope	uəpə	train
opeenhoping	ɔpiənɦuəpəŋ	train
opeens	ɔpiəns	test
opeenvolgend	ɔpiənfɔlχənt	train
opeenvolgende	ɔpiənfɔlχəndə	train
opeenvolging	ɔpiənfɔlχəŋ	train
opeis	ɔpəis	train
opelegging	uəpəlɛχəŋ	train
open	uəpən	train
openbaar	uəpənbɑːr	test
openbaarmaking	uəpənbɑːrmɑːkəŋ	train
openbare	uəpənbɑːrə	train
openbaring	uəpənbɑːrəŋ	train
openbaringsgeskiedenis	uəpənbɑːrəŋsχəskidənəs	train
openbaringshistoriese	uəpənbɑːrəŋsɦistuərisə	train
openhartig	uəpənɦartəχ	train
openhartigheid	upənɦartəχɦəit	train
openheid	uəpənɦəit	train
opening	uəpənəŋ	train
openinge	uəpənəŋə	train
openingsaand	uəpənəŋsɑːnt	train
openingseremonie	uəpənəŋsɛrəmuəni	train
openingsrede	uəpənəŋsriədə	train
openingstoespraak	uəpənəŋstusprɑːk	train
openingswedstryd	uəpənəŋsvɛtstrəit	train
openlik	uəpənlək	test
openlike	uəpənləkə	test
oper	uəpər	train
opera	uəpəra	train
operahuis	uəpəraɦœys	train
operandi	uəpərandi	train
operas	uəpəras	train
operasanger	uəpərasaŋər	train
operasangers	uəpərasaŋərs	train
operasie	uəpərɑːsi	test
operasies	uəpərɑːsis	train
operasioneel	uəpəraʃiuniəl	train
operasionele	uəpəraʃiuniələ	train
operaskool	uəpəraskuəl	train
operateur	upəratøːr	train
operateurs	uəpəratøːrs	train
opereer	uəpəriər	train
opewerk	uəpəvɛrk	train
opflikkering	ɔpfləkərəŋ	train
opgaan	ɔpχɑːn	train
opgaar	ɔpχɑːr	test
opgang	ɔpχaŋ	train
opgawe	ɔpχɑːvə	train
opgebel	ɔpχəbɛl	train
opgebeur	ɔpχəbøːr	test
opgeblaas	ɔpχəblɑːs	train
opgebou	ɔpχəbœu	train
opgebreek	ɔpχəbriək	train
opgebruik	ɔpχəbrœyk	train
opgebruis	ɔpχəbrœys	train
opgedaag	ɔpχədɑːχ	train
opgedam	ɔpχədam	train
opgedeel	ɔpχədiəl	test
opgediep	ɔpχədip	train
opgedis	ɔpχədəs	train
opgedoen	ɔpχədun	train
opgedok	ɔpχədɔk	train
opgedra	ɔpχədrɑː	train
opgedreun	ɔpχədrøːn	train
opgedring	ɔpχədrəŋ	train
opgedroog	ɔpχədruəχ	train
opgedruk	ɔpχədrœk	train
opgeduik	ɔpχədœyk	train
opgedwing	ɔpχədwəŋ	train
opgee	ɔpχiə	train
opgegaan	ɔpχəχɑːn	train
opgegaar	ɔpχəχɑːr	train
opgegee	ɔpχəχiə	train
opgegradeer	ɔpχəχradiər	train
opgegrawe	ɔpχəχrɑːvə	train
opgehaal	ɔpχəɦɑːl	train
opgehang	ɔpχəɦaŋ	train
opgehef	ɔpχəɦɛf	test
opgehewe	ɔpχəɦiəvə	train
opgehoop	ɔpχəɦuəp	train
opgehoopte	ɔpχəɦuəptə	train
opgehou	ɔpχəɦœu	train
opgejaag	ɔpχəjɑːχ	train
opgekeil	ɔpχəkəil	train
opgekikker	ɔpχəkəkər	train
opgekikkerde	ɔpχəkəkərdə	train
opgeklaar	ɔpχəklɑːr	train
opgeklim	ɔpχəkləm	train
opgeknap	ɔpχəknap	train
opgeknapte	ɔpχəknaptə	train
opgekom	ɔpχəkɔm	train
opgekrul	ɔpχəkrœl	train
opgekyk	ɔpχəkəik	train
opgelaai	ɔpχəlɑːi	train
opgelei	ɔpχələi	train
opgeleide	ɔpχələidə	train
opgelet	ɔpχəlɛt	train
opgelewer	ɔpχəliəvər	train
opgelig	ɔpχələχ	train
opgeloopte	ɔpχəluəptə	train
opgelos	ɔpχəlɔs	train
opgeloste	ɔpχəlɔstə	train
opgemaak	ɔpχəmɑːk	train
opgemerk	ɔpχəmɛrk	train
opgeneem	ɔpχəniəm	train
opgenome	ɔpχənuəmə	train
opgenomenheid	ɔpχənumənɦəit	train
opgeoffer	ɔpχəɔfər	train
opgepas	ɔpχəpas	train
opgepik	ɔpχəpək	train
opgeplak	ɔpχəplak	train
opgeraap	ɔpχərɑːp	train
opgerank	ɔpχəraŋk	train
opgerig	ɔpχərəχ	train
opgeroep	ɔpχərup	train
opgerol	ɔpχərɔl	train
opgerolde	ɔpχərɔldə	train
opgeruim	ɔpχərœym	train
opgeruk	ɔpχərœk	train
opgesaal	ɔpχəsɑːl	train
opgesit	ɔpχəsət	train
opgeskeep	ɔpχəskiəp	test
opgeskerp	ɔpχəskɛrp	train
opgeskiet	ɔpχəskit	train
opgeskop	ɔpχəskɔp	train
opgeskort	ɔpχəskɔrt	train
opgeskorte	ɔpχəskɔrtə	train
opgeskuif	ɔpχəskœyf	train
opgeslaan	ɔpχəslɑːn	train
opgeslote	ɔpχəsluətə	train
opgesluit	ɔpχəslœyt	train
opgesoek	ɔpχəsuk	test
opgesom	ɔpχəsɔm	train
opgesomde	ɔpχəsɔmdə	train
opgespoor	ɔpχəspuər	train
opgespring	ɔpχəsprəŋ	train
opgestaan	ɔpχəstɑːn	train
opgestapel	ɔpχəstɑːpəl	train
opgesteek	ɔpχəstiək	train
opgestel	ɔpχəstɛl	train
opgestoot	ɔpχəstuət	train
opgestopte	ɔpχəstɔptə	test
opgestyg	ɔpχəstəiχ	train
opgesweep	ɔpχəswiəp	train
opgeswel	ɔpχəswɛl	train
opgeteken	ɔpχətiəkən	train
opgetel	ɔpχətɛl	train
opgetree	ɔpχətriə	test
opgetrek	ɔpχətrɛk	train
opgeval	ɔpχəfal	train
opgeveil	ɔpχəfəil	train
opgevlam	ɔpχəflam	train
opgevoed	ɔpχəfut	train
opgevoer	ɔpχəfur	train
opgevolg	ɔpχəfɔlχ	train
opgewasse	ɔpχəvasə	test
opgeweeg	ɔpχəviəχ	train
opgewek	ɔpχəvɛk	train
opgewekte	ɔpχəvɛktə	train
opgewerk	ɔpχəvɛrk	test
opgewonde	ɔpχəvɔndə	train
opgewondenheid	ɔpχəvɔndənɦəit	train
opgeëis	ɔpχəəis	train
opgradering	ɔpχradiərəŋ	train
opgraderings	ɔpχradiərəŋs	train
opgrawings	ɔpχrɑːvəŋs	test
ophande	ɔpɦandə	train
ophef	ɔpɦɛf	train
opheffend	ɔpɦɛfənt	train
opheffing	ɔpɦɛfəŋ	train
opheffingswerk	ɔpɦɛfəŋsvɛrk	train
ophou	ɔpɦœu	train
opinie	upini	train
opinies	upinis	train
opium	uəpiœm	train
opjaag	ɔpjɑːχ	test
opkikkers	ɔpkəkərs	train
opkikkertoetse	ɔpkəkərtutsə	train
opklaar	ɔpklɑːr	train
opklim	ɔpkləm	test
opknap	ɔpknap	train
opknapping	ɔpknapəŋ	train
opkom	ɔpkɔm	train
opkomende	ɔpkuəməndə	train
opkoms	ɔpkɔms	train
opkyk	ɔpkəik	train
oplaai	ɔplɑːi	train
oplaas	ɔplɑːs	train
oplegging	ɔplɛχəŋ	train
oplei	ɔpləi	train
opleiding	ɔpləidəŋ	train
opleidings	ɔpləidəŋs	train
opleidingsentrum	ɔpləidəŋsɛntrœm	train
opleidingsgeriewe	ɔpləidəŋsχərivə	train
opleidingskollege	ɔpləidəŋskɔlidʒ	train
opleidingskursus	ɔpləidəŋskœrsœs	train
opleidingskursusse	ɔpləidəŋskœrsœsə	train
opleidingsprogram	ɔpləidəŋspruχram	test
opleidingsprogramme	ɔpləidəŋspruχramə	train
opleidingsraad	ɔpləidəŋsrɑːt	train
oplet	ɔplɛt	train
oplewer	ɔpliəvər	train
oplewing	ɔpliəvəŋ	train
oplig	ɔpləχ	train
oploop	ɔpluəp	train
oplos	ɔplɔs	train
oplosbaar	ɔplɔsbɑːr	train
oplosbare	ɔplɔsbɑːrə	train
oplosmiddels	ɔplɔsmədəls	train
oplossend	ɔplɔsənt	train
oplossing	ɔplɔsəŋ	train
oplossings	ɔplɔsəŋs	train
oplui	ɔplœy	train
opmaak	ɔpmɑːk	train
opmars	ɔpmars	train
opmekaar	ɔpməkɑːr	train
opmerk	ɔpmɛrk	train
opmerking	ɔpmɛrkəŋ	train
opmerkings	ɔpmɛrkəŋs	train
opmerklik	ɔpmɛrklək	test
opname	ɔpnɑːmə	train
opnames	ɔpnɑːməs	test
opneem	ɔpniəm	train
opnoem	ɔpnum	train
opoffer	ɔpɔfər	train
opoffering	ɔpɔfərəŋ	train
opofferinge	ɔpɔfərəŋə	train
opofferings	ɔpɔfərəŋs	train
oponthoud	ɔpɔntɦœut	train
oppad	ɔpat	train
oppas	ɔpas	test
oppasser	ɔpasər	train
opper	ɔpər	train
oppergesag	ɔpərχəsaχ	train
opperheerskappy	ɔpərɦiərskapəi	train
opperheerskappyvoerende	ɔpərɦiərskapəifurəndə	train
opperhoof	ɔpərɦuəf	train
opperman	ɔpərman	train
oppervlak	ɔpərflak	train
oppervlakke	ɔpərflakə	train
oppervlakkige	ɔpərflakəχə	train
oppervlakkigheid	ɔpərflakəχɦəit	train
oppervlakmynbou	ɔpərflakməinbœu	train
oppervlaksgolwe	ɔpərflaksχɔlvə	train
oppervlakte	ɔpərflaktə	train
oppervlaktes	ɔpərflaktəs	train
opperwese	ɔpərviəsə	train
oppie	ɔpi	train
opponent	ɔpɔnɛnt	train
opponente	ɔpɔnɛntə	train
opportunisme	ɔpɔrtynəsmə	train
opposisie	ɔpɔzisi	train
opposisieleier	ɔpɔzisiləiər	train
opposisieleiers	ɔpɔzisiləiərs	train
opposisieparty	ɔpɔzisipartəi	test
opposisiepartye	ɔpɔzisipartəiə	train
opraak	ɔprɑːk	train
opraap	ɔprɑːp	train
opreg	ɔprɛχ	test
opregte	ɔprɛχtə	train
opregtheid	ɔprɛχtɦəit	train
oprig	ɔprəχ	train
oprigting	ɔprəχtəŋ	train
oprit	ɔprət	train
oproep	ɔprup	train
oproepe	ɔprupə	train
oproepsentrum	ɔprupsɛntrœm	train
oproer	ɔprur	train
oproeriges	ɔprurəχəs	train
oproerlinge	ɔprurləŋə	train
opruiming	ɔprœyməŋ	train
opruimingswerk	ɔprœyməŋsvɛrk	train
oprys	ɔprəis	train
opsaal	ɔpsɑːl	test
opset	ɔpsɛt	train
opsetlik	ɔpsɛtlək	train
opsetlike	ɔpsɛtləkə	train
opsie	ɔpsi	train
opsies	ɔpsis	train
opsig	ɔpsəχ	train
opsigte	ɔpsəχtə	train
opsigtelik	ɔpsəχtələk	train
opsigter	ɔpsəχtər	train
opsioneel	ɔpʃiuniəl	train
opsionele	ɔpʃiuniələ	test
opsit	ɔpsət	train
opskeep	ɔpskiəp	train
opskortende	ɔpskɔrtəndə	train
opskorting	ɔpskɔrtəŋ	train
opskrif	ɔpskrəf	train
opskrifte	ɔpskrəftə	train
opskryf	ɔpskrəif	train
opskudding	ɔpskœdəŋ	train
opskuif	ɔpskœyf	train
opslaan	ɔpslɑːn	train
opslae	ɔpslɑːə	train
opsluit	ɔpslœyt	train
opsoek	ɔpsuk	train
opsom	ɔpsɔm	train
opsomming	ɔpsɔməŋ	test
opspoor	ɔpspuər	train
opsporing	ɔpspuərəŋ	train
opspraak	ɔpsprɑːk	test
opspraakwekkende	ɔpsprɑːkvɛkəndə	train
opstaan	ɔpstɑːn	train
opstand	ɔpstant	train
opstandige	ɔpstandəχə	train
opstanding	ɔpstandəŋ	train
opsteek	ɔpstiək	train
opstel	ɔpstɛl	train
opstelle	ɔpstɛlə	train
opsteller	ɔpstɛlər	train
opstellers	ɔpstɛlərs	train
opstelling	ɔpstɛləŋ	test
opstellings	ɔpstɛləŋs	train
opstoot	ɔpstuət	train
opstyg	ɔpstəiχ	train
opsuig	ɔpsœyχ	train
opswaai	ɔpswɑːi	train
opsweep	ɔpswiəp	train
opsy	ɔpsəi	train
opsygesit	ɔpsəiχəsət	train
optel	ɔptɛl	train
optelgoed	ɔptɛlχut	train
optelling	ɔptɛləŋ	train
optiese	ɔptisə	train
optimaal	ɔptimɑːl	train
optimale	ɔptimɑːlə	train
optimisme	ɔptiməsmə	train
optimisties	ɔptəməstis	train
optimistiese	ɔptəməstisə	train
optog	ɔptɔχ	train
optogte	ɔptɔχtə	train
optower	ɔptuəvər	train
optrede	ɔptriədə	test
optredes	ɔptriədəs	train
optree	ɔptriə	train
optrek	ɔptrɛk	train
opus	uəpœs	test
opval	ɔpfal	train
opvallend	ɔpfalənt	train
opvallende	ɔpfaləndə	train
opvallendste	ɔpfaləntstə	train
opvatting	ɔpfatəŋ	train
opvattings	ɔpfatəŋs	train
opvlam	ɔpflam	train
opvlamming	ɔpflaməŋ	train
opvoed	ɔpfut	train
opvoeder	ɔpfudər	train
opvoeders	ɔpfudərs	test
opvoeding	ɔpfudəŋ	train
opvoedings	ɔpfudəŋs	train
opvoedingsraad	ɔpfudəŋsrɑːt	train
opvoedkunde	ɔpfutkœndə	train
opvoedkundig	ɔpfutkœndəχ	train
opvoedkundige	ɔpfutkœndəχə	train
opvoedkundiges	ɔpfutkœndəχəs	train
opvoering	ɔpfurəŋ	train
opvoerings	ɔpfurəŋs	train
opvolg	ɔpfɔlχ	train
opvolgbeurt	ɔpfɔlχbøːrt	train
opvolger	ɔpfɔlχər	train
opvolgers	ɔpfɔlχərs	train
opvolging	ɔpfɔlχəŋ	train
opvolgwerk	ɔpfɔlχvɛrk	train
opwaarts	ɔpvɑːrts	train
opwaartse	ɔpvɑːrtsə	train
opwagting	ɔpvaχtəŋ	train
opwarm	ɔpvarm	train
opwarming	ɔpvarməŋ	train
opwarmwedstryd	ɔpvarmvɛtstrəit	test
opwekking	ɔpvɛkəŋ	train
opwellende	ɔpvɛləndə	train
opwelling	ɔpvɛləŋ	train
opwindend	ɔpvəndənt	train
opwindende	ɔpvəndəndə	train
opwindendste	ɔpvəndəntstə	train
opwinding	ɔpvəndəŋ	train
oral	uəral	test
orale	urɑːlə	train
orals	uərals	train
oranje	uəranjə	train
oranjerivier	uəranjərəfir	train
oratorium	uəraturiœm	train
orde	ɔrdə	train
ordelik	ɔrdələk	train
ordelike	ɔrdələkə	train
orden	ɔrdən	train
ordening	ɔrdənəŋ	train
ordentlik	ɔrdɛntlək	train
ordentlike	ɔrdɛntləkə	train
ordentlikheid	ɔrdɛntləkɦəit	train
order	ɔrdər	train
ordes	ɔrdəs	train
ordonnansie	ɔrdɔnansi	train
ore	uərə	train
orent	urɛnt	train
orgaan	ɔrχɑːn	test
organe	ɔrχɑːnə	train
organies	ɔrχɑːnis	train
organiese	ɔrχɑːnisə	train
organisasie	ɔrχanisɑːsi	test
organisasies	ɔrχanisɑːsis	train
organisasiestrukture	ɔrχanisɑːsistrœktyrə	train
organisatoriese	ɔrχanisaturisə	test
organiseer	ɔrχanisiər	train
organiseerder	ɔrχanisiərdər	train
organiseerders	ɔrχanisiərdərs	train
organiserende	ɔrχanisiərəndə	train
organisme	ɔrχanəsmə	train
organismes	ɔrχanəsməs	train
orgie	ɔrχi	test
orige	uərəχə	train
origens	uərəχəns	train
oriëntasies	uəriɛntɑːsis	train
oriëntering	uəriɛntiərəŋ	train
oriënterings	uəriɛntiərəŋs	train
orkane	ɔrkɑːnə	train
orkes	ɔrkɛs	train
orkeslede	ɔrkɛsliədə	train
orkeste	ɔrkɛstə	train
ornamente	ɔrnamɛntə	train
ornamentele	ɔrnamɛntiələ	test
orrel	ɔrəl	test
orrelis	ɔrələs	train
ortodokse	ɔrtudɔksə	train
ortodoksie	ɔrtudɔksi	train
ortografiese	ɔrtuχrɑːfisə	train
os	ɔs	test
oseaan	usiɑːn	train
oseane	usiɑːnə	train
osmose	ɔsmusə	train
osone	usuənə	train
osoon	usuən	train
osoonlaag	usuənlɑːχ	train
ossewa	ɔsəvɑː	train
ossweep	ɔsswiəp	test
osteoporose	ɔstiupuəruəsə	train
ostwaldproses	ɔstvaltprusɛs	train
ot	ɔt	train
otter	ɔtər	test
ottomaanse	ɔtumɑːnsə	train
ou	œu	train
oubaas	œubɑːs	train
ouboet	œubut	train
oud	œut	train
oudag	œudaχ	train
oude	œudə	train
ouderdom	œudərdɔm	train
ouderdomme	œudərdɔmə	train
ouderdomperk	œudərdɔmpɛrk	train
ouderdomsgroep	œudərdɔmsχrup	train
ouderdomsgroepe	œudərdɔmsχrupə	train
ouderdomsperk	œudərdɔmspɛrk	train
oudergewoonte	œudərχəvuəntə	train
ouderling	œudərləŋ	test
ouderlinge	œudərləŋə	test
oudhede	œutɦiədə	train
oudheid	œutɦəit	train
oudiovisuele	œudiuviʒyiələ	train
oudisie	œudisi	test
oudisies	œudisis	train
oudit	œudət	train
ouditering	œudətiərəŋ	train
ouditeur	œudətøːr	train
ouditeure	œudətøːrə	train
ouditeurs	œudətøːrs	train
ouditeursfirma	œudətøːrsfərma	train
ouditiewe	œudətivə	train
ouditondersoek	œudətɔndərsuk	train
ouditorium	œudətuəriœm	train
ouditprosedures	œudətprɔsədyrəs	train
ouditverslag	œudətfərslaχ	train
oudleerlinge	œutliərləŋə	train
oudminister	œutmənəstər	train
oudpresident	œutprəsədɛnt	train
ouds	œuts	train
oudste	œutstə	train
oudtshoorn	œutsɦuərən	train
oue	œuə	train
ouens	œuəns	train
ouer	œuər	train
ouerbetrokkenheid	œuərbətrɔkənɦəit	train
oueres	œuərəs	train
ouergemeenskap	œuərχəmiənskap	train
ouerhuis	œuərɦœys	train
ouerige	œuərəχə	train
ouerlike	œuərləkə	train
ouerpaar	œuərpɑːr	train
ouers	œuərs	test
ouerskap	œuərskap	test
oues	œuəs	train
ouetehuis	œuətəɦœys	train
ougat	œuχat	train
oujaarsdag	œujɑːrsdaχ	train
oujong	œujɔŋ	train
oukei	œukəi	train
oulaas	œulɑːs	train
oulik	œulək	train
oulike	œuləkə	train
ouma	œuma	train
ouman	œuman	train
oumense	œumɛnsə	train
oumie	œumi	train
oupa	œupa	test
oupagrootjie	œupaχrɔːiki	train
oupas	œupas	train
ousus	œusœs	test
outentiek	œutɛntik	train
outentieke	œutɛntikə	train
outeur	œutøːr	train
outeurs	œutøːrs	train
outeursreg	œutøːrsrɛχ	train
outjie	œuki	train
outobank	œutubaŋk	test
outobiografie	œutubiuχrafi	train
outobiografiese	œutubiuχrɑːfisə	train
outomaties	œutumɑːtis	train
outomatiese	œutumɑːtisə	train
outonome	œutunuəmə	train
outonomie	œutunuəmi	train
outonoom	œutunuəm	train
outoriteit	œuturitəit	train
outoriteite	œuturitəitə	train
outyds	œutəits	train
outydse	œutəitsə	test
ova	uəva	train
ovaalronde	uəvɑːlrɔndə	train
ovaria	uəvɑːria	train
ovulasie	uəvylɑːsi	train
ovum	uəvum	train
owerhede	uəvərɦiədə	train
owerheid	uəvərɦəit	train
owerheidsgesag	uəvərɦəitsχəsaχ	train
owerigens	uəvərəχəns	train
owerspel	uəvərspɛl	train
oë	uə	train
pa	pɑː	train
paadjie	pɑːiki	test
paadjies	pɑːikis	train
paai	pɑːi	train
paaie	pɑːiə	train
paaiement	pɑːiəmɛnt	test
paaiemente	pɑːiəmɛntə	train
paal	pɑːl	train
paalspring	pɑːlsprəŋ	train
paalspringer	pɑːlsprəŋər	train
paaltjie	pɑːlki	train
paaltjies	pɑːlkis	train
paaltjiewagter	pɑːlkivaχtər	train
paaltjiewagters	pɑːlkivaχtərs	train
paar	pɑːr	train
paarl	pɛrəl	train
paarlse	pɛrəlsə	train
paartjie	pɑːrki	train
paartjies	pɑːrkis	train
paasfees	pɑːsfiəs	train
pad	pat	train
padagentskap	pataχɛntskap	train
padda	pada	train
paddaboudjies	padabœukis	train
paddas	padas	train
paddastoele	padastulə	train
padgebruikers	patχəbrœykərs	train
padgee	patχiə	test
padgegee	patχəχiə	train
padkaart	patkɑːrt	test
padkos	patkɔs	test
padnetwerk	patnɛtvɛrk	train
padongelukfonds	patɔnχəlœkfɔnts	train
padongelukke	patɔnχəlœkə	train
padoppervlak	patɔpərflak	test
padtekens	pattiəkəns	train
padveiligheid	patfəiləχɦəit	train
padversperring	patfərspɛrəŋ	test
padversperrings	patfərspɛrəŋs	train
padvervoer	patfərfur	train
padwedloop	patvɛtluəp	train
padwedlope	patvɛtluəpə	train
padwedren	patvɛtrɛn	test
padwysers	patvəisərs	train
pag	paχ	train
pair	pɛr	train
pak	pak	train
pakhuise	pakɦœysə	train
pakistan	pakistan	train
pakistani	pakistani	train
pakistanse	pakistansə	train
pakkamer	pakɑːmər	train
pakke	pakə	train
pakket	pakɛt	train
pakkette	pakɛtə	train
pakkie	paki	train
pakkies	pakis	test
pakplek	pakplɛk	train
pal	pal	train
pale	pɑːlə	train
paleis	paləis	train
paleontologie	paliɔntuluχi	train
palestynse	paləstəinsə	train
palet	palɛt	train
palladium	palɑːdiœm	train
palm	palm	train
palmolie	palmuəli	train
palms	palms	train
pamflet	pamflɛt	train
pamflette	pamflɛtə	train
pampoen	pampun	train
pan	pan	train
pand	pant	test
pandemie	pandiəmi	train
paneel	paniəl	train
paneelbespreking	paniəlbəspriəkəŋ	train
paneelwa	paniəlvɑː	test
panele	paniələ	test
paniek	panik	train
paniekbevange	panikbəfaŋə	train
paniekerig	panikərəχ	train
pankreas	paŋkrias	train
panorama	panurɑːma	train
panoramiese	panurɑːmisə	train
pantomime	pantumɑːim	train
pap	pap	train
papa	papa	train
paparazzi	paparatsi	train
papbroek	papbruk	train
papegaai	papəχɑːi	train
papegaaie	papəχɑːiə	train
papie	pɑːpi	train
papier	papir	train
papierblok	papirblɔk	train
papierchromatografie	papirkruəmatuχrafi	train
papierherwinningsprojek	papirɦɛrvənəŋsprujɛk	train
papiertjies	papirkis	train
papiervesels	papirfiəsəls	train
papierwerk	papirvɛrk	train
papkuilskerms	papkœylskɛrəms	train
pappa	papa	train
pappas	papas	train
papperige	papərəχə	train
pappie	papi	train
paprika	paprika	test
parade	parɑːdə	train
paradigma	paradiχma	train
paradigmaskuif	paradəχmaskœyf	train
paradigmatiese	paradiχmɑːtisə	test
paradoks	paradɔks	train
paradoksaal	paradɔksɑːl	train
paradys	paradəis	train
paradyse	paradəisə	train
paraffien	parafin	test
paragraaf	paraχrɑːf	test
paragrawe	paraχrɑːvə	test
parallel	paralɛl	train
paramedici	paramiədisi	train
parameter	paramiətər	train
parametriese	paramiətrisə	train
paranoia	paranɔia	train
parapleeg	parapliəχ	train
parasetamol	parasiətamɔl	train
parasiet	parasit	train
parasiete	parasitə	train
parasimpatiese	parasəmpɑːtisə	train
parasitiese	parasitisə	train
parate	parɑːtə	train
pare	pɑːrə	train
parenchiemselle	parənkimsɛlə	test
parenterale	parəntərɑːlə	train
park	park	train
parkade	parkɑːdə	train
parke	parkə	train
parkeer	parkiər	train
parkeergebied	parkiərχəbit	train
parkeermeters	parkiərmiətərs	train
parkeerplek	parkiərplɛk	test
parkeerplekke	parkiərplɛkə	train
parkeerruimte	parkiərrœymtə	train
parkeerterrein	parkiərtərəin	train
parkeerterreine	parkiərtərəinə	train
parkeraad	parkərɑːt	train
parkering	parkiərəŋ	train
parkies	parkis	train
parlement	parləmɛnt	train
parlemente	parləmɛntə	test
parlementsgebou	parləmɛntsχəbœu	train
parlementsitting	parləmɛntsətəŋ	train
parlementslede	parləmɛntsliədə	train
parlementslid	parləmɛntslət	train
parmantig	parmantəχ	train
parmantige	parmantəχə	train
parmantigs	parmantəχs	train
parodie	parudi	train
parool	paruəl	train
pars	pars	train
part	part	train
parte	partə	train
partikel	partikəl	train
partisie	partisi	train
partisipium	partisipiœm	train
partogram	partuχram	train
party	partəi	train
partydig	partəidəχ	train
partydigheid	partəidəχɦəit	test
partye	partəiə	train
partygenote	partəiχənuətə	train
partykeer	partəikiər	train
partylede	partəiliədə	train
partyleiers	partəiləiərs	train
partylid	partəilət	train
partymaal	partəimɑːl	train
partymasjinerie	partəimaʃinəri	test
partypolitiek	partəipɔlətik	test
partypolitieke	partəipɔlətikə	test
partyskappe	partəiskapə	train
partytjie	partəiki	train
partytjiegangers	partəikiχaŋərs	train
partytjies	partəikis	train
partyverhoudings	partəifərɦœudəŋs	test
parys	parəis	test
pas	pas	train
pasella	pasɛla	test
pasgebore	pasχəburə	train
pasifiese	pasəfisə	train
pasiënte	paʃiɛntə	train
pasja	paʃa	train
paslik	paslək	train
pasop	pasɔp	train
pasoppens	pasɔpəns	train
paspoort	paspuərt	train
paspoorte	paspuərtə	train
passasier	pasasir	train
passasiers	pasasirs	train
passasiersitplek	pasasirsətplɛk	train
passasierskip	pasasirskəp	train
passasierstrein	pasasirstrəin	train
passasiersvliegtuig	pasasirsfliχtœyχ	train
passasiersvoertuie	pasasirsfurtœyə	train
passasies	pasɑːsis	test
passe	pasə	train
passens	pasəns	train
passie	pasi	train
passief	pasif	train
passies	pasis	train
passievol	pasifɔl	train
passievolle	pasifɔlə	train
passiewe	pasivə	train
passtukke	passtœkə	test
pasta	pasta	train
pasteie	pastəiə	train
pastoor	pastuər	train
pastorale	pasturɑːlə	train
pastorie	pasturi	train
patats	patats	train
patentregte	patɛntrɛχtə	train
pateties	patiətis	train
patetiese	patiətisə	test
patofisiologie	patufiʃiuluχi	train
patogene	patuχiənə	train
patologie	patuluχi	train
patoloog	patuluəχ	train
patos	pɑːtɔs	train
patriarg	patriarχ	train
patriargale	patriarχɑːlə	train
patriargie	patriarχi	train
patrimoniale	patrimuəniɑːlə	train
patriot	patriɔt	train
patriotiese	patriuətisə	train
patriotisme	patriutəsmə	train
patrolleer	patruliər	test
patrollie	patrɔli	train
patrolliediens	patrɔlidins	train
patrollies	patrɔlis	test
patrone	patrunə	train
patroon	patruən	train
patroondoppies	patruəndɔpis	train
paul	pœul	train
paulpietersburg	pœulpitərsbœrχ	train
paulus	pœulœs	train
paviljoen	pavəljun	train
pawiljoene	pavəljunə	train
pedi	pɛdi	train
pediater	pidiɑːtər	train
pedofiel	pɛdufil	train
peer	piər	train
peet	piət	train
peil	pəil	train
peiling	pəiləŋ	train
peilings	pəiləŋs	train
peilregaf	pəilrɛaf	train
peins	pəins	train
peits	pəits	train
pekel	piəkəl	train
pelgrims	pɛlχrəms	train
pelgrimsrus	pɛlχrəmsrœs	train
pelgrimstog	pɛlχrəmstɔχ	train
peloton	pɛlutɔn	train
pelser	pɛlsər	train
pen	pɛn	train
penarie	pənari	train
pendel	pɛndəl	train
pendelaars	pɛndəlɑːrs	train
pendoring	pɛndurəŋ	train
penetrasie	pɛnətrɑːsi	train
penguin	pɛŋχuən	test
peninsula	pɛnənsyla	train
penisilliene	pɛnəsəlinə	train
penne	pɛnə	train
pennies	pɛnis	train
penning	pɛnəŋ	test
penningmeester	pɛnəŋmiəstər	train
pens	pɛns	train
pensioen	pɛnʃiun	test
pensioenarisse	pɛnʃiunɑːrəsə	train
pensioene	pɛnʃiunə	train
pensioenfonds	pɛnʃiunfɔnts	train
pensioenfondse	pɛnʃiunfɔntsə	train
pensioengeld	pɛnʃiunχɛlt	train
pensioentrekker	pɛnʃiuntrɛkər	train
pensioentrekkers	pɛnʃiuntrɛkərs	train
pensioenvoordele	pɛnʃiunfuərdiələ	train
pensionaris	pɛnʃiunɑːrəs	train
peper	piəpər	test
peperboom	piəpərbuəm	test
per	pər	train
percy	pœrsi	train
perd	pɛrt	train
perde	pɛrdə	train
perdeby	pɛrdəbəi	train
perdekar	pɛrdəkar	train
perdekrag	pɛrdəkraχ	train
perdesiekte	pɛrdəsiktə	train
perdesport	pɛrdəspɔrt	train
perdewedrenne	pɛrdəvɛtrɛnə	train
perdfris	pɛrtfrəs	train
pere	piərə	train
perfek	pərfɛk	train
perfekte	pərfɛktə	train
perfektum	pərfɛktum	train
peri	pɛri	train
periferie	pɛrəfəri	train
periode	piəriuədə	train
periodes	piəriuədəs	train
periodiek	piəriudik	train
periodieke	piəriudikə	train
periodiese	piəriuədisə	test
periodisering	piəriudisiərəŋ	train
periskoop	pɛriskuəp	test
perk	pɛrk	train
perke	pɛrkə	train
perkie	pɛrki	test
perlemoen	pɛrləmun	test
permanent	pɛrmanɛnt	train
permanente	pɛrmanɛntə	train
permit	pərmət	train
permitte	pərmətə	train
pers	pɛrs	train
persberigte	pɛrsbərəχtə	train
perse	pɛrsə	train
perseel	pɛrsiəl	train
persele	pɛrsiələ	train
persent	pərsɛnt	train
persentasie	pɛrsɛntɑːsi	train
persentasiegewys	pɛrsɛntɑːsiχəvəis	train
persentasiepunt	pɛrsɛntɑːsipœnt	train
persentasiepunte	pɛrsɛntɑːsipœntə	test
persentasies	pɛrsɛntɑːsis	train
persente	pɛrsɛntə	train
persepsie	pərsɛpsi	train
persepsies	pərsɛpsis	train
perseptuele	pərsɛptʃyiələ	test
persiese	pɛrsisə	test
perske	pɛrskə	train
perskebome	pɛrskəbuəmə	train
perskonferensie	pɛrskɔnfərɛnsi	train
persombudsman	pɛrsɔmbutsman	train
persona	pərsuəna	train
personderhoud	pɛrsɔndərɦœut	train
persone	pərsuənə	train
personeel	pɛrsuniəl	train
personeelkamer	pɛrsuniəlkɑːmər	train
personeelkorps	pɛrsuniəlkɔrps	train
personeellede	pɛrsuniəlliədə	train
personeellid	pɛrsuniəllət	train
personeeltekort	pɛrsuniəltəkɔrt	train
personeeltekorte	pɛrsuniəltəkɔrtə	train
personeelvermindering	pɛrsuniəlfərməndərəŋ	test
personereg	pərsuənərɛχ	train
persoon	pərsuən	train
persoonlik	pərsuənlək	test
persoonlike	pərsuənləkə	train
persoonlikhede	pərsuənləkɦiədə	test
persoonlikheid	pərsuənləkɦəit	train
persoonlikheidseienskappe	pərsuənləkɦəitsəiənskapə	train
persoonlikheidsontwikkeling	pərsuənləkɦəitsɔntvəkələŋ	train
persoonlikheidsversteurings	pərsuənləkɦəitsfərstøːrəŋs	test
perspeksstaaf	pɛrspɛksstɑːf	train
perspektief	pɛrspɛktif	train
perspektiewe	pɛrspɛktivə	train
perssekretaris	pɛrssəkrətɑːrəs	train
persverklaring	pɛrsfərklɑːrəŋ	test
persvryheid	pɛrsfrəiɦəit	train
pertinent	pɛrtinɛnt	train
pertinente	pɛrtinɛntə	train
pes	pɛs	train
peso	pəisœu	train
pessimisme	pɛsiməsmə	train
pessimisties	pɛsiməstis	train
pessimistiese	pɛsiməstisə	train
pet	pɛt	train
petagreep	piətaχriəp	train
peter	piətər	train
petisie	pətisi	train
petit	pətit	train
petrochemiese	pɛtruχiəmisə	train
petrol	pɛtrəl	train
petrolbomme	pɛtrəlbɔmə	train
petrolenjin	pɛtrəlɛnjən	train
petroleum	pɛtrœuliœm	train
petroleumprodukte	pɛtruəliœmprudœktə	train
petroljoggie	pɛtrəljɔχi	test
petroljoggies	pɛtrəljɔχis	train
petrolprys	pɛtrəlprəis	train
petrolpryse	pɛtrəlprəisə	train
petroltenk	pɛtrəltɛŋk	train
petrolverbruik	pɛtrəlfərbrœyk	train
petrus	piətrœs	test
pette	pɛtə	train
peule	pøːlə	train
peuter	pøːtər	train
pianis	pianəs	train
pianiste	pianəstə	train
piek	pik	train
pieke	pikə	test
piekfyn	pikfəin	train
piekniek	piknik	train
piekniekmandjie	piknikmaiŋki	train
piekniekmandjies	piknikmaiŋkis	train
pienaar	pinɑːr	train
pienk	piŋk	train
piepklein	pipkləin	train
pier	pir	train
piesang	pisaŋ	train
piesangboere	pisaŋburə	train
piesangs	pisaŋs	train
piet	pit	train
pietermaritzburg	pitərmarətsbœrχ	train
pietersielie	pitərsili	train
pietman	pitman	train
pigment	pəχmɛnt	test
pigmente	pəχmɛntə	test
pik	pək	test
pikante	pikantə	train
pikswart	pəkswart	train
pil	pəl	train
pilaar	pilɑːr	train
pilare	pilɑːrə	train
pille	pələ	test
pink	pəŋk	train
pinot	pinœu	train
pinotage	pinutɑːʒ	train
pioneer	piuniər	train
pionier	piunir	train
pioniers	piunirs	train
pionne	piɔnə	train
piramide	piramidə	test
piramides	piramidəs	train
pis	pəs	train
pistole	pəstulə	test
pistool	pəstuəl	train
pit	pət	train
pita	pita	train
pitte	pətə	train
pittius	pətiœs	train
pizza	pitsa	train
pizzas	pitsas	train
piëtis	piiətəs	train
pla	plɑː	train
plaag	plɑːχ	train
plaagbeheer	plɑːχbəɦiər	train
plaagdoders	plɑːχdudərs	train
plaas	plɑːs	test
plaasaanvalle	plɑːsɑːnfalə	train
plaasdam	plɑːsdam	train
plaasgevind	plɑːsχəfənt	train
plaasgrond	plɑːsχrɔnt	train
plaashuis	plɑːsɦœys	train
plaaslik	plɑːslək	train
plaaslike	plɑːsləkə	train
plaasmoorde	plɑːsmuərdə	train
plaasroman	plɑːsruman	train
plaasvervangende	plɑːsfərfaŋəndə	train
plaasvervanger	plɑːsfərfaŋər	test
plaasvervangerbank	plɑːsfərfaŋərbaŋk	test
plaasvervangers	plɑːsfərfaŋərs	train
plaasvind	plɑːsfənt	test
plaaswerker	plɑːsvɛrkər	train
plaaswerkers	plɑːsvɛrkərs	train
plaat	plɑːt	train
plaatjie	plɑːiki	train
plaatkoekies	plɑːtkukis	train
plaatkompetisie	plɑːtkɔmpətisi	train
plaatse	plɑːtsə	train
plafon	plafɔn	train
plafonne	plafɔnə	train
plak	plak	train
plakboek	plakbuk	train
plakkaat	plakɑːt	train
plakkate	plakɑːtə	train
plakkers	plakərs	train
plakkershut	plakərsɦœt	train
plakkershutte	plakərsɦœtə	train
plakkerskamp	plakərskamp	train
plakkerskampe	plakərskampə	test
plakkery	plakərəi	train
plakpapier	plakpapir	train
plan	plan	train
planeet	planiət	train
planeetjie	planiəki	train
planeetjies	planiəkis	train
planete	planiətə	train
plank	plaŋk	train
planke	plaŋkə	train
plankies	plaŋkis	train
planmaker	planmɑːkər	test
planne	planə	train
plannetjie	planiki	train
plannetjies	planikis	test
plant	plant	train
plantaardige	plantɑːrdəχə	train
plantasie	plantɑːsi	train
plante	plantə	train
plantegroei	plantəχrui	test
plantelewe	plantəliəvə	train
plantetende	plantətəndə	test
plantjie	plaiŋki	train
plantjies	plaiŋkis	train
plantkunde	plantkœndə	train
plantkundige	plantkœndəχə	train
plantkundiges	plantkœndəχəs	train
plantprodukte	plantprudœktə	train
plantselle	plantsɛlə	train
plantsoorte	plantsuərtə	train
plantspesies	plantspiəsis	train
planttyd	planttəit	train
plase	plɑːsə	test
plasentale	plasɛntɑːlə	train
plasie	plɑːsi	train
plasing	plɑːsəŋ	train
plasmodium	plasmudiœm	train
plastiek	plastik	train
plastiekblok	plastikblɔk	train
plastieksak	plastiksak	train
plastieksakke	plastiksakə	train
plastiese	plastisə	train
plat	plat	train
plate	plɑːtə	train
platemaatskappy	plɑːtəmɑːtskapəi	train
platform	platfɔrm	train
platgeskiet	platχəskit	train
platgeslaan	platχəslɑːn	train
platgetrek	platχətrɛk	train
platgevee	platχəfiə	train
platina	platina	train
platinum	platinœm	train
plato	platuə	train
platorand	platuərant	train
platsak	platsak	train
plattekloof	platəkluəf	train
platteland	platəlant	train
plattelanders	platəlandərs	train
plattelandse	platəlantsə	train
platvorm	platfɔrm	train
plaveisel	plafəisəl	train
pleeg	pliəχ	train
pleegsorg	pliəχsɔrχ	train
plegstatigheid	plɛχstɑːtəχɦəit	train
plegtig	plɛχtəχ	test
plegtige	plɛχtəχə	train
plegtigheid	plɛχtəχɦəit	train
plein	pləin	train
pleister	pləistər	train
pleit	pləit	train
pleitooreenkomste	pləituəriənkɔmstə	train
pleitstukke	pləitstœkə	train
pleitverduideliking	pləitfərdœydələkəŋ	train
plek	plɛk	train
plekke	plɛkə	train
plekkie	plɛki	train
plekloting	plɛkluətəŋ	test
plekpot	plɛkpɔt	train
pleks	plɛks	train
plekwaarde	plɛkvɑːrdə	train
plesier	pləsir	train
plesierig	pləsirəχ	train
plesierige	pləsirəχə	train
plesieruitstappie	pləsirœytstapi	train
plessis	pləsi	train
pletter	plɛtər	train
plig	pləχ	train
pligsversuim	pləχsfərsœym	train
pligte	pləχtə	test
pliometrie	pliumətri	test
pliometriese	pliumiətrisə	train
ploeg	pluχ	train
plofbaar	plɔfbɑːr	train
plofbare	plɔfbɑːrə	train
plofstof	plɔfstɔf	test
plofstowwe	plɔfstɔvə	train
ploftoestelle	plɔftustɛlə	train
plomp	plɔmp	test
plot	plɔt	train
plotseling	plɔtsələŋ	train
plotselinge	plɔtsələŋə	train
pluimbal	plœymbal	train
pluimpie	plœympi	train
pluimvee	plœymfiə	train
pluis	plœys	test
pluk	plœk	train
plunderaars	plœndərɑːrs	train
plundering	plœndərəŋ	train
plundery	plœndərəi	train
plus	plœs	test
pluspunt	plœspœnt	train
pneumonie	niumuəni	train
podium	puədiœm	train
poedelkaal	pudəlkɑːl	train
poedelnaak	pudəlnɑːk	train
poeding	pudəŋ	test
poel	pul	train
poemas	pumas	train
poenerkiep	punɛrkip	train
poenlam	punlam	train
poetin	putin	train
pof	pɔf	train
pofadder	pɔfadər	train
poging	puəχəŋ	train
pogings	puəχəŋs	train
pokke	pɔkə	train
pol	pɔl	train
polarisasie	pularisɑːsi	test
polariteit	pularitəit	train
pole	puələ	train
polemiek	pɔləmik	train
poli	puəli	train
poligamie	puəliχami	train
polimeer	puəlimiər	train
polimerase	puəlimərɑːsə	train
polimere	puəlimiərə	train
polimerisasie	puəlimiərisɑːsi	train
polis	puələs	train
polisemie	puəlisəmi	train
polishouers	puələsɦœuərs	train
polisie	pulisi	train
polisiebeampte	pulisibəamptə	test
polisiebeamptes	pulisibəamptəs	test
polisiediens	pulisidins	train
polisiedienste	pulisidinstə	train
polisiehond	pulisiɦɔnt	train
polisiehonde	pulisiɦɔndə	train
polisiehoof	pulisiɦuəf	train
polisiekantoor	pulisikantuər	train
polisiekantore	pulisikantuərə	train
polisiekollege	pulisikɔlidʒ	train
polisiekommissaris	pulisikɔməsɑːrəs	train
polisiekonstabel	pulisikɔnstɑːbəl	train
polisielede	pulisiliədə	test
polisielid	pulisilət	train
polisiemag	pulisimaχ	train
polisiemagte	pulisimaχtə	train
polisieman	pulisiman	train
polisiemanne	pulisimanə	test
polisiereservis	pulisirɛsɛrfəs	train
polisiesel	pulisisɛl	train
polisieselle	pulisisɛlə	train
polisiewerk	pulisivɛrk	train
polisse	puələsə	train
politici	pɔlitisi	train
politiek	pɔlətik	train
politieke	pɔlətikə	train
politiekery	pɔlətikərəi	train
polities	pulitis	train
politikus	pɔlətikœs	train
polla	pɔla	train
polo	puəlu	train
pols	pɔls	train
polse	pɔlsə	train
polsende	pɔlsəndə	train
polsslag	pɔlsslaχ	train
pomp	pɔmp	train
pompwerk	pɔmpvɛrk	train
pond	pɔnt	test
ponde	pɔndə	test
poniekoerant	puənikurant	train
poniestert	puənistɛrt	train
pont	pɔnt	train
ponte	pɔntə	train
poog	puəχ	train
pool	puəl	train
poolse	puəlsə	test
poort	puərt	test
poorte	puərtə	train
poot	puət	train
pootjie	pɔːiki	train
pop	pɔp	train
popgroep	pɔpχrup	train
pophuis	pɔpɦœys	train
popkuns	pɔpkœns	test
poppe	pɔpə	train
popster	pɔpstɛr	train
populasies	pɔpylɑːsis	train
por	pɔr	train
porno	pɔrnu	train
pornografie	pɔrnuχrafi	test
pornografiese	pɔrnuχrɑːfisə	train
porsie	pɔrsi	train
porsies	pɔrsis	test
port	pɔrt	train
portefeulje	pɔrtəfyljə	train
portefeuljekomitee	pɔrtəfyljəkɔmətiə	train
portefeuljes	pɔrtəfyljəs	train
portfolio	pɔrtfuəliu	train
portret	pɔrtrɛt	train
portretfoto's	pɔrtrɛtfuətus	train
portugese	pɔrtyχiəsə	test
pos	pɔs	train
posadres	pɔsadrɛs	train
posbeskrywing	pɔsbəskrəivəŋ	train
posbus	pɔsbœs	train
posbusse	pɔsbœsə	train
posdiens	pɔsdins	test
posdienste	pɔsdinstə	train
posduiwe	pɔsdœyvə	test
poseer	pusiər	train
posgeld	pɔsχɛlt	train
posgevat	pɔsχəfat	train
posisie	puzisi	train
posisies	puzisis	train
posisionele	puziʃiuniələ	train
posisionering	puziʃiuniərəŋ	train
positief	puəsətif	train
positiefs	puəsətifs	train
positiewe	puəsətivə	train
poskaart	pɔskɑːrt	train
poskantoor	pɔskantuər	train
poskantore	pɔskanturə	test
poskode	pɔskudə	train
posmeester	pɔsmiəstər	train
posorder	pɔsɔrdər	train
posorders	pɔsɔrdərs	train
possak	pɔssak	test
posse	pɔsə	train
posstukke	pɔsstœkə	train
poste	pɔstə	train
postkoloniale	pœustkuluəniɑːlə	train
postma	pɔstma	train
postmodern	pœustmudɛrən	train
postmoderne	pœustmudɛrnə	test
postmodernisme	pœustmudɛrnəsmə	train
postmodernistiese	pœustmudɛrnəstisə	train
postpartumbloeding	pœustpartœmbludəŋ	train
postpartumperiode	pœustpartœmpiəriuədə	train
postuleer	pɔstyliər	train
posvat	pɔsfat	train
posverkeer	pɔsfərkiər	train
posvlak	pɔsflak	train
posvlakke	pɔsflakə	train
pot	pɔt	train
potchefstroomse	pɔtʃəfstruəmsə	train
pote	puətə	test
potensiaal	putɛnʃiɑːl	train
potensiaalverskil	putɛnʃiɑːlfərskəl	train
potensieel	putɛnʃiiəl	train
potensiële	putɛnʃiiələ	train
potgieter	pɔtχitər	train
potjie	pɔiki	train
potjietot	pɔikitɔt	train
potlode	pɔtludə	train
potlood	pɔtluət	train
potplant	pɔtplant	train
potplante	pɔtplantə	train
potpourri	pɔtpuri	train
potspel	pɔtspɛl	train
potte	pɔtə	train
pottebakkerswerk	pɔtəbakərsvɛrk	train
pottebakkery	pɔtəbakərəi	train
poubloues	pœublœuəs	train
pous	pœus	train
pouse	pœuzə	train
pouses	pœuzəs	train
pouslike	pœusləkə	train
power	puəvər	train
powere	puəvərə	train
poësie	puəzi	train
poëtiese	puiətisə	train
praat	prɑːt	train
praatjie	prɑːiki	train
praatjies	prɑːikis	train
praatvaardighede	prɑːtfɑːrdəχɦiədə	train
prag	praχ	train
pragmatiese	praχmɑːtisə	train
pragtig	praχtəχ	train
pragtige	praχtəχə	test
praksis	praksəs	train
prakties	praktis	train
praktiese	praktisə	train
praktikumsessie	praktikœmsɛsi	train
praktiseer	praktisiər	train
praktiserende	praktisiərəndə	train
praktisyn	praktisəin	train
praktisyns	praktisəins	train
praktyk	praktəik	train
praktykbestek	praktəikbəstɛk	train
praktyke	praktəikə	test
praktykgerig	praktəikχərəχ	train
praktykgerigte	praktəikχərəχtə	test
praktyksituasie	praktəiksətʃuɑːsi	train
praktykvoorbeelde	praktəikfuərbiəldə	train
pre	pri	train
predik	priədək	train
predikaat	priədikɑːt	train
predikaatlogika	priədikɑːtluχika	train
predikant	priədəkant	train
predikante	priədəkantə	train
predikantekonferensie	priədəkantəkɔnfərɛnsi	train
prediker	priədəkər	train
predikers	priədəkərs	train
prediking	priədəkəŋ	train
preek	priək	train
preekskets	priəkskɛts	train
preekstoel	priəkstul	train
preekteks	priəktɛks	train
preektema	priəktiəma	train
prefiks	priəfəks	train
prefrontalia	priəfrɔntɑːlia	train
preke	priəkə	train
premie	priəmi	train
premier	prəmir	train
premiers	prəmirs	train
premierskap	prəmirskap	test
premies	priəmis	train
premium	primiœm	train
prenatale	priənatɑːlə	train
prent	prɛnt	train
prente	prɛntə	train
prenteboek	prɛntəbuk	train
prentjie	prɛŋki	train
prentjies	prɛŋkis	train
presedent	prɛsədɛnt	train
present	prəsɛnt	train
preserveermiddels	prɛsɛrfiərmədəls	test
presidensie	prəsədɛnsi	test
presidensiële	prəsədɛnʃiiələ	test
president	prəsədɛnt	train
presidente	prəsədɛntə	train
presidentskandidaat	prəsədɛntskandidɑːt	train
presidentskap	prəsədɛntskap	train
presidentsraad	prəsədɛntsrɑːt	train
presidentsverkiesing	prəsədɛntsfərkisəŋ	train
presies	prəsis	train
presiese	prəsisə	train
presipitasie	prəsəpitɑːsi	train
presisie	prəsisi	train
prestasie	prɛstɑːsi	train
prestasiegeoriënteerd	prɛstɑːsiχəuəriɛntiərt	train
prestasies	prɛstɑːsis	train
prestasievlak	prɛstɑːsiflak	train
presteer	prɛstiər	train
presteerders	prɛstiərdərs	test
prestige	prɛstiʒ	train
prestigeryke	prɛstiʒrəikə	train
pret	prɛt	train
pretdraf	prɛtdraf	train
pretensie	prətɛnsi	train
pretoria	prətuəria	train
pretoriase	prətuəriasə	test
pretorius	prətuəriœs	train
pretpark	prɛtpark	train
prettige	prɛtəχə	train
preëklampsie	priəiklampsi	train
priester	pristər	train
priesterhoofde	pristərɦuəfdə	train
priesters	pristərs	train
prik	prək	train
prikkel	prəkəl	test
prikkelend	prəkələnt	train
prikkelende	prəkələndə	train
prikkels	prəkəls	train
prima	prima	train
primitief	prəmətif	test
primitiewe	prəmətivə	train
prins	prəns	train
prinse	prənsə	train
prinses	prənsɛs	test
prinsesse	prənsɛsə	train
prinsipaal	prənsəpɑːl	train
prinsipale	prənsəpɑːlə	train
prinsipieel	prənsəpiiəl	train
prinsipiële	prənsəpiiələ	test
prior	priɔr	test
prioriteit	priɔritəit	train
prioriteite	priɔritəitə	train
prioriteitsafbakening	priɔritəitsafbɑːkənəŋ	train
prioritiseer	priɔritisiər	train
prisma	prəsma	test
prisonier	prisunir	train
privaat	prifɑːt	train
privaatheid	prifɑːtɦəit	train
privaatlewe	prifɑːtliəvə	train
privaatmaatskappy	prifɑːtmɑːtskapəi	train
privaatreg	prifɑːtrɛχ	train
privaatsak	prifɑːtsak	train
privaatsakgebruik	prifɑːtsakχəbrœyk	train
privaatsektor	prifɑːtsɛktɔr	train
private	prifɑːtə	test
privatiseer	prifatisiər	train
privatisering	prifatisiərəŋ	train
pro	pruə	train
proaktiewe	pruaktivə	train
probeer	prubiər	train
probeerslag	prubiərslaχ	test
probleem	prubliəm	test
probleemgebiede	prubliəmχəbidə	train
probleemgedrag	prubliəmχədraχ	train
probleemgesentreerde	prubliəmχəsɛntriərdə	train
probleemoplossing	prubliəmɔplɔsəŋ	train
probleemoplossings	prubliəmɔplɔsəŋs	train
probleemoplossingsproses	prubliəmɔplɔsəŋsprusɛs	train
probleemoplossingsvaardighede	prubliəmɔplɔsəŋsfɑːrdəχɦiədə	train
probleemsituasie	prubliəmsətʃuɑːsi	train
probleemstellings	prubliəmstɛləŋs	train
probleemvrae	prubliəmfrɑːə	train
problematiek	prɔbləmatik	train
problematies	prɔbləmɑːtis	train
probleme	prubliəmə	test
produbruikers	prɔdybrœykərs	train
produk	prudœk	train
produklewensiklus	prudœkliəvənsiklœs	test
produkontwikkeling	prudœkɔntvəkələŋ	train
produkreeks	prudœkriəks	train
produkreekse	prudœkriəksə	train
produksie	prudœksi	test
produksiedepartemente	prudœksidəpartəmɛntə	train
produksiefaktor	prudœksifaktɔr	train
produksiefaktore	prudœksifakturə	train
produksiehoeveelheid	prudœksiɦufiəlɦəit	train
produksiekoste	prudœksikɔstə	train
produksieleier	prudœksiləiər	train
produksielyn	prudœksiləin	train
produksiemaatskappy	prudœksimɑːtskapəi	train
produksiepryse	prudœksiprəisə	train
produksies	prudœksis	train
produksiespan	prudœksispan	train
produksievermoë	prudœksifərmuə	train
produkte	prudœktə	test
produktief	prɔdœktif	train
produktiewe	prɔdœktivə	train
produktiwiteit	prɔdœktivitəit	train
produseer	prɔdysiər	train
produseerders	prɔdysiərdərs	train
produsent	prɔdysɛnt	train
produsente	prɔdysɛntə	train
produsentepryse	prɔdysɛntəprəisə	test
proe	pru	train
proef	pruf	train
proefbalans	prufbalɑːns	train
proefbeampte	prufbəamptə	test
proefbuis	prufbœys	test
proeflopie	prufluəpi	test
proefneming	prufniəməŋ	train
proefnemings	prufniəməŋs	test
proefpersone	prufpərsuənə	train
proefpersoon	prufpərsuən	train
proefskrifte	prufskrəftə	train
proeftydperk	pruftəitpɛrk	train
proefwedstryde	prufvɛtstrəidə	train
proes	prus	train
proewe	pruvə	train
prof	prɔf	test
profeet	prufiət	train
profesie	prɔfɛsi	train
professionalisme	prufɛʃiunaləsmə	train
professionaliteit	prufɛʃiunalitəit	train
professioneel	prufɛʃiuniəl	train
professionele	prufɛʃiuniələ	train
professor	prufɛsɔr	train
professore	prɔfəsuərə	train
profete	prufiətə	train
profeteer	prɔfətiər	train
profeties	prufiətis	train
profetiese	prufiətisə	train
profiel	prufil	train
profiele	prufilə	test
profilaktiese	prufilaktisə	train
progesteroon	pruχɛstəruən	train
prognose	prɔχnusə	train
program	pruχram	train
programme	pruχramə	train
programmeerder	pruχramiərdər	train
programmering	pruχramiərəŋ	train
programuitkomste	pruχramœytkɔmstə	train
progressie	pruəχrɛsi	train
progressief	pruəχrɛsif	train
progressiewe	pruəχrɛsivə	train
projek	prujɛk	train
projekbeplanning	prujɛkbəplanəŋ	train
projeksie	prujɛksi	train
projeksies	prujɛksis	train
projekte	prujɛktə	train
projektiel	prujɛktil	train
projektiele	prujɛktilə	test
proklamasie	prɔklamɑːsi	test
proklamasies	prɔklamɑːsis	train
proklameer	prɔklamiər	train
prokureur	prɔkœrøːr	train
prokureurs	prɔkœrøːrs	train
prokureursfirma	prɔkœrøːrsfərma	train
prokureurskoste	prɔkœrøːrskɔstə	train
prokureursorde	prɔkœrøːrsɔrdə	train
prokureursordes	prɔkœrøːrsɔrdəs	train
proloog	pruəluəχ	train
prominensie	prɔminɛnsi	train
prominent	prɔminɛnt	train
prominente	prɔminɛntə	train
promosie	prumuəsi	train
promosies	prumuəsis	train
promotor	prumuətɔr	train
pronk	prɔŋk	test
prop	prɔp	test
propaganda	prɔpaχanda	train
proponente	prɔpunɛntə	train
proponentseksamen	prɔpunɛntsɛksɑːmən	train
proporsies	prupɔrsis	train
proporsionele	prupɔrʃiuniələ	train
propvol	prɔpfɔl	train
prosa	pruəza	train
prosawerke	pruəzavɛrkə	train
prosaïese	pruəzaisə	train
prosedure	prɔsədyrə	test
prosedurele	prɔsədyriələ	train
prosedurereëls	prɔsədyrəriəls	train
prosedures	prɔsədyrəs	train
proses	prusɛs	train
prosesboek	prusɛsbuk	train
prosesse	prusɛsə	train
prospektus	prɔspɛktœs	train
prostaatkanker	prɔstɑːtkaŋkər	train
prostaglandiene	prɔstaχlandinə	train
prostitute	prɔstətytə	train
protea	prutia	train
proteas	prutias	train
protektoraat	prutɛkturɑːt	train
protes	prutɛs	train
protesaksie	prutɛsaksi	train
protesaksies	prutɛsaksis	train
protesbewegings	prutɛsbəviəχəŋs	train
protesoptog	prutɛsɔptɔχ	train
protesoptogte	prutɛsɔptɔχtə	train
protesoptrede	prutɛsɔptriədə	train
protestantisme	prɔtəstantəsmə	train
protestantse	prɔtəstantsə	train
protesteer	prɔtəstiər	train
protesterende	prɔtəstiərəndə	train
protesterendes	prɔtəstiərəndəs	train
protesvergadering	prutɛsfərχɑːdərəŋ	train
proteïene	prutiinə	train
proteïne	prutiinə	train
protokol	pruətukɔl	train
proton	pruətɔn	train
protone	prutuənə	train
provinsiale	pruəfənʃiɑːlə	train
provinsialisme	pruəfənʃialəsmə	train
provinsie	prufənsi	train
provinsies	pruəfənsis	train
provokasie	pruəvukɑːsi	train
pruik	prœyk	train
pruim	prœym	train
pruime	prœymə	train
pruis	prœys	train
prut	prœt	train
pryk	prəik	test
prys	prəis	train
prysbeheer	prəisbəɦiər	test
prysbepaling	prəisbəpɑːləŋ	train
prysbewegings	prəisbəviəχəŋs	train
pryse	prəisə	train
pryselastisiteit	prəisilastisitəit	train
prysenswaardig	prəisənsvɑːrdəχ	train
prysenswaardige	prəisənsvɑːrdəχə	train
prysgee	prəisχiə	train
prysgegee	prəisχəχiə	train
prysgeld	prəisχɛlt	train
prysindeks	prəisəndɛks	train
prysklas	prəisklas	train
prysklasse	prəisklasə	train
prysoorlog	prəisuərlɔχ	train
prysstygings	prəisstəiχəŋs	test
prysuitdeling	prəisœytdiələŋ	train
prysverhogings	prəisfərɦuχəŋs	train
prysverlagings	prəisfərlɑːχəŋs	train
prysvlakke	prəisflakə	train
psalm	pəsaləm	train
psalms	pəsaləms	train
psige	psiχə	train
psigiater	siχiɑːtər	train
psigiaters	siχiɑːtərs	train
psigiatriese	siχiɑːtrisə	train
psigies	psiχis	train
psigiese	psiχisə	train
psigologiese	psiχuluəχisə	test
psigopaat	psiχupɑːt	train
psigopatologie	siχupatuluχi	train
psigososiale	siχusuəʃiɑːlə	train
psigoterapie	siχutɛrapi	test
psigotiese	psiχuətisə	train
psoriase	suəriɑːsə	train
puberteit	pybərtəit	train
publiek	pœblik	test
publieke	pœblikə	train
publiekreg	pœblikrɛχ	train
publikasie	pœblikɑːsi	train
publikasies	pœblikɑːsis	train
publiseer	pœblisiər	test
publisiteit	pœblisitəit	test
puik	pœyk	train
puin	pœyn	train
puinhope	pœynɦuəpə	train
puisies	pœysis	test
pulmonale	pœlmunɑːlə	train
pulp	pœlp	train
punk	paŋk	train
punktuasie	pœŋktʃuɑːsi	train
punt	pœnt	train
puntbronne	pœntbrɔnə	train
punte	pœntə	train
puntelys	pœntələis	train
puntestand	pœntəstant	train
puntetoekenning	pœntətukɛnəŋ	test
puntetotaal	pœntətutɑːl	train
punteverskil	pœntəfərskəl	train
puntladings	pœntlɑːdəŋs	test
puntsgewys	pœntsχəvəis	train
put	pœt	train
putjie	pœyki	train
putjies	pœykis	train
pyl	pəil	train
pyle	pəilə	train
pylstert	pəilstɛrt	train
pyltjie	pəilki	train
pyltjies	pəilkis	train
pylvak	pəilfak	train
pyn	pəin	train
pynappel	pəinapəl	train
pyniging	pəinəχəŋ	train
pynlik	pəinlək	train
pynlike	pəinləkə	train
pynstillers	pəinstələrs	train
pynverligting	pəinfərləχtəŋ	test
pyp	pəip	train
pype	pəipə	train
pypleiding	pəipləidəŋ	train
ra	ra	test
raad	rɑːt	train
raadgewende	rɑːtχiəvəndə	train
raadgewer	rɑːtχiəvər	train
raadgewers	rɑːtχiəvərs	test
raadop	rɑːtɔp	train
raadpleeg	rɑːtpliəχ	train
raadplegende	rɑːtpliəχəndə	train
raadpleging	rɑːtpliəχəŋ	train
raadsaal	rɑːtsɑːl	test
raadsaalgebou	rɑːtsɑːlχəbœu	train
raadsaam	rɑːtsɑːm	train
raadsale	rɑːtsɑːlə	train
raadsbesluit	rɑːtsbəslœyt	test
raadsheer	rɑːtsɦiər	train
raadslede	rɑːtsliədə	train
raadslid	rɑːtslət	train
raadsvergadering	rɑːtsfərχɑːdərəŋ	train
raai	rɑːi	train
raaisel	rɑːisəl	train
raaiselagtig	rɑːisəlaχtəχ	train
raaiselagtige	rɑːisəlaχtəχə	train
raaisels	rɑːisəls	train
raaiskoot	rɑːiskuət	train
raak	rɑːk	train
raakgeloop	rɑːkχəluəp	train
raakgery	rɑːkχərəi	train
raakgesien	rɑːkχəsin	train
raakgeskiet	rɑːkχəskit	train
raakloop	rɑːkluəp	train
raakpunte	rɑːkpœntə	train
raakrugby	rɑːkraχbi	train
raaksien	rɑːksin	train
raakvat	rɑːkfat	train
raam	rɑːm	train
raampie	rɑːmpi	train
raamstrukture	rɑːmstrœktyrə	train
raamwerk	rɑːmvɛrk	train
raamwerke	rɑːmvɛrkə	train
raap	rɑːp	train
raar	rɑːr	train
raas	rɑːs	train
rabat	rabat	test
rad	rat	train
rade	rɑːdə	train
radeloos	rɑːdəluəs	train
radiaal	radiɑːl	train
radiasie	radiɑːsi	train
radikaal	radikɑːl	train
radikale	radikɑːlə	train
radio	rɑːdiu	train
radiodiens	rɑːdiudins	train
radiografie	rɑːdiuχrafi	train
radioman	rɑːdiuman	train
radiostasie	rɑːdiustɑːsi	train
radiostasies	rɑːdiustɑːsis	train
radium	rɑːdiœm	train
raffinadery	rafinɑːdərəi	train
ragel	rɑːχəl	train
rak	rak	train
rakelings	rɑːkələŋs	train
rakende	rɑːkəndə	train
rakke	rakə	train
rakruimte	rakrœymtə	train
ram	ram	train
rame	rɑːmə	test
raming	rɑːməŋ	train
ramings	rɑːməŋs	train
ramme	ramə	train
rammel	raməl	test
ramp	ramp	train
rampe	rampə	train
rampfonds	rampfɔnts	train
rampgebiede	rampχəbidə	train
rampokkers	rampɔkərs	train
rampspoed	rampsput	train
rampspoedig	rampspudəχ	test
rampspoedige	rampspudəχə	test
rand	rant	train
randburg	rantbœrχ	train
rande	randə	test
randjie	raiŋki	train
randse	rantsə	train
randwaarde	rantvɑːrdə	train
randwaterraad	rantvɑːtərrɑːt	train
rang	raŋ	train
range	raŋə	train
ranglys	raŋləis	train
rangorde	raŋɔrdə	train
rangskik	raŋskək	test
rangskikking	raŋskəkəŋ	train
rank	raŋk	train
ranke	raŋkə	train
rankplante	raŋkplantə	train
rant	rant	train
rante	rantə	train
rap	rap	test
rape	rɑːpə	train
rapper	rɛpər	train
rapport	rapɔrt	train
rapporteer	rapɔrtiər	train
rapportering	rapɔrtiərəŋ	test
rapporteurs	rapɔrtøːrs	train
rapportryers	rapɔrtrəiərs	train
raps	raps	train
rapsie	rapsi	train
rare	rɑːrə	train
ras	ras	train
rasegte	rasɛχtə	train
rasend	rɑːsənt	train
raserige	rɑːsərəχə	train
rasionaal	raʃiunɑːl	train
rasionalisasie	raʃiunalisɑːsi	train
rasionaliseer	raʃiunalisiər	train
rasionalisering	raʃiunalisiərəŋ	train
rasionalistiese	raʃiunaləstisə	train
rasionaliteit	raʃiunalitəit	train
rasioneel	raʃiuniəl	train
rasionele	raʃiuniələ	test
rasondervinding	rasɔndərfəndəŋ	train
rasse	rasə	train
rassediskriminasie	rasədəskrəminɑːsi	train
rassegroepe	rasəχrupə	test
rassegrondslag	rasəχrɔntslaχ	train
rassehaat	rasəɦɑːt	train
rassekonflik	rasəkɔnflək	train
rasseparty	rasəpartəi	test
rasseprobleem	rasəprubliəm	train
rasseverhoudinge	rasəfərɦœudəŋə	test
rassevrede	rasəfriədə	train
rassige	rasəχə	train
rassigheid	rasəχɦəit	train
rassisme	rasəsmə	train
rassiste	rasəstə	train
rassisties	rasəstis	train
rassistiese	rasəstisə	train
rat	rat	train
rate	rɑːtə	train
rateltaai	rɑːtəltɑːi	train
rathefboom	ratɦɛfbuəm	test
ratkas	ratkas	train
ratkaste	ratkastə	train
rats	rats	train
ratse	ratsə	train
ratsigheid	ratsəχɦəit	test
ratte	ratə	test
ratwisseling	ratvəsələŋ	train
reageer	riaχiər	test
reaksie	riaksi	train
reaksies	riaksis	train
reaksiesnelheid	riaksisnɛlɦəit	train
reaksietempo	riaksitɛmpu	train
reaksietyd	riaksitəit	train
reaktief	riaktif	test
reaktiewe	riaktivə	train
reaktor	riaktɔr	test
reaktore	riaktuərə	train
realiseer	rialisiər	train
realisme	rialəsmə	train
realisties	rialəstis	train
realistiese	rialəstisə	train
realiteit	rialitəit	train
realiteite	rialitəitə	test
rebel	rəbɛl	train
rebelle	rəbɛlə	train
rebelleer	rəbəliər	train
rebelleleier	rəbɛlələiər	train
rebelleleiers	rəbɛlələiərs	train
rebellemagte	rəbɛləmaχtə	train
rebellie	rəbɛli	train
rebels	rəbɛls	train
red	rɛt	train
redaksie	rədaksi	train
redaksielede	rədaksiliədə	train
redaksielid	rədaksilət	train
redaksionele	rədakʃiuniələ	train
redakteur	rɛdaktøːr	train
redakteurs	rɛdaktøːrs	train
redakteurskap	rɛdaktøːrskap	train
reddenaar	rɛdənɑːr	test
reddende	rɛdəndə	train
redder	rɛdər	test
redding	rɛdəŋ	train
reddingsboei	rɛdəŋsbui	train
reddingsboot	rɛdəŋsbuət	train
reddingsbote	rɛdəŋsbuətə	train
reddingsmiddel	rɛdəŋsmədəl	train
reddingspoging	rɛdəŋspuəχəŋ	train
reddingswerkers	rɛdəŋsvɛrkərs	train
rede	riədə	train
redelik	riədələk	train
redelike	riədələkə	train
redelikerwys	riədələkərvəis	train
redelikheid	riədələkɦəit	train
redelose	riədəluəsə	test
redenaar	riədənɑːr	train
redenasie	riədənɑːsi	train
redene	riədənə	train
redeneer	rədəniər	test
redenering	rədəniərəŋ	train
redes	riədəs	train
redevoering	riədəfurəŋ	train
redoksreaksie	rədɔksriaksi	train
reduksie	ridœksi	train
reduseermiddel	rɛdysiərmədəl	train
reeds	riəts	train
reeks	riəks	test
reekse	riəksə	train
reeksmoordenaar	riəksmuərdənɑːr	test
referaat	rɛfərɑːt	train
referaatonderwerpe	rɛfərɑːtɔndərvɛrpə	train
referate	rɛfərɑːtə	train
referendum	rɛfərɛndœm	train
referendums	rɛfərɛndœms	train
refleks	riəflɛks	train
refleksie	riəflɛksi	train
reflekteer	riəflɛktiər	train
reflektering	riəflɛktiərəŋ	train
reformasie	riəfɔrmɑːsi	train
reformatories	rɛfɔrmatuəris	train
refrein	rɛfrəin	train
reg	rɛχ	train
regaf	rəχaf	train
regatta	rəχata	train
regbank	rɛχbaŋk	train
regby	rɛχbəi	train
regdenkende	rɛχdɛŋkəndə	train
regdeur	rɛχdøːr	train
regeer	rəχiər	train
regeerder	rəχiərdər	train
regeerders	rəχiərdərs	train
regent	rəχɛnt	train
regerende	rəχiərəndə	train
regering	rəχiərəŋ	test
regerings	rəχiərəŋs	train
regeringsamptenaar	rəχiərəŋsamptənɑːr	test
regeringsamptenare	rəχiərəŋsamptənɑːrə	train
regeringsbeleid	rəχiərəŋsbələit	test
regeringsbesluit	rəχiərəŋsbəslœyt	train
regeringsfere	rəχiərəŋsfiərə	train
regeringsgeboue	rəχiərəŋsχəbœuə	train
regeringshoof	rəχiərəŋsɦuəf	train
regeringshoofde	rəχiərəŋsɦuəfdə	train
regeringsinligting	rəχiərəŋsənləχtəŋ	train
regeringskant	rəχiərəŋskant	train
regeringskringe	rəχiərəŋskrəŋə	train
regeringsleiers	rəχiərəŋsləiərs	train
regeringslui	rəχiərəŋslœy	train
regeringsmagte	rəχiərəŋsmaχtə	train
regeringsman	rəχiərəŋsman	test
regeringsplan	rəχiərəŋsplan	train
regeringstelsel	rəχiərəŋstɛlsəl	train
regeringstroepe	rəχiərəŋstrupə	test
regeringstrukture	rəχiərəŋstrœktyrə	train
regeringsvlak	rəχiərəŋsflak	train
regeringsvlakke	rəχiərəŋsflakə	train
regeringsvorm	rəχiərəŋsfɔrəm	train
regeringswoordvoerder	rəχiərəŋsvuərtfurdər	train
regeringswoordvoerders	rəχiərəŋsvuərtfurdərs	train
reggekry	rɛχəkrəi	train
reggemaak	rɛχəmɑːk	train
reggeruk	rɛχərœk	train
reggestel	rɛχəstɛl	train
reghoek	rɛχɦuk	train
reghoeke	rɛχɦukə	train
reghoekig	rɛχɦukəχ	train
reghoekige	rɛχɦukəχə	train
reghou	rɛχɦœu	train
regie	rəʒi	test
regime	rəʒim	train
regisseur	rɛχəsøːr	test
regisseurs	rɛχəsøːrs	train
register	rəχəstər	train
registers	rəχəstərs	train
registrasie	rɛχəstrɑːsi	train
registrasiegeld	rɛχəstrɑːsiχɛlt	train
registrasienommer	rɛχəstrɑːsinɔmər	train
registrasienommers	rɛχəstrɑːsinɔmərs	train
registrasies	rɛχəstrɑːsis	test
registrasiesertifikaat	rɛχəstrɑːsisɛrtifikɑːt	test
registrasievorms	rɛχəstrɑːsifɔrəms	train
registrateur	rɛχəstratøːr	train
registreer	rɛχəstriər	train
regkom	rɛχkɔm	train
regkry	rɛχkrəi	train
reglement	rɛχləmɛnt	train
regmaak	rɛχmɑːk	train
regmatig	rɛχmɑːtəχ	test
regmatige	rɛχmɑːtəχə	train
regoor	rɛχuər	train
regop	rɛχɔp	train
regressie	rɛχrɛsi	train
regruk	rɛχrœk	train
regs	rɛχs	train
regsadvies	rɛχsatfis	train
regsadviseur	rɛχsatfisøːr	test
regsadviseurs	rɛχsatfisøːrs	train
regsake	rɛχsɑːkə	train
regsaksie	rɛχsaksi	train
regsaspekte	rɛχsaspɛktə	train
regsbedeling	rɛχsbədiələŋ	train
regsbeginsels	rɛχsbəχənsəls	train
regsdienste	rɛχsdinstə	train
regse	rɛχsə	train
regses	rɛχsəs	train
regsfakulteit	rɛχsfakœltəit	train
regsfirma	rɛχsfərma	train
regsgebied	rɛχsχəbit	train
regsgeding	rɛχsχədəŋ	train
regsgedinge	rɛχsχədəŋə	train
regsgeleerde	rɛχsχəliərdə	train
regsgeleerdes	rɛχsχəliərdəs	train
regsgeleerdheid	rɛχsχəliərtɦəit	train
regsgesinde	rɛχsχəsəndə	test
regshandelinge	rɛχsɦandələŋə	train
regshulp	rɛχsɦœlp	test
regshulpraad	rɛχsɦœlprɑːt	test
regskenner	rɛχskɛnər	test
regskommissie	rɛχskumisi	train
regskoste	rɛχskɔstə	test
regskringe	rɛχskrəŋə	train
regslui	rɛχslœy	train
regsmening	rɛχsmiənəŋ	train
regsoptrede	rɛχsɔptriədə	train
regspan	rɛχspan	train
regspanne	rɛχspanə	train
regspersone	rɛχspərsuənə	train
regspersoon	rɛχspərsuən	train
regspersoonlikheid	rɛχspərsuənləkɦəit	train
regspleging	rɛχspliəχəŋ	train
regsplig	rɛχspləχ	train
regsposisie	rɛχspuzisi	train
regspositivisme	rɛχspuəsətivəsmə	train
regspraak	rɛχsprɑːk	train
regspraktyk	rɛχspraktəik	train
regsprekende	rɛχspriəkəndə	train
regsprobleme	rɛχsprubliəmə	train
regsproses	rɛχsprusɛs	train
regsraamwerk	rɛχsrɑːmvɛrk	train
regsreël	rɛχsriəl	train
regsreëls	rɛχsriəls	train
regstaal	rɛχstɑːl	train
regstaat	rɛχstɑːt	train
regstappe	rɛχstapə	train
regstekste	rɛχstɛkstə	train
regstel	rɛχstɛl	train
regstellende	rɛχstɛləndə	train
regstelling	rɛχstɛləŋ	train
regstelsel	rɛχstɛlsəl	train
regstelsels	rɛχstɛlsəls	test
regstreeks	rɛχstriəks	train
regstreekse	rɛχstriəksə	train
regstryd	rɛχstrəit	train
regstudent	rɛχstydɛnt	train
regsubjek	rɛχsœbjɛk	train
regsubjektiwiteit	rɛχsœbjɛktivitəit	train
regsverteenwoordiger	rɛχsfərtiənvuərdəχər	train
regsverteenwoordigers	rɛχsfərtiənvuərdəχərs	train
regsverteenwoordiging	rɛχsfərtiənvuərdəχəŋ	train
regsverydeling	rɛχsfərəidələŋ	train
regswetenskap	rɛχsviətənskap	test
regte	rɛχtə	train
regtens	rɛχtəns	train
regter	rɛχtər	train
regterarm	rɛχtərarm	train
regterbeen	rɛχtərbiən	train
regterhand	rɛχtərɦant	train
regterkant	rɛχtərkant	train
regterknie	rɛχtərkni	train
regterlike	rɛχtərləkə	train
regters	rɛχtərs	train
regterskouer	rɛχtərskœuər	train
regtervleuel	rɛχtərfløːəl	train
regtes	rɛχtəs	train
regtig	rɛχtəχ	train
regtigwaar	rɛχtəχvɑːr	train
reguit	rɛχœyt	test
reguitlyn	rɛχœytləin	train
reguitlyngrafiek	rɛχœytləinχrafik	train
regulasie	rɛχylɑːsi	train
regulasies	rɛχylɑːsis	test
regulatoriese	rɛχylatuərisə	train
reguleer	rɛχyliər	train
reguleerder	rɛχyliərdər	test
regulerende	rɛχyliərəndə	train
regulering	rɛχyliərəŋ	train
regverdig	rɛχfɛrdəχ	train
regverdigbaar	rɛχfɛrdəχbɑːr	train
regverdige	rɛχfɛrdəχə	train
regverdiger	rɛχfɛrdəχər	train
regverdiges	rɛχfɛrdəχəs	train
regverdigheid	rɛχfɛrdəχɦəit	train
regverdiging	rɛχfɛrdəχəŋ	train
regverdigmaking	rɛχfɛrdəχmɑːkəŋ	train
rehabilitasie	riəɦabilitɑːsi	train
rehabilitasieprogram	riəɦabilitɑːsipruχram	test
reigerpark	rəiχərpark	train
reik	rəik	train
reikafstand	rəikafstant	train
reikwydte	rəikvəitə	train
rein	rəin	train
reine	rəinə	train
reinet	rəinɛt	train
reinetse	rəinɛtsə	test
reinheid	rəinɦəit	train
reinig	rəinəχ	train
reiniging	rəinəχəŋ	train
reis	rəis	test
reisagent	rəisaχɛnt	train
reisagente	rəisaχɛntə	test
reisagentskappe	rəisaχɛntskapə	train
reisdokumente	rəisdɔkymɛntə	train
reise	rəisə	train
reisgeld	rəisχɛlt	train
reisgeselskap	rəisχəsɛlskap	test
reisgeselskappie	rəisχəsɛlskapi	test
reisie	rəisi	test
reisiger	rəisəχər	train
reisigers	rəisəχərs	train
reismaniere	rəismanirə	train
reisplan	rəisplan	test
reisprogram	rəispruχram	test
reisverhaal	rəisfərɦɑːl	train
reisvertrek	rəisfərtrɛk	train
reitz	rəits	train
rek	rɛk	train
rekbaar	rɛkbɑːr	train
reken	riəkən	train
rekenaar	riəkənɑːr	train
rekenaarlaboratorium	riəkənɑːrlabratuəriœm	train
rekenaarmaatskappy	riəkənɑːrmɑːtskapəi	train
rekenaarnetwerk	riəkənɑːrnɛtvɛrk	train
rekenaarnetwerke	riəkənɑːrnɛtvɛrkə	train
rekenaarprogramme	riəkənɑːrpruχramə	train
rekenaars	riəkənɑːrs	train
rekenaarsentrum	riəkənɑːrsɛntrœm	train
rekenaarskerm	riəkənɑːrskɛrm	train
rekenaarstelsel	riəkənɑːrstɛlsəl	train
rekenaarstelsels	riəkənɑːrstɛlsəls	train
rekenaartegnologie	riəkənɑːrtɛχnuluχi	train
rekenaarvaardighede	riəkənɑːrfɑːrdəχɦiədə	train
rekenaarvirusse	riəkənɑːrvirœsə	train
rekening	riəkənəŋ	train
rekeninge	riəkənəŋə	train
rekeninghouers	riəkənəŋɦœuərs	train
rekeningkunde	riəkənəŋkœndə	train
rekeningkundige	riəkənəŋkœndəχə	train
rekeningnommer	riəkənəŋnɔmər	train
rekenings	riəkənəŋs	train
rekenmeester	riəkənmiəstər	test
rekenmeesters	riəkənmiəstərs	train
rekenpligtige	riəkənpləχtəχə	train
rekenskap	riəkənskap	train
rekkie	rɛki	train
reklame	rəklɑːmə	train
reklamebedryf	rəklɑːməbədrəif	train
reklameborde	rəklɑːməbɔrdə	train
reklamestandaarde	rəklɑːməstandɑːrdə	test
rekonsiliasie	riəkɔnsiliɑːsi	train
rekonstruksie	riəkɔnstrœksi	train
rekord	rɛkɔrt	train
rekordgetal	rɛkɔrtχətal	train
rekordhouding	rɛkɔrtɦœudəŋ	train
rekordhouer	rɛkɔrtɦœuər	train
rekordprys	rɛkɔrtprəis	test
rekords	rɛkɔrts	test
rekordtyd	rɛkɔrttəit	train
rekreasie	rɛkriɑːsi	train
rektor	rɛktɔr	train
rektum	rɛktœm	train
rekwisiete	rɛkwəsitə	train
relaas	rəlɑːs	train
relasies	rəlɑːsis	train
relatief	rɛlatif	train
relatiewe	rɛlativə	train
relatiwiteitsteorie	rɛlativitəitstiuri	train
relevansie	rɛləfansi	test
relevant	rɛləfant	train
relevante	rɛləfantə	train
religieus	rɛliχiøːs	train
relletjie	rɛliki	train
rem	rɛm	train
remedie	rəmiədi	train
remedies	rəmiədis	train
remediëring	rɛmədiiərəŋ	train
remme	rɛmə	train
ren	rɛn	train
renale	rənɑːlə	train
renbaan	rɛnbɑːn	train
renbane	rɛnbɑːnə	train
renjaer	rɛnjɑːər	train
renjaers	rɛnjɑːərs	train
renmotor	rɛnmuətər	train
renne	rɛnə	train
renoster	rənɔstər	train
renosterhoring	rənɔstərɦuərəŋ	train
renosters	rənɔstərs	train
renperde	rɛnpɛrdə	train
rens	rɛns	train
renstelle	rɛnstɛlə	train
rente	rɛntə	train
rentedraende	rɛntədrɑːəndə	train
rentekoers	rɛntəkurs	train
rentekoerse	rɛntəkursə	train
rentekoersverhoging	rɛntəkursfərɦuəχəŋ	train
rentekoersverlaging	rɛntəkursfərlɑːχəŋ	train
rentekoersverlagings	rɛntəkursfərlɑːχəŋs	test
rentekoste	rɛntəkɔstə	train
rentelas	rɛntəlas	train
rentetjies	rɛntəkis	train
rentevrye	rɛntəfrəiə	train
rentmeester	rɛntmiəstər	train
rentmeesterskap	rɛntmiəstərskap	train
renwoude	rɛnvœudə	train
rep	rɛp	train
repatriasie	riəpatriɑːsi	train
repe	riəpə	train
repertorium	rɛpərtuəriœm	train
repeteer	rɛpətiər	train
repies	riəpis	train
repliek	rəplik	test
repokoers	riəpukurs	train
reproduseer	riprɔdysiər	train
reptiel	rɛptil	train
reptiele	rɛptilə	train
republiek	rɛpœblik	train
republieke	rɛpœblikə	train
republikanisme	rɛpœblikanəsmə	train
republikein	rɛpœblikəin	train
republikeine	rɛpœblikəinə	test
republikeinse	rɛpœblikəinsə	train
republikeinsgesindes	rɛpœblikəinsχəsəndəs	train
reputasie	rɛpytɑːsi	train
reputasies	rɛpytɑːsis	train
res	rɛs	train
resenseer	rəsənsiər	train
resensent	rəsənsɛnt	train
resensente	rəsənsɛntə	train
resensie	rəsɛnsi	train
resensies	rəsɛnsis	train
resent	riəsɛnt	train
resep	rəsɛp	train
reseppies	rəsɛpis	train
resepte	rəsɛptə	train
resepteboek	rəsɛptəbuk	train
resepterende	rəsɛptiərəndə	train
reseptering	rəsɛptiərəŋ	test
reseptor	riəsɛptɔr	train
reservaat	rɛsɛrfɑːt	train
reservate	rɛsɛrfɑːtə	train
reservis	rɛsɛrfəs	train
reserwe	rəzɛrvə	train
reserweraad	rəzɛrvərɑːt	train
reserwes	rəzɛrvəs	train
resessie	riəsɛsi	train
residensiële	rəsədɛnʃiiələ	test
resident	rəsədɛnt	train
resolusies	rɛsulysis	train
resonansie	rɛsunansi	test
resoneer	rɛsuniər	train
respek	rəspɛk	train
respekteer	rəspɛktiər	train
respektiewelik	rəspɛktivələk	train
respirasie	rɛspirɑːsi	train
respondente	rɛspɔndɛntə	train
response	rəspɔnsə	test
ressorteer	rɛsɔrtiər	train
restaurant	rɛsturant	train
restaurante	rɛsturantə	train
restourasie	rɛsturɑːsi	test
restourasiewerk	rɛsturɑːsivɛrk	train
restoureer	rɛsturiər	train
restriksies	rəstrəksis	train
resultaat	rɛsœltɑːt	train
resultant	rɛsœltant	train
resultate	rɛsœltɑːtə	train
retief	rɛtif	train
retoerkaartjie	rəturkɑːrki	train
retoriek	rɛturik	train
retoriese	rɛtuərisə	test
reuk	røːk	train
reuke	røːkə	train
reun	røːn	train
reuns	røːns	train
reus	røːs	train
reusagtig	røːsaχtəχ	test
reusagtige	røːsaχtəχə	test
reuse	røːsə	train
reuseverskil	røːsəfərskəl	train
revolusies	rɛvɔlysis	train
revue	rəvy	train
rewolwer	rəvɔlvər	train
rewolwers	rəvɔlvərs	train
rey	rəi	test
reël	riəl	train
reëling	riələŋ	train
reëlings	riələŋs	train
reëlingskomitee	riələŋskɔmətiə	train
reëlmatige	riəlmɑːtəχə	train
reëls	riəls	train
reën	riən	train
reënboog	riənbuəχ	train
reënbuie	riənbœyə	train
reëns	riəns	train
reënseisoen	riənsəisun	test
reënval	riənfal	train
reënwoudhabitat	riənvœutɦabitat	train
reünie	riyni	train
rhodes	rœuds	train
rhodesiese	rudisisə	train
rhodesië	rudisiə	train
rib	rəp	train
ribbe	rəbə	test
ribbes	rəbəs	train
ribbesering	rəbbəsiərəŋ	train
ribbetjies	rəbikis	train
ricotta	rikɔta	train
ridder	rədər	train
ridders	rədərs	train
riebeek	ribiək	train
riem	rim	test
rieme	rimə	train
riet	rit	train
rietdakhuisies	ritdakɦœysis	train
riete	ritə	train
rif	rəf	train
rig	rəχ	train
rigiede	rəχidə	train
riglyn	rəχləin	train
riglyne	rəχləinə	train
rigters	rəχtərs	train
rigting	rəχtəŋ	test
rigtinggewende	rəχtəŋχiəvəndə	train
rigtinggewer	rəχtəŋχiəvər	train
rigtings	rəχtəŋs	train
rigtingwyser	rəχtəŋvəisər	train
rigtingwysers	rəχtəŋvəisərs	train
ril	rəl	train
riller	rələr	train
rillers	rələrs	train
rillings	rələŋs	train
ring	rəŋ	train
ringe	rəŋə	train
rinkhals	rəŋkals	train
rio	riu	test
riool	riuəl	train
risiko	risiku	train
risikofaktore	risikufakturə	train
risikoprofiel	risikuprufil	train
riskant	rəskant	train
riskante	rəskantə	train
rissies	rəsis	train
rit	rət	train
rites	ritəs	train
ritme	rətmə	train
ritmes	rətməs	train
ritmies	rətmis	train
ritmiese	rətmisə	test
rits	rəts	train
ritte	rətə	train
ritueel	rətʃyiəl	train
rituele	rətʃyiələ	train
rivier	rəfir	test
riviere	rəfirə	train
riwwe	rəvə	train
roald	rualt	train
rob	rɔp	train
robbe	rɔbə	train
robbeneiland	rɔbənəilant	train
robertson	rɔbərtsən	train
robinson	rɔbənsɔn	train
robot	ruəbɔt	train
robots	ruəbɔts	test
robyn	rubəin	train
rockers	rɔkərs	train
rockgroep	rɔkχrup	train
rocky	rɔki	train
rodium	ruədiœm	train
roebel	rubəl	test
roei	rui	train
roeier	ruiər	train
roekeloos	rukəluəs	train
roekelose	rukəlusə	train
roem	rum	train
roemeni	rumiəni	test
roemenië	ruminiə	train
roemryke	rumrəikə	train
roep	rup	train
roepery	rupərəi	test
roeping	rupəŋ	train
roepingsvervulling	rupəŋsfərfœləŋ	train
roepstem	rupstɛm	train
roer	rur	train
roerbraai	rurbrɑːi	train
roerend	rurənt	train
roerende	rurəndə	train
roerendste	rurəntstə	train
roering	rurəŋ	train
roes	rus	train
roesbruin	rusbrœyn	train
roete	rutə	test
roetes	rutəs	train
roetine	rutinə	train
rof	rɔf	train
rofstoei	rɔfstui	train
rofweg	rɔvɛχ	train
rofwerkpapier	rɔvɛrkpapir	train
rok	rɔk	train
rokers	ruəkərs	train
rokke	rɔkə	train
rokkie	rɔki	test
rokkies	rɔkis	train
rol	rɔl	train
rolbal	rɔlbal	train
rolbesetting	rɔlbəsɛtəŋ	train
rolfilm	rɔlfəlm	test
rolle	rɔlə	train
rollende	rɔləndə	train
roller	rɔlər	train
rollespel	rɔləspɛl	test
rolletjie	rɔliki	test
rolletjies	rɔlikis	train
rolling	rɔləŋ	test
rolmodel	rɔlmudɛl	test
rolmodelle	rɔlmudɛlə	train
rolpers	rɔlpɛrs	train
rolprent	rɔlprɛnt	train
rolprentbedryf	rɔlprɛntbədrəif	train
rolprente	rɔlprɛntə	train
rolprentfees	rɔlprɛntfiəs	train
rolprentgangers	rɔlprɛntχaŋərs	train
rolprentkuns	rɔlprɛntkœns	test
rolprentmaker	rɔlprɛntmɑːkər	train
rolprentmakers	rɔlprɛntmɑːkərs	train
rolprentregisseur	rɔlprɛntrɛχəsøːr	train
rolprentster	rɔlprɛntstɛr	train
rolprentsterre	rɔlprɛntstɛrə	train
rolprentteater	rɔlprɛnttiɑːtər	train
rolprentteaters	rɔlprɛnttiɑːtərs	train
rolprentvervaardiger	rɔlprɛntfərfɑːrdəχər	train
rolspeler	rɔlspiələr	train
rolspelers	rɔlspiələrs	train
rolstoel	rɔlstul	train
rolverdeling	rɔlfərdiələŋ	test
rom	rɔm	train
romaanse	rumɑːnsə	test
romans	ruəmans	train
romanse	rumansə	train
romanties	rumantis	train
romantiese	rumantisə	train
rome	ruəmə	train
romeine	ruəməinə	test
romeinse	ruməinsə	train
romerige	ruəmərəχə	test
rommel	rɔməl	train
romp	rɔmp	train
rompe	rɔmpə	train
rompslomp	rɔmpslɔmp	train
rond	rɔnt	train
rondawel	rɔndɑːvəl	train
rondawels	rɔndɑːvəls	train
rondbeweeg	rɔntbəviəχ	train
ronddra	rɔntdrɑː	train
ronddraaiende	rɔntdrɑːiəndə	train
ronddwaal	rɔntdwɑːl	train
ronde	rɔndə	train
rondes	rɔndəs	train
rondetjies	rɔntikis	train
rondgaande	rɔntχɑːndə	train
rondgehardloop	rɔntχəɦartluəp	train
rondgeloop	rɔntχəluəp	train
rondgeslinger	rɔntχəsləŋər	train
rondgestaan	rɔntχəstɑːn	test
rondgetrek	rɔntχətrɛk	train
rondhardloop	rɔntɦartluəp	test
rondkyk	rɔntkəik	test
rondloop	rɔntluəp	test
rondom	rɔntɔm	train
rondomtalie	rɔntɔmtɑːli	train
rondreisende	rɔntrəisəndə	test
rondry	rɔntrəi	train
rondskarrel	rɔntskarəl	train
rondskuif	rɔntskœyf	test
rondtasting	rɔnttastəŋ	test
rondte	rɔntə	test
rondtes	rɔntəs	train
rondtollende	rɔntɔləndə	train
rondvlieg	rɔntfliχ	train
roodepoort	ruədəpuərt	train
roodepoortse	ruədəpuərtsə	train
roof	ruəf	train
roofdier	ruəfdir	train
roofdiere	ruəfdirə	train
roofdierlike	ruəfdirləkə	train
roofeenheid	ruəfiənɦəit	train
roofkykers	ruəfkəikərs	train
rooftog	ruəftɔχ	train
rooftogte	ruəftɔχtə	test
roofvyande	ruəffəiandə	train
rook	ruək	test
rookgewoonte	ruəkχəvuəntə	train
rookwolke	ruəkvɔlkə	train
room	ruəm	train
rooms	ruəms	train
roomse	ruəmsə	train
roomys	ruəməis	train
roos	ruəs	train
roosevelt	ruəsəvɛlt	train
rooskleurig	ruəskløːrəχ	train
rooskleurige	ruəskløːrəχə	train
rooster	ruəstər	train
roosters	ruəstərs	train
roostuin	ruəstœyn	train
roothman	ruətman	test
rose	ruəsə	train
rosie	ruəsi	train
rosyne	rusəinə	train
rotasie	rutɑːsi	train
roteer	rutiər	train
roterende	rutiərəndə	train
rotor	ruətɔr	train
rots	rɔts	train
rotsagtige	rɔtsaχtəχə	train
rotse	rɔtsə	train
rotsgebergtes	rɔtsχəbɛrχtəs	train
rotskuns	rɔtskœns	train
rotsstorting	rɔtsstɔrtəŋ	train
rotstekeninge	rɔtstiəkənəŋə	train
rotsvas	rɔtsfas	train
rotsvaste	rɔtsfastə	train
rottang	rɔtaŋ	train
rotte	rɔtə	train
rou	rœu	train
roudiens	rœudins	train
rouklaers	rœuklɑːərs	test
roulette	rulɛt	train
rousseau	rusœu	train
rower	ruəvər	train
rowers	ruəvərs	train
rowwe	rɔvə	train
roy	rɔːi	test
rubber	rœbər	train
rubberkoeëls	rœbərkuəls	train
rubriek	rœbrik	train
rubrieke	rœbrikə	train
rubriekskrywer	rœbrikskrəivər	train
rug	rœχ	train
rugbesering	rœχbəsiərəŋ	train
rugbeserings	rœχbəsiərəŋs	train
rugby	raχbi	test
rugbyafrigter	raχbiafrəχtər	train
rugbybaas	raχbibɑːs	test
rugbybal	raχbibal	train
rugbybase	raχbibɑːsə	test
rugbygeesdriftiges	raχbiχiəsdrəftəχəs	train
rugbyklub	raχbiklœp	train
rugbyklubs	raχbiklœbs	train
rugbyliefhebbers	raχbilifɦɛbərs	train
rugbyloopbaan	raχbiluəpbɑːn	train
rugbymense	raχbimɛnsə	train
rugbyraad	raχbirɑːt	train
rugbyreeks	raχbiriəks	test
rugbyseisoen	raχbisəisun	train
rugbyskrywer	raχbiskrəivər	train
rugbyskrywers	raχbiskrəivərs	train
rugbyspan	raχbispan	train
rugbyspanne	raχbispanə	train
rugbyspeler	raχbispiələr	train
rugbyspelers	raχbispiələrs	train
rugbystewels	raχbistiəvəls	test
rugbytoer	raχbitur	train
rugbytoets	raχbituts	test
rugbyveld	raχbifɛlt	test
rugbyvelde	raχbifɛldə	train
rugbywedstryd	raχbivɛtstrəit	train
rugbywedstryde	raχbivɛtstrəidə	test
rugbyweek	raχbiviək	test
ruggraat	rœχχrɑːt	train
rugkant	rœχkant	train
rugleuning	rœχløːnəŋ	train
rugmurg	rœχmœrχ	train
rugpyn	rœχpəin	train
rugslag	rœχslaχ	train
ruik	rœyk	train
ruiker	rœykər	train
ruikers	rœykərs	test
ruil	rœyl	train
ruilmiddel	rœylmədəl	train
ruilwaarde	rœylvɑːrdə	train
ruim	rœym	train
ruimer	rœymər	train
ruimsig	rœymsəχ	train
ruimskoots	rœymskuəts	train
ruimte	rœymtə	train
ruimtehysbakke	rœymtəɦəisbakə	test
ruimtelik	rœymtələk	train
ruimtelike	rœymtələkə	train
ruimtes	rœymtəs	train
ruimteskepe	rœymtəskiəpə	test
ruimteskip	rœymtəskəp	train
ruimtestasie	rœymtəstɑːsi	train
ruimtetuie	rœymtətœyə	test
ruimtetuig	rœymtətœyχ	train
ruimtevaarder	rœymtəfɑːrdər	train
ruis	rœys	test
ruit	rœyt	train
ruite	rœytə	train
ruitens	rœytəns	train
ruiter	rœytər	train
ruiterlik	rœytərlək	train
ruiters	rœytərs	train
ruitersport	rœytərspɔrt	test
ruiterwag	rœytərvaχ	train
ruk	rœk	train
rukke	rœkə	train
rukkie	rœki	train
rum	ram	train
ruolie	ryuəli	train
rus	rœs	train
rusbank	rœsbaŋk	train
rusdag	rœsdaχ	train
ruskans	rœskɑːns	test
rusland	rœslant	train
rusperiode	rœspiəriuədə	train
rusplek	rœsplɛk	train
russies	rœsis	train
russiese	rœsisə	train
rusteloos	rœstəluəs	train
rustelose	rœstəluəsə	train
rustenburg	rœstənbœrχ	train
rustende	rœstəndə	train
rustig	rœstəχ	train
rustige	rœstəχə	train
rustiger	rœstəχər	train
rustigheid	rœstəχɦəit	train
rustyd	rœstəit	train
rustydtelling	rœstəittɛləŋ	test
rwandese	rəwandiəsə	train
ry	rəi	train
rybewys	rəibəvəis	test
rybewyse	rəibəvəisə	train
ryding	rəidəŋ	train
rye	rəiə	train
ryer	rəiər	train
ryers	rəiərs	test
ryg	rəiχ	train
rygerief	rəiχərif	train
rygoed	rəiχut	train
ryk	rəik	train
rykdom	rəikdɔm	train
ryke	rəikə	train
ryker	rəikər	train
rykes	rəikəs	train
rykseenheid	rəiksiənɦəit	test
rykseenheidsbeginsel	rəiksiənɦəitsbəχənsəl	train
ryksgesag	rəiksχəsaχ	train
rykste	rəikstə	test
rylaan	rəilɑːn	train
rym	rəim	train
rympies	rəimpis	train
ryp	rəip	train
ryperd	rəipɛrt	test
rypheid	rəipɦəit	train
rypwording	rəipvɔrdəŋ	train
rys	rəis	train
rytuie	rəitœyə	train
s'n	sn	train
saad	sɑːt	train
saadjie	sɑːiki	test
saadjies	sɑːikis	train
saadplante	sɑːtplantə	train
saai	sɑːi	train
saailinge	sɑːiləŋə	train
saak	sɑːk	train
saakbeskadiging	sɑːkbəskɑːdəχəŋ	train
saaklik	sɑːklək	train
saaklike	sɑːkləkə	train
saakmaak	sɑːkmɑːk	test
saal	sɑːl	train
saam	sɑːm	train
saambind	sɑːmbənt	train
saambindende	sɑːmbəndəndə	train
saambou	sɑːmbœu	train
saambring	sɑːmbrəŋ	train
saamdra	sɑːmdrɑː	train
saamdrom	sɑːmdrɔm	train
saamgaan	sɑːmχɑːn	test
saamgebind	sɑːmχəbənt	train
saamgebring	sɑːmχəbrəŋ	train
saamgedrom	sɑːmχədrɔm	train
saamgegroepeer	sɑːmχəχrupiər	train
saamgehang	sɑːmχəɦaŋ	train
saamgekom	sɑːmχəkɔm	train
saamgeneem	sɑːmχəniəm	train
saamgepers	sɑːmχəpɛrs	test
saamgeperste	sɑːmχəpɛrstə	train
saamgesels	sɑːmχəsɛls	test
saamgesing	sɑːmχəsəŋ	train
saamgesmelt	sɑːmχəsmɛlt	train
saamgesnoer	sɑːmχəsnur	train
saamgespan	sɑːmχəspan	train
saamgestel	sɑːmχəstɛl	train
saamgestelde	sɑːmχəstɛldə	train
saamgestem	sɑːmχəstɛm	train
saamgesweer	sɑːmχəswiər	train
saamgetrek	sɑːmχətrɛk	train
saamgeval	sɑːmχəfal	train
saamgevat	sɑːmχəfat	train
saamgevoeg	sɑːmχəfuχ	train
saamgewerk	sɑːmχəvɛrk	train
saamhang	sɑːmɦaŋ	train
saamhorigheid	sɑːmɦurəχɦəit	train
saamhoudende	sɑːmɦœudəndə	train
saamkom	sɑːmkɔm	train
saamleef	sɑːmliəf	train
saamneem	sɑːmniəm	train
saamneurie	sɑːmnøːri	train
saampersbaar	sɑːmpɛrsbɑːr	test
saampraat	sɑːmprɑːt	train
saamry	sɑːmrəi	train
saamrygeleentheid	sɑːmrəiχəliəntɦəit	train
saamsing	sɑːmsəŋ	train
saamsmelt	sɑːmsmɛlt	train
saamsnoer	sɑːmsnur	train
saamspan	sɑːmspan	train
saamspeel	sɑːmspiəl	test
saamstaan	sɑːmstɑːn	train
saamstel	sɑːmstɛl	train
saamstem	sɑːmstɛm	test
saamswem	sɑːmswɛm	train
saamtrek	sɑːmtrɛk	test
saamtrekke	sɑːmtrɛkə	train
saamval	sɑːmfal	train
saamvoeg	sɑːmfuχ	train
saamwerk	sɑːmvɛrk	train
saamwoon	sɑːmvuən	train
saans	sɑːns	train
saayman	sɑːiman	train
sabbat	sabat	test
sabbatdag	sabatdaχ	train
sabotasie	sabutɑːsi	train
saboteer	sabutiər	train
sade	sɑːdə	train
safari	safɑːri	train
sag	saχ	train
saga	sɑːχa	train
sage	sɑːχə	train
saggeaarde	saχəɑːrdə	test
saggies	saχis	train
sagmoedige	saχmudəχə	train
sagsinniges	saχsənəχəs	train
sagte	saχtə	train
sagtebal	saχtəbal	train
sagter	saχtər	train
sagteware	saχtəvɑːrə	train
sahara	saɦɑːra	train
sak	sak	test
sakboekbeursie	sakbukbøːrsi	train
sakdoek	sakduk	train
sake	sɑːkə	train
sakebedrywighede	sɑːkəbədrəivəχɦiədə	train
sakebelange	sɑːkəbəlaŋə	train
sakebesoek	sɑːkəbəsuk	train
sakegebied	sɑːkəχəbit	train
sakegebiede	sɑːkəχəbidə	train
sakegeleenthede	sɑːkəχəliəntɦiədə	train
sakegemeenskap	sɑːkəχəmiənskap	train
sakekamer	sɑːkəkɑːmər	train
sakekamers	sɑːkəkɑːmərs	train
sakeleier	sɑːkələiər	train
sakeleiers	sɑːkələiərs	test
sakelui	sɑːkəlœy	train
sakelys	sɑːkələis	test
sakeman	sɑːkəman	test
sakemanne	sɑːkəmanə	train
sakemense	sɑːkəmɛnsə	train
sakeonderneming	sɑːkəɔndərniəməŋ	train
sakeondernemings	sɑːkəɔndərniəməŋs	train
sakepersele	sɑːkəpərsiələ	train
sakeplan	sɑːkəplan	train
sakeplanne	sɑːkəplanə	train
sakepraktyk	sɑːkəpraktəik	train
sakereg	sɑːkərɛχ	train
sakesektor	sɑːkəsɛktɔr	train
sakesentrum	sɑːkəsɛntrœm	train
sakevennoot	sɑːkəfənuət	train
sakevennote	sɑːkəfənuətə	test
sakevertroue	sɑːkəfərtrœuə	train
sakevroue	sɑːkəfrœuə	train
sakgeld	sakχɛlt	train
sakie	sɑːki	test
sakke	sakə	train
sakkie	saki	train
sakmes	sakmɛs	train
sakrament	sakramɛnt	test
sakrekenaars	sakriəkənɑːrs	train
saksiese	saksisə	train
sal	sal	train
salaris	salɑːrəs	train
salarisaanpassings	salɑːrəsɑːnpasəŋs	train
salarisrekening	salɑːrəsriəkənəŋ	train
salarisse	salɑːrəsə	test
salarisskale	salɑːrəsskɑːlə	test
salaristrekker	salɑːrəstrɛkər	train
salaristrekkers	salɑːrəstrɛkərs	train
salarisverhoging	salɑːrəsfərɦuəχəŋ	test
salarisverhogings	salɑːrəsfərɦuəχəŋs	train
saldo	saldu	train
sale	sɑːlə	train
salf	salf	test
sali	sɑːli	train
salig	sɑːləχ	train
salige	sɑːləχə	train
saligheid	sɑːləχɦəit	train
salon	salɔn	train
samaria	samaria	test
samaritaan	samaritɑːn	train
samaritane	samaritɑːnə	train
sambok	sambɔk	train
sambokke	sambɔkə	test
sambreel	sambriəl	test
sambrele	sambriələ	train
samehangend	sɑːməɦaŋənt	test
samehangende	sɑːməɦaŋəndə	train
samehorigheid	sɑːməɦurəχɦəit	train
samekoms	sɑːməkɔms	train
samel	sɑːməl	train
samelewing	sɑːməliəvəŋ	train
samelewings	sɑːməliəvəŋs	train
samelewingsverband	sɑːməliəvəŋsfərbant	train
samelewingsverbande	sɑːməliəvəŋsfərbandə	train
sameroeper	sɑːmərupər	train
samesmelting	sɑːməsmɛltəŋ	train
samesmeltings	sɑːməsmɛltəŋs	train
samespel	sɑːməspɛl	train
samesprekinge	sɑːməspriəkəŋə	train
samesprekings	sɑːməspriəkəŋs	train
samestellende	sɑːməstɛləndə	train
samestellers	sɑːməstɛlərs	train
samestelling	sɑːməstɛləŋ	train
samestellings	sɑːməstɛləŋs	train
samesweerders	sɑːməswiərdərs	train
sameswering	sɑːməswiərəŋ	test
samesyn	sɑːməsəin	test
samevatting	sɑːməfatəŋ	train
samevoeging	sɑːməfuχəŋ	train
samewerkende	sɑːməvɛrkəndə	train
samewerking	sɑːməvɛrkəŋ	test
samewerkingsooreenkoms	sɑːməvɛrkəŋsuəriənkɔms	test
samewerkingsooreenkomste	sɑːməvɛrkəŋsuəriənkɔmstə	train
samoaanse	samuɑːnsə	train
sampioene	sampiunə	test
sampson	sɛmsən	train
samsara	samsɑːra	test
sand	sant	train
sandale	sandɑːlə	train
sandduine	santdœynə	train
sanderige	sandərəχə	train
sandkuil	santkœyl	train
sandsakke	santsakə	test
sandsteen	santstiən	train
sang	saŋ	train
sanger	saŋər	train
sangeres	saŋərɛs	train
sangers	saŋərs	train
sanggroep	saŋχrup	train
sangloopbaan	saŋluəpbɑːn	train
sangomas	saŋχɔmas	train
sanksie	saŋksi	train
sanksies	saŋksis	train
sanlamprys	sanlamprəis	train
sanskrit	sanskrət	train
sap	sap	train
sapiens	sɑːpiɛns	train
sappige	sapəχə	train
sardyne	sardəinə	train
sarkasties	sarkastis	train
sat	sat	train
satan	sɑːtan	train
satanisme	sɑːtanəsmə	train
sataniste	sɑːtanəstə	train
satelliet	satəlit	train
satelliete	satəlitə	train
saterdag	sɑːtərdaχ	train
saterdagaande	sɑːtərdaχɑːndə	test
saterdagmiddag	sɑːtərdaχmədaχ	train
saterdagmôre	sɑːtərdaχmɔrə	train
saterdagnamiddag	sɑːtərdaχnɑːmədaχ	train
saterdagoggend	sɑːtərdaχɔχənt	train
satire	satirə	train
satiriese	satirisə	train
satirikus	satirikœs	train
saturnus	satœrnœs	train
satyn	satəin	train
sauna	sɔna	train
savanne	savanə	train
saxofoon	saksufuən	test
scenario	sənɑːriu	train
schoeman	skuman	train
schoemanshoek	skumansɦuk	train
scriba	skriba	test
se	sə	train
sebra	siəbra	train
sederberge	siədərbɛrχə	train
sedert	siədərt	train
sedertdien	siədərtdin	train
sedimente	sɛdimɛntə	train
sedisie	sɛdisi	train
see	siə	train
seebodem	siəbudəm	train
seediens	siədins	train
seediere	siədirə	train
seegolwe	siəχɔlvə	train
seegrasbeddings	siəχrasbɛdəŋs	test
seekoei	siəkui	train
seekoeie	siəkuiə	train
seekus	siəkœs	train
seeland	siəlant	train
seelandse	siəlantsə	train
seeman	siəman	train
seemonster	siəmɔnstər	train
seemyl	siəməil	train
seep	siəp	test
seepblasie	siəpblɑːsi	train
seepglad	siəpχlat	train
seepgladde	siəpχladə	test
seer	siər	train
seereis	siərəis	train
seergekry	siərχəkrəi	test
seergemaak	siərχəmɑːk	test
seerkry	siərkrəi	train
seermaak	siərmɑːk	train
seerowers	siəruvərs	train
seerste	siərstə	train
seespieël	siəspiəl	train
seestrome	siəstrumə	train
seevaarders	siəfɑːrdərs	train
seevisserye	siəfəsərəiə	train
seevlak	siəflak	train
seewater	siəvɑːtər	train
seewaters	siəvɑːtərs	train
seg	sɛχ	train
sege	siəχə	train
seges	siəχəs	train
segetog	siəχətɔχ	train
seggenskap	sɛχənskap	train
segment	sɛχmɛnt	train
segmente	sɛχmɛntə	train
segmentele	sɛχmɛntiələ	train
segmentering	sɛχmɛntiərəŋ	test
segsman	sɛχsman	train
seil	səil	train
seile	səilə	test
seiljag	səiljaχ	train
seiljagte	səiljaχtə	test
seiljagvaarder	səiljaχfɑːrdər	train
seiljagvaart	səiljaχfɑːrt	train
seilskip	səilskəp	train
sein	səin	train
seine	səinə	train
seismiese	səismisə	train
seisoen	səisun	train
seisoenale	səisunɑːlə	train
seisoene	səisunə	train
seisoenkaartjies	səisunkɑːrkis	train
seisoensaangepaste	səisunsɑːnχəpastə	train
sekel	siəkəl	train
seker	siəkər	train
sekere	siəkərə	train
sekerhede	siəkərɦiədə	train
sekerheid	siəkərɦəit	test
sekerheidstelling	siəkərɦəitstɛləŋ	train
sekerheidstudies	siəkərɦəitstydis	train
sekerlik	siəkərlək	train
sekonde	səkɔndə	train
sekondes	səkɔndəs	train
sekresie	səkriəsi	train
sekretaresse	səkrətarɛsə	train
sekretariaat	səkrətariɑːt	train
sekretaris	səkrətɑːrəs	train
sekretarisse	səkrətɑːrəsə	train
sekretariële	səkrətariiələ	train
seks	sɛks	train
seksdrang	sɛksdraŋ	train
seksie	sɛksi	train
seksies	sɛksis	test
seksistiese	sɛksəstisə	train
sekslewe	sɛksliəvə	train
seksualiteit	sɛkʃyalitəit	train
seksueel	sɛkʃyiəl	test
sekte	sɛktə	train
sektor	sɛktɔr	train
sektore	sɛkturə	train
sektorplan	sɛktɔrplan	train
sekularisasie	sɛkylarisɑːsi	train
sekuriteit	səkyritəit	train
sekuriteite	səkyritəitə	train
sekuriteitsregte	səkyritəitsrɛχtə	train
sekuriteitsrisiko	səkyritəitsrisiku	train
sekwestrasie	sɛkwɛstrɑːsi	train
sekwestrasiebevel	sɛkwɛstrɑːsibəfɛl	train
sel	sɛl	train
sela	siəla	test
selberg	sɛlbɛrχ	train
selde	sɛldə	test
seldeling	sɛldiələŋ	train
seldery	sɛldərəi	train
seldsaam	sɛltsɑːm	train
seldsame	sɛltsɑːmə	train
seleksieprosesse	səlɛksiprusɛsə	test
selektief	sɛlɛktif	train
selektiewe	sɛlɛktivə	train
self	sɛlf	train
selfassessering	sɛlfasɛsiərəŋ	train
selfbeeld	sɛlfbiəlt	train
selfbeskikking	sɛlfbəskəkəŋ	train
selfbeskikkingsreg	sɛlfbəskəkəŋsrɛχ	train
selfbewus	sɛlfbəvœs	test
selfde	sɛlfdə	train
selferkende	sɛlfɛrkɛndə	train
selfevalueringsoefeninge	sɛlfivalyiərəŋsufənəŋə	train
selfgenoegsaamheid	sɛlfχənuχsɑːmɦəit	train
selfkennis	sɛlfkɛnəs	train
selfkorrigeringstrategieë	sɛlfkɔrəχiərəŋstratəχiə	train
selfmoord	sɛlfmuərt	test
selfonderhoudend	sɛlfɔndərɦœudənt	train
selfondersoek	sɛlfɔndərsuk	train
selfone	sɛlfuənə	train
selfoon	sɛlfuən	test
selfoorwinning	sɛlfuərvənəŋ	train
selfopgelegde	sɛlfɔpχəlɛχdə	test
selfportret	sɛlfpɔrtrɛt	train
selfregerende	sɛlfrəχiərəndə	train
selfrespek	sɛlfrəspɛk	train
selfs	sɛlfs	train
selfstandig	sɛlfstandəχ	train
selfstandige	sɛlfstandəχə	train
selfstandigheid	sɛlfstandəχɦəit	train
selfsug	sɛlfsœχ	test
selfsugtig	sɛlfsœχtəχ	train
selfsugtige	sɛlfsœχtəχə	train
selftoets	sɛlftuts	train
selfverdediging	sɛlffərdiədəχəŋ	train
selfverryking	sɛlffərəikəŋ	train
selfversekerd	sɛlffərsiəkərt	train
selfversekerde	sɛlffərsiəkərdə	train
selfvertroue	sɛlffərtrœuə	train
selfverwerfde	sɛlffərvɛrfdə	train
selfverwesenliking	sɛlffərviəsənləkəŋ	train
selfvoldaan	sɛlffɔldɑːn	train
selfvoldaanheid	sɛlffɔldɑːnɦəit	test
selfwaarde	sɛlfvɑːrdə	train
selgemeente	sɛlχəmiəntə	train
sellae	sɛllɑːə	train
selle	sɛlə	train
selluliet	sɛlylit	train
sellulose	sɛlylusə	train
selrespirasie	sɛlrɛspirɑːsi	train
selsiklus	sɛlsiklœs	train
seltipes	sɛltipəs	train
selwande	sɛlvandə	train
semantiek	səmantik	train
semen	siəmən	train
sement	səmɛnt	train
semester	səmɛstər	train
semestereksamen	səmɛstərɛksɑːmən	train
semesterpunt	səmɛstərpœnt	train
semestertoetse	səmɛstərtutsə	train
semestertoetspunt	səmɛstərtutspœnt	train
semi	sɛmi	train
seminaar	sɛminɑːr	test
seminaarvoorbereiding	sɛminɑːrfuərbərəidəŋ	train
seminare	sɛminɑːrə	train
semiotiese	sɛmiuətisə	train
sen	sɛn	train
senaat	sənɑːt	test
senator	sənɑːtɔr	train
senatore	sənatuərə	train
senators	sənɑːtɔrs	train
sendeling	sɛndələŋ	train
sendelinge	sɛndələŋə	train
sender	sɛndər	train
sending	sɛndəŋ	train
sendinggenootskap	sɛndəŋχənuətskap	train
sendingkerk	sɛndəŋkɛrk	train
sendings	sɛndəŋs	train
sendingsekretaris	sɛndəŋsəkrətɑːrəs	test
sendingstasie	sɛndəŋstɑːsi	train
senegalese	siənəχaliəsə	train
senekal	siənəkal	train
senior	siniɔr	train
seniors	siniɔrs	train
senna	sɛna	train
sensasie	sɛnsɑːsi	train
sensasionele	sɛnsaʃiuniələ	train
sensitief	sɛnsətif	test
sensitiewe	sɛnsətivə	train
sensitiwiteit	sɛnsətivitəit	train
sensors	sɛnsɔrs	train
sensualiteit	sɛnʃyalitəit	train
sensueel	sɛnʃyiəl	train
sensuele	sɛnʃyiələ	train
sensus	sɛnsœs	train
sent	sɛnt	train
senter	sɛntər	train
sentermaat	sɛntərmɑːt	train
senterpaar	sɛntərpɑːr	train
senters	sɛntərs	train
sentiment	sɛntimɛnt	train
sentimente	sɛntimɛntə	train
sentimenteel	sɛntimɛntiəl	train
sentimentele	sɛntimɛntiələ	train
sentimenterigheid	sɛntimɛntiərəχɦəit	train
sentimeter	sɛntimiətər	train
sentimeters	sɛntimiətərs	test
sentra	sɛntra	train
sentraal	sɛntrɑːl	test
sentrale	sɛntrɑːlə	train
sentreer	sɛntriər	train
sentrum	sɛntrœm	train
sentrums	sɛntrœms	train
senu	siəny	test
senuagtig	siənyaχtəχ	train
senuagtige	siənyaχtəχə	train
senuagtigheid	siənyaχtəχɦəit	train
senutergende	siənytɛrχəndə	train
senuwee	siənyviə	test
senuweeagtig	siənyviəaχtəχ	train
senuweebondels	siənyviəbɔndəls	test
senuwees	siənyviəs	train
senuweestelsel	siənyviəstɛlsəl	train
senuweeveegseltoets	siənyviəfiəχsəltuts	train
separate	sɛparɑːtə	train
separatisme	sɛparatəsmə	train
sepie	siəpi	train
september	sɛptɛmbər	train
septer	sɛptər	train
septiese	sɛptisə	train
serebraal	sɛrəbrɑːl	train
seremonie	sɛrəmuəni	train
seremonieel	sɛrəmuəniiəl	train
seremoniemeester	sɛrəmuənimiəstər	train
seremoniële	sɛrəmuəniiələ	train
serenade	sɛrənɑːdə	train
serie	siəri	train
sersant	sərsant	train
sertifikaat	sɛrtifikɑːt	train
sertifikate	sɛrtifikɑːtə	test
sertifiseer	sɛrtifisiər	train
sertifiseringsraad	sɛrtifisiərəŋsrɑːt	train
servette	sɛrfɛtə	train
serviks	sɛrviks	train
serwiese	sɛrvisə	train
ses	sɛs	train
sesdaagse	sɛsdɑːχsə	train
sesde	sɛsdə	train
sesduisend	sɛsdœysənt	train
seshonderd	sɛsɦɔndərt	train
sesnasies	sɛsnɑːsis	train
sesriem	sɛsrim	train
sesse	sɛsə	train
sessie	sɛsi	train
sessies	sɛsis	test
sestien	sɛstin	train
sestiende	sɛstində	train
sestienjarige	sɛstinjɑːrəχə	train
sestig	sɛstəχ	train
sestigerjare	sɛstəχərjɑːrə	train
sestigers	sɛstəχərs	train
sestigjarige	sɛstəχjɑːrəχə	train
sesvoet	sɛsfut	train
set	sɛt	train
setel	siətəl	test
setels	siətəls	train
sethou	sɛtɦœu	train
sethoue	sɛtɦœuə	train
setlaars	sɛtlɑːrs	test
setperk	sɛtpɛrk	train
setperke	sɛtpɛrkə	train
setyster	sɛtəistər	train
seun	søːn	train
seuns	søːns	train
seunskole	søːnskuələ	train
seunskool	søːnskuəl	train
seunskoor	søːnskuər	train
seuntjie	syŋki	train
seuntjies	syŋkis	train
sewe	siəvə	train
sewehonderd	siəvəɦɔndərt	train
sewejarige	siəvəjɑːrəχə	test
sewekamp	siəvəkamp	test
sewende	siəvəndə	train
sewentien	siəvəntin	train
sewentiende	siəvəntində	train
sewentienjarige	siəvəntinjɑːrəχə	train
sewentig	siəvəntəχ	train
sewentiger	siəvəntəχər	train
sewentigerjare	siəvəntəχərjɑːrə	train
sewentigste	siəvəntəχstə	train
sewes	siəvəs	train
sewespan	siəvəspan	train
sewesrugby	siəvəsraχbi	train
sewesspan	siəvəsspan	test
sewesterre	siəvəstɛrə	train
sexy	sɛksi	train
sexyste	sɛksistə	train
seychelle	səiʃɛlə	train
seë	siə	train
seëls	siəls	test
seën	siən	train
seëvier	siəfir	train
seëvierende	siəfirəndə	test
sfeer	sfiər	train
sferies	sfiəris	train
sferiese	sfiərisə	train
shebeen	ʃəbin	train
shebeens	ʃəbins	train
siamese	siamiəsə	train
sianobakterieë	sianubaktiəriə	train
sidder	sədər	train
siek	sik	train
siekbed	sikbɛt	test
sieke	sikə	train
siekeboeg	sikəbuχ	train
siekefonds	sikəfɔnts	train
siekefondse	sikəfɔntsə	train
siekes	sikəs	train
sieklik	siklək	train
sieklike	sikləkə	test
siekte	siktə	train
siektes	siktəs	train
siektetoestand	siktətustant	train
siektetoestande	siktətustandə	train
siel	sil	train
siele	silə	test
sielkunde	silkœndə	train
sielkundig	silkœndəχ	test
sielkundige	silkœndəχə	train
sielkundiges	silkœndəχəs	test
sielloos	silluəs	train
sielsverlange	silsfərlaŋə	train
siembamba	simbamba	train
sien	sin	train
siener	sinər	train
siening	sinəŋ	train
sieninge	sinəŋə	train
sienings	sinəŋs	train
siens	sins	train
sienswyse	sinsvəisə	train
sieraad	sirɑːt	train
sierduiwe	sirdœyvə	train
sierlike	sirləkə	train
sierrooster	siruəstər	train
sies	sis	train
sif	səf	train
sifilis	səfələs	train
sig	səχ	train
sigare	siχɑːrə	train
sigaret	siχarɛt	train
sigaretrook	siχarɛtruək	train
sigarette	siχarɛtə	train
sigbaar	səχbɑːr	train
sigbare	səχbɑːrə	test
sigoot	siχuət	train
sigself	səχsɛlf	train
sigwaarde	səχvɑːrdə	train
sikliese	siklisə	train
siklus	siklœs	train
siklusse	siklœsə	train
silika	səlika	train
silikon	səlikɔn	train
silinder	sələndər	train
silinderkoppe	sələndərkɔpə	train
silinders	sələndərs	train
silindriese	sələndrisə	train
sillabes	səlɑːbəs	train
sillabus	səlɑːbœs	test
silo	silu	train
silwer	səlvər	train
silwerdoek	səlvərduk	train
silwermedalje	səlvərmədaljə	train
silwerprys	səlvərprəis	train
simbiotiese	səmbiuətisə	test
simbole	səmbulə	train
simboliek	səmbulik	train
simbolies	səmbulis	train
simboliese	səmbulisə	train
simboliseer	səmbulisiər	train
simbool	səmbuəl	train
simfonie	səmfuni	train
simfonieorkes	səmfuniɔrkɛs	train
simfoniese	səmfunisə	train
simmetrie	səmətri	train
simmetries	səmiətris	train
simmetriese	səmiətrisə	train
simonstad	simɔnstat	train
simpatie	səmpati	test
simpatiek	səmpatik	train
simpatieke	səmpatikə	train
simpatiese	səmpɑːtisə	train
simpatiseerders	səmpatisiərdərs	train
simpel	səmpəl	train
simpele	səmpələ	train
simpleks	səmplɛks	train
simplekse	səmplɛksə	train
simplistiese	səmpləstisə	train
simposium	səmpusiœm	train
simptome	səmptumə	test
simulasie	səmylɑːsi	train
sin	sən	train
sinagoge	sənaχuəχə	test
sindikaat	səndikɑːt	train
sindikaatgroep	səndikɑːtχrup	train
sindikaatlede	səndikɑːtliədə	test
sindikate	səndikɑːtə	train
sindrome	səndruəmə	train
sindroom	səndruəm	train
sinds	sənts	train
sinergie	sənərχi	train
sing	səŋ	test
singapoerse	siŋχapursə	train
singende	səŋəndə	train
singer	səŋər	train
singers	səŋərs	train
sinies	sinis	train
siniese	sinisə	train
sinistere	sənəstərə	test
sink	səŋk	train
sinkdak	səŋkdak	train
sinkende	səŋkəndə	train
sinkgat	səŋkχat	train
sinkplate	səŋkplɑːtə	train
sinkretisme	sənkrətəsmə	train
sinloos	sənluəs	train
sinlose	sənlusə	train
sinne	sənə	train
sinnelike	sənələkə	train
sinneloos	sənəluəs	train
sinnelose	sənəluəsə	train
sinnetjies	sənikis	train
sinodale	sənudɑːlə	train
sinode	sənuədə	test
sinodes	sənuədəs	train
sinoniem	sənunim	train
sinonieme	sənunimə	train
sinoptiese	sənɔptisə	train
sinryk	sənrəik	train
sinsdele	sənsdiələ	test
sinskonstruksie	sənskɔnstrœksi	train
sinspeel	sənspiəl	train
sintetiese	səntiətisə	train
sintuie	səntœyə	train
sintuig	səntœyχ	train
sintuiglike	səntœyχləkə	test
sinusitis	sinœsitəs	train
sinvol	sənfɔl	train
sinvolheid	sənfɔlɦəit	train
sinvolle	sənfɔlə	test
sion	siɔn	train
sipresse	siprɛsə	train
sir	sər	test
sirene	səriənə	train
sirenes	səriənəs	train
sirkel	sərkəl	test
sirkelroete	sərkəlrutə	train
sirkels	sərkəls	train
sirkulasie	sərkylɑːsi	test
sirkulatoriese	sərkylaturisə	train
sirkuleer	sərkyliər	test
sirkus	sərkœs	train
sisteem	səstiəm	train
sisteemteorie	səstiəmtiuri	train
sistematiese	səstəmɑːtisə	train
sistematiseer	səstəmatisiər	test
sistematisering	səstəmatisiərəŋ	test
sistemiese	səstiəmisə	train
sit	sət	train
sitkamer	sətkɑːmər	train
sitkamers	sətkɑːmərs	train
sitkamerstel	sətkɑːmərstɛl	train
sitoplasma	situplasma	train
sitplek	sətplɛk	train
sitplekgordels	sətplɛkχɔrdəls	train
sitplekke	sətplɛkə	test
sitrus	sitrœs	train
sitting	sətəŋ	train
sittings	sətəŋs	train
situasie	sətʃuɑːsi	train
sitvlak	sətflak	train
siviele	səfilə	train
sjampanje	ʃampanjə	test
sjampoe	ʃampu	train
sjarmant	ʃarmant	train
sjarmante	ʃarmantə	train
sjarme	ʃarmə	train
sjebeen	ʃəbin	train
sjebeens	ʃəbins	train
sjebien	ʃəbin	train
sjef	ʃɛf	train
sjefs	ʃɛfs	train
sjerrie	ʃɛri	train
sjieling	ʃiləŋ	train
sjielings	ʃiləŋs	train
sjimpansee	ʃəmpanziə	train
sjimpansees	ʃəmpanziəs	train
sjina	ʃina	train
sjinese	ʃiniəsə	train
sjoe	ʃu	train
sjokolade	ʃɔkulɑːdə	train
sjokolades	ʃɔkulɑːdəs	train
sjokoladesous	ʃɔkulɑːdəsœus	train
skaad	skɑːt	train
skaaf	skɑːf	train
skaafwerk	skɑːfvɛrk	train
skaak	skɑːk	test
skaal	skɑːl	test
skaam	skɑːm	train
skaamkwaad	skɑːmkwɑːt	train
skaamte	skɑːmtə	test
skaamtelose	skɑːmtəluəsə	train
skaap	skɑːp	train
skaapboere	skɑːpburə	train
skaapboud	skɑːpbœut	train
skaapvel	skɑːpfɛl	train
skaapvleis	skɑːpfləis	train
skaapwagters	skɑːpvaχtərs	train
skaar	skɑːr	train
skaars	skɑːrs	train
skaarse	skɑːrsə	train
skaarsheid	skɑːrsɦəit	train
skaats	skɑːts	test
skade	skɑːdə	train
skadelik	skɑːdələk	train
skadelike	skɑːdələkə	train
skadevergoeding	skɑːdəfərχudəŋ	train
skadu	skɑːdy	train
skaduwee	skɑːdyviə	train
skaduwees	skɑːdyviəs	train
skaduweestreep	skɑːdyviəstriəp	train
skaf	skaf	train
skaflik	skaflək	train
skaflike	skafləkə	train
skag	skaχ	train
skagmynbou	skaχməinbœu	train
skagte	skaχtə	train
skakel	skɑːkəl	train
skakelbeampte	skɑːkəlbəamptə	train
skakelbord	skɑːkəlbɔrt	train
skakelhoof	skɑːkəlɦuəf	train
skakeling	skɑːkələŋ	train
skakeloffisier	skɑːkəlɔfəsir	test
skakelpaar	skɑːkəlpɑːr	train
skakels	skɑːkəls	train
skakelwerk	skɑːkəlvɛrk	train
skakering	skakiərəŋ	train
skakerings	skakiərəŋs	train
skale	skɑːlə	train
skamele	skɑːmələ	train
skandaal	skandɑːl	train
skandalig	skandɑːləχ	train
skandalige	skandɑːləχə	train
skande	skandə	train
skandelike	skandələkə	train
skandering	skandiərəŋ	train
skandinawië	skandinɑːviə	train
skans	skans	train
skape	skɑːpə	train
skapies	skɑːpis	train
skare	skɑːrə	train
skares	skɑːrəs	train
skarrel	skarəl	train
skat	skat	train
skater	skɑːtər	train
skaterlag	skɑːtərlaχ	train
skatkis	skatkəs	train
skatkiswissels	skatkəsvəsəls	test
skatryk	skatrəik	train
skatte	skatə	train
skattejag	skatəjaχ	train
skatting	skatəŋ	test
skattings	skatəŋs	test
skede	skiədə	train
skedel	skiədəl	train
skedule	skɛdylə	train
skeduleer	skɛdyliər	train
skedulering	skɛdyliərəŋ	train
skedules	skɛdyləs	train
skeef	skiəf	test
skeefgeloop	skiəfχəluəp	train
skeefheid	skiəfɦəit	train
skeefloop	skiəfluəp	train
skeen	skiən	test
skeepvaart	skiəpfɑːrt	train
skeer	skiər	train
skei	skəi	test
skeidende	skəidəndə	train
skeiding	skəidəŋ	train
skeidingspakket	skəidəŋspakɛt	train
skeidslyn	skəitsləin	train
skeidsregter	skəitsrɛχtər	train
skeidsregters	skəitsrɛχtərs	test
skeie	skəiə	test
skeikunde	skəikœndə	train
skel	skɛl	train
skeld	skɛlt	train
skelet	skəlɛt	train
skeletspier	skəlɛtspir	train
skeletspiere	skəlɛtspirə	test
skelm	skɛlm	train
skelmpies	skɛlmpis	train
skelms	skɛlms	train
skelmstreke	skɛlmstriəkə	train
skelmstukke	skɛlmstœkə	train
skema	skiəma	test
skemas	skiəmas	train
skemer	skiəmər	train
skemeraand	skiəmərɑːnt	train
skend	skɛnt	train
skending	skɛndəŋ	train
skenk	skɛŋk	train
skenker	skɛŋkər	train
skenkers	skɛŋkərs	train
skenking	skɛŋkəŋ	train
skenkings	skɛŋkəŋs	train
skep	skɛp	train
skepdoel	skɛpdul	train
skepdoele	skɛpdulə	train
skepe	skiəpə	train
skeppende	skɛpəndə	train
skepper	skɛpər	test
skeppers	skɛpərs	test
skeppies	skɛpis	train
skepping	skɛpəŋ	train
skeppings	skɛpəŋs	train
skeppingsontwikkeling	skɛpəŋsɔntvəkələŋ	train
skeppingsopenbaring	skɛpəŋsuəpənbɑːrəŋ	train
skepsel	skɛpsəl	train
skepsels	skɛpsəls	train
skepskop	skɛpskɔp	train
skepskoppe	skɛpskɔpə	train
skeptici	skɛptisi	train
skepties	skɛptis	test
skeptiese	skɛptisə	train
skeptisisme	skɛptisəsmə	train
skerm	skɛrm	train
skerms	skɛrms	train
skermutselings	skɛrmœtsələŋs	train
skerp	skɛrp	train
skerpe	skɛrpə	test
skerper	skɛrpər	train
skerpioen	skɛrpiun	train
skerpioene	skɛrpiunə	train
skerpsinnig	skɛrpsənəχ	train
skerpskutters	skɛrpskœtərs	train
skerpste	skɛrpstə	train
skerts	skɛrts	train
skertsend	skɛrtsənt	train
skerwe	skɛrvə	test
skets	skɛts	train
sketse	skɛtsə	train
sketsplan	skɛtsplan	train
skeur	skøːr	train
skeuring	skøːrəŋ	train
skeurmaker	skøːrmɑːkər	train
skewe	skiəvə	train
ski	ski	train
skielik	skilək	train
skielike	skiləkə	test
skiereiland	skirəilant	train
skiet	skit	train
skietbaan	skitbɑːn	train
skietery	skitərəi	train
skietgeveg	skitχəfɛχ	train
skietgoed	skitχut	train
skietongeluk	skitɔnχəlœk	train
skietramp	skitramp	train
skietstaking	skitstɑːkəŋ	test
skietstilstand	skitstəlstant	train
skietvoorval	skitfuərfal	train
skietvoorvalle	skitfuərfalə	train
skietwond	skitvɔnt	train
skietwonde	skitvɔndə	train
skik	skək	test
skikking	skəkəŋ	train
skikkingsooreenkoms	skəkəŋsuəriənkɔms	test
skil	skəl	test
skild	skəlt	train
skilde	skəldə	train
skilder	skəldər	train
skilderagtige	skəldəraχtəχə	train
skilderkuns	skəldərkœns	train
skilderkunstige	skəldərkœnstəχə	test
skilders	skəldərs	train
skildery	skəldərəi	train
skilderye	skəldərəiə	train
skildneusslange	skəltnøːsslaŋə	train
skilpaaie	skəlpɑːiə	train
skilpad	skəlpat	test
skimmel	skəməl	train
skinder	skəndər	train
skink	skəŋk	test
skinkbord	skəŋkbɔrt	train
skip	skəp	train
skipbreuk	skəpbrøːk	train
skipper	skəpər	train
skisofrenie	skisufrəni	train
skitter	skətər	train
skitterend	skətərənt	train
skitterende	skətərəndə	train
skitterender	skətərəndər	train
sklerose	skliərusə	train
skoeisel	skuisəl	train
skoen	skun	train
skoene	skunə	train
skoenlapper	skunlapər	train
skoenlappers	skunlapərs	train
skof	skɔf	train
skoffel	skɔfəl	train
skofte	skɔftə	train
skok	skɔk	train
skokbrekers	skɔkbriəkərs	train
skokgolwe	skɔkχɔlvə	train
skokke	skɔkə	train
skokkend	skɔkənt	train
skokkende	skɔkəndə	train
skokmetodes	skɔkmətuədəs	train
skoktoestand	skɔktustant	train
skolastiese	skulastisə	test
skole	skuələ	train
skolerugby	skuələraχbi	test
skolespan	skuələspan	train
skolewet	skuələvɛt	train
skolier	skulir	train
skoliere	skulirə	train
skommeling	skɔmələŋ	train
skommelinge	skɔmələŋə	train
skommelings	skɔmələŋs	train
skone	skuənə	train
skoner	skuənər	train
skool	skuəl	train
skoolbanke	skuəlbaŋkə	train
skoolboeke	skuəlbukə	train
skoolbus	skuəlbœs	train
skooldag	skuəldaχ	train
skooleffektiwiteit	skuəlɛfɛktivitəit	train
skoolgaan	skuəlχɑːn	train
skoolgebou	skuəlχəbœu	train
skoolgeboue	skuəlχəbœuə	train
skoolgehou	skuəlχəɦœu	train
skoolgeld	skuəlχɛlt	train
skoolhandboeke	skuəlɦantbukə	test
skoolhoof	skuəlɦuəf	train
skoolhoofde	skuəlɦuəfdə	train
skoolhou	skuəlɦœu	train
skooljaar	skuəljɑːr	test
skooljare	skuəljɑːrə	train
skoolkamp	skuəlkamp	train
skoolkind	skuəlkənt	test
skoolkinders	skuəlkəndərs	train
skoolkoerant	skuəlkurant	test
skoolkoshuis	skuəlkɔsɦœys	train
skoolkurrikulum	skuəlkœrikylœm	train
skoolloopbaan	skuəlluəpbɑːn	train
skoolmaats	skuəlmɑːts	train
skoolmeisie	skuəlməisi	train
skoolmeisies	skuəlməisis	train
skoolondervindinge	skuəlɔndərfəndəŋə	train
skoolopleiding	skuəlɔpləidəŋ	train
skoolopset	skuəlɔpsɛt	train
skoolreëls	skuəlriəls	train
skoolseun	skuəlsøːn	train
skoolseuns	skuəlsøːns	test
skoolstelsel	skuəlstɛlsəl	train
skooltas	skuəltas	train
skoolterrein	skuəltərəin	train
skooltjie	skuəlki	train
skoolvak	skuəlfak	train
skoolvakansie	skuəlfakansi	train
skoolvakansies	skuəlfakansis	test
skoolvakke	skuəlfakə	train
skoolvlak	skuəlflak	train
skoolvoorligting	skuəlfuərləχtəŋ	train
skoolvoorligtingonderwyser	skuəlfuərləχtəŋɔndərvəisər	train
skoolwerk	skuəlvɛrk	train
skoolwiskunde	skuəlvəskœndə	test
skoon	skuən	test
skoondogter	skuəndɔχtər	train
skoongemaak	skuənχəmɑːk	train
skoonheid	skuənɦəit	train
skoonheidskoningin	skuənɦəitskuənəŋən	train
skoonheidsmiddels	skuənɦəitsmədəls	train
skoonheidsprodukte	skuənɦəitsprudœktə	train
skoonheidswedstryd	skuənɦəitsvɛtstrəit	train
skoonma	skuənmɑː	train
skoonmaak	skuənmɑːk	train
skoonmaakmiddels	skuənmɑːkmədəls	train
skoonmaker	skuənmɑːkər	train
skoonmoeder	skuənmudər	train
skoonouers	skuənœuərs	train
skoonpa	skuənpɑː	train
skoonseun	skuənsøːn	train
skoonskip	skuənskəp	train
skoonskynende	skuənskəinəndə	train
skoonste	skuənstə	test
skoonsuster	skuənsœstər	train
skoonveld	skuənfɛlt	train
skoor	skuər	train
skoorsteen	skuərstiən	train
skoot	skuət	train
skootrekenaar	skuətriəkənɑːr	train
skop	skɔp	test
skoppe	skɔpə	train
skopper	skɔpər	train
skoppers	skɔpərs	train
skopskoen	skɔpskun	train
skopvoet	skɔpfut	train
skopwerk	skɔpvɛrk	train
skor	skɔr	train
skors	skɔrs	train
skorsing	skɔrsəŋ	train
skort	skɔrt	test
skot	skɔt	train
skote	skuətə	train
skotte	skɔtə	train
skottel	skɔtəl	train
skottelgoed	skɔtəlχut	train
skotvry	skɔtfrəi	train
skou	skœu	train
skouburg	skœubœrχ	train
skoue	skœuə	test
skouer	skœuər	train
skouers	skœuərs	test
skouspel	skœuspɛl	train
skouspelagtige	skœuspɛlaχtəχə	train
skraal	skrɑːl	test
skraap	skrɑːp	train
skrale	skrɑːlə	train
skraler	skrɑːlər	train
skram	skram	test
skrander	skrandər	train
skrap	skrap	test
skrapie	skrɑːpi	train
skrapnel	skrapnɛl	test
skrapping	skrapəŋ	train
skree	skriə	train
skrefies	skriəfis	train
skreiende	skrəiəndə	train
skrewe	skriəvə	test
skrif	skrəf	train
skrifbeskouing	skrəfbəskœuəŋ	train
skrifdeel	skrəfdiəl	train
skrifdele	skrəfdiələ	train
skrifgedeelte	skrəfχədiəltə	train
skrifgedeeltes	skrəfχədiəltəs	train
skrifgeleerdes	skrəfχəliərdəs	train
skrifte	skrəftə	train
skriftelik	skrəftələk	train
skriftelike	skrəftələkə	train
skrifverklaring	skrəffərklɑːrəŋ	train
skrifverwysings	skrəffərvəisəŋs	test
skrik	skrək	train
skrikbewind	skrəkbəvənt	train
skrikkerig	skrəkərəχ	test
skriktoneel	skrəktuniəl	test
skrikwekkend	skrəkvɛkənt	test
skrikwekkende	skrəkvɛkəndə	train
skril	skrəl	train
skrille	skrələ	train
skroef	skruf	test
skroei	skrui	train
skroewedraaier	skruvədrɑːiər	train
skromerige	skruəmərəχə	train
skroom	skruəm	train
skrootwerf	skruətvɛrf	train
skrum	skram	train
skrums	skrams	train
skrumskakel	skramskɑːkəl	train
skrumskakels	skramskɑːkəls	train
skrumwerk	skramvɛrk	train
skryf	skrəif	test
skryfbehoeftes	skrəifbəɦuftəs	train
skryfkuns	skrəifkœns	train
skryfode	skrəifuədə	train
skryfster	skrəifstər	train
skryfstrategieë	skrəifstratəχiə	train
skryfstukke	skrəifstœkə	train
skryfstyl	skrəifstəil	train
skryfvermoë	skrəiffərmuə	train
skryfwenke	skrəifvɛŋkə	train
skryfwerk	skrəifvɛrk	train
skryfwyse	skrəifvəisə	train
skrywe	skrəivə	test
skrywer	skrəivər	test
skrywers	skrəivərs	train
skrywersgilde	skrəivərsχəldə	train
skud	skœt	train
skuif	skœyf	train
skuifdeure	skœyfdøːrə	train
skuifel	skœyfəl	train
skuifspeld	skœyfspɛlt	train
skuifspelde	skœyfspəldə	train
skuil	skœyl	train
skuilgehou	skœylχəɦœu	train
skuiling	skœyləŋ	train
skuilnaam	skœylnɑːm	train
skuilname	skœylnɑːmə	train
skuilplek	skœylplɛk	train
skuilte	skœyltə	test
skuim	skœym	train
skuimkop	skœymkɔp	train
skuins	skœyns	train
skuinste	skœynstə	train
skuinsweg	skœynsvɛχ	train
skuiwe	skœyvə	test
skuiwergat	skœyvərχat	test
skuld	skœlt	test
skuldbelydenis	skœltbələidənəs	train
skuldbrief	skœltbrif	train
skuldbriefhouers	skœltbrifɦœuərs	train
skuldbriewe	skœltbrivə	test
skuldeiser	skœltəisər	train
skuldeisers	skœltəisərs	train
skuldelas	skœldəlas	train
skuldenaar	skœldənɑːr	train
skuldenaars	skœldənɑːrs	train
skulderkenning	skœltɛrkɛnəŋ	test
skuldgevoel	skœltχəful	train
skuldgevoelens	skœltχəfuləns	test
skuldig	skœldəχ	train
skuldigbevinding	skœldəχbəfəndəŋ	train
skuldigbevindings	skœldəχbəfəndəŋs	train
skuldige	skœldəχə	train
skuldiges	skœldəχəs	train
skuldinvorderaars	skœltənfɔrdərɑːrs	train
skuldverhouding	skœltfərɦœudəŋ	train
skulp	skœlp	train
skulpe	skœlpə	train
skulpies	skœlpis	train
skulpjakob	skœlpjɑːkɔp	train
skurk	skœrk	train
skurke	skœrkə	train
skut	skœt	train
skutgoed	skœtχut	test
skyf	skəif	train
skyfie	skəifi	train
skyfies	skəifis	test
skyfremme	skəifrɛmə	train
skyn	skəin	train
skynbaar	skəinbɑːr	train
skynbare	skəinbɑːrə	train
skynheilig	skəinɦəiləχ	test
skynheiligheid	skəinɦəiləχɦəit	train
skynsel	skəinsəl	train
skywe	skəivə	train
slaaf	slɑːf	train
slaafdrywers	slɑːfdrəivərs	train
slaafs	slɑːfs	train
slaag	slɑːχ	train
slaagpunt	slɑːχpœnt	train
slaags	slɑːχs	train
slaagsyfer	slɑːχsəifər	train
slaagvereistes	slɑːχfərəistəs	train
slaai	slɑːi	train
slaaie	slɑːiə	train
slaan	slɑːn	test
slaankrag	slɑːnkraχ	train
slaap	slɑːp	train
slaapkamer	slɑːpkɑːmər	train
slaapkamers	slɑːpkɑːmərs	train
slaaploosheid	slɑːpluəsɦəit	train
slaappille	slɑːppələ	train
slaapplek	slɑːpplɛk	train
slaapsak	slɑːpsak	train
slaapsakke	slɑːpsakə	train
slaaptyd	slɑːptəit	train
slaat	slɑːt	train
slae	slɑːə	train
slag	slaχ	train
slagaar	slaχɑːr	train
slaggate	slaχχɑːtə	train
slaggereed	slaχχəriət	train
slaghuis	slaχɦœys	train
slagoffer	slaχɔfər	train
slagoffers	slaχɔfərs	test
slagspreke	slaχspriəkə	train
slagspreuk	slaχsprøːk	train
slagspreuke	slaχsprøːkə	train
slagtande	slaχtandə	train
slagters	slaχtərs	train
slagting	slaχtəŋ	test
slagtings	slaχtəŋs	test
slagveld	slaχfɛlt	train
slagvelde	slaχfɛldə	train
slagyster	slaχəistər	train
slak	slak	train
slakkepas	slakəpas	train
slaner	slɑːnər	train
slaners	slɑːnərs	train
slang	slaŋ	train
slange	slaŋə	train
slangetjies	slaŋikis	train
slanke	slaŋkə	train
slap	slap	train
slapeloosheid	slɑːpəluəsɦəit	train
slapende	slɑːpəndə	train
slapenstyd	slɑːpənstəit	train
slater	slɑːtər	train
slavin	slafən	train
slawe	slɑːvə	test
slawediens	slɑːvədins	train
slawerny	slɑːvərnəi	train
slawiese	slɑːvisə	test
slee	sliə	train
sleekring	sliəkrəŋ	train
sleep	sliəp	train
sleepgewaad	sliəpχəvɑːt	train
sleeptou	sliəptœu	train
sleepwa	sliəpvɑː	train
sleg	slɛχ	test
slegs	slɛχs	test
slegste	slɛχstə	train
slegte	slɛχtə	train
slegter	slɛχtər	train
slenter	slɛntər	test
sleutel	sløːtəl	train
sleutelaspekte	sløːtəlaspɛktə	train
sleutelbeen	sløːtəlbiən	train
sleutelbegrippe	sløːtəlbəχrəpə	train
sleutelbord	sløːtəlbɔrt	train
sleutelelemente	sløːtəlɛləmɛntə	test
sleutelkonsepte	sløːtəlkɔnsɛptə	train
sleutelrol	sløːtəlrɔl	train
sleutels	sløːtəls	train
sleutelspelers	sløːtəlspiələrs	train
slim	sləm	train
slimmer	sləmər	train
slimste	sləmstə	train
slinger	sləŋər	test
sloer	slur	train
sloop	sluəp	train
sloot	sluət	train
slootgrawers	sluətχrɑːvərs	train
slootjie	slɔːiki	train
sloping	sluəpəŋ	train
slordig	slɔrdəχ	train
slot	slɔt	train
slotdividend	slɔtdəvədɛnt	train
slote	sluətə	train
slothoofstuk	slɔtɦuəfstœk	train
slotmaat	slɔtmɑːt	train
slotopmerking	slɔtɔpmɛrkəŋ	train
slotparagraaf	slɔtparaχrɑːf	train
slotsin	slɔtsən	test
slotsom	slɔtsɔm	train
slotte	slɔtə	train
slotwoord	slɔtvuərt	train
sluier	slœyər	train
sluimer	slœymər	train
sluimerende	slœymərəndə	train
sluip	slœyp	test
sluipmoord	slœypmuərt	train
sluipmoordaanval	slœypmuərtɑːnfal	train
sluipmoorde	slœypmuərdə	test
sluipmoordenaar	slœypmuərdənɑːr	train
sluise	slœysə	train
sluiswagters	slœysvaχtərs	train
sluit	slœyt	train
sluiting	slœytəŋ	train
sluitingsdatum	slœytəŋsdɑːtœm	test
sluitingskoers	slœytəŋskurs	test
sluitingsprys	slœytəŋsprəis	train
sluitingstyd	slœytəŋstəit	train
sluitsteen	slœytstiən	train
sluitweerremme	slœytviərrɛmə	train
sluk	slœk	train
slukderm	slœkdɛrm	train
slukke	slœkə	test
slukkie	slœki	train
slurp	slœrp	train
slurpvark	slœrpfark	train
slym	sləim	train
slyp	sləip	train
slypskole	sləipskuələ	train
slypskool	sləipskuəl	train
smaak	smɑːk	train
smaakknoppies	smɑːkknɔpis	train
smaaklik	smɑːklək	train
smaakvol	smɑːkfɔl	train
smag	smaχ	train
smagtende	smaχtəndə	train
smal	smal	train
smalend	smɑːlənt	train
smaller	smalər	test
smart	smart	train
smarte	smartə	train
smee	smiə	train
smeek	smiək	train
smeer	smiər	train
smeermiddels	smiərmədəls	train
smekend	smiəkənt	test
smeking	smiəkəŋ	train
smelt	smɛlt	test
smeltpunt	smɛltpœnt	test
smerige	smiərəχə	train
smid	smət	train
smiddae	smədɑːə	train
smit	smət	train
smokkel	smɔkəl	train
smokkelary	smɔkəlarəi	train
smokkelhuis	smɔkəlɦœys	train
smoor	smuər	train
smouse	smœusə	train
smul	smœl	train
smullekker	smœllɛkər	train
smuts	smœts	train
smutsleuse	smœtsløːsə	train
smutsvolgelinge	smœtsfɔlχələŋə	train
smyt	sməit	train
snaaks	snɑːks	test
snaakse	snɑːksə	train
snaaksste	snɑːkstə	test
snaar	snɑːr	train
snags	snaχs	train
snap	snap	train
snare	snɑːrə	train
snawel	snɑːvəl	train
snel	snɛl	train
snelbouler	snɛlbœulər	train
snelboulers	snɛlbœulərs	train
sneldeel	snɛldiəl	train
snelgroeiende	snɛlχruiəndə	train
snelhede	snɛlɦiədə	train
snelheid	snɛlɦəit	train
snelheidsperk	snɛlɦəitspɛrk	train
snelle	snɛlə	test
sneller	snɛlər	train
snellers	snɛlərs	train
snelskrywer	snɛlskrəivər	train
sneltrajek	snɛltrajɛk	train
sneltrein	snɛltrəin	train
snelweg	snɛlvɛχ	train
snert	snɛrt	train
snikhete	snəkɦiətə	train
snit	snət	train
snitte	snətə	train
snobisties	snɔbəstis	train
snoeker	snukər	train
snoepwinkels	snupvəŋkəls	train
snoer	snur	train
snor	snɔr	train
snork	snɔrk	train
snuffel	snœfəl	train
snuif	snœyf	train
snuisterye	snœystərəiə	train
snuiters	snœytərs	train
sny	snəi	train
snydende	snəidəndə	train
snye	snəiə	train
snykanse	snəikɑːnsə	train
snyman	snəiman	train
snytjie	snəiki	test
snywond	snəivɔnt	train
so	suə	train
soda	suəda	train
sodanig	suədɑːnəχ	train
sodanige	suədɑːnəχə	train
sodat	suədat	train
sodawater	suədɑːvɑːtər	train
sodoende	suədundə	train
sodomie	suədumi	train
soebat	subat	train
soedannese	sudaniəsə	train
soek	suk	train
soeke	sukə	train
soekend	sukənt	train
soekenjins	sukɛnjəns	train
soeker	sukər	test
soeklig	sukləχ	train
soektog	suktɔχ	train
soen	sun	train
soentjies	suiŋkis	train
soepel	supəl	train
soepelheid	supəlɦəit	train
soet	sut	train
soete	sutə	train
soeter	sutər	train
soeterige	sutərəχə	train
soetkoek	sutkuk	train
soetlief	sutlif	train
soetliefie	sutlifi	train
soewerein	suvərəin	train
soewereine	suvərəinə	train
soewereiniteit	suvərəinitəit	train
sofa	suəfa	train
sofas	suəfas	train
sogenaamd	suəχənɑːmt	test
sogenaamde	suəχənɑːmdə	train
sogenoemde	suəχənumdə	train
soggens	sɔχəns	train
soja	suəja	train
sojabone	suəjabuənə	train
sok	sɔk	train
sokker	sɔkər	train
sokkerklub	sɔkərklœp	train
sokkerspan	sɔkərspan	train
sokkervereniging	sɔkərfəriənəχəŋ	train
sokkerwedstryd	sɔkərvɛtstrəit	test
sokkie	sɔki	train
sokkies	sɔkis	train
solank	suəlaŋk	train
soldaat	sɔldɑːt	train
soldate	sɔldɑːtə	train
solder	sɔldər	train
soldier	sɔldir	train
soleer	suliər	train
solidariteit	sɔlidaritəit	train
solied	sulit	train
soliede	sulidə	train
solis	suələs	train
soliste	suələstə	train
solo	suəlu	train
solostuk	suəlustœk	train
solvente	sɔlfɛntə	train
som	sɔm	train
soma	suəma	train
somaar	suəmɑːr	train
somber	sɔmbər	train
some	suəmə	train
somer	suəmər	train
somerhuis	suəmərɦœys	train
somerset	suəmərsɛt	train
somervakansie	suəmərfakansi	train
sommer	sɔmər	test
sommerso	sɔmərsu	train
sommetjie	sɔmiki	train
sommige	sɔməχə	train
sommiges	sɔməχəs	train
soms	sɔms	train
somtyds	sɔmtəits	train
son	sɔn	train
sonar	suənar	test
sonate	sunɑːtə	test
sonates	sunɑːtəs	train
sonbesies	sɔnbiəsis	train
sonbrand	sɔnbrant	test
sonbrille	sɔnbrələ	train
sondaar	sɔndɑːr	train
sondaars	sɔndɑːrs	train
sondae	sɔndɑːə	train
sondag	sɔndaχ	train
sondagmôre	sɔndaχmɔrə	train
sondagskool	sɔndaχskuəl	train
sondagskoolonnie	sɔndaχskuəlɔni	train
sondak	sɔndak	train
sonde	sɔndə	test
sonder	sɔndər	train
sondes	sɔndəs	test
sondeval	sɔndəfal	train
sondig	sɔndəχ	test
sondige	sɔndəχə	train
sone	suənə	train
sonenergie	sɔnɛnərχi	train
sones	zuənəs	test
song	sɔŋ	train
sonkant	sɔnkant	train
sonkrag	sɔnkraχ	train
sonkring	sɔnkrəŋ	train
sonlig	sɔnləχ	train
sonne	sɔnə	train
sonneblom	sɔnəblɔm	train
sonneblomme	sɔnəblɔmə	train
sonneblomolie	sɔnəblɔmuəli	test
sonneblomsaad	sɔnəblɔmsɑːt	train
sonnehitte	sɔnəɦətə	train
sonnelig	sɔnələχ	train
sonneskyn	sɔnəskəin	train
sonnestelsel	sɔnəstɛlsəl	train
sonnestelseltjie	sɔnəstɛlsəlki	train
sonnestrale	sɔnəstrɑːlə	train
sonnette	sunɛtə	train
sonnig	sɔnəχ	train
sonnige	sɔnəχə	test
sononder	sɔnɔndər	train
sonop	sɔnɔp	train
sonskyn	sɔnskəin	train
sonsondergang	sɔnsɔndərχaŋ	train
sonsopkoms	sɔnsɔpkɔms	train
sonsverduistering	sɔnsfərdœystərəŋ	train
soogdiere	suəχdirə	train
soom	suəm	train
soontoe	suəntu	train
soort	suərt	test
soorte	suərtə	train
soortgelyk	suərtχələik	train
soortgelyke	suərtχələikə	train
soos	suəs	train
sop	sɔp	train
sopas	suəpas	train
sopnat	sɔpnat	test
sopraan	suprɑːn	train
soprane	suprɑːnə	train
sorg	sɔrχ	train
sorge	sɔrχə	train
sorghum	sɔrχœm	test
sorgsame	sɔrχsɑːmə	train
sorgvuldig	sɔrχfœldəχ	train
sorteer	sɔrtiər	train
sortering	sɔrtiərəŋ	train
sosaaitie	susɑːiti	train
soseer	susiər	train
sosiaal	suəʃiɑːl	train
sosiale	suəʃiɑːlə	test
sosialisering	suəʃialisiərəŋ	train
sosialiseringsvraagstuk	suəʃialisiərəŋsfrɑːχstœk	train
sosialisme	suəʃialəsmə	train
sosialiste	suəʃialəstə	train
sosialistiese	suəʃialəstisə	test
sosio	suəʃiu	train
sosiohistoriese	suəʃiuɦistuərisə	test
sosiolinguistiese	suəʃiuləŋχuəstisə	test
sosiolinguïstiese	suəʃiuləŋχuəstisə	train
sosiologie	suəʃiuluχi	test
sosiologiese	suəʃiuluəχisə	train
sosioloog	suəʃiuluəχ	train
sosiopolitieke	suəʃiupɔlətikə	train
sot	sɔt	train
sou	sœu	train
soul	sœul	train
sous	sœus	test
souse	sœusə	train
sout	sœut	train
soute	sœutə	train
soutgehalte	sœutχəɦaltə	train
souties	sœutis	train
soutoplossing	sœutɔplɔsəŋ	train
soutribbetjie	sœutrəbiki	train
soutribbetjies	sœutrəbikis	train
soutwater	sœutvɑːtər	train
soveel	sufiəl	train
soveelste	sufiəlstə	test
sover	suəfɛr	train
soverre	suəfɛrə	train
sowaar	suəvɑːr	train
sowat	suəvat	test
sowel	suəvɛl	train
sowjet	suəvjɛt	train
spa	spɑː	train
spaander	spɑːndər	train
spaanse	spɑːnsə	train
spaar	spɑːr	train
spaargeld	spɑːrχɛlt	train
spaghetti	spaχɛti	train
span	span	train
spanbou	spanbœu	train
spandeer	spandiər	train
spangees	spanχiəs	train
spanje	spanjə	test
spankeuses	spankøːsəs	train
spankompetisie	spankɔmpətisi	train
spanlede	spanliədə	train
spanlid	spanlət	train
spanmaat	spanmɑːt	train
spanmaats	spanmɑːts	test
spanne	spanə	train
spannend	spanənt	train
spannende	spanəndə	train
spannetjie	spaniki	train
spanning	spanəŋ	train
spanninge	spanəŋə	test
spanningslyn	spanəŋsləin	train
spanningsvolle	spanəŋsfɔlə	train
spanpoging	spanpuəχəŋ	train
spantoue	spantœuə	train
spanverband	spanfərbant	train
spanwerk	spanvɛrk	train
sparre	sparə	train
spartaanse	spartɑːnsə	train
spartel	spartəl	train
spasie	spɑːsi	train
spasies	spɑːsis	train
spasiëring	spasiiərəŋ	train
spat	spat	test
spatare	spatɑːrə	train
speaker	spikər	train
speel	spiəl	train
speelbal	spiəlbal	train
speeldae	spiəldɑːə	test
speeldeeg	spiəldiəχ	train
speelgoed	spiəlχut	train
speelgoedjies	spiəlχukis	train
speelklei	spiəlkləi	train
speelplek	spiəlplɛk	train
speeltyd	spiəltəit	train
speelvak	spiəlfak	test
speelveld	spiəlfɛlt	train
speen	spiən	train
spek	spɛk	test
speke	spiəkə	train
spektakel	spɛktɑːkəl	train
spektrum	spɛktrœm	test
spekulante	spɛkylantə	train
spekulasie	spɛkylɑːsi	train
spekulatiewe	spɛkylativə	train
spekvleis	spɛkfləis	train
spel	spɛl	train
speld	spɛlt	train
spele	spiələ	train
spelende	spiələndə	train
speler	spiələr	train
spelers	spiələrs	train
spelery	spiələrəi	train
speletjie	spiəliki	test
speletjies	spiəlikis	train
spelle	spɛlə	train
spelling	spɛləŋ	train
spelpatroon	spɛlpatruən	train
spelpeil	spɛlpəil	train
spelreëls	spɛlriəls	train
spelstrategieë	spɛlstratəχiə	train
sperdatum	spɛrdɑːtœm	train
sperm	spɛrm	test
sperme	spɛrmə	train
sperms	spɛrms	train
spermsel	spɛrmsɛl	train
spertyd	spɛrtəit	train
spertye	spɛrtəiə	train
speserye	spəsərəiə	train
spesiaal	spɛʃiɑːl	test
spesiale	spɛʃiɑːlə	train
spesialis	spɛʃialəs	train
spesialiseer	spɛʃialisiər	train
spesialiseringsrigting	spɛʃialisiərəŋsrəχtəŋ	train
spesialiste	spɛʃialəstə	train
spesie	spiəsi	train
spesiename	spiəsinɑːmə	test
spesies	spiəsis	train
spesifiek	spɛsəfik	train
spesifieke	spɛsəfikə	test
spesifikasie	spɛsifikɑːsi	train
spesifikasies	spɛsifikɑːsis	train
speurder	spøːrdər	train
speurders	spøːrdərs	train
speurdiens	spøːrdins	test
speurhoof	spøːrɦuəf	train
speurtak	spøːrtak	train
speurverhaal	spøːrfərɦɑːl	train
speurwerk	spøːrvɛrk	train
spier	spir	test
spierdistrofie	spirdəstrufi	train
spiere	spirə	train
spiergroepe	spirχrupə	train
spiermassa	spirmasa	train
spiervesels	spirfiəsəls	train
spierweefsel	spirviəfsəl	test
spierwit	spirvət	train
spierwittes	spirvətəs	train
spies	spis	train
spiese	spisə	train
spiets	spits	test
spieël	spiəl	train
spieëls	spiəls	train
spil	spəl	test
spilpunt	spəlpœnt	train
spinale	spinɑːlə	train
spinasie	spinɑːsi	train
spinnekoppe	spənəkɔpə	test
spioen	spiun	train
spioenasie	spiunɑːsi	train
spioene	spiunə	train
spiritualiteit	spərətʃualitəit	train
spit	spət	train
spits	spəts	train
spitsberaad	spətsbərɑːt	train
spitstyd	spətstəit	test
spitsverkeer	spətsfərkiər	train
splinternuwe	spləntərnyvə	train
split	splət	train
splyting	spləitəŋ	train
spoed	sput	train
spoedgrens	sputχrɛns	train
spoedig	spudəχ	train
spoedige	spudəχə	train
spoedlees	sputliəs	train
spoedvergadering	sputfərχɑːdərəŋ	train
spoeg	spuχ	train
spoegkobras	spuχkuəbras	test
spoei	spui	train
spoel	spul	test
spog	spɔχ	train
spoggeleentheid	spɔχχəliəntɦəit	train
spoggerige	spɔχərəχə	train
spoghuis	spɔχɦœys	train
spoke	spuəkə	train
spons	spɔns	train
spontaan	spɔntɑːn	train
spontane	spɔntɑːnə	train
spook	spuək	train
spookbaas	spuəkbɑːs	train
spookmens	spuəkmɛns	train
spoor	spuər	test
spoorloos	spuərluəs	train
spoorlyn	spuərləin	train
spoorvervoer	spuərfərfur	test
spoorweg	spuərvɛχ	train
spoorwegreëlings	spuərvɛχriələŋs	train
spoorwegstasie	spuərvɛχstɑːsi	train
sporadies	spurɑːdis	train
sporadiese	spurɑːdisə	train
spore	spuərə	train
sport	spɔrt	train
sportbyeenkomste	spɔrtbəiiənkɔmstə	train
sportdag	spɔrtdaχ	train
sportdeelname	spɔrtdiəlnɑːmə	train
sporte	spɔrtə	train
sportfederasies	spɔrtfɛdərɑːsis	train
sportfilosofie	spɔrtfilusufi	train
sportgebeure	spɔrtχəbøːrə	train
sportgebied	spɔrtχəbit	test
sportgeleenthede	spɔrtχəliəntɦiədə	train
sportgeriewe	spɔrtχərivə	train
sportief	spɔrtif	train
sportiewe	spɔrtivə	train
sportklubs	spɔrtklœbs	train
sportkompleks	spɔrtkɔmplɛks	train
sportkunde	spɔrtkœndə	train
sportliefhebbers	spɔrtlifɦɛbərs	train
sportliggame	spɔrtləχɑːmə	train
sportlui	spɔrtlœy	train
sportman	spɔrtman	test
sportmanne	spɔrtmanə	train
sportmense	spɔrtmɛnsə	train
sportmotors	spɔrtmuətərs	train
sportprestasie	spɔrtprɛstɑːsi	train
sportpsigologiese	spɔrtsiχuluəχisə	train
sportredakteur	spɔrtrɛdaktøːr	train
sportsentrum	spɔrtsɛntrœm	train
sportsoort	spɔrtsuərt	test
sportsoorte	spɔrtsuərtə	test
sportspesifieke	spɔrtspɛsəfikə	train
sportstadion	spɔrtstɑːdiɔn	train
sportster	spɔrtstɛr	train
sportsterre	spɔrtstɛrə	train
sportuitslae	spɔrtœytslɑːə	train
sportvaardighede	spɔrtfɑːrdəχɦiədə	train
sportveld	spɔrtfɛlt	train
sportvelde	spɔrtfɛldə	test
sportvrou	spɔrtfrœu	train
sportweke	spɔrtviəkə	test
sportwetenskap	spɔrtviətənskap	train
sportwetenskaplike	spɔrtviətənskapləkə	train
spot	spɔt	train
spotgoedkoop	spɔtχutkuəp	train
spotprent	spɔtprɛnt	train
spotprente	spɔtprɛntə	train
spottend	spɔtənt	train
spraak	sprɑːk	train
spraakorgane	sprɑːkɔrχɑːnə	train
sprake	sprɑːkə	train
sprakeloos	sprɑːkəluəs	train
sprankel	spraŋkəl	train
sprankelende	spraŋkələndə	train
spreek	spriək	train
spreekbeurt	spriəkbøːrt	test
spreekkamer	spriəkkɑːmər	train
spreekkamers	spriəkkɑːmərs	train
spreektaal	spriəktɑːl	test
spreektye	spriəktəiə	test
spreekwoord	spriəkvuərt	train
spreekwoorde	spriəkvuərdə	train
spreekwoordelike	spriəkvuərdələkə	train
sprei	sprəi	train
spreiding	sprəidəŋ	train
spreiligte	sprəiləχtə	train
spreke	spriəkə	train
sprekend	spriəkənt	train
sprekende	spriəkəndə	train
spreker	spriəkər	train
sprekers	spriəkərs	train
spreuk	sprøːk	test
spreuke	sprøːkə	train
spring	sprəŋ	test
springbok	sprəŋbɔk	train
springbokke	sprəŋbɔkə	train
springbokkleure	sprəŋbɔkkløːrə	train
springbokpark	sprəŋbɔkpark	test
springer	sprəŋər	train
springlewendig	sprəŋliəvəndəχ	train
springmielies	sprəŋmilis	train
springstof	sprəŋstɔf	train
sprinkaan	sprəŋkɑːn	train
sprinkane	sprəŋkɑːnə	train
sprinkel	sprəŋkəl	train
sproei	sprui	train
sproete	sprutə	train
sprokie	spruəki	train
sprokies	spruəkis	test
sprong	sprɔŋ	train
spronge	sprɔŋə	train
spruit	sprœyt	train
spuiker	spœykər	test
spuit	spœyt	test
spul	spœl	train
spulletjie	spœliki	test
spy	spəi	train
spyker	spəikər	train
spykers	spəikərs	train
spyse	spəisə	train
spyseniering	spəisənirəŋ	train
spyskaart	spəiskɑːrt	train
spyskaarte	spəiskɑːrtə	train
spysvertering	spəisfərtiərəŋ	train
spysverteringskanaal	spəisfərtiərəŋskanɑːl	train
spysverteringstelsel	spəisfərtiərəŋstɛlsəl	train
spyt	spəit	train
spyte	spəitə	train
staaf	stɑːf	train
staafgrafiek	stɑːfχrafik	train
staafmagneet	stɑːfmaχniət	train
staak	stɑːk	test
staal	stɑːl	train
staalbedryf	stɑːlbədrəif	train
staaltjie	stɑːlki	train
staaltjies	stɑːlkis	train
staan	stɑːn	train
staande	stɑːndə	train
staangemaak	stɑːnχəmɑːk	train
staanplek	stɑːnplɛk	train
staanplekke	stɑːnplɛkə	train
staanplekkie	stɑːnplɛki	train
staanposisie	stɑːnpuzisi	train
staanspoor	stɑːnspuər	train
staar	stɑːr	train
staat	stɑːt	train
staatgemaak	stɑːtχəmɑːk	test
staatkundig	stɑːtkœndəχ	train
staatkundige	stɑːtkœndəχə	train
staatmaak	stɑːtmɑːk	train
staatmaker	stɑːtmɑːkər	train
staatmakers	stɑːtmɑːkərs	train
staatsaanklaer	stɑːtsɑːnklɑːər	train
staatsaanklaers	stɑːtsɑːnklɑːərs	train
staatsadvokaat	stɑːtsatfukɑːt	test
staatsadvokate	stɑːtsatfukɑːtə	train
staatsamptenaar	stɑːtsamptənɑːr	train
staatsamptenare	stɑːtsamptənɑːrə	train
staatsbates	stɑːtsbɑːtəs	train
staatsbeheer	stɑːtsbəɦiər	test
staatsbeheerde	stɑːtsbəɦiərdə	train
staatsbesteding	stɑːtsbəstiədəŋ	train
staatsbestel	stɑːtsbəstɛl	train
staatsbiblioteek	stɑːtsbəbliutiək	train
staatsdepartemente	stɑːtsdəpartəmɛntə	train
staatsdiens	stɑːtsdins	train
staatsdienskommissie	stɑːtsdinskumisi	test
staatsdienswet	stɑːtsdinsvɛt	train
staatseffekte	stɑːtsifɛktə	train
staatseiendom	stɑːtsəiəndɔm	train
staatsfinansies	stɑːtsfinansis	train
staatsfunksies	stɑːtsfœŋksis	train
staatsgeboue	stɑːtsχəbœuə	train
staatsgeld	stɑːtsχɛlt	train
staatsgetuie	stɑːtsχətœyə	train
staatsgetuies	stɑːtsχətœyəs	train
staatsgreep	stɑːtsχriəp	test
staatshoof	stɑːtsɦuəf	test
staatshoofde	stɑːtsɦuəfdə	train
staatshospitaal	stɑːtsɦɔspitɑːl	train
staatshospitale	stɑːtsɦɔspitɑːlə	train
staatsinstellings	stɑːtsənstɛləŋs	train
staatskas	stɑːtskas	train
staatskoerant	stɑːtskurant	train
staatskole	stɑːtskuələ	train
staatskorporasies	stɑːtskɔrpɔrɑːsis	test
staatskuld	stɑːtskœlt	test
staatslotery	stɑːtsluətərəi	test
staatsmag	stɑːtsmaχ	train
staatsman	stɑːtsman	test
staatsmanne	stɑːtsmanə	train
staatsmanskap	stɑːtsmanskap	test
staatsondersteunde	stɑːtsɔndərstøːndə	train
staatsopera	stɑːtsuəpəra	test
staatspresident	stɑːtsprəsədɛnt	train
staatsprokureur	stɑːtsprɔkœrøːr	train
staatsrede	stɑːtsriədə	train
staatsteater	stɑːtstiɑːtər	train
staatstelsel	stɑːtstɛlsəl	test
staatsubsidie	stɑːtsœbsidi	train
staatsuitgawes	stɑːtsœytχɑːvəs	train
staatsveiligheidsraad	stɑːtsfəiləχɦəitsrɑːt	test
staatsvorm	stɑːtsfɔrm	train
staatsvorms	stɑːtsfɔrms	train
stabiel	stabil	train
stabiele	stabilə	train
stabiliseer	stabəlisiər	test
stabilisering	stabəlisiərəŋ	train
stabiliteit	stabəlitəit	train
stad	stat	train
stadhuis	statɦœys	train
stadig	stɑːdəχ	train
stadigaan	stɑːdəχɑːn	train
stadige	stɑːdəχə	test
stadiger	stɑːdəχər	train
stadion	stɑːdiɔn	train
stadions	stɑːdiɔns	train
stadium	stɑːdiœm	train
stadiums	stɑːdiœms	test
stadsaal	statsɑːl	train
stadsbeplanning	statsbəplanəŋ	train
stadsekretaris	statsəkrətɑːrəs	test
stadsjapies	statsjɑːpis	train
stadskern	statskɛrn	train
stadsklerk	statsklɛrk	train
stadsklerke	statsklɛrkə	train
stadskouburg	statskœubœrχ	train
stadspolisie	statspulisi	train
stadsraad	statsrɑːt	train
stadsraadslede	statsrɑːtsliədə	train
stadsraadslid	statsrɑːtslət	train
stadsrade	statsrɑːdə	train
stadstate	statstɑːtə	train
stadstatus	statstɑːtœs	train
stadsteater	statstiɑːtər	train
stadsvaders	statsfɑːdərs	train
stadsverkeer	statsfərkiər	train
staf	staf	train
stafhoof	stafɦuəf	train
stafies	stɑːfis	train
stagnasie	staχnɑːsi	train
stagneer	staχniər	train
stakende	stɑːkəndə	train
stakers	stɑːkərs	train
staking	stɑːkəŋ	test
stakings	stɑːkəŋs	train
stal	stal	train
stalagtiete	stalaχtitə	train
staldeur	staldøːr	train
stallard	stalart	train
stalle	stalə	train
stalletjie	staliki	train
stalletjies	stalikis	train
stalmaat	stalmɑːt	train
stalmaats	stalmɑːts	test
stam	stam	train
stamel	stɑːməl	train
stamhoofde	stamɦuəfdə	train
stamme	stamə	train
stamp	stamp	train
stamper	stampər	test
stampvol	stampfɔl	train
stamselnavorsing	stamsɛlnɑːfɔrsəŋ	train
stand	stant	train
standaard	standɑːrt	test
standaardafrikaans	standɑːrtafrikɑːns	train
standaardafwyking	standɑːrtafvəikəŋ	train
standaarde	standɑːrdə	train
standaardeliggame	standɑːrdələχɑːmə	test
standaardgraad	standɑːrtχrɑːt	train
standaardisering	standɑːrdisiərəŋ	train
standaardkoste	standɑːrtkɔstə	train
standaardtaal	standɑːrttɑːl	train
standaardtale	standɑːrttɑːlə	train
standaardtoerusting	standɑːrtturœstəŋ	train
standaardvariëteit	standɑːrtvariətəit	train
standaardvorm	standɑːrtfɔrm	train
standbeeld	stantbiəlt	train
standbeelde	stantbiəldə	test
stande	standə	train
stander	standər	train
standerd	standərt	train
standerton	standərtɔn	train
standplase	stantplɑːsə	train
standpunt	stantpœnt	train
standpunte	stantpœntə	train
standpuntinname	stantpœntənɑːmə	train
standpuntinnames	stantpœntənɑːməs	train
stang	staŋ	train
stap	stap	train
stapel	stɑːpəl	train
stapels	stɑːpəls	train
stappe	stapə	train
stapper	stapər	train
stappers	stapərs	train
stapplek	stapplɛk	train
staproete	staprutə	train
staptog	staptɔχ	train
star	star	train
stasie	stɑːsi	train
stasiekommissaris	stɑːsikɔməsɑːrəs	train
stasies	stɑːsis	train
state	stɑːtə	train
statebond	stɑːtəbɔnt	train
statebondslande	stɑːtəbɔntslandə	train
statige	stɑːtəχə	test
statistica	statəstika	train
statistiek	statəstik	train
statistiekdiens	statəstikdins	train
statistieke	statəstikə	train
status	stɑːtœs	train
statuswet	stɑːtœsvɛt	train
stawende	stɑːvəndə	train
ste	stə	train
steak	stəik	train
stede	stiədə	train
stedelike	stiədələkə	train
steeds	stiəts	train
steek	stiək	train
steekbaard	stiəkbɑːrt	train
steekproef	stiəkpruf	test
steekproefneming	stiəkprufniəməŋ	train
steekproeftrekking	stiəkpruftrɛkəŋ	test
steeks	stiəks	train
steekwonde	stiəkvɔndə	train
steel	stiəl	train
steeldoppie	stiəldɔpi	train
steelkant	stiəlkant	train
steen	stiən	test
steenbokke	stiənbɔkə	test
steenkamp	stiənkamp	train
steenkool	stiənkuəl	train
steenkoolmyn	stiənkuəlməin	test
steentyd	stiəntəit	train
stefan	stiəfan	test
stefasie	stəfɑːsi	train
steier	stəiər	train
steil	stəil	train
steiler	stəilər	train
steilte	stəiltə	test
steke	stiəkə	train
stel	stɛl	train
stelle	stɛlə	train
stellenbosch	stɛlənbɔʃ	train
stellenbosse	stɛlənbɔsə	test
stellig	stɛləχ	train
stellige	stɛləχə	train
stelling	stɛləŋ	test
stellings	stɛləŋs	train
stelsel	stɛlsəl	train
stelselmatig	stɛlsəlmɑːtəχ	train
stelselontwikkeling	stɛlsəlɔntvəkələŋ	train
stelsels	stɛlsəls	train
stelsin	stɛlsən	train
stelskopper	stɛlskɔpər	train
stelskoppers	stɛlskɔpərs	train
stelskopwerk	stɛlskɔpvɛrk	train
steltberg	stɛltbɛrχ	train
stelwerk	stɛlvɛrk	train
stem	stɛm	train
stembande	stɛmbandə	train
stembrief	stɛmbrif	train
stembriewe	stɛmbrivə	train
stembus	stɛmbœs	train
stembusse	stɛmbœsə	train
stemdag	stɛmdaχ	train
stemhebbende	stɛmɦɛbəndə	train
stemlokaal	stɛmlukɑːl	train
stemlokale	stɛmlukɑːlə	train
stemlose	stɛmluəsə	train
stemme	stɛmə	train
stemmery	stɛmərəi	train
stemmetjie	stɛmiki	train
stemmige	stɛməχə	train
stemming	stɛməŋ	train
stempel	stɛmpəl	train
stempersentasie	stɛmpɛrsɛntɑːsi	train
stemreg	stɛmrɛχ	train
stemtoon	stɛmtuən	train
stene	stiənə	train
stensil	stɛnsəl	train
stensilwerk	stɛnsəlvɛrk	train
ster	stɛr	train
sterbewoners	stɛrbəvuənərs	train
stereo	stiəriu	train
stereochemie	stiəriuχiəmi	train
stereotipering	stiəriutipiərəŋ	train
stereotipes	stiəriutipəs	test
sterf	stɛrf	train
sterfbed	stɛrfbɛt	train
sterfgevalle	stɛrfχəfalə	train
sterfte	stɛrftə	train
sterftes	stɛrftəs	train
sterftesyfer	stɛrftəsəifər	train
sterftesyfers	stɛrftəsəifərs	train
steriel	stəril	train
steriele	stərilə	train
sterilisasie	stɛrəlisɑːsi	train
steriliseer	stɛrəlisiər	train
sterk	stɛrk	train
sterker	stɛrkər	train
sterkpunt	stɛrkpœnt	train
sterkpunte	stɛrkpœntə	train
sterkste	stɛrkstə	train
sterkte	stɛrktə	test
sterling	stɛrləŋ	train
sternum	stɛrnœm	train
steroïede	stɛruidə	train
sterre	stɛrə	train
sterrehemel	stɛrəɦiəməl	test
sterrekundige	stɛrəkœndəχə	train
sterrekundiges	stɛrəkœndəχəs	train
sterrekykers	stɛrəkəikərs	train
sterreruim	stɛrərœym	train
sterrestelsel	stɛrəstɛlsəl	train
sterrestelsels	stɛrəstɛlsəls	train
sterretjie	stɛriki	test
sterretjies	stɛrikis	train
sterrewag	stɛrəvaχ	test
sterrewagte	stɛrəvaχtə	train
stert	stɛrt	train
sterte	stɛrtə	test
sterwe	stɛrvə	train
sterwend	stɛrvənt	train
sterwende	stɛrvəndə	train
sterwers	stɛrvərs	train
stet	stɛt	train
steun	støːn	test
steundienste	støːndinstə	train
steunpilare	støːnpilɑːrə	test
steunvlak	støːnflak	train
steur	støːr	train
steurend	støːrənt	train
steurings	støːrəŋs	train
steurnisse	støːrnəsə	train
stewels	stiəvəls	train
stewig	stiəvəχ	train
stewige	stiəvəχə	train
stewiger	stiəvəχər	train
stewigheid	stiəvəχɦəit	test
steyn	stəin	train
stief	stif	train
stiefdogter	stifdɔχtər	train
stiefpa	stifpɑː	train
stiefseun	stifsøːn	train
stig	stəχ	test
stigma	stiχma	train
stigmatisering	stiχmatisiərəŋ	train
stigte	stəχtə	train
stigtelike	stəχtələkə	train
stigter	stəχtər	train
stigterlid	stəχtərlət	train
stigters	stəχtərs	train
stigterslid	stəχtərslət	train
stigting	stəχtəŋ	train
stigtingskongres	stəχtəŋskɔnχrɛs	train
stik	stək	train
stikdonker	stəkdɔŋkər	train
stikselpatroon	stəksəlpatruən	train
stikste	stəkstə	test
stikstof	stəkstɔf	train
stil	stəl	train
stilbly	stəlbləi	train
stilering	stəliərəŋ	train
stilgebly	stəlχəbləi	train
stilgehou	stəlχəɦœu	train
stilgemaak	stəlχəmɑːk	train
stilhou	stəlɦœu	train
stille	stələ	train
stiller	stələr	train
stilletjies	stəlikis	train
stilmaak	stəlmɑːk	train
stilsit	stəlsət	test
stilstaan	stəlstɑːn	train
stilstaande	stəlstɑːndə	train
stilstand	stəlstant	train
stilswye	stəlswəiə	train
stilswyend	stəlswəiənt	train
stilte	stəltə	train
stiltes	stəltəs	train
stimulant	stəmylant	train
stimulasie	stəmylɑːsi	train
stimuleer	stəmyliər	train
stimulerend	stəmyliərənt	train
stimulerende	stəmyliərəndə	train
stimulering	stəmyliərəŋ	train
stimuli	stəmyli	test
stimulus	stəmylœs	train
stingel	stəŋəl	train
stingels	stəŋəls	train
stippels	stəpəls	train
stippeltjie	stəpəlki	train
stippies	stəpis	train
stiptelike	stəptələkə	train
stoei	stui	train
stoeiers	stuiərs	train
stoeiery	stuiərəi	train
stoeiprogram	stuipruχram	train
stoel	stul	train
stoele	stulə	train
stoep	stup	test
stoepe	stupə	train
stoet	stut	train
stoetery	stutərəi	train
stoethings	stutɦəŋs	test
stof	stɔf	train
stoffasie	stɔfɑːsi	test
stoffel	stɔfəl	train
stoflike	stɔfləkə	train
stofsuier	stɔfsœyər	test
stofwolk	stɔfvɔlk	train
stogastiese	stuχastisə	train
stok	stɔk	train
stoker	stuəkər	test
stokke	stɔkə	train
stokkie	stɔki	train
stokkies	stɔkis	test
stokou	stɔkœu	train
stokperdjie	stɔkpɛrki	train
stokperdjies	stɔkpɛrkis	train
stokstyf	stɔkstəif	test
stol	stɔl	train
stolsvlakte	stɔlsflaktə	train
stom	stɔm	train
stomgeslaan	stɔmχəslɑːn	train
stomme	stɔmə	train
stomp	stɔmp	train
stompe	stɔmpə	train
stompie	stɔmpi	train
stonk	stɔŋk	train
stoof	stuəf	train
stook	stuək	train
stoom	stuəm	train
stoomkrag	stuəmkraχ	train
stoomopwekking	stuəmɔpvɛkəŋ	train
stoomroller	stuəmrɔlər	test
stoomtrein	stuəmtrəin	train
stoornis	stuərnəs	train
stoot	stuət	test
stootjie	stɔːiki	train
stootskraper	stuətskrɑːpər	test
stootskrapers	stuətskrɑːpərs	train
stop	stɔp	train
stopgesit	stɔpχəsət	train
stopsit	stɔpsət	train
stopstraat	stɔpstrɑːt	train
stopteken	stɔptiəkən	train
stopverf	stɔpfɛrf	train
store	stuərə	train
storie	stuəri	train
storieboek	stuəribuk	train
storielyn	stuəriləin	train
stories	stuəris	train
storieverteller	stuərifərtɛlər	test
storm	stɔrm	train
stormagtige	stɔrəmaχtəχə	train
stormloop	stɔrmluəp	test
storms	stɔrms	train
stormsterk	stɔrmstɛrk	train
stormwater	stɔrmvɑːtər	test
stort	stɔrt	train
storte	stɔrtə	train
storting	stɔrtəŋ	test
stote	stuətə	test
stotter	stɔtər	train
stout	stœut	train
stoute	stœutə	test
stoutste	stœutstə	train
stowwe	stɔvə	test
stowwerige	stɔvərəχə	train
stoïgiometriese	stuiχiumiətrisə	train
straal	strɑːl	train
straalplate	strɑːlplɑːtə	train
straaltjie	strɑːlki	train
straat	strɑːt	train
straatblokke	strɑːtblɔkə	train
straathoek	strɑːtɦuk	train
straathoeke	strɑːtɦukə	train
straatkinders	strɑːtkəndərs	train
straatname	strɑːtnɑːmə	test
straatsmouse	strɑːtsmœusə	train
straf	straf	train
strafbaar	strafbɑːr	train
strafbare	strafbɑːrə	train
strafdoel	strafdul	train
strafdoele	strafdulə	train
strafdrie	strafdri	train
strafmaatreëls	strafmɑːtriəls	test
strafoplegging	strafɔplɛχəŋ	test
strafprosesreg	strafprusɛsrɛχ	train
strafproseswet	strafprusɛsvɛt	train
strafregtelike	strafrɛχtələkə	train
strafsake	strafsɑːkə	train
strafskop	strafskɔp	train
strafskoppe	strafskɔpə	test
strafste	strafstə	train
strafversagting	straffɛrsaχtəŋ	train
strak	strak	train
straks	straks	test
strale	strɑːlə	train
stralend	strɑːlənt	train
stralende	strɑːləndə	train
straler	strɑːlər	train
straling	strɑːləŋ	train
stram	stram	train
strand	strant	train
strande	strandə	train
strandfront	strantfrɔnt	train
strandhuis	strantɦœys	train
strandmeer	strantmiər	train
strate	strɑːtə	train
strateeg	stratiəχ	train
strategie	stratəχi	train
strategies	stratiəχis	train
strategiese	stratiəχisə	train
strategieë	stratəχiə	train
stratifikasie	stratəfikɑːsi	train
strawwe	stravə	train
strawwer	stravər	train
streef	striəf	train
streek	striək	train
streekbedeling	striəkbədiələŋ	train
streekdiensteraad	striəkdinstərɑːt	train
streekdirekteur	striəkdirɛktøːr	train
streekgrondslag	striəkχrɔntslaχ	train
streekhof	striəkɦɔf	train
streekhoof	striəkɦuəf	train
streekkamer	striəkkɑːmər	train
streekkantoor	striəkkantuər	train
streekkantore	striəkkantuərə	train
streekkommissaris	striəkkɔməsɑːrəs	train
streeklanddros	striəklandrɔs	train
streekontwikkeling	striəkɔntvəkələŋ	train
streekraad	striəkrɑːt	train
streekrade	striəkrɑːdə	train
streekregering	striəkrəχiərəŋ	train
streekregerings	striəkrəχiərəŋs	train
streeks	striəks	train
streeksontwikkeling	striəksɔntvəkələŋ	train
streekspan	striəkspan	train
streekvlak	striəkflak	train
streel	striəl	test
streep	striəp	train
streeptruie	striəptrœyə	test
strek	strɛk	train
streke	striəkə	train
strekking	strɛkəŋ	train
strem	strɛm	train
stremming	strɛməŋ	train
streng	strɛŋ	train
strenge	strɛŋə	train
strenger	strɛŋər	test
strengste	strɛŋstə	train
strepe	striəpə	train
strepie	striəpi	test
strepies	striəpis	train
stres	strɛs	train
streshantering	strɛsɦantiərəŋ	test
stressor	strɛsɔr	train
stressors	strɛsɔrs	train
stresvlakke	strɛsflakə	train
stresvolle	strɛsfɔlə	train
strewe	striəvə	train
strewes	striəvəs	train
striemende	striməndə	train
strik	strək	test
strikke	strəkə	test
string	strəŋ	train
stroewe	struvə	train
strofe	struəfə	train
strofes	struəfəs	train
stroke	struəkə	train
strokie	struəki	train
strokies	struəkis	train
strokiesprent	struəkisprɛnt	train
strokiesprente	struəkisprɛntə	test
strome	struəmə	train
stroming	struəməŋ	train
strominge	struəməŋə	test
strompel	strɔmpəl	train
strook	struək	train
stroom	struəm	train
stroomaf	struəmaf	train
stroombaan	struəmbɑːn	train
stroombaandiagram	struəmbɑːndiaχram	test
stroombane	struəmbɑːnə	train
stroomop	struəmɔp	test
stroop	struəp	train
stropers	struəpərs	train
struggle	straχəl	train
struik	strœyk	train
struike	strœykə	train
struikel	strœykəl	train
struikelblok	strœykəlblɔk	train
struikelblokke	strœykəlblɔkə	train
struikelend	strœykələnt	train
strukturalisme	strœktʃyraləsmə	train
strukture	strœktyrə	train
struktureel	strœktʃyriəl	train
struktureer	strœktʃyriər	train
strukturele	strœktʃyriələ	train
strukturering	strœktʃyriərəŋ	train
stry	strəi	train
stryd	strəit	train
strydbyl	strəitbəil	train
stryde	strəidə	train
strydenburg	strəidənbœrχ	train
strydende	strəidəndə	train
strydig	strəidəχ	train
strydom	strəidɔm	train
strydperk	strəitpɛrk	train
strydros	strəitrɔs	train
stryers	strəiərs	train
stryery	strəiərəi	test
stryk	strəik	train
strykdeur	strəikdøːr	test
strykers	strəikərs	train
strykkwartet	strəikkwartɛt	train
studeer	stydiər	train
studeerkamer	stydiərkɑːmər	train
student	stydɛnt	train
studente	stydɛntə	train
studies	stydis	train
studios	studiœus	train
stug	stœχ	train
stuifmeel	stœyfmiəl	train
stuiptrekkings	stœyptrɛkəŋs	train
stuit	stœyt	train
stuitige	stœytəχə	train
stuk	stœk	train
stukke	stœkə	train
stukkend	stœkənt	train
stukkende	stœkəndə	train
stukkie	stœki	test
stukkies	stœkis	train
stukrag	stykraχ	train
stuks	stœks	train
stut	stœt	train
stutte	stœtə	train
styf	stəif	train
styfgeloop	stəifχəluəp	train
styg	stəiχ	test
stygende	stəiχəndə	train
stygfase	stəiχfɑːsə	train
styging	stəiχəŋ	train
stygings	stəiχəŋs	test
styl	stəil	train
style	stəilə	train
stylvol	stəilfɔl	train
stylvolle	stəilfɔlə	train
stysel	stəisəl	test
stywe	stəivə	test
stywer	stəivər	train
sub	sup	train
subjek	sœbjɛk	train
subjekte	sœbjɛktə	train
subjektief	sœbjɛktif	train
subjektiewe	sœbjɛktivə	train
subkategorieë	sœbkatəχuriə	train
subkomitee	sœbkɔmətiə	test
subkomitees	sœbkɔmətiəs	train
subkontrakteurs	sœbkɔntraktøːrs	train
subprogram	sœbpruχram	train
subprogramme	sœbpruχramə	train
subraad	sœbrɑːt	train
subsidie	sœbsidi	test
subsidieer	sœbsidiiər	train
subsidies	sœbsidis	train
subsisteem	sœbsəstiəm	train
substasie	sœbstɑːsi	train
substitute	sœbstətytə	train
substraat	sœbstrɑːt	train
substrukture	sœbstrœktyrə	train
subtemas	sœbtiəmas	train
subtiel	sœbtil	train
subtiele	sœbtilə	train
subtiliteit	sœbtilitəit	train
subtipes	sœbtipəs	train
subtitel	sœbtitəl	test
suffiks	sœfəks	train
suffren	sœfrən	train
sug	sœχ	train
suggereer	sœχəriər	train
suggestie	sœχɛsti	train
suggestief	sœχɛstif	test
sugtend	sœχtənt	train
suid	sœyt	train
suide	sœydə	train
suidelike	sœydələkə	train
suider	sœydər	train
suiderkruis	sœydərkrœys	train
suidkus	sœytkœs	train
suidoos	sœytuəs	train
suidooster	sœytuəstər	train
suidpole	sœytpuələ	test
suidpool	sœytpuəl	train
suidwaarts	sœytvɑːrts	train
suidwes	sœytvɛs	train
suidwestelike	sœytvɛstələkə	test
suig	sœyχ	train
suiker	sœykər	test
suikerbedryf	sœykərbədrəif	train
suikerriet	sœykərrit	test
suikers	sœykərs	test
suile	sœylə	train
suip	sœyp	train
suite	switə	train
suites	switəs	train
suiwel	sœyvəl	train
suiwer	sœyvər	train
suiwerder	sœyvərdər	train
suiwere	sœyvərə	train
suiwerheid	sœyvərɦəit	train
suiwering	sœyvərəŋ	train
suiwerste	sœyvərstə	train
sukkel	sœkəl	train
sukkelende	sœkələndə	test
sukkelveld	sœkəlfɛlt	train
sukrose	sykruəsə	train
sukses	sœksɛs	train
suksesresep	sœksɛsrəsɛp	train
suksesse	sœksɛsə	train
suksessie	sœksɛsi	train
suksesverhaal	sœksɛsfərɦɑːl	train
suksesverhale	sœksɛsfərɦɑːlə	train
suksesvol	sœksɛsfɔl	train
suksesvolle	sœksɛsfɔlə	train
suksesvolste	sœksɛsfɔlstə	train
sulke	sœlkə	train
summier	sœmir	train
summiere	sœmirə	train
surplus	sœrplœs	train
surrealisme	sœrialəsmə	train
surrogaatouers	sœruχɑːtœuərs	train
sus	sœs	train
suspensies	sœspɛnsis	test
suspisie	sœspisi	train
sussie	sœsi	train
suster	sœstər	train
susterkerke	sœstərkɛrkə	train
susterkoerant	sœstərkurant	train
susters	sœstərs	train
sustertjie	sœstərki	test
swaai	swɑːi	train
swaaie	swɑːiə	train
swaaiende	swɑːiəndə	train
swaaitjie	swɑːiki	train
swaar	swɑːr	test
swaard	swɑːrt	test
swaarde	swɑːrdə	test
swaarder	swɑːrdər	train
swaardgekletter	swɑːrtχəklɛtər	train
swaargewig	swɑːrχəvəχ	train
swaargewigte	swɑːrχəvəχtə	train
swaarkry	swɑːrkrəi	train
swaarste	swɑːrstə	train
swaartekrag	swɑːrtəkraχ	train
swael	swɑːəl	train
swaeltjies	swɑːəlkis	train
swaer	swɑːər	train
swak	swak	train
swakhede	swakɦiədə	train
swakheid	swakɦəit	train
swakke	swakə	train
swakker	swakər	train
swakkerige	swakərəχə	train
swakkes	swakəs	train
swakpunte	swakpœntə	train
swakste	swakstə	test
swam	swam	train
swanesang	swɑːnəsaŋ	train
swanger	swaŋər	train
swangerskap	swaŋərskap	train
swangerskappe	swaŋərskapə	train
sware	swɑːrə	train
swart	swart	train
swartberge	swartbɛrχə	train
swartbergpas	swartbɛrχpas	train
swarte	swartə	train
swartes	swartəs	train
swartkopwielewaal	swartkɔpviləvɑːl	train
swartlys	swartləis	train
swartman	swartman	train
swartmense	swartmɛnsə	test
swartpeper	swartpiəpər	train
swartrenoster	swartrənɔstər	test
swartrenosters	swartrənɔstərs	train
swartsee	swartsiə	train
swazilandse	swɑːzilantsə	train
swede	swiədə	train
sweef	swiəf	train
sweem	swiəm	train
sweempie	swiəmpi	train
sweep	swiəp	train
sweer	swiər	train
sweerlik	swiərlək	train
sweet	swiət	train
sweetpak	swiətpak	train
sweis	swəis	train
swel	swɛl	train
swellendam	swɛləndam	train
swelling	swɛləŋ	train
swem	swɛm	train
swembad	swɛmbat	train
swembaddens	swɛmbadəns	train
swemgala	swɛmχɑːla	train
swemlesse	swɛmlɛsə	train
swemmer	swɛmər	train
swemmers	swɛmərs	train
swemspan	swɛmspan	train
swendelaar	swɛndəlɑːr	train
swendelaars	swɛndəlɑːrs	train
swepe	swiəpə	train
swerweling	swɛrvələŋ	test
swerwende	swɛrvəndə	train
swetterjoel	swɛtərjul	train
swewende	swiəvəndə	train
swierige	swirəχə	train
swig	swəχ	test
switserland	swətsərlant	train
switsers	swətsərs	train
switserse	swətsərsə	train
swoeg	swuχ	train
swoegende	swuχəndə	train
swoeë	swuə	train
swot	swat	train
swye	swəiə	train
swyend	swəiənt	train
swyg	swəiχ	train
sy	səi	train
sy's	səis	train
sy't	səit	test
sybarsie	səibarsi	train
syd	səit	train
sydeur	səidøːr	train
sye	səiə	train
syfer	səifər	test
syfers	səifərs	train
syfertjies	səifərkis	train
sykouse	səikœusə	test
syn	səin	test
synde	səində	test
syne	səinə	train
syns	səins	train
sypaadjie	səipɑːiki	train
sypaadjies	səipɑːikis	train
sypel	səipəl	train
systap	səistap	train
sytakke	səitakə	train
sywaarts	səivɑːrts	train
sywaartse	səivɑːrtsə	train
sôe	sɔə	train
taai	tɑːi	train
taaiste	tɑːistə	train
taak	tɑːk	train
taakgroep	tɑːkχrup	train
taakgroepe	tɑːkχrupə	train
taakmag	tɑːkmaχ	train
taakspan	tɑːkspan	test
taakspanne	tɑːkspanə	train
taal	tɑːl	train
taalbeleid	tɑːlbələit	train
taaldebat	tɑːldəbat	test
taalgebruik	tɑːlχəbrœyk	train
taalgemeenskap	tɑːlχəmiənskap	test
taalgemeenskappe	tɑːlχəmiənskapə	test
taalgenote	tɑːlχənuətə	train
taalgesprek	tɑːlχəsprɛk	train
taalgroep	tɑːlχrup	train
taalgroepe	tɑːlχrupə	train
taalkonferensie	tɑːlkɔnfərɛnsi	train
taalkunde	tɑːlkœndə	train
taalkundig	tɑːlkœndəχ	test
taalkundige	tɑːlkœndəχə	train
taalkundiges	tɑːlkœndəχəs	train
taalkwessie	tɑːlkwɛsi	train
taallesse	tɑːllɛsə	train
taalmaatreëls	tɑːlmɑːtriəls	train
taalmonument	tɑːlmɔnymɛnt	test
taalonderrig	tɑːlɔndərəχ	train
taalontwikkeling	tɑːlɔntvəkələŋ	train
taalontwikkelingstrategieë	tɑːlɔntvəkələŋstratəχiə	train
taalpraktisyn	tɑːlpraktisəin	train
taalpraktisyns	tɑːlpraktisəins	train
taalprobleme	tɑːlprubliəmə	train
taalregte	tɑːlrɛχtə	train
taalreël	tɑːlriəl	train
taalreëls	tɑːlriəls	test
taalstryd	tɑːlstrəit	train
taalvaardighede	tɑːlfɑːrdəχɦiədə	test
taalvaardigheid	tɑːlfɑːrdəχɦəit	train
taalvariasie	tɑːlvariɑːsi	train
taalvariëteite	tɑːlvariətəitə	train
taalverandering	tɑːlfərandərəŋ	train
taalvermoë	tɑːlfərmuə	train
taalversorging	tɑːlfərsɔrχəŋ	train
taalvorme	tɑːlfɔrmə	train
taalwenk	tɑːlvɛŋk	train
taamlik	tɑːmlək	test
taamlike	tɑːmləkə	train
tabak	tabak	train
tabakbedryf	tabakbədrəif	train
tabakprodukte	tabakprudœktə	train
tabel	tabɛl	train
tabelle	tabɛlə	train
tabelleer	tabəliər	train
tabernakel	tabərnɑːkəl	train
tablet	tablɛt	train
taboe	tabu	train
tabuleer	tabyliər	train
tafel	tɑːfəl	test
tafelbaaise	tɑːfəlbɑːisə	train
tafelberg	tɑːfəlbɛrχ	train
tafeldoek	tɑːfəlduk	train
tafeldoeke	tɑːfəldukə	train
tafelgereedskap	tɑːfəlχəriətskap	train
tafelronde	tɑːfəlrɔndə	train
tafels	tɑːfəls	train
tafelsig	tɑːfəlsəχ	train
tafeltennis	tɑːfəltɛnəs	train
tafeltjie	tɑːfəlki	train
tagtig	taχtəχ	train
tagtigerjare	taχtəχərjɑːrə	train
tagtigjarige	taχtəχjɑːrəχə	train
tagtigs	taχtəχs	train
tagtigste	taχtəχstə	train
taiwannese	taiwaniəsə	train
tak	tak	train
take	tɑːkə	train
takel	tɑːkəl	train
takhaar	takɦɑːr	train
takhare	takɦɑːrə	train
takkantoor	takkantuər	train
takkantore	takkantuərə	train
takke	takə	test
takkie	taki	train
takkies	takis	train
takkode	takkuədə	train
takson	taksɔn	train
taksonomie	taksunumi	train
taksonomiese	taksunumisə	train
taktiek	taktik	train
taktieke	taktikə	train
takties	taktis	train
taktiese	taktisə	train
tale	tɑːlə	train
talent	talɛnt	train
talente	talɛntə	train
talentvol	talɛntfɔl	train
talentvolle	talɛntfɔlə	train
talentvolste	talɛntfɔlstə	test
talige	tɑːləχə	train
talle	talə	train
tallose	talusə	train
talm	talm	train
talryker	talrəikər	train
tam	tam	train
tamatie	tamɑːti	train
tamaties	tamɑːtis	train
tamatiesous	tamɑːtisœus	train
tameletjie	taməlɛki	train
tand	tant	test
tandarts	tantarts	train
tandartse	tantartsə	train
tande	tandə	train
tandeborsel	tandəbɔrsəl	test
tandemalje	tantimaljə	train
tandheelkunde	tantɦiəlkœndə	train
tandheelkundige	tantɦiəlkœndəχə	train
tandvleis	tantfləis	train
tang	taŋ	train
tango	tɛŋχœu	train
tannie	tani	train
tannierige	tanirəχə	train
tannies	tanis	train
tans	tans	test
tante	tantə	train
tantes	tantəs	train
tanzaniese	tanzɑːnisə	train
tanzanië	tanzɑːniə	train
tap	tap	train
tappe	tapə	train
tapyt	tapəit	train
tapyte	tapəitə	train
tarentale	tarəntɑːlə	train
tarief	tarif	test
tariefverhogings	tariffərɦuəχəŋs	train
tariewe	tarivə	train
tart	tart	train
tas	tas	train
tasbaar	tasbɑːr	train
tasbare	tasbɑːrə	train
tasse	tasə	train
taurus	tœurœs	train
tawwe	tavə	train
taxi	taksi	train
taxistaanplek	taksistɑːnplɛk	test
te	tə	train
teater	tiɑːtər	train
teatergangers	tiɑːtərχaŋərs	train
teaters	tiɑːtərs	train
teatrale	tiatrɑːlə	test
technikon	tɛχnikɔn	test
technikons	tɛχnikɔns	train
teddiebeer	tɛdibiər	train
teddiebere	tɛdibiərə	train
tee	tiə	train
teegoed	tiəχut	train
teel	tiəl	train
teelepel	tiəliəpəl	train
teelepels	tiəliəpəls	train
teen	tiən	train
teenaan	tiənɑːn	train
teenaanval	tiənɑːnfal	train
teendeel	tiəndiəl	train
teeneis	tiənəis	train
teengekom	tiənχəkɔm	train
teengestaan	tiənχəstɑːn	train
teengewerk	tiənχəvɛrk	train
teenkanting	tiənkantəŋ	train
teenliggaampies	tiənləχɑːmpis	train
teenliggame	tiənləχɑːmə	test
teenmiddel	tiənmədəl	train
teenoor	tiənuər	train
teenoorgestelde	tiənuərχəstɛldə	train
teenoorgesteldes	tiənuərχəstɛldəs	train
teenoorstaande	tiənuərstɑːndə	train
teenparty	tiənpartəi	train
teenprestasie	tiənprɛstɑːsi	train
teenreaksie	tiənriaksi	train
teensinnig	tiənsənəχ	train
teenslae	tiənslɑːə	train
teenspoed	tiənsput	test
teenstaan	tiənstɑːn	train
teenstand	tiənstant	train
teenstander	tiənstandər	test
teenstanders	tiənstandərs	train
teenstellende	tiənstɛləndə	train
teenstelling	tiənstɛləŋ	train
teenstellings	tiənstɛləŋs	train
teenstrydig	tiənstrəidəχ	train
teenstrydige	tiənstrəidəχə	test
teenstrydighede	tiənstrəidəχɦiədə	train
teenstrydigheid	tiənstrəidəχɦəit	test
teenswoordige	tiənsvuərdəχə	train
teenvoeter	tiənfutər	train
teenwigte	tiənvəχtə	train
teenwoordig	tiənvuərdəχ	train
teenwoordige	tiənvuərdəχə	train
teenwoordigheid	tiənvuərdəχɦəit	train
teepouse	tiəpœuzə	train
teer	tiər	train
teerheid	tiərɦəit	train
teerpaaie	tiərpɑːiə	train
teerpad	tiərpat	train
teetyd	tiətəit	train
teetye	tiətəiə	train
tegelyk	təχələik	train
tegelykertyd	təχələikərtəit	train
tegemoet	təχəmut	train
tegemoetkoming	təχəmutkuəməŋ	train
tegnici	tɛχnisi	train
tegniek	tɛχnik	train
tegnieke	tɛχnikə	train
tegnies	tɛχnis	train
tegniese	tɛχnisə	train
tegnikus	tɛχnikœs	train
tegnologie	tɛχnuluχi	train
tegnologies	tɛχnuluχis	train
tegnologiese	tɛχnuluəχisə	train
tegnologieë	tɛχnuluχiə	train
tehou	təɦœu	train
tehuis	təɦœys	test
teiken	təikən	test
teikendatum	təikəndɑːtœm	train
teikengehoor	təikənχəɦuər	train
teikengroep	təikənχrup	test
teikengroepe	təikənχrupə	train
teikenmark	təikənmark	train
teikens	təikəns	test
teister	təistər	train
teistering	təistərəŋ	train
teken	tiəkən	train
tekenbord	tiəkənbɔrt	train
tekenend	tiəkənənt	test
tekening	tiəkənəŋ	test
tekeninge	tiəkənəŋə	train
tekenkuns	tiəkənkœns	train
tekens	tiəkəns	test
tekere	təkiərə	train
tekkies	tɛkis	test
tekkieveters	tɛkifiətərs	train
tekort	təkɔrt	train
tekorte	təkɔrtə	train
tekortkominge	təkɔrtkuəməŋə	train
teks	tɛks	test
tekseenheid	tɛksiənɦəit	train
teksgedeeltes	tɛksχədiəltəs	train
tekskartering	tɛkskartiərəŋ	train
tekskritiese	tɛkskritisə	train
tekssoorte	tɛkssuərtə	train
tekste	tɛkstə	train
tekstiel	tɛkstil	train
tekstielbedryf	tɛkstilbədrəif	train
tekstielstof	tɛkstilstɔf	train
tekstielware	tɛkstilvɑːrə	train
tekstipe	tɛkstipə	train
tekstipes	tɛkstipəs	train
teksvers	tɛksfɛrs	train
teksversorging	tɛksfərsɔrχəŋ	train
teksverwysing	tɛksfərvəisəŋ	train
tektoniese	tɛktunisə	train
tel	tɛl	train
telbord	tɛlbɔrt	train
telefone	tɛləfuənə	train
telefoneer	tɛləfuəniər	train
telefonies	tɛləfuənis	train
telefoniese	tɛləfuənisə	train
telefoon	tɛləfuən	train
telefoondiens	tɛləfuəndins	train
telefoondienste	tɛləfuəndinstə	train
telefoondrade	tɛləfuəndrɑːdə	train
telefoongesprekke	tɛləfuənχəsprɛkə	train
telefoongids	tɛləfuənχəts	test
telefooninstrumentjie	tɛləfuənənstrymɛŋki	train
telefoonklokkie	tɛləfuənklɔki	train
telefoonlyn	tɛləfuənləin	train
telefoonlyne	tɛləfuənləinə	train
telefoonnommer	tɛləfuənnɔmər	train
telefoonnommers	tɛləfuənnɔmərs	test
telefoonoproep	tɛləfuənɔprup	train
telefoonoproepe	tɛləfuənɔprupə	train
telefoonrekening	tɛləfuənriəkənəŋ	train
telefoontoestelletjie	tɛləfuəntustɛliki	train
telegraafvorm	tɛləχrɑːffɔrəm	train
telegrafeer	tɛləχrafiər	train
telegram	tɛləχram	train
telegramme	tɛləχramə	train
telegramstyl	tɛləχramstəil	train
telekommunikasiebedryf	tɛləkɔmynikɑːsibədrəif	test
teleologiese	tɛliuluəχisə	test
teler	tiələr	train
telers	tiələrs	train
teleskoop	tɛləskuəp	train
teleur	təløːr	train
teleurgestel	təløːrχəstɛl	train
teleurgesteld	təløːrχəstɛlt	train
teleurgestelde	təløːrχəstɛldə	test
teleurstellend	təløːrstɛlənt	test
teleurstellende	təløːrstɛləndə	train
teleurstelling	təløːrstɛləŋ	train
televisie	tɛləvisi	train
televisiekykers	tɛləvisikəikərs	train
televisieprogram	tɛləvisipruχram	train
televisieprogramme	tɛləvisipruχramə	test
televisiereeks	tɛləvisiriəks	train
televisiestel	tɛləvisistɛl	train
televisiestelle	tɛləvisistɛlə	train
teling	tiələŋ	train
telkaart	tɛlkɑːrt	train
telkaarte	tɛlkɑːrtə	train
telkemale	tɛlkəmɑːlə	train
telkens	tɛlkəns	test
teller	tɛlər	train
telling	tɛləŋ	train
tellings	tɛləŋs	train
telwoord	tɛlvuərt	train
telwoorde	tɛlvuərdə	train
tem	tɛm	train
tema	tiəma	train
temas	tiəmas	train
tematiek	tiəmatik	train
tematies	tiəmɑːtis	train
tematiese	tiəmɑːtisə	train
tempel	tɛmpəl	train
tempels	tɛmpəls	train
temperament	tɛmpəramɛnt	test
temperature	tɛmpəratyrə	train
template	tɛmplɑːtə	train
tempo	tɛmpu	train
tempo's	tɛmpus	train
tempora	tɛmpɔra	test
temporele	tɛmpuriələ	train
ten	tɛn	train
tendens	tɛndɛns	train
tendense	tɛndɛnsə	train
tendensie	tɛndɛnsi	train
tender	tɛndər	train
tenderaars	tɛndərɑːrs	train
tenderproses	tɛndərprusɛs	train
tenders	tɛndərs	train
tenk	tɛŋk	train
tenks	tɛŋks	test
tenkskip	tɛŋkskəp	train
tennis	tɛnəs	train
tennisbaan	tɛnəsbɑːn	train
tennisspan	tɛnəsspan	train
tennisspeler	tɛnəsspiələr	train
tennisspelers	tɛnəsspiələrs	train
tenoor	tənuər	train
tenore	tənuərə	train
tensy	tɛnsəi	train
tent	tɛnt	train
tentatiewe	tɛntativə	train
tente	tɛntə	train
tentoonstelling	tɛntuənstɛləŋ	train
tentoonstellings	tɛntuənstɛləŋs	train
teologie	tiuluχi	train
teologies	tiuluəχis	train
teologiese	tiuluəχisə	train
teologieë	tiuluχiə	train
teoloog	tiuluəχ	test
teoloë	tiuluə	train
teoreties	tiuriətis	train
teoretiese	tiuriətisə	train
teorie	tiuri	test
teorievorming	tiurifɔrəməŋ	train
teorieë	tiuriə	test
tepels	tiəpəls	train
ter	tər	train
terapeut	tɛrapøːt	train
terapeute	tɛrapøːtə	train
terapeuties	tɛrapøːtis	train
terapie	tɛrapi	train
terdeë	tərdiə	train
tere	tiərə	train
tereg	tərɛχ	train
tereggestaan	tərɛχəstɑːn	train
tereggestel	tərɛχəstɛl	test
teregstaan	tərɛχstɑːn	train
teregstelling	tərɛχstɛləŋ	train
teregstellings	tərɛχstɛləŋs	train
teregwysing	tərɛχvəisəŋ	train
terg	tɛrχ	train
tergende	tɛrχəndə	train
terloops	tərluəps	train
term	tɛrm	train
terme	tɛrmə	train
termiese	tɛrmisə	train
termiete	tɛrmitə	train
terminale	tɛrminɑːlə	train
terminering	tɛrminiərəŋ	train
terminologie	tɛrminuluχi	train
termyn	tɛrməin	test
termynkontrakte	tɛrməinkɔntraktə	train
termynmark	tɛrməinmark	train
terpentyn	tɛrpəntəin	train
terra	tɛra	train
terrein	tərəin	test
terreine	tərəinə	train
terrestriële	tɛrəstriiələ	test
terreur	tərøːr	train
terreuraanvalle	tərøːrɑːnfalə	train
terreurdade	tərøːrdɑːdə	train
territoriale	tɛrituəriɑːlə	test
terroris	tɛrurəs	train
terroriseer	tɛrurisiər	train
terrorisme	tɛrurəsmə	train
terroriste	tɛrurəstə	train
tersaaklik	tɛrsɑːklək	train
tersaaklike	tɛrsɑːkləkə	train
terselfdertyd	tɛrsɛlfdərtəit	train
tersyde	tɛrsəidə	train
tersydestelling	tɛrsəidəstɛləŋ	train
terug	trœχ	train
terugbesorg	trœχbəsɔrχ	train
terugbetaal	trœχbətɑːl	train
terugbetaalbaar	trœχbətɑːlbɑːr	train
terugbetaling	trœχbətɑːləŋ	train
terugbetalings	trœχbətɑːləŋs	train
terugbring	trœχbrəŋ	train
terugdeins	trœχdəins	train
terugdink	trœχdəŋk	test
terugeis	trœχəis	train
teruggaan	trœχɑːn	train
teruggebel	trœχəbɛl	train
teruggebring	trœχəbrəŋ	train
teruggedraai	trœχədrɑːi	train
teruggedryf	trœχədrəif	train
teruggee	trœχiə	test
teruggegaan	trœχəχɑːn	train
teruggegee	trœχəχiə	test
teruggehou	trœχəɦœu	test
teruggekap	trœχəkap	train
teruggekeer	trœχəkiər	train
teruggekom	trœχəkɔm	train
teruggekoop	trœχəkuəp	train
teruggekruip	trœχəkrœyp	train
teruggekry	trœχəkrəi	test
teruggekyk	trœχəkəik	train
teruggeneem	trœχəniəm	train
teruggeploeg	trœχəpluχ	train
teruggeroep	trœχərup	train
teruggesak	trœχəsak	train
teruggesels	trœχəsɛls	train
teruggeskiet	trœχəskit	train
teruggestaan	trœχəstɑːn	test
teruggestap	trœχəstap	train
teruggetrek	trœχətrɛk	train
teruggetrokke	trœχətrɔkə	train
teruggeval	trœχəfal	train
teruggeveg	trœχəfɛχ	train
teruggevind	trœχəfənt	train
teruggryp	trœχrəip	train
terughou	trœχɦœu	train
terugkeer	trœχkiər	train
terugkerende	trœχkiərəndə	train
terugkom	trœχkɔm	train
terugkoms	trœχkɔms	train
terugkry	trœχkrəi	train
terugkyk	trœχkəik	test
terugneem	trœχniəm	train
terugplaas	trœχplɑːs	test
terugplasing	trœχplɑːsəŋ	test
terugploeg	trœχpluχ	train
terugreis	trœχrəis	train
terugroep	trœχrup	train
terugsak	trœχsak	train
terugslaan	trœχslɑːn	train
terugslae	trœχslɑːə	train
terugslag	trœχslaχ	train
terugtog	trœχtɔχ	train
terugtrek	trœχtrɛk	train
terugtrekking	trœχtrɛkəŋ	train
terugval	trœχfal	train
terugvat	trœχfat	train
terugvegpoging	trœχfɛχpuəχəŋ	train
terugverwys	trœχfərvəis	train
terugvoer	trœχfur	train
terugvoering	trœχfurəŋ	train
terugwen	trœχvɛn	train
terugwerkende	trœχvɛrkəndə	train
terwyl	tərvəil	train
tesame	təsɑːmə	train
tesis	tiəsəs	train
tesourie	tɛsuri	train
tesourier	tɛsurir	train
testament	tɛstamɛnt	train
testamente	tɛstamɛntə	train
tetrasikliene	tɛtrasəklinə	train
teuels	tøːəls	train
teug	tøːχ	train
tevergeefs	təfərχiəfs	train
tevore	təfuərə	test
tevrede	təfriədə	train
tevredenheid	təfriədənɦəit	train
teweeg	təviəχ	train
teweegbring	təviəχbrəŋ	test
teweeggebring	təviəχəbrəŋ	test
tewens	tiəvəns	train
teë	tiə	train
teëgekom	tiəχəkɔm	train
teëgesit	tiəχəsət	test
teëkom	tiəkɔm	train
teëls	tiəls	train
teëspoed	tiəsput	train
teëspraak	tiəsprɑːk	train
teëstand	tiəstant	train
thailand	tailant	train
thaise	taisə	train
theunis	tøːnəs	train
thomas	tɔməs	train
tibia	təbia	train
tiekie	tiki	train
tielman	tilman	train
tien	tin	test
tiende	tində	train
tienduisend	tindœysənt	train
tienduisende	tindœysəndə	train
tiener	tinər	train
tienerdogter	tinərdɔχtər	train
tienerjare	tinərjɑːrə	train
tieners	tinərs	train
tienerseun	tinərsøːn	train
tienjarige	tinjɑːrəχə	test
tienkamp	tinkamp	train
tienstammeryk	tinstamərəik	test
tientalle	tintalə	test
tier	tir	train
tiere	tirə	train
tierlantyntjies	tirlantəiŋkis	train
tiers	tirs	train
tieters	titərs	train
tig	təχ	train
tik	tək	train
tikfoute	təkfœutə	train
tikkie	təki	train
tip	təp	train
tipe	tipə	train
tipeer	tipiər	train
tipering	tipiərəŋ	train
tipies	tipis	train
tipiese	tipisə	test
tipografiese	tipuχrɑːfisə	train
tipologie	tipuluχi	test
tit	tət	train
titaniese	titɑːnisə	train
titel	titəl	train
titelbladsy	titəlblatsəi	train
titelgeveg	titəlχəfɛχ	train
titelhouer	titəlɦœuər	train
titels	titəls	train
tittel	tətəl	test
tittelstrepie	tətəlstriəpi	train
tjalie	tʃɑːli	train
tjank	tʃaŋk	train
tjek	tʃɛk	train
tjekbedrog	tʃɛkbədrɔχ	train
tjekboek	tʃɛkbuk	train
tjeks	tʃɛks	train
tjellis	tʃɛləs	train
tjello	tʃɛlu	test
tjoepstil	tʃupstəl	train
tjokkers	tʃɔkərs	train
tjokkertjies	tʃɔkərkis	train
tjoklit	tʃɔklət	train
tjoppies	tʃɔpis	train
tob	tɔp	test
toe	tu	train
toebehore	tubəɦuərə	train
toedeelbare	tudiəlbɑːrə	train
toedeling	tudiələŋ	train
toedien	tudin	train
toediening	tudinəŋ	test
toedoen	tudun	train
toedraai	tudrɑːi	train
toedrag	tudraχ	train
toegaan	tuχɑːn	train
toegang	tuχaŋ	train
toegangsbeheer	tuχaŋsbəɦiər	train
toegangsgeld	tuχaŋsχɛlt	train
toegangshek	tuχaŋsɦɛk	train
toegangsroetes	tuχaŋsrutəs	train
toegangsweë	tuχaŋsviə	test
toeganklik	tuχaŋklək	train
toeganklike	tuχaŋkləkə	train
toeganklikheid	tuχaŋkləkɦəit	train
toegedeel	tuχədiəl	train
toegedien	tuχədin	train
toegedig	tuχədəχ	train
toegedraai	tuχədrɑːi	train
toegedraaide	tuχədrɑːidə	train
toegedruk	tuχədrœk	train
toegee	tuχiə	train
toegegee	tuχəχiə	test
toegegroei	tuχəχrui	train
toegejuig	tuχəjœyχ	train
toegekap	tuχəkap	train
toegekeer	tuχəkiər	train
toegeken	tuχəkɛn	train
toegekende	tuχəkɛndə	train
toegekyk	tuχəkəik	train
toegelaat	tuχəlɑːt	train
toegelate	tuχəlɑːtə	train
toegelig	tuχələχ	train
toegemaak	tuχəmɑːk	train
toegeneem	tuχəniəm	test
toegeneentheid	tuχəniəntɦəit	train
toegepas	tuχəpas	train
toegepaste	tuχəpastə	train
toegeplakte	tuχəplaktə	train
toegereken	tuχəriəkən	train
toegeroep	tuχərup	train
toegerus	tuχərœs	train
toegeruste	tuχərœstə	train
toegesak	tuχəsak	train
toegesegde	tuχəsɛχdə	train
toegesien	tuχəsin	train
toegeskryf	tuχəskrəif	train
toegeslaan	tuχəslɑːn	train
toegesluit	tuχəslœyt	train
toegesnou	tuχəsnœu	train
toegespits	tuχəspəts	train
toegespreek	tuχəspriək	train
toegestaan	tuχəstɑːn	train
toegestem	tuχəstɛm	train
toegeswaai	tuχəswɑːi	train
toegetakel	tuχətɑːkəl	train
toegetree	tuχətriə	train
toegetrek	tuχətrɛk	train
toegeval	tuχəfal	train
toegevoeg	tuχəfuχ	train
toegevoegde	tuχəfuχdə	train
toegevou	tuχəfœu	train
toegewing	tuχiəvəŋ	train
toegewings	tuχiəvəŋs	train
toegewy	tuχəvəi	train
toegewyd	tuχəvəit	train
toegewyde	tuχəvəidə	train
toegewydheid	tuχəvəitɦəit	train
toegewys	tuχəvəis	train
toegeëien	tuχəəin	test
toegif	tuχəf	train
toehou	tuɦœu	train
toejuiging	tujœyχəŋ	train
toeken	tukɛn	train
toekenning	tukɛnəŋ	train
toekennings	tukɛnəŋs	train
toeklap	tuklap	train
toekom	tukɔm	train
toekomende	tukuəməndə	test
toekoms	tukɔms	train
toekomsbeleid	tukɔmsbələit	train
toekomsplanne	tukɔmsplanə	test
toekomstige	tukɔmstəχə	train
toekomsvisie	tukɔmsvisi	train
toekyk	tukəik	train
toelaag	tulɑːχ	train
toelaat	tulɑːt	train
toelaatbaar	tulɑːtbɑːr	train
toelaatbare	tulɑːtbɑːrə	train
toelae	tulɑːə	train
toelaes	tulɑːəs	train
toelating	tulɑːtəŋ	train
toelatingsbeleid	tulɑːtəŋsbələit	test
toelatingsvereiste	tulɑːtəŋsfərəistə	train
toelatingsvereistes	tulɑːtəŋsfərəistəs	train
toelig	tuləχ	test
toeloop	tuluəp	train
toemaak	tumɑːk	train
toemaar	tumɑːr	train
toename	tunɑːmə	test
toenames	tunɑːməs	test
toeneem	tuniəm	test
toenemend	tuniəmənt	test
toenemende	tuniəməndə	train
toeneming	tuniəməŋ	train
toepas	tupas	train
toepaslik	tupaslək	train
toepaslike	tupasləkə	train
toepaslikheid	tupasləkɦəit	train
toepassing	tupasəŋ	train
toepassings	tupasəŋs	train
toepassingsvrae	tupasəŋsfrɑːə	test
toer	tur	train
toere	turə	train
toereikende	turəikəndə	train
toereteller	turətɛlər	train
toergids	turχəts	train
toergidse	turχətsə	train
toergroep	turχrup	train
toeris	turəs	train
toerisme	turəsmə	train
toerismebedryf	turəsməbədrəif	train
toerismeraad	turəsmərɑːt	train
toeriste	turəstə	test
toeristebedryf	turəstəbədrəif	train
toerlede	turliədə	train
toermotors	turmuətərs	train
toeroperateurs	turuəpəratøːrs	test
toerprogram	turpruχram	train
toerspan	turspan	test
toerspanne	turspanə	test
toertjies	turkis	train
toerusting	turœstəŋ	train
toesak	tusak	train
toesegging	tusɛχəŋ	train
toesien	tusin	train
toesig	tusəχ	train
toesighouding	tusəχɦœudəŋ	train
toesighouers	tusəχɦœuərs	train
toeskouer	tuskœuər	train
toeskouers	tuskœuərs	train
toeskryf	tuskrəif	train
toeskryfbaar	tuskrəifbɑːr	train
toeskryfbare	tuskrəifbɑːrə	train
toeslaan	tuslɑːn	train
toesluit	tuslœyt	train
toesluitmotorhuis	tuslœytmuətərɦœys	train
toesmeer	tusmiər	train
toespits	tuspəts	train
toespitsing	tuspətsəŋ	train
toespraak	tusprɑːk	train
toesprake	tusprɑːkə	train
toespreek	tuspriək	train
toestaan	tustɑːn	test
toestand	tustant	train
toestande	tustandə	train
toestel	tustɛl	train
toestelle	tustɛlə	test
toestem	tustɛm	train
toestemming	tustɛməŋ	train
toestop	tustɔp	train
toestroming	tustruəməŋ	train
toet	tut	train
toeter	tutər	train
toetrede	tutriədə	train
toetree	tutriə	train
toets	tuts	train
toetse	tutsə	train
toetsfoto	tutsfuətu	train
toetsing	tutsəŋ	train
toetskrieket	tutskrikət	train
toetslopies	tutsluəpis	train
toetspunte	tutspœntə	test
toetsreeks	tutsriəks	test
toetsreekse	tutsriəksə	train
toetsrit	tutsrət	train
toetsritte	tutsrətə	test
toetsspan	tutsspan	test
toetsterrein	tutstərəin	train
toetsvrae	tutsfrɑːə	train
toetswedstryd	tutsvɛtstrəit	test
toetswedstryde	tutsvɛtstrəidə	train
toeval	tufal	train
toevallig	tufaləχ	train
toevertrou	tufərtrœu	train
toevloei	tuflui	train
toevlug	tuflœχ	test
toevoeg	tufuχ	train
toevoeging	tufuχəŋ	train
toevoegings	tufuχəŋs	test
toevoer	tufur	train
toewens	tuvɛns	test
toewyding	tuvəidəŋ	train
toewysing	tuvəisəŋ	train
toffie	tɔfi	test
tog	tɔχ	train
toga	tuəχa	train
togkos	tɔχkɔs	train
toi	tɔi	train
toilet	tɔilɛt	train
toiletpapier	tɔilɛtpapir	test
toilette	tɔilɛtə	train
toitskloof	tɔːiskluəf	train
tokiose	tuəkiusə	train
tokkel	tɔkəl	train
toksiene	tɔksinə	train
toksies	tɔksis	train
toksiese	tɔksisə	train
toksikologie	tɔksikuluχi	train
tol	tɔl	test
tolgeld	tɔlχɛlt	train
tolhek	tɔlɦɛk	train
toljatti	tɔljati	train
tolk	tɔlk	train
tolke	tɔlkə	train
tolvry	tɔlfrəi	test
tolvrye	tɔlfrəiə	train
tom	tɔm	train
tommie	tɔmi	train
ton	tɔn	train
tone	tuənə	train
toneel	tuniəl	test
toneelgeselskap	tuniəlχəsɛlskap	train
toneelspel	tuniəlspɛl	train
toneelstuk	tuniəlstœk	train
toneelstukke	tuniəlstœkə	train
toneeltjie	tuniəlki	train
tonele	tuniələ	train
tong	tɔŋ	train
tonge	tɔŋə	train
tongval	tɔŋfal	train
tonne	tɔnə	train
tonnel	tɔnəl	train
tonnels	tɔnəls	train
toom	tuəm	test
toon	tuən	train
toonaangewende	tuənɑːnχiəvəndə	test
toonaard	tuənɑːrt	train
toonbank	tuənbaŋk	train
toonbeeld	tuənbiəlt	test
toonhoogte	tuənɦuəχtə	train
toonhoogtes	tuənɦuəχtəs	train
toonkleur	tuənkløːr	train
toonnaels	tuənnɑːəls	train
toonsettings	tuənsɛtəŋs	train
toonvenster	tuənfɛnstər	train
toonwaarde	tuənvɑːrdə	train
toor	tuər	train
toordokter	tuərdɔktər	test
toorgeite	tuərχəitə	train
toorkop	tuərkɔp	train
toorland	tuərlant	train
toorn	tuərn	test
top	tɔp	train
topikale	tuəpikɑːlə	train
toppe	tɔpə	test
toppie	tɔpi	train
toppresteerders	tɔpprɛstiərdərs	train
toppunt	tɔppœnt	test
tops	tɔps	train
topsnelheid	tɔpsnɛlɦəit	train
topspoed	tɔpsput	train
topverkopers	tɔpfərkupərs	train
tor	tɔr	train
toraks	tuəraks	train
toring	tuərəŋ	train
toringklok	tuərəŋklɔk	train
torings	tuərəŋs	train
tornado	tɔrnɑːdu	train
torring	tɔrəŋ	train
tot	tɔt	train
totaal	tutɑːl	train
totale	tutɑːlə	train
totalisator	tutalisɑːtɔr	train
totaliteit	tutalitəit	train
totdat	tɔtdat	train
totjie	tɔiki	train
totsiens	tɔtsins	train
totstandkoming	tɔtstantkuməŋ	train
tou	tœu	train
toue	tœuə	test
tougestaan	tœuχəstɑːn	train
toustaan	tœustɑːn	train
toutjie	tœuki	train
toutologie	tœutuluχi	train
toutologieë	tœutuluχiə	train
toutrekkery	tœutrɛkərəi	test
touwsrivier	tœusrəfir	train
towenaar	tuəvənɑːr	train
towenaars	tuəvənɑːrs	train
tower	tuəvər	train
towerkrag	tuəvərkraχ	train
towerspreuke	tuəvərsprøːkə	train
toyota	tɔijœuta	train
traag	trɑːχ	train
traak	trɑːk	train
traan	trɑːn	train
traanrook	trɑːnruək	train
tradisie	tradisi	train
tradisies	tradisis	train
tradisioneel	tradiʃiuniəl	train
tradisionele	tradiʃiuniələ	train
trae	trɑːə	train
trafalgar	trafalχar	train
tragedie	traχiədi	train
tragedies	traχiədis	train
tragies	trɑːχis	train
tragiese	trɑːχisə	train
trajek	trajɛk	train
trajekte	trajɛktə	train
traktaat	traktɑːt	train
trakteer	traktiər	train
tralies	trɑːlis	train
trane	trɑːnə	train
tranetrekker	trɑːnətrɛkər	train
trans	trans	train
transaksie	transaksi	test
transaksies	transaksis	train
transendeer	transɛndiər	train
transendente	transəndɛntə	train
transformasie	transfɔrmɑːsi	train
transformasieproses	transfɔrmɑːsiprusɛs	train
transformators	transfɔrmɑːtɔrs	train
transformerende	transfɔrmiərəndə	train
transit	transət	test
transitorooftogte	transituruəftɔχtə	train
transitorowers	transituruəvərs	train
transkripsie	transkrəpsi	train
transkripsies	transkrəpsis	train
translasie	translɑːsi	train
transmissie	transmisi	train
transnasionale	transnaʃiunɑːlə	train
transport	transpɔrt	train
transvaal	transfɑːl	train
transvaalse	transfɑːlsə	train
trant	trant	train
trap	trap	train
trapleertjie	trapliərki	test
trappe	trapə	train
trappies	trapis	train
trapsgewys	trapsχəvəis	train
trapsgewyse	trapsχəvəisə	train
trauma	trœuma	test
traumaties	trœumɑːtis	train
traumatiese	trœumɑːtisə	train
trawante	travantə	train
tred	trɛt	train
tree	triə	train
treetjie	triəki	train
treetjies	triəkis	train
tref	trɛf	train
trefafstand	trɛfafstant	train
treffend	trɛfənt	train
treffende	trɛfəndə	test
treffendste	trɛfəntstə	train
treffer	trɛfər	train
trefferlys	trɛfərləis	train
treffers	trɛfərs	train
trefkrag	trɛfkraχ	train
trefreëls	trɛfriəls	train
trein	trəin	train
treindienste	trəindinstə	train
treine	trəinə	train
treinrit	trəinrət	train
treinspoor	trəinspuər	test
treinstasie	trəinstɑːsi	train
treiter	trəitər	train
trek	trɛk	train
trekarbeiders	trɛkarbəidərs	train
trekboere	trɛkburə	train
trekke	trɛkə	train
trekker	trɛkər	test
trekkers	trɛkərs	train
trekking	trɛkəŋ	test
trekpas	trɛkpas	train
trekpleister	trɛkpləistər	train
trekpleisters	trɛkpləistərs	train
trem	trɛm	train
tremloods	trɛmluəts	test
tremtog	trɛmtɔχ	test
trent	trɛnt	train
treurig	trøːrəχ	test
treurige	trøːrəχə	train
treurmare	trøːrmɑːrə	train
treurspel	trøːrspɛl	train
treë	triə	train
tribunaal	trəbynɑːl	train
tribune	trəbynə	train
trikuspidale	trikyspidɑːlə	train
triljoen	trəljun	train
trio	triu	train
triomf	triɔmf	test
triomfantelik	triɔmfantələk	test
triomfantlik	triɔmfantlək	train
trippel	trəpəl	train
troebel	trubəl	train
troef	truf	train
troefkaart	trufkɑːrt	train
troefkaarte	trufkɑːrtə	train
troefmaker	trufmɑːkər	test
troepe	trupə	train
troepemag	trupəmaχ	train
troeteldier	trutəldir	train
troeteldiere	trutəldirə	train
troewe	truvə	train
trofee	trufiə	train
trofeë	trufiə	train
trofiese	truəfisə	train
trok	trɔk	test
trokke	trɔkə	train
trollie	trɔli	train
trollies	trɔlis	test
trom	trɔm	train
trombose	trɔmbuəsə	train
tromme	trɔmə	train
trommel	trɔməl	train
tromp	trɔmp	train
trompetspeler	trɔmpɛtspiələr	train
trompette	trɔmpɛtə	train
trompop	trɔmpɔp	train
trompoppies	trɔmpɔpis	train
trompsburg	trɔmpsbœrχ	test
tromspeler	trɔmspiələr	test
tronk	trɔŋk	train
tronke	trɔŋkə	test
tronkstraf	trɔŋkstraf	train
troon	truən	train
troos	truəs	train
troosprys	truəsprəis	train
trop	trɔp	train
tropies	truəpis	test
tropiese	truəpisə	test
troppe	trɔpə	train
troppie	trɔpi	train
tros	trɔs	train
trosse	trɔsə	train
trossie	trɔsi	train
trots	trɔts	train
trotse	trɔtsə	test
trotseer	trɔtsiər	train
trou	trœu	train
troudag	trœudaχ	train
troue	trœuə	train
trouelose	trœuəluəsə	train
trouens	trœuəns	test
troues	trœuəs	test
trouring	trœurəŋ	train
trourok	trœurɔk	train
trui	trœy	train
truie	trœyə	train
trust	trœst	train
trustee	trœstiə	train
trustees	trœstiəs	train
trustfonds	trœstfɔnts	train
trustrekening	trœstriəkənəŋ	train
trusts	trœsts	train
trôe	trɔə	train
tsaar	tsɑːr	train
tsimba	tsəmba	train
tsjeggiese	tʃɛχisə	train
tsoenami	sunɑːmi	train
tug	tœχ	train
tugkomitee	tœχkɔmətiə	train
tugmaatreëls	tœχmɑːtriəls	train
tugmeesters	tœχmiəstərs	train
tugmiddels	tœχmədəls	train
tugstappe	tœχstapə	train
tugverhoor	tœχfərɦuər	train
tugverhore	tœχfərɦurə	train
tuig	tœyχ	train
tuimel	tœyməl	train
tuin	tœyn	train
tuinbou	tœynbœu	train
tuine	tœynə	train
tuinfeetjies	tœynfiəkis	train
tuinier	tœynir	train
tuiniers	tœynirs	train
tuinmaak	tœynmɑːk	train
tuinslang	tœynslaŋ	train
tuinstad	tœynstat	test
tuintjie	tœyŋki	test
tuinwerk	tœynvɛrk	train
tuinwerker	tœynvɛrkər	train
tuis	tœys	train
tuisbly	tœysbləi	train
tuisbodem	tœysbuədəm	train
tuisbring	tœysbrəŋ	train
tuisdorp	tœysdɔrp	train
tuisgaan	tœysχɑːn	train
tuisgegaan	tœysχəχɑːn	train
tuisgemaak	tœysχəmɑːk	train
tuisgemaakte	tœysχəmɑːktə	test
tuishoort	tœysɦuərt	train
tuiskom	tœyskɔm	train
tuiskoms	tœyskɔms	train
tuisland	tœyslant	train
tuislande	tœyslandə	train
tuisonderrig	tœysɔndərəχ	train
tuisplekkie	tœysplɛki	train
tuisskare	tœysskɑːrə	train
tuisskoolleerders	tœysskuəlliərdərs	train
tuisspan	tœysspan	train
tuisspanne	tœysspanə	train
tuisstad	tœysstat	train
tuiste	tœystə	train
tuistes	tœystəs	test
tuisteskepper	tœystəskɛpər	train
tuisveld	tœysfɛlt	train
tuiswedstryd	tœysvɛtstrəit	train
tuiswedstryde	tœysvɛtstrəidə	train
tuiswerk	tœysvɛrk	train
turbo	tœrbu	train
turksvy	tœrksfəi	train
turksvye	tœrksfəiə	train
turkye	tœrkəiə	train
tussen	tœsən	train
tussenbeide	tœsənbəidə	test
tussendeur	tœsəndøːr	train
tussenganger	tœsənχaŋər	train
tussengroepverhoudinge	tœsənχrupfərɦœudəŋə	train
tussenin	tœsənən	train
tussenpersone	tœsənpərsuənə	train
tussenpose	tœsənpuəzə	train
tussenposes	tœsənpuəzəs	train
tussenposisie	tœsənpuəzisi	train
tussenprovinsiale	tœsənpruəfənʃiɑːlə	train
tussentyd	tœsəntəit	test
tussentydse	tœsəntəitsə	train
tussenverkiesing	tœsənfərkisəŋ	train
tussenverkiesings	tœsənfərkisəŋs	train
tussenwerpsels	tœsənvɛrpsəls	train
twaalf	twɑːlf	train
twaalfde	twɑːlfdə	train
twaalfjarige	twɑːlfjɑːrəχə	train
twaalftal	twɑːlftal	train
twak	twak	train
twee	twiə	train
tweedaagse	twiədɑːχsə	test
tweede	twiədə	train
tweedebeurt	twiədəbøːrt	train
tweedehandse	twiədəɦantsə	train
tweedejaar	twiədəjɑːr	train
tweedelesingsdebat	twiədəliəsəŋsdəbat	train
tweedens	twiədəns	train
tweederangse	twiədəraŋsə	train
tweederde	twiədɛrdə	train
tweederdemeerderheid	twiədɛrdəmiərdərɦəit	train
tweederdes	twiədɛrdəs	train
tweeduisend	twiədœysənt	train
tweehonderd	twiəɦɔndərt	train
tweejaarlikse	twiəjɑːrləksə	train
tweejarige	twiəjɑːrəχə	train
tweekamp	twiəkamp	train
tweekeer	twiəkiər	train
tweekuns	twiəkœns	train
tweeledige	twiəliədəχə	test
tweeling	twiələŋ	train
tweelingbroer	twiələŋbrur	train
tweelinge	twiələŋə	train
tweerigting	twiərəχtəŋ	train
tweesaadlobbige	twiəsɑːtlɔbəχə	train
tweespalt	twiəspalt	train
tweespruit	twiəsprœyt	train
tweestryd	twiəstrəit	train
tweestryde	twiəstrəidə	test
tweetal	twiətal	train
tweetalig	twiətɑːləχ	train
tweetalige	twiətɑːləχə	train
tweetaligheid	twiətɑːləχɦəit	test
tweetjie	twiəki	train
tweetjies	twiəkis	test
tweërlei	twiərləi	test
twintig	twəntəχ	train
twintigerjare	twəntəχərjɑːrə	train
twintigjarige	twəntəχjɑːrəχə	train
twintigs	twəntəχs	test
twintigste	twəntəχstə	train
twis	twəs	train
twiste	twəstə	train
twyfel	twəifəl	train
twyfelagtig	twəifəlaχtəχ	train
twyfelagtige	twəifəlaχtəχə	train
tyd	təit	test
tydbom	təitbɔm	train
tyde	təidə	train
tydelik	təidələk	train
tydelike	təidələkə	train
tydens	təidəns	train
tydgenoot	təitχənuət	train
tydgenote	təitχənutə	train
tydgleuf	təitχløːf	train
tydig	təidəχ	train
tydige	təidəχə	train
tydjie	təiki	train
tydloos	təitluəs	train
tydlose	təitluəsə	train
tydlyn	təitləin	train
tydperk	təitpɛrk	train
tydperke	təitpɛrkə	train
tydren	təitrɛn	train
tydrenjaer	təitrɛnjɑːər	train
tydrenne	təitrɛnə	train
tydrooster	təitruəstər	train
tydrowende	təitruəvəndə	train
tydsaam	təitsɑːm	train
tydsbeplanning	təitsbəplanəŋ	train
tydsberekening	təitsbəriəkənəŋ	train
tydsgees	təitsχiəs	train
tydskaal	təitskɑːl	train
tydskrif	təitskrəf	test
tydskrifartikel	təitskrəfartikəl	train
tydskrifartikels	təitskrəfartikəls	train
tydskrifte	təitskrəftə	train
tydstip	təitstəp	train
tydstoedeling	təitstudiələŋ	train
tydsverloop	təitsfərluəp	test
tydtoets	təittuts	train
tydvak	təitfak	train
tydverdryf	təitfərdrəif	train
tye	təiə	train
tyg	təiχ	train
ui	œy	train
uie	œyə	train
uil	œyl	train
uile	œylə	train
uit	œyt	train
uitbars	œytbars	test
uitbarsting	œytbarstəŋ	train
uitbeeld	œytbiəlt	train
uitbeelding	œytbiəldəŋ	train
uitbeeldings	œytbiəldəŋs	train
uitbetaal	œytbətɑːl	train
uitbetaling	œytbətɑːləŋ	train
uitbetalings	œytbətɑːləŋs	train
uitblink	œytbləŋk	train
uitblinker	œytbləŋkər	train
uitblinkers	œytbləŋkərs	test
uitbly	œytbləi	train
uitbou	œytbœu	test
uitbouing	œytbœuəŋ	test
uitboul	œytbœul	train
uitbrand	œytbrant	train
uitbranding	œytbrandəŋ	train
uitbreek	œytbriək	train
uitbrei	œytbrəi	train
uitbreiding	œytbrəidəŋ	train
uitbreidings	œytbrəidəŋs	train
uitbreidingsplanne	œytbrəidəŋsplanə	test
uitbreidingsprojek	œytbrəidəŋsprujɛk	train
uitbring	œytbrəŋ	train
uitbroei	œytbrui	train
uitbuit	œytbœyt	train
uitbuiting	œytbœytəŋ	train
uitbundig	œytbœndəχ	train
uitbundige	œytbœndəχə	train
uitbundigheid	œytbœndəχɦəit	train
uitdaag	œytdɑːχ	train
uitdagend	œytdɑːχənt	train
uitdagende	œytdɑːχəndə	train
uitdager	œytdɑːχər	train
uitdaging	œytdɑːχəŋ	train
uitdagings	œytdɑːχəŋs	test
uitdeel	œytdiəl	train
uitdelg	œytdɛlχ	train
uitdien	œytdin	train
uitdienstrede	œytdinstriədə	test
uitdink	œytdəŋk	train
uitdra	œytdrɑː	test
uitdraai	œytdrɑːi	train
uitdraaipaaie	œytdrɑːipɑːiə	train
uitdraaipad	œytdrɑːipat	train
uitdraf	œytdraf	train
uitdroog	œytdruəχ	train
uitdruk	œytdrœk	train
uitdrukking	œytdrœkəŋ	train
uitdrukkings	œytdrœkəŋs	train
uitdruklik	œytdrœklək	train
uitdruklike	œytdrœkləkə	train
uitdun	œytdœn	train
uitdunne	œytdœnə	train
uitdunning	œytdœnəŋ	train
uiteen	œytiən	train
uiteengejaag	œytiənχəjɑːχ	train
uiteengesit	œytiənχəsət	train
uiteenlopend	œytiənlupənt	train
uiteenlopende	œytiənluəpəndə	train
uiteensetting	œytiənsɛtəŋ	train
uiteensit	œytiənsət	train
uiteet	œytiət	train
uiteinde	œytəində	train
uiteindelik	œytəindələk	train
uiteindelike	œytəindələkə	train
uiteindes	œytəindəs	train
uitenhage	œytənɦɑːχə	train
uiter	œytər	train
uiteraard	œytərɑːrt	train
uiterlik	œytərlək	train
uiterlike	œytərləkə	train
uitermate	œytərmɑːtə	train
uitermatig	œytərmɑːtəχ	train
uitermatige	œytərmɑːtəχə	train
uiters	œytərs	train
uiterste	œytərstə	train
uiterstes	œytərstəs	train
uitfasering	œytfasiərəŋ	train
uitgaan	œytχɑːn	train
uitgaande	œytχɑːndə	test
uitgang	œytχaŋ	train
uitgangspunt	œytχaŋspœnt	train
uitgangspunte	œytχaŋspœntə	train
uitgawe	œytχɑːvə	train
uitgawerekening	œytχɑːvəriəkənəŋ	test
uitgawes	œytχɑːvəs	train
uitgebars	œytχəbars	train
uitgebeeld	œytχəbiəlt	train
uitgeblink	œytχəbləŋk	train
uitgebly	œytχəbləi	train
uitgeboender	œytχəbundər	test
uitgebou	œytχəbœu	train
uitgeboul	œytχəbœul	train
uitgebrand	œytχəbrant	train
uitgebrande	œytχəbrandə	train
uitgebreek	œytχəbriək	train
uitgebrei	œytχəbrəi	train
uitgebreide	œytχəbrəidə	train
uitgebring	œytχəbrəŋ	train
uitgebroei	œytχəbrui	train
uitgebuit	œytχəbœyt	train
uitgedaag	œytχədɑːχ	train
uitgedeel	œytχədiəl	train
uitgedien	œytχədin	test
uitgediende	œytχədində	train
uitgedink	œytχədəŋk	train
uitgedoofde	œytχəduəfdə	train
uitgedra	œytχədrɑː	train
uitgedraf	œytχədraf	train
uitgedruk	œytχədrœk	test
uitgedryf	œytχədrəif	train
uitgedun	œytχədœn	train
uitgee	œytχiə	train
uitgegaan	œytχəχɑːn	train
uitgegee	œytχəχiə	train
uitgegrawe	œytχəχrɑːvə	train
uitgehaal	œytχəɦɑːl	train
uitgehang	œytχəɦaŋ	train
uitgehardloop	œytχəɦartluəp	train
uitgehol	œytχəɦɔl	train
uitgehonger	œytχəɦɔŋər	train
uitgehou	œytχəɦœu	train
uitgekap	œytχəkap	train
uitgekeer	œytχəkiər	train
uitgeken	œytχəkɛn	train
uitgekerf	œytχəkɛrf	train
uitgeklim	œytχəkləm	train
uitgeknikker	œytχəknəkər	train
uitgeknip	œytχəknəp	train
uitgekom	œytχəkɔm	train
uitgekontrakteer	œytχəkɔntraktiər	train
uitgekoop	œytχəkuəp	train
uitgekyk	œytχəkəik	test
uitgelaat	œytχəlɑːt	train
uitgeleef	œytχəliəf	train
uitgeleefde	œytχəliəfdə	train
uitgelek	œytχəlɛk	train
uitgelewer	œytχəliəvər	train
uitgelig	œytχələχ	test
uitgelok	œytχəlɔk	train
uitgeloof	œytχəluəf	train
uitgeloop	œytχəluəp	train
uitgemaak	œytχəmɑːk	train
uitgemaakte	œytχəmɑːktə	train
uitgemunt	œytχəmœnt	train
uitgeneem	œytχəniəm	train
uitgenodig	œytχənuədəχ	train
uitgeoefen	œytχəufən	train
uitgepak	œytχəpak	train
uitgeplaas	œytχəplɑːs	train
uitgepluis	œytχəplœys	train
uitgepluk	œytχəplœk	train
uitgepraat	œytχəprɑːt	train
uitgeput	œytχəpœt	test
uitgeputte	œytχəpœtə	train
uitgereik	œytχərəik	train
uitgereikte	œytχərəiktə	train
uitgerekte	œytχərɛktə	test
uitgerig	œytχərəχ	train
uitgeroei	œytχərui	train
uitgeroep	œytχərup	train
uitgeruil	œytχərœyl	test
uitgeruk	œytχərœk	train
uitgerus	œytχərœs	train
uitgery	œytχərəi	train
uitgesaai	œytχəsɑːi	train
uitgesak	œytχəsak	train
uitgesien	œytχəsin	train
uitgeskakel	œytχəskɑːkəl	train
uitgeskei	œytχəskəi	train
uitgeskel	œytχəskɛl	train
uitgeskop	œytχəskɔp	train
uitgeskryf	œytχəskrəif	train
uitgeskuif	œytχəskœyf	test
uitgeslaan	œytχəslɑːn	train
uitgeslape	œytχəslɑːpə	train
uitgesluit	œytχəslœyt	train
uitgesny	œytχəsnəi	train
uitgesoek	œytχəsuk	train
uitgesoekte	œytχəsuktə	train
uitgesonder	œytχəsɔndər	train
uitgesonderd	œytχəsɔndərt	test
uitgesorteer	œytχəsɔrtiər	test
uitgespan	œytχəspan	train
uitgespeel	œytχəspiəl	train
uitgespel	œytχəspɛl	train
uitgespook	œytχəspuək	train
uitgespreek	œytχəspriək	train
uitgesprei	œytχəsprəi	train
uitgespring	œytχəsprəŋ	train
uitgesproke	œytχəspruəkə	train
uitgestaan	œytχəstɑːn	train
uitgestal	œytχəstal	test
uitgestap	œytχəstap	train
uitgesteek	œytχəstiək	train
uitgestel	œytχəstɛl	train
uitgestelde	œytχəstɛldə	train
uitgestippel	œytχəstəpəl	train
uitgestof	œytχəstɔf	train
uitgestoot	œytχəstuət	train
uitgestort	œytχəstɔrt	train
uitgestrek	œytχəstrɛk	train
uitgestrekte	œytχəstrɛktə	train
uitgeswaai	œytχəswɑːi	train
uitgetrap	œytχətrap	train
uitgetree	œytχətriə	train
uitgetrek	œytχətrɛk	train
uitgetroon	œytχətruən	train
uitgevaardig	œytχəfɑːrdəχ	train
uitgeval	œytχəfal	train
uitgevang	œytχəfaŋ	test
uitgevee	œytχəfiə	train
uitgevind	œytχəfənt	train
uitgevlieë	œytχəfliə	train
uitgevoer	œytχəfur	train
uitgevra	œytχəfrɑː	train
uitgewei	œytχəvəi	train
uitgewekene	œytχəviəkənə	train
uitgewekenes	œytχəviəkənəs	train
uitgewer	œytχiəvər	test
uitgewerk	œytχəvɛrk	train
uitgewerkte	œytχəvɛrktə	train
uitgewers	œytχiəvərs	train
uitgewersmaatskappy	œytχiəvərsmɑːtskapəi	train
uitgewery	œytχiəvərəi	test
uitgewerye	œytχiəvərəiə	train
uitgewis	œytχəvəs	train
uitgewys	œytχəvəis	train
uitgifte	œytχəftə	test
uitgifteprys	œytχəftəprəis	train
uitgrawings	œytχrɑːvəŋs	train
uithaal	œytɦɑːl	train
uithang	œytɦaŋ	train
uithardloop	œytɦartluəp	train
uitheemse	œytɦiəmsə	train
uithoek	œytɦuk	train
uithoeke	œytɦukə	train
uithongering	œytɦɔŋərəŋ	train
uithou	œytɦœu	train
uithouvermoë	œytɦœufərmuə	train
uiting	œytəŋ	train
uitinge	œytəŋə	train
uitkamp	œytkamp	train
uitkeer	œytkiər	train
uitken	œytkɛn	test
uitkenbare	œytkɛnbɑːrə	train
uitkenning	œytkɛnəŋ	train
uitkenningsparade	œytkɛnəŋsparɑːdə	train
uitkering	œytkiərəŋ	train
uitkerings	œytkiərəŋs	train
uitkies	œytkis	test
uitklaring	œytklɑːrəŋ	train
uitklim	œytkləm	train
uitklop	œytklɔp	train
uitklophou	œytklɔpɦœu	train
uitklophoue	œytklɔpɦœuə	train
uitkom	œytkɔm	train
uitkoms	œytkɔms	train
uitkomste	œytkɔmstə	train
uitkoop	œytkuəp	train
uitkring	œytkrəŋ	train
uitkyk	œytkəik	test
uitkykpunt	œytkəikpœnt	train
uitlaat	œytlɑːt	train
uitlaatgasse	œytlɑːtχasə	train
uitlaatpyp	œytlɑːtpəip	train
uitlaatstelsel	œytlɑːtstɛlsəl	train
uitlaatstelsels	œytlɑːtstɛlsəls	train
uitlander	œytlandər	test
uitlanders	œytlandərs	train
uitlanderskool	œytlandərskuəl	train
uitlating	œytlɑːtəŋ	train
uitlatinge	œytlɑːtəŋə	train
uitlatings	œytlɑːtəŋs	train
uitleef	œytliəf	train
uitleen	œytliən	train
uitleenkoers	œytliənkurs	test
uitleenkoerse	œytliənkursə	train
uitleg	œytlɛχ	train
uitlegplan	œytlɛχplan	train
uitlek	œytlɛk	train
uitlewer	œytliəvər	train
uitlewering	œytliəvərəŋ	train
uitlewing	œytliəvəŋ	train
uitlig	œytləχ	train
uitlok	œytlɔk	train
uitlokking	œytlɔkəŋ	train
uitloop	œytluəp	train
uitlos	œytlɔs	train
uitmaak	œytmɑːk	test
uitmekaar	œytməkɑːr	train
uitmekaarsny	œytməkɑːrsnəi	test
uitmond	œytmɔnt	train
uitmuntend	œytmœntənt	train
uitmuntende	œytmœntəndə	train
uitmuntendheid	œytmœntəntɦəit	train
uitneem	œytniəm	train
uitnemende	œytniəməndə	train
uitnemendheid	œytniəməntɦəit	train
uitnodiging	œytnuədəχəŋ	train
uitnodigings	œytnuədəχəŋs	test
uitnodigingspan	œytnuədəχəŋspan	train
uitoefen	œytufən	train
uitoefening	œytufənəŋ	test
uitpluis	œytplœys	train
uitpraat	œytprɑːt	train
uitputtend	œytpœtənt	train
uitputting	œytpœtəŋ	train
uitrafel	œytrɑːfəl	train
uitreik	œytrəik	train
uitreiking	œytrəikəŋ	test
uitreikings	œytrəikəŋs	train
uitrig	œytrəχ	train
uitroei	œytrui	train
uitroep	œytrup	train
uitroepe	œytrupə	train
uitruil	œytrœyl	test
uitruiling	œytrœyləŋ	train
uitruilstudent	œytrœylstydɛnt	train
uitrusting	œytrœstəŋ	train
uitrustings	œytrœstəŋs	train
uitry	œytrəi	train
uitsaai	œytsɑːi	train
uitsaaibedryf	œytsɑːibədrəif	train
uitsaaidiens	œytsɑːidins	train
uitsaaidienste	œytsɑːidinstə	train
uitsaaier	œytsɑːiər	train
uitsaaiers	œytsɑːiərs	train
uitsaaikorporasie	œytsɑːikɔrpɔrɑːsi	train
uitsaailisensie	œytsɑːiləsɛnsi	train
uitsaailisensies	œytsɑːiləsɛnsis	train
uitsaaiwese	œytsɑːiviəsə	train
uitsak	œytsak	test
uitsending	œytsɛndəŋ	train
uitsendings	œytsɛndəŋs	train
uitset	œytsɛt	test
uitsetting	œytsɛtəŋ	train
uitsettings	œytsɛtəŋs	train
uitsettingsbevel	œytsɛtəŋsbəfɛl	train
uitsien	œytsin	train
uitsig	œytsəχ	train
uitsigte	œytsəχtə	train
uitsit	œytsət	train
uitskakel	œytskɑːkəl	train
uitskakeling	œytskɑːkələŋ	train
uitskryf	œytskrəif	train
uitslaap	œytslɑːp	train
uitslae	œytslɑːə	train
uitslag	œytslaχ	train
uitsluit	œytslœyt	train
uitsluitend	œytslœytənt	train
uitsluitende	œytslœytəndə	train
uitsluiting	œytslœytəŋ	train
uitsluitlik	œytslœytlək	train
uitsluitlike	œytslœytləkə	train
uitsluitsel	œytslœytsəl	train
uitsmyters	œytsməitərs	test
uitsny	œytsnəi	train
uitsoek	œytsuk	test
uitsonder	œytsɔndər	train
uitsondering	œytsɔndərəŋ	train
uitsonderings	œytsɔndərəŋs	train
uitsonderlik	œytsɔndərlək	train
uitsonderlike	œytsɔndərləkə	train
uitspan	œytspan	train
uitspansel	œytspansəl	test
uitspeelwedstryd	œytspiəlvɛtstrəit	test
uitspel	œytspɛl	train
uitspoel	œytspul	train
uitspook	œytspuək	train
uitspraak	œytsprɑːk	train
uitsprake	œytsprɑːkə	train
uitspreek	œytspriək	train
uitspring	œytsprəŋ	train
uitstaan	œytstɑːn	train
uitstaande	œytstɑːndə	train
uitstal	œytstal	train
uitstalling	œytstaləŋ	train
uitstallings	œytstaləŋs	train
uitstallokaal	œytstallukɑːl	train
uitstap	œytstap	test
uitstappery	œytstapərəi	test
uitstappie	œytstapi	train
uitstappies	œytstapis	train
uitstedig	œytstiədəχ	train
uitsteek	œytstiək	train
uitstek	œytstɛk	train
uitstekend	œytstiəkənt	train
uitstekende	œytstiəkəndə	train
uitstel	œytstɛl	train
uitstoot	œytstuət	train
uitstroom	œytstruəm	train
uittog	œytɔχ	train
uittrede	œytriədə	test
uittredende	œytriədəndə	train
uittree	œytriə	train
uittrek	œytrɛk	train
uittreksel	œytrɛksəl	test
uittreksels	œytrɛksəls	test
uittroon	œytruən	train
uitval	œytfal	train
uitvang	œytfaŋ	train
uitvee	œytfiə	test
uitverkiesing	œytfərkisəŋ	train
uitverkoop	œytfərkuəp	train
uitverkoping	œytfərkupəŋ	train
uitvind	œytfənt	train
uitvinding	œytfəndəŋ	train
uitvindsel	œytfəntsəl	train
uitvindsels	œytfəntsəls	train
uitvloei	œytflui	test
uitvloeisel	œytfluisəl	train
uitvloeisels	œytfluisəls	train
uitvoer	œytfur	train
uitvoerder	œytfurdər	train
uitvoerders	œytfurdərs	train
uitvoere	œytfurə	test
uitvoerende	œytfurəndə	train
uitvoerig	œytfurəχ	train
uitvoering	œytfurəŋ	train
uitvoerings	œytfurəŋs	train
uitvoerlande	œytfurlandə	train
uitvoermark	œytfurmark	train
uitvoermarkte	œytfurmarktə	train
uitvoerproduk	œytfurprudœk	train
uitvoerprodukte	œytfurprudœktə	train
uitvoerverdienste	œytfurfərdinstə	test
uitvra	œytfrɑː	train
uitweg	œytvɛχ	train
uitwei	œytvəi	train
uitwendige	œytvɛndəχə	train
uitwerk	œytvɛrk	test
uitwerking	œytvɛrkəŋ	train
uitwerkings	œytvɛrkəŋs	train
uitwis	œytvəs	train
uitwissing	œytvəsəŋ	train
uitwyk	œytvəik	train
uitwys	œytvəis	train
ultimatum	œltimɑːtœm	train
ultra	ultra	train
unionistiese	juniənəstisə	train
universeel	ynivɛrsiəl	train
universiteit	ynivɛrsitəit	train
universiteitstudente	ynivɛrsitəitstydɛntə	train
urineer	yriniər	train
uself	ysɛlf	train
utrecht	ytrɛχt	train
vaag	fɑːχ	train
vaagheid	fɑːχɦəit	train
vaagste	fɑːχstə	test
vaagweg	fɑːχvɛχ	train
vaal	fɑːl	train
vaaldriehoekkampus	fɑːldriɦukkampœs	train
vaalwater	fɑːlvɑːtər	train
vaandel	fɑːndəl	train
vaar	fɑːr	train
vaardig	fɑːrdəχ	train
vaardige	fɑːrdəχə	train
vaardighede	fɑːrdəχɦiədə	train
vaardigheid	fɑːrdəχɦəit	test
vaardigheidsontwikkeling	fɑːrdəχɦəitsɔntvəkələŋ	train
vaardigheidsvlak	fɑːrdəχɦəitsflak	train
vaart	fɑːrt	test
vaartbelyn	fɑːrtbələin	train
vaartbelynde	fɑːrtbələində	train
vaartskepe	fɑːrtskiəpə	train
vaartuie	fɑːrtœyə	train
vaartuig	fɑːrtœyχ	train
vaarwel	fɑːrvɛl	train
vaas	fɑːs	train
vaatjie	fɑːiki	train
vaatweefsel	fɑːtviəfsəl	train
vader	fɑːdər	test
vaderland	fɑːdərlant	train
vaderlandsliefde	fɑːdərlantslifdə	train
vaderlike	fɑːdərləkə	train
vaders	fɑːdərs	train
vaderskap	fɑːdərskap	train
vadoek	faduk	train
vae	fɑːə	train
vagina	faχina	train
vak	fak	train
vakansie	fakansi	train
vakansiedae	fakansidɑːə	train
vakansiedag	fakansidaχ	train
vakansieganger	fakansiχaŋər	train
vakansiegangers	fakansiχaŋərs	train
vakansieoord	fakansiuərt	train
vakansieoorde	fakansiuərdə	test
vakansieprogramme	fakansipruχramə	train
vakansies	fakansis	train
vakansieseisoen	fakansisəisun	train
vakansietoer	fakansitur	train
vakansietog	fakansitɔχ	train
vakansietyd	fakansitəit	train
vakansietye	fakansitəiə	train
vakansiewerk	fakansivɛrk	train
vakant	fakant	train
vakante	fakantə	train
vakature	fakatyrə	train
vakatures	fakatyrəs	train
vakbond	fakbɔnt	train
vakbondbeweging	fakbɔntbəviəχəŋ	train
vakbonde	fakbɔndə	train
vakbondlede	fakbɔntliədə	train
vakbondleier	fakbɔntləiər	train
vakbondleiers	fakbɔntləiərs	train
vakbondverteenwoordigers	fakbɔntfərtiənvuərdəχərs	train
vakbondwese	fakbɔntviəsə	test
vakdidaktiek	fakdidaktik	test
vakdidaktiese	fakdidaktisə	train
vakdissiplines	fakdəsəplinəs	train
vakgroepe	fakχrupə	train
vakinhoudelike	fakənɦœudələkə	train
vakke	fakə	train
vakkennis	fakkɛnəs	train
vakkode	fakkuədə	train
vakkundige	fakkœndəχə	train
vakleerling	fakliərləŋ	train
vakleerlinge	fakliərləŋə	test
vakleerlingskap	fakliərləŋskap	train
vakman	fakman	train
vakmanskap	fakmanskap	test
vakmetodiek	fakmɛtudik	train
vakspesifieke	fakspɛsəfikə	train
vaktaal	faktɑːl	train
vakterme	faktɛrmə	train
vakterminologie	faktɛrminuluχi	train
vaktydskrif	faktəitskrəf	train
vakverbond	fakfərbɔnt	train
vakverbonde	fakfərbɔndə	train
vakwerk	fakvɛrk	train
vakwerkboogbrug	fakvɛrkbuəχbrœχ	train
val	fal	train
valbyl	falbəil	train
valbylpot	falbəilpɔt	train
vale	fɑːlə	train
valer	fɑːlər	train
valhelm	falɦɛləm	test
valk	falk	train
valke	falkə	train
valle	falə	train
vallei	faləi	train
valleie	faləiə	train
vallende	faləndə	train
vals	fals	train
valse	falsə	train
valsheid	falsɦəit	train
valskermspringers	falskɛrəmsprəŋərs	train
valslik	falslək	test
valuta	valyta	train
valutabeheer	valytabəɦiər	train
valutamarkte	valytamarktə	train
valutareserwes	valytarəzɛrvəs	train
vampier	vampir	train
vampiere	vampirə	train
van	fan	train
vanaand	fanɑːnt	train
vanadium	fanɑːdiœm	train
vanaf	fanaf	train
vandaan	fandɑːn	train
vandaar	fandɑːr	train
vandag	fandaχ	train
vandale	fandɑːlə	train
vandalisme	fandaləsmə	test
vandat	fandat	train
vandeesmaand	fandiəsmɑːnt	train
vandeesweek	fandiəsviək	train
vanderbijlpark	fandərbəilpark	train
vang	faŋ	train
vangate	faŋχɑːtə	train
vangkans	faŋkɑːns	train
vangs	faŋs	train
vangskoot	faŋskuət	train
vangskote	faŋskuətə	train
vangste	faŋstə	train
vangwa	faŋvɑː	test
vanieljegeursel	vaniljəχøːrsəl	train
vanjaar	fanjɑːr	train
vanmelewe	fanməliəvə	train
vanmiddag	fanmədaχ	train
vanmore	fanmurə	train
vannag	fanaχ	train
vanoggend	fanɔχənt	test
vanself	fansɛlf	train
vanselfsprekend	fansɛlfspriəkənt	train
vantevore	fantəfurə	train
vanuit	fanœyt	train
vanwaar	fanvɑːr	train
vanweë	fanviə	train
varende	fɑːrəndə	train
variante	variantə	train
variasie	variɑːsi	train
variasies	variɑːsis	train
varieer	variiər	train
varing	fɑːrəŋ	train
varings	fɑːrəŋs	train
variëteite	variətəitə	train
vark	fark	test
varke	farkə	test
varkie	farki	train
varkies	farkis	train
vars	fars	train
varse	farsə	train
varsgeslagte	farsχəslaχtə	train
varsheid	farsɦəit	train
varswater	farsvɑːtər	train
vas	fas	test
vasberade	fasbərɑːdə	train
vasberadenheid	fasbərɑːdənɦəit	test
vasbeslote	fasbəslutə	train
vasbyt	fasbəit	train
vasdruk	fasdrœk	test
vase	fɑːsə	train
vasgebind	fasχəbənt	train
vasgeboei	fasχəbui	train
vasgebyt	fasχəbəit	train
vasgedruk	fasχədrœk	train
vasgegryp	fasχəχrəip	test
vasgehaak	fasχəɦɑːk	train
vasgehardloop	fasχəɦartluəp	test
vasgehou	fasχəɦœu	train
vasgejaag	fasχəjɑːχ	train
vasgekeer	fasχəkiər	train
vasgekeerde	fasχəkiərdə	train
vasgeketting	fasχəkɛtəŋ	train
vasgekleef	fasχəkliəf	train
vasgeklem	fasχəklɛm	train
vasgeloop	fasχəluəp	train
vasgemaak	fasχəmɑːk	train
vasgenael	fasχənɑːəl	train
vasgepen	fasχəpɛn	train
vasgery	fasχərəi	train
vasgesit	fasχəsət	train
vasgeskop	fasχəskɔp	train
vasgestaan	fasχəstɑːn	train
vasgesteek	fasχəstiək	train
vasgestel	fasχəstɛl	train
vasgestelde	fasχəstɛldə	train
vasgetrek	fasχətrɛk	test
vasgeval	fasχəfal	train
vasgevang	fasχəfaŋ	train
vasgevat	fasχəfat	train
vashou	fasɦœu	train
vaskap	faskap	train
vasklou	fasklœu	train
vaskop	faskɔp	test
vaskopflank	faskɔpflaŋk	train
vaskopkant	faskɔpkant	train
vaskoppe	faskɔpə	train
vaskopstut	faskɔpstœt	train
vaskyk	faskəik	train
vasmaak	fasmɑːk	train
vaspen	faspɛn	train
vasskop	fasskɔp	test
vassteek	fasstiək	train
vasstel	fasstɛl	train
vasstelling	fasstɛləŋ	train
vaste	fastə	train
vasteland	fastəlant	train
vastelande	fastəlandə	train
vastestof	fastəstɔf	train
vastigheid	fastəχɦəit	train
vastrap	fastrap	train
vastrapplek	fastrapplɛk	train
vastrek	fastrɛk	train
vasvang	fasfaŋ	train
vasvat	fasfat	train
vasvra	fasfrɑː	train
vat	fat	test
vatbaar	fatbɑːr	train
vate	fɑːtə	train
vattigheid	fatəχɦəit	train
vee	fiə	train
veearts	fiəarts	train
veeartse	fiəartsə	train
veeartsenykundige	fiəartsənəikœndəχə	test
veeboere	fiəburə	train
veediewe	fiədivə	train
veel	fiəl	train
veelbesproke	fiəlbəsprukə	train
veelbetekenend	fiəlbətiəkənənt	train
veeleisend	fiələisənt	train
veeleisende	fiələisəndə	train
veelheid	fiəlɦəit	train
veelkleurige	fiəlkløːrəχə	train
veelparty	fiəlpartəi	train
veelrassige	fiəlrasəχə	train
veels	fiəls	test
veelseggend	fiəlsɛχənt	train
veelseggende	fiəlsɛχəndə	train
veelsydige	fiəlsəidəχə	train
veelsydigheid	fiəlsəidəχɦəit	train
veelsydigste	fiəlsəidəχstə	train
veeltalige	fiəltɑːləχə	train
veeltaligheid	fiəltɑːləχɦəit	train
veelvoudige	fiəlfœudəχə	train
veelvuldige	fiəlfœldəχə	test
veen	fiən	test
veeposte	fiəpɔstə	train
veer	fiər	train
veerdons	fiərdɔns	train
veerkragtigheid	fiərkraχtəχɦəit	train
veerstelsel	fiərstɛlsəl	train
veertien	fiərtin	train
veertiende	fiərtində	train
veertienjarige	fiərtinjɑːrəχə	train
veertig	fiərtəχ	train
veertigduisend	fiərtəχdœysənt	test
veertigste	fiərtəχstə	train
veevoer	fiəfur	train
veewagter	fiəvaχtər	train
veg	fɛχ	train
vegetariese	vɛχətɑːrisə	train
veggees	fɛχiəs	train
vegtende	fɛχtəndə	train
vegter	fɛχtər	train
vegters	fɛχtərs	test
vegvliegtuie	fɛχfliχtœyə	train
vegvliegtuig	fɛχfliχtœyχ	train
veil	fəil	train
veilig	fəiləχ	train
veilige	fəiləχə	train
veiliger	fəiləχər	train
veiligheid	fəiləχɦəit	train
veiligheids	fəiləχɦəits	train
veiligheidsaspekte	fəiləχɦəitsaspɛktə	train
veiligheidsbeampte	fəiləχɦəitsbəamptə	train
veiligheidsbeamptes	fəiləχɦəitsbəamptəs	test
veiligheidsgordels	fəiləχɦəitsχɔrdəls	train
veiligheidshalwe	fəiləχɦəitsɦɑːlvə	train
veiligheidshekke	fəiləχɦəitsɦɛkə	train
veiligheidskomitee	fəiləχɦəitskɔmətiə	train
veiligheidsmagte	fəiləχɦəitsmaχtə	train
veiligheidspersoneel	fəiləχɦəitspɛrsuniəl	train
veiligheidspolisie	fəiləχɦəitspulisi	train
veiligheidspolisiemanne	fəiləχɦəitspulisimanə	train
veiligheidsraad	fəiləχɦəitsrɑːt	train
veiligheidsredes	fəiləχɦəitsriədəs	train
veiligheidstandaarde	fəiləχɦəitstandɑːrdə	train
veiligheidstelsel	fəiləχɦəitstɛlsəl	train
veiligheidswag	fəiləχɦəitsvaχ	train
veiligheidswagte	fəiləχɦəitsvaχtə	test
veiligheidswetgewing	fəiləχɦəitsvɛtχiəvəŋ	train
veiligste	fəiləχstə	train
veiling	fəiləŋ	train
veilings	fəiləŋs	train
vektor	vɛktɔr	test
vektore	vɛktuərə	test
vel	fɛl	train
veld	fɛlt	train
veldbrand	fɛltbrant	train
veldbrande	fɛltbrandə	train
velddrif	fɛltdrəf	train
velde	fɛldə	test
veldekskursie	fɛltɛkskœrsi	test
veldgids	fɛltχəts	train
veldkornet	fɛltkɔrnɛt	train
veldloop	fɛltluəp	train
veldren	fɛltrɛn	train
veldrenne	fɛltrɛnə	train
veldslae	fɛltslɑːə	train
veldslag	fɛltslaχ	train
veldsman	fɛltsman	train
veldtog	fɛltɔχ	test
veldtogte	fɛltɔχtə	train
veldwagter	fɛltvaχtər	train
veldwagters	fɛltvaχtərs	train
veldwerk	fɛltvɛrk	test
veldwerkers	fɛltvɛrkərs	train
veldwerkposisies	fɛltvɛrkpuzisis	train
vele	fiələ	train
velerlei	fiələrləi	train
velkleur	fɛlkløːr	train
velle	fɛlə	test
velling	fɛləŋ	train
vellings	fɛləŋs	train
velskoene	fɛlskunə	train
veluitslag	fɛlœytslaχ	train
vendetta	vɛndɛta	train
vennoot	fənuət	train
vennootskap	fənuətskap	train
vennootskappe	fənuətskapə	train
vennootskapsooreenkoms	fənuətskapsuəriənkɔms	test
vennote	fənuətə	train
venster	fɛnstər	train
vensterbank	fɛnstərbaŋk	train
vensterruit	fɛnstərœyt	train
vensters	fɛnstərs	train
venstertjie	fɛnstərki	test
vent	fɛnt	train
venter	fɛntər	train
ventersburg	fɛntərsbœrχ	train
ventilasie	vɛntəlɑːsi	train
venus	vinœs	train
venyn	fənəin	train
ver	fɛr	train
verabsoluteer	fərabsœulytiər	train
veraf	fɛraf	train
verafgeleë	fɛrafχəliə	train
verafsku	fərafsky	train
verag	fəraχ	train
veragting	fəraχtəŋ	train
veral	fəral	train
veralgemeen	fəralχəmiən	train
veralgemeende	fəralχəmiəndə	train
veralgemening	fəralχəmiənəŋ	train
veralgemenings	fəralχəmiənəŋs	train
veranda	vəranda	train
verander	fərandər	train
veranderde	fərandərdə	train
veranderende	fərandərəndə	train
verandering	fərandərəŋ	train
veranderinge	fərandərəŋə	train
veranderings	fərandərəŋs	train
veranderlik	fərandərlək	train
veranderlikes	fərandərləkəs	train
verantwoord	fərantvuərt	train
verantwoordbaar	fərantvuərtbɑːr	train
verantwoordbaarheid	fərantvuərtbɑːrɦəit	train
verantwoordbare	fərantvuərtbɑːrə	train
verantwoordelik	fərantvuərdələk	train
verantwoordelike	fərantvuərdələkə	train
verantwoordelikhede	fərantvuərdələkɦiədə	train
verantwoordelikheid	fərantvuərdələkɦəit	train
verantwoording	fərantvuərdəŋ	train
verarm	fərarm	train
verarmde	fərarmdə	train
verarming	fərarməŋ	train
veras	fəras	train
verassing	fərasəŋ	train
verassings	fərasəŋs	train
verbaal	vɛrbɑːl	train
verbaas	fərbɑːs	train
verbaasde	fərbɑːsdə	train
verban	fərban	train
verband	fərbant	train
verbande	fərbandə	train
verbandhoudende	fərbantɦœudəndə	train
verbandkoerse	fərbantkursə	train
verbandlening	fərbantliənəŋ	test
verbanning	fərbanəŋ	train
verbasend	fərbɑːsənt	train
verbasing	fərbɑːsəŋ	train
verbeel	fərbiəl	train
verbeelding	fərbiəldəŋ	train
verbeeldinglose	fərbiəldəŋluəsə	train
verbeeldingryk	fərbiəldəŋrəik	train
verbeeldingryke	fərbiəldəŋrəikə	train
verberg	fərbɛrχ	train
verbete	fərbiətə	train
verbeter	fərbiətər	train
verbeterde	fərbiətərdə	test
verbetering	fərbiətərəŋ	train
verbeteringe	fərbiətərəŋə	train
verbeterings	fərbiətərəŋs	train
verbeur	fərbøːr	train
verbeurd	fərbøːrt	train
verbie	fərbi	train
verbied	fərbit	train
verbind	fərbənt	train
verbinding	fərbəndəŋ	train
verbindinge	fərbəndəŋə	train
verbintenis	fərbəntənəs	train
verbintenisse	fərbəntənəsə	train
verbitterd	fərbətərt	test
verbitterde	fərbətərdə	train
verbleikte	fərbləiktə	train
verblind	fərblənt	train
verblindend	fərbləndənt	test
verblindende	fərbləndəndə	train
verbloem	fərblum	test
verbly	fərbləi	train
verblydend	fərbləidənt	train
verblyf	fərbləif	train
verblyfkoste	fərbləifkɔstə	train
verblyfplek	fərbləifplɛk	train
verblyfreg	fərbləifrɛχ	train
verbod	fərbɔt	train
verbode	fərbuədə	train
verbond	fərbɔnt	train
verbonde	fərbɔndə	train
verbondenheid	fərbɔndənɦəit	train
verbondsark	fərbɔntsark	train
verbondsvolk	fərbɔntsfɔlk	test
verborge	fərbɔrχə	test
verbou	fərbœu	train
verbouereerd	fərbœuəriərt	train
verbouing	fərbœuəŋ	train
verboë	fərbuə	train
verbrand	fərbrant	train
verbrande	fərbrandə	train
verbranding	fərbrandəŋ	train
verbreding	fərbriədəŋ	train
verbreed	fərbriət	train
verbreek	fərbriək	train
verbreking	fərbriəkəŋ	train
verbrokkel	fərbrɔkəl	train
verbrokkeling	fərbrɔkələŋ	train
verbrou	fərbrœu	test
verbroude	fərbrœudə	train
verbruik	fərbrœyk	train
verbruiker	fərbrœykər	train
verbruikers	fərbrœykərs	train
verbruikersake	fərbrœykərsɑːkə	train
verbruikersbesteding	fərbrœykərsbəstiədəŋ	train
verbruikersforum	fərbrœykərsfurœm	test
verbruikersgedrag	fərbrœykərsχədraχ	train
verbruikersgoedere	fərbrœykərsχudərə	test
verbruikersprysindeks	fərbrœykərsprəisəndɛks	train
verbruikersraad	fərbrœykərsrɑːt	train
verbruikersvertroue	fərbrœykərsfərtrœuə	train
verbruikersvraag	fərbrœykərsfrɑːχ	train
verbruikerswetenskappe	fərbrœykərsviətənskapə	train
verbruiksbesteding	fərbrœyksbəstiədəŋ	train
verbruiksgoedere	fərbrœyksχudərə	train
verbruin	fərbrœyn	train
verbrysel	fərbrəisəl	train
verbuiging	fərbœyχəŋ	train
verby	fərbəi	train
verbygaan	fərbəiχɑːn	train
verbygaande	fərbəiχɑːndə	test
verbyganger	fərbəiχaŋər	train
verbygangers	fərbəiχaŋərs	train
verbygegaan	fərbəiχəχɑːn	train
verbygery	fərbəiχərəi	test
verbygestap	fərbəiχəstap	train
verbygesteek	fərbəiχəstiək	train
verbygevlieg	fərbəiχəfliχ	train
verbyloop	fərbəiluəp	train
verbypad	fərbəipat	train
verbyry	fərbəirəi	train
verbystap	fərbəistap	test
verbysteek	fərbəistiək	train
verbyster	fərbəistər	train
verbysterende	fərbəistərəndə	test
verbytrek	fərbəitrɛk	train
verbyvliegende	fərbəifliχəndə	train
verbyvlug	fərbəiflœχ	train
verdaag	fərdɑːχ	train
verdag	fərdaχ	train
verdaging	fərdɑːχəŋ	train
verdagmakery	fərdaχmɑːkərəi	train
verdagte	fərdaχtə	train
verdagtes	fərdaχtəs	test
verdamp	fərdamp	train
verdamping	fərdampəŋ	test
verdedig	fərdiədəχ	train
verdedigend	fərdiədəχənt	train
verdedigende	fərdiədəχəndə	train
verdediger	fərdiədəχər	test
verdedigers	fərdiədəχərs	train
verdediging	fərdiədəχəŋ	train
verdedigingskoste	fərdiədəχəŋskɔstə	test
verdedigingslinie	fərdiədəχəŋslini	train
verdedigingsmag	fərdiədəχəŋsmaχ	train
verdedigingsmiddels	fərdiədəχəŋsmədəls	test
verdedigingswet	fərdiədəχəŋsvɛt	train
verdeel	fərdiəl	train
verdeelbare	fərdiəlbɑːrə	train
verdeeld	fərdiəlt	train
verdeelde	fərdiəldə	train
verdeeldheid	fərdiəltɦəit	train
verdelende	fərdiələndə	test
verdelg	fərdɛlχ	train
verdeling	fərdiələŋ	train
verdelings	fərdiələŋs	test
verdelingslyn	fərdiələŋsləin	test
verdelingsrekening	fərdiələŋsriəkənəŋ	test
verdenking	fərdɛŋkəŋ	train
verder	fɛrdər	train
verdere	fɛrdərə	train
verderf	fərdɛrf	train
verdien	fərdin	train
verdienste	fərdinstə	train
verdienstelike	fərdinstələkə	test
verdienstelikheid	fərdinstələkɦəit	train
verdienstes	fərdinstəs	train
verdiep	fərdip	train
verdieping	fərdipəŋ	train
verdiepings	fərdipəŋs	train
verdik	fərdək	train
verdikking	fərdəkəŋ	train
verdink	fərdəŋk	train
verdiskonteer	fərdəskɔntiər	train
verditendatste	fərdətəndatstə	test
verdoel	fərdul	train
verdoem	fərdum	train
verdoesel	fərdusəl	test
verdof	fərdɔf	train
verdomp	fərdɔmp	train
verdoold	fərduəlt	train
verdorwe	fərdɔrvə	train
verdowingsmiddels	fərduəvəŋsmədəls	train
verdra	fərdrɑː	train
verdraagsaam	fərdrɑːχsɑːm	train
verdraagsaamheid	fərdrɑːχsɑːmɦəit	train
verdraai	fərdrɑːi	train
verdraaiing	fərdrɑːiəŋ	train
verdrae	fərdrɑːə	train
verdrag	fərdraχ	train
verdriedubbel	fərdridœbəl	test
verdriet	fərdrit	train
verdrietig	fərdritəχ	train
verdrink	fərdrəŋk	train
verdroog	fərdruəχ	train
verdruk	fərdrœk	train
verdrukking	fərdrœkəŋ	train
verdrukte	fərdrœktə	train
verdruktes	fərdrœktəs	train
verdryf	fərdrəif	train
verdubbel	fərdœbəl	train
verduidelik	fərdœydələk	train
verduideliking	fərdœydələkəŋ	train
verduidelikings	fərdœydələkəŋs	train
verduister	fərdœystər	train
verdun	fərdœn	train
verdunde	fərdœndə	train
verdwaal	fərdwɑːl	train
verdwaalde	fərdwɑːldə	train
verdwaas	fərdwɑːs	train
verdwene	fərdwiənə	train
verdwerg	fərdwɛrχ	train
verdwerging	fərdwɛrχəŋ	train
verdwyn	fərdwəin	train
verdwyning	fərdwəinəŋ	train
vere	fiərə	train
veredelende	fəriədələndə	test
veredeling	fəriədələŋ	train
vereeniging	fəriənəχəŋ	train
vereenselwig	fəriənsɛlvəχ	train
vereenvoudig	fəriənfœudəχ	train
vereenvoudigde	fəriənfœudəχdə	train
vereenvoudiging	fəriənfœudəχəŋ	train
vereer	fəriər	train
vereers	fəriərs	train
vereffen	fərɛfən	train
vereffening	fərɛfənəŋ	train
vereis	fərəis	train
vereiste	fərəistə	train
vereistes	fərəistəs	train
verengelsing	fərɛŋəlsəŋ	train
verenig	fəriənəχ	train
verenigbaar	fəriənəχbɑːr	train
verenigde	fəriənəχdə	train
verenigende	fəriənəχəndə	train
vereniging	fəriənəχəŋ	train
verenigings	fəriənəχəŋs	train
vererg	fərɛrχ	train
vererger	fərɛrχər	train
verering	fəriərəŋ	train
verewig	fəriəvəχ	train
verf	fɛrf	train
verfilm	fərfəlm	test
verfilming	fərfəlməŋ	train
verflou	fərflœu	train
verfraai	fərfrɑːi	train
verfris	fərfrəs	train
verfrissend	fərfrəsənt	train
verfrissende	fərfrəsəndə	train
verfwerk	fɛrfvɛrk	test
verfyn	fərfəin	test
verfynde	fərfəində	train
verfyning	fərfəinəŋ	train
verg	fɛrχ	train
vergaan	fərχɑːn	train
vergaap	fərχɑːp	train
vergader	fərχɑːdər	train
vergadering	fərχɑːdərəŋ	train
vergaderings	fərχɑːdərəŋs	train
vergange	fərχaŋə	train
vergas	fərχas	train
vergeef	fərχiəf	train
vergeefs	fərχiəfs	train
vergeer	fərχiər	train
vergeestelik	fərχiəstələk	train
vergeet	fərχiət	train
vergelding	fərχɛldəŋ	train
vergeleke	fərχəliəkə	train
vergelyk	fərχələik	train
vergelykbaar	fərχələikbɑːr	train
vergelykbare	fərχələikbɑːrə	train
vergelykend	fərχələikənt	train
vergelykende	fərχələikəndə	train
vergelyking	fərχələikəŋ	train
vergelykings	fərχələikəŋs	train
vergemaklik	fərχəmaklək	train
vergesel	fərχəsɛl	train
vergesigte	fərχəsəχtə	test
vergesog	fɛrχəsɔχ	train
vergestalting	fərχəstaltəŋ	test
vergete	fərχiətə	train
vergewe	fərχiəvə	train
vergewing	fərχiəvəŋ	train
vergewis	fərχəvəs	train
vergiffenis	fərχəfənəs	train
vergifnis	fərχəfnəs	train
vergiftig	fərχəftəχ	train
vergoed	fərχut	train
vergoeding	fərχudəŋ	train
vergoedingspakket	fərχudəŋspakɛt	train
vergroei	fərχrui	train
vergroot	fərχruət	test
vergrootglas	fərχruətχlas	train
vergrote	fərχruətə	train
vergroting	fərχruətəŋ	train
vergruis	fərχrœys	train
vergryp	fərχrəip	train
vergrype	fərχrəipə	train
verguis	fərχœys	train
vergulde	fərχœldə	test
vergunning	fərχœnəŋ	train
verhaal	fərɦɑːl	test
verhaaltjie	fərɦɑːlki	train
verhale	fərɦɑːlə	train
verhalende	fərɦɑːləndə	train
verhaling	fərɦɑːləŋ	train
verhandel	fərɦandəl	train
verhandelbare	fərɦandəlbɑːrə	train
verhandeling	fərɦandələŋ	train
verhandelings	fərɦandələŋs	test
verhang	fərɦaŋ	train
verheerlik	fərɦiərlək	test
verheerliking	fərɦiərləkəŋ	train
verhef	fərɦɛf	test
verhelder	fərɦɛldər	train
verheldering	fərɦɛldərəŋ	train
verhelp	fərɦɛlp	train
verhemelte	fərɦiəməltə	train
verheug	fərɦøːχ	train
verhewe	fərɦiəvə	train
verhinder	fərɦəndər	test
verhit	fərɦət	train
verhitte	fərɦətə	train
verhoed	fərɦut	train
verhoef	fərɦuf	test
verhoging	fərɦuəχəŋ	train
verhogings	fərɦuəχəŋs	train
verhonderddubbel	fərɦɔndərtdœbəl	train
verhoog	fərɦuəχ	train
verhoogde	fərɦuəχdə	train
verhoogstuk	fərɦuəχstœk	test
verhoor	fərɦuər	train
verhoorafwagtend	fərɦuərafvaχtənt	train
verhoorafwagtende	fərɦuərafvaχtəndə	train
verhoordatum	fərɦuərdɑːtœm	train
verhore	fərɦuərə	train
verhoring	fərɦuərəŋ	train
verhouding	fərɦœudəŋ	train
verhoudinge	fərɦœudəŋə	train
verhoudings	fərɦœudəŋs	train
verhoudingsposisies	fərɦœudəŋspuzisis	train
verhoë	fərɦuə	train
verhuis	fərɦœys	test
vering	fiərəŋ	train
veringstelsel	fiərəŋstɛlsəl	train
veritas	vɛritas	train
verjaag	fərjɑːχ	train
verjaar	fərjɑːr	train
verjaardae	fərjɑːrdɑːə	train
verjaardag	fərjɑːrdaχ	train
verjaardaggeskenk	fərjɑːrdaχχəskɛŋk	train
verjaarsdag	fərjɑːrsdaχ	train
verjaring	fərjɑːrəŋ	train
verjoodsing	fərjuətsəŋ	test
verkas	fərkas	test
verkeer	fərkiər	train
verkeerd	fərkiərt	train
verkeerde	fərkiərdə	train
verkeerdelik	fərkiərdələk	train
verkeersbeampte	fərkiərsbəamptə	test
verkeersbeamptes	fərkiərsbəamptəs	train
verkeersdepartement	fərkiərsdəpartəmɛnt	train
verkeersknope	fərkiərsknuəpə	train
verkeerslig	fərkiərsləχ	train
verkeersligte	fərkiərsləχtə	train
verkeersman	fərkiərsman	test
verkeersmanne	fərkiərsmanə	train
verkeersoortreders	fərkiərsuərtriədərs	train
verkeersoortredings	fərkiərsuərtriədəŋs	test
verkeersopeenhopings	fərkiərsɔpiənɦuəpəŋs	train
verkeerspolisie	fərkiərspulisi	train
verkeersvolume	fərkiərsvɔlymə	train
verken	fərkɛn	train
verkennende	fərkɛnəndə	train
verkenner	fərkɛnər	train
verkenners	fərkɛnərs	train
verkies	fərkis	train
verkiesbaar	fərkisbɑːr	train
verkiesing	fərkisəŋ	train
verkiesings	fərkisəŋs	train
verkiesingsbeloftes	fərkisəŋsbəlɔftəs	train
verkiesingsdag	fərkisəŋsdaχ	train
verkiesingskommissie	fərkisəŋskumisi	test
verkiesingsmanifes	fərkisəŋsmanifɛs	train
verkiesingstryd	fərkisəŋstrəit	test
verkiesingstyd	fərkisəŋstəit	train
verkiesingsuitslae	fərkisəŋsœytslɑːə	train
verkiesingsuitslag	fərkisəŋsœytslaχ	train
verkiesingsveldtog	fərkisəŋsfɛltɔχ	train
verkiesingsveldtogte	fərkisəŋsfɛltɔχtə	train
verkieslik	fərkislək	train
verklaar	fərklɑːr	train
verklaarbaar	fərklɑːrbɑːr	train
verklaarde	fərklɑːrdə	train
verklap	fərklap	train
verklaring	fərklɑːrəŋ	train
verklarings	fərklɑːrəŋs	train
verklein	fərkləin	train
verkleineer	fərkləiniər	train
verkleining	fərkləinəŋ	train
verkleiningsvorme	fərkləinəŋsfɔrmə	train
verkleur	fərkløːr	train
verkluim	fərklœym	train
verknoei	fərknui	train
verknorsing	fərknɔrsəŋ	test
verkoeler	fərkulər	train
verkoeling	fərkuləŋ	train
verkondig	fərkɔndəχ	train
verkondiging	fərkɔndəχəŋ	train
verkool	fərkuəl	train
verkoop	fərkuəp	train
verkoopbelasting	fərkuəpbəlastəŋ	train
verkoopdruk	fərkuəpdrœk	train
verkoopprys	fərkuəpprəis	train
verkooppryse	fərkuəpprəisə	train
verkoopsman	fərkuəpsman	train
verkoopsorganisasie	fərkuəpsɔrχanisɑːsi	train
verkoopsprys	fərkuəpsprəis	train
verkoopswaarde	fərkuəpsvɑːrdə	train
verkoopsyfer	fərkuəpsəifər	train
verkoopsyfers	fərkuəpsəifərs	train
verkope	fərkuəpə	test
verkoper	fərkuəpər	train
verkopers	fərkuəpərs	train
verkoping	fərkuəpəŋ	train
verkort	fərkɔrt	train
verkorte	fərkɔrtə	train
verkose	fərkuəsə	train
verkoue	fərkœuə	test
verkrag	fərkraχ	train
verkragte	fərkraχtə	train
verkragter	fərkraχtər	train
verkragters	fərkraχtərs	train
verkragting	fərkraχtəŋ	train
verkragtings	fərkraχtəŋs	train
verkragtingslagoffers	fərkraχtəŋslaχɔfərs	train
verkrampte	fərkramptə	train
verkreë	fərkriə	train
verkrummel	fərkrœməl	train
verkry	fərkrəi	train
verkrygbaar	fərkrəiχbɑːr	train
verkryging	fərkrəiχəŋ	train
verkrygings	fərkrəiχəŋs	train
verkul	fərkœl	test
verkwalik	fərkwɑːlək	test
verkwisting	fərkwəstəŋ	train
verkyker	fɛrkəikər	train
verlaag	fərlɑːχ	train
verlaagde	fərlɑːχdə	train
verlaat	fərlɑːt	train
verlaging	fərlɑːχəŋ	train
verlagings	fərlɑːχəŋs	test
verlam	fərlam	train
verlamde	fərlamdə	train
verlammende	fərlaməndə	train
verlamming	fərlaməŋ	train
verlang	fərlaŋ	train
verlangde	fərlaŋdə	train
verlange	fərlaŋə	train
verlangsaam	fərlaŋsɑːm	train
verlangsaming	fərlaŋsɑːməŋ	train
verlate	fərlɑːtə	train
verlatenheid	fərlɑːtənɦəit	train
verlede	fərliədə	train
verleen	fərliən	test
verleentheid	fərliəntɦəit	train
verleer	fərliər	train
verlei	fərləi	train
verleidelik	fərləidələk	train
verleiding	fərləidəŋ	train
verleng	fərlɛŋ	train
verlenging	fərlɛŋəŋ	test
verlengstuk	fərlɛŋstœk	train
verlep	fərlɛp	train
verleë	fərliə	train
verlief	fərlif	train
verliefde	fərlifdə	test
verliefdes	fərlifdəs	train
verlies	fərlis	train
verliese	fərlisə	train
verlig	fərləχ	train
verligte	fərləχtə	train
verligting	fərləχtəŋ	train
verligtingsprojek	fərləχtəŋsprujɛk	train
verlof	fərlɔf	train
verloof	fərluəf	train
verloofde	fərluəfdə	train
verloofring	fərluəfrəŋ	train
verloop	fərluəp	train
verloor	fərluər	train
verloorder	fərluərdər	train
verloorders	fərluərdərs	train
verloorkant	fərluərkant	train
verloorspan	fərluərspan	train
verlore	fərluərə	train
verlorene	fərluəriənə	test
verlos	fərlɔs	train
verloskunde	fərlɔskœndə	train
verlosser	fərlɔsər	train
verlossing	fərlɔsəŋ	train
verlowing	fərluəvəŋ	train
verloën	fərluən	train
verlustig	fərlœstəχ	train
vermaak	fərmɑːk	train
vermaaklik	fərmɑːklək	train
vermaaklike	fərmɑːkləkə	train
vermaaklikheid	fərmɑːkləkɦəit	train
vermaaklikheidsbedryf	fərmɑːkləkɦəitsbədrəif	train
vermaan	fərmɑːn	train
vermaarde	fərmɑːrdə	train
vermag	fərmaχ	train
vermaning	fərmɑːnəŋ	test
vermeende	fərmiəndə	train
vermeerder	fərmiərdər	train
vermeerdering	fərmiərdərəŋ	train
vermeld	fərmɛlt	train
vermelde	fərmɛldə	train
vermelding	fərmɛldəŋ	train
vermeng	fərmɛŋ	train
vermenging	fərmɛŋəŋ	train
vermenigvuldig	fərmiənəχfœldəχ	train
vermenigvuldiger	fərmiənəχfœldəχər	train
vermenigvuldiging	fərmiənəχfœldəχəŋ	train
vermenigvuldigingsomme	fərmiənəχfœldəχəŋsɔmə	test
vermensliking	fərmɛnsləkəŋ	train
vermeulen	fərmøːlən	train
verminder	fərməndər	train
verminderde	fərməndərdə	train
vermindering	fərməndərəŋ	train
vermink	fərməŋk	train
verminking	fərməŋkəŋ	train
verminkte	fərməŋktə	train
verminktes	fərməŋktəs	train
vermis	fərməs	train
vermiste	fərməstə	train
vermistes	fərməstəs	train
vermoed	fərmut	train
vermoede	fərmudə	test
vermoedelik	fərmudələk	train
vermoedens	fərmudəns	train
vermoeid	fərmuit	train
vermom	fərmɔm	train
vermoor	fərmuər	train
vermoorde	fərmuərdə	train
vermors	fərmɔrs	train
vermorsel	fərmɔrsəl	train
vermorsing	fərmɔrsəŋ	train
vermoë	fərmuə	train
vermoëns	fərmuəns	train
vermy	fərməi	train
vermyding	fərməidəŋ	train
vernaamste	fərnɑːmstə	train
vernag	fərnaχ	train
vername	fərnɑːmə	train
verneder	fərniədər	test
vernederende	fərniədərəndə	train
vernedering	fərniədərəŋ	train
verneem	fərniəm	train
verniel	fərnil	test
vernieltuig	fərniltœyχ	train
verniet	fərnit	train
vernietig	fərnitəχ	train
vernietigend	fərnitəχənt	test
vernietigende	fərnitəχəndə	train
vernietiging	fərnitəχəŋ	train
vernis	fərnəs	train
vernoem	fərnum	train
vernou	fərnœu	test
vernuf	fərnœf	train
vernuftige	fərnœftəχə	train
veronagsaam	fərɔnaχsɑːm	train
veronagsaming	fərɔnaχsɑːməŋ	test
veronderstel	fərɔndərstɛl	train
veronderstelde	fərɔndərstɛldə	train
veronderstelling	fərɔndərstɛləŋ	train
verongeluk	fərɔnχəlœk	train
veronregte	fərɔnrɛχtə	train
verontagsaam	fərɔntaχsɑːm	train
verontreinig	fərɔntrəinəχ	train
verontrief	fərɔntrif	train
verontrus	fərɔntrœs	train
verontrustend	fərɔntrœstənt	train
verontwaardig	fərɔntvɑːrdəχ	train
verontwaardiging	fərɔntvɑːrdəχəŋ	train
veroordeel	fəruərdiəl	train
veroordeelde	fəruərdiəldə	train
veroordeling	fəruərdiələŋ	train
veroordelings	fəruərdiələŋs	train
veroorsaak	fəruərsɑːk	test
veroorsakende	fəruərsɑːkəndə	train
verootmoediging	fəruətmudəχəŋ	train
verorden	fərɔrdən	train
verouder	fərœudər	train
verouderd	fərœudərt	train
verouderde	fərœudərdə	train
veroudering	fərœudərəŋ	train
verower	fəruəvər	train
veroweraars	fəruəvərɑːrs	test
verpak	fərpak	train
verpakking	fərpakəŋ	train
verpakkings	fərpakəŋs	train
verpas	fərpas	train
verpersoonlik	fərpərsuənlək	train
verpes	fərpɛs	train
verplaas	fərplɑːs	train
verpleeg	fərpliəχ	train
verpleegkunde	fərpliəχkœndə	train
verpleegkundiges	fərpliəχkœndəχəs	train
verpleegpersoneel	fərpliəχpɛrsuniəl	train
verpleegproses	fərpliəχprusɛs	train
verpleegsorg	fərpliəχsɔrχ	train
verpleegsorgplan	fərpliəχsɔrχplan	train
verpleegster	fərpliəχstər	train
verpleegsters	fərpliəχstərs	train
verpletter	fərplɛtər	train
verpletterende	fərplɛtərəndə	test
verplig	fərpləχ	train
verpligte	fərpləχtə	train
verpligtend	fərpləχtənt	train
verpligting	fərpləχtəŋ	train
verpligtinge	fərpləχtəŋə	train
verpligtings	fərpləχtəŋs	train
verpolitiseer	fərpulitisiər	test
verposing	fərpuəsəŋ	train
verraad	fərɑːt	train
verraai	fərɑːi	train
verraaiers	fərɑːiərs	train
verraderlike	fərɑːdərləkə	train
verras	fəras	train
verrassend	fərasənt	test
verrassende	fərasəndə	train
verrassing	fərasəŋ	train
verrassings	fərasəŋs	test
verre	fɛrə	train
verregaande	fɛrəχɑːndə	test
verregse	fɛrrɛχsə	train
verreikende	fɛrəikəndə	train
verrek	fərɛk	train
verreweg	fɛrəvɛχ	train
verrig	fərəχ	train
verrigting	fərəχtəŋ	test
verrigtinge	fərəχtəŋə	train
verrigtings	fərəχtəŋs	train
verrinneweer	fərənəviər	test
verrot	fərɔt	train
verruil	fərœyl	train
verruiming	fərœyməŋ	train
verrukking	fərœkəŋ	train
verruklike	fərœkləkə	test
verryk	fərəik	test
verrykende	fərəikəndə	train
verryking	fərəikəŋ	train
verrykte	fərəiktə	test
verrys	fərəis	train
vers	fɛrs	train
versadig	fərsɑːdəχ	train
versadigde	fərsɑːdəχdə	train
versadiging	fərsɑːdəχəŋ	train
versag	fərsaχ	train
versagting	fərsaχtəŋ	train
versamel	fərsɑːməl	train
versamelaars	fərsɑːməlɑːrs	train
versamelde	fərsɑːməldə	train
versameling	fərsɑːmələŋ	train
versamelings	fərsɑːmələŋs	train
versamelnaam	fərsɑːməlnɑːm	test
versamelstuk	fərsɑːməlstœk	train
versamelstukke	fərsɑːməlstœkə	train
verse	fɛrsə	train
verseker	fərsiəkər	train
versekeraar	fərsiəkərɑːr	train
versekeraars	fərsiəkərɑːrs	train
versekerde	fərsiəkərdə	test
versekering	fərsiəkərəŋ	train
versekerings	fərsiəkərəŋs	train
versekeringsbedryf	fərsiəkərəŋsbədrəif	train
versekeringskontrak	fərsiəkərəŋskɔntrak	train
versekeringsmaatskappy	fərsiəkərəŋsmɑːtskapəi	train
versekeringsmaatskappye	fərsiəkərəŋsmɑːtskapəiə	train
versekeringsmakelaar	fərsiəkərəŋsmɑːkəlɑːr	train
versekeringspolis	fərsiəkərəŋspuləs	train
versekeringspolisse	fərsiəkərəŋspuləsə	test
versekeringspremies	fərsiəkərəŋspriəmis	train
versel	fərsɛl	train
versend	fərsɛnt	train
versengende	fərsɛŋəndə	train
verset	fərsɛt	test
versien	fərsin	train
versiening	fərsinəŋ	train
versier	fərsir	train
versierde	fərsirdə	train
versiering	fərsirəŋ	test
versigtig	fərsəχtəχ	train
versigtige	fərsəχtəχə	train
versigtigheid	fərsəχtəχɦəit	train
versigtigheidshalwe	fərsəχtəχɦəitsɦɑːlvə	train
versit	fərsət	train
verskaf	fərskaf	train
verskaffer	fərskafər	train
verskaffers	fərskafərs	train
verskaffing	fərskafəŋ	train
verskans	fərskans	train
verskansing	fərskansəŋ	train
verskanste	fərskanstə	train
verskeep	fərskiəp	train
verskeidenheid	fərskəidənɦəit	test
verskeie	fərskəiə	train
verskerp	fərskɛrp	train
verskerpte	fərskɛrptə	train
verskeur	fərskøːr	train
verskiet	fərskit	train
verskil	fərskəl	train
verskille	fərskələ	train
verskillend	fərskələnt	test
verskillende	fərskələndə	train
verskilpunte	fərskəlpœntə	train
verskoning	fərskuənəŋ	train
verskonings	fərskuənəŋs	train
verskoon	fərskuən	train
verskraal	fɛrskrɑːl	test
verskrik	fərskrək	train
verskrikking	fərskrəkəŋ	test
verskriklik	fərskrəklək	train
verskriklike	fərskrəkləkə	train
verskrikte	fərskrəktə	train
verskroeide	fərskruidə	train
verskuif	fərskœyf	train
verskuilde	fərskœyldə	train
verskuiwe	fərskœyvə	train
verskuiwende	fərskœyvəndə	train
verskuiwing	fərskœyvəŋ	train
verskuiwings	fərskœyvəŋs	train
verskuldig	fərskœldəχ	train
verskyn	fərskəin	test
verskyning	fərskəinəŋ	train
verskynings	fərskəinəŋs	train
verskynsel	fərskəinsəl	train
verskynsels	fərskəinsəls	train
verslaaf	fərslɑːf	train
verslaafde	fərslɑːfdə	test
verslaan	fərslɑːn	train
verslaap	fərslɑːp	train
verslae	fərslɑːə	train
verslag	fərslaχ	train
verslagdoening	fərslaχdunəŋ	train
verslaggewer	fərslaχiəvər	train
verslaggewers	fərslaχiəvərs	train
verslaggewing	fərslaχiəvəŋ	train
verslane	fərslɑːnə	train
verslap	fərslap	train
verslapping	fərslapəŋ	train
verslawing	fərslɑːvəŋ	train
versleg	fərslɛχ	train
verslegtende	fərslɛχtəndə	train
verslete	fərsliətə	train
verslind	fərslənt	train
verslyt	fərsləit	train
versmaai	fərsmɑːi	train
versmelt	fərsmɛlt	train
versmoor	fərsmuər	train
versnel	fərsnɛl	train
versnelde	fərsnɛldə	train
versneller	fərsnɛlər	train
versnelling	fərsnɛləŋ	train
versnit	fərsnət	train
versoek	fərsuk	train
versoeke	fərsukə	train
versoekende	fərsukəndə	train
versoeker	fərsukər	train
versoeking	fərsukəŋ	train
versoekings	fərsukəŋs	train
versoekskrif	fərsukskrəf	train
versoekskrifte	fərsukskrəftə	train
versoen	fərsun	train
versoening	fərsunəŋ	train
versoeningsdag	fərsunəŋsdaχ	train
versoeningskommissie	fərsunəŋskumisi	train
versoeningsraad	fərsunəŋsrɑːt	train
versondig	fərsɔndəχ	train
versonke	fərsɔŋkə	train
versorg	fərsɔrχ	train
versorgde	fərsɔrχdə	train
versorging	fərsɔrχəŋ	train
versot	fərsɔt	train
verspeel	fərspiəl	train
versper	fərspɛr	test
versperring	fərspɛrəŋ	train
versperrings	fərspɛrəŋs	train
versplinter	fərspləntər	train
verspoelde	fərspuldə	train
verspotte	fərspɔtə	train
versprei	fərsprəi	train
verspreid	fərsprəit	train
verspreide	fərsprəidə	train
verspreider	fərsprəidər	train
verspreiders	fərsprəidərs	train
verspreiding	fərsprəidəŋ	train
verspreidingsgebied	fərsprəidəŋsχəbit	train
verspreidingskaal	fərsprəidəŋskɑːl	train
verspreidingsnetwerk	fərsprəidəŋsnɛtvɛrk	train
verspring	fɛrsprəŋ	train
versreël	fɛrsriəl	train
verstaan	fərstɑːn	train
verstaanbaar	fərstɑːnbɑːr	test
verstaanbare	fərstɑːnbɑːrə	train
verstand	fərstant	train
verstande	fərstandə	train
verstandelik	fərstandələk	train
verstandelike	fərstandələkə	train
verstandhouding	fərstantɦœudəŋ	train
verstandige	fərstandəχə	train
verstandiger	fərstandəχər	train
verstandigste	fərstandəχstə	train
verstane	fərstɑːnə	test
verstar	fərstar	train
verste	fɛrstə	train
verstedeliking	fərstiədələkəŋ	train
versteek	fərstiək	train
versteekte	fərstiəktə	train
versteende	fərstiəndə	train
verstek	fərstɛk	train
verstel	fərstɛl	train
verstelling	fərstɛləŋ	train
verstellings	fərstɛləŋs	train
versterk	fərstɛrk	train
versterker	fərstɛrkər	train
versterkers	fərstɛrkərs	train
versterking	fərstɛrkəŋ	test
versterkings	fərstɛrkəŋs	train
versterkte	fərstɛrktə	train
versteur	fərstøːr	train
versteurde	fərstøːrdə	train
versteuring	fərstøːrəŋ	test
verstewig	fərstiəvəχ	train
verstewiging	fərstiəvəχəŋ	test
verstik	fərstək	train
verstil	fərstəl	train
verstom	fərstɔm	test
verstommend	fərstɔmənt	train
verstommende	fərstɔməndə	train
verstoot	fərstuət	train
verstorend	fərstɔrənt	test
verstrek	fərstrɛk	test
verstreke	fərstriəkə	train
verstrengel	fərstrɛŋəl	train
verstryk	fərstrəik	train
versugting	fərsœχtəŋ	train
versuim	fərsœym	train
versuip	fərsœyp	train
verswaar	fərswɑːr	train
verswak	fərswak	train
verswakking	fərswakəŋ	train
verswakte	fərswaktə	train
verswarende	fərswɑːrəndə	train
verswelg	fərswɛlχ	train
verswyg	fərswəiχ	train
vertaal	fərtɑːl	train
vertaalde	fərtɑːldə	train
vertaalkunde	fərtɑːlkœndə	train
vertakking	fərtakəŋ	train
vertakkinge	fərtakəŋə	train
vertakkings	fərtakəŋs	train
vertakte	fərtaktə	train
vertalers	fərtɑːlərs	train
vertaling	fərtɑːləŋ	train
vertalings	fərtɑːləŋs	train
verte	vɛrtə	train
vertebrale	vɛrtəbrɑːlə	train
verteenwoordig	fərtiənvuərdəχ	train
verteenwoordigend	fərtiənvuərdəχənt	train
verteenwoordigende	fərtiənvuərdəχəndə	train
verteenwoordiger	fərtiənvuərdəχər	train
verteenwoordigers	fərtiənvuərdəχərs	train
verteenwoordiging	fərtiənvuərdəχəŋ	train
verteer	fərtiər	train
vertel	fərtɛl	test
vertelde	fərtɛldə	train
vertelinstansie	fərtɛlənstansi	train
verteller	fərtɛlər	train
vertellers	fərtɛlərs	test
vertelling	fərtɛləŋ	train
vertellings	fərtɛləŋs	train
verteltekste	fərtɛltɛkstə	train
vertering	fərtiərəŋ	train
vertikaal	vɛrtikɑːl	train
vertikale	vɛrtikɑːlə	train
vertoef	fərtuf	test
vertolk	fərtɔlk	train
vertolking	fərtɔlkəŋ	train
vertolkings	fərtɔlkəŋs	train
vertoner	fərtuənər	train
vertoners	fərtuənərs	train
vertoning	fərtuənəŋ	train
vertonings	fərtuənəŋs	train
vertoningslys	fərtuənəŋsləis	train
vertoon	fərtuən	train
vertoonkas	fərtuənkas	train
vertoonlokaal	fərtuənlukɑːl	train
vertoonvenster	fərtuənfɛnstər	train
vertoë	fərtuə	train
vertraag	fərtrɑːχ	train
vertraagde	fərtrɑːχdə	test
vertraging	fərtrɑːχəŋ	train
vertragings	fərtrɑːχəŋs	train
vertrap	fərtrap	train
vertrek	fərtrɛk	train
vertrekke	fərtrɛkə	train
vertrekkie	fərtrɛki	train
vertrekpunt	fərtrɛkpœnt	train
vertroebel	fərtrubəl	train
vertroetel	fərtrutəl	train
vertroostend	fərtruəstənt	train
vertroosting	fərtruəstəŋ	train
vertrou	fərtrœu	train
vertroud	fərtrœut	train
vertroue	fərtrœuə	train
vertrouelik	fərtrœuələk	train
vertroueling	fərtrœuələŋ	train
vertrouelinge	fərtrœuələŋə	train
vertrouensposisie	fərtrœuənspuzisi	train
vertrouensverhouding	fərtrœuənsfərɦœudəŋ	train
vertroulik	fərtrœulək	train
vertroulike	fərtrœuləkə	train
vertwyfel	fərtwəifəl	test
vertwyfeling	fərtwəifələŋ	train
vervaag	fərfɑːχ	train
vervaard	fərfɑːrt	train
vervaardig	fərfɑːrdəχ	test
vervaardigde	fərfɑːrdəχdə	train
vervaardiger	fərfɑːrdəχər	train
vervaardigers	fərfɑːrdəχərs	test
vervaardiging	fərfɑːrdəχəŋ	train
vervaardigingsbedryf	fərfɑːrdəχəŋsbədrəif	train
vervaardigingsbokoste	fərfɑːrdəχəŋsbuəkɔstə	train
vervaardigingsektor	fərfɑːrdəχəŋsɛktɔr	train
vervaardigingskoste	fərfɑːrdəχəŋskɔstə	train
vervaardigingsonderneming	fərfɑːrdəχəŋsɔndərniəməŋ	train
vervaardigingsproses	fərfɑːrdəχəŋsprusɛs	train
verval	fərfal	train
vervalle	fərfalə	test
vervals	fərfals	train
vervalsing	fərfalsəŋ	train
vervalsings	fərfalsəŋs	train
vervalste	fərfalstə	train
vervang	fərfaŋ	train
vervanging	fərfaŋəŋ	train
vervangingswaarde	fərfaŋəŋsvɑːrdə	train
vervat	fərfat	train
verveel	fərfiəl	train
verveeld	fərfiəlt	train
verveelde	fərfiəldə	train
vervelens	fərfiələns	train
vervelig	fərfiələχ	train
vervelige	fərfiələχə	train
verveling	fərfiələŋ	train
verversings	fərfɛrsəŋs	train
vervies	fərfis	train
vervlaks	fərflaks	train
vervlakste	fərflakstə	train
vervoer	fərfur	train
vervoerdienste	fərfurdinstə	train
vervoering	fərfurəŋ	train
vervoerkoste	fərfurkɔstə	train
vervoermaatskappy	fərfurmɑːtskapəi	train
vervoermiddel	fərfurmədəl	train
vervoerprobleme	fərfurprubliəmə	train
vervolg	fərfɔlχ	train
vervolgens	fərfɔlχəns	train
vervolging	fərfɔlχəŋ	train
vervolgings	fərfɔlχəŋs	train
vervolgingsgesag	fərfɔlχəŋsχəsaχ	train
vervolmaak	fərfɔlmɑːk	train
vervorming	fərfɔrməŋ	train
vervreem	fərfriəm	train
vervreemd	fərfriəmt	test
vervreemde	fərfriəmdə	train
vervreemding	fərfriəmdəŋ	train
vervroeg	fərfruχ	train
vervuil	fərfœyl	train
vervul	fərfœl	train
vervulling	fərfœləŋ	train
verwaarloos	fərvɑːrluəs	train
verwaarloosde	fərvɑːrluəsdə	train
verwaarlosing	fərvɑːrluəsəŋ	train
verwag	fərvaχ	train
verwagte	fərvaχtə	train
verwagting	fərvaχtəŋ	train
verwagtinge	fərvaχtəŋə	train
verwagtings	fərvaχtəŋs	train
verwant	fərvant	train
verwante	fərvantə	test
verwantskap	fərvantskap	train
verwar	fərvar	train
verward	fərvart	train
verwarde	fərvardə	train
verwarm	fərvarm	train
verwarmer	fərvarmər	train
verwarming	fərvarməŋ	train
verwarring	fərvarəŋ	train
verwater	fərvɑːtər	train
verwaterde	fərvɑːtərdə	train
verwatering	fərvɑːtərəŋ	test
verwed	fərvɛt	train
verweef	fərviəf	train
verweer	fərviər	test
verweerde	fərviərdə	train
verweerder	fərviərdər	train
verweerders	fərviərdərs	train
verweerskrif	fərviərskrəf	train
verwees	fərviəs	train
verwek	fərvɛk	train
verwelf	fərvɛlf	test
verwelk	fərvɛlk	train
verwelkom	fərvɛlkɔm	test
verwelkoming	fərvɛlkuəməŋ	train
verwelkomingsgeskenk	fərvɛlkuəməŋsχəskɛŋk	train
verwens	fərvɛns	train
verwerf	fərvɛrf	train
verwerk	fərvɛrk	train
verwerker	fərvɛrkər	train
verwerking	fərvɛrkəŋ	train
verwerkings	fərvɛrkəŋs	train
verwerklik	fərvɛrklək	train
verwerkte	fərvɛrktə	train
verwerp	fərvɛrp	train
verwerping	fərvɛrpəŋ	test
verwerplik	fərvɛrplək	train
verwesenlik	fərviəsənlək	train
verwikkelde	fərvəkəldə	train
verwikkeling	fərvəkələŋ	train
verwikkelinge	fərvəkələŋə	train
verwikkelings	fərvəkələŋs	train
verwilder	fərvəldər	train
verwilderd	fərvəldərt	train
verwissel	fərvəsəl	test
verwittig	fərvətəχ	train
verwoed	fərvut	train
verwoede	fərvudə	train
verwoes	fərvus	train
verwoestend	fərvustənt	train
verwoestende	fərvustəndə	train
verwoesting	fərvustəŋ	train
verwoestyning	fərvustəinəŋ	test
verwonder	fərvɔndər	train
verwonderd	fərvɔndərt	train
verwondering	fərvɔndərəŋ	train
verwoord	fərvuərt	train
verworwe	fərvɔrvə	train
verwringing	fərvrəŋəŋ	train
verwronge	fərvrɔŋə	train
verwurg	fərvœrχ	test
verwyder	fərvəidər	train
verwyderd	fərvəidərt	train
verwydering	fərvəidərəŋ	train
verwys	fərvəis	test
verwysing	fərvəisəŋ	train
verwysings	fərvəisəŋs	test
verwysingsmateriaal	fərvəisəŋsmatiəriɑːl	train
verwysingsnommer	fərvəisəŋsnɔmər	train
verwysingsraamwerk	fərvəisəŋsrɑːmvɛrk	train
verwyt	fərvəit	test
verwyte	fərvəitə	test
verydel	fərəidəl	train
vesel	fiəsəl	train
veselglas	fiəsəlχlas	train
vesels	fiəsəls	train
vestig	fɛstəχ	train
vestiging	fɛstəχəŋ	train
vesting	fɛstəŋ	train
vet	fɛt	test
vetdruk	fɛtdrœk	test
veteraan	fiətərɑːn	train
veterane	fiətərɑːnə	train
vetgedrukte	fɛtχədrœktə	train
vetinhoud	fɛtənɦœut	train
vetkoek	fɛtkuk	train
veto	fiətu	train
vetoreg	fiəturɛχ	train
vetplante	fɛtplantə	train
vetsug	fɛtsœχ	train
vette	fɛtə	train
vetterige	fɛtərəχə	train
via	via	train
vibreer	vibriər	train
victoriaanse	viktɔriɑːnsə	train
video	vidiu	train
videobande	vidiubandə	train
videokameras	vidiukaməras	train
videomasjien	vidiumaʃin	train
videomasjiene	vidiumaʃinə	train
videospeletjies	vidiuspiəlikis	train
vier	fir	train
vierbal	firbal	train
vierdaagse	firdɑːχsə	train
vierde	firdə	test
vierdebeurt	firdəbøːrt	test
vierdejaar	firdəjɑːr	train
vierdens	firdəns	train
vierdes	firdəs	train
vierduisend	firdœysənt	train
viere	firə	train
vierhoek	firɦuk	train
vierhoeke	firɦukə	train
vierhoekige	firɦukəχə	train
vierhonderd	firɦɔndərt	train
viering	firəŋ	train
vierjarige	firjɑːrəχə	train
vierkant	firkant	train
vierkante	firkantə	train
vierkantig	firkantəχ	train
vierkantige	firkantəχə	train
vierkeer	firkiər	train
vierkleur	firkløːr	train
vierspel	firspɛl	train
viertal	firtal	train
vierwielaangedrewe	firvilɑːnχədriəvə	train
vies	fis	train
vieslike	fisləkə	train
vigs	fəχs	test
viktimisasie	viktəmisɑːsi	train
viljoen	fəljun	train
villa	vəla	train
villas	vəlas	train
vin	fən	train
vind	fənt	train
vinde	fəndə	train
vindingryk	fəndəŋrəik	train
vindingryke	fəndəŋrəikə	train
vindingrykheid	fəndəŋrəikɦəit	test
vindplekke	fəntplɛkə	train
vinger	fəŋər	train
vingerafdruk	fəŋərafdrœk	train
vingerafdrukke	fəŋərafdrœkə	train
vingernael	fəŋərnɑːəl	train
vingerpunte	fəŋərpœntə	test
vingers	fəŋərs	train
vinkel	fəŋkəl	test
vinnig	fənəχ	train
vinnige	fənəχə	train
vinniger	fənəχər	train
vinnigste	fənəχstə	train
viole	fiulə	train
violet	fiulɛt	test
violis	fiuləs	train
violiste	fiuləstə	train
viool	fiuəl	train
vioolkonsert	fiuəlkɔnsɛrt	train
vioolspel	fiuəlspɛl	train
viooltjies	fiuəlkis	train
vir	fər	train
virale	virɑːlə	train
virrie	vəri	train
virtuele	vərtʃyiələ	train
virtuose	vərtʃyuəsə	train
virtuositeit	vərtʃyuəsitəit	train
virus	virœs	train
virusse	virœsə	test
vis	fəs	train
visagie	fisɑːχi	train
visdam	fəsdam	train
vise	fisə	train
visepresident	fisiprəsədɛnt	test
vishoek	fəsɦuk	train
visie	visi	test
visier	fəsir	train
visies	visis	train
visioen	viʒiun	train
visioene	viʒiunə	test
viskositeit	vəskuəsitəit	train
visse	fəsə	train
visser	fəsər	train
visserman	fəsərman	train
vissermanne	fəsərmanə	test
vissies	fəsis	train
vista	vəsta	train
visualiseer	viʒyalisiər	train
visueel	viʒyiəl	train
visuele	viʒyiələ	test
visum	vizœm	train
visums	vizœms	train
visvang	fəsfaŋ	test
vita	vita	train
vitamien	vitamin	train
vitamiene	vitaminə	test
vitamine	vitaminə	train
vitamines	vitaminəs	train
vitro	vitru	train
vla	flɑː	train
vlaag	flɑːχ	train
vlae	flɑːə	train
vlag	flaχ	train
vlaggie	flaχi	train
vlaggies	flaχis	test
vlagskip	flaχskəp	train
vlagstryd	flaχstrəit	train
vlak	flak	train
vlakby	flakbəi	train
vlakke	flakə	train
vlakker	flakər	train
vlakte	flaktə	train
vlaktes	flaktəs	train
vlam	flam	test
vlambaarheid	flambɑːrɦəit	train
vlamgevat	flamχəfat	train
vlamme	flamə	train
vlammende	flaməndə	train
vlammetjie	flamiki	train
vlees	fliəs	train
vleg	flɛχ	train
vlegsel	flɛχsəl	train
vlei	fləi	test
vleie	fləiə	train
vleiland	fləilant	train
vleis	fləis	train
vleispotte	fləispɔtə	train
vleispryse	fləisprəisə	train
vleistablette	fləistablɛtə	train
vlekke	flɛkə	train
vlekvrye	flɛkfrəiə	train
vlerk	flɛrk	train
vlerkdans	flɛrkdɑːns	train
vlerke	flɛrkə	train
vlerkies	flɛrkis	train
vlerkpunt	flɛrkpœnt	train
vlermuise	flɛrmœysə	train
vlesige	fliəsəχə	train
vleuel	fløːəl	train
vleuels	fløːəls	train
vlie	fli	train
vlieg	fliχ	train
vliegdekskip	fliχdɛkskəp	train
vlieggewig	fliχχəvəχ	test
vliegkaartjie	fliχkɑːrki	train
vliegman	fliχman	train
vliegmasjien	fliχmaʃin	train
vliegongeluk	fliχɔnχəlœk	train
vliegramp	fliχramp	train
vliegtuie	fliχtœyə	train
vliegtuig	fliχtœyχ	train
vliegtuigkaartjie	fliχtœyχkɑːrki	train
vliegtuigkaartjies	fliχtœyχkɑːrkis	train
vliegtuigongeluk	fliχtœyχɔnχəlœk	train
vliese	flisə	train
vliet	flit	train
vlieë	fliə	train
vlieënier	fliənir	train
vlieëniers	fliənirs	train
vlieër	fliər	train
vlinder	fləndər	train
vlinders	fləndərs	test
vlinderslag	fləndərslaχ	test
vloed	flut	train
vloede	fludə	train
vloedgolf	flutχɔlf	train
vloedskade	flutskɑːdə	train
vloedwater	flutvɑːtər	train
vloei	flui	train
vloeibaar	fluibɑːr	train
vloeibaarheid	fluibɑːrɦəit	train
vloeibare	fluibɑːrə	train
vloeidiagram	fluidiaχram	train
vloeidiagramme	fluidiaχramə	train
vloeiend	fluiənt	train
vloeiende	fluiəndə	train
vloeistof	fluistɔf	train
vloeistowwe	fluistɔvə	train
vloek	fluk	train
vloekseën	fluksiən	test
vloer	flur	train
vloere	flurə	train
vloeroppervlakte	flurɔpərflaktə	train
vloerplan	flurplan	train
vlok	flɔk	train
vloot	fluət	train
vlot	flɔt	train
vlug	flœχ	train
vlugge	flœχə	train
vlugte	flœχtə	train
vlugtelinge	flœχtələŋə	train
vlugtelingkamp	flœχtələŋkamp	train
vlugtelingkampe	flœχtələŋkampə	train
vlugtig	flœχtəχ	train
vlugvoetige	flœχfutəχə	train
vluis	flœys	train
vlymskerp	fləimskɛrp	test
vlytig	fləitəχ	test
vodka	vɔtka	test
voed	fut	train
voeding	fudəŋ	train
voedingstowwe	fudəŋstɔvə	train
voedingswaarde	fudəŋsvɑːrdə	train
voedsame	futsɑːmə	test
voedsel	futsəl	train
voedselbedryf	futsəlbədrəif	train
voedselbronne	futsəlbrɔnə	train
voedselgewoontes	futsəlχəvuəntəs	train
voedselprodukte	futsəlprudœktə	train
voedsels	futsəls	test
voedselsoorte	futsəlsuərtə	train
voedselvergiftiging	futsəlfərχəftəχəŋ	train
voedselverwerker	futsəlfərvɛrkər	train
voedselverwerking	futsəlfərvɛrkəŋ	test
voeg	fuχ	train
voel	ful	train
voeling	fuləŋ	train
voer	fur	train
voerbron	furbrɔn	train
voerder	furdər	train
voermol	furmɔl	test
voertaal	furtɑːl	train
voertuie	furtœyə	train
voertuig	furtœyχ	train
voervloeiprogram	furfluipruχram	train
voet	fut	train
voetbal	futbal	test
voete	futə	train
voetganger	futχaŋər	train
voetgangers	futχaŋərs	test
voetjie	fuiki	train
voetjies	fuikis	train
voetpad	futpat	train
voetslaan	futslɑːn	train
voetslaanklub	futslɑːnklœp	train
voetslaanpaaie	futslɑːnpɑːiə	train
voetslaners	futslɑːnərs	train
voetsoldate	futsɔldɑːtə	train
voetsoolvlak	futsuəlflak	train
voetspoor	futspuər	test
voetspore	futspuərə	train
voetstappe	futstapə	train
voetstuk	futstœk	train
vog	fɔχ	test
voggies	fɔχis	train
vogtig	fɔχtəχ	train
vogtige	fɔχtəχə	train
vokaal	vukɑːl	train
vokale	vukɑːlə	train
vol	fɔl	train
voldane	fɔldɑːnə	train
voldoen	fɔldun	train
voldoende	fɔldundə	train
voldoening	fɔldunəŋ	train
voldonge	fɔldɔŋə	train
voleinding	fɔləindəŋ	train
volfiliaal	fɔlfiliɑːl	train
volg	fɔlχ	test
volgehou	fɔlχəɦœu	train
volgehoue	fɔlχəɦœuə	test
volgelinge	fɔlχələŋə	train
volgende	fɔlχəndə	train
volgens	fɔlχəns	train
volgepakte	fɔlχəpaktə	train
volgeswel	fɔlχəswɛl	train
volgorde	fɔlχɔrdə	train
volhard	fɔlɦart	train
volharding	fɔlɦardəŋ	train
volheid	fɔlɦəit	train
volhou	fɔlɦœu	train
volhoubaar	fɔlɦœubɑːr	train
volhoubaarheid	fɔlɦœubɑːrɦəit	train
volhoubare	fɔlɦœubɑːrə	train
volk	fɔlk	test
volke	fɔlkə	train
volker	fɔlkər	train
volkere	fɔlkərə	train
volkeregtelike	fɔlkərɛχtələkə	train
volkie	fɔlki	train
volkleur	fɔlkløːr	train
volkome	fɔlkumə	train
volkomelik	fɔlkumələk	train
volks	fɔlks	train
volksbelange	fɔlksbəlaŋə	train
volksbesitting	fɔlksbəsətəŋ	train
volksbestaan	fɔlksbəstɑːn	train
volksbeweging	fɔlksbəviəχəŋ	train
volksbewegings	fɔlksbəviəχəŋs	test
volksblad	fɔlksblat	train
volksbladfees	fɔlksblatfiəs	train
volksdaad	fɔlksdɑːt	train
volksdanse	fɔlksdɑːnsə	test
volksdele	fɔlksdiələ	train
volkseenheid	fɔlksiənɦəit	train
volkseie	fɔlksəiə	train
volksfront	fɔlksfrɔnt	train
volksgebou	fɔlksχəbœu	train
volksgemeenskap	fɔlksχəmiənskap	train
volksgenote	fɔlksχənuətə	train
volksgeskiedenis	fɔlksχəskidənəs	train
volksgevoel	fɔlksχəful	train
volkshart	fɔlksɦart	train
volksheld	fɔlksɦɛlt	train
volksideale	fɔlksidiɑːlə	train
volksjeug	fɔlksjøːχ	test
volkskongresse	fɔlkskɔnχrɛsə	train
volkskool	fɔlkskuəl	train
volkslewe	fɔlksliəvə	train
volkslied	fɔlkslit	test
volksliedere	fɔlkslidərə	train
volksman	fɔlksman	test
volksmond	fɔlksmɔnt	train
volksmoord	fɔlksmuərt	train
volksnood	fɔlksnuət	train
volksparty	fɔlkspartəi	train
volksraad	fɔlksrɑːt	test
volksraadslid	fɔlksrɑːtslət	train
volkstaat	fɔlkstɑːt	train
volkstaters	fɔlkstɑːtərs	train
volkstoestand	fɔlkstustant	train
volkstrots	fɔlkstrɔts	train
volksverhaal	fɔlksfərɦɑːl	train
volksverhale	fɔlksfərɦɑːlə	train
volksvryheid	fɔlksfrəiɦəit	train
volkswil	fɔlksvəl	train
volkswye	fɔlksvəiə	train
volle	fɔlə	train
volledig	fɔliədəχ	train
volledige	fɔliədəχə	train
vollediger	fɔliədəχər	train
volledigheid	fɔliədəχɦəit	train
vollengte	fɔlɛŋtə	train
vollengtealbum	fɔlɛŋtəalbœm	train
voller	fɔlər	train
volmaak	fɔlmɑːk	train
volmaakte	fɔlmɑːktə	train
volmaaktheid	fɔlmɑːktɦəit	train
volmaan	fɔlmɑːn	train
volmag	fɔlmaχ	train
volmondig	fɔlmɔndəχ	test
volop	fɔlɔp	train
volopste	fɔlɔpstə	train
volpunte	fɔlpœntə	train
volslae	fɔlslɑːə	train
volspesies	fɔlspiəsis	test
volstaan	fɔlstɑːn	train
volste	fɔlstə	train
volstoom	fɔlstuəm	train
volstrek	fɔlstrɛk	train
volstrekte	fɔlstrɛktə	test
volstruise	fɔlstrœysə	test
volstruiseierdoppe	fɔlstrœysəiərdɔpə	train
volstruisvere	fɔlstrœysfiərə	test
voltal	fɔltal	train
voltrek	fɔltrɛk	train
voltyds	fɔltəits	test
voltydse	fɔltəitsə	test
voluit	fɔlœyt	train
volume	vɔlymə	test
volumes	vɔlyməs	train
volvloertapyte	fɔlflurtapəitə	train
volvoer	fɔlfur	test
volwaardige	fɔlvɑːrdəχə	train
volwasse	fɔlvasə	test
volwassene	fɔlvasənə	train
volwassenes	fɔlvasənəs	train
volwassenheid	fɔlvasənɦəit	train
vonds	fɔnts	train
vonk	fɔŋk	train
vonke	fɔŋkə	train
vonkel	fɔŋkəl	train
vonkelend	fɔŋkələnt	train
vonkelende	fɔŋkələndə	test
vonkelwyn	fɔŋkəlvəin	train
vonkproppe	fɔŋkprɔpə	train
vonnis	fɔnəs	train
vonnisbundel	fɔnəsbœndəl	train
vonnisoplegging	fɔnəsɔplɛχəŋ	test
vonnisse	fɔnəsə	train
voog	fuəχ	test
voogdyskap	fuəχdəiskap	train
voor	fuər	train
vooraand	fuərɑːnt	train
vooraansig	fuərɑːnsəχ	train
vooraanstaande	fuərɑːnstɑːndə	train
vooraf	fuəraf	train
voorafbepaalde	fuərafbəpɑːldə	train
voorafbetaalde	fuərafbətɑːldə	train
voorafgaan	fuərafχɑːn	train
voorafgaande	fuərafχɑːndə	train
voorafgegaan	fuərafχəχɑːn	train
voorarm	fuərarm	train
voorarmhou	fuərarmɦœu	train
voorarms	fuərarms	train
voorbaat	fuərbɑːt	train
voorbedagte	fuərbədaχtə	train
voorbeeld	fuərbiəlt	train
voorbeelde	fuərbiəldə	train
voorbeeldige	fuərbiəldəχə	train
voorbehou	fuərbəɦœu	train
voorbehoud	fuərbəɦœut	train
voorbehoude	fuərbəɦœudə	train
voorbelaste	fuərbəlastə	train
voorberei	fuərbərəi	train
voorbereid	fuərbərəit	train
voorbereide	fuərbərəidə	train
voorbereidende	fuərbərəidəndə	train
voorbereiding	fuərbərəidəŋ	train
voorbereidings	fuərbərəidəŋs	train
voorbereidsels	fuərbərəitsəls	train
voorblaaie	fuərblɑːiə	train
voorblad	fuərblat	train
voorbladberig	fuərblatbərəχ	train
voorbly	fuərbləi	train
voordat	fuərdat	train
voordeel	fuərdiəl	test
voordeellyn	fuərdiəlləin	train
voordele	fuərdiələ	test
voordelig	fuərdiələχ	train
voordeur	fuərdøːr	train
voordoen	fuərdun	train
voordra	fuərdrɑː	train
voordrag	fuərdraχ	train
voorgaande	fuərχɑːndə	train
voorganger	fuərχaŋər	train
voorgangers	fuərχaŋərs	train
voorgeboorte	fuərχəbuərtə	train
voorgeboortelik	fuərχəbuərtələk	train
voorgedoen	fuərχədun	train
voorgedra	fuərχədrɑː	test
voorgee	fuərχiə	train
voorgeewedren	fuərχiəvɛtrɛn	train
voorgegee	fuərχəχiə	train
voorgehou	fuərχəɦœu	train
voorgekeer	fuərχəkiər	train
voorgekom	fuərχəkɔm	train
voorgelees	fuərχəliəs	train
voorgeloop	fuərχəluəp	train
voorgeneem	fuərχəniəm	train
voorgenome	fuərχənuəmə	train
voorgesit	fuərχəsət	train
voorgeskiedenis	fuərχəskidənəs	train
voorgeskiet	fuərχəskit	train
voorgeskrewe	fuərχəskriəvə	train
voorgeskryf	fuərχəskrəif	train
voorgestaan	fuərχəstɑːn	train
voorgestel	fuərχəstɛl	train
voorgestelde	fuərχəstɛldə	train
voorgevoel	fuərχəful	test
voorgraads	fuərχrɑːts	test
voorgrond	fuərχrɔnt	train
voorhamer	fuərɦɑːmər	train
voorhande	fuərɦandə	train
voorheen	fuərɦiən	train
voorhoede	fuərɦudə	train
voorhou	fuərɦœu	train
voorhuis	fuərɦœys	train
voorhuwelikse	fuərɦyvələksə	train
voorkamer	fuərkɑːmər	train
voorkant	fuərkant	train
voorkeer	fuərkiər	train
voorkeur	fuərkøːr	train
voorkeuraandele	fuərkøːrɑːndiələ	train
voorkeurbehandeling	fuərkøːrbəɦandələŋ	train
voorkeure	fuərkøːrə	train
voorkeurlys	fuərkøːrləis	train
voorkom	fuərkɔm	train
voorkomend	fuərkuəmənt	test
voorkomende	fuərkuəməndə	train
voorkoming	fuərkuəməŋ	train
voorkoms	fuərkɔms	train
voorkop	fuərkɔp	train
voorlaaste	fuərlɑːstə	train
voorland	fuərlant	train
voorlangs	fuərlaŋs	train
voorlees	fuərliəs	train
voorlegging	fuərlɛχəŋ	train
voorleggings	fuərlɛχəŋs	train
voorlesing	fuərliəsəŋ	train
voorlesings	fuərliəsəŋs	train
voorletters	fuərlɛtərs	test
voorliefde	fuərlifdə	train
voorligting	fuərləχtəŋ	train
voorligtingsessie	fuərləχtəŋsɛsi	train
voorloop	fuərluəp	train
voorloper	fuərluəpər	test
voorlopers	fuərluəpərs	train
voorlopig	fuərlupəχ	train
voorlopige	fuərluəpəχə	train
voormalige	fuərmɑːləχə	train
voorman	fuərman	train
voormanne	fuərmanə	train
voormiddag	fuərmədaχ	train
voornaam	fuərnɑːm	test
voorneme	fuərniəmə	train
voornemende	fuərniəməndə	train
voornemens	fuərniəməns	train
vooronderstellings	fuərɔndərstɛləŋs	train
vooroor	fuəruər	train
vooroordeel	fuəruərdiəl	train
vooroordele	fuəruərdiələ	train
voorop	fuərɔp	train
vooropgestel	fuərɔpχəstɛl	train
voorouers	fuərœuərs	train
voorportaal	fuərpɔrtɑːl	train
voorprogram	fuərpruχram	test
voorpunt	fuərpœnt	train
voorraad	fuərɑːt	train
voorraadkaarte	fuərɑːtkɑːrtə	train
voorraadvlakke	fuərɑːtflakə	train
voorrade	fuərɑːdə	train
voorrang	fuəraŋ	train
voorreg	fuərɛχ	train
voorregte	fuərɛχtə	train
voorruit	fuərœyt	test
voorry	fuərəi	train
voorsate	fuərsɑːtə	train
voorsetsel	fuərsɛtsəl	test
voorsien	fuərsin	train
voorsieners	fuərsinərs	train
voorsiening	fuərsinəŋ	train
voorsienings	fuərsinəŋs	train
voorsit	fuərsət	train
voorsittende	fuərsətəndə	train
voorsitter	fuərsətər	train
voorsitters	fuərsətərs	test
voorsitterskap	fuərsətərskap	train
voorsittersrede	fuərsətərsriədə	test
voorsittersverslag	fuərsətərsfərslaχ	train
voorsketse	fuərskɛtsə	train
voorskoolse	fuərskuəlsə	test
voorskotjie	fuərskɔki	train
voorskotte	fuərskɔtə	train
voorskou	fuərskœu	train
voorskrif	fuərskrəf	train
voorskrifte	fuərskrəftə	train
voorskryf	fuərskrəif	train
voorskyn	fuərskəin	train
voorsmakie	fuərsmɑːki	train
voorsorg	fuərsɔrχ	train
voorsorgfonds	fuərsɔrχfɔnts	train
voorspel	fuərspɛl	train
voorspelbaar	fuərspɛlbɑːr	train
voorspelbare	fuərspɛlbɑːrə	train
voorspeler	fuərspiələr	train
voorspelers	fuərspiələrs	train
voorspelerspel	fuərspiələrspɛl	test
voorspelling	fuərspɛləŋ	test
voorspellings	fuərspɛləŋs	train
voorspoed	fuərsput	train
voorspoedig	fuərspudəχ	train
voorspoedige	fuərspudəχə	train
voorspraak	fuərsprɑːk	train
voorsprong	fuərsprɔŋ	train
voorstaan	fuərstɑːn	train
voorstad	fuərstat	train
voorstander	fuərstandər	test
voorstanders	fuərstandərs	train
voorste	fuərstə	train
voorstede	fuərstiədə	train
voorstedelike	fuərstiədələkə	train
voorstel	fuərstɛl	train
voorstelle	fuərstɛlə	train
voorstelling	fuərstɛləŋ	train
voorstellings	fuərstɛləŋs	train
voorstes	fuərstəs	train
voorstoep	fuərstup	train
voort	fuərt	train
voortaan	fuərtɑːn	test
voortande	fuərtandə	train
voortbestaan	fuərtbəstɑːn	train
voortbeweeg	fuərtbəviəχ	test
voortbou	fuərtbœu	train
voortbouende	fuərtbœuəndə	train
voortbrengsels	fuərtbrɛŋsəls	train
voortbring	fuərtbrəŋ	train
voortdurend	fuərtdyrənt	train
voortdurende	fuərtdyrəndə	train
voorteken	fuərtiəkən	train
voortgaan	fuərtχɑːn	train
voortgaande	fuərtχɑːndə	train
voortgang	fuərtχaŋ	train
voortgebou	fuərtχəbœu	train
voortgebring	fuərtχəbrəŋ	train
voortgegaan	fuərtχəχɑːn	train
voortgeplant	fuərtχəplant	train
voortgeset	fuərtχəsɛt	train
voortgesette	fuərtχəsɛtə	train
voortgesit	fuərtχəsət	train
voortgespruit	fuərtχəsprœyt	train
voortgevloei	fuərtχəflui	train
voortleef	fuərtliəf	train
voortou	fuərtœu	train
voortplant	fuərtplant	train
voortplanting	fuərtplantəŋ	train
voortplantingstelsel	fuərtplantəŋstɛlsəl	train
voortreflik	fuərtrɛflək	train
voortreflike	fuərtrɛfləkə	train
voortreflikheid	fuərtrɛfləkɦəit	train
voortrekker	fuərtrɛkər	train
voortrekkers	fuərtrɛkərs	train
voorts	fuərts	train
voortsetting	fuərtsɛtəŋ	train
voortsit	fuərtsət	train
voortslepende	fuərtsliəpəndə	train
voortspruit	fuərtsprœyt	train
voortspruitend	fuərtsprœytənt	train
voortuin	fuərtœyn	train
voortvloei	fuərtflui	train
voortvlugtige	fuərtflœχtəχə	test
voortydig	fuərtəidəχ	train
vooruit	fuərœyt	train
vooruitbetaalde	fuərœytbətɑːldə	test
vooruitgang	fuərœytχaŋ	train
vooruitgeloop	fuərœytχəluəp	train
vooruitgesien	fuərœytχəsin	train
vooruitloop	fuərœytluəp	train
vooruitsig	fuərœytsəχ	train
vooruitsigte	fuərœytsəχtə	test
vooruitskatting	fuərœytskatəŋ	train
vooruitskattings	fuərœytskatəŋs	train
vooruitskouing	fuərœytskœuəŋ	train
vooruitskouinge	fuərœytskœuəŋə	test
vooruitskouings	fuərœytskœuəŋs	train
vooruitstrewende	fuərœytstriəvəndə	train
voorvader	fuərfɑːdər	train
voorvaders	fuərfɑːdərs	train
voorval	fuərfal	train
voorvalle	fuərfalə	test
voorvereiste	fuərfərəistə	train
voorvereistes	fuərfərəistəs	test
voorverhit	fuərfərɦət	train
voorverlede	fuərfərliədə	train
voorvoegsel	fuərfuχsəl	train
voorvoegsels	fuərfuχsəls	train
voorwaar	fuərvɑːr	train
voorwaarde	fuərvɑːrdə	train
voorwaardelik	fuərvɑːrdələk	train
voorwaardelike	fuərvɑːrdələkə	train
voorwaardes	fuərvɑːrdəs	train
voorwaarts	fuərvɑːrts	train
voorwaartse	fuərvɑːrtsə	train
voorwedstryd	fuərvɛtstrəit	train
voorwedstryde	fuərvɛtstrəidə	train
voorwendsel	fuərvɛntsəl	train
voorwendsels	fuərvɛntsəls	train
voorwerp	fuərvɛrp	train
voorwerpe	fuərvɛrpə	train
voorwerpsmorfeme	fuərvɛrpsmɔrfiəmə	train
voorwiel	fuərvil	test
voorwoord	fuərvuərt	train
voos	fuəs	train
vorder	fɔrdər	train
vordering	fɔrdərəŋ	train
vorderingsverslag	fɔrdərəŋsfərslaχ	train
vore	fuərə	train
vorendag	fuərəndaχ	train
vorentoe	fuərəntu	train
vorige	fuərəχə	train
voriges	fuərəχəs	train
vorm	fɔrm	train
vorme	fɔrmə	train
vormende	fɔrməndə	train
vorming	fɔrməŋ	train
vormlike	fɔrəmləkə	train
vorms	fɔrms	train
vorster	fɔrstər	train
vos	fɔs	train
vosloorus	fɔsluərœs	train
vosperde	fɔspɛrdə	train
vou	fœu	train
voue	fœuə	train
voël	fuəl	train
voëls	fuəls	train
voëltjie	fuəlki	train
voëltjies	fuəlkis	train
voëlvry	fuəlfrəi	train
vra	frɑː	train
vraag	frɑːχ	test
vraagsin	frɑːχsən	train
vraagstelling	frɑːχstɛləŋ	train
vraagstuk	frɑːχstœk	train
vraagstukke	frɑːχstœkə	train
vraagteken	frɑːχtiəkən	test
vraagtekens	frɑːχtiəkəns	train
vraagwoord	frɑːχvuərt	test
vrae	frɑːə	test
vraelys	frɑːələis	test
vraende	frɑːəndə	train
vraestel	frɑːəstɛl	train
vraestelle	frɑːəstɛlə	train
vraetyd	frɑːətəit	test
vrag	fraχ	train
vragmotor	fraχmuətər	train
vragmotors	fraχmuətərs	train
vragskepe	fraχskiəpə	train
vragte	fraχtə	train
vragvliegtuie	fraχfliχtœyə	train
vragvliegtuig	fraχfliχtœyχ	train
vratte	fratə	train
vrede	friədə	test
vrededorp	friədədɔrp	train
vredemaker	friədəmɑːkər	train
vredemakers	friədəmɑːkərs	train
vredenburg	friədənbœrχ	train
vredeskomitee	friədəskɔmətiə	train
vredeskonferensie	friədəskɔnfərɛnsi	train
vredesluiting	friədəslœytəŋ	train
vredesmag	friədəsmaχ	train
vredesmagte	friədəsmaχtə	train
vredesonderhandelinge	friədəsɔndərɦandələŋə	train
vredesooreenkoms	friədəsuəriənkɔms	test
vredesplan	friədəsplan	train
vredespogings	friədəspuəχəŋs	train
vredesproses	friədəsprusɛs	test
vredesverdrag	friədəsfərdraχ	train
vreedsaam	friətsɑːm	train
vreedsame	friətsɑːmə	train
vreemd	friəmt	train
vreemde	friəmdə	test
vreemdeling	friəmdələŋ	train
vreemdelinge	friəmdələŋə	train
vreemdes	friəmdəs	train
vrees	friəs	train
vreesaanjaend	friəsɑːnjɑːənt	train
vreesaanjaende	friəsɑːnjɑːəndə	test
vreesbevange	friəsbəfaŋə	train
vreeslik	friəslək	train
vreeslike	friəsləkə	train
vreeslose	friəsluəsə	test
vreet	friət	test
vrek	frɛk	train
vrektes	frɛktəs	train
vrese	friəsə	train
vreugde	frøːχdə	test
vreugdes	frøːχdəs	train
vreugdevolle	frøːχdəfɔlə	train
vriend	frint	train
vriende	frində	train
vriendekring	frindəkrəŋ	train
vriendelik	frindələk	train
vriendelike	frindələkə	test
vriendeliker	frindələkər	train
vriendelikheid	frindələkɦəit	train
vriendin	frindən	train
vriendinne	frindənə	test
vriendskap	frintskap	train
vriendskaplike	frintskapləkə	train
vriendskappe	frintskapə	test
vries	fris	train
vrieskas	friskas	train
vrieskaste	friskastə	train
vriespunt	frispœnt	train
vroedvrou	frutfrœu	train
vroedvroue	frutfrœuə	test
vroeg	fruχ	test
vroeggebore	fruχχəbuərə	train
vroegoggend	fruχɔχənt	train
vroegste	fruχstə	train
vroegtydig	fruχtəidəχ	train
vroepampoene	frupampunə	train
vroetel	frutəl	train
vroeë	fruə	train
vroeëkinderontwikkeling	fruəkəndərɔntvəkələŋ	train
vroeëkindontwikkeling	fruəkəntɔntvəkələŋ	train
vroeër	fruər	train
vroeëre	fruərə	train
vrolik	fruələk	train
vrolike	fruələkə	train
vrolikheid	fruələkɦəit	train
vrome	fruəmə	test
vroom	fruəm	train
vroomheid	fruəmɦəit	train
vrot	frɔt	test
vrou	frœu	train
vroue	frœuə	train
vroueklere	frœuəkliərə	test
vroueliga	frœuəliχa	train
vrouelike	frœuələkə	train
vrouens	frœuəns	test
vroueregte	frœuərɛχtə	train
vrouespan	frœuəspan	train
vrouetydskrif	frœuətəitskrəf	train
vroukuiken	frœukœykən	train
vroulief	frœulif	train
vroulik	frœulək	train
vroulike	frœuləkə	train
vroulikheid	frœuləkɦəit	train
vroumens	frœumɛns	train
vroumense	frœumɛnsə	train
vroutjie	frœuki	train
vrug	frœχ	test
vrugbaar	frœχbɑːr	train
vrugbaarheid	frœχbɑːrɦəit	train
vrugbaarheidsgodin	frœχbɑːrɦəitsχudən	train
vrugbaarste	frœχbɑːrstə	test
vrugbare	frœχbɑːrə	train
vrugbeginsel	frœχbəχənsəl	train
vruggies	frœχis	train
vrugte	frœχtə	train
vrugtebome	frœχtəbuəmə	train
vrugteboord	frœχtəbuərt	train
vrugteloos	frœχtəluəs	train
vrugtelose	frœχtəluəsə	train
vrugtesappe	frœχtəsapə	train
vrugtige	frœχtəχə	train
vrugwater	frœχvɑːtər	train
vry	frəi	test
vrydag	frəidaχ	test
vrydagmiddag	frəidaχmədaχ	train
vrydagnamiddag	frəidaχnɑːmədaχ	train
vrydagoggend	frəidaχɔχənt	train
vrye	frəiə	test
vryelik	frəiələk	test
vryemark	frəiəmark	test
vryemarkstelsel	frəiəmarkstɛlsəl	train
vryetydsprogrammering	frəiətəitspruχramiərəŋ	train
vryf	frəif	train
vrygelaat	frəiχəlɑːt	train
vrygelate	frəiχəlɑːtə	train
vrygemaakte	frəiχəmɑːktə	test
vrygespreek	frəiχəspriək	train
vrygespring	frəiχəsprəŋ	test
vrygestel	frəiχəstɛl	test
vrygewige	frəiχiəvəχə	train
vryhede	frəiɦiədə	train
vryheid	frəiɦəit	train
vryheidliewende	frəiɦəitlivəndə	train
vryheidsdrang	frəiɦəitsdraŋ	train
vryheidsin	frəiɦəitsən	train
vryheidsliefde	frəiɦəitslifdə	test
vryheidsmanifes	frəiɦəitsmanifɛs	train
vryheidsoorlog	frəiɦəitsuərlɔχ	train
vryheidstrewe	frəiɦəitstriəvə	train
vryheidstryd	frəiɦəitstrəit	train
vryheidsvegter	frəiɦəitsfɛχtər	train
vryheidsvegters	frəiɦəitsfɛχtərs	train
vrykamer	frəikɑːmər	train
vrylaat	frəilɑːt	train
vrylating	frəilɑːtəŋ	test
vrylatings	frəilɑːtəŋs	test
vrylik	frəilək	train
vrymoedig	frəimudəχ	train
vrymoedigheid	frəimudəχɦəit	train
vrypostigheid	frəipɔstəχɦəit	train
vryskop	frəiskɔp	test
vryskut	frəiskœt	train
vryskutjoernalis	frəiskœtjurnaləs	train
vryslag	frəislaχ	train
vryspraak	frəisprɑːk	train
vryspring	frəisprəŋ	train
vrystaat	frəistɑːt	train
vrystelling	frəistɛləŋ	train
vrystellings	frəistɛləŋs	test
vrystyl	frəistəil	train
vrywaring	frəivɑːrəŋ	train
vrywel	frəivəl	train
vrywillig	frəivələχ	test
vrywillige	frəivələχə	train
vrywilligers	frəivələχərs	train
vuik	fœyk	train
vuil	fœyl	test
vuilspel	fœylspɛl	train
vuis	fœys	train
vuisgeveg	fœysχəfɛχ	train
vuishou	fœysɦœu	train
vuiste	fœystə	train
vuisvoos	fœysfuəs	train
vul	fœl	train
vulgaat	fœlχɑːt	train
vulkaan	fœlkɑːn	train
vulkaanrots	fœlkɑːnrɔts	train
vulkane	fœlkɑːnə	train
vulkaniese	fœlkɑːnisə	train
vullens	fœləns	train
vullis	fœləs	train
vullishoop	fœləsɦuəp	train
vullishouers	fœləsɦœuərs	train
vullisverwydering	fœləsfərvəidərəŋ	train
vulsel	fœlsəl	train
vulstasie	fœlstɑːsi	train
vulstasies	fœlstɑːsis	train
vurk	fœrk	train
vurke	fœrkə	train
vyand	fəiant	test
vyande	fəiandə	train
vyandelikhede	fəiandələkɦiədə	train
vyandig	fəiandəχ	train
vyandige	fəiandəχə	train
vyandigheid	fəiandəχɦəit	train
vyandskap	fəiantskap	test
vye	fəiə	train
vyeblare	fəiəblɑːrə	train
vyeboom	fəiəbuəm	train
vyf	fəif	train
vyfdaagse	fəifdɑːχsə	train
vyfde	fəifdə	train
vyfhonderd	fəifɦɔndərt	train
vyfjaarplan	fəifjɑːrplan	train
vyfjarige	fəifjɑːrəχə	train
vyfkamp	fəifkamp	test
vyfster	fəifstɛr	train
vyftal	fəiftal	train
vyftien	fəiftin	train
vyftiende	fəiftində	train
vyftienjarige	fəiftinjɑːrəχə	train
vyftiental	fəiftintal	train
vyftig	fəiftəχ	train
vyftigerjare	fəiftəχərjɑːrə	train
vyftigjarige	fəiftəχjɑːrəχə	train
vyftigste	fəiftəχstə	train
vyftigtal	fəiftəχtal	train
vyver	fəifər	train
wa	vɑː	train
waag	vɑːχ	train
waaghals	vɑːχɦals	train
waagkapitaal	vɑːχkapitɑːl	train
waagmoed	vɑːχmut	train
waagstuk	vɑːχstœk	train
waai	vɑːi	train
waaier	vɑːiər	train
waaiers	vɑːiərs	train
waak	vɑːk	train
waakeenheid	vɑːkiənɦəit	train
waaksaal	vɑːksɑːl	train
waaksaam	vɑːksɑːm	train
waaksaamheid	vɑːksɑːmɦəit	train
waaksaamheidskomitee	vɑːksɑːmɦəitskɔmətiə	train
waal	vɑːl	test
waansin	vɑːnsən	train
waansinnig	vɑːnsənəχ	train
waansinnige	vɑːnsənəχə	train
waar	vɑːr	train
waaraan	vɑːrɑːn	train
waaragter	vɑːraχtər	train
waaragtig	vɑːraχtəχ	train
waarbinne	vɑːrbənə	train
waarborg	vɑːrbɔrχ	train
waarborge	vɑːrbɔrχə	train
waarby	vɑːrbəi	train
waardasie	vɑːrdɑːsi	train
waarde	vɑːrdə	train
waardebeoordeling	vɑːrdəbəuərdiələŋ	train
waardebepaling	vɑːrdəbəpɑːləŋ	train
waardeer	vɑːrdiər	train
waardeerder	vɑːrdiərdər	train
waardeerders	vɑːrdiərdərs	train
waardegedrewe	vɑːrdəχədriəvə	train
waardeketting	vɑːrdəkɛtəŋ	train
waardering	vɑːrdiərəŋ	train
waardes	vɑːrdəs	train
waardesisteem	vɑːrdəsəstiəm	train
waardesisteme	vɑːrdəsəstiəmə	train
waardestelsel	vɑːrdəstɛlsəl	train
waardeur	vɑːrdøːr	train
waardevol	vɑːrdəfɔl	test
waardevolle	vɑːrdəfɔlə	train
waardig	vɑːrdəχ	train
waardige	vɑːrdəχə	test
waardigheid	vɑːrdəχɦəit	train
waargeneem	vɑːrχəniəm	train
waarhede	vɑːrɦiədə	test
waarheen	vɑːrɦiən	train
waarheid	vɑːrɦəit	train
waarheidskommissie	vɑːrɦəitskumisi	train
waarin	vɑːrən	train
waarlangs	vɑːrlaŋs	test
waarlik	vɑːrlək	train
waarlikwaar	vɑːrləkvɑːr	train
waarmee	vɑːrmiə	train
waarna	vɑːrnɑː	train
waarneem	vɑːrniəm	train
waarneembaar	vɑːrniəmbɑːr	train
waarnemende	vɑːrniəməndə	train
waarnemer	vɑːrniəmər	train
waarnemers	vɑːrniəmərs	train
waarneming	vɑːrniəməŋ	train
waarnemings	vɑːrniəməŋs	train
waarom	vɑːrɔm	train
waaromtrent	vɑːrɔmtrɛnt	train
waaronder	vɑːrɔndər	train
waaroor	vɑːruər	train
waarop	vɑːrɔp	train
waarskuwing	vɑːrskyvəŋ	train
waarskuwings	vɑːrskyvəŋs	train
waarskuwingskoot	vɑːrskyvəŋskuət	train
waarskuwingskote	vɑːrskyvəŋskuətə	train
waarskuwingstekens	vɑːrskyvəŋstiəkəns	train
waarskynlik	vɑːrskəinlək	test
waarskynlike	vɑːrskəinləkə	train
waarskynlikhede	vɑːrskəinləkɦiədə	train
waarskynlikheid	vɑːrskəinləkɦəit	train
waarskynlikheidseksperiment	vɑːrskəinləkɦəitsɛkspɛrimɛnt	train
waarsonder	vɑːrsɔndər	train
waarteen	vɑːrtiən	train
waartoe	vɑːrtu	train
waartydens	vɑːrtəidəns	train
waaruit	vɑːrœyt	train
waarvan	vɑːrfan	train
waarvandaan	vɑːrfandɑːn	train
waarvolgens	vɑːrfɔlχəns	train
waarvoor	vɑːrfuər	test
waas	vɑːs	train
waenhuis	vɑːənɦœys	train
waens	vɑːəns	train
waentjie	vɑːiŋki	train
waffer	vafər	train
waffers	vafərs	train
wafferse	vafərsə	train
wag	vaχ	train
waggelrig	vaχəlrəχ	train
waghond	vaχɦɔnt	train
waghonde	vaχɦɔndə	train
waglys	vaχləis	train
waglyste	vaχləistə	test
wagpos	vaχpɔs	train
wagte	vaχtə	train
wagtyd	vaχtəit	train
wagwoord	vaχvuərt	train
wagwoorde	vaχvuərdə	train
wakende	vɑːkəndə	train
wakker	vakər	train
wal	val	test
walging	valχəŋ	train
walglik	valχlək	train
walglike	valχləkə	train
walle	valə	train
walliese	valisə	test
walliesers	valisərs	train
wallis	valəs	train
wals	vals	train
walvis	valfəs	test
walvisse	valfəsə	train
wanadministrasie	vanatmənəstrɑːsi	train
wanbalans	vanbalɑːns	train
wanbegrippe	vanbəχrəpə	train
wanbesteding	vanbəstiədəŋ	train
wanbetaling	vanbətɑːləŋ	train
wand	vant	train
wandade	vandɑːdə	train
wande	vandə	train
wandel	vandəl	train
wandelgange	vandəlχaŋə	train
wandeling	vandələŋ	test
wandellaan	vandəllɑːn	train
wandelpad	vandəlpat	test
wang	vaŋ	train
wangbeen	vaŋbiən	train
wangbene	vaŋbiənə	train
wange	vaŋə	train
wangedrag	vanχədraχ	test
wanhoop	vanɦuəp	train
wanhopig	vanɦupəχ	train
wanhopige	vanɦuəpəχə	test
wanindruk	vanəndrœk	train
wankelende	vaŋkələndə	train
wankelrige	vaŋkəlrəχə	train
wanneer	vaniər	train
wanopvatting	vanɔpfatəŋ	train
wanorde	vanɔrdə	train
wanpraktyke	vanpraktəikə	train
want	vant	train
wantrou	vantrœu	train
wantroue	vantrœuə	train
wantrouig	vantrœuəχ	train
wanvoeding	vanfudəŋ	train
wanvoorstelling	vanfuərstɛləŋ	train
wanvoorstellings	vanfuərstɛləŋs	train
wapad	vɑːpat	test
wapadrand	vɑːpatrant	train
wapen	vɑːpən	train
wapenhandel	vɑːpənɦandəl	test
wapenopslagplekke	vɑːpənɔpslaχplɛkə	train
wapens	vɑːpəns	train
wapentransaksie	vɑːpəntransaksi	train
wapenverbod	vɑːpənfərbɔt	test
wapper	vapər	test
war	var	train
ware	vɑːrə	train
warm	varm	train
warmer	varmər	train
warmlugballon	varmlœχbalɔn	train
warmte	varmtə	train
warrelwind	varəlvənt	train
wartena	vartəna	train
was	vas	train
wasbak	vasbak	train
wasbakke	vasbakə	train
wasbank	vasbaŋk	train
wasdom	vasdɔm	train
wasem	vɑːsəm	train
wasgoed	vasχut	train
washington	waʃiŋtən	train
waskamer	vaskɑːmər	train
wasmasjiene	vasmaʃinə	train
wassery	vasərəi	train
wat	vat	train
water	vɑːtər	train
waterbronne	vɑːtərbrɔnə	test
waterdamp	vɑːtərdamp	train
waterdig	vɑːtərdəχ	train
waterfront	vɑːtərfrɔnt	train
watergees	vɑːtərχiəs	train
watergehalte	vɑːtərχəɦaltə	test
waterkloof	vɑːtərkluəf	train
watermolekules	vɑːtərmɔləkyləs	train
waterplas	vɑːtərplas	test
waterpokkies	vɑːtərpɔkis	train
waterpolo	vɑːtərpuəlu	train
waterpyp	vɑːtərpəip	train
waterpype	vɑːtərpəipə	train
waters	vɑːtərs	train
waterski	vɑːtərski	train
waterslang	vɑːtərslaŋ	train
waterstof	vɑːtərstɔf	train
waterstofatome	vɑːtərstɔfatuəmə	test
waterstrome	vɑːtərstruəmə	test
waterstroom	vɑːtərstruəm	test
watertjies	vɑːtərkis	train
watertoevoer	vɑːtərtufur	train
waterval	vɑːtərfal	train
waterverbruik	vɑːtərfərbrœyk	train
waterverf	vɑːtərfɛrf	train
waterverfskilderye	vɑːtərfɛrfskəldərəiə	train
waterverlies	vɑːtərfərlis	train
watervlak	vɑːtərflak	test
watervoorraad	vɑːtərfuərɑːt	train
waterwese	vɑːtərviəsə	train
watse	vatsə	train
watt	wat	test
watte	vatə	test
watter	vatər	test
wawiel	vɑːvil	train
web	vɛp	test
webadres	vɛbadrɛs	train
webadresse	vɛbadrɛsə	train
webblaaie	vɛbblɑːiə	train
webblad	vɛbblat	train
webbladsye	vɛbblatsəiə	test
weber	viəbər	train
webruimte	vɛbrœymtə	train
webtuiste	vɛbtœystə	train
webtuistes	vɛbtœystəs	train
webwerf	vɛbvɛrf	test
webwerwe	vɛbvɛrvə	train
wed	vɛt	train
weddenskap	vɛdənskap	train
weddenskappe	vɛdənskapə	train
wedder	vɛdər	train
wedders	vɛdərs	train
wedergeboorte	viədərχəbuərtə	train
wedergebore	viədərχəbuərə	train
wederhelf	viədərɦɛlf	train
wederkerige	viədərkiərəχə	train
wederkoms	viədərkɔms	train
wederregtelik	viədərrɛχtələk	train
wederregtelikheid	viədərrɛχtələkɦəit	train
wedersyds	viədərsəits	train
wedersydse	viədərsəitsə	train
wedloop	vɛtluəp	test
wedlope	vɛtluəpə	train
wedren	vɛtrɛn	train
wedrenbyeenkoms	vɛtrɛnbəiiənkɔms	train
wedrenbyeenkomste	vɛtrɛnbəiiənkɔmstə	train
wedrenklub	vɛtrɛnklœp	train
wedrenklubs	vɛtrɛnklœbs	train
wedrenne	vɛtrɛnə	train
wedstryd	vɛtstrəit	train
wedstryde	vɛtstrəidə	train
wedstrydplan	vɛtstrəitplan	test
wedstrydpunt	vɛtstrəitpœnt	train
wedstrydpunte	vɛtstrəitpœntə	train
wedsyfers	vɛtsəifərs	train
weduwee	viədyviə	train
wedvaart	vɛtfɑːrt	train
wedywer	vɛtəivər	train
wedywering	vɛtəivərəŋ	train
wee	viə	test
weef	viəf	train
weefsel	viəfsəl	train
weefsels	viəfsəls	test
weeg	viəχ	train
weegskaal	viəχskɑːl	test
week	viək	train
weekblad	viəkblat	test
weekdae	viəkdɑːə	test
weeklange	viəklaŋə	train
weekliks	viəkləks	train
weeklikse	viəkləksə	train
weelde	viəldə	train
weelderig	viəldərəχ	train
weelderige	viəldərəχə	train
weelderiger	viəldərəχər	train
weelderigheid	viəldərəχɦəit	train
weemoed	viəmut	train
weemoedig	viəmudəχ	train
ween	viən	train
weens	viəns	train
weer	viər	train
weerbarstige	viərbarstəχə	train
weerdiens	viərdins	train
weereens	viəriəns	train
weergalm	viərχalm	train
weergawe	viərχɑːvə	train
weergawes	viərχɑːvəs	train
weergee	viərχiə	train
weergegee	viərχəχiə	test
weerhou	viərɦœu	train
weerhouding	viərɦœudəŋ	train
weerkaarte	viərkɑːrtə	train
weerkaats	viərkɑːts	train
weerkaatsing	viərkɑːtsəŋ	test
weerkantoor	viərkantuər	train
weerklank	viərklaŋk	train
weerklink	viərkləŋk	train
weerlig	viərləχ	train
weerligstraal	viərləχstrɑːl	train
weerloos	viərluəs	train
weerlose	viərluəsə	train
weermag	viərmaχ	train
weermagbasis	viərmaχbɑːsəs	train
weermaghoof	viərmaχɦuəf	train
weermaglede	viərmaχliədə	train
weersiens	viərsins	train
weerskante	viərskantə	train
weersomstandighede	viərsɔmstandəχɦiədə	train
weerspieël	viərspiəl	train
weerspieëling	viərspiələŋ	train
weerspreek	viərspriək	train
weerstaan	viərstɑːn	test
weerstand	viərstant	train
weerstande	viərstandə	train
weerstandig	viərstandəχ	train
weerstandige	viərstandəχə	train
weerstandigheid	viərstandəχɦəit	train
weerstandslyn	viərstantsləin	train
weerstoestande	viərstustandə	train
weervoorspelling	viərfuərspɛləŋ	test
weerwraak	viərvrɑːk	train
wees	viəs	train
weeshuis	viəsɦœys	train
weet	viət	test
weg	vɛχ	train
wegbeweeg	vɛχbəviəχ	train
wegbly	vɛχbləi	train
wegbreek	vɛχbriək	train
wegbreekbouler	vɛχbriəkbœulər	train
wegdoen	vɛχdun	test
wegdraai	vɛχdrɑːi	test
weggaan	vɛχɑːn	train
weggebly	vɛχəbləi	train
weggebreek	vɛχəbriək	train
weggedoen	vɛχədun	train
weggedros	vɛχədrɔs	test
weggegaan	vɛχəχɑːn	test
weggegee	vɛχəχiə	train
weggehardloop	vɛχəɦartluəp	train
weggejaag	vɛχəjɑːχ	train
weggekom	vɛχəkɔm	train
weggekruip	vɛχəkrœyp	train
weggelaat	vɛχəlɑːt	train
weggelei	vɛχələi	train
weggelok	vɛχəlɔk	train
weggeloop	vɛχəluəp	test
weggeneem	vɛχəniəm	train
weggepak	vɛχəpak	train
weggeraak	vɛχərɑːk	train
weggeraakte	vɛχərɑːktə	train
weggeraap	vɛχərɑːp	train
weggery	vɛχərəi	train
weggesit	vɛχəsət	test
weggeskram	vɛχəskram	train
weggesleep	vɛχəsliəp	train
weggespoel	vɛχəspul	train
weggespring	vɛχəsprəŋ	test
weggestaan	vɛχəstɑːn	train
weggestap	vɛχəstap	train
weggesteek	vɛχəstiək	train
weggeval	vɛχəfal	train
weggevlieë	vɛχəfliə	train
weggevoer	vɛχəfur	train
weggewys	vɛχəvəis	train
weghardloop	vɛχɦartluəp	train
weghol	vɛχɦɔl	train
weghou	vɛχɦœu	train
wegjaag	vɛχjɑːχ	train
wegkom	vɛχkɔm	train
wegkruip	vɛχkrœyp	train
weglaat	vɛχlɑːt	train
weglating	vɛχlɑːtəŋ	train
wegloop	vɛχluəp	train
wegneem	vɛχniəm	train
wegraak	vɛχrɑːk	train
wegraping	vɛχrɑːpəŋ	train
wegrol	vɛχrɔl	train
wegruis	vɛχrœys	train
wegry	vɛχrəi	train
wegsleep	vɛχsliəp	train
wegsluip	vɛχslœyp	train
wegspring	vɛχsprəŋ	train
wegspringblokke	vɛχsprəŋblɔkə	test
wegstap	vɛχstap	train
wegsteek	vɛχstiək	train
wegtrek	vɛχtrɛk	train
wegvat	vɛχfat	train
wegvlug	vɛχflœχ	train
wegwedstryd	vɛχvɛtstrəit	train
wegwedstryde	vɛχvɛtstrəidə	train
wegwys	vɛχvəis	train
wei	vəi	test
weiding	vəidəŋ	train
weier	vəiər	test
weiering	vəiərəŋ	test
weinig	vəinəχ	train
weinige	vəinəχə	train
weiplek	vəiplɛk	train
weiroom	vəiruəm	train
weiveld	vəifɛlt	train
weivelde	vəifɛldə	train
wek	vɛk	train
weke	viəkə	test
wekker	vɛkər	train
wekroep	vɛkrup	train
wel	vɛl	train
welbekende	vɛlbəkɛndə	train
weldade	vɛldɑːdə	train
weldeurdag	vɛldøːrdaχ	train
weldoener	vɛldunər	train
weldoeners	vɛldunərs	test
weldra	vɛldrɑː	train
weleer	vɛliər	train
welgestelde	vɛlχəstɛldə	train
weliswaar	vɛləsvɑːr	train
welke	vɛlkə	train
welkom	vɛlkɔm	train
welkome	vɛlkumə	train
wellington	wɛliŋtən	train
wells	wɛls	train
welluidender	vɛllœydəndər	train
welpies	vɛlpis	train
welslae	vɛlslɑːə	train
welstand	vɛlstant	train
welsyn	vɛlsəin	train
welsynorganisasie	vɛlsəinɔrχanisɑːsi	train
weltergewig	vɛltərχəvəχ	train
welvaart	vɛlfɑːrt	train
welvaartskepping	vɛlfɑːrtskɛpəŋ	train
welvarende	vɛlfɑːrəndə	test
welverdiend	vɛlfərdint	test
welverdiende	vɛlfərdində	train
welwillendheid	vɛlvələntɦəit	train
wemel	viəməl	train
wen	vɛn	train
wend	vɛnt	test
wenderbaail	vɛndərbɑːil	train
wending	vɛndəŋ	train
wendoel	vɛndul	train
wengeld	vɛnχɛlt	train
wenk	vɛŋk	train
wenkans	vɛnkɑːns	train
wenkant	vɛnkant	train
wenkbrou	vɛŋkbrœu	train
wenkbroue	vɛŋkbrœuə	train
wenke	vɛŋkə	train
wenkommando	vɛnkumandu	train
wenner	vɛnər	train
wenners	vɛnərs	test
wennommers	vɛnnɔmərs	train
wenpaal	vɛnpɑːl	train
wenpad	vɛnpat	train
wenpunte	vɛnpœntə	train
wenresep	vɛnrəsɛp	train
wens	vɛns	train
wensdenkery	vɛnsdɛŋkərəi	train
wense	vɛnsə	train
wenslik	vɛnslək	train
wenslikheid	vɛnsləkɦəit	test
wenspan	vɛnspan	train
wenstreep	vɛnstriəp	train
wentel	vɛntəl	train
wentelbaan	vɛntəlbɑːn	train
wentyd	vɛntəit	train
werd	vɛrt	train
werf	vɛrf	train
werfkrag	vɛrfkraχ	train
werk	vɛrk	train
werkbare	vɛrkbɑːrə	train
werkblad	vɛrkblat	train
werkboeke	vɛrkbukə	train
werkdadige	vɛrkdɑːdəχə	train
werke	vɛrkə	train
werkende	vɛrkəndə	train
werker	vɛrkər	train
werkers	vɛrkərs	train
werkersklas	vɛrkərsklas	train
werkerskorps	vɛrkərskɔrps	train
werkesel	vɛrkiəsəl	train
werkgeleenthede	vɛrkχəliəntɦiədə	train
werkgeleentheid	vɛrkχəliəntɦəit	train
werkgewer	vɛrkχiəvər	train
werkgewers	vɛrkχiəvərs	train
werkgroep	vɛrkχrup	train
werkgroepe	vɛrkχrupə	train
werkie	vɛrki	test
werkies	vɛrkis	train
werking	vɛrkəŋ	train
werkinge	vɛrkəŋə	train
werkkaarte	vɛrkkɑːrtə	train
werkkamer	vɛrkkɑːmər	train
werkkomitee	vɛrkkɔmətiə	train
werklading	vɛrklɑːdəŋ	train
werklas	vɛrklas	train
werklik	vɛrklək	train
werklike	vɛrkləkə	train
werklikhede	vɛrkləkɦiədə	train
werklikheid	vɛrkləkɦəit	train
werklikheidsbeskouing	vɛrkləkɦəitsbəskœuəŋ	train
werkloos	vɛrkluəs	train
werkloosheid	vɛrkluəsɦəit	train
werkloosheidsprobleem	vɛrkluəsɦəitsprubliəm	train
werkloosheidsyfer	vɛrkluəsɦəitsəifər	test
werklose	vɛrkluəsə	train
werkloses	vɛrklusəs	train
werknemer	vɛrkniəmər	train
werknemers	vɛrkniəmərs	train
werknemersbelasting	vɛrkniəmərsbəlastəŋ	train
werknemersorganisasies	vɛrkniəmərsɔrχanisɑːsis	train
werknemervoordele	vɛrkniəmərfuərdiələ	train
werkomgewing	vɛrkɔmχiəvəŋ	train
werkomstandighede	vɛrkɔmstandəχɦiədə	train
werkplek	vɛrkplɛk	train
werkplekke	vɛrkplɛkə	train
werksaam	vɛrksɑːm	train
werksaamhede	vɛrksɑːmɦiədə	train
werksbevrediging	vɛrksbəfriədəχəŋ	train
werksdae	vɛrksdɑːə	train
werksdag	vɛrksdaχ	train
werksessie	vɛrksɛsi	train
werksessies	vɛrksɛsis	train
werksetiek	vɛrksiətik	train
werksgeleenthede	vɛrksχəliəntɦiədə	train
werkskaart	vɛrkskɑːrt	train
werkskepping	vɛrkskɛpəŋ	train
werksman	vɛrksman	train
werksmense	vɛrksmɛnsə	test
werksomgewing	vɛrksɔmχiəvəŋ	train
werkstakings	vɛrkstɑːkəŋs	train
werkstevredenheid	vɛrkstəfriədənɦəit	train
werkstres	vɛrkstrɛs	test
werksvel	vɛrksfɛl	train
werkswinkel	vɛrksvəŋkəl	train
werkswinkels	vɛrksvəŋkəls	train
werkswyses	vɛrksvəisəs	train
werktekening	vɛrktiəkənəŋ	train
werktekeninge	vɛrktiəkənəŋə	train
werktuigkundige	vɛrktœyχkœndəχə	train
werktuigkundiges	vɛrktœyχkœndəχəs	test
werktyd	vɛrktəit	train
werkverrigting	vɛrkfərəχtəŋ	train
werkverskaffing	vɛrkfərskafəŋ	train
werkwinkel	vɛrkvəŋkəl	test
werkwinkels	vɛrkvəŋkəls	train
werkwoord	vɛrkvuərt	train
werkwoorde	vɛrkvuərdə	train
werkwoordelike	vɛrkvuərdələkə	train
werkwoordgroep	vɛrkvuərtχrup	train
werkwoordgroepe	vɛrkvuərtχrupə	train
werkwoorduitgang	vɛrkvuərtœytχaŋ	train
werkwyse	vɛrkvəisə	train
werner	vɛrnər	train
werp	vɛrp	test
werskaf	vɛrskaf	train
werwelkolom	vɛrvəlkulɔm	train
werwing	vɛrvəŋ	train
werwingstrategieë	vɛrvəŋstratəχiə	test
wes	vɛs	train
wese	viəsə	test
wesenlik	viəsənlək	train
wesenlike	viəsənləkə	train
wesens	viəsəns	train
wesentlike	viəsəntləkə	train
wesies	viəsis	train
wessel	vɛsəl	train
wessels	vɛsəls	train
weste	vɛstə	train
westelike	vɛstələkə	train
westerglorie	vɛstərχluəri	train
westerlinge	vɛstərləŋə	train
western	wɛstən	train
westers	vɛstərs	train
westerse	vɛstərsə	train
westminster	wɛstmənstər	train
wet	vɛt	train
wete	viətə	train
wetende	viətəndə	train
wetens	viətəns	train
wetenskap	viətənskap	train
wetenskapfiksie	viətənskapfəksi	train
wetenskaplik	viətənskaplək	train
wetenskaplike	viətənskapləkə	test
wetenskaplikes	viətənskapləkəs	train
wetenskappe	viətənskapə	train
wetenskapsbeoefening	viətənskapsbəufənəŋ	train
wetgehoorsaam	vɛtχəɦuərsɑːm	train
wetgeleerde	vɛtχəliərdə	test
wetgewende	vɛtχiəvəndə	train
wetgewer	vɛtχiəvər	train
wetgewers	vɛtχiəvərs	train
wetgewing	vɛtχiəvəŋ	train
wetlik	vɛtlək	train
wetlike	vɛtləkə	train
wetmatighede	vɛtmɑːtəχɦiədə	train
wetsamptenaar	vɛtsamptənɑːr	train
wetsbeskerming	vɛtsbəskɛrəməŋ	train
wetsgehoorsame	vɛtsχəɦuərsɑːmə	test
wetsgehoorsamig	vɛtsχəɦuərsɑːməχ	test
wetsontwerp	vɛtsɔntvɛrp	train
wetsontwerpe	vɛtsɔntvɛrpə	train
wetstoepassers	vɛtstupasərs	test
wetstoepassing	vɛtstupasəŋ	train
wetsuitleg	vɛtsœytlɛχ	train
wetswysiging	vɛtsvəisəχəŋ	train
wetswysigings	vɛtsvəisəχəŋs	train
wette	vɛtə	train
wetteloosheid	vɛtəluəsɦəit	train
wettig	vɛtəχ	train
wettige	vɛtəχə	train
wettigheid	vɛtəχɦəit	train
wettiging	vɛtəχəŋ	test
wettiglik	vɛtəχlək	train
wewenaar	viəvənɑːr	train
weë	viə	train
whiskey	wəski	train
whisky	wəski	train
wie	vi	train
wieg	viχ	train
wiegie	viχi	train
wiel	vil	train
wiele	vilə	train
wierook	viruək	train
wig	vəχ	train
wigte	vəχtə	train
wikkel	vəkəl	train
wikkeling	vəkələŋ	train
wil	vəl	train
wild	vəlt	train
wildbewaarder	vəltbəvɑːrdər	train
wildbewaarders	vəltbəvɑːrdərs	train
wilddiewe	vəltdivə	train
wilde	vəldə	train
wildebeeste	vəldəbiəstə	train
wildehonde	vəldəɦɔndə	train
wildekus	vəldəkœs	train
wilder	vəldər	train
wildernis	vəldərnəs	train
wildplaas	vəltplɑːs	train
wildplase	vəltplɑːsə	train
wildreservate	vəltrɛsɛrfɑːtə	train
wildsbokke	vəltsbɔkə	train
wildsoorte	vəltsuərtə	train
wildste	vəltstə	train
wildsvleis	vəltsfləis	train
wildt	vəlt	train
wildttoespraak	vəlttusprɑːk	train
wildtuin	vəltœyn	train
wildtuine	vəltœynə	train
wildvanger	vəltfaŋər	train
wilgers	vəlχərs	train
wille	vələ	train
willekeur	vələkøːr	train
willem	vələm	train
willens	vələns	train
willie	vəli	train
wilskrag	vəlskraχ	train
wilson	wəlsən	train
wilsooreenstemming	vəlsuəriənstɛməŋ	train
wimpers	vəmpərs	train
win	vən	train
winburg	vənbœrχ	train
wind	vənt	train
winde	vəndə	train
winderige	vəndərəχə	test
windjie	vəiŋki	train
windpomp	vəntpɔmp	train
windskerm	vəntskɛrm	train
wingerd	vəŋərt	train
wingerde	vəŋərdə	train
wingerdrank	vəŋərtraŋk	train
wingerdranke	vəŋərtraŋkə	train
wingerdstok	vəŋərtstɔk	train
wink	vəŋk	train
winkel	vəŋkəl	train
winkeldiefstal	vəŋkəldifstal	test
winkeleienaar	vəŋkələiənɑːr	train
winkeleienaars	vəŋkələiənɑːrs	train
winkelgroep	vəŋkəlχrup	train
winkeliers	vəŋkəlirs	train
winkelkompleks	vəŋkəlkɔmplɛks	train
winkelrakke	vəŋkəlrakə	train
winkels	vəŋkəls	train
winkelsentrum	vəŋkəlsɛntrœm	train
winkelsentrums	vəŋkəlsɛntrœms	test
winkeltjie	vəŋkəlki	train
wins	vəns	train
winsbejag	vənsbəjaχ	train
winsgewend	vənsχiəvənt	train
winsgewende	vənsχiəvəndə	train
winsgewendheid	vənsχiəvəntɦəit	train
winsgrens	vənsχrɛns	test
winsgrense	vənsχrɛnsə	train
winsgroei	vənsχrui	train
winskoop	vənskuəp	train
winskopie	vənskuəpi	train
winskopies	vənskupis	train
winsmarge	vənsmarχə	test
winsneming	vənsniəməŋ	train
winsoogmerk	vənsuəχmɛrk	train
winssyfers	vənssəifərs	train
winste	vənstə	train
winter	vəntər	train
winterkoue	vəntərkœuə	train
wintermaande	vəntərmɑːndə	train
winternag	vəntərnaχ	train
winters	vəntərs	train
winterseisoen	vəntərsəisun	test
winterskool	vəntərskuəl	train
wintervakansie	vəntərfakansi	train
winterveld	vəntərfɛlt	train
wip	vəp	train
wipplank	vəpplaŋk	train
wis	vəs	test
wiskunde	vəskœndə	train
wiskundig	vəskœndəχ	train
wiskundige	vəskœndəχə	train
wiskundiges	vəskœndəχəs	train
wissel	vəsəl	train
wisselende	vəsələndə	train
wisseling	vəsələŋ	train
wisselkoers	vəsəlkurs	test
wisselkoerse	vəsəlkursə	test
wissels	vəsəls	train
wisselslag	vəsəlslaχ	train
wisselstroom	vəsəlstruəm	train
wisseltrofee	vəsəltrufiə	test
wisselvallig	vəsəlfaləχ	train
wisselvallige	vəsəlfaləχə	test
wisselwerking	vəsəlvɛrkəŋ	train
wissing	vəsəŋ	test
wit	vət	test
witboordjie	vətbuərki	train
witbrood	vətbruət	train
withuis	vətɦœys	test
witmense	vətmɛnsə	train
witmielies	vətmilis	test
witrenoster	vətrənɔstər	test
wits	vəts	train
witsies	vətsis	train
witskrif	vətskrəf	train
witste	vətstə	test
witte	vətə	train
wittebrood	vətəbruət	train
wittebroodsreis	vətəbruətsrəis	train
witter	vətər	train
wittes	vətəs	test
witvlieg	vətfliχ	train
witwarm	vətvarm	train
witwatersrand	vətvɑːtərsrant	train
witwyn	vətvəin	train
wodka	vɔtka	train
woed	vut	train
woede	vudə	train
woedend	vudənt	train
woedende	vudəndə	train
woel	vul	train
woelig	vuləχ	train
woelige	vuləχə	train
woelinge	vuləŋə	train
woema	vuma	train
woensdag	vunsdaχ	train
woensdagmiddag	vunsdaχmədaχ	train
woer	vur	train
woes	vus	train
woeste	vustə	train
woestyn	vustəin	train
woestyngebied	vustəinχəbit	train
wol	vɔl	train
wolbedryf	vɔlbədrəif	train
wolf	vɔlf	train
wolfie	vɔlfi	test
wolk	vɔlk	train
wolkbreuk	vɔlkbrøːk	train
wolke	vɔlkə	train
wolkie	vɔlki	train
wollerige	vɔlərəχə	train
wolmarans	vɔlmarans	train
wolmaransstad	vɔlmaranstat	train
wolmark	vɔlmark	train
wolpryse	vɔlprəisə	test
wolskape	vɔlskɑːpə	train
wolvoet	vɔlfut	train
wolwe	vɔlvə	test
wolwespruit	vɔlvəsprœyt	train
wond	vɔnt	train
wonde	vɔndə	train
wonder	vɔndər	train
wonderbaarlik	vɔndərbɑːrlək	train
wonderbaarlike	vɔndərbɑːrləkə	train
wonderboom	vɔndərbuəm	train
wondere	vɔndərə	train
wonderland	vɔndərlant	train
wonderlik	vɔndərlək	train
wonderlike	vɔndərləkə	train
wonders	vɔndərs	train
wonderwerk	vɔndərvɛrk	test
wonderwerke	vɔndərvɛrkə	train
wonderwyse	vɔndərvəisə	train
woning	vuənəŋ	test
wonings	vuənəŋs	train
woon	vuən	test
woonagtig	vuənaχtəχ	train
wooneenhede	vuəniənɦiədə	train
woonerwe	vuənɛrvə	train
woongebied	vuənχəbit	test
woongebiede	vuənχəbidə	train
woongids	vuənχəts	train
woonhuis	vuənɦœys	train
woonhuise	vuənɦœysə	train
woonkamer	vuənkɑːmər	train
woonkamers	vuənkɑːmərs	train
woonplek	vuənplɛk	test
woonplekke	vuənplɛkə	train
woonstel	vuənstɛl	test
woonstelgebou	vuənstɛlχəbœu	train
woonstelgeboue	vuənstɛlχəbœuə	train
woonstelle	vuənstɛlə	train
woonvertrek	vuənfərtrɛk	train
woonwa	vuənvɑː	test
woord	vuərt	train
woordbetekenis	vuərtbətiəkənəs	train
woorde	vuərdə	train
woordeboek	vuərdəbuk	train
woordelikse	vuərdələksə	train
woordelys	vuərdələis	test
woordeskat	vuərdəskat	train
woordewisseling	vuərdəvəsələŋ	train
woordfees	vuərtfiəs	test
woordjie	vuərki	test
woordkeuse	vuərtkøːsə	train
woordorde	vuərtɔrdə	train
woordprobleme	vuərtprubliəmə	train
woordsoorte	vuərtsuərtə	train
woordspeling	vuərtspiələŋ	train
woordvoerder	vuərtfurdər	train
woordvoerders	vuərtfurdərs	test
word	vɔrt	train
wordende	vɔrdəndə	train
wording	vɔrdəŋ	train
wors	vɔrs	train
worsbroodjies	vɔrsbrɔːikis	test
worse	vɔrsə	train
worsie	vɔrsi	train
worsies	vɔrsis	train
worstel	vɔrstəl	train
worsteling	vɔrstələŋ	train
worstelling	vɔrstələŋ	train
worstelstryd	vɔrstəlstrəit	test
wortel	vɔrtəl	train
wortels	vɔrtəls	train
wortelstelsels	vɔrtəlstɛlsəls	train
wou	vœu	train
woud	vœut	test
woude	vœudə	train
wraak	vrɑːk	train
wraakaanval	vrɑːkɑːnfal	train
wraggies	vraχis	train
wragtig	vraχtəχ	train
wrak	vrak	train
wrakke	vrakə	train
wrakstukke	vrakstœkə	train
wrang	vraŋ	train
wrede	vriədə	train
wreed	vriət	train
wreedaardig	vriətɑːrdəχ	train
wreedaardige	vriətɑːrdəχə	train
wreedhede	vriətɦiədə	train
wreedheid	vriətɦəit	train
wreedste	vriətstə	train
wreek	vriək	train
wring	vrəŋ	train
wringkrag	vrəŋkraχ	train
wroeg	vruχ	train
wroeging	vruχəŋ	train
wrok	vrɔk	train
wrywing	vrəivəŋ	train
wuif	vœyf	train
wulpse	vœlpsə	train
wurg	vœrχ	train
wurggreep	vœrχχriəp	train
wurm	vœrm	train
wurmpies	vœrmpis	train
wurms	vœrms	test
wy	vəi	test
wyd	vəit	train
wydlopers	vəitluəpərs	train
wydte	vəitə	train
wydverspreid	vəitfərsprəit	train
wydverspreide	vəitfərsprəidə	train
wye	vəiə	train
wyer	vəiər	train
wyere	vəiərə	train
wyfie	vəifi	train
wyfies	vəifis	train
wyk	vəik	train
wyke	vəikə	train
wykstakke	vəikstakə	test
wyl	vəil	train
wyle	vəilə	train
wyltjie	vəilki	train
wyn	vəin	train
wynbedryf	vəinbədrəif	train
wynberg	vəinbɛrχ	train
wynboere	vəinburə	train
wyne	vəinə	train
wyngaard	vəinχɑːrt	test
wynkelders	vəinkɛldərs	train
wynland	vəinlant	train
wynlys	vəinləis	train
wynmaker	vəinmɑːkər	train
wynplaas	vəinplɑːs	train
wynplase	vəinplɑːsə	test
wynproe	vəinpru	train
wys	vəis	train
wysbegeerte	vəisbəχiərtə	train
wyse	vəisə	train
wyser	vəisər	train
wysers	vəisərs	train
wyses	vəisəs	train
wysgeer	vəisχiər	train
wyshede	vəisɦiədə	test
wysheid	vəisɦəit	train
wysheidstekste	vəisɦəitstɛkstə	train
wysie	vəisi	train
wysig	vəisəχ	train
wysiging	vəisəχəŋ	test
wysiginge	vəisəχəŋə	train
wysigings	vəisəχəŋs	train
wysigingswet	vəisəχəŋsvɛt	test
wysigingswetsontwerp	vəisəχəŋsvɛtsɔntvɛrp	train
wyslik	vəislək	train
wysmaak	vəismɑːk	train
wysvinger	vəisfəŋər	train
wyte	vəitə	train
xileem	zəliəm	test
ydele	əidələ	train
yl	əil	train
york	jɔrk	train
yorkse	jɔrksə	train
ys	əis	train
ysbad	əisbat	train
ysberg	əisbɛrχ	test
ysblokkie	əisblɔki	train
ysblokkies	əisblɔkis	train
yshokkie	əisɦɔki	train
ysies	əisis	train
ysige	əisəχə	train
yskas	əiskas	train
yskerne	əiskɛrnə	train
yskoud	əiskœut	train
yskoue	əiskœuə	train
yslike	əisləkə	test
ysskaats	əisskɑːts	train
yster	əistər	train
ysterband	əistərbant	train
ystererts	əistərɛrts	train
ystergordyn	əistərχɔrdəin	train
ysterhand	əistərɦant	test
ysterplaat	əistərplɑːt	train
ysters	əistərs	train
ystertydperk	əistərtəitpɛrk	train
ystervuis	əistərfœys	train
ystydperk	əistəitpɛrk	train
ywer	əivər	train
ywerig	əivərəχ	train
ywerige	əivərəχə	train
zaghlul	zaχlul	train
zakkie	zaki	train
zambiese	zambisə	train
zambië	zambiə	train
zambiërs	zambiərs	train
zanzibar	zanzibar	train
zastron	zastrɔn	train
zebra	ziəbra	train
zebras	ziəbras	test
zebraägtig	ziəbraaχtəχ	train
zeekoeivlei	ziəkuifləi	train
zeeman	ziəman	train
zefman	zɛfman	train
zen	zɛn	train
zero	ziərœu	test
zietsman	zitsman	train
zijl	zəil	train
zimbabwe	zəmbabwɛ	train
zimbabwiese	zəmbabwisə	train
zimmerman	zəmərman	train
zoeloe	zulu	train
zoeloekoning	zulukuənəŋ	train
zoeloeland	zululant	test
zoem	zum	train
zoemlens	zumlɛns	train
zoo	zu	test
zyl	səil	train
aanbevelingsmagte	ɑːnbəfiələŋsmaχtə	train
aanbiedingsasse	ɑːnbidəŋsasə	test
aanbiedingsformaat	ɑːnbidəŋsfɔrmɑːt	train
aanbiedingsprogram	ɑːnbidəŋspruχram	train
aanbiedingstegnieke	ɑːnbidəŋstɛχnikə	train
aandagtig	ɑːndaχtəχ	train
aangekondigde	ɑːnχəkɔndəχdə	train
aangekoopte	ɑːnχəkuəptə	train
aangeleen	ɑːnχəliən	train
aangesteekte	ɑːnχəstiəktə	test
aangesuiwerde	ɑːnχəsœyvərdə	train
aangewende	ɑːnχəvɛndə	train
aanhelppraktyke	ɑːnɦɛlpraktəikə	train
aanklagtes	ɑːnklaχtəs	train
aanlandig	ɑːnlandəχ	train
aanlandige	ɑːnlandəχə	test
aanleggrootte	ɑːnlɛχruətə	train
aanliggend	ɑːnləχənt	test
aanlyndienste	ɑːnləindinstə	train
aanmoedigings	ɑːnmudəχəŋs	train
aannemende	ɑːniəməndə	test
aanpassingswet	ɑːnpasəŋsvɛt	test
aanpreek	ɑːnpriək	train
aanprys	ɑːnprəis	train
aanraai	ɑːnrɑːi	train
aanskaffing	ɑːnskafəŋ	test
aanslagkennisgewing	ɑːnslaχkɛnəsχiəvəŋ	train
aanslagproses	ɑːnslaχprusɛs	train
aansluitingsdatum	ɑːnslœytəŋsdɑːtœm	test
aansluitklemme	ɑːnslœytklɛmə	train
aansoekgelde	ɑːnsukχɛldə	train
aansoekproses	ɑːnsukprusɛs	test
aansporingskema	ɑːnspurəŋskiəma	train
aansporingskemas	ɑːnspurəŋskiəmas	train
aansporingsmaatreëls	ɑːnspuərəŋsmɑːtriəls	test
aansporingstoekenning	ɑːnspurəŋstukɛnəŋ	train
aanspreekvorme	ɑːnspriəkfɔrmə	train
aanstellingsbrief	ɑːnstɛləŋsbrif	train
aanstellingsdatums	ɑːnstɛləŋsdɑːtœms	test
aanstellingsertifikaat	ɑːnstɛləŋsɛrtifikɑːt	train
aanstellingsproses	ɑːnstɛləŋsprusɛs	train
aant	ɑːnt	train
aanteel	ɑːntiəl	train
aanvoerder	ɑːnfurdər	train
aanvoorprojek	ɑːnfuərprujɛk	test
aanvoorwerk	ɑːnfuərvɛrk	train
aanvoring	ɑːnfurəŋ	train
aanvraagkonsentrasie	ɑːnfrɑːχkɔnsɛntrɑːsi	train
aanvulling	ɑːnfœləŋ	train
aanwendingsbepaling	ɑːnvɛndəŋsbəpɑːləŋ	train
aanwendingsfondse	ɑːnvɛndəŋsfɔntsə	train
aanwendingstaat	ɑːnvɛndəŋstɑːt	train
aanwyserliggie	ɑːnvəisərləχi	train
aanwysersraamwerk	ɑːnvəisərsrɑːmvɛrk	train
aardaansluiter	ɑːrtɑːnslœytər	train
aardrykskundige	ɑːrdrəikskœndəχə	train
aarliks	ɑːrləks	test
adjunkministers	adjœŋkmənəstərs	train
administrasiegeboue	admənəstrɑːsiχəbœuə	train
administrasiewaarvan	admənəstrɑːsivɑːrfan	train
adresbesonderhede	adrɛsbəsɔndərɦiədə	train
adverteerder	atfərtiərdər	test
advertensiedoeleindes	atfərtɛnsiduləindəs	train
advertensiemaatskappy	atfərtɛnsimɑːtskapəi	test
afbeelding	afbiəldəŋ	train
afbetalingsterme	afbətɑːləŋstɛrmə	train
afdelingskommissaris	afdiələŋskɔməsɑːrəs	train
afdoende	afdundə	train
afdraaiing	afdrɑːiəŋ	train
afgebeelde	afχəbiəldə	test
afgelegde	afχəlɛχdə	train
afgesnyde	afχəsnəidə	train
afgewerkte	afχəvɛrktə	test
afhanklikheidsvormende	afɦaŋkləkɦəitsfɔrməndə	train
afkoop	afkuəp	train
aflandige	aflandəχə	train
aflesings	afliəsəŋs	test
afleweringsdiens	afliəvərəŋsdins	train
afleweringswerk	afliəvərəŋsvɛrk	train
afpersing	afpɛrsəŋ	train
afrikaan	afrikɑːn	train
afrikanerbelange	afrikɑːnərbəlaŋə	train
afrikanerbond	afrikɑːnərbɔnt	test
afrikanerskepe	afrikɑːnərskiəpə	train
afsender	afsəndər	train
afsetprys	afsɛtprəis	train
afskakel	afskɑːkəl	train
afskil	afskəl	test
afskrikking	afskrəkəŋ	train
afskrywingstydperk	afskrəivəŋstəitpɛrk	train
afskuwelik	afskyvələk	train
afsonderingshut	afsɔndərəŋsɦœt	train
afstootlikheid	afstuətləkɦəit	train
afstroop	afstruəp	train
afswaaie	afswɑːiə	train
aftrekkingskode	aftrɛkəŋskuədə	test
afvalbeheerinligtingstelsel	afalbəɦiərənləχtəŋstɛlsəl	train
afvalvermindering	afalfərməndərəŋ	train
afvalverwydering	afalfərvəidərəŋ	test
afvalwater	afalvɑːtər	train
afvoere	afurə	train
afvoerkomponent	afurkɔmpunɛnt	train
afwend	afvɛnt	train
afwentel	afvɛntəl	train
agentskapsooreenkoms	aχɛntskapsuəriənkɔms	train
agtergrondkonteks	aχtərχrɔntkɔntɛks	train
agterkante	aχtərkantə	train
agterkleinkind	aχtərkləinkənt	train
agtervolgings	aχtərfɔlχəŋs	train
akkommoderende	akɔmudərəndə	train
akkoorde	akuərdə	train
aksieprogram	aksipruχram	train
aksieskilderwerk	aksiskəldərvɛrk	train
aktebesorgers	aktəbəsɔrχərs	train
aktivistiese	aktifəstisə	train
alleenbesitter	aliənbəsətər	train
alleengelate	aliənχəlɑːtə	train
alleenlik	aliənlək	train
allegorieë	aləχuriə	train
allereerste	aləriərstə	train
ampie	ampi	train
ampsaanvaarding	ampsɑːnfɑːrdəŋ	train
ampstermyne	ampstərməinə	test
andersluidende	andərslœydəndə	train
ansjovis	anʃuvəs	train
antwoordapparaat	antvuərdaparɑːt	train
antwoordeboek	antvuərdəbuk	train
apartheidgeskiedenis	apartɦəitχəskidənəs	train
apartheidsbeleid	apartɦəitsbələit	test
apartheidsisteem	apartɦəitsəstiəm	train
apartheidsonderdrukking	apartɦəitsɔndərdrœkəŋ	train
apartheidsonderwys	apartɦəitsɔndərvəis	test
apartheidstaat	apartɦəitstɑːt	train
apartheidstryd	apartɦəitstrəit	train
apartheidswette	apartɦəitsvɛtə	test
appèlle	apɛlə	train
appèlraad	apɛlrɑːt	train
appèltribunaal	apɛltrəbynɑːl	train
arbeidsforum	arbəitsfuərœm	train
arbeidsinsette	arbəitsənsɛtə	train
arbeidsinspekteur	arbəitsənspɛktøːr	test
arbeidsmakelaar	arbəitsmɑːkəlɑːr	train
arbeidsmakelaars	arbəitsmɑːkəlɑːrs	test
arbeidsorganisasies	arbəitsɔrχanisɑːsis	train
arbeidsverhoudings	arbəitsfərɦœudəŋs	train
arbitrasieverrigtinge	arbitrɑːsifərəχtəŋə	test
argief	arχif	train
argiefdienste	arχifdinstə	train
argumentslyn	arχymɛntsləin	train
armoedegradering	arəmudəχradiərəŋ	train
artistiese	artəstisə	train
asemhalings	ɑːsəmɦɑːləŋs	train
asemhalingstelsel	ɑːsəmɦɑːləŋstɛlsəl	train
aspoestertjie	aspustərki	train
assesseringsaktiwiteit	asɛsiərəŋsaktivitəit	train
assesseringsbeleid	asɛsiərəŋsbələit	train
assesseringsblaaie	asɛsiərəŋsblɑːiə	train
assesseringsblad	asɛsiərəŋsblat	train
assesseringskodes	asɛsiərəŋskuədəs	train
assesseringsprogram	asɛsiərəŋspruχram	train
assesseringstaak	asɛsiərəŋstɑːk	train
assesseringsvereistes	asɛsiərəŋsfərəistəs	train
assosieer	asuəʃiiər	train
baanbrekende	bɑːnbriəkəndə	train
baanbrekergebou	bɑːnbriəkərχəbœu	train
bakterieë	baktiəriə	train
bakteriële	baktiəriiələ	test
balanseringskriteria	balansiərəŋskrətiəria	train
balanseringsproses	balansiərəŋsprusɛs	train
bandaandrywing	bandɑːndrəivəŋ	train
bankinstellings	baŋkənstɛləŋs	train
banklenings	baŋkliənəŋs	train
bankoortrekking	baŋkuərtrɛkəŋ	train
bankwaarborg	baŋkvɑːrbɔrχ	train
barstens	barstəns	train
basisstasie	bɑːsəstɑːsi	test
basstemme	bastɛmə	train
basterplante	bastərplantə	train
bateregister	bɑːtərəχəstər	train
baterekeningkundige	bɑːtəriəkənəŋkœndəχə	train
batevoorsiening	bɑːtəfuərsinəŋ	test
beamptekode	bəamptəkuədə	train
bederfbaar	bədɛrfbɑːr	train
bedienerfamilie	bədinərfamili	train
bedingingsraad	bədəŋəŋsrɑːt	train
bedorwe	bədɔrvə	train
bedraad	bədrɑːt	train
bedreigings	bədrəiχəŋs	train
bedrogvoorkomings	bədrɔχfuərkuməŋs	train
bedryfsaktiwiteit	bədrəifsaktivitəit	train
bedryfsbeperkings	bədrəifsbəpɛrkəŋs	test
bedryfsdoeleindes	bədrəifsduləindəs	train
bedryfsdoeltreffendheid	bədrəifsdultrɛfəntɦəit	train
bedryfskostes	bədrəifskɔstəs	train
bedryfsliggaam	bədrəifsləχɑːm	train
bedryfsliggame	bədrəifsləχɑːmə	train
bedryfsprosedures	bədrəifsprɔsədyrəs	train
bedryfsrekening	bədrəifsriəkənəŋ	train
bedryfsrekeninge	bədrəifsriəkənəŋə	train
bedryfstelsels	bədrəifstɛlsəls	train
bedryfsverhouding	bədrəifsfərɦœudəŋ	train
beeldgebruik	biəltχəbrœyk	train
befondsing	bəfɔntsəŋ	test
begeerlik	bəχiərlək	train
begeleidingsbrief	bəχələidəŋsbrif	train
begeleier	bəχələiər	train
beginwaardes	bəχənvɑːrdəs	train
begrafnisblomme	bəχrafnəsblɔmə	train
begrafnisvereniging	bəχrafnəsfəriənəχəŋ	train
begrotingsbeheerbeleid	bəχruətəŋsbəɦiərbələit	train
begrotingsbeheer	bəχruətəŋsbəɦiər	train
begrotingsbeperkinge	bəχruətəŋsbəpɛrkəŋə	train
begrotingsbeperkings	bəχruətəŋsbəpɛrkəŋs	train
begrotingsdruk	bəχruətəŋsdrœk	train
begrotingsimplikasies	bəχruətəŋsəmplikɑːsis	train
begrotingsinligting	bəχruətəŋsənləχtəŋ	train
begrotingsposte	bəχruətəŋspɔstə	train
begrotingsprioriteite	bəχruətəŋspriɔritəitə	train
begrotingsprogram	bəχruətəŋspruχram	train
begrotingsprosesse	bəχruətəŋsprusɛsə	train
begrotingsraamwerk	bəχruətəŋsrɑːmvɛrk	train
begrotingsredes	bəχruətəŋsriədəs	train
begrotingstoekennings	bəχruətəŋstukɛnəŋs	train
begrotingswet	bəχruətəŋsvɛt	train
begrotingswetsontwerp	bəχruətəŋsvɛtsɔntvɛrp	train
begunstigde	bəχœnstəχdə	train
begunstiging	bəχœnstəχəŋ	train
behandelde	bəɦandəldə	train
behandelingsplan	bəɦandələŋsplan	train
behandelingsriglyne	bəɦandələŋsrəχləinə	train
behandelingstuin	bəɦandələŋstœyn	test
behandelingsvlak	bəɦandələŋsflak	train
behandelingverskaffer	bəɦandələŋfərskafər	train
behangsels	bəɦaŋsəls	train
beheerdesorg	bəɦiərdəsɔrχ	train
beheerkamer	bəɦiərkɑːmər	train
beheerkantore	bəɦiərkantuərə	train
beheerliggaamverenigings	bəɦiərləχɑːmfəriənəχəŋs	train
beheermaatreëls	bəɦiərmɑːtriəls	train
beheersde	bəɦiərsdə	train
beheerstelsel	bəɦiərstɛlsəl	train
behoeftebepaling	bəɦuftəbəpɑːləŋ	train
behuisingsbegroting	bəɦœysəŋsbəχruətəŋ	test
behuisingseenhede	bəɦœysəŋsiənɦiədə	test
behuisingsektor	bəɦœysəŋsɛktɔr	train
behuisingslewering	bəɦœysəŋsliəvərəŋ	train
behuisingsontwikkeling	bəɦœysəŋsɔntvəkələŋ	train
behuisingsprogram	bəɦœysəŋspruχram	train
behuisingsprogramme	bəɦœysəŋspruχramə	test
behuisingstekorte	bəɦœysəŋstəkɔrtə	train
bekendgemaak	bəkɛntχəmɑːk	train
bekleder	bəkliədər	train
bekleding	bəkliədəŋ	train
beklemmende	bəklɛməndə	train
bekombaar	bəkɔmbɑːr	train
bekragtende	bəkraχtəndə	train
bekragtiging	bəkraχtəχəŋ	train
bekwaamhede	bəkwɑːmɦiədə	train
belaglikheid	bəlaχləkɦəit	test
belaglikste	bəlaχləkstə	train
belangebotsing	bəlaŋəbɔtsəŋ	train
belangebotsings	bəlaŋəbɔtsəŋs	train
belangeforum	bəlaŋəfuərœm	train
belanggestel	bəlaŋχəstɛl	train
belastingaanslag	bəlastəŋɑːnslaχ	train
belastingbasisse	bəlastəŋbɑːsəsə	train
belastingbedrag	bəlastəŋbədraχ	train
belastingbeginsels	bəlastəŋbəχənsəls	train
belastinghantering	bəlastəŋɦantiərəŋ	train
belastinginkome	bəlastəŋənkuəmə	train
belastingkoerse	bəlastəŋkursə	train
belastingkortings	bəlastəŋkɔrtəŋs	train
belastingopgawe	bəlastəŋɔpχɑːvə	test
belastingowerheid	bəlastəŋuəvərɦəit	train
belastingterugbetalings	bəlastəŋtərœχbətɑːləŋs	train
belastingtoegewing	bəlastəŋtuχiəvəŋ	train
belastingvoordeel	bəlastəŋfuərdiəl	train
beledigings	bəliədəχəŋs	train
beleggersvertroue	bəlɛχərsfərtrœuə	test
beleggingsmoontlikhede	bəlɛχəŋsmuəntləkɦiədə	train
beleggingsprojekte	bəlɛχəŋsprujɛktə	train
beleggingsvertroue	bəlɛχəŋsfərtrœuə	train
beleidmaking	bələitmɑːkəŋ	train
beleidsaantekening	bələitsɑːntiəkənəŋ	train
beleidsbeginsels	bələitsbəχənsəls	train
beleidsdoelwitte	bələitsdulvətə	train
beleidsdokument	bələitsdɔkymɛnt	test
beleidskrif	bələitskrəf	train
beleidskrifte	bələitskrəftə	train
beleidsontwikkeling	bələitsɔntvəkələŋ	train
beleidsoorwegings	bələitsuərviəχəŋs	train
beleidsopdragte	bələitsɔpdraχtə	train
beleidsprosedures	bələitsprɔsədyrəs	train
beleidsraamwerke	bələitsrɑːmvɛrkə	train
beleidsriglyne	bələitsrəχləinə	train
beleidsverandering	bələitsfərandərəŋ	train
beleidsverklaring	bələitsfərklɑːrəŋ	train
beleidsvoorskrif	bələitsfuərskrəf	test
beleidsvoorskrifte	bələitsfuərskrəftə	train
beleidsvorming	bələitsfɔrməŋ	train
beleidvoornemens	bələitfuərniəməns	train
bemagtigde	bəmaχtəχdə	test
bemagtigende	bəmaχtəχəndə	train
bemagtigingsprogramme	bəmaχtəχəŋspruχramə	train
bemagtigingsprosesse	bəmaχtəχəŋsprusɛsə	train
bemakings	bəmɑːkəŋs	train
bemanningstal	bəmanəŋstal	train
bemarkingsagentskap	bəmarkəŋsaχɛntskap	train
bemarkingsamestelling	bəmarkəŋsɑːməstɛləŋ	test
bemarkingsdepartement	bəmarkəŋsdəpartəmɛnt	train
bemarkingsfasiliteite	bəmarkəŋsfasəlitəitə	train
bemarkingsinisiatiewe	bəmarkəŋsiniʃiativə	train
bemarkingsitems	bəmarkəŋsətɛms	test
bemarkingskanaal	bəmarkəŋskanɑːl	train
bemarkingskoste	bəmarkəŋskɔstə	train
bemarkingskundiges	bəmarkəŋskœndəχəs	test
bemarkingsproses	bəmarkəŋsprusɛs	train
bemarkingstrategieë	bəmarkəŋstratəχiə	train
bemarkingsverteenwoordigers	bəmarkəŋsfərtiənvuərdəχərs	test
bemiddelings	bəmədələŋs	test
bemiddelingskomitee	bəmədələŋskɔmitiə	test
benadeeldes	bənɑːdiəldəs	train
benaderingtot	bənɑːdərəŋtɔt	train
bendeaktiwiteite	bɛndiaktivitəitə	train
bendebedrywighede	bɛndəbədrəivəχɦiədə	train
bendebewustheidsprogramme	bɛndəbəvœstɦəitspruχramə	train
bendeverkragting	bɛndəfərkraχtəŋ	test
bendevorming	bɛndəfɔrəməŋ	train
bendevriende	bɛndəfrində	train
benedeloop	bəniədəluəp	train
benodigdhede	bənuədəχtɦiədə	train
benoemingsproses	bənuməŋsprusɛs	train
bepalers	bəpɑːlərs	train
beplanners	bəplanərs	train
beplanninghersieningsraad	bəplanəŋɦɛrsinəŋsrɑːt	train
beplanninghersieningsraadlede	bəplanəŋɦɛrsinəŋsrɑːtliədə	train
beplanningsaangeleenthede	bəplanəŋsɑːnχəliəntɦiədə	train
beplanningsaard	bəplanəŋsɑːrt	train
beplanningsake	bəplanəŋsɑːkə	train
beplanningsaktiwiteite	bəplanəŋsaktivitəitə	train
beplanningsappèlle	bəplanəŋsapɛlə	train
beplannings	bəplanəŋs	train
beplanningsdokument	bəplanəŋsdɔkymɛnt	train
beplanningsessie	bəplanəŋsɛsi	train
beplanningsessies	bəplanəŋsɛsis	train
beplanningsinisiatiewe	bəplanəŋsiniʃiativə	train
beplanningsinligting	bəplanəŋsənləχtəŋ	test
beplanningskommissie	bəplanəŋskumisi	test
beplanningspraktyke	bəplanəŋspraktəikə	train
beplanningsprosesse	bəplanəŋsprusɛsə	test
beplanningsraad	bəplanəŋsrɑːt	train
beplanningsvaardighede	bəplanəŋsfɑːrdəχɦiədə	train
beplanningswerk	bəplanəŋsvɛrk	train
beplanningswetgewing	bəplanəŋsvɛtχiəvəŋ	train
beprysing	bəprəisəŋ	train
beraadslaging	bərɑːtslɑːχəŋ	train
beraamde	bərɑːmdə	train
beradingsondersteuning	bərɑːdəŋsɔndərstøːnəŋ	train
berede	bəriədə	train
beredeneerd	bərədəniərt	train
beregting	bərɛχtəŋ	train
berekenaar	bəriəkənɑːr	train
berekeningsfout	bəriəkənəŋsfœut	train
berging	bɛrχəŋ	train
bergingsgedeelte	bɛrχəŋsχədiəltə	train
bergingskoste	bɛrχəŋskɔstə	test
bergstroom	bɛrχstruəm	train
beroepsbeserings	bərupsbəsiərəŋs	train
beroepsetiek	bərupsiətik	train
beroepsgeleenthede	bərupsχəliəntɦiədə	test
beroepsklasse	bərupsklasə	train
beroepsomgewing	bərupsɔmχiəvəŋ	train
beroepsopleiding	bərupsɔpləidəŋ	train
besigheidsadres	biəsəχɦəitsadrɛs	train
besigheidsassosiaat	biəsəχɦəitsasuʃiɑːt	train
besigheidsbelang	biəsəχɦəitsbəlaŋ	train
besigheidsbelange	biəsəχɦəitsbəlaŋə	train
besigheidsdienste	biəsəχɦəitsdinstə	train
besigheidsdoel	biəsəχɦəitsdul	train
besigheidsdoeleindes	biəsəχɦəitsduləindəs	test
besigheidsektor	biəsəχɦəitsɛktɔr	train
besigheidsgebruik	biəsəχɦəitsχəbrœyk	train
besigheidsgedeelte	biəsəχɦəitsχədiəltə	train
besigheidskonsep	biəsəχɦəitskɔnsɛp	train
besigheidskonteks	biəsəχɦəitskɔntɛks	train
besigheidsonderneming	biəsəχɦəitsɔndərniəməŋ	train
besigheidsperseel	biəsəχɦəitspɛrsiəl	train
besigheidsraad	biəsəχɦəitsrɑːt	train
besigheidstudies	biəsəχɦəitstydis	train
besigheidsvaardighede	biəsəχɦəitsfɑːrdəχɦiədə	train
besigste	biəsəχstə	train
besithervorming	bəsətɦɛrfɔrəməŋ	train
besitter	bəsətər	train
beskermingsbevele	bəskɛrməŋsbəfiələ	train
beskermingseenheid	bəskɛrməŋsiənɦəit	train
beskermingsmaatreëls	bəskɛrəməŋsmɑːtriəls	train
beskikkings	bəskəkəŋs	train
beskikkingskomitee	bəskəkəŋskɔmitiə	train
beskuitjies	bəskœykis	train
besoedelaars	bəsudəlɑːrs	train
besoedelings	bəsudələŋs	train
besoedelingsdeeltjies	bəsudələŋsdiəlkis	train
besoedelingsprobleem	bəsudələŋsprubliəm	train
besoekersboek	bəsukərsbuk	train
besoldig	bəsɔldəχ	test
besoldigende	bəsɔldəχəndə	train
besonge	bəsɔŋə	train
besorgheid	bəsɔrχɦəit	train
bespoediging	bəspudəχəŋ	train
bespreekte	bəspriəktə	train
besprekingsdokument	bəspriəkəŋsdɔkymɛnt	train
besprekingsdokumente	bəspriəkəŋsdɔkymɛntə	train
besproeiingsektor	bəspruiəŋsɛktɔr	train
besproeiingskemas	bəspruiəŋskiəmas	train
besproeiingsraad	bəspruiəŋsrɑːt	train
besproeiingstelsel	bəspruiəŋstɛlsəl	train
bestaanbaar	bəstɑːnbɑːr	train
bestaanbaarheid	bəstɑːnbɑːrɦəit	test
bestaanbaarheidsbepaling	bəstɑːnbɑːrɦəitsbəpɑːləŋ	train
bestaanbaarheidskwessie	bəstɑːnbɑːrɦəitskwɛsi	train
bestaandes	bəstɑːndəs	train
bestaansboere	bəstɑːnsburə	train
bestaansveiligheidsbedrog	bəstɑːnsfəiləχɦəitsbədrɔχ	train
bestaansveiligheidstelsel	bəstɑːnsfəiləχɦəitstɛlsəl	train
bestaansvissers	bəstɑːnsfəsərs	train
bestaansvisvang	bəstɑːnsfəsfaŋ	train
bestendiging	bəstɛndəχəŋ	train
bester	bəstər	train
beswaarmakers	bəswɑːrmɑːkərs	train
beswering	bəswiərəŋ	train
besyfering	bəsəifərəŋ	train
betaaldag	bətɑːldaχ	train
betaalmiddele	bətɑːlmədələ	train
betaalstelsel	bətɑːlstɛlsəl	train
betaaltelevisiekanale	bətɑːltələvisikanɑːlə	train
betalers	bətɑːlərs	train
betalinglopie	bətɑːləŋluəpi	train
betalingsadvies	bətɑːləŋsatfis	train
betalingsbewys	bətɑːləŋsbəvəis	train
betekenislose	bətiəkənəsluəsə	train
betiteling	bətitələŋ	train
betrokkeparty	bətrɔkəpartəi	train
betuiging	bətœyχəŋ	train
bevattende	bəfatəndə	train
bevegting	bəfɛχtəŋ	train
beveiligde	bəfəiləχdə	train
beveiligingsplan	bəfəiləχəŋsplan	train
bevestigde	bəfɛstəχdə	train
bevoegde	bəfuχdə	train
bevoegdheidsertifikaat	bəfuχtɦəitsɛrtifikɑːt	train
bevolkingsaanwas	bəfɔlkəŋsɑːnvas	train
bevolkings	bəfɔlkəŋs	train
bevolkingsfaktore	bəfɔlkəŋsfakturə	train
bevolkingsgroep	bəfɔlkəŋsχrup	train
bevolkingsverspreiding	bəfɔlkəŋsfərsprəidəŋ	train
bevolkingsyfer	bəfɔlkəŋsəifər	train
bevoordeeldes	bəfuərdiəldəs	train
bevooroordeel	bəfuəruərdiəl	train
bevooroordeeldheid	bəfuəruərdiəltɦəit	train
bevorderlike	bəfɔrdərləkə	train
bevrugting	bəfrœχtəŋ	train
bevrydingsproses	bəfrəidəŋsprusɛs	train
bewaringbeplanningsbenadering	bəvɑːrəŋbəplanəŋsbənɑːdərəŋ	train
bewaringsboekery	bəvɑːrəŋsbukərəi	train
bewarings	bəvɑːrəŋs	train
bewaringsmaatreëls	bəvɑːrəŋsmɑːtriəls	test
beweegrigting	bəviəχrəχtəŋ	test
bewegingsinne	bəviəχəŋsənə	train
bewegingspraktisyn	bəviəχəŋspraktisəin	train
bewegingsreekse	bəviəχəŋsriəksə	train
bewegingsrigting	bəviəχəŋsrəχtəŋ	train
bewegingstyl	bəviəχəŋstəil	train
bewerkbare	bəvɛrkbɑːrə	train
bewerkstelliger	bəvɛrkstɛləχər	test
bewerkstelliging	bəvɛrkstɛləχəŋ	train
bewilligde	bəvələχdə	train
bewilliging	bəvələχəŋ	train
bewilligings	bəvələχəŋs	train
bewusmaking	bəvœsmɑːkəŋ	train
bewusmakingsessies	bəvœsmɑːkəŋsɛsis	test
bewussynsbeweging	bəvœsəinsbəviəχəŋ	train
bewustheidsprogramme	bəvœstɦəitspruχramə	train
bewysgegronde	bəvəisχəχrɔndə	train
biblioteekdiens	bəbliutiəkdins	train
biblioteekmateriaal	bəbliutiəkmatiəriɑːl	train
biddende	bədəndə	train
biljoene	bəljunə	train
billikheid	bələkɦəit	train
bindend	bəndənt	train
bindmiddele	bəntmədələ	train
binnebaadjie	bənəbɑːiki	train
binnedraad	bənədrɑːt	train
binnedring	bənədrəŋ	train
binnegang	bənəχaŋ	test
binnekleed	bənəkliət	train
binnekoms	bənəkɔms	test
binnelands	bənəlants	train
binnestap	bənəstap	test
binnestroom	bənəstruəm	train
binnewaters	bənəvɑːtərs	train
biodiversiteitsbewaring	biudivɛrsitəitsbəvɑːrəŋ	test
biodiversiteitsdoelwitte	biudivɛrsitəitsdulvətə	train
biodiversiteitstrategie	biudivɛrsitəitstratəχi	train
bioverskeidenheid	biufərskəidənɦəit	train
bitterlik	bətərlək	train
blaarvorm	blɑːrfɔrm	train
bladsyboskrif	blatsəibɔskrəf	train
bladsyonderskrif	blatsəiɔndərskrəf	train
bleikmiddel	bləikmədəl	train
bloederige	bludərəχə	test
bloedmonster	blutmɔnstər	train
blokaanpassing	blukɑːnpasəŋ	train
blokagtig	blukaχtəχ	train
blokkasies	blɔkɑːsis	train
blokkie	blɔki	train
blokvoordeel	blɔkfuərdiəl	train
blommeryk	blɔmərəik	test
blommotiewe	blɔmuətivə	train
blompotte	blɔmpɔtə	train
blootgestelde	bluətχəstɛldə	train
blootstaan	bluətstɑːn	train
blootstellings	bluətstɛləŋs	train
blootstellingspro	bluətstɛləŋspruə	train
blouvintuna	blœufəntyna	train
blywendste	bləivəntstə	train
boedeloorgawe	budəluərχɑːvə	test
boekbesprekings	bukbəspriəkəŋs	train
boekwaarde	bukvɑːrdə	train
boekweek	bukviək	train
boerderybedryf	burdərəibədrəif	test
boerderydoeleindes	burdərəiduləindəs	train
boerderye	burdərəiə	train
boerderyeenheid	burdərəiiənɦəit	train
boerderyinkomste	burdərəiənkɔmstə	train
boerderymetodes	burdərəimətuədəs	train
boerderyonderneming	burdərəiɔndərniəməŋ	train
boerderypraktyke	burdərəipraktəikə	train
boerderystelsels	burdərəistɛlsəls	test
boereverenigings	burəfəriənəχəŋs	train
boerontwikkelingsprogramme	burɔntvəkələŋspruχramə	train
boerse	bursə	train
boersheid	bursɦəit	train
boksagtige	bɔksaχtəχə	train
borgakte	bɔrχaktə	train
borsel	bɔrsəl	train
borsprobleme	bɔrsprubliəmə	train
bosboumaatskappy	bɔsbœumɑːtskapəi	train
bosbouwerksaamhede	bɔsbœuvɛrksɑːmɦiədə	train
bosbrande	bɔsbrandə	test
boskrif	bɔskrəf	train
boswildernisgebiede	bɔsvəldərnəsχəbidə	train
boumateriale	bœumatiəriɑːlə	train
boustandaarde	bœustandɑːrdə	train
boute	bœutə	test
boutegnieke	bœutɛχnikə	train
braak	brɑːk	train
brandbeskerming	brantbəskɛrməŋ	train
brandbeskermingsplanne	brantbəskɛrməŋsplanə	train
brandbeskermingsvereniging	brantbəskɛrməŋsfəriənəχəŋ	train
brandbestandheid	brantbəstantɦəit	train
brandbestryding	brantbəstrəidəŋ	train
brandslaners	brantslɑːnərs	train
brandtraagheid	brantrɑːχɦəit	train
brandverbod	brantfərbɔt	train
brandvoorkomende	brantfuərkuməndə	train
brandweerdiens	brantviərdins	train
breedgebaseerde	briətχəbasiərdə	test
breedsprakigheid	briətsprɑːkəχɦəit	train
breedteligging	briətələχəŋ	train
breekbaar	briəkbɑːr	train
briefgedeeltes	brifχədiəltəs	train
broeiplekke	bruiplɛkə	train
broodrooster	bruədruəstər	train
broodwinners	bruətvənərs	train
brosjures	brɔʒyrəs	train
bruidskat	brœytskat	train
brutaliteit	brytalitəit	train
buidel	bœydəl	train
buitebedding	bœytəbɛdəŋ	train
buitebymekaarkomplek	bœytəbəiməkɑːrkɔmplɛk	train
buitedraad	bœytədrɑːt	train
buitegewoon	bœytəχəvuən	train
buiteheining	bœytəɦəinəŋ	train
buitemate	bœytəmɑːtə	train
buiteoppervlakte	bœytəɔpərflaktə	train
buiteraamwerk	bœytərɑːmvɛrk	train
buiteverbruik	bœytəfərbrœyk	train
burgermeester	bœrχərmiəstər	train
burgermeestersfonds	bœrχərmiəstərsfɔnts	train
burgermeesterstelsel	bœrχərmiəstərstɛlsəl	train
burgerregtebeweging	bœrχərɛχtəbəviəχəŋ	train
burgerstraat	bœrχərstrɑːt	train
bybelvertaler	bəibəlfərtɑːlər	train
bybetalings	bəibətɑːləŋs	train
bydraende	bəidrɑːəndə	train
byeenroep	bəiiənrup	train
bygebou	bəiχəbœu	train
bygelieg	bəiχəliχ	train
bygesit	bəiχəsət	train
bygetel	bəiχətɛl	train
bygewerk	bəiχəvɛrk	train
bygewerkte	bəiχəvɛrktə	train
byhou	bəiɦœu	train
bykomstige	bəikɔmstəχə	train
bymekaarsit	bəiməkɑːrsət	train
bysinne	bəisənə	train
byskrif	bəiskrəf	test
byvangsbeperkings	bəifaŋsbəpɛrkəŋs	train
byvangspesies	bəifaŋspiəsis	train
byvangste	bəifaŋstə	train
byvangstempering	bəifaŋstɛmpərəŋ	train
byvoeding	bəifudəŋ	train
byvoegings	bəifuχəŋs	train
byvoegsel	bəifuχsəl	test
byvoordeel	bəifuərdiəl	train
bywerking	bəivɛrkəŋ	test
bywoorde	bəivuərdə	test
daaragter	dɑːraχtər	train
daarkragtens	dɑːrkraχtəns	test
daarnatoe	dɑːrnatu	train
daarstel	dɑːrstɛl	train
dader	dɑːdər	train
dagboekinskrywings	daχbukənskrəivəŋs	train
dagtoelatings	daχtulɑːtəŋs	train
dagwerkers	daχvɛrkərs	train
dammetjie	damiki	train
dampkap	dampkap	train
dansend	dɑːnsənt	train
dansende	dɑːnsəndə	train
dansgemeenskap	dɑːnsχəmiənskap	train
dansopleiding	dɑːnsɔpləidəŋ	test
dansopvoering	dɑːnsɔpfurəŋ	test
danspraktyke	dɑːnspraktəikə	train
dansverkennings	dɑːnsfərkɛnəŋs	train
databasisontwerp	dɑːtabɑːsəsɔntvɛrp	test
databasisprogram	dɑːtabɑːsəspruχram	test
databasisse	dɑːtabɑːsəsə	train
datahantering	dɑːtaɦantiərəŋ	train
datastelle	dɑːtastɛlə	train
dataversameling	dɑːtafərsɑːmələŋ	train
dataverspreiding	dɑːtafərsprəidəŋ	train
dataverwerkingsdienste	dɑːtafərvɛrkəŋsdinstə	train
datavoorstellings	dɑːtafuərstɛləŋs	train
debattering	dɛbatiərəŋ	train
debatvoering	dəbatfurəŋ	train
debietinskrywing	dəbitənskrəivəŋ	train
debiteur	dɛbitøːr	train
deelnemingsproses	diəlniəməŋsprusɛs	train
deelnemingsprosesse	diəlniəməŋsprusɛsə	train
deelpunte	diəlpœntə	train
deernisvol	diərnəsfɔl	train
defektief	diəfɛktif	test
dekoratiewe	dɛkurativə	train
delegasie	dɛləχɑːsi	train
delegasies	dɛləχɑːsis	train
delegeringsgrondslag	dɛləχiərəŋsχrɔntslaχ	train
delik	dələk	train
denker	dɛŋkər	train
denominasies	dinɔminɑːsis	train
departementeel	dəpartəmɛntiəl	train
departementshoofde	dəpartəmɛntsɦuəfdə	train
deponeer	dɛpuniər	train
deponeerder	dɛpuniərdər	train
deponering	dɛpuniərəŋ	train
derings	dɛrəŋs	test
dertiger	dɛrtəχər	train
dertigers	dɛrtəχərs	train
desentraliseer	diəsɛntralisiər	test
deurbeslag	døːrbəslaχ	train
deurdag	døːrdaχ	train
deurdagte	døːrdaχtə	train
deurgangspermit	døːrχaŋspərmət	train
deurgeskakel	døːrχəskɑːkəl	train
deurleef	døːrliəf	train
deurmeganisme	døːrmɛχanəsmə	train
deurmiddel	døːrmədəl	train
deuropening	døːruəpənəŋ	train
deurskriftelik	døːrskrəftələk	train
deurskynendheid	døːrskəinəntɦəit	test
deursoeker	døːrsukər	train
deursoekings	døːrsukəŋs	train
diagonale	diaχɔnɑːlə	train
diagramme	diaχramə	train
dialooglyne	dialuəχləinə	test
didaktiese	didaktisə	train
dienaangaande	dinɑːnχɑːndə	train
dienooreenkomstige	dinuəriənkɔmstəχə	train
diensbillikheid	dinsbələkɦəit	test
diensgerigtheid	dinsχərəχtɦəit	train
dienskommissies	dinskumisis	test
dienslewerings	dinsliəvərəŋs	train
diensleweringsforums	dinsliəvərəŋsfuərœms	train
diensleweringsklagtes	dinsliəvərəŋsklaχtəs	test
diensleweringsmetodes	dinsliəvərəŋsmətuədəs	train
diensleweringsnorme	dinsliəvərəŋsnɔrmə	train
diensleweringsomgewing	dinsliəvərəŋsɔmχiəvəŋ	train
diensleweringsooreenkoms	dinsliəvərəŋsuəriənkɔms	train
diensleweringstandaard	dinsliəvərəŋstandɑːrt	train
diensleweringstandaarde	dinsliəvərəŋstandɑːrdə	train
diensleweringsuitsette	dinsliəvərəŋsœytsɛtə	train
diensleweringsverbeteringsplan	dinsliəvərəŋsfərbiətərəŋsplan	train
diensleweringsvlakke	dinsliəvərəŋsflakə	train
diensmaagde	dinsmɑːχdə	test
diensmaatskappy	dinsmɑːtskapəi	train
diensontwikkelings	dinsɔntvəkələŋs	train
diensooreenkoms	dinsuəriənkɔms	test
dienspraktyke	dinspraktəikə	train
diensstaat	dinstɑːt	train
diensstasie	dinstɑːsi	train
diensstasies	dinstɑːsis	train
diensstate	dinstɑːtə	train
diensteooreenkoms	dinstiuriənkɔms	train
dienstermyn	dinstɛrməin	train
dienstesektor	dinstəsɛktɔr	train
diensteverskaffers	dinstəfərskafərs	train
dienstig	dinstəχ	train
dienstigheid	dinstəχɦəit	train
diensverhouding	dinsfərɦœudəŋ	train
diensvlakke	dinsflakə	train
diensvlakooreenkoms	dinsflakuəriənkɔms	train
diensvlakooreenkomste	dinsflakuəriənkɔmstə	train
diensvoordele	dinsfuərdiələ	test
diepseevis	dipsiəfəs	train
dierebeskermingsvereniging	dirəbəskɛrməŋsfəriənəχəŋ	train
dieregebruik	dirəχəbrœyk	train
dieregemeenskappe	dirəχəmiənskapə	train
dieresiektes	dirəsiktəs	train
diermateriaal	dirmatiəriɑːl	train
differensiasies	dəfərɛnʃiɑːsis	train
diksie	dəksi	train
dimensies	dəmɛnsis	train
dimensionaliteit	dəmɛnʃiunalitəit	train
dimensioneel	dəmɛnʃiuniəl	train
direkteurgeneraal	dirɛktøːrχənərɑːl	train
direkteurskappe	dirɛktøːrskapə	train
direktief	dirɛktif	train
direktorate	dirɛkturɑːtə	train
disintegreer	dəsəntəχriər	train
diskonteerde	dəskɔntiərdə	train
diskreet	dəskriət	test
diskrete	dəskriətə	test
diskursiewe	dəskœrsivə	train
diskwalifiseer	dəskwalifisiər	train
diskwalifisering	dəskwalifisiərəŋ	train
distorsie	dəstɔrsi	train
distrikmunisipaliteit	dəstrəkmynisipalitəit	train
distriksgesondheidsdienste	dəstrəksχəsɔntɦəitsdinstə	test
distriksmunisipaliteit	dəstrəksmynisipalitəit	train
divergensie	divərχɛnsi	train
diversifiseer	divɛrsifisiər	test
diversifisering	divɛrsifisiərəŋ	train
doeleinde	duləində	train
doelgemaakte	dulχəmɑːktə	train
doelmark	dulmark	train
doelmatige	dulmɑːtəχə	test
doeltreffendheidsvlakke	dultrɛfəntɦəitsflakə	train
doelwittyd	dulvətəit	train
doenlik	dunlək	train
dogmatiese	dɔχmɑːtisə	train
doktersgraad	dɔktərsχrɑːt	train
doktersvoorskrif	dɔktərsfuərskrəf	train
dokumentasiesentrum	dɔkymɛntɑːsisɛntrœm	train
dokumentering	dɔkymɛntiərəŋ	train
dokumenteversameling	dɔkymɛntəfərsɑːmələŋ	train
donasies	dunɑːsis	train
donkerhoek	dɔŋkərɦuk	train
donkerkleurige	dɔŋkərkløːrəχə	train
doodgekrap	duətχəkrap	train
doodloop	duətluəp	train
doodsbegeerte	duətsbəχiərtə	train
doodsdrang	duətsdraŋ	train
doodslag	duətslaχ	train
dorpstraat	dɔrpstrɑːt	train
doseermiddels	dusiərmədəls	train
draadrakke	drɑːtrakə	test
draadwerk	drɑːtvɛrk	train
dragtige	draχtəχə	train
dramaklas	dramaklas	train
dramaoefeninge	drɑːmaufənəŋə	train
dramatiseer	dramɑːtisiər	train
dramatisering	dramɑːtisiərəŋ	train
dramaverwysings	dramafərvəisəŋs	test
drankbeampte	draŋkbəamptə	train
drankbeheerprogram	draŋkbəɦiərpruχram	train
drankgebruik	draŋkχəbrœyk	train
dranklisensie	draŋkləsɛnsi	test
dranklisensiëring	draŋkləsɛnsiiərəŋ	train
drankraad	draŋkrɑːt	train
drawaarde	drɑːvɑːrdə	test
drein	drəin	train
dreineerbekken	drəiniərbɛkən	train
dreineerdigtheid	drəiniərdəχtɦəit	train
dreineringsbekken	drəiniərəŋsbɛkən	train
dreineringsbekkens	drəiniərəŋsbɛkəns	test
dreineringsdigtheid	drəiniərəŋsdəχtɦəit	train
drempelhoeveelhede	drɛmpəlɦufiəlɦiədə	train
driedimensionaliteit	dridəmɛnʃiunalitəit	train
driedimensioneel	dridəmɛnʃiuniəl	train
drieduisend	dridœysənt	test
drinkbaar	drəŋkbɑːr	test
drinkbare	drəŋkbɑːrə	train
drinkwatervoorraad	drəŋkvɑːtərfuərɑːt	train
droging	druəχəŋ	train
droogtetoestande	druəχtətustandə	train
droomkwaliteit	druəmkwalitəit	train
drukkunstenaar	drœkœnstənɑːr	train
drukskrif	drœkskrəf	train
drukstuk	drœkstœk	train
drukstukke	drœkstœkə	train
drukverskynsel	drœkfərskəinsəl	train
dryfkragte	drəifkraχtə	train
dryfmiddel	drəifmədəl	train
dubbelbelasting	dœbəlbəlastəŋ	train
dubbelbelastingooreenkoms	dœbəlbəlastəŋuəriənkɔms	train
dubbelterapie	dœbəltɛrapi	train
dubbelverdiepinggebou	dœbəlfərdipəŋχəbœu	train
dubbelwand	dœbəlvant	train
dubbelwandige	dœbəlvandəχə	train
duiding	dœydəŋ	train
duplisering	duplisiərəŋ	train
dwalinge	dwɑːləŋə	train
dwarsleggende	dwarslɛχəndə	train
dwelmoortredings	dwɛlmuərtriədəŋs	train
eendersheid	iəndərsɦəit	train
eenders	iəndərs	train
eenheidsvierkante	iənɦəitsfirkantə	train
eenhonderd	iənɦɔndərt	train
eenmansake	iənmansɑːkə	train
eensgesinde	iənsχəsəndə	train
eenvoudigheid	iənfœudəχɦəit	train
eerliker	iərləkər	train
eerlikwaar	iərləkvɑːr	train
eerstepersoonsvertelling	iərstəpərsuənsfərtɛləŋ	train
eersvolgende	iərsfɔlχəndə	train
eetgerei	iətχərəi	train
effektebeurse	ifɛktəbøːrsə	test
effektiwiteit	ɛfɛktivitəit	train
eienaarsbelang	əiənɑːrsbəlaŋ	train
eienaarsvereniging	əiənɑːrsfəriənəχəŋ	train
eiendomsbeskadiging	əiəndɔmsbəskɑːdəχəŋ	train
eiendomskostes	əiəndɔmskɔstəs	train
eiendomswaardes	əiəndɔmswɑːrdəs	train
eiendomverhurings	əiəndɔmfərɦyrəŋs	train
eiergrootte	əiərχruətə	test
eieverklaring	əiəfərklɑːrəŋ	train
eindes	əindəs	train
eindgebruiker	əintχəbrœykər	train
eindgebruikers	əintχəbrœykərs	train
eisebetalingsproses	əisəbətɑːləŋsprusɛs	test
eisewaarskuwing	əisəvɑːrskyvəŋ	train
ekostelsel	iəkustɛlsəl	train
eksamennommer	ɛksɑːmənɔmər	train
eksamenproses	ɛksɑːmənprusɛs	train
eksamensessie	ɛksɑːmənsɛsi	train
eksamensessies	ɛksɑːmənsɛsis	train
eksamenwerk	ɛksɑːmənvɛrk	train
eksentriese	ɛksɛntrisə	train
eksistensialisme	ɛksəstɛnʃialəsmə	train
eksistensiële	ɛksəstɛnsiiələ	train
eksponensiële	ɛkspunɛnsiiələ	train
eksposisie	ɛkspuzisi	train
ekspressief	ɛksprɛsif	test
ekspressiewe	ɛksprɛsivə	train
ekspressionisme	ɛksprɛʃiunəsmə	test
ekspressioniste	ɛksprɛʃiunəstə	train
ekspressionistiese	ɛksprɛʃiunəstisə	train
ekspressionisties	ɛksprɛʃiunəstis	train
eksternaliteite	ɛkstɛrnalitəitə	train
elektoraat	ilɛkturɑːt	train
elektrifiseringsprogram	ilɛktrifisiərəŋspruχram	train
elektrisiteitsbesparing	ilɛktrisitəitsbəspɑːrəŋ	train
elektrisiteitskoste	ilɛktrisitəitskɔstə	train
elektrisiteitsmeters	ilɛktrisitəitsmiətərs	train
emissies	iəmisis	train
emmerstelsel	ɛmərstɛlsəl	train
emotiewe	iəmutivə	train
endemies	ɛndiəmis	train
energiedoeltreffende	ɛnərχidultrɛfəndə	test
energiedoeltreffend	ɛnərχidultrɛfənt	train
energiedoeltreffendheid	ɛnərχidultrɛfəntɦəit	train
energiedrankies	ɛnərχidraŋkis	train
energievoorsiening	ɛnərχifuərsinəŋ	train
energiewaarskuwing	ɛnərχivɑːrskyvəŋ	train
engheid	əŋɦəit	test
enkelbedrae	ɛŋkəlbədrɑːə	train
enkelbedryf	ɛŋkəlbədrəif	train
enting	ɛntəŋ	train
epies	iəpis	train
episodies	ɛpisuədis	train
erfenisdag	ɛrfənəsdaχ	train
erfenisdienste	ɛrfənəsdinstə	test
erfenisgebiede	ɛrfənəsχəbidə	train
erfenisgebied	ɛrfənəsχəbit	train
erfenissektor	ɛrfənəsɛktɔr	train
erfenisse	ɛrfənəsə	train
erfenisterreine	ɛrfənəstərəinə	train
erfeniswetgewing	ɛrfənəsvɛtχiəvəŋ	train
ergonomiese	ɛrχunuəmisə	train
ergonomies	ɛrχunuəmis	train
erkentlikheid	ɛrkɛntləkɦəit	train
ervarende	ɛrfɑːrəndə	train
ervaringe	ɛrfɑːrəŋə	train
estetika	ɛstiətika	train
evalueerders	ivalyiərdərs	test
evalueringsdienste	ivalyiərəŋsdinstə	train
evalueringsfunksie	ivalyiərəŋsfœŋksi	train
evalueringsraamwerk	ivalyiərəŋsrɑːmvɛrk	train
evalueringstelsel	ivalyiərəŋstɛlsəl	train
evalueringstelsels	ivalyiərəŋstɛlsəls	test
evalueringsvaardighede	ivalyiərəŋsfɑːrdəχɦiədə	train
evalueringsverslae	ivalyiərəŋsfərslɑːə	train
evalueringsverslag	ivalyiərəŋsfərslaχ	train
ewekansigheid	iəvəkansəχɦəit	train
ewighede	iəvəχɦiədə	train
fabrieksondernemings	fabriksɔndərniəməŋs	train
fabriekswerknemers	fabriksvɛrkniəmərs	train
faksbevestiging	faksbəfɛstəχəŋ	train
faktorisering	fakturisiərəŋ	train
faktorkoste	faktɔrkɔstə	test
faktortoestande	faktɔrtustandə	train
familiële	familiiələ	train
familieverwante	familifərvantə	train
fasilitering	fasəlitiərəŋ	train
fasiliteringsprosesse	fasəlitiərəŋsprusɛsə	train
feitelike	fəitələkə	train
figuratief	fiχyratif	train
filmstel	fəlmstɛl	train
filtreereenheid	fəltriəriənɦəit	train
finalisering	finalisiərəŋ	train
finaliseringsdatum	finalisiərəŋsdɑːtœm	train
finansierings	finansirəŋs	train
finansieringsmodelle	finansirəŋsmudɛlə	test
finansiesinstruksies	finansisənstrœksis	train
flense	flənsə	train
flinkheid	fləŋkɦəit	train
fokusgebiede	fuəkœsχəbidə	train
fondasie	fɔndɑːsi	train
fondsinsameling	fɔntsənsɑːmələŋ	train
formaliseer	fɔrmalisiər	train
formalisering	fɔrmalisiərəŋ	train
formaliteit	fɔrmalitəit	train
formate	fɔrmɑːtə	train
formatiewe	fɔrmativə	train
formattering	fɔrmatiərəŋ	train
formules	fɔrmyləs	train
foutboodskappe	fœutbuətskapə	train
foutiewelik	fœutivələk	train
frases	frɑːsəs	train
frontale	frɔntɑːlə	train
funksiemetode	fœŋksimətuədə	train
funksietoetse	fœŋksitutsə	test
funksionalisme	fœŋkʃiunaləsmə	train
funksioneel	fœŋkʃiuniəl	train
funksionerende	fœŋkʃiuniərəndə	train
gaarmaak	χɑːrmɑːk	train
gaatjies	χɑːikis	train
galvanisering	χalfanisiərəŋ	test
garnaal	χarnɑːl	train
geadministreerde	χəatmənəstriərdə	train
geakkrediteerde	χəakrɛditiərdə	train
geappelleer	χəapəliər	train
gearresteerde	χəarəstiərdə	train
geassesseer	χəasɛsiər	train
gebakte	χəbaktə	train
gebaretaaltolking	χəbɑːrətɑːltɔlkəŋ	train
gebaretaal	χəbɑːrətɑːl	train
gebare	χəbɑːrə	train
gebarste	χəbarstə	train
gebaseerde	χəbasiərdə	train
gebesig	χəbiəsəχ	test
gebeurlikhede	χəbøːrləkɦiədə	train
gebeurteniskuns	χəbøːrtənəskœns	train
gebiedende	χəbidəndə	train
geboetseer	χəbutsiər	train
geboortes	χəbuərtəs	train
geboutjie	χəbœuki	train
gebout	χəbœut	train
gebrandskilderde	χəbrantskəldərdə	test
gebrekkig	χəbrɛkəχ	train
gebrokelyngrafieke	χəbruəkələinχrafikə	train
gebruikersgelde	χəbrœykərsχɛldə	train
gebruikershandleiding	χəbrœykərsɦantləidəŋ	train
gebruikerskonflik	χəbrœykərskɔnflək	train
gebruikerskoppelvlak	χəbrœykərskɔpəlflak	train
gebruikersvan	χəbrœykərsfan	test
gebruikgemaak	χəbrœykχəmɑːk	train
gebruiksregte	χəbrœyksrɛχtə	train
gebruiksreg	χəbrœyksrɛχ	train
gedagterigting	χədaχtərəχtəŋ	train
gedateer	χədatiər	train
gedeeldegroei	χədiəldəχrui	train
gedekoreer	χədɛkuriər	train
gedekriminaliseer	χədiəkrəminalisiər	train
gedekte	χədɛktə	train
gedelegeerde	χədɛliχiərdə	test
gedemonstreer	χədɛmɔnstriər	train
gedenktekens	χədɛŋktiəkəns	train
gedenkteken	χədɛŋktiəkən	train
gedesentraliseerde	χədiəsɛntralisiərdə	train
gedisintegreer	χədəsəntəχriər	train
gedokumenteerde	χədɔkymɛntiərdə	train
gedompelde	χədɔmpəldə	train
gedraaide	χədrɑːidə	train
gedragsprobleme	χədraχsprubliəmə	train
gedramatiseerde	χədramɑːtisiərdə	train
gedrewenheid	χədriəvənɦəit	test
geëlektrifiseerde	χəlɛktrifisiərdə	train
geenwisseling	χiənvəsələŋ	train
geer	χiər	train
geesgenoot	χiəsχənuət	test
geestelikes	χiəstələkəs	train
geestelikheid	χiəstələkɦəit	train
geestesgesondheid	χiəstəsχəsɔntɦəit	train
geestesongestelde	χiəstɛsɔnχəstɛldə	train
geestesongesteldheid	χiəstɛsɔnχəstɛltɦəit	test
geestesongesteld	χiəstɛsɔnχəstɛlt	train
geestespanning	χiəstəspanəŋ	train
gefragmenteerde	χəfraχmɛntiərdə	train
gegalvaniseerde	χəχalfanisiərdə	train
gegenereerde	χəχənəriərdə	train
gegroef	χəχruf	train
gehaltestandaarde	χəɦaltəstandɑːrdə	train
gehalteverbetering	χəɦaltəfərbiətərəŋ	train
geharmonieer	χəɦarmuniiər	train
gehoorapparaat	χəɦuəraparɑːt	train
gehoorgestremdes	χəɦuərχəstrɛmdəs	train
gehoorgestremde	χəɦuərχəstrɛmdə	train
gehoorstukke	χəɦuərstœkə	train
gehoortoetse	χəɦuərtutsə	train
gehoorverlies	χəɦuərfərlis	train
gehospitaliseer	χəɦɔspitalisiər	train
geïllustreerde	χəilœstriərdə	train
geïmplementeerde	χəəmpləmɛntiərdə	train
geïnfekteerde	χəənfɛktiərdə	train
geïnfekteer	χəənfɛktiər	train
geïnformeer	χəənfɔrmiər	train
geïnspekteer	χəənspɛktiər	train
geïnstalleer	χəənstaliər	train
geïnstitusionaliseerde	χəənstətyʃiunalisiərdə	test
geïnstitusionaliseer	χəənstətyʃiunalisiər	train
geïnterpreteer	χəəntɛrprətiər	train
geïn	χəən	train
geïsoleerde	χəisuliərdə	train
geïsoleer	χəisuliər	train
gekapitaliseerde	χəkapitalisiərdə	train
gekarakteriseer	χəkaraktərisiər	train
geklassifiseerde	χəklasifisiərdə	train
gekompileer	χəkɔmpəliər	train
gekompromitteer	χəkɔmpruəmitiər	train
gekonsolideerde	χəkɔnsɔlidiərdə	train
gekonstrueer	χəkɔnstryiər	train
gekontamineerde	χəkɔntaminiərdə	train
gekontrakteer	χəkɔntraktiər	test
gekontroleerde	χəkɔntruliərdə	train
gekontroleerd	χəkɔntruliərt	train
gekoöpteer	χəkuəptiər	test
gekoördineerde	χəkuərdiniərdə	train
gekoördineer	χəkuərdiniər	test
gekorrigeerde	χəkɔriχiərdə	train
gekorrigeer	χəkɔriχiər	train
gekruisde	χəkrœysdə	train
gelaaide	χəlɑːidə	train
geldende	χɛldəndə	test
gelderblom	χɛldərblɔm	train
geldigheidsperiode	χɛldəχɦəitspiəriuədə	train
geldigheidstermyn	χɛldəχɦəitstɛrməin	train
geldprobleme	χɛltprubliəmə	train
geldwaardes	χɛltvɑːrdəs	train
geldwaarde	χɛltvɑːrdə	train
geldwetsontwerpe	χɛltvɛtsɔntvɛrpə	test
geldwetsontwerp	χɛltvɛtsɔntvɛrp	test
geleenthedemaatskappy	χəliəntɦiədəmɑːtskapəi	train
geleentheidsjagter	χəliəntɦəitsjaχtər	train
geleentheidswerker	χəliəntɦəitsvɛrkər	train
geleerdere	χəliərdərə	train
gelegde	χəlɛχdə	train
geleiding	χələidəŋ	train
geleiers	χələiərs	test
geletterdhede	χəlɛtərtɦiədə	train
geletterdheidsprogramme	χəlɛtərtɦəitspruχramə	train
geletterdheidsprojekte	χəlɛtərtɦəitsprujɛktə	test
geletterdheidsvaardighede	χəlɛtərtɦəitsfɑːrdəχɦiədə	train
geletterdheidsvlakke	χəlɛtərtɦəitsflakə	train
geletterd	χəlɛtərt	train
gelet	χəlɛt	train
geliewe	χəlivə	test
geloofbare	χəluəfbɑːrə	train
geloofsdaad	χəluəfsdɑːt	train
geloofsgebaseerde	χəluəfsχəbasiərdə	train
geloofsisteme	χəluəfsəstiəmə	train
geloofsoortuigings	χəluəfsuərtœyχəŋs	test
geloofsopvattings	χəluəfsɔpfatəŋs	train
geloofstelsels	χəluəfstɛlsəls	train
gelukbringertjies	χəlœkbrəŋərkis	train
gelukwensinge	χəlœkvɛnsəŋə	train
gelykbreek	χələikbriək	test
gelykenisse	χələikənəsə	train
gelykheidshersieningskomitee	χələikɦəitsɦɛrsinəŋskɔmitiə	train
gelykheidshof	χələikɦəitsɦɔf	train
gelykheidsplanne	χələikɦəitsplanə	test
gelyklopend	χələikluəpənt	train
gelykluidende	χələiklœydəndə	train
gelyksoortigheid	χələiksuərtəχɦəit	train
gelyksoortig	χələiksuərtəχ	test
gelykstaan	χələikstɑːn	train
gelykvormigheid	χələikfɔrməχɦəit	train
gelykwaardigbeskou	χələikvɑːrdəχbəskœu	train
gelykwaardige	χələikvɑːrdəχə	train
gelykwaardig	χələikvɑːrdəχ	train
gemaakte	χəmɑːktə	test
gemaanskap	χəmɑːnskap	train
gemagnetiseer	χəmaχniətisiər	train
gemaklikheidsfaktor	χəmakləkɦəitsfaktɔr	train
gemakstoel	χəmakstul	train
gemarginaliseer	χəmarχinalisiər	train
gemeenskaplikhede	χəmiənskapləkɦiədə	train
gemeenskaplik	χəmiənskaplək	test
gemeenskapsale	χəmiənskapsɑːlə	train
gemeenskapsargief	χəmiənskapsarχif	train
gemeenskapsentra	χəmiənskapsɛntra	train
gemeenskapsentrums	χəmiənskapsɛntrœms	train
gemeenskapsgebaseerde	χəmiənskapsχəbasiərdə	train
gemeenskapsgeoriënteerde	χəmiənskapsχœuəriɛntiərdə	train
gemeenskapsgerigte	χəmiənskapsχərəχtə	train
gemeenskapsgroeperings	χəmiənskapsχrupiərəŋs	train
gemeenskapsinspraak	χəmiənskapsənsprɑːk	train
gemeenskapskakeling	χəmiənskapskɑːkələŋ	train
gemeenskapskool	χəmiənskapskuəl	train
gemeenskapslede	χəmiənskapsliədə	train
gemeenskapsmisdaad	χəmiənskapsməsdɑːt	train
gemeenskapsnetwerke	χəmiənskapsnɛtvɛrkə	train
gemeenskapsondersteuning	χəmiənskapsɔndərstøːnəŋ	train
gemeenskapsontwikkeling	χəmiənskapsɔntvəkələŋ	train
gemeenskapsorganisasies	χəmiənskapsɔrχanisɑːsis	train
gemeenskapsorganisering	χəmiənskapsɔrχanisiərəŋ	train
gemeenskapspolisieforums	χəmiənskapspulisifuərœms	train
gemeenskapspolisiëring	χəmiənskapspulisiiərəŋ	train
gemeenskapsprogramme	χəmiənskapspruχramə	train
gemeenskapstrukture	χəmiənskapstrœktyrə	train
gemeenskapsveiligheidsforums	χəmiənskapsfəiləχɦəitsfuərœms	train
gemeenskapsveiligheidsforum	χəmiənskapsfəiləχɦəitsfuərœm	train
gemeenskapsverhoudinge	χəmiənskapsfərɦœudəŋə	train
gemeenskapsverteenwoordigers	χəmiənskapsfərtiənvuərdəχərs	train
gemeenskapsvlak	χəmiənskapsflak	train
gemeenskapsvrywilligers	χəmiənskapsfrəivələχərs	test
gemeenskaps	χəmiənskaps	train
gemodelleerde	χəmɔdəliərdə	train
gemodereerde	χəmɔdəriərdə	train
gemodereer	χəmɔdəriər	train
gemoedelike	χəmudələkə	train
gemoedstemminge	χəmutstɛməŋə	train
gemoedstemming	χəmutstɛməŋ	test
gemoniteer	χəmɔnitiər	train
gemotoriseerde	χəmuətərisiərdə	train
generering	χənəriərəŋ	train
gener	χənər	train
genesende	χəniəsəndə	train
genieting	χənitəŋ	train
genivelleerde	χənivəliərdə	train
genomineerdes	χənɔminiərdəs	train
genomineerde	χənɔminiərdə	train
genomineer	χənɔminiər	train
genommer	χənɔmər	test
genote	χənuətə	train
geoes	χœus	test
geopenbaarde	χœuəpənbɑːrdə	train
georiënteerde	χœuəriɛntiərdə	test
geouditeer	χəœudətiər	train
gepaardgaan	χəpɑːrtχɑːn	train
geperforeerde	χəpɛrfuriərdə	train
geperste	χəpɛrstə	train
geplaasde	χəplɑːsdə	train
geplastiseerde	χəplastisiərdə	train
geplas	χəplas	train
gepolisieer	χəpulisiiər	train
gepreserveer	χəprɛsərfiər	train
geproduseerde	χəprɔdysiərdə	train
geprogrammeerde	χəpruχramiərdə	test
geprojekteer	χəprujɛktiər	train
geprosesseerde	χəprɔsɛsiərdə	train
geraakte	χərɑːktə	train
geraasbesoedeling	χərɑːsbəsudələŋ	train
gerangskik	χəraŋskək	train
gerasionaliseer	χəraʃiunalisiər	train
geredeliker	χəriədələkər	test
geredelike	χəriədələkə	train
gereeldheidsvereistes	χəriəltɦəitsfərəistəs	train
gereeldheid	χəriəltɦəit	train
geresepteer	χərɛsɛptiər	train
gereserveer	χərɛsərfiər	train
geriefswaarde	χərifsvɑːrdə	train
geriefswinkel	χərifsvəŋkəl	train
germaans	χɛrmɑːns	train
gerond	χərɔnt	train
gerusgestel	χərœsχəstɛl	train
gesagsliggaam	χəsaχsləχɑːm	train
gesagsposisies	χəsaχspuzisis	train
gesedeer	χəsɛdiər	train
gesekondeer	χəsɛkɔndiər	train
gesekwestreer	χəsɛkwistriər	train
geselekteer	χəsɛlɛktiər	train
gesentraliseerde	χəsɛntralisiərdə	train
gesentraliseer	χəsɛntralisiər	train
gesertifiseer	χəsɛrtifisiər	train
gesif	χəsəf	train
gesimuleerde	χəsəmyliərdə	train
gesinsmaatskaplike	χəsənsmɑːtskapləkə	test
gesinsomgewing	χəsənsɔmχiəvəŋ	train
gesinspeel	χəsənspiəl	train
gesinsverhoudinge	χəsənsfərɦœudəŋə	train
gesinsverhouding	χəsənsfərɦœudəŋ	train
geskakelde	χəskɑːkəldə	test
geskarnierde	χəskarnirdə	train
geskenkverpakking	χəskɛŋkfərpakəŋ	train
geskenkware	χəskɛŋkvɑːrə	train
geskepte	χəskɛptə	train
geskietery	χəskitərəi	train
geskikste	χəskəkstə	train
geskilde	χəskəldə	train
geskommelde	χəskɔməldə	train
geskoold	χəskuəlt	train
geslagsamestelling	χəslaχsɑːməstɛləŋ	train
geslagsgelykheid	χəslaχsχələikɦəit	train
geslagsgeoriënteerde	χəslaχsχœuəriɛntiərdə	train
geslagsgeweld	χəslaχsχəvɛlt	train
geslagskwessies	χəslaχskwɛsis	train
geslagsonderskeid	χəslaχsɔndərskəit	test
geslagsorgane	χəslaχsɔrχɑːnə	train
geslagsregister	χəslaχsrəχəstər	train
geslagsverwante	χəslaχsfərvantə	train
geslagtelikheid	χəslaχtələkɦəit	test
geslotebaantelevisie	χəsluətəbɑːntələvisi	train
geslotekringtelevisie	χəsluətəkrəŋtələvisi	train
gesondes	χəsɔndəs	train
gesondheidsake	χəsɔntɦəitsɑːkə	train
gesondheidsberoepslui	χəsɔntɦəitsbərupslœy	train
gesondheidsbesoeke	χəsɔntɦəitsbəsukə	test
gesondheidsektor	χəsɔntɦəitsɛktɔr	train
gesondheidsfasiliteite	χəsɔntɦəitsfasəlitəitə	train
gesondheidsfasiliteit	χəsɔntɦəitsfasəlitəit	train
gesondheidsgeriewe	χəsɔntɦəitsχərivə	train
gesondheidsgevare	χəsɔntɦəitsχəfɑːrə	train
gesondheidsinligting	χəsɔntɦəitsənləχtəŋ	train
gesondheidsinstellings	χəsɔntɦəitsənstɛləŋs	train
gesondheidsklinieke	χəsɔntɦəitsklənikə	train
gesondheidskwessies	χəsɔntɦəitskwɛsis	test
gesondheidsorgdienste	χəsɔntɦəitsɔrχdinstə	train
gesondheidsorgverskaffers	χəsɔntɦəitsɔrχfərskafərs	train
gesondheidsorgverskaffer	χəsɔntɦəitsɔrχfərskafər	train
gesondheidsorgvoordele	χəsɔntɦəitsɔrχfuərdiələ	train
gesondheidsorgwerkers	χəsɔntɦəitsɔrχvɛrkərs	train
gesondheidspersoneel	χəsɔntɦəitspɛrsuniəl	train
gesondheidsprobleme	χəsɔntɦəitsprubliəmə	train
gesondheidsprofiel	χəsɔntɦəitsprufil	train
gesondheidsprogramme	χəsɔntɦəitspruχramə	train
gesondheidsraad	χəsɔntɦəitsrɑːt	train
gesondheidsregte	χəsɔntɦəitsrɛχtə	train
gesondheidsrekord	χəsɔntɦəitsrɛkɔrt	train
gesondheidsrisikoprofiel	χəsɔntɦəitsrisikuprufil	test
gesondheidstelsel	χəsɔntɦəitstɛlsəl	test
gesondheidstoestande	χəsɔntɦəitstustandə	train
gesondheidstoetse	χəsɔntɦəitstutsə	train
gesondheidsversekeringsbeleid	χəsɔntɦəitsfərsiəkərəŋsbələit	train
gesondheidsversekeringskema	χəsɔntɦəitsfərsiəkərəŋskiəma	train
gesondheidswerkers	χəsɔntɦəitsvɛrkərs	train
gesoneer	χəsuniər	test
gesorteerde	χəsɔrtiərdə	train
gesosialiseer	χəsuəʃialisiər	train
gespesialiseer	χəspɛʃialisiər	train
gestaaf	χəstɑːf	test
gestandaardiseerde	χəstandɑːrdisiərdə	train
gestandaardiseer	χəstandɑːrdisiər	train
gestempel	χəstɛmpəl	train
gesterwe	χəstɛrvə	train
gestik	χəstək	train
gestileerdheid	χəstəliərtɦəit	train
gestileerd	χəstəliərt	train
gestileer	χəstəliər	train
gestippelde	χəstəpəldə	train
gestipuleerde	χəstəpyliərdə	train
gestoorde	χəstuərdə	test
gestoor	χəstuər	train
gestorwenes	χəstɔrvənəs	train
gestrekte	χəstrɛktə	train
gestremdheid	χəstrɛmtɦəit	train
gesyferdheid	χəsəifərtɦəit	train
getabuleerde	χətabyliərdə	train
getallefamilie	χətaləfamili	train
getallekaarte	χətaləkɑːrtə	train
getallepatroon	χətaləpatruən	train
getallesin	χətaləsən	train
getallestelsels	χətaləstɛlsəls	train
getalreekse	χətalriəksə	train
getalsimbole	χətalsəmbulə	train
geteikende	χətəikəndə	test
geteiken	χətəikən	test
getemperde	χətɛmpɛrdə	train
getermineer	χətɛrminiər	train
getoetste	χətutstə	train
getolk	χətɔlk	train
getransformeerde	χətransfɔrmiərdə	test
getroues	χətrœuəs	test
getuiebeskerming	χətœyəbəskɛrməŋ	train
getuiedagvaarding	χətœyədaχfɑːrdəŋ	train
gevaarvlak	χəfɑːrflak	train
gevalideer	χəfalədiər	train
gevangenekamp	χəfaŋənəkamp	train
gevangeneskap	χəfaŋənəskap	test
gevoelloosheid	χəfuluəsɦəit	train
gevonde	χəfɔndə	train
gevorderd	χəfɔrdərt	test
gevrywaar	χəfrəivɑːr	train
gewasgroei	χəvasχrui	train
gewaslande	χəvaslandə	train
gewasproduksie	χəvasprudœksi	train
gewasverbouing	χəvasfərbœuəŋ	train
geweefde	χəviəfdə	train
geweierde	χəvəiərdə	train
geweierkan	χəvəiərkan	train
geweldgeteisterde	χəvɛltχətəistərdə	train
geweldlose	χəvɛltluəsə	train
gewerfde	χəvɛrfdə	test
gewerweldes	χəvɛrvəldəs	train
gewigloosheid	χəvəχluəsɦəit	train
gewigsverspreiding	χəvəχsfərsprəidəŋ	train
gewigswaarde	χəvəχswɑːrdə	train
geworpe	χəvɔrpə	train
gewyde	χəvəidə	train
gewyd	χəvəit	train
gidsplan	χətsplan	train
gierigheid	χirəχɦəit	train
glanspersoonlikhede	χlanspərsuənləkɦiədə	test
godsdiensgebaseerde	χɔtsdinsχəbasiərdə	train
godsdiensinstelling	χɔtsdiɛnsənstɛləŋ	train
godsdienskonflikte	χɔtsdinskɔnfləktə	train
goeddink	χudəŋk	train
goeddunke	χudœŋkə	train
goedertrou	χudərtrœu	train
goedgesindheid	χutχəsəntɦəit	train
goedkeuringsproses	χutkøːrəŋsprusɛs	train
goedvind	χutfənt	train
goeienaand	χuiənɑːnt	train
goewermentsgebou	χuvərmɛntsχəbœu	train
goewermentslaan	χuvərmɛntslɑːn	train
grasmandjies	χrasmaiŋkis	train
gratifikasies	χratifikɑːsis	test
grensbeheermaatreëls	χrɛnsbəɦiərmɑːtriəls	train
grensbeheer	χrɛnsbəɦiər	train
grensgebiede	χrɛnsχəbidə	test
grenskoste	χrɛnskɔstə	train
grint	χrənt	train
groeidoelwitte	χruidulvətə	train
groenbelasting	χrunbəlastəŋ	train
groenboontjies	χrunbuəiŋkis	train
groentekerwer	χruntiəkərvər	train
groepaktiwiteite	χrupaktivitəitə	train
groepbespreking	χrupbəspriəkəŋ	train
groepering	χrupiərəŋ	train
groepontleding	χrupɔntliədəŋ	train
groepprojek	χruprujɛk	train
groepsekretaris	χrupsəkrətɑːrəs	train
groepstelsel	χrupstɛlsəl	train
groepverband	χrupfərbant	train
grofafgewerkte	χrɔfafχəvɛrktə	test
grondbeplanning	χrɔntbəplanəŋ	train
grondbesithervorming	χrɔntbəsətɦɛrfɔrəməŋ	train
grondbeskikbaarheid	χrɔntbəskəkbɑːrɦəit	train
grondbewaringswerke	χrɔntbəvɑːrəŋsvɛrkə	train
grondbewaring	χrɔntbəvɑːrəŋ	train
grondboontjiebotter	χrɔntbuəiŋkibɔtər	train
grondeenhede	χrɔntiənɦiədə	train
grondeenheid	χrɔntiənɦəit	train
grondeienaarskap	χrɔntəiənɑːrskap	train
gronderosiewerke	χrɔntiəruəsivɛrkə	train
gronderosie	χrɔntiəruəsi	train
grondgebiede	χrɔntχəbidə	train
grondgebruikbeplanners	χrɔntχəbrœykbəplanərs	train
grondgebruikbeplanning	χrɔntχəbrœykbəplanəŋ	train
grondgebruikkaart	χrɔntχəbrœykɑːrt	train
grondgebruikregte	χrɔntχəbrœykrɛχtə	train
grondgebruiksone	χrɔntχəbrœyksuənə	train
grondherstel	χrɔntɦɛrstɛl	train
grondherverdelingsprogram	χrɔntɦɛrfərdiələŋspruχram	train
grondherverdeling	χrɔntɦɛrfərdiələŋ	train
grondhervormingsprogramme	χrɔntɦɛrfɔrəməŋspruχramə	train
grondhervormingsprogram	χrɔntɦɛrfɔrəməŋspruχram	train
grondontwikkeling	χrɔntɔntvəkələŋ	train
grondoorsake	χrɔntuərsɑːkə	train
grondoppervlak	χrɔntɔpərflak	train
grondopvullings	χrɔntɔpfœləŋs	test
grondslagfase	χrɔntslaχfɑːsə	train
grondstofmateriaal	χrɔntstɔfmatiəriɑːl	train
grondtoestande	χrɔntustandə	train
grondverkryging	χrɔntfərkrəiχəŋ	test
grondverskuiwing	χrɔntfərskœyvəŋ	train
grondversuring	χrɔntfərsyrəŋ	train
grondvullings	χrɔntfœləŋs	train
grondwaterbronne	χrɔntvɑːtərbrɔnə	test
grondwerk	χrɔntvɛrk	train
grondwetwysiging	χrɔntvɛtvəisəχəŋ	train
grootboek	χruətbuk	train
grootmaat	χruətmɑːt	train
grootsheid	χruətsɦəit	train
grootskaalkaarte	χruətskɑːlkɑːrtə	train
grootwild	χruətvəlt	train
gr	χr	test
haalbaarheidswerk	ɦɑːlbɑːrɦəitsvɛrk	train
haalbare	ɦɑːlbɑːrə	test
haalbundel	ɦɑːlbœndəl	train
haatspraak	ɦɑːtsprɑːk	test
halfgrootte	ɦalfχruətə	train
halfronde	ɦalfrɔndə	train
halvering	ɦalfiərəŋ	train
halwes	ɦɑːlvəs	train
handbewegings	ɦantbəviəχəŋs	train
handdrukker	ɦandrœkər	train
handelaarsdatabasis	ɦandəlɑːrsdɑːtabɑːsəs	train
handelaarslisensie	ɦandəlɑːrsləsɛnsi	train
handeldryf	ɦandəldrəif	train
handeldrywing	ɦandəldrəivəŋ	train
handelende	ɦandələndə	train
handelentiteit	ɦandəlɛntitəit	train
handelgedryf	ɦandəlχədrəif	train
handelsadministrasiekommissie	ɦandəlsatmənəstrɑːsikumisi	train
handelsaktiwiteite	ɦandəlsaktivitəitə	train
handelsbeperking	ɦandəlsbəpɛrkəŋ	train
handelsentiteit	ɦandəlsɛntitəit	train
handelsgeleenthede	ɦandəlsχəliəntɦiədə	train
handelskoue	ɦandəlskœuə	train
handelslisensies	ɦandəlsləsɛnsis	train
handelsplekke	ɦandəlsplɛkə	train
handelspraktyke	ɦandəlspraktəikə	train
handewerk	ɦandəvɛrk	train
handgemaak	ɦantχəmɑːk	train
handgereedskap	ɦantχəriətskap	train
handleidings	ɦantləidəŋs	train
handlyn	ɦantləin	train
handlynvissery	ɦantləinfəsərəi	train
handtegnieke	ɦantɛχnikə	train
handveste	ɦantfɛstə	train
handwerkers	ɦantvɛrkərs	test
handwerk	ɦantvɛrk	train
handwerkindustrie	ɦantvɛrkəndœstri	train
handwerktegniek	ɦantvɛrktɛχnik	train
handwerkvoorwerpe	ɦantvɛrkfuərvɛrpə	train
hangend	ɦaŋənt	train
hanteerbaarheid	ɦantiərbɑːrɦəit	test
hanteringsvaardighede	ɦantiərəŋsfɑːrdəχɦiədə	test
hardheid	ɦartɦəit	train
hardlopende	ɦartluəpəndə	train
hardlywigheid	ɦartləivəχɦəit	train
harigheid	ɦɑːrəχɦəit	train
harmoniseer	ɦarmunisiər	train
harmonisering	ɦarmunisiərəŋ	train
hartafstande	ɦartafstandə	train
hartlikheid	ɦartləkɦəit	train
hawedienste	ɦɑːvədinstə	train
heelheid	ɦiəlɦəit	test
hefbaar	ɦɛfbɑːr	train
heldinne	ɦɛldənə	train
heling	ɦɛləŋ	test
hellende	ɦɛləndə	train
heraangestel	ɦɛrɑːnχəstɛl	train
heraanstelling	ɦɛrɑːnstɛləŋ	train
herbenoem	ɦɛrbənum	train
herbereken	ɦɛrbəriəkən	train
herbruikbare	ɦɛrbrœykbɑːrə	train
herde	ɦɛrdə	train
herdenkings	ɦɛrdɛŋkəŋs	test
herdenkingskunswerk	ɦɛrdɛŋkəŋskœnsvɛrk	train
herdink	ɦɛrdəŋk	train
herevaluering	ɦɛrivalyiərəŋ	train
hergeboorte	ɦɛrχəbuərtə	train
hergroepeer	ɦɛrχrupiər	train
herhaalbare	ɦɛrɦɑːlbɑːrə	train
herhalend	ɦɛrɦɑːlənt	train
herindiensneming	ɦɛrəndinsniəməŋ	train
herinneringshouers	ɦɛrənərəŋsɦœuərs	train
herkapitalisering	ɦɛrkapitalisiərəŋ	train
herkenbaar	ɦɛrkənbɑːr	train
herkenbare	ɦɛrkənbɑːrə	train
herleiding	ɦɛrləidəŋ	train
hermeties	ɦɛrmiətis	train
hernagesien	ɦɛrnɑːχəsin	train
herontdek	ɦɛrɔntdɛk	train
herprioritiseer	ɦɛrpriɔritisiər	train
hersienings	ɦɛrsinəŋs	train
hersieningskomitee	ɦɛrsinəŋskɔmitiə	train
hersieningskonferensie	ɦɛrsinəŋskɔnfərɛnsi	test
hersieningsproses	ɦɛrsinəŋsprusɛs	train
hersoneer	ɦɛrsuniər	train
herstellende	ɦɛrstɛləndə	train
herstellers	ɦɛrstɛlərs	train
herstelmaatreëls	ɦɛrstɛlmɑːtriəls	train
herstelplan	ɦɛrstɛlplan	train
herstelprogram	ɦɛrstɛlpruχram	test
herverbind	ɦɛrfərbənt	train
herverordening	ɦɛrfərɔrdənəŋ	train
hervestigingsontwikkeling	ɦɛrfɛstəχəŋsɔntvəkələŋ	train
hervormingsmaatreëls	ɦɛrfɔrəməŋsmɑːtriəls	train
hervormingsproses	ɦɛrfɔrəməŋsprusɛs	train
herwaardeer	ɦɛrvɑːrdiər	train
herwinde	ɦɛrvəndə	train
herwinnings	ɦɛrvənəŋs	train
hewiger	ɦiəvəχər	train
hg	ɦχ	train
hidrouliese	ɦidrœulisə	train
hierkragtens	ɦirkraχtəns	train
hindoeïsme	ɦənduismə	train
hinkel	ɦəŋkəl	train
hiperskakel	ɦipərskɑːkəl	train
hoekige	ɦukəχə	train
hoenderhuise	ɦundərɦœysə	train
hoëprestasiesentra	ɦuəəprɛstɑːsisɛntra	train
hoërskool	ɦuəərskuəl	train
hoeveelheidslys	ɦufiəlɦəitsləis	train
hoffasiliteite	ɦɔfasəlitəitə	test
hoflik	ɦɔflək	train
hofprosedure	ɦɔfprɔsədyrə	train
hofvoorbereidingsprogramme	ɦɔfuərbərəidəŋspruχramə	train
holisties	ɦuləstis	train
hoofafdelings	ɦuəfafdiələŋs	train
hoofartikels	ɦuəfartikəls	train
hoofaspekte	ɦuəfaspɛktə	train
hoofassistent	ɦuəfasəstɛnt	train
hoofbedryf	ɦuəfbədrəif	train
hoofbedrywighede	ɦuəfbədrəivəχɦiədə	train
hoofberekeninge	ɦuəfbəriəkənəŋə	train
hoofbron	ɦuəfbrɔn	train
hoofdelike	ɦuəfdiələkə	train
hoofdirektorate	ɦuəfdirɛkturɑːtə	train
hoofdoelstellings	ɦuəfdulstɛləŋs	train
hoofgebeure	ɦuəfχəbøːrə	train
hoofhek	ɦuəfɦɛk	train
hoofkantoorgeboue	ɦuəfkantuərχəbœuə	train
hoofklassifikasie	ɦuəfklasifikɑːsi	train
hoofkommissaris	ɦuəfkɔməsɑːrəs	train
hooflid	ɦuəflət	train
hoofmateriale	ɦuəfmatiəriɑːlə	train
hoofnasieners	ɦuəfnɑːsinərs	train
hoofonderwyser	ɦuəfɔndərvəisər	train
hoofoorsake	ɦuəfuərsɑːkə	test
hoofregters	ɦuəfrɛχtərs	train
hoofrekenmeester	ɦuəfriəkənmiəstər	train
hoofsaak	ɦuəfsɑːk	train
hoofsaaklike	ɦuəfsɑːkləkə	train
hoofsin	ɦuəfsən	test
hoofsinne	ɦuəfsənə	train
hoofstappe	ɦuəfstapə	train
hoofstroomprojekte	ɦuəfstruəmprujɛktə	test
hooftrekke	ɦuəftrɛkə	train
hoofveldwagter	ɦuəfɛltvaχtər	train
hoofverskil	ɦuəfərskəl	train
hoofvoordele	ɦuəfuərdiələ	train
hoofvoornemens	ɦuəfuərniəməns	train
hoofwet	ɦuəfvɛt	train
hooggeagte	ɦuəχəaχtə	train
hooglandwaterprojek	ɦuəχlantvɑːtərprujɛk	train
hoogliggende	ɦuəχləχəndə	train
hoogsgeskoolde	ɦuəχsχəskuəldə	train
hoogspanningslyn	ɦuəχspanəŋsləin	train
hoogteverskil	ɦuəχtəfərskəl	train
hoogverraadverhoor	ɦuəχfərɑːtfərɦuər	test
hoopstad	ɦuəpstat	train
hopelose	ɦuəpəluəsə	test
horing	ɦuərəŋ	train
hortjies	ɦɔrkis	train
hortjiespaneel	ɦɔrkispaniəl	train
hospitaliseer	ɦɔspitalisiər	train
hotelletjie	ɦutɛliki	train
hottentotsgot	ɦɔtɛntɔtsχɔt	test
houdinge	ɦœudəŋə	train
huistelefoonnommer	ɦœystɛləfuənɔmər	train
huiswerkondersteuning	ɦœysvɛrkɔndərstøːnəŋ	train
huldiging	ɦœldəχəŋ	train
huldigingsgeleentheid	ɦœldəχəŋsχəliəntɦəit	train
hulpbron	ɦœlpbrɔn	train
hulpbronontwikkeling	ɦœlpbrɔnɔntvəkələŋ	train
hulpbronontwikkelingstrategie	ɦœlpbrɔnɔntvəkələŋstratəχi	train
hulpvaardigheid	ɦœlpfɑːrdəχɦəit	train
hysing	ɦəisəŋ	train
identies	idɛntis	train
identifikasienommer	idɛntifikɑːsinɔmər	train
identifikasieplaatjies	idɛntifikɑːsiplɑːikis	train
identifiseerbaar	idɛntifisiərbɑːr	test
identiteitloos	idɛntitəitluəs	train
identiteitsgevoel	idɛntitəitsχəful	train
illustrasiemateriaal	ilœstrɑːsimatiəriɑːl	train
illustratiewe	ilœstrativə	test
illustreerder	ilœstriərdər	test
immuniteite	imynitəitə	train
implementering	əmpləmɛntiərəŋ	train
implementeringsfase	əmpləmɛntiərəŋsfɑːsə	train
implementerings	əmpləmɛntiərəŋs	train
implementeringsplan	əmpləmɛntiərəŋsplan	test
implementeringsplanne	əmpləmɛntiərəŋsplanə	train
implementeringsprogram	əmpləmɛntiərəŋspruχram	train
implementeringsproses	əmpləmɛntiərəŋsprusɛs	train
implementeringstrategie	əmpləmɛntiərəŋstratəχi	train
improvisasievoordrag	əmpruəvisɑːsifuərdraχ	train
improvisering	əmpruəvisiərəŋ	train
inagname	ənaχnɑːmə	train
inaseming	ənɑːsəməŋ	train
inbelsentrum	ənbɛlsɛntrœm	train
inbetaling	ənbətɑːləŋ	train
indieningsvereistes	əndinəŋsfərəistəs	train
indiensnemingsbeleid	əndinsniəməŋsbələit	train
indiensnemings	əndinsniəməŋs	train
indiensnemingsvoordele	əndinsniəməŋsfuərdiələ	train
indiensnemingsvoorwaardes	əndinsniəməŋsfuərvɑːrdəs	train
indiensopleiding	əndinsɔpləidəŋ	train
indirek	əndirɛk	train
individualisme	əndəvidʒualəsmə	train
individualiste	əndəvidʒualəstə	train
indringerstande	əndrəŋərstandə	train
industrialisasie	əndœstrialisɑːsi	train
industriële	əndœstriiələ	train
ineenstortings	əniənstɔrtəŋs	train
infasering	ənfasiərəŋ	train
infaseringsbenadering	ənfasiərəŋsbənɑːdərəŋ	train
infekteer	ənfɛktiər	train
infestering	ənfɛstiərəŋ	train
ingeblaas	ənχəblɑːs	train
ingebore	ənχəbuərə	train
ingeheel	ənχəɦiəl	train
ingehoue	ənχəɦœuə	train
ingenieursdienste	ənχənøːrsdinstə	train
ingestaan	ənχəstɑːn	train
ingestelde	ənχəstɛldə	train
ingevulde	ənχəfœldə	train
ingewoon	ənχəvuən	train
ingreep	ənχriəp	train
inhandiging	ənɦandəχəŋ	train
inhandig	ənɦandəχ	train
inhoudsvelde	ənɦœutsfɛldə	train
inisiasiekandidate	iniʃiɑːsikandidɑːtə	train
inisieer	iniʃiiər	train
inkomebetalings	ənkuəməbətɑːləŋs	train
inkomelinge	ənkuəmələŋə	test
inkomeling	ənkuəmələŋ	train
inkome	ənkuəmə	train
inkomstebelastingdoeleindes	ənkɔmstəbəlastəŋduləindəs	train
inkomstebelastingnommer	ənkɔmstəbəlastəŋnɔmər	train
inkomstebelastingopgawe	ənkɔmstəbəlastəŋɔpχɑːvə	test
inkomstebelastingwet	ənkɔmstəbəlastəŋvɛt	train
inkomstegedeelte	ənkɔmstəχədiəltə	train
inkomsterekening	ənkɔmstəriəkənəŋ	train
inkomsteverdienste	ənkɔmstəfərdinstə	train
inkomsteverskille	ənkɔmstəfərskələ	train
inkontrakteer	ənkɔntraktiər	train
inkoop	ənkuəp	train
inkorporering	ənkɔrpuriərəŋ	train
inlaat	ənlɑːt	train
inlei	ənləi	train
inlewering	ənliəvərəŋ	train
inlewer	ənliəvər	train
inligtingdienste	ənləχtəŋdinstə	test
inligtingsbank	ənləχtəŋsbaŋk	train
inligtingsblad	ənləχtəŋsblat	train
inligtingsborde	ənləχtəŋsbɔrdə	train
inligtingsdokumente	ənləχtəŋsdɔkymɛntə	test
inligtingsdokument	ənləχtəŋsdɔkymɛnt	train
inligtingsekuriteit	ənləχtəŋsəkyritəit	train
inligtingsekuriteitstandaarde	ənləχtəŋsəkyritəitstandɑːrdə	train
inligtingskanaal	ənləχtəŋskanɑːl	train
inligtingsnetwerke	ənləχtəŋsnɛtvɛrkə	train
inligtingsontwerp	ənləχtəŋsɔntvɛrp	test
inligtingspakket	ənləχtəŋspakɛt	test
inligtingstekens	ənləχtəŋstiəkəns	test
inligtingstelsel	ənləχtəŋstɛlsəl	train
inligtingstelsels	ənləχtəŋstɛlsəls	train
inligtingstukke	ənləχtəŋstœkə	train
inligtingsversameling	ənləχtəŋsfərsɑːmələŋ	test
inligtingsverwerking	ənləχtəŋsfərvɛrkəŋ	train
inligtingversameling	ənləχtəŋfərsɑːmələŋ	train
inligtingverskaffers	ənləχtəŋfərskafərs	train
inlynstelling	ənləinstɛləŋ	train
insake	ənsɑːkə	train
insektekontak	ənsɛktəkɔntak	test
insentief	ənsɛntif	train
insentiewe	ənsɛntivə	train
insetwaardes	ənsɛtvɑːrdəs	train
insit	ənsət	train
inskaduwing	ənskɑːdyvəŋ	train
inskakeling	ənskɑːkələŋ	train
inskiklike	ənskəkləkə	train
inskrywingskoers	ənskrəivəŋskurs	train
inskrywingsyfers	ənskrəivəŋsəifərs	train
insluitingskoerse	ənslœytəŋskursə	train
insluitingskoers	ənslœytəŋskurs	train
insnyding	ənsnəidəŋ	train
inspeksiediens	ənspɛksidins	train
inspeksiekapasiteit	ənspɛksikapasitəit	train
inspeksies	ənspɛksis	train
inspekteer	ənspɛktiər	train
inspirasies	ənspirɑːsis	train
inspringende	ənsprəŋəndə	test
instaatstellende	ənstɑːtstɛləndə	train
instandhoudingskoste	ənstantɦœudəŋskɔstə	train
instandhoudingsvoorrade	ənstantɦœudəŋsfuərɑːdə	train
instemmende	ənstɛməndə	train
instinktiewe	ənstəŋktivə	train
institusionalisering	ənstətyʃiunalisiərəŋ	train
instroombeheer	ənstruəmbəɦiər	train
instruksieblad	ənstrœksiblat	train
instrumentasie	ənstrymɛntɑːsi	train
instrumenteel	ənstrymɛntiəl	train
integraal	əntəχrɑːl	train
integreerde	əntəχriərdə	train
intekenaartoerusting	əntiəkənɑːrturœstəŋ	train
intellektueel	əntəlɛktʃyiəl	train
intellektueles	əntəlɛktʃyələs	train
intelligensieafdeling	əntələχɛnsiafdiələŋ	train
intensiteite	əntɛnsitəitə	train
interafhanklikheid	əntərafɦaŋkləkɦəit	train
interaksies	əntəraksis	train
interkonneksie	əntərkunɛksi	train
internetdienste	əntərnɛtdinstə	train
internskap	əntɛrnskap	train
internskappe	əntɛrnskapə	test
interowerheidsverhoudinge	əntəruəvərɦəitsfərɦœudəŋə	train
interpellasies	əntərpəlɑːsis	train
interpretasies	əntɛrprətɑːsis	train
interpretasievaardighede	əntɛrprətɑːsifɑːrdəχɦiədə	train
interpretering	əntɛrprətiərəŋ	test
interpunksie	əntərpœŋksi	train
interregeringsverhoudings	əntərəχiərəŋsfərɦœudəŋs	test
interseksie	əntərsɛksi	train
intervalle	əntərfalə	train
intervensieprogramme	əntərvɛnsipruχramə	train
intradepartementele	əntradəpartəmɛntiələ	train
intrekking	əntrɛkəŋ	train
inversies	ənvɛrsis	train
invoegings	ənfuχəŋs	train
invoerkoste	ənfurkɔstə	train
invoervervanging	ənfurfərfaŋəŋ	train
invorderbaar	ənfɔrdərbɑːr	train
invorderingskedule	ənfɔrdərəŋskədylə	train
invorderings	ənfɔrdərəŋs	train
invou	ənfœu	train
inwerkinggestel	ənvɛrkəŋχəstɛl	train
irrasionale	iraʃiunɑːlə	test
jaargelde	jɑːrχɛldə	test
jaartelling	jɑːrtələŋ	train
jeugdiges	jøːχdəχəs	train
jeugontwikkeling	jøːχɔntvəkələŋ	train
jeugontwikkelingsprogramme	jøːχɔntvəkələŋspruχramə	train
jongeres	jɔŋərɛs	test
kaalbors	kɑːlbɔrs	train
kaapprovinsie	kɑːpruəfənsi	train
kaartprojeksies	kɑːrtprujɛksis	test
kaartskaal	kɑːrtskɑːl	train
kaartstelsel	kɑːrtstɛlsəl	train
kaartwerk	kɑːrtvɛrk	train
kalenderjare	kalɛndərjɑːrə	test
kalmering	kalmiərəŋ	train
kamele	kamiələ	train
kameraad	kamərɑːt	train
kampering	kampiərəŋ	train
kannetjies	kanikis	test
kansellasies	kansəlɑːsis	train
kansellering	kansəliərəŋ	test
kantoorpersoneel	kantuərpɛrsuniəl	train
kantoorrekenaars	kantuəriəkənɑːrs	train
kantoortoerusting	kantuərturœstəŋ	train
kantoorvan	kantuərfan	train
kapasiteitsbou	kapasitəitsbœu	train
kapasiteitsprobleem	kapasitəitsprubliəm	train
kapitaalbate	kapitɑːlbɑːtə	train
kapitaalbates	kapitɑːlbɑːtəs	train
kapitaalfondse	kapitɑːlfɔntsə	test
kapitaalinhoud	kapitɑːlənɦœut	test
kapitaalintensief	kapitɑːləntɛnsif	train
kapitaalintensiewe	kapitɑːləntɛnsivə	train
kapitaalintensiteit	kapitɑːləntɛnsitəit	train
kapitaalinvestering	kapitɑːlənfɛstiərəŋ	train
kapitaalkoste	kapitɑːlkɔstə	train
kapitaalontwikkelingskoste	kapitɑːlɔntvəkələŋskɔstə	train
kapitaalterugbetalings	kapitɑːltərœχbətɑːləŋs	train
kapitaalverlies	kapitɑːlfərlis	train
kapitaalvorming	kapitɑːlfɔrəməŋ	train
kapitaalvormingstrategie	kapitɑːlfɔrəməŋstratəχi	train
kapitaalwerke	kapitɑːlvɛrkə	train
kapitaalwinsdoeleindes	kapitɑːlvənsduləindəs	train
kapitaliseer	kapitalisiər	train
karakterisering	karaktərisiərəŋ	train
karakterloos	karaktərluəs	train
karaktersketse	karaktərskɛtsə	test
karakterskets	karaktərskɛts	train
karakterstel	karaktərstɛl	train
karakteruitbeelding	karaktərœytbiəldəŋ	train
karaktervoorbereiding	karaktərfuərbərəidəŋ	train
karavaan	karafɑːn	train
karton	kartɔn	train
karweier	karvəiər	train
kasie	kɑːsi	train
kasies	kɑːsis	test
kassies	kasis	train
kategoriseer	katəχurisiər	train
katrolle	katrɔlə	test
kelnerin	kɛlnərən	train
kennisafdeling	kɛnisafdiələŋ	train
kennisafdelings	kɛnisafdiələŋs	train
kennisstellings	kɛnəstɛləŋs	train
kennisstelsels	kɛnəstɛlsəls	train
kennisvelde	kɛnəsfɛldə	train
kenteken	kɛntiəkən	test
keramiek	kɛramik	train
kerkbyeenkomste	kɛrkbəiiənkɔmstə	train
kermisse	kɛrməsə	test
kernaspekte	kɛrnaspɛktə	train
kernelemente	kɛrnələmɛntə	train
kernfunksies	kɛrnfœŋksis	train
kernkenmerke	kɛrŋkənmɛrkə	test
kernkennisstellings	kɛrŋkɛnəstɛləŋs	train
kernkragstasies	kɛrŋkraχstɑːsis	train
kernstabiliteit	kɛrnstabilitəit	train
kernstrategie	kɛrnstratəχi	test
kerwings	kɛrvəŋs	train
kettingsteek	kɛtəŋstiək	train
keuringsinstansie	køːrəŋsənstansi	train
keuringsprosedures	køːrəŋsprɔsədyrəs	train
keuringstrategie	køːrəŋstratəχi	train
kg	kχ	train
kiesersvolk	kisərsfɔlk	test
kilogramme	kiluχramə	train
kiloliter	kilulitər	train
kilometertarief	kilumiətərtarif	train
kinderarbeid	kəndərarbəit	train
kinderboeke	kəndərbukə	train
kinderdiefstal	kəndərdifstal	train
kinderhuise	kəndərɦœysə	train
kinderimmunisasie	kəndɛrimynisɑːsi	train
kinderklaer	kəndərklɑːər	test
kinderklaers	kəndərklɑːərs	train
kinderontwikkeling	kəndərɔntvəkələŋ	train
kinderregte	kəndərɛχtə	train
kindersorgtoelaag	kəndərsɔrχtulɑːχ	test
kindersorgtoelae	kəndərsɔrχtulɑːə	train
kindersterftes	kəndərstɛrftəs	train
kinderversies	kəndərfɛrsis	train
kinderverteller	kəndərfərtɛlər	train
kinderwet	kəndərvɛt	train
kitaarbegeleiding	kitɑːrbəχələidəŋ	train
klaargemaakte	klɑːrχəmɑːktə	train
klagteliggaam	klaχtələχɑːm	train
klagteprosedure	klaχtəprɔsədyrə	train
klagtesdirektoraat	klaχtəsdirɛkturɑːt	train
klagtevorm	klaχtəfɔrm	train
klandisiewaarde	klandisivɑːrdə	train
klankbane	klaŋkbɑːnə	train
klankdempende	klaŋkdɛmpəndə	train
klankeffekte	klaŋkifɛktə	train
klankuitsaaidiens	klaŋkœytsɑːidins	train
klantesorg	klantəsɔrχ	train
klaring	klɑːrəŋ	test
klasbesprekings	klasbəspriəkəŋs	train
klaslisensie	klasləsɛnsi	train
klaslisensies	klasləsɛnsis	train
klasmaats	klasmɑːts	train
klassestelsel	klasəstɛlsəl	test
klassifikasies	klasifikɑːsis	train
klassifikasiestelsels	klasifikɑːsistɛlsəls	train
klassifisering	klasifisiərəŋ	train
kleedstof	kliətstɔf	train
kleinere	kləinərə	train
kleinhandelonderneming	kləinɦandəlɔndərniəməŋ	train
kleinkindjie	kləinkəiŋki	train
kleinlik	kləinlək	train
kleinsakekorporasies	kləinsɑːkəkɔrpurɑːsis	train
kleinskaal	kləinskɑːl	train
kleinspan	kləinspan	train
kleinwild	kləinvəlt	train
klemplasing	klɛmplɑːsəŋ	train
klerke	klɛrkə	train
klerklike	klɛrkləkə	train
kleurgebruik	kløːrχəbrœyk	train
kleuterontwikkelingsentra	kløːtərɔntvəkələŋsɛntra	train
klewerige	kliəvərəχə	train
kliëntediens	kliɛntədins	train
kliëntedienslewering	kliɛntədinsliəvərəŋ	train
kliëntetevredenheid	kliɛntətəfriədənɦəit	train
kliënteverhoudinge	kliɛntəfərɦœudəŋə	test
kliënt	kliɛnt	train
kliënttevredenheid	kliɛntəfriədənɦəit	train
klimaatsberaad	klimɑːtsbərɑːt	test
klimaatsfaktor	klimɑːtsfaktɔr	train
klimaatskommelings	klimɑːtskɔmələŋs	train
klimaatsveranderinge	klimɑːtsfərandərəŋə	train
klimaatverandering	klimɑːtfərandərəŋ	train
kloppe	klɔpə	test
knettering	knɛtərəŋ	test
knipsels	knəpsəls	train
knoopmetodes	knuəpmətuədəs	train
koderingstelsel	kuədiərəŋstɛlsəl	train
kodifisering	kudifisiərəŋ	test
koelbewaringsfasiliteite	kulbəvɑːrəŋsfasəlitəitə	test
koeldrankblikkies	kuldraŋkbləkis	train
koeldrankbottels	kuldraŋkbɔtəls	train
koelmiddel	kulmədəl	train
koelmiddels	kulmədəls	train
koerantartikel	kurantartikəl	train
koerantartikels	kurantartikəls	train
koestering	kustiərəŋ	train
kognitiewe	kɔχnətivə	train
kokkie	kɔki	train
komiteevergaderings	kɔmitiəfərχɑːdərəŋs	train
kommentaarblokkie	kɔməntɑːrblɔki	train
kommentaartekens	kɔməntɑːrtiəkəns	test
kommissieverwante	kumisifərvantə	test
kommissiewet	kumisivɛt	train
kommunale	kɔmynɑːlə	train
kommunikasiebehoeftes	kɔmynikɑːsibəɦuftəs	train
kommunikasiebeleid	kɔmynikɑːsibələit	train
kommunikasiediens	kɔmynikɑːsidins	test
kommunikasiedienste	kɔmynikɑːsidinstə	train
kommunikasiedoeleindes	kɔmynikɑːsiduləindəs	train
kommunikasiefasiliteite	kɔmynikɑːsifasəlitəitə	train
kommunikasiefasiliteit	kɔmynikɑːsifasəlitəit	train
kommunikasiefunksies	kɔmynikɑːsifœŋksis	test
kommunikasiegebeure	kɔmynikɑːsiχəbøːrə	train
kommunikasiekoste	kɔmynikɑːsikɔstə	train
kommunikasiemateriaal	kɔmynikɑːsimatiəriɑːl	train
kommunikasiemiddel	kɔmynikɑːsimədəl	train
kommunikasienetwerkdienste	kɔmynikɑːsinɛtvɛrkdinstə	train
kommunikasienetwerke	kɔmynikɑːsinɛtvɛrkə	train
kommunikasienetwerk	kɔmynikɑːsinɛtvɛrk	train
kommunikasieowerheid	kɔmynikɑːsiuəvərɦəit	train
kommunikasieplan	kɔmynikɑːsiplan	train
kommunikasieprosesse	kɔmynikɑːsiprusɛsə	test
kommunikasiesentrum	kɔmynikɑːsisɛntrœm	test
kommunikasiesentrums	kɔmynikɑːsisɛntrœms	train
kommunikasiesituasies	kɔmynikɑːsisətʃuɑːsis	train
kommunikasiespesialis	kɔmynikɑːsispɛʃialəs	train
kommunikasiestelsel	kɔmynikɑːsistɛlsəl	test
kommunikasietegnologie	kɔmynikɑːsitɛχnuluχi	train
kommunikasievereistes	kɔmynikɑːsifərəistəs	train
kommunikasievloei	kɔmynikɑːsiflui	train
kommunikasievorme	kɔmynikɑːsifɔrmə	test
kommutatiewe	kɔmytativə	train
komparatiewe	kɔmparativə	train
kompartemente	kɔmpartəmɛntə	test
kompas	kɔmpas	train
kompasrigtings	kɔmpasrəχtəŋs	test
kompensasie	kɔmpənsɑːsi	train
kompensering	kɔmpənsiərəŋ	train
komponentkode	kɔmpunɛntkuədə	train
komposisietegnieke	kɔmpuzisitɛχnikə	train
kondenseereenheid	kɔndɛnsiəriənɦəit	train
kondoneer	kɔnduniər	train
kondonering	kɔnduniərəŋ	train
konfiskering	kɔnfiskiərəŋ	train
konflikoplossing	kɔnflikɔplɔsəŋ	train
konfronterend	kɔnfrɔntiərənt	test
koninginne	kuənəŋənə	train
koningklip	kuənəŋkləp	train
konsentrasiekampslagoffers	kɔnsɛntrɑːsikampslaχɔfərs	train
konsepbeleidskrif	kɔnsɛpbələitskrəf	test
konsepbesluit	kɔnsɛpbəslœyt	test
konsepregulasie	kɔnsɛprɛχylɑːsi	train
konseptaalbeleid	kɔnsɛptɑːlbələit	train
konseptualisering	kɔnsɛptʃualisiərəŋ	train
konsepweergawe	kɔnsɛpviərχɑːvə	train
konsertvoordrag	kɔnsɛrtfuərdraχ	train
konstellasie	kɔnstɛlɑːsi	train
konstitusionaliteit	kɔnstətyʃiunalitəit	train
konstitusioneel	kɔnstətyʃiuniəl	train
konstrueer	kɔnstryiər	train
konstruksiebesonderhede	kɔnstrœksibəsɔndərɦiədə	train
konstruksiestelle	kɔnstrœksistɛlə	train
konstruksiewerke	kɔnstrœksivɛrkə	train
konstruksiewerk	kɔnstrœksivɛrk	train
konsultasiewerk	kɔnsœltɑːsivɛrk	test
kontakinligting	kɔntakənləχtəŋ	train
kontaktor	kɔntaktɔr	train
kontantaankope	kɔntantɑːnkuəpə	train
kontantbegroting	kɔntantbəχruətəŋ	train
kontantbetalingsjoernaal	kɔntantbətɑːləŋsjurnɑːl	train
kontantbetalings	kɔntantbətɑːləŋs	train
kontantgrondslag	kɔntantχrɔntslaχ	test
kontantkoste	kɔntantkɔstə	test
kontantontvangstejoernaal	kɔntantɔntfaŋstəjurnɑːl	train
kontanttransaksies	kɔntantransaksis	train
kontantvloeistaat	kɔntantfluistɑːt	train
kontekssensitiwiteit	kɔntɛksɛnsətivitəit	train
kontekste	kɔntɛkstə	train
kontoer	kɔntur	train
kontradiksie	kɔntradəksi	train
kontrakteer	kɔntraktiər	test
kontraktering	kɔntraktiərəŋ	train
kontraste	kɔntrastə	train
kontroleer	kɔntruliər	train
kontrolestelsels	kɔntruələstɛlsəls	train
kontroversieel	kɔntruvərsiiəl	train
kontroversiële	kɔntruvərsiiələ	train
kooktoestelle	kuəktustɛlə	train
koöperatiewe	kuəpərativə	test
koopooreenkomste	kuəpuəriənkɔmstə	train
koopstrokie	kuəpstruəki	train
koorde	kuərdə	train
koördinaatstelsels	kuərdinɑːtstɛlsəls	train
koördineerders	kuərdiniərdərs	train
koördinerende	kuərdiniərəndə	train
koördineringsforum	kuərdiniərəŋsfuərœm	train
koördineringskomitee	kuərdiniərəŋskɔmitiə	train
koord	kuərt	test
koperblaas	kuəpərblɑːs	train
koperkrane	kuəpərkrɑːnə	train
koperskaart	kuəpərskɑːrt	train
kopieer	kuəpiiər	train
kopieregkwessies	kuəpirɛχkwɛsis	train
kopieregte	kuəpirɛχtə	train
kopiëring	kuəpiiərəŋ	train
kopieskrywers	kuəpiskrəivərs	train
koppelteken	kɔpəltiəkən	train
koringlande	kuərəŋlandə	train
korporatief	kɔrpuratif	train
korreksie	kurɛksi	test
korreksies	kurɛksis	train
korreleer	kɔrəliər	train
kortings	kɔrtəŋs	train
kortskiet	kɔrtskit	train
kortsluitings	kɔrtslœytəŋs	train
korttermynvoordele	kɔrtɛrməinfuərdiələ	train
kortverhaal	kɔrtfərɦɑːl	train
kosbaarhede	kɔsbɑːrɦiədə	test
kosmaakdoeleindes	kɔsmɑːkduləindəs	train
kosmetiese	kɔsmiətisə	train
kosmeties	kɔsmiətis	train
kospakkies	kɔspakis	train
kosteberekening	kɔstəbəriəkənəŋ	train
kostedoeltreffendheid	kɔstədultrɛfəntɦəit	test
kostekomponent	kɔstəkɔmpunɛnt	test
kostevlakke	kɔstəflakə	train
kraamprogram	krɑːmpruχram	train
kragaansluiting	kraχɑːnslœytəŋ	train
kragnetwerk	kraχnɛtvɛrk	train
kragonderbreking	kraχɔndərbriəkəŋ	train
kragprodusente	kraχprɔdysɛntə	train
kragstasie	kraχstɑːsi	train
kragverbruik	kraχfərbrœyk	train
kragvoorsiening	kraχfuərsinəŋ	train
kragwasstelsel	kraχvastɛlsəl	train
kraletjies	krɑːlikis	train
kralewerk	krɑːləvɛrk	train
kralewerkkunstenaars	krɑːləvɛrkœnstənɑːrs	train
kredietbeheerbeleid	krəditbəɦiərbələit	test
kredietfasiliteite	krəditfasəlitəitə	train
kredietterme	krəditɛrmə	train
kredietveranderinge	krəditfərandərəŋə	train
krieketstraat	krikətstrɑːt	train
kriminaliteit	krəminalitəit	train
krimpende	krəmpəndə	train
krisissituasies	krisəsətʃuɑːsis	train
kromtrekking	krɔmtrɛkəŋ	train
kruike	krœykə	train
kruisverhoor	krœysfərɦuər	train
kruisverwysing	krœysfərvəisəŋ	train
kruisverwys	krœysfərvəis	test
kulminasie	kœlminɑːsi	train
kultureel	kœltʃyriəl	train
kunsaktiwiteite	kœnsaktivitəitə	train
kunsbeskouing	kœnsbəskœuəŋ	test
kunselemente	kœnsɛləmɛntə	train
kunserfenis	kœnsərfənəs	test
kunshandwerk	kœnsɦantvɛrk	train
kunshandwerkvoorwerpe	kœnsɦantvɛrkfuərvɛrpə	train
kunsindustrieë	kœnsəndœstriə	train
kunsledemaat	kœnsliədəmɑːt	train
kunsmateriaal	kœnsmatiəriɑːl	train
kunsondernemings	kœnsɔndərniəməŋs	train
kunsprodukte	kœnsprudœktə	train
kunssentrum	kœnsɛntrœm	train
kunsskepping	kœnskɛpəŋ	train
kunsskilder	kœnskəldər	train
kunstaal	kœnstɑːl	test
kunstenaarskoöperatief	kœnstənɑːrskuəpəratif	test
kunsterapie	kœnstɛrapi	train
kunsteweek	kœnstəviək	train
kunsuitdrukkings	kœnsœytdrœkəŋs	train
kunsvaardighede	kœnsfɑːrdəχɦiədə	train
kunsvlyt	kœnsfləit	train
kurrikulumontwikkeling	kyrikylœmɔntvəkələŋ	train
kurrikulumverklaring	kyrikylœmfərklɑːrəŋ	train
kusbestemmings	kœsbəstɛməŋs	train
kusgemeenskappe	kœsχəmiənskapə	train
kuslyn	kœsləin	train
kussingoortreksels	kœsəŋuərtrɛksəls	train
kusstaat	kœstɑːt	train
kusstreek	kœstriək	train
kuswetsgehoorsaamheid	kœsvɛtsχəɦuərsɑːmɦəit	train
kwalitatiewe	kwalitativə	train
kwaliteitsbeheer	kwalitəitsbəɦiər	train
kwantifiseer	kwantifisiər	train
kwantitatiewe	kwantitativə	train
kwantiteit	kwantitəit	train
kwantum	kwantœm	train
kwartdraai	kwartdrɑːi	train
kwarte	kwartə	train
kwassie	kwasi	test
kwesbare	kwɛsbɑːrə	train
kykersgebiede	kəikərsχəbidə	train
laagliggende	lɑːχləχəndə	test
laergeskoold	lɑːərχəskuəlt	train
laerklasindividue	lɑːərklɑːsəndəvədyə	train
laminering	laminiərəŋ	train
landboubedryf	lantbœubədrəif	train
landboubedrywe	lantbœubədrəivə	train
landboubesighede	lantbœubiəsəχɦiədə	train
landboudepartemente	lantbœudəpartəmɛntə	train
landboudienste	lantbœudinstə	train
landboudoeleindes	lantbœuduləindəs	train
landbougebruikers	lantbœuχəbrœykərs	test
landbouhervorming	lantbœuɦɛrfɔrəməŋ	test
landboukoöperasies	lantbœukuəpərɑːsis	train
landboukundige	lantbœukœndəχə	train
landbounavorsing	lantbœunɑːfɔrsəŋ	train
landbouproduk	lantbœuprudœk	train
landboustelsel	lantbœustɛlsəl	train
landbouverwerking	lantbœufərvɛrkəŋ	train
landbouvoorligter	lantbœufuərləχtər	train
landbouwerkers	lantbœuvɛrkərs	test
landelikevervoerdienste	landələkəfərfurdinstə	train
landelik	landələk	train
landmagte	lantmaχtə	train
landmeter	lantmiətər	train
landsgenote	lantsχənuətə	train
landskapformaat	lantskapfɔrmɑːt	train
landstoekenning	lantstukɛnəŋ	train
langlyngereedskap	laŋləinχəriətskap	train
langlyn	laŋləin	train
langlynvangste	laŋləinfaŋstə	train
langlynvissery	laŋləinfəsərəi	train
langlynvrystellings	laŋləinfrəistɛləŋs	train
langtermyngevolge	laŋtɛrməinχəfɔlχə	train
langtermynlening	laŋtɛrməinliənəŋ	train
langtermynoorsake	laŋtɛrməinuərsɑːkə	train
langtermynregte	laŋtɛrməinrɛχtə	train
langtermynregtoekenning	laŋtɛrməinrɛχtukɛnəŋ	test
langtermynversekeringspolisse	laŋtɛrməinfərsiəkərəŋspuələsə	train
lasgewing	lasχiəvəŋ	train
lasgewings	lasχiəvəŋs	train
laterale	lɑːtərɑːlə	train
latte	latə	train
ledebelange	liədəbəlaŋə	train
ledigheid	liədəχɦəit	train
leefstyle	liəfstəilə	train
leeraktiwiteite	liəraktivitəitə	train
leerarea	liərɑːria	test
leerareas	liərɑːrias	test
leerareaverklarings	liərɑːriafərklɑːrəŋs	train
leerderafdeling	liərdərafdiələŋ	train
leerderassessering	liərdərasɛsiərəŋ	test
leerdergerigte	liərdərχərəχtə	train
leerdergesentreerd	liərdərχəsɛntriərt	train
leerderprestasie	liərdərprɛstɑːsi	test
leerderprofiel	liərdərprufil	train
leerervaringe	liərɛrfɑːrəŋə	train
leergehalte	liərχəɦaltə	train
leergierige	liərχirəχə	train
leerkonteks	liərkɔntɛks	train
leerlingooreenkoms	liərləŋuəriənkɔms	train
leerlingooreenkomste	liərləŋuəriənkɔmstə	train
leerlingrybewys	liərləŋrəibəvəis	train
leerprestasie	liərprɛstɑːsi	train
leerprogram	liərpruχram	train
leerprogramme	liərpruχramə	train
leerprogramriglyne	liərpruχramrəχləinə	test
leerskoene	liərskunə	train
leersteunmateriaal	liərstøːnmatiəriɑːl	train
leerstoele	liərstulə	train
leerstof	liərstɔf	train
leeruitkoms	liərœytkɔms	train
leeruitkomste	liərœytkɔmstə	train
leerwerk	liərvɛrk	train
leeskringaktiwiteite	liəskrəŋaktivitəitə	train
leeskringdiens	liəskrəŋdins	test
leeskringe	liəskrəŋə	train
leeskringlede	liəskrəŋliədə	train
leeskring	liəskrəŋ	train
leesteken	liəstiəkən	test
leestyd	liəstəit	train
lelies	liəlis	train
lemme	lɛmə	train
lemmetjies	lɛmikis	train
lengteligging	lɛŋtələχəŋ	train
leningskema	liənəŋskiəma	train
leningsooreenkoms	liənəŋsuəriənkɔms	train
leningsvlakke	liənəŋsflakə	train
lerende	liərəndə	train
lese	liəsə	train
lettere	lɛtərə	train
letterkundekompetisies	lɛtərkœndəkɔmpətisis	train
letterkundes	lɛtərkœndəs	train
letterkundig	lɛtərkœndəχ	test
lettertipe	lɛtərtipə	train
lettervers	lɛtərfɛrs	train
lewendes	liəvəndəs	train
lewendigheid	liəvəndəχɦəit	train
lewensbedreigende	liəvənsbədrəiχəndə	train
lewensbestaan	liəvənsbəstɑːn	test
lewensegte	liəvənsɛχtə	train
lewensgetroue	liəvənsχətrœuə	train
lewensgetrou	liəvənsχətrœu	train
lewensgrootte	liəvənsχruətə	train
lewenskwaliteit	liəvənskwalitəit	test
lewensloop	liəvənsluəp	train
lewensprosesse	liəvənsprusɛsə	train
lewensstyl	liəvənstəil	train
lewenstandaarde	liəvənstandɑːrdə	train
lewenstylveranderinge	liəvənstəilfərandərəŋə	train
lewensvaardigheidsopleiding	liəvənsfɑːrdəχɦəitsɔpləidəŋ	train
lewensverwagting	liəvənsfərvaχtəŋ	train
lewenswyses	liəvənsvəisəs	train
leweraar	liəvərɑːr	train
lidmaatskapbeëindigingsbrief	lətmɑːtskapbəəindəχəŋsbrif	train
lidmaatskapkaarte	lətmɑːtskapkɑːrtə	train
lidmaatskapkaart	lətmɑːtskapkɑːrt	train
lidmaatskapnommer	lətmɑːtskapnɔmər	train
lidmaatskapsbelange	lətmɑːtskapsbəlaŋə	train
lidmaatskapsertifikaat	lətmɑːtskapsɛrtifikɑːt	train
liefdegawes	lifdəχɑːvəs	train
liefling	lifləŋ	train
liggaamsbeweging	ləχɑːmsbəviəχəŋ	train
liggaamsdele	ləχɑːmsdiələ	train
liggaamshouding	ləχɑːmsɦœudəŋ	train
liggaamsmonster	ləχɑːmsmɔnstər	train
liggaamsmonsters	ləχɑːmsmɔnstərs	train
liggend	ləχənt	train
liggevulde	ləχəfœldə	train
liggings	ləχəŋs	train
likwidateur	ləkwədatøːr	train
liseer	lisiər	train
lisensiegebiede	ləsɛnsiχəbidə	train
lisensiegelde	ləsɛnsiχɛldə	train
lisensiehouer	ləsɛnsiɦœuər	train
lisensiehouers	ləsɛnsiɦœuərs	train
lisensiekategorie	ləsɛnsikatəχuri	train
lisensienommer	ləsɛnsinɔmər	train
lisensiërings	ləsɛnsiiərəŋs	train
lisensiëringsowerheid	ləsɛnsiiərəŋsuəvərɦəit	train
lisensiëringsprosedure	ləsɛnsiiərəŋsprɔsədyrə	test
lisensiëringsproses	ləsɛnsiiərəŋsprusɛs	train
lisensiëringstelsel	ləsɛnsiiərəŋstɛlsəl	test
lisensiestelsel	ləsɛnsistɛlsəl	train
lisensievoorwaarde	ləsɛnsifuərvɑːrdə	train
lisensievrystelling	ləsɛnsifrəistɛləŋ	train
logisties	luəχəstis	train
lojaliteitsvergoeding	lujalitəitsfərχudəŋ	train
loodskomitees	luətskɔmitiəs	train
loodsprojekte	luətsprujɛktə	train
loonverskille	luənfərskələ	train
loopbaangeleenthede	luəpbɑːnχəliəntɦiədə	train
loopbaanmaatskappy	luəpbɑːnmɑːtskapəi	test
losies	luəsis	train
losmaakbaar	lɔsmɑːkbɑːr	train
losstaande	lɔstɑːndə	train
luistergedrag	lœystərχədraχ	train
luk	lœk	train
lynagtige	ləinaχtəχə	train
lynfunksies	ləinfœŋksis	train
lynkomponente	ləinkɔmpunɛntə	test
lyntjies	ləiŋkis	train
lysting	ləistəŋ	train
maatreël	mɑːtriəl	train
maatskaplik	mɑːtskaplək	train
maatskappyewet	mɑːtskapəiəvɛt	train
maatskappynaam	mɑːtskapəinɑːm	train
maatslae	mɑːtslɑːə	train
maatslag	mɑːtslaχ	train
magtigingsbrief	maχtəχəŋsbrif	train
magtigings	maχtəχəŋs	train
magtigingsnommer	maχtəχəŋsnɔmər	train
maksimaliseer	maksimalisiər	train
malende	mɑːləndə	train
mandae	mandɑːə	train
manskap	manskap	train
markagent	markaχɛnt	train
markbehoeftes	markbəɦuftəs	train
markie	marki	train
markinligting	markənləχtəŋ	train
markperseel	markpɛrsiəl	train
markprys	markprəis	train
marksituasie	marksətʃuɑːsi	train
markstelsel	markstɛlsəl	train
marktoegang	marktuχaŋ	train
markwaardemetode	markvɑːrdəmətuədə	train
maskeragtige	maskəraχtəχə	train
massabeweging	masabəviəχəŋ	train
massabewegings	masabəviəχəŋs	train
massadeelname	masɑːdiəlnɑːmə	test
massageproduseerde	masaχəprɔdysiərdə	train
massaverkoping	masafərkupəŋ	train
massavervaardigde	masafərfɑːrdəχdə	train
massawerkskepping	masavɛrkskɛpəŋ	train
materiaalkoste	matiəriɑːlkɔstə	train
materialistiese	matiərialəstisə	train
matriekstudente	matrikstydɛntə	train
mededaders	miədədɑːdərs	train
mededingingskommissie	miədədəŋəŋskumisi	test
mededingingspraktyke	miədədəŋəŋspraktəikə	train
mededingingsvoorwaardes	miədədəŋəŋsfuərvɑːrdəs	train
medemenslikheid	miədəmɛnsləkɦəit	train
medestryders	miədəstrəidərs	train
medewerking	miədəvɛrkəŋ	train
medewerknemer	miədəvɛrkniəmər	train
mediabetrekkinge	miədiabətrɛkəŋə	train
medianavorsing	miədianɑːfɔrsəŋ	train
mediasie	miədiɑːsi	test
mediesefondse	miədisəfɔntsə	train
mediesefonds	miədisəfɔnts	train
medikasielys	mɛdikɑːsiləis	train
medikasievoorskrif	mɛdikɑːsifuərskrəf	train
mediteer	mɛditiər	train
meegaande	miəχɑːndə	train
meelewing	miəliəvəŋ	train
meerderheidsaandeel	miərdərɦəitsɑːndiəl	train
meerderheidstem	miərdərɦəitstɛm	train
meerderwaardige	miərdərvɑːrdəχə	train
meermin	miərmən	train
meerminne	miərmənə	train
meerstemmige	miərstɛməχə	train
meestegesien	miəstəχəsin	train
meesterkopie	miəstərkuəpi	train
meetbare	miətbɑːrə	train
meeteenhede	miətiənɦiədə	train
meeteenheid	miətiənɦəit	train
meetstelsels	miətstɛlsəls	train
meetvaardighede	miətfɑːrdəχɦiədə	train
meewerkende	miəvɛrkəndə	train
meganisasie	mɛχanisɑːsi	train
memoriseringstegnieke	mɛmurisiərəŋstɛχnikə	train
menger	mɛŋər	test
mengmetodes	mɛŋmətuədəs	train
meningskrif	miənəŋskrəf	train
meningsopname	miənəŋsɔpnɑːmə	train
mensegeoriënteerde	mɛnsəχœuəriɛntiərdə	train
mensehandeldrywing	mɛnsəɦandəldrəivəŋ	train
mensehandel	mɛnsəɦandəl	train
mensekapitaal	mɛnsəkapitɑːl	train
mensereg	mɛnsərɛχ	train
menseregtebeweging	mɛnsərɛχtəbəviəχəŋ	train
menseregtekwessies	mɛnsərɛχtəkwɛsis	train
menseregteopvoeding	mɛnsərɛχtiupfudəŋ	train
menseregtesake	mɛnsərɛχtəsɑːkə	train
menseverhoudinge	mɛnsəfərɦœudəŋə	train
mensgemaak	mɛnsχəmɑːk	train
mensgerigtheid	mɛnsχərəχtɦəit	test
menshoogte	mɛnsɦuəχtə	train
menslikeverhoudings	mɛnsləkəfərɦœudəŋs	train
ment	mɛnt	test
merendeels	miərəndiəls	train
metaalagtige	mətɑːlaχtəχə	train
metaalraamwerk	mətɑːlrɑːmvɛrk	train
metaalverklikkers	mətɑːlfərkləkərs	train
metaalvorm	mətɑːlfɔrəm	test
metaalvorms	mətɑːlfɔrəms	train
metaalwerk	mətɑːlvɛrk	train
metaboliese	miətabulisə	train
meterlesings	miətərliəsəŋs	train
metodologie	mɛtuduluχi	train
metrologie	mɛtrəluχi	train
metropolisie	mɛtruəpulisi	train
middelbreedte	mədəlbriətə	train
middelinkomste	mədələnkɔmstə	train
middellyf	mədələif	test
minderheidsbeheer	məndərɦəitsbəɦiər	train
minderheidsparty	məndərɦəitspartəi	test
mineraaltegnologie	mənərɑːltɛχnuluχi	train
mineraalverwerking	mənərɑːlfərvɛrkəŋ	train
minimaliseer	minimalisiər	train
minimalistiese	minimaləstisə	train
minimumstandaarde	minimœmstandɑːrdə	train
misdaadeenheid	məsdɑːtiənɦəit	train
misdaadvoorkomingpraktyke	məsdɑːtfuərkuməŋpraktəikə	train
misdaadvoorkomingsprogramme	məsdɑːtfuərkuəməŋspruχramə	train
misdaadvoorkomingsprojekte	məsdɑːtfuərkuəməŋsprujɛktə	test
misdaadvoorkomingstrategie	məsdɑːtfuərkuəməŋstratəχi	train
misleidende	məsləidəndə	train
missiestelling	misistɛləŋ	test
misstande	məstandə	train
mistigheid	məstəχɦəit	train
ml	ml	train
mm	m	train
modderbanke	mɔdərbaŋkə	test
modderskerms	mɔdərskɛrms	train
modderstorting	mɔdərstɔrtəŋ	test
modelantwoorde	mudɛlantvuərdə	train
modelleringstegnieke	mɔdəliərəŋstɛχnikə	train
modeneigings	mudənəiχəŋs	train
moderering	mudəriərəŋ	train
modereringsprosedures	mudəriərəŋsprɔsədyrəs	train
modernisme	mudɛrnəsmə	train
modetydskrifte	muədətəitskrəftə	train
moederskant	mudərskant	train
moedersterftesyfers	mudərstɛrftəsəifərs	test
moedertale	mudərtɑːlə	test
moeilikheidmaker	muiləkɦəitmɑːkər	train
moeraslande	muraslandə	train
moerasse	murasə	train
moesies	musis	train
mondeling	mɔndələŋ	train
mondelingse	mɔndələŋsə	train
moniterende	mɔnitiərəndə	test
moniteringsdiens	mɔnitiərəŋsdins	train
moniterings	mɔnitiərəŋs	train
moniteringsprogramme	mɔnitiərəŋspruχramə	train
moniteringsprogram	mɔnitiərəŋspruχram	train
moniteringstelsel	mɔnitiərəŋstɛlsəl	train
moniteringstelsels	mɔnitiərəŋstɛlsəls	train
moniteringsverslae	mɔnitiərəŋsfərslɑːə	train
monolitiese	munulitisə	train
monopolieë	muənuəpuəliə	train
moordsyfer	muərtsəifər	test
motiveringsbronne	muətifiərəŋsbrɔnə	train
motiverings	muətifiərəŋs	train
motoriese	muətuərisə	train
motorvervoerdiens	muətərfərfurdins	train
motorvervoerdienste	muətərfərfurdinstə	train
motorvervoer	muətərfərfur	train
motorvoertuig	muətərfurtœyχ	train
motorwerktuig	muətərvɛrktœyχ	train
motorwinkel	muətərvəŋkəl	train
multifunksioneel	mœltifœŋkʃiuniəl	train
multimedia	mœltəmiədia	test
mynskagte	məinskaχtə	train
naaldwerk	nɑːltvɛrk	train
naaldwerktegnieke	nɑːltvɛrktɛχnikə	train
naamplaatjies	nɑːmplɑːikis	train
naasbestaande	nɑːsbəstɑːndə	train
nadraai	nɑːdrɑːi	train
nageboortelike	nɑːχəbuərtələkə	train
nagemaakte	nɑːχəmɑːktə	train
nagesiende	nɑːχəsində	train
nagtoestande	naχtustandə	train
nakomingskomitee	nɑːkuəməŋskɔmitiə	train
nalatenskappe	nɑːlɑːtənskapə	train
nasiener	nɑːsinər	train
nasien	nɑːsin	train
nasienproses	nɑːsinprusɛs	train
nasienriglyne	nɑːsinrəχləinə	test
nasiensentrum	nɑːsinsɛntrœm	train
naskoolaktiwiteit	nɑːskuəlaktivitəit	test
naslaandiens	nɑːslɑːndins	train
naturalisering	natʃyralisiərəŋ	train
naturalistiese	natʃyraləstisə	train
naturalisties	natʃyraləstis	train
natura	natœra	train
naverkoopdiens	nɑːfərkuəpdins	train
navolgenswaardige	nɑːfɔlχənsvɑːrdəχə	train
navorsingsgebaseerde	nɑːfɔrsəŋsχəbasiərdə	train
navorsings	nɑːfɔrsəŋs	train
navorsingsopdragte	nɑːfɔrsəŋsɔpdraχtə	train
navorsingstegnieke	nɑːfɔrsəŋstɛχnikə	train
navorsingsvaardighede	nɑːfɔrsəŋsfɑːrdəχɦiədə	train
navorsingsverpligtings	nɑːfɔrsəŋsfərpləχtəŋs	train
nedersettingsgrootte	niədərsɛtəŋsχruətə	train
nedersettingspatrone	niədərsɛtəŋspatruənə	train
neerdalende	niərdɑːləndə	train
negentigerjare	niəχəntəχərjɑːrə	train
neigingslyn	nəiχəŋsləin	train
nemers	niəmərs	train
netwerkverskaffer	nɛtvɛrkfərskafər	train
nielewende	niliəvəndə	train
niertjies	nirkis	test
nievoldoening	nifɔldunəŋ	train
nodigeveiligheidskutte	nuədəχəfəiləχɦəitskœtə	train
nodigste	nuədəχstə	train
nodusse	nɔdœsə	train
nominasie	nɔminɑːsi	train
nominasievorm	nɔminɑːsifɔrəm	test
nomineer	nɔminiər	train
nommeridentiteit	nɔmərədɛntitəit	train
nommering	nɔmərəŋ	train
nommeringsplanne	nɔmərəŋsplanə	test
nommeringsplan	nɔmərəŋsplan	train
nommeringstelsel	nɔmərəŋstɛlsəl	train
noodafdelings	nuədafdiələŋs	train
nooddiensnommer	nuədinsnɔmər	train
noodgeval	nuətχəfal	train
noodmaatreëls	nuətmɑːtriəls	train
noodorganisasie	nuədɔrχanisɑːsi	train
noodorganisasies	nuədɔrχanisɑːsis	test
noodsentrums	nuətsɛntrœms	train
noordkapper	nuərtkapər	train
nootwaarde	nuətvɑːrdə	train
notasies	nuətɑːsis	train
notules	nuətyləs	train
nuttigheid	nœtəχɦəit	train
nywerheidsbeleid	nəivərɦəitsbələit	train
nywerheidsfinansiering	nəivərɦəitsfinansirəŋ	train
nywerheidsontwikkelingsbeleid	nəivərɦəitsɔntvəkələŋsbələit	train
nywerheidsontwikkelingsones	nəivərɦəitsɔntvəkələŋzuənəs	test
nywerheidstreek	nəivərɦəitstriək	train
objek	ɔbjɛk	train
offensief	ɔfɛnsif	test
oliefiltreereenheid	uəlifəltriəriənɦəit	train
ombedryfskoste	ɔmbədrəifskɔstə	train
omgekoop	ɔmχəkuəp	train
omgewingsaangeleenthede	ɔmχiəvəŋsɑːnχəliəntɦiədə	train
omgewingsaanwending	ɔmχiəvəŋsɑːnvɛndəŋ	train
omgewingsbates	ɔmχiəvəŋsbɑːtəs	train
omgewingsbegrippe	ɔmχiəvəŋsbəχrəpə	test
omgewingsbeheer	ɔmχiəvəŋsbəɦiər	train
omgewingsbelange	ɔmχiəvəŋsbəlaŋə	train
omgewingsbelang	ɔmχiəvəŋsbəlaŋ	train
omgewingsbeleid	ɔmχiəvəŋsbələit	train
omgewingsbeplanning	ɔmχiəvəŋsbəplanəŋ	train
omgewingsbeskerming	ɔmχiəvəŋsbəskɛrəməŋ	train
omgewingsbewaringswet	ɔmχiəvəŋsbəvɑːrəŋsvɛt	train
omgewingsbronne	ɔmχiəvəŋsbrɔnə	train
omgewingsektorplan	ɔmχiəvəŋsɛktɔrplan	train
omgewingsensitief	ɔmχiəvəŋsɛnsətif	train
omgewingsfunksies	ɔmχiəvəŋsfœŋksis	train
omgewingsgehalte	ɔmχiəvəŋsχəɦaltə	train
omgewingsgeregtigheid	ɔmχiəvəŋsχərɛχtəχɦəit	train
omgewingsgeskille	ɔmχiəvəŋsχəskələ	train
omgewingsgevaar	ɔmχiəvəŋsχəfɑːr	train
omgewingsimpakevaluering	ɔmχiəvəŋsəmpakivalyiərəŋ	test
omgewingsimpakevaluerings	ɔmχiəvəŋsəmpakivalyiərəŋs	train
omgewingsinligting	ɔmχiəvəŋsənləχtəŋ	train
omgewingsintegriteit	ɔmχiəvəŋsəntɛχritəit	train
omgewingsisteme	ɔmχiəvəŋsəstiəmə	test
omgewingsituasie	ɔmχiəvəŋsətʃuɑːsi	test
omgewingskennis	ɔmχiəvəŋskɛnəs	train
omgewingskommissaris	ɔmχiəvəŋskɔməsɑːrəs	train
omgewingskonflikte	ɔmχiəvəŋskɔnfləktə	train
omgewingskonteks	ɔmχiəvəŋskɔntɛks	train
omgewingskontekste	ɔmχiəvəŋskɔntɛkstə	train
omgewingskriteria	ɔmχiəvəŋskrətiəria	train
omgewingskwaliteit	ɔmχiəvəŋskwalitəit	train
omgewingskwessies	ɔmχiəvəŋskwɛsis	train
omgewingsmagtiging	ɔmχiəvəŋsmaχtəχəŋ	train
omgewingsmagtigingsproses	ɔmχiəvəŋsmaχtəχəŋsprusɛs	train
omgewingsontwerp	ɔmχiəvəŋsɔntvɛrp	test
omgewingsontwikkeling	ɔmχiəvəŋsɔntvəkələŋ	train
omgewingsorganisasies	ɔmχiəvəŋsɔrχanisɑːsis	train
omgewingsoudit	ɔmχiəvəŋsœudət	train
omgewingsprojekte	ɔmχiəvəŋsprujɛktə	train
omgewingsprosesse	ɔmχiəvəŋsprusɛsə	train
omgewingsreg	ɔmχiəvəŋsrɛχ	test
omgewingsregte	ɔmχiəvəŋsrɛχtə	train
omgewingstelsel	ɔmχiəvəŋstɛlsəl	train
omgewingstoleransies	ɔmχiəvəŋstɔləransis	train
omgewingsverandering	ɔmχiəvəŋsfərandərəŋ	train
omgewingsverantwoordelikheid	ɔmχiəvəŋsfərantvuərdələkɦəit	train
omgewingsvereniging	ɔmχiəvəŋsfəriənəχəŋ	train
omgewingsvoetspore	ɔmχiəvəŋsfutspuərə	test
omgewingsvolhoubaarheid	ɔmχiəvəŋsfɔlɦœubɑːrɦəit	train
omgewingsvolhoubare	ɔmχiəvəŋsfɔlɦœubɑːrə	test
omgewingsvraagstukke	ɔmχiəvəŋsfrɑːχstœkə	train
omgewingsvriendelike	ɔmχiəvəŋsfrindələkə	train
omgewingswetbeginsels	ɔmχiəvəŋsvɛtbəχənsəls	test
omgewingswetgewing	ɔmχiəvəŋsvɛtχiəvəŋ	train
omgewingswet	ɔmχiəvəŋsvɛt	train
omgewingswoorde	ɔmχiəvəŋsvuərdə	train
omheinings	ɔmɦəinəŋs	train
omkeerstrategie	ɔmkiərstratəχi	train
omseiling	ɔmsəiləŋ	train
omsendskrywe	ɔmsɛntskrəivə	train
omsendskrywes	ɔmsɛntskrəivəs	train
omskeppingsproses	ɔmskɛpəŋsprusɛs	train
omstandig	ɔmstandəχ	train
omstelling	ɔmstɛləŋ	train
omstoot	ɔmstuət	train
omstreke	ɔmstriəkə	test
omval	ɔmfal	train
onbeantwoorde	ɔnbəantvuərdə	train
onbehaaglikheid	ɔnbəɦɑːχləkɦəit	train
onbehandelbare	ɔnbəɦandəlbɑːrə	train
onbehandelde	ɔnbəɦandəldə	train
onbeheerbaar	ɔnbəɦiərbɑːr	train
onbeheerbare	ɔnbəɦiərbɑːrə	train
onbekombaar	ɔnbəkɔmbɑːr	train
onbelangstellendheid	ɔnbəlaŋstɛləntɦəit	train
onbeplande	ɔnbəplandə	train
onbeplan	ɔnbəplan	train
onbesoedelde	ɔnbəsudəldə	train
onbesonge	ɔnbəsɔŋə	train
onbestaanbaar	ɔnbəstɑːnbɑːr	train
onbetrokkenheid	ɔnbətrɔkənɦəit	train
onbetroubare	ɔnbətrœubɑːrə	train
onbevoegdheid	ɔnbəfuχtɦəit	train
onbevooroordeelde	ɔnbəfuəruərdiəldə	train
onbevredigende	ɔnbəfriədəχəndə	train
onbewerkte	ɔnbəvɛrktə	train
onderaanbod	ɔndərɑːnbɔt	train
onderbaadjies	ɔndərbɑːikis	train
onderbediende	ɔndərbədində	train
onderbegroot	ɔndərbəχruət	train
onderbeklemtoning	ɔndərbəklɛmtunəŋ	test
onderbesteding	ɔndərbəstiədəŋ	train
onderbrekings	ɔndərbriəkəŋs	train
onderburgermeester	ɔndərbœrχərmiəstər	train
onderdrukkers	ɔndərdrœkərs	test
onderdrukkings	ɔndərdrœkəŋs	train
onderente	ɔndərɛntə	train
ondergewig	ɔndərχəvəχ	train
onderhandelbaar	ɔndərɦandəlbɑːr	train
onderhandelbare	ɔndərɦandəlbɑːrə	train
onderhawige	ɔndərɦɑːvəχə	train
onderhoudstoerusting	ɔndərɦœutsturœstəŋ	test
onderhoudswerk	ɔndərɦœutsvɛrk	train
onderhulle	ɔndərɦœlə	train
onderkante	ɔndərkantə	train
ondermynde	ɔndərməində	train
ondermynende	ɔndərməinəndə	train
ondernemingsontwikkeling	ɔndərniəməŋsɔntvəkələŋ	train
onderoffisier	ɔndərɔfəsir	train
onderontwikkelde	ɔndərɔntvəkəldə	train
onderplaat	ɔndərplɑːt	train
onderprestasie	ɔndərprɛstɑːsi	train
onderrapporteer	ɔndərapɔrtiər	test
onderrekenmeester	ɔndəriəkənmiəstər	train
onderrigmiddel	ɔndərəχmədəl	train
onderrigtyd	ɔndərəχtəit	train
onderskeidend	ɔndərskəidənt	train
onderskepper	ɔndərskɛpər	train
onderskepping	ɔndərskɛpəŋ	train
ondersoekdiens	ɔndərsukdins	train
ondersoekdoeleindes	ɔndərsukduləindəs	train
ondersoekeenhede	ɔndərsukiənɦiədə	train
ondersoekende	ɔndərsukəndə	train
ondersoekmetodes	ɔndərsukmətuədəs	train
ondersoekplan	ɔndərsukplan	train
ondersoekproses	ɔndərsukprusɛs	train
ondersoekprosesse	ɔndərsukprusɛsə	train
ondersoekterreine	ɔndərsuktərəinə	train
ondersoekvaardighede	ɔndərsukfɑːrdəχɦiədə	train
ondersteunde	ɔndərstøːndə	train
ondersteuningsdiens	ɔndərstøːnəŋsdins	train
ondersteuningsdoelwitte	ɔndərstøːnəŋsdulvətə	train
ondersteuningsfunksies	ɔndərstøːnəŋsfœŋksis	train
ondersteuningsgroep	ɔndərstøːnəŋsχrup	train
ondersteuningsmaatreëls	ɔndərstøːnəŋsmɑːtriəls	train
ondersteuningsmiddele	ɔndərstøːnəŋsmədələ	train
ondersteunings	ɔndərstøːnəŋs	test
ondersteuningsprogramme	ɔndərstøːnəŋspruχramə	test
ondersteuningsprogram	ɔndərstøːnəŋspruχram	train
onderstok	ɔndərstɔk	train
onderstreping	ɔndərstriəpəŋ	train
ondertekenaar	ɔndərtiəkənɑːr	train
ondertekende	ɔndərtiəkəndə	train
ondertone	ɔndərtuənə	train
onderverdeelde	ɔndərfərdiəldə	train
onderverdeling	ɔndərfərdiələŋ	train
onderverdelingsplan	ɔndərfərdiələŋsplan	train
ondervoed	ɔndərfut	train
ondervraagde	ɔndərfrɑːχdə	train
ondervragingsessie	ɔndərfrɑːχəŋsɛsi	train
onderwerpmateriaal	ɔndərvɛrpmatiəriɑːl	train
onderwerpverslag	ɔndərvɛrpfərslaχ	test
onderwysaktiwiteite	ɔndərvəisaktivitəitə	train
onderwysbegroting	ɔndərvəisbəχruətəŋ	train
onderwysbegrotings	ɔndərvəisbəχruətəŋs	train
onderwysbehoeftes	ɔndərvəisbəɦuftəs	train
onderwysdistrik	ɔndərvəisdəstrək	train
onderwysergeleide	ɔndərvəisərχələidə	train
onderwyserskorps	ɔndərvəisərskɔrps	test
onderwysevaluasie	ɔndərvəisivalyɑːsi	train
onderwysgeleenthede	ɔndərvəisχəliəntɦiədə	train
onderwysgesag	ɔndərvəisχəsaχ	train
onderwysleiers	ɔndərvəisləiərs	train
onderwysministers	ɔndərvəismənəstərs	train
onderwysparlement	ɔndərvəisparləmɛnt	train
onderwyspersoneel	ɔndərvəispɛrsuniəl	train
onderwyssektor	ɔndərvəisɛktɔr	train
onderwysstelsels	ɔndərvəistɛlsəls	test
onderwystoekennings	ɔndərvəistukɛnəŋs	train
onderwysvakbonde	ɔndərvəisfakbɔndə	train
onderwyswet	ɔndərvəisvɛt	train
ondeurdagte	ɔndøːrdaχtə	train
ondeurdringbare	ɔndøːrdrəŋbɑːrə	train
ondigte	ɔndəχtə	train
ondrukking	ɔndrœkəŋ	train
ondubbelsinnig	ɔndœbəlsənəχ	train
oneerlike	ɔniərləkə	train
oneerlikheid	ɔniərləkɦəit	train
ongeaffekteer	ɔnχəafɛktiər	train
ongebruiklike	ɔnχəbrœykləkə	train
ongebruik	ɔnχəbrœyk	train
ongedissiplineerdheid	ɔnχədəsipliniərtɦəit	train
ongegroepeerde	ɔnχəχrupiərdə	test
ongekompliseerd	ɔnχəkɔmplisiərt	train
ongekonsolideerde	ɔnχəkɔnsɔlidiərdə	train
ongeldigheid	ɔnχɛldəχɦəit	train
ongeletterde	ɔnχəlɛtərdə	train
ongeletterdheid	ɔnχəlɛtərtɦəit	test
ongeletterd	ɔnχəlɛtərt	train
ongelyk	ɔnχələik	test
ongenoteer	ɔnχənutiər	train
ongeoorloof	ɔnχœuərluəf	train
ongepubliseerd	ɔnχəpœblisiərt	train
ongereeld	ɔnχəriəlt	test
ongereguleerde	ɔnχərɛχyliərdə	train
ongereguleerd	ɔnχərɛχyliərt	train
ongerekonsilieerde	ɔnχəriəkɔnsiliiərdə	train
ongesien	ɔnχəsin	train
ongeskikte	ɔnχəskəktə	train
ongeskiktheid	ɔnχəskəktɦəit	train
ongeskiktheidstoelae	ɔnχəskəktɦəitstulɑːə	train
ongesonde	ɔnχəsɔndə	train
ongetekende	ɔnχətiəkəndə	train
ongetransformeerde	ɔnχətransfɔrmiərdə	train
ongetroud	ɔnχətrœut	train
ongevallesyfer	ɔnχəfaləsəifər	train
ongevestigde	ɔnχəfɛstəχdə	train
ongewensde	ɔnχəvɛnsdə	train
ongewerweldes	ɔnχəvɛrvəldəs	test
oningevorderde	ɔnənχəfɔrdərdə	train
onkologie	ɔnkuluχi	test
onkonvensionele	ɔnkɔnfɛnʃiuniələ	train
onkruiddoders	ɔnkrœyduədərs	test
onlogies	ɔnluχis	test
onmededingend	ɔnmiədədəŋənt	train
onmenslikheid	ɔnmɛnsləkɦəit	train
onmisbaarheid	ɔnməsbɑːrɦəit	train
onopgemaakte	ɔnɔpχəmɑːktə	test
onpartydigheid	ɔnpartəidəχɦəit	train
onreëlmatige	ɔnriəlmɑːtəχə	test
onreëlmatighede	ɔnriəlmɑːtəχɦiədə	test
onreëlmatigheid	ɔnriəlmɑːtəχɦəit	train
onsamehangende	ɔnsɑːməɦaŋəndə	train
onsterflik	ɔnstɛrflək	test
onsuiwerhede	ɔnsœyvərɦiədə	train
ontberinge	ɔntbiərəŋə	train
ontberings	ɔntbiərəŋs	train
ontblote	ɔntbluətə	train
ontboeseming	ɔntbusəməŋ	train
ontbrand	ɔntbrant	test
ontbrekend	ɔntbriəkənt	train
ontdekkings	ɔntdɛkəŋs	test
ontdekkingstog	ɔntdɛkəŋstɔχ	train
ontginningstrategie	ɔntχənəŋstratəχi	train
ontkleding	ɔntkliədəŋ	train
ontmagtig	ɔntmaχtəχ	train
ontmoetingsplek	ɔntmutəŋsplɛk	train
ontoeganklikheid	ɔntuχaŋkləkɦəit	train
ontoeganklik	ɔntuχaŋklək	train
ontoegedeelde	ɔntuχədiəldə	train
ontoelaatbaarheid	ɔntulɑːtbɑːrɦəit	train
ontoepaslike	ɔntupasləkə	train
ontoereikende	ɔnturəikəndə	test
ontoereikend	ɔnturəikənt	train
ontplofbare	ɔntplɔfbɑːrə	train
ontrek	ɔntrɛk	train
ontsmettingsmiddel	ɔntsmɛtəŋsmədəl	train
ontsmettingsmiddels	ɔntsmɛtəŋsmədəls	test
ontspanningsaktiwiteite	ɔntspanəŋsaktivitəitə	test
ontspanningsektor	ɔntspanəŋsɛktɔr	train
ontspanningsfasiliteit	ɔntspanəŋsfasəlitəit	train
ontspanningsgebruikers	ɔntspanəŋsχəbrœykərs	train
ontspanningsoorde	ɔntspanəŋsuərdə	train
ontspanningsterreine	ɔntspanəŋstərəinə	test
ontspanningsvissers	ɔntspanəŋsfəsərs	train
ontspanningvelde	ɔntspanəŋfɛldə	test
ontstekings	ɔntstiəkəŋs	train
ontvangbaar	ɔntfaŋbɑːr	train
ontvangbare	ɔntfaŋbɑːrə	train
ontvangserkenning	ɔntfaŋsərkɛnəŋ	test
ontvangsplek	ɔntfaŋsplɛk	train
ontvangvoorsien	ɔntfaŋfuərsin	test
ontvolking	ɔntfɔlkəŋ	train
ontwerpbeginsel	ɔntvɛrpbəχənsəl	train
ontwerpbesighede	ɔntvɛrpbiəsəχɦiədə	test
ontwerpbesigheid	ɔntvɛrpbiəsəχɦəit	train
ontwerpbesluite	ɔntvɛrpbəslœytə	train
ontwerpbewegings	ɔntvɛrpbəviəχəŋs	test
ontwerpdissipline	ɔntvɛrpdəsiplinə	train
ontwerpelemente	ɔntvɛrpɛləmɛntə	train
ontwerpkompetisies	ɔntvɛrpkɔmpətisis	train
ontwerpmaatskappy	ɔntvɛrpmɑːtskapəi	train
ontwerppraktyke	ɔntvɛrpraktəikə	train
ontwerppraktyk	ɔntvɛrpraktəik	train
ontwerpprodukte	ɔntvɛrprudœktə	train
ontwerpsaspekte	ɔntvɛrpsaspɛktə	train
ontwerpskenmerke	ɔntvɛrpskɛnmɛrkə	train
ontwerpskoling	ɔntvɛrpskuləŋ	train
ontwerpstyle	ɔntvɛrpstəilə	train
ontwerptaal	ɔntvɛrptɑːl	train
ontwerpvermoë	ɔntvɛrpfərmuəə	train
ontwikkelingsaansoeke	ɔntvəkələŋsɑːnsukə	train
ontwikkelingsaansoek	ɔntvəkələŋsɑːnsuk	train
ontwikkelingsagentskappe	ɔntvəkələŋsaχɛntskapə	train
ontwikkelingsake	ɔntvəkələŋsɑːkə	test
ontwikkelingsbeginsels	ɔntvəkələŋsbəχənsəls	train
ontwikkelingsbehoeftes	ɔntvəkələŋsbəɦuftəs	test
ontwikkelingsbeleid	ɔntvəkələŋsbələit	train
ontwikkelingsbeplanningdoel	ɔntvəkələŋsbəplanəŋdul	train
ontwikkelingsbeplanningsaard	ɔntvəkələŋsbəplanəŋsɑːrt	train
ontwikkelingsbevordering	ɔntvəkələŋsbəfɔrdərəŋ	train
ontwikkelingsdoelwitte	ɔntvəkələŋsdulvətə	train
ontwikkelingsdruk	ɔntvəkələŋsdrœk	train
ontwikkelingsfasilitering	ɔntvəkələŋsfasəlitiərəŋ	train
ontwikkelingsgeleenthede	ɔntvəkələŋsχəliəntɦiədə	train
ontwikkelingsgemeenskap	ɔntvəkələŋsχəmiənskap	train
ontwikkelingsgerigte	ɔntvəkələŋsχərəχtə	test
ontwikkelingsgroep	ɔntvəkələŋsχrup	test
ontwikkelingsinisiatiewe	ɔntvəkələŋsiniʃiativə	train
ontwikkelingsinstrumente	ɔntvəkələŋsənstrymɛntə	test
ontwikkelingskorridor	ɔntvəkələŋskɔridɔr	test
ontwikkelingsland	ɔntvəkələŋslant	train
ontwikkelingsliggame	ɔntvəkələŋsləχɑːmə	train
ontwikkelingsone	ɔntvəkələŋsunə	train
ontwikkelingsparadigma	ɔntvəkələŋsparɑːdəχma	train
ontwikkelingsperspektief	ɔntvəkələŋspɛrspɛktif	train
ontwikkelingsplanne	ɔntvəkələŋsplanə	train
ontwikkelingspotensiaal	ɔntvəkələŋsputɛnʃiɑːl	train
ontwikkelingsprogramfonds	ɔntvəkələŋspruχramfɔnts	train
ontwikkelingsprosedures	ɔntvəkələŋsprɔsədyrəs	train
ontwikkelingsprosesse	ɔntvəkələŋsprusɛsə	train
ontwikkelingsraad	ɔntvəkələŋsrɑːt	test
ontwikkelingsraam	ɔntvəkələŋsrɑːm	train
ontwikkelingsraamwerke	ɔntvəkələŋsrɑːmvɛrkə	test
ontwikkelingsraamwerk	ɔntvəkələŋsrɑːmvɛrk	train
ontwikkelingsrade	ɔntvəkələŋsrɑːdə	train
ontwikkelingsriglyne	ɔntvəkələŋsrəχləinə	train
ontwikkelingstaat	ɔntvəkələŋstɑːt	train
ontwikkelingstegniek	ɔntvəkələŋstɛχnik	train
ontwikkelingsuitkoms	ɔntvəkələŋsœytkɔms	test
ontwikkelingsuitkomste	ɔntvəkələŋsœytkɔmstə	train
ontwikkelingsvoorstel	ɔntvəkələŋsfuərstɛl	train
ontwikkelingsvorderings	ɔntvəkələŋsfɔrdərəŋs	train
ontwikkelingsvriendelike	ɔntvəkələŋsfrindələkə	train
ontwikkelingswerk	ɔntvəkələŋsvɛrk	train
ontwikkelingwaarvan	ɔntvəkələŋvɑːrfan	train
ontwikkellende	ɔntvəkələndə	train
ontwortel	ɔntvɔrtəl	train
onveilige	ɔnfəiləχə	test
onverbondenheid	ɔnfərbɔndənɦəit	train
onverbonde	ɔnfərbɔndə	train
onverdraagsame	ɔnfərdrɑːχsɑːmə	train
onverhaalbaar	ɔnfərɦɑːlbɑːr	train
onverhaalbare	ɔnfərɦɑːlbɑːrə	train
onverhandelbare	ɔnfərɦandəlbɑːrə	test
onvermoeide	ɔnfərmuidə	train
onvermoeid	ɔnfərmuit	train
onversierde	ɔnfərsirdə	train
onversierd	ɔnfərsirt	train
onverstreke	ɔnfərstriəkə	train
onverstrykte	ɔnfərstrəiktə	train
onvervangbare	ɔnfərfaŋbɑːrə	train
onvervreembare	ɔnfərfriəmbɑːrə	train
onverwarmde	ɔnfərvarmdə	train
onvrywillige	ɔnfrəivələχə	train
onwettigheid	ɔnvɛtəχɦəit	train
oogpunte	uəχpœntə	train
oorbegroot	uərbəχruət	train
oorbegrotings	uərbəχruətəŋs	train
oorbelasting	uərbəlastəŋ	train
oorbelas	uərbəlas	train
oorbespuiting	uərbəspœytəŋ	train
oorbetalings	uərbətɑːləŋs	train
oorbevolking	uərbəfɔlkəŋ	train
oordadige	uərdɑːdəχə	train
oordag	uərdaχ	train
oordeelkundige	uərdiəlkœndəχə	train
oordekte	uərdɛktə	train
oordenkende	uərdɛŋkəndə	train
oordenking	uərdɛŋkəŋ	train
oordraagbare	uərdrɑːχbɑːrə	train
oordraer	uərdrɑːər	train
oordragbetalings	uərdraχbətɑːləŋs	train
oordraggewende	uərdraχiəvəndə	train
oordraging	uərdrɑːχəŋ	train
oordragnemende	uərdraχniəməndə	train
oordragskemas	uərdraχskiəmas	train
oordragteoordragteom	uərdraχtiurdraχtium	test
oordrywings	uərdrəivəŋs	test
oordrywing	uərdrəivəŋ	train
ooreengekome	uəriənχəkuəmə	train
ooreenkomstigheid	uəriənkɔmstəχɦəit	test
ooreenstemmigheid	uəriənstɛməχɦəit	train
oorgangsbepalings	uərχaŋsbəpɑːləŋs	train
oorgangsbepaling	uərχaŋsbəpɑːləŋ	train
oorgangsone	uərχaŋsuənə	train
oorgeboek	uərχəbuk	train
oorgehou	uərχəɦœu	train
oorgeklim	uərχəkləm	train
oorgeplaaste	uərχəplɑːstə	test
oorgerustheid	uərχərœstɦəit	train
oorgrenshandelaars	uərχrɛnsɦandəlɑːrs	test
oorhangende	uərɦaŋəndə	train
oorhang	uərɦaŋ	train
oorklim	uərkləm	train
oorkoepelend	uərkupələnt	train
oorkondes	uərkɔndəs	train
oorkruis	uərkrœys	train
oorlading	uərlɑːdəŋ	test
oorlegpleging	uərlɛχpliəχəŋ	test
oorlewingsdruk	uərliəvəŋsdrœk	train
oorlogse	uərlɔχsə	train
oorlogskommunisme	uərlɔχskɔmynəsmə	train
oorlooppyp	uərluəpəip	train
oormagte	uərmaχtə	train
oormaking	uərmɑːkəŋ	train
ooromgewingsontwerp	uərɔmχiəvəŋsɔntvɛrp	train
oorredingsdoeleindes	uəriədəŋsduləindəs	train
oorredingstegnieke	uəriədəŋstɛχnikə	train
oorsigdokument	uərsəχdɔkymɛnt	train
oorsiglys	uərsəχləis	train
oorsigte	uərsəχtə	test
oorskutte	uərskœtə	train
oorspan	uərspan	test
oorspronge	uərsprɔŋə	train
oorstemming	uərstɛməŋ	train
oorsuising	uərsœysəŋ	train
oorteken	uərtiəkən	train
oortolligheid	uərtɔləχɦəit	train
oortredinge	uərtriədəŋə	train
oortredingskennisgewing	uərtriədəŋskɛnəsχiəvəŋ	train
oortreffend	uərtrɛfənt	train
oortrek	uərtrɛk	train
oorvangste	uərfaŋstə	train
oorvertelling	uərfərtɛləŋ	train
oorvleuelende	uərfløːləndə	train
oorvloei	uərflui	train
oosters	uəstərs	train
opdra	ɔpdrɑː	train
openbaarmakingsaantekeninge	uəpənbɑːrmɑːkəŋsɑːntiəkənəŋə	test
openbaarmakings	uəpənbɑːrmɑːkəŋs	test
openbarefunksie	uəpənbɑːrəfœŋksi	train
openbarevervoer	uəpənbɑːrəfərfur	test
openhartige	uəpənɦartəχə	train
openingstoneel	uəpənəŋstuniəl	train
operasioneleplanne	uəpəraʃiuniələplanə	train
operatief	uəpəratif	train
opgaande	ɔpχɑːndə	train
opgaardamme	ɔpχɑːrdamə	train
opgawes	ɔpχɑːvəs	test
opgeblasenheid	ɔpχəblasənɦəit	train
opgedateerde	ɔpχədatiərdə	train
opgedateer	ɔpχədatiər	train
opgegroei	ɔpχəχrui	test
opgeligte	ɔpχələχtə	train
opgeloop	ɔpχəluəp	train
opgelope	ɔpχəlupə	train
opgemaakte	ɔpχəmɑːktə	train
opgeraak	ɔpχərɑːk	train
opgesaag	ɔpχəsɑːχ	train
opgetekende	ɔpχətiəkəndə	train
opgevaar	ɔpχəfɑːr	train
opgevang	ɔpχəfaŋ	train
opgevoede	ɔpχəfudə	train
opgewarm	ɔpχəvarm	train
opkoppeling	ɔpkɔpələŋ	train
opleidingband	ɔpləidəŋbant	train
opleidingsagentskappe	ɔpləidəŋsaχɛntskapə	test
opleidingsband	ɔpləidəŋsbant	train
opleidingsbehoeftes	ɔpləidəŋsbəɦuftəs	train
opleidingsertifikaat	ɔpləidəŋsɛrtifikɑːt	train
opleidingsforum	ɔpləidəŋsfuərœm	test
opleidingsgeleenthede	ɔpləidəŋsχəliəntɦiədə	train
opleidingsinrigtings	ɔpləidəŋsənrəχtəŋs	train
opleidingsinstansie	ɔpləidəŋsənstansi	train
opleidingsinstansies	ɔpləidəŋsənstansis	train
opleidingsinstellings	ɔpləidəŋsənstɛləŋs	train
opleidingskombuis	ɔpləidəŋskɔmbœys	train
opleidingsmoontlikhede	ɔpləidəŋsmuəntləkɦiədə	test
opleidingsoutoriteit	ɔpləidəŋsœutɔritəit	test
opleidingsowerhede	ɔpləidəŋsuəvərɦiədə	train
opleidingsraamwerk	ɔpləidəŋsrɑːmvɛrk	train
opleidingstelsel	ɔpləidəŋstɛlsəl	train
opleidingstydperk	ɔpləidəŋstəitpɛrk	train
opleiers	ɔpləiərs	train
opleistelsel	ɔpləistɛlsəl	train
oplosmiddel	ɔplɔsmədəl	train
opmeter	ɔpmiətər	train
opmeting	ɔpmiətəŋ	train
oppak	ɔpak	train
opperste	ɔpərstə	train
oppervlakeienaar	ɔpərflɑːkəiənɑːr	train
oppervlakeienaars	ɔpərflɑːkəiənɑːrs	train
oppervlakkig	ɔpərflakəχ	train
oppervlakontwerp	ɔpərflakɔntvɛrp	test
oppervlakversiering	ɔpərflakfərsirəŋ	train
oppervlakwater	ɔpərflakvɑːtər	test
opsigself	ɔpsəχsɛlf	train
opskort	ɔpskɔrt	train
opslag	ɔpslaχ	test
opsommende	ɔpsɔməndə	train
opsommings	ɔpsɔməŋs	train
opspooreenheid	ɔpspuəriənɦəit	train
opstaande	ɔpstɑːndə	train
opstalle	ɔpstalə	train
opstande	ɔpstandə	train
optekening	ɔptiəkənəŋ	train
opteken	ɔptiəkən	train
optellings	ɔptɛləŋs	train
opvangbakke	ɔpfaŋbakə	train
opvanggebiede	ɔpfaŋχəbidə	test
opvanggebied	ɔpfaŋχəbit	train
opvangsbakke	ɔpfaŋsbakə	train
opvattinge	ɔpfatəŋə	test
opvoedingsgeriewe	ɔpfudəŋsχərivə	train
opvoedingsprogramme	ɔpfudəŋspruχramə	train
opvoedingsvlak	ɔpfudəŋsflak	train
opvoerders	ɔpfurdərs	train
opvoeringselemente	ɔpfurəŋsɛləmɛntə	train
opvoeringsvorm	ɔpfurəŋsfɔrm	train
opvoer	ɔpfur	train
opvolgende	ɔpfɔlχəndə	train
opvolgprosedures	ɔpfɔlχprɔsədyrəs	train
opweging	ɔpviəχəŋ	test
opwegingsproses	ɔpviəχəŋsprusɛs	train
opwekkingskapasiteit	ɔpvɛkəŋskapasitəit	train
oranjes	uəranjəs	train
ordelys	ɔrdələis	train
organisasiekode	ɔrχanisɑːsikuədə	train
organisering	ɔrχanisiərəŋ	train
organiseringsbegrippe	ɔrχanisiərəŋsbəχrəpə	train
oriëntasie	uəriɛntɑːsi	train
oriënteer	uəriɛntiər	train
ornamentasie	ɔrnamɛntɑːsi	train
orpheus	ɔrpɦøːs	train
ortopediese	ɔrtupiədisə	train
ouditkomitee	œudətkɔmitiə	test
ouditvaardighede	œudətfɑːrdəχɦiədə	train
outa	œuta	train
owerheidsbeleid	uəvərɦəitsbələit	test
owerheidsinmenging	uəvərɦəitsənmɛŋəŋ	test
owerheidsinstellings	uəvərɦəitsənstɛləŋs	train
owerheidsmaatreëls	uəvərɦəitsmɑːtriəls	train
padgebruikersgedrag	patχəbrœykərsχədraχ	train
padveiligheidsbewustheid	patfəiləχɦəitsbəvœstɦəit	train
padveiligheidsopvoeding	patfəiləχɦəitsɔpfudəŋ	test
padveiligheids	patfəiləχɦəits	train
padverkeer	patfərkiər	train
padverkeersopvoeding	patfərkiərsɔpfudəŋ	train
padverkeersteken	patfərkiərstiəkən	train
padverkeerveiligheids	patfərkiərfəiləχɦəits	train
padwaardigheid	patvɑːrdəχɦəit	test
paneelbesprekings	paniəlbəspriəkəŋs	test
paneelondersoek	paniəlɔndərsuk	train
panne	panə	train
papierdokument	papirdɔkymɛnt	train
papiere	papirə	test
papiergrootte	papirχruətə	test
papiertjie	papirki	train
parabellum	parabəlœm	train
paraffientoestelle	parafintustɛlə	train
paragrafering	paraχrafərəŋ	train
parameterwaarde	paramiətərvɑːrdə	test
parlementswet	parləmɛntsvɛt	train
paroolraad	paruəlrɑːt	train
partiture	partətyrə	train
partydige	partəidəχə	train
partykandidate	partəikandidɑːtə	train
partylyste	partəiləistə	train
partyverkiesingsuitsending	partəifərkisəŋsœytsɛndəŋ	train
partyverkiesingsuitsendings	partəifərkisəŋsœytsɛndəŋs	train
partyverskille	partəifərskələ	train
pasgemaakte	pasχəmɑːktə	train
pasgestigte	pasχəstəχtə	test
pasiënt	paʃiɛnt	train
paslike	pasləkə	train
paspoortnommer	paspuərtnɔmər	train
passasiersvervoer	pasəsirsfərfur	test
pastelle	pastɛlə	train
patenteregte	patɛntərɛχtə	test
patologiedienste	patuluəχidinstə	train
patrollering	patruliərəŋ	train
pawiljoen	pɑːvəljun	train
penaliseer	pənalisiər	test
pendelaarsveiligheid	pɛndəlɑːrsfəiləχɦəit	train
pendelaarveiligheidsprogram	pɛndəlɑːrfəiləχɦəitspruχram	train
pensioendraende	pɛnʃiundrɑːəndə	train
pensioeninkomste	pɛnʃiunənkɔmstə	test
perdekarretjie	pɛrdəkariki	train
perdestalle	pɛrdəstalə	train
permanensie	pɛrmanɛnsi	train
permitdokument	pərmətdɔkymɛnt	train
permitvoorwaardes	pərmətfuərvɑːrdəs	train
persbanke	pɛrsbaŋkə	train
persentasieverhoging	pɛrsɛntɑːsifərɦuəχəŋ	train
persentasievorm	pɛrsɛntɑːsifɔrəm	train
perskes	pɛrskəs	train
personeelaanstellings	pɛrsuniəlɑːnstɛləŋs	train
personeelbesteding	pɛrsuniəlbəstiədəŋ	train
personeeldienste	pɛrsuniəldinstə	train
personeelgeskiktheidskontrole	pɛrsuniəlχəskəktɦəitskɔntrulə	train
personeelkomplement	pɛrsuniəlkɔmpləmɛnt	test
personeelkoste	pɛrsuniəlkɔstə	test
personeelkostes	pɛrsuniəlkɔstəs	train
personeelopleiding	pɛrsuniəlɔpləidəŋ	test
personeelpraktyke	pɛrsuniəlpraktəikə	test
personeelsekuriteit	pɛrsuniəlsəkyritəit	train
personeelspan	pɛrsuniəlspan	train
personeelsterkte	pɛrsuniəlstɛrktə	train
personeelvereistes	pɛrsuniəlfərəistəs	train
personeelverenigings	pɛrsuniəlfəriənəχəŋs	train
personeelvlakke	pɛrsuniəlflakə	train
personifikasie	pərsuənifikɑːsi	train
persoonlikheidstipe	pərsuənləkɦəitstipə	train
persvrystellings	pɛrsfrəistɛləŋs	test
piering	pirəŋ	train
pilletjies	pəlikis	train
plaagdoder	plɑːχdudər	train
plaasbewoners	plɑːsbəvuənərs	train
plaaseenheid	plɑːsiənɦəit	train
plaasgebiede	plɑːsχəbidə	train
plaasgemeenskappe	plɑːsχəmiənskapə	train
plaasgereedskap	plɑːsχəriətskap	train
plaasgrense	plɑːsχrɛnsə	test
plaaslikeowerhede	plɑːsləkœuəvərɦiədə	train
plaasmarkte	plɑːsmarktə	train
plaasopstalle	plɑːsɔpstalə	train
plaasskool	plɑːskuəl	train
plaaswagte	plɑːsvaχtə	test
plaaswagvrywilligers	plɑːsvaχfrəivələχərs	train
plaaswerknemers	plɑːsvɛrkniəmərs	train
plaaswerk	plɑːsvɛrk	train
plaatmetaal	plɑːtmətɑːl	train
plaatstaal	plɑːtstɑːl	train
plakkaataanbiedings	plakɑːtɑːnbidəŋs	train
planaansigte	planɑːnsəχtə	train
plankvenstertjies	plaŋkfɛnstərkis	train
plantasiebrande	plantɑːsibrandə	train
plantasies	plantɑːsis	train
plantegroeisoorte	plantəχruisuərtə	train
planteryke	plantərəikə	train
plastiekbottels	plastikbɔtəls	train
plastieke	plastikə	train
plastiekstamme	plastikstamə	train
plattelands	platəlants	train
pleging	pliəχəŋ	test
pleine	pləinə	train
pleisterbord	pləistərbɔrt	train
pleisters	pləistərs	train
plekidentiteit	plɛkidɛntitəit	train
plekwaardeblokke	plɛkvɑːrdəblɔkə	train
plekwaardekaarte	plɛkvɑːrdəkɑːrtə	test
poffertjies	pɔfərkis	train
polisieamptenaar	pulisiamptənɑːr	train
polisieprosedures	pulisiprɔsədyrəs	train
polisieraamwerk	pulisirɑːmvɛrk	test
polisiereserviste	pulisirɛsərfəstə	train
polisiëring	pulisiiərəŋ	train
polisiëringsake	pulisiiərəŋsɑːkə	train
polisiëringsbehoeftes	pulisiiərəŋsbəɦuftəs	train
polisiëringsbeleid	pulisiiərəŋsbələit	train
polisiëringsdienste	pulisiiərəŋsdinstə	train
polisiëringsinisiatiewe	pulisiiərəŋsiniʃiativə	train
polisiëringsinstansies	pulisiiərəŋsənstansis	train
polisiëringsklagtesentrum	pulisiiərəŋsklaχtəsɛntrœm	train
polisiëringslede	pulisiiərəŋsliədə	train
polisiespeurders	pulisispøːrdərs	train
polisiestasie	pulisistɑːsi	test
polisiestasies	pulisistɑːsis	train
politiese	pulitisə	train
portrette	pɔrtrɛtə	train
posbeskrywings	pɔsbəskrəivəŋs	train
posevaluering	pɔsivalyiərəŋ	test
posevalueringsproses	pɔsivalyiərəŋsprusɛs	train
posisioneer	puziʃiuniər	train
posisioneringsdata	puziʃiuniərəŋsdɑːta	test
posisioneringstelsel	puziʃiuniərəŋstɛlsəl	train
pp	p	train
praatstories	prɑːtstuəris	train
praattegnieke	prɑːtɛχnikə	train
praktykskodes	praktəikskuədəs	train
prekoloniale	priəkuluəniɑːlə	test
premiersverkiesing	prəmirsfərkisəŋ	train
prenteboeke	prɛntəbukə	train
prenteverhaalboekies	prɛntəfərɦɑːlbukis	train
prentkaarte	prɛntkɑːrtə	train
prentrame	prɛntrɑːmə	test
prentvlak	prɛntflak	train
preserveer	prɛsərfiər	train
preservering	prɛsərfiərəŋ	train
pressie	prɛsi	train
prestasiebepalings	prɛstɑːsibəpɑːləŋs	train
prestasiegeskiedenis	prɛstɑːsiχəskidənəs	train
prestasiekriteria	prɛstɑːsikrətiəria	train
prestasiemeting	prɛstɑːsimiətəŋ	train
prestasiemetingsoefeninge	prɛstɑːsimiətəŋsufənəŋə	train
prestasiemetingsoefening	prɛstɑːsimiətəŋsufənəŋ	train
prestasiemonitering	prɛstɑːsimɔnitiərəŋ	train
prestasieooreenkomste	prɛstɑːsiuəriənkɔmstə	test
prestasieplan	prɛstɑːsiplan	train
prestasieverslae	prɛstɑːsifərslɑːə	test
prioriteitsgebiede	priɔritəitsχəbidə	train
prioriteitsgerigte	priɔritəitsχərəχtə	test
prioriteitsposte	priɔritəitspɔstə	train
prioriteitsprogramme	priɔritəitspruχramə	test
prioriteitsprogram	priɔritəitspruχram	train
prioriteitsvaardighede	priɔritəitsfɑːrdəχɦiədə	test
prioriteitsvlak	priɔritəitsflak	test
prioritiseringskomitee	priɔritisiərəŋskɔmitiə	train
privaatgrondeienaars	prifɑːtχrɔntəiənɑːrs	train
privaatsektorfinansiering	prifɑːtsɛktɔrfinansirəŋ	train
privaatwoning	prifɑːtvuənəŋ	train
probleemareas	prubliəmɑːrias	train
probleemgesinne	prubliəmχəsənə	train
probleemoplossingstrategie	prubliəmɔplɔsəŋstratəχi	train
produkherkenning	prudœkɦɛrkɛnəŋ	train
produkinkomste	prudœkənkɔmstə	train
produkontwerp	prudœkɔntvɛrp	train
produksiekostestaat	prudœksikɔstəstɑːt	train
produksieonderneming	prudœksiɔndərniəməŋ	train
produksieproses	prudœksiprusɛs	train
produksierigting	prudœksirəχtəŋ	train
produktiefste	prɔdœktifstə	test
produktiwiteitsvlakke	prɔdœktivitəitsflakə	test
produkverbetering	prudœkfərbiətərəŋ	train
produseerder	prɔdysiərdər	train
produsering	prɔdysiərəŋ	test
professie	prufɛsi	train
programleierskap	pruχramləiərskap	train
programmaties	pruχramɑːtis	train
programmeerders	pruχramiərdərs	train
programmeringsbeginsels	pruχramiərəŋsbəχənsəls	train
programmeringsimplikasies	pruχramiərəŋsəmplikɑːsis	train
programmeringskode	pruχramiərəŋskuədə	train
programmeringskomitee	pruχramiərəŋskɔmitiə	train
programmeringsprojek	pruχramiərəŋsprujɛk	train
programmeringstaal	pruχramiərəŋstɑːl	train
programmeringsvrae	pruχramiərəŋsfrɑːə	train
programnotas	pruχramnuətas	train
programondersteuning	pruχramɔndərstøːnəŋ	train
programoplossing	pruχramɔplɔsəŋ	train
programspesifikasies	pruχramspɛsifikɑːsis	train
projekbesteding	prujɛkbəstiədəŋ	train
projekevaluering	prujɛkivalyiərəŋ	train
projekplanne	prujɛkplanə	train
projekspan	prujɛkspan	train
projekteer	prujɛktiər	train
proklamering	prɔklamiərəŋ	train
proliferasie	pruləfərɑːsi	train
promosiemateriale	prumuəsimatiəriɑːlə	train
proporsie	prupɔrsi	train
proseduremetodes	prɔsədyrəmətuədəs	train
prosesseerders	prɔsɛsiərdərs	train
prosesseer	prɔsɛsiər	train
prosessering	prɔsɛsiərəŋ	test
prosesseringseenheid	prɔsɛsiərəŋsiənɦəit	train
prosesseringsfabrieke	prɔsɛsiərəŋsfabrikə	train
prosesserings	prɔsɛsiərəŋs	train
prosesvaardighede	prusɛsfɑːrdəχɦiədə	train
protestante	prɔtəstantə	train
provinsiaal	pruəfənʃiɑːl	train
pr	pr	train
prysbeleid	prəisbələit	train
prysmededinging	prəismiədədəŋəŋ	train
prysmeganisme	prəismɛχanəsmə	train
prysoordragvasstellingverstrek	prəisuərdraχfastɛləŋfərstrɛk	train
prysrapportering	prəisrapɔrtiərəŋ	train
prysstrategie	prəistratəχi	train
prysvasstelling	prəisfastɛləŋ	train
prysveranderinge	prəisfərandərəŋə	train
pryswenners	prəisvɛnərs	train
psigologies	siχuluəχis	train
pypleidings	pəipləidəŋs	train
raadgewing	rɑːtχiəvəŋ	train
raadsbesluite	rɑːtsbəslœytə	train
raadsvergaderings	rɑːtsfərχɑːdərəŋs	train
raamwerkreaksie	rɑːmvɛrkriaksi	test
radiofrekwensieplan	rɑːdiufrikwɛnsiplan	train
radiofrekwensiespektrum	rɑːdiufrikwɛnsispɛktrœm	test
radiologie	rɑːdiuluχi	train
radiologievoordeel	rɑːdiuluəχifuərdiəl	train
radioprogramme	rɑːdiupruχramə	train
radioverbinding	rɑːdiufərbəndəŋ	train
rapporte	rapɔrtə	train
rasgebaseerde	rasχəbasiərdə	train
rasionale	raʃiunɑːlə	train
rassegroep	rasəχrup	train
rassepatroon	rasɛpatruən	train
reaksiespanne	riaksispanə	train
reaksiespan	riaksispan	train
realisering	rialisiərəŋ	train
realiste	rialəstə	train
reddingsdienste	rɛdəŋsdinstə	train
reddingspanne	rɛdəŋspanə	train
redenasies	rədənɑːsis	train
redery	riədərəi	train
redigeerders	rɛdiχiərdərs	train
redigeer	rɛdiχiər	train
redigering	rɛdiχərəŋ	train
reeksnommer	riəksnɔmər	train
reële	riələ	train
reëlspasiëring	riəlspasiiərəŋ	train
reënhoeveelhede	riənɦufiəlɦiədə	train
refleksies	riəflɛksis	train
reflektiewe	riəflɛktivə	train
regenerasiepraktyke	rəχənərɑːsipraktəikə	train
regenerasie	rəχənərɑːsi	train
regenereer	rəχənəriər	train
regeringsaangeleenthede	rəχiərəŋsɑːnχəliəntɦiədə	train
regeringsake	rəχiərəŋsɑːkə	train
regeringsbeleide	rəχiərəŋsbələidə	train
regeringsbetrekkinge	rəχiərəŋsbətrɛkəŋə	test
regeringsdepartemente	rəχiərəŋsdəpartəmɛntə	train
regeringsdepartement	rəχiərəŋsdəpartəmɛnt	train
regeringsdiens	rəχiərəŋsdins	train
regeringsdienste	rəχiərəŋsdinstə	train
regeringsentiteite	rəχiərəŋsɛntitəitə	train
regeringsetel	rəχiərəŋsiətəl	test
regeringsfeer	rəχiərəŋsfiər	train
regeringsfunksies	rəχiərəŋsfœŋksis	train
regeringsgedrewe	rəχiərəŋsχədriəvə	train
regeringsgeskille	rəχiərəŋsχəskələ	train
regeringsinkomste	rəχiərəŋsənkɔmstə	train
regeringskennisgewing	rəχiərəŋskɛnəsχiəvəŋ	train
regeringsorganisasie	rəχiərəŋsɔrχanisɑːsi	train
regeringsorganisasies	rəχiərəŋsɔrχanisɑːsis	train
regeringsprogramme	rəχiərəŋspruχramə	train
regeringsuitstallings	rəχiərəŋsœytstaləŋs	train
regeringsvereniging	rəχiərəŋsfəriənəχəŋ	train
regeringsverkiesing	rəχiərəŋsfərkisəŋ	train
regeringsverteenwoordigers	rəχiərəŋsfərtiənvuərdəχərs	train
regeringsvorms	rəχiərəŋsfɔrəms	train
regeringswerksaamhede	rəχiərəŋsvɛrksɑːmɦiədə	train
regionale	rɛχiunɑːlə	train
registrasiedatum	rɛχəstrɑːsidɑːtœm	train
registrasiekantoor	rɛχəstrɑːsikantuər	train
registrasieproses	rɛχəstrɑːsiprusɛs	train
registrasiereëling	rɛχəstrɑːsiriələŋ	train
registrasievereistes	rɛχəstrɑːsifərəistəs	train
registrasievorm	rɛχəstrɑːsifɔrəm	train
regmatigheid	rɛχmɑːtəχɦəit	train
regmerkies	rɛχmɛrkis	train
regopstaande	rɛχɔpstɑːndə	train
regres	rɛχrɛs	test
regsaangeleentheid	rɛχsɑːnχəliəntɦəit	train
regsaanspreeklikheid	rɛχsɑːnspriəkləkɦəit	train
regsaard	rɛχsɑːrt	train
regsaksies	rɛχsaksis	train
regsbepaling	rɛχsbəpɑːləŋ	train
regsduidelikheid	rɛχsdœydələkɦəit	train
regsgebaseerde	rɛχsχəbasiərdə	train
regsgeldigheid	rɛχsχɛldəχɦəit	train
regsgeldig	rɛχsχɛldəχ	train
regshervormingskommissie	rɛχsɦɛrfɔrəməŋskumisi	train
regskomponent	rɛχskɔmpunɛnt	test
regskrag	rɛχskraχ	train
regsmiddele	rɛχsmədələ	train
regsomgewing	rɛχsɔmχiəvəŋ	train
regspresedente	rɛχsprɛsədɛntə	test
regsprosedure	rɛχsprɔsədyrə	test
regsprosesse	rɛχsprusɛsə	train
regstellings	rɛχstɛləŋs	train
regstreek	rɛχstriək	train
regsvereistes	rɛχsfərəistəs	train
regsverpligtinge	rɛχsfərpləχtəŋə	train
regsvoorskrif	rɛχsfuərskrəf	train
regtehouer	rɛχtəɦœuər	train
regtehouers	rɛχtəɦœuərs	train
regterkantse	rɛχtərkantsə	train
regterkantste	rɛχtərkantstə	train
regtervoorkant	rɛχtərfuərkant	train
regterwysvinger	rɛχtərvəisfəŋər	train
regtetoekenningproses	rɛχtətukɛnəŋprusɛs	train
regtetoekenning	rɛχtətukɛnəŋ	train
regtetoekenningsproses	rɛχtətukɛnəŋsprusɛs	train
regtetoekennings	rɛχtətukɛnəŋs	train
regverdigbare	rɛχfɛrdəχbɑːrə	test
reinigings	rəinəχəŋs	train
reisende	rəisəndə	train
reisgeleentheid	rəisχəliəntɦəit	train
reiskoste	rəiskɔstə	train
rekenaargebruikers	riəkənɑːrχəbrœykərs	train
rekenaargeletterd	riəkənɑːrχəlɛtərt	train
rekenaargrafika	riəkənɑːrχrɑːfika	train
rekenaarkamer	riəkənɑːrkɑːmər	train
rekenaarprogram	riəkənɑːrpruχram	train
rekenaartoestelle	riəkənɑːrtustɛlə	train
rekenarisering	riəkənɑːrisiərəŋ	train
rekeningboeke	riəkənəŋbukə	train
rekenkundige	riəkənkœndəχə	train
rekenpligtigheid	riəkənpləχtəχɦəit	train
rekorddoeleindes	rɛkɔrtduləindəs	train
rekordprestasie	rɛkɔrtprɛstɑːsi	train
rekordstelsel	rɛkɔrtstɛlsəl	train
rekordsyfer	rɛkɔrtsəifər	train
rekreasieliggame	rɛkriɑːsiləχɑːmə	train
rektore	rɛkturə	train
religieë	rɛliχiə	train
religie	rɛləχi	train
reparasies	rɛparɑːsis	train
resente	rəsɛntə	train
reserveer	rɛsərfiər	train
reserviste	rɛsərfəstə	test
reserwebank	rəzɛrvəbaŋk	train
reserwebepalings	rəzɛrvəbəpɑːləŋs	test
resessies	rəsɛsis	train
resies	rəsis	train
resorteer	rɛsɔrtiər	train
respektiewelike	rəspɛktivələkə	train
respiratoriese	rɛspiraturisə	train
responsiewe	rɛspɔnsivə	train
restant	rɛstant	train
reste	rɛstə	train
retensiereg	rətɛnsirɛχ	train
retensie	rətɛnsi	train
rigtingaanwysers	rəχtəŋɑːnvəisərs	train
rigtingaanwysings	rəχtəŋɑːnvəisəŋs	train
rigtinge	rəχtəŋə	train
rigtinggewing	rəχtəŋχiəvəŋ	train
risikobepalingstrategie	risikubəpɑːləŋstratəχi	train
ritualisties	rətʃualəstis	train
rivierkom	rəfirkɔm	train
rivierloop	rəfirluəp	test
rivierlope	rəfirluəpə	train
riviermonding	rəfirmɔndəŋ	test
riviermondings	rəfirmɔndəŋs	test
riviermond	rəfirmɔnt	train
rivierstelsel	rəfirstɛlsəl	train
rivierwater	rəfirvɑːtər	train
roepingsgevoel	rupəŋsχəful	train
roepman	rupman	test
roerstelsel	rurstɛlsəl	test
roesbestande	rusbəstandə	train
rojering	rujiərəŋ	train
rommelbesoedeling	rɔməlbəsudələŋ	train
rondelied	rɔndəlit	train
rondheid	rɔntɦəit	train
roosterelemente	ruəstərɛləmɛntə	train
roosterplate	ruəstərplɑːtə	train
roosterrakke	ruəstərakə	train
roostervermoë	ruəstərfərmuəə	train
rotasies	rutɑːsis	test
rykheid	rəikɦəit	train
ryklik	rəiklək	train
saadbehandelingsmiddels	sɑːtbəɦandələŋsmədəls	train
saaknommer	sɑːknɔmər	train
saambestaan	sɑːmbəstɑːn	train
saamgelees	sɑːmχəliəs	train
saamgevryf	sɑːmχəfrəif	train
saamgroeperings	sɑːmχrupiərəŋs	train
saamvat	sɑːmfat	train
sagie	sɑːχi	train
sagtestaal	saχtəstɑːl	train
sakeaktiwiteit	sɑːkəaktivitəit	train
sakegeleentheid	sɑːkəχəliəntɦəit	train
sakepraktyke	sɑːkəpraktəikə	train
sakeprosesse	sɑːkəprusɛsə	train
sakesiklusse	sɑːkəsiklœsə	train
sakestrategieë	sɑːkəstratəχiə	train
saketoestande	sɑːkətustandə	train
sakkies	sakis	test
sakrekenaar	sakriəkənɑːr	train
salarisbegroting	salɑːrəsbəχruətəŋ	train
salarisgraderingstelsel	salɑːrəsχradiərəŋstɛlsəl	train
salarisskaal	salɑːrəskɑːl	train
salueer	salyiər	train
samedromming	sɑːmədrɔməŋ	test
samehangendheid	sɑːməɦaŋəntɦəit	train
samehang	sɑːməɦaŋ	train
samesmeltende	sɑːməsmɛltəndə	train
samevattende	sɑːməfatəndə	train
samevattings	sɑːməfatəŋs	train
samewerkenderegering	sɑːməvɛrkəndərəχiərəŋ	train
samewerk	sɑːməvɛrk	train
sangopvoeringstyl	saŋɔpfurəŋstəil	train
sanitasiedienste	sanitɑːsidinstə	test
sanitasie	sanitɑːsi	train
sardientjies	sardiŋkis	train
sedeer	siədiər	train
sedelesse	siədəlɛsə	train
sedeloosheid	siədəluəsɦəit	train
seël	siəl	test
seertjies	siərkis	train
seevaardige	siəfɑːrdəχə	train
segregasie	sɛχrəχɑːsi	test
seisoensarbeid	səisunsarbəit	train
seisoensveranderings	səisunsfərandərəŋs	train
sekerheidstelsel	siəkərɦəitstɛlsəl	train
sekering	siəkərəŋ	test
sekondering	sɛkɔndiərəŋ	train
sekonderings	sɛkɔndiərəŋs	train
seksisties	sɛksəstis	train
seksmaat	sɛksmɑːt	train
sekswerker	sɛksvɛrkər	test
sektorale	sɛkturɑːlə	train
sektorowerhede	sɛktɔruəvərɦiədə	train
sektorpolisiëring	sɛktɔrpulisiiərəŋ	train
sekuriteitsbeamptes	səkyritəitsbəamptəs	train
sekuriteitsdienste	səkyritəitsdinstə	train
sekuriteitsmaatreëls	səkyritəitsmɑːtriəls	train
sekuriteitsmaatskappy	səkyritəitsmɑːtskapəi	train
sekuriteitsondersoeke	səkyritəitsɔndərsukə	train
sekuriteitsopleiding	səkyritəitsɔpləidəŋ	train
sekuriteitstelsel	səkyritəitstɛlsəl	train
sekuriteitstelsels	səkyritəitstɛlsəls	train
sekuriteitverwante	səkyritəitfərvantə	train
selagtige	sɛlaχtəχə	train
seleksie	səlɛksi	train
selekteer	sɛlɛktiər	train
selfaangedrewe	sɛlfɑːnχədriəvə	train
selfbeheersing	sɛlfbəɦiərsəŋ	train
selfbelangrik	sɛlfbəlaŋrək	test
selfbeskerming	sɛlfbəskɛrməŋ	train
selfdiensgerief	sɛlfdinsχərif	train
selfdissipline	sɛlfdəsiplinə	train
selfgegenereerde	sɛlfχəχənəriərdə	train
selfontwerpte	sɛlfɔntvɛrptə	train
selfoonnommer	sɛlfuənɔmər	train
selfoonnommers	sɛlfuənɔmərs	train
selfportrette	sɛlfpɔrtrɛtə	train
selfregering	sɛlfrəχiərəŋ	test
selfversekerdheid	sɛlfərsiəkərtɦəit	train
selfversorgende	sɛlfərsɔrχəndə	train
selfversorgend	sɛlfərsɔrχənt	train
selfwerksaamheid	sɛlfvɛrksɑːmɦəit	train
selfwerksaam	sɛlfvɛrksɑːm	train
selverwysings	sɛlfərvəisəŋs	train
semantiese	səmantisə	train
sendingdokter	sɛndəŋdɔktər	test
sening	sənəŋ	train
senioriteit	siniɔritəit	train
sensusse	sɛnsœsə	test
sente	sɛntə	train
sentralisties	sɛntraləstis	train
sepies	siəpis	test
sertifisering	sɛrtifisiərəŋ	test
sestiendes	sɛstindəs	train
sfere	sfiərə	train
siende	sində	train
sienswyses	sinsvəisəs	train
sigbaarheid	səχbɑːrɦəit	test
sigbaarste	səχbɑːrstə	train
sigbarepolisiëring	səχbɑːrəpulisiiərəŋ	train
sigblad	səχblat	train
siklone	sikluənə	train
sikloon	sikluən	train
simbaal	səmbɑːl	train
simbolisme	səmbuləsmə	train
simplisties	səmpləstis	test
simptomatiese	səmptumɑːtisə	train
simulering	səmyliərəŋ	test
sinisme	sənəsmə	train
sinopsis	sənɔpsəs	train
sintese	səntiəsə	train
sistematies	səstəmɑːtis	train
sisteme	səstiəmə	train
skaalvoordele	skɑːlfuərdiələ	train
skaarser	skɑːrsər	train
skaffing	skafəŋ	train
skakelaar	skɑːkəlɑːr	train
skakelkode	skɑːkəlkuədə	train
skakeltolke	skɑːkəltɔlkə	train
skakeringe	skakiərəŋə	train
skanderings	skandiərəŋs	train
skeerders	skiərdərs	train
skeersel	skiərsəl	train
skeidings	skəidəŋs	train
skematiese	skiəmɑːtisə	train
skendings	skɛndəŋs	test
skenkerfondse	skɛŋkərfɔntsə	train
skeppend	skɛpənt	train
skigtig	skəχtəχ	train
skilderstyl	skəldərstəil	train
skitterlig	skətərləχ	train
skokwaarde	skɔkvɑːrdə	train
skoling	skuələŋ	train
skoolaktiwiteite	skuəlaktivitəitə	train
skoolassesseringsplan	skuəlasɛsiərəŋsplan	train
skoolbeleid	skuəlbələit	train
skooleiendom	skuələiəndɔm	train
skoolgaande	skuəlχɑːndə	train
skoolgebaseerde	skuəlχəbasiərdə	train
skoolgemeenskap	skuəlχəmiənskap	train
skoolkoöperasies	skuəlkuəpərɑːsis	train
skoollewe	skuəliəvə	test
skoolomgewing	skuəlɔmχiəvəŋ	test
skoolonderwys	skuəlɔndərvəis	train
skoolopvoering	skuəlɔpfurəŋ	train
skoolprogram	skuəlpruχram	train
skoolsensusprojek	skuəlsɛnsœsprujɛk	train
skoolterreine	skuəltərəinə	train
skooltydskrif	skuəltəitskrəf	train
skoolveiligheidskomitees	skuəlfəiləχɦəitskɔmitiəs	train
skoolveiligheid	skuəlfəiləχɦəit	train
skoolvervoer	skuəlfərfur	train
skoolweek	skuəlviək	train
skoolwerknemers	skuəlvɛrkniəmərs	train
skoonfamilie	skuənfamili	train
skoonmaakproses	skuənmɑːkprusɛs	train
skoonspoel	skuənspul	test
skoorsteenkap	skuərstiənkap	train
skootrekenaars	skuətriəkənɑːrs	train
skrappings	skrapəŋs	train
skrede	skrədə	train
skroewe	skruvə	train
skryfkonvensies	skrəifkɔnfɛnsis	test
skryfstuk	skrəifstœk	train
skryftaak	skrəiftɑːk	train
skryftegnieke	skrəiftɛχnikə	train
skryfvaardighede	skrəifɑːrdəχɦiədə	train
skrynwerker	skrəinvɛrkər	train
skrywersvereniging	skrəivərsfəriənəχəŋ	train
skrywery	skrəivərəi	test
skrywes	skrəivəs	train
skulderkenningsboete	skœltɛrkɛnəŋsbutə	train
skulderkenningsboetes	skœltɛrkɛnəŋsbutəs	train
skulde	skœldə	train
skuldinvorderingsbeleid	skœltənfɔrdərəŋsbələit	train
skulpkonstruksie	skœlpkɔnstrœksi	train
slaagsyfers	slɑːχsəifərs	train
slagofferbystandskamers	slaχɔfərbəistantskɑːmərs	train
slagofferhulpdienste	slaχɔfərɦœlpdinstə	train
slagofferondersteuningsprogram	slaχɔfərɔndərstøːnəŋspruχram	train
slagoffersvan	slaχɔfərsfan	train
slangbeweging	slaŋbəviəχəŋ	test
slawehandel	slɑːvəɦandəl	test
slik	slək	train
slotreël	slɔtriəl	train
sluitbare	slœytbɑːrə	train
sluitingsdag	slœytəŋsdaχ	train
sluitingsvoorraad	slœytəŋsfuərɑːt	train
sluitingswaardes	slœytəŋsvɑːrdəs	train
slukkies	slœkis	train
smerigheid	smiərəχɦəit	train
snelveranderende	snɛlfərandərəndə	train
snelvervoerstelsel	snɛlfərfurstɛlsəl	train
snykundige	snəikœndəχə	train
sodanigeverklaring	suədɑːnəχəfərklɑːrəŋ	train
soekende	sukəndə	train
soektegnieke	suktɛχnikə	train
sokkerballe	sɔkərbalə	train
sokkergemeenskap	sɔkərχəmiənskap	train
sokkerspelers	sɔkərspiələrs	train
sokkerwedstryde	sɔkərvɛtstrəidə	train
somme	sɔmə	train
sondvloed	sɔntflut	train
soneringskaart	suəniərəŋskɑːrt	train
soneringskemaregulasies	suəniərəŋskiəmarɛχylɑːsis	train
soneringskema	suəniərəŋskiəma	test
soneringskemaverordeninge	suəniərəŋskiəmafərɔrdənəŋə	train
sonerings	suəniərəŋs	train
sonering	suəniərəŋ	train
sosialiseer	suəʃialisiər	test
sosialisties	suəʃialəstis	train
spaarrekening	spɑːriəkənəŋ	train
spaarsaam	spɑːrsɑːm	train
spaarsamige	spɑːrsaməχə	train
spanbenadering	spanbənɑːdərəŋ	train
spandering	spandərəŋ	train
spanningsvol	spanəŋsfɔl	train
spanwerkvaardighede	spanvɛrkfɑːrdəχɦiədə	train
spasieer	spasiiər	train
speelaktiwiteite	spiəlaktivitəitə	test
speelgrond	spiəlχrɔnt	train
speelplekke	spiəlplɛkə	train
speelse	spiəlsə	train
speelsheid	spiəlsɦəit	train
speels	spiəls	test
spelde	spɛldə	train
spelenderwys	spiələndərvəis	train
spelfoute	spɛlfœutə	train
sperdatums	spɛrdɑːtœms	train
spesialisasie	spɛʃalisɑːsi	train
spesialisdienste	spɛʃaləsdinstə	train
spesialisering	spɛʃialisiərəŋ	train
spesialisvoordeel	spɛʃialəsfuərdiəl	train
spesiegemeenskappe	spiəsiχəmiənskapə	test
spesifiseer	spɛsifisiər	test
spieëlontwerpe	spiəlɔntvɛrpə	train
spierstelsel	spirstɛlsəl	train
spiersterkte	spirstɛrktə	train
spierverlies	spirfərlis	train
spikkels	spəkəls	train
spinnerakke	spənərakə	test
spiraal	spirɑːl	test
spirale	spirɑːlə	train
splintergroepe	spləntərχrupə	train
spoedbeperking	sputbəpɛrkəŋ	train
spoedverwante	sputfərvantə	train
spoeltenk	spultɛŋk	train
spoelwater	spulvɑːtər	train
spoelwaterverwarmer	spulvɑːtərfərvarəmər	train
spooragentskap	spuəraχɛntskap	train
spoornetwerk	spuərnɛtvɛrk	train
spoorwegpolisie	spuərvɛχpulisi	test
spoorwegstasies	spuərvɛχstɑːsis	train
sportadministrasie	spɔrtatmənəstrɑːsi	train
sportduik	spɔrtdœyk	train
sportfasiliteit	spɔrtfasəlitəit	train
sportgebeurtenis	spɔrtχəbøːrtənəs	test
sportgronde	spɔrtχrɔndə	train
sportkomplekse	spɔrtkɔmplɛksə	train
sportorganisasies	spɔrtɔrχanisɑːsis	train
sportpersoon	spɔrtpərsuən	train
sportsakke	spɔrtsakə	train
sportsfasiliteite	spɔrtsfasəlitəitə	train
sportsteundienste	spɔrtstøːndinstə	train
spottende	spɔtəndə	test
springbokkop	sprəŋbɔkɔp	train
staafgrafieke	stɑːfχrafikə	train
staalbalke	stɑːlbalkə	train
staallemme	stɑːlɛmə	test
staalplaat	stɑːlplɑːt	train
staalstawe	stɑːlstɑːvə	train
staanders	stɑːndərs	train
staander	stɑːndər	train
staatsbegroting	stɑːtsbəχruətəŋ	train
staatsbesit	stɑːtsbəsət	train
staatsdiensamptenare	stɑːtsdinsamptənɑːrə	train
staatsdiensdepartement	stɑːtsdinsdəpartəmɛnt	train
staatsdienswerkers	stɑːtsdinsvɛrkərs	train
staatsdienswerknemers	stɑːtsdinsvɛrkniəmərs	train
staatsdienswerknemer	stɑːtsdinsvɛrkniəmər	test
staatsdoeleindes	stɑːtsduləindəs	train
staatsekretaris	stɑːtsəkrətɑːrəs	train
staatsentiteite	stɑːtsɛntitəitə	train
staatseremonie	stɑːtsərəmuəni	test
staatsgrond	stɑːtsχrɔnt	train
staatsinkomste	stɑːtsənkɔmstə	train
staatsinrigting	stɑːtsənrəχtəŋ	train
staatskool	stɑːtskuəl	train
staatsliggame	stɑːtsləχɑːmə	train
staatsmotorvervoer	stɑːtsmuətərfərfur	train
staatsonderdrukking	stɑːtsɔndərdrœkəŋ	train
staatsondernemings	stɑːtsɔndərniəməŋs	train
staatsorgaan	stɑːtsɔrχɑːn	train
staatsorgane	stɑːtsɔrχɑːnə	train
staatsorganisasies	stɑːtsɔrχanisɑːsis	train
staatspogings	stɑːtspuəχəŋs	train
staatsprogramme	stɑːtspruχramə	train
staatssekuriteit	stɑːtsəkyritəit	train
staatstenderraad	stɑːtstəndərɑːt	train
staatstoekennings	stɑːtstukɛnəŋs	train
staatswaterskemas	stɑːtsvɑːtərskiəmas	train
staatswerknemers	stɑːtsvɛrkniəmərs	test
staatswerknemer	stɑːtsvɛrkniəmər	train
stabiliseerders	stabilisiərdərs	test
stadsdepartemente	statsdəpartəmɛntə	test
stadsinisiatiewe	statsiniʃiativə	train
stadslewe	statsliəvə	test
stampe	stampə	train
stamvader	stamfɑːdər	train
standaarddeel	standɑːrdiəl	train
standaardindeling	standɑːrtəndiələŋ	train
standaardlisensievoorwaardes	standɑːrtləsɛnsifuərvɑːrdəs	train
standaardmate	standɑːrtmɑːtə	test
standaardspesifikasie	standɑːrtspɛsifikɑːsi	train
standaardtabel	standɑːrtabɛl	train
standhoudende	stantɦœudəndə	train
standhoudend	stantɦœudənt	test
staning	stɑːnəŋ	train
stappies	stapis	train
stasiegebou	stɑːsiχəbœu	train
statiese	stɑːtisə	train
staties	stɑːtis	train
statistiese	statəstisə	train
statisties	statəstis	train
stawing	stɑːvəŋ	train
stedelik	stiədələk	train
steierende	stəiərəndə	train
steierwerk	stəiərvɛrk	train
stellasies	stɛlɑːsis	train
stellend	stɛlənt	train
stellingsvan	stɛləŋsfan	train
stelselmatige	stɛlsəlmɑːtəχə	train
stelselswet	stɛlsəlswɛt	train
stelselvereistes	stɛlsəlfərəistəs	train
stemgeregtigde	stɛmχərɛχtəχdə	train
stemminge	stɛməŋə	train
stemoefening	stɛmufənəŋ	train
stempatroon	stɛmpatruən	test
sterflikheid	stɛrfləkɦəit	train
sterrekyker	stɛrəkəikər	train
stertjie	stɛrki	train
steunstelsels	støːnstɛlsəls	train
stiefmoeder	stifmudər	train
stilistiese	stələstisə	train
stillewes	stəliəvəs	train
stillewe	stəliəvə	train
stoflik	stɔflək	train
stokkiesdraai	stɔkisdrɑːi	test
stokvistreilvissery	stɔkfəstrəilfəsərəi	train
stollingsgesteentes	stɔləŋsχəstiəntəs	train
stoorfasiliteit	stuərfasəlitəit	train
stoornisse	stuərnəsə	train
stoor	stuər	train
stootreling	stuətrələŋ	train
stootstang	stuətstaŋ	train
storieboeke	stuəribukə	train
storielappe	stuərilapə	train
storievertelling	stuərifərtɛləŋ	train
stortings	stɔrtəŋs	train
storttregters	stɔrtrɛχtərs	train
straatmense	strɑːtmɛnsə	train
strafbepalings	strafbəpɑːləŋs	train
strafregstelsel	strafrɛχstɛlsəl	train
strafreg	strafrɛχ	train
strafregte	strafrɛχtə	test
streekbelang	striəkbəlaŋ	test
streekbeplanning	striəkbəplanəŋ	train
streeksamewerking	striəksɑːməvɛrkəŋ	train
streeksbelange	striəksbəlaŋə	train
streeksbelang	striəksbəlaŋ	train
streekskakeling	striəkskɑːkələŋ	train
streekskoerante	striəkskurantə	train
streeksverband	striəksfərbant	train
streeksvergaderings	striəksfərχɑːdərəŋs	train
streekvergaderings	striəkfərχɑːdərəŋs	train
strengheid	strɛŋɦəit	train
stringe	strəŋə	test
stroombreker	struəmbriəkər	test
stroompie	struəmpi	train
stryders	strəidərs	train
stryder	strəidər	test
strydige	strəidəχə	train
strydigheid	strəidəχɦəit	train
styfheid	stəifɦəit	train
stylkenmerke	stəilkənmɛrkə	train
subjektiwiteit	sœbjɛktivitəit	train
subparagraaf	sœbparaχrɑːf	train
subreël	sœbriəl	train
subseksiehoof	sœbsɛksiɦuəf	train
susterlande	sœstərlandə	train
susterskinders	sœstərskəndərs	train
swaaiwieletjies	swɑːivilikis	test
swaan	swɑːn	train
swaardiensrolwiele	swɑːrdinsrɔlvilə	train
swaardiens	swɑːrdins	train
swaardvisgerigte	swɑːrtfəsχərəχtə	train
swaardvisregte	swɑːrtfəsrɛχtə	train
swaardvis	swɑːrtfəs	train
swaardvisvangste	swɑːrtfəsfaŋstə	train
swaarte	swɑːrtə	train
swang	swaŋ	train
swerfgesange	swərfχəsaŋə	train
sydelingse	səidələŋsə	test
syfergetalle	səifərχətalə	train
syferheelgetalle	səifərɦiəlχətalə	train
syferheelgetal	səifərɦiəlχətal	train
syfering	səifərəŋ	train
syfervaardigheidstoetse	səifərfɑːrdəχɦəitstutsə	train
taakomskrywing	tɑːkɔmskrəivəŋ	train
taalaangeleenthede	tɑːlɑːnχəliəntɦiədə	train
taalbeleide	tɑːlbələidə	train
taalbevoegdheid	tɑːlbəfuχtɦəit	train
taalbeweging	tɑːlbəviəχəŋ	train
taaldiens	tɑːldins	train
taaldienste	tɑːldinstə	train
taalgebruikers	tɑːlχəbrœykərs	test
taalgeleerdes	tɑːlχəliərdəs	train
taalkennis	tɑːlkɛnəs	train
taalleer	tɑːliər	train
taalleiding	tɑːləidəŋ	train
taaltoepassings	tɑːltupasəŋs	train
taalverenigings	tɑːlfəriənəχəŋs	train
taalverspreiding	tɑːlfərsprəidəŋ	train
taalverwante	tɑːlfərvantə	train
tafellopers	tɑːfəluəpərs	train
tandheelkundig	tantɦiəlkœndəχ	train
tasbaarheid	tasbɑːrɦəit	test
teatergeskiedenis	tiɑːtərχəskidənəs	train
teatervaardighede	tiɑːtərfɑːrdəχɦiədə	train
teenaanduidings	tiənɑːndœydəŋs	train
teenargumente	tiənarχymɛntə	train
teenargument	tiənarχymɛnt	train
teenmaatreëls	tiənmɑːtriəls	train
teensikliese	tiənsiklisə	train
teenwerk	tiənvɛrk	test
teestel	tiəstɛl	train
tegnoloë	tɛχnuluə	test
tekenprentjie	tiəkənprɛŋki	train
tekenvaardighede	tiəkənfɑːrdəχɦiədə	train
tekortkomings	təkɔrtkuəməŋs	train
tekortkoming	təkɔrtkuəməŋ	train
teksbeskrywings	tɛksbəskrəivəŋs	train
teksgebaseerde	tɛksχəbasiərdə	train
tekstiele	tɛkstilə	train
telefoonrekenings	tɛləfuənriəkənəŋs	train
telekommunikasiedienste	tɛləkɔmynikɑːsidinstə	test
telekommunikasiewet	tɛləkɔmynikɑːsivɛt	train
teleurstel	təløːrstɛl	train
televisieproduksies	tɛləvisiprudœksis	train
televisieregte	tɛləvisirɛχtə	train
televisietyd	tɛləvisitəit	train
templaat	tɛmplɑːt	train
tempoveranderings	tɛmpufərandərəŋs	test
tenderaanbod	tɛndərɑːnbɔt	train
tenderaar	tɛndərɑːr	train
tenderprosesse	tɛndərprusɛsə	train
tengerige	tɛŋərəχə	train
tentoonstel	tɛntuənstɛl	test
teoriekennis	tiurikɛnəs	test
teorietoets	tiurituts	train
tering	tiərəŋ	train
termometers	tɛrmumiətərs	train
termostaat	tɛrmɔstɑːt	train
termostatiese	tɛrmɔstɑːtisə	train
termostaties	tɛrmɔstɑːtis	train
termyne	tɛrməinə	train
termynooreenkomste	tɛrməinuəriənkɔmstə	train
terreinontwikkelingsplan	tərəinɔntvəkələŋsplan	train
tertafellegging	tərtɑːfəlɛχəŋ	train
teruggeskryf	trœχəskrəif	train
teruggevorder	trœχəfɔrdər	train
terugskrywings	trœχskrəivəŋs	train
terugvordering	trœχfɔrdərəŋ	train
tiemie	timi	train
tiene	tinə	train
tinteling	təntələŋ	train
tipes	tipəs	train
tipografie	tipuχrafi	train
titelakte	titəlaktə	train
titelreëlings	titəlriələŋs	train
titelvoorwaardes	titəlfuərvɑːrdəs	train
titelvoorwaarde	titəlfuərvɑːrdə	train
toegangsbeheerstelsel	tuχaŋsbəɦiərstɛlsəl	test
toegangsfonds	tuχaŋsfɔnts	train
toegangsgelde	tuχaŋsχɛldə	train
toegangskaart	tuχaŋskɑːrt	train
toegankliker	tuχaŋkləkər	train
toegedeelde	tuχədiəldə	train
toegeeflikheid	tuχiəfləkɦəit	train
toegeeflik	tuχiəflək	train
toegeligte	tuχələχtə	train
toegestane	tuχəstɑːnə	train
toegewese	tuχəviəsə	train
toegewysde	tuχəvəisdə	train
toehoorders	tuɦuərdərs	train
toehoorder	tuɦuərdər	train
toekenningproses	tukɛnəŋprusɛs	train
toekenningsproses	tukɛnəŋsprusɛs	test
toekomsgeslagte	tukɔmsχəslaχtə	train
toeloopgebiede	tuluəpχəbidə	train
toenmalige	tunmɑːləχə	train
toepasbaar	tupasbɑːr	train
toepassingsprogramme	tupasəŋspruχramə	train
toepassingsprogram	tupasəŋspruχram	train
toereikend	turəikənt	train
toerekenbaarheid	turiəkənbɑːrɦəit	train
toergangers	turχaŋərs	train
toerismebeplanning	turəsməbəplanəŋ	train
toerismebesighede	turəsməbiəsəχɦiədə	train
toerismebesigheid	turəsməbiəsəχɦəit	train
toerismeorganisasie	turəsməɔrχanisɑːsi	train
toerismewaarvan	turəsməvɑːrfan	train
toeristemark	turəstəmark	train
toerustingoordragte	turœstəŋuərdraχtə	train
toesighoudende	tusəχɦœudəndə	train
toesighoudingsfunksie	tusəχɦœudəŋsfœŋksi	train
toesighouer	tusəχɦœuər	train
toestelname	tustɛlnɑːmə	train
toeswaai	tuswɑːi	train
toetreders	tutriədərs	train
toetsbaar	tutsbɑːr	train
toetsbare	tutsbɑːrə	test
toetsbordsvaardighede	tutsbɔrtsfɑːrdəχɦiədə	train
toetsdeelnemer	tutsdiəlniəmər	train
toetsprosedures	tutsprɔsədyrəs	train
toetsstrategie	tutstratəχi	train
toetsuitslae	tutsœytslɑːə	train
toetswaarnemings	tutsvɑːrniəməŋs	train
toetswerwing	tutsvɛrvəŋ	train
toevallige	tufaləχə	train
toevalligheid	tufaləχɦəit	train
toevallings	tufaləŋs	train
toevoere	tufurə	train
toevoermasker	tufurmaskər	train
toevoerspanning	tufurspanəŋ	test
toewysings	tuvəisəŋs	train
tolking	tɔlkəŋ	train
tonale	tɔnɑːlə	test
tonaliteit	tɔnalitəit	train
toneelonderrig	tuniəlɔndərəχ	train
toneelteks	tuniəltɛks	train
tongvis	tɔŋfəs	train
toonleer	tuənliər	train
toonwaardes	tuənvɑːrdəs	train
traagheid	trɑːχɦəit	train
traliewerk	trɑːlivɛrk	test
transaksionele	transakʃiuniələ	train
transendentaal	transəndɛntɑːl	train
transformasiedoelwitte	transfɔrmɑːsidulvətə	train
transformasieprofiel	transfɔrmɑːsiprufil	train
transformasieprogram	transfɔrmɑːsipruχram	train
transformasies	transfɔrmɑːsis	test
transformasievlakke	transfɔrmɑːsiflakə	train
transformeerder	transfɔrmiərdər	train
transformeer	transfɔrmiər	train
transformering	transfɔrmiərəŋ	train
transparante	transparantə	train
transpirasie	transpirɑːsi	train
transponerende	transpuniərəndə	train
transportakte	transpɔrtaktə	train
transportbesorger	transpɔrtbəsɔrχər	test
treilers	trəilərs	test
treinstasies	trəinstɑːsis	train
trekarbeid	trɛkarbəit	train
trekstang	trɛkstaŋ	train
trilogie	triluχi	train
tromspeltegnieke	trɔmspɛltɛχnikə	train
tromstel	trɔmstɛl	train
tronkkompleks	trɔŋkɔmplɛks	train
trotser	trɔtsər	train
tuisomgewing	tœysɔmχiəvəŋ	test
tussengangers	tœsənχaŋərs	train
tussenkoms	tœsənkɔms	train
tussenkomste	tœsənkɔmstə	train
tussenverbind	tœsənfərbənt	train
tussenvermoë	tœsənfərmuəə	train
tussenvoering	tœsənfurəŋ	train
tweedelige	twiədiələχə	train
tweedimensioneel	twiədəmɛnʃiuniəl	train
tweedimensionele	twiədəmɛnʃiuniələ	train
tweesoortige	twiəsuərtəχə	test
tyddeling	təidələŋ	train
tydeenhede	təitiənɦiədə	train
tydelikheid	təidələkɦəit	train
tydmaattekens	təitmɑːtiəkəns	train
tydmaatteken	təitmɑːtiəkən	train
tydraam	təidrɑːm	train
tydraamwerke	təidrɑːmvɛrkə	train
tydraamwerk	təidrɑːmvɛrk	train
tydsbeperking	təitsbəpɛrkəŋ	train
tydskakelaar	təitskɑːkəlɑːr	train
uiteenlopendheid	œytiənlupəntɦəit	train
uiteensettings	œytiənsɛtəŋs	train
uiterse	œytərsə	train
uitgewersafdeling	œytχiəvərsafdiələŋ	train
uitkenningsteken	œytkɛnəŋstiəkən	train
uitkenningstekens	œytkɛnəŋstiəkəns	train
uitkomsgebaseerde	œytkɔmsχəbasiərdə	train
uitkontraktering	œytkɔntraktiərəŋ	train
uitleenstelsel	œytliənstɛlsəl	test
uitmekaargehaal	œytməkɑːrχəɦɑːl	train
uitmekaarval	œytməkɑːrfal	train
uitsaaidienslisensiehouer	œytsɑːidinsləsɛnsiɦœuər	train
uitsaaiseinverspreiding	œytsɑːisəinfərsprəidəŋ	train
uitsaaitegnologie	œytsɑːitɛχnuluχi	train
uitsaaiwet	œytsɑːivɛt	train
uitsenders	œytsəndərs	train
uitsette	œytsɛtə	train
uitskakelingsprosedure	œytskɑːkələŋsprɔsədyrə	train
uitsluitings	œytslœytəŋs	train
uitsluitingskriteria	œytslœytəŋskrətiəria	train
uitsterwing	œytstɛrvəŋ	train
uitstralende	œytstrɑːləndə	train
uitstraling	œytstrɑːləŋ	train
uittredingfunderingsdiens	œytriədəŋfœndiərəŋsdins	train
uitvaardig	œytfɑːrdəχ	train
uitvaardiging	œytfɑːrdəχəŋ	train
uitvindings	œytfəndəŋs	train
uitvoerbestemming	œytfurbəstɛməŋ	train
uitvoerbevordering	œytfurbəfɔrdərəŋ	train
uitvoerbevorderingsmetodes	œytfurbəfɔrdərəŋsmətuədəs	train
uitvoergeleenthede	œytfurχəliəntɦiədə	train
uitvoergeoriënteerde	œytfurχœuəriɛntiərdə	train
vaandeldraer	fɑːndəldrɑːər	train
vaardigheidsbasis	fɑːrdəχɦəitsbɑːsəs	test
vaardigheidsbou	fɑːrdəχɦəitsbœu	train
vaardigheidsfonds	fɑːrdəχɦəitsfɔnts	train
vaardigheidsgrondslag	fɑːrdəχɦəitsχrɔntslaχ	test
vaardigheidskode	fɑːrdəχɦəitskuədə	test
vaardigheidsontwikkelingtot	fɑːrdəχɦəitsɔntvəkələŋtɔt	train
vaardigheidsoordrag	fɑːrdəχɦəitsuərdraχ	train
vaardigheidsoordragplanne	fɑːrdəχɦəitsuərdraχplanə	test
vaardigheidsoordragskedule	fɑːrdəχɦəitsuərdraχskədylə	train
vaardigheidsopleiding	fɑːrdəχɦəitsɔpləidəŋ	train
vaardigheidsprogramme	fɑːrdəχɦəitspruχramə	train
vaardigheidstekorte	fɑːrdəχɦəitstəkɔrtə	train
vaardigheidstekort	fɑːrdəχɦəitstəkɔrt	train
vaardigheidsverwerwing	fɑːrdəχɦəitsfərvɛrvəŋ	train
vaardigheidsvlakke	fɑːrdəχɦəitsflakə	train
vaartuigbeperkings	fɑːrtœyχbəpɛrkəŋs	train
vaartuigmoniteringstelsels	fɑːrtœyχmɔnitiərəŋstɛlsəls	train
vakansieskool	fakansiskuəl	train
vakbondbewegings	fakbɔntbəviəχəŋs	train
vakkundiges	fakœndəχəs	train
vakriglyne	fakrəχləinə	train
vakuitkoms	fakœytkɔms	train
validering	validiərəŋ	train
vangsgeskiedenis	faŋsχəskidənəs	train
vangskoerse	faŋskursə	train
vangslimiet	faŋsləmit	train
vangspoging	faŋspuəχəŋ	train
vangsprestasie	faŋsprɛstɑːsi	test
vangstebedryf	faŋstəbədrəif	train
vangsverslae	faŋsfərslɑːə	train
vanne	fanə	train
vanpas	fanpas	train
variëteit	variətəit	train
vasbeslotenheid	fasbəslutənɦəit	train
vasgebout	fasχəbœut	train
vasgeheg	fasχəɦɛχ	test
vasgeplak	fasχəplak	train
vasgeskroef	fasχəskruf	train
vasgestampte	fasχəstamptə	train
vasgewerk	fasχəvɛrk	train
vaslegging	faslɛχəŋ	test
vastekapitaalformasie	fastəkapitɑːlfɔrmɑːsi	train
vastevoordeel	fastəfuərdiəl	train
veeldoelige	fiəlduləχə	train
veelhoeke	fiəlɦukə	train
veeltaligheidsbeleid	fiəltɑːləχɦəitsbələit	train
veelvaardig	fiəlfɑːrdəχ	train
veerbelaste	fiərbəlastə	train
veergebalanseerde	fiərχəbalansiərdə	train
veerkragtig	fiərkraχtəχ	test
veertigerjare	fiərtəχərjɑːrə	train
veesiekte	fiəsiktə	train
veeverminderingskema	fiəfərməndərəŋskiəma	train
veiligheidsaangeleenthede	fəiləχɦəitsɑːnχəliəntɦiədə	train
veiligheidsbuffer	fəiləχɦəitsbœfər	train
veiligheidsdiens	fəiləχɦəitsdins	train
veiligheidsdienste	fəiləχɦəitsdinstə	train
veiligheidsforums	fəiləχɦəitsfuərœms	test
veiligheidsgevare	fəiləχɦəitsχəfɑːrə	train
veiligheidsindustrie	fəiləχɦəitsəndœstri	train
veiligheidsinligting	fəiləχɦəitsənləχtəŋ	test
veiligheidsituasie	fəiləχɦəitsətʃuɑːsi	train
veiligheidskomitees	fəiləχɦəitskɔmitiəs	train
veiligheidskut	fəiləχɦəitskœt	train
veiligheidskwessies	fəiləχɦəitskwɛsis	train
veiligheidsmaatreëls	fəiləχɦəitsmɑːtriəls	train
veiligheidsmeganismes	fəiləχɦəitsmɛχanəsməs	train
veiligheidsoorde	fəiləχɦəitsuərdə	train
veiligheidsopleiding	fəiləχɦəitsɔpləidəŋ	train
veiligheidsoudit	fəiləχɦəitsœudət	train
veiligheidsplan	fəiləχɦəitsplan	test
veiligheidsplanne	fəiləχɦəitsplanə	train
veiligheidsregulasies	fəiləχɦəitsrɛχylɑːsis	train
veiligheidstandaard	fəiləχɦəitstandɑːrt	train
veiligheidstekens	fəiləχɦəitstiəkəns	train
veiligheidsvereistes	fəiləχɦəitsfərəistəs	train
veiligheidsverteenwoordiger	fəiləχɦəitsfərtiənvuərdəχər	train
veiligheidsverteenwoordigers	fəiləχɦəitsfərtiənvuərdəχərs	train
veiligheidsvoorskrifte	fəiləχɦəitsfuərskrəftə	train
veldsketse	fɛltskɛtsə	train
venstertydperke	fɛnstərtəitpɛrkə	train
venstertydperk	fɛnstərtəitpɛrk	train
vensteruitstallings	fɛnstərœytstaləŋs	train
verafrikaans	fərafrikɑːns	train
veranderlike	fərandərləkə	test
verantwoorde	fərantvuərdə	train
verantwoordelikheidsposisie	fərantvuərdələkɦəitspuzisi	train
verantwoordingdoening	fərantvuərdəŋdunəŋ	train
verantwoordingspligtig	fərantvuərdəŋspləχtəχ	train
verantwoordingspligtigheid	fərantvuərdəŋspləχtəχɦəit	train
verbale	vɛrbɑːlə	train
verbandhou	fərbantɦœu	train
verbandrente	fərbantrɛntə	train
verbeelde	fərbiəldə	train
verbeeld	fərbiəlt	train
verbeeldingloos	fərbiəldəŋluəs	train
verbeteringskool	fərbiətərəŋskuəl	train
verbeteringspraktyke	fərbiətərəŋspraktəikə	train
verbeteringsuitgawes	fərbiətərəŋsœytχɑːvəs	train
verbeurdverklaring	fərbøːrtfərklɑːrəŋ	train
verbeuring	fərbøːrəŋ	train
verbindings	fərbəndəŋs	train
verbindingspype	fərbəndəŋspəipə	train
verblyftoelaag	fərbləiftulɑːχ	test
verbrandingseisoen	fərbrandəŋsəisun	train
verbruikende	fərbrœykəndə	train
verbruikerisme	fərbrœykərəsmə	train
verbruikersadviespaneel	fərbrœykərsatfispaniəl	test
verbruikersdruk	fərbrœykərsdrœk	train
verbruikersprodukte	fərbrœykərsprudœktə	train
verbruikerstalle	fərbrœykərstalə	train
verbruikerstudies	fərbrœykərstydis	train
verbruikersvoorkeure	fərbrœykərsfuərkøːrə	train
verbruikspatrone	fərbrœykspatrunə	train
verbygegane	fərbəiχəχɑːnə	train
verbygeloop	fərbəiχəluəp	train
verbygestreef	fərbəiχəstriəf	train
verchroomde	fərkruəmdə	train
verdedigingsverwante	fərdiədəχəŋsfərvantə	train
verdiend	fərdint	train
verdienstelik	fərdinstələk	train
verdiskonteerde	fərdəskɔntiərdə	train
verdraagsame	fərdrɑːχsɑːmə	train
verdraaide	fərdrɑːidə	train
verdring	fərdrəŋ	train
verdrinkende	fərdrəŋkəndə	train
verdubbeling	fərdœbələŋ	train
verduidelikingstelsels	fərdœydələkəŋstɛlsəls	train
vergaanbaar	fərχɑːnbɑːr	train
vergaderinge	fərχɑːdərəŋə	train
vergaderingsprosedures	fərχɑːdərəŋsprɔsədyrəs	train
vergeelde	fərχiəldə	test
vergelykbaarheid	fərχələikbɑːrɦəit	train
vergemakliking	fərχəmakləkəŋ	train
vergestalt	fərχəstalt	train
vergiftiging	fərχəftəχəŋ	test
vergoedingspakkette	fərχudəŋspakɛtə	train
vergrendel	fərχrɛndəl	train
vergrotend	fərχruətənt	train
verguising	fərχœysəŋ	test
verhaalbaar	fərɦɑːlbɑːr	train
verhaalreg	fərɦɑːlrɛχ	train
verhaas	fərɦɑːs	train
verhalend	fərɦɑːlənt	train
verharde	fərɦardə	test
verhard	fərɦart	train
verhitting	fərɦətəŋ	train
verhittingselemente	fərɦətəŋsɛləmɛntə	train
verhoogaanwysings	fərɦuəχɑːnvəisəŋs	train
verhoogkonvensies	fərɦuəχkɔnfɛnsis	train
verhoudingsdinamika	fərɦœudəŋsdinɑːmika	train
verifieerbaar	vɛrifiiərbɑːr	train
verifiëringsdoeleindes	vɛrifiiərəŋsduləindəs	train
verifiëring	vɛrifiiərəŋ	train
verifikasieaanhangsel	vɛrifikɑːsiɑːnɦaŋsəl	train
verifikasie	vɛrifikɑːsi	train
verjaardagvieringe	fərjɑːrdaχfirəŋə	test
verjaartydperk	fərjɑːrtəitpɛrk	train
verjonging	fərjɔŋəŋ	train
verkeersdiens	fərkiərsdins	train
verkeersdienste	fərkiərsdinstə	train
verkeersentrums	fərkiərsɛntrœms	test
verkeersopsigter	fərkiərsɔpsəχtər	train
verkeersopsigters	fərkiərsɔpsəχtərs	train
verkeersveiligheid	fərkiərsfəiləχɦəit	train
verkeersveiligheidsbevordering	fərkiərsfəiləχɦəitsbəfɔrdərəŋ	train
verkeersveiligheids	fərkiərsfəiləχɦəits	train
verkeerswetstoepassingdienste	fərkiərsvɛtstupasəŋdinstə	train
verkeerswetstoepassing	fərkiərsvɛtstupasəŋ	train
verkeerswetstoepassingsdienste	fərkiərsvɛtstupasəŋsdinstə	train
verkeerswetstoepassings	fərkiərsvɛtstupasəŋs	train
verkenning	fərkɛnəŋ	train
verkennings	fərkɛnəŋs	train
verkiesingsmandaat	fərkisəŋsmandɑːt	test
verkiesingsprosedures	fərkisəŋsprɔsədyrəs	test
verkiesingstydperk	fərkisəŋstəitpɛrk	train
verkillende	fərkələndə	train
verklarende	fərklɑːrəndə	train
verkleinings	fərkləinəŋs	train
verkoelde	fərkuldə	train
verkoel	fərkul	train
verkoelingsklos	fərkuləŋsklɔs	train
verkoopspersone	fərkuəpspərsuənə	train
verkoopspersoon	fərkuəpspərsuən	train
verkoopstrokie	fərkuəpstruəki	train
verkooptransaksie	fərkuəptransaksi	train
verkragtingstrategie	fərkraχtəŋstratəχi	train
verkragtingsveldtog	fərkraχtəŋsfɛltɔχ	train
verkrygingsbeleid	fərkrəiχəŋsbələit	test
verkwansel	fərkwansəl	train
verkwistende	fərkwəstəndə	train
verlating	fərlɑːtəŋ	train
verlengde	fərlɛŋdə	train
verlening	fərliənəŋ	train
verligtingsagentskappe	fərləχtəŋsaχɛntskapə	train
verligtingsfonds	fərləχtəŋsfɔnts	test
verligtingsmaatreëls	fərləχtəŋsmɑːtriəls	train
verlofgratifikasiebetalings	fərlɔfχratifikɑːsibətɑːləŋs	train
verlofrekordstelsel	fərlɔfrɛkɔrtstɛlsəl	test
verlofstelsel	fərlɔfstɛlsəl	train
vermaakwaarde	fərmɑːkvɑːrdə	train
vermanings	fərmɑːnəŋs	test
vermeerderde	fərmiərdərdə	train
vermeerderings	fərmiərdərəŋs	train
vermenigvuldigingsomgekeerdes	fərmiənəχfœldəχəŋsɔmχəkiərdəs	train
verminderings	fərməndərəŋs	train
verminderingsmaat	fərməndərəŋsmɑːt	train
verminderingsmaatreëls	fərməndərəŋsmɑːtriəls	train
vermoedelike	fərmudələkə	test
vermybare	fərməibɑːrə	train
vernie	fərni	train
vernietigde	fərnitəχdə	train
veroorloof	fəruərluəf	train
veroorsaking	fəruərsɑːkəŋ	train
verootmoedig	fəruətmudəχ	train
verordeninge	fərɔrdənəŋə	train
verordening	fərɔrdənəŋ	train
verordenings	fərɔrdənəŋs	train
verowering	fəruəvərəŋ	train
verpakkingmateriaal	fərpakəŋmatiəriɑːl	train
verpakkingsmateriaal	fərpakəŋsmatiəriɑːl	train
verpakkingsmateriale	fərpakəŋsmatiəriɑːlə	train
verpakte	fərpaktə	train
verpersoonliking	fərpərsuənləkəŋ	train
verpersoonlikte	fərpərsuənləktə	train
verplasing	fərplɑːsəŋ	train
verplasings	fərplɑːsəŋs	train
verpleegkundige	fərpliəχkœndəχə	train
verpleegsusters	fərpliəχsœstərs	train
verpligbaar	fərpləχbɑːr	train
verreken	fəriəkən	train
verrekening	fəriəkənəŋ	train
verrekking	fərɛkəŋ	train
verrekte	fərɛktə	test
verrotting	fərɔtəŋ	train
verrykingskursusse	fərəikəŋskœrsœsə	test
versame	fərsɑːmə	train
versamelaar	fərsɑːməlɑːr	train
versamelaarsitem	fərsɑːməlɑːrsətɛm	train
versamelaarstatus	fərsɑːməlɑːrstɑːtœs	train
versamelaarsvereniging	fərsɑːməlɑːrsfəriənəχəŋ	train
verseël	fərsiəl	train
versekeringskoste	fərsiəkərəŋskɔstə	train
versending	fərsɛndəŋ	test
versetbewegings	fərsɛtbəviəχəŋs	train
versie	fərsi	train
versiendheid	fərsintɦəit	train
versierings	fərsirəŋs	train
verskaffersdatabasis	fərskafərsdɑːtabɑːsəs	train
verskaffertipe	fərskafərtipə	train
verskeping	fərskɛpəŋ	train
verskerping	fərskɛrpəŋ	train
verskuifbare	fərskœyfbɑːrə	train
verskuldigde	fərskœldəχdə	test
verslagdoeningslyne	fərslaχdunəŋsləinə	test
verslagdoeningspligte	fərslaχdunəŋspləχtə	train
verslagdokumente	fərslaχdɔkymɛntə	train
verslaghouding	fərslaχɦœudəŋ	train
verslagtaal	fərslaχtɑːl	train
verslagtydperk	fərslaχtəitpɛrk	test
versoekgelde	fərsukχɛldə	train
versoekinge	fərsukəŋə	train
versoekprosedure	fərsukprɔsədyrə	train
versoenbaar	fərsunbɑːr	train
versoenbaarheid	fərsunbɑːrɦəit	train
versorger	fərsɔrχər	train
versorgers	fərsɔrχərs	train
versorgingsdienste	fərsɔrχəŋsdinstə	train
versorgings	fərsɔrχəŋs	train
verspreidingsgrafieke	fərsprəidəŋsχrafikə	train
verspreidingskoste	fərsprəidəŋskɔstə	train
verspreidingslyste	fərsprəidəŋsləistə	train
verspreidingsnetwerke	fərsprəidəŋsnɛtvɛrkə	train
verspreidingspunt	fərsprəidəŋspœnt	train
verstaanbaarheid	fərstɑːnbɑːrɦəit	train
verstandig	fərstandəχ	train
verstandigheid	fərstandəχɦəit	train
verstandsouderdom	fərstantsœudərdɔm	train
verstedelikte	fərstiədələktə	train
verstelbare	fərstɛlbɑːrə	train
versteurings	fərstøːrəŋs	train
verstok	fərstɔk	train
verstrikking	fərstrəkəŋ	train
verstryking	fərstrəikəŋ	train
verstuite	fərstœytə	test
verstuiting	fərstœytəŋ	train
verstuitings	fərstœytəŋs	train
versuime	fərsœymə	train
vertaaldienste	fərtɑːldinstə	train
vertalende	fərtɑːləndə	train
vertaler	fərtɑːlər	train
vertalingskamer	fərtɑːləŋskɑːmər	train
vertellende	fərtɛləndə	train
vertellersfunksie	fərtɛlərsfœŋksi	train
vertellinge	fərtɛləŋə	train
vertelsituasies	fərtɛlsətʃuɑːsis	train
vertinde	vɛrtəndə	test
vertolker	fərtɔlkər	train
vertoonvensters	fərtuənfɛnstərs	train
vertragingstyd	fərtrɑːχəŋstəit	train
vertrektyd	fərtrɛktəit	train
vertrouensoefeninge	fərtrœuənsufənəŋə	train
vertrouensverhoudings	fərtrœuənsfərɦœudəŋs	train
vertroulikheid	fərtrœuləkɦəit	train
vertroulikheidskending	fərtrœuləkɦəitskɛndəŋ	test
vertroulikheidsooreenkomste	fərtrœuləkɦəitsuəriənkɔmstə	train
vervaardigersdatabasis	fərfɑːrdəχərsdɑːtabɑːsəs	train
vervaardigerslisensie	fərfɑːrdəχərsləsɛnsi	train
vervaardigingsbedrywe	fərfɑːrdəχəŋsbədrəivə	test
vervaardigingsmetode	fərfɑːrdəχəŋsmətuədə	train
vervaldatum	fərfaldɑːtœm	train
vervalsone	fərfalsuənə	train
vervangbare	fərfaŋbɑːrə	train
vervangingskema	fərfaŋəŋskiəma	train
vervoerder	fərfurdər	train
vervoerders	fərfurdərs	train
vervoerfasiliteite	fərfurfasəlitəitə	train
vervoergange	fərfurχaŋə	train
vervoerkostes	fərfurkɔstəs	test
vervoermiddels	fərfurmədəls	train
vervoeromgewing	fərfurɔmχiəvəŋ	test
vervoerplan	fərfurplan	train
vervoerroetes	fərfurutəs	train
vervoersake	fərfursɑːkə	train
vervoersektor	fərfursɛktɔr	train
vervoerstelsel	fərfurstɛlsəl	train
vervoertoelaag	fərfurtulɑːχ	train
vervoertoerusting	fərfurturœstəŋ	test
vervorm	fərfɔrm	train
vervroegde	fərfruχdə	train
verwagtende	fərvaχtəndə	train
verwantskappe	fərvantskapə	train
verwarmers	fərvarəmərs	train
verwarrend	fərvarənt	train
verweefdheid	fərviəftɦəit	train
verwelkomend	fərvɛlkuəmənt	train
verwelkomingspak	fərvɛlkuməŋspak	train
verwering	fərviərəŋ	train
verwerkingskonteks	fərvɛrkəŋskɔntɛks	train
verwerkingskrag	fərvɛrkəŋskraχ	train
verwerpte	fərvɛrptə	test
verwerwing	fərvɛrvəŋ	train
verwesenliking	fərviəsənləkəŋ	train
verwisselbaar	fərvəsəlbɑːr	train
verwittiging	fərvətəχəŋ	train
verwring	fərvrəŋ	train
verwyderbaar	fərvəidərbɑːr	train
verwyderbare	fərvəidərbɑːrə	train
verwysingsbronne	fərvəisəŋsbrɔnə	train
verwysingsessies	fərvəisəŋsɛsis	train
verwysingsgroep	fərvəisəŋsχrup	train
verwysingsprys	fərvəisəŋsprəis	test
verwysingspryslys	fərvəisəŋsprəisləis	train
verwysingsvaardighede	fərvəisəŋsfɑːrdəχɦiədə	train
verydeling	fərəidələŋ	train
vestigingspatrone	fɛstəχəŋspatruənə	train
vibrasie	vibrɑːsi	train
vieringe	firəŋə	train
viervoudige	firfœudəχə	train
vindkategorie	fəntkatəχuri	train
visbedryf	fəsbədrəif	test
visbevolkings	fəsbəfɔlkəŋs	train
visenteer	fəsɛntiər	train
visentering	fəsɛntiərəŋ	train
visenteringslasbrief	fəsɛntiərəŋslasbrif	train
viserektor	fisirɛktɔr	train
visgevang	fəsχəfaŋ	train
visgronde	fəsχrɔndə	test
visnywerheid	fəsnəivərɦəit	train
vissers	fəsərs	test
vissersgemeenskap	fəsərsχəmiənskap	train
visserye	fəsərəiə	train
vissery	fəsərəi	train
visspesies	fəspiəsis	train
visvangbedryf	fəsfaŋbədrəif	train
visvangbedrywighede	fəsfaŋbədrəivəχɦiədə	train
visvangmaatskappye	fəsfaŋmɑːtskapəiə	train
visvangreg	fəsfaŋrɛχ	train
visvangregte	fəsfaŋrɛχtə	test
visvangste	fəsfaŋstə	train
visverwerkings	fəsfərvɛrkəŋs	train
visvoorraad	fəsfuərɑːt	train
vlagsveranderingsproses	flaχsfərandərəŋsprusɛs	train
vlakwater	flakvɑːtər	train
vleeslike	fliəsləkə	test
vleilande	fləilandə	train
vleisbehoeftes	fləisbəɦuftəs	train
vlekvry	flɛkfrəi	train
vlekvrystaalblad	flɛkfrəistɑːlblat	train
vlekvrystaal	flɛkfrəistɑːl	train
vlekvrystaalpote	flɛkfrəistɑːlputə	train
vloedfrekwensie	flutfrikwɛnsi	test
vloedverligting	flutfərləχtəŋ	train
vloedvlakte	flutflaktə	train
vloeikaarte	fluikɑːrtə	train
vloeivereistes	fluifərəistəs	train
vloekte	fluktə	train
vloerafwerking	flurafvɛrkəŋ	train
vloergemonteerde	flurχəmɔntiərdə	train
vloerverkooptransaksie	flurfərkuəptransaksi	train
vloerverkope	flurfərkuəpə	train
vloervlak	flurflak	train
vlootbeheer	fluətbəɦiər	train
vlotheid	flɔtɦəit	train
vlotste	flɔtstə	train
vlotter	flɔtər	train
vlotterklep	flɔtərklɛp	train
voedings	fudəŋs	train
voedingsmetode	fudəŋsmətuədə	train
voedingsondersteuning	fudəŋsɔndərstøːnəŋ	train
voedingsprogram	fudəŋspruχram	train
voedingstatus	fudəŋstɑːtœs	train
voedingsvlakke	fudəŋsflakə	train
voedselbedienings	futsəlbədinəŋs	train
voedselbehoeftes	futsəlbəɦuftəs	train
voedselonsekerheid	futsəlɔnsiəkərɦəit	train
voedselsekerheid	futsəlsiəkərɦəit	train
voedselsekerheidstrategie	futsəlsiəkərɦəitstratəχi	test
voedselsekuriteit	futsəlsəkyritəit	train
voedselstilering	futsəlstəliərəŋ	train
voedselveiligheid	futsəlfəiləχɦəit	train
voedselvoorbereiding	futsəlfuərbərəidəŋ	train
voelers	fulərs	train
voering	furəŋ	train
voertuigopspoor	furtœyχɔpspuər	train
voetgangersterftes	futχaŋərstɛrftəs	train
voetstukke	futstœkə	train
voetwerk	futvɛrk	train
vogtigheid	fɔχtəχɦəit	train
voldaan	fɔldɑːn	train
voldoenings	fɔldunəŋs	train
voldoeningskennisgewing	fɔldunəŋskɛnəsχiəvəŋ	train
voldoeningskennisgewings	fɔldunəŋskɛnəsχiəvəŋs	train
volgend	fɔlχənt	train
volgepak	fɔlχəpak	train
volgrootte	fɔlχruətə	train
volhoubaarheidsverslag	fɔlɦœubɑːrɦəitsfərslaχ	train
volhoudend	fɔlɦœudənt	train
volkereg	fɔlkərɛχ	train
volksake	fɔlksɑːkə	train
volksbevryding	fɔlksbəfrəidəŋ	train
volkskap	fɔlkskap	train
volkstaatraad	fɔlkstɑːtrɑːt	train
volkstem	fɔlkstɛm	train
vonnisvermindering	fɔnəsfərməndərəŋ	train
voorafbetaal	fuərafbətɑːl	train
voorafgemaakte	fuərafχəmɑːktə	test
vooraflees	fuərafliəs	train
voorafmagtiging	fuərafmaχtəχəŋ	train
voorafmagtigingsnommer	fuərafmaχtəχəŋsnɔmər	train
voorafmagtigingsproses	fuərafmaχtəχəŋsprusɛs	train
voorafvervaardigde	fuərafərfɑːrdəχdə	test
voorbeelddata	fuərbiəldɑːta	train
voorbeeldtoetse	fuərbiəltutsə	train
voorbehoeding	fuərbəɦudəŋ	test
voorbehoudsbepaling	fuərbəɦœutsbəpɑːləŋ	train
voordeelbedrag	fuərdiəlbədraχ	train
voordeeltrekking	fuərdiəltrɛkəŋ	train
voordelestatus	fuərdələstɑːtœs	test
voordelige	fuərdiələχə	train
voordeligste	fuərdiələχstə	train
voordiens	fuərdins	train
voordraer	fuərdrɑːər	train
voordragkunstenaar	fuərdraχkœnstənɑːr	train
voorgenoemde	fuərχənumdə	train
voorgeskiete	fuərχəskitə	train
voorgewel	fuərχəvɛl	train
voorgraadse	fuərχrɑːtsə	test
voorin	fuərən	train
voorkeurtaal	fuərkøːrtɑːl	train
voorkeurverkrygingsbeleid	fuərkøːrfərkrəiχəŋsbələit	train
voorkomings	fuərkuməŋs	train
voorkomingsmaatreëls	fuərkuəməŋsmɑːtriəls	train
voorkomingsprogramme	fuərkuəməŋspruχramə	train
voorkomingsprojekte	fuərkuəməŋsprujɛktə	train
voorkomingstrategieë	fuərkuəməŋstratəχiə	train
voorkomssyfer	fuərkɔmsəifər	train
voorletter	fuərlɛtər	train
voorloperfase	fuərluəpərfɑːsə	train
voornaamwoorde	fuərnɑːmvuərdə	train
voornaamwoord	fuərnɑːmvuərt	train
voorname	fuərnɑːmə	train
voorouerlike	fuərœuərləkə	train
voorraadaansuiwerings	fuərɑːtɑːnsœyvərəŋs	train
voorraadbeheer	fuərɑːtbəɦiər	train
voorraadhouding	fuərɑːtɦœudəŋ	train
voorraadopname	fuərɑːtɔpnɑːmə	train
voorraadstelsel	fuərɑːtstɛlsəl	train
voorraadtellingskaarte	fuərɑːtɛləŋskɑːrtə	test
voorraadwaardasie	fuərɑːtvɑːrdɑːsi	test
voorsetsels	fuərsɛtsəls	train
voorsiener	fuərsinər	train
voorsieningsketting	fuərsinəŋskɛtəŋ	train
voorsieningsonderbrekings	fuərsinəŋsɔndərbriəkəŋs	train
voorskoot	fuərskuət	train
voorskot	fuərskɔt	train
voorskriflys	fuərskrəfləis	test
voorskriflyste	fuərskrəfləistə	train
voorskriftelike	fuərskrəftələkə	train
voorskriftelik	fuərskrəftələk	test
voorskriftelikheid	fuərskrəftələkɦəit	train
voorskryflys	fuərskrəifləis	train
voorskrywende	fuərskrəivəndə	train
voorsorgbeginsel	fuərsɔrχbəχənsəl	train
voorsorgbenadering	fuərsɔrχbənɑːdərəŋ	train
voorsorgmaatreël	fuərsɔrχmɑːtriəl	train
voorsorgmaatreëls	fuərsɔrχmɑːtriəls	train
voorspeelklas	fuərspiəlklas	test
voorspelde	fuərspɛldə	train
voorspellers	fuərspɛlərs	train
voorspoedfase	fuərsputfɑːsə	train
voorspoel	fuərspul	train
voorspoelsproeier	fuərspulspruir	train
voorstelde	fuərstɛldə	train
voorstellend	fuərstɛlənt	train
voorstellingstelsels	fuərstɛləŋstɛlsəls	train
voortbrenging	fuərtbrɛŋəŋ	train
voortekens	fuərtiəkəns	train
voortkomende	fuərtkuəməndə	test
voortrekkermonument	fuərtrɛkərmɔnymɛnt	train
voortspruitende	fuərtsprœytəndə	train
voortvloeiend	fuərtfluiənt	train
vooruitbetalings	fuərœytbətɑːləŋs	train
vooruitontvangste	fuərœytɔntfaŋstə	train
vooruitooreenkomste	fuərœytuəriənkɔmstə	train
voorvegter	fuərfɛχtər	train
voorverkorte	fuərfərkɔrtə	train
vorderings	fɔrdərəŋs	train
vorderingskedule	fɔrdərəŋskədylə	test
vorderingstelsel	fɔrdərəŋstɛlsəl	train
vormpies	fɔrmpis	train
vors	fɔrs	train
vraagnommer	frɑːχnɔmər	train
vraelyste	frɑːləistə	train
vredendal	friədəndal	test
vrederegter	friədərɛχtər	train
vredesbeampte	friədəsbəamptə	train
vredigheid	friədəχɦəit	train
vriesfasiliteite	frisfasəlitəitə	train
vrouestudente	frœuəstydɛntə	train
vroulikheidsartikels	frœuləkɦəitsartikəls	train
vrygebore	frəiχəburə	train
vrygeskeld	frəiχəskɛlt	train
vrygestelde	frəiχəstɛldə	train
vryhandel	frəiɦandəl	train
vryhandsketse	frəiɦantskɛtsə	train
vryheidsbeweging	frəiɦəitsbəviəχəŋ	test
vryheidsbewegings	frəiɦəitsbəviəχəŋs	train
vryheidsdag	frəiɦəitsdaχ	train
vryheidsfront	frəiɦəitsfrɔnt	train
vrystaande	frəistɑːndə	train
vrystaatse	frəistɑːtsə	train
vrystaters	frəistɑːtərs	train
vrystel	frəistɛl	train
vrystellingsertifikaat	frəistɛləŋsɛrtifikɑːt	train
vrystellingshouers	frəistɛləŋsɦœuərs	train
vryvloeiend	frəifluiənt	train
vrywaar	frəivɑːr	train
vrywarings	frəivɑːrəŋs	train
vrywilliger	frəivələχər	train
vrywilligerskap	frəivələχərskap	test
vuiligheid	fœyləχɦəit	test
vyandiggesind	fəiandəχəsənt	train
vyfjaarplanne	fəifjɑːrplanə	train
waaierspoed	vɑːiərsput	train
waaierverkoelde	vɑːiərfərkuldə	train
waardasiedatum	vɑːrdɑːsidɑːtœm	train
waardasierol	vɑːrdɑːsirɔl	train
waardasiesertifikaat	vɑːrdɑːsisɛrtifikɑːt	train
waardasiesertifikate	vɑːrdɑːsisɛrtifikɑːtə	train
waardasies	vɑːrdɑːsis	train
waardeloos	vɑːrdəluəs	train
waardeoordele	vɑːrdœuərdiələ	train
waardestelling	vɑːrdəstɛləŋ	train
waardestelsels	vɑːrdəstɛlsəls	train
waardetoevoegingsaktiwiteite	vɑːrdətufuχəŋsaktivitəitə	train
waardetoevoegingsinisiatiewe	vɑːrdətufuχəŋsiniʃiativə	train
waardetoevoeging	vɑːrdətufuχəŋ	train
waardevermindering	vɑːrdəfərməndərəŋ	train
waardigheidsbekleërs	vɑːrdəχɦəitsbəkliərs	train
waarheidskrag	vɑːrɦəitskraχ	train
waarkragtens	vɑːrkraχtəns	train
waarnatoe	vɑːrnatu	test
waarneembare	vɑːrniəmbɑːrə	train
waarneemdatum	vɑːrniəmdɑːtœm	test
waarnemend	vɑːrniəmənt	train
waarnemerprogramme	vɑːrniəmərpruχramə	train
waarnemerprogram	vɑːrniəmərpruχram	train
waarnemersprogram	vɑːrniəmərspruχram	train
waarnemingsdata	vɑːrniəməŋsdɑːta	train
waarnemingsprogram	vɑːrniəməŋspruχram	train
waarnemingsproses	vɑːrniəməŋsprusɛs	train
waarnemingstelsel	vɑːrniəməŋstɛlsəl	train
waarnemingsvaardighede	vɑːrniəməŋsfɑːrdəχɦiədə	train
waarnemingswerk	vɑːrniəməŋsvɛrk	train
waarskuwingsligte	vɑːrskyvəŋsləχtə	train
waarskynlikste	vɑːrskəinləkstə	train
wagtend	vaχtənt	train
wanaangepas	vanɑːnχəpas	train
wanaanpassing	vanɑːnpasəŋ	train
wanbalanse	vanbalɑːnsə	train
wandelaar	vandəlɑːr	test
wapensmede	vɑːpənsmiədə	train
wapensmidslisensie	vɑːpənsmətsləsɛnsi	train
wapensmid	vɑːpənsmət	test
wapenstelsel	vɑːpənstɛlsəl	test
wapentuig	vɑːpəntœyχ	train
wasfasiliteite	vasfasəlitəitə	train
wasser	vasər	train
wasstelsel	vastɛlsəl	train
wateraanvraag	vɑːtərɑːnfrɑːχ	train
waterbehandelingsaanlegte	vɑːtərbəɦandələŋsɑːnlɛχtə	train
waterbehoeftes	vɑːtərbəɦuftəs	train
waterbehoefte	vɑːtərbəɦuftə	train
waterbesparing	vɑːtərbəspɑːrəŋ	train
waterbewaring	vɑːtərbəvɑːrəŋ	test
waterdiensteplan	vɑːtərdinstəplan	test
waterdienste	vɑːtərdinstə	train
waterdigte	vɑːtərdəχtə	train
waterdigtheid	vɑːtərdəχtɦəit	train
watergat	vɑːtərχat	train
watergebonde	vɑːtərχəbɔndə	test
watergebruikers	vɑːtərχəbrœykərs	train
watergebruiker	vɑːtərχəbrœykər	train
watergebruikerverenigings	vɑːtərχəbrœykərfəriənəχəŋs	train
watergebruikervereniging	vɑːtərχəbrœykərfəriənəχəŋ	train
watergebruikslisensies	vɑːtərχəbrœyksləsɛnsis	test
watergebruiksvorderings	vɑːtərχəbrœyksfɔrdərəŋs	train
watergebruik	vɑːtərχəbrœyk	train
waterhervorming	vɑːtərɦɛrfɔrəməŋ	test
waterhulpbronne	vɑːtərɦœlpbrɔnə	train
waterhulpbronstrategie	vɑːtərɦœlpbrɔnstratəχi	train
waterhulpbron	vɑːtərɦœlpbrɔn	test
waterige	vɑːtərəχə	train
waterketel	vɑːtərkiətəl	train
waterkostes	vɑːtərkɔstəs	train
waterkoste	vɑːtərkɔstə	train
waterlekkasies	vɑːtərlɛkɑːsis	train
waterlekkasie	vɑːtərlɛkɑːsi	train
waterliggame	vɑːtərləχɑːmə	train
waterlisensies	vɑːtərləsɛnsis	train
watermerk	vɑːtərmɛrk	train
watermeter	vɑːtərmiətər	train
waternavorsingskommissie	vɑːtərnɑːfɔrsəŋskumisi	train
wateronttrekking	vɑːtərɔntrɛkəŋ	train
wateroordragskema	vɑːtəruərdraχskiəma	train
wateroordragte	vɑːtəruərdraχtə	train
waterplante	vɑːtərplantə	train
waterprogram	vɑːtərpruχram	train
waterprojekte	vɑːtərprujɛktə	train
waterskeidingsjaar	vɑːtərskəidəŋsjɑːr	train
waterskeiding	vɑːtərskəidəŋ	test
waterskemas	vɑːtərskiəmas	train
waterstelsels	vɑːtərstɛlsəls	train
waterstelsel	vɑːtərstɛlsəl	train
waterstres	vɑːtərstrɛs	train
waterswaai	vɑːtərswɑːi	train
watertafel	vɑːtərtɑːfəl	train
watertekorte	vɑːtərtəkɔrtə	train
watertekort	vɑːtərtəkɔrt	train
watervalle	vɑːtərfalə	train
waterverbruiker	vɑːtərfərbrœykər	train
watervereistes	vɑːtərfərəistəs	train
watervermorsing	vɑːtərfərmɔrsəŋ	train
waterverskaffing	vɑːtərfərskafəŋ	train
watervoorsiening	vɑːtərfuərsinəŋ	train
waterwegstelsels	vɑːtərvɛχstɛlsəls	train
waterwet	vɑːtərvɛt	train
waterwyse	vɑːtərvəisə	train
wattel	vatəl	test
webontwerp	vɛbɔntvɛrp	train
webversoenbare	vɛbfərsunbɑːrə	train
wederregtelike	viədərɛχtələkə	train
weefafdeling	viəfafdiələŋ	train
weekstaalplaat	viəkstɑːlplɑːt	train
weekstaalraamwerk	viəkstɑːlrɑːmvɛrk	train
weekstaalrakke	viəkstɑːlrakə	train
weekstaal	viəkstɑːl	train
weergawees	viərχɑːviəs	train
weerhoudingsbelasting	viərɦœudəŋsbəlastəŋ	test
weerkaatsende	viərkɑːtsəndə	train
weerlegging	viərlɛχəŋ	train
weerstandbiedend	viərstantbidənt	train
weerstandsprogram	viərstantspruχram	train
weerstelsel	viərstɛlsəl	train
weertoestande	viərtustandə	test
weervoorvalle	viərfuərfalə	train
weerwaarskuwings	viərvɑːrskyvəŋs	train
weeskinders	viəskəndərs	train
weetgierigheid	viətχirəχɦəit	train
wegdoeningsdienste	vɛχdunəŋsdinstə	test
wegdoening	vɛχdunəŋ	train
weglatings	vɛχlɑːtəŋs	train
weidingsdoeleindes	vəidəŋsduləindəs	train
weidingstipe	vəidəŋstipə	train
weidings	vəidəŋs	train
welbekend	vɛlbəkɛnt	train
welberedeneerde	vɛlbərədəniərdə	test
weldaadsorganisasie	vɛldɑːtsɔrχanisɑːsi	train
welsynorganisasies	vɛlsəinɔrχanisɑːsis	train
welsynsorganisasies	vɛlsəinsɔrχanisɑːsis	train
wensbeentjie	vɛnsbiəŋki	train
werkbaar	vɛrkbɑːr	train
werkeenheid	vɛrkiənɦəit	train
werkersbevryding	vɛrkərsbəfrəidəŋ	train
werkervaring	vɛrkɛrfɑːrəŋ	train
werkgebiede	vɛrkχəbidə	train
werkgewersorganisasies	vɛrkχiəvərsɔrχanisɑːsis	train
werkgewersorganisasie	vɛrkχiəvərsɔrχanisɑːsi	train
werklaste	vɛrklastə	train
werkloosheidskoers	vɛrkluəsɦəitskurs	train
werkloosheidsversekeringsfonds	vɛrkluəsɦəitsfərsiəkərəŋsfɔnts	train
werkloosheidversekeringsfonds	vɛrkluəsɦəitfərsiəkərəŋsfɔnts	train
werknemermaatskappy	vɛrkniəmərmɑːtskapəi	train
werknemersvoordele	vɛrkniəmərsfuərdiələ	train
werkopdragte	vɛrkɔpdraχtə	train
werkplanne	vɛrkplanə	train
werkruimte	vɛrkrœymtə	train
werksaamheid	vɛrksɑːmɦəit	train
werksaanbod	vɛrksɑːnbɔt	train
werksekerheid	vɛrksiəkərɦəit	train
werkservaring	vɛrksɛrfɑːrəŋ	train
werksituasies	vɛrksətʃuɑːsis	train
werkskategorie	vɛrkskatəχuri	train
werkskeppingsprogramme	vɛrkskɛpəŋspruχramə	train
werkskeppingsvriendelik	vɛrkskɛpəŋsfrindələk	train
werkskeppings	vɛrkskɛpəŋs	train
werksmetode	vɛrksmətuədə	train
werksoekers	vɛrksukərs	train
werksomstandighede	vɛrksɔmstandəχɦiədə	train
werksonderhoude	vɛrksɔndərɦœudə	train
werkspraktyk	vɛrkspraktəik	train
werksprestasie	vɛrksprɛstɑːsi	train
werkstaal	vɛrkstɑːl	test
werkstasies	vɛrkstɑːsis	train
werkstasie	vɛrkstɑːsi	train
werkstewels	vɛrkstiəvəls	train
werkstoestande	vɛrkstustandə	train
werksverhoudings	vɛrksfərɦœudəŋs	train
werksverhouding	vɛrksfərɦœudəŋ	train
werksverliese	vɛrksfərlisə	train
werksversekering	vɛrksfərsiəkərəŋ	train
werksvolgorde	vɛrksfɔlχɔrdə	train
werksweek	vɛrksviək	train
werkswinkeldrama	vɛrksvəŋkəldrɑːma	test
werkswinkelpraktyk	vɛrksvəŋkəlpraktəik	test
werkswinkelproduksies	vɛrksvəŋkəlprudœksis	train
werkswyse	vɛrksvəisə	test
werkterrein	vɛrktərəin	train
werkverhouding	vɛrkfərɦœudəŋ	train
werkverliese	vɛrkfərlisə	test
werkverskaffingsdienste	vɛrkfərskafəŋsdinstə	test
werkverwante	vɛrkfərvantə	test
werwerbesonderhede	vɛrvərbəsɔndərɦiədə	train
werwingsagentskappe	vɛrvəŋsaχɛntskapə	train
werwingsagentskap	vɛrvəŋsaχɛntskap	train
werwingsproses	vɛrvəŋsprusɛs	train
wesentlik	viəsəntlək	train
weswaarts	vəswɑːrts	train
wetenskapkennis	viətənskapkɛnəs	train
wetenskapklaskamer	viətənskapklaskɑːmər	test
wetenskaponderrig	viətənskapɔndərəχ	train
wetenskaponderwysers	viətənskapɔndərvəisərs	train
wetenskapprosesvaardighede	viətənskaprusɛsfɑːrdəχɦiədə	train
wetenskapsontwikkeling	viətənskapsɔntvəkələŋ	train
wetsbepaling	vɛtsbəpɑːləŋ	train
wetsgehoorsaamheid	vɛtsχəɦuərsɑːmɦəit	train
wetstoepassingsagentskappe	vɛtstupasəŋsaχɛntskapə	train
wetstoepassingsbeampte	vɛtstupasəŋsbəamptə	train
wetstoepassingsdienste	vɛtstupasəŋsdinstə	train
wetstoepassings	vɛtstupasəŋs	train
wettelike	vɛtələkə	train
wildpark	vəltpark	train
wildreservaat	vəltrɛsərfɑːt	test
windrigting	vəndrəχtəŋ	train
windstelsels	vəntstɛlsəls	train
windstreke	vəntstriəkə	train
winkeldeur	vəŋkəldøːr	train
winkelkomplekse	vəŋkəlkɔmplɛksə	train
winsverdeling	vənsfərdiələŋ	train
winterhoek	vəntərɦuk	train
winterson	vəntərsɔn	train
wintertoestande	vəntərtustandə	train
wisselinge	vəsələŋə	test
wisselings	vəsələŋs	train
wisselkoersstelsel	vəsəlkurstɛlsəl	train
woestynindringing	vustəinəndrəŋəŋ	train
wolkloos	vɔlkluəs	train
woonadres	vuənadrɛs	train
woonburger	vuənbœrχər	train
woonstelnommers	vuənstɛlnɔmərs	train
woordaanvalsvaardighede	vuərtɑːnfalsfɑːrdəχɦiədə	train
woordeboeke	vuərdəbukə	train
woordeliks	vuərdələks	train
woordelyste	vuərdələistə	train
woordmens	vuərtmɛns	train
woordomskrywings	vuərdɔmskrəivəŋs	test
woordomskrywing	vuərdɔmskrəivəŋ	train
woordoortolligheid	vuərtuərtɔləχɦəit	train
woordverwerker	vuərtfərvɛrkər	train
woordverwerkingstabel	vuərtfərvɛrkəŋstabɛl	train
woordverwerkingsvrae	vuərtfərvɛrkəŋsfrɑːə	train
woordverwerking	vuərtfərvɛrkəŋ	train
wraakneming	vrɑːkniəməŋ	train
wykstelsel	vəikstɛlsəl	train
wyksverteenwoordiging	vəiksfərtiənvuərdəχəŋ	train
wysies	vəisis	train
ysterhoudende	əistərɦœudəndə	test
