آب	fa	آبْ
آباد	fa	آبادْ
آبادان	fa	آبادانْ
آبادانی	fa	آبادانی
آبادی	fa	آبادی
آبان	fa	آبانْ
آبتنی	fa	آبْتَنی
آبخست	fa	آبْخَسَتْ
آبخست	fa	آبْخَسَتْ
آبدار	fa	آبَدارْ
آبدارچی	fa	آبَدارَچی
آبدست	fa	آبْدَسَتْ
آبرو	fa	آبَرو
آبرو	fa	آبَرو
آبزن	fa	آبَزِنْ
آبزی	fa	آبَزی
آبستن	fa	آبَسَتِنْ
آبستنی	fa	آبَسْتَنی
آبسنگ	fa	آبْسَنَگْ
آبشار	fa	آبَشارْ
آبغوره	fa	آبَغوره
آبله	fa	آبِله
آبنبات	fa	آبْنَباتْ
آبنوس	fa	آبَنوسْ
آبچین	fa	آبَچینْ
آبکند	fa	آبْکَنَدْ
آبگرمکن	fa	آبَگَرْمْکِنْ
آبگیر	fa	آبَگیرْ
آبگینه	fa	آبَگینه
آبی	fa	آبی
آبیاری	fa	آبیاری
آب‌انبار	fa	آبْ‌انَبارْ
آب‌راه	fa	آبَ‌راه
آب‌پاش	fa	آبَ‌پاشْ
آب‌گوشت	fa	آبَ‌گوشَتْ
آتش	fa	آتِشْ
آتشدان	fa	آتَشَدانْ
آتشکده	fa	آتَشْکَده
آتشی	fa	آتِشی
آتش‌نشان	fa	آتَشْ‌نَشانْ
آتش‌پرست	fa	آتَشْ‌پَرِسَتْ
آتنا	fa	آتِنا
آتی	fa	آتی
آثار	fa	آثارْ
آجر	fa	آجِرْ
آجیل	fa	آجیلْ
آخ	fa	آخْ
آختن	fa	آخَتِنْ
آخر	fa	آخِرْ
آخر	fa	آخِرْ
آخرت	fa	آخِرِتْ
آخه	fa	آخه
آخوند	fa	آخونَدْ
آخوندک	fa	آخونَدِکْ
آخیز	fa	آخیزْ
آداب	fa	آدابْ
آدر	fa	آدِرْ
آدم	fa	آدِمْ
آدمکش	fa	آدَمَکِشْ
آدمی	fa	آدِمی
آدم‌برفی	fa	آدَمَ‌بَرَفی
آدم‌ها	fa	آدَمَ‌ها
آدینه	fa	آدینه
آدینه	fa	آدینه
آذار	fa	آذارْ
آذر	fa	آذِرْ
آذربایجان	fa	آذَرَبایجانْ
آذرخش	fa	آذِرِخَشْ
آذرگون	fa	آذَرَگونْ
آذوقه	fa	آذوقه
آذین	fa	آذینْ
آرا	fa	آرا
آرارات	fa	آراراتْ
آراستن	fa	آراسَتِنْ
آرام	fa	آرامْ
آرامش	fa	آرامِشْ
آرامگاه	fa	آرامَگاه
آرامی	fa	آرامی
آرایه	fa	آرایه
آرد	fa	آرِدْ
آرد	fa	آرَدْ
آرزو	fa	آرِزو
آرزو	fa	آرَزو
آرزومند	fa	آرِزومِنَدْ
آرزومند	fa	آرَزومِنَدْ
آرش	fa	آرِشْ
آرشام	fa	آرَشامْ
آرمان	fa	آرَمانْ
آرمان	fa	آرَمانْ
آرنج	fa	آرِنَجْ
آروغ	fa	آروغْ
آرپا	fa	آرَپا
آریا	fa	آریا
آریان	fa	آریانْ
آزاد	fa	آزادْ
آزادراه	fa	آزادَراه
آزادی	fa	آزادی
آزار	fa	آزارْ
آزاری	fa	آزاری
آزما	fa	آزَما
آزمودن	fa	آزَمودِنْ
آزموده	fa	آزَموده
آزمون	fa	آزَمونْ
آس	fa	آسْ
آسام	fa	آسامْ
آسان	fa	آسانْ
آسانی	fa	آسانی
آستانه	fa	آسَتانه
آستر	fa	آسَتِرْ
آستین	fa	آسَتینْ
آسمان	fa	آسِمانْ
آسمان	fa	آسَمانْ
آسمانرنگ	fa	آسَمانْرَنَگْ
آسمانگون	fa	آسِمانَگونْ
آسمانگون	fa	آسَمانَگونْ
آسمانی	fa	آسَمانی
آسمان‌خراش	fa	آسَمانْ‌خَراشْ
آسودن	fa	آسودِنْ
آسوده	fa	آسوده
آسیب	fa	آسیبْ
آسیمه	fa	آسیمه
آش	fa	آشْ
آشام	fa	آشامْ
آشامیدن	fa	آشامیدِنْ
آشامیدنی	fa	آشامیدِنی
آشتی	fa	آشَتی
آشفتن	fa	آشَفَتِنْ
آشفته	fa	آشَفَته
آشنا	fa	آشِنا
آشنا	fa	آشَنا
آشنایی	fa	آشِنایی
آشنایی	fa	آشَنایی
آشوب	fa	آشوبْ
آشور	fa	آشورْ
آشوری	fa	آشوری
آشپز	fa	آشَپِزْ
آشپزخانه	fa	آشَپَزَخانه
آشپزی	fa	آشْپَزی
آشکارا	fa	آشِکارا
آشکارا	fa	آشَکارا
آغا	fa	آغا
آغاز	fa	آغازْ
آغازیدن	fa	آغازیدِنْ
آغشتن	fa	آغَشَتِنْ
آغل	fa	آغِلْ
آغوش	fa	آغوشْ
آغیل	fa	آغیلْ
آغیل	fa	آغیلْ
آفاق	fa	آفاقْ
آفت	fa	آفِتْ
آفتاب	fa	آفَتابْ
آفتابه	fa	آفَتابه
آفتابی	fa	آفَتابی
آفتاب‌پرست	fa	آفَتابْ‌پَرِسَتْ
آفریدن	fa	آفِریدِنْ
آفریده	fa	آفِریده
آفریقا	fa	آفَریقا
آفرین	fa	آفِرینْ
آفرینش	fa	آفِرینِشْ
آفند	fa	آفِنَدْ
آقا	fa	آقا
آقایان	fa	آقایانْ
آقایی	fa	آقایی
آل	fa	آلْ
آلاله	fa	آلاله
آلبالو	fa	آلَبالو
آلت	fa	آلِتْ
آلتای	fa	آلَتای
آلتایی	fa	آلَتایی
آلش	fa	آلِشْ
آلفتن	fa	آلَفَتِنْ
آلفته	fa	آلَفَته
آلمانی	fa	آلَمانی
آله	fa	آله
آلو	fa	آلو
آلوبالو	fa	آلوبالو
آلودن	fa	آلودِنْ
آلوده	fa	آلوده
آلودگی	fa	آلودِگی
آلوچه	fa	آلوچه
آلیختن	fa	آلیخَتِنْ
آماج	fa	آماجْ
آمادن	fa	آمادِنْ
آماده	fa	آماده
آمار	fa	آمارْ
آمارگر	fa	آمارَگِرْ
آماسیدن	fa	آماسیدِنْ
آماهیدن	fa	آماهیدِنْ
آمد	fa	آمِدْ
آمد	fa	آمِدْ
آمدن	fa	آمِدِنْ
آمرزیدن	fa	آمَرَزیدِنْ
آمریکا	fa	آمَریکا
آمریکایی	fa	آمَریکایی
آمنه	fa	آمِنه
آموت	fa	آموتْ
آموختن	fa	آموخَتِنْ
آمودریا	fa	آمودَریا
آموز	fa	آموزْ
آموزش	fa	آموزِشْ
آموزه	fa	آموزه
آموزگار	fa	آموزَگارْ
آموسنی	fa	آموسَنی
آمیتیست	fa	آمیتیسَتْ
آمیختن	fa	آمیخَتِنْ
آمیخته	fa	آمیخَته
آمیریان	fa	آمیریانْ
آمیز	fa	آمیزْ
آمیزش	fa	آمیزِشْ
آن	fa	آنْ
آنان	fa	آنانْ
آناهیتا	fa	آناهیتا
آنجا	fa	آنَجا
آنغوزه	fa	آنَغوزه
آنقدر	fa	آنْقَدَرْ
آنچنان	fa	آنْچَنانْ
آنچه	fa	آنَچه
آنگولا	fa	آنَگولا
آن‌ها	fa	آنَ‌ها
آه	fa	آه
آهار	fa	آهارْ
آهو	fa	آهو
آهیختن	fa	آهیخَتِنْ
آچ	fa	آچْ
آچار	fa	آچارْ
آچمز	fa	آچَمِزْ
آژانس	fa	آژانَسْ
آژیر	fa	آژیرْ
آکج	fa	آکِجْ
آکندن	fa	آکَنَدِنْ
آگاه	fa	آگاه
آگاهاندن	fa	آگاهانَدِنْ
آگاهانه	fa	آگاهانه
آگاهی	fa	آگاهی
آگاهیدن	fa	آگاهیدِنْ
آگرا	fa	آگَرا
آگندن	fa	آگَنَدِنْ
آیات	fa	آیاتْ
آیدین	fa	آیدینْ
آیرارات	fa	آیراراتْ
آینه	fa	آینه
آیه	fa	آیه
آیینه	fa	آیینه
اب	fa	ابْ
ابا	fa	ابا
ابابیل	fa	ابابیلْ
اباضی	fa	اباضی
ابتدا	fa	ابْتَدا
ابتداء	fa	ابْتَداءْ
ابتلا	fa	ابْتَلا
ابتکار	fa	ابْتَکارْ
ابجد	fa	ابَجِدْ
ابد	fa	ابِدْ
ابدال	fa	ابَدالْ
ابدی	fa	ابِدی
ابر	fa	ابِرْ
ابر	fa	ابَرْ
ابراز	fa	ابَرازْ
ابراهیم	fa	ابَراهیمْ
ابرش	fa	ابَرِشْ
ابرنجن	fa	ابَرَنَجِنْ
ابرنجین	fa	ابَرَنَجینْ
ابرو	fa	ابَرو
ابرک	fa	ابَرِکْ
ابری	fa	ابَری
ابریشم	fa	ابَریشِمْ
ابریشم	fa	ابَریشِمْ
ابریق	fa	ابَریقْ
ابری‌ساز	fa	ابَری‌سازْ
ابری‌سازی	fa	ابَری‌سازی
ابزار	fa	ابَزارْ
ابزیم	fa	ابَزیمْ
ابشتن	fa	ابَشَتِنْ
ابقا	fa	ابَقا
ابلاغ	fa	ابَلاغْ
ابلیس	fa	ابَلیسْ
ابن	fa	ابَنْ
ابهام	fa	ابهامْ
ابو	fa	ابو
ابوبکر	fa	ابوبِکَرْ
ابوظبی	fa	ابوظِبی
ابی	fa	ابی
ابیز	fa	ابیزْ
اتا	fa	اتا
اتا	fa	اتا
اتاق	fa	اتاقْ
اتراق	fa	اتَراقْ
اتلاف	fa	اتَلافْ
اتمام	fa	اتَمامْ
اتو	fa	اتو
اتوها	fa	اتوها
اثاث	fa	اثاثْ
اثبات	fa	اثَباتْ
اثبات‌گرا	fa	اثَباتْ‌گَرا
اثر	fa	اثِرْ
اثناعشری	fa	اثَناعِشِری
اثنان	fa	اثَنانْ
اجاره	fa	اجاره
اجازه	fa	اجازه
اجاق	fa	اجاقْ
اجاق‌گاز	fa	اجاقَ‌گازْ
اجانب	fa	اجانِبْ
اجبار	fa	اجَبارْ
اجتماع	fa	اجْتَماعْ
اجتماعی	fa	اجْتَماعی
اجتناب	fa	اجْتَنابْ
اجر	fa	اجَرْ
اجرا	fa	اجَرا
اجزا	fa	اجَزا
اجزاء	fa	اجَزاءْ
اجساد	fa	اجَسادْ
اجل	fa	اجِلْ
اجلاس	fa	اجَلاسْ
اجمال	fa	اجَمالْ
اجمالی	fa	اجَمالی
احاطه	fa	احاطه
احتراز	fa	احْتَرازْ
احترام	fa	احْتَرامْ
احترامات	fa	احْتَراماتْ
احتضار	fa	احْتَضارْ
احتلام	fa	احْتَلامْ
احتمال	fa	احْتَمالْ
احداث	fa	احَداثْ
احداث	fa	احَداثْ
احساس	fa	احَساسْ
احسان	fa	احَسانْ
احسنت	fa	احْسَنَتْ
احضار	fa	احَضارْ
احمد	fa	احَمِدْ
احمدآباد	fa	احْمَدآبادْ
احمدی‌نژاد	fa	احْمَدی‌نِژادْ
احمر	fa	احَمِرْ
احمق	fa	احَمِقْ
احمق‌تر	fa	احَمَقَ‌تِرْ
اخ	fa	اخْ
اخبار	fa	اخَبارْ
اختاپوس	fa	اخَتاپوسْ
اختر	fa	اخَتِرْ
اختراع	fa	اخْتَراعْ
اختراعات	fa	اخْتَراعاتْ
اخترمار	fa	اخَتَرَمارْ
اختری	fa	اخْتَری
اختصار	fa	اخْتَصارْ
اختصاص	fa	اخْتَصاصْ
اختلاط	fa	اخْتَلاطْ
اختلاف	fa	اخْتَلافْ
اختلال	fa	اخْتَلالْ
اخته	fa	اخَته
اخراج	fa	اخَراجْ
اخشید	fa	اخَشیدْ
اخطار	fa	اخَطارْ
اخلاق	fa	اخَلاقْ
اخلاقی	fa	اخَلاقی
اخمو	fa	اخَمو
اخگر	fa	اخَگِرْ
اخیر	fa	اخیرْ
ادا	fa	ادا
اداره	fa	اداره
ادامه	fa	ادامه
ادب	fa	ادِبْ
ادبا	fa	ادِبا
ادبخانه	fa	ادَبَخانه
ادبی	fa	ادِبی
ادرار	fa	ادَرارْ
ادراری	fa	ادَراری
ادرم	fa	ادَرِمْ
ادرنه	fa	ادَرَنه
ادریس	fa	ادَریسْ
ادغام	fa	ادَغامْ
ادلب	fa	ادَلِبْ
ادیان	fa	ادیانْ
ادیب	fa	ادیبْ
اذن	fa	اذَنْ
ار	fa	ارْ
ارابه	fa	ارابه
ارادت	fa	ارادِتْ
ارادتمند	fa	ارادَتْمَنَدْ
اراده	fa	اراده
ارامنه	fa	ارامِنه
اراک	fa	اراکْ
اراکی	fa	اراکی
اراکی‌ها	fa	اراکی‌ها
ارباب	fa	ارَبابْ
اربد	fa	ارَبِدْ
اربعه	fa	ارْبَعه
ارتباط	fa	ارْتَباطْ
ارتجاعی	fa	ارْتَجاعی
ارتداد	fa	ارْتَدادْ
ارتعاش	fa	ارْتَعاشْ
ارتفاع	fa	ارْتَفاعْ
ارتقا	fa	ارْتَقا
ارتکاب	fa	ارْتَکابْ
ارتیشدار	fa	ارَتیشَدارْ
ارث	fa	ارَثْ
ارجمند	fa	ارْجَمِنَدْ
ارخا	fa	ارَخا
ارد	fa	ارَدْ
ارد	fa	ارَدْ
اردبیل	fa	ارْدَبیلْ
اردستان	fa	ارَدَسَتانْ
اردشیر	fa	ارْدَشیرْ
اردشیر	fa	ارْدَشیرْ
اردن	fa	ارَدِنْ
ارده	fa	ارَده
اردو	fa	ارَدو
اردوگاه	fa	ارَدوگاه
اردک	fa	ارَدِکْ
ارز	fa	ارَزْ
ارزان	fa	ارَزانْ
ارزانی	fa	ارَزانی
ارزش	fa	ارَزِشْ
ارزشمند	fa	ارَزَشْمَنَدْ
ارزشی	fa	ارْزَشی
ارزن	fa	ارَزِنْ
ارزیدن	fa	ارَزیدِنْ
ارزیز	fa	ارَزیزْ
ارس	fa	ارِسْ
ارس	fa	ارِسْ
ارس	fa	ارَسْ
ارس	fa	ارَسْ
ارس	fa	ارِسْ
ارسال	fa	ارَسالْ
ارسطو	fa	ارَسَطو
ارسلان	fa	ارْسَلانْ
ارسی	fa	ارِسی
ارش	fa	ارِشْ
ارشاد	fa	ارَشادْ
ارشد	fa	ارَشِدْ
ارشک	fa	ارَشِکْ
ارشکی	fa	ارْشَکی
ارض	fa	ارَضْ
ارعاب	fa	ارَعابْ
ارغمچین	fa	ارَغَمَچینْ
ارغند	fa	ارْغَنَدْ
ارغنون	fa	ارْغَنونْ
ارغه	fa	ارَغه
ارم	fa	ارَمْ
ارمغان	fa	ارْمَغانْ
ارمن	fa	ارَمِنْ
ارمنستان	fa	ارْمَنَسَتانْ
ارمنی	fa	ارْمَنی
اروق	fa	اروقْ
اروپا	fa	اروپا
ارژنگ	fa	ارْژَنَگْ
ارگ	fa	ارَگْ
اریحا	fa	اریحا
از	fa	ازْ
ازا	fa	ازا
ازار	fa	ازارْ
ازاله	fa	ازاله
ازبک	fa	ازَبِکْ
ازبکستان	fa	ازْبَکَسَتانْ
ازبکی	fa	ازْبَکی
ازدحام	fa	ازْدَحامْ
ازل	fa	ازِلْ
ازمیر	fa	ازَمیرْ
ازگیل	fa	ازَگیلْ
اساتید	fa	اساتیدْ
اسارت	fa	اسارِتْ
اساس	fa	اساسْ
اساسی	fa	اساسی
اسامی	fa	اسامی
اسب	fa	اسَبْ
اسباب	fa	اسَبابْ
اسبغول	fa	اسْبَغولْ
اسبه	fa	اسَبه
اسبی	fa	اسَبی
است	fa	اسَتْ
استاد	fa	اسَتادْ
استادان	fa	اسَتادانْ
استادانه	fa	اسَتادانه
استان	fa	اسَتانْ
استانبول	fa	اسَتانَبولْ
استاندار	fa	اسَتانَدارْ
استتار	fa	اسْتَتارْ
استثنا	fa	اسَتَثَنا
استثنایی	fa	اسَتَثَنایی
استحمار	fa	اسَتَحَمارْ
استخدام	fa	اسَتَخَدامْ
استخر	fa	اسْتَخَرْ
استخراج	fa	اسَتَخَراجْ
استخوان	fa	اسْتَخوانْ
استدلال	fa	اسَتَدَلالْ
استدن	fa	اسْتَدِنْ
استراحت	fa	اسْتَراحِتْ
استراحتگاه	fa	اسْتَراحَتَگاه
استراق	fa	اسْتَراقْ
استره	fa	اسْتَره
استعاره	fa	اسْتَعاره
استعداد	fa	اسَتَعَدادْ
استعفا	fa	اسَتَعَفا
استعمار	fa	اسَتَعَمارْ
استغنا	fa	اسَتَغَنا
استفاده	fa	اسْتَفاده
استفتاء	fa	اسَتَفَتاءْ
استفراغ	fa	اسَتَفَراغْ
استقامت	fa	اسْتَقامِتْ
استقبال	fa	اسَتَقَبالْ
استقرار	fa	اسَتَقَرارْ
استقلال	fa	اسَتَقَلالْ
استمنا	fa	اسَتَمَنا
استمناء	fa	اسَتَمَناءْ
استناد	fa	اسْتَنادْ
استنجا	fa	اسَتَنَجا
استنجاء	fa	اسَتَنَجاءْ
استکبار	fa	اسَتَکَبارْ
استکمال	fa	اسَتَکَمالْ
استیصال	fa	اسَتیصالْ
استیضاح	fa	اسَتیضاحْ
اسحاق	fa	اسَحاقْ
اسد	fa	اسِدْ
اسراییل	fa	اسَراییلْ
اسراییلی	fa	اسَراییلی
اسطرلاب	fa	اسَطَرَلابْ
اسطرلاب	fa	اسَطَرَلابْ
اسطرلاب	fa	اسَطَرَلابْ
اسطوره	fa	اسَطوره
اسف	fa	اسِفْ
اسفرزه	fa	اسَفَرَزه
اسفره	fa	اسْفَره
اسفناج	fa	اسْفَناجْ
اسفنج	fa	اسْفَنَجْ
اسفند	fa	اسْفَنَدْ
اسقف	fa	اسَقِفْ
اسلام	fa	اسَلامْ
اسلامی	fa	اسَلامی
اسلام‌آباد	fa	اسَلامِ‌آبادْ
اسلام‌گرا	fa	اسَلامْ‌گَرا
اسلحه	fa	اسْلَحه
اسلوب	fa	اسَلوبْ
اسلیمی	fa	اسَلیمی
اسم	fa	اسَمْ
اسماء	fa	اسَماءْ
اسماعیل	fa	اسَماعیلْ
اسهال	fa	اسهالْ
اسپ	fa	اسَپْ
اسپرزه	fa	اسَپَرَزه
اسپرس	fa	اسْپَرَسْ
اسپریس	fa	اسْپْریسْ
اسپریس	fa	اسْپَریسْ
اسپست	fa	اسْپَسَتْ
اسپغول	fa	اسْپَغولْ
اسپناخ	fa	اسْپَناخْ
اسپندان	fa	اسَپَنَدانْ
اسپهان	fa	اسْپهانْ
اسپهانی	fa	اسْپهانی
اسپهسالار	fa	اسَپهسالارْ
اسکدار	fa	اسْکَدارْ
اسکله	fa	اسْکَله
اسکندر	fa	اسَکَنَدِرْ
اسیر	fa	اسیرْ
اشارت	fa	اشارِتْ
اشاره	fa	اشاره
اشتباه	fa	اشْتَباه
اشتباهی	fa	اشْتَباهی
اشتر	fa	اشَتِرْ
اشتراک	fa	اشْتَراکْ
اشتراکی	fa	اشْتَراکی
اشترخار	fa	اشَتَرَخارْ
اشترغار	fa	اشَتَرَغارْ
اشتغال	fa	اشْتَغالْ
اشتقاق	fa	اشْتَقاقْ
اشتلم	fa	اشْتَلِمْ
اشتلم	fa	اشْتَلِمْ
اشتها	fa	اشْتها
اشتک	fa	اشَتِکْ
اشجار	fa	اشَجارْ
اشراف	fa	اشَرافْ
اشراق	fa	اشَراقْ
اشرج	fa	اشَرِجْ
اشرف	fa	اشَرِفْ
اشغال	fa	اشَغالْ
اشغالی	fa	اشَغالی
اشفاق	fa	اشَفاقْ
اشفاق	fa	اشَفاقْ
اشم	fa	اشِمْ
اشنان	fa	اشَنانْ
اشنوسه	fa	اشَنوسه
اشک	fa	اشَکْ
اشکال	fa	اشَکالْ
اشکال	fa	اشَکالْ
اشکان	fa	اشَکانْ
اشکانی	fa	اشَکانی
اشکوب	fa	اشَکوبْ
اشکوب	fa	اشَکوبْ
اشیاء	fa	اشیاءْ
اصابت	fa	اصابِتْ
اصالت	fa	اصالِتْ
اصرار	fa	اصَرارْ
اصطبل	fa	اصْطَبَلْ
اصطلاح	fa	اصْطَلاحْ
اصغر	fa	اصَغِرْ
اصفهان	fa	اصْفهانْ
اصفهان	fa	اصْفهانْ
اصفهانی	fa	اصْفهانی
اصفهانی	fa	اصْفهانی
اصل	fa	اصَلْ
اصلا	fa	اصَلا
اصلاح	fa	اصَلاحْ
اصلی	fa	اصَلی
اصول‌گرا	fa	اصولْ‌گَرا
اصیل	fa	اصیلْ
اضافت	fa	اضافِتْ
اضافه	fa	اضافه
اضطراب	fa	اضْطَرابْ
اضطراری	fa	اضْطَراری
اطاعت	fa	اطاعِتْ
اطراف	fa	اطَرافْ
اطراف	fa	اطَرافْ
اطرافی	fa	اطَرافی
اطلاق	fa	اطَلاقْ
اطلس	fa	اطَلِسْ
اطمینان	fa	اطَمینانْ
اظهار	fa	اظهارْ
اعتبار	fa	اعْتَبارْ
اعتدال	fa	اعْتَدالْ
اعتراض	fa	اعْتَراضْ
اعتراف	fa	اعْتَرافْ
اعتصاب	fa	اعْتَصابْ
اعتقاد	fa	اعْتَقادْ
اعتماد	fa	اعْتَمادْ
اعتکاف	fa	اعْتَکافْ
اعجاز	fa	اعَجازْ
اعجوبة	fa	اعَجوبَة
اعجوبه	fa	اعَجوبه
اعدام	fa	اعَدامْ
اعزام	fa	اعَزامْ
اعصار	fa	اعَصارْ
اعضا	fa	اعَضا
اعظم	fa	اعَظِمْ
اعلام	fa	اعَلامْ
اعماق	fa	اعَماقْ
اعمال	fa	اعَمالْ
اعمال	fa	اعَمالْ
اعنی	fa	اعَنی
اعیان	fa	اعیانْ
اغتشاش	fa	اغْتَشاشْ
اغراق	fa	اغَراقْ
اغلب	fa	اغَلِبْ
افاغنه	fa	افاغِنه
افتادن	fa	افَتادِنْ
افتادن	fa	افَتادِنْ
افتاده	fa	افَتاده
افتخار	fa	افْتَخارْ
افترا	fa	افْتَرا
افتضاح	fa	افْتَضاحْ
افراختن	fa	افَراخَتِنْ
افراد	fa	افَرادْ
افراشتن	fa	افَراشَتِنْ
افراطی	fa	افَراطی
افرنگ	fa	افْرَنَگْ
افروختن	fa	افَروخَتِنْ
افروز	fa	افَروزْ
افریقا	fa	افَریقا
افزا	fa	افَزا
افزار	fa	افَزارْ
افزای	fa	افَزای
افزودن	fa	افَزودِنْ
افسار	fa	افَسارْ
افسانه	fa	افَسانه
افسر	fa	افَسِرْ
افسردن	fa	افَسَرَدِنْ
افسرده	fa	افَسَرَده
افسردگی	fa	افَسَرْدَگی
افسوس	fa	افَسوسْ
افسون	fa	افَسونْ
افسونگر	fa	افَسونَگِرْ
افشار	fa	افَشارْ
افشاندن	fa	افَشانَدِنْ
افشردن	fa	افَشَرَدِنْ
افشره	fa	افْشَره
افشره	fa	افْشَره
افشین	fa	افَشینْ
افضل	fa	افَضِلْ
افطار	fa	افَطارْ
افغان	fa	افَغانْ
افغانستان	fa	افَغانَسَتانْ
افغانی	fa	افَغانی
افق	fa	افِقْ
افقی	fa	افِقی
افلاطون	fa	افَلاطونْ
افلاطونی	fa	افَلاطونی
افکار	fa	افَکارْ
افکندن	fa	افَکَنَدِنْ
افگار	fa	افَگارْ
افگندن	fa	افَگَنَدِنْ
افیون	fa	افیونْ
اقامت	fa	اقامِتْ
اقامه	fa	اقامه
اقتباس	fa	اقْتَباسْ
اقتصاد	fa	اقْتَصادْ
اقتصادی	fa	اقْتَصادی
اقتضاء	fa	اقْتَضاءْ
اقدام	fa	اقَدامْ
اقدام	fa	اقَدامْ
اقدامات	fa	اقَداماتْ
اقدس	fa	اقَدِسْ
اقرار	fa	اقَرارْ
اقصر	fa	اقَصِرْ
اقلیدس	fa	اقَلیدِسْ
اقلیم	fa	اقَلیمْ
اقلیم‌شناسی	fa	اقَلیمْ‌شَناسی
اقمار	fa	اقَمارْ
اقیانوس	fa	اقیانوسْ
الا	fa	الا
الاغ	fa	الاغْ
البرز	fa	الْبَرَزْ
التزام	fa	الْتَزامْ
التفات	fa	الْتَفاتْ
التماس	fa	الْتَماسْ
التهاب	fa	الْتهابْ
الحاح	fa	الَحاحْ
الحاق	fa	الَحاقْ
الخ	fa	الِخْ
الخلیل	fa	الْخَلیلْ
الزامات	fa	الَزاماتْ
الزامی	fa	الَزامی
الف	fa	الِفْ
الفاظ	fa	الَفاظْ
الفبا	fa	الَفَبا
القاعده	fa	الَقاعِده
الله‌قلی	fa	الَله‌قَلی
الم	fa	الِمْ
الماس	fa	الَماسْ
الماس‌ها	fa	الَماسَ‌ها
الموت	fa	الِموتْ
الموتی	fa	الِموتی
الهام	fa	الهامْ
الوس	fa	الوسْ
الیاس	fa	الیاسْ
الیکا	fa	الیکا
امارات	fa	اماراتْ
امارت	fa	امارِتْ
امام	fa	امامْ
امامت	fa	امامِتْ
امامعلی	fa	امامْعَلی
امامقلی	fa	امامْقَلی
امان	fa	امانْ
امانت	fa	امانِتْ
اماکن	fa	اماکِنْ
امتحان	fa	امْتَحانْ
امتداد	fa	امْتَدادْ
امداد	fa	امَدادْ
امر	fa	امَرْ
امرا	fa	امِرا
امروز	fa	امَروزْ
امس	fa	امَسْ
امسال	fa	امَسالْ
امساک	fa	امَساکْ
امشب	fa	امَشِبْ
امضاء	fa	امَضاءْ
ام	fa	امْ
امل	fa	امِلْ
املا	fa	امَلا
امکان	fa	امَکانْ
امید	fa	امیدْ
امیدیار	fa	امیدیارْ
امیر	fa	امیرْ
امین	fa	امینْ
امینه	fa	امینه
ان	fa	انْ
انار	fa	انارْ
انبار	fa	انَبارْ
انباشت	fa	انَباشَتْ
انباشتن	fa	انَباشَتِنْ
انبر	fa	انَبِرْ
انبساط	fa	انْبَساطْ
انبه	fa	انَبه
انبیق	fa	انَبیقْ
انتباه	fa	انْتَباه
انتحار	fa	انْتَحارْ
انتخاب	fa	انْتَخابْ
انتشار	fa	انْتَشارْ
انتصاب	fa	انْتَصابْ
انتظار	fa	انْتَظارْ
انتظامی	fa	انْتَظامی
انتفاضه	fa	انْتَفاضه
انتفاع	fa	انْتَفاعْ
انتفاعی	fa	انْتَفاعی
انتقاد	fa	انْتَقادْ
انتقال	fa	انْتَقالْ
انتقام	fa	انْتَقامْ
انتها	fa	انْتها
انتهاء	fa	انْتهاءْ
انجام	fa	انَجامْ
انجامیدن	fa	انَجامیدِنْ
انجماد	fa	انْجَمادْ
انجمن	fa	انْجَمِنْ
انجیر	fa	انَجیرْ
انجیل	fa	انَجیلْ
انحصار	fa	انْحَصارْ
انحطاط	fa	انْحَطاطْ
انحلال	fa	انْحَلالْ
انداختن	fa	انَداخَتِنْ
اندازه	fa	انَدازه
اندام	fa	انَدامْ
اندر	fa	انَدِرْ
اندرون	fa	انْدَرونْ
اندلس	fa	انْدَلِسْ
اندلس	fa	انْدَلِسْ
اندوختن	fa	انَدوخَتِنْ
اندوه	fa	انَدوه
اندک	fa	انَدِکْ
اندکی	fa	انْدَکی
اندیجان	fa	انَدیجانْ
اندیشه	fa	انَدیشه
اندیشیدن	fa	انَدیشیدِنْ
انزال	fa	انَزالْ
انزجار	fa	انْزَجارْ
انزروت	fa	انْزَروتْ
انس	fa	انَسْ
انسان	fa	انَسانْ
انسانی	fa	انَسانی
انسان‌شناس	fa	انَسانْ‌شَناسْ
انسان‌شناسی	fa	انَسانْ‌شَناسی
انسجام	fa	انْسَجامْ
انسداد	fa	انْسَدادْ
انصاف	fa	انَصافْ
انطلیاس	fa	انَطَلیاسْ
انعام	fa	انَعامْ
انعطاف	fa	انْعَطافْ
انعکاس	fa	انْعَکاسْ
انفجار	fa	انْفَجارْ
انفجاری	fa	انْفَجاری
انفرادی	fa	انْفَرادی
انفست	fa	انْفَسَتْ
انفعال	fa	انْفَعالْ
انقباض	fa	انْقَباضْ
انقضا	fa	انْقَضا
انقضاء	fa	انْقَضاءْ
انقلاب	fa	انْقَلابْ
انقلابی	fa	انْقَلابی
انه	fa	انه
انوشه	fa	انوشه
انکار	fa	انَکارْ
انکاس	fa	انَکاسْ
انگار	fa	انَگارْ
انگاشتن	fa	انَگاشَتِنْ
انگبین	fa	انْگَبینْ
انگبین	fa	انْگَبینْ
انگریز	fa	انْگْریزْ
انگریز	fa	انْگْریزْ
انگشتر	fa	انَگَشَتِرْ
انگل	fa	انَگِلْ
انگلستان	fa	انْگَلَسَتانْ
انگلیس	fa	انْگْلیسْ
انگلیون	fa	انَگَلیونْ
انگنار	fa	انْگَنارْ
انگنار	fa	انْگَنارْ
انگنار	fa	انْگَنارْ
انگور	fa	انَگورْ
انگیختن	fa	انَگیخَتِنْ
انگیز	fa	انَگیزْ
انگیزه	fa	انَگیزه
انیسون	fa	انیسونْ
اهانت	fa	اهانِتْ
اهریمن	fa	اهریمِنْ
اهریمن	fa	اهریمِنْ
اهریمنی	fa	اهریمِنی
اهل	fa	اهلْ
اهمال	fa	اهمالْ
اهورا	fa	اهورا
اهورامزدا	fa	اهورامَزَدا
او	fa	او
اوباریدن	fa	اوباریدِنْ
اورشلیم	fa	اورِشِلیمْ
اورمزد	fa	اورْمَزَدْ
اوزبک	fa	اوزَبِکْ
اوزبکستان	fa	اوزْبَکَسَتانْ
اوزبکی	fa	اوزْبَکی
اوستا	fa	اوسَتا
اوش	fa	اوشْ
اوه	fa	اوه
اوگاندا	fa	اوگانَدا
اویغور	fa	اویغورْ
اویغورستان	fa	اویغورَسَتانْ
اپوش	fa	اپوشْ
اژدر	fa	اژَدِرْ
اژدها	fa	اژْدها
اژدهافش	fa	اژْدهافِشْ
اکبر	fa	اکَبِرْ
اکتشاف	fa	اکْتَشافْ
اکتوبر	fa	اکَتوبِرْ
اکثر	fa	اکَثِرْ
اکسیر	fa	اکَسیرْ
اکمال	fa	اکَمالْ
اکنون	fa	اکَنونْ
اگرا	fa	اگَرا
اگرچه	fa	اگَرَچه
اگست	fa	اگِسَتْ
اگیر	fa	اگیرْ
اگیر	fa	اگیرْ
ایثار	fa	ایثارْ
ایجاز	fa	ایجازْ
ایدر	fa	ایدِرْ
ایدر	fa	ایدِرْ
ایدون	fa	ایدونْ
ایراد	fa	ایرادْ
ایران	fa	ایرانْ
ایران	fa	ایرانْ
ایرانی	fa	ایرانی
ایران‌شناس	fa	ایرانْ‌شَناسْ
ایران‌شناسی	fa	ایرانْ‌شَناسی
ایرج	fa	ایرِجْ
ایرمان	fa	ایرَمانْ
ایزد	fa	ایزِدْ
ایزد	fa	ایزِدْ
ایزدی	fa	ایزِدی
ایزدی	fa	ایزِدی
ایست	fa	ایسَتْ
ایست	fa	ایسَتْ
ایستادن	fa	ایسَتادِنْ
ایستادن	fa	ایسَتادِنْ
ایستگاه	fa	ایسْتْگاه
ایشان	fa	ایشانْ
ایفا	fa	ایفا
ایل	fa	ایلْ
ایل	fa	ایلْ
ایلام	fa	ایلامْ
ایلغار	fa	ایلَغارْ
ایلچی	fa	ایلَچی
ایلی	fa	ایلی
ایمان	fa	ایمانْ
ایمانقلی	fa	ایمانْقَلی
ایمان‌دار	fa	ایمانَ‌دارْ
ایمن	fa	ایمِنْ
ایمنی	fa	ایمِنی
این	fa	اینْ
اینجا	fa	اینَجا
اینقدر	fa	اینْقَدَرْ
اینک	fa	اینِکْ
با	fa	با
باب	fa	بابْ
بابا	fa	بابا
بابت	fa	بابِتْ
بابزن	fa	بابَزِنْ
بابل	fa	بابِلْ
بابلی	fa	بابِلی
بابو	fa	بابو
بابک	fa	بابِکْ
بابی	fa	بابی
باتلاق	fa	باتَلاقْ
باتنگان	fa	باتَنَگانْ
باجناق	fa	باجِناقْ
باجه	fa	باجه
باجگاه	fa	باجَگاه
باجی	fa	باجی
باحال	fa	باحالْ
باختن	fa	باخَتِنْ
باخه	fa	باخه
باد	fa	بادْ
بادام	fa	بادامْ
بادبانی	fa	بادَبانی
بادغیس	fa	بادَغیسْ
بادلجان	fa	بادَلَجانْ
بادمجان	fa	بادَمَجانْ
بادنجان	fa	بادَنَجانْ
بادنگان	fa	بادَنَگانْ
باده	fa	باده
بادکنک	fa	بادْکَنِکْ
بار	fa	بارْ
باران	fa	بارانْ
بارانداز	fa	بارانَدازْ
بارانی	fa	بارانی
باربر	fa	بارَبِرْ
باردار	fa	بارَدارْ
بارداری	fa	بارَداری
بارسات	fa	بارَساتْ
بارش	fa	بارِشْ
باره	fa	باره
بارو	fa	بارو
باروت	fa	باروتْ
بارود	fa	بارودْ
بارگاه	fa	بارَگاه
بارگی	fa	بارِگی
بارگیری	fa	بارَگیری
باری	fa	باری
باریدن	fa	باریدِنْ
باریک	fa	باریکْ
باریکه	fa	باریکه
باز	fa	بازْ
بازار	fa	بازارْ
بازاری	fa	بازاری
بازداشت	fa	بازَداشَتْ
بازداشتن	fa	بازَداشَتِنْ
بازدید	fa	بازَدیدْ
بازرگان	fa	بازَرَگانْ
بازرگانی	fa	بازَرَگانی
بازشناختن	fa	بازْشَناخَتِنْ
بازنده	fa	بازَنَده
بازنشسته	fa	بازْنَشَسَته
بازنشستگی	fa	بازْنَشَسْتَگی
بازه	fa	بازه
بازو	fa	بازو
بازوبند	fa	بازوبِنَدْ
بازپرداخت	fa	بازَپَرَداخَتْ
بازگشتن	fa	بازَگَشَتِنْ
بازی	fa	بازی
بازیافت	fa	بازیافَتْ
بازیچه	fa	بازیچه
بازیکن	fa	بازیکِنْ
بازیگر	fa	بازیگِرْ
باستان	fa	باسَتانْ
باستانی	fa	باسَتانی
باستان‌شناس	fa	باسَتانْ‌شَناسْ
باسن	fa	باسِنْ
باش	fa	باشْ
باشنده	fa	باشَنَده
باشنده	fa	باشَنَده
باشه	fa	باشه
باشگاه	fa	باشَگاه
باشی	fa	باشی
باطل	fa	باطِلْ
باطن	fa	باطِنْ
باطوم	fa	باطومْ
باعث	fa	باعِثْ
باعرضه	fa	باعَرَضه
باغ	fa	باغْ
باغات	fa	باغاتْ
باغبان	fa	باغَبانْ
باغبانی	fa	باغَبانی
باغچه	fa	باغَچه
باغ‌ها	fa	باغَ‌ها
باف	fa	بافْ
بافت	fa	بافَتْ
بافتن	fa	بافَتِنْ
بافتنی	fa	بافْتَنی
باقالی	fa	باقالی
باقی	fa	باقی
بال	fa	بالْ
بالا	fa	بالا
بالاخانه	fa	بالاخانه
بالاخره	fa	بالاخِره
بالش	fa	بالِشْ
بالعکس	fa	بالْعَکَسْ
بالغ	fa	بالِغْ
بالفعل	fa	بالْفَعَلْ
باله	fa	باله
بالین	fa	بالینْ
بام	fa	بامْ
بامداد	fa	بامَدادْ
بامزه	fa	بامِزه
بان	fa	بانْ
بانس	fa	بانَسْ
بانو	fa	بانو
بانو	fa	بانو
بانکدار	fa	بانْکْدارْ
بانگ	fa	بانَگْ
بانی	fa	بانی
باهوش	fa	باهوشْ
باژ	fa	باژْ
باژدار	fa	باژَدارْ
باک	fa	باکْ
باکره	fa	باکِره
باکرگی	fa	باکِرِگی
باکو	fa	باکو
ببخشید	fa	بَبَخَشیدْ
ببر	fa	بَبِرْ
ببر	fa	بَبَرْ
بت	fa	بَتْ
بت	fa	بَتْ
بتکده	fa	بَتْکَده
بت‌پرست	fa	بَتْ‌پَرِسَتْ
بجای	fa	بَجای
بجنورد	fa	بَجَنورَدْ
بحبوحه	fa	بَحَبوحه
بحث	fa	بَحَثْ
بحر	fa	بَحَرْ
بحران	fa	بَحَرانْ
بحکم	fa	بَحَکَمَ
بخار	fa	بَخارْ
بخارا	fa	بَخارا
بخاری	fa	بَخاری
بخاطر	fa	بَخاطِرَ
بختن	fa	بَخَتِنْ
بختک	fa	بَخَتِکْ
بخش	fa	بَخَشْ
بخشای	fa	بَخَشای
بخشاییدن	fa	بَخَشاییدِنْ
بخشش	fa	بَخَشِشْ
بخشنده	fa	بَخَشَنَده
بخشودن	fa	بَخَشودِنْ
بخشیدن	fa	بَخَشیدِنْ
بخصوص	fa	بَخِصوصْ
بخل	fa	بَخَلْ
بخور	fa	بَخورْ
بخیل	fa	بَخیلْ
بد	fa	بَدْ
بداسقان	fa	بَداسَقانْ
بداشقان	fa	بَداشَقانْ
بدان	fa	بَدانْ
بدبخت	fa	بَدْبَخَتْ
بدتر	fa	بَدَتِرْ
بدخشان	fa	بَدَخَشانْ
بددل	fa	بَدَدِلْ
بدر	fa	بَدِرْ
بدر	fa	بَدَرْ
بدرقه	fa	بَدْرَقه
بدرنگ	fa	بَدْرَنَگْ
بدرود	fa	بَدَرودْ
بدروزگار	fa	بَدَروزِگارْ
بدروزگار	fa	بَدَروزَگارْ
بدشغان	fa	بَدَشَغانْ
بدشگان	fa	بَدَشَگانْ
بدعت	fa	بَدَعِتْ
بدقسمت	fa	بَدَقَسَمِتْ
بدل	fa	بَدِلْ
بدمعاش	fa	بَدْمَعاشْ
بدن	fa	بَدِنْ
بدن	fa	بَدِنْ
بدهکار	fa	بَدهکارْ
بدون	fa	بَدونَ
بدی	fa	بَدی
بدیع	fa	بَدیعْ
بدیعی	fa	بَدیعی
بدیل	fa	بَدیلْ
بر	fa	بَرْ
برآشفته	fa	بَرآشَفَته
برآمدن	fa	بَرآمِدِنْ
برآمده	fa	بَرآمِده
برابر	fa	بَرابِرْ
برابری	fa	بَرابِری
برادر	fa	بَرادِرْ
برادر	fa	بَرادِرْ
برادرانه	fa	بَرادِرانه
برار	fa	بَرارْ
برازیدن	fa	بَرازیدِنْ
براق	fa	بَراقْ
برانداختن	fa	بَرانَداخَتِنْ
بربادی	fa	بَرَبادی
بربردن	fa	بَرَبَرَدِنْ
بربری	fa	بَرْبَری
بربط	fa	بَرَبِطْ
برتن	fa	بَرَتِنْ
برتنی	fa	بَرْتَنی
برج	fa	بَرَجْ
برجسته	fa	بَرَجَسَته
برجیس	fa	بَرَجیسْ
برخاستن	fa	بَرَخاسَتِنْ
برخلاف	fa	بَرْخَلافَ
برخی	fa	بَرَخی
برخیز	fa	بَرَخیزْ
بردار	fa	بَرَدارْ
برداشت	fa	بَرَداشَتْ
برداشتن	fa	بَرَداشَتِنْ
بردبار	fa	بَرْدْبارْ
بردن	fa	بَرَدِنْ
برده	fa	بَرَده
برده	fa	بَرَده
بردوختن	fa	بَرَدوخَتِنْ
بردگی	fa	بَرْدَگی
بررسی	fa	بَرْرَسی
بررسیدن	fa	بَرْرَسیدِنْ
برزن	fa	بَرَزِنْ
برزگر	fa	بَرْزْگِرْ
برزگری	fa	بَرْزْگَری
برزیستن	fa	بَرَزیسَتِنْ
برزیلی	fa	بَرِزیلی
برس	fa	بَرَسْ
برش	fa	بَرِشْ
برشتن	fa	بَرَشَتِنْ
برش‌نگاری	fa	بَرَشْ‌نَگاری
برغست	fa	بَرْغَسَتْ
برف	fa	بَرَفْ
برفی	fa	بَرَفی
برق	fa	بَرَقْ
برقرار	fa	بَرْقَرارْ
برقع	fa	بَرَقِعْ
برقی	fa	بَرَقی
برمنش	fa	بَرْمَنِشْ
برنا	fa	بَرَنا
برنامه	fa	بَرَنامه
برنج	fa	بَرِنَجْ
برنشستن	fa	بَرْنَشَسَتِنْ
برهمن	fa	بَرهمِنْ
برهنه	fa	بَرهنه
برهنگی	fa	بَرهنَگی
برهه	fa	بَرهه
بروت	fa	بَروتْ
بروز	fa	بَروزْ
برپا	fa	بَرَپا
برپایی	fa	بَرَپایی
برچیدن	fa	بَرَچیدِنْ
برکندن	fa	بَرَکَنَدِنْ
برکه	fa	بَرَکه
برگ	fa	بَرَگْ
برگردان	fa	بَرَگَرَدانْ
برگرداندن	fa	بَرَگَرَدانَدِنْ
برگردان‌ها	fa	بَرَگَرَدانَ‌ها
برگزیدن	fa	بَرْگَزیدِنْ
برگشت	fa	بَرْگَشَتْ
برگشتن	fa	بَرَگَشَتِنْ
برگه	fa	بَرَگه
بری	fa	بَری
بریانی	fa	بَریانی
بریدن	fa	بَریدِنْ
برین	fa	بَرینْ
برین	fa	بَرینْ
برینم	fa	بَرینِمْ
برینن	fa	بَرینِنْ
برینه	fa	بَرینه
برینی	fa	بَرینی
برینیم	fa	بَرینیمْ
برینین	fa	بَرینینْ
بز	fa	بَزْ
بزاق	fa	بَزاقْ
بزرگ	fa	بَزِرَگْ
بزرگسال	fa	بَزَرْگْسالْ
بزرگی	fa	بَزَرَگی
بزرگ‌امید	fa	بَزَرَگْ‌امیدْ
بزرگ‌تر	fa	بَزَرْگْ‌تِرْ
بزهکار	fa	بَزهکارْ
بزودی	fa	بَزودی
بزکشی	fa	بَزْکَشی
بس	fa	بَسْ
بستر	fa	بَسَتِرْ
بستری	fa	بَسْتَری
بستن	fa	بَسَتِنْ
بسته	fa	بَسَته
بستگی	fa	بَسْتَگی
بسد	fa	بَسِدْ
بسد	fa	بَسِدْ
بسمل	fa	بَسَمِلْ
بسنده	fa	بَسَنَده
بسیار	fa	بَسیارْ
بشر	fa	بَشِرْ
بشردوست	fa	بَشَرَدوسَتْ
بشردوستانه	fa	بَشَرَدوسَتانه
بشقاب	fa	بَشَقابْ
بشقاب	fa	بَشَقابْ
بشکن	fa	بَشَکِنْ
بشگرد	fa	بَشْگَرَدْ
بشیر	fa	بَشیرْ
بصره	fa	بَصَره
بضاعت	fa	بَضاعِتْ
بطش	fa	بَطَشْ
بطن	fa	بَطَنْ
بعث	fa	بَعَثْ
بعثی	fa	بَعَثی
بعد	fa	بَعَدْ
بعد	fa	بَعَدْ
بعدی	fa	بَعَدی
بعض	fa	بَعِضْ
بعضی	fa	بَعَضی
بعل	fa	بَعَلْ
بعید	fa	بَعیدْ
بغامه	fa	بَغامه
بغداد	fa	بَغَدادْ
بغض	fa	بَغَضْ
بغل	fa	بَغِلْ
بفرمایید	fa	بَفَرَماییدْ
بقا	fa	بَقا
بقراط	fa	بَقَراطْ
بل	fa	بَلْ
بلا	fa	بَلا
بلا	fa	بَلا
بلاتکلیف	fa	بَلاتَکَلیفْ
بلاصاحب	fa	بَلاصاحِبْ
بلافاصله	fa	بَلافاصِله
بلال	fa	بَلالْ
بلبل	fa	بَلَبِلْ
بلتستان	fa	بَلَتَسَتانْ
بلخ	fa	بَلَخْ
بلد	fa	بَلِدْ
بلدرچین	fa	بَلَدَرَچینْ
بلعیدن	fa	بَلَعیدِنْ
بلغار	fa	بَلَغارْ
بلغارستان	fa	بَلَغارَسَتانْ
بلغاری	fa	بَلَغاری
بلم	fa	بَلِمْ
بلند	fa	بَلِنَدْ
بلور	fa	بَلورْ
بلور	fa	بَلورْ
بلوط	fa	بَلوطْ
بلوغ	fa	بَلوغْ
بلوچ	fa	بَلوچْ
بلوچستان	fa	بَلوچَسَتانْ
بلوچی	fa	بَلوچی
بلوک	fa	بَلوکْ
بلکه	fa	بَلَکه
بلی	fa	بَلی
بمان	fa	بَمانْ
بن	fa	بَنْ
بن	fa	بَنْ
بنا	fa	بَنا
بنارس	fa	بَنارِسْ
بنام	fa	بَنامْ
بنت	fa	بَنَتْ
بنجل	fa	بَنَجِلْ
بند	fa	بَنَدْ
بندر	fa	بَنَدِرْ
بندرگاه	fa	بَنَدَرَگاه
بندری	fa	بَنْدَری
بنده	fa	بَنَده
بندگی	fa	بَنْدَگی
بنفش	fa	بَنِفَشْ
بنفش	fa	بَنِفَشْ
بنفش	fa	بَنِفَشْ
بنفشه	fa	بَنَفَشه
بنفشه	fa	بَنَفَشه
بنفشه	fa	بَنَفَشه
بنه	fa	بَنه
بنوشید	fa	بَنوشیدْ
بنگاه	fa	بَنَگاه
بنگی	fa	بَنَگی
بنیاد	fa	بَنیادْ
بنیادگرا	fa	بَنیادْگَرا
بنیادی	fa	بَنیادی
بنیامین	fa	بَنیامینْ
بنیان	fa	بَنیانْ
بن‌بست	fa	بَنْ‌بَسَتْ
به	fa	به
بها	fa	بها
بها	fa	بها
بهاء	fa	بهاءْ
بهادر	fa	بهادِرْ
بهار	fa	بهارْ
بهارنارنج	fa	بهارَنارِنَجْ
بهانه	fa	بهانه
بهبود	fa	بهبودْ
بهت	fa	بهتْ
بهتان	fa	بهتانْ
بهتر	fa	بهتِرْ
بهترین	fa	بهتَرینْ
بهترین	fa	بهتَرینْ
بهداد	fa	بهدادْ
بهدین	fa	بهدینْ
بهر	fa	بهرْ
بهراد	fa	بهرادْ
بهرام	fa	بهرامْ
بهرامی	fa	بهرامی
بهره	fa	بهره
بهروز	fa	بهروزْ
بهزاد	fa	بهزادْ
بهمان	fa	بهمانْ
بهمن	fa	بهمِنْ
بهنام	fa	بهنامْ
بهیمه	fa	بهیمه
بهینه	fa	بهینه
بو	fa	بو
بو	fa	بو
بوبو	fa	بوبو
بوت	fa	بوتْ
بوته	fa	بوته
بوتیمار	fa	بوتیمارْ
بود	fa	بودْ
بوداپست	fa	بوداپِسَتْ
بودباش	fa	بودَباشْ
بودن	fa	بودِنْ
بودنه	fa	بودِنه
بور	fa	بورْ
بوران	fa	بورانْ
بوره	fa	بوره
بوری	fa	بوری
بوزه	fa	بوزه
بوزیدان	fa	بوزیدانْ
بوزینه	fa	بوزینه
بوس	fa	بوسْ
بوس	fa	بوسْ
بوستان	fa	بوسَتانْ
بوسه	fa	بوسه
بوسیدن	fa	بوسیدِنْ
بوق	fa	بوقْ
بوقلمون	fa	بوقِلِمونْ
بولانی	fa	بولانی
بوم	fa	بومْ
بون	fa	بونْ
بپا	fa	بَپا
بچه	fa	بَچه
بچه	fa	بَچه
بچه	fa	بَچه
بچگی	fa	بَچِگی
بژم	fa	بَژَمْ
بک	fa	بَکْ
بکارت	fa	بَکارِتْ
بکتاش	fa	بَکَتاشْ
بکتاشی	fa	بَکَتاشی
بکر	fa	بَکَرْ
بگران	fa	بَگَرانْ
بگماز	fa	بَگَمازْ
بگنی	fa	بَگَنی
بی	fa	بی
بیجا	fa	بیجا
بیجاده	fa	بیجاده
بیخ	fa	بیخْ
بیختن	fa	بیخَتِنْ
بید	fa	بیدْ
بیداد	fa	بیدادْ
بیدادپیشه	fa	بیدادَپیشه
بیدادی	fa	بیدادی
بیدار	fa	بیدارْ
بیداری	fa	بیداری
بیر	fa	بیرْ
بیرجند	fa	بیرْجَنَدْ
بیرون	fa	بیرونْ
بیرونی	fa	بیرونی
بیزار	fa	بیزارْ
بیست	fa	بیسَتْ
بیستون	fa	بیسَتونْ
بیستون	fa	بیسِتونْ
بیش	fa	بیشْ
بیش	fa	بیشْ
بیشتر	fa	بیشَتِرْ
بیشه	fa	بیشه
بیشکک	fa	بیشَکِکْ
بیل	fa	بیلْ
بیم	fa	بیمْ
بیمار	fa	بیمارْ
بیمار	fa	بیمارْ
بیمارستان	fa	بیمارَسَتانْ
بیماری	fa	بیماری
بیمناک	fa	بیمَناکْ
بیمه	fa	بیمه
بین	fa	بینْ
بینش	fa	بینِشْ
بینی	fa	بینی
بیهوده	fa	بیهوده
بیچاره	fa	بیچاره
بیچارگی	fa	بیچارِگی
بیژن	fa	بیژِنْ
بیکار	fa	بیکارْ
بیکاری	fa	بیکاری
بیکران	fa	بیکِرانْ
بیک‌آباد	fa	بیکِ‌آبادْ
بیگ	fa	بیگْ
بیگار	fa	بیگارْ
بیگاری	fa	بیگاری
بیگانه	fa	بیگانه
بیگاه	fa	بیگاه
بیگلربیگی	fa	بیگَلَرَبیگی
بیگم	fa	بیگِمْ
بیگ‌زاده	fa	بیگَ‌زاده
بی‌باک	fa	بی‌باکْ
بی‌برگی	fa	بی‌بَرَگی
بی‌بی	fa	بی‌بی
بی‌تقصیر	fa	بی‌تَقَصیرْ
بی‌خبر	fa	بی‌خِبِرْ
بی‌خواب	fa	بی‌خوابْ
بی‌خوابی	fa	بی‌خوابی
بی‌دانه	fa	بی‌دانه
بی‌دین	fa	بی‌دینْ
بی‌ستاره	fa	بی‌سِتاره
بی‌شرم	fa	بی‌شِرَمْ
بی‌شمار	fa	بی‌شِمارْ
بی‌صبر	fa	بی‌صِبَرْ
بی‌صدا	fa	بی‌صِدا
بی‌صراط	fa	بی‌صِراطْ
بی‌طرف	fa	بی‌طِرِفْ
بی‌طرفی	fa	بی‌طِرِفی
بی‌عرضه	fa	بی‌عَرَضه
بی‌معنی	fa	بی‌مَعَنی
بی‌مغز	fa	بی‌مِغَزْ
بی‌نظیر	fa	بی‌نِظیرْ
بی‌هوش	fa	بی‌هوشْ
بی‌چاره	fa	بی‌چاره
بی‌گناه	fa	بی‌گِناه
بی‌گناه‌تر	fa	بی‌گِناه‌تِرْ
بی‌گناه‌ترین	fa	بی‌گِناه‌تَرینْ
تا	fa	تا
تاب	fa	تابْ
تابان	fa	تابانْ
تابستان	fa	تابَسَتانْ
تابستانی	fa	تابَسَتانی
تابش	fa	تابِشْ
تابع	fa	تابِعْ
تابناک	fa	تابَناکْ
تابنده	fa	تابَنَده
تابنده	fa	تابَنَده
تابه	fa	تابه
تابوت	fa	تابوتْ
تابیدن	fa	تابیدِنْ
تاتارستان	fa	تاتارَسَتانْ
تاتوره	fa	تاتوره
تاتول	fa	تاتولْ
تاج	fa	تاجْ
تاجبخش	fa	تاجْبَخَشْ
تاجر	fa	تاجِرْ
تاجک	fa	تاجِکْ
تاجیکستان	fa	تاجیکَسَتانْ
تاجیکی	fa	تاجیکی
تاج‌گذاری	fa	تاجْ‌گَذاری
تاختن	fa	تاخَتِنْ
تار	fa	تارْ
تارک	fa	تارِکْ
تارک	fa	تارِکْ
تاریخ	fa	تاریخْ
تاریخچه	fa	تاریخَچه
تاریخی	fa	تاریخی
تاریک	fa	تاریکْ
تاریکی	fa	تاریکی
تازه	fa	تازه
تازگی	fa	تازِگی
تازی	fa	تازی
تازیک	fa	تازیکْ
تاسه	fa	تاسه
تاشکند	fa	تاشْکَنَدْ
تاغ	fa	تاغْ
تافتان	fa	تافَتانْ
تافتن	fa	تافَتِنْ
تالار	fa	تالارْ
تاک	fa	تاکْ
تاکستان	fa	تاکَسَتانْ
تاکنون	fa	تاکِنونْ
تب	fa	تَبْ
تبادل	fa	تَبادِلْ
تبار	fa	تَبارْ
تباه	fa	تَباه
تباهی	fa	تَباهی
تبختر	fa	تَبَخَتِرْ
تبدیل	fa	تَبَدیلْ
تبر	fa	تَبِرْ
تبرزين	fa	تَبَرَزينْ
تبریز	fa	تَبَریزْ
تبریزی	fa	تَبَریزی
تبریک	fa	تَبَریکْ
تبعید	fa	تَبَعیدْ
تبعیض	fa	تَبَعیضْ
تبلیغ	fa	تَبَلیغْ
تتق	fa	تَتِقْ
تجارت	fa	تَجارِتْ
تجاری	fa	تَجاری
تجربه	fa	تَجْرَبه
تجربه	fa	تَجْرَبه
تجربی	fa	تَجْرَبی
تجربی	fa	تَجْرَبی
تجلیل	fa	تَجَلیلْ
تجهیزات	fa	تَجهیزاتْ
تحت	fa	تَحَتَ
تحریر	fa	تَحَریرْ
تحریف	fa	تَحَریفْ
تحریم	fa	تَحَریمْ
تحریک	fa	تَحَریکْ
تحسین	fa	تَحَسینْ
تحصیل	fa	تَحَصیلْ
تحفه	fa	تَحَفه
تحقیق	fa	تَحَقیقْ
تحلیل	fa	تَحَلیلْ
تخار	fa	تَخارْ
تخارستان	fa	تَخارَسَتانْ
تخت	fa	تَخَتْ
تختخواب	fa	تَخْتَخوابْ
تخته	fa	تَخَته
تخریب	fa	تَخَریبْ
تخس	fa	تَخَسْ
تخش	fa	تَخَشْ
تخفیف	fa	تَخَفیفْ
تخم	fa	تَخَمْ
تخماق	fa	تَخَماقْ
تخمدان	fa	تَخْمْدانْ
تخمه	fa	تَخَمه
تخمین	fa	تَخَمینْ
تدارک	fa	تَدارِکْ
تداعی	fa	تَداعی
تدبیر	fa	تَدَبیرْ
تدخین	fa	تَدَخینْ
تدریج	fa	تَدَریجْ
تدریس	fa	تَدَریسْ
تدفین	fa	تَدَفینْ
تر	fa	تَرْ
ترا	fa	تَرا
ترا	fa	تَرا
ترابی	fa	تَرابی
ترازو	fa	تَرازو
تراش	fa	تَراشْ
تراشتن	fa	تَراشَتِنْ
تراشه	fa	تَراشه
تراشیدن	fa	تَراشیدِنْ
ترامپ	fa	تَرامَپْ
ترامپ	fa	تْرامَپْ
ترانه	fa	تَرانه
تراکم	fa	تَراکِمْ
تراکمه	fa	تَراکِمه
ترب	fa	تَرَبْ
ترب	fa	تَرِبْ
تربوز	fa	تَرَبوزْ
ترتیب	fa	تَرَتیبْ
ترجمان	fa	تَرْجَمانْ
ترجمه	fa	تَرْجَمه
ترخینه	fa	تَرَخینه
ترد	fa	تَرَدْ
تردید	fa	تَرَدیدْ
ترس	fa	تَرَسْ
ترسا	fa	تَرَسا
ترساندن	fa	تَرَسانَدِنْ
ترسایی	fa	تَرَسایی
ترسناک	fa	تَرْسْناکْ
ترسون‌زاده	fa	تَرَسونَ‌زاده
ترسیدن	fa	تَرَسیدِنْ
ترسیم	fa	تَرَسیمْ
ترش	fa	تَرِشْ
ترش	fa	تَرَشْ
ترشه	fa	تَرَشه
ترشک	fa	تَرَشِکْ
ترشی	fa	تَرَشی
ترغای	fa	تَرَغای
ترفیع	fa	تَرَفیعْ
ترمز	fa	تَرَمِزْ
ترمه	fa	تَرَمه
ترمه	fa	تَرَمه
ترمیم	fa	تَرَمیمْ
ترنج	fa	تَرِنَجْ
ترنج	fa	تَرِنَجْ
ترنه	fa	تَرَنه
تره	fa	تَره
ترک	fa	تَرِکْ
ترک	fa	تَرَکْ
ترک	fa	تَرَکْ
ترکتاز	fa	تَرْکْتازْ
ترکستان	fa	تَرَکَسَتانْ
ترکش	fa	تَرَکِشْ
ترکش	fa	تَرَکِشْ
ترکمان	fa	تَرْکَمانْ
ترکمان	fa	تَرْکْمانْ
ترکمن	fa	تَرْکَمِنْ
ترکمن	fa	تَرْکْمِنْ
ترکمنستان	fa	تَرْکْمَنَسَتانْ
ترکمن‌آباد	fa	تَرْکْمَنِ‌آبادْ
ترکمن‌قلعه	fa	تَرْکْمَنَ‌قَلَعه
ترکی	fa	تَرَکی
ترکیب	fa	تَرَکیبْ
ترکیب‌بند	fa	تَرَکیبْ‌بَنَدْ
ترگمان	fa	تَرْگَمانْ
تریاک	fa	تَریاکْ
تریاک	fa	تَریاکْ
تزریق	fa	تَزَریقْ
تزیین	fa	تَزیینْ
تزیینی	fa	تَزیینی
تسبیح	fa	تَسَبیحْ
تسخیر	fa	تَسَخیرْ
تسلیحات	fa	تَسَلیحاتْ
تسلیم	fa	تَسَلیمْ
تسمه	fa	تَسَمه
تسهیل	fa	تَسهیلْ
تسو	fa	تَسو
تسکین	fa	تَسَکینْ
تشخیص	fa	تَشَخیصْ
تشدید	fa	تَشَدیدْ
تشریح	fa	تَشَریحْ
تشریح	fa	تَشَریحْ
تشریف	fa	تَشَریفْ
تشرین	fa	تَشَرینْ
تشعیر	fa	تَشَعیرْ
تشناب	fa	تَشَنابْ
تشنه	fa	تَشَنه
تشنگی	fa	تَشْنَگی
تشکیل	fa	تَشَکیلْ
تشکیلات	fa	تَشَکیلاتْ
تشییع	fa	تَشییعْ
تصادف	fa	تَصادِفْ
تصادفی	fa	تَصادِفی
تصحیح	fa	تَصَحیحْ
تصحیف	fa	تَصَحیفْ
تصدیق	fa	تَصَدیقْ
تصریح	fa	تَصَریحْ
تصریف	fa	تَصَریفْ
تصمیم	fa	تَصَمیمْ
تضاد	fa	تَضادْ
تضعیف	fa	تَضَعیفْ
تطابق	fa	تَطابِقْ
تطبیق	fa	تَطَبیقْ
تعادل	fa	تَعادِلْ
تعارف	fa	تَعارِفْ
تعامل	fa	تَعامِلْ
تعبیر	fa	تَعَبیرْ
تعداد	fa	تَعَدادْ
تعرفه	fa	تَعْرَفه
تعریف	fa	تَعَریفْ
تعزیر	fa	تَعَزیرْ
تعطیل	fa	تَعَطیلْ
تعظیم	fa	تَعَظیمْ
تعقیب	fa	تَعَقیبْ
تعلیق	fa	تَعَلیقْ
تعلیم	fa	تَعَلیمْ
تعلیمی	fa	تَعَلیمی
تعمید	fa	تَعَمیدْ
تعمیر	fa	تَعَمیرْ
تعمیرگاه	fa	تَعَمیرَگاه
تعیین	fa	تَعیینْ
تغافل	fa	تَغافِلْ
تغییر	fa	تَغییرْ
تف	fa	تَفْ
تف	fa	تَفْ
تفت	fa	تَفَتْ
تفرقه	fa	تَفْرَقه
تفریح	fa	تَفَریحْ
تفریق	fa	تَفَریقْ
تفسیدن	fa	تَفَسیدِنْ
تفسیر	fa	تَفَسیرْ
تفلیس	fa	تَفَلیسْ
تفنگ	fa	تَفِنَگْ
تفنگچه	fa	تَفَنْگْچه
تفک	fa	تَفِکْ
تفکیک	fa	تَفَکیکْ
تقابل	fa	تَقابِلْ
تقاضا	fa	تَقاضا
تقاطع	fa	تَقاطِعْ
تقدیر	fa	تَقَدیرْ
تقدیم	fa	تَقَدیمْ
تقریب	fa	تَقَریبْ
تقریر	fa	تَقَریرْ
تقسیم	fa	تَقَسیمْ
تقصیر	fa	تَقَصیرْ
تقلید	fa	تَقَلیدْ
تقلیل	fa	تَقَلیلْ
تلاش	fa	تَلاشْ
تلاطم	fa	تَلاطِمْ
تلافی	fa	تَلافی
تلاقی	fa	تَلاقی
تلبیس	fa	تَلَبیسْ
تلخ	fa	تَلَخْ
تلطیف	fa	تَلَطیفْ
تلف	fa	تَلِفْ
تلفات	fa	تَلِفاتْ
تلفیق	fa	تَلَفیقْ
تلقی	fa	تَلِقی
تلقین	fa	تَلَقینْ
تلمیح	fa	تَلَمیحْ
تله	fa	تَله
تلک	fa	تَلَکْ
تلک	fa	تَلَکْ
تلگراف	fa	تَلَگَرافْ
تم	fa	تَمْ
تماس	fa	تَماسْ
تماشا	fa	تَماشا
تماشاخانه	fa	تَماشاخانه
تماشی	fa	تَماشی
تمام	fa	تَمامْ
تمثیل	fa	تَمَثیلْ
تمجید	fa	تَمَجیدْ
تمدید	fa	تَمَدیدْ
تمر	fa	تَمَرْ
تمر	fa	تَمِرْ
تمر	fa	تَمِرْ
تمرکز	fa	تَمَرَکِزْ
تمرین	fa	تَمَرینْ
تمساح	fa	تَمَساحْ
تمسخر	fa	تَمَسَخِرْ
تمکین	fa	تَمَکینْ
تمیز	fa	تَمیزْ
تن	fa	تَنْ
تن	fa	تَنْ
تنازع	fa	تَنازِعْ
تناسلی	fa	تَناسِلی
تنباکو	fa	تَنَباکو
تنبسه	fa	تَنْبَسه
تنبل	fa	تَنَبِلْ
تنبور	fa	تَنَبورْ
تنبک	fa	تَنَبِکْ
تنبک	fa	تَنَبِکْ
تنبیه	fa	تَنَبیه
تنجیدن	fa	تَنَجیدِنْ
تنخواه	fa	تَنَخواه
تند	fa	تَنَدْ
تندباد	fa	تَنْدْبادْ
تندر	fa	تَنَدِرْ
تندر	fa	تَنَدِرْ
تندپز	fa	تَنْدْپِزْ
تندیس	fa	تَنَدیسْ
تنظیم	fa	تَنَظیمْ
تنعم	fa	تَنِعِمْ
تنقید	fa	تَنَقیدْ
تنها	fa	تَنها
تنور	fa	تَنورْ
تنومند	fa	تَنومِنَدْ
تنک	fa	تَنِکْ
تنک	fa	تَنِکْ
تنکه	fa	تَنِکه
تنگ	fa	تَنَگْ
تنگ	fa	تَنَگْ
تنگه	fa	تَنَگه
تنیدن	fa	تَنیدِنْ
تنیس‌باز	fa	تَنیسَ‌بازْ
تن‌فروش	fa	تَنْ‌فَروشْ
تهاجم	fa	تهاجِمْ
تهدید	fa	تهدیدْ
تهران	fa	تهرانْ
تهرون	fa	تهرونْ
تهمت	fa	تهمِتْ
تهی	fa	تهی
تهیدست	fa	تهیدِسَتْ
ته‌دیگ	fa	ته‌دیگْ
تو	fa	تو
توبال	fa	توبالْ
توبره	fa	توبَره
توت	fa	توتْ
توتون	fa	توتونْ
تودری	fa	تودِری
توده	fa	توده
توران	fa	تورانْ
توران‌دخت	fa	تورانْ‌دَخَتْ
توریستی	fa	توریسَتی
توسی	fa	توسی
تول	fa	تولْ
توله	fa	توله
تولیدن	fa	تولیدِنْ
تومان	fa	تومانْ
تونس	fa	تونِسْ
توپ	fa	توپْ
توپخانه	fa	توپَخانه
توکیو	fa	توکیو
تپانچه	fa	تَپانَچه
تپه	fa	تَپه
تپیدن	fa	تَپیدِنْ
تک	fa	تَکْ
تکالیف	fa	تَکالیفْ
تکامل	fa	تَکامِلْ
تکرار	fa	تَکَرارْ
تکراری	fa	تَکَراری
تکفور	fa	تَکَفورْ
تکلیف	fa	تَکَلیفْ
تکلیف‌ها	fa	تَکَلیفَ‌ها
تکمیل	fa	تَکَمیلْ
تکه	fa	تَکه
تکوک	fa	تَکوکْ
تکیدن	fa	تَکیدِنْ
تک‌شاخ	fa	تَکَ‌شاخْ
تگرگ	fa	تَگِرَگْ
تیر	fa	تیرْ
تیراژه	fa	تیراژه
تیرداد	fa	تیرَدادْ
تیره	fa	تیره
تیره	fa	تیره
تیرگی	fa	تیرِگی
تیرگی	fa	تیرِگی
تیز	fa	تیزْ
تیزاب	fa	تیزابْ
تیشه	fa	تیشه
تیغ	fa	تیغْ
تیغه	fa	تیغه
تیلماچی	fa	تیلَماچی
تیله	fa	تیله
تیم	fa	تیمْ
تیمار	fa	تیمارْ
تیمارستان	fa	تیمارَسَتانْ
تیمور	fa	تیمورْ
تیمچه	fa	تیمَچه
تیهو	fa	تیهو
ثابت	fa	ثابِتْ
ثانی	fa	ثانی
ثبات	fa	ثَباتْ
ثبت	fa	ثَبَتْ
ثلاثة	fa	ثَلاثَة
ثلاثه	fa	ثَلاثه
ثلجم	fa	ثَلَجِمْ
ثمر	fa	ثَمِرْ
ثنا	fa	ثَنا
جا	fa	جا
جابجا	fa	جابِجا
جادو	fa	جادو
جادوگر	fa	جادوگِرْ
جاذبه	fa	جاذِبه
جارو	fa	جارو
جاروب	fa	جاروبْ
جاری	fa	جاری
جاسوس	fa	جاسوسْ
جاسوسی	fa	جاسوسی
جالب	fa	جالِبْ
جالیز	fa	جالیزْ
جام	fa	جامْ
جامد	fa	جامِدْ
جامدانی	fa	جامَدانی
جامع	fa	جامِعْ
جامعه	fa	جامِعه
جامه	fa	جامه
جان	fa	جانْ
جانان	fa	جانانْ
جانب	fa	جانِبْ
جانباز	fa	جانَبازْ
جانشین	fa	جانِشینْ
جانماز	fa	جانِمازْ
جانه	fa	جانه
جانی	fa	جانی
جاه	fa	جاه
جاهدار	fa	جاهدارْ
جاکش	fa	جاکِشْ
جاگیر	fa	جاگیرْ
جای	fa	جای
جایگاه	fa	جایگاه
جایگزین	fa	جایگَزینْ
جبار	fa	جَبارْ
جبر	fa	جَبَرْ
جبل	fa	جَبِلْ
جبهه	fa	جَبهه
جبین	fa	جَبینْ
جحیم	fa	جَحیمْ
جدا	fa	جَدا
جدایی	fa	جَدایی
جددین	fa	جَدَدینْ
جدر	fa	جَدَرْ
جدید	fa	جَدیدْ
جذب	fa	جَذَبْ
جراحت	fa	جَراحِتْ
جرثقیل	fa	جَرْثَقیلْ
جرس	fa	جَرِسْ
جرعه	fa	جَرَعه
جرعه	fa	جَرَعه
جرم	fa	جَرَمْ
جرم	fa	جَرَمْ
جریده	fa	جَریده
جریمه	fa	جَریمه
جز	fa	جَزْ
جز	fa	جَزْ
جزء	fa	جَزَءْ
جزا	fa	جَزا
جزدان	fa	جَزَدانْ
جزیره	fa	جَزیره
جسارت	fa	جَسارِتْ
جسامت	fa	جَسامِتْ
جست	fa	جَسَتْ
جست	fa	جَسَتْ
جستجو	fa	جَسْتَجو
جستن	fa	جَسَتِنْ
جستن	fa	جَسَتِنْ
جسد	fa	جَسِدْ
جسور	fa	جَسورْ
جشن	fa	جَشَنْ
جعبه	fa	جَعَبه
جعد	fa	جَعَدْ
جعفر	fa	جَعَفِرْ
جعفری	fa	جَعْفَری
جعل	fa	جَعَلْ
جعلی	fa	جَعَلی
جغتای	fa	جَغِتای
جغتایی	fa	جَغِتایی
جغد	fa	جَغَدْ
جغرات	fa	جَغَراتْ
جفا	fa	جَفا
جفت	fa	جَفَتْ
جفت	fa	جَفَتْ
جق	fa	جَقْ
جلاب	fa	جَلابْ
جلال	fa	جَلالْ
جلال‌آباد	fa	جَلالِ‌آبادْ
جلب	fa	جَلِبْ
جلب	fa	جَلَبْ
جلسه	fa	جَلِسه
جلسه	fa	جَلَسه
جلق	fa	جَلَقْ
جلوس	fa	جَلوسْ
جم	fa	جَمْ
جماع	fa	جَماعْ
جماعت	fa	جَماعِتْ
جمال	fa	جَمالْ
جمجمه	fa	جَمْجَمه
جمشید	fa	جَمَشیدْ
جمع	fa	جَمَعْ
جمعه	fa	جَمَعه
جمله	fa	جَمَله
جمهوری	fa	جَمهوری
جمهوری‌خواه	fa	جَمهوری‌خواه
جمیل	fa	جَمیلْ
جن	fa	جَنْ
جناب	fa	جَنابْ
جنازه	fa	جَنازه
جنایات	fa	جَنایاتْ
جنباندن	fa	جَنَبانَدِنْ
جنبش	fa	جَنَبِشْ
جنبه	fa	جَنَبه
جنجال	fa	جَنَجالْ
جنجالی	fa	جَنَجالی
جندره	fa	جَنْدَره
جنده	fa	جَنَده
جنس	fa	جَنَسْ
جنسی	fa	جَنَسی
جنوب	fa	جَنوبْ
جنوبگان	fa	جَنوبَگانْ
جنوبی	fa	جَنوبی
جنون	fa	جَنونْ
جنگ	fa	جَنَگْ
جنگجو	fa	جَنْگْجو
جنگجو	fa	جَنْگْجو
جنگل	fa	جَنَگِلْ
جنگی	fa	جَنَگی
جنگیدن	fa	جَنَگیدِنْ
جنگ‌افزار	fa	جَنَگْ‌افَزارْ
جنین	fa	جَنینْ
جنین	fa	جَنینْ
جهاد	fa	جهادْ
جهاز	fa	جهازْ
جهاز	fa	جهازْ
جهان	fa	جهانْ
جهان	fa	جهانْ
جهاندار	fa	جهانَدارْ
جهاندیده	fa	جهانَدیده
جهانگرد	fa	جهانْگَرَدْ
جهانگیر	fa	جهانَگیرْ
جهانی	fa	جهانی
جهد	fa	جهدْ
جهود	fa	جهودْ
جهود	fa	جهودْ
جو	fa	جو
جو	fa	جو
جوجه	fa	جوجه
جور	fa	جورْ
جوراب	fa	جورابْ
جوره	fa	جوره
جوزجان	fa	جوزَجانْ
جوش	fa	جوشْ
جوشش	fa	جوشِشْ
جوشیدن	fa	جوشیدِنْ
جولا	fa	جولا
جوگی	fa	جوگی
جگر	fa	جَگِرْ
جیب	fa	جیبْ
جیبوتی	fa	جیبوتی
جیر	fa	جیرْ
جیرجیرک	fa	جیرَجیرِکْ
جیزه	fa	جیزه
جیغ	fa	جیغْ
جیغه	fa	جیغه
جین	fa	جینْ
جیک	fa	جیکْ
حا	fa	حا
حاء	fa	حاءْ
حاج	fa	حاجْ
حاجت	fa	حاجِتْ
حاجی	fa	حاجی
حاد	fa	حادْ
حادثه	fa	حادِثه
حاشا	fa	حاشا
حاصل	fa	حاصِلْ
حاصلخیز	fa	حاصَلَخیزْ
حاضر	fa	حاضِرْ
حافظ	fa	حافِظْ
حافظه	fa	حافِظه
حال	fa	حالْ
حالا	fa	حالا
حالا	fa	حالا
حالت	fa	حالِتْ
حالی	fa	حالی
حالی	fa	حالی
حامل	fa	حامِلْ
حامله	fa	حامِله
حامی	fa	حامی
حاکم	fa	حاکِمْ
حاکی	fa	حاکی
حباب	fa	حَبابْ
حبس	fa	حَبَسْ
حبل‌المتین	fa	حَبَلْ‌الْمَتینْ
حبیب	fa	حَبیبْ
حبیبی	fa	حَبیبی
حجاب	fa	حَجابْ
حجره	fa	حَجَره
حجم	fa	حَجَمْ
حد	fa	حَدْ
حدس	fa	حَدَسْ
حدقه	fa	حَدِقه
حدود	fa	حَدودْ
حدیث	fa	حَدیثْ
حذر	fa	حَذِرْ
حراج	fa	حَراجْ
حراج	fa	حَراجْ
حرارت	fa	حَرارِتْ
حراست	fa	حَراسِتْ
حرام	fa	حَرامْ
حرام‌زاده	fa	حَرامَ‌زاده
حرب	fa	حَرَبْ
حرز	fa	حَرَزْ
حرص	fa	حَرَصْ
حرف	fa	حَرَفْ
حرف	fa	حَرِفْ
حرفه	fa	حَرَفه
حرم	fa	حَرِمْ
حرمان	fa	حَرَمانْ
حرمت	fa	حَرَمِتْ
حرمت	fa	حَرَمِتْ
حروف	fa	حَروفْ
حرکت	fa	حَرِکِتْ
حرکت	fa	حَرَکِتْ
حریره	fa	حَریره
حریص	fa	حَریصْ
حریف	fa	حَریفْ
حریق	fa	حَریقْ
حریم	fa	حَریمْ
حزب	fa	حَزَبْ
حزن	fa	حَزَنْ
حزیران	fa	حَزیرانْ
حزین	fa	حَزینْ
حساب	fa	حَسابْ
حسابدار	fa	حَسابَدارْ
حسابی	fa	حَسابی
حسادت	fa	حَسادِتْ
حسب‌حال	fa	حَسْبَ‌حالْ
حسد	fa	حَسِدْ
حسرات	fa	حَسَراتْ
حسرت	fa	حَسَرِتْ
حسن	fa	حَسِنْ
حسن	fa	حَسَنْ
حسود	fa	حَسودْ
حشر	fa	حَشِرْ
حشره	fa	حَشِره
حشفه	fa	حَشِفه
حشیش	fa	حَشیشْ
حصار	fa	حَصارْ
حصیر	fa	حَصیرْ
حضرت	fa	حَضَرِتْ
حضور	fa	حَضورْ
حفاظت	fa	حَفاظِتْ
حفر	fa	حَفَرْ
حفظ	fa	حَفَظْ
حفظی	fa	حَفَظی
حقوق	fa	حَقوقْ
حقیر	fa	حَقیرْ
حقیقت	fa	حَقیقِتْ
حقیقی	fa	حَقیقی
حكمران	fa	حَكْمْرانْ
حل	fa	حَلْ
حلال	fa	حَلالْ
حلب	fa	حَلِبْ
حلتیت	fa	حَلَتیتْ
حلزون	fa	حَلِزونْ
حلقه	fa	حَلَقه
حلم	fa	حَلَمْ
حمات	fa	حَماتْ
حمار	fa	حَمارْ
حماس	fa	حَماسْ
حماسی	fa	حَماسی
حماقت	fa	حَماقِتْ
حمرا	fa	حَمَرا
حمزه	fa	حَمَزه
حمله	fa	حَمَله
حمید	fa	حَمیدْ
حنا	fa	حَنا
حکم	fa	حَکِمْ
حکم	fa	حَکِمْ
حکم	fa	حَکَمْ
حکمت	fa	حَکَمِتْ
حکمرانی	fa	حَکْمْرانی
حکومت	fa	حَکومِتْ
حکیم	fa	حَکیمْ
حیله	fa	حیله
حین	fa	حینْ
خات	fa	خاتْ
خاتم	fa	خاتِمْ
خاتمه	fa	خاتِمه
خاتوله	fa	خاتوله
خاتون	fa	خاتونْ
خاج	fa	خاجْ
خادم	fa	خادِمْ
خاده	fa	خاده
خار	fa	خارْ
خاراندن	fa	خارانَدِنْ
خارج	fa	خارِجْ
خارجه	fa	خارِجه
خارجی	fa	خارِجی
خارش	fa	خارِشْ
خارپشت	fa	خارْپَشَتْ
خارکن	fa	خارَکِنْ
خاستن	fa	خاسَتِنْ
خاستگاه	fa	خاسْتْگاه
خاص	fa	خاصْ
خاطب	fa	خاطِبْ
خاطر	fa	خاطِرْ
خاطرات	fa	خاطِراتْ
خاطرنشان	fa	خاطَرْنَشانْ
خاطره	fa	خاطِره
خاطی	fa	خاطی
خاقان	fa	خاقانْ
خال	fa	خالْ
خالص	fa	خالِصْ
خالصانه	fa	خالِصانه
خالق	fa	خالِقْ
خاله	fa	خاله
خالو	fa	خالو
خالی	fa	خالی
خام	fa	خامْ
خامه	fa	خامه
خاموش	fa	خاموشْ
خاموشی	fa	خاموشی
خان	fa	خانْ
خانات	fa	خاناتْ
خاندان	fa	خانِدانْ
خاندان	fa	خانَدانْ
خانقاه	fa	خانِقاه
خانقاه	fa	خانِقاه
خانم	fa	خانِمْ
خانمان	fa	خانِمانْ
خانمان	fa	خانَمانْ
خانمان	fa	خانِمانْ
خانه	fa	خانه
خانگاه	fa	خانِگاه
خانگی	fa	خانِگی
خانی	fa	خانی
خاژغان	fa	خاژَغانْ
خاک	fa	خاکْ
خاکروبه	fa	خاکَروبه
خاکسار	fa	خاکَسارْ
خاکستر	fa	خاکَسَتِرْ
خاکستری	fa	خاکَسْتَری
خاکی	fa	خاکی
خاک‌انداز	fa	خاکْ‌انَدازْ
خاگینه	fa	خاگینه
خایه	fa	خایه
خاییدن	fa	خاییدِنْ
خباره	fa	خَباره
خبر	fa	خَبِرْ
خبردار	fa	خَبَرَدارْ
خبرنگار	fa	خَبَرْنَگارْ
خبره	fa	خَبَره
خبرگزاری	fa	خَبَرْگَزاری
خبری	fa	خَبِری
خبیث	fa	خَبیثْ
ختم	fa	خَتَمْ
ختنه	fa	خَتَنه
ختو	fa	خَتو
خجالت	fa	خَجالِتْ
خجالت	fa	خَجالِتْ
خجالتی	fa	خَجالِتی
خجسته	fa	خَجَسَته
خجل	fa	خَجِلْ
خجیر	fa	خَجیرْ
خدا	fa	خَدا
خدابنده	fa	خَدابَنَده
خداحافظ	fa	خَداحافِظْ
خداحافظت	fa	خَداحافِظِتْ
خداداد	fa	خَدادادْ
خدارا	fa	خَدارا
خدانگهدار	fa	خَدانِگهدارْ
خدای	fa	خَدای
خدایان	fa	خَدایانْ
خدایی	fa	خَدایی
خدشه	fa	خَدَشه
خدمت	fa	خَدَمِتْ
خدنگ	fa	خَدِنَگْ
خر	fa	خَرْ
خراب	fa	خَرابْ
خراش	fa	خَراشْ
خراشیدن	fa	خَراشیدِنْ
خرام	fa	خَرامْ
خرامیدن	fa	خَرامیدِنْ
خربز	fa	خَرَبِزْ
خربزه	fa	خَرْبَزه
خرتوت	fa	خَرَتوتْ
خرج	fa	خَرَجْ
خرخره	fa	خَرْخَره
خرخره	fa	خَرْخَره
خرد	fa	خَرِدْ
خرد	fa	خَرَدْ
خرداد	fa	خَرَدادْ
خردسال	fa	خَرْدْسالْ
خردل	fa	خَرَدِلْ
خردمند	fa	خَرَدْمَنَدْ
خرده	fa	خَرَده
خردی	fa	خَرَدی
خرس	fa	خَرَسْ
خرسند	fa	خَرْسَنَدْ
خرطوم	fa	خَرَطومْ
خرقه	fa	خَرَقه
خرما	fa	خَرَما
خرمالو	fa	خَرَمالو
خرمن	fa	خَرَمِنْ
خرمن	fa	خَرَمِنْ
خروج	fa	خَروجْ
خروجی	fa	خَروجی
خروس	fa	خَروسْ
خروشان	fa	خَروشانْ
خروشیدن	fa	خَروشیدِنْ
خرپول	fa	خَرَپولْ
خرچنگ	fa	خَرْچَنَگْ
خرگاه	fa	خَرَگاه
خرگوش	fa	خَرَگوشْ
خرید	fa	خَریدْ
خریدار	fa	خَریدارْ
خریدن	fa	خَریدِنْ
خریطه	fa	خَریطه
خز	fa	خَزْ
خزاعی	fa	خَزاعی
خزان	fa	خَزانْ
خزانه	fa	خَزانه
خزعبل	fa	خَزَعَبِلْ
خزنده	fa	خَزَنَده
خزیدن	fa	خَزیدِنْ
خزینه	fa	خَزینه
خسارت	fa	خَسارِتْ
خسته	fa	خَسَته
خستگی	fa	خَسْتَگی
خسران	fa	خَسَرانْ
خسره	fa	خَسِره
خسپ	fa	خَسَپْ
خسیس	fa	خَسیسْ
خش	fa	خَشْ
خشاب	fa	خَشابْ
خشایارشا	fa	خَشایارَشا
خشت	fa	خَشَتْ
خشم	fa	خَشَمْ
خشم	fa	خَشَمْ
خشمگین	fa	خَشْمْگینْ
خشنسار	fa	خَشَنَسارْ
خشونت	fa	خَشونِتْ
خشک	fa	خَشَکْ
خشکبار	fa	خَشْکْبارْ
خشکسالی	fa	خَشْکْسالی
خشکی	fa	خَشَکی
خشکیدن	fa	خَشَکیدِنْ
خشین	fa	خَشینْ
خصم	fa	خَصَمْ
خصمانه	fa	خَصَمانه
خصوص	fa	خَصوصْ
خصوصی	fa	خَصوصی
خصومت	fa	خَصومِتْ
خضرا	fa	خَضَرا
خطا	fa	خَطا
خطاب	fa	خَطابْ
خطای	fa	خَطای
خطایی	fa	خَطایی
خطبا	fa	خَطِبا
خطبه	fa	خَطَبه
خطر	fa	خَطِرْ
خطرناک	fa	خَطَرَناکْ
خطیب	fa	خَطیبْ
خفارت	fa	خَفارِتْ
خفتان	fa	خَفَتانْ
خفتان	fa	خَفَتانْ
خفتن	fa	خَفَتِنْ
خفته	fa	خَفَته
خفقان	fa	خَفِقانْ
خفه	fa	خَفه
خفگی	fa	خَفِگی
خفیف	fa	خَفیفْ
خلاء	fa	خَلاءْ
خلاسی	fa	خَلاسی
خلاشه	fa	خَلاشه
خلاص	fa	خَلاصْ
خلاصه	fa	خَلاصه
خلاف	fa	خَلافْ
خلافت	fa	خَلافِتْ
خلال	fa	خَلالْ
خلبان	fa	خَلِبانْ
خلبان	fa	خَلَبانْ
خلج	fa	خَلِجْ
خلج	fa	خَلِجْ
خلجستان	fa	خَلِجَسَتانْ
خلجی	fa	خَلِجی
خلفا	fa	خَلِفا
خلق	fa	خَلِقْ
خلق	fa	خَلَقْ
خلق	fa	خَلَقْ
خلق	fa	خَلِقْ
خلقت	fa	خَلَقِتْ
خلنج	fa	خَلِنَجْ
خلنج	fa	خَلِنَجْ
خلنج	fa	خَلِنَجْ
خلنگ	fa	خَلِنَگْ
خلنگ	fa	خَلِنَگْ
خلوص	fa	خَلوصْ
خلیج	fa	خَلیجْ
خلیدن	fa	خَلیدِنْ
خلیفه	fa	خَلیفه
خلیفگی	fa	خَلیفِگی
خلیل	fa	خَلیلْ
خم	fa	خَمْ
خم	fa	خَمْ
خمس	fa	خَمَسْ
خمسه	fa	خَمَسه
خمیده	fa	خَمیده
خمیر	fa	خَمیرْ
خنجال	fa	خَنَجالْ
خنجر	fa	خَنَجِرْ
خندان	fa	خَنَدانْ
خنداندن	fa	خَنَدانَدِنْ
خندق	fa	خَنَدِقْ
خنده	fa	خَنَده
خندود	fa	خَنَدودْ
خندیدن	fa	خَنَدیدِنْ
خنک	fa	خَنِکْ
خنک	fa	خَنِکْ
خنگ	fa	خَنَگْ
خنیا	fa	خَنیا
خو	fa	خو
خواب	fa	خوابْ
خوابگاه	fa	خوابَگاه
خوابیدن	fa	خوابیدِنْ
خواجه	fa	خواجه
خواجگی	fa	خواجِگی
خوار	fa	خوارْ
خواربار	fa	خوارَبارْ
خواردن	fa	خوارَدِنْ
خوارزم	fa	خوارِزَمْ
خوارزمشاه	fa	خوارَزْمْشاه
خوارزمشاهان	fa	خوارَزْمْشاهانْ
خوارزمی	fa	خوارَزَمی
خواری	fa	خواری
خواستار	fa	خواسَتارْ
خواستن	fa	خواسَتِنْ
خواسته	fa	خواسَته
خواستگار	fa	خواسْتَگارْ
خوال	fa	خوالْ
خوان	fa	خوانْ
خوانا	fa	خوانا
خواندن	fa	خوانَدِنْ
خوانش	fa	خوانِشْ
خواننده	fa	خوانَنَده
خوانچه	fa	خوانَچه
خواه	fa	خواه
خواهان	fa	خواهانْ
خوب	fa	خوبْ
خوبانی	fa	خوبانی
خوبی	fa	خوبی
خود	fa	خودْ
خوز	fa	خوزْ
خوزستان	fa	خوزَسَتانْ
خوشه	fa	خوشه
خون	fa	خونْ
خوناب	fa	خونابْ
خونخوار	fa	خونَخوارْ
خونریزی	fa	خونَریزی
خونسرد	fa	خونْسَرَدْ
خونگرم	fa	خونْگَرَمْ
خونین	fa	خونینْ
خون‌بها	fa	خونْ‌بها
خون‌شناسی	fa	خونْ‌شَناسی
خوک	fa	خوکْ
خیره	fa	خیره
خیز	fa	خیزْ
خیزان	fa	خیزانْ
خیس	fa	خیسْ
خیساندن	fa	خیسانَدِنْ
خیش	fa	خیشْ
خیم	fa	خیمْ
داج	fa	داجْ
داخل	fa	داخِلْ
داخلی	fa	داخِلی
داد	fa	دادْ
دادا	fa	دادا
دادار	fa	دادارْ
داداش	fa	داداشْ
دادخواه	fa	دادَخواه
دادرسی	fa	دادْرَسی
دادن	fa	دادِنْ
داده	fa	داده
دادگاه	fa	دادَگاه
دادگر	fa	دادَگِرْ
دادگستر	fa	دادَگَسَتِرْ
دادگستری	fa	دادَگَسْتَری
دار	fa	دارْ
دارا	fa	دارا
داراب	fa	دارابْ
دارایی	fa	دارایی
دارد	fa	دارِدْ
دارفلفل	fa	دارَفَلَفِلْ
دارم	fa	دارِمْ
دارو	fa	دارو
داروخانه	fa	داروخانه
داروساز	fa	داروسازْ
داروسازی	fa	داروسازی
داروشناس	fa	داروشِناسْ
داروغه	fa	داروغه
دارچین	fa	دارَچینْ
دارکوب	fa	دارَکوبْ
داس	fa	داسْ
داستان	fa	داسَتانْ
داشتن	fa	داشَتِنْ
داشن	fa	داشِنْ
داغ	fa	داغْ
داغستان	fa	داغَسَتانْ
داغستانی	fa	داغَسَتانی
دال	fa	دالْ
دالان	fa	دالانْ
دام	fa	دامْ
داماد	fa	دامادْ
دامدار	fa	دامَدارْ
دامن	fa	دامِنْ
دامگاه	fa	دامَگاه
دامیثا	fa	دامیثا
دانایی	fa	دانایی
دانستن	fa	دانَسَتِنْ
دانسته	fa	دانَسَته
دانش	fa	دانِشْ
دانشجو	fa	دانَشَجو
دانشمند	fa	دانَشْمَنَدْ
دانشمندی	fa	دانَشَمَنَدی
دانشنامه	fa	دانَشَنامه
دانشکده	fa	دانَشْکَده
دانشگاه	fa	دانَشَگاه
دانه	fa	دانه
دانگ	fa	دانَگْ
داچی	fa	داچی
دایه	fa	دایه
دایکندی	fa	دایکَنَدی
دبستان	fa	دَبَسَتانْ
دبیر	fa	دَبیرْ
دبیرستان	fa	دَبیرَسَتانْ
دبیره	fa	دَبیره
دجله	fa	دَجَله
دخالت	fa	دَخالِتْ
دختر	fa	دَخَتِرْ
دخترانه	fa	دَخْتَرانه
دخترباز	fa	دَخَتَرَبازْ
دخل	fa	دَخَلْ
دخمه	fa	دَخَمه
دد	fa	دَدْ
دده	fa	دَده
در	fa	دَرْ
در	fa	دَرْ
در	fa	دَرْ
درآمد	fa	دَرآمِدْ
دراز	fa	دَرازْ
درازا	fa	دَرازا
دراییدن	fa	دَراییدِنْ
درب	fa	دَرَبْ
دربار	fa	دَرَبارْ
دربان	fa	دَرَبانْ
دربند	fa	دَرْبَنَدْ
درج	fa	دَرَجْ
درجات	fa	دَرِجاتْ
درجه	fa	دَرِجه
درخت	fa	دَرِخَتْ
درخت	fa	دَرِخَتْ
درخشان	fa	دَرَخَشانْ
درخشان	fa	دَرَخَشانْ
درخشان	fa	دَرَخَشانْ
درخشیدن	fa	دَرَخَشیدِنْ
درخواست	fa	دَرَخواسَتْ
درخواستن	fa	دَرَخواسَتِنْ
درد	fa	دَرَدْ
درد	fa	دَرَدْ
دردادن	fa	دَرَدادِنْ
دردانه	fa	دَرَدانه
دردسر	fa	دَرْدَسِرْ
دردمند	fa	دَرْدْمَنَدْ
دردناک	fa	دَرْدْناکْ
درز	fa	دَرَزْ
درزمال	fa	دَرْزْمالْ
درزی	fa	دَرَزی
درس	fa	دَرَسْ
درست	fa	دَرِسَتْ
درست	fa	دْرَسَتْ
درست‌کار	fa	دَرَسْتْ‌کارْ
درشت	fa	دَرِشَتْ
درشت	fa	دْرَشَتْ
درصد	fa	دَرَصِدْ
درع	fa	دَرَعْ
درفش	fa	دَرِفَشْ
درفش	fa	دَرِفَشْ
درقه	fa	دَرِقه
درمان	fa	دَرَمانْ
درمانده	fa	دَرَمانَده
درمانگاه	fa	دَرَمانَگاه
درمنه	fa	دَرَمَنه
درمنه	fa	دَرْمَنه
درنا	fa	دَرَنا
درنده	fa	دَرَنَده
درنگ	fa	دَرِنَگْ
دره	fa	دَره
درها	fa	دَرها
درو	fa	دَرو
درود	fa	دَرودْ
درود	fa	دَرودْ
درود	fa	دَرودْ
درود	fa	دَرودْ
درودن	fa	دَرودِنْ
دروغ	fa	دَروغْ
دروغگو	fa	دَروغَگو
دروغ‌ها	fa	دَروغَ‌ها
درون	fa	دَرونْ
درون	fa	دَرونْ
درونه	fa	دَرونه
درونه	fa	دَرونه
درون‌گرا	fa	دَرونْ‌گَرا
درک	fa	دَرَکْ
درکار	fa	دَرَکارْ
درگاه	fa	دَرَگاه
درگر	fa	دَرَگِرْ
درگرفتن	fa	دَرْگَرَفَتِنْ
درگیر	fa	دَرَگیرْ
دری	fa	دَری
دریا	fa	دَریا
دریافت	fa	دَریافَتْ
دریافتن	fa	دَریافَتِنْ
دریاچه	fa	دَریاچه
دریدن	fa	دَریدِنْ
دریغ	fa	دَریغْ
دریچه	fa	دَریچه
دری‌زبان	fa	دَری‌زِبانْ
دزد	fa	دَزَدْ
دزدی	fa	دَزَدی
دزدیده	fa	دَزَدیده
دس	fa	دَسْ
دست	fa	دَسَتْ
دستار	fa	دَسَتارْ
دستان	fa	دَسَتانْ
دستبرد	fa	دَسْتْبَرَدْ
دسترخوان	fa	دَسَتَرَخوانْ
دسترس	fa	دَسْتْرِسْ
دسترنج	fa	دَسْتْرَنَجْ
دستمال	fa	دَسْتْمالْ
دستمالچی	fa	دَسْتْمالَچی
دستمزد	fa	دَسْتْمَزَدْ
دسته	fa	دَسَته
دستور	fa	دَسَتورْ
دستکند	fa	دَسْتْکَنَدْ
دستگاه	fa	دَسْتْگاه
دستگیر	fa	دَسْتْگیرْ
دستگیری	fa	دَسْتْگیری
دستی	fa	دَسَتی
دستیار	fa	دَسْتیارْ
دست‌بند	fa	دَسْتْ‌بَنَدْ
دست‌فروش	fa	دَسْتْ‌فَروشْ
دست‌نماز	fa	دَسْتْ‌نَمازْ
دسیسه	fa	دَسیسه
دشت	fa	دَشَتْ
دشت	fa	دَشَتْ
دشخوار	fa	دَشَخوارْ
دشمن	fa	دَشَمِنْ
دشمنی	fa	دَشْمَنی
دشنام	fa	دَشَنامْ
دعا	fa	دَعا
دغا	fa	دَغا
دغد	fa	دَغَدْ
دغدغه	fa	دَغْدَغه
دف	fa	دَفْ
دفاع	fa	دَفاعْ
دفتر	fa	دَفَتِرْ
دفع	fa	دَفَعْ
دفعه	fa	دَفَعه
دفن	fa	دَفَنْ
دفینه	fa	دَفینه
دق	fa	دَقْ
دقیق	fa	دَقیقْ
دقیقه	fa	دَقیقه
دل	fa	دَلْ
دلال	fa	دَلالْ
دلبر	fa	دَلَبِرْ
دلبستگی	fa	دَلَبَسْتَگی
دلبند	fa	دَلْبَنَدْ
دلبند	fa	دَلْبَنَدْ
دلتنگ	fa	دَلْتَنَگْ
دلتنگی	fa	دَلَتَنَگی
دلداده	fa	دَلَداده
دلدار	fa	دَلَدارْ
دلدوز	fa	دَلَدوزْ
دلریش	fa	دَلَریشْ
دلسرد	fa	دَلْسَرَدْ
دلسوز	fa	دَلَسوزْ
دلشاد	fa	دَلَشادْ
دلشده	fa	دَلْشَده
دلفگار	fa	دَلْفَگارْ
دلفین	fa	دَلَفینْ
دلفین	fa	دَلَفینْ
دلق	fa	دَلِقْ
دلق	fa	دَلَقْ
دلم	fa	دَلِمْ
دلمه	fa	دَلَمه
دلچسپ	fa	دَلْچَسَپْ
دلکش	fa	دَلَکِشْ
دلگیر	fa	دَلَگیرْ
دلگیری	fa	دَلَگیری
دلیر	fa	دَلیرْ
دلیل	fa	دَلیلْ
دم	fa	دَمْ
دم	fa	دَمْ
دما	fa	دَما
دمادم	fa	دَمادِمْ
دماسنج	fa	دَماسِنَجْ
دماغ	fa	دَماغْ
دمبک	fa	دَمَبِکْ
دمتک	fa	دَمَتِکْ
دمدمه	fa	دَمْدَمه
دمر	fa	دَمِرْ
دمساز	fa	دَمَسازْ
دمسنجه	fa	دَمَسَنَجه
دمسنجه	fa	دَمَسَنَجه
دمشق	fa	دَمِشَقْ
دمه	fa	دَمه
دموگرافی	fa	دَموگَرافی
دمپایی	fa	دَمَپایی
دمیدن	fa	دَمیدِنْ
دنب	fa	دَنَبْ
دنبال	fa	دَنَبالْ
دنباله	fa	دَنَباله
دنج	fa	دَنَجْ
دندان	fa	دَنَدانْ
دندان	fa	دَنَدانْ
دندان‌پزشک	fa	دَنَدانْ‌پَزِشَکْ
دنده	fa	دَنَده
دنیا	fa	دَنیا
دهات	fa	دهاتْ
دهاتی	fa	دهاتی
دهان	fa	دهانْ
دهانی	fa	دهانی
دهقان	fa	دهقانْ
دهقانی	fa	دهقانی
دهلی	fa	دهلی
دهه	fa	دهه
دهگان	fa	دهگانْ
دو	fa	دو
دو	fa	دو
دوحه	fa	دوحه
دوختن	fa	دوخَتِنْ
دود	fa	دودْ
دودمان	fa	دودَمانْ
دودمانی	fa	دودَمانی
دوده	fa	دوده
دور	fa	دورْ
دوراندیشی	fa	دورانَدیشی
دوربین	fa	دورَبینْ
دوردست	fa	دورْدَسَتْ
دوری	fa	دوری
دوز	fa	دوزْ
دوزخ	fa	دوزِخْ
دوست	fa	دوسَتْ
دوستانه	fa	دوسَتانه
دوستدار	fa	دوسْتْدارْ
دوستکام	fa	دوسْتْکامْ
دوستکان	fa	دوسْتْکانْ
دوستگان	fa	دوسْتْگانْ
دوستی	fa	دوسَتی
دوست‌داشتنی	fa	دوسْتْ‌داشْتَنی
دوش	fa	دوشْ
دوشیدن	fa	دوشیدِنْ
دوشیزه	fa	دوشیزه
دوشیزگی	fa	دوشیزِگی
دوغ	fa	دوغْ
دول	fa	دولْ
دول	fa	دولْ
دوک	fa	دوکْ
دوکان	fa	دوکانْ
دچار	fa	دَچارْ
دژ	fa	دَژْ
دژآگاه	fa	دَژآگاه
دژآگاه	fa	دَژآگاه
دژ	fa	دَژْ
دژم	fa	دَژِمْ
دکان	fa	دَکانْ
دکاندار	fa	دَکانَدارْ
دگر	fa	دَگِرْ
دگرجنس‌گرا	fa	دَگَرَجَنْسْ‌گَرا
دگمه	fa	دَگَمه
دیبا	fa	دیبا
دیباچه	fa	دیباچه
دیدار	fa	دیدارْ
دیدبان	fa	دیدَبانْ
دیدن	fa	دیدِنْ
دیدنی	fa	دیدِنی
دیده	fa	دیده
دیدگاه	fa	دیدَگاه
دیر	fa	دیرْ
دیرباز	fa	دیرَبازْ
دیروز	fa	دیروزْ
دیزی	fa	دیزی
دیسال	fa	دیسالْ
دیسک	fa	دیسَکْ
دیسک‌ها	fa	دیسْکْ‌ها
دیشب	fa	دیشِبْ
دیم	fa	دیمْ
دین	fa	دینْ
دیندار	fa	دینَدارْ
دینی	fa	دینی
دین‌داری	fa	دینَ‌داری
دیگ	fa	دیگْ
دیگدان	fa	دیگَدانْ
دیگر	fa	دیگِرْ
ذاتی	fa	ذاتی
ذال	fa	ذالْ
ذبح	fa	ذَبَحْ
ذلیل	fa	ذَلیلْ
ذکر	fa	ذَکِرْ
ذکر	fa	ذَکَرْ
را	fa	را
رابط	fa	رابِطْ
رابطه	fa	رابِطه
راج	fa	راجْ
راجستان	fa	راجَسَتانْ
راجستانی	fa	راجَسَتانی
راجع	fa	راجِعْ
راجه	fa	راجه
راحت	fa	راحِتْ
راحتی	fa	راحِتی
راد	fa	رادْ
رادمنش	fa	رادْمَنِشْ
رازی	fa	رازی
راست	fa	راسَتْ
راستاد	fa	راسَتادْ
راسته	fa	راسَته
راستگو	fa	راسْتْگو
راستی	fa	راسَتی
راسو	fa	راسو
راضی	fa	راضی
راغ	fa	راغْ
رالف	fa	رالَفْ
رام	fa	رامْ
رامین	fa	رامینْ
ران	fa	رانْ
راندن	fa	رانَدِنْ
راننده	fa	رانَنَده
رانندگی	fa	رانَنْدَگی
رانی	fa	رانی
راه	fa	راه
راهکار	fa	راهکارْ
راک	fa	راکْ
رای	fa	رای
رایگان	fa	رایگانْ
رب	fa	رَبْ
رباعی	fa	رَباعی
ربع	fa	رَبَعْ
ربودن	fa	رَبودِنْ
ربیع‌الآخر	fa	رَبیعْ‌الآخِرْ
رتبه	fa	رَتَبه
رجا	fa	رَجا
رجایی	fa	رَجایی
رجب	fa	رَجِبْ
رجز	fa	رَجِزْ
رجعت	fa	رَجَعِتْ
رحلت	fa	رَحَلِتْ
رحم	fa	رَحِمْ
رحم	fa	رَحَمْ
رحمن	fa	رَحَمِنْ
رحیل	fa	رَحیلْ
رحیم	fa	رَحیمْ
رخ	fa	رَخْ
رخام	fa	رَخامْ
رخت	fa	رَخَتْ
رختخواب	fa	رَخْتَخوابْ
رختکن	fa	رَخْتْکِنْ
رخداد	fa	رَخَدادْ
رخش	fa	رَخَشْ
رخش	fa	رَخَشْ
رخشان	fa	رَخَشانْ
رخشیدن	fa	رَخَشیدِنْ
رخصت	fa	رَخَصِتْ
رخم	fa	رَخِمْ
رد	fa	رَدْ
رده	fa	رَده
ردیف	fa	رَدیفْ
رز	fa	رَزْ
رزق	fa	رَزَقْ
رزم	fa	رَزَمْ
رزمگاه	fa	رَزْمْگاه
رس	fa	رَسْ
رسا	fa	رَسا
رسالت	fa	رَسالِتْ
رساندن	fa	رَسانَدِنْ
رسانه	fa	رَسانه
رسانیدن	fa	رَسانیدِنْ
رستم	fa	رَسَتِمْ
رستن	fa	رَسَتِنْ
رستن	fa	رَسَتِنْ
رسم	fa	رَسَمْ
رسمی	fa	رَسَمی
رسن	fa	رَسِنْ
رسوب	fa	رَسوبْ
رسوخ	fa	رَسوخْ
رسول	fa	رَسولْ
رسید	fa	رَسیدْ
رسیدن	fa	رَسیدِنْ
رسیدگی	fa	رَسیدِگی
رشت	fa	رَشَتْ
رشته	fa	رَشَته
رشد	fa	رَشَدْ
رشن	fa	رَشَنْ
رشک	fa	رَشَکْ
رشک	fa	رَشَکْ
رشید	fa	رَشیدْ
رشیده	fa	رَشیده
رصد	fa	رَصِدْ
رصدخانه	fa	رَصَدَخانه
رضا	fa	رَضا
رضاقلی	fa	رَضاقِلی
رضایی	fa	رَضایی
رطب	fa	رَطِبْ
رطل	fa	رَطَلْ
رطل	fa	رَطَلْ
رطوبت	fa	رَطوبِتْ
رعب	fa	رَعَبْ
رعد	fa	رَعَدْ
رعشه	fa	رَعَشه
رعنا	fa	رَعَنا
رغبت	fa	رَغَبِتْ
رف	fa	رَفْ
رفاه	fa	رَفاه
رفت	fa	رَفَتْ
رفتار	fa	رَفَتارْ
رفتن	fa	رَفَتِنْ
رفتن	fa	رَفَتِنْ
رفتگان	fa	رَفْتَگانْ
رفح	fa	رَفِحْ
رفدن	fa	رَفَدِنْ
رفدن	fa	رَفَدِنْ
رفسنجانی	fa	رَفَسَنَجانی
رفع	fa	رَفَعْ
رفقا	fa	رَفِقا
رفقاء	fa	رَفِقاءْ
رفو	fa	رَفو
رفیق	fa	رَفیقْ
رقابت	fa	رَقابِتْ
رقص	fa	رَقَصْ
رقصیدن	fa	رَقَصیدِنْ
رقعه	fa	رَقَعه
رقم	fa	رَقِمْ
رقیب	fa	رَقیبْ
رم	fa	رَمْ
رم	fa	رَمْ
رمبیدن	fa	رَمَبیدِنْ
رمز	fa	رَمَزْ
رمزی	fa	رَمَزی
رمضان	fa	رَمِضانْ
رمیدن	fa	رَمیدِنْ
رنج	fa	رَنَجْ
رنجه	fa	رَنَجه
رنجور	fa	رَنَجورْ
رنجیدن	fa	رَنَجیدِنْ
رند	fa	رَنَدْ
رنده	fa	رَنَده
رندیدن	fa	رَنَدیدِنْ
رنگارنگ	fa	رَنَگارِنَگْ
رنگی	fa	رَنَگی
رنگین	fa	رَنَگینْ
رنگین	fa	رَنَگینْ
رنگین‌کمان	fa	رَنَگینْ‌کَمانْ
رهانیدن	fa	رهانیدِنْ
رهبر	fa	رهبِرْ
رهنامه	fa	رهنامه
رو	fa	رو
رو	fa	رو
روباه	fa	روباه
روبرو	fa	روبِرو
روح	fa	روحْ
روحانی	fa	روحانی
روحی	fa	روحی
رود	fa	رودْ
رود	fa	رودْ
رودابه	fa	رودابه
رودبار	fa	رودَبارْ
رودخانه	fa	رودَخانه
روز	fa	روزْ
روزانه	fa	روزانه
روزنامه	fa	روزَنامه
روزه	fa	روزه
روزها	fa	روزها
روزکی	fa	روزِکی
روزگار	fa	روزِگارْ
روزگار	fa	روزَگارْ
روزی	fa	روزی
روزی	fa	روزی
روس	fa	روسْ
روستا	fa	روسَتا
روسپی	fa	روسَپی
روسپی‌زاده	fa	روسَپی‌زاده
روسی	fa	روسی
روش	fa	روشْ
روشن	fa	روشِنْ
روشنی	fa	روشِنی
روغن	fa	روغِنْ
روم	fa	رومْ
رومی	fa	رومی
روناس	fa	روناسْ
رونمایی	fa	رونِمایی
روهینگیا	fa	روهینْگیا
روپوش	fa	روپوشْ
رژه	fa	رَژه
رکابی	fa	رَکابی
رکود	fa	رَکودْ
رکورد	fa	رَکورَدْ
رگ	fa	رَگْ
ریتم	fa	ریتَمْ
ریختن	fa	ریخَتِنْ
رید	fa	ریدْ
ریدن	fa	ریدِنْ
ریدی	fa	ریدی
ریدیم	fa	ریدیمْ
ریدین	fa	ریدینْ
ریز	fa	ریزْ
ریزاندن	fa	ریزانَدِنْ
ریزبین	fa	ریزَبینْ
ریزش	fa	ریزِشْ
ریزشی	fa	ریزِشی
ریسمان	fa	ریسَمانْ
ریش	fa	ریشْ
ریش	fa	ریشْ
ریشخند	fa	ریشْخَنَدْ
ریشه	fa	ریشه
ریش‌تراش	fa	ریشْ‌تَراشْ
ریمن	fa	ریمِنْ
رینی	fa	رینی
ریچار	fa	ریچارْ
ریچال	fa	ریچالْ
ریگ	fa	ریگْ
ریگستان	fa	ریگَسَتانْ
زابل	fa	زابِلْ
زابلستان	fa	زابِلَسَتانْ
زاج	fa	زاجْ
زادروز	fa	زادَروزْ
زادن	fa	زادِنْ
زاده	fa	زاده
زادگان	fa	زادِگانْ
زادگاه	fa	زادَگاه
زاستر	fa	زاسَتِرْ
زاغ	fa	زاغْ
زافه	fa	زافه
زاق	fa	زاقْ
زال	fa	زالْ
زان	fa	زانْ
زانو	fa	زانو
زاییدن	fa	زاییدِنْ
زباله	fa	زَباله
زبان	fa	زَبانْ
زبانزد	fa	زَبانَزِدْ
زبانه	fa	زَبانه
زبانه	fa	زَبانه
زبان‌شناس	fa	زَبانْ‌شَناسْ
زبان‌شناسی	fa	زَبانْ‌شَناسی
زبان‌ها	fa	زَبانَ‌ها
زبر	fa	زَبِرْ
زبون	fa	زَبونْ
زجاج	fa	زَجاجْ
زجاج	fa	زَجاجْ
زجاج	fa	زَجاجْ
زحل	fa	زَحِلْ
زحمت	fa	زَحَمِتْ
زخم	fa	زَخَمْ
زخمه	fa	زَخَمه
زخمی	fa	زَخَمی
زدا	fa	زَدا
زدن	fa	زَدِنْ
زده	fa	زَده
زدودن	fa	زَدودِنْ
زر	fa	زَرْ
زر	fa	زَرْ
زراعت	fa	زَراعِتْ
زرافه	fa	زَرافه
زراه	fa	زَراه
زراه	fa	زَراه
زرتشت	fa	زَرْتَشَتْ
زرتشتی	fa	زَرَتَشَتی
زرد	fa	زَرَدْ
زردآلو	fa	زَرَدآلو
زردخانه	fa	زَرَدَخانه
زردشت	fa	زَرْدَشَتْ
زردوز	fa	زَرَدوزْ
زردوزی	fa	زَرَدوزی
زردچوبه	fa	زَرْدْچوبه
زردک	fa	زَرَدِکْ
زرشک	fa	زَرِشَکْ
زرشکی	fa	زَرَشَکی
زرنا	fa	زَرَنا
زرناپا	fa	زَرَناپا
زرنگ	fa	زَرِنَگْ
زرگر	fa	زَرَگِرْ
زریون	fa	زَریونْ
زشان	fa	زَشانْ
زشت	fa	زَشَتْ
زشتی	fa	زَشَتی
زعفران	fa	زَعْفَرانْ
زغال	fa	زَغالْ
زفاف	fa	زَفافْ
زقاق	fa	زَقاقْ
زلال	fa	زَلالْ
زلزله	fa	زَلْزَله
زلزله	fa	زَلْزَله
زلف	fa	زَلَفْ
زمام	fa	زَمامْ
زمان	fa	زَمانْ
زمانی	fa	زَمانی
زمخت	fa	زَمِخَتْ
زمخت	fa	زَمِخَتْ
زمزمه	fa	زَمْزَمه
زمستان	fa	زَمَسَتانْ
زمی	fa	زْمی
زمین	fa	زَمینْ
زمینه	fa	زَمینه
زمین‌شناسی	fa	زَمینْ‌شَناسی
زن	fa	زَنْ
زنا	fa	زَنا
زنانه	fa	زَنانه
زنانگی	fa	زَنانِگی
زنباره	fa	زَنَباره
زنبور	fa	زَنَبورْ
زنبورک	fa	زَنَبورِکْ
زنجان	fa	زَنَجانْ
زنجبیل	fa	زَنْجَبیلْ
زنجفیل	fa	زَنْجَفیلْ
زنجی	fa	زَنَجی
زنجیر	fa	زَنَجیرْ
زنجیر	fa	زَنَجیرْ
زنخ	fa	زَنِخْ
زند	fa	زَنِدْ
زند	fa	زَنَدْ
زندان	fa	زَنَدانْ
زندانبان	fa	زَنَدانَبانْ
زندانی	fa	زَنَدانی
زنده	fa	زَنَده
زنده	fa	زَنَده
زندگانی	fa	زَنْدَگانی
زندگی	fa	زَنْدَگی
زندگی‌نامه	fa	زَنْدَگی‌نامه
زندی	fa	زَنَدی
زندیق	fa	زَنَدیقْ
زنهار	fa	زَنهارْ
زنهارخوار	fa	زَنهارَخوارْ
زنگ	fa	زَنَگْ
زنگار	fa	زَنَگارْ
زنگبار	fa	زَنْگَبارْ
زنگوله	fa	زَنَگوله
زنگی	fa	زَنَگی
زنی	fa	زَنی
زن‌ستیزی	fa	زَنْ‌سَتیزی
زهدان	fa	زهدانْ
زهر	fa	زهرْ
زهره	fa	زهره
زهره	fa	زهره
زهکشی	fa	زهکَشی
زهی	fa	زهی
زهی	fa	زهی
زهی	fa	زهی
زوبین	fa	زوبینْ
زود	fa	زودْ
زودرس	fa	زودَرِسْ
زودپز	fa	زودَپِزْ
زور	fa	زورْ
زور	fa	زورْ
زورخانه	fa	زورَخانه
زورمند	fa	زورْمَنَدْ
زورکی	fa	زورِکی
زوش	fa	زوشْ
زوو	fa	زوو
زکات	fa	زَکاتْ
زیب	fa	زیبْ
زیبا	fa	زیبا
زیبایی	fa	زیبایی
زیبنده	fa	زیبَنَده
زیبیدن	fa	زیبیدِنْ
زیر	fa	زیرْ
زیرا	fa	زیرا
زیردست	fa	زیرْدَسَتْ
زیرزمین	fa	زیرْزَمینْ
زیره	fa	زیره
زیرک	fa	زیرِکْ
زیرگروه	fa	زیرْگَروه
زیست	fa	زیسَتْ
زیستن	fa	زیسَتِنْ
زیست‌شناس	fa	زیسْتْ‌شَناسْ
زیست‌شناسی	fa	زیسْتْ‌شَناسی
زین	fa	زینْ
زینت	fa	زینِتْ
زینه	fa	زینه
زیگ	fa	زیگْ
سابق	fa	سابِقْ
سابقه	fa	سابِقه
ساج	fa	ساجْ
ساحر	fa	ساحِرْ
ساحره	fa	ساحِره
ساحل	fa	ساحِلْ
ساحلی	fa	ساحِلی
ساخت	fa	ساخَتْ
ساختار	fa	ساخَتارْ
ساختمان	fa	ساخْتَمانْ
ساختمان	fa	ساخْتْمانْ
ساختن	fa	ساخَتِنْ
ساده	fa	ساده
سادگی	fa	سادِگی
سارا	fa	سارا
سارا	fa	سارا
ساربان	fa	سارِبانْ
سارق	fa	سارِقْ
ساره	fa	ساره
ساری	fa	ساری
ساز	fa	سازْ
سازش	fa	سازِشْ
سازمان	fa	سازِمانْ
سازمان	fa	سازَمانْ
سازمانی	fa	سازِمانی
سازمانی	fa	سازَمانی
سازنده	fa	سازَنَده
سازه	fa	سازه
سازگار	fa	سازَگارْ
سازگاری	fa	سازَگاری
ساسان	fa	ساسانْ
ساسانی	fa	ساسانی
ساستا	fa	ساسَتا
ساطور	fa	ساطورْ
ساعت	fa	ساعِتْ
ساعتچی	fa	ساعَتَچی
ساغر	fa	ساغِرْ
ساق	fa	ساقْ
ساقه	fa	ساقه
ساقی	fa	ساقی
سال	fa	سالْ
سالار	fa	سالارْ
سالانه	fa	سالانه
سالم	fa	سالِمْ
سالوس	fa	سالوسْ
سالک	fa	سالِکْ
سالگرد	fa	سالْگَرَدْ
سالگی	fa	سالِگی
سام	fa	سامْ
سامان	fa	سامانْ
سامانه	fa	سامانه
سامع	fa	سامِعْ
سامه	fa	سامه
سامی	fa	سامی
سان	fa	سانْ
سانحه	fa	سانِحه
ساکاستان	fa	ساکاسَتانْ
ساکت	fa	ساکِتْ
ساکن	fa	ساکِنْ
سایبان	fa	سایبانْ
سایه	fa	سایه
ساییدن	fa	ساییدِنْ
سبب	fa	سَبِبْ
سبد	fa	سَبِدْ
سبز	fa	سَبَزْ
سبزه	fa	سَبَزه
سبزی	fa	سَبَزی
سبزی‌فروش	fa	سَبَزی‌فِروشْ
سبعه	fa	سَبَعه
سبها	fa	سَبها
سبو	fa	سَبو
سبوکش	fa	سَبوکِشْ
سبک	fa	سَبَکْ
سبک	fa	سَبِکْ
سبیل	fa	سَبیلْ
ستا	fa	سَتا
ستاره	fa	سَتاره
ستان	fa	سَتانْ
ستاک	fa	سَتاکْ
ستبر	fa	سَتِبَرْ
ستدن	fa	سَتِدِنْ
سترگ	fa	سَتِرَگْ
سترگ	fa	سَتِرَگْ
سترگ	fa	سَتِرَگْ
ستل	fa	سَتَلْ
ستم	fa	سَتِمْ
ستودن	fa	سَتودِنْ
ستور	fa	سَتورْ
ستون	fa	سَتونْ
ستوه	fa	سَتوه
ستیزه	fa	سَتیزه
سجستان	fa	سَجَسَتانْ
سجستان	fa	سَجَسَتانْ
سجستان	fa	سَجَسَتانْ
سحاب	fa	سَحابْ
سحر	fa	سَحِرْ
سحر	fa	سَحَرْ
سحری	fa	سَحِری
سخت	fa	سَخَتْ
سختن	fa	سَخَتِنْ
سخت‌افزار	fa	سَخَتْ‌افَزارْ
سخت‌کوش	fa	سَخْتْ‌کوشْ
سخن	fa	سَخِنْ
سخن	fa	سَخِنْ
سخن	fa	سَخِنْ
سخن	fa	سَخِنْ
سخنران	fa	سَخَنَرانْ
سخنرانی	fa	سَخَنَرانی
سخنگو	fa	سَخَنَگو
سخی	fa	سَخی
سده	fa	سَده
سر	fa	سَرْ
سر	fa	سَرْ
سرا	fa	سَرا
سرا	fa	سَرا
سراب	fa	سَرابْ
سرابستان	fa	سَرابَسَتانْ
سرابستان	fa	سَرابَسَتانْ
سراسر	fa	سَراسِرْ
سراسیمه	fa	سَراسیمه
سراغ	fa	سَراغْ
سرافراز	fa	سَرافَرازْ
سرانجام	fa	سَرانَجامْ
سرای	fa	سَرای
سرب	fa	سَرَبْ
سرباز	fa	سَرَبازْ
سربازی	fa	سَرَبازی
سربسته	fa	سَرَبَسَته
سربند	fa	سَرْبَنَدْ
سرجوخه	fa	سَرَجوخه
سرحال	fa	سَرِحالْ
سرخ	fa	سَرَخْ
سرخانه	fa	سَرَخانه
سرخان‌دریا	fa	سَرَخانَ‌دَریا
سرخک	fa	سَرَخِکْ
سرخ‌چشم	fa	سَرْخْ‌چَشَمْ
سرد	fa	سَرَدْ
سرداب	fa	سَرَدابْ
سردار	fa	سَرَدارْ
سردرختی	fa	سَرْدَرَخَتی
سردرد	fa	سَرْدَرَدْ
سردست	fa	سَرْدَسَتْ
سرده	fa	سَرَده
سررشته	fa	سَرَرَشَته
سرزمین	fa	سَرْزَمینْ
سرزنش	fa	سَرْزَنِشْ
سرسبز	fa	سَرْسَبَزْ
سرسخت	fa	سَرْسَخَتْ
سرسرا	fa	سَرْسَرا
سرسره	fa	سَرْسَره
سرسری	fa	سَرْسَری
سرشار	fa	سَرَشارْ
سرشت	fa	سَرِشَتْ
سرشتن	fa	سَرَشَتِنْ
سرشناس	fa	سَرْشَناسْ
سرطان	fa	سَرِطانْ
سرعت	fa	سَرَعِتْ
سرف	fa	سَرَفْ
سرفراز	fa	سَرْفَرازْ
سرفه	fa	سَرَفه
سرقت	fa	سَرِقِتْ
سرما	fa	سَرَما
سرمایه	fa	سَرَمایه
سرمه	fa	سَرَمه
سرمه	fa	سَرَمه
سرنا	fa	سَرَنا
سرند	fa	سَرِنَدْ
سرندیپ	fa	سَرَنَدیپْ
سرنشین	fa	سَرْنَشینْ
سرنگون	fa	سَرْنَگونْ
سرو	fa	سَرو
سروب	fa	سَروبْ
سرود	fa	سَرودْ
سرودن	fa	سَرودِنْ
سروده	fa	سَروده
سرور	fa	سَرورْ
سروش	fa	سَروشْ
سرپرست	fa	سَرْپَرِسَتْ
سرپرستی	fa	سَرْپَرَسَتی
سرپل	fa	سَرِپِلْ
سرپوش	fa	سَرَپوشْ
سرپیچی	fa	سَرَپیچی
سرچشمه	fa	سَرَچَشَمه
سرکار	fa	سَرَکارْ
سرکه	fa	سَرَکه
سرکوب	fa	سَرَکوبْ
سرکوبگر	fa	سَرَکوبَگِرْ
سرگذشت	fa	سَرْگَذِشَتْ
سرگرم	fa	سَرْگَرَمْ
سرگرمی	fa	سَرَگَرَمی
سرگشته	fa	سَرَگَشَته
سرگیجه	fa	سَرَگیجه
سرگین	fa	سَرَگینْ
سری	fa	سَری
سریانی	fa	سَریانی
سریع	fa	سَریعْ
سرین	fa	سَرینْ
سرین	fa	سَرینْ
سرینگر	fa	سَرینِگِرْ
سری‌لانکا	fa	سَری‌لانَکا
سزا	fa	سَزا
سست	fa	سَسَتْ
سطح	fa	سَطَحْ
سطحی	fa	سَطَحی
سطر	fa	سَطَرْ
سطل	fa	سَطَلْ
سعادت	fa	سَعادِتْ
سعید	fa	سَعیدْ
سغد	fa	سَغَدْ
سغدی	fa	سَغَدی
سفارت	fa	سَفارِتْ
سفارت‌خانه	fa	سَفارَتَ‌خانه
سفارش	fa	سَفارِشْ
سفارشی	fa	سَفارِشی
سفال	fa	سَفالْ
سفال	fa	سَفالْ
سفال	fa	سَفالْ
سفالین	fa	سَفالینْ
سفالین	fa	سَفالینْ
سفتن	fa	سَفَتِنْ
سفر	fa	سَفِرْ
سفر	fa	سَفَرْ
سفربر	fa	سَفَرَبِرْ
سفرنامه	fa	سَفَرَنامه
سفره	fa	سَفَره
سفید	fa	سَفیدْ
سفیده	fa	سَفیده
سفیدپوست	fa	سَفیدَپوسَتْ
سفیر	fa	سَفیرْ
سفینه	fa	سَفینه
سقر	fa	سَقِرْ
سقراط	fa	سَقَراطْ
سقرلات	fa	سَقَرَلاتْ
سقز	fa	سَقِزْ
سقط	fa	سَقَطْ
سقف	fa	سَقَفْ
سقوط	fa	سَقوطْ
سلاجقه	fa	سَلاجِقه
سلاح	fa	سَلاحْ
سلام	fa	سَلامْ
سلامت	fa	سَلامِتْ
سلامتی	fa	سَلامِتی
سلب	fa	سَلَبْ
سلجوق	fa	سَلَجوقْ
سلجوقی	fa	سَلَجوقی
سلسله	fa	سَلْسَله
سلطان	fa	سَلَطانْ
سلطنت	fa	سَلْطَنِتْ
سلطنت‌طلبانه	fa	سَلْطَنَتْ‌طَلِبانه
سلطه	fa	سَلَطه
سلفی	fa	سَلِفی
سلم	fa	سَلِمْ
سلم	fa	سَلَمْ
سلماس	fa	سَلَماسْ
سلمانی	fa	سَلَمانی
سلیح	fa	سَلیحْ
سلیح	fa	سَلیحْ
سلیقه	fa	سَلیقه
سلیم	fa	سَلیمْ
سلیمی	fa	سَلیمی
سم	fa	سَمْ
سماروغ	fa	سَماروغْ
سماع	fa	سَماعْ
سمت	fa	سَمَتْ
سمد	fa	سَمِدْ
سمد	fa	سَمِدْ
سمرقند	fa	سَمَرْقَنَدْ
سمع	fa	سَمَعْ
سمن	fa	سَمِنْ
سمن	fa	سَمِنْ
سمنان	fa	سَمَنانْ
سمندر	fa	سَمَنَدِرْ
سمنو	fa	سَمِنو
سمنگان	fa	سَمَنَگانْ
سمور	fa	سَمورْ
سمی	fa	سَمی
سمید	fa	سَمیدْ
سمیر	fa	سَمیرْ
سمیرا	fa	سَمیرا
سمیع	fa	سَمیعْ
سمیعی	fa	سَمیعی
سن	fa	سَنْ
سن	fa	سَنْ
سنار	fa	سَنارْ
سنار	fa	سَنارْ
سنان	fa	سَنانْ
سنباده	fa	سَنَباده
سنبل	fa	سَنَبِلْ
سنبله	fa	سَنْبَله
سنبه	fa	سَنَبه
سنبوسه	fa	سَنَبوسه
سنتور	fa	سَنَتورْ
سنجاب	fa	سَنَجابْ
سنجاب	fa	سَنَجابْ
سنجاق	fa	سَنَجاقْ
سنجاقک	fa	سَنَجاقِکْ
سنجد	fa	سَنَجِدْ
سنجش	fa	سَنَجِشْ
سنجیدن	fa	سَنَجیدِنْ
سند	fa	سَنِدْ
سند	fa	سَنَدْ
سندان	fa	سَنَدانْ
سنسکریت	fa	سَنْسْکْریتْ
سنندج	fa	سَنَنَدِجْ
سنه	fa	سَنه
سنگ	fa	سَنَگْ
سنگدل	fa	سَنْگْدِلْ
سنگر	fa	سَنَگِرْ
سنگسار	fa	سَنْگْسارْ
سنگک	fa	سَنَگِکْ
سنگین	fa	سَنَگینْ
سن‍هار	fa	سَنَ‍هارْ
سه	fa	سه
سهام‌دار	fa	سهامَ‌دارْ
سهراب	fa	سهرابْ
سهل	fa	سهلْ
سهم	fa	سهمْ
سهمگین	fa	سهمْگینْ
سهی	fa	سهی
سو	fa	سو
سو	fa	سو
سوء	fa	سوءْ
سوت	fa	سوتْ
سوت	fa	سوتْ
سوخ	fa	سوخْ
سوخت	fa	سوخَتْ
سوختن	fa	سوخَتِنْ
سوخته	fa	سوخَته
سوختگی	fa	سوخْتَگی
سود	fa	سودْ
سودان	fa	سودانْ
سودمند	fa	سودْمَنَدْ
سودن	fa	سودِنْ
سوده	fa	سوده
سوراخ	fa	سوراخْ
سورت	fa	سورِتْ
سورتمه	fa	سورْتْمه
سورنجان	fa	سورَنَجانْ
سوره	fa	سوره
سوری	fa	سوری
سوز	fa	سوزْ
سوزان	fa	سوزانْ
سوزش	fa	سوزِشْ
سوزن	fa	سوزِنْ
سوزناک	fa	سوزَناکْ
سوسمار	fa	سوسَمارْ
سوسن	fa	سوسِنْ
سوشیانت	fa	سوشیانَتْ
سوشیانس	fa	سوشیانَسْ
سوغان	fa	سوغانْ
سوغون	fa	سوغونْ
سوفار	fa	سوفارْ
سولاخ	fa	سولاخْ
سومقاییت	fa	سومَقاییتْ
سون	fa	سونْ
سوگ	fa	سوگْ
سپاس	fa	سَپاسْ
سپاسگزار	fa	سَپاسْگَزارْ
سپاسگزاری	fa	سَپاسْگَزاری
سپاه	fa	سَپاه
سپاهی	fa	سَپاهی
سپر	fa	سَپِرْ
سپردیس	fa	سَپَرَدیسْ
سپری	fa	سَپِری
سپزگ	fa	سَپِزَگْ
سپنتا	fa	سَپَنَتا
سپنج	fa	سَپِنَجْ
سپند	fa	سَپِنَدْ
سپندان	fa	سَپَنَدانْ
سپهبد	fa	سَپهبِدْ
سپهبد	fa	سَپهبِدْ
سپهسالار	fa	سَپهسالارْ
سپوختن	fa	سَپوخَتِنْ
سپوختن	fa	سَپوخَتِنْ
سپید	fa	سَپیدْ
سپیده	fa	سَپیده
سکا	fa	سَکا
سکاستان	fa	سَکاسَتانْ
سکایی	fa	سَکایی
سکر	fa	سَکَرْ
سکنجبین	fa	سَکَنْجَبینْ
سکند	fa	سَکِنَدْ
سکندر	fa	سَکَنَدِرْ
سکوبا	fa	سَکوبا
سکوت	fa	سَکوتْ
سکون	fa	سَکونْ
سکونت	fa	سَکونِتْ
سگ	fa	سَگْ
سگالیدن	fa	سَگالیدِنْ
سگدید	fa	سَگَدیدْ
سگرنه	fa	سَگَرَنه
سی	fa	سی
سیب	fa	سیبْ
سیج	fa	سیجْ
سیجناک	fa	سیجَناکْ
سیخ	fa	سیخْ
سیر	fa	سیرْ
سیر	fa	سیرْ
سیرت	fa	سیرِتْ
سیردریا	fa	سیرَدَریا
سیستان	fa	سیسَتانْ
سیصد	fa	سیصِدْ
سیلاس	fa	سیلاسْ
سیلی	fa	سیلی
سیم	fa	سیمْ
سیما	fa	سیما
سیماب	fa	سیمابْ
سیمرغ	fa	سیمِرَغْ
سیمین	fa	سیمینْ
سیم‌کش	fa	سیمَ‌کِشْ
سیم‌کش	fa	سیمَ‌کِشْ
سین	fa	سینْ
سینا	fa	سینا
سینه	fa	سینه
سینی	fa	سینی
سیچغنه	fa	سیچِغِنه
سیچغنه	fa	سیچَغَنه
سیچغنه	fa	سیچِغِنه
سیچغنه	fa	سیچَغَنه
سیک	fa	سیکْ
سیگار	fa	سیگارْ
شاب	fa	شابْ
شاباش	fa	شاباشْ
شات	fa	شاتْ
شاخ	fa	شاخْ
شاخص	fa	شاخِصْ
شاخه	fa	شاخه
شاد	fa	شادْ
شاداب	fa	شادابْ
شادمان	fa	شادَمانْ
شادی	fa	شادی
شار	fa	شارْ
شاریدن	fa	شاریدِنْ
شاش	fa	شاشْ
شاشو	fa	شاشو
شاشیدن	fa	شاشیدِنْ
شاطی	fa	شاطی
شاعر	fa	شاعِرْ
شاعرانه	fa	شاعِرانه
شاعره	fa	شاعِره
شال	fa	شالْ
شالیزار	fa	شالیزارْ
شال‌گردن	fa	شالَ‌گَرَدِنْ
شام	fa	شامْ
شامل	fa	شامِلْ
شامپو	fa	شامَپو
شانه	fa	شانه
شاه	fa	شاه
شاهان	fa	شاهانْ
شاهانه	fa	شاهانه
شاهدخت	fa	شاهدَخَتْ
شاهراه	fa	شاهراه
شاهرخ	fa	شاهرِخْ
شاهزاده	fa	شاهزاده
شاهزادگان	fa	شاهزادِگانْ
شاهقلی	fa	شاهقَلی
شاهنامه	fa	شاهنامه
شاهکار	fa	شاهکارْ
شاهی	fa	شاهی
شاهیدن	fa	شاهیدِنْ
شاهین	fa	شاهینْ
شاه‌توت	fa	شاه‌توتْ
شاه‌دانه	fa	شاه‌دانه
شاه‌مات	fa	شاه‌ماتْ
شاه‌ماهی	fa	شاه‌ماهی
شاپور	fa	شاپورْ
شاکی	fa	شاکی
شاگرد	fa	شاگِرَدْ
شایان	fa	شایانْ
شب	fa	شَبْ
شباط	fa	شَباطْ
شبانه	fa	شَبانه
شبح	fa	شَبِحْ
شبستان	fa	شَبَسَتانْ
شبنم	fa	شَبَنِمْ
شبکه	fa	شَبِکه
شبگیر	fa	شَبَگیرْ
شبی	fa	شَبی
شبیه	fa	شَبیه
شب‌بو	fa	شَبَ‌بو
شب‌پره	fa	شَبْ‌پَره
شب‌کور	fa	شَبَ‌کورْ
شتا	fa	شَتا
شتاب	fa	شَتابْ
شتافتن	fa	شَتافَتِنْ
شتر	fa	شَتِرْ
شترخار	fa	شَتَرَخارْ
شترغار	fa	شَتَرَغارْ
شترمرغ	fa	شَتَرْمَرَغْ
شته	fa	شَته
شجاع	fa	شَجاعْ
شجاعت	fa	شَجاعِتْ
شجاعت	fa	شَجاعِتْ
شجر	fa	شَجِرْ
شجره	fa	شَجِره
شحنه	fa	شَحَنه
شخشیدن	fa	شَخَشیدِنْ
شخص	fa	شَخَصْ
شخودن	fa	شَخودِنْ
شد	fa	شَدْ
شدن	fa	شَدِنْ
شدنی	fa	شَدِنی
شدنی‌تر	fa	شَدِنی‌تِرْ
شدنی‌ترین	fa	شَدِنی‌تِرینْ
شدید	fa	شَدیدْ
شراب	fa	شَرابْ
شرارت	fa	شَرارِتْ
شرافت	fa	شَرافِتْ
شربت	fa	شَرَبِتْ
شرزه	fa	شَرَزه
شرط	fa	شَرَطْ
شرع	fa	شَرَعْ
شرعی	fa	شَرَعی
شرفا	fa	شَرِفا
شرق	fa	شَرَقْ
شرقی	fa	شَرَقی
شرم	fa	شَرَمْ
شرمسار	fa	شَرْمْسارْ
شرمنده	fa	شَرَمَنَده
شرمنده	fa	شَرَمَنَده
شرنگ	fa	شَرِنَگْ
شرور	fa	شَرورْ
شروع	fa	شَروعْ
شرک	fa	شَرَکْ
شرکت	fa	شَرَکِتْ
شریان	fa	شَریانْ
شریعت	fa	شَریعِتْ
شریف	fa	شَریفْ
شریک	fa	شَریکْ
شست	fa	شَسَتْ
شستشو	fa	شَسْتَشو
شستن	fa	شَسَتِنْ
شش	fa	شَشْ
شش	fa	شَشْ
ششت	fa	شَشَتْ
ششقاقل	fa	شَشَقاقِلْ
ششم	fa	شَشِمْ
شصت	fa	شَصَتْ
شطرنج	fa	شَطْرَنَجْ
شطرنج‌باز	fa	شَطَرَنْجْ‌بازْ
شعار	fa	شَعارْ
شعاع	fa	شَعاعْ
شعبان	fa	شَعَبانْ
شعبه	fa	شَعَبه
شعر	fa	شَعَرْ
شعرا	fa	شَعِرا
شعف	fa	شَعِفْ
شعله	fa	شَعَله
شعور	fa	شَعورْ
شغاد	fa	شَغادْ
شغال	fa	شَغالْ
شغل	fa	شَغَلْ
شفا	fa	شَفا
شفاء	fa	شَفاءْ
شفابخش	fa	شَفابِخَشْ
شفاخانه	fa	شَفاخانه
شفاهی	fa	شَفاهی
شفتالو	fa	شَفَتالو
شفق	fa	شَفِقْ
شفقت	fa	شَفِقِتْ
شفقت	fa	شَفَقِتْ
شفيع	fa	شَفيعْ
شقاقل	fa	شَقاقِلْ
شقرا	fa	شَقَرا
شقی	fa	شَقی
شل	fa	شَلْ
شل	fa	شَلْ
شل	fa	شَلْ
شلغم	fa	شَلَغِمْ
شلف	fa	شَلَفْ
شلق	fa	شَلَقْ
شله	fa	شَله
شما	fa	شَما
شمار	fa	شَمارْ
شماره	fa	شَماره
شماریدن	fa	شَماریدِنْ
شمال	fa	شَمالْ
شمال	fa	شَمالْ
شمال	fa	شَمالْ
شمالی	fa	شَمالی
شمالی	fa	شَمالی
شمالی	fa	شَمالی
شمردن	fa	شَمَرَدِنْ
شمس	fa	شَمَسْ
شمسی	fa	شَمَسی
شمشاد	fa	شَمَشادْ
شمشیر	fa	شَمَشیرْ
شمع	fa	شَمَعْ
شمعدان	fa	شَمْعْدانْ
شمن	fa	شَمِنْ
شمولی	fa	شَمولی
شمیم	fa	شَمیمْ
شن	fa	شَنْ
شن	fa	شَنْ
شنا	fa	شَنا
شناخت	fa	شَناخَتْ
شناختن	fa	شَناخَتِنْ
شنار	fa	شَنارْ
شنار	fa	شَنارْ
شناساندن	fa	شَناسانَدِنْ
شناسنامه	fa	شَناسَنامه
شنان	fa	شَنانْ
شنبه	fa	شَنَبه
شنفتن	fa	شَنَفَتِنْ
شنوسه	fa	شَنوسه
شنوسه	fa	شَنوسه
شنوشه	fa	شَنوشه
شنوشه	fa	شَنوشه
شنگار	fa	شَنَگارْ
شنگار	fa	شَنَگارْ
شنگرف	fa	شَنْگَرَفْ
شنگول	fa	شَنَگولْ
شنی	fa	شَنی
شنیدن	fa	شَنیدِنْ
شنیدن	fa	شَنیدِنْ
شنیع	fa	شَنیعْ
شهاب	fa	شهابْ
شهادت	fa	شهادِتْ
شهامت	fa	شهامِتْ
شهباز	fa	شهبازْ
شهبانو	fa	شهبانو
شهبانو	fa	شهبانو
شهد	fa	شهدْ
شهر	fa	شهرْ
شهرام	fa	شهرامْ
شهرت	fa	شهرِتْ
شهردار	fa	شهرْدارْ
شهرزاد	fa	شهرْزادْ
شهرستان	fa	شهرَسَتانْ
شهره	fa	شهره
شهروز	fa	شهروزْ
شهرک	fa	شهرِکْ
شهرکرد	fa	شهرَکِرَدْ
شهری	fa	شهری
شهریار	fa	شهریارْ
شهلا	fa	شهلا
شهلاچشم	fa	شهلاچِشَمْ
شهلایی	fa	شهلایی
شهناز	fa	شهنازْ
شهود	fa	شهودْ
شهید	fa	شهیدْ
شوخ	fa	شوخْ
شوخی	fa	شوخی
شور	fa	شورْ
شورا	fa	شورا
شوربا	fa	شورَبا
شورش	fa	شورِشْ
شورشی	fa	شورِشی
شوره	fa	شوره
شوریدن	fa	شوریدِنْ
شوریده	fa	شوریده
شوش	fa	شوشْ
شپش	fa	شَپِشْ
شپش	fa	شَپِشْ
شپش‌ها	fa	شَپَشَ‌ها
شک	fa	شَکْ
شکار	fa	شَکارْ
شکارچی	fa	شَکارَچی
شکاری	fa	شَکاری
شکافتن	fa	شَکافَتِنْ
شکال	fa	شَکالْ
شکال	fa	شَکالْ
شکاک	fa	شَکاکْ
شکر	fa	شَکِرْ
شکر	fa	شَکَرْ
شکرانه	fa	شَکَرانه
شکرستان	fa	شَکِرَسَتانْ
شکست	fa	شَکِسَتْ
شکستن	fa	شَکَسَتِنْ
شکسته	fa	شَکَسَته
شکستگی	fa	شَکَسْتَگی
شکفتن	fa	شَکَفَتِنْ
شکل	fa	شَکَلْ
شکم	fa	شَکِمْ
شکمی	fa	شَکِمی
شکنب	fa	شَکِنَبْ
شکنج	fa	شَکِنَجْ
شکنجه	fa	شَکَنَجه
شکوفا	fa	شَکوفا
شکوفا	fa	شَکوفا
شکوفا	fa	شَکوفا
شکوفه	fa	شَکوفه
شکوفه	fa	شَکوفه
شکوه	fa	شَکوه
شکوه	fa	شَکوه
شکی	fa	شَکی
شکیب	fa	شَکیبْ
شکیب	fa	شَکیبْ
شکیفتن	fa	شَکیفَتِنْ
شگرد	fa	شَگِرَدْ
شگرفی	fa	شَگَرَفی
شگفت	fa	شَگِفَتْ
شگفت‌زده	fa	شَگَفْتْ‌زَده
شید	fa	شیدْ
شیده	fa	شیده
شیر	fa	شیرْ
شیر	fa	شیرْ
شیراز	fa	شیرازْ
شیراز	fa	شیرازْ
شیرازی	fa	شیرازی
شیربها	fa	شیرْبها
شیرجه	fa	شیرَجه
شیردار	fa	شیرَدارْ
شیردار	fa	شیرَدارْ
شیردال	fa	شیرَدالْ
شیرفش	fa	شیرَفِشْ
شیرمرد	fa	شیرْمَرَدْ
شیره	fa	شیره
شیرین	fa	شیرینْ
شیرین	fa	شیرینْ
شیرینی	fa	شیرینی
شیرینی‌فروش	fa	شیرینی‌فِروشْ
شیرین‌کاری	fa	شیرینَ‌کاری
شیشه	fa	شیشه
شیعه	fa	شیعه
شیعی	fa	شیعی
شیفتن	fa	شیفَتِنْ
شیفته	fa	شیفَته
شیفتگی	fa	شیفْتَگی
شیهه	fa	شیهه
صابون	fa	صابونْ
صاحب	fa	صاحِبْ
صاحب	fa	صاحِبْ
صاحبقران	fa	صاحَبْقَرانْ
صاد	fa	صادْ
صادر	fa	صادِرْ
صادرات	fa	صادِراتْ
صادق	fa	صادِقْ
صادقی	fa	صادِقی
صاعقه	fa	صاعِقه
صاف	fa	صافْ
صالح	fa	صالِحْ
صامت	fa	صامِتْ
صبا	fa	صَبا
صبا	fa	صَبا
صباح	fa	صَباحْ
صبح	fa	صَبَحْ
صبحانه	fa	صَبَحانه
صبر	fa	صَبَرْ
صبوح	fa	صَبوحْ
صبور	fa	صَبورْ
صبی	fa	صَبی
صح	fa	صَحْ
صحابت	fa	صَحابِتْ
صحبت	fa	صَحَبِتْ
صحرا	fa	صَحَرا
صحرایی	fa	صَحَرایی
صحن	fa	صَحَنْ
صحیح	fa	صَحیحْ
صخره	fa	صَخَره
صد	fa	صَدْ
صدا	fa	صَدا
صداقت	fa	صَداقِتْ
صدد	fa	صَدِدْ
صدر	fa	صَدَرْ
صدف	fa	صَدِفْ
صدق	fa	صَدَقْ
صدقدار	fa	صَدَقَدارْ
صدقه	fa	صَدِقه
صدمه	fa	صَدَمه
صدور	fa	صَدورْ
صراحت	fa	صَراحِتْ
صراحی	fa	صَراحی
صرب	fa	صَرَبْ
صرصر	fa	صَرَصِرْ
صرع	fa	صَرَعْ
صرف	fa	صَرَفْ
صرف	fa	صَرَفْ
صرفه	fa	صَرَفه
صریح	fa	صَریحْ
صعب	fa	صَعَبْ
صعود	fa	صَعودْ
صفا	fa	صَفا
صفات	fa	صَفاتْ
صفت	fa	صَفِتْ
صفحات	fa	صَفِحاتْ
صفحه	fa	صَفَحه
صفر	fa	صَفِرْ
صفر	fa	صَفَرْ
صفرا	fa	صَفَرا
صلاح	fa	صَلاحْ
صلح	fa	صَلَحْ
صله	fa	صَله
صلیب	fa	صَلیبْ
صمدی	fa	صَمِدی
صمیم	fa	صَمیمْ
صمیمی	fa	صَمیمی
صنار	fa	صَنارْ
صناعت	fa	صَناعِتْ
صناعت	fa	صَناعِتْ
صندل	fa	صَنَدِلْ
صندلی	fa	صَنْدَلی
صندوق	fa	صَنَدوقْ
صندوقدار	fa	صَنَدوقَدارْ
صندوقچه	fa	صَنَدوقَچه
صنع	fa	صَنَعْ
صنعا	fa	صَنَعا
صنعت	fa	صَنَعِتْ
صنعتی	fa	صَنْعَتی
صنف	fa	صَنَفْ
صنف	fa	صَنَفْ
صنم	fa	صَنِمْ
صور	fa	صورْ
صورت	fa	صورِتْ
صورتک	fa	صورِتِکْ
صورتی	fa	صورِتی
صورت‌غذا	fa	صورَتْ‌غَذا
صوفی	fa	صوفی
صیت	fa	صیتْ
صیغه	fa	صیغه
ضابطه	fa	ضابِطه
ضاد	fa	ضادْ
ضامن	fa	ضامِنْ
ضبط	fa	ضَبَطْ
ضخیم	fa	ضَخیمْ
ضرب	fa	ضَرَبْ
ضربان	fa	ضَرِبانْ
ضربدر	fa	ضَرْبْدِرْ
ضربه	fa	ضَرَبه
ضرر	fa	ضَرِرْ
ضرورت	fa	ضَرورِتْ
ضروری	fa	ضَروری
ضریح	fa	ضَریحْ
ضعف	fa	ضَعَفْ
ضعیف	fa	ضَعیفْ
ضلع	fa	ضَلَعْ
ضمن	fa	ضَمَنْ
ضمنی	fa	ضَمَنی
ضمیر	fa	ضَمیرْ
ضمیمه	fa	ضَمیمه
طا	fa	طا
طاء	fa	طاءْ
طاس	fa	طاسْ
طاعت	fa	طاعِتْ
طاق	fa	طاقْ
طاقت	fa	طاقِتْ
طالب	fa	طالِبْ
طالبان	fa	طالِبانْ
طالع	fa	طالِعْ
طاها	fa	طاها
طبرستان	fa	طَبِرَسَتانْ
طبق	fa	طَبِقْ
طبق	fa	طَبَقْ
طبق	fa	طَبَقَ
طبقه	fa	طَبِقه
طبل	fa	طَبَلْ
طبله	fa	طَبَله
طبیب	fa	طَبیبْ
طبیعت	fa	طَبیعِتْ
طبیعی	fa	طَبیعی
طخار	fa	طَخارْ
طخارستان	fa	طَخارَسَتانْ
طرابلس	fa	طَرابِلِسْ
طراح	fa	طَراحْ
طراحی	fa	طَراحی
طراز	fa	طَرازْ
طراز	fa	طَرازْ
طرب	fa	طَرِبْ
طربزون	fa	طَرَبَزونْ
طرح	fa	طَرِحْ
طرح	fa	طَرَحْ
طرد	fa	طَرَدْ
طرز	fa	طَرَزْ
طرطوس	fa	طَرَطوسْ
طرف	fa	طَرِفْ
طرفدار	fa	طَرَفَدارْ
طریق	fa	طَریقْ
طعم	fa	طَعَمْ
طعنه	fa	طَعَنه
طغرا	fa	طَغَرا
طفره	fa	طَفَره
طفل	fa	طَفَلْ
طفلک	fa	طَفَلِکْ
طلا	fa	طَلا
طلا	fa	طَلا
طلاق	fa	طَلاقْ
طلاکار	fa	طَلاکارْ
طلاکاری	fa	طَلاکاری
طلب	fa	طَلِبْ
طلبه	fa	طَلِبه
طلبیدن	fa	طَلِبیدِنْ
طلسم	fa	طَلِسَمْ
طلعت	fa	طَلَعِتْ
طلوع	fa	طَلوعْ
طمطراق	fa	طَمْطَراقْ
طمع	fa	طَمِعْ
طناب	fa	طَنابْ
طنز	fa	طَنَزْ
طنین	fa	طَنینْ
طهماسب	fa	طهماسَبْ
طهمورث	fa	طهمورِثْ
طور	fa	طورْ
طوفان	fa	طوفانْ
طول	fa	طولْ
طولانی	fa	طولانی
طومار	fa	طومارْ
طیب	fa	طیبْ
ظا	fa	ظا
ظاء	fa	ظاءْ
ظالم	fa	ظالِمْ
ظالمانه	fa	ظالِمانه
ظرفی	fa	ظَرَفی
ظروف	fa	ظَروفْ
ظریف	fa	ظَریفْ
ظفر	fa	ظَفِرْ
ظفرآباد	fa	ظَفِرآبادْ
ظلم	fa	ظَلَمْ
ظلمت	fa	ظَلَمِتْ
ظنین	fa	ظَنینْ
ظهر	fa	ظهرْ
ظهر	fa	ظهرْ
ظهور	fa	ظهورْ
عابد	fa	عابِدْ
عابر	fa	عابِرْ
عاج	fa	عاجْ
عادت	fa	عادِتْ
عادل	fa	عادِلْ
عادی	fa	عادی
عار	fa	عارْ
عارف	fa	عارِفْ
عازم	fa	عازِمْ
عاشق	fa	عاشِقْ
عاشقان	fa	عاشِقانْ
عاشقانه	fa	عاشِقانه
عاشورا	fa	عاشورا
عاصی	fa	عاصی
عاطر	fa	عاطِرْ
عاطفه	fa	عاطِفه
عاطفی	fa	عاطِفی
عاطل	fa	عاطِلْ
عاقبت	fa	عاقِبِتْ
عالم	fa	عالِمْ
عالم	fa	عالِمْ
عالی	fa	عالی
عالی‌جناب	fa	عالی‌جِنابْ
عام	fa	عامْ
عامل	fa	عامِلْ
عبادتخانه	fa	عَبادَتَخانه
عبارت	fa	عَبارِتْ
عبث	fa	عَبِثْ
عبد	fa	عَبَدْ
عبرانی	fa	عَبَرانی
عبرت	fa	عَبَرِتْ
عبری	fa	عَبَری
عبور	fa	عَبورْ
عبوس	fa	عَبوسْ
عتبات	fa	عَتِباتْ
عتیق	fa	عَتیقْ
عثمان	fa	عَثَمانْ
عثمانی	fa	عَثَمانی
عجان	fa	عَجانْ
عجب	fa	عَجِبْ
عجب	fa	عَجَبْ
عجز	fa	عَجَزْ
عجله	fa	عَجِله
عجم	fa	عَجِمْ
عجمی	fa	عَجِمی
عجوبه	fa	عَجوبه
عجوز	fa	عَجوزْ
عجين	fa	عَجينْ
عجیب	fa	عَجیبْ
عدد	fa	عَدِدْ
عدس	fa	عَدِسْ
عدسی	fa	عَدِسی
عدل	fa	عَدَلْ
عدم	fa	عَدِمْ
عدن	fa	عَدِنْ
عدو	fa	عَدو
عذاب	fa	عَذابْ
عراق	fa	عَراقْ
عراق	fa	عَراقْ
عراقچی	fa	عَراقَچی
عراقی	fa	عَراقی
عرب	fa	عَرِبْ
عربده	fa	عَرْبَده
عربستان	fa	عَرِبَسَتانْ
عربی	fa	عَرِبی
عرش	fa	عَرَشْ
عرصه	fa	عَرَصه
عرض	fa	عَرِضْ
عرض	fa	عَرَضْ
عرض	fa	عَرَضْ
عرضه	fa	عَرَضه
عرضه	fa	عَرَضه
عرفان	fa	عَرَفانْ
عرق	fa	عَرِقْ
عرق	fa	عَرَقْ
عروس	fa	عَروسْ
عروسک	fa	عَروسِکْ
عروسی	fa	عَروسی
عریان	fa	عَریانْ
عریانی	fa	عَریانی
عریض	fa	عَریضْ
عزادار	fa	عَزادارْ
عزاداری	fa	عَزاداری
عزلت	fa	عَزَلِتْ
عزم	fa	عَزَمْ
عزیز	fa	عَزیزْ
عزیزم	fa	عَزیزِمْ
عزیمت	fa	عَزیمِتْ
عسس	fa	عَسِسْ
عسل	fa	عَسِلْ
عشرت	fa	عَشَرِتْ
عشق	fa	عَشَقْ
عشیره	fa	عَشیره
عصا	fa	عَصا
عصاره	fa	عَصاره
عصبانی	fa	عَصِبانی
عصبی	fa	عَصِبی
عصب‌شناس	fa	عَصَبْ‌شَناسْ
عصر	fa	عَصَرْ
عصمت	fa	عَصَمِتْ
عصیان	fa	عَصیانْ
عضله	fa	عَضِله
عطا	fa	عَطا
عطر	fa	عَطَرْ
عطر	fa	عَطَرْ
عطسه	fa	عَطَسه
عظم	fa	عَظَمْ
عظمت	fa	عَظِمِتْ
عظیم	fa	عَظیمْ
عفریت	fa	عَفَریتْ
عفونت	fa	عَفونِتْ
عقاب	fa	عَقابْ
عقاب	fa	عَقابْ
عقده	fa	عَقَده
عقرب	fa	عَقَرِبْ
عقل	fa	عَقَلْ
عقیده	fa	عَقیده
عقیقه	fa	عَقیقه
عقیله	fa	عَقیله
علاقه	fa	عَلاقه
علامت	fa	عَلامِتْ
علف	fa	عَلِفْ
علم	fa	عَلِمْ
علم	fa	عَلَمْ
علما	fa	عَلِما
علماء	fa	عَلِماءْ
علمی	fa	عَلَمی
علنی	fa	عَلِنی
علوم	fa	عَلومْ
علی	fa	عَلی
علیرضا	fa	عَلیرِضا
علیقلی	fa	عَلیقِلی
علیم	fa	عَلیمْ
علی‌شیر	fa	عَلی‌شیرْ
عمان	fa	عَمانْ
عمده	fa	عَمَده
عمدی	fa	عَمَدی
عمر	fa	عَمَرْ
عمر	fa	عَمِرْ
عمر	fa	عَمَرْ
عمره	fa	عَمَره
عمق	fa	عَمَقْ
عمل	fa	عَمِلْ
عملکرد	fa	عَمَلْکَرَدْ
عمودی	fa	عَمودی
عموم	fa	عَمومْ
عمومی	fa	عَمومی
عمیق	fa	عَمیقْ
عن	fa	عَنْ
عنب	fa	عَنِبْ
عنصر	fa	عَنَصِرْ
عنف	fa	عَنَفْ
عنقا	fa	عَنَقا
عنکبوت	fa	عَنْکَبوتْ
عهد	fa	عهدْ
عهده	fa	عهده
عهد‌نامه	fa	عهدْ‌نامه
عود	fa	عودْ
عکس	fa	عَکَسْ
عکسی	fa	عَکَسی
عید	fa	عیدْ
عیدی	fa	عیدی
عیلام	fa	عیلامْ
غار	fa	غارْ
غارت	fa	غارِتْ
غاز	fa	غازْ
غافت	fa	غافِتْ
غافت	fa	غافِتْ
غافث	fa	غافِثْ
غافث	fa	غافِثْ
غافل	fa	غافِلْ
غالب	fa	غالِبْ
غالیچه	fa	غالیچه
غان	fa	غانْ
غبار	fa	غَبارْ
غبغب	fa	غَبَغِبْ
غذا	fa	غَذا
غر	fa	غَرْ
غرامت	fa	غَرامِتْ
غرب	fa	غَرَبْ
غربت	fa	غَرَبِتْ
غربی	fa	غَرَبی
غرض	fa	غَرِضْ
غرغر	fa	غَرَغِرْ
غرفه	fa	غَرَفه
غرق	fa	غَرَقْ
غروب	fa	غَروبْ
غرور	fa	غَرورْ
غریب	fa	غَریبْ
غریبی	fa	غَریبی
غریزه	fa	غَریزه
غریق	fa	غَریقْ
غزات	fa	غَزاتْ
غزال	fa	غَزالْ
غزل	fa	غَزِلْ
غزنه	fa	غَزَنه
غزنی	fa	غَزَنی
غزنین	fa	غَزَنینْ
غسل	fa	غَسَلْ
غش	fa	غَشْ
غصن	fa	غَصَنْ
غضب	fa	غَضِبْ
غضنفر	fa	غَضَنَفِرْ
غفلت	fa	غَفَلِتْ
غلام	fa	غَلامْ
غلامی	fa	غَلامی
غلبه	fa	غَلِبه
غلتیدن	fa	غَلَتیدِنْ
غلط	fa	غَلِطْ
غلط	fa	غَلَطْ
غلغلستان	fa	غَلْغَلَسَتانْ
غلغله	fa	غَلْغَله
غلیظ	fa	غَلیظْ
غم	fa	غَمْ
غمباد	fa	غَمَبادْ
غمناک	fa	غَمَناکْ
غمگسار	fa	غَمْگَسارْ
غمگین	fa	غَمَگینْ
غمگینی	fa	غَمَگینی
غنودن	fa	غَنودِنْ
غنچه	fa	غَنَچه
غنی	fa	غَنی
غور	fa	غورْ
غوره	fa	غوره
غوری	fa	غوری
غوطه	fa	غوطه
غول	fa	غولْ
غول	fa	غولْ
غوک	fa	غوکْ
غژب	fa	غَژَبْ
ترین	fa	تَرینْ
ویه	fa	ویه
فا	fa	فا
فاتح	fa	فاتِحْ
فاتحه	fa	فاتِحه
فاجعه	fa	فاجِعه
فاحش	fa	فاحِشْ
فاحشه	fa	فاحِشه
فاخته	fa	فاخَته
فاخر	fa	فاخِرْ
فاخره	fa	فاخِره
فارس	fa	فارِسْ
فارس	fa	فارَسْ
فارسستان	fa	فارَسَسَتانْ
فارسی	fa	فارَسی
فارسی‌زبان	fa	فارَسی‌زِبانْ
فارغ	fa	فارِغْ
فاریاب	fa	فاریابْ
فاس	fa	فاسْ
فاسد	fa	فاسِدْ
فاسق	fa	فاسِقْ
فاش	fa	فاشْ
فاصل	fa	فاصِلْ
فاصله	fa	فاصِله
فاطمه	fa	فاطِمه
فاطمی	fa	فاطِمی
فاعل	fa	فاعِلْ
فاقد	fa	فاقِدْ
فال	fa	فالْ
فالوده	fa	فالوده
فانوس	fa	فانوسْ
فانوسقه	fa	فانوسَقه
فانی	fa	فانی
فاک	fa	فاکْ
فتح	fa	فَتَحْ
فتح‌اللهی	fa	فَتَحْ‌الْلهی
فتنه	fa	فَتَنه
فجر	fa	فَجَرْ
فجیع	fa	فَجیعْ
فحش	fa	فَحَشْ
فخر	fa	فَخَرْ
فدا	fa	فَدا
فدا	fa	فَدا
فر	fa	فَرْ
فرات	fa	فَراتْ
فراتر	fa	فَراتِرْ
فراتی	fa	فَراتی
فراخ	fa	فَراخْ
فرار	fa	فَرارْ
فرارود	fa	فَرارودْ
فراری	fa	فَراری
فرازمینی	fa	فَرازِمینی
فراق	fa	فَراقْ
فراموش	fa	فَراموشْ
فراموشی	fa	فَراموشی
فرانسه	fa	فَرانَسه
فرانک	fa	فَرانِکْ
فرانک	fa	فَرانَکْ
فراه	fa	فَراه
فراگرفتن	fa	فَراگِرَفَتِنْ
فراگیر	fa	فَراگیرْ
فرب	fa	فَرِبْ
فرت	fa	فَرِتْ
فرتوت	fa	فَرَتوتْ
فرتور	fa	فَرَتورْ
فرج	fa	فَرَجْ
فرجام	fa	فَرَجامْ
فرخار	fa	فَرَخارْ
فرخشنه	fa	فَرَخْشْنه
فرخنده	fa	فَرَخَنَده
فرد	fa	فَرَدْ
فردا	fa	فَرَدا
فردم	fa	فَرَدِمْ
فرزاد	fa	فَرَزادْ
فرزانه	fa	فَرَزانه
فرزانگی	fa	فَرَزانِگی
فرزند	fa	فَرْزَنَدْ
فرزندخوانده	fa	فَرَزَنْدْخوانَده
فرزین	fa	فَرَزینْ
فرس	fa	فَرِسْ
فرس	fa	فَرَسْ
فرسادن	fa	فَرَسادِنْ
فرستادن	fa	فَرَسَتادِنْ
فرسنگ	fa	فَرْسَنَگْ
فرسودن	fa	فَرَسودِنْ
فرسوده	fa	فَرَسوده
فرش	fa	فَرَشْ
فرشته	fa	فَرَشَته
فرشته	fa	فَرَشَته
فرشگرد	fa	فَرَشْگَرَدْ
فرشگرد	fa	فَرَشْگَرَدْ
فرصت	fa	فَرَصِتْ
فرض	fa	فَرَضْ
فرع	fa	فَرَعْ
فرعی	fa	فَرَعی
فرغانه	fa	فَرَغانه
فر	fa	فْرَ
فرق	fa	فَرَقْ
فرمان	fa	فَرَمانْ
فرمانبر	fa	فَرَمانَبِرْ
فرماندار	fa	فَرَمانَدارْ
فرمودن	fa	فَرَمودِنْ
فرناد	fa	فَرَنادْ
فرنگ	fa	فَرِنَگْ
فرنگستان	fa	فَرَنَگَسَتانْ
فرنگی	fa	فَرَنَگی
فرنگیس	fa	فَرَنَگیسْ
فرهاد	fa	فَرهادْ
فرهادی	fa	فَرهادی
فرهان	fa	فَرهانْ
فرهیختن	fa	فَرهیخَتِنْ
فرهیخته	fa	فَرهیخَته
فرو	fa	فَرو
فروتن	fa	فَروتِنْ
فروختن	fa	فَروخَتِنْ
فروختن	fa	فَروخَتِنْ
فرود	fa	فَرودْ
فرودگاه	fa	فَرودَگاه
فروزنده	fa	فَروزَنَده
فروش	fa	فَروشْ
فروشنده	fa	فَروشَنَده
فروشنده	fa	فَروشَنَده
فروشگاه	fa	فَروشَگاه
فروغ	fa	فَروغْ
فروماندن	fa	فَرومانَدِنْ
فرومایه	fa	فَرومایه
فروکش	fa	فَروکِشْ
فرچه	fa	فَرَچه
فرگرد	fa	فَرْگَرَدْ
فرگشت	fa	فَرْگَشَتْ
فری	fa	فَری
فریاد	fa	فَریادْ
فریادرس	fa	فَریادَرِسْ
فریال	fa	فَریالْ
فریب	fa	فَریبْ
فریب	fa	فَریبْ
فریبا	fa	فَریبا
فرید	fa	فَریدْ
فریدون	fa	فَریدونْ
فریدون	fa	فَریدونْ
فریفتن	fa	فَریفَتِنْ
فریفتن	fa	فَریفَتِنْ
فرینام	fa	فَرینامْ
فساد	fa	فَسادْ
فسیل	fa	فَسیلْ
فشار	fa	فَشارْ
فشارسنج	fa	فَشارْسَنَجْ
فشردن	fa	فَشَرَدِنْ
فشنگ	fa	فَشِنَگْ
فصح	fa	فَصَحْ
فصل	fa	فَصَلْ
فصیح	fa	فَصیحْ
فضا	fa	فَضا
فضازمان	fa	فَضازِمانْ
فضایی	fa	فَضایی
فضل	fa	فَضَلْ
فضول	fa	فَضولْ
فعال	fa	فَعالْ
فعل	fa	فَعَلْ
فعلی	fa	فَعَلی
فغ	fa	فَغْ
فغ	fa	فَغْ
فغفور	fa	فَغَفورْ
فقدان	fa	فَقَدانْ
فقدان	fa	فَقَدانْ
فقر	fa	فَقَرْ
فقرا	fa	فَقِرا
فقره	fa	فَقِره
فقط	fa	فَقِطْ
فقید	fa	فَقیدْ
فقیر	fa	فَقیرْ
فقیه	fa	فَقیه
فلات	fa	فَلاتْ
فلاته	fa	فَلاته
فلاته	fa	فَلاته
فلافل	fa	فَلافِلْ
فلان	fa	فَلانْ
فلاکت	fa	فَلاکِتْ
فلج	fa	فَلَجْ
فلس	fa	فَلَسْ
فلسطین	fa	فَلَسَطینْ
فلسطینی	fa	فَلَسَطینی
فلسفه	fa	فَلْسَفه
فلشک	fa	فَلِشَکْ
فلفل	fa	فَلَفِلْ
فن	fa	فَنْ
فنا	fa	فَنا
فنجان	fa	فَنَجانْ
فندق	fa	فَنَدِقْ
فندق‌شکن	fa	فَنَدَقْ‌شَکِنْ
فنر	fa	فَنِرْ
فنک	fa	فَنِکْ
فنیقی	fa	فَنیقی
فهرست	fa	فهرَسَتْ
فهم	fa	فهمْ
فهماندن	fa	فهمانَدِنْ
فهمیدن	fa	فهمیدِنْ
فوطه	fa	فوطه
فولاد	fa	فولادْ
فولاد	fa	فولادْ
فک	fa	فَکْ
فکاهی	fa	فَکاهی
فکر	fa	فَکَرْ
فیجی	fa	فیجی
فیروز	fa	فیروزْ
فیروز	fa	فیروزْ
فیروزه	fa	فیروزه
فیروزه	fa	فیروزه
فیل	fa	فیلْ
فیلیپ	fa	فیلیپْ
فینک	fa	فینِکْ
قاب	fa	قابْ
قابل	fa	قابِلْ
قابلمه	fa	قابْلَمه
قاتل	fa	قاتِلْ
قاتولیقه	fa	قاتولیقه
قاجار	fa	قاجارْ
قادر	fa	قادِرْ
قار	fa	قارْ
قارن	fa	قارِنْ
قاره	fa	قاره
قارچی	fa	قارَچی
قاری	fa	قاری
قاسم	fa	قاسِمْ
قاشق	fa	قاشِقْ
قاصدک	fa	قاصِدِکْ
قاصر	fa	قاصِرْ
قاضی	fa	قاضی
قاطر	fa	قاطِرْ
قاطی	fa	قاطی
قاعده	fa	قاعِده
قاف	fa	قافْ
قافله	fa	قافِله
قاقم	fa	قاقِمْ
قالب	fa	قالِبْ
قالی	fa	قالی
قالین	fa	قالینْ
قامت	fa	قامِتْ
قاموس	fa	قاموسْ
قان	fa	قانْ
قانع	fa	قانِعْ
قانون	fa	قانونْ
قانونی	fa	قانونی
قاپو	fa	قاپو
قاچاقچی	fa	قاچاقَچی
قبا	fa	قَبا
قبا	fa	قَبا
قبال	fa	قَبالْ
قبر	fa	قَبَرْ
قبراق	fa	قَبَراقْ
قبرس	fa	قَبَرِسْ
قبرستان	fa	قَبَرَسَتانْ
قبض	fa	قَبَضْ
قبضه	fa	قَبَضه
قبطی	fa	قَبَطی
قبل	fa	قَبَلْ
قبله	fa	قَبَله
قبول	fa	قَبولْ
قبیح	fa	قَبیحْ
قبیل	fa	قَبیلْ
قبیله	fa	قَبیله
قت	fa	قَتْ
قتل	fa	قَتَلْ
قحط	fa	قَحَطْ
قحطی	fa	قَحَطی
قدح	fa	قَدِحْ
قدح	fa	قَدَحْ
قدر	fa	قَدِرْ
قدر	fa	قَدَرْ
قدرت	fa	قَدَرِتْ
قدرتمند	fa	قَدَرَتْمَنَدْ
قدسی	fa	قَدَسی
قدم	fa	قَدِمْ
قدمت	fa	قَدَمِتْ
قدومه	fa	قَدومه
قدیم	fa	قَدیمْ
قدیمی	fa	قَدیمی
قر	fa	قَرْ
قرابت	fa	قَرابِتْ
قرار	fa	قَرارْ
قرارداد	fa	قَرارَدادْ
قراضه	fa	قَراضه
قرامان	fa	قَرامانْ
قران	fa	قَرانْ
قربان	fa	قَرَبانْ
قربانی	fa	قَرَبانی
قربت	fa	قَرَبِتْ
قرشمال	fa	قَرَشَمالْ
قرشی	fa	قَرَشی
قرض	fa	قَرَضْ
قرطبه	fa	قَرْطَبه
قرغیزستان	fa	قَرَغیزَسَتانْ
قرق	fa	قَرِقْ
قرم	fa	قَرِمْ
قرمز	fa	قَرَمِزْ
قرمزی	fa	قَرْمَزی
قرمطی	fa	قَرْمَطی
قرمه	fa	قَرَمه
قرن	fa	قَرَنْ
قرنطینه	fa	قَرَنَطینه
قرنفل	fa	قَرَنَفِلْ
قروت	fa	قَروتْ
قروت‌آب	fa	قَروتِ‌آبْ
قرينة	fa	قَرينَة
قریب	fa	قَریبْ
قرین	fa	قَرینْ
قزاق	fa	قَزاقْ
قزاقستان	fa	قَزاقَسَتانْ
قزلباش	fa	قَزَلَباشْ
قسط	fa	قَسَطْ
قسطی	fa	قَسَطی
قسم	fa	قَسِمْ
قسم	fa	قَسَمْ
قسمت	fa	قَسَمِتْ
قشر	fa	قَشَرْ
قشمیر	fa	قَشَمیرْ
قشنگ	fa	قَشِنَگْ
قشون	fa	قَشونْ
قصب	fa	قَصِبْ
قصب	fa	قَصَبْ
قصبه	fa	قَصِبه
قصد	fa	قَصَدْ
قصیده	fa	قَصیده
قضا	fa	قَضا
قضات	fa	قَضاتْ
قطار	fa	قَطارْ
قطار	fa	قَطارْ
قطاس	fa	قَطاسْ
قطب	fa	قَطَبْ
قطبی	fa	قَطَبی
قطب‌نما	fa	قَطْبْ‌نَما
قطر	fa	قَطِرْ
قطر	fa	قَطَرْ
قطران	fa	قَطَرانْ
قطره	fa	قَطَره
قطع	fa	قَطَعْ
قطعه	fa	قَطَعه
قطعی	fa	قَطَعی
قطور	fa	قَطورْ
قفس	fa	قَفِسْ
قفقاز	fa	قَفَقازْ
قفقازشناس	fa	قَفَقازْشَناسْ
قفل	fa	قَفَلْ
قفلی	fa	قَفَلی
ققنس	fa	قَقَنِسْ
ققنس	fa	قَقَنِسْ
ققنوس	fa	قَقَنوسْ
ققنوس	fa	قَقَنوسْ
قلاده	fa	قَلاده
قلب	fa	قَلَبْ
قلبی	fa	قَلَبی
قلزم	fa	قَلَزِمْ
قلع	fa	قَلَعْ
قلعه	fa	قَلَعه
قلم	fa	قَلِمْ
قلمدان	fa	قَلَمَدانْ
قلم‌زنی	fa	قَلَمْ‌زَنی
قلوب	fa	قَلوبْ
قلیان	fa	قَلیانْ
قم	fa	قَمْ
قمار	fa	قَمارْ
قمارخانه	fa	قَمارَخانه
قمر	fa	قَمِرْ
قمری	fa	قَمِری
قمری	fa	قَمَری
قمیص	fa	قَمیصْ
قنات	fa	قَناتْ
قند	fa	قَنَدْ
قنداق	fa	قَنَداقْ
قندهار	fa	قَنْدهارْ
قندوز	fa	قَنَدوزْ
قندول	fa	قَنَدولْ
قندول	fa	قَنَدولْ
قندیل	fa	قَنَدیلْ
قهر	fa	قهرْ
قهرمان	fa	قهرَمانْ
قهقهه	fa	قهقهه
قو	fa	قو
قوت	fa	قوتْ
قور	fa	قورْ
قورمه	fa	قورَمه
قوروت	fa	قوروتْ
قوزک	fa	قوزِکْ
قوطی	fa	قوطی
قولنجان	fa	قولَنَجانْ
قوها	fa	قوها
قوچ	fa	قوچْ
قپان	fa	قَپانْ
قیمت	fa	قیمِتْ
قیمتی	fa	قیمِتی
قیمتی‌تر	fa	قیمِتی‌تِرْ
قیمتی‌ترین	fa	قیمِتی‌تِرینْ
قیمه	fa	قیمه
قین	fa	قینْ
كاشان	fa	كاشانْ
لابد	fa	لابِدْ
لابه	fa	لابه
لاجرم	fa	لاجِرِمْ
لاخ	fa	لاخْ
لازستان	fa	لازَسَتانْ
لازم	fa	لازِمْ
لازمه	fa	لازِمه
لاس	fa	لاسْ
لاش	fa	لاشْ
لاعلاج	fa	لاعِلاجْ
لاغ	fa	لاغْ
لاغر	fa	لاغِرْ
لاف	fa	لافْ
لال	fa	لالْ
لالا	fa	لالا
لالایی	fa	لالایی
لالستان	fa	لالَسَتانْ
لاله	fa	لاله
لامسه	fa	لامِسه
لانه	fa	لانه
لاهور	fa	لاهورْ
لاک	fa	لاکْ
لایه	fa	لایه
لب	fa	لَبْ
لباس	fa	لَباسْ
لبخند	fa	لَبْخَنَدْ
لبریز	fa	لَبَریزْ
لبن	fa	لَبِنْ
لبنان	fa	لَبَنانْ
لبنانی	fa	لَبَنانی
لبه	fa	لَبه
لبی	fa	لَبی
لثه	fa	لَثه
لجن	fa	لَجِنْ
لحاظ	fa	لَحاظْ
لحد	fa	لَحِدْ
لحد	fa	لَحَدْ
لحظه	fa	لَحَظه
لحن	fa	لَحَنْ
لخشک	fa	لَخَشِکْ
لداخ	fa	لَداخْ
لدن	fa	لَدِنْ
لذیذ	fa	لَذیذْ
لرز	fa	لَرَزْ
لرزش	fa	لَرَزِشْ
لرزه	fa	لَرَزه
لرزیدن	fa	لَرَزیدِنْ
لرستان	fa	لَرَسَتانْ
لسان	fa	لَسانْ
لشکر	fa	لَشَکِرْ
لطف	fa	لَطَفْ
لطیف	fa	لَطیفْ
لعاب	fa	لَعابْ
لعبت	fa	لَعَبِتْ
لعل	fa	لَعَلْ
لعنت	fa	لَعَنِتْ
لعنتی	fa	لَعْنَتی
لعین	fa	لَعینْ
لغات	fa	لَغاتْ
لغت	fa	لَغِتْ
لغت‌نامه	fa	لَغَتَ‌نامه
لغز	fa	لَغَزْ
لغز	fa	لَغِزْ
لغز	fa	لَغِزْ
لغز	fa	لَغَزْ
لغزیدن	fa	لَغَزیدِنْ
لغو	fa	لَغو
لفاف	fa	لَفافْ
لفظ	fa	لَفَظْ
لق	fa	لَقْ
لقا	fa	لَقا
لقب	fa	لَقِبْ
لقمان	fa	لَقَمانْ
لقمه	fa	لَقَمه
لل‍ه	fa	لَلْ‍ه
لمس	fa	لَمَسْ
لمعه	fa	لَمَعه
لنبه	fa	لَنَبه
لندن	fa	لَنَدِنْ
لنکران	fa	لَنْکَرانْ
لنگر	fa	لَنَگِرْ
لنگرگاه	fa	لَنَگَرَگاه
لهجه	fa	لهجه
لوترا	fa	لوتَرا
لوخن	fa	لوخِنْ
لوس	fa	لوسْ
لوط	fa	لوطْ
لوطی	fa	لوطی
لول	fa	لولْ
لوله	fa	لوله
لولی	fa	لولی
لولیدن	fa	لولیدِنْ
لوگر	fa	لوگِرْ
لپ	fa	لَپْ
لچ	fa	لَچْ
لچر	fa	لَچِرْ
لک	fa	لَکْ
لک‌لک	fa	لَکَ‌لِکْ
لگام	fa	لَگامْ
لگد	fa	لَگِدْ
لگن	fa	لَگِنْ
لی	fa	لی
لیز	fa	لیزْ
لیس	fa	لیسْ
لیسیدن	fa	لیسیدِنْ
لیف	fa	لیفْ
لیمو	fa	لیمو
لیچار	fa	لیچارْ
لیچال	fa	لیچالْ
لیک	fa	لیکْ
لیک	fa	لیکْ
لیکن	fa	لیکِنْ
ما	fa	ما
ماء	fa	ماءْ
مات	fa	ماتْ
ماجرا	fa	ماجِرا
ماجراجو	fa	ماجِراجو
مادر	fa	مادِرْ
مادر	fa	مادِرْ
مادرانه	fa	مادِرانه
مادربزرگ	fa	مادَرْبَزِرَگْ
مادرزادی	fa	مادَرَزادی
مادرزن	fa	مادَرَزِنْ
مادرمرده	fa	مادَرَمَرَده
مادری	fa	مادِری
ماده	fa	ماده
مار	fa	مارْ
مارس	fa	مارَسْ
مارماهی	fa	مارَماهی
مارمولک	fa	مارَمولِکْ
مارها	fa	مارها
مارونی	fa	مارونی
مارپیچ	fa	مارَپیچْ
ماز	fa	مازْ
مازریون	fa	مازَریونْ
مازندران	fa	مازَنْدَرانْ
مازندرانی	fa	مازَنْدَرانی
مازو	fa	مازو
مازوج	fa	مازوجْ
ماساژ	fa	ماساژْ
ماست	fa	ماسَتْ
ماسه	fa	ماسه
ماسوره	fa	ماسوره
ماسیدن	fa	ماسیدِنْ
ماشابه	fa	ماشابه
ماشه	fa	ماشه
ماشو	fa	ماشو
ماشین	fa	ماشینْ
مال	fa	مالْ
ماله	fa	ماله
مالک	fa	مالِکْ
مالکانه	fa	مالِکانه
مالی	fa	مالی
مالیدن	fa	مالیدِنْ
مام	fa	مامْ
مامانی	fa	مامانی
ماموت	fa	ماموتْ
مامیران	fa	مامیرانْ
ماندن	fa	مانَدِنْ
مانده	fa	مانَده
ماندگاری	fa	مانْدَگاری
مانستن	fa	مانَسَتِنْ
مانع	fa	مانِعْ
مانند	fa	مانِنَدْ
مانگ	fa	مانَگْ
مانی	fa	مانی
مانید	fa	مانیدْ
ماه	fa	ماه
ماها	fa	ماها
ماهان	fa	ماهانْ
ماهور	fa	ماهورْ
ماهی	fa	ماهی
ماهین	fa	ماهینْ
ماهیچه	fa	ماهیچه
ماهی‌تابه	fa	ماهی‌تابه
ماهی‌فروش	fa	ماهی‌فِروشْ
ماهی‌گیر	fa	ماهی‌گیرْ
ماچ	fa	ماچْ
ماچین	fa	ماچینْ
ماک	fa	ماکْ
مایان	fa	مایانْ
مایه	fa	مایه
مبادا	fa	مَبادا
مبادرت	fa	مَبادِرِتْ
مبارز	fa	مَبارِزْ
مبارزه	fa	مَبارِزه
مبارک	fa	مَبارِکْ
مبتدی	fa	مَبْتَدی
مبتلا	fa	مَبْتَلا
مبتنی	fa	مَبْتَنی
مبحث	fa	مَبَحِثْ
مبرم	fa	مَبَرِمْ
مبرم	fa	مَبَرِمْ
مبلغ	fa	مَبَلِغْ
مبنا	fa	مَبَنا
مبهوت	fa	مَبهوتْ
متاع	fa	مَتاعْ
متانت	fa	مَتانِتْ
متباعد	fa	مَتِباعِدْ
متخاصم	fa	مَتِخاصِمْ
مترادف	fa	مَتِرادِفْ
مترجم	fa	مَتَرَجِمْ
مترسک	fa	مَتَرَسِکْ
متروک	fa	مَتَروکْ
متزلزل	fa	مَتِزَلَزِلْ
متعادل	fa	مَتِعادِلْ
متقابل	fa	مَتِقابِلْ
متقارب	fa	مَتِقارِبْ
متقاعد	fa	مَتِقاعِدْ
متقال	fa	مَتَقالْ
متلاشی	fa	مَتِلاشی
متمادی	fa	مَتِمادی
متمرکز	fa	مَتِمَرَکِزْ
متن	fa	مَتَنْ
متناسب	fa	مَتِناسِبْ
متناقض	fa	مَتِناقِضْ
مته	fa	مَته
متین	fa	مَتینْ
مثابه	fa	مَثابه
مثال	fa	مَثالْ
مثانه	fa	مَثانه
مثبت	fa	مَثَبِتْ
مثل	fa	مَثِلْ
مثل	fa	مَثَلْ
مثل	fa	مَثَلَ
مجار	fa	مَجارْ
مجارستان	fa	مَجارَسَتانْ
مجازات	fa	مَجازاتْ
مجازات‌ها	fa	مَجازاتَ‌ها
مجازی	fa	مَجازی
مجال	fa	مَجالْ
مجبور	fa	مَجَبورْ
مجتمع	fa	مَجْتَمِعْ
مجد	fa	مَجَدْ
مجرم	fa	مَجَرِمْ
مجروح	fa	مَجَروحْ
مجروح	fa	مَجَروحْ
مجری	fa	مَجَری
مجلس	fa	مَجَلِسْ
مجموعه	fa	مَجَموعه
مجنون	fa	مَجَنونْ
مجهول	fa	مَجهولْ
مجوس	fa	مَجوسْ
مجید	fa	مَجیدْ
محاربه	fa	مَحارِبه
محاسبه	fa	مَحاسِبه
محاصره	fa	مَحاصِره
محافظت	fa	مَحافِظِتْ
محافظه	fa	مَحافِظه
محال	fa	مَحالْ
محاکمه	fa	مَحاکِمه
محبوب	fa	مَحَبوبْ
محتاج	fa	مَحَتاجْ
محتاط	fa	مَحَتاطْ
محتاطانه	fa	مَحَتاطانه
محترم	fa	مَحْتَرِمْ
محترمانه	fa	مَحْتَرِمانه
محدود	fa	مَحَدودْ
محراب	fa	مَحَرابْ
محرم	fa	مَحَرِمْ
محروم	fa	مَحَرومْ
محسن	fa	مَحَسِنْ
محصول	fa	مَحَصولْ
محصولات	fa	مَحَصولاتْ
محض	fa	مَحَضْ
محفل	fa	مَحَفِلْ
محفوظ	fa	مَحَفوظْ
محمود	fa	مَحَمودْ
محموله	fa	مَحَموله
محنت	fa	مَحَنِتْ
محکم	fa	مَحَکِمْ
محکمه	fa	مَحْکَمه
محکوم	fa	مَحَکومْ
محیط	fa	مَحیطْ
محیی	fa	مَحیی
مخابرات	fa	مَخابِراتْ
مخاطب	fa	مَخاطِبْ
مخالف	fa	مَخالِفْ
مخالفت	fa	مَخالِفِتْ
مخالفت	fa	مَخالِفِتْ
مختار	fa	مَخَتارْ
مخترع	fa	مَخْتَرِعْ
مختصر	fa	مَخْتَصِرْ
مختلط	fa	مَخْتَلِطْ
مختلف	fa	مَخْتَلِفْ
مخدوم	fa	مَخَدومْ
مخرج	fa	مَخَرِجْ
مخزن	fa	مَخَزِنْ
مخصوص	fa	مَخَصوصْ
مخفی	fa	مَخَفی
مخلوط	fa	مَخَلوطْ
مخلوق	fa	مَخَلوقْ
مخمل	fa	مَخَمِلْ
مخموری	fa	مَخَموری
مداخله	fa	مَداخِله
مداد	fa	مَدادْ
مدار	fa	مَدارْ
مدارس	fa	مَدارِسْ
مدافع	fa	مَدافِعْ
مدام	fa	مَدامْ
مدخل	fa	مَدَخِلْ
مدد	fa	مَدِدْ
مدرا	fa	مَدِرا
مدرسه	fa	مَدْرَسه
مدرک	fa	مَدَرِکْ
مدفوع	fa	مَدَفوعْ
مدفون	fa	مَدَفونْ
مدنی	fa	مَدِنی
مدهوش	fa	مَدهوشْ
مدهوش	fa	مَدهوشْ
مدیر	fa	مَدیرْ
مدینه	fa	مَدینه
مذی	fa	مَذی
مر	fa	مَرْ
مر	fa	مَرْ
مرا	fa	مَرا
مراتب	fa	مَراتِبْ
مراجعه	fa	مَراجِعه
مراحل	fa	مَراحِلْ
مراد	fa	مَرادْ
مراسم	fa	مَراسِمْ
مراعات	fa	مَراعاتْ
مراقب	fa	مَراقِبْ
مراکش	fa	مَراکِشْ
مربوط	fa	مَرَبوطْ
مرتبط	fa	مَرْتَبِطْ
مرتبه	fa	مَرْتَبه
مرتفع	fa	مَرْتَفِعْ
مرتفع	fa	مَرْتَفِعْ
مرتکب	fa	مَرْتَکِبْ
مرج	fa	مَرَجْ
مرجان	fa	مَرَجانْ
مرجع	fa	مَرَجِعْ
مرحبا	fa	مَرْحَبا
مرحله	fa	مَرْحَله
مرحوم	fa	مَرَحومْ
مرخ	fa	مَرَخْ
مرد	fa	مَرَدْ
مرد	fa	مَرَدْ
مرد	fa	مَرَدْ
مرداب	fa	مَرَدابْ
مرداد	fa	مَرَدادْ
مردار	fa	مَرَدارْ
مردان	fa	مَرَدانْ
مردانه	fa	مَرَدانه
مردانگی	fa	مَرَدانِگی
مردستیزی	fa	مَرْدْسَتیزی
مردم	fa	مَرَدِمْ
مردمک	fa	مَرْدَمِکْ
مردمی	fa	مَرْدَمی
مردم‌سالاری	fa	مَرَدَمَ‌سالاری
مردم‌ستیزی	fa	مَرَدَمْ‌سَتیزی
مردم‌شناس	fa	مَرَدَمْ‌شَناسْ
مردم‌شناسی	fa	مَرَدَمْ‌شَناسی
مردن	fa	مَرَدِنْ
مردنی	fa	مَرْدَنی
مرده	fa	مَرَده
مردود	fa	مَرَدودْ
مردگان	fa	مَرْدَگانْ
مردی	fa	مَرَدی
مردی	fa	مَرَدی
مردی	fa	مَرَدی
مرز	fa	مَرَزْ
مرزیدن	fa	مَرَزیدِنْ
مرسل	fa	مَرَسِلْ
مرشد	fa	مَرَشِدْ
مرشدقلی	fa	مَرَشَدْقَلی
مرض	fa	مَرِضْ
مرطوب	fa	مَرَطوبْ
مرعش	fa	مَرَعِشْ
مرغ	fa	مَرَغْ
مرغاب	fa	مَرَغابْ
مرغابی	fa	مَرَغابی
مرغان	fa	مَرَغانْ
مرغ‌ها	fa	مَرْغْ‌ها
مرقد	fa	مَرَقِدْ
مرمر	fa	مَرَمِرْ
مرموز	fa	مَرَموزْ
مرمی	fa	مَرَمی
مرند	fa	مَرِنَدْ
مرور	fa	مَرورْ
مرچ	fa	مَرَچْ
مرچ	fa	مَرَچْ
مرچ	fa	مَرَچْ
مرکب	fa	مَرَکِبْ
مرکز	fa	مَرَکِزْ
مرکزی	fa	مَرْکَزی
مرگ	fa	مَرَگْ
مرید	fa	مَریدْ
مرید	fa	مَریدْ
مریض	fa	مَریضْ
مریضی	fa	مَریضی
مزاج	fa	مَزاجْ
مزاحم	fa	مَزاحِمْ
مزار	fa	مَزارْ
مزخرف	fa	مَزَخَرِفْ
مزد	fa	مَزَدْ
مزدور	fa	مَزَدورْ
مزرعه	fa	مَزْرَعه
مزمور	fa	مَزَمورْ
مزنه	fa	مَزَنه
مزه	fa	مَزه
مس	fa	مَسْ
مس	fa	مَسْ
مسا	fa	مَسا
مسابقه	fa	مَسابِقه
مساجد	fa	مَساجِدْ
مساحت	fa	مَساحِتْ
مساعدت	fa	مَساعِدِتْ
مسافت	fa	مَسافِتْ
مسافر	fa	مَسافِرْ
مسافرت	fa	مَسافِرِتْ
مسالمت	fa	مَسالِمِتْ
مست	fa	مَسَتْ
مست	fa	مَسَتْ
مستاجری	fa	مَسَتاجِری
مستبد	fa	مَسْتَبِدْ
مستجاب	fa	مَسْتَجابْ
مستحکم	fa	مَسَتَحَکِمْ
مستخدم	fa	مَسَتَخَدِمْ
مستراح	fa	مَسْتَراحْ
مستشار	fa	مَسْتَشارْ
مستطیل	fa	مَسْتَطیلْ
مستظرف	fa	مَسَتَظَرِفْ
مستغرب	fa	مَسَتَغَرِبْ
مستغرق	fa	مَسَتَغَرِقْ
مستقل	fa	مَسْتَقِلْ
مستقیم	fa	مَسْتَقیمْ
مستلزم	fa	مَسَتَلَزِمْ
مستمع	fa	مَسْتَمِعْ
مستمند	fa	مَسْتْمَنَدْ
مستند	fa	مَسْتَنِدْ
مستور	fa	مَسَتورْ
مستی	fa	مَسَتی
مسجد	fa	مَسَجِدْ
مسجدها	fa	مَسَجَدها
مسخره	fa	مَسْخَره
مسدود	fa	مَسَدودْ
مسرور	fa	مَسَرورْ
مسعود	fa	مَسَعودْ
مسقط	fa	مَسَقِطْ
مسلخ	fa	مَسَلِخْ
مسلسل	fa	مَسَلَسِلْ
مسلم	fa	مَسَلِمْ
مسلمان	fa	مَسَلَمانْ
مسلمانی	fa	مَسَلَمانی
مسلک	fa	مَسَلِکْ
مسن	fa	مَسِنْ
مسند	fa	مَسَنِدْ
مسکن	fa	مَسَکِنْ
مسکه	fa	مَسَکه
مسکین	fa	مَسَکینْ
مسگر	fa	مَسَگِرْ
مسی	fa	مَسی
مسیح	fa	مَسیحْ
مسیح	fa	مَسیحْ
مسیحا	fa	مَسیحا
مسیحی	fa	مَسیحی
مسیحی	fa	مَسیحی
مسیر	fa	مَسیرْ
مسین	fa	مَسینْ
مشاجره	fa	مَشاجِره
مشارکت	fa	مَشارِکِتْ
مشاق	fa	مَشاقْ
مشام	fa	مَشامْ
مشتاق	fa	مَشَتاقْ
مشترک	fa	مَشْتَرِکْ
مشتری	fa	مَشْتَری
مشتق	fa	مَشَتِقْ
مشرف	fa	مَشَرِفْ
مشرق	fa	مَشَرِقْ
مشرقی	fa	مَشْرَقی
مشروب	fa	مَشَروبْ
مشروع	fa	مَشَروعْ
مشرک	fa	مَشَرِکْ
مشعل	fa	مَشَعِلْ
مشغله	fa	مَشْغَله
مشغول	fa	مَشَغولْ
مشفق	fa	مَشَفِقْ
مشق	fa	مَشَقْ
مشقاب	fa	مَشَقابْ
مشهود	fa	مَشهودْ
مشهور	fa	مَشهورْ
مشک	fa	مَشَکْ
مشک	fa	مَشَکْ
مشکل	fa	مَشَکِلْ
مشکل‌ها	fa	مَشَکَلَ‌ها
مشکوک	fa	مَشَکوکْ
مشکی	fa	مَشَکی
مشکین	fa	مَشَکینْ
مصا	fa	مَصا
مصاحبه	fa	مَصاحِبه
مصادره	fa	مَصادِره
مصالح	fa	مَصالِحْ
مصالحه	fa	مَصالِحه
مصحف	fa	مَصَحِفْ
مصحف	fa	مَصَحِفْ
مصدر	fa	مَصَدِرْ
مصر	fa	مَصَرْ
مصراع	fa	مَصَراعْ
مصرشناس	fa	مَصْرْشَناسْ
مصرشناسی	fa	مَصْرْشَناسی
مصرف	fa	مَصَرِفْ
مصرفی	fa	مَصْرَفی
مصری	fa	مَصَری
مصلحت	fa	مَصْلَحِتْ
مصنوع	fa	مَصَنوعْ
مصنوعی	fa	مَصَنوعی
مصون	fa	مَصونْ
مصیبت	fa	مَصیبِتْ
مضارع	fa	مَضارِعْ
مضامین	fa	مَضامینْ
مضبوط	fa	مَضَبوطْ
مضحک	fa	مَضَحِکْ
مضر	fa	مَضِرْ
مضطرب	fa	مَضْطَرِبْ
مضمون	fa	مَضَمونْ
مطابق	fa	مَطابِقْ
مطالعه	fa	مَطالِعه
مطبوع	fa	مَطَبوعْ
مطبوعات	fa	مَطَبوعاتْ
مطرب	fa	مَطَرِبْ
مطرح	fa	مَطَرِحْ
مطلب	fa	مَطَلِبْ
مطلع	fa	مَطَلِعْ
مطلق	fa	مَطَلِقْ
مطلوب	fa	مَطَلوبْ
مطیع	fa	مَطیعْ
مظلوم	fa	مَظَلومْ
مظنون	fa	مَظَنونْ
معادل	fa	مَعادِلْ
معادله	fa	مَعادِله
معادن	fa	مَعادِنْ
معارف	fa	مَعارِفْ
معاش	fa	مَعاشْ
معاشرت	fa	مَعاشِرِتْ
معاصر	fa	مَعاصِرْ
معاف	fa	مَعافْ
معافی	fa	مَعافی
معالجه	fa	مَعالِجه
معامله	fa	مَعامِله
معانی	fa	مَعانی
معبد	fa	مَعَبِدْ
معتاد	fa	مَعَتادْ
معتبر	fa	مَعْتَبِرْ
معتدل	fa	مَعْتَدِلْ
معترض	fa	مَعْتَرِضْ
معتزله	fa	مَعْتَزِله
معتقد	fa	مَعْتَقِدْ
معجزه	fa	مَعْجَزه
معدن	fa	مَعَدِنْ
معدنی	fa	مَعْدَنی
معده	fa	مَعَده
معدود	fa	مَعَدودْ
معذرت	fa	مَعْذَرِتْ
معراج	fa	مَعَراجْ
معرض	fa	مَعَرِضْ
معرفت	fa	مَعْرَفِتْ
معروف	fa	مَعَروفْ
معرکه	fa	مَعْرَکه
معشوق	fa	مَعَشوقْ
معشوقه	fa	مَعَشوقه
معضل	fa	مَعَضِلْ
معلول	fa	مَعَلولْ
معلوم	fa	مَعَلومْ
معمار	fa	مَعَمارْ
معماری	fa	مَعَماری
معمول	fa	مَعَمولْ
معمولی	fa	مَعَمولی
معناشناسی	fa	مَعَناشِناسی
معنی	fa	مَعَنی
معیار	fa	مَعیارْ
معین	fa	مَعینْ
مغ	fa	مَغْ
مغ	fa	مَغْ
مغاره	fa	مَغاره
مغازه	fa	مَغازه
مغان	fa	مَغانْ
مغاک	fa	مَغاکْ
مغرب	fa	مَغَرِبْ
مغربی	fa	مَغْرَبی
مغرض	fa	مَغَرِضْ
مغز	fa	مَغَزْ
مغشوش	fa	مَغَشوشْ
مغفرت	fa	مَغْفَرِتْ
مغولستان	fa	مَغولَسَتانْ
مفت	fa	مَفَتْ
مفتخر	fa	مَفْتَخِرْ
مفتوح	fa	مَفَتوحْ
مفتی	fa	مَفَتی
مفرط	fa	مَفَرِطْ
مفصل	fa	مَفَصِلْ
مفعول	fa	مَفَعولْ
مفهوم	fa	مَفهومْ
مفید	fa	مَفیدْ
مقابل	fa	مَقابِلْ
مقابله	fa	مَقابِله
مقاله	fa	مَقاله
مقام	fa	مَقامْ
مقبره	fa	مَقْبَره
مقبول	fa	مَقَبولْ
مقتدر	fa	مَقْتَدِرْ
مقتضا	fa	مَقْتَضا
مقتول	fa	مَقَتولْ
مقداد	fa	مَقَدادْ
مقدار	fa	مَقَدارْ
مقدور	fa	مَقَدورْ
مقدونی	fa	مَقَدونی
مقر	fa	مَقِرْ
مقر	fa	مَقِرْ
مقصد	fa	مَقَصِدْ
مقصود	fa	مَقَصودْ
مقطع	fa	مَقَطِعْ
مقعد	fa	مَقَعِدْ
مقعدی	fa	مَقْعَدی
مقنعه	fa	مَقْنَعه
مقیاس	fa	مَقیاسْ
مقیم	fa	مَقیمْ
مل	fa	مَلْ
مل	fa	مَلْ
ملاطفت	fa	مَلاطِفِتْ
ملاقات	fa	مَلاقاتْ
ملاقه	fa	مَلاقه
ملامت	fa	مَلامِتْ
ملبوس	fa	مَلَبوسْ
ملتفت	fa	مَلْتَفِتْ
ملحق	fa	مَلَحِقْ
ملخ	fa	مَلِخْ
ملس	fa	مَلِسْ
ملعقه	fa	مَلْعَقه
ملل	fa	مَلِلْ
ملموس	fa	مَلَموسْ
ملک	fa	مَلِکْ
ملک	fa	مَلِکْ
ملک	fa	مَلَکْ
ملک	fa	مَلَکْ
ملکه	fa	مَلِکه
ملکوت	fa	مَلِکوتْ
ملیح	fa	مَلیحْ
ممتاز	fa	مَمَتازْ
ممرز	fa	مَمَرِزْ
مملکت	fa	مَمْلَکِتْ
ممنوع	fa	مَمَنوعْ
ممنون	fa	مَمَنونْ
ممنونم	fa	مَمَنونِمْ
ممکن	fa	مَمَکِنْ
من	fa	مَنْ
منابع	fa	مَنابِعْ
منات	fa	مَناتْ
مناجات	fa	مَناجاتْ
منادی	fa	مَنادی
منازعه	fa	مَنازِعه
منازل	fa	مَنازِلْ
مناسب	fa	مَناسِبْ
مناسبت	fa	مَناسِبِتْ
مناسک	fa	مَناسِکْ
مناظر	fa	مَناظِرْ
مناظره	fa	مَناظِره
منافع	fa	مَنافِعْ
مناقشه	fa	مَناقِشه
منامه	fa	مَنامه
منبع	fa	مَنَبِعْ
منتشر	fa	مَنْتَشِرْ
منتظر	fa	مَنْتَظِرْ
منتفی	fa	مَنْتَفی
منتقد	fa	مَنْتَقِدْ
منتقل	fa	مَنْتَقِلْ
منتها	fa	مَنْتها
منتو	fa	مَنَتو
منجاء	fa	مَنَجاءْ
منجمد	fa	مَنْجَمِدْ
منجنیق	fa	مَنْجَنیقْ
منجی	fa	مَنَجی
منحرف	fa	مَنْحَرِفْ
منحصر	fa	مَنْحَصِرْ
منخر	fa	مَنَخِرْ
مندرج	fa	مَنْدَرِجْ
مندل	fa	مَنَدِلْ
مندن	fa	مَنَدِنْ
منزجر	fa	مَنْزَجِرْ
منزل	fa	مَنَزِلْ
منزلت	fa	مَنْزَلِتْ
منزی	fa	مَنَزی
منسجم	fa	مَنْسَجِمْ
منسوخ	fa	مَنَسوخْ
منش	fa	مَنِشْ
منشار	fa	مَنَشارْ
منشور	fa	مَنَشورْ
منشی	fa	مَنَشی
منصف	fa	مَنَصِفْ
منصوب	fa	مَنَصوبْ
منطبق	fa	مَنْطَبِقْ
منطق	fa	مَنَطِقْ
منطقه	fa	مَنْطَقه
منطقی	fa	مَنْطَقی
منظر	fa	مَنَظِرْ
منظره	fa	مَنْظَره
منظور	fa	مَنَظورْ
منظومه	fa	مَنَظومه
منع	fa	مَنَعْ
منفجر	fa	مَنْفَجِرْ
منفرد	fa	مَنْفَرِدْ
منفعت	fa	مَنْفَعِتْ
منفعل	fa	مَنْفَعِلْ
منفور	fa	مَنَفورْ
منفی	fa	مَنَفی
منقاد	fa	مَنَقادْ
منقرض	fa	مَنْقَرِضْ
منقلب	fa	مَنْقَلِبْ
منو	fa	مَنو
منکوس	fa	مَنَکوسْ
منگنه	fa	مَنْگَنه
منگوش	fa	مَنَگوشْ
منی	fa	مَنی
منیر	fa	مَنیرْ
منیژه	fa	مَنیژه
مه	fa	مه
مه	fa	مه
مهاجر	fa	مهاجِرْ
مهاجرت	fa	مهاجِرِتْ
مهاجرت	fa	مهاجِرِتْ
مهاراجه	fa	مهاراجه
مهارت	fa	مهارِتْ
مهاچین	fa	مهاچینْ
مهبل	fa	مهبِلْ
مهبل	fa	مهبِلْ
مهبلی	fa	مهبَلی
مهتاب	fa	مهتابْ
مهتابی	fa	مهتابی
مهتر	fa	مهتِرْ
مهجور	fa	مهجورْ
مهد	fa	مهدْ
مهدی	fa	مهدی
مهدیقلی	fa	مهدیقِلی
مهر	fa	مهرْ
مهر	fa	مهرْ
مهر	fa	مهرْ
مهران	fa	مهرانْ
مهربان	fa	مهرَبانْ
مهربان	fa	مهرْبانْ
مهربانی	fa	مهرَبانی
مهرداد	fa	مهرْدادْ
مهره	fa	مهره
مهرگان	fa	مهرَگانْ
مهرگان	fa	مهرْگانْ
مهسا	fa	مهسا
مهلت	fa	مهلِتْ
مهلک	fa	مهلِکْ
مهمان	fa	مهمانْ
مهمانخانه	fa	مهمانَخانه
مهمانی	fa	مهمانی
مهموز	fa	مهموزْ
مهناز	fa	مهنازْ
مهیب	fa	مهیبْ
مهین	fa	مهینْ
مهین	fa	مهینْ
مهین	fa	مهینْ
مو	fa	مو
موبد	fa	موبِدْ
موجب	fa	موجِبْ
موحش	fa	موحِشْ
مور	fa	مورْ
مورا	fa	مورا
مورد	fa	مورَدْ
مورچه	fa	مورَچه
موز	fa	موزْ
موزه	fa	موزه
موسیقار	fa	موسیقارْ
موسیقایی	fa	موسیقایی
موسیقی	fa	موسیقی
موسیقی‌دان	fa	موسیقی‌دانْ
موسیقی‌دانان	fa	موسیقی‌دانانْ
موسیقی‌دان‌ها	fa	موسیقی‌دانَ‌ها
موسیقی‌شناس	fa	موسیقی‌شِناسْ
موسیقی‌شناسی	fa	موسیقی‌شِناسی
موش	fa	موشْ
موشک	fa	موشِکْ
مولتان	fa	مولَتانْ
موم	fa	مومْ
موم	fa	مومْ
مچ	fa	مَچْ
مژده	fa	مَژَده
مژدگانی	fa	مَژْدَگانی
مکاشفه	fa	مَکاشِفه
مکافات	fa	مَکافاتْ
مکالمه	fa	مَکالِمه
مکان	fa	مَکانْ
مکتب	fa	مَکَتِبْ
مکتوب	fa	مَکَتوبْ
مکر	fa	مَکَرْ
مکروه	fa	مَکَروه
مکوک	fa	مَکوکْ
مکیدن	fa	مَکیدِنْ
مگ	fa	مَگْ
مگر	fa	مَگِرْ
مگس	fa	مَگِسْ
میترا	fa	میتَرا
میثاق	fa	میثاقْ
میخ	fa	میخْ
میخچه	fa	میخَچه
میخی	fa	میخی
میده	fa	میده
میر	fa	میرْ
میرآب	fa	میرآبْ
میراث	fa	میراثْ
میرزا	fa	میرَزا
میرزاخانی	fa	میرَزاخانی
میرنده	fa	میرَنَده
میز	fa	میزْ
میز	fa	میزْ
میزان	fa	میزانْ
میزبان	fa	میزَبانْ
میزبان	fa	میزَبانْ
میش	fa	میشْ
میشین	fa	میشینْ
میعاد	fa	میعادْ
میغ	fa	میغْ
می	fa	می
میقات	fa	میقاتْ
میلاد	fa	میلادْ
میلاد	fa	میلادْ
میلادی	fa	میلادی
میله	fa	میله
مین	fa	مینْ
مینا	fa	مینا
مینو	fa	مینو
مینو	fa	مینو
می‌بخشین	fa	می‌بَخَشینْ
می‌رینی	fa	می‌رینی
نابرابری	fa	نابِرابِری
نابود	fa	نابودْ
نابکار	fa	نابِکارْ
نابینا	fa	نابینا
نابینا	fa	نابینا
نابینایی	fa	نابینایی
ناترون	fa	ناتَرونْ
ناتمام	fa	ناتِمامْ
ناخدا	fa	ناخِدا
ناخن	fa	ناخِنْ
ناخواسته	fa	ناخواسَته
نادار	fa	نادارْ
نادان	fa	نادانْ
نادر	fa	نادِرْ
نار	fa	نارْ
ناراحت	fa	ناراحِتْ
ناراضگی	fa	ناراضَگی
ناراضی	fa	ناراضی
نارسنگ	fa	نارْسَنَگْ
نارنج	fa	نارِنَجْ
نارنجک	fa	نارَنَجِکْ
نارنجی	fa	نارَنَجی
نارنگ	fa	نارِنَگْ
نارگیل	fa	نارَگیلْ
نارگیل	fa	نارَگیلْ
نارگیله	fa	نارَگیله
ناز	fa	نازْ
نازک	fa	نازِکْ
نازی	fa	نازی
نازیدن	fa	نازیدِنْ
ناس	fa	ناسْ
ناسزا	fa	ناسِزا
ناشتا	fa	ناشِتا
ناشتا	fa	ناشَتا
ناشناخت	fa	ناشِناخَتْ
ناشناس	fa	ناشِناسْ
ناشی	fa	ناشی
ناصح	fa	ناصِحْ
ناصره	fa	ناصِره
ناضل	fa	ناضِلْ
ناظر	fa	ناظِرْ
نا	fa	نا
ناف	fa	نافْ
نافذ	fa	نافِذْ
نافرمان	fa	نافَرَمانْ
نافرمانی	fa	نافَرَمانی
نافع	fa	نافِعْ
نافه	fa	نافه
ناقص	fa	ناقِصْ
ناقوس	fa	ناقوسْ
نالان	fa	نالانْ
ناله	fa	ناله
نالون	fa	نالونْ
نام	fa	نامْ
نامبردار	fa	نامَبَرَدارْ
نامدار	fa	نامَدارْ
نامرد	fa	نامِرَدْ
نامزد	fa	نامَزِدْ
نامزدی	fa	نامْزَدی
نامه	fa	نامه
ناموس	fa	ناموسْ
نامی	fa	نامی
نامیدن	fa	نامیدِنْ
نان	fa	نانْ
ناهار	fa	ناهارْ
ناهید	fa	ناهیدْ
ناپاز	fa	ناپازْ
ناپدید	fa	ناپِدیدْ
ناپسند	fa	ناپِسِنَدْ
ناچار	fa	ناچارْ
ناچخ	fa	ناچِخْ
ناچیز	fa	ناچیزْ
ناژو	fa	ناژو
ناک	fa	ناکْ
ناکام	fa	ناکامْ
ناکامی	fa	ناکامی
ناکجا	fa	ناکِجا
ناگزیر	fa	ناگِزیرْ
ناگفته	fa	ناگَفَته
نای	fa	نای
نایاب	fa	نایابْ
نبات	fa	نَباتْ
نباتی	fa	نَباتی
نبرد	fa	نَبِرَدْ
نبش	fa	نَبَشْ
نبض	fa	نَبَضْ
نبود	fa	نَبودْ
نبی	fa	نَبی
نبی	fa	نَبی
نبی	fa	نَبی
نبید	fa	نَبیدْ
نبیگ	fa	نَبیگْ
نتیجه	fa	نَتیجه
نثر	fa	نَثَرْ
نجات	fa	نَجاتْ
نجاح	fa	نَجاحْ
نجبا	fa	نَجِبا
نجس	fa	نَجِسْ
نجس	fa	نَجِسْ
نجف	fa	نَجِفْ
نجوم	fa	نَجومْ
نجومی	fa	نَجومی
نجیب	fa	نَجیبْ
نحیف	fa	نَحیفْ
نخ	fa	نَخْ
نخبه	fa	نَخَبه
نخست	fa	نَخِسَتْ
نخست	fa	نَخِسَتْ
نخستین	fa	نَخَسَتینْ
نخستین	fa	نَخَسَتینْ
نخل	fa	نَخَلْ
نخلستان	fa	نَخَلَسَتانْ
نخله	fa	نَخَله
نخود	fa	نَخودْ
نخچیر	fa	نَخَچیرْ
نخ‌ریسی	fa	نَخَ‌ریسی
ندا	fa	نَدا
ندارد	fa	نَدارِدْ
ندارم	fa	نَدارِمْ
نر	fa	نَرْ
نرجس	fa	نَرَجِسْ
نرخ	fa	نَرَخْ
نرخ	fa	نَرَخْ
نردبان	fa	نَرْدَبانْ
نردبان	fa	نَرْدْبانْ
نرده	fa	نَرَده
نرم	fa	نَرَمْ
نرمش	fa	نَرَمِشْ
نرگس	fa	نَرَگِسْ
نری	fa	نَری
نریمان	fa	نَریمانْ
نزار	fa	نَزارْ
نزاع	fa	نَزاعْ
نزاکت	fa	نَزاکِتْ
نزاکت	fa	نَزاکِتْ
نزد	fa	نَزَدَ
نزدیک	fa	نَزَدیکْ
نزدیکی	fa	نَزَدیکی
نزع	fa	نَزَعْ
نزم	fa	نَزَمْ
نسبت	fa	نَسَبِتْ
نسبی	fa	نَسِبی
نسبی	fa	نَسَبی
نسترن	fa	نَسْتَرِنْ
نستعلیق	fa	نَسَتَعَلیقْ
نستوه	fa	نَسَتوه
نسخ	fa	نَسَخْ
نسخه	fa	نَسَخه
نسر	fa	نَسَرْ
نسرین	fa	نَسَرینْ
نسل	fa	نَسَلْ
نسک	fa	نَسَکْ
نسیان	fa	نَسیانْ
نسیم	fa	نَسیمْ
نشاط	fa	نَشاطْ
نشان	fa	نَشانْ
نشاندن	fa	نَشانَدِنْ
نشانه	fa	نَشانه
نشانگر	fa	نَشانَگِرْ
نشانی	fa	نَشانی
نشدنی	fa	نَشِدِنی
نشست	fa	نَشِسَتْ
نشستن	fa	نَشَسَتِنْ
نشور	fa	نَشورْ
نشیمن	fa	نَشیمِنْ
نصب	fa	نَصَبْ
نصف	fa	نَصَفْ
نصوح	fa	نَصوحْ
نصیب	fa	نَصیبْ
نصیحت	fa	نَصیحِتْ
نطرون	fa	نَطَرونْ
نظارت	fa	نَظارِتْ
نظام	fa	نَظامْ
نظامی	fa	نَظامی
نظر	fa	نَظِرْ
نظرباز	fa	نَظَرَبازْ
نظیر	fa	نَظیرْ
نعره	fa	نَعَره
نعش	fa	نَعَشْ
نعل	fa	نَعَلْ
نعلبند	fa	نَعْلْبَنَدْ
نعناع	fa	نَعَناعْ
نعوظ	fa	نَعوظْ
نعیم	fa	نَعیمْ
نغز	fa	نَغَزْ
نغم	fa	نَغِمْ
نغم	fa	نَغَمْ
نغمه	fa	نَغَمه
نغول	fa	نَغولْ
نفاست	fa	نَفاسِتْ
نفاق	fa	نَفاقْ
نفت	fa	نَفَتْ
نفر	fa	نَفِرْ
نفرت	fa	نَفَرِتْ
نفرین	fa	نَفَرینْ
نفس	fa	نَفِسْ
نفس	fa	نَفَسْ
نفع	fa	نَفَعْ
نفیس	fa	نَفیسْ
نقاب	fa	نَقابْ
نقاب‌دار	fa	نَقابَ‌دارْ
نقد	fa	نَقَدْ
نقره	fa	نَقَره
نقش	fa	نَقَشْ
نقشبان	fa	نَقْشَبانْ
نقشبان	fa	نَقْشَبانْ
نقشبند	fa	نَقْشْبَنَدْ
نقشبندی	fa	نَقْشْبَنَدی
نقشه	fa	نَقَشه
نقص	fa	نَقَصْ
نقصان	fa	نَقَصانْ
نقض	fa	نَقَضْ
نقطه	fa	نَقَطه
نقل	fa	نَقَلْ
نقل	fa	نَقَلْ
نم	fa	نَمْ
نماز	fa	نَمازْ
نمازخانه	fa	نَمازَخانه
نمایان	fa	نَمایانْ
نمد	fa	نَمِدْ
نمسا	fa	نَمَسا
نمنگان	fa	نَمَنَگانْ
نمودار	fa	نَمودارْ
نمودار	fa	نَمودارْ
نمودار	fa	نَمودارْ
نمودن	fa	نَمودِنْ
نمودن	fa	نَمودِنْ
نمودن	fa	نَمودِنْ
نمونه	fa	نَمونه
نمونه	fa	نَمونه
نمونه	fa	نَمونه
نمک	fa	نَمِکْ
نمکدان	fa	نَمَکَدانْ
نمکین	fa	نَمِکینْ
نمکین	fa	نَمِکینْ
نمک‌گیر	fa	نَمَکَ‌گیرْ
نمی‌دانم	fa	نَمی‌دانِمْ
ننه	fa	نَنه
ننگ	fa	نَنَگْ
نهاد	fa	نهادْ
نهاد	fa	نهادْ
نهادن	fa	نهادِنْ
نهادی	fa	نهادی
نهار	fa	نهارْ
نهال	fa	نهالْ
نهالی	fa	نهالی
نهان	fa	نهانْ
نهان	fa	نهانْ
نهایی	fa	نهایی
نهج	fa	نهجْ
نهر	fa	نهرْ
نهره	fa	نهره
نهضت	fa	نهضِتْ
نهور	fa	نهورْ
نوبه	fa	نوبه
نوبی	fa	نوبی
نوتلا	fa	نوتِلا
نوح	fa	نوحْ
نور	fa	نورْ
نورانی	fa	نورانی
نورایی	fa	نورایی
نورستان	fa	نورَسَتانْ
نورسلطان	fa	نورَسَلَطانْ
نوز	fa	نوزْ
نوش	fa	نوشْ
نوشابه	fa	نوشابه
نوشیدن	fa	نوشیدِنْ
نوشیدنی	fa	نوشیدِنی
نوشین	fa	نوشینْ
نول	fa	نولْ
نوم	fa	نومْ
نوم	fa	نومْ
نون	fa	نونْ
نوک	fa	نوکْ
نپی	fa	نَپی
نپی	fa	نَپی
نژاد	fa	نَژادْ
نژادها	fa	نَژادها
نژادپرست	fa	نَژادْپَرِسَتْ
نژادی	fa	نَژادی
نک	fa	نَکْ
نک	fa	نَکْ
نکاح	fa	نَکاحْ
نکبت	fa	نَکَبِتْ
نکته	fa	نَکَته
نکره	fa	نَکِره
نکونام	fa	نَکونامْ
نگار	fa	نَگارْ
نگارخانه	fa	نَگارَخانه
نگارش	fa	نَگارِشْ
نگاره	fa	نَگاره
نگاشت	fa	نَگاشَتْ
نگاشتن	fa	نَگاشَتِنْ
نگال	fa	نَگالْ
نگاه	fa	نَگاه
نگران	fa	نَگِرانْ
نگرانی	fa	نَگِرانی
نگریستن	fa	نَگِریسَتِنْ
نگهبان	fa	نَگهبانْ
نگهدار	fa	نَگهدارْ
نگهداری	fa	نَگهداری
نگون	fa	نَگونْ
نگین	fa	نَگینْ
نی	fa	نی
نیرو	fa	نیرو
نیرومند	fa	نیرومِنَدْ
نیروگاه	fa	نیروگاه
نیز	fa	نیزْ
نیزه	fa	نیزه
نیست	fa	نیسَتْ
نیستی	fa	نیسَتی
نیشتر	fa	نیشَتِرْ
نیفه	fa	نیفه
نیل	fa	نیلْ
نیلوفر	fa	نیلوفِرْ
نیلی	fa	نیلی
نیم	fa	نیمْ
نیم	fa	نیمْ
نیمرخ	fa	نیمَرِخْ
نیمروز	fa	نیمَروزْ
نیمه	fa	نیمه
نیمه	fa	نیمه
نیک	fa	نیکْ
نیکو	fa	نیکو
نیکوکاری	fa	نیکوکاری
نیکی	fa	نیکی
هارون	fa	هارونْ
هاری	fa	هاری
هال	fa	هالْ
هاله	fa	هاله
هامون	fa	هامونْ
هود	fa	هودْ
هور	fa	هورْ
هوش	fa	هوشْ
هوشمند	fa	هوشْمَنَدْ
هوشنگ	fa	هوشِنَگْ
هوشیار	fa	هوشیارْ
هولاکو	fa	هولاکو
هومن	fa	هومِنْ
هوی	fa	هوی
هی	fa	هی
هیربد	fa	هیرَبِدْ
هیربد	fa	هیرَبِدْ
هیز	fa	هیزْ
هیزم	fa	هیزِمْ
هیل	fa	هیلْ
هین	fa	هینْ
هیچ	fa	هیچْ
هیچستان	fa	هیچَسَتانْ
هیچ‌جا	fa	هیچَ‌جا
هیچ‌کدام	fa	هیچْ‌کَدامْ
هیچ‌کس	fa	هیچَ‌کِسْ
پا	fa	پا
پا	fa	پا
پابرجا	fa	پابَرَجا
پابرهنه	fa	پابِرهنه
پابند	fa	پابِنَدْ
پاتنگان	fa	پاتَنَگانْ
پاجامه	fa	پاجامه
پاد	fa	پادْ
پاداش	fa	پاداشْ
پادشاه	fa	پادِشاه
پادشاه	fa	پادَشاه
پادشاهی	fa	پادِشاهی
پادشاهی	fa	پادَشاهی
پادوسپان	fa	پادوسَپانْ
پار	fa	پارْ
پارس	fa	پارَسْ
پارسا	fa	پارَسا
پارسال	fa	پارَسالْ
پارسه	fa	پارَسه
پارسی	fa	پارَسی
پارلمان	fa	پارْلَمانْ
پاره	fa	پاره
پارو	fa	پارو
پارچ	fa	پارَچْ
پارچه	fa	پارَچه
پارک	fa	پارَکْ
پارگین	fa	پارَگینْ
پاریس	fa	پاریسْ
پاس	fa	پاسْ
پاسارگاد	fa	پاسارَگادْ
پاسبان	fa	پاسَبانْ
پاسبانی	fa	پاسَبانی
پاسخ	fa	پاسِخْ
پاسدار	fa	پاسَدارْ
پاشدن	fa	پاشِدِنْ
پاشنا	fa	پاشَنا
پاشنه	fa	پاشَنه
پاشیدن	fa	پاشیدِنْ
پافشاری	fa	پافِشاری
پالاد	fa	پالادْ
پالان	fa	پالانْ
پالم	fa	پالِمْ
پالوده	fa	پالوده
پالیز	fa	پالیزْ
پامیر	fa	پامیرْ
پامیری	fa	پامیری
پانصد	fa	پانَصِدْ
پانید	fa	پانیدْ
پاپ	fa	پاپْ
پاپا	fa	پاپا
پاپتی	fa	پاپِتی
پاپوش	fa	پاپوشْ
پاچه	fa	پاچه
پاک	fa	پاکْ
پاکباز	fa	پاکَبازْ
پاکت	fa	پاکِتْ
پاکدامنی	fa	پاکَدامِنی
پاکستان	fa	پاکَسَتانْ
پاکستانی	fa	پاکَسَتانی
پاکی	fa	پاکی
پاکیزه	fa	پاکیزه
پاگشا	fa	پاگِشا
پای	fa	پای
پایان	fa	پایانْ
پایبند	fa	پایبَنَدْ
پایتخت	fa	پایتَخَتْ
پایجامه	fa	پایجامه
پایدار	fa	پایدارْ
پایداری	fa	پایداری
پایه	fa	پایه
پایگاه	fa	پایگاه
پاییدن	fa	پاییدِنْ
پاییز	fa	پاییزْ
پاییزی	fa	پاییزی
پایین	fa	پایینْ
پای‌بست	fa	پای‌بَسَتْ
پتنه	fa	پَتَنه
پته	fa	پَته
پتک	fa	پَتَکْ
پختم	fa	پَخَتِمْ
پختن	fa	پَخَتِنْ
پخته	fa	پَخَته
پخته	fa	پَخَته
پخش	fa	پَخَشْ
پدافند	fa	پَدافِنَدْ
پدر	fa	پَدِرْ
پدر	fa	پَدِرْ
پدر	fa	پَدِرْ
پدرام	fa	پَدَرامْ
پدرانه	fa	پَدِرانه
پدربزرگ	fa	پَدَرْبَزِرَگْ
پدید	fa	پَدیدْ
پدیدار	fa	پَدیدارْ
پدیده	fa	پَدیده
پر	fa	پَرْ
پر	fa	پَرْ
پراندن	fa	پَرانَدِنْ
پراپر	fa	پَراپِرْ
پراکنده	fa	پَراکَنَده
پراکندگی	fa	پَراکَنْدَگی
پرت	fa	پَرَتْ
پرتاب	fa	پَرَتابْ
پرتگال	fa	پَرْتَگالْ
پرتگاه	fa	پَرْتْگاه
پرخاش	fa	پَرَخاشْ
پرداختن	fa	پَرَداخَتِنْ
پردازش	fa	پَرَدازِشْ
پرده	fa	پَرَده
پردیس	fa	پَرَدیسْ
پررنگ	fa	پَرْرَنَگْ
پرس	fa	پَرَسْ
پرس	fa	پَرَسْ
پرسان	fa	پَرَسانْ
پرست	fa	پَرِسَتْ
پرستار	fa	پَرَسَتارْ
پرستو	fa	پَرَسَتو
پرستیدن	fa	پَرَسَتیدِنْ
پرسش	fa	پَرَسِشْ
پرسمان	fa	پَرْسَمانْ
پرسیدن	fa	پَرَسیدِنْ
پرش	fa	پَرِشْ
پرشور	fa	پَرَشورْ
پرطرفدار	fa	پَرْطَرَفَدارْ
پرماجرا	fa	پَرَماجِرا
پرمایه	fa	پَرَمایه
پرنج	fa	پَرِنَجْ
پرنج	fa	پَرِنَجْ
پرند	fa	پَرِنَدْ
پرنده	fa	پَرَنَده
پرندوش	fa	پَرَنَدوشْ
پرندگان	fa	پَرَنْدَگانْ
پرنگ	fa	پَرِنَگْ
پرنگ	fa	پَرِنَگْ
پرهون	fa	پَرهونْ
پرهیز	fa	پَرهیزْ
پرچم	fa	پَرَچِمْ
پرکار	fa	پَرَکارْ
پرگار	fa	پَرَگارْ
پرگاله	fa	پَرَگاله
پری	fa	پَری
پریدن	fa	پَریدِنْ
پریستان	fa	پَریسَتانْ
پریشان	fa	پَریشانْ
پریشب	fa	پَریشِبْ
پزشک	fa	پَزِشَکْ
پزشکی	fa	پَزَشَکی
پس	fa	پَسْ
پستان	fa	پَسَتانْ
پسته	fa	پَسَته
پسر	fa	پَسِرْ
پسر	fa	پَسِرْ
پسر	fa	پَسِرْ
پسند	fa	پَسِنَدْ
پسندیدن	fa	پَسَنَدیدِنْ
پسی	fa	پَسی
پسین	fa	پَسینْ
پس‌انداز	fa	پَسْ‌انَدازْ
پس‌لرزه	fa	پَسَ‌لَرَزه
پس‌کوچه	fa	پَسَ‌کوچه
پشت	fa	پَشَتْ
پشته	fa	پَشَته
پشتو	fa	پَشَتو
پشتو	fa	پَشَتو
پشتون	fa	پَشَتونْ
پشتک	fa	پَشَتِکْ
پشتی	fa	پَشَتی
پشتیبان	fa	پَشَتیبانْ
پشتیبانی	fa	پَشَتیبانی
پشم	fa	پَشَمْ
پشمالو	fa	پَشَمالو
پشمک	fa	پَشَمِکْ
پشمینه	fa	پَشَمینه
پشه	fa	پَشه
پشک	fa	پَشِکْ
پشیمان	fa	پَشیمانْ
پشیمانی	fa	پَشیمانی
پفیوز	fa	پَفیوزْ
پل	fa	پَلْ
پلاس	fa	پَلاسْ
پلان	fa	پَلانْ
پلان	fa	پْلانْ
پلاک	fa	پَلاکْ
پلخته	fa	پَلَخَته
پلنگ	fa	پَلِنَگْ
پلک	fa	پَلِکْ
پلک	fa	پَلَکْ
پلک	fa	پَلَکْ
پلک	fa	پَلَکْ
پلید	fa	پَلیدْ
پناه	fa	پَناه
پناهجو	fa	پَناهجو
پناهگاه	fa	پَناهگاه
پنبه	fa	پَنَبه
پنج	fa	پَنَجْ
پنجاب	fa	پَنَجابْ
پنجابی	fa	پَنَجابی
پنجاه	fa	پَنَجاه
پنجره	fa	پَنْجَره
پنجشیر	fa	پَنْجْشیرْ
پنجم	fa	پَنَجِمْ
پنجه	fa	پَنَجه
پنج‌شنبه	fa	پَنْجْ‌شَنَبه
پند	fa	پَنَدْ
پندار	fa	پَنَدارْ
پندک	fa	پَنَدِکْ
پنهان	fa	پَنهانْ
پنکه	fa	پَنَکه
پنگان	fa	پَنَگانْ
پنیر	fa	پَنیرْ
پهره	fa	پهره
پهلو	fa	پهلو
پهن	fa	پهنْ
پهنا	fa	پهنا
پودنه	fa	پودِنه
پودینه	fa	پودینه
پور	fa	پورْ
پوران‌دخت	fa	پورانْ‌دَخَتْ
پوره	fa	پوره
پوز	fa	پوزْ
پوزخند	fa	پوزْخَنَدْ
پوزش	fa	پوزِشْ
پوزه	fa	پوزه
پوست	fa	پوسَتْ
پوسته	fa	پوسَته
پوستین	fa	پوسَتینْ
پوست‌شناسی	fa	پوسْتْ‌شَناسی
پوسیدن	fa	پوسیدِنْ
پوسیده	fa	پوسیده
پوش	fa	پوشْ
پوشاندن	fa	پوشانَدِنْ
پوشاک	fa	پوشاکْ
پوشش	fa	پوشِشْ
پوشیدن	fa	پوشیدِنْ
پول	fa	پولْ
پول	fa	پولْ
پولاد	fa	پولادْ
پولدار	fa	پولَدارْ
پولس	fa	پولِسْ
پونه	fa	پونه
پوپک	fa	پوپِکْ
پوچ	fa	پوچْ
پوک	fa	پوکْ
پوکی	fa	پوکی
پچق	fa	پَچِقْ
پژمردن	fa	پَژَمَرَدِنْ
پژوهیدن	fa	پَژوهیدِنْ
پژوهیدن	fa	پَژوهیدِنْ
پگاه	fa	پَگاه
پیر	fa	پیرْ
پیرا	fa	پیرا
پیراستن	fa	پیراسَتِنْ
پیرامون	fa	پیرامونْ
پیرمرد	fa	پیرِمِرَدْ
پیرمرد	fa	پیرْمَرَدْ
پیروز	fa	پیروزْ
پیروزه	fa	پیروزه
پیروزی	fa	پیروزی
پیری	fa	پیری
پیس	fa	پیسْ
پیسه	fa	پیسه
پیش	fa	پیشْ
پیشاب	fa	پیشابْ
پیشامد	fa	پیشامِدْ
پیشانی	fa	پیشانی
پیشبند	fa	پیشْبَنَدْ
پیشتاز	fa	پیشَتازْ
پیشتخته	fa	پیشَتَخَته
پیشخدمت	fa	پیشَخَدَمِتْ
پیشرفت	fa	پیشْرَفَتْ
پیشرفته	fa	پیشَرَفَته
پیشمرگه	fa	پیشَمَرَگه
پیشنهاد	fa	پیشْنهادْ
پیشه	fa	پیشه
پیشکار	fa	پیشَکارْ
پیشگیر	fa	پیشَگیرْ
پیشگیری	fa	پیشَگیری
پیشی	fa	پیشی
پیشین	fa	پیشینْ
پیشینه	fa	پیشینه
پیش‌غذا	fa	پیشْ‌غَذا
پیف	fa	پیفْ
پیل	fa	پیلْ
پینکی	fa	پینِکی
پیه	fa	پیه
پیچ	fa	پیچْ
پیچاندن	fa	پیچانَدِنْ
پیچاپیچ	fa	پیچاپیچْ
پیچیدن	fa	پیچیدِنْ
پیژامه	fa	پیژامه
چا	fa	چا
چابک	fa	چابِکْ
چاتگام	fa	چاتَگامْ
چاد	fa	چادْ
چادر	fa	چادِرْ
چادر	fa	چادِرْ
چادر	fa	چادِرْ
چار	fa	چارْ
چارطاق	fa	چارَطاقْ
چاره	fa	چاره
چارک	fa	چارِکْ
چاریار	fa	چاریارْ
چاش	fa	چاشْ
چاشت	fa	چاشَتْ
چاشنی	fa	چاشَنی
چاق	fa	چاقْ
چاقو	fa	چاقو
چال	fa	چالْ
چالاک	fa	چالاکْ
چالش	fa	چالِشْ
چاله	fa	چاله
چامه	fa	چامه
چانه	fa	چانه
چاه	fa	چاه
چاپ	fa	چاپْ
چاپار	fa	چاپارْ
چاپلوس	fa	چاپَلوسْ
چاپگر	fa	چاپَگِرْ
چاکاچاک	fa	چاکاچاکْ
چاکر	fa	چاکِرْ
چای	fa	چای
چایخانه	fa	چایخانه
چایدان	fa	چایدانْ
چایی	fa	چایی
چای‌خانه	fa	چای‌خانه
چبوق	fa	چَبوقْ
چبوق	fa	چَبوقْ
چتر	fa	چَتَرْ
چترباز	fa	چَتْرْبازْ
چتری	fa	چَتَری
چتل	fa	چَتِلْ
چخیدن	fa	چَخیدِنْ
چدار	fa	چَدارْ
چدن	fa	چَدِنْ
چرا	fa	چَرا
چراغ	fa	چَراغْ
چراغ	fa	چَراغْ
چراغدان	fa	چَراغَدانْ
چراندن	fa	چَرانَدِنْ
چراگاه	fa	چَراگاه
چرایی	fa	چَرایی
چرب	fa	چَرَبْ
چربو	fa	چَرَبو
چربی	fa	چَرَبی
چرت	fa	چَرَتْ
چرت	fa	چَرَتْ
چرخ	fa	چَرَخْ
چرخش	fa	چَرَخِشْ
چرخه	fa	چَرَخه
چرخیدن	fa	چَرَخیدِنْ
چرم	fa	چَرَمْ
چرمه	fa	چَرَمه
چروک	fa	چَروکْ
چرک	fa	چَرَکْ
چرکس	fa	چَرَکِسْ
چرکسستان	fa	چَرْکَسَسَتانْ
چرکسی	fa	چَرْکَسی
چرکین	fa	چَرَکینْ
چریدن	fa	چَریدِنْ
چریک	fa	چَریکْ
چریک	fa	چَریکْ
چزمه	fa	چَزَمه
چسپ	fa	چَسَپْ
چسپاندن	fa	چَسَپانَدِنْ
چسپیدن	fa	چَسَپیدِنْ
چشم	fa	چَشَمْ
چشمان	fa	چَشَمانْ
چشمان	fa	چَشَمانْ
چشمه	fa	چَشَمه
چشمک	fa	چَشَمِکْ
چشمگیر	fa	چَشْمْگیرْ
چشم‌داشت	fa	چَشْمْ‌داشَتْ
چشم‌ها	fa	چَشْمْ‌ها
چشم‌ها	fa	چَشْمْ‌ها
چشم‌پوشی	fa	چَشْمْ‌پوشی
چشیدن	fa	چَشیدِنْ
چغاله	fa	چَغاله
چغد	fa	چَغَدْ
چغرات	fa	چَغَراتْ
چغندر	fa	چَغَنَدِرْ
چغندر	fa	چَغَنَدِرْ
چقدر	fa	چَقِدَرْ
چقر	fa	چَقِرْ
چل	fa	چَلْ
چل	fa	چَلْ
چلغوزه	fa	چَلَغوزه
چلم	fa	چَلِمْ
چلنگر	fa	چَلَنَگِرْ
چله	fa	چَله
چلیدن	fa	چَلیدِنْ
چلیپا	fa	چَلیپا
چم	fa	چَمْ
چمدان	fa	چَمِدانْ
چمن	fa	چَمِنْ
چمچه	fa	چَمَچه
چمچه	fa	چَمَچه
چمیدن	fa	چَمیدِنْ
چناب	fa	چَنابْ
چنار	fa	چَنارْ
چنان	fa	چَنانْ
چنانچه	fa	چَنانَچه
چنانکه	fa	چَنانَکه
چنته	fa	چَنَته
چند	fa	چَنَدْ
چندان	fa	چَنَدانْ
چندین	fa	چَنَدینْ
چنگ	fa	چَنَگْ
چنگال	fa	چَنَگالْ
چنگی	fa	چَنَگی
چنگیز	fa	چَنَگیزْ
چنگیزی	fa	چَنَگیزی
چنین	fa	چَنینْ
چه	fa	چه
چهار	fa	چهارْ
چهارباغ	fa	چهارَباغْ
چهارشنبه	fa	چهارَشَنَبه
چهارم	fa	چهارِمْ
چهارپایه	fa	چهارَپایه
چهاریار	fa	چهاریارْ
چهر	fa	چهرْ
چهره	fa	چهره
چو	fa	چو
چو	fa	چو
چوب	fa	چوبْ
چوبان	fa	چوبانْ
چوبدست	fa	چوبْدَسَتْ
چوجه	fa	چوجه
چوری	fa	چوری
چون	fa	چونْ
چونکه	fa	چونَکه
چوپ	fa	چوپْ
چوپان	fa	چوپانْ
چوچوله	fa	چوچوله
چپ	fa	چَپْ
چپاتی	fa	چَپاتی
چپت	fa	چَپِتْ
چکاچاک	fa	چَکاچاکْ
چکاچک	fa	چَکاچِکْ
چکره	fa	چَکَره
چکش	fa	چَکِشْ
چکمه	fa	چَکَمه
چکچاک	fa	چَکَچاکْ
چکیدن	fa	چَکیدِنْ
چکیده	fa	چَکیده
چگونه	fa	چَگونه
چی	fa	چی
چیدن	fa	چیدِنْ
چیره	fa	چیره
چیز	fa	چیزْ
چیزی	fa	چیزی
چیست	fa	چیسَتْ
چین	fa	چینْ
چینی	fa	چینی
ژاله	fa	ژاله
ژاژ	fa	ژاژْ
ژاژومک	fa	ژاژومِکْ
ژاژیدن	fa	ژاژیدِنْ
ژرف	fa	ژَرَفْ
ژرفا	fa	ژَرَفا
ژرفی	fa	ژَرَفی
ژغار	fa	ژَغارْ
ژم	fa	ژَمْ
ژنده	fa	ژَنَده
ژول	fa	ژولْ
ژولیدن	fa	ژولیدِنْ
ژولیده	fa	ژولیده
ژوژ	fa	ژوژْ
ژکفر	fa	ژَکَفِرْ
ژکفری	fa	ژَکْفَری
ژکیدن	fa	ژَکیدِنْ
ژی	fa	ژی
ژیرش	fa	ژیرِشْ
کابل	fa	کابِلْ
کابلی	fa	کابِلی
کابوس	fa	کابوسْ
کابین	fa	کابینْ
کاتب	fa	کاتِبْ
کاج	fa	کاجْ
کار	fa	کارْ
کارآمد	fa	کارآمِدْ
کارآگاه	fa	کارآگاه
کارا	fa	کارا
کاربر	fa	کارَبِرْ
کاربردی	fa	کارَبَرَدی
کاربری	fa	کارْبَری
کارخانه	fa	کارَخانه
کارد	fa	کارَدْ
کاردار	fa	کارَدارْ
کارزار	fa	کارَزارْ
کارساز	fa	کارَسازْ
کارفرما	fa	کارَفَرَما
کارمزد	fa	کارْمَزَدْ
کارمند	fa	کارْمَنَدْ
کارنامه	fa	کارَنامه
کارواژگان	fa	کارواژِگانْ
کارکرد	fa	کارْکَرَدْ
کارگاه	fa	کارَگاه
کارگر	fa	کارَگِرْ
کارگردان	fa	کارَگَرَدانْ
کاریز	fa	کاریزْ
کازه	fa	کازه
کاسب	fa	کاسِبْ
کاست	fa	کاسَتْ
کاستن	fa	کاسَتِنْ
کاستی	fa	کاسَتی
کاسه	fa	کاسه
کاش	fa	کاشْ
کاشانه	fa	کاشانه
کاشت	fa	کاشَتْ
کاشتن	fa	کاشَتِنْ
کاشغر	fa	کاشَغِرْ
کاشف	fa	کاشِفْ
کاظم	fa	کاظِمْ
کاغد	fa	کاغِدْ
کاغد	fa	کاغِدْ
کاغذ	fa	کاغِذْ
کافر	fa	کافِرْ
کافی	fa	کافی
کالا	fa	کالا
کالب	fa	کالِبْ
کالب	fa	کالِبْ
کالباس	fa	کالَباسْ
کالبد	fa	کالَبِدْ
کالبدشناس	fa	کالَبَدْشَناسْ
کالبدشناسی	fa	کالَبَدْشَناسی
کالینینگراد	fa	کالینینْگْرادْ
کام	fa	کامْ
کامران	fa	کامَرانْ
کامل	fa	کامِلْ
کامه	fa	کامه
کامیاب	fa	کامیابْ
کامیابی	fa	کامیابی
کامیار	fa	کامیارْ
کان	fa	کانْ
کانا	fa	کانا
کانادا	fa	کانادا
کانم	fa	کانِمْ
کانون	fa	کانونْ
کانی	fa	کانی
کاهو	fa	کاهو
کاپیسا	fa	کاپیسا
کاکا	fa	کاکا
کاکل	fa	کاکِلْ
کاکوتی	fa	کاکوتی
کباب	fa	کَبابْ
کباده	fa	کَباده
کبد	fa	کَبِدْ
کبر	fa	کَبِرْ
کبست	fa	کَبِسَتْ
کبوتر	fa	کَبوتِرْ
کبوتر	fa	کَبوتِرْ
کبود	fa	کَبودْ
کبود	fa	کَبودْ
کبک	fa	کَبَکْ
کبیر	fa	کَبیرْ
کتاب	fa	کَتابْ
کتابخانه	fa	کَتابَخانه
کتابدار	fa	کَتابَدارْ
کتابچه	fa	کَتابَچه
کتابی	fa	کَتابی
کتاب‌فروش	fa	کَتابْ‌فَروشْ
کتاب‌فروشی	fa	کَتابْ‌فَروشی
کتایون	fa	کَتایونْ
کتب	fa	کَتِبْ
کتبخانه	fa	کَتَبَخانه
کتبی	fa	کَتَبی
کتبی	fa	کَتِبی
کتخ	fa	کَتِخْ
کتخ	fa	کَتِخْ
کتغ	fa	کَتِغْ
کتف	fa	کَتَفْ
کتلت	fa	کَتَلِتْ
کتمان	fa	کَتَمانْ
کته	fa	کَته
کتی	fa	کَتی
کتیرا	fa	کَتیرا
کثافت	fa	کَثافِتْ
کثافت	fa	کَثافِتْ
کثیف	fa	کَثیفْ
کج	fa	کَجْ
کجا	fa	کَجا
کجک	fa	کَجِکْ
کخ	fa	کَخْ
کدام	fa	کَدامْ
کدبانو	fa	کَدَبانو
کدخدا	fa	کَدْخَدا
کده	fa	کَده
کدو	fa	کَدو
کر	fa	کَرْ
کرا	fa	کَرا
کراسه	fa	کَراسه
کراسه	fa	کَراسه
کرامت	fa	کَرامِتْ
کران	fa	کَرانْ
کراچی	fa	کَراچی
کرایه	fa	کَرایه
کرباس	fa	کَرَباسْ
کربلا	fa	کَرْبَلا
کربه	fa	کَرَبه
کرت	fa	کَرَتْ
کرته	fa	کَرَته
کرج	fa	کَرِجْ
کرجی	fa	کَرِجی
کرد	fa	کَرَدْ
کرد	fa	کَرَدْ
کردار	fa	کَرَدارْ
کردستان	fa	کَرَدَسَتانْ
کردم	fa	کَرَدِمْ
کردن	fa	کَرَدِنْ
کردنی	fa	کَرْدَنی
کردگار	fa	کَرْدَگارْ
کردی	fa	کَرَدی
کرس	fa	کَرَسْ
کرسی	fa	کَرَسی
کرشن	fa	کْرَشَنْ
کرفس	fa	کَرِفَسْ
کرم	fa	کَرِمْ
کرم	fa	کَرَمْ
کرم	fa	کَرَمْ
کرمان	fa	کَرَمانْ
کرمانشاه	fa	کَرَمانَشاه
کرنا	fa	کَرَنا
کرنج	fa	کَرِنَجْ
کرند	fa	کَرِنَدْ
کره	fa	کَره
کره	fa	کَره
کروش	fa	کَروشْ
کروگر	fa	کَروگِرْ
کرک	fa	کَرِکْ
کرک	fa	کَرَکْ
کرک	fa	کَرَکْ
کرکس	fa	کَرَکِسْ
کرگ	fa	کَرَگْ
کرگدن	fa	کَرْگَدِنْ
کری	fa	کَری
کریاس	fa	کَریاسْ
کریم	fa	کَریمْ
کریه	fa	کَریه
کزاز	fa	کَزازْ
کزین	fa	کَزینْ
کس	fa	کَسْ
کس	fa	کَسْ
کسب	fa	کَسَبْ
کسر	fa	کَسَرْ
کسشعر	fa	کَسِشِعَرْ
کسشعر	fa	کَسْشَعَرْ
کسنی	fa	کَسَنی
کسنی	fa	کَسَنی
کسی	fa	کَسی
کش	fa	کَشْ
کش	fa	کَشْ
کشاندن	fa	کَشانَدِنْ
کشاکش	fa	کَشاکِشْ
کشتار	fa	کَشَتارْ
کشتار	fa	کَشَتارْ
کشتن	fa	کَشَتِنْ
کشتن	fa	کَشَتِنْ
کشتگی	fa	کَشْتَگی
کشتی	fa	کَشَتی
کشتی	fa	کَشَتی
کشتی	fa	کَشَتی
کشتی‌گیر	fa	کَشَتی‌گیرْ
کشت‌زار	fa	کَشْتْ‌زارْ
کشد	fa	کَشِدْ
کشف	fa	کَشِفْ
کشف	fa	کَشَفْ
کشمش	fa	کَشَمِشْ
کشمکش	fa	کَشْمَکِشْ
کشمیر	fa	کَشَمیرْ
کشمیری	fa	کَشَمیری
کشک	fa	کَشِکْ
کشک	fa	کَشَکْ
کشک	fa	کَشِکْ
کشیدن	fa	کَشیدِنْ
کشیده	fa	کَشیده
کشیش	fa	کَشیشْ
کعبه	fa	کَعَبه
کف	fa	کَفْ
کفتار	fa	کَفَتارْ
کفن	fa	کَفِنْ
کفچه	fa	کَفَچه
کفگیر	fa	کَفَگیرْ
کل	fa	کَلْ
کلاته	fa	کَلاته
کلاس	fa	کَلاسْ
کلاغ	fa	کَلاغْ
کلاف	fa	کَلافْ
کلافه	fa	کَلافه
کلاله	fa	کَلاله
کلام	fa	کَلامْ
کلان	fa	کَلانْ
کلاه	fa	کَلاه
کلب	fa	کَلِبْ
کلب	fa	کَلَبْ
کلبه	fa	کَلَبه
کلس	fa	کَلَسْ
کلفت	fa	کَلِفَتْ
کلفخشنگ	fa	کَلِفَخْشَنَگْ
کلم	fa	کَلِمْ
کلمه	fa	کَلِمه
کلنگ	fa	کَلِنَگْ
کلک	fa	کَلَکْ
کلک	fa	کَلَکْ
کلکین	fa	کَلَکینْ
کلید	fa	کَلیدْ
کلید	fa	کَلیدْ
کلیسا	fa	کَلیسا
کلیمی	fa	کَلیمی
کلیچه	fa	کَلیچه
کم	fa	کَمْ
کمابیش	fa	کَمابیشْ
کماشیر	fa	کَماشیرْ
کمال	fa	کَمالْ
کمان	fa	کَمانْ
کمانچه	fa	کَمانَچه
کمانگر	fa	کَمانَگِرْ
کمبود	fa	کَمَبودْ
کمتر	fa	کَمَتِرْ
کمردرد	fa	کَمَرْدَرَدْ
کمزور	fa	کَمَزورْ
کمند	fa	کَمِنَدْ
کمون	fa	کَمونْ
کمک	fa	کَمِکْ
کمی	fa	کَمی
کمی	fa	کَمی
کمیاب	fa	کَمیابْ
کمین	fa	کَمینْ
کمینه	fa	کَمینه
کم‌بخت	fa	کَمْ‌بَخَتْ
کم‌مایه	fa	کَمَ‌مایه
کم‌کم	fa	کَمَ‌کِمْ
کن	fa	کَنْ
کن	fa	کَنْ
کنار	fa	کَنارْ
کنار	fa	کَنارْ
کنام	fa	کَنامْ
کنایه	fa	کَنایه
کنج	fa	کَنَجْ
کنجد	fa	کَنَجِدْ
کنجد	fa	کَنَجِدْ
کندر	fa	کَنَدِرْ
کندز	fa	کَنَدِزْ
کندن	fa	کَنَدِنْ
کنده	fa	کَنَده
کنده	fa	کَنَده
کندو	fa	کَنَدو
کنش	fa	کَنِشْ
کنشت	fa	کَنِشَتْ
کنشگر	fa	کَنَشَگِرْ
کنعان	fa	کَنَعانْ
کنفت	fa	کَنِفَتْ
کنم	fa	کَنِمْ
کنند	fa	کَنِنَدْ
کنه	fa	کَنه
کنون	fa	کَنونْ
کنونی	fa	کَنونی
کنگاش	fa	کَنَگاشْ
کنگاش	fa	کَنَگاشْ
کنگر	fa	کَنَگِرْ
کنگره	fa	کَنْگَره
کنی	fa	کَنی
کنید	fa	کَنیدْ
کنیسه	fa	کَنیسه
که	fa	که
کهربا	fa	کهرَبا
کهف	fa	کهفْ
کهنه	fa	کهنه
کهکشان	fa	کهکَشانْ
کهیر	fa	کهیرْ
کو	fa	کو
کو	fa	کو
کوب	fa	کوبْ
کوبیدن	fa	کوبیدِنْ
کوبیده	fa	کوبیده
کوتاه	fa	کوتاه
کوتاهی	fa	کوتاهی
کوتوله	fa	کوتوله
کود	fa	کودْ
کودک	fa	کودِکْ
کودکان	fa	کودِکانْ
کودکستان	fa	کودِکَسَتانْ
کودکی	fa	کودِکی
کور	fa	کورْ
کوره	fa	کوره
کوروش	fa	کوروشْ
کورکور	fa	کورَکورْ
کوزه	fa	کوزه
کوزه	fa	کوزه
کوسن	fa	کوسِنْ
کوسه	fa	کوسه
کوشان	fa	کوشانْ
کوشانشاه	fa	کوشانَشاه
کوشانی	fa	کوشانی
کوشش	fa	کوشِشْ
کوشک	fa	کوشَکْ
کوشیدن	fa	کوشیدِنْ
کوفتن	fa	کوفَتِنْ
کوفته	fa	کوفَته
کول	fa	کولْ
کولاک	fa	کولاکْ
کون	fa	کونْ
کونی	fa	کونی
کونیگسبرگ	fa	کونیگْسْبَرَگْ
کوه	fa	کوه
کوهان	fa	کوهانْ
کوهکن	fa	کوهکِنْ
کوه‌ها	fa	کوه‌ها
کوچ	fa	کوچْ
کوچه	fa	کوچه
کوچک	fa	کوچِکْ
کوچیدن	fa	کوچیدِنْ
کوکو	fa	کوکو
کپل	fa	کَپِلْ
کپی	fa	کَپی
کپیدن	fa	کَپیدِنْ
کچل	fa	کَچِلْ
کچل	fa	کَچِلْ
کژ	fa	کَژْ
کژدم	fa	کَژَدِمْ
کی	fa	کی
کیر	fa	کیرْ
کیرل	fa	کیرِلْ
کیسه	fa	کیسه
کیسینجر	fa	کیسینَجِرْ
کیش	fa	کیشْ
کیش‌مات	fa	کیشَ‌ماتْ
کیف	fa	کیفْ
کیلین	fa	کیلینْ
کیمخت	fa	کیمِخَتْ
کیمه	fa	کیمه
کیموس	fa	کیموسْ
کین	fa	کینْ
کینه	fa	کینه
گا	fa	گا
گاب	fa	گابْ
گاتا	fa	گاتا
گارفیلد	fa	گارَفیلَدْ
گاری	fa	گاری
گاز	fa	گازْ
گازر	fa	گازِرْ
گاس	fa	گاسْ
گاش	fa	گاشْ
گاف	fa	گافْ
گام	fa	گامْ
گاه	fa	گاه
گاهی	fa	گاهی
گاه‌شماری	fa	گاه‌شَماری
گبر	fa	گَبَرْ
گجرات	fa	گَجِراتْ
گجراتی	fa	گَجِراتی
گدا	fa	گَدا
گدا	fa	گَدا
گداختن	fa	گَداخَتِنْ
گدازه	fa	گَدازه
گدایی	fa	گَدایی
گذرنامه	fa	گَذَرَنامه
گذرگاه	fa	گَذَرَگاه
گذشتن	fa	گَذَشَتِنْ
گراز	fa	گَرازْ
گرامی	fa	گَرامی
گرامی	fa	گَرامی
گران	fa	گَرانْ
گران	fa	گَرانْ
گرانبها	fa	گَرانْبها
گراییدن	fa	گَراییدِنْ
گراییدن	fa	گَراییدِنْ
گربه	fa	گَرَبه
گرج	fa	گَرَجْ
گرجستان	fa	گَرَجَسَتانْ
گرد	fa	گَرَدْ
گرد	fa	گَرَدْ
گرد	fa	گَرَدْ
گرداب	fa	گَرَدابْ
گرداندن	fa	گَرَدانَدِنْ
گردش	fa	گَرَدِشْ
گردن	fa	گَرَدِنْ
گردنا	fa	گَرْدَنا
گردنبند	fa	گَرَدَنْبَنَدْ
گردون	fa	گَرَدونْ
گردکوه	fa	گَرْدْکوه
گردیدن	fa	گَرَدیدِنْ
گرز	fa	گَرَزْ
گرزمان	fa	گَرَزَمانْ
گرزن	fa	گَرَزِنْ
گرزه	fa	گَرَزه
گرسنه	fa	گَرَسَنه
گرسنگی	fa	گَرَسْنَگی
گرفت	fa	گَرِفَتْ
گرفتار	fa	گَرَفَتارْ
گرفتن	fa	گَرَفَتِنْ
گرم	fa	گَرَمْ
گرم	fa	گَرَمْ
گرما	fa	گَرَما
گرمابه	fa	گَرَمابه
گرمایی	fa	گَرَمایی
گرمخانه	fa	گَرْمْخانه
گرمسیر	fa	گَرْمْسیرْ
گرمی	fa	گَرَمی
گرنج	fa	گَرِنَجْ
گرنج	fa	گَرِنَجْ
گرودمان	fa	گَرودَمانْ
گروه	fa	گَروه
گروهی	fa	گَروهی
گروهی	fa	گَروهی
گرچ	fa	گَرِچْ
گرچ	fa	گَرَچْ
گرچ	fa	گَرِچْ
گرچ	fa	گَرَچْ
گرچه	fa	گَرَچه
گرگ	fa	گَرَگْ
گرگان	fa	گَرَگانْ
گریان	fa	گَریانْ
گریبان	fa	گَریبانْ
گریبان	fa	گَریبانْ
گریبان	fa	گَریبانْ
گریبان	fa	گَریبانْ
گریختن	fa	گَریخَتِنْ
گریز	fa	گَریزْ
گریزان	fa	گَریزانْ
گریزگاه	fa	گَریزَگاه
گریستن	fa	گَریسَتِنْ
گریگوری	fa	گَریگوری
گزاردن	fa	گَزارَدِنْ
گزارش	fa	گَزارِشْ
گزارشگر	fa	گَزارَشَگِرْ
گزاره	fa	گَزاره
گزاف	fa	گَزافْ
گزر	fa	گَزِرْ
گزند	fa	گَزِنَدْ
گزنده	fa	گَزَنَده
گزنه	fa	گَزِنه
گزیدن	fa	گَزیدِنْ
گزیدن	fa	گَزیدِنْ
گزینش	fa	گَزینِشْ
گزینه	fa	گَزینه
گساردن	fa	گَسارَدِنْ
گستاخ	fa	گَسَتاخْ
گستاخی	fa	گَسَتاخی
گستردن	fa	گَسَتَرَدِنْ
گسترده	fa	گَسَتَرَده
گسستن	fa	گَسَسَتِنْ
گسستن	fa	گَسَسَتِنْ
گسسته	fa	گَسَسَته
گسی	fa	گَسی
گسیل	fa	گَسیلْ
گش	fa	گَشْ
گش	fa	گَشْ
گشاد	fa	گَشادْ
گشادن	fa	گَشادِنْ
گشادی	fa	گَشادی
گشای	fa	گَشای
گشت	fa	گَشَتْ
گشتاسپ	fa	گَشَتاسَپْ
گشتن	fa	گَشَتِنْ
گشفتن	fa	گَشَفَتِنْ
گشن	fa	گَشَنْ
گشناب	fa	گَشَنابْ
گشنه	fa	گَشَنه
گشنیدن	fa	گَشَنیدِنْ
گشنیز	fa	گَشَنیزْ
گشودن	fa	گَشودِنْ
گفت	fa	گَفَتْ
گفتار	fa	گَفَتارْ
گفتمان	fa	گَفْتَمانْ
گفتن	fa	گَفَتِنْ
گفته	fa	گَفَته
گفتگو	fa	گَفْتْگو
گل	fa	گَلْ
گل	fa	گَلْ
گلاب	fa	گَلابْ
گلابی	fa	گَلابی
گلابی	fa	گَلابی
گلبرگ	fa	گَلْبَرَگْ
گلبن	fa	گَلَبِنْ
گلخانه	fa	گَلَخانه
گلدان	fa	گَلَدانْ
گلدسته	fa	گَلَدَسَته
گلزار	fa	گَلَزارْ
گلستان	fa	گَلَسَتانْ
گلستانی	fa	گَلَسَتانی
گلشن	fa	گَلَشِنْ
گلقند	fa	گَلْقَنَدْ
گلنار	fa	گَلَنارْ
گلناری	fa	گَلَناری
گله	fa	گَله
گلو	fa	گَلو
گلوله	fa	گَلوله
گلپر	fa	گَلَپِرْ
گلچه	fa	گَلَچه
گلچین	fa	گَلَچینْ
گلکنده	fa	گَلَکَنَده
گلی	fa	گَلی
گلی	fa	گَلی
گلیم	fa	گَلیمْ
گلیم	fa	گَلیمْ
گل‌فروش	fa	گَلْ‌فَروشْ
گل‌فروشی	fa	گَلْ‌فَروشی
گم	fa	گَمْ
گماشتن	fa	گَماشَتِنْ
گماشته	fa	گَماشَته
گمان	fa	گَمانْ
گمرک	fa	گَمَرِکْ
گمست	fa	گَمِسَتْ
گنامینو	fa	گَنامینو
گناه	fa	گَناه
گناهکار	fa	گَناهکارْ
گنبد	fa	گَنَبِدْ
گنبذ	fa	گَنَبِذْ
گنج	fa	گَنَجْ
گنجاندن	fa	گَنَجانَدِنْ
گنجشک	fa	گَنْجَشَکْ
گنجه	fa	گَنَجه
گنجور	fa	گَنَجورْ
گنجیدن	fa	گَنَجیدِنْ
گنجینه	fa	گَنَجینه
گندم	fa	گَنَدِمْ
گندنا	fa	گَنْدَنا
گنده	fa	گَنَده
گندیدن	fa	گَنَدیدِنْ
گندی‌شاپور	fa	گَنَدی‌شاپورْ
گنم	fa	گَنِمْ
گنگ	fa	گَنَگْ
گنگ	fa	گَنَگْ
گهیشت	fa	گهیشَتْ
گو	fa	گو
گودر	fa	گودِرْ
گور	fa	گورْ
گورخر	fa	گورَخِرْ
گورستان	fa	گورَسَتانْ
گورکانی	fa	گورَکانی
گورکن	fa	گورَکِنْ
گوز	fa	گوزْ
گوزیدن	fa	گوزیدِنْ
گوساله	fa	گوساله
گوسان	fa	گوسانْ
گوسفند	fa	گوسْفَنَدْ
گوسفند	fa	گوسْفَنَدْ
گوش	fa	گوشْ
گوشت	fa	گوشَتْ
گوشتی	fa	گوشَتی
گوشت‌خوار	fa	گوشْتْ‌خوارْ
گوشه	fa	گوشه
گوشی	fa	گوشی
گول	fa	گولْ
گون	fa	گونْ
گوناگون	fa	گوناگونْ
گونه	fa	گونه
گوپال	fa	گوپالْ
گوگرد	fa	گوگِرَدْ
گپ	fa	گَپْ
گچ	fa	گَچْ
گیتا	fa	گیتا
گیتار	fa	گیتارْ
گیتی	fa	گیتی
گیج	fa	گیجْ
گیر	fa	گیرْ
گیرم	fa	گیرِمْ
گیس	fa	گیسْ
گیسو	fa	گیسو
گیلاس	fa	گیلاسْ
گیلان	fa	گیلانْ
گیلانی	fa	گیلانی
گیک	fa	گیکْ
