敵わな	かなわな
か弱い	かよわい
か弱く	かよわく
か弱か	かよわか
か弱け	かよわけ
擽った	くすぐった
擽ら	くすぐら
擽り	くすぐり
擽る	くすぐる
擽れ	くすぐれ
擽ろ	くすぐろ
擽っ	くすぐっ
草臥れ	くたびれ
くっ付か	くっつか
くっ付き	くっつき
くっ付く	くっつく
くっ付け	くっつけ
くっ付こ	くっつこ
くっ付い	くっつい
拘ら	こだわら
拘り	こだわり
拘る	こだわる
拘れ	こだわれ
拘ろ	こだわろ
拘っ	こだわっ
執拗い	しつこい
執拗く	しつこく
執拗か	しつこか
執拗け	しつこけ
だらし無い	だらしない
だらし無く	だらしなく
だらし無か	だらしなか
だらし無け	だらしなけ
怠い	だるい
怠く	だるく
怠か	だるか
怠け	だるけ
詰らな	つまらな
とんでも無い	とんでもない
とんでも無く	とんでもなく
とんでも無か	とんでもなか
とんでも無け	とんでもなけ
蔓延ら	はびこら
蔓延り	はびこり
蔓延る	はびこる
蔓延れ	はびこれ
蔓延ろ	はびころ
蔓延っ	はびこっ
吹っ切れ	ふっきれ
ぶら下がら	ぶらさがら
ぶら下がり	ぶらさがり
ぶら下がる	ぶらさがる
ぶら下がれ	ぶらさがれ
ぶら下がろ	ぶらさがろ
ぶら下がっ	ぶらさがっ
ぶら下げ	ぶらさげ
藻掻か	もがか
藻掻き	もがき
藻掻く	もがく
藻掻け	もがけ
藻掻こ	もがこ
藻掻い	もがい
遣ら	やら
遣り	やり
遣る	やる
遣れ	やれ
遣ろ	やろ
遣っ	やっ
寄越さ	よこさ
寄越し	よこし
寄越す	よこす
寄越せ	よこせ
寄越そ	よこそ
蹌踉めか	よろめか
蹌踉めき	よろめき
蹌踉めく	よろめく
蹌踉めけ	よろめけ
蹌踉めこ	よろめこ
蹌踉めい	よろめい
哀れま	あわれま
哀れみ	あわれみ
哀れむ	あわれむ
哀れめ	あわれめ
哀れも	あわれも
哀れん	あわれん
愛し	いとし
悪い	わるい
悪く	わるく
悪か	わるか
悪け	わるけ
悪賢い	わるがしこい
悪賢く	わるがしこく
悪賢か	わるがしこか
悪賢け	わるがしこけ
握らさ	にぎらさ
握らし	にぎらし
握らす	にぎらす
握らせ	にぎらせ
握らそ	にぎらそ
握り締め	にぎりしめ
握ら	にぎら
握り	にぎり
握る	にぎる
握れ	にぎれ
握ろ	にぎろ
握っ	にぎっ
扱わ	あつかわ
扱い	あつかい
扱う	あつかう
扱え	あつかえ
扱お	あつかお
扱っ	あつかっ
安い	やすい
安く	やすく
安か	やすか
安け	やすけ
安っぽ	やすっぽ
暗い	くらい
暗く	くらく
暗か	くらか
暗け	くらけ
偉い	えらい
偉く	えらく
偉か	えらか
偉け	えらけ
囲わ	かこわ
囲い	かこい
囲う	かこう
囲え	かこえ
囲お	かこお
囲っ	かこっ
囲ま	かこま
囲み	かこみ
囲む	かこむ
囲め	かこめ
囲も	かこも
囲ん	かこん
委ね	ゆだね
威張ら	いばら
威張り	いばり
威張る	いばる
威張れ	いばれ
威張ろ	いばろ
威張っ	いばっ
意気込ま	いきごま
意気込み	いきごみ
意気込む	いきごむ
意気込め	いきごめ
意気込も	いきごも
意気込ん	いきごん
慰め	なぐさめ
易い	やすい
易く	やすく
易か	やすか
易け	やすけ
易し	やさし
し過ぎ	しすぎ
し続け	しつづけ
異なら	ことなら
異なり	ことなり
異なる	ことなる
異なれ	ことなれ
異なろ	ことなろ
異なっ	ことなっ
移さ	うつさ
移し	うつし
移す	うつす
移せ	うつせ
移そ	うつそ
移ら	うつら
移り	うつり
移る	うつる
移れ	うつれ
移ろ	うつろ
移っ	うつっ
萎え	なえ
萎れ	しおれ
違わ	ちがわ
違い	ちがい
違う	ちがう
違え	ちがえ
違お	ちがお
違っ	ちがっ
育た	そだた
育ち	そだち
育つ	そだつ
育て	そだて
育と	そだと
育っ	そだっ
育て上げ	そだてあげ
溢れ	あふれ
逸らさ	そらさ
逸らし	そらし
逸らす	そらす
逸らせ	そらせ
逸らそ	そらそ
依ら	よら
依り	より
依る	よる
依れ	よれ
依ろ	よろ
依っ	よっ
惹かれ	ひかれ
引き下がら	ひきさがら
引き下がり	ひきさがり
引き下がる	ひきさがる
引き下がれ	ひきさがれ
引き下がろ	ひきさがろ
引き下がっ	ひきさがっ
引き寄せ	ひきよせ
引き起こさ	ひきおこさ
引き起こし	ひきおこし
引き起こす	ひきおこす
引き起こせ	ひきおこせ
引き起こそ	ひきおこそ
引き継が	ひきつが
引き継ぎ	ひきつぎ
引き継ぐ	ひきつぐ
引き継げ	ひきつげ
引き継ご	ひきつご
引き継い	ひきつい
引き込ま	ひきこま
引き込み	ひきこみ
引き込む	ひきこむ
引き込め	ひきこめ
引き込も	ひきこも
引き込ん	ひきこん
引き取ら	ひきとら
引き取り	ひきとり
引き取る	ひきとる
引き取れ	ひきとれ
引き取ろ	ひきとろ
引き取っ	ひきとっ
引きずら	ひきずら
引きずり	ひきずり
引きずる	ひきずる
引きずれ	ひきずれ
引きずろ	ひきずろ
引きずっ	ひきずっ
引き締まら	ひきしまら
引き締まり	ひきしまり
引き締まる	ひきしまる
引き締まれ	ひきしまれ
引き締まろ	ひきしまろ
引き締まっ	ひきしまっ
引き抜か	ひきぬか
引き抜き	ひきぬき
引き抜く	ひきぬく
引き抜け	ひきぬけ
引き抜こ	ひきぬこ
引き抜い	ひきぬい
引き払わ	ひきはらわ
引き払い	ひきはらい
引き払う	ひきはらう
引き払え	ひきはらえ
引き払お	ひきはらお
引き払っ	ひきはらっ
引き分け	ひきわけ
引き返さ	ひきかえさ
引き返し	ひきかえし
引き返す	ひきかえす
引き返せ	ひきかえせ
引き返そ	ひきかえそ
引き戻さ	ひきもどさ
引き戻し	ひきもどし
引き戻す	ひきもどす
引き戻せ	ひきもどせ
引き戻そ	ひきもどそ
引き離さ	ひきはなさ
引き離し	ひきはなし
引き離す	ひきはなす
引き離せ	ひきはなせ
引き離そ	ひきはなそ
引き裂か	ひきさか
引き裂き	ひきさき
引き裂く	ひきさく
引き裂け	ひきさけ
引き裂こ	ひきさこ
引き裂い	ひきさい
引き連れ	ひきつれ
引か	ひか
引き	ひき
引く	ひく
引け	ひけ
引こ	ひこ
引い	ひい
ひっくり返ら	ひっくりかえら
ひっくり返り	ひっくりかえり
ひっくり返る	ひっくりかえる
ひっくり返れ	ひっくりかえれ
ひっくり返ろ	ひっくりかえろ
ひっくり返っ	ひっくりかえっ
引っ越さ	ひっこさ
引っ越し	ひっこし
引っ越す	ひっこす
引っ越せ	ひっこせ
引っ越そ	ひっこそ
引っかから	ひっかから
引っかかり	ひっかかり
引っかかる	ひっかかる
引っかかれ	ひっかかれ
引っかかろ	ひっかかろ
引っかかっ	ひっかかっ
引っ掛け	ひっかけ
引っ込ま	ひっこま
引っ込み	ひっこみ
引っ込む	ひっこむ
引っ込め	ひっこめ
引っ込も	ひっこも
引っ込ん	ひっこん
飲み回ら	のみまわら
飲み回り	のみまわり
飲み回る	のみまわる
飲み回れ	のみまわれ
飲み回ろ	のみまわろ
飲み回っ	のみまわっ
飲み干さ	のみほさ
飲み干し	のみほし
飲み干す	のみほす
飲み干せ	のみほせ
飲み干そ	のみほそ
飲ま	のま
飲み	のみ
飲む	のむ
飲め	のめ
飲も	のも
飲ん	のん
隠さ	かくさ
隠し	かくし
隠す	かくす
隠せ	かくせ
隠そ	かくそ
隠れ	かくれ
渦巻か	うずまか
渦巻き	うずまき
渦巻く	うずまく
渦巻け	うずまけ
渦巻こ	うずまこ
渦巻い	うずまい
運び出さ	はこびださ
運び出し	はこびだし
運び出す	はこびだす
運び出せ	はこびだせ
運び出そ	はこびだそ
運ば	はこば
運び	はこび
運ぶ	はこぶ
運べ	はこべ
運ぼ	はこぼ
運ん	はこん
営ま	いとなま
営み	いとなみ
営む	いとなむ
営め	いとなめ
営も	いとなも
営ん	いとなん
映ら	うつら
映り	うつり
映る	うつる
映れ	うつれ
映ろ	うつろ
映っ	うつっ
栄え	さかえ
泳が	およが
泳ぎ	およぎ
泳ぐ	およぐ
泳げ	およげ
泳ご	およご
泳い	およい
詠ま	よま
詠み	よみ
詠む	よむ
詠め	よめ
詠も	よも
詠ん	よん
鋭い	するどい
鋭く	するどく
鋭か	するどか
鋭け	するどけ
越さ	こさ
越し	ごし
越す	こす
越せ	こせ
越そ	こそ
沿わ	そわ
沿い	ぞい
沿う	そう
沿え	そえ
沿お	そお
沿っ	そっ
演じ	えんじ
煙い	けむい
煙く	けむく
煙か	けむか
煙け	けむけ
煙た	けむた
煙ら	けむら
煙り	けむり
煙る	けむる
煙れ	けむれ
煙ろ	けむろ
煙っ	けむっ
縁遠い	えんどおい
縁遠く	えんどおく
縁遠か	えんどおか
縁遠け	えんどおけ
遠い	とおい
遠く	とおく
遠か	とおか
遠け	とおけ
遠ざから	とおざから
遠ざかり	とおざかり
遠ざかる	とおざかる
遠ざかれ	とおざかれ
遠ざかろ	とおざかろ
遠ざかっ	とおざかっ
汚い	きたない
汚く	きたなく
汚か	きたなか
汚け	きたなけ
汚さ	よごさ
汚し	よごし
汚す	よごす
汚せ	よごせ
汚そ	よごそ
汚れ	よごれ
凹ま	へこま
凹み	くぼみ
凹む	へこむ
凹め	へこめ
凹も	へこも
凹ん	へこん
奥深い	おくふかい
奥深く	おくふかく
奥深か	おくふかか
奥深け	おくふかけ
応え	こたえ
応じ	おうじ
押さえ込ま	おさえこま
押さえ込み	おさえこみ
押さえ込む	おさえこむ
押さえ込め	おさえこめ
押さえ込も	おさえこも
押さえ込ん	おさえこん
押し寄せ	おしよせ
押し込ま	おしこま
押し込み	おしこみ
押し込む	おしこむ
押し込め	おしこめ
押し込も	おしこも
押し込ん	おしこん
押し切ら	おしきら
押し切り	おしきり
押し切る	おしきる
押し切れ	おしきれ
押し切ろ	おしきろ
押し切っ	おしきっ
押し通さ	おしとおさ
押し通し	おしとおし
押し通す	おしとおす
押し通せ	おしとおせ
押し通そ	おしとおそ
押し倒さ	おしたおさ
押し倒し	おしたおし
押し倒す	おしたおす
押し倒せ	おしたおせ
押し倒そ	おしたおそ
押し入ら	おしいら
押し入り	おしいり
押し入る	おしいる
押し入れ	おしいれ
押し入ろ	おしいろ
押し入っ	おしいっ
押し付け	おしつけ
押し黙ら	おしだまら
押し黙り	おしだまり
押し黙る	おしだまる
押し黙れ	おしだまれ
押し黙ろ	おしだまろ
押し黙っ	おしだまっ
押し戻さ	おしもどさ
押し戻し	おしもどし
押し戻す	おしもどす
押し戻せ	おしもどせ
押し戻そ	おしもどそ
押し立て	おしたて
押し流さ	おしながさ
押し流し	おしながし
押し流す	おしながす
押し流せ	おしながせ
押し流そ	おしながそ
押さ	おさ
押し	おし
押す	おす
押せ	おせ
押そ	おそ
横たわら	よこたわら
横たわり	よこたわり
横たわる	よこたわる
横たわれ	よこたわれ
横たわろ	よこたわろ
横たわっ	よこたわっ
横切ら	よこぎら
横切り	よこぎり
横切る	よこぎる
横切れ	よこぎれ
横切ろ	よこぎろ
横切っ	よこぎっ
殴ら	なぐら
殴り	なぐり
殴る	なぐる
殴れ	なぐれ
殴ろ	なぐろ
殴っ	なぐっ
黄色い	きいろい
黄色く	きいろく
黄色か	きいろか
黄色け	きいろけ
卸さ	おろさ
卸し	おろし
卸す	おろす
卸せ	おろせ
卸そ	おろそ
温い	ぬるい
温く	ぬるく
温か	ぬるか
温け	ぬるけ
下がら	さがら
下がり	さがり
下がる	さがる
下がれ	さがれ
下がろ	さがろ
下がっ	さがっ
下げ	さげ
下さ	くださ
下し	くだし
下す	くだす
下せ	くだせ
下そ	くだそ
下らな	くだらな
下ら	くだら
下り	くだり
下る	くだる
下れ	くだれ
下ろ	くだろ
下っ	くだっ
下回ら	したまわら
下回り	したまわり
下回る	したまわる
下回れ	したまわれ
下回ろ	したまわろ
下回っ	したまわっ
化け	ばけ
加え	くわえ
加わら	くわわら
加わり	くわわり
加わる	くわわる
加われ	くわわれ
加わろ	くわわろ
加わっ	くわわっ
可愛がら	かわいがら
可愛がり	かわいがり
可愛がる	かわいがる
可愛がれ	かわいがれ
可愛がろ	かわいがろ
可愛がっ	かわいがっ
可愛らし	かわいらし
可笑し	おかし
嫁が	とつが
嫁ぎ	とつぎ
嫁ぐ	とつぐ
嫁げ	とつげ
嫁ご	とつご
嫁い	とつい
果たさ	はたさ
果たし	はたし
果たす	はたす
果たせ	はたせ
果たそ	はたそ
果てしな	はてしな
歌い上げ	うたいあげ
稼が	かせが
稼ぎ	かせぎ
稼ぐ	かせぐ
稼げ	かせげ
稼ご	かせご
稼い	かせい
苛め	いじめ
過ぎ	すぎ
過ぎ去ら	すぎさら
過ぎ去り	すぎさり
過ぎ去る	すぎさる
過ぎ去れ	すぎされ
過ぎ去ろ	すぎさろ
過ぎ去っ	すぎさっ
過ごさ	すごさ
過ごし	すごし
過ごす	すごす
過ごせ	すごせ
過ごそ	すごそ
霞ま	かすま
霞み	かすみ
霞む	かすむ
霞め	かすめ
霞も	かすも
霞ん	かすん
芽生え	めばえ
会わ	あわ
会い	あい
会う	あう
会え	あえ
会お	あお
会っ	あっ
解か	とか
解き	とき
解く	とく
解け	とけ
解こ	とこ
解い	とい
回さ	まわさ
回し	まわし
回す	まわす
回せ	まわせ
回そ	まわそ
壊さ	こわさ
壊し	こわし
壊す	こわす
壊せ	こわせ
壊そ	こわそ
壊れ	こわれ
快い	こころよい
快く	こころよく
快か	こころよか
快け	こころよけ
怪しま	あやしま
怪しみ	あやしみ
怪しむ	あやしむ
怪しめ	あやしめ
怪しも	あやしも
怪しん	あやしん
懐かし	なつかし
懐かしま	なつかしま
懐かしみ	なつかしみ
懐かしむ	なつかしむ
懐かしめ	なつかしめ
懐かしも	なつかしも
懐かしん	なつかしん
戒め	いましめ
改まら	あらたまら
改まり	あらたまり
改まる	あらたまる
改まれ	あらたまれ
改まろ	あらたまろ
改まっ	あらたまっ
改め	あらため
開き直ら	ひらきなおら
開き直り	ひらきなおり
開き直る	ひらきなおる
開き直れ	ひらきなおれ
開き直ろ	ひらきなおろ
開き直っ	ひらきなおっ
開か	ひらか
開き	ひらき
開く	ひらく
開け	あけ
開こ	ひらこ
開い	ひらい
外さ	はずさ
外し	はずし
外す	はずす
外せ	はずせ
外そ	はずそ
外れ	はずれ
垣間見る	かいまみる
垣間見ま	かいまみま
垣間見た	かいまみた
垣間見て	かいまみて
垣間見な	かいまみな
垣間見ら	かいまみら
垣間見さ	かいまみさ
垣間見よ	かいまみよ
垣間見ろ	かいまみろ
垣間見れ	かいまみれ
垣間見ず	かいまみず
確かめ	たしかめ
覚え	おぼえ
覚まさ	さまさ
覚まし	さまし
覚ます	さます
覚ませ	さませ
覚まそ	さまそ
覚め	さめ
隔て	へだて
学ば	まなば
学び	まなび
学ぶ	まなぶ
学べ	まなべ
学ぼ	まなぼ
学ん	まなん
楽し	たのし
楽しま	たのしま
楽しみ	たのしみ
楽しむ	たのしむ
楽しめ	たのしめ
楽しも	たのしも
楽しん	たのしん
掛から	かから
掛かり	かかり
掛かる	かかる
掛かれ	かかれ
掛かろ	かかろ
掛かっ	かかっ
掛け	かけ
掛け合わ	かけあわ
掛け合い	かけあい
掛け合う	かけあう
掛け合え	かけあえ
掛け合お	かけあお
掛け合っ	かけあっ
裂か	さか
裂き	さき
裂く	さく
裂け	さけ
裂こ	さこ
裂い	さい
割り引か	わりびか
割り引き	わりびき
割り引く	わりびく
割り引け	わりびけ
割り引こ	わりびこ
割り引い	わりびい
割り出さ	わりださ
割り出し	わりだし
割り出す	わりだす
割り出せ	わりだせ
割り出そ	わりだそ
割り振ら	わりふら
割り振り	わりふり
割り振る	わりふる
割り振れ	わりふれ
割り振ろ	わりふろ
割り振っ	わりふっ
割り切ら	わりきら
割り切り	わりきり
割り切る	わりきる
割り切れ	わりきれ
割り切ろ	わりきろ
割り切っ	わりきっ
割り当て	わりあて
割ら	わら
割り	わり
割る	わる
割れ	われ
割ろ	わろ
割っ	わっ
括ら	くくら
括り	くくり
括る	くくる
括れ	くくれ
括ろ	くくろ
括っ	くくっ
渇か	かわか
渇き	かわき
渇く	かわく
渇け	かわけ
渇こ	かわこ
渇い	かわい
滑り込ま	すべりこま
滑り込み	すべりこみ
滑り込む	すべりこむ
滑り込め	すべりこめ
滑り込も	すべりこも
滑り込ん	すべりこん
滑り落ち	すべりおち
滑ら	すべら
滑り	ぬめり
滑る	すべる
滑れ	すべれ
滑ろ	すべろ
滑っ	すべっ
叶わ	かなわ
叶い	かない
叶う	かなう
叶え	かなえ
叶お	かなお
叶っ	かなっ
噛み付か	かみつか
噛み付き	かみつき
噛み付く	かみつく
噛み付け	かみつけ
噛み付こ	かみつこ
噛み付い	かみつい
噛ま	かま
噛み	かみ
噛む	かむ
噛め	かめ
噛も	かも
噛ん	かん
刈り込ま	かりこま
刈り込み	かりこみ
刈り込む	かりこむ
刈り込め	かりこめ
刈り込も	かりこも
刈り込ん	かりこん
刈り取ら	かりとら
刈り取り	かりとり
刈り取る	かりとる
刈り取れ	かりとれ
刈り取ろ	かりとろ
刈り取っ	かりとっ
刈ら	から
刈り	かり
刈る	かる
刈れ	かれ
刈ろ	かろ
刈っ	かっ
乾かさ	かわかさ
乾かし	かわかし
乾かす	かわかす
乾かせ	かわかせ
乾かそ	かわかそ
乾か	かわか
乾き	かわき
乾く	かわく
乾け	かわけ
乾こ	かわこ
乾い	かわい
寒い	さむい
寒く	さむく
寒か	さむか
寒け	さむけ
巻き込ま	まきこま
巻き込み	まきこみ
巻き込む	まきこむ
巻き込め	まきこめ
巻き込も	まきこも
巻き込ん	まきこん
巻き上げ	まきあげ
巻か	まか
巻き	まき
巻く	まく
巻け	まけ
巻こ	まこ
巻い	まい
喚か	わめか
喚き	わめき
喚く	わめく
喚け	わめけ
喚こ	わめこ
喚い	わめい
耐え	たえ
喧し	やかまし
寛が	くつろが
寛ぎ	くつろぎ
寛ぐ	くつろぐ
寛げ	くつろげ
寛ご	くつろご
寛い	くつろい
患わ	わずらわ
患い	わずらい
患う	わずらう
患え	わずらえ
患お	わずらお
患っ	わずらっ
感じ	かんじ
感じ取ら	かんじとら
感じ取り	かんじとり
感じ取る	かんじとる
感じ取れ	かんじとれ
感じ取ろ	かんじとろ
感じ取っ	かんじとっ
慣らさ	ならさ
慣らし	ならし
慣らす	ならす
慣らせ	ならせ
慣らそ	ならそ
慣れ	なれ
甘い	あまい
甘く	あまく
甘か	あまか
甘け	あまけ
甘え	あまえ
甘やかさ	あまやかさ
甘やかし	あまやかし
甘やかす	あまやかす
甘やかせ	あまやかせ
甘やかそ	あまやかそ
看る	みる
看ま	みま
看た	みた
看て	みて
看な	みな
看ら	みら
看さ	みさ
看よ	みよ
看ろ	みろ
看れ	みれ
看ず	みず
緩い	ゆるい
緩く	ゆるく
緩か	ゆるか
緩け	ゆるけ
緩ま	ゆるま
緩み	ゆるみ
緩む	ゆるむ
緩め	ゆるめ
緩も	ゆるも
緩ん	ゆるん
貫き通さ	つらぬきとおさ
貫き通し	つらぬきとおし
貫き通す	つらぬきとおす
貫き通せ	つらぬきとおせ
貫き通そ	つらぬきとおそ
貫か	つらぬか
貫き	つらぬき
貫く	つらぬく
貫け	つらぬけ
貫こ	つらぬこ
貫い	つらぬい
間に合わ	まにあわ
間に合い	まにあい
間に合う	まにあう
間に合え	まにあえ
間に合お	まにあお
間に合っ	まにあっ
間違え	まちがえ
陥ら	おちいら
陥り	おちいり
陥る	おちいる
陥れ	おちいれ
陥ろ	おちいろ
陥っ	おちいっ
丸め	まるめ
丸め込ま	まるめこま
丸め込み	まるめこみ
丸め込む	まるめこむ
丸め込め	まるめこめ
丸め込も	まるめこも
丸め込ん	まるめこん
含ま	ふくま
含み	ふくみ
含む	ふくむ
含め	ふくめ
含も	ふくも
含ん	ふくん
頑張ら	がんばら
頑張り	がんばり
頑張る	がんばる
頑張れ	がんばれ
頑張ろ	がんばろ
頑張っ	がんばっ
願い出る	ねがいでる
願い出ま	ねがいでま
願い出た	ねがいでた
願い出て	ねがいでて
願い出な	ねがいでな
願い出ら	ねがいでら
願い出さ	ねがいでさ
願い出よ	ねがいでよ
願い出ろ	ねがいでろ
願い出れ	ねがいでれ
願い出ず	ねがいでず
願わ	ねがわ
願い	ねがい
願う	ねがう
願え	ねがえ
願お	ねがお
願っ	ねがっ
企て	くわだて
企ま	たくらま
企み	たくらみ
企む	たくらむ
企め	たくらめ
企も	たくらも
企ん	たくらん
危う	あやう
危な	あぶな
危ぶま	あやぶま
危ぶみ	あやぶみ
危ぶむ	あやぶむ
危ぶめ	あやぶめ
危ぶも	あやぶも
危ぶん	あやぶん
喜ば	よろこば
喜び	よろこび
喜ぶ	よろこぶ
喜べ	よろこべ
喜ぼ	よろこぼ
喜ん	よろこん
嬉し	うれし
寄せ	よせ
寄せ付け	よせつけ
寄り集まら	よりあつまら
寄り集まり	よりあつまり
寄り集まる	よりあつまる
寄り集まれ	よりあつまれ
寄り集まろ	よりあつまろ
寄り集まっ	よりあつまっ
寄り添わ	よりそわ
寄り添い	よりそい
寄り添う	よりそう
寄り添え	よりそえ
寄り添お	よりそお
寄り添っ	よりそっ
寄ら	よら
寄り	より
寄る	よる
寄れ	よれ
寄ろ	よろ
寄っ	よっ
帰さ	かえさ
帰し	かえし
帰す	かえす
帰せ	かえせ
帰そ	かえそ
帰ら	かえら
帰り	かえり
帰る	かえる
帰れ	かえれ
帰ろ	かえろ
帰っ	かえっ
気遣わ	きづかわ
気遣い	きづかい
気遣う	きづかう
気遣え	きづかえ
気遣お	きづかお
気遣っ	きづかっ
気取ら	きどら
気取り	きどり
気取る	きどる
気取れ	きどれ
気取ろ	きどろ
気取っ	きどっ
祈ら	いのら
祈り	いのり
祈る	いのる
祈れ	いのれ
祈ろ	いのろ
祈っ	いのっ
記さ	しるさ
記し	しるし
記す	しるす
記せ	しるせ
記そ	しるそ
起き	おき
起き上がら	おきあがら
起き上がり	おきあがり
起き上がる	おきあがる
起き上がれ	おきあがれ
起き上がろ	おきあがろ
起き上がっ	おきあがっ
起こさ	おこさ
起こし	おこし
起こす	おこす
起こせ	おこせ
起こそ	おこそ
起こら	おこら
起こり	おこり
起こる	おこる
起これ	おこれ
起ころ	おころ
起こっ	おこっ
輝かし	かがやかし
輝か	かがやか
輝き	かがやき
輝く	かがやく
輝け	かがやけ
輝こ	かがやこ
輝い	かがやい
飢え	うえ
宜し	よろし
戯れ	たわむれ
欺か	あざむか
欺き	あざむき
欺く	あざむく
欺け	あざむけ
欺こ	あざむこ
欺い	あざむい
疑わ	うたがわ
疑い	うたがい
疑う	うたがう
疑え	うたがえ
疑お	うたがお
疑っ	うたがっ
疑わし	うたがわし
掬わ	すくわ
掬い	すくい
掬う	すくう
掬え	すくえ
掬お	すくお
掬っ	すくっ
吃ら	どもら
吃り	どもり
吃る	どもる
吃れ	どもれ
吃ろ	どもろ
吃っ	どもっ
詰まらせ	つまらせ
詰まら	つまら
詰まり	つまり
詰まる	つまる
詰まれ	つまれ
詰まろ	つまろ
詰まっ	つまっ
詰め	つめ
詰め掛け	つめかけ
詰め寄ら	つめよら
詰め寄り	つめより
詰め寄る	つめよる
詰め寄れ	つめよれ
詰め寄ろ	つめよろ
詰め寄っ	つめよっ
詰め込ま	つめこま
詰め込み	つめこみ
詰め込む	つめこむ
詰め込め	つめこめ
詰め込も	つめこも
詰め込ん	つめこん
逆らわ	さからわ
逆らい	さからい
逆らう	さからう
逆らえ	さからえ
逆らお	さからお
逆らっ	さからっ
逆上せ	のぼせ
久し	ひさし
休まら	やすまら
休まり	やすまり
休まる	やすまる
休まれ	やすまれ
休まろ	やすまろ
休まっ	やすまっ
休ま	やすま
休み	やすみ
休む	やすむ
休め	やすめ
休も	やすも
休ん	やすん
及ば	およば
及び	および
及ぶ	およぶ
及べ	およべ
及ぼ	およぼ
及ん	およん
及ぼさ	およぼさ
及ぼし	およぼし
及ぼす	およぼす
及ぼせ	およぼせ
及ぼそ	およぼそ
吸い込ま	すいこま
吸い込み	すいこみ
吸い込む	すいこむ
吸い込め	すいこめ
吸い込も	すいこも
吸い込ん	すいこん
吸い取ら	すいとら
吸い取り	すいとり
吸い取る	すいとる
吸い取れ	すいとれ
吸い取ろ	すいとろ
吸い取っ	すいとっ
吸わ	すわ
吸い	すい
吸う	すう
吸え	すえ
吸お	すお
吸っ	すっ
吸い上げ	すいあげ
急かさ	せかさ
急かし	せかし
急かす	せかす
急かせ	せかせ
急かそ	せかそ
急が	いそが
急ぎ	いそぎ
急ぐ	いそぐ
急げ	いそげ
急ご	いそご
急い	いそい
救わ	すくわ
救い	すくい
救う	すくう
救え	すくえ
救お	すくお
救っ	すくっ
求め	もとめ
汲み取ら	くみとら
汲み取り	くみとり
汲み取る	くみとる
汲み取れ	くみとれ
汲み取ろ	くみとろ
汲み取っ	くみとっ
汲ま	くま
汲み	くみ
汲む	くむ
汲め	くめ
汲も	くも
汲ん	くん
泣き叫ば	なきさけば
泣き叫び	なきさけび
泣き叫ぶ	なきさけぶ
泣き叫べ	なきさけべ
泣き叫ぼ	なきさけぼ
泣き叫ん	なきさけん
泣き崩れ	なきくずれ
泣か	なか
泣き	なき
泣く	なく
泣け	なけ
泣こ	なこ
泣い	ない
牛耳ら	ぎゅうじら
牛耳り	ぎゅうじり
牛耳る	ぎゅうじる
牛耳れ	ぎゅうじれ
牛耳ろ	ぎゅうじろ
牛耳っ	ぎゅうじっ
去ら	さら
去り	さり
去る	さる
去れ	され
去ろ	さろ
去っ	さっ
居合わせ	いあわせ
居座ら	いすわら
居座り	いすわり
居座る	いすわる
居座れ	いすわれ
居座ろ	いすわろ
居座っ	いすわっ
居残ら	いのこら
居残り	いのこり
居残る	いのこる
居残れ	いのこれ
居残ろ	いのころ
居残っ	いのこっ
居直ら	いなおら
居直り	いなおり
居直る	いなおる
居直れ	いなおれ
居直ろ	いなおろ
居直っ	いなおっ
居並ば	いならば
居並び	いならび
居並ぶ	いならぶ
居並べ	いならべ
居並ぼ	いならぼ
居並ん	いならん
拒ま	こばま
拒み	こばみ
拒む	こばむ
拒め	こばめ
拒も	こばも
拒ん	こばん
許さ	ゆるさ
許し	ゆるし
許す	ゆるす
許せ	ゆるせ
許そ	ゆるそ
漁ら	あさら
漁り	あさり
漁る	あさる
漁れ	あされ
漁ろ	あさろ
漁っ	あさっ
供え	そなえ
競わ	きそわ
競い	きそい
競う	きそう
競え	きそえ
競お	きそお
競っ	きそっ
競ら	せら
競り	せり
競る	せる
競れ	せれ
競ろ	せろ
叫ば	さけば
叫び	さけび
叫ぶ	さけぶ
叫べ	さけべ
叫ぼ	さけぼ
叫ん	さけん
強い	つよい
強く	つよく
強か	つよか
強け	つよけ
強まら	つよまら
強まり	つよまり
強まる	つよまる
強まれ	つよまれ
強まろ	つよまろ
強まっ	つよまっ
強め	つよめ
強請ら	ねだら
強請り	ねだり
強請る	ねだる
強請れ	ねだれ
強請ろ	ねだろ
強請っ	ねだっ
怯え	おびえ
恐ろし	おそろし
教え	おしえ
教え込ま	おしえこま
教え込み	おしえこみ
教え込む	おしえこむ
教え込め	おしえこめ
教え込も	おしえこも
教え込ん	おしえこん
教わら	おそわら
教わり	おそわり
教わる	おそわる
教われ	おそわれ
教わろ	おそわろ
教わっ	おそわっ
狂わ	くるわ
狂い	くるい
狂う	くるう
狂え	くるえ
狂お	くるお
狂っ	くるっ
狭い	せまい
狭く	せまく
狭か	せまか
狭け	せまけ
狭まら	せばまら
狭まり	せばまり
狭まる	せばまる
狭まれ	せばまれ
狭まろ	せばまろ
狭まっ	せばまっ
狭め	せばめ
脅さ	おどさ
脅し	おどし
脅す	おどす
脅せ	おどせ
脅そ	おどそ
興さ	おこさ
興し	おこし
興す	おこす
興せ	おこせ
興そ	おこそ
興味深い	きょうみぶかい
興味深く	きょうみぶかく
興味深か	きょうみぶかか
興味深け	きょうみぶかけ
響き渡ら	ひびきわたら
響き渡り	ひびきわたり
響き渡る	ひびきわたる
響き渡れ	ひびきわたれ
響き渡ろ	ひびきわたろ
響き渡っ	ひびきわたっ
響か	ひびか
響き	ひびき
響く	ひびく
響け	ひびけ
響こ	ひびこ
響い	ひびい
驚かさ	おどろかさ
驚かし	おどろかし
驚かす	おどろかす
驚かせ	おどろかせ
驚かそ	おどろかそ
驚か	おどろか
驚き	おどろき
驚く	おどろく
驚け	おどろけ
驚こ	おどろこ
驚い	おどろい
仰が	あおが
仰ぎ	あおぎ
仰ぐ	あおぐ
仰げ	あおげ
仰ご	あおご
仰い	あおい
凝ら	こら
凝り	こり
凝る	こる
凝れ	これ
凝ろ	ころ
凝っ	こっ
曲がら	まがら
曲がり	まがり
曲がる	まがる
曲がれ	まがれ
曲がろ	まがろ
曲がっ	まがっ
曲げ	まげ
努め	つとめ
勤め	つとめ
禁じ	きんじ
近い	ちかい
近く	ちかく
近か	ちかか
近け	ちかけ
近づか	ちかづか
近づき	ちかづき
近づく	ちかづく
近づけ	ちかづけ
近づこ	ちかづこ
近づい	ちかづい
近寄ら	ちかよら
近寄り	ちかより
近寄る	ちかよる
近寄れ	ちかよれ
近寄ろ	ちかよろ
近寄っ	ちかよっ
苦い	にがい
苦く	にがく
苦か	にがか
苦け	にがけ
苦し	くるし
苦しま	くるしま
苦しみ	くるしみ
苦しむ	くるしむ
苦しめ	くるしめ
苦しも	くるしも
苦しん	くるしん
駆け	かけ
駆け回ら	かけまわら
駆け回り	かけまわり
駆け回る	かけまわる
駆け回れ	かけまわれ
駆け回ろ	かけまわろ
駆け回っ	かけまわっ
駆け寄ら	かけよら
駆け寄り	かけより
駆け寄る	かけよる
駆け寄れ	かけよれ
駆け寄ろ	かけよろ
駆け寄っ	かけよっ
駆け込ま	かけこま
駆け込み	かけこみ
駆け込む	かけこむ
駆け込め	かけこめ
駆け込も	かけこも
駆け込ん	かけこん
駆け上がら	かけあがら
駆け上がり	かけあがり
駆け上がる	かけあがる
駆け上がれ	かけあがれ
駆け上がろ	かけあがろ
駆け上がっ	かけあがっ
駆け抜け	かけぬけ
駆り立て	かりたて
備え	そなえ
虚し	むなし
掘り下げ	ほりさげ
掘り起こさ	ほりおこさ
掘り起こし	ほりおこし
掘り起こす	ほりおこす
掘り起こせ	ほりおこせ
掘り起こそ	ほりおこそ
掘り出さ	ほりださ
掘り出し	ほりだし
掘り出す	ほりだす
掘り出せ	ほりだせ
掘り出そ	ほりだそ
掘り当て	ほりあて
掘ら	ほら
掘り	ほり
掘る	ほる
掘れ	ほれ
掘ろ	ほろ
掘っ	ほっ
繰り延べ	くりのべ
繰り下げ	くりさげ
繰り広げ	くりひろげ
繰り出さ	くりださ
繰り出し	くりだし
繰り出す	くりだす
繰り出せ	くりだせ
繰り出そ	くりだそ
繰り上げ	くりあげ
繰り返さ	くりかえさ
繰り返し	くりかえし
繰り返す	くりかえす
繰り返せ	くりかえせ
繰り返そ	くりかえそ
群がら	むらがら
群がり	むらがり
群がる	むらがる
群がれ	むらがれ
群がろ	むらがろ
群がっ	むらがっ
群れ	むれ
傾け	かたむけ
形作ら	かたちづくら
形作り	かたちづくり
形作る	かたちづくる
形作れ	かたちづくれ
形作ろ	かたちづくろ
形作っ	かたちづくっ
恵ま	めぐま
恵み	めぐみ
恵む	めぐむ
恵め	めぐめ
恵も	めぐも
恵ん	めぐん
掲げ	かかげ
携え	たずさえ
携わら	たずさわら
携わり	たずさわり
携わる	たずさわる
携われ	たずさわれ
携わろ	たずさわろ
携わっ	たずさわっ
敬わ	うやまわ
敬い	うやまい
敬う	うやまう
敬え	うやまえ
敬お	うやまお
敬っ	うやまっ
経た	たた
経ち	たち
経つ	たつ
経て	たて
経と	たと
経っ	たっ
経る	へる
経ま	へま
経な	へな
経ら	へら
経さ	へさ
経よ	へよ
経ろ	へろ
経れ	へれ
経ず	へず
継が	つが
継ぎ	つぎ
継ぐ	つぐ
継げ	つげ
継ご	つご
継い	つい
繋がら	つながら
繋がり	つながり
繋がる	つながる
繋がれ	つながれ
繋がろ	つながろ
繋がっ	つながっ
繋が	つなが
繋ぎ	つなぎ
繋ぐ	つなぐ
繋げ	つなげ
繋ご	つなご
繋い	つない
軽い	かるい
軽く	かるく
軽か	かるか
軽け	かるけ
迎え	むかえ
迎え撃た	むかえうた
迎え撃ち	むかえうち
迎え撃つ	むかえうつ
迎え撃て	むかえうて
迎え撃と	むかえうと
迎え撃っ	むかえうっ
迎え入れ	むかえいれ
打ち合わ	うちあわ
打ち合い	うちあい
打ち合う	うちあう
打ち合え	うちあえ
打ち合お	うちあお
打ち合っ	うちあっ
撃た	うた
撃ち	うち
撃つ	うつ
撃て	うて
撃と	うと
撃っ	うっ
欠かさ	かかさ
欠かし	かかし
欠かす	かかす
欠かせ	かかせ
欠かそ	かかそ
欠か	かか
欠き	かき
欠く	かく
欠け	かけ
欠こ	かこ
欠い	かい
決め	きめ
決め込ま	きめこま
決め込み	きめこみ
決め込む	きめこむ
決め込め	きめこめ
決め込も	きめこも
決め込ん	きめこん
決め付け	きめつけ
潔い	いさぎよい
潔く	いさぎよく
潔か	いさぎよか
潔け	いさぎよけ
結わ	ゆわ
結い	ゆい
結う	ゆう
結え	ゆえ
結お	ゆお
結っ	ゆっ
結びつか	むすびつか
結びつき	むすびつき
結びつく	むすびつく
結びつけ	むすびつけ
結びつこ	むすびつこ
結びつい	むすびつい
結ば	むすば
結び	むすび
結ぶ	むすぶ
結べ	むすべ
結ぼ	むすぼ
結ん	むすん
兼ね	かね
兼ね備え	かねそなえ
硬い	かたい
硬く	かたく
硬か	かたか
硬け	かたけ
堅苦し	かたくるし
嫌わ	きらわ
嫌い	きらい
嫌う	きらう
嫌え	きらえ
嫌お	きらお
嫌っ	きらっ
嫌らし	いやらし
建て	たて
捲ら	まくら
捲り	まくり
捲る	まくる
捲れ	まくれ
捲ろ	まくろ
捲っ	まくっ
見出さ	みいださ
見出し	みだし
見出す	みいだす
見出せ	みいだせ
見出そ	みいだそ
見え	みえ
見せびらかさ	みせびらかさ
見せびらかし	みせびらかし
見せびらかす	みせびらかす
見せびらかせ	みせびらかせ
見せびらかそ	みせびらかそ
見せ	みせ
見っともな	みっともな
見る	みる
見ま	みま
見た	みた
見て	みて
見な	みな
見ら	みら
見さ	みさ
見よ	みよ
見ろ	みろ
見れ	みれ
見ず	みず
見違え	みちがえ
見越さ	みこさ
見越し	みこし
見越す	みこす
見越せ	みこせ
見越そ	みこそ
見下さ	みくださ
見下し	みくだし
見下す	みくだす
見下せ	みくだせ
見下そ	みくだそ
見下ろさ	みおろさ
見下ろし	みおろし
見下ろす	みおろす
見下ろせ	みおろせ
見下ろそ	みおろそ
見回さ	みまわさ
見回し	みまわし
見回す	みまわす
見回せ	みまわせ
見回そ	みまわそ
見開か	みひらか
見開き	みひらき
見開く	みひらく
見開け	みひらけ
見開こ	みひらこ
見開い	みひらい
見極め	みきわめ
見苦し	みぐるし
見計らわ	みはからわ
見計らい	みはからい
見計らう	みはからう
見計らえ	みはからえ
見計らお	みはからお
見計らっ	みはからっ
見誤ら	みあやまら
見誤り	みあやまり
見誤る	みあやまる
見誤れ	みあやまれ
見誤ろ	みあやまろ
見誤っ	みあやまっ
見向か	みむか
見向き	みむき
見向く	みむく
見向け	みむけ
見向こ	みむこ
見向い	みむい
見合わ	みあわ
見合い	みあい
見合う	みあう
見合え	みあえ
見合お	みあお
見合っ	みあっ
見合わせ	みあわせ
見込ま	みこま
見込み	みこみ
見込む	みこむ
見込め	みこめ
見込も	みこも
見込ん	みこん
見失わ	みうしなわ
見失い	みうしない
見失う	みうしなう
見失え	みうしなえ
見失お	みうしなお
見失っ	みうしなっ
見捨て	みすて
見守ら	みまもら
見守り	みまもり
見守る	みまもる
見守れ	みまもれ
見守ろ	みまもろ
見守っ	みまもっ
見受け	みうけ
見習わ	みならわ
見習い	みならい
見習う	みならう
見習え	みならえ
見習お	みならお
見習っ	みならっ
見上げ	みあげ
見据え	みすえ
見晴らさ	みはらさ
見晴らし	みはらし
見晴らす	みはらす
見晴らせ	みはらせ
見晴らそ	みはらそ
見積もら	みつもら
見積もり	みつもり
見積もる	みつもる
見積もれ	みつもれ
見積もろ	みつもろ
見積もっ	みつもっ
見送ら	みおくら
見送り	みおくり
見送る	みおくる
見送れ	みおくれ
見送ろ	みおくろ
見送っ	みおくっ
見損なわ	みそこなわ
見損ない	みそこない
見損なう	みそこなう
見損なえ	みそこなえ
見損なお	みそこなお
見損なっ	みそこなっ
見張ら	みはら
見張り	みはり
見張る	みはる
見張れ	みはれ
見張ろ	みはろ
見張っ	みはっ
見直さ	みなおさ
見直し	みなおし
見直す	みなおす
見直せ	みなおせ
見直そ	みなおそ
見通さ	みとおさ
見通し	みとおし
見通す	みとおす
見通せ	みとおせ
見通そ	みとおそ
見渡さ	みわたさ
見渡し	みわたし
見渡す	みわたす
見渡せ	みわたせ
見渡そ	みわたそ
見当たら	みあたら
見当たり	みあたり
見当たる	みあたる
見当たれ	みあたれ
見当たろ	みあたろ
見当たっ	みあたっ
見透かさ	みすかさ
見透かし	みすかし
見透かす	みすかす
見透かせ	みすかせ
見透かそ	みすかそ
見抜か	みぬか
見抜き	みぬき
見抜く	みぬく
見抜け	みぬけ
見抜こ	みぬこ
見抜い	みぬい
見舞わ	みまわ
見舞い	みまい
見舞う	みまう
見舞え	みまえ
見舞お	みまお
見舞っ	みまっ
見分け	みわけ
見返さ	みかえさ
見返し	みかえし
見返す	みかえす
見返せ	みかえせ
見返そ	みかえそ
見落とさ	みおとさ
見落とし	みおとし
見落とす	みおとす
見落とせ	みおとせ
見落とそ	みおとそ
見立て	みたて
賢い	かしこい
賢く	かしこく
賢か	かしこか
賢け	かしこけ
険し	けわし
厳し	きびし
減らさ	へらさ
減らし	へらし
減らす	へらす
減らせ	へらせ
減らそ	へらそ
減ら	へら
減り	へり
減る	へる
減れ	へれ
減ろ	へろ
減っ	へっ
表さ	あらわさ
表し	あらわし
表す	あらわす
表せ	あらわせ
表そ	あらわそ
現れ	あらわれ
言い出さ	いいださ
言い出し	いいだし
言い出す	いいだす
言い出せ	いいだせ
言い出そ	いいだそ
言い切ら	いいきら
言い切り	いいきり
言い切る	いいきる
言い切れ	いいきれ
言い切ろ	いいきろ
言い切っ	いいきっ
言い張ら	いいはら
言い張り	いいはり
言い張る	いいはる
言い張れ	いいはれ
言い張ろ	いいはろ
言い張っ	いいはっ
言い渡さ	いいわたさ
言い渡し	いいわたし
言い渡す	いいわたす
言い渡せ	いいわたせ
言い渡そ	いいわたそ
言い表さ	いいあらわさ
言い表し	いいあらわし
言い表す	いいあらわす
言い表せ	いいあらわせ
言い表そ	いいあらわそ
言い聞かせ	いいきかせ
言い返さ	いいかえさ
言い返し	いいかえし
言い返す	いいかえす
言い返せ	いいかえせ
言い返そ	いいかえそ
限りな	かぎりな
限ら	かぎら
限り	かぎり
限る	かぎる
限れ	かぎれ
限ろ	かぎろ
限っ	かぎっ
古い	ふるい
古く	ふるく
古か	ふるか
古け	ふるけ
古び衰え	ふるびおとろえ
古臭い	ふるくさい
古臭く	ふるくさく
古臭か	ふるくさか
古臭け	ふるくさけ
呼びかけ	よびかけ
呼び寄せ	よびよせ
呼び起こさ	よびおこさ
呼び起こし	よびおこし
呼び起こす	よびおこす
呼び起こせ	よびおこせ
呼び起こそ	よびおこそ
呼び込ま	よびこま
呼び込み	よびこみ
呼び込む	よびこむ
呼び込め	よびこめ
呼び込も	よびこも
呼び込ん	よびこん
呼び止め	よびとめ
呼び出さ	よびださ
呼び出し	よびだし
呼び出す	よびだす
呼び出せ	よびだせ
呼び出そ	よびだそ
呼び戻さ	よびもどさ
呼び戻し	よびもどし
呼び戻す	よびもどす
呼び戻せ	よびもどせ
呼び戻そ	よびもどそ
呼ば	よば
呼び	よび
呼ぶ	よぶ
呼べ	よべ
呼ぼ	よぼ
呼ん	よん
固まら	かたまら
固まり	かたまり
固まる	かたまる
固まれ	かたまれ
固まろ	かたまろ
固まっ	かたまっ
固め	かため
戸惑わ	とまどわ
戸惑い	とまどい
戸惑う	とまどう
戸惑え	とまどえ
戸惑お	とまどお
戸惑っ	とまどっ
枯れ	かれ
誇ら	ほこら
誇り	ほこり
誇る	ほこる
誇れ	ほこれ
誇ろ	ほころ
誇っ	ほこっ
跨が	またが
跨ぎ	またぎ
跨ぐ	またぐ
跨げ	またげ
跨ご	またご
跨い	またい
顧み	かえりみ
呉れ	くれ
悟ら	さとら
悟り	さとり
悟る	さとる
悟れ	さとれ
悟ろ	さとろ
悟っ	さとっ
語らわ	かたらわ
語らい	かたらい
語らう	かたらう
語らえ	かたらえ
語らお	かたらお
語らっ	かたらっ
語り継が	かたりつが
語り継ぎ	かたりつぎ
語り継ぐ	かたりつぐ
語り継げ	かたりつげ
語り継ご	かたりつご
語り継い	かたりつい
語り合わ	かたりあわ
語り合い	かたりあい
語り合う	かたりあう
語り合え	かたりあえ
語り合お	かたりあお
語り合っ	かたりあっ
語ら	かたら
語り	かたり
語る	かたる
語れ	かたれ
語ろ	かたろ
語っ	かたっ
誤ら	あやまら
誤り	あやまり
誤る	あやまる
誤れ	あやまれ
誤ろ	あやまろ
誤っ	あやまっ
誤魔化さ	ごまかさ
誤魔化し	ごまかし
誤魔化す	ごまかす
誤魔化せ	ごまかせ
誤魔化そ	ごまかそ
交え	まじえ
交わら	まじわら
交わり	まじわり
交わる	まじわる
交われ	まじわれ
交わろ	まじわろ
交わっ	まじわっ
光り輝か	ひかりかがやか
光り輝き	ひかりかがやき
光り輝く	ひかりかがやく
光り輝け	ひかりかがやけ
光り輝こ	ひかりかがやこ
光り輝い	ひかりかがやい
光ら	ひから
光り	ひかり
光る	ひかる
光れ	ひかれ
光ろ	ひかろ
光っ	ひかっ
厚い	あつい
厚く	あつく
厚か	あつか
厚け	あつけ
厚かまし	あつかまし
口説か	くどか
口説き	くどき
口説く	くどく
口説け	くどけ
口説こ	くどこ
口説い	くどい
口走ら	くちばしら
口走り	くちばしり
口走る	くちばしる
口走れ	くちばしれ
口走ろ	くちばしろ
口走っ	くちばしっ
口ごもら	くちごもら
口ごもり	くちごもり
口ごもる	くちごもる
口ごもれ	くちごもれ
口ごもろ	くちごもろ
口ごもっ	くちごもっ
向き合わ	むきあわ
向き合い	むきあい
向き合う	むきあう
向き合え	むきあえ
向き合お	むきあお
向き合っ	むきあっ
向か	むか
向き	むき
向く	むく
向け	むけ
向こ	むこ
向い	むかい
好まし	このまし
好ま	このま
好み	このみ
好む	このむ
好め	このめ
好も	このも
好ん	このん
広い	ひろい
広く	ひろく
広か	ひろか
広け	ひろけ
広まら	ひろまら
広まり	ひろまり
広まる	ひろまる
広まれ	ひろまれ
広まろ	ひろまろ
広まっ	ひろまっ
広め	ひろめ
慌ただし	あわただし
慌て	あわて
控え	ひかえ
攻め	せめ
更け	ふけ
構わ	かまわ
構い	かまい
構う	かまう
構え	かまえ
構お	かまお
構っ	かまっ
甲高い	かんだかい
甲高く	かんだかく
甲高か	かんだかか
甲高け	かんだかけ
耕さ	たがやさ
耕し	たがやし
耕す	たがやす
耕せ	たがやせ
耕そ	たがやそ
考え	かんがえ
考え込ま	かんがえこま
考え込み	かんがえこみ
考え込む	かんがえこむ
考え込め	かんがえこめ
考え込も	かんがえこも
考え込ん	かんがえこん
考え出さ	かんがえださ
考え出し	かんがえだし
考え出す	かんがえだす
考え出せ	かんがえだせ
考え出そ	かんがえだそ
考え直さ	かんがえなおさ
考え直し	かんがえなおし
考え直す	かんがえなおす
考え直せ	かんがえなおせ
考え直そ	かんがえなおそ
荒い	あらい
荒く	あらく
荒か	あらか
荒け	あらけ
荒っぽ	あらっぽ
荒らさ	あらさ
荒らし	あらし
荒らす	あらす
荒らせ	あらせ
荒らそ	あらそ
荒れ	あれ
行き交わ	ゆきかわ
行き交い	ゆきかい
行き交う	ゆきかう
行き交え	ゆきかえ
行き交お	ゆきかお
行き交っ	ゆきかっ
行き届か	いきとどか
行き届き	いきとどき
行き届く	いきとどく
行き届け	いきとどけ
行き届こ	いきとどこ
行き届い	いきとどい
降り出さ	ふりださ
降り出し	ふりだし
降り出す	ふりだす
降り出せ	ふりだせ
降り出そ	ふりだそ
降り注が	ふりそそが
降り注ぎ	ふりそそぎ
降り注ぐ	ふりそそぐ
降り注げ	ふりそそげ
降り注ご	ふりそそご
降り注い	ふりそそい
降ら	ふら
降り	ふり
降る	ふる
降れ	ふれ
降ろ	ふろ
降っ	ふっ
高い	たかい
高く	たかく
高か	たかか
高け	たかけ
高まら	たかまら
高まり	たかまり
高まる	たかまる
高まれ	たかまれ
高まろ	たかまろ
高まっ	たかまっ
高め	たかめ
合わ	あわ
合い	あい
合う	あう
合え	あえ
合お	あお
合っ	あっ
合わさ	あわさ
合わし	あわし
合わす	あわす
合わせ	あわせ
合わそ	あわそ
刻ま	きざま
刻み	きざみ
刻む	きざむ
刻め	きざめ
刻も	きざも
刻ん	きざん
告げ	つげ
黒い	くろい
黒く	くろく
黒か	くろか
黒け	くろけ
黒っぽ	くろっぽ
腰掛け	こしかけ
暈け	ぼけ
惚れ	ほれ
混み合わ	こみあわ
混み合い	こみあい
混み合う	こみあう
混み合え	こみあえ
混み合お	こみあお
混み合っ	こみあっ
込め	こめ
困り果て	こまりはて
困ら	こまら
困り	こまり
困る	こまる
困れ	こまれ
困ろ	こまろ
困っ	こまっ
恨ま	うらま
恨み	うらみ
恨む	うらむ
恨め	うらめ
恨も	うらも
恨ん	うらん
根ざさ	ねざさ
根ざし	ねざし
根ざす	ねざす
根ざせ	ねざせ
根ざそ	ねざそ
根強い	ねづよい
根強く	ねづよく
根強か	ねづよか
根強け	ねづよけ
根深い	ねぶかい
根深く	ねぶかく
根深か	ねぶかか
根深け	ねぶかけ
混ぜ	まぜ
唆さ	そそのかさ
唆し	そそのかし
唆す	そそのかす
唆せ	そそのかせ
唆そ	そそのかそ
差し押さえ	さしおさえ
差し掛から	さしかから
差し掛かり	さしかかり
差し掛かる	さしかかる
差し掛かれ	さしかかれ
差し掛かろ	さしかかろ
差し掛かっ	さしかかっ
差し控え	さしひかえ
差し込ま	さしこま
差し込み	さしこみ
差し込む	さしこむ
差し込め	さしこめ
差し込も	さしこも
差し込ん	さしこん
差し支え	さしつかえ
差し出さ	さしださ
差し出し	さしだし
差し出す	さしだす
差し出せ	さしだせ
差し出そ	さしだそ
差し上げ	さしあげ
差し伸べ	さしのべ
差し入れ	さしいれ
差し戻さ	さしもどさ
差し戻し	さしもどし
差し戻す	さしもどす
差し戻せ	さしもどせ
差し戻そ	さしもどそ
差さ	ささ
差し	さし
差す	さす
差せ	させ
差そ	さそ
座り込ま	すわりこま
座り込み	すわりこみ
座り込む	すわりこむ
座り込め	すわりこめ
座り込も	すわりこも
座り込ん	すわりこん
座ら	すわら
座り	すわり
座る	すわる
座れ	すわれ
座ろ	すわろ
座っ	すわっ
催さ	もよおさ
催し	もよおし
催す	もよおす
催せ	もよおせ
催そ	もよおそ
彩ら	いろどら
彩り	いろどり
彩る	いろどる
彩れ	いろどれ
彩ろ	いろどろ
彩っ	いろどっ
済まさ	すまさ
済まし	すまし
済ます	すます
済ませ	すませ
済まそ	すまそ
済ま	すま
済み	すみ
済む	すむ
済め	すめ
済も	すも
済ん	すん
砕か	くだか
砕き	くだき
砕く	くだく
砕け	くだけ
砕こ	くだこ
砕い	くだい
祭ら	まつら
祭り	まつり
祭る	まつる
祭れ	まつれ
祭ろ	まつろ
祭っ	まつっ
細い	ほそい
細く	ほそく
細か	こまか
細け	ほそけ
細長い	ほそながい
細長く	ほそながく
細長か	ほそながか
細長け	ほそながけ
裁か	さばか
裁き	さばき
裁く	さばく
裁け	さばけ
裁こ	さばこ
裁い	さばい
裁た	たた
裁ち	たち
裁つ	たつ
裁て	たて
裁と	たと
裁っ	たっ
際立た	きわだた
際立ち	きわだち
際立つ	きわだつ
際立て	きわだて
際立と	きわだと
際立っ	きわだっ
冴え	さえ
咲き乱れ	さきみだれ
咲か	さか
咲き	さき
咲く	さく
咲け	さけ
咲こ	さこ
咲い	さい
作り出さ	つくりださ
作り出し	つくりだし
作り出す	つくりだす
作り出せ	つくりだせ
作り出そ	つくりだそ
作り上げ	つくりあげ
作り直さ	つくりなおさ
作り直し	つくりなおし
作り直す	つくりなおす
作り直せ	つくりなおせ
作り直そ	つくりなおそ
削り取ら	けずりとら
削り取り	けずりとり
削り取る	けずりとる
削り取れ	けずりとれ
削り取ろ	けずりとろ
削り取っ	けずりとっ
削ら	けずら
削り	けずり
削る	けずる
削れ	けずれ
削ろ	けずろ
削っ	けずっ
刷り込ま	すりこま
刷り込み	すりこみ
刷り込む	すりこむ
刷り込め	すりこめ
刷り込も	すりこも
刷り込ん	すりこん
刷ら	すら
刷り	すり
刷る	する
刷れ	すれ
刷ろ	すろ
刷っ	すっ
撮ら	とら
撮り	とり
撮る	とる
撮れ	とれ
撮ろ	とろ
撮っ	とっ
擦ら	すら
擦り	すり
擦る	する
擦れ	すれ
擦ろ	すろ
擦っ	すっ
殺さ	ころさ
殺し	ころし
殺す	ころす
殺せ	ころせ
殺そ	ころそ
錆び	さび
参ら	まいら
参り	まいり
参る	まいる
参れ	まいれ
参ろ	まいろ
参っ	まいっ
撒か	まか
撒き	まき
撒く	まく
撒け	まけ
撒こ	まこ
撒い	まい
散らかさ	ちらかさ
散らかし	ちらかし
散らかす	ちらかす
散らかせ	ちらかせ
散らかそ	ちらかそ
散らから	ちらから
散らかり	ちらかり
散らかる	ちらかる
散らかれ	ちらかれ
散らかろ	ちらかろ
散らかっ	ちらかっ
散らさ	ちらさ
散らし	ちらし
散らす	ちらす
散らせ	ちらせ
散らそ	ちらそ
散らばら	ちらばら
散らばり	ちらばり
散らばる	ちらばる
散らばれ	ちらばれ
散らばろ	ちらばろ
散らばっ	ちらばっ
散ら	ちら
散り	ちり
散る	ちる
散れ	ちれ
散ろ	ちろ
散っ	ちっ
酸っぱ	すっぱ
斬ら	きら
斬り	きり
斬る	きる
斬れ	きれ
斬ろ	きろ
斬っ	きっ
残ら	のこら
残り	のこり
残る	のこる
残れ	のこれ
残ろ	のころ
残っ	のこっ
仕掛け	しかけ
仕込ま	しこま
仕込み	しこみ
仕込む	しこむ
仕込め	しこめ
仕込も	しこも
仕込ん	しこん
仕上がら	しあがら
仕上がり	しあがり
仕上がる	しあがる
仕上がれ	しあがれ
仕上がろ	しあがろ
仕上がっ	しあがっ
仕上げ	しあげ
仕切ら	しきら
仕切り	しきり
仕切る	しきる
仕切れ	しきれ
仕切ろ	しきろ
仕切っ	しきっ
仕組ま	しくま
仕組み	しくみ
仕組む	しくむ
仕組め	しくめ
仕組も	しくも
仕組ん	しくん
仕入れ	しいれ
仕舞わ	しまわ
仕舞い	しまい
仕舞う	しまう
仕舞え	しまえ
仕舞お	しまお
仕舞っ	しまっ
仕方な	しかたな
仕立て	したて
仕留め	しとめ
伺わ	うかがわ
伺い	うかがい
伺う	うかがう
伺え	うかがえ
伺お	うかがお
伺っ	うかがっ
使い果たさ	つかいはたさ
使い果たし	つかいはたし
使い果たす	つかいはたす
使い果たせ	つかいはたせ
使い果たそ	つかいはたそ
使い慣れ	つかいなれ
使い込ま	つかいこま
使い込み	つかいこみ
使い込む	つかいこむ
使い込め	つかいこめ
使い込も	つかいこも
使い込ん	つかいこん
使い切ら	つかいきら
使い切り	つかいきり
使い切る	つかいきる
使い切れ	つかいきれ
使い切ろ	つかいきろ
使い切っ	つかいきっ
使い分け	つかいわけ
使わ	つかわ
使い	つかい
使う	つかう
使え	つかえ
使お	つかお
使っ	つかっ
刺さら	ささら
刺さり	ささり
刺さる	ささる
刺され	さされ
刺さろ	ささろ
刺さっ	ささっ
刺し殺さ	さしころさ
刺し殺し	さしころし
刺し殺す	さしころす
刺し殺せ	さしころせ
刺し殺そ	さしころそ
刺さ	ささ
刺し	さし
刺す	さす
刺せ	させ
刺そ	さそ
司ら	つかさどら
司り	つかさどり
司る	つかさどる
司れ	つかさどれ
司ろ	つかさどろ
司っ	つかさどっ
四角い	しかくい
四角く	しかくく
四角か	しかくか
四角け	しかくけ
始まら	はじまら
始まり	はじまり
始まる	はじまる
始まれ	はじまれ
始まろ	はじまろ
始まっ	はじまっ
始め	はじめ
志さ	こころざさ
志し	こころざし
志す	こころざす
志せ	こころざせ
志そ	こころざそ
思い詰め	おもいつめ
思い込ま	おもいこま
思い込み	おもいこみ
思い込む	おもいこむ
思い込め	おもいこめ
思い込も	おもいこも
思い込ん	おもいこん
思い残さ	おもいのこさ
思い残し	おもいのこし
思い残す	おもいのこす
思い残せ	おもいのこせ
思い残そ	おもいのこそ
思いとどまら	おもいとどまら
思いとどまり	おもいとどまり
思いとどまる	おもいとどまる
思いとどまれ	おもいとどまれ
思いとどまろ	おもいとどまろ
思いとどまっ	おもいとどまっ
思い出さ	おもいださ
思い出し	おもいだし
思い出す	おもいだす
思い出せ	おもいだせ
思い出そ	おもいだそ
思い上がら	おもいあがら
思い上がり	おもいあがり
思い上がる	おもいあがる
思い上がれ	おもいあがれ
思い上がろ	おもいあがろ
思い上がっ	おもいあがっ
思い切ら	おもいきら
思い切り	おもいきり
思い切る	おもいきる
思い切れ	おもいきれ
思い切ろ	おもいきろ
思い切っ	おもいきっ
思い知ら	おもいしら
思い知り	おもいしり
思い知る	おもいしる
思い知れ	おもいしれ
思い知ろ	おもいしろ
思い知っ	おもいしっ
思い直さ	おもいなおさ
思い直し	おもいなおし
思い直す	おもいなおす
思い直せ	おもいなおせ
思い直そ	おもいなおそ
思い当たら	おもいあたら
思い当たり	おもいあたり
思い当たる	おもいあたる
思い当たれ	おもいあたれ
思い当たろ	おもいあたろ
思い当たっ	おもいあたっ
思い悩ま	おもいなやま
思い悩み	おもいなやみ
思い悩む	おもいなやむ
思い悩め	おもいなやめ
思い悩も	おもいなやも
思い悩ん	おもいなやん
思い返さ	おもいかえさ
思い返し	おもいかえし
思い返す	おもいかえす
思い返せ	おもいかえせ
思い返そ	おもいかえそ
思い立た	おもいたた
思い立ち	おもいたち
思い立つ	おもいたつ
思い立て	おもいたて
思い立と	おもいたと
思い立っ	おもいたっ
思われ	おもわれ
指し示さ	さししめさ
指し示し	さししめし
指し示す	さししめす
指し示せ	さししめせ
指し示そ	さししめそ
指さ	ささ
指し	さし
指す	さす
指せ	させ
指そ	さそ
指差さ	ゆびささ
指差し	ゆびさし
指差す	ゆびさす
指差せ	ゆびさせ
指差そ	ゆびさそ
支え	ささえ
支払わ	しはらわ
支払い	しはらい
支払う	しはらう
支払え	しはらえ
支払お	しはらお
支払っ	しはらっ
施さ	ほどこさ
施し	ほどこし
施す	ほどこす
施せ	ほどこせ
施そ	ほどこそ
上手い	うまい
上手く	うまく
上手か	うまか
上手け	うまけ
止さ	よさ
止し	よし
止す	よす
止せ	よせ
止そ	よそ
止まら	とまら
止まり	とまり
止まる	とまる
止まれ	とまれ
止まろ	とまろ
止まっ	とまっ
止ま	やま
止み	やみ
止む	やむ
止め	やめ
止も	やも
止ん	やん
死な	しな
死に	しに
死ぬ	しぬ
死ね	しね
死の	しの
死ん	しん
至ら	いたら
至り	いたり
至る	いたる
至れ	いたれ
至ろ	いたろ
至っ	いたっ
試さ	ためさ
試し	ためし
試す	ためす
試せ	ためせ
試そ	ためそ
試み	こころみ
飼わ	かわ
飼い	かい
飼う	かう
飼え	かえ
飼お	かお
飼っ	かっ
歯がゆ	はがゆ
似せ	にせ
似る	にる
似ま	にま
似た	にた
似て	にて
似な	にな
似ら	にら
似さ	にさ
似よ	によ
似ろ	にろ
似れ	にれ
似ず	にず
似合わ	にあわ
似合い	にあい
似合う	にあう
似合え	にあえ
似合お	にあお
似合っ	にあっ
似合わし	にあわし
似通わ	にかよわ
似通い	にかよい
似通う	にかよう
似通え	にかよえ
似通お	にかよお
似通っ	にかよっ
持ち越さ	もちこさ
持ち越し	もちこし
持ち越す	もちこす
持ち越せ	もちこせ
持ち越そ	もちこそ
持ちこたえ	もちこたえ
持ち寄ら	もちよら
持ち寄り	もちより
持ち寄る	もちよる
持ち寄れ	もちよれ
持ち寄ろ	もちよろ
持ち寄っ	もちよっ
持ち去ら	もちさら
持ち去り	もちさり
持ち去る	もちさる
持ち去れ	もちされ
持ち去ろ	もちさろ
持ち去っ	もちさっ
持ち合わせ	もちあわせ
持ち込ま	もちこま
持ち込み	もちこみ
持ち込む	もちこむ
持ち込め	もちこめ
持ち込も	もちこも
持ち込ん	もちこん
持ち出さ	もちださ
持ち出し	もちだし
持ち出す	もちだす
持ち出せ	もちだせ
持ち出そ	もちだそ
持ち上げ	もちあげ
持ち直さ	もちなおさ
持ち直し	もちなおし
持ち直す	もちなおす
持ち直せ	もちなおせ
持ち直そ	もちなおそ
持た	もた
持ち	もち
持つ	もつ
持て	もて
持と	もと
持っ	もっ
持て成さ	もてなさ
持て成し	もてなし
持て成す	もてなす
持て成せ	もてなせ
持て成そ	もてなそ
持て余さ	もてあまさ
持て余し	もてあまし
持て余す	もてあます
持て余せ	もてあませ
持て余そ	もてあまそ
持ち上がら	もちあがら
持ち上がり	もちあがり
持ち上がる	もちあがる
持ち上がれ	もちあがれ
持ち上がろ	もちあがろ
持ち上がっ	もちあがっ
次が	つが
次ぎ	つぎ
次ぐ	つぐ
次げ	つげ
次ご	つご
次い	つい
治まら	おさまら
治まり	おさまり
治まる	おさまる
治まれ	おさまれ
治まろ	おさまろ
治まっ	おさまっ
治め	おさめ
示し合わせ	しめしあわせ
示さ	しめさ
示し	しめし
示す	しめす
示せ	しめせ
示そ	しめそ
自惚れ	うぬぼれ
辞め	やめ
叱ら	しから
叱り	しかり
叱る	しかる
叱れ	しかれ
叱ろ	しかろ
叱っ	しかっ
失わ	うしなわ
失い	うしない
失う	うしなう
失え	うしなえ
失お	うしなお
失っ	うしなっ
湿ら	しめら
湿り	しめり
湿る	しめる
湿れ	しめれ
湿ろ	しめろ
湿っ	しめっ
実ら	みのら
実り	みのり
実る	みのる
実れ	みのれ
実ろ	みのろ
実っ	みのっ
偲ば	しのば
偲び	しのび
偲ぶ	しのぶ
偲べ	しのべ
偲ぼ	しのぼ
偲ん	しのん
写ら	うつら
写り	うつり
写る	うつる
写れ	うつれ
写ろ	うつろ
写っ	うつっ
射さ	ささ
射し	さし
射す	さす
射せ	させ
射そ	さそ
射止め	いとめ
捨て	すて
煮え	にえ
煮詰め	につめ
煮る	にる
煮ま	にま
煮た	にた
煮て	にて
煮な	にな
煮ら	にら
煮さ	にさ
煮よ	によ
煮ろ	にろ
煮れ	にれ
煮ず	にず
煮詰まら	につまら
煮詰まり	につまり
煮詰まる	につまる
煮詰まれ	につまれ
煮詰まろ	につまろ
煮詰まっ	につまっ
煮込ま	にこま
煮込み	にこみ
煮込む	にこむ
煮込め	にこめ
煮込も	にこも
煮込ん	にこん
煮立た	にたた
煮立ち	にたち
煮立つ	にたつ
煮立て	にたて
煮立と	にたと
煮立っ	にたっ
謝ら	あやまら
謝り	あやまり
謝る	あやまる
謝れ	あやまれ
謝ろ	あやまろ
謝っ	あやまっ
遮ら	さえぎら
遮り	さえぎり
遮る	さえぎる
遮れ	さえぎれ
遮ろ	さえぎろ
遮っ	さえぎっ
借り	かり
借り受け	かりうけ
借り出さ	かりださ
借り出し	かりだし
借り出す	かりだす
借り出せ	かりだせ
借り出そ	かりだそ
借り上げ	かりあげ
借り切ら	かりきら
借り切り	かりきり
借り切る	かりきる
借り切れ	かりきれ
借り切ろ	かりきろ
借り切っ	かりきっ
借り入れ	かりいれ
若い	わかい
若く	わかく
若か	わかか
若け	わかけ
若返ら	わかがえら
若返り	わかがえり
若返る	わかがえる
若返れ	わかがえれ
若返ろ	わかがえろ
若返っ	わかがえっ
弱い	よわい
弱く	よわく
弱か	よわか
弱け	よわけ
弱まら	よわまら
弱まり	よわまり
弱まる	よわまる
弱まれ	よわまれ
弱まろ	よわまろ
弱まっ	よわまっ
弱め	よわめ
弱ら	よわら
弱り	よわり
弱る	よわる
弱れ	よわれ
弱ろ	よわろ
弱っ	よわっ
取り扱わ	とりあつかわ
取り扱い	とりあつかい
取り扱う	とりあつかう
取り扱え	とりあつかえ
取り扱お	とりあつかお
取り扱っ	とりあつかっ
取り囲ま	とりかこま
取り囲み	とりかこみ
取り囲む	とりかこむ
取り囲め	とりかこめ
取り囲も	とりかこも
取り囲ん	とりかこん
取り違え	とりちがえ
取り下げ	とりさげ
取り外さ	とりはずさ
取り外し	とりはずし
取り外す	とりはずす
取り外せ	とりはずせ
取り外そ	とりはずそ
取り掛から	とりかから
取り掛かり	とりかかり
取り掛かる	とりかかる
取り掛かれ	とりかかれ
取り掛かろ	とりかかろ
取り掛かっ	とりかかっ
取り巻か	とりまか
取り巻き	とりまき
取り巻く	とりまく
取り巻け	とりまけ
取り巻こ	とりまこ
取り巻い	とりまい
取り寄せ	とりよせ
取り交わさ	とりかわさ
取り交わし	とりかわし
取り交わす	とりかわす
取り交わせ	とりかわせ
取り交わそ	とりかわそ
取り込ま	とりこま
取り込み	とりこみ
取り込む	とりこむ
取り込め	とりこめ
取り込も	とりこも
取り込ん	とりこん
取り残さ	とりのこさ
取り残し	とりのこし
取り残す	とりのこす
取り残せ	とりのこせ
取り残そ	とりのこそ
取り持た	とりもた
取り持ち	とりもち
取り持つ	とりもつ
取り持て	とりもて
取り持と	とりもと
取り持っ	とりもっ
取り次が	とりつが
取り次ぎ	とりつぎ
取り次ぐ	とりつぐ
取り次げ	とりつげ
取り次ご	とりつご
取り次い	とりつい
取り出さ	とりださ
取り出し	とりだし
取り出す	とりだす
取り出せ	とりだせ
取り出そ	とりだそ
取り除か	とりのぞか
取り除き	とりのぞき
取り除く	とりのぞく
取り除け	とりのぞけ
取り除こ	とりのぞこ
取り除い	とりのぞい
取り消さ	とりけさ
取り消し	とりけし
取り消す	とりけす
取り消せ	とりけせ
取り消そ	とりけそ
取り上げ	とりあげ
取り組ま	とりくま
取り組み	とりくみ
取り組む	とりくむ
取り組め	とりくめ
取り組も	とりくも
取り組ん	とりくん
取り替え	とりかえ
取り調べ	とりしらべ
取り直さ	とりなおさ
取り直し	とりなおし
取り直す	とりなおす
取り直せ	とりなおせ
取り直そ	とりなおそ
取り締まら	とりしまら
取り締まり	とりしまり
取り締まる	とりしまる
取り締まれ	とりしまれ
取り締まろ	とりしまろ
取り締まっ	とりしまっ
取り入れ	とりいれ
取り返さ	とりかえさ
取り返し	とりかえし
取り返す	とりかえす
取り返せ	とりかえせ
取り返そ	とりかえそ
取り戻さ	とりもどさ
取り戻し	とりもどし
取り戻す	とりもどす
取り戻せ	とりもどせ
取り戻そ	とりもどそ
取り立て	とりたて
取ら	とら
取り	とり
取る	とる
取れ	とれ
取ろ	とろ
取っ	とっ
取り合わ	とりあわ
取り合い	とりあい
取り合う	とりあう
取り合え	とりあえ
取り合お	とりあお
取り合っ	とりあっ
取り仕切ら	とりしきら
取り仕切り	とりしきり
取り仕切る	とりしきる
取り仕切れ	とりしきれ
取り仕切ろ	とりしきろ
取り仕切っ	とりしきっ
守ら	まもら
守り	まもり
守る	まもる
守れ	まもれ
守ろ	まもろ
守っ	まもっ
手がけ	てがけ
手間取ら	てまどら
手間取り	てまどり
手間取る	てまどる
手間取れ	てまどれ
手間取ろ	てまどろ
手間取っ	てまどっ
手ごわ	てごわ
手堅い	てがたい
手堅く	てがたく
手堅か	てがたか
手堅け	てがたけ
手厳し	てきびし
手厚い	てあつい
手厚く	てあつく
手厚か	てあつか
手厚け	てあつけ
手早い	てばやい
手早く	てばやく
手早か	てばやか
手早け	てばやけ
手痛い	ていたい
手痛く	ていたく
手痛か	ていたか
手痛け	ていたけ
手伝わ	てつだわ
手伝い	てつだい
手伝う	てつだう
手伝え	てつだえ
手伝お	てつだお
手伝っ	てつだっ
手渡さ	てわたさ
手渡し	てわたし
手渡す	てわたす
手渡せ	てわたせ
手渡そ	てわたそ
手放さ	てばなさ
手放し	てばなし
手放す	てばなす
手放せ	てばなせ
手放そ	てばなそ
腫れ	はれ
受から	うから
受かり	うかり
受かる	うかる
受かれ	うかれ
受かろ	うかろ
受かっ	うかっ
受け	うけ
受け継が	うけつが
受け継ぎ	うけつぎ
受け継ぐ	うけつぐ
受け継げ	うけつげ
受け継ご	うけつご
受け継い	うけつい
受け止め	うけとめ
受け持た	うけもた
受け持ち	うけもち
受け持つ	うけもつ
受け持て	うけもて
受け持と	うけもと
受け持っ	うけもっ
受け取ら	うけとら
受け取り	うけとり
受け取る	うけとる
受け取れ	うけとれ
受け取ろ	うけとろ
受け取っ	うけとっ
受け入れ	うけいれ
受け付け	うけつけ
受け流さ	うけながさ
受け流し	うけながし
受け流す	うけながす
受け流せ	うけながせ
受け流そ	うけながそ
呪わ	のろわ
呪い	のろい
呪う	のろう
呪え	のろえ
呪お	のろお
呪っ	のろっ
授け	さずけ
収まら	おさまら
収まり	おさまり
収まる	おさまる
収まれ	おさまれ
収まろ	おさまろ
収まっ	おさまっ
就か	つか
就き	つき
就く	つく
就け	つけ
就こ	つこ
就い	つい
修め	おさめ
拾い上げ	ひろいあげ
拾わ	ひろわ
拾い	ひろい
拾う	ひろう
拾え	ひろえ
拾お	ひろお
拾っ	ひろっ
終え	おえ
習わ	ならわ
習い	ならい
習う	ならう
習え	ならえ
習お	ならお
習っ	ならっ
臭い	くさい
臭く	くさく
臭か	くさか
臭け	くさけ
襲わ	おそわ
襲い	おそい
襲う	おそう
襲え	おそえ
襲お	おそお
襲っ	おそっ
蹴ら	けら
蹴り	けり
蹴る	ける
蹴れ	けれ
蹴ろ	けろ
蹴っ	けっ
集まら	あつまら
集まり	あつまり
集まる	あつまる
集まれ	あつまれ
集まろ	あつまろ
集まっ	あつまっ
集め	あつめ
集ら	たから
集り	たかり
集る	たかる
集れ	たかれ
集ろ	たかろ
集っ	たかっ
醜い	みにくい
醜く	みにくく
醜か	みにくか
醜け	みにくけ
住み慣れ	すみなれ
住み込ま	すみこま
住み込み	すみこみ
住み込む	すみこむ
住み込め	すみこめ
住み込も	すみこも
住み込ん	すみこん
住み替え	すみかえ
住ま	すま
住み	すみ
住む	すむ
住め	すめ
住も	すも
住ん	すん
充て	あて
従わ	したがわ
従い	したがい
従う	したがう
従え	したがえ
従お	したがお
従っ	したがっ
渋い	しぶい
渋く	しぶく
渋か	しぶか
渋け	しぶけ
渋ら	しぶら
渋り	しぶり
渋る	しぶる
渋れ	しぶれ
渋ろ	しぶろ
渋っ	しぶっ
重い	おもい
重く	おもく
重か	おもか
重け	おもけ
重た	おもた
重なり合わ	かさなりあわ
重なり合い	かさなりあい
重なり合う	かさなりあう
重なり合え	かさなりあえ
重なり合お	かさなりあお
重なり合っ	かさなりあっ
重なら	かさなら
重なり	かさなり
重なる	かさなる
重なれ	かさなれ
重なろ	かさなろ
重なっ	かさなっ
重ね	かさね
重ら	おもら
重り	おもり
重る	おもる
重れ	おもれ
重ろ	おもろ
重っ	おもっ
重んじ	おもんじ
重苦し	おもくるし
祝わ	いわわ
祝い	いわい
祝う	いわう
祝え	いわえ
祝お	いわお
祝っ	いわっ
縮まら	ちぢまら
縮まり	ちぢまり
縮まる	ちぢまる
縮まれ	ちぢまれ
縮まろ	ちぢまろ
縮まっ	ちぢまっ
縮ま	ちぢま
縮み	ちぢみ
縮む	ちぢむ
縮め	ちぢめ
縮も	ちぢも
縮ん	ちぢん
縮れ	ちぢれ
出し合わ	だしあわ
出し合い	だしあい
出し合う	だしあう
出し合え	だしあえ
出し合お	だしあお
出し合っ	だしあっ
出さ	ださ
出し	だし
出す	だす
出せ	だせ
出そ	だそ
出る	でる
出ま	でま
出た	でた
出て	でて
出な	でな
出ら	でら
出よ	でよ
出ろ	でろ
出れ	でれ
出ず	でず
出回ら	でまわら
出回り	でまわり
出回る	でまわる
出回れ	でまわれ
出回ろ	でまわろ
出回っ	でまわっ
出迎え	でむかえ
出向か	でむか
出向き	でむき
出向く	でむく
出向け	でむけ
出向こ	でむこ
出向い	でむい
出尽くさ	でつくさ
出尽くし	でつくし
出尽くす	でつくす
出尽くせ	でつくせ
出尽くそ	でつくそ
出遅れ	でおくれ
出直さ	でなおさ
出直し	でなおし
出直す	でなおす
出直せ	でなおせ
出直そ	でなおそ
出歩か	であるか
出歩き	であるき
出歩く	であるく
出歩け	であるけ
出歩こ	であるこ
出歩い	であるい
出来る	できる
出来ま	できま
出来た	できた
出来て	できて
出来な	できな
出来ら	できら
出来さ	できさ
出来よ	できよ
出来ろ	できろ
出来れ	できれ
出来ず	できず
出来上がら	できあがら
出来上がり	できあがり
出来上がる	できあがる
出来上がれ	できあがれ
出来上がろ	できあがろ
出来上がっ	できあがっ
述べ	のべ
瞬か	またたか
瞬き	またたき
瞬く	またたく
瞬け	またたけ
瞬こ	またたこ
瞬い	またたい
準え	なぞらえ
準じ	じゅんじ
潤わ	うるおわ
潤い	うるおい
潤う	うるおう
潤え	うるおえ
潤お	うるおお
潤っ	うるおっ
めぐり合わ	めぐりあわ
めぐり合い	めぐりあい
めぐり合う	めぐりあう
めぐり合え	めぐりあえ
めぐり合お	めぐりあお
めぐり合っ	めぐりあっ
巡ら	めぐら
巡り	めぐり
巡る	めぐる
巡れ	めぐれ
巡ろ	めぐろ
巡っ	めぐっ
暑い	あつい
暑く	あつく
暑か	あつか
暑け	あつけ
書き下ろさ	かきおろさ
書き下ろし	かきおろし
書き下ろす	かきおろす
書き下ろせ	かきおろせ
書き下ろそ	かきおろそ
書き込ま	かきこま
書き込み	かきこみ
書き込む	かきこむ
書き込め	かきこめ
書き込も	かきこも
書き込ん	かきこん
書き写さ	かきうつさ
書き写し	かきうつし
書き写す	かきうつす
書き写せ	かきうつせ
書き写そ	かきうつそ
書き取ら	かきとら
書き取り	かきとり
書き取る	かきとる
書き取れ	かきとれ
書き取ろ	かきとろ
書き取っ	かきとっ
書き出さ	かきださ
書き出し	かきだし
書き出す	かきだす
書き出せ	かきだせ
書き出そ	かきだそ
書き直さ	かきなおさ
書き直し	かきなおし
書き直す	かきなおす
書き直せ	かきなおせ
書き直そ	かきなおそ
書き入れ	かきいれ
書き留め	かきとめ
書か	かか
書き	かき
書く	かく
書け	かけ
書こ	かこ
書い	かい
助から	たすから
助かり	たすかり
助かる	たすかる
助かれ	たすかれ
助かろ	たすかろ
助かっ	たすかっ
助け	たすけ
助け合わ	たすけあわ
助け合い	たすけあい
助け合う	たすけあう
助け合え	たすけあえ
助け合お	たすけあお
助け合っ	たすけあっ
女らし	おんならし
除か	のぞか
除き	のぞき
除く	のぞく
除け	のぞけ
除こ	のぞこ
除い	のぞい
傷つけ	きずつけ
償わ	つぐなわ
償い	つぐない
償う	つぐなう
償え	つぐなえ
償お	つぐなお
償っ	つぐなっ
勝た	かた
勝ち	かち
勝つ	かつ
勝て	かて
勝と	かと
勝っ	かっ
召し上がら	めしあがら
召し上がり	めしあがり
召し上がる	めしあがる
召し上がれ	めしあがれ
召し上がろ	めしあがろ
召し上がっ	めしあがっ
唱え	となえ
小さ	ちいさ
小高い	こだかい
小高く	こだかく
小高か	こだかか
小高け	こだかけ
少な	すくな
承ら	うけたまわら
承り	うけたまわり
承る	うけたまわる
承れ	うけたまわれ
承ろ	うけたまわろ
承っ	うけたまわっ
招か	まねか
招き	まねき
招く	まねく
招け	まねけ
招こ	まねこ
招い	まねい
消え	きえ
消え入ら	きえいら
消え入り	きえいり
消え入る	きえいる
消え入れ	きえいれ
消え入ろ	きえいろ
消え入っ	きえいっ
消し止め	けしとめ
消さ	けさ
消し	けし
消す	けす
消せ	けせ
消そ	けそ
焼か	やか
焼き	やき
焼く	やく
焼け	やけ
焼こ	やこ
焼い	やい
焼け落ち	やけおち
焦げ	こげ
焦ら	あせら
焦り	あせり
焦る	あせる
焦れ	あせれ
焦ろ	あせろ
焦っ	あせっ
照らさ	てらさ
照らし	てらし
照らす	てらす
照らせ	てらせ
照らそ	てらそ
照ら	てら
照り	てり
照る	てる
照れ	てれ
照ろ	てろ
照っ	てっ
省か	はぶか
省き	はぶき
省く	はぶく
省け	はぶけ
省こ	はぶこ
省い	はぶい
笑わ	わらわ
笑い	わらい
笑う	わらう
笑え	わらえ
笑お	わらお
笑っ	わらっ
詳し	くわし
障ら	さわら
障り	さわり
障る	さわる
障れ	さわれ
障ろ	さわろ
障っ	さわっ
上がら	あがら
上がり	あがり
上がる	あがる
上がれ	あがれ
上がろ	あがろ
上がっ	あがっ
上げ	あげ
上せ	のぼせ
上ら	のぼら
上り	のぼり
上る	のぼる
上れ	のぼれ
上ろ	のぼろ
上っ	のぼっ
上回ら	うわまわら
上回り	うわまわり
上回る	うわまわる
上回れ	うわまわれ
上回ろ	うわまわろ
上回っ	うわまわっ
乗じ	じょうじ
乗っ取ら	のっとら
乗っ取り	のっとり
乗っ取る	のっとる
乗っ取れ	のっとれ
乗っ取ろ	のっとろ
乗っ取っ	のっとっ
乗り移ら	のりうつら
乗り移り	のりうつり
乗り移る	のりうつる
乗り移れ	のりうつれ
乗り移ろ	のりうつろ
乗り移っ	のりうつっ
乗り越え	のりこえ
乗り越さ	のりこさ
乗り越し	のりこし
乗り越す	のりこす
乗り越せ	のりこせ
乗り越そ	のりこそ
乗り回さ	のりまわさ
乗り回し	のりまわし
乗り回す	のりまわす
乗り回せ	のりまわせ
乗り回そ	のりまわそ
乗り継が	のりつが
乗り継ぎ	のりつぎ
乗り継ぐ	のりつぐ
乗り継げ	のりつげ
乗り継ご	のりつご
乗り継い	のりつい
乗り合わせ	のりあわせ
乗り込ま	のりこま
乗り込み	のりこみ
乗り込む	のりこむ
乗り込め	のりこめ
乗り込も	のりこも
乗り込ん	のりこん
乗り捨て	のりすて
乗り出さ	のりださ
乗り出し	のりだし
乗り出す	のりだす
乗り出せ	のりだせ
乗り出そ	のりだそ
乗り上げ	のりあげ
乗り切ら	のりきら
乗り切り	のりきり
乗り切る	のりきる
乗り切れ	のりきれ
乗り切ろ	のりきろ
乗り切っ	のりきっ
乗り組ま	のりくま
乗り組み	のりくみ
乗り組む	のりくむ
乗り組め	のりくめ
乗り組も	のりくも
乗り組ん	のりくん
乗り遅れ	のりおくれ
乗り付け	のりつけ
乗ら	のら
乗り	のり
乗る	のる
乗れ	のれ
乗ろ	のろ
乗っ	のっ
畳ま	たたま
畳み	たたみ
畳む	たたむ
畳め	たため
畳も	たたも
畳ん	たたん
蒸かさ	ふかさ
蒸かし	ふかし
蒸かす	ふかす
蒸かせ	ふかせ
蒸かそ	ふかそ
蒸し暑い	むしあつい
蒸し暑く	むしあつく
蒸し暑か	むしあつか
蒸し暑け	むしあつけ
蒸し返さ	むしかえさ
蒸し返し	むしかえし
蒸し返す	むしかえす
蒸し返せ	むしかえせ
蒸し返そ	むしかえそ
蒸さ	むさ
蒸し	むし
蒸す	むす
蒸せ	むせ
蒸そ	むそ
譲り受け	ゆずりうけ
譲り渡さ	ゆずりわたさ
譲り渡し	ゆずりわたし
譲り渡す	ゆずりわたす
譲り渡せ	ゆずりわたせ
譲り渡そ	ゆずりわたそ
譲ら	ゆずら
譲り	ゆずり
譲る	ゆずる
譲れ	ゆずれ
譲ろ	ゆずろ
譲っ	ゆずっ
醸し出さ	かもしださ
醸し出し	かもしだし
醸し出す	かもしだす
醸し出せ	かもしだせ
醸し出そ	かもしだそ
飾ら	かざら
飾り	かざり
飾る	かざる
飾れ	かざれ
飾ろ	かざろ
飾っ	かざっ
拭わ	ぬぐわ
拭い	ぬぐい
拭う	ぬぐう
拭え	ぬぐえ
拭お	ぬぐお
拭っ	ぬぐっ
拭か	ふか
拭き	ふき
拭く	ふく
拭け	ふけ
拭こ	ふこ
植え	うえ
織り込ま	おりこま
織り込み	おりこみ
織り込む	おりこむ
織り込め	おりこめ
織り込も	おりこも
織り込ん	おりこん
織ら	おら
織り	おり
織る	おる
織れ	おれ
織ろ	おろ
織っ	おっ
触ら	さわら
触り	さわり
触る	さわる
触れ	さわれ
触ろ	さわろ
触っ	さわっ
触れ合わ	ふれあわ
触れ合い	ふれあい
触れ合う	ふれあう
触れ合え	ふれあえ
触れ合お	ふれあお
触れ合っ	ふれあっ
食い違わ	くいちがわ
食い違い	くいちがい
食い違う	くいちがう
食い違え	くいちがえ
食い違お	くいちがお
食い違っ	くいちがっ
食い込ま	くいこま
食い込み	くいこみ
食い込む	くいこむ
食い込め	くいこめ
食い込も	くいこも
食い込ん	くいこん
食い止め	くいとめ
食い入ら	くいいら
食い入り	くいいり
食い入る	くいいる
食い入れ	くいいれ
食い入ろ	くいいろ
食い入っ	くいいっ
食べ	たべ
食べ過ぎ	たべすぎ
蝕ま	むしばま
蝕み	むしばみ
蝕む	むしばむ
蝕め	むしばめ
蝕も	むしばも
蝕ん	むしばん
伸び	のび
伸び悩ま	のびなやま
伸び悩み	のびなやみ
伸び悩む	のびなやむ
伸び悩め	のびなやめ
伸び悩も	のびなやも
伸び悩ん	のびなやん
信じ	しんじ
侵さ	おかさ
侵し	おかし
侵す	おかす
侵せ	おかせ
侵そ	おかそ
寝かさ	ねかさ
寝かし	ねかし
寝かす	ねかす
寝かせ	ねかせ
寝かそ	ねかそ
寝る	ねる
寝ま	ねま
寝た	ねた
寝て	ねて
寝な	ねな
寝ら	ねら
寝さ	ねさ
寝よ	ねよ
寝ろ	ねろ
寝れ	ねれ
寝ず	ねず
寝苦し	ねぐるし
寝込ま	ねこま
寝込み	ねこみ
寝込む	ねこむ
寝込め	ねこめ
寝込も	ねこも
寝込ん	ねこん
寝静まら	ねしずまら
寝静まり	ねしずまり
寝静まる	ねしずまる
寝静まれ	ねしずまれ
寝静まろ	ねしずまろ
寝静まっ	ねしずまっ
寝付か	ねつか
寝付き	ねつき
寝付く	ねつく
寝付け	ねつけ
寝付こ	ねつこ
寝付い	ねつい
寝返ら	ねがえら
寝返り	ねがえり
寝返る	ねがえる
寝返れ	ねがえれ
寝返ろ	ねがえろ
寝返っ	ねがえっ
心がけ	こころがけ
心強い	こころづよい
心強く	こころづよく
心強か	こころづよか
心強け	こころづよけ
心細い	こころぼそい
心細く	こころぼそく
心細か	こころぼそか
心細け	こころぼそけ
心得る	こころえる
心得ま	こころえま
心得た	こころえた
心得て	こころえて
心得な	こころえな
心得ら	こころえら
心得さ	こころえさ
心得よ	こころえよ
心得ろ	こころえろ
心得れ	こころえれ
心得ず	こころえず
振り回さ	ふりまわさ
振り回し	ふりまわし
振り回す	ふりまわす
振り回せ	ふりまわせ
振り回そ	ふりまわそ
振り向か	ふりむか
振り向き	ふりむき
振り向く	ふりむく
振り向け	ふりむけ
振り向こ	ふりむこ
振り向い	ふりむい
振り込ま	ふりこま
振り込み	ふりこみ
振り込む	ふりこむ
振り込め	ふりこめ
振り込も	ふりこも
振り込ん	ふりこん
振り出さ	ふりださ
振り出し	ふりだし
振り出す	ふりだす
振り出せ	ふりだせ
振り出そ	ふりだそ
振り切ら	ふりきら
振り切り	ふりきり
振り切る	ふりきる
振り切れ	ふりきれ
振り切ろ	ふりきろ
振り切っ	ふりきっ
振り替え	ふりかえ
振り分け	ふりわけ
振り返ら	ふりかえら
振り返り	ふりかえり
振り返る	ふりかえる
振り返れ	ふりかえれ
振り返ろ	ふりかえろ
振り返っ	ふりかえっ
振り落とさ	ふりおとさ
振り落とし	ふりおとし
振り落とす	ふりおとす
振り落とせ	ふりおとせ
振り落とそ	ふりおとそ
振ら	ふら
振り	ふり
振る	ふる
振れ	ふれ
振ろ	ふろ
振っ	ふっ
新し	あたらし
浸さ	ひたさ
浸し	ひたし
浸す	ひたす
浸せ	ひたせ
浸そ	ひたそ
浸ら	ひたら
浸り	ひたり
浸る	ひたる
浸れ	ひたれ
浸ろ	ひたろ
浸っ	ひたっ
深い	ふかい
深く	ふかく
深か	ふかか
深け	ふかけ
深まら	ふかまら
深まり	ふかまり
深まる	ふかまる
深まれ	ふかまれ
深まろ	ふかまろ
深まっ	ふかまっ
深め	ふかめ
申し合わせ	もうしあわせ
申し込ま	もうしこま
申し込み	もうしこみ
申し込む	もうしこむ
申し込め	もうしこめ
申し込も	もうしこも
申し込ん	もうしこん
申し出る	もうしでる
申し出ま	もうしでま
申し出た	もうしでた
申し出て	もうしでて
申し出な	もうしでな
申し出ら	もうしでら
申し出さ	もうしでさ
申し出よ	もうしでよ
申し出ろ	もうしでろ
申し出れ	もうしでれ
申し出ず	もうしでず
申し上げ	もうしあげ
申し入れ	もうしいれ
申し立て	もうしたて
申さ	もうさ
申し	もうし
申す	もうす
申せ	もうせ
申そ	もうそ
真似る	まねる
真似ま	まねま
真似た	まねた
真似て	まねて
真似な	まねな
真似ら	まねら
真似さ	まねさ
真似よ	まねよ
真似ろ	まねろ
真似れ	まねれ
真似ず	まねず
真新し	まあたらし
親し	したし
親しま	したしま
親しみ	したしみ
親しむ	したしむ
親しめ	したしめ
親しも	したしも
親しん	したしん
診る	みる
診ま	みま
診た	みた
診て	みて
診な	みな
診ら	みら
診さ	みさ
診よ	みよ
診ろ	みろ
診れ	みれ
診ず	みず
辛い	からい
辛く	からく
辛か	からか
辛け	からけ
進み出る	すすみでる
進み出ま	すすみでま
進み出た	すすみでた
進み出て	すすみでて
進み出な	すすみでな
進み出ら	すすみでら
進み出さ	すすみでさ
進み出よ	すすみでよ
進み出ろ	すすみでろ
進み出れ	すすみでれ
進み出ず	すすみでず
進ま	すすま
進み	すすみ
進む	すすむ
進め	すすめ
進も	すすも
進ん	すすん
震え	ふるえ
震え上がら	ふるえあがら
震え上がり	ふるえあがり
震え上がる	ふるえあがる
震え上がれ	ふるえあがれ
震え上がろ	ふるえあがろ
震え上がっ	ふるえあがっ
尋ね	たずね
甚だし	はなはだし
尽き	つき
尽くさ	つくさ
尽くし	つくし
尽くす	つくす
尽くせ	つくせ
尽くそ	つくそ
吹き荒れ	ふきあれ
吹き込ま	ふきこま
吹き込み	ふきこみ
吹き込む	ふきこむ
吹き込め	ふきこめ
吹き込も	ふきこも
吹き込ん	ふきこん
吹き飛ばさ	ふきとばさ
吹き飛ばし	ふきとばし
吹き飛ばす	ふきとばす
吹き飛ばせ	ふきとばせ
吹き飛ばそ	ふきとばそ
吹き飛ば	ふきとば
吹き飛び	ふきとび
吹き飛ぶ	ふきとぶ
吹き飛べ	ふきとべ
吹き飛ぼ	ふきとぼ
吹き飛ん	ふきとん
吹き返さ	ふきかえさ
吹き返し	ふきかえし
吹き返す	ふきかえす
吹き返せ	ふきかえせ
吹き返そ	ふきかえそ
吹か	ふか
吹き	ふき
吹く	ふく
吹け	ふけ
吹こ	ふこ
吹い	ふい
吹っ飛ば	ふっとば
吹っ飛び	ふっとび
吹っ飛ぶ	ふっとぶ
吹っ飛べ	ふっとべ
吹っ飛ぼ	ふっとぼ
吹っ飛ん	ふっとん
垂らし込ま	たらしこま
垂らし込み	たらしこみ
垂らし込む	たらしこむ
垂らし込め	たらしこめ
垂らし込も	たらしこも
垂らし込ん	たらしこん
垂らさ	たらさ
垂らし	たらし
垂らす	たらす
垂らせ	たらせ
垂らそ	たらそ
垂れ	たれ
垂れ下がら	たれさがら
垂れ下がり	たれさがり
垂れ下がる	たれさがる
垂れ下がれ	たれさがれ
垂れ下がろ	たれさがろ
垂れ下がっ	たれさがっ
推さ	おさ
推し	おし
推す	おす
推せ	おせ
推そ	おそ
炊き込ま	たきこま
炊き込み	たきこみ
炊き込む	たきこむ
炊き込め	たきこめ
炊き込も	たきこも
炊き込ん	たきこん
衰え	おとろえ
遂げ	とげ
酔わ	よわ
酔い	よい
酔う	よう
酔え	よえ
酔お	よお
酔っ	よっ
酔っ払わ	よっぱらわ
酔っ払い	よっぱらい
酔っ払う	よっぱらう
酔っ払え	よっぱらえ
酔っ払お	よっぱらお
酔っ払っ	よっぱらっ
瑞々し	みずみずし
数え	かぞえ
数え切れな	かぞえきれな
据え	すえ
据え付け	すえつけ
澄み切ら	すみきら
澄み切り	すみきり
澄み切る	すみきる
澄み切れ	すみきれ
澄み切ろ	すみきろ
澄み切っ	すみきっ
澄ま	すま
澄み	すみ
澄む	すむ
澄め	すめ
澄も	すも
澄ん	すん
畝ら	うねら
畝り	うねり
畝る	うねる
畝れ	うねれ
畝ろ	うねろ
畝っ	うねっ
凄い	すごい
凄く	すごく
凄か	すごか
凄け	すごけ
成し遂げ	なしとげ
成り立た	なりたた
成り立ち	なりたち
成り立つ	なりたつ
成り立て	なりたて
成り立と	なりたと
成り立っ	なりたっ
成ら	なら
成り	なり
成る	なる
成れ	なれ
成ろ	なろ
成っ	なっ
整え	ととのえ
晴れ	はれ
正し	ただし
正さ	たださ
正す	ただす
正せ	ただせ
正そ	ただそ
清い	きよい
清く	きよく
清か	きよか
清け	きよけ
生い茂ら	おいしげら
生い茂り	おいしげり
生い茂る	おいしげる
生い茂れ	おいしげれ
生い茂ろ	おいしげろ
生い茂っ	おいしげっ
生え	はえ
生き	いき
生き延び	いきのび
生き残ら	いきのこら
生き残り	いきのこり
生き残る	いきのこる
生き残れ	いきのこれ
生き残ろ	いきのころ
生き残っ	いきのこっ
生き返ら	いきかえら
生き返り	いきかえり
生き返る	いきかえる
生き返れ	いきかえれ
生き返ろ	いきかえろ
生き返っ	いきかえっ
生じ	しょうじ
生まれ	うまれ
生み出さ	うみださ
生み出し	うみだし
生み出す	うみだす
生み出せ	うみだせ
生み出そ	うみだそ
生やさ	はやさ
生やし	はやし
生やす	はやす
生やせ	はやせ
生やそ	はやそ
生ぬる	なまぬる
生臭い	なまぐさい
生臭く	なまぐさく
生臭か	なまぐさか
生臭け	なまぐさけ
盛り込ま	もりこま
盛り込み	もりこみ
盛り込む	もりこむ
盛り込め	もりこめ
盛り込も	もりこも
盛り込ん	もりこん
盛り上がら	もりあがら
盛り上がり	もりあがり
盛り上がる	もりあがる
盛り上がれ	もりあがれ
盛り上がろ	もりあがろ
盛り上がっ	もりあがっ
盛り上げ	もりあげ
盛り返さ	もりかえさ
盛り返し	もりかえし
盛り返す	もりかえす
盛り返せ	もりかえせ
盛り返そ	もりかえそ
盛ら	もら
盛り	さかり
盛る	もる
盛れ	もれ
盛ろ	もろ
盛っ	もっ
誓わ	ちかわ
誓い	ちかい
誓う	ちかう
誓え	ちかえ
誓お	ちかお
誓っ	ちかっ
請け合わ	うけあわ
請け合い	うけあい
請け合う	うけあう
請け合え	うけあえ
請け合お	うけあお
請け合っ	うけあっ
請け負わ	うけおわ
請け負い	うけおい
請け負う	うけおう
請け負え	うけおえ
請け負お	うけおお
請け負っ	うけおっ
青い	あおい
青く	あおく
青か	あおか
青け	あおけ
青ざめ	あおざめ
青白い	あおじろい
青白く	あおじろく
青白か	あおじろか
青白け	あおじろけ
脆い	もろい
脆く	もろく
脆か	もろか
脆け	もろけ
惜し	おし
惜しま	おしま
惜しみ	おしみ
惜しむ	おしむ
惜しめ	おしめ
惜しも	おしも
惜しん	おしん
積み込ま	つみこま
積み込み	つみこみ
積み込む	つみこむ
積み込め	つみこめ
積み込も	つみこも
積み込ん	つみこん
積み重なら	つみかさなら
積み重なり	つみかさなり
積み重なる	つみかさなる
積み重なれ	つみかさなれ
積み重なろ	つみかさなろ
積み重なっ	つみかさなっ
積み重ね	つみかさね
積み出さ	つみださ
積み出し	つみだし
積み出す	つみだす
積み出せ	つみだせ
積み出そ	つみだそ
積み上げ	つみあげ
積み立て	つみたて
積ま	つま
積み	つみ
積む	つむ
積め	つめ
積も	つも
積ん	つん
積もら	つもら
積もり	つもり
積もる	つもる
積もれ	つもれ
積もろ	つもろ
積もっ	つもっ
責め	せめ
赤い	あかい
赤く	あかく
赤か	あかか
赤け	あかけ
切な	せつな
切らさ	きらさ
切らし	きらし
切らす	きらす
切らせ	きらせ
切らそ	きらそ
切り下げ	きりさげ
切り詰め	きりつめ
切り込ま	きりこま
切り込み	きりこみ
切り込む	きりこむ
切り込め	きりこめ
切り込も	きりこも
切り込ん	きりこん
切り取ら	きりとら
切り取り	きりとり
切り取る	きりとる
切り取れ	きりとれ
切り取ろ	きりとろ
切り取っ	きりとっ
切り上げ	きりあげ
切り替わら	きりかわら
切り替わり	きりかわり
切り替わる	きりかわる
切り替われ	きりかわれ
切り替わろ	きりかわろ
切り替わっ	きりかわっ
切り倒さ	きりたおさ
切り倒し	きりたおし
切り倒す	きりたおす
切り倒せ	きりたおせ
切り倒そ	きりたおそ
切り崩さ	きりくずさ
切り崩し	きりくずし
切り崩す	きりくずす
切り崩せ	きりくずせ
切り崩そ	きりくずそ
切り落とさ	きりおとさ
切り落とし	きりおとし
切り落とす	きりおとす
切り落とせ	きりおとせ
切り落とそ	きりおとそ
切り離さ	きりはなさ
切り離し	きりはなし
切り離す	きりはなす
切り離せ	きりはなせ
切り離そ	きりはなそ
切り立た	きりたた
切り立ち	きりたち
切り立つ	きりたつ
切り立て	きりたて
切り立と	きりたと
切り立っ	きりたっ
切ら	きら
切り	きり
切る	きる
切れ	きれ
切ろ	きろ
切っ	きっ
切羽詰まら	せっぱつまら
切羽詰まり	せっぱつまり
切羽詰まる	せっぱつまる
切羽詰まれ	せっぱつまれ
切羽詰まろ	せっぱつまろ
切羽詰まっ	せっぱつまっ
折り合わ	おりあわ
折り合い	おりあい
折り合う	おりあう
折り合え	おりあえ
折り合お	おりあお
折り合っ	おりあっ
折り重なら	おりかさなら
折り重なり	おりかさなり
折り重なる	おりかさなる
折り重なれ	おりかさなれ
折り重なろ	おりかさなろ
折り重なっ	おりかさなっ
折り返さ	おりかえさ
折り返し	おりかえし
折り返す	おりかえす
折り返せ	おりかえせ
折り返そ	おりかえそ
折ら	おら
折り	おり
折る	おる
折れ	おれ
折ろ	おろ
折っ	おっ
設け	もうけ
説か	とか
説き	とき
説く	とく
説け	とけ
説こ	とこ
説い	とい
絶え	たえ
先駆け	さきがけ
先走ら	さきばしら
先走り	さきばしり
先走る	さきばしる
先走れ	さきばしれ
先走ろ	さきばしろ
先走っ	さきばしっ
先立た	さきだた
先立ち	さきだち
先立つ	さきだつ
先立て	さきだて
先立と	さきだと
先立っ	さきだっ
千切ら	ちぎら
千切り	せんぎり
千切る	ちぎる
千切れ	ちぎれ
千切ろ	ちぎろ
千切っ	ちぎっ
占わ	うらなわ
占い	うらない
占う	うらなう
占え	うらなえ
占お	うらなお
占っ	うらなっ
占め	しめ
尖ら	とがら
尖り	とがり
尖る	とがる
尖れ	とがれ
尖ろ	とがろ
尖っ	とがっ
浅い	あさい
浅く	あさく
浅か	あさか
浅け	あさけ
浅黒い	あさぐろい
浅黒く	あさぐろく
浅黒か	あさぐろか
浅黒け	あさぐろけ
洗わ	あらわ
洗い	あらい
洗う	あらう
洗え	あらえ
洗お	あらお
洗っ	あらっ
染まら	そまら
染まり	そまり
染まる	そまる
染まれ	そまれ
染まろ	そまろ
染まっ	そまっ
染み	しみ
染み込ま	しみこま
染み込み	しみこみ
染み込む	しみこむ
染み込め	しみこめ
染み込も	しみこも
染み込ん	しみこん
染め	そめ
潜ま	ひそま
潜み	ひそみ
潜む	ひそむ
潜め	ひそめ
潜も	ひそも
潜ん	ひそん
潜り込ま	もぐりこま
潜り込み	もぐりこみ
潜り込む	もぐりこむ
潜り込め	もぐりこめ
潜り込も	もぐりこも
潜り込ん	もぐりこん
煽ら	あおら
煽り	あおり
煽る	あおる
煽れ	あおれ
煽ろ	あおろ
煽っ	あおっ
羨まし	うらやまし
選び出さ	えらびださ
選び出し	えらびだし
選び出す	えらびだす
選び出せ	えらびだせ
選び出そ	えらびだそ
閃か	ひらめか
閃き	ひらめき
閃く	ひらめく
閃け	ひらめけ
閃こ	ひらめこ
閃い	ひらめい
繕わ	つくろわ
繕い	つくろい
繕う	つくろう
繕え	つくろえ
繕お	つくろお
繕っ	つくろっ
狙わ	ねらわ
狙い	ねらい
狙う	ねらう
狙え	ねらえ
狙お	ねらお
狙っ	ねらっ
粗い	あらい
粗く	あらく
粗か	あらか
粗け	あらけ
素晴らし	すばらし
素早い	すばやい
素早く	すばやく
素早か	すばやか
素早け	すばやけ
組み合わせ	くみあわせ
組み込ま	くみこま
組み込み	くみこみ
組み込む	くみこむ
組み込め	くみこめ
組み込も	くみこも
組み込ん	くみこん
組み替え	くみかえ
組み入れ	くみいれ
組み立て	くみたて
組ま	くま
組み	くみ
組む	くむ
組め	くめ
組も	くも
組ん	くん
訴え	うったえ
阻ま	はばま
阻み	はばみ
阻む	はばむ
阻め	はばめ
阻も	はばも
阻ん	はばん
遡ら	さかのぼら
遡り	さかのぼり
遡る	さかのぼる
遡れ	さかのぼれ
遡ろ	さかのぼろ
遡っ	さかのぼっ
探し求め	さがしもとめ
掃か	はか
掃き	はき
掃く	はく
掃け	はけ
掃こ	はこ
掃い	はい
掻か	かか
掻き	かき
掻く	かく
掻け	かけ
掻こ	かこ
掻い	かい
操ら	あやつら
操り	あやつり
操る	あやつる
操れ	あやつれ
操ろ	あやつろ
操っ	あやつっ
早まら	はやまら
早まり	はやまり
早まる	はやまる
早まれ	はやまれ
早まろ	はやまろ
早まっ	はやまっ
巣食わ	すくわ
巣食い	すくい
巣食う	すくう
巣食え	すくえ
巣食お	すくお
巣食っ	すくっ
巣立た	すだた
巣立ち	すだち
巣立つ	すだつ
巣立て	すだて
巣立と	すだと
巣立っ	すだっ
漕が	こが
漕ぎ	こぎ
漕ぐ	こぐ
漕げ	こげ
漕ご	こご
漕い	こい
燥が	はしゃが
燥ぎ	はしゃぎ
燥ぐ	はしゃぐ
燥げ	はしゃげ
燥ご	はしゃご
燥い	はしゃい
争わ	あらそわ
争い	あらそい
争う	あらそう
争え	あらそえ
争お	あらそお
争っ	あらそっ
相応し	ふさわし
相次が	あいつが
相次ぎ	あいつぎ
相次ぐ	あいつぐ
相次げ	あいつげ
相次ご	あいつご
相次い	あいつい
葬ら	ほうむら
葬り	ほうむり
葬る	ほうむる
葬れ	ほうむれ
葬ろ	ほうむろ
葬っ	ほうむっ
装わ	よそおわ
装い	よそおい
装う	よそおう
装え	よそおえ
装お	よそおお
装っ	よそおっ
走り回ら	はしりまわら
走り回り	はしりまわり
走り回る	はしりまわる
走り回れ	はしりまわれ
走り回ろ	はしりまわろ
走り回っ	はしりまわっ
走り去ら	はしりさら
走り去り	はしりさり
走り去る	はしりさる
走り去れ	はしりされ
走り去ろ	はしりさろ
走り去っ	はしりさっ
走り出さ	はしりださ
走り出し	はしりだし
走り出す	はしりだす
走り出せ	はしりだせ
走り出そ	はしりだそ
走ら	はしら
走り	はしり
走る	はしる
走れ	はしれ
走ろ	はしろ
走っ	はしっ
送り込ま	おくりこま
送り込み	おくりこみ
送り込む	おくりこむ
送り込め	おくりこめ
送り込も	おくりこも
送り込ん	おくりこん
送り出さ	おくりださ
送り出し	おくりだし
送り出す	おくりだす
送り出せ	おくりだせ
送り出そ	おくりだそ
送り届け	おくりとどけ
送り返さ	おくりかえさ
送り返し	おくりかえし
送り返す	おくりかえす
送り返せ	おくりかえせ
送り返そ	おくりかえそ
送ら	おくら
送り	おくり
送る	おくる
送れ	おくれ
送ろ	おくろ
送っ	おくっ
騒がし	さわがし
騒が	さわが
騒ぎ	さわぎ
騒ぐ	さわぐ
騒げ	さわげ
騒ご	さわご
騒い	さわい
騒めか	ざわめか
騒めき	ざわめき
騒めく	ざわめく
騒めけ	ざわめけ
騒めこ	ざわめこ
騒めい	ざわめい
増さ	まさ
増し	まし
増す	ます
増せ	ませ
増そ	まそ
憎ま	にくま
憎み	にくみ
憎む	にくむ
憎め	にくめ
憎も	にくも
憎ん	にくん
憎らし	にくらし
贈ら	おくら
贈り	おくり
贈る	おくる
贈れ	おくれ
贈ろ	おくろ
贈っ	おくっ
促さ	うながさ
促し	うながし
促す	うながす
促せ	うながせ
促そ	うながそ
足さ	たさ
足し	たし
足す	たす
足せ	たせ
足そ	たそ
足り	たり
足ら	たら
足る	たる
足れ	たれ
足ろ	たろ
足っ	たっ
早い	はやい
早く	はやく
早か	はやか
早け	はやけ
続か	つづか
続き	つづき
続く	つづく
続け	つづけ
続こ	つづこ
続い	つづい
揃わ	そろわ
揃い	そろい
揃う	そろう
揃え	そろえ
揃お	そろお
揃っ	そろっ
存じ	ぞんじ
損ね	そこね
多い	おおい
多く	おおく
多か	おおか
多け	おおけ
太い	ふとい
太く	ふとく
太か	ふとか
太け	ふとけ
太ら	ふとら
太り	ふとり
太る	ふとる
太れ	ふとれ
太ろ	ふとろ
太っ	ふとっ
打ち解け	うちとけ
打ち出さ	うちださ
打ち出し	うちだし
打ち出す	うちだす
打ち出せ	うちだせ
打ち出そ	うちだそ
打ち勝た	うちかた
打ち勝ち	うちかち
打ち勝つ	うちかつ
打ち勝て	うちかて
打ち勝と	うちかと
打ち勝っ	うちかっ
打ち上げ	うちあげ
打ち切ら	うちきら
打ち切り	うちきり
打ち切る	うちきる
打ち切れ	うちきれ
打ち切ろ	うちきろ
打ち切っ	うちきっ
打ち破ら	うちやぶら
打ち破り	うちやぶり
打ち破る	うちやぶる
打ち破れ	うちやぶれ
打ち破ろ	うちやぶろ
打ち破っ	うちやぶっ
打ち返さ	うちかえさ
打ち返し	うちかえし
打ち返す	うちかえす
打ち返せ	うちかえせ
打ち返そ	うちかえそ
打た	うた
打ち	うち
打つ	うつ
打て	うて
打と	うと
打っ	うっ
帯び	おび
待ち遠し	まちどおし
待ちかね	まちかね
待ち構え	まちかまえ
待ち合わせ	まちあわせ
待ち受け	まちうけ
待ち望ま	まちのぞま
待ち望み	まちのぞみ
待ち望む	まちのぞむ
待ち望め	まちのぞめ
待ち望も	まちのぞも
待ち望ん	まちのぞん
待た	また
待ち	まち
待つ	まつ
待て	まて
待と	まと
待っ	まっ
怠ら	おこたら
怠り	おこたり
怠る	おこたる
怠れ	おこたれ
怠ろ	おこたろ
怠っ	おこたっ
貸し出さ	かしださ
貸し出し	かしだし
貸し出す	かしだす
貸し出せ	かしだせ
貸し出そ	かしだそ
貸さ	かさ
貸し	かし
貸す	かす
貸せ	かせ
貸そ	かそ
退け	のけ
大人し	おとなし
大人っぽ	おとなっぽ
濁さ	にごさ
濁し	にごし
濁す	にごす
濁せ	にごせ
濁そ	にごそ
濁ら	にごら
濁り	にごり
濁る	にごる
濁れ	にごれ
濁ろ	にごろ
濁っ	にごっ
叩か	たたか
叩き	はたき
叩く	たたく
叩け	たたけ
叩こ	たたこ
叩い	たたい
奪い取ら	うばいとら
奪い取り	うばいとり
奪い取る	うばいとる
奪い取れ	うばいとれ
奪い取ろ	うばいとろ
奪い取っ	うばいとっ
奪わ	うばわ
奪い	うばい
奪う	うばう
奪え	うばえ
奪お	うばお
奪っ	うばっ
脱ぎ捨て	ぬぎすて
脱が	ぬが
脱ぎ	ぬぎ
脱ぐ	ぬぐ
脱げ	ぬげ
脱ご	ぬご
脱い	ぬい
たどり着か	たどりつか
たどり着き	たどりつき
たどり着く	たどりつく
たどり着け	たどりつけ
たどり着こ	たどりつこ
たどり着い	たどりつい
辿ら	たどら
辿り	たどり
辿る	たどる
辿れ	たどれ
辿ろ	たどろ
辿っ	たどっ
嘆か	なげか
嘆き	なげき
嘆く	なげく
嘆け	なげけ
嘆こ	なげこ
嘆い	なげい
担が	かつが
担ぎ	かつぎ
担ぐ	かつぐ
担げ	かつげ
担ご	かつご
担い	かつい
探ら	さぐら
探り	さぐり
探る	さぐる
探れ	さぐれ
探ろ	さぐろ
探っ	さぐっ
短い	みじかい
短く	みじかく
短か	みじかか
短け	みじかけ
綻び	ほころび
耽ら	ふけら
耽り	ふけり
耽る	ふける
耽れ	ふけれ
耽ろ	ふけろ
耽っ	ふけっ
鍛え	きたえ
弾か	はじか
弾き	はじき
弾く	はじく
弾け	はじけ
弾こ	はじこ
弾い	はじい
弾ま	はずま
弾み	はずみ
弾む	はずむ
弾め	はずめ
弾も	はずも
弾ん	はずん
断ち切ら	たちきら
断ち切り	たちきり
断ち切る	たちきる
断ち切れ	たちきれ
断ち切ろ	たちきろ
断ち切っ	たちきっ
断ら	ことわら
断り	ことわり
断る	ことわる
断れ	ことわれ
断ろ	ことわろ
断っ	ことわっ
男らし	おとこらし
値切ら	ねぎら
値切り	ねぎり
値切る	ねぎる
値切れ	ねぎれ
値切ろ	ねぎろ
値切っ	ねぎっ
知らせ	しらせ
知り合わ	しりあわ
知り合い	しりあい
知り合う	しりあう
知り合え	しりあえ
知り合お	しりあお
知り合っ	しりあっ
知ら	しら
知り	しり
知る	しる
知れ	しれ
知ろ	しろ
知っ	しっ
弛ま	たるま
弛み	たるみ
弛む	たるむ
弛め	たるめ
弛も	たるも
弛ん	たるん
恥じ	はじ
恥ずかし	はずかし
置き換え	おきかえ
置か	おか
置き	おき
置く	おく
置け	おけ
置こ	おこ
置い	おい
致さ	いたさ
致し	いたし
致す	いたす
致せ	いたせ
致そ	いたそ
遅い	おそい
遅く	おそく
遅か	おそか
遅け	おそけ
遅らさ	おくらさ
遅らし	おくらし
遅らす	おくらす
遅らせ	おくらせ
遅らそ	おくらそ
築き上げ	きずきあげ
築か	きずか
築き	きずき
築く	きずく
築け	きずけ
築こ	きずこ
築い	きずい
着か	つか
着き	つき
着く	つく
着け	つけ
着こ	つこ
着い	つい
着せ	きせ
着る	きる
着ま	きま
着た	きた
着て	きて
着な	きな
着ら	きら
着さ	きさ
着よ	きよ
着ろ	きろ
着れ	きれ
着ず	きず
着込ま	きこま
着込み	きこみ
着込む	きこむ
着込め	きこめ
着込も	きこも
着込ん	きこん
着飾ら	きかざら
着飾り	きかざり
着飾る	きかざる
着飾れ	きかざれ
着飾ろ	きかざろ
着飾っ	きかざっ
着替え	きがえ
著し	いちじるし
著さ	あらわさ
著す	あらわす
著せ	あらわせ
著そ	あらわそ
萎ま	しぼま
萎み	しぼみ
萎む	しぼむ
萎め	しぼめ
萎も	しぼも
萎ん	しぼん
喋ら	しゃべら
喋り	しゃべり
喋る	しゃべる
喋れ	しゃべれ
喋ろ	しゃべろ
喋っ	しゃべっ
張り詰め	はりつめ
張り合わ	はりあわ
張り合い	はりあい
張り合う	はりあう
張り合え	はりあえ
張り合お	はりあお
張り合っ	はりあっ
張り込ま	はりこま
張り込み	はりこみ
張り込む	はりこむ
張り込め	はりこめ
張り込も	はりこも
張り込ん	はりこん
張り出さ	はりださ
張り出し	はりだし
張り出す	はりだす
張り出せ	はりだせ
張り出そ	はりだそ
張り巡らさ	はりめぐらさ
張り巡らし	はりめぐらし
張り巡らす	はりめぐらす
張り巡らせ	はりめぐらせ
張り巡らそ	はりめぐらそ
張り上げ	はりあげ
張り切ら	はりきら
張り切り	はりきり
張り切る	はりきる
張り切れ	はりきれ
張り切ろ	はりきろ
張り切っ	はりきっ
張ら	はら
張り	ばり
張る	はる
張れ	はれ
張ろ	はろ
張っ	はっ
彫り上げ	ほりあげ
彫ら	ほら
彫り	ほり
彫る	ほる
彫れ	ほれ
彫ろ	ほろ
彫っ	ほっ
懲り	こり
眺め	ながめ
調べ	しらべ
跳ね	はね
跳ね返ら	はねかえら
跳ね返り	はねかえり
跳ね返る	はねかえる
跳ね返れ	はねかえれ
跳ね返ろ	はねかえろ
跳ね返っ	はねかえっ
飛び上がら	とびあがら
飛び上がり	とびあがり
飛び上がる	とびあがる
飛び上がれ	とびあがれ
飛び上がろ	とびあがろ
飛び上がっ	とびあがっ
飛ば	とば
飛び	とび
飛ぶ	とぶ
飛べ	とべ
飛ぼ	とぼ
飛ん	とん
長い	ながい
長く	ながく
長か	ながか
長け	ながけ
捗ら	はかどら
捗り	はかどり
捗る	はかどる
捗れ	はかどれ
捗ろ	はかどろ
捗っ	はかどっ
沈ま	しずま
沈み	しずみ
沈む	しずむ
沈め	しずめ
沈も	しずも
沈ん	しずん
珍し	めずらし
追い越さ	おいこさ
追い越し	おいこし
追い越す	おいこす
追い越せ	おいこせ
追い越そ	おいこそ
追い回さ	おいまわさ
追い回し	おいまわし
追い回す	おいまわす
追い回せ	おいまわせ
追い回そ	おいまわそ
追い詰め	おいつめ
追い込ま	おいこま
追い込み	おいこみ
追い込む	おいこむ
追い込め	おいこめ
追い込も	おいこも
追い込ん	おいこん
追い出さ	おいださ
追い出し	おいだし
追い出す	おいだす
追い出せ	おいだせ
追い出そ	おいだそ
追い抜か	おいぬか
追い抜き	おいぬき
追い抜く	おいぬく
追い抜け	おいぬけ
追い抜こ	おいぬこ
追い抜い	おいぬい
追い払わ	おいはらわ
追い払い	おいばらい
追い払う	おいはらう
追い払え	おいはらえ
追い払お	おいはらお
追い払っ	おいはらっ
追い返さ	おいかえさ
追い返し	おいかえし
追い返す	おいかえす
追い返せ	おいかえせ
追い返そ	おいかえそ
追い立て	おいたて
追わ	おわ
追い	おい
追う	おう
追え	おえ
追お	おお
追っ	おっ
痛い	いたい
痛く	いたく
痛か	いたか
痛け	いたけ
痛ま	いたま
痛み	いたみ
痛む	いたむ
痛め	いため
痛も	いたも
痛ん	いたん
通わ	かよわ
通い	かよい
通う	かよう
通え	かよえ
通お	かよお
通っ	かよっ
通じ	つうじ
通じ合わ	つうじあわ
通じ合い	つうじあい
通じ合う	つうじあう
通じ合え	つうじあえ
通じ合お	つうじあお
通じ合っ	つうじあっ
通さ	とおさ
通し	とおし
通す	とおす
通せ	とおせ
通そ	とおそ
通り越さ	とおりこさ
通り越し	とおりこし
通り越す	とおりこす
通り越せ	とおりこせ
通り越そ	とおりこそ
通り過ぎ	とおりすぎ
通り抜け	とおりぬけ
通ら	とおら
通り	どおり
通る	とおる
通れ	とおれ
通ろ	とおろ
掴ま	つかま
掴み	つかみ
掴む	つかむ
掴め	つかめ
掴も	つかも
掴ん	つかん
浸から	つから
浸かり	つかり
浸かる	つかる
浸かれ	つかれ
浸かろ	つかろ
浸かっ	つかっ
漬け	つけ
綴じ	とじ
綴ら	つづら
綴り	つづり
綴る	つづる
綴れ	つづれ
綴ろ	つづろ
綴っ	つづっ
潰さ	つぶさ
潰し	つぶし
潰す	つぶす
潰せ	つぶせ
潰そ	つぶそ
潰れ	つぶれ
吊るさ	つるさ
吊るし	つるし
吊るす	つるす
吊るせ	つるせ
吊るそ	つるそ
吊ら	つら
吊り	つり
吊る	つる
吊れ	つれ
吊ろ	つろ
吊っ	つっ
釣り合わ	つりあわ
釣り合い	つりあい
釣り合う	つりあう
釣り合え	つりあえ
釣り合お	つりあお
釣り合っ	つりあっ
釣ら	つら
釣り	つり
釣る	つる
釣れ	つれ
釣ろ	つろ
釣っ	つっ
低い	ひくい
低く	ひくく
低か	ひくか
低け	ひくけ
低め	ひくめ
定まら	さだまら
定まり	さだまり
定まる	さだまる
定まれ	さだまれ
定まろ	さだまろ
定まっ	さだまっ
定め	さだめ
閉まら	しまら
閉まり	しまり
閉まる	しまる
閉まれ	しまれ
閉まろ	しまろ
閉まっ	しまっ
締め	しめ
締め付け	しめつけ
諦め	あきらめ
摘ま	つまま
摘み	つまみ
摘む	つまむ
摘め	つまめ
摘も	つまも
摘ん	つまん
溺れ	おぼれ
添わ	そわ
添い	そい
添う	そう
添え	そえ
添お	そお
添っ	そっ
纏め	まとめ
転がさ	ころがさ
転がし	ころがし
転がす	ころがす
転がせ	ころがせ
転がそ	ころがそ
転がり込ま	ころがりこま
転がり込み	ころがりこみ
転がり込む	ころがりこむ
転がり込め	ころがりこめ
転がり込も	ころがりこも
転がり込ん	ころがりこん
転がら	ころがら
転がり	ころがり
転がる	ころがる
転がれ	ころがれ
転がろ	ころがろ
転がっ	ころがっ
転げ落ち	ころげおち
転じ	てんじ
点か	つか
点き	つき
点く	つく
点け	つけ
点こ	つこ
点い	つい
伝わ	つたわ
伝い	つたい
伝う	つたう
伝え	つたえ
伝お	つたお
伝っ	つたっ
伝わら	つたわら
伝わり	つたわり
伝わる	つたわる
伝われ	つたわれ
伝わろ	つたわろ
伝わっ	つたわっ
吐き出さ	はきださ
吐き出し	はきだし
吐き出す	はきだす
吐き出せ	はきだせ
吐き出そ	はきだそ
吐か	つか
吐き	つき
吐く	つく
吐け	つけ
吐こ	つこ
吐い	つい
塗り替え	ぬりかえ
塗ら	ぬら
塗り	ぬり
塗る	ぬる
塗れ	ぬれ
塗ろ	ぬろ
塗っ	ぬっ
妬ま	ねたま
妬み	ねたみ
妬む	ねたむ
妬め	ねため
妬も	ねたも
妬ん	ねたん
渡さ	わたさ
渡し	わたし
渡す	わたす
渡せ	わたせ
渡そ	わたそ
渡り合わ	わたりあわ
渡り合い	わたりあい
渡り合う	わたりあう
渡り合え	わたりあえ
渡り合お	わたりあお
渡り合っ	わたりあっ
渡ら	わたら
渡り	わたり
渡る	わたる
渡れ	わたれ
渡ろ	わたろ
渡っ	わたっ
賭け	かけ
途絶え	とだえ
怒ら	おこら
怒り	いかり
怒る	おこる
怒れ	おこれ
怒ろ	おころ
怒っ	おこっ
怒鳴ら	どなら
怒鳴り	どなり
怒鳴る	どなる
怒鳴れ	どなれ
怒鳴ろ	どなろ
怒鳴っ	どなっ
倒さ	たおさ
倒し	たおし
倒す	たおす
倒せ	たおせ
倒そ	たおそ
倒れ	たおれ
凍え	こごえ
悼ま	いたま
悼み	いたみ
悼む	いたむ
悼め	いため
悼も	いたも
悼ん	いたん
投げ	なげ
投げ込ま	なげこま
投げ込み	なげこみ
投げ込む	なげこむ
投げ込め	なげこめ
投げ込も	なげこも
投げ込ん	なげこん
投げ捨て	なげすて
投げ出さ	なげださ
投げ出し	なげだし
投げ出す	なげだす
投げ出せ	なげだせ
投げ出そ	なげだそ
投げ入れ	なげいれ
投じ	とうじ
盗ま	ぬすま
盗み	ぬすみ
盗む	ぬすむ
盗め	ぬすめ
盗も	ぬすも
盗ん	ぬすん
当たら	あたら
当たり	あたり
当たる	あたる
当たれ	あたれ
当たろ	あたろ
当たっ	あたっ
当て	あて
当て込ま	あてこま
当て込み	あてこみ
当て込む	あてこむ
当て込め	あてこめ
当て込も	あてこも
当て込ん	あてこん
当てはまら	あてはまら
当てはまり	あてはまり
当てはまる	あてはまる
当てはまれ	あてはまれ
当てはまろ	あてはまろ
当てはまっ	あてはまっ
等し	ひとし
答え	こたえ
踏まえ	ふまえ
踏み込ま	ふみこま
踏み込み	ふみこみ
踏み込む	ふみこむ
踏み込め	ふみこめ
踏み込も	ふみこも
踏み込ん	ふみこん
踏み出さ	ふみださ
踏み出し	ふみだし
踏み出す	ふみだす
踏み出せ	ふみだせ
踏み出そ	ふみだそ
踏み切ら	ふみきら
踏み切り	ふみきり
踏み切る	ふみきる
踏み切れ	ふみきれ
踏み切ろ	ふみきろ
踏み切っ	ふみきっ
踏み入れ	ふみいれ
踏ま	ふま
踏み	ふみ
踏む	ふむ
踏め	ふめ
踏も	ふも
踏ん	ふん
踏ん張ら	ふんばら
踏ん張り	ふんばり
踏ん張る	ふんばる
踏ん張れ	ふんばれ
踏ん張ろ	ふんばろ
踏ん張っ	ふんばっ
逃がさ	にがさ
逃がし	にがし
逃がす	にがす
逃がせ	にがせ
逃がそ	にがそ
逃げ	にげ
逃げ回ら	にげまわら
逃げ回り	にげまわり
逃げ回る	にげまわる
逃げ回れ	にげまわれ
逃げ回ろ	にげまわろ
逃げ回っ	にげまわっ
逃げ込ま	にげこま
逃げ込み	にげこみ
逃げ込む	にげこむ
逃げ込め	にげこめ
逃げ込も	にげこも
逃げ込ん	にげこん
逃げ出さ	にげださ
逃げ出し	にげだし
逃げ出す	にげだす
逃げ出せ	にげだせ
逃げ出そ	にげだそ
逃げ惑わ	にげまどわ
逃げ惑い	にげまどい
逃げ惑う	にげまどう
逃げ惑え	にげまどえ
逃げ惑お	にげまどお
逃げ惑っ	にげまどっ
逃れ	のがれ
透き通ら	すきとおら
透き通り	すきとおり
透き通る	すきとおる
透き通れ	すきとおれ
透き通ろ	すきとおろ
透き通っ	すきとおっ
働きかけ	はたらきかけ
働か	はたらか
働き	はたらき
働く	はたらく
働け	はたらけ
働こ	はたらこ
働い	はたらい
動かさ	うごかさ
動かし	うごかし
動かす	うごかす
動かせ	うごかせ
動かそ	うごかそ
動き回ら	うごきまわら
動き回り	うごきまわり
動き回る	うごきまわる
動き回れ	うごきまわれ
動き回ろ	うごきまわろ
動き回っ	うごきまわっ
動か	うごか
動き	うごき
動く	うごく
動け	うごけ
動こ	うごこ
動い	うごい
動じ	どうじ
導き出さ	みちびきださ
導き出し	みちびきだし
導き出す	みちびきだす
導き出せ	みちびきだせ
導き出そ	みちびきだそ
導か	みちびか
導き	みちびき
導く	みちびく
導け	みちびけ
導こ	みちびこ
導い	みちびい
憧れ	あこがれ
得難い	えがたい
得難く	えがたく
得難か	えがたか
得難け	えがたけ
禿げ	はげ
読み取ら	よみとら
読み取り	よみとり
読み取る	よみとる
読み取れ	よみとれ
読み取ろ	よみとろ
読み取っ	よみとっ
読み上げ	よみあげ
読み直さ	よみなおさ
読み直し	よみなおし
読み直す	よみなおす
読み直せ	よみなおせ
読み直そ	よみなおそ
読み返さ	よみかえさ
読み返し	よみかえし
読み返す	よみかえす
読み返せ	よみかえせ
読み返そ	よみかえそ
読ま	よま
読み	よみ
読む	よむ
読め	よめ
読も	よも
読ん	よん
突き詰め	つきつめ
突き合わせ	つきあわせ
突き刺さら	つきささら
突き刺さり	つきささり
突き刺さる	つきささる
突き刺され	つきさされ
突き刺さろ	つきささろ
突き刺さっ	つきささっ
突き刺さ	つきささ
突き刺し	つきさし
突き刺す	つきさす
突き刺せ	つきさせ
突き刺そ	つきさそ
突き止め	つきとめ
突き出さ	つきださ
突き出し	つきだし
突き出す	つきだす
突き出せ	つきだせ
突き出そ	つきだそ
突き出る	つきでる
突き出ま	つきでま
突き出た	つきでた
突き出て	つきでて
突き出な	つきでな
突き出ら	つきでら
突き出よ	つきでよ
突き出ろ	つきでろ
突き出れ	つきでれ
突き出ず	つきでず
突き上げ	つきあげ
突き進ま	つきすすま
突き進み	つきすすみ
突き進む	つきすすむ
突き進め	つきすすめ
突き進も	つきすすも
突き進ん	つきすすん
突き当たら	つきあたら
突き当たり	つきあたり
突き当たる	つきあたる
突き当たれ	つきあたれ
突き当たろ	つきあたろ
突き当たっ	つきあたっ
突き破ら	つきやぶら
突き破り	つきやぶり
突き破る	つきやぶる
突き破れ	つきやぶれ
突き破ろ	つきやぶろ
突き破っ	つきやぶっ
突き抜け	つきぬけ
突き飛ばさ	つきとばさ
突き飛ばし	つきとばし
突き飛ばす	つきとばす
突き飛ばせ	つきとばせ
突き飛ばそ	つきとばそ
突き落とさ	つきおとさ
突き落とし	つきおとし
突き落とす	つきおとす
突き落とせ	つきおとせ
突き落とそ	つきおとそ
突か	つか
突き	つき
突く	つく
突け	つけ
突こ	つこ
突い	つい
突っ込ま	つっこま
突っ込み	つっこみ
突っ込む	つっこむ
突っ込め	つっこめ
突っ込も	つっこも
突っ込ん	つっこん
突っ走ら	つっぱしら
突っ走り	つっぱしり
突っ走る	つっぱしる
突っ走れ	つっぱしれ
突っ走ろ	つっぱしろ
突っ走っ	つっぱしっ
突っ立た	つったた
突っ立ち	つったち
突っ立つ	つったつ
突っ立て	つったて
突っ立と	つったと
突っ立っ	つったっ
突き崩さ	つきくずさ
突き崩し	つきくずし
突き崩す	つきくずす
突き崩せ	つきくずせ
突き崩そ	つきくずそ
届か	とどか
届き	とどき
届く	とどく
届け	とどけ
届こ	とどこ
届い	とどい
届け出る	とどけでる
届け出ま	とどけでま
届け出た	とどけでた
届け出て	とどけでて
届け出な	とどけでな
届け出ら	とどけでら
届け出さ	とどけでさ
届け出よ	とどけでよ
届け出ろ	とどけでろ
届け出れ	とどけでれ
届け出ず	とどけでず
曇ら	くもら
曇り	くもり
曇る	くもる
曇れ	くもれ
曇ろ	くもろ
曇っ	くもっ
馴れ馴れし	なれなれし
馴染ま	なじま
馴染み	なじみ
馴染む	なじむ
馴染め	なじめ
馴染も	なじも
馴染ん	なじん
難し	むずかし
賑わわ	にぎわわ
賑わい	にぎわい
賑わう	にぎわう
賑わえ	にぎわえ
賑わお	にぎわお
賑わっ	にぎわっ
入り込ま	はいりこま
入り込み	いりごみ
入り込む	はいりこむ
入り込め	はいりこめ
入り込も	はいりこも
入り込ん	はいりこん
入り組ま	いりくま
入り組み	いりくみ
入り組む	いりくむ
入り組め	いりくめ
入り組も	いりくも
入り組ん	いりくん
入り乱れ	いりみだれ
入ら	はいら
入り	はいり
入る	はいる
入れ	いれ
入ろ	はいろ
入っ	はいっ
任さ	まかさ
任し	まかし
任す	まかす
任せ	まかせ
任そ	まかそ
忍び寄ら	しのびよら
忍び寄り	しのびより
忍び寄る	しのびよる
忍び寄れ	しのびよれ
忍び寄ろ	しのびよろ
忍び寄っ	しのびよっ
忍び込ま	しのびこま
忍び込み	しのびこみ
忍び込む	しのびこむ
忍び込め	しのびこめ
忍び込も	しのびこも
忍び込ん	しのびこん
忍ば	しのば
忍び	しのび
忍ぶ	しのぶ
忍べ	しのべ
忍ぼ	しのぼ
忍ん	しのん
認め	みとめ
濡らさ	ぬらさ
濡らし	ぬらし
濡らす	ぬらす
濡らせ	ぬらせ
濡らそ	ぬらそ
濡れ	ぬれ
熱い	あつい
熱く	あつく
熱か	あつか
熱け	あつけ
年寄ら	としよら
年寄り	としより
年寄る	としよる
年寄れ	としよれ
年寄ろ	としよろ
年寄っ	としよっ
年老い	としおい
捻ら	ひねら
捻り	ひねり
捻る	ひねる
捻れ	ひねれ
捻ろ	ひねろ
捻っ	ひねっ
燃え	もえ
燃え移ら	もえうつら
燃え移り	もえうつり
燃え移る	もえうつる
燃え移れ	もえうつれ
燃え移ろ	もえうつろ
燃え移っ	もえうつっ
燃え広がら	もえひろがら
燃え広がり	もえひろがり
燃え広がる	もえひろがる
燃え広がれ	もえひろがれ
燃え広がろ	もえひろがろ
燃え広がっ	もえひろがっ
燃え上がら	もえあがら
燃え上がり	もえあがり
燃え上がる	もえあがる
燃え上がれ	もえあがれ
燃え上がろ	もえあがろ
燃え上がっ	もえあがっ
燃え尽き	もえつき
粘り強い	ねばりづよい
粘り強く	ねばりづよく
粘り強か	ねばりづよか
粘り強け	ねばりづよけ
粘ら	ねばら
粘り	ねばり
粘る	ねばる
粘れ	ねばれ
粘ろ	ねばろ
粘っ	ねばっ
悩まさ	なやまさ
悩まし	なやまし
悩ます	なやます
悩ませ	なやませ
悩まそ	なやまそ
悩ま	なやま
悩み	なやみ
悩む	なやむ
悩め	なやめ
悩も	なやも
悩ん	なやん
濃い	こい
濃く	こく
濃か	こか
濃け	こけ
覗か	のぞか
覗き	のぞき
覗く	のぞく
覗け	のぞけ
覗こ	のぞこ
覗い	のぞい
波打た	なみうた
波打ち	なみうち
波打つ	なみうつ
波打て	なみうて
波打と	なみうと
波打っ	なみうっ
破ら	やぶら
破り	やぶり
破る	やぶる
破れ	やぶれ
破ろ	やぶろ
破っ	やぶっ
罵ら	ののしら
罵り	ののしり
罵る	ののしる
罵れ	ののしれ
罵ろ	ののしろ
罵っ	ののしっ
拝ま	おがま
拝み	おがみ
拝む	おがむ
拝め	おがめ
拝も	おがも
拝ん	おがん
敗れ	やぶれ
背か	そむか
背き	そむき
背く	そむく
背け	そむけ
背こ	そむこ
背い	そむい
背負わ	せおわ
背負い	せおい
背負う	せおう
背負え	せおえ
背負お	せおお
背負っ	せおっ
配ら	くばら
配り	くばり
配る	くばる
配れ	くばれ
配ろ	くばろ
配っ	くばっ
買い求め	かいもとめ
買い込ま	かいこま
買い込み	かいこみ
買い込む	かいこむ
買い込め	かいこめ
買い込も	かいこも
買い込ん	かいこん
買い取ら	かいとら
買い取り	かいとり
買い取る	かいとる
買い取れ	かいとれ
買い取ろ	かいとろ
買い取っ	かいとっ
買い上げ	かいあげ
買い入れ	かいいれ
買い戻さ	かいもどさ
買い戻し	かいもどし
買い戻す	かいもどす
買い戻せ	かいもどせ
買い戻そ	かいもどそ
買わ	かわ
買い	かい
買う	かう
買え	かえ
買お	かお
買っ	かっ
売り込ま	うりこま
売り込み	うりこみ
売り込む	うりこむ
売り込め	うりこめ
売り込も	うりこも
売り込ん	うりこん
売り出さ	うりださ
売り出し	うりだし
売り出す	うりだす
売り出せ	うりだせ
売り出そ	うりだそ
売り切れ	うりきれ
売り渡さ	うりわたさ
売り渡し	うりわたし
売り渡す	うりわたす
売り渡せ	うりわたせ
売り渡そ	うりわたそ
売り払わ	うりはらわ
売り払い	うりはらい
売り払う	うりはらう
売り払え	うりはらえ
売り払お	うりはらお
売り払っ	うりはらっ
売ら	うら
売り	うり
売る	うる
売れ	うれ
売ろ	うろ
売っ	うっ
這わ	はわ
這い	はい
這う	はう
這え	はえ
這お	はお
這っ	はっ
剥がれ	はがれ
剥か	むか
剥き	むき
剥く	むく
剥け	むけ
剥こ	むこ
剥い	むい
剥げ	はげ
泊まら	とまら
泊まり	とまり
泊まる	とまる
泊まれ	とまれ
泊まろ	とまろ
泊まっ	とまっ
泊め	とめ
白い	しろい
白く	しろく
白か	しろか
白け	しろけ
薄い	うすい
薄く	うすく
薄か	うすか
薄け	うすけ
薄め	うすめ
薄れ	うすれ
薄暗い	うすぐらい
薄暗く	うすぐらく
薄暗か	うすぐらか
薄暗け	うすぐらけ
迫ら	せまら
迫り	せまり
迫る	せまる
迫れ	せまれ
迫ろ	せまろ
迫っ	せまっ
縛ら	しばら
縛り	しばり
縛る	しばる
縛れ	しばれ
縛ろ	しばろ
縛っ	しばっ
討た	うた
討ち	うち
討つ	うつ
討て	うて
討と	うと
討っ	うっ
抜かさ	ぬかさ
抜かし	ぬかし
抜かす	ぬかす
抜かせ	ぬかせ
抜かそ	ぬかそ
抜き取ら	ぬきとら
抜き取り	ぬきとり
抜き取る	ぬきとる
抜き取れ	ぬきとれ
抜き取ろ	ぬきとろ
抜き取っ	ぬきとっ
抜き出さ	ぬきださ
抜き出し	ぬきだし
抜き出す	ぬきだす
抜き出せ	ぬきだせ
抜き出そ	ぬきだそ
抜か	ぬか
抜き	ぬき
抜く	ぬく
抜け	ぬけ
抜こ	ぬこ
抜い	ぬい
抜け出さ	ぬけださ
抜け出し	ぬけだし
抜け出す	ぬけだす
抜け出せ	ぬけだせ
抜け出そ	ぬけだそ
抜け出る	ぬけでる
抜け出ま	ぬけでま
抜け出た	ぬけでた
抜け出て	ぬけでて
抜け出な	ぬけでな
抜け出ら	ぬけでら
抜け出よ	ぬけでよ
抜け出ろ	ぬけでろ
抜け出れ	ぬけでれ
抜け出ず	ぬけでず
抜け落ち	ぬけおち
伴わ	ともなわ
伴い	ともない
伴う	ともなう
伴え	ともなえ
伴お	ともなお
伴っ	ともなっ
反ら	そら
反り	そり
反る	そる
反れ	それ
反ろ	そろ
反っ	そっ
犯さ	おかさ
犯し	おかし
犯す	おかす
犯せ	おかせ
犯そ	おかそ
煩い	うるさい
煩く	うるさく
煩か	うるさか
煩け	うるさけ
煩わし	わずらわし
卑し	いやし
庇わ	かばわ
庇い	かばい
庇う	かばう
庇え	かばえ
庇お	かばお
庇っ	かばっ
悲し	かなし
悲しま	かなしま
悲しみ	かなしみ
悲しむ	かなしむ
悲しめ	かなしめ
悲しも	かなしも
悲しん	かなしん
比べ	くらべ
疲れ	つかれ
疲れ果て	つかれはて
秘め	ひめ
肥え	こえ
被せ	かぶせ
被ら	かぶら
被り	かぶり
被る	かぶる
被れ	かぶれ
被ろ	かぶろ
被っ	かぶっ
費やさ	ついやさ
費やし	ついやし
費やす	ついやす
費やせ	ついやせ
費やそ	ついやそ
飛ばさ	とばさ
飛ばし	とばし
飛ばす	とばす
飛ばせ	とばせ
飛ばそ	とばそ
飛び越え	とびこえ
飛び越さ	とびこさ
飛び越し	とびこし
飛び越す	とびこす
飛び越せ	とびこせ
飛び越そ	とびこそ
飛び回ら	とびまわら
飛び回り	とびまわり
飛び回る	とびまわる
飛び回れ	とびまわれ
飛び回ろ	とびまわろ
飛び回っ	とびまわっ
飛び起き	とびおき
飛び去ら	とびさら
飛び去り	とびさり
飛び去る	とびさる
飛び去れ	とびされ
飛び去ろ	とびさろ
飛び去っ	とびさっ
飛び交わ	とびかわ
飛び交い	とびかい
飛び交う	とびかう
飛び交え	とびかえ
飛び交お	とびかお
飛び交っ	とびかっ
飛び散ら	とびちら
飛び散り	とびちり
飛び散る	とびちる
飛び散れ	とびちれ
飛び散ろ	とびちろ
飛び散っ	とびちっ
飛び出さ	とびださ
飛び出し	とびだし
飛び出す	とびだす
飛び出せ	とびだせ
飛び出そ	とびだそ
飛び出る	とびでる
飛び出ま	とびでま
飛び出た	とびでた
飛び出て	とびでて
飛び出な	とびでな
飛び出ら	とびでら
飛び出よ	とびでよ
飛び出ろ	とびでろ
飛び出れ	とびでれ
飛び出ず	とびでず
飛び乗ら	とびのら
飛び乗り	とびのり
飛び乗る	とびのる
飛び乗れ	とびのれ
飛び乗ろ	とびのろ
飛び乗っ	とびのっ
飛び立た	とびたた
飛び立ち	とびたち
飛び立つ	とびたつ
飛び立て	とびたて
飛び立と	とびたと
飛び立っ	とびたっ
備え付け	そなえつけ
微笑ま	ほほえま
微笑み	ほほえみ
微笑む	ほほえむ
微笑め	ほほえめ
微笑も	ほほえも
微笑ん	ほほえん
美し	うつくし
美味し	おいし
漂わ	ただよわ
漂い	ただよい
漂う	ただよう
漂え	ただよえ
漂お	ただよお
漂っ	ただよっ
表立た	おもてだた
表立ち	おもてだち
表立つ	おもてだつ
表立て	おもてだて
表立と	おもてだと
表立っ	おもてだっ
描き出さ	えがきださ
描き出し	えがきだし
描き出す	えがきだす
描き出せ	えがきだせ
描き出そ	えがきだそ
病ま	やま
病み	やみ
病む	やむ
病め	やめ
病も	やも
病ん	やん
貧し	まずし
不味い	まずい
不味く	まずく
不味か	まずか
不味け	まずけ
付き添わ	つきそわ
付き添い	つきそい
付き添う	つきそう
付き添え	つきそえ
付き添お	つきそお
付き添っ	つきそっ
付か	つか
付き	つき
付く	つく
付け	つけ
付こ	つこ
付い	つい
付け加え	つけくわえ
つけ込ま	つけこま
つけ込み	つけこみ
つけ込む	つけこむ
つけ込め	つけこめ
つけ込も	つけこも
つけ込ん	つけこん
付け足さ	つけたさ
付け足し	つけたし
付け足す	つけたす
付け足せ	つけたせ
付け足そ	つけたそ
付け入ら	つけいら
付け入り	つけいり
付け入る	つけいる
付け入れ	つけいれ
付け入ろ	つけいろ
付け入っ	つけいっ
富ま	とま
富み	とみ
富む	とむ
富め	とめ
富も	とも
富ん	とん
怖がら	こわがら
怖がり	こわがり
怖がる	こわがる
怖がれ	こわがれ
怖がろ	こわがろ
怖がっ	こわがっ
敷か	しか
敷き	しき
敷く	しく
敷け	しけ
敷こ	しこ
敷い	しい
浮かび上がら	うかびあがら
浮かび上がり	うかびあがり
浮かび上がる	うかびあがる
浮かび上がれ	うかびあがれ
浮かび上がろ	うかびあがろ
浮かび上がっ	うかびあがっ
浮かべ	うかべ
浮かれ	うかれ
浮き上がら	うきあがら
浮き上がり	うきあがり
浮き上がる	うきあがる
浮き上がれ	うきあがれ
浮き上がろ	うきあがろ
浮き上がっ	うきあがっ
浮き立た	うきたた
浮き立ち	うきたち
浮き立つ	うきたつ
浮き立て	うきたて
浮き立と	うきたと
浮き立っ	うきたっ
浮か	うか
浮き	うき
浮く	うく
浮け	うけ
浮こ	うこ
浮い	うい
浮かば	うかば
浮かび	うかび
浮かぶ	うかぶ
浮かぼ	うかぼ
浮かん	うかん
腐ら	くさら
腐り	くさり
腐る	くさる
腐れ	くされ
腐ろ	くさろ
腐っ	くさっ
負わ	おわ
負い	おい
負う	おう
負え	おえ
負お	おお
負っ	おっ
負かさ	まかさ
負かし	まかし
負かす	まかす
負かせ	まかせ
負かそ	まかそ
負け	まけ
赴か	おもむか
赴き	おもむき
赴く	おもむく
赴け	おもむけ
赴こ	おもむこ
赴い	おもむい
撫で	なで
舞い込ま	まいこま
舞い込み	まいこみ
舞い込む	まいこむ
舞い込め	まいこめ
舞い込も	まいこも
舞い込ん	まいこん
舞い上がら	まいあがら
舞い上がり	まいあがり
舞い上がる	まいあがる
舞い上がれ	まいあがれ
舞い上がろ	まいあがろ
舞い上がっ	まいあがっ
舞い戻ら	まいもどら
舞い戻り	まいもどり
舞い戻る	まいもどる
舞い戻れ	まいもどれ
舞い戻ろ	まいもどろ
舞い戻っ	まいもどっ
舞わ	まわ
舞い	まい
舞う	まう
舞え	まえ
舞お	まお
舞っ	まっ
伏せ	ふせ
幅広い	はばひろい
幅広く	はばひろく
幅広か	はばひろか
幅広け	はばひろけ
腹立たし	はらだたし
覆さ	くつがえさ
覆し	くつがえし
覆す	くつがえす
覆せ	くつがえせ
覆そ	くつがえそ
払い下げ	はらいさげ
払い込ま	はらいこま
払い込み	はらいこみ
払い込む	はらいこむ
払い込め	はらいこめ
払い込も	はらいこも
払い込ん	はらいこん
払い戻さ	はらいもどさ
払い戻し	はらいもどし
払い戻す	はらいもどす
払い戻せ	はらいもどせ
払い戻そ	はらいもどそ
払わ	はらわ
払い	はらい
払う	はらう
払え	はらえ
払お	はらお
払っ	はらっ
沸かさ	わかさ
沸かし	わかし
沸かす	わかす
沸かせ	わかせ
沸かそ	わかそ
沸き返ら	わきかえら
沸き返り	わきかえり
沸き返る	わきかえる
沸き返れ	わきかえれ
沸き返ろ	わきかえろ
沸き返っ	わきかえっ
物語ら	ものがたら
物語り	ものがたり
物語る	ものがたる
物語れ	ものがたれ
物語ろ	ものがたろ
物語っ	ものがたっ
物凄い	ものすごい
物凄く	ものすごく
物凄か	ものすごか
物凄け	ものすごけ
物足りな	ものたりな
分かた	わかた
分かち	わかち
分かつ	わかつ
分かて	わかて
分かと	わかと
分かっ	わかっ
分け	わけ
分け合わ	わけあわ
分け合い	わけあい
分け合う	わけあう
分け合え	わけあえ
分け合お	わけあお
分け合っ	わけあっ
分け入ら	わけいら
分け入り	わけいり
分け入る	わけいる
分け入れ	わけいれ
分け入ろ	わけいろ
分け入っ	わけいっ
分厚い	ぶあつい
分厚く	ぶあつく
分厚か	ぶあつか
分厚け	ぶあつけ
分捕ら	ぶんどら
分捕り	ぶんどり
分捕る	ぶんどる
分捕れ	ぶんどれ
分捕ろ	ぶんどろ
分捕っ	ぶんどっ
奮い立た	ふるいたた
奮い立ち	ふるいたち
奮い立つ	ふるいたつ
奮い立て	ふるいたて
奮い立と	ふるいたと
奮い立っ	ふるいたっ
奮わ	ふるわ
奮い	ふるい
奮う	ふるう
奮え	ふるえ
奮お	ふるお
奮っ	ふるっ
紛らさ	まぎらさ
紛らし	まぎらし
紛らす	まぎらす
紛らせ	まぎらせ
紛らそ	まぎらそ
紛らわし	まぎらわし
紛れ	まぐれ
紛れ込ま	まぎれこま
紛れ込み	まぎれこみ
紛れ込む	まぎれこむ
紛れ込め	まぎれこめ
紛れ込も	まぎれこも
紛れ込ん	まぎれこん
聞かさ	きかさ
聞かし	きかし
聞かす	きかす
聞かせ	きかせ
聞かそ	きかそ
聞き取ら	ききとら
聞き取り	ききとり
聞き取る	ききとる
聞き取れ	ききとれ
聞き取ろ	ききとろ
聞き取っ	ききとっ
聞き出さ	ききださ
聞き出し	ききだし
聞き出す	ききだす
聞き出せ	ききだせ
聞き出そ	ききだそ
聞き入ら	ききいら
聞き入り	ききいり
聞き入る	ききいる
聞き入れ	ききいれ
聞き入ろ	ききいろ
聞き入っ	ききいっ
平た	ひらた
並ば	ならば
並び	ならび
並ぶ	ならぶ
並べ	ならべ
並ぼ	ならぼ
並ん	ならん
並み居る	なみいる
並み居ま	なみいま
並み居た	なみいた
並み居て	なみいて
並み居な	なみいな
並み居ら	なみいら
並み居さ	なみいさ
並み居よ	なみいよ
並み居ろ	なみいろ
並み居れ	なみいれ
並み居ず	なみいず
閉ざさ	とざさ
閉ざし	とざし
閉ざす	とざす
閉ざせ	とざせ
閉ざそ	とざそ
閉じ	とじ
閉じ込め	とじこめ
閉じこもら	とじこもら
閉じこもり	とじこもり
閉じこもる	とじこもる
閉じこもれ	とじこもれ
閉じこもろ	とじこもろ
閉じこもっ	とじこもっ
閉め	しめ
僻ま	ひがま
僻み	ひがみ
僻む	ひがむ
僻め	ひがめ
僻も	ひがも
僻ん	ひがん
蔑ま	さげすま
蔑み	さげすみ
蔑む	さげすむ
蔑め	さげすめ
蔑も	さげすも
蔑ん	さげすん
変え	かえ
変わらな	かわらな
変わり果て	かわりはて
変わら	かわら
変わり	かわり
変わる	かわる
変われ	かわれ
変わろ	かわろ
変わっ	かわっ
片付か	かたづか
片付き	かたづき
片付く	かたづく
片付け	かたづけ
片付こ	かたづこ
片付い	かたづい
編み出さ	あみださ
編み出し	あみだし
編み出す	あみだす
編み出せ	あみだせ
編み出そ	あみだそ
編ま	あま
編み	あみ
編む	あむ
編め	あめ
編も	あも
編ん	あん
返さ	かえさ
返し	かえし
返す	かえす
返せ	かえせ
返そ	かえそ
返ら	かえら
返り	かえり
返る	かえる
返れ	かえれ
返ろ	かえろ
返っ	かえっ
弁え	わきまえ
保た	たもた
保ち	たもち
保つ	たもつ
保て	たもて
保と	たもと
保っ	たもっ
捕まら	つかまら
捕まり	つかまり
捕まる	つかまる
捕まれ	つかまれ
捕まろ	つかまろ
捕まっ	つかまっ
捕ら	とら
捕り	とり
捕る	とる
捕れ	とれ
捕ろ	とろ
捕っ	とっ
歩き回ら	あるきまわら
歩き回り	あるきまわり
歩き回る	あるきまわる
歩き回れ	あるきまわれ
歩き回ろ	あるきまわろ
歩き回っ	あるきまわっ
歩か	あるか
歩き	あるき
歩く	あるく
歩け	あるけ
歩こ	あるこ
歩い	あるい
歩み寄ら	あゆみよら
歩み寄り	あゆみより
歩み寄る	あゆみよる
歩み寄れ	あゆみよれ
歩み寄ろ	あゆみよろ
歩み寄っ	あゆみよっ
歩ま	あゆま
歩み	あゆみ
歩む	あゆむ
歩め	あゆめ
歩も	あゆも
歩ん	あゆん
補わ	おぎなわ
補い	おぎない
補う	おぎなう
補え	おぎなえ
補お	おぎなお
補っ	おぎなっ
募ら	つのら
募り	つのり
募る	つのる
募れ	つのれ
募ろ	つのろ
募っ	つのっ
慕わ	したわ
慕い	したい
慕う	したう
慕え	したえ
慕お	したお
慕っ	したっ
暮らさ	くらさ
暮らし	くらし
暮らす	くらす
暮らせ	くらせ
暮らそ	くらそ
暮れ	くれ
包み込ま	つつみこま
包み込み	つつみこみ
包み込む	つつみこむ
包み込め	つつみこめ
包み込も	つつみこも
包み込ん	つつみこん
呆れ	あきれ
報い	むくい
報じ	ほうじ
崩さ	くずさ
崩し	くずし
崩す	くずす
崩せ	くずせ
崩そ	くずそ
崩れ	くずれ
抱え	かかえ
抱き合わ	だきあわ
抱き合い	だきあい
抱き合う	だきあう
抱き合え	だきあえ
抱き合お	だきあお
抱き合っ	だきあっ
抱き込ま	だきこま
抱き込み	だきこみ
抱き込む	だきこむ
抱き込め	だきこめ
抱き込も	だきこも
抱き込ん	だきこん
抱き上げ	だきあげ
捧げ	ささげ
放さ	はなさ
放し	はなし
放す	はなす
放せ	はなせ
放そ	はなそ
放た	はなた
放ち	はなち
放つ	はなつ
放て	はなて
放と	はなと
放っ	はなっ
放ら	ほうら
放り	ほうり
放る	ほうる
放れ	ほうれ
放ろ	ほうろ
縫い付け	ぬいつけ
縫わ	ぬわ
縫い	ぬい
縫う	ぬう
縫え	ぬえ
縫お	ぬお
縫っ	ぬっ
訪ね	たずね
訪れ	おとずれ
亡くなら	なくなら
亡くなり	なくなり
亡くなる	なくなる
亡くなれ	なくなれ
亡くなろ	なくなろ
亡くなっ	なくなっ
妨げ	さまたげ
忘れ	わすれ
忙し	いそがし
暴れ	あばれ
望まし	のぞまし
望ま	のぞま
望み	のぞみ
望む	のぞむ
望め	のぞめ
望も	のぞも
望ん	のぞん
冒さ	おかさ
冒し	おかし
冒す	おかす
冒せ	おかせ
冒そ	おかそ
膨らまさ	ふくらまさ
膨らまし	ふくらまし
膨らます	ふくらます
膨らませ	ふくらませ
膨らまそ	ふくらまそ
膨らま	ふくらま
膨らみ	ふくらみ
膨らむ	ふくらむ
膨らめ	ふくらめ
膨らも	ふくらも
膨らん	ふくらん
防が	ふせが
防ぎ	ふせぎ
防ぐ	ふせぐ
防げ	ふせげ
防ご	ふせご
防い	ふせい
翻さ	ひるがえさ
翻し	ひるがえし
翻す	ひるがえす
翻せ	ひるがえせ
翻そ	ひるがえそ
摩ら	さすら
摩り	さすり
摩る	さする
摩れ	さすれ
摩ろ	さすろ
摩っ	さすっ
磨か	みがか
磨き	みがき
磨く	みがく
磨け	みがけ
磨こ	みがこ
磨い	みがい
埋め	うめ
埋め立て	うめたて
満たさ	みたさ
満たし	みたし
満たす	みたす
満たせ	みたせ
満たそ	みたそ
味わわ	あじわわ
味わい	あじわい
味わう	あじわう
味わえ	あじわえ
味わお	あじわお
味わっ	あじわっ
眠い	ねむい
眠く	ねむく
眠か	ねむか
眠け	ねむけ
眠た	ねむた
眠ら	ねむら
眠り	ねむり
眠る	ねむる
眠れ	ねむれ
眠ろ	ねむろ
眠っ	ねむっ
夢見る	ゆめみる
夢見ま	ゆめみま
夢見た	ゆめみた
夢見て	ゆめみて
夢見な	ゆめみな
夢見ら	ゆめみら
夢見さ	ゆめみさ
夢見よ	ゆめみよ
夢見ろ	ゆめみろ
夢見れ	ゆめみれ
夢見ず	ゆめみず
無い	ない
無く	なく
無か	なか
無け	なけ
無くさ	なくさ
無くし	なくし
無くす	なくす
無くせ	なくせ
無くそ	なくそ
無くなら	なくなら
無くなり	なくなり
無くなる	なくなる
無くなれ	なくなれ
無くなろ	なくなろ
無くなっ	なくなっ
名高い	なだかい
名高く	なだかく
名高か	なだかか
名高け	なだかけ
名残惜し	なごりおし
名乗り出る	なのりでる
名乗り出ま	なのりでま
名乗り出た	なのりでた
名乗り出て	なのりでて
名乗り出な	なのりでな
名乗り出ら	なのりでら
名乗り出さ	なのりでさ
名乗り出よ	なのりでよ
名乗り出ろ	なのりでろ
名乗り出れ	なのりでれ
名乗り出ず	なのりでず
名乗ら	なのら
名乗り	なのり
名乗る	なのる
名乗れ	なのれ
名乗ろ	なのろ
名乗っ	なのっ
名付け	なづけ
命じ	めいじ
明かさ	あかさ
明かし	あかし
明かす	あかす
明かせ	あかせ
明かそ	あかそ
明け渡さ	あけわたさ
明け渡し	あけわたし
明け渡す	あけわたす
明け渡せ	あけわたせ
明け渡そ	あけわたそ
明る	あかる
迷わ	まよわ
迷い	まよい
迷う	まよう
迷え	まよえ
迷お	まよお
迷っ	まよっ
鳴か	なか
鳴き	なき
鳴く	なく
鳴け	なけ
鳴こ	なこ
鳴い	ない
鳴らさ	ならさ
鳴らし	ならし
鳴らす	ならす
鳴らせ	ならせ
鳴らそ	ならそ
鳴ら	なら
鳴り	なり
鳴る	なる
鳴れ	なれ
鳴ろ	なろ
鳴っ	なっ
面食らわ	めんくらわ
面食らい	めんくらい
面食らう	めんくらう
面食らえ	めんくらえ
面食らお	めんくらお
面食らっ	めんくらっ
面倒くさ	めんどくさ
面白い	おもしろい
面白く	おもしろく
面白か	おもしろか
面白け	おもしろけ
茂ら	しげら
茂り	しげり
茂る	しげる
茂れ	しげれ
茂ろ	しげろ
茂っ	しげっ
儲から	もうから
儲かり	もうかり
儲かる	もうかる
儲かれ	もうかれ
儲かろ	もうかろ
儲かっ	もうかっ
儲け	もうけ
黙ら	だまら
黙り	だまり
黙る	だまる
黙れ	だまれ
黙ろ	だまろ
黙っ	だまっ
目覚め	めざめ
目指さ	めざさ
目指し	めざし
目指す	めざす
目指せ	めざせ
目指そ	めざそ
目新し	めあたらし
目立た	めだた
目立ち	めだち
目立つ	めだつ
目立て	めたて
目立と	めだと
目立っ	めだっ
尤もらし	もっともらし
戻さ	もどさ
戻し	もどし
戻す	もどす
戻せ	もどせ
戻そ	もどそ
戻ら	もどら
戻り	もどり
戻る	もどる
戻れ	もどれ
戻ろ	もどろ
戻っ	もどっ
貰わ	もらわ
貰い	もらい
貰う	もらう
貰え	もらえ
貰お	もらお
貰っ	もらっ
問い詰め	といつめ
問い合わせ	といあわせ
役立た	やくだた
役立ち	やくだち
役立つ	やくだつ
役立て	やくだて
役立と	やくだと
役立っ	やくだっ
訳さ	やくさ
訳し	やくし
訳す	やくす
訳せ	やくせ
訳そ	やくそ
踊ら	おどら
踊り	おどり
踊る	おどる
踊れ	おどれ
踊ろ	おどろ
踊っ	おどっ
優し	やさし
優れ	すぐれ
勇まし	いさまし
宥め	なだめ
有難い	ありがたい
有難く	ありがたく
有難か	ありがたか
有難け	ありがたけ
誘い出さ	さそいださ
誘い出し	さそいだし
誘い出す	さそいだす
誘い出せ	さそいだせ
誘い出そ	さそいだそ
誘わ	さそわ
誘い	さそい
誘う	さそう
誘え	さそえ
誘お	さそお
誘っ	さそっ
遊ば	あそば
遊び	あそび
遊ぶ	あそぶ
遊べ	あそべ
遊ぼ	あそぼ
遊ん	あそん
余さ	あまさ
余し	あまし
余す	あます
余せ	あませ
余そ	あまそ
余ら	あまら
余り	あまり
余る	あまる
余れ	あまれ
余ろ	あまろ
余っ	あまっ
与え	あたえ
預から	あずから
預かり	あずかり
預かる	あずかる
預かれ	あずかれ
預かろ	あずかろ
預かっ	あずかっ
預け	あずけ
預け入れ	あずけいれ
幼い	おさない
幼く	おさなく
幼か	おさなか
幼け	おさなけ
容易い	たやすい
容易く	たやすく
容易か	たやすか
容易け	たやすけ
揺さぶら	ゆさぶら
揺さぶり	ゆさぶり
揺さぶる	ゆさぶる
揺さぶれ	ゆさぶれ
揺さぶろ	ゆさぶろ
揺さぶっ	ゆさぶっ
揺らが	ゆらが
揺らぎ	ゆらぎ
揺らぐ	ゆらぐ
揺らげ	ゆらげ
揺らご	ゆらご
揺らい	ゆらい
揺れ	ゆれ
溶かさ	とかさ
溶かし	とかし
溶かす	とかす
溶かせ	とかせ
溶かそ	とかそ
溶か	とか
溶き	とき
溶く	とく
溶け	とけ
溶こ	とこ
溶い	とい
溶け合わ	とけあわ
溶け合い	とけあい
溶け合う	とけあう
溶け合え	とけあえ
溶け合お	とけあお
溶け合っ	とけあっ
溶け込ま	とけこま
溶け込み	とけこみ
溶け込む	とけこむ
溶け込め	とけこめ
溶け込も	とけこも
溶け込ん	とけこん
用い	もちい
用心深い	ようじんぶかい
用心深く	ようじんぶかく
用心深か	ようじんぶかか
用心深け	ようじんぶかけ
要ら	いら
要り	いり
要る	いる
要れ	いれ
要ろ	いろ
要っ	いっ
養わ	やしなわ
養い	やしない
養う	やしなう
養え	やしなえ
養お	やしなお
養っ	やしなっ
欲し	ほし
欲張ら	よくばら
欲張り	よくばり
欲張る	よくばる
欲張れ	よくばれ
欲張ろ	よくばろ
欲張っ	よくばっ
浴びせ	あびせ
浴び	あび
来る	くる
来ま	きま
来た	きた
来て	きて
来な	こな
来い	こい
来よ	こよ
来れ	これ
来ら	こら
来さ	こさ
頼み込ま	たのみこま
頼み込み	たのみこみ
頼み込む	たのみこむ
頼み込め	たのみこめ
頼み込も	たのみこも
頼み込ん	たのみこん
頼ま	たのま
頼み	たのみ
頼む	たのむ
頼め	たのめ
頼も	たのも
頼ん	たのん
頼もし	たのもし
頼りな	たよりな
絡み合わ	からみあわ
絡み合い	からみあい
絡み合う	からみあう
絡み合え	からみあえ
絡み合お	からみあお
絡み合っ	からみあっ
絡ま	からま
絡み	からみ
絡む	からむ
絡め	からめ
絡も	からも
絡ん	からん
落ち	おち
落ち合わ	おちあわ
落ち合い	おちあい
落ち合う	おちあう
落ち合え	おちあえ
落ち合お	おちあお
落ち合っ	おちあっ
落ち込ま	おちこま
落ち込み	おちこみ
落ち込む	おちこむ
落ち込め	おちこめ
落ち込も	おちこも
落ち込ん	おちこん
落ち着き払わ	おちつきはらわ
落ち着き払い	おちつきはらい
落ち着き払う	おちつきはらう
落ち着き払え	おちつきはらえ
落ち着き払お	おちつきはらお
落ち着き払っ	おちつきはらっ
乱さ	みださ
乱し	みだし
乱す	みだす
乱せ	みだせ
乱そ	みだそ
乱れ	みだれ
裏切ら	うらぎら
裏切り	うらぎり
裏切る	うらぎる
裏切れ	うらぎれ
裏切ろ	うらぎろ
裏切っ	うらぎっ
裏付け	うらづけ
裏返さ	うらがえさ
裏返し	うらがえし
裏返す	うらがえす
裏返せ	うらがえせ
裏返そ	うらがえそ
離さ	はなさ
離し	はなし
離す	はなす
離せ	はなせ
離そ	はなそ
離れ	はなれ
率い	ひきい
立ち会わ	たちあわ
立ち会い	たちあい
立ち会う	たちあう
立ち会え	たちあえ
立ち会お	たちあお
立ち会っ	たちあっ
立ち寄ら	たちよら
立ち寄り	たちより
立ち寄る	たちよる
立ち寄れ	たちよれ
立ち寄ろ	たちよろ
立ち寄っ	たちよっ
立ち去ら	たちさら
立ち去り	たちさり
立ち去る	たちさる
立ち去れ	たちされ
立ち去ろ	たちさろ
立ち去っ	たちさっ
立ち向かわ	たちむかわ
立ち向かい	たちむかい
立ち向かう	たちむかう
立ち向かえ	たちむかえ
立ち向かお	たちむかお
立ち向かっ	たちむかっ
立ち止まら	たちどまら
立ち止まり	たちどまり
立ち止まる	たちどまる
立ち止まれ	たちどまれ
立ち止まろ	たちどまろ
立ち止まっ	たちどまっ
立ち至ら	たちいたら
立ち至り	たちいたり
立ち至る	たちいたる
立ち至れ	たちいたれ
立ち至ろ	たちいたろ
立ち至っ	たちいたっ
立ち上がら	たちあがら
立ち上がり	たちあがり
立ち上がる	たちあがる
立ち上がれ	たちあがれ
立ち上がろ	たちあがろ
立ち上がっ	たちあがっ
立ち上げ	たちあげ
立ち退か	たちのか
立ち退き	たちのき
立ち退く	たちのく
立ち退け	たちのけ
立ち退こ	たちのこ
立ち退い	たちのい
立ち直ら	たちなおら
立ち直り	たちなおり
立ち直る	たちなおる
立ち直れ	たちなおれ
立ち直ろ	たちなおろ
立ち直っ	たちなおっ
立ち並ば	たちならば
立ち並び	たちならび
立ち並ぶ	たちならぶ
立ち並べ	たちならべ
立ち並ぼ	たちならぼ
立ち並ん	たちならん
立ち返ら	たちかえら
立ち返り	たちかえり
立ち返る	たちかえる
立ち返れ	たちかえれ
立ち返ろ	たちかえろ
立ち返っ	たちかえっ
立ち戻ら	たちもどら
立ち戻り	たちもどり
立ち戻る	たちもどる
立ち戻れ	たちもどれ
立ち戻ろ	たちもどろ
立ち戻っ	たちもどっ
立て	たて
立て替え	たてかえ
略さ	りゃくさ
略し	りゃくし
略す	りゃくす
略せ	りゃくせ
略そ	りゃくそ
流し込ま	ながしこま
流し込み	ながしこみ
流し込む	ながしこむ
流し込め	ながしこめ
流し込も	ながしこも
流し込ん	ながしこん
流さ	ながさ
流し	ながし
流す	ながす
流せ	ながせ
流そ	ながそ
流れ	ながれ
流れ込ま	ながれこま
流れ込み	ながれこみ
流れ込む	ながれこむ
流れ込め	ながれこめ
流れ込も	ながれこも
流れ込ん	ながれこん
流れ出さ	ながれださ
流れ出し	ながれだし
流れ出す	ながれだす
流れ出せ	ながれだせ
流れ出そ	ながれだそ
流れ出る	ながれでる
流れ出ま	ながれでま
流れ出た	ながれでた
流れ出て	ながれでて
流れ出な	ながれでな
流れ出ら	ながれでら
流れ出よ	ながれでよ
流れ出ろ	ながれでろ
流れ出れ	ながれでれ
流れ出ず	ながれでず
流行ら	はやら
流行り	はやり
流行る	はやる
流行れ	はやれ
流行ろ	はやろ
流行っ	はやっ
溜め	ため
溜まら	たまら
溜まり	たまり
溜まる	たまる
溜まれ	たまれ
溜まろ	たまろ
溜まっ	たまっ
旅立た	たびだた
旅立ち	たびだち
旅立つ	たびだつ
旅立て	たびだて
旅立と	たびだと
旅立っ	たびだっ
凌が	しのが
凌ぎ	しのぎ
凌ぐ	しのぐ
凌げ	しのげ
凌ご	しのご
凌い	しのい
涼し	すずし
涼ま	すずま
涼み	すずみ
涼む	すずむ
涼め	すずめ
涼も	すずも
涼ん	すずん
力ま	りきま
力み	りきみ
力む	りきむ
力め	りきめ
力も	りきも
力ん	りきん
力強い	ちからづよい
力強く	ちからづよく
力強か	ちからづよか
力強け	ちからづよけ
臨ま	のぞま
臨み	のぞみ
臨む	のぞむ
臨め	のぞめ
臨も	のぞも
臨ん	のぞん
冷え	ひえ
冷え込ま	ひえこま
冷え込み	ひえこみ
冷え込む	ひえこむ
冷え込め	ひえこめ
冷え込も	ひえこも
冷え込ん	ひえこん
冷え切ら	ひえきら
冷え切り	ひえきり
冷え切る	ひえきる
冷え切れ	ひえきれ
冷え切ろ	ひえきろ
冷え切っ	ひえきっ
冷た	つめた
冷まさ	さまさ
冷まし	さまし
冷ます	さます
冷ませ	さませ
冷まそ	さまそ
冷め	さめ
冷やかさ	ひやかさ
冷やかし	ひやかし
冷やかす	ひやかす
冷やかせ	ひやかせ
冷やかそ	ひやかそ
冷やさ	ひやさ
冷やし	ひやし
冷やす	ひやす
冷やせ	ひやせ
冷やそ	ひやそ
励まさ	はげまさ
励まし	はげまし
励ます	はげます
励ませ	はげませ
励まそ	はげまそ
励ま	はげま
励み	はげみ
励む	はげむ
励め	はげめ
励も	はげも
励ん	はげん
零さ	こぼさ
零し	こぼし
零す	こぼす
零せ	こぼせ
零そ	こぼそ
零れ	こぼれ
劣ら	おとら
劣り	おとり
劣る	おとる
劣れ	おとれ
劣ろ	おとろ
劣っ	おとっ
恋し	こいし
練り上げ	ねりあげ
練ら	ねら
練り	ねり
練る	ねる
練れ	ねれ
練ろ	ねろ
練っ	ねっ
連なら	つらなら
連なり	つらなり
連なる	つらなる
連なれ	つらなれ
連なろ	つらなろ
連なっ	つらなっ
連ね	つらね
連れ	つれ
連れ去ら	つれさら
連れ去り	つれさり
連れ去る	つれさる
連れ去れ	つれされ
連れ去ろ	つれさろ
連れ去っ	つれさっ
連れ込ま	つれこま
連れ込み	つれこみ
連れ込む	つれこむ
連れ込め	つれこめ
連れ込も	つれこも
連れ込ん	つれこん
連れ出さ	つれださ
連れ出し	つれだし
連れ出す	つれだす
連れ出せ	つれだせ
連れ出そ	つれだそ
連れ添わ	つれそわ
連れ添い	つれそい
連れ添う	つれそう
連れ添え	つれそえ
連れ添お	つれそお
連れ添っ	つれそっ
連れ立た	つれだた
連れ立ち	つれだち
連れ立つ	つれだつ
連れ立て	つれだて
連れ立と	つれだと
連れ立っ	つれだっ
労ら	いたわら
労り	いたわり
労る	いたわる
労れ	いたわれ
労ろ	いたわろ
労っ	いたわっ
弄ら	いじら
弄り	いじり
弄る	いじる
弄れ	いじれ
弄ろ	いじろ
弄っ	いじっ
漏ら	もら
漏り	もり
漏る	もる
漏れ	もれ
漏ろ	もろ
漏っ	もっ
老い	おい
老け	ふけ
論じ	ろんじ
論じ尽くさ	ろんじつくさ
論じ尽くし	ろんじつくし
論じ尽くす	ろんじつくす
論じ尽くせ	ろんじつくせ
論じ尽くそ	ろんじつくそ
和ま	なごま
和み	なごみ
和む	なごむ
和め	なごめ
和も	なごも
和ん	なごん
和らが	やわらが
和らぎ	やわらぎ
和らぐ	やわらぐ
和らげ	やわらげ
和らご	やわらご
和らい	やわらい
話しかけ	はなしかけ
話し合わ	はなしあわ
話し合い	はなしあい
話し合う	はなしあう
話し合え	はなしあえ
話し合お	はなしあお
話し合っ	はなしあっ
話し込ま	はなしこま
話し込み	はなしこみ
話し込む	はなしこむ
話し込め	はなしこめ
話し込も	はなしこも
話し込ん	はなしこん
話さ	はなさ
話し	はなし
話す	はなす
話せ	はなせ
話そ	はなそ
賄わ	まかなわ
賄い	まかない
賄う	まかなう
賄え	まかなえ
賄お	まかなお
賄っ	まかなっ
惑わさ	まどわさ
惑わし	まどわし
惑わす	まどわす
惑わせ	まどわせ
惑わそ	まどわそ
捥が	もが
捥ぎ	もぎ
捥ぐ	もぐ
捥げ	もげ
捥ご	もご
捥い	もい
仄めかさ	ほのめかさ
仄めかし	ほのめかし
仄めかす	ほのめかす
仄めかせ	ほのめかせ
仄めかそ	ほのめかそ
佇ま	たたずま
佇み	たたずみ
佇む	たたずむ
佇め	たたずめ
佇も	たたずも
佇ん	たたずん
俯か	うつむか
俯き	うつむき
俯く	うつむく
俯け	うつむけ
俯こ	うつむこ
俯い	うつむい
凭れ	もたれ
咎め	とがめ
呟か	つぶやか
呟き	つぶやき
呟く	つぶやく
呟け	つぶやけ
呟こ	つぶやこ
呟い	つぶやい
唸ら	うなら
唸り	うなり
唸る	うなる
唸れ	うなれ
唸ろ	うなろ
唸っ	うなっ
嗅が	かが
嗅ぎ	かぎ
嗅ぐ	かぐ
嗅げ	かげ
嗅ご	かご
嗅い	かい
嘲ら	あざけら
嘲り	あざけり
嘲る	あざける
嘲れ	あざけれ
嘲ろ	あざけろ
嘲っ	あざけっ
囁か	ささやか
囁き	ささやき
囁く	ささやく
囁け	ささやけ
囁こ	ささやこ
囁い	ささやい
夥し	おびただし
奢ら	おごら
奢り	おごり
奢る	おごる
奢れ	おごれ
奢ろ	おごろ
奢っ	おごっ
嵌め	はめ
巫山戯る	ふざける
巫山戯ま	ふざけま
巫山戯た	ふざけた
巫山戯て	ふざけて
巫山戯な	ふざけな
巫山戯ら	ふざけら
巫山戯さ	ふざけさ
巫山戯よ	ふざけよ
巫山戯ろ	ふざけろ
巫山戯れ	ふざけれ
巫山戯ず	ふざけず
彷徨わ	さまよわ
彷徨い	さまよい
彷徨う	さまよう
彷徨え	さまよえ
彷徨お	さまよお
彷徨っ	さまよっ
彷徨か	うろつか
彷徨き	うろつき
彷徨く	うろつく
彷徨け	うろつけ
彷徨こ	うろつこ
拵え	こしらえ
揉ま	もま
揉み	もみ
揉む	もむ
揉め	もめ
揉も	もも
揉ん	もん
揶揄わ	からかわ
揶揄い	からかい
揶揄う	からかう
揶揄え	からかえ
揶揄お	からかお
揶揄っ	からかっ
暈さ	ぼかさ
暈し	ぼかし
暈す	ぼかす
暈せ	ぼかせ
暈そ	ぼかそ
鬱陶し	うっとうし
洒落る	しゃれる
洒落ま	しゃれま
洒落た	しゃれた
洒落て	しゃれて
洒落な	しゃれな
洒落ら	しゃれら
洒落さ	しゃれさ
洒落よ	しゃれよ
洒落ろ	しゃれろ
洒落れ	しゃれれ
洒落ず	しゃれず
滲ま	にじま
滲み	にじみ
滲む	にじむ
滲め	にじめ
滲も	にじも
滲ん	にじん
炒め	いため
狡い	ずるい
狡く	ずるく
狡か	ずるか
狡け	ずるけ
痒い	かゆい
痒く	かゆく
痒か	かゆか
痒け	かゆけ
痺れ	しびれ
眩し	まぶし
睨ま	にらま
睨み	にらみ
睨む	にらむ
睨め	にらめ
睨も	にらも
睨ん	にらん
翔ら	かけら
翔り	かけり
翔る	かける
翔れ	かけれ
翔ろ	かけろ
翔っ	かけっ
聳え	そびえ
舐め	なめ
茹で	ゆで
褪せ	あせ
諄い	くどい
諄く	くどく
諄か	くどか
諄け	くどけ
貪ら	むさぼら
貪り	むさぼり
貪る	むさぼる
貪れ	むさぼれ
貪ろ	むさぼろ
貪っ	むさぼっ
貶さ	けなさ
貶し	けなし
貶す	けなす
貶せ	けなせ
貶そ	けなそ
齎さ	もたらさ
齎し	もたらし
齎す	もたらす
齎せ	もたらせ
齎そ	もたらそ
跪か	ひざまずか
跪き	ひざまずき
跪く	ひざまずく
跪け	ひざまずけ
跪こ	ひざまずこ
跪い	ひざまずい
蹲ら	うずくまら
蹲り	うずくまり
蹲る	うずくまる
蹲れ	うずくまれ
蹲ろ	うずくまろ
蹲っ	うずくまっ
躊躇わ	ためらわ
躊躇い	ためらい
躊躇う	ためらう
躊躇え	ためらえ
躊躇お	ためらお
躊躇っ	ためらっ
躓か	つまずか
躓き	つまずき
躓く	つまずく
躓け	つまずけ
躓こ	つまずこ
躓い	つまずい
逞し	たくまし
頷か	うなずか
頷き	うなずき
頷く	うなずく
頷け	うなずけ
頷こ	うなずこ
頷い	うなずい
騙さ	だまさ
騙し	だまし
騙す	だます
騙せ	だませ
騙そ	だまそ
靡か	なびか
靡き	なびき
靡く	なびく
靡け	なびけ
靡こ	なびこ
靡い	なびい
悪名高い	あくめいたかい
悪名高く	あくめいたかく
悪名高か	あくめいたかか
悪名高け	あくめいたかけ
逸れ	それ
可愛い	かわいい
可愛く	かわいく
可愛か	かわいか
可愛け	かわいけ
気難し	きむずかし
居ら	おら
居り	おり
居る	おる
居れ	おれ
居ろ	おろ
居っ	おっ
脅かさ	おどかさ
脅かし	おどかし
脅かす	おどかす
脅かせ	おどかせ
脅かそ	おどかそ
傾か	かたむか
傾き	かたむき
傾く	かたむく
傾こ	かたむこ
傾い	かたむい
傾げ	かしげ
香ばし	こうばし
寂し	さびし
上向か	うわむか
上向き	うわむき
上向く	うわむく
上向け	うわむけ
上向こ	うわむこ
上向い	うわむい
切り出さ	きりださ
切り出し	きりだし
切り出す	きりだす
切り出せ	きりだせ
切り出そ	きりだそ
選り分け	よりわけ
束ね	たばね
打ち込ま	うちこま
打ち込み	うちこみ
打ち込む	うちこむ
打ち込め	うちこめ
打ち込も	うちこも
打ち込ん	うちこん
注ぎ込ま	そそぎこま
注ぎ込み	そそぎこみ
注ぎ込む	そそぎこむ
注ぎ込め	そそぎこめ
注ぎ込も	そそぎこも
注ぎ込ん	そそぎこん
つぎ込ま	つぎこま
つぎ込み	つぎこみ
つぎ込む	つぎこむ
つぎ込め	つぎこめ
つぎ込も	つぎこも
つぎ込ん	つぎこん
注が	そそが
注ぎ	そそぎ
注ぐ	そそぐ
注げ	そそげ
注ご	そそご
注い	そそい
剃ら	そら
剃り	そり
剃る	そる
剃れ	それ
剃ろ	そろ
剃っ	そっ
摘み取ら	つみとら
摘み取り	つみとり
摘み取る	つみとる
摘み取れ	つみとれ
摘み取ろ	つみとろ
摘み取っ	つみとっ
転ば	ころば
転び	ころび
転ぶ	ころぶ
転べ	ころべ
転ぼ	ころぼ
転ん	ころん
灯さ	ともさ
灯し	ともし
灯す	ともす
灯せ	ともせ
灯そ	ともそ
鈍い	にぶい
鈍く	にぶく
鈍か	にぶか
鈍け	にぶけ
燃やさ	もやさ
燃やし	もやし
燃やす	もやす
燃やせ	もやせ
燃やそ	もやそ
剥が	はが
剥ぎ	はぎ
剥ぐ	はぐ
剥ご	はご
避け	さけ
描か	えがか
描き	えがき
描く	えがく
描け	えがけ
描こ	えがこ
描い	えがい
肌寒い	はださむい
肌寒く	はださむく
肌寒か	はださむか
肌寒け	はださむけ
侮ら	あなどら
侮り	あなどり
侮る	あなどる
侮れ	あなどれ
侮ろ	あなどろ
侮っ	あなどっ
包ま	つつま
包み	つつみ
包む	つつむ
包め	つつめ
包も	つつも
包ん	つつん
抱か	いだか
抱き	いだき
抱く	いだく
抱け	いだけ
抱こ	いだこ
抱い	いだい
乏し	とぼし
埋まら	うまら
埋まり	うまり
埋まる	うまる
埋まれ	うまれ
埋まろ	うまろ
埋まっ	うまっ
味気な	あじけな
揺ら	ゆら
揺り	ゆり
揺る	ゆる
揺ろ	ゆろ
揺っ	ゆっ
歪ま	ゆがま
歪み	ゆがみ
歪む	ゆがむ
歪め	ゆがめ
歪も	ゆがも
歪ん	ゆがん
瞑ら	つぶら
瞑り	つぶり
瞑る	つぶる
瞑れ	つぶれ
瞑ろ	つぶろ
瞑っ	つぶっ
飽き	あき
空か	すか
空き	あき
空く	すく
空け	すけ
空こ	すこ
空い	すい
暖か	あたたか
温まら	あたたまら
温まり	あたたまり
温まる	あたたまる
温まれ	あたたまれ
温まろ	あたたまろ
温まっ	あたたまっ
温め	あたため
当てはめ	あてはめ
怪し	あやし
荒々し	あらあらし
荒れ果て	あれはて
言い合わ	いいあわ
言い合い	いいあい
言い合う	いいあう
言い合え	いいあえ
言い合お	いいあお
言い合っ	いいあっ
言わ	いわ
言い	いい
言う	いう
言え	いえ
言お	いお
言っ	いっ
生かさ	いかさ
生かし	いかし
生かす	いかす
生かせ	いかせ
生かそ	いかそ
行き渡ら	いきわたら
行き渡り	いきわたり
行き渡る	いきわたる
行き渡れ	いきわたれ
行き渡ろ	いきわたろ
行き渡っ	いきわたっ
痛々し	いたいたし
頂か	いただか
頂き	いただき
頂く	いただく
頂け	いただけ
頂こ	いただこ
頂い	いただい
位置付け	いちづけ
入り混じら	いりまじら
入り混じり	いりまじり
入り混じる	いりまじる
入り混じれ	いりまじれ
入り混じろ	いりまじろ
入り混じっ	いりまじっ
入れ替え	いれかえ
入れ替わら	いれかわら
入れ替わり	いれかわり
入れ替わる	いれかわる
入れ替われ	いれかわれ
入れ替わろ	いれかわろ
入れ替わっ	いれかわっ
印象付け	いんしょうづけ
初々し	ういういし
植え付け	うえつけ
歌わ	うたわ
歌い	うたい
歌う	うたう
歌え	うたえ
歌お	うたお
歌っ	うたっ
打ち明け	うちあけ
打ち合わせ	うちあわせ
打ち取ら	うちとら
打ち取り	うちとり
打ち取る	うちとる
打ち取れ	うちとれ
打ち取ろ	うちとろ
打ち取っ	うちとっ
写さ	うつさ
写し	うつし
写す	うつす
写せ	うつせ
写そ	うつそ
映さ	うつさ
映し	うつし
映す	うつす
映せ	うつせ
映そ	うつそ
生ま	うま
生み	うみ
生む	うむ
生め	うめ
生も	うも
生ん	うん
埋め合わせ	うめあわせ
憂え	うれえ
選ば	えらば
選び	えらび
選ぶ	えらぶ
選べ	えらべ
選ぼ	えらぼ
選ん	えらん
追いつか	おいつか
追いつき	おいつき
追いつく	おいつく
追いつけ	おいつけ
追いつこ	おいつこ
追いつい	おいつい
覆わ	おおわ
覆い	おおい
覆う	おおう
覆え	おおえ
覆お	おおお
覆っ	おおっ
大き	おおき
遅れ	おくれ
行わ	おこなわ
行い	おこない
行う	おこなう
行え	おこなえ
行お	おこなお
行っ	いっ
押さえ	おさえ
収め	おさめ
押し上げ	おしあげ
押し出さ	おしださ
押し出し	おしだし
押し出す	おしだす
押し出せ	おしだせ
押し出そ	おしだそ
推し量ら	おしはから
推し量り	おしはかり
推し量る	おしはかる
推し量れ	おしはかれ
推し量ろ	おしはかろ
推し量っ	おしはかっ
恐れ	おそれ
落ち着か	おちつか
落ち着き	おちつき
落ち着く	おちつく
落ち着け	おちつけ
落ち着こ	おちつこ
落ち着い	おちつい
落とさ	おとさ
落とし	おとし
落とす	おとす
落とせ	おとせ
落とそ	おとそ
思いつか	おもいつか
思いつき	おもいつき
思いつく	おもいつく
思いつけ	おもいつけ
思いつこ	おもいつこ
思いつい	おもいつい
思わ	おもわ
思い	おもい
思う	おもう
思え	おもえ
思お	おもお
思っ	おもっ
重々し	おもおもし
折り曲げ	おりまげ
下ろさ	おろさ
下ろし	おろし
下ろす	おろす
下ろせ	おろせ
下ろそ	おろそ
終わら	おわら
終わり	おわり
終わる	おわる
終われ	おわれ
終わろ	おわろ
終わっ	おわっ
替え	かえ
香ら	かおら
香り	かおり
香る	かおる
香れ	かおれ
香ろ	かおろ
香っ	かおっ
関わら	かかわら
関わり	かかわり
関わる	かかわる
関われ	かかわれ
関わろ	かかわろ
関わっ	かかわっ
書き換え	かきかえ
書き添え	かきそえ
駆け出さ	かけださ
駆け出し	かけだし
駆け出す	かけだす
駆け出せ	かけだせ
駆け出そ	かけだそ
駆けつけ	かけつけ
かけ離れ	かけはなれ
偏ら	かたよら
偏り	かたより
偏る	かたよる
偏れ	かたよれ
偏ろ	かたよろ
偏っ	かたよっ
軽々し	かるがるし
交わさ	かわさ
交わし	かわし
交わす	かわす
交わせ	かわせ
交わそ	かわそ
替わら	かわら
替わり	かわり
替わる	かわる
替われ	かわれ
替わろ	かわろ
替わっ	かわっ
聞き返さ	ききかえさ
聞き返し	ききかえし
聞き返す	ききかえす
聞き返せ	ききかえせ
聞き返そ	ききかえそ
効か	きか
効き	きき
効く	きく
効け	きけ
効こ	きこ
効い	きい
聞か	きか
聞き	きき
聞く	きく
聞け	きけ
聞こ	きこ
聞い	きい
聞こえ	きこえ
傷つか	きずつか
傷つき	きずつき
傷つく	きずつく
傷つこ	きずつこ
傷つい	きずつい
気づか	きづか
気づき	きづき
気づく	きづく
気づけ	きづけ
気づこ	きづこ
気づい	きづい
決まら	きまら
決まり	きまり
決まる	きまる
決まれ	きまれ
決まろ	きまろ
決まっ	きまっ
切り替え	きりかえ
切り捨て	きりすて
極まら	きわまら
極まり	きわまり
極まる	きわまる
極まれ	きわまれ
極まろ	きわまろ
極まっ	きわまっ
極め	きわめ
食わ	くわ
食い	くい
食う	くう
食え	くえ
食お	くお
食っ	くっ
区切ら	くぎら
区切り	くぎり
区切る	くぎる
区切れ	くぎれ
区切ろ	くぎろ
区切っ	くぎっ
悔し	くやし
越え	こえ
凍ら	こおら
凍り	こおり
凍る	こおる
凍れ	こおれ
凍ろ	こおろ
凍っ	こおっ
言付け	ことづけ
込ま	こま
込み	こみ
込む	こむ
込も	こも
込ん	こん
籠もら	こもら
籠もり	こもり
籠もる	こもる
籠もれ	こもれ
籠もろ	こもろ
籠もっ	こもっ
怖い	こわい
怖く	こわく
怖か	こわか
怖け	こわけ
探し回ら	さがしまわら
探し回り	さがしまわり
探し回る	さがしまわる
探し回れ	さがしまわれ
探し回ろ	さがしまわろ
探し回っ	さがしまわっ
探さ	さがさ
探し	さがし
探す	さがす
探せ	さがせ
探そ	さがそ
浚わ	さらわ
浚い	さらい
浚う	さらう
浚え	さらえ
浚お	さらお
浚っ	さらっ
晒さ	さらさ
晒し	さらし
晒す	さらす
晒せ	さらせ
晒そ	さらそ
静まら	しずまら
静まり	しずまり
静まる	しずまる
静まれ	しずまれ
静まろ	しずまろ
静まっ	しずまっ
静め	しずめ
絞ら	しぼら
絞り	しぼり
絞る	しぼる
絞れ	しぼれ
絞ろ	しぼろ
絞っ	しぼっ
仕向け	しむけ
締め切ら	しめきら
締め切り	しめきり
締め切る	しめきる
締め切れ	しめきれ
締め切ろ	しめきろ
締め切っ	しめきっ
締め出さ	しめださ
締め出し	しめだし
締め出す	しめだす
締め出せ	しめだせ
締め出そ	しめだそ
退か	しりぞか
退き	しりぞき
退く	しりぞく
退こ	しりぞこ
退い	しりぞい
清々し	すがすがし
凄まじ	すさまじ
勧め	すすめ
図々し	ずうずうし
騒々し	そうぞうし
損なわ	そこなわ
損ない	そこない
損なう	そこなう
損なえ	そこなえ
損なお	そこなお
損なっ	そこなっ
素っ気な	そっけな
備わら	そなわら
備わり	そなわり
備わる	そなわる
備われ	そなわれ
備わろ	そなわろ
備わっ	そなわっ
炊か	たか
炊き	たき
炊く	たく
炊け	たけ
炊こ	たこ
炊い	たい
焚か	たか
焚き	たき
焚く	たく
焚け	たけ
焚こ	たこ
焚い	たい
蓄え	たくわえ
戦わ	たたかわ
戦い	たたかい
戦う	たたかう
戦え	たたかえ
戦お	たたかお
戦っ	たたかっ
断た	たた
断ち	たち
断つ	たつ
断て	たて
断と	たと
立た	たた
立ち	たち
立つ	たつ
立と	たと
立っ	たっ
建た	たた
建ち	たち
建つ	たつ
建と	たと
建っ	たっ
立て込ま	たてこま
立て込み	たてこみ
立て込む	たてこむ
立て込め	たてこめ
立て込も	たてこも
立て込ん	たてこん
例え	たとえ
頼ら	たよら
頼り	たより
頼る	たよる
頼れ	たよれ
頼ろ	たよろ
頼っ	たよっ
捕まえ	つかまえ
付き合わ	つきあわ
付き合い	つきあい
付き合う	つきあう
付き合え	つきあえ
付き合お	つきあお
付き合っ	つきあっ
突き放さ	つきはなさ
突き放し	つきはなし
突き放す	つきはなす
突き放せ	つきはなせ
突き放そ	つきはなそ
作ら	つくら
作り	つくり
作る	つくる
作れ	つくれ
作ろ	つくろ
作っ	つくっ
慎ま	つつしま
慎み	つつしみ
慎む	つつしむ
慎め	つつしめ
慎も	つつしも
慎ん	つつしん
出会わ	であわ
出会い	であい
出会う	であう
出会え	であえ
出会お	であお
出会っ	であっ
出かけ	でかけ
出揃わ	でそろわ
出揃い	でそろい
出揃う	でそろう
出揃え	でそろえ
出揃お	でそろお
出揃っ	でそろっ
尊い	とうとい
尊く	とうとく
尊か	とうとか
尊け	とうとけ
尊ば	とうとば
尊び	とうとび
尊ぶ	とうとぶ
尊べ	とうとべ
尊ぼ	とうとぼ
尊ん	とうとん
途切れ	とぎれ
研が	とが
研ぎ	とぎ
研ぐ	とぐ
研げ	とげ
研ご	とご
研い	とい
整わ	ととのわ
整い	ととのい
整う	ととのう
整お	ととのお
整っ	ととのっ
留め	とどめ
隣り合わ	となりあわ
隣り合い	となりあい
隣り合う	となりあう
隣り合え	となりあえ
隣り合お	となりあお
隣り合っ	となりあっ
飛び降り	とびおり
飛び込ま	とびこま
飛び込み	とびこみ
飛び込む	とびこむ
飛び込め	とびこめ
飛び込も	とびこも
飛び込ん	とびこん
捉え	とらえ
囚われ	とらわれ
採ら	とら
採り	とり
採る	とる
採れ	とれ
採ろ	とろ
採っ	とっ
執ら	とら
執り	とり
執る	とる
執れ	とれ
執ろ	とろ
執っ	とっ
直さ	なおさ
直し	なおし
直す	なおす
直せ	なおせ
直そ	なおそ
治ら	なおら
治り	なおり
治る	なおる
治れ	なおれ
治ろ	なおろ
治っ	なおっ
情けな	なさけな
情け深い	なさけぶかい
情け深く	なさけぶかく
情け深か	なさけぶかか
情け深け	なさけぶかけ
何気な	なにげな
生々し	なまなまし
並外れ	なみはずれ
倣わ	ならわ
倣い	ならい
倣う	ならう
倣え	ならえ
倣お	ならお
倣っ	ならっ
匂わ	におわ
匂い	におい
匂う	におう
匂え	におえ
匂お	におお
匂っ	におっ
苦々し	にがにがし
担わ	になわ
担う	になう
担え	になえ
担お	になお
担っ	になっ
寝転ば	ねころば
寝転び	ねころび
寝転ぶ	ねころぶ
寝転べ	ねころべ
寝転ぼ	ねころぼ
寝転ん	ねころん
残さ	のこさ
残し	のこし
残す	のこす
残せ	のこせ
残そ	のこそ
乗せ	のせ
伸ばさ	のばさ
伸ばし	のばし
伸ばす	のばす
伸ばせ	のばせ
伸ばそ	のばそ
上り詰め	のぼりつめ
飲み込ま	のみこま
飲み込み	のみこみ
飲み込む	のみこむ
飲み込め	のみこめ
飲み込も	のみこも
飲み込ん	のみこん
乗り換え	のりかえ
映え	はえ
儚い	はかない
儚く	はかなく
儚か	はかなか
儚け	はかなけ
計ら	はから
計り	はかり
計る	はかる
計れ	はかれ
計ろ	はかろ
計っ	はかっ
図ら	はから
図り	はかり
図る	はかる
図れ	はかれ
図ろ	はかろ
図っ	はかっ
剥がさ	はがさ
剥がし	はがし
剥がす	はがす
剥がせ	はがせ
剥がそ	はがそ
育ま	はぐくま
育み	はぐくみ
育む	はぐくむ
育め	はぐくめ
育も	はぐくも
育ん	はぐくん
激し	はげし
挟ま	はさま
挟み	はさみ
挟む	はさむ
挟め	はさめ
挟も	はさも
挟ん	はさん
華々し	はなばなし
跳ね上がら	はねあがら
跳ね上がり	はねあがり
跳ね上がる	はねあがる
跳ね上がれ	はねあがれ
跳ね上がろ	はねあがろ
跳ね上がっ	はねあがっ
嵌まら	はまら
嵌まり	はまり
嵌まる	はまる
嵌まれ	はまれ
嵌まろ	はまろ
嵌まっ	はまっ
はみ出さ	はみださ
はみ出し	はみだし
はみ出す	はみだす
はみ出せ	はみだせ
はみ出そ	はみだそ
歯向かわ	はむかわ
歯向かい	はむかい
歯向かう	はむかう
歯向かえ	はむかえ
歯向かお	はむかお
歯向かっ	はむかっ
早め	はやめ
貼り付け	はりつけ
ばら撒か	ばらまか
ばら撒き	ばらまき
ばら撒く	ばらまく
ばら撒け	ばらまけ
ばら撒こ	ばらまこ
ばら撒い	ばらまい
干上がら	ひあがら
干上がり	ひあがり
干上がる	ひあがる
干上がれ	ひあがれ
干上がろ	ひあがろ
干上がっ	ひあがっ
引き上げ	ひきあげ
引き当て	ひきあて
引き受け	ひきうけ
引き換え	ひきかえ
引き下げ	ひきさげ
引き締め	ひきしめ
引き出さ	ひきださ
引き出し	ひきだし
引き出す	ひきだす
引き出せ	ひきだせ
引き出そ	ひきだそ
引きつけ	ひきつけ
引きつら	ひきつら
引きつり	ひきつり
引きつる	ひきつる
引きつれ	ひきつれ
引きつろ	ひきつろ
引きつっ	ひきつっ
引き止め	ひきとめ
引き伸ばさ	ひきのばさ
引き伸ばし	ひきのばし
引き伸ばす	ひきのばす
引き伸ばせ	ひきのばせ
引き伸ばそ	ひきのばそ
引き渡さ	ひきわたさ
引き渡し	ひきわたし
引き渡す	ひきわたす
引き渡せ	ひきわたせ
引き渡そ	ひきわたそ
引っ張ら	ひっぱら
引っ張り	ひっぱり
引っ張る	ひっぱる
引っ張れ	ひっぱれ
引っ張ろ	ひっぱろ
引っ張っ	ひっぱっ
酷い	ひどい
酷く	ひどく
酷か	ひどか
酷け	ひどけ
広がら	ひろがら
広がり	ひろがり
広がる	ひろがる
広がれ	ひろがれ
広がろ	ひろがろ
広がっ	ひろがっ
広げ	ひろげ
増え	ふえ
吹き出さ	ふきださ
吹き出し	ふきだし
吹き出す	ふきだす
吹き出せ	ふきだせ
吹き出そ	ふきだそ
吹き付け	ふきつけ
膨れ	ふくれ
塞がら	ふさがら
塞がり	ふさがり
塞がる	ふさがる
塞がれ	ふさがれ
塞がろ	ふさがろ
塞がっ	ふさがっ
塞が	ふさが
塞ぎ	ふさぎ
塞ぐ	ふさぐ
塞げ	ふさげ
塞ご	ふさご
塞い	ふさい
増やさ	ふやさ
増やし	ふやし
増やす	ふやす
増やせ	ふやせ
増やそ	ふやそ
振舞わ	ふるまわ
振舞い	ふるまい
振舞う	ふるまう
振舞え	ふるまえ
振舞お	ふるまお
振舞っ	ふるまっ
吠え	ほえ
干さ	ほさ
干し	ほし
干す	ほす
干せ	ほせ
干そ	ほそ
褒め	ほめ
掘り返さ	ほりかえさ
掘り返し	ほりかえし
掘り返す	ほりかえす
掘り返せ	ほりかえせ
掘り返そ	ほりかえそ
滅び	ほろび
勝ら	まさら
勝り	まさり
勝る	まさる
勝れ	まされ
勝ろ	まさろ
混ざら	まざら
混ざり	まざり
混ざる	まざる
混ざれ	まざれ
混ざろ	まざろ
混ざっ	まざっ
混じら	まじら
混じり	まじり
混じる	まじる
混じれ	まじれ
混じろ	まじろ
混じっ	まじっ
跨ら	またがら
跨り	またがり
跨る	またがる
跨れ	またがれ
跨ろ	またがろ
跨っ	またがっ
間近い	まぢかい
間近く	まぢかく
間近か	まぢかか
間近け	まぢかけ
丸い	まるい
丸く	まるく
丸か	まるか
丸け	まるけ
回ら	まわら
回り	まわり
回る	まわる
回れ	まわれ
回ろ	まわろ
回っ	まわっ
見かけ	みかけ
見比べ	みくらべ
満ち	みち
見つから	みつから
見つかり	みつかり
見つかる	みつかる
見つかれ	みつかれ
見つかろ	みつかろ
見つかっ	みつかっ
見つけ	みつけ
見つめ	みつめ
見届け	みとどけ
見なさ	みなさ
見なし	みなし
見なす	みなす
見なせ	みなせ
見なそ	みなそ
見慣れ	みなれ
見逃さ	みのがさ
見逃し	みのがし
見逃す	みのがす
見逃せ	みのがせ
見逃そ	みのがそ
見破ら	みやぶら
見破り	みやぶり
見破る	みやぶる
見破れ	みやぶれ
見破ろ	みやぶろ
見破っ	みやぶっ
向かい合わ	むかいあわ
向かい合い	むかいあい
向かい合う	むかいあう
向かい合え	むかいあえ
向かい合お	むかいあお
向かい合っ	むかいあっ
向かわ	むかわ
向かい	むかい
向かう	むかう
向かえ	むかえ
向かお	むかお
向かっ	むかっ
目覚まし	めざまし
勿体な	もったいな
基づか	もとづか
基づき	もとづき
基づく	もとづく
基づけ	もとづけ
基づこ	もとづこ
基づい	もとづい
漏らさ	もらさ
漏らし	もらし
漏らす	もらす
漏らせ	もらせ
漏らそ	もらそ
痩せ	やせ
雇わ	やとわ
雇い	やとい
雇う	やとう
雇え	やとえ
雇お	やとお
雇っ	やとっ
やり直さ	やりなおさ
やり直し	やりなおし
やり直す	やりなおす
やり直せ	やりなおせ
やり直そ	やりなおそ
柔らか	やわらか
由々し	ゆゆし
良い	よい
良く	よく
良か	よか
良け	よけ
蘇ら	よみがえら
蘇り	よみがえり
蘇る	よみがえる
蘇れ	よみがえれ
蘇ろ	よみがえろ
蘇っ	よみがえっ
弱々し	よわよわし
分かりにく	わかりにく
分から	わから
分かり	わかり
分かる	わかる
分かれ	わかれ
分かろ	わかろ
別れ	わかれ
若々し	わかわかし
沸き起こら	わきおこら
沸き起こり	わきおこり
沸き起こる	わきおこる
沸き起これ	わきおこれ
沸き起ころ	わきおころ
沸き起こっ	わきおこっ
沸か	わか
沸き	わき
沸く	わく
沸け	わけ
沸こ	わこ
沸い	わい
湧か	わか
湧き	わき
湧く	わく
湧け	わけ
湧こ	わこ
湧い	わい
詫び	わび
割り込ま	わりこま
割り込み	わりこみ
割り込む	わりこむ
割り込め	わりこめ
割り込も	わりこも
割り込ん	わりこん
閊え	つかえ
履か	はか
履き	はき
履く	はく
履け	はけ
履こ	はこ
履い	はい
映し出さ	うつしださ
映し出し	うつしだし
映し出す	うつしだす
映し出せ	うつしだせ
映し出そ	うつしだそ
見放さ	みはなさ
見放し	みはなし
見放す	みはなす
見放せ	みはなせ
見放そ	みはなそ
目出度い	めでたい
目出度く	めでたく
目出度か	めでたか
目出度け	めでたけ
追いかけ	おいかけ
追っかけ	おっかけ
扇が	あおが
扇ぎ	あおぎ
扇ぐ	あおぐ
扇げ	あおげ
扇ご	あおご
扇い	あおい
行き過ぎ	いきすぎ
痛まし	いたまし
嫌がら	いやがら
嫌がり	いやがり
嫌がる	いやがる
嫌がれ	いやがれ
嫌がろ	いやがろ
嫌がっ	いやがっ
薄まら	うすまら
薄まり	うすまり
薄まる	うすまる
薄まれ	うすまれ
薄まろ	うすまろ
薄まっ	うすまっ
謳わ	うたわ
謳い	うたい
謳う	うたう
謳え	うたえ
謳お	うたお
謳っ	うたっ
打ち消さ	うちけさ
打ち消し	うちけし
打ち消す	うちけす
打ち消せ	うちけせ
打ち消そ	うちけそ
買い占め	かいしめ
罹ら	かから
罹り	かかり
罹る	かかる
罹れ	かかれ
罹ろ	かかろ
罹っ	かかっ
食い下がら	くいさがら
食い下がり	くいさがり
食い下がる	くいさがる
食い下がれ	くいさがれ
食い下がろ	くいさがろ
食い下がっ	くいさがっ
潜ら	くぐら
潜り	くぐり
潜る	くぐる
潜れ	くぐれ
潜ろ	くぐろ
潜っ	くぐっ
強張ら	こわばら
強張り	こわばり
強張る	こわばる
強張れ	こわばれ
強張ろ	こわばろ
強張っ	こわばっ
注さ	ささ
注し	さし
注す	さす
注せ	させ
注そ	さそ
塩辛い	しおからい
塩辛く	しおからく
塩辛か	しおからか
塩辛け	しおからけ
湿っぽ	しめっぽ
縋ら	すがら
縋り	すがり
縋る	すがる
縋れ	すがれ
縋ろ	すがろ
縋っ	すがっ
済まな	すまな
託さ	たくさ
託し	たくし
託す	たくす
託せ	たくせ
託そ	たくそ
糺さ	たださ
糺し	ただし
糺す	ただす
糺せ	ただせ
糺そ	ただそ
近寄せ	ちかよせ
注意深い	ちゅういぶかい
注意深く	ちゅういぶかく
注意深か	ちゅういぶかか
注意深け	ちゅういぶかけ
突っ張ら	つっぱら
突っ張り	つっぱり
突っ張る	つっぱる
突っ張れ	つっぱれ
突っ張ろ	つっぱろ
突っ張っ	つっぱっ
言い換え	いいかえ
思いがけな	おもいがけな
楯突か	たてつか
楯突き	たてつき
楯突く	たてつく
楯突け	たてつけ
楯突こ	たてつこ
楯突い	たてつい
立て直さ	たてなおさ
立て直し	たてなおし
立て直す	たてなおす
立て直せ	たてなおせ
立て直そ	たてなおそ
惚け	ぼけ
長引か	ながびか
長引き	ながびき
長引く	ながびく
長引け	ながびけ
長引こ	ながびこ
長引い	ながびい
生ら	なら
生り	なり
生る	なる
生れ	なれ
生ろ	なろ
生っ	なっ
寝過ごさ	ねすごさ
寝過ごし	ねすごし
寝過ごす	ねすごす
寝過ごせ	ねすごせ
寝過ごそ	ねすごそ
端たな	はしたな
撥ね	はね
孕ま	はらま
孕み	はらみ
孕む	はらむ
孕め	はらめ
孕も	はらも
孕ん	はらん
引っ付か	ひっつか
引っ付き	ひっつき
引っ付く	ひっつく
引っ付け	ひっつけ
引っ付こ	ひっつこ
引っ付い	ひっつい
欲しがら	ほしがら
欲しがり	ほしがり
欲しがる	ほしがる
欲しがれ	ほしがれ
欲しがろ	ほしがろ
欲しがっ	ほしがっ
間違わ	まちがわ
間違い	まちがい
間違う	まちがう
間違お	まちがお
間違っ	まちがっ
纏まら	まとまら
纏まり	まとまり
纏まる	まとまる
纏まれ	まとまれ
纏まろ	まとまろ
纏まっ	まとまっ
見限ら	みかぎら
見限り	みかぎり
見限る	みかぎる
見限れ	みかぎれ
見限ろ	みかぎろ
見限っ	みかぎっ
水臭い	みずくさい
水臭く	みずくさく
水臭か	みずくさか
水臭け	みずくさけ
恵まれ	めぐまれ
縺れ	もつれ
揺るがさ	ゆるがさ
揺るがし	ゆるがし
揺るがす	ゆるがす
揺るがせ	ゆるがせ
揺るがそ	ゆるがそ
選ら	よら
選り	より
選る	よる
選れ	よれ
選ろ	よろ
選っ	よっ
喜ばさ	よろこばさ
喜ばし	よろこばし
喜ばす	よろこばす
喜ばせ	よろこばせ
喜ばそ	よろこばそ
寝ぼけ	ねぼけ
見過ごさ	みすごさ
見過ごし	みすごし
見過ごす	みすごす
見過ごせ	みすごせ
見過ごそ	みすごそ
淀ま	よどま
淀み	よどみ
淀む	よどむ
淀め	よどめ
淀も	よども
淀ん	よどん
やり過ごさ	やりすごさ
やり過ごし	やりすごし
やり過ごす	やりすごす
やり過ごせ	やりすごせ
やり過ごそ	やりすごそ
熟さ	こなさ
熟し	こなし
熟す	こなす
熟せ	こなせ
熟そ	こなそ
響めか	どよめか
響めき	どよめき
響めく	どよめく
響めけ	どよめけ
響めこ	どよめこ
響めい	どよめい
馬鹿らし	ばからし
轢か	ひか
轢き	ひき
轢く	ひく
轢け	ひけ
轢こ	ひこ
轢い	ひい
遣っ付け	やっつけ
やり切れな	やりきれな
安らが	やすらが
安らぎ	やすらぎ
安らぐ	やすらぐ
安らげ	やすらげ
安らご	やすらご
安らい	やすらい
巻き起こさ	まきおこさ
巻き起こし	まきおこし
巻き起こす	まきおこす
巻き起こせ	まきおこせ
巻き起こそ	まきおこそ
義務付け	ぎむづけ
息苦し	いきぐるし
競い合わ	きそいあわ
競い合い	きそいあい
競い合う	きそいあう
競い合え	きそいあえ
競い合お	きそいあお
競い合っ	きそいあっ
競り合わ	せりあわ
競り合い	せりあい
競り合う	せりあう
競り合え	せりあえ
競り合お	せりあお
競り合っ	せりあっ
言い残さ	いいのこさ
言い残し	いいのこし
言い残す	いいのこす
言い残せ	いいのこせ
言い残そ	いいのこそ
荒らげ	あららげ
行き詰まら	いきづまら
行き詰まり	いきづまり
行き詰まる	いきづまる
行き詰まれ	いきづまれ
行き詰まろ	いきづまろ
行き詰まっ	いきづまっ
擤ま	かま
擤み	かみ
擤む	かむ
擤め	かめ
擤も	かも
擤ん	かん
気遣わし	きづかわし
泣き出さ	なきださ
泣き出し	なきだし
泣き出す	なきだす
泣き出せ	なきだせ
泣き出そ	なきだそ
辛抱強い	しんぼうづよい
辛抱強く	しんぼうづよく
辛抱強か	しんぼうづよか
辛抱強け	しんぼうづよけ
怒らせ	おこらせ
敷き詰め	しきつめ
抱え込ま	かかえこま
抱え込み	かかえこみ
抱え込む	かかえこむ
抱え込め	かかえこめ
抱え込も	かかえこも
抱え込ん	かかえこん
面白がら	おもしろがら
面白がり	おもしろがり
面白がる	おもしろがる
面白がれ	おもしろがれ
面白がろ	おもしろがろ
面白がっ	おもしろがっ
気負わ	きおわ
気負い	きおい
気負う	きおう
気負え	きおえ
気負お	きおお
気負っ	きおっ
気安い	きやすい
気安く	きやすく
気安か	きやすか
気安け	きやすけ
崩れ落ち	くずれおち
待たせ	またせ
芽吹か	めぶか
芽吹き	めぶき
芽吹く	めぶく
芽吹け	めぶけ
芽吹こ	めぶこ
芽吹い	めぶい
銘打た	めいうた
銘打ち	めいうち
銘打つ	めいうつ
銘打て	めいうて
銘打と	めいうと
銘打っ	めいうっ
満ち足り	みちたり
見回ら	みまわら
見回り	みまわり
見回る	みまわる
見回れ	みまわれ
見回ろ	みまわろ
見回っ	みまわっ
見定め	みさだめ
生易し	なまやさし
苦り切ら	にがりきら
苦り切り	にがりきり
苦り切る	にがりきる
苦り切れ	にがりきれ
苦り切ろ	にがりきろ
苦り切っ	にがりきっ
思い余ら	おもいあまら
思い余り	おもいあまり
思い余る	おもいあまる
思い余れ	おもいあまれ
思い余ろ	おもいあまろ
思い余っ	おもいあまっ
思い描か	おもいえがか
思い描き	おもいえがき
思い描く	おもいえがく
思い描け	おもいえがけ
思い描こ	おもいえがこ
思い描い	おもいえがい
忘れ去ら	わすれさら
忘れ去り	わすれさり
忘れ去る	わすれさる
忘れ去れ	わすれされ
忘れ去ろ	わすれさろ
忘れ去っ	わすれさっ
攻め立て	せめたて
攻め込ま	せめこま
攻め込み	せめこみ
攻め込む	せめこむ
攻め込め	せめこめ
攻め込も	せめこも
攻め込ん	せめこん
手控え	てびかえ
書き上げ	かきあげ
勝ち取ら	かちとら
勝ち取り	かちとり
勝ち取る	かちとる
勝ち取れ	かちとれ
勝ち取ろ	かちとろ
勝ち取っ	かちとっ
勝ち得る	かちえる
勝ち得ま	かちえま
勝ち得た	かちえた
勝ち得て	かちえて
勝ち得な	かちえな
勝ち得ら	かちえら
勝ち得さ	かちえさ
勝ち得よ	かちえよ
勝ち得ろ	かちえろ
勝ち得れ	かちえれ
勝ち得ず	かちえず
勝ち越さ	かちこさ
勝ち越し	かちこし
勝ち越す	かちこす
勝ち越せ	かちこせ
勝ち越そ	かちこそ
取り払わ	とりはらわ
取り払い	とりはらい
取り払う	とりはらう
取り払え	とりはらえ
取り払お	とりはらお
取り払っ	とりはらっ
取り揃え	とりそろえ
研ぎ澄まさ	とぎすまさ
研ぎ澄まし	とぎすまし
研ぎ澄ます	とぎすます
研ぎ澄ませ	とぎすませ
研ぎ澄まそ	とぎすまそ
混ぜ合わさ	まぜあわさ
混ぜ合わし	まぜあわし
混ぜ合わす	まぜあわす
混ぜ合わせ	まぜあわせ
混ぜ合わそ	まぜあわそ
思い起こさ	おもいおこさ
思い起こし	おもいおこし
思い起こす	おもいおこす
思い起こせ	おもいおこせ
思い起こそ	おもいおこそ
思い知らせ	おもいしらせ
思い浮かべ	おもいうかべ
持ち帰ら	もちかえら
持ち帰り	もちかえり
持ち帰る	もちかえる
持ち帰れ	もちかえれ
持ち帰ろ	もちかえろ
持ち帰っ	もちかえっ
取り壊さ	とりこわさ
取り壊し	とりこわし
取り壊す	とりこわす
取り壊せ	とりこわせ
取り壊そ	とりこわそ
取りまとめ	とりまとめ
赤茶け	あかちゃけ
静まり返ら	しずまりかえら
静まり返り	しずまりかえり
静まり返る	しずまりかえる
静まり返れ	しずまりかえれ
静まり返ろ	しずまりかえろ
静まり返っ	しずまりかえっ
底堅い	そこがたい
底堅く	そこがたく
底堅か	そこがたか
底堅け	そこがたけ
弱り果て	よわりはて
差し替え	さしかえ
立ち後れ	たちおくれ
滑り出さ	すべりださ
滑り出し	すべりだし
滑り出す	すべりだす
滑り出せ	すべりだせ
滑り出そ	すべりだそ
抜き去ら	ぬきさら
抜き去り	ぬきさり
抜き去る	ぬきさる
抜き去れ	ぬきされ
抜き去ろ	ぬきさろ
抜き去っ	ぬきさっ
感じ入ら	かんじいら
感じ入り	かんじいり
感じ入る	かんじいる
感じ入れ	かんじいれ
感じ入ろ	かんじいろ
感じ入っ	かんじいっ
用立て	ようだて
読み聞かせ	よみきかせ
読みにく	よみにく
飛び抜け	とびぬけ
組み上げ	くみあげ
手広い	てびろい
手広く	てびろく
手広か	てびろか
手広け	てびろけ
手っ取り早い	てっとりばやい
手っ取り早く	てっとりばやく
手っ取り早か	てっとりばやか
手っ取り早け	てっとりばやけ
書き残さ	かきのこさ
書き残し	かきのこし
書き残す	かきのこす
書き残せ	かきのこせ
書き残そ	かきのこそ
勝ち残ら	かちのこら
勝ち残り	かちのこり
勝ち残る	かちのこる
勝ち残れ	かちのこれ
勝ち残ろ	かちのころ
勝ち残っ	かちのこっ
勝ち進ま	かちすすま
勝ち進み	かちすすみ
勝ち進む	かちすすむ
勝ち進め	かちすすめ
勝ち進も	かちすすも
勝ち進ん	かちすすん
取り合わせ	とりあわせ
取り留め	とりとめ
取り崩さ	とりくずさ
取り崩し	とりくずし
取り崩す	とりくずす
取り崩せ	とりくずせ
取り崩そ	とりくずそ
取り決め	とりきめ
程遠い	ほどとおい
程遠く	ほどとおく
程遠か	ほどとおか
程遠け	ほどとおけ
心苦し	こころぐるし
心憎い	こころにくい
心憎く	こころにくく
心憎か	こころにくか
心憎け	こころにくけ
駆け巡ら	かけめぐら
駆け巡り	かけめぐり
駆け巡る	かけめぐる
駆け巡れ	かけめぐれ
駆け巡ろ	かけめぐろ
駆け巡っ	かけめぐっ
間引か	まびか
間引き	まびき
間引く	まびく
間引け	まびけ
間引こ	まびこ
間引い	まびい
見入ら	みいら
見入り	みいり
見入る	みいる
見入れ	みいれ
見入ろ	みいろ
見入っ	みいっ
切り返さ	きりかえさ
切り返し	きりかえし
切り返す	きりかえす
切り返せ	きりかえせ
切り返そ	きりかえそ
魅入ら	みいら
魅入り	みいり
魅入る	みいる
魅入れ	みいれ
魅入ろ	みいろ
魅入っ	みいっ
詰め替え	つめかえ
追い上げ	おいあげ
追い求め	おいもとめ
追い落とさ	おいおとさ
追い落とし	おいおとし
追い落とす	おいおとす
追い落とせ	おいおとせ
追い落とそ	おいおとそ
度重なら	たびかさなら
度重なり	たびかさなり
度重なる	たびかさなる
度重なれ	たびかさなれ
度重なろ	たびかさなろ
度重なっ	たびかさなっ
照らし合わせ	てらしあわせ
焼き上げ	やきあげ
焼け出され	やけだされ
焼け残ら	やけのこら
焼け残り	やけのこり
焼け残る	やけのこる
焼け残れ	やけのこれ
焼け残ろ	やけのころ
焼け残っ	やけのこっ
咲き誇ら	さきほこら
咲き誇り	さきほこり
咲き誇る	さきほこる
咲き誇れ	さきほこれ
咲き誇ろ	さきほころ
咲き誇っ	さきほこっ
浮き出る	うきでる
浮き出ま	うきでま
浮き出た	うきでた
浮き出て	うきでて
浮き出な	うきでな
浮き出ら	うきでら
浮き出さ	うきでさ
浮き出よ	うきでよ
浮き出ろ	うきでろ
浮き出れ	うきでれ
浮き出ず	うきでず
売り切ら	うりきら
売り切り	うりきり
売り切る	うりきる
売り切ろ	うりきろ
売り切っ	うりきっ
移り変わら	うつりかわら
移り変わり	うつりかわり
移り変わる	うつりかわる
移り変われ	うつりかわれ
移り変わろ	うつりかわろ
移り変わっ	うつりかわっ
殺気立た	さっきだた
殺気立ち	さっきだち
殺気立つ	さっきだつ
殺気立て	さっきだて
殺気立と	さっきだと
殺気立っ	さっきだっ
言い過ぎ	いいすぎ
意味づけ	いみづけ
怒鳴り込ま	どなりこま
怒鳴り込み	どなりこみ
怒鳴り込む	どなりこむ
怒鳴り込め	どなりこめ
怒鳴り込も	どなりこも
怒鳴り込ん	どなりこん
盛り付け	もりつけ
洗い上げ	あらいあげ
洗い直さ	あらいなおさ
洗い直し	あらいなおし
洗い直す	あらいなおす
洗い直せ	あらいなおせ
洗い直そ	あらいなおそ
打ち立て	うちたて
出し切ら	だしきら
出し切り	だしきり
出し切る	だしきる
出し切れ	だしきれ
出し切ろ	だしきろ
出し切っ	だしきっ
練り直さ	ねりなおさ
練り直し	ねりなおし
練り直す	ねりなおす
練り直せ	ねりなおせ
練り直そ	ねりなおそ
置き忘れ	おきわすれ
差し迫ら	さしせまら
差し迫り	さしせまり
差し迫る	さしせまる
差し迫れ	さしせまれ
差し迫ろ	さしせまろ
差し迫っ	さしせまっ
押し下げ	おしさげ
気色ばま	けしきばま
気色ばみ	けしきばみ
気色ばむ	けしきばむ
気色ばめ	けしきばめ
気色ばも	けしきばも
気色ばん	けしきばん
張り替え	はりかえ
担ぎ出さ	かつぎださ
担ぎ出し	かつぎだし
担ぎ出す	かつぎだす
担ぎ出せ	かつぎだせ
担ぎ出そ	かつぎだそ
逃げ切ら	にげきら
逃げ切り	にげきり
逃げ切る	にげきる
逃げ切れ	にげきれ
逃げ切ろ	にげきろ
逃げ切っ	にげきっ
耳慣れ	みみなれ
息巻か	いきまか
息巻き	いきまき
息巻く	いきまく
息巻け	いきまけ
息巻こ	いきまこ
息巻い	いきまい
息詰まら	いきづまら
息詰まり	いきづまり
息詰まる	いきづまる
息詰まれ	いきづまれ
息詰まろ	いきづまろ
息詰まっ	いきづまっ
繰り入れ	くりいれ
繰り上がら	くりあがら
繰り上がり	くりあがり
繰り上がる	くりあがる
繰り上がれ	くりあがれ
繰り上がろ	くりあがろ
繰り上がっ	くりあがっ
乱れ飛ば	みだれとば
乱れ飛び	みだれとび
乱れ飛ぶ	みだれとぶ
乱れ飛べ	みだれとべ
乱れ飛ぼ	みだれとぼ
乱れ飛ん	みだれとん
聞き流さ	ききながさ
聞き流し	ききながし
聞き流す	ききながす
聞き流せ	ききながせ
聞き流そ	ききながそ
貸し付け	かしつけ
思いやら	おもいやら
思いやり	おもいやり
思いやる	おもいやる
思いやれ	おもいやれ
思いやろ	おもいやろ
思いやっ	おもいやっ
織り成さ	おりなさ
織り成し	おりなし
織り成す	おりなす
織り成せ	おりなせ
織り成そ	おりなそ
陣取ら	じんどら
陣取り	じんとり
陣取る	じんどる
陣取れ	じんどれ
陣取ろ	じんどろ
陣取っ	じんどっ
振り上げ	ふりあげ
振り絞ら	ふりしぼら
振り絞り	ふりしぼり
振り絞る	ふりしぼる
振り絞れ	ふりしぼれ
振り絞ろ	ふりしぼろ
振り絞っ	ふりしぼっ
立ち入ら	たちいら
立ち入り	たちいり
立ち入る	たちいる
立ち入れ	たちいれ
立ち入ろ	たちいろ
立ち入っ	たちいっ
立ち合わ	たちあわ
立ち合い	たちあい
立ち合う	たちあう
立ち合え	たちあえ
立ち合お	たちあお
立ち合っ	たちあっ
立ち尽くさ	たちつくさ
立ち尽くし	たちつくし
立ち尽くす	たちつくす
立ち尽くせ	たちつくせ
立ち尽くそ	たちつくそ
食べ残さ	たべのこさ
食べ残し	たべのこし
食べ残す	たべのこす
食べ残せ	たべのこせ
食べ残そ	たべのこそ
降り積もら	ふりつもら
降り積もり	ふりつもり
降り積もる	ふりつもる
降り積もれ	ふりつもれ
降り積もろ	ふりつもろ
降り積もっ	ふりつもっ
余儀な	よぎな
荒らし回ら	あらしまわら
荒らし回り	あらしまわり
荒らし回る	あらしまわる
荒らし回れ	あらしまわれ
荒らし回ろ	あらしまわろ
荒らし回っ	あらしまわっ
併せ持た	あわせもた
併せ持ち	あわせもち
併せ持つ	あわせもつ
併せ持て	あわせもて
併せ持と	あわせもと
併せ持っ	あわせもっ
感極まら	かんきわまら
感極まり	かんきわまり
感極まる	かんきわまる
感極まれ	かんきわまれ
感極まろ	かんきわまろ
感極まっ	かんきわまっ
消え去ら	きえさら
消え去り	きえさり
消え去る	きえさる
消え去れ	きえされ
消え去ろ	きえさろ
消え去っ	きえさっ
崩れ去ら	くずれさら
崩れ去り	くずれさり
崩れ去る	くずれさる
崩れ去れ	くずれされ
崩れ去ろ	くずれさろ
崩れ去っ	くずれさっ
慣れ親しま	なれしたしま
慣れ親しみ	なれしたしみ
慣れ親しむ	なれしたしむ
慣れ親しめ	なれしたしめ
慣れ親しも	なれしたしも
慣れ親しん	なれしたしん
根付か	ねづか
根付き	ねづき
根付く	ねづく
根付け	ねつけ
根付こ	ねづこ
根付い	ねづい
貼り合わせ	はりあわせ
葬り去ら	ほうむりさら
葬り去り	ほうむりさり
葬り去る	ほうむりさる
葬り去れ	ほうむりされ
葬り去ろ	ほうむりさろ
葬り去っ	ほうむりさっ
見当たらな	みあたらな
皮肉ら	ひにくら
皮肉り	ひにくり
皮肉る	ひにくる
皮肉れ	ひにくれ
皮肉ろ	ひにくろ
皮肉っ	ひにくっ
消し去ら	けしさら
消し去り	けしさり
消し去る	けしさる
消し去れ	けしされ
消し去ろ	けしさろ
消し去っ	けしさっ
封じ	ふうじ
気持ち悪い	きもちわるい
気持ち悪く	きもちわるく
気持ち悪か	きもちわるか
気持ち悪け	きもちわるけ
絞り込ま	しぼりこま
絞り込み	しぼりこみ
絞り込む	しぼりこむ
絞り込め	しぼりこめ
絞り込も	しぼりこも
絞り込ん	しぼりこん
待たさ	またさ
待たし	またし
待たす	またす
待たそ	またそ
利かせ	きかせ
解きほぐさ	ときほぐさ
解きほぐし	ときほぐし
解きほぐす	ときほぐす
解きほぐせ	ときほぐせ
解きほぐそ	ときほぐそ
滑り降り	すべりおり
働かせ	はたらかせ
数少な	かずすくな
動き出さ	うごきださ
動き出し	うごきだし
動き出す	うごきだす
動き出せ	うごきだせ
動き出そ	うごきだそ
萌え	もえ
摂ら	とら
摂り	とり
摂る	とる
摂れ	とれ
摂ろ	とろ
摂っ	とっ
丸まら	まるまら
丸まり	まるまり
丸まる	まるまる
丸まれ	まるまれ
丸まろ	まるまろ
丸まっ	まるまっ
訳がな	わけがな
あり得な	ありえな
生まれ育た	うまれそだた
生まれ育ち	うまれそだち
生まれ育つ	うまれそだつ
生まれ育て	うまれそだて
生まれ育と	うまれそだと
生まれ育っ	うまれそだっ
大っき	おっき
為れ	され
並び替え	ならびかえ
愛さ	あいさ
愛す	あいす
愛せ	あいせ
愛そ	あいそ
辞さ	じさ
辞し	じし
辞す	じす
辞せ	じせ
辞そ	じそ
蒔か	まか
蒔き	まき
蒔く	まく
蒔け	まけ
蒔こ	まこ
蒔い	まい
載ら	のら
載り	のり
載る	のる
載れ	のれ
載ろ	のろ
載っ	のっ
打付け	ぶつけ
難い	にくい
難く	にくく
難か	にくか
難け	にくけ
報われ	むくわれ
亡くさ	なくさ
亡くし	なくし
亡くす	なくす
亡くせ	なくせ
亡くそ	なくそ
抑え	おさえ
省み	かえりみ
訊か	きか
訊き	きき
訊く	きく
訊け	きけ
訊こ	きこ
訊い	きい
直ら	なおら
直り	なおり
直る	なおる
直れ	なおれ
直ろ	なおろ
直っ	なおっ
混ま	こま
混み	こみ
混む	こむ
混め	こめ
混も	こも
混ん	こん
治さ	なおさ
治し	なおし
治す	なおす
治せ	なおせ
治そ	なおそ
驕ら	おごら
驕り	おごり
驕る	おごる
驕れ	おごれ
驕ろ	おごろ
驕っ	おごっ
為さ	なさ
為し	なし
為す	なす
為せ	なせ
為そ	なそ
煩わ	わずらわ
煩う	わずらう
煩え	わずらえ
煩お	わずらお
煩っ	わずらっ
明白	めいはく
彼処	あそこ
あっという間に	あっというまに
彼の	あの
あの人	あのひと
あの方	あのかた
彼	かれ
否々	いやいや
如何にも	いかにも
居らっしゃる	いらっしゃる
御田	おでん
お負けに	おまけに
お握り	おにぎり
お化け	おばけ
お菓子	おかし
お願いします	おねがいします
お願いいたします	おねがいいたします
お帰りなさい	おかえりなさい
お客様	おきゃくさま
お休みなさい	おやすみなさい
お金	おかね
お兄さん	おにいさん
お好み焼き	おこのみやき
お絞り	おしぼり
お参り	おまいり
お産	おさん
お仕舞い	おしまい
お使い	おつかい
お姉さん	おねえさん
お子様	おこさま
お辞儀	おじぎ
お邪魔します	おじゃまします
お守り	おまもり
お手上げ	おてあげ
お手盛り	おてもり
お手洗い	おてあらい
お手伝いさん	おてつだいさん
お巡りさん	おまわりさん
お嬢さん	おじょうさん
お世辞	おせじ
お先に	おさきに
お前	おまえ
お祖父さん	おじいさん
お祖母さん	おばあさん
お早うございます	おはようございます
お袋	おふくろ
お大事に	おだいじに
お宅	おたく
お茶	おちゃ
お喋り	おしゃべり
お天気	おてんき
お土産	おみやげ
お凸	おでこ
お疲れ様	おつかれさま
お父さん	おとうさん
お腹	おなか
お返し	おかえし
お母さん	おかあさん
お墨付き	おすみつき
お話中	おはなしちゅう
お洒落	おしゃれ
畏まりました	かしこまりました
かも知れない	かもしれない
かも知れません	かもしれません
屹度	きっと
刻々	こっこく
限り限り	ぎりぎり
嚏	くしゃみ
隈なく	くまなく
愚図愚図	ぐずぐず
斯う	こう
こう言う	こういう
此方	こちら
悉く	ことごとく
事によって	ことによって
この外	このほか
この間	このあいだ
この頃	このごろ
この辺	このへん
此れから	これから
これ迄	これまで
これ等	これら
ゴミ箱	ごみばこ
ご苦労様	ごくろうさま
ご馳走様でした	ごちそうさまでした
先	さき
颯と	さっと
頻りに	しきりに
屡々	しばしば
仕舞った	しまった
沁み沁み	しみじみ
吃逆	しゃっくり
凝乎と	じっと
じゃが芋	じゃがいも
じゃん拳	じゃんけん
す可き	すべき
擦れ擦れ	すれすれ
其奴	そいつ
其処	そこ
而して	そして
其方	そちら
其の	その
その上	そのうえ
その他	そのほか
その内	そのうち
抑	そもそも
そよ風	そよかぜ
其れ	それ
其れから	それから
其れで	それで
其れとも	それとも
其れに	それに
それ程	それほど
それ等	それら
度に	たびに
丈	たけ
些とも	ちっとも
っ放し	っぱなし
序でに	ついでに
熟	つくづく
躑躅	つつじ
と言うもの	というもの
所が	ところが
迚も	とても
飛んだ	とんだ
と言えば	といえば
如何	いかが
どう言う	どういう
どう致しまして	どういたしまして
何方も	どちらも
何方でも	どなたでも
どの様	どのよう
どの位	どのくらい
何れ	どれ
何れでも	どれでも
泥々	どろどろ
等閑	なおざり
何故なら	なぜなら
何故ならば	なぜならば
に於いて	において
に於ける	における
和やか	なごやか
に取って	にとって
に因って	によって
に依ると	によると
に加えて	にくわえて
に関して	にかんして
に就いて	について
に対して	にたいして
に対する	にたいする
の度に	のたびに
許り	ばかり
薔薇薔薇	バラバラ
犇々	ひしひし
只管	ひたすら
罅	ひび
ぶっきら棒	ぶっきらぼう
可き	べき
本の	ほんの
忠実	ちゅうじつ
見す見す	みすみす
若し	もし
若しかしたら	もしかしたら
若しかして	もしかして
若しかすると	もしかすると
軈て	やがて
漸と	やっと
矢っ張り	やっぱり
やり繰り	やりくり
やり取り	やりとり
やり方	やりかた
揺ら揺ら	ゆらゆら
様に	ように
涎	よだれ
列記	れっき
アキレス腱	アキレスけん
亜細亜	アジア
アミノ酸	アミノさん
アメリカ人	アメリカじん
亜爾加里	アルカリ
アルカリ性	アルカリせい
安母尼亜	アンモニア
英吉利	イギリス
以色列	イスラエル
伊太利	イタリア
伊拉久	イラク
英蘭	イングランド
印度	インド
印度支那	インドシナ
印度尼西亜	インドネシア
烏克蘭	ウクライナ
宇柳貝	ウルグアイ
越幾斯	エキス
厄瓜多	エクアドル
埃及	エジプト
越歴	エレキ
濠太剌利	オーストラリア
牛津	うしづ
阿蘭陀	オランダ
加答児	カタル
型録	カタログ
加特力	カトリック
加奈陀	カナダ
金糸雀	カナリア
空オケ	カラオケ
加爾基	カルキ
咖哩	カレー
瓦斯	ガス
硝子	ガラス
ガラス張り	ガラスばり
沈菜	キムチ
玖馬	キューバ
切支丹	キリシタン
基督	キリスト
キリスト教	キリストきょう
瓩	キログラム
粁	キロメートル
希臘	ギリシャ
科威都	クウェート
久留子	クルス
瓜姆	グアム
瓦	かわら
臥児狼徳	グリーンランド
ケーソン工法	ケーソンこうほう
日耳曼	ゲルマン
珈琲	コーヒー
古加涅	コカイン
洋杯	コップ
混凝土	コンクリート
蜚蠊	ゴキブリ
護謨	ゴム
撒哈拉	サハラ
サハラ砂漠	サハラさばく
蝲蛄	ザリガニ
シーア派	シーアは
舎路	シアトル
雪特尼	シドニー
西比利亜	シベリア
シャボン玉	シャボンだま
三鞭酒	シャンパン
叙利亜	シリア
新嘉坡	シンガポール
ジェット機	ジェットき
牙買加	ジャマイカ
寿府	ジュネーブ
成吉思汗	ジンギスかん
瑞西	スイス
瑞典	スウェーデン
士篤恒	ストックホルム
獅子女	スフィンクス
スペイン語	スペインご
スポーツ新聞	スポーツしんぶん
スワヒリ語	スワヒリご
洋袴	ズボン
セーラー服	セーラーふく
塞爾維	セルビア
糎	センチメートル
蘇維埃	ソビエト
ソ連	ソれん
打	ダース
達頼喇嘛	ダライラマ
断トツ	だんトツ
禿び	ちび
窒扶斯	チフス
西蔵	チベット
突尼斯	チュニジア
智利	チリ
得撒	テキサス
第希蘭	テヘラン
テレビ局	テレビきょく
データ通信	データつうしん
土耳古	トルコ
ト長調	トちょうちょう
ドイツ語	ドイツご
ドラ息子	どらむすこ
弗	ドル
尼羅	ナイル
尼加拉瓦	ニカラグア
新西蘭	ニュージーランド
紐育	ニューヨーク
ノーベル賞	ノーベルしょう
布哇	ハワイ
巴格達	バグダッド
馬穴	バケツ
バス停	バスてい
発条	ばね
バベルの塔	バベルのとう
晩香波	バンクーバー
曼谷	バンコク
巴基斯担	パキスタン
巴奈馬	パナマ
巴里	ぱり
パン屋	パンや
パン粉	パンこ
天鵞絨	ビロード
ファン倶楽部	ファンクラブ
比律賓	フィリピン
芬蘭	フィンランド
フランス語	フランスご
ブラウン管	ブラウンかん
伯剌西爾	ブラジル
勃牙利	ブルガリア
プー太郎	ぷうたろう
ベニヤ板	ベニヤいた
白耳義	ベルギー
頁	ページ
秘露	ペルー
番瀝青	ペンキ
ペン先	ペンさき
釦	ボタン
葡萄牙	ポルトガル
燐寸	マッチ
馬尼剌	マニラ
馬克	マルク
馬来西亜	マレーシア
満俺	マンガン
芒果	マンゴー
木乃伊	ミイラ
弥撒	ミサ
ミドル級	ミドルきゅう
粍	ミリメートル
米	こめ
墨西哥	メキシコ
莫斯科	モスクワ
摩洛哥	モロッコ
猶太	ユダヤ
欧羅巴	ヨーロッパ
拉麺	ラーメン
羅宇	ラオス
拉丁	ラテン
ラテン語	ラテンご
利比利亜	リベリア
淋巴	リンパ
黎巴嫩	レバノン
檸檬	レモン
ローマ字	ローマじ
浪漫	ロマン
倫敦	ろんどん
華盛頓	ワシントン
亜鉛	あえん
亜種	あしゅ
亜熱帯	あねったい
亜米利加	アメリカ
アメリカ合衆国	アメリカがっしゅうこく
亜流	ありゅう
阿弥陀	あみだ
哀れ	あわれ
哀感	あいかん
哀歓	あいかん
哀愁	あいしゅう
哀切	あいせつ
哀悼	あいとう
愛	あい
愛する	あいする
愛育	あいいく
愛煙家	あいえんか
愛嬌	あいきょう
愛犬	あいけん
愛護	あいご
愛好	あいこう
愛国	あいこく
愛妻	あいさい
愛車	あいしゃ
愛書	あいしょ
愛唱	あいしょう
愛称	あいしょう
愛情	あいじょう
愛人	あいじん
愛蔵	あいぞう
愛鳥	あいちょう
愛弟子	まなでし
愛読	あいどく
愛馬	あいば
愛用	あいよう
挨拶	あいさつ
悪	あく
悪さ	わるさ
悪しからず	あしからず
悪意	あくい
悪影響	あくえいきょう
悪化	あっか
悪寒	おかん
悪気	わるぎ
悪戯	いたずら
悪玉	あくだま
悪事	あくじ
悪質	あくしつ
悪者	わるもの
悪習	あくしゅう
悪臭	あくしゅう
悪循環	あくじゅんかん
悪女	あくじょ
悪条件	あくじょうけん
悪人	あくにん
悪性	あくせい
悪政	あくせい
悪戦苦闘	あくせんくとう
悪態	あくたい
悪天候	あくてんこう
悪党	あくとう
悪童	あくどう
悪徳	あくとく
悪評	あくひょう
悪弊	あくへい
悪法	あくほう
悪魔	あくま
悪夢	あくむ
悪役	あくやく
悪用	あくよう
悪路	あくろ
にぎり寿司	にぎりずし
握手	あくしゅ
握力	あくりょく
旭日	きょくじつ
圧延	あつえん
圧巻	あっかん
圧殺	あっさつ
圧死	あっし
圧縮	あっしゅく
圧縮空気	あっしゅくくうき
圧勝	あっしょう
圧政	あっせい
圧倒	あっとう
圧倒的	あっとうてき
圧迫	あっぱく
圧力	あつりょく
圧力団体	あつりょくだんたい
斡旋	あっせん
飴	あめ
絢爛	けんらん
安らか	やすらか
安易	あんい
安穏	あんのん
安価	あんか
安楽	あんらく
安楽死	あんらくし
安産	あんざん
安住	あんじゅう
安上がり	やすあがり
安心	あんしん
安静	あんせい
安全	あんぜん
安全地帯	あんぜんちたい
安全保障	あんぜんほしょう
安息	あんそく
安打	あんだ
安泰	あんたい
安値	やすね
安置	あんち
安直	あんちょく
安定	あんてい
安堵	あんど
安売り	やすうり
安否	あんぴ
安物	やすもの
安保	あんぽ
安眠	あんみん
庵	いおり
位	くらい
暗に	あんに
暗闇	くらやみ
暗雲	あんうん
暗号	あんごう
暗殺	あんさつ
暗算	あんざん
暗示	あんじ
暗礁	あんしょう
暗証番号	あんしょうばんごう
暗転	あんてん
暗闘	あんとう
暗黙	あんもく
暗躍	あんやく
案	あん
案の定	あんのじょう
案外	あんがい
案件	あんけん
案内	あんない
案内書	あんないしょ
闇	やみ
杏林	きょうりん
以て	もって
以遠	いえん
以下	いか
以外	いがい
以後	いご
以降	いこう
以上	いじょう
以心伝心	いしんでんしん
以前	いぜん
以内	いない
以来	いらい
伊達	だて
伊呂波	いろは
位相	いそう
依願	いがん
依拠	いきょ
依然	いぜん
依然として	いぜんとして
依頼	いらい
依頼者	いらいしゃ
偉業	いぎょう
偉人	いじん
偉大	いだい
囲碁	いご
委員	いいん
委員会	いいんかい
委員長	いいんちょう
委託	いたく
委任	いにん
委任状	いにんじょう
威圧	いあつ
威嚇	いかく
威厳	いげん
威光	いこう
威信	いしん
威勢	いせい
威風	いふう
意外	いがい
意気	いき
意気消沈	いきしょうちん
意気地	いくじ
意気投合	いきとうごう
意義	いぎ
意見	いけん
意志	いし
意思	いし
意思決定	いしけってい
意思表示	いしひょうじ
意識	いしき
意匠	いしょう
意図	いと
意図的	いとてき
意地	いじ
意地悪	いじわる
意中	いちゅう
意表	いひょう
意味	いみ
意味合い	いみあい
慰安	いあん
慰問	いもん
慰留	いりゅう
慰霊祭	いれいさい
慰労	いろう
椅子	いす
為	ため
為さる	なさる
為に	ために
為る	する
為政者	いせいしゃ
為替	かわせ
為替管理	かわせかんり
為替銀行	かわせぎんこう
為替相場	かわせそうば
畏敬	いけい
畏怖	いふ
異議	いぎ
異郷	いきょう
異口同音	いくどうおん
異国	いこく
異彩	いさい
異質	いしつ
異種	いしゅ
異臭	いしゅう
異常	いじょう
異状	いじょう
異色	いしょく
異性	いせい
異説	いせつ
異存	いぞん
異端	いたん
異動	いどう
異物	いぶつ
異変	いへん
異母	いぼ
異邦人	いほうじん
異名	いみょう
異様	いよう
異例	いれい
異論	いろん
移り気	うつりぎ
移管	いかん
移行	いこう
移住	いじゅう
移植	いしょく
移籍	いせき
移設	いせつ
移送	いそう
移転	いてん
移動	いどう
移入	いにゅう
移民	いみん
維持	いじ
維新	いしん
緯度	いど
胃	い
胃炎	いえん
胃袋	いぶくろ
胃腸	いちょう
胃痛	いつう
胃潰瘍	いかいよう
衣	ころも
衣装	いしょう
衣食	いしょく
衣食住	いしょくじゅう
衣服	いふく
衣料	いりょう
違憲	いけん
違反	いはん
違法	いほう
違約	いやく
違和感	いわかん
遺影	いえい
遺憾	いかん
遺訓	いくん
遺言	ゆいごん
遺構	いこう
遺稿	いこう
遺骨	いこつ
遺恨	いこん
遺作	いさく
遺産	いさん
遺志	いし
遺児	いじ
遺失	いしつ
遺失物	いしつぶつ
遺書	いしょ
遺跡	いせき
遺族	いぞく
遺体	いたい
遺伝	いでん
遺伝学	いでんがく
遺伝子	いでんし
遺伝子工学	いでんしこうがく
遺伝病	いでんびょう
遺品	いひん
遺物	いぶつ
遺留	いりゅう
遺留品	いりゅうひん
医	い
医院	いいん
医科	いか
医学	いがく
医学部	いがくぶ
医官	いかん
医局	いきょく
医師	いし
医師会	いしかい
医事	いじ
医者	いしゃ
医大	いだい
医長	いちょう
医務	いむ
医務室	いむしつ
医薬	いやく
医薬品	いやくひん
医療	いりょう
井戸	いど
井戸掘り	いどほり
井戸水	いどみず
井戸端会議	いどばたかいぎ
井筒	いずつ
域外	いきがい
域内	いきない
育英	いくえい
育児	いくじ
育種	いくしゅ
育苗	いくびょう
育毛剤	いくもうざい
磯辺	いそべ
一	いち
一つ	ひとつ
一つ一つ	ひとつひとつ
一握り	ひとにぎり
一安心	ひとあんしん
一案	いちあん
一位	いちい
一尉	いちい
一員	いちいん
一因	いちいん
一円	いちえん
一応	いちおう
一億	いちおく
一過	いっか
一画	いっかく
一介	いっかい
一回	いっかい
一回り	ひとまわり
一階	いっかい
一概に	いちがいに
一角	いっかく
一喝	いっかつ
一括	いっかつ
一巻	いっかん
一環	いっかん
一貫	いっかん
一丸	いちがん
一喜一憂	いっきいちゆう
一期	いちご
一気	いっき
一気に	いっきに
一義	いちぎ
一休み	ひとやすみ
一級	いっきゅう
一挙	いっきょ
一挙手一投足	いっきょしゅいっとうそく
一興	いっきょう
一局	いっきょく
一曲	いっきょく
一筋縄	ひとすじなわ
一句	いっく
一群	いちぐん
一軍	いちぐん
一芸	いちげい
一撃	いちげき
一月	いちがつ
一件	いっけん
一見	いっけん
一軒	いっけん
一元	いちげん
一元化	いちげんか
一個	いっこ
一戸	いっこ
一戸建て	いっこだて
一顧	いっこ
一語	いちご
一口	ひとくち
一向	いっこう
一考	いっこう
一刻	いっこく
一国	いっこく
一座	いちざ
一昨	いっさく
一策	いっさく
一冊	いっさつ
一酸化炭素	いっさんかたんそ
一事	いちじ
一字	いちじ
ひと時	ひととき
一時に	いちどきに
一時間	いちじかん
一時金	いちじきん
一時的	いちじてき
一式	いっしき
一室	いっしつ
一手	いって
一種	いっしゅ
一首	いっしゅ
一周忌	いっしゅうき
一周年	いっしゅうねん
一蹴	いっしゅう
一週	いっしゅう
一週間	いっしゅうかん
一瞬	いっしゅん
一巡	いちじゅん
一緒	いっしょ
一緒に	いっしょに
一書	いっしょ
一助	いちじょ
一笑	いっしょう
一条	いちじょう
一触即発	いっしょくそくはつ
一審	いっしん
一心	いっしん
一心に	いっしんに
一心同体	いっしんどうたい
一心不乱	いっしんふらん
一新	いっしん
一身	いっしん
一身上	いっしんじょう
一進一退	いっしんいったい
一人で	ひとりで
一人称	いちにんしょう
一人前	いちにんまえ
一人息子	ひとりむすこ
一人物	いちじんぶつ
一人歩き	ひとりあるき
一人娘	ひとりむすめ
一陣	いちじん
一寸	ちょっと
一生懸命	いっしょうけんめい
一斉	いっせい
一斉に	いっせいに
一席	いっせき
一昔	ひとむかし
一石	いっせき
一石二鳥	いっせきにちょう
一切	いっさい
一説	いっせつ
一戦	いっせん
一線	いっせん
一層	いっそう
一掃	いっそう
一息	ひといき
一足	いっそく
一足飛び	いっそくとび
一族	いちぞく
一存	いちぞん
一打	いちだ
一体	いったい
一対	いっつい
一帯	いったい
一代	いちだい
一代記	いちだいき
一台	いちだい
一大	いちだい
一大事	いちだいじ
一旦	いったん
一端	いったん
一団	いちだん
一段	いちだん
一段落	いちだんらく
一男	いちなん
一致	いっち
一着	いっちゃく
一丁	いっちょう
一朝一夕	いっちょういっせき
一長一短	いっちょういったん
一直線	いっちょくせん
一通	いっつう
一通り	ひととおり
一定	いってい
一滴	いってき
一徹	いってつ
一転	いってん
一点	いってん
一点張り	いってんばり
一党	いっとう
一刀	いっとう
一刀両断	いっとうりょうだん
一等	いっとう
一同	いちどう
一堂	いちどう
一読	いちどく
一日中	いちにちじゅう
一任	いちにん
一年間	いちねんかん
一年中	いちねんじゅう
一念	いちねん
一念発起	いちねんほっき
一派	いっぱ
一敗	いっぱい
一杯	いっぱい
一倍	いちばい
一泊	いっぱく
一発	いっぱつ
一般	いっぱん
一般に	いっぱんに
一般人	いっぱんじん
一般的	いっぱんてき
一晩	ひとばん
一番	いちばん
一番手	いちばんて
一番乗り	いちばんのり
一皮	ひとかわ
一匹	いっぴき
一票	いっぴょう
一品	いっぴん
一部	いちぶ
一部始終	いちぶしじゅう
一部分	いちぶぶん
一風	いっぷう
一服	いっぷく
一分	いちぶ
一文	いちもん
一文字	いちもんじ
一変	いっぺん
一片	いっぺん
一辺倒	いっぺんとう
一遍	いっぺん
一歩	いっぽ
一報	いっぽう
一方	いっぽう
一方通行	いっぽうつうこう
一方的	いっぽうてき
一本	いっぽん
一本釣り	いっぽんづり
一本立ち	いっぽんだち
一枚	いちまい
一枚看板	いちまいかんばん
一枚岩	いちまいいわ
一幕	ひとまく
一抹	いちまつ
一味	いちみ
一脈	いちみゃく
一睡	いっすい
一命	いちめい
一面	いちめん
一木	ひとつぎ
一目	ひとめ
一目散に	いちもくさんに
一門	いちもん
一矢	いっし
一躍	いちやく
一様	いちよう
一葉	いちよう
一翼	いちよく
一卵性双生児	いちらんせいそうせいじ
一覧	いちらん
一覧表	いちらんひょう
一理	いちり
一里塚	いちりつか
一律	いちりつ
一流	いちりゅう
一両	いちりょう
一輪	いちりん
一塁	いちるい
一塁手	いちるいしゅ
一例	いちれい
一礼	いちれい
一列	いちれつ
一連	いちれん
一路	いちろ
一揆	いっき
逸機	いっき
逸材	いつざい
いち早く	いちはやく
逸脱	いつだつ
逸品	いっぴん
逸話	いつわ
稲	いね
稲刈り	いねかり
稲妻	いなずま
稲作	いなさく
稲穂	いなほ
芋	いも
印	しるし
印画紙	いんがし
印鑑	いんかん
印刷	いんさつ
印刷機	いんさつき
印紙	いんし
印字	いんじ
印章	いんしょう
印象	いんしょう
印象的	いんしょうてき
印象派	いんしょうは
印税	いんぜい
員	いん
員数	いんずう
因みに	ちなみに
因縁	いんねん
因果	いんが
因子	いんし
引け値	ひけね
引け目	ひけめ
引っ込み思案	ひっこみじあん
引火	いんか
引責	いんせき
引退	いんたい
引導	いんどう
引用	いんよう
引率	いんそつ
引力	いんりょく
飲み食い	のみくい
飲み放題	のみほうだい
飲み薬	のみぐすり
飲酒	いんしゅ
飲酒運転	いんしゅうんてん
飲食	いんしょく
飲食店	いんしょくてん
飲用	いんよう
飲料	いんりょう
飲料水	いんりょうすい
院政	いんせい
院生	いんせい
院長	いんちょう
陰気	いんき
陰口	かげぐち
陰湿	いんしつ
陰性	いんせい
陰謀	いんぼう
隠し引き出し	かくしひきだし
隠居	いんきょ
隠語	いんご
隠匿	いんとく
隠密	おんみつ
隠滅	いんめつ
韻律	いんりつ
右	みぎ
右往左往	うおうさおう
右下	みぎした
右岸	うがん
右傾	うけい
右舷	うげん
右手	みぎて
右上	みぎうえ
右折	うせつ
右足	みぎあし
右派	うは
右辺	うへん
右方	うほう
右翼	うよく
右腕	みぎうで
宇宙	うちゅう
宇宙空間	うちゅうくうかん
宇宙飛行士	うちゅうひこうし
烏	カラス
烏賊	イカ
烏帽子	えぼし
羽	わ
羽衣	はごろも
羽化	うか
羽子板	はごいた
羽織	はおり
羽振り	はぶり
羽毛	うもう
羽目	はめ
雨	あめ
雨雲	あまぐも
雨具	あまぐ
雨戸	あまど
雨宿り	あまやどり
雨中	うちゅう
雨天	うてん
雨天順延	うてんじゅんえん
雨量	うりょう
雨漏り	あまもり
丑	うし
渦	うず
渦中	かちゅう
嘘	うそ
嘘つき	うそつき
鰻	うなぎ
浦	うら
噂	うわさ
運	うん
運良く	うんよく
運営	うんえい
運河	うんが
運休	うんきゅう
運航	うんこう
運行	うんこう
運勢	うんせい
運賃	うんちん
運転	うんてん
運転士	うんてんし
運転手	うんてんしゅ
運転免許	うんてんめんきょ
運動	うんどう
運動会	うんどうかい
運動場	うんどうじょう
運動神経	うんどうしんけい
運動費	うんどうひ
運動不足	うんどうぶそく
運搬	うんぱん
運命	うんめい
運輸	うんゆ
運輸省	うんゆしょう
運用	うんよう
雲	くも
雲海	うんかい
雲行き	くもゆき
雲散霧消	うんさんむしょう
雲水	うんすい
雲泥の差	うんでいのさ
雲母	うんも
餌	えさ
営業	えいぎょう
営業マン	えいぎょうマン
営業時間	えいぎょうじかん
営繕	えいぜん
営巣	えいそう
営団	えいだん
営利	えいり
営林署	えいりんしょ
影絵	かげえ
影響	えいきょう
影響力	えいきょうりょく
映画	えいが
映画館	えいがかん
映写	えいしゃ
映写機	えいしゃき
映像	えいぞう
栄華	えいが
栄冠	えいかん
栄枯	えいこ
栄光	えいこう
栄誉	えいよ
栄養	えいよう
栄養価	えいようか
栄養士	えいようし
栄養失調	えいようしっちょう
栄養素	えいようそ
永遠	えいえん
永住	えいじゅう
永世	えいせい
永続	えいぞく
永代	えいたい
英会話	えいかいわ
英気	えいき
英語	えいご
英国	えいこく
英字	えいじ
英数字	えいすうじ
英単語	えいたんご
英断	えいだん
英文	えいぶん
英文学	えいぶんがく
英名	えいめい
英訳	えいやく
英雄	えいゆう
英霊	えいれい
英和	えいわ
衛視	えいし
衛星	えいせい
衛生	えいせい
衛兵	えいへい
鋭意	えいい
鋭角	えいかく
鋭敏	えいびん
鋭利	えいり
液	えき
液化	えきか
液晶	えきしょう
液状	えきじょう
液体	えきたい
益金	えききん
駅	えき
駅員	えきいん
駅舎	えきしゃ
駅前	えきまえ
駅長	えきちょう
駅伝	えきでん
駅頭	えきとう
駅弁	えきべん
越境	えっきょう
越権	えっけん
越冬	えっとう
越年	えつねん
閲覧	えつらん
円	えん
円安	えんやす
円環	えんかん
円建て	えんだて
円弧	えんこ
円高	えんだか
円周	えんしゅう
円熟	えんじゅく
円陣	えんじん
円錐	まるぎり
円卓	えんたく
円柱	えんちゅう
円筒	えんとう
円盤	えんばん
円盤投げ	えんばんなげ
円満	えんまん
園	その
園芸	えんげい
園児	えんじ
園長	えんちょう
園遊会	えんゆうかい
宴	うたげ
宴会	えんかい
宴席	えんせき
延べ	のべ
延期	えんき
延焼	えんしょう
延滞	えんたい
延長	えんちょう
延納	えんのう
延命	えんめい
怨念	おんねん
怨霊	おんりょう
援軍	えんぐん
援助	えんじょ
援用	えんよう
沿って	そって
沿海	えんかい
沿革	えんかく
沿岸	えんがん
沿線	えんせん
沿道	えんどう
演ずる	えんずる
演歌	えんか
演技	えんぎ
演芸	えんげい
演劇	えんげき
演算	えんざん
演者	えんじゃ
演習	えんしゅう
演出	えんしゅつ
演説	えんぜつ
演奏会	えんそうかい
演題	えんだい
演壇	えんだん
演目	えんもく
炎	ほのお
炎暑	えんしょ
炎症	えんしょう
炎上	えんじょう
炎天	えんてん
炎熱	えんねつ
煙	けむり
煙突	えんとつ
煙幕	えんまく
燕	つばめ
猿	さる
猿人	えんじん
縁	ふち
縁の下	えんのした
縁起	えんぎ
縁結び	えんむすび
縁故	えんこ
縁者	えんじゃ
縁切り	えんきり
縁側	えんがわ
縁台	えんだい
縁談	えんだん
縁日	えんにち
艶	つや
遠因	えんいん
遠泳	えんえい
遠縁	とおえん
遠回り	とおまわり
遠隔	えんかく
遠巻き	とおまき
遠距離	えんきょり
遠近	えんきん
遠近法	えんきんほう
遠景	えんけい
遠出	とおで
遠心	えんしん
遠心力	えんしんりょく
遠征	えんせい
遠浅	とおあさ
遠足	えんそく
遠大	えんだい
遠方	えんぽう
遠目	とおめ
遠洋	えんよう
遠来	えんらい
遠慮	えんりょ
遠慮なく	えんりょなく
鉛	なまり
鉛筆	えんぴつ
塩化	えんか
塩化ビニール	えんかビニール
塩基	えんき
塩酸	えんさん
塩焼き	しおやき
塩辛	しおから
塩素	えんそ
塩田	えんでん
塩分	えんぶん
塩味	しおあじ
汚職	おしょく
汚水	おすい
汚染	おせん
汚濁	おだく
汚泥	おでい
汚点	おてん
汚物	おぶつ
汚名	おめい
甥	おい
凹凸	おうとつ
奥	おく
奥さん	おくさん
奥の手	おくのて
奥義	おうぎ
奥行き	おくゆき
奥山	おくやま
奥歯	おくば
奥方	おくがた
奥様	おくさま
往還	おうかん
往時	おうじ
往診	おうしん
往生	おうじょう
往年	おうねん
往復	おうふく
往来	おうらい
往路	おうろ
応援	おうえん
応急	おうきゅう
応酬	おうしゅう
応召	おうしょう
応接	おうせつ
応戦	おうせん
応対	おうたい
応諾	おうだく
応答	おうとう
応分	おうぶん
応募	おうぼ
応募者	おうぼしゃ
応用	おうよう
押し合い	おしあい
押し問答	おしもんどう
押印	おういん
押収	おうしゅう
押捺	おうなつ
旺盛	おうせい
横	よこ
横顔	よこがお
横穴	よこあな
横向き	よこむき
横綱	よこづな
横行	おうこう
横軸	よこじく
横車	よこぐるま
横取り	よこどり
横書き	よこがき
横線	おうせん
横断	おうだん
横断歩道	おうだんほどう
横着	おうちゃく
横転	おうてん
横道	よこみち
横波	よこなみ
横付け	よこづけ
横幅	よこはば
横文字	よこもじ
横柄	おうへい
横暴	おうぼう
横目	よこめ
横流し	よこながし
横領	おうりょう
欧州	おうしゅう
欧風	おうふう
欧文	おうぶん
殴り合い	なぐりあい
殴り込み	なぐりこみ
殴打	おうだ
王位	おうい
王家	おうけ
王冠	おうかん
王宮	おうきゅう
王権	おうけん
王国	おうこく
王座	おうざ
王子	おうじ
王室	おうしつ
王者	おうじゃ
王手	おうて
王女	おうじょ
王将	おうしょう
王制	おうせい
王政	おうせい
王族	おうぞく
王朝	おうちょう
王道	おうどう
王妃	おうひ
王様	おうさま
王立	おうりつ
襖	ふすま
鴎	カモメ
黄河	こうが
黄海	こうかい
黄金	おうごん
黄金時代	おうごんじだい
黄身	きみ
黄土	おうど
黄緑	きみどり
黄疸	おうだん
沖	おき
沖縄	おきなわ
荻	おぎ
億	おく
屋外	おくがい
屋号	やごう
屋根	やね
屋上	おくじょう
屋台	やたい
屋内	おくない
臆病	おくびょう
桶	おけ
牡丹	ぼたん
牡蠣	かき
乙	おつ
卸し問屋	おろしどんや
恩	おん
恩給	おんきゅう
恩恵	おんけい
恩師	おんし
恩賜	おんし
恩赦	おんしゃ
恩人	おんじん
恩知らず	おんしらず
恩典	おんてん
恩返し	おんがえし
温もり	ぬくもり
温厚	おんこう
温室	おんしつ
温床	おんしょう
温情	おんじょう
温泉	おんせん
温存	おんぞん
温帯	おんたい
温暖	おんだん
温度	おんど
温度計	おんどけい
温熱	おんねつ
穏やか	おだやか
穏健	おんけん
穏当	おんとう
穏便	おんびん
音域	おんいき
音階	おんかい
音楽	おんがく
音響	おんきょう
音曲	おんぎょく
音訓	おんくん
音質	おんしつ
音信	おんしん
音声	おんせい
音節	おんせつ
音速	おんそく
音程	おんてい
音頭	おんど
音読	おんどく
音読み	おんよみ
音波	おんぱ
音盤	おんばん
音符	おんぷ
音量	おんりょう
下	もと
下げ足	さげあし
下さい	ください
下さる	くださる
下っ腹	したっぱら
下り坂	くだりざか
下り列車	くだりれっしゃ
下位	かい
下院	かいん
下火	したび
下界	げかい
下絵	したえ
下期	しもき
下記	かき
下級	かきゅう
下見	したみ
下限	かげん
下戸	げこ
下向き	したむき
下校	げこう
下降	かこう
下座	しもざ
下山	げざん
下士官	かしかん
下肢	かし
下車	げしゃ
下取り	したどり
下手	へた
下手投げ	したてなげ
下手くそ	へたくそ
下宿	げしゅく
下旬	げじゅん
下準備	したじゅんび
下書き	したがき
下心	したごころ
下水	げすい
下水道	げすいどう
下請け業者	したうけぎょうしゃ
下積み	したづみ
下層	かそう
下草	したくさ
下側	したがわ
下駄	げた
下値	したね
下地	したじ
下着	したぎ
下町	したまち
下調べ	したしらべ
下田	しもだ
下等	かとう
下働き	したばたらき
下馬	げば
下馬評	げばひょう
下品	げひん
下敷き	したじき
下部	かぶ
下腹部	かふくぶ
下方	かほう
下野	げや
下落	げらく
下痢	げり
下流	かりゅう
化学	かがく
化学繊維	かがくせんい
化学肥料	かがくひりょう
化学兵器	かがくへいき
化学療法	かがくりょうほう
化合	かごう
化合物	かごうぶつ
化身	けしん
化成	かせい
化石	かせき
化繊	かせん
仮	かり
仮に	かりに
仮差押え	かりさしおさえ
仮死	かし
仮処分	かりしょぶん
仮称	かしょう
仮想	かそう
仮装	かそう
仮定	かてい
仮名遣い	かなづかい
仮面	かめん
何か	なにか
何しろ	なにしろ
何だか	なんだか
何だかんだ	なんだかんだ
何て	なんて
何と	なんと
何とか	なんとか
何という	なんという
何も	なにも
何やら	なにやら
何より	なにより
何れ何れ	どれどれ
何回	なんかい
何気なく	なにげなく
何とも	なんとも
何歳	なんさい
何事	なにごと
何時	なんじ
いつの間にか	いつのまにか
何時までも	いつまでも
何時も	いつも
何時間	なんじかん
いつ頃	いつごろ
何者	なにもの
何処か	どこか
何処までも	どこまでも
何人	なにびと
何千	なんぜん
何卒	なにとぞ
何度	なんど
何度でも	なんどでも
何ら	なんら
何日	なんにち
何年	なんねん
何かと	なにかと
何百	なんびゃく
何物	なにもの
何分	なにぶん
何遍	なんべん
何方	どなた
伽藍	がらん
価格	かかく
価額	かがく
価値	かち
価値観	かちかん
佳境	かきょう
佳作	かさく
加	か
加圧	かあつ
加害者	かがいしゃ
加減	かげん
加護	かご
加工	かこう
加算	かさん
加勢	かせい
加速	かそく
加速度	かそくど
加入	かにゅう
加熱	かねつ
加筆	かひつ
加味	かみ
加盟	かめい
加療	かりょう
加齢	かれい
可	か
可逆	かぎゃく
可及的	かきゅうてき
可決	かけつ
可視	かし
可動	かどう
可燃	かねん
可燃性	かねんせい
可燃物	かねんぶつ
可能	かのう
可能性	かのうせい
可否	かひ
可変	かへん
可憐	かれん
夏	なつ
夏休み	なつやすみ
夏山	なつやま
夏至	げし
夏時間	なつじかん
夏場	なつば
夏場所	なつばしょ
夏服	なつふく
夏物	なつもの
嫁	よめ
嫁入り	よめいり
家	いえ
家屋	かおく
家鴨	アヒル
家業	かぎょう
家筋	いえすじ
家具	かぐ
家系	かけい
家計	かけい
家計簿	かけいぼ
家元	いえもと
家財	かざい
家事	かじ
家主	やぬし
家集	かしゅう
家出	いえで
家臣	かしん
家人	かじん
家政	かせい
家政婦	かせいふ
家族	かぞく
家族計画	かぞくけいかく
家宅	かたく
家畜	かちく
家中	うちじゅう
家長	かちょう
家賃	やちん
家庭	かてい
家庭科	かていか
家庭教師	かていきょうし
家庭裁判所	かていさいばんしょ
家庭内暴力	かていないぼうりょく
家電	かでん
家督	かとく
家内	かない
家柄	いえがら
家名	かめい
家紋	かもん
家来	けらい
家路	いえじ
家老	かろう
寡作	かさく
寡占	かせん
寡黙	かもく
科	か
科する	かする
科学	かがく
科学技術	かがくぎじゅつ
科学技術庁	かがくぎじゅつちょう
科学者	かがくしゃ
科学的	かがくてき
暇つぶし	ひまつぶし
果て	はて
果敢	かかん
果実	かじつ
果樹	かじゅ
果樹園	かじゅえん
果汁	かじゅう
果断	かだん
果肉	かにく
果物	くだもの
架空	かくう
架設	かせつ
架線	かせん
歌	うた
歌会	うたかい
歌曲	かきょく
歌劇	かげき
歌詞	かし
歌手	かしゅ
歌集	かしゅう
歌唱	かしょう
歌心	うたごころ
歌人	かじん
歌壇	かだん
歌姫	うたひめ
歌舞伎	かぶき
歌謡	かよう
歌謡曲	かようきょく
河川	かせん
河童	かっぱ
河畔	かはん
火	ひ
火の気	ひのけ
火の玉	ひのたま
火の車	ひのくるま
火の手	ひのて
火の粉	ひのこ
火炎瓶	かえんびん
火花	ひばな
火器	かき
火気	かき
火元	ひもと
火災	かさい
火災保険	かさいほけん
火山	かざん
火山灰	かざんばい
火事	かじ
火種	ひだね
火勢	かせい
火星	かせい
火葬	かそう
火中	かちゅう
火柱	ひばしら
火縄銃	ひなわじゅう
火鉢	ひばち
火砲	かほう
火薬	かやく
火遊び	ひあそび
火曜	かよう
火曜日	かようび
火力	かりょく
炬燵	こたつ
禍根	かこん
稼業	かぎょう
ヶ月	かげつ
花	はな
花びら	はなびら
花押	かおう
花屋	はなや
花嫁	はなよめ
花火	はなび
花器	かき
花形	はながた
花見	はなみ
花盛り	はなざかり
花束	はなたば
花鳥	かちょう
花鳥風月	かちょうふうげつ
花道	はなみち
花畑	はなはた
花瓶	かびん
花粉	かふん
花粉症	かふんしょう
花婿	はなむこ
花柳界	かりゅうかい
花輪	はなわ
花冷え	はなびえ
茄子	なす
荷	に
荷造り	にづくり
荷札	にふだ
荷主	にぬし
荷台	にだい
荷動き	にうごき
荷物	にもつ
荷揚げ	にあげ
華僑	かきょう
華族	かぞく
華美	かび
華麗	かれい
菓子	かし
菓子屋	かしや
蝦夷	えみし
課	か
課する	かする
課員	かいん
課外	かがい
課税	かぜい
課題	かだい
課徴金	かちょうきん
課長	かちょう
課程	かてい
貨車	かしゃ
貨物	かもつ
貨幣	かへい
貨幣価値	かへいかち
過ち	あやまち
過去	かこ
過激	かげき
過言	かごん
過誤	かご
過失	かしつ
過重	かじゅう
過小評価	かしょうひょうか
過少	かしょう
過剰	かじょう
過食	かしょく
過信	かしん
過疎	かそ
過多	かた
過大	かだい
過程	かてい
過渡	かと
過渡期	かとき
過度	かど
過当	かとう
過日	かじつ
過熱	かねつ
過半	かはん
過半数	かはんすう
過敏	かびん
過不足	かふそく
過保護	かほご
過密	かみつ
過労	かろう
霞	かすみ
蚊	か
俄かに	にわかに
我	われ
我が身	わがみ
我慢	がまん
我流	がりゅう
我儘	わがまま
牙城	がじょう
画	かく
画する	かくする
画家	がか
画材	がざい
画策	かくさく
画商	がしょう
画数	かくすう
画像	がぞう
画題	がだい
画壇	がだん
画伯	がはく
画布	がふ
画風	がふう
画法	がほう
画面	がめん
画用紙	がようし
画廊	がろう
芽	め
賀状	がじょう
賀正	がしょう
雅楽	ががく
雅号	がごう
雅致	がち
介護	かいご
介在	かいざい
介添え	かいぞえ
介入	かいにゅう
会	かい
会員	かいいん
会期	かいき
会議	かいぎ
会議室	かいぎしつ
会計	かいけい
会計士	かいけいし
会計年度	かいけいねんど
会見	かいけん
会合	かいごう
会社	かいしゃ
会社員	かいしゃいん
会釈	えしゃく
会場	かいじょう
会食	かいしょく
会心	かいしん
会席	かいせき
会葬	かいそう
会則	かいそく
会談	かいだん
会長	かいちょう
会頭	かいとう
会堂	かいどう
会得	えとく
会費	かいひ
会報	かいほう
会話	かいわ
解禁	かいきん
解決	かいけつ
解決策	かいけつさく
解雇	かいこ
解散	かいさん
解釈	かいしゃく
解除	かいじょ
解消	かいしょう
解職	かいしょく
解析	かいせき
解説	かいせつ
解像度	かいぞうど
解体	かいたい
解題	かいだい
解脱	げだつ
解凍	かいとう
解答	かいとう
解読	かいどく
解任	かいにん
解熱	げねつ
解熱剤	げねつざい
解放	かいほう
解剖	かいぼう
解剖学	かいぼうがく
解明	かいめい
解約	かいやく
回	かい
回り道	まわりみち
回忌	かいき
回帰	かいき
回帰線	かいきせん
回顧	かいこ
回顧録	かいころく
回収	かいしゅう
回数	かいすう
回数券	かいすうけん
回生	かいせい
回線	かいせん
回想	かいそう
回送	かいそう
回転	かいてん
回答	かいとう
回避	かいひ
回付	かいふ
回復	かいふく
回目	かいめ
回遊	かいゆう
回覧	かいらん
回路	かいろ
回廊	かいろう
壊滅	かいめつ
快楽	かいらく
快活	かいかつ
快感	かいかん
快挙	かいきょ
快作	かいさく
快晴	かいせい
快走	かいそう
快速	かいそく
快諾	かいだく
快調	かいちょう
快適	かいてき
快方	かいほう
快眠	かいみん
怪我	けが
怪奇	かいき
怪獣	かいじゅう
怪人	かいじん
怪談	かいだん
怪盗	かいとう
怪物	かいぶつ
怪文書	かいぶんしょ
悔い	くい
悔し泣き	くやしなき
懐	ふところ
懐疑	かいぎ
懐古	かいこ
懐柔	かいじゅう
懐石料理	かいせきりょうり
懐中電灯	かいちゅうでんとう
懐刀	ふところがたな
懐妊	かいにん
戒厳令	かいげんれい
戒告	かいこく
戒名	かいみょう
戒律	かいりつ
改めて	あらためて
改悪	かいあく
改革	かいかく
改憲	かいけん
改作	かいさく
改札	かいさつ
改札口	かいさつぐち
改宗	かいしゅう
改修	かいしゅう
改称	かいしょう
改心	かいしん
改新	かいしん
改正	かいせい
改選	かいせん
改善	かいぜん
改組	かいそ
改装	かいそう
改造	かいぞう
改題	かいだい
改築	かいちく
改定	かいてい
改訂	かいてい
改訂版	かいていばん
改廃	かいはい
改変	かいへん
改編	かいへん
改名	かいめい
改良	かいりょう
改ざん	かいざん
海	うみ
海域	かいいき
海運	かいうん
海王星	かいおうせい
海外	かいがい
海岸	かいがん
海岸線	かいがんせん
海峡	かいきょう
海軍	かいぐん
海原	うなばら
海港	かいこう
海溝	かいこう
海産物	かいさんぶつ
海事	かいじ
海女	あま
海上	かいじょう
海水	かいすい
海水浴	かいすいよく
海水浴場	かいすいよくじょう
海草	かいそう
海藻	かいそう
海賊	かいぞく
海苔	のり
海中	かいちゅう
海底	かいてい
海豚	いるか
海難	かいなん
海抜	かいばつ
海浜	かいひん
海兵	かいへい
海兵隊	かいへいたい
海辺	うみべ
海面	かいめん
海洋	かいよう
海流	かいりゅう
海路	かいろ
灰	はい
灰皿	はいざら
灰色	はいいろ
界隈	かいわい
皆	みな
皆さん	みなさん
皆殺し	みなごろし
皆無	かいむ
皆目	かいもく
皆様	みなさま
絵	え
絵の具	えのぐ
絵画	かいが
絵巻	えまき
絵巻物	えまきもの
絵図	えず
絵文字	えもじ
絵柄	えがら
絵本	えほん
辛子	からし
蟹	かに
開運	かいうん
開園	かいえん
開演	かいえん
開花	かいか
開会	かいかい
開館	かいかん
開眼	かいがん
開業	かいぎょう
開業医	かいぎょうい
開局	かいきょく
開口	かいこう
開校	かいこう
開港	かいこう
開墾	かいこん
開催	かいさい
開山	かいさん
開始	かいし
開示	かいじ
開城	かいじょう
開場	かいじょう
開設	かいせつ
開戦	かいせん
開祖	かいそ
開拓	かいたく
開拓者	かいたくしゃ
開通	かいつう
開廷	かいてい
開店	かいてん
開発	かいはつ
開発途上国	かいはつとじょうこく
開票	かいひょう
開封	かいふう
開閉	かいへい
開放	かいほう
開幕	かいまく
開明	かいめい
開門	かいもん
階	かい
階下	かいか
階級	かいきゅう
階級闘争	かいきゅうとうそう
階層	かいそう
階段	かいだん
貝	かい
貝殻	かいがら
凱歌	がいか
凱旋	がいせん
外	そと
他	た
他に	ほかに
外圧	がいあつ
外科	げか
外科医	げかい
外貨	がいか
外回り	そとまわり
外角	がいかく
外郭	がいかく
外郭団体	がいかくだんたい
外観	がいかん
外気	がいき
外局	がいきょく
外勤	がいきん
外形	がいけい
外見	がいけん
外交	がいこう
外交官	がいこうかん
外国	がいこく
外国語	がいこくご
外国人	がいこくじん
外債	がいさい
外資	がいし
外車	がいしゃ
外需	がいじゅ
外周	がいしゅう
外出	がいしゅつ
外傷	がいしょう
外食	がいしょく
外信	がいしん
外人	がいじん
外相	がいしょう
外注	がいちゅう
外敵	がいてき
外的	がいてき
外電	がいでん
外泊	がいはく
外付け	そとづけ
外部	がいぶ
外米	がいまい
外壁	がいへき
外堀	そとぼり
外務	がいむ
外務省	がいむしょう
外面	がいめん
外野	がいや
外野手	がいやしゅ
外遊	がいゆう
外用	がいよう
外来	がいらい
外来語	がいらいご
咳	せき
害	がい
害悪	がいあく
害虫	がいちゅう
崖	がけ
概観	がいかん
概況	がいきょう
概算	がいさん
概説	がいせつ
概念	がいねん
概要	がいよう
概略	がいりゃく
概論	がいろん
蓋	ふた
街	がい
街角	まちかど
街区	がいく
街灯	がいとう
街頭	がいとう
街道	かいどう
街路	がいろ
街路樹	がいろじゅ
該当	がいとう
鎧	よろい
骸骨	がいこつ
垣	かき
垣根	かきね
柿	かき
各	かく
各位	かくい
各国	かっこく
各自	かくじ
各種	かくしゅ
各地	かくち
各面	かくめん
拡散	かくさん
拡充	かくじゅう
拡大	かくだい
拡張	かくちょう
格	かく
格安	かくやす
格下げ	かくさげ
格言	かくげん
格差	かくさ
格子	こうし
格式	かくしき
格上げ	かくあげ
格段	かくだん
格調	かくちょう
格闘	かくとう
格納	かくのう
格納庫	かくのうこ
格付け	かくづけ
格別	かくべつ
核	かく
核家族	かくかぞく
核酸	かくさん
核実験	かくじっけん
核心	かくしん
核弾頭	かくだんとう
核燃料	かくねんりょう
核爆発	かくばくはつ
核武装	かくぶそう
核分裂	かくぶんれつ
核兵器	かくへいき
核融合	かくゆうごう
殻	から
獲得	かくとく
獲物	えもの
確固	かっこ
確執	かくしつ
確実	かくじつ
確証	かくしょう
確信	かくしん
確定	かくてい
確認	かくにん
確保	かくほ
確報	かくほう
確約	かくやく
確率	かくりつ
確立	かくりつ
覚悟	かくご
角	かど
角材	かくざい
角度	かくど
角膜	かくまく
閣下	かっか
閣外	かくがい
閣議	かくぎ
閣僚	かくりょう
隔たり	へだたり
隔月	かくげつ
隔絶	かくぜつ
隔日	かくじつ
隔年	かくねん
隔壁	かくへき
隔離	かくり
革靴	かわぐつ
革新	かくしん
革命	かくめい
学位	がくい
学院	がくいん
学園	がくえん
学科	がっか
学課	がっか
学会	がっかい
学界	がっかい
学割	がくわり
学期	がっき
学究	がっきゅう
学級	がっきゅう
学業	がくぎょう
学区	がっく
学芸	がくげい
学校	がっこう
学士	がくし
学資	がくし
学識	がくしき
学舎	がくしゃ
学者	がくしゃ
学習	がくしゅう
学術	がくじゅつ
学生	がくせい
学生時代	がくせいじだい
学籍	がくせき
学説	がくせつ
学則	がくそく
学卒	がくそつ
学長	がくちょう
学徒	がくと
学童	がくどう
学内	がくない
学年	がくねん
学派	がくは
学閥	がくばつ
学費	がくひ
学部	がくぶ
学名	がくめい
学問	がくもん
学問的	がくもんてき
学友	がくゆう
学理	がくり
学力	がくりょく
学齢	がくれい
学歴	がくれき
岳	たけ
楽	らく
楽園	らくえん
楽屋	がくや
楽観	らっかん
楽観的	らっかんてき
楽器	がっき
楽曲	がっきょく
楽劇	がくげき
楽勝	らくしょう
楽章	がくしょう
楽隊	がくたい
楽団	がくだん
楽天	らくてん
楽天家	らくてんか
楽天的	らくてんてき
楽譜	がくふ
額	がく
額縁	がくぶち
額面	がくめん
額面割れ	がくめんわれ
顎	あご
笠	かさ
割引券	わりびきけん
割愛	かつあい
割譲	かつじょう
割烹	かっぽう
喝采	かっさい
喝破	かっぱ
恰も	あたかも
括弧	かっこ
活火山	かっかざん
活気	かっき
活況	かっきょう
活劇	かつげき
活字	かつじ
活性	かっせい
活性炭	かっせいたん
活動	かつどう
活動家	かつどうか
活発	かっぱつ
活版	かっぱん
活弁	かつべん
活躍	かつやく
活用	かつよう
活力	かつりょく
活路	かつろ
渇水	かっすい
渇望	かつぼう
滑らか	なめらか
滑空	かっくう
滑稽	こっけい
滑降	かっこう
滑車	かっしゃ
滑走	かっそう
滑走路	かっそうろ
滑落	かつらく
葛	くず
葛藤	かっとう
褐色	かっしょく
且つ	かつ
鞄	かばん
株	かぶ
株価	かぶか
株券	かぶけん
株式	かぶしき
株式会社	かぶしきがいしゃ
株主	かぶぬし
兜	かぶと
蒲公英	たんぽぽ
釜	かま
鴨	かも
茅場	かやば
粥	かゆ
刈り入れ	かりいれ
瓦解	がかい
瓦礫	がれき
乾燥	かんそう
乾燥機	かんそうき
乾電池	かんでんち
冠婚葬祭	かんこんそうさい
冠状	かんじょう
冠水	かんすい
冠動脈	かんどうみゃく
寒さ	さむさ
寒気	さむけ
寒村	かんそん
寒暖計	かんだんけい
寒中	かんちゅう
寒天	かんてん
寒波	かんぱ
寒風	かんぷう
寒冷	かんれい
刊行	かんこう
勘	かん
勘違い	かんちがい
勘定	かんじょう
勘弁	かんべん
勧業	かんぎょう
勧告	かんこく
勧奨	かんしょう
勧進	かんじん
勧進帳	かんじんちょう
勧善懲悪	かんぜんちょうあく
勧誘	かんゆう
巻	まき
巻頭	かんとう
巻末	かんまつ
喚起	かんき
喚声	かんせい
喚問	かんもん
堪能	たんのう
姦通	かんつう
完結	かんけつ
完済	かんさい
完熟	かんじゅく
完遂	かんすい
完成	かんせい
完全	かんぜん
完走	かんそう
完敗	かんぱい
完備	かんび
完封	かんぷう
完訳	かんやく
完了	かんりょう
官界	かんかい
官憲	かんけん
官公庁	かんこうちょう
官舎	かんしゃ
官職	かんしょく
官製	かんせい
官庁	かんちょう
官邸	かんてい
官能	かんのう
官報	かんぽう
官房	かんぼう
官房長官	かんぼうちょうかん
官吏	かんり
官僚	かんりょう
寛大	かんだい
寛容	かんよう
干潟	ひがた
干渉	かんしょう
干拓	かんたく
干満	かんまん
幹事	かんじ
幹線	かんせん
幹部	かんぶ
患者	かんじゃ
患部	かんぶ
感応	かんのう
感化	かんか
感慨	かんがい
感慨無量	かんがいむりょう
感覚	かんかく
感興	かんきょう
感激	かんげき
感光	かんこう
感謝	かんしゃ
感受性	かんじゅせい
感傷	かんしょう
感情	かんじょう
感触	かんしょく
感心	かんしん
感性	かんせい
感染	かんせん
感想	かんそう
感嘆	かんたん
感知	かんち
感電	かんでん
感度	かんど
感動	かんどう
感服	かんぷく
感銘	かんめい
感涙	かんるい
慣行	かんこう
慣習	かんしゅう
慣性	かんせい
慣用	かんよう
慣用句	かんようく
慣例	かんれい
換気	かんき
換気扇	かんきせん
換金	かんきん
換算	かんさん
敢えて	あえて
敢行	かんこう
敢然	かんぜん
敢闘	かんとう
柑橘類	かんきつるい
歓楽街	かんらくがい
歓喜	かんき
歓迎	かんげい
歓呼	かんこ
歓声	かんせい
歓送	かんそう
歓待	かんたい
歓談	かんだん
汗	あせ
漢語	かんご
漢詩	かんし
漢字	かんじ
漢文	かんぶん
漢方薬	かんぽうやく
漢和	かんわ
灌漑	かんがい
環境	かんきょう
環境庁	かんきょうちょう
環濠	かんごう
環礁	かんしょう
環状	かんじょう
甘言	かんげん
甘口	あまくち
甘受	かんじゅ
甘酢	あまず
甘美	かんび
甘味料	かんみりょう
甘露	かんろ
監禁	かんきん
監獄	かんごく
監査役	かんさやく
監察	かんさつ
監察医	かんさつい
監視	かんし
監修	かんしゅう
監督	かんとく
監訳	かんやく
監理	かんり
看過	かんか
看護	かんご
看護婦	かんごふ
看守	かんしゅ
看板	かんばん
看病	かんびょう
竿	さお
管楽器	かんがっき
管轄	かんかつ
管区	かんく
管弦楽	かんげんがく
管弦楽団	かんげんがくだん
管制	かんせい
管制塔	かんせいとう
管内	かんない
管理	かんり
管理者	かんりしゃ
管理職	かんりしょく
管理人	かんりにん
簡易	かんい
簡潔	かんけつ
簡素	かんそ
簡単	かんたん
簡便	かんべん
簡略	かんりゃく
緩やか	ゆるやか
緩急	かんきゅう
緩衝	かんしょう
緩衝地帯	かんしょうちたい
緩慢	かんまん
緩和	かんわ
缶	かん
缶詰	かんづめ
肝	きも
肝炎	かんえん
肝硬変	かんこうへん
肝臓	かんぞう
肝要	かんよう
艦	かん
艦載機	かんさいき
艦船	かんせん
艦隊	かんたい
艦長	かんちょう
艦艇	かんてい
観	かん
観客	かんきゃく
観劇	かんげき
観月	みづき
観光	かんこう
観光客	かんこうきゃく
観察	かんさつ
観衆	かんしゅう
観賞	かんしょう
観戦	かんせん
観測	かんそく
観点	かんてん
観念	かんねん
観覧	かんらん
貫通	かんつう
貫徹	かんてつ
還元	かんげん
還流	かんりゅう
還暦	かんれき
鑑識	かんしき
鑑賞	かんしょう
鑑定	かんてい
鑑別	かんべつ
間	あいだ
間もなく	まもなく
間一髪	かんいっぱつ
間隔	かんかく
間近	まぢか
間口	まぐち
間合い	まあい
間際	まぎわ
間借り	まがり
間取り	まどり
間食	かんしょく
間接	かんせつ
間接税	かんせつぜい
間接的	かんせつてき
間断	かんだん
間中	あいだじゅう
間抜け	まぬけ
間柄	あいだがら
閑散	かんさん
閑静	かんせい
関	せき
関する	かんする
関係	かんけい
関係者	かんけいしゃ
関心	かんしん
関心事	かんしんじ
関西	かんさい
関西弁	かんさいべん
関税	かんぜい
関節	かんせつ
関節炎	かんせつえん
関知	かんち
関東	かんとう
関白	かんぱく
関門	かんもん
関与	かんよ
関連	かんれん
関脇	せきわけ
陥没	かんぼつ
陥落	かんらく
韓国	かんこく
韓国語	かんこくご
館員	かんいん
館長	かんちょう
丸	まる
丸っきり	まるっきり
丸で	まるで
丸み	まるみ
丸刈り	まるがり
丸見え	まるみえ
丸腰	まるごし
丸ごと	まるごと
丸出し	まるだし
丸洗い	まるあらい
丸太	まるた
丸本	まるもと
丸木	まるき
丸裸	まるはだか
含蓄	がんちく
含有	がんゆう
岸	きし
岸壁	がんぺき
岸辺	きしべ
玩具	おもちゃ
癌	がん
眼下	がんか
眼科	がんか
眼科医	がんかい
眼球	がんきゅう
眼光	がんこう
眼差し	まなざし
眼目	がんもく
眼力	がんりき
岩	いわ
岩塩	がんえん
岩屋	いわや
岩間	いわま
岩山	いわやま
岩礁	がんしょう
岩石	がんせき
岩盤	がんばん
贋作	がんさく
頑な	かたくな
頑強	がんきょう
頑固	がんこ
頑丈	がんじょう
顔	かお
顔色	かおいろ
顔ぶれ	かおぶれ
顔つき	かおつき
顔面	がんめん
顔役	かおやく
顔立ち	かおだち
顔料	がんりょう
願い出	ねがいで
願わくは	ねがわくは
願書	がんしょ
企画	きかく
企業	きぎょう
企業家	きぎょうか
企図	きと
危うく	あやうく
危害	きがい
危機	きき
危急	ききゅう
危険	きけん
危険性	きけんせい
危篤	きとく
喜んで	よろこんで
喜劇	きげき
喜寿	きじゅ
喜怒哀楽	きどあいらく
器	うつわ
器楽	きがく
器官	きかん
器具	きぐ
器材	きざい
器物	きぶつ
器用	きよう
器量	きりょう
基幹	きかん
基金	ききん
基軸通貨	きじくつうか
基礎	きそ
基地	きち
基調	きちょう
基底	きてい
基点	きてん
基板	きばん
基盤	きばん
基部	きぶ
基本	きほん
基本的	きほんてき
奇異	きい
奇怪	きかい
奇形	きけい
奇襲	きしゅう
奇術	きじゅつ
奇数	きすう
奇想天外	きそうてんがい
奇抜	きばつ
奇病	きびょう
奇妙	きみょう
寄せ集め	よせあつめ
寄り合い	よりあい
寄り道	よりみち
寄金	ききん
寄港	きこう
寄稿	きこう
寄宿	きしゅく
寄宿舎	きしゅくしゃ
寄生	きせい
寄生虫	きせいちゅう
寄席	よせ
寄与	きよ
岐路	きろ
希求	ききゅう
希望	きぼう
幾	いく
幾つ	いくつ
幾つか	いくつか
幾ら	いくら
幾何	きか
幾何学	きかがく
幾多	いくた
幾日	いくにち
幾分	いくぶん
忌避	きひ
揮発	きはつ
揮発油	きはつゆ
机	つくえ
机上	きじょう
旗	はた
旗手	きしゅ
旗色	はたいろ
旗頭	はたがしら
旗揚げ	はたあげ
既に	すでに
既往症	きおうしょう
既婚	きこん
既成	きせい
既成事実	きせいじじつ
既製	きせい
既製服	きせいふく
既設	きせつ
既存	きそん
既定	きてい
既得権	きとくけん
期間	きかん
期限	きげん
期待	きたい
期日	きじつ
期末	きまつ
棋士	きし
棋譜	きふ
棄却	ききゃく
棄権	きけん
機運	きうん
機影	きえい
機会	きかい
機械	きかい
機械化	きかいか
機関	きかん
機関車	きかんしゃ
機関銃	きかんじゅう
機器	きき
機嫌	きげん
機構	きこう
機材	きざい
機軸	きじく
機種	きしゅ
機首	きしゅ
機先	きせん
機体	きたい
機長	きちょう
機転	きてん
機動	きどう
機動隊	きどうたい
機内	きない
機能	きのう
機微	きび
機敏	きびん
機密	きみつ
機密保護	きみつほご
機雷	きらい
帰り道	かえりみち
帰依	きえ
帰化	きか
帰還	きかん
帰京	ききょう
帰結	きけつ
帰国	きこく
帰順	きじゅん
帰省	きせい
帰属	きぞく
帰宅	きたく
帰着	きちゃく
帰途	きと
帰任	きにん
帰路	きろ
気	き
気のせい	きのせい
気の毒	きのどく
気まま	きまま
気圧	きあつ
気違い	キチガイ
気温	きおん
気化	きか
気概	きがい
気楽	きらく
気がかり	きがかり
気管	きかん
気管支	きかんし
気球	ききゅう
気苦労	きぐろう
気軽	きがる
気兼ね	きがね
気後れ	きおくれ
気候	きこう
気構え	きがまえ
気骨	きこつ
気持ちいい	きもちいい
気質	きしつ
気象	きしょう
気象学	きしょうがく
気象台	きしょうだい
気象庁	きしょうちょう
気障	きざ
気丈	きじょう
気心	きごころ
気勢	きせい
気性	きしょう
気晴らし	きばらし
気絶	きぜつ
気前	きまえ
気体	きたい
気長	きなが
気筒	きとう
気道	きどう
気配	けはい
気迫	きはく
気づかれ	きづかれ
気品	きひん
気付	きづけ
気風	きふう
気分	きぶん
気分転換	きぶんてんかん
気泡	きほう
気味	きみ
気密	きみつ
気流	きりゅう
気力	きりょく
汽車	きしゃ
汽船	きせん
汽笛	きてき
祈願	きがん
祈念	きねん
季刊	きかん
季語	きご
季節	きせつ
季節風	きせつふう
希少	きしょう
紀元	きげん
紀元前	きげんぜん
紀行	きこう
規格	きかく
規制	きせい
規則	きそく
規則的	きそくてき
規定	きてい
規程	きてい
規模	きぼ
規約	きやく
規律	きりつ
記憶	きおく
記号	きごう
記載	きさい
記事	きじ
記者	きしゃ
記者会見	きしゃかいけん
記述	きじゅつ
記章	きしょう
記帳	きちょう
記入	きにゅう
記念	きねん
記念日	きねんび
記念碑	きねんひ
記名	きめい
記録	きろく
貴金属	ききんぞく
貴社	きしゃ
貴重	きちょう
貴重品	きちょうひん
貴族	きぞく
貴賓	きひん
貴婦人	きふじん
貴方	あなた
起因	きいん
起業	きぎょう
起工	きこう
起債	きさい
起算	きさん
起死回生	きしかいせい
起床	きしょう
起訴	きそ
起草	きそう
起点	きてん
起動	きどう
起爆	きばく
起伏	きふく
起用	きよう
起立	きりつ
軌跡	きせき
軌道	きどう
輝度	きど
飢餓	きが
騎士	きし
騎士道	きしどう
騎手	きしゅ
騎乗	きじょう
騎馬	きば
騎兵	きへい
鬼	おに
鬼ごっこ	おにごっこ
鬼才	きさい
亀	かめ
亀甲	きっこう
亀裂	きれつ
偽	にせ
偽証	ぎしょう
偽善	ぎぜん
偽造	ぎぞう
偽名	ぎめい
儀	ぎ
儀式	ぎしき
儀典	ぎてん
儀礼	ぎれい
儀礼的	ぎれいてき
宜しく	よろしく
戯画	ぎが
戯曲	ぎきょく
技	わざ
技巧	ぎこう
技師	ぎし
技術	ぎじゅつ
技術者	ぎじゅつしゃ
技術的	ぎじゅつてき
技術力	ぎじゅつりょく
技能	ぎのう
技法	ぎほう
技量	ぎりょう
欺瞞	ぎまん
犠牲	ぎせい
犠牲者	ぎせいしゃ
犠打	ぎだ
疑義	ぎぎ
疑獄	ぎごく
疑心	ぎしん
疑心暗鬼	ぎしんあんき
疑念	ぎねん
疑問	ぎもん
疑問符	ぎもんふ
疑惑	ぎわく
義援金	ぎえんきん
義兄	ぎけい
義姉	ぎし
義歯	ぎし
義足	ぎそく
義弟	ぎてい
義父	ぎふ
義母	ぎぼ
義妹	ぎまい
義務	ぎむ
義務教育	ぎむきょういく
義理	ぎり
蟻	あり
議案	ぎあん
議員	ぎいん
議院	ぎいん
議会	ぎかい
議決	ぎけつ
議事	ぎじ
議事堂	ぎじどう
議事録	ぎじろく
議場	ぎじょう
議席	ぎせき
議題	ぎだい
議長	ぎちょう
議論	ぎろん
菊	きく
菊花	きっか
吉兆	きっちょう
吉報	きっぽう
吃驚	びっくり
喫する	きっする
喫煙	きつえん
喫茶	きっさ
喫茶店	きっさてん
橘	たちばな
詰問	きつもん
却って	かえって
却下	きゃっか
客	きゃく
客員	きゃくいん
客引き	きゃくひき
客演	きゃくえん
客観	きゃっかん
客観的	きゃっかんてき
客間	きゃくま
客室	きゃくしつ
客車	きゃくしゃ
客席	きゃくせき
客船	きゃくせん
脚色	きゃくしょく
脚本	きゃくほん
虐殺	ぎゃくさつ
虐待	ぎゃくたい
逆	ぎゃく
逆さ	さかさ
逆境	ぎゃっきょう
逆効果	ぎゃくこうか
逆行	ぎゃっこう
逆算	ぎゃくさん
逆襲	ぎゃくしゅう
逆説	ぎゃくせつ
逆探知	ぎゃくたんち
逆転	ぎゃくてん
逆風	ぎゃくふう
逆戻り	ぎゃくもどり
逆輸入	ぎゃくゆにゅう
逆立ち	さかだち
逆流	ぎゃくりゅう
丘陵	きゅうりょう
久しぶり	ひさしぶり
仇討ち	あだうち
敵討ち	かたきうち
休する	きゅうする
休演	きゅうえん
休暇	きゅうか
休会	きゅうかい
休学	きゅうがく
休刊	きゅうかん
休業	きゅうぎょう
休憩	きゅうけい
休憩時間	きゅうけいじかん
休憩所	きゅうけいじょ
休校	きゅうこう
休講	きゅうこう
休止	きゅうし
休場	きゅうじょう
休職	きゅうしょく
休診	きゅうしん
休戦	きゅうせん
休息	きゅうそく
休日	きゅうじつ
休眠	きゅうみん
休養	きゅうよう
及び腰	およびごし
及第	きゅうだい
吸引	きゅういん
吸気	きゅうき
吸血鬼	きゅうけつき
吸収	きゅうしゅう
吸着	きゅうちゃく
吸入	きゅうにゅう
吸い物	すいもの
宮司	ぐうじ
宮中	きゅうちゅう
宮廷	きゅうてい
宮殿	きゅうでん
宮内庁	くないちょう
弓	ゆみ
弓道	きゅうどう
弓矢	ゆみや
急	きゅう
急いで	いそいで
急ぎ足	いそぎあし
急患	きゅうかん
急激	きゅうげき
急行	きゅうこう
急降下	きゅうこうか
急死	きゅうし
急襲	きゅうしゅう
急所	きゅうしょ
急場	きゅうば
急進	きゅうしん
急性	きゅうせい
急逝	きゅうせい
急増	きゅうぞう
急造	きゅうぞう
急速	きゅうそく
急転直下	きゅうてんちょっか
急騰	きゅうとう
急病	きゅうびょう
急変	きゅうへん
急務	きゅうむ
急用	きゅうよう
急落	きゅうらく
急流	きゅうりゅう
急遽	きゅうきょ
救援	きゅうえん
救急	きゅうきゅう
救急車	きゅうきゅうしゃ
救急箱	きゅうきゅうばこ
救護	きゅうご
救済	きゅうさい
救出	きゅうしゅつ
救助	きゅうじょ
救世	きゅうせい
救世軍	きゅうせいぐん
救世主	きゅうせいしゅ
救難	きゅうなん
救命	きゅうめい
求愛	きゅうあい
求刑	きゅうけい
求職	きゅうしょく
求心力	きゅうしんりょく
求人	きゅうじん
求道	きゅうどう
泣き所	なきどころ
泣き声	なきごえ
泣き寝入り	なきねいり
球	きゅう
球技	きゅうぎ
球菌	きゅうきん
球形	きゅうけい
球根	きゅうこん
球場	きゅうじょう
球状	きゅうじょう
球審	きゅうしん
球体	きゅうたい
球団	きゅうだん
究極	きゅうきょく
究明	きゅうめい
窮屈	きゅうくつ
窮状	きゅうじょう
窮地	きゅうち
窮乏	きゅうぼう
級友	きゅうゆう
糾合	きゅうごう
糾弾	きゅうだん
給仕	きゅうじ
給食	きゅうしょく
給水	きゅうすい
給湯	きゅうとう
給付	きゅうふ
給油	きゅうゆ
給与	きゅうよ
給料	きゅうりょう
給料日	きゅうりょうび
旧	きゅう
旧家	きゅうか
旧作	きゅうさく
旧式	きゅうしき
旧制	きゅうせい
旧姓	きゅうせい
旧正月	きゅうしょうがつ
旧石器時代	きゅうせっきじだい
旧態	きゅうたい
旧知	きゅうち
旧都	きゅうと
旧法	きゅうほう
旧盆	きゅうぼん
旧名	きゅうめい
旧約	きゅうやく
旧友	きゅうゆう
旧来	きゅうらい
旧暦	きゅうれき
牛	うし
牛舎	ぎゅうしゃ
牛車	ぎゅうしゃ
牛肉	ぎゅうにく
牛乳	ぎゅうにゅう
牛馬	ぎゅうば
去就	きょしゅう
去勢	きょせい
去年	きょねん
去来	きょらい
居間	いま
居候	いそうろう
居酒屋	いざかや
居住	きょじゅう
居所	いどころ
居眠り	いねむり
居留	きょりゅう
巨額	きょがく
巨漢	きょかん
巨視的	きょしてき
巨匠	きょしょう
巨人	きょじん
巨星	きょせい
巨体	きょたい
巨大	きょだい
巨費	きょひ
巨利	きょり
拒食症	きょしょくしょう
拒絶	きょぜつ
拒絶反応	きょぜつはんのう
拒否	きょひ
拒否権	きょひけん
拠点	きょてん
挙行	きょこう
挙国	きょこく
挙式	きょしき
挙手	きょしゅ
挙党	きょとう
挙動	きょどう
虚々実々	きょきょじつじつ
虚栄	きょえい
虚偽	きょぎ
虚空	こくう
虚言	きょげん
虚構	きょこう
虚弱	きょじゃく
虚飾	きょしょく
虚心	きょしん
虚像	きょぞう
虚脱	きょだつ
虚無	きょむ
虚礼	きょれい
許可	きょか
許諾	きょだく
許容	きょよう
距離	きょり
鋸	のこぎり
漁獲	ぎょかく
漁業	ぎょぎょう
漁港	ぎょこう
漁師	りょうし
漁場	ぎょじょう
漁船	ぎょせん
漁村	ぎょそん
漁労	ぎょろう
魚屋	さかなや
魚介	ぎょかい
魚介類	ぎょかいるい
魚群	ぎょぐん
魚市場	うおいちば
魚釣り	さかなつり
魚肉	ぎょにく
魚雷	ぎょらい
魚類	ぎょるい
享受	きょうじゅ
享年	きょうねん
京	きょう
京阪	けいはん
供	とも
供給	きょうきゅう
供給源	きょうきゅうげん
供出	きょうしゅつ
供述	きょうじゅつ
供託	きょうたく
供物	くもつ
供与	きょうよ
供養	くよう
競泳	きょうえい
競演	きょうえん
競技	きょうぎ
競合	きょうごう
競作	きょうさく
競争	きょうそう
競争力	きょうそうりょく
競走	きょうそう
競艇	きょうてい
競馬	けいば
競売	きょうばい
競歩	きょうほ
競輪	けいりん
共	ども
共に	ともに
共栄	きょうえい
共演	きょうえん
共稼ぎ	ともかせぎ
共学	きょうがく
共感	きょうかん
共催	きょうさい
共済	きょうさい
共産	きょうさん
共産主義	きょうさんしゅぎ
共産党	きょうさんとう
共食い	ともぐい
共生	きょうせい
共著	きょうちょ
共通	きょうつう
共通語	きょうつうご
共通点	きょうつうてん
共倒れ	ともだおれ
共闘	きょうとう
共働き	ともばたらき
共同体	きょうどうたい
共同募金	きょうどうぼきん
共犯	きょうはん
共謀	きょうぼう
共鳴	きょうめい
共有	きょうゆう
共用	きょうよう
共立	きょうりつ
共和国	きょうわこく
共和制	きょうわせい
共和党	きょうわとう
凶作	きょうさく
協会	きょうかい
協議	きょうぎ
協賛	きょうさん
協商	きょうしょう
協奏曲	きょうそうきょく
協調	きょうちょう
協定	きょうてい
協同組合	きょうどうくみあい
協約	きょうやく
協和	きょうわ
卿	きょう
叫び声	さけびごえ
境	さかい
境界	きょうかい
境遇	きょうぐう
境地	きょうち
境内	けいだい
境目	さかいめ
峡谷	きょうこく
強いて	しいて
強さ	つよさ
強み	つよみ
強引	ごういん
強化	きょうか
強姦	ごうかん
強含み	つよふくみ
強気	つよき
強硬	きょうこう
強行	きょうこう
強国	きょうこく
強弱	きょうじゃく
強震	きょうしん
強靭	きょうじん
強制	きょうせい
強制的	きょうせいてき
強壮	きょうそう
強打	きょうだ
強大	きょうだい
強奪	ごうだつ
強調	きょうちょう
強敵	きょうてき
強度	きょうど
強盗	ごうとう
強風	きょうふう
強弁	きょうべん
強要	きょうよう
強力	きょうりょく
強烈	きょうれつ
恐らく	おそらく
恐喝	きょうかつ
恐慌	きょうこう
恐縮	きょうしゅく
恐怖	きょうふ
恐怖症	きょうふしょう
挟み撃ち	はさみうち
教え子	おしえご
教育	きょういく
教員	きょういん
教化	きょうか
教科	きょうか
教科書	きょうかしょ
教会	きょうかい
教官	きょうかん
教義	きょうぎ
教区	きょうく
教訓	きょうくん
教唆	きょうさ
教材	きょうざい
教師	きょうし
教示	きょうじ
教室	きょうしつ
教授	きょうじゅ
教習	きょうしゅう
教書	きょうしょ
教職	きょうしょく
教職員	きょうしょくいん
教祖	きょうそ
教団	きょうだん
教壇	きょうだん
教徒	きょうと
教本	きょうほん
教務	きょうむ
教諭	きょうゆ
教養	きょうよう
橋	はし
橋脚	きょうきゃく
橋渡し	はしわたし
況して	まして
狂気	きょうき
狂犬	きょうけん
狂言	きょうげん
狂詩曲	きょうしきょく
狂信	きょうしん
狂人	きょうじん
狂奔	きょうほん
狂乱	きょうらん
狂騒	きょうそう
狭義	きょうぎ
狭心症	きょうしんしょう
矯正	きょうせい
胸	むね
胸襟	きょうきん
胸元	むなもと
胸像	きょうぞう
胸中	きょうちゅう
胸部	きょうぶ
脅威	きょうい
脅迫	きょうはく
興起	こうき
興業	こうぎょう
興行	こうぎょう
興信所	こうしんじょ
興奮	こうふん
興亡	こうぼう
興味	きょうみ
興隆	こうりゅう
蕎麦	そば
郷愁	きょうしゅう
郷土	きょうど
郷里	きょうり
鏡	かがみ
鏡台	きょうだい
鏡面	きょうめん
饗宴	きょうえん
饗応	きょうおう
驚異	きょうい
驚嘆	きょうたん
驚愕	きょうがく
仰る	おっしゃる
仰向け	あおむけ
仰天	ぎょうてん
凝った	こった
凝り性	こりしょう
凝固	ぎょうこ
凝視	ぎょうし
凝集	ぎょうしゅう
凝縮	ぎょうしゅく
暁	あかつき
暁星	ぎょうせい
業界	ぎょうかい
業界紙	ぎょうかいし
業者	ぎょうしゃ
業種	ぎょうしゅ
業績	ぎょうせき
業務	ぎょうむ
局	きょく
局員	きょくいん
局所	きょくしょ
局地	きょくち
局長	きょくちょう
局番	きょくばん
局部	きょくぶ
局面	きょくめん
局留め	きょくどめ
曲	きょく
曲がり角	まがりかど
曲芸	きょくげい
曲折	きょくせつ
曲線	きょくせん
曲面	きょくめん
曲目	きょくもく
極	ごく
極めて	きわめて
極悪	ごくあく
極意	ごくい
極右	きょくう
極楽	ごくらく
極寒	ごっかん
極刑	きょっけい
極限	きょくげん
極小	きょくしょう
極上	ごくじょう
極端	きょくたん
極地	きょくち
極致	きょくち
極点	きょくてん
極度	きょくど
極東	きょくとう
極秘	ごくひ
極貧	ごくひん
極北	きょくほく
極力	きょくりょく
極論	きょくろん
玉	たま
玉砕	ぎょくさい
玉虫色	たまむしいろ
玉突き	たまつき
玉ねぎ	たまねぎ
玉露	ぎょくろ
玉蜀黍	とうもろこし
桐	きり
僅か	わずか
勤め人	つとめにん
勤め先	つとめさき
勤続	きんぞく
勤勉	きんべん
勤務	きんむ
勤労	きんろう
勤労者	きんろうしゃ
均一	きんいつ
均衡	きんこう
均質	きんしつ
均整	きんせい
均等	きんとう
錦	にしき
錦絵	にしきえ
琴	こと
禁ずる	きんずる
禁煙	きんえん
禁忌	きんき
禁句	きんく
禁錮	きんこ
禁止	きんし
禁酒	きんしゅ
禁制	きんせい
禁足	きんそく
禁断	きんだん
禁物	きんもつ
禁輸	きんゆ
禁欲	きんよく
筋	すじ
筋違い	すじちがい
筋書き	すじがき
筋道	すじみち
筋肉	きんにく
筋力	きんりょく
緊急	きんきゅう
緊縮	きんしゅく
緊張	きんちょう
緊迫	きんぱく
緊密	きんみつ
緊要	きんよう
菌類	きんるい
襟巻き	えりまき
襟元	えりもと
謹賀新年	きんがしんねん
謹慎	きんしん
近海	きんかい
近刊	きんかん
近眼	きんがん
近畿	きんき
近距離	きんきょり
近況	きんきょう
近県	きんけん
近郊	きんこう
近頃	ちかごろ
近視	きんし
近所	きんじょ
近親	きんしん
近世	きんせい
近接	きんせつ
近代	きんだい
近代的	きんだいてき
近東	きんとう
近日	きんじつ
近年	きんねん
近辺	きんぺん
近来	きんらい
近隣	きんりん
金	かね
金科玉条	きんかぎょくじょう
金貨	きんか
金塊	きんかい
金額	きんがく
金魚	きんぎょ
金銀	きんぎん
金具	かなぐ
金券	きんけん
金庫	きんこ
金剛	こんごう
金婚式	きんこんしき
金字塔	きんじとう
金持ち	かねもち
金星	きんぼし
金銭	きんせん
金属	きんぞく
金箔	きんぱく
金縛り	かなしばり
金髪	きんぱつ
金物	かなもの
金平	かねひら
金脈	きんみゃく
金網	かなあみ
金儲け	かねもうけ
金目	かねめ
金融	きんゆう
金融機関	きんゆうきかん
金曜	きんよう
金曜日	きんようび
金利	きんり
吟味	ぎんみ
吟遊詩人	ぎんゆうしじん
銀河	ぎんが
銀貨	ぎんか
銀行	ぎんこう
銀座	ぎんざ
銀紙	ぎんがみ
銀色	ぎんいろ
銀杯	ぎんぱい
銀盤	ぎんばん
銀幕	ぎんまく
九つ	ここのつ
九九	くく
九州	きゅうしゅう
九重	ここのえ
九分	くぶ
倶楽部	クラブ
句	く
句会	くかい
句作	くさく
句集	くしゅう
句読点	くとうてん
区	く
区域	くいき
区間	くかん
区議	くぎ
区検	くけん
区長	くちょう
区内	くない
区分	くぶん
区分け	くわけ
区別	くべつ
区民	くみん
区役所	くやくしょ
矩形	くけい
苦学	くがく
苦楽	くらく
苦境	くきょう
苦言	くげん
苦行	くぎょう
苦手	にがて
苦渋	くじゅう
苦笑	くしょう
苦笑い	にがわらい
苦情	くじょう
苦心	くしん
苦戦	くせん
苦痛	くつう
苦闘	くとう
苦難	くなん
苦肉の策	くにくのさく
苦悩	くのう
苦杯	くはい
苦味	にがみ
苦慮	くりょ
苦労	くろう
苦労人	くろうにん
駆けっこ	かけっこ
駆け足	かけあし
駆使	くし
駆除	くじょ
駆逐	くちく
駆逐艦	くちくかん
駆動	くどう
駒	こま
具	ぐ
具現	ぐげん
具象	ぐしょう
具体	ぐたい
具体化	ぐたいか
具体的	ぐたいてき
愚か	おろか
愚行	ぐこう
愚痴	ぐち
愚直	ぐちょく
愚連隊	ぐれんたい
愚弄	ぐろう
空	そら
空き缶	あきかん
空き地	あきち
空っぽ	からっぽ
空位	くうい
空間	くうかん
空気	くうき
空虚	くうきょ
空軍	くうぐん
空港	くうこう
空車	くうしゃ
空手	からて
空襲	くうしゅう
空席	くうせき
空前	くうぜん
空疎	くうそ
空想	くうそう
空中	くうちゅう
空調	くうちょう
空転	くうてん
空洞	くうどう
空白	くうはく
空費	くうひ
空腹	くうふく
空母	くうぼ
空模様	そらもよう
空輸	くうゆ
空欄	くうらん
空陸	くうりく
空冷	くうれい
空路	くうろ
空論	くうろん
偶数	ぐうすう
偶然	ぐうぜん
偶像	ぐうぞう
偶発	ぐうはつ
寓意	ぐうい
寓話	ぐうわ
隅	すみ
櫛	くし
屑	くず
屈指	くっし
屈辱	くつじょく
屈伸	くっしん
屈折	くっせつ
屈託	くったく
靴	くつ
靴屋	くつや
靴下	くつした
熊	くま
熊手	くまで
栗	くり
桑	くわ
桑田	そうでん
桑畑	くわはた
勲記	くんき
勲章	くんしょう
君	きみ
君子	くんし
君主	くんしゅ
君たち	きみたち
君臨	くんりん
訓戒	くんかい
訓示	くんじ
訓読み	くんよみ
訓令	くんれい
訓練	くんれん
群	ぐん
群生	ぐんせい
群像	ぐんぞう
群島	ぐんとう
群雄割拠	ぐんゆうかっきょ
群落	ぐんらく
軍	ぐん
軍医	ぐんい
軍歌	ぐんか
軍拡	ぐんかく
軍楽	ぐんがく
軍艦	ぐんかん
軍機	ぐんき
軍靴	ぐんか
軍港	ぐんこう
軍国	ぐんこく
軍国主義	ぐんこくしゅぎ
軍資金	ぐんしきん
軍事	ぐんじ
軍手	ぐんて
軍需	ぐんじゅ
軍縮	ぐんしゅく
軍人	ぐんじん
軍勢	ぐんぜい
軍政	ぐんせい
軍曹	ぐんそう
軍属	ぐんぞく
軍隊	ぐんたい
軍団	ぐんだん
軍馬	ぐんば
軍配	ぐんばい
軍備	ぐんび
軍票	ぐんぴょう
軍部	ぐんぶ
軍服	ぐんぷく
軍法会議	ぐんぽうかいぎ
軍務	ぐんむ
軍用	ぐんよう
郡	ぐん
郡部	ぐんぶ
袈裟	けさ
係官	かかりかん
係数	けいすう
係争	けいそう
係長	かかりちょう
係留	けいりゅう
傾向	けいこう
傾斜	けいしゃ
傾城	けいせい
傾注	けいちゅう
傾聴	けいちょう
傾倒	けいとう
刑	けい
刑期	けいき
刑事	けいじ
刑事事件	けいじじけん
刑罰	けいばつ
刑法	けいほう
刑務所	けいむしょ
兄	あに
兄さん	にいさん
兄貴	あにき
兄姉	けいし
兄弟	きょうだい
兄弟子	あにでし
啓示	けいじ
啓発	けいはつ
啓蒙	けいもう
啓蟄	けいちつ
型	かた
型紙	かたがみ
型破り	かたやぶり
契機	けいき
契約	けいやく
契約書	けいやくしょ
形	かたち
形骸	けいがい
形見	かたみ
形式	けいしき
形式的	けいしきてき
形象	けいしょう
形状	けいじょう
形勢	けいせい
形成	けいせい
形跡	けいせき
形相	ぎょうそう
形態	けいたい
形容	けいよう
形容詞	けいようし
恵比寿	えびす
慶事	けいじ
慶祝	けいしゅく
慶弔	けいちょう
憩い	いこい
掲載	けいさい
掲示	けいじ
掲示板	けいじばん
掲揚	けいよう
携行	けいこう
携帯	けいたい
携帯電話	けいたいでんわ
敬愛	けいあい
敬意	けいい
敬遠	けいえん
敬具	けいぐ
敬語	けいご
敬称	けいしょう
敬礼	けいれい
敬老	けいろう
景観	けいかん
景気	けいき
景況	けいきょう
景勝	けいしょう
景色	けしき
景品	けいひん
桂	かつら
渓谷	けいこく
渓流	けいりゅう
稽古	けいこ
系	けい
系図	けいず
系統	けいとう
系統的	けいとうてき
系譜	けいふ
系列	けいれつ
経緯	けいい
経営	けいえい
経営者	けいえいしゃ
経過	けいか
経企庁	けいきちょう
経験	けいけん
経験者	けいけんしゃ
経口	けいこう
経済	けいざい
経済界	けいざいかい
経済学	けいざいがく
経済企画庁	けいざいきかくちょう
経典	きょうてん
経度	けいど
経費	けいひ
経由	けいゆ
経理	けいり
経歴	けいれき
経路	けいろ
継ぎ接ぎ	つぎはぎ
継承	けいしょう
継続	けいぞく
継投	けいとう
継母	ままはは
継ぎ目	つぎめ
茎	くき
蛍	ほたる
計	けい
計画	けいかく
計器	けいき
計算	けいさん
計算書	けいさんしょ
計上	けいじょう
計測	けいそく
計量	けいりょう
警戒	けいかい
警官	けいかん
警句	けいく
警護	けいご
警告	けいこく
警察	けいさつ
警察官	けいさつかん
警察署	けいさつしょ
警察庁	けいさつちょう
警視	けいし
警視庁	けいしちょう
警鐘	けいしょう
警笛	けいてき
警備	けいび
警部	けいぶ
警報	けいほう
警棒	けいぼう
警務	けいむ
軽音楽	けいおんがく
軽快	けいかい
軽機関銃	けいきかんじゅう
軽金属	けいきんぞく
軽減	けいげん
軽口	かるくち
軽工業	けいこうぎょう
軽視	けいし
軽傷	けいしょう
軽症	けいしょう
軽食	けいしょく
軽震	けいしん
軽石	かるいし
軽装	けいそう
軽度	けいど
軽薄	けいはく
軽犯罪	けいはんざい
軽蔑	けいべつ
軽妙	けいみょう
軽油	けいゆ
軽率	けいそつ
軽量	けいりょう
鶏	にわとり
鶏肉	とりにく
鶏卵	けいらん
芸者	げいしゃ
芸術	げいじゅつ
芸術家	げいじゅつか
芸術的	げいじゅつてき
芸人	げいにん
芸能	げいのう
芸能人	げいのうじん
芸風	げいふう
芸名	げいめい
迎撃	げいげき
迎合	げいごう
迎賓館	げいひんかん
鯨	クジラ
鯨肉	げいにく
劇	げき
劇映画	げきえいが
劇化	げきか
劇作	げきさく
劇場	げきじょう
劇団	げきだん
劇的	げきてき
劇評	げきひょう
劇薬	げきやく
撃退	げきたい
撃沈	げきちん
撃墜	げきつい
撃破	げきは
激化	げきか
激減	げきげん
激賞	げきしょう
激情	げきじょう
激戦	げきせん
激増	げきぞう
激怒	げきど
激闘	げきとう
激動	げきどう
激突	げきとつ
激流	げきりゅう
激励	げきれい
激烈	げきれつ
隙	すき
隙間	すきま
桁	けた
傑作	けっさく
傑出	けっしゅつ
欠員	けついん
欠陥	けっかん
欠勤	けっきん
欠航	けっこう
欠伸	あくび
欠席	けっせき
欠損	けっそん
欠点	けってん
欠如	けつじょ
欠片	かけら
欠乏	けつぼう
欠落	けつらく
決して	けっして
決する	けっする
決まり文句	きまりもんく
決め手	きめて
決意	けつい
決壊	けっかい
決議	けつぎ
決行	けっこう
決済	けっさい
決裁	けっさい
決算	けっさん
決死	けっし
決勝	けっしょう
決勝戦	けっしょうせん
決心	けっしん
決戦	けっせん
決然	けつぜん
決断	けつだん
決定	けってい
決定的	けっていてき
決闘	けっとう
決別	けつべつ
決裂	けつれつ
潔白	けっぱく
潔癖	けっぺき
穴	あな
穴熊	あなぐま
穴場	あなば
穴埋め	あなうめ
結果	けっか
結果論	けっかろん
結核	けっかく
結局	けっきょく
結構	けっこう
結合	けつごう
結婚	けっこん
結婚式	けっこんしき
結社	けっしゃ
結集	けっしゅう
結晶	けっしょう
結審	けっしん
結成	けっせい
結石	けっせき
結節	けっせつ
結束	けっそく
結託	けったく
結腸	けっちょう
結党	けっとう
結納	ゆいのう
結末	けつまつ
結論	けつろん
血	ち
血圧	けつあつ
血液	けつえき
血液型	けつえきがた
血縁	けつえん
血管	けっかん
血眼	ちまなこ
血筋	ちすじ
血行	けっこう
血痕	けっこん
血小板	けっしょうばん
血色	けっしょく
血清	けっせい
血相	けっそう
血族	けつぞく
血糖	けっとう
血統	けっとう
血肉	けつにく
血友病	けつゆうびょう
月	つき
月額	げつがく
月刊	げっかん
月間	げっかん
月給	げっきゅう
月桂冠	げっけいかん
月経	げっけい
月見	つきみ
月光	げっこう
月謝	げっしゃ
月収	げっしゅう
月初め	つきはじめ
月食	げっしょく
月日	つきひ
月賦	げっぷ
月並み	つきなみ
月報	げっぽう
月末	げつまつ
月面	げつめん
月夜	つきよ
月曜	げつよう
月曜日	げつようび
月例	げつれい
件	けん
件数	けんすう
倹約	けんやく
倦怠	けんたい
健やか	すこやか
健気	けなげ
健脚	けんきゃく
健康	けんこう
健康診断	けんこうしんだん
健康的	けんこうてき
健康保険	けんこうほけん
健在	けんざい
検診	けんしん
健全	けんぜん
健闘	けんとう
健筆	けんぴつ
兼	けん
兼ね合い	かねあい
兼営	けんえい
兼業農家	けんぎょうのうか
兼職	けんしょく
兼任	けんにん
兼務	けんむ
兼用	けんよう
券	けん
剣	けん
剣客	けんかく
剣劇	けんげき
剣豪	けんごう
剣士	けんし
剣道	けんどう
喧嘩	けんか
喧騒	けんそう
圏外	けんがい
圏内	けんない
堅固	けんご
堅持	けんじ
堅調	けんちょう
嫌がらせ	いやがらせ
嫌悪	けんお
嫌疑	けんぎ
建議	けんぎ
建具	たてぐ
建国	けんこく
建材	けんざい
建設	けんせつ
建設的	けんせつてき
建造	けんぞう
建造物	けんぞうぶつ
建築	けんちく
建築家	けんちくか
建物	たてもの
建立	こんりゅう
憲章	けんしょう
憲政	けんせい
憲兵	けんぺい
憲法	けんぽう
懸案	けんあん
懸賞	けんしょう
懸垂	けんすい
懸念	けねん
懸命	けんめい
拳	こぶし
拳骨	げんこつ
拳銃	けんじゅう
拳法	けんぽう
検疫	けんえき
検閲	けんえつ
検挙	けんきょ
検査	けんさ
検索	けんさく
検察	けんさつ
検事	けんじ
検出	けんしゅつ
検証	けんしょう
検針	けんしん
検定	けんてい
検討	けんとう
検便	けんべん
検問	けんもん
権	けん
権威	けんい
権益	けんえき
権化	ごんげ
権限	けんげん
権勢	けんせい
権謀術数	けんぼうじゅっすう
権利	けんり
権力	けんりょく
犬	いぬ
犬猿の仲	けんえんのなか
献金	けんきん
献血	けんけつ
献上	けんじょう
献身	けんしん
献体	けんたい
献立	こんだて
研究	けんきゅう
研究員	けんきゅういん
研究室	けんきゅうしつ
研究者	けんきゅうしゃ
研修	けんしゅう
研修員	けんしゅういん
研鑽	けんさん
絹	きぬ
絹織物	きぬおりもの
絹布	けんぷ
県	けん
県営	けんえい
県下	けんか
県会	けんかい
県議	けんぎ
県警	けんけい
県知事	けんちじ
県庁	けんちょう
県道	けんどう
県内	けんない
県民	けんみん
県立	けんりつ
肩	かた
肩こり	かたこり
肩身	かたみ
肩入れ	かたいれ
肩幅	かたはば
見せ掛け	みせかけ
見世物	みせもの
見解	けんかい
見学	けんがく
見殺し	みごろし
見事	みごと
見識	けんしき
見出し語	みだしご
見切り	みきり
見知らぬ	みしらぬ
見地	けんち
見当	けんとう
見物	けんぶつ
見物人	けんぶつにん
見聞	けんぶん
見聞き	みきき
見返り	みかえり
見方	みかた
見本	みほん
見本市	みほんいち
見劣り	みおとり
謙虚	けんきょ
謙遜	けんそん
賢者	けんじゃ
賢人	けんじん
賢母	けんぼ
賢明	けんめい
軒	のき
軒下	のきした
軒先	のきさき
軒並み	のきなみ
遣唐使	けんとうし
鍵	かぎ
鍵盤	けんばん
険悪	けんあく
顕在	けんざい
顕彰	けんしょう
顕著	けんちょ
顕微鏡	けんびきょう
元	もと
元より	もとより
元気	げんき
元号	げんごう
元手	もとで
元首	げんしゅ
元帥	げんすい
元祖	がんそ
元旦	がんたん
元帳	もとちょう
元通り	もとどおり
元締め	もとじめ
元日	がんじつ
元年	がんねん
元本	がんぽん
元来	がんらい
元老	げんろう
元禄	げんろく
原	はら
原っぱ	はらっぱ
原案	げんあん
原因	げんいん
原画	げんが
原義	げんぎ
原型	げんけい
原形	げんけい
原語	げんご
原稿	げんこう
原稿用紙	げんこうようし
原告	げんこく
原材料	げんざいりょう
原作	げんさく
原産	げんさん
原産地	げんさんち
原始	げんし
原始人	げんしじん
原子	げんし
原子核	げんしかく
原子爆弾	げんしばくだん
原子力	げんしりょく
原子炉	げんしろ
原紙	げんし
原種	げんしゅ
原住民	げんじゅうみん
原書	げんしょ
原色	げんしょく
原審	げんしん
原人	げんじん
原水爆	げんすいばく
原寸	げんすん
原生	げんせい
原潜	げんせん
原則	げんそく
原著	げんちょ
原典	げんてん
原点	げんてん
原動機	げんどうき
原動力	げんどうりょく
原爆	げんばく
原発	げんぱつ
原判決	げんはんけつ
原版	げんぱん
原付	げんつき
原文	げんぶん
原簿	げんぼ
原本	げんぽん
原木	げんぼく
原野	げんや
原油	げんゆ
原理	げんり
原料	げんりょう
厳か	おごそか
厳戒	げんかい
厳格	げんかく
厳寒	げんかん
厳禁	げんきん
厳守	げんしゅ
厳重	げんじゅう
厳粛	げんしゅく
厳正	げんせい
厳選	げんせん
厳然	げんぜん
厳冬	げんとう
厳罰	げんばつ
厳密	げんみつ
幻	まぼろし
幻影	げんえい
幻覚	げんかく
幻想	げんそう
幻滅	げんめつ
幻惑	げんわく
弦楽	げんがく
弦楽器	げんがっき
減圧	げんあつ
減価償却	げんかしょうきゃく
減額	げんがく
減刑	げんけい
減産	げんさん
減収	げんしゅう
減少	げんしょう
減食	げんしょく
減衰	げんすい
減税	げんぜい
減速	げんそく
減退	げんたい
減点	げんてん
減配	げんぱい
減反	げんたん
減俸	げんぽう
減免	げんめん
減量	げんりょう
源	みなもと
源泉	げんせん
源流	げんりゅう
玄関	げんかん
玄人	くろうと
玄米	げんまい
現に	げんに
現況	げんきょう
現業	げんぎょう
現金	げんきん
現行	げんこう
現在	げんざい
現時点	げんじてん
現実	げんじつ
現実的	げんじつてき
現住所	げんじゅうしょ
現象	げんしょう
現場	げんば
現状	げんじょう
現職	げんしょく
現世	げんせ
現像	げんぞう
現代	げんだい
現地	げんち
現物	げんぶつ
現役	げんえき
言い回し	いいまわし
言い分	いいぶん
言い方	いいかた
言わば	いわば
言外	げんがい
言及	げんきゅう
言語	げんご
言語道断	ごんごどうだん
言行	げんこう
言質	げんち
言動	げんどう
言明	げんめい
言葉	ことば
言葉遣い	ことばづかい
言論	げんろん
諺	ことわざ
限界	げんかい
限定	げんてい
限度	げんど
限度額	げんどがく
個	こ
個室	こしつ
個人	こじん
個人差	こじんさ
個人主義	こじんしゅぎ
個人的	こじんてき
個性	こせい
個性的	こせいてき
個体	こたい
個展	こてん
個別	こべつ
古	いにしえ
古語	こご
古豪	こごう
古今	ここん
古参	こさん
古式	こしき
古手	ふるて
古書	こしょ
古城	こじょう
古生物	こせいぶつ
古巣	ふるす
古代	こだい
古着	ふるぎ
古典	こてん
古典的	こてんてき
古都	こと
古風	こふう
古墳	こふん
古米	こまい
古本屋	ふるほんや
古木	こぼく
古来	こらい
古老	ころう
呼び捨て	よびすて
呼び水	よびみず
呼び声	よびごえ
呼応	こおう
呼吸	こきゅう
呼吸器	こきゅうき
呼称	こしょう
固化	こか
固形	こけい
固辞	こじ
固体	こたい
固定	こてい
固定観念	こていかんねん
固定資産	こていしさん
固有	こゆう
固有名詞	こゆうめいし
姑	しゅうとめ
姑息	こそく
孤児	こじ
孤児院	こじいん
孤島	ことう
孤独	こどく
孤立	こりつ
己	おのれ
戸	と
戸外	こがい
戸口	とぐち
戸数	こすう
戸籍	こせき
戸棚	とだな
戸締まり	とじまり
戸板	といた
戸別	こべつ
故に	ゆえに
故意	こい
故国	ここく
故事	こじ
故障	こしょう
故人	こじん
枯れ枝	かれえだ
枯死	こし
湖	みずうみ
湖沼	こしょう
湖水	こすい
湖畔	こはん
狐	きつね
糊	のり
袴	はかま
股	また
胡坐	あぐら
胡桃	くるみ
胡麻	ごま
胡椒	こしょう
虎	とら
誇示	こじ
誇大	こだい
誇張	こちょう
雇用	こよう
顧問	こもん
鼓動	こどう
鼓舞	こぶ
鼓膜	こまく
五	ご
五つ	いつつ
五感	ごかん
五月晴れ	さつきばれ
五十音	ごじゅうおん
五十三次	ごじゅうさんつぎ
五人組	ごにんぐみ
五線	ごせん
五線譜	ごせんふ
五体	ごたい
五分	ごぶ
五分五分	ごぶごぶ
五目	ごもく
互い	たがい
互いに	たがいに
互い違い	たがいちがい
互角	ごかく
互換	ごかん
互助	ごじょ
互選	ごせん
伍長	ごちょう
午	うま
午後	ごご
午前	ごぜん
午前中	ごぜんちゅう
呉れ呉れも	くれぐれも
呉越同舟	ごえつどうしゅう
呉服	ごふく
娯楽	ごらく
後	あと
後ろ	うしろ
後ろ姿	うしろすがた
後ろ盾	うしろだて
後遺症	こういしょう
後援	こうえん
後押し	あとおし
後回し	あとまわし
後悔	こうかい
後期	こうき
後記	こうき
後継	こうけい
後見	こうけん
後ろ向き	うしろむき
後妻	ごさい
後始末	あとしまつ
後者	こうしゃ
後手	ごて
後書き	あとがき
後進国	こうしんこく
後世	こうせい
後生大事	ごしょうだいじ
後続	こうぞく
後退	こうたい
後追い	あとおい
後天的	こうてんてき
後日	ごじつ
後任	こうにん
後年	こうねん
後輩	こうはい
後発	こうはつ
後半	こうはん
後半生	こうはんせい
後部	こうぶ
後払い	あとばらい
後片付け	あとかたづけ
後編	こうへん
後方	こうほう
後味	あとあじ
後戻り	あともどり
後列	こうれつ
御	ご
お陰で	おかげで
お陰様で	おかげさまで
御苑	ぎょえん
ご協力	ごきょうりょく
御社	おんしゃ
ご主人	ごしゅじん
御所	ごしょ
御神籤	おみくじ
お節介	おせっかい
おせち料理	おせちりょうり
御曹司	おんぞうし
ご馳走様	ごちそうさま
御中	おんちゅう
お中元	おちゅうげん
お釣り	おつり
御殿	ごてん
お年玉	おとしだま
ご飯	ごはん
ご無沙汰	ごぶさた
御免	ごめん
ごめん下さい	ごめんください
御目出度う	おめでとう
神輿	みこし
御用	ごよう
ご覧	ごらん
お礼	おれい
ご連絡	ごれんらく
お襁褓	おむつ
碁	ご
碁盤	ごばん
語	ご
語り口	かたりくち
語り手	かたりて
語学	ごがく
語感	ごかん
語気	ごき
語句	ごく
語源	ごげん
語数	ごすう
語尾	ごび
語法	ごほう
語録	ごろく
語彙	ごい
誤解	ごかい
誤差	ごさ
誤算	ごさん
誤字	ごじ
誤植	ごしょく
誤診	ごしん
誤認	ごにん
誤報	ごほう
誤訳	ごやく
誤用	ごよう
護衛	ごえい
護岸	ごがん
護憲	ごけん
護持	ごじ
護身	ごしん
護送	ごそう
乞食	こじき
鯉	こい
交易	こうえき
交感神経	こうかんしんけい
交換	こうかん
交換手	こうかんしゅ
交歓	こうかん
交響楽団	こうきょうがくだん
交響曲	こうきょうきょく
交互	こうご
交差	こうさ
交際	こうさい
交際費	こうさいひ
交錯	こうさく
交渉	こうしょう
交信	こうしん
交戦	こうせん
交戦国	こうせんこく
交通	こうつう
交通機関	こうつうきかん
交通事故	こうつうじこ
交通費	こうつうひ
交通網	こうつうもう
交配	こうはい
交番	こうばん
交尾	こうび
交付	こうふ
交友	こうゆう
交遊	こうゆう
交流	こうりゅう
侯爵	こうしゃく
候補	こうほ
候補者	こうほしゃ
光	ひかり
光栄	こうえい
光学	こうがく
光輝	こうき
光景	こうけい
光源	こうげん
光合成	こうごうせい
光彩	こうさい
光線	こうせん
光速	こうそく
光沢	こうたく
光熱費	こうねつひ
光年	こうねん
光明	こうみょう
公	おおやけ
公安	こうあん
公営	こうえい
公益	こうえき
公益法人	こうえきほうじん
公園	こうえん
公演	こうえん
公家	くげ
公会	こうかい
公会堂	こうかいどう
公海	こうかい
公開	こうかい
公害	こうがい
公館	こうかん
公器	こうき
公共	こうきょう
公共団体	こうきょうだんたい
公共料金	こうきょうりょうきん
公金	こうきん
公言	こうげん
公庫	こうこ
公告	こうこく
公債	こうさい
公算	こうさん
公使	こうし
公司	コンス
公子	こうし
公私	こうし
公示	こうじ
公式	こうしき
公社	こうしゃ
公社債	こうしゃさい
公爵	こうしゃく
公衆	こうしゅう
公衆衛生	こうしゅうえいせい
公衆電話	こうしゅうでんわ
公称	こうしょう
公証人	こうしょうにん
公職	こうしょく
公人	こうじん
公正	こうせい
公正証書	こうせいしょうしょ
公設	こうせつ
公選	こうせん
公然	こうぜん
公訴	こうそ
公団	こうだん
公聴会	こうちょうかい
公定	こうてい
公邸	こうてい
公的	こうてき
公電	こうでん
公党	こうとう
公道	こうどう
公認	こうにん
公認会計士	こうにんかいけいし
公判	こうはん
公費	こうひ
公表	こうひょう
公布	こうふ
公文	こうぶん
公文書	こうぶんしょ
公平	こうへい
公募	こうぼ
公報	こうほう
公僕	こうぼく
公民	こうみん
公民館	こうみんかん
公民権	こうみんけん
公務	こうむ
公務員	こうむいん
公明	こうめい
公明正大	こうめいせいだい
公約	こうやく
公有	こうゆう
公用	こうよう
公用文	こうようぶん
公立	こうりつ
公論	こうろん
功罪	こうざい
功績	こうせき
功名	こうみょう
功労	こうろう
効果	こうか
効果的	こうかてき
効能	こうのう
効用	こうよう
効率	こうりつ
効率的	こうりつてき
効力	こうりょく
勾配	こうばい
厚さ	あつさ
厚意	こうい
厚化粧	あつげしょう
厚遇	こうぐう
厚紙	あつがみ
厚手	あつで
厚生	こうせい
厚生省	こうせいしょう
厚生年金	こうせいねんきん
厚相	こうしょう
厚着	あつぎ
厚板	あついた
厚み	あつみ
口	くち
口コミ	くちコミ
口火	くちび
口角	こうかく
口金	くちがね
口径	こうけい
口語	こうご
口紅	くちべに
口座	こうざ
口止め	くちどめ
口実	こうじつ
口臭	こうしゅう
口出し	くちだし
口述	こうじゅつ
口上	こうじょう
口ぶり	くちぶり
口切り	くちきり
口先	くちさき
口中	こうちゅう
口調	くちょう
口笛	くちぶえ
口当たり	くちあたり
口答え	くちごたえ
口頭	こうとう
口内炎	こうないえん
口癖	くちぐせ
口約束	くちやくそく
口利き	くちきき
口論	こうろん
向こう	むこう
向学心	こうがくしん
向後	こうご
向上	こうじょう
坑口	こうこう
坑道	こうどう
坑内	こうない
垢	あか
いい加減	いいかげん
好き	すき
好き嫌い	すききらい
好意	こうい
好演	こうえん
好感	こうかん
好奇心	こうきしん
好機	こうき
好況	こうきょう
好色	こうしょく
好調	こうちょう
好転	こうてん
好都合	こうつごう
好投	こうとう
好評	こうひょう
好物	こうぶつ
好例	こうれい
孔子	こうし
孔雀	くじゃく
孝行	こうこう
工員	こういん
工科	こうか
工学	こうがく
工業	こうぎょう
工具	こうぐ
工芸	こうげい
工作	こうさく
工作機械	こうさくきかい
工事	こうじ
工事中	こうじちゅう
工賃	こうちん
工程	こうてい
工費	こうひ
工夫	くふう
工兵	こうへい
工法	こうほう
工房	こうぼう
工務	こうむ
工面	くめん
巧み	たくみ
巧者	こうしゃ
巧拙	こうせつ
巧妙	こうみょう
巷	ちまた
幸い	さいわい
幸福	こうふく
広さ	ひろさ
広域	こういき
広角	こうかく
広義	こうぎ
広告	こうこく
広州	こうしゅう
広場	ひろば
広大	こうだい
広東	カントン
広範	こうはん
広範囲	こうはんい
広野	こうや
恒久	こうきゅう
恒常	こうじょう
恒星	こうせい
恒例	こうれい
抗議	こうぎ
抗菌	こうきん
抗原	こうげん
抗生物質	こうせいぶっしつ
抗争	こうそう
抗体	こうたい
抗日	こうにち
抗弁	こうべん
拘禁	こうきん
拘束	こうそく
拘置	こうち
拘置所	こうちしょ
拘留	こうりゅう
控えめ	ひかえめ
控除	こうじょ
控訴	こうそ
攻撃	こうげき
攻守	こうしゅ
攻勢	こうせい
攻防	こうぼう
攻略	こうりゃく
更に	さらに
更衣室	こういしつ
更改	こうかい
更新	こうしん
更正	こうせい
更生	こうせい
更迭	こうてつ
更年期	こうねんき
杭	くい
校医	こうい
校閲	こうえつ
校歌	こうか
校外	こうがい
校旗	こうき
校舎	こうしゃ
校章	こうしょう
校正	こうせい
校則	こうそく
校長	こうちょう
校庭	こうてい
校内	こうない
校門	こうもん
校友	こうゆう
梗塞	こうそく
構図	こうず
構成	こうせい
構想	こうそう
構造	こうぞう
構築	こうちく
構内	こうない
江	え
江戸	えど
江戸っ子	えどっこ
江戸時代	えどじだい
洪水	こうずい
港	みなと
港内	こうない
港湾	こうわん
甲乙	こうおつ
甲種	こうしゅ
甲状腺	こうじょうせん
甲斐	かい
甲羅	こうら
甲冑	かっちゅう
皇位	こうい
皇居	こうきょ
皇后	こうごう
皇子	おうじ
皇室	こうしつ
皇女	こうじょ
皇族	こうぞく
皇太后	こうたいごう
皇太子	こうたいし
皇太子妃	こうたいしひ
皇帝	こうてい
硬化	こうか
硬貨	こうか
硬骨	こうこつ
硬式	こうしき
硬質	こうしつ
硬直	こうちょく
硬度	こうど
硬軟	こうなん
硬派	こうは
稿	こう
稿料	こうりょう
紅花	べにばな
紅海	こうかい
紅茶	こうちゃ
紅梅	こうばい
紅白	こうはく
絞殺	こうさつ
絞首刑	こうしゅけい
綱	つな
綱引き	つなひき
綱紀	こうき
綱紀粛正	こうきしゅくせい
綱渡り	つなわたり
綱領	こうりょう
耕作	こうさく
耕地	こうち
考えてみれば	かんがえてみれば
考え方	かんがえかた
考案	こうあん
考古学	こうこがく
考査	こうさ
考察	こうさつ
考証	こうしょう
考慮	こうりょ
肯定	こうてい
航海	こうかい
航空	こうくう
航空会社	こうくうがいしゃ
航空機	こうくうき
航空券	こうくうけん
航空便	こうくうびん
航空母艦	こうくうぼかん
航行	こうこう
航跡	こうせき
航法	こうほう
航路	こうろ
荒稼ぎ	あらかせぎ
荒海	あらうみ
荒城	こうじょう
荒天	こうてん
荒唐無稽	こうとうむけい
荒波	あらなみ
荒廃	こうはい
荒木	あらき
行	ぎょう
行き先	いきさき
行く手	ゆくて
行ったり来たり	いったりきたり
行為	こうい
行員	こういん
行革	ぎょうかく
行楽	こうらく
行間	ぎょうかん
行儀	ぎょうぎ
行脚	あんぎゃ
行使	こうし
行司	ぎょうじ
行事	ぎょうじ
行者	ぎょうじゃ
行書	ぎょうしょ
行商	ぎょうしょう
行進	こうしん
行き成り	いきなり
行政	ぎょうせい
行政官	ぎょうせいかん
行程	こうてい
行動	こうどう
行方	ゆくえ
行方不明	ゆくえふめい
行列	ぎょうれつ
講演	こうえん
講演会	こうえんかい
講義	こうぎ
講座	こうざ
講師	こうし
講習	こうしゅう
講談	こうだん
講堂	こうどう
講評	こうひょう
講話	こうわ
貢献	こうけん
購読	こうどく
購入	こうにゅう
購買	こうばい
購買力	こうばいりょく
郊外	こうがい
酵素	こうそ
酵母	こうぼ
鉱業	こうぎょう
鉱山	こうざん
鉱床	こうしょう
鉱石	こうせき
鉱物	こうぶつ
鉱脈	こうみゃく
鋼	はがね
鋼管	こうかん
鋼材	こうざい
鋼鉄	こうてつ
降雨	こうう
降下	こうか
降参	こうさん
降水	こうすい
降水量	こうすいりょう
降雪	こうせつ
降伏	こうふく
項目	こうもく
香気	こうき
香港	ホンコン
香辛料	こうしんりょう
香水	こうすい
香典	こうでん
香味	こうみ
香料	こうりょう
香炉	こうろ
高さ	たかさ
高圧	こうあつ
高位	こうい
高温	こうおん
高音	こうおん
高価	こうか
高架	こうか
高額	こうがく
高官	こうかん
高感度	こうかんど
高機能	こうきのう
高気圧	こうきあつ
高貴	こうき
高級	こうきゅう
高給	こうきゅう
高空	こうくう
高潔	こうけつ
高血圧	こうけつあつ
高血圧症	こうけつあつしょう
高見	こうけん
高原	こうげん
高校	こうこう
高校生	こうこうせい
高山	こうざん
高山病	こうざんびょう
高射特科	こうしゃとっか
高射砲	こうしゃほう
高周波	こうしゅうは
高尚	こうしょう
高水準	こうすいじゅん
高性能	こうせいのう
高精度	こうせいど
高専	こうせん
高僧	こうそう
高層	こうそう
高速	こうそく
高速道路	こうそくどうろ
高卒	こうそつ
高台	たかだい
高値	たかね
高地	こうち
高潮	たかしお
高低	こうてい
高度	こうど
高等	こうとう
高等学校	こうとうがっこう
高騰	こうとう
高熱	こうねつ
高波	たかなみ
高配	こうはい
高飛車	たかびしゃ
高品質	こうひんしつ
高峰	こうほう
高密度	こうみつど
高野豆腐	こうやどうふ
高揚	こうよう
高齢	こうれい
剛毅	ごうき
剛健	ごうけん
号	ごう
号外	ごうがい
号泣	ごうきゅう
号車	ごうしゃ
号数	ごうすう
号砲	ごうほう
号令	ごうれい
合いの手	あいのて
合意	ごうい
合羽	カッパ
合格	ごうかく
合間	あいま
合議	ごうぎ
合金	ごうきん
合計	ごうけい
合憲	ごうけん
合作	がっさく
合算	がっさん
合従連衡	がっしょうれんこう
合宿	がっしゅく
合唱	がっしょう
合唱団	がっしょうだん
合掌	がっしょう
合図	あいず
合成	ごうせい
合成語	ごうせいご
合成樹脂	ごうせいじゅし
合成繊維	ごうせいせんい
合戦	かっせん
合奏	がっそう
合体	がったい
合致	がっち
合同	ごうどう
合否	ごうひ
合併症	がっぺいしょう
合弁	ごうべん
合法	ごうほう
合法的	ごうほうてき
合理	ごうり
合理化	ごうりか
合理的	ごうりてき
合流	ごうりゅう
合力	ごうりょく
合祀	ごうし
拷問	ごうもん
豪雨	ごうう
豪華	ごうか
豪華版	ごうかばん
豪快	ごうかい
豪傑	ごうけつ
豪語	ごうご
豪商	ごうしょう
豪雪	ごうせつ
豪族	ごうぞく
豪放	ごうほう
麹	こうじ
克服	こくふく
克明	こくめい
刻	こく
刻一刻	こくいっこく
刻印	こくいん
告示	こくじ
告訴	こくそ
告知	こくち
告白	こくはく
告発	こくはつ
告別	こくべつ
国威	こくい
国営	こくえい
国益	こくえき
国王	こくおう
国家	こっか
国歌	こっか
国花	こっか
国会	こっかい
国会議員	こっかいぎいん
国会議事堂	こっかいぎじどう
国外	こくがい
国旗	こっき
国技	こくぎ
国境	こっきょう
国教	こっきょう
国慶節	こっけいせつ
国庫	こっこ
国語	こくご
国交	こっこう
国債	こくさい
国際	こくさい
国際化	こくさいか
国際的	こくさいてき
国際法	こくさいほう
国策	こくさく
国産	こくさん
国史	こくし
国士	こくし
国事	こくじ
国書	こくしょ
国粋	こくすい
国粋主義	こくすいしゅぎ
国是	こくぜ
国勢	こくせい
国政	こくせい
国税	こくぜい
国税局	こくぜいきょく
国税庁	こくぜいちょう
国籍	こくせき
国葬	こくそう
国定	こくてい
国鉄	こくてつ
国電	こくでん
国土	こくど
国道	こくどう
国内	こくない
国費	こくひ
国賓	こくひん
国富	くにとみ
国文	こくぶん
国宝	こくほう
国防	こくぼう
国民	こくみん
国民宿舎	こくみんしゅくしゃ
国民総生産	こくみんそうせいさん
国民投票	こくみんとうひょう
国務	こくむ
国務省	こくむしょう
国務大臣	こくむだいじん
国務長官	こくむちょうかん
国名	こくめい
国有	こくゆう
国立	こくりつ
国連	こくれん
穀倉	こくそう
穀物	こくもつ
穀類	こくるい
酷寒	こっかん
酷使	こくし
酷似	こくじ
酷暑	こくしょ
酷評	こくひょう
黒	くろ
黒い霧	くろいきり
黒鉛	こくえん
黒海	こっかい
黒光り	くろびかり
黒砂糖	くろざとう
黒山	くろやま
黒子	ほくろ
黒字	くろじ
黒松	くろまつ
黒色	くろいろ
黒人	こくじん
黒星	くろぼし
黒船	くろふね
黒地	くろじ
黒潮	くろしお
黒点	こくてん
黒塗り	くろぬり
黒土	くろつち
黒猫	くろねこ
黒板	こくばん
黒幕	くろまく
黒木	くろき
黒曜石	こくようせき
獄中	ごくちゅう
腰	こし
腰痛	ようつう
腰部	ようぶ
忽ち	たちまち
骨	ほね
骨格	こっかく
骨子	こっし
骨髄	こつずい
骨折	こっせつ
骨粗鬆症	こつそしょうしょう
骨組み	ほねぐみ
骨董	こっとう
骨肉	こつにく
骨抜き	ほねぬき
骨盤	こつばん
此処	ここ
今	いま
今に	いまに
今にも	いまにも
今や	いまや
今一	いまいち
今夏	こんか
今回	こんかい
今期	こんき
今月	こんげつ
今後	こんご
今更	いまさら
今頃	いまごろ
今時	いまどき
今秋	こんしゅう
今週	こんしゅう
今春	こんしゅん
今宵	こよい
今度	こんど
今日は	きょうは
今日的	こんにちてき
今般	こんぱん
今晩	こんばん
今晩は	こんばんは
今風	いまふう
今夜	こんや
今様	いまよう
困窮	こんきゅう
困難	こんなん
困惑	こんわく
婚姻	こんいん
婚儀	こんぎ
婚約	こんやく
婚礼	こんれい
懇意	こんい
懇願	こんがん
懇親	こんしん
懇請	こんせい
懇切	こんせつ
懇談	こんだん
懇話	こんわ
昏睡	こんすい
昆虫	こんちゅう
根	ね
根掘り葉掘り	ねほりはほり
根回し	ねまわし
根幹	こんかん
根気	こんき
根拠	こんきょ
根拠地	こんきょち
根源	こんげん
根治	こんじ
根城	ねじろ
根性	こんじょう
根絶	こんぜつ
根底	こんてい
根負け	こんまけ
根本的	こんぽんてき
梱包	こんぽう
混ぜ物	まぜもの
混血	こんけつ
混合	こんごう
混在	こんざい
混雑	こんざつ
混信	こんしん
混成	こんせい
混声	こんせい
混戦	こんせん
混同	こんどう
混沌	こんとん
混入	こんにゅう
混紡	こんぼう
混迷	こんめい
混乱	こんらん
痕跡	こんせき
紺	こん
紺碧	こんぺき
魂胆	こんたん
些細	ささい
左	ひだり
左右	さゆう
左官	さかん
左岸	さがん
左記	さき
左舷	さげん
左手	ひだりて
左上	ひだりうえ
左折	させつ
左遷	させん
左前	ひだりまえ
左足	ひだりあし
左党	さとう
左派	さは
左様なら	さようなら
左翼	さよく
差	さ
差し引き	さしひき
差し止め	さしとめ
差し当たり	さしあたり
差異	さい
差益	さえき
差額	さがく
差別	さべつ
査察	ささつ
査証	さしょう
査定	さてい
査問	さもん
沙汰	さた
砂	すな
砂岩	さがん
砂丘	さきゅう
砂時計	すなどけい
砂場	すなば
砂地	すなち
砂糖	さとう
砂浜	すなはま
砂防	さぼう
砂利	じゃり
詐欺	さぎ
詐欺師	さぎし
詐取	さしゅ
詐称	さしょう
鎖	くさり
鎖国	さこく
鎖骨	さこつ
座	ざ
座右	ざゆう
座席	ざせき
座禅	ざぜん
座談会	ざだんかい
座長	ざちょう
座標軸	ざひょうじく
座布団	ざぶとん
座敷	ざしき
挫傷	ざしょう
挫折	ざせつ
債	さい
債券	さいけん
債権	さいけん
債務	さいむ
催し物	もよおしもの
催促	さいそく
催眠	さいみん
催眠術	さいみんじゅつ
再	さい
再び	ふたたび
再演	さいえん
再会	さいかい
再開	さいかい
再確認	さいかくにん
再起	さいき
再起動	さいきどう
再興	さいこう
再建	さいけん
再検討	さいけんとう
再現	さいげん
再考	さいこう
再婚	さいこん
再三	さいさん
再出発	さいしゅっぱつ
再審	さいしん
再生	さいせい
再生産	さいせいさん
再選	さいせん
再調査	さいちょうさ
再度	さいど
再読	さいどく
再任	さいにん
再燃	さいねん
再配置	さいはいち
再発	さいはつ
再版	さいはん
再犯	さいはん
再販	さいはん
再分配	さいぶんぱい
再編	さいへん
再保険	さいほけん
再来	さいらい
再来月	さらいげつ
再来週	さらいしゅう
再来年	さらいねん
再録	さいろく
最も	もっとも
最愛	さいあい
最悪	さいあく
最寄り	もより
最期	さいご
最強	さいきょう
最近	さいきん
最古	さいこ
最後	さいご
最高	さいこう
最高裁	さいこうさい
最高潮	さいこうちょう
最高峰	さいこうほう
最終	さいしゅう
最初	さいしょ
最小	さいしょう
最小限	さいしょうげん
最小限度	さいしょうげんど
最少	さいしょう
最新	さいしん
最盛期	さいせいき
最先端	さいせんたん
最前線	さいぜんせん
最善	さいぜん
最早	もはや
最大	さいだい
最短	さいたん
最低	さいてい
最低限	さいていげん
最適	さいてき
最良	さいりょう
妻	つま
妻子	さいし
妻帯	さいたい
宰相	さいしょう
彩色	さいしき
才覚	さいかく
才気	さいき
才人	さいじん
才能	さいのう
採掘	さいくつ
採決	さいけつ
採血	さいけつ
採算	さいさん
採取	さいしゅ
採集	さいしゅう
採択	さいたく
採炭	さいたん
採点	さいてん
採否	さいひ
採用	さいよう
栽培	さいばい
歳	さい
歳月	さいげつ
歳出	さいしゅつ
歳入	さいにゅう
歳費	さいひ
歳暮	せいぼ
歳末	さいまつ
済みません	すみません
災い	わざわい
災害	さいがい
災難	さいなん
砕石	さいせき
祭神	さいじん
祭壇	さいだん
祭典	さいてん
祭日	さいじつ
祭礼	さいれい
祭祀	さいし
斎場	さいじょう
細々	ほそぼそ
細やか	ささやか
細菌	さいきん
細工	さいく
細心	さいしん
細身	ほそみ
細雪	ささめゆき
細部	さいぶ
細分	さいぶん
細胞	さいぼう
細密	さいみつ
細面	ほそおもて
細目	さいもく
菜園	さいえん
菜種	なたね
菜食	さいしょく
裁決	さいけつ
裁断	さいだん
裁判	さいばん
裁判官	さいばんかん
裁判所	さいばんしょ
裁縫	さいほう
裁量	さいりょう
際	さい
際限	さいげん
有る	ある
在位	ざいい
在外	ざいがい
在学	ざいがく
在庫	ざいこ
在住	ざいじゅう
在職	ざいしょく
在籍	ざいせき
在宅	ざいたく
在日	ざいにち
在任	ざいにん
在来	ざいらい
在留	ざいりゅう
材質	ざいしつ
材木	ざいもく
材料	ざいりょう
罪	つみ
罪悪	ざいあく
罪状	ざいじょう
罪人	ざいにん
財	ざい
財界	ざいかい
財源	ざいげん
財産	ざいさん
財政	ざいせい
財政難	ざいせいなん
財団	ざいだん
財団法人	ざいだんほうじん
財閥	ざいばつ
財布	さいふ
財宝	ざいほう
財務	ざいむ
財力	ざいりょく
坂	さか
坂道	さかみち
阪神	はんしん
崎	さき
作	さく
造り酒屋	つくりざかや
作り笑い	つくりわらい
作り物	つくりもの
作り話	つくりばなし
作為	さくい
作家	さっか
作歌	さっか
作業	さぎょう
作曲	さっきょく
作曲家	さっきょくか
作詞	さくし
作詩	さくし
作者	さくしゃ
作成	さくせい
作製	さくせい
作戦	さくせん
作動	さどう
作品	さくひん
作風	さくふう
作物	さくもつ
作文	さくぶん
作柄	さくがら
作法	さほう
作用	さよう
削り節	けずりぶし
削減	さくげん
削除	さくじょ
搾取	さくしゅ
搾乳	さくにゅう
昨今	さっこん
昨春	さくしゅん
昨年	さくねん
昨晩	さくばん
柵	さく
策	さく
策士	さくし
策定	さくてい
策謀	さくぼう
策略	さくりゃく
索引	さくいん
錯覚	さっかく
錯誤	さくご
錯綜	さくそう
錯乱	さくらん
桜ん坊	さくらんぼ
冊	さつ
冊子	さっし
草紙	そうし
冊数	さっすう
刷新	さっしん
察する	さっする
察知	さっち
撮影	さつえい
札	ふだ
札束	さつたば
殺し屋	ころしや
殺し文句	ころしもんく
殺意	さつい
殺害	さつがい
殺気	さっき
殺菌	さっきん
殺傷	さっしょう
殺人	さつじん
殺陣	たて
殺生	せっしょう
殺虫	さっちゅう
殺虫剤	さっちゅうざい
殺到	さっとう
殺風景	さっぷうけい
さつま芋	さつまいも
雑	ざつ
雑音	ざつおん
雑貨	ざっか
雑学	ざつがく
雑居	ざっきょ
雑巾	ぞうきん
雑菌	ざっきん
雑誌	ざっし
雑事	ざつじ
雑煮	ぞうに
雑種	ざっしゅ
雑炊	ぞうすい
雑草	ざっそう
雑多	ざった
雑談	ざつだん
雑費	ざっぴ
雑木	ぞうき
雑木林	ぞうきばやし
雑用	ざつよう
鯖	さば
鮫	サメ
皿	さら
皿洗い	さらあらい
三つ	みっつ
三つ折り	みつおり
三位一体	さんみいったい
三が日	さんがにち
三回	さんかい
三角	さんかく
三角関係	さんかくかんけい
三脚	さんきゃく
三曲	さんきょく
三軍	さんぐん
三権	さんけん
三校	さんこう
三佐	さんさ
三尺	さんじゃく
三重殺	さんじゅうさつ
三重奏	さんじゅうそう
三春	みはる
三女	さんじょ
三省	さんせい
三色	さんしょく
三食	さんしょく
三振	さんしん
三人	さんにん
三選	さんせん
三体	さんたい
三男	さんなん
三等	さんとう
三日月	みかづき
三拍子	さんびょうし
三文	さんもん
三本	さんぼん
三昧	さんまい
三枚	さんまい
三枚目	さんまいめ
三面	さんめん
三役	さんやく
三流	さんりゅう
三輪	さんりん
三輪車	さんりんしゃ
三塁	さんるい
三塁手	さんるいしゅ
三塁打	さんるいだ
傘	かさ
傘下	さんか
参院	さんいん
参加	さんか
参加者	さんかしゃ
参画	さんかく
参賀	さんが
参会	さんかい
参観	さんかん
参議院	さんぎいん
参宮	さんぐう
参詣	さんけい
参考	さんこう
参考書	さんこうしょ
参事	さんじ
参事官	さんじかん
参集	さんしゅう
参照	さんしょう
参政権	さんせいけん
参戦	さんせん
参道	さんどう
参入	さんにゅう
参拝	さんぱい
参謀	さんぼう
参与	さんよ
参列	さんれつ
山	やま
山葵	わさび
山陰	やまかげ
山奥	やまおく
山火事	やまかじ
山岳	さんがく
山間	さんかん
山菜	さんさい
山桜	やまざくら
山寺	やまでら
山車	だし
山小屋	やまごや
山上	やまがみ
山水	さんすい
山川	さんせん
山荘	さんそう
山賊	さんぞく
山地	さんち
山頂	さんちょう
山登り	やまのぼり
山道	やまみち
山猫	やまねこ
山肌	やまはだ
山伏	やまぶし
山腹	さんぷく
山分け	やまわけ
山並み	やまなみ
山崩れ	やまくずれ
山脈	さんみゃく
山林	さんりん
惨め	みじめ
惨禍	さんか
惨劇	さんげき
惨殺	ざんさつ
惨事	さんじ
惨状	さんじょう
散会	さんかい
散見	さんけん
散在	さんざい
散策	さんさく
散水	さんすい
散弾	さんだん
散発	さんぱつ
散髪	さんぱつ
散布	さんぷ
散文	さんぶん
散歩	さんぽ
散漫	さんまん
散乱	さんらん
桟橋	さんばし
桟敷	さじき
珊瑚	さんご
産院	さんいん
産科	さんか
産休	さんきゅう
産業	さんぎょう
産業機械	さんぎょうきかい
産後	さんご
産児制限	さんじせいげん
産出	さんしゅつ
産地	さんち
産婦人科	さんふじんか
産物	さんぶつ
産卵	さんらん
算出	さんしゅつ
算数	さんすう
算定	さんてい
蚕糸	さんし
賛歌	さんか
賛辞	さんじ
賛助	さんじょ
賛成	さんせい
賛同	さんどう
賛否	さんぴ
賛美	さんび
酸	さん
酸化	さんか
酸化防止剤	さんかぼうしざい
酸性	さんせい
酸素	さんそ
酸味	さんみ
斬新	ざんしん
暫く	しばらく
暫定	ざんてい
残虐	ざんぎゃく
残業	ざんぎょう
残金	ざんきん
残高	ざんだか
残酷	ざんこく
残暑	ざんしょ
残像	ざんぞう
残存	ざんぞん
残忍	ざんにん
残念	ざんねん
残飯	ざんぱん
残務	ざんむ
残留	ざんりゅう
仕業	しわざ
仕事	しごと
仕事師	しごとし
仕事場	しごとば
仕事中	しごとちゅう
仕事柄	しごとがら
仕手	して
仕手株	してかぶ
仕出し	しだし
仕草	しぐさ
仕送り	しおくり
仕打ち	しうち
仕入れ先	しいれさき
仕返し	しかえし
仕様	しよう
仕様書	しようしょ
使い手	つかいて
使い道	つかいみち
使い物	つかいもの
使い方	つかいかた
使者	ししゃ
使節	しせつ
使徒	しと
使途	しと
使命	しめい
使用	しよう
使用済み	しようずみ
使用者	しようしゃ
使用人	しようにん
使用料	しようりょう
刺し網	さしあみ
刺殺	しさつ
刺繍	ししゅう
刺身	さしみ
司会	しかい
司会者	しかいしゃ
司教	しきょう
司書	ししょ
司法	しほう
司法権	しほうけん
司令	しれい
司令官	しれいかん
司令部	しれいぶ
史家	しか
史学	しがく
史観	しかん
史実	しじつ
史書	ししょ
史上	しじょう
史料	しりょう
四つ	よっつ
四つ角	よつかど
四角	しかく
四季	しき
四球	しきゅう
四苦八苦	しくはっく
四隅	よすみ
四国	しこく
四肢	しし
四捨五入	ししゃごにゅう
四重奏	しじゅうそう
四畳半	よじょうはん
四川	しせん
四半期	しはんき
四分五裂	しぶんごれつ
四方	しほう
四輪車	よんりんしゃ
四六時中	しろくじちゅう
士官	しかん
士気	しき
初めに	はじめに
始業	しぎょう
始終	しじゅう
始祖	しそ
始動	しどう
始発	しはつ
始末	しまつ
姉	あね
姉さん	ねえさん
姿	すがた
姿勢	しせい
子	こ
子育て	こそだて
子音	しいん
子会社	こがいしゃ
子宮	しきゅう
子供	こども
子供たち	こどもたち
子供用	こどもよう
子飼い	こがい
子持ち	こもち
子守	こもり
子守唄	こもりうた
子女	しじょ
子息	しそく
子孫	しそん
子弟	してい
子分	こぶん
市	いち
市井	しせい
市営	しえい
市価	しか
市会	しかい
市外	しがい
市街	しがい
市街地	しがいち
市議	しぎ
市況	しきょう
市場	いちば
市場調査	しじょうちょうさ
市制	しせい
市政	しせい
市中	しちゅう
市庁	しちょう
市町村	しちょうそん
市長	しちょう
市電	しでん
市内	しない
市販	しはん
市部	しぶ
市民	しみん
市民権	しみんけん
市役所	しやくしょ
市有	しゆう
市立	しりつ
師事	しじ
師匠	ししょう
師団	しだん
師弟	してい
師範	しはん
師範学校	しはんがっこう
志	こころざし
志願	しがん
志向	しこう
志士	しし
志望	しぼう
思いっきり	おもいっきり
思わず	おもわず
思案	しあん
思考	しこう
思索	しさく
思春期	ししゅんき
思想	しそう
思潮	しちょう
思慕	しぼ
思慮	しりょ
思惑	おもわく
指	ゆび
指圧	しあつ
指揮	しき
指揮者	しきしゃ
指揮棒	しきぼう
指向	しこう
指示	しじ
指針	ししん
指図	さしず
指数	しすう
指先	ゆびさき
指定	してい
指摘	してき
指導	しどう
指導者	しどうしゃ
指南	しなん
指標	しひょう
指名	しめい
指名手配	しめいてはい
指紋	しもん
指輪	ゆびわ
指令	しれい
支援	しえん
支給	しきゅう
支局	しきょく
支持	しじ
支社	ししゃ
支出	ししゅつ
支障	ししょう
支柱	しちゅう
支店	してん
支度	したく
支配	しはい
支部	しぶ
支流	しりゅう
施策	しさく
施錠	せじょう
施政	しせい
施設	しせつ
旨	むね
枝	えだ
枝豆	えだまめ
止血	しけつ
死	し
死因	しいん
死角	しかく
死活	しかつ
死期	しき
死球	しきゅう
死去	しきょ
死刑	しけい
死刑囚	しけいしゅう
死後	しご
死語	しご
死産	しざん
死者	ししゃ
死傷者	ししょうしゃ
死人	しにん
死体	したい
死闘	しとう
死別	しべつ
死亡	しぼう
死亡者	しぼうしゃ
死亡率	しぼうりつ
氏子	うじこ
氏神	うじがみ
氏名	しめい
獅子	しし
私	わたし
私見	しけん
私財	しざい
私自身	わたしじしん
私塾	しじゅく
私書箱	ししょばこ
私信	ししん
私生活	しせいかつ
私設	しせつ
私たち	わたしたち
私邸	してい
私的	してき
私鉄	してつ
私費	しひ
私物	しぶつ
私有	しゆう
私用	しよう
私立	しりつ
糸	いと
糸口	いとぐち
紙	かみ
紙芝居	かみしばい
紙袋	かみぶくろ
紙幣	しへい
紙面	しめん
紫	むらさき
紫外線	しがいせん
紫紺	しこん
紫色	むらさきいろ
紫陽花	あじさい
肢体	したい
脂	あぶら
脂身	あぶらみ
脂肪	しぼう
脂肪酸	しぼうさん
至って	いたって
至る所	いたるところ
至急	しきゅう
至極	しごく
至上	しじょう
至難	しなん
至福	しふく
至宝	しほう
視界	しかい
視覚	しかく
視察	しさつ
視線	しせん
視聴	しちょう
視聴覚	しちょうかく
視聴者	しちょうしゃ
視聴率	しちょうりつ
視点	してん
視野	しや
視力	しりょく
詩句	しく
詩形	しけい
詩集	ししゅう
詩情	しじょう
詩人	しじん
詩的	してき
試案	しあん
試運転	しうんてん
試金石	しきんせき
試掘	しくつ
試験	しけん
試験管	しけんかん
試行	しこう
試行錯誤	しこうさくご
試合	しあい
試作	しさく
試算	しさん
試写	ししゃ
試食	ししょく
試着	しちゃく
試薬	しやく
試用	しよう
試料	しりょう
試練	しれん
誌	し
誌上	しじょう
誌面	しめん
諮問	しもん
資格	しかく
資金	しきん
資金繰り	しきんぐり
資源	しげん
資材	しざい
資産	しさん
資質	ししつ
資本	しほん
資本金	しほんきん
資本主義	しほんしゅぎ
資料	しりょう
資力	しりょく
雌	めす
雌花	めばな
雌雄	しゆう
飼育	しいく
飼料	しりょう
歯	は
歯ブラシ	はブラシ
歯医者	はいしゃ
歯ごたえ	はごたえ
歯科	しか
歯科医	しかい
歯科医師	しかいし
歯形	はがた
歯垢	しこう
歯止め	はどめ
歯車	はぐるま
歯切れ	はぎれ
歯並び	はならび
事	こと
事業	じぎょう
事業化	じぎょうか
事業家	じぎょうか
事業所	じぎょうしょ
事件	じけん
事故	じこ
事後	じご
事項	じこう
事実	じじつ
事実上	じじつじょう
事実無根	じじつむこん
事象	じしょう
事情	じじょう
事前	じぜん
事典	じてん
事物	じぶつ
事柄	ことがら
事変	じへん
事務	じむ
事務員	じむいん
事務官	じむかん
事務局	じむきょく
事務次官	じむじかん
事務室	じむしつ
事務取扱	じむとりあつかい
事務所	じむしょ
事務総局	じむそうきょく
事務的	じむてき
事務当局	じむとうきょく
事由	じゆう
事例	じれい
似顔	にがお
似顔絵	にがおえ
侍	さむらい
侍医	じい
侍従	じじゅう
侍女	じじょ
児童	じどう
字	あざ
字引	じびき
字画	じかく
字句	じく
字形	じけい
字体	じたい
字幕	じまく
寺	てら
寺院	じいん
慈愛	じあい
慈眼	じがん
慈善	じぜん
慈悲	じひ
持ち場	もちば
持ち前	もちまえ
持久	じきゅう
持参	じさん
持続	じぞく
持病	じびょう
時	とき
時々刻々	じじこっこく
時には	ときには
時雨	しぐれ
時価	じか
時間	じかん
時間割	じかんわり
時間給	じかんきゅう
時間切れ	じかんぎれ
時間帯	じかんたい
時期	じき
時期尚早	じきしょうそう
時宜	じぎ
時給	じきゅう
時局	じきょく
時空	じくう
時計	とけい
時限	じげん
時効	じこう
時刻	じこく
時刻表	じこくひょう
時差	じさ
時勢	じせい
時節	じせつ
時速	じそく
時代	じだい
時代劇	じだいげき
時代錯誤	じだいさくご
時点	じてん
時分	じぶん
時報	じほう
次	つぎ
次いで	ついで
次のように	つぎのように
次回	じかい
次官	じかん
次期	じき
次元	じげん
次女	じじょ
次席	じせき
次善	じぜん
次代	じだい
次第	しだい
次第に	しだいに
次男	じなん
次長	じちょう
次点	じてん
滋養	じよう
治安	ちあん
治水	ちすい
治癒	ちゆ
治療	ちりょう
磁器	じき
磁気	じき
磁性	じせい
磁石	じしゃく
示唆	しさ
示談	じだん
耳	みみ
耳障り	みみざわり
耳飾り	みみかざり
耳鼻咽喉科	じびいんこうか
耳鼻科	じびか
耳目	じもく
自ずから	おのずから
自ら	みずから
自意識	じいしき
自営	じえい
自衛	じえい
自衛隊	じえいたい
自家	じか
自我	じが
自画自賛	じがじさん
自画像	じがぞう
自覚	じかく
自活	じかつ
自棄	やけ
自給	じきゅう
自給自足	じきゅうじそく
自供	じきょう
自業自得	じごうじとく
自己	じこ
自己嫌悪	じこけんお
自己紹介	じこしょうかい
自己流	じこりゅう
自国	じこく
自在	じざい
自作	じさく
自殺	じさつ
自賛	じさん
自治	じち
自治体	じちたい
自社	じしゃ
自主	じしゅ
自主的	じしゅてき
自首	じしゅ
自習	じしゅう
自粛	じしゅく
自叙伝	じじょでん
自省	じせい
自称	じしょう
自信	じしん
自身	じしん
自炊	じすい
自制	じせい
自責	じせき
自説	じせつ
自薦	じせん
自選	じせん
自前	じまえ
自然	しぜん
自然科学	しぜんかがく
自然淘汰	しぜんとうた
自尊	じそん
自他	じた
自体	じたい
自宅	じたく
自転	じてん
自転車	じてんしゃ
自伝	じでん
自動	じどう
自動化	じどうか
自動車	じどうしゃ
自動的	じどうてき
自動販売機	じどうはんばいき
自認	じにん
自賠責保険	じばいせきほけん
自白	じはく
自発	じはつ
自発的	じはつてき
自販機	じはんき
自費	じひ
自筆	じひつ
自負	じふ
自分	じぶん
自分自身	じぶんじしん
自分勝手	じぶんかって
自閉症	じへいしょう
自暴自棄	じぼうじき
自慢	じまん
自明	じめい
自滅	じめつ
自由	じゆう
自由化	じゆうか
自由業	じゆうぎょう
自由自在	じゆうじざい
自律	じりつ
自律神経	じりつしんけい
自立	じりつ
自力	じりき
自嘲	じちょう
蒔絵	まきえ
辞意	じい
辞書	じしょ
辞職	じしょく
辞退	じたい
辞任	じにん
辞表	じひょう
辞令	じれい
鹿	しか
式	しき
式次第	しきしだい
式辞	しきじ
式場	しきじょう
式典	しきてん
識見	しきけん
識字率	しきじりつ
識者	しきしゃ
識別	しきべつ
軸	じく
軸受け	じくうけ
七	しち
七つ	ななつ
七回忌	しちかいき
七五三	しちごさん
七草	ななくさ
七不思議	ななふしぎ
七福神	しちふくじん
七宝	しっぽう
七面鳥	しちめんちょう
叱咤	しった
執行	しっこう
執行猶予	しっこうゆうよ
執事	しつじ
執刀	しっとう
執念	しゅうねん
執筆	しっぴつ
執務	しつむ
執拗	しつよう
失意	しつい
失火	しっか
失格	しっかく
失脚	しっきゃく
失業	しつぎょう
失業保険	しつぎょうほけん
失禁	しっきん
失敬	しっけい
失言	しつげん
失語症	しつごしょう
失効	しっこう
失笑	しっしょう
失職	しっしょく
失政	しっせい
失跡	しっせき
失速	しっそく
失地	しっち
失調	しっちょう
失墜	しっつい
失点	しってん
失敗	しっぱい
失望	しつぼう
失明	しつめい
失礼	しつれい
失礼しました	しつれいしました
失恋	しつれん
失踪	しっそう
嫉妬	しっと
室	しつ
室温	しつおん
室長	しつちょう
室内	しつない
室内楽	しつないがく
湿気	しっけ
湿原	しつげん
湿疹	しっしん
湿地	しっち
湿度	しつど
漆	うるし
漆器	しっき
漆黒	しっこく
漆塗り	うるしぬり
疾っくに	とっくに
疾患	しっかん
疾走	しっそう
疾病	しっぺい
疾風	はやて
質	しつ
質屋	しちや
質疑	しつぎ
質素	しっそ
質的	しつてき
質問	しつもん
質量	しつりょう
実	じつ
実は	じつは
実印	じついん
実演	じつえん
実家	じっか
実害	じつがい
実感	じっかん
実況	じっきょう
実業	じつぎょう
実業家	じつぎょうか
実兄	じっけい
実験	じっけん
実験室	じっけんしつ
実現	じつげん
実効	じっこう
実行	じっこう
実際	じっさい
実在	じつざい
実施	じっし
実質	じっしつ
実質的	じっしつてき
実需	じつじゅ
実習	じっしゅう
実証	じっしょう
実証的	じっしょうてき
実数	じっすう
実績	じっせき
実践	じっせん
実測	じっそく
実存	じつぞん
実体	じったい
実態	じったい
実弾	じつだん
実地	じっち
実直	じっちょく
実費	じっぴ
実父	じっぷ
実物	じつぶつ
実母	じつぼ
実務	じつむ
実名	じつめい
実用	じつよう
実用新案	じつようしんあん
実用的	じつようてき
実利	じつり
実力	じつりょく
実力行使	じつりょくこうし
実例	じつれい
実録	じつろく
実話	じつわ
芝	しば
芝居	しばい
芝居小屋	しばいごや
芝生	しばふ
芝草	しばくさ
縞	しま
舎弟	しゃてい
舎利	しゃり
写実	しゃじつ
写植	しゃしょく
写真	しゃしん
写真屋	しゃしんや
写真家	しゃしんか
写生	しゃせい
写本	しゃほん
射撃	しゃげき
射殺	しゃさつ
射精	しゃせい
射程	しゃてい
赦免	しゃめん
斜め	ななめ
斜面	しゃめん
斜陽	しゃよう
煮干	にぼし
煮物	にもの
社員	しゃいん
社会	しゃかい
社会科学	しゃかいかがく
社会学	しゃかいがく
社会主義	しゃかいしゅぎ
社会人	しゃかいじん
社会党	しゃかいとう
社会福祉	しゃかいふくし
社会面	しゃかいめん
社外	しゃがい
社交	しゃこう
社交的	しゃこうてき
社債	しゃさい
社説	しゃせつ
社宅	しゃたく
社団法人	しゃだんほうじん
社長	しゃちょう
社内	しゃない
社名	しゃめい
社用	しゃよう
者	もの
謝意	しゃい
謝罪	しゃざい
謝辞	しゃじ
謝礼	しゃれい
車	くるま
車椅子	くるまいす
車検	しゃけん
車庫	しゃこ
車座	くるまざ
車軸	しゃじく
車種	しゃしゅ
車掌	しゃしょう
車線	しゃせん
車窓	しゃそう
車体	しゃたい
車道	しゃどう
車内	しゃない
車両	しゃりょう
車輪	しゃりん
遮断	しゃだん
蛇	へび
蛇の目	じゃのめ
蛇口	じゃぐち
蛇行	だこう
邪	よこしま
邪悪	じゃあく
邪険	じゃけん
邪道	じゃどう
邪魔	じゃま
借り換え	かりかえ
借り手	かりて
借款	しゃっかん
借金	しゃっきん
借り主	かりぬし
借地	しゃくち
借入金	かりいれきん
借用	しゃくよう
尺度	しゃくど
尺八	しゃくはち
杓子	しゃくし
灼熱	しゃくねつ
釈迦	しゃか
釈放	しゃくほう
釈明	しゃくめい
錫	すず
若さ	わかさ
若しくは	もしくは
若干	じゃっかん
若者	わかもの
若手	わかて
若人	わこうど
若造	わかぞう
若布	わかめ
若葉	わかば
弱	じゃく
弱き者	よわきもの
弱音	よわね
弱冠	じゃっかん
弱気	よわき
弱腰	よわごし
弱視	じゃくし
弱者	じゃくしゃ
弱震	じゃくしん
弱体	じゃくたい
弱虫	よわむし
弱点	じゃくてん
弱肉強食	じゃくにくきょうしょく
主	おも
主たる	しゅたる
主として	しゅとして
主に	おもに
主因	しゅいん
主演	しゅえん
主幹	しゅかん
主管	しゅかん
主観	しゅかん
主観的	しゅかんてき
主眼	しゅがん
主義	しゅぎ
主義者	しゅぎしゃ
主教	しゅきょう
主君	しゅくん
主計	しゅけい
主計局	しゅけいきょく
主権	しゅけん
主権在民	しゅけんざいみん
主語	しゅご
主査	しゅさ
主催	しゅさい
主宰	しゅさい
主事	しゅじ
主治医	しゅじい
主軸	しゅじく
主将	しゅしょう
主食	しゅしょく
主審	しゅしん
主人公	しゅじんこう
主成分	しゅせいぶん
主席	しゅせき
主戦	しゅせん
主体	しゅたい
主体的	しゅたいてき
主題	しゅだい
主張	しゅちょう
主導	しゅどう
主導権	しゅどうけん
主任	しゅにん
主犯	しゅはん
主筆	しゅひつ
主賓	しゅひん
主婦	しゅふ
主文	しゅぶん
主峰	しゅほう
主砲	しゅほう
主務	しゅむ
主役	しゅやく
主要	しゅよう
主翼	しゅよく
主流	しゅりゅう
主力	しゅりょく
取り柄	とりえ
取材	しゅざい
取捨	しゅしゃ
取締役会	とりしまりやくかい
取得	しゅとく
守衛	しゅえい
守護	しゅご
守備	しゅび
手	て
手の甲	てのこう
手違い	てちがい
手応え	てごたえ
手加減	てかげん
手荷物	てにもつ
手間	てま
手記	しゅき
手狭	てぜま
手近	てぢか
手形	てがた
手軽	てがる
手芸	しゅげい
手元	てもと
手口	てぐち
手綱	たづな
手ごろ	てごろ
手際	てぎわ
手始め	てはじめ
手紙	てがみ
手持ち	てもち
手首	てくび
手習い	てならい
手術	しゅじゅつ
手順	てじゅん
手書き	てがき
手助け	てだすけ
手招き	てまねき
手錠	てじょう
手触り	てざわり
手振り	てぶり
手数	てすう
手数料	てすうりょう
手製	てせい
手先	てさき
手洗い	てあらい
手前	てまえ
手相	てそう
手足	てあし
手袋	てぶくろ
手探り	てさぐり
手段	しゅだん
手遅れ	ておくれ
手直し	てなおし
手提げ	てさげ
手当たり次第	てあたりしだい
手動	しゅどう
手入れ	ていれ
手配	てはい
手拍子	てびょうし
手抜き	てぬき
手品	てじな
手分け	てわけ
手柄	てがら
手法	しゅほう
手本	てほん
手立て	てだて
手料理	てりょうり
手練手管	てれんてくだ
手話	しゅわ
手腕	しゅわん
朱	あけ
朱印	しゅいん
殊に	ことに
殊勲	しゅくん
殊勝	しゅしょう
狩り	かり
狩人	かりゅうど
狩猟	しゅりょう
珠玉	しゅぎょく
珠算	しゅざん
種	たね
種子	しゅし
種族	しゅぞく
種痘	しゅとう
種苗	しゅびょう
種別	しゅべつ
種目	しゅもく
種類	しゅるい
腫瘍	しゅよう
趣	おもむき
趣向	しゅこう
趣旨	しゅし
趣味	しゅみ
酒	さけ
酒屋	さかや
酒気	しゅき
酒好き	さけずき
酒豪	しゅごう
酒場	さかば
酒造	しゅぞう
酒類	しゅるい
首筋	くびすじ
首飾り	くびかざり
首相	しゅしょう
首長	しゅちょう
首都	しゅと
首都圏	しゅとけん
首脳	しゅのう
首班	しゅはん
首尾	しゅび
首謀	しゅぼう
首輪	くびわ
儒学	じゅがく
儒教	じゅきょう
受け皿	うけざら
受刑	じゅけい
受検	じゅけん
受験	じゅけん
受講	じゅこう
受賞	じゅしょう
受信	じゅしん
受信機	じゅしんき
受信者	じゅしんしゃ
受身	うけみ
受精卵	じゅせいらん
受像	じゅぞう
受胎	じゅたい
受託	じゅたく
受諾	じゅだく
受注	じゅちゅう
受動	じゅどう
受動的	じゅどうてき
受難	じゅなん
受粉	じゅふん
受容	じゅよう
受理	じゅり
受領	じゅりょう
受話器	じゅわき
呪術	じゅじゅつ
呪縛	じゅばく
呪文	じゅもん
寿	ことぶき
寿命	じゅみょう
授業	じゅぎょう
授業料	じゅぎょうりょう
授受	じゅじゅ
授賞	じゅしょう
授乳	じゅにゅう
授与	じゅよ
樹脂	じゅし
樹皮	じゅひ
樹氷	じゅひょう
樹木	じゅもく
樹立	じゅりつ
樹齢	じゅれい
需給	じゅきゅう
需要	じゅよう
囚人	しゅうじん
収益	しゅうえき
収穫	しゅうかく
収監	しゅうかん
収支	しゅうし
収受	しゅうじゅ
収拾	しゅうしゅう
収縮	しゅうしゅく
収蔵	しゅうぞう
収束	しゅうそく
収奪	しゅうだつ
収得	しゅうとく
収入	しゅうにゅう
収入印紙	しゅうにゅういんし
収入役	しゅうにゅうやく
収納	しゅうのう
収容	しゅうよう
収容所	しゅうようじょ
収用	しゅうよう
収量	しゅうりょう
収録	しゅうろく
収賄	しゅうわい
収斂	しゅうれん
周囲	しゅうい
周期	しゅうき
周知	しゅうち
周到	しゅうとう
周年	しゅうねん
周波数	しゅうはすう
周辺	しゅうへん
周遊	しゅうゆう
宗家	そうけ
宗教	しゅうきょう
宗旨	しゅうし
宗主国	そうしゅこく
宗祖	しゅうそ
宗派	しゅうは
宗門	しゅうもん
就学	しゅうがく
就業	しゅうぎょう
就航	しゅうこう
就職	しゅうしょく
就寝	しゅうしん
就任	しゅうにん
就役	しゅうえき
就労	しゅうろう
州	しゅう
修学	しゅうがく
修学旅行	しゅうがくりょこう
修験道	しゅげんどう
修士	しゅうし
修辞	しゅうじ
修身	しゅうしん
修整	しゅうせい
修正	しゅうせい
修繕	しゅうぜん
修道	しゅうどう
修道院	しゅうどういん
修復	しゅうふく
修養	しゅうよう
修羅	しゅら
修羅場	しゅらば
修理	しゅうり
修了	しゅうりょう
拾い物	ひろいもの
拾得	しゅうとく
秀逸	しゅういつ
秀才	しゅうさい
秋	あき
秋口	あきぐち
秋風	あきかぜ
秋分	しゅうぶん
終演	しゅうえん
終刊	しゅうかん
終業	しゅうぎょう
終局	しゅうきょく
終結	しゅうけつ
終始	しゅうし
終止符	しゅうしふ
終身	しゅうしん
終戦	しゅうせん
終息	しゅうそく
終値	おわりね
終着駅	しゅうちゃくえき
終点	しゅうてん
終電	しゅうでん
終電車	しゅうでんしゃ
終日	しゅうじつ
終盤	しゅうばん
終幕	しゅうまく
終末	しゅうまつ
終夜	しゅうや
終了	しゅうりょう
終焉	しゅうえん
習慣	しゅうかん
習字	しゅうじ
習熟	しゅうじゅく
習性	しゅうせい
臭気	しゅうき
臭素	しゅうそ
舟橋	ふなばし
舟艇	しゅうてい
衆	しゅう
衆院	しゅういん
衆議院	しゅうぎいん
衆目	しゅうもく
襲撃	しゅうげき
襲名	しゅうめい
襲来	しゅうらい
週	しゅう
週刊	しゅうかん
週刊誌	しゅうかんし
週間	しゅうかん
週末	しゅうまつ
集い	つどい
集荷	しゅうか
集会	しゅうかい
集金	しゅうきん
集計	しゅうけい
集合	しゅうごう
集成	しゅうせい
集積	しゅうせき
集団	しゅうだん
集中	しゅうちゅう
集配	しゅうはい
集約	しゅうやく
集落	しゅうらく
醜悪	しゅうあく
醜態	しゅうたい
醜聞	しゅうぶん
住	じゅう
住み心地	すみごこち
住所	じゅうしょ
住職	じゅうしょく
住人	じゅうにん
住専	じゅうせん
住宅	じゅうたく
住宅街	じゅうたくがい
住宅地	じゅうたくち
住民	じゅうみん
住民税	じゅうみんぜい
住民票	じゅうみんひょう
充血	じゅうけつ
充実	じゅうじつ
充足	じゅうそく
充填	じゅうてん
充電	じゅうでん
充当	じゅうとう
充満	じゅうまん
十一	じゅういち
十億	じゅうおく
十九	じゅうきゅう
十月革命	じゅうがつかくめい
十五	じゅうご
十三	じゅうさん
十字	じゅうじ
十字架	じゅうじか
十字軍	じゅうじぐん
十字路	じゅうじろ
十種競技	じっしゅきょうぎ
十人十色	じゅうにんといろ
十二	じゅうに
十二指腸	じゅうにしちょう
十二分	じゅうにぶん
十八	じゅうはち
十分	じゅうぶん
十文字	じゅうもんじ
十両	じゅうりょう
十六	じゅうろく
従って	したがって
従業	じゅうぎょう
従業員	じゅうぎょういん
従軍	じゅうぐん
従兄	じゅうけい
従兄弟	いとこ
従姉妹	いとこ
従事	じゅうじ
従者	じゅうしゃ
従属	じゅうぞく
従来	じゅうらい
柔道	じゅうどう
柔軟	じゅうなん
柔和	にゅうわ
汁	しる
渋柿	しぶがき
渋滞	じゅうたい
獣	けもの
獣医	じゅうい
縦	たて
縦横無尽	じゅうおうむじん
縦貫	じゅうかん
縦書き	たてがき
縦断	じゅうだん
重さ	おもさ
重ね合わせ	かさねあわせ
重ね着	かさねぎ
重んずる	おもんずる
重圧	じゅうあつ
重機関銃	じゅうきかんじゅう
重金属	じゅうきんぞく
重工業	じゅうこうぎょう
重罪	じゅうざい
重視	じゅうし
重症	じゅうしょう
重心	じゅうしん
重臣	じゅうしん
重水素	じゅうすいそ
重税	じゅうぜい
重責	じゅうせき
重奏	じゅうそう
重大	じゅうだい
重鎮	じゅうちん
重点	じゅうてん
重篤	じゅうとく
重箱	じゅうばこ
重版	じゅうはん
重病	じゅうびょう
重文	じゅうぶん
重役	じゅうやく
重油	じゅうゆ
重要	じゅうよう
重要視	じゅうようし
重要性	じゅうようせい
重要文化財	じゅうようぶんかざい
重量	じゅうりょう
重力	じゅうりょく
重労働	じゅうろうどう
銃	じゅう
銃火	じゅうか
銃器	じゅうき
銃剣	じゅうけん
銃口	じゅうこう
銃殺	じゅうさつ
銃身	じゅうしん
銃声	じゅうせい
銃弾	じゅうだん
銃砲	じゅうほう
宿	やど
宿屋	やどや
宿舎	しゅくしゃ
宿場	しゅくば
宿題	しゅくだい
宿直	しゅくちょく
宿敵	しゅくてき
宿泊	しゅくはく
宿命	しゅくめい
淑やか	しとやか
淑女	しゅくじょ
淑徳	しゅくとく
祝宴	しゅくえん
祝賀	しゅくが
祝儀	しゅうぎ
祝詞	のりと
祝辞	しゅくじ
祝典	しゅくてん
祝電	しゅくでん
祝日	しゅくじつ
祝杯	しゅくはい
祝福	しゅくふく
縮刷版	しゅくさつばん
縮尺	しゅくしゃく
縮小	しゅくしょう
縮図	しゅくず
粛軍	しゅくぐん
粛正	しゅくせい
粛清	しゅくせい
塾	じゅく
塾生	じゅくせい
熟語	じゅくご
熟睡	じゅくすい
熟成	じゅくせい
熟知	じゅくち
熟読	じゅくどく
熟慮	じゅくりょ
熟練	じゅくれん
出し入れ	だしいれ
出し物	だしもの
出演	しゅつえん
出家	しゅっけ
出火	しゅっか
出荷	しゅっか
出掛け	でがけ
お出かけ	おでかけ
出願	しゅつがん
出勤	しゅっきん
出金	しゅっきん
出撃	しゅつげき
出欠	しゅっけつ
出血	しゅっけつ
出現	しゅつげん
出口	でぐち
出向	しゅっこう
出港	しゅっこう
出航	しゅっこう
出獄	しゅつごく
出産	しゅっさん
出資	しゅっし
出社	しゅっしゃ
出場	しゅつじょう
出色	しゅっしょく
出身	しゅっしん
出身者	しゅっしんしゃ
出身地	しゅっしんち
出刃	でば
出陣	しゅつじん
出世	しゅっせ
出世作	しゅっせさく
出征	しゅっせい
出席	しゅっせき
出席者	しゅっせきしゃ
出先	でさき
出先機関	でさききかん
出前	でまえ
出窓	でまど
出足	であし
出題	しゅつだい
出鱈目	でたらめ
出張	しゅっちょう
出張所	しゅっちょうじょ
出超	しゅっちょう
出廷	しゅってい
出典	しゅってん
出展	しゅってん
出土	しゅつど
出土品	しゅつどひん
出頭	しゅっとう
出動	しゅつどう
出入	しゅつにゅう
出入り	でいり
出納	すいとう
出納簿	すいとうぼ
出馬	しゅつば
出発	しゅっぱつ
出版	しゅっぱん
出版元	しゅっぱんもと
出版物	しゅっぱんぶつ
出番	でばん
出費	しゅっぴ
出品	しゅっぴん
出兵	しゅっぺい
出方	でかた
出没	しゅつぼつ
出来	でき
出来るだけ	できるだけ
出来栄え	できばえ
出来高	できだか
出来合い	できあい
出来事	できごと
出力	しゅつりょく
出塁	しゅつるい
術	じゅつ
術語	じゅつご
述懐	じゅっかい
俊英	しゅんえい
俊足	しゅんそく
峻別	しゅんべつ
春	はる
春一番	はるいちばん
春夏秋冬	しゅんかしゅうとう
春休み	はるやすみ
春秋	しゅんじゅう
春先	はるさき
春闘	しゅんとう
春風	はるかぜ
春分	しゅんぶん
瞬間	しゅんかん
瞬時	しゅんじ
竣工	しゅんこう
准将	じゅんしょう
循環	じゅんかん
旬	じゅん
旬報	じゅんぽう
殉職	じゅんしょく
殉難	じゅんなん
準ずる	じゅんずる
準急	じゅんきゅう
準拠	じゅんきょ
準決勝	じゅんけっしょう
準備	じゅんび
準備金	じゅんびきん
準用	じゅんよう
潤滑油	じゅんかつゆ
盾	たて
純愛	じゅんあい
純益	じゅんえき
純化	じゅんか
純金	じゅんきん
純情	じゅんじょう
純真	じゅんしん
純粋	じゅんすい
純正	じゅんせい
純然	じゅんぜん
純度	じゅんど
純文学	じゅんぶんがく
巡演	じゅんえん
巡回	じゅんかい
巡業	じゅんぎょう
巡航	じゅんこう
巡行	じゅんこう
巡査	じゅんさ
巡視	じゅんし
巡洋艦	じゅんようかん
巡礼	じゅんれい
遵守	じゅんしゅ
遵法	じゅんぽう
順	じゅん
順に	じゅんに
順位	じゅんい
順延	じゅんえん
順応	じゅんのう
順次	じゅんじ
順序	じゅんじょ
順調	じゅんちょう
順番	じゅんばん
順風満帆	じゅんぷうまんぱん
処遇	しょぐう
処刑	しょけい
処女	しょじょ
処置	しょち
処罰	しょばつ
処分	しょぶん
処方	しょほう
処理	しょり
初	はつ
初めて	はじめて
初演	しょえん
初夏	しょか
初回	しょかい
初期	しょき
初級	しょきゅう
初詣	はつもうで
初婚	しょこん
初耳	はつみみ
初秋	しょしゅう
初出	しょしゅつ
初春	しょしゅん
初旬	しょじゅん
初場所	はつばしょ
初心	しょしん
初心者	しょしんしゃ
初雪	はつゆき
初対面	しょたいめん
初代	しょだい
初段	しょだん
初潮	しょちょう
初冬	しょとう
初等	しょとう
初頭	しょとう
初日	しょにち
初任給	しょにんきゅう
初版	しょはん
初歩	しょほ
初夢	はつゆめ
初恋	はつこい
初老	しょろう
所	ところ
所で	ところで
所謂	いわゆる
所轄	しょかつ
所感	しょかん
所管	しょかん
所見	しょけん
所在	しょざい
所在地	しょざいち
所作	しょさ
所産	しょさん
所持	しょじ
所信	しょしん
所詮	しょせん
所属	しょぞく
所長	しょちょう
所定	しょてい
所得	しょとく
所得税	しょとくぜい
所有	しょゆう
所有権	しょゆうけん
所有者	しょゆうしゃ
所用	しょよう
暑さ	あつさ
暑中	しょちゅう
曙	あけぼの
渚	なぎさ
庶民	しょみん
庶民的	しょみんてき
庶務	しょむ
緒	お
緒戦	しょせん
署名	しょめい
書き言葉	かきことば
書き方	かきかた
書院	しょいん
書架	しょか
書簡	しょかん
書記	しょき
書庫	しょこ
書斎	しょさい
書誌	しょし
書誌学	しょしがく
書式	しょしき
書生	しょせい
書籍	しょせき
書体	しょたい
書棚	しょだな
書店	しょてん
書道	しょどう
書評	しょひょう
書物	しょもつ
書房	しょぼう
書名	しょめい
書面	しょめん
書類	しょるい
諸	しょ
諸君	しょくん
諸国	しょこく
諸刃	もろは
諸島	しょとう
諸般	しょはん
助け舟	たすけぶね
助っ人	すけっと
助演	じょえん
助教授	じょきょうじゅ
助産	じょさん
助産婦	じょさんぷ
助詞	じょし
助手	じょしゅ
助成	じょせい
助走	じょそう
助長	じょちょう
助役	じょやく
助力	じょりょく
叙勲	じょくん
叙事詩	じょじし
叙述	じょじゅつ
女	おんな
女の子	おんなのこ
女の人	おんなのひと
女医	じょい
女王	じょおう
女学生	じょがくせい
女史	じょし
女子	じょし
女子高	じょしこう
女子高生	じょしこうせい
女子大	じょしだい
女児	じょじ
女将	おかみ
女神	めがみ
女人	にょにん
女性	じょせい
女声	じょせい
女装	じょそう
女体	にょたい
女中	じょちゅう
女帝	じょてい
女房	にょうぼう
女優	じょゆう
女流	じょりゅう
女郎	じょろう
序で	ついで
序の口	じょのくち
序曲	じょきょく
序章	じょしょう
序説	じょせつ
序盤	じょばん
序文	じょぶん
序幕	じょまく
序列	じょれつ
徐行	じょこう
除いて	のぞいて
除外	じょがい
除去	じょきょ
除籍	じょせき
除雪	じょせつ
除草	じょそう
除隊	じょたい
除幕式	じょまくしき
除名	じょめい
除夜	じょや
傷害	しょうがい
傷害保険	しょうがいほけん
傷口	きずぐち
傷者	しょうしゃ
傷心	しょうしん
傷病	しょうびょう
傷兵	しょうへい
償還	しょうかん
償却	しょうきゃく
償金	しょうきん
勝ち目	かちめ
勝算	しょうさん
勝者	しょうしゃ
勝手	かって
勝訴	しょうそ
勝敗	しょうはい
勝負	しょうぶ
勝利	しょうり
召喚	しょうかん
召集	しょうしゅう
商	しょう
商い	あきない
商家	しょうか
商科	しょうか
商会	しょうかい
商慣習	しょうかんしゅう
商業	しょうぎょう
商工	しょうこう
商工会議所	しょうこうかいぎしょ
商工業	しょうこうぎょう
商号	しょうごう
商魂	しょうこん
商事	しょうじ
商事会社	しょうじがいしゃ
商社	しょうしゃ
商船	しょうせん
商談	しょうだん
商店	しょうてん
商店街	しょうてんがい
商売	しょうばい
商売人	しょうばいにん
商標	しょうひょう
商品	しょうひん
商品券	しょうひんけん
商法	しょうほう
商務	しょうむ
商用	しょうよう
唱歌	しょうか
奨学金	しょうがくきん
奨励	しょうれい
将官	しょうかん
将棋	しょうぎ
将棋倒し	しょうぎだおし
将軍	しょうぐん
将校	しょうこう
将来	しょうらい
将来性	しょうらいせい
将来像	しょうらいぞう
少尉	しょうい
小雨	こさめ
小屋	こや
小学	しょうがく
小学校	しょうがっこう
小学生	しょうがくせい
小気味	こきみ
小気味良い	こきみよい
小規模	しょうきぼ
小競り合い	こぜりあい
小金	こがね
小結	こむすび
小遣い	こづかい
小言	こごと
小康	しょうこう
小国	しょうこく
小細工	こざいく
小さじ	こさじ
小皿	こざら
小山	こやま
小指	こゆび
小枝	こえだ
小児	しょうに
小児科	しょうにか
小舟	こぶね
小銃	しょうじゅう
小春	こはる
小食	しょうしょく
小心	しょうしん
小人	しょうにん
小数	しょうすう
小数点	しょうすうてん
小生	しょうせい
小石	こいし
小切手	こぎって
小説	しょうせつ
小説家	しょうせつか
小雪	こゆき
小川	おがわ
小銭	こぜに
小僧	こぞう
小隊	しょうたい
小町	こまち
小鳥	ことり
小刀	こがたな
小島	こじま
小豆	あずき
小道具	こどうぐ
小脳	しょうのう
小麦	こむぎ
小麦粉	こむぎこ
小鉢	こばち
小判	こばん
小品	しょうひん
小物	こもの
小文字	こもじ
小柄	こがら
小話	こばなし
小惑星	しょうわくせい
少し	すこし
少しずつ	すこしずつ
少しも	すこしも
少額	しょうがく
少佐	しょうさ
少将	しょうしょう
少数	しょうすう
少年	しょうねん
少年院	しょうねんいん
少年団	しょうねんだん
尚	なお
尚且つ	なおかつ
尚更	なおさら
庄屋	しょうや
床	とこ
床の間	とこのま
床屋	とこや
床下	ゆかした
承継	しょうけい
承諾	しょうだく
承知	しょうち
承認	しょうにん
抄本	しょうほん
抄録	しょうろく
招集	しょうしゅう
招待	しょうたい
招致	しょうち
招聘	しょうへい
掌握	しょうあく
掌中	しょうちゅう
昇格	しょうかく
昇級	しょうきゅう
昇給	しょうきゅう
昇進	しょうしん
昇任	しょうにん
昭和	しょうわ
松	まつ
松竹梅	しょうちくばい
松林	まつばやし
沼	ぬま
沼沢	しょうたく
沼地	ぬまち
消しゴム	けしゴム
消化	しょうか
消火	しょうか
消火器	しょうかき
消去	しょうきょ
消極	しょうきょく
消極的	しょうきょくてき
消失	しょうしつ
消息	しょうそく
消息筋	しょうそくすじ
消毒	しょうどく
消費	しょうひ
消費者	しょうひしゃ
消費税	しょうひぜい
消防	しょうぼう
消防士	しょうぼうし
消防車	しょうぼうしゃ
消防署	しょうぼうしょ
消滅	しょうめつ
消耗品	しょうもうひん
渉外	しょうがい
焼きそば	やきそば
焼き芋	やきいも
焼き魚	やきざかな
焼却	しょうきゃく
焼酎	しょうちゅう
焦燥	しょうそう
焦点	しょうてん
照れ屋	てれや
照会	しょうかい
照合	しょうごう
照射	しょうしゃ
照準	しょうじゅん
照度	しょうど
照明	しょうめい
症	しょう
症候	しょうこう
症候群	しょうこうぐん
症状	しょうじょう
省庁	しょうちょう
省略	しょうりゃく
省令	しょうれい
硝煙	しょうえん
硝酸	しょうさん
称する	しょうする
称号	しょうごう
章	しょう
笑い声	わらいごえ
笑い話	わらいばなし
笑み	えみ
笑顔	えがお
紹介	しょうかい
紹介者	しょうかいしゃ
肖像	しょうぞう
菖蒲	しょうぶ
衝撃	しょうげき
衝撃波	しょうげきは
衝動	しょうどう
衝突	しょうとつ
証	あかし
証印	しょういん
証拠	しょうこ
証券	しょうけん
証言	しょうげん
証書	しょうしょ
証人	しょうにん
証明	しょうめい
証明書	しょうめいしょ
詔書	しょうしょ
詳細	しょうさい
詳述	しょうじゅつ
詳報	しょうほう
象	しょう
象牙	ぞうげ
象徴	しょうちょう
賞	しょう
賞金	しょうきん
賞状	しょうじょう
賞罰	しょうばつ
賞品	しょうひん
賞味	しょうみ
賞味期限	しょうみきげん
賞与	しょうよ
鍾乳洞	しょうにゅうどう
鐘	かね
鐘楼	しょうろう
障害	しょうがい
障子	しょうじ
障壁	しょうへき
上	うえ
上がったり	あがったり
上げ下げ	あげさげ
上げ下ろし	あげおろし
上げ潮	あげしお
上っ調子	うわっちょうし
上り下り	のぼりくだり
上り坂	のぼりざか
上り列車	のぼりれっしゃ
上位	じょうい
上意	じょうい
上映	じょうえい
上越	じょうえつ
上演	じょうえん
上下	じょうげ
上下動	じょうげどう
上海	シャンハイ
上滑り	うわすべり
上官	じょうかん
上機嫌	じょうきげん
上気	じょうき
上記	じょうき
上級	じょうきゅう
上京	じょうきょう
上空	じょうくう
上限	じょうげん
上皇	じょうこう
上告	じょうこく
上司	じょうし
上質	じょうしつ
上手	じょうず
上手投げ	うわてなげ
上出来	じょうでき
上旬	じょうじゅん
上昇	じょうしょう
上昇気流	じょうしょうきりゅう
上場	じょうじょう
上申	じょうしん
上人	しょうにん
上水	かみみず
上席	じょうせき
上積み	うわづみ
上層	じょうそう
上体	じょうたい
上代	かみしろ
上達	じょうたつ
上端	じょうたん
上段	じょうだん
上値	うわね
上田	じょうでん
上棟	じょうとう
上等	じょうとう
上等兵	じょうとうへい
上納	じょうのう
上背	うわぜい
上半期	かみはんき
上半身	じょうはんしん
上品	じょうひん
上部	じょうぶ
上辺	うわべ
上役	うわやく
上陸	じょうりく
上流	じょうりゅう
乗ずる	じょうずる
乗り気	のりき
乗り降り	のりおり
乗員	じょういん
乗降	じょうこう
乗合	のりあい
乗車	じょうしゃ
乗車券	じょうしゃけん
乗船	じょうせん
乗組員	のりくみいん
乗馬	じょうば
乗務員	じょうむいん
乗用車	じょうようしゃ
冗談	じょうだん
剰余金	じょうよきん
城	しろ
城下	じょうか
城下町	じょうかまち
城郭	じょうかく
城主	じょうしゅ
城壁	じょうへき
場	ば
場違い	ばちがい
場合	ばあい
場所	ばしょ
場内	じょうない
場末	ばすえ
場面	ばめん
嬢	じょう
常に	つねに
常軌	じょうき
常時	じょうじ
常識	じょうしき
常習	じょうしゅう
常設	じょうせつ
常駐	じょうちゅう
常任	じょうにん
常務	じょうむ
常用	じょうよう
常用漢字	じょうようかんじ
常緑	じょうりょく
常緑樹	じょうりょくじゅ
常連	じょうれん
情	じょう
情け	なさけ
情愛	じょうあい
情感	じょうかん
情景	じょうけい
情事	じょうじ
情状酌量	じょうじょうしゃくりょう
情勢	じょうせい
情熱	じょうねつ
情念	じょうねん
情報	じょうほう
情報処理	じょうほうしょり
条件	じょうけん
条件付き	じょうけんつき
条項	じょうこう
条文	じょうぶん
条約	じょうやく
条理	じょうり
条例	じょうれい
杖	つえ
浄化	じょうか
浄水	じょうすい
浄土	じょうど
浄瑠璃	じょうるり
状	じょう
状況	じょうきょう
状態	じょうたい
畳	たたみ
蒸気	じょうき
蒸発	じょうはつ
譲渡	じょうと
譲歩	じょうほ
醸成	じょうせい
醸造	じょうぞう
錠剤	じょうざい
嘱託	しょくたく
嘱望	しょくぼう
飾り気	かざりけ
植樹	しょくじゅ
植物	しょくぶつ
植物園	しょくぶつえん
植民	しょくみん
植民地	しょくみんち
植木鉢	うえきばち
植林	しょくりん
織機	しょっき
織物	おりもの
職	しょく
職員	しょくいん
職業	しょくぎょう
職権	しょっけん
職場	しょくば
職人	しょくにん
職能	しょくのう
職務	しょくむ
職歴	しょくれき
色	いろ
色鉛筆	いろえんぴつ
色気	いろけ
色合い	いろあい
色彩	しきさい
色刷り	いろずり
色紙	しきし
色素	しきそ
色調	しきちょう
色直し	いろなおし
色分け	いろわけ
触覚	しょっかく
触手	しょくしゅ
触媒	しょくばい
触発	しょくはつ
食い逃げ	くいにげ
食べ物	たべもの
食パン	しょくパン
食塩	しょくえん
食管法	しょっかんほう
食器	しょっき
食券	しょっけん
食後	しょくご
食指	しょくし
食事	しょくじ
食生活	しょくせいかつ
食前	しょくぜん
食卓	しょくたく
食通	しょくつう
食堂	しょくどう
食道	しょくどう
食肉	しょくにく
食費	しょくひ
食品	しょくひん
食品添加物	しょくひんてんかぶつ
食物	しょくもつ
食用	しょくよう
食欲	しょくよく
食料	しょくりょう
食料品	しょくりょうひん
食糧	しょくりょう
尻	しり
尻尾	しっぽ
伸し	のし
伸びやか	のびやか
伸び伸び	のびのび
伸び率	のびりつ
伸縮	しんしゅく
信ずる	しんずる
信義	しんぎ
信教	しんきょう
信仰	しんこう
信号	しんごう
信号機	しんごうき
信者	しんじゃ
信条	しんじょう
信心	しんじん
信託	しんたく
信徒	しんと
信任	しんにん
信任状	しんにんじょう
信念	しんねん
信販	しんぱん
信販会社	しんぱんがいしゃ
信奉	しんぽう
信望	しんぼう
信用	しんよう
信用状	しんようじょう
信用組合	しんようくみあい
信頼	しんらい
信頼性	しんらいせい
侵害	しんがい
侵食	しんしょく
侵入	しんにゅう
侵犯	しんぱん
唇	くちびる
寝巻き	ねまき
寝顔	ねがお
寝起き	ねおき
寝具	しんぐ
寝言	ねごと
寝室	しんしつ
寝床	ねどこ
寝食	しんしょく
寝息	ねいき
寝袋	ねぶくろ
寝不足	ねぶそく
寝坊	ねぼう
審議	しんぎ
審査	しんさ
審判	しんぱん
審問	しんもん
審理	しんり
心	こころ
心を込めて	こころをこめて
心外	しんがい
心境	しんきょう
心血	しんけつ
心遣い	こころづかい
心構え	こころがまえ
心残り	こころのこり
心持ち	こころもち
心情	しんじょう
心神耗弱	しんしんこうじゃく
心身	しんしん
心酔	しんすい
心臓	しんぞう
心待ち	こころまち
心地	ここち
心中	しんじゅう
心底	しんそこ
心電図	しんでんず
心当たり	こころあたり
心得	こころえ
心配	しんぱい
心拍	しんぱく
心不全	しんふぜん
心変わり	こころがわり
心理	しんり
心理学	しんりがく
心霊	しんれい
心労	しんろう
慎重	しんちょう
振り仮名	ふりがな
振興	しんこう
振動	しんどう
振幅	しんぷく
新	しん
新た	あらた
新鋭	しんえい
新芽	しんめ
新学期	しんがっき
新刊	しんかん
新幹線	しんかんせん
新館	しんかん
新顔	しんがお
新奇	しんき
新規	しんき
新旧	しんきゅう
新居	しんきょ
新興	しんこう
新曲	しんきょく
新型	しんがた
新語	しんご
新婚	しんこん
新妻	にいづま
新作	しんさく
新参	しんざん
新式	しんしき
新車	しんしゃ
新手	あらて
新人	しんじん
新制	しんせい
新星	しんせい
新生	しんせい
新製品	しんせいひん
新設	しんせつ
新説	しんせつ
新雪	しんせつ
新鮮	しんせん
新体	しんたい
新築	しんちく
新着	しんちゃく
新調	しんちょう
新陳代謝	しんちんたいしゃ
新党	しんとう
新入	しんにゅう
新任	しんにん
新年	しんねん
新発売	しんはつばい
新版	しんぱん
新婦	しんぷ
新風	しんぷう
新聞	しんぶん
新聞紙	しんぶんし
新聞社	しんぶんしゃ
新米	しんまい
新味	しんみ
新約聖書	しんやくせいしょ
新羅	しらぎ
新緑	しんりょく
新郎	しんろう
森	もり
森林	しんりん
浸水	しんすい
浸透	しんとう
深さ	ふかさ
深み	ふかみ
深遠	しんえん
深海	しんかい
深呼吸	しんこきゅう
深刻	しんこく
深刻化	しんこくか
深層	しんそう
深度	しんど
深淵	しんえん
深夜	しんや
申	さる
申し子	もうしご
申し出	もうしで
申し分	もうしぶん
申し訳	もうしわけ
申告	しんこく
申請	しんせい
真	しん
真っ暗	まっくら
真っ向	まっこう
真っ最中	まっさいちゅう
真っ盛り	まっさかり
真っ赤	まっか
真っ先	まっさき
真っ二つ	まっぷたつ
真意	しんい
真一文字	まいちもんじ
真横	まよこ
真下	ました
真価	しんか
真夏	まなつ
真贋	しんがん
真顔	まがお
真偽	しんぎ
真逆	まさか
真菌	しんきん
真空	しんくう
真空管	しんくうかん
真剣	しんけん
真四角	ましかく
真似	まね
真実	しんじつ
真珠	しんじゅ
真上	まうえ
真心	まごころ
真水	まみず
真性	しんせい
真正	しんせい
真正面	ましょうめん
真相	しんそう
真打	しんうち
真昼	まひる
真田	さなだ
真冬	まふゆ
真面目	まじめ
真夜中	まよなか
真理	しんり
真摯	しんし
神	かみ
神学	しんがく
神楽	かぐら
神官	しんかん
神宮	じんぐう
神業	かみわざ
神経	しんけい
神経科	しんけいか
神経質	しんけいしつ
神経症	しんけいしょう
神経戦	しんけいせん
神社	じんじゃ
神主	かんぬし
真髄	しんずい
神聖	しんせい
神代	かみしろ
神棚	かみだな
神殿	しんでん
神童	しんどう
神道	しんとう
神秘	しんぴ
神秘的	しんぴてき
神父	しんぷ
神風	かみかぜ
神仏	しんぶつ
神妙	しんみょう
神様	かみさま
神話	しんわ
紳士	しんし
紳士協定	しんしきょうてい
薪	まき
薪炭	しんたん
親	おや
親愛	しんあい
親衛	しんえい
親玉	おやだま
親近感	しんきんかん
親元	おやもと
親孝行	おやこうこう
親子	おやこ
親指	おやゆび
親譲り	おやゆずり
親身	しんみ
親戚	しんせき
親切	しんせつ
親善	しんぜん
親族	しんぞく
親日	しんにち
親バカ	おやばか
親不孝	おやふこう
親父	おやじ
親分	おやぶん
親方	おやかた
親睦	しんぼく
親密	しんみつ
親友	しんゆう
親類	しんるい
親和	しんわ
診察	しんさつ
診断	しんだん
診療	しんりょう
身	み
身なり	みなり
身の回り	みのまわり
身の上	みのうえ
身寄り	みより
身近	みぢか
身元	みもと
身構え	みがまえ
身上	しんじょう
身振り	みぶり
身震い	みぶるい
身体障害者	しんたいしょうがいしゃ
身代わり	みがわり
身長	しんちょう
身投げ	みなげ
身内	みうち
身分	みぶん
身分証明書	みぶんしょうめいしょ
身柄	みがら
身辺	しんぺん
辛うじて	かろうじて
辛苦	しんく
辛酸	しんさん
辛勝	しんしょう
辛抱	しんぼう
進化	しんか
進学	しんがく
進級	しんきゅう
進撃	しんげき
進行	しんこう
進行状況	しんこうじょうきょう
進出	しんしゅつ
進退	しんたい
進退伺い	しんたいうかがい
進駐	しんちゅう
進捗	しんちょく
進呈	しんてい
進展	しんてん
進入	しんにゅう
進歩	しんぽ
進路	しんろ
針	はり
針金	はりがね
針路	しんろ
震源	しんげん
震災	しんさい
震度	しんど
震動	しんどう
人	ひと
人為	じんい
人為的	じんいてき
人違い	ひとちがい
人一倍	ひといちばい
人員	じんいん
人家	じんか
人垣	ひとがき
人格	じんかく
人格者	じんかくしゃ
人間	にんげん
人間関係	にんげんかんけい
人間工学	にんげんこうがく
人間性	にんげんせい
人間的	にんげんてき
人間味	にんげんみ
人気	にんき
人気者	にんきもの
人気取り	にんきとり
人魚	にんぎょ
人形	にんぎょう
人形使い	にんぎょうつかい
人件費	じんけんひ
人権	じんけん
人見知り	ひとみしり
人口	じんこう
人工	じんこう
人工衛星	じんこうえいせい
人工呼吸	じんこうこきゅう
人工的	じんこうてき
人骨	じんこつ
人ごみ	ひとごみ
人妻	ひとづま
人災	じんさい
人材	じんざい
人殺し	ひとごろし
人参	にんじん
人事	じんじ
人事異動	じんじいどう
人事院	じんじいん
人質	ひとじち
人種	じんしゅ
人だかり	ひとだかり
人出	ひとで
人情	にんじょう
人情味	にんじょうみ
人食い	ひとくい
人身事故	じんしんじこ
人身売買	じんしんばいばい
人生	じんせい
人生観	じんせいかん
人選	じんせん
人前	ひとまえ
人相	にんそう
人造	じんぞう
人体	じんたい
人たち	ひとたち
人知れず	ひとしれず
人畜	じんちく
人中	ひとなか
人通り	ひとどおり
人的	じんてき
人当たり	ひとあたり
人道	じんどう
人道主義	じんどうしゅぎ
人道的	じんどうてき
人波	ひとなみ
人付き合い	ひとづきあい
人物	じんぶつ
人文科学	じんぶんかがく
人柄	ひとがら
人望	じんぼう
人脈	じんみゃく
人民	じんみん
人民戦線	じんみんせんせん
人名	じんめい
人命	じんめい
人面	じんめん
人里	ひとざと
人力車	じんりきしゃ
人類	じんるい
人類学	じんるいがく
仁	じん
仁義	じんぎ
刃	は
刃傷	にんじょう
刃先	はさき
刃物	はもの
塵	ちり
ちり取り	ちりとり
尋ね人	たずねびと
尋常	じんじょう
尋問	じんもん
甚だ	はなはだ
甚句	じんく
甚大	じんだい
尽力	じんりょく
腎臓	じんぞう
腎不全	じんふぜん
迅速	じんそく
陣営	じんえい
陣形	じんけい
陣地	じんち
陣中	じんちゅう
陣痛	じんつう
陣容	じんよう
酢	す
酢の物	すのもの
酢酸	さくさん
図	ず
図案	ずあん
図画	ずが
図解	ずかい
図鑑	ずかん
図形	ずけい
図示	ずし
図式	ずしき
図書	としょ
図書館	としょかん
図書室	としょしつ
図版	ずはん
図表	ずひょう
図柄	ずがら
図面	ずめん
厨房	ちゅうぼう
吹雪	ふぶき
吹奏楽	すいそうがく
垂直	すいちょく
推移	すいい
推挙	すいきょ
推計	すいけい
推察	すいさつ
推奨	すいしょう
推進	すいしん
推薦	すいせん
推測	すいそく
推定	すいてい
推理	すいり
推量	すいりょう
推論	すいろん
推敲	すいこう
水	みず
水域	すいいき
水稲	すいとう
水泳	すいえい
水温	すいおん
水害	すいがい
水割り	みずわり
水気	みずけ
水牛	すいぎゅう
水玉	みずたま
水銀	すいぎん
水源	すいげん
水源地	すいげんち
水彩画	すいさいが
水際	みずぎわ
水産業	すいさんぎょう
水産物	すいさんぶつ
水酸化ナトリウム	すいさんかナトリウム
水死	すいし
水車	すいしゃ
水準	すいじゅん
水商売	みずしょうばい
水晶	すいしょう
水上	すいじょう
水蒸気	すいじょうき
水色	みずいろ
水浸し	みずびたし
水性	すいせい
水星	すいせい
水生	すいせい
水仙	すいせん
水洗	すいせん
水素	すいそ
水槽	すいそう
水増し	みずまし
水族館	すいぞくかん
水着	みずぎ
水中	すいちゅう
水虫	みずむし
水滴	すいてき
水田	すいでん
水筒	すいとう
水道	すいどう
水瓶	みずがめ
水分	すいぶん
水兵	すいへい
水平	すいへい
水平線	すいへいせん
水泡	すいほう
水墨画	すいぼくが
水没	すいぼつ
水面	すいめん
水門	すいもん
水揚げ	みずあげ
水曜	すいよう
水曜日	すいようび
水溶性	すいようせい
水流	すいりゅう
水力	すいりょく
水路	すいろ
水滸伝	すいこでん
炊事	すいじ
炊飯器	すいはんき
睡眠	すいみん
粋	いき
衰弱	すいじゃく
衰退	すいたい
遂に	ついに
遂行	すいこう
随意	ずいい
随一	ずいいち
随行	ずいこう
随時	ずいじ
随所	ずいしょ
随想	ずいそう
随筆	ずいひつ
随分	ずいぶん
崇高	すうこう
崇拝	すうはい
数億年	すうおくねん
数回	すうかい
数学	すうがく
数奇	すうき
数寄	すき
数個	すうこ
数字	すうじ
数式	すうしき
数珠	じゅず
数人	すうにん
数千	すうせん
数多く	かずおおく
数値	すうち
数日	すうじつ
数年	すうねん
数百	すうひゃく
数理	すうり
数量	すうりょう
枢機卿	すうききょう
枢軸	すうじく
趨勢	すうせい
雛	ひよこ
ひな祭り	ひなまつり
杉	すぎ
雀	すずめ
裾	すそ
寸暇	すんか
寸劇	すんげき
寸前	すんぜん
寸断	すんだん
寸法	すんぽう
世の中	よのなか
世界	せかい
世界一	せかいいち
世界大戦	せかいたいせん
世界的	せかいてき
世間	せけん
世間話	せけんばなし
世紀	せいき
世紀末	せいきまつ
世襲	せしゅう
世相	せそう
世俗	せぞく
世帯	せたい
世帯主	せたいぬし
世代	せだい
世直し	よなおし
世話	せわ
世話人	せわにん
瀬	せ
瀬戸	せと
瀬戸際	せとぎわ
瀬戸物	せともの
是か非か	ぜかひか
是が非でも	ぜがひでも
是正	ぜせい
是認	ぜにん
是非	ぜひ
制	せい
制する	せいする
制圧	せいあつ
制球	せいきゅう
制空権	せいくうけん
制限	せいげん
制裁	せいさい
制作	せいさく
制止	せいし
制定	せいてい
制度	せいど
制動	せいどう
制覇	せいは
制服	せいふく
制約	せいやく
勢い	いきおい
勢ぞろい	せいぞろい
勢力	せいりょく
勢力圏	せいりょくけん
姓	せい
姓名	せいめい
征服	せいふく
性	せい
性愛	せいあい
性格	せいかく
性器	せいき
性急	せいきゅう
性教育	せいきょういく
性交	せいこう
性向	せいこう
性行	せいこう
性根	しょうね
性質	せいしつ
性的	せいてき
性能	せいのう
性病	せいびょう
性分	しょうぶん
性癖	せいへき
性別	せいべつ
性欲	せいよく
成るべく	なるべく
成育	せいいく
成果	せいか
成金	なりきん
成形	せいけい
成功	せいこう
成婚	せいこん
成就	じょうじゅ
成熟	せいじゅく
成人	せいじん
成績	せいせき
成層圏	せいそうけん
成長	せいちょう
成る程	なるほど
成年	せいねん
成仏	じょうぶつ
成分	せいぶん
成立	せいりつ
政	まつりごと
政界	せいかい
政局	せいきょく
政権	せいけん
政見	せいけん
政策	せいさく
政治	せいじ
政治家	せいじか
政治的	せいじてき
政治力	せいじりょく
政情	せいじょう
政体	せいたい
政敵	せいてき
政党	せいとう
政府	せいふ
政変	せいへん
政略	せいりゃく
政令	せいれい
整形	せいけい
整形外科	せいけいげか
整合	せいごう
整数	せいすう
整然	せいぜん
整地	せいち
整頓	せいとん
整備	せいび
整理	せいり
整列	せいれつ
星	ほし
星雲	せいうん
星空	ほしぞら
星座	せいざ
星条旗	せいじょうき
星占い	ほしうらない
星団	せいだん
晴れ間	はれま
晴天	せいてん
正	せい
正に	まさに
正解	せいかい
正確	せいかく
正規	せいき
正義	せいぎ
正教	せいきょう
正月	しょうがつ
正午	しょうご
正攻法	せいこうほう
正史	せいし
正視	せいし
正式	せいしき
正室	せいしつ
正常	せいじょう
正常化	せいじょうか
正装	せいそう
正則	せいそく
正体	しょうたい
正直	しょうじき
正殿	せいでん
正当	せいとう
正当防衛	せいとうぼうえい
正答	せいとう
正統	せいとう
正統派	せいとうは
正反対	せいはんたい
正方形	せいほうけい
正味	しょうみ
正面	しょうめん
正門	せいもん
正論	せいろん
清らか	きよらか
清潔	せいけつ
清算	せいさん
清酒	せいしゅ
清純	せいじゅん
清書	せいしょ
清浄	せいじょう
清澄	きよすみ
清掃	せいそう
清貧	せいひん
清明	せいめい
清流	せいりゅう
清涼	せいりょう
清涼飲料水	せいりょういんりょうすい
清廉	せいれん
生	なま
生い立ち	おいたち
生きがい	いきがい
生き物	いきもの
生ずる	しょうずる
生まれつき	うまれつき
生意気	なまいき
生育	せいいく
生化学	せいかがく
生家	せいか
生涯	しょうがい
生涯教育	しょうがいきょういく
生活	せいかつ
生活難	せいかつなん
生活費	せいかつひ
生協	せいきょう
生計	せいけい
生後	せいご
生殺与奪	せいさつよだつ
生産	せいさん
生産者	せいさんしゃ
生産性	せいさんせい
生死	せいし
生糸	きいと
生殖	せいしょく
生殖器	せいしょくき
生身	なまみ
生粋	きっすい
生成	せいせい
生石灰	せいせっかい
生前	せいぜん
生憎	あいにく
生息	せいそく
生存	せいぞん
生体	せいたい
生態	せいたい
生態学	せいたいがく
生態系	せいたいけい
生誕	せいたん
生地	きじ
生中継	なまちゅうけい
生長	せいちょう
生徒	せいと
生年月日	せいねんがっぴ
生番組	なまばんぐみ
生物	せいぶつ
生物学	せいぶつがく
生保	せいほ
生放送	なまほうそう
生命	せいめい
生命保険	せいめいほけん
生卵	なまたまご
生理	せいり
生理的	せいりてき
生姜	しょうが
盛り場	さかりば
盛ん	さかん
盛況	せいきょう
盛衰	せいすい
盛大	せいだい
精	せい
精一杯	せいいっぱい
精鋭	せいえい
精液	せいえき
精巧	せいこう
精査	せいさ
精細	せいさい
精算	せいさん
精子	せいし
精神	せいしん
精神衛生	せいしんえいせい
精神科	せいしんか
精神薄弱	せいしんはくじゃく
精進	しょうじん
精製	せいせい
精選	せいせん
精通	せいつう
精度	せいど
精肉	せいにく
精米	せいまい
精密	せいみつ
精力	せいりょく
精錬	せいれん
精緻	せいち
聖域	せいいき
聖歌	せいか
聖書	せいしょ
聖人	せいじん
聖戦	せいせん
聖典	せいてん
聖堂	せいどう
聖母	せいぼ
声	こえ
声援	せいえん
声楽	せいがく
声高	こわだか
声色	こわいろ
声帯	せいたい
声明	せいめい
声紋	せいもん
声優	せいゆう
製	せい
製菓	せいか
製鋼	せいこう
製作	せいさく
製図	せいず
製造	せいぞう
製鉄	せいてつ
製糖	せいとう
製版	せいはん
製品	せいひん
製粉	せいふん
製法	せいほう
製本	せいほん
製薬	せいやく
西	にし
西ドイツ	にしドイツ
西瓜	すいか
西欧	せいおう
西口	にしぐち
西側	にしがわ
西南	せいなん
西南西	せいなんせい
西日	にしび
西部	せいぶ
西風	にしかぜ
西北	せいほく
西北西	せいほくせい
西洋	せいよう
西洋人	せいようじん
西暦	せいれき
誠に	まことに
誠意	せいい
誠実	せいじつ
誓約	せいやく
請願	せいがん
請求	せいきゅう
請求書	せいきゅうしょ
請負人	うけおいにん
逝去	せいきょ
青	あお
青果	せいか
青空	あおぞら
青菜	あおな
青酸	せいさん
青春	せいしゅん
青少年	せいしょうねん
青色	あおいろ
青信号	あおしんごう
青田買い	あおたがい
青砥	あおと
青銅	せいどう
青年	せいねん
青嵐	あおあらし
静か	しずか
静けさ	しずけさ
静穏	せいおん
静観	せいかん
静止	せいし
静寂	せいじゃく
静粛	せいしゅく
静的	せいてき
静電気	せいでんき
静物	せいぶつ
静脈	じょうみゃく
斉唱	せいしょう
税引き	ぜいびき
税額	ぜいがく
税関	ぜいかん
税金	ぜいきん
税収	ぜいしゅう
税制	ぜいせい
税法	ぜいほう
税務	ぜいむ
税務署	ぜいむしょ
税理士	ぜいりし
税率	ぜいりつ
席	せき
席上	せきじょう
惜敗	せきはい
昔	むかし
昔風	むかしふう
昔話	むかしばなし
石	こく
石英	せきえい
石灰	せっかい
石垣	いしがき
石棺	せっかん
石器時代	せっきじだい
石橋	いしばし
石鹸	せっけん
石室	せきしつ
石畳	いしだたみ
石炭	せきたん
石段	いしだん
石頭	いしあたま
石碑	せきひ
石仏	せきぶつ
石油	せきゆ
積	せき
積立	つみたて
積極	せっきょく
積極的	せっきょくてき
積載	せきさい
積算	せきさん
積雪	せきせつ
積乱雲	せきらんうん
積立金	つみたてきん
脊髄	せきずい
脊椎	せきつい
責任	せきにん
責任者	せきにんしゃ
責任転嫁	せきにんてんか
責務	せきむ
赤ちゃん	あかちゃん
赤ん坊	あかんぼう
赤外線	せきがいせん
赤軍	せきぐん
赤血球	せっけっきゅう
赤字	あかじ
赤潮	あかしお
赤道	せきどう
赤飯	せきはん
赤面	せきめん
赤毛	あかげ
赤痢	せきり
跡	あと
跡継ぎ	あとつぎ
跡取り	あととり
跡目	あとめ
切り花	きりばな
切り開き	きりひらき
切り干し	きりぼし
切り口	きりくち
切り盛り	きりもり
切り貼り	きりばり
切り売り	きりうり
切り立った	きりたった
切れ込み	きれこみ
切れ端	きれはし
切羽	きりは
切開	せっかい
切実	せつじつ
切手	きって
切除	せつじょ
切断	せつだん
切迫	せっぱく
切符	きっぷ
切腹	せっぷく
切望	せつぼう
切磋琢磨	せっさたくま
拙速	せっそく
拙劣	せつれつ
接する	せっする
接客	せっきゃく
接近	せっきん
接見	せっけん
接合	せつごう
接種	せっしゅ
接収	せっしゅう
接触	せっしょく
接戦	せっせん
接続	せつぞく
接待	せったい
接地	せっち
接着	せっちゃく
接点	せってん
接吻	せっぷん
摂氏	せっし
摂取	せっしゅ
摂理	せつり
折	おり
折から	おりから
折りたたみ	おりたたみ
折衝	せっしょう
折衷	せっちゅう
折半	せっぱん
設営	せつえい
設計	せっけい
設置	せっち
設定	せってい
設備	せつび
設問	せつもん
設立	せつりつ
窃盗	せっとう
節	せつ
節減	せつげん
節水	せっすい
節制	せっせい
節操	せっそう
節電	せつでん
節度	せつど
節分	せつぶん
節約	せつやく
説	せつ
説教	せっきょう
説得	せっとく
説得力	せっとくりょく
説明	せつめい
説明書	せつめいしょ
説話	せつわ
雪	ゆき
雪解け	ゆきどけ
雪渓	せっけい
雪国	ゆきぐに
雪辱	せつじょく
雪中	せっちゅう
雪道	ゆきみち
雪崩	なだれ
絶えず	たえず
絶え間なく	たえまなく
絶縁	ぜつえん
絶叫	ぜっきょう
絶句	ぜっく
絶交	ぜっこう
絶好	ぜっこう
絶対	ぜったい
絶大	ぜつだい
絶頂	ぜっちょう
絶版	ぜっぱん
絶壁	ぜっぺき
絶望	ぜつぼう
絶妙	ぜつみょう
絶滅	ぜつめつ
舌	した
舌戦	ぜっせん
舌足らず	したたらず
舌打ち	したうち
蝉	せみ
仙人	せんにん
先々	さきざき
先ず	まず
先に	さきに
先安	さきやす
先回り	さきまわり
先議	せんぎ
先駆	せんく
先決	せんけつ
先月	せんげつ
先見	せんけん
先遣	せんけん
先攻	せんこう
先行	せんこう
先高	さきだか
先刻	せんこく
先妻	せんさい
先取	せんしゅ
先取り	さきどり
先手	せんて
先週	せんしゅう
先勝	せんしょう
先進	せんしん
先進国	せんしんこく
先人	せんじん
先陣	せんじん
先制	せんせい
先生	せんせい
先祖	せんぞ
先代	せんだい
先達	せんだつ
先だって	せんだって
先端	せんたん
先端的	せんたんてき
先着	せんちゃく
先ほど	さきほど
先天性	せんてんせい
先天的	せんてんてき
先導	せんどう
先日	せんじつ
先入観	せんにゅうかん
先年	せんねん
先輩	せんぱい
先発	せんぱつ
先般	せんぱん
先払い	さきばらい
先物	さきもの
先鞭	せんべん
先方	せんぽう
先鋒	せんぽう
先例	せんれい
千	せん
千円札	せんえんさつ
千差万別	せんさばんべつ
千載一遇	せんざいいちぐう
千秋	せんしゅう
千秋楽	せんしゅうらく
千尋	せんじん
千草	ちぐさ
千鳥	ちどり
千島	ちしま
千万	せんまん
千里	せんり
占拠	せんきょ
占星術	せんせいじゅつ
占有	せんゆう
占領	せんりょう
宣教	せんきょう
宣教師	せんきょうし
宣言	せんげん
宣告	せんこく
宣誓	せんせい
宣戦	せんせん
宣伝	せんでん
専ら	もっぱら
専横	せんおう
専科	せんか
専業	せんぎょう
専攻	せんこう
専修	せんしゅう
専心	せんしん
専制	せんせい
専属	せんぞく
専任	せんにん
専念	せんねん
専売	せんばい
専務	せんむ
専門	せんもん
専門家	せんもんか
専門的	せんもんてき
専門店	せんもんてん
川	かわ
川沿い	かわぞい
川下	かわしも
川岸	かわぎし
川上	かわかみ
川端	かわばた
川柳	せんりゅう
戦域	せんいき
戦火	せんか
戦禍	せんか
戦艦	せんかん
戦記	せんき
戦局	せんきょく
戦国	せんごく
戦災	せんさい
戦士	せんし
戦死	せんし
戦時	せんじ
戦車	せんしゃ
戦術	せんじゅつ
戦勝	せんしょう
戦場	せんじょう
戦線	せんせん
戦前	せんぜん
戦争	せんそう
戦闘	せんとう
戦闘機	せんとうき
戦犯	せんぱん
戦没	せんぼつ
戦乱	せんらん
戦略	せんりゃく
戦力	せんりょく
戦列	せんれつ
戦慄	せんりつ
扇	おうぎ
扇子	せんす
扇動	せんどう
扇風機	せんぷうき
栓抜き	せんぬき
泉	いずみ
泉水	いずみ
浅瀬	あさせ
洗顔	せんがん
洗剤	せんざい
洗車	せんしゃ
洗浄	せんじょう
洗濯	せんたく
洗濯機	せんたくき
洗濯物	せんたくもの
洗脳	せんのう
洗髪	せんぱつ
洗面	せんめん
洗面器	せんめんき
洗面所	せんめんじょ
洗礼	せんれい
洗練	せんれん
染織	せんしょく
染色	せんしょく
染料	せんりょう
潜航	せんこう
潜在	せんざい
潜水	せんすい
潜水艦	せんすいかん
潜入	せんにゅう
潜伏	せんぷく
煎茶	せんちゃ
煎餅	せんべい
旋回	せんかい
旋盤	せんばん
旋風	せんぷう
旋律	せんりつ
線	せん
線画	せんが
線形	せんけい
線香	せんこう
線量	せんりょう
線路	せんろ
繊維	せんい
繊細	せんさい
羨望	せんぼう
船員	せんいん
船室	せんしつ
船主	せんしゅ
船首	せんしゅ
船酔い	ふなよい
船団	せんだん
船長	せんちょう
船舶	せんぱく
船尾	せんび
船便	ふなびん
船旅	ふなたび
選挙	せんきょ
選挙権	せんきょけん
選挙戦	せんきょせん
選曲	せんきょく
選考	せんこう
選手	せんしゅ
選手権	せんしゅけん
選集	せんしゅう
選出	せんしゅつ
選択	せんたく
選択科目	せんたくかもく
選択肢	せんたくし
選定	せんてい
選任	せんにん
選抜	せんばつ
選別	せんべつ
銭	せん
銭湯	せんとう
銑鉄	せんてつ
鮮やか	あざやか
鮮魚	せんぎょ
鮮度	せんど
鮮明	せんめい
鮮烈	せんれつ
前	まえ
前衛	ぜんえい
前科	ぜんか
前回	ぜんかい
前期	ぜんき
前記	ぜんき
前駆	ぜんく
前言	ぜんげん
前後	ぜんご
前向き	まえむき
前項	ぜんこう
前座	ぜんざ
前菜	ぜんさい
前山	まえやま
前史	ぜんし
前者	ぜんしゃ
前借り	まえがり
前週	ぜんしゅう
前述	ぜんじゅつ
前書き	まえがき
前哨戦	ぜんしょうせん
前場	ぜんば
前触れ	まえぶれ
前身	ぜんしん
前進	ぜんしん
前世	ぜんせい
前世界	ぜんせかい
前世紀	ぜんせいき
前節	ぜんせつ
前線	ぜんせん
前奏曲	ぜんそうきょく
前代	ぜんだい
前代未聞	ぜんだいみもん
前段	ぜんだん
前置き	まえおき
前著	ぜんちょ
前庭	ぜんてい
前提	ぜんてい
前途	ぜんと
前頭	まえがしら
前日	ぜんじつ
前任	ぜんにん
前任者	ぜんにんしゃ
前年	ぜんねん
前年度	ぜんねんど
前髪	まえがみ
前半戦	ぜんはんせん
前部	ぜんぶ
前文	ぜんぶん
前方	ぜんぽう
前方後円墳	ぜんぽうこうえんふん
前面	ぜんめん
前門	ぜんもん
前夜	ぜんや
前夜祭	ぜんやさい
前立腺	ぜんりつせん
前略	ぜんりゃく
前例	ぜんれい
前歴	ぜんれき
前列	ぜんれつ
善	ぜん
善悪	ぜんあく
善意	ぜんい
善玉	ぜんだま
善行	ぜんこう
善処	ぜんしょ
善人	ぜんにん
善戦	ぜんせん
善良	ぜんりょう
善隣	ぜんりん
漸く	ようやく
漸減	ぜんげん
漸次	ぜんじ
漸進	ぜんしん
そう言う	そういう
全	ぜん
真っ当	まっとう
全く	まったく
全域	ぜんいき
全員	ぜんいん
全壊	ぜんかい
全快	ぜんかい
全開	ぜんかい
全額	ぜんがく
全巻	ぜんかん
全館	ぜんかん
全曲	ぜんきょく
全軍	ぜんぐん
全権	ぜんけん
全戸	ぜんこ
全校	ぜんこう
全国的	ぜんこくてき
全市	ぜんし
全社	ぜんしゃ
全集	ぜんしゅう
全勝	ぜんしょう
全焼	ぜんしょう
全身	ぜんしん
全人	ぜんじん
全世界	ぜんせかい
全盛	ぜんせい
全然	ぜんぜん
全速力	ぜんそくりょく
全体	ぜんたい
全体主義	ぜんたいしゅぎ
全長	ぜんちょう
全店	ぜんてん
全土	ぜんど
全島	ぜんとう
全日	ぜんじつ
全日制	ぜんにちせい
全廃	ぜんぱい
全敗	ぜんぱい
全般	ぜんぱん
全部	ぜんぶ
全幅	ぜんぷく
全文	ぜんぶん
全米	ぜんべい
全編	ぜんぺん
全貌	ぜんぼう
全滅	ぜんめつ
全面	ぜんめん
全面的	ぜんめんてき
全訳	ぜんやく
全容	ぜんよう
全裸	ぜんら
全量	ぜんりょう
全力	ぜんりょく
禅	ぜん
禅寺	ぜんでら
禅宗	ぜんしゅう
禅僧	ぜんそう
禅問答	ぜんもんどう
膳	ぜん
措置	そち
狙い撃ち	ねらいうち
狙撃	そげき
狙撃兵	そげきへい
疎か	おろそか
疎ら	まばら
疎遠	そえん
疎開	そかい
疎外	そがい
疎通	そつう
礎	いしずえ
礎石	そせき
祖国	そこく
祖先	そせん
祖父	そふ
祖父母	そふぼ
祖母	そぼ
租界	そかい
租税	そぜい
粗悪	そあく
粗筋	あらすじ
粗大	そだい
粗品	そしな
粗暴	そぼう
粗末	そまつ
粗野	そや
素因	そいん
素顔	すがお
素行	そこう
素材	そざい
素子	そし
素質	そしつ
素手	すで
素人	しろうと
素性	すじょう
素足	すあし
素直	すなお
素敵	すてき
素肌	すはだ
素描	そびょう
素朴	そぼく
素養	そよう
素粒子	そりゅうし
組	くみ
組閣	そかく
組曲	くみきょく
組合	くみあい
組織	そしき
組織的	そしきてき
組成	そせい
組長	くみちょう
訴訟	そしょう
訴状	そじょう
訴追	そつい
阻害	そがい
阻止	そし
鼠	ネズミ
僧	そう
僧院	そういん
僧籍	そうせき
僧堂	そうどう
僧侶	そうりょ
創意	そうい
創価学会	そうかがっかい
創刊	そうかん
創業	そうぎょう
創建	そうけん
創作	そうさく
創始	そうし
創世	そうせい
創世記	そうせいき
創設	そうせつ
創造	そうぞう
創造的	そうぞうてき
創造力	そうぞうりょく
創立	そうりつ
双	そう
双眼鏡	そうがんきょう
双子	ふたご
双生児	そうせいじ
双頭	そうとう
双発	そうはつ
双方	そうほう
叢書	そうしょ
叢立ち	そうだち
倉庫	そうこ
倉敷	くらしき
喪失	そうしつ
喪主	もしゅ
喪章	もしょう
喪服	もふく
壮観	そうかん
壮行	そうこう
壮絶	そうぜつ
壮大	そうだい
壮年	そうねん
壮麗	そうれい
壮烈	そうれつ
奏者	そうしゃ
奏法	そうほう
爽やか	さわやか
爽快	そうかい
惣菜	そうざい
想起	そうき
想像	そうぞう
想定	そうてい
捜査	そうさ
捜索	そうさく
掃海	そうかい
掃除	そうじ
掃討	そうとう
挿入	そうにゅう
挿話	そうわ
かき氷	かきごおり
操	みさお
操業	そうぎょう
操作	そうさ
操車	そうしゃ
操縦	そうじゅう
早引け	はやびけ
早期	そうき
早起き	はやおき
早計	そうけい
早口	はやくち
早熟	そうじゅく
早瀬	はやせ
早足	はやあし
早速	さっそく
早退	そうたい
早朝	そうちょう
早晩	そうばん
巣	す
巣箱	すばこ
槍	やり
漕艇	そうてい
争議	そうぎ
争奪	そうだつ
争点	そうてん
相違	そうい
相応	そうおう
相関	そうかん
相打ち	あいうち
相互銀行	そうごぎんこう
相殺	そうさい
相似	そうじ
相手	あいて
相手方	あいてかた
相乗	そうじょう
相場	そうば
相続	そうぞく
相対	あいたい
相対性理論	そうたいせいりろん
相対的	そうたいてき
相談	そうだん
相槌	あいづち
相当	そうとう
相変わらず	あいかわらず
相棒	あいぼう
相撲	すもう
相撲取り	すもうとり
窓	まど
窓越し	まどごし
窓口	まどぐち
窓際	まどぎわ
総	そう
総意	そうい
総会	そうかい
総会屋	そうかいや
総額	そうがく
総括	そうかつ
総監	そうかん
総計	そうけい
総決算	そうけっさん
総攻撃	そうこうげき
総合的	そうごうてき
総裁	そうさい
総辞職	そうじしょく
総収入	そうしゅうにゅう
総称	そうしょう
総帥	そうすい
総数	そうすう
総勢	そうぜい
総選挙	そうせんきょ
総体	そうたい
総代	そうだい
総長	そうちょう
総統	そうとう
総督	そうとく
総評	そうひょう
総務	そうむ
総目録	そうもくろく
総覧	そうらん
総理	そうり
総理大臣	そうりだいじん
総理府	そうりふ
総量	そうりょう
総領事	そうりょうじ
総力	そうりょく
総和	そうわ
草	くさ
草の根	くさのね
草案	そうあん
草花	くさばな
草原	そうげん
草稿	そうこう
草取り	くさとり
草書	そうしょ
草笛	くさぶえ
草野球	くさやきゅう
草履	ぞうり
荘園	しょうえん
荘厳	そうごん
葬儀	そうぎ
葬式	そうしき
葬送	そうそう
葬列	そうれつ
藻	も
藻類	そうるい
装具	そうぐ
装甲	そうこう
装飾	そうしょく
装束	しょうぞく
装置	そうち
装着	そうちゃく
装備	そうび
走り高跳び	はしりたかとび
走り書き	はしりがき
走り幅跳び	はしりはばとび
走行	そうこう
走査	そうさ
走者	そうしゃ
送り仮名	おくりがな
送り先	おくりさき
送還	そうかん
送金	そうきん
送迎	そうげい
送検	そうけん
送受	そうじゅ
送信	そうしん
送電	そうでん
送付	そうふ
送別	そうべつ
送別会	そうべつかい
送料	そうりょう
遭遇	そうぐう
遭難	そうなん
霜	しも
霜降り	しもふり
騒音	そうおん
騒然	そうぜん
騒動	そうどう
騒乱	そうらん
像	ぞう
増員	ぞういん
増援	ぞうえん
増加	ぞうか
増刊	ぞうかん
増強	ぞうきょう
増減	ぞうげん
増刷	ぞうさつ
増産	ぞうさん
増資	ぞうし
増収	ぞうしゅう
増殖	ぞうしょく
増進	ぞうしん
増税	ぞうぜい
増設	ぞうせつ
増大	ぞうだい
増築	ぞうちく
増長	ぞうちょう
増幅	ぞうふく
憎しみ	にくしみ
憎悪	ぞうお
臓器	ぞうき
蔵書	ぞうしょ
蔵相	ぞうしょう
贈り主	おくりぬし
贈収賄	ぞうしゅうわい
贈呈	ぞうてい
贈答	ぞうとう
贈与	ぞうよ
贈賄	ぞうわい
造形	ぞうけい
造語	ぞうご
造作	ぞうさ
造船	ぞうせん
造林	ぞうりん
促進	そくしん
促成	そくせい
側	そば
側近	そっきん
側溝	そっこう
側室	そくしつ
側壁	そくへき
側面	そくめん
即する	そくする
即ち	すなわち
即位	そくい
即応	そくおう
即興	そっきょう
即効	そっこう
即刻	そっこく
即座	そくざ
即座に	そくざに
即死	そくし
即時	そくじ
即席	そくせき
即断	そくだん
即答	そくとう
即日	そくじつ
即売	そくばい
即物的	そくぶつてき
息	いき
息子	むすこ
息吹	いぶき
息切れ	いきぎれ
息抜き	いきぬき
束	たば
つかの間	つかのま
束縛	そくばく
測候所	そっこうじょ
測地	そくち
測定	そくてい
測量	そくりょう
足	あし
足し算	たしざん
足音	あしおと
足腰	あしこし
足止め	あしどめ
足取り	あしどり
足首	あしくび
足場	あしば
足早	あしばや
足袋	たび
足踏み	あしぶみ
足並み	あしなみ
速さ	はやさ
速やか	すみやか
速記	そっき
速達	そくたつ
速度	そくど
速報	そくほう
速力	そくりょく
俗語	ぞくご
俗説	ぞくせつ
属する	ぞくする
属性	ぞくせい
族	ぞく
続行	ぞっこう
続出	ぞくしゅつ
続発	ぞくはつ
続編	ぞくへん
卒業	そつぎょう
卒業後	そつぎょうご
卒業式	そつぎょうしき
卒業生	そつぎょうせい
袖	そで
其のまま	そのまま
其れでは	それでは
其れでも	それでも
其れなら	それなら
其処で	そこで
存在	そんざい
存続	そんぞく
存分	ぞんぶん
孫	まご
孫娘	まごむすめ
尊敬	そんけい
尊厳	そんげん
尊重	そんちょう
尊称	そんしょう
損	そん
損益	そんえき
損害	そんがい
損害賠償	そんがいばいしょう
損害保険	そんがいほけん
損失	そんしつ
損傷	そんしょう
損得	そんとく
村	むら
村人	むらびと
村長	そんちょう
村八分	むらはちぶ
村民	そんみん
他意	たい
他界	たかい
他国	たこく
他殺	たさつ
他山の石	たざんのいし
他社	たしゃ
他者	たしゃ
他店	たてん
他派	たは
他方	たほう
他面	ためん
他力	たりき
多	た
多寡	たか
多額	たがく
多岐	たき
多元	たげん
多元的	たげんてき
多彩	たさい
多才	たさい
多産	たさん
多湿	たしつ
多種	たしゅ
多種多様	たしゅたよう
多重	たじゅう
多少	たしょう
多数	たすう
多数決	たすうけつ
多勢	たぜい
多大	ただい
多難	たなん
多年	たねん
多年草	たねんそう
多分	たぶん
多弁	たべん
多忙	たぼう
多面	ためん
多目的	たもくてき
多様	たよう
多様化	たようか
多様性	たようせい
多用	たよう
多量	たりょう
太っ腹	ふとっぱら
太古	たいこ
太もも	ふともも
太鼓	たいこ
太鼓判	たいこばん
太字	ふとじ
太刀	たち
太刀打ち	たちうち
太平洋	たいへいよう
太陽	たいよう
唾	つば
堕胎	だたい
堕落	だらく
妥協	だきょう
妥結	だけつ
妥当	だとう
惰性	だせい
打つ手	うつて
打開	だかい
打楽器	だがっき
打撃	だげき
打算的	ださんてき
打者	だしゃ
打診	だしん
打数	だすう
打線	だせん
打倒	だとう
打破	だは
打撲	だぼく
打率	だりつ
舵	かじ
楕円	だえん
駄菓子	だがし
駄目	だめ
体	からだ
体育	たいいく
体育館	たいいくかん
体液	たいえき
体温	たいおん
体温計	たいおんけい
体外	たいがい
体外受精	たいがいじゅせい
体格	たいかく
体感	たいかん
体型	たいけい
体系	たいけい
体系的	たいけいてき
体験	たいけん
体現	たいげん
体裁	ていさい
体質	たいしつ
体臭	たいしゅう
体重	たいじゅう
体制	たいせい
体積	たいせき
体操	たいそう
体調	たいちょう
体長	たいちょう
体得	たいとく
体内	たいない
体罰	たいばつ
体つき	からだつき
体面	たいめん
体力	たいりょく
堆積	たいせき
堆肥	たいひ
対	たい
対案	たいあん
対応	たいおう
対外	たいがい
対岸	たいがん
対決	たいけつ
対向	たいこう
対抗	たいこう
対策	たいさく
対処	たいしょ
対照	たいしょう
対称	たいしょう
対象	たいしょう
対戦	たいせん
対談	たいだん
対等	たいとう
対比	たいひ
対面	たいめん
対訳	たいやく
対立	たいりつ
対話	たいわ
対峙	たいじ
耐火	たいか
耐久	たいきゅう
耐震	たいしん
耐熱	たいねつ
帯	たい
待ち伏せ	まちぶせ
待機	たいき
待遇	たいぐう
待合室	まちあいしつ
待望	たいぼう
怠け者	なまけもの
怠惰	たいだ
怠慢	たいまん
態と	わざと
態勢	たいせい
態度	たいど
頂きます	いただきます
戴冠式	たいかんしき
替え玉	かえだま
泰然	たいぜん
滞在	たいざい
滞納	たいのう
胎教	たいきょう
胎児	たいじ
胎動	たいどう
胎内	たいない
胎盤	たいばん
苔	こけ
袋	ふくろ
袋小路	ふくろこうじ
貸付	かしつけ
貸家	かしや
貸借	たいしゃく
貸し倒れ	かしだおれ
貸与	たいよ
引き時	ひきどき
退位	たいい
退院	たいいん
退化	たいか
退会	たいかい
退学	たいがく
退官	たいかん
退却	たいきゃく
退去	たいきょ
退散	たいさん
退治	たいじ
退社	たいしゃ
退出	たいしゅつ
退職	たいしょく
退陣	たいじん
退任	たいにん
退避	たいひ
逮捕	たいほ
隊員	たいいん
隊長	たいちょう
鯛	タイ
代案	だいあん
代価	だいか
代官	だいかん
代議	だいぎ
代議士	だいぎし
代金	だいきん
代行	だいこう
代執行	だいしっこう
代謝	たいしゃ
代書	だいしょ
代償	だいしょう
代人	だいにん
代走	だいそう
代打	だいだ
代読	だいどく
代筆	だいひつ
代表	だいひょう
代表作	だいひょうさく
代表的	だいひょうてき
代物	しろもの
代弁	だいべん
代名詞	だいめいし
代役	だいやく
代用	だいよう
代理	だいり
代理人	だいりにん
代理店	だいりてん
台	だい
台形	だいけい
台座	だいざ
台紙	だいし
台車	だいしゃ
台所	だいどころ
台場	だいば
台地	だいち
台帳	だいちょう
台頭	たいとう
台本	だいほん
台無し	だいなし
台湾	たいわん
大々的	だいだいてき
大いに	おおいに
大きな	おおきな
大きさ	おおきさ
大雑把	おおざっぱ
大した	たいした
大して	たいして
大まか	おおまか
大安	たいあん
大尉	たいい
大宇宙	だいうちゅう
大雨	おおあめ
大奥	おおおく
大王	だいおう
大家	たいか
大家族	だいかぞく
大火	たいか
大会	たいかい
大晦日	おおみそか
大海	たいかい
大概	たいがい
大学	だいがく
大学院	だいがくいん
大学生	だいがくせい
大掛かり	おおがかり
大企業	だいきぎょう
大喜び	おおよろこび
大気	たいき
大規模	だいきぼ
大義名分	たいぎめいぶん
大急ぎ	おおいそぎ
大漁	たいりょう
大仰	おおぎょう
大局	たいきょく
大筋	おおすじ
大金	たいきん
大空	おおぞら
大群	たいぐん
大型	おおがた
大嫌い	だいきらい
大公	たいこう
大好き	だいすき
大工	だいく
大国	たいこく
大黒柱	だいこくばしら
大根	だいこん
大佐	たいさ
大差	たいさ
大祭	たいさい
大作	たいさく
大使	たいし
大使館	たいしかん
大司教	だいしきょう
大志	たいし
大枝	おおえだ
大事	だいじ
大字	おおあざ
大社	たいしゃ
大手	おおて
大樹	たいじゅ
大衆	たいしゅう
大衆文学	たいしゅうぶんがく
大勝	たいしょう
大小	だいしょう
大笑い	おおわらい
大賞	たいしょう
大丈夫	だいじょうぶ
大臣	だいじん
大人	おとな
大水	おおみず
大勢	おおぜい
大成功	だいせいこう
大正	たいしょう
大盛り	おおもり
大声	おおごえ
大西洋	たいせいよう
大昔	おおむかし
大切	たいせつ
大雪	おおゆき
大戦	たいせん
大全	たいぜん
大層	たいそう
大掃除	おおそうじ
大相撲	おおずもう
大騒ぎ	おおさわぎ
大蔵	おおくら
大蔵省	おおくらしょう
大多数	だいたすう
大体	だいたい
大隊	だいたい
大胆	だいたん
大男	おおおとこ
大地	だいち
大腸	だいちょう
大通り	おおどおり
大抵	たいてい
大敵	たいてき
大都市	だいとし
大統領	だいとうりょう
大豆	だいず
大徳	だいとく
大入り	おおいり
大脳	だいのう
大波	おおなみ
大麦	おおむぎ
大半	たいはん
大部	だいぶ
大部分	だいぶぶん
大幅	おおはば
大仏	だいぶつ
大物	おおもの
大分	だいぶ
大文字	おおもじ
大柄	おおがら
大別	たいべつ
大変	たいへん
大便	だいべん
大方	おおかた
大砲	たいほう
大麻	たいま
大名	だいみょう
大木	たいぼく
大理石	だいりせき
大陸	たいりく
大陸棚	たいりくだな
大粒	おおつぶ
大量	たいりょう
第	だい
第一	だいいち
第一印象	だいいちいんしょう
第一人者	だいいちにんしゃ
第一歩	だいいっぽ
第三者	だいさんしゃ
第二	だいに
醍醐味	だいごみ
題	だい
題材	だいざい
題名	だいめい
題目	だいもく
鷹	たか
滝	たき
滝口	たきぐち
滝川	たきがわ
卓	たく
卓越	たくえつ
卓球	たっきゅう
卓上	たくじょう
卓抜	たくばつ
宅	たく
宅急便	たっきゅうびん
宅地	たくち
宅配	たくはい
宅配便	たくはいびん
托鉢	たくはつ
択一	たくいつ
拓殖	たくしょく
拓本	たくほん
沢	さわ
沢庵	たくあん
沢山	たくさん
託児所	たくじしょ
託宣	たくせん
濁流	だくりゅう
諾否	だくひ
茸	きのこ
但し	ただし
達	たち
達する	たっする
達者	たっしゃ
達人	たつじん
達成	たっせい
達磨	だるま
辰	たつ
奪回	だっかい
奪還	だっかん
奪取	だっしゅ
脱する	だっする
脱却	だっきゃく
脱出	だっしゅつ
脱色	だっしょく
脱水	だっすい
脱税	だつぜい
脱線	だっせん
脱退	だったい
脱皮	だっぴ
脱帽	だつぼう
脱毛	だつもう
脱落	だつらく
棚	たな
棚上げ	たなあげ
谷間	たにま
谷川	たにがわ
谷底	たにぞこ
狸	たぬき
誰	だれ
誰か	だれか
誰でも	だれでも
誰も	だれも
丹精	たんせい
丹念	たんねん
単なる	たんなる
単に	たんに
単位	たんい
単一	たんいつ
単価	たんか
単語	たんご
単行本	たんこうぼん
単純	たんじゅん
単純化	たんじゅんか
単色	たんしょく
単身	たんしん
単身赴任	たんしんふにん
単数	たんすう
単線	たんせん
単体	たんたい
単調	たんちょう
単刀直入	たんとうちょくにゅう
単独	たんどく
単発	たんぱつ
単複	たんぷく
単利	たんり
嘆願	たんがん
嘆息	たんそく
担架	たんか
担当	たんとう
担当者	たんとうしゃ
担任	たんにん
担保	たんぽ
探求	たんきゅう
探究	たんきゅう
探検隊	たんけんたい
探鉱	たんこう
探査	たんさ
探索	たんさく
探知	たんち
探知機	たんちき
探偵	たんてい
探訪	たんぼう
旦那	だんな
淡紅色	たんこうしょく
淡水	たんすい
炭	すみ
炭化	たんか
炭酸	たんさん
炭水化物	たんすいかぶつ
炭素	たんそ
短歌	たんか
短期	たんき
短期大学	たんきだいがく
短気	たんき
短距離	たんきょり
短冊	たんざく
短詩	たんし
短時間	たんじかん
短銃	たんじゅう
短縮	たんしゅく
短所	たんしょ
短大	たんだい
短調	たんちょう
短刀	たんとう
短波	たんぱ
短命	たんめい
短絡	たんらく
端子	たんし
端緒	たんしょ
端数	はすう
端正	たんせい
端的	たんてき
端末	たんまつ
端役	はやく
箪笥	たんす
胆汁	たんじゅう
胆石	たんせき
タンパク質	たんぱくしつ
誕生	たんじょう
誕生日	たんじょうび
鍛錬	たんれん
団員	だんいん
団栗	どんぐり
団結	だんけつ
団子	だんご
団扇	うちわ
団体	だんたい
団地	だんち
団長	だんちょう
壇	だん
弾圧	だんあつ
弾劾	だんがい
弾丸	だんがん
弾痕	だんこん
弾性	だんせい
弾頭	だんとう
弾道	だんどう
弾薬	だんやく
弾力	だんりょく
断じて	だんじて
断崖	だんがい
断言	だんげん
断固	だんこ
断行	だんこう
断罪	だんざい
断食	だんじき
断水	だんすい
断絶	だんぜつ
断然	だんぜん
断層	だんそう
断続	だんぞく
断腸	だんちょう
断定	だんてい
断念	だんねん
断片	だんぺん
断末魔	だんまつま
断面	だんめん
暖冬	だんとう
暖房	だんぼう
暖流	だんりゅう
暖簾	のれん
暖炉	だんろ
段ボール	ダンボール
段違い	だんちがい
段階	だんかい
段取り	だんどり
段落	だんらく
男	おとこ
男の子	おとこのこ
男の人	おとこのひと
男泣き	おとこなき
男子	だんし
男爵	だんしゃく
男女	だんじょ
男女同権	だんじょどうけん
男性	だんせい
男前	おとこまえ
男装	だんそう
男尊女卑	だんそんじょひ
男優	だんゆう
談義	だんぎ
談合	だんごう
談笑	だんしょう
談話	だんわ
値打ち	ねうち
知らん顔	しらんかお
知覚	ちかく
知恵	ちえ
知見	ちけん
知己	ちき
知事	ちじ
知識	ちしき
知人	ちじん
知性	ちせい
知的	ちてき
知能	ちのう
知名	ちめい
知力	ちりょく
地	ち
地位	ちい
地域	ちいき
地下	ちか
地下室	ちかしつ
地下鉄	ちかてつ
地下道	ちかどう
地価	ちか
地殻	ちかく
地殻変動	ちかくへんどう
地球	ちきゅう
地球温暖化	ちきゅうおんだんか
地球儀	ちきゅうぎ
地区	ちく
地形	ちけい
地検	ちけん
地元	じもと
地獄	じごく
地裁	ちさい
地誌	ちし
地質	ちしつ
地質学	ちしつがく
地主	じぬし
地酒	じざけ
地所	じしょ
地上	ちじょう
地震	じしん
地震学	じしんがく
地図	ちず
地勢	ちせい
地層	ちそう
地蔵	じぞう
地帯	ちたい
地代	ちだい
地点	ちてん
地道	じみち
地肌	じはだ
地盤	じばん
地平	ちへい
地平線	ちへいせん
地方	ちほう
地方裁判所	ちほうさいばんしょ
地味	じみ
地名	ちめい
地面	じめん
地雷	じらい
地理	ちり
恥	はじ
恥辱	ちじょく
池	いけ
痴漢	ちかん
痴呆	ちほう
稚魚	ちぎょ
稚拙	ちせつ
置き場	おきば
致死	ちし
致死量	ちしりょう
致命	ちめい
致命傷	ちめいしょう
致命的	ちめいてき
蜘蛛	くも
遅延	ちえん
遅刻	ちこく
遅咲き	おそざき
遅滞	ちたい
遅配	ちはい
築山	つきやま
畜産	ちくさん
畜生	ちくしょう
竹	たけ
竹細工	たけざいく
竹刀	しない
竹馬	たけうま
竹林	ちくりん
蓄音機	ちくおんき
蓄財	ちくざい
蓄積	ちくせき
蓄電池	ちくでんち
逐一	ちくいち
逐次	ちくじ
秩序	ちつじょ
窒素	ちっそ
窒息	ちっそく
茶	ちゃ
茶の間	ちゃのま
茶の湯	ちゃのゆ
茶屋	ちゃや
茶会	ちゃかい
茶褐色	ちゃかっしょく
茶室	ちゃしつ
茶色	ちゃいろ
茶道	さどう
茶番	ちゃばん
嫡子	ちゃくし
着衣	ちゃくい
着工	ちゃっこう
着実	ちゃくじつ
着手	ちゃくしゅ
着色	ちゃくしょく
着信	ちゃくしん
着心地	きごこち
着席	ちゃくせき
着想	ちゃくそう
着任	ちゃくにん
着服	ちゃくふく
着物	きもの
着目	ちゃくもく
着用	ちゃくよう
着陸	ちゃくりく
中	なか
中位	ちゅうい
中尉	ちゅうい
中央	ちゅうおう
中央集権	ちゅうおうしゅうけん
中欧	ちゅうおう
中華	ちゅうか
中華街	ちゅうかがい
中華人民共和国	ちゅうかじんみんきょうわこく
中華民国	ちゅうかみんこく
中華料理	ちゅうかりょうり
中垣	なかがき
中学	ちゅうがく
中学校	ちゅうがっこう
中学生	ちゅうがくせい
中間	ちゅうかん
中間配当額	ちゅうかんはいとうがく
中期	ちゅうき
中規模	ちゅうきぼ
中級	ちゅうきゅう
中距離	ちゅうきょり
中京	ちゅうきょう
中共	ちゅうきょう
中興	ちゅうこう
中空	ちゅうくう
中型	ちゅうがた
中継	ちゅうけい
中継ぎ	なかつぎ
中堅	ちゅうけん
中元	ちゅうげん
中原	ちゅうげん
中古	ちゅうこ
中古車	ちゅうこしゃ
中古品	ちゅうこひん
中国	ちゅうごく
中国語	ちゅうごくご
中国人	ちゅうごくじん
中佐	ちゅうさ
中座	ちゅうざ
中産階級	ちゅうさんかいきゅう
中止	ちゅうし
中耳	ちゅうじ
中耳炎	ちゅうじえん
中軸	ちゅうじく
中旬	ちゅうじゅん
中傷	ちゅうしょう
中将	ちゅうじょう
中小	ちゅうしょう
中小企業	ちゅうしょうきぎょう
中心	ちゅうしん
中震	ちゅうしん
中枢	ちゅうすう
中世	ちゅうせい
中性	ちゅうせい
中性子	ちゅうせいし
中絶	ちゅうぜつ
中前	ちゅうぜん
中退	ちゅうたい
中隊	ちゅうたい
中断	ちゅうだん
中段	ちゅうだん
中庭	なかにわ
中途	ちゅうと
中途半端	ちゅうとはんぱ
中島	なかじま
中東	ちゅうとう
中等	ちゅうとう
中道	ちゅうどう
中毒	ちゅうどく
中南米	ちゅうなんべい
中二階	ちゅうにかい
中肉	ちゅうにく
中日	ちゅうにち
中年	ちゅうねん
中波	ちゅうは
中盤	ちゅうばん
中部	ちゅうぶ
中腹	ちゅうふく
中幕	なかまく
中葉	ちゅうよう
中立	ちゅうりつ
中略	ちゅうりゃく
中流	ちゅうりゅう
中和	ちゅうわ
仲	なか
仲介	ちゅうかい
仲間	なかま
仲間入り	なかまいり
仲居	なかい
仲裁	ちゅうさい
仲人	なこうど
中値	なかね
仲直り	なかなおり
仲買	なかがい
仲買人	なかがいにん
仲立ち	なかだち
仲良く	なかよく
仲良し	なかよし
宙返り	ちゅうがえり
忠義	ちゅうぎ
忠孝	ちゅうこう
忠告	ちゅうこく
忠誠	ちゅうせい
抽出	ちゅうしゅつ
抽象	ちゅうしょう
抽象的	ちゅうしょうてき
抽選	ちゅうせん
昼	ひる
昼下がり	ひるさがり
昼過ぎ	ひるすぎ
昼休み	ひるやすみ
昼寝	ひるね
昼前	ひるまえ
昼飯	ひるめし
昼夜	ちゅうや
柱	はしら
注	ちゅう
注意	ちゅうい
注意報	ちゅういほう
注射	ちゅうしゃ
注釈	ちゅうしゃく
注入	ちゅうにゅう
注文	ちゅうもん
注目	ちゅうもく
虫	むし
虫垂炎	ちゅうすいえん
衷心	ちゅうしん
酎ハイ	チューハイ
鋳型	いがた
鋳造	ちゅうぞう
鋳物	いもの
駐在	ちゅうざい
駐車	ちゅうしゃ
駐車場	ちゅうしゃじょう
駐屯	ちゅうとん
駐日	ちゅうにち
駐留	ちゅうりゅう
猪	いのしし
猪口	ちょこ
著作	ちょさく
著作権	ちょさくけん
著者	ちょしゃ
著述	ちょじゅつ
著書	ちょしょ
著名	ちょめい
貯金	ちょきん
貯水	ちょすい
貯水池	ちょすいち
貯蔵	ちょぞう
丁重	ていちょう
丁度	ちょうど
丁寧	ていねい
丁目	ちょうめ
兆	ちょう
帳消し	ちょうけし
帳簿	ちょうぼ
庁	ちょう
庁舎	ちょうしゃ
弔い合戦	とむらいがっせん
弔辞	ちょうじ
弔電	ちょうでん
弔問	ちょうもん
張り紙	はりがみ
彫金	ちょうきん
彫刻	ちょうこく
彫塑	ちょうそ
彫像	ちょうぞう
徴収	ちょうしゅう
徴税	ちょうぜい
徴兵	ちょうへい
徴用	ちょうよう
懲戒	ちょうかい
懲罰	ちょうばつ
懲役	ちょうえき
挑戦	ちょうせん
挑発	ちょうはつ
挑発的	ちょうはつてき
朝	あさ
朝刊	ちょうかん
朝顔	あさがお
朝市	あさいち
朝焼け	あさやけ
朝食	ちょうしょく
朝寝坊	あさねぼう
朝鮮	ちょうせん
朝鮮半島	ちょうせんはんとう
朝廷	ちょうてい
朝日	あさひ
朝晩	あさばん
朝方	あさがた
朝霧	あさぎり
朝夕	あさゆう
朝令暮改	ちょうれいぼかい
朝礼	ちょうれい
潮	しお
潮時	しおどき
潮風	しおかぜ
潮流	ちょうりゅう
町家	まちや
町会	ちょうかい
町外れ	まちはずれ
町人	ちょうにん
町村	ちょうそん
町長	ちょうちょう
町内	ちょうない
町民	ちょうみん
眺望	ちょうぼう
聴覚	ちょうかく
聴講	ちょうこう
聴取	ちょうしゅ
聴衆	ちょうしゅう
聴診器	ちょうしんき
聴聞会	ちょうもんかい
聴力	ちょうりょく
腸	ちょう
蝶	ちょう
調印	ちょういん
調合	ちょうごう
調査	ちょうさ
調剤	ちょうざい
調子	ちょうし
調書	ちょうしょ
調整	ちょうせい
調製	ちょうせい
調節	ちょうせつ
調達	ちょうたつ
調停	ちょうてい
調度	ちょうど
調味料	ちょうみりょう
調理	ちょうり
調律	ちょうりつ
調和	ちょうわ
超	ちょう
超越	ちょうえつ
超音速	ちょうおんそく
超過	ちょうか
超自然	ちょうしぜん
超人	ちょうじん
超特急	ちょうとっきゅう
超能力	ちょうのうりょく
跳躍	ちょうやく
銚子	ちょうし
長	ちょう
長い間	ながいあいだ
長さ	ながさ
長官	ちょうかん
長閑	のどか
長期	ちょうき
長期的	ちょうきてき
長久	ちょうきゅう
長居	ながい
長距離	ちょうきょり
長持ち	ながもち
長時間	ちょうじかん
長者	ちょうじゃ
長蛇の列	ちょうだのれつ
長寿	ちょうじゅ
長所	ちょうしょ
長女	ちょうじょ
長続き	ながつづき
長袖	ながそで
長短	ちょうたん
長男	ちょうなん
長調	ちょうちょう
長年	ながねん
長編	ちょうへん
長方形	ちょうほうけい
長老	ちょうろう
長話	ながばなし
頂	いただき
頂上	ちょうじょう
頂戴	ちょうだい
頂点	ちょうてん
鳥	とり
鳥居	とりい
鳥肌	とりはだ
鳥類	ちょうるい
直ぐ	すぐ
直ぐに	すぐに
すぐ側	すぐそば
直ぐさま	すぐさま
直ちに	ただちに
直に	じかに
直営	ちょくえい
直下	ちょっか
値下がり	ねさがり
直角	ちょっかく
直轄	ちょっかつ
直感	ちょっかん
直系	ちょっけい
直撃	ちょくげき
直結	ちょっけつ
直言	ちょくげん
直後	ちょくご
直航	ちょっこう
直行	ちょっこう
直視	ちょくし
直射	ちょくしゃ
直進	ちょくしん
直接	ちょくせつ
直接行動	ちょくせつこうどう
直接税	ちょくせつぜい
直接的	ちょくせつてき
直線	ちょくせん
直前	ちょくぜん
直訴	じきそ
直送	ちょくそう
地下足袋	じかたび
直属	ちょくぞく
直談判	じかだんぱん
直腸	ちょくちょう
直通	ちょくつう
直売	ちょくばい
直筆	じきひつ
直方体	ちょくほうたい
直面	ちょくめん
直訳	ちょくやく
直立	ちょくりつ
直流	ちょくりゅう
直列	ちょくれつ
沈下	ちんか
沈降	ちんこう
沈静	ちんせい
沈滞	ちんたい
沈着	ちんちゃく
沈痛	ちんつう
沈没	ちんぼつ
沈黙	ちんもく
珍	ちん
珍重	ちんちょう
珍品	ちんぴん
珍味	ちんみ
賃金	ちんぎん
賃借	ちんしゃく
賃上げ	ちんあげ
賃貸	ちんたい
鎮圧	ちんあつ
鎮火	ちんか
鎮魂	ちんこん
鎮座	ちんざ
鎮守	ちんじゅ
鎮静	ちんせい
鎮痛剤	ちんつうざい
陳謝	ちんしゃ
陳述	ちんじゅつ
陳情	ちんじょう
陳腐	ちんぷ
陳列	ちんれつ
津波	つなみ
墜落	ついらく
椎茸	しいたけ
追い討ち	おいうち
追っ手	おって
追憶	ついおく
追加	ついか
追加料金	ついかりょうきん
追及	ついきゅう
追求	ついきゅう
追究	ついきゅう
追撃	ついげき
追伸	ついしん
追随	ついずい
追跡	ついせき
追善	ついぜん
追想	ついそう
追徴	ついちょう
追悼	ついとう
追突	ついとつ
追認	ついにん
追放	ついほう
痛快	つうかい
痛感	つうかん
痛恨	つうこん
痛手	いたで
痛切	つうせつ
痛風	つうふう
痛烈	つうれつ
通	つう
通り道	とおりみち
通り魔	とおりま
通院	つういん
通貨	つうか
通過	つうか
通学	つうがく
通関	つうかん
通気	つうき
通勤	つうきん
通行	つうこう
通行止め	つうこうどめ
通告	つうこく
通算	つうさん
通商	つうしょう
通称	つうしょう
通常	つうじょう
通信	つうしん
通信員	つうしんいん
通信衛星	つうしんえいせい
通信販売	つうしんはんばい
通信網	つうしんもう
通説	つうせつ
通俗	つうぞく
通達	つうたつ
通知	つうち
通帳	つうちょう
通念	つうねん
通風	つうふう
通報	つうほう
通夜	つや
通訳	つうやく
通用	つうよう
通例	つうれい
通路	つうろ
通話	つうわ
塚	つか
佃煮	つくだに
漬物	つけもの
辻	つじ
辻褄	つじつま
椿	つばき
坪	つぼ
壺	つぼ
爪	つめ
つま先	つまさき
爪楊枝	つまようじ
釣鐘	つりがね
鶴	つる
亭主	ていしゅ
低圧	ていあつ
低位	ていい
低下	ていか
低価格	ていかかく
低学年	ていがくねん
低額	ていがく
低気圧	ていきあつ
低空	ていくう
低空飛行	ていくうひこう
低血圧	ていけつあつ
低減	ていげん
低周波	ていしゅうは
低水準	ていすいじゅん
低速	ていそく
低俗	ていぞく
低地	ていち
低調	ていちょう
低迷	ていめい
低木	ていぼく
低落	ていらく
低利	ていり
低率	ていりつ
低廉	ていれん
停学	ていがく
停止	ていし
停車	ていしゃ
停職	ていしょく
停戦	ていせん
停船	ていせん
停滞	ていたい
停電	ていでん
停泊	ていはく
停留所	ていりゅうじょ
偵察	ていさつ
剃刀	かみそり
堤	つつみ
堤防	ていぼう
定か	さだか
定員	ていいん
定価	ていか
定額	ていがく
定款	ていかん
定期	ていき
定期券	ていきけん
定規	じょうぎ
定義	ていぎ
定休日	ていきゅうび
定刻	ていこく
定時	ていじ
定時制	ていじせい
定式	ていしき
定住	ていじゅう
定職	ていしょく
定食	ていしょく
定数	ていすう
定石	じょうせき
定説	ていせつ
定足数	ていそくすう
定着	ていちゃく
定年	ていねん
定評	ていひょう
定本	ていほん
定量	ていりょう
定例	ていれい
帝	みかど
帝王	ていおう
帝王切開	ていおうせっかい
帝国	ていこく
帝国主義	ていこくしゅぎ
帝都	ていと
底	そこ
底値	そこね
底抜け	そこぬけ
底力	そこぢから
庭	にわ
庭園	ていえん
庭球	ていきゅう
庭木	にわき
弟子入り	でしいり
弟妹	ていまい
抵抗	ていこう
抵触	ていしょく
抵当	ていとう
抵当権	ていとうけん
提案	ていあん
提起	ていき
提供	ていきょう
提携	ていけい
提言	ていげん
提示	ていじ
提出	ていしゅつ
提唱	ていしょう
提訴	ていそ
提灯	ちょうちん
提督	ていとく
梯子	はしご
程	ほど
程なく	ほどなく
程度	ていど
締まり屋	しまりや
締結	ていけつ
締約	ていやく
訂正	ていせい
逓信	ていしん
邸宅	ていたく
邸内	ていない
釘	くぎ
泥	どろ
泥沼	どろぬま
泥水	どろみず
泥酔	でいすい
泥炭	でいたん
摘出	てきしゅつ
摘発	てきはつ
敵意	てきい
敵視	てきし
敵前	てきぜん
敵対	てきたい
敵役	かたきやく
滴	しずく
的	てき
的確	てきかく
的中	てきちゅう
笛	ふえ
笛吹き	ふえふき
適する	てきする
適応	てきおう
適格	てきかく
適宜	てきぎ
適合	てきごう
適材適所	てきざいてきしょ
適性	てきせい
適正	てきせい
適切	てきせつ
適度	てきど
適当	てきとう
適任	てきにん
適否	てきひ
適法	てきほう
適用	てきよう
適量	てきりょう
適齢期	てきれいき
哲学	てつがく
哲学的	てつがくてき
哲人	てつじん
徹底	てってい
徹底的	てっていてき
徹夜	てつや
撤回	てっかい
撤去	てっきょ
撤収	てっしゅう
撤退	てったい
撤廃	てっぱい
撤兵	てっぺい
鉄	てつ
鉄橋	てっきょう
鉄筋	てっきん
鉄鉱	てっこう
鉄鋼	てっこう
鉄骨	てっこつ
鉄製	てっせい
鉄則	てっそく
鉄道	てつどう
鉄板	てっぱん
鉄分	てつぶん
鉄砲	てっぽう
鉄棒	てつぼう
典型	てんけい
典型的	てんけいてき
典礼	てんれい
天	てん
天井	てんじょう
天王山	てんのうざん
天王星	てんのうせい
天下	てんか
天下り	あまくだり
天下一品	てんかいっぴん
天気	てんき
天気図	てんきず
天気予報	てんきよほう
天狗	てんぐ
天空	てんくう
天候	てんこう
天皇制	てんのうせい
天皇誕生日	てんのうたんじょうび
天皇陛下	てんのうへいか
天国	てんごく
天才	てんさい
天災	てんさい
天使	てんし
天守閣	てんしゅかく
天寿	てんじゅ
天女	てんにょ
天職	てんしょく
天性	てんせい
天然	てんねん
天然記念物	てんねんきねんぶつ
天然痘	てんねんとう
天窓	てんまど
天体	てんたい
天台	てんだい
天敵	てんてき
天動説	てんどうせつ
天童	てんどう
天日	てんぴ
天文	てんもん
天文学	てんもんがく
天文台	てんもんだい
天変地異	てんぺんちい
天辺	てっぺん
天幕	てんまく
天命	てんめい
天明	てんめい
天覧	てんらん
天理	てんり
天丼	てんどん
天ぷら	てんぷら
展開	てんかい
展示	てんじ
展示会	てんじかい
展望	てんぼう
展覧会	てんらんかい
店員	てんいん
店子	たなこ
店主	てんしゅ
店先	みせさき
店長	てんちょう
店頭	てんとう
店内	てんない
店番	みせばん
店舗	てんぽ
添加	てんか
添加物	てんかぶつ
添削	てんさく
添付	てんぷ
貼付	ちょうふ
転嫁	てんか
転回	てんかい
転換	てんかん
転機	てんき
転居	てんきょ
転勤	てんきん
転向	てんこう
転校	てんこう
転載	てんさい
転写	てんしゃ
転出	てんしゅつ
転職	てんしょく
転身	てんしん
転生	てんせい
転送	てんそう
転入	てんにゅう
転任	てんにん
転売	てんばい
転覆	てんぷく
転用	てんよう
転落	てんらく
点	てん
点火	てんか
点景	てんけい
点検	てんけん
点呼	てんこ
点在	てんざい
点字	てんじ
点取り	てんとり
点数	てんすう
点滴	てんてき
点灯	てんとう
点滅	てんめつ
伝家	でんか
伝奇	でんき
伝記	でんき
伝授	でんじゅ
伝承	でんしょう
伝説	でんせつ
伝染	でんせん
伝染病	でんせんびょう
伝送	でんそう
伝達	でんたつ
伝統	でんとう
伝統的	でんとうてき
伝導	でんどう
伝道	でんどう
伝道師	でんどうし
伝播	でんぱ
伝票	でんぴょう
伝聞	でんぶん
伝法	でんぽう
伝来	でんらい
伝令	でんれい
殿	どの
殿下	でんか
殿堂	でんどう
殿様	とのさま
田	た
田園	でんえん
田舎	いなか
田舎者	いなかもの
田植え	たうえ
田畑	たはた
田んぼ	たんぼ
電圧	でんあつ
電位	でんい
電化	でんか
電荷	でんか
電解質	でんかいしつ
電器	でんき
電機	でんき
電気	でんき
電気製品	でんきせいひん
電気分解	でんきぶんかい
電球	でんきゅう
電極	でんきょく
電撃	でんげき
電源	でんげん
電光	でんこう
電工	でんこう
電算機	でんさんき
電子	でんし
電子メール	でんしメール
電子計算機	でんしけいさんき
電子工学	でんしこうがく
電磁	でんじ
電磁気	でんじき
電磁石	でんじしゃく
電車	でんしゃ
電信	でんしん
電線	でんせん
電送	でんそう
電卓	でんたく
電池	でんち
電柱	でんちゅう
電通大	でんつうだい
電鉄	でんてつ
電灯	でんとう
電動	でんどう
電波	でんぱ
電文	でんぶん
電報	でんぽう
電離	でんり
電流	でんりゅう
電力	でんりょく
電話	でんわ
電話機	でんわき
電話線	でんわせん
電話帳	でんわちょう
電話番号	でんわばんごう
兎	うさぎ
兎に角	とにかく
兎も角	ともかく
兎もあれ	ともあれ
兎角	とかく
吐き気	はきけ
吐露	とろ
塗装	とそう
塗布	とふ
塗料	とりょう
徒弟	とてい
徒歩	とほ
徒労	とろう
斗	と
杜撰	ずさん
渡し船	わたしぶね
渡り鳥	わたりどり
渡り廊下	わたりろうか
渡航	とこう
渡米	とべい
渡来	とらい
登記	とうき
登校	とうこう
登山	とざん
登場	とうじょう
登録	とうろく
登録商標	とうろくしょうひょう
賭博	とばく
途上	とじょう
途上国	とじょうこく
途端に	とたんに
途方	とほう
都	みやこ
都会	とかい
都合	つごう
都市	とし
都心	としん
都庁	とちょう
都度	つど
都道府県	とどうふけん
都内	とない
都民	とみん
都立	とりつ
努めて	つとめて
努力	どりょく
度	たび
度胸	どきょう
度合い	どあい
度数	どすう
土	つち
土下座	どげざ
土間	どま
土器	どき
土建屋	どけんや
土砂降り	どしゃぶり
土産	みやげ
土手	どて
土壌	どじょう
土人	どじん
土星	どせい
土石	どせき
土葬	どそう
土足	どそく
土俗	どぞく
土台	どだい
土壇場	どたんば
土地	とち
土地柄	とちがら
土着	どちゃく
土鍋	どなべ
土嚢	どのう
土俵	どひょう
土塀	どべい
土木	どぼく
土曜	どよう
土曜日	どようび
土用	どよう
奴	やつ
奴隷	どれい
怒気	どき
怒号	どごう
逆しま	さかしま
倒閣	とうかく
倒錯	とうさく
倒産	とうさん
倒置	とうち
倒木	とうぼく
党	とう
党員	とういん
党首	とうしゅ
党内	とうない
党派	とうは
党利	とうり
冬	ふゆ
冬季	とうき
冬休み	ふゆやすみ
冬山	ふゆやま
冬至	とうじ
冬物	ふゆもの
冬眠	とうみん
凍結	とうけつ
凍死	とうし
凍傷	とうしょう
凍土	とうど
刀	かたな
刀剣	とうけん
唐辛子	とうがらし
唐草	からくさ
唐突	とうとつ
塔	とう
島	しま
島根	しまね
島内	とうない
投影	とうえい
投機	とうき
投球	とうきゅう
投稿	とうこう
投降	とうこう
投獄	とうごく
投資	とうし
投手	とうしゅ
投書	とうしょ
投石	とうせき
投入	とうにゅう
投函	とうかん
投票	とうひょう
投網	とあみ
投薬	とうやく
搭載	とうさい
搭乗	とうじょう
東	ひがし
東欧	とうおう
東海	とうかい
東宮	とうぐう
東京	とうきょう
東経	とうけい
東口	ひがしぐち
東国	とうごく
東進	とうしん
東西	とうざい
東都	とうと
東南	とうなん
東部	とうぶ
東方	とうほう
東邦	とうほう
東北	とうほく
東奔西走	とうほんせいそう
東洋	とうよう
桃	もも
桃色	ももいろ
棟	むね
棟梁	とうりょう
盗人	ぬすびと
盗作	とうさく
盗賊	とうぞく
盗聴	とうちょう
盗聴器	とうちょうき
盗難	とうなん
盗品	とうひん
盗用	とうよう
盗塁	とうるい
淘汰	とうた
湯	ゆ
湯気	ゆげ
湯治	とうじ
湯船	ゆぶね
湯沸かし器	ゆわかしき
灯台	とうだい
灯油	とうゆ
当たり前	あたりまえ
当の	とうの
当該	とうがい
当期	とうき
当局	とうきょく
当座	とうざ
当事	とうじ
当事者	とうじしゃ
当時	とうじ
当社	とうしゃ
当初	とうしょ
当人	とうにん
当世	とうせい
当選	とうせん
当然	とうぜん
当店	とうてん
当日	とうじつ
当番	とうばん
当分	とうぶん
当方	とうほう
当面	とうめん
当惑	とうわく
等価	とうか
等級	とうきゅう
等身	とうしん
等分	とうぶん
答案	とうあん
答申	とうしん
答弁	とうべん
筒	つつ
糖	とう
糖質	とうしつ
糖尿病	とうにょうびょう
糖分	とうぶん
統一	とういつ
統括	とうかつ
統計	とうけい
統計的	とうけいてき
統合	とうごう
統治	とうち
統帥	とうすい
統制	とうせい
統率	とうそつ
到達	とうたつ
到着	とうちゃく
到底	とうてい
到頭	とうとう
到来	とうらい
藤	ふじ
討議	とうぎ
討論	とうろん
謄本	とうほん
豆	まめ
豆乳	とうにゅう
豆腐	とうふ
豆類	まめるい
逃走	とうそう
逃避	とうひ
逃亡	とうぼう
透過	とうか
透視	とうし
透徹	とうてつ
透明	とうめい
陶器	とうき
陶芸	とうげい
陶工	とうこう
陶磁	とうじ
陶磁器	とうじき
陶酔	とうすい
頭	とう
頭角	とうかく
頭巾	ずきん
頭金	あたまきん
頭骨	とうこつ
頭取	とうどり
頭上	ずじょう
頭痛	ずつう
頭脳	ずのう
頭髪	とうはつ
頭部	とうぶ
頭文字	かしらもじ
騰貴	とうき
闘牛	とうぎゅう
闘争	とうそう
働き口	はたらきぐち
働き者	はたらきもの
働き盛り	はたらきざかり
動	どう
動員	どういん
動画	どうが
動機	どうき
動議	どうぎ
動向	どうこう
動作	どうさ
動詞	どうし
動植物	どうしょくぶつ
動態	どうたい
動的	どうてき
動転	どうてん
動物	どうぶつ
動物園	どうぶつえん
動脈	どうみゃく
動脈硬化	どうみゃくこうか
動揺	どうよう
動乱	どうらん
動力	どうりょく
同	どう
同い年	おないどし
同じ	おなじ
同じく	おなじく
同位	どうい
同意	どうい
同一	どういつ
同音	どうおん
同化	どうか
同格	どうかく
同感	どうかん
同期	どうき
同義	どうぎ
同義語	どうぎご
同級	どうきゅう
同級生	どうきゅうせい
同居	どうきょ
同郷	どうきょう
同業	どうぎょう
同局	どうきょく
同系	どうけい
同月	どうげつ
同県	どうけん
同好	どうこう
同校	どうこう
同行	どうこう
同国	どうこく
同根	どうこん
同罪	どうざい
同士	どうし
同志	どうし
同氏	どうし
同時	どうじ
同時に	どうじに
同時代	どうじだい
同室	どうしつ
同質	どうしつ
同社	どうしゃ
同種	どうしゅ
同省	どうしょう
同上	どうじょう
同乗	どうじょう
同情	どうじょう
同色	どうしょく
同心	どうしん
同心円	どうしんえん
同数	どうすう
同姓	どうせい
同性	どうせい
同性愛	どうせいあい
同棲	どうせい
同席	どうせき
同船	どうせん
同然	どうぜん
同窓	どうそう
同窓会	どうそうかい
同族	どうぞく
同地	どうち
同町	どうちょう
同調	どうちょう
同定	どうてい
同店	どうてん
同点	どうてん
同党	どうとう
同等	どうとう
同日	どうじつ
同年	どうねん
同伴	どうはん
同伴者	どうはんしゃ
同病	どうびょう
同封	どうふう
同文	どうぶん
同朋	どうぼう
同盟条約	どうめいじょうやく
同門	どうもん
同夜	どうや
同様	どうよう
同僚	どうりょう
同類	どうるい
同列	どうれつ
堂	どう
導火線	どうかせん
導入	どうにゅう
憧憬	どうけい
洞	ほら
洞窟	どうくつ
洞穴	ほらあな
洞察	どうさつ
瞳	ひとみ
瞳孔	どうこう
童画	どうが
童顔	どうがん
童子	どうじ
童心	どうしん
童謡	どうよう
童話	どうわ
胴	どう
胴上げ	どうあげ
胴体	どうたい
道	みち
道のり	みちのり
道化	どうけ
道楽	どうらく
道義	どうぎ
道教	どうきょう
道筋	みちすじ
道具	どうぐ
道場	どうじょう
道端	みちばた
道徳	どうとく
道標	どうひょう
道理	どうり
道連れ	みちづれ
道路	どうろ
銅貨	どうか
銅山	どうざん
銅線	どうせん
銅像	どうぞう
銅版画	どうはんが
銅鑼	どら
峠	とうげ
匿名	とくめい
得	とく
得る	うる
得意	とくい
得意先	とくいさき
得策	とくさく
得点	とくてん
得票	とくひょう
徳利	とっくり
特に	とくに
特異	とくい
特記	とっき
特技	とくぎ
特急	とっきゅう
特級	とっきゅう
特許	とっきょ
特許権	とっきょけん
特訓	とっくん
特恵関税	とっけいかんぜい
特権	とっけん
特効薬	とっこうやく
特攻隊	とっこうたい
特撮	とくさつ
特産	とくさん
特使	とくし
特質	とくしつ
特赦	とくしゃ
特殊	とくしゅ
特殊撮影	とくしゅさつえい
特殊法人	とくしゅほうじん
特需	とくじゅ
特集	とくしゅう
特賞	とくしょう
特色	とくしょく
特性	とくせい
特製	とくせい
特大	とくだい
特段	とくだん
特徴	とくちょう
特長	とくちょう
特定	とくてい
特典	とくてん
特派	とくは
特派員	とくはいん
特売	とくばい
特筆	とくひつ
特別	とくべつ
特命	とくめい
特約	とくやく
特有	とくゆう
特例	とくれい
督促	とくそく
禿	はげ
篤志家	とくしか
毒	どく
毒殺	どくさつ
毒性	どくせい
毒舌	どくぜつ
毒素	どくそ
毒物	どくぶつ
毒薬	どくやく
独りでに	ひとりでに
独り言	ひとりごと
一人相撲	ひとりずもう
独り立ち	ひとりだち
独演	どくえん
独学	どくがく
独楽	こま
独居	どっきょ
独禁法	どっきんほう
独裁	どくさい
独自	どくじ
独唱	どくしょう
独身	どくしん
独占	どくせん
独善	どくぜん
独創	どくそう
独創的	どくそうてき
独奏	どくそう
独走	どくそう
独断	どくだん
独特	どくとく
独房	どくぼう
独立	どくりつ
読み手	よみて
読み書き	よみかき
読み方	よみかた
読解	どっかい
読経	どきょう
読者	どくしゃ
読書	どくしょ
読破	どくは
読売	よみうり
凸版	とっぱん
凸版印刷	とっぱんいんさつ
突貫	とっかん
突起	とっき
突撃	とつげき
突出	とっしゅつ
突進	とっしん
突然	とつぜん
突然変異	とつぜんへんい
突堤	とってい
突入	とつにゅう
突如	とつじょ
突破	とっぱ
突発	とっぱつ
突風	とっぷう
届け出	とどけで
寅	とら
酉	とり
屯	トン
豚	ぶた
豚カツ	とんかつ
豚肉	ぶたにく
鈍化	どんか
鈍感	どんかん
鈍間	のろま
鈍器	どんき
鈍行	どんこう
内	うち
内圧	ないあつ
内縁	ないえん
内科	ないか
内科医	ないかい
内角	ないかく
内閣	ないかく
内閣官房長官	ないかくかんぼうちょうかん
内掛け	うちがけ
内気	うちき
内規	ないき
内局	ないきょく
内勤	ないきん
内径	ないけい
内向	ないこう
内航	ないこう
内国	ないこく
内在	ないざい
内耳	ないじ
内実	ないじつ
内需	ないじゅ
内出血	ないしゅっけつ
内助	ないじょ
内省	ないせい
内緒	ないしょ
内職	ないしょく
内心	ないしん
内申	ないしん
内政	ないせい
内戦	ないせん
内線	ないせん
内奏	ないそう
内装	ないそう
内臓	ないぞう
内蔵	ないぞう
内側	うちがわ
内大臣	ないだいじん
内諾	ないだく
内地	ないち
内偵	ないてい
内定	ないてい
内弟子	うちでし
内的	ないてき
内部	ないぶ
内壁	ないへき
内包	ないほう
内法	うちのり
内密	ないみつ
内務	ないむ
内面	ないめん
内野	ないや
内野手	ないやしゅ
内訳	うちわけ
内憂外患	ないゆうがいかん
内容	ないよう
内乱	ないらん
内裏	だいり
内陸	ないりく
内輪	うちわ
乍ら	ながら
謎	なぞ
鍋	なべ
鍋物	なべもの
馴鹿	となかい
縄	なわ
縄跳び	なわとび
縄文	じょうもん
南	みなみ
南アフリカ	みなみアフリカ
南緯	なんい
南欧	なんおう
南下	なんか
南海	なんかい
南寄り	なんより
南極	なんきょく
南極海	なんきょくかい
南極大陸	なんきょくたいりく
南口	みなみぐち
南郊	なんこう
南中	なんちゅう
南半球	みなみはんきゅう
南蛮	なんばん
南部	なんぶ
南風	はえ
南米	なんべい
南方	なんぽう
南北	なんぼく
南北戦争	なんぼくせんそう
南北朝	なんぼくちょう
南洋	なんよう
軟化	なんか
軟骨	なんこつ
軟式	なんしき
軟弱	なんじゃく
軟着陸	なんちゃくりく
軟派	なんぱ
難	なん
難易	なんい
難解	なんかい
難関	なんかん
難局	なんきょく
難航	なんこう
難産	なんざん
難渋	なんじゅう
難所	なんしょ
難色	なんしょく
難題	なんだい
難聴	なんちょう
難点	なんてん
難破	なんぱ
難病	なんびょう
難物	なんぶつ
難民	なんみん
難問	なんもん
二	に
二つ	ふたつ
二つ返事	ふたつへんじ
二の次	にのつぎ
二の足	にのあし
二院	にいん
二回	にかい
二階	にかい
二割	にわり
二宮	にぐう
二軍	にぐん
二元論	にげんろん
二言	にごん
二号	にごう
二佐	にさ
二三	にさん
二酸化炭素	にさんかたんそ
二死	にし
二次	にじ
二次会	にじかい
二次元	にじげん
二次的	にじてき
二者	にしゃ
二者択一	にしゃたくいつ
二手	ふたて
二十四時間制	にじゅうよじかんせい
二十世紀	にじっせいき
二重	にじゅう
二重写し	にじゅううつし
二重奏	にじゅうそう
二色	にしょく
二人とも	ふたりとも
二人三脚	ににんさんきゃく
二人連れ	ふたりづれ
二世	にせい
二通り	ふたとおり
二度	にど
二番	にばん
二百十日	にひゃくとおか
二百二十日	にひゃくはつか
二部	にぶ
二分	にぶん
二本立て	にほんだて
二枚舌	にまいじた
二枚目	にまいめ
二目	ふため
二葉	ふたば
二律背反	にりつはいはん
二流	にりゅう
二輪車	にりんしゃ
二塁	にるい
二塁手	にるいしゅ
二塁打	にるいだ
尼僧	にそう
賑やか	にぎやか
肉	にく
肉屋	にくや
肉眼	にくがん
肉牛	にくぎゅう
肉食	にくしょく
肉親	にくしん
肉体	にくたい
肉薄	にくはく
肉筆	にくひつ
肉類	にくるい
虹	にじ
日	ひ
日の丸	ひのまる
日の出	ひので
日の入り	ひのいり
日陰	ひかげ
日課	にっか
日刊	にっかん
日帰り	ひがえり
日記	にっき
日勤	にっきん
日系	にっけい
日経	にっけい
日計	にっけい
日光	にっこう
日光浴	にっこうよく
日向	ひなた
日頃	ひごろ
日傘	ひがさ
日産	にっさん
日誌	にっし
日時	にちじ
日射	にっしゃ
日射病	にっしゃびょう
日取り	ひどり
日照	にっしょう
日照り	ひでり
日常	にちじょう
日常生活	にちじょうせいかつ
日食	にっしょく
日進月歩	にっしんげっぽ
日中	にっちゅう
日程	にってい
日付	ひづけ
日米	にちべい
日暮れ	ひぐれ
日報	にっぽう
日没	にちぼつ
日本画	にほんが
日本海	にほんかい
日本語	にほんご
日本史	にほんし
日本紙	にほんし
日本式	にほんしき
日本酒	にほんしゅ
日本人	にほんじん
日本製	にほんせい
日本中	にほんじゅう
日本刀	にほんとう
日夜	にちや
日曜	にちよう
日曜日	にちようび
日用品	にちようひん
日和	ひより
日和見	ひよりみ
乳	ちち
乳液	にゅうえき
乳業	にゅうぎょう
乳酸	にゅうさん
乳酸菌	にゅうさんきん
乳児	にゅうじ
乳製品	にゅうせいひん
乳頭	にゅうとう
乳幼児	にゅうようじ
入院	にゅういん
入園	にゅうえん
入荷	にゅうか
入会	にゅうかい
入閣	にゅうかく
入学	にゅうがく
入学試験	にゅうがくしけん
入居	にゅうきょ
入金	にゅうきん
入交	いりまじり
入校	にゅうこう
入港	にゅうこう
入国	にゅうこく
入国管理局	にゅうこくかんりきょく
入札	にゅうさつ
入試	にゅうし
入室	にゅうしつ
入社	にゅうしゃ
入手	にゅうしゅ
入所	にゅうしょ
入賞	にゅうしょう
入場	にゅうじょう
入場券	にゅうじょうけん
入植	にゅうしょく
入信	にゅうしん
入籍	にゅうせき
入船	いりふね
入選	にゅうせん
入隊	にゅうたい
入団	にゅうだん
入超	にゅうちょう
入党	にゅうとう
入念	にゅうねん
梅雨入り	つゆいり
入幕	にゅうまく
入門	にゅうもん
入浴	にゅうよく
入来	にゅうらい
入力	にゅうりょく
如し	ごとし
如何して	どうして
如何しても	どうしても
如何に	いかに
如実	にょじつ
如来	にょらい
尿	にょう
尿酸	にょうさん
任	にん
任意	にんい
任意出頭	にんいしゅっとう
任官	にんかん
任期	にんき
任侠	にんきょう
任地	にんち
任務	にんむ
任命	にんめい
任免	にんめん
任用	にんよう
妊産婦	にんさんぷ
妊娠	にんしん
妊婦	にんぷ
忍者	にんじゃ
忍耐	にんたい
認可	にんか
認識	にんしき
認証	にんしょう
認知	にんち
認定	にんてい
認否	にんぴ
葱	ねぎ
猫	ねこ
猫舌	ねこじた
猫背	ねこぜ
熱	ねつ
熱する	ねっする
熱意	ねつい
熱気	ねっき
熱狂	ねっきょう
熱血	ねっけつ
熱情	ねつじょう
熱心	ねっしん
熱線	ねっせん
熱帯	ねったい
熱帯魚	ねったいぎょ
熱中	ねっちゅう
熱湯	ねっとう
熱病	ねつびょう
熱弁	ねつべん
熱望	ねつぼう
熱量	ねつりょう
熱烈	ねつれつ
年	とし
年の瀬	としのせ
年の暮れ	としのくれ
年越し	としこし
年下	としした
年賀	ねんが
年賀状	ねんがじょう
年会	ねんかい
年額	ねんがく
年刊	ねんかん
年鑑	ねんかん
年間	ねんかん
年金	ねんきん
年月日	ねんがっぴ
年限	ねんげん
年後	ねんご
年功	ねんこう
年功序列	ねんこうじょれつ
年号	ねんごう
年頃	としごろ
年祭	ねんさい
年産	ねんさん
年始	ねんし
年次	ねんじ
年収	ねんしゅう
年初	ねんしょ
年少	ねんしょう
年上	としうえ
年数	ねんすう
年生	ねんせい
年代	ねんだい
年男	としおとこ
年中	ねんじゅう
年中行事	ねんちゅうぎょうじ
年長	ねんちょう
年度	ねんど
年内	ねんない
年配	ねんぱい
年譜	ねんぷ
年俸	ねんぽう
年報	ねんぽう
年末	ねんまつ
年明け	としあけ
年来	ねんらい
年利	ねんり
年輪	ねんりん
年齢層	ねんれいそう
念	ねん
念のため	ねんのため
念願	ねんがん
念書	ねんしょ
念頭	ねんとう
念入り	ねんいり
念仏	ねんぶつ
念力	ねんりき
捻挫	ねんざ
燃焼	ねんしょう
燃費	ねんぴ
燃料	ねんりょう
粘り気	ねばりけ
粘性	ねんせい
粘着	ねんちゃく
粘土	ねんど
粘膜	ねんまく
乃	の
乃至	ないし
濃厚	のうこう
濃紺	のうこん
濃縮	のうしゅく
濃淡	のうたん
濃度	のうど
濃密	のうみつ
濃霧	のうむ
納屋	なや
納会	のうかい
納期	のうき
納税	のうぜい
納豆	なっとう
納得	なっとく
納入	のうにゅう
納品	のうひん
納付	のうふ
能	のう
能楽	のうがく
能書き	のうがき
能動	のうどう
能動的	のうどうてき
能面	のうめん
能役者	のうやくしゃ
能率	のうりつ
能力	のうりょく
脳	のう
脳炎	のうえん
脳梗塞	のうこうそく
脳死	のうし
脳出血	のうしゅっけつ
脳性	のうせい
脳卒中	のうそっちゅう
脳波	のうは
脳裏	のうり
農	のう
農園	のうえん
農家	のうか
農学	のうがく
農閑期	のうかんき
農協	のうきょう
農業	のうぎょう
農工	のうこう
農耕	のうこう
農作業	のうさぎょう
農産	のうさん
農産物	のうさんぶつ
農場	のうじょう
農村	のうそん
農地	のうち
農夫	のうふ
農民	のうみん
農薬	のうやく
農林	のうりん
巴	ともえ
把握	はあく
覇気	はき
覇権	はけん
覇者	はしゃ
波	なみ
波及	はきゅう
波止場	はとば
波打ち際	なみうちぎわ
波長	はちょう
波頭	はとう
波動	はどう
波紋	はもん
波浪	はろう
波乱万丈	はらんばんじょう
派	は
派遣	はけん
派手	はで
派生	はせい
派閥	はばつ
破壊	はかい
破壊的	はかいてき
破戒	はかい
破格	はかく
破棄	はき
破局	はきょく
破産	はさん
破損	はそん
破綻	はたん
破天荒	はてんこう
破片	はへん
破滅	はめつ
破門	はもん
破裂	はれつ
馬	うま
馬具	ばぐ
馬車	ばしゃ
馬術	ばじゅつ
馬頭	めず
馬肉	ばにく
馬力	ばりき
俳句	はいく
俳人	はいじん
俳壇	はいだん
俳優	はいゆう
俳諧	はいかい
廃棄	はいき
廃棄物	はいきぶつ
廃墟	はいきょ
廃業	はいぎょう
廃坑	はいこう
廃材	はいざい
廃止	はいし
廃車	はいしゃ
廃絶	はいぜつ
廃品	はいひん
拝啓	はいけい
拝見	はいけん
拝借	はいしゃく
排気	はいき
排気ガス	はいきガス
排出	はいしゅつ
排除	はいじょ
排水	はいすい
排水溝	はいすいこう
排斥	はいせき
排他	はいた
排日	はいにち
排便	はいべん
排卵	はいらん
排泄	はいせつ
敗因	はいいん
敗残	はいざん
敗者	はいしゃ
敗戦	はいせん
敗訴	はいそ
敗走	はいそう
敗退	はいたい
敗北	はいぼく
杯	さかずき
背	せい
背泳ぎ	せおよぎ
背景	はいけい
背後	はいご
背広	せびろ
背骨	せぼね
背丈	せたけ
背伸び	せのび
背信	はいしん
背中	せなか
背任	はいにん
背番号	せばんごう
肺	はい
肺炎	はいえん
肺結核	はいけっかく
輩出	はいしゅつ
配下	はいか
配給	はいきゅう
配偶	はいぐう
配偶者	はいぐうしゃ
配合	はいごう
配色	はいしょく
配水	はいすい
配線	はいせん
配送	はいそう
配属	はいぞく
配達	はいたつ
配置	はいち
配電	はいでん
配当	はいとう
配備	はいび
配布	はいふ
配分	はいぶん
配慮	はいりょ
配列	はいれつ
倍	ばい
倍加	ばいか
倍額	ばいがく
倍増	ばいぞう
倍率	ばいりつ
培養	ばいよう
媒介	ばいかい
媒酌	ばいしゃく
媒体	ばいたい
梅	うめ
梅花	ばいか
梅干し	うめぼし
梅酒	うめしゅ
梅林	うめばやし
買取	かいとり
買い出し	かいだし
買収	ばいしゅう
売り物	うりもの
売れ残り	うれのこり
売却	ばいきゃく
売国奴	ばいこくど
売店	ばいてん
売買	ばいばい
売買高	ばいばいだか
売名	ばいめい
賠償	ばいしょう
賠償金	ばいしょうきん
陪審	ばいしん
蠅	はえ
秤	はかり
萩	はぎ
伯爵	はくしゃく
伯仲	はくちゅう
すき焼き	すきやき
博愛	はくあい
博学	はくがく
博士	はかせ
博識	はくしき
博徒	ばくと
博物	はくぶつ
博物館	はくぶつかん
博覧会	はくらんかい
拍車	はくしゃ
拍手	はくしゅ
柏木	かしわぎ
白	しろ
白バイ	しろバイ
白亜	はくあ
白亜紀	はくあき
白衣	はくい
白羽	しらは
白樺	しらかば
白菊	しらぎく
白血球	はっけっきゅう
白血病	はっけつびょう
白黒	しろくろ
白菜	はくさい
白子	しらこ
白紙	はくし
白寿	はくじゅ
白書	はくしょ
白状	はくじょう
白身	しろみ
白人	はくじん
白線	はくせん
白痴	はくち
白昼	はくちゅう
白鳥	はくちょう
白日	はくじつ
白熱	はくねつ
白米	はくまい
白木	しらき
白夜	びゃくや
舶来	はくらい
薄弱	はくじゃく
薄着	うすぎ
薄板	うすいた
薄皮	うすかわ
薄膜	うすまく
薄利多売	はくりたばい
迫害	はくがい
迫撃砲	はくげきほう
迫真	はくしん
迫力	はくりょく
漠然	ばくぜん
爆撃	ばくげき
爆死	ばくし
爆笑	ばくしょう
爆弾	ばくだん
爆竹	ばくちく
爆破	ばくは
爆発	ばくはつ
爆風	ばくふう
爆薬	ばくやく
縛り首	しばりくび
莫大	ばくだい
麦	むぎ
麦芽	ばくが
麦茶	むぎちゃ
麦畑	むぎばたけ
箱詰め	はこづめ
箸	はし
筈	はず
肌	はだ
肌合い	はだあい
肌色	はだいろ
肌着	はだぎ
畑	はたけ
畑違い	はたけちがい
畑地	はたち
八つ当たり	やつあたり
八重桜	やえざくら
八千草	やちぐさ
八千代	やちよ
八幡宮	はちまんぐう
八百屋	やおや
八百長	やおちょう
八百万	やおよろず
八分音符	はちぶおんぷ
八方	はっぽう
鉢	はち
鉢合わせ	はちあわせ
鉢植え	はちうえ
発	はつ
発する	はっする
発育	はついく
発煙	はつえん
発煙筒	はつえんとう
発音	はつおん
発火	はっか
発芽	はつが
発覚	はっかく
発刊	はっかん
発汗	はっかん
発揮	はっき
発禁	はっきん
発掘	はっくつ
発券	はっけん
発見	はっけん
発現	はつげん
発言	はつげん
発光	はっこう
発効	はっこう
発行	はっこう
発行者	はっこうしゃ
発酵	はっこう
発作	ほっさ
発散	はっさん
発射	はっしゃ
発車	はっしゃ
発祥	はっしょう
発祥地	はっしょうち
発情	はつじょう
発色	はっしょく
発信	はっしん
発進	はっしん
発生	はっせい
発声	はっせい
発想	はっそう
発送	はっそう
発達	はったつ
発端	ほったん
発着	はっちゃく
発注	はっちゅう
発展	はってん
発展途上国	はってんとじょうこく
発電	はつでん
発電機	はつでんき
発電所	はつでんしょ
発動	はつどう
発熱	はつねつ
発売	はつばい
発表	はっぴょう
発表会	はっぴょうかい
発表者	はっぴょうしゃ
発病	はつびょう
発泡	はっぽう
発泡スチロール	はっぽうスチロール
発砲	はっぽう
発明	はつめい
発令	はつれい
髪	かみ
髪の毛	かみのけ
髪飾り	かみかざり
伐採	ばっさい
罰	ばち
罰する	ばっする
罰金	ばっきん
罰則	ばっそく
抜き打ち	ぬきうち
抜群	ばつぐん
抜擢	ばってき
抜本的	ばっぽんてき
鳩	はと
隼	はやぶさ
伴奏	ばんそう
伴侶	はんりょ
判	はん
判官	はんがん
判決	はんけつ
判子	はんこ
判事	はんじ
判然	はんぜん
判断	はんだん
判定	はんてい
判別	はんべつ
判明	はんめい
判例	はんれい
半	はん
半ば	なかば
半円	はんえん
半壊	はんかい
半額	はんがく
半官半民	はんかんはんみん
半旗	はんき
半期	はんき
半球	はんきゅう
半径	はんけい
半減	はんげん
半紙	はんし
半周	はんしゅう
半熟	はんじゅく
半信半疑	はんしんはんぎ
半身	はんしん
半身不随	はんしんふずい
半数	はんすう
半生	はんせい
半製品	はんせいひん
半袖	はんそで
半端	はんぱ
半値	はんね
半田	はんだ
半島	はんとう
半導体	はんどうたい
半農	はんのう
半分	はんぶん
半面	はんめん
反	はん
反する	はんする
反応	はんのう
反感	はんかん
反共	はんきょう
反響	はんきょう
反撃	はんげき
反抗	はんこう
反攻	はんこう
反作用	はんさよう
反射	はんしゃ
反射鏡	はんしゃきょう
反射的	はんしゃてき
反省	はんせい
反証	はんしょう
反戦	はんせん
反則	はんそく
反体制	はんたいせい
反対	はんたい
反対側	はんたいがわ
反転	はんてん
反騰	はんとう
反動	はんどう
反日	はんにち
反発	はんぱつ
反比例	はんぴれい
反物	たんもの
反米	はんべい
反面	はんめん
反面教師	はんめんきょうし
反目	はんもく
反陽子	はんようし
反落	はんらく
反乱	はんらん
反論	はんろん
帆	ほ
帆走	はんそう
搬出	はんしゅつ
搬送	はんそう
搬入	はんにゅう
斑	むら
板	いた
板紙	いたがみ
板前	いたまえ
氾濫	はんらん
汎用	はんよう
版	はん
版画	はんが
版権	はんけん
版元	はんもと
犯意	はんい
犯行	はんこう
犯罪	はんざい
犯罪者	はんざいしゃ
犯人	はんにん
班	はん
班長	はんちょう
繁栄	はんえい
繁華街	はんかがい
繁殖	はんしょく
繁盛	はんじょう
繁茂	はんも
般若	はんにゃ
藩	はん
藩主	はんしゅ
販売	はんばい
販路	はんろ
範囲	はんい
煩雑	はんざつ
煩悩	ぼんのう
頒布	はんぷ
飯	めし
飯店	はんてん
挽歌	ばんか
晩	ばん
晩夏	ばんか
晩婚	ばんこん
晩餐	ばんさん
晩酌	ばんしゃく
晩秋	ばんしゅう
晩春	ばんしゅん
晩年	ばんねん
番外	ばんがい
番犬	ばんけん
番号	ばんごう
番人	ばんにん
番組	ばんぐみ
番地	ばんち
番茶	ばんちゃ
番頭	ばんとう
番付	ばんづけ
番目	ばんめ
盤	ばん
蛮行	ばんこう
蛮勇	ばんゆう
卑下	ひげ
卑怯	ひきょう
卑屈	ひくつ
卑劣	ひれつ
否	ひ
否応	いやおう
否決	ひけつ
否定	ひてい
否認	ひにん
妃殿下	ひでんか
彼ら	かれら
彼岸	ひがん
彼氏	かれし
彼女	かのじょ
彼奴	あいつ
彼方	かなた
悲哀	ひあい
悲運	ひうん
悲観	ひかん
悲観的	ひかんてき
悲願	ひがん
悲劇	ひげき
悲惨	ひさん
悲壮	ひそう
悲嘆	ひたん
悲痛	ひつう
悲報	ひほう
悲鳴	ひめい
悲恋	ひれん
悲愴	ひそう
扉	とびら
批准	ひじゅん
非難	ひなん
批判	ひはん
批判的	ひはんてき
批評	ひひょう
披瀝	ひれき
披露	ひろう
披露宴	ひろうえん
比	ひ
比叡山	ひえいざん
比較	ひかく
比較的	ひかくてき
比重	ひじゅう
比率	ひりつ
比例	ひれい
疲弊	ひへい
疲労	ひろう
皮	かわ
革	かわ
皮下	ひか
皮革	ひかく
皮質	ひしつ
皮切り	かわきり
皮肉	ひにく
皮膚	ひふ
皮膚科	ひふか
皮膚病	ひふびょう
碑文	ひぶん
秘境	ひきょう
秘訣	ひけつ
秘書	ひしょ
秘蔵	ひぞう
秘伝	ひでん
秘匿	ひとく
秘密	ひみつ
秘話	ひわ
罷免	ひめん
肥	こえ
肥大	ひだい
肥満	ひまん
肥料	ひりょう
被害	ひがい
被害者	ひがいしゃ
被験者	ひけんしゃ
被告	ひこく
被告人	ひこくにん
被災	ひさい
被災者	ひさいしゃ
被写体	ひしゃたい
被選挙権	ひせんきょけん
被曝	ひばく
被爆	ひばく
被服	ひふく
被覆	ひふく
誹謗	ひぼう
費	ひ
費消	ひしょう
費用	ひよう
避暑	ひしょ
避難	ひなん
避妊	ひにん
非	ひ
非公開	ひこうかい
非公式	ひこうしき
非行	ひこう
非合法	ひごうほう
非常	ひじょう
非常に	ひじょうに
非常口	ひじょうぐち
非常識	ひじょうしき
非情	ひじょう
非生産的	ひせいさんてき
非売品	ひばいひん
非凡	ひぼん
非力	ひりき
非礼	ひれい
飛行	ひこう
飛行機	ひこうき
飛行士	ひこうし
飛行場	ひこうじょう
飛行船	ひこうせん
飛散	ひさん
飛躍	ひやく
飛来	ひらい
飛翔	ひしょう
備考	びこう
備蓄	びちく
備品	びひん
尾	お
尾行	びこう
尾根	おね
尾翼	びよく
微細	びさい
微弱	びじゃく
微小	びしょう
微笑	びしょう
微震	びしん
微塵	みじん
みじん切り	みじんぎり
微生物	びせいぶつ
微熱	びねつ
微妙	びみょう
微粒子	びりゅうし
微量	びりょう
微力	びりょく
琵琶	びわ
眉	まゆ
眉毛	まゆげ
美	び
美化	びか
美学	びがく
美観	びかん
美辞麗句	びじれいく
美術	びじゅつ
美術館	びじゅつかん
美女	びじょ
美少年	びしょうねん
美人	びじん
美男	びなん
美的	びてき
美点	びてん
美徳	びとく
美貌	びぼう
美味	びみ
美名	びめい
美容	びよう
美容院	びよういん
美容師	びようし
鼻	はな
鼻炎	びえん
鼻歌	はなうた
鼻水	はなみず
鼻先	はなさき
匹敵	ひってき
膝	ひざ
肘	ひじ
必ず	かならず
必ずしも	かならずしも
必携	ひっけい
必見	ひっけん
必殺	ひっさつ
必需	ひつじゅ
必需品	ひつじゅひん
必修	ひっしゅう
必勝	ひっしょう
必須	ひっす
必然	ひつぜん
必然性	ひつぜんせい
必然的	ひつぜんてき
必着	ひっちゃく
必読	ひつどく
必要	ひつよう
必要条件	ひつようじょうけん
必要性	ひつようせい
筆	ふで
筆記	ひっき
筆記試験	ひっきしけん
筆者	ひっしゃ
筆順	ひつじゅん
筆跡	ひっせき
筆頭	ひっとう
筆名	ひつめい
姫君	ひめぎみ
紐	ひも
百	ひゃく
百家争鳴	ひゃっかそうめい
百科	ひゃっか
百科全書	ひゃっかぜんしょ
百貨店	ひゃっかてん
百害	ひゃくがい
百景	ひゃっけい
百合	ゆり
百人一首	ひゃくにんいっしゅ
百姓	ひゃくしょう
百聞	ひゃくぶん
標語	ひょうご
標高	ひょうこう
標識	ひょうしき
標準	ひょうじゅん
標準語	ひょうじゅんご
標的	ひょうてき
標本	ひょうほん
標榜	ひょうぼう
氷	こおり
氷河	ひょうが
氷解	ひょうかい
氷原	ひょうげん
氷山	ひょうざん
氷点下	ひょうてんか
漂着	ひょうちゃく
漂白	ひょうはく
漂白剤	ひょうはくざい
漂流	ひょうりゅう
票	ひょう
表	おもて
表する	ひょうする
表看板	おもてかんばん
表記	ひょうき
表決	ひょうけつ
表現	ひょうげん
表向き	おもてむき
表紙	ひょうし
表示	ひょうじ
表出	ひょうしゅつ
表彰	ひょうしょう
表彰状	ひょうしょうじょう
表象	ひょうしょう
表情	ひょうじょう
表層	ひょうそう
表装	ひょうそう
表題	ひょうだい
表通り	おもてどおり
表土	ひょうど
表皮	ひょうひ
表明	ひょうめい
表面	ひょうめん
表面化	ひょうめんか
表裏	ひょうり
表立って	おもてだって
評	ひょう
評価	ひょうか
評議	ひょうぎ
評議員	ひょうぎいん
評決	ひょうけつ
評判	ひょうばん
評論	ひょうろん
評論家	ひょうろんか
描写	びょうしゃ
病	やまい
病院	びょういん
病気	びょうき
病苦	びょうく
病原	びょうげん
病原菌	びょうげんきん
病後	びょうご
病死	びょうし
病室	びょうしつ
病弱	びょうじゃく
病床	びょうしょう
病状	びょうじょう
病人	びょうにん
病巣	びょうそう
病的	びょうてき
病棟	びょうとう
病名	びょうめい
秒	びょう
秒速	びょうそく
秒読み	びょうよみ
苗	なえ
苗床	なえどこ
苗木	なえぎ
品格	ひんかく
品詞	ひんし
品質	ひんしつ
品種	ひんしゅ
品性	ひんせい
品切れ	しなぎれ
品薄	しなうす
品物	しなもの
品名	ひんめい
品目	ひんもく
浜	はま
浜辺	はまべ
瀕死	ひんし
貧血	ひんけつ
貧困	ひんこん
貧者	ひんじゃ
貧弱	ひんじゃく
貧相	ひんそう
貧農	ひんのう
貧富	ひんぷ
貧乏	びんぼう
貧乏人	びんぼうにん
貧民	ひんみん
頻度	ひんど
頻発	ひんぱつ
頻繁	ひんぱん
敏感	びんかん
敏速	びんそく
敏腕	びんわん
瓶	びん
瓶詰め	びんづめ
不安	ふあん
不安定	ふあんてい
不意	ふい
不運	ふうん
不衛生	ふえいせい
不穏	ふおん
不穏当	ふおんとう
不可	ふか
不可解	ふかかい
不可欠	ふかけつ
不可抗力	ふかこうりょく
不可思議	ふかしぎ
不可侵	ふかしん
不可能	ふかのう
不可避	ふかひ
不可分	ふかぶん
不快	ふかい
不確か	ふたしか
不確実	ふかくじつ
不完全	ふかんぜん
不慣れ	ふなれ
不器用	ぶきよう
不機嫌	ふきげん
不気味	ぶきみ
不規則	ふきそく
不起訴	ふきそ
不義	ふぎ
不吉	ふきつ
不朽	ふきゅう
不況	ふきょう
不均衡	ふきんこう
不謹慎	ふきんしん
不遇	ふぐう
不屈	ふくつ
不景気	ふけいき
不経済	ふけいざい
不潔	ふけつ
不健康	ふけんこう
不健全	ふけんぜん
不見識	ふけんしき
不公平	ふこうへい
不向き	ふむき
不孝	ふこう
不幸	ふこう
不合格	ふごうかく
不合理	ふごうり
不在	ふざい
不作	ふさく
不思議	ふしぎ
不死	ふし
不死身	ふじみ
不死鳥	ふしちょう
不似合い	ふにあい
不時着	ふじちゃく
不自然	ふしぜん
不自由	ふじゆう
不実	ふじつ
不手際	ふてぎわ
不十分	ふじゅうぶん
不出来	ふでき
不純	ふじゅん
不純物	ふじゅんぶつ
不順	ふじゅん
不祥事	ふしょうじ
不肖	ふしょう
不詳	ふしょう
不条理	ふじょうり
不浄	ふじょう
不信	ふしん
不信任	ふしんにん
不審	ふしん
不審火	ふしんび
不心得	ふこころえ
不振	ふしん
不親切	ふしんせつ
不人気	ふにんき
不図	ふと
不世出	ふせいしゅつ
不成功	ふせいこう
不成立	ふせいりつ
不整脈	ふせいみゃく
不正	ふせい
不正確	ふせいかく
不戦	ふせん
不戦勝	ふせんしょう
不鮮明	ふせんめい
不全	ふぜん
不相応	ふそうおう
不足	ふそく
不退転	ふたいてん
不断	ふだん
不仲	ふなか
不注意	ふちゅうい
不調	ふちょう
不通	ふつう
不定期	ふていき
不敵	ふてき
不適	ふてき
不適切	ふてきせつ
不適当	ふてきとう
不徹底	ふてってい
不渡り	ふわたり
不渡り手形	ふわたりてがた
不都合	ふつごう
不当	ふとう
不統一	ふとういつ
不透明	ふとうめい
不動	ふどう
不動産	ふどうさん
不動産屋	ふどうさんや
不同	ふどう
不同意	ふどうい
不得意	ふとくい
不得手	ふえて
不徳	ふとく
不特定	ふとくてい
不妊症	ふにんしょう
不熱心	ふねっしん
不燃	ふねん
不能	ふのう
不敗	ふはい
不買	ふばい
不発	ふはつ
不備	ふび
不必要	ふひつよう
不評	ふひょう
不服	ふふく
不払い	ふばらい
不文律	ふぶんりつ
不平	ふへい
不平等	ふびょうどう
不偏不党	ふへんふとう
不変	ふへん
不便	ふべん
不法	ふほう
不本意	ふほんい
不満	ふまん
不満足	ふまんぞく
不眠	ふみん
不眠症	ふみんしょう
不眠不休	ふみんふきゅう
不名誉	ふめいよ
不明	ふめい
不滅	ふめつ
不毛	ふもう
不毛の地	ふもうのち
不問	ふもん
不愉快	ふゆかい
不用意	ふようい
不利	ふり
不利益	ふりえき
不履行	ふりこう
不慮	ふりょ
不良	ふりょう
不良品	ふりょうひん
不倫	ふりん
不老	ふろう
不和	ふわ
不惑	ふわく
ついて行く	ついていく
付け根	つけね
付け届け	つけとどけ
付加	ふか
付記	ふき
付近	ふきん
付言	ふげん
付随	ふずい
付則	ふそく
付帯	ふたい
付託	ふたく
付着	ふちゃく
付与	ふよ
埠頭	ふとう
夫	おっと
夫君	ふくん
夫妻	ふさい
夫人	ふじん
婦警	ふけい
婦女	ふじょ
婦女子	ふじょし
婦人	ふじん
婦人科	ふじんか
婦長	ふちょう
富	とみ
富貴	ふうき
富豪	ふごう
富士山	ふじさん
富裕	ふゆう
布	ぬの
布巾	ふきん
布告	ふこく
布施	ふせ
布石	ふせき
布団	ふとん
府県	ふけん
府知事	ふちじ
府庁	ふちょう
扶助	ふじょ
扶養	ふよう
敷居	しきい
敷金	しききん
敷設	ふせつ
敷地	しきち
普及	ふきゅう
普賢	ふげん
普段	ふだん
普通	ふつう
普通選挙	ふつうせんきょ
普通預金	ふつうよきん
浮き浮き	ウキウキ
浮気	うわき
浮腫	むくみ
浮上	ふじょう
浮世絵	うきよえ
浮動	ふどう
浮標	ふひょう
浮揚	ふよう
浮力	ふりょく
浮浪者	ふろうしゃ
父	ちち
父の日	ちちのひ
父兄	ふけい
父子	ふし
父親	ちちおや
父母	ふぼ
父方	ちちかた
符号	ふごう
符合	ふごう
腐食	ふしょく
腐心	ふしん
腐敗	ふはい
譜面	ふめん
負	ふ
負けん気	まけんき
負け越し	まけこし
負け犬	まけいぬ
負け惜しみ	まけおしみ
負んぶ	おんぶ
負荷	ふか
負債	ふさい
負傷	ふしょう
負担	ふたん
賦課	ふか
赴任	ふにん
侮辱	ぶじょく
侮蔑	ぶべつ
武家	ぶけ
武官	ぶかん
武器	ぶき
武功	ぶこう
武士道	ぶしどう
武者	むしゃ
武術	ぶじゅつ
武将	ぶしょう
武人	たけひと
武装	ぶそう
武道	ぶどう
武勇	ぶゆう
武力	ぶりょく
舞楽	ぶがく
舞曲	ぶきょく
舞妓	まいこ
舞台	ぶたい
舞台裏	ぶたいうら
舞踏	ぶとう
舞姫	まいひめ
舞踊	ぶよう
葡萄	ぶどう
部	ぶ
部位	ぶい
部員	ぶいん
部屋	へや
部下	ぶか
部外	ぶがい
部首	ぶしゅ
部数	ぶすう
部族	ぶぞく
部隊	ぶたい
部長	ぶちょう
部内	ぶない
部品	ぶひん
部分	ぶぶん
部分的	ぶぶんてき
部門	ぶもん
部落	ぶらく
部類	ぶるい
封	ふう
封印	ふういん
封建	ほうけん
封鎖	ふうさ
封殺	ふうさつ
封書	ふうしょ
封切り	ふうきり
封筒	ふうとう
風	かぜ
風雨	ふうう
風雲	ふううん
風下	かざしも
風化	ふうか
風格	ふうかく
風紀	ふうき
風景	ふうけい
風向き	かざむき
風刺	ふうし
風習	ふうしゅう
風情	ふぜい
風雪	ふうせつ
風船	ふうせん
風速	ふうそく
風俗	ふうぞく
風潮	ふうちょう
風通し	かぜとおし
風土	ふうど
風土病	ふうどびょう
風物	ふうぶつ
風流	ふうりゅう
風力	ふうりょく
風鈴	ふうりん
風呂	ふろ
風呂屋	ふろや
風呂場	ふろば
風呂敷	ふろしき
風靡	ふうび
伏線	ふくせん
伏兵	ふくへい
副	ふく
副業	ふくぎょう
副作用	ふくさよう
副産物	ふくさんぶつ
副詞	ふくし
副次的	ふくじてき
副社長	ふくしゃちょう
副収入	ふくしゅうにゅう
副署	ふくしょ
副将	ふくしょう
副賞	ふくしょう
副食	ふくしょく
副葬品	ふくそうひん
副題	ふくだい
復活	ふっかつ
復刊	ふっかん
復帰	ふっき
復旧	ふっきゅう
復興	ふっこう
復権	ふっけん
復元	ふくげん
復古	ふっこ
復刻	ふっこく
復習	ふくしゅう
復讐	ふくしゅう
復職	ふくしょく
復調	ふくちょう
幅	はば
服	ふく
服従	ふくじゅう
服飾	ふくしょく
服装	ふくそう
服役	ふくえき
服薬	ふくやく
服用	ふくよう
福	ふく
福音	ふくいん
福祉	ふくし
福利	ふくり
腹	はら
腹筋	ふっきん
腹心	ふくしん
腹痛	ふくつう
腹部	ふくぶ
腹膜炎	ふくまくえん
複眼	ふくがん
複合	ふくごう
複雑	ふくざつ
複雑さ	ふくざつさ
複式	ふくしき
複写	ふくしゃ
複数	ふくすう
複製	ふくせい
複利	ふくり
覆面	ふくめん
淵	ふち
払拭	ふっしょく
沸騰	ふっとう
仏	ほとけ
仏画	ぶつが
仏閣	ぶっかく
仏学	ぶつがく
仏間	ぶつま
仏教	ぶっきょう
仏具	ぶつぐ
仏語	ふつご
仏師	ぶっし
仏前	ぶつぜん
仏像	ぶつぞう
仏壇	ぶつだん
仏頂面	ぶっちょうづら
仏典	ぶってん
仏殿	ぶつでん
仏塔	ぶっとう
仏文	ふつぶん
仏法	ぶっぽう
仏門	ぶつもん
仏領	ふつりょう
物	もの
物陰	ものかげ
物音	ものおと
物価	ぶっか
物議	ぶつぎ
物件	ぶっけん
物語	ものがたり
物好き	ものずき
物腰	ものごし
物産	ぶっさん
物差し	ものさし
物資	ぶっし
物事	ものごと
物質	ぶっしつ
物証	ぶっしょう
物色	ぶっしょく
物心	ものごころ
物騒	ぶっそう
物体	ぶったい
物置	ものおき
物的	ぶってき
物品	ぶっぴん
物欲	ぶつよく
物理	ぶつり
物理学	ぶつりがく
物理的	ぶつりてき
分	ぶん
分からず屋	わからずや
分かれ目	わかれめ
分院	ぶんいん
分化	ぶんか
分家	ぶんけ
分科	ぶんか
分科会	ぶんかかい
分会	ぶんかい
分解	ぶんかい
分割	ぶんかつ
分割払い	ぶんかつばらい
分岐	ぶんき
分岐点	ぶんきてん
分業	ぶんぎょう
分権	ぶんけん
分校	ぶんこう
分冊	ぶんさつ
分散	ぶんさん
分子	ぶんし
分室	ぶんしつ
分乗	ぶんじょう
分譲	ぶんじょう
分身	ぶんしん
分水嶺	ぶんすいれい
分数	ぶんすう
分析	ぶんせき
分担	ぶんたん
分派	ぶんぱ
分配	ぶんぱい
分売	ぶんばい
分布	ぶんぷ
分別	ぶんべつ
分娩	ぶんべん
分捕り品	ぶんどりひん
分母	ぶんぼ
分野	ぶんや
分与	ぶんよ
分離	ぶんり
分立	ぶんりつ
分流	ぶんりゅう
分量	ぶんりょう
分類	ぶんるい
分裂	ぶんれつ
噴火	ふんか
噴射	ふんしゃ
噴出	ふんしゅつ
噴水	ふんすい
墳墓	ふんぼ
憤慨	ふんがい
憤激	ふんげき
奮起	ふんき
奮戦	ふんせん
奮闘	ふんとう
奮発	ふんぱつ
粉	こな
粉ミルク	こなミルク
粉砕	ふんさい
粉飾	ふんしょく
粉雪	こなゆき
粉末	ふんまつ
糞	くそ
紛糾	ふんきゅう
紛失	ふんしつ
紛争	ふんそう
雰囲気	ふんいき
文	ふみ
文案	ぶんあん
文化	ぶんか
文化財	ぶんかざい
文化的	ぶんかてき
文科	ぶんか
文学	ぶんがく
文学者	ぶんがくしゃ
文楽	ぶんらく
文官	ぶんかん
文句	もんく
文系	ぶんけい
文芸	ぶんげい
文献	ぶんけん
文庫	ぶんこ
文語	ぶんご
文豪	ぶんごう
文字	もじ
文字通り	もじどおり
文章	ぶんしょう
文体	ぶんたい
文壇	ぶんだん
文中	ぶんちゅう
文通	ぶんつう
文筆	ぶんぴつ
文部	もんぶ
文部省	もんぶしょう
文法	ぶんぽう
文房具	ぶんぼうぐ
文脈	ぶんみゃく
文民	ぶんみん
文明	ぶんめい
文面	ぶんめん
文例	ぶんれい
聞き手	ききて
然し	しかし
然し乍ら	しかしながら
然も	しかも
併記	へいき
併合	へいごう
併殺	へいさつ
併設	へいせつ
併発	へいはつ
併用	へいよう
強者	きょうしゃ
兵員	へいいん
兵営	へいえい
兵学	へいがく
兵器	へいき
兵士	へいし
兵舎	へいしゃ
兵隊	へいたい
兵団	へいだん
兵法	へいほう
兵役	へいえき
兵力	へいりょく
塀	へい
平ら	たいら
平安	へいあん
平易	へいい
平泳ぎ	ひらおよぎ
平穏	へいおん
平仮名	ひらがな
平価	へいか
平家物語	へいけものがたり
平気	へいき
平均点	へいきんてん
平原	へいげん
平行線	へいこうせん
平行棒	へいこうぼう
平衡	へいこう
平時	へいじ
平謝り	ひらあやまり
平手	ひらて
平準	へいじゅん
平常	へいじょう
平生	へいぜい
平静	へいせい
平然	へいぜん
平素	へいそ
平定	へいてい
平等	びょうどう
平日	へいじつ
平年	へいねん
平年並み	へいねんなみ
平板	へいばん
平服	へいふく
平方	へいほう
平方キロメートル	へいほうキロメートル
平方メートル	へいほうメートル
平凡	へいぼん
平民	へいみん
平明	へいめい
平面	へいめん
平面図	へいめんず
平野	へいや
平和	へいわ
弊害	へいがい
弊社	へいしゃ
柄	がら
並びに	ならびに
並み外れ	なみはずれ
並大抵	なみたいてい
並行	へいこう
並立	へいりつ
並列	へいれつ
閉会	へいかい
閉館	へいかん
閉経	へいけい
閉口	へいこう
閉鎖	へいさ
閉塞	へいそく
閉店	へいてん
閉幕	へいまく
陛下	へいか
米屋	こめや
米価	べいか
米軍	べいぐん
米国	べいこく
米穀	べいこく
米作	べいさく
米寿	べいじゅ
米飯	べいはん
米粉	こめこ
米粒	こめつぶ
壁	かべ
壁画	へきが
壁掛け	かべかけ
壁紙	かべがみ
癖	くせ
別	べつ
別に	べつに
別院	べついん
別格	べっかく
別巻	べっかん
別館	べっかん
別居	べっきょ
別個	べっこ
別項	べっこう
別冊	べっさつ
別紙	べっし
別室	べっしつ
別種	べっしゅ
別状	べつじょう
別世界	べっせかい
別荘	べっそう
別段	べつだん
別邸	べってい
別天地	べってんち
別途	べっと
別棟	べつむね
別当	べっとう
別表	べっぴょう
別物	べつもの
別問題	べつもんだい
別離	べつり
蔑視	べっし
偏狭	へんきょう
偏見	へんけん
偏向	へんこう
偏重	へんちょう
偏食	へんしょく
変	へん
変わった	かわった
変わり者	かわりもの
変わり目	かわりめ
変異	へんい
変移	へんい
変化	へんか
変化球	へんかきゅう
変革	へんかく
変換	へんかん
変形	へんけい
変幻	へんげん
変更	へんこう
変死	へんし
変質	へんしつ
変色	へんしょく
変心	へんしん
変身	へんしん
変人	へんじん
変数	へんすう
変性	へんせい
変節	へんせつ
変遷	へんせん
変奏曲	へんそうきょく
変装	へんそう
変造	へんぞう
変則	へんそく
変速	へんそく
変態	へんたい
変調	へんちょう
変電所	へんでんしょ
変動	へんどう
変貌	へんぼう
変容	へんよう
片っ端から	かたっぱしから
片仮名	カタカナ
片隅	かたすみ
片言	かたこと
片手	かたて
片手間	かたてま
片側	かたがわ
片田舎	かたいなか
片道	かたみち
片方	かたほう
片面	かためん
片目	かため
片腕	かたうで
編	へん
編曲	へんきょく
編纂	へんさん
編集者	へんしゅうしゃ
編成	へんせい
編隊	へんたい
編入	へんにゅう
辺	へん
辺り	あたり
辺境	へんきょう
辺地	へんち
返還	へんかん
返却	へんきゃく
返金	へんきん
返済	へんさい
返事	へんじ
返上	へんじょう
返信	へんしん
返送	へんそう
返答	へんとう
返品	へんぴん
返礼	へんれい
遍歴	へんれき
便	びん
便り	たより
便器	べんき
便宜	べんぎ
便所	べんじょ
便乗	びんじょう
便秘	べんぴ
便法	べんぽう
便利	べんり
便利さ	べんりさ
便箋	びんせん
勉学	べんがく
勉強	べんきょう
勉強中	べんきょうちゅう
弁	べん
弁解	べんかい
弁慶	べんけい
弁護	べんご
弁護士	べんごし
弁護人	べんごにん
弁済	べんさい
弁士	べんし
弁償	べんしょう
弁舌	べんぜつ
弁当	べんとう
お弁当	おべんとう
弁務官	べんむかん
弁明	べんめい
弁理士	べんりし
弁論	べんろん
保する	ほする
持ち合い	もちあい
保安	ほあん
保育	ほいく
保育園	ほいくえん
保温	ほおん
保管	ほかん
保健	ほけん
保健婦	ほけんふ
保険	ほけん
保険金	ほけんきん
保護	ほご
保護者	ほごしゃ
保護鳥	ほごちょう
保護貿易	ほごぼうえき
保持	ほじ
保釈	ほしゃく
保守	ほしゅ
保守党	ほしゅとう
保証金	ほしょうきん
保証人	ほしょうにん
保証付き	ほしょうつき
保身	ほしん
保線	ほせん
保全	ほぜん
保存	ほぞん
保有	ほゆう
保養	ほよう
保留	ほりゅう
保冷	ほれい
舗装	ほそう
捕逸	ほいつ
捕獲	ほかく
捕球	ほきゅう
捕鯨	ほげい
捕手	ほしゅ
捕虜	ほりょ
歩	ほ
歩行	ほこう
歩行者	ほこうしゃ
歩合	ぶあい
歩調	ほちょう
歩道	ほどう
歩道橋	ほどうきょう
歩兵	ほへい
補完	ほかん
補給	ほきゅう
補強	ほきょう
補欠	ほけつ
補修	ほしゅう
補充	ほじゅう
補助	ほじょ
補償	ほしょう
補正	ほせい
補足	ほそく
補聴器	ほちょうき
補導	ほどう
穂	ほ
募金	ぼきん
募債	ぼさい
募集	ぼしゅう
墓	はか
墓穴	ぼけつ
墓碑	ぼひ
墓標	ぼひょう
母	はは
母の日	ははのひ
母音	ぼいん
母校	ぼこう
母港	ぼこう
母国	ぼこく
母国語	ぼこくご
母子	ぼし
母親	ははおや
母性	ぼせい
母性愛	ぼせいあい
母船	ぼせん
母体	ぼたい
母胎	ぼたい
母乳	ぼにゅう
母方	ははかた
簿外	ぼがい
簿記	ぼき
菩薩	ぼさつ
菩提樹	ぼだいじゅ
俸給	ほうきゅう
包囲	ほうい
包括	ほうかつ
包含	ほうがん
包摂	ほうせつ
包装	ほうそう
包丁	ほうちょう
包容力	ほうようりょく
呆気	あっけ
報	ほう
報告	ほうこく
報告書	ほうこくしょ
報酬	ほうしゅう
報知	ほうち
報道	ほうどう
報道機関	ほうどうきかん
報復	ほうふく
奉公	ほうこう
奉行	ぶぎょう
奉仕	ほうし
奉納	ほうのう
宝	たから
宝くじ	たからくじ
宝庫	ほうこ
宝石	ほうせき
峰	みね
崩壊	ほうかい
抱っこ	だっこ
抱負	ほうふ
放映	ほうえい
放火	ほうか
放課後	ほうかご
放棄	ほうき
放言	ほうげん
放射	ほうしゃ
放射性	ほうしゃせい
放射線	ほうしゃせん
放射能	ほうしゃのう
放出	ほうしゅつ
放心	ほうしん
放水	ほうすい
放送	ほうそう
放題	ほうだい
放置	ほうち
放逐	ほうちく
放電	ほうでん
放蕩	ほうとう
放任	ほうにん
放熱	ほうねつ
放牧	ほうぼく
放免	ほうめん
放浪	ほうろう
方	ほう
方位	ほうい
方角	ほうがく
方形	ほうけい
方言	ほうげん
方向	ほうこう
方向音痴	ほうこうおんち
方策	ほうさく
方式	ほうしき
方針	ほうしん
方程式	ほうていしき
方便	ほうべん
方法	ほうほう
方面	ほうめん
朋友	ほうゆう
法	ほう
法案	ほうあん
法王	ほうおう
法外	ほうがい
法学	ほうがく
法規	ほうき
法師	ほうし
法治	ほうち
法人	ほうじん
法制	ほうせい
法曹	ほうそう
法曹界	ほうそうかい
法則	ほうそく
法定	ほうてい
法廷	ほうてい
法的	ほうてき
法務	ほうむ
法務省	ほうむしょう
法律	ほうりつ
法令	ほうれい
泡	あわ
泡盛	あわもり
砲	ほう
砲火	ほうか
砲撃	ほうげき
砲弾	ほうだん
砲兵	ほうへい
胞子	ほうし
芳香	ほうこう
蜂	はち
蜂蜜	はちみつ
褒章	ほうしょう
褒賞	ほうしょう
褒美	ほうび
訪日	ほうにち
訪米	ほうべい
訪問	ほうもん
豊か	ゆたか
豊漁	ほうりょう
豊作	ほうさく
豊年	ほうねん
豊富	ほうふ
豊満	ほうまん
邦画	ほうが
邦楽	ほうがく
邦人	ほうじん
邦題	ほうだい
邦訳	ほうやく
飽食	ほうしょく
飽和	ほうわ
鳳凰	ほうおう
亡き後	なきあと
亡骸	なきがら
亡国	ぼうこく
亡者	もうじゃ
亡命	ぼうめい
亡霊	ぼうれい
傍観	ぼうかん
脇見	わきみ
傍若無人	ぼうじゃくぶじん
傍受	ぼうじゅ
傍聴	ぼうちょう
坊さん	ぼうさん
坊主	ぼうず
妨害	ぼうがい
帽子	ぼうし
忘れ物	わすれもの
忘却	ぼうきゃく
忘年会	ぼうねんかい
房	ふさ
暴飲	ぼういん
暴虐	ぼうぎゃく
暴挙	ぼうきょ
暴君	ぼうくん
暴行	ぼうこう
暴食	ぼうしょく
暴走	ぼうそう
暴徒	ぼうと
暴騰	ぼうとう
暴動	ぼうどう
暴発	ぼうはつ
暴風	ぼうふう
暴風雨	ぼうふうう
暴落	ぼうらく
暴利	ぼうり
暴力	ぼうりょく
暴力団	ぼうりょくだん
望遠	ぼうえん
望遠鏡	ぼうえんきょう
望郷	ぼうきょう
望月	もちづき
某	ぼう
棒	ぼう
棒状	ぼうじょう
棒立ち	ぼうだち
冒険	ぼうけん
冒頭	ぼうとう
紡ぎ歌	つむぎうた
紡織	ぼうしょく
紡績	ぼうせき
膨張	ぼうちょう
謀議	ぼうぎ
謀反	むほん
謀略	ぼうりゃく
貿易	ぼうえき
防衛	ぼうえい
防疫	ぼうえき
防音	ぼうおん
防火	ぼうか
防寒	ぼうかん
防空	ぼうくう
防御	ぼうぎょ
防災	ぼうさい
防止	ぼうし
防臭	ぼうしゅう
防除	ぼうじょ
防水	ぼうすい
防虫	ぼうちゅう
防虫剤	ぼうちゅうざい
防毒	ぼうどく
防波堤	ぼうはてい
防犯	ぼうはん
防腐	ぼうふ
頬っぺた	ほっぺた
北	きた
北北東	ほくほくとう
北アイルランド	きたアイルランド
北緯	ほくい
北欧	ほくおう
北海	ほっかい
北海道	ほっかいどう
北海道開発庁長官	ほっかいどうかいはつちょうちょうかん
北寄り	きたより
北京	ペキン
北極	ほっきょく
北極海	ほっきょくかい
北極圏	ほっきょくけん
北口	きたぐち
北向き	きたむき
北郊	ほっこう
北山	きたやま
北上	ほくじょう
北西	ほくせい
北端	ほくたん
北朝鮮	きたちょうせん
北半球	きたはんきゅう
北部	ほくぶ
北米	ほくべい
北方	ほっぽう
北洋	ほくよう
北陸	ほくりく
僕	ぼく
僕ら	ぼくら
僕たち	ぼくたち
墨	すみ
墨絵	すみえ
墨書	ぼくしょ
撲滅	ぼくめつ
牧師	ぼくし
牧草	ぼくそう
牧畜	ぼくちく
牧野	ぼくや
勃起	ぼっき
勃発	ぼっぱつ
没収	ぼっしゅう
没頭	ぼっとう
没年	ぼつねん
没落	ぼつらく
殆ど	ほとんど
堀	ほり
堀川	ほりかわ
奔走	ほんそう
奔放	ほんぽう
奔流	ほんりゅう
本	ほん
本位	ほんい
本意	ほんい
本院	ほんいん
本屋	ほんや
本音	ほんね
本家	ほんけ
本科	ほんか
本会議	ほんかいぎ
本格	ほんかく
本格化	ほんかくか
本格的	ほんかくてき
本館	ほんかん
本願	ほんがん
本気	ほんき
本義	ほんぎ
本拠	ほんきょ
本業	ほんぎょう
本局	ほんきょく
本筋	ほんすじ
本建築	ほんけんちく
本校	ほんこう
本国	ほんごく
本腰	ほんごし
本旨	ほんし
本紙	ほんし
本誌	ほんし
本質	ほんしつ
本社	ほんしゃ
本書	ほんしょ
本省	ほんしょう
本場	ほんば
本場所	ほんばしょ
本職	ほんしょく
本心	ほんしん
本人	ほんにん
本陣	ほんじん
本数	ほんすう
本性	ほんしょう
本籍	ほんせき
本線	ほんせん
本船	ほんせん
本訴	ほんそ
本草	ほんぞう
本葬	ほんそう
本則	ほんそく
本尊	ほんぞん
本体	ほんたい
本隊	ほんたい
本題	ほんだい
本棚	ほんだな
本朝	ほんちょう
本調子	ほんちょうし
本店	ほんてん
本殿	ほんでん
本島	ほんとう
本当	ほんとう
本堂	ほんどう
本道	ほんどう
本読み	ほんよみ
本日	ほんじつ
本年	ほんねん
本能	ほんのう
本箱	ほんばこ
本番	ほんばん
本舞台	ほんぶたい
本部	ほんぶ
本物	ほんもの
本邦	ほんぽう
本望	ほんもう
本名	ほんみょう
本命	ほんめい
本木	もとき
本来	ほんらい
本流	ほんりゅう
本領	ほんりょう
本塁	ほんるい
本塁打	ほんるいだ
翻案	ほんあん
翻意	ほんい
翻訳	ほんやく
翻弄	ほんろう
凡そ	およそ
凡打	ぼんだ
凡退	ぼんたい
凡庸	ぼんよう
盆	ぼん
盆栽	ぼんさい
盆地	ぼんち
盆踊り	ぼんおどり
摩擦	まさつ
摩天楼	まてんろう
魔術	まじゅつ
魔女	まじょ
魔物	まもの
魔法	まほう
魔法使い	まほうつかい
魔法瓶	まほうびん
魔力	まりょく
麻	あさ
麻雀	マージャン
麻布	あさぬの
麻薬	まやく
埋葬	まいそう
埋蔵	まいぞう
埋没	まいぼつ
妹	いもうと
枚	まい
枚挙	まいきょ
枚数	まいすう
毎	ごと
毎に	ごとに
毎回	まいかい
毎時	まいじ
毎週	まいしゅう
毎朝	まいあさ
毎度	まいど
毎日	まいにち
毎晩	まいばん
毎秒	まいびょう
幕	まく
幕開け	まくあけ
幕間	まくあい
幕切れ	まくぎれ
幕内	まくうち
幕府	ばくふ
幕僚	ばくりょう
膜	まく
枕	まくら
鮪	マグロ
又	また
又は	または
抹殺	まっさつ
抹消	まっしょう
抹茶	まっちゃ
末	すえ
末に	すえに
末広	すえひろ
末寺	まつじ
末梢	まっしょう
末端	まったん
末日	まつじつ
末尾	まつび
迄	まで
万が一	まんがいち
万一	まんいち
万引き	まんびき
万感	ばんかん
万国	ばんこく
万策	ばんさく
万事	ばんじ
万世	ばんせい
万端	ばんたん
万年	まんねん
万年筆	まんねんひつ
万有引力	ばんゆういんりょく
万里	ばんり
慢性	まんせい
慢性的	まんせいてき
満員	まんいん
満悦	まんえつ
満開	まんかい
満喫	まんきつ
満月	まんげつ
満載	まんさい
満場	まんじょう
満場一致	まんじょういっち
満席	まんせき
満足	まんぞく
満潮	まんちょう
満杯	まんぱい
満腹	まんぷく
満了	まんりょう
満塁	まんるい
漫画	まんが
漫談	まんだん
蔓延	まんえん
味	あじ
味付け	あじつけ
味の素	あじのもと
味覚	みかく
味噌	みそ
味噌汁	みそしる
味方	みかた
未	み
未だ	まだ
未だ未だ	まだまだ
未解決	みかいけつ
未開	みかい
未開拓	みかいたく
未開発	みかいはつ
未完	みかん
未完成	みかんせい
未経験	みけいけん
未決	みけつ
未婚	みこん
未収	みしゅう
未熟	みじゅく
未熟児	みじゅくじ
未遂	みすい
未成年者	みせいねんしゃ
未然	みぜん
未知	みち
未知数	みちすう
未定	みてい
未納	みのう
未発表	みはっぴょう
未払い	みはらい
未亡人	みぼうじん
未満	みまん
未明	みめい
未来	みらい
未来派	みらいは
未了	みりょう
未練	みれん
魅了	みりょう
魅力	みりょく
魅力的	みりょくてき
魅惑	みわく
巳	み
密会	みっかい
密教	みっきょう
密航	みっこう
密告	みっこく
密室	みっしつ
密集	みっしゅう
密接	みっせつ
密着	みっちゃく
密度	みつど
密売	みつばい
密封	みっぷう
密閉	みっぺい
密輸	みつゆ
密猟	みつりょう
蜜柑	みかん
脈	みゃく
脈絡	みゃくらく
妙	みょう
妙案	みょうあん
妙技	みょうぎ
妙手	みょうしゅ
妙味	みょうみ
妙薬	みょうやく
民	たみ
民意	みんい
民営	みんえい
民営化	みんえいか
民家	みんか
民間	みんかん
民業	みんぎょう
民芸	みんげい
民権	みんけん
民事	みんじ
民主	みんしゅ
民主国	みんしゅこく
民主主義	みんしゅしゅぎ
民主的	みんしゅてき
民主党	みんしゅとう
民需	みんじゅ
民衆	みんしゅう
民宿	みんしゅく
民心	みんしん
民政	みんせい
民生	みんせい
民生委員	みんせいいいん
民族自決	みんぞくじけつ
民族主義	みんぞくしゅぎ
民団	みんだん
民兵	みんぺい
民法	みんぽう
民有	みんゆう
民謡	みんよう
民話	みんわ
眠気	ねむけ
夢	ゆめ
夢幻	むげん
夢想	むそう
夢中	むちゅう
無し	なし
無愛想	ぶあいそう
無闇に	むやみに
無意識	むいしき
無意味	むいみ
無為	むい
無益	むえき
無縁	むえん
無我	むが
無我夢中	むがむちゅう
無関係	むかんけい
無関心	むかんしん
無機	むき
無気力	むきりょく
無休	むきゅう
無給	むきゅう
無菌	むきん
無形	むけい
無言	むごん
無限	むげん
無効	むこう
無口	むくち
無垢	むく
無差別	むさべつ
無罪	むざい
無作為	むさくい
無作法	ぶさほう
無残	むざん
無視	むし
無事	ぶじ
無実	むじつ
無邪気	むじゃき
無重力	むじゅうりょく
無傷	むきず
無償	むしょう
無常	むじょう
無情	むじょう
無条件	むじょうけん
無職	むしょく
無色	むしょく
無人	むじん
無尽蔵	むじんぞう
無粋	ぶすい
無数	むすう
無制限	むせいげん
無政府	むせいふ
無政府主義	むせいふしゅぎ
無声	むせい
無税	むぜい
無責任	むせきにん
無線	むせん
無線操縦	むせんそうじゅう
無線電話	むせんでんわ
無造作	むぞうさ
無駄	むだ
無駄遣い	むだづかい
無断	むだん
無知	むち
無地	むじ
無秩序	むちつじょ
無茶	むちゃ
無茶苦茶	むちゃくちゃ
無敵	むてき
無届け	むとどけ
無難	ぶなん
無念	むねん
無能	むのう
無報酬	むほうしゅう
無法	むほう
無謀	むぼう
無防備	むぼうび
無名	むめい
無用	むよう
無欲	むよく
無理	むり
無理強い	むりじい
無理心中	むりしんじゅう
無理難題	むりなんだい
無理やり	むりやり
無料	むりょう
無力	むりょく
無礼	ぶれい
無論	むろん
矛盾	むじゅん
矛先	ほこさき
霧	きり
霧雨	きりさめ
婿	むこ
娘	むすめ
娘婿	むすめむこ
冥福	めいふく
冥利	みょうり
名	な
名案	めいあん
名医	めいい
名家	めいか
名画	めいが
名鑑	めいかん
名義	めいぎ
名曲	めいきょく
名言	めいげん
名作	めいさく
名札	なふだ
名産	めいさん
名残	なごり
名刺	めいし
名士	めいし
名詞	めいし
名実	めいじつ
名手	めいしゅ
名所	めいしょ
名称	めいしょう
名人	めいじん
名声	めいせい
名前	なまえ
名著	めいちょ
名盤	めいばん
名付け親	なづけおや
名物	めいぶつ
名文	めいぶん
名簿	めいぼ
名木	めいぼく
名目	めいもく
名門	めいもん
名誉	めいよ
名誉職	めいよしょく
命	いのち
命ずる	めいずる
命運	めいうん
命綱	いのちづな
命取り	いのちとり
命拾い	いのちびろい
命題	めいだい
命中	めいちゅう
命日	めいにち
命脈	めいみゃく
命名	めいめい
命令	めいれい
明くる	あくる
あくる日	あくるひ
明け方	あけがた
明らか	あきらか
明暗	めいあん
明解	めいかい
明快	めいかい
明確	めいかく
明記	めいき
明言	めいげん
明細	めいさい
明示	めいじ
明星	みょうじょう
明朝	みょうちょう
明晩	みょうばん
明文	めいぶん
明瞭	めいりょう
明朗	めいろう
明晰	めいせき
盟主	めいしゅ
盟約	めいやく
盟友	めいゆう
迷宮	めいきゅう
迷彩	めいさい
迷子	まいご
迷信	めいしん
迷路	めいろ
迷惑	めいわく
銘々	めいめい
銘記	めいき
銘柄	めいがら
鳴き声	なきごえ
姪	めい
滅多	めった
滅茶苦茶	めちゃくちゃ
滅亡	めつぼう
免疫	めんえき
免許	めんきょ
免許証	めんきょしょう
免罪	めんざい
免除	めんじょ
免状	めんじょう
免職	めんしょく
免税	めんぜい
免責	めんせき
綿	わた
綿布	めんぷ
綿密	めんみつ
面する	めんする
面影	おもかげ
面会	めんかい
面子	メンツ
面積	めんせき
面接	めんせつ
面前	めんぜん
面相	めんそう
面倒	めんどう
面白	おもしろ
面目	めんぼく
面皰	にきび
麺	めん
模擬	もぎ
模擬試験	もぎしけん
模型	もけい
模索	もさく
模写	もしゃ
模造	もぞう
模範	もはん
模倣	もほう
模様	もよう
毛	け
毛穴	けあな
毛糸	けいと
毛虫	けむし
毛頭	もうとう
毛髪	もうはつ
毛皮	けがわ
毛筆	もうひつ
毛布	もうふ
毛並み	けなみ
猛威	もうい
猛攻	もうこう
猛獣	もうじゅう
猛暑	もうしょ
猛打	もうだ
猛毒	もうどく
猛烈	もうれつ
盲学校	もうがっこう
盲人	もうじん
盲腸	もうちょう
盲点	もうてん
盲導犬	もうどうけん
盲目	もうもく
網	あみ
網戸	あみど
網棚	あみだな
網膜	もうまく
網羅	もうら
蒙古	もうこ
木	き
木の芽	きのめ
木の実	きのみ
木の葉	このは
木陰	こかげ
木管	もっかん
木戸	きど
木材	もくざい
木場	きば
木星	もくせい
木製	もくせい
木造	もくぞう
木炭	もくたん
木彫	もくちょう
木彫り	きぼり
木馬	もくば
木片	もくへん
木綿	もめん
木曜	もくよう
木曜日	もくようび
黙殺	もくさつ
黙示	もくし
黙祷	もくとう
黙認	もくにん
黙秘	もくひ
黙秘権	もくひけん
目障り	めざわり
目安	めやす
目印	めじるし
目隠し	めかくし
目下	めした
目玉	めだま
目撃	もくげき
目次	もくじ
目処	めど
目上	めうえ
目先	めさき
目前	もくぜん
目測	もくそく
目的	もくてき
目的地	もくてきち
目当て	めあて
目白	めじろ
目鼻	めはな
目標	もくひょう
目つき	めつき
目方	めかた
目薬	めぐすり
目録	もくろく
勿論	もちろん
餅	もち
尤も	もっとも
問い	とい
問う	とう
問題	もんだい
問題児	もんだいじ
問題点	もんだいてん
問答	もんどう
紋章	もんしょう
紋切り型	もんきりがた
門下生	もんかせい
門外漢	もんがいかん
門外不出	もんがいふしゅつ
門限	もんげん
門戸	もんこ
門松	かどまつ
門徒	もんと
門番	もんばん
門扉	もんぴ
冶金	やきん
夜	よる
夜な夜な	よなよな
夜会	やかい
夜回り	よまわり
夜学	やがく
夜間	やかん
夜曲	やきょく
夜勤	やきん
夜具	やぐ
夜空	よぞら
夜景	やけい
夜叉	やしゃ
夜桜	よざくら
夜食	やしょく
夜中	よなか
夜通し	よどおし
夜討ち	ようち
夜逃げ	よにげ
夜道	よみち
夜明け	よあけ
夜遊び	よあそび
野	の
野外	やがい
野外劇	やがいげき
野球	やきゅう
野球部	やきゅうぶ
野犬	やけん
野原	のはら
野菜	やさい
野獣	やじゅう
野心	やしん
野人	やじん
野性	やせい
野生	やせい
野戦	やせん
野草	やそう
野鳥	やちょう
野党	やとう
野蛮	やばん
野暮	やぼ
野放し	のばなし
野放図	のほうず
野望	やぼう
野良	のら
野良犬	のらいぬ
野良猫	のらねこ
野郎	やろう
弥生	やよい
矢	や
矢印	やじるし
矢鱈	やたら
矢面	やおもて
厄介	やっかい
厄年	やくどし
役	やく
役員	やくいん
役割	やくわり
役者	やくしゃ
役所	やくしょ
役場	やくば
役職	やくしょく
役人	やくにん
役柄	やくがら
役目	やくめ
約	やく
約款	やっかん
約束	やくそく
約定	やくじょう
薬	くすり
薬価	やっか
薬学	やくがく
薬局	やっきょく
薬剤	やくざい
薬剤師	やくざいし
薬師	やくし
薬指	くすりゆび
薬草	やくそう
薬品	やくひん
薬物	やくぶつ
薬味	やくみ
訳	わけ
訳語	やくご
訳者	やくしゃ
訳書	やくしょ
躍起	やっき
躍進	やくしん
躍動	やくどう
躍如	やくじょ
柳	やなぎ
愉快	ゆかい
油	あぶら
油井	ゆせい
油絵	あぶらえ
油脂	ゆし
油断	ゆだん
油田	ゆでん
油揚げ	あぶらあげ
癒着	ゆちゃく
輸液	ゆえき
輸血	ゆけつ
輸出	ゆしゅつ
輸出入	ゆしゅつにゅう
輸送	ゆそう
輸入	ゆにゅう
只	ただ
唯一	ゆいいつ
只今	ただいま
唯物論	ゆいぶつろん
優位	ゆうい
優越	ゆうえつ
優越感	ゆうえつかん
優雅	ゆうが
優遇	ゆうぐう
優秀	ゆうしゅう
優柔不断	ゆうじゅうふだん
優勝	ゆうしょう
優勢	ゆうせい
優生	ゆうせい
優先	ゆうせん
優先権	ゆうせんけん
優先的	ゆうせんてき
優待	ゆうたい
優等生	ゆうとうせい
優美	ゆうび
優良	ゆうりょう
優劣	ゆうれつ
勇み足	いさみあし
勇敢	ゆうかん
勇気	ゆうき
勇士	ゆうし
勇者	ゆうしゃ
勇壮	ゆうそう
勇断	ゆうだん
勇猛	ゆうもう
友	とも
友愛	ゆうあい
友好	ゆうこう
友情	ゆうじょう
友人	ゆうじん
友達	ともだち
友釣り	ともづり
友邦	ゆうほう
幽閉	ゆうへい
幽霊	ゆうれい
悠々自適	ゆうゆうじてき
悠久	ゆうきゅう
悠長	ゆうちょう
憂国	ゆうこく
憂慮	ゆうりょ
有	ゆう
有する	ゆうする
有りそう	ありそう
有りのまま	ありのまま
有り触れた	ありふれた
有難うございます	ありがとうございます
有様	ありさま
有意義	ゆういぎ
有益	ゆうえき
有価証券	ゆうかしょうけん
有害	ゆうがい
有感地震	ゆうかんじしん
有機	ゆうき
有給	ゆうきゅう
有形	ゆうけい
有権者	ゆうけんしゃ
有限	ゆうげん
有限会社	ゆうげんがいしゃ
有効	ゆうこう
有罪	ゆうざい
有志	ゆうし
有識者	ゆうしきしゃ
有終	ゆうしゅう
有償	ゆうしょう
有人	ゆうじん
有数	ゆうすう
有線	ゆうせん
有頂天	うちょうてん
有毒	ゆうどく
有能	ゆうのう
有望	ゆうぼう
有無	うむ
有名	ゆうめい
有名人	ゆうめいじん
有名無実	ゆうめいむじつ
有用	ゆうよう
有料	ゆうりょう
有力	ゆうりょく
猶予	ゆうよ
由	よし
由緒	ゆいしょ
由来	ゆらい
裕福	ゆうふく
誘い水	さそいみず
誘因	ゆういん
誘拐	ゆうかい
誘致	ゆうち
誘導	ゆうどう
誘発	ゆうはつ
誘惑	ゆうわく
遊び場	あそびば
遊び相手	あそびあいて
遊園地	ゆうえんち
遊郭	ゆうかく
遊戯	ゆうぎ
遊休	ゆうきゅう
遊興	ゆうきょう
遊撃	ゆうげき
遊撃手	ゆうげきしゅ
遊女	ゆうじょ
遊説	ゆうぜい
遊牧	ゆうぼく
遊離	ゆうり
郵政省	ゆうせいしょう
郵送	ゆうそう
郵便為替	ゆうびんかわせ
郵便局	ゆうびんきょく
雄大	ゆうだい
雄弁	ゆうべん
融合	ゆうごう
融資	ゆうし
融雪	ゆうせつ
昨夜	ゆうべ
夕刊	ゆうかん
夕刻	ゆうこく
夕焼け	ゆうやけ
夕食	ゆうしょく
夕日	ゆうひ
夕暮れ	ゆうぐれ
夕方	ゆうがた
夕霧	ゆうぎり
夕立	ゆうだち
予て	かねて
予め	あらかじめ
予科	よか
予感	よかん
予期	よき
予見	よけん
予後	よご
予行	よこう
予告	よこく
予算	よさん
予習	よしゅう
予審	よしん
予選	よせん
予想	よそう
予想外	よそうがい
予測	よそく
予断	よだん
予知	よち
予定	よてい
予備	よび
予備校	よびこう
予備知識	よびちしき
予備費	よびひ
予報	よほう
予防	よぼう
予防接種	よぼうせっしゅ
予防線	よぼうせん
予約	よやく
余りに	あまりに
余韻	よいん
余暇	よか
余技	よぎ
余興	よきょう
余計	よけい
余罪	よざい
よそ見	よそみ
余剰	よじょう
余震	よしん
余勢	よせい
余談	よだん
余地	よち
余熱	よねつ
余念	よねん
余波	よは
余白	よはく
余分	よぶん
余命	よめい
余裕	よゆう
余力	よりょく
余録	よろく
与党	よとう
与野党	よやとう
預金	よきん
用船	ようせん
傭兵	ようへい
幼なじみ	おさななじみ
幼魚	ようぎょ
幼子	おさなご
幼児	ようじ
幼時	ようじ
幼女	ようじょ
幼少	ようしょう
幼生	ようせい
幼稚	ようち
幼稚園	ようちえん
幼虫	ようちゅう
幼年	ようねん
妖怪	ようかい
妖精	ようせい
容易	ようい
容器	ようき
容疑	ようぎ
容疑者	ようぎしゃ
容姿	ようし
容赦	ようしゃ
容積	ようせき
容態	ようだい
容認	ようにん
容量	ようりょう
揚げ	あげ
揚げ物	あげもの
擁する	ようする
擁立	ようりつ
曜日	ようび
様	さま
様子	ようす
様式	ようしき
様相	ようそう
洋菓子	ようがし
洋画	ようが
洋楽	ようがく
洋間	ようま
洋館	ようかん
洋裁	ようさい
洋式	ようしき
洋室	ようしつ
洋酒	ようしゅ
洋書	ようしょ
洋食	ようしょく
洋風	ようふう
洋服	ようふく
溶液	ようえき
溶解	ようかい
溶岩	ようがん
溶鉱炉	ようこうろ
溶剤	ようざい
溶接	ようせつ
溶媒	ようばい
溶融	ようゆう
用	よう
用意	ようい
用具	ようぐ
用件	ようけん
用語	ようご
用紙	ようし
用事	ようじ
用心	ようじん
用心棒	ようじんぼう
用水	ようすい
用地	ようち
用途	ようと
用品	ようひん
用法	ようほう
用量	ようりょう
用例	ようれい
窯	かま
窯業	ようぎょう
窯元	かまもと
羊	ひつじ
羊肉	ようにく
羊毛	ようもう
葉	は
葉巻	はまき
葉書	はがき
要する	ようする
要するに	ようするに
要員	よういん
要因	よういん
要求	ようきゅう
要件	ようけん
要綱	ようこう
要項	ようこう
要塞	ようさい
要旨	ようし
要請	ようせい
要素	ようそ
要点	ようてん
要望	ようぼう
要領	ようりょう
謡曲	ようきょく
踊り子	おどりこ
踊り場	おどりば
遥か	はるか
陽炎	かげろう
陽気	ようき
陽光	ようこう
陽子	ようし
陽性	ようせい
陽電子	ようでんし
養育	よういく
養鶏	ようけい
養蚕	ようさん
養子	ようし
養子縁組	ようしえんぐみ
養女	ようじょ
養殖	ようしょく
養成	ようせい
養生	ようじょう
養豚	ようとん
養父	ようふ
養母	ようぼ
養老院	ようろういん
抑圧	よくあつ
抑止	よくし
抑制	よくせい
抑揚	よくよう
抑留	よくりゅう
欲	よく
欲する	ほっする
欲求	よっきゅう
欲望	よくぼう
浴室	よくしつ
浴場	よくじょう
浴槽	よくそう
翌月	よくげつ
翌週	よくしゅう
翌日	よくじつ
翌年	よくねん
翼	つばさ
羅漢	らかん
羅針盤	らしんばん
羅列	られつ
裸	はだか
裸眼	らがん
裸足	はだし
裸体	らたい
裸婦	らふ
来	らい
来援	らいえん
来月	らいげつ
来航	らいこう
来襲	らいしゅう
来週	らいしゅう
来世	らいせ
来店	らいてん
来日	らいにち
来年	らいねん
来賓	らいひん
来訪	らいほう
来歴	らいれき
雷雨	らいう
雷鳴	らいめい
落ち着いた	おちついた
落ち度	おちど
落とし穴	おとしあな
落下	らっか
落下傘	らっかさん
落語	らくご
落語家	らくごか
落差	らくさ
落札	らくさつ
落書き	らくがき
落成	らくせい
落成式	らくせいしき
落石	らくせき
落第	らくだい
落胆	らくたん
落盤	らくばん
落雷	らくらい
酪農	らくのう
乱雑	らんざつ
乱射	らんしゃ
乱闘	らんとう
乱入	らんにゅう
乱発	らんぱつ
乱舞	らんぶ
乱暴	らんぼう
乱脈	らんみゃく
乱用	らんよう
乱立	らんりつ
卵	たまご
卵黄	らんおう
卵管	らんかん
卵子	らんし
卵巣	らんそう
卵白	らんぱく
卵胞	らんぽう
嵐	あらし
欄	らん
欄外	らんがい
欄干	らんかん
藍	あい
蘭	らん
蘭学	らんがく
利	り
利益	りえき
利回り	りまわり
利害	りがい
利権	りけん
利己	りこ
利口	りこう
利子	りし
利潤	りじゅん
利殖	りしょく
利息	りそく
利点	りてん
利得	りとく
利尿	りにょう
利払い	りばらい
利用	りよう
利用者	りようしゃ
利率	りりつ
履き古し	はきふるし
履行	りこう
履修	りしゅう
履歴	りれき
履歴書	りれきしょ
梨	なし
理化学	りかがく
理科	りか
理解	りかい
理学	りがく
理学部	りがくぶ
理系	りけい
理工	りこう
理工学部	りこうがくぶ
理事	りじ
理性	りせい
理想	りそう
理想主義	りそうしゅぎ
理想的	りそうてき
理念	りねん
理髪	りはつ
理非	りひ
理不尽	りふじん
理由	りゆう
理容師	りようし
理論	りろん
裏	うら
裏金	うらがね
裏口	うらぐち
裏山	うらやま
裏手	うらて
裏切り者	うらぎりもの
裏側	うらがわ
裏打ち	うらうち
裏地	うらじ
裏通り	うらどおり
裏庭	うらにわ
裏道	うらみち
裏表	うらおもて
裏腹	うらはら
裏方	うらかた
裏面	うらめん
裏木戸	うらきど
裏目	うらめ
裏門	うらもん
裏話	うらばなし
里	り
里帰り	さとがえり
里子	さとご
離宮	りきゅう
離婚	りこん
離散	りさん
離脱	りだつ
離乳	りにゅう
離反	りはん
離別	りべつ
離陸	りりく
陸	りく
陸運	りくうん
陸軍	りくぐん
陸上	りくじょう
陸上競技	りくじょうきょうぎ
陸戦	りくせん
陸路	りくろ
律儀	りちぎ
律令	りつりょう
率	りつ
立ち食い	たちぐい
立ち読み	たちよみ
立ち話	たちばなし
立案	りつあん
立脚	りっきゃく
立憲	りっけん
立候補	りっこうほ
立春	りっしゅん
立証	りっしょう
立場	たちば
立正佼成会	りっしょうこうせいかい
立体	りったい
立派	りっぱ
立腹	りっぷく
立方	たちかた
立方体	りっぽうたい
立法	りっぽう
立法府	りっぽうふ
略	りゃく
略語	りゃくご
略式	りゃくしき
略取	りゃくしゅ
略称	りゃくしょう
略歴	りゃくれき
流	りゅう
流れ星	ながれぼし
流れ弾	ながれだま
流域	りゅういき
流儀	りゅうぎ
流刑	りゅうけい
流血	りゅうけつ
流行歌	りゅうこうか
流産	りゅうざん
流出	りゅうしゅつ
流水	りゅうすい
流星	りゅうせい
流石	さすが
流体	りゅうたい
流暢	りゅうちょう
流通	りゅうつう
流動	りゅうどう
流動的	りゅうどうてき
流入	りゅうにゅう
流派	りゅうは
流氷	りゅうひょう
流布	るふ
流用	りゅうよう
流量	りゅうりょう
流浪	るろう
留意	りゅうい
留学	りゅうがく
留学生	りゅうがくせい
留守	るす
留守番	るすばん
留置	りゅうち
留保	りゅうほ
硫黄	いおう
硫酸	りゅうさん
粒	つぶ
粒子	りゅうし
粒状	りゅうじょう
隆起	りゅうき
隆盛	りゅうせい
竜宮	りゅうぐう
旅	たび
旅館	りょかん
旅客	りょかく
旅客機	りょかくき
旅券	りょけん
旅行	りょこう
旅行者	りょこうしゃ
旅人	たびびと
旅先	たびさき
旅団	りょだん
旅程	りょてい
旅費	りょひ
旅路	たびじ
了	りょう
了解	りょうかい
僚船	りょうせん
僚友	りょうゆう
両院	りょういん
両家	りょうけ
両岸	りょうがん
両眼	りょうがん
両極	りょうきょく
両軍	りょうぐん
両国	りょうこく
両氏	りょうし
両者	りょうしゃ
両手	りょうて
両人	りょうにん
両性	りょうせい
両替	りょうがえ
両党	りょうとう
両日	りょうじつ
両方	りょうほう
両名	りょうめい
両面	りょうめん
両雄	りょうゆう
両様	りょうよう
両用	りょうよう
両翼	りょうよく
両立	りょうりつ
両輪	りょうりん
両隣	りょうどなり
両論	りょうろん
両腕	りょううで
寮	りょう
寮生	りょうせい
寮母	りょうぼ
料	りょう
料金	りょうきん
料亭	りょうてい
料理	りょうり
料理屋	りょうりや
猟	りょう
猟犬	りょうけん
猟師	りょうし
猟銃	りょうじゅう
療法	りょうほう
療養	りょうよう
糧食	りょうしょく
良かったら	よかったら
良好	りょうこう
良妻	りょうさい
良識	りょうしき
良質	りょうしつ
良心	りょうしん
良心的	りょうしんてき
良性	りょうせい
良品	りょうひん
量	りょう
量感	りょうかん
量産	りょうさん
量子	りょうし
量的	りょうてき
陵	みささぎ
領域	りょういき
領事	りょうじ
領事館	りょうじかん
領収	りょうしゅう
領収書	りょうしゅうしょ
領地	りょうち
領土	りょうど
領有	りょうゆう
力	ちから
力いっぱい	ちからいっぱい
力学	りきがく
力作	りきさく
力仕事	ちからしごと
力士	りきし
力試し	ちからだめし
力持ち	ちからもち
力説	りきせつ
力戦	りきせん
力走	りきそう
力添え	ちからぞえ
力点	りきてん
力投	りきとう
力量	りきりょう
緑	みどり
緑色	みどりいろ
緑青	ろくしょう
緑地	りょくち
倫理	りんり
倫理学	りんりがく
倫理的	りんりてき
厘	りん
林	はやし
林学	りんがく
林間	りんかん
林業	りんぎょう
林檎	りんご
林道	りんどう
林立	りんりつ
臨界	りんかい
臨機応変	りんきおうへん
臨月	りんげつ
臨時	りんじ
臨終	りんじゅう
臨床	りんしょう
臨場感	りんじょうかん
輪	わ
輪ゴム	わゴム
輪廻	りんね
輪郭	りんかく
輪切り	わぎり
輪転機	りんてんき
輪番	りんばん
隣	となり
隣家	りんか
隣人	りんじん
隣席	りんせき
隣接	りんせつ
鱗	うろこ
瑠璃	るり
塁	るい
塁審	るいしん
涙	なみだ
涙声	なみだごえ
累計	るいけい
累進	るいしん
累積	るいせき
類	るい
類似	るいじ
類人猿	るいじんえん
類推	るいすい
令	れい
令嬢	れいじょう
令状	れいじょう
例えば	たとえば
例会	れいかい
例外	れいがい
例外的	れいがいてき
例示	れいじ
例証	れいしょう
例題	れいだい
例年	れいねん
例文	れいぶん
冷え性	ひえしょう
冷や飯	ひやめし
冷害	れいがい
冷気	れいき
冷却	れいきゃく
冷却期間	れいきゃくきかん
冷遇	れいぐう
冷厳	れいげん
冷酷	れいこく
冷笑	れいしょう
冷水	れいすい
冷静	れいせい
冷戦	れいせん
冷蔵	れいぞう
冷蔵庫	れいぞうこ
冷淡	れいたん
冷徹	れいてつ
冷凍	れいとう
冷凍庫	れいとうこ
冷凍食品	れいとうしょくひん
冷房	れいぼう
礼	れい
礼儀	れいぎ
礼金	れいきん
礼賛	らいさん
礼状	れいじょう
礼節	れいせつ
礼拝	れいはい
礼服	れいふく
鈴	すず
零	れい
零下	れいか
零細	れいさい
零時	れいじ
零点	れいてん
霊	れい
霊安室	れいあんしつ
霊園	れいえん
霊界	れいかい
霊感	れいかん
霊魂	れいこん
霊長	れいちょう
齢	よわい
暦	こよみ
歴史	れきし
歴史的	れきしてき
歴戦	れきせん
歴代	れきだい
歴任	れきにん
歴訪	れきほう
列	れつ
列挙	れっきょ
列国	れっこく
列車	れっしゃ
列席	れっせき
列島	れっとう
劣悪	れつあく
劣化	れっか
劣勢	れっせい
劣等感	れっとうかん
烈震	れっしん
裂け目	さけめ
廉価	れんか
廉売	れんばい
恋	こい
恋愛	れんあい
恋人	こいびと
恋文	こいぶみ
煉瓦	れんが
練習	れんしゅう
蓮	はす
蓮華	れんげ
連歌	れんが
連休	れんきゅう
連係	れんけい
連携	れんけい
連結	れんけつ
連行	れんこう
連合	れんごう
連合会	れんごうかい
連鎖	れんさ
連座	れんざ
連載	れんさい
連勝	れんしょう
連戦	れんせん
連想	れんそう
連続	れんぞく
連打	れんだ
連帯	れんたい
連隊	れんたい
連中	れんちゅう
連動	れんどう
連日	れんじつ
連覇	れんぱ
連敗	れんぱい
連発	れんぱつ
連峰	れんぽう
連邦	れんぽう
連盟	れんめい
連用	れんよう
連絡	れんらく
連絡先	れんらくさき
連立	れんりつ
錬金術	れんきんじゅつ
路肩	ろかた
路線	ろせん
路地	ろじ
路傍	ろぼう
露	つゆ
露光	ろこう
露骨	ろこつ
露出	ろしゅつ
露呈	ろてい
露天	ろてん
露天風呂	ろてんぶろ
露店	ろてん
労	ろう
労苦	ろうく
労災	ろうさい
労災保険	ろうさいほけん
労作	ろうさく
労使	ろうし
労組	ろうそ
労賃	ろうちん
労働委員会	ろうどういいんかい
労働運動	ろうどううんどう
労働者	ろうどうしゃ
労働省	ろうどうしょう
労働条件	ろうどうじょうけん
労働組合	ろうどうくみあい
労働争議	ろうどうそうぎ
労働党	ろうどうとう
労働力	ろうどうりょく
労農	ろうのう
労務	ろうむ
労力	ろうりょく
労連	ろうれん
廊下	ろうか
朗らか	ほがらか
朗詠	ろうえい
朗読	ろうどく
朗報	ろうほう
楼閣	ろうかく
浪花節	なにわぶし
浪人	ろうにん
浪費	ろうひ
漏洩	ろうえい
漏出	ろうしゅつ
狼	おおかみ
老朽	ろうきゅう
老後	ろうご
老子	ろうし
老若男女	ろうにゃくなんにょ
老人	ろうじん
老人ホーム	ろうじんホーム
老人性	ろうじんせい
老衰	ろうすい
老婆	ろうば
老齢	ろうれい
蝋燭	ろうそく
六角	ろっかく
六十四分音符	ろくじゅうしぶおんぷ
録音	ろくおん
録音テープ	ろくおんテープ
録画	ろくが
論ずる	ろんずる
論外	ろんがい
論議	ろんぎ
論客	ろんきゃく
論拠	ろんきょ
論考	ろんこう
論旨	ろんし
論者	ろんしゃ
論証	ろんしょう
論説	ろんせつ
論戦	ろんせん
論争	ろんそう
論調	ろんちょう
論点	ろんてん
論評	ろんぴょう
論文	ろんぶん
論理	ろんり
論理的	ろんりてき
倭人	わじん
和	わ
和英	わえい
和音	わおん
和歌	わか
和菓子	わがし
和解	わかい
和牛	わぎゅう
和語	わご
和紙	わし
和室	わしつ
和尚	おしょう
和食	わしょく
和製	わせい
和装	わそう
和風	わふう
和服	わふく
和文	わぶん
和平	わへい
和訳	わやく
和洋	わよう
和洋折衷	わようせっちゅう
話し方	はなしかた
話術	わじゅつ
話題	わだい
賄賂	わいろ
脇	わき
脇役	わきやく
惑星	わくせい
枠	わく
枠内	わくない
鷲	わし
藁	わら
椀	わん
湾	わん
湾岸	わんがん
湾曲	わんきょく
腕	うで
腕時計	うでどけい
腕章	わんしょう
腕前	うでまえ
腕組み	うでぐみ
腕白	わんぱく
腕立て伏せ	うでたてふせ
腕力	わんりょく
丼	どんぶり
乖離	かいり
傲慢	ごうまん
冤罪	えんざい
几帳面	きちょうめん
刹那	せつな
咀嚼	そしゃく
咄嗟に	とっさに
哺乳	ほにゅう
哺乳類	ほにゅうるい
喘息	ぜんそく
嗚呼	ああ
嗜好	しこう
嘔吐	おうと
嘴	くちばし
嘸	さぞ
囃子	はやし
埃	ほこり
毀損	きそん
夭折	ようせつ
婉曲	えんきょく
屏風	びょうぶ
箒	ほうき
彗星	すいせい
彷彿	ほうふつ
忖度	そんたく
恍惚	こうこつ
恣意	しい
恫喝	どうかつ
罹患	りかん
戌	いぬ
拉致	らち
拮抗	きっこう
捏造	ねつぞう
掏摸	すり
掟	おきて
揶揄	やゆ
攘夷	じょうい
旁	つくり
曖昧	あいまい
曰く	いわく
杞憂	きゆう
梟	ふくろう
楷書	かいしょ
椰子	やし
檻	おり
うつ病	うつびょう
洒落	しゃれ
渾然	こんぜん
瀟洒	しょうしゃ
炒飯	チャーハン
炸裂	さくれつ
焜炉	こんろ
燻蒸	くんじょう
爬虫類	はちゅうるい
猜疑	さいぎ
琥珀	こはく
瑕疵	かし
瑣末	さまつ
瘤	こぶ
皺	しわ
眩暈	めまい
瞑想	めいそう
瞼	まぶた
瞽女	ごぜ
矮小	わいしょう
碌に	ろくに
稍	やや
筐体	きょうたい
籤	くじ
くじ引き	くじびき
絆	きずな
煌びやか	きらびやか
緻密	ちみつ
罠	わな
羞恥	しゅうち
肛門	こうもん
脛	すね
膠原病	こうげんびょう
臍	へそ
舅	しゅうと
苺	いちご
茗荷	みょうが
茣蓙	ござ
薔薇	ばら
バラ色	バラいろ
蕾	つぼみ
蜃気楼	しんきろう
蝸牛	かたつむり
訃報	ふほう
訛り	なまり
詭弁	きべん
謳歌	おうか
贅沢	ぜいたく
贔屓	ひいき
踵	かかと
躊躇	ちゅうちょ
躾	しつけ
逍遥	しょうよう
鋏	はさみ
鍼灸	しんきゅう
隕石	いんせき
笑窪	えくぼ
鞦韆	ぶらんこ
餃子	ギョーザ
饂飩	うどん
饒舌	じょうぜつ
麒麟	きりん
黎明	れいめい
黴	カビ
ばい菌	ばいきん
鼾	いびき
愛想	あいそ
愛憎	あいぞう
愛着	あいちゃく
悪口	あっこう
悪阻	つわり
悪霊	あくりょう
案文	あんぶん
依存	いぞん
横糸	よこいと
亥	い
一家	いっか
一家言	いっかげん
一回転	いっかいてん
一筋	ひとすじ
一隅	いちぐう
一言	ひとこと
一個人	いっこじん
一行	いちぎょう
一昨日	おととい
一昨年	おととし
一山	ひとやま
一子	いっし
一時	いちじ
一所	いっしょ
一色	いっしょく
一人	ひとり
一世	いっせい
一生	いっしょう
一声	いっせい
一節	いっせつ
一度	いちど
一日	いちにち
一年	いちねん
一筆	いっぴつ
一物	いちもつ
一夜	いちや
陰陽	いんよう
右側	みぎがわ
右端	みぎはし
雨脚	あまあし
雨水	あまみず
雨模様	あまもよう
卯	う
永久	えいきゅう
疫病	えきびょう
益	えき
円滑	えんかつ
円形	えんけい
塩	しお
塩害	えんがい
塩水	しおみず
奥地	おくち
奥底	おくそこ
翁	おきな
黄昏	たそがれ
黄色	きいろ
俺	おれ
音	おと
音色	ねいろ
下唇	したくちびる
下段	げだん
下半期	しもはんき
下半身	かはんしん
化粧	けしょう
化粧水	けしょうすい
仮名	かめい
何	なに
何故	なぜ
何時でも	いつでも
何処	どこ
加重	かじゅう
夏草	なつくさ
台詞	せりふ
暇	ひま
河口	かこう
火傷	やけど
花園	はなぞの
荷役	にやく
絵師	えし
海神	かいじん
海鳥	うみどり
絵馬	えま
外界	がいかい
外側	そとがわ
蛙	かえる
格好いい	かっこいい
角界	かくかい
割賦	かっぷ
乾物	かんぶつ
冠	かんむり
幹	みき
管	かん
嗽	うがい
眼鏡	メガネ
雁	がん
願望	がんぼう
寄贈	きぞう
捨て子	すてご
鬼神	きしん
偽物	にせもの
吉祥天	きっしょうてん
脚力	きゃくりょく
給油所	きゅうゆじょ
旧型	きゅうがた
旧版	きゅうはん
魚	さかな
共存	きょうぞん
興	きょう
近々	ちかぢか
金色	きんいろ
九	きゅう
軍兵	ぐんぴょう
軽やか	かろやか
決定版	けっていばん
兼業	けんぎょう
嫌気	いやき
研究所	けんきゅうじょ
見栄	みえ
元凶	げんきょう
元金	がんきん
元利	がんり
弦	つる
現存	げんぞん
古寺	こじ
古物	こぶつ
古文	こぶん
古文書	こもんじょ
古本	ふるほん
固執	こしつ
顧客	こきゃく
五月雨	さみだれ
五重	いつえ
五色	ごしき
後々	あとあと
口腔	こうこう
口数	くちかず
工場	こうじょう
溝	みぞ
甲	こう
甲板	かんぱん
紅	くれない
紅色	べにいろ
紅葉	こうよう
行き	いき
行き違い	いきちがい
行き止まり	いきどまり
行き来	ゆきき
行く	いく
行く末	ゆくすえ
鋼板	こうはん
高名	こうめい
合点	がてん
合板	ごうはん
合併	がっぺい
黒衣	こくい
黒煙	こくえん
黒白	くろしろ
黒髪	くろかみ
此奴	こいつ
頃	ころ
今昔	こんじゃく
今朝	けさ
今日	きょう
今年	ことし
今夕	こんせき
昆布	こんぶ
紺屋	こうや
魂	たましい
左側	ひだりがわ
最上	さいじょう
最中	さいちゅう
裁定	さいてい
昨日	きのう
桜花	おうか
鮭	さけ
殺戮	さつりく
三	さん
三角形	さんかくけい
三宝	さんぽう
三方	さんぼう
三味線	しゃみせん
惨敗	ざんぱい
四	し
姉妹	しまい
師走	しわす
施行	しこう
枝葉	えだは
私事	しじ
詩歌	しいか
歯痛	しつう
磁場	じば
七色	なないろ
七夕	たなばた
舎	しゃ
借家	しゃくや
借家人	しゃくやにん
寂然	せきぜん
主客	しゅかく
主従	しゅうじゅう
主人	しゅじん
修業	しゅうぎょう
醜女	しゅうじょ
十	じゅう
十四	じゅうし
十指	じっし
十七	じゅうなな
十八番	おはこ
渋面	じゅうめん
縦横	じゅうおう
重荷	おもに
重厚	じゅうこう
重傷	じゅうしょう
重複	ちょうふく
重宝	ちょうほう
出漁	しゅつりょう
出国	しゅっこく
出所	しゅっしょ
出水	しゅっすい
出生	しゅっしょう
春雨	はるさめ
順風	じゅんぷう
初産	ういざん
助言	じょげん
女形	おんながた
傷	きず
商人	しょうにん
小便	しょうべん
少女	しょうじょ
手のひら	てのひら
消耗	しょうもう
上着	うわぎ
上院	じょういん
上座	かみざ
上唇	うわくちびる
上皮	うわかわ
上方	じょうほう
丈夫	じょうぶ
乗客	じょうきゃく
情緒	じょうちょ
信	しん
誠	まこと
寝台	しんだい
深紅	しんく
真っ直ぐ	まっすぐ
真っ白	まっしろ
人々	ひとびと
人影	ひとかげ
人心	じんしん
人身	じんしん
人数	にんずう
人頭税	じんとうぜい
人文	じんぶん
人目	ひとめ
人力	じんりき
水鳥	みずとり
数	かず
正気	しょうき
正道	せいどう
西方	せいほう
石綿	いしわた
赤色	あかいろ
先行き	さきゆき
先ごろ	さきごろ
千代	ちよ
川面	かわも
扇形	おうぎがた
船底	せんてい
前足	まえあし
前歯	まえば
前半	ぜんはん
前輪	ぜんりん
良し悪し	よしあし
全国	ぜんこく
全治	ぜんち
嘗て	かつて
早急	そうきゅう
草木	くさき
足跡	あしあと
他人	たにん
他薦	たせん
代替	だいたい
大河	たいが
大将	たいしょう
凧	たこ
脱衣所	だついじょ
谷	たに
端	はし
値	あたい
弛緩	しかん
築城	ちくじょう
茶店	さてん
中指	なかゆび
昼間	ひるま
朝飯	あさめし
直	じき
直球	ちょっきゅう
直輸入	ちょくゆにゅう
佃	つくだ
弟	おとうと
弟子	でし
敵	てき
天の川	あまのがわ
天皇	てんのう
天神	てんじん
天地	てんち
店	みせ
伝言	でんごん
途中	とちゅう
島国	しまぐに
東側	ひがしがわ
東風	ひがしかぜ
灯	ひ
等	など
頭数	あたまかず
頭打ち	あたまうち
働き手	はたらきて
同人	どうじん
同胞	どうほう
銅	どう
読本	とくほん
凸凹	でこぼこ
内々	うちうち
内海	ないかい
内外	ないがい
内宮	ないくう
内示	ないじ
内分泌	ないぶんぴつ
内幕	うちまく
南瓜	かぼちゃ
南西	なんせい
南側	みなみがわ
南東	なんとう
南氷洋	なんひょうよう
二七日	ふたなぬか
二食	にしょく
二人	ふたり
二人前	ににんまえ
日数	にっすう
日本	にほん
乳牛	にゅうぎゅう
乳首	ちくび
乳母	うば
乳房	ちぶさ
入り口	いりぐち
入水	じゅすい
年々	ねんねん
年月	としつき
年頭	ねんとう
年表	ねんぴょう
此の	この
派出所	はしゅつじょ
梅雨	つゆ
売春婦	ばいしゅんふ
博	はく
拍子	ひょうし
柏	かしわ
白髪	しらが
八	はち
八つ	やっつ
八本	はちほん
発足	ほっそく
半月	はんげつ
半日	はんにち
半年	はんとし
帆船	はんせん
美男子	びだんし
鼻血	はなぢ
鼻紙	はながみ
鼻息	はないき
匹	ひき
俵	たわら
氷室	ひむろ
氷水	こおりみず
氷柱	つらら
品	しな
賓客	ひんきゃく
不治	ふじ
不知火	しらぬい
不定	ふてい
夫婦	ふうふ
富者	ふしゃ
武士	ぶし
風穴	かざあな
風車	ふうしゃ
風邪	かぜ
副官	ふくかん
副読本	ふくとくほん
分泌	ぶんぴつ
文書	ぶんしょ
平均	へいきん
平地	へいち
別人	べつじん
別名	べつめい
編者	へんしゃ
保育所	ほいくしょ
保健所	ほけんじょ
保養所	ほようじょ
墓参り	はかまいり
墓石	ぼせき
墓地	ぼち
宝物	たからもの
方々	かたがた
頬	ほお
北国	きたぐに
北側	きたがわ
北東	ほくとう
北風	きたかぜ
牧場	ぼくじょう
本文	ほんぶん
凡人	ぼんじん
毎月	まいつき
毎年	まいとし
末っ子	すえっこ
末弟	ばってい
末路	まつろ
末裔	まつえい
万	まん
万華鏡	まんげきょう
万人	ばんにん
万全	ばんぜん
万能	ばんのう
万物	ばんぶつ
密入国	みつにゅうこく
明後日	あさって
明日	あした
面	つら
暴言	ぼうげん
盲信	もうしん
妄想	もうそう
木目	もくめ
問屋	とんや
門	もん
夜行	やこう
夜半	やはん
夜話	やわ
融通	ゆうずう
夕飯	ゆうはん
予言	よげん
よそ行き	よそゆき
余人	よじん
預かり所	あずかりじょ
浴衣	ゆかた
翌朝	よくあさ
螺子	ネジ
螺旋	らせん
来客	らいきゃく
来春	らいしゅん
来場	らいじょう
雷	かみなり
落ち葉	おちば
卵形	らんけい
流行	りゅうこう
両側	りょうがわ
両足	りょうあし
両端	りょうたん
涼風	りょうふう
療養所	りょうようじょ
隣国	りんごく
例	れい
恋歌	こいうた
恋心	こいごころ
老若	ろうにゃく
老舗	しにせ
六	ろく
六つ	むっつ
大和	やまと
和名	わめい
儘	まま
偖	さて
匙	さじ
箱	はこ
懺悔	ざんげ
蜻蛉	とんぼ
合気道	あいきどう
合言葉	あいことば
相性	あいしょう
相乗り	あいのり
愛欲	あいよく
青々	あおあお
赤々	あかあか
明かり	あかり
空き巣	あきす
秋晴れ	あきばれ
空き瓶	あきびん
挙句	あげく
朝ごはん	あさごはん
痣	あざ
足がかり	あしがかり
足元	あしもと
鯵	アジ
あだ名	あだな
熱々	あつあつ
宛先	あてさき
宛名	あてな
あなた方	あなたがた
阿呆	アホ
雨垂れ	あまだれ
編み物	あみもの
雨上がり	あめあがり
雨降り	あめふり
鮎	あゆ
荒削り	あらけずり
荒野	こうや
凡ゆる	あらゆる
有難う	ありがとう
或る	ある
或いは	あるいは
暗記	あんき
暗黒	あんこく
杏	あんず
安全弁	あんぜんべん
塩梅	あんばい
案分	あんぶん
言い訳	いいわけ
家並み	いえなみ
遺棄	いき
生き方	いきかた
戦	いくさ
育成	いくせい
生垣	いけがき
生け花	いけばな
意向	いこう
慰謝	いしゃ
萎縮	いしゅく
委嘱	いしょく
移譲	いじょう
位置	いち
一々	いちいち
一望	いちぼう
一攫千金	いっかくせんきん
一ヶ月	いっかげつ
一騎打ち	いっきうち
一軒家	いっけんや
異文	いぶん
今まで	いままで
嫌	いや
愈	いよいよ
威容	いよう
意欲	いよく
苛々	いらいら
威力	いりょく
入れ墨	いれずみ
入れ歯	いれば
入れ物	いれもの
色々	いろいろ
鰯	いわし
陰影	いんえい
因習	いんしゅう
植木	うえき
餓死	がし
雨季	うき
浮き彫り	うきぼり
憂き目	うきめ
浮世	うきよ
受付	うけつけ
受け渡し	うけわたし
歌合	うたあわせ
内堀	うちぼり
埋め立て地	うめたてち
裏書	うらがき
占い師	うらないし
売り上げ	うりあげ
売掛金	うりかけきん
売り子	うりこ
売り手	うりて
売り場	うりば
閏年	うるうどし
売れ行き	うれゆき
運送	うんそう
云々	うんぬん
英才	えいさい
英知	えいち
絵葉書	えはがき
海老	えび
襟	えり
延々	えんえん
縁組	えんぐみ
援護	えんご
追い風	おいかぜ
往々	おうおう
王侯	おうこう
大げさ	おおげさ
大さじ	おおさじ
丘	おか
お菜	おかず
沖合	おきあい
置物	おきもの
憶測	おくそく
贈り物	おくりもの
押入れ	おしいれ
押し売り	おしうり
雄	おす
落し物	おとしもの
覚書	おぼえがき
お神輿	おみこし
思い出	おもいで
面白み	おもしろみ
重み	おもみ
母屋	おもや
お八つ	おやつ
折々	おりおり
折り紙	おりがみ
折り込み	おりこみ
折り目	おりめ
卸	おろし
卸売	おろしうり
卸売物価	おろしうりぶっか
卸値	おろしね
恩義	おんぎ
温和	おんわ
飼い犬	かいいぬ
会館	かいかん
買い手	かいて
買い主	かいぬし
飼い主	かいぬし
買い物	かいもの
替え歌	かえうた
返り咲き	かえりざき
火炎	かえん
顔合わせ	かおあわせ
顔なじみ	かおなじみ
係	かかり
係員	かかりいん
関わらず	かかわらず
花期	かき
夏季	かき
書き初め	かきぞめ
書留	かきとめ
画一	かくいつ
拡声器	かくせいき
駆け落ち	かけおち
掛け金	かけきん
掛け声	かけごえ
掛け算	かけざん
掛け軸	かけじく
駆け引き	かけひき
影	かげ
陰	かげ
影武者	かげむしゃ
過酷	かこく
籠	かご
火砕流	かさいりゅう
飾り付け	かざりつけ
貸し切り	かしきり
貸出	かしだし
箇所	かしょ
微か	かすか
数々	かずかず
仮説	かせつ
仮設	かせつ
風当たり	かぜあたり
片思い	かたおもい
肩書き	かたがき
肩代わり	かたがわり
塊	かたまり
傍ら	かたわら
加担	かたん
花壇	かだん
画期的	かっきてき
格好	かっこう
華道	かどう
稼働	かどう
可也	かなり
科目	かもく
蚊帳	かや
唐揚げ	からあげ
仮住まい	かりずまい
借り物	かりもの
軽々	かるがる
歌留多	カルタ
枯れ木	かれき
枯葉	かれは
可哀想	かわいそう
河原	かわら
代わり	かわり
変わり種	かわりだね
代わる代わる	かわるがわる
乾季	かんき
監査	かんさ
肝心	かんじん
乾杯	かんぱい
完璧	かんぺき
合衆国	がっしゅうこく
気合	きあい
効き目	ききめ
飢饉	ききん
木々	きぎ
危惧	きぐ
起源	きげん
兆し	きざし
基準	きじゅん
傷跡	きずあと
奇跡	きせき
機知	きち
切っ掛け	きっかけ
祈祷	きとう
希薄	きはく
規範	きはん
寄付	きふ
気まぐれ	きまぐれ
気持ち	きもち
旧交	きゅうこう
胡瓜	きゅうり
凶悪	きょうあく
凶器	きょうき
強固	きょうこ
凶弾	きょうだん
共同	きょうどう
凶暴	きょうぼう
興味津々	きょうみしんしん
恐竜	きょうりゅう
協力	きょうりょく
切り株	きりかぶ
切り傷	きりきず
切り抜き	きりぬき
切り札	きりふだ
切り身	きりみ
切れ味	きれあじ
綺麗	きれい
布地	ぬのじ
切れ目	きれめ
疑似	ぎじ
偽装	ぎそう
御者	ぎょしゃ
区画	くかく
口々	くちぐち
口々に	くちぐちに
屈強	くっきょう
屈服	くっぷく
国	くに
国々	くにぐに
首	くび
隅々	すみずみ
悔し涙	くやしなみだ
蔵	くら
水母	クラゲ
繰り越し	くりこし
具合	ぐあい
群衆	ぐんしゅう
群集	ぐんしゅう
蛍光	けいこう
蛍光灯	けいこうとう
計算機	けいさんき
消印	けしいん
決起	けっき
決着	けっちゃく
絹糸	きぬいと
堅実	けんじつ
研磨	けんま
激震	げきしん
激甚	げきじん
激痛	げきつう
激務	げきむ
激論	げきろん
下克上	げこくじょう
原価	げんか
元素	げんそ
小粋	こいき
子犬	こいぬ
幸運	こううん
交差点	こうさてん
子牛	こうし
交代	こうたい
広報	こうほう
小売	こうり
小躍り	こおどり
枯渇	こかつ
木枯らし	こがらし
古希	こき
個々	ここ
個数	こすう
木立	こだち
小包	こづつみ
粉々	こなごな
子猫	こねこ
子羊	こひつじ
衣替え	ころもがえ
強情	ごうじょう
豪勢	ごうせい
ご存知	ごぞんじ
ご馳走	ごちそう
五輪	ごりん
再々	さいさい
採録	さいろく
作付け	さくづけ
桜	さくら
挿絵	さしえ
差出人	さしだしにん
砂漠	さばく
錆	さび
様々	さまざま
寒々	さむざむ
三弦	さんげん
三三五五	さんさんごご
散々	さんざん
三段跳び	さんだんとび
雑踏	ざっとう
明々後日	しあさって
幸せ	しあわせ
塩漬け	しおづけ
潮干狩り	しおひがり
仕方	しかた
死骸	しがい
閾値	いきち
敷き布団	しきぶとん
刺激	しげき
子細	しさい
史跡	しせき
下請け	したうけ
七七日	しちしちにち
確り	しっかり
失策	しっさく
失神	しっしん
失態	しったい
品々	しなじな
渋々	しぶしぶ
島々	しまじま
写真機	しゃしんき
遮断機	しゃだんき
遮断器	しゃだんき
首位	しゅい
修好	しゅうこう
収集	しゅうしゅう
執着	しゅうちゃく
習得	しゅうとく
修練	しゅうれん
主唱	しゅしょう
種々	しゅじゅ
出処進退	しゅっしょしんたい
出版社	しゅっぱんしゃ
首領	しゅりょう
賞賛	しょうさん
少々	しょうしょう
招請	しょうせい
消灯	しょうとう
娼婦	しょうふ
承服	しょうふく
醤油	しょうゆ
少量	しょうりょう
唱和	しょうわ
暑中見舞	しょちゅうみまい
銀	ぎん
仕分け	しわけ
芯	しん
侵攻	しんこう
浸食	しんしょく
伸長	しんちょう
侵略	しんりゃく
直々	じきじき
事態	じたい
実情	じつじょう
辞典	じてん
弱小	じゃくしょう
若年	じゃくねん
従順	じゅうじゅん
重体	じゅうたい
絨毯	じゅうたん
儒艮	ジュゴン
潤色	じゅんしょく
順々に	じゅんじゅんに
純朴	じゅんぼく
上々	じょうじょう
上提	じょうてい
叙情	じょじょう
徐々に	じょじょに
吸い殻	すいがら
数ヶ月	すうかげつ
好き好き	すきずき
少なからず	すくなからず
少なくとも	すくなくとも
寿司	すし
筋合	すじあい
捨て身	すてみ
全て	すべて
滑り台	すべりだい
住まい	すまい
擦り傷	すりきず
制御	せいぎょ
正座	せいざ
精々	せいぜい
折角	せっかく
席巻	せっけん
浅見	あさみ
戦々恐々	せんせんきょうきょう
先頭	せんとう
専用	せんよう
税込み	ぜいこみ
善後策	ぜんごさく
前人未到	ぜんじんみとう
全線	ぜんせん
前兆	ぜんちょう
前編	ぜんぺん
相克	そうこく
相互	そうご
総合	そうごう
掃除機	そうじき
惣社	そうじゃ
早々	そうそう
装丁	そうてい
聡明	そうめい
蘇生	そせい
率先	そっせん
率直	そっちょく
其れ其れ	それぞれ
算盤	そろばん
尊属	そんぞく
続々	ぞくぞく
体当たり	たいあたり
退屈	たいくつ
対日	たいにち
退廃	たいはい
台風	たいふう
太平	たいへい
高々	たかだか
炊き出し	たきだし
蛸	タコ
たこ焼き	たこやき
確か	たしか
多々	たた
立ち入り禁止	たちいりきんし
竜巻	たつまき
建前	たてまえ
仮令	たとえ
煙草	タバコ
度々	たびたび
卵焼き	たまごやき
偶々	たまたま
ため息	ためいき
垂れ幕	たれまく
探検	たんけん
炭鉱	たんこう
淡々	たんたん
淡白	たんぱく
短編	たんぺん
段々	だんだん
近道	ちかみち
遅々	ちち
着	ちゃく
着々	ちゃくちゃく
茶漬け	ちゃづけ
茶碗	ちゃわん
中核	ちゅうかく
中秋	ちゅうしゅう
宙吊り	ちゅうづり
弔意	ちょうい
兆候	ちょうこう
蝶々	ちょうちょう
貯蓄	ちょちく
直感的	ちょっかんてき
直径	ちょっけい
使い捨て	つかいすて
月々	つきづき
次々	つぎつぎ
次々に	つぎつぎに
付け出し	つけだし
付け人	つけびと
津々浦々	つつうらうら
包み紙	つつみがみ
常々	つねづね
艶々	つやつや
釣り糸	つりいと
釣り銭	つりせん
釣り針	つりばり
釣り船	つりぶね
釣り堀	つりぼり
連れて行く	つれていく
手当	てあて
定形	ていけい
帝政	ていせい
手落ち	ておち
手がかり	てがかり
手すり	てすり
手帳	てちょう
徹する	てっする
手続き	てつづき
手作り	てづくり
手詰まり	てづまり
手ぬぐい	てぬぐい
手引き	てびき
照り焼き	てりやき
天引き	てんびき
出入り口	でいりぐち
出稼ぎ	でかせぎ
東亜	とうあ
登用	とうよう
時折	ときおり
時々	ときどき
刺	とげ
所々	ところどころ
年老	としおい
途絶	とぜつ
取っ手	とって
届	とどけ
飛び切り	とびきり
飛び火	とびひ
泊まり込み	とまりこみ
留め金	とめがね
共々	ともども
取りあえず	とりあえず
取扱注意	とりあつかいちゅうい
取次ぎ	とりつぎ
取引	とりひき
取引先	とりひきさき
捕り物	とりもの
取り分け	とりわけ
独逸	ドイツ
同座	どうざ
同士討ち	どうしうち
動静	どうせい
堂々	どうどう
堂々巡り	どうどうめぐり
同盟	どうめい
同名	どうめい
泥棒	どろぼう
貪欲	どんよく
内情	ないじょう
中々	なかなか
中身	なかみ
長々	ながなが
長らく	ながらく
謎々	なぞなぞ
夏祭り	なつまつり
何々	なになに
並	なみ
並木	なみき
並々	なみなみ
成り行き	なりゆき
縄張り	なわばり
何となく	なんとなく
南南西	なんなんせい
南南東	なんなんとう
仁王	におう
二階建て	にかいだて
握り飯	にぎりめし
俄	にわか
大蒜	にんにく
縫い針	ぬいばり
縫い目	ぬいめ
抜け穴	ぬけあな
抜け道	ぬけみち
値上がり	ねあがり
値上げ	ねあげ
値下げ	ねさげ
値段	ねだん
値幅	ねはば
粘々	ねばねば
値引き	ねびき
年齢	ねんれい
喉	のど
飲み水	のみみず
飲み物	のみもの
飲み屋	のみや
乗り心地	のりごこち
乗り場	のりば
乗り物	のりもの
呑気	のんき
徘徊	はいかい
履物	はきもの
箱舟	はこぶね
果たして	はたして
肌触り	はだざわり
鉢巻	はちまき
八丁	はっちょう
法被	はっぴ
発奮	はっぷん
初節供	はつぜっく
花言葉	はなことば
話	はなし
話し中	はなしちゅう
鼻高々	はなたかだか
華やか	はなやか
歯磨き	はみがき
波乱	はらん
張り子	はりこ
晴れ着	はれぎ
反映	はんえい
反旗	はんき
反逆	はんぎゃく
半々	はんはん
反復	はんぷく
繁忙	はんぼう
売春	ばいしゅん
梅毒	ばいどく
馬鹿	ばか
暴露	ばくろ
伯楽	はくらく
化け物	ばけもの
抜粋	ばっすい
板金	ばんきん
晩御飯	ばんごはん
万歳	ばんざい
盤石	ばんじゃく
日当たり	ひあたり
控え室	ひかえしつ
引き合い	ひきあい
引き金	ひきがね
引き込み線	ひきこみせん
引き算	ひきざん
引き続き	ひきつづき
引き出物	ひきでもの
引き戸	ひきど
髭	ひげ
久々	ひさびさ
日差し	ひざし
左利き	ひだりきき
必死	ひっし
必至	ひっし
一重	ひとえ
人差し指	ひとさしゆび
人並み	ひとなみ
一先ず	ひとまず
一周	いっしゅう
独り占め	ひとりじめ
一人旅	ひとりたび
一人ぼっち	ひとりぼっち
泌尿器	ひにょうき
雲雀	ひばり
日々	ひび
姫	ひめ
百戦錬磨	ひゃくせんれんま
百科事典	ひゃっかじてん
冷や汗	ひやあせ
日焼け	ひやけ
冷ややか	ひややか
比喩	ひゆ
表札	ひょうさつ
兵糧	ひょうろう
平家	へいけ
昼食	ちゅうしょく
昼ご飯	ひるごはん
広々	ひろびろ
不意打ち	ふいうち
吹き替え	ふきかえ
吹き出物	ふきでもの
不幸せ	ふしあわせ
不始末	ふしまつ
伏し目	ふしめ
付属	ふぞく
両親	りょうしん
双葉	ふたば
普段着	ふだんぎ
二日酔い	ふつかよい
不釣合い	ふつりあい
不妊	ふにん
船	ふね
普遍	ふへん
踏切	ふみきり
不行き届き	ふゆきとどき
不要	ふよう
振替	ふりかえ
振り子	ふりこ
振込	ふりこみ
不漁	ふりょう
旧跡	きゅうせき
古傷	ふるきず
故郷	ふるさと
付録	ふろく
部署	ぶしょ
無精	ぶしょう
編集	へんしゅう
別働隊	べつどうたい
別々	べつべつ
萌芽	ほうが
包帯	ほうたい
抱擁	ほうよう
ほうれん草	ほうれんそう
北北西	ほくほくせい
補佐	ほさ
保守的	ほしゅてき
保証	ほしょう
仄か	ほのか
保母	ほぼ
掘り出し物	ほりだしもの
本末転倒	ほんまつてんとう
忙殺	ぼうさつ
膨大	ぼうだい
坊ちゃん	ぼっちゃん
没後	ぼつご
前売り	まえうり
前売り券	まえうりけん
前払い	まえばらい
前々	まえまえ
前もって	まえもって
勾玉	まがたま
巻き貝	まきがい
巻尺	まきじゃく
巻物	まきもの
麻酔	ますい
益々	ますます
町	まち
町並み	まちなみ
区々	まちまち
末期	まっき
真っ黒	まっくろ
真っ青	まっさお
まな板	まないた
麻痺	まひ
摩耗	まもう
丸顔	まるがお
丸々	まるまる
稀	まれ
周り	まわり
漫才	まんざい
曼荼羅	まんだら
満点	まんてん
真ん中	まんなか
真ん丸	まんまる
満々	まんまん
見落し	みおとし
見覚え	みおぼえ
巫女	みこ
詔	みことのり
未成年	みせいねん
三十日	みそか
脈拍	みゃくはく
苗字	みょうじ
民族	みんぞく
民俗	みんぞく
向い風	むかいかぜ
向かい側	むかいがわ
向こう側	むこうがわ
虫歯	むしば
寧ろ	むしろ
目	め
目覚まし時計	めざましどけい
召し使い	めしつかい
目白押し	めじろおし
目茶目茶	めちゃめちゃ
目盛り	めもり
面々	めんめん
申込書	もうしこみしょ
持ち主	もちぬし
持ち物	もちもの
元々	もともと
物干し	ものほし
腿	もも
諸々	もろもろ
薬缶	やかん
焼き鳥	やきとり
焼肉	やきにく
焼きもち	やきもち
焼き物	やきもの
屋敷	やしき
雇い主	やといぬし
山々	やまやま
寡婦	かふ
憂鬱	ゆううつ
友誼	ゆうぎ
雄姿	ゆうし
勇退	ゆうたい
郵便	ゆうびん
悠々	ゆうゆう
有利	ゆうり
柚子	ゆず
揺り籠	ゆりかご
世	よ
陽	よう
養護	ようご
擁護	ようご
要約	ようやく
横丁	よこちょう
余生	よせい
余所	よそ
余程	よほど
夜更かし	よふかし
夜更け	よふけ
夜店	よみせ
読み物	よみもの
代々	だいだい
世論	よろん
弱み	よわみ
乱獲	らんかく
乱伐	らんばつ
理屈	りくつ
略奪	りゃくだつ
了承	りょうしょう
類型	るいけい
暦年	れきねん
労働	ろうどう
露見	ろけん
分かれ道	わかれみち
我が	わが
わが国	わがくに
我輩	わがはい
我が家	わがや
枠組み	わくぐみ
分け前	わけまえ
態々	わざわざ
早稲	わせ
割合	わりあい
割り勘	わりかん
割り算	わりざん
割高	わりだか
割に	わりに
割り箸	わりばし
割引	わりびき
割り増し	わりまし
割安	わりやす
割れ目	われめ
我ら	われら
我々	われわれ
叔父	おじ
叔母	おば
隔週	かくしゅう
低温	ていおん
低音	ていおん
亡父	ぼうふ
亡夫	ぼうふ
把	わ
長唄	ながうた
歌声	うたごえ
戦後	せんご
幕末	ばくまつ
原題	げんだい
演奏	えんそう
音痴	おんち
楽壇	がくだん
老師	ろうし
思い違い	おもいちがい
自民党	じみんとう
稲荷	いなり
源氏	げんじ
室町	むろまち
新橋	しんばし
平成	へいせい
弁天	べんてん
難波	なにわ
粗雑	そざつ
登壇	とうだん
激変	げきへん
早業	はやわざ
語り草	かたりぐさ
強豪	きょうごう
証取法	しょうとりほう
染まり具合	そまりぐあい
先鋭	せんえい
浅はか	あさはか
値する	あたいする
甘味	あまみ
洗い物	あらいもの
錨	いかり
生き生き	いきいき
幾度	いくど
虐め	いじめ
一度に	いちどに
一挙に	いっきょに
一向に	いっこうに
一遍に	いっぺんに
色んな	いろんな
衛生的	えいせいてき
応ずる	おうずる
欧米	おうべい
白粉	おしろい
恐る恐る	おそるおそる
恐るべき	おそるべき
落ちこぼれ	おちこぼれ
思い切って	おもいきって
思う存分	おもうぞんぶん
母さん	かあさん
害する	がいする
覚醒剤	かくせいざい
風上	かざかみ
貸間	かしま
風邪薬	かぜぐすり
鬘	かつら
要	かなめ
紙くず	かみくず
辛口	からくち
軽はずみ	かるはずみ
感ずる	かんずる
虚栄心	きょえいしん
禁欲的	きんよくてき
経済的	けいざいてき
恋する	こいする
工学部	こうがくぶ
刻一刻と	こくいっこくと
国力	こくりょく
最大限	さいだいげん
山積	さんせき
自営業	じえいぎょう
時機	じき
資本家	しほんか
自問	じもん
週休	しゅうきゅう
順路	じゅんろ
食中毒	しょくちゅうどく
女性的	じょせいてき
知らず知らず	しらずしらず
水産	すいさん
水爆	すいばく
所為	せい
成算	せいさん
節句	せっく
絶対に	ぜったいに
早春	そうしゅん
草食	そうしょく
総論	そうろん
速達便	そくたつびん
蕎麦屋	そばや
損する	そんする
対する	たいする
橙色	だいだいいろ
退廃的	たいはいてき
楕円形	だえんけい
多角	たかく
脱衣	だつい
脱走	だっそう
達筆	たっぴつ
立て続け	たてつづけ
男性的	だんせいてき
長大	ちょうだい
張本人	ちょうほんにん
珍紛漢紛	ちんぷんかんぷん
通産省	つうさんしょう
通俗的	つうぞくてき
梅雨明け	つゆあけ
手際よく	てぎわよく
冬期	とうき
父さん	とうさん
投射	とうしゃ
得する	とくする
都市ガス	としガス
餡子	あんこ
餡	あん
言いなり	いいなり
些か	いささか
お気に入り	おきにいり
硬さ	かたさ
口喧嘩	くちげんか
小売り店	こうりてん
診療所	しんりょうじょ
据え置き	すえおき
是非とも	ぜひとも
立て札	たてふだ
爪切り	つめきり
イスラム教	イスラムきょう
ガラス戸	ガラスど
セ氏	セし
大前提	だいぜんてい
年取った	としとった
途端	とたん
どの辺	どのへん
取締役	とりしまりやく
内向的	ないこうてき
長生き	ながいき
泣き顔	なきがお
何故か	なぜか
夏バテ	なつばて
何十	なんじゅう
何で	なんで
何でも	なんでも
逃げ足	にげあし
日韓	にっかん
日給	にっきゅう
寝相	ねぞう
寝冷え	ねびえ
残らず	のこらず
婆さん	ばあさん
排他主義	はいたしゅぎ
恥さらし	はじさらし
恥知らず	はじしらず
罰点	ばってん
葉っぱ	はっぱ
話し声	はなしごえ
話し言葉	はなしことば
早寝	はやね
腹いっぱい	はらいっぱい
日替わり	ひがわり
ひき肉	ひきにく
筆記用具	ひっきようぐ
一晩中	ひとばんじゅう
日にち	ひにち
日に日に	ひにひに
日増しに	ひましに
不意に	ふいに
吹き溜まり	ふきだまり
不燃物	ふねんぶつ
麓	ふもと
府立	ふりつ
プロ野球	プロやきゅう
偏差値	へんさち
法学部	ほうがくぶ
封建主義	ほうけんしゅぎ
封建的	ほうけんてき
防戦	ぼうせん
歩行者天国	ほこうしゃてんごく
発起人	ほっきにん
小火	ボヤ
本当に	ほんとうに
町中	まちなか
末期的	まっきてき
満更	まんざら
満面	まんめん
身軽	みがる
岬	みさき
水入らず	みずいらず
見ず知らず	みずしらず
店開き	みせびらき
見た目	みため
道草	みちくさ
道順	みちじゅん
見どころ	みどころ
認め印	みとめいん
耳元	みみもと
耳より	みみより
明年	みょうねん
見る見る	みるみる
無害	むがい
無期限	むきげん
無機物	むきぶつ
無性に	むしょうに
無心	むしん
無神経	むしんけい
無生物	むせいぶつ
無恥	むち
無風	むふう
名月	めいげつ
明治	めいじ
目玉商品	めだましょうひん
滅多に	めったに
申し訳ありません	もうしわけありません
若しも	もしも
物覚え	ものおぼえ
有機物	ゆうきぶつ
湯のみ	ゆのみ
要所	ようしょ
要注意	ようちゅうい
善くも	よくも
利己主義	りこしゅぎ
陸橋	りっきょう
留年	りゅうねん
領海	りょうかい
領空	りょうくう
歴然	れきぜん
老化	ろうか
老眼	ろうがん
碌な	ろくな
路上	ろじょう
和式	わしき
割合に	わりあいに
生気	せいき
隣り合わせ	となりあわせ
止めどなく	とめどなく
難なく	なんなく
逃げ道	にげみち
根っこ	ねっこ
密か	ひそか
一人一人	ひとりひとり
間に合わせ	まにあわせ
良く良く	よくよく
呼び名	よびな
彼方此方	あちこち
強ち	あながち
彼是	あれこれ
有耶無耶	うやむや
お歳暮	おせいぼ
お休み	おやすみ
御座います	ございます
その物	そのもの
ちり紙	ちりがみ
どうも有難う	どうもありがとう
あの世	あのよ
行けません	いけません
お医者さん	おいしゃさん
お祝い	おいわい
お帰り	おかえり
可笑しな	おかしな
お代わり	おかわり
お手伝い	おてつだい
お早う	おはよう
お坊さん	おぼうさん
然うして	そうして
其れと無く	それとなく
にも関わらず	にもかかわらず
びしょ濡れ	びしょぬれ
面談	めんだん
指切り	ゆびきり
アカデミー賞	アカデミーしょう
ウォール街	ウォールがい
オープン戦	オープンせん
カトリック教会	カトリックきょうかい
カリブ海	カリブかい
デモ隊	デモたい
ドラム缶	ドラムかん
ドル買い	ドルかい
バンタム級	バンタムきゅう
ビー玉	ビーだま
フライ級	フライきゅう
マルクス主義	マルクスしゅぎ
ユダヤ教	ユダヤきょう
リーグ戦	リーグせん
ロケット弾	ロケットだん
安心感	あんしんかん
慰霊	いれい
衣類	いるい
医科学	いかがく
一校	いっこう
一時期	いちじき
一女	いちじょ
一人暮らし	ひとりぐらし
一問	いちもん
稲田	いなだ
院内	いんない
右中間	うちゅうかん
宇宙開発	うちゅうかいはつ
宇宙開発事業団	うちゅうかいはつじぎょうだん
営業所	えいぎょうしょ
営農	えいのう
影の内閣	かげのないかく
栄養学	えいようがく
英明	えいめい
越後	えちご
円相場	えんそうば
園内	えんない
演出家	えんしゅつか
演舞	えんぶ
横手	よこて
横断幕	おうだんまく
屋台骨	やたいぼね
卸売市場	おろしうりしじょう
仮眠	かみん
何にも	なんにも
加点	かてん
家裁	かさい
家庭内	かていない
河川敷	かせんじき
火付け役	ひつけやく
稼働率	かどうりつ
花柳	かりゅう
介助	かいじょ
会計検査院	かいけいけんさいん
会社更生法	かいしゃこうせいほう
回向	えこう
回戦	かいせん
快勝	かいしょう
海上自衛隊	かいじょうじえいたい
海戦	かいせん
海道	かいどう
絵筆	えふで
開国	かいこく
開発部	かいはつぶ
外苑	がいえん
外洋	がいよう
各種学校	かくしゅがっこう
閣内	かくない
学校法人	がっこうほうじん
学際	がくさい
学習指導要領	がくしゅうしどうようりょう
割引債	わりびきさい
巻き添え	まきぞえ
巻き返し	まきかえし
完工	かんこう
完治	かんち
完勝	かんしょう
完全試合	かんぜんじあい
完投	かんとう
完売	かんばい
官民	かんみん
感情的	かんじょうてき
感染症	かんせんしょう
漢方	かんぽう
監事	かんじ
管区気象台	かんくきしょうだい
管財	かんざい
管制官	かんせいかん
管長	かんちょう
簡易保険	かんいほけん
簡裁	かんさい
観音	かんのん
還付	かんぷ
間伐	かんばつ
関取	せきとり
館内	かんない
丸抱え	まるがかえ
顔見知り	かおみしり
顔負け	かおまけ
企画室	きかくしつ
基軸	きじく
基準法	きじゅんほう
旗印	はたじるし
期待感	きたいかん
棋院	きいん
棋聖	きせい
棋界	きかい
機関紙	きかんし
帰郷	ききょう
気に入り	きにいり
気鋭	きえい
気配り	きくばり
規正	きせい
起訴猶予	きそゆうよ
技官	ぎかん
犠飛	ぎひ
義太夫	ぎだゆう
義勇	ぎゆう
議院運営委員会	ぎいんうんえいいいんかい
議会政治	ぎかいせいじ
議定書	ぎていしょ
客足	きゃくあし
脚光	きゃっこう
逆転勝ち	ぎゃくてんがち
急ピッチ	きゅうピッチ
急伸	きゅうしん
急成長	きゅうせいちょう
救国	きゅうこく
旧派	きゅうは
牛歩	ぎゅうほ
陰り	かげり
横ばい	よこばい
左腕	ひだりうで
破砕	はさい
亢進	こうしん
座礁	ざしょう
掘削	くっさく
座視	ざし
牧歌的	ぼっかてき
珍妙	ちんみょう
普遍的	ふへんてき
愚	ぐ
純	じゅん
順当	じゅんとう
簡明	かんめい
堅気	かたぎ
闊達	かったつ
軽微	けいび
謹厳	きんげん
酷	こく
高慢	こうまん
物静か	ものしずか
廉潔	れんけつ
老練	ろうれん
流麗	りゅうれい
生鮮	せいせん
清楚	せいそ
多角的	たかくてき
高らか	たからか
手薄	てうす
妖艶	ようえん
物故	ぶっこ
着火	ちゃっか
朝貢	ちょうこう
徴集	ちょうしゅう
注視	ちゅうし
打電	だでん
度外視	どがいし
服喪	ふくも
布教	ふきょう
憤死	ふんし
負託	ふたく
減殺	げんさい
返納	へんのう
放流	ほうりゅう
漂泊	ひょうはく
自戒	じかい
自生	じせい
開講	かいこう
掛け持ち	かけもち
覚醒	かくせい
勘案	かんあん
嘉納	かのう
活写	かっしゃ
敬服	けいふく
検分	けんぶん
結団	けつだん
結実	けつじつ
揮毫	きごう
気落ち	きおち
寄託	きたく
鳩首	きゅうしゅ
埋設	まいせつ
納骨	のうこつ
落球	らっきゅう
落馬	らくば
落着	らくちゃく
連破	れんぱ
離縁	りえん
硫化	りゅうか
留任	りゅうにん
流失	りゅうしつ
際会	さいかい
算段	さんだん
生還	せいかん
施工	せこう
潜行	せんこう
疾駆	しっく
死守	ししゅ
昇降	しょうこう
焼香	しょうこう
縮減	しゅくげん
走破	そうは
掃射	そうしゃ
素通り	すどおり
対置	たいち
退役	たいえき
退場	たいじょう
展観	てんかん
展覧	てんらん
転倒	てんとう
登板	とうばん
当直	とうちょく
登頂	とうちょう
登庁	とうちょう
踏破	とうは
投下	とうか
投棄	とうき
特設	とくせつ
登載	とうさい
踏襲	とうしゅう
投与	とうよ
預託	よたく
遊泳	ゆうえい
誘引	ゆういん
在校	ざいこう
続伸	ぞくしん
造成	ぞうせい
随伴	ずいはん
望外	ぼうがい
地球上	ちきゅうじょう
現有	げんゆう
生え抜き	はえぬき
箱入り	はこいり
日干し	ひぼし
術後	じゅつご
従前	じゅうぜん
可処分	かしょぶん
既刊	きかん
小型	こがた
区立	くりつ
的外れ	まとはずれ
無配	むはい
無二	むに
仲間内	なかまうち
大振り	おおぶり
臨港	りんこう
清新	せいしん
石造	せきぞう
所期	しょき
所要	しょよう
立ち枯れ	たちがれ
大輪	たいりん
適時	てきじ
時計回り	とけいまわり
薄手	うすで
薄曇り	うすぐもり
在野	ざいや
赤旗	あかはた
網目	あみめ
操り人形	あやつりにんぎょう
番狂わせ	ばんくるわせ
馬身	ばしん
琵琶湖	びわこ
菩提	ぼだい
木刀	ぼくとう
棒高跳び	ぼうたかとび
棒読み	ぼうよみ
部会	ぶかい
部活	ぶかつ
部局	ぶきょく
文武	ぶんぶ
文教	ぶんきょう
病原体	びょうげんたい
病弊	びょうへい
病根	びょうこん
病魔	びょうま
病歴	びょうれき
病身	びょうしん
着地	ちゃくち
着床	ちゃくしょう
着水	ちゃくすい
着座	ちゃくざ
地方版	ちほうばん
地表	ちひょう
地磁気	ちじき
地下水	ちかすい
誓って	ちかって
築造	ちくぞう
知能犯	ちのうはん
地の利	ちのり
鎮定	ちんてい
跳馬	ちょうば
長打	ちょうだ
腸炎	ちょうえん
長兄	ちょうけい
長江	ちょうこう
調教	ちょうきょう
長命	ちょうめい
調味	ちょうみ
長身	ちょうしん
長幼	ちょうよう
超絶	ちょうぜつ
忠犬	ちゅうけん
宙乗り	ちゅうのり
中生代	ちゅうせいだい
忠臣	ちゅうしん
大福	だいふく
第一声	だいいっせい
大蛇	だいじゃ
大吉	だいきち
大卒	だいそつ
脱会	だっかい
暖地	だんち
男児	だんじ
断交	だんこう
打算	ださん
打席	だせき
脱脂粉乳	だっしふんにゅう
脱硫	だつりゅう
デボン紀	デボンき
電磁波	でんじは
電気炉	でんきろ
土偶	どぐう
土方	どかた
毒ガス	どくガス
独白	どくはく
独力	どくりょく
度量	どりょう
怒声	どせい
土砂	どしゃ
銅鐸	どうたく
エッフェル塔	エッフェルとう
栄養分	えいようぶん
栄誉礼	えいよれい
役務	えきむ
赤子	あかご
浮沈	ふちん
風洞	ふうどう
風評	ふうひょう
布陣	ふじん
風光	ふうこう
風向	ふうこう
覆土	ふくど
服地	ふくじ
服務	ふくむ
福徳	ふくとく
不協和音	ふきょうわおん
風味	ふうみ
船乗り	ふなのり
腐乱	ふらん
二つ目	ふたつめ
芙蓉	ふよう
浮遊	ふゆう
外交団	がいこうだん
岐阜	ぎふ
八幡	はちまん
肌身	はだみ
破談	はだん
派兵	はへい
廃案	はいあん
拝殿	はいでん
廃液	はいえき
配本	はいほん
配管	はいかん
廃刊	はいかん
拝金	はいきん
背面	はいめん
廃屋	はいおく
拝礼	はいれい
配役	はいやく
初めまして	はじめまして
波状	はじょう
発会	はっかい
白骨	はっこつ
迫撃	はくげき
薄氷	はくひょう
白票	はくひょう
薄力粉	はくりきこ
薄謝	はくしゃ
白色	しろいろ
放し飼い	はなしがい
版木	はんぎ
半焼	はんしょう
発布	はっぷ
畑作	はたさく
初舞台	はつぶたい
発露	はつろ
法度	はっと
刃渡り	はわたり
早咲き	はやざき
閉校	へいこう
閉山	へいざん
変転	へんてん
非番	ひばん
非業の死	ひごうのし
被保険者	ひほけんしゃ
肥育	ひいく
悲喜	ひき
飛球	ひきゅう
被膜	ひまく
費目	ひもく
牝馬	ひんば
品評	ひんぴょう
比類	ひるい
非鉄金属	ひてつきんぞく
人減らし	ひとべらし
日銭	ひぜに
報道陣	ほうどうじん
法医学	ほういがく
豊饒	ほうじょう
保革	ほかく
放漫	ほうまん
本分	ほんぶん
本土	ほんど
本舗	ほんぽ
崩落	ほうらく
堀端	ほりばた
砲声	ほうせい
法制局	ほうせいきょく
補習	ほしゅう
歩数	ほすう
報徳	ほうとく
法要	ほうよう
票田	ひょうでん
評定	ひょうじょう
評者	ひょうしゃ
評点	ひょうてん
票読み	ひょうよみ
貝塚	かいづか
山男	やまおとこ
沼田	ぬまた
精華	せいか
青葉	あおば
大洋	たいよう
堀江	ほりえ
隷書	れいしょ
老婦	ろうふ
老夫婦	ろうふうふ
架橋	かきょう
援助交際	えんじょこうさい
樹海	じゅかい
地学	ちがく
結露	けつろ
素焼き	すやき
此れ	これ
篆刻	てんこく
寄り切り	よりきり
手玉	てだま
公明党	こうめいとう
鉄塔	てっとう
鉄条網	てつじょうもう
糖類	とうるい
脂質	ししつ
送稿	そうこう
竜	りゅう
王	おう
安芸	あき
受取人	うけとりにん
視角	しかく
錻力	ブリキ
物流	ぶつりゅう
オレンジ色	オレンジいろ
有機化学	ゆうきかがく
田楽	でんがく
如月	きさらぎ
葉月	はづき
青柳	あおやぎ
居室	きょしつ
居場所	いばしょ
居心地	いごこち
巨木	きょぼく
拠出	きょしゅつ
漁民	ぎょみん
京劇	きょうげき
競走馬	きょうそうば
競馬場	けいばじょう
共和	きょうわ
強権	きょうけん
強行採決	きょうこうさいけつ
教育委員会	きょういくいいんかい
教育者	きょういくしゃ
教頭	きょうとう
狭間	はざま
禁止法	きんしほう
近衛	このえ
近作	きんさく
近著	きんちょ
金権	きんけん
金石	きんせき
金品	きんぴん
金融市場	きんゆうしじょう
金屏風	きんびょうぶ
空振り	からぶり
空爆	くうばく
繰入	くりいれ
君が代	きみがよ
刑事責任	けいじせきにん
型式	かたしき
経済研究所	けいざいけんきゅうじょ
経済成長率	けいざいせいちょうりつ
経済封鎖	けいざいふうさ
経常	けいじょう
経常利益	けいじょうりえき
計画的	けいかくてき
軽自動車	けいじどうしゃ
芸術院	げいじゅついん
芸術祭	げいじゅつさい
劇画	げきが
欠場	けつじょう
決め球	きめだま
決勝点	けっしょうてん
決選投票	けっせんとうひょう
血糖値	けっとうち
月産	げっさん
月内	げつない
健康食品	けんこうしょくひん
健保	けんぽ
建設省	けんせつしょう
建築学	けんちくがく
検察官	けんさつかん
検察庁	けんさつちょう
検事正	けんじせい
献花	けんか
研究官	けんきゅうかん
県外	けんがい
県勢	けんせい
見え隠れ	みえかくれ
見せ場	みせば
見応え	みごたえ
見切り発車	みきりはっしゃ
原資	げんし
厳しさ	きびしさ
減員	げんいん
減益	げんえき
減給	げんきゅう
現行犯	げんこうはん
現段階	げんだんかい
言い伝え	いいつたえ
個々人	ここじん
固定費	こていひ
戸別訪問	こべつほうもん
後進	こうしん
後半戦	こうはんせん
御三家	ごさんけ
御用邸	ごようてい
護国	ごこく
交じり	まじり
公共職業安定所	こうきょうしょくぎょうあんていじょ
公共放送	こうきょうほうそう
公式戦	こうしきせん
公舎	こうしゃ
公述	こうじゅつ
公定歩合	こうていぶあい
口頭弁論	こうとうべんろん
好景気	こうけいき
好守	こうしゅ
好成績	こうせいせき
好天	こうてん
工作員	こうさくいん
広葉樹	こうようじゅ
抗告	こうこく
抗戦	こうせん
皇民党	こうみんとう
紅潮	こうちょう
航空自衛隊	こうくうじえいたい
行楽地	こうらくち
行進曲	こうしんきょく
行政機関	ぎょうせいきかん
行政権	ぎょうせいけん
行政処分	ぎょうせいしょぶん
行政訴訟	ぎょうせいそしょう
講ずる	こうずる
鉱区	こうく
降格	こうかく
降板	こうばん
受章	じゅしょう
癖に	くせに
此処等	ここら
松明	たいまつ
如何か	どうか
鎌	かま
広間	ひろま
高	たか
錠	じょう
暮らし向き	くらしむき
赤土	しゃくど
戦地	せんち
草地	くさち
谷地	やち
樽	たる
段	だん
鉄線	てっせん
抜け目	ぬけめ
敷き物	しきもの
魔	ま
目抜き	めぬき
問	もん
野宿	のじゅく
矢先	やさき
用務員	ようむいん
良さ	よさ
領分	りょうぶん
オリーブ色	オリーブいろ
植え込み	うえこみ
偶に	たまに
技監	ぎかん
焼け跡	やけあと
赤信号	あかしんごう
老母	ろうぼ
致し方	いたしかた
自害	じがい
地金	じがね
地響き	じひびき
示威	じい
時事	じじ
実権	じっけん
時候	じこう
地熱	ちねつ
自任	じにん
陣頭	じんとう
地力	じりき
辞林	じりん
持論	じろん
時流	じりゅう
自作農	じさくのう
寺社	じしゃ
次週	じしゅう
実姉	じっし
実相	じっそう
実益	じつえき
日月	じつげつ
実技	じつぎ
実妹	じつまい
実像	じつぞう
情実	じょうじつ
浄化槽	じょうかそう
女婿	じょせい
定席	じょうせき
常食	じょうしょく
情操	じょうそう
常態	じょうたい
譲与	じょうよ
銃撃	じゅうげき
純銀	じゅんぎん
殉教	じゅんきょう
潤沢	じゅんたく
純増	じゅんぞう
授産	じゅさん
受精	じゅせい
縦走	じゅうそう
壁新聞	かべしんぶん
門出	かどで
潰瘍	かいよう
核の傘	かくのかさ
紙切れ	かみきれ
貸金	かしきん
加州	かしゅう
カスピ海	カスピかい
川辺	かわべ
川瀬	かわせ
川魚	かわうお
川底	かわぞこ
逃げ腰	にげごし
連理	れんり
総員	そういん
新春	しんしゅん
若草	わかくさ
大韓民国	だいかんみんこく
人形浄瑠璃	にんぎょうじょうるり
総務部	そうむぶ
手押し	ておし
垂れ流し	たれながし
私小説	ししょうせつ
右利き	みぎきき
暴れん坊	あばれんぼう
実刑	じっけい
産廃	さんぱい
諸悪	しょあく
創出	そうしゅつ
定番	ていばん
担い手	にないて
綿花	めんか
座標	ざひょう
土中	どちゅう
支那	しな
五重奏	ごじゅうそう
和合	わごう
無私	むし
滅私	めっし
赤紙	あかがみ
強襲	きょうしゅう
寮費	りょうひ
人間ドック	にんげんドック
貸本	かしほん
内視鏡	ないしきょう
婚約者	こんやくしゃ
熱唱	ねっしょう
登場人物	とうじょうじんぶつ
舞台装置	ぶたいそうち
飛び地	とびち
歩留まり	ぶどまり
国体	こくたい
捕り手	とりて
予定表	よていひょう
軸足	じくあし
配信	はいしん
和製英語	わせいえいご
遊学	ゆうがく
堅守	けんしゅ
霧吹き	きりふき
子宝	こだから
子供心	こどもごころ
小声	こごえ
小口	こぐち
皇宮警察	こうぐうけいさつ
小幅	こはば
心配り	こころくばり
交響	こうきょう
高炉	こうろ
腰砕け	こしくだけ
小分け	こわけ
小魚	こざかな
食い物	くいもの
草分け	くさわけ
食わず嫌い	くわずぎらい
挟殺	きょうさつ
町工場	まちこうば
毎分	まいふん
満期	まんき
慢心	まんしん
目減り	めべり
目頭	めがしら
銘文	めいぶん
名分	めいぶん
名君	めいくん
名勝	めいしょう
名優	めいゆう
メキシコ湾	メキシコわん
綿糸	めんし
面識	めんしき
道案内	みちあんない
身勝手	みがって
実入り	みいり
密使	みっし
密林	みつりん
深山	みやま
身銭	みぜに
水洗い	みずあらい
水切り	みずきり
水先案内	みずさきあんない
猛爆	もうばく
木工	もっこう
木版	もくはん
目算	もくさん
門柱	もんちゅう
物言い	ものいい
物知り	ものしり
問責	もんせき
毛細血管	もうさいけっかん
猛追	もうつい
無医村	むいそん
無事故	むじこ
長柄	ながえ
流れ作業	ながれさぎょう
流し網	ながしあみ
生水	なまみず
軟調	なんちょう
納戸	なんど
習い事	ならいごと
名指し	なざし
寝	ね
熱戦	ねっせん
二段構え	にだんがまえ
肉離れ	にくばなれ
肉声	にくせい
日参	にっさん
日章旗	にっしょうき
庭師	にわし
野菊	のぎく
農具	のうぐ
農繁期	のうはんき
脳血栓	のうけっせん
農政	のうせい
抜け毛	ぬけげ
大穴	おおあな
大判	おおばん
帯封	おびふう
大台	おおだい
大助かり	おおだすかり
躍り	おどり
大口	おおぐち
負い目	おいめ
面持ち	おももち
女手	おんなで
親会社	おやがいしゃ
大関	おおぜき
雷雲	らいうん
落日	らくじつ
落選	らくせん
乱気流	らんきりゅう
乱世	らんせい
濫造	らんぞう
霊験	れいげん
零敗	れいはい
列強	れっきょう
連作	れんさく
練達	れんたつ
連山	れんざん
列伝	れつでん
離合	りごう
利食い	りぐい
陸揚げ	りくあげ
陸地	りくち
陸上自衛隊	りくじょうじえいたい
離日	りにち
臨検	りんけん
離農	りのう
理路	りろ
理想郷	りそうきょう
立志	りっし
離島	りとう
離党	りとう
立像	りつぞう
理容	りよう
老木	ろうぼく
老眼鏡	ろうがんきょう
牢獄	ろうごく
路面	ろめん
老年	ろうねん
炉心	ろしん
累増	るいぞう
量刑	りょうけい
緑化	りょっか
緑茶	りょくちゃ
領内	りょうない
料理人	りょうりにん
両生類	りょうせいるい
良書	りょうしょ
領袖	りょうしゅう
良俗	りょうぞく
流木	りゅうぼく
流動食	りゅうどうしょく
流会	りゅうかい
酒飲み	さけのみ
先細り	さきぼそり
産婦	さんぷ
世評	せひょう
成虫	せいちゅう
政談	せいだん
西独	せいどく
清風	せいふう
生業	なりわい
成否	せいひ
盛夏	せいか
聖火	せいか
政経	せいけい
精魂	せいこん
生来	せいらい
生理学	せいりがく
製紙	せいし
世界観	せかいかん
世間体	せけんてい
積年	せきねん
責任感	せきにんかん
石像	せきぞう
狭き門	せまきもん
遷宮	せんぐう
選者	せんじゃ
戦果	せんか
戦況	せんきょう
船腹	せんぷく
戦績	せんせき
線審	せんしん
選奨	せんしょう
船倉	せんそう
遷都	せんと
説法	せっぽう
施主	せしゅ
背筋	せすじ
車台	しゃだい
社団	しゃだん
射幸心	しゃこうしん
写経	しゃきょう
社屋	しゃおく
社運	しゃうん
渋り腹	しぶりばら
司直	しちょく
市中銀行	しちゅうぎんこう
私学	しがく
私語	しご
子午線	しごせん
支配人	しはいにん
紙片	しへん
試乗	しじょう
敷石	しきいし
死滅	しめつ
心房	しんぼう
深部	しんぶ
新著	しんちょ
身代	しんだい
進言	しんげん
新株	しんかぶ
進化論	しんかろん
神経系	しんけいけい
神経痛	しんけいつう
親権	しんけん
新機軸	しんきじく
心筋	しんきん
進講	しんこう
神明	じんめい
新世界	しんせかい
新装	しんそう
城跡	しろあと
司祭	しさい
至誠	しせい
質実	しつじつ
自然界	しぜんかい
氏族	しぞく
立方メートル	りっぽうメートル
遊覧	ゆうらん
手土産	てみやげ
表書き	おもてがき
蜜	みつ
引きこもり	ひきこもり
後宮	あとみや
焼死	しょうし
非常勤	ひじょうきん
貴人	きじん
消長	しょうちょう
所存	しょぞん
心筋梗塞	しんきんこうそく
奏功	そうこう
存亡	そんぼう
諜報	ちょうほう
党議	とうぎ
特化	とっか
梁	はり
販促	はんそく
実写	じっしゃ
書法	しょほう
墓所	ぼしょ
馬主	うまぬし
空室	くうしつ
松風	まつかぜ
後輪	こうりん
音楽家	おんがくか
御幸	みゆき
石神	しゃくじん
門前町	もんぜんまち
船橋	ふなばし
水辺	みずべ
水底	すいてい
水草	みずくさ
小路	こうじ
国風	こくふう
遠山	えんざん
腹腔	ふくくう
残滓	ざんし
山家	やんべ
安息日	あんそくび
干支	えと
隣村	りんそん
神器	じんぎ
海風	うみかぜ
大門	だいもん
初子	ういご
初孫	ういまご
法主	ほっす
漁期	ぎょき
流民	るみん
白雪	しらゆき
白雲	はくうん
白旗	しろはた
白壁	しらかべ
風邪気	かぜけ
流し台	ながしだい
食料品店	しょくりょうひんてん
字書	じしょ
水位	すいい
戸籍謄本	こせきとうほん
環状線	かんじょうせん
源平	げんぺい
和声	わせい
和裁	わさい
運動靴	うんどうぐつ
滑り止め	すべりどめ
幕下	まくした
江上	えがみ
発句	ほっく
髪結い	かみゆい
別れ話	わかればなし
金堂	こんどう
鷹匠	たかじょう
客人	きゃくじん
行き帰り	ゆきかえり
京都	きょうと
種馬	たねうま
湧出	ゆうしゅつ
通用門	つうようもん
通巻	つうかん
痛打	つうだ
筒抜け	つつぬけ
続落	ぞくらく
仏蘭西	フランス
飛脚	ひきゃく
薄明かり	うすあかり
触れ込み	ふれこみ
頭頂	とうちょう
闘士	とうし
闘志	とうし
投げ売り	なげうり
中卒	ちゅうそつ
朝見	ちょうけん
透析	とうせき
首切り	くびきり
首級	しゅきゅう
守り神	まもりがみ
受け答え	うけこたえ
終生	しゅうせい
州都	しゅうと
手仕事	てしごと
村落	そんらく
存立	そんりつ
着付け	きつけ
署長	しょちょう
署員	しょいん
書写	しょしゃ
書状	しょじょう
書画	しょが
書家	しょか
土蔵	どぞう
社会科	しゃかいか
社寺	しゃじ
社殿	しゃでん
党略	とうりゃく
党勢	とうせい
党籍	とうせき
専有	せんゆう
団交	だんこう
転化	てんか
随員	ずいいん
睡魔	すいま
端午	たんご
実社会	じっしゃかい
登竜門	とうりゅうもん
登院	とういん
取り分	とりぶん
窓外	そうがい
総本山	そうほんざん
速攻	そっこう
速球	そっきゅう
送致	そうち
方丈	ほうじょう
予告編	よこくへん
予価	よか
野営	やえい
預貯金	よちょきん
推力	すいりょく
春季	しゅんき
対米	たいべい
対局	たいきょく
対価	たいか
漢和辞典	かんわじてん
漢籍	かんせき
間数	けんすう
塾長	じゅくちょう
融和	ゆうわ
処方箋	しょほうせん
車止め	くるまどめ
横滑り	よこすべり
光熱	こうねつ
新茶	しんちゃ
親王	しんのう
絶唱	ぜっしょう
絶え間	たえま
文治	ぶんじ
文相	ぶんしょう
紋付	もんつき
詰め合わせ	つめあわせ
詰め所	つめしょ
詰将棋	つめしょうぎ
日記帳	にっきちょう
日雇い	ひやとい
日銀券	にちぎんけん
筆致	ひっち
試験場	しけんじょう
辞世	じせい
焦土	しょうど
焦眉	しょうび
宿営	しゅくえい
宿駅	しゅくえき
宿願	しゅくがん
酒盛り	さかもり
嫡出	ちゃくしゅつ
船着き場	ふなつきば
水圧	すいあつ
水冷	すいれい
水差し	みずさし
水脈	すいみゃく
水深	すいしん
高下	こうげ
高学年	こうがくねん
高座	こうざ
高裁	こうさい
高所	こうしょ
高速度	こうそくど
高率	こうりつ
高齢者	こうれいしゃ
合成洗剤	ごうせいせんざい
合繊	ごうせん
豪邸	ごうてい
国家公務員	こっかこうむいん
国家試験	こっかしけん
国学	こくがく
国軍	こくぐん
国権	こっけん
国語辞典	こくごじてん
国際協力事業団	こくさいきょうりょくじぎょうだん
国際人	こくさいじん
国際連合	こくさいれんごう
国情	こくじょう
国人	こくじん
国勢調査	こくせいちょうさ
国対	こくたい
国土庁	こくどちょう
国分寺	こくぶんじ
国文学	こくぶんがく
国柄	くにがら
国民健康保険	こくみんけんこうほけん
国民性	こくみんせい
国民年金	こくみんねんきん
国立劇場	こくりつげきじょう
国立博物館	こくりつはくぶつかん
国論	こくろん
今季	こんき
今年度	こんねんど
左辺	さへん
催涙	さいるい
再開発	さいかいはつ
再認識	さいにんしき
最下	さいか
最恵国	さいけいこく
最高級	さいこうきゅう
最高検	さいこうけん
最重点	さいじゅうてん
最前列	さいぜんれつ
最多	さいた
最長	さいちょう
最優遇	さいゆうぐう
在外公館	ざいがいこうかん
在京	ざいきょう
在米	ざいべい
財政投融資	ざいせいとうゆうし
作況指数	さっきょうしすう
作付面積	さくづけめんせき
昨秋	さくしゅう
昨年度	さくねんど
昨年来	さくねんらい
三次	さんじ
三者	さんしゃ
三種	さんしゅ
三代	さんだい
三度	さんど
三部	さんぶ
三部作	さんぶさく
山系	さんけい
山手	やまて
山野	さんや
山陽	さんよう
産業界	さんぎょうかい
産品	さんぴん
産量	さんりょう
賛意	さんい
残塁	ざんるい
司法裁判	しほうさいばん
四死球	ししきゅう
子役	こやく
市道	しどう
市民社会	しみんしゃかい
思い思い	おもいおもい
指導要領	しどうようりょう
支所	ししょ
支店長	してんちょう
死に体	しにたい
死傷	ししょう
私案	しあん
私企業	しきぎょう
私大	しだい
私服	しふく
私文書	しぶんしょ
紙上	しじょう
資する	しする
資源エネルギー庁	しげんエネルギーちょう
賜杯	しはい
字数	じすう
持ち家	もちいえ
持ち回り	もちまわり
持ち株	もちかぶ
持ち味	もちあじ
時として	ときとして
時半	じはん
治験	ちけん
自衛官	じえいかん
自家用	じかよう
自家用車	じかようしゃ
自決	じけつ
自己資本	じこしほん
自治権	じちけん
自室	じしつ
自助	じじょ
自浄	じじょう
自販	じはん
自民	じみん
自由形	じゆうがた
自由経済	じゆうけいざい
自由主義	じゆうしゅぎ
式部	しきぶ
執行委員	しっこういいん
失投	しっとう
質感	しつかん
実子	じっし
実勢	じっせい
実生活	じっせいかつ
実戦	じっせん
実態調査	じったいちょうさ
実弟	じってい
写真集	しゃしんしゅう
社会運動	しゃかいうんどう
社会教育	しゃかいきょういく
社会資本	しゃかいしほん
社会事業	しゃかいじぎょう
社会性	しゃかいせい
社会復帰	しゃかいふっき
社会保険	しゃかいほけん
社会保険庁	しゃかいほけんちょう
社会保障	しゃかいほしょう
社会問題	しゃかいもんだい
社告	しゃこく
社葬	しゃそう
車中	しゃちゅう
主税局	しゅぜいきょく
取り口	とりくち
取水	しゅすい
取締法	とりしまりほう
守勢	しゅせい
手の内	てのうち
手打ち	てうち
手中	しゅちゅう
酒税	しゅぜい
酒販	しゅはん
首脳部	しゅのうぶ
受給	じゅきゅう
受診	じゅしん
授賞式	じゅしょうしき
州政府	しゅうせいふ
修士課程	しゅうしかてい
秀作	しゅうさく
秋季	しゅうき
終了後	しゅうりょうご
週内	しゅうない
週明け	しゅうあけ
集結	しゅうけつ
集散	しゅうさん
集大成	しゅうたいせい
集中豪雨	しゅうちゅうごうう
集票	しゅうひょう
縦割り	たてわり
重き	おもき
重加算税	じゅうかさんぜい
重層	じゅうそう
重度	じゅうど
出走	しゅっそう
手引書	てびきしょ
酒店	さかだな
利比亜	リビア
矢継ぎ早	やつぎばや
古紙	こし
最高裁判所	さいこうさいばんしょ
お昼	おひる
小腸	しょうちょう
賞杯	しょうはい
将兵	しょうへい
小事	しょうじ
紹介状	しょうかいじょう
消化器	しょうかき
小道	こみち
職域	しょくいき
殖産	しょくさん
職責	しょくせき
職種	しょくしゅ
省力	しょうりょく
小冊子	しょうさっし
小市民	しょうしみん
所蔵	しょぞう
習俗	しゅうぞく
粗鋼	そこう
壮挙	そうきょ
相思	そうし
装身具	そうしんぐ
草創	そうそう
早産	そうざん
耐乏	たいぼう
大病	たいびょう
大悟	だいご
大器	たいき
大綱	たいこう
滞空	たいくう
待命	たいめい
滞留	たいりゅう
太子	たいし
耐水	たいすい
太陽系	たいようけい
達観	たっかん
炭田	たんでん
縦糸	たていと
立つ瀬	たつせ
底辺	ていへん
底流	ていりゅう
挺身	ていしん
鉄道網	てつどうもう
当地	とうち
当否	とうひ
特価	とっか
徳行	のりゆき
常夏	とこなつ
得度	とくど
徳義	とくぎ
特等	とくとう
隣近所	となりきんじょ
答礼	とうれい
追従	ついしょう
産声	うぶごえ
初陣	ういじん
生みの親	うみのおや
売上高	うりあげだか
売り方	うりかた
歌い手	うたいて
薬効	やっこう
山里	やまざと
養分	ようぶん
洋品	ようひん
洋上	ようじょう
洋行	ようこう
要覧	ようらん
揚力	ようりょく
要衝	ようしょう
羊水	ようすい
四つ切り	よつぎり
弱火	よわび
夢物語	ゆめものがたり
有力者	ゆうりょくしゃ
遊山	ゆうざん
郵政	ゆうせい
郵船	ゆうせん
残額	ざんがく
残雪	ざんせつ
残党	ざんとう
全身全霊	ぜんしんぜんれい
前頭葉	ぜんとうよう
造営	ぞうえい
増益	ぞうえき
象嵌	ぞうがん
造幣	ぞうへい
蔵本	くらもと
造花	ぞうか
造詣	ぞうけい
浴客	よっきゃく
金山	かなやま
足手まとい	あしでまとい
宿主	しゅくしゅ
背負い投げ	せおいなげ
焼き畑	やきばた
小人数	こにんずう
有職	ゆうしょく
国府	こう
併存	へいぞん
女官	にょかん
西遊	せいゆう
上り調子	のぼりちょうし
希代	きたい
大所	おおどころ
大逆	たいぎゃく
多人数	たにんずう
使い走り	つかいばしり
軽重	けいちょう
難治	なんじ
流砂	りゅうさ
待合	まちあい
出会い頭	であいがしら
寺子屋	てらこや
口頭試問	こうとうしもん
水溶液	すいようえき
町制	ちょうせい
転進	てんしん
活魚	かつぎょ
利き酒	ききざけ
高言	こうげん
即決	そっけつ
完全雇用	かんぜんこよう
院議	いんぎ
券売機	けんばいき
巻紙	まきがみ
官軍	かんぐん
官業	かんぎょう
官権	かんけん
環太平洋	かんたいへいよう
環視	かんし
環境保護	かんきょうほご
原石	げんせき
原初	げんしょ
願い下げ	ねがいさげ
和議	わぎ
衛生学	えいせいがく
群青	ぐんじょう
群舞	ぐんぶ
骨太	ほねぶと
骨身	ほねみ
骨壷	こつつぼ
鬼気	きき
鬼門	きもん
帰休	ききゅう
帰港	きこう
貴公子	きこうし
混血児	こんけつじ
血の気	ちのけ
血の海	ちのうみ
血栓	けっせん
血液検査	けつえきけんさ
血税	けつぜい
血統書	けっとうしょ
墓前	ぼぜん
墓場	はかば
幕の内	まくのうち
模様替え	もようがえ
模範的	もはんてき
模擬店	もぎてん
荒事	あらごと
新巻	あらまき
荒れ模様	あれもよう
荒療治	あらりょうじ
魔女狩り	まじょがり
無一文	むいちもん
無辺	むへん
無血	むけつ
無批判	むひはん
無投票	むとうひょう
無形文化財	むけいぶんかざい
無利子	むりし
無表情	むひょうじょう
無免許	むめんきょ
無抵抗	むていこう
無味	むみ
無実の罪	むじつのつみ
無所属	むしょぞく
無重量	むじゅうりょう
無冠	むかん
無神論	むしんろん
無臭	むしゅう
無計画	むけいかく
無骨	ぶこつ
無記名	むきめい
無得点	むとくてん
無理解	むりかい
無援	むえん
無期	むき
無量	むりょう
無策	むさく
無過失責任	むかしつせきにん
無勢	ぶぜい
無碍	むげ
無試験	むしけん
無資格	むしかく
無機質	むきしつ
無頼	ぶらい
無類	むるい
無競争	むきょうそう
舞台劇	ぶたいげき
舞台監督	ぶたいかんとく
馬上	ばじょう
馬券	ばけん
馬場	ばば
武者修行	むしゃしゅぎょう
明文化	めいぶんか
明け暮れ	あけくれ
猛省	もうせい
江戸前	えどまえ
空中分解	くうちゅうぶんかい
空回り	からまわり
空き家	あきや
空域	くういき
浴用	よくよう
浴後	よくご
公安調査庁	こうあんちょうさちょう
公序	こうじょ
公序良俗	こうじょりょうぞく
胸突き八丁	むなつきはっちょう
口上書	こうじょうしょ
口添え	くちぞえ
口裏	くちうら
後天性	こうてんせい
後ろ手	うしろで
後代	こうだい
後段	こうだん
後ろ指	うしろゆび
後の祭り	あとのまつり
後ろ髪	うしろがみ
半永久	はんえいきゅう
伴走	ばんそう
発火点	はっかてん
発言権	はつげんけん
発明家	はつめいか
発案	はつあん
発給	はっきゅう
発議	はつぎ
廃物	はいぶつ
廃校	はいこう
廃船	はいせん
廃園	はいえん
反抗的	はんこうてき
反抗期	はんこうき
反骨	はんこつ
返り点	かえりてん
返書	へんしょ
版本	はんぽん
敗血症	はいけつしょう
八重	やえ
八景	はっけい
別刷り	べつずり
片足	かたあし
片時	かたとき
片親	かたおや
拝観	はいかん
破竹	はちく
藩士	はんし
含み資産	ふくみしさん
金工	きんこう
金糸	きんし
金城	きんじょう
金策	きんさく
金製	きんせい
減水	げんすい
減塩	げんえん
感受	かんじゅ
感情論	かんじょうろん
感覚的	かんかくてき
感覚器	かんかくき
感傷的	かんしょうてき
吸水性	きゅうすいせい
急先鋒	きゅうせんぽう
急追	きゅうつい
給金	きゅうきん
給費	きゅうひ
音響効果	おんきょうこうか
禁制品	きんせいひん
禁治産	きんちさん
堪忍袋	かんにんぶくろ
苦虫	にがむし
枯れ草	かれくさ
客用	きゃくよう
客観性	きゃっかんせい
航空学	こうくうがく
航続距離	こうぞくきょり
行人	こうじん
行く先	ゆくさき
行状	ぎょうじょう
行軍	こうぐん
動物性	どうぶつせい
種付け	たねつけ
用材	ようざい
用金	ようきん
通史	つうし
通知表	つうちひょう
通性	つうせい
通信社	つうしんしゃ
通信教育	つうしんきょういく
通信簿	つうしんぼ
通り相場	とおりそうば
通航	つうこう
通商産業省	つうしょうさんぎょうしょう
痛み分け	いたみわけ
痛惜	つうせき
同時通訳	どうじつうやく
同率	どうりつ
同量	どうりょう
筒井	つつい
銅板	どうばん
続刊	ぞっかん
続開	ぞっかい
詠み人知らず	よみびとしらず
読み応え	よみごたえ
非合理	ひごうり
非国民	ひこくみん
非常手段	ひじょうしゅだん
非常時	ひじょうじ
非道	ひどう
非戦闘員	ひせんとういん
排水量	はいすいりょう
排外	はいがい
排卵誘発剤	はいらんゆうはつざい
排煙	はいえん
悲喜劇	ひきげき
悲歌	ひか
悲劇的	ひげきてき
貧打	ひんだ
噴煙	ふんえん
配車	はいしゃ
配り物	くばりもの
配球	はいきゅう
配船	はいせん
飛び入り	とびいり
飛び下り	とびおり
飛行艇	ひこうてい
補正予算	ほせいよさん
補填	ほてん
薄口	うすくち
薄切り	うすぎり
薄日	うすび
薄焼き	うすやき
拍子抜け	ひょうしぬけ
父祖	ふそ
布目	ぬのめ
扶桑	ふそう
独占的	どくせんてき
独立国	どくりつこく
独立採算制	どくりつさいさんせい
独断専行	どくだんせんこう
独裁的	どくさいてき
独裁政治	どくさいせいじ
独語	どくご
独壇場	どくだんじょう
触診	しょくしん
駐在所	ちゅうざいしょ
株式市場	かぶしきしじょう
株屋	かぶや
闘病	とうびょう
樹上	じゅじょう
樹林	じゅりん
樹脂加工	じゅしかこう
樹液	じゅえき
投げ技	なげわざ
投票所	とうひょうしょ
投票箱	とうひょうばこ
投資信託	とうししんたく
投融資	とうゆうし
啄木	たくぼく
雅文	まさふみ
語り物	かたりもの
誤判	ごはん
誤射	ごしゃ
逆手	さかて
お仕着せ	おしきせ
御用達	ごようたし
お負け	おまけ
お家芸	おいえげい
ご破算	ごはさん
お祭り騒ぎ	おまつりさわぎ
御飾り	おかざり
御霊	ごりょう
抽象論	ちゅうしょうろん
油圧	ゆあつ
油性	ゆせい
油彩	ゆさい
輸出超過	ゆしゅつちょうか
中火	ちゅうび
中枢神経	ちゅうすうしんけい
中華鍋	ちゅうかなべ
中距離核戦力	ちゅうきょりかくせんりょく
中間色	ちゅうかんしょく
中継局	ちゅうけいきょく
朝帰り	あさがえり
朝駆け	あさがけ
組み写真	くみしゃしん
組織労働者	そしきろうどうしゃ
昨冬	さくとう
跡形	あとかた
席順	せきじゅん
守護神	しゅごじん
狩場	かりば
討ち入り	うちいり
受益	じゅえき
授権	じゅけん
冬場	ふゆば
終始一貫	しゅうしいっかん
手弁当	てべんとう
手代	てだい
手投げ弾	てなげだん
手形割引	てがたわりびき
手取り	てとり
手塩	てしお
手織り	ており
衆人	しゅうじん
酸素吸入	さんそきゅうにゅう
村立	そんりつ
村会	そんかい
村有	そんゆう
村役場	むらやくば
存否	ぞんぴ
存命	ぞんめい
存廃	そんぱい
孫子	そんし
罪名	ざいめい
罪滅ぼし	つみほろぼし
損金	そんきん
都市国家	としこっか
都市計画	としけいかく
都政	とせい
都営	とえい
着岸	ちゃくがん
着流し	きながし
着脱	ちゃくだつ
着弾	ちゃくだん
書き手	かきて
書林	しょりん
書記局	しょききょく
書記官	しょきかん
書類送検	しょるいそうけん
土俵入り	どひょういり
土俵際	どひょうぎわ
土煙	つちけむり
土製	どせい
土質	どしつ
社内報	しゃないほう
社中	しゃちゅう
社史	しゃし
社主	しゃしゅ
社会的	しゃかいてき
社会政策	しゃかいせいさく
社交性	しゃこうせい
社交界	しゃこうかい
社風	しゃふう
社務	しゃむ
社章	しゃしょう
社業	しゃぎょう
石山	いしやま
碑	いしぶみ
石灰岩	せっかいがん
石材	せきざい
石造り	いしづくり
石組み	いしぐみ
石器	せっき
図工	ずこう
図説	ずせつ
図録	ずろく
党人	とうじん
党是	とうぜ
党務	とうむ
貯金局	ちょきんきょく
専守防衛	せんしゅぼうえい
専売特許	せんばいとっきょ
専門医	せんもんい
専門学校	せんもんがっこう
専従	せんじゅう
団体交渉	だんたいこうしょう
団塊	だんかい
転移	てんい
転々	てんてん
転貸	てんたい
転び寝	ころびね
転戦	てんせん
縁起物	えんぎもの
端末機	たんまつき
端境期	はざかいき
断片的	だんぺんてき
断髪	だんぱつ
断熱	だんねつ
真砂	まさご
真夏日	まなつび
至上命令	しじょうめいれい
珍事	ちんじ
診察室	しんさつしつ
身支度	みじたく
身売り	みうり
身重	みおも
身動き	みうごき
実学	じつがく
実物大	じつぶつだい
実働	じつどう
実際的	じっさいてき
勝手口	かってぐち
勝ち気	かちき
勝ち名乗り	かちなのり
勝因	しょういん
勝ち負け	かちまけ
勝負師	しょうぶし
勝ち星	かちぼし
勝率	しょうりつ
騰勢	とうせい
昇華	しょうか
乗務	じょうむ
証文	しょうもん
症例	しょうれい
懲罰委員会	ちょうばついいんかい
蒸気機関	じょうききかん
取次店	とりつぎてん
取り計らい	とりはからい
取り越し苦労	とりこしぐろう
趣意書	しゅいしょ
宗教家	しゅうきょうか
総出	そうで
総合大学	そうごうだいがく
総当たり	そうあたり
総花	そうばな
総見	そうけん
総指揮	そうしき
総動員	そうどういん
総崩れ	そうくずれ
足掛け	あしかけ
速記録	そっきろく
速読	そくどく
族長	ぞくちょう
数十	すうじゅう
数万	すうまん
数次	すうじ
縦軸	たてじく
走法	そうほう
走塁	そうるい
奏楽	そうがく
送り手	おくりて
送り迎え	おくりむかえ
送油管	そうゆかん
送信機	そうしんき
送風	そうふう
送球	そうきゅう
方法論	ほうほうろん
防空壕	ぼうくうごう
防弾	ぼうだん
防衛庁	ぼうえいちょう
防衛施設庁	ぼうえいしせつちょう
防護	ぼうご
放列	ほうれつ
放送劇	ほうそうげき
訪欧	ほうおう
訪問者	ほうもんしゃ
病因	びょういん
病虫害	びょうちゅうがい
病変	びょうへん
病害	びょうがい
病理	びょうり
病患	びょうかん
病態	びょうたい
並木道	なみきみち
百選	ひゃくせん
除湿	じょしつ
捨て石	すていし
野中	のなか
野手	やしゅ
野末	のずえ
野辺	のべ
野合	やごう
野道	のみち
預り証	あずかりしょう
謝恩会	しゃおんかい
駆けつけ三杯	かけつけさんばい
拘束時間	こうそくじかん
具申	ぐしん
推理小説	すいりしょうせつ
椎間板	ついかんばん
純白	じゅんぱく
春場所	はるばしょ
春陽	しゅんよう
隊列	たいれつ
対人	たいじん
対内	たいない
対流	たいりゅう
対校	たいこう
対症療法	たいしょうりょうほう
対照的	たいしょうてき
対論	たいろん
汗水	あせみず
建て売り	たてうり
建値	たてね
建築士	けんちくし
建築物	けんちくぶつ
寒冷前線	かんれいぜんせん
寒椿	かんつばき
寒暖	かんだん
献身的	けんしんてき
漢人	あやひと
喫緊	きっきん
間接選挙	かんせつせんきょ
見当違い	けんとうちがい
見たところ	みたところ
見取り図	みとりず
現下	げんか
現出	げんしゅつ
現代的	げんだいてき
研究家	けんきゅうか
肩透かし	かたすかし
割増賃金	わりましちんぎん
遣り甲斐	やりがい
調律師	ちょうりつし
調理師	ちょうりし
築地	ついじ
忠魂	ちゅうこん
居士	こじ
居住者	きょじゅうしゃ
居城	きょじょう
居留民	きょりゅうみん
裾野	すその
湖底	こてい
湖岸	こがん
仮想敵国	かそうてきこく
仮題	かだい
家父	かふ
家政学	かせいがく
家族制度	かぞくせいど
処世	しょせい
車代	くるまだい
車券	しゃけん
車間距離	しゃかんきょり
下味	したあじ
価値判断	かちはんだん
王政復古	おうせいふっこ
皇軍	こうぐん
拡大均衡	かくだいきんこう
横倒し	よこだおし
横組み	よこぐみ
鉱毒	こうどく
泳者	えいしゃ
新月	しんげつ
新生児	しんせいじ
新田	しんでん
新地	しんち
新兵	しんぺい
新法	しんぽう
新派	しんぱ
新品	しんぴん
新政	しんせい
新酒	しんしゅ
新書	しんしょ
新造	しんぞう
新進	しんしん
新道	しんどう
新開	しんかい
新劇	しんげき
新薬	しんやく
親心	おやごころ
親代わり	おやがわり
親兄弟	おやきょうだい
親交	しんこう
親書	しんしょ
親鳥	おやどり
最大公約数	さいだいこうやくすう
最右翼	さいうよく
最終的	さいしゅうてき
七三	しちさん
絶対多数	ぜったいたすう
絶対的	ぜったいてき
絶対温度	ぜったいおんど
絶対量	ぜったいりょう
絶品	ぜっぴん
絶筆	ぜっぴつ
絶賛	ぜっさん
節目	ふしめ
未発	みはつ
物別れ	ものわかれ
物忘れ	ものわすれ
物売り	ものうり
物見	ものみ
物価指数	ぶっかしすう
物性	ぶっせい
物納	ぶつのう
物量	ぶつりょう
物種	ものだね
物質的	ぶっしつてき
文人	ぶんじん
文士	ぶんし
文化人	ぶんかじん
文化庁	ぶんかちょう
文化映画	ぶんかえいが
文化勲章	ぶんかくんしょう
文字盤	もじばん
文学的	ぶんがくてき
文典	ぶんてん
文明開化	ぶんめいかいか
文物	ぶんぶつ
文理	ぶんり
文集	ぶんしゅう
文様	もんよう
米食	べいしょく
米倉	こめぐら
米産	べいさん
微動	びどう
火口	ひぐち
火事場	かじば
火消し	ひけし
門下	もんか
門戸開放政策	もんこかいほうせいさく
門外	もんがい
門前	もんぜん
門前払い	もんぜんばらい
美声	びせい
美食	びしょく
美酒	びしゅ
美意識	びいしき
美談	びだん
美顔	びがん
晩期	ばんき
資本財	しほんざい
自己批判	じこひはん
自己顕示	じこけんじ
自由労働者	じゆうろうどうしゃ
自治領	じちりょう
自重	じじゅう
自律神経失調症	じりつしんけいしっちょうしょう
自虐	じぎゃく
自動制御	じどうせいぎょ
自著	じちょ
自責点	じせきてん
自問自答	じもんじとう
自然休会	しぜんきゅうかい
自然増収	しぜんぞうしゅう
自腹	じばら
自慢話	じまんばなし
自壊	じかい
自爆	じばく
自警	じけい
腎炎	じんえん
賢所	かしこどころ
一二	いちに
一人っ子	ひとりっこ
一工夫	ひとくふう
一次産品	いちじさんぴん
一次産業	いちじさんぎょう
一苦労	ひとくろう
一途	いちず
一樹	かずき
開店休業	かいてんきゅうぎょう
開腹	かいふく
筋金	すじがね
付き人	つきびと
付き添い看護婦	つきそいかんごふ
府議会	ふぎかい
腐葉土	ふようど
豊胸	ほうきょう
蜂起	ほうき
縫製	ほうせい
邦字	ほうじ
棒引き	ぼうびき
封じ手	ふうじて
認容	にんよう
泥仕合	どろじあい
二重価格制	にじゅうかかくせい
二期	にき
日一日と	ひいちにちと
日本一	にほんいち
日本料理	にほんりょうり
日本脳炎	にほんのうえん
日用	にちよう
日の目	ひのめ
日直	にっちょく
日常茶飯事	にちじょうさはんじ
日焼け止め	ひやけどめ
日録	にちろく
日曜版	にちようばん
人工透析	じんこうとうせき
人文字	ひともじ
人間国宝	にんげんこくほう
人間像	にんげんぞう
人権擁護	じんけんようご
年中無休	ねんじゅうむきゅう
年末調整	ねんまつちょうせい
年余	ねんよ
年率	ねんりつ
必須条件	ひっすじょうけん
秘策	ひさく
密生	みっせい
密約	みつやく
密造	みつぞう
密葬	みっそう
密漁	みつりょう
密談	みつだん
密輸入	みつゆにゅう
密輸出	みつゆしゅつ
蜜月	みつげつ
比例配分	ひれいはいぶん
庇護	ひご
筆舌	ひつぜつ
筆談	ひつだん
閉廷	へいてい
偏西風	へんせいふう
編著	へんちょ
番手	ばんて
板門店	パンムンジョム
板張り	いたばり
板の間	いたのま
盤面	ばんめん
治山	ちさん
治外法権	ちがいほうけん
治療法	ちりょうほう
始末書	しまつしょ
始球式	しきゅうしき
試射	ししゃ
試飲	しいん
試験的	しけんてき
飾り物	かざりもの
焦げ付き	こげつき
秋水	しゅうすい
秋雨前線	あきさめぜんせん
秋祭り	あきまつり
酒乱	しゅらん
酒席	しゅせき
酒量	しゅりょう
酒蔵	しゅぞう
修正主義	しゅうせいしゅぎ
醍醐	だいご
題字	だいじ
適正価格	てきせいかかく
適地	てきち
適役	てきやく
適性検査	てきせいけんさ
適温	てきおん
適齢	てきれい
敵失	てきしつ
敵地	てきち
敵国	てきこく
敵性	てきせい
敵陣	てきじん
敵機	てっき
正念場	しょうねんば
政庁	せいちょう
政争	せいそう
政治犯	せいじはん
政治結社	せいじけっしゃ
政党政治	せいとうせいじ
政教	せいきょう
政商	せいしょう
政務	せいむ
政務次官	せいむじかん
役名	やくめい
役回り	やくまわり
循環器	じゅんかんき
沿海州	えんかいしゅう
船出	ふなで
船体	せんたい
船積み	ふなづみ
船頭	せんどう
船籍	せんせき
巡航速度	じゅんこうそくど
順送り	じゅんおくり
術中	じゅっちゅう
水入り	みずいり
水口	みずぐち
水木	みずき
水加減	みずかげん
水生植物	すいせいしょくぶつ
水利	すいり
水系	すいけい
水耕	すいこう
水球	すいきゅう
水産庁	すいさんちょう
水遊び	みずあそび
水郷	すいごう
水晶体	すいしょうたい
水量	すいりょう
水飲み	みずのみ
水鉄砲	みずでっぽう
水質	すいしつ
水難	すいなん
追分	おいわけ
追手	おいて
追尾	ついび
追肥	ついひ
論功行賞	ろんこうこうしょう
論告	ろんこく
論法	ろんぽう
論陣	ろんじん
論集	ろんしゅう
論語	ろんご
論壇	ろんだん
類例	るいれい
類書	るいしょ
訳文	やくぶん
訳詞	やくし
訳詩	やくし
渡仏	とふつ
渡欧	とおう
液体酸素	えきたいさんそ
液肥	えきひ
不作為	ふさくい
不確定	ふかくてい
北限	ほくげん
副知事	ふくちじ
財務官	ざいむかん
在中	ざいちゅう
在りし日	ありしひ
在家	ざいけ
在郷軍人	ざいごうぐんじん
在勤	ざいきん
採石	さいせき
採光	さいこう
採鉱	さいこう
九死	きゅうし
臭覚	しゅうかく
宮家	みやいえ
窮余	きゅうよ
照り返し	てりかえし
超人的	ちょうじんてき
超音波	ちょうおんぱ
超党派	ちょうとうは
超伝導	ちょうでんどう
焼失	しょうしつ
焼き打ち	やきうち
焼け石	やけいし
焼け野原	やけのはら
哨戒	しょうかい
消防庁	しょうぼうちょう
消費財	しょうひざい
小手	こて
小手先	こてさき
小出し	こだし
小曲	しょうきょく
小休止	しょうきゅうし
小回り	こまわり
小宇宙	しょううちゅう
小作	おざく
小兵	しょうへい
小売物価指数	こうりぶっかしすう
小児病	しょうにびょう
小刻み	こきざみ
小為替	こがわせ
小差	しょうさ
小唄	こうた
小党	しょうとう
小骨	こぼね
小袖	こそで
小異	しょうい
小粒	こつぶ
小槌	こづち
小論	しょうろん
答辞	とうじ
執行機関	しっこうきかん
踏み台	ふみだい
踏み絵	ふみえ
友禅染	ゆうぜんぞめ
有史	ゆうし
有事	ゆうじ
有りがち	ありがち
有税	ゆうぜい
有機化合物	ゆうきかごうぶつ
有機的	ゆうきてき
右左	みぎひだり
国土計画	こくどけいかく
国民体育大会	こくみんたいいくたいかい
国民的	こくみんてき
国民審査	こくみんしんさ
国光	こっこう
国有化	こくゆうか
国防会議	こくぼうかいぎ
国法	こくほう
国家主義	こっかしゅぎ
国元	くにもと
国際色	こくさいしょく
郵便切手	ゆうびんきって
郵便受け	ゆうびんうけ
過失致死	かしつちし
砲丸投げ	ほうがんなげ
砲台	ほうだい
砲身	ほうしん
飽くまでも	あくまでも
腹式呼吸	ふくしきこきゅう
宝刀	ほうとう
宝冠	ほうかん
浮き沈み	うきしずみ
浮動株	ふどうかぶ
浮動票	ふどうひょう
相互作用	そうごさよう
相似形	そうじけい
相まって	あいまって
相部屋	あいべや
相愛	そうあい
相続税	そうぞくぜい
相関関係	そうかんかんけい
相談役	そうだんやく
相談所	そうだんじょ
想像力	そうぞうりょく
素振り	すぶり
素読	そどく
青山	せいざん
青木	あおき
青年団	せいねんだん
青写真	あおじゃしん
青田	あおた
青色申告	あおいろしんこく
青竹	あおたけ
青梅	あおうめ
青息吐息	あおいきといき
青票	せいひょう
青雲	せいうん
青銅器	せいどうき
情状	じょうじょう
情報化社会	じょうほうかしゃかい
情報産業	じょうほうさんぎょう
情報部	じょうほうぶ
清朝	しんちょう
晴れ姿	はれすがた
晴れ晴れ	はればれ
静養	せいよう
浄土宗	じょうどしゅう
浄土真宗	じょうどしんしゅう
浄財	じょうざい
精妙	せいみょう
精神分析	せいしんぶんせき
精神安定剤	せいしんあんていざい
精神的	せいしんてき
精神病	せいしんびょう
精神病院	せいしんびょういん
精神障害	せいしんしょうがい
精神鑑定	せいしんかんてい
精彩	せいさい
精霊	しょうりょう
請求権	せいきゅうけん
請負	うけおい
請負業	うけおいぎょう
請託	せいたく
壁面	へきめん
避難民	ひなんみん
平和部隊	へいわぶたい
平幕	ひらまく
平壌	ピョンヤン
評伝	ひょうでん
名人芸	めいじんげい
名山	めいざん
名代	みょうだい
名句	めいく
名目賃金	めいもくちんぎん
名店	めいてん
名品	めいひん
名将	めいしょう
名馬	めいば
名訳	めいやく
名跡	めいせき
名歌	めいか
民具	みんぐ
民俗芸能	みんぞくげいのう
民間放送	みんかんほうそう
買い支え	かいささえ
買い手市場	かいてしじょう
買い方	かいかた
買い付け	かいつけ
買い控え	かいびかえ
買い得	かいどく
売人	ばいにん
売上金	うりあげきん
売り手市場	うりてしじょう
売り主	うりぬし
売価	ばいか
鳴子	なるこ
鳴門	なると
滞在中	たいざいちゅう
世界中	せかいじゅう
世情	せじょう
世間並み	せけんなみ
世話役	せわやく
世話物	せわもの
残余	ざんよ
残照	ざんしょう
線描	せんびょう
砂上	さじょう
砂山	すなやま
砂煙	すなけむり
散文詩	さんぶんし
散逸	さんいつ
産別	さんべつ
産前	さんぜん
産業革命	さんぎょうかくめい
産額	さんがく
山人	さんじん
山元	やまもと
山の手	やまのて
山吹	やまぶき
山形	やまがた
山村	さんそん
山河	さんが
山国	やまぐに
山門	やまと
山海	さんかい
山姥	やまうば
山盛り	やまもり
山開き	やまびらき
山塊	さんかい
山路	やまじ
山際	やまぎわ
山積み	やまづみ
山麓	さんろく
義士	ぎし
義務的	ぎむてき
顔向け	かおむけ
言下	げんか
言い出しっぺ	いいだしっぺ
言い争い	いいあらそい
言い逃れ	いいのがれ
言い値	いいね
言辞	げんじ
言語障害	げんごしょうがい
基数	きすう
基礎控除	きそこうじょ
期成同盟	きせいどうめい
棋風	きふう
旗本	はたもと
器械体操	きかいたいそう
安全装置	あんぜんそうち
案内状	あんないじょう
鞍馬	くらま
閑古鳥	かんこどり
冷夏	れいか
領主	りょうしゅ
燐光	りんこう
隣室	りんしつ
隣組	となりぐみ
利上げ	りあげ
利下げ	りさげ
利水	りすい
利付債	りつきさい
利用価値	りようかち
利便	りべん
利害関係	りがいかんけい
利根	とね
歴程	れきてい
霊山	れいざん
霊前	れいぜん
霊泉	れいせん
霊場	れいじょう
低姿勢	ていしせい
底入れ	そこいれ
底引き網	そこびきあみ
底冷え	そこびえ
第一次世界大戦	だいいちじせかいたいせん
第一次産業	だいいちじさんぎょう
第一義	だいいちぎ
第一線	だいいっせん
第二次世界大戦	だいにじせかいたいせん
第三次産業	だいさんじさんぎょう
第三国	だいさんごく
第三紀	だいさんき
第三勢力	だいさんせいりょく
指し手	さして
指折り	ゆびおり
指導主事	しどうしゅじ
意識的	いしきてき
億万	おくまん
臆病者	おくびょうもの
恒産	こうさん
極左	きょくさ
極め付き	きわめつき
極彩色	ごくさいしき
極細	ごくぼそ
極道	ごくどう
交換条件	こうかんじょうけん
校風	こうふう
校訓	こうくん
学士院	がくしいん
学外	がくがい
学用品	がくようひん
学芸会	がくげいかい
学事	がくじ
学制	がくせい
学術会議	がくじゅつかいぎ
学務	がくむ
教主	きょうしゅ
教学	きょうがく
教条主義	きょうじょうしゅぎ
教育的	きょういくてき
教則本	きょうそくぼん
教護院	きょうごいん
女人禁制	にょにんきんせい
女学校	じょがっこう
女房役	にょうぼうやく
若木	わかぎ
若い者	わかいもの
若武者	わかむしゃ
若宮	わかみや
若菜	わかな
桑原	くわばら
庭先	にわさき
挺身隊	ていしんたい
紙一重	かみひとえ
紙質	ししつ
地下資源	ちかしげん
地中	ちちゅう
地中海	ちちゅうかい
地方分権	ちほうぶんけん
地方公務員	ちほうこうむいん
地方行政	ちほうぎょうせい
地方自治	ちほうじち
地方自治体	ちほうじちたい
地方税	ちほうぜい
地方議会	ちほうぎかい
地合い	じあい
地吹雪	じふぶき
地底	ちてい
地域社会	ちいきしゃかい
地割れ	じわれ
地場	じば
地鳴り	じなり
地続き	じつづき
地唄	じうた
地縁	ちえん
地鎮祭	じちんさい
成人病	せいじんびょう
成文	せいぶん
成長株	せいちょうかぶ
成約	せいやく
成案	せいあん
成魚	せいぎょ
成鳥	せいちょう
城内	じょうない
盛り土	もりど
盛会	せいかい
盛時	せいじ
盛期	せいき
誠心	せいしん
整理部	せいりぶ
整髪	せいはつ
神木	かみき
神体	しんたい
神学校	しんがっこう
神前	しんぜん
神格	しんかく
神経学	しんけいがく
神頼み	かみだのみ
神職	しんしょく
紳士的	しんしてき
紳士録	しんしろく
電子顕微鏡	でんしけんびきょう
電気器具	でんききぐ
電波望遠鏡	でんぱぼうえんきょう
電話口	でんわぐち
電源開発	でんげんかいはつ
引揚者	ひきあげしゃ
引換券	ひきかえけん
先天	せんてん
先送り	さきおくり
洗足	せんそく
洗い場	あらいば
西日本	にしにほん
西洋式	せいようしき
西高東低	せいこうとうてい
西班牙	スペイン
西域	せいいき
四十九日	しじゅうくにち
四天王	してんのう
四手	しで
四つ相撲	よつずもう
四面	しめん
死力	しりょく
死生	しせい
死没	しぼつ
死に物狂い	しにものぐるい
死海	しかい
死票	しひょう
死線	しせん
私人	しじん
私心	ししん
私生児	しせいじ
私兵	しへい
私利	しり
私法	しほう
私欲	しよく
私情	しじょう
私営	しえい
私腹	しふく
私権	しけん
細見	ほそみ
細胞分裂	さいぼうぶんれつ
細則	さいそく
細腕	ほそうで
細道	ほそみち
枕絵	まくらえ
枕詞	まくらことば
汁気	しるけ
針葉樹	しんようじゅ
深入り	ふかいり
深化	しんか
深長	しんちょう
深追い	ふかおい
湿り気	しめりけ
継続的	けいぞくてき
待避線	たいひせん
持ち分	もちぶん
持ち回り閣議	もちまわりかくぎ
持ち逃げ	もちにげ
持続的	じぞくてき
持ち腐れ	もちぐされ
市場占有率	しじょうせんゆうりつ
市議会	しぎかい
得失	とくしつ
得々	とくとく
統一的	とういつてき
統合幕僚会議	とうごうばくりょうかいぎ
道中	どうちゅう
道徳的	どうとくてき
祝い事	いわいごと
祝意	しゅくい
条件反射	じょうけんはんしゃ
条件闘争	じょうけんとうそう
虫除け	むしよけ
虫食い	むしくい
皮算用	かわざんよう
あれ程	あれほど
波風	なみかぜ
波間	なみま
被り物	かぶりもの
被疑者	ひぎしゃ
増水	ぞうすい
増便	ぞうびん
増発	ぞうはつ
増派	ぞうは
増配	ぞうはい
増量	ぞうりょう
増補	ぞうほ
増額	ぞうがく
磁力	じりょく
字詰め	じづめ
再訪	さいほう
伏流	ふくりゅう
婦選	ふせん
海上保安庁	かいじょうほあんちょう
海山	うみやま
海外旅行	かいがいりょこう
海外経済協力基金	かいがいけいざいきょうりょくききん
海図	かいず
海洋気象台	かいようきしょうだい
海運業	かいうんぎょう
海賊版	かいぞくばん
夢見	ゆめみ
釣具	つりぐ
盗掘	とうくつ
場外	じょうがい
場当たり	ばあたり
場数	ばかず
湯水	ゆみず
瞠目	どうもく
上伸	じょうしん
上告審	じょうこくしん
上乗せ	うわのせ
上期	かみき
商学	しょうがく
商業銀行	しょうぎょうぎんこう
商戦	しょうせん
良知	よしとも
浪曲	ろうきょく
落ち目	おちめ
落花生	らっかせい
落葉樹	らくようじゅ
露天商	ろてんしょう
露払い	つゆはらい
露西亜	ロシア
巨悪	きょあく
虚実	きょじつ
打力	だりょく
打ち上げ花火	うちあげはなび
打ち止め	うちどめ
打点	だてん
打ち掛け	うちかけ
打球	だきゅう
打順	だじゅん
灯火管制	とうかかんせい
町名	ちょうめい
町役場	まちやくば
町奉行	まちぶぎょう
町議会	ちょうぎかい
定点	ていてん
定率	ていりつ
定期的	ていきてき
定期船	ていきせん
定期預金	ていきよきん
定置網	ていちあみ
策動	さくどう
積み木	つみき
積み残し	つみのこし
積み荷	つみに
積ん読	つんどく
奇問	きもん
寄せ木細工	よせぎざいく
寄り付き	よりつき
寄付行為	きふこうい
寄り合い所帯	よりあいじょたい
寄り倒し	よりたおし
寄せ書き	よせがき
歌会始	うたかいはじめ
歌舞	かぶ
出し投げ	だしなげ
拙守	せっしゅ
退団	たいだん
退席	たいせき
退路	たいろ
退潮	たいちょう
鉄人	てつじん
鉄工	てっこう
鉄火	てっか
鉄柱	てっちゅう
鉄砲水	てっぽうみず
鉄腕	てつわん
金槌	かなづち
鉄壁	てっぺき
幾重	いくえ
機上	きじょう
機密費	きみつひ
機銃	きじゅう
機関士	きかんし
機織り	はたおり
畿内	きない
近代詩	きんだいし
希望的	きぼうてき
温泉郷	おんせんきょう
壊死	えし
練り製品	ねりせいひん
連れ込み宿	つれこみやど
連句	れんく
連名	れんめい
連投	れんとう
連夜	れんや
連呼	れんこ
連帯保証	れんたいほしょう
連記	れんき
連結器	れんけつき
連関	れんかん
連鎖反応	れんさはんのう
絵解き	えとき
権利金	けんりきん
観念的	かんねんてき
観閲	かんえつ
話し相手	はなしあいて
母艦	ぼかん
梅雨前線	ばいうぜんせん
梅園	うめぞの
牧舎	ぼくしゃ
球威	きゅうい
球界	きゅうかい
当代	とうだい
当主	とうしゅ
当たり年	あたりどし
当たり役	あたりやく
当夜	とうや
当座預金	とうざよきん
当落	とうらく
当確	とうかく
賞牌	しょうはい
英俊	ひでとし
折り返し点	おりかえしてん
折り返し運転	おりかえしうんてん
誓約書	せいやくしょ
製材	せいざい
製油	せいゆ
製油所	せいゆじょ
製陶	せいとう
製鉄所	せいてつじょ
大上段	だいじょうだん
大山	たいざん
大太鼓	おおだいこ
大凶	だいきょう
大引け	おおびけ
大本山	だいほんざん
大本営	だいほんえい
大広間	おおひろま
大目	おおめ
大任	たいにん
大老	たいろう
大同	だいどう
大同団結	だいどうだんけつ
大当たり	おおあたり
大回転	だいかいてん
大成	たいせい
大自然	だいしぜん
大乱	たいらん
大役	たいやく
大系	たいけい
大車輪	だいしゃりん
大典	たいてん
大味	おおあじ
大往生	だいおうじょう
大乗	だいじょう
大帝	たいてい
大政	たいせい
大食	たいしょく
大荒れ	おおあれ
大部屋	おおべや
大師	だいし
大挙	たいきょ
大破	たいは
大時代	おおじだい
大野	おおの
大動脈	だいどうみゃく
大著	たいちょ
大脳皮質	だいのうひしつ
大船	おおぶね
大敗	たいはい
大御所	おおごしょ
大衆化	たいしゅうか
大衆性	たいしゅうせい
大道	だいどう
大道具	おおどうぐ
大僧正	だいそうじょう
大義	たいぎ
大農	だいのう
大腸菌	だいちょうきん
大詰め	おおづめ
大路	おおじ
大腿	だいたい
大儀	たいぎ
大潮	おおしお
大震災	だいしんさい
大観	たいかん
大願	たいがん
太公望	たいこうぼう
太平洋戦争	たいへいようせんそう
太白	たいはく
太り肉	ふとりじし
太陽電池	たいようでんち
多方面	たほうめん
多色	たしょく
多雨	たう
多発	たはつ
多発性	たはつせい
多感	たかん
舌鼓	したつづみ
舌触り	したざわり
直接選挙	ちょくせつせんきょ
値崩れ	ねくずれ
埴輪	はにわ
植物油	しょくぶつゆ
置き土産	おきみやげ
置き去り	おきざり
置き傘	おきがさ
特別区	とくべつく
特別配当金	とくべつはいとうきん
特注	とくちゅう
特高	とっこう
特捜	とくそう
特許庁	とっきょちょう
特進	とくしん
特装	とくそう
特選	とくせん
差し手	さして
祭主	さいしゅ
祭事	さいじ
祭儀	さいぎ
賛美歌	さんびか
甘えん坊	あまえんぼう
押し目買い	おしめがい
押し花	おしばな
押しかけ女房	おしかけにょうぼう
既往	きおう
既製品	きせいひん
気炎	きえん
気弱	きよわ
気管支炎	きかんしえん
愛社	あいしゃ
入部	にゅうぶ
内回り	うちまわり
内発	ないはつ
内閣法制局	ないかくほうせいきょく
納采	のうさい
納金	のうきん
納涼	のうりょう
南北問題	なんぼくもんだい
南極点	なんきょくてん
賃下げ	ちんさげ
賃金格差	ちんぎんかくさ
賃貸借	ちんたいしゃく
男手	おとこで
男声	だんせい
寝技	ねわざ
寝泊まり	ねとまり
潜在意識	せんざいいしき
心身症	しんしんしょう
心性	しんせい
心室	しんしつ
心神喪失	しんしんそうしつ
心根	こころね
心理的	しんりてき
心意気	こころいき
心機一転	しんきいってん
心頭	しんとう
心臓病	しんぞうびょう
養父母	ようふぼ
養老	ようろう
養護教諭	ようごきょうゆ
様変わり	さまがわり
洋弓	ようきゅう
洋学	ようがく
洋紙	ようし
洋装	ようそう
象徴的	しょうちょうてき
営林局	えいりんきょく
営々	えいえい
街頭募金	がいとうぼきん
記録的	きろくてき
起き上がりこぼし	おきあがりこぼし
里親	さとおや
理性的	りせいてき
理数	りすう
理詰め	りづめ
裏番組	うらばんぐみ
陵墓	りょうぼ
力水	ちからみず
力負け	ちからまけ
鳥人	ちょうじん
鳥獣	ちょうじゅう
薬代	くすりだい
薬用	やくよう
薬害	やくがい
薬師如来	やくしにょらい
薬理	やくり
薬理学	やくりがく
労働協約	ろうどうきょうやく
票数	ひょうすう
暴漢	ぼうかん
暴論	ぼうろん
爆心	ばくしん
爆音	ばくおん
表面積	ひょうめんせき
長丁場	ながちょうば
長子	ちょうし
長文	ちょうぶん
長生	ちょうせい
長征	ちょうせい
長径	ちょうけい
長雨	ながあめ
長屋	ながや
長靴	ながぐつ
長髪	ちょうはつ
常任委員会	じょうにんいいんかい
常套手段	じょうとうしゅだん
常備	じょうび
常勤	じょうきん
常温	じょうおん
常勝	じょうしょう
常道	じょうどう
常識的	じょうしきてき
作画	さくが
作況	さっきょう
作為的	さくいてき
作劇	さくげき
所収	しょしゅう
所業	しょぎょう
所番地	ところばんち
所論	しょろん
初年	しょねん
初見	しょけん
初物	はつもの
初音	はつね
初等教育	しょとうきょういく
初診	しょしん
初顔合わせ	はつかおあわせ
将軍家	しょうぐんけ
奨学	しょうがく
床上	ゆかうえ
強火	つよび
強圧	きょうあつ
強行軍	きょうこうぐん
強肩	きょうけん
強迫観念	きょうはくかんねん
競技場	きょうぎじょう
知日	ちにち
知育	ちいく
知能指数	ちのうしすう
知恵袋	ちえぶくろ
知識人	ちしきじん
聴聞	ちょうもん
声量	せいりょう
聖地	せいち
聖者	せいじゃ
聖教	せいきょう
支庁	しちょう
支配的	しはいてき
支署	ししょ
肢体不自由児	したいふじゆうじ
解放区	かいほうく
解党	かいとう
隔世	かくせい
単勝	たんしょう
弾き語り	ひきがたり
戦中	せんちゅう
戦中派	せんちゅうは
戦友	せんゆう
戦史	せんし
戦争犯罪人	せんそうはんざいにん
戦法	せんぽう
戦敗	せんぱい
戦費	せんぴ
戦傷	せんしょう
戦意	せんい
戦跡	せんせき
戦歴	せんれき
戦端	せんたん
戦闘員	せんとういん
禅譲	ぜんじょう
壇上	だんじょう
脱臭	だっしゅう
脱党	だっとう
税目	ぜいもく
税源	ぜいげん
説明文	せつめいぶん
説経	せっきょう
瀬踏み	せぶみ
幻想曲	げんそうきょく
化学調味料	かがくちょうみりょう
眼中	がんちゅう
眼底	がんてい
眼前	がんぜん
銀世界	ぎんせかい
銀河系	ぎんがけい
銀製	ぎんせい
店構え	みせがまえ
点差	てんさ
点訳	てんやく
添え物	そえもの
添乗	てんじょう
法文	ほうぶん
法事	ほうじ
法治国	ほうちこく
法相	ほうしょう
法華経	ほけきょう
法理	ほうり
法務委員会	ほうむいいんかい
法話	ほうわ
品定め	しなさだめ
品数	しなかず
快打	かいだ
快音	かいおん
決まり手	きまりて
歳時記	さいじき
月払い	つきばらい
月形	つきがた
外伝	がいでん
外交員	がいこういん
外交辞令	がいこうじれい
外宮	げくう
外装	がいそう
木本	きもと
木地	きじ
木部	もくぶ
目的意識	もくてきいしき
目の前	めのまえ
目配り	めくばり
目張り	めばり
目線	めせん
逃げ場	にげば
逃避行	とうひこう
高年	こうねん
高利	こうり
高飛び込み	たかとびこみ
高点	こうてん
高等専門学校	こうとうせんもんがっこう
高等教育	こうとうきょういく
高等裁判所	こうとうさいばんしょ
高徳	たかのり
高緯度	こういど
高嶺	たかね
高瀬	たかせ
県人	けんじん
県人会	けんじんかい
路頭	ろとう
更年期障害	こうねんきしょうがい
硬筆	こうひつ
魚河岸	うおがし
漁夫の利	ぎょふのり
漁具	ぎょぐ
汚れ役	よごれやく
華厳	けごん
慣習法	かんしゅうほう
川尻	かわじり
川風	かわかぜ
川幅	かわはば
川路	かわじ
訓告	くんこく
漫画家	まんがか
満天	まんてん
満年齢	まんねんれい
満身	まんしん
綿棒	めんぼう
千島列島	ちしまれっとう
信用金庫	しんようきんこ
信託統治	しんたくとうち
進水	しんすい
進攻	しんこう
進歩的	しんぽてき
進取	しんしゅ
進軍	しんぐん
進塁	しんるい
進駐軍	しんちゅうぐん
雑則	ざっそく
雑食	ざっしょく
雑穀	ざっこく
三年	さんねん
三回忌	さんかいき
三冠王	さんかんおう
三冠馬	さんかんば
三段目	さんだんめ
杉戸	すぎと
検体	けんたい
検事局	けんじきょく
検疫所	けんえきじょ
藍綬褒章	らんじゅほうしょう
接ぎ木	つぎき
接岸	せつがん
監察官	かんさつかん
臨海	りんかい
臨書	りんしょ
臨戦	りんせん
屋形船	やかたぶね
屋根裏	やねうら
宇宙通信	うちゅうつうしん
雨後	うご
時日	じじつ
時世	じせい
時代物	じだいもの
時代感覚	じだいかんかく
時季	じき
時評	じひょう
時節柄	じせつがら
詩文	しぶん
詩作	しさく
詩碑	しひ
詩論	しろん
耳打ち	みみうち
耐久性	たいきゅうせい
耐圧	たいあつ
耐性	たいせい
耐性菌	たいせいきん
事件記者	じけんきしゃ
司法研修所	しほうけんしゅうじょ
司法書士	しほうしょし
息の根	いきのね
色柄	いろがら
色覚	しきかく
草丈	くさたけ
草刈り	くさかり
造反	ぞうはん
造園	ぞうえん
優生保護法	ゆうせいほごほう
幼友達	おさなともだち
幼年時代	ようねんじだい
繰り出し梯子	くりだしはしご
確度	かくど
劇中	げきちゅう
劇中劇	げきちゅうげき
緑内障	りょくないしょう
緑豆	りょくとう
緑風	りょくふう
緑黄色	りょくおうしょく
録音機	ろくおんき
蔵元	くらもと
葬祭	そうさい
葬儀社	そうぎしゃ
郷土色	きょうどしょく
香典返し	こうでんがえし
刑事補償	けいじほしょう
型枠	かたわく
形成外科	けいせいげか
形式主義	けいしきしゅぎ
形質	けいしつ
掛け値	かけね
掛け捨て	かけすて
離任	りにん
離乳食	りにゅうしょく
離着陸	りちゃくりく
離職	りしょく
離れ離れ	はなればなれ
乱打	らんだ
乱売	らんばい
乱取り	らんどり
乱軍	らんぐん
乱戦	らんせん
乱読	らんどく
乱調	らんちょう
隠れ家	かくれが
本丸	ほんまる
本山	ほんざん
本元	ほんもと
本予算	ほんよさん
本庁	ほんちょう
本立て	ほんたて
本件	ほんけん
本因坊	ほんいんぼう
本決まり	ほんぎまり
本給	ほんきゅう
本質的	ほんしつてき
問題意識	もんだいいしき
聞き上手	ききじょうず
聞き込み	ききこみ
聞き込み捜査	ききこみそうさ
聞き役	ききやく
聞き書き	ききがき
竜王	りゅうおう
陸海	りくかい
陸送	りくそう
陸続き	りくつづき
全会	ぜんかい
全学	ぜんがく
全盲	ぜんもう
選手村	せんしゅむら
選外	せんがい
選良	せんりょう
選挙人	せんきょにん
選挙運動	せんきょうんどう
選書	せんしょ
選評	せんぴょう
算入	さんにゅう
代替わり	だいがわり
袋物	ふくろもの
貸し手	かして
貸し借り	かしかり
富国強兵	ふこくきょうへい
福寿	ふくじゅ
福助	ふくすけ
福利厚生	ふくりこうせい
菩提寺	ぼだいじ
遊技	ゆうぎ
遊歩	ゆうほ
農地改革	のうちかいかく
農作物	のうさくぶつ
農芸	のうげい
農事	のうじ
農法	のうほう
農林水産省	のうりんすいさんしょう
農相	のうしょう
農道	のうどう
農業協同組合	のうぎょうきょうどうくみあい
農業試験場	のうぎょうしけんじょう
農機具	のうきぐ
柔軟体操	じゅうなんたいそう
肉付け	にくづけ
肉体労働	にくたいろうどう
肉体的	にくたいてき
肉弾	にくだん
肉質	にくしつ
復水器	ふくすいき
復交	ふっこう
復学	ふくがく
復活祭	ふっかつさい
復員	ふくいん
復党	ふくとう
復配	ふくはい
複写機	ふくしゃき
複線	ふくせん
報国	ほうこく
報奨金	ほうしょうきん
弱含み	よわふくみ
脳神経	のうしんけい
脳挫傷	のうざしょう
玉音	ぎょくおん
煮汁	にじる
赤地	あかじ
赤身	あかみ
赤松	あかまつ
生存競争	せいぞんきょうそう
生き地獄	いきじごく
生き別れ	いきわかれ
生命力	せいめいりょく
生命線	せいめいせん
生活苦	せいかつく
生き埋め	いきうめ
生産財	せいさんざい
警報器	けいほうき
警察手帳	けいさつてちょう
警察権	けいさつけん
経学	けいがく
経国	けいこく
経堂	きょうどう
経験的	けいけんてき
撚糸	ねんし
難曲	なんきょく
難事	なんじ
難燃加工	なんねんかこう
熱波	ねっぱ
熱風	ねっぷう
熱射病	ねっしゃびょう
熱帯低気圧	ねったいていきあつ
熱帯夜	ねったいや
熱源	ねつげん
熱演	ねつえん
熱闘	ねっとう
職安	しょくあん
職制	しょくせい
職務質問	しょくむしつもん
職業安定所	しょくぎょうあんていじょ
職業病	しょくぎょうびょう
職業意識	しょくぎょういしき
雲の上	くものうえ
田園都市	でんえんとし
陣屋	じんや
陣幕	じんまく
天理教	てんりきょう
講釈	こうしゃく
振り付け	ふりつけ
震撼	しんかん
異教徒	いきょうと
来迎	らいごう
流し打ち	ながしうち
流転	るてん
硫安	りゅうあん
探し物	さがしもの
捜索隊	そうさくたい
痩身	そうしん
好打	こうだ
好走	こうそう
好奇	こうき
好球	こうきゅう
好戦	こうせん
好敵手	こうてきしゅ
休刊日	きゅうかんび
休耕	きゅうこう
休館	きゅうかん
要人	ようじん
要職	ようしょく
腰高	こしだか
腰椎	ようつい
腰縄	こしなわ
約束手形	やくそくてがた
角地	かどち
角質	かくしつ
厚生施設	こうせいしせつ
炭火	すみび
炭焼き	すみやき
蛋白	たんぱく
前立腺肥大症	ぜんりつせんひだいしょう
前倒し	まえだおし
立太子	りったいし
立ち木	たちき
立会い	たちあい
立会人	たちあいにん
立地	りっち
立ち回り	たちまわり
立身出世	りっしんしゅっせ
立体的	りったいてき
立ち見	たちみ
立法権	りっぽうけん
立法機関	りっぽうきかん
立ち往生	たちおうじょう
立ち居振る舞い	たちいふるまい
立国	りっこく
立て看板	たてかんばん
立食	りっしょく
立ち消え	たちぎえ
立党	りっとう
林政	りんせい
林野	りんや
林野庁	りんやちょう
林産	りんさん
林間学校	りんかんがっこう
林業試験場	りんぎょうしけんじょう
葉桜	はざくら
淡水魚	たんすいぎょ
談話室	だんわしつ
談論	だんろん
岩戸	いわと
岩肌	いわはだ
岩場	いわば
岩壁	がんぺき
旅芸人	たびげいにん
旅情	りょじょう
食べ歩き	たべあるき
食糧庁	しょくりょうちょう
飼い猫	かいねこ
雄花	おばな
留め置き	とめおき
留置場	りゅうちじょう
老女	ろうじょ
老中	ろうじゅう
老け役	ふけやく
老松	おいまつ
老廃	ろうはい
老境	ろうきょう
白内障	はくないしょう
白水	しろうず
白玉	しらたま
白地	しろじ
白百合	しらゆり
白糸	しらいと
白星	しろぼし
白浜	しらはま
白梅	しらうめ
白馬	はくば
白装束	しろしょうぞく
白熊	しろくま
白銀	はくぎん
白銅	はくどう
白鷺	しらさぎ
夫唱婦随	ふしょうふずい
軟投	なんとう
軟禁	なんきん
雪上	せつじょう
雪山	せつざん
雪原	せつげん
雪景色	ゆきげしき
座員	ざいん
座頭	ざがしら
芸文	げいぶん
芸妓	げいぎ
芸域	げいいき
変わり身	かわりみ
変哲	へんてつ
孤軍奮闘	こぐんふんとう
孤高	ここう
短文	たんぶん
染色体	せんしょくたい
風圧	ふうあつ
風合い	ふうあい
風見	かざみ
風物詩	ふうぶつし
風俗営業	ふうぞくえいぎょう
風変わり	ふうがわり
風前	ふうぜん
風貌	ふうぼう
早乙女	さおとめ
早出	はやで
早苗	さなえ
早変わり	はやがわり
早婚	そうこん
早場米	はやばまい
早道	はやみち
降圧剤	こうあつざい
呼び物	よびもの
楽々	らくらく
牛丼	ぎゅうどん
撃ち合い	うちあい
琢磨	たくま
枠外	わくがい
辻堂	つじどう
辻説法	つじせっぽう
役立たず	やくたたず
右四つ	みぎよつ
相半ばする	あいなかばする
世間知らず	せけんしらず
左四つ	ひだりよつ
生乳	せいにゅう
先住	せんじゅう
柴犬	しばいぬ
心から	こころから
真の	しんの
死の灰	しのはい
植栽	しょくさい
消音	しょうおん
焼身	しょうしん
生薬	しょうやく
酋長	しゅうちょう
体勢	たいせい
短期間	たんきかん
定休	ていきゅう
追試	ついし
就いて	ついて
業師	わざし
翌春	よくしゅん
預貸率	よたいりつ
誘爆	ゆうばく
湧水	ゆうすい
前傾	ぜんけい
取り留めのない	とりとめのない
等々	とうとう
扱い方	あつかいかた
誤って	あやまって
意気盛ん	いきさかん
憤り	いきどおり
一飛	いちひ
有為	ゆうい
英領	えいりょう
映倫	えいりん
大商い	おおあきない
大店	おおだな
惜しみ無く	おしみなく
思い出話	おもいでばなし
折に触れて	おりにふれて
確たる証拠	かくたるしょうこ
川流れ	かわながれ
奇人	きじん
気の向くままに	きのむくままに
侠客	きょうかく
曇り空	くもりぞら
結縁	ゆえん
甲骨文	こうこつぶん
講和	こうわ
港湾局	こうわんきょく
断らず	ことわらず
細かく	こまかく
御利益	ごりやく
酒造り	さけづくり
笹原	ささはら
薩長	さっちょう
左方	さほう
沢地	さわじ
沢辺	さわべ
支払い済み	しはらいずみ
締め切り日	しめきりび
消臭剤	しょうしゅうざい
焼身自殺	しょうしんじさつ
生者	せいしゃ
商品名	しょうひんめい
省エネルギー	しょうエネルギー
食事時	しょくじどき
織布	しょくふ
信金	しんきん
身障者	しんしょうしゃ
授業中	じゅぎょうちゅう
准看護婦	じゅんかんごふ
末永く	すえながく
杉林	すぎばやし
澄み切った	すみきった
瑞宝章	ずいほうしょう
世界銀行	せかいぎんこう
世銀	せぎん
千九百年代	せんきゅうひゃくねんだい
専従者	せんじゅうしゃ
箏曲	そうきょく
層群	そうぐん
早慶戦	そうけいせん
総務局	そうむきょく
太閤	たいこう
大喪	たいそう
大歓迎	だいかんげい
奪三振	だつさんしん
知恵遅れ	ちえおくれ
中執	ちゅうしつ
中飛	ちゅうひ
定期便	ていきびん
天台宗	てんだいしゅう
出	で
電算	でんそろ
倒壊	とうかい
投信	とうしん
都議	とぎ
嫁ぎ先	とつぎさき
整った	ととのった
道議会	どうぎかい
道交法	どうこうほう
同市	どうし
怒涛	どとう
土日	どにち
鳴り物入り	なりものいり
入塾	にゅうじゅく
熱延	ねつえん
残った分	のこったぶん
飲み過ぎ	のみすぎ
班員	はんいん
晴れやかな笑顔	はれやかなえがお
飛車	ひしゃ
浸し物	ひたしもの
必死になって	ひっしになって
品位	ひんい
標章	ひょうしょう
府警	ふけい
府税	ふぜい
風土記	ふどき
墳丘	ふんきゅう
文博	ぶんはく
米審	べいしん
法会	ほうえ
訪中	ほうちゅう
ほんの少し	ほんのすこし
本欄	ほんらん
未踏峰	みとうほう
弥勒	みろく
民社党	みんしゃとう
民放	みんぽう
向かって左	むかってひだり
無死	むし
孟子	もうし
模試	もし
奴ら	やつら
山鉾	やまぼこ
郵貯	ゆうちょ
輸銀	ゆぎん
要は	ようは
読み上げ算	よみあげざん
臨床医	りんしょうい
労相	ろうしょう
悪知恵	わるぢえ
液状化	えきじょうか
脆弱	ぜいじゃく
導入部	どうにゅうぶ
断	だん
対象外	たいしょうがい
級	きゅう
何の	どの
と言う	という
不	ふ
文部科学省	もんぶかがくしょう
看護師	かんごし
連係プレー	れんけいプレー
亜硫酸ガス	ありゅうさんガス
阿弗利加	アフリカ
日本国民	にほんこくみん
詩	し
依存症	いぞんしょう
化学物質	かがくぶっしつ
花火大会	はなびたいかい
菓子パン	かしパン
革製品	かわせいひん
環境問題	かんきょうもんだい
既成概念	きせいがいねん
議会主義	ぎかいしゅぎ
勤務時間	きんむじかん
筋肉質	きんにくしつ
厳冬期	げんとうき
現場監督	げんばかんとく
現代版	げんだいばん
固定票	こていひょう
語学力	ごがくりょく
交響詩	こうきょうし
公安委員会	こうあんいいんかい
行政管理庁	ぎょうせいかんりちょう
行政書士	ぎょうせいしょし
高等科	こうとうか
国語学	こくごがく
殺人事件	さつじんじけん
獅子舞	ししまい
紙吹雪	かみふぶき
自然環境	しぜんかんきょう
執行部	しっこうぶ
実質賃金	じっしつちんぎん
集中力	しゅうちゅうりょく
少数意見	しょうすういけん
障害者	しょうがいしゃ
情緒障害	じょうちょしょうがい
心拍数	しんぱくすう
新刊書	しんかんしょ
新聞記事	しんぶんきじ
申告書	しんこくしょ
真実味	しんじつみ
髄膜炎	ずいまくえん
世帯数	せたいすう
社民党	しゃみんとう
初戦	しょせん
生鮮食料品	せいせんしょくりょうひん
生息地	せいそくち
精神主義	せいしんしゅぎ
聖職者	せいしょくしゃ
製作費	せいさくひ
選挙公報	せんきょこうほう
測定器	そくていき
帯状疱疹	たいじょうほうしん
単純平均	たんじゅんへいきん
地場産業	じばさんぎょう
地方公共団体	ちほうこうきょうだんたい
地方団体	ちほうだんたい
中心部	ちゅうしんぶ
抽象化	ちゅうしょうか
貯蔵庫	ちょぞうこ
直行便	ちょっこうびん
通産相	つうさんしょう
釣り場	つりば
提供者	ていきょうしゃ
登録者	とうろくしゃ
登録番号	とうろくばんごう
都市部	としぶ
冬鳥	ふゆどり
投手戦	とうしゅせん
東南東	とうなんとう
東北東	とうほくとう
道義的責任	どうぎてきせきにん
日本学術会議	にほんがくじゅつかいぎ
日本銀行	にっぽんぎんこう
入館料	にゅうかんりょう
農学部	のうがくぶ
美術展	びじゅつてん
復刻版	ふっこくばん
文化遺産	ぶんかいさん
捕物帳	とりものちょう
法律事務所	ほうりつじむしょ
満足感	まんぞくかん
夜行性	やこうせい
有機肥料	ゆうきひりょう
量販店	りょうはんてん
錬金術師	れんきんじゅつし
労働基準法	ろうどうきじゅんほう
大洋州	たいようしゅう
紹介文	しょうかいぶん
貸出用	かしだしよう
頑張って	がんばって
引き落とし	ひきおとし
営為	えいい
遠投	えんとう
快投	かいとう
街宣車	がいせんしゃ
完調	かんちょう
間仕切り	まじきり
喜望峰	きぼうほう
鬼子母神	きしもじん
球速	きゅうそく
決まって	きまって
建学	けんがく
原液	げんえき
原酒	げんしゅ
誤爆	ごばく
好んで	このんで
黒鳥	くろとり
最後列	さいこうれつ
産油国	さんゆこく
紫綬褒章	しじゅほうしょう
主著	しゅちょ
取っ組み合い	とっくみあい
重し	おもし
初球	しょきゅう
序二段	じょにだん
勝差	しょうさ
小手投げ	こてなげ
小選挙区	しょうせんきょく
照葉樹林	しょうようじゅりん
振る舞い	ふるまい
新生活	しんせいかつ
新卒	しんそつ
新譜	しんぷ
船会社	ふながいしゃ
走力	そうりょく
人様	ひとさま
多め	おおめ
対極	たいきょく
退室	たいしつ
大軍	たいぐん
大所帯	おおじょたい
奪い合い	うばいあい
単産	たんさん
短め	みじかめ
段位	だんい
同和	どうわ
二元	にげん
二枚	にまい
年休	ねんきゅう
年商	ねんしょう
廃油	はいゆ
配点	はいてん
白州	しらす
髪型	かみがた
板ガラス	いたガラス
皮脂	ひし
腐臭	ふしゅう
歩幅	ほはば
未だしも	まだしも
無国籍	むこくせき
油絵の具	あぶらえのぐ
優駿	ゆうしゅん
冷暖房	れいだんぼう
和え物	あえもの
磯	いそ
堰	せき
応札	おうさつ
学	がく
棺	かん
貫	かん
願	がん
漁	りょう
菌	きん
訓	くん
経	きょう
軽	けい
芸	げい
決	けつ
言	げん
合	ごう
壕	ごう
笹	ささ
賛	さん
痔	じ
柴	しば
宗	しゅう
集	しゅう
将	しょう
食	しょく
籍	せき
栓	せん
選	せん
祖	そ
早	はや
対地	たいち
宙	ちゅう
著	ちょ
途	と
投了	とうりょう
灘	なだ
汎	はん
範	はん
妃	ひ
舞	まい
宝飾	ほうしょく
無	む
紋	もん
野山	のやま
柳刃包丁	やなぎばぼうちょう
有りとあらゆる	ありとあらゆる
理	り
良	りょう
余儀なく	よぎなく
全日本	ぜんにほん
予研	よけん
情報学	じょうほうがく
素案	そあん
水道水	すいどうすい
クラシック音楽	クラシックおんがく
安全ピン	あんぜんピン
委任統治	いにんとうち
移動性高気圧	いどうせいこうきあつ
塩尻	しおじり
家庭医	かていい
科学史	かがくし
画業	がぎょう
絵空事	えそらごと
絵入り	えいり
開所	かいしょ
外務員	がいむいん
我楽多	ガラクタ
環境衛生	かんきょうえいせい
甘辛	あまから
厚生労働省	こうせいろうどうしょう
内閣官房	ないかくかんぼう
内閣府	ないかくふ
国家公安委員会	こっかこうあんいいんかい
金融庁	きんゆうちょう
公害等調整委員会	こうがいとうちょうせいいいんかい
夏日	なつび
過少申告	かしょうしんこく
村議会	そんぎかい
整体	せいたい
豆知識	まめちしき
菜の花	なのはな
そう言えば	そういえば
損壊	そんかい
畳敷き	たたみじき
食材	しょくざい
割と	わりと
題する	だいする
通年	つうねん
米人	べいじん
お手数	おてすう
通販	つうはん
中高	ちゅうこう
小女子	こうなご
吟醸酒	ぎんじょうしゅ
人民元	じんみんげん
良き	よき
健常者	けんじょうしゃ
四人	よにん
あいつ等	あいつら
介護保険	かいごほけん
救急医療	きゅうきゅういりょう
憲法裁判所	けんぽうさいばんしょ
産業スパイ	さんぎょうスパイ
出自	しゅつじ
小売価格	こうりかかく
身代金要求	みのしろきんようきゅう
水頭症	すいとうしょう
水俣病	みなまたびょう
青酸カリ	せいさんカリ
大量殺人	たいりょうさつじん
底打ち	そこうち
天然ガス	てんねんガス
東京証券取引所	とうきょうしょうけんとりひきじょ
内科学	ないかがく
日本経済	にほんけいざい
不在者投票	ふざいしゃとうひょう
婦女暴行	ふじょぼうこう
文具	ぶんぐ
無印	むじるし
無党派層	むとうはそう
理学療法士	りがくりょうほうし
冷媒	れいばい
労働基準局	ろうどうきじゅんきょく
取り方	とりかた
泰	タイ
四本	よんほん
イケ面	いけめん
散骨	さんこつ
もう一度	もういちど
やる気	やるき
一括払い	いっかつばらい
育ち盛り	そだちざかり
宛	ずつ
最速	さいそく
最年少	さいねんしょう
お馴染み	おなじみ
そう言った	そういった
然うした	そうした
中でも	なかでも
お婆ちゃん	おばあちゃん
婆ちゃん	ばあちゃん
グアテマラ共和国	グアテマラきょうわこく
文句なし	もんくなし
赤	あか
に渡って	にわたって
飲み会	のみかい
行ってきます	いってきます
常	つね
番	ばん
又ね	またね
今すぐ	いますぐ
では無いか	ではないか
何れ丈	どれだけ
旅行会社	りょこうがいしゃ
意思疎通	いしそつう
就活	しゅうかつ
鬱	うつ
お願い	おねがい
美白	びはく
機	き
誰にも	だれにも
独立行政法人	どくりつぎょうせいほうじん
大盤振る舞い	おおばんぶるまい
勝手気まま	かってきまま
厚労省	こうろうしょう
訳ではない	わけではない
何れか	いずれか
何人か	なんにんか
兵	へい
どれ位	どれくらい
いつも通り	いつもどおり
素	す
とは限らない	とはかぎらない
そこら辺	そこらへん
予想以上	よそういじょう
大学院生	だいがくいんせい
世界遺産	せかいいさん
大阪	おおさか
羅馬	ローマ
両	りょう
史	し
大	おお
英	えい
小	しょう
認知症	にんちしょう
然うすれば	そうすれば
拡張子	かくちょうし
ああ言う	ああいう
気触れ	かぶれ
カ国	かこく
か如何か	かどうか
お詫び	おわび
絶好調	ぜっこうちょう
日本初	にほんはつ
行ってらっしゃい	いってらっしゃい
売れ筋	うれすじ
甲子園	こうしえん
こいつ等	こいつら
誰にでも	だれにでも
靖国神社	やすくにじんじゃ
今週末	こんしゅうまつ
かも知れん	かもしれん
電気通信	でんきつうしん
ある意味で	あるいみで
ある意味では	あるいみでは
氏	し
ブチ切れ	ぶちぎれ
一番上	いちばんうえ
何時に無く	いつになく
性感帯	せいかんたい
お一人様	おひとりさま
その様	そのよう
二度と	にどと
デパ地下	デパちか
できるだけ早く	できるだけはやく
お持て成し	おもてなし
対中	たいちゅう
旅行券	りょこうけん
何を隠そう	なにをかくそう
平均的	へいきんてき
お節	おせち
世界各地	せかいかくち
現代社会	げんだいしゃかい
構造物	こうぞうぶつ
とは言うものの	とはいうものの
細胞内	さいぼうない
開始時刻	かいしじこく
早期治療	そうきちりょう
無力感	むりょくかん
初売り	はつうり
最新情報	さいしんじょうほう
最新研究	さいしんけんきゅう
気象予報士	きしょうよほうし
自己管理	じこかんり
統一感	とういつかん
研究結果	けんきゅうけっか
約束通り	やくそくどおり
新概念	しんがいねん
日本社会	にほんしゃかい
設定可能	せっていかのう
相互交流	そうごこうりゅう
電子部品	でんしぶひん
再スタート	さいスタート
駄菓子屋	だがしや
仕事始め	しごとはじめ
経験豊富	けいけんほうふ
最新ニュース	さいしんニュース
拉致問題	らちもんだい
意味不明	いみふめい
捜査官	そうさかん
販売員	はんばいいん
最後尾	さいこうび
日本政府	にほんせいふ
無しには	なしには
新成人	しんせいじん
幼少期	ようしょうき
缶コーヒー	かんコーヒー
大事件	だいじけん
朝一番	あさいちばん
乍らも	ながらも
演技力	えんぎりょく
に際して	にさいして
どちらかと言うと	どちらかというと
小さな	ちいさな
と言っても	といっても
と言うことは	ということは
と言うことはない	ということはない
コピー機	コピーき
然う	そう
解決方法	かいけつほうほう
よくある質問	よくあるしつもん
受付中	うけつけちゅう
時は金なり	ときはかねなり
学校名	がっこうめい
大募集	だいぼしゅう
種類豊富	しゅるいほうふ
体調不良	たいちょうふりょう
伝統文化	でんとうぶんか
日本全国	にほんぜんこく
大学進学	だいがくしんがく
口座番号	こうざばんごう
満員電車	まんいんでんしゃ
日本企業	にほんきぎょう
斜体	しゃたい
結婚相手	けっこんあいて
サービス業	サービスぎょう
意識調査	いしきちょうさ
学会誌	がっかいし
アルファベット順	アルファベットじゅん
衣料品	いりょうひん
目黒	めぐろ
防犯カメラ	ぼうはんカメラ
海外出張	かいがいしゅっちょう
基本料金	きほんりょうきん
世界各国	せかいかっこく
嫌悪感	けんおかん
国内旅行	こくないりょこう
競争入札	きょうそうにゅうさつ
最新鋭	さいしんえい
洗浄剤	せんじょうざい
お待たせしました	おまたせしました
疑問点	ぎもんてん
開発者	かいはつしゃ
格安航空券	かくやすこうくうけん
業	ぎょう
に限って	にかぎって
虎列刺	コレラ
テレビ番組	テレビばんぐみ
独	どく
神戸	こうべ
横浜	よこはま
名古屋	なごや
北九州	きたきゅうしゅう
福岡	ふくおか
川崎	かわさき
札幌	さっぽろ
広島	ひろしま
仙台	せんだい
千葉	ちば
埼玉	さいたま
静岡	しずおか
新潟	にいがた
浜松	はままつ
少	しょう
何処にも	どこにも
許りか	ばかりか
路線図	ろせんず
数時間	すうじかん
数分	すうふん
無修正	むしゅうせい
置き時計	おきどけい
初挑戦	はつちょうせん
立直	リーチ
為さい	なさい
もつ鍋	もつなべ
顧客満足	こきゃくまんぞく
その内に	そのうちに
細かいこと	こまかいこと
何方か	どなたか
こう言った	こういった
事例集	じれいしゅう
牡鹿	おしか
あっという間	あっというま
検索条件	けんさくじょうけん
ご遠慮ください	ごえんりょください
歴	れき
ご褒美	ごほうび
お家	おうち
この前	このまえ
正式名称	せいしきめいしょう
予期せぬ	よきせぬ
自然公園	しぜんこうえん
待ち合わせ場所	まちあわせばしょ
二度寝	にどね
状況報告	じょうきょうほうこく
高収入	こうしゅうにゅう
お風呂	おふろ
サイン会	サインかい
競合他社	きょうごうたしゃ
電池切れ	でんちぎれ
歯科衛生士	しかえいせいし
お久しぶり	おひさしぶり
是非是非	ぜひぜひ
授業参観	じゅぎょうさんかん
クラブ活動	クラブかつどう
移動平均	いどうへいきん
憧れの的	あこがれのまと
資金調達	しきんちょうたつ
失敗談	しっぱいだん
爺さん	じいさん
お互いに	おたがいに
この内	このうち
変更届	へんこうとどけ
訳じゃない	わけじゃない
除菌	じょきん
地理情報システム	ちりじょうほうシステム
よくあるご質問	よくあるごしつもん
携帯ストラップ	けいたいストラップ
電源ケーブル	でんげんケーブル
相	しょう
天満宮	てんまんぐう
無さそう	なさそう
低料金	ていりょうきん
最後の舞台	さいごのぶたい
菅	すげ
経験値	けいけんち
小中学生	しょうちゅうがくせい
伊	い
で御座います	でございます
無くてはいけない	なくてはいけない
存知	ぞんじ
高麗	こうらい
色々あって	いろいろあって
容赦なく	ようしゃなく
定期購読	ていきこうどく
蒸しパン	むしパン
事により	ことにより
フランス料理	フランスりょうり
サイン入り	サインいり
急に	きゅうに
何なのか	なんなのか
物販	ぶっぱん
兄ちゃん	にいちゃん
失礼します	しつれいします
作業環境	さぎょうかんきょう
光学式文字認識	こうがくしきもじにんしき
標準的	ひょうじゅんてき
表計算	ひょうけいさん
分間	ふんかん
いい加減にしろ	いいかげんにしろ
開発元	かいはつもと
知らないうちに	しらないうちに
発症	はっしょう
出店	しゅってん
推奨環境	すいしょうかんきょう
お小遣い	おこづかい
無洗米	むせんまい
有って無い	あってない
若い頃	わかいころ
小さい頃	ちいさいころ
お金持ち	おかねもち
ゆうちょ銀行	ゆうちょぎんこう
と言うより	というより
メモ帳	メモちょう
お会計	おかいけい
夜ご飯	よるごはん
お腹の子	おなかのこ
嗚呼嗚呼	ああああ
ワン子	ワンこ
お話	おはなし
空砲	くうほう
ないと行けません	ないといけません
その辺	そのへん
か否か	かいなか
お買い得	おかいどく
老人福祉	ろうじんふくし
に従って	にしたがって
重点的	じゅうてんてき
精神科医	せいしんかい
に向けて	にむけて
単	たん
心象	しんしょう
勢	ぜい
修行	しゅぎょう
数年前	すうねんまえ
店名	てんめい
夏期	かき
昔のまま	むかしのまま
眼	まなこ
期間限定	きかんげんてい
和地関	バチカン
公式サイト	こうしきサイト
迄も	までも
飢え死に	うえじに
即戦力	そくせんりょく
琉球	りゅうきゅう
関西人	かんさいじん
観光スポット	かんこうスポット
どの様に	どのように
全体的	ぜんたいてき
その中	そのなか
飛沫	しぶき
長崎	ながさき
矢張り	やはり
今ひとつ	いまひとつ
知っての通り	しってのとおり
ご主人様	ごしゅじんさま
街づくり	まちづくり
入魂	にゅうこん
大手企業	おおてきぎょう
神事	しんじ
じゃ無いか	じゃないか
実に	じつに
入店	にゅうてん
今日この頃	きょうこのごろ
中にも	なかにも
写真撮影	しゃしんさつえい
全点	ぜんてん
毎日のように	まいにちのように
各々	おのおの
預言	よげん
子供の頃	こどものころ
驚くほど	おどろくほど
奈良	なら
鎌倉	かまくら
金鉱	きんこう
禁止事項	きんしじこう
良いね	いいね
暗夜	あんや
実際は	じっさいは
お手数ですが	おてすうですが
自分で	じぶんで
余っ程	よっぽど
身体	しんたい
大本	おおもと
無きゃいけない	なきゃいけない
無くちゃいけない	なくちゃいけない
空地	くうち
夕	ゆう
市営地下鉄	しえいちかてつ
才	さい
右クリック	みぎクリック
平行	へいこう
副反応	ふくはんのう
好感度	こうかんど
天然温泉	てんねんおんせん
選りすぐり	よりすぐり
プロフィール画像	プロフィールがぞう
何と言うか	なんというか
アジア人	アジアじん
利用方法	りようほうほう
支払い方法	しはらいほうほう
お支払い方法	おしはらいほうほう
令和	れいわ
他にも	ほかにも
売れ筋ランキング	うれすじランキング
に当たっては	にあたっては
そんな中	そんななか
高速バス	こうそくバス
新商品	しんしょうひん
住居	じゅうきょ
お時間	おじかん
代目	だいめ
お店	おみせ
公開中	こうかいちゅう
緊急事態宣言	きんきゅうじたいせんげん
予約注文	よやくちゅうもん
コロナ禍	コロナか
先立って	さきだって
懐中時計	かいちゅうどけい
砂子	いさご
大好評	だいこうひょう
人気のある	にんきのある
特別価格	とくべつかかく
根本	こんぽん
月の兎	つきのうさぎ
大集合	だいしゅうごう
将来的	しょうらいてき
後から	あとから
中越	ちゅうえつ
見栄え	みばえ
灯火	とうか
渋谷	しぶや
仲間たち	なかまたち
お見積もり	おみつもり
初期費用	しょきひよう
新築マンション	しんちくマンション
レギュラー出演	レギュラーしゅつえん
高級ホテル	こうきゅうホテル
受講料	じゅこうりょう
家づくり	いえづくり
博多	はかた
お誕生日	おたんじょうび
決済方法	けっさいほうほう
配送先	はいそうさき
お名前	おなまえ
同時期	どうじき
大注目	だいちゅうもく
男たち	おとこたち
露地	ろじ
お葬式	おそうしき
初心者向け	しょしんしゃむけ
お酢	おす
検視	けんし
決勝トーナメント	けっしょうトーナメント
迷惑行為	めいわくこうい
お年寄り	おとしより
ご了承ください	ごりょうしょうください
大刀	だいとう
健診	けんしん
手描き	てがき
気持ちがいい	きもちがいい
お菓子屋	おかしや
有効活用	ゆうこうかつよう
自動車メーカー	じどうしゃメーカー
実力派	じつりょくは
参考までに	さんこうまでに
幸いです	さいわいです
麻婆	マーボー
お上手	おじょうず
お世話	おせわ
お互い様	おたがいさま
お人好し	おひとよし
お仕置き	おしおき
お似合い	おにあい
お伽噺	おとぎばなし
お偉方	おえらがた
お召し物	おめしもの
お多福	おたふく
お天道様	おてんとさま
お姫様	おひめさま
お嬢様	おじょうさま
お尋ね者	おたずねもの
お布施	おふせ
お座敷	おざしき
お引き受け	おひきうけ
お得意さん	おとくいさん
お手の物	おてのもの
お手本	おてほん
お手玉	おてだま
お払い箱	おはらいばこ
お披露目	おひろめ
お新香	おしんこ
お日様	おひさま
お正月	おしょうがつ
お歯黒	おはぐろ
お母様	おかあさま
お点前	おてまえ
お目見え	おめみえ
お眼鏡	おめがね
お礼参り	おれいまいり
お立ち台	おたちだい
お粗末	おそまつ
お膳立て	おぜんだて
お花畑	おはなばたけ
お茶の子	おちゃのこ
お茶の水女子大学	おちゃのみずじょしだいがく
お茶屋	おちゃや
お茶漬け	おちゃづけ
お茶請け	おちゃうけ
お蔭様	おかげさま
お裾分け	おすそわけ
お転婆	おてんば
お釈迦	おしゃか
お釈迦さま	おしゃかさま
お釈迦様	おしゃかさま
お針子	おはりこ
お門違い	おかどちがい
お陀仏	おだぶつ
お陰様	おかげさま
お雛様	おひなさま
ご利益	ごりやく
ご多分	ごたぶん
ご愁傷さま	ごしゅうしょうさま
ご時世	ごじせい
ご来光	ごらいこう
ご法度	ごはっと
ご苦労	ごくろう
ご苦労さま	ごくろうさま
ご苦労さん	ごくろうさん
ご都合主義	ごつごうしゅぎ
ご馳走さま	ごちそうさま
一つ覚え	ひとつおぼえ
一の宮	いちのみや
一世一代	いっせいちだい
一両日	いちりょうじつ
一之宮	いちのみや
一人ひとり	ひとりひとり
一人ぽっち	ひとりぼっち
一人占め	ひとりじめ
一人子	ひとりご
一人暮し	ひとりぐらし
一体全体	いったいぜんたい
一体化	いったいか
一元論	いちげんろん
一切合切	いっさいがっさい
一切経	いっさいきょう
一切衆生	いっさいしゅじょう
一匹狼	いっぴきおおかみ
一区切り	ひとくぎり
一升瓶	いっしょうびん
一双	いっそう
一反	いったん
一国一城	いっこくいちじょう
一夕	いっせき
一夜漬け	いちやづけ
一天	いってん
一夫一妻	いっぷいっさい
一夫一婦	いっぷいっぷ
一夫多妻	いっぷたさい
一如	いちにょ
一姫二太郎	いちひめにたろう
一子相伝	いっしそうでん
一寸法師	いっすんぼうし
一対一	いちたいいち
一対多	いちたいた
一巡り	ひとめぐり
一張羅	いっちょうら
一役	ひとやく
一意	いちい
一意的	いちいてき
一所懸命	いっしょけんめい
一拍	いっぱく
一指	いっし
一挙一動	いっきょいちどう
一挙両得	いっきょりょうとく
一族郎党	いちぞくろうとう
一旗	ひとはた
一昼夜	いっちゅうや
一時しのぎ	いちじしのぎ
一期一会	いちごいちえ
一本勝負	いっぽんしょうぶ
一本気	いっぽんぎ
一本調子	いっぽんぢょうし
一欠片	ひとかけら
一死	いっし
一気呵成	いっきかせい
一汁一菜	いちじゅういっさい
一汗	ひとあせ
一泡	ひとあわ
一献	いっこん
一獲千金	いっかくせんきん
一番槍	いちばんやり
一癖	ひとくせ
一目散	いちもくさん
一目瞭然	いちもくりょうぜん
一眠り	ひとねむり
一眼	いちがん
一瞥	いちべつ
一神教	いっしんきょう
一等国	いっとうこく
一等星	いっとうせい
一系	いっけい
一統	いっとう
一網打尽	いちもうだじん
一緒くた	いっしょくた
一縷	いちる
一纏め	ひとまとめ
一義的	いちぎてき
一聴	いっちょう
一花	ひとはな
一蓮托生	いちれんたくしょう
一角獣	いっかくじゅう
一計	いっけい
一輪挿し	いちりんざし
一輪車	いちりんしゃ
一酸化	いっさんか
一銭	いっせん
一閃	いっせん
一間	いっけん
一院制	いちいんせい
一際	ひときわ
一難	いちなん
一雨	ひとあめ
一面観	いちめんかん
一頃	ひところ
一類	いちるい
一騎当千	いっきとうせん
一騎討	いっきうち
丁々発止	ちょうちょうはっし
丁半	ちょうはん
丁字	ちょうじ
丁稚	でっち
七つの海	ななつのうみ
七五調	しちごちょう
七人の侍	しちにんのさむらい
七光	ななひかり
七光り	ななひかり
七味唐辛子	しちみとうがらし
七堂伽藍	しちどうがらん
七夜	しちや
七宝焼	しっぽうやき
七曜	しちよう
七生	しちしょう
七草粥	ななくさがゆ
七転び八起き	ななころびやおき
七転八倒	しちてんばっとう
七転八起	しちてんはっき
七道	しちどう
七難	しちなん
万々歳	ばんばんざい
万事休す	ばんじきゅうす
万年床	まんねんどこ
万年雪	まんねんゆき
万延	まんえん
万引	まんびき
万札	まんさつ
万死	ばんし
万民	ばんみん
万病	まんびょう
万福	ばんぷく
万葉仮名	まんようがな
万葉集	まんようしゅう
万難	ばんなん
万雷	ばんらい
三つ又	みつまた
三つ子	みつご
三つ巴	みつどもえ
三つ指	みつゆび
三つ葉	みつば
三の丸	さんのまる
三ヶ日	さんがにち
三下	さんした
三人称	さんにんしょう
三十六計	さんじゅうろっけい
三十路	みそじ
三千世界	さんぜんせかい
三半規管	さんはんきかん
三原色	さんげんしょく
三叉路	さんさろ
三味	さみ
三和音	さんわおん
三唱	さんしょう
三寒四温	さんかんしおん
三度笠	さんどがさ
三日坊主	みっかぼうず
三日天下	みっかてんか
三本締め	さんぼんじめ
三杯酢	さんばいず
三業	さんぎょう
三権分立	さんけんぶんりつ
三段論法	さんだんろんぽう
三段跳	さんだんとび
三献	さんこん
三猿	さんえん
三界	さんがい
三白眼	さんぱくがん
三盆	さんぼん
三絃	さんげん
三羽烏	さんばがらす
三行半	さんぎょうはん
三角州	さんかくす
三角巾	さんかくきん
三角柱	さんかくちゅう
三角波	さんかくなみ
三角縁神獣鏡	さんかくぶちしんじゅうきょう
三途の川	さんずのかわ
三遊間	さんゆうかん
三重苦	さんじゅうく
三題噺	さんだいばなし
三高	さんこう
上がり目	あがりめ
上げ底	あげぞこ
上げ相場	あげそうば
上っ面	うわっつら
上と下	うえとした
上の句	かみのく
上の空	うわのそら
上上	じょうじょう
上下水道	じょうげすいどう
上世	かみつよ
上向	じょうこう
上塗り	うわぬり
上士	じょうし
上奏	じょうそう
上客	じょうきゃく
上家	うわや
上屋	うわや
上履き	うわばき
上巳	じょうし
上巻	じょうかん
上布	じょうふ
上帝	じょうてい
上得意	じょうとくい
上意下達	じょういかたつ
上敷	うわしき
上書	じょうしょ
上書き	うわがき
上板	あげいた
上梓	じょうし
上様	うえさま
上武大学	じょうぶだいがく
上水道	じょうすいどう
上洛	じょうらく
上澄み	うわずみ
上物	じょうもの
上玉	じょうだま
上白	じょうはく
上目	うわめ
上目使い	うわめづかい
上目遣い	うわめづかい
上程	じょうてい
上策	じょうさく
上級生	じょうきゅうせい
上絵	うわえ
上肢	じょうし
上腕	じょうわん
上蓋	あげぶた
上衣	うわぎ
上表	じょうひょう
上製	じょうせい
上訴	じょうそ
上述	じょうじゅつ
上通	じょうつう
上長	じょうちょう
上靴	うわぐつ
上顎	うわあご
下がり目	さがりめ
下げ潮	さげしお
下っ端	したっぱ
下の句	しものく
下下	しもじも
下世話	げせわ
下人	げにん
下付	かふ
下僕	げぼく
下剋上	げこくじょう
下剤	げざい
下劣	げれつ
下卑	げび
下司	げす
下向	げこう
下命	かめい
下図	かず
下垂	かすい
下塗り	したぬり
下士	かし
下女	げじょ
下屋	したや
下巻	げかん
下帯	したおび
下弦	かげん
下忍	げにん
下手人	げしゅにん
下手糞	へたくそ
下押し	したおし
下拵え	したごしらえ
下支え	したざさえ
下放	かほう
下敷	したじき
下男	げなん
下目	しため
下知	げじ
下種	げす
下端	かたん
下策	げさく
下級生	かきゅうせい
下線	かせん
下腹	したはら
下腿	かたい
下船	げせん
下衆	げす
下表	かひょう
下請	したうけ
下賎	げせん
下賜	かし
下足	げそく
下辺	かへん
下達	かたつ
下郎	げろう
下面	かめん
不一致	ふいっち
不休	ふきゅう
不作法	ぶさほう
不信心	ふしんじん
不倶戴天	ふぐたいてん
不偏	ふへん
不充分	ふじゅうぶん
不具	ふぐ
不具合	ふぐあい
不凍液	ふとうえき
不労	ふろう
不労所得	ふろうしょとく
不動尊	ふどうそん
不参加	ふさんか
不可知論	ふかちろん
不可視	ふかし
不可逆	ふかぎゃく
不味	ふみ
不品行	ふひんこう
不善	ふぜん
不器量	ぶきりょう
不埒	ふらち
不壊	ふえ
不夜城	ふやじょう
不如帰	ほととぎす
不如意	ふにょい
不寝番	ねずばん
不届き	ふとどき
不干渉	ふかんしょう
不忠	ふちゅう
不快指数	ふかいしすう
不急	ふきゅう
不恰好	ぶかっこう
不意討ち	ふいうち
不感症	ふかんしょう
不憫	ふびん
不戦敗	ふせんぱい
不承不承	ふしょうぶしょう
不承認	ふしょうにん
不揃い	ふぞろい
不摂生	ふせっせい
不敬	ふけい
不整	ふせい
不文	ふぶん
不明朗	ふめいろう
不明瞭	ふめいりょう
不時	ふじ
不格好	ぶかっこう
不案内	ふあんない
不正直	ふしょうじき
不正規	ふせいき
不治の病	ふじのやまい
不測	ふそく
不溶性	ふようせい
不用	ふよう
不甲斐ない	ふがいない
不着	ふちゃく
不知	ふち
不磨	ふま
不等	ふとう
不等号	ふとうごう
不等式	ふとうしき
不精	ぶしょう
不細工	ぶさいく
不羈	ふき
不美人	ふびじん
不老不死	ふろうふし
不興	ふきょう
不誠実	ふせいじつ
不調和	ふちょうわ
不貞	ふてい
不貞寝	ふてね
不貞腐れ	ふてくされ
不賛成	ふさんせい
不躾	ぶしつけ
不逞	ふてい
不連続	ふれんぞく
不道徳	ふどうとく
不遜	ふそん
不適任	ふてきにん
不適合	ふてきごう
不釣合	ふつりあい
不随	ふずい
不養生	ふようじょう
不首尾	ふしゅび
与件	よけん
与信	よしん
与太	よた
丑の刻参り	うしのこくまいり
丑の日	うしのひ
丑三つ	うしみつ
世の常	よのつね
世上	せじょう
世事	せじ
世人	せじん
世子	せいし
世尊	せそん
世捨て人	よすてびと
世渡り	よわたり
世界じゅう	せかいじゅう
世知辛い	せちがらい
世継ぎ	よつぎ
世話好き	せわずき
世話焼き	せわやき
世辞	せじ
世迷言	よまいごと
丘上	きゅうじょう
丙午	ひのえうま
丞相	じょうしょう
両刀	りょうとう
両刃	もろは
両分	りょうぶん
両切り	りょうぎり
両天秤	りょうてんびん
両断	りょうだん
両方向	りょうほうこう
両校	りょうこう
両極端	りょうきょくたん
両派	りょうは
両生	りょうせい
両町	りょうちょう
両目	りょうめ
両社	りょうしゃ
両義	りょうぎ
両脚	りょうあし
両辺	りょうへん
両開き	りょうびらき
並び立つ	ならびたつ
並べ方	ならべかた
並べ立てる	ならべたてる
並存	へいぞん
並置	へいち
並行輸入	へいこうゆにゅう
並進	へいしん
中三	ちゅうさん
中休み	なかやすみ
中入り	なかいり
中半	ちゅうはん
中印	ちゅういん
中味	なかみ
中団	ちゅうだん
中国共産党	ちゅうごくきょうさんとう
中天	ちゅうてん
中学年	ちゅうがくねん
中層	ちゅうそう
中庸	ちゅうよう
中性子星	ちゅうせいしせい
中押し	ちゅうおし
中有	ちゅうう
中気	ちゅうき
中点	ちゅうてん
中産	ちゅうさん
中篇	ちゅうへん
中綿	なかわた
中編	ちゅうへん
中背	ちゅうぜい
中腰	ちゅうごし
中華まん	ちゅうかまん
中落ち	なかおち
中西部	ちゅうせいぶ
中通り	ちゅうどおり
中道右派	ちゅうどううは
中長期	ちゅうちょうき
中陰	ちゅういん
中音	ちゅうおん
中風	ちゅうふう
中食	なかしょく
中高層	ちゅうこうそう
中高年	ちゅうこうねん
中高生	ちゅうこうせい
串刺し	くしざし
串焼	くしやき
串焼き	くしやき
丸儲け	まるもうけ
丸呑み	まるのみ
丸坊主	まるぼうず
丸損	まるぞん
丸木舟	まるきぶね
丸潰れ	まるつぶれ
丸焼き	まるやき
丸焼け	まるやけ
丸薬	がんやく
丸襟	まるえり
丸首	まるくび
主上	しゅじょう
主体性	しゅたいせい
主剤	しゅざい
主命	しゅめい
主夫	しゅふ
主家	しゅか
主意	しゅい
主旨	しゅし
主格	しゅかく
主知	しゅち
主神	しゅしん
主脈	しゅみゃく
主観性	しゅかんせい
主部	しゅぶ
主音	しゅおん
主題歌	しゅだいか
久し振り	ひさしぶり
久久	ひさびさ
久方ぶり	ひさかたぶり
乗り入れ	のりいれ
乗り入れる	のりいれる
乗り合い	のりあい
乗り手	のりて
乗入れ	のりいれ
乗場	のりば
乗換	のりかえ
乗換え	のりかえ
乗数	じょうすう
乗法	じょうほう
乗用	じょうよう
乗算	じょうざん
乗組	のりくみ
乗艦	じょうかん
乙種	おつしゅ
九分九厘	くぶくりん
九十九折	つづらおり
九字	くじ
九官鳥	きゅうかんちょう
九谷焼	くたにやき
乱丁	らんちょう
乱切り	らんぎり
乱反射	らんはんしゃ
乱心	らんしん
乱数	らんすう
乱文	らんぶん
乱痴気騒ぎ	らんちきさわぎ
乱行	らんぎょう
乱視	らんし
乱高下	らんこうげ
乱麻	らんま
乳価	にゅうか
乳兄弟	ちきょうだい
乳剤	にゅうざい
乳化	にゅうか
乳化剤	にゅうかざい
乳歯	にゅうし
乳母車	うばぐるま
乳汁	にゅうじゅう
乳癌	にゅうがん
乳白色	にゅうはくしょく
乳糖	にゅうとう
乳肉	にゅうにく
乳腺	にゅうせん
乳鉢	にゅうばち
乳離れ	ちちばなれ
乳飲み子	ちのみご
乳香	にゅうこう
乾坤	けんこん
乾坤一擲	けんこんいってき
乾布	かんぷ
乾式	かんしき
乾性	かんせい
乾期	かんき
乾板	かんぱん
乾湿	かんしつ
乾漆	かんしつ
乾癬	かんせん
乾麺	かんめん
亀の甲	かめのこう
了見	りょうけん
予兆	よちょう
予熱	よねつ
予祝	よしゅく
予稿	よこう
争乱	そうらん
争覇	そうは
争訟	そうしょう
争論	そうろん
争闘	そうとう
事務職	じむしょく
事大	じだい
事始め	ことはじめ
事故死	じこし
事案	じあん
事欠く	ことかく
事犯	じはん
事理	じり
事細か	ことこまか
事績	じせき
事足りる	ことたりる
事跡	じせき
事蹟	じせき
二の丸	にのまる
二の宮	にのみや
二の矢	にのや
二の腕	にのうで
二の舞	にのまい
二乗	にじょう
二人称	ににんしょう
二兎	にと
二刀流	にとうりゅう
二女	にじょ
二心	ふたごころ
二束三文	にそくさんもん
二松学舎大学	にしょうがくしゃだいがく
二枚貝	にまいがい
二毛作	にもうさく
二男	じなん
二番煎じ	にばんせんじ
二等兵	にとうへい
二等辺三角形	にとうへんさんかっけい
二言目	ふたことめ
二進法	にしんほう
二部作	にぶさく
二酸化	にさんか
二重化	にじゅうか
二重唱	にじゅうしょう
二重瞼	ふたえまぶた
互恵	ごけい
互生	ごせい
五人囃子	ごにんばやし
五十歩百歩	ごじっぽひゃっぽ
五十肩	ごじゅうかた
五右衛門風呂	ごえもんぶろ
五夜	ごや
五寸釘	ごすんくぎ
五山	ごさん
五指	ごし
五目並べ	ごもくならべ
五穀豊穣	ごこくほうじょう
五節	ごせつ
五節句	ごせっく
五経	ごきょう
五臓	ごぞう
五臓六腑	ごぞうろっぷ
五葉松	ごようまつ
五蘊	ごうん
五衰	ごすい
五角形	ごかくけい
五里霧中	ごりむちゅう
五重の塔	ごじゅうのとう
五重塔	ごじゅうのとう
些事	さじ
些少	さしょう
些末	さまつ
亜寒帯	あかんたい
亜硫酸	ありゅうさん
亜麻仁	あまに
亡き人	なきひと
亡失	ぼうしつ
交叉	こうさ
交感	こうかん
交接	こうせつ
交替	こうたい
交点	こうてん
交直	こうちょく
交絡	こうらく
交雑	こうざつ
交霊	こうれい
交響楽	こうきょうがく
亥年	いどし
享有	きょうゆう
享楽	きょうらく
京女	きょうおんな
京洛	きょうらく
京畿	けいき
亭主関白	ていしゅかんぱく
人さし指	ひとさしゆび
人並	ひとなみ
人事考課	じんじこうか
人人	ひとびと
人任せ	ひとまかせ
人伝	ひとづて
人使い	ひとづかい
人倫	じんりん
人別	にんべつ
人助け	ひとだすけ
人受け	ひとうけ
人君	じんくん
人品	じんぴん
人士	じんし
人声	ひとごえ
人外	じんがい
人夫	にんぷ
人好き	ひとずき
人嫌い	ひとぎらい
人定	じんてい
人寄せ	ひとよせ
人屋	ごく
人工芝	じんこうしば
人差指	ひとさしゆび
人形遣い	にんぎょうつかい
人後	じんご
人徳	じんとく
人性	じんせい
人恋しい	ひとこいしい
人懐っこい	ひとなつっこい
人手	ひとで
人払い	ひとばらい
人指し指	ひとさしゆび
人攫い	ひとさらい
人文学部	じんぶんがくぶ
人智	じんち
人月	にんげつ
人柱	ひとばしら
人海	じんかい
人混み	ひとごみ
人界	にんがい
人相書き	にんそうがき
人真似	ひとまね
人知	じんち
人称	にんしょう
人糞	じんぷん
人絹	じんけん
人聞き	ひとぎき
人肌	ひとはだ
人足	にんそく
人身御供	ひとみごくう
人込み	ひとごみ
人造湖	じんぞうこ
人達	ひとたち
人間らしい	にんげんらしい
人間業	にんげんわざ
人非人	にんぴにん
人頭	じんとう
人馬	じんば
人馴れ	ひとなれ
人騒がせ	ひとさわがせ
人魂	ひとだま
什器	じゅうき
什麼	いんも
仁丹	じんたん
仁侠	にんきょう
仁愛	じんあい
仁王立ち	におうだち
仁術	じんじゅつ
仇名	あだな
仇敵	きゅうてき
仇討	あだうち
今一つ	いまひとつ
今世紀	こんせいき
今冬	こんとう
今日日	きょうび
今時分	いまじぶん
今次	こんじ
今生	こんじょう
今際	いまわ
介抱	かいほう
介添	かいぞえ
介錯	かいしゃく
仏事	ぶつじ
仏堂	ぶつどう
仏寺	ぶつじ
仏式	ぶっしき
仏心	ぶっしん
仏教徒	ぶっきょうと
仏滅	ぶつめつ
仏罰	ぶつばち
仏舎利	ぶっしゃり
仏説	ぶっせつ
仏道	ぶつどう
仏陀	ぶっだ
仔牛	こうし
仔犬	こいぬ
仔細	しさい
仔豚	こぶた
仔馬	こうま
仔魚	しぎょ
仕丁	しちょう
仕上	しあげ
仕上り	しあがり
仕事がら	しごとがら
仕入れ値	しいれね
仕分	しわけ
仕分ける	しわける
仕切り直し	しきりなおし
仕合せ	しあわせ
仕合わせ	しあわせ
仕向	しむけ
仕官	しかん
仕度	したく
仕掛	しかけ
仕来り	しきたり
仕種	しぐさ
仕立	したて
仕立て屋	したてや
仕組	しくみ
仕置	しおき
仕置き	しおき
仕舞	しまい
仕訳	しわけ
他事	たじ
他人行儀	たにんぎょうぎ
他力本願	たりきほんがん
他動	たどう
他動詞	たどうし
他家	たけ
他府県	たふけん
他律	たりつ
他愛	たあい
他所	よそ
他日	たじつ
他校	たこう
他流	たりゅう
他称	たしょう
他端	たたん
他紙	たし
他行	たこう
他言	たごん
他誌	たし
付きっ切り	つきっきり
付き従う	つきしたがう
付き物	つきもの
付け合せ	つけあわせ
付け合わせ	つけあわせ
付け所	つけどころ
付け方	つけかた
付け替え	つけかえ
付け替える	つけかえる
付け焼き刃	つけやきば
付け焼刃	つけやきば
付け狙う	つけねらう
付け込み	つけこみ
付け髭	つけひげ
付合い	つきあい
付和雷同	ふわらいどう
付根	つけね
付添	つきそい
付添い	つきそい
付箋	ふせん
付表	ふひょう
付設	ふせつ
付議	ふぎ
仙人掌	さぼてん
仙境	せんきょう
仙界	せんかい
仙術	せんじゅつ
仙郷	せんきょう
代わり映え	かわりばえ
代休	だいきゅう
代位	だいい
代数	だいすう
代替え	だいたい
代言	だいげん
代講	だいこう
代議員	だいぎいん
令夫人	れいふじん
令息	れいそく
以ての外	もってのほか
以北	いほく
以南	いなん
以東	いとう
以深	いしん
以西	いせい
仮借	かしゃく
仮免許	かりめんきょ
仮初	かりそめ
仮性	かせい
仮構	かこう
仮病	けびょう
仮縫い	かりぬい
仮託	かたく
仮象	かしょう
仮釈放	かりしゃくほう
仰け反る	のけぞる
仰山	ぎょうさん
仰臥	ぎょうが
仰角	ぎょうかく
仲見世	なかみせ
仲違い	なかたがい
仲間はずれ	なかまはずれ
仲間割れ	なかまわれ
仲間外れ	なかまはずれ
件名	けんめい
任国	にんごく
伊万里焼	いまりやき
伊勢参り	いせまいり
伏せ字	ふせじ
伏在	ふくざい
伏字	ふせじ
伏目	ふしめ
伏魔殿	ふくまでん
休み休み	やすみやすみ
休園	きゅうえん
休廷	きゅうてい
休火山	きゅうかざん
休載	きゅうさい
休部	きゅうぶ
会務	かいむ
会同	かいどう
会式	えしき
会意	かいい
会戦	かいせん
会派	かいは
会衆	かいしゅう
会誌	かいし
伝え聞く	つたえきく
伝動	でんどう
伝単	でんたん
伝手	つて
伝搬	でんぱん
伝書	でんしょ
伝書鳩	でんしょばと
伝習	でんしゅう
伝言板	でんごんばん
伯母	おば
伯父	おじ
伸展	しんてん
伸張	しんちょう
似非	えせ
但し書き	ただしがき
但書	ただしがき
位取り	くらいどり
位地	いち
位牌	いはい
位置づけ	いちづけ
位置決め	いちぎめ
位階	いかい
低劣	ていれつ
低層	ていそう
低湿	ていしつ
低級	ていきゅう
低能	ていのう
住み着く	すみつく
住処	すみか
住戸	じゅうこ
住持	じゅうじ
住環境	じゅうかんきょう
住金	すみきん
佐幕	さばく
体位	たいい
体側	たいそく
体当り	たいあたり
体形	たいけい
体技	たいぎ
体毛	たいもう
体腔	たいこう
体言	たいげん
体躯	たいく
体高	たいこう
何一つ	なにひとつ
何時ぞや	いつぞや
何時の間に	いつのまに
何時の間にか	いつのまにか
何某	なにがし
何様	なにさま
何等	なんら
何頭	なんとう
余り物	あまりもの
余儀	よぎ
余弦	よげん
余所者	よそもの
余所見	よそみ
余裕綽々	よゆうしゃくしゃく
作り事	つくりごと
作り付け	つくりつけ
作り方	つくりかた
作中	さくちゅう
作付	さくづけ
作例	さくれい
作出	さくしゅつ
作図	さくず
作業場	さぎょうば
作用素	さようそ
你好	にーはお
併催	へいさい
併呑	へいどん
併売	へいばい
併科	へいか
併置	へいち
併走	へいそう
併録	へいろく
併願	へいがん
使い勝手	つかいがって
使い古し	つかいふるし
使い途	つかいみち
使役	しえき
例祭	れいさい
侍大将	さぶらいだいしょう
侍者	じしゃ
供え物	そなえもの
供奉	ぐぶ
供応	きょうおう
供用	きょうよう
供花	きょうか
依怙贔屓	えこひいき
依託	いたく
侠気	おとこぎ
侵出	しんしゅつ
侵蝕	しんしょく
侵襲	しんしゅう
便宜上	べんぎじょう
便座	べんざ
便意	べんい
便益	べんえき
便衣	べんい
便覧	びんらん
便通	べんつう
係属	けいぞく
係船	けいせん
促音	そくおん
俄然	がぜん
俊才	しゅんさい
俊敏	しゅんびん
俎上	そじょう
俗世	ぞくせ
俗世間	ぞくせけん
俗人	ぞくじん
俗信	ぞくしん
俗化	ぞっか
俗名	ぞくみょう
俗字	ぞくじ
俗悪	ぞくあく
俗流	ぞくりゅう
俗物	ぞくぶつ
俗称	ぞくしょう
俘囚	ふしゅう
俘虜	ふりょ
保姆	ほぼ
保水	ほすい
保父	ほふ
保税	ほぜい
保菌	ほきん
保衛	ほえい
保証書	ほしょうしょ
保護司	ほごし
保障	ほしょう
信じ込む	しんじこむ
信女	しんにょ
信実	しんじつ
信憑	しんぴょう
信書	しんしょ
信楽焼	しがらきやき
信用度	しんようど
信管	しんかん
信組	しんくみ
信認	しんにん
修得	しゅうとく
修法	しゅほう
修理工	しゅうりこう
修築	しゅうちく
修習	しゅうしゅう
修補	しゅうほ
修論	しゅうろん
修飾	しゅうしょく
修験	しゅげん
俯瞰	ふかん
俯角	ふかく
個人技	こじんぎ
個所	かしょ
個物	こぶつ
倍数	ばいすう
倍精度	ばいせいど
倍速	ばいそく
倍音	ばいおん
倒伏	とうふく
倒幕	とうばく
倒立	とうりつ
借主	かりぬし
借入	かりいれ
借入れ	かりいれ
借方	かりかた
借景	しゃっけい
借財	しゃくざい
借金取り	しゃっきんとり
値上り	ねあがり
値動き	ねうごき
値打	ねうち
値札	ねふだ
値踏み	ねぶみ
倦怠期	けんたいき
倭国	わこく
偃月刀	えんげつとう
偉功	いこう
偏在	へんざい
偏執	へんしゅう
偏執狂	へんしつきょう
偏執病	へんしゅうびょう
偏屈	へんくつ
偏差	へんさ
偏平	へんぺい
偏平足	へんぺいそく
偏心	へんしん
偏愛	へんあい
偏頭痛	へんずつう
偕楽	かいらく
停留	ていりゅう
停車駅	ていしゃえき
健啖	けんたん
健常	けんじょう
健忘	けんぼう
健忘症	けんぼうしょう
側板	そくばん
側線	そくせん
側臥	そくが
側部	そくぶ
偽作	ぎさく
偽悪	ぎあく
偽書	ぎしょ
偽札	にせさつ
偽称	ぎしょう
偽者	にせもの
偽薬	ぎやく
偽計	ぎけい
偽証罪	ぎしょうざい
傀儡	かいらい
傍流	ぼうりゅう
傍点	ぼうてん
傍目	おかめ
傍系	ぼうけい
傍線	ぼうせん
傍証	ぼうしょう
傍迷惑	はためいわく
傑物	けつぶつ
傘寿	さんじゅ
備前焼	びぜんやき
備州	びしゅう
備忘	びぼう
備忘録	びぼうろく
備長	びんちょう
催事	さいじ
催告	さいこく
催淫	さいいん
催物	もよおしもの
催行	さいこう
傲岸	ごうがん
傷物	きずもの
傷痍軍人	しょういぐんじん
傷痕	きずあと
傾国	けいこく
傾斜地	けいしゃち
傾眠	けいみん
僅少	きんしょう
僅差	きんさ
働き掛け	はたらきかけ
働き蜂	はたらきばち
働き蟻	はたらきあり
僕達	ぼくたち
僚機	りょうき
僚艦	りょうかん
僥倖	ぎょうこう
僧俗	そうぞく
僧兵	そうへい
僧徒	そうと
僧正	そうじょう
僧職	そうしょく
僧衣	そうい
僭主	せんしゅ
僭称	せんしょう
僭越	せんえつ
僻地	へきち
儀仗	ぎじょう
億劫	おっくう
儒家	じゅか
儒者	じゅしゃ
優先株	ゆうせんかぶ
優勝旗	ゆうしょうき
優品	ゆうひん
優性	ゆうせい
優曇華	うどんげ
優男	やさおとこ
優等	ゆうとう
元の木阿弥	もとのもくあみ
元値	もとね
元元	もともと
元勲	げんくん
元売り	もとうり
元始	げんし
元宵	げんしょう
元弘	げんこう
元払い	もとばらい
元服	げんぷく
元朝	がんちょう
元栓	もとせん
元正	がんしょう
元気づけ	げんきづけ
元気づける	げんきづける
元気印	げんきじるし
元永	げんえい
元職	もとしょく
元請け	もとうけ
元高	もとだか
兄妹	けいまい
兄嫁	あによめ
兄弟分	きょうだいぶん
充分	じゅうぶん
先付け	さきづけ
先任	せんにん
先住民	せんじゅうみん
先入	せんにゅう
先入れ	さきいれ
先兵	せんぺい
先出し	さきだし
先史	せんし
先客	せんきゃく
先帝	せんてい
先師	せんし
先度	せんど
先後	せんご
先様	さきさま
先渡し	さきわたし
先王	せんおう
先祖返り	せんぞがえり
先程	さきほど
先約	せんやく
先覚	せんかく
先触れ	さきぶれ
先読み	さきよみ
先負	せんぶ
先述	せんじゅつ
先頃	さきごろ
先験的	せんけんてき
光り物	ひかりもの
光化学	こうかがく
光度	こうど
光点	こうてん
光背	こうはい
光臨	こうりん
光芒	こうぼう
光輪	こうりん
光通信	ひかりつうしん
光量	こうりょう
光陰	こういん
兌換	だかん
免許皆伝	めんきょかいでん
兎馬	うさぎうま
児戯	じぎ
党則	とうそく
党名	とうめい
党費	とうひ
入り江	いりえ
入り浸り	いりびたり
入り浸る	いりびたる
入り用	いりよう
入れ代わり	いれかわり
入れ子	いれこ
入れ忘れる	いれわすれる
入れ換え	いれかえ
入れ直す	いれなおす
入れ知恵	いれぢえ
入れ違い	いれちがい
入出力	にゅうしゅつりょく
入唐	にっとう
入営	にゅうえい
入城	にゅうじょう
入寮	にゅうりょう
入射	にゅうしゃ
入山	にゅうざん
入島	にゅうとう
入府	にゅうふ
入庫	にゅうこ
入廷	にゅうてい
入替	いれかえ
入替え	いれかえ
入梅	つゆいり
入構	にゅうこう
入母屋	いりもや
入渠	にゅうきょ
入湯	にゅうとう
入滅	にゅうめつ
入獄	にゅうごく
入用	いりよう
入管	にゅうかん
入線	にゅうせん
入退院	にゅうたいいん
入道雲	にゅうどうぐも
入館	にゅうかん
全一	ぜんいつ
全人代	ぜんじんだい
全休	ぜんきゅう
全便	ぜんびん
全共闘	ぜんきょうとう
全品	ぜんぴん
全天候	ぜんてんこう
全寮	ぜんりょう
全局	ぜんきょく
全席	ぜんせき
全数	ぜんすう
全日本空輸	ぜんにっぽんくうゆ
全景	ぜんけい
全智	ぜんち
全書	ぜんしょ
全段	ぜんだん
全的	ぜんてき
全盛期	ぜんせいき
全知	ぜんち
全知全能	ぜんちぜんのう
全科	ぜんか
全粒粉	ぜんりゅうふん
全紙	ぜんし
全羅北道	ちょるらぷくと
全羅南道	ちょるらなむど
全能	ぜんのう
全角	ぜんかく
全車	ぜんしゃ
全通	ぜんつう
全霊	ぜんれい
全面広告	ぜんめんこうこく
全音	ぜんおん
八つ裂き	やつざき
八十八夜	はちじゅうはちや
八文字	はちもんじ
八方塞がり	はっぽうふさがり
八方美人	はっぽうびじん
八白	はっぱく
八紘	はっこう
八重咲き	やえざき
八重歯	やえば
八面六臂	はちめんろっぴ
八頭	やつがしら
八頭身	はっとうしん
八高線	はちこうせん
公主	こうしゅ
公事	こうじ
公休	こうきゅう
公使館	こうしかん
公儀	こうぎ
公刊	こうかん
公印	こういん
公卿	くぎょう
公吏	こうり
公国	こうこく
公売	こうばい
公娼	こうしょう
公孫樹	いちょう
公差	こうさ
公案	こうあん
公権力	こうけんりょく
公武	こうぶ
公法	こうほう
公理	こうり
公理系	こうりけい
公知	こうち
公立大	こうりつだい
公聴	こうちょう
公証	こうしょう
公課	こうか
公転	こうてん
公達	きんだち
公選法	こうせんほう
六分儀	ろくぶんぎ
六十路	むそじ
六朝	りくちょう
六歌仙	ろっかせん
六法	ろっぽう
六法全書	ろっぽうぜんしょ
六波羅蜜	ろくはらみつ
六角形	ろっかっけい
共助	きょうじょ
共同通信	きょうどうつうしん
共布	ともぎれ
共役	きょうやく
共振	きょうしん
共編	きょうへん
共起	きょうき
兵児帯	へこおび
兵制	へいせい
兵卒	へいそつ
兵曹	へいそう
兵火	へいか
兵科	へいか
兵種	へいしゅ
兵站	へいたん
兵衛	ひょうえ
兵長	へいちょう
兵馬	へいば
其他	そのほか
其後	そのあと
具備	ぐび
具合い	ぐあい
具有	ぐゆう
典侍	てんじ
典拠	てんきょ
典範	てんぱん
典籍	てんせき
典雅	てんが
兼備	けんび
内々定	ないないてい
内の人	うちのひと
内侍	ないし
内分	ないぶん
内務省	ないむしょう
内因	ないいん
内奥	ないおう
内室	ないしつ
内層	ないそう
内廷	ないてい
内弁慶	うちべんけい
内張り	うちばり
内応	ないおう
内憂	ないゆう
内接	ないせつ
内服	ないふく
内服薬	ないふくやく
内殿	ないでん
内湯	うちゆ
内湾	ないわん
内火艇	ないかてい
内燃	ないねん
内用	ないよう
内皮	ないひ
内相	ないしょう
内祝	うちいわい
内祝い	うちいわい
内積	ないせき
内約	ないやく
内紛	ないふん
内股	うちまた
内腿	うちもも
内裏様	だいりさま
内覧	ないらん
内親王	ないしんのう
内観	ないかん
内診	ないしん
内証	ないしょ
内輪もめ	うちわもめ
内輪揉め	うちわもめ
内通	ないつう
内金	うちきん
内陣	ないじん
内風呂	うちぶろ
円型	えんけい
円本	えんぽん
円熟味	えんじゅくみ
円舞曲	えんぶきょく
円運動	えんうんどう
再三再四	さいさんさいし
再再	さいさい
再刊	さいかん
再始動	さいしどう
再帰	さいき
再戦	さいせん
再掲	さいけい
再検	さいけん
再築	さいちく
再臨	さいりん
再製	さいせい
再話	さいわ
再認	さいにん
再送	さいそう
冒涜	ぼうとく
冒瀆	ぼうとく
冗長	じょうちょう
写し取る	うつしとる
写し絵	うつしえ
写像	しゃぞう
冠者	かんじゃ
冠詞	かんし
冥土	めいど
冥府	めいふ
冥王星	めいおうせい
冥界	めいかい
冬型	ふゆがた
冬将軍	ふゆしょうぐん
冬木	ふゆき
冬枯れ	ふゆがれ
冬瓜	とうがん
冬空	ふゆぞら
冴え渡る	さえわたる
冷え冷え	ひえびえ
冷え症	ひえしょう
冷やし中華	ひやしちゅうか
冷や冷や	ひやひや
冷や奴	ひややっこ
冷や水	ひやみず
冷奴	ひややっこ
冷暗所	れいあんしょ
冷汗	ひやあせ
冷涼	れいりょう
冷温	れいおん
冷熱	れいねつ
冷茶	れいちゃ
冷血漢	れいけつかん
冷酒	ひやざけ
冷風	れいふう
冷麦	ひやむぎ
凄味	すごみ
凄惨	せいさん
凄絶	せいぜつ
凄腕	すごうで
准尉	じゅんい
凋落	ちょうらく
凌辱	りょうじょく
凛凛	りんりん
凝灰岩	ぎょうかいがん
凝結	ぎょうけつ
凝血	ぎょうけつ
几帳	きちょう
凡事	ぼんじ
凡作	ぼんさく
凡例	はんれい
凡俗	ぼんぞく
凡才	ぼんさい
凡百	ぼんぴゃく
処断	しょだん
処方せん	しょほうせん
処暑	しょしょ
凶事	きょうじ
凶兆	きょうちょう
凶刃	きょうじん
凶行	きょうこう
凸面	とつめん
凹版	おうはん
凹面	おうめん
出し手	だして
出し抜く	だしぬく
出し抜け	だしぬけ
出たとこ勝負	でたとこしょうぶ
出っ張り	でっぱり
出っ歯	でっぱ
出で立ち	いでたち
出不精	でぶしょう
出世頭	しゅっせがしら
出世魚	しゅっせうお
出仕	しゅっし
出任せ	でまかせ
出入口	でいりぐち
出入国	しゅつにゅうこく
出処	しゅっしょ
出刃包丁	でばぼうちょう
出合い	であい
出奔	しゅっぽん
出射	しゅっしゃ
出帆	しゅっぱん
出府	しゅっぷ
出庫	しゅっこ
出張る	でばる
出戻り	でもどり
出札	しゅっさつ
出来ごと	できごと
出来心	できごころ
出来損ない	できそこない
出来映え	できばえ
出来物	できもの
出棺	しゅっかん
出歯亀	でばがめ
出汁	だし
出涸らし	でがらし
出湯	いでゆ
出物	だしもの
出癖	でぐせ
出目金	でめきん
出稽古	でげいこ
出稿	しゅっこう
出穂	しゅっすい
出立	しゅったつ
出羽守	でわのかみ
出芽	しゅつが
出資法	しゅっしほう
出退勤	しゅったいきん
出逢い	であい
出陳	しゅっちん
函数	かんすう
刀匠	とうしょう
刀工	とうこう
刀自	とじ
刀身	とうしん
刀鍛冶	かたなかじ
分け与える	わけあたえる
分け目	わけめ
分光	ぶんこう
分力	ぶんりょく
分厚	ぶあつ
分団	ぶんだん
分地	ぶんち
分外	ぶんがい
分子生物学	ぶんしせいぶつがく
分宿	ぶんしゅく
分度器	ぶんどき
分掌	ぶんしょう
分教場	ぶんきょうじょう
分断	ぶんだん
分明	ふんみょう
分有	ぶんゆう
分極	ぶんきょく
分煙	ぶんえん
分目	わけめ
分相応	ぶんそうおう
分社	ぶんしゃ
分筆	ぶんぴつ
分節	ぶんせつ
分署	ぶんしょ
分解能	ぶんかいのう
分詞	ぶんし
分遣	ぶんけん
分針	ふんしん
分限	ぶげん
分隊	ぶんたい
分際	ぶんざい
分霊	ぶんれい
分館	ぶんかん
分骨	ぶんこつ
切っ先	きっさき
切り分ける	きりわける
切り刻む	きりきざむ
切り抜く	きりぬく
切り抜ける	きりぬける
切り換え	きりかえ
切り目	きりめ
切り落し	きりおとし
切り裂く	きりさく
切り通し	きりどおし
切り開く	きりひらく
切り餅	きりもち
切れ切れ	きれぎれ
切れ者	きれもの
切れ長	きれなが
切れ間	きれま
切先	きっさき
切削	せっさく
切口	きりくち
切妻	きりづま
切干	きりぼし
切抜き	きりぬき
切捨て	きりすて
切換え	きりかえ
切替え	きりかえ
切札	きりふだ
切株	きりかぶ
切欠	きっかけ
切片	せっぺん
切紙	きりかみ
切花	きりばな
切身	きりみ
切込み	きりこみ
切通し	きりどおし
刈り上げ	かりあげ
刈り上げる	かりあげる
刈田	かりた
刊本	かんぽん
刑務	けいむ
刑場	けいじょう
刑死	けいし
刑訴	けいそ
刑訴法	けいそほう
列聖	れっせい
列藩	れっぱん
初っ端	しょっぱな
初乗り	はつのり
初任	しょにん
初値	はつね
初動	しょどう
初午	はつうま
初号	しょごう
初夜	しょや
初学	しょがく
初年度	しょねんど
初度	しょど
初志	しょし
初手	しょて
初日の出	はつひので
初犯	しょはん
初生	しょせい
初発	しょはつ
初盆	はつぼん
初稿	しょこう
初節句	はつぜっく
初経	しょけい
初診料	しょしんりょう
初速	しょそく
初鰹	はつがつお
判官びいき	ほうがんびいき
判官贔屓	ほうがんびいき
判示	はんじ
判読	はんどく
別れ別れ	わかれわかれ
別れ道	わかれみち
別れ際	わかれぎわ
別件	べっけん
別口	べつくち
別命	べつめい
別売	べつうり
別売り	べつうり
別姓	べっせい
別嬪	べっぴん
別宅	べったく
別条	べつじょう
別枠	べつわく
別注	べっちゅう
別称	べっしょう
別記	べっき
利き手	ききて
利き腕	ききうで
利他	りた
利付	りつき
利幅	りはば
利敵	りてき
利権屋	りけんや
利欲	りよく
利発	りはつ
利鞘	りざや
刮目	かつもく
制帽	せいぼう
制式	せいしき
制憲	せいけん
制海権	せいかいけん
刷毛	はけ
券面	けんめん
刺し子	さしこ
刺し身	さしみ
刺し違える	さしちがえる
刺傷	さしきず
刺史	しし
刺客	しかく
刺戟	しげき
刺青	しせい
刻み目	きざみめ
刻み込む	きざみこむ
刻刻	ぎざぎざ
刻字	こくじ
刻苦	こっく
刻限	こくげん
剃髪	ていはつ
前々回	ぜんぜんかい
前人	ぜんじん
前件	ぜんけん
前作	ぜんさく
前借	ぜんしゃく
前厄	まえやく
前口上	まえこうじょう
前哨	ぜんしょう
前垂れ	まえだれ
前売	まえうり
前夫	ぜんぷ
前奏	ぜんそう
前妻	ぜんさい
前屈み	まえかがみ
前後ろ	まえうしろ
前払	まえばらい
前掛け	まえかけ
前掲	ぜんけい
前景	ぜんけい
前書	ぜんしょ
前月	ぜんげつ
前条	ぜんじょう
前渡し	まえわたし
前祝い	まえいわい
前立て	まえだて
前章	ぜんしょう
前端	ぜんたん
前置詞	ぜんちし
前翅	ぜんし
前肢	まえあし
前説	ぜんせつ
前車	ぜんしゃ
前金	まえきん
前震	ぜんしん
前額	ぜんがく
剖検	ぼうけん
剛の者	ごうのもの
剛体	ごうたい
剛性	ごうせい
剛毛	ごうもう
剛直	ごうちょく
剛腕	ごうわん
剣ヶ峰	けんがみね
剣呑	けんのん
剣幕	けんまく
剣戟	けんげき
剣法	けんぽう
剣玉	けんだま
剣舞	けんぶ
剣術	けんじゅつ
剥き出し	むきだし
剥き身	すきみ
剥奪	はくだつ
剥片	はくへん
剥落	はくらく
剥製	はくせい
剥離	はくり
剪定	せんてい
剪断	せんだん
副審	ふくしん
副本	ふくほん
副腎	ふくじん
副葬	ふくそう
副長	ふくちょう
剰余	じょうよ
割り付け	わりつけ
割り切れる	わりきれる
割り方	わりかた
割れ物	われもの
割印	わりいん
割増	わりまし
割引き	わりびき
割当	わりあて
割当て	わりあて
割拠	かっきょ
割礼	かつれい
割箸	わりばし
割腹	かっぷく
割込み	わりこみ
創傷	そうしょう
創案	そうあん
創痍	そうい
創発	そうはつ
創製	そうせい
創部	そうぶ
剽窃	ひょうせつ
劇変	げきへん
力一杯	ちからいっぱい
力不足	ちからぶそく
力任せ	ちからまかせ
力動	りきどう
力尽きる	ちからつきる
力感	りきかん
力抜け	ちからぬけ
力業	ちからわざ
力行	りっこう
功利	こうり
功労賞	こうろうしょう
功徳	くどく
功業	こうぎょう
加害	かがい
加水	かすい
加法	かほう
加湿	かしつ
加糖	かとう
加給	かきゅう
加速器	かそくき
加配	かはい
加里	かり
劣位	れつい
劣後	れつご
劣性	れっせい
劣情	れつじょう
劣等	れっとう
助け出す	たすけだす
助け船	たすけぶね
助動詞	じょどうし
助命	じょめい
助太刀	すけだち
助平	すけべ
助数詞	じょすうし
助監督	じょかんとく
助祭	じょさい
励磁	れいじ
励行	れいこう
労務者	ろうむしゃ
労基法	ろうきほう
労役	ろうえき
労政	ろうせい
労金	ろうきん
勃興	ぼっこう
勅命	ちょくめい
勅撰	ちょくせん
勅書	ちょくしょ
勅許	ちょっきょ
勅語	ちょくご
勅願	ちょくがん
勇名	ゆうめい
勇姿	ゆうし
勇戦	ゆうせん
勇武	ゆうぶ
勇気づけ	ゆうきづけ
勇気づける	ゆうきづける
動体	どうたい
動因	どういん
動悸	どうき
動機付け	どうきづけ
動産	どうさん
動脈血	どうみゃくけつ
動輪	どうりん
勘当	かんどう
勘所	かんどころ
勘繰り	かんぐり
勝ち得	かちどく
勝ち戦	かちいくさ
勝ち抜き	かちぬき
勝ち抜く	かちぬく
勝ち誇る	かちほこる
勝地	しょうち
勝手連	かってれん
勝機	しょうき
勝気	かちき
勝負事	しょうぶごと
勝運	しょううん
勝馬	かちうま
勢威	せいい
勢揃い	せいぞろい
勢至菩薩	せいしぼさつ
勤労感謝の日	きんろうかんしゃのひ
勤怠	きんたい
勤王	きんのう
勤皇	きんのう
勤行	ごんぎょう
勧請	かんじょう
勲一等	くんいっとう
勲功	くんこう
勾留	こうりゅう
勿体	もったい
勿忘草	わすれなぐさ
包み隠す	つつみかくす
包子	ぱおず
包容	ほうよう
包皮	ほうひ
包茎	ほうけい
包蔵	ほうぞう
匈奴	きょうど
匍匐	ほふく
化けの皮	ばけのかわ
化工	かこう
化物	ばけもの
化粧下	けしょうした
化粧直し	けしょうなおし
化膿	かのう
北の方	きたのかた
北回り	きたまわり
北大西洋	きたたいせいよう
北岸	ほくがん
北斗七星	ほくとしちせい
北朝	ほくちょう
北枕	きたまくら
北極熊	ほっきょくぐま
北辺	ほくへん
北里大学	きたさとだいがく
北面	ほくめん
北館	きたかん
匙加減	さじかげん
匪賊	ひぞく
区割り	くわり
区区	くく
区営	くえい
医家	いか
医書	いしょ
医業	いぎょう
医用	いよう
医術	いじゅつ
医道	いどう
十中八九	じっちゅうはっく
十二宮	じゅうにきゅう
十二支	じゅうにし
十五夜	じゅうごや
十字砲火	じゅうじほうか
十干	じっかん
十把一絡げ	じっぱひとからげ
十方	じっぽう
十進法	じっしんほう
千両	せんりょう
千両箱	せんりょうばこ
千人針	せんにんばり
千代紙	ちよがみ
千変万化	せんぺんばんか
千客万来	せんきゃくばんらい
千年紀	せんねんき
千日手	せんにちて
千枚通し	せんまいどおし
千歳飴	ちとせあめ
千社札	せんじゃふだ
千羽鶴	せんばづる
千里眼	せんりがん
千金	せんきん
千鳥足	ちどりあし
升目	ますめ
午前様	ごぜんさま
午睡	ごすい
午餐	ごさん
半人前	はんにんまえ
半休	はんきゅう
半切	はんせつ
半可通	はんかつう
半夜	はんや
半幅	はんはば
半平	はんぺん
半時	はんとき
半死半生	はんしはんしょう
半殺し	はんごろし
半玉	はんぎょく
半畳	はんじょう
半目	はんめ
半眼	はんがん
半纏	はんてん
半裁	はんさい
半裸	はんら
半襟	はんえり
半角	はんかく
半量	はんりょう
半金	はんきん
半鐘	はんしょう
半開	はんかい
半開き	はんびらき
半間	はんま
半音	はんおん
卑俗	ひぞく
卑小	ひしょう
卑属	ひぞく
卑猥	ひわい
卑語	ひご
卑賤	ひせん
卑近	ひきん
卒中	そっちゅう
卒倒	そっとう
卒塔婆	そとば
卒寿	そつじゅ
卒論	そつろん
協同	きょうどう
協業	きょうぎょう
南京玉	なんきんだま
南京虫	なんきんむし
南京錠	なんきんじょう
南回り	みなみまわり
南岸	なんがん
南庭	なんてい
南朝鮮	みなみちょうせん
南無妙法蓮華経	なむみょうほうれんげきょう
南無阿弥陀仏	なむあみだぶつ
南画	なんが
南端	なんたん
南西諸島	なんせいしょとう
南進	なんしん
南限	なんげん
単一化	たんいつか
単元	たんげん
単品	たんぴん
単座	たんざ
単式	たんしき
単打	たんだ
単機	たんき
単眼	たんがん
単科大学	たんかだいがく
単細胞	たんさいぼう
単行	たんこう
単車	たんしゃ
単音	たんおん
単項	たんこう
単願	たんがん
単騎	たんき
博多織	はかたおり
博奕	ばくち
博打	ばくち
博打打ち	ばくちうち
博物学	はくぶつがく
博覧	はくらん
博覧強記	はくらんきょうき
博雅	はくが
卯の花	うのはな
印判	いんばん
印刷所	いんさつじょ
印刷物	いんさつぶつ
印加	いんか
印影	いんえい
印材	いんざい
印欧語	いんおうご
印画	いんが
印籠	いんろう
印象深い	いんしょうぶかい
印面	いんめん
危地	きち
危機一髪	ききいっぱつ
危難	きなん
即納	そくのう
即行	そっこう
即身成仏	そくしんじょうぶつ
即金	そっきん
卵嚢	らんのう
卵殻	らんかく
卵生	らんせい
卵酒	たまござけ
卸売り	おろしうり
卸業者	おろしぎょうしゃ
厄払い	やくばらい
厄日	やくび
厄落とし	やくおとし
厄除	やくよけ
厄除け	やくよけ
厖大	ぼうだい
厚底	あつぞこ
厚情	こうじょう
厚顔	こうがん
厚顔無恥	こうがんむち
原名	げんめい
原器	げんき
原図	げんず
原始時代	げんしじだい
原意	げんい
原板	げんぱん
原毛	げんもう
原状	げんじょう
原盤	げんばん
原票	げんぴょう
原綿	げんめん
原罪	げんざい
原虫	げんちゅう
原論	げんろん
原郷	げんきょう
原音	げんおん
厩舎	きゅうしゃ
厭世	えんせい
厭戦	えんせん
厳命	げんめい
去痰	きょたん
参上	さんじょう
参内	さんだい
参勤交代	さんきんこうたい
参政	さんせい
参禅	さんぜん
参議	さんぎ
又又	またまた
又聞き	またぎき
又貸し	またがし
友の会	とものかい
友好国	ゆうこうこく
友引	ともびき
友愛会	ゆうあいかい
友軍	ゆうぐん
双務	そうむ
双対	そうつい
双方向	そうほうこう
双曲線	そうきょくせん
双書	そうしょ
双極	そうきょく
双璧	そうへき
双眸	そうぼう
双眼	そうがん
双翼	そうよく
双肩	そうけん
双頭の鷲	そうとうのわし
反り返り	そりかえり
反り返る	そりかえる
反例	はんれい
反古	ほご
反吐	へど
反問	はんもん
反意語	はんいご
反故	ほご
反核	はんかく
反歩	たんぶ
反芻	はんすう
反覆	はんぷく
反訴	はんそ
反語	はんご
反軍	はんぐん
反駁	はんばく
収差	しゅうさ
収納箱	しゅうのうばこ
収載	しゅうさい
叔母さん	おばさん
叔父さん	おじさん
取って置き	とっておき
取っ付き	とっつき
取り乱す	とりみだす
取り付く	とりつく
取り付け	とりつけ
取り付ける	とりつける
取り入る	とりいる
取り分ける	とりわける
取り去る	とりさる
取り回し	とりまわし
取り引き	とりひき
取り得	とりえ
取り急ぎ	とりいそぎ
取り押さえる	とりおさえる
取り敢えず	とりあえず
取り止め	とりやめ
取り沙汰	とりざた
取り繕う	とりつくろう
取り纏め	とりまとめ
取り置き	とりおき
取り計らう	とりはからう
取り逃がす	とりにがす
取り除ける	とりのける
取上げ	とりあげ
取下げ	とりさげ
取付け	とりつけ
取入れ	とりいれ
取壊し	とりこわし
取外し	とりはずし
取巻き	とりまき
取扱	とりあつかい
取扱い	とりあつかい
取捨選択	しゅしゃせんたく
取柄	とりえ
取決め	とりきめ
取沙汰	とりざた
取消	とりけし
取消し	とりけし
取立て	とりたて
取組み	とりくみ
取締	とりしまり
取締り	とりしまり
取舵	とりかじ
取調	とりしらべ
取調べ	とりしらべ
取込み	とりこみ
受け口	うけぐち
受け売り	うけうり
受け手	うけて
受け身	うけみ
受付け	うけつけ
受任	じゅにん
受傷	じゅしょう
受光	じゅこう
受入	うけいれ
受入れ	うけいれ
受動態	じゅどうたい
受勲	じゅくん
受取	うけとり
受取り	うけとり
受忍	じゅにん
受持	うけもち
受水槽	じゅすいそう
受洗	じゅせん
受渡	うけわたし
受渡し	うけわたし
受発注	じゅはっちゅう
受皿	うけざら
受肉	じゅにく
受話	じゅわ
受贈	じゅぞう
受電	じゅでん
受験生	じゅけんせい
叙任	じょにん
叙情詩	じょじょうし
叙景	じょけい
叛乱	はんらん
叛旗	はんき
叛逆	はんぎゃく
叢林	そうりん
叢生	そうせい
叢雲	むらくも
口下手	くちべた
口付け	くちづけ
口伝え	くちづたえ
口入れ	くちいれ
口八丁	くちはっちょう
口取り	くちとり
口口	くちぐち
口吻	こうふん
口唇	こうしん
口外	こうがい
口寄せ	くちよせ
口惜しい	くちおしい
口承	こうしょう
口振り	くちぶり
口汚い	くちぎたない
口減らし	くちべらし
口溶け	くちどけ
口演	こうえん
口琴	こうきん
口直し	くちなおし
口真似	くちまね
口碑	こうひ
口移し	くちうつし
口絵	くちえ
口蓋	こうがい
口語体	こうごたい
口語文	こうごぶん
口説	くぜつ
口説き落とす	くどきおとす
口車	くちぐるま
口達者	くちだっしゃ
口開け	くちあけ
口髭	くちひげ
古事	こじ
古事記	こじき
古人	こじん
古伊万里	こいまり
古伝	こでん
古刀	ことう
古刹	こさつ
古史	こし
古名	こめい
古布	こふ
古株	ふるかぶ
古楽	こがく
古流	こりゅう
古漬け	ふるづけ
古物商	こぶつしょう
古狸	ふるだぬき
古生代	こせいだい
古稀	こき
古筆	こひつ
古色	こしょく
古記	こき
古道具	ふるどうぐ
句点	くてん
句碑	くひ
叩き上げ	たたきあげ
叩き台	たたきだい
叩き込み	はたきこみ
叩き込む	たたきこむ
叩頭	こうとう
只事	ただごと
只者	ただもの
叫喚	きょうかん
召使	めしつかい
召使い	めしつかい
召命	しょうめい
召還	しょうかん
召集令状	しょうしゅうれいじょう
可哀そう	かわいそう
可哀相	かわいそう
可塑	かそ
可変長	かへんちょう
可溶性	かようせい
可用性	かようせい
可算	かさん
可聴	かちょう
可読	かどく
可読性	かどくせい
台下	だいか
台北	たいぺい
台数	だいすう
台木	だいぎ
台詞回し	せりふまわし
叱責	しっせき
史劇	しげき
史的	してき
史談	しだん
右前	みぎまえ
右向き	みぎむき
右大臣	うだいじん
右寄せ	みぎよせ
右寄り	みぎより
右目	みぎめ
右肩	みぎかた
右脳	うのう
右記	うき
号館	ごうかん
司令塔	しれいとう
司式	ししき
司法官	しほうかん
司法省	しほうしょう
吃水	きっすい
吃音	きつおん
各人	かくじん
各個	かっこ
各員	かくいん
各回	かくかい
各室	かくしつ
各層	かくそう
各州	かくしゅう
各市	かくし
各店	かくてん
各戸	かっこ
各所	かくしょ
各日	かくじつ
各月	かくげつ
各校	かくこう
各派	かくは
各界	かっかい
各省	かくしょう
各社	かくしゃ
各科	かくか
各紙	かくし
各行	かくぎょう
各論	かくろん
各週	かくしゅう
各部	かくぶ
各階	かくかい
各項	かくこう
各駅	かくえき
合い方	あいかた
合い言葉	あいことば
合い鍵	あいかぎ
合一	ごういつ
合冊	がっさつ
合口	あいくち
合同庁舎	ごうどうちょうしゃ
合服	あいふく
合本	がっぽん
合歓	ごうかん
合着	あいぎ
合評	がっぴょう
合資	ごうし
合邦	がっぽう
合鍵	あいかぎ
合鴨	あいがも
吉凶	きっきょう
吉方	えほう
吉日	きちじつ
吊し上げ	つるしあげ
吊り上げ	つりあげ
吊り上げる	つりあげる
吊り橋	つりばし
吊り革	つりかわ
吊橋	つりばし
吊革	つりかわ
同中	おなちゅう
同体	どうたい
同値	どうち
同区	どうく
同型	どうけい
同学	どうがく
同家	どうけ
同宿	どうしゅく
同小	どうしょう
同属	どうぞく
同左	どうひだり
同年代	どうねんだい
同庁	どうちょう
同形	どうけい
同役	どうやく
同房	どうぼう
同所	どうしょ
同書	どうしょ
同期生	どうきせい
同村	どうそん
同案	どうあん
同権	どうけん
同機	どうき
同母	どうぼ
同派	どうは
同相	どうそう
同着	どうちゃく
同窓生	どうそうせい
同紙	どうし
同素体	どうそたい
同線	どうせん
同署	どうしょ
同職	どうしょく
同衾	どうきん
同視	どうし
同誌	どうし
同車	どうしゃ
同軸	どうじく
同輩	どうはい
同額	どうがく
名主	なぬし
名僧	めいそう
名刀	めいとう
名利	めいり
名刹	めいさつ
名前負け	なまえまけ
名匠	めいしょう
名器	めいき
名園	めいえん
名宛	なあて
名宝	めいほう
名寄せ	なよせ
名工	めいこう
名店街	めいてんがい
名所旧跡	めいしょきゅうせき
名残り	なごり
名水	めいすい
名演	めいえん
名演技	めいえんぎ
名無し	ななし
名犬	めいけん
名状	めいじょう
名答	めいとう
名菓	めいか
名車	めいしゃ
名香	めいこう
吏員	りいん
吐出	としゅつ
吐剤	とざい
吐気	はきけ
吐水	とすい
吐瀉	としゃ
吐物	とぶつ
吐血	とけつ
向う側	むこうがわ
向う見ず	むこうみず
向かい風	むかいかぜ
向こう岸	むこうぎし
向上心	こうじょうしん
向性	こうせい
向日	こうじつ
君付け	くんづけ
君側	くんそく
君臣	くんしん
君達	きみたち
吝嗇	りんしょく
吟行	ぎんこう
吟詠	ぎんえい
吟醸	ぎんじょう
否応なしに	いやおうなしに
含み損	ふくみそん
含み益	ふくみえき
含み笑い	ふくみわらい
含意	がんい
含水	がんすい
含浸	がんしん
含量	がんりょう
吶喊	とっかん
吸い出す	すいだす
吸い寄せる	すいよせる
吸殻	すいがら
吸水	きゅうすい
吸汗	きゅうかん
吸湿	きゅうしつ
吸熱	きゅうねつ
吸物	すいもの
吸盤	きゅうばん
吸蔵	きゅうぞう
吸虫	きゅうちゅう
吸血	きゅうけつ
吸音	きゅうおん
吹き上げ	ふきあげ
吹き上げる	ふきあげる
吹き出る	ふきでる
吹き回し	ふきまわし
吹き抜け	ふきぬけ
吹き抜ける	ふきぬける
吹き流し	ふきながし
吹き矢	ふきや
吹っ切る	ふっきる
吹奏	すいそう
吹抜け	ふきぬけ
吹替	ふきかえ
吹替え	ふきかえ
吹流し	ふきながし
吹聴	ふいちょう
吹部	すいぶ
吹雪く	ふぶく
吹鳴	すいめい
吻合	ふんごう
吾輩	わがはい
呂律	ろれつ
呆れ返る	あきれかえる
呆気ない	あっけない
呆然	ぼうぜん
呈示	ていじ
呉音	ごおん
呉須	ごす
告げ口	つげぐち
告文	こうもん
告解	こっかい
呑み屋	のみや
呑み込み	のみこみ
呑兵衛	のんべえ
周回	しゅうかい
周旋	しゅうせん
周波	しゅうは
周縁	しゅうえん
周航	しゅうこう
呪力	じゅりょく
呪法	じゅほう
呪物	じゅぶつ
呪符	じゅふ
呪詛	じゅそ
味わい深い	あじわいぶかい
味噌和え	みそあえ
味醂	みりん
呵責	かしゃく
呻吟	しんぎん
呼び掛け	よびかけ
呼び覚ます	よびさます
呼び鈴	よびりん
呼出	よびだし
呼出し	よびだし
呼名	よびな
呼気	こき
命乞い	いのちごい
命懸け	いのちがけ
命数	めいすう
命知らず	いのちしらず
咄嗟	とっさ
咆吼	ほうこう
咆哮	ほうこう
和上	おしょう
和姦	わかん
和布	わかめ
和書	わしょ
和本	わほん
和楽	わがく
和様	わよう
和気あいあい	わきあいあい
和漢	わかん
和物	あえもの
和睦	わぼく
和算	わさん
和船	わせん
和讃	わさん
和金	わきん
咎人	とがにん
咖喱	かれー
咬傷	こうしょう
咬合	こうごう
咬筋	こうきん
咳き込む	せきこむ
咳嗽	がいそう
咳払い	せきばらい
咽喉	いんこう
咽頭	いんとう
哀史	あいし
哀惜	あいせき
哀願	あいがん
品書き	しながき
品番	ひんばん
品等	ひんとう
品行	ひんこう
哄笑	こうしょう
哭声	こくせい
唐土	もろこし
唐津焼	からつやき
唐獅子	からじし
唐破風	からはふ
唐紅	からくれない
唐織	からおり
唐詩	とうし
唐風	とうふう
唖然	あぜん
唯我独尊	ゆいがどくそん
唯物	ゆいぶつ
唯識	ゆいしき
唱導	しょうどう
唱法	しょうほう
唱題	しょうだい
唾棄	だき
唾液	だえき
商務省	しょうむしょう
商圏	しょうけん
商売敵	しょうばいがたき
商学部	しょうがくぶ
商才	しょうさい
商機	しょうき
商行為	しょうこうい
商館	しょうかん
問い合せ	といあわせ
問い掛け	といかけ
問わず語り	とわずがたり
問合せ	といあわせ
問診	もんしん
啖呵	たんか
喀痰	かくたん
喀血	かっけつ
喃語	なんご
善し悪し	よしあし
善後	ぜんご
善政	ぜんせい
善根	ぜんこん
善男善女	ぜんなんぜんにょ
喇叭	らっぱ
喇嘛	らま
喉仏	のどぼとけ
喉元	のどもと
喉笛	のどぶえ
喉頭	こうとう
喉頭蓋	こうとうがい
喘鳴	ぜんめい
喜捨	きしゃ
喜色	きしょく
喧伝	けんでん
喧嘩腰	けんかごし
喧噪	けんそう
喪中	もちゅう
喪神	そうしん
喫水	きっすい
喫食	きっしょく
喬木	きょうぼく
営倉	えいそう
嗅覚	きゅうかく
嗚咽	おえつ
嗜癖	しへき
嗜虐	しぎゃく
嘔気	おうき
嘘八百	うそはっぴゃく
嘲弄	ちょうろう
嘲笑	ちょうしょう
嘲笑い	せせらわらい
噛み合う	かみあう
噛み砕く	かみくだく
噛み締める	かみしめる
器械	きかい
器機	きき
器用貧乏	きようびんぼう
器質	きしつ
噴き上げ	ふきあげ
噴気	ふんき
噴泉	ふんせん
噴流	ふんりゅう
噴火口	ふんかこう
噴石	ふんせき
噴霧	ふんむ
噴飯	ふんぱん
噺家	はなしか
嚆矢	こうし
嚢胞	のうほう
嚢腫	のうしゅ
嚥下	えんげ
四つん這い	よつんばい
四則	しそく
四十路	よそじ
四半世紀	しはんせいき
四君子	しくんし
四声	しせい
四大	よんだい
四季咲き	しきざき
四拍子	よんびょうし
四散	しさん
四方八方	しほうはっぽう
四方山話	よもやまばなし
四書	ししょ
四民	しみん
四男	よんなん
四聖	しせい
四股	しこ
四角四面	しかくしめん
四角形	しかくけい
四足	よつあし
四阿	あずまや
四面楚歌	しめんそか
回し者	まわしもの
回り込み	まわりこみ
回り込む	まわりこむ
回国	かいこく
回天	かいてん
回心	かいしん
回折	かいせつ
回文	かいぶん
回旋	かいせん
回春	かいしゅん
回航	かいこう
回虫	かいちゅう
回診	かいしん
回転子	かいてんし
因数	いんすう
因果律	いんがりつ
因果応報	いんがおうほう
団欒	だんらん
困憊	こんぱい
囲い込み	かこいこみ
囲炉裏	いろり
図上	ずじょう
図会	ずえ
図体	ずうたい
図像	ずぞう
図太い	ずぶとい
図星	ずぼし
図法	ずほう
図絵	ずえ
図譜	ずふ
固唾	かたず
固太り	かたぶとり
固守	こしゅ
固持	こじ
固有値	こゆうち
固着	こちゃく
国中	くにじゅう
国主	こくしゅ
国会図書館	こっかいとしょかん
国公私立	こっこうしりつ
国公立	こっこうりつ
国内外	こくないがい
国内線	こくないせん
国号	こくごう
国境警備隊	こっきょうけいびたい
国士無双	こくしむそう
国大	こくだい
国字	こくじ
国学院大学	こくがくいんだいがく
国憲	こっけん
国替え	くにがえ
国民党	こくみんとう
国父	こくふ
国界	こっきょう
国立音楽大学	くにたちおんがくだいがく
国賊	こくぞく
国辱	こくじょく
国造	くにのみやつこ
国選	こくせん
国防省	こくぼうしょう
国防総省	こくぼうそうしょう
国際司法裁判所	こくさいしほうさいばんしょ
国際基督教大学	こくさいきりすときょうだいがく
国際線	こくさいせん
国難	こくなん
国鳥	こくちょう
圃場	ほじょう
園地	えんち
土佐犬	とさけん
土埃	つちぼこり
土塊	つちくれ
土師器	はじき
土建	どけん
土民	どみん
土瓶	どびん
土産物	みやげもの
土石流	どせきりゅう
土砂崩れ	どしゃくずれ
土竜	もぐら
土管	どかん
土臭い	つちくさい
土色	つちいろ
土蜘蛛	つちぐも
土踏まず	つちふまず
圧入	あつにゅう
圧出	あっしゅつ
圧制	あっせい
圧壊	あっかい
圧接	あっせつ
圧搾	あっさく
圧服	あっぷく
圧痛	あっつう
圧着	あっちゃく
圧電	あつでん
在り方	ありかた
在世	ざいせい
在国	ざいこく
在地	ざいち
在天	ざいてん
在室	ざいしつ
在席	ざいせき
在日本大韓民国民団	ざいにほんだいかんみんこくみんだん
在校生	ざいこうせい
在民	ざいみん
在郷	ざいごう
在院	ざいいん
地上げ	じあげ
地上波	ちじょうは
地下茎	ちかけい
地下街	ちかがい
地元民	じもとみん
地動説	ちどうせつ
地合	じあい
地固め	じがため
地域おこし	ちいきおこし
地声	じごえ
地変	ちへん
地峡	ちきょう
地引き網	じびきあみ
地政学	ちせいがく
地方紙	ちほうし
地方銀行	ちほうぎんこう
地歌	じうた
地温	ちおん
地溝	ちこう
地滑り	じすべり
地物	じもの
地獄変	じごくへん
地獄耳	じごくみみ
地球人	ちきゅうじん
地番	ちばん
地目	ちもく
地祇	くにつかみ
地神	ちじん
地租	ちそ
地積	ちせき
地紋	じもん
地色	じいろ
地衣	ちい
地謡	じうたい
地軸	ちじく
地銀	ちぎん
地階	ちかい
地震動	じしんどう
地震国	じしんこく
坂路	はんろ
坐像	ざぞう
坐禅	ざぜん
坐薬	ざやく
坐骨	ざこつ
坩堝	るつぼ
坪当たり	つぼあたり
坪数	つぼすう
垂涎	すいぜん
垂線	すいせん
型付き	かたつき
型付け	かたつけ
型番	かたばん
型通り	かたどおり
垢抜け	あかぬけ
埋め込み	うめこみ
埋め込む	うめこむ
埋伏	まいふく
埋込み	うめこみ
城址	しろあと
城塞	じょうさい
城門	じょうもん
埒外	らちがい
執り成し	とりなし
執り行う	とりおこなう
執心	しゅうしん
執念深い	しゅうねんぶかい
執政	しっせい
執権	しっけん
執着心	しゅうちゃくしん
執行官	しっこうかん
培地	ばいち
基壇	きだん
基層	きそう
基本形	きほんけい
基本給	きほんきゅう
基督教	きりすときょう
基質	きしつ
基音	きおん
堂堂	どうどう
堂塔	どうとう
堂宇	どうう
堅焼き	かたやき
堅牢	けんろう
堅物	かたぶつ
堆積岩	たいせきがん
堪え性	こらえしょう
堪忍	かんにん
報償	ほうしょう
報奨	ほうしょう
報恩	ほうおん
報道局	ほうどうきょく
場代	ばだい
塁打	るいだ
塊根	かいこん
塊状	かいじょう
塊茎	かいけい
塑像	そぞう
塑性	そせい
塔婆	とうば
塔頭	たっちゅう
塗り潰し	ぬりつぶし
塗り絵	ぬりえ
塗り薬	ぬりぐすり
塗炭	とたん
塞栓	そくせん
塞翁が馬	さいおうがうま
塩加減	しおかげん
塩蔵	えんぞう
塩類	えんるい
塩鮭	しおざけ
填補	てんぽ
塵埃	じんあい
塵芥	じんかい
塹壕	ざんごう
塾頭	じゅくとう
境涯	きょうがい
墓参	はかまいり
墓碑銘	ぼひめい
墓誌	ぼし
増分	ぞうぶん
増勢	ぞうせい
増幅器	ぞうふくき
増悪	ぞうあく
増結	ぞうけつ
増車	ぞうしゃ
墨守	ぼくしゅ
墨客	ぼっかく
墨書き	すみがき
墨汁	ぼくじゅう
墨画	ぼくが
墨色	すみいろ
墾田	こんでん
壁際	かべぎわ
壊れ物	こわれもの
壊変	かいへん
壊疽	えそ
壊血病	かいけつびょう
士分	しぶん
士卒	しそつ
士族	しぞく
士農工商	しのうこうしょう
士長	しちょう
士魂	しこん
壮快	そうかい
声域	せいいき
声変わり	こえがわり
声聞	しょうもん
声調	せいちょう
声質	せいしつ
声門	せいもん
声音	せいおん
壱岐	いき
売り付け	うりつけ
売り抜け	うりぬけ
売り抜ける	うりぬける
売り言葉	うりことば
売り買い	うりかい
売り飛ばす	うりとばす
売れっ子	うれっこ
売れ残る	うれのこる
売上	うりあげ
売上げ	うりあげ
売主	うりぬし
売値	うりね
売出	うりだし
売出し	うりだし
売切れ	うりきれ
売品	ばいひん
売国	ばいこく
売女	ばいた
売文	ばいぶん
売約	ばいやく
売約済み	ばいやくずみ
売込み	うりこみ
変り種	かわりだね
変事	へんじ
変位	へんい
変体	へんたい
変光星	へんこうせい
変名	へんめい
変圧	へんあつ
変型	へんけい
変声期	へんせいき
変奏	へんそう
変成	へんせい
変格	へんかく
変温動物	へんおんどうぶつ
変種	へんしゅ
変量	へんりょう
変電	へんでん
変革期	へんかくき
夏眠	かみん
夕映え	ゆうばえ
夕景	ゆうけい
夕涼み	ゆうすずみ
夕空	ゆうぞら
夕立ち	ゆうだち
夕闇	ゆうやみ
夕餉	ゆうげ
外乱	がいらん
外事	がいじ
外典	がいてん
外力	がいりょく
外反母趾	がいはんぼし
外向	がいこう
外商	がいしょう
外因	がいいん
外在	がいざい
外地	がいち
外套	がいとう
外字	がいじ
外孫	がいそん
外客	がいきゃく
外層	がいそう
外延	がいえん
外患	がいかん
外戚	がいせき
外接	がいせつ
外港	がいこう
外濠	そとぼり
外灯	がいとう
外為法	がいためほう
外皮	がいひ
外積	がいせき
外線	がいせん
外縁	がいえん
外耳	がいじ
外聞	がいぶん
外語	がいご
外貌	がいぼう
外販	がいはん
外輪	がいりん
外輪山	がいりんざん
外道	げどう
外野席	がいやせき
外陣	げじん
外題	げだい
多党	たとう
多妻	たさい
多孔	たこう
多客	たかく
多少なりとも	たしょうなりとも
多層	たそう
多年生	たねんせい
多摩美術大学	たまびじゅつだいがく
多極化	たきょくか
多次元	たじげん
多段	ただん
多毛	たもう
多汗症	たかんしょう
多目	おおめ
多神教	たしんきょう
多義	たぎ
多聞	たぶん
多聞天	たもんてん
多肉	たにく
多肉植物	たにくしょくぶつ
多胎	たたい
多能	たのう
多言	たげん
多読	たどく
多謝	たしゃ
多趣味	たしゅみ
多選	たせん
多面体	ためんたい
多項式	たこうしき
多食	たしょく
夜光虫	やこうちゅう
夜分	やぶん
夜営	やえい
夜尿症	やにょうしょう
夜市	よいち
夜想曲	やそうきょく
夜戦	やせん
夜明かし	よあかし
夜更し	よふかし
夜来	やらい
夜毎	よごと
夜汽車	よぎしゃ
夜泣き	よなき
夜番	やばん
夜盗	やとう
夜目	よめ
夜盲症	やもうしょう
夜着	よぎ
夜祭	よまつり
夜色	やしょく
夜襲	やしゅう
夜這い	よばい
夜長	よなが
夜陰	やいん
夜霧	よぎり
夜露	よつゆ
夜鳥	やちょう
夜鳴き	よなき
夜鷹	よたか
夢心地	ゆめごこち
夢現	ゆめうつつ
夢精	むせい
夢見心地	ゆめみごこち
夢遊病	むゆうびょう
夢魔	むま
大き目	おおきめ
大の字	だいのじ
大人げ	おとなげ
大人しく	おとなしく
大人気	だいにんき
大伯母	おおおば
大伯父	おおおじ
大儲け	おおもうけ
大元帥	だいげんすい
大八車	だいはちぐるま
大写し	おおうつし
大凡	おおよそ
大厄	たいやく
大叔母	おおおば
大叔父	おおおじ
大同小異	だいどうしょうい
大君	たいくん
大和なでしこ	やまとなでしこ
大和心	やまとごころ
大和撫子	やまとなでしこ
大和絵	やまとえ
大和言葉	やまとことば
大和魂	やまとだましい
大嘗祭	だいじょうさい
大器晩成	たいきばんせい
大回り	おおまわり
大団円	だいだんえん
大売り出し	おおうりだし
大売出し	おおうりだし
大夫	たゆう
大姉	おおあね
大学卒	だいがくそつ
大宇	だいう
大安吉日	たいあんきちじつ
大安売り	おおやすうり
大宗	たいそう
大宰府	だざいふ
大寒	だいかん
大審院	だいしんいん
大尽	だいじん
大島紬	おおしまつむぎ
大度	たいど
大当り	おおあたり
大忙し	おおいそがし
大意	たいい
大慶	たいけい
大技	おおわざ
大損	おおぞん
大政奉還	たいせいほうかん
大数	たいすう
大暑	たいしょ
大書	たいしょ
大望	たいもう
大林組	おおばやしぐみ
大枚	たいまい
大枠	おおわく
大根おろし	だいこんおろし
大業	おおわざ
大極殿	だいごくでん
大権	たいけん
大欲	たいよく
大正琴	たいしょうごと
大気圏	たいきけん
大津絵	おおつえ
大獄	たいごく
大発会	だいはっかい
大発見	だいはっけん
大皿	おおざら
大盤振舞	おおばんぶるまい
大目玉	おおめだま
大祓	おおはらえ
大神宮	だいじんぐう
大福帳	だいふくちょう
大立ち回り	おおたちまわり
大童	おおわらわ
大納会	だいのうかい
大罪	だいざい
大蔵経	だいぞうきょう
大袈裟	おおげさ
大要	たいよう
大見得	おおみえ
大言壮語	たいげんそうご
大証	だいしょう
大谷石	おおやいし
大赦	たいしゃ
大辞泉	だいじせん
大通	おおどおり
大過	たいか
大道芸	だいどうげい
大邱	てぐ
大金持ち	おおがねもち
大鉈	おおなた
大鎌	おおがま
大阪市立大学	おおさかしりつだいがく
大難	だいなん
大震	たいしん
大韓航空	たいかんこうくう
大食漢	たいしょくかん
天の邪鬼	あまのじゃく
天上天下	てんじょうてんげ
天下一	てんかいち
天下分け目	てんかわけめ
天与	てんよ
天主	てんしゅ
天主堂	てんしゅどう
天井板	てんじょういた
天元	てんげん
天分	てんぶん
天和	てんな
天地人	てんちじん
天地無用	てんちむよう
天地神明	てんちしんめい
天地開闢	てんちかいびゃく
天壌無窮	てんじょうむきゅう
天孫	てんそん
天宝	てんぽう
天宮	てんきゅう
天帝	てんてい
天平	てんぴょう
天底	てんてい
天意	てんい
天授	てんじゅ
天日塩	てんじつえん
天朝	てんちょう
天津飯	てんしんはん
天涯孤独	てんがいこどく
天火	てんか
天然石	てんねんせき
天照大御神	あまてらすおおみかみ
天球	てんきゅう
天界	てんかい
天皇陵	てんのうりょう
天真爛漫	てんしんらんまん
天秤棒	てんびんぼう
天竺鼠	てんじくねずみ
天網	てんもう
天罰	てんばつ
天蓋	てんがい
天衣無縫	てんいむほう
天袋	てんぶくろ
天誅	てんちゅう
天賦	てんぷ
天運	てんうん
天面	てんめん
天魔	てんま
天麩羅	てんぷら
太り過ぎ	ふとりすぎ
太上天皇	だいじょうてんのう
太刀筋	たちすじ
太刀魚	たちうお
太守	たいしゅ
太山	たいざん
太平洋艦隊	たいへいようかんたい
太政大臣	だいじょうだいじん
太政官	だじょうかん
太極拳	たいきょくけん
太神楽	だいかぐら
太線	ふとせん
太股	ふともも
太陰	たいいん
太陰暦	たいいんれき
太陽光	たいようこう
太陽暦	たいようれき
太陽熱	たいようねつ
太鼓橋	たいこばし
太鼓腹	たいこばら
夫子	ふうし
夫役	ふえき
夭逝	ようせい
失せ物	うせもの
失念	しつねん
失権	しっけん
失血死	しっけつし
失語	しつご
夷狄	いてき
夾竹桃	きょうちくとう
奇々怪々	ききかいかい
奇っ怪	きかい
奇声	きせい
奇天烈	きてれつ
奇岩	きがん
奇想	きそう
奇才	きさい
奇書	きしょ
奇特	きとく
奇癖	きへき
奇矯	ききょう
奇策	きさく
奇縁	きえん
奇習	きしゅう
奇行	きこう
奇観	きかん
奇談	きだん
奇貨	きか
奇蹟	きせき
奇遇	きぐう
奈良漬	ならづけ
奈良漬け	ならづけ
奈落	ならく
奉公人	ほうこうにん
奉告	ほうこく
奉安	ほうあん
奉幣	ほうへい
奉書	ほうしょ
奉献	ほうけん
奉祀	ほうし
奉祝	ほうしゅく
奉職	ほうしょく
奉賛	ほうさん
奉迎	ほうげい
奏上	そうじょう
奏効	そうこう
奏鳴曲	そうめいきょく
奔馬	ほんば
奢侈	しゃし
奥の院	おくのいん
奥付	おくづけ
奥州	おうしゅう
奥書	おくがき
奨学生	しょうがくせい
奪い合う	うばいあう
奪い返す	うばいかえす
奮励	ふんれい
女傑	じょけつ
女囚	じょしゅう
女坂	おんなざか
女好き	おんなずき
女嫌い	おんなぎらい
女学院	じょがくいん
女尊男卑	じょそんだんぴ
女工	じょこう
女御	にょうご
女心	おんなごころ
女権	じょけん
女殺し	おんなごろし
女物	おんなもの
女犯	にょぼん
女王蜂	じょおうばち
女癖	おんなぐせ
女系	じょけい
女給	じょきゅう
女衒	ぜげん
女郎蜘蛛	じょろうぐも
女難	じょなん
奴婢	ぬひ
奴等	やつら
奸計	かんけい
好々爺	こうこうや
好事	こうじ
好事家	こうずか
好人物	こうじんぶつ
好影響	こうえいきょう
好悪	こうお
好手	こうしゅ
好捕	こうほ
好条件	こうじょうけん
好漢	こうかん
好運	こううん
好適	こうてき
如上	じょじょう
如何せん	いかんせん
如何なる	いかなる
如何わしい	いかがわしい
如何様	いかさま
如何程	いかほど
如意輪観音	にょいりんかんのん
如才	じょさい
如雨露	じょうろ
妄信	もうしん
妄執	もうしゅう
妄言	もうげん
妄語	もうご
妄説	ぼうせつ
妊活	にんかつ
妓楼	ぎろう
妓生	きーせん
妖刀	ようとう
妖力	ようりょく
妖女	ようじょ
妖姫	ようき
妖気	ようき
妖獣	ようじゅう
妖異	ようい
妖花	ようか
妖術	ようじゅつ
妖鬼	ようき
妖魔	ようま
妙齢	みょうれい
妻女	さいじょ
姉御	あねご
始原	しげん
始期	しき
始点	してん
始発駅	しはつえき
姑娘	くーにゃん
姓氏	せいし
委縮	いしゅく
委譲	いじょう
姥捨山	うばすてやま
姦淫	かんいん
姻戚	いんせき
姻族	いんぞく
姿態	したい
娑婆	しゃば
娼妓	しょうぎ
娼家	しょうか
娼館	しょうかん
婚前	こんぜん
婚期	こんき
婦人病	ふじんびょう
婿入り	むこいり
婿養子	むこようし
媒質	ばいしつ
媒酌人	ばいしゃくにん
媚薬	びやく
媽祖	まそ
嫁取り	よめとり
嫌味	いやみ
嫌煙	けんえん
嫡流	ちゃくりゅう
嫡男	ちゃくなん
嬉し泣き	うれしなき
嬉し涙	うれしなみだ
嬌声	きょうせい
嬲り殺し	なぶりごろし
子々孫々	ししそんそん
子の日	ねのひ
子供だまし	こどもだまし
子供部屋	こどもべや
子供騙し	こどもだまし
子守り	こもり
子房	しぼう
子沢山	こだくさん
子煩悩	こぼんのう
子爵	ししゃく
子癇	しかん
子種	こだね
子連れ	こづれ
子離れ	こばなれ
子鹿	こじか
字余り	じあまり
字典	じてん
字母	じぼ
字義	じぎ
字面	じづら
字音	じおん
存外	ぞんがい
存置	そんち
孟宗竹	もうそうちく
季節はずれ	きせつはずれ
季節外れ	きせつはずれ
季題	きだい
孤軍	こぐん
学び取る	まなびとる
学び舎	まなびや
学僧	がくそう
学寮	がくりょう
学府	がくふ
学的	がくてき
学都	がくと
学風	がくふう
孩児	がいじ
孫の手	まごのて
孫引き	まごびき
孫弟子	まごでし
孵化	ふか
孵卵	ふらん
宇宙塵	うちゅうじん
宇宙船	うちゅうせん
守り抜く	まもりぬく
守成	しゅせい
守旧	しゅきゅう
守秘	しゅひ
守銭奴	しゅせんど
安保理	あんぽり
安元	あんげん
安安	やすやす
安宿	やすやど
安居	あんきょ
安山岩	あんざんがん
安息香	あんそくこう
安手	やすで
安普請	やすぶしん
安楽椅子	あんらくいす
安請け合い	やすうけあい
完本	かんぽん
完納	かんのう
完膚	かんぷ
宏池会	こうちかい
宗主	そうしゅ
宗務	しゅうむ
宗匠	そうしょう
宗廟	そうびょう
官位	かんい
官制	かんせい
官営	かんえい
官女	かんじょ
官立	かんりつ
官等	かんとう
官給	かんきゅう
官衙	かんが
官話	かんわ
定位	ていい
定冠詞	ていかんし
定収入	ていしゅうにゅう
定圧	ていあつ
定型	ていけい
定宿	じょうやど
定常	ていじょう
定性	ていせい
定性的	ていせいてき
定植	ていしょく
定温	ていおん
定礎	ていそ
定立	ていりつ
定置	ていち
定跡	じょうせき
宝典	ほうてん
宝塔	ほうとう
宝探し	たからさがし
宝物殿	ほうもつでん
宝珠	ほうじゅ
宝石商	ほうせきしょう
宝船	たからぶね
宝貝	たからがい
実体験	じったいけん
実包	じっぽう
実寸	じっすん
実年	じつねん
実景	じっけい
実機	じっき
実状	じつじょう
実線	じっせん
実装	じっそう
実見	じっけん
実記	じっき
実車	じっしゃ
客体	きゃくたい
客商売	きゃくしょうばい
客寄せ	きゃくよせ
客層	きゃくそう
客死	かくし
宣布	せんぷ
宣旨	せんじ
室外	しつがい
宥和	ゆうわ
宦官	かんがん
宮仕え	みやづかえ
宮刑	きゅうけい
宮参り	みやまいり
宮城教育大学	みやぎきょういくだいがく
宮大工	みやだいく
害毒	がいどく
害鳥	がいちょう
宵の口	よいのくち
宵宮	よみや
宵山	よいやま
宵祭り	よいまつり
宵越し	よいごし
宵闇	よいやみ
家なき子	いえなきこ
家伝	かでん
家作	かさく
家宝	かほう
家居	いえい
家探し	いえさがし
家数	やかず
家格	かかく
家父長制	かふちょうせい
家相	かそう
家禽	かきん
家訓	かくん
家財道具	かざいどうぐ
家運	かうん
家風	かふう
容体	ようだい
容貌	ようぼう
宿り木	やどりぎ
宿便	しゅくべん
宿坊	しゅくぼう
宿帳	やどちょう
宿所	しゅくしょ
宿根	しゅっこん
宿根草	しゅっこんそう
宿業	しゅくごう
宿無し	やどなし
宿痾	しゅくあ
宿老	しゅくろう
寂光	じゃっこう
寂寞	せきばく
寂寥	せきりょう
寂滅	じゃくめつ
寄せ場	よせば
寄せ鍋	よせなべ
寄り付く	よりつく
寄り目	よりめ
寄る辺	よるべ
寄木	よせぎ
寄留	きりゅう
寄進	きしん
密偵	みってい
密命	みつめい
密書	みっしょ
密通	みっつう
富国	ふこく
富岳	ふがく
富嶽	ふがく
寒帯	かんたい
寒流	かんりゅう
寒空	さむぞら
寒色	かんしょく
寛和	かんな
寛平	かんぴょう
寛延	かんえん
寛政	かんせい
寛解	かんかい
寝ずの番	ねずのばん
寝入る	ねいる
寝取る	ねとる
寝小便	ねしょうべん
寝巻	ねまき
寝心地	ねごこち
寝惚け	ねぼけ
寝所	しんじょ
寝正月	ねしょうがつ
寝殿	しんでん
寝汗	ねあせ
寝泊り	ねとまり
寝物語	ねものがたり
寝癖	ねぐせ
寝耳	ねみみ
寝覚め	ねざめ
寝転がる	ねころがる
寝違え	ねちがえ
寝酒	ねざけ
寝間着	ねまき
寝首	ねくび
寡聞	かぶん
寡頭	かとう
審判官	しんぱんかん
審決	しんけつ
寫眞	しゃしん
寮長	りょうちょう
寵姫	ちょうき
寵愛	ちょうあい
寸分	すんぶん
寸志	すんし
寸胴	ずんどう
寸評	すんぴょう
寺務	じむ
寺参り	てらまいり
寺号	じごう
対位法	たいいほう
対偶	たいぐう
対句	ついく
対数	たいすう
対格	たいかく
対比的	たいひてき
対流圏	たいりゅうけん
対物	たいぶつ
対生	たいせい
対空	たいくう
対義語	たいぎご
対角線	たいかくせん
対辺	たいへん
対陣	たいじん
寿老人	じゅろうじん
封じ込め	ふうじこめ
封じ込める	ふうじこめる
封入	ふうにゅう
封切	ふうきり
封土	ほうど
封緘	ふうかん
専権	せんけん
専決	せんけつ
専管	せんかん
専行	せんこう
専願	せんがん
射し込む	さしこむ
射出	しゃしゅつ
射幸	しゃこう
射影	しゃえい
射抜く	いぬく
射的	しゃてき
将星	しょうせい
專門	せんもん
尉官	いかん
尊像	そんぞう
尊卑	そんぴ
尊大	そんだい
尊崇	そんすう
尊師	そんし
尊攘	そんじょう
尊王	そんのう
尊皇	そんのう
尊者	そんじゃ
尊顔	そんがん
導体	どうたい
導出	どうしゅつ
導師	どうし
導水	どうすい
導管	どうかん
導線	どうせん
導通	どうつう
小さ目	ちいさめ
小中学校	しょうちゅうがっこう
小乗	しょうじょう
小作農	こさくのう
小名	しょうみょう
小咄	こばなし
小坊主	こぼうず
小型車	こがたしゃ
小売り	こうり
小太り	こぶとり
小太鼓	こだいこ
小奇麗	こぎれい
小女	しょうじょ
小姑	こじゅうと
小娘	こむすめ
小役人	こやくにん
小手調べ	こてしらべ
小振り	こぶり
小料理	こりょうり
小春日和	こはるびより
小書き	こがき
小松菜	こまつな
小正月	こしょうがつ
小母	おば
小水	しょうすい
小汚い	こぎたない
小父	おじ
小片	しょうへん
小犬	こいぬ
小瓶	こびん
小生意気	こなまいき
小用	こよう
小男	こおとこ
小癪	こしゃく
小目	こもく
小破	しょうは
小社	しょうしゃ
小童	こわっぱ
小節	しょうせつ
小米	こごめ
小綺麗	こぎれい
小者	こもの
小耳	こみみ
小腹	こばら
小荷物	こにもつ
小見出し	こみだし
小計	しょうけい
小論文	しょうろんぶん
小豆色	あずきいろ
小賢しい	こざかしい
小走り	こばしり
小遣	こづかい
小間切れ	こまぎれ
小降り	こぶり
小陰	しょういん
小雀	こがら
小額	しょうがく
小馬鹿	こばか
小麦色	こむぎいろ
小鼓	こつづみ
小鼻	こばな
少な目	すくなめ
少子	しょうし
少子化	しょうしか
少林寺拳法	しょうりんじけんぽう
少納言	しょうなごん
少雨	しょうう
少食	しょうしょく
尖兵	せんぺい
尖塔	せんとう
尖端	せんたん
尚早	しょうそう
尚書	しょうしょ
就中	なかんずく
就園	しゅうえん
就農	しゅうのう
尺貫法	しゃっかんほう
尻上がり	しりあがり
尻切れ	しりきれ
尻子玉	しりこだま
尻拭い	しりぬぐい
尻毛	けつげ
尻目	しりめ
尻軽	しりがる
尻込み	しりごみ
尻餅	しりもち
尻馬	しりうま
尾てい骨	びていこつ
尾灯	びとう
尾錠	びじょう
尾骨	びこつ
尾鰭	おひれ
尿意	にょうい
尿毒症	にょうどくしょう
尿瓶	しびん
尿素	にょうそ
尿道	にょうどう
局内	きょくない
局在	きょくざい
局外	きょくがい
局限	きょくげん
屁理屈	へりくつ
居丈高	いたけだか
居合い	いあい
居宅	きょたく
居抜き	いぬき
居留守	いるす
居着く	いつく
居館	きょかん
屈伏	くっぷく
屈従	くつじゅう
屈曲	くっきょく
屈筋	くっきん
届け先	とどけさき
届出	とどけで
屍体	したい
屎尿	しにょう
屑鉄	くずてつ
属人	ぞくじん
属国	ぞっこく
属領	ぞくりょう
屠殺	とさつ
屠蘇	とそ
層状	そうじょう
履き物	はきもの
履き違える	はきちがえる
履帯	りたい
屯所	とんしょ
山の幸	やまのさち
山の神	やまのかみ
山の端	やまのは
山刀	やまがたな
山勘	やまかん
山口組	やまぐちぐみ
山号	さんごう
山名	さんめい
山容	さんよう
山峡	さんきょう
山嵐	やまあらし
山嶺	さんれい
山幸	やまさち
山椒	さんしょう
山椒魚	さんしょううお
山歩き	やまあるき
山焼き	やまやき
山犬	やまいぬ
山猿	やまざる
山百合	やまゆり
山砲	さんぽう
山神	さんじん
山稜	さんりょう
山窩	さんか
山篭り	やまごもり
山紫水明	さんしすいめい
山芋	やまいも
山行	さんこう
山越え	やまごえ
屹立	きつりつ
岐大	ぎだい
岡っ引き	おかっぴき
岩窟	がんくつ
岳人	がくじん
峰打ち	みねうち
島名	とうめい
島国根性	しまぐにこんじょう
島嶼	とうしょ
島民	とうみん
島流し	しまながし
峻厳	しゅんげん
崇敬	すうけい
崛起	くっき
崩御	ほうぎょ
嵌め込み	はめこみ
嵐が丘	あらしがおか
嵩上げ	かさあげ
嵩張る	かさばる
川崎病	かわさきびょう
川砂	かわずな
川遊び	かわあそび
川開き	かわびらき
州兵	しゅうへい
州民	しゅうみん
州法	しゅうほう
州立	しゅうりつ
巡り合い	めぐりあい
巡察	じゅんさつ
巡幸	じゅんこう
巡拝	じゅんぱい
巡検	じゅんけん
巡錫	じゅんしゃく
巣窟	そうくつ
工匠	こうしょう
工大	こうだい
工学科	こうがくか
工廠	こうしょう
工数	こうすう
工期	こうき
工船	こうせん
左下	ひだりした
左中間	さちゅうかん
左傾	さけい
左向き	ひだりむき
左大臣	さだいじん
左寄せ	ひだりよせ
左寄り	ひだりより
左巻き	ひだりまき
左様	さよう
左目	ひだりめ
左端	ひだりはし
左肩	ひだりかた
左脳	さのう
左隅	ひだりすみ
巧緻	こうち
巨万	きょまん
巨人軍	きょじんぐん
巨像	きょぞう
巨塔	きょとう
巨尻	きょじり
巨岩	きょがん
巨根	きょこん
巨樹	きょじゅ
巨獣	きょじゅう
巨石	きょせき
巨砲	きょほう
巨竜	きょりゅう
巨編	きょへん
巨象	きょぞう
巨躯	きょく
巨頭	きょとう
差し出がましい	さしでがましい
差し合い	さしあい
差し向ける	さしむける
差し引く	さしひく
差し挟む	さしはさむ
差し換え	さしかえ
差し止める	さしとめる
差し歯	さしば
差し渡し	さしわたし
差し金	さしがね
差し障り	さしさわり
差入れ	さしいれ
差分	さぶん
差引	さしひき
差押	さしおさえ
差押え	さしおさえ
差損	さそん
差支え	さしつかえ
差替え	さしかえ
差止め	さしとめ
差込み	さしこみ
差違	さい
差配	さはい
差金	さきん
巷間	こうかん
巻き付く	まきつく
巻き物	まきもの
巻き返す	まきかえす
巻数	かんすう
巻貝	まきがい
巻雲	けんうん
巾着	きんちゃく
市区	しく
市域	しいき
市庁舎	しちょうしゃ
市町	しちょう
市街化区域	しがいかくいき
市警	しけい
布帛	ふはく
布置	ふち
布製	ぬのせい
布設	ふせつ
帆布	はんぷ
帆立貝	ほたてがい
希土類	きどるい
希釈	きしゃく
帝位	ていい
帝室	ていしつ
帝廟	ていびょう
師友	しゆう
師父	しふ
師範代	しはんだい
師長	しちょう
席捲	せっけん
席料	せきりょう
席次	せきじ
帯同	たいどう
帯域	たいいき
帯揚げ	おびあげ
帯状	おびじょう
帯留	おびどめ
帯留め	おびどめ
帯締め	おびじめ
帯電	たいでん
帰り支度	かえりじたく
帰り際	かえりぎわ
帰参	きさん
帰命	きみょう
帰巣	きそう
帰投	きとう
帰朝	きちょう
帰社	きしゃ
帰納	きのう
帰納的	きのうてき
帰艦	きかん
帰趨	きすう
帰農	きのう
帰陣	きじん
帳場	ちょうば
帳尻	ちょうじり
帳票	ちょうひょう
帳面	ちょうめん
常人	じょうじん
常会	じょうかい
常備薬	じょうびやく
常夜灯	じょうやとう
常套	じょうとう
常套句	じょうとうく
常宿	じょうやど
常置	じょうち
常習犯	じょうしゅうはん
常闇	とこやみ
帽章	ぼうしょう
幅員	ふくいん
幅広	はばびろ
幅跳び	はばとび
幇助	ほうじょ
幇間	たいこもち
幕営	ばくえい
幕屋	まくや
幕政	ばくせい
幕臣	ばくしん
幣帛	へいはく
干し柿	ほしがき
干し草	ほしくさ
干柿	ほしがき
干潮	かんちょう
干物	ほしもの
干犯	かんぱん
干瓢	かんぴょう
干草	ほしくさ
干菓子	ひがし
平々凡々	へいへいぼんぼん
平仄	ひょうそく
平伏	へいふく
平坦	へいたん
平城京	へいじょうきょう
平安朝	へいあんちょう
平底	ひらぞこ
平手打ち	ひらてうち
平文	ひらぶん
平方根	へいほうこん
平水	へいすい
平滑	へいかつ
平熱	へいねつ
平版	へいはん
平癒	へいゆ
平皿	ひらざら
平織り	ひらおり
平行四辺形	へいこうしへんけい
平身低頭	へいしんていとう
年がら年中	ねんがらねんじゅう
年の功	としのこう
年令	ねんれい
年別	ねんべつ
年取り	としとり
年取る	としとる
年増	としま
年女	としおんな
年子	としご
年季	ねんき
年季奉公	ねんきぼうこう
年寄	としより
年忌	ねんき
年忘れ	としわすれ
年期	ねんき
年末年始	ねんまつねんし
年波	としなみ
年甲斐	としがい
年端	としは
年輩	ねんぱい
幸先	さいさき
幸甚	こうじん
幻像	げんぞう
幻灯	げんとう
幻聴	げんちょう
幻術	げんじゅつ
幻視	げんし
幼体	ようたい
幼名	ようめい
幼心	おさなごころ
幼顔	おさながお
幼馴染	おさななじみ
幼馴染み	おさななじみ
幼鳥	ようちょう
幽冥	ゆうめい
幽界	ゆうかい
幽門	ゆうもん
幽鬼	ゆうき
幾夜	いくよ
幾年	いくねん
幾星霜	いくせいそう
幾許	いくばく
幾重にも	いくえにも
広告塔	こうこくとう
広帯域	こうたいいき
広幅	ひろはば
広汎	こうはん
広狭	こうきょう
広縁	ひろえん
広言	こうげん
床板	ゆかいた
床柱	とこばしら
序奏	じょそう
序言	じょげん
序論	じょろん
底上げ	そこあげ
底意地	そこいじ
底本	ていほん
底無し	そこなし
底面	ていめん
店仕舞い	みせじまい
庚午	かのえうま
庚申塚	こうしんづか
府下	ふか
府会	ふかい
府営	ふえい
府政	ふせい
府民	ふみん
府議	ふぎ
府連	ふれん
度し難い	どしがたい
度合	どあい
度目	どめ
度肝	どぎも
度量衡	どりょうこう
座乗	ざじょう
座像	ざぞう
座右の銘	ざゆうのめい
座敷牢	ざしきろう
座興	ざきょう
座薬	ざやく
座談	ざだん
座金	ざがね
座骨	ざこつ
座高	ざこう
庫裏	くり
庫裡	くり
庭付き	にわつき
庭石	にわいし
庶子	しょし
庶流	しょりゅう
廃仏毀釈	はいぶつきしゃく
廃位	はいい
廃家	はいか
廃寺	はいじ
廃盤	はいばん
廃藩置県	はいはんちけん
廃虚	はいきょ
廃部	はいぶ
廃除	はいじょ
延び延び	のびのび
延伸	えんしん
延坪	のべつぼ
延性	えんせい
延着	えんちゃく
延縄	はえなわ
延髄	えんずい
廷吏	ていり
建て前	たてまえ
建て増し	たてまし
建て替え	たてかえ
建て替える	たてかえる
建て直し	たてなおし
建て直す	たてなおす
建ぺい率	けんぺいりつ
建坪	たてつぼ
建売	たてうり
建屋	たてや
建水	けんすい
建玉	たてぎょく
建白	けんぱく
建蔽率	けんぺいりつ
廻天	かいてん
廻廊	かいろう
廻転	かいてん
弁才天	べんざいてん
弁理	べんり
弁膜	べんまく
弁証法	べんしょうほう
弁財	べざい
弊店	へいてん
弊誌	へいし
式年	しきねん
式日	しきじつ
式服	しきふく
式目	しきもく
弐拾	にじゅう
弓取り	ゆみとり
弓場	ゆば
弓張月	ゆみはりづき
弓形	ゆみなり
弓手	ゆんで
弓術	きゅうじゅつ
弓馬	きゅうば
弔事	ちょうじ
弔慰	ちょうい
弔鐘	ちょうしょう
引きずり出す	ひきずりだす
引き下ろす	ひきおろす
引き付け	ひきつけ
引き入れる	ひきいれる
引き取り手	ひきとりて
引き合う	ひきあう
引き回し	ひきまわし
引き延ばし	ひきのばし
引き揚げ	ひきあげ
引き摺り	ひきずり
引き替え	ひきかえ
引き潮	ひきしお
引き立つ	ひきたつ
引き立て	ひきたて
引き立てる	ひきたてる
引き続く	ひきつづく
引き際	ひきぎわ
引く手あまた	ひくてあまた
引く手数多	ひくてあまた
引っこ抜く	ひっこぬく
引っ張りだこ	ひっぱりだこ
引っ掛かり	ひっかかり
引っ込める	ひっこめる
引上げ	ひきあげ
引下げ	ひきさげ
引出し	ひきだし
引出物	ひきでもの
引取	ひきとり
引受	ひきうけ
引受け	ひきうけ
引合い	ひきあい
引張	ひっぱり
引張り	ひっぱり
引当	ひきあて
引手	ひきて
引掛	ひっかけ
引揚	ひきあげ
引換	ひきかえ
引換え	ひきかえ
引数	ひきすう
引決	いんけつ
引渡	ひきわたし
引渡し	ひきわたし
引継	ひきつぎ
引継ぎ	ひきつぎ
引続き	ひきつづき
引締め	ひきしめ
引落	ひきおとし
引見	いんけん
引越し	ひっこし
引込線	ひきこみせん
引金	ひきがね
引鉄	ひきがね
弘法	ぐほう
弘通	ぐずう
弟分	おとうとぶん
弟切草	おとぎりそう
弟弟子	おとうとでし
弥勒菩薩	みろくぼさつ
弥栄	いやさか
弥次喜多	やじきた
弧状	こじょう
弱り目	よわりめ
弱化	じゃっか
弱味	よわみ
弱毒	じゃくどく
弱酸	じゃくさん
弱電	じゃくでん
張り付く	はりつく
張り付け	はりつけ
張り倒す	はりたおす
張り手	はりて
張り裂ける	はりさける
張力	ちょうりょく
張替え	はりかえ
強健	きょうけん
強力粉	きょうりきこ
強打者	きょうだしゃ
強振	きょうしん
強攻	きょうこう
強欲	ごうよく
強直	きょうちょく
強訴	ごうそ
強請	きょうせい
強迫	きょうはく
強酸	きょうさん
強電	きょうでん
強面	こわもて
強靱	きょうじん
強飯	こわめし
弾き手	ひきて
弾き返す	はじきかえす
弾倉	だんそう
弾幕	だんまく
弾道弾	だんどうだん
弾除け	たまよけ
当たり散らす	あたりちらす
当たり障り	あたりさわり
当て付け	あてつけ
当て字	あてじ
当て身	あてみ
当て逃げ	あてにげ
当て馬	あてうま
当り前	あたりまえ
当今	とうこん
当会	とうかい
当家	とうけ
当年	とうねん
当月	とうげつ
当校	とうこう
当機	とうき
当歳	とうさい
当為	とうい
当用漢字	とうようかんじ
当節	とうせつ
当行	とうこう
当身	あてみ
当館	とうかん
形代	かたしろ
形体	けいたい
形声	けいせい
形容動詞	けいようどうし
形態素	けいたいそ
形振り	なりふり
形無し	かたなし
形而上	けいじじょう
形而上学	けいじじょうがく
形見分け	かたみわけ
彫り物	ほりもの
彫物	ほりもの
影像	えいぞう
影印	えいいん
影法師	かげぼうし
彷徨	ほうこう
役不足	やくぶそく
役得	やくとく
彼女ら	かのじょら
彼岸桜	ひがんざくら
彼岸花	ひがんばな
彼我	ひが
彼此	あれこれ
彼等	かれら
往き来	ゆきき
往生際	おうじょうぎわ
征伐	せいばつ
征夷大将軍	せいいたいしょうぐん
征討	せいとう
径間	けいかん
待ち人	まちびと
待ち伏せる	まちぶせる
待ち合い	まちあい
待ち合せ	まちあわせ
待ち時間	まちじかん
待伏せ	まちぶせ
待受け	まちうけ
待合せ	まちあわせ
待避	たいひ
律令制	りつりょうせい
律動	りつどう
律義	りちぎ
後れ毛	おくれげ
後ろ楯	うしろだて
後ろ足	うしろあし
後人	こうじん
後件	こうけん
後先	あとさき
後処理	あとしょり
後刻	ごこく
後厄	あとやく
後口	あとくち
後向き	うしろむき
後塵	こうじん
後夜	ごや
後天	こうてん
後姿	うしろすがた
後学	こうがく
後尾	こうび
後景	こうけい
後書	あとがき
後生	こうせい
後略	こうりゃく
後目	しりめ
後程	のちほど
後端	こうたん
後納	こうのう
後継ぎ	あとつぎ
後翅	こうし
後肢	こうし
後背	こうはい
後腐れ	あとくされ
後葉	こうよう
後衛	こうえい
後裔	こうえい
後見人	こうけんにん
後足	あとあし
後身	こうしん
後述	こうじゅつ
後逸	こういつ
後金	あときん
後陣	こうじん
後難	こうなん
後頭部	こうとうぶ
後顧	こうこ
後髪	うしろがみ
徒党	ととう
徒手	としゅ
徒手空拳	としゅくうけん
徒渉	としょう
徒然	つれづれ
徒競走	ときょうそう
徒花	あだばな
徒長	とちょう
従僕	じゅうぼく
従士	じゅうし
従妹	じゅうまい
従姉	じゅうし
従弟	じゅうてい
従犯	じゅうはん
従量	じゅうりょう
得体	えたい
得得	とくとく
得心	とくしん
得意げ	とくいげ
得意気	とくいげ
得意満面	とくいまんめん
得手	えて
得点板	とくてんばん
得物	えもの
得用	とくよう
御の字	おんのじ
御上	おかみ
御世	みよ
御事	おこと
御仁	ごじん
御伽	おとぎ
御伽草子	おとぎぞうし
御供	おとも
御内	おうち
御召	おめし
御名	ぎょめい
御国	みくに
御大	おんたい
御存じ	ごぞんじ
御存知	ごぞんじ
御家人	ごけにん
御嶽	うたき
御幣	ごへい
御府内	ごふない
御座い	ござい
御座る	ござる
御廟	ごびょう
御形	ごぎょう
御息所	みやすどころ
御愁傷様	ごしゅうしょうさま
御意	ぎょい
御所車	ごしょぐるま
御方	みかた
御旅所	おたびしょ
御曹子	おんぞうし
御札	おさつ
御朱印	ごしゅいん
御来光	ごらいこう
御歌	おうた
御歳暮	おせいぼ
御法度	ごはっと
御無沙汰	ごぶさた
御真影	ごしんえい
御破算	ごはさん
御礼	おれい
御祝い	おいわい
御神楽	みかぐら
御神輿	おみこし
御神酒	おみき
御膳	ごぜん
御苦労	ごくろう
御蔭	おかげ
御衣	ぎょい
御製	ぎょせい
御見舞	おみまい
御覧	ごらん
御託	ごたく
御詠歌	ごえいか
御身	おんみ
御輿	みこし
御返事	おへんじ
御都合主義	ごつごうしゅぎ
御領	ごりょう
御題	ぎょだい
御飯	ごはん
御馳走	ごちそう
御髪	おぐし
復位	ふくい
復号	ふくごう
復命	ふくめい
復唱	ふくしょう
復縁	ふくえん
復路	ふくろ
微分	びぶん
微増	びぞう
微少	びしょう
微減	びげん
微睡み	まどろみ
微睡む	まどろむ
微積分	びせきぶん
微笑ましい	ほほえましい
微粉	びふん
微粒	びりゅう
微罪	びざい
微視的	びしてき
微速	びそく
微風	そよかぜ
徳性	とくせい
徳政令	とくせいれい
徳用	とくよう
徳目	とくもく
徳育	とくいく
徴候	ちょうこう
徴募	ちょうぼ
徴発	ちょうはつ
徹頭徹尾	てっとうてつび
徽章	きしょう
心付け	こころづけ
心像	しんぞう
心友	しんゆう
心学	しんがく
心当り	こころあたり
心意	しんい
心持	こころもち
心掛け	こころがけ
心服	しんぷく
心材	しんざい
心棒	しんぼう
心気	しんき
心温まる	こころあたたまる
心無い	こころない
心痛	しんつう
心療内科	しんりょうないか
心的	しんてき
心眼	しんがん
心神	しんしん
心算	しんさん
心肺	しんぱい
心術	しんじゅつ
心証	しんしょう
心音	しんおん
心願	しんがん
心魂	しんこん
必中	ひっちゅう
必定	ひつじょう
必用	ひつよう
必聴	ひっちょう
必衰	ひっすい
必食	ひっしょく
忌み嫌う	いみきらう
忌中	きちゅう
忌引	きびき
忌憚	きたん
忌日	きにち
忍び笑い	しのびわらい
忍び足	しのびあし
忍法	にんぽう
忍術	にんじゅつ
志望校	しぼうこう
忘れな草	わすれなぐさ
忘れ形見	わすれがたみ
忘年	ぼうねん
忘恩	ぼうおん
忘我	ぼうが
応仁	おうにん
応力	おうりょく
応報	おうほう
応射	おうしゃ
応手	おうしゅ
応接間	おうせつま
忠君	ちゅうくん
忠言	ちゅうげん
忠霊	ちゅうれい
忠魂碑	ちゅうこんひ
快刀	かいとう
快復	かいふく
快気	かいき
快男児	かいだんじ
快癒	かいゆ
快足	かいそく
念珠	ねんじゅ
念誦	ねんじゅ
忸怩	じくじ
忿怒	ふんぬ
怒り狂う	いかりくるう
怒張	どちょう
怒鳴りつける	どなりつける
怖気	おぞけ
思いっ切り	おもいっきり
思いの丈	おもいのたけ
思いの外	おもいのほか
思い付き	おもいつき
思い入れ	おもいいれ
思い出深い	おもいでぶかい
思い通り	おもいどおり
思い過ごし	おもいすごし
思い遣り	おもいやり
思う様	おもうさま
思し召し	おぼしめし
思出	おもいで
思召	おぼしめし
思弁	しべん
思念	しねん
思惟	しい
思想家	しそうか
思料	しりょう
急上昇	きゅうじょうしょう
急使	きゅうし
急便	きゅうびん
急停車	きゅうていしゃ
急冷	きゅうれい
急募	きゅうぼ
急坂	きゅうはん
急報	きゅうほう
急峻	きゅうしゅん
急斜面	きゅうしゃめん
急減	きゅうげん
急転	きゅうてん
急迫	きゅうはく
急送	きゅうそう
急須	きゅうす
性善説	せいぜんせつ
性差	せいさ
性徴	せいちょう
性悪	しょうわる
性悪説	せいあくせつ
性情	せいじょう
性感	せいかん
性懲り	しょうこり
性状	せいじょう
性腺	せいせん
性行為	せいこうい
怨嗟	えんさ
怨恨	えんこん
怨敵	おんてき
怪力	かいりき
怪死	かいし
怪異	かいい
怪訝	けげん
恋恋	れんれん
恋情	れんじょう
恋敵	こいがたき
恋焦がれる	こいこがれる
恋煩い	こいわずらい
恋風	こいかぜ
恐れ入る	おそれいる
恐れ多い	おそれおおい
恐妻	きょうさい
恐悦	きょうえつ
恒心	こうしん
恒温	こうおん
恒温動物	こうおんどうぶつ
恒等	こうとう
恢復	かいふく
恥じ入る	はじいる
恥部	ちぶ
恥骨	ちこつ
恨み言	うらみごと
恨み辛み	うらみつらみ
恩寵	おんちょう
恩情	おんじょう
恩賞	おんしょう
恩顧	おんこ
息吹き	いぶき
息女	そくじょ
息災	そくさい
息継ぎ	いきつぎ
息遣い	いきづかい
恰好	かっこう
恰幅	かっぷく
悉皆	しっかい
悔い改め	くいあらため
悔い改める	くいあらためる
悔し紛れ	くやしまぎれ
悔恨	かいこん
悔悛	かいしゅん
悔悟	かいご
悟性	ごせい
悠悠	ゆうゆう
悠然	ゆうぜん
悠遠	ゆうえん
患難	かんなん
悦楽	えつらく
悩殺	のうさつ
悪乗り	わるのり
悪友	あくゆう
悪妻	あくさい
悪巧み	わるだくみ
悪心	あくしん
悪手	あくしゅ
悪文	あくぶん
悪書	あくしょ
悪材料	あくざいりょう
悪業	あくごう
悪漢	あっかん
悪疫	あくえき
悪癖	あくへき
悪神	あくじん
悪筆	あくひつ
悪縁	あくえん
悪罵	あくば
悪行	あくぎょう
悪貨	あっか
悪辣	あくらつ
悪逆	あくぎゃく
悪運	あくうん
悪道	あくどう
悪酔い	わるよい
悪銭	あくせん
悪食	あくじき
悲憤	ひふん
悲話	ひわ
悶死	もんし
悶着	もんちゃく
悶絶	もんぜつ
情交	じょうこう
情人	じょうじん
情動	じょうどう
情夫	じょうふ
情婦	じょうふ
情強	じょうきょう
情欲	じょうよく
情歌	じょうか
情況	じょうきょう
情話	じょうわ
情趣	じょうしゅ
惑乱	わくらん
惚れ惚れ	ほれぼれ
惚れ込む	ほれこむ
惚気	のろけ
惜別	せきべつ
惨憺	さんたん
惰弱	だじゃく
惰眠	だみん
想い出	おもいで
想到	そうとう
想念	そうねん
惹句	じゃっく
惹起	じゃっき
愁傷	しゅうしょう
愁訴	しゅうそ
愉悦	ゆえつ
愉楽	ゆらく
意味あい	いみあい
意固地	いこじ
意地っ張り	いじっぱり
意地汚い	いじきたない
意気揚々	いきようよう
意訳	いやく
意趣	いしゅ
愕然	がくぜん
愚か者	おろかもの
愚人	ぐじん
愚作	ぐさく
愚劣	ぐれつ
愚問	ぐもん
愚図	ぐず
愚弟	ぐてい
愚息	ぐそく
愚挙	ぐきょ
愚昧	ぐまい
愚民	ぐみん
愚物	ぐぶつ
愚痴る	ぐちる
愚策	ぐさく
愚考	ぐこう
愚者	ぐしゃ
愚鈍	ぐどん
愛し合う	あいしあう
愛し子	いとしご
愛児	あいじ
愛国心	あいこくしん
愛妾	あいしょう
愛娘	まなむすめ
愛息	あいそく
愛撫	あいぶ
愛染明王	あいぜんみょうおう
愛玩	あいがん
愛顧	あいこ
愛飲	あいいん
感冒	かんぼう
感化院	かんかいん
感得	かんとく
感慨深い	かんがいぶかい
感無量	かんむりょう
感状	かんじょう
慄然	りつぜん
慇懃	いんぎん
慇懃無礼	いんぎんぶれい
慈恵	じけい
慈母	じぼ
態様	たいよう
慕情	ぼじょう
慚愧	ざんき
慟哭	どうこく
慣熟	かんじゅく
慣用音	かんようおん
慧眼	けいがん
慰撫	いぶ
慶安	けいあん
慶尚北道	きょんさんぷくと
慶尚南道	きょんさんなむど
慶応	けいおう
慶応大学	けいおうだいがく
慶応義塾大学	けいおうぎじゅくだいがく
慷慨	こうがい
憂さ晴らし	うさばらし
憂愁	ゆうしゅう
憎まれっ子	にくまれっこ
憎まれ口	にくまれぐち
憎まれ役	にくまれやく
憐憫	れんびん
憑き物	つきもの
憑依	ひょうい
憑物	つきもの
憑霊	ひょうれい
憔悴	しょうすい
憤怒	ふんぬ
憤懣	ふんまん
憮然	ぶぜん
憲法記念日	けんぽうきねんび
憶病	おくびょう
懈怠	けたい
懊悩	おうのう
懐中	かいちゅう
懐剣	かいけん
懐石	かいせき
懐紙	かいし
懐胎	かいたい
懲り懲り	こりごり
懸け橋	かけはし
懸崖	けんがい
懸想	けそう
懸架	けんか
戌年	いぬどし
成り上がり	なりあがり
成り上がる	なりあがる
成り下がる	なりさがる
成り代わる	なりかわる
成り済まし	なりすまし
成れの果て	なれのはて
成体	せいたい
成功裏	せいこうり
成句	せいく
成員	せいいん
成因	せいいん
成型	せいけい
成層	せいそう
成敗	せいばい
成獣	せいじゅう
成語	せいご
我が国	わがくに
我が物顔	わがものがお
我侭	わがまま
我国	わがくに
我執	がしゅう
我家	わがや
我慢強い	がまんづよい
我欲	がよく
我武者羅	がむしゃら
我田引水	がでんいんすい
我見	がけん
戒厳	かいげん
戒壇	かいだん
戦備	せんび
戦功	せんこう
戦役	せんえき
戦旗	せんき
戦機	せんき
戦病死	せんびょうし
戦陣	せんじん
戦隊	せんたい
戯れ言	ざれごと
戯作	げさく
戯言	たわごと
戴冠	たいかん
戸主	こしゅ
戸建て	こだて
戸締り	とじまり
所与	しょよ
所以	ゆえん
所内	しょない
所員	しょいん
所外	しょがい
所帯	しょたい
所帯持ち	しょたいもち
所掌	しょしょう
所望	しょもう
所縁	ゆかり
所行	しょぎょう
所説	しょせつ
所載	しょさい
扁平	へんぺい
扁平足	へんぺいそく
扁桃	へんとう
扁桃腺	へんとうせん
扁額	へんがく
扇情	せんじょう
扇状	せんじょう
扇状地	せんじょうち
扉絵	とびらえ
手の平	てのひら
手の者	てのもの
手りゅう弾	しゅりゅうだん
手一杯	ていっぱい
手下	てした
手不足	てぶそく
手並み	てなみ
手交	しゅこう
手仕舞い	てじまい
手付	てつけ
手付かず	てつかず
手付き	てつき
手付け	てつけ
手作業	てさぎょう
手傷	てきず
手出し	てだし
手刀	てがたな
手切れ	てぎれ
手切れ金	てぎれきん
手前勝手	てまえがって
手前味噌	てまえみそ
手力	たぢから
手勢	てぜい
手合	てあい
手合い	てあい
手合わせ	てあわせ
手向け	たむけ
手回し	てまわし
手垢	てあか
手工	しゅこう
手工業	しゅこうぎょう
手帖	てちょう
手引	てびき
手強い	てづよい
手当て	てあて
手心	てごころ
手慰み	てなぐさみ
手技	しゅぎ
手抜かり	てぬかり
手拭	てぬぐい
手拭い	てぬぐい
手拭き	てふき
手持ち無沙汰	てもちぶさた
手持無沙汰	てもちぶさた
手掛かり	てがかり
手掛け	てかけ
手掛り	てがかり
手提げ袋	てさげぶくろ
手摺	てすり
手斧	ておの
手旗	てばた
手書	てがき
手札	てふだ
手枷	てかせ
手桶	ておけ
手植え	てうえ
手榴弾	しゅりゅうだん
手槍	てやり
手水	てみず
手淫	しゅいん
手漉き	てすき
手甲	てっこう
手癖	てくせ
手短	てみじか
手筈	てはず
手筋	てすじ
手管	てくだ
手箱	てばこ
手篭	てかご
手続	てつづき
手編み	てあみ
手練	しゅれん
手縫い	てぬい
手繰り	てぐり
手羽	てば
手荒	てあら
手荒い	てあらい
手裏剣	しゅりけん
手解き	てほどき
手許	てもと
手詰め	てづめ
手負い	ておい
手造り	てづくり
手遊び	てあそび
手酌	てじゃく
手鍋	てなべ
手鏡	てかがみ
手長	てなが
手間ひま	てまひま
手間賃	てまちん
手間隙	てまひま
手頃	てごろ
手駒	てごま
才女	さいじょ
才媛	さいえん
才色兼備	さいしょくけんび
打ちっ放し	うちっぱなし
打ち付ける	うちつける
打ち倒す	うちたおす
打ち壊し	うちこわし
打ち寄せる	うちよせる
打ち所	うちどころ
打ち抜き	うちぬき
打ち抜く	うちぬく
打ち据える	うちすえる
打ち放し	うちはなし
打ち水	うちみず
打ち直す	うちなおす
打ち砕く	うちくだく
打ち落とす	うちおとす
打ち身	うちみ
打って出る	うってでる
打上げ	うちあげ
打出の小槌	うちでのこづち
打切り	うちきり
打合せ	うちあわせ
打撲傷	だぼくしょう
打放し	うちはなし
打消し	うちけし
打鍵	だけん
打首	うちくび
払い出し	はらいだし
払下げ	はらいさげ
払底	ふってい
払戻	はらいもどし
払戻し	はらいもどし
払戻金	はらいもどしきん
払込	はらいこみ
払込み	はらいこみ
扮装	ふんそう
扶持	ふち
扶翼	ふよく
批難	ひなん
扼殺	やくさつ
承前	しょうぜん
技士	ぎし
技工	ぎこう
技研	ぎけん
技芸	ぎげい
抄出	しょうしゅつ
抄訳	しょうやく
把手	とって
把持	はじ
抑え込み	おさえこみ
抒情	じょじょう
抒情詩	じょじょうし
投げ銭	なげせん
投げ飛ばす	なげとばす
投光器	とうこうき
投句	とうく
投宿	とうしゅく
投打	とうだ
投擲	とうてき
投身	とうしん
投錨	とうびょう
投開票	とうかいひょう
抗力	こうりょく
抗毒素	こうどくそ
抗生	こうせい
抗癌剤	こうがんざい
折り畳み	おりたたみ
折り紙付き	おりがみつき
折り込む	おりこむ
折り鶴	おりづる
折れ曲がる	おれまがる
折れ線	おれせん
折伏	しゃくぶく
折損	せっそん
折本	おりほん
折檻	せっかん
折畳み	おりたたみ
折詰	おりづめ
折返し	おりかえし
折鶴	おりづる
抜きん出る	ぬきんでる
抜き差し	ぬきさし
抜け殻	ぬけがら
抜刀	ばっとう
抜去	ばっきょ
抜書	ぬきがき
抜本	ばっぽん
抜歯	ばっし
抜毛	ばつもう
抜糸	ばっし
抜錨	ばつびょう
抱き合わせ	だきあわせ
抱卵	ほうらん
抱合	ほうごう
抱腹絶倒	ほうふくぜっとう
押し付けがましい	おしつけがましい
押し掛け	おしかけ
押し目	おしめ
押し込める	おしこめる
押し返す	おしかえす
押し進める	おしすすめる
押下	おうか
押出し	おしだし
押忍	おっす
押手	おして
押絵	おしえ
押韻	おういん
担体	たんたい
担持	たんじ
拇印	ぼいん
拇指	ぼし
拍子木	ひょうしぎ
拒食	きょしょく
拗音	ようおん
拘引	こういん
拘泥	こうでい
拙作	せっさく
拙宅	せったく
拙攻	せっこう
拙者	せっしゃ
拙著	せっちょ
招き入れる	まねきいれる
招き猫	まねきねこ
招待客	しょうたいきゃく
招来	しょうらい
招福	しょうふく
招魂	しょうこん
拝受	はいじゅ
拝命	はいめい
拝聴	はいちょう
拝読	はいどく
拝謁	はいえつ
拝領	はいりょう
拠り所	よりどころ
拡声	かくせい
拡大鏡	かくだいきょう
拡幅	かくふく
拡販	かくはん
括約筋	かつやくきん
拭き取る	ふきとる
拭き掃除	ふきそうじ
拳闘	けんとう
拼音	ぴんいん
拾い読み	ひろいよみ
拾遺	しゅうい
拿捕	だほ
持ち切り	もちきり
持ち時間	もちじかん
持ち替える	もちかえる
持ち歩く	もちあるく
持ち運び	もちはこび
持ち運ぶ	もちはこぶ
持ち駒	もちごま
持久走	じきゅうそう
持分	もちぶん
持前	もちまえ
持株	もちかぶ
持物	もちもの
持越し	もちこし
持込み	もちこみ
指人形	ゆびにんぎょう
指値	さしね
指導原理	しどうげんり
指導室	しどうしつ
指弾	しだん
按分	あんぶん
按司	あじ
按手	あんしゅ
按摩	あんま
按配	あんばい
挙げ句	あげく
挙兵	きょへい
挙国一致	きょこくいっち
挙証	きょしょう
挟み込む	はさみこむ
挟撃	きょうげき
振り付け師	ふりつけし
振り切れる	ふりきれる
振り向ける	ふりむける
振り払う	ふりはらう
振り掛け	ふりかけ
振り袖	ふりそで
振付	ふりつけ
振付け	ふりつけ
振出	ふりだし
振出し	ふりだし
振分け	ふりわけ
振替え	ふりかえ
振盪	しんとう
振舞	ふるまい
振袖	ふりそで
振込み	ふりこみ
挽き肉	ひきにく
挽回	ばんかい
挽肉	ひきにく
挿し木	さしき
挿し絵	さしえ
挿画	そうが
挿管	そうかん
捌け口	はけぐち
捕捉	ほそく
捕物	とりもの
捕縛	ほばく
捕虫	ほちゅう
捕食	ほしょく
捜し物	さがしもの
捨て値	すてね
捨て去る	すてさる
捨て置く	すておく
捨場	すてば
捨石	すていし
捨象	しゃしょう
捨身	すてみ
捨離	しゃり
据え置く	すえおく
据え膳	すえぜん
据付	すえつけ
捲土重来	けんどちょうらい
捺印	なついん
捺染	なっせん
捻出	ねんしゅつ
捻転	ねんてん
掃き掃除	はきそうじ
掃き溜め	はきだめ
掃引	そういん
掃除屋	そうじや
授乳期	じゅにゅうき
授戒	じゅかい
授章	じゅしょう
授粉	じゅふん
授精	じゅせい
掌紋	しょうもん
掌編	しょうへん
排せつ物	はいせつぶつ
排列	はいれつ
排尿	はいにょう
排撃	はいげき
排球	はいきゅう
掘っ立て	ほったて
掘り進む	ほりすすむ
掛け布団	かけぶとん
掛け時計	かけどけい
掛け替え	かけがえ
掛け橋	かけはし
掛布団	かけぶとん
掛時計	かけどけい
掛詞	かけことば
掛軸	かけじく
掛金	かけきん
掠奪	りゃくだつ
採卵	さいらん
採寸	さいすん
採尿	さいにょう
採油	さいゆ
採火	さいか
採種	さいしゅ
採草	さいそう
採譜	さいふ
探し出す	さがしだす
探し当てる	さがしあてる
探り出す	さぐりだす
探り当てる	さぐりあてる
探勝	たんしょう
探照灯	たんしょうとう
探険	たんけん
探題	たんだい
接写	せっしゃ
接尾	せつび
接続詞	せつぞくし
接線	せっせん
接辞	せつじ
接頭	せっとう
接骨	せっこつ
控え目	ひかえめ
控室	ひかえしつ
推して知るべし	おしてしるべし
推参	すいさん
推戴	すいたい
推拿	すいな
推算	すいさん
推認	すいにん
掩体	えんたい
掩蔽	えんぺい
掩護	えんご
措定	そてい
掲出	けいしゅつ
掴み取り	つかみどり
掴み所	つかみどころ
掻き立てる	かきたてる
掻爬	そうは
掻痒	そうよう
揉み上げ	もみあげ
揉み合い	もみあい
揉み手	もみで
揉み消し	もみけし
揉め事	もめごと
描き直し	えがきなおし
描像	びょうぞう
描出	びょうしゅつ
描法	びょうほう
描画	びょうが
描線	びょうせん
提灯持ち	ちょうちんもち
提議	ていぎ
揚げ句	あげく
揚げ油	あげあぶら
揚げ玉	あげだま
揚げ足	あげあし
揚句	あげく
揚水	ようすい
揚羽蝶	あげはちょう
揚陸	ようりく
換価	かんか
換地	かんち
換毛	かんもう
換羽	かんう
換装	かんそう
換言	かんげん
換骨奪胎	かんこつだったい
握り拳	にぎりこぶし
握り潰し	にぎりつぶし
援交	えんこう
揺り動かす	ゆりうごかす
揺れ動く	ゆれうごく
揺籃	ゆりかご
損保	そんぽ
損気	そんき
損耗	そんもう
搬送波	はんそうは
携挙	けいきょ
搾り取る	しぼりとる
搾油	さくゆ
摂動	せつどう
摂政	せっしょう
摂生	せっせい
摂社	せっしゃ
摂関	せっかん
摘果	てきか
摘示	てきし
摘要	てきよう
摩擦音	まさつおん
摩訶不思議	まかふしぎ
撃ち合う	うちあう
撃ち抜く	うちぬく
撃ち方	うちかた
撃ち殺す	うちころす
撃ち込む	うちこむ
撃剣	げきけん
撃滅	げきめつ
撃針	げきしん
撃鉄	げきてつ
撒き餌	まきえ
撒布	さんぷ
播種	はしゅ
撮像	さつぞう
撰集	せんしゅう
撲殺	ぼくさつ
撹乱	かくらん
撹拌	かくはん
操舵	そうだ
操船	そうせん
操艦	そうかん
擦り付ける	なすりつける
擦り切れる	すりきれる
擦り寄る	すりよる
擦れ合う	すれあう
擦れ違い	すれちがい
擦過	さっか
擦過傷	さっかしょう
擬人	ぎじん
擬似	ぎじ
擬制	ぎせい
擬古	ぎこ
擬声語	ぎせいご
擬宝珠	ぎぼし
擬態	ぎたい
擬態語	ぎたいご
擬死	ぎし
擬装	ぎそう
擬音	ぎおん
擲弾	てきだん
擲弾筒	てきだんとう
擾乱	じょうらん
攣縮	れんしゅく
攪乱	かくらん
攪拌	かくはん
支川	しせん
支弁	しべん
支払	しはらい
支族	しぞく
支点	してん
支藩	しはん
支隊	したい
支離滅裂	しりめつれつ
改元	かいげん
改姓	かいせい
改悛	かいしゅん
改易	かいえき
改暦	かいれき
改版	かいはん
改稿	かいこう
改竄	かいざん
改葬	かいそう
改行	かいぎょう
改訳	かいやく
攻め落とす	せめおとす
攻囲	こうい
放り出す	ほうりだす
放り込み	ほうりこみ
放り込む	ほうりこむ
放下	ほうか
放射光	ほうしゃこう
放射状	ほうしゃじょう
放尿	ほうにょう
放散	ほうさん
放校	ほうこう
放浪癖	ほうろうへき
放物線	ほうぶつせん
放線	ほうせん
放縦	ほうじゅう
放課	ほうか
放談	ほうだん
放逸	ほういつ
放鳥	ほうちょう
政令市	せいれいし
政労	せいろう
政友	せいゆう
政経学部	せいけいがくぶ
政調	せいちょう
政財界	せいざいかい
政道	せいどう
故殺	こさつ
故買	こばい
敏捷	びんしょう
救い主	すくいぬし
救い出す	すくいだす
救命具	きゅうめいぐ
救命胴衣	きゅうめいどうい
救護班	きゅうごはん
救貧	きゅうひん
敗勢	はいせい
敗色	はいしょく
敗軍	はいぐん
教会堂	きょうかいどう
教具	きょうぐ
教典	きょうてん
教則	きょうそく
教卓	きょうたく
教場	きょうじょう
教委	きょうい
教導	きょうどう
教条	きょうじょう
教案	きょうあん
教派	きょうは
教父	きょうふ
教理	きょうり
教皇	きょうこう
教科書問題	きょうかしょもんだい
教程	きょうてい
教範	きょうはん
教練	きょうれん
教習所	きょうしゅうじょ
教誨	きょうかい
教鞭	きょうべん
散り散り	ちりぢり
散光	さんこう
散剤	さんざい
散大	さんだい
散歩道	さんぽみち
散華	さんげ
散薬	さんやく
散財	さんざい
散開	さんかい
敬慕	けいぼ
敬神	けいしん
敬虔	けいけん
数え上げる	かぞえあげる
数え年	かぞえどし
数え歌	かぞえうた
数の子	かずのこ
数列	すうれつ
数多	あまた
数多い	かずおおい
数奇屋	すきや
数寄屋造り	すきやづくり
数珠つなぎ	じゅずつなぎ
数珠玉	じゅずだま
数珠繋ぎ	じゅずつなぎ
数種類	すうしゅるい
数等	すうとう
数行	すうぎょう
数表示	すうひょうじ
整容	せいよう
整式	せいしき
整復	せいふく
整流	せいりゅう
整腸剤	せいちょうざい
整骨	せいこつ
敵勢	てきせい
敵同士	かたきどうし
敵情	てきじょう
敵愾心	てきがいしん
敵艦	てきかん
敵襲	てきしゅう
敷布	しきふ
敷布団	しきぶとん
敷物	しきもの
敷衍	ふえん
文型	ぶんけい
文字どおり	もじどおり
文字数	もじすう
文学部	ぶんがくぶ
文展	ぶんてん
文庫本	ぶんこぼん
文意	ぶんい
文才	ぶんさい
文旦	ぶんたん
文末	ぶんまつ
文机	ふづくえ
文武両道	ぶんぶりょうどう
文無し	もんなし
文理学部	ぶんりがくぶ
文盲	もんもう
文箱	ふばこ
文節	ぶんせつ
文芸春秋	ぶんげいしゅんじゅう
文藝	ぶんげい
文言	もんごん
文責	ぶんせき
文選	ぶんせん
文鎮	ぶんちん
文頭	ぶんとう
斉一	せいいつ
斉射	せいしゃ
斎主	さいしゅ
斑入り	ふいり
斑点	はんてん
斑状	はんじょう
斑紋	はんもん
料率	りょうりつ
料紙	りょうし
料飲	りょういん
斜坑	しゃこう
斜線	しゃせん
斜視	しゃし
斜辺	しゃへん
斟酌	しんしゃく
斤量	きんりょう
斥候	せっこう
斥力	せきりょく
斬殺	ざんさつ
斬首	ざんしゅ
断乎	だんこ
断崖絶壁	だんがいぜっぺき
断種	だんしゅ
断章	だんしょう
断筆	だんぴつ
断簡	だんかん
断線	だんせん
断裁	だんさい
断頭	だんとう
斯様	かよう
新体操	しんたいそう
新入り	しんいり
新入生	しんにゅうせい
新出	しんしゅつ
新刀	しんとう
新券	しんけん
新嘗祭	にいなめさい
新報	しんぽう
新大陸	しんたいりく
新字	しんじ
新店	しんみせ
新形	しんがた
新撰	しんせん
新教	しんきょう
新暦	しんれき
新来	しんらい
新柄	しんがら
新案	しんあん
新生代	しんせいだい
新盆	にいぼん
新盤	しんばん
新税	しんぜい
新種	しんしゅ
新約	しんやく
新編	しんぺん
新訳	しんやく
新選	しんせん
新釈	しんしゃく
新駅	しんえき
新鮮味	しんせんみ
方今	ほうこん
方偏	かたへん
方向づけ	ほうこうづけ
方墳	ほうふん
方方	かたがた
方案	ほうあん
方略	ほうりゃく
方舟	はこぶね
方途	ほうと
方陣	ほうじん
施療	せりょう
施肥	せひ
施薬	せやく
施術	せじゅつ
施釉	せゆう
施餓鬼	せがき
旅回り	たびまわり
旅客船	りょかくせん
旅装	りょそう
旋光	せんこう
旋法	せんぽう
旗下	きか
旗幟	きし
旗持ち	はたもち
旗竿	はたざお
旗艦	きかん
既出	きしゅつ
既報	きほう
既得	きとく
既知	きち
既遂	きすい
日の本	ひのもと
日付変更線	ひづけへんこうせん
日割	ひわり
日割り	ひわり
日収	にっしゅう
日向ぼっこ	ひなたぼっこ
日商	にっしょう
日子	にっし
日射し	ひざし
日干	ひぼし
日当り	ひあたり
日影	ひかげ
日持ち	ひもち
日時計	ひどけい
日本たばこ産業	にほんたばこさんぎょう
日本円	にほんえん
日本医科大学	にほんいかだいがく
日本原子力発電	にほんげんしりょくはつでん
日本原燃	にほんげんねん
日本学士院	にほんがくしいん
日本工業大学	にほんこうぎょうだいがく
日本工業規格	にほんこうぎょうきかく
日本新党	にほんしんとう
日本晴れ	にほんばれ
日本犬	にほんけん
日本猿	にほんざる
日本生命	にっぽんせいめい
日本生命保険	にっぽんせいめいほけん
日本福祉大学	にほんふくしだいがく
日本通運	にっぽんつううん
日本電産	にほんでんさん
日本髪	にほんがみ
日次	にちじ
日歩	ひぶ
日毎	ひごと
日立製作所	ひたちせいさくじょ
日米地位協定	にちべいちいきょうてい
日舞	にちぶ
日蝕	にっしょく
日豊本線	にっぽうほんせん
日輪	にちりん
日銀	にちぎん
日銀短観	にちぎんたんかん
日限	にちげん
日除け	ひよけ
日陰者	ひかげもの
日雇	ひやとい
日額	にちがく
旧人	ふるびと
旧劇	きゅうげき
旧宅	きゅうたく
旧居	きゅうきょ
旧年	きゅうねん
旧弊	きゅうへい
旧教	きゅうきょう
旧称	きゅうしょう
旧聞	きゅうぶん
旧臣	きゅうしん
旧記	きゅうき
旧訳	きゅうやく
旧道	きゅうどう
旧領	きゅうりょう
旧館	きゅうかん
旨味	うまみ
早世	そうせい
早合点	はやがてん
早弾き	はやびき
早打ち	はやうち
早漏	そうろう
早生	わせ
早生まれ	はやうまれ
早番	はやばん
早老	そうろう
早耳	はやみみ
早送り	はやおくり
早霜	はやじも
旭日大綬章	きょくじつだいじゅしょう
旱魃	かんばつ
昂奮	こうふん
昂揚	こうよう
昇圧	しょうあつ
昇天	しょうてん
昇段	しょうだん
昇殿	しょうでん
昇順	しょうじゅん
明くる日	あくるひ
明け暮れる	あけくれる
明太	めんたい
明太子	めんたいこ
明察	めいさつ
明度	めいど
明方	あけがた
明朝体	みんちょうたい
明海大学	めいかいだいがく
明滅	めいめつ
明烏	あけがらす
明色	めいしょく
明鏡止水	めいきょうしすい
昏倒	こんとう
易姓革命	えきせいかくめい
易学	えきがく
易者	えきしゃ
昔日	せきじつ
昔気質	むかしかたぎ
昔語り	むかしがたり
星取表	ほしとりひょう
星図	せいず
星宿	せいしゅく
星月夜	ほしづきよ
星祭り	ほしまつり
星章	せいしょう
星辰	せいしん
星霜	せいそう
春宮	とうぐう
春巻き	はるまき
春情	しゅんじょう
春期	しゅんき
春本	しゅんぽん
春物	はるもの
春画	しゅんが
春節	しゅんせつ
春色	しゅんしょく
春霞	はるがすみ
昨夏	さっか
昨夕	ゆうべ
昨季	さくき
昨日今日	きのうきょう
是々非々	ぜぜひひ
昵懇	じっこん
昼光色	ちゅうこうしょく
昼日中	ひるひなか
昼行灯	ひるあんどん
時下	じか
時代もの	じだいもの
時代遅れ	じだいおくれ
時制	じせい
時化	しけ
時数	じすう
時時	ときどき
時短	じたん
時論	じろん
時針	じしん
時鳥	ほととぎす
晩生	おくて
晩節	ばんせつ
晩鐘	ばんしょう
普請	ふしん
普賢菩薩	ふげんぼさつ
景気づけ	けいきづけ
景気動向指数	けいきどうこうしすう
晴れ渡る	はれわたる
晴着	はれぎ
晴耕雨読	せいこううどく
智力	ちりょく
智能	ちのう
智謀	ちぼう
智識	ちしき
暁闇	あかつきやみ
暇乞い	いとまごい
暇人	ひまじん
暇潰し	ひまつぶし
暑気	しょき
暑熱	しょねつ
暑苦しい	あつくるしい
暖気	のんき
暖色	だんしょく
暗中模索	あんちゅうもさく
暗君	あんくん
暗唱	あんしょう
暗喩	あんゆ
暗室	あんしつ
暗幕	あんまく
暗愚	あんぐ
暗渠	あんきょ
暗澹	あんたん
暗色	あんしょく
暗視装置	あんしそうち
暗証	あんしょう
暗誦	あんしょう
暗譜	あんぷ
暗部	あんぶ
暗鬱	あんうつ
暢気	のんき
暦日	れきじつ
暦本	れきほん
暫時	ざんじ
暴き出す	あばきだす
暴威	ぼうい
暴対法	ぼうたいほう
暴投	ぼうとう
暴排	ぼうはい
暴政	ぼうせい
暴牛	あばれうし
暴雨	ぼうう
曇天	どんてん
曝気	ばっき
曝露	ばくろ
曠野	こうや
曰く付き	いわくつき
曲乗り	きょくのり
曲名	きょくめい
曲射	きょくしゃ
曲想	きょくそう
曲技	きょくぎ
曲者	くせもの
曲解	きょっかい
曲調	きょくちょう
曳光弾	えいこうだん
曳家	ひきや
曳航	えいこう
曳船	えいせん
更地	さらち
書き下し	かきくだし
書き付け	かきつけ
書き分け	かきわけ
書き損じ	かきそんじ
書き散らし	かきちらし
書き物	かきもの
書き立てる	かきたてる
書き置き	かきおき
書き表す	かきあらわす
書き記す	かきしるす
書下ろし	かきおろし
書中	しょちゅう
書付	かきつけ
書信	しょしん
書出し	かきだし
書初め	かきぞめ
書換え	かきかえ
書目	しょもく
書置き	かきおき
書肆	しょし
書見	しょけん
書証	しょしょう
書込み	かきこみ
書風	しょふう
曹長	そうちょう
曼珠沙華	まんじゅしゃげ
曾孫	ひまご
曾祖母	そうそぼ
曾祖父	そうそふ
替玉	かえだま
最上級	さいじょうきゅう
最上階	さいじょうかい
最下位	さいかい
最優秀	さいゆうしゅう
最前	さいぜん
最北端	さいほくたん
最南端	さいなんたん
最大手	さいおおて
最奥	さいおう
最寄り駅	もよりえき
最寄駅	もよりえき
最小公倍数	さいしょうこうばいすう
最年長	さいねんちょう
最後っ屁	さいごっぺ
最後の審判	さいごのしんぱん
最敬礼	さいけいれい
最果て	さいはて
最深	さいしん
會社	かいしゃ
月の物	つきのもの
月の輪	つきのわ
月下	げっか
月下美人	げっかびじん
月世界	げっせかい
月代	さかやき
月別	つきべつ
月利	げつり
月役	つきやく
月明かり	つきあかり
月桂	げっけい
月桂樹	げっけいじゅ
月極	つきぎめ
月極め	つきぎめ
月次	つきなみ
月蝕	げっしょく
月見草	つきみそう
月輪	げつりん
月遅れ	つきおくれ
月頃	つきごろ
月餅	げっぺい
月齢	げつれい
有り体	ありてい
有り余る	ありあまる
有り合わせ	ありあわせ
有り得	ありう
有り得る	ありうる
有り様	ありさま
有り金	ありがね
有り難う	ありがとう
有休	ゆうきゅう
有余	ゆうよ
有価	ゆうか
有刺鉄線	ゆうしてっせん
有印	ゆういん
有心	うしん
有性	ゆうせい
有意	ゆうい
有期	ゆうき
有段者	ゆうだんしゃ
有理数	ゆうりすう
有田焼	ありたやき
有神論	ゆうしんろん
有終の美	ゆうしゅうのび
有縁	うえん
有色	ゆうしょく
有蓋	ゆうがい
有象無象	うぞうむぞう
有閑	ゆうかん
有難味	ありがたみ
服属	ふくぞく
服役囚	ふくえきしゅう
服毒	ふくどく
朔日	ついたち
朗唱	ろうしょう
望楼	ぼうろう
望見	ぼうけん
朝会	ちょうかい
朝家	ちょうか
朝寝	あさね
朝敵	ちょうてき
朝立ち	あさだち
朝練	あされん
朝臣	ちょうしん
朝起き	あさおき
朝酒	あさざけ
朝露	あさつゆ
朝靄	あさもや
朝風呂	あさぶろ
朝飯前	あさめしまえ
朝鮮人民軍	ちょうせんじんみんぐん
朝鮮総連	ちょうせんそうれん
期初	きしょ
期成	きせい
期限切れ	きげんぎれ
期首	きしゅ
朦朧	もうろう
朧月	おぼろづき
朧月夜	おぼろづきよ
朧気	おぼろげ
木っ端	こっぱ
木っ端みじん	こっぱみじん
木っ端微塵	こっぱみじん
木の下	このした
木の間	このま
木偶	でく
木偶の坊	でくのぼう
木像	もくぞう
木剣	ぼっけん
木型	きがた
木屑	きくず
木戸銭	きどせん
木札	きふだ
木枯し	こがらし
木橋	もっきょう
木漏れ日	こもれび
木灰	きばい
木琴	もっきん
木瓜	ぼけ
木目込み	きめこみ
木端微塵	こっぱみじん
木簡	もっかん
木組み	きぐみ
木耳	きくらげ
木肌	きはだ
木菟	みみずく
木製品	もくせいひん
木質	もくしつ
木酢	もくさく
木鐸	ぼくたく
木靴	きぐつ
木骨	もっこつ
木魚	もくぎょ
未必の故意	みひつのこい
未成	みせい
未払金	みはらいきん
未曾有	みぞう
未来永劫	みらいえいごう
未着	みちゃく
未見	みけん
未詳	みしょう
未読	みどく
末世	まっせ
末子	ばっし
末席	まっせき
末広がり	すえひろがり
末恐ろしい	すえおそろしい
末永い	すえながい
末法	まっぽう
末社	まっしゃ
末節	まっせつ
末葉	まつよう
本代	ほんだい
本会	ほんかい
本初	ほんしょ
本務	ほんむ
本営	ほんえい
本妻	ほんさい
本姓	ほんせい
本宅	ほんたく
本官	ほんかん
本寺	ほんじ
本市	ほんし
本式	ほんしき
本懐	ほんかい
本戦	ほんせん
本所	ほんしょ
本拠地	ほんきょち
本支店	ほんしてん
本有	ほんぬ
本末	ほんまつ
本案	ほんあん
本歌	ほんか
本法	ほんぽう
本源	ほんげん
本然	ほんぜん
本県	ほんけん
本稿	ほんこう
本立	ほんたて
本章	ほんしょう
本管	ほんかん
本節	ほんせつ
本編	ほんぺん
本署	ほんしょ
本論	ほんろん
本通り	ほんどおり
本選	ほんせん
本邸	ほんてい
本金	ほんきん
本降り	ほんぶり
本震	ほんしん
札入れ	さついれ
札所	ふだしょ
札止め	ふだどめ
朱子学	しゅしがく
朱肉	しゅにく
朱色	しゅいろ
朱雀	すざく
朴念仁	ぼくねんじん
朴訥	ぼくとつ
朽ち果てる	くちはてる
朽木	くちき
李下	りか
杏仁	きょうにん
村営	そんえい
村社	そんしゃ
杓子定規	しゃくしじょうぎ
束の間	つかのま
束帯	そくたい
条令	じょうれい
条件付け	じょうけんづけ
来し方	きしかた
来季	らいき
来年度	らいねんど
来所	らいしょ
来朝	らいちょう
来期	らいき
来校	らいこう
来社	らいしゃ
来臨	らいりん
来院	らいいん
来館	らいかん
東京日日新聞	とうきょうにちにちしんぶん
東京芸術大学	とうきょうげいじゅつだいがく
東北大	とうほくだい
東天	とうてん
東夷	あずまえびす
東征	とうせい
東端	とうたん
東証	とうしょう
東遊	あずまあそび
東館	ひがしかん
東麓	とうろく
杵柄	きねづか
松の木	まつのき
松脂	まつやに
松茸	まつたけ
松葉杖	まつばづえ
松露	しょうろ
板挟み	いたばさみ
板書	ばんしょ
板木	はんぎ
板材	いたざい
板目	いため
析出	せきしゅつ
枕元	まくらもと
林地	りんち
果し合い	はたしあい
果報	かほう
果報者	かほうもの
果皮	かひ
果糖	かとう
果菜	かさい
枝分かれ	えだわかれ
枝垂れ	しだれ
枝垂れ桜	しだれざくら
枝垂桜	しだれざくら
枝打ち	えだうち
枝肉	えだにく
枠組	わくぐみ
枡席	ますせき
枢密院	すうみついん
枢要	すうよう
枯れ葉	かれは
枯山水	かれさんすい
枯草	かれくさ
架け橋	かけはし
架台	かだい
柄杓	ひしゃく
柄物	がらもの
柄頭	つかがしら
柊木	ひいらぎ
柏餅	かしわもち
某国	ぼうこく
某所	ぼうしょ
某氏	ぼうし
某社	ぼうしゃ
柑橘	かんきつ
染み付く	しみつく
染み入る	しみいる
染み抜き	しみぬき
染み渡る	しみわたる
染め上げる	そめあげる
染め分け	そめわけ
染め物	そめもの
染め直す	そめなおす
染井吉野	そめいよしの
染物	そめもの
染髪	せんぱつ
柔肌	やわはだ
柔術	じゅうじゅつ
柱時計	はしらどけい
柱状	ちゅうじょう
柱石	ちゅうせき
柱頭	ちゅうとう
査読	さどく
柾目	まさめ
柿の木	かきのき
柿渋	かきしぶ
柿色	かきいろ
栄典	えいてん
栄枯盛衰	えいこせいすい
栄転	えいてん
栄養剤	えいようざい
栗色	くりいろ
栗饅頭	くりまんじゅう
栗鼠	りす
校了	こうりょう
校倉	あぜくら
校区	こうく
校訂	こうてい
株分け	かぶわけ
核保有	かくほゆう
核種	かくしゅ
核軍縮	かくぐんしゅく
根付	ねつけ
根太	ねぶと
根柢	こんてい
根無し草	ねなしぐさ
根粒	こんりゅう
根絶やし	ねだやし
根茎	こんけい
根菜	こんさい
根雪	ねゆき
格下	かくした
格付	かくづけ
格天井	ごうてんじょう
格子戸	こうしど
格子縞	こうしじま
格技	かくぎ
格率	かくりつ
格闘技	かくとうぎ
桁外れ	けたはずれ
桁違い	けたちがい
桂皮	けいひ
桃の節句	もものせっく
桃尻	ももじり
桃源郷	とうげんきょう
案出	あんしゅつ
桎梏	しっこく
桜桃	さくらんぼ
桜海老	さくらえび
桜草	さくらそう
桜貝	さくらがい
桜通線	さくらどおりせん
桜餅	さくらもち
桟道	さんどう
桿菌	かんきん
梃子	てこ
梅干	うめぼし
梅桃	ゆすらうめ
梅酢	うめず
梗概	こうがい
梟雄	きょうゆう
梧桐	あおぎり
梨園	りえん
梯団	ていだん
梯形	ていけい
梵語	ぼんご
梵鐘	ぼんしょう
棄損	きそん
棄教	ききょう
棄民	きみん
棋力	きりょく
棋戦	きせん
棋王	きおう
棍棒	こんぼう
棒切れ	ぼうきれ
棒術	ぼうじゅつ
棒高跳	ぼうたかとび
棚卸	たなおろし
棚卸し	たなおろし
棟上げ	むねあげ
森林地帯	しんりんちたい
森林浴	しんりんよく
森森	しんしん
森羅万象	しんらばんしょう
棲家	すみか
棲息	せいそく
棺桶	かんおけ
椋鳥	むくどり
植付け	うえつけ
植字	しょくじ
植毛	しょくもう
植生	しょくせい
植込み	うえこみ
椎骨	ついこつ
検収	けんしゅう
検品	けんぴん
検地	けんち
検尿	けんにょう
検屍	けんし
検札	けんさつ
検査官	けんさかん
検死	けんし
検波	けんぱ
検温	けんおん
検眼	けんがん
検知	けんち
検算	けんざん
検見	けみ
検車	けんしゃ
検非違使	けびいし
椿油	つばきあぶら
楊柳	やなぎ
楔状	けつじょう
業容	ぎょうよう
業態	ぎょうたい
業況	ぎょうきょう
業法	ぎょうほう
業火	ごうか
業物	わざもの
業病	ごうびょう
極め付け	きわめつけ
極光	きょっこう
極大	きょくだい
極太	ごくぶと
極少	きょくしょう
極微	きょくび
極性	きょくせい
極楽とんぼ	ごくらくとんぼ
極楽往生	ごくらくおうじょう
極楽浄土	ごくらくじょうど
極楽鳥	ごくらくちょう
極言	きょくげん
楽人	がくじん
楽典	がくてん
楽土	らくど
楽士	がくし
楽屋裏	がくやうら
楽師	がくし
楽座	らくざ
楽想	がくそう
楽日	らくじつ
楽楽	らくらく
楽焼	らくやき
楽聖	がくせい
楽長	がくちょう
楽音	がくおん
概念的	がいねんてき
概括	がいかつ
概数	がいすう
榴弾	りゅうだん
構文	こうぶん
構音	こうおん
槍投げ	やりなげ
槍玉	やりだま
槍術	そうじゅつ
槓子	かんつ
様子見	ようすみ
様態	ようたい
様様	さまざま
標柱	ひょうちゅう
標準時	ひょうじゅんじ
標示	ひょうじ
標記	ひょうき
標題	ひょうだい
樟脳	しょうのう
模本	もほん
模糊	もこ
権原	けんげん
権能	けんのう
権門	けんもん
横っ腹	よこっぱら
横っ面	よこっつら
横並び	よこならび
横好き	よこずき
横恋慕	よこれんぼ
横抱き	よこだき
横槍	よこやり
横殴り	よこなぐり
横浜市立大学	よこはましりつだいがく
横溢	おういつ
横筋	よこすじ
横縞	よこじま
横腹	よこばら
横臥	おうが
横這い	よこばい
横隔膜	おうかくまく
横風	おうふう
樹冠	じゅかん
樹勢	じゅせい
樺の木	かばのき
橈骨	とうこつ
橋台	きょうだい
橋桁	はしげた
橋梁	きょうりょう
橋頭堡	きょうとうほ
機具	きぐ
機屋	はたや
機巧	きこう
機甲	きこう
機略	きりゃく
機縁	きえん
檀家	だんか
檀那	だんな
檄文	げきぶん
欄間	らんま
欠乏症	けつぼうしょう
欠格	けっかく
欠番	けつばん
欠食	けっしょく
次世代	じせだい
次兄	じけい
次号	じごう
次子	じし
次数	じすう
次次	つぎつぎ
次項	じこう
欧化	おうか
欲情	よくじょう
欲深	よくふか
欽定	きんてい
歌仙	かせん
歌合戦	うたがっせん
歌碑	かひ
歌舞伎座	かぶきざ
歌誌	かし
歌道	かどう
歓心	かんしん
歓楽	かんらく
止揚	しよう
正々堂々	せいせいどうどう
正三角形	せいさんかくけい
正会員	せいかいいん
正伝	せいでん
正副	せいふく
正否	せいひ
正妻	せいさい
正字	せいじ
正安	しょうあん
正弦	せいげん
正教会	せいきょうかい
正数	せいすう
正時	しょうじ
正書法	せいしょほう
正本	しょうほん
正業	せいぎょう
正比例	せいひれい
正法	しょうぼう
正犯	せいはん
正真正銘	しょうしんしょうめい
正社員	せいしゃいん
正絹	しょうけん
正誤	せいご
正課	せいか
正調	せいちょう
正負	せいふ
正邪	せいじゃ
正餐	せいさん
正鵠	せいこく
此の世	このよ
此岸	しがん
此度	このたび
此所	ここ
此間	こないだ
武具	ぶぐ
武勲	ぶくん
武威	ぶい
武技	ぶぎ
武断	ぶだん
武略	ぶりゃく
武神	ぶしん
武者震い	むしゃぶるい
武芸	ぶげい
武芸者	ぶげいしゃ
武運	ぶうん
武道館	ぶどうかん
武闘	ぶとう
歩哨	ほしょう
歪曲	わいきょく
歯学	しがく
歯学部	しがくぶ
歯応え	はごたえ
歯根	しこん
歯槽	しそう
歯槽膿漏	しそうのうろう
歯牙	しが
歯石	しせき
歯磨	はみがき
歯磨き粉	はみがきこ
歯肉	しにく
歯茎	はぐき
歯軋り	はぎしり
歯髄	しずい
死に場所	しにばしょ
死に損ない	しにぞこない
死に目	しにめ
死に神	しにがみ
死に絶える	しにたえる
死に装束	しにしょうぞく
死に際	しにぎわ
死に顔	しにがお
死出	しで
死地	しち
死屍	しし
死文	しぶん
死斑	しはん
死火山	しかざん
死病	しびょう
死相	しそう
死神	しにがみ
死罪	しざい
死蔵	しぞう
死装束	しにしょうぞく
死霊	しりょう
殉教者	じゅんきょうしゃ
殉死	じゅんし
殊勲賞	しゅくんしょう
殊更	ことさら
残り少ない	のこりすくない
残り火	のこりび
残り物	のこりもの
残り香	のこりが
残土	ざんど
残月	ざんげつ
残置	ざんち
残部	ざんぶ
残響	ざんきょう
残骸	ざんがい
殖民	しょくみん
殲滅	せんめつ
段々畑	だんだんばたけ
段丘	だんきゅう
段差	だんさ
殺伐	さつばつ
殺陣師	たてし
殺鼠剤	さっそざい
殿上	てんじょう
殿上人	てんじょうびと
殿中	でんちゅう
殿御	とのご
殿方	とのがた
毀誉	きよ
毅然	きぜん
母上	ははうえ
母后	ぼこう
母型	ぼけい
母堂	ぼどう
母系	ぼけい
母語	ぼご
母集団	ぼしゅうだん
毎号	まいごう
毎夕	まいゆう
毎夜	まいよ
毎期	まいき
毎食	まいしょく
毒味	どくみ
毒婦	どくふ
毒手	どくしゅ
毒気	どっき
毒消し	どくけし
毒液	どくえき
毒牙	どくが
毒矢	どくや
毒草	どくそう
毒虫	どくむし
毒蛇	どくじゃ
毒蛾	どくが
毒見	どくみ
比べ物	くらべもの
比丘	びく
比丘尼	びくに
比定	ひてい
比熱	ひねつ
比肩	ひけん
毛並	けなみ
毛唐	けとう
毛嫌い	けぎらい
毛孔	けあな
毛抜き	けぬき
毛根	もうこん
毛氈	もうせん
毛深い	けぶかい
毛細管	もうさいかん
毛織物	けおりもの
毛羽	けば
毛色	けいろ
毛蟹	けがに
民度	みんど
民泊	みんぱく
民訴	みんそ
気乗り	きのり
気付き	きづき
気付け	きづけ
気休め	きやすめ
気位	きぐらい
気功	きこう
気合い	きあい
気味悪い	きみわるい
気団	きだん
気孔	きこう
気張る	きばる
気持	きもち
気持ちよく	きもちよく
気持ち良く	きもちよく
気掛かり	きがかり
気狂い	きちがい
気疲れ	きづかれ
気立て	きだて
気紛れ	きまぐれ
気胸	ききょう
気脈	きみゃく
気色	きしょく
気運	きうん
気高い	けだかい
氣功	きこう
水の泡	みずのあわ
水不足	みずぶそく
水中花	すいちゅうか
水仕事	みずしごと
水勢	すいせい
水垢	みずあか
水墨	すいぼく
水天	すいてん
水夫	すいふ
水密	すいみつ
水干	すいかん
水平面	すいへいめん
水張り	みずばり
水心	みずごころ
水捌け	みずはけ
水掛け論	みずかけろん
水攻め	みずぜめ
水時計	みずどけい
水枕	みずまくら
水柱	みずばしら
水栽培	みずさいばい
水棲	すいせい
水浴	すいよく
水浴び	みずあび
水溜まり	みずたまり
水澄	みずすまし
水火	すいか
水炊き	みずたき
水煙	みずけむり
水物	みずもの
水疱	すいほう
水疱瘡	みずぼうそう
水痘	すいとう
水盤	すいばん
水線	すいせん
水練	すいれん
水腫	すいしゅ
水芭蕉	みずばしょう
水芸	みずげい
水菓子	みずがし
水葬	すいそう
水薬	すいやく
水蜜	すいみつ
水責め	みずぜめ
水軍	すいぐん
水運	すいうん
水道局	すいどうきょく
水酸化	すいさんか
水酸化物	すいさんかぶつ
水酸基	すいさんき
水金	みずきん
水鏡	みずかがみ
水防	すいぼう
水陸	すいりく
水雷	すいらい
水音	みずおと
水風呂	みずぶろ
水飴	みずあめ
水魔	すいま
水魚	すいぎょ
氷嚢	ひょうのう
氷塊	ひょうかい
氷壁	ひょうへき
氷枕	こおりまくら
氷河期	ひょうがき
氷点	ひょうてん
氷砂糖	こおりざとう
氷結	ひょうけつ
氷菓子	こおりがし
氷雪	ひょうせつ
氷魚	ひうお
永久歯	えいきゅうし
永劫	えいごう
永眠	えいみん
汁物	しるもの
汁粉	しるこ
求償	きゅうしょう
求婚	きゅうこん
求心	きゅうしん
求肥	ぎゅうひ
汎愛	はんあい
汗取り	あせとり
汗疹	あせも
汗腺	かんせん
汚損	おそん
汚辱	おじょく
池塘	ちとう
池沼	ちしょう
汲み上げる	くみあげる
決定づける	けっていづける
決選	けっせん
汽水	きすい
沈丁花	じんちょうげ
沈思	ちんし
沈殿	ちんでん
沈潜	ちんせん
沈船	ちんせん
沈金	ちんきん
沈香	じんこう
沐浴	もくよく
沖合い	おきあい
沖積	ちゅうせき
沙子	すなご
沙汰止み	さたやみ
沙漠	さばく
沙羅双樹	さらそうじゅ
没交渉	ぼっこうしょう
没入	ぼつにゅう
没薬	もつやく
没食子	ぼっしょくし
沢蟹	さわがに
河岸	かわぎし
河水	かすい
河港	かこう
河谷	かこく
河豚	ふぐ
沸き立つ	わきたつ
沸点	ふってん
油分	ゆぶん
油層	ゆそう
油揚	あぶらあげ
油断大敵	ゆだんたいてき
油槽	ゆそう
油煙	ゆえん
油粕	あぶらかす
油絵具	あぶらえのぐ
油膜	ゆまく
治下	ちか
治世	ちせい
沽券	こけん
泊まり込む	とまりこむ
泊地	はくち
泌尿	ひにょう
法体	ほったい
法典	ほうてん
法務大臣	ほうむだいじん
法務局	ほうむきょく
法号	ほうごう
法域	ほういき
法帖	ほうじょう
法悦	ほうえつ
法政	ほうせい
法文学部	ほうぶんがくぶ
法服	ほうふく
法界	ほっかい
法皇	ほうおう
法益	ほうえき
法科	ほうか
法線	ほうせん
法華宗	ほっけしゅう
法螺	ほら
法螺吹き	ほらふき
法螺貝	ほらがい
法衣	ほうい
法輪	ほうりん
法門	ほうもん
法難	ほうなん
泡立ち	あわだち
泡立つ	あわだつ
泡立てる	あわだてる
泡銭	あぶくぜに
波乗り	なみのり
波形	はけい
波数	はすう
波瀾	はらん
波瀾万丈	はらんばんじょう
波立つ	なみだつ
波線	はせん
波面	はめん
波高	はこう
泣き女	なきおんな
泣き笑い	なきわらい
泣き虫	なきむし
泣き言	なきごと
泣く泣く	なくなく
泥中	でいちゅう
泥土	でいど
泥濘	ぬかるみ
泥縄	どろなわ
泥臭い	どろくさい
泥試合	どろじあい
泥道	どろみち
泥除け	どろよけ
注力	ちゅうりょく
注水	ちゅうすい
注油	ちゅうゆ
注解	ちゅうかい
注記	ちゅうき
注連縄	しめなわ
注進	ちゅうしん
泰西	たいせい
泳ぎ方	およぎかた
泳力	えいりょく
泳動	えいどう
泳法	えいほう
洋梨	ようなし
洋舞	ようぶ
洒脱	しゃだつ
洗い出し	あらいだし
洗い出す	あらいだす
洗い流す	あらいながす
洗い落とす	あらいおとす
洗眼	せんがん
洗米	せんまい
洛外	らくがい
津津	しんしん
洪積世	こうせきせい
活き活き	いきいき
活着	かっちゃく
流し目	ながしめ
流れ図	ながれず
流れ着く	ながれつく
流れ落ちる	ながれおちる
流人	るにん
流感	りゅうかん
流線型	りゅうせんけい
流罪	るざい
流行り廃り	はやりすたり
流言	りゅうげん
流言飛語	りゅうげんひご
流速	りゅうそく
流鏑馬	やぶさめ
流離	さすらい
浅学	せんがく
浅慮	せんりょ
浅漬	あさづけ
浅知恵	あさぢえ
浅薄	せんぱく
浚渫	しゅんせつ
浣腸	かんちょう
浪士	ろうし
浮き世	うきよ
浮き名	うきな
浮き袋	うきぶくろ
浮き足立つ	うきあしだつ
浮体	ふたい
浮島	うきしま
浮彫	うきぼり
浮橋	うきはし
浮浪	ふろう
浮腫み	むくみ
浮薄	ふはく
浮輪	うきわ
浮雲	うきぐも
海の日	うみのひ
海千山千	うみせんやません
海嘯	つなみ
海坊主	うみぼうず
海嶺	かいれい
海松	みる
海水温	かいすいおん
海沿い	うみぞい
海猫	うみねこ
海獣	かいじゅう
海産	かいさん
海綿	かいめん
海苔巻	のりまき
海蛇	うみへび
海象	せいうち
海豹	あざらし
海軍兵学校	かいぐんへいがっこう
海防	かいぼう
海食	かいしょく
海鮮	かいせん
海鳴り	うみなり
浸入	しんにゅう
浸出	しんしゅつ
浸潤	しんじゅん
浸炭	しんたん
涅槃	ねはん
消え失せる	きえうせる
消え失せろ	きえうせろ
消し炭	けしずみ
消し飛ぶ	けしとぶ
消却	しょうきゃく
消沈	しょうちん
消火栓	しょうかせん
消炎	しょうえん
消石灰	しょうせっかい
涌出	ゆうしゅつ
涙腺	るいせん
涙雨	なみだあめ
液剤	えきざい
涵養	かんよう
涼し気	すずしげ
涼感	りょうかん
淋病	りんびょう
淋菌	りんきん
淡彩	たんさい
淡泊	たんぱく
淡色	たんしょく
淫乱	いんらん
淫口	いんこう
淫売	いんばい
淫夢	いんむ
淫女	いんじょ
淫婦	いんぷ
淫欲	いんよく
淫猥	いんわい
淫獣	いんじゅう
淫紋	いんもん
淫蕩	いんとう
淫虐	いんぎゃく
淫行	いんこう
淫語	いんご
淫靡	いんび
淫魔	いんま
深奥	しんおう
深慮	しんりょ
深手	ふかで
深海魚	しんかいぎょ
深深	ふかぶか
深爪	ふかづめ
深窓	しんそう
深緑	しんりょく
深謀遠慮	しんぼうえんりょ
深謝	しんしゃ
深酒	ふかざけ
淵源	えんげん
混一	ほんいつ
混交	こんこう
混和	こんわ
混植	こんしょく
混泳	こんえい
混浴	こんよく
混淆	こんこう
混濁	こんだく
混然	こんぜん
混獲	こんかく
混用	こんよう
混線	こんせん
混色	こんしょく
混載	こんさい
添い寝	そいね
添い遂げる	そいとげる
添え書き	そえがき
添え木	そえぎ
添字	そえじ
添寝	そいね
清冽	せいれつ
清国	しんこく
清教徒	せいきょうと
清濁	せいだく
清聴	せいちょう
渇愛	かつあい
済度	さいど
渉猟	しょうりょう
渋皮	しぶかわ
減らず口	へらずぐち
減価	げんか
減損	げんそん
減数	げんすう
減算	げんざん
減耗	げんもう
減資	げんし
渡し場	わたしば
渡し舟	わたしぶね
渡り歩く	わたりあるく
渡世	とせい
渡島	ととう
渡御	とぎょ
渡河	とか
渡渉	としょう
渡船	とせん
渡船場	とせんじょう
渦潮	うずしお
温故知新	おんこちしん
温浴	おんよく
温湯	おんとう
温灸	おんきゅう
測位	そくい
測候	そっこう
測光	そっこう
測度	そくど
港口	こうこう
渾名	あだな
渾沌	こんとん
渾然一体	こんぜんいったい
渾身	こんしん
湖面	こめん
湧き出る	わきでる
湧き水	わきみず
湯の花	ゆのはな
湯上がり	ゆあがり
湯上り	ゆあがり
湯冷め	ゆざめ
湯呑	ゆのみ
湯呑み	ゆのみ
湯女	ゆな
湯桶	ゆとう
湯沸かし	ゆわかし
湯沸し	ゆわかし
湯浴み	ゆあみ
湯煎	ゆせん
湯煙	ゆけむり
湯豆腐	ゆどうふ
湯通し	ゆどおし
湯量	ゆりょう
湯飲み	ゆのみ
湾口	わんこう
湾流	わんりゅう
湿布	しっぷ
湿式	しっしき
湿性	しっせい
湿気る	しける
湿潤	しつじゅん
満ち欠け	みちかけ
満ち潮	まんちょう
満天星	どうだんつつじ
満室	まんしつ
満水	まんすい
満艦飾	まんかんしょく
満蒙	まんもう
満貫	まんがん
満車	まんしゃ
満遍なく	まんべんなく
満額	まんがく
満願	まんがん
溌剌	はつらつ
源氏名	げんじな
準則	じゅんそく
溜まり場	たまりば
溜め息	ためいき
溜め込む	ためこむ
溜り場	たまりば
溜息	ためいき
溜飲	りゅういん
溢水	いっすい
溪谷	けいこく
溶出	ようしゅつ
溶化	ようか
溶存	ようぞん
溶性	ようせい
溶断	ようだん
溶着	ようちゃく
溶血	ようけつ
溶質	ようしつ
溶連菌	ようれんきん
溺愛	できあい
溺死	できし
溺水	できすい
滂沱	ぼうだ
滅入る	めいる
滅却	めっきゃく
滅失	めっしつ
滅法	めっぽう
滅相	めっそう
滅茶	めちゃ
滅菌	めっきん
滋味	じみ
滑石	かっせき
滞日	たいにち
滲出	しんしゅつ
滴下	てきか
滴滴	てきてき
漁協	ぎょきょう
漁夫	ぎょふ
漁家	ぎょか
漁撈	ぎょろう
漁法	ぎょほう
漁火	ぎょか
漁礁	ぎょしょう
漁網	ぎょもう
漆喰	しっくい
漏斗	じょうご
漏水	ろうすい
漏電	ろうでん
演台	えんだい
演戯	えんぎ
演武	えんぶ
演練	えんれん
演繹	えんえき
漢学	かんがく
漢音	かんおん
漫喫	まんきつ
漫研	まんけん
漬け込む	つけこむ
漸増	ぜんぞう
漸近	ぜんきん
漿液	しょうえき
潅木	かんぼく
潅水	かんすい
潜伏期	せんぷくき
潜望鏡	せんぼうきょう
潜熱	せんねつ
潤滑	じゅんかつ
潮位	ちょうい
潮吹き	しおふき
潮汐	ちょうせき
潮目	しおめ
潮解	ちょうかい
澄み渡る	すみわたる
澄明	ちょうめい
澱粉	でんぷん
澳門	まかお
激写	げきしゃ
激昂	げっこう
激発	げきはつ
激臭	げきしゅう
激走	げきそう
激辛	げきから
激高	げっこう
濁点	だくてん
濁音	だくおん
濃い茶	こいちゃ
濃口	こいくち
濃紫	こむらさき
濃緑	こみどり
濡れ場	ぬれば
濡れ衣	ぬれぎぬ
濫用	らんよう
濾胞	ろほう
濾過	ろか
瀉血	しゃけつ
瀑布	ばくふ
瀬戸焼	せとやき
灌木	かんぼく
灌水	かんすい
灌流	かんりゅう
灌頂	かんじょう
火の元	ひのもと
火の見櫓	ひのみやぐら
火付	ひつけ
火付け	ひつけ
火入れ	ひいれ
火刑	かけい
火加減	ひかげん
火口湖	かこうこ
火山列島	かざんれっとう
火山岩	かざんがん
火急	かきゅう
火成岩	かせいがん
火打ち石	ひうちいし
火水	ひみず
火消	ひけし
火渡り	ひわたり
火災報知器	かさいほうちき
火炙り	ひあぶり
火焔	かえん
火照り	ほてり
火照る	ほてる
火祭	ひまつり
火箸	ひばし
火蓋	ひぶた
火遁	かとん
火達磨	ひだるま
灯台もと暗し	とうだいもとくらし
灯台守	とうだいもり
灯心	とうしん
灯標	とうひょう
灯篭	とうろう
灰分	かいぶん
灰塵	かいじん
灰汁	あく
灰燼	かいじん
灰白色	かいはくしょく
災厄	さいやく
災禍	さいか
炉端	ろばた
炉辺	ろへん
炊爨	すいさん
炊飯	すいはん
炎天下	えんてんか
炙り出し	あぶりだし
炭化物	たんかぶつ
炭坑	たんこう
炭層	たんそう
炭疽	たんそ
炭酸泉	たんさんせん
炸薬	さくやく
点前	てまえ
点心	てんしん
点描	てんびょう
点点	ちょぼちょぼ
点眼	てんがん
点線	てんせん
烈士	れっし
烏口	からすぐち
烏合	うごう
烏天狗	からすてんぐ
烏頭	うず
烏龍茶	うーろんちゃ
烙印	らくいん
烽火	のろし
焙じ茶	ほうじちゃ
焙烙	ほうろく
焚き付け	たきつけ
焚き火	たきび
焚書	ふんしょ
焚書坑儒	ふんしょこうじゅ
焚火	たきび
無い物ねだり	ないものねだり
無上	むじょう
無下	むげ
無主	むしゅ
無人島	むじんとう
無体	むたい
無党派	むとうは
無利息	むりそく
無学	むがく
無定形	むていけい
無宿	むしゅく
無届	むとどけ
無性	むせい
無惨	むざん
無感覚	むかんかく
無慈悲	むじひ
無敗	むはい
無明	むみょう
無業	むぎょう
無様	ぶざま
無欠	むけつ
無毒	むどく
無比	むひ
無気味	ぶきみ
無法者	むほうしゃ
無理矢理	むりやり
無産	むさん
無病	むびょう
無痛	むつう
無礼講	ぶれいこう
無窮	むきゅう
無精卵	むせいらん
無精髭	ぶしょうひげ
無縁仏	むえんぼとけ
無能力	むのうりょく
無賃	むちん
無軌道	むきどう
無辜	むこ
無道	むどう
無鉄砲	むてっぽう
無鉛	むえん
無銘	むめい
無銭	むせん
無間	むけん
無闇	むやみ
無闇矢鱈	むやみやたら
無電	むでん
無音	むおん
無頼漢	ぶらいかん
無題	むだい
無駄口	むだぐち
無駄足	むだあし
無駄骨	むだぼね
焦げ付く	こげつく
焦げ目	こげめ
焦げ臭い	こげくさい
焦げ茶	こげちゃ
焦熱	しょうねつ
焦茶	こげちゃ
焼き付き	やきつき
焼き付く	やきつく
焼き付け	やきつけ
焼き付ける	やきつける
焼き切る	やききる
焼き印	やきいん
焼き場	やきば
焼き増し	やきまし
焼き払う	やきはらう
焼き立て	やきたて
焼き肉	やきにく
焼き討ち	やきうち
焼き豆腐	やきどうふ
焼き豚	やきぶた
焼き飯	やきめし
焼き餅	やきもち
焼け付く	やけつく
焼け死ぬ	やけしぬ
焼付け	やきつけ
焼入れ	やきいれ
焼印	やきいん
焼却灰	しょうきゃくばい
焼売	しゅうまい
焼夷弾	しょういだん
焼成	しょうせい
焼戻し	やきもどし
焼損	しょうそん
焼死体	しょうしたい
焼灼	しょうしゃく
焼物	やきもの
焼畑	やきばた
焼石	やきいし
焼豚	やきぶた
焼跡	やけあと
焼飯	やきめし
焼魚	やきざかな
焼鳥	やきとり
煉獄	れんごく
煎じ薬	せんじぐすり
煙害	えんがい
煙火	えんか
煙管	えんかん
煙霧	えんむ
煤塵	ばいじん
煤煙	ばいえん
煤竹	すすたけ
煥発	かんぱつ
照れ笑い	てれわらい
照れ隠し	てれかくし
照査	しょうさ
煩悶	はんもん
煩瑣	はんさ
煮えくり返る	にえくりかえる
煮え湯	にえゆ
煮付け	につけ
煮沸	しゃふつ
煮浸し	にびたし
煮炊き	にたき
煮豆	にまめ
煽動	せんどう
煽情	せんじょう
熊蜂	くまばち
熟年	じゅくねん
熟練工	じゅくれんこう
熟考	じゅっこう
熟議	じゅくぎ
熟達	じゅくたつ
熱傷	やけど
熱処理	ねつしょり
熱容量	ねつようりょう
熱性	ねっせい
熱愛	ねつあい
熱燗	あつかん
熱球	ねっきゅう
熱発	ねっぱつ
熱砂	ねっさ
熱血漢	ねっけつかん
熱転写	ねつてんしゃ
熾烈	しれつ
燃え殻	もえがら
燃え盛る	もえさかる
燃え立つ	もえたつ
燃油	ねんゆ
燈火	とうか
燎原	りょうげん
燐酸	りんさん
燔祭	はんさい
燕子花	かきつばた
燕尾服	えんびふく
燕返し	つばめがえし
燕麦	えんばく
燗酒	かんざけ
燦然	さんぜん
燦燦	さんさん
燦爛	さんらん
燭台	しょくだい
燻製	くんせい
燼滅	じんめつ
爆乳	ばくにゅう
爆増	ばくぞう
爆散	ばくさん
爆殺	ばくさつ
爆沈	ばくちん
爆炎	ばくえん
爆煙	ばくえん
爆睡	ばくすい
爆砕	ばくさい
爆縮	ばくしゅく
爆裂	ばくれつ
爆装	ばくそう
爆誕	ばくたん
爆買	ばくがい
爆走	ばくそう
爆轟	ばくごう
爆速	ばくそく
爆釣	ばくちょう
爆雷	ばくらい
爆食	ばくしょく
爛熟	らんじゅく
爪先	つまさき
爪先立ち	つまさきだち
爪弾き	つまはじき
爪牙	そうが
爪痕	つめあと
爪跡	つめあと
爬虫	はちゅう
爵位	しゃくい
父上	ちちうえ
父君	ふくん
父性	ふせい
父権	ふけん
父系	ふけい
爾後	じご
爾来	じらい
片っ端	かたっぱし
片一方	かたいっぽう
片刃	かたば
片割れ	かたわれ
片寄り	かたより
片恋	かたこい
片想い	かたおもい
片手落ち	かたておち
片栗	かたくり
片栗粉	かたくりこ
片棒	かたぼう
片端	かたはし
片耳	かたみみ
片腹痛い	かたはらいたい
片身	かたみ
片鱗	へんりん
版下	はんした
版図	はんと
牛刀	ぎゅうとう
牛殺し	うしころし
牛皮	ぎゅうかわ
牛糞	ぎゅうふん
牛脂	ぎゅうし
牛蒡	ごぼう
牛追い	うしおい
牛鍋	ぎゅうなべ
牛革	ぎゅうかわ
牡丹餅	ぼたもち
牡蛎	かき
牡馬	ぼば
牢名主	ろうなぬし
牢屋	ろうや
牧人	ぼくじん
牧夫	ぼくふ
牧歌	ぼっか
牧神	ぼくしん
牧者	ぼくしゃ
物々交換	ぶつぶつこうかん
物の怪	もののけ
物の数	もののかず
物乞い	ものごい
物価高	ぶっかだか
物入り	ものいり
物入れ	ものいれ
物分り	ものわかり
物取り	ものとり
物怖じ	ものおじ
物思い	ものおもい
物怪	もっけ
物悲しい	ものがなしい
物書き	ものかき
物権	ぶっけん
物欲しそう	ものほしそう
物狂い	ものぐるい
物珍しい	ものめずらしい
物申す	ものもうす
物真似	ものまね
物笑い	ものわらい
物言う	ものいう
物象	ぶっしょう
特出	とくしゅつ
特効	とっこう
特務	とくむ
特区	とっく
特報	とくほう
特待	とくたい
特徴付ける	とくちょうづける
特恵	とっけい
特措法	とくそほう
特攻	とっこう
特番	とくばん
特発	とくはつ
特種	とくだね
特認	とくにん
特電	とくでん
特高警察	とっこうけいさつ
牽制	けんせい
牽引	けんいん
牽強付会	けんきょうふかい
犬歯	けんし
犬死	いぬじに
犬死に	いぬじに
犬猿	けんえん
状勢	じょうせい
狂い咲き	くるいざき
狂女	きょうじょ
狂想曲	きょうそうきょく
狂暴	きょうぼう
狂歌	きょうか
狂死	くるいじに
狂牛病	きょうぎゅうびょう
狂犬病	きょうけんびょう
狂的	きょうてき
狂言回し	きょうげんまわし
狐の嫁入り	きつねのよめいり
狐憑き	きつねつき
狐火	きつねび
狐狸	こり
狙い打ち	ねらいうち
狛犬	こまいぬ
狡猾	こうかつ
狩り場	かりば
独り善がり	ひとりよがり
独り子	ひとりご
独り暮らし	ひとりぐらし
独り歩き	ひとりあるき
独り者	ひとりもの
独り身	ひとりみ
独擅場	どくせんじょう
独活	うど
独眼	どくがん
独立独歩	どくりつどっぽ
独習	どくしゅう
独行	どっこう
狭小	きょうしょう
狭窄	きょうさく
狭苦しい	せまくるしい
狭軌	きょうき
狭量	きょうりょう
狭隘	きょうあい
狸寝入り	たぬきねいり
狼狽	ろうばい
狼狽える	うろたえる
狼藉	ろうぜき
猊下	げいか
猛火	もうか
猛犬	もうけん
猛禽	もうきん
猛者	もさ
猛襲	もうしゅう
猛進	もうしん
猟奇	りょうき
猥褻	わいせつ
猥談	わいだん
猥雑	わいざつ
猩猩	しょうじょう
猩紅熱	しょうこうねつ
猪突猛進	ちょとつもうしん
猫なで声	ねこなでごえ
猫柳	ねこやなぎ
献呈	けんてい
献本	けんぽん
献杯	けんぱい
献灯	けんとう
献策	けんさく
献納	けんのう
献茶	けんちゃ
献辞	けんじ
猿回し	さるまわし
猿楽	さるがく
猿真似	さるまね
猿芝居	さるしばい
猿轡	さるぐつわ
獄卒	ごくそつ
獄死	ごくし
獄門	ごくもん
獅子奮迅	ししふんじん
獅子頭	ししがしら
獣性	じゅうせい
獣欲	じゅうよく
獣皮	じゅうひ
獣肉	じゅうにく
獣脂	じゅうし
獣類	じゅうるい
獰猛	どうもう
玄孫	げんそん
玄武岩	げんぶがん
玉の輿	たまのこし
玉乗り	たまのり
玉子	たまご
玉子とじ	たまごとじ
玉座	ぎょくざ
玉手箱	たまてばこ
玉石	ぎょくせき
玉石混交	ぎょくせきこんこう
玉石混淆	ぎょくせきこんこう
玉砂利	たまじゃり
玉葱	たまねぎ
玉門	ぎょくもん
玉髄	ぎょくずい
王水	おうすい
王蟲	おうむ
珊瑚礁	さんごしょう
珍奇	ちんき
珍宝	ちんぽう
珍客	ちんきゃく
珍獣	ちんじゅう
珍聞	ちんぶん
珍説	ちんせつ
珪素	けいそ
珪藻	けいそう
珪藻土	けいそうど
珪酸	けいさん
現人神	あらひとがみ
現今	げんこん
現代っ子	げんだいっこ
現代病	げんだいびょう
現任	げんにん
現前	げんぜん
現品	げんぴん
現在地	げんざいち
現実味	げんじつみ
現実離れ	げんじつばなれ
現時	げんじ
現用	げんよう
球宴	きゅうえん
球筋	たますじ
球面	きゅうめん
理化学研究所	りかがくけんきゅうじょ
理屈っぽい	りくつっぽい
理法	りほう
理知的	りちてき
理財	りざい
琉歌	りゅうか
琳派	りんぱ
琴線	きんせん
琺瑯	ほうろう
瑞垣	みずがき
瓔珞	ようらく
瓦版	かわらばん
瓦葺き	かわらぶき
瓶詰	びんづめ
甌穴	おうけつ
甘党	あまとう
甘塩	あまじお
甘煮	うまに
甘皮	あまかわ
甘納豆	あまなっとう
甘茶	あまちゃ
甘草	かんぞう
甘藷	さつまいも
甘辛い	あまからい
甘酒	あまざけ
甘酸っぱい	あまずっぱい
甘露煮	かんろに
甘食	あましょく
甜茶	てんちゃ
甜菜	てんさい
生え際	はえぎわ
生き仏	いきぼとけ
生き写し	いきうつし
生き字引	いきじびき
生き恥	いきはじ
生き抜く	いきぬく
生き甲斐	いきがい
生き神	いきがみ
生き血	いきち
生き餌	いきえ
生き馬	いきうま
生け垣	いけがき
生け捕り	いけどり
生け簀	いけす
生け贄	いけにえ
生まれ変わり	うまれかわり
生まれ変わる	うまれかわる
生まれ故郷	うまれこきょう
生まれ月	うまれづき
生一本	きいっぽん
生乾き	なまかわき
生傷	なまきず
生動	せいどう
生半可	なまはんか
生唾	なまつば
生娘	きむすめ
生年	せいねん
生新	せいしん
生暖かい	なまあたたかい
生殺し	なまごろし
生活協同組合	せいかつきょうどうくみあい
生滅	しょうめつ
生焼け	なまやけ
生爪	なまづめ
生生	せいせい
生皮	なまかわ
生真面目	きまじめ
生簀	いけす
生肉	せいにく
生臭	なまぐさ
生臭坊主	なまぐさぼうず
生菓子	なまがし
生贄	いけにえ
生返事	なまへんじ
生酒	きざけ
生醤油	きじょうゆ
生録	なまろく
生霊	いきりょう
生類	しょうるい
生食	せいしょく
生魚	なまざかな
生麩	なまふ
産みの親	うみのおや
産み落とす	うみおとす
産児	さんじ
産土神	うぶすながみ
産婆	さんば
産学	さんがく
産官学	さんかんがく
産屋	うぶや
産毛	うぶげ
産直	さんちょく
産着	うぶぎ
産褥	さんじょく
産道	さんどう
産金	さんきん
用人	ようにん
用便	ようべん
用兵	ようへい
用務	ようむ
用向き	ようむき
用命	ようめい
用字	ようじ
用布	ようふ
用度	ようど
用木	ようぼく
用水路	ようすいろ
用筆	ようひつ
用足し	ようたし
田の神	たのかみ
田圃	たんぼ
田舎っぺ	いなかっぺ
田舎町	いなかまち
田舎道	いなかみち
田遊	たあそび
由縁	ゆえん
甲斐性	かいしょう
甲殻	こうかく
甲骨文字	こうこつもじ
申し入れ書	もうしいれしょ
申し渡す	もうしわたす
申し送り	もうしおくり
申入	もうしいれ
申出	もうしで
申立	もうしたて
申訳	もうしわけ
申込	もうしこみ
申込み	もうしこみ
男勝り	おとこまさり
男坂	おとこざか
男好き	おとこずき
男娼	だんしょう
男嫌い	おとこぎらい
男子校	だんしこう
男役	おとこやく
男心	おとこごころ
男根	だんこん
男気	おとこぎ
男物	おとこもの
男神	おがみ
男系	だんけい
男色	だんしょく
男衆	おとこしゅう
町医者	まちいしゃ
町営	ちょうえい
町歩	ちょうぶ
町立	ちょうりつ
町衆	まちしゅう
町議	ちょうぎ
町道場	まちどうじょう
画会	がかい
画定	かくてい
画展	がてん
画帖	がじょう
画才	がさい
画板	がばん
画稿	がこう
画竜点睛	がりょうてんせい
画素	がそ
画質	がしつ
画鋲	がびょう
画集	がしゅう
界面	かいめん
留め置く	とめおく
留守居	るすい
留守電	るすでん
留袖	とめそで
留鳥	りゅうちょう
畜生道	ちくしょうどう
畜肉	ちくにく
畜舎	ちくしゃ
畢生	ひっせい
畢竟	ひっきょう
略号	りゃくごう
略図	りゃくず
略字	りゃくじ
略記	りゃっき
略説	りゃくせつ
番傘	ばんがさ
番兵	ばんぺい
番外地	ばんがいち
番太郎	ばんたろう
番線	ばんせん
異人	いじん
異体	いたい
異分子	いぶんし
異化	いか
異同	いどう
異形	いぎょう
異性愛者	いせいあいしゃ
異才	いさい
異教	いきょう
異本	いほん
異母弟	いぼてい
異父	いふ
異称	いしょう
異義	いぎ
異聞	いぶん
異見	いけん
異邦	いほう
異類	いるい
畳み掛ける	たたみかける
畳み込み	たたみこみ
畳表	たたみおもて
畸人	きじん
畸形	きけい
疎水	そすい
疏水	そすい
疑い深い	うたがいぶかい
疝痛	せんつう
疥癬	かいせん
疫学	えきがく
疫病神	やくびょうがみ
疱疹	ほうしん
疱瘡	ほうそう
疼痛	とうつう
疾風迅雷	しっぷうじんらい
病み上がり	やみあがり
病み付き	やみつき
病勢	びょうせい
病害虫	びょうがいちゅう
病欠	びょうけつ
病没	びょうぼつ
病症	びょうしょう
病者	びょうしゃ
病菌	びょうきん
痔核	じかく
痔疾	じしつ
痔瘻	じろう
痙攣	けいれん
痛撃	つうげき
痛痒	つうよう
痛覚	つうかく
痛飲	つういん
痩せ我慢	やせがまん
痴れ者	しれもの
痴人	ちじん
痴女	ちじょ
痴情	ちじょう
痴態	ちたい
痴話	ちわ
痴話喧嘩	ちわげんか
瘢痕	はんこん
瘴気	しょうき
療育	りょういく
癇癪	かんしゃく
癌腫	がんしゅ
癒合	ゆごう
癲癇	てんかん
発出	はっしゅつ
発心	ほっしん
発意	はつい
発振	はっしん
発振器	はっしんき
発揚	はつよう
発炎筒	はつえんとう
発狂	はっきょう
発疹	ほっしん
発癌	はつがん
発破	はっぱ
発話	はつわ
発赤	ほっせき
発走	はっそう
発起	ほっき
発願	ほつがん
登坂	とうはん
登攀	とうはん
白一色	はくいっしょく
白丁	はくちょう
白兵	はくへい
白兵戦	はくへいせん
白刃	はくじん
白味噌	しろみそ
白和え	しらあえ
白地図	はくちず
白布	はくふ
白拍子	しらびょうし
白文	はくぶん
白斑	はくはん
白昼夢	はくちゅうむ
白板	ぱいぱん
白檀	びゃくだん
白毫	びゃくごう
白濁	はくだく
白無垢	しろむく
白狐	しろぎつね
白玉粉	しらたまこ
白球	はっきゅう
白癬	はくせん
白白	はくはく
白目	しろめ
白眼	しろめ
白砂青松	はくしゃせいしょう
白磁	はくじ
白茶	しらちゃ
白蛇	しろへび
白蟻	しろあり
白酒	しろざけ
白面	はくめん
白餡	しろあん
白髪染め	しらがぞめ
白魔	はくま
白魚	しらうお
百万長者	ひゃくまんちょうじゃ
百人力	ひゃくにんりき
百分率	ひゃくぶんりつ
百味	ひゃくみ
百官	ひゃっかん
百度参り	ひゃくどまいり
百態	ひゃくたい
百日咳	ひゃくにちぜき
百日紅	さるすべり
百日草	ひゃくにちそう
百物語	ひゃくものがたり
百獣	ひゃくじゅう
百発百中	ひゃっぱつひゃくちゅう
百舌	もず
百花	ひゃっか
百花繚乱	ひゃっかりょうらん
百葉箱	ひゃくようばこ
百薬	ひゃくやく
百貨	ひゃっか
百足	むかで
百面相	ひゃくめんそう
百鬼夜行	ひゃっきやぎょう
的屋	てきや
皆々様	みなみなさま
皆勤	かいきん
皆既	かいき
皆既食	かいきしょく
皇嗣	こうし
皇国	こうこく
皇孫	こうそん
皇宗	こうそう
皇宮	こうぐう
皇祖	こうそ
皇紀	こうき
皇統	こうとう
皐月	さつき
皮下脂肪	ひかしぼう
皮剥	かわはぎ
皮相	ひそう
皮膜	ひまく
皺寄せ	しわよせ
皿回し	さらまわし
盂蘭盆	うらぼん
盂蘭盆会	うらぼんえ
盆暮れ	ぼんくれ
益荒男	じょうふ
益虫	えきちゅう
盗っ人	ぬすっと
盗み出す	ぬすみだす
盗み撮り	ぬすみどり
盗み聞き	ぬすみぎき
盗み見	ぬすみみ
盗み見る	ぬすみみる
盗み食い	ぬすみぐい
盗犯	とうはん
盗癖	とうへき
盗電	とうでん
盛り合わせ	もりあわせ
盛り沢山	もりだくさん
盛合せ	もりあわせ
盛土	もりど
盛者	しょうじゃ
盛装	せいそう
監房	かんぼう
監護	かんご
盤上	ばんじょう
盧溝橋	ろこうきょう
目の下	めのした
目の当たり	まのあたり
目の敵	めのかたき
目の玉	めのたま
目付	めつけ
目付き	めつき
目元	めもと
目分量	めぶんりょう
目利き	めきき
目医者	めいしゃ
目尻	めじり
目抜き通り	めぬきどおり
目指	めざし
目掛け	めかけ
目明し	めあかし
目星	めぼし
目深	まぶか
目潰し	めつぶし
目玉焼き	めだまやき
目盛	めもり
目眩	めまい
目移り	めうつり
目糞	めくそ
目茶苦茶	めちゃくちゃ
目見	まみ
目視	もくし
目覚し	めざまし
目論み	もくろみ
目論む	もくろむ
目論見	もくろみ
目途	めど
目通し	めどおし
目通り	めどおり
目配せ	めくばせ
目鼻立ち	めはなだち
盲従	もうじゅう
盲目的	もうもくてき
直上	ちょくじょう
直交	ちょっこう
直会	なおらい
直参	じきさん
直喩	ちょくゆ
直営店	ちょくえいてん
直垂	ひたたれ
直弟子	じきでし
直心	じきしん
直情	ちょくじょう
直截	ちょくせつ
直木賞	なおきしょう
直滑降	ちょっかっこう
直穿き	じかばき
直覚	ちょっかく
直観	ちょっかん
直販	ちょくはん
直近	ちょっきん
相伝	そうでん
相伴	しょうばん
相剋	そうこく
相反	そうはん
相合	あいあい
相合い傘	あいあいがさ
相合傘	あいあいがさ
相姦	そうかん
相席	あいせき
相思相愛	そうしそうあい
相承	そうしょう
相撃ち	あいうち
相補	そうほ
相討ち	あいうち
相貌	そうぼう
省内	しょうない
省察	せいさつ
省益	しょうえき
眉目	びもく
眉間	みけん
看取	かんしゅ
看取り	みとり
看取る	みとる
看板娘	かんばんむすめ
看破	かんぱ
県南	けんなん
県土	けんど
県域	けんいき
県境	けんざかい
県政	けんせい
県議会	けんぎかい
県費	けんぴ
県連	けんれん
真っ平	まっぴら
真っ昼間	まっぴるま
真っ正直	まっしょうじき
真っ白い	まっしろい
真っ直中	まっただなか
真っ裸	まっぱだか
真っ逆さま	まっさかさま
真っ黒い	まっくろい
真ん前	まんまえ
真人間	まにんげん
真似事	まねごと
真先	まっさき
真向	まっこう
真向かい	まむかい
真宗	しんしゅう
真平	まっぴら
真影	しんえい
真後ろ	まうしろ
真情	しんじょう
真打ち	しんうち
真昼間	まっぴるま
真最中	まっさいちゅう
真犯人	しんはんにん
真珠貝	しんじゅがい
真白	まっしろ
真皮	しんぴ
真直ぐ	まっすぐ
真神	まかみ
真竹	まだけ
真筆	しんぴつ
真裏	まうら
真言	しんごん
真言宗	しんごんしゅう
真赤	まっか
真鍮	しんちゅう
真面	まとも
真骨頂	しんこっちょう
真鯛	まだい
真黒	まっくろ
眩惑	げんわく
眷属	けんぞく
眷族	けんぞく
眼帯	がんたい
眼瞼	がんけん
眼福	がんぷく
眼窩	がんか
眼精疲労	がんせいひろう
眼識	がんしき
眼鏡橋	めがねばし
着の身着のまま	きのみきのまま
着丈	きたけ
着付ける	きつける
着剣	ちゃっけん
着古し	きふるし
着崩れ	きくずれ
着払	ちゃくばらい
着払い	ちゃくばらい
着生	ちゃくせい
着痩せ	きやせ
着眼	ちゃくがん
着膨れ	きぶくれ
着金	ちゃっきん
着陣	ちゃくじん
着駅	ちゃくえき
睡眠薬	すいみんやく
睥睨	へいげい
睦月	むつき
睨み合い	にらみあい
睨み合う	にらみあう
睫毛	まつげ
睾丸	こうがん
瞑目	めいもく
瞬発	しゅんぱつ
矜恃	きょうじ
矜持	きょうじ
矢絣	やがすり
知らぬ顔	しらぬかお
知らん振り	しらんぷり
知れ渡る	しれわたる
知合い	しりあい
知名度	ちめいど
知恵の輪	ちえのわ
知恵者	ちえしゃ
知悉	ちしつ
知略	ちりゃく
知者	ちしゃ
知識欲	ちしきよく
知遇	ちぐう
短信	たんしん
短剣	たんけん
短小	たんしょう
短尺	たんざく
短慮	たんりょ
短篇	たんぺん
短観	たんかん
短評	たんぴょう
短資	たんし
短針	たんしん
短靴	たんぐつ
短髪	たんぱつ
矮星	わいせい
矯風	きょうふう
石刻	せっこく
石壁	いしかべ
石弓	いしゆみ
石斧	せきふ
石板	せきばん
石柱	せきちゅう
石榴	ざくろ
石灰石	せっかいせき
石版	せきばん
石盤	せきばん
石積み	いしづみ
石窟	せっくつ
石粉	いしこ
石膏	せっこう
石臼	いしうす
石蕗	つわぶき
石鏃	せきぞく
砂埃	すなぼこり
砂塵	さじん
砂嵐	すなあらし
砂州	さす
砂洲	さす
砂礫	されき
砂粒	すなつぶ
砂遊び	すなあそび
砂鉄	さてつ
砂風呂	すなぶろ
砒素	ひそ
研修生	けんしゅうせい
研削	けんさく
砕氷	さいひょう
砲丸	ほうがん
砲塔	ほうとう
砲座	ほうざ
砲戦	ほうせん
砲手	ほうしゅ
砲艦	ほうかん
砲術	ほうじゅつ
砲門	ほうもん
破傷風	はしょうふう
破廉恥	はれんち
破断	はだん
破水	はすい
破獄	はごく
破瓜	はか
破線	はせん
破船	はせん
破邪	はじゃ
破防法	はぼうほう
破顔	はがん
破風	はふ
破魔矢	はまや
硝化	しょうか
硝石	しょうせき
硝酸塩	しょうさんえん
硝酸銀	しょうさんぎん
硫黄山	いおうやま
硬性	こうせい
硬水	こうすい
硬玉	こうぎょく
硬球	こうきゅう
硬骨魚	こうこつぎょ
碍子	がいし
碧眼	へきがん
碧空	へきくう
碩学	せきがく
確変	かくへん
確実視	かくじつし
磁化	じか
磁束	じそく
磁極	じきょく
磁気圏	じきけん
磁気嵐	じきあらし
磁界	じかい
磁針	じしん
磔刑	たっけい
磨き粉	みがきこ
磨崖仏	まがいぶつ
磨耗	まもう
示現	じげん
礼法	れいほう
礼砲	れいほう
礼装	れいそう
社会民主党	しゃかいみんしゅとう
社共	しゃきょう
社内外	しゃないがい
社則	しゃそく
社協	しゃきょう
社外秘	しゃがいひ
社是	しゃぜ
社格	しゃかく
社歴	しゃれき
社民	しゃみん
社畜	しゃちく
社線	しゃせん
祓魔	ふつま
祖宗	そそう
祖神	そしん
祖語	そご
祝い酒	いわいざけ
祝勝	しゅくしょう
祝砲	しゅくほう
祝祭	しゅくさい
祝祭日	しゅくさいじつ
祝言	しゅうげん
祝賀会	しゅくがかい
神人	しんじん
神仙	しんせん
神代文字	じんだいもじ
神像	しんぞう
神出鬼没	しんしゅつきぼつ
神剣	しんけん
神化	しんか
神国	しんこく
神域	しんいき
神州	しんしゅう
神座	しんざ
神式	しんしき
神性	しんせい
神意	しんい
神成	しんせい
神授	しんじゅ
神政	しんせい
神権	しんけん
神橋	しんきょう
神気	しんき
神水	じんずい
神火	しんか
神祇	じんぎ
神罰	しんばつ
神託	しんたく
神速	しんそく
神酒	しんしゅ
神鏡	しんきょう
神隠し	かみかくし
神霊	しんれい
神韻	しんいん
神饌	しんせん
神髄	しんずい
神魂	しんこん
祠堂	しどう
票決	ひょうけつ
祭り上げる	まつりあげる
祭具	さいぐ
祭司	さいし
祭場	さいじょう
祭式	さいしき
祭政	さいせい
禁中	きんちゅう
禁令	きんれい
禁則	きんそく
禁固	きんこ
禁固刑	きんこけい
禁教	きんきょう
禁断症状	きんだんしょうじょう
禁書	きんしょ
禁治産者	きんちさんしゃ
禁漁	きんりょう
禁猟	きんりょう
禁衛	きんえい
禁裏	きんり
禁門	きんもん
禅堂	ぜんどう
禅師	ぜんじ
禍福	かふく
福の神	ふくのかみ
福寿草	ふくじゅそう
福引	ふくびき
福引き	ふくびき
福田組	ふくだぐみ
福神漬	ふくじんづけ
福耳	ふくみみ
福茶	ふくちゃ
福豆	ふくまめ
福運	ふくうん
禽獣	きんじゅう
禿山	はげやま
禿頭	はげあたま
禿鷹	はげたか
私刑	しけい
私募	しぼ
私娼	ししょう
私宅	したく
私室	ししつ
私家	しか
私家版	しかばん
私怨	しえん
私有地	しゆうち
私淑	ししゅく
私益	しえき
私製	しせい
私論	しろん
私道	しどう
私選	しせん
私闘	しとう
秋冬	しゅうとう
秋刀魚	さんま
秋場所	あきばしょ
秋日和	あきびより
秋期	しゅうき
秋物	あきもの
秋空	あきぞら
秋色	しゅうしょく
秋雨	あきさめ
科技	かぎ
科挙	かきょ
科捜研	かそうけん
科料	かりょう
科白	せりふ
秒針	びょうしん
秘事	ひじ
秘仏	ひぶつ
秘史	ひし
秘奥	ひおう
秘宝	ひほう
秘技	ひぎ
秘教	ひきょう
秘書官	ひしょかん
秘本	ひほん
秘法	ひほう
秘蔵っ子	ひぞっこ
秘薬	ひやく
秘術	ひじゅつ
秘跡	ひせき
秘録	ひろく
租借	そしゃく
秤量	ひょうりょう
称呼	しょうこ
称揚	しょうよう
称賛	しょうさん
移り住む	うつりすむ
移乗	いじょう
移出	いしゅつ
移築	いちく
移調	いちょう
移駐	いちゅう
稀少	きしょう
稀有	けう
稀薄	きはく
稀覯	きこう
稍重	ややおも
税別	ぜいべつ
税調	ぜいちょう
税込	ぜいこみ
稚児	ちご
稜線	りょうせん
稟議	りんぎ
稠密	ちゅうみつ
種子島	たねがしま
種明かし	たねあかし
種牛	たねうし
種皮	しゅひ
種種	しゅじゅ
種籾	たねもみ
種芋	たねいも
種菌	たねきん
種蒔	たねまき
稼動	かどう
稿本	こうほん
穀潰し	ごくつぶし
穂状	すいじょう
積み下ろし	つみおろし
積み増し	つみまし
積み替え	つみかえ
積分	せきぶん
積層	せきそう
積荷	つみに
積込み	つみこみ
積雲	せきうん
穢土	えど
穴居	けっきょ
穴馬	あなうま
究竟	くっきょう
空き室	あきしつ
空中線	くうちゅうせん
空似	そらに
空元気	からげんき
空前絶後	くうぜんぜつご
空力	くうりき
空包	くうほう
空即是色	くうそくぜしき
空堀	からぼり
空売り	からうり
空家	あきや
空巣	あきす
空恐ろしい	そらおそろしい
空戦	くうせん
空手形	からてがた
空挺	くうてい
空揚げ	からあげ
空文	くうぶん
空気圧	くうきあつ
空気抜き	くうきぬき
空目	そらめ
空耳	そらみみ
空色	そらいろ
空豆	そらまめ
空隙	くうげき
穿刺	せんし
穿孔	せんこう
突き当り	つきあたり
突き指	つきゆび
突き立てる	つきたてる
突き通す	つきとおす
突っ切る	つっきる
突厥	とっけつ
突破口	とっぱこう
突端	とったん
突込み	つっこみ
突飛	とっぴ
窃取	せっしゅ
窒化	ちっか
窒素肥料	ちっそひりょう
窓側	まどがわ
窮鼠	きゅうそ
立ち上り	たちあがり
立ち上る	たちのぼる
立ち回る	たちまわる
立ち姿	たちすがた
立ち居	たちい
立ち聞き	たちぎき
立ち込める	たちこめる
立ち遅れ	たちおくれ
立て板に水	たていたにみず
立件	りっけん
立候補者	りっこうほしゃ
立入り	たちいり
立入検査	たちいりけんさ
立入禁止	たちいりきんし
立合い	たちあい
立坑	たてこう
立大	りつだい
立役	たちやく
立役者	たてやくしゃ
立往生	たちおうじょう
立志伝	りっしでん
立替	たてかえ
立替え	たてかえ
立札	たてふだ
立法院	りっぽういん
立礼	りつれい
立秋	りっしゅう
立米	りゅうべい
立論	りつろん
立退き	たちのき
竜ヶ崎線	りゅうがさきせん
竜頭	りゅうず
竜骨	りゅうこつ
章句	しょうく
童女	どうじょ
童歌	わらべうた
童貞	どうてい
竪琴	たてごと
竪穴	たてあな
端切れ	はぎれ
端折る	はしょる
端整	たんせい
端金	はしたがね
端麗	たんれい
競り勝つ	せりかつ
競争心	きょうそうしん
竹の子	たけのこ
竹槍	たけやり
竹竿	たけざお
竹輪	ちくわ
竿竹	さおだけ
笑い事	わらいごと
笑い物	わらいもの
笑い種	わらいぐさ
笑い草	わらいぐさ
笑い飛ばす	わらいとばす
笑劇	しょうげき
笑止	しょうし
笑止千万	しょうしせんばん
笑気	しょうき
笑納	しょうのう
笑覧	しょうらん
笑話	しょうわ
符丁	ふちょう
符牒	ふちょう
第一人称	だいいちにんしょう
第六感	だいろっかん
筆先	ふでさき
筆写	ひっしゃ
筆力	ひつりょく
筆法	ひっぽう
筆洗	ひっせん
筆画	ひっかく
筆算	ひっさん
筆箱	ふでばこ
筆耕	ひっこう
筆記具	ひっきぐ
筆遣い	ふでづかい
等号	とうごう
等圧線	とうあつせん
等外	とうがい
等差	とうさ
等式	とうしき
等比	とうひ
等温	とうおん
等角	とうかく
等質	とうしつ
等距離	とうきょり
等辺	とうへん
等量	とうりょう
等間隔	とうかんかく
等高線	とうこうせん
筋交い	すじかい
筋合い	すじあい
筋書	すじがき
筋炎	きんえん
筋目	すじめ
筋立て	すじだて
筋繊維	きんせんい
筋腫	きんしゅ
筋金入り	すじがねいり
筋骨	きんこつ
筝曲	そうきょく
筮竹	ぜいちく
筺体	きょうたい
箇月	かげつ
箇条	かじょう
箔押し	はくおし
算式	さんしき
算法	さんぽう
算用	さんよう
算術	さんじゅつ
箝口令	かんこうれい
管下	かんか
管外	かんがい
管弦	かんげん
管掌	かんしょう
管状	かんじょう
管絃	かんげん
管見	かんけん
管領	かんりょう
箱入り娘	はこいりむすめ
箱屋	はこや
箱庭	はこにわ
箱船	はこぶね
箴言	しんげん
箸休め	はしやすめ
箸置き	はしおき
節供	せっく
節回し	ふしまわし
節気	せっき
節点	せってん
節理	せつり
節用	せつよう
節税	せつぜい
節穴	ふしあな
節足動物	せっそくどうぶつ
節酒	せっしゅ
範疇	はんちゅう
篆書	てんしょ
築堤	ちくてい
篝火	かがりび
篭城	ろうじょう
篭絡	ろうらく
篳篥	ひちりき
簀巻き	すまき
簒奪	さんだつ
簡保	かんぽ
簡約	かんやく
米兵	べいへい
米糠	こめぬか
米蔵	こめぐら
米袋	こめぶくろ
籾殻	もみがら
粉乳	ふんにゅう
粉塵	ふんじん
粉屋	こなや
粉薬	こなぐすり
粉食	ふんしょく
粉骨砕身	ふんこつさいしん
粋人	すいじん
粕汁	かすじる
粕漬け	かすづけ
粗削り	あらけずり
粗塩	あらじお
粗大ごみ	そだいごみ
粗忽	そこつ
粗方	あらかた
粗略	そりゃく
粗相	そそう
粗糖	そとう
粗製	そせい
粗食	そしょく
粘液	ねんえき
粛慎	みしはせ
粛然	しゅくぜん
精励	せいれい
精勤	せいきん
精巣	せいそう
精強	せいきょう
精悍	せいかん
精根	せいこん
精機	せいき
精気	せいき
精油	せいゆ
精白	せいはく
精確	せいかく
精神分裂病	せいしんぶんれつびょう
精神分裂症	せいしんぶんれつしょう
精神療法	せいしんりょうほう
精糖	せいとう
精練	せいれん
精読	せいどく
精霊流し	しょうりょうながし
精髄	せいずい
糊付け	のりづけ
糊口	ここう
糊塗	こと
糖化	とうか
糖尿	とうにょう
糖度	とうど
糖蜜	とうみつ
糖衣	とうい
糖衣錠	とういじょう
糞便	ふんべん
糞尿	ふんにょう
糞虫	くそむし
糠漬け	ぬかづけ
糸巻き	いとまき
糸状	しじょう
糸車	いとぐるま
糸鋸	いとのこ
紀伝	きでん
紀元節	きげんせつ
紀要	きよう
約分	やくぶん
約数	やくすう
約束事	やくそくごと
紅一点	こういってん
紅型	びんがた
紅殻	べんがら
紅生姜	べにしょうが
紅紫	こうし
紅葉狩り	もみじがり
紅衛兵	こうえいへい
紅雀	べにすずめ
紅顔	こうがん
紅鮭	べにざけ
紆余曲折	うよきょくせつ
紊乱	びんらん
紋付き	もんつき
紋所	もんどころ
紋様	もんよう
納品書	のうひんしょ
納本	のうほん
納棺	のうかん
納車	のうしゃ
紐付	ひもつき
紐付き	ひもつき
紐帯	ちゅうたい
紐解く	ひもとく
純潔	じゅんけつ
純系	じゅんけい
純血	じゅんけつ
純資産	じゅんしさん
純銅	じゅんどう
紙器	しき
紙屑	かみくず
紙工	しこう
紙巻	かみまき
紙巻き	かみまき
紙幅	しふく
紙漉き	かみすき
紙魚	しみ
級数	きゅうすう
級長	きゅうちょう
紛い物	まがいもの
紛議	ふんぎ
素っ裸	すっぱだか
素っ頓狂	すっとんきょう
素人目	しろうとめ
素因数	そいんすう
素地	きじ
素数	そすう
素晴らしき	すばらしき
素泊まり	すどまり
素知らぬ	そしらぬ
素股	すまた
素面	すめん
紡糸	ぼうし
紡錘	ぼうすい
紡錘形	ぼうすいけい
索具	さくぐ
索敵	さくてき
索道	さくどう
紫斑	しはん
紫根	しこん
紫檀	したん
累乗	るいじょう
累代	るいだい
累犯	るいはん
細切り	こまぎり
細切れ	こまぎれ
細君	さいくん
細流	さいりゅう
細石	さざれいし
細管	さいかん
細線	さいせん
紹興酒	しょうこうしゅ
紺地	こんじ
紺色	こんいろ
紺青	こんじょう
終曲	しゅうきょく
終期	しゅうき
終極	しゅうきょく
終止	しゅうし
終着	しゅうちゃく
終章	しゅうしょう
終端	しゅうたん
終車	しゅうしゃ
組み付け	くみつけ
組み合う	くみあう
組み合せ	くみあわせ
組み換え	くみかえ
組み方	くみかた
組み直す	くみなおす
組み立	くみたて
組合せ	くみあわせ
組員	くみいん
組替え	くみかえ
組版	くみはん
組物	くみもの
組立	くみたて
組立て	くみたて
組紐	くみひも
組踊	くみおどり
組込み	くみこみ
絆創膏	ばんそうこう
経世済民	けいせいさいみん
経年	けいねん
経文	きょうもん
経時	けいじ
経書	けいしょ
経木	きょうぎ
経済学部	けいざいがくぶ
経産婦	けいさんぷ
経穴	けいけつ
経糸	たていと
経絡	けいらく
経綸	けいりん
経蔵	きょうぞう
結び付き	むすびつき
結び方	むすびかた
結び目	むすびめ
結城紬	ゆうきつむぎ
結氷	けっぴょう
結球	けっきゅう
結界	けっかい
結紮	けっさつ
結線	けっせん
結膜	けつまく
結膜炎	けつまくえん
結語	けつご
結論づける	けつろんづける
結願	けちがん
結髪	けっぱつ
絞め技	しめわざ
絞め殺す	しめころす
絞り染め	しぼりぞめ
絞首	こうしゅ
絡繰	からくり
給排水	きゅうはいすい
給電	きゅうでん
給餌	きゅうじ
絨毛	じゅうもう
統一教会	とういつきょうかい
統幕	とうばく
統廃合	とうはいごう
統御	とうぎょ
統監	とうかん
統覚	とうかく
統語	とうご
統轄	とうかつ
絵付	えつけ
絵具	えのぐ
絵合わせ	えあわせ
絵姿	えすがた
絵心	えごころ
絵手紙	えてがみ
絵描き	えかき
絵日記	えにっき
絶え絶え	たえだえ
絶世	ぜっせい
絶体絶命	ぜったいぜつめい
絶佳	ぜっか
絶倫	ぜつりん
絶命	ぜつめい
絶技	ぜつぎ
絶景	ぜっけい
絶無	ぜつむ
絶食	ぜっしょく
絹本	けんぽん
継ぎ手	つぎて
継ぎ足し	つぎたし
継ぎ足す	つぎたす
継嗣	けいし
継手	つぎて
継父	けいふ
継目	つぎめ
続き物	つづきもの
続報	ぞくほう
続投	ぞくとう
続柄	つづきがら
続篇	ぞくへん
続続	ぞくぞく
綜合	そうごう
綬章	じゅしょう
綱目	こうもく
綱要	こうよう
網焼き	あみやき
網状	もうじょう
綴じ込み	とじこみ
綸旨	りんじ
綺羅星	きらぼし
綺談	きだん
綺麗事	きれいごと
綽名	あだな
綿入れ	わたいれ
綿実油	めんじつゆ
綿帽子	わたぼうし
綿毛	わたげ
綿織物	めんおりもの
緊縛	きんばく
総則	そうそく
総局	そうきょく
総画	そうかく
総研	そうけん
総立ち	そうだち
総菜	そうざい
総説	そうせつ
総門	そうもん
総集編	そうしゅうへん
総領事館	そうりょうじかん
総高	そうだか
緑の党	みどりのとう
緑地公園	りょくちこうえん
緑玉	りょくぎょく
緑眼	りょくがん
緑肥	りょくひ
緑藻	りょくそう
緑陰	りょくいん
緘口	かんこう
緘黙	かんもく
線上	せんじょう
線分	せんぶん
線区	せんく
線型	せんけい
線引き	せんびき
線条	せんじょう
線維	せんい
緞子	どんす
緞帳	どんちょう
締め括り	しめくくり
締め日	しめび
締切	しめきり
締切り	しめきり
編み上げ	あみあげ
編み目	あみめ
編み込む	あみこむ
編制	へんせい
編物	あみもの
編輯	へんしゅう
緩徐	かんじょ
緩行	かんこう
緩解	かんかい
緯糸	よこいと
練り歩く	ねりあるく
練り物	ねりもの
練乳	れんにゅう
練炭	れんたん
練磨	れんま
縁戚	えんせき
縁石	えんせき
縁辺	えんぺん
縄抜け	なわぬけ
縄目	なわめ
縊死	いし
縛り上げる	しばりあげる
縛り付ける	しばりつける
縞柄	しまがら
縦列	じゅうれつ
縦穴	たてあな
縦縞	たてじま
縦覧	じゅうらん
縦長	たてなが
縦陣	じゅうじん
縦隊	じゅうたい
縫い代	ぬいしろ
縫い合わせる	ぬいあわせる
縫い物	ぬいもの
縫合	ほうごう
縮れ毛	ちぢれげ
縮刷	しゅくさつ
縮緬	ちりめん
縮退	しゅくたい
繁華	はんか
繁雑	はんざつ
繊毛	せんもう
繊維状	せんいじょう
繊維素	せんいそ
繋留	けいりゅう
繚乱	りょうらん
繰上げ	くりあげ
繰下げ	くりさげ
繰越	くりこし
繰返し	くりかえし
繻子	しゅす
纏足	てんそく
缶切り	かんきり
缶詰め	かんづめ
罪作り	つみつくり
罪業	ざいごう
罪深い	つみぶかい
罪科	ざいか
罪責	ざいせき
罪過	ざいか
罫線	けいせん
置き引き	おきびき
置き手紙	おきてがみ
置き換わる	おきかわる
置き物	おきもの
置場	おきば
置屋	おきや
置手紙	おきてがみ
置換	ちかん
置換え	おきかえ
置時計	おきどけい
罰当たり	ばちあたり
罵倒	ばとう
罵声	ばせい
罵詈	ばり
罹災	りさい
罹病	りびょう
羅紗	らしゃ
羊歯	しだ
羊皮紙	ようひし
羊羹	ようかん
美丈夫	びじょうふ
美事	みごと
美人局	つつもたせ
美女と野獣	びじょとやじゅう
美少女	びしょうじょ
美形	びけい
美技	びぎ
美文	びぶん
美景	びけい
美果	びか
美濃紙	みのがみ
美神	びしん
美肌	びはだ
美術家	びじゅつか
美醜	びしゅう
美風	びふう
羞恥心	しゅうちしん
群発	ぐんぱつ
群盗	ぐんとう
群論	ぐんろん
群雄	ぐんゆう
群集心理	ぐんしゅうしんり
義侠	ぎきょう
義兄弟	ぎきょうだい
義勇軍	ぎゆうぐん
義憤	ぎふん
義手	ぎしゅ
義捐	ぎえん
義援	ぎえん
義理堅い	ぎりがたい
義理立て	ぎりだて
義眼	ぎがん
義肢	ぎし
義親	ぎしん
義賊	ぎぞく
羽二重	はぶたえ
羽交い締め	はがいじめ
羽根車	はねぐるま
羽目板	はめいた
羽織る	はおる
羽虫	はむし
羽風	はかぜ
翌々年	よくよくねん
翌々日	よくよくじつ
翌々月	よくよくげつ
習作	しゅうさく
習合	しゅうごう
習癖	しゅうへき
翠緑	すいりょく
翻刻	ほんこく
翼下	よっか
翼状	よくじょう
翼賛	よくさん
老い先	おいさき
老け込む	ふけこむ
老体	ろうたい
老健	ろうけん
老公	ろうこう
老兵	ろうへい
老婆心	ろうばしん
老害	ろうがい
老成	ろうせい
老爺	ろうや
老獪	ろうかい
老翁	ろうおう
老臣	ろうしん
老親	ろうしん
考え事	かんがえごと
考え物	かんがえもの
考え違い	かんがえちがい
考古	こうこ
考現学	こうげんがく
考究	こうきゅう
考課	こうか
考量	こうりょう
耄碌	もうろく
者共	ものども
而今	じこん
耐え忍ぶ	たえしのぶ
耐え抜く	たえぬく
耐え難い	たえがたい
耐容	たいよう
耐寒	たいかん
耐暑	たいしょ
耐用	たいよう
耐酸	たいさん
耐風	たいふう
耐食	たいしょく
耐食性	たいしょくせい
耕耘	こううん
耕運機	こううんき
耳下腺	じかせん
耳下腺炎	じかせんえん
耳寄り	みみより
耳年増	みみどしま
耳掻き	みみかき
耳朶	みみたぶ
耳触り	みみざわり
耳鳴り	みみなり
耳鼻	じび
耳鼻咽喉	じびいんこう
耽溺	たんでき
耽読	たんどく
聖体	せいたい
聖天	しょうてん
聖女	せいじょ
聖家族	せいかぞく
聖帝	せいてい
聖徒	せいと
聖徳大学	せいとくだいがく
聖断	せいだん
聖旨	せいし
聖母子	せいぼし
聖王	せいおう
聖職	せいしょく
聖観音	しょうかんのん
聖誕祭	せいたんさい
聖霊	せいれい
聖餐	せいさん
聞き入れる	ききいれる
聞き分け	ききわけ
聞き分ける	ききわける
聞き耳	ききみみ
聞き苦しい	ききぐるしい
聞き覚え	ききおぼえ
聞書	ききがき
聯合	れんごう
聯盟	れんめい
聴き込む	ききこむ
聴牌	てんぱい
聴神経	ちょうしんけい
聴者	ちょうしゃ
聴解	ちょうかい
聴診	ちょうしん
聴講生	ちょうこうせい
聴音	ちょうおん
職位	しょくい
職分	しょくぶん
職名	しょくめい
職工	しょっこう
職掌	しょくしょう
職長	しょくちょう
聾唖	ろうあ
聾者	ろうしゃ
肉付き	にくづき
肉体美	にくたいび
肉感	にっかん
肉感的	にっかんてき
肉欲	にくよく
肉汁	にくじゅう
肉片	にくへん
肉腫	にくしゅ
肉色	にくいろ
肉芽	にくが
肉襦袢	にくじゅばん
肋間	ろっかん
肌寒	はださむ
肌理	きめ
肌荒れ	はだあれ
肘掛	ひじかけ
肘掛け	ひじかけ
肘鉄	ひじてつ
肝っ玉	きもったま
肝不全	かんふぜん
肝吸い	きもすい
肝油	かんゆ
肝胆	かんたん
肝腎	かんじん
股上	またがみ
股下	またした
股引	ももひき
股旅	またたび
股間	こかん
股関節	こかんせつ
肥厚	ひこう
肥後守	ひごのかみ
肥沃	ひよく
肥満児	ひまんじ
肥溜め	こえだめ
肩口	かたぐち
肩当	かたあて
肩掛け	かたかけ
肩書	かたがき
肩章	けんしょう
肩肘	かたひじ
肩胛骨	けんこうこつ
肩越し	かたごし
肩車	かたぐるま
育休	いくきゅう
育毛	いくもう
肺気腫	はいきしゅ
肺活量	はいかつりょう
肺病	はいびょう
肺癌	はいがん
胃下垂	いかすい
胃壁	いへき
胃弱	いじゃく
胃拡張	いかくちょう
胃散	いさん
胃液	いえき
胃癌	いがん
胃薬	いぐすり
胃酸	いさん
胆力	たんりょく
胆嚢	たんのう
背中合わせ	せなかあわせ
背反	はいはん
背嚢	はいのう
背徳	はいとく
背教	はいきょう
背格好	せいかっこう
背理	はいり
背理法	はいりほう
背筋力	はいきんりょく
背負い込む	しょいこむ
背部	はいぶ
背鰭	せびれ
胎土	たいど
胎座	たいざ
胎生	たいせい
胚乳	はいにゅう
胚芽	はいが
胚葉	はいよう
胞状	ほうじょう
胡乱	うろん
胡同	ふーとん
胡座	あぐら
胡弓	こきゅう
胡散	うさん
胡散臭い	うさんくさい
胡粉	ごふん
胡麻和え	ごまあえ
胡麻油	ごまあぶら
胴丸	どうまる
胴元	どうもと
胴回り	どうまわり
胴着	どうぎ
胸倉	むなぐら
胸囲	きょうい
胸壁	きょうへき
胸当て	むねあて
胸板	むないた
胸椎	きょうつい
胸毛	むなげ
胸水	きょうすい
胸焼け	むねやけ
胸痛	きょうつう
胸糞	むなくそ
胸腔	きょうこう
胸腺	きょうせん
胸膜	きょうまく
胸郭	きょうかく
胸騒ぎ	むなさわぎ
胸骨	きょうこつ
胸高	むなだか
能動態	のうどうたい
能書	のうしょ
能無し	のうなし
能狂言	のうきょうげん
能登半島	のとはんとう
脂性	あぶらしょう
脂汗	あぶらあせ
脆性	ぜいせい
脇の下	わきのした
脇差	わきざし
脇差し	わきざし
脇毛	わきげ
脇目	わきめ
脇腹	わきばら
脇道	わきみち
脈動	みゃくどう
脈打つ	みゃくうつ
脊柱	せきちゅう
脊椎動物	せきついどうぶつ
脊索	せきさく
脚下	きゃっか
脚気	かっけ
脚注	きゃくちゅう
脚立	きゃたつ
脚絆	きゃはん
脚線美	きゃくせんび
脚長	あしなが
脛骨	けいこつ
脱亜入欧	だつあにゅうおう
脱兎	だっと
脱力	だつりょく
脱字	だつじ
脱法	だっぽう
脱獄	だつごく
脱着	だっちゃく
脱稿	だっこう
脱穀	だっこく
脱糞	だっぷん
脱肛	だっこう
脱脂	だっし
脱脂綿	だっしめん
脱腸	だっちょう
脱臼	だっきゅう
脱藩	だっぱん
脳下垂体	のうかすいたい
脳味噌	のうみそ
脳外科	のうげか
脳天	のうてん
脳幹	のうかん
脳溢血	のういっけつ
脳漿	のうしょう
脳症	のうしょう
脳腫瘍	のうしゅよう
脳震盪	のうしんとう
脳髄	のうずい
脹脛	ふくらはぎ
脾臓	ひぞう
腋の下	わきのした
腋毛	わきげ
腋窩	えきか
腋臭	わきが
腎盂	じんう
腎虚	じんきょ
腐れ縁	くされえん
腐朽	ふきゅう
腐植	ふしょく
腐肉	ふにく
腐蝕	ふしょく
腑抜け	ふぬけ
腓腹筋	ひふくきん
腓骨	ひこつ
腕っ節	うでっぷし
腕利き	うできき
腕木	うでぎ
腕相撲	うでずもう
腕立て	うでたて
腕組	うでぐみ
腕試し	うでだめし
腕輪	うでわ
腕骨	わんこつ
腫れ上がる	はれあがる
腫れ物	はれもの
腫物	しゅもつ
腫脹	しゅちょう
腰巻き	こしまき
腰巾着	こしぎんちゃく
腰布	こしぬの
腰帯	こしおび
腰折れ	こしおれ
腰抜け	こしぬけ
腰板	こしいた
腰紐	こしひも
腰骨	こしぼね
腱鞘炎	けんしょうえん
腸管	ちょうかん
腸詰	ちょうづめ
腸詰め	ちょうづめ
腸閉塞	ちょうへいそく
腹の中	はらのなか
腹の虫	はらのむし
腹一杯	はらいっぱい
腹下し	はらくだし
腹切	はらきり
腹切り	はらきり
腹囲	ふくい
腹壁	ふくへき
腹巻き	はらまき
腹持ち	はらもち
腹時計	はらどけい
腹水	ふくすい
腹積もり	はらづもり
腹立ち	はらだち
腹立つ	はらだつ
腹膜	ふくまく
腹芸	はらげい
腹話術	ふくわじゅつ
腹這い	はらばい
腹違い	はらちがい
腹黒	はらぐろ
腹黒い	はらぐろい
腺腫	せんしゅ
膀胱	ぼうこう
膏薬	こうやく
膝下	ひざもと
膝元	ひざもと
膝小僧	ひざこぞう
膝掛け	ひざかけ
膝枕	ひざまくら
膝栗毛	ひざくりげ
膝蓋骨	しつがいこつ
膝頭	ひざがしら
膠着	こうちゃく
膨満	ぼうまん
膨潤	ぼうじゅん
膨脹	ぼうちょう
膨隆	ぼうりゅう
膵島	すいとう
膵液	すいえき
膵炎	すいえん
膵癌	すいがん
膵管	すいかん
膵臓	すいぞう
膾炙	かいしゃ
膿疱	のうほう
膿瘍	のうよう
臀部	でんぶ
臆測	おくそく
臆面	おくめん
臍の緒	へそのお
臍帯	さいたい
臓物	ぞうもつ
臓腑	ぞうふ
臙脂	えんじ
臣下	しんか
臣従	しんじゅう
臣民	しんみん
臣籍	しんせき
臥床	がしょう
臥薪嘗胆	がしんしょうたん
臨在	りんざい
臨場	りんじょう
臨席	りんせき
臨機	りんき
臨死	りんし
臨済宗	りんざいしゅう
自主権	じしゅけん
自乗	にじょう
自信満々	じしんまんまん
自党	じとう
自公	じこう
自公民	じこうみん
自刃	じじん
自制心	じせいしん
自動詞	じどうし
自噴	じふん
自堕落	じだらく
自失	じしつ
自存	じそん
自学	じがく
自学自習	じがくじしゅう
自家製	じかせい
自尊心	じそんしん
自席	じせき
自性	じしょう
自愛	じあい
自慰	じい
自書	じしょ
自棄酒	やけざけ
自沈	じちん
自治省	じちしょう
自演	じえん
自然人	しぜんじん
自然体	しぜんたい
自然薯	じねんじょ
自由党	じゆうとう
自由民主党	じゆうみんしゅとう
自画	じが
自社さ	じしゃさ
自縄自縛	じじょうじばく
自縛	じばく
自署	じしょ
自若	じじゃく
自製	じせい
自賠責	じばいせき
自足	じそく
自軍	じぐん
自邸	じてい
自陣	じじん
至便	しべん
至当	しとう
至言	しげん
至近	しきん
至高	しこう
致傷	ちしょう
致死傷	ちししょう
臺灣	たいわん
臼歯	きゅうし
臼砲	きゅうほう
興味しんしん	きょうみしんしん
興廃	こうはい
興醒め	きょうざめ
興銀	こうぎん
舌っ足らず	したったらず
舌先	したさき
舌禍	ぜっか
舌苔	ぜったい
舌鋒	ぜっぽう
舎監	しゃかん
舗道	ほどう
舞扇	まいおうぎ
舞踊団	ぶようだん
舟唄	ふなうた
舟歌	ふなうた
舟遊び	ふなあそび
舟運	しゅううん
航続	こうぞく
航続力	こうぞくりょく
般若心経	はんにゃしんぎょう
舳先	へさき
舵取り	かじとり
舵手	だしゅ
舶用	はくよう
舶載	はくさい
舷側	げんそく
舷窓	げんそう
船上	せんじょう
船内	せんない
船医	せんい
船型	せんけい
船大工	ふなだいく
船宿	ふなやど
船小屋	ふなごや
船渠	せんきょ
船荷	ふなに
船遊び	ふなあそび
船隊	せんたい
艇庫	ていこ
艤装	ぎそう
艦上	かんじょう
艦橋	かんきょう
艦載	かんさい
良否	りょうひ
良妻賢母	りょうさいけんぼ
良家	りょうけ
良港	りょうこう
良田	りょうでん
良縁	りょうえん
良薬	りょうやく
良貨	りょうか
艱難	かんなん
艱難辛苦	かんなんしんく
色事	いろごと
色仕掛け	いろじかけ
色付き	いろつき
色付け	いろづけ
色刷	いろずり
色即是空	しきそくぜくう
色収差	いろしゅうさ
色合	いろあい
色変わり	いろがわり
色弱	しきじゃく
色恋	いろこい
色情	しきじょう
色欲	しきよく
色濃い	いろこい
色物	いろもの
色男	いろおとこ
色白	いろじろ
色盲	しきもう
色相	しきそう
色眼鏡	いろめがね
色石	いろいし
色絵	いろえ
色色	いろいろ
色街	いろまち
色褪せる	いろあせる
色香	いろか
色魔	しきま
艶姿	あですがた
艶笑	えんしょう
芋煮	いもに
芋虫	いもむし
芍薬	しゃくやく
芝刈	しばかり
芥子	からし
芥川賞	あくたがわしょう
芯線	しんせん
花の木	はなのき
花代	はなだい
花冠	かかん
花卉	かき
花台	かだい
花吹雪	はなふぶき
花実	はなみ
花崗岩	かこうがん
花序	かじょ
花弁	はなびら
花文字	はなもじ
花暦	はなごよみ
花木	かぼく
花札	はなふだ
花水木	はなみずき
花祭り	はなまつり
花穂	かすい
花筐	はながたみ
花簪	はなかんざし
花色	はないろ
花茎	かけい
花街	かがい
花車	きゃしゃ
花鋏	はなばさみ
花電車	はなでんしゃ
花魁	おいらん
芳名	ほうめい
芳醇	ほうじゅん
芸事	げいごと
芸大	げいだい
芸当	げいとう
芸歴	げいれき
芸道	げいどう
芽胞	がほう
苛政	かせい
苛烈	かれつ
苛立ち	いらだち
苛立つ	いらだつ
苛酷	かこく
若い衆	わかいしゅ
若作り	わかづくり
若僧	わかぞう
若君	わかぎみ
若妻	わかづま
若年寄	わかどしより
若旦那	わかだんな
若様	わかさま
若殿	わかとの
若気	わかげ
若白髪	わかしらが
若衆	わかしゅ
若輩	じゃくはい
苦し紛れ	くるしまぎれ
苦労性	くろうしょう
苦役	くえき
苦悶	くもん
苦汁	にがり
苦海	くかい
苦界	くがい
苦節	くせつ
苦肉	くにく
英紙	えいし
茅の輪	ちのわ
茅葺き	かやぶき
茜色	あかねいろ
茨城大学	いばらきだいがく
茫漠	ぼうばく
茫然	ぼうぜん
茯苓	ぶくりょう
茴香	ういきょう
茶事	ちゃごと
茶人	ちゃじん
茶代	ちゃだい
茶入	ちゃいれ
茶入れ	ちゃいれ
茶利	ちゃり
茶化す	ちゃかす
茶器	ちゃき
茶坊主	ちゃぼうず
茶寮	ちゃりょう
茶巾	ちゃきん
茶席	ちゃせき
茶房	さぼう
茶所	ちゃどころ
茶托	ちゃたく
茶杓	ちゃしゃく
茶柱	ちゃばしら
茶殻	ちゃがら
茶漬	ちゃづけ
茶目	ちゃめ
茶目っ気	ちゃめっけ
茶碗蒸し	ちゃわんむし
茶筅	ちゃせん
茶筒	ちゃづつ
茶臼	ちゃうす
茶舗	ちゃほ
茶色い	ちゃいろい
茶菓	さか
茶菓子	ちゃがし
茶話	ちゃばなし
茶道具	ちゃどうぐ
茶釜	ちゃがま
茶飯	ちゃめし
茶飯事	さはんじ
茶飲み	ちゃのみ
茶髪	ちゃぱつ
草冠	くさかんむり
草刈り機	くさかりき
草本	そうほん
草色	くさいろ
草草	そうそう
草莽	そうもう
草葉	くさば
草葉の陰	くさばのかげ
草鞋	わらじ
草餅	くさもち
荏原製作所	えばらせいさくしょ
荒くれ者	あらくれもの
荒れ地	あれち
荒れ狂う	あれくるう
荒れ野	こうや
荒業	あらわざ
荒涼	こうりょう
荒立てる	あらだてる
荒縄	あらなわ
荒行	あらぎょう
荘重	そうちょう
荷作り	にづくり
荷受	にうけ
荷受け	にうけ
荷担	かたん
荷車	にぐるま
荷重	かじゅう
荷電	かでん
荷馬	にうま
荼毘	だび
莫迦	ばか
菅笠	すげがさ
菌株	きんかぶ
菌糸	きんし
菖蒲湯	しょうぶゆ
菜っ葉	なっぱ
菜種油	なたねあぶら
菜箸	さいばし
菩提心	ぼだいしん
菫色	すみれいろ
華人	かじん
華厳経	けごんきょう
華奢	きゃしゃ
華氏	かし
菱餅	ひしもち
落し蓋	おとしぶた
落ち武者	おちむしゃ
落ち着ける	おちつける
落とし主	おとしぬし
落とし前	おとしまえ
落とし物	おとしもの
落とし込む	おとしこむ
落丁	らくちょう
落人	おちうど
落伍	らくご
落命	らくめい
落城	らくじょう
落後	らくご
落慶	らっけい
落書	らくがき
落月	らくげつ
落果	らっか
落款	らっかん
落武者	おちむしゃ
落涙	らくるい
落研	おちけん
落穂	おちぼ
落第生	らくだいせい
落胤	らくいん
落車	らくしゃ
落鉄	らくてつ
落陽	らくよう
落雁	らくがん
落雪	らくせつ
葉柄	ようへい
葉牡丹	はぼたん
葉状	ようじょう
葉緑素	ようりょくそ
葉脈	ようみゃく
葉腋	ようえき
葉菜類	ようさいるい
葉虫	はむし
葉酸	ようさん
葉隠れ	はがくれ
葉風	はかぜ
葛根	かっこん
葛湯	くずゆ
葛粉	くずこ
葛餅	くずもち
葦笛	あしぶえ
葬礼	そうれい
葵祭	あおいまつり
葺き替え	ふきかえ
蒐集	しゅうしゅう
蒙古斑	もうこはん
蒙昧	もうまい
蒟蒻	こんにゃく
蒲団	ふとん
蒲焼	かばやき
蒲焼き	かばやき
蒲鉾	かまぼこ
蒸し器	むしき
蒸し焼き	むしやき
蒸し物	むしもの
蒸し風呂	むしぶろ
蒸散	じょうさん
蒸溜	じょうりゅう
蒸留	じょうりゅう
蒸着	じょうちゃく
蒸篭	せいろ
蒸籠	せいろ
蒼天	そうてん
蒼然	そうぜん
蒼白	そうはく
蒼空	そうくう
蓄光	ちっこう
蓄熱	ちくねつ
蓄膿症	ちくのうしょう
蓄電	ちくでん
蓄音器	ちくおんき
蓋然性	がいぜんせい
蓮根	れんこん
蔑称	べっしょう
蔬菜	そさい
蔵人	くろうど
蔵出し	くらだし
蔵開き	くらびらき
蕁麻疹	じんましん
蕎麦湯	そばゆ
薀蓄	うんちく
薄ら寒い	うすらさむい
薄利	はくり
薄化粧	うすげしょう
薄命	はくめい
薄型	うすがた
薄幸	はっこう
薄情	はくじょう
薄明	はくめい
薄暮	はくぼ
薄気味悪い	うすきみわるい
薄汚い	うすぎたない
薄物	うすもの
薄目	うすめ
薄笑い	うすわらい
薄紙	うすがみ
薄紫	うすむらさき
薄給	はっきゅう
薄肉	うすにく
薄茶	うすちゃ
薄荷	はっか
薄闇	うすやみ
薔薇色	ばらいろ
薙ぎ払う	なぎはらう
薙刀	なぎなた
薨去	こうきょ
薩摩焼	さつまやき
薩摩芋	さつまいも
薪割り	まきわり
薪能	たきぎのう
薫製	くんせい
薫陶	くんとう
薬事	やくじ
薬学部	やくがくぶ
薬局方	やっきょくほう
薬店	やくてん
薬殺	やくさつ
薬液	やくえき
薬湯	やくとう
薬石	やくせき
薬科	やっか
薬種	やくしゅ
薬莢	やっきょう
薬袋	やくたい
薬酒	やくしゅ
薯蕷	とろろ
藍色	あいいろ
藩政	はんせい
藩札	はんさつ
藩校	はんこう
藩邸	はんてい
藩閥	はんばつ
蘊蓄	うんちく
蘚苔	せんたい
虎の子	とらのこ
虎の尾	とらのお
虎の巻	とらのまき
虎口	ここう
虎猫	とらねこ
虎穴	こけつ
虎視眈々	こしたんたん
虚仮	こけ
虚勢	きょせい
虚報	きょほう
虚妄	きょもう
虚数	きょすう
虚業	きょぎょう
虚無僧	こむそう
虚空蔵菩薩	こくうぞうぼさつ
虜囚	りょしゅう
虫の息	むしのいき
虫下し	むしくだし
虫垂	ちゅうすい
虫害	ちゅうがい
虫干し	むしぼし
虫眼鏡	むしめがね
虫酸	むしず
虱潰し	しらみつぶし
虹彩	こうさい
虹鱒	にじます
蚊取り線香	かとりせんこう
蚊取線香	かとりせんこう
蚕室	さんしつ
蚕種	さんしゅ
蚤の市	のみのいち
蚩尤	しゆう
蚯蚓	みみず
蛆虫	うじむし
蛇腹	じゃばら
蛇蝎	だかつ
蛍火	ほたるび
蛞蝓	なめくじ
蛮人	ばんじん
蛮族	ばんぞく
蛮神	ばんしん
蜀漢	しょっかん
蜂の巣	はちのす
蜉蝣	かげろう
蜜蜂	みつばち
蜜蝋	みつろう
蜥蜴	とかげ
蝉時雨	せみしぐれ
蝦蟇	ひきがえる
蝴蝶	こちょう
蝶番	ちょうつがい
蝶結び	ちょうむすび
融点	ゆうてん
融解	ゆうかい
融資枠	ゆうしわく
螺鈿	らでん
蟄居	ちっきょ
蟹工船	かにこうせん
蟻地獄	ありじごく
蟻酸	ぎさん
蠕動	ぜんどう
蠢動	しゅんどう
蠱惑	こわく
蠱毒	こどく
血の池	ちのいけ
血便	けつべん
血判	けっぱん
血反吐	ちへど
血合い	ちあい
血塗れ	ちまみれ
血尿	けつにょう
血戦	けっせん
血染め	ちぞめ
血気	けっき
血涙	けつるい
血漿	けっしょう
血潮	ちしお
血煙	ちけむり
血球	けっきゅう
血盟	けつめい
血祭り	ちまつり
血管腫	けっかんしゅ
血糊	ちのり
血脈	けつみゃく
血腫	けっしゅ
血豆	ちまめ
血道	ちみち
衆参	しゅうさん
衆愚	しゅうぐ
衆生	しゅじょう
衆知	しゅうち
衆議	しゅうぎ
衆道	しゅうどう
行き付け	いきつけ
行き倒れ	いきだおれ
行き場	ゆきば
行き方	いきかた
行き着く	いきつく
行く行く	ゆくゆく
行先	いきさき
行幸	ぎょうこう
行政府	ぎょうせいふ
行旅	こうりょ
行末	ゆくすえ
行李	こうり
行水	ぎょうずい
行灯	あんどん
行道	ゆきみち
行頭	ぎょうとう
衍義	えんぎ
衒学	げんがく
街娼	がいしょう
街宣	がいせん
衛士	えじ
衛生局	えいせいきょく
衝立	ついたて
衝角	しょうかく
衡量	こうりょう
衣紋	えもん
衣裳	いしょう
表地	おもてじ
表彰台	ひょうしょうだい
表意	ひょうい
表敬	ひょうけい
表沙汰	おもてざた
表玄関	おもてげんかん
表裏一体	ひょうりいったい
表門	おもてもん
表面張力	ひょうめんちょうりょく
表音	ひょうおん
衰亡	すいぼう
衰微	すいび
袋叩き	ふくろだたき
袋帯	ふくろおび
袖の下	そでのした
袖丈	そでたけ
袖付	そでつけ
被子植物	ひししょくぶつ
被弾	ひだん
被用者	ひようしゃ
被虐	ひぎゃく
被験	ひけん
袱紗	ふくさ
裁可	さいか
裁許	さいきょ
裂傷	れっしょう
裂孔	れっこう
装填	そうてん
装幀	そうてい
装弾	そうだん
装用	そうよう
装甲車	そうこうしゃ
装画	そうが
装飾音	そうしょくおん
裏切	うらぎり
裏千家	うらせんけ
裏声	うらごえ
裏白	うらじろ
裏窓	うらまど
裏街道	うらかいどう
裏返る	うらがえる
裏鬼門	うらきもん
補い合う	おぎないあう
補任	ほにん
補整	ほせい
補筆	ほひつ
補綴	ほてつ
補色	ほしょく
補記	ほき
補語	ほご
補講	ほこう
補選	ほせん
補遺	ほい
補間	ほかん
補題	ほだい
裸一貫	はだかいっかん
裸子植物	らししょくぶつ
裸族	らぞく
裸身	らしん
製作所	せいさくしょ
製剤	せいざい
製塩	せいえん
製氷	せいひょう
製糸	せいし
製織	せいしょく
製茶	せいちゃ
製販	せいはん
製造元	せいぞうもと
製革	せいかく
製靴	せいか
複々線	ふくふくせん
複合語	ふくごうご
複数個	ふくすうこ
複文	ふくぶん
複素	ふくそ
複素数	ふくそすう
複葉	ふくよう
複音	ふくおん
褐藻	かっそう
褒貶	ほうへん
褪色	たいしょく
襟章	えりしょう
襟足	えりあし
襟首	えりくび
襤褸	ぼろ
襦袢	じゅばん
西の丸	にしのまる
西入	にしいる
西半球	にしはんきゅう
西向き	にしむき
西国	さいごく
西岸	せいがん
西王母	せいおうぼ
西端	せいたん
西紀	せいき
西経	せいけい
西進	せいしん
西陣織	にしじんおり
西陽	にしび
西館	にしかん
西麓	せいろく
要事	ようじ
要撃	ようげき
要港	ようこう
要諦	ようてい
要路	ようろ
覆水	ふくすい
覆輪	ふくりん
覇業	はぎょう
覇王	はおう
覇王樹	さぼてん
覇道	はどう
見せ物	みせもの
見つけ出す	みつけだす
見て取る	みてとる
見付け	みつけ
見切る	みきる
見切れる	みきれる
見参	けんざん
見取り	みとり
見境	みさかい
見廻り	みまわり
見惚れる	みほれる
見所	みどころ
見抜ける	みぬける
見掛け	みかけ
見掛け倒し	みかけだおし
見果てぬ夢	みはてぬゆめ
見栄っ張り	みえっぱり
見様見真似	みようみまね
見渡せる	みわたせる
見番	けんばん
見知り	みしり
見積	みつもり
見積り	みつもり
見納め	みおさめ
見紛う	みまがう
見習	みならい
見舞	みまい
見返	みかえし
規則正しい	きそくただしい
規準	きじゅん
視差	しさ
視床	ししょう
視座	しざ
視神経	ししんけい
視程	してい
視診	ししん
視認	しにん
覚え書き	おぼえがき
親中	しんちゅう
親任	しんにん
親切心	しんせつしん
親告罪	しんこくざい
親展	しんてん
親御	おやご
親思い	おやおもい
親水	しんすい
親潮	おやしお
親知らず	おやしらず
親等	しんとう
親米	しんべい
親藩	しんぱん
親衛隊	しんえいたい
親近	しんきん
親馬鹿	おやばか
観世音菩薩	かんぜおんぼさつ
観念論	かんねんろん
観想	かんそう
観望	かんぼう
観桜	かんおう
観照	かんしょう
観相	かんそう
観艦式	かんかんしき
観覧席	かんらんせき
観音開き	かんのんびらき
覿面	てきめん
角刈り	かくがり
角力	すもう
角帯	かくおび
角帽	かくぼう
角形	かくがた
角柱	かくちゅう
角番	かどばん
角砂糖	かくざとう
角笛	つのぶえ
角逐	かくちく
角速度	かくそくど
角錐	かくすい
解き放つ	ときはなつ
解き方	ときかた
解き明かす	ときあかす
解像力	かいぞうりょく
解毒	げどく
解法	かいほう
解離	かいり
触感	しょっかん
触書	ふれがき
触法	しょくほう
触角	しょっかく
言い争う	いいあらそう
言い付け	いいつけ
言い募る	いいつのる
言い寄る	いいよる
言い当てる	いいあてる
言い掛かり	いいがかり
言い放つ	いいはなつ
言い様	いいよう
言い直し	いいなおし
言い直す	いいなおす
言い立てる	いいたてる
言い終わる	いいおわる
言い聞かす	いいきかす
言い草	いいぐさ
言い逃れる	いいのがれる
言の葉	ことのは
言伝	ことづて
言文	げんぶん
言渡し	いいわたし
言葉づかい	ことばづかい
言葉少な	ことばずくな
言葉尻	ことばじり
言説	げんせつ
言霊	ことだま
計数	けいすう
計時	けいじ
計理士	けいりし
計略	けいりゃく
計算尺	けいさんじゃく
訊問	じんもん
討ち死に	うちじに
討伐	とうばつ
討幕	とうばく
討死	うちじに
討滅	とうめつ
訓話	くんわ
訓読	くんどく
託児	たくじ
託送	たくそう
記念樹	きねんじゅ
記法	きほう
訟務	しょうむ
訣別	けつべつ
訪台	ほうたい
訪朝	ほうちょう
訪英	ほうえい
訪露	ほうろ
訪韓	ほうかん
許婚	いいなずけ
許嫁	いいなずけ
許認可	きょにんか
訳出	やくしゅつ
訳本	やくほん
訳注	やくちゅう
訳知り	わけしり
訳註	やくちゅう
訴人	そにん
訴因	そいん
訴求	そきゅう
訴額	そがく
診査	しんさ
註釈	ちゅうしゃく
証取	しょうとり
証左	しょうさ
証票	しょうひょう
証紙	しょうし
証跡	しょうせき
詐害	さがい
詐病	さびょう
詐術	さじゅつ
詔勅	しょうちょく
詞書	ことばがき
詠唱	えいしょう
詠嘆	えいたん
詠歌	えいか
試し切り	ためしぎり
試し斬り	ためしぎり
試供	しきょう
試問	しもん
試奏	しそう
試技	しぎ
試演	しえん
試聴	しちょう
試製	しせい
試訳	しやく
試読	しどく
試論	しろん
試走	しそう
試遊	しゆう
詩学	しがく
詩篇	しへん
詩経	しきょう
詩編	しへん
詫び状	わびじょう
詮索	せんさく
詰め将棋	つめしょうぎ
詰め腹	つめばら
詰合せ	つめあわせ
詰所	つめしょ
詰襟	つめえり
話し出す	はなしだす
話し手	はなして
話半分	はなしはんぶん
話合い	はなしあい
話法	わほう
話者	わしゃ
話芸	わげい
詳解	しょうかい
詳説	しょうせつ
誅殺	ちゅうさつ
誇大妄想	こだいもうそう
認印	みとめいん
誓文	せいもん
誓言	せいげん
誓詞	せいし
誓願	せいがん
誕生石	たんじょうせき
誘い込む	さそいこむ
誘客	ゆうきゃく
誘導体	ゆうどうたい
誘蛾灯	ゆうがとう
誘起	ゆうき
誘電	ゆうでん
語呂	ごろ
語呂合せ	ごろあわせ
語呂合わせ	ごろあわせ
語幹	ごかん
語弊	ごへい
語形	ごけい
語族	ごぞく
語根	ごこん
語義	ごぎ
語調	ごちょう
語部	かたりべ
語釈	ごしゃく
語順	ごじゅん
語頭	ごとう
誤信	ごしん
誤動作	ごどうさ
誤審	ごしん
誤操作	ごそうさ
誤記	ごき
誤読	ごどく
誤謬	ごびゅう
説き伏せる	ときふせる
説示	せつじ
読み下し	よみくだし
読み出し	よみだし
読み出す	よみだす
読み切り	よみきり
読み合わせ	よみあわせ
読み替える	よみかえる
読み札	よみふだ
読み解く	よみとく
読み込み	よみこみ
読み込む	よみこむ
読上げ	よみあげ
読了	どくりょう
読切	よみきり
読取	よみとり
読取り	よみとり
読唇術	どくしんじゅつ
読影	どくえい
読後	どくご
読後感	どくごかん
読心術	どくしんじゅつ
読点	とうてん
読物	よみもの
読誦	どくじゅ
読譜	どくふ
読込	よみこみ
読響	よみきょう
誰何	すいか
誰彼	だれかれ
課業	かぎょう
課目	かもく
調伏	ちょうぶく
調査官	ちょうさかん
調理場	ちょうりば
調音	ちょうおん
談判	だんぱん
諒解	りょうかい
論敵	ろんてき
論破	ろんぱ
論述	ろんじゅつ
論難	ろんなん
論題	ろんだい
諡号	しごう
諦観	ていかん
諧調	かいちょう
諧謔	かいぎゃく
諫言	かんげん
諭旨	ゆし
諷刺	ふうし
諸事	しょじ
諸人	もろびと
諸侯	しょこう
諸兄	しょけい
諸公	しょこう
諸共	もろとも
諸子	しょし
諸家	しょか
諸手	もろて
諸氏	しょし
諸法	しょほう
諸派	しょは
諸点	しょてん
諸王	しょおう
諸相	しょそう
諸種	しょしゅ
諸行	しょぎょう
諸行無常	しょぎょうむじょう
諸語	しょご
諸説	しょせつ
謀叛	むほん
謀殺	ぼうさつ
謁見	えっけん
謄写	とうしゃ
講中	こうじゅう
講社	こうしゃ
講読	こうどく
謝恩	しゃおん
謝絶	しゃぜつ
謝金	しゃきん
謳い文句	うたいもんく
謹製	きんせい
謹言	きんげん
謹賀	きんが
識別子	しきべつし
識字	しきじ
譜代	ふだい
警衛	けいえい
警視総監	けいしそうかん
警邏	けいら
警部補	けいぶほ
譫妄	せんもう
議定	ぎてい
議連	ぎれん
議運	ぎうん
譲り合い	ゆずりあい
譲り合う	ゆずりあう
譲位	じょうい
譲受	ゆずりうけ
譲受人	ゆずりうけにん
譴責	けんせき
護摩	ごま
護符	ごふ
讀賣	よみうり
讃歌	さんか
讒言	ざんげん
豆本	まめほん
豆油	まめあぶら
豆炭	まめたん
豆粒	まめつぶ
豆蔵	まめぞう
豆鉄砲	まめでっぽう
豊和工業	ほうわこうぎょう
豊潤	ほうじゅん
豊田自動織機	とよたじどうしょっき
豊肥本線	ほうひほんせん
豚汁	とんじる
豚箱	ぶたばこ
豚舎	とんしゃ
象形	しょうけい
象棋	しょうぎ
象眼	ぞうがん
象限	しょうげん
豪壮	ごうそう
豪奢	ごうしゃ
豪気	ごうき
豪胆	ごうたん
豪農	ごうのう
豪速球	ごうそっきゅう
豪遊	ごうゆう
豹変	ひょうへん
貝柱	かいばしら
貝類	かいるい
貞操	ていそう
貞節	ていせつ
負けず嫌い	まけずぎらい
負け戦	まけいくさ
負け越す	まけこす
財務局	ざいむきょく
財務諸表	ざいむしょひょう
財投	ざいとう
財物	ざいぶつ
財経	ざいけい
財貨	ざいか
貢物	みつぎもの
貧乏くじ	びんぼうくじ
貧乏性	びんぼうしょう
貧乏揺すり	びんぼうゆすり
貧乏神	びんぼうがみ
貧民窟	ひんみんくつ
貧窮	ひんきゅう
貨客	かきゃく
貨客船	かきゃくせん
販売元	はんばいもと
販社	はんしゃ
貪食	どんしょく
貫主	かんじゅ
貫入	かんにゅう
貫流	かんりゅう
貫禄	かんろく
貫録	かんろく
貫首	かんじゅ
責め立てる	せめたてる
貯木	ちょぼく
貯湯	ちょとう
貯留	ちょりゅう
貰い手	もらいて
貰い物	もらいもの
貴下	きか
貴兄	きけい
貴公	きこう
貴君	きくん
貴国	きこく
貴女	あなた
貴店	きてん
貴様	きさま
貴殿	きでん
貴石	きせき
貴賎	きせん
買い与える	かいあたえる
買い付ける	かいつける
買い切り	かいきり
買い受ける	かいうける
買い叩く	かいたたく
買い換え	かいかえ
買い換える	かいかえる
買い替え	かいかえ
買い漁る	かいあさる
買い置き	かいおき
買い被り	かいかぶり
買い言葉	かいことば
買い越し	かいこし
買上げ	かいあげ
買主	かいぬし
買付け	かいつけ
買値	かいね
買入れ	かいいれ
買出し	かいだし
買占め	かいしめ
買取り	かいとり
買得	かいどく
買戻し	かいもどし
買春	ばいしゅん
買物	かいもの
貸し切る	かしきる
貸し金	かしきん
貸主	かしぬし
貸出し	かしだし
貸切	かしきり
貸切り	かしきり
貸方	かしかた
貼り紙	はりがみ
貼紙	はりがみ
賀詞	がし
賃料	ちんりょう
賃貸し	ちんがし
資料集	しりょうしゅう
賊徒	ぞくと
賊軍	ぞくぐん
賎民	せんみん
賜物	たまもの
賤民	せんみん
賦与	ふよ
賦活	ふかつ
質入れ	しちいれ
質店	しちてん
質料	しつりょう
質流れ	しちながれ
質点	しつてん
質草	しちぐさ
賭け事	かけごと
賭場	とば
賽の河原	さいのかわら
賽の目	さいのめ
賽銭	さいせん
贅肉	ぜいにく
贈物	おくりもの
贋札	にせさつ
贋物	にせもの
贔屓目	ひいきめ
贖罪	しょくざい
赤ら顔	あからがお
赤切符	あかぎっぷ
赤化	せっか
赤十字	せきじゅうじ
赤口	しゃっこう
赤味噌	あかみそ
赤本	あかほん
赤札	あかふだ
赤熱	せきねつ
赤狩り	あかがり
赤裸	あかはだか
赤褐色	せっかっしょく
赤貧	せきひん
赤黒い	あかぐろい
走り抜ける	はしりぬける
走り込み	はしりこみ
走り込む	はしりこむ
走幅跳	はしりはばとび
走狗	そうく
走路	そうろ
走馬灯	そうまとう
走馬燈	そうまとう
走高跳	はしりたかとび
起き抜け	おきぬけ
起亜	きあ
起原	きげん
起居	ききょ
起工式	きこうしき
起承転結	きしょうてんけつ
起案	きあん
起毛	きもう
起稿	きこう
起請文	きしょうもん
起重機	きじゅうき
起電	きでん
超克	ちょうこく
超勤	ちょうきん
超弩級	ちょうどきゅう
超新星	ちょうしんせい
超然	ちょうぜん
超電導	ちょうでんどう
趣意	しゅい
足下	あしもと
足代	あしだい
足労	そくろう
足固め	あしがため
足技	あしわざ
足掛かり	あしがかり
足掻き	あがき
足掻く	あがく
足枷	あしかせ
足湯	あしゆ
足許	あしもと
足蹴	あしげ
足軽	あしがる
跋扈	ばっこ
跛行	はこう
距骨	きょこつ
跡地	あとち
跨線橋	こせんきょう
路盤	ろばん
路程	ろてい
路銀	ろぎん
跳ねっ返り	はねっかえり
跳ね橋	はねばし
跳ね返す	はねかえす
跳ね除ける	はねのける
跳び箱	とびばこ
跳弾	ちょうだん
跳梁	ちょうりょう
跳満	はねまん
踏み倒す	ふみたおす
踏み入る	ふみいる
踏み外す	ふみはずす
踏み抜く	ふみぬく
踏み板	ふみいた
踏み鳴らす	ふみならす
踏ん切り	ふんぎり
踏査	とうさ
蹂躙	じゅうりん
蹄鉄	ていてつ
蹲踞	つくばい
蹴っ飛ばす	けっとばす
蹴球	しゅうきゅう
蹴破る	けやぶる
蹴鞠	けまり
蹴飛ばす	けとばす
躁病	そうびょう
躁転	そうてん
躁鬱	そううつ
躁鬱病	そううつびょう
躍り出る	おどりでる
身の丈	みのたけ
身の毛	みのけ
身の程	みのほど
身の程知らず	みのほどしらず
身一つ	みひとつ
身丈	みたけ
身中	しんちゅう
身代り	みがわり
身代金	みのしろきん
身命	しんめい
身嗜み	みだしなみ
身幅	みはば
身心	しんしん
身悶え	みもだえ
身持ち	みもち
身構える	みがまえる
身許	みもと
身請け	みうけ
身頃	みごろ
車列	しゃれつ
車外	しゃがい
車夫	しゃふ
車寄せ	くるまよせ
車海老	くるまえび
車載	しゃさい
車輌	しゃりょう
車輛	しゃりょう
車速	しゃそく
車間	しゃかん
軋轢	あつれき
軌条	きじょう
軌間	きかん
軍令	ぐんれい
軍刀	ぐんとう
軍制	ぐんせい
軍功	ぐんこう
軍学	ぐんがく
軍師	ぐんし
軍帽	ぐんぼう
軍役	ぐんえき
軍律	ぐんりつ
軍旗	ぐんき
軍楽隊	ぐんがくたい
軍民	ぐんみん
軍法	ぐんぽう
軍略	ぐんりゃく
軍船	ぐんせん
軍装	ぐんそう
軍規	ぐんき
軍門	ぐんもん
軍閥	ぐんばつ
軍陣	ぐんじん
軍鶏	しゃも
軒数	けんすう
軒昂	けんこう
軟体	なんたい
軟体動物	なんたいどうぶつ
軟便	なんべん
軟口蓋	なんこうがい
軟性	なんせい
軟毛	なんもう
軟水	なんすい
軟膏	なんこう
軟質	なんしつ
軟鉄	なんてつ
軟鋼	なんこう
転位	てんい
転作	てんさく
転借	てんしゃく
転入生	てんにゅうせい
転地	てんち
転変	てんぺん
転学	てんがく
転寝	うたたね
転属	てんぞく
転帰	てんき
転換期	てんかんき
転校生	てんこうせい
転業	てんぎょう
転籍	てんせき
転記	てんき
転訛	てんか
転調	てんちょう
転院	てんいん
軸受	じくうけ
軽佻	けいちょう
軽便	けいべん
軽便鉄道	けいべんてつどう
軽四	けいよん
軽易	けいい
軽業	かるわざ
軽業師	かるわざし
軽水炉	けいすいろ
軽犯罪法	けいはんざいほう
軽質	けいしつ
軽躁	けいそう
較差	かくさ
較正	こうせい
輝線	きせん
輪中	わじゅう
輪唱	りんしょう
輪姦	りんかん
輪形	りんけい
輪投げ	わなげ
輪状	りんじょう
輪読	りんどく
輪講	りんこう
輪転	りんてん
輻射	ふくしゃ
輻射熱	ふくしゃねつ
輻輳	ふくそう
輿入れ	こしいれ
輿地	よち
輿論	よろん
轟沈	ごうちん
轟轟	ごうごう
轟音	ごうおん
轢き逃げ	ひきにげ
轢死	れきし
辛党	からとう
辛味噌	からみそ
辛夷	こぶし
辛気臭い	しんきくさい
辛辣	しんらつ
辞儀	じぎ
辟易	へきえき
辣油	らーゆ
辣腕	らつわん
辮髪	べんぱつ
農兵	のうへい
農務	のうむ
農大	のうだい
農奴	のうど
農林省	のうりんしょう
農水	のうすい
農用地	のうようち
辺鄙	へんぴ
辻斬り	つじぎり
迂回	うかい
迂遠	うえん
迂闊	うかつ
迅雷	じんらい
迎え火	むかえび
迎え酒	むかえざけ
迎賓	げいひん
迎車	げいしゃ
近付き	ちかづき
近代文学館	きんだいぶんがくかん
近似	きんじ
近侍	きんじ
近傍	きんぼう
近在	きんざい
近影	きんえい
近時	きんじ
近景	きんけい
近習	きんじゅ
近臣	きんしん
近視眼	きんしがん
近赤外線	きんせきがいせん
返す返す	かえすがえす
返り咲く	かえりざく
返り討ち	かえりうち
返報	へんぽう
返戻	へんれい
返本	へんぽん
返歌	へんか
返球	へんきゅう
述語	じゅつご
迷い子	まよいご
迷い込む	まよいこむ
迷作	めいさく
迷妄	めいもう
迷言	めいげん
迷走	めいそう
追い剥ぎ	おいはぎ
追い打ち	おいうち
追い銭	おいせん
追っ払う	おっぱらう
追っ掛け	おっかけ
追儺	ついな
追号	ついごう
追徴金	ついちょうきん
追慕	ついぼ
追手門学院大学	おうてもんがくいんだいがく
追討	ついとう
追記	ついき
追試験	ついしけん
追贈	ついぞう
追越し	おいこし
退勤	たいきん
退庁	たいちょう
退廷	たいてい
退校	たいこう
退歩	たいほ
退色	たいしょく
退行	たいこう
送り主	おくりぬし
送り火	おくりび
送り状	おくりじょう
送り狼	おくりおおかみ
送出	そうしゅつ
送受信	そうじゅしん
送水	そうすい
送話	そうわ
送辞	そうじ
送達	そうたつ
送配	そうはい
逃げ口上	にげこうじょう
逃げ帰る	にげかえる
逃げ水	にげみず
逃散	ちょうさん
逆上	ぎゃくじょう
逆光	ぎゃっこう
逆剃り	さかぞり
逆子	さかご
逆巻く	さかまく
逆恨み	さかうらみ
逆接	ぎゃくせつ
逆撫で	さかなで
逆数	ぎゃくすう
逆用	ぎゃくよう
逆立つ	さかだつ
逆臣	ぎゃくしん
逆賊	ぎゃくぞく
逆順	ぎゃくじゅん
逆鱗	げきりん
逐条	ちくじょう
逐語	ちくご
逓減	ていげん
逗留	とうりゅう
這い出す	はいだす
通し番号	とおしばんごう
通り名	とおりな
通り雨	とおりあめ
通信使	つうしんし
通分	つうぶん
通則	つうそく
通園	つうえん
通宝	つうほう
通所	つうしょ
通暁	つうぎょう
通期	つうき
通牒	つうちょう
通行人	つうこうにん
通読	つうどく
通運	つううん
通電	つうでん
速効	そっこう
速射	そくしゃ
速成	そくせい
速歩	はやあし
速筆	そくひつ
造兵	ぞうへい
造化	ぞうか
造型	ぞうけい
造影	ぞうえい
造本	ぞうほん
造物	ぞうぶつ
造物主	ぞうぶつしゅ
造立	ぞうりゅう
造血	ぞうけつ
逡巡	しゅんじゅん
逢引	あいびき
逢魔が時	おうまがとき
連れ合い	つれあい
連れ回す	つれまわす
連れ子	つれこ
連れ帰る	つれかえる
連れ戻す	つれもどす
連体	れんたい
連判	れんばん
連取	れんしゅ
連合体	れんごうたい
連合赤軍	れんごうせきぐん
連対	れんたい
連射	れんしゃ
連弾	れんだん
連接	れんせつ
連珠	れんじゅ
連環	れんかん
連用形	れんようけい
連綿	れんめん
連繋	れんけい
連署	れんしょ
連装	れんそう
連語	れんご
連銀	れんぎん
週報	しゅうほう
週日	しゅうじつ
週番	しゅうばん
週給	しゅうきゅう
進め方	すすめかた
進境	しんきょう
進学校	しんがっこう
進度	しんど
進数	しんすう
進物	しんもつ
進発	しんぱつ
逸失	いっしつ
逸早く	いちはやく
逸物	いちもつ
逼迫	ひっぱく
遁甲	とんこう
遁走	とんそう
遅出	おそで
遅効	ちこう
遅参	ちさん
遅生まれ	おそうまれ
遅番	おそばん
遅筆	ちひつ
遊び人	あそびにん
遊び心	あそびごころ
遊人	ゆうじん
遊具	ゆうぐ
遊園	ゆうえん
遊廓	ゆうかく
遊水地	ゆうすいち
遊水池	ゆうすいち
遊漁	ゆうぎょ
遊漁船	ゆうぎょせん
遊牧民	ゆうぼくみん
遊走	ゆうそう
遊里	ゆうり
運び込む	はこびこむ
運動公園	うんどうこうえん
運営上	うんえいじょう
運搬船	うんぱんせん
運気	うんき
遍在	へんざい
遍路	へんろ
過ぎ行く	すぎゆく
過分	かぶん
過客	かかく
過小	かしょう
過年度	かねんど
過怠	かたい
過払い	かばらい
過料	かりょう
過酸化水素	かさんかすいそ
過電圧	かでんあつ
過飽和	かほうわ
道具立て	どうぐだて
道内	どうない
道化師	どうけし
道場破り	どうじょうやぶり
道士	どうし
道外	どうけ
道家	どうか
道幅	みちはば
道庁	どうちょう
道床	どうしょう
道府県	どうふけん
道徳心	どうとくしん
道楽者	どうらくもの
道県	どうけん
道着	どうぎ
道祖神	どうそじん
道程	みちのり
道行き	みちゆき
道行く	みちゆく
道警	どうけい
道長	どうちょう
違和	いわ
違犯	いはん
違背	いはい
遜色	そんしょく
遠乗り	とおのり
遠吠え	とおぼえ
遠回し	とおまわし
遠国	えんごく
遠島	えんとう
遠心分離機	えんしんぶんりき
遠忌	おんき
遠望	えんぼう
遠海	えんかい
遠視	えんし
遠雷	えんらい
遡及	そきゅう
遡行	そこう
遣り取り	やりとり
遣り繰り	やりくり
遥拝	ようはい
適応症	てきおうしょう
適所	てきしょ
適期	てっき
適材	てきざい
適者生存	てきしゃせいぞん
適職	てきしょく
遮二無二	しゃにむに
遮光	しゃこう
遮蔽	しゃへい
遮音	しゃおん
遮音壁	しゃおんへき
遷化	せんげ
遷座	せんざ
遷延	せんえん
遷移	せんい
選び方	えらびかた
選り取り	よりどり
選り好み	よりごのみ
選り抜き	よりぬき
選好	せんこう
選対	せんたい
選民	せんみん
選科	せんか
選管	せんかん
遺命	いめい
遺徳	いとく
遺愛	いあい
遺文	いぶん
遺漏	いろう
遺留分	いりゅうぶん
遺臣	いしん
遺贈	いぞう
遺風	いふう
遺骸	いがい
避止	ひし
避雷針	ひらいしん
邀撃	ようげき
邁進	まいしん
邂逅	かいこう
還俗	げんぞく
邦文	ほうぶん
邦銀	ほうぎん
邪心	じゃしん
邪念	じゃねん
邪推	じゃすい
邪教	じゃきょう
邪智	じゃち
邪気	じゃき
邪法	じゃほう
邪淫	じゃいん
邪神	じゃしん
邪見	じゃけん
郎党	ろうどう
郎等	ろうどう
郡代	ぐんだい
部室	ぶしつ
部所	ぶしょ
部材	ぶざい
部民	べみん
部費	ぶひ
都々逸	どどいつ
都下	とか
都会人	とかいじん
都区	とく
都城	とじょう
都府県	とふけん
都県	とけん
都知事	とちじ
都落ち	みやこおち
都議会	とぎかい
都道	とどう
都銀	とぎん
都雅	とが
酉の市	とりのいち
酌み交わす	くみかわす
酌量	しゃくりょう
配付	はいふ
配向	はいこう
配流	はいる
配膳	はいぜん
配転	はいてん
配達員	はいたついん
酒代	さかだい
酒保	しゅほ
酒呑み	さけのみ
酒宴	しゅえん
酒家	しゅか
酒杯	しゅはい
酒樽	さかだる
酒池肉林	しゅちにくりん
酒浸り	さけびたり
酒癖	さけぐせ
酒石酸	しゅせきさん
酒粕	さけかす
酒精	しゅせい
酒肴	しゅこう
酒色	しゅしょく
酔客	すいきゃく
酔狂	すいきょう
酢味噌	すみそ
酢漬け	すづけ
酢豚	すぶた
酩酊	めいてい
酪酸	らくさん
酷薄	こくはく
酸度	さんど
酸類	さんるい
醗酵	はっこう
醜男	ぶおとこ
醬油	しょうゆ
采配	さいはい
釈尊	しゃくそん
釈然	しゃくぜん
釈迦三尊	しゃかさんぞん
釈迦如来	しゃかにょらい
釈迦牟尼	しゃかむに
釉薬	うわぐすり
里芋	さといも
重ね重ね	かさねがさね
重み付け	おもみづけ
重刑	じゅうけい
重合	じゅうごう
重唱	じゅうしょう
重婚	じゅうこん
重工	じゅうこう
重態	じゅうたい
重曹	じゅうそう
重根	じゅうこん
重機	じゅうき
重母音	じゅうぼいん
重水	じゅうすい
重火器	じゅうかき
重犯	じゅうはん
重用	じゅうよう
重畳	ちょうじょう
重石	おもし
重砲	じゅうほう
重罰	じゅうばつ
重職	じゅうしょく
重苦	じゅうく
重軽傷	じゅうけいしょう
重過失	じゅうかしつ
重量挙げ	じゅうりょうあげ
野伏	のぶし
野兎	のうさぎ
野卑	やひ
野垂れ死に	のたれじに
野天	のてん
野太い	のぶとい
野暮ったい	やぼったい
野次	やじ
野次る	やじる
野次馬	やじうま
野武士	のぶし
野点	のだて
野焼き	のやき
野猿	やえん
野砲	やほう
野趣	やしゅ
野選	やせん
量り売り	はかりうり
量子力学	りょうしりきがく
量定	りょうてい
量目	りょうめ
量販	りょうはん
金一封	きんいっぷう
金主	きんしゅ
金入れ	かねいれ
金冠	きんかん
金切り声	かなきりごえ
金剛力士	こんごうりきし
金剛石	こんごうせき
金員	きんいん
金回り	かねまわり
金団	きんとん
金地	きんじ
金太郎飴	きんたろうあめ
金平糖	こんぺいとー
金彩	きんだみ
金文	きんぶん
金木犀	きんもくせい
金本位	きんほんい
金札	きんさつ
金杯	きんぱい
金柑	きんかん
金欠	きんけつ
金歯	きんば
金気	かなけ
金泥	きんでい
金満	きんまん
金無垢	きんむく
金環	きんかん
金的	きんてき
金管	きんかん
金管楽器	きんかんがっき
金粉	きんぷん
金縁	きんぶち
金蔓	かねづる
金蛇	かなへび
金襴	きんらん
金言	きんげん
金貸し	かねかし
金賞	きんしょう
金輪際	こんりんざい
金遣い	かねづかい
金高	きんだか
金魚鉢	きんぎょばち
釘付け	くぎづけ
釜山	ぷさん
釜茹で	かまゆで
釜飯	かまめし
針仕事	はりしごと
針刺し	はりさし
針小棒大	しんしょうぼうだい
針目	はりめ
釣り上げ	つりあげ
釣り上げる	つりあげる
釣り手	つりて
釣り竿	つりざお
釣り鐘	つりがね
釣合い	つりあい
釣堀	つりぼり
釣果	ちょうか
釣針	つりばり
釣銭	つりせん
釣魚	ちょうぎょ
鈍痛	どんつう
鈍色	にびいろ
鈍角	どんかく
鈍重	どんじゅう
鈍麻	どんま
鈑金	ばんきん
鈴虫	すずむし
鉄剤	てつざい
鉄器	てっき
鉄扉	てっぴ
鉄材	てつざい
鉄板焼	てっぱんやき
鉄柵	てっさく
鉄格子	てつごうし
鉄火場	てっかば
鉄瓶	てつびん
鉄砲玉	てっぽうだま
鉄管	てっかん
鉄色	てついろ
鉄血	てっけつ
鉄路	てつろ
鉄輪	かなわ
鉄鎖	てっさ
鉄面皮	てつめんぴ
鉗子	かんし
鉛直	えんちょく
鉛管	えんかん
鉢巻き	はちまき
鉢物	はちもの
鉤爪	かぎづめ
鉱夫	こうふ
鉱工業	こうこうぎょう
鉱泉	こうせん
銀器	ぎんき
銀地	ぎんじ
銀塊	ぎんかい
銀婚式	ぎんこんしき
銀狐	ぎんぎつね
銀箔	ぎんぱく
銀粉	ぎんぷん
銀糸	ぎんし
銀縁	ぎんぶち
銀翼	ぎんよく
銀賞	ぎんしょう
銀鉱	ぎんこう
銀髪	ぎんぱつ
銃創	じゅうそう
銃床	じゅうしょう
銃座	じゅうざ
銃後	じゅうご
銃猟	じゅうりょう
銅剣	どうけん
銅器	どうき
銅戈	どうか
銅版	どうばん
銅賞	どうしょう
銅鉱	どうこう
銅鏡	どうきょう
銘仙	めいせん
銘刀	めいとう
銘木	めいぼく
銘板	めいばん
銘茶	めいちゃ
銘菓	めいか
銘酒	めいしゅ
鋳金	ちゅうきん
鋳鉄	ちゅうてつ
鋳鋼	ちゅうこう
鋸歯	きょし
錆止め	さびどめ
錆色	さびいろ
錦鯉	にしきごい
錫杖	しゃくじょう
錬磨	れんま
錯体	さくたい
錯視	さくし
鍋底	なべぞこ
鍍金	めっき
鍔迫り合い	つばぜりあい
鍛え上げる	きたえあげる
鍛練	たんれん
鍛造	たんぞう
鍵っ子	かぎっこ
鍾乳石	しょうにゅうせき
鍾馗	しょうき
鎌倉彫	かまくらぼり
鎌首	かまくび
鎌鼬	かまいたち
鎖帷子	くさりかたびら
鎖鎌	くさりがま
鎮咳	ちんがい
鎮撫	ちんぶ
鎮痛	ちんつう
鎮護	ちんご
鎮魂歌	ちんこんか
鏡板	かがみいた
鏡開き	かがみびらき
鏡餅	かがみもち
鑑札	かんさつ
鑑査	かんさ
長刀	なぎなた
長剣	ちょうけん
長姉	ちょうし
長年の夢	ながねんのゆめ
長座	ちょうざ
長旅	ながたび
長月	ながつき
長期間	ちょうきかん
長椅子	ながいす
長歌	ちょうか
長毛	ちょうもう
長波	ちょうは
長物	ちょうぶつ
長石	ちょうせき
長篇	ちょうへん
長考	ちょうこう
長芋	ながいも
長蛇	ちょうだ
長襦袢	ながじゅばん
長足	ちょうそく
長針	ちょうしん
長銀	ちょうぎん
長電話	ながでんわ
長音	ちょうおん
門主	もんしゅ
門人	もんじん
門弟	もんてい
門構え	もんがまえ
門派	もんぱ
門流	もんりゅう
門閥	もんばつ
閉め出し	しめだし
閉め切り	しめきり
閉園	へいえん
閉域	へいいき
閉場	へいじょう
閉局	へいきょく
閉庁	へいちょう
閉式	へいしき
閉所	へいしょ
閉架	へいか
閉業	へいぎょう
閉門	へいもん
閉院	へいいん
開き戸	ひらきど
開けっ放し	あけっぱなし
開け放し	あけはなし
開削	かいさく
開口一番	かいこういちばん
開基	かいき
開帳	かいちょう
開府	かいふ
開張	かいちょう
開村	かいそん
開架	かいか
開襟	かいきん
開闢	かいびゃく
開院	かいいん
開陳	かいちん
閑居	かんきょ
閑職	かんしょく
閑話	かんわ
閑話休題	かんわきゅうだい
間の子	あいのこ
間の手	あいのて
間作	かんさく
間奏	かんそう
間延び	まのび
間柱	まばしら
間欠	かんけつ
間歇	かんけつ
間男	まおとこ
間者	かんじゃ
間諜	かんちょう
間道	かんどう
間隙	かんげき
間髪	かんぱつ
閘門	こうもん
関の山	せきのやま
関ヶ原	せきがはら
関所	せきしょ
関数	かんすう
関連付ける	かんれんづける
閲兵	えっぺい
閲読	えつどく
闇取引	やみとりひき
闇市	やみいち
闊歩	かっぽ
闖入	ちんにゅう
闘将	とうしょう
闘技	とうぎ
闘気	とうき
闘犬	とうけん
闘球	とうきゅう
闘魂	とうこん
闘鶏	とうけい
防備	ぼうび
防共	ぼうきょう
防具	ぼうぐ
防塞	ぼうさい
防塵	ぼうじん
防壁	ぼうへき
防湿	ぼうしつ
防潮	ぼうちょう
防禦	ぼうぎょ
防諜	ぼうちょう
防雪	ぼうせつ
防風	ぼうふう
防食	ぼうしょく
阻却	そきゃく
阿吽	あうん
阿片	あへん
阿羅漢	あらかん
阿闍梨	あじゃり
阿鼻叫喚	あびきょうかん
陀羅尼	だらに
附則	ふそく
附加	ふか
附子	ふし
附属	ふぞく
附帯	ふたい
附置	ふち
附設	ふせつ
附近	ふきん
附録	ふろく
降り続く	ふりつづく
降圧	こうあつ
降嫁	こうか
降服	こうふく
降灰	こうかい
降着	こうちゃく
降臨	こうりん
降誕	こうたん
降誕祭	こうたんさい
降車	こうしゃ
降順	こうじゅん
限外	げんがい
限局	げんきょく
限月	げんげつ
院号	いんごう
院外	いんがい
院宣	いんぜん
院本	いんぽん
院試	いんし
陣太鼓	じんだいこ
陣笠	じんがさ
陣羽織	じんばおり
除け者	のけもの
除夜の鐘	じょやのかね
除幕	じょまく
除法	じょほう
除算	じょさん
除虫菊	じょちゅうぎく
陥穽	かんせい
陪席	ばいせき
陰干し	かげぼし
陰徳	いんとく
陰惨	いんさん
陰日向	かげひなた
陰暦	いんれき
陰極	いんきょく
陰毛	いんもう
陰線	いんせん
陰翳	いんえい
陰茎	いんけい
陰部	いんぶ
陰間	かげま
陰険	いんけん
陰鬱	いんうつ
陵虐	りょうぎゃく
陵辱	りょうじょく
陶土	とうど
陶板	とうばん
陶製	とうせい
陸士	りくし
陸屋根	ろくやね
陸棲	りくせい
陸海空	りくかいくう
陸相	りくしょう
陸稲	おかぼ
陸自	りくじ
陸連	りくれん
陽動	ようどう
陽射し	ひざし
陽明学	ようめいがく
陽極	ようきょく
隈取	くまどり
隈取り	くまどり
隊伍	たいご
隊商	たいしょう
隊形	たいけい
隊舎	たいしゃ
階上	かいじょう
階数	かいすう
階梯	かいてい
隔膜	かくまく
隕鉄	いんてつ
隘路	あいろ
隙間風	すきまかぜ
障碍	しょうがい
隠し事	かくしごと
隠し場所	かくしばしょ
隠し子	かくしご
隠し持つ	かくしもつ
隠し立て	かくしだて
隠し芸	かくしげい
隠れ蓑	かくれみの
隠れ里	かくれざと
隠喩	いんゆ
隠微	いんび
隠棲	いんせい
隠者	いんじゃ
隠蔽	いんぺい
隠遁	いんとん
隣合わせ	となりあわせ
隣地	りんち
隣県	りんけん
隧道	すいどう
隷下	れいか
隷属	れいぞく
隷従	れいじゅう
隻眼	せきがん
隻腕	せきわん
雀蜂	すずめばち
雁字搦め	がんじがらめ
雁首	かりくび
雄叫び	おたけび
雄蕊	おしべ
雄鶏	おんどり
集塵機	しゅうじんき
集客	しゅうきゃく
集束	しゅうそく
集権	しゅうけん
集録	しゅうろく
雇い人	やといにん
雇主	やといぬし
雌伏	しふく
雌牛	めうし
雌鳥	めんどり
雍正	ようせい
雑兵	ぞうひょう
雑務	ざつむ
雑役	ざつえき
雑念	ざつねん
雑感	ざっかん
雑技	ざつぎ
雑文	ざつぶん
雑然	ざつぜん
雑種犬	ざっしゅけん
雑言	ぞうごん
雑記	ざっき
雑魚	ざこ
雑魚寝	ざこね
雛人形	ひなにんぎょう
雛壇	ひなだん
雛祭	ひなまつり
雛鳥	ひなどり
離れ業	はなれわざ
離床	りしょう
離発着	りはっちゃく
離間	りかん
難事件	なんじけん
難儀	なんぎ
難役	なんやく
難攻不落	なんこうふらく
難癖	なんくせ
難読	なんどく
雨乞い	あまごい
雨傘	あまがさ
雨合羽	あまがっぱ
雨夜	あまよ
雨期	うき
雨滴	うてき
雨空	あまぞら
雨粒	あまつぶ
雨足	あまあし
雨露	うろ
雨風	あめかぜ
雪の下	ゆきのした
雪下ろし	ゆきおろし
雪兎	ゆきうさぎ
雪割草	ゆきわりそう
雪化粧	ゆきげしょう
雪合戦	ゆきがっせん
雪女	ゆきおんな
雪害	せつがい
雪庇	せっぴ
雪掻き	ゆきかき
雪月花	せつげつか
雪柳	ゆきやなぎ
雪氷	せっぴょう
雪男	ゆきおとこ
雪白	せっぱく
雪肌	ゆきはだ
雪路	ゆきみち
雪隠	せっちん
雪雲	ゆきぐも
雪駄	せった
雲上	うんじょう
雲丹	うに
雲呑	わんたん
雲梯	うんてい
雲泥	うんでい
雲量	うんりょう
雲間	くもま
雲隠れ	くもがくれ
雲霞	うんか
雲霧	うんむ
零落	れいらく
雷公	らいこう
雷撃	らいげき
雷火	らいか
雷獣	らいじゅう
雷管	らいかん
雷霆	らいてい
雷魚	はたはた
電位差	でんいさ
電信柱	でんしんばしら
電光石火	でんこうせっか
電場	でんば
電炉	でんろ
電熱	でんねつ
電界	でんかい
電磁場	でんじば
電脳	でんのう
電装	でんそう
電解	でんかい
電路	でんろ
電離層	でんりそう
需用	じゅよう
震央	しんおう
霊力	れいりょく
霊地	れいち
霊媒	れいばい
霊宝	れいほう
霊屋	たまや
霊廟	れいびょう
霊柩車	れいきゅうしゃ
霊殿	れいでん
霊気	れいき
霊水	れいすい
霊獣	れいじゅう
霊異	れいい
霊神	れいじん
霊祭	たままつり
霊薬	れいやく
霊鳥	れいちょう
霜柱	しもばしら
霜降	しもふり
霞が関	かすみがせき
霧散	むさん
霧氷	むひょう
霧笛	むてき
露営	ろえい
露天掘り	ろてんぼり
露悪	ろあく
露点	ろてん
露頭	ろとう
霹靂	へきれき
青二才	あおにさい
青天	せいてん
青天の霹靂	せいてんのへきれき
青天井	あおてんじょう
青少年保護育成条例	せいしょうねんほごいくせいじょうれい
青書	せいしょ
青果物	せいかぶつ
青海苔	あおのり
青物	あおもの
青玉	せいぎょく
青白	あおじろ
青筋	あおすじ
青臭い	あおくさい
青虫	あおむし
青蛙	あおがえる
青青	あおあお
青黒い	あおぐろい
静態	せいたい
静聴	せいちょう
静謐	せいひつ
静静	しずしず
非の打ち所	ひのうちどころ
非人	ひにん
非同期	ひどうき
非対称	ひたいしょう
非才	ひさい
非核	ひかく
非業	ひごう
非特異	ひとくい
非理	ひり
非破壊	ひはかい
非線形	ひせんけい
非課税	ひかぜい
非違	ひい
非金属	ひきんぞく
非鉄	ひてつ
面体	めんてい
面倒い	めんどい
面取り	めんとり
面妖	めんよう
面従腹背	めんじゅうふくはい
面構え	つらがまえ
面汚し	つらよごし
面白味	おもしろみ
面立ち	おもだち
面舵	おもかじ
面部	めんぶ
面長	おもなが
面食い	めんくい
革労協	かくろうきょう
革質	かくしつ
靭帯	じんたい
靱帯	じんたい
靴墨	くつずみ
靴擦れ	くつずれ
靴箱	くつばこ
靴音	くつおと
靺鞨	まっかつ
鞍替え	くらがえ
鞍部	あんぶ
鞭打ち	むちうち
鞭打つ	むちうつ
鞭撻	べんたつ
韓米	かんべい
韜晦	とうかい
音便	おんびん
音像	おんぞう
音叉	おんさ
音大	おんだい
音引き	おんびき
音律	おんりつ
音感	おんかん
音沙汰	おとさた
音源	おんげん
音素	おんそ
音義	おんぎ
音訳	おんやく
音調	おんちょう
音譜	おんぷ
音韻	おんいん
音頭取り	おんどとり
韻文	いんぶん
頁岩	けつがん
頃合	ころあい
順不同	じゅんふどう
順列	じゅんれつ
順守	じゅんしゅ
順法	じゅんぽう
順繰り	じゅんぐり
預入	あずけいれ
頑健	がんけん
頑迷	がんめい
頓挫	とんざ
頓服	とんぷく
頓死	とんし
頓珍漢	とんちんかん
頓着	とんちゃく
領収証	りょうしゅうしょう
領国	りょうごく
領民	りょうみん
領水	りょうすい
領野	りょうや
頚動脈	けいどうみゃく
頚椎	けいつい
頚部	けいぶ
頬張る	ほおばる
頬杖	ほおづえ
頬紅	ほおべに
頬袋	ほおぶくろ
頬骨	ほおぼね
頭割り	あたまわり
頭字	かしらじ
頭皮	とうひ
頭目	とうもく
頭蓋	ずがい
頭蓋骨	ずがいこつ
頭重	ずおも
頭韻	とういん
頭領	とうりょう
頭首	とうしゅ
頸椎	けいつい
頸管	けいかん
頸部	けいぶ
頸髄	けいずい
頻出	ひんしゅつ
頻用	ひんよう
頽廃	たいはい
顆粒	かりゅう
題意	だいい
題詠	だいえい
額装	がくそう
顎骨	がっこつ
顔付き	かおつき
顔出し	かおだし
顔見世	かおみせ
顔触れ	かおぶれ
顔貌	かおかたち
顔馴染み	かおなじみ
顕微	けんび
顕教	けんぎょう
顕現	けんげん
顕示	けんじ
顕花植物	けんかしょくぶつ
願い事	ねがいごと
願掛け	がんかけ
顛末	てんまつ
類別	るいべつ
類比	るいひ
類焼	るいしょう
類縁	るいえん
類義語	るいぎご
類聚	るいじゅう
類語	るいご
顧慮	こりょ
顰蹙	ひんしゅく
風の子	かぜのこ
風の神	かぜのかみ
風の音	かぜのおと
風体	ふうてい
風切り	かざきり
風前の灯	ふうぜんのともしび
風営法	ふうえいほう
風塵	ふうじん
風変り	ふうがわり
風姿	ふうし
風害	ふうがい
風待ち	かざまち
風月	ふうげつ
風林火山	ふうりんかざん
風水	ふうすい
風水害	ふうすいがい
風炉	ふうろ
風琴	ふうきん
風疹	ふうしん
風紋	ふうもん
風聞	ふうぶん
風致	ふうち
風花	かざばな
風蘭	ふうらん
風見鶏	かざみどり
風説	ふうせつ
風邪ひき	かぜひき
風邪引き	かぜひき
風采	ふうさい
風防	ふうぼう
風除け	かざよけ
風雲児	ふううんじ
風鳥	ふうちょう
颯爽	さっそう
颱風	たいふう
飛び石	とびいし
飛び跳ねる	とびはねる
飛び込み台	とびこみだい
飛び道具	とびどうぐ
飛び飛び	とびとび
飛火	とびひ
飛蝗	ばった
飛行機雲	ひこうきぐも
飛越	ひえつ
飛込み	とびこみ
飛電	ひでん
飛魚	とびうお
食いしん坊	くいしんぼう
食い倒れ	くいだおれ
食い初め	くいぞめ
食い合い	くいあい
食い意地	くいいじ
食い扶持	くいぶち
食い気	くいけ
食い荒らす	くいあらす
食い道楽	しょくどうらく
食べ頃	たべごろ
食傷	しょくしょう
食分	しょくぶん
食味	しょくみ
食器洗い	しょっきあらい
食客	しょっかく
食害	しょくがい
食糧難	しょくりょうなん
食紅	しょくべに
食膳	しょくぜん
食虫植物	しょくちゅうしょくぶつ
食道楽	しょくどうらく
食酢	しょくず
食間	しょっかん
食餌	しょくじ
飯場	はんば
飯炊き	めしたき
飯盒	はんごう
飯粒	めしつぶ
飯綱	いづな
飲み代	のみしろ
飲み明かす	のみあかす
飲兵衛	のんべえ
飲水	のみみず
飲物	のみもの
飲茶	やむちゃ
飲食料品	いんしょくりょうひん
飴色	あめいろ
飼い慣らし	かいならし
飼い殺し	かいごろし
飼い葉	かいば
飼主	かいぬし
飼犬	かいいぬ
飼葉	かいば
飼養	しよう
飽き性	あきしょう
飾り付ける	かざりつける
飾り棚	かざりだな
飾り窓	かざりまど
飾り立てる	かざりたてる
餅屋	もちや
餅菓子	もちがし
養家	ようか
養毛剤	ようもうざい
養蜂	ようほう
養親	ようしん
養魚	ようぎょ
餌付け	えづけ
餌食	えじき
餓狼	がろう
餓鬼	がき
餞別	せんべつ
餡蜜	あんみつ
館主	かんしゅ
饅頭	まんじゅう
饕餮	とうてつ
首吊り	くびつり
首席	しゅせき
首府	しゅふ
首座	しゅざ
首斬り	くびきり
首根っこ	くびねっこ
首肯	しゅこう
首部	しゅぶ
首魁	しゅかい
香の物	こうのもの
香具	こうぐ
香具師	やし
香合	こうごう
香木	こうぼく
香油	こうゆ
香箱	こうばこ
香花	こうげ
香車	きょうしゃ
馬の背	うまのせ
馬の骨	うまのほね
馬丁	ばてい
馬乗り	うまのり
馬刺し	ばさし
馬印	うまじるし
馬子	まご
馬糞	ばふん
馬耳東風	ばじとうふう
馬脚	ばきゃく
馬賊	ばぞく
馬跳び	うまとび
馬蹄	ばてい
馬車馬	ばしゃうま
馬連	ばれん
馬鈴薯	ばれいしょ
馬鍬	まぐわ
馬面	うまづら
馬頭観音	ばとうかんのん
馬鹿力	ばかぢから
馬鹿馬鹿しい	ばかばかしい
馬鹿騒ぎ	ばかさわぎ
馬齢	ばれい
馭者	ぎょしゃ
馳走	ちそう
馴れ初め	なれそめ
馴れ合い	なれあい
馴れ合う	なれあう
馴化	じゅんか
馴染	なじみ
馴致	じゅんち
駄々っ子	だだっこ
駄作	ださく
駄弁	だべん
駄文	だぶん
駄洒落	だじゃれ
駄犬	だけん
駄目押し	だめおし
駄賃	だちん
駄馬	だば
駅前通り	えきまえどおり
駅名	えきめい
駅家	えきか
駆り出す	かりだす
駆出し	かけだし
駆虫	くちゅう
駆込み	かけこみ
駐禁	ちゅうきん
駐米	ちゅうべい
駐輪場	ちゅうりんじょう
駐韓	ちゅうかん
駒沢大学	こまざわだいがく
駒鳥	こまどり
駕篭	かご
駱駝	らくだ
騎兵隊	きへいたい
騎射	きしゃ
騎行	きこう
騒ぎ出す	さわぎだす
騒ぎ立てる	さわぎたてる
騒擾	そうじょう
騰落	とうらく
騾馬	らば
驀進	ばくしん
驕慢	きょうまん
驚喜	きょうき
驚天動地	きょうてんどうち
驟雨	しゅうう
驢馬	ろば
骨折り	ほねおり
骨折り損	ほねおりぞん
骨折る	ほねおる
骨法	こっぽう
骨牌	かるた
骨相	こっそう
骨粉	こっぷん
骨組	ほねぐみ
骨膜	こつまく
骨質	こっしつ
骨頂	こっちょう
骨髄腫	こつずいしゅ
髄質	ずいしつ
髑髏	どくろ
高みの見物	たかみのけんぶつ
高下駄	たかげた
高分子	こうぶんし
高利貸し	こうりがし
高圧線	こうあつせん
高大	こうだい
高学歴	こうがくれき
高密	こうみつ
高床	たかゆか
高弟	こうてい
高慢ちき	こうまんちき
高望み	たかのぞみ
高札	こうさつ
高架線	こうかせん
高検	こうけん
高欄	こうらん
高段	こうだん
高瀬舟	たかせぶね
高画質	こうがしつ
高祖母	こうそぼ
高祖父	こうそふ
高笑い	たかわらい
高等法院	こうとうほういん
高覧	こうらん
高角	こうかく
高評	こうひょう
高説	こうせつ
高調	こうちょう
高邁	こうまい
高金利	こうきんり
高飛び	たかとび
高鳴り	たかなり
高鳴る	たかなる
高麗芝	こうらいしば
髣髴	ほうふつ
髪形	かみがた
髪結	かみゆい
髭面	ひげづら
鬨の声	ときのこえ
鬱屈	うっくつ
鬱憤	うっぷん
鬱気	うっき
鬱病	うつびょう
鬱積	うっせき
鬱蒼	うっそう
鬱血	うっけつ
鬱金	うこん
鬼ヶ島	おにがしま
鬼哭	きこく
鬼女	きじょ
鬼婆	おにばば
鬼子	おにご
鬼火	おにび
鬼畜	きちく
鬼籍	きせき
鬼蜘蛛	おにぐも
鬼面	きめん
魂祭	たままつり
魂魄	こんぱく
魍魎	もうりょう
魑魅魍魎	ちみもうりょう
魔境	まきょう
魔手	ましゅ
魔法つかい	まほうつかい
魔法使	まほうつかい
魔球	まきゅう
魔界	まかい
魔神	まじん
魔窟	まくつ
魔羅	まら
魔道	まどう
魔障	ましょう
魚の目	うおのめ
魚体	ぎょたい
魚子	ななこ
魚心	うおごころ
魚拓	ぎょたく
魚油	ぎょゆ
魚礁	ぎょしょう
魚粉	ぎょふん
魚道	ぎょどう
魚鱗	ぎょりん
鮮人	せんじん
鮮卑	せんぴ
鮮血	せんけつ
鯨波	げいは
鰹節	かつおぶし
鰻登り	うなぎのぼり
鰻重	うなじゅう
鱗片	りんぺん
鱗状	りんじょう
鱗粉	りんぷん
鱗茎	りんけい
鳥刺し	とりさし
鳥目	とりめ
鳥瞰	ちょうかん
鳥瞰図	ちょうかんず
鳩尾	みぞおち
鳩時計	はとどけい
鳳仙花	ほうせんか
鳴り出す	なりだす
鳴り物	なりもの
鳴り響く	なりひびく
鳴動	めいどう
鳴物	なりもの
鳶職	とびしょく
鴛鴦	おしどり
鵜呑み	うのみ
鵜飼い	うかい
鶏冠	とさか
鶏糞	けいふん
鶏舎	けいしゃ
鶏頭	けいとう
鶺鴒	せきれい
鷲掴み	わしづかみ
鷲鼻	わしばな
鷹揚	おうよう
鸚鵡	おうむ
鹵獲	ろかく
鹿の子	かのこ
鹿児島	かごしま
鹿児島大学	かごしまだいがく
鹿島建設	かじまけんせつ
鹿砦	ろくさい
麗人	れいじん
麦わら帽子	むぎわらぼうし
麦打ち	むぎうち
麦粉	むぎこ
麦芽糖	ばくがとう
麦藁	むぎわら
麦酒	ばくしゅ
麦飯	むぎめし
麹菌	こうじきん
麺棒	めんぼう
麺類	めんるい
麻の葉	あさのは
麻疹	はしか
麻糸	あさいと
麻黄	まおう
麾下	きか
黄体	おうたい
黄旗	こうき
黄梅	おうばい
黄檗宗	おうばくしゅう
黄熱病	おうねつびょう
黄玉	おうぎょく
黄白	こうはく
黄葉	もみじ
黄道	こうどう
黄鉄鉱	おうてっこう
黄銅	おうどう
黒文字	くろもじ
黒枠	くろわく
黒檀	こくたん
黒死病	こくしびょう
黒毛	くろげ
黒炭	こくたん
黒焦げ	くろこげ
黒焼き	くろやき
黒糖	こくとう
黒縁	くろぶち
黒装束	くろしょうぞく
黒褐色	こっかっしょく
黒鯛	くろだい
黙り込む	だまりこむ
黙想	もくそう
黙示録	もくしろく
黙考	もっこう
黙読	もくどく
黴菌	ばいきん
鼈甲	べっこう
鼎談	ていだん
鼓吹	こすい
鼓笛	こてき
鼓笛隊	こてきたい
鼠径	そけい
鼠色	ねずみいろ
鼠蹊	そけい
鼻っ柱	はなっぱしら
鼻唄	はなうた
鼻声	はなごえ
鼻孔	びこう
鼻持ち	はなもち
鼻梁	びりょう
鼻汁	はなじる
鼻濁音	びだくおん
鼻眼鏡	はなめがね
鼻筋	はなすじ
鼻糞	はなくそ
鼻緒	はなお
鼻翼	びよく
鼻腔	びこう
鼻薬	はなぐすり
鼻面	はなづら
鼻音	びおん
鼻風邪	はなかぜ
鼻骨	びこつ
齟齬	そご
龍笛	りゅうてき
一久	かずひさ
一之	かずゆき
一之江	いちのえ
一之瀬	いちのせ
一乗寺	いちじょうじ
一也	かずや
一井	いちい
一仁	かずひと
一休	いっきゅう
一休宗純	いっきゅうそうじゅん
一作	いっさく
一光	いっこう
一刀斎	いっとうさい
一利	かずとし
一則	かずのり
一博	かずひろ
一史	かずし
一哉	かずや
一城	いちじょう
一場	いちじょう
一太	かずた
一太郎	いちたろう
一夫	かずお
一孝	かずたか
一宇	いちう
一宏	かずひろ
一実	かずみ
一宮	いちのみや
一寿	かず
一岡	いちおか
一島	いちしま
一川	いちかわ
一希	かずき
一平	いっぺい
一幸	かずゆき
一弘	かずひろ
一弥	かずや
一彦	かずひこ
一彰	かずあき
一徳	もとのり
一志	かずし
一恵	かずえ
一慶	いっけい
一成	かずなり
一政	かずまさ
一敬	かずたか
一明	かずあき
一星	いちぼし
一昭	かずあき
一晃	かずあき
一朗	いちろう
一朝	いっちょう
一本杉	いっぽんすぎ
一本松	いっぽんまつ
一本槍	いっぽんやり
一本橋	いっぽんばし
一村	いちむら
一条天皇	いちじょうてんのう
一条寺	いちじょうじ
一松	いちまつ
一枝	かずえ
一柳	いちやなぎ
一條	いちじょう
一橋大学	ひとつばしだいがく
一橋学園	ひとつばしがくえん
一正	かずまさ
一氏	いちうじ
一民	かずたみ
一法	いっぽう
一浩	かずひろ
一清	いっせい
一澤	いちさわ
一瀬	いちせ
一番町	いちばんちょう
一白	いっぱく
一益	かずます
一真	いっしん
一磨	かずま
一秀	かずひで
一穂	かずお
一章	いっしょう
一糸	いっし
一紀	かずのり
一美	かずみ
一臣	かずおみ
一茂	かずしげ
一茶	いっさ
一裕	かずひろ
一誠	いっせい
一豊	かずとよ
一貴	かずたか
一起	かずき
一軸	いちじく
一輝	いっき
一迫	いちはざま
一道	いちどう
一郎	いちろう
一鉄	いってつ
一関	いちのせき
一陽	いちよう
一隆	かずたか
一雄	かずお
一雅	かずまさ
一青	ひとと
一馬	いちば
丁場	ちょうば
丁子	ちょうじ
七ヶ宿	しちがしゅく
七ヶ浜	しちがはま
七之助	しちのすけ
七井	なない
七十七銀行	しちじゅうしちぎんこう
七味	しちみ
七宗	ひちそう
七宮	ななみや
七尾線	ななおせん
七島	しちしま
七恵	ななえ
七日町	なぬかまち
七星	ななえ
七條	ななじょう
七森	ななもり
七沢	ななさわ
七海	ななうみ
七瀬	ななせ
七美	ななみ
七虹	ななこ
七郎	しちろう
七里	しちり
七隈	ななくま
七飯	ななえ
万丈	ばんじょう
万世橋	まんせいばし
万代	まんだい
万作	まんさく
万力	まんりき
万博	ばんぱく
万博記念公園	ばんぱくきねんこうえん
万古	ばんこ
万国博覧会	ばんこくはくらんかい
万城目	まんじょうめ
万場	まんば
万太郎	まんたろう
万寿	まんじゅ
万屋	よろずや
万平	まんぺい
万年青	おもと
万智	まち
万有	ばんゆう
万梨阿	まりあ
万次郎	まんじろう
万治	まんじ
万田	まんだ
万由子	まゆこ
万紀子	まきこ
万葉	まんよう
万象	ばんしょう
万里子	まりこ
万里小路	までのこうじ
万里菜	まりな
丈一郎	じょういちろう
丈二	じょうじ
丈六	じょうろく
丈史	たけし
丈志	たけし
三上	みかみ
三上山	みかみやま
三井	みつい
三井住友銀行	みついすみともぎんこう
三井物産	みついぶっさん
三佳	みか
三保	みほ
三信	さんしん
三俣	みつまた
三倉	みくら
三光	さんこう
三共	さんきょう
三十郎	さんじゅうろう
三千子	みちこ
三原	みはら
三原山	みはらやま
三厩	みんまや
三厳	みつよし
三又	みつまた
三叉	さんさ
三友	みつとも
三反田	さんたんだ
三右衛門	さんえもん
三吉	さんきち
三和	さんわ
三和銀行	さんわぎんこう
三咲	みさき
三善	みよし
三喜	さんき
三四郎	さんしろう
三国山	みくにやま
三国峠	みくにとうげ
三国志	さんごくし
三國	みくに
三城	みき
三塚	みつづか
三太郎	さんたろう
三奈	みな
三好	みよし
三子	みつご
三宅	みやけ
三宮	さんのみや
三宿	みしゅく
三富	みとみ
三山木	みやまき
三岳	みたけ
三岸	みぎし
三峰	みぶ
三島	みしま
三崎	みさき
三崎口	みさきぐち
三嶋	みしま
三川	みかわ
三平	さんぺい
三幸	みつゆき
三徳	さんとく
三愛	さんあい
三成	みつなり
三文字	さんもじ
三方原	みかたはら
三明	さんめい
三星	みつぼし
三景	さんけい
三智	みち
三朝	みささ
三木	みき
三本木	さんぼんぎ
三本松	さんぼんまつ
三村	みむら
三条	さんじょう
三松	みまつ
三枝	さえぐさ
三枝子	みえこ
三栄	さんえい
三栖	みす
三根	みね
三森	みつもり
三樹	みき
三段峡	さんだんきょう
三水	さみず
三江線	さんこうせん
三池	みいけ
三沢	みさわ
三河	みかわ
三河安城	みかわあんじょう
三河屋	みかわや
三河湾	みかわわん
三河線	みかわせん
三洋	さんよう
三津	みつ
三津五郎	みつごろう
三津谷	みつや
三浦	みうら
三清	さんせい
三渓	さんけい
三潴	みずま
三澤	みさわ
三瀬	みつせ
三瓶	さんべ
三瓶山	さんべやま
三田	みた
三省堂	さんせいどう
三矢	みつや
三神	みかみ
三福	さんぷく
三秋	さんしゅう
三科	みしな
三笠	みかさ
三笠山	みかさやま
三紀	みき
三股	みまた
三船	みふね
三芳	みよし
三苫	みとま
三菱	みつびし
三菱化学	みつびしかがく
三菱商事	みつびししょうじ
三菱自動車工業	みつびしじどうしゃこうぎょう
三菱重工	みつびしじゅうこう
三菱重工業	みつびしじゅうこうぎょう
三菱電機	みつびしでんき
三萩野	みはぎの
三蔵	さんぞう
三角山	さんかくやま
三谷	みたに
三豊	みとよ
三貴	みき
三越	みつこし
三身	さんみ
三輪山	みわやま
三遊	さんゆう
三遊亭円楽	さんゆうていえんらく
三郎	さぶろう
三郎助	さぶろうすけ
三郷	みさと
三里塚	さんりづか
三重	みえ
三重大学	みえだいがく
三重野	みえの
三野	みの
三門	みかど
三間	みつま
三陸	さんりく
三陸海岸	さんりくかいがん
三隅	みすみ
三雄	みつお
三雲	みくも
三養基	みやき
三鬼	さんき
三鷹	みたか
三鷹台	みたかだい
上三川	かみのかわ
上中	かみなか
上丸	うえまる
上之郷	かみのごう
上九一色	かみくいしき
上井	かみい
上井草	かみいぐさ
上伊那	かみいな
上信越	じょうしんえつ
上倉	うえくら
上側	うえがわ
上出	かみで
上前	うわまえ
上前津	かみまえづ
上勝	かみかつ
上北	かみきた
上北台	かみきただい
上北山	かみきたやま
上北沢	かみきたざわ
上原	うえはら
上口	かみぐち
上古	じょうこ
上園	うえぞの
上地	うえち
上坂	うえさか
上城	うえしろ
上埜	うえの
上士幌	かみしほろ
上大岡	かみおおおか
上大崎	かみおおさき
上天	じょうてん
上妻	あがつま
上安	かみやす
上宝	かみたから
上宮	じょうぐう
上富田	かみとんだ
上富良野	かみふらの
上小田井	かみおたい
上小阿仁	かみこあに
上尾	あげお
上屋敷	かみやしき
上山	うえやま
上山田	かみやまだ
上岡	かみおか
上峰	かみみね
上島	かみしま
上崎	うえさき
上川	かみかわ
上市	かみいち
上平	かみたいら
上弦	じょうげん
上戸	じょうご
上新	じょうしん
上智	じょうち
上智大学	じょうちだいがく
上月	こうづき
上木	うえき
上本	うえもと
上杉	うえすぎ
上村	かみむら
上条	かみじょう
上東	うえひがし
上松	うえまつ
上板橋	かみいたばし
上林	かんばやし
上枝	うええだ
上柚木	かみゆぎ
上柳	うえやなぎ
上條	かみじょう
上棚	うわだな
上橋	うえはし
上水内	かみみのち
上江洲	うえす
上池台	かみいけだい
上沢	かみさわ
上河内	かみかわち
上沼	かみぬま
上泉	かみいずみ
上津	かみつ
上浮穴	かみうけな
上溝	うわみぞ
上牧	かんまき
上甲	じょうこう
上町	うえまち
上町線	うえまちせん
上益城	かみましき
上目黒	かみめぐろ
上石	かみいし
上砂	うえすな
上砂川	かみすながわ
上磯	かみいそ
上社	かみやしろ
上祐	じょうゆう
上福岡	かみふくおか
上組	かみぐみ
上総	かずさ
上荻	かみおぎ
上落合	かみおちあい
上西	うえにし
上諏訪	かみすわ
上谷	うえたに
上賀茂	かみがも
上越教育大学	じょうえつきょういくだいがく
上越新幹線	じょうえつしんかんせん
上越線	じょうえつせん
上連雀	かみれんじゃく
上遠野	かとおの
上郡	かみごおり
上郷	かみさと
上都賀	かみつが
上里	うえさと
上野	うえの
上野公園	うえのこうえん
上野原	うえのはら
上野毛	かみのげ
上野芝	うえのしば
上閉伊	かみへい
上間	うえま
上関原発	うえのせきげんぱつ
上阪	うえさか
上面	じょうめん
上飯田	かみいいだ
上馬	かみうま
上高井	かみたかい
上高地	かみこうち
上高地線	かみこうちせん
上高田	かみたかだ
下中	しもなか
下丸子	しもまるこ
下久保	しもくぼ
下井草	しもいぐさ
下京	しもぎょう
下仁田	しもにた
下伊那	しもいな
下前	したまえ
下北	しもきた
下北山	しもきたやま
下北沢	しもきたざわ
下原	しもばら
下呂	げろ
下園	しもぞの
下城	しもじょう
下妻	しもづま
下宮	しもみや
下尾	しもお
下屋敷	しもやしき
下山門	しもやまと
下岡	しもおか
下島	しもじま
下川	しもかわ
下市	しもいち
下平	しもだいら
下新川	しもにいかわ
下新庄	しもしんじょう
下村	しもむら
下条	しもじょう
下松	くだまつ
下枝	したえだ
下柳	しもやなぎ
下栗	しもぐり
下條	しもじょう
下毛	しもげ
下水内	しもみのち
下河原	しもかわら
下津	しもつ
下津井	しもつい
下灘	しもなだ
下甑	しもこしき
下益城	しもましき
下目黒	しもめぐろ
下社	しもしゃ
下総	しもうさ
下落合	しもおちあい
下諏訪	しもすわ
下谷	したや
下越	かえつ
下道	げどう
下郡	しもごおり
下郷	しもごう
下都賀	しもつが
下里	しもざと
下閉伊	しもへい
下関	しものせき
下館	しもだて
下高井	しもたかい
下高井戸	しもたかいど
下鳥	しもとり
下鴨	しもがも
不二	ふじ
不二夫	ふじお
不二家	ふじや
不二越	ふじこし
不二雄	ふじお
不倒	ふとう
不動前	ふどうまえ
不動堂	ふどうどう
不動峰	ふどうみね
不動明王	ふどうみょうおう
不動滝	ふどうたき
不動院	ふどういん
不撓	ふとう
不易	ふえき
不破	ふわ
不空	ふくう
不粋	ぶすい
不覚	ふかく
不言	ふげん
与一	よいち
与作	よさく
与儀	よぎ
与兵衛	よへえ
与力	よりき
与助	よすけ
与四郎	よしろう
与太郎	よたろう
与志	よし
与板	よいた
与次郎	よじろう
与田	よだ
与論	よろん
与謝	よさ
与謝野	よさの
与那原	よなばる
与那国	よなくに
与那嶺	よなみね
与那覇	よなは
与野	よの
丑寅	うしとら
丑松	うしまつ
且元	かつもと
且行	かつゆき
世古	せこ
世津子	せつこ
世田谷	せたがや
世田谷線	せたがやせん
世知原	せちばる
世継	よつぎ
世羅	せら
世良	せら
世良田	せらた
世阿弥	ぜあみ
丘咲	おかざき
丘珠	おかだま
丘野	おかの
両島	りょうしま
両毛線	りょうもうせん
両津	りょうつ
両角	もろずみ
両部	りょうぶ
両頭	りょうとう
並河	なみかわ
中上	なかがみ
中世古	なかせこ
中丸	なかまる
中之条	なかのじょう
中也	ちゅうや
中井	なかい
中京大学	ちゅうきょうだいがく
中仙道	なかせんどう
中伊豆	なかいず
中俣	なかまた
中倉	なかくら
中入	なかいり
中公	ちゅうこう
中公新書	ちゅうこうしんしょ
中内	なかうち
中出	なかで
中割	なかわり
中務	なかつかさ
中北	なかきた
中南	なかみなみ
中口	なかぐち
中台	ちゅうたい
中合	なかごう
中国新聞社	ちゅうごくしんぶんしゃ
中国科学院	ちゅうごくかがくいん
中国銀行	ちゅうごくぎんこう
中国電力	ちゅうごくでんりょく
中園	なかぞの
中土佐	なかとさ
中在家	なかざいけ
中地	なかぢ
中垣内	なかがいち
中城	なかぐすく
中埜	なかの
中堂	ちゅうどう
中塚	なかつか
中外	ちゅうがい
中外製薬	ちゅうがいせいやく
中央公論	ちゅうおうこうろん
中央大学	ちゅうおうだいがく
中央学院大学	ちゅうおうがくいんだいがく
中央本線	ちゅうおうほんせん
中央西線	ちゅうおうさいせん
中妻	なかつま
中子	なかこ
中安	なかやす
中宮	ちゅうぐう
中家	なかや
中富	なかとみ
中富良野	なかふらの
中尊寺	ちゅうそんじ
中小企業庁	ちゅうしょうきぎょうちょう
中尾	なかお
中居	なかい
中屋	なかや
中屋敷	なかやしき
中山	なかやま
中山七里	なかやましちり
中山峠	なかやまとうげ
中山道	なかせんどう
中岡	なかおか
中崎	なかさき
中嶋	なかじま
中川	なかがわ
中川原	なかがわら
中州	なかす
中巨摩	なかこま
中平	ちゅうへい
中広	なかひろ
中庄	なかしょう
中延	なかのべ
中手	なかて
中折	なかおれ
中教審	ちゅうきょうしん
中新	ちゅうしん
中新川	なかにいかわ
中新田	なかにいだ
中日新聞	ちゅうにちしんぶん
中書	ちゅうしょ
中曽根	なかそね
中木	なかき
中本	なかもと
中札内	なかさつない
中杉	なかすぎ
中村	なかむら
中村屋	なかむらや
中条	ちゅうじょう
中松	なかまつ
中板橋	なかいたばし
中林	なかばやし
中根	なかね
中條	ちゅうじょう
中森	なかもり
中標津	なかしべつ
中標津空港	なかしべつくうこう
中橋	なかはし
中歌	なかうた
中正	ちゅうせい
中武	なかたけ
中江	なかえ
中沢	なかざわ
中河内	なかごうち
中河原	なかがわら
中沼	なかぬま
中泉	なかいずみ
中泊	なかどまり
中津	なかつ
中津軽	なかつがる
中洲	なかす
中浜	なかはま
中浦	なかうら
中海	なかうみ
中潮	なかしお
中澤	なかざわ
中瀬	なかせ
中玉	なかたま
中田	なかだ
中町	なかまち
中畑	なかはた
中番	なかばん
中百舌鳥	なかもず
中益	なかます
中目	なかめ
中目黒	なかめぐろ
中矢	なかや
中石	なかいし
中神	なかがみ
中禅寺湖	ちゅうぜんじこ
中程	なかほど
中種子	なかたね
中竹	なかたけ
中筋	なかすじ
中米	ちゅうべい
中納言	ちゅうなごん
中華航空	ちゅうかこうくう
中藤	なかとう
中表	なかおもて
中西	なかにし
中角	なかずみ
中谷	なかたに
中路	なかじ
中車	ちゅうしゃ
中軽井沢	なかかるいざわ
中辺路	なかへち
中込	なかごめ
中近東	ちゅうきんとう
中通	なかどおり
中郡	なかぐん
中部大学	ちゅうぶだいがく
中部電力	ちゅうぶでんりょく
中郷	なかごう
中里	なかざと
中野	なかの
中野坂上	なかのさかうえ
中野富士見町	なかのふじみちょう
中野渡	なかのわたり
中鉢	ちゅうばち
中門	ちゅうもん
中間子	ちゅうかんし
中院	なかのいん
中静	なかしずか
中頃	なかごろ
中須賀	なかすか
中頓別	なかとんべつ
中頭	なかず
中馬	なかうま
中魚沼	なかうおぬま
中黒	なかぐろ
串木野	くしきの
串本	くしもと
串田	くしだ
串間	くしま
丸一	まるいち
丸三	まるさん
丸中	まるなか
丸之内	まるのうち
丸亀	まるがめ
丸井	まるい
丸井今井	まるいいまい
丸八	まるはち
丸和	まるわ
丸善	まるぜん
丸大	まるだい
丸子	まるこ
丸尾	まるお
丸屋	まるや
丸山	まるやま
丸岡	まるおか
丸島	まるしま
丸川	まるかわ
丸新	まるしん
丸林	まるばやし
丸柱	まるばしら
丸栄	まるえい
丸森	まるもり
丸橋	まるはし
丸正	まるしょう
丸沼	まるぬま
丸瀬布	まるせっぷ
丸田	まるた
丸石	まるいし
丸紅	まるべに
丸谷	まるや
丸野	まるの
丹下	たんげ
丹内	たんない
丹前	たんぜん
丹南	たんなん
丹後	たんご
丹沢	たんざわ
丹治	たんじ
丹波	たんば
丹波口	たんばぐち
丹波橋	たんばばし
丹生	たんじょう
丹生川	にゅうかわ
丹生谷	にうのや
丹田	たんだ
丹羽	たんば
丹那	たんな
丹野	たんの
丹陽	たんよう
丹頂	たんちょう
主原	しゅはら
主浩	かずひろ
主税	ちから
乃一	のいち
乃亜	のあ
乃南	のなみ
乃咲	のざき
乃子	のこ
乃木	のぎ
乃木坂	のぎざか
乃村	のむら
乃梨子	のりこ
乃武	ないぶ
乃絵	のえ
乃美	のみ
乃莉	のり
乃里子	のりこ
久一	ひさいち
久万	くま
久万高原	くまこうげん
久下	ひさした
久世	くぜ
久之	ひさゆき
久也	ひさや
久井	くい
久仁子	くにこ
久代	ひさよ
久住	くじゅう
久作	きゅうさく
久保	くぼ
久保井	くぼい
久保山	くぼやま
久保木	くぼき
久保田	くぼた
久信	ひさのぶ
久光	ひさみつ
久兵衛	きゅうべえ
久冨	ひさとみ
久利	くり
久原	ひさはら
久古	きゅうこ
久右衛門	きゅうえもん
久司	ひさし
久吉	ひさきち
久和	ひさかず
久喜	くき
久地	くじ
久坂	くさか
久城	くじょう
久大本線	きゅうだいほんせん
久太郎	きゅうたろう
久夫	ひさお
久子	ひさこ
久安	きゅうあん
久宝	くぼう
久宝寺	きゅうほうじ
久実	くみ
久富	ひさとみ
久寿	きゅうじゅ
久居	ひさい
久屋	ひさや
久山	ひさやま
久川	ひさかわ
久弥	ひさや
久彌	ひさや
久御山	くみやま
久徳	きゅうとく
久志	ひさし
久恵	ひさえ
久慈	くじ
久慈川	くじかわ
久我	くが
久我山	くがやま
久方	くかた
久木	ひさき
久本	ひさもと
久村	ひさむら
久松	ひさまつ
久枝	ひさえ
久根	くね
久永	ひさなが
久津	ひさつ
久瀬	くぜ
久生	ひさお
久田	ひさだ
久男	ひさお
久留	くる
久留米大学	くるめだいがく
久留里	くるり
久留里線	くるりせん
久石	ひさいし
久礼	くれ
久秀	ひさひで
久米	くめ
久米南	くめなん
久米川	くめがわ
久米田	くめだ
久美	くみ
久美子	くみこ
久美浜	くみはま
久義	ひさよし
久能	くのう
久良	ひさよし
久茂地	くもじ
久蔵	きゅうぞう
久衛	ひさえ
久賀	くか
久道	ひさみち
久遠	くどう
久邇	くに
久里	くり
久里浜	くりはま
久里浜線	くりはません
久野	くの
久長	ひさなが
久間	ひさま
久雄	ひさお
乗物	のりもの
乗越	のりこし
乗鞍	のりくら
乗鞍高原	のりくらこうげん
乙丸	おとまる
乙坂	おとさか
乙女	おとめ
乙姫	おとひめ
乙川	おつがわ
乙木	おとぎ
乙訓	おとくに
乙部	おとべ
九十九	つくも
九十九里	くじゅうくり
九十九里浜	くじゅうくりはま
九品仏	くほんぶつ
九大	きゅうだい
九州共立大学	きゅうしゅうきょうりつだいがく
九州大学	きゅうしゅうだいがく
九州工業大学	きゅうしゅうこうぎょうだいがく
九州産業大学	きゅうしゅうさんぎょうだいがく
九州電力	きゅうしゅうでんりょく
九工大	きゅうこうだい
九度山	くどやま
九星	きゅうせい
九曜	くよう
九月場所	くがつばしょ
九段下	くだんした
九段北	くだんきた
九紫	きゅうし
九蔵	きゅうぞう
九谷	くたに
九郎	くろう
九里	くのり
九頭竜	くずりゅう
九鬼	くき
也実	なりみ
也寸志	やすし
也有	やゆう
乱歩	らんぽ
乱菊	らんぎく
乱造	らんぞう
乾山	けんざん
亀井	かめい
亀倉	かめくら
亀吉	かめきち
亀太郎	かめたろう
亀屋	かめや
亀山	かめやま
亀岡	かめおか
亀島	かめしま
亀崎	かめざき
亀川	かめかわ
亀戸	かめいど
亀戸線	かめいどせん
亀有	かめあり
亀梨	かめなし
亀次郎	かめじろう
亀沢	かめざわ
亀治郎	かめじろう
亀田	かめだ
亀田大	かめだだい
亀田製菓	かめだせいか
亀石	かめいし
亀蔵	かめぞう
亀谷	かめや
了一	りょういち
予土線	よどせん
予讃線	よさんせん
事代	ことしろ
二丈	にじょう
二上	ふたがみ
二上山	ふたがみやま
二俣	ふたまた
二俣川	ふたまたがわ
二又	ふたまた
二塚	につか
二天	にてん
二子山	ふたごやま
二島	にしま
二川	ふたかわ
二木	ふたつぎ
二本木	にほんぎ
二本松	にほんまつ
二村	にむら
二神	ふたがみ
二科	にしな
二箇	にか
二股	ふたまた
二荒	ふたら
二葉亭四迷	ふたばていしめい
二見	ふたみ
二谷	にたに
二郎	じろう
二階堂	にかいどう
于禁	うきん
五丈原	ごじょうげん
五井	ごい
五位堂	ごいどう
五十嵐	いがらし
五十川	いそがわ
五十路	いそじ
五十鈴	いすず
五十鈴川	いすずがわ
五反田	ごたんだ
五右衛門	ごえもん
五味	ごみ
五和	いつわ
五城	ごじょう
五城目	ごじょうめ
五大	ごだい
五官	ごかん
五島	ごとう
五平	ごへい
五彩	ごさい
五徳	ごとく
五所川原	ごしょがわら
五日市	いつかいち
五日市線	いつかいちせん
五明	ごみょう
五更	ごこう
五月女	さおとめ
五朗	ごろう
五木	いつき
五木田	いつきだ
五条	ごじょう
五條	ごじょう
五泉	ごせん
五男	いつお
五百羅漢	ごひゃくらかん
五福	ごふく
五稜郭	ごりょうかく
五穀	ごこく
五竜	ごりゅう
五箇	ごか
五箇山	ごかやま
五能線	ごのうせん
五色沼	ごしきぬま
五行	ごぎょう
五郎	ごろう
五郎丸	ごろうまる
五野井	ごのい
五霞	ごか
五香	ごこう
五黄	ごおう
井上	いのうえ
井下	いのした
井之上	いのうえ
井伊	いい
井伊谷	いいのや
井伏	いぶせ
井倉	いくら
井元	いもと
井内	いうち
井出	いで
井原	いはら
井口	いのくち
井土	いど
井坂	いさか
井垣	いがき
井守	いもり
井尻	いじり
井尾	いお
井山	いやま
井岡	いおか
井崎	いざき
井川	いかわ
井川線	いかわせん
井形	いがた
井戸川	いどがわ
井戸木	いどき
井戸田	いとだ
井戸端	いどばた
井手	いで
井手口	いでぐち
井本	いもと
井村	いむら
井林	いばやし
井桁	いけた
井森	いもり
井沢	いさわ
井波	いなみ
井浦	いうら
井深	いぶか
井澤	いさわ
井田	いだ
井端	いばた
井筒屋	いづつや
井脇	いわき
井草	いぐさ
井谷	いたに
井野	いの
井関	いせき
井高野	いたかの
亜大	あだい
亜子	あこ
亜希	あき
亜希子	あきこ
亜弓	あゆみ
亜弥	あや
亜樹	あき
亜由美	あゆみ
亜矢	あや
亜矢子	あやこ
亜紀	あき
亜紀子	あきこ
亜細亜大学	あじあだいがく
亜美	あみ
亜貴	あき
亜麻	あま
亞美	あみ
交合	こうごう
交野	かたの
亥鼻	いのはな
京一	きょういち
京三	きょうぞう
京介	きょうすけ
京伝	きょうでん
京助	きょうすけ
京北	けいほく
京口	きょうくち
京塚	きょうづか
京大	きょうだい
京太郎	きょうたろう
京子	きょうこ
京屋	きょうや
京山	きょうざん
京平	きょうへい
京急川崎	けいきゅうかわさき
京急鶴見	けいきゅうつるみ
京成	けいせい
京成津田沼	けいせいつだぬま
京成電鉄	けいせいでんてつ
京成高砂	けいせいたかさご
京本	きょうもと
京極	きょうごく
京橋	きょうばし
京治	きょうじ
京浜	けいひん
京浜急行	けいひんきゅうこう
京浜東北	けいひんとうほく
京浜東北線	けいひんとうほくせん
京滋	けいじ
京王	けいおう
京王堀之内	けいおうほりのうち
京田	きょうだ
京田辺	きょうたなべ
京町	きょうまち
京福電気鉄道	けいふくでんきてつどう
京美	きょうみ
京葉	けいよう
京葉線	けいようせん
京谷	きょうたに
京都外国語大学	きょうとがいこくごだいがく
京都大学	きょうとだいがく
京都女子大学	きょうとじょしだいがく
京都学園大学	きょうとがくえんだいがく
京都工芸繊維大学	きょうとこうげいせんいだいがく
京都市立芸術大学	きょうとしりつげいじゅつだいがく
京都府立医科大学	きょうとふりついかだいがく
京都教育大学	きょうときょういくだいがく
京都産業大学	きょうとさんぎょうだいがく
京都競馬場	きょうとけいばじょう
京都精華大学	きょうとせいかだいがく
京野	きょうの
京阪本線	けいはんほんせん
京阪神	けいはんしん
京香	きょうか
亮一	りょういち
亮二	りょうじ
亮介	りょうすけ
亮司	りょうじ
亮吉	りょうきち
亮太	りょうた
亮子	りょうこ
亮平	りょうへい
亮治	りょうじ
亮輔	りょうすけ
人世	じんせい
人吉	ひとよし
人山	ひとやま
人志	ひとし
人才	じんさい
人民日報	じんみんにっぽう
人見	ひとみ
人語	じんご
仁三郎	にさぶろう
仁之	ひとし
仁井	にい
仁井田	にいだ
仁司	ひとし
仁和	にわ
仁士	ひとし
仁多	にた
仁子	じんこ
仁尾	にお
仁川	にかわ
仁左衛門	にざえもん
仁平	じんぺい
仁徳	にんとく
仁徳天皇	にんとくてんのう
仁志	ひとし
仁成	ひとなり
仁木	にき
仁淀川	によどがわ
仁清	ひときよ
仁王門	におうもん
仁田	にた
仁科	にしな
仁紀	ひとのり
仁美	ひとみ
仁藤	にとう
仁香	にか
仁鶴	にかく
今上	きんじょう
今中	いまなか
今井	いまい
今出	いまいで
今出川	いまでがわ
今別	いまべつ
今北	いまきた
今吉	いまよし
今城	いまじょう
今宮	いまみや
今宿	いまじゅく
今尾	いまお
今山	いまやま
今岡	いまおか
今川	いまがわ
今市	いまいち
今帰仁	なきじん
今庄	いまじょう
今成	いまなり
今戸	いまど
今日子	きょうこ
今本	いまもと
今村	いまむら
今来	こんらい
今枝	いまえだ
今橋	いまはし
今江	いまえ
今池	いまいけ
今沢	いまざわ
今治	いまばり
今泉	いまいずみ
今津	いまづ
今田	いまだ
今町	いままち
今福	いまふく
今立	いまだて
今藤	こんどう
今西	いまにし
今谷	いまたに
今道	いまみち
今里	いまさと
今野	こんの
今金	いまがね
今関	いまぜき
仏子	ぶっし
仏性	ぶっしょう
仏生山	ぶっしょうざん
仔猫	こねこ
仔羊	こひつじ
仕切	しきり
仕合	しあい
仕込	しこみ
付知	つけち
仙北	せんぼく
仙南	せんなん
仙台大学	せんだいだいがく
仙台育英	せんだいいくえい
仙吉	せんきち
仙女	せんじょ
仙山線	せんざんせん
仙崎	せんざき
仙川	せんかわ
仙水	せんすい
仙波	せんば
仙田	せんだ
仙石	せんごく
仙石原	せんごくはら
仙石線	せんせきせん
仙道	せんどう
仙骨	せんこつ
代々木	よよぎ
代々木上原	よよぎうえはら
代々木体育館	よよぎたいいくかん
代々木八幡	よよぎはちまん
代々木公園	よよぎこうえん
代作	だいさく
代入	だいにゅう
代官山	だいかんやま
代田	しろた
令奈	れいな
令子	れいこ
以子	いこ
以心	いしん
以蔵	いぞう
仮屋	かりや
仰木	おおぎ
仲井	なかい
仲井戸	なかいど
仲井真	なかいま
仲井間	なかいま
仲代	なかだい
仲俣	なかまた
仲原	なかはら
仲哀	ちゅうあい
仲多度	なかたど
仲宗根	なかそね
仲山	なかやま
仲川	なかがわ
仲御徒町	なかおかちまち
仲本	なかもと
仲村	なかむら
仲根	なかね
仲田	なかだ
仲町	なかちょう
仲町台	なかまちだい
仲秋	ちゅうしゅう
仲立	なかだち
仲西	なかにし
仲谷	なかたに
仲道	なかみち
仲里	なかざと
仲野	なかの
任天堂	にんてんどう
伊万里	いまり
伊丹	いたみ
伊丹空港	いたみくうこう
伊丹線	いたみせん
伊之助	いのすけ
伊予	いよ
伊予北条	いよほうじょう
伊予灘	いよなだ
伊予西条	いよさいじょう
伊仙	いせん
伊代	いよ
伊佐	いさ
伊佐沼	いさぬま
伊作	いさく
伊倉	いくら
伊兵衛	いへえ
伊具	いぐ
伊助	いすけ
伊勢	いせ
伊勢丹	いせたん
伊勢佐木	いせざき
伊勢原	いせはら
伊勢屋	いせや
伊勢山	いせやま
伊勢島	いせしま
伊勢崎	いせさき
伊勢湾	いせわん
伊勢物語	いせものがたり
伊勢田	いせだ
伊勢神宮	いせじんぐう
伊勢谷	いせや
伊南	いな
伊原	いはら
伊吹	いぶき
伊吹山	いぶきやま
伊和	いわ
伊地知	いじち
伊坂	いさか
伊太	いた
伊奈	いな
伊奈線	いなせん
伊山	いやま
伊島	いしま
伊崎	いざき
伊川	いがわ
伊川谷	いかわだに
伊平屋	いへや
伊庭	いば
伊敷	いしき
伊方	いかた
伊是名	いぜな
伊月	いつき
伊木	いき
伊東	いとう
伊東線	いとうせん
伊根	いね
伊橋	いはし
伊武	いぶ
伊江	いえ
伊江島	いえしま
伊沢	いさわ
伊波	いなみ
伊澤	いさわ
伊田	いだ
伊知郎	いちろう
伊礼	いれい
伊福部	いふくべ
伊織	いおり
伊能	いのう
伊自良	いじら
伊興	いこう
伊良子	いらこ
伊良湖	いらこ
伊良部	いらべ
伊蔵	いぞう
伊藤	いとう
伊藤忠商事	いとうちゅうしょうじ
伊計	いけい
伊豆	いず
伊豆下田	いずしもだ
伊豆山	いずやま
伊豆急行	いずきゅうこう
伊豆沼	いずぬま
伊豆田	いずた
伊豆稲取	いずいなとり
伊豆長岡	いずながおか
伊豆高原	いずこうげん
伊賀	いが
伊賀上	いがうえ
伊賀上野	いがうえの
伊那	いな
伊部	いべ
伊都	いと
伊野	いの
伊集院	いじゅういん
伊香	いか
伊香保	いかほ
伍代	ごだい
伏姫	ふせひめ
伏屋	ふしや
伏木	ふしき
伏見	ふしみ
伏見桃山	ふしみももやま
会川	あいかわ
会所	かいしょ
会沢	あいざわ
会津	あいづ
会津坂下	あいづばんげ
会津大学	あいづだいがく
会津田島	あいづたじま
会津若松	あいづわかまつ
会津高原	あいづこうげん
会田	あいだ
伝七	でんしち
伝兵衛	でんべえ
伝助	でんすけ
伝馬	てんま
伯備線	はくびせん
伯太	はくた
伯方	はかた
伯耆	ほうき
伴野	ともの
伶奈	れな
伶菜	れな
伸一	しんいち
伸之	のぶゆき
伸也	しんや
伸二	しんじ
伸介	しんすけ
伸哉	のぶや
伸太郎	しんたろう
伸夫	のぶお
伸子	のぶこ
伸宏	のぶひろ
伸幸	のぶゆき
伸弘	のぶひろ
伸彦	のぶひこ
伸明	のぶあき
伸晃	のぶあき
伸次	しんじ
伸治	しんじ
伸浩	のぶひろ
伸生	のぶお
伸行	のぶゆき
伸郎	のぶろう
似鳥	にたどり
伽羅	から
伽耶	かや
但馬	たじま
位山	くらいやま
住之江	すみのえ
住之江公園	すみのえこうえん
住友	すみとも
住友不動産	すみともふどうさん
住友信託銀行	すみともしんたくぎんこう
住友商事	すみともしょうじ
住友海上火災保険	すみともかいじょうかさいほけん
住友生命	すみともせいめい
住友生命保険	すみともせいめいほけん
住友銀行	すみともぎんこう
住吉	すみよし
住吉会	すみよしかい
住吉東	すみよしひがし
住宅金融公庫	じゅうたくきんゆうこうこ
住岡	すみおか
住田	すみた
住道	すみのどう
住野	すみの
佐々木	ささき
佐三	さぞう
佐世保	させぼ
佐世保線	させぼせん
佐久	さく
佐久島	さくしま
佐久間	さくま
佐井	さい
佐代	さよ
佐代子	さよこ
佐伯	さえき
佐佐木	ささき
佐保	さほ
佐倉	さくら
佐分利	さぶり
佐助	さすけ
佐千子	さちこ
佐原	さわら
佐古	さこ
佐吉	さきち
佐呂間	さろま
佐和	さわ
佐和子	さわこ
佐和山	さわやま
佐土原	さどわら
佐多	さた
佐多岬	さたみさき
佐太郎	さたろう
佐奈	さな
佐官	さかん
佐屋	さた
佐山	さやま
佐島	さしま
佐崎	ささき
佐川	さがわ
佐川急便	さがわきゅうびん
佐平次	さへいじ
佐敷	さしき
佐智子	さちこ
佐東	さとう
佐橋	さばし
佐治	さじ
佐沼	さぬま
佐波	さわ
佐渡	さど
佐瀬	させ
佐用	さよう
佐田	さだ
佐知	さち
佐知子	さちこ
佐竹	さたけ
佐紀	さき
佐織	さおり
佐美	さみ
佐藤	さとう
佐谷	さや
佐貫	さぬき
佐賀	さが
佐那河内	さなごうち
佐野	さの
佐野線	さのせん
佑二	ゆうじ
佑介	ゆうすけ
佑子	ゆうこ
佑希	ゆうき
佑美	ゆみ
佑輔	ゆうすけ
佑香	ゆうか
体協	たいきょう
体育館前	たいいくかんまえ
余丁	よちょう
余呉	よご
余市	よいち
余目	あまるめ
余部	あまるべ
作並	さくなみ
作之助	さくのすけ
作事	さくじ
作兵衛	さくべえ
作治	さくじ
作田	さくた
作男	さくお
作造	さくぞう
作間	さくま
佩刀	はいとう
佳世	かよ
佳乃	よしの
佳久	よしひさ
佳之	よしゆき
佳人	かじん
佳代	かよ
佳代子	かよこ
佳典	よしのり
佳史	よしふみ
佳夫	よしお
佳奈	かな
佳奈子	かなこ
佳奈江	かなえ
佳子	けいこ
佳孝	よしたか
佳宏	よしひろ
佳山	かやま
佳幸	よしゆき
佳彦	よしひこ
佳恵	よしえ
佳成	よしなり
佳明	よしあき
佳樹	よしき
佳正	よしまさ
佳江	よしえ
佳澄	かすみ
佳祐	けいすけ
佳穂	かほ
佳織	かおり
佳美	よしみ
佳苗	かなえ
佳菜子	かなこ
佳那子	かなこ
併行	へいこう
來未	くるみ
侑子	ゆうこ
侑季	ゆうき
侑李	ゆうり
侑里	ゆうり
侑香	ゆうか
依子	よりこ
依田	よだ
依里	より
俊一	としかず
俊一郎	しゅんいちろう
俊三	しゅんぞう
俊之	としゆき
俊也	としや
俊二	しゅんじ
俊介	しゅんすけ
俊作	しゅんさく
俊光	としみつ
俊典	としのり
俊博	としひろ
俊司	しゅんじ
俊吾	しゅんご
俊和	としかず
俊哉	としや
俊太郎	しゅんたろう
俊夫	としお
俊子	としこ
俊宏	としひろ
俊寛	しゅんかん
俊平	しゅんぺい
俊幸	としゆき
俊彦	としひこ
俊徳	としのり
俊成	しゅんせい
俊文	としふみ
俊明	としあき
俊昭	としあき
俊朗	としあき
俊樹	としき
俊治	としはる
俊男	としお
俊直	としなお
俊秀	としひで
俊美	としみ
俊行	としゆき
俊輔	しゅんすけ
俊郎	としろう
俊雄	としお
保典	やすのり
保利	ほり
保則	やすのり
保原	やすはら
保土ヶ谷	ほどがや
保坂	ほさか
保夫	やすお
保奈美	ほなみ
保子	やすこ
保安庁	ほあんちょう
保岡	やすおか
保彦	やすひこ
保徳	やすのり
保志	ほし
保木	ほき
保木間	ほきま
保津峡	ほづきょう
保津川	ほづがわ
保田	やすだ
保科	ほしな
保見	ほみ
保谷	ほうや
保阪	ほさか
保雄	やすお
信一	しんいち
信一郎	しんいちろう
信三	しんぞう
信乃	しの
信久	のぶひさ
信之	のぶゆき
信也	しんや
信二	しんじ
信二郎	しんじろう
信人	のぶと
信介	しんすけ
信光	のぶみつ
信助	しんすけ
信勝	のぶかつ
信博	のぶひろ
信友	のぶとも
信吉	しんきち
信吾	しんご
信和	のぶかず
信哉	しんや
信喜	のぶよし
信士	しんじ
信太	しだ
信太郎	しんたろう
信夫	のぶお
信子	のぶこ
信孝	のぶたか
信宏	のぶひろ
信州	しんしゅう
信州大学	しんしゅうだいがく
信州新	しんしゅうしん
信平	のぶひら
信幸	のぶゆき
信康	のぶやす
信弘	のぶひろ
信彦	のぶひこ
信忠	のぶただ
信恵	のぶえ
信愛	しんあい
信成	のぶなり
信政	のぶまさ
信明	のぶあき
信春	のぶはる
信栄	のぶえい
信楽	しがらき
信次	しんじ
信次郎	のぶじろう
信正	のぶまさ
信治	しんじ
信濃	しなの
信濃大町	しなのおおまち
信濃川	しなのがわ
信玄	しんげん
信田	しのだ
信男	のぶお
信秀	のぶひで
信綱	のぶつな
信繁	のぶしげ
信虎	のぶとら
信行	のぶゆき
信貴	しぎ
信貴線	しぎせん
信越	しんえつ
信越化学工業	しんえつかがくこうぎょう
信越本線	しんえつほんせん
信越線	しんえつせん
信郎	のぶろう
信重	のぶしげ
信長	のぶなが
信隆	のぶたか
信雄	のぶお
俣野	またの
修一	しゅういち
修一郎	しゅういちろう
修三	しゅうぞう
修之	のぶゆき
修也	しゅうや
修二	しゅうじ
修介	しゅうすけ
修作	しゅうさく
修司	しゅうじ
修吾	しゅうご
修哉	しゅうや
修善寺	しゅぜんじ
修子	のぶこ
修学院	しゅうがくいん
修平	しゅうへい
修徳	しゅうとく
修悦	しゅうえつ
修次	しゅうじ
修治	しゅうじ
修造	しゅうぞう
俵屋	たわらや
俵山	たわらやま
俵田	たわらだ
倉下	くらした
倉井	くらい
倉内	くらうち
倉吉	くらよし
倉地	くらち
倉山	くらやま
倉岡	くらおか
倉島	くらしま
倉崎	くらさき
倉嶋	くらしま
倉持	くらもち
倉敷芸術科学大学	くらしきげいじゅつかがくだいがく
倉木	くらき
倉本	くらもと
倉林	くらばやし
倉橋	くらはし
倉沢	くらさわ
倉田	くらた
倉知	くらち
倉石	くらいし
倉科	くらしな
倉見	くらみ
倉谷	くらたに
倉賀野	くらがの
倉重	くらしげ
倉野	くらの
倖田	こうだ
倫太郎	りんたろう
倫子	のりこ
倶利伽羅	くりから
倶知安	くっちゃん
假屋	かりや
停車場	ていしゃば
健一	けんいち
健一郎	けんいちろう
健三	けんぞう
健三郎	けんざぶろう
健之	けんじ
健也	けんや
健二	けんじ
健二郎	けんじろう
健介	けんすけ
健作	けんさく
健保連	けんぽれん
健児	けんじ
健勝	けんしょう
健史	たけし
健司	けんじ
健吉	けんきち
健吾	けんご
健壱	けんいち
健太	けんた
健太郎	けんたろう
健夫	たけお
健幸	たけゆき
健彦	たけひこ
健志	たけし
健悟	けんご
健次	けんじ
健次郎	けんじろう
健治	けんじ
健生	たけお
健美	たけみ
健軍	けんぐん
健軍線	けんぐんせん
健輔	けんすけ
健郎	たけお
備中	びっちゅう
備中高松	びっちゅうたかまつ
備中高梁	びっちゅうたかはし
備前	びぜん
備後	びんご
備瀬	びせ
傳田	でんだ
僚一	りょういち
僚太	りょうた
僧坊	そうぼう
僧都	そうず
優一	ゆういち
優二	ゆうじ
優作	ゆうさく
優太	ゆうた
優奈	ゆうな
優子	ゆうこ
優希	ゆうき
優梨	ゆうり
優樹	ゆうき
優紀	ゆうき
優美子	ゆみこ
優花	ゆか
優菜	ゆうな
優衣	ゆい
優貴	ゆうき
優輝	ゆうき
優里	ゆり
優香	ゆうか
優香子	ゆかこ
元一	げんいち
元久	もとひさ
元井	もとい
元信	もとのぶ
元吉	もとよし
元和	げんな
元太郎	げんたろう
元夫	もとお
元子	げんし
元宮	もとみや
元就	もとなり
元山	もとやま
元岡	もとおか
元幸	もとゆき
元康	もとやす
元彦	もとひこ
元明	もとあき
元春	もとはる
元木	もとき
元村	もとむら
元治	げんじ
元浜	もとはま
元田	もとだ
元男	もとお
元町	もとまち
元石川	もといしかわ
元箱根	もとはこね
元紀	もとのり
元結	もとゆい
元締	もとじめ
元美	もとみ
元荒川	もとあらかわ
元親	もとちか
元谷	もとたに
元郷	もとごう
元重	もとしげ
元長	もとなが
充子	みつこ
充弘	みつひろ
充男	みつお
兆民	ちょうみん
先崎	さきざき
先斗	ぽんと
光一	こういち
光一郎	こういちろう
光世	こうせい
光也	みつや
光井	みつい
光人	みつひと
光代	みつよ
光俊	みつとし
光信	みつのぶ
光則	みつのり
光博	みつひろ
光司	こうじ
光吉	こうきち
光和	こうわ
光喜	みつよし
光圀	みつくに
光太郎	こうたろう
光夫	みつお
光央	みつお
光子	こうし
光孝	こうこう
光宏	みつひろ
光山	こうやま
光岡	みつおか
光希	みき
光弘	みつひろ
光彦	みつひこ
光徳	みつのり
光忠	みつただ
光恵	みつえ
光悦	こうえつ
光成	みつなり
光政	みつまさ
光敏	みつとし
光文社	こうぶんしゃ
光明皇后	こうみょうこうごう
光昭	みつあき
光晴	みつはる
光月	こうげつ
光村	みつむら
光来	こうらい
光樹	こうき
光正	みつまさ
光武	こうぶ
光永	みつなが
光江	みつえ
光治	こうじ
光波	こうは
光洋	こうよう
光浦	みつうら
光源氏	ひかるげんじ
光琳	こうりん
光生	みつお
光用	みつもち
光田	こうだ
光男	みつお
光秀	みつひで
光章	みつあき
光紀	みつのり
光義	みつよし
光臣	みつおみ
光良	みつよし
光邦	みつくに
光里	ひかり
光長	みつなが
光陽	こうよう
光雄	みつお
光雲	こううん
光風	こうふう
克久	かつひさ
克之	かつゆき
克也	かつや
克人	かつと
克俊	かつとし
克典	かつのり
克則	かつのり
克哉	かつや
克夫	かつお
克子	かつこ
克実	かつみ
克己	かつき
克巳	かつみ
克幸	かつゆき
克広	かつひろ
克彦	かつひこ
克敏	かつとし
克樹	かつき
克洋	かつひろ
克秀	かつひで
克美	かつみ
克行	かつゆき
克郎	かつろう
免田	めんだ
児島	こじま
児嶋	こじま
児湯	こゆ
児玉	こだま
兒玉	こだま
兜太	とうた
入内	いりうち
入口	いりぐち
入善	にゅうぜん
入定	にゅうじょう
入村	いりむら
入江	いりえ
入沢	いりさわ
入澤	いりさわ
入谷	いりや
入道	にゅうどう
入野	いりの
入間	いるま
入間川	いるまがわ
入電	にゅうでん
入鹿池	いるかいけ
全作	ぜんさく
全労協	ぜんろうきょう
全教	ぜんきょう
全日空	ぜんにっくう
全農	ぜんのう
八ヶ岳	やつがたけ
八丁堀	はっちょうぼり
八丁畷	はっちょうなわて
八丈	はちじょう
八乙女	やおとめ
八事	やごと
八光	はっこう
八兵衛	はちべえ
八剣	やつるぎ
八十島	やそじま
八千代台	やちよだい
八千穂	やちほ
八卦	はっけ
八反	はったん
八反田	はったんだ
八右衛門	はちえもん
八坂	やさか
八坂神社	やさかじんじゃ
八城	やしろ
八大	はちだい
八奈見	やなみ
八尋	やひろ
八尾	やお
八島	やしま
八嶋	やしま
八川	はちかわ
八幡山	やはたやま
八幡平	はちまんたい
八幡東	やはたひがし
八幡浜	やわたはま
八幡西	やはたにし
八幡野	やはたの
八広	やひろ
八戸	はちのへ
八方尾根	はっぽうおね
八日市	ようかいち
八日市場	ようかいちば
八朔	はっさく
八木	やぎ
八木山	やぎやま
八木崎	やぎさき
八木橋	やぎはし
八木沢	やぎさわ
八木沼	やぎぬま
八本松	はちほんまつ
八條	はちじょう
八森	はちもり
八海山	はっかいさん
八潮	やしお
八犬伝	はっけんでん
八王子	はちおうじ
八田	はった
八甲田	はっこうだ
八甲田山	はっこうださん
八百津	やおつ
八神	やがみ
八街	やちまた
八角	はっかく
八谷	はちや
八道	はちどう
八郎	はちろう
八郎潟	はちろうがた
八郷	やさと
八重子	やえこ
八重山	やえやま
八重樫	やえがし
八重洲	やえす
八鍬	やくわ
八雲	やくも
八雲神社	やくもじんじゃ
八鹿	ようか
公一	こういち
公也	きみや
公佳	きみか
公俊	きみとし
公則	まさのり
公取	こうとり
公取委	こうとりい
公園前	こうえんまえ
公園都市線	こうえんとしせん
公孫	こうそん
公彦	きみひこ
公徳	こうとく
公房	こうぼう
公方	くぼう
公望	きんもち
公生	きみお
公田	こうでん
公美	まさみ
公美子	くみこ
公義	きみよし
六三郎	ろくさぶろう
六地蔵	ろくじぞう
六平	むさか
六方	ろっぽう
六日町	むいかまち
六朗	ろくろう
六本木	ろっぽんぎ
六本松	ろっぽんまつ
六根	ろっこん
六浦	むつうら
六田	むつた
六甲	ろっこう
六甲山	ろっこうさん
六甲道	ろっこうみち
六花	りっか
六角橋	ろっかくばし
六車	むぐるま
六輔	ろくすけ
六連	ろくれん
六道	りくどう
六郎	ろくろう
六郷	ろくごう
六郷土手	ろくごうどて
共同通信社	きょうどうつうしんしゃ
共益	きょうえき
共立女子大学	きょうりつじょしだいがく
共進	きょうしん
兵助	ひょうすけ
兵太郎	へいたろう
兵庫	ひょうご
兵庫医科大学	ひょうごいかだいがく
兵藤	ひょうどう
兵部	ひょうぶ
兵頭	ひょうどう
具定	ともさだ
具志堅	ぐしけん
具志川	ぐしかわ
具志頭	ぐしかみ
具視	ともみ
具足	ぐそく
典之	のりゆき
典夫	のりお
典子	のりこ
典弘	のりひろ
典明	のりあき
典生	のりお
典雄	のりお
兼久	かねく
兼人	かねひと
兼光	かねみつ
兼好	かねよし
兼子	かねこ
兼定	かねさだ
兼山	かねやま
兼崎	かねさき
兼平	かねひら
兼房	かねふさ
兼松	かねまつ
兼次	けんじ
兼田	かねだ
内之浦	うちのうら
内匠	たくみ
内原	うちはら
内子	うちこ
内子線	うちこせん
内山	うちやま
内川	うちかわ
内幸町	うちさいわいちょう
内房	うちぼう
内房線	うちぼうせん
内木	うちき
内村	うちむら
内橋	うちはし
内水	うすい
内浦	うちうら
内浦湾	うちうらわん
内灘	うちなだ
内牧	うちまき
内田	うちだ
内膳	ないぜん
内蔵助	くらのすけ
内藤	ないとう
内記	ないき
内郷	うちごう
内門	ないもん
内間	うちま
内館	うちだて
円上	えんじょう
円仁	えんにん
円光	えんこう
円城	えんじょう
円城寺	えんじょうじ
円堂	えんどう
円子	まるこ
円山	まるやま
円山公園	まるやまこうえん
円座	えんざ
円楽	えんらく
円空	えんくう
円谷	つぶらや
円香	まどか
写楽	しゃらく
冠山	かんむりやま
冥加	みょうが
冥途	めいど
冨吉	とみきち
冨士	ふじ
冨士原	ふじはら
冨士夫	ふじお
冨山	とやま
冨岡	とみおか
冨手	とみて
冨樫	とがし
冨永	とみなが
冨澤	とみざわ
冨田	とみた
冨貴	ふうき
冬子	ふゆこ
冬島	ふゆしま
冬樹	ふゆき
冬美	ふゆみ
冬芽	とうが
冬華	ふゆか
冬野	ふゆの
冴子	さえこ
冴木	さえき
冷泉	れいせん
冷血	れいけつ
凉子	りょうこ
凌雲	りょううん
凌駕	りょうが
凜子	りんこ
凜音	りんね
凡夫	ぼんぷ
凪子	なぎこ
出井	でい
出会	であい
出光	いでみつ
出光興産	いでみつこうさん
出合	であい
出城	でしろ
出屋敷	でやしき
出島	でじま
出川	でがわ
出戸	でと
出海	いずみ
出渕	でぶち
出町	でまち
出町柳	でまちやなぎ
出目	でめ
出石	いずし
出羽	でわ
出羽海	でわのうみ
出船	でふね
出雲	いずも
出雲崎	いずもざき
出鼻	でばな
函南	かんなみ
函館	はこだて
函館山	はこだてやま
函館本線	はこだてほんせん
刀根	とね
分倍河原	ぶばいがわら
分木	ぶんぎ
分水	ぶんすい
分銅	ふんどう
切子	きりこ
切抜	きりぬき
切明	きりあけ
切替	きりかえ
切畑	きりはた
切目	きりめ
切石	きりいし
切立	きりたて
切通	せっつう
刈羽	かりわ
刈谷	かりや
刑部	ぎょうぶ
初富	はつとみ
初山	はつやま
初山別	しょさんべつ
初島	はつしま
初川	はつかわ
初枝	はつえ
初森	はつもり
初瀬	はせ
初田	はった
初穂	はつほ
初範	はつのり
初美	はつみ
初芝	はつしば
初野	はつの
初鹿	はつしか
別大	べつだい
別宮	べつみや
別山	べつやま
別府	べっぷ
別役	べつやく
別所	べっしょ
別所温泉	べっしょおんせん
別海	べっかい
別納	べつのう
利一	としかず
利久	としひさ
利之	としゆき
利休	りきゅう
利伸	としのぶ
利佳	りか
利信	としのぶ
利光	としみつ
利勝	としかつ
利右衛門	りえもん
利吉	りきち
利和	としかず
利器	りき
利夫	としお
利奈	りな
利家	としいえ
利尻	りしり
利尻富士	りしりふじ
利常	としつね
利平	りへい
利幸	としゆき
利府	りふ
利弘	としひろ
利彦	としひこ
利恵	りえ
利昌	としまさ
利明	としあき
利晃	としあき
利根川	とねがわ
利樹	としき
利沙	りさ
利治	としはる
利生	としお
利男	としお
利行	としゆき
利賀	とが
利通	としみち
利長	としなが
利雄	としお
利香	りか
則之	のりゆき
則夫	のりお
則子	のりこ
則武	のりたけ
前側	まえがわ
前原	まえはら
前園	まえぞの
前多	まえだ
前島	まえじま
前嶋	まえじま
前川	まえかわ
前平	まえひら
前村	まえむら
前橋	まえばし
前沢	まえさわ
前浜	まえはま
前漢	ぜんかん
前澤	まえさわ
前田	まえだ
前田建設工業	まえだけんせつこうぎょう
前町	まえまち
前畑	まえはた
前納	ぜんのう
前野	まえの
剛一	こういち
剛久	たけひさ
剛力	ごうりき
剛史	たけし
剛司	たけし
剛士	つよし
剛彦	たけひこ
剛志	たけし
剣先	けんさき
剣山	けんざん
剣岳	つるぎだけ
剣持	けんじ
剣淵	けんぶち
副島	ふくしま
割下	わりした
割付	わりつけ
創価	そうか
創価大学	そうかだいがく
創成	そうせい
創成川	そうせいかわ
劇団四季	げきだんしき
劉生	りゅうせい
劉邦	りゅうほう
力丸	りきまる
力也	りきや
力太郎	りきたろう
力持	ちからもち
力男	りきお
力石	りきいし
力道山	りきどうざん
功夫	いさお
功臣	こうしん
功補	こうすけ
加世子	かよこ
加世田	かせだ
加久藤	かくとう
加代	かよ
加代子	かよこ
加古	かこ
加古川	かこがわ
加古川線	かこがわせん
加地	かじ
加増	かぞう
加太	かだ
加奈	かな
加奈子	かなこ
加奈恵	かなえ
加子母	かしも
加山	かやま
加島	かしま
加川	かがわ
加平	かへい
加恋	かれん
加悦	かや
加戸	かと
加持	かじ
加曽利	かそり
加来	かく
加東	かとう
加治	かじ
加治屋	かじや
加治木	かじき
加津	かず
加瀬	かせ
加納	かのう
加織	かおり
加美	かみ
加能	かのう
加茂	かも
加茂川	かもがわ
加菜	かな
加藤	かとう
加藤茶	かとうちゃ
加西	かさい
加計	かけ
加賀	かが
加賀屋	かがや
加賀温泉	かがおんせん
加賀見	かがみ
加賀谷	かがや
加野	かの
加須	かぞ
助六	すけろく
助川	すけがわ
助野	すけの
励起	れいき
労基署	ろうきしょ
勁草	けいそう
勅使	ちょくし
勅使川原	てしがわら
勅使河原	てしがわら
勇人	はやと
勇作	ゆうさく
勇吾	ゆうご
勇哉	ゆうや
勇喜	ゆうき
勇夫	いさお
勇将	ゆうしょう
勇払	ゆうふつ
勇次	ゆうじ
勇蔵	ゆうぞう
勇魚	ゆうぎょ
動労	どうろう
動物園線	どうぶつえんせん
勘三郎	かんざぶろう
勘九郎	かんくろう
勘兵衛	かんべえ
勘助	かんすけ
勘太郎	かんたろう
勝一	かついち
勝一郎	しょういちろう
勝久	かつひさ
勝之	かつゆき
勝也	かつや
勝五郎	かつごろう
勝井	かつい
勝人	かつと
勝俊	かつとし
勝信	かつのぶ
勝俣	かつまた
勝元	かつもと
勝則	かつのり
勝原	かつはら
勝又	かつまた
勝呂	かつろ
勝太	かつた
勝太郎	かつたろう
勝央	しょうおう
勝子	かつこ
勝家	かついえ
勝富	かつとみ
勝山	かつやま
勝川	かつかわ
勝己	かつみ
勝巳	かつみ
勝幡	しょばた
勝平	かつひら
勝幸	かつゆき
勝広	かつひろ
勝弘	かつひろ
勝彦	かつひこ
勝成	かつなり
勝新	かつしん
勝春	かつはる
勝昭	かつあき
勝木	かつき
勝本	かつもと
勝村	かつむら
勝栄	かつえい
勝正	かつまさ
勝永	かつなが
勝治	かつじ
勝沼	かつぬま
勝浦	かつうら
勝海	かつみ
勝瀬	かつせ
勝田	かつた
勝田台	かつただい
勝男	かつお
勝美	かつみ
勝義	かつよし
勝茂	かつしげ
勝見	かつみ
勝谷	かつや
勝連	かつれん
勝部	かつべ
勝野	かつの
勝間	かつま
勝隆	かつたか
勝頼	かつより
勝鬨	かちどき
勝鬨橋	かちどきばし
勢多	せた
勢子	せこ
勢至	せいし
勧修寺	かじゅうじ
勿来	なこそ
化生	けしょう
化野	あだしの
北与野	きたよの
北中	きたなか
北中城	きたなかぐすく
北井	きたい
北仙台	きたせんだい
北代	きただい
北会津	きたあいづ
北佐久	きたさく
北信	ほくしん
北信濃	きたしなの
北信越	ほくしんえつ
北光	ほっこう
北内	きたうち
北出	きたで
北前	きたまえ
北加瀬	きたかせ
北加賀屋	きたかがや
北勝海	ほくとうみ
北勢線	ほくせいせん
北千住	きたせんじゅ
北千束	きたせんぞく
北千里	きたせんり
北原	きたはら
北向	きたこう
北品川	きたしながわ
北園	きたぞの
北城	きたしろ
北埼玉	きたさいたま
北堀	きたほり
北堀江	きたほりえ
北塩原	きたしおばら
北多摩	きたたま
北大	ほくだい
北大東	きただいとう
北大路	きたおおじ
北大路魯山人	きたおおじろさんじん
北宇和	きたうわ
北安曇	きたあずみ
北宮	きたみや
北小金	きたこがね
北尾	きたお
北山田	きたやまた
北岡	きたおか
北岳	きただけ
北島	きたじま
北崎	きたさき
北嶋	きたじま
北嶺	ほくれい
北川	きたがわ
北川辺	きたかわべ
北広島	きたひろしま
北摂	ほくせつ
北斎	ほくさい
北斗	ほくと
北斗星	ほくとせい
北新	きたしん
北新地	きたしんち
北新宿	きたしんじゅく
北方領土	ほっぽうりょうど
北日本	きたにほん
北星	ほくせい
北星学園大学	ほくせいがくえんだいがく
北春日部	きたかすかべ
北本	きたもと
北村	きたむら
北村山	きたむらやま
北条	ほうじょう
北条早雲	ほうじょうそううん
北松戸	きたまつど
北松浦	きたまつうら
北林	きたばやし
北柏	きたかしわ
北栄	ほくえい
北條	ほうじょう
北極星	ほっきょくせい
北横	きたよこ
北沢	きたざわ
北河	きたがわ
北河内	きたかわち
北洋銀行	ほくようぎんこう
北津軽	きたつがる
北浜	きたはま
北浦	きたうら
北海学園大学	ほっかいがくえんだいがく
北海道大学	ほっかいどうだいがく
北海道庁	ほっかいどうちょう
北海道拓殖銀行	ほっかいどうたくしょくぎんこう
北海道教育大学	ほっかいどうきょういくだいがく
北海道神宮	ほっかいどうじんぐう
北海道電力	ほっかいどうでんりょく
北澤	きたざわ
北爪	きたづめ
北牟婁	きたむろ
北田	きただ
北町	きたまち
北畠	きたばたけ
北白川	きたしらかわ
北相木	きたあいき
北相馬	きたそうま
北砂	きたすな
北秋田	きたあきた
北竜	ほくりゅう
北綾瀬	きたあやせ
北群馬	きたぐんま
北習志野	きたならしの
北花田	きたはなだ
北葛城	きたかつらぎ
北葛飾	きたかつしか
北蒲原	きたかんばら
北見	きたみ
北見工業大学	きたみこうぎょうだいがく
北設楽	きたしたら
北詰	きたづめ
北諸県	きたもろかた
北谷	きたたに
北越	ほくえつ
北足立	きたあだち
北軽井沢	きたかるいざわ
北辰	ほくしん
北進	ほくしん
北道	きたみち
北郷	きたごう
北都	ほくと
北都留	きたつる
北里	きたざと
北野	きたの
北野田	きたのだ
北野線	きたのせん
北長狭通	きたながさどおり
北門	きたもん
北関東	きたかんとう
北陸先端科学技術大学院大学	ほくりくせんたんかがくぎじゅつだいがくいんだいがく
北陸本線	ほくりくほんせん
北陸線	ほくりくせん
北陸電力	ほくりくでんりょく
北陽	ほくよう
北韓	ほっかん
匝瑳	そうさ
匡人	まさと
匡史	ただし
匹見	ひきみ
十三郎	じゅうざぶろう
十二単	じゅうにひとえ
十全	じゅうぜん
十兵衛	じゅうべえ
十勝	とかち
十勝川温泉	とかちがわおんせん
十和子	とわこ
十和田	とわだ
十和田湖	とわだこ
十川	そがわ
十徳	じっとく
十戒	じゅっかい
十日町	とおかまち
十枝	とえだ
十河	とうごう
十津川	とつがわ
十王	じゅうおう
十蔵	じゅうぞう
十蘭	じゅうらん
十郎	じゅうろう
十郎太	じゅうろうた
千々石	ちぢわ
千丈	せんじょう
千世	ちせ
千世子	ちせこ
千乃	ゆきの
千代丸	ちよまる
千代女	ちよじょ
千代子	ちよこ
千代崎	ちよざき
千代田	ちよだ
千住	せんじゅ
千住大橋	せんじゅおおはし
千佐子	ちさこ
千佳	ちか
千佳子	ちかこ
千倉	ちくら
千光寺	せんこうじ
千冬	ちふゆ
千原	せんはら
千厩	せんまや
千古	せんこ
千和	ちかず
千咲	ちさく
千坂	ちさか
千堂	せんどう
千夏	ちなつ
千奈	せんな
千奈美	ちなみ
千姫	せんひめ
千家	せんけ
千寿	ちず
千屋	せんや
千川	せんかわ
千帆	ちほ
千幸	ちゆき
千広	ちひろ
千弘	ちひろ
千恵	ちえ
千恵子	ちえこ
千恵美	ちえみ
千成	せんなり
千手観音	せんじゅかんのん
千早	ちはや
千早赤阪	ちはやあかさか
千明	ちあき
千春	ちはる
千昭	ちあき
千晃	ちあき
千景	ちかげ
千晴	ちはる
千晶	ちあき
千曲川	ちくまがわ
千本	せんぼん
千本松	せんぼんまつ
千林	せんばやし
千枝	ちえ
千枝子	ちえこ
千歳	ちとせ
千歳台	ちとせだい
千歳空港	ちとせくうこう
千波	ちなみ
千洋	ちひろ
千田	ちだ
千畝	ちうね
千畳敷	せんじょうじき
千疋	せんびき
千真	ちま
千福	せんぷく
千秋公園	せんしゅうこうえん
千種	ちぐさ
千穂	ちほ
千紘	ちひろ
千絵	ちえ
千絵子	ちえこ
千織	ちおり
千聖	ちさと
千花	ちか
千華	ちか
千葉商科大学	ちばしょうかだいがく
千葉大	ちばだい
千葉大学	ちばだいがく
千葉工業大学	ちばこうぎょうだいがく
千葉銀行	ちばぎんこう
千裕	ちひろ
千賀	ちが
千賀子	ちかこ
千載	せんざい
千里丘	せんりおか
千里子	ちりこ
千里山	せんりやま
千里浜	ちりはま
千里線	せんりせん
千重子	ちえこ
千野	ちの
千陽	ちはる
千香	ちか
千香子	ちかこ
千駄ヶ谷	せんだがや
千駄木	せんだぎ
千鶴	ちづる
千鶴子	ちづこ
升田	ますだ
升野	ますの
半井	なからい
半兵衛	はんべえ
半崎	はんざき
半次郎	はんじろう
半沢	はんざわ
半澤	はんざわ
半蔵	はんぞう
半蔵門	はんぞうもん
半蔵門線	はんぞうもんせん
半藤	はんどう
半谷	はんがい
卑弥呼	ひみこ
卓也	たくや
卓史	たかし
卓司	たくじ
卓哉	たくや
卓弥	たくや
卓志	たかし
卓朗	たくろう
卓治	たくじ
卓真	たくま
卓見	たっけん
卓造	たくぞう
卓郎	たくろう
南上	みなみうえ
南与野	みなみよの
南井	みない
南京	なんきん
南仏	なんふつ
南仙台	みなみせんだい
南伊豆	みなみいず
南会津	みなみあいづ
南佐久	みなみさく
南倉	みなみくら
南光	なんこう
南公園	みなみこうえん
南出	みなみで
南加瀬	みなみかせ
南勢	なんせい
南北朝鮮	なんぼくちょうせん
南北線	なんぼくせん
南十字星	みなみじゅうじせい
南千住	みなみせんじゅ
南千里	みなみせんり
南原	なんばら
南台	みなみだい
南吉	なんきち
南品川	みなみしながわ
南国	なんごく
南城	なんじょう
南埼玉	みなみさいたま
南堀江	みなみほりえ
南場	なんば
南多摩	みなみたま
南大井	みなみおおい
南大塚	みなみおおつか
南大東	みなみだいとう
南大沢	みなみおおさわ
南大門	みなみだいもん
南大阪線	みなみおおさかせん
南天	なんてん
南太平洋	みなみたいへいよう
南太田	みなみおおた
南宇和	みなみうわ
南宮	なんぐう
南富良野	みなみふらの
南小国	みなみおぐに
南小谷	みなみおたり
南山	なんざん
南山城	みなみやましろ
南山大学	なんざんだいがく
南岳	なんがく
南島	なんとう
南川	みなみかわ
南巨摩	みなみこま
南幌	なんぽろ
南平台	なんぺいだい
南幸	みなみさいわい
南新	みなみしん
南朝	なんちょう
南本	みなみもと
南条	なんじょう
南松浦	みなみまつうら
南林間	みなみりんかん
南柏	みなみかしわ
南栄	みなみさかえ
南條	なんじょう
南森	みなみもり
南武線	なんぶせん
南池袋	みなみいけぶくろ
南沙	なんさ
南沢	みなみさわ
南河内	みなみかわち
南泉	なんせん
南波	なんば
南津軽	みなみつがる
南浜	みなみはま
南浦	みなみうら
南浦和	みなみうらわ
南海子	みなこ
南海本線	なんかいほんせん
南港	なんこう
南湖	なんこ
南濃	なんのう
南烏山	みなみからすやま
南無	なむ
南熊本	みなみくまもと
南牟婁	みなみむろ
南牧	なんもく
南田	みなみだ
南町	みなみまち
南相木	みなみあいき
南知多	みなみちた
南砂	みなみすな
南禅寺	なんぜんじ
南福岡	みなみふくおか
南秋田	みなみあきた
南種子	みなみたね
南箕輪	みなみみのわ
南紀	なんき
南総里見八犬伝	なんそうさとみはっけんでん
南美	みなみ
南船場	みなみせんば
南船橋	みなみふなばし
南茨木	みなみいばらき
南荒尾	みなみあらお
南蒲原	みなみかんばら
南谷	みなみたに
南足柄	みなみあしがら
南那	なな
南郷	なんごう
南都	なんと
南都留	みなみつる
南里	なんり
南野	みなみの
南長崎	みなみながさき
南関	なんかん
南関東	みなみかんとう
南陵	なんりょう
南陽	なんよう
南雲	なぐも
南面	なんめん
南風原	はえばら
南館	みなみだて
南魚沼	みなみうおぬま
南鳥島	みなみとりしま
南麻布	みなみあざぶ
博一	ひろかず
博久	ひろひさ
博之	ひろゆき
博也	ひろや
博人	ひろひと
博信	ひろのぶ
博光	ひろみつ
博労	ばくろう
博史	ひろし
博司	ひろし
博和	ひろかず
博喜	ひろき
博嗣	ひろつぐ
博多南	はかたみなみ
博多南線	はかたみなみせん
博多湾	はかたわん
博多駅南	はかたえきみなみ
博多駅東	はかたえきひがし
博太郎	ひろたろう
博子	ひろこ
博己	ひろき
博幸	ひろゆき
博康	ひろやす
博志	ひろし
博敏	ひろとし
博文	ひろふみ
博明	ひろあき
博昭	ひろあき
博樹	ひろき
博正	ひろまさ
博治	ひろじ
博満	ひろみつ
博美	ひろみ
博臣	ひろおみ
博行	ひろゆき
博資	ひろし
博隆	ひろたか
卜伝	ぼくでん
卜部	うらべ
占冠	しむかっぷ
占部	うらべ
卯月	うづき
卯木	うつぎ
卯辰山	うたつやま
卯野	うの
印南	いんなみ
印旛	いんば
印旛沼	いんばぬま
印西	いんざい
卸町	おろしまち
厄神	やくじん
厚別	あつべつ
厚地	あつじ
厚子	あつこ
厚岸	あっけし
厚志	あつし
厚木	あつぎ
厚沢部	あっさぶ
厚狭	あさ
厚生連	こうせいれん
厚田	あつた
厚真	あつま
原中	はらなか
原口	はらぐち
原城	はらしろ
原宿	はらじゅく
原山	はらやま
原岡	はらおか
原島	はらしま
原嶋	はらしま
原川	はらかわ
原市	はらいち
原村	はらむら
原水	はらみず
原沢	はらさわ
原澤	はらさわ
原生花園	げんせいかえん
原田	はらだ
原町	はらまち
原町田	はらまちだ
原谷	はらや
原里	はらさと
厨子	ずし
厩橋	うまやばし
厳原	いずはら
厳島	いつくしま
厳木	きゅうらぎ
又五郎	またごろう
又兵衛	またべえ
又吉	またきち
又次	またじ
及川	おいかわ
友一	ゆういち
友之	ともゆき
友也	ともや
友井	ともい
友作	ともさく
友利	ゆり
友則	とものり
友吉	ともきち
友和	ともかず
友子	ともこ
友宏	ともひろ
友寄	ともより
友崎	ともさき
友希	ゆき
友幸	ともゆき
友康	ともやす
友弥	ともや
友彦	ともひこ
友恵	ともえ
友成	ともなり
友松	ともまつ
友枝	ともえだ
友梨	ゆり
友樹	ゆうき
友永	ともなが
友沢	ともざわ
友理	ゆり
友田	ともだ
友禅	ゆうぜん
友紀	ゆき
友紀子	ゆきこ
友美	ゆみ
友花	ともはな
友道	ともみち
友部	ともべ
友里	ゆうり
友里恵	ゆりえ
友里絵	ゆりえ
友野	ともの
友香	ゆか
友香里	ゆかり
双六	すごろく
双海	ふたみ
双竜	そうりゅう
双葉社	ふたばしゃ
反橋	そりはし
反田	たんだ
反町	たんまち
取付	とりつけ
取手	とりで
取次	とりつぎ
取立	とりたて
取組	とりくみ
叡山	えいざん
叡山本線	えいざんほんせん
叡智	えいち
叡知	えいち
口之津	くちのつ
口伝	くでん
口元	くちもと
口内	こうない
口前	くちまえ
口山	くちやま
口田	くちた
古丹	こたん
古井	ふるい
古仁屋	こにや
古内	ふるうち
古口	こぐち
古味	こみ
古地	こち
古堅	ふるかた
古宇	ふるう
古宮	こみや
古家	ふるや
古屋	ふるや
古屋敷	ふるやしき
古山	ふるやま
古島	こじま
古川	ふるかわ
古市	ふるいち
古平	ふるびら
古庄	ふるしょう
古座川	こざがわ
古戦場	こせんじょう
古戸	ふると
古手川	こてがわ
古村	こむら
古林	こばやし
古森	こもり
古橋	ふるはし
古殿	ふるどの
古江	ふるえ
古池	ふるいけ
古沢	ふるさわ
古河	こが
古泉	こいずみ
古波蔵	こはぐら
古津	こつ
古潭	こたん
古澤	ふるさわ
古瀬	ふるせ
古田	ふるた
古町	ふるまち
古畑	ふるはた
古舘	ふるたち
古藤	ことう
古見	ふるみ
古谷	ふるや
古賀	こが
古跡	こせき
古道	こどう
古郡	ふるこおり
古里	ふるさと
古野	ふるの
古銭	こせん
古閑	こが
古関	こせき
古館	ふるたち
只見	ただみ
只見線	ただみせん
只野	ただの
可児	かに
可南子	かなこ
可奈	かな
可奈子	かなこ
可愛	かわい
可知	かち
可菜	かな
可部	かべ
可部線	かべせん
台村	だいむら
台東	たいとう
史人	ふみと
史代	ふみよ
史奈	ふみな
史子	ふみこ
史彦	ふみひこ
史恵	ふみえ
史明	ふみあき
史朗	しろう
史浩	ふみひろ
史生	ふみお
史織	しおり
史記	しき
史郎	しろう
右京	うきょう
右田	うだ
右近	うこん
司朗	しろう
司郎	しろう
司馬	しば
各務	かがみ
各務原	かかみがはら
合川	あいかわ
合志	ごうし
合戦場	かっせんば
合浦	がっぽ
合田	ごうだ
吉三	きちぞう
吉丸	よしまる
吉乃	きつの
吉之助	きちのすけ
吉井	よしい
吉住	よしずみ
吉作	きさく
吉保	よしやす
吉信	よしのぶ
吉倉	よしくら
吉備	きび
吉備津	きびつ
吉備真備	きびまきび
吉備線	きびせん
吉元	よしもと
吉冨	よしとみ
吉利	よしとし
吉原	よしはら
吉右衛門	きちえもん
吉塚	よしづか
吉宏	よしひろ
吉富	よしとみ
吉尾	よしお
吉屋	よしや
吉山	よしやま
吉岡	よしおか
吉峯	よしみね
吉島	よしじま
吉崎	よしざき
吉川	よしかわ
吉平	きちへい
吉彦	よしひこ
吉徳	よしのり
吉成	よしなり
吉政	よしまさ
吉晴	よしはる
吉木	よしき
吉本	よしもと
吉本興業	よしもとこうぎょう
吉村	よしむら
吉松	よしまつ
吉林	きつりん
吉森	よしもり
吉橋	よしはし
吉次	きちじ
吉武	よしたけ
吉水	よしみず
吉永	よしなが
吉江	よしえ
吉池	よしいけ
吉沢	よしざわ
吉河	よしかわ
吉浜	よしはま
吉浦	よしうら
吉澤	よしざわ
吉瀬	きせ
吉田	よしだ
吉田山	よしだやま
吉祥	きちじょう
吉祥寺	きちじょうじ
吉祥寺南	きちじょうじみなみ
吉祥寺本	きちじょうじほん
吉祥院	きっしょういん
吉福	よしふく
吉竹	よしたけ
吉蔵	よしぞう
吉行	よしゆき
吉見	よしみ
吉谷	よしたに
吉賀	よしか
吉郎	きちろう
吉里吉里	きりきり
吉野	よしの
吉野家	よしのや
吉野屋	よしのや
吉野山	よしのやま
吉野川	よしのがわ
吉野線	よしのせん
吉開	よしかい
吉雄	よしお
吉高	よしたか
同大	どうだい
同志社大学	どうししゃだいがく
同志社女子大学	どうししゃじょしだいがく
同道	どうどう
名久井	なくい
名乗	なのり
名倉	なぐら
名取	なとり
名古屋大学	なごやだいがく
名古屋学院大学	なごやがくいんだいがく
名古屋工業大学	なごやこうぎょうだいがく
名古屋市立大学	なごやしりつだいがく
名号	みょうごう
名和	なわ
名城	めいじょう
名城公園	めいじょうこうえん
名城大	めいじょうだい
名城大学	めいじょうだいがく
名城線	めいじょうせん
名塚	なづか
名塩	なじお
名子	なご
名字	みょうじ
名寄	なよろ
名川	ながわ
名張	なばり
名村	なむら
名東	めいとう
名松線	めいしょうせん
名栗	なぐり
名桜大学	めいおうだいがく
名波	ななみ
名港	めいこう
名瀬	なぜ
名田	なだ
名神	めいしん
名立	なだち
名美	なみ
名花	めいか
名西	みょうざい
名護	なご
名護屋	なごや
名谷	なたに
名越	なごや
名鉄	めいてつ
名駅	めいえき
名駅南	めいえきみなみ
名高	なだか
吏子	りこ
吐夢	とむ
吐息	といき
向ヶ丘	むこうがおか
向丘	むこうがおか
向井	むかい
向原	むかいはら
向坂	こうざか
向山	むかいやま
向島	こうしま
向日葵	ひまわり
向洋	こうよう
向田	むかいだ
向谷	むかいたに
向野	むかいの
向陽	こうよう
向陽台	こうようだい
君塚	きみづか
君島	きみじま
君嶋	きみじま
君枝	きみえ
君江	きみえ
君津	きみつ
君野	きみの
吹上	ふきあげ
吹屋	ふきや
吹浦	ふきうら
吹田	すいた
吹石	ふきいし
吹越	ふきこし
吾妻	あづま
吾妻山	あづまやま
吾妻橋	あずまばし
吾川	あがわ
吾平	あいら
吾朗	ごろう
吾郎	ごろう
呉屋	くれや
呉座	ござ
呉竹	くれたけ
呉線	くれせん
呉羽	くれは
周一	しゅういち
周二	しゅうじ
周五郎	しゅうごろう
周作	しゅうさく
周助	しゅうすけ
周参見	すさみ
周夫	ちかお
周子	ちかこ
周山	しゅうざん
周平	しゅうへい
周智	しゅうち
周東	しゅうとう
周造	しゅうぞう
周防	すおう
周防灘	すおうなだ
味岡	あじおか
味美	あじよし
味見	あじみ
呼人	よびと
呼子	よぶこ
和一	わいち
和世	かずよ
和久	かずひさ
和久井	わくい
和之	かずゆき
和也	かずや
和人	かずひと
和代	かずよ
和伸	かずのぶ
和佐	かずさ
和佳	わか
和佳奈	わかな
和信	かずのぶ
和倉	わくら
和倉温泉	わくらおんせん
和光	わこう
和光大学	わこうだいがく
和典	かずのり
和利	かずとし
和則	かずのり
和助	わすけ
和南	わなん
和史	かずふみ
和司	かずし
和同開珎	わどうかいちん
和哉	かずや
和国	わこく
和地	わち
和多田	わただ
和大	かずひろ
和太郎	わたろう
和夫	かずお
和子	かずこ
和孝	わこう
和宏	かずひろ
和宮	かずのみや
和寒	わっさむ
和寿	かずとし
和山	わやま
和島	わじま
和嶋	わじま
和己	かずみ
和巳	かずみ
和希	かずき
和広	かずひろ
和弥	かずや
和彦	かずひこ
和徳	かずのり
和志	かずし
和恵	かずえ
和憲	かずのり
和成	かずなり
和昭	かずあき
和智	わち
和木	わき
和束	わづか
和枝	かずえ
和栗	わくり
和樹	かずき
和次郎	わじろう
和歌子	わかこ
和歌山	わかやま
和歌山大学	わかやまだいがく
和歌浦	わかうら
和民	かずたみ
和気	わき
和水	なごみ
和江	かずえ
和泉	いずみ
和泉多摩川	いずみたまがわ
和泉屋	いずみや
和泉式部	いずみしきぶ
和泊	わどまり
和浩	かずひろ
和生	かずお
和田	わだ
和田山	わだやま
和田岬線	わだみさきせん
和男	かずお
和白	わじろ
和知	わち
和磨	かずま
和秀	かずひで
和穂	かずほ
和紀	かずのり
和紗	かずさ
和美	かずみ
和義	かずよし
和臣	かずおみ
和行	かずゆき
和親	かずちか
和貴	かずたか
和賀	わが
和輝	かずてる
和道	かずみち
和郎	かずお
和重	かずしげ
和銅	わどう
和隆	かずたか
和雄	かずお
和香	わか
和馬	かずま
咲也	さくや
咲坂	さきさか
咲子	さきこ
咲希	さき
咲田	さきた
咲花	さきか
咸臨丸	かんりんまる
咸陽	かんよう
哀川	あいかわ
哀歌	あいか
品川	しながわ
品濃	しなの
品田	しなだ
品野	しなの
員弁	いなべ
哲三	てつぞう
哲也	てつや
哲二	てつじ
哲史	てつし
哲司	てつじ
哲哉	てつや
哲士	てつし
哲太	てつた
哲夫	てつお
哲子	てつこ
哲弘	てつひろ
哲弥	てつや
哲彦	てつひこ
哲志	てつじ
哲明	てつあき
哲朗	てつろう
哲次	てつじ
哲治	てつじ
哲生	てつお
哲男	てつお
哲章	てっしょう
哲郎	てつろう
哲雄	てつお
唐人	とうじん
唐古	からこ
唐子	からこ
唐山	とうざん
唐崎	からさき
唐川	からかわ
唐戸	からと
唐木	からき
唐木田	からきだ
唐松	からまつ
唐桑	からくわ
唐橋	からはし
唐沢	からさわ
唐沢山	からさわやま
唐津	からつ
唐津線	からつせん
唐物	からもの
唐船	とうせん
唯夫	ただお
唯心	ゆいしん
唯美	ゆいび
唯野	ただの
商工中金	しょうこうちゅうきん
商工組合中央金庫	しょうこうくみあいちゅうおうきんこ
商栄	しょうえい
啓一	けいいち
啓一郎	けいいちろう
啓之	ひろし
啓二	けいじ
啓介	けいすけ
啓史	けいし
啓司	けいじ
啓吾	けいご
啓子	けいこ
啓成	よしなり
啓文	ひろふみ
啓明	けいめい
善久	よしひさ
善之	よしゆき
善仁	よしひと
善信	ぜんしん
善光	ぜんこう
善光寺	ぜんこうじ
善博	よしひろ
善吉	ぜんきち
善哉	よしや
善太郎	ぜんたろう
善子	よしこ
善導	ぜんどう
善幸	よしゆき
善彦	よしひこ
善徳	よしのり
善成	よしなり
善文	よしふみ
善明	ぜんめい
善晴	よしはる
善朗	よしろう
善次郎	ぜんじろう
善正	よしまさ
善治	よしはる
善用	ぜんよう
善知鳥	うとう
善福寺	ぜんぷくじ
善美	よしみ
善通寺	ぜんつうじ
善道	ぜんどう
善郎	よしろう
善雄	よしお
喜一	きいち
喜一郎	きいちろう
喜三郎	きさぶろう
喜久	よしひさ
喜久子	きくこ
喜久恵	きくえ
喜久治	きくじ
喜代	きよ
喜代子	きよこ
喜代美	きよみ
喜作	きさく
喜入	きいれ
喜八	きはち
喜八郎	きはちろう
喜兵衛	きへえ
喜助	きすけ
喜博	よしひろ
喜友名	きゆな
喜和	よしかず
喜四郎	きしろう
喜多	きた
喜多山	きたやま
喜多嶋	きたじま
喜多川	きたがわ
喜多方	きたかた
喜多村	きたむら
喜多見	きたみ
喜子	よしこ
喜孝	よしたか
喜安	きやす
喜屋武	きやむ
喜平	きへい
喜怒	きど
喜悦	きえつ
喜明	よしあき
喜朗	よしろう
喜楽	きらく
喜田	きた
喜男	よしお
喜界	きかい
喜美	きみ
喜美子	きみこ
喜良	きよし
喜英	よしひで
喜茂別	きもべつ
喜連川	きつれがわ
喜重	きじゅう
喜重郎	きじゅうろう
喜雄	よしお
嗣子	しし
嗣永	つぐなが
嗣治	つぐじ
嘉一	かいち
嘉之	よしゆき
嘉人	よしと
嘉代	かしろ
嘉代子	かよこ
嘉兵衛	かへえ
嘉博	よしひろ
嘉吉	かきつ
嘉孝	よしたか
嘉山	かやま
嘉島	かしま
嘉彦	よしひこ
嘉徳	よしのり
嘉悦	かえつ
嘉手納	かでな
嘉数	かかず
嘉明	よしあき
嘉昭	よしあき
嘉村	かむら
嘉浩	よしひろ
嘉瀬	かせ
嘉男	よしお
嘉穂	かほ
嘉紀	よしのり
嘉藤	かとう
嘉門	かもん
嘉陽	かよう
嘉隆	よしたか
四万十川	しまんとがわ
四之宮	しのみや
四倉	よつくら
四元	よつもと
四国学院大学	しこくがくいんだいがく
四国電力	しこくでんりょく
四宮	しのみや
四徳	しとく
四方田	よもだ
四日市	よっかいち
四朗	しろう
四条	しじょう
四条大宮	しじょうおおみや
四条畷	しじょうなわて
四條畷	しじょうなわて
四海	しかい
四箇	しか
四葉	よつば
四街道	よつかいどう
四谷	よつや
四賀	しが
四辻	よつつじ
四郎	しろう
因幡	いなば
因美線	いんびせん
図師	ずし
国一	くにいち
国井	くにい
国仲	くになか
国保	こくほ
国分	こくぶん
国分寺線	こくぶんじせん
国労	こくろう
国原	くにはら
国友	くにとも
国司	くにじ
国吉	くによし
国場	こくば
国士舘	こくしかん
国士舘大学	こくしかんだいがく
国太郎	くにたろう
国夫	くにお
国子	くにこ
国学院	こくがくいん
国守	くにもり
国安	くにやす
国屋	くにや
国山	くにやま
国岡	くにおか
国崎	くにさき
国師	こくし
国広	くにひろ
国府台	こうのだい
国府津	こうづ
国後	くなしり
国明	くにあき
国木田	くにきだ
国木田独歩	くにきだどっぽ
国本	くにもと
国東	くにさき
国松	くにまつ
国枝	くにえだ
国武	くにたけ
国母	こくぼ
国沢	くにさわ
国津	くにつ
国生	こくしょう
国男	くにお
国立音大	くにたちおんだい
国綱	くにつな
国芳	くによし
国華	こくか
国衙	こくが
国見	くにみ
国谷	くにや
国貞	くにさだ
国連大学	こくれんだいがく
国重	くにしげ
国防情報局	こくぼうじょうほうきょく
国際医療福祉大学	こくさいいりょうふくしだいがく
国際大学	こくさいだいがく
国際武道大学	こくさいぶどうだいがく
国領	こくりょう
国頭	くにがみ
國井	くにい
國分	こくぶん
國學院大學	こくがくいんだいがく
國男	くにお
園原	そのはら
園子	そのこ
園山	そのやま
園生	えんせい
園田	そのだ
園美	そのみ
園部	そのべ
土井	つちい
土佐	とさ
土佐堀	とさぼり
土佐山田	とさやまだ
土佐湾	とさわん
土倉	つちくら
土光	どこう
土取	つちとり
土古	つちこ
土合	どあい
土呂	どろ
土場	どば
土居	つちい
土屋	つちや
土山	つちやま
土岐	とき
土岐田	ときた
土崎	つちざき
土川	つちかわ
土工	どこう
土師	はじ
土庄	とのしょう
土御門	つちみかど
土成	どなり
土本	つちもと
土橋	どばし
土浦	つちうら
土湯温泉	つちゆおんせん
土生	はぶ
土田	つちだ
土筆	つくし
土肥	とい
土谷	つちや
土豪	どごう
土門	どもん
圧雪	あっせつ
在処	ありか
在原	ありわら
在所	ざいしょ
在昌	ありまさ
圭一	けいいち
圭三	けいぞう
圭二	けいじ
圭介	けいすけ
圭史	けいし
圭吾	けいご
圭子	けいこ
圭織	かおり
地井	ちい
地内	じない
地引	じびき
地歩	ちほ
地獄谷	じごくだに
地籍	ちせき
地蔵堂	じぞうどう
地頭	じとう
地黄	じおう
坂上	さかうえ
坂下	さかした
坂井	さかい
坂倉	さかくら
坂元	さかもと
坂内	さかうち
坂出	さかいで
坂口	さかぐち
坂城	さかき
坂大	ばんだい
坂崎	さかざき
坂巻	さかまき
坂戸	さかと
坂手	さかて
坂木	さかき
坂本	さかもと
坂村	さかむら
坂東	ばんどう
坂根	さかね
坂爪	さかつめ
坂田	さかた
坂町	さかまち
坂祝	さかほぎ
坂西	さかにし
坂部	さかべ
坂野	さかの
坂間	さかま
坊津	ぼうのつ
坑夫	こうふ
坪井	つぼい
坪倉	つぼくら
坪内	つぼうち
坪田	つぼた
垂井	たるい
垂木	たるき
垂水	たるみ
垣内	かきうち
垣花	かきはな
埋立	うめたて
城ヶ崎	じょうがさき
城中	じょうちゅう
城之内	じょうのうち
城井	しろい
城代	しろだい
城前	しろまえ
城北	じょうほく
城北線	じょうほくせん
城南信用金庫	じょうなんしんようきんこ
城南線	じょうなんせん
城原	しろはら
城山	しろやま
城島	じょうしま
城崎	きのさき
城川	しろかわ
城市	じょうし
城後	じょうご
城戸	きど
城所	きどころ
城木	しろき
城本	しろもと
城東	じょうとう
城田	しろた
城端	じょうはな
城端線	じょうはなせん
城西	じょうさい
城西国際大学	じょうさいこくさいだいがく
城西大学	じょうさいだいがく
城見	しろみ
城野	しろの
城間	しろま
城陽	じょうよう
埴生	はにゅう
埴科	はにしな
埴谷	はにや
基之	もとゆき
基夫	もとお
基子	もとこ
基山	きやま
基樹	もとき
基次郎	もとじろう
基氏	もとうじ
基線	きせん
基裕	もとひろ
埼京線	さいきょうせん
埼大	さいだい
埼玉大学	さいたまだいがく
堀上	ほりがみ
堀之内	ほりのうち
堀井	ほりい
堀兼	ほりかね
堀内	ほりうち
堀切	ほりきり
堀割	ほりわり
堀口	ほりぐち
堀場	ほりば
堀家	ほりけ
堀尾	ほりお
堀本	ほりもと
堀池	ほりいけ
堀河	ほりかわ
堀田	ほった
堀米	ほりごめ
堀越	ほりこし
堀込	ほりごめ
堀部	ほりべ
堀野	ほりの
堀金	ほりかね
堂上	どうじょう
堂前	どうまえ
堂守	どうもり
堂山	どうやま
堂島	どうしま
堂本	どうもと
堅一	けんいち
堅二	けんじ
堅治	けんじ
堅田	かたた
堤下	つつみした
堤外	ていがい
堰堤	えんてい
塔子	とうこ
塔屋	とうや
塚原	つかはら
塚口	つかぐち
塚地	つかじ
塚山	つかやま
塚本	つかもと
塚田	つかだ
塚越	つかごし
塩入	しおいり
塩原	しおばら
塩塚	しおずか
塩屋	しおや
塩山	えんざん
塩崎	しおざき
塩川	しおかわ
塩月	しおつき
塩村	しおむら
塩気	しおけ
塩江	しおのえ
塩沢	しおざわ
塩津	しおず
塩浜	しおはま
塩澤	しおざわ
塩瀬	しおせ
塩焼	しおやき
塩狩	しおかり
塩竃	しおがま
塩竈	しおがま
塩見	しおみ
塩谷	しおや
塩野	しおの
塩釜	しおがま
塩飽	しわく
境川	さかいがわ
境港	さかいみなと
境線	さかいせん
墓守	はかもり
増上寺	ぞうじょうじ
増井	ますい
増原	ますはら
増子	ましこ
増尾	ましお
増山	ますやま
増岡	ますおか
増川	ますかわ
増本	ますもと
増村	ますむら
増毛	ましけ
増永	ますなが
増渕	ますぶち
増田	ますだ
増穂	ますほ
墨俣	すのまた
墨染	すみぞめ
墨田	すみだ
士別	しべつ
士幌	しほろ
士朗	しろう
士道	しどう
士郎	しろう
壬生	みぶ
壮一	そういち
壮健	そうけん
壮太	そうた
壮瞥	そうべつ
売場	うりば
売木	うるぎ
壺屋	つぼや
壺川	つぼがわ
壽一	としかず
夏乃	なつの
夏井	なつい
夏代	なつよ
夏八木	なつやぎ
夏原	なつはら
夏子	なつこ
夏実	なつみ
夏島	なつしま
夏川	なつかわ
夏帆	かほ
夏彦	なつひこ
夏木	なつき
夏未	なつみ
夏村	かそん
夏樹	なつき
夏江	なつえ
夏海	なつみ
夏焼	なつやき
夏生	なつお
夏目	なつめ
夏秋	なつあき
夏紀	なつき
夏美	なつみ
夏葉	かよう
夏見	なつみ
夏野	なつの
夕佳	ゆか
夕凪	ゆうなぎ
夕夏	ゆか
夕子	ゆうこ
夕希	ゆうき
夕張	ゆうばり
夕暮	ゆうぐれ
夕樹	ゆうき
夕紀	ゆき
夕美	ゆうみ
夕貴	ゆうき
夕陽	ゆうひ
夕顔	ゆうがお
夕香	ゆか
外史	がいし
外子	そとこ
外山	とやま
外岡	とのおか
外崎	とのさき
外川	とがわ
外房線	そとぼうせん
外村	とのむら
外様	とざま
外海	がいかい
外為	がいため
外神田	そとかんだ
外郎	ういろう
外門	ともん
外骨	がいこつ
夙川	しゅくがわ
多々羅	たたら
多々良	たたら
多久	たく
多作	たさく
多佳子	たかこ
多利	たり
多古	たこ
多可	たか
多和田	たわだ
多喜	たき
多喜二	たきじ
多喜子	たきこ
多嘉	たか
多子	たし
多宝塔	たほうとう
多屋	たや
多岐川	たきがわ
多幸	たこう
多度	たど
多度津	たどつ
多恵	たえ
多恵子	たえこ
多摩	たま
多摩丘陵	たまきゅうりょう
多摩境	たまさかい
多摩川	たまがわ
多摩川線	たまがわせん
多摩線	たません
多摩美	たまみ
多村	たむら
多気	たき
多治見	たじみ
多生	たしょう
多田	ただ
多留	たる
多磨	たま
多紀	たき
多美	たみ
多美子	たみこ
多胡	たご
多良	たら
多良木	たらぎ
多良間	たらま
多芸	たげい
多賀	たが
多賀城	たがじょう
多野	たの
多門	たもん
多香子	たかこ
夜也	やや
夜伽	よとぎ
夜光	やこう
夜明	よあけ
夜船	よふね
夜警	やけい
夜野	やの
夜須	やす
夢前	ゆめさき
夢子	ゆめこ
夢枕	ゆめまくら
夢殿	ゆめどの
夢路	ゆめじ
夢野	ゆめの
大三島	おおみしま
大上	おおうえ
大下	おおした
大中	だいちゅう
大串	おおぐし
大丸	だいまる
大久	おおひさ
大久保	おおくぼ
大久野	おおくの
大久野島	おおくのしま
大亀	おおがめ
大二郎	だいじろう
大井	おおい
大京	だいきょう
大仁	おおひと
大仁田	おおにた
大介	だいすけ
大仙	だいせん
大伴	おおとも
大住	おおすみ
大佛	だいぶつ
大信	たいしん
大修館書店	たいしゅうかんしょてん
大倉	おおくら
大倉山	おおくらやま
大元	おおもと
大兄	おおえ
大光	おおみつ
大入	おおいり
大八	だいはち
大八木	おおやぎ
大内	おおうち
大内山	おおうちやま
大円	だいえん
大冠	おおかんむり
大出	おおいで
大刀洗	たちあらい
大分大学	おおいただいがく
大利	だいり
大利根	おおとね
大前	おおまえ
大力	だいりき
大助	だいすけ
大化	たいか
大北	おおきた
大原	おおはら
大原野	おおはらの
大友	おおとも
大古	たいこ
大同特殊鋼	だいどうとくしゅこう
大向	おおむかい
大周	たいしゅう
大和屋	やまとや
大和田	おおわだ
大和西大寺	やまとさいだいじ
大和証券	だいわしょうけん
大和郡山	やまとこおりやま
大和高田	やまとたかだ
大商	だいしょう
大善	だいぜん
大喜	だいき
大図	おおず
大園	おおその
大坂	おおさか
大坊	だいぼう
大坪	おおつぼ
大垣	おおがき
大城	おおしろ
大域	たいいき
大堀	おおほり
大堂	おおどう
大堰	おおい
大場	おおば
大塔	おおとう
大塚	おおつか
大塚家具	おおつかかぐ
大塚製薬	おおつかせいやく
大塚駅前	おおつかえきまえ
大塩	おおしお
大多喜	おおたき
大夢	たいむ
大妻女子大学	おおつまじょしだいがく
大子	おおご
大学前	だいがくまえ
大宅	おおや
大宇陀	おおうだ
大宜味	おおぎみ
大宝	たいほう
大室	おおむろ
大室山	おおむろやま
大宮	おおみや
大宮公園	おおみやこうえん
大寺	おおてら
大将軍	だいしょうぐん
大屋	おおや
大岡	おおおか
大岡山	おおおかやま
大岩	おおいわ
大岳	おおたけ
大峠	おおとうげ
大峯	おおみね
大峯山	おおみねやま
大峰	おおみね
大峰山	おおみねやま
大島	おおしま
大崎	おおさき
大嵐	おおあらし
大嶋	おおしま
大嶺	おおみね
大嶽	おおたけ
大川	おおかわ
大川原	おおかわら
大師堂	だいしどう
大幡	おおはた
大平	おおひら
大平台	おおひらだい
大平山	おおひらやま
大幸	だいこう
大庄	おおしょう
大府	おおぶ
大庭	おおば
大建工業	だいけんこうぎょう
大弓	おおゆみ
大引	おおびき
大形	おおがた
大御神	おおみか
大慈	だいじ
大成建設	たいせいけんせつ
大我	たいが
大戸	おおと
大手町	おおてまち
大手門	おおてもん
大拙	だいせつ
大文字山	だいもんじやま
大新	だいしん
大日	だいにち
大日向	おおひなた
大日如来	だいにちにょらい
大日方	おびなた
大日本帝国	だいにっぽんていこく
大明	だいめい
大明神	だいみょうじん
大星	おおほし
大映	だいえい
大智	たいち
大曲	おおまがり
大曽根	おおそね
大月	おおつき
大杉	おおすぎ
大村	おおむら
大村湾	おおむらわん
大村線	おおむらせん
大東	だいとう
大東文化大学	だいとうぶんかだいがく
大松	おおまつ
大林	おおばやし
大柏	おおかしわ
大柳	おおやなぎ
大柴	おおしば
大柿	おおがき
大栄	だいえい
大栗	おおくり
大根田	おおねだ
大桃	おおもも
大桑	おおくわ
大森	おおもり
大森南	おおもりみなみ
大森山	おおもりやま
大森西	おおもりにし
大植	おおうえ
大楠	おおぐす
大槌	おおつち
大槻	おおつき
大樋	おおひ
大橋	おおはし
大次郎	だいじろう
大正大学	たいしょうだいがく
大正天皇	たいしょうてんのう
大正池	たいしょういけ
大武	おおたけ
大歩危	おおぼけ
大歳	おおとし
大殿	おおとの
大江	おおえ
大江山	おおえやま
大江戸	おおえど
大池	おおいけ
大沢	おおさわ
大河内	おおこうち
大河原	おおがわら
大治	だいじ
大沼	おおぬま
大沼公園	おおぬまこうえん
大泉	おおいずみ
大泉学園	おおいずみがくえん
大法	たいほう
大洗	おおあらい
大洗鹿島線	おおあらいかしません
大洞	おおほら
大津	おおつ
大津港	おおつみなと
大洲	おおず
大浜	おおはま
大浦	おおうら
大浦湾	おおうらわん
大浪	おおなみ
大淀	おおよど
大深	おおふか
大淵	おおぶち
大渕	おおぶち
大渡	おおわたり
大湊	おおみなと
大湊線	おおみなとせん
大湯	おおゆ
大滝	おおたき
大潟	おおがた
大澤	おおさわ
大濠	おおほり
大濠公園	おおほりこうえん
大濱	おおはま
大瀧	おおたき
大瀬	おおせ
大瀬崎	おおせざき
大炊	おおい
大熊	おおくま
大牟田	おおむた
大牟田線	おおむたせん
大玉	おおたま
大王製紙	だいおうせいし
大瓶	おおびん
大甕	おおみか
大田	おおた
大田原	おおたわら
大田黒	おおたぐろ
大町	おおまち
大畑	おおはた
大畠	おおはた
大番	おおばん
大白	おおしろ
大盤	おおばん
大矢	おおや
大矢野	おおやの
大知	たいち
大石	おおいし
大石寺	たいせきじ
大石田	おおいしだ
大磯	おおいそ
大神	だいじん
大神神社	だいじんじんじゃ
大秦	たいしん
大穂	おおほ
大窪	おおくぼ
大竹	おおたけ
大筒	おおづつ
大箱	おおばこ
大糸線	おおいとせん
大納言	だいなごん
大網	おおあみ
大網白里	おおあみしらさと
大縄	おおなわ
大聖	たいせい
大聖寺	だいしょうじ
大股	おおまた
大胡	おおご
大脇	おおわき
大膳	だいぜん
大船渡線	おおふなとせん
大芝	おおしば
大花	おおはな
大草	おおくさ
大菅	おおすが
大菊	おおぎく
大菩薩峠	だいぼさつとうげ
大葉	おおば
大藤	おおとう
大藪	おおやぶ
大衡	おおひら
大袋	おおぶくろ
大西	おおにし
大見	おおみ
大覚	だいかく
大角	おおつの
大誠	たいせい
大谷	おおたに
大谷地	おおやち
大谷大学	おおたにだいがく
大豆戸	まめど
大豊	たいほう
大貫	おおぬき
大賀	おおが
大賢	たいけん
大起	だいき
大越	おおこし
大足	おおあし
大輔	だいすけ
大輝	だいき
大辞林	だいじりん
大辻	おおつじ
大迫	おおさこ
大通西	おおどおりにし
大造	たいぞう
大連	だいれん
大進	たいしん
大道寺	だいどうじ
大郷	おおさと
大里	おおさと
大重	おおしげ
大野中	おおのなか
大野城	おおのじょう
大野木	おおのき
大釜	おおかま
大鐘	おおがね
大開	おおひらき
大間	おおはざま
大間々	おおまま
大阪体育大学	おおさかたいいくだいがく
大阪医科大学	おおさかいかだいがく
大阪商業大学	おおさかしょうぎょうだいがく
大阪国際大学	おおさかこくさいだいがく
大阪国際空港	おおさかこくさいくうこう
大阪城	おおさかじょう
大阪城公園	おおさかじょうこうえん
大阪外国語大学	おおさかがいこくごだいがく
大阪大学	おおさかだいがく
大阪学院大学	おおさかがくいんだいがく
大阪工業大学	おおさかこうぎょうだいがく
大阪府立大学	おおさかふりつだいがく
大阪教育大学	おおさかきょういくだいがく
大阪桐蔭	おおさかとういん
大阪環状線	おおさかかんじょうせん
大阪産業大学	おおさかさんぎょうだいがく
大阪経済大学	おおさかけいざいだいがく
大阪芸大	おおさかげいだい
大阪芸術大学	おおさかげいじゅつだいがく
大阪電気通信大学	おおさかでんきつうしんだいがく
大阪音楽大学	おおさかおんがくだいがく
大院君	だいいんくん
大隅	おおすみ
大隈	おおすみ
大雄	たいゆう
大雄山線	だいゆうざんせん
大雅	たいが
大雪山	だいせつざん
大須	おおす
大須賀	おおすが
大頭	おおと
大風	おおかぜ
大飯	おおい
大館	おおだて
大高	おおだか
大鰐	おおわに
大鰐温泉	おおわにおんせん
大鳥	おおとり
大鳥居	おおとりい
大鵬	たいほう
大鶴	おおつる
大鷲	おおわし
大鷹	おおたか
大鹿	おおしか
大黄	だいおう
大黒	だいこく
大黒天	だいこくてん
大黒屋	だいこくや
大黒様	だいこくさま
大龍	たいりゅう
天上	てんじょう
天久	あまひさ
天人	てんじん
天佑	てんゆう
天保	てんぽう
天保山	てんぽうざん
天台座主	てんだいざす
天啓	てんけい
天城	あまぎ
天城山	あまぎやま
天城峠	あまぎとうげ
天堂	てんどう
天塩	てしお
天壇	てんだん
天声	てんせい
天売	てうり
天外	てんがい
天子	てんし
天守	てんしゅ
天安門	てんあんもん
天山	てんざん
天川	あまかわ
天工	てんこう
天徳	てんとく
天心	てんしん
天恵	てんけい
天成	てんせい
天智	てんじ
天智天皇	てんじてんのう
天望	てんぼう
天本	あまもと
天栄	てんえい
天橋立	あまのはしだて
天正	てんしょう
天武	てんむ
天武天皇	てんむてんのう
天水	てんすい
天池	あまち
天沼	あまぬま
天津	てんしん
天海	あまがい
天涙	てんるい
天涯	てんがい
天満	てんま
天満屋	てんまや
天満橋	てんまばし
天瀬	あまがせ
天狗山	てんぐやま
天狗岩	てんぐいわ
天王	てんおう
天王台	てんのうだい
天王寺	てんのうじ
天球儀	てんきゅうぎ
天理大学	てんりだいがく
天璋院	てんしょういん
天生	あもう
天田	あまだ
天白	てんぱく
天皇杯	てんのうはい
天目	てんもく
天真	てんしん
天眼	てんがん
天知	あまち
天神山	てんじんやま
天神川	てんじんかわ
天神橋	てんじんばし
天神橋筋六丁目	てんじんばしすじろくちょうめ
天神祭	てんじんまつり
天神西	てんじんにし
天福	てんぷく
天秤	てんびん
天竜	てんりゅう
天竜峡	てんりゅうきょう
天竜川	てんりゅうがわ
天竺	てんじく
天笠	あまがさ
天美	あまみ
天羽	あもう
天翔	てんしょう
天草	あまくさ
天谷	あまや
天道	てんどう
天邪鬼	あまのじゃく
天野	あまの
天間	てんま
天頂	てんちょう
天領	てんりょう
天願	てんがん
天風	てんぷう
天香	てんこう
天馬	てんま
天龍	てんりゅう
太一	たいち
太一郎	たいちろう
太刀川	たちかわ
太助	たすけ
太地	たいじ
太夫	たゆう
太子堂	たいしどう
太宰	だざい
太宰府	だざいふ
太宰府天満宮	だざいふてんまんぐう
太川	たがわ
太平山	たいへいざん
太朗	たろう
太極	たいきょく
太田	おおた
太田垣	おおたがき
太秦	うずまさ
太良	たろう
太蔵	たいぞう
太融寺	たいゆうじ
太賀	たが
太郎	たろう
太郎丸	たろうまる
太郎左衛門	たろうざえもん
太閤山	たいこうやま
太閤通	たいこうとおり
央子	ようこ
夷隅	いすみ
奄美	あまみ
奇麗	きれい
奈々子	ななこ
奈乃	なの
奈井江	ないえ
奈保	なお
奈保子	なおこ
奈倉	なくら
奈加	なか
奈半利	なはり
奈南	なな
奈和	なわ
奈多	なた
奈央	なお
奈央子	なおこ
奈奈	なな
奈子	なこ
奈実	なみ
奈川	ながわ
奈月	なつき
奈未	なみ
奈江	なえ
奈波	ななみ
奈津	なつ
奈津子	なつこ
奈津美	なつみ
奈生	なお
奈留	なる
奈穂	なお
奈穂子	なおこ
奈穂美	なおみ
奈緒	なお
奈緒子	なおこ
奈緒美	なおみ
奈美	なみ
奈美子	なみこ
奈美恵	なみえ
奈義	なぎ
奈良井	ならい
奈良先端科学技術大学院大学	ならせんたんかがくぎじゅつだいがくいんだいがく
奈良公園	ならこうえん
奈良原	ならはら
奈良坂	ならさか
奈良大学	ならだいがく
奈良女子大学	ならじょしだいがく
奈良岡	ならおか
奈良盆地	ならぼんち
奈良県立医科大学	ならけんりついかだいがく
奈菜	なな
奈那	なな
奈都子	なつこ
奈須	なす
奉天	ほうてん
奉還	ほうかん
奥中	おくなか
奥井	おくい
奥伝	おくでん
奥出雲	おくいずも
奥利根	おくとね
奥原	おくはら
奥多摩	おくたま
奥宮	おくのみや
奥寺	おくでら
奥尻	おくしり
奥崎	おくさき
奥川	おくかわ
奥平	おくだいら
奥戸	おくど
奥手	おくて
奥日光	おくにっこう
奥本	おくもと
奥村	おくむら
奥武島	おうしま
奥沢	おくさわ
奥津	おくつ
奥澤	おくさわ
奥田	おくだ
奥美濃	おくみの
奥羽	おうう
奥菜	おきな
奥行	おくゆき
奥西	おくにし
奥谷	おくたに
奥貫	おくぬき
奥野	おくの
女子栄養大学	じょしえいようだいがく
女子美術大学	じょしびじゅつだいがく
女川	めがわ
女池	めいけ
女満別	めまんべつ
女郎花	おみなえし
女院	にょういん
好古	こうこ
好太郎	こうたろう
好子	よしこ
好弘	よしひろ
好文	こうぶん
好治	こうじ
好男	よしお
好美	よしみ
如意	にょい
如是	にょぜ
如水	じょすい
妖子	ようこ
妖狐	ようこ
妖美	ようび
妙典	みょうでん
妙子	たえこ
妙法	みょうほう
妙義	みょうぎ
妙蓮寺	みょうれんじ
妙見	みょうけん
妙見山	みょうけんやま
妙見線	みょうけんせん
妙高高原	みょうこうこうげん
妹尾	いもお
妹背牛	もせうし
妻木	さいき
妻沼	めぬま
姉ヶ崎	あねがさき
姉崎	あねさき
姉川	あねがわ
姉帯	あねたい
姉歯	あねは
始皇帝	しこうてい
委細	いさい
姨捨	おばすて
姨捨山	おばすてやま
姪浜	めいのはま
姫子	ひめこ
姫宮	ひめみや
姫島	ひめじま
姫崎	ひめさき
姫川	ひめがわ
姫木	ひめき
姫松	ひめまつ
姫路	ひめじ
姫路城	ひめじじょう
姫里	ひめさと
姫野	ひめの
姶良	あいら
姿見	すがたみ
威徳	いとく
娑羅	さら
娘道成寺	むすめどうじょうじ
婦中	ふちゅう
嫦娥	じょうが
嬉嬉	きき
嬉野	うれしの
嬬恋	つまごい
嬰児	えいじ
子安	こやす
子平	しへい
子持	こもち
子葉	しよう
子規	しき
孔明	こうめい
孝一	こういち
孝三	こうぞう
孝之	たかゆき
孝也	たかや
孝二	こうじ
孝仁	たかひと
孝介	こうすけ
孝佳	たかよし
孝信	たかのぶ
孝允	たかよし
孝典	たかのり
孝則	たかのり
孝博	たかひろ
孝史	たかし
孝司	たかし
孝和	こうわ
孝太郎	こうたろう
孝夫	たかお
孝好	たかよし
孝子	たかこ
孝宏	たかひろ
孝平	こうへい
孝幸	たかゆき
孝広	たかひろ
孝弘	たかひろ
孝彦	たかひこ
孝徳	たかのり
孝志	たかし
孝文	たかふみ
孝明	たかあき
孝次	こうじ
孝治	こうじ
孝洋	たかひろ
孝浩	たかひろ
孝男	たかお
孝美	たかみ
孝良	たかよし
孝蔵	こうぞう
孝裕	たかひろ
孝輔	たかすけ
孝道	こうどう
孝雄	たかお
孟司	たけし
季子	としこ
季実子	きみこ
孤城	こじょう
学修	がくしゅう
学園中	がくえんなか
学園前	がくえんまえ
学園都市線	がくえんとしせん
学堂	がくどう
学研	がっけん
学研都市線	がっけんとしせん
学習院大学	がくしゅういんだいがく
学苑	がくえん
孫崎	まごさき
孫市	まごいち
孫悟空	そんごくう
孫次	まごじ
宅間	たくま
宅麻	たくま
宇一	ういち
宇一郎	ういちろう
宇久	うく
宇井	うい
宇佐	うさ
宇佐木	うさき
宇佐美	うさみ
宇佐見	うさみ
宇内	うない
宇出津	うしつ
宇和	うわ
宇和島	うわしま
宇品	うじな
宇品線	うじなせん
宇喜多	うきた
宇土	うと
宇垣	うがき
宇城	うき
宇多	うた
宇多津	うたつ
宇多田	うただ
宇奈月	うなづき
宇宿	うすき
宇山	うやま
宇崎	うざき
宇崎竜童	うざきりゅうどう
宇川	うかわ
宇徳	うとく
宇摩	うま
宇文	うぶん
宇月	うづき
宇木	うき
宇根	うね
宇梶	うかじ
宇検	うけん
宇沢	うさわ
宇治	うじ
宇治山田	うじやまだ
宇治川	うじがわ
宇治橋	うじはし
宇治田原	うじたわら
宇治線	うじせん
宇波	うなみ
宇津	うづ
宇津井	うつい
宇津木	うつぎ
宇海	ううみ
宇田	うた
宇田川	うだがわ
宇目	うめ
宇美	うみ
宇良	うら
宇藤	うとう
宇賀	うが
宇賀神	うがじん
宇迦	うか
宇造	うぞう
宇部	うべ
宇部新川	うべしんかわ
宇部線	うべせん
宇都	うつ
宇都宮	うつのみや
宇都宮大学	うつのみやだいがく
宇都宮線	うつのみやせん
宇野	うの
宇野線	うのせん
宇陀	うだ
宇高	うこう
守一	もりいち
守口	もりぐち
守安	もりやす
守屋	もりや
守山	もりやま
守弘	もりひろ
守恒	もりつね
守田	もりた
守矢	もりや
守谷	もりや
守道	もりみち
安中	あんなか
安丸	やすまる
安久	あく
安井	やすい
安代	あしろ
安佐	あさ
安佐北	あさきた
安佐南	あさみなみ
安信	やすのぶ
安倍	あべ
安倍川	あべかわ
安倍晴明	あべせいめい
安八	あんぱち
安兵衛	やすべえ
安則	やすのり
安原	やすはら
安吉	やすきち
安吾	あんご
安善	あんぜん
安国寺	あんこくじ
安土	あずち
安在	あんざい
安城	あんじょう
安堂	あんどう
安塚	やすづか
安太郎	やすたろう
安奈	あんな
安子	やすこ
安孫子	あびこ
安宅	あんたく
安室	あむろ
安富	やすとみ
安寧	あんねい
安岐	あき
安岡	やすおか
安島	あんしま
安川	やすかわ
安川電機	やすかわでんき
安平	あびら
安座間	あざま
安康	あんこう
安弘	やすひろ
安彦	やすひこ
安徳	あんとく
安徳天皇	あんとくてんのう
安徽	あんき
安心院	あじむ
安房	あわ
安房鴨川	あわかもがわ
安政	あんせい
安斉	あんざい
安斎	あんざい
安曇	あずみ
安曇川	あどがわ
安木	やすき
安本	やすもと
安村	やすむら
安来	やすぎ
安東	あんとう
安松	やすまつ
安枝	やすえ
安武	やすたけ
安比	あっぴ
安比高原	あっぴこうげん
安永	やすなが
安江	やすえ
安治	やすじ
安浦	やすうら
安濃	あのう
安田	やすだ
安福	やすふく
安積	あさか
安立	あだち
安納	やすのう
安美	やすみ
安芸津	あきつ
安茂里	あもり
安藤	あんどう
安行	あんぎょう
安衛	やすえ
安西	あんざい
安見	やすみ
安達	あだち
安達太良山	あだたらやま
安部	あべ
安里	あさと
安野	あんの
安閑	あんかん
安間	あんま
安陽	あんよう
安食	あぐい
安養寺	あんようじ
安齋	あんざい
完二	かんじ
宍倉	ししくら
宍戸	ししど
宍粟	しそう
宍道	しんじ
宍道湖	しんじこ
宏一	こういち
宏之	ひろゆき
宏人	ひろと
宏伸	ひろのぶ
宏保	ひろやす
宏光	ひろみつ
宏典	ひろのり
宏史	ひろし
宏司	ひろし
宏和	ひろかず
宏子	ひろこ
宏幸	ひろゆき
宏志	ひろし
宏文	ひろふみ
宏昌	ひろまさ
宏明	ひろあき
宏樹	ひろき
宏次	こうじ
宏治	こうじ
宏紀	ひろき
宏美	ひろみ
宏行	ひろゆき
宗一	そういち
宗久	むねひさ
宗之	むねゆき
宗像	むなかた
宗全	そうぜん
宗右衛門	そうえもん
宗吉	そうきち
宗吾	そうご
宗吾参道	そうごさんどう
宗室	そうしつ
宗岡	むねおか
宗方	むなかた
宗春	むねはる
宗次郎	そうじろう
宗男	むねお
宗矩	むねのり
宗祇	そうぎ
宗良親王	むねよししんのう
宗谷	そうや
宗谷本線	そうやほんせん
宗雄	むねお
宗麟	そうりん
官兵衛	かんべえ
官有	かんゆう
定一	ていいち
定信	さだのぶ
定子	さだこ
定家	さだいえ
定山渓	じょうざんけい
定峰	さだみね
定理	ていり
定綱	さだつな
定雄	さだお
宜保	ぎぼ
宜野座	ぎのざ
宜野湾	ぎのわん
宝井	たからい
宝剣	ほうけん
宝塚	たからづか
宝塚劇場	たからづかげきじょう
宝塚歌劇団	たからづかかげきだん
宝山	ほうざん
宝島	たからしま
宝川	たからがわ
宝来	ほうらい
宝殿	ほうでん
宝永	ほうえい
宝生	ほうしょう
宝田	たからだ
宝町	たからまち
宝蔵	ほうぞう
実和子	みわこ
実咲	みさき
実定	さねさだ
実希	みき
実彦	さねひこ
実松	さねまつ
実果	みか
実業之日本社	じつぎょうのにほんしゃ
実生	みしょう
実相寺	じっそうじ
実相院	じっそういん
実穂	みほ
実篤	さねあつ
実籾	みもみ
実紀	みき
実花	みか
実践女子大学	じっせんじょしだいがく
実里	みさと
客殿	きゃくでん
宣之	のぶゆき
宣子	のぶこ
宣彦	のぶひこ
宣明	のぶあき
宣行	のぶゆき
宣長	のりなが
宣雄	のぶお
室井	むろい
室伏	むろふし
室原	むろはら
室屋	むろや
室山	むろやま
室戸	むろと
室戸岬	むろとみさき
室津	むろつ
室生	むろう
室田	むろた
室蘭	むろらん
室蘭本線	むろらんほんせん
室見	むろみ
室谷	むろや
室賀	むろが
宮下	みやした
宮之城	みやのじょう
宮之浦	みやのうら
宮井	みやい
宮代	みやしろ
宮元	みやもと
宮入	みやいり
宮内	みやうち
宮前	みやまえ
宮前平	みやまえだいら
宮北	みやきた
宮南	みやみなみ
宮原	みやはら
宮口	みやぐち
宮古	みやこ
宮台	みやだい
宮吉	みやよし
宮国	みやくに
宮園	みやぞの
宮地	みやぢ
宮坂	みやさか
宮城	みやぎ
宮城野	みやぎの
宮子	みやこ
宮守	みやもり
宮寺	みやでら
宮小路	みやこうじ
宮尾	みやお
宮山	みややま
宮岡	みやおか
宮島	みやじま
宮島線	みやじません
宮崎	みやざき
宮崎公立大学	みやざきこうりつだいがく
宮崎台	みやざきだい
宮崎大学	みやざきだいがく
宮嶋	みやじま
宮川	みやがわ
宮木	みやき
宮本	みやもと
宮村	みやむら
宮東	みやひがし
宮森	みやもり
宮武	みやたけ
宮永	みやなが
宮沢	みやざわ
宮河	みやがわ
宮治	みやじ
宮津	みやづ
宮浦	みやうら
宮澤	みやざわ
宮瀬	みやせ
宮田	みやた
宮脇	みやわき
宮腰	みやこし
宮藤	くどう
宮西	みやにし
宮谷	みやたに
宮越	みやごし
宮路	みやじ
宮迫	みやさこ
宮部	みやべ
宮里	みやざと
宮野	みやの
宮間	みやま
家並	いえなみ
家久	いえひさ
家光	いえみつ
家城	いえしろ
家守	かもり
家定	いえさだ
家山	いえやま
家島	いえしま
家康	いえやす
家持	いえもち
家斉	いえなり
家村	いえむら
家次	いえつぐ
家永	いえなが
家治	いえはる
家田	いえだ
家綱	いえつな
家茂	いえもち
家重	いえしげ
家門	かもん
容保	かたもり
容子	ようこ
宿毛	すくも
宿河原	しゅくがわら
宿禰	すくね
宿院	しゅくいん
寂聴	じゃくちょう
寄合	よりあい
寄居	よりい
寄附	きふ
寅之助	とらのすけ
寅吉	とらきち
寅彦	とらひこ
寅次郎	とらじろう
寅泰	ともやす
富一	とみいち
富三郎	とみさぶろう
富久	ふく
富井	とみい
富加	とみか
富司	とみじ
富合	とみあい
富吉	とみきち
富塚	とみつか
富士	ふじ
富士吉田	ふじよしだ
富士塚	ふじづか
富士大	ふじだい
富士夫	ふじお
富士子	ふじこ
富士宮	ふじのみや
富士屋	ふじや
富士川	ふじがわ
富士急	ふじきゅう
富士本	ふじもと
富士男	ふじお
富士美	ふじみ
富士見	ふじみ
富士見台	ふじみだい
富士見書房	ふじみしょぼう
富士通	ふじつう
富士重工	ふじじゅうこう
富士銀行	ふじぎんこう
富太郎	とみたろう
富夫	とみお
富子	とみこ
富小路	とみのこうじ
富山	とやま
富山大学	とやまだいがく
富山湾	とやまわん
富山駅前	とやまえきまえ
富岡	とみおか
富岡八幡宮	とみおかはちまんぐう
富島	とみしま
富崎	とみさき
富川	とみかわ
富市	とみいち
富有	ふゆう
富木	とみき
富本	とみもと
富松	とみまつ
富栄	とみえ
富樫	とがし
富永	とみなが
富江	とみえ
富沢	とみざわ
富津	ふっつ
富浦	とみうら
富澤	とみざわ
富田	とみた
富竹	とみたけ
富美	ふみ
富美子	ふみこ
富美男	とみお
富良野	ふらの
富良野線	ふらのせん
富谷	とみや
富里	とみさと
富野	とみの
富雄	とみお
寒川	さむかわ
寒月	かんげつ
寒梅	かんばい
寒河江	さがえ
寒竹	かんちく
寒風山	かんぷうざん
寛一	かんいち
寛之	ひろゆき
寛人	ひろと
寛仁	かんじん
寛子	ひろこ
寛文	ひろふみ
寛斎	かんさい
寛明	ひろあき
寛樹	ひろき
寛次郎	かんじろう
寛永	かんえい
寛治	かんじ
寛美	かんみ
寝屋	ねや
寝屋川	ねやがわ
寧子	やすこ
審美	しんび
寵児	ちょうじ
寺下	てらした
寺中	じちゅう
寺井	てらい
寺内	てらうち
寺前	てらまえ
寺原	てらはら
寺口	てらぐち
寺地	てらち
寺坂	てらさか
寺宝	じほう
寺家	じけ
寺尾	てらお
寺山	てらやま
寺岡	てらおか
寺島	てらしま
寺崎	てらさき
寺嶋	てらしま
寺川	てらかわ
寺師	てらし
寺平	てらだいら
寺戸	てらと
寺本	てらもと
寺村	てらむら
寺沢	てらさわ
寺泊	てらどまり
寺洞	てらほら
寺澤	てらさわ
寺田	てらだ
寺町	てらまち
寺脇	てらわき
寺西	てらにし
寺谷	てらたに
寺門	てらかど
寺領	じりょう
対馬	つしま
対馬海峡	つしまかいきょう
寿一	としかず
寿之	としゆき
寿人	ひさと
寿史	ひさし
寿和	としかず
寿太郎	じゅたろう
寿夫	としお
寿子	ひさこ
寿彦	としひこ
寿恵	ひさえ
寿男	としお
寿郎	としお
寿都	すっつ
寿雄	としお
専一	せんいち
専修大学	せんしゅうだいがく
射場	いば
射手	いて
射水	いみず
将一	しょういち
将之	まさゆき
将人	まさと
将司	しょうじ
将士	しょうし
将太	しょうた
将彦	まさひこ
将監	しょうげん
将門	まさかど
尊徳	そんとく
尊氏	たかうじ
尋子	ひろこ
對馬	つしま
小三郎	こさぶろう
小中	こなか
小串	おぐし
小丸	こまる
小久保	こくぼ
小五郎	こごろう
小代	しょうだい
小佐野	おさの
小俣	おまた
小倉	おぐら
小内	おない
小出	こいで
小前	こまえ
小剣	しょうけん
小千谷	おじや
小南	こみなみ
小原	こはら
小又	おまた
小友	おとも
小台	おだい
小史	しょうし
小吉	しょうきち
小名木	おなぎ
小名浜	おなはま
小向	こむかい
小吹	おぶき
小和田	おわだ
小四郎	こしろう
小園	こぞの
小坂	こさか
小坂井	こざかい
小坪	こつぼ
小城	おぎ
小堀	こぼり
小塚	こづか
小塩	こしお
小夏	こなつ
小夜	さよ
小夜子	さよこ
小夜曲	さよきょく
小太刀	こだち
小太郎	こたろう
小姓	こしょう
小字	こあざ
小学館	しょうがくかん
小室	こむろ
小宮	こみや
小宮山	こみやま
小寺	こでら
小尾	おび
小屋浦	こやうら
小山内	おさない
小山台	こやまだい
小山田	おやまだ
小岩	こいわ
小岩井	こいわい
小峠	ことうげ
小峯	こみね
小峰	こみね
小崎	おざき
小嵐	こがらし
小嶋	こじま
小嶺	こみね
小巻	こまき
小市	こいち
小布施	おぶせ
小幡	おばた
小平	こだいら
小形	こがた
小径	こみち
小戸	おど
小手川	こてがわ
小手指	こてさし
小方	おがた
小日向	おびなた
小早川	こばやかわ
小暮	こぐれ
小月	おづき
小朝	こあさ
小木	おぎ
小木曽	おぎそ
小本	こもと
小机	こづくえ
小杉	こすぎ
小村	こむら
小松	こまつ
小松原	こまつばら
小松島	こまつしま
小松崎	こまつざき
小松川	こまつがわ
小松田	こまつだ
小松製作所	こまつせいさくしょ
小板橋	こいたばし
小林	こばやし
小柳	おやなぎ
小柴	こしば
小栗	おぐり
小桃	こもも
小梅	こうめ
小梨	こなし
小森	こもり
小椋	おぐら
小楠	しょうなん
小樽	おたる
小樽商科大学	おたるしょうかだいがく
小橋	こばし
小次郎	こじろう
小此木	おこのぎ
小比類巻	こひるいまき
小池	こいけ
小沢	おざわ
小河	おがわ
小河内	おがうち
小河原	おがわら
小沼	こぬま
小泉	こいずみ
小泊	こどまり
小波	こなみ
小津	おづ
小浜	おばま
小浜線	おばません
小浦	こうら
小海線	こうみせん
小渕	おぶち
小渡	こわたり
小湊	こみなと
小滝	おたき
小潮	こしお
小澤	おざわ
小瀬	おぜ
小熊	こぐま
小牛田	こごた
小牧	こまき
小牧線	こまきせん
小玉	こだま
小田	おだ
小田井	おだい
小田切	おだぎり
小田原	おだわら
小田島	おだじま
小田嶋	おだじま
小田川	おだがわ
小田急	おだきゅう
小田急相模原	おだきゅうさがみはら
小田桐	おだぎり
小田部	おたべ
小畑	おばた
小番	こつがい
小白川	こしらかわ
小矢部	おやべ
小石原	こいしわら
小石川	こいしかわ
小磯	こいそ
小祝	こいわい
小禄	おろく
小穴	おあな
小竹	こたけ
小竹向原	こたけむかいはら
小笠	おがさ
小笠原	おがさわら
小笹	おざさ
小糸	こいと
小紋	こもん
小網	こあみ
小織	さおり
小股	こまた
小脇	こわき
小船	おぶね
小芝	こしば
小花	こばな
小茂根	こもね
小菅	こすげ
小菊	こぎく
小袋	こぶくろ
小西	こにし
小見	おみ
小見山	こみやま
小見川	おみがわ
小角	こすみ
小諸	こもろ
小谷	こたに
小谷野	こやの
小豆島	しょうずしま
小豆沢	あずさわ
小貝川	こかいがわ
小貫	おぬき
小越	おこし
小郡	おごおり
小郷	おごう
小里	おざと
小野	おの
小野原	おのはら
小野塚	おのづか
小野寺	おのでら
小野川	おのかわ
小野木	おのき
小野瀬	おのせ
小野田	おのだ
小野篁	おのたかむら
小野里	おのさと
小金井	こがねい
小針	こはり
小錦	こにしき
小長井	こながい
小門	おかど
小間	こま
小間物	こまもの
小関	おぜき
小阪	こさか
小須田	こすだ
小頭	こがしら
小首	こくび
小高	おだか
小鳩	こばと
小鶴	こづる
小鷹	こたか
小鹿	こじか
小鹿野	おがの
小黒	おぐろ
少林寺	しょうりんじ
少路	しょうじ
尖閣	せんかく
尚也	なおや
尚人	ひさと
尚史	たかし
尚吾	しょうご
尚子	なおこ
尚希	なおき
尚弥	なおや
尚彦	なおひこ
尚志	たかし
尚文	なおふみ
尚武	なおたけ
尚生	ひさお
尚登	ひさと
尚紀	なおき
尚美	なおみ
尚貴	なおき
尚輝	なおき
尚道	なおみち
尚雄	ひさお
尺土	しゃくど
尻手	しって
尼子	あまこ
尼寺	あまでら
尼崎	あまがさき
尾上	おのえ
尾中	おなか
尾久	おく
尾仲	おなか
尾原	おはら
尾城	おしろ
尾大	びだい
尾山	おやま
尾山台	おやまだい
尾島	おじま
尾崎	おざき
尾川	おがわ
尾張	おわり
尾張旭	おわりあさひ
尾形	おがた
尾浜	おはま
尾瀬	おぜ
尾田	おだ
尾白	おじろ
尾神	おかみ
尾美	おみ
尾羽	おば
尾花	おばな
尾花沢	おばなざわ
尾藤	びとう
尾西	びさい
尾西線	びさいせん
尾谷	おたに
尾身	おみ
尾車	おぐるま
尾辻	おつじ
尾道	おのみち
尾野	おの
尾長	おなが
尾関	おぜき
尾高	おだか
尾鷲	おわせ
居中	きょちゅう
居合	いあい
居島	いじま
居村	いむら
屈原	くつげん
屈斜路	くっしゃろ
屈斜路湖	くっしゃろこ
屋久	やく
屋久島	やくしま
屋代	やしろ
屋城	やしろ
屋山	ややま
屋島	やしま
屋形	やかた
屋比久	やびく
屋良	やら
屏風岩	びょうぶいわ
層雲峡	そううんきょう
履正	りせい
屯田	とんでん
山一	やまいち
山一證券	やまいちしょうけん
山下	やました
山並	やまなみ
山中	さんちゅう
山中湖	やまなかこ
山之内	やまのうち
山之口	やまのくち
山井	やまい
山代	やましろ
山代温泉	やましろおんせん
山仲	やまなか
山倉	やまくら
山側	やまがわ
山先	やまさき
山内	やまうち
山出	やまで
山北	さんぽく
山南	さんなん
山原	やまはら
山口	やまぐち
山口大学	やまぐちだいがく
山古志	やまこし
山吉	やまきち
山咲	やまざき
山善	やまぜん
山喜	やまき
山坂	やまさか
山城	やましろ
山場	やまば
山大	やまだい
山女	やまめ
山守	やまもり
山室	やまむろ
山宮	さんぐう
山尾	やまお
山居	さんきょ
山屋	やまや
山山	やまやま
山岡	やまおか
山岸	やまぎし
山崎	やまざき
山師	やまし
山平	やまひら
山形大	やまがただい
山形大学	やまがただいがく
山形屋	やまがたや
山彦	やまびこ
山戸	やまと
山折	やまおり
山方	やまかた
山月	さんげつ
山木	やまき
山本	やまもと
山本山	やまもとやま
山東	さんとう
山根	やまね
山梨	やまなし
山梨大学	やまなしだいがく
山梨学院大学	やまなしがくいんだいがく
山森	やまもり
山武	さんぶ
山江	やまえ
山沖	やまおき
山沢	やまさわ
山波	やまなみ
山浦	やまうら
山添	やまぞえ
山澤	やまさわ
山瀬	やませ
山王	さんのう
山理	やまり
山田	やまだ
山田野	やまだの
山県	やまがた
山科	やましな
山縣	やまがた
山羊	やぎ
山脇	やまわき
山花	やまはな
山茶花	さざんか
山裾	やますそ
山西	やまにし
山見	やまみ
山谷	やまたに
山賀	やまが
山越	やまこし
山辺	やまべ
山部	やまべ
山郷	やまごう
山都	やまと
山野井	やまのい
山野辺	やまのべ
山陰本線	さんいんほんせん
山陽新幹線	さんようしんかんせん
山陽本線	さんようほんせん
山陽自動車道	さんようじどうしゃどう
山階	やましな
山頭火	さんとうか
山風	やまかぜ
山香	やまが
山高	やまたか
山高原	やまたかはら
山鳥	やまどり
山鳩	やまばと
山鹿	やまが
山鼻線	やまはなせん
岐南	ぎなん
岐山	きざん
岐阜大学	ぎふだいがく
岐阜薬科大学	ぎふやっかだいがく
岐阜駅前	ぎふえきまえ
岡三	おかさん
岡井	おかい
岡倉	おかくら
岡元	おかもと
岡南	こうなん
岡原	おかはら
岡口	おかぐち
岡垣	おかがき
岡場	おかば
岡安	おかやす
岡屋	おかや
岡山	おかやま
岡山大学	おかやまだいがく
岡山理科大学	おかやまりかだいがく
岡島	おかじま
岡崎	おかざき
岡嶋	おかじま
岡庭	おかにわ
岡本	おかもと
岡村	おかむら
岡東	おかひがし
岡林	おかばやし
岡江	おかえ
岡沢	おかざわ
岡田	おかだ
岡町	おかちょう
岡谷	おかや
岡部	おかべ
岡野	おかの
岩上	いわかみ
岩下	いわした
岩中	いわなか
岩井	いわい
岩代	いわしろ
岩佐	いわさ
岩作	いわさく
岩倉	いわくら
岩元	いわもと
岩内	いわない
岩出	いわで
岩出山	いわでやま
岩切	いわきり
岩原	いわはら
岩吉	いわきち
岩名	いわな
岩国	いわくに
岩坂	いわさか
岩垂	いわたれ
岩城	いわき
岩塚	いわつか
岩室	いわむろ
岩尾	いわお
岩岡	いわおか
岩岳	いわだけ
岩島	いわしま
岩崎	いわさき
岩川	いわかわ
岩手	いわて
岩手医科大学	いわていかだいがく
岩手大学	いわてだいがく
岩手山	いわてやま
岩月	いわつき
岩木	いわき
岩本	いわもと
岩村	いわむら
岩村田	いわむらだ
岩松	いわまつ
岩根	いわね
岩槻	いわつき
岩橋	いわはし
岩殿	いわどの
岩永	いわなが
岩沢	いわさわ
岩沼	いわぬま
岩泉	いわいずみ
岩泉線	いわいずみせん
岩波	いわなみ
岩波書店	いわなみしょてん
岩津	いわつ
岩浪	いわなみ
岩淵	いわぶち
岩清水	いわしみず
岩渕	いわぶち
岩澤	いわさわ
岩瀬	いわせ
岩田	いわた
岩男	いわお
岩神	いわかみ
岩立	いわたち
岩美	いわみ
岩舟	いわふね
岩船	いわふね
岩花	いわはな
岩見	いわみ
岩見沢	いわみざわ
岩谷	いわたに
岩谷産業	いわたにさんぎょう
岩部	いわべ
岩野	いわの
岩隈	いわくま
岩魚	いわな
岳夫	たけお
岳山	だけやま
岳彦	たけひこ
岳志	たけし
岸井	きしい
岸和田	きしわだ
岸川	きしかわ
岸本	きしもと
岸根	きしね
岸根公園	きしねこうえん
岸波	きしなみ
岸田	きしだ
岸谷	きしたに
岸部	きしべ
岸里	きしのさと
岸野	きしの
峯子	みねこ
峯山	みねやま
峯岸	みねぎし
峯村	みねむら
峯田	みねた
峰子	みねこ
峰山	みねやま
峰岸	みねぎし
峰田	みねた
峰雄	みねお
島中	しまなか
島倉	しまくら
島原	しまばら
島地	しまち
島尻	しましり
島尾	しまお
島屋	しまや
島山	しまやま
島岡	しまおか
島崎	しまざき
島川	しまかわ
島影	しまかげ
島木	しまき
島本	しまもと
島村	しまむら
島松	しままつ
島根大学	しまねだいがく
島津	しまづ
島津製作所	しまづせいさくしょ
島牧	しままき
島田	しまだ
島町	しままち
島袋	しまぶくろ
島谷	しまたに
島貫	しまぬき
島野	しまの
崇史	たかし
崇志	たかし
崋山	かざん
崎元	さきもと
崎山	さきやま
崎本	さきもと
崎浜	さきはま
崎田	さきた
崎谷	さきや
嵐山	あらしやま
嵐山本線	あらしやまほんせん
嵐山線	あらしやません
嵩山	すせ
嵯峨	さが
嵯峨天皇	さがてんのう
嵯峨野	さがの
嵯峨野線	さがのせん
嶋崎	しまざき
嶋本	しまもと
嶋村	しまむら
嶋津	しまづ
嶋田	しまだ
嶋野	しまの
嶺二	れいじ
嶺井	みねい
嶺岸	みねぎし
嶽山	だけやま
川並	かわなみ
川中	かわなか
川久保	かわくぼ
川之江	かわのえ
川井	かわい
川俣	かわまた
川元	かわもと
川先	かわさき
川内	かわうち
川出	かわで
川副	かわふく
川勝	かわかつ
川北	かわきた
川南	かわみなみ
川原	かわら
川又	かわまた
川口	かわぐち
川合	かわい
川名	かわな
川向	かわむかい
川和	かわわ
川場	かわば
川奈	かわな
川島	かわしま
川崎大師	かわさきだいし
川崎球場	かわさききゅうじょう
川崎重工業	かわさきじゅうこうぎょう
川嶋	かわしま
川平	かわだいら
川床	かわどこ
川戸	かわと
川手	かわて
川方	かわかた
川本	かわもと
川村	かわむら
川東	かわとう
川根	かわね
川棚	かわたな
川棚温泉	かわたなおんせん
川治	かわじ
川津	かわつ
川浜	かわはま
川淵	かわぶち
川添	かわぞえ
川渕	かわぶち
川渡	かわたび
川湯温泉	かわゆおんせん
川満	かわみつ
川澄	かわすみ
川田	かわだ
川町	かわまち
川畑	かわばた
川登	かわのぼり
川相	かわい
川筋	かわすじ
川縁	かわぶち
川船	かわふね
川菜	かわな
川藤	かわとう
川西	かわにし
川西能勢口	かわにしのせぐち
川見	かわみ
川谷	かわたに
川越	かわごえ
川越線	かわごえせん
川邊	かわべ
川部	かわべ
川野	かわの
川音	かわおと
川高	かわたか
川鶴	かわつる
巣山	すやま
巣鴨	すがも
工学院大学	こうがくいんだいがく
工藤	くどう
左京	さきょう
左千夫	さちお
左右吉	そうきち
左右田	そうだ
左沢線	あてらざわせん
左義長	さぎちょう
左衛門	ざえもん
左衛門尉	さえもんのじょう
左近	さこん
左門	さもん
巨勢	こせ
巨峰	きょほう
巨泉	きょせん
己斐	こい
巳之助	みのすけ
巳喜男	みきお
巻子	まきこ
市ヶ谷	いちがや
市丸	いちまる
市來	いちき
市兵衛	いちべえ
市原	いちはら
市子	いちこ
市山	いちやま
市岡	いちおか
市島	いちじま
市川	いちかわ
市川大門	いちかわだいもん
市川真間	いちかわまま
市役所前	しやくしょまえ
市朗	いちろう
市木	いちき
市村	いちむら
市来	いちき
市松	いちまつ
市橋	いちはし
市毛	いちげ
市河	いちかわ
市瀬	いちのせ
市田	いちだ
市谷	いちがや
市貝	いちかい
市郎	いちろう
市野	いちの
布佐	ふさ
布子	ぬのこ
布屋	ぬのや
布川	ふかわ
布引	ぬのびき
布忍	ぬのせ
布田	ふだ
布良	めら
布袋	ほてい
布野	ふの
帆柱	ほばしら
帆足	ほあし
希一	きいち
希世	まれよ
希乃	きの
希典	まれすけ
希子	のりこ
希志	きし
希有	けう
希林	きりん
希美	きみ
帖佐	ちょうさ
帚木	ははきぎ
帝京	ていきょう
帝京大	ていきょうだい
帝京大学	ていきょうだいがく
帝京平成大学	ていきょうへいせいだいがく
帝人	ていじん
帝劇	ていげき
帝塚山	てづかやま
帝釈	たいしゃく
帝釈天	たいしゃくてん
帝釈峡	たいしゃくきょう
師岡	もろおか
帯刀	たいとう
帯屋	おびや
帯広	おびひろ
帯広畜産大学	おびひろちくさんだいがく
帰一	きいち
帷子	かたびら
常一	つねいち
常三郎	つねさぶろう
常世	とこよ
常住	じょうじゅう
常光	じょうこう
常吉	つねきち
常呂	ところ
常夫	つねお
常子	つねこ
常山	じょうざん
常幸	つねゆき
常木	つねき
常本	つねもと
常松	つねまつ
常楽	じょうらく
常滑	とこなめ
常滑線	とこなめせん
常田	つねた
常盤	ときわ
常盤台	ときわだい
常盤平	ときわだいら
常石	つねいし
常磐	じょうばん
常磐線	じょうばんせん
常総線	じょうそうせん
常葉	ときわ
常見	つねみ
常長	つねなが
常陸	ひたち
常陸多賀	ひたちたが
常陸太田	ひたちおおた
常陸宮	ひたちのみや
常陽	じょうよう
常雄	つねお
幌加内	ほろかない
幌延	ほろのべ
幌泉	ほろいずみ
幕別	まくべつ
幕張	まくはり
幕張本郷	まくはりほんごう
幡多	はた
幡豆	はず
幡野	はたの
干場	ほしば
平中	ひらなか
平丸	ひらまる
平井	ひらい
平八	へいはち
平八郎	へいはちろう
平内	ひらない
平凡社	へいぼんしゃ
平出	ひらで
平助	へいすけ
平取	ひらとり
平口	ひらぐち
平台	ひらだい
平吉	へいきち
平和堂	へいわどう
平坂	ひらさか
平城	なら
平場	ひらば
平塚	ひらつか
平塩	たいらしお
平太	へいた
平太郎	へいたろう
平子	ひらこ
平安京	へいあんきょう
平尾	ひらお
平尾台	ひらおだい
平屋	ひらや
平山	ひらやま
平岡	ひらおか
平岩	ひらいわ
平岸	ひらぎし
平島	ひらしま
平嶋	ひらしま
平川	ひらかわ
平形	ひらかた
平戸	ひらど
平木	ひらき
平本	ひらもと
平松	ひらまつ
平林	ひらばやし
平柳	ひらやなぎ
平次	へいじ
平沢	ひらさわ
平河	ひらかわ
平治	へいじ
平沼	ひらぬま
平泉	ひらいずみ
平海	ひらうみ
平清盛	たいらのきよもり
平湯	ひらゆ
平澤	ひらさわ
平瀬	ひらせ
平田	ひらた
平目	ひらめ
平石	ひらいし
平磯	ひらいそ
平等院	びょうどういん
平米	へいべい
平織	ひらおり
平群	へぐり
平良	たいら
平蔵	へいぞう
平谷	ひらたに
平賀	ひらが
平針	ひらばり
平鍋	ひらなべ
平間	ひらま
年年	ねんねん
年春	としはる
年貢	ねんぐ
幸一	こういち
幸一郎	こういちろう
幸三	こうぞう
幸世	ゆきよ
幸乃	ゆきの
幸久	ゆきひさ
幸之助	こうのすけ
幸也	ゆきや
幸二	こうじ
幸人	ゆきと
幸代	ゆきよ
幸司	こうじ
幸吉	こうきち
幸和	ゆきかず
幸喜	ゆきよし
幸四郎	こうしろう
幸太郎	こうたろう
幸夫	ゆきお
幸子	ゆきこ
幸宏	ゆきひろ
幸平	こうへい
幸広	ゆきひろ
幸弘	ゆきひろ
幸彦	ゆきひこ
幸徳	こうとく
幸恵	ゆきえ
幸成	ゆきなり
幸手	さって
幸文	たかふみ
幸春	ゆきはる
幸村	ゆきむら
幸枝	ゆきえ
幸次	こうじ
幸次郎	こうじろう
幸江	ゆきえ
幸治	こうじ
幸洋	こうよう
幸生	こうせい
幸田	こうだ
幸男	ゆきお
幸美	ゆきみ
幸輝	ゆきてる
幸野	こうの
幸隆	ゆきたか
幸雄	ゆきお
幹久	もとひさ
幹也	みきや
幹二朗	みきじろう
幹人	みきひと
幹太	かんた
幹夫	みきお
幹子	みきこ
幹生	みきお
幹男	みきお
幹郎	みきお
幹雄	みきお
幻冬舎	げんとうしゃ
幽斎	ゆうさい
幽玄	ゆうげん
幽谷	ゆうこく
幽香	ゆうこう
幾三	いくぞう
幾久	きく
幾多郎	きたろう
広中	ひろなか
広之	ひろゆき
広井	ひろい
広人	ひろと
広光	ひろみつ
広務	ひろむ
広口	ひろくち
広司	ひろし
広吉	ひろきち
広和	ひろかず
広太	ひろた
広子	ひろこ
広実	ひろみ
広宣	ひろのぶ
広小路	ひろこうじ
広尾	ひろお
広岡	ひろおか
広島修道大学	ひろしましゅうどうだいがく
広島国際大学	ひろしまこくさいだいがく
広島大学	ひろしまだいがく
広島空港	ひろしまくうこう
広川	ひろかわ
広平	こうへい
広幸	ひろゆき
広志	ひろし
広明	ひろあき
広木	ひろき
広末	ひろすえ
広栄	ひろえ
広樹	ひろき
広橋	ひろはし
広江	ひろえ
広沢	ひろさわ
広河原	ひろがわら
広治	ひろじ
広津	ひろつ
広瀬	ひろせ
広瀬川	ひろせがわ
広田	ひろた
広畑	ひろはた
広石	ひろいし
広美	ひろみ
広行	ひろゆき
広西	こうせい
広見	ひろみ
広見線	ひろみせん
広辞苑	こうじえん
広重	ひろしげ
広陵	こうりょう
広隆寺	こうりゅうじ
庄一	しょういち
庄三郎	しょうざぶろう
庄内	しょうない
庄内平野	しょうないへいや
庄内通	しょうないとおり
庄助	しょうすけ
庄原	しょうばら
庄司	しょうじ
庄和	しょうわ
庄太郎	しょうたろう
庄子	しょうじ
庄川	しょうがわ
庄村	しょうむら
庄田	しょうだ
庄野	しょうの
床山	とこやま
床嶋	とこしま
庖丁	ほうちょう
店屋	てんや
庚申	こうしん
府中	ふちゅう
府中本町	ふちゅうほんまち
府内	ふない
度会	わたらい
座主	ざす
座間	ざま
座間味	ざまみ
庭山	にわやま
庭瀬	にわせ
庭野	にわの
庵原	いはら
庵治	あじ
康一	こういち
康之	やすゆき
康二	やすじ
康人	やすと
康光	やすみつ
康則	やすのり
康博	やすひろ
康友	やすとも
康史	やすし
康司	こうじ
康太郎	こうたろう
康夫	やすお
康子	やすこ
康孝	やすたか
康宏	やすひろ
康平	こうへい
康幸	やすゆき
康広	やすひろ
康弘	やすひろ
康彦	やすひこ
康徳	やすのり
康志	やすし
康成	やすなり
康政	やすまさ
康文	やすふみ
康明	やすあき
康晴	やすはる
康次郎	やすじろう
康正	やすまさ
康江	やすえ
康治	こうじ
康浩	やすひろ
康生	やすお
康男	やすお
康祐	こうすけ
康秀	やすひで
康範	やすのり
康行	やすゆき
康貴	やすたか
康隆	やすたか
康雄	やすお
庸介	ようすけ
庸子	ようこ
廃人	はいじん
廃水	はいすい
廉太郎	れんたろう
廣川	ひろかわ
廣瀬	ひろせ
廣田	ひろた
延喜	えんぎ
延寿	えんじゅ
延岡	のべおか
建一	けんいち
建夫	たてお
建治	けんじ
建礼門院	けんれいもんいん
建部	たてべ
廻船	かいせん
廿日市	はつかいち
弁別	べんべつ
弁天島	べんてんしま
弁護士会館	べんごしかいかん
弁財天	べんざいてん
式内	しきない
弐番	にばん
弓削	ゆげ
弓子	ゆみこ
弓弦	ゆずる
弓月	ゆずき
弓木	ゆみき
弓枝	ゆみえ
弓田	ゆだ
引下	ひきさげ
引佐	いなさ
引地	ひきち
引坂	ひきさか
引戸	ひきど
引田	ひきた
引越	ひっこし
弘一	こういち
弘中	ひろなか
弘之	ひろゆき
弘二	こうじ
弘人	ひろと
弘光	ひろみつ
弘前	ひろさき
弘前大学	ひろさきだいがく
弘史	ひろし
弘司	ひろし
弘吉	ひろきち
弘和	こうわ
弘喜	ひろき
弘子	ひろこ
弘安	ひろやす
弘幸	ひろゆき
弘志	ひろし
弘文	ひろふみ
弘昌	ひろまさ
弘明	ひろあき
弘樹	ひろき
弘次	ひろじ
弘毅	ひろき
弘治	こうじ
弘法大師	こうぼうだいし
弘田	ひろた
弘美	ひろみ
弘行	ひろゆき
弘道	ひろみち
弟子屈	てしかが
弥一	やいち
弥七	やしち
弥三郎	やさぶろう
弥二郎	やじろう
弥吉	やきち
弥太	やた
弥太郎	やたろう
弥子	やこ
弥富	やとみ
弥山	みせん
弥平	やへい
弥彦	やひこ
弥彦山	やひこやま
弥彦線	やひこせん
弦巻	げんまき
弦月	げんげつ
張子	はりこ
張本	はりもと
強羅	ごうら
弾正	だんじょう
彌生	やよい
当別	とうべつ
当山	とうやま
当所	とうしょ
当麻	とうま
彦一	ひこいち
彦九郎	ひこくろう
彦八	ひこはち
彦六	ひころく
彦名	ひこな
彦四郎	ひこしろう
彦坂	ひこさか
彦島	ひこしま
彦星	ひこぼし
彦根	ひこね
彩乃	あやの
彩佳	あやか
彩名	あやな
彩夏	あやか
彩子	あやこ
彩木	さいき
彩未	あやみ
彩瀬	あやせ
彩華	あやか
彩雲	さいうん
彩香	あやか
彰一	しょういち
彰久	あきひさ
彰二	しょうじ
彰吾	しょうご
彰子	あきこ
彰宏	あきひろ
彰布	あきのぶ
彰彦	あきひこ
彰晃	しょうこう
彰洋	あきひろ
彰浩	あきひろ
影山	かげやま
影野	かげの
役行者	えんのぎょうじゃ
往古	おうこ
征夫	いくお
征爾	せいじ
征矢	そや
徂徠	そらい
径子	みちこ
待兼山	まちかねやま
律子	りつこ
律師	りっし
後光	ごこう
後免	ごめん
後場	ごば
後家	ごけ
後山	あとやま
後志	しりべし
後楽	こうらく
後楽園	こうらくえん
後水尾天皇	ごみずのおてんのう
後田	うしろだ
後白河天皇	ごしらかわてんのう
後藤	ごとう
後藤寺線	ごとうじせん
後藤田	ごとうだ
後醍醐	ごだいご
後醍醐天皇	ごだいごてんのう
後釜	あとがま
後閑	ごかん
後鳥羽	ごとば
後鳥羽上皇	ごとばじょうこう
徒然草	つれづれぐさ
従道	つぐみち
得丸	とくまる
得能	とくのう
御井	みい
御代	みよ
御代田	みよた
御倉	おぐら
御前	おまえ
御前山	ごぜんやま
御前崎	おまえざき
御剣	みつるぎ
御厨	みくりや
御台	みだい
御器所	ごきそ
御園	みその
御園座	みそのざ
御坂	みさか
御坊	ごぼう
御堂	みどう
御堂筋	みどうすじ
御堂筋線	みどうすじせん
御子	みこ
御子柴	みこしば
御室	おむろ
御家	おいえ
御宿	おんじゅく
御山	おやま
御岳	おんたけ
御崎	みさき
御嵩	みたけ
御巣鷹	おすたか
御影	みかげ
御影石	みかげいし
御成	おなり
御成門	おなりもん
御所野	ごしょの
御手洗	おてあらい
御料	ごりょう
御杖	みつえ
御殿場	ごてんば
御殿山	ごてんやま
御池	おいけ
御法川	みのりかわ
御津	みと
御浜	みはま
御牧	みまき
御物	ぎょぶつ
御簾	みす
御舟	ぎょしゅう
御船	みふね
御蔵	みくら
御蔵島	みくらしま
御行	みゆき
御許	おもと
御調	みつぎ
御酒	みき
御釜	おかま
御門	みかど
御陵	ごりょう
御陵前	ごりょうまえ
復原	ふくはら
徳丸	とくまる
徳久	とくひさ
徳井	とくい
徳光	とくみつ
徳内	とくない
徳力	とくりき
徳地	とくじ
徳大寺	とくだいじ
徳太郎	とくたろう
徳夫	とくお
徳子	のりこ
徳富	とくとみ
徳尾	とくお
徳山	とくやま
徳岡	とくおか
徳島	とくしま
徳島大学	とくしまだいがく
徳川	とくがわ
徳庵	とくあん
徳弘	とくひろ
徳彦	なるひこ
徳本	とくもと
徳次	とくじ
徳次郎	とくじろう
徳武	とくたけ
徳永	とくなが
徳江	とくえ
徳沢	とくさわ
徳治	とくじ
徳田	とくだ
徳留	とくどめ
徳美	とくみ
徳郎	よしお
徳重	とくしげ
徳間	とくま
徳間書店	とくましょてん
徳馬	とくま
徹也	てつや
徹子	てつこ
徹朗	てつろう
徹郎	てつろう
心太	しんた
心子	しんこ
心斎橋	しんさいばし
心斎橋筋	しんさいばしすじ
忌部	いんべ
忌野	いまわの
忍田	おしだ
忍野	おしの
志乃	しの
志位	しい
志保	しほ
志信	しのぶ
志免	しめ
志功	しこう
志和	しわ
志垣	しがき
志太	しだ
志学	しがく
志岐	しき
志布志	しぶし
志帆	しほ
志度	しど
志度線	しどせん
志摩	しま
志摩子	しまこ
志摩線	しません
志方	しかた
志朗	しろう
志木	しき
志村	しむら
志比	しひ
志気	しき
志水	しみず
志波	しば
志波姫	しわひめ
志津	しず
志津子	しずこ
志津川	しずがわ
志津香	しずか
志田	しだ
志知	しち
志穂	しほ
志穂美	しほみ
志紀	しき
志織	しおり
志茂	しも
志藤	しとう
志貴	しき
志賀	しが
志賀高原	しがこうげん
志那	しな
志郎	しろう
志都呂	しとろ
志野	しの
志麻	しま
応挙	おうきょ
応永	おうえい
応神	おうじん
応神天皇	おうじんてんのう
忠一	ちゅういち
忠久	ただひさ
忠之	ただゆき
忠俊	ただとし
忠信	ただのぶ
忠兵衛	ちゅうべえ
忠利	ただとし
忠則	ただのり
忠勇	ちゅうゆう
忠勝	ただかつ
忠史	ただし
忠司	ただし
忠吉	ちゅうきち
忠太	ちゅうた
忠夫	ただお
忠宏	ただひろ
忠岡	ただおか
忠左衛門	ちゅうざえもん
忠広	ただひろ
忠弘	ただひろ
忠彦	ただひこ
忠志	ただし
忠政	ただまさ
忠敬	ただたか
忠明	ただあき
忠昭	ただあき
忠次	ただつぐ
忠正	ただまさ
忠治	ちゅうじ
忠清	ただきよ
忠生	ただお
忠男	ただお
忠直	ただなお
忠相	ただすけ
忠節	ちゅうせつ
忠臣蔵	ちゅうしんぐら
忠興	ただおき
忠良	ただよし
忠英	ただひで
忠長	ただなが
忠雄	ただお
快哉	かいさい
快慶	かいけい
忽那	くつな
怜奈	れいな
怜子	れいこ
怜悧	れいり
思川	おもいがわ
怪傑	かいけつ
怪童	かいどう
恋ヶ窪	こいがくぼ
恋仲	こいなか
恋慕	れんぼ
恋路	こいじ
恐山	おそれざん
恒一	つねかず
恒三	こうぞう
恒二	つねじ
恒和	つねかず
恒夫	つねお
恒子	つねこ
恒川	つねかわ
恒彦	つねひこ
恒松	つねまつ
恒次	つねじ
恒藤	つねとう
恒雄	つねお
恩地	おんち
恩智	おんち
恩来	おんらい
恩田	おんだ
恩納	おんな
恭一	きょういち
恭一郎	きょういちろう
恭久	やすひさ
恭二	きょうじ
恭介	きょうすけ
恭兵	きょうへい
恭助	きょうすけ
恭司	きょうじ
恭子	きょうこ
恭平	きょうへい
恭彦	やすひこ
恭生	きょうせい
恭男	やすお
恭輔	きょうすけ
恭順	きょうじゅん
恵一	けいいち
恵三	けいぞう
恵二	けいじ
恵利	えり
恵利香	えりか
恵太	けいた
恵子	けいこ
恵実	えみ
恵山	えさん
恵庭	えにわ
恵方	えほう
恵比寿南	えびすみなみ
恵比寿西	えびすにし
恵比須	えびす
恵理	えり
恵理子	えりこ
恵理香	えりか
恵瓊	えけい
恵美	えみ
恵美子	えみこ
恵美須	えびす
恵那	えな
恵那峡	えなきょう
恵里	えり
恵里香	えりか
悟史	さとし
悟志	さとし
悟朗	ごろう
悠一	ゆういち
悠二	ゆうじ
悠司	ゆうじ
悠太	ゆうた
悠子	ゆうこ
悠紀	ゆうき
悠紀雄	ゆきお
悠花	ゆうか
悠貴	ゆうき
悠里	ゆうり
悦司	えつじ
悦子	えつこ
悦朗	えつろう
悦郎	えつろう
悪名	あくめい
悪鬼	あっき
悲田院	ひでんいん
惇夫	あつお
惇子	あつこ
惠子	けいこ
惠美	えみ
惣一	そういち
惣田	そうた
惣領	そうりょう
意次	おきつぐ
愛一郎	あいいちろう
愛之助	あいのすけ
愛光	あいこう
愛別	あいべつ
愛吉	あいきち
愛咲	あいざき
愛媛	えひめ
愛媛大学	えひめだいがく
愛子	あいこ
愛宕	あたご
愛宕山	あたごやま
愛山	あいざん
愛島	あいしま
愛川	あいかわ
愛希	あいき
愛弓	あゆみ
愛敬	あいきょう
愛本	あいもと
愛来	あき
愛染	あいぜん
愛梨	あいり
愛沢	あいざわ
愛理	えり
愛生	あいせい
愛田	あいだ
愛甲	あいこう
愛知	あいち
愛知医科大学	あいちいかだいがく
愛知大学	あいちだいがく
愛知学院大学	あいちがくいんだいがく
愛知工業大学	あいちこうぎょうだいがく
愛知教育大学	あいちきょういくだいがく
愛知淑徳大学	あいちしゅくとくだいがく
愛知県立大学	あいちけんりつだいがく
愛知県立芸術大学	あいちけんりつげいじゅつだいがく
愛紗	あいさ
愛美	まなみ
愛花	あいか
愛菜	あいな
愛華	あいか
愛郷	あいきょう
愛里	あいり
愛野	あいの
愛香	あいか
愛鷹	あしたか
愼一	しんいち
慈光	じこう
慈円	じえん
慈子	しげこ
慈恩	じおん
慈英	じえい
慈郎	じろう
慈雨	じう
慎一	しんいち
慎之介	しんのすけ
慎也	しんや
慎二	しんじ
慎吾	しんご
慧海	えかい
慶一	けいいち
慶一郎	けいいちろう
慶久	よしひさ
慶喜	よしのぶ
慶大	けいだい
慶太	けいた
慶太郎	けいたろう
慶子	けいこ
慶州	けいしゅう
慶彦	よしひこ
慶徳	けいとく
慶応義塾	けいおうぎじゅく
慶應義塾	けいおうぎじゅく
慶治	けいじ
慶田	けいだ
慶賀	けいが
慶長	けいちょう
憂木	ゆうき
憲一	けんいち
憲一郎	けんいちろう
憲之	のりゆき
憲二	けんじ
憲仁	のりひと
憲史	けんし
憲司	けんじ
憲吉	けんきち
憲吾	けんご
憲和	のりかず
憲太郎	けんたろう
憲子	のりこ
憲実	のりざね
憲幸	のりゆき
憲彦	のりひこ
憲政記念館	けんせいきねんかん
憲明	のりあき
憲昭	のりあき
憲次	けんじ
憲武	のりたけ
憲治	けんじ
憲男	のりお
戊辰戦争	ぼしんせんそう
戌亥	いぬい
戎橋	えびすばし
成之	しげゆき
成井	なるい
成合	なりあい
成吉	せいきち
成和	しげかず
成城	せいじょう
成城大学	せいじょうだいがく
成城学園	せいじょうがくえん
成増	なります
成夫	しげお
成子	なりこ
成安	せいあん
成宮	なるみや
成岡	なるおか
成島	なるしま
成川	なりかわ
成幸	せいこう
成彦	なるひこ
成彬	しげあき
成彰	しげあき
成徳	せいとく
成東	なるとう
成松	なりまつ
成樹	しげき
成毛	なるけ
成沢	なりさわ
成海	なるみ
成澤	なりさわ
成瀬	なるせ
成田	なりた
成田屋	なりたや
成田山	なりたやま
成田空港	なりたくうこう
成男	しげお
成章	しげあき
成美	なるみ
成羽	なりわ
成良	なるよし
成行	なりゆき
成蹊大学	せいけいだいがく
成道	じょうどう
成都	せいと
我如古	がねこ
我妻	わがつま
我孫子	あびこ
我聞	がもん
我那覇	がなは
戒能	かいのう
戸上	とがみ
戸井	とい
戸井田	といだ
戸倉	とくら
戸坂	とさか
戸塚	とつか
戸室	とむろ
戸山	とやま
戸島	としま
戸崎	とざき
戸川	とがわ
戸張	とばり
戸村	とむら
戸来	へらい
戸松	とまつ
戸根	とね
戸次	とつぎ
戸沢	とざわ
戸澤	とざわ
戸狩	とがり
戸田	とだ
戸田山	とだやま
戸石	といし
戸神	とがみ
戸袋	とぶくろ
戸谷	とや
戸賀	とが
戸部	とべ
戸郷	とごう
戸隠	とがくし
戸高	とだか
房之助	ふさのすけ
房子	ふさこ
房州	ぼうしゅう
房枝	ふさえ
房江	ふさえ
房総	ぼうそう
所沢	ところざわ
所領	しょりょう
扇屋	おうぎや
扇沢	おうぎさわ
扇田	おうぎた
扇町	おうぎまち
扇谷	おうぎや
扇雀	せんじゃく
手代木	てしろぎ
手取	てどり
手取川	てどりがわ
手向	たむけ
手塚	てづか
手宮	てみや
手島	てじま
手嶋	てじま
手打	てうち
手持	てもち
手杵	てきね
手毬	てまり
手洗	てあらい
手稲	ていね
手稲山	ていねやま
手織	ており
手賀沼	てがぬま
手越	てごし
手鎌	てがま
手鞠	てまり
才一	さいいち
才子	さいこ
才川	さいかわ
才知	さいち
才蔵	さいぞう
才谷	さいたに
打上	うちあげ
打出	うちいで
打田	うちた
打越	うちこし
扶余	ふよ
扶桑社	ふそうしゃ
承晩	しょうばん
抄子	しょうこ
折井	おりい
折原	おりはら
折口	おりぐち
折坂	おりさか
折壁	おりかべ
折戸	おりと
折田	おりた
折立	おりたて
折笠	おりかさ
折紙	おりがみ
折込	おりこみ
択捉	えとろふ
抱一	ほういつ
抹香	まっこう
押上	おしあげ
押上線	おしあげせん
押井	おしい
押入	おしいれ
押出	おしだし
押切	おしきり
押尾	おしお
押川	おしかわ
押本	おしもと
押田	おしだ
押見	おしみ
押野	おしの
拓也	たくや
拓司	たくじ
拓哉	たくや
拓大	たくだい
拓実	たくみ
拓朗	たくろう
拓次	たくじ
拓殖大学	たくしょくだいがく
拓海	たくみ
拓磨	たくま
拓郎	たくろう
拓馬	たくま
持主	もちぬし
持家	もちいえ
持明院	じみょういん
持氏	もちうじ
持田	もちだ
指原	さすはら
指宿	いぶすき
指宿枕崎線	いぶすきまくらざきせん
指物	さしもの
指田	さしだ
按針	あんじん
挙母	ころも
挟間	はざま
振一郎	しんいちろう
振子	ふりこ
挾間	はざま
掃部	かもん
掘割	ほりわり
掛川	かけがわ
接木	つぎき
推古	すいこ
推古天皇	すいこてんのう
推川	すいかわ
揖保	いぼ
揖保川	いぼがわ
揖斐	いび
揖斐川	いびがわ
揚子江	ようすこう
揚羽	あげは
搦手	からめて
摂南大学	せつなんだいがく
摂津	せっつ
摩利	まり
摩周	ましゅう
摩周湖	ましゅうこ
摩季	まき
摩文仁	まぶに
摩美	まみ
摩耶	まや
撞木	しゅもく
撫子	なでしこ
撫順	ぶじゅん
播但線	ばんたんせん
播州	ばんしゅう
播州赤穂	ばんしゅうあこう
播磨	はりま
播磨屋	はりまや
播磨灘	はりまなだ
攝津	せっつ
支倉	はせくら
支笏	しこつ
支笏湖	しこつこ
支線	しせん
放哉	ほうさい
放射線医学総合研究所	ほうしゃせんいがくそうごうけんきゅうしょ
放屁	ほうひ
放生	ほうじょう
放生会	ほうじょうえ
放送大学	ほうそうだいがく
政一	まさいち
政久	まさひさ
政之	まさゆき
政人	まさと
政伸	まさのぶ
政信	まさのぶ
政光	まさみつ
政則	まさのり
政勝	まさかつ
政博	まさひろ
政司	まさし
政和	まさかず
政夫	まさお
政子	まさこ
政孝	まさたか
政宏	まさひろ
政実	まさみ
政幸	まさゆき
政広	まさひろ
政弘	まさひろ
政彦	まさひこ
政志	まさし
政憲	まさのり
政所	まんどころ
政敏	まさとし
政明	まさあき
政昭	まさあき
政景	まさかげ
政樹	まさき
政次	まさじ
政田	まさだ
政男	まさお
政秀	まさひで
政美	まさみ
政行	まさゆき
政長	まさなが
政雄	まさお
敏久	としひさ
敏之	としゆき
敏也	としや
敏光	としみつ
敏勝	としかつ
敏博	としひろ
敏史	としふみ
敏司	としじ
敏和	としかず
敏夫	としお
敏子	としこ
敏幸	としゆき
敏広	としひろ
敏弘	としひろ
敏彦	としひこ
敏志	さとし
敏文	としふみ
敏明	としあき
敏晃	としあき
敏樹	としき
敏江	としえ
敏浩	としひろ
敏生	としき
敏男	としお
敏秀	としひで
敏英	としひで
敏行	としゆき
敏郎	としろう
敏雄	としお
教王護国寺	きょうおうごこくじ
敦史	あつし
敦司	あつし
敦士	あつし
敦夫	あつお
敦子	あつこ
敦彦	あつひこ
敦志	あつし
敦煌	とんこう
敦盛	あつもり
敦美	あつみ
敦賀	つるが
敬一	けいいち
敬三	けいぞう
敬久	たかひさ
敬之	たかゆき
敬二	けいじ
敬人	よしと
敬介	けいすけ
敬助	けいすけ
敬吾	けいご
敬和	けいわ
敬天	けいてん
敬子	たかこ
敬宇	けいう
数子	かずこ
数寄屋	すきや
数寄屋橋	すきやばし
数詞	すうし
敷島	しきしま
敷波	しきなみ
敷田	しきた
文一	ぶんいち
文三	ぶんぞう
文丸	ぶんまる
文乃	あやの
文久	ぶんきゅう
文也	ふみや
文京	ぶんきょう
文代	ふみよ
文俊	ふみとし
文則	ふみのり
文吾	ぶんご
文和	ふみかず
文夏	あやか
文太	ぶんた
文太郎	ぶんたろう
文夫	ふみお
文子	ふみこ
文學界	ぶんがくかい
文左衛門	ぶんざえもん
文平	ぶんぺい
文康	ふみやす
文彦	ふみひこ
文徳	ふみのり
文恵	ふみえ
文政	ぶんせい
文教大学	ぶんきょうだいがく
文春	ぶんしゅん
文昭	ふみあき
文月	ふづき
文枝	ふみえ
文殊	もんじゅ
文洋	ふみひろ
文珍	ぶんちん
文男	ふみお
文目	あやめ
文紀	ふみのり
文蔵	ぶんぞう
文藝春秋	ぶんげいしゅんじゅう
文郎	ふみお
文里	ふみさと
文雄	ふみお
文革	ぶんかく
文香	あやか
文鳥	ぶんちょう
文麿	ふみまろ
斉彬	なりあきら
斉昭	なりあき
斉木	さいき
斉田	さいた
斉藤	さいとう
斎宮	いつき
斎木	さいき
斎田	さいだ
斎藤	さいとう
斎賀	さいが
斐伊川	ひいかわ
斐太	ひだ
斐川	ひかわ
斑尾	まだらお
斑尾高原	まだらおこうげん
斑目	まだらめ
斑鳩	いかるが
斗煥	とかん
斜里	しゃり
斯波	しば
新一	しんいち
新一郎	しんいちろう
新三郎	しんざぶろう
新下関	しんしものせき
新中	しんちゅう
新丸子	しんまるこ
新之助	しんのすけ
新九郎	しんくろう
新井	あらい
新井田	あらいだ
新京成線	しんけいせいせん
新今宮	しんいまみや
新保	しんぼ
新倉	にいくら
新光	しんこう
新免	しんめん
新八	しんぱち
新内	しんない
新冠	にいかっぷ
新前橋	しんまえばし
新十津川	しんとつかわ
新原	にいはら
新古	しんこ
新台	しんだい
新司	しんじ
新吉	しんきち
新名	にいな
新吾	しんご
新和	しんわ
新国	にっくに
新垣	にいがき
新城	しんじょう
新堀	しんぼり
新堂	しんどう
新大久保	しんおおくぼ
新大塚	しんおおつか
新大宮	しんおおみや
新大阪	しんおおさか
新天	しんてん
新天地	しんてんち
新太	しんた
新太郎	しんたろう
新子	あたらし
新子安	しんこやす
新宅	しんたく
新実	にいみ
新宮	しんぐう
新家	しんけ
新宿	しんじゅく
新富	しんとみ
新富士	しんふじ
新小岩	しんこいわ
新屋	あらや
新屋敷	しんやしき
新山	しんざん
新島	にいじま
新崎	しんざき
新川	しんかわ
新川崎	しんかわさき
新左衛門	しんざえもん
新市	しんいち
新平	しんぺい
新庄	しんじょう
新座	にいざ
新得	しんとく
新悟	しんご
新日本製鐵	しんにほんせいてつ
新日鉄	しんにってつ
新明	しんめい
新星堂	しんせいどう
新木	あらき
新木場	しんきば
新本	しんぽん
新杉田	しんすぎた
新村	にいむら
新東	しんとう
新松戸	しんまつど
新栄	しんえい
新横浜	しんよこはま
新次	しんじ
新次郎	しんじろう
新池	あらいけ
新沢	しんざわ
新治	にいはり
新沼	にいぬま
新泉	しんせん
新津	にいつ
新津田沼	しんつだぬま
新浜	にいはま
新浦安	しんうらやす
新海	しんかい
新渡戸	にとべ
新港	しんこう
新湊	しんみなと
新湯	あらゆ
新潟交通	にいがたこうつう
新潟大学	にいがただいがく
新潮	しんちょう
新潮社	しんちょうしゃ
新瀬戸	しんせと
新狭山	しんさやま
新琴似	しんことに
新町	しんまち
新発田	しばた
新白岡	しんしらおか
新白河	しんしらかわ
新神戸	しんこうべ
新福	しんふく
新穂	にいほ
新立	にいだて
新篠津	しんしのつ
新美	にいみ
新習志野	しんならしの
新華社	しんかしゃ
新蔵	しんぞう
新藤	しんどう
新西	しんざい
新見	にいみ
新谷	しんたに
新越谷	しんこしがや
新進党	しんしんとう
新部	にいべ
新郷	しんごう
新都	しんと
新里	にいさと
新野	しんの
新金谷	しんかなや
新長田	しんながた
新門	しんもん
新開地	しんかいち
新間	しんま
新馬場	しんばば
新高	にいたか
新鶴見	しんつるみ
方円	ほうえん
方南	ほうなん
方南町	ほうなんちょう
方子	まさこ
方正	ほうせい
方眼	ほうがん
於保	おほ
旅籠	はたご
旅順	りょじゅん
日下	くさか
日下部	くさかべ
日並	ひなみ
日之出	ひので
日之影	ひのかげ
日乗	にちじょう
日代	ひしろ
日体大	にったいだい
日出	ひので
日出夫	ひでお
日出子	ひでこ
日出男	ひでお
日医	にちい
日南	にちなん
日原	ひはら
日吉	ひよし
日吉台	ひよしだい
日吉本	ひよしほん
日吉津	ひえづ
日向子	ひなこ
日向灘	ひゅうがなだ
日和佐	ひわさ
日和山	ひよりやま
日商岩井	にっしょういわい
日夏	ひなつ
日大	にちだい
日奈子	ひなこ
日展	にってん
日山	ひやま
日岡	ひおか
日川	ひかわ
日工	にっこう
日建	にっけん
日弁連	にちべんれん
日当	にっとう
日成	にっせい
日揮	にっき
日教組	にっきょうそ
日新	にっしん
日日	ひび
日明	あきら
日暮	ひぐらし
日暮里	にっぽり
日本体育大学	にほんたいいくだいがく
日本女子体育大学	にほんじょしたいいくだいがく
日本女子大学	にほんじょしだいがく
日本平	にほんだいら
日本文芸社	にほんぶんげいしゃ
日本書紀	にほんしょき
日本棋院	にほんきいん
日本橋	にほんばし
日本歯科大学	にっぽんしかだいがく
日本経済新聞	にほんけいざいしんぶん
日本経済新聞社	にほんけいざいしんぶんしゃ
日本興業銀行	にほんこうぎょうぎんこう
日本航空	にほんこうくう
日本赤十字社	にほんせきじゅうじしゃ
日本郵船	にっぽんゆうせん
日本電気	にっぽんでんき
日村	ひむら
日東	にっとう
日東電工	にっとうでんこう
日枝	ひえだ
日柄	ひがら
日栄	にちえい
日根野	ひねの
日比	ひび
日比谷	ひびや
日比谷公会堂	ひびやこうかいどう
日比谷公園	ひびやこうえん
日比谷線	ひびやせん
日比野	ひびの
日永	ひなが
日活	にっかつ
日浦	ひうら
日清食品	にっしんしょくひん
日渡	ひわたり
日生	にっせい
日生劇場	にっせいげきじょう
日産自動車	にっさんじどうしゃ
日田	ひた
日登美	ひとみ
日石	にっせき
日立	ひたち
日立建機	ひたちけんき
日立造船	ひたちぞうせん
日立金属	ひたちきんぞく
日笠	ひかさ
日経新聞	にっけいしんぶん
日置	ひおき
日興	にっこう
日航	にっこう
日菜子	ひなこ
日蓮	にちれん
日蓮宗	にちれんしゅう
日蔭	ひかげ
日見	ひみ
日豊	にっぽう
日赤	にっせき
日足	ひあし
日通	にっつう
日進	にっしん
日野	ひの
日野川	ひのかわ
日野自動車	ひのじどうしゃ
日鉱	にちこう
日長	ひなが
日馬	くさま
日高	ひだか
日高川	ひだかがわ
日高本線	ひだかほんせん
日高線	ひだかせん
早人	はやと
早坂	はやさか
早大	そうだい
早子	そうこ
早岐	さき
早崎	はやさき
早川	はやかわ
早希	さき
早慶	そうけい
早智子	さちこ
早月	さつき
早来	はやきた
早水	はやみず
早田	はやた
早稲田	わせだ
早稲田大学	わせだだいがく
早紀	さき
早織	さおり
早良	さわら
早見	はやみ
早野	はやの
早鐘	はやがね
早馬	はやうま
旭ヶ丘	あさひがおか
旭化成	あさひかせい
旭天鵬	きょくてんほう
旭屋	あさひや
旭山	あさひやま
旭川	あさひかわ
旭硝子	あさひがらす
旭鷲山	きょくしゅうざん
旺文社	おうぶんしゃ
昆陽	こんよう
昇一	しょういち
昇平	しょうへい
昇竜	しょうりゅう
昌一	しょういち
昌三	しょうぞう
昌久	まさひさ
昌之	まさゆき
昌也	まさや
昌人	まさと
昌代	まさよ
昌俊	まさとし
昌信	まさのぶ
昌典	まさのり
昌利	まさとし
昌史	まさし
昌司	しょうじ
昌吉	まさよし
昌和	しょうわ
昌夫	まさお
昌子	まさこ
昌孝	まさたか
昌宏	まさひろ
昌己	まさみ
昌巳	まさみ
昌平	しょうへい
昌幸	まさゆき
昌広	まさひろ
昌弘	まさひろ
昌彦	まさひこ
昌志	まさし
昌明	まさあき
昌晃	まさあき
昌樹	まさき
昌治	まさはる
昌浩	まさひろ
昌男	まさお
昌秀	まさひで
昌紀	まさき
昌美	まさみ
昌義	まさよし
昌良	まさよし
昌行	まさゆき
昌輝	まさてる
明世	あきよ
明久	あきひさ
明人	あきと
明仁	あきひと
明代	あきよ
明伸	あきのぶ
明信	あきのぶ
明倫	めいりん
明光	あきみつ
明利	あきとし
明博	あきひろ
明和	めいわ
明善	あきよし
明地	あけち
明大	めいだい
明天	めいてん
明夫	あきお
明奈	あきな
明媚	めいび
明子	あきこ
明宏	あきひろ
明宝	めいほう
明峰	めいほう
明希	あき
明広	あきひろ
明弘	あきひろ
明彦	あきひこ
明徳	あきのり
明恵	あきえ
明憲	あきのり
明成	あきなり
明敏	あきとし
明日美	あすみ
明日香	あすか
明星大学	めいせいだいがく
明智	あけち
明月	めいげつ
明正	あきまさ
明治大学	めいじだいがく
明治天皇	めいじてんのう
明治学院大学	めいじがくいんだいがく
明治維新	めいじいしん
明浩	あきひろ
明海	あけみ
明王	みょうおう
明生	あきうみ
明男	あきお
明知	めいち
明石	あかし
明石公園	あかしこうえん
明石家	あかしや
明石屋	あかしや
明石海峡	あかしかいきょう
明石海峡大橋	あかしかいきょうおおはし
明礬	みょうばん
明神	みょうじん
明秀	あきひで
明科	あかしな
明穂	あきほ
明美	あけみ
明義	あきよし
明良	めいりょう
明菜	あきな
明衣子	めいこ
明豊	めいほう
明里	あかり
明野	あけの
明鏡	めいきょう
明雄	あきお
明電舎	めいでんしゃ
明香	あすか
星乃	ほしの
星井	ほしい
星加	ほしか
星原	ほしはら
星合	ほしあい
星名	ほしな
星和	せいわ
星城	せいじょう
星夜	せいや
星奈	ほしな
星子	せいこ
星宮	ほしみや
星屑	ほしくず
星山	ほしやま
星崎	ほしざき
星川	ほしかわ
星影	ほしかげ
星田	ほしだ
星羅	せいら
星谷	ほしたに
星野	ほしの
星陵	せいりょう
映司	えいじ
映子	えいこ
映美	えみ
映見	えみ
春一	はるいち
春乃	はるの
春信	はるのぶ
春光	しゅんこう
春原	すのはら
春吉	はるきち
春名	はるな
春太郎	はるたろう
春夫	はるお
春奈	はるな
春子	はるこ
春山	はるやま
春岡	はるおか
春川	はるかわ
春市	はるいち
春彦	はるひこ
春慶	しゅんけい
春日	かすが
春日井	かすがい
春日大社	かすがたいしゃ
春日局	かすがのつぼね
春日山	かすがやま
春日部	かすかべ
春日野	かすがの
春日野道	かすがのみち
春木	はるき
春樹	はるき
春水	しゅんすい
春江	はるえ
春海	しゅんかい
春琴	しゅんきん
春生	はるお
春田	はるだ
春男	はるお
春畑	はるはた
春眠	しゅんみん
春美	はるみ
春草	しゅんそう
春菊	しゅんぎく
春菜	はるな
春華	はるか
春蘭	しゅんらん
春近	はるちか
春野	はるの
春雄	はるお
春雪	しゅんせつ
春雷	しゅんらい
春風亭小朝	しゅんぷうていこあさ
春香	はるか
昭一	しょういち
昭一郎	しょういちろう
昭三	しょうぞう
昭乃	あきの
昭久	あきひさ
昭之	あきゆき
昭二	しょうじ
昭人	あきと
昭仁	あきひと
昭光	あきみつ
昭博	あきひろ
昭和大学	しょうわだいがく
昭和女子大学	しょうわじょしだいがく
昭和新山	しょうわしんざん
昭和町	しょうわちょう
昭和音楽大学	しょうわおんがくだいがく
昭夫	あきお
昭子	あきこ
昭宏	あきひろ
昭平	しょうへい
昭弘	あきひろ
昭彦	あきひこ
昭恵	あきえ
昭栄	しょうえい
昭次	しょうじ
昭治	しょうじ
昭浩	あきひろ
昭男	あきお
昭雄	あきお
是川	これかわ
是政	これまさ
是枝	これえだ
是永	これなが
是清	これきよ
昼顔	ひるがお
時事新報	じじしんぽう
時事通信	じじつうしん
時事通信社	じじつうしんしゃ
時人	じじん
時任	ときとう
時子	ときこ
時宗	じしゅう
時崎	ときさき
時成	ときなり
時松	ときまつ
時枝	ときえ
時津	ときつ
時田	ときた
時男	ときお
時蔵	ときぞう
時貞	ときさだ
晃一	こういち
晃久	あきひさ
晃介	こうすけ
晃司	こうじ
晃嗣	こうじ
晃子	あきこ
晃弘	あきひろ
晃生	てるお
晋一	しんいち
晋一郎	しんいちろう
晋二	しんじ
晋作	しんさく
晋平	しんぺい
晟一	せいいち
晦日	みそか
晩成	ばんせい
普代	ふだい
普天	ふてん
普天間	ふてんま
普賢岳	ふげんだけ
景子	けいこ
景山	かげやま
景時	かげとき
景樹	かげき
景綱	かげつな
景虎	かげとら
晴一	せいいち
晴之	はるゆき
晴也	はるや
晴人	はると
晴信	はるのぶ
晴夫	はるお
晴子	はるこ
晴山	はれやま
晴嵐	せいらん
晴彦	はるひこ
晴朗	せいろう
晴海	はるみ
晴男	はるお
晴臣	はるおみ
晴雄	はるお
晴雨	せいう
晴香	はるか
晶一	しょういち
晶子	あきこ
晶彦	あきひこ
晶紀	あき
智一	ともかず
智世	ともよ
智乃	ちの
智久	ともひさ
智之	ともゆき
智也	ともや
智仁	ともひと
智代	ともよ
智佐	ちさ
智光	ちこう
智則	とものり
智加	ちか
智博	ともひろ
智史	さとし
智司	さとし
智和	ともかず
智子	ともこ
智学	ちがく
智宏	ともひろ
智実	ともみ
智将	ちしょう
智幸	ともゆき
智広	ともひろ
智康	ともやす
智弘	ともひろ
智彦	ともひこ
智徳	とものり
智志	さとし
智恵	ちえ
智恵子	ちえこ
智恵理	ちえり
智恵美	ちえみ
智慧	ちえ
智明	ともあき
智春	ちはる
智昭	ともあき
智朗	ともあき
智樹	ともき
智江	ちえ
智治	ともはる
智洋	ともひろ
智浩	ともひろ
智男	とみお
智積	ちしゃく
智章	ともあき
智紀	とものり
智絵	ちえ
智美	ともみ
智者	ちしゃ
智英	ともひで
智行	ともゆき
智裕	ともひろ
智頭	ちず
智頭線	ちずせん
智香	ちか
暁光	ぎょうこう
暁夫	あきお
暁子	あきこ
暁斎	きょうさい
暁生	あきお
暁美	あけみ
暢子	のぶこ
曙光	しょこう
曙橋	あけぼのばし
曜一	よういち
曜子	ようこ
曜平	ようへい
曲尺	かねじゃく
曲輪	くるわ
曳山	ひきやま
曳舟	ひきふね
曳馬	ひくま
更別	さらべつ
更埴	こうしょく
更科	さらしな
更紗	さらさ
更級	さらしな
更衣	こうい
曹丕	そうひ
曹操	そうそう
曹植	そうしょく
曹洞宗	そうとうしゅう
曼殊	まんしゅ
曼陀羅	まんだら
曽山	そやま
曽我	そが
曽我部	そかべ
曽於	そお
曽木	そぎ
曽根	そね
曽根崎	そねざき
曽根田	そねだ
曽爾	そじ
曽田	そた
曽祢	そね
曽良	そら
曽谷	そや
曽野	その
曾我	そが
曾根	そね
曾根崎	そねざき
曾野	その
最澄	さいちょう
會津	あいづ
會澤	あいざわ
會田	あいだ
月並	つきなみ
月亭	つきてい
月原	つきはら
月夜野	つきよの
月子	げっし
月寒	つきさむ
月山	がっさん
月岡	つきおか
月崎	つきさき
月彦	つきひこ
月影	つきかげ
月明	げつめい
月本	つきもと
月村	げっそん
月森	つきもり
月永	つきなが
月瀬	つきせ
月琴	げっきん
月田	つきだ
月白	つきしろ
月美	つきみ
月見山	つきみやま
月読	つくよみ
月野	つきの
有一	ゆういち
有三	ゆうぞう
有井	ありい
有働	ゆうどう
有光	ありみつ
有功	ゆうこう
有加	ゆか
有原	ありはら
有司	ゆうし
有吉	ありよし
有坂	ありさか
有子	ゆうこ
有安	ありやす
有富	ありとみ
有山	ありやま
有岡	ありおか
有島	ありしま
有川	ありかわ
有希	ゆうき
有希子	ゆきこ
有彩	ありさ
有徳	ありのり
有恒	ありつね
有情	うじょう
有我	ありが
有斐閣	ゆうひかく
有明	ありあけ
有明海	ありあけかい
有朋	ありとも
有木	ありき
有末	ありすえ
有本	ありもと
有村	ありむら
有松	ありまつ
有栖川	ありすがわ
有森	ありもり
有楽	ゆうらく
有楽町	ゆうらくちょう
有永	ありなが
有沢	ありさわ
有浦	ありうら
有海	ありうみ
有珠	うす
有理	ゆうり
有田	ありだ
有礼	ありのり
有紀	ゆき
有紀子	ゆきこ
有美	ゆみ
有美子	ゆみこ
有賀	ありが
有道	ありみち
有里	ゆり
有野	ありの
有間	ありま
有隣堂	ゆうりんどう
有香	ゆか
有馬	ありま
有馬線	ありません
朋之	ともゆき
朋子	ともこ
朋宏	ともひろ
朋彦	ともひこ
朋恵	ともえ
朋樹	ともき
朋美	ともみ
朋花	ともか
朋香	ともか
服部	はっとり
服部緑地	はっとりりょくち
朔太郎	さくたろう
朗子	あきこ
望海	のぞみ
望美	のぞみ
望都	もと
朝一	あさいち
朝丘	あさおか
朝井	あさい
朝倉	あさくら
朝光	ともみつ
朝凪	あさなぎ
朝加	あさか
朝原	あさはら
朝吹	あさぶき
朝夏	あさか
朝夫	あさお
朝子	あさこ
朝宮	あさみや
朝山	あさやま
朝岡	あさおか
朝川	あさかわ
朝彦	あさひこ
朝日奈	あさひな
朝日山	あさひやま
朝日放送	あさひほうそう
朝日新聞	あさひしんぶん
朝日新聞社	あさひしんぶんしゃ
朝木	あさき
朝来	あさご
朝比奈	あさひな
朝水	あさみ
朝永	ともなが
朝河	あさかわ
朝生	あさお
朝田	あさだ
朝美	あさみ
朝興	ともおき
朝野	あさの
朝長	ともなが
朝間	あさま
朝陽	あさひ
朝雄	あさお
朝霞	あさか
朝霧高原	あさぎりこうげん
朝風	あさかぜ
朝香	あさか
朝鮮中央通信	ちょうせんちゅうおうつうしん
朝鮮学園	ちょうせんがくえん
朝鮮日報	ちょうせんにっぽう
朝鮮民主主義人民共和国	ちょうせんみんしゅしゅぎじんみんきょうわこく
木上	きうえ
木下	きのした
木下工務店	きのしたこうむてん
木之本	きのもと
木佐	きさ
木佐貫	きさぬき
木俣	きまた
木元	きもと
木全	きまた
木内	きうち
木南	きなみ
木原	きはら
木口	きぐち
木古内	きこない
木坂	きさか
木城	きしろ
木塚	きづか
木多	きた
木太	きた
木子	きこ
木尾	きお
木屋	きや
木山	きやま
木島	きじま
木崎	きざき
木嶋	きじま
木川	きがわ
木幡	こはた
木戸口	きどぐち
木戸川	きどかわ
木挽	こびき
木暮	こぐれ
木更津	きさらづ
木曽	きそ
木曽福島	きそふくしま
木曾	きそ
木月	きづき
木村	きむら
木林	きばやし
木根	きね
木梨	きなし
木次	きすき
木次線	きすきせん
木沢	きさわ
木沼	きぬま
木津	きづ
木津川	きづがわ
木浦	きうら
木瀬	きせ
木犀	もくせい
木田	きだ
木町	きまち
木皿	きさら
木祖	きそ
木綿子	ゆうこ
木花	きはな
木苺	きいちご
木葉	このは
木蓮	もくれん
木藤	きとう
木谷	きたに
木賊	とくさ
木野	きの
木霊	こだま
木頭	きとう
木風	きかぜ
未來	みらい
未央	みお
未奈	みな
未希	みき
未散	みちる
未森	みもり
未樹	みき
未玖	みく
未生	みしょう
未知子	みちこ
未稀	みき
未菜	みな
未踏	みとう
末代	まつだい
末光	すえみつ
末吉	すえきち
末岡	すえおか
末崎	すえざき
末木	すえき
末松	すえまつ
末次	すえつぐ
末武	すえたけ
末永	すえなが
末野	すえの
本上	ほんじょう
本別	ほんべつ
本匠	ほんじょう
本厚木	ほんあつぎ
本吉	もとよし
本地	ほんじ
本城	ほんじょう
本多	ほんだ
本多劇場	ほんだげきじょう
本学	ほんがく
本宮	もとみや
本宿	もとじゅく
本川	ほんかわ
本州	ほんしゅう
本巣	もとす
本庄	ほんじょう
本庄東	ほんじょうひがし
本手	ほんて
本明	ほんみょう
本村	もとむら
本条	ほんじょう
本栖湖	もとすこ
本橋	もとはし
本沢	ほんざわ
本渡	ほんど
本牧	ほんもく
本田	ほんだ
本町	ほんちょう
本町線	ほんちょうせん
本石	もといし
本納	ほんのう
本能寺	ほんのうじ
本荘	ほんじょう
本谷	もとや
本通	ほんどおり
本郷	ほんごう
本郷三丁目	ほんごうさんちょうめ
本郷台	ほんごうだい
本間	ほんま
本願寺	ほんがんじ
本駒込	ほんこまごめ
札内	さつない
札場	ふだば
札幌医科大学	さっぽろいかだいがく
札幌大学	さっぽろだいがく
札幌学院大学	さっぽろがくいんだいがく
朱子	しゅこ
朱里	じゅり
朱門	しゅもん
朱鳥	あすか
朱鷺	とき
朽葉	くちは
杉下	すぎした
杉並	すぎなみ
杉井	すぎい
杉作	すぎさく
杉内	すぎうち
杉原	すぎはら
杉坂	すぎさか
杉尾	すぎお
杉山	すぎやま
杉岡	すぎおか
杉崎	すぎさき
杉木	すぎき
杉本	すぎもと
杉村	すぎむら
杉森	すぎもり
杉江	すぎえ
杉沢	すぎさわ
杉浦	すぎうら
杉田	すぎた
杉谷	すぎたに
杉野	すぎの
李白	りはく
杏奈	あんな
杏子	きょうこ
杏実	あんみ
杏林大学	きょうりんだいがく
杏果	きょうか
杏樹	あんじゅ
杏理	あんり
杏里	あんり
材木座	ざいもくざ
村上	むらかみ
村中	むらなか
村主	すぐり
村井	むらい
村元	むらもと
村内	むらうち
村地	むらち
村尾	むらお
村山	むらやま
村岡	むらおか
村崎	むらさき
村川	むらかわ
村形	むらかた
村方	むらかた
村木	むらき
村本	むらもと
村杉	むらすぎ
村東	むらひがし
村松	むらまつ
村瀬	むらせ
村田	むらた
村石	むらいし
村西	むらにし
村越	むらこし
村里	むらざと
村重	むらしげ
村野	むらの
村雨	むらさめ
村雲	むらくも
杖立	つえたて
杜夫	もりお
杜氏	とうじ
杜若	かきつばた
来住	きし
来夏	らいか
来宮	きのみや
来山	らいざん
来島	らいしま
来栖	くるす
来生	きすぎ
杭州	こうしゅう
東一	とういち
東三国	ひがしみくに
東上	とうじょう
東上野	ひがしうえの
東中	ひがしなか
東中山	ひがしなかやま
東中野	ひがしなかの
東串良	ひがしくしら
東久留米	ひがしくるめ
東九条	ひがしくじょう
東予	とうよ
東五反田	ひがしごたんだ
東亜日報	とうあにっぽう
東京医科大学	とうきょういかだいがく
東京医科歯科大学	とうきょういかしかだいがく
東京国際大学	とうきょうこくさいだいがく
東京外国語大学	とうきょうがいこくごだいがく
東京大学	とうきょうだいがく
東京女子医科大学	とうきょうじょしいかだいがく
東京女子大学	とうきょうじょしだいがく
東京学芸大学	とうきょうがくげいだいがく
東京家政大学	とうきょうかせいだいがく
東京工業大学	とうきょうこうぎょうだいがく
東京工科大学	とうきょうこうかだいがく
東京工芸大学	とうきょうこうげいだいがく
東京急行電鉄	とうきょうきゅうこうでんてつ
東京情報大学	とうきょうじょうほうだいがく
東京慈恵会医科大学	とうきょうじけいかいいかだいがく
東京放送	とうきょうほうそう
東京歯科大学	とうきょうしかだいがく
東京理科大	とうきょうりかだい
東京理科大学	とうきょうりかだいがく
東京競馬場	とうきょうけいばじょう
東京経済大学	とうきょうけいざいだいがく
東京芸大	とうきょうげいだい
東京薬科大学	とうきょうやっかだいがく
東京農工大学	とうきょうのうこうだいがく
東京農業大学	とうきょうのうぎょうだいがく
東京造形大学	とうきょうぞうけいだいがく
東京都立大学	とうきょうとりつだいがく
東京電力	とうきょうでんりょく
東京電機大学	とうきょうでんきだいがく
東京音楽大学	とうきょうおんがくだいがく
東仙台	ひがしせんだい
東伊豆	ひがしいず
東伏見	ひがしふしみ
東伯	とうはく
東住吉	ひがしすみよし
東儀	とうぎ
東光	とうこう
東公園	ひがしこうえん
東出	ひがしで
東出雲	ひがしいずも
東刈谷	ひがしかりや
東別院	ひがしべついん
東加古川	ひがしかこがわ
東北大学	とうほくだいがく
東北学院大学	とうほくがくいんだいがく
東北工業大学	とうほくこうぎょうだいがく
東北新幹線	とうほくしんかんせん
東北本線	とうほくほんせん
東北沢	ひがしきたざわ
東北福祉大学	とうほくふくしだいがく
東北自動車道	とうほくじどうしゃどう
東北芸術工科大学	とうほくげいじゅつこうかだいがく
東北道	とうほくどう
東北電力	とうほくでんりょく
東十条	ひがしじゅうじょう
東千石	ひがしせんごく
東千葉	ひがしちば
東原	ひがしはら
東吉野	ひがしよしの
東名	とうめい
東名高速道路	とうめいこうそくどうろ
東向	ひがしむき
東和	とうわ
東品川	ひがししながわ
東員	とういん
東唐津	ひがしからつ
東国東	ひがしくにさき
東園	ひがしその
東城	とうじょう
東堂	とうどう
東大	とうだい
東大和	ひがしやまと
東大寺	とうだいじ
東大泉	ひがしおおいずみ
東大路	ひがしおおじ
東大阪	ひがしおおさか
東天紅	とうてんこう
東子	とうこ
東宝	とうほう
東室蘭	ひがしむろらん
東宮御所	とうぐうごしょ
東家	あずまや
東寺	とうじ
東尋坊	とうじんぼう
東小金井	ひがしこがねい
東尾	ひがしお
東屋	あずまや
東山	ひがしやま
東山公園	ひがしやまこうえん
東山本線	ひがしやまほんせん
東山田	ひがしやまた
東山線	ひがしやません
東岡	とうこう
東岩槻	ひがしいわつき
東岳	とうがく
東岸	とうがん
東峰	とうほう
東島	ひがしじま
東川	ひがしかわ
東川口	ひがしかわぐち
東工大	とうこうだい
東平	とうへい
東広島	ひがしひろしま
東庄	とうのしょう
東府中	ひがしふちゅう
東彼杵	ひがしそのぎ
東心斎橋	ひがししんさいばし
東急	とうきゅう
東急不動産	とうきゅうふどうさん
東急東横	とうきゅうとうよこ
東恩納	ひがしおんな
東成	ひがしなり
東成瀬	ひがしなるせ
東戸塚	ひがしとつか
東所沢	ひがしところざわ
東扇島	ひがしおうぎしま
東新	ひがししん
東新小岩	ひがししんこいわ
東新橋	ひがししんばし
東日暮里	ひがしにっぽり
東日本	ひがしにほん
東明	とうめい
東映	とうえい
東映太秦映画村	とうえいうずまさえいがむら
東本	ひがしもと
東札幌	ひがしさっぽろ
東村	ひがしむら
東村山	ひがしむらやま
東条	とうじょう
東松原	ひがしまつばら
東松山	ひがしまつやま
東松島	ひがしまつしま
東松浦	ひがしまつうら
東枇杷島	ひがしびわしま
東栄	とうえい
東根	ひがしね
東桜	ひがしさくら
東梅田	ひがしうめだ
東條	とうじょう
東横線	とうよこせん
東武	とうぶ
東武動物公園	とうぶどうぶつこうえん
東武宇都宮	とうぶうつのみや
東武練馬	とうぶねりま
東江	あがりえ
東池袋	ひがしいけぶくろ
東洋大学	とうようだいがく
東洞	とうどう
東津軽	ひがしつがる
東浜	ひがしはま
東浦	ひがしうら
東海大学	とうかいだいがく
東海岸	ひがしかいがん
東海林	しょうじ
東海道	とうかいどう
東海道新幹線	とうかいどうしんかんせん
東淀川	ひがしよどがわ
東港	ひがしみなと
東湖	とうこ
東灘	ひがしなだ
東照宮	とうしょうぐう
東燃	とうねん
東牟婁	ひがしむろ
東独	とうどく
東生	はるお
東田	ひがしだ
東田川	ひがしたがわ
東由利	ひがしゆり
東町	ひがしちょう
東白川	ひがししらかわ
東神奈川	ひがしかながわ
東神楽	ひがしかぐら
東神田	ひがしかんだ
東福寺	とうふくじ
東秩父	ひがしちちぶ
東筑	とうちく
東筑摩	ひがしちくま
東総	とうそう
東置賜	ひがしおきたま
東臼杵	ひがしうすき
東舞鶴	ひがしまいづる
東船橋	ひがしふなばし
東芝	とうしば
東苗穂	ひがしなえぼ
東茨城	ひがしいばらき
東葛飾	ひがしかつしか
東蒲原	ひがしかんばら
東西線	とうざいせん
東諸県	ひがしもろかた
東谷	あづまや
東豊線	とうほうせん
東通	ひがしどおり
東邦大学	とうほうだいがく
東郷	とうごう
東野	ひがしの
東野田	ひがしのだ
東金	とうがね
東門	ひがしもん
東阪	ひがしさか
東院	とういん
東陵	とうりょう
東陽	とうよう
東雲	しののめ
東電	とうでん
東青梅	ひがしおうめ
東面	とうめん
東須磨	ひがしすま
東風平	こちひら
東飯能	ひがしはんのう
東駅	ひがしえき
東麻布	ひがしあざぶ
杵築	きつき
杷木	はき
松ヶ崎	まつがさき
松上	まつがみ
松下	まつした
松下電器	まつしたでんき
松下電器産業	まつしたでんきさんぎょう
松下電工	まつしたでんこう
松中	まつなか
松丸	まつまる
松乃	まつの
松久	まつひさ
松之助	まつのすけ
松之山	まつのやま
松也	まつや
松五郎	まつごろう
松井	まつい
松井山手	まついやまて
松井田	まついだ
松井証券	まついしょうけん
松代	まつしろ
松任	まっとう
松任谷	まつとうや
松伏	まつぶし
松倉	まつくら
松元	まつもと
松前	まつまえ
松原	まつばら
松原団地	まつばらだんち
松原湖	まつばらこ
松友	まつとも
松吉	まつよし
松和	まつわ
松園	しょうえん
松坂	まつさか
松坂屋	まつざかや
松城	まつしろ
松太郎	まつたろう
松子	しょうし
松室	まつむろ
松宮	まつみや
松寿	しょうじゅ
松尾	まつお
松居	まつい
松屋	まつや
松山	まつやま
松山大学	まつやまだいがく
松山東	まつやまひがし
松岡	まつおか
松岸	まつぎし
松島	まつしま
松島湾	まつしまわん
松崎	まつざき
松嶋	まつしま
松川	まつかわ
松平	まつだいら
松庵	しょうあん
松戸	まつど
松方	まつかた
松月	まつづき
松木	まつき
松本	まつもと
松村	まつむら
松枝	まつえ
松柏	しょうはく
松栄	しょうえい
松森	まつもり
松樹	まつき
松橋	まつはし
松永	まつなが
松江	まつえ
松沢	まつざわ
松沼	まつぬま
松波	まつなみ
松浜	しょうひん
松浦	まつうら
松浪	まつなみ
松澤	まつざわ
松濤	しょうとう
松瀬	まつせ
松田	まつだ
松竹	しょうちく
松緑	しょうろく
松花堂	しょうかどう
松茂	まつしげ
松葉	まつば
松蔭	しょういん
松藤	まつふじ
松虫	まつむし
松見	まつみ
松谷	まつたに
松郷	まつさと
松重	まつしげ
松野	まつの
松阪	まつさか
松陰	しょういん
松陽	しょうよう
松隈	まつくま
松雄	まつお
松雪	まつゆき
板井	いたい
板倉	いたくら
板取	いたどり
板垣	いたがき
板場	いたば
板宿	いたやど
板尾	いたお
板屋	いたや
板山	いたやま
板川	いたかわ
板戸	いたど
板東	ばんどう
板柳	いたやなぎ
板橋	いたばし
板津	いたつ
板谷	いたや
板野	いたの
板間	いたま
板鼻	いたはな
枇杷	びわ
枇杷島	びわしま
枕崎	まくらざき
枕木	まくらぎ
枕草子	まくらのそうし
林下	りんげ
林内	りんない
林原	はやしばら
林子	りんこ
林家	はやしや
林寺	はやしじ
林屋	はやしや
林崎	はやしざき
林泉	りんせん
林田	はやしだ
林葉	はやしば
林蔵	りんぞう
林部	はやしべ
枚方	ひらかた
枚方公園	ひらかたこうえん
果南	かなん
果奈	かな
果歩	かほ
枝川	えだがわ
枝幸	えさし
枝村	えだむら
枝盛	えもり
枝里子	えりこ
枝野	えだの
枡形	ますがた
枡田	ますだ
枯木	かれき
枯野	かれの
枸杞	くこ
柄本	えもと
柏井	かしわい
柏倉	かしわぐら
柏原	かしわばら
柏崎	かしわざき
柏手	かしわで
柏田	かしわだ
柏葉	かしわば
柏谷	かしわや
柏野	かしの
柑奈	かんな
柑子	こうじ
柑菜	かんな
染五郎	そめごろう
染井	そめい
染屋	そめや
染谷	そめや
染野	そめの
柘植	つげ
柘榴	ざくろ
柚原	ゆはら
柚木	ゆのき
柱谷	はしらたに
柳下	やぎした
柳井	やない
柳内	やない
柳原	やなぎはら
柳家	やなぎや
柳屋	やなぎや
柳島	やなぎしま
柳崎	やなざき
柳川	やながわ
柳本	やなぎもと
柳橋	やぎはし
柳沢	やなぎさわ
柳沼	やぎぬま
柳澤	やなぎさわ
柳瀬	やなせ
柳生	やぎゅう
柳田	やなぎだ
柳葉	やなぎば
柳谷	やなぎたに
柴原	しばはら
柴又	しばまた
柴垣	しばがき
柴尾	しばお
柴山	しばやま
柴島	しばしま
柴崎	しばさき
柴木	しばき
柴本	しばもと
柴田	しばた
柴谷	しばたに
柴野	しばの
柴門	さいもん
柾木	まさき
柿原	かきはら
柿崎	かきざき
柿木	かきのき
柿本	かきもと
柿沢	かきざわ
柿沼	かきぬま
柿生	かきお
柿田	かきた
柿谷	かきたに
柿野	かきの
栂尾	とがのお
栃尾	とちお
栃木	とちぎ
栄一	えいいち
栄一郎	えいいちろう
栄三郎	えいざぶろう
栄丸	さかえまる
栄二	えいじ
栄二郎	えいじろう
栄作	えいさく
栄司	えいじ
栄吉	えいきち
栄吾	えいご
栄喜	えいき
栄太	えいた
栄太郎	えいたろう
栄子	えいこ
栄山	さかえやま
栄治	えいじ
栄西	えいさい
栄進	えいしん
栄達	えいたつ
栖鳳	せいほう
栗原	くりはら
栗城	くりき
栗子	りつこ
栗山	くりやま
栗崎	くりさき
栗木	くりき
栗本	くりもと
栗村	くりむら
栗東	りっとう
栗林	くりばやし
栗栖	くりす
栗橋	くりはし
栗毛	くりげ
栗沢	くりさわ
栗生	くりお
栗田	くりた
栗谷	くりや
栗野	くりの
栗駒	くりこま
栗駒山	くりこまやま
栞里	しおり
栢野	かやの
栴檀	せんだん
根上	ねがみ
根井	ねい
根元	こんげん
根子	ねこ
根室	ねむろ
根室本線	ねむろほんせん
根尾	ねお
根岸	ねぎし
根岸線	ねぎしせん
根府川	ねぶかわ
根木	ねぎ
根来	ねごろ
根津	ねづ
根深	ねぶか
根田	こんだ
根羽	ねば
桂井	かつらい
桂子	けいこ
桂川	かつらがわ
桂木	かつらぎ
桂歌丸	かつらうたまる
桂田	かつらだ
桂米朝	かつらべいちょう
桂馬	けいま
桃井	ももい
桃佳	ももか
桃原	ももはら
桃園	ももぞの
桃太郎	ももたろう
桃子	ももこ
桃山	ももやま
桃山台	ももやまだい
桃山学院大学	ももやまがくいんだいがく
桃川	ももかわ
桃木	ももき
桃李	とうり
桃浜	ももはま
桃源	とうげん
桃瀬	ももせ
桃生	ものお
桃田	ももた
桃華	とうか
桃葉	とうよう
桃谷	ももだに
桃野	ももの
桃香	ももか
案山子	かかし
桐原	きりはら
桐子	きりこ
桐山	きりやま
桐岡	きりおか
桐島	きりしま
桐嶋	きりしま
桐朋学園大学	とうほうがくえんだいがく
桐木	きりき
桐沢	きりさわ
桐生	きりゅう
桐畑	きりばたけ
桐谷	きりたに
桐野	きりの
桑名	くわな
桑園	そうえん
桑子	くわご
桑山	くわやま
桑島	くわじま
桑折	くわおり
桑木	くわき
桑江	くわえ
桑野	くわの
桑門	くわかど
桓武	かんむ
桔平	きっぺい
桔梗	ききょう
桜ヶ丘	さくらがおか
桜上水	さくらじょうすい
桜丘	さくらおか
桜井	さくらい
桜台	さくらだい
桜塚	さくらづか
桜子	さくらこ
桜山	さくらやま
桜島	さくらしま
桜川	さくらがわ
桜庭	さくらば
桜新	さくらしん
桜木	さくらぎ
桜本	さくらもと
桜樹	さくらぎ
桜沢	さくらざわ
桜田	さくらだ
桜田門	さくらだもん
桜美林大学	おうびりんだいがく
桜葉	おうば
桜野	さくらの
桝井	ますい
桝屋	ますや
桝形	ますがた
桝本	ますもと
桝添	ますぞえ
桝田	ますだ
桧原	ひばら
桧山	ひやま
桶屋	おけや
桶川	おけがわ
桶谷	おけたに
梁山泊	りょうざんぱく
梁川	やながわ
梁瀬	やなせ
梁田	やなだ
梁間	はりま
梅乃	うめの
梅原	うめはら
梅吉	うめきち
梅坪	うめつぼ
梅垣	うめがき
梅子	うめこ
梅安	ばいあん
梅宮	うめみや
梅小路	うめこうじ
梅屋	うめや
梅屋敷	うめやしき
梅山	うめやま
梅島	うめしま
梅崎	うめざき
梅川	うめかわ
梅木	うめき
梅本	うめもと
梅村	うめむら
梅枝	ばいし
梅沢	うめさわ
梅津	うめづ
梅澤	うめさわ
梅田	うめだ
梅若	うめわか
梅谷	うめたに
梅郷	ばいごう
梅野	うめの
梅雀	ばいじゃく
梅雪	ばいせつ
梓川	あずさがわ
梨乃	りの
梨加	りか
梨地	なしじ
梨央奈	りおな
梨奈	りな
梨子	なし
梨恵	りえ
梨木	なしき
梨本	なしもと
梨沙	りさ
梨絵	りえ
梨緒	りお
梨花	りか
梨菜	りな
梨香	りか
梨香子	りかこ
梵天	ぼんてん
梵字	ぼんじ
梶井	かじい
梶原	かじわら
梶尾	かじお
梶山	かじやま
梶川	かじかわ
梶木	かじき
梶本	かじもと
梶浦	かじうら
梶田	かじた
梶谷	かじたに
梶野	かじの
梶間	かじま
梼原	ゆすはら
棕櫚	しゅろ
棚下	たなした
棚倉	たなくら
棚橋	たなはし
棚田	たなだ
棟方	むなかた
森一	しんいち
森上	もりがみ
森下	もりした
森下仁丹	もりしたじんたん
森中	もりなか
森久保	もりくぼ
森之宮	もりのみや
森井	もりい
森住	もりすみ
森保	もりやす
森元	もりもと
森内	もりうち
森北	もりきた
森原	もりはら
森友	もりとも
森口	もりぐち
森吉	もりよし
森吉山	もりよしやま
森咲	もりさき
森園	もりぞの
森子	もりこ
森安	もりやす
森尾	もりお
森山	もりやま
森岡	もりおか
森島	もりしま
森崎	もりさき
森嶋	もりしま
森川	もりかわ
森戸	もりと
森木	もりき
森末	もりすえ
森本	もりもと
森村	もりむら
森松	もりまつ
森林公園	しんりんこうえん
森永	もりなが
森沢	もりさわ
森泉	もりいずみ
森澤	もりさわ
森田	もりた
森町	もりちょう
森脇	もりわき
森藤	もりとう
森谷	もりたに
森越	もりこし
森近	もりちか
森部	もりべ
森野	もりの
森長	もりなが
森高	もりたか
植原	うえはら
植山	うえやま
植村	うえむら
植松	うえまつ
植田	うえだ
植竹	うえたけ
植芝	うえしば
植草	うえくさ
植野	うえの
椎原	しいば
椎名	しいな
椎木	しいき
椎橋	しいはし
椎田	しいだ
椎葉	しいば
椎野	しいの
椙山	すぎやま
椛島	かばしま
検校	けんぎょう
検見川	けみがわ
椿原	つばきはら
椿山	つばきやま
楊井	やぎい
楊枝	ようじ
楊貴妃	ようきひ
楠井	くすい
楠公	なんこう
楠原	くすはら
楠山	くすやま
楠木	くすのき
楠本	くすもと
楠瀬	くすのせ
楠田	くすだ
楠葉	くすは
楢原	ならはら
楢山節考	ならやまぶしこう
楢崎	ならさき
楢葉	ならは
業平	なりひら
業平橋	なりひらばし
楯山	たてやま
楳図	うめず
楼門	ろうもん
楽堂	がくどう
楽山	らくざん
楽市	らくいち
榊原	さかきばら
榎並	えなみ
榎戸	えのと
榎木	えのき
榎本	えのもと
榎田	えのきだ
榛原	はいばら
榛名	はるな
榛東	しんとう
榮一	えいいち
榮太郎	えいたろう
榴ヶ岡	つつじがおか
榴岡	つつじがおか
槇原	まきはら
様似	さまに
槙原	まきはら
槙尾	まきお
槙島	まきしま
槙田	まきた
槙野	まきの
槻木	つきのき
樋上	ひがみ
樋口	ひぐち
樋渡	ひわたり
樋田	ひだ
標津	しべつ
標茶	しべちゃ
権兵衛	ごんべえ
権堂	ごんどう
権現	ごんげん
権現堂	ごんげんどう
権現山	ごんげんやま
権田	ごんだ
権蔵	ごんぞう
権藤	ごんどう
横井	よこい
横倉	よこくら
横光	よこみつ
横内	よこうち
横地	よこじ
横堀	よこぼり
横堤	よこづつみ
横塚	よこつか
横大路	よこおおじ
横寺	よこてら
横尾	よこお
横屋	よこや
横山	よこやま
横島	よこしま
横川	よこかわ
横木	よこぎ
横森	よこもり
横江	よこえ
横沢	よこざわ
横河電機	よこがわでんき
横浜公園	よこはまこうえん
横浜国大	よこはまこくだい
横浜国立大学	よこはまこくりつだいがく
横溝	よこみぞ
横澤	よこざわ
横瀬	よこせ
横田	よこた
横町	よこちょう
横笛	よこぶえ
横芝	よこしば
横見	よこみ
横谷	よこたに
横野	よこの
横長	よこなが
横関	よこぜき
横須賀	よこすか
樫尾	かしお
樫山	かしやま
樫木	かしき
樫村	かしむら
樫野	かしの
樹下	きのした
樹奈	きな
樹本	きもと
樹生	みきお
樹里	じゅり
樹高	きだか
樺太	からふと
樺山	かばやま
樺島	かばしま
樺戸	かばと
樺沢	かばさわ
樽井	たるい
樽屋	たるや
樽川	たるかわ
樽見	たるみ
橋上	はしがみ
橋之助	はしのすけ
橋元	はしもと
橋口	はしぐち
橋場	はしば
橋岡	はしおか
橋川	はしかわ
橋本	はしもと
橋村	きょうそん
橋杭	はしぐい
橋爪	はしづめ
橋田	はしだ
橋立	はしだて
橋西	はしにし
橋詰	はしづめ
橋野	はしの
橘川	きっかわ
橘田	きった
橘高	きったか
機外	きがい
機織	はたおり
橿原	かしはら
橿原神宮	かしはらじんぐう
橿原神宮前	かしはらじんぐうまえ
橿原線	かしはらせん
檜原	ひばら
檜垣	ひがき
檜山	ひやま
檮原	ゆすはら
櫛引	くしびき
櫛形	くしがた
櫛田	くした
櫛野	くしの
櫻井	さくらい
櫻子	さくらこ
櫻木	さくらぎ
櫻田	さくらだ
次屋	つぎや
次生	つぎお
次郎	じろう
次郎丸	じろうまる
次郎吉	じろきち
欣一	きんいち
欣也	きんや
欣二	きんじ
欽一	きんいち
欽也	きんや
欽明	きんめい
歌丸	うたまる
歌子	うたこ
歌川	うたがわ
歌志内	うたしない
歌昇	かしょう
歌枕	うたまくら
歌津	うたつ
歌田	うただ
歌穂	かほ
歌織	かおり
歌舞伎町	かぶきちょう
歌論	かろん
歌麿	うたまろ
止観	しかん
正一	しょういち
正一郎	しょういちろう
正三	しょうぞう
正中	せいちゅう
正久	ただひさ
正之	まさゆき
正之助	しょうのすけ
正也	まさや
正二	しょうじ
正人	まさひと
正代	しょうだい
正俊	まさとし
正保	しょうほ
正信	まさのぶ
正克	まさかつ
正利	まさとし
正力	しょうりき
正勝	まさかつ
正博	まさひろ
正司	まさし
正吉	しょうきち
正名	まさな
正吾	しょうご
正和	まさかず
正喜	まさき
正嗣	まさつぐ
正堂	せいどう
正夢	まさゆめ
正大	まさひろ
正太	しょうた
正太郎	しょうたろう
正夫	まさお
正子	まさこ
正宗	まさむね
正実	まさみ
正岡	まさおか
正岡子規	まさおかしき
正巳	まさみ
正平	しょうへい
正幸	まさゆき
正広	まさひろ
正廣	まさひろ
正弘	まさひろ
正彦	まさひこ
正徳	まさのり
正念	しょうねん
正恭	まさやす
正憲	まさのり
正成	まさしげ
正敏	まさとし
正文	まさふみ
正方	せいほう
正明	まさあき
正晃	まさあき
正晴	まさはる
正木	まさき
正栄	しょうえい
正格	せいかく
正樹	まさき
正次	まさじ
正毅	まさき
正治	まさじ
正洋	まさひろ
正浩	まさひろ
正煕	せいき
正田	しょうだ
正男	まさお
正章	まさあき
正篤	まさあつ
正紀	まさのり
正純	まさずみ
正美	まさみ
正臣	まさおみ
正芳	まさよし
正英	まさひで
正蔵	しょうぞう
正行	まさゆき
正裕	まさひろ
正覚	しょうがく
正親	まさちか
正親町	おおぎまち
正貴	まさたか
正輝	まさき
正造	しょうぞう
正邦	まさくに
正隆	まさたか
正雀	しょうじゃく
正雄	まさお
正雪	しょうせつ
正露丸	せいろがん
正風	しょうふう
此花	このはな
武一	たけいち
武丸	たけまる
武之	たけゆき
武二	たけじ
武井	たけい
武信	たけのぶ
武内	たけうち
武則	たけのり
武史	たけし
武司	たけし
武吉	たけよし
武四郎	たけしろう
武夫	たけお
武子	たけこ
武宏	たけひろ
武富	たけとみ
武富士	たけふじ
武居	たけい
武山	たけやま
武岡	たけおか
武川	たけかわ
武市	たけいち
武庫	むこ
武庫之荘	むこのそう
武庫川	むこがわ
武庫川女子大学	むこがわじょしだいがく
武庫川線	むこがわせん
武彦	たけひこ
武徳	たけのり
武志	たけし
武揚	たけあき
武政	たけまさ
武文	たけふみ
武智	たけち
武本	たけもと
武村	たけむら
武林	たけばやし
武洋	たけひろ
武満	たけみつ
武漢	ぶかん
武生	たけふ
武田	たけだ
武田薬品工業	たけだやくひんこうぎょう
武男	たけお
武石	たけいし
武者小路	むしゃのこうじ
武蔵	むさし
武蔵丘	むさしがおか
武蔵中原	むさしなかはら
武蔵丸	むさしまる
武蔵坊	むさしぼう
武蔵境	むさしさかい
武蔵大学	むさしだいがく
武蔵小金井	むさしこがねい
武蔵新城	むさししんじょう
武蔵村山	むさしむらやま
武蔵野	むさしの
武蔵野台	むさしのだい
武蔵野線	むさしのせん
武蔵野美術大学	むさしのびじゅつだいがく
武蔵野音楽大学	むさしのおんがくだいがく
武藤	むとう
武谷	たけや
武豊線	たけとよせん
武郎	たけお
武部	たけべ
武野	たけの
武門	ぶもん
武隈	たけくま
武雄	たけお
武雄温泉	たけおおんせん
歩美	あゆみ
歯舞	はぼまい
歳三	さいぞう
残花	ざんか
段原	だんばら
段田	だんだ
殿山	とのやま
殿村	とのむら
殿町	とのまち
毅一郎	きいちろう
毅彦	たけひこ
毎日新聞	まいにちしんぶん
毎日新聞社	まいにちしんぶんしゃ
毒島	どくしま
比企	ひき
比佐志	ひさし
比内	ひない
比叡	ひえい
比呂	ひろ
比呂子	ひろこ
比呂志	ひろし
比呂美	ひろみ
比嘉	ひが
比奈	ひな
比奈子	ひなこ
比婆	ひば
比屋根	ひやね
比島	ひしま
比布	ぴっぷ
比留川	ひるかわ
比留間	ひるま
比羅夫	ひらふ
比翼	ひよく
比良	ひら
毘沙門	びしゃもん
毘沙門堂	びしゃもんどう
毘沙門天	びしゃもんてん
毛利	もうり
毛呂山	もろやま
毛塚	けづか
毛沢東	もうたくとう
毛無	けなし
毛織	けおり
毛馬	けま
毬藻	まりも
氏原	うじはら
氏家	うじいえ
氏康	うじやす
氏政	うじまさ
氏直	うじなお
氏真	うじざね
氏綱	うじつな
民代	たみよ
民喜	たみき
民夫	たみお
民子	たみこ
民草	たみくさ
民進党	みんしんとう
民青	みんせい
気仙	けせん
気仙沼	けせんぬま
気動車	きどうしゃ
気賀	きが
気高	けたか
水井	みずい
水俣	みなまた
水元	みずもと
水元公園	みずもとこうえん
水先	みずさき
水内	みずうち
水出	みずいで
水前寺	すいぜんじ
水原	みずはら
水垣	みずがき
水城	みずしろ
水堂	みずどう
水子	みずこ
水守	みずもり
水尾	みお
水屋	みずや
水山	みずやま
水島	みずしま
水島本線	みずしまほんせん
水崎	みずさき
水嶋	みずしま
水川	みずかわ
水巻	みずまき
水希	みずき
水引	みずひき
水彩	すいさい
水戸	みと
水戸線	みとせん
水戸部	みとべ
水戸黄門	みとこうもん
水明	すいめい
水月	すいげつ
水本	みずもと
水梨	みずなし
水森	みずもり
水樹	みずき
水橋	みずはし
水江	みずえ
水沢	みずさわ
水沼	みずぬま
水海	みずうみ
水海道	みつかいどう
水溜	みずたまり
水澤	みずさわ
水無	みずなし
水無月	みなつき
水無瀬	みなせ
水瓶座	みずがめざ
水町	みずまち
水石	すいせき
水神	すいじん
水穂	みずほ
水窪	みずくぼ
水納島	みんなしま
水菜	みずな
水落	みずおち
水谷	みずたに
水越	みずこし
水道橋	すいどうばし
水郡線	すいぐんせん
水野	みずの
水間	みずま
氷上	ひかみ
氷取沢	ひとりざわ
氷川	ひかわ
氷川丸	ひかわまる
氷川台	ひかわだい
氷川神社	ひかわじんじゃ
氷海	ひょうかい
氷菓	ひょうか
氷見	ひみ
氷見線	ひみせん
氷雨	ひさめ
永一	えいいち
永井	ながい
永作	ながさく
永倉	ながくら
永光	ながみつ
永利	ながとし
永原	ながはら
永友	ながとも
永吉	えいきち
永和	ひさかず
永塚	ながつか
永子	えいこ
永守	ながもり
永安	ながやす
永寿	ながとし
永尾	ながお
永山	ながやま
永岡	ながおか
永峰	ながみね
永島	ながしま
永崎	ながさき
永嶋	ながしま
永川	えいかわ
永平寺	えいへいじ
永年	えいねん
永戸	えいと
永木	ながき
永村	ながむら
永松	ながまつ
永楽	えいらく
永江	ながえ
永沢	ながさわ
永源寺	えいげんじ
永澤	ながさわ
永瀬	ながせ
永生	えいせい
永田	ながた
永田町	ながたちょう
永福	えいふく
永見	ながみ
永観堂	えいかんどう
永谷	ながたに
永里	ながさと
永野	ながの
汐入	しおいり
汐崎	しおざき
汐留	しおどめ
汐見	しおみ
汐音	しおね
汐風	しおかぜ
江別	えべつ
江利	えり
江刺	えさし
江副	えぞえ
江北	こうほく
江南	こうなん
江原	えばら
江口	えぐち
江古田	えこだ
江坂	えさか
江夏	えなつ
江子	こうこ
江守	えもり
江尻	えじり
江島	えじま
江崎	えざき
江川	えがわ
江差	えさし
江差線	えさしせん
江府	こうふ
江戸城	えどじょう
江戸崎	えどさき
江戸川	えどがわ
江戸川台	えどがわだい
江戸川大学	えどがわだいがく
江木	えぎ
江本	えもと
江村	えむら
江東	こうとう
江梨子	えりこ
江森	えもり
江沼	えぬま
江津	ごうつ
江渡	えと
江湖	こうこ
江田	えだ
江畑	えはた
江端	えばた
江草	えぐさ
江藤	えとう
江蘇	こうそ
江西	こうせい
江見	えみ
江角	えずみ
江越	えごし
江迎	えむかえ
江部	えべ
江里	えり
江野	えの
江間	えま
江頭	えとう
池上	いけがみ
池上線	いけがみせん
池下	いけした
池乃	いけの
池之端	いけのはた
池元	いけもと
池内	いけうち
池原	いけはら
池口	いけぐち
池坊	いけのぼう
池子	いけご
池尻	いけじり
池尻大橋	いけじりおおはし
池山	いけやま
池峰	いけみね
池島	いけじま
池崎	いけざき
池川	いけがわ
池戸	いけど
池本	いけもと
池村	いけむら
池水	いけみず
池永	いけなが
池沢	いけざわ
池波	いけなみ
池添	いけぞえ
池澤	いけざわ
池田	いけだ
池畑	いけはた
池端	いけはた
池脇	いけわき
池袋	いけぶくろ
池袋本	いけぶくろほん
池見	いけみ
池谷	いけたに
池辺	いけべ
池部	いけべ
池野	いけの
池間	いけま
沓掛	くつかけ
沖山	おきやま
沖島	おきしま
沖本	おきもと
沖永良部	おきのえらぶ
沖永良部島	おきのえらぶしま
沖津	おきつ
沖浜	おきはま
沖田	おきた
沖縄国際大学	おきなわこくさいだいがく
沖縄電力	おきなわでんりょく
沖野	おきの
沙世	さよ
沙也	さや
沙也加	さやか
沙也香	さやか
沙奈	さな
沙季	さき
沙弥	さや
沙悟浄	さごじょう
沙月	さつき
沙流	さる
沙穂	さほ
沙紀	さき
沙緒理	さおり
沙織	さおり
沙羅	さら
沙耶	さや
沙良	さら
沙貴	さき
沙都子	さとこ
沙里	さり
沙里奈	さりな
沙門	しゃもん
沢井	さわい
沢口	さわぐち
沢尻	さわじり
沢崎	さわざき
沢木	さわき
沢本	さわもと
沢村	さわむら
沢海	そうみ
沢渡	さわたり
沢田	さわだ
沢登	さわのぼり
沢野	さわの
河上	かわかみ
河下	かわしも
河中	かわなか
河井	かわい
河内	かわうち
河内屋	かわうちや
河内長野	かわちながの
河出	かわいで
河北	かほく
河南	かなん
河原崎	かわらざき
河原田	かわらだ
河原町	かわらまち
河口湖	かわぐちこ
河合	かわい
河和	こうわ
河和線	こうわせん
河島	かわしま
河崎	かわさき
河嶋	かわしま
河床	かしょう
河本	かわもと
河村	かわむら
河東	かわひがし
河沼	かわぬま
河津	かわづ
河添	かわぞえ
河瀬	かわせ
河田	かわた
河相	かあい
河端	かわばた
河西	かさい
河辺	かわべ
河野	こうの
河鍋	かわなべ
河馬	かば
河鹿	かじか
油屋	あぶらや
油山	あぶらやま
油川	あぶらかわ
油木	ゆき
油津	あぶらつ
油谷	あぶらや
治一郎	じいちろう
治之	はるゆき
治五郎	じごろう
治勲	ちくん
治夫	はるお
治子	はるこ
治彦	はるひこ
治朗	じろう
治樹	はるき
治田	はるた
治男	はるお
治良	はるよし
治虫	おさむ
治郎	じろう
治部	じぶ
治雄	はるお
沼倉	ぬまくら
沼南	しょうなん
沼垂	ぬたり
沼宮内	ぬまくない
沼尻	ぬまじり
沼島	ぬましま
沼津	ぬまづ
沼袋	ぬまぶくろ
沼部	ぬまべ
沼野	ぬまの
沼隈	ぬまくま
泉ヶ丘	いずみがおか
泉佐野	いずみさの
泉北	せんぼく
泉南	せんなん
泉大津	いずみおおつ
泉山	いずみやま
泉岳寺	せんがくじ
泉崎	いずみさき
泉川	いずみかわ
泉州	せんしゅう
泉澤	いずみさわ
泉田	いずみだ
泉町	いずみちょう
泉谷	いずみたに
泉野	いずみの
法円坂	ほうえんざか
法力	ほうりき
法印	ほういん
法名	ほうみょう
法子	のりこ
法官	ほうかん
法政大学	ほうせいだいがく
法条	ほうじょう
法正	のりまさ
法然	ほうねん
法眼	ほうげん
法華	ほっけ
法蓮	ほうれん
法蔵	ほうぞう
法隆寺	ほうりゅうじ
泡沫	ほうまつ
泡瀬	あわせ
波佐見	はさみ
波多	はた
波多江	はたえ
波多野	はたの
波子	なみこ
波山	なみやま
波岡	なみおか
波崎	はさき
波川	なみかわ
波平	なみへい
波戸	はと
波打	なみうち
波木	なみき
波津	はつ
波照間	はてるま
波田	なみた
波留	はる
波羅蜜	はらみつ
波賀	はが
波路	なみじ
波野	なみの
注連	しめ
泰一	ひろかず
泰三	たいぞう
泰久	やすひさ
泰之	やすゆき
泰介	たいすけ
泰代	やすよ
泰光	やすみつ
泰典	やすのり
泰史	やすふみ
泰司	たいじ
泰地	たいじ
泰士	やすし
泰夫	やすお
泰子	やすこ
泰宏	やすひろ
泰寛	やすひろ
泰山	たいざん
泰平	たいへい
泰幸	やすゆき
泰弘	やすひろ
泰彦	やすひこ
泰志	やすし
泰成	やすなり
泰文	やすふみ
泰斗	たいと
泰明	たいめい
泰樹	やすき
泰正	やすまさ
泰治	やすはる
泰淳	たいじゅん
泰生	やすお
泰男	やすお
泰秀	やすひで
泰葉	やすは
泰行	やすゆき
泰裕	やすひろ
泰造	たいぞう
泰阜	やすおか
泰雄	やすお
洋一	よういち
洋一郎	よういちろう
洋三	ようぞう
洋之	ひろゆき
洋二	ようじ
洋二郎	ようじろう
洋介	ようすけ
洋光	ひろみつ
洋光台	ようこうだい
洋史	ひろし
洋右	ようすけ
洋司	ようじ
洋子	ようこ
洋孝	ひろたか
洋平	ようへい
洋志	ひろし
洋文	ひろふみ
洋明	ひろあき
洋次	ようじ
洋次郎	ようじろう
洋治	ようじ
洋祐	ようすけ
洋美	ひろみ
洋輔	ようすけ
洋雄	ひろお
洗心	せんしん
洛中	らくちゅう
洛陽	らくよう
洞口	どうぐち
洞爺	とうや
洞爺湖	とうやこ
洞門	どうもん
津久井	つくい
津久井湖	つくいこ
津久見	つくみ
津久野	つくの
津別	つべつ
津南	つなん
津原	つはら
津名	つな
津和	つわ
津和野	つわの
津嘉山	つかやま
津奈木	つなぎ
津守	つもり
津屋崎	つやざき
津山	つやま
津山線	つやません
津島	つしま
津島線	つしません
津崎	つさき
津川	つがわ
津幡	つばた
津曲	つまがり
津本	つもと
津村	つむら
津森	つもり
津浪	つなみ
津田	つだ
津田塾大学	つだじゅくだいがく
津田沼	つだぬま
津留	つる
津留崎	つるさき
津谷	つや
津賀	つが
津軽	つがる
津軽海峡	つがるかいきょう
津野	つの
津金	つかね
洪庵	こうあん
洲崎	すざき
洲本	すもと
流下	りゅうか
流山	ながれやま
流川	るかわ
流花	るか
流通経済大学	りゅうつうけいざいだいがく
浄土ヶ浜	じょうどがはま
浄心	じょうしん
浅丘	あさおか
浅井	あさい
浅倉	あさくら
浅利	あさり
浅原	あさはら
浅口	あさくち
浅地	あさじ
浅場	あさば
浅子	あさこ
浅尾	あさお
浅山	あさやま
浅岡	あさおか
浅川	あさかわ
浅木	あさぎ
浅水	あさみず
浅沼	あさぬま
浅海	あさみ
浅生	あそう
浅田	あさだ
浅羽	あさば
浅茅	あさじ
浅草	あさくさ
浅草寺	せんそうじ
浅草橋	あさくさばし
浅草線	あさくさせん
浅葉	あさば
浅葱	あさぎ
浅虫	あさむし
浅虫温泉	あさむしおんせん
浅賀	あさが
浅越	あさごえ
浅野	あさの
浅間	あさま
浅間山	あさまやま
浅間温泉	あさまおんせん
浅香	あさか
浅香山	あさかやま
浅黄	あさぎ
浙江	せっこう
浜中	はまなか
浜北	はまきた
浜原	はまはら
浜口	はまぐち
浜名	はまな
浜名湖	はまなこ
浜坂	はまさか
浜大津	はまおおつ
浜寺	はまでら
浜寺公園	はまでらこうえん
浜尾	はまお
浜屋	はまや
浜岡	はまおか
浜岡原発	はまおかげんぱつ
浜島	はましま
浜崎	はまさき
浜川	はまかわ
浜川崎	はまかわさき
浜本	はまもと
浜村	はまむら
浜松医科大学	はままついかだいがく
浜浦	はまうら
浜田	はまだ
浜田山	はまだやま
浜町	はまちょう
浜益	はまます
浜脇	はまわき
浜谷	はまや
浜野	はまの
浜頓別	はまとんべつ
浜風	はまかぜ
浦上	うらがみ
浦井	うらい
浦佐	うらさ
浦原	うらはら
浦口	うらぐち
浦和	うらわ
浦安	うらやす
浦山	うらやま
浦島	うらしま
浦崎	うらさき
浦嶋	うらしま
浦川	うらかわ
浦幌	うらほろ
浦戸	うらと
浦東	ほとう
浦江	うらえ
浦沢	うらさわ
浦河	うらかわ
浦添	うらそえ
浦田	うらた
浦臼	うらうす
浦西	うらにし
浦賀	うらが
浦辺	うらべ
浦部	うらべ
浦野	うらの
浩一	こういち
浩三	こうぞう
浩之	ひろゆき
浩二	こうじ
浩人	ひろと
浩代	ひろよ
浩俊	ひろとし
浩信	ひろのぶ
浩史	ひろし
浩司	こうじ
浩哉	ひろや
浩喜	ひろき
浩太朗	こうたろう
浩太郎	こうたろう
浩子	ひろこ
浩宮	ひろのみや
浩市	こういち
浩平	こうへい
浩幸	ひろゆき
浩志	ひろし
浩成	ひろなり
浩文	ひろふみ
浩明	ひろあき
浩昭	ひろあき
浩暉	こうき
浩樹	ひろき
浩次	こうじ
浩正	ひろまさ
浩章	ひろあき
浩美	ひろみ
浩行	ひろゆき
浪合	なみあい
浪岡	なみおか
浪江	なみえ
浪花	なにわ
浪速	なにわ
浮名	うきな
浮田	うきた
浮石	うきいし
浮羽	うきは
浮舟	うきふね
浮草	うきくさ
浮間	うきま
海人	あま
海保	かいほ
海南	かいなん
海堂	かいどう
海士	かいし
海宝	かいほう
海峡線	かいきょうせん
海峰	かいほう
海島	うみしま
海崎	かいざき
海川	うみかわ
海星	かいせい
海月	くらげ
海棠	かいどう
海楽	かいらく
海江田	かいえだ
海津	かいづ
海浜幕張	かいひんまくはり
海渡	かいど
海燕	うみつばめ
海王	かいおう
海田	かいた
海竜	かいりゅう
海老原	えびはら
海老名	えびな
海老川	えびがわ
海老根	えびね
海老江	えびえ
海老沢	えびさわ
海老蔵	えびぞう
海舟	かいしゅう
海部	かいふ
海里	かいり
海野	うみの
海門	かいもん
海陸	かいりく
海陽	かいよう
海音寺	かいおんじ
海馬	かいば
海鼠	なまこ
涌井	わくい
涌谷	わくや
涸沢	からさわ
涸沼	ひぬま
涼介	りょうすけ
涼太	りょうた
涼子	りょうこ
涼木	すずき
涼香	りょうか
淀屋橋	よどやばし
淀川	よどがわ
淀殿	よどどの
淀江	よどえ
淑子	よしこ
淑徳大学	しゅくとくだいがく
淑恵	よしえ
淡海	おうみ
淡紅	あわべに
淡谷	あわや
淡路	あわじ
淡路島	あわじしま
淡雪	あわゆき
淮南	わいなん
深井	ふかい
深作	ふかさく
深堀	ふかほり
深大寺	じんだいじ
深尾	ふかお
深川	ふかがわ
深志	しんじ
深水	ふかみず
深江	ふかえ
深沢	ふかざわ
深津	ふかつ
深浦	ふかうら
深溝	ふこうず
深澤	ふかざわ
深瀬	ふかせ
深田	ふかだ
深町	ふかまち
深草	ふかくさ
深見	ふかみ
深見東	ふかみひがし
深谷	ふかや
深野	ふかの
深雪	みゆき
淳一	じゅんいち
淳之介	じゅんのすけ
淳也	あつや
淳二	じゅんじ
淳史	あつし
淳司	じゅんじ
淳哉	じゅんや
淳子	じゅんこ
淳彦	あつひこ
淳志	あつし
淵上	ふちがみ
淵野辺	ふちのべ
淺井	あさい
淺野	あさの
淺間	あさま
添田	そえだ
添野	そえの
清一	せいいち
清一郎	せいいちろう
清三郎	せいざぶろう
清乃	きよの
清久	きよく
清之	きよゆき
清二	せいじ
清井	きよい
清人	きよと
清元	きよもと
清光	きよみつ
清内路	せいないじ
清原	きよはら
清史	きよし
清司	きよし
清吉	せいきち
清和	きよかず
清塚	きよつか
清太郎	せいたろう
清姫	きよひめ
清子	きよこ
清孝	きよたか
清宮	すがのみや
清家	せいけ
清少納言	せいしょうなごん
清山	きよやま
清岡	きよおか
清川	きよかわ
清州	せいしゅう
清張	せいちょう
清彦	きよひこ
清心	せいしん
清志	きよし
清志郎	きよしろう
清成	きよしげ
清文	きよふみ
清方	きよかた
清春	きよはる
清月	せいげつ
清本	きよもと
清栄	せいえい
清次	せいじ
清正	きよまさ
清武	きよたけ
清水	しみず
清水寺	きよみずでら
清水屋	しみずや
清水建設	しみずけんせつ
清水谷	しみずだに
清永	きよなが
清沢	きよさわ
清河	きよかわ
清治	せいじ
清泉	せいせん
清洲	きよす
清浦	きようら
清海	きよみ
清滝	きよたき
清潭	せいたん
清瀬	きよせ
清田	きよだ
清盛	きよもり
清秀	きよひで
清美	きよみ
清荒神	きよしこうじん
清華	せいか
清行	きよゆき
清見	きよみ
清谷	きよたに
清貴	きよたか
清輝	きよてる
清道	きよみち
清里	きよさと
清野	せいの
清閑	せいかん
清陵	せいりょう
清隆	きよたか
清雅	せいが
清音	せいおん
清須	きよす
清香	きよか
済州	さいしゅう
渋井	しぶい
渋川	しぶかわ
渋江	しぶえ
渋沢	しぶさわ
渋澤	しぶさわ
渕上	ふちがみ
渚沙	なぎさ
渡久地	とぐち
渡井	わたい
渡会	わたらい
渡具知	とぐち
渡利	わたり
渡口	とぐち
渡名喜	となき
渡嘉敷	とかしき
渡守	ともり
渡波	わたのは
渡洋	とよう
渡海	とかい
渡瀬	わたせ
渡辺	わたなべ
渡邉	わたなべ
渡邊	わたなべ
渡部	わたなべ
渤海	ぼっかい
渥美	あつみ
渥美線	あつみせん
渦巻	うずまき
温井	ぬくい
温子	あつこ
温水	おんすい
温泉津	ゆのつ
温海	あつみ
港北	こうほく
港南	こうなん
港南台	こうなんだい
港川	みなとがわ
港町	みなとまち
湊川	みなとがわ
湊川公園	みなとがわこうえん
湊町	みなとまち
湊線	みなとせん
湊谷	みなとや
湖上	こじょう
湖北	こほく
湖南	こなん
湖山	こやま
湖東	ことう
湖西	こさい
湖西線	こせいせん
湘南	しょうなん
湘南台	しょうなんだい
湛山	たんざん
湧別	ゆうべつ
湧川	わくかわ
湯元	ゆもと
湯前	ゆのまえ
湯原	ゆはら
湯口	ゆぐち
湯屋	ゆや
湯山	ゆやま
湯島	ゆしま
湯島天神	ゆしまてんじん
湯崎	ゆざき
湯川	ゆかわ
湯布院	ゆふいん
湯木	ゆき
湯本	ゆもと
湯村	ゆむら
湯来	ゆき
湯殿	ゆどの
湯沢	ゆざわ
湯河原	ゆがわら
湯浅	ゆあさ
湯澤	ゆざわ
湯田	ゆだ
湯田温泉	ゆだおんせん
湯舟	ゆぶね
湯葉	ゆば
湯西川	ゆにしかわ
湯郷	ゆのごう
湯野浜	ゆのはま
湯釜	ゆがま
湾内	わんない
満子	みつこ
満寿夫	ますお
満州	まんしゅう
満智子	まちこ
満田	みつだ
満男	みつお
満祐	みつすけ
満里奈	まりな
源之助	げんのすけ
源五郎	げんごろう
源内	げんない
源次郎	げんじろう
源氏物語	げんじものがたり
源田	げんだ
源義経	みなもとよしつね
源蔵	げんぞう
準之助	じゅんのすけ
溜池	ためいけ
溝上	みぞかみ
溝口	みぞぐち
溝川	どぶがわ
溝手	みぞて
溝江	みぞえ
溝渕	みぞぶち
溝端	みぞばた
溝辺	みぞべ
溝部	みぞべ
溥儀	ふぎ
滉一	こういち
滋子	しげこ
滋賀	しが
滋賀医科大学	しがいかだいがく
滋賀大学	しがだいがく
滋賀県立大学	しがけんりつだいがく
滋野	しげの
滑川	なめりかわ
滝上	たきがみ
滝下	たきした
滝井	たきい
滝原	たきはら
滝子	たきこ
滝山	たきやま
滝平	たきだいら
滝本	たきもと
滝沢	たきざわ
滝澤	たきざわ
滝田	たきた
滝見	たきみ
滝谷	たきや
滝野	たきの
漆原	うるしはら
漆山	うるしやま
演義	えんぎ
漢書	かんじょ
漢江	かんこう
漫遊	まんゆう
漱石	そうせき
潔子	きよこ
潟上	かたがみ
潤一	じゅんいち
潤一郎	じゅんいちろう
潤子	じゅんこ
潮岬	しおのみさき
潮崎	しおざき
潮来	いたこ
潮江	しおえ
潮田	うしおだ
潮見	しおみ
潮騒	しおさい
澁澤	しぶさわ
澁谷	しぶや
澄人	すみと
澄夫	すみお
澄子	すみこ
澄川	すみかわ
澄江	すみえ
澤井	さわい
澤口	さわぐち
澤木	さわき
澤本	さわもと
澤村	さわむら
澤田	さわだ
澤登	さわのぼり
澤野	さわの
濃姫	のうひめ
濃尾平野	のうびへいや
濱中	はまなか
濱口	はまぐち
濱岡	はまおか
濱崎	はまさき
濱本	はまもと
濱松	はままつ
濱田	はまだ
濱野	はまの
瀋陽	しんよう
瀧口	たきぐち
瀧山	たきやま
瀧川	たきかわ
瀧沢	たきざわ
瀧澤	たきざわ
瀧田	たきた
瀬上	せがみ
瀬下	せしも
瀬南	せなみ
瀬口	せぐち
瀬古	せこ
瀬名	せな
瀬奈	せな
瀬尻	せじり
瀬尾	せお
瀬山	せやま
瀬峰	せみね
瀬島	せしま
瀬崎	せざき
瀬川	せがわ
瀬底	せそこ
瀬戸内	せとうち
瀬戸内海	せとないかい
瀬戸口	せとぐち
瀬戸大橋	せとおおはし
瀬戸大橋線	せとおおはしせん
瀬戸山	せとやま
瀬戸田	せとだ
瀬戸線	せとせん
瀬木	せき
瀬棚	せたな
瀬沼	せぬま
瀬田	せた
瀬能	せのう
瀬谷	せや
瀬野	せの
瀬長	せなが
瀬間	せま
瀬音	せおと
瀬高	せたか
火影	ほかげ
火打	ひうち
火打石	ひうちいし
火矢	ひや
火縄	ひなわ
火野	ひの
灯明	とうみょう
灰野	はいの
炭焼	すみやき
炭谷	すみたに
為信	ためのぶ
為朝	ためとも
為田	ためだ
烈子	れつこ
烈火	れっか
烈風	れっぷう
烏丸	からすま
烏丸線	からすません
烏山	からすやま
烏山線	からすやません
烏川	からすがわ
烏帽子岩	えぼしいわ
烏森	からすもり
無住	むじゅう
無双	むそう
無尽	むじん
無想	むそう
無文	むもん
無月	なつき
無水	むすい
無煙	むえん
無花果	いちじく
無蓋	むがい
然別	しかりべつ
然別湖	しかりべつこ
焼岳	やけだけ
焼津	やいづ
照之	てるゆき
照井	てるい
照夫	てるお
照子	てるこ
照屋	てるや
照幸	てるゆき
照彦	てるひこ
照応	しょうおう
照星	しょうせい
照美	てるみ
照雄	てるお
煬帝	ようだい
熊井	くまい
熊倉	くまくら
熊原	くまはら
熊取	くまとり
熊吉	くまきち
熊坂	くまさか
熊山	くまやま
熊岡	くまおか
熊崎	くまさき
熊川	くまかわ
熊木	くまき
熊本	くまもと
熊本大学	くまもとだいがく
熊楠	くまぐす
熊毛	くまげ
熊沢	くまざわ
熊澤	くまざわ
熊田	くまだ
熊石	くまいし
熊笹	くまざさ
熊谷	くまがや
熊谷組	くまがいぐみ
熊野	くまの
熊野前	くまのまえ
熊野川	くまのがわ
熊野灘	くまのなだ
熨斗	のし
熱海	あたみ
熱田	あつた
燈台	とうだい
燈子	とうこ
燈明	とうみょう
燈籠	とうろう
燿子	ようこ
爛漫	らんまん
爽太	そうた
爽子	そうこ
爾志	にし
片上	かたがみ
片倉	かたくら
片口	かたぐち
片品	かたしな
片寄	かたよせ
片山	かたやま
片山津	かたやまづ
片山津温泉	かたやまづおんせん
片岡	かたおか
片平	かたひら
片柳	かたやなぎ
片桐	かたぎり
片浜	かたはま
片淵	かたぶち
片瀬	かたせ
片田	かただ
片町	かたまち
片町線	かたまちせん
片貝	かたがい
片野	かたの
牛丸	うしまる
牛久	うしく
牛久保	うしくぼ
牛久沼	うしくぬま
牛尾	うしお
牛山	うしやま
牛島	うしじま
牛木	うしき
牛沢	うしさわ
牛深	うしぶか
牛渕	うしぶち
牛田	うした
牛窓	うしまど
牛窪	うしくぼ
牛込	うしごめ
牛頭	ごず
牛首	うしくび
牟岐	むぎ
牟岐線	むぎせん
牟田	むた
牟礼	むれ
牧之	ぼくし
牧之原	まきのはら
牧原	まきはら
牧口	まきぐち
牧園	まきぞの
牧子	まきこ
牧山	まきやま
牧島	まきしま
牧志	まきし
牧本	まきもと
牧村	まきむら
牧水	ぼくすい
牧港	まきみなと
牧瀬	まきせ
牧田	まきた
牧童	ぼくどう
牧羊	ぼくよう
牧落	まきおち
物見山	ものみやま
物部	もののべ
牽牛	けんぎゅう
犀川	さいかわ
犀星	さいせい
犬上	いぬかみ
犬丸	いぬまる
犬井	いぬい
犬伏	いぬぶし
犬吠	いぬぼえ
犬吠埼	いぬぼうざき
犬塚	いぬつか
犬山	いぬやま
犬山線	いぬやません
犬島	いぬしま
犬川	いぬかわ
犬走	いぬばしり
犬飼	いぬかい
犬鳴	いぬなき
狂喜	きょうき
狂四郎	きょうしろう
狐塚	きつねづか
狛江	こまえ
狩宿	かりやど
狩生	かりう
狩留家	かるが
狩衣	かりぎぬ
狩谷	かりや
狩野	かの
独歩	どっぽ
独眼竜	どくがんりゅう
独立記念日	どくりつきねんび
独鈷	とっこ
狭山	さやま
狭霧	さぎり
狼煙	のろし
猛男	たけお
猛虎	もうこ
猟場	りょうば
猪俣	いのまた
猪原	いのはら
猪又	いのまた
猪名川	いながわ
猪子	いのこ
猪木	いのき
猪瀬	いのせ
猪熊	いのくま
猪狩	いがり
猪股	いのまた
猪苗代	いなわしろ
猪苗代湖	いなわしろこ
猪谷	いがや
猪野	いの
猪飼	いかい
猫又	ねこまた
猫娘	ねこむすめ
猫屋	ねこや
猫山	ねこやま
猫島	ねこしま
猫田	ねこた
猫足	ねこあし
猫魔	ねこま
献堂	けんどう
猶子	ゆうこ
猿丸	さるまる
猿之助	えんのすけ
猿山	さるやま
猿島	さるしま
猿払	さるふつ
猿投	さなげ
猿投山	さなげやま
猿橋	さるばし
猿江	さるえ
猿沢	さるさわ
猿渡	さるわたり
猿田	さるた
猿飛佐助	さるとびさすけ
獅子吼	ししく
獅子王	ししおう
獅童	しどう
獅郎	しろう
獨協医科大学	どっきょういかだいがく
獨協大学	どっきょうだいがく
玄妙	げんみょう
玄室	げんしつ
玄武	げんぶ
玄海	げんかい
玄田	げんだ
玄界灘	げんかいなだ
玄白	げんぱく
玄蕃	げんば
玉三郎	たまさぶろう
玉串	たまぐし
玉乃	たまの
玉井	たまい
玉利	たまり
玉吉	たまきち
玉名	たまな
玉垣	たまがき
玉城	たまき
玉堂	きょくどう
玉屋	たまや
玉山	たまやま
玉岡	たまおか
玉島	たましま
玉川	たまがわ
玉川上水	たまがわじょうすい
玉川大学	たまがわだいがく
玉川学園	たまがわがくえん
玉掛	たまかけ
玉木	たまき
玉村	たまむら
玉東	ぎょくとう
玉森	たまもり
玉水	たまみず
玉津	たまつ
玉湯	たまゆ
玉澤	たまざわ
玉田	たまだ
玉緒	たまお
玉縄	たまなわ
玉置	たまき
玉蔵	たまぞう
玉藻	たまも
玉虫	たまむし
玉谷	たまや
玉造	たまつくり
玉造温泉	たまつくりおんせん
玉野	たまの
王丸	おうまる
王城	おうじょう
王堂	おうどう
王寺	おうじ
王滝	おうたき
王禅寺	おうぜんじ
王羲之	おうぎし
玖珂	くが
玖珠	くす
玲二	れいじ
玲奈	れいな
玲子	れいこ
玲於奈	れおな
玲瓏	れいろう
玲美	れいみ
玲花	れいか
玲菜	れいな
玲那	れいな
玲香	れいこ
玻璃	はり
珠代	たまよ
珠子	たまこ
珠希	たまき
珠江	たまえ
珠洲	すず
珠理	じゅり
珠生	たまお
珠紀	たまき
珠緒	たまお
珠美	たまみ
班目	まだらめ
現代新書	げんだいしんしょ
球児	きゅうじ
球磨	くま
球磨川	くまかわ
理一	りいち
理一郎	りいちろう
理世	みちよ
理乃	りの
理代	りよ
理佐	りさ
理佳	りか
理加	りか
理化	りか
理名	りな
理咲	りさ
理大	りだい
理央	りえ
理奈	りな
理子	さとこ
理彩	りさ
理恵	りえ
理恵子	りえこ
理森	ただもり
理江	りえ
理沙	りさ
理知	りち
理研	りけん
理穂	りほ
理紗	りさ
理絵	りえ
理緒	りお
理美	さとみ
理花	りか
理香	りか
理香子	りかこ
琉球大学	りゅうきゅうだいがく
琉球銀行	りゅうきゅうぎんこう
琉璃	るり
琢也	たくや
琢朗	たくろう
琢郎	たくろう
琴乃	ことの
琴似	ことに
琴子	ことこ
琴平	ことひら
琴平線	ことひらせん
琴浦	ことうら
琴絵	ことえ
琴美	ことみ
琵琶湖大橋	びわこおおはし
瑛一	えいいち
瑛二	えいじ
瑛子	えいこ
瑛美	えみ
瑜伽	ゆが
瑞光	ずいこう
瑞季	みずき
瑞希	みき
瑞恵	みずえ
瑞木	ずいき
瑞枝	みずえ
瑞樹	みずき
瑞江	みずえ
瑞泉寺	ずいせんじ
瑞浪	みずなみ
瑞生	みずお
瑞祥	ずいしょう
瑞稀	みずき
瑞穂	みずほ
瑞紀	みずき
瑞貴	みずき
瑞雲	ずいうん
瑞鳳	ずいほう
瑠依	るい
瑠偉	るい
瑠夏	るか
瑠奈	るな
瑠実	るみ
瑠川	るかわ
瑠李	るり
瑠海	るうみ
瑠璃子	るりこ
瑠美	るみ
瑠花	るか
瑠莉	るり
瑠菜	るな
瑠衣	るい
瑠那	るな
瑤子	ようこ
瑪瑙	めのう
瑶子	ようこ
璃乃	りの
璃亜	りあ
璃奈	りな
璃子	りこ
璃沙	りさ
璃紗	りさ
璃菜	りな
環境省	かんきょうしょう
瓜生	うりゅう
瓜田	かでん
瓢箪	ひょうたん
瓢箪山	ひょうたんやま
瓦屋	かわらや
瓦葺	かわらぶき
瓶子	へいし
甘利	あまり
甘木	あまぎ
甘木線	あまぎせん
甘栗	あまぐり
甘楽	かんら
甘粕	あまかす
甘粛	かんしゅく
甚一	じんいち
甚五	じんご
甚五郎	じんごろう
甚八	じんぱち
甚六	じんろく
甚兵衛	じんべえ
甚助	じんすけ
甚平	じんぺい
甚目寺	じもくじ
甚遠	じんえん
生井	いくい
生出	おいで
生原	はいばら
生口島	いくちしま
生坂	いくさか
生天目	なまため
生子	いくこ
生島	いくしま
生川	おいかわ
生得	せいとく
生方	うぶかた
生月	いきつき
生木	なまき
生母	せいぼ
生瀬	なませ
生田	いくた
生田目	なまため
生目	いきめ
生研	せいけん
生稲	いくいな
生花	せいか
生起	せいき
生野	いくの
生首	なまくび
生馬	いくま
生駒	いこま
生駒山	いこまやま
生麦	なまむぎ
産山	うぶやま
産業医科大学	さんぎょういかだいがく
産業経済新聞社	さんぎょうけいざいしんぶんしゃ
産湯	うぶゆ
産経新聞	さんけいしんぶん
用土	ようど
用宗	もちむね
用賀	ようが
田上	たがみ
田下	たしも
田中	たなか
田丸	たまる
田主丸	たぬしまる
田久保	たくぼ
田井	たい
田井中	たいなか
田京	たきょう
田代	たしろ
田仲	たなか
田作	たさく
田倉	たくら
田内	たうち
田切	たぎり
田北	たきた
田原	たはら
田原本	たわらもと
田口	たぐち
田名	たな
田名部	たなぶ
田向	たむかい
田吾作	たごさく
田和	たわ
田園調布	でんえんちょうふ
田園都市線	でんえんとしせん
田地	たじ
田坂	たさか
田奈	たな
田子	たご
田守	たもり
田安	たやす
田宮	たみや
田家	たや
田富	たとみ
田尻	たじり
田尾	たお
田屋	たや
田山	たやま
田岡	たおか
田島	たじま
田崎	たざき
田嶋	たじま
田川	たがわ
田巻	たまき
田布施	たぶせ
田平	たひら
田彦	たびこ
田所	たどころ
田方	たがた
田本	たもと
田村	たむら
田柄	たがら
田植	たうえ
田母神	たもかみ
田沢	たざわ
田沢湖	たざわこ
田沢湖線	たざわこせん
田沼	たぬま
田浦	たうら
田海	たうみ
田淵	たぶち
田渕	たぶち
田澤	たざわ
田無	たなし
田熊	たぐま
田町	たまち
田町駅	たまちえき
田畠	たはた
田神	たかみ
田窪	たくぼ
田端	たばた
田老	たろう
田能	たのう
田谷	たや
田貫	たぬき
田路	とうじ
田辺	たなべ
田道	たみち
田邉	たなべ
田邊	たなべ
田部	たべ
田部井	たべい
田野	たの
田野畑	たのはた
田隈	たぐま
田頭	たがしら
田高	たこう
田鶴	たず
田鶴浜	たつるはま
由一	ゆいち
由乃	よしの
由之	よしゆき
由井	ゆい
由人	よしひと
由仁	ゆに
由佳	ゆか
由佳理	ゆかり
由依	ゆい
由利	ゆり
由利子	ゆりこ
由加	ゆか
由加里	ゆかり
由夏	ゆか
由奈	ゆな
由姫	ゆき
由子	ゆうこ
由季	ゆき
由宇	ゆう
由実	ゆみ
由岐	ゆき
由岐子	ゆきこ
由布	ゆう
由布子	ゆうこ
由布院	ゆふいん
由希	ゆき
由希子	ゆきこ
由幸	よしゆき
由恵	よしえ
由木	ゆうき
由梨	ゆり
由樹	ゆき
由比	ゆい
由水	ゆみ
由理	ゆり
由真	ゆま
由紀	ゆき
由紀乃	ゆきの
由紀夫	ゆきお
由紀子	ゆきこ
由紀江	ゆきえ
由美	ゆみ
由美子	ゆみこ
由美香	ゆみか
由良	ゆら
由花	ゆいか
由莉	ゆり
由華	ゆか
由衣	ゆい
由記	ゆき
由貴	ゆき
由貴子	ゆきこ
由起	ゆき
由起子	ゆきこ
由里	ゆり
由里子	ゆりこ
由香	ゆか
由香利	ゆかり
由香子	ゆかこ
由香里	ゆかり
甲佐	こうさ
甲信越	こうしんえつ
甲南	こうなん
甲南大学	こうなんだいがく
甲子	こうし
甲子園口	こうしえんぐち
甲子太郎	きねたろう
甲山	こうざん
甲州	こうしゅう
甲府	こうふ
甲府盆地	こうふぼんち
甲斐田	かいだ
甲浦	かんのうら
甲田	こうだ
甲虫	こうちゅう
甲西	こうさい
甲賀	こうか
甲野	こうの
甲陽線	こうようせん
甲高	こうだか
男山	おとこやま
男鹿	おが
男鹿線	おがせん
町並	まちなみ
町井	まちい
町北	まちきた
町子	まちこ
町屋	まちや
町山	まちやま
町方	まちかた
町東	まちひがし
町田	まちだ
町筋	まちすじ
町西	まちにし
町野	まちの
畑中	はたなか
畑山	はたけやま
畑岡	はたおか
畑田	はただ
畑賀	はたか
畑野	はたの
畔上	あぜがみ
留三郎	とめさぶろう
留吉	とめきち
留子	とめこ
留寿都	るすつ
留美	るみ
留美子	るみこ
留萌	るもい
留萠本線	るもいほんせん
留衣	るい
畝傍	うねび
畠中	はたなか
畠山	はたけやま
畠田	はただ
畦道	あぜみち
番台	ばんだい
番場	ばんば
番屋	ばんや
番所	ばんしょ
番長	ばんちょう
畳屋	たたみや
當山	とうやま
當間	とうま
當麻	とうま
疋田	ひきた
療治	りょうじ
発寒	はっさむ
登別	のぼりべつ
登別温泉	のぼりべつおんせん
登勢	とせ
登呂	とろ
登城	とじょう
登川	のぼりかわ
登志	とし
登志夫	としお
登志子	としこ
登戸	のぼりと
登米	とめ
登紀子	ときこ
登美	とみ
登美子	とみこ
登輝	とうき
登野城	とのしろ
白上	しろうえ
白下	しろした
白丸	しろまる
白井	しらい
白保	しらほ
白倉	しろくら
白光	はっこう
白兎	しろうさぎ
白土	しらと
白坂	しらさか
白城	しらき
白塚	しらつか
白妙	しろたえ
白尾	しらお
白山	はくさん
白岡	しらおか
白岩	しろいわ
白岳	しらたけ
白峰	しらみね
白島	しろしま
白崎	しらさき
白川	しらかわ
白帆	しらほ
白幡	しらはた
白戸	しらと
白新線	はくしんせん
白木屋	しろきや
白村	はくそん
白松	しらまつ
白根	しろね
白根山	しろねやま
白桃	はくとう
白楊	はくよう
白楽	はくらく
白樫	しらかし
白樺湖	しらかばこ
白沢	しらさわ
白河	しらかわ
白波	しらなみ
白洲	しらす
白浪	しらなみ
白湯	さゆ
白滝	しらたき
白澤	しらさわ
白濱	しらはま
白瀬	しらせ
白炭	しろずみ
白田	しろた
白百合女子大学	しらゆりじょしだいがく
白眉	はくび
白石	しろいし
白砂	しらす
白神	しらかみ
白秋	はくしゅう
白糠	しらぬか
白糸台	しらいとだい
白老	しらおい
白肌	しらはだ
白葉	はくよう
白蓮	はくれん
白藤	しらふじ
白虎	びゃっこ
白虹	はっこう
白谷	しらたに
白金	しろがね
白雄	しらお
白雨	はくう
白雪姫	しらゆきひめ
白露	はくろ
白須	しらす
白頭	しろがしら
白髭	しらひげ
白鳳	はくほう
白鷹	しらたか
百五銀行	ひゃくごぎんこう
百代	ももよ
百合丘	ゆりがおか
百合子	ゆりこ
百合香	ゆりか
百太郎	ひゃくたろう
百川	ももかわ
百恵	ももえ
百武	ひゃくたけ
百瀬	ももせ
百田	ももた
百目鬼	どうめき
百舌鳥	もず
百草	もぐさ
百道	ももじ
百里基地	ひゃくりきち
百錬	ひゃくれん
的場	まとば
皆伝	かいでん
皆兵	かいへい
皆口	みなぐち
皆実	みなみ
皆川	みながわ
皆木	みなき
皆本	みなもと
皆瀬	みなせ
皆生	かいけ
皆生温泉	かいけおんせん
皆野	みなの
皇子山	おうじやま
皇居外苑	こうきょがいえん
皓正	てるまさ
皿倉山	さらくらやま
皿山	さらやま
益坂	ますさか
益城	ましき
益子	ましこ
益山	ますやま
益岡	ますおか
益次郎	ますじろう
益田	ますだ
益軒	えきけん
盛岡	もりおか
盛田	もりた
盛重	もりしげ
監物	けんもつ
目代	もくだい
目地	めじ
目梨	めなし
目白台	めじろだい
目蒲線	めかません
直之	なおゆき
直也	なおや
直井	なおい
直人	なおと
直伝	じきでん
直入	なおいり
直史	なおし
直司	なおじ
直哉	なおや
直太郎	なおたろう
直子	なおこ
直孝	なおたか
直宏	なおひろ
直実	なおみ
直家	なおいえ
直島	なおしま
直川	なおかわ
直己	なおき
直巳	なおみ
直幸	なおゆき
直弘	なおひろ
直弥	なおや
直弼	なおすけ
直彦	なおひこ
直志	なおし
直政	なおまさ
直方	のおがた
直明	なおあき
直木	なおき
直枝	なおえ
直樹	なおき
直正	なおまさ
直毅	なおき
直江	なおえ
直江津	なおえつ
直治	なおじ
直盛	なおもり
直紀	なおき
直純	なおずみ
直美	なおみ
直義	なおよし
直良	なおよし
直見	なおみ
直輝	なおき
直道	なおみち
直隆	なおたか
相内	あいうち
相原	あいはら
相坂	あいさか
相子	あいこ
相島	そうしま
相崎	あいざき
相川	あいかわ
相州	そうしゅう
相方	あいかた
相本	あいもと
相楽	そうらく
相模	さがみ
相模原	さがみはら
相模大野	さがみおおの
相模女子大学	さがみじょしだいがく
相武台	そうぶだい
相沢	あいざわ
相浦	あいうら
相澤	あいざわ
相生	あいおい
相田	あいだ
相知	あいち
相羽	あいば
相良	さがら
相野	そうの
相鉄	そうてつ
相馬	そうま
省一	しょういち
省三	しょうぞう
省吾	しょうご
眉山	びざん
眞一	しんいち
眞一郎	しんいちろう
眞人	まさと
眞子	まこ
眞弓	まゆみ
眞木	まき
眞澄	ますみ
眞理	しんり
眞理子	まりこ
眞田	さなだ
眞由美	まゆみ
眞紀子	まきこ
眞野	まの
真一	しんいち
真一郎	しんいちろう
真世	まよ
真中	まんなか
真之	さねゆき
真二	しんじ
真二郎	しんじろう
真人	まさと
真仁	まさみ
真代	まよ
真佐子	まさこ
真保	しんぼ
真備	まきび
真光	まさみつ
真利	まさとし
真利子	まりこ
真千子	まちこ
真司	しんじ
真名	まな
真和	まさかず
真咲	まさき
真哉	しんや
真喜	まき
真土	まつち
真城	まき
真堂	しんどう
真壁	まかべ
真夕	まゆう
真夜	まよ
真央	まお
真奈	まな
真奈美	まなみ
真如堂	しんにょどう
真子	まこ
真季	まき
真宏	まさひろ
真室川	まむろがわ
真寿美	ますみ
真山	まやま
真岡	もおか
真島	ましま
真崎	まさき
真嶋	ましま
真帆	まほ
真希	まき
真希子	まきこ
真幸	まさゆき
真広	まさひろ
真庭	まにわ
真弓	まゆみ
真弘	まさひろ
真弥	まや
真彦	まさひこ
真悠子	まゆこ
真改	しんかい
真木	まき
真木子	まきこ
真未	まみ
真柄	まがら
真柴	ましば
真栄	しんえい
真栄原	まえはら
真栄里	まえざと
真梨	まり
真梨子	まりこ
真樹	まき
真樹子	まきこ
真殿	まどの
真治	しんじ
真波	まなみ
真澄	ますみ
真瀬	ませ
真狩	まっかり
真珠湾	しんじゅわん
真理亜	まりあ
真理子	まりこ
真理恵	まりえ
真理絵	まりえ
真琴	まこと
真璃子	まりこ
真生	まお
真生子	まおこ
真由	まゆ
真由子	まゆこ
真由美	まゆみ
真由香	まゆか
真男	まさお
真直	まなお
真知	まち
真知子	まちこ
真穂	まほ
真紀	まき
真紀子	まきこ
真紅	しんく
真純	ますみ
真綿	まわた
真美	まみ
真美子	まみこ
真義	しんぎ
真耶	まや
真聖	まさきよ
真船	まふね
真菜	まな
真行寺	しんぎょうじ
真衣	まい
真衣子	まいこ
真貴	まき
真貴子	まきこ
真起子	まきこ
真輝	まき
真道	しんどう
真部	まなべ
真里	まり
真里奈	まりな
真里子	まりこ
真野	まの
真鍋	まなべ
真間	まま
真須美	ますみ
真駒内	まこまない
真鶴	まなつる
真麻	まあさ
着付	きつけ
睡蓮	すいれん
睦夫	むつお
睦子	むつこ
睦沢	むつざわ
睦美	むつみ
瞳子	とうこ
矢上	やがみ
矢代	やしろ
矢作	やはぎ
矢作川	やはぎかわ
矢倉	やぐら
矢内	やない
矢口	やぐち
矢向	やこう
矢吹	やぶき
矢場	やば
矢尻	やじり
矢尾	やお
矢島	やじま
矢崎	やざき
矢嶋	やじま
矢川	やがわ
矢巾	やはば
矢掛	やかげ
矢文	やぶみ
矢木	やぎ
矢本	やもと
矢来	やらい
矢板	やいた
矢橋	やはし
矢沢	やざわ
矢澤	やざわ
矢田	やだ
矢田部	やたべ
矢神	やがみ
矢祭	やまつり
矢立	やたて
矢筈	やはず
矢筒	やづつ
矢萩	やはぎ
矢車	やぐるま
矢追	やおい
矢部	やべ
矢野	やの
矢野口	やのぐち
矢野目	やのめ
知世	ともよ
知久	ともひさ
知之	ともゆき
知也	ともや
知代	ともよ
知佳	ちか
知内	しりうち
知可子	ちかこ
知夏	ちか
知多	ちた
知多半田	ちたはんだ
知多新線	ちたしんせん
知大	ともひろ
知夫	ともお
知子	ともこ
知宏	ともひろ
知将	ちしょう
知幸	ともゆき
知広	ともひろ
知床	しれとこ
知床五湖	しれとこごこ
知弘	ともひろ
知彦	ともひこ
知念	ちねん
知恵子	ちえこ
知明	ともあき
知樹	ともき
知沙	ちさ
知穂	ちほ
知立	ちりゅう
知美	ともみ
知義	ともよし
知良	かずよし
知花	ちばな
知英	ともひで
知華	ちか
知行	ともゆき
知裕	ともひろ
知覧	ちらん
知足	ちそく
知道	ともみち
知里	ちさと
知野	ちの
知香	ちか
矩子	のりこ
石上	いしがみ
石下	いしげ
石丸	いしまる
石井	いしい
石倉	いしくら
石元	いしもと
石内	いしうち
石出	いしで
石切	いしきり
石割	いしわり
石動	いするぎ
石勝線	せきしょうせん
石北本線	せきほくほんせん
石原	いしはら
石和	いさわ
石坂	いしざか
石城	いわき
石堂	いしどう
石場	いしば
石塔	せきとう
石塚	いしづか
石子	いしこ
石寺	いしでら
石屋	いしや
石山坂本線	いしやまさかもとせん
石山寺	いしやまでら
石岡	いしおか
石島	いしじま
石崎	いしざき
石嶺	いしみね
石川	いしかわ
石川台	いしかわだい
石工	いしく
石巻	いしのまき
石巻専修大学	いしのまきせんしゅうだいがく
石平	いしだいら
石庭	せきてい
石徹白	いとしろ
石戸	いしど
石手	いして
石打	いしうち
石持	いしもち
石木	いしき
石本	いしもと
石村	いしむら
石松	いしまつ
石森	いしもり
石楠花	しゃくなげ
石櫃	いしびつ
石母田	いしもた
石毛	いしげ
石沢	いしざわ
石津	いしづ
石浜	いしはま
石浦	いしうら
石清水八幡宮	いわしみずはちまんぐう
石渡	いしわたり
石澤	いしざわ
石火矢	せっかや
石牟礼	いしむれ
石狩	いしかり
石狩川	いしかりがわ
石狩湾	いしかりわん
石田	いしだ
石破	いしば
石神井	しゃくじい
石神井公園	しゃくじいこうえん
石窯	いしがま
石立	いしだて
石組	いしぐみ
石見	いわみ
石谷	いしがや
石部	いしべ
石野	いしの
石釜	いしがま
石鍋	いしなべ
石鎚	いしづち
石鎚山	いしづちやま
石風呂	いしぶろ
石飛	いしとび
石高	いしたか
石鳥谷	いしどりや
石黒	いしぐろ
砂原	すなはら
砂川	すながわ
砂湯	すなゆ
砂澤	すなざわ
砂田	すなだ
砂絵	さえ
砂羽	さわ
砂金	さきん
研一	けんいち
研二	けんじ
研介	けんすけ
砥石	といし
砥部	とべ
砧公園	きぬたこうえん
砺波	となみ
碁石	ごいし
碌山	ろくざん
碑文谷	ひもんや
碓井	うすい
碓氷	うすい
碓氷峠	うすいとうげ
碧南	へきなん
碧海	へきかい
碧玉	へきぎょく
磐井	いわい
磐城	いわき
磐梯	ばんだい
磐田	いわた
磐石	ばんじゃく
磐越東線	ばんえつとうせん
磐越西線	ばんえつさいせん
磯原	いそはら
磯城	しき
磯子	いそご
磯山	いそやま
磯崎	いそざき
磯村	いそむら
磯浜	いそはま
磯田	いそだ
磯谷	いそや
磯貝	いそがい
磯部	いそべ
磯野	いその
磯雄	いそお
礒崎	いそざき
礼二	れいじ
礼司	れいじ
礼奈	れいな
礼子	れいこ
礼宮	あやのみや
礼文	れぶん
礼美	れみ
礼香	れいか
社台	しゃだい
社地	しゃち
社家	しゃけ
社領	しゃりょう
祁答院	けどういん
祇園	ぎおん
祇園山	ぎおんやま
祇園祭	ぎおんまつり
祐一	ゆういち
祐一郎	ゆういちろう
祐三	ゆうぞう
祐也	ゆうや
祐二	ゆうじ
祐介	ゆうすけ
祐司	ゆうじ
祐士	ゆうし
祐天寺	ゆうてんじ
祐太郎	ゆうたろう
祐奈	ゆうな
祐子	ゆうこ
祐実	ゆみ
祐市	ゆういち
祐希	ゆうき
祐未	ゆみ
祐樹	ゆうき
祐次	ゆうじ
祐治	ゆうじ
祐紀	ゆうき
祐美	ゆみ
祐輔	ゆうすけ
祐里	ゆり
祖師	そし
祖師谷	そしがや
祖父江	そふえ
祖谷	いや
祗園	ぎおん
神乃	じんの
神作	かんさく
神保	じんぼ
神内	かみない
神力	しんりき
神功	じんぐう
神南	じんなん
神原	かみはら
神取	かみとり
神吉	かんき
神園	かみその
神在	かみあり
神坂	こうさか
神城	かみじょう
神埼	かんざき
神奈川	かながわ
神奈川大学	かながわだいがく
神奈川工科大学	かながわこうかだいがく
神威	かもい
神子	かみこ
神宝	しんぽう
神室	かむろ
神宮前	じんぐうまえ
神宮寺	じんぐうじ
神宮球場	じんぐうきゅうじょう
神宮西	じんぐうにし
神家	かみいえ
神宿	かみやど
神尾	かみお
神居	かみい
神屋	かみや
神山	かみやま
神岡	かみおか
神峰	かみみね
神島	かみしま
神崎	かんざき
神崎川	かんざきがわ
神川	かみかわ
神幸	しんこう
神庭	かみにわ
神徳	こうとく
神恵内	かもえない
神戸大学	こうべだいがく
神戸女学院大学	こうべじょがくいんだいがく
神戸学院大学	こうべがくいんだいがく
神戸屋	こうべや
神戸市外国語大学	こうべしがいこくごだいがく
神戸製鋼所	こうべせいこうしょ
神月	こうづき
神村	かみむら
神村学園	かみむらがくえん
神松	かみまつ
神林	かんばやし
神栄	しんえい
神栖	かみす
神楽坂	かぐらざか
神武	じんむ
神永	かみなが
神沢	かみさわ
神泉	かみいずみ
神波	かんなみ
神津	こうず
神無月	かんなづき
神田	かんだ
神田外語大学	かんだがいごだいがく
神町	じんまち
神石	じんせき
神祇官	じんぎかん
神立	かんだち
神納	かんのう
神苑	しんえん
神谷	かみや
神足	こうたり
神辺	かんなべ
神通力	じんつうりき
神通川	じんつうがわ
神部	かんべ
神里	かみさと
神野	かんの
神鋼	しんこう
神長	かみなが
神門	こうど
神領	しんりょう
神馬	しんめ
祢津	ねづ
祥一郎	しょういちろう
祥三	しょうぞう
祥伝社	しょうでんしゃ
祥子	しょうこ
祥平	しょうへい
祥次	しょうじ
祥雄	よしお
禅定	ぜんじょう
禅秀	ぜんしゅう
禎一	ていいち
禎子	さだこ
禎彦	よしひこ
福一	ふくいち
福与	ふくよ
福丸	ふくまる
福井	ふくい
福井大学	ふくいだいがく
福井駅前	ふくいえきまえ
福住	ふくずみ
福元	ふくもと
福光	ふくみつ
福原	ふくはら
福吉	ふくよし
福地	ふくち
福堂	ふくどう
福塩線	ふくえんせん
福士	ふくし
福太郎	ふくたろう
福子	ふくこ
福家	ふくや
福富	ふくとみ
福居	ふくい
福屋	ふくや
福山	ふくやま
福山大学	ふくやまだいがく
福岡大学	ふくおかだいがく
福岡工業大学	ふくおかこうぎょうだいがく
福岡教育大学	ふくおかきょういくだいがく
福岡空港	ふくおかくうこう
福島	ふくしま
福島大学	ふくしまだいがく
福島県立医科大学	ふくしまけんりついかだいがく
福崎	ふくざき
福嶋	ふくしま
福川	ふくかわ
福建	ふっけん
福智院	ふくちいん
福本	ふくもと
福村	ふくむら
福来	ふくらい
福松	ふくまつ
福森	ふくもり
福武	ふくたけ
福永	ふくなが
福江	ふくえ
福沢	ふくざわ
福泉	ふくせん
福浦	ふくうら
福満	ふくみつ
福澤	ふくざわ
福生	ふっさ
福田	ふくだ
福男	ふくお
福留	ふくとめ
福知山	ふくちやま
福知山線	ふくちやません
福神	ふくじん
福竜丸	ふくりゅうまる
福美	ふくみ
福良	ふくら
福袋	ふくぶくろ
福西	ふくにし
福見	ふくみ
福谷	ふくたに
福部	ふくべ
福野	ふくの
福間	ふくま
禮子	れいこ
禰宜	ねぎ
秀一	しゅういち
秀一郎	しゅういちろう
秀三郎	ひでさぶろう
秀久	ひでひさ
秀之	ひでゆき
秀也	ひでや
秀二	ひでじ
秀人	ひでと
秀仁	ひでと
秀俊	ひでとし
秀信	ひでのぶ
秀光	ひでみつ
秀典	ひでのり
秀則	ひでのり
秀勝	ひでかつ
秀司	しゅうじ
秀吉	ひできち
秀和	しゅうわ
秀哉	しゅうや
秀喜	ひでき
秀太郎	ひでたろう
秀夫	ひでお
秀子	ひでこ
秀孝	ひでたか
秀実	ひでみ
秀家	ひでいえ
秀山	しゅうざん
秀峰	しゅうほう
秀平	しゅうへい
秀幸	ひでゆき
秀康	ひでやす
秀弥	ひでや
秀彦	ひでひこ
秀征	しゅうせい
秀徳	ひでのり
秀忠	ひでただ
秀成	ひでしげ
秀政	ひでまさ
秀敏	ひでとし
秀明	ひであき
秀昭	ひであき
秀樹	ひでき
秀次	ひでつぐ
秀歌	しゅうか
秀治	しゅうじ
秀生	ひでお
秀男	ひでお
秀直	ひでなお
秀秋	ひであき
秀穂	ひでほ
秀章	ひであき
秀紀	ひでき
秀美	ひでみ
秀臣	ひでおみ
秀行	ひでゆき
秀輝	ひでき
秀長	ひでなが
秀隆	ひでたか
秀雄	ひでお
秀頼	ひでより
秀麗	しゅうれい
私市	きさいち
秋乃	あきの
秋元	あきもと
秋則	あきのり
秋吉	あきよし
秋吉台	あきよしだい
秋声	しゅうせい
秋子	あきこ
秋山	あきやま
秋岡	あきおか
秋川	あきがわ
秋庭	あきば
秋彦	あきひこ
秋成	あきなる
秋月	あきづき
秋本	あきもと
秋桜	こすもす
秋沢	あきさわ
秋津	あきつ
秋生	あきみ
秋田	あきた
秋田大学	あきただいがく
秋田放送	あきたほうそう
秋田空港	あきたくうこう
秋穂	あいお
秋篠宮	あきしののみや
秋良	あきら
秋草	あきくさ
秋菜	あきな
秋葉	あきば
秋葉原	あきはばら
秋葉山	あきばやま
秋葉神社	あきばじんじゃ
秋谷	あきや
秋里	あきさと
秋野	あきの
秋鹿	あきしか
秦野	はだの
秩父	ちちぶ
秩父別	ちっぷべつ
秩父宮	ちちぶのみや
秩父鉄道	ちちぶてつどう
称名	しょうみょう
稀代	きだい
稔侍	ねんじ
稔彦	としひこ
稗田	ひえだ
稚内	わっかない
稚菜	わかな
種実	たねざね
種山	たねやま
種島	たねしま
種差	たねさし
種市	たねいち
種本	たねほん
種村	たねむら
種田	たねた
稲井	いない
稲佐山	いなさやま
稲光	いねみつ
稲取	いなとり
稲垣	いながき
稲垣足穂	いながきたるほ
稲城	いなぎ
稲城長沼	いなぎながぬま
稲場	いなば
稲子	いねこ
稲富	いなとみ
稲尾	いなお
稲岡	いなおか
稲嶺	いなみね
稲川	いながわ
稲庭	いなにわ
稲敷	いなしき
稲本	いなもと
稲村	いなむら
稲枝	いねえだ
稲森	いなもり
稲武	いなぶ
稲毛	いなげ
稲沢	いなざわ
稲生	いなお
稲田堤	いなだづつみ
稲盛	いなもり
稲積	いずみ
稲美	いなみ
稲船	いなぶね
稲荷山	いなりやま
稲荷山公園	いなりやまこうえん
稲葉	いなば
稲見	いなみ
稲造	いなぞう
稲野	いねの
穀田	こくた
穀雨	こくう
穂先	ほさき
穂刈	ほかり
穂坂	ほさか
穂波	ほなみ
穂積	ほづみ
穂高	ほだか
積丹	しゃこたん
積善	せきぜん
積木	つみき
積水	せきすい
穏和	おんわ
穐田	あきた
穴井	あない
穴吹	あなぶき
穴太	あのう
穴子	あなご
穴山	あなやま
穴川	あながわ
穴水	あなみず
穴沢	あなざわ
穴澤	あなざわ
穴蔵	あなぐら
空也	くうや
空木	うつぎ
空海	くうかい
空港前	くうこうまえ
空港線	くうこうせん
空知	そらち
空自	くうじ
空蝉	うつせみ
空電	くうでん
空音	そらね
窓辺	まどべ
窪地	くぼち
窪川	くぼかわ
窪田	くぼた
立会	たちあい
立会川	たちあいがわ
立入	たちいり
立冬	りっとう
立原	たちはら
立命館大学	りつめいかんだいがく
立売	たちうり
立夏	りっか
立山	たてやま
立山線	たてやません
立岡	たておか
立岩	たていわ
立川	たちかわ
立教	りっきょう
立教大学	りっきょうだいがく
立木	たちぎ
立松	たてまつ
立正大学	りっしょうだいがく
立浪	たつなみ
立田	たつた
立町	たちまち
立石	たていし
立石寺	りっしゃくじ
立神	たてがみ
立科	たてしな
立花	たちばな
立見	たちみ
立身	りっしん
立野	たての
竜ヶ崎	りゅうがさき
竜一	りゅういち
竜之介	りゅうのすけ
竜也	たつや
竜二	りゅうじ
竜介	りゅうすけ
竜司	りゅうじ
竜吉	りゅうきち
竜太郎	りゅうたろう
竜夫	たつお
竜子	りゅうこ
竜山	りゅうざん
竜彦	たつひこ
竜次	りゅうじ
竜治	りゅうじ
竜田	たつた
竜神	りゅうじん
竜胆	りんどう
竜舞	りゅうまい
竜華	りゅうげ
竜虎	りゅうこ
竜野	たつの
竜馬	りゅうま
竜騎兵	りゅうきへい
章一	しょういち
章二	しょうじ
章人	あきひと
章介	しょうすけ
章博	あきひろ
章吾	しょうご
章太郎	しょうたろう
章夫	あきお
章子	あきこ
章宏	あきひろ
章平	しょうへい
章弘	あきひろ
章浩	あきひろ
章生	あきお
章男	あきお
章造	しょうぞう
章雄	あきお
竣介	しゅんすけ
童夢	どうむ
端野	たんの
競馬場前	けいばじょうまえ
競馬場線	けいばじょうせん
竹下	たけした
竹中	たけなか
竹中工務店	たけなかこうむてん
竹久	たけひさ
竹之下	たけのした
竹之内	たけのうち
竹井	たけい
竹元	たけもと
竹光	たけみつ
竹内	たけうち
竹原	たけはら
竹口	たけぐち
竹園	たけぞの
竹垣	たけがき
竹子	たけこ
竹富	たけとみ
竹尾	たけお
竹屋	たけや
竹山	たけやま
竹岡	たけおか
竹島	たけしま
竹崎	たけざき
竹川	たけかわ
竹早	たけはや
竹末	たけすえ
竹本	たけもと
竹村	たけむら
竹松	たけまつ
竹森	たけもり
竹橋	たけばし
竹次郎	たけじろう
竹沢	たけざわ
竹生	たけお
竹田	たけだ
竹筒	たけづつ
竹花	たけはな
竹蔵	たけぞう
竹虎	たけとら
竹谷	たけたに
竹野	たけの
竹駒	たけこま
竹鼻	たけはな
笑子	えみこ
笑瓶	しょうへい
笑福亭鶴瓶	しょうふくていつるべ
笑美	えみ
笙子	しょうこ
笛吹	うすい
笛木	ふえき
笠井	かさい
笠原	かさはら
笠寺	かさでら
笠岡	かさおか
笠懸	かさかけ
笠木	かさぎ
笠松	かさまつ
笠田	かさだ
笠置	かさぎ
笠置山	かさぎやま
笠谷	かさや
笠間	かさま
第一勧業銀行	だいいちかんぎょうぎんこう
第一勧銀	だいいちかんぎん
第一生命保険	だいいちせいめいほけん
笹井	ささい
笹倉	ささくら
笹口	ささぐち
笹塚	ささづか
笹子	ささこ
笹尾	ささお
笹屋	ささや
笹山	ささやま
笹岡	ささおか
笹島	ささじま
笹崎	ささざき
笹川	ささがわ
笹木	ささき
笹本	ささもと
笹森	ささもり
笹田	ささだ
笹舟	ささぶね
笹谷	ささや
笹部	ささべ
笹野	ささの
等々力	とどろき
等伯	とうはく
等持院	とうじいん
筋子	すじこ
筑前	ちくぜん
筑北	ちくほく
筑後	ちくご
筑摩	ちくま
筑波	つくば
筑波大学	つくばだいがく
筑波山	つくばさん
筑紫	ちくし
筑紫野	ちくしの
筑西	ちくせい
筑豊	ちくほう
筑豊本線	ちくほうほんせん
筒美	つつみ
箒星	ほうきぼし
箕作	みつくり
箕島	みのしま
箕浦	みのうら
箕輪	みのわ
箕郷	みさと
箕面	みのお
箕面線	みのおせん
管野	かんの
箭内	やない
箱崎	はこざき
箱根	はこね
箱根山	はこねやま
箱根峠	はこねとうげ
箱根湯本	はこねゆもと
箱田	はこだ
節夫	せつお
節子	せつこ
範子	のりこ
築上	ちくじょう
築港	ちっこう
築館	つきだて
篠井	ささい
篠原	しのはら
篠塚	しのづか
篠宮	しのみや
篠山	しのやま
篠岡	しのおか
篠島	しのしま
篠崎	しのざき
篠川	しのかわ
篠木	しのき
篠栗	ささぐり
篠栗線	ささぐりせん
篠田	しのだ
篠竹	しのたけ
篠笛	しのぶえ
篠路	しのろ
篤人	あつと
篤史	あつし
篤司	あつし
篤子	あつこ
篤彦	あつひこ
篤志	あつし
篤胤	あつたね
篤郎	あつお
篭手	かごて
簗瀬	やなせ
籔内	やぶうち
籠原	かごはら
籠町	かごまち
米丸	こめまる
米久	こめきゅう
米光	よねみつ
米原	よねはら
米吉	よねきち
米子	よなご
米山	よねやま
米崎	よねざき
米川	よねかわ
米州	べいしゅう
米本	よねもと
米村	よねむら
米沢	よねざわ
米津	よねつ
米満	よねみつ
米澤	よねざわ
米田	よねだ
米谷	こめたに
米野	こめの
米野木	こめのき
米長	よねなが
米雄	よねお
米須	こめす
籾井	もみい
籾山	もみやま
粉川	こかわ
粉河	こかわ
粕屋	かすや
粕川	かすかわ
粕谷	かすや
粛宗	しゅくそう
粟国	あぐに
粟島	あわしま
粟島浦	あわしまうら
粟津	あわず
粟生	あおう
粟田	あわた
粟田口	あわたぐち
粟野	あわの
精一	せいいち
精一郎	せいいちろう
精二	せいじ
精舎	しょうじゃ
精進湖	しょうじこ
精養軒	せいようけん
糀谷	こうじや
糟屋	かすや
糟谷	かすたに
糸井	いとい
糸原	いとはら
糸子	いとこ
糸島	いとしま
糸崎	いとさき
糸川	いとかわ
糸巻	いとまき
糸数	いとかず
糸杉	いとすぎ
糸満	いとまん
糸田	いとだ
糸目	いとめ
糸谷	いとたに
糸貫	いとぬき
糸魚川	いといがわ
紀一	きいち
紀三井寺	きみいでら
紀久	のりひさ
紀之	のりゆき
紀伊	きい
紀伊国屋	きのくにや
紀伊國屋	きのくにや
紀伊田辺	きいたなべ
紀伊長島	きいながしま
紀勢	きせい
紀勢本線	きせいほんせん
紀北	きほく
紀南	きなん
紀和	のりかず
紀夫	のりお
紀子	きこ
紀宝	きほう
紀宮	のりのみや
紀尾井	きおい
紀尾井町	きおいちょう
紀州	きしゅう
紀平	きひら
紀年	きねん
紀彦	のりひこ
紀恵	きえ
紀洋	のりひろ
紀生	のりお
紀田	きだ
紀男	のりお
紀美	きみ
紀美子	きみこ
紀藤	きとう
紀貫之	きのつらゆき
紀雄	としお
紀香	のりか
紂王	ちゅうおう
紅子	べにこ
紅林	くればやし
紅玉	こうぎょく
紅蓮	ぐれん
紅蘭	こうらん
紅谷	べにや
紋次郎	もんじろう
納富	のうとみ
納沙布岬	のさっぷみさき
納言	なごん
納谷	なや
純一	じゅんいち
純一郎	じゅんいちろう
純二	じゅんじ
純子	じゅんこ
純菜	じゅんな
紗世	さよ
紗倉	さくら
紗子	さえこ
紗弥加	さやか
紗理奈	さりな
紗矢香	さやか
紗穂	さほ
紗綾	さあや
紗良	さら
紗英	さえ
紗那	しゃな
紗香	さやか
紘一	こういち
紘子	ひろこ
紙子	かみこ
紙屋	かみや
紙風船	かみふうせん
素木	しらき
素麺	そうめん
紡木	つむぎ
紫乃	しの
紫原	しはら
紫式部	むらさきしきぶ
紫月	しづき
紫水	しすい
紫波	しわ
紫煙	しえん
紫竹	しちく
紫紅	しこう
紫苑	しおん
紫蘇	しそ
紫蘭	しらん
紫野	むらさきの
紫雲	しうん
紫電	しでん
細井	ほそい
細口	ほそくち
細字	ほそじ
細山田	ほそやまだ
細川	ほそかわ
細木	ほそぎ
細江	ほそえ
細田	ほそだ
細矢	ほそや
細谷	ほそや
細貝	ほそがい
細野	ほその
紳助	しんすけ
紹子	しょうこ
紹興	しょうこう
紹運	しょううん
紺谷	こんたに
紺野	こんの
組子	くみこ
組頭	くみがしら
経久	つねひさ
経団連	けいだんれん
経団連会館	けいだんれんかいかん
経塚	きょうづか
経済同友会	けいざいどうゆうかい
結以	ゆい
結依	ゆい
結城	ゆうき
結女	ゆめ
結子	ゆうこ
結崎	ゆうざき
結川	ゆかわ
結木	ゆうき
結梨	ゆうり
結生	ゆき
結美	ゆみ
結花	ゆか
結衣	ゆい
結香	ゆか
絢子	じゅんこ
絢香	あやか
給田	きゅうでん
絵夢	えむ
絵梨	えり
絵梨香	えりか
絵理	えり
絵理奈	えりな
絵理子	えりこ
絵理香	えりか
絵美	えみ
絵美子	えみこ
絵莉	えり
絵里	えり
絵里加	えりか
絵里奈	えりな
絵里子	えりこ
絵里花	えりか
絵里香	えりか
絵麻	えま
絶海	ぜっかい
絶美	ぜつび
絹代	きぬよ
絹子	きぬこ
絹川	きぬかわ
継之助	つぎのすけ
継子	ままこ
維摩	ゆいま
綱吉	つなよし
綱島	つなしま
綱島東	つなしまひがし
綱川	つなかわ
綱引	つなひき
綱成	つなしげ
綱手	つなで
網代	あじろ
網元	あみもと
網干	あみぼし
網張	あみはり
網谷	あみたに
網走	あばしり
網野	あみの
綴喜	つづき
綸子	りんず
綺堂	きどう
綺羅	きら
綾乃	あやの
綾佳	あやか
綾子	あやこ
綾小路	あやのこうじ
綾川	あやかわ
綾戸	あやど
綾歌	あやうた
綾瀬	あやせ
綾瀬川	あやせがわ
綾織	あやおり
綾美	あやみ
綾部	あやべ
綾里	りょうり
綾野	あやの
綾香	あやか
綿引	わたびき
綿谷	わたたに
綿貫	わたぬき
緋色	ひいろ
総一朗	そういちろう
総一郎	そういちろう
総司	そうし
総合研究大学院大学	そうごうけんきゅうだいがくいんだいがく
総子	ふさこ
総武	そうぶ
総武本線	そうぶほんせん
総武線	そうぶせん
総社	そうじゃ
総領	そうりょう
緑ヶ丘	みどりがおか
緑丘	みどりがおか
緑井	みどりい
緑園	りょくえん
緑子	みどりこ
緑山	みどりやま
緑川	みどりかわ
緑町	みどりまち
緑葉	みどりば
緑郎	ろくろう
緑野	みどりの
緒川	おがわ
緒形	おがた
緒方	おがた
練兵	れんぺい
練馬	ねりま
縄手	なわて
縄田	なわた
繁和	しげかず
繁夫	しげお
繁幸	しげゆき
繁昌	はんじょう
繁田	しげた
繁雄	しげお
織原	おりはら
織女	しょくじょ
織姫	おりひめ
織戸	おりど
織江	おりえ
織田	おだ
織部	おりべ
繭子	まゆこ
繰上	くりあげ
繰出	くりだし
纐纈	こうけつ
置戸	おけと
置石	おきいし
置賜	おいたま
置鮎	おきあゆ
羅刹	らせつ
羅山	らざん
羅生門	らしょうもん
羅臼	らうす
羊蹄	ようてい
美ヶ原	うつくしがはら
美世	みよ
美乃	よしの
美乃梨	みのり
美久	みく
美也	みや
美也子	みやこ
美代	みよ
美代子	みよこ
美伽	みか
美佐	みさ
美佐子	みさこ
美佑	みゆ
美作	みまさか
美佳	みか
美佳子	みかこ
美保	みほ
美保子	みほこ
美優	みゆ
美冬	みふゆ
美冴	みさえ
美加	みか
美加子	みかこ
美千代	みちよ
美千子	みちこ
美原	みはら
美和	みわ
美和子	みわこ
美咲	みさき
美唄	びばい
美喜	みき
美国	よしくに
美園	みその
美夏	みか
美夕	みゆ
美夜子	みやこ
美央	みお
美奈	みな
美奈代	みなよ
美奈子	みなこ
美女木	びじょぎ
美好	みよし
美姫	びき
美子	よしこ
美季	みき
美宇	びう
美寿	みよ
美山	みやま
美崎	みさき
美川	みかわ
美帆	みほ
美帆子	みほこ
美希	みき
美幌	びほろ
美幌峠	びほろとうげ
美幸	みゆき
美弥	みや
美弥子	みやこ
美彦	よしひこ
美恵	みえ
美恵子	みえこ
美愛	みあい
美憂	みゆう
美方	みかた
美星	びせい
美春	みはる
美晴	みはる
美智	みち
美智代	みちよ
美智子	みちこ
美智恵	みちえ
美智男	みちお
美智雄	みちお
美月	みつき
美木	みき
美杉	みすぎ
美来	みく
美東	みとう
美枝	みえ
美枝子	みえこ
美栄	よしえ
美梨	みり
美樹	みき
美歌	みか
美歩	みほ
美江	みえ
美沙	みさ
美沙子	みさこ
美波	みなみ
美津子	みつこ
美浜	みはま
美涼	みすず
美深	びふか
美潮	みしお
美濃	みの
美濃加茂	みのかも
美濃和	みのわ
美濃太田	みのおおた
美濃部	みのべ
美玖	みく
美玲	みれい
美瑛	びえい
美甘	みかも
美田	みた
美由	みゆ
美由紀	みゆき
美登利	みどり
美登里	みどり
美知	みち
美知子	みちこ
美砂	みさ
美礼	みれい
美祢	みね
美祢線	みねせん
美稀	みき
美穂	みほ
美穂子	みほこ
美空	みそら
美童	びどう
美粧	びしょう
美紀	みき
美紀子	みきこ
美紅	みく
美紗	みさ
美紗子	みさこ
美結	みゆ
美絵	みえ
美絵子	みえこ
美緒	みお
美織	みお
美羽	みわ
美翔	みしょう
美花	みか
美菜子	みなこ
美華	みか
美蘭	びらん
美谷	みたに
美貴	みき
美輪	みわ
美遊	みゆ
美那	みな
美郷	みさと
美都	みと
美都子	みつこ
美里	みさと
美野	みの
美野島	みのしま
美野里	みのり
美鈴	みすず
美雨	みう
美雪	みゆき
美音	びおん
美香	みか
美香子	みかこ
美馬	みま
美鶴	みつる
美麗	みれい
群馬	ぐんま
群馬大学	ぐんまだいがく
義一	ぎいち
義丹	ぎたん
義久	よしひさ
義之	よしゆき
義人	よしと
義仁	よしひと
義仲	よしなか
義信	よしのぶ
義元	よしもと
義光	よしみつ
義兵	ぎへい
義典	よしのり
義則	よしのり
義剛	よしたけ
義勝	よしかつ
義博	よしひろ
義史	よしふみ
義和	よしかず
義夫	よしお
義央	よしなか
義子	ぎし
義孝	よしたか
義実	よしざね
義宣	よしのぶ
義尚	よしなお
義平	よしひら
義幸	よしゆき
義広	よしひろ
義康	よしやす
義弘	よしひろ
義彦	よしひこ
義徳	よしのり
義持	よしもち
義政	よしまさ
義教	よしのり
義文	よしふみ
義昌	よしまさ
義明	よしあき
義春	よしはる
義昭	よしあき
義景	よしかげ
義晴	よしはる
義朗	よしあき
義樹	よしき
義正	よしまさ
義民	ぎみん
義治	よしはる
義洋	よしひろ
義浩	よしひろ
義清	よしきよ
義満	よしみつ
義男	よしお
義直	よしなお
義秀	よしひで
義経	よしつね
義継	よしつぐ
義胤	よしたね
義興	よしおき
義行	よしゆき
義詮	よしあきら
義貞	よしさだ
義賢	よしかた
義輝	よしてる
義道	よしみち
義郎	よしろう
義重	よししげ
義隆	よしたか
義雄	よしお
義龍	よしたつ
羽仁	はに
羽佐間	はざま
羽入	はにゅう
羽出	はで
羽前	うぜん
羽原	はばら
羽咋	はくい
羽場	はば
羽山	はやま
羽島	はねしま
羽崎	はさき
羽川	はがわ
羽後	うご
羽後本荘	うごほんじょう
羽曳野	はびきの
羽村	はむら
羽柴	はしば
羽根	はね
羽根木	はねぎ
羽根田	はねだ
羽毛田	うもうだ
羽沢	はざわ
羽犬塚	はいぬづか
羽生	はにゅう
羽生田	はにゅうだ
羽田	はねだ
羽田空港	はねだくうこう
羽田野	はたの
羽藤	はとう
羽角	はすみ
羽賀	はが
羽越本線	うえつほんせん
羽野	はの
羽音	うおん
羽鳥	はとり
羽黒	はぐろ
羽黒山	はぐろやま
翁長	おなが
習志野	ならしの
習志野台	ならしのだい
翔太	しょうた
翔子	しょうこ
翠玉	すいぎょく
翡翠	ひすい
耀司	ようじ
耀子	ようこ
耕一	こういち
耕一郎	こういちろう
耕三	こうぞう
耕史	こうし
耕司	こうじ
耕平	こうへい
耕治	こうじ
耕筰	こうさく
耕造	こうぞう
耕雲斎	こううんさい
耳川	みみかわ
耶子	やこ
耶馬渓	やばけい
耶馬溪	やばけい
耶麻	やま
耽美	たんび
聖一	せいいち
聖二	せいじ
聖和	せいわ
聖夜	せいや
聖奈	せいな
聖子	せいこ
聖学院大学	せいがくいんだいがく
聖山	せいざん
聖川	ひじりかわ
聖徳	しょうとく
聖徳太子	しょうとくたいし
聖心	せいしん
聖心女子大学	せいしんじょしだいがく
聖武天皇	しょうむてんのう
聖水	せいすい
聖羅	せいら
聖美	きよみ
聖護院	しょうごいん
聖蹟	せいせき
聚楽	じゅらく
聚楽第	じゅらくだい
聡史	さとし
聡司	さとし
聡子	さとこ
聡志	さとし
聡美	さとみ
肋骨	ろっこつ
肘井	ひじい
肝付	きもつき
肝属	きもつき
肝煎	きもいり
肥前	ひぜん
肥塚	こえずか
肥後	ひご
肥後橋	ひごばし
肥田	ひだ
肥薩線	ひさつせん
肱川	ひじかわ
育代	いくよ
育子	いくこ
育実	いくみ
育弘	いくひろ
育江	いくえ
育美	いくみ
育郎	いくお
胆振	いぶり
胆沢	いさわ
背振	せふり
背水	はいすい
背負	せおい
胎蔵	たいぞう
胡桃沢	くるみざわ
胡耀邦	こようほう
胡蝶	こちょう
胡錦涛	こきんとう
能代	のしろ
能勢	のせ
能収	よしかず
能古島	のこのしま
能島	のうしま
能成	よしなり
能楽堂	のうがくどう
能瀬	のせ
能生	のう
能町	のうまち
能登	のと
能登川	のとがわ
能美	のみ
能見	のうみ
能見台	のうけんだい
脇坂	わきさか
脇屋	わきや
脇山	わきやま
脇本	わきもと
脇田	わきた
脇谷	わきや
脊山	せやま
腰元	こしもと
腰巻	こしまき
腰掛	こしかけ
腰越	こしごえ
腹巻	はらまき
腹帯	はらおび
膳場	ぜんば
膳所	ぜぜ
臥竜	がりょう
臨済	りんざい
自得	じとく
自治医大	じちいだい
自治医科大学	じちいかだいがく
自由ヶ丘	じゆうがおか
自由学園	じゆうがくえん
致道	ちどう
臼井	うすい
臼杵	うすき
臼田	うすだ
與一	よいち
興亜	こうあ
興南	こうなん
興和	こうわ
興国	こうこく
興津	おきつ
興産	こうさん
興部	おこっぺ
舎人	とねり
舎人公園	とねりこうえん
舒明	じょめい
舘野	たての
舛添	ますぞえ
舛田	ますだ
舜臣	しゅんしん
舞夢	まいむ
舞子	まいこ
舞子公園	まいここうえん
舞岡	まいおか
舞島	まいしま
舞川	まいかわ
舞木	まいき
舞浜	まいはま
舞田	まいた
舞花	まいか
舞野	まいの
舞阪	まいさか
舞香	まいか
舞鶴	まいづる
舞鶴線	まいづるせん
舟入	ふないり
舟山	ふなやま
舟形	ふながた
舟木	ふなき
舟渡	ふなと
舩坂	ふなさか
航空公園	こうくうこうえん
船井	ふない
船堀	ふなぼり
船場	せんば
船山	ふなやま
船岡	ふなおか
船引	ふねひき
船形	ふながた
船戸	ふなど
船木	ふなき
船村	ふなむら
船橋競馬場	ふなばしけいばじょう
船津	ふなつ
船田	ふなだ
船着	ふなつき
船見	ふなみ
船越	ふなこし
良一	りょういち
良三	りょうぞう
良二	りょうじ
良人	おっと
良仁	よしひと
良介	りょうすけ
良作	りょうさく
良信	よしのぶ
良典	よしのり
良吉	りょうきち
良和	よしかず
良太	りょうた
良太郎	りょうたろう
良夫	よしお
良子	よしこ
良守	よしもり
良寛	りょうかん
良平	りょうへい
良幸	よしゆき
良彦	よしひこ
良彰	よしあき
良徳	よしのり
良恵	よしえ
良成	よしなり
良文	よしふみ
良明	よしあき
良枝	よしえ
良樹	よしき
良次	りょうじ
良民	りょうみん
良江	よしえ
良沢	りょうたく
良治	りょうじ
良男	よしお
良策	りょうさく
良純	よしずみ
良美	よしみ
良英	よしひで
良行	よしゆき
良輔	りょうすけ
良郎	よしろう
良雄	よしお
色丹	しこたん
色川	いろかわ
色目	いろめ
色見	いろみ
色麻	しかま
艶子	つやこ
芙美	ふみ
芙美子	ふみこ
芝公園	しばこうえん
芝原	しばはら
芝園	しばぞの
芝大門	しばだいもん
芝山	しばやま
芝崎	しばさき
芝川	しばかわ
芝浦	しばうら
芝浦工業大学	しばうらこうぎょうだいがく
芝田	しばた
芝翫	しかん
芝野	しばの
芥川	あくたがわ
芥見	あくたみ
芦別	あしべつ
芦北	あしきた
芦原	あしはら
芦名	あしな
芦屋	あしや
芦川	あしかわ
芦沢	あしさわ
芦田	あしだ
芦辺	あしべ
芦部	あしぶ
芦野	あしの
芭蕉	ばしょう
花井	はない
花京院	かきょういん
花咲	はなさき
花咲線	はなさきせん
花園大学	はなぞのだいがく
花坂	はなさか
花城	はなしろ
花堂	はなどう
花子	はなこ
花守	はなもり
花小金井	はなこがねい
花屋敷	はなやしき
花山	はなやま
花岡	はなおか
花島	はなしま
花崎	はなさき
花嵐	はなあらし
花川	はなかわ
花川戸	はなかわど
花巻	はなまき
花巻空港	はなまきくうこう
花影	かえい
花房	はなぶさ
花時	はなどき
花月	かげつ
花本	はなもと
花村	はなむら
花梨	かりん
花森	はなもり
花水	かすい
花江	はなえ
花沢	はなざわ
花泉	はないずみ
花澤	はなざわ
花王	かおう
花田	はなだ
花祭	はなまつり
花立	はなたて
花笠	かりゅう
花絵	はなえ
花緑	かろく
花織	かおり
花美	はなみ
花芽	かが
花菖蒲	はなしょうぶ
花菱	かりょう
花衣	はない
花袋	かたい
花見山	はなみやま
花見川	はなみがわ
花角	はなずみ
花里	はなざと
花野	はなの
花隈	はなくま
花香	はなか
芳一	よしかず
芳井	よしい
芳人	よしひと
芳伸	よしのぶ
芳光	よしみつ
芳太郎	よしたろう
芳夫	よしお
芳子	よしこ
芳宏	よしひろ
芳川	よしかわ
芳年	よしとし
芳彦	よしひこ
芳忠	よしただ
芳恵	よしえ
芳文	ほうぶん
芳明	よしあき
芳春	よしはる
芳本	よしもと
芳村	よしむら
芳樹	よしき
芳正	よしまさ
芳江	よしえ
芳生	よしお
芳田	よしだ
芳美	よしみ
芳裕	よしひろ
芳賀	はが
芳郎	よしろう
芳野	よしの
芳隆	よしたか
芳雄	よしお
芸備線	げいびせん
芸北	げいほく
芸西	げいせい
芹川	せりかわ
芹沢	せりざわ
芹沢鴨	せりざわかも
芹澤	せりざわ
芽以	めい
芽依	めい
芽室	めむろ
芽生	めばえ
芽美	めぐみ
芽衣	めい
芽衣子	めいこ
苅谷	かりや
苑子	そのこ
苓北	れいほく
苗代	なわしろ
苗場	なえば
苗子	みつこ
苗穂	なえぼ
若乃花	わかのはな
若井	わかい
若冲	じゃくちゅう
若奈	わかな
若子	わかこ
若尾	わかお
若山	わかやま
若月	わかつき
若本	わかもと
若杉	わかすぎ
若村	わかむら
若松	わかまつ
若林	わかばやし
若柳	わかやなぎ
若桜	わかさ
若槻	わかつき
若水	じゃくすい
若洲	わかす
若潮	わかしお
若狭	わかさ
若狭湾	わかさわん
若王子	わかおうじ
若田	わかた
若田部	わかたべ
若竹	わかたけ
若紫	わかむらさき
若芽	わかめ
若草山	わかくさやま
若葉台	わかばだい
若貴	わかたか
若里	わかさと
若鮎	わかあゆ
苦瓜	にがうり
苦竹	にがたけ
苫前	とままえ
苫小牧	とまこまい
苫田	とまた
苫米地	とまべち
英一	えいいち
英一郎	えいいちろう
英世	ひでよ
英之	ひでゆき
英也	ひでや
英二	えいじ
英二郎	えいじろう
英五	えいご
英人	えいじん
英介	えいすけ
英仏海峡	えいふつかいきょう
英作	えいさく
英信	ひでのぶ
英傑	えいけつ
英典	ひでのり
英利	ひでとし
英則	ひでのり
英勝	ひでかつ
英司	えいじ
英吉	えいきち
英嗣	ひでつぐ
英太郎	えいたろう
英夫	ひでお
英子	えいこ
英孝	ひでたか
英学	えいがく
英寿	ひでとし
英弘	ひでひろ
英彦	ひでひこ
英徳	ひでのり
英志	えいじ
英恵	はなえ
英憲	ひでのり
英昭	ひであき
英樹	ひでき
英機	ひでき
英次	えいじ
英治	えいじ
英理	えり
英理子	えりこ
英生	ひでお
英男	ひでお
英紀	ひでき
英美	ひでみ
英美子	えみこ
英虞湾	あごわん
英行	ひでゆき
英輔	えいすけ
英輝	ひでき
英郎	ひでお
英里	えり
英里子	えりこ
苹果	りんご
茂一	もいち
茂之	しげゆき
茂原	もばら
茂吉	もきち
茂呂	もろ
茂夫	しげお
茂子	しげこ
茂山	しげやま
茂平	もへい
茂庭	もにわ
茂徳	もちなが
茂明	しげあき
茂木	もてぎ
茂樹	しげき
茂田	しげた
茂男	しげお
茂紀	しげき
茂美	しげみ
茂野	しげの
茂雄	しげお
茅ヶ崎	ちがさき
茅原	かやはら
茅部	かやべ
茅野	ちの
茉優	まゆ
茉利	まり
茉央	まお
茉奈	まな
茉子	まこ
茉由	まゆ
茉穂	まつほ
茉美	まみ
茉莉	まり
茉莉子	まりこ
茉莉花	じゃすみん
茉里	まり
茉麻	まあさ
茎葉	けいよう
茗荷谷	みょうがだに
茜屋	あかねや
茨城	いばらき
茨木	いばらき
茱萸	ぐみ
茶園	ちゃえん
茶屋町	ちゃやまち
茶山	ちゃやま
茶木	ちゃき
茶畑	ちゃばたけ
茶美	ちゃみ
茶臼山	ちゃうすやま
茶花	ちゃばな
茶茶	ちゃちゃ
茶谷	ちゃたに
草内	くさうち
草刈	くさかり
草加	そうか
草堂	そうどう
草場	くさば
草壁	くさかべ
草子	そうこ
草尾	くさお
草山	くさやま
草川	くさかわ
草市	くさいち
草平	そうへい
草庵	そうあん
草戸	くさど
草月	そうげつ
草枕	くさまくら
草津	くさつ
草津線	くさつせん
草生	そうせい
草薙	くさなぎ
草野	くさの
草間	くさま
荊軻	けいか
荏原	えはら
荏田	えだ
荒井	あらい
荒俣	あらまた
荒地	あれち
荒坂	あらさか
荒子	あらこ
荒尾	あらお
荒山	あらやま
荒川	あらかわ
荒川沖	あらかわおき
荒川線	あらかわせん
荒巻	あらまき
荒木田	あらきだ
荒本	あらもと
荒沢	あらさわ
荒浪	あらなみ
荒瀬	あらせ
荒牧	あらまき
荒田	あらた
荒町	あらまち
荒畑	あらはた
荒砥	あらと
荒磯	あらいそ
荒神	こうじん
荒神山	こうじんやま
荒船	あらふね
荒谷	あらたに
荒馬	あらうま
荘八	そうはち
荘司	しょうじ
荘太	そうた
荘川	しょうかわ
荷揚	にあげ
荷風	かふう
荻原	おぎわら
荻島	おぎしま
荻生	おぎゅう
荻田	おぎた
荻窪	おぎくぼ
荻野	おぎの
荻野目	おぎのめ
莉世	りよ
莉乃	りの
莉佳	りか
莉嘉	りか
莉奈	りな
莉子	りこ
莉愛	りあ
莉沙	りさ
莉穂	りほ
莉紗	りさ
莉絵	りえ
莉緒	りお
莉花	りか
莉菜	りな
莉那	りな
莉香	りか
莞爾	かんじ
莫言	ばくげん
菅井	すがい
菅公	かんこう
菅原	すがわら
菅家	かんけ
菅平	すがだいら
菅平高原	すがだいらこうげん
菅本	すがもと
菅沢	すがさわ
菅沼	すげぬま
菅波	すがなみ
菅生	すごう
菅田	すがた
菅谷	すがや
菅野	かんの
菊丸	きくまる
菊之丞	きくのじょう
菊之助	きくのすけ
菊五郎	きくごろう
菊名	きくな
菊地	きくち
菊子	きくこ
菊屋	きくや
菊岡	きくおか
菊川	きくがわ
菊月	きくづき
菊次郎	きくじろう
菊水	きくすい
菊池	きくち
菊沢	きくざわ
菊田	きくた
菊竹	きくたけ
菊花賞	きっかしょう
菊苗	きくなえ
菊谷	きくや
菊野	きくの
菊間	きくま
菊陽	きくよう
菜央	なお
菜奈	なな
菜子	なのこ
菜摘	なつみ
菜月	なつき
菜根	さいこん
菜津子	なつこ
菜穂	なお
菜穂子	なほこ
菜緒	なお
菜美	なみ
菜花	なのはな
菜那子	ななこ
菜飯	なめし
華中	かちゅう
華北	かほく
華南	かなん
華原	かはら
華園	はなぞの
華奈	かな
華子	はなこ
華宵	かしょう
華山	かざん
華岳	かがく
華村	はなむら
華菜	かな
華鈴	かりん
菰田	こもだ
菰野	こもの
菱刈	ひしかり
菱屋	ひしや
菱川	ひしかわ
菱形	ひしがた
菱沼	ひしぬま
菱田	ひした
萌乃	もえの
萌子	もえこ
萌葱	もえぎ
萌黄	もえぎ
萩中	はぎなか
萩乃	はぎの
萩原	はぎわら
萩尾	はぎお
萩山	はぎやま
萩本	はぎもと
萩生田	はぎうだ
萩田	はぎた
萩谷	はぎや
萩野	はぎの
萬代	まんだい
萬屋	よろずや
萬平	まんぺい
萬歳	ばんざい
萬田	まんだ
萬葉	まんよう
萬谷	まんたに
萱場	かやば
萱島	かやしま
萱野	かやの
落合	おちあい
落合南	おちあいみなみ
落水	おちみず
落花	らっか
落葉	おちば
葉子	ようこ
葉山	はやま
葉梨	はなし
葉色	はいろ
葉音	はおと
葛原	かつらはら
葛城	かつらぎ
葛城山	かつらぎやま
葛尾	かつらお
葛山	かつらやま
葛岡	くずおか
葛巻	くずまき
葛木	かずらき
葛生	くずう
葛葉	くずは
葛西	かさい
葛野	くずの
葛飾	かつしか
葦北	あしきた
葦原	あしはら
葺合	ふきあい
蒋介石	しょうかいせき
蒔田	まきた
蒜山	ひるぜん
蒲原	かんばら
蒲島	かましま
蒲江	かまえ
蒲池	かまち
蒲生	がもう
蒲田	かまた
蒲郡線	がまごおりせん
蒼海	そうかい
蒼生	そうせい
蒼穹	そうきゅう
蓉子	ようこ
蓬生	ほうせい
蓬田	よもぎだ
蓬莱	ほうらい
蓮井	はすい
蓮台	れんだい
蓮台寺	れんだいじ
蓮司	れんじ
蓮如	れんにょ
蓮子	はすこ
蓮実	はすみ
蓮池	はすいけ
蓮沼	はすぬま
蓮田	はすだ
蓮花	れんげ
蓮見	はすみ
蓼科山	たてしなやま
蓼科高原	たてしなこうげん
蔦谷	つたや
蔭山	かげやま
蔵之助	くらのすけ
蔵六	ぞうろく
蔵内	くらうち
蔵前	くらまえ
蔵原	くらはら
蔵屋敷	くらやしき
蔵王	ざおう
蔵王山	ざおうやま
蔵王温泉	ざおうおんせん
蔵田	くらた
蕨野	わらびの
蕪木	かぶらき
蕪村	ぶそん
薄井	うすい
薄刃	うすば
薄墨	うすずみ
薄毛	うすげ
薄田	うすた
薄葉	うすば
薄野	すすきの
薗田	そのだ
薗部	そのべ
薩摩	さつま
薫子	かおるこ
薫風	くんぷう
薬丸	やくまる
薬園台	やくえんだい
薬屋	くすりや
薬師丸	やくしまる
薬師堂	やくしどう
薬師寺	やくしじ
薬王院	やくおういん
薬研	やげん
薬研堀	やげんぼり
薬院	やくいん
薮下	やぶした
薮田	やぶた
藍住	あいずみ
藍原	あいはら
藍子	あいこ
藍川	あいかわ
藍染	あいぜん
藍沢	あいざわ
藍田	あいだ
藤下	ふじした
藤中	ふじなか
藤丸	ふじまる
藤井	ふじい
藤井寺	ふじいでら
藤代	ふじしろ
藤倉	ふじくら
藤元	ふじもと
藤北	ふじきた
藤原	ふじわら
藤吉	とうきち
藤吉郎	とうきちろう
藤吾	とうご
藤和	とうわ
藤四郎	とうしろう
藤坂	ふじさか
藤城	ふじしろ
藤堂	とうどう
藤塚	ふじつか
藤子	ふじこ
藤孝	ふじたか
藤宮	ふじみや
藤尾	ふじお
藤屋	ふじや
藤山	ふじやま
藤岡	ふじおか
藤島	ふじしま
藤崎	ふじさき
藤嶋	ふじしま
藤川	ふじかわ
藤巻	ふじまき
藤平	ふじひら
藤戸	ふじと
藤木	ふじき
藤本	ふじもと
藤村	ふじむら
藤松	ふじまつ
藤林	ふじばやし
藤枝	ふじえだ
藤棚	ふじだな
藤森	ふじもり
藤橋	ふじはし
藤次郎	とうじろう
藤正	ふじまさ
藤永	ふじなが
藤江	ふじえ
藤沢	ふじさわ
藤沼	ふじぬま
藤波	ふじなみ
藤津	ふじつ
藤浦	ふじうら
藤浪	ふじなみ
藤澤	ふじさわ
藤牧	ふじまき
藤田	ふじた
藤田保健衛生大学	ふじたほけんえいせいだいがく
藤白	ふじしろ
藤花	ふじか
藤蔭	とういん
藤見	ふじみ
藤谷	ふじたに
藤邑	ふじむら
藤里	ふじさと
藤野	ふじの
藤間	ふじま
藤雄	ふじお
藪下	やぶした
藪原	やぶはら
藪田	やぶた
藺草	いぐさ
藻塩	もしお
藻屑	もくず
藻岩山	もいわやま
蘆花	ろか
蘇峰	そほう
蘇州	そしゅう
蘇我	そが
蘇芳	すおう
蘇鉄	そてつ
蘭丸	らんまる
蘭子	らんこ
蘭島	らんしま
蘭越	らんこし
虎丸	とらまる
虎之助	とらのすけ
虎吉	とらきち
虎太	とらた
虎太郎	こたろう
虎姫	とらひめ
虎屋	とらや
虎彦	とらひこ
虎杖	いたどり
虎次郎	とらじろう
虎石	とらいし
虎雄	とらお
虚子	きょし
虚空蔵	こくぞう
虫太郎	むしたろう
虻川	あぶかわ
虻田	あぶた
蛇喰	じゃばみ
蛇山	へびやま
蛇崩	じゃくずれ
蛇田	へびた
蛇足	だそく
蛍池	ほたるがいけ
蛭子	えびす
蛭田	ひるた
蛯原	えびはら
蛯名	えびな
蛸島	たこしま
蛸薬師	たこやくし
蜂屋	はちや
蜂巣	はちす
蜂谷	はちや
蜂須賀	はちすか
蜷川	にながわ
蝙蝠	こうもり
蝦名	えびな
蝶々夫人	ちょうちょうふじん
蝶子	ちょうこ
蟷螂	とうろう
蟹江	かにえ
蟹田	かにた
蟻塚	ありづか
行光	ゆきみつ
行啓	ぎょうけい
行基	ぎょうき
行場	ぎょうば
行夫	ゆきお
行川	なめかわ
行平	ゆきひら
行徳	ゆきのり
行橋	ゆくはし
行法	ぎょうほう
行田	ぎょうだ
行男	いくお
行路	こうろ
行長	ゆきなが
行雄	ゆきお
衛藤	えとう
衛門	えもん
衡平	こうへい
衣子	きぬこ
衣山	きぬやま
衣川	きぬかわ
衣浦	きぬうら
衣笠	きぬがさ
衣里	えり
表側	おもてがわ
表具	ひょうぐ
表千家	おもてせんけ
表参道	おもてさんどう
袁紹	えんしょう
袋井	ふくろい
袋田	ふくろだ
袋町	ふくろまち
袖ヶ浦	そでがうら
袖口	そでぐち
袖山	そでやま
被団協	ひだんきょう
被官	ひかん
袴田	はかまだ
袴着	はかまぎ
裏町	うらまち
裕一	ゆういち
裕一郎	ゆういちろう
裕三	ゆうぞう
裕久	ひろひさ
裕之	ひろゆき
裕也	ゆうや
裕二	ゆうじ
裕人	ひろと
裕仁	ひろひと
裕介	ゆうすけ
裕佳梨	ゆかり
裕信	ひろのぶ
裕典	ひろのり
裕史	ひろし
裕司	ゆうじ
裕和	ひろかず
裕哉	ゆうさい
裕士	ひろし
裕子	ゆうこ
裕巳	ひろみ
裕平	ゆうへい
裕幸	ひろゆき
裕康	ひろやす
裕彦	ひろひこ
裕志	ひろし
裕文	ひろふみ
裕明	ひろあき
裕昭	ひろあき
裕木	ゆうき
裕樹	ひろき
裕次郎	ゆうじろう
裕治	ゆうじ
裕理	ゆうり
裕生	ゆうき
裕章	ひろあき
裕紀	ひろき
裕美	ひろみ
裕美子	ゆみこ
裕英	ひろひで
裕行	ひろゆき
裕見子	ゆみこ
裕貴	ひろき
裕輔	ゆうすけ
裕雄	やすお
裕香	ひろか
襟裳岬	えりもみさき
西中	にしなか
西中洲	にしなかす
西中野	にしなかの
西乃	にしの
西久保	にしくぼ
西之表	にしのおもて
西九条	にしくじょう
西五反田	にしごたんだ
西井	にしい
西京	さいきょう
西京極	にしきょうごく
西仙北	にしせんぼく
西代	にしだい
西仲	にしなか
西伊興	にしいこう
西伊豆	にしいず
西会津	にしあいづ
西伯	さいはく
西元	にしもと
西光	さいこう
西八代	にしやつしろ
西公園	にしこうえん
西内	にしうち
西出	にしで
西分	にしぶん
西南学院大学	せいなんがくいんだいがく
西原	にしはら
西又	にしまた
西友	せいゆう
西台	にしだい
西名	にしな
西和	せいわ
西唐津	にしからつ
西園	にしぞの
西園寺	さいおんじ
西坂	にしさか
西垣	にしがき
西城	さいじょう
西堀	にしぼり
西多摩	にしたま
西大井	にしおおい
西大寺	さいだいじ
西大島	にしおおしま
西大橋	にしおおはし
西大泉	にしおおいずみ
西大路	にしおおじ
西天満	にしてんま
西太平洋	にしたいへいよう
西宇和	にしうわ
西安	せいあん
西宮	にしのみや
西寺	にしてら
西小倉	にしこくら
西小坂井	にしこざかい
西尾	にしお
西屋	にしや
西山	にしやま
西岡	にしおか
西島	にしじま
西崎	にしざき
西嶋	にしじま
西川	にしかわ
西川田	にしかわた
西巣鴨	にしすがも
西市	にしいち
西平	にしだいら
西広	にしひろ
西彼杵	にしそのぎ
西心斎橋	にししんさいばし
西成	にしなり
西所沢	にしところざわ
西新	にししん
西新井	にしあらい
西新宿	にししんじゅく
西新小岩	にししんこいわ
西新橋	にししんばし
西日暮里	にしにっぽり
西早稲田	にしわせだ
西明石	にしあかし
西春	にしはる
西春日井	にしかすがい
西木	にしき
西本	にしもと
西村	にしむら
西村山	にしむらやま
西条	さいじょう
西東	さいとう
西東京	にしとうきょう
西松	にしまつ
西松屋	にしまつや
西松浦	にしまつうら
西枇杷島	にしびわしま
西林	にしばやし
西根	にしね
西桂	にしかつら
西梅田	にしうめだ
西條	さいじょう
西森	にしもり
西武	せいぶ
西武園	せいぶえん
西武園線	せいぶえんせん
西武球場前	せいぶきゅうじょうまえ
西武秩父	せいぶちちぶ
西武秩父線	せいぶちちぶせん
西武遊園地	せいぶゆうえんち
西池袋	にしいけぶくろ
西沢	にしざわ
西河	にしかわ
西洞院	にしのとういん
西津軽	にしつがる
西浜	にしはま
西浦	にしうら
西海	さいかい
西海岸	にしかいがん
西淀川	にしよどがわ
西港	にしこう
西湖	さいこ
西潟	にしかた
西澤	にしざわ
西片	にしかた
西牟婁	にしむろ
西牟田	にしむた
西田	にしだ
西町	にしまち
西畑	にしはた
西白河	にししらかわ
西目	にしめ
西目屋	にしめや
西磐井	にしいわい
西立川	にしたちかわ
西米良	にしめら
西粟倉	にしあわくら
西置賜	にしおきたま
西脇	にしわき
西臼杵	にしうすき
西興部	にしおこっぺ
西舞鶴	にしまいづる
西船	にしふな
西船橋	にしふなばし
西荻	にしおぎ
西葛西	にしかさい
西蒲原	にしかんばら
西藤	さいとう
西行	さいぎょう
西表	いりおもて
西見	にしみ
西諸県	にしもろかた
西谷	にしたに
西那須野	にしなすの
西郷	さいごう
西都	さいと
西里	にしさと
西野	にしの
西鉄	にしてつ
西鉄二日市	にしてつふつかいち
西銘	にしめ
西長堀	にしながほり
西門	にしかど
西院	さいいん
西陣	にしじん
西陵	せいりょう
西青木	にしあおき
西馬込	にしまごめ
西馬音内	にしもない
西鶴	さいかく
西麻布	にしあざぶ
要一	よういち
要地	ようち
要害	ようがい
要町	かなめちょう
見上	みかみ
見世	みせ
見付	みつけ
見分	みわけ
見台	みだい
見合	みあい
見城	けんじょう
見山	みやま
見崎	みさき
見晴	みはらし
見晴台	みはらしだい
見沢	みさわ
見沼	みぬま
見澤	みさわ
見田	みた
見目	けんもく
見立	みたて
見越	みこし
見込	みこみ
見附	みつけ
見頃	みごろ
規久男	きくお
規夫	のりお
規矩	きく
覚王山	かくおうざん
親房	ちかふさ
親政	しんせい
親木	おやき
親爺	おやじ
親鸞	しんらん
観世	かんぜ
観世音	かんぜおん
観音堂	かんのんどう
観音寺	かんおんじ
観音山	かんのんやま
観音崎	かんのんざき
角南	すなみ
角屋	すみや
角島	かくしま
角川	かどかわ
角川書店	かどかわしょてん
角松	かどまつ
角栄	かくえい
角田	かくだ
角行	かくぎょう
角谷	かくたに
角野	かくの
角間	かくま
角館	かくのだて
言上	ごんじょう
訓子	のりこ
訓子府	くんねっぷ
記子	のりこ
記紀	きき
設楽	したら
許斐	このみ
許田	きょだ
詔子	しょうこ
詠一	えいいち
詠美	えいみ
詢子	じゅんこ
詩吟	しぎん
詩子	うたこ
詩織	しおり
詩野	しの
詩音	しおん
詫間	たくま
誉志幸	よしゆき
誉田	よだ
誠一	せいいち
誠一郎	せいいちろう
誠之	しげゆき
誠之助	せいのすけ
誠二	せいじ
誠人	まこと
誠司	せいじ
誠子	せいこ
誠志郎	せいしろう
誠治	せいじ
誠記	もとき
読売新聞	よみうりしんぶん
読売新聞社	よみうりしんぶんしゃ
読谷	よみたん
調布	ちょうふ
諄子	じゅんこ
諌山	いさやま
諌早	いさはや
諏訪	すわ
諏訪内	すわない
諏訪原	すわはら
諏訪山	すわやま
諏訪部	すわべ
諒子	りょうこ
諦念	たいねん
諫山	いさやま
諫早	いさはや
諭吉	ゆきち
諸井	もろい
諸仏	しょぶつ
諸塚	もろつか
諸富	もろとみ
諸岡	もろおか
諸星	もろぼし
諸橋	もろはし
諸江	もろえ
諸田	もろた
諸見里	もろみざと
謙一	けんいち
謙一郎	けんいちろう
謙三	けんぞう
謙也	けんや
謙二	けんじ
謙二郎	けんじろう
謙介	けんすけ
謙信	けんしん
謙司	けんじ
謙吾	けんご
謙太	けんた
謙太郎	けんたろう
謙次	けんじ
謙治	けんじ
謙譲	けんじょう
講談社	こうだんしゃ
講道館	こうどうかん
謝肉祭	しゃにくさい
謝花	じゃはな
謹也	きんや
識名	しきな
警固	けいご
警察署前	けいさつしょまえ
譲二	じょうじ
譲治	じょうじ
護国寺	ごこくじ
護法	ごほう
護煕	もりひろ
護良親王	もりながしんのう
讃岐	さぬき
谷上	たにがみ
谷中	やなか
谷井	たにい
谷保	やほ
谷内	たにうち
谷原	たにはら
谷口	たにぐち
谷合	たにあい
谷垣	たにがき
谷塚	やつか
谷子	たにこ
谷尻	たにしり
谷山	たにやま
谷山線	たにやません
谷岡	たにおか
谷島	たにしま
谷崎	たにざき
谷戸	たにと
谷本	たにもと
谷村	たにむら
谷根	たにね
谷森	たにもり
谷水	たにみず
谷汲	たにぐみ
谷沢	たにざわ
谷津	やつ
谷澤	たにざわ
谷田	たにた
谷田部	やたべ
谷町	たにまち
谷町線	たにまちせん
谷脇	たにわき
谷藤	たにふじ
谷道	たにみち
谷野	たにの
谷風	たにかぜ
豆板	まめいた
豆田	まめだ
豊丘	とよおか
豊中	とよなか
豊丸	とよまる
豊久	とよひさ
豊前	ぶぜん
豊北	ほうほく
豊原	とよはら
豊口	とよぐち
豊和	とよかず
豊国	とよくに
豊子	とよこ
豊山	とよやま
豊岡	とよおか
豊島	とよしま
豊崎	とよさき
豊嶋	とよしま
豊川	とよかわ
豊川線	とよかわせん
豊平	とよひら
豊彦	とよひこ
豊後	ぶんご
豊後水道	ぶんごすいどう
豊後高田	ぶんごたかだ
豊成	とよなり
豊明	とよあけ
豊春	とよはる
豊栄	とよさか
豊根	とよね
豊樹	とよき
豊橋	とよはし
豊橋技術科学大学	とよはしぎじゅつかがくだいがく
豊水	ほうすい
豊永	とよなが
豊沢	とよさわ
豊津	とよつ
豊洲	とよす
豊浜	とよはま
豊浦	とようら
豊海	とよみ
豊玉	とよたま
豊田	とよだ
豊田通商	とよだつうしょう
豊科	とよしな
豊穣	ほうじょう
豊能	とよの
豊臣	とよとみ
豊見城	とみぐすく
豊郷	とよさと
豊里	とよさと
豊野	とよの
豊雄	とみお
豊頃	とよころ
豊麗	ほうれい
象潟	きさかた
豪州	ごうしゅう
豪徳寺	ごうとくじ
貝原	かいばら
貝島	かいしま
貝沢	かいざわ
貝津	かいつ
貝瀬	かいせ
貞一	ていいち
貞三郎	ていさぶろう
貞享	ていきょう
貞光	さだみつ
貞夫	さだお
貞奴	さだやっこ
貞子	さだこ
貞宗	さだむね
貞心	ていしん
貞慶	じょうけい
貞文	さだふみ
貞時	さだとき
貞治	ていじ
貞淑	ていしゅく
貞男	さだお
貞祐	ていゆう
貞秀	さだひで
貞雄	さだお
財前	ざいぜん
財務省	ざいむしょう
財形	ざいけい
財津	ざいつ
財部	たからべ
貫一	かんいち
貫之	つらゆき
貫井	ぬきい
貫太郎	かんたろう
貫目	かんめ
貴一	きいち
貴乃花	たかのはな
貴久	たかひさ
貴之	たかゆき
貴仁	たかひと
貴代美	きよみ
貴俊	たかとし
貴光	たかみつ
貴利	たかとし
貴博	たかひろ
貴史	たかし
貴司	たかし
貴士	たかし
貴子	たかこ
貴宏	たかひろ
貴家	きか
貴幸	たかゆき
貴広	たかひろ
貴弘	たかひろ
貴彦	たかひこ
貴徳	たかのり
貴志	きし
貴恵	たかえ
貴文	たかふみ
貴明	たかあき
貴昭	たかあき
貴樹	たかき
貴洋	たかひろ
貴浩	たかひろ
貴理子	きりこ
貴生	たかお
貴生川	きぶかわ
貴田	きだ
貴由	たかよし
貴男	たかお
貴章	たかあき
貴紀	たかのり
貴美	たかみ
貴美子	きみこ
貴船	きふね
貴花田	たかはなだ
貴行	たかゆき
貴裕	たかひろ
貴闘力	たかとうりき
貴雄	たかお
買手	かいて
賀子	よしこ
賀川	かがわ
賀来	かく
賀茂	かも
賀茂川	かもがわ
賀谷	がや
賀陽	かや
資生堂	しせいどう
賈詡	かく
賢一	けんいち
賢一郎	けんいちろう
賢三	けんぞう
賢也	けんや
賢二	けんじ
賢二郎	けんじろう
賢介	けんすけ
賢司	けんじ
賢吾	けんご
賢太	けんた
賢太郎	けんたろう
賢志	けんじ
賢次	けんじ
賢治	けんじ
賢雄	けんゆう
赤丸	あかまる
赤井	あかい
赤井川	あかいがわ
赤倉	あかくら
赤司	あかし
赤名	あかな
赤坂	あかさか
赤城	あかぎ
赤城山	あかぎやま
赤堀	あかほり
赤堤	あかつつみ
赤塚	あかつか
赤尾	あかお
赤山	あかやま
赤岡	あかおか
赤岩	あかいわ
赤崎	あかさき
赤嶺	あかみね
赤川	あかがわ
赤帽	あかぼう
赤平	あかびら
赤心	せきしん
赤星	あかぼし
赤木	あかぎ
赤村	あかむら
赤枝	あかえだ
赤染	あかぞめ
赤根	あかね
赤水	あかみず
赤江	あかえ
赤池	あかいけ
赤沢	あかざわ
赤沼	あかぬま
赤津	あかつ
赤湯	あかゆ
赤瀬	あかせ
赤瀬川	あかせがわ
赤牛	あかうし
赤田	あかだ
赤目	あかめ
赤石	あかいし
赤磐	あかいわ
赤神	あかがみ
赤穂	あこう
赤絵	あかえ
赤羽	あかばね
赤羽台	あかばねだい
赤羽岩淵	あかばねいわぶち
赤羽根	あかばね
赤花	あかばな
赤貝	あかがい
赤野	あかの
赤金	あかがね
赤銅	しゃくどう
赤錆	あかさび
赤門	あかもん
赤間	あかま
赤阪	あかさか
赤鼻	あかはな
赫子	かくこ
赳夫	たけお
越中	えっちゅう
越前	えちぜん
越前大野	えちぜんおおの
越前屋	えちぜんや
越山	こしやま
越川	こしかわ
越後屋	えちごや
越後湯沢	えちごゆざわ
越智	おち
越水	こしみず
越生	おごせ
越生線	おごせせん
越田	こしだ
越知	おち
越谷	こしがや
越路	こしじ
越野	こしの
足利	あしかが
足助	あすけ
足寄	あしょろ
足形	あしがた
足摺	あしずり
足柄	あしがら
足柄上	あしがらかみ
足柄下	あしがらしも
足立	あだち
足羽	あすわ
足羽山	あすわやま
跡見	あとみ
跡見学園女子大学	あとみがくえんじょしだいがく
跡部	あとべ
路代	みちよ
路子	みちこ
路美	ろみ
踊場	おどりば
踊子	おどりこ
身延	みのぶ
身延山	みのぶさん
身延線	みのぶせん
車屋	くるまや
車山	くるまやま
車田	くるまだ
車谷	くるまたに
軍司	ぐんじ
軍平	ぐんぺい
軍神	ぐんしん
軍記	ぐんき
軽井沢	かるいざわ
軽米	かるまい
軽部	かるべ
輝一	きいち
輝久	てるひさ
輝之	てるゆき
輝人	てるひと
輝元	てるもと
輝北	きほく
輝夫	てるお
輝子	てるこ
輝彦	てるひこ
輝政	てるまさ
輝明	てるあき
輝樹	てるき
輝男	てるお
輝石	きせき
輝美	てるみ
輝虎	てるとら
輝雄	てるお
輪之内	わのうち
輪島	わしま
輪舞	りんぶ
輿水	こしみず
輿石	こしいし
轆轤	ろくろ
轍次	てつじ
轟木	とどろき
辛味	からみ
辛島	からしま
辰之	たつゆき
辰也	たつや
辰吉	たつきち
辰吾	しんご
辰哉	たつや
辰夫	たつお
辰己	たつみ
辰已	たつみ
辰巳	たつみ
辰男	たつお
辰野	たつの
辰雄	たつお
農作	のうさく
農山	のうやま
農林中央金庫	のうりんちゅうおうきんこ
農林中金	のうりんちゅうきん
農水省	のうすいしょう
辺見	へんみ
辺野古	へのこ
辻井	つじい
辻占	つじうら
辻岡	つじおか
辻川	つじかわ
辻本	つじもと
辻村	つじむら
辻田	つじた
辻谷	つじたに
辻野	つじの
込山	こみやま
迎春	げいしゅん
近江	おうみ
近江今津	おうみいまづ
近江八幡	おうみはちまん
近田	ちかだ
近畿大学	きんきだいがく
近畿日本鉄道	きんきにほんてつどう
近藤	こんどう
近郷	きんごう
近野	こんの
近鉄	きんてつ
近鉄難波	きんてつなんば
迦葉	かしょう
迫田	さこだ
追浜	おっぱま
退助	たいすけ
退蔵	たいぞう
逆瀬川	ぎゃくせがわ
逍遙	しょうよう
透子	とうこ
透水	とうすい
透谷	とうこく
逗子	ずし
逗子線	ずしせん
通天閣	つうてんかく
通夫	みちお
通子	みちこ
通販生活	つうはんせいかつ
速水	はやみ
速玉	はやたま
速見	はやみ
造幣局	ぞうへいきょく
逢坂	ほうさか
逢妻	あいづま
逢沢	あいさわ
逢瀬	おうせ
連坊	れんぼう
連雀	れんじゃく
週刊文春	しゅうかんぶんしゅん
進一	しんいち
進之介	しんのすけ
進也	しんや
進士	しんじ
進藤	しんどう
逸夫	いつお
逸朗	いつろう
逸美	いつみ
逸見	いつみ
逸走	いっそう
逸郎	いつろう
遅塚	ちづか
遊亀	ゆき
遊佐	ゆさ
遊作	ゆうさく
遊城	ゆうしろ
遊子	ゆうこ
遊川	ゆかわ
遊星	ゆうせい
遊木	ゆうき
遊楽	ゆうらく
遊歩道	ゆうほどう
遊民	ゆうみん
遊行	ゆぎょう
遊馬	ゆうま
運上	うんじょう
運慶	うんけい
道三	どうさん
道上	どうじょう
道下	みちした
道也	みちや
道人	どうじん
道代	みちよ
道信	みちのぶ
道元	どうげん
道北	どうほく
道哉	みちや
道太郎	みちたろう
道夫	みちお
道子	みちこ
道学	どうがく
道弘	みちひろ
道彦	みちひこ
道後	どうご
道心	どうしん
道志	どうし
道成寺	どうじょうじ
道新	どうしん
道明	みちあき
道明寺	どうみょうじ
道東	どうとう
道枝	みちえ
道民	どうみん
道満	どうまん
道灌	どうかん
道玄坂	どうげんざか
道生	みちお
道産子	どさんこ
道真	どうしん
道管	どうかん
道行	みちゆき
道造	みちぞう
道道	どうどう
道郎	みちろう
道部	みちぶ
道重	みちしげ
道鏡	どうきょう
道隆	みちたか
道雄	みちお
道頓堀	どうとんぼり
達也	たつや
達哉	たつや
達夫	たつお
達平	たつへい
達弥	たつや
達彦	たつひこ
達朗	たつろう
達治	たつじ
達生	たつお
達男	たつお
達矢	たつや
達郎	たつろう
達雄	たつお
遙香	はるか
遠別	えんべつ
遠坂	えんさか
遠州灘	えんしゅうなだ
遠江	とおとうみ
遠田	とおだ
遠矢	とおや
遠藤	えんどう
遠見	とおみ
遠賀	おんが
遠路	えんろ
遠野	とおの
遥子	ようこ
遥香	はるか
遼寧	りょうねい
邑久	おく
邑智	おうち
邑楽	おうら
那加	なか
那古	なこ
那古野	なごの
那奈	なな
那子	なこ
那岐	なぎ
那智	なち
那智勝浦	なちかつうら
那月	なつき
那波	なば
那津	なつ
那珂	なか
那珂川	なかがわ
那珂湊	なかみなと
那由	なゆ
那美	なみ
那覇	なは
那覇空港	なはくうこう
那谷	なた
那賀	なか
那賀川	なかがわ
那雪	なゆき
那須	なす
那須塩原	なすしおばら
那須川	なすかわ
那須野	なすの
那須高原	なすこうげん
邦和	くにかず
邦夫	くにお
邦子	くにこ
邦広	くにひろ
邦弘	くにひろ
邦彦	くにひこ
邦明	くにあき
邦正	くにまさ
邦武	くにたけ
邦洋	くにひろ
邦生	くにお
邦男	くにお
邦衛	くにえ
邦裕	くにひろ
邦雄	くにお
邪馬台国	やまたいこく
邯鄲	かんたん
郁也	ふみや
郁代	いくよ
郁夫	いくお
郁子	いくこ
郁弥	ふみや
郁恵	いくえ
郁美	いくみ
郁雄	いくお
郎女	いらつめ
郡上	ぐじょう
郡中	ぐんちゅう
郡元	こおりもと
郡司	ぐんじ
郡山	こうりやま
郷中	ごうなか
郷原	ごうはら
郷士	ごうし
郷子	さとこ
郷本	ごうもと
郷田	ごうだ
郷社	ごうしゃ
都井岬	といみさき
都倉	とくら
都南	となん
都営地下鉄	とえいちかてつ
都大路	みやこおおじ
都子	みやこ
都田	みやこだ
都留	つる
都留文科大学	つるぶんかだいがく
都窪	つくぼ
都筑	つづき
都築	つづき
都賀	つが
都路	みやこじ
都農	つの
都電	とでん
酒井	さかい
酒匂	さこう
酒匂川	さかわがわ
酒巻	さかまき
酒田	さかた
酪農学園大学	らくのうがくえんだいがく
醍醐天皇	だいごてんのう
采女	うねめ
釈由美子	しゃくゆみこ
釈迦堂	しゃかどう
里中	さとなか
里人	さとびと
里佳	りか
里佳子	りかこ
里依	りえ
里咲	りさ
里塚	さとづか
里奈	りな
里山	さとやま
里川	さとかわ
里庄	さとしょう
里志	さとし
里恵	りえ
里枝	りえ
里江	りえ
里沙	りさ
里砂	りさ
里程	りてい
里穂	りほ
里紗	りさ
里絵	りえ
里緒	りお
里緒菜	りおな
里織	さおり
里美	さとみ
里花	りか
里菜	りな
里華	りか
里衣	りえ
里見	さとみ
里谷	さとや
里野	さとの
里香	りか
重久	しげひさ
重人	しげと
重信	しげのぶ
重光	しげみつ
重勝	しげかつ
重吉	じゅうきち
重和	しげかず
重太郎	しげたろう
重夫	しげお
重子	しげこ
重富	しげとみ
重岡	しげおか
重嶺	しげね
重幸	しげゆき
重彦	しげひこ
重徳	しげのり
重忠	しげただ
重慶	じゅうけい
重成	しげなり
重政	しげまさ
重明	しげあき
重本	しげもと
重村	しげむら
重松	しげまつ
重樹	しげき
重治	しげはる
重田	しげた
重男	しげお
重盛	しげもり
重蔵	しげぞう
重郎	しげお
重里	しげさと
重野	しげの
重陽	ちょうよう
重隆	しげたか
重雄	しげお
野々山	ののやま
野々市	ののいち
野々村	ののむら
野上	のがみ
野並	のなみ
野久保	のくぼ
野井	のい
野付	のつけ
野依	のより
野元	のもと
野内	のうち
野分	のわき
野口	のぐち
野呂	のろ
野咲	のざき
野地	のじ
野坂	のさか
野太刀	のだち
野宮	のみや
野家	のえ
野尻	のじり
野尻湖	のじりこ
野島	のじま
野崎	のざき
野嶋	のじま
野川	のがわ
野市	のいち
野幌	のっぽろ
野平	のひら
野方	のがた
野明	のあけ
野月	のづき
野木	のぎ
野本	のもと
野村	のむら
野村証券	のむらしょうけん
野枝	のえ
野母崎	のもざき
野比	のび
野毛	のげ
野水	のみず
野江	のえ
野沢	のざわ
野沢温泉	のざわおんせん
野波	のなみ
野津	のつ
野津田	のづた
野洲	やす
野澤	のざわ
野瀬	のせ
野火	のび
野火止	のびどめ
野牛	やぎゅう
野田	のだ
野田線	のだせん
野畑	のばた
野矢	のや
野神	のがみ
野立	のだち
野老	ところ
野花	のばな
野茂	のも
野蒜	のびる
野薔薇	のばら
野見	のみ
野見山	のみやま
野谷	のや
野路	のじ
野辺地	のへじ
野辺山	のべやま
野迫川	のせがわ
野里	のざと
野間	のま
野間口	のまぐち
野際	のぎわ
野面	のづら
野麦峠	のむぎとうげ
金上	かながみ
金丸	かねまる
金久保	かなくぼ
金之助	きんのすけ
金井	かない
金元	かねもと
金光	かねみつ
金児	かねこ
金八	きんぱち
金内	かなうち
金刺	かなざし
金剛寺	こんごうじ
金剛山	こんごうやま
金原	かねはら
金古	かねこ
金吾	きんご
金城学院大学	きんじょうがくいんだいがく
金太	きんた
金太郎	きんたろう
金子	かねこ
金尾	かなお
金屋	かなや
金岡	かねおか
金峰	きんぽう
金崎	かねざき
金川	かながわ
金座	きんざ
金持	かねもち
金指	かなざし
金春	こんぱる
金時	きんとき
金月	きんげつ
金木	かなぎ
金本	かねもと
金杉	かなすぎ
金村	かなむら
金枝	きんし
金棒	かなぼう
金森	かなもり
金次郎	きんじろう
金武	かなたけ
金比羅	こんぴら
金比羅山	こんぴらやま
金毘羅	こんぴら
金沢	かなざわ
金沢医科大学	かなざわいかだいがく
金沢大学	かなざわだいがく
金沢工業大学	かなざわこうぎょうだいがく
金沢美術工芸大学	かなざわびじゅつこうげいだいがく
金泉	かないずみ
金津	かねつ
金澤	かなざわ
金玉	きんぎょく
金田	かねだ
金田一	きんだいち
金町	かねまち
金町線	かなまちせん
金立	きんりゅう
金箱	かねばこ
金蔵	きんぞう
金谷	かなや
金足	かなあし
金輪	かなわ
金造	きんぞう
金重	かねしげ
金野	こんの
金銅	こんどう
金閣	きんかく
金閣寺	きんかくじ
釘宮	くぎみや
釜口	かまぐち
釜本	かまもと
釜田	かまた
釜石	かまいし
釜石線	かまいしせん
釜谷	かまや
針山	はりやま
針生	はりゅう
針谷	はりや
釣瓶	つるべ
釣竿	つりざお
釣船	つりぶね
釣魚台	ちょうぎょだい
釧網本線	せんもうほんせん
釧路	くしろ
鈴井	すずい
鈴原	すずはら
鈴奈	れいな
鈴子	すずこ
鈴川	すずかわ
鈴木	すずき
鈴本	すずもと
鈴村	すずむら
鈴森	すずもり
鈴江	すずえ
鈴熊	すずくま
鈴田	すずた
鈴置	すずおき
鈴美	すずみ
鈴蘭	すずらん
鈴谷	すずたに
鈴里	すずり
鈴鹿	すずか
鈴鹿山脈	すずかさんみゃく
鈴鹿線	すずかせん
鉄之助	てつのすけ
鉄也	てつや
鉄二	てつじ
鉄兵	てっぺい
鉄夫	てつお
鉄子	てつこ
鉄山	てつざん
鉄平	てっぺい
鉄幹	てっかん
鉄心	てっしん
鉄扇	てっせん
鉄拳	てっけん
鉄斎	てっさい
鉄槌	てっつい
鉄男	てつお
鉄矢	てつや
鉄舟	てっしゅう
鉄蔵	てつぞう
鉄郎	てつろう
鉄雄	てつお
鉢山	はちやま
鉢形	はちがた
鉾田	ほこた
銀天	ぎんてん
銀山	ぎんざん
銀嶺	ぎんれい
銀川	ぎんせん
銀月	ぎんげつ
銀杏	いちょう
銀河万丈	ぎんがばんじょう
銀蔵	ぎんぞう
銀輪	ぎんりん
銀閣	ぎんかく
銀閣寺	ぎんかくじ
銅座	どうざ
銅銭	どうせん
銭函	ぜにばこ
銭形	ぜにがた
鋭気	えいき
鋭治	えいじ
鋸南	きょなん
鋸山	のこぎりやま
鋼索	こうさく
錠前	じょうまえ
錦之助	きんのすけ
錦城	きんじょう
錦山	きんざん
錦戸	にしきど
錦木	にしきぎ
錦江	きんこう
錦江湾	きんこうわん
錦糸	きんし
錦織	にしきおり
錦野	にしきの
錬三郎	れんざぶろう
錬成	れんせい
鍋倉	なべくら
鍋割山	なべわりやま
鍋屋	なべや
鍋島	なべしま
鍋田	なべた
鍋谷	なべたに
鍛冶	かじ
鍛冶屋	かじや
鍛治	かじ
鍛高	たんたか
鍬形	くわがた
鍵屋	かぎや
鍵山	かぎやま
鍵本	かぎもと
鍵穴	かぎあな
鍵谷	かぎたに
鎌倉山	かまくらやま
鎌原	かまはら
鎌田	かまだ
鎌苅	かまかり
鎮江	ちんこう
鎮西	ちんぜい
鏑木	かぶらき
鏡子	きょうこ
鏡山	かがみやま
鏡石	かがみいし
鏡花	きょうか
鏡野	かがみの
鐘崎	かねざき
鑁阿	ばんな
鑑三	かんぞう
鑑真	がんじん
長万部	おしゃまんべ
長三郎	ちょうさぶろう
長与	ながよ
長久保	ながくぼ
長久手	ながくて
長井	ながい
長介	ちょうすけ
長住	ながずみ
長倉	ながくら
長光	ながみつ
長兵衛	ちょうべえ
長内	おさない
長円	ちょうえん
長助	ちょうすけ
長勢	ながせ
長南	ちょうなん
長原	ながはら
長友	ながとも
長吉	ちょうきち
長和	ちょうわ
長坂	ながさか
長城	ちょうじょう
長堀	ながほり
長塚	ながつか
長太郎	ちょうたろう
長安	ちょうあん
長宗我部	ちょうそがべ
長富	ながとみ
長尾	ながお
長居公園	ながいこうえん
長屋王	ながやおう
長山	ながやま
長岡	ながおか
長岡京	ながおかきょう
長岡技術科学大学	ながおかぎじゅつかがくだいがく
長峰	ながみね
長島	ながしま
長崎大	ながさきだい
長崎大学	ながさきだいがく
長崎屋	ながさきや
長嶋	ながしま
長嶺	ながみね
長州	ちょうしゅう
長平	ちょうへい
長後	ちょうご
長慶	ちょうけい
長戸	ながと
長手	ながて
長押	なげし
長持	ながもち
長政	ながまさ
長明	ちょうめい
長春	ちょうしゅん
長束	ながつか
長栄	ちょうえい
長根	ながね
長森	ながもり
長楽	ちょうらく
長橋	ながはし
長次	ちょうじ
長次郎	ちょうじろう
長氏	ながうじ
長池	ながいけ
長沢	ながさわ
長治	ちょうじ
長沼	ながぬま
長泉	ながいずみ
長津田	ながつだ
長洲	ちょうしゅう
長浜	ながはま
長淵	ながぶち
長渕	ながぶち
長湯	ながゆ
長澤	ながさわ
長濱	ながはま
長瀞	ながとろ
長瀬	ながせ
長田	ながた
長町	ながまち
長目	ながめ
長矩	ながのり
長窪	ながくぼ
長等	ながら
長篠	ながしの
長縄	ながなわ
長義	ちょうぎ
長船	おさふね
長良	ながら
長良川	ながらがわ
長蔵	ちょうぞう
長行	おさゆき
長見	おさみ
長親	ながちか
長谷	はせ
長谷山	はせやま
長谷川	はせがわ
長谷見	はせみ
長谷部	はせべ
長道	ながみち
長部	おさべ
長野	ながの
長野原	ながのはら
長門	ながと
長雄	ながお
門井	かどい
門倉	かどくら
門別	もんべつ
門前仲	もんぜんなか
門口	かどぐち
門司	もじ
門地	もんち
門川	かどがわ
門左衛門	もんざえもん
門田	かどた
門真	かどま
門矢	かどや
門脇	かどわき
門跡	もんぜき
門野	かどの
門間	かどま
門馬	もんま
閃光	せんこう
開化	かいか
開平	かいへい
開成	かいせい
開田	かいだ
開田高原	かいだこうげん
開陽	かいよう
開高	かいこう
閑人	かんじん
閑谷	しずたに
間下	ました
間人	はしひと
間宮	まみや
間島	まじま
間欠泉	かんけつせん
間瀬	ませ
間田	まだ
間部	まなべ
間野	まの
閔妃	びんひ
閖上	ゆりあげ
関下	せきした
関内	せきうち
関前	せきぜん
関原	せきはら
関口	せきぐち
関大	かんだい
関学	かんがく
関宿	せきやど
関屋	せきや
関山	せきやま
関川	せきがわ
関戸	せきど
関本	せきもと
関東大震災	かんとうだいしんさい
関東学院大学	かんとうがくいんだいがく
関東平野	かんとうへいや
関東甲信越	かんとうこうしんえつ
関東軍	かんとうぐん
関根	せきね
関田	かんだ
関空	かんくう
関西医科大学	かんさいいかだいがく
関西国際空港	かんさいこくさいくうこう
関西外国語大学	かんさいがいこくごだいがく
関西大学	かんさいだいがく
関西学院大学	かんせいがくいんだいがく
関西本線	かんさいほんせん
関西電力	かんさいでんりょく
関谷	せきや
関越	かんえつ
関越道	かんえつどう
関野	せきの
関金	せきがね
関門海峡	かんもんかいきょう
関電	かんでん
閻魔	えんま
闇夜	やみよ
闇雲	やみくも
闘魚	とうぎょ
阪上	さかがみ
阪井	さかい
阪南	はんなん
阪南大学	はんなんだいがく
阪口	さかぐち
阪和	はんわ
阪和線	はんわせん
阪堺線	はんかいせん
阪大	はんだい
阪奈	はんな
阪急	はんきゅう
阪急百貨店	はんきゅうひゃっかてん
阪急電鉄	はんきゅうでんてつ
阪本	さかもと
阪田	さかた
阪神電鉄	はんしんでんてつ
防人	さきもり
防府	ほうふ
防衛大学校	ぼうえいだいがっこう
阿久	あく
阿久根	あくね
阿久比	あぐい
阿久沢	あくざわ
阿久津	あくつ
阿井	あい
阿仁	あに
阿佐	あさ
阿佐谷	あさがや
阿保	あほ
阿修羅	あしゅら
阿倍	あべ
阿倍野	あべの
阿倍野筋	あべのすじ
阿児	あご
阿南	あなん
阿原	あはら
阿古	あこ
阿嘉	あか
阿国	おくに
阿寒	あかん
阿川	あがわ
阿弖流為	あてるい
阿弥	あみ
阿弥陀堂	あみだどう
阿弥陀如来	あみだにょらい
阿形	あがた
阿智	あち
阿曽	あそ
阿木	あぎ
阿東	あとう
阿武	あぶ
阿武山	あぶやま
阿武隈	あぶくま
阿波	あわ
阿波座	あわざ
阿波根	あはごん
阿津	あつ
阿漕	あこぎ
阿知	あち
阿知波	あちわ
阿知賀	あちが
阿知須	あじす
阿礼	あれ
阿良	あら
阿藤	あとう
阿蘇	あそ
阿見	あみ
阿諏訪	あすわ
阿賀	あが
阿達	あだち
阿部	あべ
阿野	あの
降旗	こうき
降矢	ふるや
降魔	ごうま
陝西	せんせい
院主	いんじゅ
陣内	じんない
陣場	じんば
陣川	じんかわ
陳内	ちんない
陵南	りょうなん
陶冶	とうや
陶山	すやま
陸中	りくちゅう
陸別	りくべつ
陸前	りくぜん
陸前高田	りくぜんたかた
陸奥	みちのく
陸生	りくせい
陸羽東線	りくうとうせん
陸羽西線	りくうさいせん
陽一	よういち
陽一郎	よういちろう
陽三	ようぞう
陽二	ようじ
陽介	ようすけ
陽司	ようじ
陽太郎	ようたろう
陽平	ようへい
陽成	ようぜい
陽明	ようめい
陽春	ようしゅん
陽次	ようじ
陽水	ようすい
陽香	ようか
隅田	すみだ
隅田川	すみだがわ
隆一	りゅういち
隆一郎	りゅういちろう
隆三	りゅうぞう
隆久	たかひさ
隆之	たかゆき
隆也	たかや
隆二	りゅうじ
隆人	たかひと
隆介	りゅうすけ
隆信	たかのぶ
隆光	たかみつ
隆典	たかのり
隆則	たかのり
隆博	たかひろ
隆史	たかし
隆司	たかし
隆吉	たかよし
隆太	りゅうた
隆太郎	りゅうたろう
隆夫	たかお
隆子	たかこ
隆宏	たかひろ
隆平	りゅうへい
隆幸	たかゆき
隆広	たかひろ
隆弘	たかひろ
隆彦	たかひこ
隆徳	たかのり
隆志	たかし
隆成	たかなり
隆文	たかふみ
隆昌	りゅうしょう
隆明	たかあき
隆景	たかかげ
隆正	たかまさ
隆治	りゅうじ
隆浩	たかひろ
隆生	たかお
隆男	たかお
隆祥	たかよし
隆行	たかゆき
隆雄	たかお
隠元	いんげん
隠岐	おき
隼人	はやと
隼雄	はやお
雁之助	がんのすけ
雁木	がんぎ
雁行	がんこう
雄一	ゆういち
雄一朗	ゆういちろう
雄一郎	ゆういちろう
雄三	ゆうぞう
雄也	ゆうや
雄二	ゆうじ
雄二郎	ゆうじろう
雄介	ゆうすけ
雄作	ゆうさく
雄勝	おかつ
雄司	ゆうじ
雄和	ゆうわ
雄哉	ゆうや
雄基	ゆうき
雄太	ゆうた
雄太郎	ゆうたろう
雄山	おやま
雄平	ゆうへい
雄幸	おさち
雄彦	たけひこ
雄志	ゆうじ
雄樹	ゆうき
雄次	ゆうじ
雄武	おうむ
雄治	ゆうじ
雄滝	おだき
雄物川	おものがわ
雄琴	おごと
雄略	ゆうりゃく
雄略天皇	ゆうりゃくてんのう
雄貴	ゆうき
雄踏	ゆうとう
雄輔	ゆうすけ
雄飛	ゆうひ
雅一	まさいち
雅世	まさよ
雅之	まさゆき
雅也	まさや
雅人	まさと
雅代	まさよ
雅刀	まさと
雅則	まさのり
雅史	まさし
雅司	まさし
雅哉	まさや
雅夫	まさお
雅子	まさこ
雅巳	まさみ
雅彦	まさひこ
雅志	まさし
雅春	まさはる
雅晴	まさはる
雅治	まさはる
雅洋	まさひろ
雅紀	まさき
雅美	まさみ
雅臣	まさおみ
雅英	まさひで
雅行	まさゆき
雅道	まさみち
雅雄	まさお
集英社	しゅうえいしゃ
雑色	ぞうしき
雑賀	さいか
雛形	ひながた
雛菊	ひなぎく
難波中	なんばなか
雨宮	あめみや
雨山	うざん
雨情	うじょう
雨月物語	うげつものがたり
雨林	うりん
雨森	あまもり
雨竜	うりゅう
雨野	あまの
雪乃	ゆきの
雪印	ゆきじるし
雪子	ゆきこ
雪岱	せつたい
雪村	ゆきむら
雪枝	ゆきえ
雪江	ゆきえ
雪洞	ぼんぼり
雪片	せっぺん
雪絵	ゆきえ
雪美	ゆきみ
雪舟	せっしゅう
雪見	ゆきみ
雪谷	ゆきたに
雪輪	ゆきわ
雪野	ゆきの
雪雄	ゆきお
雫石	しずくいし
雲井	くもい
雲仙	うんぜん
雲南	うんなん
雲取山	くもとりやま
雲居	うんご
雲山	うんざん
雲形	くもがた
雲田	くもた
雲竜	うんりゅう
雲見	くもみ
雲雀丘	ひばりがおか
雷光	らいこう
雷太	らいた
雷神	らいじん
雷蔵	らいぞう
雷門	かみなりもん
雷電	らいでん
雷鳥	らいちょう
電気事業連合会	でんきじぎょうれんごうかい
電気通信大学	でんきつうしんだいがく
電通	でんつう
霊友会	れいゆうかい
霊夢	れいむ
霊峰	れいほう
霜月	しもつき
霜田	しもだ
霞ヶ関	かすみがせき
霞台	かすみだい
霧島	きりしま
霧島山	きりしまやま
霧崎	きりさき
霧降高原	きりふりこうげん
露伴	ろはん
露崎	つゆさき
露木	つゆき
露草	つゆくさ
青井	あおい
青児	せいじ
青函	せいかん
青地	あおじ
青垣	あおがき
青塚	あおつか
青山学院大学	あおやまがくいんだいがく
青峰	せいほう
青島	あおしま
青崎	あおさき
青嶋	あおしま
青戸	あおと
青根	あおね
青梅線	おうめせん
青森	あおもり
青森大学	あおもりだいがく
青森放送	あおもりほうそう
青毛	あおげ
青水	あおみず
青江	あおえ
青池	あおいけ
青沼	あおぬま
青波	あおなみ
青海	せいかい
青瓦台	せいがだい
青眼	せいがん
青石	あおいし
青磁	せいじ
青草	あおくさ
青葉台	あおばだい
青葉山	あおばやま
青谷	あおや
青豆	あおまめ
青貝	あおがい
青野	あおの
青陵	せいりょう
青龍	せいりゅう
靖久	やすひさ
靖之	やすゆき
靖人	やすと
靖国	やすくに
靖夫	やすお
靖子	やすこ
靖幸	やすゆき
靖弘	やすひろ
靖彦	やすひこ
靖志	やすし
靖明	やすあき
靖雄	やすお
静一	せいいち
静也	しずや
静代	しずよ
静六	せいろく
静内	しずない
静夫	しずお
静奈	せいな
静子	しずこ
静岡大学	しずおかだいがく
静岡県立大学	しずおかけんりつだいがく
静御前	しずかごぜん
静水	せいすい
静江	しずえ
静男	しずお
静華	しずか
静野	しずの
静雄	しずお
静香	しずか
静馬	しずま
靫彦	ゆきひこ
鞍山	あんざん
鞍手	くらて
鞍馬山	くらまやま
鞠子	まりこ
韃靼	だったん
韓非子	かんぴし
韮山	にらやま
韮崎	にらさき
韮沢	にらさわ
音別	おんべつ
音吉	おときち
音喜多	おときた
音女	おとめ
音威子府	おといねっぷ
音戸	おんど
音更	おとふけ
音無	おとなし
音羽	おとわ
音羽屋	おとわや
音羽山	おとわやま
音葉	おとば
響也	きょうや
響子	きょうこ
響灘	ひびきなだ
項羽	こうう
順一	じゅんいち
順一郎	じゅんいちろう
順三	じゅんぞう
順二	じゅんじ
順化	じゅんか
順天堂大学	じゅんてんどうだいがく
順子	じゅんこ
順安	じゅんあん
順平	じゅんぺい
順慶	じゅんけい
順治	じゅんじ
順行	じゅんこう
須佐	すさ
須原	すはら
須和	すわ
須坂	すざか
須山	すやま
須崎	すさき
須川	すがわ
須恵	すえ
須木	すき
須本	すもと
須永	すなが
須沢	すざわ
須澤	すざわ
須玉	すたま
須玖	すぐ
須田	すだ
須磨	すま
須磨子	すまこ
須磨浦公園	すまうらこうえん
須美	すみ
須藤	すどう
須貝	すがい
須賀	すが
須賀川	すかがわ
須走	すばしり
須郷	すごう
須野	すの
預金保険機構	よきんほけんきこう
領家	りょうけ
頸城	くびき
頼光	よりみつ
頼子	よりこ
頼房	よりふさ
頼政	よりまさ
頼朝	よりとも
頼綱	よりつな
頼義	よりちか
額田	ぬかた
顕如	けんにょ
顕子	あきこ
顕家	あきいえ
顕正	けんしょう
顕治	けんじ
類子	るいこ
類家	るいけ
風吹	ふぶき
風子	ふうこ
風岡	かざおか
風張	かざはり
風戸	かざと
風早	かざはや
風来坊	ふうらいぼう
風波	ふうは
風神	ふうじん
風祭	かざまつり
風連	ふうれん
風間	かざま
風間浦	かざまうら
風雅	ふうが
颯人	そうと
颯斗	さつと
飛地	とびち
飛天	ひてん
飛島	とびしま
飛松	とびまつ
飛燕	ひえん
飛田	ひだ
飛田給	とびたきゅう
飛石	とびいし
飛騨	ひだ
飛騨古川	ひだふるかわ
飛騨高山	ひだたかやま
飛鳥	あすか
飛鳥井	あすかい
飛鳥山	あすかやま
飫肥	おび
飯倉	いいくら
飯南	いいなん
飯原	いいはら
飯坂	いいさか
飯塚	いいづか
飯尾	いいお
飯山	いいやま
飯山線	いいやません
飯岡	いいおか
飯島	いいじま
飯嶋	いいじま
飯星	いいぼし
飯村	いいむら
飯森	いいもり
飯沢	いいざわ
飯沼	いいぬま
飯泉	いいずみ
飯田	いいだ
飯田橋	いいだばし
飯田線	いいだせん
飯盛	いいもり
飯盛山	いいもりやま
飯石	いいし
飯窪	いいくぼ
飯能	はんのう
飯舘	いいたて
飯豊	いいで
飯野	いいの
飯間	いいま
飯館	いいたて
飯高	いいだか
飴屋	あめや
飽海	あくみ
飾磨	しかま
養和	ようわ
養老渓谷	ようろうけいこく
館山	たてやま
館林	たてばやし
館野	たての
饗庭	あえば
首藤	しゅとう
香世子	かよこ
香久山	かぐやま
香代子	かよこ
香住	かすみ
香南	こうなん
香取	かとり
香坂	こうさか
香夜	かや
香奈	かな
香奈子	かなこ
香子	きょうこ
香寺	こうでら
香山	かやま
香川	かがわ
香川大学	かがわだいがく
香春	こうしゅん
香月	こうげつ
香林坊	こうりんぼう
香椎	かしい
香椎線	かしいせん
香澄	かすみ
香田	こうだ
香純	かすみ
香緒里	かおり
香織	かおり
香美	かみ
香芝	かしば
香苗	かなえ
香菜	かな
香蘭	こうらん
香西	こうざい
香道	こうどう
香里	かおり
香里園	こうりえん
香里奈	かりな
香雪	こうせつ
馬借	ばしゃく
馬出	まいだし
馬原	まはら
馬喰	ばくろう
馬堀	うまほり
馬宿	うまやど
馬小屋	うまごや
馬屋	うまや
馬島	まじま
馬市	うまいち
馬木	うまき
馬橋	まばし
馬淵	まぶち
馬渕	まぶち
馬渡	まわたり
馬瀬	まぜ
馬琴	ばきん
馬籠	まごめ
馬見	うまみ
馬謖	ばしょく
馬越	うまこし
馬路	うまじ
馬込	うまごめ
馬追	うまおい
馬酔木	あしび
馬野	うまの
駅北	えききた
駅南	えきみなみ
駅東	えきひがし
駅西	えきにし
駒ヶ根	こまがね
駒井	こまい
駒場	こまば
駒大	こまだい
駒子	こまこ
駒川	こまがわ
駒形	こまがた
駒木	こまき
駒村	こまむら
駒林	こまばやし
駒沢	こまざわ
駒沢公園	こまざわこうえん
駒澤	こまざわ
駒澤大学	こまざわだいがく
駒田	こまだ
駒谷	こまたに
駒込	こまごめ
駒野	こまの
駿一	しゅんいち
駿介	しゅんすけ
駿台	すんだい
駿府	すんぷ
駿東	すんとう
駿河	するが
駿河台	するがだい
駿河台大学	するがだいだいがく
駿河湾	するがわん
駿豆線	すんずせん
駿馬	しゅんめ
騎西	きさい
高中	たかなか
高丸	たかまる
高久	たかく
高井	たかい
高井戸	たかいど
高井田	たかいだ
高体連	こうたいれん
高保	たかやす
高信	たかのぶ
高倉	たかくら
高儀	たかぎ
高円宮	たかまどのみや
高円寺	こうえんじ
高円寺北	こうえんじきた
高円寺南	こうえんじみなみ
高力	こうりき
高千穂	たかちほ
高取	たかとり
高句麗	こうくり
高史	たかし
高司	たかし
高和	たかわ
高品	たかしな
高坂	たかさか
高垣	たかがき
高城	たかぎ
高塚	たかつか
高塚山	たかつかやま
高士	たかし
高天原	たかまがはら
高子	たかこ
高安	たかやす
高宮	たかみや
高家	こうけ
高寺	たかてら
高尾	たかお
高尾山口	たかおさんぐち
高尾線	たかおせん
高屋	たかや
高屋敷	たかやしき
高岡	たかおか
高岩	こうがん
高岳	たかおか
高岸	たかぎし
高島	たかしま
高島屋	たかしまや
高崎	たかさき
高崎山	たかさきやま
高崎経済大学	たかさきけいざいだいがく
高崎線	たかさきせん
高嶋	たかしま
高川	たかがわ
高市	たかいち
高師	たかし
高幡	たかはた
高幡不動	たかはたふどう
高平	たかひら
高広	たかひろ
高張	たかはり
高徳線	こうとくせん
高志	たかし
高文	こうぶん
高月	たかつき
高木	たかぎ
高本	たかもと
高杉	たかすぎ
高村	たかむら
高杢	たかもく
高松	たかまつ
高松宮	たかまつのみや
高林	たかばやし
高柳	たかやなぎ
高根	たかね
高根沢	たかねざわ
高桑	たかくわ
高梁	たかはし
高梨	たかなし
高森	たかもり
高槻	たかつき
高樹	たかき
高橋	たかはし
高次	こうじ
高殿	たかどの
高水	たかみず
高江	たかえ
高沢	たかざわ
高津	たかつ
高洲	たかす
高浜	たかはま
高滝	たかたき
高澤	たかざわ
高濱	たかはま
高田	たかだ
高田屋	たかだや
高田馬場	たかだのばば
高畑	たかはた
高畠	たかはた
高知	こうち
高知大学	こうちだいがく
高知工科大学	こうちこうかだいがく
高石	たかいし
高砂	たかさご
高祖	こうそ
高秀	たかひで
高美	たかみ
高菜	たかな
高萩	たかはぎ
高蔵	たかくら
高藤	たかとう
高虎	たかとら
高行	たかゆき
高見沢	たかみさわ
高谷	こうや
高輪	たかなわ
高辻	たかつじ
高道	たかみち
高遠	こうえん
高部	たかべ
高野	たかの
高野台	こうやだい
高野山	こうやさん
高野山大学	こうやさんだいがく
高野連	こうやれん
高鍋	たかなべ
高間	たかま
高関	たかぜき
高階	こうかい
高雄	たかお
高雅	こうが
高須	たかす
高須賀	たかすが
高鳥	たかとり
高鷲	たかす
高麗川	こまがわ
髪長	かみなが
鬼丸	おにまる
鬼塚	おにづか
鬼太郎	きたろう
鬼山	おにやま
鬼岩	おにいわ
鬼島	おにしま
鬼崎	おにざき
鬼平	おにへい
鬼怒	きど
鬼怒川	きぬがわ
鬼怒川温泉	きぬがわおんせん
鬼怒川線	きぬがわせん
鬼木	おにき
鬼村	おにむら
鬼束	おにつか
鬼柳	おにやなぎ
鬼灯	ほおずき
鬼無里	きなさ
鬼王	おにお
鬼瓦	おにがわら
鬼石	おにいし
鬼頭	きとう
鬼首	おにこうべ
鬼高	おにたか
鬼龍院	きりゅういん
魁皇	かいおう
魎呼	りょうこ
魔子	まこ
魔性	ましょう
魔王	まおう
魚住	うおずみ
魚梁瀬	やなせ
魚沼	うおぬま
魚津	うおづ
魚谷	うおたに
魚釣島	うおつりしま
魯山人	ろさんじん
魯粛	ろしゅく
魯迅	ろじん
鮎原	あゆはら
鮎子	あゆこ
鮎川	あゆかわ
鮎沢	あゆさわ
鮟鱇	あんこう
鮫島	さめしま
鮫川	さめかわ
鮫肌	さめはだ
鮭川	さけかわ
鯉口	こいぐち
鯉淵	こいぶち
鯖江	さばえ
鯨井	くじらい
鯨岡	くじらおか
鯨油	げいゆ
鰍沢	かじかざわ
鰐口	わにぐち
鱒二	ますじ
鳥丸	とりまる
鳥井	とりい
鳥取	とっとり
鳥取大学	とっとりだいがく
鳥取砂丘	とっとりさきゅう
鳥子	とりこ
鳥小屋	とりごや
鳥居前	とりいまえ
鳥屋	とりや
鳥山	とりやま
鳥島	とりしま
鳥嶋	とりしま
鳥栖	とす
鳥沢	とりさわ
鳥浜	とりはま
鳥海	ちょうかい
鳥海山	ちょうかいさん
鳥羽	とば
鳥羽水族館	とばすいぞくかん
鳥羽線	とばせん
鳥谷	とりや
鳥越	とりごえ
鳥飼	とりがい
鳩子	はとこ
鳩山	はとやま
鳩胸	はとむね
鳳凰堂	ほうおうどう
鳳来	ほうらい
鳴尾	なるお
鳴戸	なると
鳴沢	なるさわ
鳴海	なるみ
鳴滝	なるたき
鳴瀬	なるせ
鳴神	なるかみ
鳴門教育大学	なるときょういくだいがく
鳴門海峡	なるとかいきょう
鴇田	ときた
鴈治郎	がんじろう
鴎外	おうがい
鴨下	かもした
鴨宮	かものみや
鴨居	かもい
鴨島	かもしま
鴨川	かもがわ
鴨志田	かもしだ
鴨東線	おうとうせん
鴨池	かもいけ
鴨田	かもだ
鴨長明	かもちょうめい
鴫野	しぎの
鴬谷	うぐいすだに
鴻巣	こうのす
鴻池	こうのいけ
鴻章	こうしょう
鵜山	うやま
鵜川	うかわ
鵜殿	うどの
鵜沼	うぬま
鵜野	うの
鵜飼	うかい
鵠沼	くげぬま
鵡川	むかわ
鶏肋	けいろく
鶯宿	おうしゅく
鶯谷	うぐいすだに
鶴丸	つるまる
鶴久	つるく
鶴城	かくじょう
鶴太郎	つるたろう
鶴子	つるこ
鶴居	つるい
鶴屋	つるや
鶴山	つるやま
鶴岡	つるおか
鶴崎	つるさき
鶴川	つるかわ
鶴巻	つるまき
鶴来	つるぎ
鶴橋	つるはし
鶴沼	つるぬま
鶴瀬	つるせ
鶴田	つるた
鶴舞	つるまい
鶴舞線	つるまいせん
鶴見	つるみ
鶴見大学	つるみだいがく
鶴見緑地	つるみりょくち
鶴見緑地線	つるみりょくちせん
鶴見線	つるみせん
鶴谷	つるや
鶴賀	つるが
鶴野	つるの
鶴間	つるま
鷲塚	わしつか
鷲宮	わしみや
鷲尾	わしお
鷲山	しゅうざん
鷲崎	わしざき
鷲巣	わしず
鷲津	わしづ
鷲田	わしだ
鷲見	わしみ
鷲谷	わしたに
鷹取	たかとり
鷹司	たかつかさ
鷹山	たかやま
鷹島	たかしま
鷹巣	たかのす
鷹木	たかぎ
鷹栖	たかす
鷹狩	たかがり
鷹羽	たかのは
鷹見	たかみ
鷹野	たかの
鷺宮	さぎのみや
鷺巣	さぎす
鷺沢	さぎさわ
鷺沼	さぎぬま
鹿之助	しかのすけ
鹿内	しかない
鹿北	かほく
鹿取	かとり
鹿子	かのこ
鹿屋	かのや
鹿屋体育大学	かのやたいいくだいがく
鹿山	しかやま
鹿島	かしま
鹿島台	かしまだい
鹿嶋	かしま
鹿本	かもと
鹿毛	かげ
鹿沢	しかざわ
鹿沼	かぬま
鹿浜	しかはま
鹿田	しかた
鹿町	しかまち
鹿目	かのめ
鹿角	かづの
鹿谷	しかたに
鹿賀	かが
鹿足	かのあし
鹿追	しかおい
鹿部	しかべ
鹿野	かの
鹿間	しかま
麒麟児	きりんじ
麗乃	れいの
麗奈	れいな
麗子	れいこ
麗水	れいすい
麗美	れいみ
麗華	れいか
麗香	れいか
麝香	じゃこう
麟太郎	りんたろう
麦人	むぎひと
麦田	むぎた
麦秋	ばくしゅう
麦野	むぎの
麻世	まよ
麻丘	あさおか
麻乃	あさの
麻也	まや
麻井	あさい
麻依	まい
麻倉	あさくら
麻原	あさはら
麻友	まゆ
麻央	まお
麻奈	まな
麻奈美	まなみ
麻子	あさこ
麻季	まき
麻実	まみ
麻宮	あさみや
麻布台	あざぶだい
麻布大学	あざぶだいがく
麻帆	まほ
麻希	まき
麻弥	まや
麻有	あゆ
麻木	あさき
麻未	あさみ
麻理	まり
麻理子	まりこ
麻琴	まこと
麻生	あそう
麻田	あさだ
麻由子	まゆこ
麻由美	まゆみ
麻矢	まや
麻知子	まちこ
麻紀	まき
麻紀子	まきこ
麻績	おみ
麻美	あさみ
麻美子	まみこ
麻耶	まや
麻莉	まり
麻菜	まな
麻衣	まい
麻衣子	まいこ
麻貴	まき
麻那	まな
麻里	まり
麻里奈	まりな
麻里子	まりこ
黄川田	きかわた
黄楊	つげ
黄檗	おうばく
黄泉	よみ
黄瀬	きせ
黄砂	こうさ
黄金崎	こがねざき
黄金町	こがねちょう
黄門	こうもん
黎子	れいこ
黒丸	くろまる
黒井	くろい
黒住	くろすみ
黒坂	くろさか
黒埼	くろさき
黒姫	くろひめ
黒尾	くろお
黒岩	くろいわ
黒岳	くろだけ
黒島	くろしま
黒崎	くろさき
黒川	くろかわ
黒松内	くろまつない
黒柳	くろやなぎ
黒森	くろもり
黒江	くろえ
黒沢	くろさわ
黒河	くろかわ
黒沼	くろぬま
黒滝	くろたき
黒澤	くろさわ
黒瀬	くろせ
黒熊	くろくま
黒田	くろだ
黒目	くろめ
黒石	くろいし
黒磯	くろいそ
黒神	くろかみ
黒米	くろごめ
黒羽	くろば
黒谷	くろたに
黒豆	くろまめ
黒部	くろべ
黒部川	くろべがわ
黒野	くろの
黒金	くろがね
黒門	くろもん
黒雲	くろくも
黒須	くろす
鼻毛	はなげ
鼻輪	はなわ
齊藤	さいとう
齋藤	さいとう
龍一	りゅういち
龍三	りゅうぞう
龍之介	りゅうのすけ
龍也	たつや
龍二	りゅうじ
龍五	りゅうご
龍人	たつと
龍介	りゅうすけ
龍作	りゅうさく
龍光	りゅうこう
龍史	りょうじ
龍司	たつじ
龍哉	たつや
龍太	りゅうた
龍太郎	りゅうたろう
龍夫	たつお
龍子	りゅうこ
龍山	たつやま
龍平	りゅうへい
龍彦	たつひこ
龍樹	りゅうじゅ
龍次	りゅうじ
龍泉	りゅうせん
龍王	りゅうおう
龍生	たつお
龍田	たつた
龍男	たつお
龍神	りゅうじん
龍谷大学	りゅうこくだいがく
龍造寺	りゅうぞうじ
龍郷	たつごう
龍野	たつの
龍門	りゅうもん
龍雄	たつお
龍雲	りゅううん
龍飛	たっぴ
龍鳳	りゅうほう
二月	にがつ
三月	さんがつ
四月	しがつ
五月	ごがつ
六月	ろくがつ
七月	しちがつ
八月	はちがつ
九月	くがつ
十月	じゅうがつ
十一月	じゅういちがつ
十二月	じゅうにがつ
二日	ふつか
三日	みっか
四日	よっか
五日	いつか
六日	むいか
七日	なのか
八日	ようか
九日	ここのか
十日	とおか
二十日	はつか
行か	いか
行け	いけ
行こ	いこ
巨乳	きょにゅう
課金	かきん
月島	つきしま
二十歳	はたち
お神酒	おみき
御節	おせち
御年玉	おとしだま
神々しい	こうごうしい
女々しい	めめしい
凛々しい	りりしい
白々しい	しらじらしい
禍々しい	まがまがしい
薄々	うすうす
端々	はしばし
髙橋	たかはし
髙木	たかぎ
数カ月	すうかげつ
数か月	すうかげつ
易々	やすやす
有り難い	ありがたい
阿蘇山	あそさん
白川郷	しらかわごう
諏訪湖	すわこ
遠軽	えんがる
延暦寺	えんりゃくじ
最上川	もがみがわ
御茶ノ水	おちゃのみず
徳之島	とくのしま
二条城	にじょうじょう
永谷園	ながたにえん
千利休	せんのりきゅう
与那国島	よなぐにじま
神津島	こうづしま
芦ノ湖	あしのこ
井の頭線	いのかしらせん
井の頭	いのかしら
井の頭公園	いのかしらこうえん
三軒茶屋	さんげんぢゃや
亘理	わたり
戸畑	とばた
羽幌	はぼろ
阿佐ヶ谷	あさがや
三ノ宮	さんのみや
霞ヶ浦	かすみがうら
鶴ヶ島	つるがしま
鎌ヶ谷	かまがや
由比ヶ浜	ゆいがはま
戦場ヶ原	せんじょうがはら
石ノ森	いしのもり
丸ノ内線	まるのうちせん
中之島	なかのしま
三ツ矢	みつや
昭島	あきしま
戸越	とごし
四ツ谷	よつや
淡島	あわしま
美浦	みほ
酒々井	しすい
御嶽山	おんたけさん
御徒	おかち
音部	おとべ
満島	みつしま
冴島	さえじま
南シナ海	みなみしなかい
東シナ海	ひがししなかい
日本ハム	にっぽんはむ
スナック菓子	すなっくがし
美味い	うまい
手掛ける	てがける
出掛ける	でかける
気に入る	きにいる
相容れない	あいいれない
あっと言う間に	あっというまに
気付く	きづく
近付く	ちかづく
嘲笑う	あざわらう
奥深	おくぶか
颯太	そうた
莉央	りお
奈々美	ななみ
菜々子	ななこ
仗助	じょうすけ
